{
  "models": [
    "EnhancedLSTM",
    "SpatialTransformer",
    "DeepTCN",
    "BiGRU",
    "Ensemble"
  ],
  "results": {
    "EnhancedLSTM": {
      "rmse": 0.07657907158136368,
      "mae": 0.0627758651971817,
      "mape": 29.490392684936523,
      "r2": 0.6802343130111694
    },
    "SpatialTransformer": {
      "rmse": 0.04691535606980324,
      "mae": 0.036061495542526245,
      "mape": 16.190717697143555,
      "r2": 0.8799833059310913
    },
    "DeepTCN": {
      "rmse": 0.10174837708473206,
      "mae": 0.08599235117435455,
      "mape": 40.355224609375,
      "r2": 0.43549644947052
    },
    "BiGRU": {
      "rmse": 0.09765331447124481,
      "mae": 0.08227522671222687,
      "mape": 44.01753234863281,
      "r2": 0.4800211787223816
    },
    "Ensemble": {
      "rmse": 0.07238609343767166,
      "mae": 0.06070133298635483,
      "mape": 29.599031448364258,
      "r2": 0.7142922878265381
    }
  }
}