{
  "EnhancedLSTM": {
    "RMSE": 0.07657907158136368,
    "MAE": 0.0627758651971817,
    "MAPE": 29.490392684936523,
    "R2": 0.6802343130111694,
    "Parameters": 458144
  },
  "SpatialTransformer": {
    "RMSE": 0.04691535606980324,
    "MAE": 0.036061495542526245,
    "MAPE": 16.190717697143555,
    "R2": 0.8799833059310913,
    "Parameters": 908024
  },
  "DeepTCN": {
    "RMSE": 0.10174837708473206,
    "MAE": 0.08599235117435455,
    "MAPE": 40.355224609375,
    "R2": 0.43549644947052,
    "Parameters": 157400
  },
  "BiGRU": {
    "RMSE": 0.09765331447124481,
    "MAE": 0.08227522671222687,
    "MAPE": 44.01753234863281,
    "R2": 0.4800211787223816,
    "Parameters": 1408088
  },
  "Ensemble": {
    "RMSE": 0.07238609343767166,
    "MAE": 0.06070133298635483,
    "MAPE": 29.599031448364258,
    "R2": 0.7142922878265381,
    "Parameters": 2931656
  }
}