timestamp,ghi,direct_horizontal,dhi,dni,temperature,humidity,wind_speed,wind_direction,pressure,cloud_type,cloud_low,cloud_mid,cloud_high,precipitable_water,sunshine_duration,latitude,longitude,year,month,day,hour
2024-01-01 00:00:00,0.0,0.0,0.0,0.0,-0.6,84,4.5,256,1011.7,44,11,38,0,0.0,0.0,41.7658,-72.6734,2024,1,1,0
2024-01-01 01:00:00,0.0,0.0,0.0,0.0,-0.8,83,5.5,259,1011.8,65,33,47,5,0.0,0.0,41.7658,-72.6734,2024,1,1,1
2024-01-01 02:00:00,0.0,0.0,0.0,0.0,-1.1,83,6.4,254,1011.9,99,92,96,70,0.0,0.0,41.7658,-72.6734,2024,1,1,2
2024-01-01 03:00:00,0.0,0.0,0.0,0.0,-0.9,88,5.2,245,1012.2,100,100,97,97,0.0,0.0,41.7658,-72.6734,2024,1,1,3
2024-01-01 04:00:00,0.0,0.0,0.0,0.0,-0.1,87,1.5,104,1012.1,100,100,86,0,0.0,0.0,41.7658,-72.6734,2024,1,1,4
2024-01-01 05:00:00,0.0,0.0,0.0,0.0,-0.1,84,1.3,56,1011.9,100,99,99,0,0.0,0.0,41.7658,-72.6734,2024,1,1,5
2024-01-01 06:00:00,0.0,0.0,0.0,0.0,0.0,83,3.4,58,1011.7,99,98,77,0,0.0,0.0,41.7658,-72.6734,2024,1,1,6
2024-01-01 07:00:00,0.0,0.0,0.0,0.0,-0.7,86,3.6,37,1012.3,82,76,58,8,0.0,0.0,41.7658,-72.6734,2024,1,1,7
2024-01-01 08:00:00,0.0,0.0,0.0,0.0,-0.8,84,6.8,25,1012.8,34,30,9,3,0.0,0.0,41.7658,-72.6734,2024,1,1,8
2024-01-01 09:00:00,17.0,8.0,9.0,121.3,-0.4,88,7.2,3,1012.7,30,28,17,0,0.0,1852.31,41.7658,-72.6734,2024,1,1,9
2024-01-01 10:00:00,121.0,71.0,50.0,416.5,1.6,72,6.1,360,1013.5,33,26,12,0,0.0,3600.0,41.7658,-72.6734,2024,1,1,10
2024-01-01 11:00:00,243.0,163.0,80.0,555.6,2.8,60,5.4,356,1013.8,20,15,6,0,0.0,3600.0,41.7658,-72.6734,2024,1,1,11
2024-01-01 12:00:00,347.0,261.0,86.0,689.3,4.0,56,5.4,356,1013.4,8,3,4,0,0.0,3600.0,41.7658,-72.6734,2024,1,1,12
2024-01-01 13:00:00,397.0,309.0,88.0,735.1,5.1,54,7.9,336,1012.7,51,51,1,0,0.0,3600.0,41.7658,-72.6734,2024,1,1,13
2024-01-01 14:00:00,329.0,208.0,121.0,500.3,5.8,52,10.2,315,1012.1,44,43,4,0,0.0,3600.0,41.7658,-72.6734,2024,1,1,14
2024-01-01 15:00:00,304.0,209.0,95.0,572.5,6.1,51,9.4,302,1012.0,13,10,4,0,0.0,3600.0,41.7658,-72.6734,2024,1,1,15
2024-01-01 16:00:00,235.0,174.0,61.0,640.2,5.6,52,10.3,295,1012.3,18,11,8,0,0.0,3600.0,41.7658,-72.6734,2024,1,1,16
2024-01-01 17:00:00,103.0,65.0,38.0,456.8,3.9,60,7.2,297,1012.8,15,1,14,0,0.0,3600.0,41.7658,-72.6734,2024,1,1,17
2024-01-01 18:00:00,7.0,3.0,4.0,57.3,1.7,66,10.0,308,1013.2,26,0,5,23,0.0,349.59,41.7658,-72.6734,2024,1,1,18
2024-01-01 19:00:00,0.0,0.0,0.0,0.0,0.8,67,9.9,316,1013.5,4,0,4,0,0.0,0.0,41.7658,-72.6734,2024,1,1,19
2024-01-01 20:00:00,0.0,0.0,0.0,0.0,-0.2,70,10.2,328,1014.1,1,0,1,0,0.0,0.0,41.7658,-72.6734,2024,1,1,20
2024-01-01 21:00:00,0.0,0.0,0.0,0.0,-1.4,73,9.0,344,1014.7,0,0,0,0,0.0,0.0,41.7658,-72.6734,2024,1,1,21
2024-01-01 22:00:00,0.0,0.0,0.0,0.0,-2.5,77,9.1,353,1015.0,0,0,0,0,0.0,0.0,41.7658,-72.6734,2024,1,1,22
2024-01-01 23:00:00,0.0,0.0,0.0,0.0,-3.3,79,8.3,360,1015.1,0,0,0,0,0.0,0.0,41.7658,-72.6734,2024,1,1,23
2024-01-02 00:00:00,0.0,0.0,0.0,0.0,-3.8,81,7.6,360,1015.1,0,0,0,0,0.0,0.0,41.7658,-72.6734,2024,1,2,0
2024-01-02 01:00:00,0.0,0.0,0.0,0.0,-4.1,83,7.2,6,1015.0,0,0,0,0,0.0,0.0,41.7658,-72.6734,2024,1,2,1
2024-01-02 02:00:00,0.0,0.0,0.0,0.0,-4.1,83,6.5,354,1014.8,0,0,0,0,0.0,0.0,41.7658,-72.6734,2024,1,2,2
2024-01-02 03:00:00,0.0,0.0,0.0,0.0,-4.1,82,7.3,349,1015.0,0,0,0,0,0.0,0.0,41.7658,-72.6734,2024,1,2,3
2024-01-02 04:00:00,0.0,0.0,0.0,0.0,-4.1,81,7.5,343,1015.1,0,0,0,0,0.0,0.0,41.7658,-72.6734,2024,1,2,4
2024-01-02 05:00:00,0.0,0.0,0.0,0.0,-4.3,79,7.4,337,1014.9,0,0,0,0,0.0,0.0,41.7658,-72.6734,2024,1,2,5
2024-01-02 06:00:00,0.0,0.0,0.0,0.0,-4.3,76,6.3,336,1014.9,0,0,0,0,0.0,0.0,41.7658,-72.6734,2024,1,2,6
2024-01-02 07:00:00,0.0,0.0,0.0,0.0,-4.4,74,5.7,325,1015.0,0,0,0,0,0.0,0.0,41.7658,-72.6734,2024,1,2,7
2024-01-02 08:00:00,0.0,0.0,0.0,0.0,-4.5,74,4.6,315,1015.3,0,0,0,0,0.0,0.0,41.7658,-72.6734,2024,1,2,8
2024-01-02 09:00:00,18.0,10.0,8.0,151.7,-4.0,75,6.2,353,1015.3,1,1,0,0,0.0,2208.2,41.7658,-72.6734,2024,1,2,9
2024-01-02 10:00:00,137.0,98.0,39.0,574.7,-2.3,65,4.0,5,1015.3,1,1,0,0,0.0,3600.0,41.7658,-72.6734,2024,1,2,10
2024-01-02 11:00:00,271.0,215.0,56.0,731.7,-0.6,61,2.7,23,1015.1,1,1,0,0,0.0,3600.0,41.7658,-72.6734,2024,1,2,11
2024-01-02 12:00:00,371.0,307.0,64.0,809.1,1.3,58,2.8,310,1014.2,0,0,0,0,0.0,3600.0,41.7658,-72.6734,2024,1,2,12
2024-01-02 13:00:00,420.0,353.0,67.0,837.3,3.0,55,2.6,286,1013.3,0,0,0,0,0.0,3600.0,41.7658,-72.6734,2024,1,2,13
2024-01-02 14:00:00,412.0,346.0,66.0,829.1,4.3,52,2.7,293,1012.1,0,0,0,0,0.0,3600.0,41.7658,-72.6734,2024,1,2,14
2024-01-02 15:00:00,351.0,289.0,62.0,787.5,5.1,50,3.0,284,1011.3,0,0,0,0,0.0,3600.0,41.7658,-72.6734,2024,1,2,15
2024-01-02 16:00:00,245.0,192.0,53.0,700.7,5.2,51,3.6,276,1011.1,0,0,0,0,0.0,3600.0,41.7658,-72.6734,2024,1,2,16
2024-01-02 17:00:00,109.0,74.0,35.0,511.5,4.0,60,4.4,235,1011.1,0,0,0,0,0.0,3600.0,41.7658,-72.6734,2024,1,2,17
2024-01-02 18:00:00,8.0,4.0,4.0,76.4,1.6,67,6.5,264,1011.1,0,0,0,0,0.0,688.3,41.7658,-72.6734,2024,1,2,18
2024-01-02 19:00:00,0.0,0.0,0.0,0.0,0.3,71,9.4,277,1011.2,0,0,0,0,0.0,0.0,41.7658,-72.6734,2024,1,2,19
2024-01-02 20:00:00,0.0,0.0,0.0,0.0,-0.9,76,8.3,270,1011.2,0,0,0,0,0.0,0.0,41.7658,-72.6734,2024,1,2,20
2024-01-02 21:00:00,0.0,0.0,0.0,0.0,-1.8,78,6.2,263,1011.6,0,0,0,0,0.0,0.0,41.7658,-72.6734,2024,1,2,21
2024-01-02 22:00:00,0.0,0.0,0.0,0.0,-2.1,80,5.9,256,1011.5,0,0,0,0,0.0,0.0,41.7658,-72.6734,2024,1,2,22
2024-01-02 23:00:00,0.0,0.0,0.0,0.0,-2.1,79,4.9,253,1011.5,0,0,0,0,0.0,0.0,41.7658,-72.6734,2024,1,2,23
2024-01-03 00:00:00,0.0,0.0,0.0,0.0,-2.2,80,3.3,229,1011.4,0,0,0,0,0.0,0.0,41.7658,-72.6734,2024,1,3,0
2024-01-03 01:00:00,0.0,0.0,0.0,0.0,-2.2,80,3.9,236,1011.1,0,0,0,0,0.0,0.0,41.7658,-72.6734,2024,1,3,1
2024-01-03 02:00:00,0.0,0.0,0.0,0.0,-1.8,77,6.0,253,1011.0,73,0,0,73,0.0,0.0,41.7658,-72.6734,2024,1,3,2
2024-01-03 03:00:00,0.0,0.0,0.0,0.0,-2.0,79,3.7,241,1011.0,36,0,0,36,0.0,0.0,41.7658,-72.6734,2024,1,3,3
2024-01-03 04:00:00,0.0,0.0,0.0,0.0,-1.8,78,5.4,250,1010.9,98,0,0,98,0.0,0.0,41.7658,-72.6734,2024,1,3,4
2024-01-03 05:00:00,0.0,0.0,0.0,0.0,-1.9,79,5.4,266,1010.8,98,0,0,98,0.0,0.0,41.7658,-72.6734,2024,1,3,5
2024-01-03 06:00:00,0.0,0.0,0.0,0.0,-1.6,78,5.8,274,1011.0,98,1,43,97,0.0,0.0,41.7658,-72.6734,2024,1,3,6
2024-01-03 07:00:00,0.0,0.0,0.0,0.0,-2.0,81,4.0,270,1011.2,88,1,33,87,0.0,0.0,41.7658,-72.6734,2024,1,3,7
2024-01-03 08:00:00,0.0,0.0,0.0,0.0,-1.6,80,4.4,261,1011.5,95,2,80,89,0.0,0.0,41.7658,-72.6734,2024,1,3,8
2024-01-03 09:00:00,14.0,3.0,11.0,45.5,-0.7,80,6.2,291,1012.0,70,2,61,35,0.0,3.69,41.7658,-72.6734,2024,1,3,9
2024-01-03 10:00:00,116.0,57.0,59.0,333.9,1.3,71,3.2,243,1012.6,2,2,0,0,0.0,3600.0,41.7658,-72.6734,2024,1,3,10
2024-01-03 11:00:00,261.0,198.0,63.0,672.6,3.1,63,3.3,319,1012.7,4,3,0,0,0.0,3600.0,41.7658,-72.6734,2024,1,3,11
2024-01-03 12:00:00,349.0,269.0,80.0,707.2,4.9,56,7.4,321,1012.0,89,89,1,0,0.0,3600.0,41.7658,-72.6734,2024,1,3,12
2024-01-03 13:00:00,352.0,216.0,136.0,510.7,6.5,53,8.7,308,1010.7,64,64,0,0,0.0,3600.0,41.7658,-72.6734,2024,1,3,13
2024-01-03 14:00:00,351.0,204.0,147.0,486.8,6.7,52,8.6,292,1009.9,37,37,0,0,0.0,3600.0,41.7658,-72.6734,2024,1,3,14
2024-01-03 15:00:00,330.0,239.0,91.0,647.7,6.8,52,9.1,279,1009.7,82,82,0,0,0.0,3600.0,41.7658,-72.6734,2024,1,3,15
2024-01-03 16:00:00,197.0,98.0,99.0,354.7,6.1,56,7.4,284,1009.9,54,54,0,0,0.0,3600.0,41.7658,-72.6734,2024,1,3,16
2024-01-03 17:00:00,85.0,36.0,49.0,244.6,4.0,65,8.1,291,1010.1,33,33,0,0,0.0,3600.0,41.7658,-72.6734,2024,1,3,17
2024-01-03 18:00:00,7.0,2.0,5.0,37.8,2.0,72,9.8,294,1010.0,3,3,0,0,0.0,0.0,41.7658,-72.6734,2024,1,3,18
2024-01-03 19:00:00,0.0,0.0,0.0,0.0,0.4,79,9.0,272,1010.9,15,15,0,0,0.0,0.0,41.7658,-72.6734,2024,1,3,19
2024-01-03 20:00:00,0.0,0.0,0.0,0.0,-0.4,81,6.5,273,1011.4,42,16,0,31,0.0,0.0,41.7658,-72.6734,2024,1,3,20
2024-01-03 21:00:00,0.0,0.0,0.0,0.0,-0.3,80,6.4,254,1011.7,36,5,1,33,0.0,0.0,41.7658,-72.6734,2024,1,3,21
2024-01-03 22:00:00,0.0,0.0,0.0,0.0,-1.2,85,4.1,232,1011.2,99,5,3,99,0.0,0.0,41.7658,-72.6734,2024,1,3,22
2024-01-03 23:00:00,0.0,0.0,0.0,0.0,-1.8,88,4.0,207,1010.9,100,13,4,100,0.0,0.0,41.7658,-72.6734,2024,1,3,23
2024-01-04 00:00:00,0.0,0.0,0.0,0.0,-2.0,89,5.4,200,1010.7,100,16,21,100,0.0,0.0,41.7658,-72.6734,2024,1,4,0
2024-01-04 01:00:00,0.0,0.0,0.0,0.0,-2.0,89,7.3,200,1010.9,100,15,70,100,0.0,0.0,41.7658,-72.6734,2024,1,4,1
2024-01-04 02:00:00,0.0,0.0,0.0,0.0,-1.7,88,6.0,213,1010.8,100,28,98,100,0.0,0.0,41.7658,-72.6734,2024,1,4,2
2024-01-04 03:00:00,0.0,0.0,0.0,0.0,-1.3,86,5.2,214,1010.4,100,22,98,100,0.0,0.0,41.7658,-72.6734,2024,1,4,3
2024-01-04 04:00:00,0.0,0.0,0.0,0.0,-1.2,85,3.5,204,1010.0,100,7,100,100,0.0,0.0,41.7658,-72.6734,2024,1,4,4
2024-01-04 05:00:00,0.0,0.0,0.0,0.0,-1.1,85,3.1,201,1009.3,100,25,100,100,0.0,0.0,41.7658,-72.6734,2024,1,4,5
2024-01-04 06:00:00,0.0,0.0,0.0,0.0,-1.0,85,6.0,197,1009.5,100,67,100,100,0.0,0.0,41.7658,-72.6734,2024,1,4,6
2024-01-04 07:00:00,0.0,0.0,0.0,0.0,-0.6,88,2.4,243,1008.7,100,3,100,100,0.2,0.0,41.7658,-72.6734,2024,1,4,7
2024-01-04 08:00:00,0.0,0.0,0.0,0.0,-0.8,87,4.8,167,1008.7,100,0,100,100,0.2,0.0,41.7658,-72.6734,2024,1,4,8
2024-01-04 09:00:00,9.0,0.0,9.0,0.0,-0.1,84,5.4,200,1009.2,100,0,97,100,0.0,0.0,41.7658,-72.6734,2024,1,4,9
2024-01-04 10:00:00,84.0,11.0,73.0,64.3,1.4,78,5.6,195,1009.7,100,0,59,100,0.0,129.54,41.7658,-72.6734,2024,1,4,10
2024-01-04 11:00:00,213.0,91.0,122.0,308.4,3.2,68,4.4,215,1009.9,16,0,15,1,0.0,3600.0,41.7658,-72.6734,2024,1,4,11
2024-01-04 12:00:00,358.0,276.0,82.0,723.6,4.9,60,4.3,270,1009.5,24,14,12,0,0.0,3600.0,41.7658,-72.6734,2024,1,4,12
2024-01-04 13:00:00,380.0,293.0,87.0,690.4,6.2,51,15.8,317,1008.6,46,42,15,0,0.0,3600.0,41.7658,-72.6734,2024,1,4,13
2024-01-04 14:00:00,353.0,246.0,107.0,584.5,6.2,51,19.1,319,1008.2,39,22,30,0,0.0,3600.0,41.7658,-72.6734,2024,1,4,14
2024-01-04 15:00:00,312.0,224.0,88.0,603.5,5.9,51,19.7,325,1008.5,19,18,2,0,0.0,3600.0,41.7658,-72.6734,2024,1,4,15
2024-01-04 16:00:00,235.0,168.0,67.0,602.8,5.1,53,19.3,327,1009.0,75,74,3,0,0.0,3600.0,41.7658,-72.6734,2024,1,4,16
2024-01-04 17:00:00,91.0,45.0,46.0,300.6,3.9,49,18.2,326,1010.1,32,32,1,0,0.0,3600.0,41.7658,-72.6734,2024,1,4,17
2024-01-04 18:00:00,9.0,4.0,5.0,73.7,2.0,47,17.1,330,1011.7,6,5,1,0,0.0,629.73,41.7658,-72.6734,2024,1,4,18
2024-01-04 19:00:00,0.0,0.0,0.0,0.0,0.6,45,16.9,333,1013.0,0,0,0,0,0.0,0.0,41.7658,-72.6734,2024,1,4,19
2024-01-04 20:00:00,0.0,0.0,0.0,0.0,-0.8,41,17.2,340,1014.2,0,0,0,0,0.0,0.0,41.7658,-72.6734,2024,1,4,20
2024-01-04 21:00:00,0.0,0.0,0.0,0.0,-1.6,46,15.9,332,1014.8,0,0,0,0,0.0,0.0,41.7658,-72.6734,2024,1,4,21
2024-01-04 22:00:00,0.0,0.0,0.0,0.0,-2.9,50,15.3,333,1015.9,0,0,0,0,0.0,0.0,41.7658,-72.6734,2024,1,4,22
2024-01-04 23:00:00,0.0,0.0,0.0,0.0,-3.9,51,14.2,336,1016.7,0,0,0,0,0.0,0.0,41.7658,-72.6734,2024,1,4,23
2024-01-05 00:00:00,0.0,0.0,0.0,0.0,-4.6,51,13.7,337,1017.4,0,0,0,0,0.0,0.0,41.7658,-72.6734,2024,1,5,0
2024-01-05 01:00:00,0.0,0.0,0.0,0.0,-5.0,51,12.9,337,1017.8,0,0,0,0,0.0,0.0,41.7658,-72.6734,2024,1,5,1
2024-01-05 02:00:00,0.0,0.0,0.0,0.0,-5.5,52,11.6,344,1018.0,0,0,0,0,0.0,0.0,41.7658,-72.6734,2024,1,5,2
2024-01-05 03:00:00,0.0,0.0,0.0,0.0,-5.7,53,10.4,340,1018.6,0,0,0,0,0.0,0.0,41.7658,-72.6734,2024,1,5,3
2024-01-05 04:00:00,0.0,0.0,0.0,0.0,-5.8,53,10.0,334,1019.3,13,0,0,13,0.0,0.0,41.7658,-72.6734,2024,1,5,4
2024-01-05 05:00:00,0.0,0.0,0.0,0.0,-5.9,53,10.5,333,1019.4,47,0,0,47,0.0,0.0,41.7658,-72.6734,2024,1,5,5
2024-01-05 06:00:00,0.0,0.0,0.0,0.0,-5.8,52,11.8,329,1019.4,60,0,0,60,0.0,0.0,41.7658,-72.6734,2024,1,5,6
2024-01-05 07:00:00,0.0,0.0,0.0,0.0,-5.7,53,12.9,324,1019.9,40,1,0,40,0.0,0.0,41.7658,-72.6734,2024,1,5,7
2024-01-05 08:00:00,0.0,0.0,0.0,0.0,-5.7,55,13.4,324,1020.5,0,0,0,0,0.0,0.0,41.7658,-72.6734,2024,1,5,8
2024-01-05 09:00:00,19.0,10.0,9.0,151.0,-5.0,56,12.4,324,1021.1,0,0,0,0,0.0,2205.47,41.7658,-72.6734,2024,1,5,9
2024-01-05 10:00:00,141.0,100.0,41.0,583.3,-3.6,51,9.2,329,1021.5,23,23,0,0,0.0,3600.0,41.7658,-72.6734,2024,1,5,10
2024-01-05 11:00:00,277.0,220.0,57.0,743.7,-1.9,47,9.4,313,1021.3,1,1,0,0,0.0,3600.0,41.7658,-72.6734,2024,1,5,11
2024-01-05 12:00:00,378.0,312.0,66.0,815.4,-0.2,45,11.8,301,1020.5,1,1,0,0,0.0,3600.0,41.7658,-72.6734,2024,1,5,12
2024-01-05 13:00:00,429.0,360.0,69.0,845.2,1.0,44,17.9,310,1019.0,26,26,0,0,0.0,3600.0,41.7658,-72.6734,2024,1,5,13
2024-01-05 14:00:00,405.0,311.0,94.0,735.6,1.9,43,15.9,303,1018.4,20,20,0,0,0.0,3600.0,41.7658,-72.6734,2024,1,5,14
2024-01-05 15:00:00,360.0,288.0,72.0,771.3,1.7,44,13.0,298,1018.1,2,2,0,0,0.0,3600.0,41.7658,-72.6734,2024,1,5,15
2024-01-05 16:00:00,249.0,186.0,63.0,661.5,1.5,47,10.7,290,1017.9,1,1,0,0,0.0,3600.0,41.7658,-72.6734,2024,1,5,16
2024-01-05 17:00:00,117.0,80.0,37.0,525.2,0.1,60,4.6,252,1017.7,0,0,0,0,0.0,3600.0,41.7658,-72.6734,2024,1,5,17
2024-01-05 18:00:00,10.0,5.0,5.0,89.9,-1.0,60,6.9,231,1017.7,8,0,0,8,0.0,964.31,41.7658,-72.6734,2024,1,5,18
2024-01-05 19:00:00,0.0,0.0,0.0,0.0,-1.7,63,8.9,230,1018.1,83,0,0,83,0.0,0.0,41.7658,-72.6734,2024,1,5,19
2024-01-05 20:00:00,0.0,0.0,0.0,0.0,-2.4,67,7.6,225,1018.5,98,0,0,98,0.0,0.0,41.7658,-72.6734,2024,1,5,20
2024-01-05 21:00:00,0.0,0.0,0.0,0.0,-2.8,74,6.0,253,1019.4,100,0,0,100,0.0,0.0,41.7658,-72.6734,2024,1,5,21
2024-01-05 22:00:00,0.0,0.0,0.0,0.0,-3.1,76,6.7,254,1019.1,34,0,0,34,0.0,0.0,41.7658,-72.6734,2024,1,5,22
2024-01-05 23:00:00,0.0,0.0,0.0,0.0,-3.7,80,3.6,233,1018.8,24,0,1,24,0.0,0.0,41.7658,-72.6734,2024,1,5,23
2024-01-06 00:00:00,0.0,0.0,0.0,0.0,-3.8,81,5.8,240,1019.2,1,0,0,1,0.0,0.0,41.7658,-72.6734,2024,1,6,0
2024-01-06 01:00:00,0.0,0.0,0.0,0.0,-4.1,84,5.4,270,1018.8,0,0,0,0,0.0,0.0,41.7658,-72.6734,2024,1,6,1
2024-01-06 02:00:00,0.0,0.0,0.0,0.0,-4.3,85,4.3,265,1018.4,5,0,0,5,0.0,0.0,41.7658,-72.6734,2024,1,6,2
2024-01-06 03:00:00,0.0,0.0,0.0,0.0,-4.1,82,3.6,225,1018.9,30,0,0,30,0.0,0.0,41.7658,-72.6734,2024,1,6,3
2024-01-06 04:00:00,0.0,0.0,0.0,0.0,-4.1,81,6.6,221,1019.6,17,0,0,17,0.0,0.0,41.7658,-72.6734,2024,1,6,4
2024-01-06 05:00:00,0.0,0.0,0.0,0.0,-4.5,86,4.5,209,1019.1,81,0,0,81,0.0,0.0,41.7658,-72.6734,2024,1,6,5
2024-01-06 06:00:00,0.0,0.0,0.0,0.0,-4.1,81,2.2,90,1018.7,100,0,0,100,0.0,0.0,41.7658,-72.6734,2024,1,6,6
2024-01-06 07:00:00,0.0,0.0,0.0,0.0,-4.2,84,1.5,166,1019.3,100,0,0,100,0.0,0.0,41.7658,-72.6734,2024,1,6,7
2024-01-06 08:00:00,0.0,0.0,0.0,0.0,-3.8,82,2.5,8,1020.0,100,0,14,100,0.0,0.0,41.7658,-72.6734,2024,1,6,8
2024-01-06 09:00:00,17.0,5.0,12.0,75.3,-3.4,84,3.0,76,1019.4,100,0,74,100,0.0,729.36,41.7658,-72.6734,2024,1,6,9
2024-01-06 10:00:00,110.0,44.0,66.0,255.9,-1.3,71,1.4,180,1020.1,100,0,58,100,0.0,3600.0,41.7658,-72.6734,2024,1,6,10
2024-01-06 11:00:00,181.0,38.0,143.0,128.1,0.2,64,2.0,45,1019.8,100,0,93,100,0.0,2042.13,41.7658,-72.6734,2024,1,6,11
2024-01-06 12:00:00,188.0,14.0,174.0,36.5,1.1,59,4.7,58,1018.6,100,0,97,100,0.0,0.0,41.7658,-72.6734,2024,1,6,12
2024-01-06 13:00:00,203.0,17.0,186.0,39.8,1.9,56,6.3,77,1017.2,100,0,100,100,0.0,0.0,41.7658,-72.6734,2024,1,6,13
2024-01-06 14:00:00,175.0,5.0,170.0,11.8,2.4,53,5.0,111,1017.0,100,0,100,100,0.0,0.0,41.7658,-72.6734,2024,1,6,14
2024-01-06 15:00:00,160.0,7.0,153.0,18.6,2.6,52,8.4,115,1015.5,100,0,100,100,0.0,0.0,41.7658,-72.6734,2024,1,6,15
2024-01-06 16:00:00,144.0,25.0,119.0,88.1,2.6,52,9.2,121,1015.2,100,0,100,100,0.0,843.46,41.7658,-72.6734,2024,1,6,16
2024-01-06 17:00:00,53.0,2.0,51.0,12.9,2.0,55,8.8,99,1014.3,100,0,100,100,0.0,0.0,41.7658,-72.6734,2024,1,6,17
2024-01-06 18:00:00,7.0,0.0,7.0,0.0,0.9,59,9.5,101,1014.2,100,1,100,100,0.0,0.0,41.7658,-72.6734,2024,1,6,18
2024-01-06 19:00:00,0.0,0.0,0.0,0.0,0.7,62,11.2,96,1013.5,100,4,100,100,0.0,0.0,41.7658,-72.6734,2024,1,6,19
2024-01-06 20:00:00,0.0,0.0,0.0,0.0,0.3,68,12.2,92,1012.8,100,37,100,100,0.2,0.0,41.7658,-72.6734,2024,1,6,20
2024-01-06 21:00:00,0.0,0.0,0.0,0.0,-0.5,75,13.2,73,1010.7,100,85,100,100,0.4,0.0,41.7658,-72.6734,2024,1,6,21
2024-01-06 22:00:00,0.0,0.0,0.0,0.0,-0.3,79,15.4,69,1008.6,100,96,100,100,0.7,0.0,41.7658,-72.6734,2024,1,6,22
2024-01-06 23:00:00,0.0,0.0,0.0,0.0,0.1,82,13.5,61,1007.3,100,84,100,100,1.3,0.0,41.7658,-72.6734,2024,1,6,23
2024-01-07 00:00:00,0.0,0.0,0.0,0.0,0.4,85,14.4,58,1006.0,100,63,100,100,1.8,0.0,41.7658,-72.6734,2024,1,7,0
2024-01-07 01:00:00,0.0,0.0,0.0,0.0,0.8,84,14.3,62,1004.9,100,99,100,100,0.5,0.0,41.7658,-72.6734,2024,1,7,1
2024-01-07 02:00:00,0.0,0.0,0.0,0.0,1.2,85,14.9,58,1004.5,100,98,100,100,0.5,0.0,41.7658,-72.6734,2024,1,7,2
2024-01-07 03:00:00,0.0,0.0,0.0,0.0,1.5,86,14.3,51,1004.1,100,76,100,0,0.8,0.0,41.7658,-72.6734,2024,1,7,3
2024-01-07 04:00:00,0.0,0.0,0.0,0.0,1.5,89,15.3,51,1003.2,100,100,100,0,0.9,0.0,41.7658,-72.6734,2024,1,7,4
2024-01-07 05:00:00,0.0,0.0,0.0,0.0,1.3,93,13.8,41,1002.3,100,100,100,0,0.7,0.0,41.7658,-72.6734,2024,1,7,5
2024-01-07 06:00:00,0.0,0.0,0.0,0.0,1.4,93,13.8,33,1001.3,100,100,100,0,0.3,0.0,41.7658,-72.6734,2024,1,7,6
2024-01-07 07:00:00,0.0,0.0,0.0,0.0,1.7,90,13.5,29,1000.6,100,100,100,0,0.0,0.0,41.7658,-72.6734,2024,1,7,7
2024-01-07 08:00:00,0.0,0.0,0.0,0.0,1.5,92,13.0,14,999.9,100,100,100,0,0.2,0.0,41.7658,-72.6734,2024,1,7,8
2024-01-07 09:00:00,2.0,0.0,2.0,0.0,0.6,93,14.2,7,1000.4,100,100,100,0,0.4,0.0,41.7658,-72.6734,2024,1,7,9
2024-01-07 10:00:00,15.0,0.0,15.0,0.0,0.7,92,14.4,1,999.7,100,100,100,0,0.8,0.0,41.7658,-72.6734,2024,1,7,10
2024-01-07 11:00:00,38.0,0.0,38.0,0.0,-0.7,90,17.0,356,999.2,100,100,100,0,1.2,0.0,41.7658,-72.6734,2024,1,7,11
2024-01-07 12:00:00,48.0,0.0,48.0,0.0,-2.0,90,19.8,357,998.4,100,100,100,43,1.2,0.0,41.7658,-72.6734,2024,1,7,12
2024-01-07 13:00:00,66.0,0.0,66.0,0.0,-1.8,88,18.8,355,997.4,100,100,100,100,1.1,0.0,41.7658,-72.6734,2024,1,7,13
2024-01-07 14:00:00,46.0,0.0,46.0,0.0,-2.9,87,21.5,351,997.9,100,100,100,100,1.5,0.0,41.7658,-72.6734,2024,1,7,14
2024-01-07 15:00:00,54.0,0.0,54.0,0.0,-3.1,84,20.4,343,999.0,100,100,100,100,1.5,0.0,41.7658,-72.6734,2024,1,7,15
2024-01-07 16:00:00,57.0,0.0,57.0,0.0,-3.1,83,19.9,356,999.7,100,100,100,100,1.0,0.0,41.7658,-72.6734,2024,1,7,16
2024-01-07 17:00:00,38.0,0.0,38.0,0.0,-3.0,82,15.3,351,1000.8,100,100,100,100,0.4,0.0,41.7658,-72.6734,2024,1,7,17
2024-01-07 18:00:00,3.0,0.0,3.0,0.0,-3.1,83,14.7,349,1002.0,100,100,100,85,0.3,0.0,41.7658,-72.6734,2024,1,7,18
2024-01-07 19:00:00,0.0,0.0,0.0,0.0,-3.2,84,11.9,346,1003.4,100,100,100,2,0.3,0.0,41.7658,-72.6734,2024,1,7,19
2024-01-07 20:00:00,0.0,0.0,0.0,0.0,-3.1,82,12.0,353,1005.2,100,100,100,0,0.1,0.0,41.7658,-72.6734,2024,1,7,20
2024-01-07 21:00:00,0.0,0.0,0.0,0.0,-2.5,80,10.8,4,1006.3,100,100,99,0,0.0,0.0,41.7658,-72.6734,2024,1,7,21
2024-01-07 22:00:00,0.0,0.0,0.0,0.0,-3.4,85,5.4,8,1007.3,100,100,99,0,0.0,0.0,41.7658,-72.6734,2024,1,7,22
2024-01-07 23:00:00,0.0,0.0,0.0,0.0,-4.1,90,5.4,318,1008.3,100,93,96,0,0.1,0.0,41.7658,-72.6734,2024,1,7,23
2024-01-08 00:00:00,0.0,0.0,0.0,0.0,-3.3,89,4.1,255,1008.9,80,80,5,0,0.0,0.0,41.7658,-72.6734,2024,1,8,0
2024-01-08 01:00:00,0.0,0.0,0.0,0.0,-4.7,88,8.1,291,1009.9,30,28,0,3,0.0,0.0,41.7658,-72.6734,2024,1,8,1
2024-01-08 02:00:00,0.0,0.0,0.0,0.0,-3.0,80,12.8,308,1011.4,26,26,1,0,0.0,0.0,41.7658,-72.6734,2024,1,8,2
2024-01-08 03:00:00,0.0,0.0,0.0,0.0,-3.7,79,10.2,315,1013.0,15,15,1,0,0.0,0.0,41.7658,-72.6734,2024,1,8,3
2024-01-08 04:00:00,0.0,0.0,0.0,0.0,-5.0,81,7.9,321,1014.3,8,5,3,0,0.0,0.0,41.7658,-72.6734,2024,1,8,4
2024-01-08 05:00:00,0.0,0.0,0.0,0.0,-6.2,81,8.7,315,1015.1,8,7,1,0,0.0,0.0,41.7658,-72.6734,2024,1,8,5
2024-01-08 06:00:00,0.0,0.0,0.0,0.0,-5.8,78,8.9,317,1016.4,31,25,5,8,0.0,0.0,41.7658,-72.6734,2024,1,8,6
2024-01-08 07:00:00,0.0,0.0,0.0,0.0,-5.9,78,9.4,317,1017.4,3,3,0,0,0.0,0.0,41.7658,-72.6734,2024,1,8,7
2024-01-08 08:00:00,0.0,0.0,0.0,0.0,-7.1,82,7.7,311,1018.8,2,2,0,0,0.0,0.0,41.7658,-72.6734,2024,1,8,8
2024-01-08 09:00:00,19.0,10.0,9.0,149.2,-6.9,80,9.8,343,1020.6,0,0,0,0,0.0,2223.74,41.7658,-72.6734,2024,1,8,9
2024-01-08 10:00:00,143.0,97.0,46.0,559.6,-5.1,78,11.6,344,1021.5,0,0,0,0,0.0,3600.0,41.7658,-72.6734,2024,1,8,10
2024-01-08 11:00:00,285.0,220.0,65.0,736.2,-1.0,64,10.0,322,1022.4,0,0,0,0,0.0,3600.0,41.7658,-72.6734,2024,1,8,11
2024-01-08 12:00:00,393.0,317.0,76.0,819.6,0.2,59,13.2,317,1022.9,0,0,0,0,0.0,3600.0,41.7658,-72.6734,2024,1,8,12
2024-01-08 13:00:00,448.0,368.0,80.0,853.4,1.0,58,11.2,318,1022.6,0,0,0,0,0.0,3600.0,41.7658,-72.6734,2024,1,8,13
2024-01-08 14:00:00,447.0,368.0,79.0,857.5,1.9,56,9.6,304,1023.1,0,0,0,0,0.0,3600.0,41.7658,-72.6734,2024,1,8,14
2024-01-08 15:00:00,386.0,313.0,73.0,822.3,2.2,57,9.4,302,1023.6,0,0,0,0,0.0,3600.0,41.7658,-72.6734,2024,1,8,15
2024-01-08 16:00:00,274.0,212.0,62.0,733.4,1.9,61,7.1,315,1023.9,5,1,0,4,0.0,3600.0,41.7658,-72.6734,2024,1,8,16
2024-01-08 17:00:00,130.0,87.0,43.0,541.6,-1.2,71,10.6,325,1024.6,0,0,0,0,0.0,3600.0,41.7658,-72.6734,2024,1,8,17
2024-01-08 18:00:00,13.0,6.0,7.0,100.0,0.3,67,7.4,317,1025.1,7,0,0,7,0.0,1230.74,41.7658,-72.6734,2024,1,8,18
2024-01-08 19:00:00,0.0,0.0,0.0,0.0,-4.1,82,10.2,278,1025.9,0,0,0,0,0.0,0.0,41.7658,-72.6734,2024,1,8,19
2024-01-08 20:00:00,0.0,0.0,0.0,0.0,-7.9,92,12.3,249,1026.6,56,0,0,56,0.0,0.0,41.7658,-72.6734,2024,1,8,20
2024-01-08 21:00:00,0.0,0.0,0.0,0.0,-6.5,90,13.2,281,1027.0,4,0,0,4,0.0,0.0,41.7658,-72.6734,2024,1,8,21
2024-01-08 22:00:00,0.0,0.0,0.0,0.0,-3.8,89,6.9,279,1026.7,0,0,0,0,0.0,0.0,41.7658,-72.6734,2024,1,8,22
2024-01-08 23:00:00,0.0,0.0,0.0,0.0,-4.3,93,3.6,225,1026.5,30,0,0,30,0.0,0.0,41.7658,-72.6734,2024,1,8,23
2024-01-09 00:00:00,0.0,0.0,0.0,0.0,-5.4,98,2.1,59,1026.4,98,98,0,0,0.0,0.0,41.7658,-72.6734,2024,1,9,0
2024-01-09 01:00:00,0.0,0.0,0.0,0.0,-6.5,97,2.1,329,1026.3,99,99,0,13,0.0,0.0,41.7658,-72.6734,2024,1,9,1
2024-01-09 02:00:00,0.0,0.0,0.0,0.0,-8.0,95,4.0,270,1026.4,91,88,0,30,0.0,0.0,41.7658,-72.6734,2024,1,9,2
2024-01-09 03:00:00,0.0,0.0,0.0,0.0,-9.4,94,3.6,217,1027.6,99,96,0,70,0.0,0.0,41.7658,-72.6734,2024,1,9,3
2024-01-09 04:00:00,0.0,0.0,0.0,0.0,-9.7,95,4.8,77,1027.1,100,100,7,87,0.0,0.0,41.7658,-72.6734,2024,1,9,4
2024-01-09 05:00:00,0.0,0.0,0.0,0.0,-9.5,95,4.7,32,1026.4,100,97,7,100,0.0,0.0,41.7658,-72.6734,2024,1,9,5
2024-01-09 06:00:00,0.0,0.0,0.0,0.0,-10.4,93,4.4,9,1025.9,100,100,8,100,0.0,0.0,41.7658,-72.6734,2024,1,9,6
2024-01-09 07:00:00,0.0,0.0,0.0,0.0,-10.3,91,4.5,346,1027.5,100,100,100,100,0.0,0.0,41.7658,-72.6734,2024,1,9,7
2024-01-09 08:00:00,0.0,0.0,0.0,0.0,-9.8,90,6.9,28,1026.1,100,97,47,100,0.0,0.0,41.7658,-72.6734,2024,1,9,8
2024-01-09 09:00:00,9.0,0.0,9.0,0.0,-8.7,94,4.8,13,1025.6,100,98,64,100,0.0,0.0,41.7658,-72.6734,2024,1,9,9
2024-01-09 10:00:00,55.0,0.0,55.0,0.0,-7.3,89,3.3,354,1025.0,100,89,92,100,0.0,0.0,41.7658,-72.6734,2024,1,9,10
2024-01-09 11:00:00,122.0,2.0,120.0,6.7,-4.9,81,3.6,323,1024.5,100,60,100,100,0.0,0.0,41.7658,-72.6734,2024,1,9,11
2024-01-09 12:00:00,147.0,2.0,145.0,5.1,-3.2,78,5.4,340,1024.2,100,23,100,100,0.0,0.0,41.7658,-72.6734,2024,1,9,12
2024-01-09 13:00:00,200.0,7.0,193.0,16.2,-0.7,74,4.0,360,1022.1,100,2,100,100,0.0,0.0,41.7658,-72.6734,2024,1,9,13
2024-01-09 14:00:00,136.0,1.0,135.0,2.3,0.7,82,2.7,23,1019.6,100,16,100,100,0.1,0.0,41.7658,-72.6734,2024,1,9,14
2024-01-09 15:00:00,89.0,0.0,89.0,0.0,2.2,81,11.4,114,1017.4,100,59,100,100,0.3,0.0,41.7658,-72.6734,2024,1,9,15
2024-01-09 16:00:00,72.0,0.0,72.0,0.0,3.2,79,17.2,123,1015.4,100,93,100,100,0.4,0.0,41.7658,-72.6734,2024,1,9,16
2024-01-09 17:00:00,16.0,0.0,16.0,0.0,3.1,82,17.9,118,1013.2,100,100,100,100,0.8,0.0,41.7658,-72.6734,2024,1,9,17
2024-01-09 18:00:00,1.0,0.0,1.0,0.0,3.6,81,19.3,119,1011.3,100,100,100,100,1.7,0.0,41.7658,-72.6734,2024,1,9,18
2024-01-09 19:00:00,0.0,0.0,0.0,0.0,4.3,80,20.0,116,1009.4,100,100,100,100,1.8,0.0,41.7658,-72.6734,2024,1,9,19
2024-01-09 20:00:00,0.0,0.0,0.0,0.0,4.9,83,23.2,116,1006.8,100,100,100,100,2.3,0.0,41.7658,-72.6734,2024,1,9,20
2024-01-09 21:00:00,0.0,0.0,0.0,0.0,5.8,86,27.5,124,1003.3,100,100,100,100,2.5,0.0,41.7658,-72.6734,2024,1,9,21
2024-01-09 22:00:00,0.0,0.0,0.0,0.0,7.3,87,26.1,125,1000.3,100,100,100,100,3.8,0.0,41.7658,-72.6734,2024,1,9,22
2024-01-09 23:00:00,0.0,0.0,0.0,0.0,8.4,87,30.8,128,996.4,100,100,100,100,5.0,0.0,41.7658,-72.6734,2024,1,9,23
2024-01-10 00:00:00,0.0,0.0,0.0,0.0,9.7,87,32.9,133,992.6,100,100,100,100,4.2,0.0,41.7658,-72.6734,2024,1,10,0
2024-01-10 01:00:00,0.0,0.0,0.0,0.0,11.0,87,37.8,140,988.6,100,100,100,100,5.3,0.0,41.7658,-72.6734,2024,1,10,1
2024-01-10 02:00:00,0.0,0.0,0.0,0.0,11.1,89,23.8,153,986.5,100,100,100,100,7.4,0.0,41.7658,-72.6734,2024,1,10,2
2024-01-10 03:00:00,0.0,0.0,0.0,0.0,11.8,91,26.5,165,983.3,100,100,100,100,9.1,0.0,41.7658,-72.6734,2024,1,10,3
2024-01-10 04:00:00,0.0,0.0,0.0,0.0,12.5,95,22.8,185,982.3,100,58,100,100,8.6,0.0,41.7658,-72.6734,2024,1,10,4
2024-01-10 05:00:00,0.0,0.0,0.0,0.0,11.8,97,18.9,166,978.4,100,100,100,100,3.4,0.0,41.7658,-72.6734,2024,1,10,5
2024-01-10 06:00:00,0.0,0.0,0.0,0.0,11.5,98,18.9,189,977.1,100,100,2,100,1.0,0.0,41.7658,-72.6734,2024,1,10,6
2024-01-10 07:00:00,0.0,0.0,0.0,0.0,11.3,97,18.3,195,977.9,98,98,7,0,0.0,0.0,41.7658,-72.6734,2024,1,10,7
2024-01-10 08:00:00,0.0,0.0,0.0,0.0,10.6,95,19.4,230,979.1,16,2,16,0,0.1,0.0,41.7658,-72.6734,2024,1,10,8
2024-01-10 09:00:00,17.0,9.0,8.0,132.7,7.5,88,13.7,252,978.9,19,1,19,0,0.0,2150.71,41.7658,-72.6734,2024,1,10,9
2024-01-10 10:00:00,130.0,85.0,45.0,485.1,7.5,80,13.9,233,980.8,92,0,92,0,0.0,3600.0,41.7658,-72.6734,2024,1,10,10
2024-01-10 11:00:00,112.0,9.0,103.0,29.9,7.9,77,19.2,236,982.4,100,0,99,77,0.0,0.0,41.7658,-72.6734,2024,1,10,11
2024-01-10 12:00:00,161.0,41.0,120.0,105.1,7.9,75,18.7,240,983.5,92,0,91,13,0.0,1352.84,41.7658,-72.6734,2024,1,10,12
2024-01-10 13:00:00,292.0,128.0,164.0,294.1,8.7,61,21.7,246,984.6,27,7,21,7,0.0,3600.0,41.7658,-72.6734,2024,1,10,13
2024-01-10 14:00:00,405.0,311.0,94.0,716.8,9.1,54,23.8,250,985.6,16,8,15,1,0.0,3600.0,41.7658,-72.6734,2024,1,10,14
2024-01-10 15:00:00,361.0,288.0,73.0,746.3,9.1,50,21.7,249,985.8,7,1,1,6,0.0,3600.0,41.7658,-72.6734,2024,1,10,15
2024-01-10 16:00:00,266.0,207.0,59.0,702.4,8.5,49,23.0,243,988.0,4,2,2,0,0.0,3600.0,41.7658,-72.6734,2024,1,10,16
2024-01-10 17:00:00,117.0,68.0,49.0,408.5,7.1,51,19.5,242,989.6,74,6,73,0,0.0,3600.0,41.7658,-72.6734,2024,1,10,17
2024-01-10 18:00:00,13.0,6.0,7.0,95.2,5.9,56,16.0,234,991.3,78,14,77,0,0.0,1161.75,41.7658,-72.6734,2024,1,10,18
2024-01-10 19:00:00,0.0,0.0,0.0,0.0,5.5,58,16.3,235,993.1,26,9,21,0,0.0,0.0,41.7658,-72.6734,2024,1,10,19
2024-01-10 20:00:00,0.0,0.0,0.0,0.0,5.0,61,16.8,242,994.6,22,6,20,0,0.0,0.0,41.7658,-72.6734,2024,1,10,20
2024-01-10 21:00:00,0.0,0.0,0.0,0.0,5.2,57,15.3,236,995.4,7,2,6,0,0.0,0.0,41.7658,-72.6734,2024,1,10,21
2024-01-10 22:00:00,0.0,0.0,0.0,0.0,4.8,59,14.5,243,996.5,74,20,9,66,0.0,0.0,41.7658,-72.6734,2024,1,10,22
2024-01-10 23:00:00,0.0,0.0,0.0,0.0,4.0,63,14.4,238,997.2,99,1,2,98,0.0,0.0,41.7658,-72.6734,2024,1,10,23
2024-01-11 00:00:00,0.0,0.0,0.0,0.0,3.3,69,13.2,235,998.0,99,14,2,99,0.0,0.0,41.7658,-72.6734,2024,1,11,0
2024-01-11 01:00:00,0.0,0.0,0.0,0.0,2.9,70,13.2,241,998.9,71,70,23,1,0.0,0.0,41.7658,-72.6734,2024,1,11,1
2024-01-11 02:00:00,0.0,0.0,0.0,0.0,2.7,70,12.6,246,999.9,96,96,17,11,0.0,0.0,41.7658,-72.6734,2024,1,11,2
2024-01-11 03:00:00,0.0,0.0,0.0,0.0,2.2,73,9.3,257,1001.1,86,86,0,0,0.0,0.0,41.7658,-72.6734,2024,1,11,3
2024-01-11 04:00:00,0.0,0.0,0.0,0.0,1.4,79,7.6,265,1002.4,94,94,0,0,0.0,0.0,41.7658,-72.6734,2024,1,11,4
2024-01-11 05:00:00,0.0,0.0,0.0,0.0,0.9,83,5.4,270,1003.2,17,17,0,0,0.0,0.0,41.7658,-72.6734,2024,1,11,5
2024-01-11 06:00:00,0.0,0.0,0.0,0.0,0.2,85,6.9,261,1003.9,0,0,0,0,0.0,0.0,41.7658,-72.6734,2024,1,11,6
2024-01-11 07:00:00,0.0,0.0,0.0,0.0,-0.5,84,7.9,254,1004.7,0,0,0,0,0.0,0.0,41.7658,-72.6734,2024,1,11,7
2024-01-11 08:00:00,0.0,0.0,0.0,0.0,-1.2,85,9.9,237,1005.4,0,0,0,0,0.0,0.0,41.7658,-72.6734,2024,1,11,8
2024-01-11 09:00:00,20.0,10.0,10.0,146.3,-0.9,79,7.8,248,1005.4,94,94,1,0,0.0,2263.96,41.7658,-72.6734,2024,1,11,9
2024-01-11 10:00:00,109.0,43.0,66.0,243.9,1.4,72,6.1,267,1006.2,51,37,2,22,0.0,3600.0,41.7658,-72.6734,2024,1,11,10
2024-01-11 11:00:00,251.0,159.0,92.0,525.0,3.9,61,2.8,230,1006.3,86,0,50,82,0.0,3600.0,41.7658,-72.6734,2024,1,11,11
2024-01-11 12:00:00,351.0,228.0,123.0,581.7,5.3,52,8.2,255,1005.7,5,0,5,0,0.0,3600.0,41.7658,-72.6734,2024,1,11,12
2024-01-11 13:00:00,445.0,374.0,71.0,854.9,6.5,46,14.4,257,1005.2,89,88,2,0,0.0,3600.0,41.7658,-72.6734,2024,1,11,13
2024-01-11 14:00:00,343.0,174.0,169.0,398.8,6.9,47,15.9,252,1004.9,97,97,24,0,0.0,3600.0,41.7658,-72.6734,2024,1,11,14
2024-01-11 15:00:00,221.0,59.0,162.0,151.8,6.7,49,14.8,244,1004.5,98,97,37,0,0.0,2754.35,41.7658,-72.6734,2024,1,11,15
2024-01-11 16:00:00,142.0,23.0,119.0,77.3,6.7,51,12.1,243,1004.8,11,9,3,0,0.0,518.48,41.7658,-72.6734,2024,1,11,16
2024-01-11 17:00:00,123.0,76.0,47.0,448.5,5.4,58,8.2,241,1005.3,1,0,1,0,0.0,3600.0,41.7658,-72.6734,2024,1,11,17
2024-01-11 18:00:00,16.0,8.0,8.0,123.9,3.0,67,7.7,217,1005.7,10,2,10,0,0.0,1850.66,41.7658,-72.6734,2024,1,11,18
2024-01-11 19:00:00,0.0,0.0,0.0,0.0,1.7,73,10.7,213,1007.0,99,23,99,0,0.0,0.0,41.7658,-72.6734,2024,1,11,19
2024-01-11 20:00:00,0.0,0.0,0.0,0.0,2.6,69,9.9,213,1007.7,100,85,100,0,0.0,0.0,41.7658,-72.6734,2024,1,11,20
2024-01-11 21:00:00,0.0,0.0,0.0,0.0,2.7,66,7.9,204,1008.5,100,87,100,0,0.0,0.0,41.7658,-72.6734,2024,1,11,21
2024-01-11 22:00:00,0.0,0.0,0.0,0.0,2.5,68,8.6,202,1009.1,51,15,46,0,0.0,0.0,41.7658,-72.6734,2024,1,11,22
2024-01-11 23:00:00,0.0,0.0,0.0,0.0,2.4,71,8.9,212,1009.5,32,18,28,0,0.0,0.0,41.7658,-72.6734,2024,1,11,23
2024-01-12 00:00:00,0.0,0.0,0.0,0.0,1.9,75,9.7,222,1010.3,16,0,16,0,0.0,0.0,41.7658,-72.6734,2024,1,12,0
2024-01-12 01:00:00,0.0,0.0,0.0,0.0,1.3,80,10.2,231,1011.0,8,6,6,0,0.0,0.0,41.7658,-72.6734,2024,1,12,1
2024-01-12 02:00:00,0.0,0.0,0.0,0.0,0.7,84,8.7,222,1011.7,3,2,1,0,0.0,0.0,41.7658,-72.6734,2024,1,12,2
2024-01-12 03:00:00,0.0,0.0,0.0,0.0,-1.2,89,7.1,221,1012.8,1,1,0,0,0.0,0.0,41.7658,-72.6734,2024,1,12,3
2024-01-12 04:00:00,0.0,0.0,0.0,0.0,-0.4,88,6.9,227,1014.0,0,0,0,0,0.0,0.0,41.7658,-72.6734,2024,1,12,4
2024-01-12 05:00:00,0.0,0.0,0.0,0.0,-1.7,89,9.5,233,1014.8,2,2,0,0,0.0,0.0,41.7658,-72.6734,2024,1,12,5
2024-01-12 06:00:00,0.0,0.0,0.0,0.0,-1.8,89,7.4,227,1015.2,0,0,0,0,0.0,0.0,41.7658,-72.6734,2024,1,12,6
2024-01-12 07:00:00,0.0,0.0,0.0,0.0,-2.2,91,8.4,277,1015.7,0,0,0,0,0.0,0.0,41.7658,-72.6734,2024,1,12,7
2024-01-12 08:00:00,0.0,0.0,0.0,0.0,-0.8,89,9.9,316,1016.6,1,1,0,0,0.0,0.0,41.7658,-72.6734,2024,1,12,8
2024-01-12 09:00:00,20.0,11.0,9.0,159.6,0.4,85,8.7,312,1017.5,78,0,0,78,0.0,2282.41,41.7658,-72.6734,2024,1,12,9
2024-01-12 10:00:00,143.0,101.0,42.0,568.9,2.7,79,7.1,294,1018.6,62,0,0,62,0.0,3600.0,41.7658,-72.6734,2024,1,12,10
2024-01-12 11:00:00,282.0,222.0,60.0,729.2,4.8,69,4.7,337,1019.1,0,0,0,0,0.0,3600.0,41.7658,-72.6734,2024,1,12,11
2024-01-12 12:00:00,388.0,322.0,66.0,817.5,6.3,57,4.8,333,1019.3,11,0,0,11,0.0,3600.0,41.7658,-72.6734,2024,1,12,12
2024-01-12 13:00:00,442.0,373.0,69.0,848.2,7.2,51,3.3,347,1018.5,47,0,0,47,0.0,3600.0,41.7658,-72.6734,2024,1,12,13
2024-01-12 14:00:00,440.0,369.0,71.0,840.7,7.7,50,1.5,45,1017.8,88,0,0,88,0.0,3600.0,41.7658,-72.6734,2024,1,12,14
2024-01-12 15:00:00,376.0,297.0,79.0,758.7,7.9,49,4.5,119,1016.7,15,0,0,15,0.0,3600.0,41.7658,-72.6734,2024,1,12,15
2024-01-12 16:00:00,277.0,219.0,58.0,728.6,7.7,49,6.7,144,1016.6,100,0,0,100,0.0,3600.0,41.7658,-72.6734,2024,1,12,16
2024-01-12 17:00:00,133.0,85.0,48.0,492.8,6.1,59,5.5,122,1015.7,94,0,0,94,0.0,3600.0,41.7658,-72.6734,2024,1,12,17
2024-01-12 18:00:00,17.0,8.0,9.0,120.9,3.7,67,9.5,127,1015.6,100,0,0,100,0.0,1813.85,41.7658,-72.6734,2024,1,12,18
2024-01-12 19:00:00,0.0,0.0,0.0,0.0,2.5,73,11.7,137,1014.6,100,0,26,100,0.0,0.0,41.7658,-72.6734,2024,1,12,19
2024-01-12 20:00:00,0.0,0.0,0.0,0.0,2.6,75,11.5,129,1014.5,100,0,81,100,0.0,0.0,41.7658,-72.6734,2024,1,12,20
2024-01-12 21:00:00,0.0,0.0,0.0,0.0,3.1,78,10.9,124,1013.2,100,0,100,100,0.0,0.0,41.7658,-72.6734,2024,1,12,21
2024-01-12 22:00:00,0.0,0.0,0.0,0.0,3.7,78,10.2,135,1012.5,100,8,98,100,0.0,0.0,41.7658,-72.6734,2024,1,12,22
2024-01-12 23:00:00,0.0,0.0,0.0,0.0,3.6,81,15.3,98,1012.1,100,34,100,100,0.2,0.0,41.7658,-72.6734,2024,1,12,23
2024-01-13 00:00:00,0.0,0.0,0.0,0.0,4.5,83,19.5,109,1009.5,100,3,48,100,0.1,0.0,41.7658,-72.6734,2024,1,13,0
2024-01-13 01:00:00,0.0,0.0,0.0,0.0,3.9,89,25.4,111,1007.0,100,99,100,100,0.5,0.0,41.7658,-72.6734,2024,1,13,1
2024-01-13 02:00:00,0.0,0.0,0.0,0.0,4.0,93,25.9,104,1004.7,100,100,100,100,0.7,0.0,41.7658,-72.6734,2024,1,13,2
2024-01-13 03:00:00,0.0,0.0,0.0,0.0,4.7,94,25.9,104,1002.6,100,100,100,100,1.1,0.0,41.7658,-72.6734,2024,1,13,3
2024-01-13 04:00:00,0.0,0.0,0.0,0.0,5.3,94,23.5,108,1000.0,100,100,100,100,3.6,0.0,41.7658,-72.6734,2024,1,13,4
2024-01-13 05:00:00,0.0,0.0,0.0,0.0,6.3,94,26.2,111,998.0,100,100,100,99,5.4,0.0,41.7658,-72.6734,2024,1,13,5
2024-01-13 06:00:00,0.0,0.0,0.0,0.0,7.4,94,34.4,113,992.7,100,99,96,100,3.1,0.0,41.7658,-72.6734,2024,1,13,6
2024-01-13 07:00:00,0.0,0.0,0.0,0.0,8.1,93,30.2,113,990.9,100,100,100,100,2.2,0.0,41.7658,-72.6734,2024,1,13,7
2024-01-13 08:00:00,0.0,0.0,0.0,0.0,8.0,94,24.0,109,989.1,100,100,98,99,3.5,0.0,41.7658,-72.6734,2024,1,13,8
2024-01-13 09:00:00,3.0,0.0,3.0,0.0,10.6,98,16.6,139,986.8,100,100,100,100,0.3,0.0,41.7658,-72.6734,2024,1,13,9
2024-01-13 10:00:00,14.0,0.0,14.0,0.0,12.3,97,16.6,162,985.7,100,100,100,49,0.1,0.0,41.7658,-72.6734,2024,1,13,10
2024-01-13 11:00:00,60.0,1.0,59.0,3.3,13.6,97,15.8,179,984.1,100,100,30,0,0.4,0.0,41.7658,-72.6734,2024,1,13,11
2024-01-13 12:00:00,115.0,5.0,110.0,12.6,13.9,97,18.5,193,983.0,100,100,46,0,0.4,0.0,41.7658,-72.6734,2024,1,13,12
2024-01-13 13:00:00,66.0,0.0,66.0,0.0,13.2,95,20.6,209,981.9,43,13,38,0,0.4,0.0,41.7658,-72.6734,2024,1,13,13
2024-01-13 14:00:00,288.0,189.0,99.0,428.0,13.3,73,23.5,247,982.4,38,15,33,0,0.2,3600.0,41.7658,-72.6734,2024,1,13,14
2024-01-13 15:00:00,296.0,220.0,76.0,557.9,13.0,55,21.0,257,983.3,75,7,74,0,0.0,3600.0,41.7658,-72.6734,2024,1,13,15
2024-01-13 16:00:00,227.0,127.0,100.0,418.3,11.7,53,23.0,256,984.9,100,2,100,0,0.0,3600.0,41.7658,-72.6734,2024,1,13,16
2024-01-13 17:00:00,33.0,5.0,28.0,28.5,9.8,47,21.0,235,986.1,12,0,12,0,0.0,0.0,41.7658,-72.6734,2024,1,13,17
2024-01-13 18:00:00,18.0,10.0,8.0,147.5,6.9,50,23.2,244,988.6,52,52,1,0,0.0,2219.98,41.7658,-72.6734,2024,1,13,18
2024-01-13 19:00:00,0.0,0.0,0.0,0.0,6.1,49,19.2,240,990.2,43,42,21,0,0.0,0.0,41.7658,-72.6734,2024,1,13,19
2024-01-13 20:00:00,0.0,0.0,0.0,0.0,5.4,46,20.8,242,992.0,44,43,29,0,0.0,0.0,41.7658,-72.6734,2024,1,13,20
2024-01-13 21:00:00,0.0,0.0,0.0,0.0,5.5,43,20.7,239,993.4,14,14,3,0,0.0,0.0,41.7658,-72.6734,2024,1,13,21
2024-01-13 22:00:00,0.0,0.0,0.0,0.0,3.8,47,19.5,245,995.4,10,10,1,0,0.0,0.0,41.7658,-72.6734,2024,1,13,22
2024-01-13 23:00:00,0.0,0.0,0.0,0.0,2.4,49,21.4,250,997.1,0,0,0,0,0.0,0.0,41.7658,-72.6734,2024,1,13,23
2024-01-14 00:00:00,0.0,0.0,0.0,0.0,1.3,48,19.9,248,998.9,0,0,0,0,0.0,0.0,41.7658,-72.6734,2024,1,14,0
2024-01-14 01:00:00,0.0,0.0,0.0,0.0,0.6,49,16.6,246,1000.2,0,0,0,0,0.0,0.0,41.7658,-72.6734,2024,1,14,1
2024-01-14 02:00:00,0.0,0.0,0.0,0.0,0.2,52,17.1,235,1001.3,1,1,0,0,0.0,0.0,41.7658,-72.6734,2024,1,14,2
2024-01-14 03:00:00,0.0,0.0,0.0,0.0,-0.3,53,18.3,234,1002.9,5,5,0,0,0.0,0.0,41.7658,-72.6734,2024,1,14,3
2024-01-14 04:00:00,0.0,0.0,0.0,0.0,-0.9,52,16.4,232,1004.1,3,3,0,0,0.0,0.0,41.7658,-72.6734,2024,1,14,4
2024-01-14 05:00:00,0.0,0.0,0.0,0.0,-1.4,54,14.0,224,1004.8,0,0,0,0,0.0,0.0,41.7658,-72.6734,2024,1,14,5
2024-01-14 06:00:00,0.0,0.0,0.0,0.0,-1.8,55,13.6,217,1005.0,0,0,0,0,0.0,0.0,41.7658,-72.6734,2024,1,14,6
2024-01-14 07:00:00,0.0,0.0,0.0,0.0,-2.1,56,13.8,219,1005.6,0,0,0,0,0.0,0.0,41.7658,-72.6734,2024,1,14,7
2024-01-14 08:00:00,0.0,0.0,0.0,0.0,-2.3,58,13.6,212,1006.0,0,0,0,0,0.0,0.0,41.7658,-72.6734,2024,1,14,8
2024-01-14 09:00:00,21.0,12.0,9.0,170.7,-0.7,55,15.4,201,1005.6,2,0,2,0,0.0,2327.0,41.7658,-72.6734,2024,1,14,9
2024-01-14 10:00:00,146.0,103.0,43.0,571.0,0.8,53,18.1,203,1006.1,3,0,3,0,0.0,3600.0,41.7658,-72.6734,2024,1,14,10
2024-01-14 11:00:00,287.0,228.0,59.0,740.3,2.2,49,21.9,207,1005.6,16,16,0,0,0.0,3600.0,41.7658,-72.6734,2024,1,14,11
2024-01-14 12:00:00,399.0,336.0,63.0,843.9,3.5,47,22.6,211,1004.8,21,6,19,0,0.0,3600.0,41.7658,-72.6734,2024,1,14,12
2024-01-14 13:00:00,455.0,385.0,70.0,865.9,4.6,44,29.9,221,1003.2,55,50,22,0,0.0,3600.0,41.7658,-72.6734,2024,1,14,13
2024-01-14 14:00:00,440.0,351.0,89.0,789.9,5.0,44,30.3,227,1001.9,100,21,100,0,0.1,3600.0,41.7658,-72.6734,2024,1,14,14
2024-01-14 15:00:00,138.0,16.0,122.0,40.3,3.3,56,25.6,241,1002.7,100,13,100,0,0.5,0.0,41.7658,-72.6734,2024,1,14,15
2024-01-14 16:00:00,84.0,0.0,84.0,0.0,3.0,47,25.1,245,1002.2,100,30,100,0,0.2,0.0,41.7658,-72.6734,2024,1,14,16
2024-01-14 17:00:00,88.0,25.0,63.0,139.8,1.9,33,27.0,260,1004.1,0,0,0,0,0.1,2395.19,41.7658,-72.6734,2024,1,14,17
2024-01-14 18:00:00,21.0,12.0,9.0,172.8,-0.5,31,26.3,274,1007.3,1,0,1,0,0.0,2286.42,41.7658,-72.6734,2024,1,14,18
2024-01-14 19:00:00,0.0,0.0,0.0,0.0,-1.6,32,20.0,278,1009.3,3,1,2,0,0.0,0.0,41.7658,-72.6734,2024,1,14,19
2024-01-14 20:00:00,0.0,0.0,0.0,0.0,-2.5,33,16.5,260,1011.3,0,0,0,0,0.0,0.0,41.7658,-72.6734,2024,1,14,20
2024-01-14 21:00:00,0.0,0.0,0.0,0.0,-3.0,41,10.9,253,1013.2,0,0,0,0,0.0,0.0,41.7658,-72.6734,2024,1,14,21
2024-01-14 22:00:00,0.0,0.0,0.0,0.0,-3.2,39,12.8,254,1014.0,0,0,0,0,0.0,0.0,41.7658,-72.6734,2024,1,14,22
2024-01-14 23:00:00,0.0,0.0,0.0,0.0,-3.6,39,11.2,272,1014.8,1,0,0,1,0.0,0.0,41.7658,-72.6734,2024,1,14,23
2024-01-15 00:00:00,0.0,0.0,0.0,0.0,-4.1,41,10.7,282,1015.3,2,0,0,2,0.0,0.0,41.7658,-72.6734,2024,1,15,0
2024-01-15 01:00:00,0.0,0.0,0.0,0.0,-4.8,45,8.9,284,1015.6,9,0,0,9,0.0,0.0,41.7658,-72.6734,2024,1,15,1
2024-01-15 02:00:00,0.0,0.0,0.0,0.0,-5.5,50,7.6,262,1015.9,12,0,0,12,0.0,0.0,41.7658,-72.6734,2024,1,15,2
2024-01-15 03:00:00,0.0,0.0,0.0,0.0,-5.9,52,9.1,236,1016.9,6,0,0,5,0.0,0.0,41.7658,-72.6734,2024,1,15,3
2024-01-15 04:00:00,0.0,0.0,0.0,0.0,-6.1,52,8.3,236,1017.7,67,0,0,67,0.0,0.0,41.7658,-72.6734,2024,1,15,4
2024-01-15 05:00:00,0.0,0.0,0.0,0.0,-6.1,53,6.4,232,1018.1,23,0,2,21,0.0,0.0,41.7658,-72.6734,2024,1,15,5
2024-01-15 06:00:00,0.0,0.0,0.0,0.0,-6.2,56,5.8,240,1018.0,16,0,6,10,0.0,0.0,41.7658,-72.6734,2024,1,15,6
2024-01-15 07:00:00,0.0,0.0,0.0,0.0,-6.2,57,5.0,240,1018.3,13,0,3,13,0.0,0.0,41.7658,-72.6734,2024,1,15,7
2024-01-15 08:00:00,0.0,0.0,0.0,0.0,-6.3,58,5.9,218,1018.6,9,0,3,8,0.0,0.0,41.7658,-72.6734,2024,1,15,8
2024-01-15 09:00:00,22.0,13.0,9.0,183.0,-6.0,54,5.9,223,1019.9,21,0,21,5,0.0,2353.02,41.7658,-72.6734,2024,1,15,9
2024-01-15 10:00:00,150.0,106.0,44.0,582.4,-4.9,44,5.9,256,1020.1,8,0,8,0,0.0,3600.0,41.7658,-72.6734,2024,1,15,10
2024-01-15 11:00:00,293.0,232.0,61.0,748.5,-3.6,40,5.5,247,1020.4,64,0,64,0,0.0,3600.0,41.7658,-72.6734,2024,1,15,11
2024-01-15 12:00:00,386.0,298.0,88.0,744.2,-2.2,39,6.9,231,1019.8,19,0,19,0,0.0,3600.0,41.7658,-72.6734,2024,1,15,12
2024-01-15 13:00:00,452.0,374.0,78.0,836.2,-1.0,36,9.7,225,1018.9,5,0,5,0,0.0,3600.0,41.7658,-72.6734,2024,1,15,13
2024-01-15 14:00:00,457.0,387.0,70.0,865.2,-0.3,33,10.5,232,1018.4,17,0,9,8,0.0,3600.0,41.7658,-72.6734,2024,1,15,14
2024-01-15 15:00:00,399.0,332.0,67.0,829.0,0.1,32,10.5,229,1017.9,100,0,4,100,0.0,3600.0,41.7658,-72.6734,2024,1,15,15
2024-01-15 16:00:00,284.0,213.0,71.0,687.1,0.1,31,9.4,223,1017.8,100,0,18,100,0.0,3600.0,41.7658,-72.6734,2024,1,15,16
2024-01-15 17:00:00,128.0,59.0,69.0,324.1,-0.7,37,6.2,216,1017.6,99,0,75,97,0.0,3600.0,41.7658,-72.6734,2024,1,15,17
2024-01-15 18:00:00,16.0,2.0,14.0,28.1,-1.9,44,5.9,191,1017.7,100,0,92,100,0.0,0.0,41.7658,-72.6734,2024,1,15,18
2024-01-15 19:00:00,0.0,0.0,0.0,0.0,-2.4,49,8.0,175,1018.0,100,0,79,100,0.0,0.0,41.7658,-72.6734,2024,1,15,19
2024-01-15 20:00:00,0.0,0.0,0.0,0.0,-3.0,57,8.0,175,1018.0,100,0,100,100,0.0,0.0,41.7658,-72.6734,2024,1,15,20
2024-01-15 21:00:00,0.0,0.0,0.0,0.0,-2.4,48,6.2,170,1018.1,100,0,99,98,0.0,0.0,41.7658,-72.6734,2024,1,15,21
2024-01-15 22:00:00,0.0,0.0,0.0,0.0,-2.1,51,4.7,176,1018.4,100,0,100,99,0.0,0.0,41.7658,-72.6734,2024,1,15,22
2024-01-15 23:00:00,0.0,0.0,0.0,0.0,-2.2,51,5.2,196,1018.2,100,1,100,100,0.0,0.0,41.7658,-72.6734,2024,1,15,23
2024-01-16 00:00:00,0.0,0.0,0.0,0.0,-2.4,50,3.6,217,1017.9,100,0,100,100,0.1,0.0,41.7658,-72.6734,2024,1,16,0
2024-01-16 01:00:00,0.0,0.0,0.0,0.0,-2.8,53,5.2,192,1017.2,100,6,100,100,0.1,0.0,41.7658,-72.6734,2024,1,16,1
2024-01-16 02:00:00,0.0,0.0,0.0,0.0,-3.1,58,4.0,175,1016.6,100,5,100,77,0.2,0.0,41.7658,-72.6734,2024,1,16,2
2024-01-16 03:00:00,0.0,0.0,0.0,0.0,-3.3,62,2.5,172,1016.9,100,96,100,100,0.1,0.0,41.7658,-72.6734,2024,1,16,3
2024-01-16 04:00:00,0.0,0.0,0.0,0.0,-3.5,68,2.2,99,1016.5,100,100,100,70,0.3,0.0,41.7658,-72.6734,2024,1,16,4
2024-01-16 05:00:00,0.0,0.0,0.0,0.0,-3.6,72,4.0,80,1015.1,100,84,100,86,0.3,0.0,41.7658,-72.6734,2024,1,16,5
2024-01-16 06:00:00,0.0,0.0,0.0,0.0,-3.6,72,4.9,73,1014.5,100,100,100,100,0.1,0.0,41.7658,-72.6734,2024,1,16,6
2024-01-16 07:00:00,0.0,0.0,0.0,0.0,-3.6,75,6.3,59,1013.6,100,100,100,100,0.1,0.0,41.7658,-72.6734,2024,1,16,7
2024-01-16 08:00:00,0.0,0.0,0.0,0.0,-3.4,77,6.1,50,1012.8,100,100,100,100,0.2,0.0,41.7658,-72.6734,2024,1,16,8
2024-01-16 09:00:00,3.0,0.0,3.0,0.0,-3.5,79,7.1,24,1012.0,100,100,100,100,0.1,0.0,41.7658,-72.6734,2024,1,16,9
2024-01-16 10:00:00,18.0,0.0,18.0,0.0,-3.4,81,9.9,10,1011.0,100,100,100,100,0.3,0.0,41.7658,-72.6734,2024,1,16,10
2024-01-16 11:00:00,34.0,0.0,34.0,0.0,-3.2,82,9.6,13,1009.9,100,100,100,100,0.4,0.0,41.7658,-72.6734,2024,1,16,11
2024-01-16 12:00:00,32.0,0.0,32.0,0.0,-3.1,85,8.8,9,1007.6,100,100,100,100,0.6,0.0,41.7658,-72.6734,2024,1,16,12
2024-01-16 13:00:00,46.0,0.0,46.0,0.0,-2.7,84,10.6,350,1004.8,100,100,100,100,1.0,0.0,41.7658,-72.6734,2024,1,16,13
2024-01-16 14:00:00,36.0,0.0,36.0,0.0,-2.4,90,10.1,4,1002.8,100,100,100,100,1.5,0.0,41.7658,-72.6734,2024,1,16,14
2024-01-16 15:00:00,38.0,0.0,38.0,0.0,-2.2,93,12.6,355,1001.3,100,100,100,100,1.4,0.0,41.7658,-72.6734,2024,1,16,15
2024-01-16 16:00:00,28.0,0.0,28.0,0.0,-2.1,91,15.8,325,1001.7,100,100,100,100,1.7,0.0,41.7658,-72.6734,2024,1,16,16
2024-01-16 17:00:00,13.0,0.0,13.0,0.0,-1.8,88,15.0,336,1001.9,100,100,100,100,0.9,0.0,41.7658,-72.6734,2024,1,16,17
2024-01-16 18:00:00,3.0,0.0,3.0,0.0,-2.0,87,12.0,351,1001.5,100,100,100,100,0.2,0.0,41.7658,-72.6734,2024,1,16,18
2024-01-16 19:00:00,0.0,0.0,0.0,0.0,-2.0,86,12.9,337,1001.1,100,100,100,100,0.2,0.0,41.7658,-72.6734,2024,1,16,19
2024-01-16 20:00:00,0.0,0.0,0.0,0.0,-1.8,78,16.0,324,1001.8,100,66,100,100,0.1,0.0,41.7658,-72.6734,2024,1,16,20
2024-01-16 21:00:00,0.0,0.0,0.0,0.0,-3.8,66,20.2,325,1002.3,91,14,18,89,0.0,0.0,41.7658,-72.6734,2024,1,16,21
2024-01-16 22:00:00,0.0,0.0,0.0,0.0,-5.0,67,17.4,322,1002.7,2,2,0,0,0.0,0.0,41.7658,-72.6734,2024,1,16,22
2024-01-16 23:00:00,0.0,0.0,0.0,0.0,-5.8,68,17.4,322,1003.3,6,6,0,0,0.0,0.0,41.7658,-72.6734,2024,1,16,23
2024-01-17 00:00:00,0.0,0.0,0.0,0.0,-6.2,68,15.6,320,1004.1,7,7,0,0,0.0,0.0,41.7658,-72.6734,2024,1,17,0
2024-01-17 01:00:00,0.0,0.0,0.0,0.0,-6.4,69,14.3,317,1004.9,13,13,0,0,0.0,0.0,41.7658,-72.6734,2024,1,17,1
2024-01-17 02:00:00,0.0,0.0,0.0,0.0,-6.8,71,12.2,313,1005.1,10,10,0,0,0.0,0.0,41.7658,-72.6734,2024,1,17,2
2024-01-17 03:00:00,0.0,0.0,0.0,0.0,-7.2,72,11.8,310,1005.6,29,29,0,0,0.0,0.0,41.7658,-72.6734,2024,1,17,3
2024-01-17 04:00:00,0.0,0.0,0.0,0.0,-7.3,70,11.9,305,1006.4,10,10,0,0,0.0,0.0,41.7658,-72.6734,2024,1,17,4
2024-01-17 05:00:00,0.0,0.0,0.0,0.0,-7.6,69,11.8,308,1006.5,7,7,0,0,0.0,0.0,41.7658,-72.6734,2024,1,17,5
2024-01-17 06:00:00,0.0,0.0,0.0,0.0,-8.5,72,8.6,303,1007.0,7,7,0,0,0.0,0.0,41.7658,-72.6734,2024,1,17,6
2024-01-17 07:00:00,0.0,0.0,0.0,0.0,-9.1,72,7.6,289,1007.6,4,4,0,0,0.0,0.0,41.7658,-72.6734,2024,1,17,7
2024-01-17 08:00:00,0.0,0.0,0.0,0.0,-9.7,73,6.9,279,1008.1,0,0,0,0,0.0,0.0,41.7658,-72.6734,2024,1,17,8
2024-01-17 09:00:00,24.0,13.0,11.0,178.6,-8.3,66,7.8,292,1008.7,0,0,0,0,0.0,2412.22,41.7658,-72.6734,2024,1,17,9
2024-01-17 10:00:00,157.0,112.0,45.0,603.5,-7.3,58,9.0,286,1009.2,0,0,0,0,0.0,3600.0,41.7658,-72.6734,2024,1,17,10
2024-01-17 11:00:00,304.0,241.0,63.0,766.9,-6.0,52,10.5,286,1009.8,12,12,0,0,0.0,3600.0,41.7658,-72.6734,2024,1,17,11
2024-01-17 12:00:00,410.0,329.0,81.0,811.5,-4.8,49,12.0,279,1009.4,100,100,0,0,0.0,3600.0,41.7658,-72.6734,2024,1,17,12
2024-01-17 13:00:00,452.0,337.0,115.0,744.1,-3.8,46,11.6,263,1008.3,84,84,0,0,0.0,3600.0,41.7658,-72.6734,2024,1,17,13
2024-01-17 14:00:00,464.0,366.0,98.0,807.1,-3.8,45,12.4,253,1007.7,2,2,0,0,0.0,3600.0,41.7658,-72.6734,2024,1,17,14
2024-01-17 15:00:00,419.0,346.0,73.0,850.1,-4.0,44,13.4,256,1007.8,0,0,0,0,0.0,3600.0,41.7658,-72.6734,2024,1,17,15
2024-01-17 16:00:00,311.0,250.0,61.0,789.1,-4.4,42,13.3,257,1008.4,0,0,0,0,0.0,3600.0,41.7658,-72.6734,2024,1,17,16
2024-01-17 17:00:00,165.0,120.0,45.0,635.2,-5.2,44,11.9,256,1009.1,0,0,0,0,0.0,3600.0,41.7658,-72.6734,2024,1,17,17
2024-01-17 18:00:00,26.0,16.0,10.0,214.1,-6.8,51,8.7,246,1010.1,0,0,0,0,0.0,2494.59,41.7658,-72.6734,2024,1,17,18
2024-01-17 19:00:00,0.0,0.0,0.0,0.0,-7.1,52,10.8,240,1011.1,0,0,0,0,0.0,0.0,41.7658,-72.6734,2024,1,17,19
2024-01-17 20:00:00,0.0,0.0,0.0,0.0,-7.4,51,10.3,234,1011.9,0,0,0,0,0.0,0.0,41.7658,-72.6734,2024,1,17,20
2024-01-17 21:00:00,0.0,0.0,0.0,0.0,-8.3,55,7.6,245,1012.6,0,0,0,0,0.0,0.0,41.7658,-72.6734,2024,1,17,21
2024-01-17 22:00:00,0.0,0.0,0.0,0.0,-9.4,59,7.4,223,1013.0,0,0,0,0,0.0,0.0,41.7658,-72.6734,2024,1,17,22
2024-01-17 23:00:00,0.0,0.0,0.0,0.0,-7.2,50,13.0,228,1013.4,0,0,0,0,0.0,0.0,41.7658,-72.6734,2024,1,17,23
2024-01-18 00:00:00,0.0,0.0,0.0,0.0,-6.9,49,14.4,233,1013.9,0,0,0,0,0.0,0.0,41.7658,-72.6734,2024,1,18,0
2024-01-18 01:00:00,0.0,0.0,0.0,0.0,-6.8,47,14.1,230,1014.0,0,0,0,0,0.0,0.0,41.7658,-72.6734,2024,1,18,1
2024-01-18 02:00:00,0.0,0.0,0.0,0.0,-6.9,49,13.8,229,1014.3,18,0,0,18,0.0,0.0,41.7658,-72.6734,2024,1,18,2
2024-01-18 03:00:00,0.0,0.0,0.0,0.0,-7.0,51,13.5,226,1014.9,36,0,0,36,0.0,0.0,41.7658,-72.6734,2024,1,18,3
2024-01-18 04:00:00,0.0,0.0,0.0,0.0,-7.1,52,14.5,226,1015.8,63,0,1,63,0.0,0.0,41.7658,-72.6734,2024,1,18,4
2024-01-18 05:00:00,0.0,0.0,0.0,0.0,-7.3,54,14.5,228,1015.9,62,0,0,62,0.0,0.0,41.7658,-72.6734,2024,1,18,5
2024-01-18 06:00:00,0.0,0.0,0.0,0.0,-7.4,55,12.3,232,1016.3,51,0,24,49,0.0,0.0,41.7658,-72.6734,2024,1,18,6
2024-01-18 07:00:00,0.0,0.0,0.0,0.0,-7.5,57,10.1,235,1016.2,66,0,42,42,0.0,0.0,41.7658,-72.6734,2024,1,18,7
2024-01-18 08:00:00,0.0,0.0,0.0,0.0,-7.5,58,10.2,228,1016.3,39,0,18,25,0.0,0.0,41.7658,-72.6734,2024,1,18,8
2024-01-18 09:00:00,22.0,7.0,15.0,94.9,-8.1,60,7.0,235,1016.6,100,0,66,100,0.0,1276.79,41.7658,-72.6734,2024,1,18,9
2024-01-18 10:00:00,100.0,18.0,82.0,96.0,-5.6,52,6.4,232,1017.1,100,0,75,100,0.0,1079.02,41.7658,-72.6734,2024,1,18,10
2024-01-18 11:00:00,161.0,13.0,148.0,41.1,-4.3,48,8.2,218,1017.4,100,0,90,100,0.0,0.0,41.7658,-72.6734,2024,1,18,11
2024-01-18 12:00:00,224.0,21.0,203.0,51.5,-3.4,46,9.7,222,1016.9,100,0,48,100,0.0,0.0,41.7658,-72.6734,2024,1,18,12
2024-01-18 13:00:00,297.0,76.0,221.0,166.7,-2.5,45,9.2,231,1015.4,100,0,94,100,0.0,3201.11,41.7658,-72.6734,2024,1,18,13
2024-01-18 14:00:00,324.0,88.0,236.0,192.7,-1.7,43,10.7,230,1014.6,100,0,97,100,0.0,3600.0,41.7658,-72.6734,2024,1,18,14
2024-01-18 15:00:00,316.0,132.0,184.0,321.6,-1.3,44,12.0,231,1013.9,100,1,85,100,0.0,3600.0,41.7658,-72.6734,2024,1,18,15
2024-01-18 16:00:00,207.0,75.0,132.0,234.1,-1.5,48,10.4,226,1013.7,100,0,91,100,0.0,3600.0,41.7658,-72.6734,2024,1,18,16
2024-01-18 17:00:00,106.0,18.0,88.0,93.5,-2.0,55,7.4,227,1013.8,100,0,48,100,0.0,1005.93,41.7658,-72.6734,2024,1,18,17
2024-01-18 18:00:00,19.0,2.0,17.0,26.1,-3.9,66,6.5,214,1013.8,99,0,89,95,0.0,0.0,41.7658,-72.6734,2024,1,18,18
2024-01-18 19:00:00,0.0,0.0,0.0,0.0,-4.4,72,6.3,211,1013.9,100,0,100,69,0.0,0.0,41.7658,-72.6734,2024,1,18,19
2024-01-18 20:00:00,0.0,0.0,0.0,0.0,-3.7,72,5.3,208,1014.2,100,0,100,76,0.0,0.0,41.7658,-72.6734,2024,1,18,20
2024-01-18 21:00:00,0.0,0.0,0.0,0.0,-3.6,73,4.6,219,1014.2,100,0,100,92,0.0,0.0,41.7658,-72.6734,2024,1,18,21
2024-01-18 22:00:00,0.0,0.0,0.0,0.0,-3.4,74,4.8,222,1014.4,100,0,100,93,0.0,0.0,41.7658,-72.6734,2024,1,18,22
2024-01-18 23:00:00,0.0,0.0,0.0,0.0,-3.5,76,4.3,228,1014.1,99,1,93,87,0.0,0.0,41.7658,-72.6734,2024,1,18,23
2024-01-19 00:00:00,0.0,0.0,0.0,0.0,-3.6,80,4.9,253,1013.4,100,1,98,100,0.0,0.0,41.7658,-72.6734,2024,1,19,0
2024-01-19 01:00:00,0.0,0.0,0.0,0.0,-3.1,70,4.5,284,1012.8,100,0,99,100,0.0,0.0,41.7658,-72.6734,2024,1,19,1
2024-01-19 02:00:00,0.0,0.0,0.0,0.0,-3.5,74,3.8,17,1012.0,89,0,83,37,0.0,0.0,41.7658,-72.6734,2024,1,19,2
2024-01-19 03:00:00,0.0,0.0,0.0,0.0,-4.0,76,2.3,39,1012.3,100,0,79,100,0.0,0.0,41.7658,-72.6734,2024,1,19,3
2024-01-19 04:00:00,0.0,0.0,0.0,0.0,-4.2,77,1.8,37,1011.3,100,0,3,100,0.0,0.0,41.7658,-72.6734,2024,1,19,4
2024-01-19 05:00:00,0.0,0.0,0.0,0.0,-5.9,83,6.0,327,1010.6,100,0,63,100,0.0,0.0,41.7658,-72.6734,2024,1,19,5
2024-01-19 06:00:00,0.0,0.0,0.0,0.0,-6.1,86,5.1,356,1010.2,100,1,100,100,0.0,0.0,41.7658,-72.6734,2024,1,19,6
2024-01-19 07:00:00,0.0,0.0,0.0,0.0,-5.8,86,5.4,8,1009.8,100,0,100,100,0.0,0.0,41.7658,-72.6734,2024,1,19,7
2024-01-19 08:00:00,0.0,0.0,0.0,0.0,-5.6,85,4.7,9,1009.4,100,0,100,100,0.0,0.0,41.7658,-72.6734,2024,1,19,8
2024-01-19 09:00:00,9.0,0.0,9.0,0.0,-5.2,81,4.7,9,1008.7,100,1,100,100,0.1,0.0,41.7658,-72.6734,2024,1,19,9
2024-01-19 10:00:00,59.0,1.0,58.0,5.3,-4.6,77,5.6,15,1008.3,100,16,100,100,0.2,0.0,41.7658,-72.6734,2024,1,19,10
2024-01-19 11:00:00,106.0,2.0,104.0,6.3,-3.9,73,6.8,360,1008.1,100,23,100,97,0.2,0.0,41.7658,-72.6734,2024,1,19,11
2024-01-19 12:00:00,213.0,18.0,195.0,43.8,-2.8,68,8.3,2,1007.4,100,0,100,100,0.2,0.0,41.7658,-72.6734,2024,1,19,12
2024-01-19 13:00:00,177.0,5.0,172.0,10.9,-2.6,69,8.3,5,1005.7,100,56,100,93,0.2,0.0,41.7658,-72.6734,2024,1,19,13
2024-01-19 14:00:00,131.0,4.0,127.0,8.7,-3.0,72,13.0,3,1004.4,100,40,100,100,0.3,0.0,41.7658,-72.6734,2024,1,19,14
2024-01-19 15:00:00,189.0,13.0,176.0,31.4,-2.7,70,14.4,4,1003.5,100,48,100,96,0.2,0.0,41.7658,-72.6734,2024,1,19,15
2024-01-19 16:00:00,132.0,5.0,127.0,15.4,-2.9,69,13.7,358,1003.3,100,3,100,100,0.2,0.0,41.7658,-72.6734,2024,1,19,16
2024-01-19 17:00:00,68.0,2.0,66.0,10.2,-3.3,68,12.3,353,1003.5,100,0,100,100,0.1,0.0,41.7658,-72.6734,2024,1,19,17
2024-01-19 18:00:00,13.0,0.0,13.0,0.0,-3.9,70,10.8,360,1003.8,100,2,100,100,0.1,0.0,41.7658,-72.6734,2024,1,19,18
2024-01-19 19:00:00,0.0,0.0,0.0,0.0,-4.6,71,10.8,4,1004.4,100,50,100,100,0.1,0.0,41.7658,-72.6734,2024,1,19,19
2024-01-19 20:00:00,0.0,0.0,0.0,0.0,-5.0,75,7.7,349,1004.9,100,19,100,100,0.1,0.0,41.7658,-72.6734,2024,1,19,20
2024-01-19 21:00:00,0.0,0.0,0.0,0.0,-4.9,65,13.3,327,1005.0,100,0,100,100,0.0,0.0,41.7658,-72.6734,2024,1,19,21
2024-01-19 22:00:00,0.0,0.0,0.0,0.0,-5.7,62,12.9,337,1005.4,100,0,95,100,0.0,0.0,41.7658,-72.6734,2024,1,19,22
2024-01-19 23:00:00,0.0,0.0,0.0,0.0,-6.8,66,10.1,333,1005.6,97,2,95,87,0.0,0.0,41.7658,-72.6734,2024,1,19,23
2024-01-20 00:00:00,0.0,0.0,0.0,0.0,-7.4,68,10.7,327,1005.7,96,2,94,45,0.0,0.0,41.7658,-72.6734,2024,1,20,0
2024-01-20 01:00:00,0.0,0.0,0.0,0.0,-8.0,67,11.1,324,1005.9,57,2,42,26,0.0,0.0,41.7658,-72.6734,2024,1,20,1
2024-01-20 02:00:00,0.0,0.0,0.0,0.0,-8.6,67,10.0,322,1006.4,41,11,23,15,0.0,0.0,41.7658,-72.6734,2024,1,20,2
2024-01-20 03:00:00,0.0,0.0,0.0,0.0,-9.4,69,9.2,321,1007.0,52,10,10,44,0.0,0.0,41.7658,-72.6734,2024,1,20,3
2024-01-20 04:00:00,0.0,0.0,0.0,0.0,-10.1,71,8.4,313,1007.3,99,3,63,99,0.0,0.0,41.7658,-72.6734,2024,1,20,4
2024-01-20 05:00:00,0.0,0.0,0.0,0.0,-10.4,69,10.0,308,1007.7,58,0,58,0,0.0,0.0,41.7658,-72.6734,2024,1,20,5
2024-01-20 06:00:00,0.0,0.0,0.0,0.0,-11.2,67,10.0,311,1008.3,85,0,81,59,0.0,0.0,41.7658,-72.6734,2024,1,20,6
2024-01-20 07:00:00,0.0,0.0,0.0,0.0,-11.6,66,9.2,312,1008.8,99,0,99,42,0.0,0.0,41.7658,-72.6734,2024,1,20,7
2024-01-20 08:00:00,0.0,0.0,0.0,0.0,-11.9,64,6.3,294,1009.1,98,0,97,21,0.0,0.0,41.7658,-72.6734,2024,1,20,8
2024-01-20 09:00:00,20.0,3.0,17.0,39.6,-11.2,59,9.1,304,1009.2,99,0,98,62,0.0,0.0,41.7658,-72.6734,2024,1,20,9
2024-01-20 10:00:00,116.0,28.0,88.0,145.9,-10.8,57,11.0,308,1009.3,100,1,100,89,0.0,2578.35,41.7658,-72.6734,2024,1,20,10
2024-01-20 11:00:00,224.0,69.0,155.0,214.6,-9.9,56,11.0,308,1008.8,100,0,100,99,0.0,3600.0,41.7658,-72.6734,2024,1,20,11
2024-01-20 12:00:00,327.0,146.0,181.0,352.8,-8.9,53,13.9,307,1008.4,100,0,100,100,0.0,3600.0,41.7658,-72.6734,2024,1,20,12
2024-01-20 13:00:00,330.0,77.0,253.0,166.6,-8.3,52,13.3,311,1007.9,100,5,100,6,0.0,3198.04,41.7658,-72.6734,2024,1,20,13
2024-01-20 14:00:00,358.0,121.0,237.0,261.1,-7.8,52,14.9,307,1007.8,100,26,100,100,0.0,3600.0,41.7658,-72.6734,2024,1,20,14
2024-01-20 15:00:00,319.0,108.0,211.0,258.6,-7.4,51,14.6,310,1008.0,100,89,100,100,0.0,3600.0,41.7658,-72.6734,2024,1,20,15
2024-01-20 16:00:00,175.0,23.0,152.0,70.2,-7.5,54,14.8,311,1008.4,100,100,100,100,0.0,306.03,41.7658,-72.6734,2024,1,20,16
2024-01-20 17:00:00,73.0,0.0,73.0,0.0,-7.8,59,13.5,314,1008.9,100,100,100,100,0.1,0.0,41.7658,-72.6734,2024,1,20,17
2024-01-20 18:00:00,17.0,0.0,17.0,0.0,-8.4,64,11.5,314,1009.7,100,95,100,100,0.1,0.0,41.7658,-72.6734,2024,1,20,18
2024-01-20 19:00:00,0.0,0.0,0.0,0.0,-8.4,64,12.0,319,1010.5,100,98,100,78,0.1,0.0,41.7658,-72.6734,2024,1,20,19
2024-01-20 20:00:00,0.0,0.0,0.0,0.0,-8.6,66,10.8,323,1011.1,100,45,100,2,0.1,0.0,41.7658,-72.6734,2024,1,20,20
2024-01-20 21:00:00,0.0,0.0,0.0,0.0,-9.5,66,15.9,321,1011.4,92,24,89,0,0.0,0.0,41.7658,-72.6734,2024,1,20,21
2024-01-20 22:00:00,0.0,0.0,0.0,0.0,-9.7,65,15.3,326,1011.9,89,26,86,0,0.0,0.0,41.7658,-72.6734,2024,1,20,22
2024-01-20 23:00:00,0.0,0.0,0.0,0.0,-10.2,66,15.1,332,1012.6,55,48,17,0,0.0,0.0,41.7658,-72.6734,2024,1,20,23
2024-01-21 00:00:00,0.0,0.0,0.0,0.0,-11.1,68,13.9,335,1013.2,33,26,15,0,0.0,0.0,41.7658,-72.6734,2024,1,21,0
2024-01-21 01:00:00,0.0,0.0,0.0,0.0,-11.4,68,12.4,338,1013.8,22,14,16,0,0.0,0.0,41.7658,-72.6734,2024,1,21,1
2024-01-21 02:00:00,0.0,0.0,0.0,0.0,-11.6,69,11.5,346,1014.4,14,12,7,0,0.0,0.0,41.7658,-72.6734,2024,1,21,2
2024-01-21 03:00:00,0.0,0.0,0.0,0.0,-11.8,70,9.9,350,1015.3,8,8,1,0,0.0,0.0,41.7658,-72.6734,2024,1,21,3
2024-01-21 04:00:00,0.0,0.0,0.0,0.0,-12.1,71,9.7,345,1015.9,7,7,0,0,0.0,0.0,41.7658,-72.6734,2024,1,21,4
2024-01-21 05:00:00,0.0,0.0,0.0,0.0,-12.2,71,9.6,340,1016.6,1,1,1,0,0.0,0.0,41.7658,-72.6734,2024,1,21,5
2024-01-21 06:00:00,0.0,0.0,0.0,0.0,-12.3,71,9.8,336,1017.5,0,0,0,0,0.0,0.0,41.7658,-72.6734,2024,1,21,6
2024-01-21 07:00:00,0.0,0.0,0.0,0.0,-12.4,70,10.5,333,1018.5,0,0,0,0,0.0,0.0,41.7658,-72.6734,2024,1,21,7
2024-01-21 08:00:00,0.0,0.0,0.0,0.0,-12.7,68,10.7,327,1019.5,0,0,0,0,0.0,0.0,41.7658,-72.6734,2024,1,21,8
2024-01-21 09:00:00,27.0,15.0,12.0,194.9,-11.9,64,12.5,327,1020.1,0,0,0,0,0.0,2557.32,41.7658,-72.6734,2024,1,21,9
2024-01-21 10:00:00,165.0,117.0,48.0,602.6,-11.0,57,12.4,324,1020.9,0,0,0,0,0.0,3600.0,41.7658,-72.6734,2024,1,21,10
2024-01-21 11:00:00,316.0,248.0,68.0,764.9,-10.0,54,11.2,320,1021.6,0,0,0,0,0.0,3600.0,41.7658,-72.6734,2024,1,21,11
2024-01-21 12:00:00,430.0,353.0,77.0,847.0,-8.3,50,11.3,323,1021.5,0,0,0,0,0.0,3600.0,41.7658,-72.6734,2024,1,21,12
2024-01-21 13:00:00,492.0,411.0,81.0,883.0,-6.8,47,11.5,321,1021.1,0,0,0,0,0.0,3600.0,41.7658,-72.6734,2024,1,21,13
2024-01-21 14:00:00,496.0,415.0,81.0,888.6,-5.7,46,11.2,318,1020.8,0,0,0,0,0.0,3600.0,41.7658,-72.6734,2024,1,21,14
2024-01-21 15:00:00,440.0,364.0,76.0,864.1,-5.1,46,13.0,321,1021.1,0,0,0,0,0.0,3600.0,41.7658,-72.6734,2024,1,21,15
2024-01-21 16:00:00,327.0,260.0,67.0,784.6,-5.0,48,11.0,322,1021.9,0,0,0,0,0.0,3600.0,41.7658,-72.6734,2024,1,21,16
2024-01-21 17:00:00,177.0,128.0,49.0,629.0,-5.6,53,7.4,321,1022.8,0,0,0,0,0.0,3600.0,41.7658,-72.6734,2024,1,21,17
2024-01-21 18:00:00,34.0,20.0,14.0,243.0,-7.3,62,8.2,319,1023.8,0,0,0,0,0.0,2788.14,41.7658,-72.6734,2024,1,21,18
2024-01-21 19:00:00,0.0,0.0,0.0,0.0,-8.1,66,8.4,313,1024.8,0,0,0,0,0.0,0.0,41.7658,-72.6734,2024,1,21,19
2024-01-21 20:00:00,0.0,0.0,0.0,0.0,-8.2,68,9.2,318,1025.9,0,0,0,0,0.0,0.0,41.7658,-72.6734,2024,1,21,20
2024-01-21 21:00:00,0.0,0.0,0.0,0.0,-7.7,68,8.7,336,1025.9,0,0,0,0,0.0,0.0,41.7658,-72.6734,2024,1,21,21
2024-01-21 22:00:00,0.0,0.0,0.0,0.0,-8.0,70,8.2,345,1026.3,14,0,0,14,0.0,0.0,41.7658,-72.6734,2024,1,21,22
2024-01-21 23:00:00,0.0,0.0,0.0,0.0,-8.1,70,7.8,347,1026.6,9,0,0,9,0.0,0.0,41.7658,-72.6734,2024,1,21,23
2024-01-22 00:00:00,0.0,0.0,0.0,0.0,-10.1,73,10.1,356,1027.1,1,0,0,1,0.0,0.0,41.7658,-72.6734,2024,1,22,0
2024-01-22 01:00:00,0.0,0.0,0.0,0.0,-10.9,73,10.5,4,1027.4,0,0,0,0,0.0,0.0,41.7658,-72.6734,2024,1,22,1
2024-01-22 02:00:00,0.0,0.0,0.0,0.0,-7.0,58,8.4,350,1027.5,0,0,0,0,0.0,0.0,41.7658,-72.6734,2024,1,22,2
2024-01-22 03:00:00,0.0,0.0,0.0,0.0,-6.8,56,6.6,283,1027.9,0,0,0,0,0.0,0.0,41.7658,-72.6734,2024,1,22,3
2024-01-22 04:00:00,0.0,0.0,0.0,0.0,-10.3,67,8.3,265,1028.1,0,0,0,0,0.0,0.0,41.7658,-72.6734,2024,1,22,4
2024-01-22 05:00:00,0.0,0.0,0.0,0.0,-10.4,70,8.3,265,1028.0,0,0,0,0,0.0,0.0,41.7658,-72.6734,2024,1,22,5
2024-01-22 06:00:00,0.0,0.0,0.0,0.0,-10.6,74,7.8,257,1028.2,0,0,0,0,0.0,0.0,41.7658,-72.6734,2024,1,22,6
2024-01-22 07:00:00,0.0,0.0,0.0,0.0,-10.7,79,9.5,261,1028.7,3,0,0,3,0.0,0.0,41.7658,-72.6734,2024,1,22,7
2024-01-22 08:00:00,0.0,0.0,0.0,0.0,-11.0,82,6.9,231,1028.9,0,0,0,0,0.0,0.0,41.7658,-72.6734,2024,1,22,8
2024-01-22 09:00:00,28.0,16.0,12.0,204.7,-10.5,77,7.3,250,1029.6,0,0,0,0,0.0,2598.79,41.7658,-72.6734,2024,1,22,9
2024-01-22 10:00:00,164.0,116.0,48.0,590.1,-6.4,70,6.1,230,1029.8,0,0,0,0,0.0,3600.0,41.7658,-72.6734,2024,1,22,10
2024-01-22 11:00:00,310.0,245.0,65.0,749.2,-3.4,65,2.9,240,1029.8,0,0,0,0,0.0,3600.0,41.7658,-72.6734,2024,1,22,11
2024-01-22 12:00:00,420.0,346.0,74.0,824.1,-1.1,57,2.6,214,1028.9,59,0,0,59,0.0,3600.0,41.7658,-72.6734,2024,1,22,12
2024-01-22 13:00:00,482.0,401.0,81.0,855.3,0.6,49,5.8,210,1027.6,94,0,0,94,0.0,3600.0,41.7658,-72.6734,2024,1,22,13
2024-01-22 14:00:00,468.0,357.0,111.0,758.6,1.9,43,7.9,210,1027.1,68,0,11,64,0.0,3600.0,41.7658,-72.6734,2024,1,22,14
2024-01-22 15:00:00,404.0,293.0,111.0,689.4,2.4,40,9.8,216,1026.2,100,0,19,100,0.0,3600.0,41.7658,-72.6734,2024,1,22,15
2024-01-22 16:00:00,209.0,40.0,169.0,119.3,2.2,41,9.4,212,1025.7,100,0,94,100,0.0,1779.73,41.7658,-72.6734,2024,1,22,16
2024-01-22 17:00:00,71.0,3.0,68.0,14.5,1.5,47,8.2,209,1025.8,100,0,100,100,0.0,0.0,41.7658,-72.6734,2024,1,22,17
2024-01-22 18:00:00,14.0,0.0,14.0,0.0,0.4,53,8.6,202,1025.9,100,0,100,100,0.0,0.0,41.7658,-72.6734,2024,1,22,18
2024-01-22 19:00:00,0.0,0.0,0.0,0.0,0.0,55,10.1,197,1026.0,100,0,99,100,0.0,0.0,41.7658,-72.6734,2024,1,22,19
2024-01-22 20:00:00,0.0,0.0,0.0,0.0,0.0,55,11.6,202,1026.0,100,0,98,78,0.0,0.0,41.7658,-72.6734,2024,1,22,20
2024-01-22 21:00:00,0.0,0.0,0.0,0.0,-0.2,59,12.2,204,1025.1,97,0,97,7,0.7,0.0,41.7658,-72.6734,2024,1,22,21
2024-01-22 22:00:00,0.0,0.0,0.0,0.0,0.1,57,13.7,210,1024.9,86,2,85,3,0.0,0.0,41.7658,-72.6734,2024,1,22,22
2024-01-22 23:00:00,0.0,0.0,0.0,0.0,0.1,56,13.7,215,1025.0,93,7,92,12,0.0,0.0,41.7658,-72.6734,2024,1,22,23
2024-01-23 00:00:00,0.0,0.0,0.0,0.0,0.2,56,12.9,210,1024.8,100,9,89,100,0.0,0.0,41.7658,-72.6734,2024,1,23,0
2024-01-23 01:00:00,0.0,0.0,0.0,0.0,0.3,56,11.6,202,1024.6,100,12,99,100,0.0,0.0,41.7658,-72.6734,2024,1,23,1
2024-01-23 02:00:00,0.0,0.0,0.0,0.0,0.5,56,10.8,201,1024.3,96,7,90,62,0.0,0.0,41.7658,-72.6734,2024,1,23,2
2024-01-23 03:00:00,0.0,0.0,0.0,0.0,0.3,58,10.2,203,1024.2,99,24,93,76,0.0,0.0,41.7658,-72.6734,2024,1,23,3
2024-01-23 04:00:00,0.0,0.0,0.0,0.0,0.4,60,8.7,204,1024.2,96,8,92,43,0.0,0.0,41.7658,-72.6734,2024,1,23,4
2024-01-23 05:00:00,0.0,0.0,0.0,0.0,-0.2,65,6.4,218,1024.4,68,13,46,41,0.0,0.0,41.7658,-72.6734,2024,1,23,5
2024-01-23 06:00:00,0.0,0.0,0.0,0.0,-1.3,68,6.3,239,1024.4,81,10,28,73,0.0,0.0,41.7658,-72.6734,2024,1,23,6
2024-01-23 07:00:00,0.0,0.0,0.0,0.0,-1.1,68,8.4,245,1024.9,75,11,40,68,0.0,0.0,41.7658,-72.6734,2024,1,23,7
2024-01-23 08:00:00,0.0,0.0,0.0,0.0,-1.3,71,8.0,252,1025.8,100,9,100,92,0.0,0.0,41.7658,-72.6734,2024,1,23,8
2024-01-23 09:00:00,11.0,1.0,10.0,12.6,-0.5,72,5.6,285,1026.2,89,5,85,42,0.0,0.0,41.7658,-72.6734,2024,1,23,9
2024-01-23 10:00:00,72.0,13.0,59.0,65.3,0.7,75,8.5,258,1026.7,100,0,99,92,0.0,158.82,41.7658,-72.6734,2024,1,23,10
2024-01-23 11:00:00,68.0,0.0,68.0,0.0,1.4,75,5.9,259,1027.3,100,0,100,90,0.0,0.0,41.7658,-72.6734,2024,1,23,11
2024-01-23 12:00:00,80.0,1.0,79.0,2.4,2.4,68,5.6,285,1027.9,100,1,100,100,0.0,0.0,41.7658,-72.6734,2024,1,23,12
2024-01-23 13:00:00,71.0,0.0,71.0,0.0,2.2,72,4.6,288,1027.6,100,1,100,100,0.1,0.0,41.7658,-72.6734,2024,1,23,13
2024-01-23 14:00:00,76.0,0.0,76.0,0.0,2.8,68,5.9,284,1027.8,100,1,100,100,0.3,0.0,41.7658,-72.6734,2024,1,23,14
2024-01-23 15:00:00,51.0,0.0,51.0,0.0,2.2,75,3.1,315,1027.7,100,0,100,100,0.3,0.0,41.7658,-72.6734,2024,1,23,15
2024-01-23 16:00:00,49.0,0.0,49.0,0.0,1.9,80,2.4,333,1028.4,100,13,100,100,0.3,0.0,41.7658,-72.6734,2024,1,23,16
2024-01-23 17:00:00,23.0,0.0,23.0,0.0,1.2,87,2.6,56,1028.9,100,0,100,100,0.2,0.0,41.7658,-72.6734,2024,1,23,17
2024-01-23 18:00:00,7.0,0.0,7.0,0.0,0.9,90,0.8,207,1029.7,100,8,100,100,0.2,0.0,41.7658,-72.6734,2024,1,23,18
2024-01-23 19:00:00,0.0,0.0,0.0,0.0,0.1,96,1.5,166,1030.5,100,28,100,100,0.3,0.0,41.7658,-72.6734,2024,1,23,19
2024-01-23 20:00:00,0.0,0.0,0.0,0.0,0.4,96,0.0,270,1031.0,100,100,100,100,0.3,0.0,41.7658,-72.6734,2024,1,23,20
2024-01-23 21:00:00,0.0,0.0,0.0,0.0,0.1,98,2.7,203,1030.9,100,95,100,100,0.2,0.0,41.7658,-72.6734,2024,1,23,21
2024-01-23 22:00:00,0.0,0.0,0.0,0.0,0.0,99,1.3,124,1030.9,100,99,100,99,0.1,0.0,41.7658,-72.6734,2024,1,23,22
2024-01-23 23:00:00,0.0,0.0,0.0,0.0,0.0,99,2.5,82,1031.0,100,99,100,100,0.2,0.0,41.7658,-72.6734,2024,1,23,23
2024-01-24 00:00:00,0.0,0.0,0.0,0.0,-0.1,99,4.0,80,1031.3,100,11,100,100,0.5,0.0,41.7658,-72.6734,2024,1,24,0
2024-01-24 01:00:00,0.0,0.0,0.0,0.0,0.0,99,5.9,101,1031.0,100,89,100,92,0.8,0.0,41.7658,-72.6734,2024,1,24,1
2024-01-24 02:00:00,0.0,0.0,0.0,0.0,0.1,98,4.5,104,1030.9,100,100,100,99,0.4,0.0,41.7658,-72.6734,2024,1,24,2
2024-01-24 03:00:00,0.0,0.0,0.0,0.0,0.1,97,4.7,122,1031.1,100,77,99,99,0.1,0.0,41.7658,-72.6734,2024,1,24,3
2024-01-24 04:00:00,0.0,0.0,0.0,0.0,-0.1,97,4.1,135,1031.3,100,99,100,62,0.2,0.0,41.7658,-72.6734,2024,1,24,4
2024-01-24 05:00:00,0.0,0.0,0.0,0.0,0.3,96,5.2,124,1030.8,100,97,100,23,0.0,0.0,41.7658,-72.6734,2024,1,24,5
2024-01-24 06:00:00,0.0,0.0,0.0,0.0,0.4,95,6.1,130,1030.6,100,94,100,45,0.1,0.0,41.7658,-72.6734,2024,1,24,6
2024-01-24 07:00:00,0.0,0.0,0.0,0.0,0.5,95,5.6,130,1030.5,100,99,100,100,0.0,0.0,41.7658,-72.6734,2024,1,24,7
2024-01-24 08:00:00,0.0,0.0,0.0,0.0,0.7,93,5.6,135,1030.7,100,100,100,76,0.0,0.0,41.7658,-72.6734,2024,1,24,8
2024-01-24 09:00:00,4.0,0.0,4.0,0.0,0.5,94,4.6,135,1030.9,100,93,100,73,0.1,0.0,41.7658,-72.6734,2024,1,24,9
2024-01-24 10:00:00,18.0,0.0,18.0,0.0,0.9,95,2.8,130,1031.0,100,100,100,90,0.2,0.0,41.7658,-72.6734,2024,1,24,10
2024-01-24 11:00:00,30.0,0.0,30.0,0.0,1.3,94,4.1,142,1030.5,100,82,100,18,0.4,0.0,41.7658,-72.6734,2024,1,24,11
2024-01-24 12:00:00,81.0,0.0,81.0,0.0,2.4,91,5.5,157,1030.1,100,98,100,100,0.2,0.0,41.7658,-72.6734,2024,1,24,12
2024-01-24 13:00:00,107.0,1.0,106.0,2.1,3.3,86,5.5,169,1028.8,100,100,100,100,0.0,0.0,41.7658,-72.6734,2024,1,24,13
2024-01-24 14:00:00,101.0,0.0,101.0,0.0,3.8,87,5.4,160,1028.1,100,100,100,100,0.0,0.0,41.7658,-72.6734,2024,1,24,14
2024-01-24 15:00:00,90.0,0.0,90.0,0.0,3.8,91,3.9,158,1027.0,100,100,100,90,0.1,0.0,41.7658,-72.6734,2024,1,24,15
2024-01-24 16:00:00,72.0,0.0,72.0,0.0,3.5,94,5.2,146,1026.7,100,100,100,100,0.2,0.0,41.7658,-72.6734,2024,1,24,16
2024-01-24 17:00:00,15.0,0.0,15.0,0.0,2.4,96,6.8,122,1026.2,100,100,100,100,0.4,0.0,41.7658,-72.6734,2024,1,24,17
2024-01-24 18:00:00,5.0,0.0,5.0,0.0,2.9,96,7.3,147,1025.2,100,100,100,100,0.4,0.0,41.7658,-72.6734,2024,1,24,18
2024-01-24 19:00:00,0.0,0.0,0.0,0.0,3.0,97,8.5,168,1025.0,100,100,100,100,0.2,0.0,41.7658,-72.6734,2024,1,24,19
2024-01-24 20:00:00,0.0,0.0,0.0,0.0,3.1,98,7.9,177,1024.4,100,100,100,100,0.2,0.0,41.7658,-72.6734,2024,1,24,20
2024-01-24 21:00:00,0.0,0.0,0.0,0.0,2.8,99,7.6,185,1023.2,100,100,100,100,0.9,0.0,41.7658,-72.6734,2024,1,24,21
2024-01-24 22:00:00,0.0,0.0,0.0,0.0,2.9,99,7.6,188,1022.3,100,100,100,100,1.6,0.0,41.7658,-72.6734,2024,1,24,22
2024-01-24 23:00:00,0.0,0.0,0.0,0.0,3.1,99,6.8,183,1021.3,100,100,100,100,2.2,0.0,41.7658,-72.6734,2024,1,24,23
2024-01-25 00:00:00,0.0,0.0,0.0,0.0,3.1,99,6.1,208,1020.7,100,100,100,100,1.6,0.0,41.7658,-72.6734,2024,1,25,0
2024-01-25 01:00:00,0.0,0.0,0.0,0.0,3.7,100,8.7,187,1019.3,100,100,100,100,1.2,0.0,41.7658,-72.6734,2024,1,25,1
2024-01-25 02:00:00,0.0,0.0,0.0,0.0,4.3,100,11.6,187,1017.6,100,95,100,100,1.1,0.0,41.7658,-72.6734,2024,1,25,2
2024-01-25 03:00:00,0.0,0.0,0.0,0.0,5.4,99,14.4,193,1016.4,100,84,100,100,0.6,0.0,41.7658,-72.6734,2024,1,25,3
2024-01-25 04:00:00,0.0,0.0,0.0,0.0,6.4,98,14.8,198,1015.8,100,57,100,100,0.6,0.0,41.7658,-72.6734,2024,1,25,4
2024-01-25 05:00:00,0.0,0.0,0.0,0.0,7.2,97,13.7,203,1015.3,100,93,100,100,0.6,0.0,41.7658,-72.6734,2024,1,25,5
2024-01-25 06:00:00,0.0,0.0,0.0,0.0,7.4,97,11.7,198,1014.9,100,85,100,100,0.5,0.0,41.7658,-72.6734,2024,1,25,6
2024-01-25 07:00:00,0.0,0.0,0.0,0.0,7.2,98,8.4,190,1015.4,100,58,100,100,0.5,0.0,41.7658,-72.6734,2024,1,25,7
2024-01-25 08:00:00,0.0,0.0,0.0,0.0,7.2,98,10.1,182,1015.6,100,31,100,100,0.4,0.0,41.7658,-72.6734,2024,1,25,8
2024-01-25 09:00:00,3.0,0.0,3.0,0.0,6.4,98,10.3,209,1015.5,100,13,100,100,0.1,0.0,41.7658,-72.6734,2024,1,25,9
2024-01-25 10:00:00,36.0,0.0,36.0,0.0,6.1,98,6.6,229,1015.7,100,8,100,100,0.1,0.0,41.7658,-72.6734,2024,1,25,10
2024-01-25 11:00:00,59.0,0.0,59.0,0.0,6.1,98,5.9,256,1016.1,100,13,100,100,0.1,0.0,41.7658,-72.6734,2024,1,25,11
2024-01-25 12:00:00,135.0,7.0,128.0,16.3,8.0,92,5.6,315,1016.5,100,11,97,100,0.0,0.0,41.7658,-72.6734,2024,1,25,12
2024-01-25 13:00:00,159.0,12.0,147.0,25.0,8.7,91,3.4,58,1016.0,100,11,100,100,0.0,0.0,41.7658,-72.6734,2024,1,25,13
2024-01-25 14:00:00,157.0,16.0,141.0,33.2,9.5,90,4.6,18,1016.1,100,10,31,100,0.0,0.0,41.7658,-72.6734,2024,1,25,14
2024-01-25 15:00:00,221.0,47.0,174.0,107.6,10.6,87,1.3,56,1015.9,100,5,94,100,0.0,1428.66,41.7658,-72.6734,2024,1,25,15
2024-01-25 16:00:00,132.0,13.0,119.0,37.5,10.6,86,0.4,180,1016.0,100,5,100,100,0.0,0.0,41.7658,-72.6734,2024,1,25,16
2024-01-25 17:00:00,50.0,0.0,50.0,0.0,9.4,91,4.5,29,1016.4,100,1,68,100,0.0,0.0,41.7658,-72.6734,2024,1,25,17
2024-01-25 18:00:00,20.0,3.0,17.0,33.2,7.9,95,6.2,10,1016.8,100,4,68,100,0.0,0.0,41.7658,-72.6734,2024,1,25,18
2024-01-25 19:00:00,0.0,0.0,0.0,0.0,6.0,98,6.2,36,1017.6,100,9,5,100,0.0,0.0,41.7658,-72.6734,2024,1,25,19
2024-01-25 20:00:00,0.0,0.0,0.0,0.0,4.8,100,6.3,24,1018.9,100,100,9,100,0.0,0.0,41.7658,-72.6734,2024,1,25,20
2024-01-25 21:00:00,0.0,0.0,0.0,0.0,5.3,98,6.3,59,1019.3,100,100,0,100,0.0,0.0,41.7658,-72.6734,2024,1,25,21
2024-01-25 22:00:00,0.0,0.0,0.0,0.0,5.5,97,8.0,82,1020.0,100,100,2,100,0.0,0.0,41.7658,-72.6734,2024,1,25,22
2024-01-25 23:00:00,0.0,0.0,0.0,0.0,4.9,94,8.6,75,1020.5,100,100,18,100,0.0,0.0,41.7658,-72.6734,2024,1,25,23
2024-01-26 00:00:00,0.0,0.0,0.0,0.0,4.3,90,8.8,71,1021.0,100,100,93,100,0.0,0.0,41.7658,-72.6734,2024,1,26,0
2024-01-26 01:00:00,0.0,0.0,0.0,0.0,3.8,89,8.0,63,1020.4,100,100,100,100,0.0,0.0,41.7658,-72.6734,2024,1,26,1
2024-01-26 02:00:00,0.0,0.0,0.0,0.0,3.5,88,7.8,56,1019.7,100,100,100,20,0.0,0.0,41.7658,-72.6734,2024,1,26,2
2024-01-26 03:00:00,0.0,0.0,0.0,0.0,2.9,91,7.7,53,1019.1,100,100,100,98,0.1,0.0,41.7658,-72.6734,2024,1,26,3
2024-01-26 04:00:00,0.0,0.0,0.0,0.0,2.7,92,7.2,53,1018.3,100,100,100,100,0.1,0.0,41.7658,-72.6734,2024,1,26,4
2024-01-26 05:00:00,0.0,0.0,0.0,0.0,2.6,92,6.5,34,1017.7,100,100,100,100,0.5,0.0,41.7658,-72.6734,2024,1,26,5
2024-01-26 06:00:00,0.0,0.0,0.0,0.0,2.3,95,7.6,45,1017.3,100,100,100,100,3.9,0.0,41.7658,-72.6734,2024,1,26,6
2024-01-26 07:00:00,0.0,0.0,0.0,0.0,2.4,94,8.3,90,1017.0,100,100,100,96,3.2,0.0,41.7658,-72.6734,2024,1,26,7
2024-01-26 08:00:00,0.0,0.0,0.0,0.0,2.5,95,7.4,76,1016.2,100,100,100,96,0.8,0.0,41.7658,-72.6734,2024,1,26,8
2024-01-26 09:00:00,4.0,0.0,4.0,0.0,2.4,95,6.9,39,1016.9,100,100,100,99,0.8,0.0,41.7658,-72.6734,2024,1,26,9
2024-01-26 10:00:00,18.0,0.0,18.0,0.0,2.4,96,8.8,35,1016.6,100,100,100,99,0.8,0.0,41.7658,-72.6734,2024,1,26,10
2024-01-26 11:00:00,34.0,0.0,34.0,0.0,2.6,97,10.5,16,1016.6,100,100,83,97,0.4,0.0,41.7658,-72.6734,2024,1,26,11
2024-01-26 12:00:00,45.0,0.0,45.0,0.0,2.9,97,7.9,30,1015.2,100,100,89,92,0.3,0.0,41.7658,-72.6734,2024,1,26,12
2024-01-26 13:00:00,108.0,6.0,102.0,12.4,3.9,92,8.5,54,1013.5,100,100,0,25,0.1,0.0,41.7658,-72.6734,2024,1,26,13
2024-01-26 14:00:00,138.0,9.0,129.0,18.5,4.6,91,7.0,35,1012.6,100,100,1,48,0.0,0.0,41.7658,-72.6734,2024,1,26,14
2024-01-26 15:00:00,92.0,2.0,90.0,4.5,4.8,91,6.3,13,1011.9,100,100,0,100,0.0,0.0,41.7658,-72.6734,2024,1,26,15
2024-01-26 16:00:00,62.0,2.0,60.0,5.7,4.6,92,5.9,346,1011.6,100,100,24,54,0.0,0.0,41.7658,-72.6734,2024,1,26,16
2024-01-26 17:00:00,60.0,0.0,60.0,0.0,4.6,92,4.7,351,1011.8,100,100,0,95,0.0,0.0,41.7658,-72.6734,2024,1,26,17
2024-01-26 18:00:00,18.0,1.0,17.0,10.8,3.6,97,7.3,351,1012.2,100,100,2,100,0.0,0.0,41.7658,-72.6734,2024,1,26,18
2024-01-26 19:00:00,0.0,0.0,0.0,0.0,3.1,98,6.6,347,1012.9,100,100,2,100,0.0,0.0,41.7658,-72.6734,2024,1,26,19
2024-01-26 20:00:00,0.0,0.0,0.0,0.0,2.7,99,6.0,343,1013.5,100,100,3,100,0.0,0.0,41.7658,-72.6734,2024,1,26,20
2024-01-26 21:00:00,0.0,0.0,0.0,0.0,2.2,98,4.7,4,1014.8,100,100,11,0,0.0,0.0,41.7658,-72.6734,2024,1,26,21
2024-01-26 22:00:00,0.0,0.0,0.0,0.0,1.5,99,3.4,328,1014.9,100,100,39,0,0.0,0.0,41.7658,-72.6734,2024,1,26,22
2024-01-26 23:00:00,0.0,0.0,0.0,0.0,1.9,98,7.1,345,1015.3,100,100,0,1,0.0,0.0,41.7658,-72.6734,2024,1,26,23
2024-01-27 00:00:00,0.0,0.0,0.0,0.0,1.9,97,9.1,7,1015.3,100,100,1,0,0.0,0.0,41.7658,-72.6734,2024,1,27,0
2024-01-27 01:00:00,0.0,0.0,0.0,0.0,1.9,97,8.7,7,1015.5,100,100,0,21,0.0,0.0,41.7658,-72.6734,2024,1,27,1
2024-01-27 02:00:00,0.0,0.0,0.0,0.0,1.8,97,7.6,352,1015.6,100,100,1,0,0.0,0.0,41.7658,-72.6734,2024,1,27,2
2024-01-27 03:00:00,0.0,0.0,0.0,0.0,1.6,98,7.2,357,1016.0,100,100,1,0,0.0,0.0,41.7658,-72.6734,2024,1,27,3
2024-01-27 04:00:00,0.0,0.0,0.0,0.0,1.4,98,7.6,360,1015.9,100,100,0,0,0.0,0.0,41.7658,-72.6734,2024,1,27,4
2024-01-27 05:00:00,0.0,0.0,0.0,0.0,1.4,98,8.3,2,1016.2,100,100,0,0,0.0,0.0,41.7658,-72.6734,2024,1,27,5
2024-01-27 06:00:00,0.0,0.0,0.0,0.0,1.3,98,8.4,10,1016.6,100,100,1,0,0.0,0.0,41.7658,-72.6734,2024,1,27,6
2024-01-27 07:00:00,0.0,0.0,0.0,0.0,1.3,98,7.0,12,1017.0,100,100,1,0,0.0,0.0,41.7658,-72.6734,2024,1,27,7
2024-01-27 08:00:00,0.0,0.0,0.0,0.0,1.2,98,7.6,360,1017.8,100,100,2,0,0.0,0.0,41.7658,-72.6734,2024,1,27,8
2024-01-27 09:00:00,9.0,0.0,9.0,0.0,1.6,96,5.9,11,1019.5,100,100,1,0,0.0,0.0,41.7658,-72.6734,2024,1,27,9
2024-01-27 10:00:00,60.0,3.0,57.0,14.3,2.6,91,4.4,9,1019.7,100,100,0,7,0.0,0.0,41.7658,-72.6734,2024,1,27,10
2024-01-27 11:00:00,180.0,37.0,143.0,108.1,3.9,85,5.5,23,1019.9,100,99,0,99,0.0,1443.15,41.7658,-72.6734,2024,1,27,11
2024-01-27 12:00:00,235.0,44.0,191.0,100.8,5.0,79,5.8,356,1020.1,100,100,0,40,0.0,1222.83,41.7658,-72.6734,2024,1,27,12
2024-01-27 13:00:00,168.0,4.0,164.0,8.2,5.2,77,6.3,347,1019.5,100,100,1,41,0.0,0.0,41.7658,-72.6734,2024,1,27,13
2024-01-27 14:00:00,157.0,10.0,147.0,20.4,5.4,76,7.0,339,1019.2,100,100,0,32,0.0,0.0,41.7658,-72.6734,2024,1,27,14
2024-01-27 15:00:00,143.0,15.0,128.0,33.7,5.7,74,4.7,360,1018.5,100,100,0,42,0.0,0.0,41.7658,-72.6734,2024,1,27,15
2024-01-27 16:00:00,120.0,10.0,110.0,28.2,5.7,73,1.8,53,1018.2,100,100,0,6,0.0,0.0,41.7658,-72.6734,2024,1,27,16
2024-01-27 17:00:00,77.0,8.0,69.0,35.2,5.5,81,0.4,360,1018.8,100,100,0,100,0.0,0.0,41.7658,-72.6734,2024,1,27,17
2024-01-27 18:00:00,15.0,2.0,13.0,21.2,4.9,75,2.2,81,1019.1,100,100,0,91,0.0,0.0,41.7658,-72.6734,2024,1,27,18
2024-01-27 19:00:00,0.0,0.0,0.0,0.0,3.7,83,3.2,117,1019.2,100,100,0,100,0.0,0.0,41.7658,-72.6734,2024,1,27,19
2024-01-27 20:00:00,0.0,0.0,0.0,0.0,3.0,87,5.4,132,1019.4,100,100,0,88,0.0,0.0,41.7658,-72.6734,2024,1,27,20
2024-01-27 21:00:00,0.0,0.0,0.0,0.0,1.5,91,4.8,138,1019.3,76,23,0,68,0.0,0.0,41.7658,-72.6734,2024,1,27,21
2024-01-27 22:00:00,0.0,0.0,0.0,0.0,0.6,96,2.3,219,1018.8,100,26,0,100,0.0,0.0,41.7658,-72.6734,2024,1,27,22
2024-01-27 23:00:00,0.0,0.0,0.0,0.0,-1.4,100,5.1,231,1018.8,100,95,3,100,0.0,0.0,41.7658,-72.6734,2024,1,27,23
2024-01-28 00:00:00,0.0,0.0,0.0,0.0,-1.0,99,5.1,184,1018.5,100,39,100,100,0.0,0.0,41.7658,-72.6734,2024,1,28,0
2024-01-28 01:00:00,0.0,0.0,0.0,0.0,-0.8,97,5.0,180,1018.2,100,28,100,100,0.0,0.0,41.7658,-72.6734,2024,1,28,1
2024-01-28 02:00:00,0.0,0.0,0.0,0.0,-0.4,96,6.9,171,1017.7,100,74,100,100,0.0,0.0,41.7658,-72.6734,2024,1,28,2
2024-01-28 03:00:00,0.0,0.0,0.0,0.0,0.1,94,3.7,169,1017.2,100,0,100,100,0.0,0.0,41.7658,-72.6734,2024,1,28,3
2024-01-28 04:00:00,0.0,0.0,0.0,0.0,-0.2,96,4.5,166,1016.8,100,32,100,100,0.0,0.0,41.7658,-72.6734,2024,1,28,4
2024-01-28 05:00:00,0.0,0.0,0.0,0.0,0.2,97,3.6,90,1015.3,100,20,100,100,0.4,0.0,41.7658,-72.6734,2024,1,28,5
2024-01-28 06:00:00,0.0,0.0,0.0,0.0,0.3,99,5.1,45,1014.4,100,51,100,100,0.5,0.0,41.7658,-72.6734,2024,1,28,6
2024-01-28 07:00:00,0.0,0.0,0.0,0.0,0.3,99,4.0,85,1014.1,100,27,100,100,0.4,0.0,41.7658,-72.6734,2024,1,28,7
2024-01-28 08:00:00,0.0,0.0,0.0,0.0,0.5,99,6.8,72,1012.8,100,60,72,100,0.7,0.0,41.7658,-72.6734,2024,1,28,8
2024-01-28 09:00:00,3.0,0.0,3.0,0.0,0.9,100,7.0,111,1012.6,100,100,100,100,1.5,0.0,41.7658,-72.6734,2024,1,28,9
2024-01-28 10:00:00,13.0,0.0,13.0,0.0,1.0,99,5.6,63,1011.9,100,100,100,100,2.0,0.0,41.7658,-72.6734,2024,1,28,10
2024-01-28 11:00:00,18.0,0.0,18.0,0.0,0.9,99,6.5,34,1011.6,100,100,100,100,2.3,0.0,41.7658,-72.6734,2024,1,28,11
2024-01-28 12:00:00,23.0,0.0,23.0,0.0,0.9,99,13.3,38,1009.7,100,100,100,31,3.7,0.0,41.7658,-72.6734,2024,1,28,12
2024-01-28 13:00:00,63.0,0.0,63.0,0.0,1.3,98,12.3,38,1007.9,100,96,100,0,1.9,0.0,41.7658,-72.6734,2024,1,28,13
2024-01-28 14:00:00,62.0,0.0,62.0,0.0,1.7,94,13.4,36,1005.8,100,93,100,0,0.5,0.0,41.7658,-72.6734,2024,1,28,14
2024-01-28 15:00:00,62.0,1.0,61.0,2.2,2.0,93,12.5,33,1004.7,100,100,100,0,0.2,0.0,41.7658,-72.6734,2024,1,28,15
2024-01-28 16:00:00,45.0,0.0,45.0,0.0,2.0,92,13.7,35,1003.7,100,100,100,0,0.6,0.0,41.7658,-72.6734,2024,1,28,16
2024-01-28 17:00:00,23.0,0.0,23.0,0.0,1.9,92,16.3,35,1002.9,100,100,100,0,0.5,0.0,41.7658,-72.6734,2024,1,28,17
2024-01-28 18:00:00,6.0,0.0,6.0,0.0,1.7,92,16.5,16,1002.3,100,100,100,0,1.5,0.0,41.7658,-72.6734,2024,1,28,18
2024-01-28 19:00:00,0.0,0.0,0.0,0.0,1.2,95,17.7,4,1002.4,100,100,100,2,5.1,0.0,41.7658,-72.6734,2024,1,28,19
2024-01-28 20:00:00,0.0,0.0,0.0,0.0,0.9,98,19.4,11,1002.1,100,100,100,0,1.0,0.0,41.7658,-72.6734,2024,1,28,20
2024-01-28 21:00:00,0.0,0.0,0.0,0.0,0.8,97,19.8,10,1001.3,100,100,100,91,0.4,0.0,41.7658,-72.6734,2024,1,28,21
2024-01-28 22:00:00,0.0,0.0,0.0,0.0,0.9,96,18.2,9,1000.8,100,100,100,80,0.6,0.0,41.7658,-72.6734,2024,1,28,22
2024-01-28 23:00:00,0.0,0.0,0.0,0.0,0.8,97,17.7,6,1000.6,100,100,100,0,0.7,0.0,41.7658,-72.6734,2024,1,28,23
2024-01-29 00:00:00,0.0,0.0,0.0,0.0,0.8,96,17.7,6,1000.1,100,100,100,0,1.0,0.0,41.7658,-72.6734,2024,1,29,0
2024-01-29 01:00:00,0.0,0.0,0.0,0.0,0.8,96,18.1,7,1000.1,100,100,100,49,0.7,0.0,41.7658,-72.6734,2024,1,29,1
2024-01-29 02:00:00,0.0,0.0,0.0,0.0,0.8,95,17.3,5,999.8,100,99,100,85,0.3,0.0,41.7658,-72.6734,2024,1,29,2
2024-01-29 03:00:00,0.0,0.0,0.0,0.0,0.8,95,16.6,1,1000.2,100,100,100,24,0.2,0.0,41.7658,-72.6734,2024,1,29,3
2024-01-29 04:00:00,0.0,0.0,0.0,0.0,0.8,95,16.6,358,1000.2,100,100,100,0,0.1,0.0,41.7658,-72.6734,2024,1,29,4
2024-01-29 05:00:00,0.0,0.0,0.0,0.0,0.8,94,17.0,356,1000.3,100,99,97,1,0.1,0.0,41.7658,-72.6734,2024,1,29,5
2024-01-29 06:00:00,0.0,0.0,0.0,0.0,0.7,94,17.7,356,1000.8,100,100,100,4,0.1,0.0,41.7658,-72.6734,2024,1,29,6
2024-01-29 07:00:00,0.0,0.0,0.0,0.0,0.8,94,16.9,359,1001.4,100,100,100,44,0.1,0.0,41.7658,-72.6734,2024,1,29,7
2024-01-29 08:00:00,0.0,0.0,0.0,0.0,0.8,92,15.8,1,1002.1,100,80,96,98,0.0,0.0,41.7658,-72.6734,2024,1,29,8
2024-01-29 09:00:00,13.0,0.0,13.0,0.0,1.0,90,13.8,354,1003.4,86,36,78,4,0.0,0.0,41.7658,-72.6734,2024,1,29,9
2024-01-29 10:00:00,112.0,32.0,80.0,148.0,1.7,82,15.4,349,1004.1,91,74,65,0,0.0,2639.6,41.7658,-72.6734,2024,1,29,10
2024-01-29 11:00:00,247.0,105.0,142.0,300.9,2.2,72,21.0,348,1005.0,100,100,0,0,0.0,3600.0,41.7658,-72.6734,2024,1,29,11
2024-01-29 12:00:00,265.0,85.0,180.0,191.5,2.4,66,23.0,350,1005.7,100,100,0,0,0.0,3600.0,41.7658,-72.6734,2024,1,29,12
2024-01-29 13:00:00,176.0,2.0,174.0,4.0,2.0,67,21.2,350,1005.7,100,100,9,20,0.0,0.0,41.7658,-72.6734,2024,1,29,13
2024-01-29 14:00:00,207.0,20.0,187.0,40.2,2.4,63,21.4,353,1005.8,100,100,34,100,0.0,0.0,41.7658,-72.6734,2024,1,29,14
2024-01-29 15:00:00,242.0,45.0,197.0,99.3,2.7,62,20.2,356,1006.2,100,98,23,100,0.0,1180.03,41.7658,-72.6734,2024,1,29,15
2024-01-29 16:00:00,153.0,10.0,143.0,27.5,2.5,63,19.1,358,1006.9,100,100,47,100,0.0,0.0,41.7658,-72.6734,2024,1,29,16
2024-01-29 17:00:00,82.0,2.0,80.0,8.5,2.4,65,13.3,358,1008.0,100,100,61,98,0.0,0.0,41.7658,-72.6734,2024,1,29,17
2024-01-29 18:00:00,23.0,1.0,22.0,10.1,2.0,67,10.8,358,1009.3,100,100,65,99,0.0,0.0,41.7658,-72.6734,2024,1,29,18
2024-01-29 19:00:00,0.0,0.0,0.0,0.0,1.4,70,10.1,354,1010.8,100,50,91,100,0.0,0.0,41.7658,-72.6734,2024,1,29,19
2024-01-29 20:00:00,0.0,0.0,0.0,0.0,0.2,76,10.7,348,1011.8,100,87,98,99,0.0,0.0,41.7658,-72.6734,2024,1,29,20
2024-01-29 21:00:00,0.0,0.0,0.0,0.0,-0.6,79,10.3,348,1013.1,80,75,19,13,0.0,0.0,41.7658,-72.6734,2024,1,29,21
2024-01-29 22:00:00,0.0,0.0,0.0,0.0,-1.3,82,11.2,356,1014.1,87,87,0,0,0.0,0.0,41.7658,-72.6734,2024,1,29,22
2024-01-29 23:00:00,0.0,0.0,0.0,0.0,-0.8,77,11.2,2,1014.7,38,38,0,0,0.0,0.0,41.7658,-72.6734,2024,1,29,23
2024-01-30 00:00:00,0.0,0.0,0.0,0.0,-1.6,79,9.7,4,1014.9,9,9,0,0,0.0,0.0,41.7658,-72.6734,2024,1,30,0
2024-01-30 01:00:00,0.0,0.0,0.0,0.0,-2.6,85,9.0,360,1015.4,2,2,0,0,0.0,0.0,41.7658,-72.6734,2024,1,30,1
2024-01-30 02:00:00,0.0,0.0,0.0,0.0,-3.3,87,9.0,355,1015.9,0,0,0,0,0.0,0.0,41.7658,-72.6734,2024,1,30,2
2024-01-30 03:00:00,0.0,0.0,0.0,0.0,-3.7,89,9.0,360,1016.5,0,0,0,0,0.0,0.0,41.7658,-72.6734,2024,1,30,3
2024-01-30 04:00:00,0.0,0.0,0.0,0.0,-4.2,91,9.7,4,1016.8,0,0,0,0,0.0,0.0,41.7658,-72.6734,2024,1,30,4
2024-01-30 05:00:00,0.0,0.0,0.0,0.0,-4.6,92,9.8,6,1017.2,3,3,0,0,0.0,0.0,41.7658,-72.6734,2024,1,30,5
2024-01-30 06:00:00,0.0,0.0,0.0,0.0,-5.0,92,9.0,5,1017.8,41,41,0,0,0.0,0.0,41.7658,-72.6734,2024,1,30,6
2024-01-30 07:00:00,0.0,0.0,0.0,0.0,-4.7,92,8.3,360,1018.6,92,92,0,0,0.0,0.0,41.7658,-72.6734,2024,1,30,7
2024-01-30 08:00:00,0.0,0.0,0.0,0.0,-4.2,90,7.2,6,1019.3,100,100,0,0,0.0,0.0,41.7658,-72.6734,2024,1,30,8
2024-01-30 09:00:00,35.0,17.0,18.0,189.9,-3.2,86,5.6,50,1019.7,67,67,0,0,0.0,2996.42,41.7658,-72.6734,2024,1,30,9
2024-01-30 10:00:00,148.0,74.0,74.0,337.3,-0.7,73,3.5,66,1020.0,54,51,0,6,0.0,3600.0,41.7658,-72.6734,2024,1,30,10
2024-01-30 11:00:00,286.0,173.0,113.0,490.9,1.4,62,5.4,98,1020.2,84,49,0,67,0.0,3600.0,41.7658,-72.6734,2024,1,30,11
2024-01-30 12:00:00,359.0,190.0,169.0,424.4,2.5,55,4.1,105,1020.1,99,91,2,84,0.0,3600.0,41.7658,-72.6734,2024,1,30,12
2024-01-30 13:00:00,235.0,36.0,199.0,72.2,2.5,53,3.9,112,1019.4,100,100,1,81,0.0,365.79,41.7658,-72.6734,2024,1,30,13
2024-01-30 14:00:00,231.0,32.0,199.0,63.8,2.7,55,4.1,128,1018.7,100,100,0,44,0.0,112.72,41.7658,-72.6734,2024,1,30,14
2024-01-30 15:00:00,194.0,18.0,176.0,39.4,2.7,55,3.8,139,1018.5,100,100,0,100,0.0,0.0,41.7658,-72.6734,2024,1,30,15
2024-01-30 16:00:00,159.0,9.0,150.0,24.5,2.6,55,4.3,156,1018.6,100,100,0,99,0.0,0.0,41.7658,-72.6734,2024,1,30,16
2024-01-30 17:00:00,83.0,4.0,79.0,16.7,2.2,60,3.5,156,1018.5,100,100,1,100,0.0,0.0,41.7658,-72.6734,2024,1,30,17
2024-01-30 18:00:00,20.0,0.0,20.0,0.0,1.1,64,5.0,111,1018.3,100,99,0,99,0.0,0.0,41.7658,-72.6734,2024,1,30,18
2024-01-30 19:00:00,0.0,0.0,0.0,0.0,0.1,67,9.7,117,1018.7,100,100,21,100,0.0,0.0,41.7658,-72.6734,2024,1,30,19
2024-01-30 20:00:00,0.0,0.0,0.0,0.0,-0.5,67,10.6,118,1019.1,100,100,100,100,0.0,0.0,41.7658,-72.6734,2024,1,30,20
2024-01-30 21:00:00,0.0,0.0,0.0,0.0,-2.2,71,10.3,115,1019.5,92,46,83,7,0.0,0.0,41.7658,-72.6734,2024,1,30,21
2024-01-30 22:00:00,0.0,0.0,0.0,0.0,-2.8,73,8.2,128,1019.7,100,70,100,78,0.0,0.0,41.7658,-72.6734,2024,1,30,22
2024-01-30 23:00:00,0.0,0.0,0.0,0.0,-2.8,73,7.0,125,1019.5,100,100,95,99,0.0,0.0,41.7658,-72.6734,2024,1,30,23
2024-01-31 00:00:00,0.0,0.0,0.0,0.0,-2.8,71,5.4,110,1019.4,100,100,24,37,0.0,0.0,41.7658,-72.6734,2024,1,31,0
2024-01-31 01:00:00,0.0,0.0,0.0,0.0,-2.9,72,3.5,114,1019.3,100,97,19,98,0.0,0.0,41.7658,-72.6734,2024,1,31,1
2024-01-31 02:00:00,0.0,0.0,0.0,0.0,-3.0,72,2.9,97,1019.3,100,100,33,100,0.0,0.0,41.7658,-72.6734,2024,1,31,2
2024-01-31 03:00:00,0.0,0.0,0.0,0.0,-3.0,73,3.3,84,1019.4,100,100,48,100,0.0,0.0,41.7658,-72.6734,2024,1,31,3
2024-01-31 04:00:00,0.0,0.0,0.0,0.0,-2.9,73,4.1,105,1019.0,100,100,70,100,0.0,0.0,41.7658,-72.6734,2024,1,31,4
2024-01-31 05:00:00,0.0,0.0,0.0,0.0,-2.8,72,4.3,114,1018.5,100,99,94,100,0.0,0.0,41.7658,-72.6734,2024,1,31,5
2024-01-31 06:00:00,0.0,0.0,0.0,0.0,-2.7,72,2.9,83,1018.4,100,98,98,50,0.0,0.0,41.7658,-72.6734,2024,1,31,6
2024-01-31 07:00:00,0.0,0.0,0.0,0.0,-2.6,72,3.0,76,1018.2,100,100,81,56,0.0,0.0,41.7658,-72.6734,2024,1,31,7
2024-01-31 08:00:00,0.0,0.0,0.0,0.0,-2.6,72,3.2,63,1018.2,100,99,75,88,0.0,0.0,41.7658,-72.6734,2024,1,31,8
2024-01-31 09:00:00,24.0,2.0,22.0,21.9,-2.1,71,3.0,104,1017.7,98,96,20,32,0.0,0.0,41.7658,-72.6734,2024,1,31,9
2024-01-31 10:00:00,139.0,45.0,94.0,202.1,-0.8,65,4.8,167,1017.2,93,87,0,46,0.0,3600.0,41.7658,-72.6734,2024,1,31,10
2024-01-31 11:00:00,262.0,121.0,141.0,339.9,0.8,61,3.7,191,1017.2,100,94,0,99,0.0,3600.0,41.7658,-72.6734,2024,1,31,11
2024-01-31 12:00:00,288.0,93.0,195.0,206.0,1.8,60,5.0,201,1017.0,88,87,2,5,0.0,3600.0,41.7658,-72.6734,2024,1,31,12
2024-01-31 13:00:00,352.0,123.0,229.0,244.7,3.2,59,6.8,245,1015.9,89,89,1,0,0.0,3600.0,41.7658,-72.6734,2024,1,31,13
2024-01-31 14:00:00,342.0,113.0,229.0,223.3,3.8,57,7.6,251,1015.5,100,100,0,0,0.0,3600.0,41.7658,-72.6734,2024,1,31,14
2024-01-31 15:00:00,213.0,25.0,188.0,54.2,3.7,58,8.0,243,1015.0,100,100,0,0,0.0,0.0,41.7658,-72.6734,2024,1,31,15
2024-01-31 16:00:00,147.0,18.0,129.0,48.4,3.6,59,8.2,232,1014.4,100,100,0,0,0.0,0.0,41.7658,-72.6734,2024,1,31,16
2024-01-31 17:00:00,100.0,18.0,82.0,74.0,3.2,63,5.2,214,1014.4,99,99,0,0,0.0,420.32,41.7658,-72.6734,2024,1,31,17
2024-01-31 18:00:00,24.0,2.0,22.0,19.4,1.8,71,7.2,186,1014.2,98,98,0,0,0.0,0.0,41.7658,-72.6734,2024,1,31,18
2024-01-31 19:00:00,0.0,0.0,0.0,0.0,1.1,75,8.0,190,1014.3,72,71,0,5,0.0,0.0,41.7658,-72.6734,2024,1,31,19
2024-01-31 20:00:00,0.0,0.0,0.0,0.0,-0.1,82,8.0,198,1014.5,19,17,1,1,0.0,0.0,41.7658,-72.6734,2024,1,31,20
2024-01-31 21:00:00,0.0,0.0,0.0,0.0,-1.9,85,6.6,202,1014.6,1,1,0,0,0.0,0.0,41.7658,-72.6734,2024,1,31,21
2024-01-31 22:00:00,0.0,0.0,0.0,0.0,-2.8,89,4.7,212,1014.6,5,5,0,0,0.0,0.0,41.7658,-72.6734,2024,1,31,22
2024-01-31 23:00:00,0.0,0.0,0.0,0.0,-3.3,90,4.2,211,1014.4,10,10,0,0,0.0,0.0,41.7658,-72.6734,2024,1,31,23
2024-02-01 00:00:00,0.0,0.0,0.0,0.0,-3.5,91,4.9,197,1014.3,5,5,0,0,0.0,0.0,41.7658,-72.6734,2024,2,1,0
2024-02-01 01:00:00,0.0,0.0,0.0,0.0,-3.7,92,6.2,187,1013.9,0,0,0,0,0.0,0.0,41.7658,-72.6734,2024,2,1,1
2024-02-01 02:00:00,0.0,0.0,0.0,0.0,-3.7,92,7.6,177,1013.4,28,0,0,28,0.0,0.0,41.7658,-72.6734,2024,2,1,2
2024-02-01 03:00:00,0.0,0.0,0.0,0.0,-3.6,92,7.3,189,1013.1,99,0,0,99,0.0,0.0,41.7658,-72.6734,2024,2,1,3
2024-02-01 04:00:00,0.0,0.0,0.0,0.0,-3.6,92,6.2,201,1013.0,100,0,0,100,0.0,0.0,41.7658,-72.6734,2024,2,1,4
2024-02-01 05:00:00,0.0,0.0,0.0,0.0,-4.4,93,5.0,201,1013.1,99,0,0,99,0.0,0.0,41.7658,-72.6734,2024,2,1,5
2024-02-01 06:00:00,0.0,0.0,0.0,0.0,-4.0,93,7.2,186,1012.5,99,0,1,99,0.0,0.0,41.7658,-72.6734,2024,2,1,6
2024-02-01 07:00:00,0.0,0.0,0.0,0.0,-4.0,93,6.5,199,1012.6,100,0,2,100,0.0,0.0,41.7658,-72.6734,2024,2,1,7
2024-02-01 08:00:00,0.0,0.0,0.0,0.0,-3.5,93,6.6,193,1012.9,100,0,26,100,0.0,0.0,41.7658,-72.6734,2024,2,1,8
2024-02-01 09:00:00,28.0,3.0,25.0,32.3,-2.4,90,8.7,173,1013.2,82,0,27,80,0.0,0.0,41.7658,-72.6734,2024,2,1,9
2024-02-01 10:00:00,164.0,85.0,79.0,376.1,0.4,78,6.6,189,1013.0,81,1,67,54,0.0,3600.0,41.7658,-72.6734,2024,2,1,10
2024-02-01 11:00:00,308.0,203.0,105.0,564.5,3.2,68,7.5,197,1012.7,19,10,2,8,0.0,3600.0,41.7658,-72.6734,2024,2,1,11
2024-02-01 12:00:00,442.0,357.0,85.0,784.0,6.0,59,11.1,205,1012.2,70,52,27,23,0.0,3600.0,41.7658,-72.6734,2024,2,1,12
2024-02-01 13:00:00,430.0,253.0,177.0,499.3,7.2,57,12.6,211,1010.8,93,65,17,79,0.0,3600.0,41.7658,-72.6734,2024,2,1,13
2024-02-01 14:00:00,378.0,163.0,215.0,319.5,7.8,56,16.5,226,1009.7,100,93,73,97,0.0,3600.0,41.7658,-72.6734,2024,2,1,14
2024-02-01 15:00:00,259.0,64.0,195.0,137.5,7.5,56,13.8,227,1008.9,100,86,82,99,0.0,2323.69,41.7658,-72.6734,2024,2,1,15
2024-02-01 16:00:00,134.0,8.0,126.0,21.3,6.8,61,8.4,227,1008.5,100,84,99,100,0.0,0.0,41.7658,-72.6734,2024,2,1,16
2024-02-01 17:00:00,70.0,2.0,68.0,8.1,5.5,66,7.3,191,1007.7,100,71,100,100,0.0,0.0,41.7658,-72.6734,2024,2,1,17
2024-02-01 18:00:00,24.0,1.0,23.0,9.5,3.6,76,6.2,216,1008.0,100,100,65,60,0.0,0.0,41.7658,-72.6734,2024,2,1,18
2024-02-01 19:00:00,0.0,0.0,0.0,0.0,2.7,81,7.5,215,1008.5,100,100,16,0,0.0,0.0,41.7658,-72.6734,2024,2,1,19
2024-02-01 20:00:00,0.0,0.0,0.0,0.0,2.1,86,6.1,208,1008.8,99,99,14,0,0.0,0.0,41.7658,-72.6734,2024,2,1,20
2024-02-01 21:00:00,0.0,0.0,0.0,0.0,0.9,87,6.7,216,1008.8,34,17,20,3,0.0,0.0,41.7658,-72.6734,2024,2,1,21
2024-02-01 22:00:00,0.0,0.0,0.0,0.0,-1.4,92,7.8,214,1008.8,75,75,12,0,0.0,0.0,41.7658,-72.6734,2024,2,1,22
2024-02-01 23:00:00,0.0,0.0,0.0,0.0,-0.2,89,5.2,192,1008.8,100,99,24,96,0.0,0.0,41.7658,-72.6734,2024,2,1,23
2024-02-02 00:00:00,0.0,0.0,0.0,0.0,0.2,88,3.1,159,1008.6,100,100,97,100,0.0,0.0,41.7658,-72.6734,2024,2,2,0
2024-02-02 01:00:00,0.0,0.0,0.0,0.0,0.2,89,1.8,127,1008.2,100,100,43,83,0.0,0.0,41.7658,-72.6734,2024,2,2,1
2024-02-02 02:00:00,0.0,0.0,0.0,0.0,0.3,87,2.0,135,1007.6,100,100,89,23,0.0,0.0,41.7658,-72.6734,2024,2,2,2
2024-02-02 03:00:00,0.0,0.0,0.0,0.0,-0.4,90,6.6,158,1007.5,80,78,21,0,0.0,0.0,41.7658,-72.6734,2024,2,2,3
2024-02-02 04:00:00,0.0,0.0,0.0,0.0,-0.8,90,4.8,167,1006.9,60,57,15,4,0.0,0.0,41.7658,-72.6734,2024,2,2,4
2024-02-02 05:00:00,0.0,0.0,0.0,0.0,-1.1,90,4.9,197,1006.5,89,86,61,12,0.0,0.0,41.7658,-72.6734,2024,2,2,5
2024-02-02 06:00:00,0.0,0.0,0.0,0.0,-1.4,92,8.6,195,1006.2,100,6,100,43,0.0,0.0,41.7658,-72.6734,2024,2,2,6
2024-02-02 07:00:00,0.0,0.0,0.0,0.0,-1.0,93,5.3,242,1006.6,100,73,100,100,0.0,0.0,41.7658,-72.6734,2024,2,2,7
2024-02-02 08:00:00,0.0,0.0,0.0,0.0,-0.7,91,1.1,72,1007.0,100,100,100,95,0.0,0.0,41.7658,-72.6734,2024,2,2,8
2024-02-02 09:00:00,17.0,6.0,11.0,63.5,-0.2,92,4.5,61,1007.4,100,49,100,67,0.0,469.57,41.7658,-72.6734,2024,2,2,9
2024-02-02 10:00:00,42.0,0.0,42.0,0.0,0.7,88,4.6,18,1007.7,100,27,100,77,0.1,0.0,41.7658,-72.6734,2024,2,2,10
2024-02-02 11:00:00,61.0,0.0,61.0,0.0,1.3,87,6.5,6,1008.0,100,45,100,2,0.1,0.0,41.7658,-72.6734,2024,2,2,11
2024-02-02 12:00:00,111.0,0.0,111.0,0.0,2.3,84,5.4,356,1008.1,100,87,98,4,0.1,0.0,41.7658,-72.6734,2024,2,2,12
2024-02-02 13:00:00,288.0,46.0,242.0,90.1,5.8,71,9.0,355,1007.3,100,47,100,0,0.0,901.53,41.7658,-72.6734,2024,2,2,13
2024-02-02 14:00:00,365.0,165.0,200.0,320.7,7.7,55,15.7,9,1006.6,61,34,41,0,0.0,3600.0,41.7658,-72.6734,2024,2,2,14
2024-02-02 15:00:00,381.0,244.0,137.0,519.3,7.7,58,16.4,9,1006.5,53,29,34,0,0.0,3600.0,41.7658,-72.6734,2024,2,2,15
2024-02-02 16:00:00,265.0,144.0,121.0,378.8,7.0,59,14.8,1,1007.0,91,89,15,0,0.0,3600.0,41.7658,-72.6734,2024,2,2,16
2024-02-02 17:00:00,135.0,48.0,87.0,190.9,5.9,63,10.4,360,1007.3,12,5,10,0,0.0,3600.0,41.7658,-72.6734,2024,2,2,17
2024-02-02 18:00:00,46.0,21.0,25.0,196.0,3.8,69,11.2,358,1008.0,100,90,100,0,0.0,3600.0,41.7658,-72.6734,2024,2,2,18
2024-02-02 19:00:00,0.0,0.0,0.0,0.0,3.4,70,13.0,358,1009.0,99,18,98,0,0.0,0.0,41.7658,-72.6734,2024,2,2,19
2024-02-02 20:00:00,0.0,0.0,0.0,0.0,2.4,74,12.6,358,1009.8,3,1,1,0,0.0,0.0,41.7658,-72.6734,2024,2,2,20
2024-02-02 21:00:00,0.0,0.0,0.0,0.0,0.9,84,11.3,343,1010.8,3,3,0,0,0.0,0.0,41.7658,-72.6734,2024,2,2,21
2024-02-02 22:00:00,0.0,0.0,0.0,0.0,-0.4,90,14.0,359,1011.3,0,0,0,0,0.0,0.0,41.7658,-72.6734,2024,2,2,22
2024-02-02 23:00:00,0.0,0.0,0.0,0.0,-0.7,90,15.1,1,1011.5,1,1,0,0,0.0,0.0,41.7658,-72.6734,2024,2,2,23
2024-02-03 00:00:00,0.0,0.0,0.0,0.0,-1.1,86,15.8,360,1011.9,1,1,0,0,0.0,0.0,41.7658,-72.6734,2024,2,3,0
2024-02-03 01:00:00,0.0,0.0,0.0,0.0,-1.7,82,16.3,355,1012.1,7,7,0,0,0.0,0.0,41.7658,-72.6734,2024,2,3,1
2024-02-03 02:00:00,0.0,0.0,0.0,0.0,-2.2,79,16.3,354,1012.2,31,31,0,0,0.0,0.0,41.7658,-72.6734,2024,2,3,2
2024-02-03 03:00:00,0.0,0.0,0.0,0.0,-2.8,78,16.2,357,1012.8,6,6,0,0,0.0,0.0,41.7658,-72.6734,2024,2,3,3
2024-02-03 04:00:00,0.0,0.0,0.0,0.0,-3.3,77,16.2,359,1013.1,20,20,0,0,0.0,0.0,41.7658,-72.6734,2024,2,3,4
2024-02-03 05:00:00,0.0,0.0,0.0,0.0,-3.7,75,16.2,3,1013.3,13,0,0,12,0.0,0.0,41.7658,-72.6734,2024,2,3,5
2024-02-03 06:00:00,0.0,0.0,0.0,0.0,-4.0,73,16.6,4,1013.3,23,1,0,23,0.0,0.0,41.7658,-72.6734,2024,2,3,6
2024-02-03 07:00:00,0.0,0.0,0.0,0.0,-4.2,73,15.9,6,1013.7,5,0,0,5,0.0,0.0,41.7658,-72.6734,2024,2,3,7
2024-02-03 08:00:00,0.0,0.0,0.0,0.0,-4.4,72,14.8,6,1014.0,0,0,0,0,0.0,0.0,41.7658,-72.6734,2024,2,3,8
2024-02-03 09:00:00,45.0,27.0,18.0,280.2,-2.2,72,10.1,360,1014.3,0,0,0,0,0.0,3234.88,41.7658,-72.6734,2024,2,3,9
2024-02-03 10:00:00,196.0,144.0,52.0,618.2,-0.9,63,16.6,2,1014.4,0,0,0,0,0.0,3600.0,41.7658,-72.6734,2024,2,3,10
2024-02-03 11:00:00,349.0,282.0,67.0,768.2,0.3,53,17.7,2,1014.3,0,0,0,0,0.0,3600.0,41.7658,-72.6734,2024,2,3,11
2024-02-03 12:00:00,464.0,391.0,73.0,843.9,1.4,46,18.0,1,1014.1,0,0,0,0,0.0,3600.0,41.7658,-72.6734,2024,2,3,12
2024-02-03 13:00:00,528.0,451.0,77.0,875.7,2.4,41,17.7,2,1013.2,1,0,1,0,0.0,3600.0,41.7658,-72.6734,2024,2,3,13
2024-02-03 14:00:00,532.0,456.0,76.0,879.1,3.2,38,16.6,5,1012.6,0,0,0,0,0.0,3600.0,41.7658,-72.6734,2024,2,3,14
2024-02-03 15:00:00,477.0,405.0,72.0,854.1,3.7,35,16.3,5,1011.8,1,0,1,0,0.0,3600.0,41.7658,-72.6734,2024,2,3,15
2024-02-03 16:00:00,369.0,304.0,65.0,790.8,3.7,34,15.9,6,1011.7,6,0,6,0,0.0,3600.0,41.7658,-72.6734,2024,2,3,16
2024-02-03 17:00:00,222.0,169.0,53.0,661.4,3.2,36,12.6,13,1011.7,27,0,27,0,0.0,3600.0,41.7658,-72.6734,2024,2,3,17
2024-02-03 18:00:00,65.0,41.0,24.0,375.3,0.9,45,9.1,18,1012.0,3,0,3,0,0.0,3600.0,41.7658,-72.6734,2024,2,3,18
2024-02-03 19:00:00,0.0,0.0,0.0,0.0,-1.2,52,9.1,353,1012.5,5,0,5,0,0.0,0.0,41.7658,-72.6734,2024,2,3,19
2024-02-03 20:00:00,0.0,0.0,0.0,0.0,-2.2,60,10.8,339,1013.0,18,0,18,0,0.0,0.0,41.7658,-72.6734,2024,2,3,20
2024-02-03 21:00:00,0.0,0.0,0.0,0.0,-1.3,58,12.0,344,1013.2,27,0,27,0,0.0,0.0,41.7658,-72.6734,2024,2,3,21
2024-02-03 22:00:00,0.0,0.0,0.0,0.0,-2.1,60,11.2,356,1013.3,16,0,16,0,0.0,0.0,41.7658,-72.6734,2024,2,3,22
2024-02-03 23:00:00,0.0,0.0,0.0,0.0,-2.6,61,11.2,4,1013.3,7,0,7,0,0.0,0.0,41.7658,-72.6734,2024,2,3,23
2024-02-04 00:00:00,0.0,0.0,0.0,0.0,-3.1,63,11.6,5,1013.5,4,0,4,0,0.0,0.0,41.7658,-72.6734,2024,2,4,0
2024-02-04 01:00:00,0.0,0.0,0.0,0.0,-3.6,64,12.3,5,1013.4,6,0,6,0,0.0,0.0,41.7658,-72.6734,2024,2,4,1
2024-02-04 02:00:00,0.0,0.0,0.0,0.0,-3.9,65,12.3,3,1013.2,0,0,0,0,0.0,0.0,41.7658,-72.6734,2024,2,4,2
2024-02-04 03:00:00,0.0,0.0,0.0,0.0,-4.2,65,12.2,2,1013.3,0,0,0,0,0.0,0.0,41.7658,-72.6734,2024,2,4,3
2024-02-04 04:00:00,0.0,0.0,0.0,0.0,-4.6,65,11.5,358,1013.3,0,0,0,0,0.0,0.0,41.7658,-72.6734,2024,2,4,4
2024-02-04 05:00:00,0.0,0.0,0.0,0.0,-4.9,66,10.5,354,1013.3,0,0,0,0,0.0,0.0,41.7658,-72.6734,2024,2,4,5
2024-02-04 06:00:00,0.0,0.0,0.0,0.0,-5.2,66,10.1,356,1013.5,0,0,0,0,0.0,0.0,41.7658,-72.6734,2024,2,4,6
2024-02-04 07:00:00,0.0,0.0,0.0,0.0,-5.5,66,9.4,356,1013.7,0,0,0,0,0.0,0.0,41.7658,-72.6734,2024,2,4,7
2024-02-04 08:00:00,0.0,0.0,0.0,0.0,-5.7,68,8.6,345,1013.7,0,0,0,0,0.0,0.0,41.7658,-72.6734,2024,2,4,8
2024-02-04 09:00:00,49.0,31.0,18.0,315.7,-3.9,64,8.5,348,1013.6,1,0,1,0,0.0,3299.56,41.7658,-72.6734,2024,2,4,9
2024-02-04 10:00:00,204.0,152.0,52.0,642.5,-1.9,55,9.4,358,1013.2,7,0,7,0,0.0,3600.0,41.7658,-72.6734,2024,2,4,10
2024-02-04 11:00:00,356.0,290.0,66.0,781.7,0.1,48,10.8,360,1012.6,8,0,8,0,0.0,3600.0,41.7658,-72.6734,2024,2,4,11
2024-02-04 12:00:00,472.0,398.0,74.0,851.5,1.9,44,11.5,356,1011.9,39,0,39,1,0.0,3600.0,41.7658,-72.6734,2024,2,4,12
2024-02-04 13:00:00,532.0,451.0,81.0,868.4,3.8,40,10.0,345,1010.8,12,0,12,0,0.0,3600.0,41.7658,-72.6734,2024,2,4,13
2024-02-04 14:00:00,539.0,460.0,79.0,879.3,5.7,36,9.7,345,1009.6,0,0,0,0,0.0,3600.0,41.7658,-72.6734,2024,2,4,14
2024-02-04 15:00:00,487.0,415.0,72.0,867.2,6.6,35,11.3,351,1008.8,0,0,0,0,0.0,3600.0,41.7658,-72.6734,2024,2,4,15
2024-02-04 16:00:00,379.0,314.0,65.0,807.7,6.7,35,12.4,350,1008.4,0,0,0,0,0.0,3600.0,41.7658,-72.6734,2024,2,4,16
2024-02-04 17:00:00,230.0,177.0,53.0,681.5,5.8,40,11.5,346,1008.3,0,0,0,0,0.0,3600.0,41.7658,-72.6734,2024,2,4,17
2024-02-04 18:00:00,70.0,46.0,24.0,412.8,3.1,49,10.6,336,1008.4,0,0,0,0,0.0,3600.0,41.7658,-72.6734,2024,2,4,18
2024-02-04 19:00:00,0.0,0.0,0.0,0.0,1.0,53,11.9,331,1008.9,0,0,0,0,0.0,0.0,41.7658,-72.6734,2024,2,4,19
2024-02-04 20:00:00,0.0,0.0,0.0,0.0,-0.3,56,10.8,339,1009.3,0,0,0,0,0.0,0.0,41.7658,-72.6734,2024,2,4,20
2024-02-04 21:00:00,0.0,0.0,0.0,0.0,-0.9,57,10.6,350,1008.9,0,0,0,0,0.0,0.0,41.7658,-72.6734,2024,2,4,21
2024-02-04 22:00:00,0.0,0.0,0.0,0.0,-1.7,60,9.7,2,1009.1,0,0,0,0,0.0,0.0,41.7658,-72.6734,2024,2,4,22
2024-02-04 23:00:00,0.0,0.0,0.0,0.0,-2.4,62,9.7,2,1009.1,0,0,0,0,0.0,0.0,41.7658,-72.6734,2024,2,4,23
2024-02-05 00:00:00,0.0,0.0,0.0,0.0,-2.9,64,10.2,10,1009.0,0,0,0,0,0.0,0.0,41.7658,-72.6734,2024,2,5,0
2024-02-05 01:00:00,0.0,0.0,0.0,0.0,-3.1,64,10.5,6,1008.8,0,0,0,0,0.0,0.0,41.7658,-72.6734,2024,2,5,1
2024-02-05 02:00:00,0.0,0.0,0.0,0.0,-3.2,63,10.8,2,1008.8,0,0,0,0,0.0,0.0,41.7658,-72.6734,2024,2,5,2
2024-02-05 03:00:00,0.0,0.0,0.0,0.0,-3.4,64,11.2,360,1009.1,0,0,0,0,0.0,0.0,41.7658,-72.6734,2024,2,5,3
2024-02-05 04:00:00,0.0,0.0,0.0,0.0,-3.4,63,11.5,2,1009.1,0,0,0,0,0.0,0.0,41.7658,-72.6734,2024,2,5,4
2024-02-05 05:00:00,0.0,0.0,0.0,0.0,-3.5,63,12.3,3,1009.0,0,0,0,0,0.0,0.0,41.7658,-72.6734,2024,2,5,5
2024-02-05 06:00:00,0.0,0.0,0.0,0.0,-3.6,62,13.0,5,1009.0,0,0,0,0,0.0,0.0,41.7658,-72.6734,2024,2,5,6
2024-02-05 07:00:00,0.0,0.0,0.0,0.0,-3.7,60,13.1,8,1009.3,0,0,0,0,0.0,0.0,41.7658,-72.6734,2024,2,5,7
2024-02-05 08:00:00,0.0,0.0,0.0,0.0,-3.8,59,13.1,9,1009.4,0,0,0,0,0.0,0.0,41.7658,-72.6734,2024,2,5,8
2024-02-05 09:00:00,53.0,34.0,19.0,339.7,-2.3,53,12.7,7,1010.0,0,0,0,0,0.0,3366.34,41.7658,-72.6734,2024,2,5,9
2024-02-05 10:00:00,211.0,161.0,50.0,669.9,-1.0,46,15.6,8,1010.1,0,0,0,0,0.0,3600.0,41.7658,-72.6734,2024,2,5,10
2024-02-05 11:00:00,369.0,305.0,64.0,813.3,0.7,42,15.2,7,1010.0,0,0,0,0,0.0,3600.0,41.7658,-72.6734,2024,2,5,11
2024-02-05 12:00:00,488.0,417.0,71.0,884.1,2.6,38,15.5,3,1009.8,0,0,0,0,0.0,3600.0,41.7658,-72.6734,2024,2,5,12
2024-02-05 13:00:00,554.0,480.0,74.0,916.6,4.1,34,17.7,5,1009.3,0,0,0,0,0.0,3600.0,41.7658,-72.6734,2024,2,5,13
2024-02-05 14:00:00,560.0,485.0,75.0,919.3,4.8,32,18.1,5,1008.7,0,0,0,0,0.0,3600.0,41.7658,-72.6734,2024,2,5,14
2024-02-05 15:00:00,505.0,434.0,71.0,898.5,5.1,30,18.4,4,1008.5,0,0,0,0,0.0,3600.0,41.7658,-72.6734,2024,2,5,15
2024-02-05 16:00:00,395.0,330.0,65.0,839.4,4.9,29,17.7,4,1008.7,0,0,0,0,0.0,3600.0,41.7658,-72.6734,2024,2,5,16
2024-02-05 17:00:00,244.0,191.0,53.0,723.6,4.1,32,14.5,6,1009.2,0,0,0,0,0.0,3600.0,41.7658,-72.6734,2024,2,5,17
2024-02-05 18:00:00,78.0,52.0,26.0,457.7,2.0,37,12.2,14,1010.1,0,0,0,0,0.0,3600.0,41.7658,-72.6734,2024,2,5,18
2024-02-05 19:00:00,0.0,0.0,0.0,0.0,0.1,41,12.5,12,1011.1,0,0,0,0,0.0,0.0,41.7658,-72.6734,2024,2,5,19
2024-02-05 20:00:00,0.0,0.0,0.0,0.0,-1.7,49,10.5,356,1012.0,0,0,0,0,0.0,0.0,41.7658,-72.6734,2024,2,5,20
2024-02-05 21:00:00,0.0,0.0,0.0,0.0,-2.5,52,11.6,353,1012.4,0,0,0,0,0.0,0.0,41.7658,-72.6734,2024,2,5,21
2024-02-05 22:00:00,0.0,0.0,0.0,0.0,-3.1,55,12.6,5,1013.2,0,0,0,0,0.0,0.0,41.7658,-72.6734,2024,2,5,22
2024-02-05 23:00:00,0.0,0.0,0.0,0.0,-3.2,56,14.6,9,1013.6,0,0,0,0,0.0,0.0,41.7658,-72.6734,2024,2,5,23
2024-02-06 00:00:00,0.0,0.0,0.0,0.0,-3.6,57,14.5,6,1013.8,0,0,0,0,0.0,0.0,41.7658,-72.6734,2024,2,6,0
2024-02-06 01:00:00,0.0,0.0,0.0,0.0,-4.0,59,13.4,6,1014.2,0,0,0,0,0.0,0.0,41.7658,-72.6734,2024,2,6,1
2024-02-06 02:00:00,0.0,0.0,0.0,0.0,-4.4,61,13.0,6,1014.7,0,0,0,0,0.0,0.0,41.7658,-72.6734,2024,2,6,2
2024-02-06 03:00:00,0.0,0.0,0.0,0.0,-4.7,63,13.0,5,1015.4,0,0,0,0,0.0,0.0,41.7658,-72.6734,2024,2,6,3
2024-02-06 04:00:00,0.0,0.0,0.0,0.0,-4.9,64,11.5,4,1015.8,0,0,0,0,0.0,0.0,41.7658,-72.6734,2024,2,6,4
2024-02-06 05:00:00,0.0,0.0,0.0,0.0,-5.1,66,10.8,2,1016.1,0,0,0,0,0.0,0.0,41.7658,-72.6734,2024,2,6,5
2024-02-06 06:00:00,0.0,0.0,0.0,0.0,-5.2,67,12.3,5,1016.7,0,0,0,0,0.0,0.0,41.7658,-72.6734,2024,2,6,6
2024-02-06 07:00:00,0.0,0.0,0.0,0.0,-5.3,68,11.6,5,1017.2,0,0,0,0,0.0,0.0,41.7658,-72.6734,2024,2,6,7
2024-02-06 08:00:00,0.0,0.0,0.0,0.0,-5.5,69,11.5,2,1018.2,0,0,0,0,0.0,0.0,41.7658,-72.6734,2024,2,6,8
2024-02-06 09:00:00,52.0,32.0,20.0,313.5,-3.7,63,11.2,6,1018.8,0,0,0,0,0.0,3435.1,41.7658,-72.6734,2024,2,6,9
2024-02-06 10:00:00,207.0,153.0,54.0,626.5,-2.1,59,11.9,3,1019.0,0,0,0,0,0.0,3600.0,41.7658,-72.6734,2024,2,6,10
2024-02-06 11:00:00,359.0,290.0,69.0,764.9,-0.2,54,13.0,360,1019.0,0,0,0,0,0.0,3600.0,41.7658,-72.6734,2024,2,6,11
2024-02-06 12:00:00,475.0,398.0,77.0,836.2,1.5,51,13.7,5,1018.9,0,0,0,0,0.0,3600.0,41.7658,-72.6734,2024,2,6,12
2024-02-06 13:00:00,537.0,457.0,80.0,865.3,2.8,49,13.0,6,1018.1,0,0,0,0,0.0,3600.0,41.7658,-72.6734,2024,2,6,13
2024-02-06 14:00:00,541.0,461.0,80.0,866.4,3.7,47,12.7,7,1017.5,0,0,0,0,0.0,3600.0,41.7658,-72.6734,2024,2,6,14
2024-02-06 15:00:00,488.0,411.0,77.0,843.0,4.4,45,12.6,3,1017.4,0,0,0,0,0.0,3600.0,41.7658,-72.6734,2024,2,6,15
2024-02-06 16:00:00,380.0,311.0,69.0,782.3,4.5,45,12.2,360,1017.4,0,0,0,0,0.0,3600.0,41.7658,-72.6734,2024,2,6,16
2024-02-06 17:00:00,233.0,177.0,56.0,659.9,4.2,46,12.0,351,1017.7,4,4,0,0,0.0,3600.0,41.7658,-72.6734,2024,2,6,17
2024-02-06 18:00:00,74.0,47.0,27.0,405.8,2.2,55,9.7,333,1018.0,3,3,0,0,0.0,3600.0,41.7658,-72.6734,2024,2,6,18
2024-02-06 19:00:00,1.0,0.0,1.0,0.0,0.3,62,8.5,12,1018.9,2,2,0,0,0.0,0.0,41.7658,-72.6734,2024,2,6,19
2024-02-06 20:00:00,0.0,0.0,0.0,0.0,-1.3,71,5.8,30,1019.6,0,0,0,0,0.0,0.0,41.7658,-72.6734,2024,2,6,20
2024-02-06 21:00:00,0.0,0.0,0.0,0.0,-1.6,70,7.5,17,1020.0,1,1,0,0,0.0,0.0,41.7658,-72.6734,2024,2,6,21
2024-02-06 22:00:00,0.0,0.0,0.0,0.0,-2.5,74,8.5,12,1020.4,0,0,0,0,0.0,0.0,41.7658,-72.6734,2024,2,6,22
2024-02-06 23:00:00,0.0,0.0,0.0,0.0,-3.1,76,8.7,5,1020.6,0,0,0,0,0.0,0.0,41.7658,-72.6734,2024,2,6,23
2024-02-07 00:00:00,0.0,0.0,0.0,0.0,-3.4,76,10.1,358,1020.6,0,0,0,0,0.0,0.0,41.7658,-72.6734,2024,2,7,0
2024-02-07 01:00:00,0.0,0.0,0.0,0.0,-3.5,74,10.2,8,1020.6,4,0,0,4,0.0,0.0,41.7658,-72.6734,2024,2,7,1
2024-02-07 02:00:00,0.0,0.0,0.0,0.0,-3.7,75,10.8,4,1020.7,34,1,0,34,0.0,0.0,41.7658,-72.6734,2024,2,7,2
2024-02-07 03:00:00,0.0,0.0,0.0,0.0,-3.8,75,10.8,4,1021.0,28,0,0,28,0.0,0.0,41.7658,-72.6734,2024,2,7,3
2024-02-07 04:00:00,0.0,0.0,0.0,0.0,-4.0,76,10.4,360,1021.3,26,0,0,26,0.0,0.0,41.7658,-72.6734,2024,2,7,4
2024-02-07 05:00:00,0.0,0.0,0.0,0.0,-4.3,78,9.4,4,1021.2,0,0,0,0,0.0,0.0,41.7658,-72.6734,2024,2,7,5
2024-02-07 06:00:00,0.0,0.0,0.0,0.0,-4.8,81,9.4,360,1021.4,0,0,0,0,0.0,0.0,41.7658,-72.6734,2024,2,7,6
2024-02-07 07:00:00,0.0,0.0,0.0,0.0,-5.0,82,9.8,354,1022.1,0,0,0,0,0.0,0.0,41.7658,-72.6734,2024,2,7,7
2024-02-07 08:00:00,0.0,0.0,0.0,0.0,-5.1,83,9.7,4,1022.8,32,0,0,32,0.0,0.0,41.7658,-72.6734,2024,2,7,8
2024-02-07 09:00:00,55.0,34.0,21.0,326.7,-3.2,76,8.7,5,1023.5,97,0,0,97,0.0,3505.73,41.7658,-72.6734,2024,2,7,9
2024-02-07 10:00:00,207.0,148.0,59.0,596.3,-1.0,68,7.6,3,1023.7,21,0,0,21,0.0,3600.0,41.7658,-72.6734,2024,2,7,10
2024-02-07 11:00:00,361.0,288.0,73.0,751.2,1.6,60,8.6,358,1023.5,85,0,0,85,0.0,3600.0,41.7658,-72.6734,2024,2,7,11
2024-02-07 12:00:00,476.0,395.0,81.0,822.2,3.7,54,9.5,351,1023.2,89,0,0,89,0.0,3600.0,41.7658,-72.6734,2024,2,7,12
2024-02-07 13:00:00,531.0,431.0,100.0,809.1,5.2,49,9.4,2,1022.0,39,0,0,39,0.0,3600.0,41.7658,-72.6734,2024,2,7,13
2024-02-07 14:00:00,545.0,461.0,84.0,859.0,6.2,46,9.5,351,1021.1,86,0,24,86,0.0,3600.0,41.7658,-72.6734,2024,2,7,14
2024-02-07 15:00:00,468.0,351.0,117.0,713.3,6.7,45,7.9,360,1020.2,76,0,71,62,0.0,3600.0,41.7658,-72.6734,2024,2,7,15
2024-02-07 16:00:00,355.0,241.0,114.0,599.5,6.8,44,8.3,358,1020.4,68,0,55,35,0.0,3600.0,41.7658,-72.6734,2024,2,7,16
2024-02-07 17:00:00,228.0,158.0,70.0,579.7,6.3,48,6.0,17,1020.5,81,0,4,80,0.0,3600.0,41.7658,-72.6734,2024,2,7,17
2024-02-07 18:00:00,77.0,46.0,31.0,389.7,3.4,67,8.2,49,1020.6,13,0,8,6,0.0,3600.0,41.7658,-72.6734,2024,2,7,18
2024-02-07 19:00:00,1.0,0.0,1.0,0.0,3.7,53,5.2,34,1021.2,48,0,46,5,0.0,0.0,41.7658,-72.6734,2024,2,7,19
2024-02-07 20:00:00,0.0,0.0,0.0,0.0,1.7,61,5.5,11,1021.5,14,0,14,0,0.0,0.0,41.7658,-72.6734,2024,2,7,20
2024-02-07 21:00:00,0.0,0.0,0.0,0.0,0.8,69,7.5,325,1021.7,6,0,0,6,0.0,0.0,41.7658,-72.6734,2024,2,7,21
2024-02-07 22:00:00,0.0,0.0,0.0,0.0,0.6,66,2.7,67,1021.6,21,0,1,20,0.0,0.0,41.7658,-72.6734,2024,2,7,22
2024-02-07 23:00:00,0.0,0.0,0.0,0.0,-1.3,76,3.9,68,1021.8,16,0,4,13,0.0,0.0,41.7658,-72.6734,2024,2,7,23
2024-02-08 00:00:00,0.0,0.0,0.0,0.0,-2.3,81,2.5,352,1022.0,4,0,1,2,0.0,0.0,41.7658,-72.6734,2024,2,8,0
2024-02-08 01:00:00,0.0,0.0,0.0,0.0,-2.9,84,4.8,312,1022.3,6,0,6,0,0.0,0.0,41.7658,-72.6734,2024,2,8,1
2024-02-08 02:00:00,0.0,0.0,0.0,0.0,-3.4,87,3.1,69,1022.3,2,0,2,0,0.0,0.0,41.7658,-72.6734,2024,2,8,2
2024-02-08 03:00:00,0.0,0.0,0.0,0.0,-2.9,82,2.5,315,1022.8,10,0,10,0,0.0,0.0,41.7658,-72.6734,2024,2,8,3
2024-02-08 04:00:00,0.0,0.0,0.0,0.0,-3.5,87,4.0,350,1022.9,18,0,13,5,0.0,0.0,41.7658,-72.6734,2024,2,8,4
2024-02-08 05:00:00,0.0,0.0,0.0,0.0,-3.5,85,3.3,49,1022.5,7,0,7,0,0.0,0.0,41.7658,-72.6734,2024,2,8,5
2024-02-08 06:00:00,0.0,0.0,0.0,0.0,-3.6,86,3.6,6,1022.6,1,0,1,0,0.0,0.0,41.7658,-72.6734,2024,2,8,6
2024-02-08 07:00:00,0.0,0.0,0.0,0.0,-3.8,85,3.4,302,1023.0,0,0,0,0,0.0,0.0,41.7658,-72.6734,2024,2,8,7
2024-02-08 08:00:00,0.0,0.0,0.0,0.0,-3.8,85,2.8,50,1023.2,2,0,2,0,0.0,0.0,41.7658,-72.6734,2024,2,8,8
2024-02-08 09:00:00,56.0,35.0,21.0,329.7,-2.0,80,5.6,45,1023.8,0,0,0,0,0.0,3578.12,41.7658,-72.6734,2024,2,8,9
2024-02-08 10:00:00,211.0,156.0,55.0,618.4,0.8,69,3.3,13,1023.8,0,0,0,0,0.0,3600.0,41.7658,-72.6734,2024,2,8,10
2024-02-08 11:00:00,362.0,293.0,69.0,755.8,3.5,60,2.9,7,1023.4,0,0,0,0,0.0,3600.0,41.7658,-72.6734,2024,2,8,11
2024-02-08 12:00:00,476.0,400.0,76.0,824.9,6.1,52,2.5,360,1023.0,0,0,0,0,0.0,3600.0,41.7658,-72.6734,2024,2,8,12
2024-02-08 13:00:00,539.0,459.0,80.0,854.3,7.7,46,1.0,45,1021.8,2,0,0,2,0.0,3600.0,41.7658,-72.6734,2024,2,8,13
2024-02-08 14:00:00,543.0,463.0,80.0,855.3,8.9,43,1.3,236,1021.2,13,0,2,11,0.0,3600.0,41.7658,-72.6734,2024,2,8,14
2024-02-08 15:00:00,490.0,413.0,77.0,831.5,9.6,42,2.8,220,1020.7,0,0,0,0,0.0,3600.0,41.7658,-72.6734,2024,2,8,15
2024-02-08 16:00:00,385.0,315.0,70.0,774.9,9.6,41,3.3,186,1020.3,6,0,0,6,0.0,3600.0,41.7658,-72.6734,2024,2,8,16
2024-02-08 17:00:00,239.0,183.0,56.0,660.9,8.9,47,2.9,187,1020.0,6,0,0,6,0.0,3600.0,41.7658,-72.6734,2024,2,8,17
2024-02-08 18:00:00,80.0,51.0,29.0,424.1,7.6,49,4.7,203,1020.2,42,0,0,42,0.0,3600.0,41.7658,-72.6734,2024,2,8,18
2024-02-08 19:00:00,1.0,0.0,1.0,0.0,4.5,61,12.4,190,1020.7,98,0,0,98,0.0,0.0,41.7658,-72.6734,2024,2,8,19
2024-02-08 20:00:00,0.0,0.0,0.0,0.0,2.3,71,9.7,182,1021.0,97,0,0,97,0.0,0.0,41.7658,-72.6734,2024,2,8,20
2024-02-08 21:00:00,0.0,0.0,0.0,0.0,1.4,82,9.8,186,1020.9,100,0,0,100,0.0,0.0,41.7658,-72.6734,2024,2,8,21
2024-02-08 22:00:00,0.0,0.0,0.0,0.0,0.6,94,9.0,182,1020.6,11,2,0,9,0.0,0.0,41.7658,-72.6734,2024,2,8,22
2024-02-08 23:00:00,0.0,0.0,0.0,0.0,0.2,97,8.3,185,1020.6,50,8,0,45,0.0,0.0,41.7658,-72.6734,2024,2,8,23
2024-02-09 00:00:00,0.0,0.0,0.0,0.0,-0.4,98,6.5,180,1020.4,72,58,2,33,0.0,0.0,41.7658,-72.6734,2024,2,9,0
2024-02-09 01:00:00,0.0,0.0,0.0,0.0,-1.3,99,6.0,197,1020.4,100,100,0,17,0.0,0.0,41.7658,-72.6734,2024,2,9,1
2024-02-09 02:00:00,0.0,0.0,0.0,0.0,0.0,100,6.9,189,1020.2,100,100,0,3,0.0,0.0,41.7658,-72.6734,2024,2,9,2
2024-02-09 03:00:00,0.0,0.0,0.0,0.0,-0.2,100,6.5,161,1019.7,100,100,0,93,0.0,0.0,41.7658,-72.6734,2024,2,9,3
2024-02-09 04:00:00,0.0,0.0,0.0,0.0,0.1,99,6.3,156,1019.0,100,100,0,100,0.0,0.0,41.7658,-72.6734,2024,2,9,4
2024-02-09 05:00:00,0.0,0.0,0.0,0.0,1.1,99,9.2,149,1018.1,100,100,72,100,0.0,0.0,41.7658,-72.6734,2024,2,9,5
2024-02-09 06:00:00,0.0,0.0,0.0,0.0,1.5,99,6.9,223,1019.1,100,100,95,100,0.0,0.0,41.7658,-72.6734,2024,2,9,6
2024-02-09 07:00:00,0.0,0.0,0.0,0.0,1.6,100,9.9,161,1018.2,100,100,1,100,0.0,0.0,41.7658,-72.6734,2024,2,9,7
2024-02-09 08:00:00,0.0,0.0,0.0,0.0,1.6,99,10.1,178,1017.8,100,100,9,100,0.0,0.0,41.7658,-72.6734,2024,2,9,8
2024-02-09 09:00:00,20.0,0.0,20.0,0.0,3.0,98,10.8,178,1018.1,100,31,26,100,0.0,0.0,41.7658,-72.6734,2024,2,9,9
2024-02-09 10:00:00,81.0,1.0,80.0,3.9,4.0,96,11.2,186,1017.8,100,55,84,100,0.0,0.0,41.7658,-72.6734,2024,2,9,10
2024-02-09 11:00:00,179.0,15.0,164.0,38.3,5.4,90,16.3,186,1017.5,100,100,19,97,0.0,0.0,41.7658,-72.6734,2024,2,9,11
2024-02-09 12:00:00,222.0,10.0,212.0,20.4,6.5,81,19.2,188,1016.8,82,82,1,0,0.0,0.0,41.7658,-72.6734,2024,2,9,12
2024-02-09 13:00:00,375.0,161.0,214.0,297.1,8.6,66,19.6,197,1015.7,64,64,0,0,0.0,3600.0,41.7658,-72.6734,2024,2,9,13
2024-02-09 14:00:00,392.0,186.0,206.0,340.6,10.2,58,17.8,194,1014.3,38,30,12,0,0.0,3600.0,41.7658,-72.6734,2024,2,9,14
2024-02-09 15:00:00,458.0,332.0,126.0,662.2,10.7,57,16.4,189,1013.7,22,8,15,0,0.0,3600.0,41.7658,-72.6734,2024,2,9,15
2024-02-09 16:00:00,358.0,260.0,98.0,632.5,10.2,63,16.8,190,1013.0,4,2,0,1,0.0,3600.0,41.7658,-72.6734,2024,2,9,16
2024-02-09 17:00:00,239.0,179.0,60.0,636.5,9.4,67,15.1,183,1012.3,1,1,1,0,0.0,3600.0,41.7658,-72.6734,2024,2,9,17
2024-02-09 18:00:00,82.0,51.0,31.0,416.3,7.6,75,13.0,182,1012.0,34,1,0,33,0.0,3600.0,41.7658,-72.6734,2024,2,9,18
2024-02-09 19:00:00,1.0,0.0,1.0,0.0,5.8,84,12.6,182,1011.9,99,1,9,99,0.0,0.0,41.7658,-72.6734,2024,2,9,19
2024-02-09 20:00:00,0.0,0.0,0.0,0.0,4.8,92,10.5,184,1012.0,96,2,0,96,0.0,0.0,41.7658,-72.6734,2024,2,9,20
2024-02-09 21:00:00,0.0,0.0,0.0,0.0,4.6,90,9.4,178,1011.5,100,0,0,100,0.0,0.0,41.7658,-72.6734,2024,2,9,21
2024-02-09 22:00:00,0.0,0.0,0.0,0.0,4.1,94,8.3,185,1011.4,100,0,35,100,0.0,0.0,41.7658,-72.6734,2024,2,9,22
2024-02-09 23:00:00,0.0,0.0,0.0,0.0,3.7,96,6.5,174,1010.9,56,0,0,56,0.0,0.0,41.7658,-72.6734,2024,2,9,23
2024-02-10 00:00:00,0.0,0.0,0.0,0.0,2.8,99,6.5,177,1010.8,100,0,0,100,0.0,0.0,41.7658,-72.6734,2024,2,10,0
2024-02-10 01:00:00,0.0,0.0,0.0,0.0,2.6,98,7.2,177,1010.5,100,0,0,100,0.0,0.0,41.7658,-72.6734,2024,2,10,1
2024-02-10 02:00:00,0.0,0.0,0.0,0.0,2.0,99,5.8,180,1010.1,100,0,0,100,0.0,0.0,41.7658,-72.6734,2024,2,10,2
2024-02-10 03:00:00,0.0,0.0,0.0,0.0,1.6,99,4.9,163,1009.5,100,0,0,100,0.0,0.0,41.7658,-72.6734,2024,2,10,3
2024-02-10 04:00:00,0.0,0.0,0.0,0.0,1.5,99,6.6,158,1008.6,76,0,0,76,0.0,0.0,41.7658,-72.6734,2024,2,10,4
2024-02-10 05:00:00,0.0,0.0,0.0,0.0,1.4,98,7.1,165,1008.0,0,0,0,0,0.0,0.0,41.7658,-72.6734,2024,2,10,5
2024-02-10 06:00:00,0.0,0.0,0.0,0.0,1.0,97,6.7,164,1007.7,0,0,0,0,0.0,0.0,41.7658,-72.6734,2024,2,10,6
2024-02-10 07:00:00,0.0,0.0,0.0,0.0,0.9,96,7.8,167,1007.7,0,0,0,0,0.0,0.0,41.7658,-72.6734,2024,2,10,7
2024-02-10 08:00:00,0.0,0.0,0.0,0.0,1.0,95,9.4,178,1007.7,0,0,0,0,0.0,0.0,41.7658,-72.6734,2024,2,10,8
2024-02-10 09:00:00,64.0,41.0,23.0,371.2,2.6,94,9.1,187,1007.8,6,0,1,5,0.0,3600.0,41.7658,-72.6734,2024,2,10,9
2024-02-10 10:00:00,224.0,172.0,52.0,659.8,5.6,86,6.2,190,1007.8,99,0,0,99,0.0,3600.0,41.7658,-72.6734,2024,2,10,10
2024-02-10 11:00:00,327.0,203.0,124.0,511.9,8.7,78,6.8,180,1006.9,100,0,1,100,0.0,3600.0,41.7658,-72.6734,2024,2,10,11
2024-02-10 12:00:00,429.0,281.0,148.0,568.8,11.4,69,8.7,187,1006.0,100,0,7,100,0.0,3600.0,41.7658,-72.6734,2024,2,10,12
2024-02-10 13:00:00,478.0,288.0,190.0,526.8,13.6,63,10.9,207,1005.1,100,0,6,100,0.0,3600.0,41.7658,-72.6734,2024,2,10,13
2024-02-10 14:00:00,480.0,300.0,180.0,544.7,15.2,60,12.2,223,1004.1,100,0,75,100,0.0,3600.0,41.7658,-72.6734,2024,2,10,14
2024-02-10 15:00:00,346.0,118.0,228.0,233.2,15.3,60,13.0,228,1003.2,99,0,66,98,0.0,3600.0,41.7658,-72.6734,2024,2,10,15
2024-02-10 16:00:00,263.0,81.0,182.0,194.9,15.0,61,13.0,228,1002.8,100,0,99,76,0.0,3600.0,41.7658,-72.6734,2024,2,10,16
2024-02-10 17:00:00,149.0,34.0,115.0,119.0,14.0,66,12.5,221,1002.8,100,1,100,57,0.0,1771.16,41.7658,-72.6734,2024,2,10,17
2024-02-10 18:00:00,38.0,2.0,36.0,16.0,12.5,72,11.0,218,1003.0,100,1,100,0,0.0,0.0,41.7658,-72.6734,2024,2,10,18
2024-02-10 19:00:00,1.0,0.0,1.0,0.0,11.5,76,10.9,214,1003.1,99,0,99,39,0.0,0.0,41.7658,-72.6734,2024,2,10,19
2024-02-10 20:00:00,0.0,0.0,0.0,0.0,11.3,76,10.7,237,1004.0,100,1,100,83,0.0,0.0,41.7658,-72.6734,2024,2,10,20
2024-02-10 21:00:00,0.0,0.0,0.0,0.0,9.3,90,9.2,281,1004.2,100,0,91,99,0.1,0.0,41.7658,-72.6734,2024,2,10,21
2024-02-10 22:00:00,0.0,0.0,0.0,0.0,7.3,94,6.8,252,1004.9,100,0,1,100,0.0,0.0,41.7658,-72.6734,2024,2,10,22
2024-02-10 23:00:00,0.0,0.0,0.0,0.0,7.2,94,8.2,232,1005.1,100,0,0,100,0.0,0.0,41.7658,-72.6734,2024,2,10,23
2024-02-11 00:00:00,0.0,0.0,0.0,0.0,6.6,95,7.0,249,1005.1,100,0,0,100,0.0,0.0,41.7658,-72.6734,2024,2,11,0
2024-02-11 01:00:00,0.0,0.0,0.0,0.0,5.8,95,5.7,235,1005.6,100,0,0,100,0.0,0.0,41.7658,-72.6734,2024,2,11,1
2024-02-11 02:00:00,0.0,0.0,0.0,0.0,4.9,97,6.2,277,1005.9,100,11,0,100,0.0,0.0,41.7658,-72.6734,2024,2,11,2
2024-02-11 03:00:00,0.0,0.0,0.0,0.0,5.1,95,6.7,306,1006.6,100,75,0,100,0.0,0.0,41.7658,-72.6734,2024,2,11,3
2024-02-11 04:00:00,0.0,0.0,0.0,0.0,4.8,94,8.7,343,1007.2,100,73,0,100,0.0,0.0,41.7658,-72.6734,2024,2,11,4
2024-02-11 05:00:00,0.0,0.0,0.0,0.0,4.2,89,9.0,344,1007.7,100,5,0,100,0.0,0.0,41.7658,-72.6734,2024,2,11,5
2024-02-11 06:00:00,0.0,0.0,0.0,0.0,3.1,88,9.9,327,1008.2,100,6,0,100,0.0,0.0,41.7658,-72.6734,2024,2,11,6
2024-02-11 07:00:00,0.0,0.0,0.0,0.0,2.5,88,11.6,330,1008.1,98,10,0,97,0.0,0.0,41.7658,-72.6734,2024,2,11,7
2024-02-11 08:00:00,0.0,0.0,0.0,0.0,1.9,87,11.0,319,1008.9,87,0,0,87,0.0,0.0,41.7658,-72.6734,2024,2,11,8
2024-02-11 09:00:00,59.0,23.0,36.0,204.2,3.8,80,10.5,311,1009.6,100,0,0,100,0.0,3600.0,41.7658,-72.6734,2024,2,11,9
2024-02-11 10:00:00,161.0,41.0,120.0,154.7,5.3,66,12.3,308,1009.5,100,0,32,100,0.0,2841.09,41.7658,-72.6734,2024,2,11,10
2024-02-11 11:00:00,245.0,55.0,190.0,137.1,6.3,57,11.4,294,1009.2,100,0,68,100,0.0,2314.11,41.7658,-72.6734,2024,2,11,11
2024-02-11 12:00:00,263.0,42.0,221.0,84.2,7.0,55,12.6,290,1009.7,100,0,67,100,0.0,726.34,41.7658,-72.6734,2024,2,11,12
2024-02-11 13:00:00,276.0,45.0,231.0,81.6,7.5,53,12.1,297,1008.6,100,0,82,100,0.0,648.17,41.7658,-72.6734,2024,2,11,13
2024-02-11 14:00:00,265.0,33.0,232.0,59.4,7.9,53,11.1,295,1007.8,100,0,97,100,0.0,0.0,41.7658,-72.6734,2024,2,11,14
2024-02-11 15:00:00,227.0,10.0,217.0,19.6,8.1,53,10.3,295,1007.3,100,0,100,100,0.0,0.0,41.7658,-72.6734,2024,2,11,15
2024-02-11 16:00:00,219.0,26.0,193.0,61.9,8.3,54,10.6,298,1007.5,96,0,88,65,0.0,56.2,41.7658,-72.6734,2024,2,11,16
2024-02-11 17:00:00,197.0,80.0,117.0,275.8,8.2,54,10.0,311,1007.5,100,0,100,0,0.0,3600.0,41.7658,-72.6734,2024,2,11,17
2024-02-11 18:00:00,72.0,25.0,47.0,193.7,6.6,60,8.4,317,1008.0,88,0,88,0,0.0,3600.0,41.7658,-72.6734,2024,2,11,18
2024-02-11 19:00:00,1.0,0.0,1.0,0.0,5.2,64,10.1,325,1008.5,94,0,94,0,0.0,0.0,41.7658,-72.6734,2024,2,11,19
2024-02-11 20:00:00,0.0,0.0,0.0,0.0,4.6,64,8.7,330,1009.1,97,0,97,0,0.0,0.0,41.7658,-72.6734,2024,2,11,20
2024-02-11 21:00:00,0.0,0.0,0.0,0.0,2.7,70,8.7,322,1008.7,65,0,65,0,0.0,0.0,41.7658,-72.6734,2024,2,11,21
2024-02-11 22:00:00,0.0,0.0,0.0,0.0,2.3,73,6.2,324,1009.0,8,0,8,0,0.0,0.0,41.7658,-72.6734,2024,2,11,22
2024-02-11 23:00:00,0.0,0.0,0.0,0.0,1.0,78,4.8,312,1009.0,0,0,0,0,0.0,0.0,41.7658,-72.6734,2024,2,11,23
2024-02-12 00:00:00,0.0,0.0,0.0,0.0,0.2,80,5.7,305,1009.2,8,0,0,8,0.0,0.0,41.7658,-72.6734,2024,2,12,0
2024-02-12 01:00:00,0.0,0.0,0.0,0.0,-0.6,83,8.7,312,1009.6,85,0,0,85,0.0,0.0,41.7658,-72.6734,2024,2,12,1
2024-02-12 02:00:00,0.0,0.0,0.0,0.0,-1.0,83,8.2,322,1009.4,94,0,1,94,0.0,0.0,41.7658,-72.6734,2024,2,12,2
2024-02-12 03:00:00,0.0,0.0,0.0,0.0,-1.4,83,4.8,283,1009.4,0,0,0,0,0.0,0.0,41.7658,-72.6734,2024,2,12,3
2024-02-12 04:00:00,0.0,0.0,0.0,0.0,-1.8,85,8.5,306,1009.1,15,0,0,15,0.0,0.0,41.7658,-72.6734,2024,2,12,4
2024-02-12 05:00:00,0.0,0.0,0.0,0.0,-2.1,86,8.4,301,1008.8,96,0,0,96,0.0,0.0,41.7658,-72.6734,2024,2,12,5
2024-02-12 06:00:00,0.0,0.0,0.0,0.0,-2.4,87,6.1,320,1009.3,100,0,0,100,0.0,0.0,41.7658,-72.6734,2024,2,12,6
2024-02-12 07:00:00,0.0,0.0,0.0,0.0,-2.8,89,4.7,328,1009.6,99,0,0,99,0.0,0.0,41.7658,-72.6734,2024,2,12,7
2024-02-12 08:00:00,0.0,0.0,0.0,0.0,-3.2,90,5.5,302,1010.3,99,0,0,99,0.0,0.0,41.7658,-72.6734,2024,2,12,8
2024-02-12 09:00:00,65.0,29.0,36.0,252.4,-0.8,83,5.9,317,1010.0,63,0,0,63,0.0,3600.0,41.7658,-72.6734,2024,2,12,9
2024-02-12 10:00:00,232.0,169.0,63.0,627.3,1.7,71,5.0,360,1009.4,100,0,0,100,0.0,3600.0,41.7658,-72.6734,2024,2,12,10
2024-02-12 11:00:00,372.0,270.0,102.0,665.6,3.8,63,3.3,354,1009.9,98,0,0,98,0.0,3600.0,41.7658,-72.6734,2024,2,12,11
2024-02-12 12:00:00,500.0,404.0,96.0,802.4,5.7,56,1.9,22,1009.2,47,0,0,47,0.0,3600.0,41.7658,-72.6734,2024,2,12,12
2024-02-12 13:00:00,573.0,492.0,81.0,884.5,7.1,51,1.1,18,1007.7,16,0,0,16,0.0,3600.0,41.7658,-72.6734,2024,2,12,13
2024-02-12 14:00:00,579.0,499.0,80.0,890.5,8.3,48,1.8,233,1006.8,100,0,0,100,0.0,3600.0,41.7658,-72.6734,2024,2,12,14
2024-02-12 15:00:00,488.0,353.0,135.0,684.7,9.0,46,3.1,216,1005.8,100,0,0,100,0.0,3600.0,41.7658,-72.6734,2024,2,12,15
2024-02-12 16:00:00,330.0,155.0,175.0,364.9,9.1,45,5.1,219,1006.1,100,0,0,100,0.0,3600.0,41.7658,-72.6734,2024,2,12,16
2024-02-12 17:00:00,208.0,85.0,123.0,288.7,8.7,48,3.7,241,1005.5,100,0,0,100,0.0,3600.0,41.7658,-72.6734,2024,2,12,17
2024-02-12 18:00:00,63.0,5.0,58.0,37.5,6.3,68,5.8,248,1005.5,100,0,0,100,0.0,0.0,41.7658,-72.6734,2024,2,12,18
2024-02-12 19:00:00,2.0,0.0,2.0,0.0,4.7,63,9.6,290,1006.5,100,0,5,100,0.0,0.0,41.7658,-72.6734,2024,2,12,19
2024-02-12 20:00:00,0.0,0.0,0.0,0.0,3.5,66,6.6,338,1006.5,100,0,31,100,0.0,0.0,41.7658,-72.6734,2024,2,12,20
2024-02-12 21:00:00,0.0,0.0,0.0,0.0,0.9,68,9.4,337,1007.1,100,0,0,100,0.0,0.0,41.7658,-72.6734,2024,2,12,21
2024-02-12 22:00:00,0.0,0.0,0.0,0.0,0.3,71,8.7,343,1006.8,100,0,92,100,0.0,0.0,41.7658,-72.6734,2024,2,12,22
2024-02-12 23:00:00,0.0,0.0,0.0,0.0,0.8,69,8.0,10,1006.5,99,0,91,90,0.0,0.0,41.7658,-72.6734,2024,2,12,23
2024-02-13 00:00:00,0.0,0.0,0.0,0.0,-0.1,74,5.8,30,1005.4,100,0,14,100,0.0,0.0,41.7658,-72.6734,2024,2,13,0
2024-02-13 01:00:00,0.0,0.0,0.0,0.0,-0.7,78,7.2,27,1004.6,100,0,100,59,0.0,0.0,41.7658,-72.6734,2024,2,13,1
2024-02-13 02:00:00,0.0,0.0,0.0,0.0,-0.6,76,9.4,7,1003.7,100,0,99,99,0.0,0.0,41.7658,-72.6734,2024,2,13,2
2024-02-13 03:00:00,0.0,0.0,0.0,0.0,-0.6,77,10.5,356,1003.2,100,0,100,100,0.0,0.0,41.7658,-72.6734,2024,2,13,3
2024-02-13 04:00:00,0.0,0.0,0.0,0.0,-0.7,74,10.6,10,1001.8,100,0,100,100,0.0,0.0,41.7658,-72.6734,2024,2,13,4
2024-02-13 05:00:00,0.0,0.0,0.0,0.0,-0.4,73,8.8,351,1000.8,100,0,100,100,0.0,0.0,41.7658,-72.6734,2024,2,13,5
2024-02-13 06:00:00,0.0,0.0,0.0,0.0,-0.6,75,11.5,360,1000.4,100,0,100,100,0.3,0.0,41.7658,-72.6734,2024,2,13,6
2024-02-13 07:00:00,0.0,0.0,0.0,0.0,-1.0,79,10.8,2,999.0,100,0,100,100,0.9,0.0,41.7658,-72.6734,2024,2,13,7
2024-02-13 08:00:00,0.0,0.0,0.0,0.0,-0.9,83,15.2,7,998.0,100,14,100,100,1.0,0.0,41.7658,-72.6734,2024,2,13,8
2024-02-13 09:00:00,5.0,0.0,5.0,0.0,-0.2,92,14.7,11,997.0,100,55,100,100,2.5,0.0,41.7658,-72.6734,2024,2,13,9
2024-02-13 10:00:00,17.0,0.0,17.0,0.0,0.6,92,14.2,16,995.4,100,36,100,100,2.3,0.0,41.7658,-72.6734,2024,2,13,10
2024-02-13 11:00:00,46.0,0.0,46.0,0.0,1.2,89,17.0,5,994.9,100,72,100,100,2.2,0.0,41.7658,-72.6734,2024,2,13,11
2024-02-13 12:00:00,37.0,0.0,37.0,0.0,1.0,91,17.3,1,995.0,100,92,100,100,1.9,0.0,41.7658,-72.6734,2024,2,13,12
2024-02-13 13:00:00,100.0,0.0,100.0,0.0,1.3,84,20.9,4,994.4,100,44,100,100,1.6,0.0,41.7658,-72.6734,2024,2,13,13
2024-02-13 14:00:00,141.0,1.0,140.0,1.8,1.7,80,21.3,4,995.0,100,99,100,100,0.5,0.0,41.7658,-72.6734,2024,2,13,14
2024-02-13 15:00:00,183.0,0.0,183.0,0.0,2.1,76,20.6,355,995.6,100,100,100,100,0.2,0.0,41.7658,-72.6734,2024,2,13,15
2024-02-13 16:00:00,197.0,5.0,192.0,11.6,2.4,70,18.3,350,997.0,100,98,55,100,0.0,0.0,41.7658,-72.6734,2024,2,13,16
2024-02-13 17:00:00,132.0,10.0,122.0,33.5,2.7,66,12.2,346,998.3,100,96,100,96,0.0,0.0,41.7658,-72.6734,2024,2,13,17
2024-02-13 18:00:00,41.0,2.0,39.0,14.6,1.9,69,7.4,346,999.4,95,89,94,0,0.0,0.0,41.7658,-72.6734,2024,2,13,18
2024-02-13 19:00:00,2.0,0.0,2.0,0.0,0.5,81,5.6,315,1000.8,72,64,50,0,0.1,0.0,41.7658,-72.6734,2024,2,13,19
2024-02-13 20:00:00,0.0,0.0,0.0,0.0,-0.4,80,6.8,295,1001.5,10,6,10,0,0.0,0.0,41.7658,-72.6734,2024,2,13,20
2024-02-13 21:00:00,0.0,0.0,0.0,0.0,-1.9,87,8.0,278,1002.2,72,10,71,0,0.0,0.0,41.7658,-72.6734,2024,2,13,21
2024-02-13 22:00:00,0.0,0.0,0.0,0.0,-2.5,87,7.9,273,1002.7,7,7,5,0,0.0,0.0,41.7658,-72.6734,2024,2,13,22
2024-02-13 23:00:00,0.0,0.0,0.0,0.0,-3.0,79,8.8,279,1002.9,10,1,9,0,0.0,0.0,41.7658,-72.6734,2024,2,13,23
2024-02-14 00:00:00,0.0,0.0,0.0,0.0,-2.7,75,11.0,281,1002.9,2,1,1,0,0.0,0.0,41.7658,-72.6734,2024,2,14,0
2024-02-14 01:00:00,0.0,0.0,0.0,0.0,-2.8,77,11.3,277,1003.3,10,2,8,0,0.0,0.0,41.7658,-72.6734,2024,2,14,1
2024-02-14 02:00:00,0.0,0.0,0.0,0.0,-3.5,80,9.8,262,1003.6,14,2,12,0,0.0,0.0,41.7658,-72.6734,2024,2,14,2
2024-02-14 03:00:00,0.0,0.0,0.0,0.0,-3.9,83,11.6,265,1003.8,3,2,1,0,0.0,0.0,41.7658,-72.6734,2024,2,14,3
2024-02-14 04:00:00,0.0,0.0,0.0,0.0,-3.1,79,14.1,276,1004.0,9,9,0,0,0.0,0.0,41.7658,-72.6734,2024,2,14,4
2024-02-14 05:00:00,0.0,0.0,0.0,0.0,-2.2,67,17.7,294,1004.5,14,14,0,0,0.0,0.0,41.7658,-72.6734,2024,2,14,5
2024-02-14 06:00:00,0.0,0.0,0.0,0.0,-2.8,65,17.3,301,1005.6,34,34,0,0,0.0,0.0,41.7658,-72.6734,2024,2,14,6
2024-02-14 07:00:00,0.0,0.0,0.0,0.0,-3.7,67,14.4,307,1006.9,43,43,0,0,0.0,0.0,41.7658,-72.6734,2024,2,14,7
2024-02-14 08:00:00,1.0,0.0,1.0,0.0,-4.8,69,13.6,302,1008.3,18,18,1,0,0.0,0.0,41.7658,-72.6734,2024,2,14,8
2024-02-14 09:00:00,84.0,54.0,30.0,451.8,-4.4,55,15.6,310,1009.3,0,0,0,0,0.0,3600.0,41.7658,-72.6734,2024,2,14,9
2024-02-14 10:00:00,262.0,198.0,64.0,711.1,-4.5,52,15.9,308,1009.9,0,0,0,0,0.0,3600.0,41.7658,-72.6734,2024,2,14,10
2024-02-14 11:00:00,428.0,346.0,82.0,833.7,-4.0,50,16.2,307,1010.5,0,0,0,0,0.0,3600.0,41.7658,-72.6734,2024,2,14,11
2024-02-14 12:00:00,551.0,459.0,92.0,894.6,-3.2,48,16.8,305,1010.6,0,0,0,0,0.0,3600.0,41.7658,-72.6734,2024,2,14,12
2024-02-14 13:00:00,619.0,522.0,97.0,922.3,-2.4,45,18.3,306,1010.3,0,0,0,0,0.0,3600.0,41.7658,-72.6734,2024,2,14,13
2024-02-14 14:00:00,625.0,529.0,96.0,928.0,-1.7,41,19.5,309,1009.7,0,0,0,0,0.0,3600.0,41.7658,-72.6734,2024,2,14,14
2024-02-14 15:00:00,568.0,477.0,91.0,908.5,-1.3,40,18.4,309,1009.5,0,0,0,0,0.0,3600.0,41.7658,-72.6734,2024,2,14,15
2024-02-14 16:00:00,453.0,371.0,82.0,854.7,-1.3,41,18.1,311,1009.9,0,0,0,0,0.0,3600.0,41.7658,-72.6734,2024,2,14,16
2024-02-14 17:00:00,291.0,223.0,68.0,735.3,-1.7,44,15.6,308,1010.4,0,0,0,0,0.0,3600.0,41.7658,-72.6734,2024,2,14,17
2024-02-14 18:00:00,112.0,75.0,37.0,529.6,-3.0,48,14.1,308,1011.1,0,0,0,0,0.0,3600.0,41.7658,-72.6734,2024,2,14,18
2024-02-14 19:00:00,4.0,2.0,2.0,38.2,-4.3,52,14.4,307,1012.4,0,0,0,0,0.0,128.62,41.7658,-72.6734,2024,2,14,19
2024-02-14 20:00:00,0.0,0.0,0.0,0.0,-5.2,57,13.9,307,1013.6,1,1,0,0,0.0,0.0,41.7658,-72.6734,2024,2,14,20
2024-02-14 21:00:00,0.0,0.0,0.0,0.0,-4.7,56,13.8,303,1013.4,0,0,0,0,0.0,0.0,41.7658,-72.6734,2024,2,14,21
2024-02-14 22:00:00,0.0,0.0,0.0,0.0,-5.3,59,13.0,309,1013.9,0,0,0,0,0.0,0.0,41.7658,-72.6734,2024,2,14,22
2024-02-14 23:00:00,0.0,0.0,0.0,0.0,-5.4,60,14.5,312,1014.1,0,0,0,0,0.0,0.0,41.7658,-72.6734,2024,2,14,23
2024-02-15 00:00:00,0.0,0.0,0.0,0.0,-5.4,60,15.3,311,1014.2,0,0,0,0,0.0,0.0,41.7658,-72.6734,2024,2,15,0
2024-02-15 01:00:00,0.0,0.0,0.0,0.0,-5.5,59,15.3,315,1014.5,0,0,0,0,0.0,0.0,41.7658,-72.6734,2024,2,15,1
2024-02-15 02:00:00,0.0,0.0,0.0,0.0,-5.7,60,13.5,316,1015.0,0,0,0,0,0.0,0.0,41.7658,-72.6734,2024,2,15,2
2024-02-15 03:00:00,0.0,0.0,0.0,0.0,-6.2,63,12.0,316,1015.5,0,0,0,0,0.0,0.0,41.7658,-72.6734,2024,2,15,3
2024-02-15 04:00:00,0.0,0.0,0.0,0.0,-6.7,66,10.7,310,1015.9,0,0,0,0,0.0,0.0,41.7658,-72.6734,2024,2,15,4
2024-02-15 05:00:00,0.0,0.0,0.0,0.0,-8.0,72,7.9,313,1015.9,0,0,0,0,0.0,0.0,41.7658,-72.6734,2024,2,15,5
2024-02-15 06:00:00,0.0,0.0,0.0,0.0,-9.7,73,8.1,291,1016.1,0,0,0,0,0.0,0.0,41.7658,-72.6734,2024,2,15,6
2024-02-15 07:00:00,0.0,0.0,0.0,0.0,-9.4,75,8.6,270,1016.7,0,0,0,0,0.0,0.0,41.7658,-72.6734,2024,2,15,7
2024-02-15 08:00:00,1.0,0.0,1.0,0.0,-9.6,76,9.4,277,1017.0,0,0,0,0,0.0,0.0,41.7658,-72.6734,2024,2,15,8
2024-02-15 09:00:00,88.0,57.0,31.0,467.7,-7.6,70,6.7,286,1017.8,0,0,0,0,0.0,3600.0,41.7658,-72.6734,2024,2,15,9
2024-02-15 10:00:00,265.0,201.0,64.0,710.2,-4.8,61,4.8,297,1017.7,0,0,0,0,0.0,3600.0,41.7658,-72.6734,2024,2,15,10
2024-02-15 11:00:00,430.0,349.0,81.0,831.4,-2.5,52,5.2,304,1017.5,1,0,0,1,0.0,3600.0,41.7658,-72.6734,2024,2,15,11
2024-02-15 12:00:00,553.0,462.0,91.0,892.0,-0.8,47,5.0,291,1017.1,53,0,1,53,0.0,3600.0,41.7658,-72.6734,2024,2,15,12
2024-02-15 13:00:00,618.0,520.0,98.0,910.9,0.6,44,4.7,270,1016.2,75,0,74,4,0.0,3600.0,41.7658,-72.6734,2024,2,15,13
2024-02-15 14:00:00,603.0,465.0,138.0,808.8,1.5,42,4.5,241,1015.0,35,0,33,2,0.0,3600.0,41.7658,-72.6734,2024,2,15,14
2024-02-15 15:00:00,531.0,381.0,150.0,719.1,1.7,44,4.2,211,1012.9,45,0,38,12,0.0,3600.0,41.7658,-72.6734,2024,2,15,15
2024-02-15 16:00:00,440.0,337.0,103.0,768.2,1.7,45,5.4,188,1011.2,97,0,72,89,0.0,3600.0,41.7658,-72.6734,2024,2,15,16
2024-02-15 17:00:00,269.0,174.0,95.0,565.5,0.9,49,6.8,183,1010.0,100,0,96,100,0.0,3600.0,41.7658,-72.6734,2024,2,15,17
2024-02-15 18:00:00,60.0,1.0,59.0,6.9,0.2,59,11.2,180,1009.1,100,0,99,100,0.0,0.0,41.7658,-72.6734,2024,2,15,18
2024-02-15 19:00:00,2.0,0.0,2.0,0.0,-1.1,64,10.8,176,1008.0,100,0,100,100,0.0,0.0,41.7658,-72.6734,2024,2,15,19
2024-02-15 20:00:00,0.0,0.0,0.0,0.0,-1.6,67,12.0,173,1007.4,100,17,100,100,0.0,0.0,41.7658,-72.6734,2024,2,15,20
2024-02-15 21:00:00,0.0,0.0,0.0,0.0,-1.7,70,12.3,183,1007.0,100,29,100,100,0.5,0.0,41.7658,-72.6734,2024,2,15,21
2024-02-15 22:00:00,0.0,0.0,0.0,0.0,-1.6,76,12.4,188,1005.6,100,17,100,0,0.2,0.0,41.7658,-72.6734,2024,2,15,22
2024-02-15 23:00:00,0.0,0.0,0.0,0.0,-1.1,77,12.2,194,1004.6,100,100,100,0,0.0,0.0,41.7658,-72.6734,2024,2,15,23
2024-02-16 00:00:00,0.0,0.0,0.0,0.0,-0.6,80,12.6,193,1002.7,53,50,38,0,0.0,0.0,41.7658,-72.6734,2024,2,16,0
2024-02-16 01:00:00,0.0,0.0,0.0,0.0,-0.7,82,12.7,205,1001.5,84,84,0,0,0.0,0.0,41.7658,-72.6734,2024,2,16,1
2024-02-16 02:00:00,0.0,0.0,0.0,0.0,-1.4,82,11.9,215,1000.6,43,38,14,0,0.0,0.0,41.7658,-72.6734,2024,2,16,2
2024-02-16 03:00:00,0.0,0.0,0.0,0.0,-1.5,81,12.5,229,999.6,13,13,1,0,0.0,0.0,41.7658,-72.6734,2024,2,16,3
2024-02-16 04:00:00,0.0,0.0,0.0,0.0,-0.3,74,14.2,261,999.2,1,1,0,0,0.0,0.0,41.7658,-72.6734,2024,2,16,4
2024-02-16 05:00:00,0.0,0.0,0.0,0.0,0.6,64,17.7,276,999.8,4,4,0,0,0.0,0.0,41.7658,-72.6734,2024,2,16,5
2024-02-16 06:00:00,0.0,0.0,0.0,0.0,-0.4,64,17.7,272,1000.5,38,38,0,0,0.0,0.0,41.7658,-72.6734,2024,2,16,6
2024-02-16 07:00:00,0.0,0.0,0.0,0.0,-1.3,65,19.2,264,1000.9,39,38,11,0,0.0,0.0,41.7658,-72.6734,2024,2,16,7
2024-02-16 08:00:00,1.0,0.0,1.0,0.0,-1.6,65,19.1,269,1001.5,94,94,0,0,0.0,0.0,41.7658,-72.6734,2024,2,16,8
2024-02-16 09:00:00,84.0,46.0,38.0,370.2,0.1,60,13.6,292,1003.5,50,49,11,0,0.0,3600.0,41.7658,-72.6734,2024,2,16,9
2024-02-16 10:00:00,201.0,92.0,109.0,319.8,0.3,61,23.9,304,1004.6,31,30,1,0,0.0,3600.0,41.7658,-72.6734,2024,2,16,10
2024-02-16 11:00:00,303.0,145.0,158.0,341.5,0.2,54,23.4,307,1005.2,67,48,35,0,0.0,3600.0,41.7658,-72.6734,2024,2,16,11
2024-02-16 12:00:00,489.0,344.0,145.0,657.9,1.1,49,28.9,309,1006.0,17,4,13,0,0.0,3600.0,41.7658,-72.6734,2024,2,16,12
2024-02-16 13:00:00,564.0,371.0,193.0,644.3,1.6,51,25.4,309,1006.7,86,86,0,0,0.0,3600.0,41.7658,-72.6734,2024,2,16,13
2024-02-16 14:00:00,437.0,185.0,252.0,319.1,1.7,50,22.9,312,1006.8,63,62,27,0,0.0,3600.0,41.7658,-72.6734,2024,2,16,14
2024-02-16 15:00:00,437.0,221.0,216.0,413.4,2.1,45,21.2,312,1006.7,84,80,82,0,0.0,3600.0,41.7658,-72.6734,2024,2,16,15
2024-02-16 16:00:00,399.0,262.0,137.0,591.0,2.4,41,19.2,310,1006.5,32,7,32,0,0.0,3600.0,41.7658,-72.6734,2024,2,16,16
2024-02-16 17:00:00,292.0,214.0,78.0,685.6,1.9,42,13.5,312,1007.0,6,0,6,0,0.0,3600.0,41.7658,-72.6734,2024,2,16,17
2024-02-16 18:00:00,117.0,75.0,42.0,500.0,0.0,49,9.8,298,1008.0,19,0,7,13,0.0,3600.0,41.7658,-72.6734,2024,2,16,18
2024-02-16 19:00:00,5.0,2.0,3.0,38.2,-4.4,63,8.9,291,1008.6,52,0,28,48,0.0,49.02,41.7658,-72.6734,2024,2,16,19
2024-02-16 20:00:00,0.0,0.0,0.0,0.0,-5.9,68,9.9,289,1009.5,79,0,21,75,0.0,0.0,41.7658,-72.6734,2024,2,16,20
2024-02-16 21:00:00,0.0,0.0,0.0,0.0,-3.7,65,7.6,295,1009.9,100,0,88,100,0.0,0.0,41.7658,-72.6734,2024,2,16,21
2024-02-16 22:00:00,0.0,0.0,0.0,0.0,-3.1,63,6.9,298,1009.4,100,0,60,100,0.0,0.0,41.7658,-72.6734,2024,2,16,22
2024-02-16 23:00:00,0.0,0.0,0.0,0.0,-3.0,60,8.0,306,1009.0,100,0,100,100,0.0,0.0,41.7658,-72.6734,2024,2,16,23
2024-02-17 00:00:00,0.0,0.0,0.0,0.0,-3.3,68,6.4,333,1008.4,100,0,100,100,0.0,0.0,41.7658,-72.6734,2024,2,17,0
2024-02-17 01:00:00,0.0,0.0,0.0,0.0,-3.0,67,5.8,353,1008.4,100,0,100,100,0.0,0.0,41.7658,-72.6734,2024,2,17,1
2024-02-17 02:00:00,0.0,0.0,0.0,0.0,-2.1,61,5.0,21,1008.3,100,11,100,100,0.1,0.0,41.7658,-72.6734,2024,2,17,2
2024-02-17 03:00:00,0.0,0.0,0.0,0.0,-3.6,80,1.8,169,1007.6,100,20,100,100,0.3,0.0,41.7658,-72.6734,2024,2,17,3
2024-02-17 04:00:00,0.0,0.0,0.0,0.0,-3.7,87,3.6,174,1007.0,100,27,100,100,0.2,0.0,41.7658,-72.6734,2024,2,17,4
2024-02-17 05:00:00,0.0,0.0,0.0,0.0,-4.0,90,3.6,143,1005.8,100,15,100,100,0.3,0.0,41.7658,-72.6734,2024,2,17,5
2024-02-17 06:00:00,0.0,0.0,0.0,0.0,-4.0,90,3.6,127,1005.3,100,52,100,5,0.3,0.0,41.7658,-72.6734,2024,2,17,6
2024-02-17 07:00:00,0.0,0.0,0.0,0.0,-4.7,91,4.3,138,1004.8,100,99,100,0,0.2,0.0,41.7658,-72.6734,2024,2,17,7
2024-02-17 08:00:00,0.0,0.0,0.0,0.0,-3.8,86,1.1,72,1004.4,100,99,100,6,0.3,0.0,41.7658,-72.6734,2024,2,17,8
2024-02-17 09:00:00,33.0,0.0,33.0,0.0,-3.1,90,2.5,8,1004.7,100,100,100,28,0.3,0.0,41.7658,-72.6734,2024,2,17,9
2024-02-17 10:00:00,116.0,10.0,106.0,34.2,-2.0,83,3.2,333,1004.3,100,100,100,0,0.3,0.0,41.7658,-72.6734,2024,2,17,10
2024-02-17 11:00:00,155.0,7.0,148.0,16.3,-1.2,80,3.3,276,1003.8,100,100,100,0,0.2,0.0,41.7658,-72.6734,2024,2,17,11
2024-02-17 12:00:00,120.0,0.0,120.0,0.0,-0.5,76,2.9,263,1003.2,100,100,48,0,0.1,0.0,41.7658,-72.6734,2024,2,17,12
2024-02-17 13:00:00,282.0,46.0,236.0,79.2,0.6,69,4.9,287,1001.9,99,59,98,0,0.3,576.26,41.7658,-72.6734,2024,2,17,13
2024-02-17 14:00:00,294.0,51.0,243.0,87.2,1.3,58,8.9,302,1001.2,97,81,97,0,0.1,816.68,41.7658,-72.6734,2024,2,17,14
2024-02-17 15:00:00,288.0,55.0,233.0,102.0,1.2,54,13.6,310,1000.8,98,22,98,0,0.1,1258.88,41.7658,-72.6734,2024,2,17,15
2024-02-17 16:00:00,190.0,27.0,163.0,60.3,0.8,46,13.5,312,1001.1,69,0,69,0,0.0,8.27,41.7658,-72.6734,2024,2,17,16
2024-02-17 17:00:00,253.0,140.0,113.0,442.3,0.3,43,12.8,310,1001.7,15,0,15,0,0.0,3600.0,41.7658,-72.6734,2024,2,17,17
2024-02-17 18:00:00,121.0,79.0,42.0,512.4,-1.5,49,10.5,308,1002.5,1,0,1,0,0.0,3600.0,41.7658,-72.6734,2024,2,17,18
2024-02-17 19:00:00,6.0,3.0,3.0,57.3,-3.9,58,10.7,312,1003.6,9,0,9,0,0.0,331.54,41.7658,-72.6734,2024,2,17,19
2024-02-17 20:00:00,0.0,0.0,0.0,0.0,-4.9,59,9.7,318,1005.1,0,0,0,0,0.0,0.0,41.7658,-72.6734,2024,2,17,20
2024-02-17 21:00:00,0.0,0.0,0.0,0.0,-6.0,62,8.2,308,1005.9,0,0,0,0,0.0,0.0,41.7658,-72.6734,2024,2,17,21
2024-02-17 22:00:00,0.0,0.0,0.0,0.0,-9.5,69,11.6,286,1006.4,0,0,0,0,0.0,0.0,41.7658,-72.6734,2024,2,17,22
2024-02-17 23:00:00,0.0,0.0,0.0,0.0,-9.4,69,10.1,272,1006.6,0,0,0,0,0.0,0.0,41.7658,-72.6734,2024,2,17,23
2024-02-18 00:00:00,0.0,0.0,0.0,0.0,-9.8,72,9.8,253,1007.3,3,3,0,0,0.0,0.0,41.7658,-72.6734,2024,2,18,0
2024-02-18 01:00:00,0.0,0.0,0.0,0.0,-10.0,73,9.3,242,1007.6,2,2,0,0,0.0,0.0,41.7658,-72.6734,2024,2,18,1
2024-02-18 02:00:00,0.0,0.0,0.0,0.0,-9.8,73,8.7,232,1007.8,2,2,0,0,0.0,0.0,41.7658,-72.6734,2024,2,18,2
2024-02-18 03:00:00,0.0,0.0,0.0,0.0,-9.4,72,7.4,231,1008.3,0,0,0,0,0.0,0.0,41.7658,-72.6734,2024,2,18,3
2024-02-18 04:00:00,0.0,0.0,0.0,0.0,-9.1,73,6.9,231,1008.5,0,0,0,0,0.0,0.0,41.7658,-72.6734,2024,2,18,4
2024-02-18 05:00:00,0.0,0.0,0.0,0.0,-9.2,74,7.1,221,1008.4,0,0,0,0,0.0,0.0,41.7658,-72.6734,2024,2,18,5
2024-02-18 06:00:00,0.0,0.0,0.0,0.0,-8.4,75,8.3,214,1008.5,13,0,2,12,0.0,0.0,41.7658,-72.6734,2024,2,18,6
2024-02-18 07:00:00,0.0,0.0,0.0,0.0,-8.2,75,9.2,201,1008.2,60,0,60,2,0.0,0.0,41.7658,-72.6734,2024,2,18,7
2024-02-18 08:00:00,2.0,0.0,2.0,0.0,-7.8,74,10.3,192,1007.9,79,0,79,1,0.0,0.0,41.7658,-72.6734,2024,2,18,8
2024-02-18 09:00:00,81.0,35.0,46.0,268.3,-5.7,70,10.7,194,1007.0,61,0,61,0,0.0,3600.0,41.7658,-72.6734,2024,2,18,9
2024-02-18 10:00:00,259.0,179.0,80.0,602.6,-3.5,61,17.7,209,1006.9,44,0,44,0,0.0,3600.0,41.7658,-72.6734,2024,2,18,10
2024-02-18 11:00:00,420.0,315.0,105.0,725.4,-2.1,52,20.7,219,1006.4,0,0,0,0,0.0,3600.0,41.7658,-72.6734,2024,2,18,11
2024-02-18 12:00:00,545.0,438.0,107.0,822.2,-0.6,48,19.6,234,1005.7,34,33,0,0,0.0,3600.0,41.7658,-72.6734,2024,2,18,12
2024-02-18 13:00:00,619.0,519.0,100.0,886.1,0.2,46,16.8,225,1004.4,19,19,0,0,0.0,3600.0,41.7658,-72.6734,2024,2,18,13
2024-02-18 14:00:00,623.0,519.0,104.0,880.2,1.2,44,18.9,230,1003.3,31,31,0,0,0.0,3600.0,41.7658,-72.6734,2024,2,18,14
2024-02-18 15:00:00,567.0,467.0,100.0,858.1,2.0,41,21.5,235,1002.5,72,71,49,0,0.0,3600.0,41.7658,-72.6734,2024,2,18,15
2024-02-18 16:00:00,423.0,305.0,118.0,674.0,2.4,40,22.0,238,1002.1,58,29,57,0,0.0,3600.0,41.7658,-72.6734,2024,2,18,16
2024-02-18 17:00:00,290.0,205.0,85.0,638.7,2.3,41,21.1,247,1002.3,11,0,11,0,0.0,3600.0,41.7658,-72.6734,2024,2,18,17
2024-02-18 18:00:00,121.0,78.0,43.0,492.6,1.0,47,13.4,243,1003.0,0,0,0,0,0.0,3600.0,41.7658,-72.6734,2024,2,18,18
2024-02-18 19:00:00,7.0,3.0,4.0,56.1,-0.8,54,11.5,219,1003.5,1,0,1,0,0.0,291.64,41.7658,-72.6734,2024,2,18,19
2024-02-18 20:00:00,0.0,0.0,0.0,0.0,-1.8,59,10.2,225,1004.3,0,0,0,0,0.0,0.0,41.7658,-72.6734,2024,2,18,20
2024-02-18 21:00:00,0.0,0.0,0.0,0.0,-4.3,70,8.9,212,1005.3,3,0,3,0,0.0,0.0,41.7658,-72.6734,2024,2,18,21
2024-02-18 22:00:00,0.0,0.0,0.0,0.0,-4.4,71,9.2,222,1005.8,3,0,3,0,0.0,0.0,41.7658,-72.6734,2024,2,18,22
2024-02-18 23:00:00,0.0,0.0,0.0,0.0,-3.9,68,10.5,218,1006.6,32,2,32,0,0.0,0.0,41.7658,-72.6734,2024,2,18,23
2024-02-19 00:00:00,0.0,0.0,0.0,0.0,-3.7,67,9.2,228,1007.1,1,0,1,0,0.0,0.0,41.7658,-72.6734,2024,2,19,0
2024-02-19 01:00:00,0.0,0.0,0.0,0.0,-4.0,69,8.7,232,1007.7,0,0,0,0,0.0,0.0,41.7658,-72.6734,2024,2,19,1
2024-02-19 02:00:00,0.0,0.0,0.0,0.0,-4.3,70,8.6,237,1008.0,0,0,0,0,0.0,0.0,41.7658,-72.6734,2024,2,19,2
2024-02-19 03:00:00,0.0,0.0,0.0,0.0,-4.6,72,8.3,236,1008.8,2,2,0,0,0.0,0.0,41.7658,-72.6734,2024,2,19,3
2024-02-19 04:00:00,0.0,0.0,0.0,0.0,-4.8,74,8.4,230,1009.2,9,9,0,0,0.0,0.0,41.7658,-72.6734,2024,2,19,4
2024-02-19 05:00:00,0.0,0.0,0.0,0.0,-4.9,76,8.4,220,1009.9,15,15,0,0,0.0,0.0,41.7658,-72.6734,2024,2,19,5
2024-02-19 06:00:00,0.0,0.0,0.0,0.0,-5.3,79,8.1,225,1010.8,32,32,0,0,0.0,0.0,41.7658,-72.6734,2024,2,19,6
2024-02-19 07:00:00,0.0,0.0,0.0,0.0,-6.6,83,7.9,240,1012.4,55,55,1,0,0.0,0.0,41.7658,-72.6734,2024,2,19,7
2024-02-19 08:00:00,2.0,0.0,2.0,0.0,-5.2,78,7.1,315,1014.7,5,5,0,0,0.0,0.0,41.7658,-72.6734,2024,2,19,8
2024-02-19 09:00:00,100.0,63.0,37.0,466.6,-2.0,47,16.3,317,1015.4,0,0,0,0,0.0,3600.0,41.7658,-72.6734,2024,2,19,9
2024-02-19 10:00:00,284.0,221.0,63.0,732.2,-2.1,42,15.2,301,1016.1,0,0,0,0,0.0,3600.0,41.7658,-72.6734,2024,2,19,10
2024-02-19 11:00:00,451.0,374.0,77.0,851.6,-1.6,39,15.6,308,1016.7,0,0,0,0,0.0,3600.0,41.7658,-72.6734,2024,2,19,11
2024-02-19 12:00:00,575.0,490.0,85.0,911.3,-1.0,36,15.3,313,1017.2,0,0,0,0,0.0,3600.0,41.7658,-72.6734,2024,2,19,12
2024-02-19 13:00:00,643.0,555.0,88.0,939.6,-0.5,34,15.0,314,1017.4,0,0,0,0,0.0,3600.0,41.7658,-72.6734,2024,2,19,13
2024-02-19 14:00:00,649.0,561.0,88.0,943.6,0.1,31,13.5,314,1017.1,0,0,0,0,0.0,3600.0,41.7658,-72.6734,2024,2,19,14
2024-02-19 15:00:00,591.0,507.0,84.0,923.6,0.4,29,12.2,315,1017.2,0,0,0,0,0.0,3600.0,41.7658,-72.6734,2024,2,19,15
2024-02-19 16:00:00,476.0,400.0,76.0,875.0,0.3,28,11.2,315,1017.4,0,0,0,0,0.0,3600.0,41.7658,-72.6734,2024,2,19,16
2024-02-19 17:00:00,315.0,251.0,64.0,771.5,-0.4,29,10.2,321,1017.9,0,0,0,0,0.0,3600.0,41.7658,-72.6734,2024,2,19,17
2024-02-19 18:00:00,132.0,92.0,40.0,566.2,-3.5,41,8.2,322,1018.8,0,0,0,0,0.0,3600.0,41.7658,-72.6734,2024,2,19,18
2024-02-19 19:00:00,8.0,4.0,4.0,72.0,-6.5,46,10.3,324,1020.0,0,0,0,0,0.0,572.66,41.7658,-72.6734,2024,2,19,19
2024-02-19 20:00:00,0.0,0.0,0.0,0.0,-6.0,46,8.8,325,1021.5,0,0,0,0,0.0,0.0,41.7658,-72.6734,2024,2,19,20
2024-02-19 21:00:00,0.0,0.0,0.0,0.0,-6.5,53,8.1,328,1021.9,0,0,0,0,0.0,0.0,41.7658,-72.6734,2024,2,19,21
2024-02-19 22:00:00,0.0,0.0,0.0,0.0,-7.3,55,8.3,326,1022.8,0,0,0,0,0.0,0.0,41.7658,-72.6734,2024,2,19,22
2024-02-19 23:00:00,0.0,0.0,0.0,0.0,-7.4,56,8.1,328,1023.3,0,0,0,0,0.0,0.0,41.7658,-72.6734,2024,2,19,23
2024-02-20 00:00:00,0.0,0.0,0.0,0.0,-8.8,59,10.0,339,1023.9,0,0,0,0,0.0,0.0,41.7658,-72.6734,2024,2,20,0
2024-02-20 01:00:00,0.0,0.0,0.0,0.0,-9.5,62,10.1,360,1024.6,0,0,0,0,0.0,0.0,41.7658,-72.6734,2024,2,20,1
2024-02-20 02:00:00,0.0,0.0,0.0,0.0,-10.0,64,10.5,6,1025.2,0,0,0,0,0.0,0.0,41.7658,-72.6734,2024,2,20,2
2024-02-20 03:00:00,0.0,0.0,0.0,0.0,-10.6,67,10.4,2,1025.5,0,0,0,0,0.0,0.0,41.7658,-72.6734,2024,2,20,3
2024-02-20 04:00:00,0.0,0.0,0.0,0.0,-10.6,68,10.5,8,1025.7,0,0,0,0,0.0,0.0,41.7658,-72.6734,2024,2,20,4
2024-02-20 05:00:00,0.0,0.0,0.0,0.0,-10.6,67,10.2,8,1026.0,0,0,0,0,0.0,0.0,41.7658,-72.6734,2024,2,20,5
2024-02-20 06:00:00,0.0,0.0,0.0,0.0,-9.0,59,9.0,2,1026.5,0,0,0,0,0.0,0.0,41.7658,-72.6734,2024,2,20,6
2024-02-20 07:00:00,0.0,0.0,0.0,0.0,-8.1,56,7.9,3,1027.3,0,0,0,0,0.0,0.0,41.7658,-72.6734,2024,2,20,7
2024-02-20 08:00:00,3.0,1.0,2.0,19.1,-7.6,54,7.1,24,1028.3,0,0,0,0,0.0,0.0,41.7658,-72.6734,2024,2,20,8
2024-02-20 09:00:00,106.0,70.0,36.0,501.3,-7.7,63,6.3,13,1029.0,0,0,0,0,0.0,3600.0,41.7658,-72.6734,2024,2,20,9
2024-02-20 10:00:00,285.0,221.0,64.0,720.8,-4.5,51,3.5,24,1029.4,0,0,0,0,0.0,3600.0,41.7658,-72.6734,2024,2,20,10
2024-02-20 11:00:00,450.0,371.0,79.0,835.5,-2.5,47,2.3,18,1029.4,0,0,0,0,0.0,3600.0,41.7658,-72.6734,2024,2,20,11
2024-02-20 12:00:00,572.0,485.0,87.0,893.8,-0.8,40,0.8,27,1029.4,0,0,0,0,0.0,3600.0,41.7658,-72.6734,2024,2,20,12
2024-02-20 13:00:00,637.0,547.0,90.0,918.4,0.3,53,0.8,207,1028.9,0,0,0,0,0.0,3600.0,41.7658,-72.6734,2024,2,20,13
2024-02-20 14:00:00,642.0,552.0,90.0,920.9,1.5,32,1.6,207,1028.1,0,0,0,0,0.0,3600.0,41.7658,-72.6734,2024,2,20,14
2024-02-20 15:00:00,584.0,498.0,86.0,899.4,2.4,24,1.6,207,1027.4,0,0,0,0,0.0,3600.0,41.7658,-72.6734,2024,2,20,15
2024-02-20 16:00:00,471.0,393.0,78.0,851.1,1.9,38,2.9,180,1027.0,0,0,0,0,0.0,3600.0,41.7658,-72.6734,2024,2,20,16
2024-02-20 17:00:00,312.0,247.0,65.0,749.2,0.0,44,5.2,164,1027.2,0,0,0,0,0.0,3600.0,41.7658,-72.6734,2024,2,20,17
2024-02-20 18:00:00,133.0,91.0,42.0,546.2,-1.9,42,7.9,137,1027.4,0,0,0,0,0.0,3600.0,41.7658,-72.6734,2024,2,20,18
2024-02-20 19:00:00,9.0,4.0,5.0,69.4,-3.8,53,8.2,165,1027.9,0,0,0,0,0.0,532.75,41.7658,-72.6734,2024,2,20,19
2024-02-20 20:00:00,0.0,0.0,0.0,0.0,-4.9,67,8.3,185,1028.9,0,0,0,0,0.0,0.0,41.7658,-72.6734,2024,2,20,20
2024-02-20 21:00:00,0.0,0.0,0.0,0.0,-5.3,65,7.6,199,1028.7,0,0,0,0,0.0,0.0,41.7658,-72.6734,2024,2,20,21
2024-02-20 22:00:00,0.0,0.0,0.0,0.0,-5.5,64,6.2,190,1029.1,0,0,0,0,0.0,0.0,41.7658,-72.6734,2024,2,20,22
2024-02-20 23:00:00,0.0,0.0,0.0,0.0,-5.7,65,6.1,183,1029.3,0,0,0,0,0.0,0.0,41.7658,-72.6734,2024,2,20,23
2024-02-21 00:00:00,0.0,0.0,0.0,0.0,-5.9,68,4.0,175,1029.2,0,0,0,0,0.0,0.0,41.7658,-72.6734,2024,2,21,0
2024-02-21 01:00:00,0.0,0.0,0.0,0.0,-6.1,69,5.1,172,1029.4,0,0,0,0,0.0,0.0,41.7658,-72.6734,2024,2,21,1
2024-02-21 02:00:00,0.0,0.0,0.0,0.0,-6.2,69,4.0,207,1029.3,8,0,0,8,0.0,0.0,41.7658,-72.6734,2024,2,21,2
2024-02-21 03:00:00,0.0,0.0,0.0,0.0,-6.6,71,1.8,349,1029.0,40,0,0,40,0.0,0.0,41.7658,-72.6734,2024,2,21,3
2024-02-21 04:00:00,0.0,0.0,0.0,0.0,-6.9,73,3.9,22,1028.5,90,0,0,90,0.0,0.0,41.7658,-72.6734,2024,2,21,4
2024-02-21 05:00:00,0.0,0.0,0.0,0.0,-7.0,74,3.4,18,1028.4,10,0,0,10,0.0,0.0,41.7658,-72.6734,2024,2,21,5
2024-02-21 06:00:00,0.0,0.0,0.0,0.0,-7.2,75,5.4,360,1028.9,16,0,0,16,0.0,0.0,41.7658,-72.6734,2024,2,21,6
2024-02-21 07:00:00,0.0,0.0,0.0,0.0,-7.3,76,4.2,20,1029.0,0,0,0,0,0.0,0.0,41.7658,-72.6734,2024,2,21,7
2024-02-21 08:00:00,4.0,1.0,3.0,19.1,-7.4,76,2.5,135,1029.2,0,0,0,0,0.0,0.0,41.7658,-72.6734,2024,2,21,8
2024-02-21 09:00:00,109.0,71.0,38.0,492.1,-5.9,70,5.1,352,1030.1,36,0,0,36,0.0,3600.0,41.7658,-72.6734,2024,2,21,9
2024-02-21 10:00:00,288.0,224.0,64.0,719.3,-1.7,49,3.3,6,1030.1,19,0,0,19,0.0,3600.0,41.7658,-72.6734,2024,2,21,10
2024-02-21 11:00:00,452.0,373.0,79.0,830.8,1.4,41,1.9,112,1029.8,24,0,0,24,0.0,3600.0,41.7658,-72.6734,2024,2,21,11
2024-02-21 12:00:00,573.0,486.0,87.0,887.5,3.2,35,6.4,153,1029.0,60,0,0,60,0.0,3600.0,41.7658,-72.6734,2024,2,21,12
2024-02-21 13:00:00,640.0,549.0,91.0,914.2,4.1,36,5.9,166,1027.4,66,1,0,66,0.0,3600.0,41.7658,-72.6734,2024,2,21,13
2024-02-21 14:00:00,641.0,548.0,93.0,906.9,4.8,37,6.2,173,1025.9,20,0,0,20,0.0,3600.0,41.7658,-72.6734,2024,2,21,14
2024-02-21 15:00:00,584.0,496.0,88.0,888.2,5.3,38,6.9,174,1024.5,54,2,0,54,0.0,3600.0,41.7658,-72.6734,2024,2,21,15
2024-02-21 16:00:00,466.0,377.0,89.0,808.5,5.3,41,8.4,170,1023.7,100,1,0,100,0.0,3600.0,41.7658,-72.6734,2024,2,21,16
2024-02-21 17:00:00,291.0,194.0,97.0,580.8,4.4,46,10.9,172,1023.4,91,1,0,91,0.0,3600.0,41.7658,-72.6734,2024,2,21,17
2024-02-21 18:00:00,126.0,75.0,51.0,439.3,1.8,59,11.5,178,1023.5,27,0,0,27,0.0,3600.0,41.7658,-72.6734,2024,2,21,18
2024-02-21 19:00:00,9.0,4.0,5.0,67.1,-1.1,74,11.7,169,1023.9,20,0,0,20,0.0,493.21,41.7658,-72.6734,2024,2,21,19
2024-02-21 20:00:00,0.0,0.0,0.0,0.0,-2.7,83,9.9,161,1023.9,1,1,0,0,0.0,0.0,41.7658,-72.6734,2024,2,21,20
2024-02-21 21:00:00,0.0,0.0,0.0,0.0,-3.6,82,9.1,173,1023.4,4,4,0,0,0.0,0.0,41.7658,-72.6734,2024,2,21,21
2024-02-21 22:00:00,0.0,0.0,0.0,0.0,-4.2,84,6.5,174,1023.1,0,0,0,0,0.0,0.0,41.7658,-72.6734,2024,2,21,22
2024-02-21 23:00:00,0.0,0.0,0.0,0.0,-4.8,86,5.4,176,1022.7,0,0,0,0,0.0,0.0,41.7658,-72.6734,2024,2,21,23
2024-02-22 00:00:00,0.0,0.0,0.0,0.0,-5.1,87,4.5,166,1021.8,19,0,0,19,0.0,0.0,41.7658,-72.6734,2024,2,22,0
2024-02-22 01:00:00,0.0,0.0,0.0,0.0,-5.7,89,5.4,176,1020.8,41,0,0,41,0.0,0.0,41.7658,-72.6734,2024,2,22,1
2024-02-22 02:00:00,0.0,0.0,0.0,0.0,-5.3,86,2.6,146,1020.1,57,0,1,57,0.0,0.0,41.7658,-72.6734,2024,2,22,2
2024-02-22 03:00:00,0.0,0.0,0.0,0.0,-5.5,87,0.8,153,1019.5,2,0,1,0,0.0,0.0,41.7658,-72.6734,2024,2,22,3
2024-02-22 04:00:00,0.0,0.0,0.0,0.0,-6.1,91,1.4,90,1018.5,2,0,2,0,0.0,0.0,41.7658,-72.6734,2024,2,22,4
2024-02-22 05:00:00,0.0,0.0,0.0,0.0,-6.1,91,2.0,135,1017.9,7,0,0,7,0.0,0.0,41.7658,-72.6734,2024,2,22,5
2024-02-22 06:00:00,0.0,0.0,0.0,0.0,-6.1,89,6.2,170,1017.2,8,0,0,8,0.0,0.0,41.7658,-72.6734,2024,2,22,6
2024-02-22 07:00:00,0.0,0.0,0.0,0.0,-5.9,88,6.9,186,1016.4,0,0,0,0,0.0,0.0,41.7658,-72.6734,2024,2,22,7
2024-02-22 08:00:00,4.0,1.0,3.0,19.1,-5.6,86,6.8,162,1016.1,1,0,0,1,0.0,0.0,41.7658,-72.6734,2024,2,22,8
2024-02-22 09:00:00,107.0,68.0,39.0,456.5,-2.5,77,7.2,180,1016.0,6,0,5,4,0.0,3600.0,41.7658,-72.6734,2024,2,22,9
2024-02-22 10:00:00,280.0,212.0,68.0,670.4,0.7,64,8.7,173,1014.9,34,0,0,34,0.0,3600.0,41.7658,-72.6734,2024,2,22,10
2024-02-22 11:00:00,438.0,354.0,84.0,779.9,2.9,56,12.0,187,1014.0,100,0,0,100,0.0,3600.0,41.7658,-72.6734,2024,2,22,11
2024-02-22 12:00:00,541.0,424.0,117.0,767.3,4.5,51,12.7,188,1013.0,100,0,1,100,0.0,3600.0,41.7658,-72.6734,2024,2,22,12
2024-02-22 13:00:00,537.0,316.0,221.0,521.9,5.6,47,13.3,183,1011.1,74,0,10,71,0.0,3600.0,41.7658,-72.6734,2024,2,22,13
2024-02-22 14:00:00,598.0,452.0,146.0,742.1,6.3,46,16.1,196,1009.7,60,0,6,58,0.0,3600.0,41.7658,-72.6734,2024,2,22,14
2024-02-22 15:00:00,564.0,459.0,105.0,815.0,6.6,48,15.7,191,1008.5,98,0,97,44,0.0,3600.0,41.7658,-72.6734,2024,2,22,15
2024-02-22 16:00:00,278.0,59.0,219.0,125.3,5.5,55,15.3,188,1007.4,100,0,76,100,0.0,1959.24,41.7658,-72.6734,2024,2,22,16
2024-02-22 17:00:00,211.0,64.0,147.0,189.1,4.9,59,14.4,180,1006.4,98,0,89,86,0.0,3600.0,41.7658,-72.6734,2024,2,22,17
2024-02-22 18:00:00,65.0,12.0,53.0,68.6,3.5,68,12.6,180,1006.3,100,0,95,98,0.0,259.18,41.7658,-72.6734,2024,2,22,18
2024-02-22 19:00:00,7.0,1.0,6.0,16.2,1.8,78,13.0,183,1006.1,100,0,100,100,0.0,0.0,41.7658,-72.6734,2024,2,22,19
2024-02-22 20:00:00,0.0,0.0,0.0,0.0,1.4,83,12.7,187,1006.0,100,0,100,79,0.0,0.0,41.7658,-72.6734,2024,2,22,20
2024-02-22 21:00:00,0.0,0.0,0.0,0.0,0.5,86,10.8,180,1005.5,100,0,100,73,0.4,0.0,41.7658,-72.6734,2024,2,22,21
2024-02-22 22:00:00,0.0,0.0,0.0,0.0,0.4,93,12.4,190,1005.3,100,0,100,9,0.3,0.0,41.7658,-72.6734,2024,2,22,22
2024-02-22 23:00:00,0.0,0.0,0.0,0.0,0.5,95,12.4,188,1004.3,100,44,100,100,0.1,0.0,41.7658,-72.6734,2024,2,22,23
2024-02-23 00:00:00,0.0,0.0,0.0,0.0,0.5,97,10.9,188,1003.4,100,99,100,100,0.2,0.0,41.7658,-72.6734,2024,2,23,0
2024-02-23 01:00:00,0.0,0.0,0.0,0.0,0.6,98,9.4,180,1002.2,100,99,100,100,0.1,0.0,41.7658,-72.6734,2024,2,23,1
2024-02-23 02:00:00,0.0,0.0,0.0,0.0,0.7,97,8.6,180,1001.8,100,100,100,100,0.1,0.0,41.7658,-72.6734,2024,2,23,2
2024-02-23 03:00:00,0.0,0.0,0.0,0.0,0.9,98,9.4,184,1001.3,100,100,100,100,0.6,0.0,41.7658,-72.6734,2024,2,23,3
2024-02-23 04:00:00,0.0,0.0,0.0,0.0,1.0,98,5.2,164,999.9,100,100,100,100,1.3,0.0,41.7658,-72.6734,2024,2,23,4
2024-02-23 05:00:00,0.0,0.0,0.0,0.0,1.6,96,5.6,140,998.6,100,21,100,95,0.8,0.0,41.7658,-72.6734,2024,2,23,5
2024-02-23 06:00:00,0.0,0.0,0.0,0.0,0.7,98,5.2,74,997.9,100,9,100,100,0.8,0.0,41.7658,-72.6734,2024,2,23,6
2024-02-23 07:00:00,0.0,0.0,0.0,0.0,0.4,98,2.3,342,997.8,100,99,100,100,0.7,0.0,41.7658,-72.6734,2024,2,23,7
2024-02-23 08:00:00,0.0,0.0,0.0,0.0,0.6,98,4.0,10,997.3,100,34,100,100,1.4,0.0,41.7658,-72.6734,2024,2,23,8
2024-02-23 09:00:00,20.0,0.0,20.0,0.0,1.0,98,8.8,351,997.0,100,45,100,100,0.4,0.0,41.7658,-72.6734,2024,2,23,9
2024-02-23 10:00:00,107.0,7.0,100.0,21.8,2.4,94,8.3,2,996.6,100,23,100,100,0.1,0.0,41.7658,-72.6734,2024,2,23,10
2024-02-23 11:00:00,137.0,9.0,128.0,19.6,3.1,93,7.3,11,996.3,100,72,100,100,0.0,0.0,41.7658,-72.6734,2024,2,23,11
2024-02-23 12:00:00,232.0,19.0,213.0,34.1,4.6,88,5.6,15,995.8,100,72,100,71,0.0,0.0,41.7658,-72.6734,2024,2,23,12
2024-02-23 13:00:00,131.0,0.0,131.0,0.0,4.0,94,3.3,49,995.4,100,62,100,29,0.2,0.0,41.7658,-72.6734,2024,2,23,13
2024-02-23 14:00:00,108.0,0.0,108.0,0.0,3.8,95,4.3,24,995.0,100,46,100,100,0.2,0.0,41.7658,-72.6734,2024,2,23,14
2024-02-23 15:00:00,141.0,11.0,130.0,19.4,4.0,94,2.5,98,994.2,100,25,100,100,0.1,0.0,41.7658,-72.6734,2024,2,23,15
2024-02-23 16:00:00,244.0,55.0,189.0,115.7,5.6,90,3.2,153,993.7,100,20,97,100,0.0,1670.78,41.7658,-72.6734,2024,2,23,16
2024-02-23 17:00:00,194.0,38.0,156.0,110.9,5.8,88,2.6,254,993.4,100,13,99,100,0.0,1526.43,41.7658,-72.6734,2024,2,23,17
2024-02-23 18:00:00,71.0,4.0,67.0,22.4,3.3,95,4.1,322,993.0,100,0,96,100,0.0,0.0,41.7658,-72.6734,2024,2,23,18
2024-02-23 19:00:00,6.0,0.0,6.0,0.0,1.6,99,4.1,308,993.3,100,42,100,100,0.0,0.0,41.7658,-72.6734,2024,2,23,19
2024-02-23 20:00:00,0.0,0.0,0.0,0.0,2.1,100,3.1,324,993.8,100,100,100,100,0.0,0.0,41.7658,-72.6734,2024,2,23,20
2024-02-23 21:00:00,0.0,0.0,0.0,0.0,0.5,100,7.0,325,993.9,100,97,100,100,0.0,0.0,41.7658,-72.6734,2024,2,23,21
2024-02-23 22:00:00,0.0,0.0,0.0,0.0,0.2,99,6.8,357,993.8,100,86,100,100,0.0,0.0,41.7658,-72.6734,2024,2,23,22
2024-02-23 23:00:00,0.0,0.0,0.0,0.0,0.3,96,6.0,33,993.8,100,95,100,100,0.0,0.0,41.7658,-72.6734,2024,2,23,23
2024-02-24 00:00:00,0.0,0.0,0.0,0.0,1.2,92,6.9,28,993.5,100,83,100,100,0.0,0.0,41.7658,-72.6734,2024,2,24,0
2024-02-24 01:00:00,0.0,0.0,0.0,0.0,0.8,89,7.9,24,993.2,54,51,5,2,0.0,0.0,41.7658,-72.6734,2024,2,24,1
2024-02-24 02:00:00,0.0,0.0,0.0,0.0,-0.1,89,7.0,12,993.3,90,28,43,86,0.0,0.0,41.7658,-72.6734,2024,2,24,2
2024-02-24 03:00:00,0.0,0.0,0.0,0.0,-1.2,90,9.2,334,993.9,99,12,0,99,0.0,0.0,41.7658,-72.6734,2024,2,24,3
2024-02-24 04:00:00,0.0,0.0,0.0,0.0,-0.5,89,6.9,351,994.5,68,5,0,67,0.0,0.0,41.7658,-72.6734,2024,2,24,4
2024-02-24 05:00:00,0.0,0.0,0.0,0.0,-0.3,91,9.5,335,995.0,89,4,0,89,0.0,0.0,41.7658,-72.6734,2024,2,24,5
2024-02-24 06:00:00,0.0,0.0,0.0,0.0,-0.3,93,11.4,336,995.7,93,14,0,92,0.0,0.0,41.7658,-72.6734,2024,2,24,6
2024-02-24 07:00:00,0.0,0.0,0.0,0.0,-0.3,93,11.2,339,996.5,30,19,1,12,0.0,0.0,41.7658,-72.6734,2024,2,24,7
2024-02-24 08:00:00,6.0,2.0,4.0,37.9,-0.5,91,11.1,335,997.9,96,22,11,94,0.0,0.0,41.7658,-72.6734,2024,2,24,8
2024-02-24 09:00:00,110.0,64.0,46.0,403.5,1.7,72,15.5,335,998.3,85,11,43,70,0.0,3600.0,41.7658,-72.6734,2024,2,24,9
2024-02-24 10:00:00,267.0,168.0,99.0,515.1,2.4,57,16.3,338,999.4,55,7,44,22,0.0,3600.0,41.7658,-72.6734,2024,2,24,10
2024-02-24 11:00:00,377.0,224.0,153.0,482.8,2.1,54,17.6,334,1000.1,58,11,52,6,0.0,3600.0,41.7658,-72.6734,2024,2,24,11
2024-02-24 12:00:00,506.0,336.0,170.0,597.1,2.1,45,18.5,331,1000.7,45,0,45,1,0.0,3600.0,41.7658,-72.6734,2024,2,24,12
2024-02-24 13:00:00,629.0,519.0,110.0,843.2,2.3,38,17.7,327,1001.2,2,0,2,0,0.0,3600.0,41.7658,-72.6734,2024,2,24,13
2024-02-24 14:00:00,653.0,567.0,86.0,916.1,2.7,32,16.9,326,1001.6,3,0,3,0,0.0,3600.0,41.7658,-72.6734,2024,2,24,14
2024-02-24 15:00:00,601.0,519.0,82.0,906.2,2.9,28,16.6,330,1001.8,2,0,1,1,0.0,3600.0,41.7658,-72.6734,2024,2,24,15
2024-02-24 16:00:00,490.0,415.0,75.0,864.6,2.6,25,16.7,335,1002.7,24,0,1,23,0.0,3600.0,41.7658,-72.6734,2024,2,24,16
2024-02-24 17:00:00,332.0,268.0,64.0,772.2,1.6,27,16.8,337,1003.4,74,0,0,74,0.0,3600.0,41.7658,-72.6734,2024,2,24,17
2024-02-24 18:00:00,149.0,104.0,45.0,568.2,0.0,32,12.8,338,1005.0,1,0,0,1,0.0,3600.0,41.7658,-72.6734,2024,2,24,18
2024-02-24 19:00:00,14.0,7.0,7.0,106.4,-2.5,38,10.2,342,1006.7,0,0,0,0,0.0,1328.3,41.7658,-72.6734,2024,2,24,19
2024-02-24 20:00:00,0.0,0.0,0.0,0.0,-3.8,42,10.3,348,1008.3,0,0,0,0,0.0,0.0,41.7658,-72.6734,2024,2,24,20
2024-02-24 21:00:00,0.0,0.0,0.0,0.0,-4.1,44,10.6,332,1009.0,0,0,0,0,0.0,0.0,41.7658,-72.6734,2024,2,24,21
2024-02-24 22:00:00,0.0,0.0,0.0,0.0,-4.8,46,9.8,343,1010.2,0,0,0,0,0.0,0.0,41.7658,-72.6734,2024,2,24,22
2024-02-24 23:00:00,0.0,0.0,0.0,0.0,-5.7,49,9.4,353,1011.0,0,0,0,0,0.0,0.0,41.7658,-72.6734,2024,2,24,23
2024-02-25 00:00:00,0.0,0.0,0.0,0.0,-6.3,50,9.0,358,1011.6,0,0,0,0,0.0,0.0,41.7658,-72.6734,2024,2,25,0
2024-02-25 01:00:00,0.0,0.0,0.0,0.0,-6.8,52,8.7,353,1012.3,0,0,0,0,0.0,0.0,41.7658,-72.6734,2024,2,25,1
2024-02-25 02:00:00,0.0,0.0,0.0,0.0,-7.2,53,7.9,360,1013.1,0,0,0,0,0.0,0.0,41.7658,-72.6734,2024,2,25,2
2024-02-25 03:00:00,0.0,0.0,0.0,0.0,-7.4,53,8.0,352,1013.6,0,0,0,0,0.0,0.0,41.7658,-72.6734,2024,2,25,3
2024-02-25 04:00:00,0.0,0.0,0.0,0.0,-7.7,53,8.0,350,1014.2,0,0,0,0,0.0,0.0,41.7658,-72.6734,2024,2,25,4
2024-02-25 05:00:00,0.0,0.0,0.0,0.0,-7.8,53,6.0,335,1014.8,0,0,0,0,0.0,0.0,41.7658,-72.6734,2024,2,25,5
2024-02-25 06:00:00,0.0,0.0,0.0,0.0,-7.8,54,5.4,318,1015.4,0,0,0,0,0.0,0.0,41.7658,-72.6734,2024,2,25,6
2024-02-25 07:00:00,0.0,0.0,0.0,0.0,-7.9,54,6.0,295,1016.0,0,0,0,0,0.0,0.0,41.7658,-72.6734,2024,2,25,7
2024-02-25 08:00:00,7.0,3.0,4.0,54.3,-7.7,51,5.7,288,1016.6,0,0,0,0,0.0,259.04,41.7658,-72.6734,2024,2,25,8
2024-02-25 09:00:00,129.0,90.0,39.0,550.2,-5.9,36,4.1,315,1017.8,0,0,0,0,0.0,3600.0,41.7658,-72.6734,2024,2,25,9
2024-02-25 10:00:00,313.0,250.0,63.0,754.7,-4.2,31,3.2,333,1017.8,0,0,0,0,0.0,3600.0,41.7658,-72.6734,2024,2,25,10
2024-02-25 11:00:00,479.0,404.0,75.0,861.2,-2.2,28,2.8,310,1017.5,0,0,0,0,0.0,3600.0,41.7658,-72.6734,2024,2,25,11
2024-02-25 12:00:00,600.0,519.0,81.0,914.0,-0.2,26,2.2,279,1017.1,0,0,0,0,0.0,3600.0,41.7658,-72.6734,2024,2,25,12
2024-02-25 13:00:00,667.0,583.0,84.0,939.4,1.9,25,2.7,203,1016.4,0,0,0,0,0.0,3600.0,41.7658,-72.6734,2024,2,25,13
2024-02-25 14:00:00,671.0,588.0,83.0,942.5,3.5,24,6.1,183,1015.2,0,0,0,0,0.0,3600.0,41.7658,-72.6734,2024,2,25,14
2024-02-25 15:00:00,613.0,533.0,80.0,923.0,4.5,23,8.6,182,1014.3,0,0,0,0,0.0,3600.0,41.7658,-72.6734,2024,2,25,15
2024-02-25 16:00:00,498.0,423.0,75.0,873.0,5.2,22,9.6,193,1013.6,0,0,0,0,0.0,3600.0,41.7658,-72.6734,2024,2,25,16
2024-02-25 17:00:00,337.0,274.0,63.0,779.8,4.5,25,12.8,190,1013.3,0,0,0,0,0.0,3600.0,41.7658,-72.6734,2024,2,25,17
2024-02-25 18:00:00,153.0,110.0,43.0,587.8,1.5,35,14.8,181,1014.0,0,0,0,0,0.0,3600.0,41.7658,-72.6734,2024,2,25,18
2024-02-25 19:00:00,15.0,8.0,7.0,118.0,-1.5,40,13.0,183,1014.4,7,0,7,0,0.0,1604.66,41.7658,-72.6734,2024,2,25,19
2024-02-25 20:00:00,0.0,0.0,0.0,0.0,-2.3,49,13.0,185,1014.8,1,0,1,0,0.0,0.0,41.7658,-72.6734,2024,2,25,20
2024-02-25 21:00:00,0.0,0.0,0.0,0.0,-3.5,54,11.6,187,1014.7,69,0,0,69,0.0,0.0,41.7658,-72.6734,2024,2,25,21
2024-02-25 22:00:00,0.0,0.0,0.0,0.0,-3.8,62,11.2,186,1014.9,74,0,0,74,0.0,0.0,41.7658,-72.6734,2024,2,25,22
2024-02-25 23:00:00,0.0,0.0,0.0,0.0,-3.8,72,11.4,191,1014.9,53,0,1,52,0.0,0.0,41.7658,-72.6734,2024,2,25,23
2024-02-26 00:00:00,0.0,0.0,0.0,0.0,-3.8,79,11.5,184,1014.6,45,0,0,45,0.0,0.0,41.7658,-72.6734,2024,2,26,0
2024-02-26 01:00:00,0.0,0.0,0.0,0.0,-3.4,86,12.0,189,1013.8,90,0,0,90,0.0,0.0,41.7658,-72.6734,2024,2,26,1
2024-02-26 02:00:00,0.0,0.0,0.0,0.0,-3.0,91,12.1,190,1013.8,99,0,54,99,0.0,0.0,41.7658,-72.6734,2024,2,26,2
2024-02-26 03:00:00,0.0,0.0,0.0,0.0,-2.2,92,10.9,197,1013.9,100,0,90,99,0.0,0.0,41.7658,-72.6734,2024,2,26,3
2024-02-26 04:00:00,0.0,0.0,0.0,0.0,-1.3,86,9.6,193,1013.9,100,0,100,59,0.0,0.0,41.7658,-72.6734,2024,2,26,4
2024-02-26 05:00:00,0.0,0.0,0.0,0.0,-0.6,75,12.6,193,1013.2,100,0,100,0,0.0,0.0,41.7658,-72.6734,2024,2,26,5
2024-02-26 06:00:00,0.0,0.0,0.0,0.0,-0.8,71,12.2,194,1013.0,85,0,84,30,0.0,0.0,41.7658,-72.6734,2024,2,26,6
2024-02-26 07:00:00,0.0,0.0,0.0,0.0,-1.1,69,12.4,190,1012.6,68,0,64,25,0.0,0.0,41.7658,-72.6734,2024,2,26,7
2024-02-26 08:00:00,7.0,2.0,5.0,34.6,-1.6,72,10.2,190,1012.8,96,0,71,91,0.0,0.0,41.7658,-72.6734,2024,2,26,8
2024-02-26 09:00:00,47.0,4.0,43.0,23.7,0.4,69,10.2,190,1013.2,98,1,88,93,0.4,0.0,41.7658,-72.6734,2024,2,26,9
2024-02-26 10:00:00,134.0,22.0,112.0,65.4,1.9,66,11.0,191,1013.2,73,1,72,27,0.0,162.06,41.7658,-72.6734,2024,2,26,10
2024-02-26 11:00:00,352.0,174.0,178.0,366.8,4.3,60,13.0,199,1012.8,33,2,31,0,0.0,3600.0,41.7658,-72.6734,2024,2,26,11
2024-02-26 12:00:00,574.0,473.0,101.0,825.5,7.2,55,12.4,206,1012.6,13,0,13,0,0.0,3600.0,41.7658,-72.6734,2024,2,26,12
2024-02-26 13:00:00,637.0,542.0,95.0,866.2,9.6,49,12.1,207,1012.2,16,0,0,16,0.0,3600.0,41.7658,-72.6734,2024,2,26,13
2024-02-26 14:00:00,645.0,555.0,90.0,882.5,11.4,47,14.5,207,1011.2,17,0,0,17,0.0,3600.0,41.7658,-72.6734,2024,2,26,14
2024-02-26 15:00:00,589.0,502.0,87.0,862.1,12.4,47,15.3,207,1010.5,1,0,1,0,0.0,3600.0,41.7658,-72.6734,2024,2,26,15
2024-02-26 16:00:00,480.0,403.0,77.0,823.9,12.4,48,14.0,203,1010.2,0,0,0,0,0.0,3600.0,41.7658,-72.6734,2024,2,26,16
2024-02-26 17:00:00,326.0,260.0,66.0,730.9,11.1,54,13.4,185,1010.6,8,0,0,8,0.0,3600.0,41.7658,-72.6734,2024,2,26,17
2024-02-26 18:00:00,148.0,104.0,44.0,543.8,7.7,66,13.3,182,1011.1,93,0,0,93,0.0,3600.0,41.7658,-72.6734,2024,2,26,18
2024-02-26 19:00:00,15.0,6.0,9.0,85.9,4.9,77,12.6,183,1011.7,100,0,0,100,0.0,930.93,41.7658,-72.6734,2024,2,26,19
2024-02-26 20:00:00,0.0,0.0,0.0,0.0,3.5,84,11.3,187,1012.5,100,0,0,100,0.0,0.0,41.7658,-72.6734,2024,2,26,20
2024-02-26 21:00:00,0.0,0.0,0.0,0.0,2.5,89,9.9,190,1013.1,96,0,0,96,0.0,0.0,41.7658,-72.6734,2024,2,26,21
2024-02-26 22:00:00,0.0,0.0,0.0,0.0,1.5,91,8.6,180,1014.0,100,0,1,100,0.0,0.0,41.7658,-72.6734,2024,2,26,22
2024-02-26 23:00:00,0.0,0.0,0.0,0.0,0.0,93,6.3,167,1014.3,94,0,0,94,0.0,0.0,41.7658,-72.6734,2024,2,26,23
2024-02-27 00:00:00,0.0,0.0,0.0,0.0,-1.2,94,8.3,162,1014.5,63,0,0,63,0.0,0.0,41.7658,-72.6734,2024,2,27,0
2024-02-27 01:00:00,0.0,0.0,0.0,0.0,-1.1,93,5.9,169,1014.6,57,0,0,57,0.0,0.0,41.7658,-72.6734,2024,2,27,1
2024-02-27 02:00:00,0.0,0.0,0.0,0.0,-1.6,93,7.5,163,1014.6,44,0,0,44,0.0,0.0,41.7658,-72.6734,2024,2,27,2
2024-02-27 03:00:00,0.0,0.0,0.0,0.0,-1.3,94,5.8,176,1014.7,19,0,0,19,0.0,0.0,41.7658,-72.6734,2024,2,27,3
2024-02-27 04:00:00,0.0,0.0,0.0,0.0,-0.6,93,3.2,153,1014.3,91,0,0,91,0.0,0.0,41.7658,-72.6734,2024,2,27,4
2024-02-27 05:00:00,0.0,0.0,0.0,0.0,-0.6,93,1.3,56,1014.1,63,0,0,63,0.0,0.0,41.7658,-72.6734,2024,2,27,5
2024-02-27 06:00:00,0.0,0.0,0.0,0.0,-1.3,95,2.9,83,1014.2,1,0,0,1,0.0,0.0,41.7658,-72.6734,2024,2,27,6
2024-02-27 07:00:00,0.0,0.0,0.0,0.0,-1.5,99,1.5,346,1014.6,71,1,0,71,0.0,0.0,41.7658,-72.6734,2024,2,27,7
2024-02-27 08:00:00,8.0,3.0,5.0,49.7,-2.0,97,0.7,360,1014.9,41,7,0,36,0.0,163.07,41.7658,-72.6734,2024,2,27,8
2024-02-27 09:00:00,102.0,45.0,57.0,259.1,0.8,85,1.0,315,1015.8,31,4,0,27,0.0,3600.0,41.7658,-72.6734,2024,2,27,9
2024-02-27 10:00:00,257.0,142.0,115.0,415.7,4.0,78,1.8,360,1015.5,79,29,0,71,0.0,3600.0,41.7658,-72.6734,2024,2,27,10
2024-02-27 11:00:00,429.0,303.0,126.0,631.8,7.3,74,2.2,90,1014.8,9,2,0,7,0.0,3600.0,41.7658,-72.6734,2024,2,27,11
2024-02-27 12:00:00,563.0,469.0,94.0,811.1,10.8,68,6.5,146,1013.8,57,0,1,57,0.0,3600.0,41.7658,-72.6734,2024,2,27,12
2024-02-27 13:00:00,625.0,527.0,98.0,835.4,13.3,66,10.7,160,1012.6,3,3,0,0,0.0,3600.0,41.7658,-72.6734,2024,2,27,13
2024-02-27 14:00:00,628.0,529.0,99.0,834.6,14.7,62,13.8,165,1011.7,20,0,20,0,0.0,3600.0,41.7658,-72.6734,2024,2,27,14
2024-02-27 15:00:00,518.0,396.0,122.0,674.5,14.8,61,16.3,172,1011.3,18,0,18,0,0.0,3600.0,41.7658,-72.6734,2024,2,27,15
2024-02-27 16:00:00,436.0,333.0,103.0,674.5,14.3,62,16.7,166,1010.7,38,0,5,35,0.0,3600.0,41.7658,-72.6734,2024,2,27,16
2024-02-27 17:00:00,314.0,242.0,72.0,672.1,13.5,63,16.9,168,1010.4,65,0,0,65,0.0,3600.0,41.7658,-72.6734,2024,2,27,17
2024-02-27 18:00:00,147.0,101.0,46.0,517.1,11.2,68,16.2,168,1010.1,100,0,0,100,0.0,3600.0,41.7658,-72.6734,2024,2,27,18
2024-02-27 19:00:00,15.0,4.0,11.0,55.6,8.7,77,16.3,172,1010.3,100,0,3,100,0.0,259.61,41.7658,-72.6734,2024,2,27,19
2024-02-27 20:00:00,0.0,0.0,0.0,0.0,8.1,86,17.4,174,1010.3,100,0,44,100,0.0,0.0,41.7658,-72.6734,2024,2,27,20
2024-02-27 21:00:00,0.0,0.0,0.0,0.0,8.5,86,17.5,188,1010.6,100,0,100,100,0.0,0.0,41.7658,-72.6734,2024,2,27,21
2024-02-27 22:00:00,0.0,0.0,0.0,0.0,8.6,90,16.2,184,1010.7,100,12,97,100,0.5,0.0,41.7658,-72.6734,2024,2,27,22
2024-02-27 23:00:00,0.0,0.0,0.0,0.0,8.5,95,20.6,175,1010.0,100,66,100,42,1.8,0.0,41.7658,-72.6734,2024,2,27,23
2024-02-28 00:00:00,0.0,0.0,0.0,0.0,9.1,95,21.3,182,1009.4,100,100,100,16,2.0,0.0,41.7658,-72.6734,2024,2,28,0
2024-02-28 01:00:00,0.0,0.0,0.0,0.0,9.5,96,22.1,187,1008.9,100,100,100,0,0.2,0.0,41.7658,-72.6734,2024,2,28,1
2024-02-28 02:00:00,0.0,0.0,0.0,0.0,9.3,96,18.7,180,1008.1,100,100,100,0,0.1,0.0,41.7658,-72.6734,2024,2,28,2
2024-02-28 03:00:00,0.0,0.0,0.0,0.0,9.2,97,17.7,182,1007.2,100,100,73,41,0.0,0.0,41.7658,-72.6734,2024,2,28,3
2024-02-28 04:00:00,0.0,0.0,0.0,0.0,9.1,97,16.9,181,1006.5,100,100,79,9,0.0,0.0,41.7658,-72.6734,2024,2,28,4
2024-02-28 05:00:00,0.0,0.0,0.0,0.0,9.1,98,15.9,174,1005.5,100,100,47,53,0.0,0.0,41.7658,-72.6734,2024,2,28,5
2024-02-28 06:00:00,0.0,0.0,0.0,0.0,9.5,98,16.2,176,1004.7,100,100,100,81,0.0,0.0,41.7658,-72.6734,2024,2,28,6
2024-02-28 07:00:00,0.0,0.0,0.0,0.0,9.8,97,19.1,181,1004.2,100,100,100,95,0.1,0.0,41.7658,-72.6734,2024,2,28,7
2024-02-28 08:00:00,2.0,0.0,2.0,0.0,9.9,97,20.9,181,1003.6,100,100,61,100,0.3,0.0,41.7658,-72.6734,2024,2,28,8
2024-02-28 09:00:00,31.0,1.0,30.0,5.6,10.0,98,16.6,179,1003.0,100,100,59,100,2.9,0.0,41.7658,-72.6734,2024,2,28,9
2024-02-28 10:00:00,32.0,0.0,32.0,0.0,10.2,98,16.3,186,1002.8,100,100,67,100,0.3,0.0,41.7658,-72.6734,2024,2,28,10
2024-02-28 11:00:00,136.0,3.0,133.0,6.2,11.2,97,20.5,177,1001.9,100,100,99,100,0.6,0.0,41.7658,-72.6734,2024,2,28,11
2024-02-28 12:00:00,197.0,19.0,178.0,32.6,12.0,95,23.5,186,1001.5,100,100,99,100,0.3,0.0,41.7658,-72.6734,2024,2,28,12
2024-02-28 13:00:00,338.0,48.0,290.0,75.5,13.5,88,26.3,190,1000.9,100,100,100,100,0.1,464.26,41.7658,-72.6734,2024,2,28,13
2024-02-28 14:00:00,255.0,10.0,245.0,15.7,13.5,87,22.3,182,999.5,100,100,67,100,0.2,0.0,41.7658,-72.6734,2024,2,28,14
2024-02-28 15:00:00,133.0,0.0,133.0,0.0,12.9,86,24.1,182,998.7,100,38,79,99,0.0,0.0,41.7658,-72.6734,2024,2,28,15
2024-02-28 16:00:00,273.0,65.0,208.0,130.5,13.4,80,23.1,176,997.7,100,14,100,100,0.1,2113.72,41.7658,-72.6734,2024,2,28,16
2024-02-28 17:00:00,52.0,0.0,52.0,0.0,11.3,94,23.5,185,997.0,100,12,92,100,1.8,0.0,41.7658,-72.6734,2024,2,28,17
2024-02-28 18:00:00,42.0,0.0,42.0,0.0,10.9,95,22.0,185,997.0,100,36,100,100,0.6,0.0,41.7658,-72.6734,2024,2,28,18
2024-02-28 19:00:00,2.0,0.0,2.0,0.0,10.5,95,19.5,182,996.7,100,44,100,100,0.8,0.0,41.7658,-72.6734,2024,2,28,19
2024-02-28 20:00:00,0.0,0.0,0.0,0.0,10.2,95,20.9,178,995.7,100,46,100,100,0.4,0.0,41.7658,-72.6734,2024,2,28,20
2024-02-28 21:00:00,0.0,0.0,0.0,0.0,11.2,96,22.4,195,995.4,100,100,81,100,0.1,0.0,41.7658,-72.6734,2024,2,28,21
2024-02-28 22:00:00,0.0,0.0,0.0,0.0,12.0,95,24.9,198,994.5,100,49,98,100,0.7,0.0,41.7658,-72.6734,2024,2,28,22
2024-02-28 23:00:00,0.0,0.0,0.0,0.0,8.8,89,35.1,303,999.0,100,81,100,100,3.8,0.0,41.7658,-72.6734,2024,2,28,23
2024-02-29 00:00:00,0.0,0.0,0.0,0.0,4.9,89,16.9,310,1002.1,100,22,100,100,1.3,0.0,41.7658,-72.6734,2024,2,29,0
2024-02-29 01:00:00,0.0,0.0,0.0,0.0,2.6,84,20.8,326,1004.3,100,76,100,100,0.4,0.0,41.7658,-72.6734,2024,2,29,1
2024-02-29 02:00:00,0.0,0.0,0.0,0.0,-0.4,58,26.0,313,1006.8,63,32,46,0,0.0,0.0,41.7658,-72.6734,2024,2,29,2
2024-02-29 03:00:00,0.0,0.0,0.0,0.0,-1.8,47,21.9,312,1008.6,28,28,0,0,0.0,0.0,41.7658,-72.6734,2024,2,29,3
2024-02-29 04:00:00,0.0,0.0,0.0,0.0,-2.8,49,16.8,318,1010.1,32,32,0,0,0.0,0.0,41.7658,-72.6734,2024,2,29,4
2024-02-29 05:00:00,0.0,0.0,0.0,0.0,-3.8,49,16.0,329,1012.0,53,53,0,0,0.0,0.0,41.7658,-72.6734,2024,2,29,5
2024-02-29 06:00:00,0.0,0.0,0.0,0.0,-4.4,47,16.7,323,1013.9,1,1,0,0,0.0,0.0,41.7658,-72.6734,2024,2,29,6
2024-02-29 07:00:00,0.0,0.0,0.0,0.0,-4.6,46,13.4,324,1015.5,13,13,0,0,0.0,0.0,41.7658,-72.6734,2024,2,29,7
2024-02-29 08:00:00,13.0,6.0,7.0,91.5,-4.8,47,12.6,329,1017.5,12,12,0,0,0.0,1008.55,41.7658,-72.6734,2024,2,29,8
2024-02-29 09:00:00,106.0,51.0,55.0,277.0,-1.9,47,16.9,310,1017.9,43,42,5,0,0.0,3600.0,41.7658,-72.6734,2024,2,29,9
2024-02-29 10:00:00,260.0,146.0,114.0,414.6,-1.1,44,17.2,286,1019.1,77,75,32,0,0.0,3600.0,41.7658,-72.6734,2024,2,29,10
2024-02-29 11:00:00,405.0,270.0,135.0,550.9,-0.2,40,22.5,283,1019.3,96,89,95,0,0.0,3600.0,41.7658,-72.6734,2024,2,29,11
2024-02-29 12:00:00,227.0,31.0,196.0,52.7,-0.4,37,21.5,291,1019.6,91,74,90,0,0.0,0.0,41.7658,-72.6734,2024,2,29,12
2024-02-29 13:00:00,357.0,130.0,227.0,202.8,0.5,37,21.0,292,1019.6,100,47,100,0,0.0,3600.0,41.7658,-72.6734,2024,2,29,13
2024-02-29 14:00:00,266.0,22.0,244.0,34.2,0.5,37,19.0,299,1019.6,100,50,100,0,0.0,0.0,41.7658,-72.6734,2024,2,29,14
2024-02-29 15:00:00,264.0,19.0,245.0,31.8,0.7,37,19.4,292,1019.2,100,43,100,0,0.0,0.0,41.7658,-72.6734,2024,2,29,15
2024-02-29 16:00:00,232.0,41.0,191.0,81.5,1.1,35,19.4,288,1019.3,95,9,95,0,0.0,646.27,41.7658,-72.6734,2024,2,29,16
2024-02-29 17:00:00,186.0,31.0,155.0,84.1,1.3,34,18.7,293,1019.9,98,0,98,0,0.0,722.33,41.7658,-72.6734,2024,2,29,17
2024-02-29 18:00:00,86.0,7.0,79.0,34.4,0.7,33,15.6,299,1020.7,20,0,20,0,0.0,0.0,41.7658,-72.6734,2024,2,29,18
2024-02-29 19:00:00,19.0,9.0,10.0,118.5,-1.1,40,11.0,311,1022.3,1,0,1,0,0.0,1757.22,41.7658,-72.6734,2024,2,29,19
2024-02-29 20:00:00,0.0,0.0,0.0,0.0,-2.7,47,8.9,328,1023.6,0,0,0,0,0.0,0.0,41.7658,-72.6734,2024,2,29,20
2024-02-29 21:00:00,0.0,0.0,0.0,0.0,-3.0,53,7.4,317,1024.1,0,0,0,0,0.0,0.0,41.7658,-72.6734,2024,2,29,21
2024-02-29 22:00:00,0.0,0.0,0.0,0.0,-3.6,60,4.8,312,1025.2,0,0,0,0,0.0,0.0,41.7658,-72.6734,2024,2,29,22
2024-02-29 23:00:00,0.0,0.0,0.0,0.0,-3.9,64,4.4,351,1025.6,0,0,0,0,0.0,0.0,41.7658,-72.6734,2024,2,29,23
2024-03-01 00:00:00,0.0,0.0,0.0,0.0,-3.8,55,7.4,337,1026.1,0,0,0,0,0.0,0.0,41.7658,-72.6734,2024,3,1,0
2024-03-01 01:00:00,0.0,0.0,0.0,0.0,-4.1,54,8.2,322,1026.9,0,0,0,0,0.0,0.0,41.7658,-72.6734,2024,3,1,1
2024-03-01 02:00:00,0.0,0.0,0.0,0.0,-4.2,54,8.2,299,1027.7,0,0,0,0,0.0,0.0,41.7658,-72.6734,2024,3,1,2
2024-03-01 03:00:00,0.0,0.0,0.0,0.0,-4.4,58,5.2,286,1028.1,0,0,0,0,0.0,0.0,41.7658,-72.6734,2024,3,1,3
2024-03-01 04:00:00,0.0,0.0,0.0,0.0,-4.6,60,4.7,261,1028.4,0,0,0,0,0.0,0.0,41.7658,-72.6734,2024,3,1,4
2024-03-01 05:00:00,0.0,0.0,0.0,0.0,-4.9,60,7.6,239,1029.1,0,0,0,0,0.0,0.0,41.7658,-72.6734,2024,3,1,5
2024-03-01 06:00:00,0.0,0.0,0.0,0.0,-5.3,62,8.2,247,1029.9,5,0,0,5,0.0,0.0,41.7658,-72.6734,2024,3,1,6
2024-03-01 07:00:00,0.0,0.0,0.0,0.0,-5.3,62,7.4,256,1030.7,40,0,0,40,0.0,0.0,41.7658,-72.6734,2024,3,1,7
2024-03-01 08:00:00,14.0,6.0,8.0,87.9,-4.7,62,7.9,231,1031.6,73,0,23,69,0.0,957.56,41.7658,-72.6734,2024,3,1,8
2024-03-01 09:00:00,141.0,89.0,52.0,470.0,-2.0,49,8.2,218,1032.7,55,0,6,54,0.0,3600.0,41.7658,-72.6734,2024,3,1,9
2024-03-01 10:00:00,303.0,206.0,97.0,576.3,-0.2,41,9.4,220,1032.9,100,0,38,100,0.0,3600.0,41.7658,-72.6734,2024,3,1,10
2024-03-01 11:00:00,390.0,207.0,183.0,417.8,1.5,37,9.8,216,1032.9,100,0,60,100,0.0,3600.0,41.7658,-72.6734,2024,3,1,11
2024-03-01 12:00:00,499.0,275.0,224.0,463.0,3.1,37,11.8,218,1032.6,92,0,57,92,0.0,3600.0,41.7658,-72.6734,2024,3,1,12
2024-03-01 13:00:00,597.0,399.0,198.0,617.4,4.8,35,13.1,217,1032.0,27,0,7,26,0.0,3600.0,41.7658,-72.6734,2024,3,1,13
2024-03-01 14:00:00,662.0,554.0,108.0,853.9,6.2,34,12.5,213,1031.0,21,0,3,20,0.0,3600.0,41.7658,-72.6734,2024,3,1,14
2024-03-01 15:00:00,612.0,522.0,90.0,867.9,6.8,35,13.4,204,1030.2,1,0,1,0,0.0,3600.0,41.7658,-72.6734,2024,3,1,15
2024-03-01 16:00:00,500.0,419.0,81.0,825.9,6.5,38,14.6,196,1030.1,0,0,0,0,0.0,3600.0,41.7658,-72.6734,2024,3,1,16
2024-03-01 17:00:00,344.0,275.0,69.0,737.2,5.7,41,16.3,194,1030.2,0,0,0,0,0.0,3600.0,41.7658,-72.6734,2024,3,1,17
2024-03-01 18:00:00,164.0,116.0,48.0,558.8,4.2,47,14.5,186,1030.1,85,0,0,85,0.0,3600.0,41.7658,-72.6734,2024,3,1,18
2024-03-01 19:00:00,20.0,10.0,10.0,128.2,1.9,55,14.5,186,1030.4,93,0,0,93,0.0,2031.17,41.7658,-72.6734,2024,3,1,19
2024-03-01 20:00:00,0.0,0.0,0.0,0.0,0.8,63,13.0,186,1030.9,69,0,0,69,0.0,0.0,41.7658,-72.6734,2024,3,1,20
2024-03-01 21:00:00,0.0,0.0,0.0,0.0,0.3,67,12.7,188,1030.9,100,0,0,100,0.0,0.0,41.7658,-72.6734,2024,3,1,21
2024-03-01 22:00:00,0.0,0.0,0.0,0.0,0.1,69,11.7,189,1031.0,100,0,0,100,0.0,0.0,41.7658,-72.6734,2024,3,1,22
2024-03-01 23:00:00,0.0,0.0,0.0,0.0,-0.2,73,10.0,193,1030.7,100,0,0,100,0.0,0.0,41.7658,-72.6734,2024,3,1,23
2024-03-02 00:00:00,0.0,0.0,0.0,0.0,-0.3,77,10.5,196,1030.7,100,0,0,100,0.0,0.0,41.7658,-72.6734,2024,3,2,0
2024-03-02 01:00:00,0.0,0.0,0.0,0.0,-0.4,81,9.4,184,1030.3,100,0,0,100,0.0,0.0,41.7658,-72.6734,2024,3,2,1
2024-03-02 02:00:00,0.0,0.0,0.0,0.0,-0.4,85,8.4,190,1030.2,100,0,91,100,0.0,0.0,41.7658,-72.6734,2024,3,2,2
2024-03-02 03:00:00,0.0,0.0,0.0,0.0,-0.4,89,7.9,183,1029.6,100,25,100,100,0.0,0.0,41.7658,-72.6734,2024,3,2,3
2024-03-02 04:00:00,0.0,0.0,0.0,0.0,0.3,89,7.3,191,1029.4,100,100,100,100,0.0,0.0,41.7658,-72.6734,2024,3,2,4
2024-03-02 05:00:00,0.0,0.0,0.0,0.0,1.2,87,6.9,189,1029.1,100,100,100,100,0.0,0.0,41.7658,-72.6734,2024,3,2,5
2024-03-02 06:00:00,0.0,0.0,0.0,0.0,1.5,88,5.8,173,1028.8,100,3,100,100,0.0,0.0,41.7658,-72.6734,2024,3,2,6
2024-03-02 07:00:00,0.0,0.0,0.0,0.0,1.6,88,5.3,152,1028.6,100,76,100,100,0.1,0.0,41.7658,-72.6734,2024,3,2,7
2024-03-02 08:00:00,4.0,0.0,4.0,0.0,2.0,88,5.9,169,1028.3,100,5,98,100,0.0,0.0,41.7658,-72.6734,2024,3,2,8
2024-03-02 09:00:00,44.0,0.0,44.0,0.0,3.4,87,8.2,128,1028.1,100,1,48,100,0.0,0.0,41.7658,-72.6734,2024,3,2,9
2024-03-02 10:00:00,201.0,48.0,153.0,132.3,5.9,82,5.2,164,1027.4,100,7,94,100,0.0,2168.51,41.7658,-72.6734,2024,3,2,10
2024-03-02 11:00:00,179.0,20.0,159.0,39.9,7.0,83,5.8,158,1026.7,100,97,100,100,0.1,0.0,41.7658,-72.6734,2024,3,2,11
2024-03-02 12:00:00,262.0,14.0,248.0,23.4,8.6,83,13.9,155,1025.8,100,100,98,100,0.2,0.0,41.7658,-72.6734,2024,3,2,12
2024-03-02 13:00:00,190.0,2.0,188.0,3.1,8.6,86,13.0,156,1025.4,100,100,100,100,0.2,0.0,41.7658,-72.6734,2024,3,2,13
2024-03-02 14:00:00,92.0,0.0,92.0,0.0,8.1,93,6.4,117,1024.2,100,100,100,100,0.5,0.0,41.7658,-72.6734,2024,3,2,14
2024-03-02 15:00:00,135.0,1.0,134.0,1.6,8.6,94,9.5,127,1022.9,100,100,100,100,0.5,0.0,41.7658,-72.6734,2024,3,2,15
2024-03-02 16:00:00,116.0,0.0,116.0,0.0,8.8,95,8.9,130,1022.1,100,100,100,100,0.6,0.0,41.7658,-72.6734,2024,3,2,16
2024-03-02 17:00:00,46.0,0.0,46.0,0.0,8.4,97,8.4,121,1021.4,100,100,100,100,1.8,0.0,41.7658,-72.6734,2024,3,2,17
2024-03-02 18:00:00,10.0,0.0,10.0,0.0,8.1,97,10.2,113,1020.9,100,100,100,100,3.1,0.0,41.7658,-72.6734,2024,3,2,18
2024-03-02 19:00:00,2.0,0.0,2.0,0.0,8.0,97,11.5,110,1020.1,100,100,100,94,3.9,0.0,41.7658,-72.6734,2024,3,2,19
2024-03-02 20:00:00,0.0,0.0,0.0,0.0,8.1,97,14.2,97,1019.0,100,85,100,91,3.5,0.0,41.7658,-72.6734,2024,3,2,20
2024-03-02 21:00:00,0.0,0.0,0.0,0.0,8.4,96,16.9,78,1016.3,100,100,100,31,7.0,0.0,41.7658,-72.6734,2024,3,2,21
2024-03-02 22:00:00,0.0,0.0,0.0,0.0,8.9,95,8.2,119,1015.9,100,100,100,0,4.3,0.0,41.7658,-72.6734,2024,3,2,22
2024-03-02 23:00:00,0.0,0.0,0.0,0.0,8.5,97,10.3,65,1015.0,100,100,100,0,2.4,0.0,41.7658,-72.6734,2024,3,2,23
2024-03-03 00:00:00,0.0,0.0,0.0,0.0,8.3,97,7.9,66,1014.0,100,100,28,0,0.3,0.0,41.7658,-72.6734,2024,3,3,0
2024-03-03 01:00:00,0.0,0.0,0.0,0.0,8.1,98,4.7,32,1013.7,100,100,8,0,0.2,0.0,41.7658,-72.6734,2024,3,3,1
2024-03-03 02:00:00,0.0,0.0,0.0,0.0,7.7,99,8.3,5,1013.7,100,100,3,0,0.3,0.0,41.7658,-72.6734,2024,3,3,2
2024-03-03 03:00:00,0.0,0.0,0.0,0.0,7.2,99,11.7,349,1013.5,100,100,15,0,0.3,0.0,41.7658,-72.6734,2024,3,3,3
2024-03-03 04:00:00,0.0,0.0,0.0,0.0,6.9,98,14.5,353,1013.5,100,100,18,0,0.1,0.0,41.7658,-72.6734,2024,3,3,4
2024-03-03 05:00:00,0.0,0.0,0.0,0.0,6.6,98,16.2,360,1014.2,100,100,35,0,0.0,0.0,41.7658,-72.6734,2024,3,3,5
2024-03-03 06:00:00,0.0,0.0,0.0,0.0,6.3,97,16.2,3,1014.4,100,100,3,0,0.0,0.0,41.7658,-72.6734,2024,3,3,6
2024-03-03 07:00:00,0.0,0.0,0.0,0.0,5.9,96,15.9,356,1015.3,100,100,0,0,0.0,0.0,41.7658,-72.6734,2024,3,3,7
2024-03-03 08:00:00,12.0,2.0,10.0,27.2,5.4,96,15.2,353,1016.5,84,84,0,0,0.0,0.0,41.7658,-72.6734,2024,3,3,8
2024-03-03 09:00:00,126.0,66.0,60.0,329.9,7.4,90,15.5,355,1016.9,95,95,0,0,0.0,3600.0,41.7658,-72.6734,2024,3,3,9
2024-03-03 10:00:00,198.0,55.0,143.0,149.4,8.8,83,19.4,360,1017.3,100,100,0,0,0.0,2680.58,41.7658,-72.6734,2024,3,3,10
2024-03-03 11:00:00,261.0,45.0,216.0,88.9,10.2,76,18.4,3,1017.5,97,97,0,0,0.0,866.77,41.7658,-72.6734,2024,3,3,11
2024-03-03 12:00:00,358.0,73.0,285.0,120.7,12.1,69,17.3,1,1017.4,100,100,0,0,0.0,1822.36,41.7658,-72.6734,2024,3,3,12
2024-03-03 13:00:00,445.0,174.0,271.0,265.0,14.1,62,15.1,359,1017.4,84,84,0,0,0.0,3600.0,41.7658,-72.6734,2024,3,3,13
2024-03-03 14:00:00,422.0,123.0,299.0,186.7,15.9,57,12.6,2,1016.9,76,76,0,0,0.0,3600.0,41.7658,-72.6734,2024,3,3,14
2024-03-03 15:00:00,468.0,228.0,240.0,373.2,17.7,51,10.1,6,1016.3,0,0,0,0,0.0,3600.0,41.7658,-72.6734,2024,3,3,15
2024-03-03 16:00:00,456.0,336.0,120.0,650.7,19.0,47,6.4,16,1016.1,53,53,0,0,0.0,3600.0,41.7658,-72.6734,2024,3,3,16
2024-03-03 17:00:00,292.0,172.0,120.0,450.8,18.7,49,7.7,332,1016.1,10,10,0,0,0.0,3600.0,41.7658,-72.6734,2024,3,3,17
2024-03-03 18:00:00,166.0,115.0,51.0,533.2,15.6,61,12.0,319,1016.8,14,14,0,0,0.0,3600.0,41.7658,-72.6734,2024,3,3,18
2024-03-03 19:00:00,23.0,12.0,11.0,146.3,11.7,74,9.2,321,1018.1,3,3,0,0,0.0,2367.15,41.7658,-72.6734,2024,3,3,19
2024-03-03 20:00:00,0.0,0.0,0.0,0.0,9.9,80,8.6,338,1019.4,25,25,0,0,0.0,0.0,41.7658,-72.6734,2024,3,3,20
2024-03-03 21:00:00,0.0,0.0,0.0,0.0,8.5,87,8.3,355,1020.0,0,0,0,0,0.0,0.0,41.7658,-72.6734,2024,3,3,21
2024-03-03 22:00:00,0.0,0.0,0.0,0.0,7.4,90,8.9,14,1020.5,1,1,0,0,0.0,0.0,41.7658,-72.6734,2024,3,3,22
2024-03-03 23:00:00,0.0,0.0,0.0,0.0,6.6,91,8.4,10,1021.0,5,5,0,0,0.0,0.0,41.7658,-72.6734,2024,3,3,23
2024-03-04 00:00:00,0.0,0.0,0.0,0.0,5.9,94,9.4,360,1021.2,0,0,0,0,0.0,0.0,41.7658,-72.6734,2024,3,4,0
2024-03-04 01:00:00,0.0,0.0,0.0,0.0,5.3,96,9.4,2,1021.4,0,0,0,0,0.0,0.0,41.7658,-72.6734,2024,3,4,1
2024-03-04 02:00:00,0.0,0.0,0.0,0.0,4.5,98,8.3,2,1022.2,5,5,0,0,0.0,0.0,41.7658,-72.6734,2024,3,4,2
2024-03-04 03:00:00,0.0,0.0,0.0,0.0,3.9,99,7.1,15,1022.4,6,6,0,0,0.0,0.0,41.7658,-72.6734,2024,3,4,3
2024-03-04 04:00:00,0.0,0.0,0.0,0.0,3.1,99,5.4,20,1022.3,22,22,0,0,0.0,0.0,41.7658,-72.6734,2024,3,4,4
2024-03-04 05:00:00,0.0,0.0,0.0,0.0,2.8,99,5.9,11,1022.5,87,87,0,0,0.0,0.0,41.7658,-72.6734,2024,3,4,5
2024-03-04 06:00:00,0.0,0.0,0.0,0.0,2.4,100,7.3,9,1023.2,78,78,0,0,0.0,0.0,41.7658,-72.6734,2024,3,4,6
2024-03-04 07:00:00,0.0,0.0,0.0,0.0,2.1,100,7.8,13,1024.2,24,24,0,0,0.0,0.0,41.7658,-72.6734,2024,3,4,7
2024-03-04 08:00:00,16.0,5.0,11.0,65.5,2.3,99,7.9,16,1024.9,49,49,0,0,0.0,490.31,41.7658,-72.6734,2024,3,4,8
2024-03-04 09:00:00,106.0,27.0,79.0,131.4,6.1,90,2.5,360,1025.9,86,86,0,0,0.0,2142.79,41.7658,-72.6734,2024,3,4,9
2024-03-04 10:00:00,271.0,135.0,136.0,361.3,9.3,81,1.5,14,1026.1,62,62,0,0,0.0,3600.0,41.7658,-72.6734,2024,3,4,10
2024-03-04 11:00:00,393.0,205.0,188.0,400.7,12.3,73,4.7,113,1026.1,79,79,0,0,0.0,3600.0,41.7658,-72.6734,2024,3,4,11
2024-03-04 12:00:00,377.0,136.0,241.0,223.0,13.7,68,8.9,117,1025.8,100,100,0,3,0.0,3600.0,41.7658,-72.6734,2024,3,4,12
2024-03-04 13:00:00,240.0,5.0,235.0,7.6,13.9,67,8.9,111,1025.3,100,100,0,7,0.0,0.0,41.7658,-72.6734,2024,3,4,13
2024-03-04 14:00:00,239.0,18.0,221.0,27.1,14.4,64,8.4,115,1024.7,100,100,0,1,0.0,0.0,41.7658,-72.6734,2024,3,4,14
2024-03-04 15:00:00,283.0,32.0,251.0,52.0,15.2,61,8.3,124,1024.3,80,80,0,0,0.0,0.0,41.7658,-72.6734,2024,3,4,15
2024-03-04 16:00:00,204.0,11.0,193.0,21.1,15.1,60,7.0,125,1024.0,56,56,0,0,0.0,0.0,41.7658,-72.6734,2024,3,4,16
2024-03-04 17:00:00,167.0,22.0,145.0,57.0,15.1,59,7.4,119,1023.6,100,100,0,0,0.0,0.0,41.7658,-72.6734,2024,3,4,17
2024-03-04 18:00:00,68.0,4.0,64.0,18.2,13.7,68,7.1,156,1024.0,100,100,1,0,0.0,0.0,41.7658,-72.6734,2024,3,4,18
2024-03-04 19:00:00,13.0,2.0,11.0,23.8,11.2,80,10.9,186,1024.8,100,100,0,52,0.0,0.0,41.7658,-72.6734,2024,3,4,19
2024-03-04 20:00:00,0.0,0.0,0.0,0.0,9.2,87,8.4,187,1025.2,100,100,0,100,0.0,0.0,41.7658,-72.6734,2024,3,4,20
2024-03-04 21:00:00,0.0,0.0,0.0,0.0,7.7,91,5.5,169,1025.4,95,23,0,94,0.0,0.0,41.7658,-72.6734,2024,3,4,21
2024-03-04 22:00:00,0.0,0.0,0.0,0.0,6.3,95,4.3,138,1025.5,100,29,0,100,0.0,0.0,41.7658,-72.6734,2024,3,4,22
2024-03-04 23:00:00,0.0,0.0,0.0,0.0,5.8,93,5.6,105,1025.4,100,100,0,100,0.0,0.0,41.7658,-72.6734,2024,3,4,23
2024-03-05 00:00:00,0.0,0.0,0.0,0.0,6.0,87,6.2,69,1024.9,100,100,0,97,0.0,0.0,41.7658,-72.6734,2024,3,5,0
2024-03-05 01:00:00,0.0,0.0,0.0,0.0,6.1,83,4.2,70,1024.7,100,100,0,100,0.0,0.0,41.7658,-72.6734,2024,3,5,1
2024-03-05 02:00:00,0.0,0.0,0.0,0.0,5.8,84,5.1,39,1024.2,100,100,0,100,0.0,0.0,41.7658,-72.6734,2024,3,5,2
2024-03-05 03:00:00,0.0,0.0,0.0,0.0,5.6,86,5.0,21,1023.8,100,100,0,100,0.0,0.0,41.7658,-72.6734,2024,3,5,3
2024-03-05 04:00:00,0.0,0.0,0.0,0.0,5.5,87,4.2,20,1023.5,100,100,1,85,0.0,0.0,41.7658,-72.6734,2024,3,5,4
2024-03-05 05:00:00,0.0,0.0,0.0,0.0,5.4,88,6.7,36,1022.7,100,100,34,41,0.0,0.0,41.7658,-72.6734,2024,3,5,5
2024-03-05 06:00:00,0.0,0.0,0.0,0.0,5.3,89,6.1,45,1022.4,100,100,56,100,0.0,0.0,41.7658,-72.6734,2024,3,5,6
2024-03-05 07:00:00,0.0,0.0,0.0,0.0,5.4,88,6.6,41,1022.6,100,100,100,42,0.0,0.0,41.7658,-72.6734,2024,3,5,7
2024-03-05 08:00:00,4.0,0.0,4.0,0.0,5.6,88,7.4,51,1022.7,100,100,100,64,0.0,0.0,41.7658,-72.6734,2024,3,5,8
2024-03-05 09:00:00,49.0,0.0,49.0,0.0,5.7,82,8.3,72,1022.3,100,100,11,100,0.0,0.0,41.7658,-72.6734,2024,3,5,9
2024-03-05 10:00:00,130.0,4.0,126.0,10.6,6.7,79,10.0,77,1021.6,100,100,100,99,0.0,0.0,41.7658,-72.6734,2024,3,5,10
2024-03-05 11:00:00,103.0,4.0,99.0,7.7,6.9,81,10.8,69,1020.6,100,90,96,100,0.5,0.0,41.7658,-72.6734,2024,3,5,11
2024-03-05 12:00:00,111.0,17.0,94.0,27.6,6.8,90,11.0,58,1019.5,100,100,100,44,0.8,0.0,41.7658,-72.6734,2024,3,5,12
2024-03-05 13:00:00,74.0,0.0,74.0,0.0,6.7,92,10.0,49,1018.7,100,100,100,100,0.5,0.0,41.7658,-72.6734,2024,3,5,13
2024-03-05 14:00:00,73.0,0.0,73.0,0.0,6.8,94,8.5,28,1017.6,100,100,100,100,0.6,0.0,41.7658,-72.6734,2024,3,5,14
2024-03-05 15:00:00,94.0,0.0,94.0,0.0,6.9,96,9.8,28,1016.9,100,100,15,100,1.8,0.0,41.7658,-72.6734,2024,3,5,15
2024-03-05 16:00:00,103.0,3.0,100.0,5.7,7.4,94,11.3,59,1015.7,100,100,26,33,0.3,0.0,41.7658,-72.6734,2024,3,5,16
2024-03-05 17:00:00,60.0,2.0,58.0,5.1,7.6,96,8.7,38,1014.7,100,100,100,100,1.6,0.0,41.7658,-72.6734,2024,3,5,17
2024-03-05 18:00:00,16.0,0.0,16.0,0.0,7.3,99,8.0,27,1013.7,100,100,99,100,0.9,0.0,41.7658,-72.6734,2024,3,5,18
2024-03-05 19:00:00,3.0,0.0,3.0,0.0,7.4,98,6.3,24,1012.9,100,100,100,99,1.4,0.0,41.7658,-72.6734,2024,3,5,19
2024-03-05 20:00:00,0.0,0.0,0.0,0.0,7.5,99,4.9,54,1012.2,100,100,100,94,2.4,0.0,41.7658,-72.6734,2024,3,5,20
2024-03-05 21:00:00,0.0,0.0,0.0,0.0,6.5,99,8.4,317,1012.5,100,100,57,46,1.4,0.0,41.7658,-72.6734,2024,3,5,21
2024-03-05 22:00:00,0.0,0.0,0.0,0.0,6.1,98,8.9,328,1012.6,100,100,56,94,0.1,0.0,41.7658,-72.6734,2024,3,5,22
2024-03-05 23:00:00,0.0,0.0,0.0,0.0,5.8,99,6.3,329,1012.9,100,100,10,85,0.4,0.0,41.7658,-72.6734,2024,3,5,23
2024-03-06 00:00:00,0.0,0.0,0.0,0.0,5.7,98,4.0,333,1012.4,100,100,2,100,0.0,0.0,41.7658,-72.6734,2024,3,6,0
2024-03-06 01:00:00,0.0,0.0,0.0,0.0,5.5,99,1.8,307,1012.8,100,100,0,1,0.0,0.0,41.7658,-72.6734,2024,3,6,1
2024-03-06 02:00:00,0.0,0.0,0.0,0.0,5.5,99,3.4,198,1013.1,100,100,0,1,0.0,0.0,41.7658,-72.6734,2024,3,6,2
2024-03-06 03:00:00,0.0,0.0,0.0,0.0,4.9,100,7.0,192,1013.1,40,40,0,0,0.0,0.0,41.7658,-72.6734,2024,3,6,3
2024-03-06 04:00:00,0.0,0.0,0.0,0.0,4.4,99,7.9,204,1013.1,84,37,0,75,0.0,0.0,41.7658,-72.6734,2024,3,6,4
2024-03-06 05:00:00,0.0,0.0,0.0,0.0,4.0,100,7.1,210,1013.2,100,91,0,97,0.0,0.0,41.7658,-72.6734,2024,3,6,5
2024-03-06 06:00:00,0.0,0.0,0.0,0.0,4.2,99,7.8,202,1013.5,100,100,0,100,0.0,0.0,41.7658,-72.6734,2024,3,6,6
2024-03-06 07:00:00,0.0,0.0,0.0,0.0,4.3,100,8.5,192,1013.9,100,100,0,100,0.0,0.0,41.7658,-72.6734,2024,3,6,7
2024-03-06 08:00:00,13.0,1.0,12.0,12.2,4.8,99,9.9,199,1014.5,100,100,0,100,0.0,0.0,41.7658,-72.6734,2024,3,6,8
2024-03-06 09:00:00,70.0,3.0,67.0,13.9,6.5,96,6.4,218,1014.4,100,100,0,100,0.0,0.0,41.7658,-72.6734,2024,3,6,9
2024-03-06 10:00:00,145.0,11.0,134.0,28.6,7.4,94,4.2,211,1014.3,100,100,14,100,0.0,0.0,41.7658,-72.6734,2024,3,6,10
2024-03-06 11:00:00,198.0,6.0,192.0,11.5,8.5,90,2.4,153,1014.0,100,100,35,100,0.0,0.0,41.7658,-72.6734,2024,3,6,11
2024-03-06 12:00:00,288.0,34.0,254.0,54.8,10.1,84,6.8,177,1014.1,100,100,54,100,0.0,0.0,41.7658,-72.6734,2024,3,6,12
2024-03-06 13:00:00,254.0,15.0,239.0,22.3,11.4,81,9.0,180,1013.9,100,100,68,100,0.0,0.0,41.7658,-72.6734,2024,3,6,13
2024-03-06 14:00:00,245.0,5.0,240.0,7.4,12.1,79,9.8,186,1013.4,100,23,100,100,0.0,0.0,41.7658,-72.6734,2024,3,6,14
2024-03-06 15:00:00,119.0,0.0,119.0,0.0,11.5,82,4.7,189,1012.4,100,5,100,100,0.0,0.0,41.7658,-72.6734,2024,3,6,15
2024-03-06 16:00:00,69.0,0.0,69.0,0.0,10.4,92,8.6,195,1012.6,100,0,100,100,0.6,0.0,41.7658,-72.6734,2024,3,6,16
2024-03-06 17:00:00,30.0,0.0,30.0,0.0,9.4,97,2.5,188,1011.7,100,0,100,100,1.6,0.0,41.7658,-72.6734,2024,3,6,17
2024-03-06 18:00:00,27.0,0.0,27.0,0.0,9.4,97,5.9,133,1011.2,100,1,100,100,0.8,0.0,41.7658,-72.6734,2024,3,6,18
2024-03-06 19:00:00,5.0,0.0,5.0,0.0,9.4,96,2.5,360,1010.8,100,3,100,100,0.3,0.0,41.7658,-72.6734,2024,3,6,19
2024-03-06 20:00:00,0.0,0.0,0.0,0.0,8.8,98,5.6,27,1010.4,100,71,100,100,1.3,0.0,41.7658,-72.6734,2024,3,6,20
2024-03-06 21:00:00,0.0,0.0,0.0,0.0,8.6,99,9.8,28,1009.9,100,88,100,100,2.2,0.0,41.7658,-72.6734,2024,3,6,21
2024-03-06 22:00:00,0.0,0.0,0.0,0.0,8.5,99,10.0,30,1008.7,100,100,100,100,5.6,0.0,41.7658,-72.6734,2024,3,6,22
2024-03-06 23:00:00,0.0,0.0,0.0,0.0,8.8,98,13.7,35,1006.8,100,100,100,100,6.1,0.0,41.7658,-72.6734,2024,3,6,23
2024-03-07 00:00:00,0.0,0.0,0.0,0.0,9.1,98,8.3,34,1005.2,100,100,100,100,5.0,0.0,41.7658,-72.6734,2024,3,7,0
2024-03-07 01:00:00,0.0,0.0,0.0,0.0,9.1,97,4.1,308,1004.5,100,100,100,100,6.5,0.0,41.7658,-72.6734,2024,3,7,1
2024-03-07 02:00:00,0.0,0.0,0.0,0.0,8.7,99,14.1,6,1004.8,100,100,100,100,8.3,0.0,41.7658,-72.6734,2024,3,7,2
2024-03-07 03:00:00,0.0,0.0,0.0,0.0,8.3,97,17.3,12,1004.3,100,100,100,100,2.4,0.0,41.7658,-72.6734,2024,3,7,3
2024-03-07 04:00:00,0.0,0.0,0.0,0.0,7.6,96,19.5,16,1004.0,100,100,100,100,1.3,0.0,41.7658,-72.6734,2024,3,7,4
2024-03-07 05:00:00,0.0,0.0,0.0,0.0,7.0,94,20.2,16,1003.7,100,100,100,97,0.1,0.0,41.7658,-72.6734,2024,3,7,5
2024-03-07 06:00:00,0.0,0.0,0.0,0.0,6.7,92,18.9,13,1004.4,100,100,100,100,0.0,0.0,41.7658,-72.6734,2024,3,7,6
2024-03-07 07:00:00,0.0,0.0,0.0,0.0,6.7,91,19.8,10,1004.7,100,100,100,100,0.1,0.0,41.7658,-72.6734,2024,3,7,7
2024-03-07 08:00:00,3.0,0.0,3.0,0.0,6.6,94,20.3,17,1005.3,100,100,100,100,0.7,0.0,41.7658,-72.6734,2024,3,7,8
2024-03-07 09:00:00,15.0,0.0,15.0,0.0,7.4,93,18.9,14,1006.0,100,47,100,100,1.4,0.0,41.7658,-72.6734,2024,3,7,9
2024-03-07 10:00:00,49.0,0.0,49.0,0.0,7.9,94,19.6,17,1006.9,100,100,100,100,1.0,0.0,41.7658,-72.6734,2024,3,7,10
2024-03-07 11:00:00,54.0,0.0,54.0,0.0,8.2,94,19.7,15,1007.8,100,88,100,50,0.9,0.0,41.7658,-72.6734,2024,3,7,11
2024-03-07 12:00:00,113.0,0.0,113.0,0.0,8.8,91,19.8,16,1008.1,100,34,100,100,0.1,0.0,41.7658,-72.6734,2024,3,7,12
2024-03-07 13:00:00,200.0,9.0,191.0,13.3,9.5,86,21.3,16,1008.8,100,33,100,100,0.1,0.0,41.7658,-72.6734,2024,3,7,13
2024-03-07 14:00:00,159.0,6.0,153.0,8.8,9.7,81,22.3,14,1009.4,100,29,77,100,0.1,0.0,41.7658,-72.6734,2024,3,7,14
2024-03-07 15:00:00,362.0,112.0,250.0,177.9,10.6,71,24.3,21,1009.9,100,52,66,100,0.0,3535.7,41.7658,-72.6734,2024,3,7,15
2024-03-07 16:00:00,266.0,44.0,222.0,82.4,10.8,65,27.9,22,1010.5,100,48,57,100,0.0,670.93,41.7658,-72.6734,2024,3,7,16
2024-03-07 17:00:00,176.0,21.0,155.0,52.7,10.7,64,25.8,25,1011.4,100,98,76,100,0.0,0.0,41.7658,-72.6734,2024,3,7,17
2024-03-07 18:00:00,66.0,2.0,64.0,8.6,9.9,67,17.7,29,1012.2,100,94,91,100,0.0,0.0,41.7658,-72.6734,2024,3,7,18
2024-03-07 19:00:00,9.0,0.0,9.0,0.0,9.2,73,13.7,30,1012.7,100,34,3,100,0.0,0.0,41.7658,-72.6734,2024,3,7,19
2024-03-07 20:00:00,0.0,0.0,0.0,0.0,8.2,78,11.6,30,1013.7,100,97,0,100,0.0,0.0,41.7658,-72.6734,2024,3,7,20
2024-03-07 21:00:00,0.0,0.0,0.0,0.0,7.6,65,18.7,360,1014.4,100,58,0,100,0.0,0.0,41.7658,-72.6734,2024,3,7,21
2024-03-07 22:00:00,0.0,0.0,0.0,0.0,6.6,66,19.1,359,1015.7,100,65,0,100,0.0,0.0,41.7658,-72.6734,2024,3,7,22
2024-03-07 23:00:00,0.0,0.0,0.0,0.0,5.8,66,18.0,359,1016.4,100,3,0,100,0.0,0.0,41.7658,-72.6734,2024,3,7,23
2024-03-08 00:00:00,0.0,0.0,0.0,0.0,4.9,68,17.7,4,1017.0,100,0,0,100,0.0,0.0,41.7658,-72.6734,2024,3,8,0
2024-03-08 01:00:00,0.0,0.0,0.0,0.0,4.1,70,17.0,5,1017.7,100,0,0,100,0.0,0.0,41.7658,-72.6734,2024,3,8,1
2024-03-08 02:00:00,0.0,0.0,0.0,0.0,3.4,72,15.9,6,1018.3,73,0,0,73,0.0,0.0,41.7658,-72.6734,2024,3,8,2
2024-03-08 03:00:00,0.0,0.0,0.0,0.0,2.6,74,15.6,8,1018.3,0,0,0,0,0.0,0.0,41.7658,-72.6734,2024,3,8,3
2024-03-08 04:00:00,0.0,0.0,0.0,0.0,1.8,76,15.3,9,1018.3,0,0,0,0,0.0,0.0,41.7658,-72.6734,2024,3,8,4
2024-03-08 05:00:00,0.0,0.0,0.0,0.0,1.1,79,13.8,7,1018.9,0,0,0,0,0.0,0.0,41.7658,-72.6734,2024,3,8,5
2024-03-08 06:00:00,0.0,0.0,0.0,0.0,0.3,83,12.3,5,1019.8,0,0,0,0,0.0,0.0,41.7658,-72.6734,2024,3,8,6
2024-03-08 07:00:00,0.0,0.0,0.0,0.0,-0.4,86,12.2,2,1020.8,0,0,0,0,0.0,0.0,41.7658,-72.6734,2024,3,8,7
2024-03-08 08:00:00,29.0,16.0,13.0,183.2,0.1,85,11.9,357,1022.0,0,0,0,0,0.0,2544.9,41.7658,-72.6734,2024,3,8,8
2024-03-08 09:00:00,188.0,135.0,53.0,594.3,2.8,73,10.5,354,1023.0,0,0,0,0,0.0,3600.0,41.7658,-72.6734,2024,3,8,9
2024-03-08 10:00:00,376.0,304.0,72.0,768.8,4.9,62,12.6,3,1023.0,0,0,0,0,0.0,3600.0,41.7658,-72.6734,2024,3,8,10
2024-03-08 11:00:00,543.0,460.0,83.0,862.8,6.8,54,12.0,9,1022.8,3,0,0,3,0.0,3600.0,41.7658,-72.6734,2024,3,8,11
2024-03-08 12:00:00,663.0,575.0,88.0,911.4,8.6,50,12.2,19,1022.3,46,0,0,46,0.0,3600.0,41.7658,-72.6734,2024,3,8,12
2024-03-08 13:00:00,727.0,635.0,92.0,930.9,10.2,45,9.8,8,1021.9,42,0,0,42,0.0,3600.0,41.7658,-72.6734,2024,3,8,13
2024-03-08 14:00:00,726.0,631.0,95.0,923.5,11.3,41,7.9,3,1021.3,63,0,0,63,0.0,3600.0,41.7658,-72.6734,2024,3,8,14
2024-03-08 15:00:00,663.0,569.0,94.0,897.0,12.1,37,7.9,16,1020.6,66,0,0,66,0.0,3600.0,41.7658,-72.6734,2024,3,8,15
2024-03-08 16:00:00,536.0,430.0,106.0,798.4,12.4,35,6.6,13,1020.5,84,0,0,84,0.0,3600.0,41.7658,-72.6734,2024,3,8,16
2024-03-08 17:00:00,371.0,279.0,92.0,693.0,12.3,35,6.1,28,1020.3,29,0,0,29,0.0,3600.0,41.7658,-72.6734,2024,3,8,17
2024-03-08 18:00:00,197.0,144.0,53.0,611.0,10.7,63,4.6,51,1020.5,2,0,0,2,0.0,3600.0,41.7658,-72.6734,2024,3,8,18
2024-03-08 19:00:00,35.0,20.0,15.0,217.4,6.8,63,7.7,118,1021.1,11,0,0,11,0.0,2719.47,41.7658,-72.6734,2024,3,8,19
2024-03-08 20:00:00,0.0,0.0,0.0,0.0,5.7,59,12.5,134,1021.5,15,0,0,15,0.0,0.0,41.7658,-72.6734,2024,3,8,20
2024-03-08 21:00:00,0.0,0.0,0.0,0.0,4.2,68,9.5,143,1022.3,99,0,0,99,0.0,0.0,41.7658,-72.6734,2024,3,8,21
2024-03-08 22:00:00,0.0,0.0,0.0,0.0,3.1,72,8.1,135,1022.5,89,0,0,89,0.0,0.0,41.7658,-72.6734,2024,3,8,22
2024-03-08 23:00:00,0.0,0.0,0.0,0.0,2.3,71,6.2,173,1023.7,63,0,0,63,0.0,0.0,41.7658,-72.6734,2024,3,8,23
2024-03-09 00:00:00,0.0,0.0,0.0,0.0,1.6,74,8.1,193,1024.4,100,0,0,100,0.0,0.0,41.7658,-72.6734,2024,3,9,0
2024-03-09 01:00:00,0.0,0.0,0.0,0.0,0.6,82,4.1,105,1023.4,100,0,0,100,0.0,0.0,41.7658,-72.6734,2024,3,9,1
2024-03-09 02:00:00,0.0,0.0,0.0,0.0,0.2,84,4.1,75,1022.7,100,0,0,100,0.0,0.0,41.7658,-72.6734,2024,3,9,2
2024-03-09 03:00:00,0.0,0.0,0.0,0.0,0.1,85,2.7,23,1022.4,100,0,92,100,0.0,0.0,41.7658,-72.6734,2024,3,9,3
2024-03-09 04:00:00,0.0,0.0,0.0,0.0,0.5,80,1.8,259,1022.7,100,0,100,100,0.0,0.0,41.7658,-72.6734,2024,3,9,4
2024-03-09 05:00:00,0.0,0.0,0.0,0.0,0.6,80,2.6,56,1021.9,100,0,99,100,0.0,0.0,41.7658,-72.6734,2024,3,9,5
2024-03-09 06:00:00,0.0,0.0,0.0,0.0,0.5,80,3.5,66,1021.2,100,0,94,100,0.0,0.0,41.7658,-72.6734,2024,3,9,6
2024-03-09 07:00:00,0.0,0.0,0.0,0.0,0.6,80,3.6,96,1021.0,100,0,100,100,0.0,0.0,41.7658,-72.6734,2024,3,9,7
2024-03-09 08:00:00,13.0,0.0,13.0,0.0,1.3,76,6.0,123,1021.1,100,0,100,100,0.0,0.0,41.7658,-72.6734,2024,3,9,8
2024-03-09 09:00:00,62.0,0.0,62.0,0.0,2.6,75,6.6,135,1021.4,100,64,100,100,0.0,0.0,41.7658,-72.6734,2024,3,9,9
2024-03-09 10:00:00,116.0,1.0,115.0,2.5,4.0,72,13.7,145,1020.7,100,100,100,100,0.0,0.0,41.7658,-72.6734,2024,3,9,10
2024-03-09 11:00:00,231.0,27.0,204.0,50.1,5.3,66,16.6,141,1019.4,100,64,100,46,0.0,0.0,41.7658,-72.6734,2024,3,9,11
2024-03-09 12:00:00,133.0,1.0,132.0,1.6,5.1,66,16.4,140,1018.3,100,70,100,75,0.0,0.0,41.7658,-72.6734,2024,3,9,12
2024-03-09 13:00:00,239.0,14.0,225.0,20.4,6.0,63,19.0,147,1017.6,100,76,100,61,0.0,0.0,41.7658,-72.6734,2024,3,9,13
2024-03-09 14:00:00,135.0,3.0,132.0,4.4,5.2,70,18.2,146,1016.7,100,81,100,71,0.0,0.0,41.7658,-72.6734,2024,3,9,14
2024-03-09 15:00:00,125.0,4.0,121.0,6.3,5.0,73,19.7,145,1015.6,100,100,100,96,0.0,0.0,41.7658,-72.6734,2024,3,9,15
2024-03-09 16:00:00,74.0,0.0,74.0,0.0,4.9,75,18.8,137,1014.3,100,100,100,100,0.0,0.0,41.7658,-72.6734,2024,3,9,16
2024-03-09 17:00:00,42.0,0.0,42.0,0.0,5.0,76,18.3,135,1013.3,100,100,100,100,0.0,0.0,41.7658,-72.6734,2024,3,9,17
2024-03-09 18:00:00,19.0,0.0,19.0,0.0,4.8,79,13.9,121,1012.0,100,100,100,100,0.2,0.0,41.7658,-72.6734,2024,3,9,18
2024-03-09 19:00:00,3.0,0.0,3.0,0.0,4.0,91,14.7,115,1011.2,100,99,100,100,0.5,0.0,41.7658,-72.6734,2024,3,9,19
2024-03-09 20:00:00,0.0,0.0,0.0,0.0,3.9,93,15.8,117,1010.1,100,100,100,99,0.4,0.0,41.7658,-72.6734,2024,3,9,20
2024-03-09 21:00:00,0.0,0.0,0.0,0.0,3.2,95,18.1,113,1006.5,100,100,100,100,0.1,0.0,41.7658,-72.6734,2024,3,9,21
2024-03-09 22:00:00,0.0,0.0,0.0,0.0,3.4,94,9.5,81,1006.7,100,100,100,100,1.6,0.0,41.7658,-72.6734,2024,3,9,22
2024-03-09 23:00:00,0.0,0.0,0.0,0.0,3.4,95,15.3,63,1004.7,100,100,100,60,4.7,0.0,41.7658,-72.6734,2024,3,9,23
2024-03-10 00:00:00,0.0,0.0,0.0,0.0,4.1,94,19.4,91,1000.4,100,100,100,99,3.6,0.0,41.7658,-72.6734,2024,3,10,0
2024-03-10 01:00:00,0.0,0.0,0.0,0.0,5.1,95,15.5,93,997.9,100,100,100,59,3.5,0.0,41.7658,-72.6734,2024,3,10,1
2024-03-10 02:00:00,0.0,0.0,0.0,0.0,4.6,97,16.8,332,997.1,100,100,100,45,7.4,0.0,41.7658,-72.6734,2024,3,10,2
2024-03-10 03:00:00,0.0,0.0,0.0,0.0,4.4,97,17.9,71,993.3,100,50,100,95,6.1,0.0,41.7658,-72.6734,2024,3,10,3
2024-03-10 04:00:00,0.0,0.0,0.0,0.0,5.9,97,5.8,83,989.8,100,100,100,0,0.5,0.0,41.7658,-72.6734,2024,3,10,4
2024-03-10 05:00:00,0.0,0.0,0.0,0.0,6.1,97,3.8,253,988.1,100,100,51,1,1.3,0.0,41.7658,-72.6734,2024,3,10,5
2024-03-10 06:00:00,0.0,0.0,0.0,0.0,5.8,97,10.4,290,987.7,100,100,3,0,0.3,0.0,41.7658,-72.6734,2024,3,10,6
2024-03-10 07:00:00,0.0,0.0,0.0,0.0,5.2,96,9.7,297,988.7,88,71,1,58,0.0,0.0,41.7658,-72.6734,2024,3,10,7
2024-03-10 08:00:00,22.0,5.0,17.0,53.9,4.9,94,8.0,280,989.5,78,16,38,58,0.0,182.36,41.7658,-72.6734,2024,3,10,8
2024-03-10 09:00:00,151.0,76.0,75.0,319.3,5.9,87,12.4,296,989.6,91,1,89,66,0.0,3600.0,41.7658,-72.6734,2024,3,10,9
2024-03-10 10:00:00,299.0,176.0,123.0,433.3,7.2,76,13.9,307,989.5,54,42,16,6,0.0,3600.0,41.7658,-72.6734,2024,3,10,10
2024-03-10 11:00:00,479.0,336.0,143.0,617.9,8.6,65,17.6,301,990.3,94,39,90,0,0.0,3600.0,41.7658,-72.6734,2024,3,10,11
2024-03-10 12:00:00,289.0,78.0,211.0,121.6,8.3,62,17.9,295,990.3,99,79,96,0,0.0,1848.89,41.7658,-72.6734,2024,3,10,12
2024-03-10 13:00:00,357.0,101.0,256.0,145.9,9.2,56,17.7,294,989.9,81,48,66,0,0.0,2577.67,41.7658,-72.6734,2024,3,10,13
2024-03-10 14:00:00,579.0,362.0,217.0,522.5,10.2,51,20.5,294,989.3,96,96,33,0,0.0,3600.0,41.7658,-72.6734,2024,3,10,14
2024-03-10 15:00:00,362.0,98.0,264.0,152.3,9.4,51,19.4,292,988.6,100,98,94,0,0.0,2769.07,41.7658,-72.6734,2024,3,10,15
2024-03-10 16:00:00,235.0,26.0,209.0,47.5,9.0,49,18.5,294,988.3,100,29,100,0,0.0,0.0,41.7658,-72.6734,2024,3,10,16
2024-03-10 17:00:00,132.0,9.0,123.0,21.9,8.2,50,14.6,303,987.9,80,4,79,0,0.0,0.0,41.7658,-72.6734,2024,3,10,17
2024-03-10 18:00:00,130.0,76.0,54.0,312.1,7.5,52,10.7,315,987.9,68,31,61,0,0.0,3600.0,41.7658,-72.6734,2024,3,10,18
2024-03-10 19:00:00,21.0,6.0,15.0,62.6,6.5,56,11.2,315,988.4,100,14,100,0,0.0,435.91,41.7658,-72.6734,2024,3,10,19
2024-03-10 20:00:00,0.0,0.0,0.0,0.0,5.5,58,13.7,300,989.2,98,5,98,0,0.0,0.0,41.7658,-72.6734,2024,3,10,20
2024-03-10 21:00:00,0.0,0.0,0.0,0.0,3.7,53,14.8,309,990.2,18,18,0,0,0.0,0.0,41.7658,-72.6734,2024,3,10,21
2024-03-10 22:00:00,0.0,0.0,0.0,0.0,2.3,57,12.6,294,991.0,14,11,4,0,0.0,0.0,41.7658,-72.6734,2024,3,10,22
2024-03-10 23:00:00,0.0,0.0,0.0,0.0,1.2,61,12.4,278,991.2,25,25,1,0,0.0,0.0,41.7658,-72.6734,2024,3,10,23
2024-03-11 00:00:00,0.0,0.0,0.0,0.0,0.7,61,14.5,277,991.5,23,7,20,0,0.0,0.0,41.7658,-72.6734,2024,3,11,0
2024-03-11 01:00:00,0.0,0.0,0.0,0.0,-0.1,63,15.2,265,991.5,93,22,90,18,0.0,0.0,41.7658,-72.6734,2024,3,11,1
2024-03-11 02:00:00,0.0,0.0,0.0,0.0,-0.1,64,14.6,280,991.7,100,64,100,71,0.2,0.0,41.7658,-72.6734,2024,3,11,2
2024-03-11 03:00:00,0.0,0.0,0.0,0.0,-0.2,63,13.5,295,992.0,100,59,100,9,0.1,0.0,41.7658,-72.6734,2024,3,11,3
2024-03-11 04:00:00,0.0,0.0,0.0,0.0,-0.5,62,11.0,302,992.0,98,7,98,23,0.1,0.0,41.7658,-72.6734,2024,3,11,4
2024-03-11 05:00:00,0.0,0.0,0.0,0.0,-0.4,58,15.6,308,992.5,98,36,83,92,0.0,0.0,41.7658,-72.6734,2024,3,11,5
2024-03-11 06:00:00,0.0,0.0,0.0,0.0,-0.6,57,21.5,308,992.5,100,53,65,99,0.0,0.0,41.7658,-72.6734,2024,3,11,6
2024-03-11 07:00:00,0.0,0.0,0.0,0.0,-0.7,56,28.0,307,993.0,99,43,29,98,0.0,0.0,41.7658,-72.6734,2024,3,11,7
2024-03-11 08:00:00,24.0,4.0,20.0,41.9,-0.3,57,28.2,309,994.1,99,96,5,85,0.0,0.0,41.7658,-72.6734,2024,3,11,8
2024-03-11 09:00:00,129.0,32.0,97.0,131.5,1.7,56,24.2,298,995.2,99,98,5,54,0.0,2144.28,41.7658,-72.6734,2024,3,11,9
2024-03-11 10:00:00,263.0,111.0,152.0,269.7,3.5,48,37.7,303,994.9,69,46,37,18,0.0,3600.0,41.7658,-72.6734,2024,3,11,10
2024-03-11 11:00:00,402.0,219.0,183.0,398.9,4.3,46,39.6,307,995.6,81,73,44,0,0.0,3600.0,41.7658,-72.6734,2024,3,11,11
2024-03-11 12:00:00,481.0,235.0,246.0,363.5,4.4,46,37.2,303,996.4,76,58,48,12,0.0,3600.0,41.7658,-72.6734,2024,3,11,12
2024-03-11 13:00:00,577.0,293.0,284.0,420.3,4.6,46,34.4,301,997.6,95,90,52,0,0.0,3600.0,41.7658,-72.6734,2024,3,11,13
2024-03-11 14:00:00,507.0,199.0,308.0,285.3,5.0,44,33.8,308,998.1,80,80,0,0,0.0,3600.0,41.7658,-72.6734,2024,3,11,14
2024-03-11 15:00:00,310.0,15.0,295.0,23.1,6.0,39,34.2,312,998.1,57,55,43,0,0.0,0.0,41.7658,-72.6734,2024,3,11,15
2024-03-11 16:00:00,403.0,166.0,237.0,301.0,7.6,34,31.6,313,997.9,1,1,0,0,0.0,3600.0,41.7658,-72.6734,2024,3,11,16
2024-03-11 17:00:00,388.0,304.0,84.0,732.7,7.0,34,26.0,307,998.7,2,2,0,0,0.0,3600.0,41.7658,-72.6734,2024,3,11,17
2024-03-11 18:00:00,213.0,159.0,54.0,642.7,6.1,36,22.3,308,999.6,0,0,0,0,0.0,3600.0,41.7658,-72.6734,2024,3,11,18
2024-03-11 19:00:00,42.0,26.0,16.0,265.8,4.5,40,20.0,309,1000.8,0,0,0,0,0.0,2927.02,41.7658,-72.6734,2024,3,11,19
2024-03-11 20:00:00,0.0,0.0,0.0,0.0,3.8,43,20.1,306,1001.9,7,0,7,0,0.0,0.0,41.7658,-72.6734,2024,3,11,20
2024-03-11 21:00:00,0.0,0.0,0.0,0.0,3.3,43,18.9,305,1003.0,9,0,9,0,0.0,0.0,41.7658,-72.6734,2024,3,11,21
2024-03-11 22:00:00,0.0,0.0,0.0,0.0,2.7,44,17.4,304,1003.4,11,0,11,0,0.0,0.0,41.7658,-72.6734,2024,3,11,22
2024-03-11 23:00:00,0.0,0.0,0.0,0.0,2.5,43,16.6,304,1003.5,41,0,41,0,0.0,0.0,41.7658,-72.6734,2024,3,11,23
2024-03-12 00:00:00,0.0,0.0,0.0,0.0,2.4,43,14.6,303,1003.5,36,0,36,0,0.0,0.0,41.7658,-72.6734,2024,3,12,0
2024-03-12 01:00:00,0.0,0.0,0.0,0.0,2.5,45,13.0,304,1004.0,11,0,11,0,0.0,0.0,41.7658,-72.6734,2024,3,12,1
2024-03-12 02:00:00,0.0,0.0,0.0,0.0,2.5,49,11.3,301,1004.2,15,0,15,0,0.0,0.0,41.7658,-72.6734,2024,3,12,2
2024-03-12 03:00:00,0.0,0.0,0.0,0.0,2.7,52,11.1,299,1003.7,1,0,1,0,0.0,0.0,41.7658,-72.6734,2024,3,12,3
2024-03-12 04:00:00,0.0,0.0,0.0,0.0,2.7,54,11.0,302,1003.3,1,1,1,0,0.0,0.0,41.7658,-72.6734,2024,3,12,4
2024-03-12 05:00:00,0.0,0.0,0.0,0.0,2.8,53,11.3,301,1003.0,0,0,0,0,0.0,0.0,41.7658,-72.6734,2024,3,12,5
2024-03-12 06:00:00,0.0,0.0,0.0,0.0,3.1,52,13.4,290,1003.2,0,0,0,0,0.0,0.0,41.7658,-72.6734,2024,3,12,6
2024-03-12 07:00:00,0.0,0.0,0.0,0.0,2.4,57,7.5,305,1003.8,2,2,0,0,0.0,0.0,41.7658,-72.6734,2024,3,12,7
2024-03-12 08:00:00,41.0,24.0,17.0,244.2,2.8,66,6.2,69,1005.2,0,0,0,0,0.0,2942.02,41.7658,-72.6734,2024,3,12,8
2024-03-12 09:00:00,209.0,155.0,54.0,623.1,5.9,43,5.2,258,1004.9,0,0,0,0,0.0,3600.0,41.7658,-72.6734,2024,3,12,9
2024-03-12 10:00:00,397.0,326.0,71.0,782.0,7.5,42,9.9,289,1004.5,0,0,0,0,0.0,3600.0,41.7658,-72.6734,2024,3,12,10
2024-03-12 11:00:00,561.0,479.0,82.0,864.2,9.2,40,12.4,300,1004.4,0,0,0,0,0.0,3600.0,41.7658,-72.6734,2024,3,12,11
2024-03-12 12:00:00,678.0,590.0,88.0,905.6,10.6,37,14.1,308,1004.1,0,0,0,0,0.0,3600.0,41.7658,-72.6734,2024,3,12,12
2024-03-12 13:00:00,740.0,650.0,90.0,926.0,12.1,36,17.4,310,1003.9,0,0,0,0,0.0,3600.0,41.7658,-72.6734,2024,3,12,13
2024-03-12 14:00:00,740.0,649.0,91.0,924.1,13.1,33,19.6,316,1003.5,0,0,0,0,0.0,3600.0,41.7658,-72.6734,2024,3,12,14
2024-03-12 15:00:00,679.0,592.0,87.0,907.4,13.7,32,19.4,312,1003.2,0,0,0,0,0.0,3600.0,41.7658,-72.6734,2024,3,12,15
2024-03-12 16:00:00,563.0,481.0,82.0,865.5,13.6,32,18.3,306,1003.1,0,0,0,0,0.0,3600.0,41.7658,-72.6734,2024,3,12,16
2024-03-12 17:00:00,400.0,329.0,71.0,785.4,13.4,33,16.3,305,1003.2,0,0,0,0,0.0,3600.0,41.7658,-72.6734,2024,3,12,17
2024-03-12 18:00:00,212.0,158.0,54.0,628.9,12.2,39,10.9,304,1003.6,0,0,0,0,0.0,3600.0,41.7658,-72.6734,2024,3,12,18
2024-03-12 19:00:00,43.0,26.0,17.0,260.7,8.9,48,8.3,304,1004.2,0,0,0,0,0.0,2995.53,41.7658,-72.6734,2024,3,12,19
2024-03-12 20:00:00,0.0,0.0,0.0,0.0,7.2,53,11.0,289,1005.3,0,0,0,0,0.0,0.0,41.7658,-72.6734,2024,3,12,20
2024-03-12 21:00:00,0.0,0.0,0.0,0.0,7.2,49,9.9,303,1005.7,0,0,0,0,0.0,0.0,41.7658,-72.6734,2024,3,12,21
2024-03-12 22:00:00,0.0,0.0,0.0,0.0,6.5,51,9.5,307,1006.2,0,0,0,0,0.0,0.0,41.7658,-72.6734,2024,3,12,22
2024-03-12 23:00:00,0.0,0.0,0.0,0.0,6.1,54,9.4,310,1006.7,0,0,0,0,0.0,0.0,41.7658,-72.6734,2024,3,12,23
2024-03-13 00:00:00,0.0,0.0,0.0,0.0,5.6,57,8.7,318,1007.0,0,0,0,0,0.0,0.0,41.7658,-72.6734,2024,3,13,0
2024-03-13 01:00:00,0.0,0.0,0.0,0.0,4.6,63,6.5,354,1007.4,21,0,0,21,0.0,0.0,41.7658,-72.6734,2024,3,13,1
2024-03-13 02:00:00,0.0,0.0,0.0,0.0,2.5,75,8.2,15,1007.6,18,0,0,18,0.0,0.0,41.7658,-72.6734,2024,3,13,2
2024-03-13 03:00:00,0.0,0.0,0.0,0.0,1.6,79,6.9,332,1007.8,83,0,0,83,0.0,0.0,41.7658,-72.6734,2024,3,13,3
2024-03-13 04:00:00,0.0,0.0,0.0,0.0,0.9,83,6.4,308,1008.1,12,0,0,12,0.0,0.0,41.7658,-72.6734,2024,3,13,4
2024-03-13 05:00:00,0.0,0.0,0.0,0.0,0.1,87,7.2,354,1008.7,32,0,0,32,0.0,0.0,41.7658,-72.6734,2024,3,13,5
2024-03-13 06:00:00,0.0,0.0,0.0,0.0,0.5,84,4.6,51,1009.3,71,0,0,71,0.0,0.0,41.7658,-72.6734,2024,3,13,6
2024-03-13 07:00:00,0.0,0.0,0.0,0.0,-0.4,89,5.5,32,1009.8,100,0,9,100,0.0,0.0,41.7658,-72.6734,2024,3,13,7
2024-03-13 08:00:00,31.0,5.0,26.0,49.5,0.8,86,5.0,360,1010.1,26,0,18,20,0.0,30.56,41.7658,-72.6734,2024,3,13,8
2024-03-13 09:00:00,153.0,49.0,104.0,192.8,4.5,69,3.0,14,1010.3,100,0,14,100,0.0,3600.0,41.7658,-72.6734,2024,3,13,9
2024-03-13 10:00:00,374.0,272.0,102.0,644.2,7.8,57,3.7,29,1010.5,7,0,0,7,0.0,3600.0,41.7658,-72.6734,2024,3,13,10
2024-03-13 11:00:00,552.0,467.0,85.0,834.7,10.8,47,1.9,68,1010.4,0,0,0,0,0.0,3600.0,41.7658,-72.6734,2024,3,13,11
2024-03-13 12:00:00,669.0,579.0,90.0,881.9,13.3,42,3.4,162,1009.8,0,0,0,0,0.0,3600.0,41.7658,-72.6734,2024,3,13,12
2024-03-13 13:00:00,729.0,636.0,93.0,899.8,15.2,40,7.4,194,1009.1,0,0,0,0,0.0,3600.0,41.7658,-72.6734,2024,3,13,13
2024-03-13 14:00:00,727.0,635.0,92.0,898.3,16.7,39,10.2,190,1008.2,0,0,0,0,0.0,3600.0,41.7658,-72.6734,2024,3,13,14
2024-03-13 15:00:00,663.0,573.0,90.0,872.4,16.6,38,15.5,184,1007.8,1,0,1,0,0.0,3600.0,41.7658,-72.6734,2024,3,13,15
2024-03-13 16:00:00,547.0,462.0,85.0,825.1,15.5,40,17.4,186,1007.8,14,0,3,12,0.0,3600.0,41.7658,-72.6734,2024,3,13,16
2024-03-13 17:00:00,378.0,298.0,80.0,704.6,14.0,44,17.3,184,1007.9,21,0,21,0,0.0,3600.0,41.7658,-72.6734,2024,3,13,17
2024-03-13 18:00:00,192.0,131.0,61.0,513.5,11.8,49,14.6,171,1008.3,4,0,3,0,0.0,3600.0,41.7658,-72.6734,2024,3,13,18
2024-03-13 19:00:00,41.0,23.0,18.0,226.2,9.1,57,11.3,171,1008.8,16,0,1,14,0.0,3063.76,41.7658,-72.6734,2024,3,13,19
2024-03-13 20:00:00,0.0,0.0,0.0,0.0,7.2,63,10.5,172,1009.7,32,0,2,30,0.0,0.0,41.7658,-72.6734,2024,3,13,20
2024-03-13 21:00:00,0.0,0.0,0.0,0.0,6.4,66,8.0,170,1010.5,18,0,13,5,0.0,0.0,41.7658,-72.6734,2024,3,13,21
2024-03-13 22:00:00,0.0,0.0,0.0,0.0,5.4,70,7.9,164,1010.9,42,0,2,41,0.0,0.0,41.7658,-72.6734,2024,3,13,22
2024-03-13 23:00:00,0.0,0.0,0.0,0.0,4.6,75,6.8,177,1011.1,43,0,28,22,0.0,0.0,41.7658,-72.6734,2024,3,13,23
2024-03-14 00:00:00,0.0,0.0,0.0,0.0,4.4,80,9.2,154,1011.1,55,0,2,54,0.2,0.0,41.7658,-72.6734,2024,3,14,0
2024-03-14 01:00:00,0.0,0.0,0.0,0.0,3.9,84,7.4,157,1010.7,9,0,9,0,0.0,0.0,41.7658,-72.6734,2024,3,14,1
2024-03-14 02:00:00,0.0,0.0,0.0,0.0,3.1,89,8.0,162,1010.8,0,0,0,0,0.0,0.0,41.7658,-72.6734,2024,3,14,2
2024-03-14 03:00:00,0.0,0.0,0.0,0.0,3.2,87,5.6,165,1010.9,25,0,0,25,0.0,0.0,41.7658,-72.6734,2024,3,14,3
2024-03-14 04:00:00,0.0,0.0,0.0,0.0,1.7,94,7.0,145,1010.7,66,0,0,66,0.0,0.0,41.7658,-72.6734,2024,3,14,4
2024-03-14 05:00:00,0.0,0.0,0.0,0.0,1.8,93,6.5,146,1010.8,71,0,0,71,0.0,0.0,41.7658,-72.6734,2024,3,14,5
2024-03-14 06:00:00,0.0,0.0,0.0,0.0,2.8,91,1.5,135,1011.5,64,0,0,64,0.0,0.0,41.7658,-72.6734,2024,3,14,6
2024-03-14 07:00:00,0.0,0.0,0.0,0.0,2.3,94,1.5,104,1012.2,92,0,0,92,0.0,0.0,41.7658,-72.6734,2024,3,14,7
2024-03-14 08:00:00,43.0,21.0,22.0,202.4,2.4,95,1.5,256,1012.9,98,0,0,98,0.0,3140.09,41.7658,-72.6734,2024,3,14,8
2024-03-14 09:00:00,213.0,150.0,63.0,578.0,5.8,83,0.7,180,1013.2,100,0,0,100,0.0,3600.0,41.7658,-72.6734,2024,3,14,9
2024-03-14 10:00:00,378.0,263.0,115.0,615.1,9.9,71,0.7,90,1013.4,92,0,0,92,0.0,3600.0,41.7658,-72.6734,2024,3,14,10
2024-03-14 11:00:00,558.0,456.0,102.0,807.5,13.6,58,1.8,53,1013.3,28,0,1,28,0.0,3600.0,41.7658,-72.6734,2024,3,14,11
2024-03-14 12:00:00,680.0,586.0,94.0,885.7,16.1,52,1.8,37,1013.0,69,0,0,69,0.0,3600.0,41.7658,-72.6734,2024,3,14,12
2024-03-14 13:00:00,738.0,642.0,96.0,902.1,18.1,46,2.7,337,1012.7,48,0,0,48,0.0,3600.0,41.7658,-72.6734,2024,3,14,13
2024-03-14 14:00:00,736.0,642.0,94.0,902.3,19.5,36,4.9,306,1012.3,16,0,0,16,0.0,3600.0,41.7658,-72.6734,2024,3,14,14
2024-03-14 15:00:00,675.0,585.0,90.0,884.7,20.1,30,6.5,289,1011.7,9,0,0,9,0.0,3600.0,41.7658,-72.6734,2024,3,14,15
2024-03-14 16:00:00,561.0,479.0,82.0,849.1,20.0,28,7.6,289,1011.4,8,0,0,8,0.0,3600.0,41.7658,-72.6734,2024,3,14,16
2024-03-14 17:00:00,399.0,326.0,73.0,763.7,19.1,31,7.3,290,1011.5,20,0,0,20,0.0,3600.0,41.7658,-72.6734,2024,3,14,17
2024-03-14 18:00:00,214.0,159.0,55.0,614.1,16.8,46,6.0,295,1011.9,27,0,15,17,0.0,3600.0,41.7658,-72.6734,2024,3,14,18
2024-03-14 19:00:00,44.0,25.0,19.0,241.4,12.5,64,10.7,315,1011.7,55,0,55,0,0.0,3131.8,41.7658,-72.6734,2024,3,14,19
2024-03-14 20:00:00,0.0,0.0,0.0,0.0,13.6,48,1.5,135,1011.7,72,0,59,31,0.0,0.0,41.7658,-72.6734,2024,3,14,20
2024-03-14 21:00:00,0.0,0.0,0.0,0.0,10.1,65,8.4,173,1011.6,100,3,100,68,0.0,0.0,41.7658,-72.6734,2024,3,14,21
2024-03-14 22:00:00,0.0,0.0,0.0,0.0,10.3,70,9.0,180,1011.2,100,4,6,100,0.0,0.0,41.7658,-72.6734,2024,3,14,22
2024-03-14 23:00:00,0.0,0.0,0.0,0.0,9.2,77,6.9,171,1010.4,91,1,37,86,0.0,0.0,41.7658,-72.6734,2024,3,14,23
2024-03-15 00:00:00,0.0,0.0,0.0,0.0,8.4,77,8.4,133,1009.9,100,0,100,96,0.0,0.0,41.7658,-72.6734,2024,3,15,0
2024-03-15 01:00:00,0.0,0.0,0.0,0.0,8.5,76,6.6,139,1009.0,100,0,100,100,0.0,0.0,41.7658,-72.6734,2024,3,15,1
2024-03-15 02:00:00,0.0,0.0,0.0,0.0,8.4,76,8.2,151,1008.1,100,0,100,100,0.0,0.0,41.7658,-72.6734,2024,3,15,2
2024-03-15 03:00:00,0.0,0.0,0.0,0.0,8.6,73,11.3,158,1006.2,100,0,100,100,0.0,0.0,41.7658,-72.6734,2024,3,15,3
2024-03-15 04:00:00,0.0,0.0,0.0,0.0,8.5,74,7.9,183,1005.4,100,0,95,100,0.0,0.0,41.7658,-72.6734,2024,3,15,4
2024-03-15 05:00:00,0.0,0.0,0.0,0.0,8.1,79,4.7,351,1004.9,100,0,80,100,0.7,0.0,41.7658,-72.6734,2024,3,15,5
2024-03-15 06:00:00,0.0,0.0,0.0,0.0,7.3,88,3.6,96,1003.6,100,2,4,100,0.0,0.0,41.7658,-72.6734,2024,3,15,6
2024-03-15 07:00:00,0.0,0.0,0.0,0.0,6.8,86,3.4,148,1003.3,99,2,13,99,0.0,0.0,41.7658,-72.6734,2024,3,15,7
2024-03-15 08:00:00,39.0,10.0,29.0,93.9,6.9,89,1.8,143,1002.8,100,1,5,100,0.0,1477.87,41.7658,-72.6734,2024,3,15,8
2024-03-15 09:00:00,74.0,11.0,63.0,41.5,8.4,91,6.9,332,1002.0,100,0,6,100,0.0,0.0,41.7658,-72.6734,2024,3,15,9
2024-03-15 10:00:00,322.0,177.0,145.0,408.9,10.4,77,8.7,355,1001.9,99,0,1,99,0.0,3600.0,41.7658,-72.6734,2024,3,15,10
2024-03-15 11:00:00,496.0,345.0,151.0,605.4,13.0,67,11.2,6,1001.5,100,1,25,100,0.0,3600.0,41.7658,-72.6734,2024,3,15,11
2024-03-15 12:00:00,553.0,371.0,182.0,556.5,14.9,62,10.9,6,1000.9,100,62,50,100,0.0,3600.0,41.7658,-72.6734,2024,3,15,12
2024-03-15 13:00:00,373.0,166.0,207.0,231.7,15.3,62,11.4,13,1000.9,100,51,100,100,0.0,3600.0,41.7658,-72.6734,2024,3,15,13
2024-03-15 14:00:00,250.0,52.0,198.0,72.6,13.9,66,16.0,23,1000.8,99,48,18,99,0.0,378.28,41.7658,-72.6734,2024,3,15,14
2024-03-15 15:00:00,419.0,227.0,192.0,341.1,12.9,69,16.5,16,1001.3,100,87,18,97,0.0,3600.0,41.7658,-72.6734,2024,3,15,15
2024-03-15 16:00:00,250.0,88.0,162.0,154.9,12.8,66,16.6,22,1001.6,99,44,3,98,0.0,2845.67,41.7658,-72.6734,2024,3,15,16
2024-03-15 17:00:00,257.0,118.0,139.0,273.9,11.1,69,19.8,19,1002.3,100,100,1,99,0.0,3600.0,41.7658,-72.6734,2024,3,15,17
2024-03-15 18:00:00,92.0,15.0,77.0,57.1,9.3,72,16.6,24,1002.9,97,76,0,88,0.0,0.0,41.7658,-72.6734,2024,3,15,18
2024-03-15 19:00:00,29.0,7.0,22.0,66.4,8.3,73,14.3,12,1004.0,97,92,0,68,0.0,567.7,41.7658,-72.6734,2024,3,15,19
2024-03-15 20:00:00,0.0,0.0,0.0,0.0,7.8,73,13.8,15,1004.6,96,6,1,96,0.0,0.0,41.7658,-72.6734,2024,3,15,20
2024-03-15 21:00:00,0.0,0.0,0.0,0.0,6.5,79,11.1,13,1005.0,49,3,0,48,0.0,0.0,41.7658,-72.6734,2024,3,15,21
2024-03-15 22:00:00,0.0,0.0,0.0,0.0,5.5,82,10.2,10,1005.3,17,0,16,0,0.0,0.0,41.7658,-72.6734,2024,3,15,22
2024-03-15 23:00:00,0.0,0.0,0.0,0.0,4.2,88,7.6,19,1004.9,49,0,49,0,0.0,0.0,41.7658,-72.6734,2024,3,15,23
2024-03-16 00:00:00,0.0,0.0,0.0,0.0,3.5,93,4.0,10,1005.0,99,0,99,6,0.0,0.0,41.7658,-72.6734,2024,3,16,0
2024-03-16 01:00:00,0.0,0.0,0.0,0.0,3.2,93,4.7,337,1005.3,0,0,0,0,0.0,0.0,41.7658,-72.6734,2024,3,16,1
2024-03-16 02:00:00,0.0,0.0,0.0,0.0,3.1,94,2.9,270,1005.6,0,0,0,0,0.0,0.0,41.7658,-72.6734,2024,3,16,2
2024-03-16 03:00:00,0.0,0.0,0.0,0.0,2.6,97,1.4,180,1005.6,0,0,0,0,0.0,0.0,41.7658,-72.6734,2024,3,16,3
2024-03-16 04:00:00,0.0,0.0,0.0,0.0,1.3,100,3.0,194,1005.5,97,97,0,0,0.0,0.0,41.7658,-72.6734,2024,3,16,4
2024-03-16 05:00:00,0.0,0.0,0.0,0.0,1.1,100,3.6,217,1005.6,98,98,0,0,0.0,0.0,41.7658,-72.6734,2024,3,16,5
2024-03-16 06:00:00,0.0,0.0,0.0,0.0,0.9,100,4.1,225,1006.0,75,75,0,0,0.0,0.0,41.7658,-72.6734,2024,3,16,6
2024-03-16 07:00:00,0.0,0.0,0.0,0.0,0.7,99,3.4,212,1006.2,44,44,0,0,0.0,0.0,41.7658,-72.6734,2024,3,16,7
2024-03-16 08:00:00,49.0,25.0,24.0,228.8,2.2,94,4.0,207,1006.6,29,29,1,0,0.0,3341.78,41.7658,-72.6734,2024,3,16,8
2024-03-16 09:00:00,216.0,150.0,66.0,554.7,6.5,78,3.1,216,1006.7,8,8,1,0,0.0,3600.0,41.7658,-72.6734,2024,3,16,9
2024-03-16 10:00:00,405.0,321.0,84.0,732.4,8.8,68,2.3,219,1006.6,2,2,1,0,0.0,3600.0,41.7658,-72.6734,2024,3,16,10
2024-03-16 11:00:00,568.0,475.0,93.0,825.9,11.0,59,5.0,270,1006.5,23,23,0,0,0.0,3600.0,41.7658,-72.6734,2024,3,16,11
2024-03-16 12:00:00,585.0,446.0,139.0,664.0,12.4,48,9.4,263,1005.9,100,100,100,0,0.1,3600.0,41.7658,-72.6734,2024,3,16,12
2024-03-16 13:00:00,332.0,101.0,231.0,140.0,12.3,47,11.0,238,1005.1,74,42,66,0,0.0,2400.41,41.7658,-72.6734,2024,3,16,13
2024-03-16 14:00:00,545.0,323.0,222.0,448.1,13.6,42,13.9,233,1004.2,73,13,72,5,0.0,3600.0,41.7658,-72.6734,2024,3,16,14
2024-03-16 15:00:00,424.0,188.0,236.0,280.6,13.6,40,15.5,228,1003.4,99,1,98,37,0.0,3600.0,41.7658,-72.6734,2024,3,16,15
2024-03-16 16:00:00,380.0,190.0,190.0,331.9,13.8,39,13.8,223,1002.5,77,0,77,0,0.0,3600.0,41.7658,-72.6734,2024,3,16,16
2024-03-16 17:00:00,290.0,160.0,130.0,368.0,13.5,39,14.8,221,1002.3,93,0,93,0,0.0,3600.0,41.7658,-72.6734,2024,3,16,17
2024-03-16 18:00:00,108.0,22.0,86.0,82.6,11.9,49,14.4,176,1002.4,55,0,55,0,0.0,676.58,41.7658,-72.6734,2024,3,16,18
2024-03-16 19:00:00,35.0,13.0,22.0,121.1,9.7,59,18.4,184,1002.9,42,0,42,0,0.0,2389.46,41.7658,-72.6734,2024,3,16,19
2024-03-16 20:00:00,0.0,0.0,0.0,0.0,8.9,67,15.1,192,1003.5,92,0,92,0,0.0,0.0,41.7658,-72.6734,2024,3,16,20
2024-03-16 21:00:00,0.0,0.0,0.0,0.0,7.7,76,15.5,185,1003.1,0,0,0,0,0.0,0.0,41.7658,-72.6734,2024,3,16,21
2024-03-16 22:00:00,0.0,0.0,0.0,0.0,6.4,83,14.1,183,1002.8,0,0,0,0,0.0,0.0,41.7658,-72.6734,2024,3,16,22
2024-03-16 23:00:00,0.0,0.0,0.0,0.0,5.5,88,12.2,182,1002.4,26,0,0,26,0.0,0.0,41.7658,-72.6734,2024,3,16,23
2024-03-17 00:00:00,0.0,0.0,0.0,0.0,4.8,91,10.8,180,1001.5,29,0,1,29,0.0,0.0,41.7658,-72.6734,2024,3,17,0
2024-03-17 01:00:00,0.0,0.0,0.0,0.0,4.2,93,11.9,182,1001.0,18,0,6,13,0.0,0.0,41.7658,-72.6734,2024,3,17,1
2024-03-17 02:00:00,0.0,0.0,0.0,0.0,4.0,92,10.4,180,1000.6,99,0,96,90,0.0,0.0,41.7658,-72.6734,2024,3,17,2
2024-03-17 03:00:00,0.0,0.0,0.0,0.0,5.7,82,12.3,185,999.9,100,0,100,100,0.0,0.0,41.7658,-72.6734,2024,3,17,3
2024-03-17 04:00:00,0.0,0.0,0.0,0.0,6.8,79,12.6,180,998.4,100,0,100,100,0.0,0.0,41.7658,-72.6734,2024,3,17,4
2024-03-17 05:00:00,0.0,0.0,0.0,0.0,7.2,80,14.1,183,997.3,100,0,99,100,0.0,0.0,41.7658,-72.6734,2024,3,17,5
2024-03-17 06:00:00,0.0,0.0,0.0,0.0,6.6,88,14.7,191,997.4,100,29,99,60,2.0,0.0,41.7658,-72.6734,2024,3,17,6
2024-03-17 07:00:00,0.0,0.0,0.0,0.0,6.3,95,14.4,184,997.1,100,11,100,0,0.1,0.0,41.7658,-72.6734,2024,3,17,7
2024-03-17 08:00:00,17.0,0.0,17.0,0.0,6.7,96,11.9,194,997.4,75,6,75,0,0.7,0.0,41.7658,-72.6734,2024,3,17,8
2024-03-17 09:00:00,192.0,114.0,78.0,413.2,9.1,87,10.6,198,997.2,98,0,98,0,0.0,3600.0,41.7658,-72.6734,2024,3,17,9
2024-03-17 10:00:00,162.0,11.0,151.0,24.8,9.8,82,10.0,195,996.6,19,0,19,0,0.0,0.0,41.7658,-72.6734,2024,3,17,10
2024-03-17 11:00:00,535.0,418.0,117.0,720.2,12.7,58,18.2,240,996.1,33,9,30,0,0.1,3600.0,41.7658,-72.6734,2024,3,17,11
2024-03-17 12:00:00,591.0,455.0,136.0,672.3,13.4,46,22.0,260,996.0,22,1,22,0,0.0,3600.0,41.7658,-72.6734,2024,3,17,12
2024-03-17 13:00:00,644.0,492.0,152.0,677.5,14.1,40,22.3,256,995.6,9,1,9,0,0.0,3600.0,41.7658,-72.6734,2024,3,17,13
2024-03-17 14:00:00,693.0,564.0,129.0,777.6,14.7,35,22.4,265,995.4,21,0,21,0,0.0,3600.0,41.7658,-72.6734,2024,3,17,14
2024-03-17 15:00:00,584.0,425.0,159.0,630.3,14.2,36,22.3,272,995.3,15,0,15,0,0.0,3600.0,41.7658,-72.6734,2024,3,17,15
2024-03-17 16:00:00,517.0,383.0,134.0,664.4,13.9,34,22.4,266,995.5,45,0,45,0,0.0,3600.0,41.7658,-72.6734,2024,3,17,16
2024-03-17 17:00:00,338.0,234.0,104.0,533.4,12.9,36,18.5,278,995.9,17,0,17,0,0.0,3600.0,41.7658,-72.6734,2024,3,17,17
2024-03-17 18:00:00,188.0,103.0,85.0,381.1,11.8,38,13.4,284,996.6,1,0,1,0,0.0,3600.0,41.7658,-72.6734,2024,3,17,18
2024-03-17 19:00:00,53.0,32.0,21.0,293.0,9.3,46,8.6,303,997.4,1,0,1,0,0.0,3334.79,41.7658,-72.6734,2024,3,17,19
2024-03-17 20:00:00,0.0,0.0,0.0,0.0,7.2,52,8.7,336,998.3,0,0,0,0,0.0,0.0,41.7658,-72.6734,2024,3,17,20
2024-03-17 21:00:00,0.0,0.0,0.0,0.0,6.3,57,10.5,356,999.8,17,0,2,15,0.0,0.0,41.7658,-72.6734,2024,3,17,21
2024-03-17 22:00:00,0.0,0.0,0.0,0.0,5.1,62,9.8,6,1000.3,39,0,0,39,0.0,0.0,41.7658,-72.6734,2024,3,17,22
2024-03-17 23:00:00,0.0,0.0,0.0,0.0,4.2,67,7.3,340,1000.7,100,0,0,100,0.0,0.0,41.7658,-72.6734,2024,3,17,23
2024-03-18 00:00:00,0.0,0.0,0.0,0.0,3.0,77,6.8,295,1001.1,0,0,0,0,0.0,0.0,41.7658,-72.6734,2024,3,18,0
2024-03-18 01:00:00,0.0,0.0,0.0,0.0,2.0,79,6.8,295,1001.1,99,0,99,0,0.0,0.0,41.7658,-72.6734,2024,3,18,1
2024-03-18 02:00:00,0.0,0.0,0.0,0.0,3.2,72,4.0,265,1001.5,100,0,100,0,0.0,0.0,41.7658,-72.6734,2024,3,18,2
2024-03-18 03:00:00,0.0,0.0,0.0,0.0,3.4,70,4.8,283,1001.3,100,0,100,0,0.0,0.0,41.7658,-72.6734,2024,3,18,3
2024-03-18 04:00:00,0.0,0.0,0.0,0.0,3.4,71,4.6,288,1001.2,100,0,100,0,0.0,0.0,41.7658,-72.6734,2024,3,18,4
2024-03-18 05:00:00,0.0,0.0,0.0,0.0,3.3,75,3.6,264,1000.9,100,0,100,0,0.0,0.0,41.7658,-72.6734,2024,3,18,5
2024-03-18 06:00:00,0.0,0.0,0.0,0.0,3.4,74,3.6,217,1001.2,100,0,100,0,0.0,0.0,41.7658,-72.6734,2024,3,18,6
2024-03-18 07:00:00,0.0,0.0,0.0,0.0,3.5,74,7.2,243,1001.3,2,0,1,1,0.0,0.0,41.7658,-72.6734,2024,3,18,7
2024-03-18 08:00:00,56.0,34.0,22.0,296.0,3.5,70,12.0,277,1001.9,14,0,0,14,0.0,3546.39,41.7658,-72.6734,2024,3,18,8
2024-03-18 09:00:00,235.0,168.0,67.0,597.0,5.6,58,12.7,299,1001.9,63,4,20,52,0.1,3600.0,41.7658,-72.6734,2024,3,18,9
2024-03-18 10:00:00,406.0,307.0,99.0,683.6,6.6,48,15.1,295,1001.6,22,13,12,0,0.0,3600.0,41.7658,-72.6734,2024,3,18,10
2024-03-18 11:00:00,556.0,433.0,123.0,739.4,7.4,42,15.6,299,1001.4,12,11,6,0,0.0,3600.0,41.7658,-72.6734,2024,3,18,11
2024-03-18 12:00:00,695.0,579.0,116.0,849.2,8.1,37,17.6,296,1001.2,51,21,47,0,0.0,3600.0,41.7658,-72.6734,2024,3,18,12
2024-03-18 13:00:00,624.0,416.0,208.0,569.1,8.4,36,16.8,293,1000.2,80,0,80,0,0.0,3600.0,41.7658,-72.6734,2024,3,18,13
2024-03-18 14:00:00,642.0,418.0,224.0,572.7,8.8,34,16.0,293,999.7,59,0,59,0,0.0,3600.0,41.7658,-72.6734,2024,3,18,14
2024-03-18 15:00:00,584.0,388.0,196.0,571.8,9.0,32,15.7,290,999.1,88,0,87,1,0.0,3600.0,41.7658,-72.6734,2024,3,18,15
2024-03-18 16:00:00,424.0,188.0,236.0,323.8,8.8,32,15.8,291,998.6,70,0,69,2,0.0,3600.0,41.7658,-72.6734,2024,3,18,16
2024-03-18 17:00:00,352.0,221.0,131.0,499.3,8.4,33,15.5,295,998.3,69,0,69,0,0.0,3600.0,41.7658,-72.6734,2024,3,18,17
2024-03-18 18:00:00,204.0,112.0,92.0,408.7,7.4,34,14.3,298,998.5,72,0,72,0,0.0,3600.0,41.7658,-72.6734,2024,3,18,18
2024-03-18 19:00:00,50.0,25.0,25.0,225.1,5.4,42,11.7,315,999.4,72,0,72,2,0.0,3402.1,41.7658,-72.6734,2024,3,18,19
2024-03-18 20:00:00,0.0,0.0,0.0,0.0,4.0,47,12.7,317,1000.3,40,8,40,0,0.0,0.0,41.7658,-72.6734,2024,3,18,20
2024-03-18 21:00:00,0.0,0.0,0.0,0.0,2.9,50,12.8,320,1001.3,0,0,0,0,0.0,0.0,41.7658,-72.6734,2024,3,18,21
2024-03-18 22:00:00,0.0,0.0,0.0,0.0,1.9,54,10.5,311,1001.4,52,0,52,0,0.0,0.0,41.7658,-72.6734,2024,3,18,22
2024-03-18 23:00:00,0.0,0.0,0.0,0.0,1.2,57,9.6,290,1001.1,83,1,83,0,0.0,0.0,41.7658,-72.6734,2024,3,18,23
2024-03-19 00:00:00,0.0,0.0,0.0,0.0,1.4,56,9.8,276,1000.9,99,11,98,0,0.0,0.0,41.7658,-72.6734,2024,3,19,0
2024-03-19 01:00:00,0.0,0.0,0.0,0.0,1.6,56,9.0,272,1000.9,77,6,76,0,0.0,0.0,41.7658,-72.6734,2024,3,19,1
2024-03-19 02:00:00,0.0,0.0,0.0,0.0,0.9,62,7.1,255,1001.2,85,5,85,0,0.0,0.0,41.7658,-72.6734,2024,3,19,2
2024-03-19 03:00:00,0.0,0.0,0.0,0.0,0.4,65,7.7,242,1000.7,35,1,35,0,0.0,0.0,41.7658,-72.6734,2024,3,19,3
2024-03-19 04:00:00,0.0,0.0,0.0,0.0,-0.2,70,6.6,257,1000.5,17,3,14,0,0.0,0.0,41.7658,-72.6734,2024,3,19,4
2024-03-19 05:00:00,0.0,0.0,0.0,0.0,-0.5,72,5.8,270,1000.3,14,11,4,0,0.0,0.0,41.7658,-72.6734,2024,3,19,5
2024-03-19 06:00:00,0.0,0.0,0.0,0.0,-0.5,72,6.5,273,1000.4,15,13,3,0,0.0,0.0,41.7658,-72.6734,2024,3,19,6
2024-03-19 07:00:00,0.0,0.0,0.0,0.0,-0.4,72,9.6,290,1000.8,19,5,16,0,0.0,0.0,41.7658,-72.6734,2024,3,19,7
2024-03-19 08:00:00,61.0,33.0,28.0,280.4,0.8,65,13.5,304,1001.8,5,3,2,0,0.0,3600.0,41.7658,-72.6734,2024,3,19,8
2024-03-19 09:00:00,246.0,182.0,64.0,634.3,2.0,49,19.8,303,1002.3,7,7,0,0,0.0,3600.0,41.7658,-72.6734,2024,3,19,9
2024-03-19 10:00:00,435.0,348.0,87.0,765.7,2.8,43,17.6,301,1002.5,5,0,0,4,0.0,3600.0,41.7658,-72.6734,2024,3,19,10
2024-03-19 11:00:00,608.0,520.0,88.0,880.1,4.0,40,18.8,296,1002.5,11,0,7,9,0.0,3600.0,41.7658,-72.6734,2024,3,19,11
2024-03-19 12:00:00,727.0,636.0,91.0,926.0,5.6,34,21.9,311,1002.2,14,2,10,7,0.0,3600.0,41.7658,-72.6734,2024,3,19,12
2024-03-19 13:00:00,759.0,633.0,126.0,860.4,6.5,30,21.6,303,1001.8,51,0,49,4,0.0,3600.0,41.7658,-72.6734,2024,3,19,13
2024-03-19 14:00:00,763.0,615.0,148.0,837.4,6.9,32,20.5,292,1001.3,65,0,63,8,0.0,3600.0,41.7658,-72.6734,2024,3,19,14
2024-03-19 15:00:00,592.0,386.0,206.0,565.3,6.7,33,19.2,278,1000.6,82,3,46,67,0.0,3600.0,41.7658,-72.6734,2024,3,19,15
2024-03-19 16:00:00,489.0,312.0,177.0,533.7,6.4,34,18.2,279,1000.4,96,3,90,75,0.0,3600.0,41.7658,-72.6734,2024,3,19,16
2024-03-19 17:00:00,239.0,79.0,160.0,177.0,5.5,37,16.8,260,1000.5,100,26,100,85,0.0,3508.69,41.7658,-72.6734,2024,3,19,17
2024-03-19 18:00:00,100.0,9.0,91.0,32.4,4.9,39,15.5,257,1000.7,100,41,80,100,0.0,0.0,41.7658,-72.6734,2024,3,19,18
2024-03-19 19:00:00,30.0,5.0,25.0,44.3,4.0,44,9.7,228,1000.9,100,0,76,100,0.0,0.0,41.7658,-72.6734,2024,3,19,19
2024-03-19 20:00:00,0.0,0.0,0.0,0.0,3.7,46,10.3,216,1001.2,100,20,98,100,0.0,0.0,41.7658,-72.6734,2024,3,19,20
2024-03-19 21:00:00,0.0,0.0,0.0,0.0,3.3,50,8.2,203,1001.7,100,2,94,99,0.0,0.0,41.7658,-72.6734,2024,3,19,21
2024-03-19 22:00:00,0.0,0.0,0.0,0.0,2.8,53,8.9,212,1002.2,100,23,100,100,0.0,0.0,41.7658,-72.6734,2024,3,19,22
2024-03-19 23:00:00,0.0,0.0,0.0,0.0,2.6,54,11.7,225,1002.5,100,15,95,95,0.0,0.0,41.7658,-72.6734,2024,3,19,23
2024-03-20 00:00:00,0.0,0.0,0.0,0.0,2.3,63,10.5,221,1002.2,80,4,79,0,0.0,0.0,41.7658,-72.6734,2024,3,20,0
2024-03-20 01:00:00,0.0,0.0,0.0,0.0,1.2,71,9.7,207,1002.0,26,0,26,0,0.0,0.0,41.7658,-72.6734,2024,3,20,1
2024-03-20 02:00:00,0.0,0.0,0.0,0.0,0.4,78,10.7,200,1002.0,100,8,100,0,0.0,0.0,41.7658,-72.6734,2024,3,20,2
2024-03-20 03:00:00,0.0,0.0,0.0,0.0,1.3,78,9.8,197,1001.5,100,27,100,0,0.0,0.0,41.7658,-72.6734,2024,3,20,3
2024-03-20 04:00:00,0.0,0.0,0.0,0.0,1.8,77,10.4,182,1001.0,93,18,93,0,0.0,0.0,41.7658,-72.6734,2024,3,20,4
2024-03-20 05:00:00,0.0,0.0,0.0,0.0,0.9,85,8.3,185,1000.6,100,28,100,0,0.0,0.0,41.7658,-72.6734,2024,3,20,5
2024-03-20 06:00:00,0.0,0.0,0.0,0.0,1.6,84,5.6,207,1000.5,100,17,100,0,0.0,0.0,41.7658,-72.6734,2024,3,20,6
2024-03-20 07:00:00,0.0,0.0,0.0,0.0,1.7,85,4.8,257,1000.5,100,78,100,0,0.0,0.0,41.7658,-72.6734,2024,3,20,7
2024-03-20 08:00:00,20.0,0.0,20.0,0.0,2.3,84,4.8,243,1000.6,100,97,100,0,0.0,0.0,41.7658,-72.6734,2024,3,20,8
2024-03-20 09:00:00,191.0,104.0,87.0,355.6,5.1,75,5.4,250,1000.5,11,7,9,0,0.0,3600.0,41.7658,-72.6734,2024,3,20,9
2024-03-20 10:00:00,401.0,293.0,108.0,637.1,7.7,57,9.2,231,1000.1,24,0,24,0,0.0,3600.0,41.7658,-72.6734,2024,3,20,10
2024-03-20 11:00:00,593.0,487.0,106.0,817.0,9.6,43,19.8,245,999.7,79,19,79,0,0.0,3600.0,41.7658,-72.6734,2024,3,20,11
2024-03-20 12:00:00,609.0,379.0,230.0,547.9,10.3,38,21.1,240,999.6,100,2,100,0,0.0,3600.0,41.7658,-72.6734,2024,3,20,12
2024-03-20 13:00:00,313.0,44.0,269.0,59.4,8.8,42,14.4,238,998.9,100,0,100,0,0.3,0.0,41.7658,-72.6734,2024,3,20,13
2024-03-20 14:00:00,478.0,191.0,287.0,258.5,9.5,44,15.4,217,997.9,100,23,100,0,0.5,3600.0,41.7658,-72.6734,2024,3,20,14
2024-03-20 15:00:00,96.0,0.0,96.0,0.0,6.6,72,7.2,233,997.7,98,40,98,0,1.3,0.0,41.7658,-72.6734,2024,3,20,15
2024-03-20 16:00:00,322.0,83.0,239.0,141.0,7.0,75,5.9,284,997.2,100,93,100,0,1.6,2430.17,41.7658,-72.6734,2024,3,20,16
2024-03-20 17:00:00,152.0,3.0,149.0,6.7,6.4,79,3.5,24,996.2,99,84,96,0,0.6,0.0,41.7658,-72.6734,2024,3,20,17
2024-03-20 18:00:00,102.0,11.0,91.0,39.1,5.5,88,1.8,349,996.3,100,24,100,2,1.7,0.0,41.7658,-72.6734,2024,3,20,18
2024-03-20 19:00:00,16.0,0.0,16.0,0.0,5.3,91,5.8,173,996.2,100,0,100,0,0.2,0.0,41.7658,-72.6734,2024,3,20,19
2024-03-20 20:00:00,0.0,0.0,0.0,0.0,3.9,92,22.9,303,998.2,100,58,99,0,1.1,0.0,41.7658,-72.6734,2024,3,20,20
2024-03-20 21:00:00,0.0,0.0,0.0,0.0,1.2,74,17.0,306,1002.7,38,0,38,0,0.1,0.0,41.7658,-72.6734,2024,3,20,21
2024-03-20 22:00:00,0.0,0.0,0.0,0.0,0.5,65,17.5,302,1003.7,6,1,4,0,0.0,0.0,41.7658,-72.6734,2024,3,20,22
2024-03-20 23:00:00,0.0,0.0,0.0,0.0,-0.2,55,19.5,293,1004.4,0,0,0,0,0.0,0.0,41.7658,-72.6734,2024,3,20,23
2024-03-21 00:00:00,0.0,0.0,0.0,0.0,-0.9,52,15.8,282,1005.1,0,0,0,0,0.0,0.0,41.7658,-72.6734,2024,3,21,0
2024-03-21 01:00:00,0.0,0.0,0.0,0.0,-1.6,50,14.1,274,1005.7,0,0,0,0,0.0,0.0,41.7658,-72.6734,2024,3,21,1
2024-03-21 02:00:00,0.0,0.0,0.0,0.0,-2.4,48,13.7,275,1006.0,0,0,0,0,0.0,0.0,41.7658,-72.6734,2024,3,21,2
2024-03-21 03:00:00,0.0,0.0,0.0,0.0,-2.8,48,14.0,270,1006.5,2,2,0,0,0.0,0.0,41.7658,-72.6734,2024,3,21,3
2024-03-21 04:00:00,0.0,0.0,0.0,0.0,-3.2,50,13.7,270,1007.2,0,0,0,0,0.0,0.0,41.7658,-72.6734,2024,3,21,4
2024-03-21 05:00:00,0.0,0.0,0.0,0.0,-3.6,53,11.9,267,1008.1,0,0,0,0,0.0,0.0,41.7658,-72.6734,2024,3,21,5
2024-03-21 06:00:00,0.0,0.0,0.0,0.0,-3.9,55,10.6,260,1009.0,2,2,0,0,0.0,0.0,41.7658,-72.6734,2024,3,21,6
2024-03-21 07:00:00,0.0,0.0,0.0,0.0,-4.1,57,9.3,257,1010.0,6,6,0,0,0.0,0.0,41.7658,-72.6734,2024,3,21,7
2024-03-21 08:00:00,76.0,46.0,30.0,373.0,-2.8,50,12.2,272,1011.0,8,8,0,0,0.0,3600.0,41.7658,-72.6734,2024,3,21,8
2024-03-21 09:00:00,258.0,186.0,72.0,624.1,-1.1,43,23.7,296,1011.8,66,65,9,0,0.0,3600.0,41.7658,-72.6734,2024,3,21,9
2024-03-21 10:00:00,419.0,308.0,111.0,662.0,-0.4,43,22.1,296,1012.5,93,93,23,0,0.0,3600.0,41.7658,-72.6734,2024,3,21,10
2024-03-21 11:00:00,525.0,339.0,186.0,563.8,0.9,36,25.0,297,1012.5,23,21,15,0,0.0,3600.0,41.7658,-72.6734,2024,3,21,11
2024-03-21 12:00:00,692.0,550.0,142.0,789.4,2.2,33,23.5,297,1012.5,5,3,5,0,0.0,3600.0,41.7658,-72.6734,2024,3,21,12
2024-03-21 13:00:00,765.0,619.0,146.0,830.7,3.0,31,24.7,293,1012.6,3,2,3,0,0.0,3600.0,41.7658,-72.6734,2024,3,21,13
2024-03-21 14:00:00,794.0,679.0,115.0,913.5,3.4,30,24.8,289,1012.7,2,2,0,0,0.0,3600.0,41.7658,-72.6734,2024,3,21,14
2024-03-21 15:00:00,748.0,660.0,88.0,954.8,3.8,29,24.6,291,1012.6,0,0,0,0,0.0,3600.0,41.7658,-72.6734,2024,3,21,15
2024-03-21 16:00:00,622.0,533.0,89.0,899.4,3.8,28,24.1,292,1012.9,0,0,0,0,0.0,3600.0,41.7658,-72.6734,2024,3,21,16
2024-03-21 17:00:00,448.0,368.0,80.0,810.4,3.5,27,24.3,295,1013.5,3,0,3,0,0.0,3600.0,41.7658,-72.6734,2024,3,21,17
2024-03-21 18:00:00,252.0,190.0,62.0,666.4,2.6,27,20.5,298,1014.3,0,0,0,0,0.0,3600.0,41.7658,-72.6734,2024,3,21,18
2024-03-21 19:00:00,67.0,43.0,24.0,368.8,1.0,31,16.3,301,1015.8,0,0,0,0,0.0,3600.0,41.7658,-72.6734,2024,3,21,19
2024-03-21 20:00:00,0.0,0.0,0.0,0.0,-0.3,36,17.3,301,1017.5,0,0,0,0,0.0,0.0,41.7658,-72.6734,2024,3,21,20
2024-03-21 21:00:00,0.0,0.0,0.0,0.0,-1.6,38,14.0,325,1019.1,13,12,10,0,0.0,0.0,41.7658,-72.6734,2024,3,21,21
2024-03-21 22:00:00,0.0,0.0,0.0,0.0,-2.7,46,9.5,331,1019.7,6,6,0,0,0.0,0.0,41.7658,-72.6734,2024,3,21,22
2024-03-21 23:00:00,0.0,0.0,0.0,0.0,-3.2,51,9.4,310,1020.3,4,4,0,0,0.0,0.0,41.7658,-72.6734,2024,3,21,23
2024-03-22 00:00:00,0.0,0.0,0.0,0.0,-3.3,53,9.7,297,1020.9,5,5,0,0,0.0,0.0,41.7658,-72.6734,2024,3,22,0
2024-03-22 01:00:00,0.0,0.0,0.0,0.0,-3.5,53,9.7,297,1021.7,0,0,0,0,0.0,0.0,41.7658,-72.6734,2024,3,22,1
2024-03-22 02:00:00,0.0,0.0,0.0,0.0,-3.9,54,9.2,296,1022.4,2,2,0,0,0.0,0.0,41.7658,-72.6734,2024,3,22,2
2024-03-22 03:00:00,0.0,0.0,0.0,0.0,-4.2,55,9.0,293,1022.5,0,0,0,0,0.0,0.0,41.7658,-72.6734,2024,3,22,3
2024-03-22 04:00:00,0.0,0.0,0.0,0.0,-4.3,55,9.7,285,1022.8,0,0,0,0,0.0,0.0,41.7658,-72.6734,2024,3,22,4
2024-03-22 05:00:00,0.0,0.0,0.0,0.0,-4.4,54,11.6,300,1023.0,0,0,0,0,0.0,0.0,41.7658,-72.6734,2024,3,22,5
2024-03-22 06:00:00,0.0,0.0,0.0,0.0,-4.7,54,10.7,303,1023.7,0,0,0,0,0.0,0.0,41.7658,-72.6734,2024,3,22,6
2024-03-22 07:00:00,0.0,0.0,0.0,0.0,-5.1,56,9.0,299,1024.5,0,0,0,0,0.0,0.0,41.7658,-72.6734,2024,3,22,7
2024-03-22 08:00:00,82.0,52.0,30.0,412.2,-3.7,52,8.1,291,1025.8,0,0,0,0,0.0,3600.0,41.7658,-72.6734,2024,3,22,8
2024-03-22 09:00:00,273.0,210.0,63.0,691.8,-2.4,43,9.0,307,1025.8,0,0,0,0,0.0,3600.0,41.7658,-72.6734,2024,3,22,9
2024-03-22 10:00:00,465.0,386.0,79.0,820.1,-0.9,40,7.3,290,1025.8,5,0,3,4,0.0,3600.0,41.7658,-72.6734,2024,3,22,10
2024-03-22 11:00:00,625.0,535.0,90.0,882.2,0.9,37,7.3,281,1025.5,57,0,12,51,0.0,3600.0,41.7658,-72.6734,2024,3,22,11
2024-03-22 12:00:00,740.0,642.0,98.0,914.9,2.7,34,5.4,278,1024.3,100,0,100,90,0.0,3600.0,41.7658,-72.6734,2024,3,22,12
2024-03-22 13:00:00,497.0,149.0,348.0,198.7,3.4,30,6.3,283,1024.1,99,0,99,64,0.0,3600.0,41.7658,-72.6734,2024,3,22,13
2024-03-22 14:00:00,444.0,114.0,330.0,152.5,4.1,28,5.7,288,1023.5,100,0,100,93,0.0,2773.84,41.7658,-72.6734,2024,3,22,14
2024-03-22 15:00:00,569.0,278.0,291.0,399.8,5.1,27,5.5,281,1022.9,97,0,12,97,0.0,3600.0,41.7658,-72.6734,2024,3,22,15
2024-03-22 16:00:00,583.0,456.0,127.0,764.4,5.6,26,4.1,255,1022.3,60,0,0,59,0.0,3600.0,41.7658,-72.6734,2024,3,22,16
2024-03-22 17:00:00,439.0,357.0,82.0,779.7,5.8,26,2.5,262,1021.8,26,0,22,5,0.0,3600.0,41.7658,-72.6734,2024,3,22,17
2024-03-22 18:00:00,232.0,158.0,74.0,547.1,5.7,29,3.6,186,1021.8,20,0,15,5,0.0,3600.0,41.7658,-72.6734,2024,3,22,18
2024-03-22 19:00:00,55.0,24.0,31.0,202.7,3.8,42,10.5,174,1022.5,49,0,45,7,0.0,3600.0,41.7658,-72.6734,2024,3,22,19
2024-03-22 20:00:00,0.0,0.0,0.0,0.0,2.0,49,10.8,184,1022.9,82,41,78,14,0.0,0.0,41.7658,-72.6734,2024,3,22,20
2024-03-22 21:00:00,0.0,0.0,0.0,0.0,2.7,48,7.9,180,1022.4,100,100,100,1,0.0,0.0,41.7658,-72.6734,2024,3,22,21
2024-03-22 22:00:00,0.0,0.0,0.0,0.0,2.4,50,6.8,177,1022.2,100,100,100,0,0.0,0.0,41.7658,-72.6734,2024,3,22,22
2024-03-22 23:00:00,0.0,0.0,0.0,0.0,2.1,53,6.6,171,1021.7,100,100,100,0,0.0,0.0,41.7658,-72.6734,2024,3,22,23
2024-03-23 00:00:00,0.0,0.0,0.0,0.0,1.8,60,7.4,166,1021.5,100,100,100,74,0.0,0.0,41.7658,-72.6734,2024,3,23,0
2024-03-23 01:00:00,0.0,0.0,0.0,0.0,1.6,66,5.6,135,1020.6,100,100,100,100,0.0,0.0,41.7658,-72.6734,2024,3,23,1
2024-03-23 02:00:00,0.0,0.0,0.0,0.0,1.6,68,5.4,98,1019.7,100,100,100,100,0.0,0.0,41.7658,-72.6734,2024,3,23,2
2024-03-23 03:00:00,0.0,0.0,0.0,0.0,1.8,70,6.2,80,1018.7,100,100,100,100,0.0,0.0,41.7658,-72.6734,2024,3,23,3
2024-03-23 04:00:00,0.0,0.0,0.0,0.0,1.9,72,8.3,88,1017.5,100,100,100,100,0.3,0.0,41.7658,-72.6734,2024,3,23,4
2024-03-23 05:00:00,0.0,0.0,0.0,0.0,1.5,89,7.0,69,1016.3,100,100,100,100,1.3,0.0,41.7658,-72.6734,2024,3,23,5
2024-03-23 06:00:00,0.0,0.0,0.0,0.0,1.6,95,6.8,32,1015.9,100,100,100,100,2.0,0.0,41.7658,-72.6734,2024,3,23,6
2024-03-23 07:00:00,0.0,0.0,0.0,0.0,1.7,98,9.0,5,1015.2,100,100,100,100,2.6,0.0,41.7658,-72.6734,2024,3,23,7
2024-03-23 08:00:00,5.0,0.0,5.0,0.0,1.8,99,10.4,360,1014.2,100,100,100,100,3.3,0.0,41.7658,-72.6734,2024,3,23,8
2024-03-23 09:00:00,25.0,0.0,25.0,0.0,1.7,97,13.7,2,1014.1,100,100,100,100,2.5,0.0,41.7658,-72.6734,2024,3,23,9
2024-03-23 10:00:00,63.0,0.0,63.0,0.0,2.4,96,12.3,5,1013.3,100,100,100,100,1.9,0.0,41.7658,-72.6734,2024,3,23,10
2024-03-23 11:00:00,69.0,0.0,69.0,0.0,2.7,97,12.3,5,1012.7,100,100,100,100,2.8,0.0,41.7658,-72.6734,2024,3,23,11
2024-03-23 12:00:00,69.0,0.0,69.0,0.0,3.2,96,11.3,7,1011.5,100,63,100,100,2.7,0.0,41.7658,-72.6734,2024,3,23,12
2024-03-23 13:00:00,151.0,1.0,150.0,1.3,4.7,97,10.1,4,1009.8,100,64,100,100,1.5,0.0,41.7658,-72.6734,2024,3,23,13
2024-03-23 14:00:00,69.0,0.0,69.0,0.0,4.0,96,13.1,352,1007.8,100,91,100,100,2.5,0.0,41.7658,-72.6734,2024,3,23,14
2024-03-23 15:00:00,61.0,0.0,61.0,0.0,3.9,97,15.1,357,1005.8,100,100,100,100,3.1,0.0,41.7658,-72.6734,2024,3,23,15
2024-03-23 16:00:00,34.0,0.0,34.0,0.0,3.9,97,19.5,2,1003.4,100,100,100,100,5.3,0.0,41.7658,-72.6734,2024,3,23,16
2024-03-23 17:00:00,10.0,0.0,10.0,0.0,4.2,97,22.1,6,1000.1,100,100,100,100,7.9,0.0,41.7658,-72.6734,2024,3,23,17
2024-03-23 18:00:00,13.0,0.0,13.0,0.0,3.9,97,23.1,358,999.5,100,100,100,100,7.5,0.0,41.7658,-72.6734,2024,3,23,18
2024-03-23 19:00:00,4.0,0.0,4.0,0.0,2.8,96,27.5,349,999.8,100,100,100,100,3.0,0.0,41.7658,-72.6734,2024,3,23,19
2024-03-23 20:00:00,0.0,0.0,0.0,0.0,3.0,94,25.5,352,1001.4,100,100,72,98,0.9,0.0,41.7658,-72.6734,2024,3,23,20
2024-03-23 21:00:00,0.0,0.0,0.0,0.0,2.2,92,20.4,352,1003.2,100,79,100,49,0.2,0.0,41.7658,-72.6734,2024,3,23,21
2024-03-23 22:00:00,0.0,0.0,0.0,0.0,1.4,89,23.6,341,1004.6,100,22,0,100,0.0,0.0,41.7658,-72.6734,2024,3,23,22
2024-03-23 23:00:00,0.0,0.0,0.0,0.0,-0.6,82,26.1,337,1005.3,100,9,0,100,0.0,0.0,41.7658,-72.6734,2024,3,23,23
2024-03-24 00:00:00,0.0,0.0,0.0,0.0,-1.9,74,24.8,341,1006.4,100,40,0,100,0.0,0.0,41.7658,-72.6734,2024,3,24,0
2024-03-24 01:00:00,0.0,0.0,0.0,0.0,-2.6,70,22.1,344,1008.2,100,49,0,100,0.0,0.0,41.7658,-72.6734,2024,3,24,1
2024-03-24 02:00:00,0.0,0.0,0.0,0.0,-3.0,67,21.0,344,1009.3,86,32,0,80,0.0,0.0,41.7658,-72.6734,2024,3,24,2
2024-03-24 03:00:00,0.0,0.0,0.0,0.0,-3.4,67,19.4,345,1010.4,100,47,0,100,0.0,0.0,41.7658,-72.6734,2024,3,24,3
2024-03-24 04:00:00,0.0,0.0,0.0,0.0,-3.5,64,17.7,348,1011.8,100,0,0,100,0.0,0.0,41.7658,-72.6734,2024,3,24,4
2024-03-24 05:00:00,0.0,0.0,0.0,0.0,-3.5,58,17.2,349,1013.6,72,0,0,72,0.0,0.0,41.7658,-72.6734,2024,3,24,5
2024-03-24 06:00:00,0.0,0.0,0.0,0.0,-3.8,56,15.5,355,1015.5,0,0,0,0,0.0,0.0,41.7658,-72.6734,2024,3,24,6
2024-03-24 07:00:00,1.0,0.0,1.0,0.0,-4.1,56,14.4,359,1017.1,0,0,0,0,0.0,0.0,41.7658,-72.6734,2024,3,24,7
2024-03-24 08:00:00,93.0,61.0,32.0,463.0,-2.9,52,13.0,358,1018.2,0,0,0,0,0.0,3600.0,41.7658,-72.6734,2024,3,24,8
2024-03-24 09:00:00,288.0,227.0,61.0,721.7,-1.1,45,15.9,4,1019.7,0,0,0,0,0.0,3600.0,41.7658,-72.6734,2024,3,24,9
2024-03-24 10:00:00,483.0,406.0,77.0,843.5,-0.1,39,20.4,9,1020.8,0,0,0,0,0.0,3600.0,41.7658,-72.6734,2024,3,24,10
2024-03-24 11:00:00,643.0,551.0,92.0,893.4,2.5,35,17.0,4,1021.4,0,0,0,0,0.0,3600.0,41.7658,-72.6734,2024,3,24,11
2024-03-24 12:00:00,762.0,669.0,93.0,940.3,3.6,30,20.7,8,1021.8,0,0,0,0,0.0,3600.0,41.7658,-72.6734,2024,3,24,12
2024-03-24 13:00:00,821.0,728.0,93.0,959.0,5.3,29,19.2,17,1021.5,0,0,0,0,0.0,3600.0,41.7658,-72.6734,2024,3,24,13
2024-03-24 14:00:00,816.0,723.0,93.0,955.8,6.3,28,15.8,1,1021.0,0,0,0,0,0.0,3600.0,41.7658,-72.6734,2024,3,24,14
2024-03-24 15:00:00,751.0,662.0,89.0,940.8,6.9,26,16.1,10,1021.1,0,0,0,0,0.0,3600.0,41.7658,-72.6734,2024,3,24,15
2024-03-24 16:00:00,626.0,542.0,84.0,896.9,7.1,28,15.0,17,1020.9,0,0,0,0,0.0,3600.0,41.7658,-72.6734,2024,3,24,16
2024-03-24 17:00:00,457.0,381.0,76.0,818.8,6.7,29,13.7,27,1021.4,0,0,0,0,0.0,3600.0,41.7658,-72.6734,2024,3,24,17
2024-03-24 18:00:00,260.0,199.0,61.0,672.2,5.9,32,11.8,27,1022.6,0,0,0,0,0.0,3600.0,41.7658,-72.6734,2024,3,24,18
2024-03-24 19:00:00,74.0,46.0,28.0,377.0,3.6,41,9.2,42,1023.4,0,0,0,0,0.0,3600.0,41.7658,-72.6734,2024,3,24,19
2024-03-24 20:00:00,0.0,0.0,0.0,0.0,2.0,44,10.7,40,1024.4,0,0,0,0,0.0,0.0,41.7658,-72.6734,2024,3,24,20
2024-03-24 21:00:00,0.0,0.0,0.0,0.0,0.3,58,8.6,358,1026.2,0,0,0,0,0.0,0.0,41.7658,-72.6734,2024,3,24,21
2024-03-24 22:00:00,0.0,0.0,0.0,0.0,-0.9,64,9.4,360,1026.6,0,0,0,0,0.0,0.0,41.7658,-72.6734,2024,3,24,22
2024-03-24 23:00:00,0.0,0.0,0.0,0.0,-1.6,67,10.4,2,1026.9,0,0,0,0,0.0,0.0,41.7658,-72.6734,2024,3,24,23
2024-03-25 00:00:00,0.0,0.0,0.0,0.0,-2.2,69,10.9,6,1027.0,0,0,0,0,0.0,0.0,41.7658,-72.6734,2024,3,25,0
2024-03-25 01:00:00,0.0,0.0,0.0,0.0,-2.7,71,12.0,9,1026.9,0,0,0,0,0.0,0.0,41.7658,-72.6734,2024,3,25,1
2024-03-25 02:00:00,0.0,0.0,0.0,0.0,-3.1,73,10.4,2,1027.3,0,0,0,0,0.0,0.0,41.7658,-72.6734,2024,3,25,2
2024-03-25 03:00:00,0.0,0.0,0.0,0.0,-3.2,74,11.9,360,1028.0,0,0,0,0,0.0,0.0,41.7658,-72.6734,2024,3,25,3
2024-03-25 04:00:00,0.0,0.0,0.0,0.0,-3.4,73,13.0,5,1028.3,0,0,0,0,0.0,0.0,41.7658,-72.6734,2024,3,25,4
2024-03-25 05:00:00,0.0,0.0,0.0,0.0,-3.5,72,13.4,5,1028.4,2,0,0,2,0.0,0.0,41.7658,-72.6734,2024,3,25,5
2024-03-25 06:00:00,0.0,0.0,0.0,0.0,-3.6,71,12.6,360,1028.6,54,0,0,54,0.0,0.0,41.7658,-72.6734,2024,3,25,6
2024-03-25 07:00:00,1.0,0.0,1.0,0.0,-3.6,69,13.7,360,1029.0,100,0,0,100,0.0,0.0,41.7658,-72.6734,2024,3,25,7
2024-03-25 08:00:00,86.0,44.0,42.0,327.1,-2.0,65,13.0,3,1029.5,100,0,0,100,0.0,3600.0,41.7658,-72.6734,2024,3,25,8
2024-03-25 09:00:00,250.0,143.0,107.0,446.9,0.7,56,13.0,3,1028.9,100,0,0,100,0.0,3600.0,41.7658,-72.6734,2024,3,25,9
2024-03-25 10:00:00,434.0,295.0,139.0,606.2,3.3,49,14.5,23,1029.0,100,0,0,100,0.0,3600.0,41.7658,-72.6734,2024,3,25,10
2024-03-25 11:00:00,595.0,439.0,156.0,706.0,5.4,44,16.6,30,1029.0,100,0,0,100,0.0,3600.0,41.7658,-72.6734,2024,3,25,11
2024-03-25 12:00:00,705.0,534.0,171.0,745.6,7.0,42,16.6,39,1028.7,100,0,0,100,0.0,3600.0,41.7658,-72.6734,2024,3,25,12
2024-03-25 13:00:00,764.0,589.0,175.0,771.3,8.2,42,16.0,44,1028.1,100,0,0,100,0.0,3600.0,41.7658,-72.6734,2024,3,25,13
2024-03-25 14:00:00,790.0,680.0,110.0,893.9,9.1,42,15.8,47,1027.5,1,0,0,1,0.0,3600.0,41.7658,-72.6734,2024,3,25,14
2024-03-25 15:00:00,732.0,637.0,95.0,900.2,9.5,42,15.5,48,1027.0,12,0,0,12,0.0,3600.0,41.7658,-72.6734,2024,3,25,15
2024-03-25 16:00:00,610.0,517.0,93.0,850.1,9.3,41,16.6,48,1026.1,84,0,0,84,0.0,3600.0,41.7658,-72.6734,2024,3,25,16
2024-03-25 17:00:00,445.0,363.0,82.0,774.0,8.4,40,15.8,41,1025.9,81,0,0,81,0.0,3600.0,41.7658,-72.6734,2024,3,25,17
2024-03-25 18:00:00,253.0,185.0,68.0,617.5,7.1,40,14.6,33,1026.1,37,0,0,37,0.0,3600.0,41.7658,-72.6734,2024,3,25,18
2024-03-25 19:00:00,74.0,44.0,30.0,355.4,5.0,47,13.0,28,1026.2,39,0,0,39,0.0,3600.0,41.7658,-72.6734,2024,3,25,19
2024-03-25 20:00:00,0.0,0.0,0.0,0.0,3.2,50,14.7,31,1026.3,0,0,0,0,0.0,0.0,41.7658,-72.6734,2024,3,25,20
2024-03-25 21:00:00,0.0,0.0,0.0,0.0,2.9,55,13.8,39,1026.4,0,0,0,0,0.0,0.0,41.7658,-72.6734,2024,3,25,21
2024-03-25 22:00:00,0.0,0.0,0.0,0.0,1.6,58,13.9,21,1026.3,0,0,0,0,0.0,0.0,41.7658,-72.6734,2024,3,25,22
2024-03-25 23:00:00,0.0,0.0,0.0,0.0,0.7,61,15.0,17,1026.0,0,0,0,0,0.0,0.0,41.7658,-72.6734,2024,3,25,23
2024-03-26 00:00:00,0.0,0.0,0.0,0.0,-0.1,62,15.3,15,1025.4,0,0,0,0,0.0,0.0,41.7658,-72.6734,2024,3,26,0
2024-03-26 01:00:00,0.0,0.0,0.0,0.0,-0.6,60,15.4,16,1024.3,1,1,0,0,0.0,0.0,41.7658,-72.6734,2024,3,26,1
2024-03-26 02:00:00,0.0,0.0,0.0,0.0,-0.9,59,15.0,10,1023.4,9,9,0,0,0.0,0.0,41.7658,-72.6734,2024,3,26,2
2024-03-26 03:00:00,0.0,0.0,0.0,0.0,-1.0,58,15.7,11,1022.1,2,2,0,0,0.0,0.0,41.7658,-72.6734,2024,3,26,3
2024-03-26 04:00:00,0.0,0.0,0.0,0.0,-1.1,59,15.9,347,1022.8,9,9,0,0,0.0,0.0,41.7658,-72.6734,2024,3,26,4
2024-03-26 05:00:00,0.0,0.0,0.0,0.0,-1.1,58,17.7,2,1022.5,2,2,0,0,0.0,0.0,41.7658,-72.6734,2024,3,26,5
2024-03-26 06:00:00,0.0,0.0,0.0,0.0,-1.1,58,16.9,12,1022.5,49,48,0,3,0.0,0.0,41.7658,-72.6734,2024,3,26,6
2024-03-26 07:00:00,2.0,0.0,2.0,0.0,-0.9,58,16.2,12,1022.2,100,100,0,11,0.0,0.0,41.7658,-72.6734,2024,3,26,7
2024-03-26 08:00:00,44.0,5.0,39.0,36.0,1.0,55,14.8,360,1022.6,100,100,0,19,0.0,0.0,41.7658,-72.6734,2024,3,26,8
2024-03-26 09:00:00,140.0,22.0,118.0,67.6,3.7,55,14.3,10,1021.2,100,100,1,32,0.0,228.08,41.7658,-72.6734,2024,3,26,9
2024-03-26 10:00:00,180.0,14.0,166.0,28.5,4.9,56,14.7,25,1021.3,57,5,13,48,0.0,0.0,41.7658,-72.6734,2024,3,26,10
2024-03-26 11:00:00,546.0,362.0,184.0,577.5,7.6,55,17.0,32,1020.5,92,61,31,77,0.0,3600.0,41.7658,-72.6734,2024,3,26,11
2024-03-26 12:00:00,586.0,370.0,216.0,513.2,8.6,55,16.2,37,1019.3,88,86,22,10,0.0,3600.0,41.7658,-72.6734,2024,3,26,12
2024-03-26 13:00:00,539.0,232.0,307.0,302.0,9.4,55,13.3,33,1019.0,98,97,1,8,0.0,3600.0,41.7658,-72.6734,2024,3,26,13
2024-03-26 14:00:00,515.0,164.0,351.0,214.4,10.3,55,14.2,36,1018.6,100,100,0,19,0.0,3600.0,41.7658,-72.6734,2024,3,26,14
2024-03-26 15:00:00,381.0,77.0,304.0,108.2,9.8,56,13.3,33,1018.6,98,98,0,1,0.0,1446.05,41.7658,-72.6734,2024,3,26,15
2024-03-26 16:00:00,240.0,43.0,197.0,70.3,9.0,57,12.3,32,1018.4,100,100,50,0,0.0,308.09,41.7658,-72.6734,2024,3,26,16
2024-03-26 17:00:00,103.0,12.0,91.0,25.4,7.9,62,13.5,42,1017.9,100,100,84,2,0.0,0.0,41.7658,-72.6734,2024,3,26,17
2024-03-26 18:00:00,36.0,0.0,36.0,0.0,6.7,68,12.5,33,1017.4,100,100,93,12,0.0,0.0,41.7658,-72.6734,2024,3,26,18
2024-03-26 19:00:00,15.0,0.0,15.0,0.0,5.8,71,11.4,18,1017.9,100,100,100,21,0.1,0.0,41.7658,-72.6734,2024,3,26,19
2024-03-26 20:00:00,0.0,0.0,0.0,0.0,5.0,77,13.4,27,1017.6,100,100,40,80,0.1,0.0,41.7658,-72.6734,2024,3,26,20
2024-03-26 21:00:00,0.0,0.0,0.0,0.0,4.4,74,11.3,37,1018.1,100,100,0,99,0.0,0.0,41.7658,-72.6734,2024,3,26,21
2024-03-26 22:00:00,0.0,0.0,0.0,0.0,3.8,75,10.6,35,1018.3,100,100,0,100,0.0,0.0,41.7658,-72.6734,2024,3,26,22
2024-03-26 23:00:00,0.0,0.0,0.0,0.0,3.4,78,8.8,12,1017.8,100,100,3,100,0.0,0.0,41.7658,-72.6734,2024,3,26,23
2024-03-27 00:00:00,0.0,0.0,0.0,0.0,3.3,79,8.4,7,1017.4,100,100,0,100,0.0,0.0,41.7658,-72.6734,2024,3,27,0
2024-03-27 01:00:00,0.0,0.0,0.0,0.0,3.3,81,7.3,11,1016.4,100,100,37,94,0.0,0.0,41.7658,-72.6734,2024,3,27,1
2024-03-27 02:00:00,0.0,0.0,0.0,0.0,3.3,83,6.9,9,1015.5,100,100,95,100,0.0,0.0,41.7658,-72.6734,2024,3,27,2
2024-03-27 03:00:00,0.0,0.0,0.0,0.0,3.4,85,7.4,331,1015.3,100,100,12,73,0.0,0.0,41.7658,-72.6734,2024,3,27,3
2024-03-27 04:00:00,0.0,0.0,0.0,0.0,3.2,86,7.9,344,1014.8,100,100,77,5,0.0,0.0,41.7658,-72.6734,2024,3,27,4
2024-03-27 05:00:00,0.0,0.0,0.0,0.0,3.2,87,7.6,341,1015.2,100,100,9,0,0.0,0.0,41.7658,-72.6734,2024,3,27,5
2024-03-27 06:00:00,0.0,0.0,0.0,0.0,3.2,87,7.6,352,1015.4,100,100,0,0,0.0,0.0,41.7658,-72.6734,2024,3,27,6
2024-03-27 07:00:00,1.0,0.0,1.0,0.0,3.3,86,6.0,343,1016.2,100,100,0,0,0.0,0.0,41.7658,-72.6734,2024,3,27,7
2024-03-27 08:00:00,17.0,0.0,17.0,0.0,3.7,86,5.0,360,1016.4,100,100,0,0,0.0,0.0,41.7658,-72.6734,2024,3,27,8
2024-03-27 09:00:00,83.0,0.0,83.0,0.0,3.9,83,5.1,356,1016.7,100,100,0,64,0.0,0.0,41.7658,-72.6734,2024,3,27,9
2024-03-27 10:00:00,160.0,27.0,133.0,54.3,5.2,80,4.3,355,1016.8,100,100,0,22,0.0,0.0,41.7658,-72.6734,2024,3,27,10
2024-03-27 11:00:00,277.0,51.0,226.0,80.7,7.2,75,3.6,6,1016.5,100,100,0,5,0.0,621.86,41.7658,-72.6734,2024,3,27,11
2024-03-27 12:00:00,522.0,192.0,330.0,264.6,10.2,70,3.7,349,1015.6,100,100,38,8,0.0,3600.0,41.7658,-72.6734,2024,3,27,12
2024-03-27 13:00:00,576.0,336.0,240.0,434.9,12.6,67,2.1,301,1015.1,43,3,41,0,0.0,3600.0,41.7658,-72.6734,2024,3,27,13
2024-03-27 14:00:00,532.0,322.0,210.0,418.7,14.4,65,2.2,189,1014.0,61,0,53,16,0.0,3600.0,41.7658,-72.6734,2024,3,27,14
2024-03-27 15:00:00,462.0,277.0,185.0,387.1,15.5,63,4.5,194,1013.3,94,0,41,90,0.0,3600.0,41.7658,-72.6734,2024,3,27,15
2024-03-27 16:00:00,407.0,209.0,198.0,339.5,15.8,62,3.7,241,1013.0,97,0,67,90,0.5,3600.0,41.7658,-72.6734,2024,3,27,16
2024-03-27 17:00:00,232.0,89.0,143.0,186.9,15.5,66,5.8,266,1013.1,90,1,89,14,0.0,3600.0,41.7658,-72.6734,2024,3,27,17
2024-03-27 18:00:00,130.0,47.0,83.0,153.2,14.8,76,2.8,220,1013.0,100,3,97,88,0.0,2797.08,41.7658,-72.6734,2024,3,27,18
2024-03-27 19:00:00,26.0,2.0,24.0,15.7,13.5,78,9.5,189,1013.7,99,7,79,96,0.0,0.0,41.7658,-72.6734,2024,3,27,19
2024-03-27 20:00:00,0.0,0.0,0.0,0.0,11.6,82,9.0,175,1013.9,100,0,94,100,0.0,0.0,41.7658,-72.6734,2024,3,27,20
2024-03-27 21:00:00,0.0,0.0,0.0,0.0,10.1,96,3.3,139,1014.3,100,1,100,83,0.3,0.0,41.7658,-72.6734,2024,3,27,21
2024-03-27 22:00:00,0.0,0.0,0.0,0.0,9.7,97,3.9,158,1014.2,99,0,91,87,0.0,0.0,41.7658,-72.6734,2024,3,27,22
2024-03-27 23:00:00,0.0,0.0,0.0,0.0,8.9,99,4.3,175,1013.7,96,66,95,6,0.0,0.0,41.7658,-72.6734,2024,3,27,23
2024-03-28 00:00:00,0.0,0.0,0.0,0.0,8.6,99,3.1,234,1013.5,100,63,100,40,0.0,0.0,41.7658,-72.6734,2024,3,28,0
2024-03-28 01:00:00,0.0,0.0,0.0,0.0,8.1,100,7.3,160,1013.5,100,83,100,44,0.0,0.0,41.7658,-72.6734,2024,3,28,1
2024-03-28 02:00:00,0.0,0.0,0.0,0.0,7.8,99,6.2,170,1012.9,100,91,100,100,0.1,0.0,41.7658,-72.6734,2024,3,28,2
2024-03-28 03:00:00,0.0,0.0,0.0,0.0,7.6,98,6.1,208,1012.6,100,100,100,100,0.7,0.0,41.7658,-72.6734,2024,3,28,3
2024-03-28 04:00:00,0.0,0.0,0.0,0.0,7.6,99,2.5,90,1012.0,100,95,100,100,2.1,0.0,41.7658,-72.6734,2024,3,28,4
2024-03-28 05:00:00,0.0,0.0,0.0,0.0,7.5,99,1.3,304,1011.9,100,99,100,100,1.4,0.0,41.7658,-72.6734,2024,3,28,5
2024-03-28 06:00:00,0.0,0.0,0.0,0.0,7.4,100,6.8,32,1011.5,100,4,100,100,1.9,0.0,41.7658,-72.6734,2024,3,28,6
2024-03-28 07:00:00,0.0,0.0,0.0,0.0,7.4,99,5.0,120,1011.3,100,98,100,100,2.9,0.0,41.7658,-72.6734,2024,3,28,7
2024-03-28 08:00:00,7.0,0.0,7.0,0.0,7.4,99,1.4,270,1012.0,100,97,100,99,3.2,0.0,41.7658,-72.6734,2024,3,28,8
2024-03-28 09:00:00,36.0,0.0,36.0,0.0,8.6,99,7.1,336,1010.7,100,94,100,99,0.3,0.0,41.7658,-72.6734,2024,3,28,9
2024-03-28 10:00:00,124.0,2.0,122.0,4.0,10.0,93,8.4,335,1011.1,100,22,100,100,0.1,0.0,41.7658,-72.6734,2024,3,28,10
2024-03-28 11:00:00,120.0,3.0,117.0,4.7,10.1,94,5.9,308,1011.0,100,40,100,100,0.6,0.0,41.7658,-72.6734,2024,3,28,11
2024-03-28 12:00:00,94.0,0.0,94.0,0.0,9.8,95,7.0,325,1010.2,100,26,100,100,1.1,0.0,41.7658,-72.6734,2024,3,28,12
2024-03-28 13:00:00,104.0,0.0,104.0,0.0,9.8,95,9.6,326,1009.9,100,91,100,100,1.2,0.0,41.7658,-72.6734,2024,3,28,13
2024-03-28 14:00:00,129.0,0.0,129.0,0.0,9.9,94,11.8,333,1009.4,100,99,100,100,1.3,0.0,41.7658,-72.6734,2024,3,28,14
2024-03-28 15:00:00,76.0,0.0,76.0,0.0,9.6,96,12.2,346,1007.4,100,21,100,100,1.2,0.0,41.7658,-72.6734,2024,3,28,15
2024-03-28 16:00:00,113.0,0.0,113.0,0.0,9.8,94,12.3,339,1007.1,100,48,100,100,0.9,0.0,41.7658,-72.6734,2024,3,28,16
2024-03-28 17:00:00,62.0,1.0,61.0,2.1,9.5,96,11.2,345,1007.0,100,4,100,100,1.2,0.0,41.7658,-72.6734,2024,3,28,17
2024-03-28 18:00:00,31.0,0.0,31.0,0.0,9.0,96,11.5,358,1005.9,100,2,100,100,0.8,0.0,41.7658,-72.6734,2024,3,28,18
2024-03-28 19:00:00,19.0,0.0,19.0,0.0,8.4,96,9.4,342,1006.3,100,20,100,100,0.4,0.0,41.7658,-72.6734,2024,3,28,19
2024-03-28 20:00:00,0.0,0.0,0.0,0.0,7.7,96,11.6,344,1005.9,100,47,100,100,0.5,0.0,41.7658,-72.6734,2024,3,28,20
2024-03-28 21:00:00,0.0,0.0,0.0,0.0,6.7,95,13.6,343,1006.1,100,69,100,100,0.8,0.0,41.7658,-72.6734,2024,3,28,21
2024-03-28 22:00:00,0.0,0.0,0.0,0.0,5.9,95,14.0,342,1006.3,100,89,100,94,0.3,0.0,41.7658,-72.6734,2024,3,28,22
2024-03-28 23:00:00,0.0,0.0,0.0,0.0,5.3,94,15.5,335,1006.1,100,91,100,100,0.2,0.0,41.7658,-72.6734,2024,3,28,23
2024-03-29 00:00:00,0.0,0.0,0.0,0.0,4.5,92,16.3,335,1005.6,100,100,100,100,0.2,0.0,41.7658,-72.6734,2024,3,29,0
2024-03-29 01:00:00,0.0,0.0,0.0,0.0,4.0,92,15.7,344,1004.5,100,99,100,100,0.3,0.0,41.7658,-72.6734,2024,3,29,1
2024-03-29 02:00:00,0.0,0.0,0.0,0.0,3.9,91,14.7,329,1004.8,100,100,100,100,0.2,0.0,41.7658,-72.6734,2024,3,29,2
2024-03-29 03:00:00,0.0,0.0,0.0,0.0,3.7,86,16.2,343,1003.7,100,1,100,100,0.2,0.0,41.7658,-72.6734,2024,3,29,3
2024-03-29 04:00:00,0.0,0.0,0.0,0.0,3.4,76,17.0,339,1003.2,100,8,100,100,0.1,0.0,41.7658,-72.6734,2024,3,29,4
2024-03-29 05:00:00,0.0,0.0,0.0,0.0,3.3,74,17.2,340,1002.6,100,2,100,100,0.1,0.0,41.7658,-72.6734,2024,3,29,5
2024-03-29 06:00:00,0.0,0.0,0.0,0.0,3.6,70,17.0,339,1001.8,100,0,100,100,0.1,0.0,41.7658,-72.6734,2024,3,29,6
2024-03-29 07:00:00,1.0,0.0,1.0,0.0,3.9,62,14.1,347,1002.2,100,0,100,100,0.0,0.0,41.7658,-72.6734,2024,3,29,7
2024-03-29 08:00:00,20.0,0.0,20.0,0.0,4.0,59,15.1,342,1001.6,100,0,100,100,0.1,0.0,41.7658,-72.6734,2024,3,29,8
2024-03-29 09:00:00,79.0,0.0,79.0,0.0,5.2,54,12.6,329,1001.3,100,0,100,100,0.0,0.0,41.7658,-72.6734,2024,3,29,9
2024-03-29 10:00:00,152.0,4.0,148.0,7.9,5.8,53,15.7,328,1000.8,100,0,97,100,0.0,0.0,41.7658,-72.6734,2024,3,29,10
2024-03-29 11:00:00,349.0,69.0,280.0,107.6,7.6,46,20.6,331,1000.4,100,0,57,100,0.0,1426.87,41.7658,-72.6734,2024,3,29,11
2024-03-29 12:00:00,503.0,151.0,352.0,205.5,8.8,41,24.2,330,999.5,100,0,9,100,0.0,3600.0,41.7658,-72.6734,2024,3,29,12
2024-03-29 13:00:00,651.0,310.0,341.0,396.8,9.9,36,25.6,328,998.9,100,1,0,100,0.0,3600.0,41.7658,-72.6734,2024,3,29,13
2024-03-29 14:00:00,753.0,526.0,227.0,676.8,11.0,34,23.9,323,998.4,97,0,0,97,0.0,3600.0,41.7658,-72.6734,2024,3,29,14
2024-03-29 15:00:00,725.0,573.0,152.0,792.2,11.5,31,25.0,313,997.9,17,0,0,17,0.0,3600.0,41.7658,-72.6734,2024,3,29,15
2024-03-29 16:00:00,633.0,543.0,90.0,871.6,11.5,29,25.8,311,997.7,34,0,0,34,0.0,3600.0,41.7658,-72.6734,2024,3,29,16
2024-03-29 17:00:00,471.0,389.0,82.0,804.8,10.2,34,28.2,305,998.0,70,0,9,67,0.0,3600.0,41.7658,-72.6734,2024,3,29,17
2024-03-29 18:00:00,253.0,168.0,85.0,535.5,8.3,39,27.2,302,998.9,79,38,0,66,0.0,3600.0,41.7658,-72.6734,2024,3,29,18
2024-03-29 19:00:00,80.0,42.0,38.0,321.0,6.2,44,23.2,306,1000.4,12,4,3,8,0.0,3600.0,41.7658,-72.6734,2024,3,29,19
2024-03-29 20:00:00,1.0,0.0,1.0,0.0,4.7,48,19.9,302,1001.4,27,24,9,0,0.0,0.0,41.7658,-72.6734,2024,3,29,20
2024-03-29 21:00:00,0.0,0.0,0.0,0.0,3.5,49,19.7,308,1001.8,2,2,0,0,0.0,0.0,41.7658,-72.6734,2024,3,29,21
2024-03-29 22:00:00,0.0,0.0,0.0,0.0,3.2,52,19.2,308,1002.1,10,10,1,0,0.0,0.0,41.7658,-72.6734,2024,3,29,22
2024-03-29 23:00:00,0.0,0.0,0.0,0.0,3.1,54,19.9,305,1002.2,13,13,1,0,0.0,0.0,41.7658,-72.6734,2024,3,29,23
2024-03-30 00:00:00,0.0,0.0,0.0,0.0,3.1,57,20.0,304,1002.3,11,11,0,0,0.0,0.0,41.7658,-72.6734,2024,3,30,0
2024-03-30 01:00:00,0.0,0.0,0.0,0.0,3.1,58,21.2,305,1002.2,26,25,1,0,0.0,0.0,41.7658,-72.6734,2024,3,30,1
2024-03-30 02:00:00,0.0,0.0,0.0,0.0,2.7,60,21.7,306,1002.2,57,57,1,0,0.0,0.0,41.7658,-72.6734,2024,3,30,2
2024-03-30 03:00:00,0.0,0.0,0.0,0.0,2.1,63,19.7,305,1002.2,92,92,1,0,0.0,0.0,41.7658,-72.6734,2024,3,30,3
2024-03-30 04:00:00,0.0,0.0,0.0,0.0,2.0,64,16.0,301,1002.3,17,17,0,0,0.0,0.0,41.7658,-72.6734,2024,3,30,4
2024-03-30 05:00:00,0.0,0.0,0.0,0.0,2.0,64,15.0,297,1002.5,41,41,0,0,0.0,0.0,41.7658,-72.6734,2024,3,30,5
2024-03-30 06:00:00,0.0,0.0,0.0,0.0,1.4,66,14.7,287,1002.7,19,19,0,0,0.0,0.0,41.7658,-72.6734,2024,3,30,6
2024-03-30 07:00:00,5.0,1.0,4.0,19.1,0.8,68,11.5,274,1003.0,10,10,0,0,0.0,0.0,41.7658,-72.6734,2024,3,30,7
2024-03-30 08:00:00,109.0,65.0,44.0,404.7,2.2,61,14.7,292,1003.8,97,97,0,0,0.0,3600.0,41.7658,-72.6734,2024,3,30,8
2024-03-30 09:00:00,308.0,235.0,73.0,677.9,4.4,49,25.6,309,1003.2,43,43,1,0,0.0,3600.0,41.7658,-72.6734,2024,3,30,9
2024-03-30 10:00:00,417.0,269.0,148.0,525.1,5.9,46,26.2,307,1003.5,27,27,0,0,0.0,3600.0,41.7658,-72.6734,2024,3,30,10
2024-03-30 11:00:00,591.0,407.0,184.0,629.8,7.1,45,24.3,302,1003.4,15,15,0,0,0.0,3600.0,41.7658,-72.6734,2024,3,30,11
2024-03-30 12:00:00,742.0,603.0,139.0,815.5,8.7,43,20.5,298,1003.2,2,2,0,0,0.0,3600.0,41.7658,-72.6734,2024,3,30,12
2024-03-30 13:00:00,831.0,724.0,107.0,921.8,9.9,42,18.0,296,1002.8,2,0,0,2,0.0,3600.0,41.7658,-72.6734,2024,3,30,13
2024-03-30 14:00:00,833.0,736.0,97.0,942.1,11.2,40,16.0,284,1001.9,9,0,0,9,0.0,3600.0,41.7658,-72.6734,2024,3,30,14
2024-03-30 15:00:00,764.0,670.0,94.0,921.5,12.3,39,14.9,278,1001.3,37,0,0,37,0.0,3600.0,41.7658,-72.6734,2024,3,30,15
2024-03-30 16:00:00,639.0,550.0,89.0,877.7,13.2,38,13.4,276,1000.6,60,0,0,60,0.0,3600.0,41.7658,-72.6734,2024,3,30,16
2024-03-30 17:00:00,473.0,397.0,76.0,815.5,13.6,38,14.4,269,1000.4,100,0,0,100,0.0,3600.0,41.7658,-72.6734,2024,3,30,17
2024-03-30 18:00:00,265.0,187.0,78.0,589.6,13.0,42,10.1,276,1000.6,100,0,0,100,0.0,3600.0,41.7658,-72.6734,2024,3,30,18
2024-03-30 19:00:00,74.0,26.0,48.0,196.2,10.1,54,7.0,282,1001.1,100,0,0,100,0.0,3600.0,41.7658,-72.6734,2024,3,30,19
2024-03-30 20:00:00,1.0,0.0,1.0,0.0,8.3,61,5.8,270,1001.5,100,0,16,100,0.0,0.0,41.7658,-72.6734,2024,3,30,20
2024-03-30 21:00:00,0.0,0.0,0.0,0.0,7.7,60,8.1,291,1002.0,100,0,100,100,0.0,0.0,41.7658,-72.6734,2024,3,30,21
2024-03-30 22:00:00,0.0,0.0,0.0,0.0,7.4,61,5.6,320,1002.2,100,0,100,96,0.0,0.0,41.7658,-72.6734,2024,3,30,22
2024-03-30 23:00:00,0.0,0.0,0.0,0.0,6.8,62,6.6,9,1001.9,95,0,94,20,0.0,0.0,41.7658,-72.6734,2024,3,30,23
2024-03-31 00:00:00,0.0,0.0,0.0,0.0,6.3,62,7.2,357,1002.3,100,0,100,100,0.0,0.0,41.7658,-72.6734,2024,3,31,0
2024-03-31 01:00:00,0.0,0.0,0.0,0.0,6.3,57,8.7,336,1002.9,100,0,100,100,0.0,0.0,41.7658,-72.6734,2024,3,31,1
2024-03-31 02:00:00,0.0,0.0,0.0,0.0,6.4,51,8.0,324,1003.1,100,0,100,93,0.0,0.0,41.7658,-72.6734,2024,3,31,2
2024-03-31 03:00:00,0.0,0.0,0.0,0.0,5.7,53,6.9,313,1003.4,99,0,99,13,0.0,0.0,41.7658,-72.6734,2024,3,31,3
2024-03-31 04:00:00,0.0,0.0,0.0,0.0,4.9,56,7.4,317,1003.6,15,0,15,0,0.0,0.0,41.7658,-72.6734,2024,3,31,4
2024-03-31 05:00:00,0.0,0.0,0.0,0.0,3.4,65,5.5,328,1003.8,63,0,1,62,0.0,0.0,41.7658,-72.6734,2024,3,31,5
2024-03-31 06:00:00,0.0,0.0,0.0,0.0,2.8,65,9.2,315,1004.8,52,0,9,47,0.0,0.0,41.7658,-72.6734,2024,3,31,6
2024-03-31 07:00:00,5.0,2.0,3.0,37.0,2.4,68,6.9,313,1006.2,94,0,34,90,0.0,0.0,41.7658,-72.6734,2024,3,31,7
2024-03-31 08:00:00,86.0,29.0,57.0,174.8,4.2,65,4.8,283,1007.0,100,11,77,100,0.0,3442.51,41.7658,-72.6734,2024,3,31,8
2024-03-31 09:00:00,242.0,127.0,115.0,361.0,8.2,52,7.6,301,1006.9,15,0,0,15,0.0,3600.0,41.7658,-72.6734,2024,3,31,9
2024-03-31 10:00:00,498.0,416.0,82.0,804.3,9.8,48,8.3,288,1007.0,100,0,0,100,0.0,3600.0,41.7658,-72.6734,2024,3,31,10
2024-03-31 11:00:00,612.0,444.0,168.0,682.1,11.1,47,12.8,292,1007.4,98,2,3,98,0.0,3600.0,41.7658,-72.6734,2024,3,31,11
2024-03-31 12:00:00,701.0,486.0,215.0,653.3,12.5,43,19.1,306,1007.3,81,8,13,77,0.0,3600.0,41.7658,-72.6734,2024,3,31,12
2024-03-31 13:00:00,721.0,468.0,253.0,592.7,13.2,39,18.8,306,1007.1,86,5,36,83,0.0,3600.0,41.7658,-72.6734,2024,3,31,13
2024-03-31 14:00:00,669.0,368.0,301.0,468.7,13.8,37,16.9,304,1007.0,100,1,76,100,0.0,3600.0,41.7658,-72.6734,2024,3,31,14
2024-03-31 15:00:00,566.0,239.0,327.0,327.0,13.8,38,15.1,303,1007.0,100,1,30,100,0.0,3600.0,41.7658,-72.6734,2024,3,31,15
2024-03-31 16:00:00,544.0,317.0,227.0,503.0,13.9,37,14.7,301,1006.9,16,0,0,16,0.0,3600.0,41.7658,-72.6734,2024,3,31,16
2024-03-31 17:00:00,470.0,390.0,80.0,795.4,13.8,37,14.0,299,1007.2,63,0,0,63,0.0,3600.0,41.7658,-72.6734,2024,3,31,17
2024-03-31 18:00:00,273.0,202.0,71.0,630.0,13.1,41,9.2,301,1007.4,4,0,0,4,0.0,3600.0,41.7658,-72.6734,2024,3,31,18
2024-03-31 19:00:00,89.0,54.0,35.0,402.2,10.9,49,8.7,336,1007.9,2,0,0,2,0.0,3600.0,41.7658,-72.6734,2024,3,31,19
2024-03-31 20:00:00,1.0,0.0,1.0,0.0,8.8,56,10.8,356,1008.8,29,0,0,29,0.0,0.0,41.7658,-72.6734,2024,3,31,20
2024-03-31 21:00:00,0.0,0.0,0.0,0.0,6.4,67,9.4,4,1009.8,23,0,0,23,0.0,0.0,41.7658,-72.6734,2024,3,31,21
2024-03-31 22:00:00,0.0,0.0,0.0,0.0,5.3,70,8.8,348,1010.5,89,0,0,89,0.0,0.0,41.7658,-72.6734,2024,3,31,22
2024-03-31 23:00:00,0.0,0.0,0.0,0.0,4.2,76,5.8,330,1011.0,100,0,0,100,0.0,0.0,41.7658,-72.6734,2024,3,31,23
2024-04-01 00:00:00,0.0,0.0,0.0,0.0,3.9,76,4.7,270,1011.5,100,0,0,100,0.0,0.0,41.7658,-72.6734,2024,4,1,0
2024-04-01 01:00:00,0.0,0.0,0.0,0.0,3.7,77,5.2,25,1012.0,100,0,0,100,0.0,0.0,41.7658,-72.6734,2024,4,1,1
2024-04-01 02:00:00,0.0,0.0,0.0,0.0,2.9,83,5.9,52,1012.3,100,0,24,100,0.0,0.0,41.7658,-72.6734,2024,4,1,2
2024-04-01 03:00:00,0.0,0.0,0.0,0.0,3.7,73,2.3,141,1012.7,100,0,90,100,0.0,0.0,41.7658,-72.6734,2024,4,1,3
2024-04-01 04:00:00,0.0,0.0,0.0,0.0,3.2,79,4.6,39,1012.4,100,0,100,100,0.0,0.0,41.7658,-72.6734,2024,4,1,4
2024-04-01 05:00:00,0.0,0.0,0.0,0.0,2.6,86,5.4,340,1012.1,100,0,23,100,0.0,0.0,41.7658,-72.6734,2024,4,1,5
2024-04-01 06:00:00,0.0,0.0,0.0,0.0,2.3,86,5.2,335,1012.4,100,0,87,100,0.0,0.0,41.7658,-72.6734,2024,4,1,6
2024-04-01 07:00:00,3.0,0.0,3.0,0.0,3.0,81,2.5,45,1012.5,100,0,99,100,0.0,0.0,41.7658,-72.6734,2024,4,1,7
2024-04-01 08:00:00,54.0,3.0,51.0,17.5,4.2,75,2.4,27,1013.1,100,0,63,100,0.0,0.0,41.7658,-72.6734,2024,4,1,8
2024-04-01 09:00:00,176.0,20.0,156.0,56.0,7.1,65,2.5,352,1012.5,100,0,93,100,0.0,0.0,41.7658,-72.6734,2024,4,1,9
2024-04-01 10:00:00,202.0,12.0,190.0,23.0,8.5,58,3.4,18,1012.4,100,0,59,100,0.0,0.0,41.7658,-72.6734,2024,4,1,10
2024-04-01 11:00:00,299.0,48.0,251.0,73.2,10.1,52,1.1,90,1012.0,100,0,9,100,0.0,396.53,41.7658,-72.6734,2024,4,1,11
2024-04-01 12:00:00,370.0,46.0,324.0,61.5,11.5,47,1.9,158,1011.5,100,0,55,100,0.0,44.38,41.7658,-72.6734,2024,4,1,12
2024-04-01 13:00:00,352.0,38.0,314.0,47.9,12.4,44,3.7,169,1010.5,100,0,100,100,0.0,0.0,41.7658,-72.6734,2024,4,1,13
2024-04-01 14:00:00,235.0,8.0,227.0,10.1,12.2,45,1.4,180,1009.6,100,0,100,100,0.0,0.0,41.7658,-72.6734,2024,4,1,14
2024-04-01 15:00:00,465.0,121.0,344.0,164.8,13.3,45,3.6,186,1008.3,89,0,1,89,0.0,3142.52,41.7658,-72.6734,2024,4,1,15
2024-04-01 16:00:00,616.0,505.0,111.0,796.9,14.3,43,4.6,231,1008.4,4,0,4,0,0.0,3600.0,41.7658,-72.6734,2024,4,1,16
2024-04-01 17:00:00,420.0,290.0,130.0,587.4,14.1,45,4.0,243,1008.3,18,11,16,0,0.0,3600.0,41.7658,-72.6734,2024,4,1,17
2024-04-01 18:00:00,232.0,156.0,76.0,481.4,13.4,50,4.3,180,1008.2,78,15,77,3,0.0,3600.0,41.7658,-72.6734,2024,4,1,18
2024-04-01 19:00:00,54.0,11.0,43.0,80.8,11.4,60,8.0,185,1008.5,100,19,100,46,0.0,622.63,41.7658,-72.6734,2024,4,1,19
2024-04-01 20:00:00,1.0,0.0,1.0,0.0,10.3,64,10.7,222,1009.5,98,36,94,70,0.0,0.0,41.7658,-72.6734,2024,4,1,20
2024-04-01 21:00:00,0.0,0.0,0.0,0.0,7.1,77,10.4,200,1010.8,5,2,2,3,0.0,0.0,41.7658,-72.6734,2024,4,1,21
2024-04-01 22:00:00,0.0,0.0,0.0,0.0,5.9,84,10.5,188,1010.5,2,0,1,1,0.0,0.0,41.7658,-72.6734,2024,4,1,22
2024-04-01 23:00:00,0.0,0.0,0.0,0.0,5.1,87,8.4,205,1010.7,2,0,2,0,0.0,0.0,41.7658,-72.6734,2024,4,1,23
2024-04-02 00:00:00,0.0,0.0,0.0,0.0,4.4,89,6.0,197,1010.4,8,0,3,6,0.0,0.0,41.7658,-72.6734,2024,4,2,0
2024-04-02 01:00:00,0.0,0.0,0.0,0.0,4.2,88,5.4,266,1011.3,24,3,19,7,0.0,0.0,41.7658,-72.6734,2024,4,2,1
2024-04-02 02:00:00,0.0,0.0,0.0,0.0,3.5,91,12.0,353,1011.7,100,8,9,100,0.0,0.0,41.7658,-72.6734,2024,4,2,2
2024-04-02 03:00:00,0.0,0.0,0.0,0.0,3.5,84,12.4,10,1011.4,100,0,34,100,0.0,0.0,41.7658,-72.6734,2024,4,2,3
2024-04-02 04:00:00,0.0,0.0,0.0,0.0,3.7,79,12.7,7,1011.3,100,0,100,100,0.0,0.0,41.7658,-72.6734,2024,4,2,4
2024-04-02 05:00:00,0.0,0.0,0.0,0.0,3.8,77,12.4,10,1011.7,100,0,100,100,0.0,0.0,41.7658,-72.6734,2024,4,2,5
2024-04-02 06:00:00,0.0,0.0,0.0,0.0,3.9,76,11.1,13,1012.4,100,0,100,100,0.0,0.0,41.7658,-72.6734,2024,4,2,6
2024-04-02 07:00:00,1.0,0.0,1.0,0.0,3.8,77,10.0,13,1012.7,100,7,100,100,0.0,0.0,41.7658,-72.6734,2024,4,2,7
2024-04-02 08:00:00,34.0,1.0,33.0,5.7,4.3,75,8.3,358,1013.8,100,22,95,100,0.0,0.0,41.7658,-72.6734,2024,4,2,8
2024-04-02 09:00:00,142.0,10.0,132.0,27.6,6.5,66,7.2,6,1013.2,100,1,97,100,0.0,0.0,41.7658,-72.6734,2024,4,2,9
2024-04-02 10:00:00,248.0,33.0,215.0,62.6,8.0,62,8.4,20,1013.4,100,0,98,100,0.0,78.87,41.7658,-72.6734,2024,4,2,10
2024-04-02 11:00:00,299.0,33.0,266.0,50.0,9.3,59,9.6,34,1013.1,100,0,86,100,0.0,0.0,41.7658,-72.6734,2024,4,2,11
2024-04-02 12:00:00,410.0,82.0,328.0,109.0,11.0,55,10.2,51,1011.7,100,0,100,100,0.0,1469.06,41.7658,-72.6734,2024,4,2,12
2024-04-02 13:00:00,403.0,57.0,346.0,71.4,12.2,54,8.2,67,1011.2,100,9,100,100,0.0,343.48,41.7658,-72.6734,2024,4,2,13
2024-04-02 14:00:00,174.0,1.0,173.0,1.3,11.4,57,12.3,85,1009.7,100,4,100,100,0.2,0.0,41.7658,-72.6734,2024,4,2,14
2024-04-02 15:00:00,190.0,0.0,190.0,0.0,10.8,65,11.6,95,1009.2,100,38,100,100,0.6,0.0,41.7658,-72.6734,2024,4,2,15
2024-04-02 16:00:00,67.0,0.0,67.0,0.0,9.3,87,8.5,102,1009.7,100,29,100,100,1.4,0.0,41.7658,-72.6734,2024,4,2,16
2024-04-02 17:00:00,39.0,0.0,39.0,0.0,8.6,90,8.8,102,1009.3,100,100,100,100,2.1,0.0,41.7658,-72.6734,2024,4,2,17
2024-04-02 18:00:00,29.0,0.0,29.0,0.0,8.2,93,5.9,101,1009.3,100,100,100,99,1.9,0.0,41.7658,-72.6734,2024,4,2,18
2024-04-02 19:00:00,8.0,0.0,8.0,0.0,7.4,97,9.7,63,1009.8,100,100,100,89,1.4,0.0,41.7658,-72.6734,2024,4,2,19
2024-04-02 20:00:00,0.0,0.0,0.0,0.0,6.4,93,13.7,55,1010.1,100,100,100,99,0.9,0.0,41.7658,-72.6734,2024,4,2,20
2024-04-02 21:00:00,0.0,0.0,0.0,0.0,5.7,95,9.7,59,1011.4,100,100,100,100,1.0,0.0,41.7658,-72.6734,2024,4,2,21
2024-04-02 22:00:00,0.0,0.0,0.0,0.0,5.6,95,9.5,65,1011.0,100,100,100,100,0.7,0.0,41.7658,-72.6734,2024,4,2,22
2024-04-02 23:00:00,0.0,0.0,0.0,0.0,5.5,96,9.7,51,1010.5,100,51,100,100,0.3,0.0,41.7658,-72.6734,2024,4,2,23
2024-04-03 00:00:00,0.0,0.0,0.0,0.0,5.3,96,8.9,63,1010.2,100,48,100,100,0.1,0.0,41.7658,-72.6734,2024,4,3,0
2024-04-03 01:00:00,0.0,0.0,0.0,0.0,5.2,95,9.6,56,1009.6,100,14,100,100,0.1,0.0,41.7658,-72.6734,2024,4,3,1
2024-04-03 02:00:00,0.0,0.0,0.0,0.0,5.0,93,9.9,57,1009.3,100,17,100,100,0.0,0.0,41.7658,-72.6734,2024,4,3,2
2024-04-03 03:00:00,0.0,0.0,0.0,0.0,4.6,92,13.3,71,1007.4,100,4,97,100,0.0,0.0,41.7658,-72.6734,2024,4,3,3
2024-04-03 04:00:00,0.0,0.0,0.0,0.0,4.1,91,8.8,55,1007.8,100,21,100,100,0.0,0.0,41.7658,-72.6734,2024,4,3,4
2024-04-03 05:00:00,0.0,0.0,0.0,0.0,4.1,88,10.6,55,1007.9,100,25,100,100,0.0,0.0,41.7658,-72.6734,2024,4,3,5
2024-04-03 06:00:00,0.0,0.0,0.0,0.0,4.2,81,9.3,74,1007.8,100,36,99,100,0.0,0.0,41.7658,-72.6734,2024,4,3,6
2024-04-03 07:00:00,3.0,0.0,3.0,0.0,4.4,73,12.8,79,1007.6,100,68,100,100,0.0,0.0,41.7658,-72.6734,2024,4,3,7
2024-04-03 08:00:00,24.0,0.0,24.0,0.0,4.5,68,15.2,76,1007.3,100,55,100,100,0.1,0.0,41.7658,-72.6734,2024,4,3,8
2024-04-03 09:00:00,33.0,0.0,33.0,0.0,3.5,86,14.7,65,1007.7,100,22,100,100,1.9,0.0,41.7658,-72.6734,2024,4,3,9
2024-04-03 10:00:00,69.0,0.0,69.0,0.0,3.9,92,12.1,67,1008.6,100,36,100,100,1.3,0.0,41.7658,-72.6734,2024,4,3,10
2024-04-03 11:00:00,112.0,0.0,112.0,0.0,4.2,90,15.3,60,1008.1,100,47,100,100,0.5,0.0,41.7658,-72.6734,2024,4,3,11
2024-04-03 12:00:00,113.0,0.0,113.0,0.0,4.5,91,15.3,66,1007.2,100,79,100,100,0.4,0.0,41.7658,-72.6734,2024,4,3,12
2024-04-03 13:00:00,225.0,17.0,208.0,21.2,5.5,83,20.7,70,1005.6,100,67,100,100,0.5,0.0,41.7658,-72.6734,2024,4,3,13
2024-04-03 14:00:00,294.0,16.0,278.0,20.1,6.1,78,19.7,75,1004.8,100,100,100,100,0.4,0.0,41.7658,-72.6734,2024,4,3,14
2024-04-03 15:00:00,117.0,0.0,117.0,0.0,5.0,91,17.7,66,1003.9,100,100,100,100,2.1,0.0,41.7658,-72.6734,2024,4,3,15
2024-04-03 16:00:00,83.0,3.0,80.0,4.7,4.8,92,18.8,70,1001.4,99,21,96,74,1.8,0.0,41.7658,-72.6734,2024,4,3,16
2024-04-03 17:00:00,151.0,6.0,145.0,12.0,5.1,89,16.3,62,1001.9,100,83,100,100,0.8,0.0,41.7658,-72.6734,2024,4,3,17
2024-04-03 18:00:00,16.0,0.0,16.0,0.0,4.3,91,18.9,59,1000.3,100,100,100,100,1.4,0.0,41.7658,-72.6734,2024,4,3,18
2024-04-03 19:00:00,13.0,0.0,13.0,0.0,3.8,93,15.2,36,1000.9,100,100,100,100,2.9,0.0,41.7658,-72.6734,2024,4,3,19
2024-04-03 20:00:00,0.0,0.0,0.0,0.0,3.5,93,18.6,47,999.7,100,100,100,96,2.3,0.0,41.7658,-72.6734,2024,4,3,20
2024-04-03 21:00:00,0.0,0.0,0.0,0.0,2.7,91,17.3,45,1000.8,100,100,100,40,1.6,0.0,41.7658,-72.6734,2024,4,3,21
2024-04-03 22:00:00,0.0,0.0,0.0,0.0,2.6,92,19.1,41,999.3,100,100,100,13,1.6,0.0,41.7658,-72.6734,2024,4,3,22
2024-04-03 23:00:00,0.0,0.0,0.0,0.0,2.7,92,19.5,25,997.9,100,100,100,14,1.6,0.0,41.7658,-72.6734,2024,4,3,23
2024-04-04 00:00:00,0.0,0.0,0.0,0.0,3.0,92,19.1,32,996.5,100,100,100,80,0.5,0.0,41.7658,-72.6734,2024,4,4,0
2024-04-04 01:00:00,0.0,0.0,0.0,0.0,3.2,92,18.6,22,995.0,100,100,100,91,2.6,0.0,41.7658,-72.6734,2024,4,4,1
2024-04-04 02:00:00,0.0,0.0,0.0,0.0,3.1,93,22.2,27,992.9,100,100,100,93,3.0,0.0,41.7658,-72.6734,2024,4,4,2
2024-04-04 03:00:00,0.0,0.0,0.0,0.0,2.9,93,22.5,27,991.0,100,100,100,62,3.0,0.0,41.7658,-72.6734,2024,4,4,3
2024-04-04 04:00:00,0.0,0.0,0.0,0.0,2.9,92,20.1,15,990.0,100,100,100,27,2.3,0.0,41.7658,-72.6734,2024,4,4,4
2024-04-04 05:00:00,0.0,0.0,0.0,0.0,2.8,93,20.8,14,988.0,100,100,100,0,0.3,0.0,41.7658,-72.6734,2024,4,4,5
2024-04-04 06:00:00,0.0,0.0,0.0,0.0,2.8,90,20.1,15,986.7,100,100,95,0,0.1,0.0,41.7658,-72.6734,2024,4,4,6
2024-04-04 07:00:00,1.0,0.0,1.0,0.0,2.7,89,16.6,1,986.5,100,100,100,0,0.3,0.0,41.7658,-72.6734,2024,4,4,7
2024-04-04 08:00:00,7.0,0.0,7.0,0.0,2.1,95,19.0,333,987.8,100,100,100,0,1.9,0.0,41.7658,-72.6734,2024,4,4,8
2024-04-04 09:00:00,31.0,0.0,31.0,0.0,1.2,98,25.0,353,989.6,100,100,100,0,1.5,0.0,41.7658,-72.6734,2024,4,4,9
2024-04-04 10:00:00,78.0,1.0,77.0,1.9,1.6,97,22.1,354,989.9,100,100,100,0,1.0,0.0,41.7658,-72.6734,2024,4,4,10
2024-04-04 11:00:00,89.0,0.0,89.0,0.0,1.7,96,20.6,355,989.8,100,100,100,0,0.6,0.0,41.7658,-72.6734,2024,4,4,11
2024-04-04 12:00:00,226.0,7.0,219.0,9.2,3.1,85,23.1,2,990.0,100,100,100,0,0.3,0.0,41.7658,-72.6734,2024,4,4,12
2024-04-04 13:00:00,183.0,3.0,180.0,3.7,3.3,85,20.5,350,990.4,100,100,100,0,0.1,0.0,41.7658,-72.6734,2024,4,4,13
2024-04-04 14:00:00,197.0,17.0,180.0,21.2,3.7,81,18.2,335,991.6,100,100,100,0,0.1,0.0,41.7658,-72.6734,2024,4,4,14
2024-04-04 15:00:00,131.0,9.0,122.0,12.1,3.7,76,17.7,333,992.1,100,100,100,0,0.1,0.0,41.7658,-72.6734,2024,4,4,15
2024-04-04 16:00:00,160.0,11.0,149.0,17.1,4.2,69,18.6,338,992.7,100,100,100,3,0.0,0.0,41.7658,-72.6734,2024,4,4,16
2024-04-04 17:00:00,128.0,7.0,121.0,13.9,4.3,64,17.1,342,993.5,100,100,100,0,0.0,0.0,41.7658,-72.6734,2024,4,4,17
2024-04-04 18:00:00,71.0,0.0,71.0,0.0,3.9,65,13.0,346,994.5,100,100,100,1,0.0,0.0,41.7658,-72.6734,2024,4,4,18
2024-04-04 19:00:00,30.0,0.0,30.0,0.0,3.3,67,11.9,355,994.7,51,50,31,0,0.0,0.0,41.7658,-72.6734,2024,4,4,19
2024-04-04 20:00:00,2.0,0.0,2.0,0.0,1.8,74,9.3,347,994.9,6,1,0,4,0.0,0.0,41.7658,-72.6734,2024,4,4,20
2024-04-04 21:00:00,0.0,0.0,0.0,0.0,0.9,78,8.1,328,995.0,89,2,2,89,0.0,0.0,41.7658,-72.6734,2024,4,4,21
2024-04-04 22:00:00,0.0,0.0,0.0,0.0,0.3,84,8.4,290,995.2,96,12,41,96,0.0,0.0,41.7658,-72.6734,2024,4,4,22
2024-04-04 23:00:00,0.0,0.0,0.0,0.0,0.0,88,8.8,282,995.2,100,0,85,100,0.0,0.0,41.7658,-72.6734,2024,4,4,23
2024-04-05 00:00:00,0.0,0.0,0.0,0.0,0.2,87,9.2,296,995.2,100,0,77,100,0.0,0.0,41.7658,-72.6734,2024,4,5,0
2024-04-05 01:00:00,0.0,0.0,0.0,0.0,-0.1,89,8.2,293,995.5,100,5,67,100,0.0,0.0,41.7658,-72.6734,2024,4,5,1
2024-04-05 02:00:00,0.0,0.0,0.0,0.0,-0.6,90,8.4,280,995.5,22,15,14,4,0.0,0.0,41.7658,-72.6734,2024,4,5,2
2024-04-05 03:00:00,0.0,0.0,0.0,0.0,-0.7,90,9.0,268,995.6,92,13,34,88,0.0,0.0,41.7658,-72.6734,2024,4,5,3
2024-04-05 04:00:00,0.0,0.0,0.0,0.0,-0.7,90,8.6,248,995.7,100,9,50,100,0.0,0.0,41.7658,-72.6734,2024,4,5,4
2024-04-05 05:00:00,0.0,0.0,0.0,0.0,-0.4,88,7.1,240,995.9,62,13,45,23,0.0,0.0,41.7658,-72.6734,2024,4,5,5
2024-04-05 06:00:00,0.0,0.0,0.0,0.0,-0.8,88,8.2,232,995.9,51,12,44,0,0.0,0.0,41.7658,-72.6734,2024,4,5,6
2024-04-05 07:00:00,10.0,3.0,7.0,44.7,-0.3,87,8.9,238,996.3,37,11,28,2,0.0,41.83,41.7658,-72.6734,2024,4,5,7
2024-04-05 08:00:00,128.0,68.0,60.0,354.3,2.4,75,11.8,290,996.4,39,26,13,5,0.0,3600.0,41.7658,-72.6734,2024,4,5,8
2024-04-05 09:00:00,286.0,164.0,122.0,435.1,4.3,62,17.2,303,996.6,41,30,13,4,0.0,3600.0,41.7658,-72.6734,2024,4,5,9
2024-04-05 10:00:00,468.0,314.0,154.0,580.2,5.9,52,17.5,302,996.6,48,46,5,1,0.0,3600.0,41.7658,-72.6734,2024,4,5,10
2024-04-05 11:00:00,601.0,422.0,179.0,626.5,7.1,47,18.7,298,996.8,94,94,65,0,0.0,3600.0,41.7658,-72.6734,2024,4,5,11
2024-04-05 12:00:00,478.0,176.0,302.0,230.0,7.2,47,19.5,298,996.9,94,92,84,0,0.0,3600.0,41.7658,-72.6734,2024,4,5,12
2024-04-05 13:00:00,446.0,136.0,310.0,168.0,7.4,47,20.8,298,997.1,98,97,89,0,0.0,3239.13,41.7658,-72.6734,2024,4,5,13
2024-04-05 14:00:00,364.0,91.0,273.0,113.2,7.3,47,20.5,298,997.6,99,98,93,0,0.0,1595.38,41.7658,-72.6734,2024,4,5,14
2024-04-05 15:00:00,402.0,119.0,283.0,158.9,7.8,45,20.7,301,997.6,100,100,100,0,0.0,2968.31,41.7658,-72.6734,2024,4,5,15
2024-04-05 16:00:00,316.0,84.0,232.0,129.7,7.8,45,19.7,305,997.9,100,96,100,0,0.0,2092.31,41.7658,-72.6734,2024,4,5,16
2024-04-05 17:00:00,152.0,1.0,151.0,2.0,7.0,48,18.5,303,998.5,100,16,100,0,0.0,0.0,41.7658,-72.6734,2024,4,5,17
2024-04-05 18:00:00,82.0,4.0,78.0,11.9,6.4,54,13.8,303,999.4,100,16,100,0,0.0,0.0,41.7658,-72.6734,2024,4,5,18
2024-04-05 19:00:00,28.0,0.0,28.0,0.0,5.7,60,10.2,309,1000.1,100,12,100,0,0.0,0.0,41.7658,-72.6734,2024,4,5,19
2024-04-05 20:00:00,1.0,0.0,1.0,0.0,4.9,65,9.5,295,1000.6,100,26,100,1,0.0,0.0,41.7658,-72.6734,2024,4,5,20
2024-04-05 21:00:00,0.0,0.0,0.0,0.0,4.6,69,12.6,294,1000.9,100,14,100,6,0.0,0.0,41.7658,-72.6734,2024,4,5,21
2024-04-05 22:00:00,0.0,0.0,0.0,0.0,4.1,71,11.9,295,1000.7,96,16,96,0,0.0,0.0,41.7658,-72.6734,2024,4,5,22
2024-04-05 23:00:00,0.0,0.0,0.0,0.0,3.5,74,11.6,296,1000.5,62,27,57,0,0.0,0.0,41.7658,-72.6734,2024,4,5,23
2024-04-06 00:00:00,0.0,0.0,0.0,0.0,3.1,78,12.4,306,1000.5,71,40,62,4,0.0,0.0,41.7658,-72.6734,2024,4,6,0
2024-04-06 01:00:00,0.0,0.0,0.0,0.0,3.2,79,12.8,310,1000.5,95,41,94,0,0.0,0.0,41.7658,-72.6734,2024,4,6,1
2024-04-06 02:00:00,0.0,0.0,0.0,0.0,3.3,78,12.7,325,1000.4,57,47,18,0,0.0,0.0,41.7658,-72.6734,2024,4,6,2
2024-04-06 03:00:00,0.0,0.0,0.0,0.0,2.6,77,13.4,336,1000.7,57,28,41,0,0.0,0.0,41.7658,-72.6734,2024,4,6,3
2024-04-06 04:00:00,0.0,0.0,0.0,0.0,2.0,78,11.4,342,1000.8,46,18,34,0,0.0,0.0,41.7658,-72.6734,2024,4,6,4
2024-04-06 05:00:00,0.0,0.0,0.0,0.0,1.5,80,12.5,342,1001.3,33,8,27,0,0.0,0.0,41.7658,-72.6734,2024,4,6,5
2024-04-06 06:00:00,0.0,0.0,0.0,0.0,1.1,79,11.6,338,1001.8,31,0,31,0,0.0,0.0,41.7658,-72.6734,2024,4,6,6
2024-04-06 07:00:00,12.0,4.0,8.0,57.4,1.2,77,11.4,342,1002.4,62,6,60,0,0.0,303.41,41.7658,-72.6734,2024,4,6,7
2024-04-06 08:00:00,130.0,67.0,63.0,339.9,3.1,67,15.1,348,1002.8,29,15,24,0,0.0,3600.0,41.7658,-72.6734,2024,4,6,8
2024-04-06 09:00:00,331.0,242.0,89.0,633.8,5.0,57,22.4,355,1002.8,57,44,22,0,0.0,3600.0,41.7658,-72.6734,2024,4,6,9
2024-04-06 10:00:00,437.0,262.0,175.0,480.0,5.9,54,24.9,355,1003.4,100,100,9,0,0.0,3600.0,41.7658,-72.6734,2024,4,6,10
2024-04-06 11:00:00,341.0,50.0,291.0,73.7,6.4,52,21.9,351,1003.7,100,100,2,0,0.0,412.26,41.7658,-72.6734,2024,4,6,11
2024-04-06 12:00:00,494.0,166.0,328.0,215.8,7.8,50,21.7,348,1003.6,100,100,47,100,0.0,3600.0,41.7658,-72.6734,2024,4,6,12
2024-04-06 13:00:00,476.0,111.0,365.0,136.4,8.4,49,23.1,345,1003.5,100,100,88,12,0.0,2293.18,41.7658,-72.6734,2024,4,6,13
2024-04-06 14:00:00,357.0,63.0,294.0,78.0,8.5,48,22.6,343,1003.7,100,100,89,1,0.0,540.02,41.7658,-72.6734,2024,4,6,14
2024-04-06 15:00:00,334.0,70.0,264.0,93.1,8.8,47,23.4,346,1004.1,100,100,96,23,0.0,991.96,41.7658,-72.6734,2024,4,6,15
2024-04-06 16:00:00,256.0,21.0,235.0,32.3,9.0,47,21.6,345,1004.2,99,99,75,6,0.0,0.0,41.7658,-72.6734,2024,4,6,16
2024-04-06 17:00:00,272.0,89.0,183.0,174.4,9.5,44,21.2,342,1004.4,94,36,92,24,0.0,3430.62,41.7658,-72.6734,2024,4,6,17
2024-04-06 18:00:00,145.0,30.0,115.0,88.0,8.8,47,18.6,338,1005.5,98,91,76,76,0.0,840.97,41.7658,-72.6734,2024,4,6,18
2024-04-06 19:00:00,61.0,15.0,46.0,97.8,7.1,54,18.3,340,1006.9,69,46,51,15,0.0,1134.67,41.7658,-72.6734,2024,4,6,19
2024-04-06 20:00:00,3.0,0.0,3.0,0.0,5.7,59,15.5,342,1007.8,67,6,62,10,0.0,0.0,41.7658,-72.6734,2024,4,6,20
2024-04-06 21:00:00,0.0,0.0,0.0,0.0,4.7,62,15.0,339,1008.2,62,7,42,30,0.0,0.0,41.7658,-72.6734,2024,4,6,21
2024-04-06 22:00:00,0.0,0.0,0.0,0.0,3.7,66,14.2,339,1008.8,47,38,11,7,0.0,0.0,41.7658,-72.6734,2024,4,6,22
2024-04-06 23:00:00,0.0,0.0,0.0,0.0,3.1,72,12.4,343,1009.3,32,28,5,1,0.0,0.0,41.7658,-72.6734,2024,4,6,23
2024-04-07 00:00:00,0.0,0.0,0.0,0.0,2.5,76,10.4,346,1009.6,36,31,5,3,0.0,0.0,41.7658,-72.6734,2024,4,7,0
2024-04-07 01:00:00,0.0,0.0,0.0,0.0,1.9,81,9.3,347,1009.9,78,50,55,2,0.0,0.0,41.7658,-72.6734,2024,4,7,1
2024-04-07 02:00:00,0.0,0.0,0.0,0.0,1.5,84,9.9,350,1010.1,100,27,97,93,0.0,0.0,41.7658,-72.6734,2024,4,7,2
2024-04-07 03:00:00,0.0,0.0,0.0,0.0,1.7,84,10.1,354,1010.2,55,36,33,0,0.0,0.0,41.7658,-72.6734,2024,4,7,3
2024-04-07 04:00:00,0.0,0.0,0.0,0.0,1.4,86,10.5,356,1010.6,36,30,12,0,0.0,0.0,41.7658,-72.6734,2024,4,7,4
2024-04-07 05:00:00,0.0,0.0,0.0,0.0,1.1,87,10.8,360,1011.3,36,35,0,0,0.0,0.0,41.7658,-72.6734,2024,4,7,5
2024-04-07 06:00:00,0.0,0.0,0.0,0.0,0.6,89,10.8,360,1011.8,22,22,0,0,0.0,0.0,41.7658,-72.6734,2024,4,7,6
2024-04-07 07:00:00,14.0,4.0,10.0,55.3,0.7,88,11.5,356,1012.7,13,13,0,0,0.0,255.2,41.7658,-72.6734,2024,4,7,7
2024-04-07 08:00:00,140.0,80.0,60.0,395.6,2.4,77,15.1,360,1013.6,32,32,0,0,0.0,3600.0,41.7658,-72.6734,2024,4,7,8
2024-04-07 09:00:00,338.0,257.0,81.0,664.5,5.1,65,15.1,360,1013.2,0,0,0,0,0.0,3600.0,41.7658,-72.6734,2024,4,7,9
2024-04-07 10:00:00,523.0,420.0,103.0,762.9,6.7,54,18.1,6,1013.6,40,40,0,0,0.0,3600.0,41.7658,-72.6734,2024,4,7,10
2024-04-07 11:00:00,622.0,447.0,175.0,655.0,8.2,49,16.3,5,1013.7,100,100,0,0,0.0,3600.0,41.7658,-72.6734,2024,4,7,11
2024-04-07 12:00:00,548.0,222.0,326.0,287.0,8.9,47,16.9,359,1013.9,85,85,0,0,0.0,3600.0,41.7658,-72.6734,2024,4,7,12
2024-04-07 13:00:00,579.0,234.0,345.0,286.3,9.9,43,17.7,356,1013.4,100,100,79,0,0.0,3600.0,41.7658,-72.6734,2024,4,7,13
2024-04-07 14:00:00,581.0,218.0,363.0,268.7,11.0,40,18.7,360,1013.0,100,65,100,0,0.0,3600.0,41.7658,-72.6734,2024,4,7,14
2024-04-07 15:00:00,485.0,165.0,320.0,218.4,11.6,39,19.5,4,1012.7,82,5,82,0,0.0,3600.0,41.7658,-72.6734,2024,4,7,15
2024-04-07 16:00:00,384.0,123.0,261.0,188.0,11.7,40,18.2,9,1012.6,80,0,80,0,0.0,3600.0,41.7658,-72.6734,2024,4,7,16
2024-04-07 17:00:00,304.0,116.0,188.0,225.8,11.7,39,16.6,18,1012.6,65,0,65,0,0.0,3600.0,41.7658,-72.6734,2024,4,7,17
2024-04-07 18:00:00,234.0,127.0,107.0,369.1,11.6,40,11.3,22,1012.9,19,0,19,0,0.0,3600.0,41.7658,-72.6734,2024,4,7,18
2024-04-07 19:00:00,106.0,64.0,42.0,408.4,8.9,53,7.9,39,1013.8,28,7,28,0,0.0,3600.0,41.7658,-72.6734,2024,4,7,19
2024-04-07 20:00:00,4.0,1.0,3.0,19.1,6.6,63,6.1,357,1014.6,2,2,0,0,0.0,0.0,41.7658,-72.6734,2024,4,7,20
2024-04-07 21:00:00,0.0,0.0,0.0,0.0,5.5,68,8.5,258,1015.3,15,15,1,0,0.0,0.0,41.7658,-72.6734,2024,4,7,21
2024-04-07 22:00:00,0.0,0.0,0.0,0.0,4.5,74,6.3,294,1015.7,0,0,0,0,0.0,0.0,41.7658,-72.6734,2024,4,7,22
2024-04-07 23:00:00,0.0,0.0,0.0,0.0,2.7,84,7.9,330,1016.1,0,0,0,0,0.0,0.0,41.7658,-72.6734,2024,4,7,23
2024-04-08 00:00:00,0.0,0.0,0.0,0.0,2.2,83,6.9,351,1016.4,0,0,0,0,0.0,0.0,41.7658,-72.6734,2024,4,8,0
2024-04-08 01:00:00,0.0,0.0,0.0,0.0,1.6,85,6.2,21,1016.4,0,0,0,0,0.0,0.0,41.7658,-72.6734,2024,4,8,1
2024-04-08 02:00:00,0.0,0.0,0.0,0.0,0.9,88,6.2,7,1016.4,0,0,0,0,0.0,0.0,41.7658,-72.6734,2024,4,8,2
2024-04-08 03:00:00,0.0,0.0,0.0,0.0,0.3,89,6.5,6,1016.4,0,0,0,0,0.0,0.0,41.7658,-72.6734,2024,4,8,3
2024-04-08 04:00:00,0.0,0.0,0.0,0.0,-0.2,90,7.2,18,1016.2,0,0,0,0,0.0,0.0,41.7658,-72.6734,2024,4,8,4
2024-04-08 05:00:00,0.0,0.0,0.0,0.0,0.0,89,5.8,360,1016.5,0,0,0,0,0.0,0.0,41.7658,-72.6734,2024,4,8,5
2024-04-08 06:00:00,0.0,0.0,0.0,0.0,-1.3,93,6.7,344,1016.9,0,0,0,0,0.0,0.0,41.7658,-72.6734,2024,4,8,6
2024-04-08 07:00:00,17.0,9.0,8.0,120.2,-0.4,93,3.2,27,1017.4,0,0,0,0,0.0,1761.74,41.7658,-72.6734,2024,4,8,7
2024-04-08 08:00:00,160.0,112.0,48.0,540.2,2.6,83,0.7,360,1017.7,0,0,0,0,0.0,3600.0,41.7658,-72.6734,2024,4,8,8
2024-04-08 09:00:00,362.0,290.0,72.0,740.5,6.5,65,1.3,34,1017.6,27,0,0,27,0.0,3600.0,41.7658,-72.6734,2024,4,8,9
2024-04-08 10:00:00,552.0,467.0,85.0,841.2,10.2,53,1.0,315,1017.7,96,0,0,96,0.0,3600.0,41.7658,-72.6734,2024,4,8,10
2024-04-08 11:00:00,695.0,576.0,119.0,838.7,13.4,42,2.3,321,1017.1,100,0,0,100,0.0,3600.0,41.7658,-72.6734,2024,4,8,11
2024-04-08 12:00:00,809.0,694.0,115.0,892.6,15.6,34,3.3,311,1016.6,100,0,0,100,0.0,3600.0,41.7658,-72.6734,2024,4,8,12
2024-04-08 13:00:00,853.0,719.0,134.0,875.6,17.3,32,4.0,275,1015.8,100,0,0,100,0.0,3600.0,41.7658,-72.6734,2024,4,8,13
2024-04-08 14:00:00,840.0,700.0,140.0,859.1,18.6,31,5.4,262,1014.9,90,0,0,90,0.0,3600.0,41.7658,-72.6734,2024,4,8,14
2024-04-08 15:00:00,763.0,619.0,144.0,815.6,19.2,30,6.2,260,1013.9,100,0,0,100,0.0,3600.0,41.7658,-72.6734,2024,4,8,15
2024-04-08 16:00:00,608.0,421.0,187.0,640.4,19.2,29,8.3,268,1013.2,100,0,0,100,0.0,3600.0,41.7658,-72.6734,2024,4,8,16
2024-04-08 17:00:00,338.0,90.0,248.0,174.1,18.2,31,8.3,275,1012.6,100,0,0,100,0.0,3422.97,41.7658,-72.6734,2024,4,8,17
2024-04-08 18:00:00,143.0,13.0,130.0,37.4,15.8,45,8.7,265,1012.6,100,0,89,100,0.0,0.0,41.7658,-72.6734,2024,4,8,18
2024-04-08 19:00:00,59.0,4.0,55.0,25.0,13.8,49,8.8,261,1013.0,99,0,99,76,0.0,0.0,41.7658,-72.6734,2024,4,8,19
2024-04-08 20:00:00,3.0,0.0,3.0,0.0,12.1,53,9.5,259,1013.5,76,0,75,4,0.0,0.0,41.7658,-72.6734,2024,4,8,20
2024-04-08 21:00:00,0.0,0.0,0.0,0.0,11.1,56,6.2,234,1013.7,77,0,6,76,0.0,0.0,41.7658,-72.6734,2024,4,8,21
2024-04-08 22:00:00,0.0,0.0,0.0,0.0,9.0,62,6.4,227,1013.6,27,0,0,26,0.0,0.0,41.7658,-72.6734,2024,4,8,22
2024-04-08 23:00:00,0.0,0.0,0.0,0.0,7.1,67,7.7,217,1013.4,4,0,4,0,0.0,0.0,41.7658,-72.6734,2024,4,8,23
2024-04-09 00:00:00,0.0,0.0,0.0,0.0,6.6,67,7.9,223,1013.3,9,0,9,0,0.0,0.0,41.7658,-72.6734,2024,4,9,0
2024-04-09 01:00:00,0.0,0.0,0.0,0.0,5.5,74,7.4,241,1013.3,20,0,20,0,0.0,0.0,41.7658,-72.6734,2024,4,9,1
2024-04-09 02:00:00,0.0,0.0,0.0,0.0,5.6,67,6.2,249,1013.3,25,0,25,0,0.0,0.0,41.7658,-72.6734,2024,4,9,2
2024-04-09 03:00:00,0.0,0.0,0.0,0.0,5.5,64,3.7,259,1013.1,41,0,41,0,0.0,0.0,41.7658,-72.6734,2024,4,9,3
2024-04-09 04:00:00,0.0,0.0,0.0,0.0,5.0,67,2.5,262,1013.0,61,0,61,0,0.0,0.0,41.7658,-72.6734,2024,4,9,4
2024-04-09 05:00:00,0.0,0.0,0.0,0.0,4.9,68,1.6,207,1012.6,44,0,44,0,0.0,0.0,41.7658,-72.6734,2024,4,9,5
2024-04-09 06:00:00,0.0,0.0,0.0,0.0,4.0,75,3.9,338,1012.6,2,0,2,0,0.0,0.0,41.7658,-72.6734,2024,4,9,6
2024-04-09 07:00:00,18.0,8.0,10.0,103.3,3.6,80,3.9,338,1013.5,0,0,0,0,0.0,1404.36,41.7658,-72.6734,2024,4,9,7
2024-04-09 08:00:00,158.0,108.0,50.0,508.4,6.4,72,4.0,350,1014.2,24,0,0,24,0.0,3600.0,41.7658,-72.6734,2024,4,9,8
2024-04-09 09:00:00,353.0,280.0,73.0,706.2,11.1,58,2.9,353,1013.9,72,0,0,72,0.0,3600.0,41.7658,-72.6734,2024,4,9,9
2024-04-09 10:00:00,524.0,411.0,113.0,734.3,14.4,48,2.7,23,1013.5,35,0,0,35,0.0,3600.0,41.7658,-72.6734,2024,4,9,10
2024-04-09 11:00:00,684.0,570.0,114.0,824.8,17.4,37,3.8,17,1013.3,13,0,0,13,0.0,3600.0,41.7658,-72.6734,2024,4,9,11
2024-04-09 12:00:00,801.0,699.0,102.0,894.4,19.1,29,4.3,360,1013.1,29,0,0,29,0.0,3600.0,41.7658,-72.6734,2024,4,9,12
2024-04-09 13:00:00,852.0,751.0,101.0,910.4,20.2,30,5.1,4,1012.9,37,0,0,37,0.0,3600.0,41.7658,-72.6734,2024,4,9,13
2024-04-09 14:00:00,841.0,736.0,105.0,899.4,21.0,31,4.7,9,1012.7,18,0,0,18,0.0,3600.0,41.7658,-72.6734,2024,4,9,14
2024-04-09 15:00:00,773.0,674.0,99.0,884.2,21.6,32,2.4,27,1012.3,99,0,0,99,0.0,3600.0,41.7658,-72.6734,2024,4,9,15
2024-04-09 16:00:00,644.0,534.0,110.0,808.4,21.8,33,3.4,108,1011.6,98,0,0,98,0.0,3600.0,41.7658,-72.6734,2024,4,9,16
2024-04-09 17:00:00,462.0,336.0,126.0,646.0,21.4,35,6.1,135,1011.5,97,0,0,97,0.0,3600.0,41.7658,-72.6734,2024,4,9,17
2024-04-09 18:00:00,282.0,192.0,90.0,547.7,19.9,43,9.3,126,1011.6,97,0,0,97,0.0,3600.0,41.7658,-72.6734,2024,4,9,18
2024-04-09 19:00:00,107.0,62.0,45.0,379.3,16.7,54,8.3,162,1011.9,10,0,0,10,0.0,3600.0,41.7658,-72.6734,2024,4,9,19
2024-04-09 20:00:00,5.0,2.0,3.0,37.8,13.6,65,12.8,164,1012.5,27,0,0,27,0.0,0.0,41.7658,-72.6734,2024,4,9,20
2024-04-09 21:00:00,0.0,0.0,0.0,0.0,12.7,62,11.4,169,1013.3,100,0,0,100,0.0,0.0,41.7658,-72.6734,2024,4,9,21
2024-04-09 22:00:00,0.0,0.0,0.0,0.0,11.1,60,10.9,153,1013.6,100,0,0,100,0.0,0.0,41.7658,-72.6734,2024,4,9,22
2024-04-09 23:00:00,0.0,0.0,0.0,0.0,9.7,58,8.9,159,1014.1,52,0,0,52,0.0,0.0,41.7658,-72.6734,2024,4,9,23
2024-04-10 00:00:00,0.0,0.0,0.0,0.0,8.3,60,8.7,156,1014.1,79,0,0,79,0.0,0.0,41.7658,-72.6734,2024,4,10,0
2024-04-10 01:00:00,0.0,0.0,0.0,0.0,7.5,65,6.7,126,1014.0,73,0,0,73,0.0,0.0,41.7658,-72.6734,2024,4,10,1
2024-04-10 02:00:00,0.0,0.0,0.0,0.0,7.2,66,6.8,122,1014.2,91,0,16,91,0.0,0.0,41.7658,-72.6734,2024,4,10,2
2024-04-10 03:00:00,0.0,0.0,0.0,0.0,6.8,75,5.2,124,1014.3,100,0,69,100,0.0,0.0,41.7658,-72.6734,2024,4,10,3
2024-04-10 04:00:00,0.0,0.0,0.0,0.0,6.9,69,6.0,107,1014.0,100,0,45,100,0.0,0.0,41.7658,-72.6734,2024,4,10,4
2024-04-10 05:00:00,0.0,0.0,0.0,0.0,6.4,72,6.1,118,1014.1,89,0,37,88,0.0,0.0,41.7658,-72.6734,2024,4,10,5
2024-04-10 06:00:00,0.0,0.0,0.0,0.0,5.3,81,6.6,158,1014.6,95,0,74,92,0.0,0.0,41.7658,-72.6734,2024,4,10,6
2024-04-10 07:00:00,17.0,3.0,14.0,37.5,6.1,75,5.9,137,1015.4,100,0,98,100,0.0,0.0,41.7658,-72.6734,2024,4,10,7
2024-04-10 08:00:00,109.0,26.0,83.0,119.6,7.8,70,4.3,138,1015.5,98,0,78,95,0.0,1786.99,41.7658,-72.6734,2024,4,10,8
2024-04-10 09:00:00,310.0,193.0,117.0,481.0,10.4,65,4.4,125,1015.6,60,0,36,53,0.0,3600.0,41.7658,-72.6734,2024,4,10,9
2024-04-10 10:00:00,512.0,390.0,122.0,691.2,13.3,59,5.6,135,1015.5,79,0,38,78,0.0,3600.0,41.7658,-72.6734,2024,4,10,10
2024-04-10 11:00:00,670.0,549.0,121.0,789.6,16.0,52,9.2,154,1015.0,100,0,98,100,0.0,3600.0,41.7658,-72.6734,2024,4,10,11
2024-04-10 12:00:00,653.0,332.0,321.0,422.7,17.7,47,12.2,166,1014.6,100,0,98,100,0.0,3600.0,41.7658,-72.6734,2024,4,10,12
2024-04-10 13:00:00,530.0,130.0,400.0,156.9,18.1,46,14.7,163,1014.1,100,0,100,100,0.0,2906.74,41.7658,-72.6734,2024,4,10,13
2024-04-10 14:00:00,603.0,226.0,377.0,275.0,18.5,45,14.2,164,1013.6,99,0,48,99,0.0,3600.0,41.7658,-72.6734,2024,4,10,14
2024-04-10 15:00:00,660.0,400.0,260.0,522.5,18.8,44,14.7,163,1013.4,100,0,93,100,0.0,3600.0,41.7658,-72.6734,2024,4,10,15
2024-04-10 16:00:00,364.0,173.0,191.0,260.6,17.8,48,12.4,158,1012.8,100,0,71,100,0.0,3600.0,41.7658,-72.6734,2024,4,10,16
2024-04-10 17:00:00,273.0,105.0,168.0,200.6,17.1,56,10.8,150,1012.5,100,31,95,99,0.0,3600.0,41.7658,-72.6734,2024,4,10,17
2024-04-10 18:00:00,158.0,48.0,110.0,135.7,16.1,63,9.4,140,1012.7,100,95,100,100,0.0,2270.18,41.7658,-72.6734,2024,4,10,18
2024-04-10 19:00:00,30.0,0.0,30.0,0.0,14.4,69,10.3,144,1012.7,100,100,100,100,0.0,0.0,41.7658,-72.6734,2024,4,10,19
2024-04-10 20:00:00,1.0,0.0,1.0,0.0,13.3,73,7.5,145,1013.6,100,100,100,77,0.0,0.0,41.7658,-72.6734,2024,4,10,20
2024-04-10 21:00:00,0.0,0.0,0.0,0.0,12.6,78,6.9,99,1014.2,100,100,93,99,0.2,0.0,41.7658,-72.6734,2024,4,10,21
2024-04-10 22:00:00,0.0,0.0,0.0,0.0,11.5,88,7.2,93,1014.6,100,100,60,100,0.4,0.0,41.7658,-72.6734,2024,4,10,22
2024-04-10 23:00:00,0.0,0.0,0.0,0.0,10.9,91,7.4,76,1014.2,100,99,4,100,0.0,0.0,41.7658,-72.6734,2024,4,10,23
2024-04-11 00:00:00,0.0,0.0,0.0,0.0,10.4,92,6.8,72,1013.8,100,100,5,99,0.0,0.0,41.7658,-72.6734,2024,4,11,0
2024-04-11 01:00:00,0.0,0.0,0.0,0.0,10.3,94,4.1,345,1014.5,100,100,38,100,0.0,0.0,41.7658,-72.6734,2024,4,11,1
2024-04-11 02:00:00,0.0,0.0,0.0,0.0,10.1,95,6.4,47,1013.9,100,100,3,90,0.0,0.0,41.7658,-72.6734,2024,4,11,2
2024-04-11 03:00:00,0.0,0.0,0.0,0.0,10.0,94,5.6,45,1013.4,100,100,5,99,0.0,0.0,41.7658,-72.6734,2024,4,11,3
2024-04-11 04:00:00,0.0,0.0,0.0,0.0,9.9,95,5.0,21,1013.3,100,100,95,100,0.0,0.0,41.7658,-72.6734,2024,4,11,4
2024-04-11 05:00:00,0.0,0.0,0.0,0.0,9.9,95,5.6,27,1013.0,100,100,29,100,0.0,0.0,41.7658,-72.6734,2024,4,11,5
2024-04-11 06:00:00,0.0,0.0,0.0,0.0,9.8,96,5.0,30,1013.0,100,100,52,100,0.0,0.0,41.7658,-72.6734,2024,4,11,6
2024-04-11 07:00:00,5.0,0.0,5.0,0.0,10.0,95,7.3,33,1012.9,100,100,99,100,0.0,0.0,41.7658,-72.6734,2024,4,11,7
2024-04-11 08:00:00,28.0,0.0,28.0,0.0,10.5,93,6.4,47,1013.3,100,100,100,100,0.2,0.0,41.7658,-72.6734,2024,4,11,8
2024-04-11 09:00:00,74.0,0.0,74.0,0.0,10.7,94,11.0,58,1013.2,100,100,100,100,0.6,0.0,41.7658,-72.6734,2024,4,11,9
2024-04-11 10:00:00,85.0,0.0,85.0,0.0,11.0,94,8.0,95,1013.7,100,99,95,100,0.8,0.0,41.7658,-72.6734,2024,4,11,10
2024-04-11 11:00:00,191.0,4.0,187.0,5.7,12.1,94,10.7,110,1013.1,100,100,99,100,0.5,0.0,41.7658,-72.6734,2024,4,11,11
2024-04-11 12:00:00,235.0,5.0,230.0,6.3,13.2,89,12.0,131,1012.8,100,100,100,100,0.6,0.0,41.7658,-72.6734,2024,4,11,12
2024-04-11 13:00:00,127.0,0.0,127.0,0.0,13.1,90,11.2,123,1012.3,100,100,90,100,0.3,0.0,41.7658,-72.6734,2024,4,11,13
2024-04-11 14:00:00,279.0,23.0,256.0,27.9,14.5,87,14.9,143,1011.4,100,100,69,100,0.0,0.0,41.7658,-72.6734,2024,4,11,14
2024-04-11 15:00:00,254.0,12.0,242.0,15.6,15.5,82,14.2,150,1010.4,100,49,24,100,0.0,0.0,41.7658,-72.6734,2024,4,11,15
2024-04-11 16:00:00,375.0,68.0,307.0,102.0,17.3,75,17.0,159,1009.7,100,86,29,97,0.0,1258.79,41.7658,-72.6734,2024,4,11,16
2024-04-11 17:00:00,231.0,23.0,208.0,43.7,16.7,79,17.0,148,1009.2,100,100,100,0,0.0,0.0,41.7658,-72.6734,2024,4,11,17
2024-04-11 18:00:00,81.0,2.0,79.0,5.6,15.4,85,12.5,131,1008.3,99,53,98,0,0.0,0.0,41.7658,-72.6734,2024,4,11,18
2024-04-11 19:00:00,49.0,5.0,44.0,29.4,14.7,88,17.6,149,1007.8,100,80,100,0,0.1,0.0,41.7658,-72.6734,2024,4,11,19
2024-04-11 20:00:00,2.0,0.0,2.0,0.0,14.0,93,17.7,153,1007.8,97,72,91,1,0.0,0.0,41.7658,-72.6734,2024,4,11,20
2024-04-11 21:00:00,0.0,0.0,0.0,0.0,13.4,96,19.4,145,1007.3,100,100,100,31,1.1,0.0,41.7658,-72.6734,2024,4,11,21
2024-04-11 22:00:00,0.0,0.0,0.0,0.0,13.5,96,18.9,145,1006.5,100,100,100,11,0.9,0.0,41.7658,-72.6734,2024,4,11,22
2024-04-11 23:00:00,0.0,0.0,0.0,0.0,14.1,96,21.8,149,1005.4,100,100,100,3,1.5,0.0,41.7658,-72.6734,2024,4,11,23
2024-04-12 00:00:00,0.0,0.0,0.0,0.0,14.0,96,22.4,150,1004.7,100,100,61,8,1.4,0.0,41.7658,-72.6734,2024,4,12,0
2024-04-12 01:00:00,0.0,0.0,0.0,0.0,13.9,96,22.4,147,1003.6,100,98,100,0,0.3,0.0,41.7658,-72.6734,2024,4,12,1
2024-04-12 02:00:00,0.0,0.0,0.0,0.0,13.9,96,24.6,145,1002.0,100,100,99,7,0.3,0.0,41.7658,-72.6734,2024,4,12,2
2024-04-12 03:00:00,0.0,0.0,0.0,0.0,13.9,96,23.8,142,1000.3,100,100,89,82,1.7,0.0,41.7658,-72.6734,2024,4,12,3
2024-04-12 04:00:00,0.0,0.0,0.0,0.0,14.1,96,25.1,141,998.5,100,100,51,97,1.1,0.0,41.7658,-72.6734,2024,4,12,4
2024-04-12 05:00:00,0.0,0.0,0.0,0.0,13.8,96,25.8,147,996.9,100,100,94,97,5.5,0.0,41.7658,-72.6734,2024,4,12,5
2024-04-12 06:00:00,0.0,0.0,0.0,0.0,14.0,96,26.3,155,995.3,100,100,90,46,11.9,0.0,41.7658,-72.6734,2024,4,12,6
2024-04-12 07:00:00,4.0,0.0,4.0,0.0,14.3,96,25.3,157,994.8,100,100,62,0,4.7,0.0,41.7658,-72.6734,2024,4,12,7
2024-04-12 08:00:00,16.0,0.0,16.0,0.0,14.7,96,27.2,165,994.1,100,100,85,8,1.0,0.0,41.7658,-72.6734,2024,4,12,8
2024-04-12 09:00:00,53.0,0.0,53.0,0.0,14.9,96,25.1,156,993.2,100,100,12,4,0.8,0.0,41.7658,-72.6734,2024,4,12,9
2024-04-12 10:00:00,153.0,9.0,144.0,15.7,15.5,94,18.6,162,993.0,100,100,46,32,0.4,0.0,41.7658,-72.6734,2024,4,12,10
2024-04-12 11:00:00,166.0,9.0,157.0,12.8,15.5,93,21.0,158,992.1,89,65,68,42,1.2,0.0,41.7658,-72.6734,2024,4,12,11
2024-04-12 12:00:00,343.0,98.0,245.0,123.6,16.4,86,21.0,164,990.9,100,100,23,0,0.2,1906.67,41.7658,-72.6734,2024,4,12,12
2024-04-12 13:00:00,290.0,38.0,252.0,45.5,17.2,84,22.6,171,989.9,100,100,24,0,0.2,0.0,41.7658,-72.6734,2024,4,12,13
2024-04-12 14:00:00,391.0,51.0,340.0,61.6,18.4,74,27.7,179,988.8,98,98,28,9,2.0,46.52,41.7658,-72.6734,2024,4,12,14
2024-04-12 15:00:00,380.0,103.0,277.0,133.4,16.9,79,27.5,174,988.2,100,100,48,4,3.0,2202.37,41.7658,-72.6734,2024,4,12,15
2024-04-12 16:00:00,302.0,53.0,249.0,79.1,16.7,81,22.9,188,988.4,47,29,29,0,0.5,572.99,41.7658,-72.6734,2024,4,12,16
2024-04-12 17:00:00,357.0,186.0,171.0,351.2,17.4,67,26.2,223,989.6,53,39,29,0,0.1,3600.0,41.7658,-72.6734,2024,4,12,17
2024-04-12 18:00:00,242.0,158.0,84.0,438.7,16.1,62,21.1,227,990.7,45,41,31,0,0.0,3600.0,41.7658,-72.6734,2024,4,12,18
2024-04-12 19:00:00,88.0,35.0,53.0,201.8,15.6,58,20.1,216,991.8,8,6,3,0,0.0,3600.0,41.7658,-72.6734,2024,4,12,19
2024-04-12 20:00:00,7.0,2.0,5.0,34.6,14.1,60,16.8,203,992.7,0,0,0,0,0.0,0.0,41.7658,-72.6734,2024,4,12,20
2024-04-12 21:00:00,0.0,0.0,0.0,0.0,12.9,58,17.4,198,994.2,0,0,0,0,0.0,0.0,41.7658,-72.6734,2024,4,12,21
2024-04-12 22:00:00,0.0,0.0,0.0,0.0,12.7,56,17.9,199,994.7,0,0,0,0,0.0,0.0,41.7658,-72.6734,2024,4,12,22
2024-04-12 23:00:00,0.0,0.0,0.0,0.0,11.9,60,15.9,193,994.8,0,0,0,0,0.0,0.0,41.7658,-72.6734,2024,4,12,23
2024-04-13 00:00:00,0.0,0.0,0.0,0.0,10.3,69,12.6,183,994.6,0,0,0,0,0.0,0.0,41.7658,-72.6734,2024,4,13,0
2024-04-13 01:00:00,0.0,0.0,0.0,0.0,10.0,70,14.5,187,994.1,0,0,0,0,0.0,0.0,41.7658,-72.6734,2024,4,13,1
2024-04-13 02:00:00,0.0,0.0,0.0,0.0,10.0,71,15.2,184,993.8,2,0,2,0,0.0,0.0,41.7658,-72.6734,2024,4,13,2
2024-04-13 03:00:00,0.0,0.0,0.0,0.0,9.5,75,15.5,184,993.6,17,1,16,0,0.0,0.0,41.7658,-72.6734,2024,4,13,3
2024-04-13 04:00:00,0.0,0.0,0.0,0.0,9.1,76,15.8,192,993.1,36,14,34,0,0.0,0.0,41.7658,-72.6734,2024,4,13,4
2024-04-13 05:00:00,0.0,0.0,0.0,0.0,9.1,75,15.3,195,992.8,55,48,41,0,0.0,0.0,41.7658,-72.6734,2024,4,13,5
2024-04-13 06:00:00,0.0,0.0,0.0,0.0,9.0,76,14.0,209,993.0,54,47,12,0,0.0,0.0,41.7658,-72.6734,2024,4,13,6
2024-04-13 07:00:00,22.0,7.0,15.0,80.0,8.8,72,15.7,233,993.6,64,8,19,60,0.0,909.22,41.7658,-72.6734,2024,4,13,7
2024-04-13 08:00:00,164.0,94.0,70.0,404.7,9.0,64,19.0,245,994.1,35,9,18,15,0.0,3600.0,41.7658,-72.6734,2024,4,13,8
2024-04-13 09:00:00,326.0,189.0,137.0,455.0,10.7,55,17.9,261,995.0,74,4,51,62,0.0,3600.0,41.7658,-72.6734,2024,4,13,9
2024-04-13 10:00:00,470.0,298.0,172.0,516.0,11.1,50,19.4,270,995.6,99,28,77,91,0.0,3600.0,41.7658,-72.6734,2024,4,13,10
2024-04-13 11:00:00,421.0,109.0,312.0,154.0,10.8,50,21.8,278,995.8,100,60,100,34,0.0,2821.03,41.7658,-72.6734,2024,4,13,11
2024-04-13 12:00:00,455.0,109.0,346.0,136.8,10.7,53,21.4,283,996.0,98,14,98,14,0.0,2303.26,41.7658,-72.6734,2024,4,13,12
2024-04-13 13:00:00,466.0,132.0,334.0,157.3,10.8,50,24.0,287,996.5,99,76,99,4,0.0,2918.21,41.7658,-72.6734,2024,4,13,13
2024-04-13 14:00:00,339.0,71.0,268.0,85.3,10.3,52,24.4,284,996.8,100,48,100,0,0.0,760.46,41.7658,-72.6734,2024,4,13,14
2024-04-13 15:00:00,282.0,50.0,232.0,64.5,9.9,53,22.6,284,997.0,100,99,99,30,0.0,135.01,41.7658,-72.6734,2024,4,13,15
2024-04-13 16:00:00,266.0,13.0,253.0,19.3,9.3,55,24.6,285,997.5,100,18,100,19,0.0,0.0,41.7658,-72.6734,2024,4,13,16
2024-04-13 17:00:00,151.0,8.0,143.0,15.0,8.1,62,23.7,287,998.5,100,76,100,1,0.0,0.0,41.7658,-72.6734,2024,4,13,17
2024-04-13 18:00:00,95.0,3.0,92.0,8.3,7.6,68,18.4,276,999.7,100,100,100,13,0.0,0.0,41.7658,-72.6734,2024,4,13,18
2024-04-13 19:00:00,29.0,1.0,28.0,5.7,7.2,73,15.8,270,1000.8,100,100,100,4,0.1,0.0,41.7658,-72.6734,2024,4,13,19
2024-04-13 20:00:00,2.0,0.0,2.0,0.0,7.1,75,15.5,273,1001.7,100,100,100,0,0.1,0.0,41.7658,-72.6734,2024,4,13,20
2024-04-13 21:00:00,0.0,0.0,0.0,0.0,7.5,73,17.0,276,1002.9,100,100,100,4,0.0,0.0,41.7658,-72.6734,2024,4,13,21
2024-04-13 22:00:00,0.0,0.0,0.0,0.0,7.8,68,16.6,275,1003.4,91,1,90,7,0.0,0.0,41.7658,-72.6734,2024,4,13,22
2024-04-13 23:00:00,0.0,0.0,0.0,0.0,7.8,64,14.8,276,1003.6,89,7,83,30,0.0,0.0,41.7658,-72.6734,2024,4,13,23
2024-04-14 00:00:00,0.0,0.0,0.0,0.0,8.2,58,15.3,285,1004.3,45,9,6,36,0.0,0.0,41.7658,-72.6734,2024,4,14,0
2024-04-14 01:00:00,0.0,0.0,0.0,0.0,8.0,57,14.5,289,1004.9,47,38,3,12,0.0,0.0,41.7658,-72.6734,2024,4,14,1
2024-04-14 02:00:00,0.0,0.0,0.0,0.0,7.7,58,15.0,294,1005.3,5,5,1,0,0.0,0.0,41.7658,-72.6734,2024,4,14,2
2024-04-14 03:00:00,0.0,0.0,0.0,0.0,7.2,60,13.8,290,1006.3,0,0,0,0,0.0,0.0,41.7658,-72.6734,2024,4,14,3
2024-04-14 04:00:00,0.0,0.0,0.0,0.0,6.4,63,12.7,285,1007.1,0,0,0,0,0.0,0.0,41.7658,-72.6734,2024,4,14,4
2024-04-14 05:00:00,0.0,0.0,0.0,0.0,5.3,69,11.2,270,1007.4,82,0,0,82,0.0,0.0,41.7658,-72.6734,2024,4,14,5
2024-04-14 06:00:00,0.0,0.0,0.0,0.0,4.6,73,9.9,251,1007.8,100,0,0,100,0.0,0.0,41.7658,-72.6734,2024,4,14,6
2024-04-14 07:00:00,21.0,2.0,19.0,22.3,5.2,72,10.0,244,1008.2,25,0,0,25,0.0,0.0,41.7658,-72.6734,2024,4,14,7
2024-04-14 08:00:00,181.0,124.0,57.0,523.0,7.6,66,9.7,239,1008.8,71,0,0,71,0.0,3600.0,41.7658,-72.6734,2024,4,14,8
2024-04-14 09:00:00,331.0,231.0,100.0,550.1,10.6,51,13.1,249,1009.3,95,0,25,93,0.0,3600.0,41.7658,-72.6734,2024,4,14,9
2024-04-14 10:00:00,524.0,390.0,134.0,670.4,12.4,44,13.8,231,1008.9,100,0,27,100,0.0,3600.0,41.7658,-72.6734,2024,4,14,10
2024-04-14 11:00:00,667.0,493.0,174.0,692.8,14.2,42,15.2,234,1008.4,100,2,81,100,0.0,3600.0,41.7658,-72.6734,2024,4,14,11
2024-04-14 12:00:00,395.0,60.0,335.0,74.9,14.3,45,15.9,231,1007.5,100,0,97,100,0.0,448.24,41.7658,-72.6734,2024,4,14,12
2024-04-14 13:00:00,319.0,29.0,290.0,34.4,14.5,47,12.9,234,1007.0,89,0,87,39,0.1,0.0,41.7658,-72.6734,2024,4,14,13
2024-04-14 14:00:00,486.0,177.0,309.0,211.9,16.3,44,13.1,212,1005.4,98,0,56,94,0.0,3600.0,41.7658,-72.6734,2024,4,14,14
2024-04-14 15:00:00,648.0,414.0,234.0,531.9,17.1,43,18.6,202,1003.6,95,0,55,90,0.0,3600.0,41.7658,-72.6734,2024,4,14,15
2024-04-14 16:00:00,526.0,326.0,200.0,482.2,16.2,49,18.3,190,1002.3,79,0,54,53,0.2,3600.0,41.7658,-72.6734,2024,4,14,16
2024-04-14 17:00:00,364.0,220.0,144.0,410.7,16.4,48,19.2,185,1001.6,26,0,4,23,0.0,3600.0,41.7658,-72.6734,2024,4,14,17
2024-04-14 18:00:00,300.0,219.0,81.0,597.7,15.3,55,17.7,182,1001.3,98,0,14,97,0.0,3600.0,41.7658,-72.6734,2024,4,14,18
2024-04-14 19:00:00,97.0,38.0,59.0,211.1,13.5,61,13.7,182,1001.0,100,4,50,100,0.0,3600.0,41.7658,-72.6734,2024,4,14,19
2024-04-14 20:00:00,5.0,0.0,5.0,0.0,12.3,64,14.0,180,1000.6,100,1,12,100,0.0,0.0,41.7658,-72.6734,2024,4,14,20
2024-04-14 21:00:00,0.0,0.0,0.0,0.0,10.8,78,6.4,243,1001.9,100,0,61,100,0.0,0.0,41.7658,-72.6734,2024,4,14,21
2024-04-14 22:00:00,0.0,0.0,0.0,0.0,10.9,77,2.7,337,1002.1,100,0,65,100,0.0,0.0,41.7658,-72.6734,2024,4,14,22
2024-04-14 23:00:00,0.0,0.0,0.0,0.0,9.6,84,2.5,82,1001.8,100,1,33,100,0.0,0.0,41.7658,-72.6734,2024,4,14,23
2024-04-15 00:00:00,0.0,0.0,0.0,0.0,9.9,77,4.7,189,1001.9,100,4,6,100,0.0,0.0,41.7658,-72.6734,2024,4,15,0
2024-04-15 01:00:00,0.0,0.0,0.0,0.0,8.5,86,4.3,228,1002.0,100,0,0,100,0.0,0.0,41.7658,-72.6734,2024,4,15,1
2024-04-15 02:00:00,0.0,0.0,0.0,0.0,7.8,90,5.5,293,1001.9,94,0,0,94,0.0,0.0,41.7658,-72.6734,2024,4,15,2
2024-04-15 03:00:00,0.0,0.0,0.0,0.0,8.4,88,5.4,312,1002.0,1,0,1,0,0.0,0.0,41.7658,-72.6734,2024,4,15,3
2024-04-15 04:00:00,0.0,0.0,0.0,0.0,7.1,93,5.2,16,1002.2,2,0,2,0,0.0,0.0,41.7658,-72.6734,2024,4,15,4
2024-04-15 05:00:00,0.0,0.0,0.0,0.0,7.2,93,2.5,8,1002.8,7,1,6,0,0.0,0.0,41.7658,-72.6734,2024,4,15,5
2024-04-15 06:00:00,0.0,0.0,0.0,0.0,6.9,95,1.6,63,1003.3,46,3,44,0,0.0,0.0,41.7658,-72.6734,2024,4,15,6
2024-04-15 07:00:00,20.0,5.0,15.0,54.2,7.3,93,1.1,198,1004.2,26,5,3,20,0.0,192.25,41.7658,-72.6734,2024,4,15,7
2024-04-15 08:00:00,160.0,91.0,69.0,376.3,9.4,88,0.8,297,1004.9,16,4,0,13,0.0,3600.0,41.7658,-72.6734,2024,4,15,8
2024-04-15 09:00:00,343.0,237.0,106.0,558.4,12.6,81,2.1,59,1005.6,39,37,20,0,0.0,3600.0,41.7658,-72.6734,2024,4,15,9
2024-04-15 10:00:00,439.0,281.0,158.0,479.5,15.3,72,1.6,117,1006.0,3,3,0,0,0.0,3600.0,41.7658,-72.6734,2024,4,15,10
2024-04-15 11:00:00,695.0,586.0,109.0,819.0,18.5,63,3.3,193,1005.8,1,0,1,0,0.0,3600.0,41.7658,-72.6734,2024,4,15,11
2024-04-15 12:00:00,817.0,713.0,104.0,886.5,21.6,40,13.0,270,1004.7,3,2,2,0,0.0,3600.0,41.7658,-72.6734,2024,4,15,12
2024-04-15 13:00:00,803.0,677.0,126.0,800.1,22.0,34,21.5,279,1004.7,31,5,31,0,0.0,3600.0,41.7658,-72.6734,2024,4,15,13
2024-04-15 14:00:00,692.0,503.0,189.0,600.0,21.7,36,21.6,270,1004.9,26,0,26,0,0.0,3600.0,41.7658,-72.6734,2024,4,15,14
2024-04-15 15:00:00,699.0,544.0,155.0,696.3,22.1,34,23.0,270,1004.7,45,0,45,0,0.1,3600.0,41.7658,-72.6734,2024,4,15,15
2024-04-15 16:00:00,470.0,299.0,171.0,440.3,21.5,35,22.7,271,1004.7,25,0,25,0,0.0,3600.0,41.7658,-72.6734,2024,4,15,16
2024-04-15 17:00:00,350.0,215.0,135.0,399.2,20.7,37,17.0,287,1005.0,8,1,8,0,0.0,3600.0,41.7658,-72.6734,2024,4,15,17
2024-04-15 18:00:00,282.0,202.0,80.0,546.7,19.1,42,14.8,326,1005.8,30,0,30,0,0.0,3600.0,41.7658,-72.6734,2024,4,15,18
2024-04-15 19:00:00,122.0,75.0,47.0,409.3,15.9,53,8.7,355,1006.9,23,0,23,0,0.0,3600.0,41.7658,-72.6734,2024,4,15,19
2024-04-15 20:00:00,9.0,3.0,6.0,47.8,13.8,53,13.7,357,1008.3,11,0,11,0,0.0,118.86,41.7658,-72.6734,2024,4,15,20
2024-04-15 21:00:00,0.0,0.0,0.0,0.0,12.7,56,8.5,12,1009.8,35,0,35,0,0.0,0.0,41.7658,-72.6734,2024,4,15,21
2024-04-15 22:00:00,0.0,0.0,0.0,0.0,11.9,56,8.8,19,1010.5,42,0,42,0,0.0,0.0,41.7658,-72.6734,2024,4,15,22
2024-04-15 23:00:00,0.0,0.0,0.0,0.0,11.8,51,5.1,8,1011.0,57,0,57,0,0.0,0.0,41.7658,-72.6734,2024,4,15,23
2024-04-16 00:00:00,0.0,0.0,0.0,0.0,11.2,54,0.4,180,1011.4,46,0,46,0,0.2,0.0,41.7658,-72.6734,2024,4,16,0
2024-04-16 01:00:00,0.0,0.0,0.0,0.0,8.4,74,5.4,262,1011.7,16,0,16,0,0.0,0.0,41.7658,-72.6734,2024,4,16,1
2024-04-16 02:00:00,0.0,0.0,0.0,0.0,6.9,77,6.6,283,1011.7,0,0,0,0,0.0,0.0,41.7658,-72.6734,2024,4,16,2
2024-04-16 03:00:00,0.0,0.0,0.0,0.0,6.1,75,6.9,313,1012.3,0,0,0,0,0.0,0.0,41.7658,-72.6734,2024,4,16,3
2024-04-16 04:00:00,0.0,0.0,0.0,0.0,4.2,82,9.8,306,1013.0,0,0,0,0,0.0,0.0,41.7658,-72.6734,2024,4,16,4
2024-04-16 05:00:00,0.0,0.0,0.0,0.0,3.9,80,9.4,293,1013.2,0,0,0,0,0.0,0.0,41.7658,-72.6734,2024,4,16,5
2024-04-16 06:00:00,0.0,0.0,0.0,0.0,3.6,80,10.6,294,1013.8,0,0,0,0,0.0,0.0,41.7658,-72.6734,2024,4,16,6
2024-04-16 07:00:00,34.0,19.0,15.0,200.8,6.2,70,5.6,297,1014.7,0,0,0,0,0.0,2848.31,41.7658,-72.6734,2024,4,16,7
2024-04-16 08:00:00,193.0,137.0,56.0,555.7,9.0,64,5.0,300,1015.5,0,0,0,0,0.0,3600.0,41.7658,-72.6734,2024,4,16,8
2024-04-16 09:00:00,391.0,315.0,76.0,734.5,12.7,55,9.2,312,1015.7,0,0,0,0,0.0,3600.0,41.7658,-72.6734,2024,4,16,9
2024-04-16 10:00:00,580.0,490.0,90.0,830.4,14.8,46,12.2,317,1015.7,0,0,0,0,0.0,3600.0,41.7658,-72.6734,2024,4,16,10
2024-04-16 11:00:00,732.0,634.0,98.0,881.3,16.0,39,12.5,314,1015.7,0,0,0,0,0.0,3600.0,41.7658,-72.6734,2024,4,16,11
2024-04-16 12:00:00,839.0,736.0,103.0,911.1,17.0,36,13.5,304,1015.3,0,0,0,0,0.0,3600.0,41.7658,-72.6734,2024,4,16,12
2024-04-16 13:00:00,893.0,796.0,97.0,937.1,17.8,33,14.7,306,1015.4,0,0,0,0,0.0,3600.0,41.7658,-72.6734,2024,4,16,13
2024-04-16 14:00:00,841.0,704.0,137.0,836.7,18.8,30,17.9,308,1015.2,72,0,72,0,0.0,3600.0,41.7658,-72.6734,2024,4,16,14
2024-04-16 15:00:00,700.0,466.0,234.0,594.1,19.2,28,17.9,304,1014.7,65,0,65,0,0.0,3600.0,41.7658,-72.6734,2024,4,16,15
2024-04-16 16:00:00,612.0,432.0,180.0,633.4,19.6,27,18.9,301,1014.0,41,0,41,0,0.0,3600.0,41.7658,-72.6734,2024,4,16,16
2024-04-16 17:00:00,496.0,384.0,112.0,709.0,19.8,26,14.3,309,1013.9,25,0,25,0,0.0,3600.0,41.7658,-72.6734,2024,4,16,17
2024-04-16 18:00:00,295.0,200.0,95.0,536.8,17.5,34,15.1,332,1014.5,0,0,0,0,0.0,3600.0,41.7658,-72.6734,2024,4,16,18
2024-04-16 19:00:00,133.0,88.0,45.0,472.0,15.1,44,9.9,327,1014.8,0,0,0,0,0.0,3600.0,41.7658,-72.6734,2024,4,16,19
2024-04-16 20:00:00,11.0,5.0,6.0,77.6,12.4,51,8.2,337,1015.6,0,0,0,0,0.0,718.46,41.7658,-72.6734,2024,4,16,20
2024-04-16 21:00:00,0.0,0.0,0.0,0.0,11.4,54,9.5,323,1016.3,0,0,0,0,0.0,0.0,41.7658,-72.6734,2024,4,16,21
2024-04-16 22:00:00,0.0,0.0,0.0,0.0,10.8,53,8.9,320,1016.6,74,0,0,74,0.0,0.0,41.7658,-72.6734,2024,4,16,22
2024-04-16 23:00:00,0.0,0.0,0.0,0.0,10.3,51,8.9,320,1017.0,2,0,0,2,0.0,0.0,41.7658,-72.6734,2024,4,16,23
2024-04-17 00:00:00,0.0,0.0,0.0,0.0,9.1,54,6.8,342,1017.8,71,0,0,71,0.0,0.0,41.7658,-72.6734,2024,4,17,0
2024-04-17 01:00:00,0.0,0.0,0.0,0.0,7.8,56,13.1,8,1018.2,10,0,0,10,0.0,0.0,41.7658,-72.6734,2024,4,17,1
2024-04-17 02:00:00,0.0,0.0,0.0,0.0,7.0,64,12.0,9,1018.6,14,0,0,14,0.0,0.0,41.7658,-72.6734,2024,4,17,2
2024-04-17 03:00:00,0.0,0.0,0.0,0.0,5.7,73,10.4,14,1018.7,3,0,0,3,0.0,0.0,41.7658,-72.6734,2024,4,17,3
2024-04-17 04:00:00,0.0,0.0,0.0,0.0,4.8,79,9.1,7,1019.2,4,0,0,4,0.0,0.0,41.7658,-72.6734,2024,4,17,4
2024-04-17 05:00:00,0.0,0.0,0.0,0.0,4.2,83,9.1,7,1019.5,24,0,0,24,0.0,0.0,41.7658,-72.6734,2024,4,17,5
2024-04-17 06:00:00,0.0,0.0,0.0,0.0,3.5,86,9.5,11,1019.9,31,0,0,31,0.0,0.0,41.7658,-72.6734,2024,4,17,6
2024-04-17 07:00:00,34.0,15.0,19.0,154.7,4.1,84,10.4,14,1020.2,22,0,0,22,0.0,2941.55,41.7658,-72.6734,2024,4,17,7
2024-04-17 08:00:00,192.0,133.0,59.0,529.6,6.3,74,7.2,6,1020.3,80,0,0,80,0.0,3600.0,41.7658,-72.6734,2024,4,17,8
2024-04-17 09:00:00,383.0,300.0,83.0,692.6,10.2,60,4.2,31,1019.8,45,0,0,45,0.0,3600.0,41.7658,-72.6734,2024,4,17,9
2024-04-17 10:00:00,564.0,466.0,98.0,784.3,12.4,54,2.3,108,1019.3,100,0,0,100,0.0,3600.0,41.7658,-72.6734,2024,4,17,10
2024-04-17 11:00:00,621.0,388.0,233.0,536.6,14.0,49,2.6,106,1018.6,95,0,0,95,0.0,3600.0,41.7658,-72.6734,2024,4,17,11
2024-04-17 12:00:00,802.0,655.0,147.0,807.4,15.9,45,2.9,150,1017.6,70,0,0,70,0.0,3600.0,41.7658,-72.6734,2024,4,17,12
2024-04-17 13:00:00,854.0,718.0,136.0,842.1,17.4,43,5.1,176,1016.9,100,5,15,100,0.0,3600.0,41.7658,-72.6734,2024,4,17,13
2024-04-17 14:00:00,719.0,420.0,299.0,497.4,18.1,42,7.6,188,1016.2,100,6,25,100,0.0,3600.0,41.7658,-72.6734,2024,4,17,14
2024-04-17 15:00:00,457.0,113.0,344.0,143.5,16.8,42,14.8,183,1015.8,100,60,93,100,0.0,2506.1,41.7658,-72.6734,2024,4,17,15
2024-04-17 16:00:00,314.0,55.0,259.0,80.3,14.4,45,15.9,177,1015.3,100,93,100,100,0.0,608.96,41.7658,-72.6734,2024,4,17,16
2024-04-17 17:00:00,161.0,17.0,144.0,31.2,12.5,48,14.8,176,1015.1,100,98,99,100,0.0,0.0,41.7658,-72.6734,2024,4,17,17
2024-04-17 18:00:00,125.0,7.0,118.0,18.6,11.3,52,11.8,168,1015.1,100,73,100,100,0.0,0.0,41.7658,-72.6734,2024,4,17,18
2024-04-17 19:00:00,47.0,0.0,47.0,0.0,10.0,57,10.3,168,1015.0,100,0,100,100,0.1,0.0,41.7658,-72.6734,2024,4,17,19
2024-04-17 20:00:00,2.0,0.0,2.0,0.0,8.7,68,9.3,164,1015.3,100,0,100,100,0.6,0.0,41.7658,-72.6734,2024,4,17,20
2024-04-17 21:00:00,0.0,0.0,0.0,0.0,7.3,89,8.7,150,1016.5,100,8,100,97,1.0,0.0,41.7658,-72.6734,2024,4,17,21
2024-04-17 22:00:00,0.0,0.0,0.0,0.0,7.2,87,7.2,117,1016.5,100,3,100,100,0.1,0.0,41.7658,-72.6734,2024,4,17,22
2024-04-17 23:00:00,0.0,0.0,0.0,0.0,7.1,89,6.6,99,1016.3,100,84,100,100,0.1,0.0,41.7658,-72.6734,2024,4,17,23
2024-04-18 00:00:00,0.0,0.0,0.0,0.0,6.9,93,8.0,80,1016.0,100,100,100,83,0.8,0.0,41.7658,-72.6734,2024,4,18,0
2024-04-18 01:00:00,0.0,0.0,0.0,0.0,6.8,94,9.1,81,1015.3,100,95,94,100,2.4,0.0,41.7658,-72.6734,2024,4,18,1
2024-04-18 02:00:00,0.0,0.0,0.0,0.0,6.7,94,8.3,95,1014.7,100,100,97,100,0.5,0.0,41.7658,-72.6734,2024,4,18,2
2024-04-18 03:00:00,0.0,0.0,0.0,0.0,6.6,93,10.6,66,1014.2,100,100,100,100,0.1,0.0,41.7658,-72.6734,2024,4,18,3
2024-04-18 04:00:00,0.0,0.0,0.0,0.0,6.4,93,8.7,60,1014.1,100,100,100,100,0.1,0.0,41.7658,-72.6734,2024,4,18,4
2024-04-18 05:00:00,0.0,0.0,0.0,0.0,6.5,92,8.3,56,1014.4,100,100,100,79,0.4,0.0,41.7658,-72.6734,2024,4,18,5
2024-04-18 06:00:00,0.0,0.0,0.0,0.0,6.4,92,8.9,58,1014.3,100,100,99,100,0.3,0.0,41.7658,-72.6734,2024,4,18,6
2024-04-18 07:00:00,9.0,0.0,9.0,0.0,6.7,90,9.4,50,1014.9,100,100,100,88,0.0,0.0,41.7658,-72.6734,2024,4,18,7
2024-04-18 08:00:00,45.0,2.0,43.0,7.8,7.0,86,9.0,53,1015.5,100,100,100,100,0.0,0.0,41.7658,-72.6734,2024,4,18,8
2024-04-18 09:00:00,99.0,6.0,93.0,13.7,6.9,90,9.4,43,1015.7,100,100,100,100,0.5,0.0,41.7658,-72.6734,2024,4,18,9
2024-04-18 10:00:00,151.0,9.0,142.0,15.0,7.5,84,8.4,40,1016.2,100,100,100,99,0.2,0.0,41.7658,-72.6734,2024,4,18,10
2024-04-18 11:00:00,165.0,18.0,147.0,24.8,8.1,80,9.2,48,1016.2,100,100,100,93,0.2,0.0,41.7658,-72.6734,2024,4,18,11
2024-04-18 12:00:00,161.0,9.0,152.0,11.0,8.6,72,11.6,64,1016.3,100,100,100,1,0.2,0.0,41.7658,-72.6734,2024,4,18,12
2024-04-18 13:00:00,175.0,1.0,174.0,1.2,8.9,68,10.0,64,1016.6,100,100,100,2,0.2,0.0,41.7658,-72.6734,2024,4,18,13
2024-04-18 14:00:00,181.0,9.0,172.0,10.6,9.0,67,8.8,55,1016.9,100,100,100,17,0.2,0.0,41.7658,-72.6734,2024,4,18,14
2024-04-18 15:00:00,95.0,1.0,94.0,1.3,8.5,72,8.2,29,1016.9,100,100,100,4,0.3,0.0,41.7658,-72.6734,2024,4,18,15
2024-04-18 16:00:00,61.0,0.0,61.0,0.0,7.8,84,8.0,18,1016.9,100,100,100,0,0.6,0.0,41.7658,-72.6734,2024,4,18,16
2024-04-18 17:00:00,97.0,0.0,97.0,0.0,7.9,84,9.2,21,1016.9,100,100,100,0,0.3,0.0,41.7658,-72.6734,2024,4,18,17
2024-04-18 18:00:00,60.0,0.0,60.0,0.0,7.7,83,9.3,36,1017.3,100,100,100,0,0.0,0.0,41.7658,-72.6734,2024,4,18,18
2024-04-18 19:00:00,20.0,0.0,20.0,0.0,7.3,88,9.9,44,1016.4,90,6,89,0,0.0,0.0,41.7658,-72.6734,2024,4,18,19
2024-04-18 20:00:00,8.0,2.0,6.0,29.6,6.5,93,7.6,357,1017.7,100,100,100,0,0.0,0.0,41.7658,-72.6734,2024,4,18,20
2024-04-18 21:00:00,0.0,0.0,0.0,0.0,5.8,92,5.1,8,1018.6,82,68,46,32,0.0,0.0,41.7658,-72.6734,2024,4,18,21
2024-04-18 22:00:00,0.0,0.0,0.0,0.0,5.7,94,5.1,45,1018.7,92,89,0,30,0.0,0.0,41.7658,-72.6734,2024,4,18,22
2024-04-18 23:00:00,0.0,0.0,0.0,0.0,4.4,97,5.0,30,1018.5,3,3,0,0,0.0,0.0,41.7658,-72.6734,2024,4,18,23
2024-04-19 00:00:00,0.0,0.0,0.0,0.0,4.0,97,5.1,4,1018.9,43,31,15,10,0.0,0.0,41.7658,-72.6734,2024,4,19,0
2024-04-19 01:00:00,0.0,0.0,0.0,0.0,3.9,98,5.7,18,1018.7,91,90,4,5,0.0,0.0,41.7658,-72.6734,2024,4,19,1
2024-04-19 02:00:00,0.0,0.0,0.0,0.0,3.4,98,4.3,24,1017.9,40,27,18,0,0.0,0.0,41.7658,-72.6734,2024,4,19,2
2024-04-19 03:00:00,0.0,0.0,0.0,0.0,3.2,99,4.5,29,1017.9,100,4,100,4,0.0,0.0,41.7658,-72.6734,2024,4,19,3
2024-04-19 04:00:00,0.0,0.0,0.0,0.0,4.1,97,4.8,27,1018.0,90,3,90,0,0.0,0.0,41.7658,-72.6734,2024,4,19,4
2024-04-19 05:00:00,0.0,0.0,0.0,0.0,3.8,97,3.0,346,1018.1,97,22,97,0,0.0,0.0,41.7658,-72.6734,2024,4,19,5
2024-04-19 06:00:00,0.0,0.0,0.0,0.0,4.8,95,4.0,333,1018.8,100,83,100,0,0.0,0.0,41.7658,-72.6734,2024,4,19,6
2024-04-19 07:00:00,12.0,0.0,12.0,0.0,5.4,95,5.4,4,1018.8,100,100,100,91,0.0,0.0,41.7658,-72.6734,2024,4,19,7
2024-04-19 08:00:00,66.0,2.0,64.0,7.7,6.5,86,3.4,32,1018.6,99,98,89,0,0.0,0.0,41.7658,-72.6734,2024,4,19,8
2024-04-19 09:00:00,313.0,167.0,146.0,378.2,9.1,73,2.9,97,1018.1,94,53,76,73,0.0,3600.0,41.7658,-72.6734,2024,4,19,9
2024-04-19 10:00:00,492.0,326.0,166.0,541.5,11.4,60,6.9,133,1017.6,99,35,69,96,0.0,3600.0,41.7658,-72.6734,2024,4,19,10
2024-04-19 11:00:00,656.0,484.0,172.0,662.7,13.5,49,8.9,153,1017.3,100,24,13,99,0.0,3600.0,41.7658,-72.6734,2024,4,19,11
2024-04-19 12:00:00,676.0,413.0,263.0,504.9,14.7,44,12.5,162,1016.3,100,4,8,100,0.0,3600.0,41.7658,-72.6734,2024,4,19,12
2024-04-19 13:00:00,824.0,620.0,204.0,721.8,15.6,41,15.8,168,1015.5,100,8,2,100,0.0,3600.0,41.7658,-72.6734,2024,4,19,13
2024-04-19 14:00:00,723.0,384.0,339.0,451.6,15.1,39,17.0,167,1015.3,100,0,1,100,0.0,3600.0,41.7658,-72.6734,2024,4,19,14
2024-04-19 15:00:00,530.0,157.0,373.0,198.0,14.1,40,17.7,163,1014.9,100,0,52,100,0.0,3600.0,41.7658,-72.6734,2024,4,19,15
2024-04-19 16:00:00,458.0,125.0,333.0,181.0,13.3,44,17.4,158,1014.1,95,0,90,95,0.0,3600.0,41.7658,-72.6734,2024,4,19,16
2024-04-19 17:00:00,464.0,297.0,167.0,539.7,13.0,48,17.2,169,1013.8,91,0,91,2,0.0,3600.0,41.7658,-72.6734,2024,4,19,17
2024-04-19 18:00:00,301.0,182.0,119.0,477.0,11.7,57,16.6,167,1013.7,100,1,100,0,0.0,3600.0,41.7658,-72.6734,2024,4,19,18
2024-04-19 19:00:00,34.0,0.0,34.0,0.0,9.9,67,14.3,168,1013.6,100,98,89,0,0.0,0.0,41.7658,-72.6734,2024,4,19,19
2024-04-19 20:00:00,6.0,0.0,6.0,0.0,8.9,73,11.5,176,1014.0,100,100,27,55,0.0,0.0,41.7658,-72.6734,2024,4,19,20
2024-04-19 21:00:00,0.0,0.0,0.0,0.0,7.4,78,10.9,163,1014.7,69,5,14,63,0.0,0.0,41.7658,-72.6734,2024,4,19,21
2024-04-19 22:00:00,0.0,0.0,0.0,0.0,6.6,84,10.7,168,1014.4,98,80,11,91,0.0,0.0,41.7658,-72.6734,2024,4,19,22
2024-04-19 23:00:00,0.0,0.0,0.0,0.0,6.6,86,9.4,176,1014.2,100,100,49,76,0.0,0.0,41.7658,-72.6734,2024,4,19,23
2024-04-20 00:00:00,0.0,0.0,0.0,0.0,7.1,85,8.4,173,1013.6,100,100,100,66,0.0,0.0,41.7658,-72.6734,2024,4,20,0
2024-04-20 01:00:00,0.0,0.0,0.0,0.0,7.3,86,8.1,167,1013.0,100,100,91,98,0.0,0.0,41.7658,-72.6734,2024,4,20,1
2024-04-20 02:00:00,0.0,0.0,0.0,0.0,7.5,86,8.7,185,1012.5,100,100,100,100,0.0,0.0,41.7658,-72.6734,2024,4,20,2
2024-04-20 03:00:00,0.0,0.0,0.0,0.0,7.7,87,8.0,175,1012.1,100,100,100,99,0.1,0.0,41.7658,-72.6734,2024,4,20,3
2024-04-20 04:00:00,0.0,0.0,0.0,0.0,7.8,88,9.4,182,1011.5,100,100,100,100,0.2,0.0,41.7658,-72.6734,2024,4,20,4
2024-04-20 05:00:00,0.0,0.0,0.0,0.0,7.8,89,9.0,178,1010.9,100,100,100,100,0.1,0.0,41.7658,-72.6734,2024,4,20,5
2024-04-20 06:00:00,0.0,0.0,0.0,0.0,7.9,90,8.0,198,1010.6,100,100,100,66,0.1,0.0,41.7658,-72.6734,2024,4,20,6
2024-04-20 07:00:00,8.0,0.0,8.0,0.0,8.1,92,7.6,185,1010.9,100,100,100,96,0.3,0.0,41.7658,-72.6734,2024,4,20,7
2024-04-20 08:00:00,21.0,0.0,21.0,0.0,8.3,95,6.1,177,1010.6,100,78,100,84,0.6,0.0,41.7658,-72.6734,2024,4,20,8
2024-04-20 09:00:00,53.0,0.0,53.0,0.0,8.7,96,8.6,195,1010.5,100,53,100,69,0.6,0.0,41.7658,-72.6734,2024,4,20,9
2024-04-20 10:00:00,103.0,4.0,99.0,6.6,9.4,93,9.4,203,1010.0,100,100,100,91,0.2,0.0,41.7658,-72.6734,2024,4,20,10
2024-04-20 11:00:00,161.0,4.0,157.0,5.5,10.3,92,8.7,210,1009.6,100,100,31,88,0.0,0.0,41.7658,-72.6734,2024,4,20,11
2024-04-20 12:00:00,391.0,62.0,329.0,75.5,13.1,78,6.1,225,1008.6,99,95,5,87,0.0,464.87,41.7658,-72.6734,2024,4,20,12
2024-04-20 13:00:00,599.0,256.0,343.0,297.0,15.7,62,9.0,233,1007.6,81,75,36,10,0.2,3600.0,41.7658,-72.6734,2024,4,20,13
2024-04-20 14:00:00,718.0,512.0,206.0,600.1,17.4,51,12.5,237,1006.3,65,13,62,0,0.1,3600.0,41.7658,-72.6734,2024,4,20,14
2024-04-20 15:00:00,712.0,509.0,203.0,639.7,18.4,44,13.8,242,1005.0,63,9,63,0,0.0,3600.0,41.7658,-72.6734,2024,4,20,15
2024-04-20 16:00:00,427.0,174.0,253.0,251.0,18.1,39,16.5,260,1004.0,85,0,85,0,0.0,3600.0,41.7658,-72.6734,2024,4,20,16
2024-04-20 17:00:00,404.0,233.0,171.0,421.3,17.6,36,22.0,273,1004.5,72,0,72,0,0.0,3600.0,41.7658,-72.6734,2024,4,20,17
2024-04-20 18:00:00,255.0,155.0,100.0,403.1,16.2,41,18.2,288,1005.1,36,1,36,0,0.0,3600.0,41.7658,-72.6734,2024,4,20,18
2024-04-20 19:00:00,115.0,59.0,56.0,296.3,13.9,46,17.1,314,1006.1,47,0,47,0,0.0,3600.0,41.7658,-72.6734,2024,4,20,19
2024-04-20 20:00:00,14.0,5.0,9.0,70.6,9.8,57,16.4,327,1008.1,1,1,1,0,0.0,599.49,41.7658,-72.6734,2024,4,20,20
2024-04-20 21:00:00,0.0,0.0,0.0,0.0,8.5,57,16.3,335,1010.1,0,0,0,0,0.0,0.0,41.7658,-72.6734,2024,4,20,21
2024-04-20 22:00:00,0.0,0.0,0.0,0.0,7.5,52,14.8,331,1011.3,0,0,0,0,0.0,0.0,41.7658,-72.6734,2024,4,20,22
2024-04-20 23:00:00,0.0,0.0,0.0,0.0,6.4,49,14.1,328,1012.2,0,0,0,0,0.0,0.0,41.7658,-72.6734,2024,4,20,23
2024-04-21 00:00:00,0.0,0.0,0.0,0.0,5.4,48,15.1,322,1012.4,0,0,0,0,0.0,0.0,41.7658,-72.6734,2024,4,21,0
2024-04-21 01:00:00,0.0,0.0,0.0,0.0,4.6,51,13.8,317,1012.3,0,0,0,0,0.0,0.0,41.7658,-72.6734,2024,4,21,1
2024-04-21 02:00:00,0.0,0.0,0.0,0.0,4.0,56,11.0,328,1012.4,0,0,0,0,0.0,0.0,41.7658,-72.6734,2024,4,21,2
2024-04-21 03:00:00,0.0,0.0,0.0,0.0,3.2,62,7.6,360,1012.0,0,0,0,0,0.0,0.0,41.7658,-72.6734,2024,4,21,3
2024-04-21 04:00:00,0.0,0.0,0.0,0.0,2.4,74,5.0,21,1011.7,0,0,0,0,0.0,0.0,41.7658,-72.6734,2024,4,21,4
2024-04-21 05:00:00,0.0,0.0,0.0,0.0,1.8,80,2.6,146,1012.2,66,0,0,66,0.0,0.0,41.7658,-72.6734,2024,4,21,5
2024-04-21 06:00:00,0.0,0.0,0.0,0.0,1.4,83,3.1,225,1012.2,86,0,0,86,0.0,0.0,41.7658,-72.6734,2024,4,21,6
2024-04-21 07:00:00,46.0,20.0,26.0,189.1,2.8,77,8.9,249,1013.0,99,0,0,99,0.0,3301.77,41.7658,-72.6734,2024,4,21,7
2024-04-21 08:00:00,200.0,114.0,86.0,424.3,5.4,59,7.3,281,1012.8,99,0,0,99,0.0,3600.0,41.7658,-72.6734,2024,4,21,8
2024-04-21 09:00:00,366.0,214.0,152.0,475.9,7.2,52,8.2,311,1012.6,100,0,0,100,0.0,3600.0,41.7658,-72.6734,2024,4,21,9
2024-04-21 10:00:00,535.0,344.0,191.0,564.4,8.8,46,7.4,313,1011.9,100,0,1,100,0.0,3600.0,41.7658,-72.6734,2024,4,21,10
2024-04-21 11:00:00,596.0,285.0,311.0,386.6,9.9,43,9.0,275,1011.7,100,34,27,100,0.0,3600.0,41.7658,-72.6734,2024,4,21,11
2024-04-21 12:00:00,594.0,221.0,373.0,268.1,10.7,40,14.5,263,1011.2,100,22,52,100,0.0,3600.0,41.7658,-72.6734,2024,4,21,12
2024-04-21 13:00:00,518.0,112.0,406.0,129.5,10.9,40,15.3,262,1010.3,100,9,53,100,0.0,2084.84,41.7658,-72.6734,2024,4,21,13
2024-04-21 14:00:00,504.0,93.0,411.0,108.6,11.0,40,15.6,262,1009.8,100,5,70,100,0.0,1459.16,41.7658,-72.6734,2024,4,21,14
2024-04-21 15:00:00,476.0,106.0,370.0,132.8,11.0,41,16.1,280,1009.4,100,7,80,100,0.0,2182.69,41.7658,-72.6734,2024,4,21,15
2024-04-21 16:00:00,337.0,38.0,299.0,54.6,10.6,41,15.5,295,1008.7,100,1,70,100,0.0,0.0,41.7658,-72.6734,2024,4,21,16
2024-04-21 17:00:00,240.0,15.0,225.0,27.0,10.4,41,14.1,289,1008.1,100,0,56,100,0.0,0.0,41.7658,-72.6734,2024,4,21,17
2024-04-21 18:00:00,181.0,18.0,163.0,46.5,10.2,40,12.4,296,1007.8,100,0,97,100,0.0,0.0,41.7658,-72.6734,2024,4,21,18
2024-04-21 19:00:00,73.0,5.0,68.0,24.7,9.6,48,6.4,308,1008.1,100,4,14,100,0.0,0.0,41.7658,-72.6734,2024,4,21,19
2024-04-21 20:00:00,11.0,1.0,10.0,13.8,7.4,55,8.7,315,1008.9,100,6,6,100,0.0,0.0,41.7658,-72.6734,2024,4,21,20
2024-04-21 21:00:00,0.0,0.0,0.0,0.0,6.0,57,7.7,319,1009.5,100,1,0,100,0.0,0.0,41.7658,-72.6734,2024,4,21,21
2024-04-21 22:00:00,0.0,0.0,0.0,0.0,5.0,62,8.5,306,1010.1,100,0,0,100,0.0,0.0,41.7658,-72.6734,2024,4,21,22
2024-04-21 23:00:00,0.0,0.0,0.0,0.0,4.0,66,9.7,301,1010.1,0,0,0,0,0.0,0.0,41.7658,-72.6734,2024,4,21,23
2024-04-22 00:00:00,0.0,0.0,0.0,0.0,3.3,68,8.0,306,1010.4,0,0,0,0,0.0,0.0,41.7658,-72.6734,2024,4,22,0
2024-04-22 01:00:00,0.0,0.0,0.0,0.0,3.0,69,9.8,278,1010.5,20,0,0,20,0.0,0.0,41.7658,-72.6734,2024,4,22,1
2024-04-22 02:00:00,0.0,0.0,0.0,0.0,2.6,71,8.4,280,1010.4,17,0,0,17,0.0,0.0,41.7658,-72.6734,2024,4,22,2
2024-04-22 03:00:00,0.0,0.0,0.0,0.0,2.2,73,9.0,270,1010.4,27,0,0,27,0.0,0.0,41.7658,-72.6734,2024,4,22,3
2024-04-22 04:00:00,0.0,0.0,0.0,0.0,2.1,72,9.8,264,1010.6,0,0,0,0,0.0,0.0,41.7658,-72.6734,2024,4,22,4
2024-04-22 05:00:00,0.0,0.0,0.0,0.0,1.8,73,8.3,265,1011.2,0,0,0,0,0.0,0.0,41.7658,-72.6734,2024,4,22,5
2024-04-22 06:00:00,0.0,0.0,0.0,0.0,1.6,74,10.4,268,1011.9,1,1,0,0,0.0,0.0,41.7658,-72.6734,2024,4,22,6
2024-04-22 07:00:00,51.0,29.0,22.0,268.8,2.8,71,9.8,294,1012.5,0,0,0,0,0.0,3388.21,41.7658,-72.6734,2024,4,22,7
2024-04-22 08:00:00,223.0,162.0,61.0,593.7,5.4,64,9.9,314,1013.0,0,0,0,0,0.0,3600.0,41.7658,-72.6734,2024,4,22,8
2024-04-22 09:00:00,422.0,342.0,80.0,754.1,7.7,48,13.2,338,1013.3,0,0,0,0,0.0,3600.0,41.7658,-72.6734,2024,4,22,9
2024-04-22 10:00:00,611.0,519.0,92.0,846.6,9.0,40,12.4,334,1013.5,0,0,0,0,0.0,3600.0,41.7658,-72.6734,2024,4,22,10
2024-04-22 11:00:00,767.0,668.0,99.0,902.0,10.1,37,11.9,331,1013.7,0,0,0,0,0.0,3600.0,41.7658,-72.6734,2024,4,22,11
2024-04-22 12:00:00,875.0,773.0,102.0,934.2,11.2,32,12.4,324,1013.8,0,0,0,0,0.0,3600.0,41.7658,-72.6734,2024,4,22,12
2024-04-22 13:00:00,928.0,825.0,103.0,950.7,12.0,29,12.0,319,1013.9,0,0,0,0,0.0,3600.0,41.7658,-72.6734,2024,4,22,13
2024-04-22 14:00:00,918.0,816.0,102.0,950.2,12.7,28,10.9,326,1013.9,0,0,0,0,0.0,3600.0,41.7658,-72.6734,2024,4,22,14
2024-04-22 15:00:00,848.0,749.0,99.0,934.9,13.1,28,9.9,327,1013.7,0,0,0,0,0.0,3600.0,41.7658,-72.6734,2024,4,22,15
2024-04-22 16:00:00,722.0,629.0,93.0,900.2,13.2,28,8.7,322,1013.5,0,0,0,0,0.0,3600.0,41.7658,-72.6734,2024,4,22,16
2024-04-22 17:00:00,552.0,468.0,84.0,837.8,13.1,28,8.7,318,1013.5,0,0,0,0,0.0,3600.0,41.7658,-72.6734,2024,4,22,17
2024-04-22 18:00:00,355.0,284.0,71.0,727.6,12.4,30,8.4,320,1013.8,0,0,0,0,0.0,3600.0,41.7658,-72.6734,2024,4,22,18
2024-04-22 19:00:00,156.0,109.0,47.0,530.8,10.5,46,5.1,321,1014.3,0,0,0,0,0.0,3600.0,41.7658,-72.6734,2024,4,22,19
2024-04-22 20:00:00,17.0,9.0,8.0,121.7,7.3,66,7.7,332,1014.9,0,0,0,0,0.0,1815.97,41.7658,-72.6734,2024,4,22,20
2024-04-22 21:00:00,0.0,0.0,0.0,0.0,9.2,42,6.3,347,1015.4,0,0,0,0,0.0,0.0,41.7658,-72.6734,2024,4,22,21
2024-04-22 22:00:00,0.0,0.0,0.0,0.0,7.8,48,4.9,287,1016.0,0,0,0,0,0.0,0.0,41.7658,-72.6734,2024,4,22,22
2024-04-22 23:00:00,0.0,0.0,0.0,0.0,4.2,75,8.6,345,1016.3,0,0,0,0,0.0,0.0,41.7658,-72.6734,2024,4,22,23
2024-04-23 00:00:00,0.0,0.0,0.0,0.0,3.4,78,3.7,209,1016.9,0,0,0,0,0.0,0.0,41.7658,-72.6734,2024,4,23,0
2024-04-23 01:00:00,0.0,0.0,0.0,0.0,2.8,81,5.5,247,1017.0,0,0,0,0,0.0,0.0,41.7658,-72.6734,2024,4,23,1
2024-04-23 02:00:00,0.0,0.0,0.0,0.0,2.0,82,5.8,270,1016.5,0,0,0,0,0.0,0.0,41.7658,-72.6734,2024,4,23,2
2024-04-23 03:00:00,0.0,0.0,0.0,0.0,1.2,86,4.8,207,1016.6,0,0,0,0,0.0,0.0,41.7658,-72.6734,2024,4,23,3
2024-04-23 04:00:00,0.0,0.0,0.0,0.0,2.3,77,3.3,283,1017.0,0,0,0,0,0.0,0.0,41.7658,-72.6734,2024,4,23,4
2024-04-23 05:00:00,0.0,0.0,0.0,0.0,0.9,87,5.4,4,1017.0,0,0,0,0,0.0,0.0,41.7658,-72.6734,2024,4,23,5
2024-04-23 06:00:00,0.0,0.0,0.0,0.0,2.0,82,2.4,117,1017.4,0,0,0,0,0.0,0.0,41.7658,-72.6734,2024,4,23,6
2024-04-23 07:00:00,54.0,32.0,22.0,291.1,2.4,83,4.2,211,1018.2,0,0,0,0,0.0,3474.0,41.7658,-72.6734,2024,4,23,7
2024-04-23 08:00:00,225.0,166.0,59.0,599.4,5.2,74,2.6,286,1018.2,0,0,0,0,0.0,3600.0,41.7658,-72.6734,2024,4,23,8
2024-04-23 09:00:00,424.0,346.0,78.0,756.6,8.7,60,2.5,188,1018.5,0,0,0,0,0.0,3600.0,41.7658,-72.6734,2024,4,23,9
2024-04-23 10:00:00,608.0,518.0,90.0,840.1,12.6,48,6.2,187,1018.1,0,0,0,0,0.0,3600.0,41.7658,-72.6734,2024,4,23,10
2024-04-23 11:00:00,760.0,663.0,97.0,891.3,14.7,39,11.7,189,1017.4,2,0,0,2,0.0,3600.0,41.7658,-72.6734,2024,4,23,11
2024-04-23 12:00:00,863.0,760.0,103.0,915.1,15.7,37,13.8,189,1016.4,0,0,0,0,0.0,3600.0,41.7658,-72.6734,2024,4,23,12
2024-04-23 13:00:00,909.0,804.0,105.0,923.5,16.1,36,17.1,187,1015.6,0,0,0,0,0.0,3600.0,41.7658,-72.6734,2024,4,23,13
2024-04-23 14:00:00,897.0,792.0,105.0,919.3,16.1,34,17.8,187,1014.6,0,0,0,0,0.0,3600.0,41.7658,-72.6734,2024,4,23,14
2024-04-23 15:00:00,828.0,728.0,100.0,905.7,16.0,37,17.8,188,1013.9,0,0,0,0,0.0,3600.0,41.7658,-72.6734,2024,4,23,15
2024-04-23 16:00:00,704.0,609.0,95.0,868.3,15.6,39,18.6,189,1013.0,0,0,0,0,0.0,3600.0,41.7658,-72.6734,2024,4,23,16
2024-04-23 17:00:00,539.0,453.0,86.0,807.0,14.5,40,20.9,180,1012.6,1,0,0,1,0.0,3600.0,41.7658,-72.6734,2024,4,23,17
2024-04-23 18:00:00,348.0,276.0,72.0,701.9,12.6,45,19.5,175,1013.2,44,0,0,44,0.0,3600.0,41.7658,-72.6734,2024,4,23,18
2024-04-23 19:00:00,154.0,105.0,49.0,503.8,10.5,52,16.1,170,1012.7,97,0,0,97,0.0,3600.0,41.7658,-72.6734,2024,4,23,19
2024-04-23 20:00:00,17.0,6.0,11.0,79.5,8.3,58,13.4,174,1013.3,100,0,0,100,0.0,830.73,41.7658,-72.6734,2024,4,23,20
2024-04-23 21:00:00,0.0,0.0,0.0,0.0,7.4,63,13.0,177,1012.9,96,0,0,96,0.0,0.0,41.7658,-72.6734,2024,4,23,21
2024-04-23 22:00:00,0.0,0.0,0.0,0.0,6.6,65,11.7,191,1013.0,27,0,1,27,0.0,0.0,41.7658,-72.6734,2024,4,23,22
2024-04-23 23:00:00,0.0,0.0,0.0,0.0,5.7,68,11.6,187,1012.4,97,0,92,64,0.0,0.0,41.7658,-72.6734,2024,4,23,23
2024-04-24 00:00:00,0.0,0.0,0.0,0.0,6.0,66,11.9,183,1011.7,96,0,94,30,0.0,0.0,41.7658,-72.6734,2024,4,24,0
2024-04-24 01:00:00,0.0,0.0,0.0,0.0,5.6,69,10.5,184,1011.0,99,0,97,75,0.0,0.0,41.7658,-72.6734,2024,4,24,1
2024-04-24 02:00:00,0.0,0.0,0.0,0.0,6.0,69,9.4,180,1010.4,100,0,68,100,0.0,0.0,41.7658,-72.6734,2024,4,24,2
2024-04-24 03:00:00,0.0,0.0,0.0,0.0,5.7,72,9.0,175,1009.3,100,0,96,100,0.0,0.0,41.7658,-72.6734,2024,4,24,3
2024-04-24 04:00:00,0.0,0.0,0.0,0.0,5.7,73,10.2,170,1008.3,100,0,100,100,0.0,0.0,41.7658,-72.6734,2024,4,24,4
2024-04-24 05:00:00,0.0,0.0,0.0,0.0,6.1,72,10.5,186,1007.8,100,0,84,100,0.0,0.0,41.7658,-72.6734,2024,4,24,5
2024-04-24 06:00:00,0.0,0.0,0.0,0.0,6.5,72,10.4,180,1006.9,100,0,65,100,0.0,0.0,41.7658,-72.6734,2024,4,24,6
2024-04-24 07:00:00,21.0,0.0,21.0,0.0,7.2,72,9.2,191,1006.8,100,0,100,100,0.0,0.0,41.7658,-72.6734,2024,4,24,7
2024-04-24 08:00:00,50.0,2.0,48.0,7.1,8.0,72,8.4,200,1006.6,100,0,100,100,0.0,0.0,41.7658,-72.6734,2024,4,24,8
2024-04-24 09:00:00,128.0,30.0,98.0,65.1,9.5,70,8.4,205,1006.3,100,0,92,96,0.3,151.9,41.7658,-72.6734,2024,4,24,9
2024-04-24 10:00:00,274.0,66.0,208.0,106.4,11.0,71,9.2,191,1006.2,76,0,66,29,0.5,1393.3,41.7658,-72.6734,2024,4,24,10
2024-04-24 11:00:00,523.0,237.0,286.0,317.2,13.3,65,8.2,195,1006.1,45,3,45,0,0.0,3600.0,41.7658,-72.6734,2024,4,24,11
2024-04-24 12:00:00,766.0,579.0,187.0,694.7,16.1,55,6.9,219,1005.4,74,73,13,0,0.0,3600.0,41.7658,-72.6734,2024,4,24,12
2024-04-24 13:00:00,716.0,502.0,214.0,574.8,18.1,47,9.0,254,1004.7,29,22,22,8,0.0,3600.0,41.7658,-72.6734,2024,4,24,13
2024-04-24 14:00:00,821.0,632.0,189.0,731.4,19.6,42,12.3,275,1004.4,100,7,100,70,0.0,3600.0,41.7658,-72.6734,2024,4,24,14
2024-04-24 15:00:00,474.0,169.0,305.0,209.6,13.0,80,9.0,265,1006.2,100,0,65,100,4.6,3600.0,41.7658,-72.6734,2024,4,24,15
2024-04-24 16:00:00,500.0,252.0,248.0,358.0,16.2,62,9.0,268,1006.3,60,13,33,38,0.0,3600.0,41.7658,-72.6734,2024,4,24,16
2024-04-24 17:00:00,405.0,258.0,147.0,457.4,16.3,50,18.4,301,1006.9,52,11,18,43,0.0,3600.0,41.7658,-72.6734,2024,4,24,17
2024-04-24 18:00:00,301.0,208.0,93.0,525.2,15.8,51,16.0,314,1007.9,11,1,11,0,0.0,3600.0,41.7658,-72.6734,2024,4,24,18
2024-04-24 19:00:00,144.0,94.0,50.0,444.4,14.0,53,15.5,324,1009.5,3,3,0,0,0.0,3600.0,41.7658,-72.6734,2024,4,24,19
2024-04-24 20:00:00,18.0,8.0,10.0,103.8,11.6,59,14.5,341,1011.2,1,1,0,0,0.0,1442.06,41.7658,-72.6734,2024,4,24,20
2024-04-24 21:00:00,0.0,0.0,0.0,0.0,10.5,61,14.6,351,1013.0,0,0,0,0,0.0,0.0,41.7658,-72.6734,2024,4,24,21
2024-04-24 22:00:00,0.0,0.0,0.0,0.0,8.9,66,16.0,352,1014.8,0,0,0,0,0.0,0.0,41.7658,-72.6734,2024,4,24,22
2024-04-24 23:00:00,0.0,0.0,0.0,0.0,7.0,68,16.6,5,1016.3,0,0,0,0,0.0,0.0,41.7658,-72.6734,2024,4,24,23
2024-04-25 00:00:00,0.0,0.0,0.0,0.0,5.1,61,15.8,17,1017.7,0,0,0,0,0.0,0.0,41.7658,-72.6734,2024,4,25,0
2024-04-25 01:00:00,0.0,0.0,0.0,0.0,3.6,56,15.3,15,1018.8,0,0,0,0,0.0,0.0,41.7658,-72.6734,2024,4,25,1
2024-04-25 02:00:00,0.0,0.0,0.0,0.0,2.5,56,15.3,15,1019.2,0,0,0,0,0.0,0.0,41.7658,-72.6734,2024,4,25,2
2024-04-25 03:00:00,0.0,0.0,0.0,0.0,1.6,56,15.3,15,1019.7,0,0,0,0,0.0,0.0,41.7658,-72.6734,2024,4,25,3
2024-04-25 04:00:00,0.0,0.0,0.0,0.0,1.0,56,14.5,14,1020.2,0,0,0,0,0.0,0.0,41.7658,-72.6734,2024,4,25,4
2024-04-25 05:00:00,0.0,0.0,0.0,0.0,0.4,59,12.0,16,1021.1,0,0,0,0,0.0,0.0,41.7658,-72.6734,2024,4,25,5
2024-04-25 06:00:00,0.0,0.0,0.0,0.0,-0.2,62,10.5,16,1022.1,0,0,0,0,0.0,0.0,41.7658,-72.6734,2024,4,25,6
2024-04-25 07:00:00,61.0,38.0,23.0,333.4,0.5,62,8.9,14,1023.2,0,0,0,0,0.0,3600.0,41.7658,-72.6734,2024,4,25,7
2024-04-25 08:00:00,241.0,180.0,61.0,631.6,1.8,52,9.6,20,1024.1,0,0,0,0,0.0,3600.0,41.7658,-72.6734,2024,4,25,8
2024-04-25 09:00:00,445.0,366.0,79.0,787.4,4.5,43,9.1,18,1024.4,0,0,0,0,0.0,3600.0,41.7658,-72.6734,2024,4,25,9
2024-04-25 10:00:00,635.0,544.0,91.0,872.5,6.1,40,8.6,15,1024.8,0,0,0,0,0.0,3600.0,41.7658,-72.6734,2024,4,25,10
2024-04-25 11:00:00,789.0,692.0,97.0,922.4,7.9,38,7.7,11,1024.7,0,0,0,0,0.0,3600.0,41.7658,-72.6734,2024,4,25,11
2024-04-25 12:00:00,895.0,793.0,102.0,948.1,9.6,35,7.6,5,1024.3,0,0,0,0,0.0,3600.0,41.7658,-72.6734,2024,4,25,12
2024-04-25 13:00:00,943.0,840.0,103.0,958.8,11.0,32,8.0,5,1023.6,0,0,0,0,0.0,3600.0,41.7658,-72.6734,2024,4,25,13
2024-04-25 14:00:00,930.0,828.0,102.0,955.3,12.2,29,8.0,5,1022.8,0,0,0,0,0.0,3600.0,41.7658,-72.6734,2024,4,25,14
2024-04-25 15:00:00,857.0,757.0,100.0,935.8,12.9,27,5.4,4,1022.0,0,0,0,0,0.0,3600.0,41.7658,-72.6734,2024,4,25,15
2024-04-25 16:00:00,722.0,624.0,98.0,883.1,13.0,29,3.3,347,1021.4,25,0,25,0,0.0,3600.0,41.7658,-72.6734,2024,4,25,16
2024-04-25 17:00:00,538.0,429.0,109.0,757.0,13.2,30,4.9,144,1020.9,16,0,16,0,0.0,3600.0,41.7658,-72.6734,2024,4,25,17
2024-04-25 18:00:00,340.0,248.0,92.0,621.7,12.2,33,11.7,146,1020.7,3,0,3,0,0.0,3600.0,41.7658,-72.6734,2024,4,25,18
2024-04-25 19:00:00,162.0,112.0,50.0,522.0,10.9,45,7.3,169,1021.3,5,0,0,5,0.0,3600.0,41.7658,-72.6734,2024,4,25,19
2024-04-25 20:00:00,20.0,10.0,10.0,127.3,7.9,53,15.1,180,1022.2,12,0,0,12,0.0,2056.04,41.7658,-72.6734,2024,4,25,20
2024-04-25 21:00:00,0.0,0.0,0.0,0.0,5.7,66,12.0,201,1023.3,0,0,0,0,0.0,0.0,41.7658,-72.6734,2024,4,25,21
2024-04-25 22:00:00,0.0,0.0,0.0,0.0,4.8,76,9.1,198,1024.1,0,0,0,0,0.0,0.0,41.7658,-72.6734,2024,4,25,22
2024-04-25 23:00:00,0.0,0.0,0.0,0.0,3.9,83,8.7,175,1024.5,0,0,0,0,0.0,0.0,41.7658,-72.6734,2024,4,25,23
2024-04-26 00:00:00,0.0,0.0,0.0,0.0,3.4,86,8.6,178,1024.8,0,0,0,0,0.0,0.0,41.7658,-72.6734,2024,4,26,0
2024-04-26 01:00:00,0.0,0.0,0.0,0.0,2.9,90,8.0,188,1024.9,0,0,0,0,0.0,0.0,41.7658,-72.6734,2024,4,26,1
2024-04-26 02:00:00,0.0,0.0,0.0,0.0,2.3,92,5.4,180,1025.0,0,0,0,0,0.0,0.0,41.7658,-72.6734,2024,4,26,2
2024-04-26 03:00:00,0.0,0.0,0.0,0.0,2.5,94,1.5,346,1025.5,0,0,0,0,0.0,0.0,41.7658,-72.6734,2024,4,26,3
2024-04-26 04:00:00,0.0,0.0,0.0,0.0,1.2,100,7.6,357,1026.1,100,100,0,0,0.0,0.0,41.7658,-72.6734,2024,4,26,4
2024-04-26 05:00:00,0.0,0.0,0.0,0.0,0.7,99,8.3,360,1026.6,55,55,0,0,0.0,0.0,41.7658,-72.6734,2024,4,26,5
2024-04-26 06:00:00,0.0,0.0,0.0,0.0,0.1,97,8.0,5,1027.2,10,10,0,0,0.0,0.0,41.7658,-72.6734,2024,4,26,6
2024-04-26 07:00:00,62.0,37.0,25.0,319.1,1.0,90,7.9,3,1028.0,3,0,0,2,0.0,3600.0,41.7658,-72.6734,2024,4,26,7
2024-04-26 08:00:00,238.0,176.0,62.0,609.2,3.6,72,7.2,6,1028.5,0,0,0,0,0.0,3600.0,41.7658,-72.6734,2024,4,26,8
2024-04-26 09:00:00,440.0,360.0,80.0,768.5,6.9,55,7.6,5,1029.0,0,0,0,0,0.0,3600.0,41.7658,-72.6734,2024,4,26,9
2024-04-26 10:00:00,627.0,536.0,91.0,855.1,9.5,46,6.7,16,1028.9,0,0,0,0,0.0,3600.0,41.7658,-72.6734,2024,4,26,10
2024-04-26 11:00:00,778.0,679.0,99.0,901.4,11.6,39,5.6,27,1028.7,0,0,0,0,0.0,3600.0,41.7658,-72.6734,2024,4,26,11
2024-04-26 12:00:00,881.0,777.0,104.0,925.8,13.1,35,4.1,15,1028.0,0,0,0,0,0.0,3600.0,41.7658,-72.6734,2024,4,26,12
2024-04-26 13:00:00,929.0,823.0,106.0,936.5,14.1,32,4.1,345,1027.6,0,0,0,0,0.0,3600.0,41.7658,-72.6734,2024,4,26,13
2024-04-26 14:00:00,916.0,810.0,106.0,931.8,14.9,30,5.3,332,1027.2,32,0,0,32,0.0,3600.0,41.7658,-72.6734,2024,4,26,14
2024-04-26 15:00:00,844.0,741.0,103.0,913.2,15.2,28,4.9,324,1026.8,100,0,0,100,0.0,3600.0,41.7658,-72.6734,2024,4,26,15
2024-04-26 16:00:00,713.0,601.0,112.0,847.5,15.2,27,5.1,315,1026.6,27,0,0,27,0.0,3600.0,41.7658,-72.6734,2024,4,26,16
2024-04-26 17:00:00,553.0,465.0,88.0,816.7,15.0,27,3.0,346,1026.6,3,0,0,3,0.0,3600.0,41.7658,-72.6734,2024,4,26,17
2024-04-26 18:00:00,362.0,291.0,71.0,724.4,14.1,30,3.3,96,1026.8,2,1,2,0,0.0,3600.0,41.7658,-72.6734,2024,4,26,18
2024-04-26 19:00:00,160.0,108.0,52.0,496.3,11.7,45,6.5,93,1026.3,0,0,0,0,0.0,3600.0,41.7658,-72.6734,2024,4,26,19
2024-04-26 20:00:00,21.0,11.0,10.0,137.3,9.1,54,7.3,171,1026.6,0,0,0,0,0.0,2351.33,41.7658,-72.6734,2024,4,26,20
2024-04-26 21:00:00,0.0,0.0,0.0,0.0,7.6,63,10.9,186,1027.1,0,0,0,0,0.0,0.0,41.7658,-72.6734,2024,4,26,21
2024-04-26 22:00:00,0.0,0.0,0.0,0.0,6.1,69,10.8,180,1028.1,0,0,0,0,0.0,0.0,41.7658,-72.6734,2024,4,26,22
2024-04-26 23:00:00,0.0,0.0,0.0,0.0,5.1,73,10.9,172,1028.6,0,0,0,0,0.0,0.0,41.7658,-72.6734,2024,4,26,23
2024-04-27 00:00:00,0.0,0.0,0.0,0.0,4.5,78,10.9,174,1029.2,0,0,0,0,0.0,0.0,41.7658,-72.6734,2024,4,27,0
2024-04-27 01:00:00,0.0,0.0,0.0,0.0,3.8,86,9.8,172,1029.4,0,0,0,0,0.0,0.0,41.7658,-72.6734,2024,4,27,1
2024-04-27 02:00:00,0.0,0.0,0.0,0.0,3.3,91,7.9,183,1029.0,0,0,0,0,0.0,0.0,41.7658,-72.6734,2024,4,27,2
2024-04-27 03:00:00,0.0,0.0,0.0,0.0,3.0,92,7.6,199,1029.2,0,0,0,0,0.0,0.0,41.7658,-72.6734,2024,4,27,3
2024-04-27 04:00:00,0.0,0.0,0.0,0.0,2.7,93,6.0,197,1029.4,78,0,0,78,0.0,0.0,41.7658,-72.6734,2024,4,27,4
2024-04-27 05:00:00,0.0,0.0,0.0,0.0,2.5,94,6.7,216,1029.5,25,0,0,25,0.0,0.0,41.7658,-72.6734,2024,4,27,5
2024-04-27 06:00:00,0.0,0.0,0.0,0.0,2.1,94,5.1,225,1029.9,97,0,0,97,0.0,0.0,41.7658,-72.6734,2024,4,27,6
2024-04-27 07:00:00,64.0,35.0,29.0,296.9,3.3,90,6.6,202,1030.3,1,0,0,1,0.0,3600.0,41.7658,-72.6734,2024,4,27,7
2024-04-27 08:00:00,240.0,177.0,63.0,604.5,6.3,78,4.5,194,1030.6,8,0,0,8,0.0,3600.0,41.7658,-72.6734,2024,4,27,8
2024-04-27 09:00:00,440.0,359.0,81.0,760.5,9.6,63,5.5,191,1030.0,25,0,0,25,0.0,3600.0,41.7658,-72.6734,2024,4,27,9
2024-04-27 10:00:00,622.0,525.0,97.0,833.2,12.0,52,7.3,191,1029.5,100,0,0,100,0.0,3600.0,41.7658,-72.6734,2024,4,27,10
2024-04-27 11:00:00,728.0,541.0,187.0,715.3,13.9,46,8.8,192,1029.3,100,0,0,100,0.0,3600.0,41.7658,-72.6734,2024,4,27,11
2024-04-27 12:00:00,787.0,507.0,280.0,602.1,15.3,41,11.2,195,1028.6,100,0,0,100,0.0,3600.0,41.7658,-72.6734,2024,4,27,12
2024-04-27 13:00:00,845.0,576.0,269.0,653.5,16.2,37,14.7,197,1028.0,100,0,0,100,0.0,3600.0,41.7658,-72.6734,2024,4,27,13
2024-04-27 14:00:00,842.0,584.0,258.0,669.9,16.3,34,18.0,200,1027.3,100,0,0,100,0.0,3600.0,41.7658,-72.6734,2024,4,27,14
2024-04-27 15:00:00,770.0,519.0,251.0,637.7,16.1,35,18.9,201,1026.3,100,0,0,100,0.0,3600.0,41.7658,-72.6734,2024,4,27,15
2024-04-27 16:00:00,533.0,201.0,332.0,282.4,15.2,36,19.3,201,1025.5,100,0,0,100,0.0,3600.0,41.7658,-72.6734,2024,4,27,16
2024-04-27 17:00:00,374.0,122.0,252.0,213.3,14.1,39,18.6,198,1024.9,100,0,18,100,0.0,3600.0,41.7658,-72.6734,2024,4,27,17
2024-04-27 18:00:00,225.0,62.0,163.0,153.3,12.8,39,16.9,191,1024.7,100,0,70,100,0.0,2797.84,41.7658,-72.6734,2024,4,27,18
2024-04-27 19:00:00,104.0,14.0,90.0,63.4,11.1,45,15.3,189,1024.3,100,0,100,100,0.0,103.39,41.7658,-72.6734,2024,4,27,19
2024-04-27 20:00:00,16.0,1.0,15.0,12.2,9.9,46,14.6,196,1024.2,100,0,100,100,0.0,0.0,41.7658,-72.6734,2024,4,27,20
2024-04-27 21:00:00,0.0,0.0,0.0,0.0,9.7,43,13.9,201,1024.5,100,0,100,100,0.1,0.0,41.7658,-72.6734,2024,4,27,21
2024-04-27 22:00:00,0.0,0.0,0.0,0.0,8.8,51,12.8,191,1024.3,100,1,99,100,0.0,0.0,41.7658,-72.6734,2024,4,27,22
2024-04-27 23:00:00,0.0,0.0,0.0,0.0,8.4,55,11.4,198,1023.7,100,6,100,100,0.0,0.0,41.7658,-72.6734,2024,4,27,23
2024-04-28 00:00:00,0.0,0.0,0.0,0.0,7.6,68,12.8,196,1023.5,100,13,100,99,0.6,0.0,41.7658,-72.6734,2024,4,28,0
2024-04-28 01:00:00,0.0,0.0,0.0,0.0,7.1,80,11.8,192,1023.1,100,11,100,64,0.1,0.0,41.7658,-72.6734,2024,4,28,1
2024-04-28 02:00:00,0.0,0.0,0.0,0.0,7.2,82,9.7,182,1022.3,90,38,82,15,0.0,0.0,41.7658,-72.6734,2024,4,28,2
2024-04-28 03:00:00,0.0,0.0,0.0,0.0,7.1,85,10.5,184,1021.6,100,100,46,93,0.0,0.0,41.7658,-72.6734,2024,4,28,3
2024-04-28 04:00:00,0.0,0.0,0.0,0.0,7.0,87,9.8,186,1021.1,86,73,42,22,0.0,0.0,41.7658,-72.6734,2024,4,28,4
2024-04-28 05:00:00,0.0,0.0,0.0,0.0,7.0,89,8.3,178,1020.7,100,100,38,46,0.0,0.0,41.7658,-72.6734,2024,4,28,5
2024-04-28 06:00:00,0.0,0.0,0.0,0.0,7.1,91,9.0,185,1020.3,100,100,10,61,0.0,0.0,41.7658,-72.6734,2024,4,28,6
2024-04-28 07:00:00,43.0,12.0,31.0,100.2,8.1,89,7.3,191,1020.7,50,33,16,14,0.0,1512.12,41.7658,-72.6734,2024,4,28,7
2024-04-28 08:00:00,178.0,85.0,93.0,286.6,9.9,83,11.3,202,1020.2,86,66,24,50,0.0,3600.0,41.7658,-72.6734,2024,4,28,8
2024-04-28 09:00:00,326.0,149.0,177.0,313.3,11.2,82,10.3,205,1019.3,100,100,0,92,0.0,3600.0,41.7658,-72.6734,2024,4,28,9
2024-04-28 10:00:00,320.0,82.0,238.0,129.5,12.5,79,7.6,211,1018.6,100,100,0,0,0.0,2084.03,41.7658,-72.6734,2024,4,28,10
2024-04-28 11:00:00,411.0,91.0,320.0,119.8,14.1,75,7.1,195,1017.8,100,97,0,88,0.0,1795.44,41.7658,-72.6734,2024,4,28,11
2024-04-28 12:00:00,587.0,198.0,389.0,234.4,17.3,66,8.2,195,1016.8,98,89,2,78,0.0,3600.0,41.7658,-72.6734,2024,4,28,12
2024-04-28 13:00:00,847.0,663.0,184.0,750.0,18.8,63,8.5,192,1016.0,68,1,2,68,0.0,3600.0,41.7658,-72.6734,2024,4,28,13
2024-04-28 14:00:00,836.0,687.0,149.0,785.8,20.6,60,9.4,178,1014.7,83,2,6,81,0.0,3600.0,41.7658,-72.6734,2024,4,28,14
2024-04-28 15:00:00,785.0,643.0,142.0,787.7,21.9,57,11.0,191,1013.3,77,0,3,76,0.0,3600.0,41.7658,-72.6734,2024,4,28,15
2024-04-28 16:00:00,641.0,502.0,139.0,703.0,21.9,58,12.8,190,1012.4,96,0,20,95,0.0,3600.0,41.7658,-72.6734,2024,4,28,16
2024-04-28 17:00:00,470.0,316.0,154.0,549.9,21.5,61,13.7,194,1012.0,100,3,59,100,0.0,3600.0,41.7658,-72.6734,2024,4,28,17
2024-04-28 18:00:00,221.0,67.0,154.0,164.5,19.6,69,12.8,190,1012.2,100,3,9,100,0.3,3134.69,41.7658,-72.6734,2024,4,28,18
2024-04-28 19:00:00,60.0,6.0,54.0,26.8,16.9,82,13.4,186,1012.2,100,0,99,100,0.4,0.0,41.7658,-72.6734,2024,4,28,19
2024-04-28 20:00:00,9.0,0.0,9.0,0.0,15.4,90,11.9,183,1012.2,100,1,96,98,0.1,0.0,41.7658,-72.6734,2024,4,28,20
2024-04-28 21:00:00,0.0,0.0,0.0,0.0,15.5,95,9.4,203,1012.4,89,0,34,84,0.0,0.0,41.7658,-72.6734,2024,4,28,21
2024-04-28 22:00:00,0.0,0.0,0.0,0.0,15.4,97,9.9,213,1012.4,81,7,67,43,0.8,0.0,41.7658,-72.6734,2024,4,28,22
2024-04-28 23:00:00,0.0,0.0,0.0,0.0,15.4,97,6.6,209,1012.0,99,14,54,98,1.1,0.0,41.7658,-72.6734,2024,4,28,23
2024-04-29 00:00:00,0.0,0.0,0.0,0.0,15.0,97,5.4,222,1011.7,40,7,30,14,0.2,0.0,41.7658,-72.6734,2024,4,29,0
2024-04-29 01:00:00,0.0,0.0,0.0,0.0,15.2,96,6.3,246,1011.6,30,0,23,9,0.0,0.0,41.7658,-72.6734,2024,4,29,1
2024-04-29 02:00:00,0.0,0.0,0.0,0.0,15.0,96,9.4,266,1010.9,90,0,13,89,0.0,0.0,41.7658,-72.6734,2024,4,29,2
2024-04-29 03:00:00,0.0,0.0,0.0,0.0,14.7,97,9.5,281,1010.8,65,5,23,52,0.0,0.0,41.7658,-72.6734,2024,4,29,3
2024-04-29 04:00:00,0.0,0.0,0.0,0.0,14.4,97,7.5,287,1010.7,81,3,19,75,0.0,0.0,41.7658,-72.6734,2024,4,29,4
2024-04-29 05:00:00,0.0,0.0,0.0,0.0,14.1,96,6.3,329,1010.8,92,30,18,87,0.0,0.0,41.7658,-72.6734,2024,4,29,5
2024-04-29 06:00:00,0.0,0.0,0.0,0.0,14.3,95,8.3,355,1011.4,99,76,2,94,0.0,0.0,41.7658,-72.6734,2024,4,29,6
2024-04-29 07:00:00,52.0,16.0,36.0,131.5,15.3,95,9.5,331,1012.3,91,38,0,85,0.0,2458.93,41.7658,-72.6734,2024,4,29,7
2024-04-29 08:00:00,202.0,104.0,98.0,346.3,17.2,92,8.7,318,1012.8,93,5,0,92,0.0,3600.0,41.7658,-72.6734,2024,4,29,8
2024-04-29 09:00:00,364.0,236.0,128.0,492.7,20.1,87,9.7,321,1011.9,58,17,7,46,0.0,3600.0,41.7658,-72.6734,2024,4,29,9
2024-04-29 10:00:00,497.0,316.0,181.0,496.4,21.7,76,12.4,330,1012.1,30,9,23,0,0.0,3600.0,41.7658,-72.6734,2024,4,29,10
2024-04-29 11:00:00,700.0,550.0,150.0,721.6,23.2,66,12.3,345,1012.0,78,62,13,32,0.0,3600.0,41.7658,-72.6734,2024,4,29,11
2024-04-29 12:00:00,681.0,448.0,233.0,528.6,23.7,63,11.5,356,1012.0,85,82,21,4,0.0,3600.0,41.7658,-72.6734,2024,4,29,12
2024-04-29 13:00:00,608.0,302.0,306.0,340.7,23.2,65,10.3,12,1011.7,37,30,14,6,0.0,3600.0,41.7658,-72.6734,2024,4,29,13
2024-04-29 14:00:00,628.0,367.0,261.0,418.6,23.2,64,11.2,21,1011.7,38,36,20,0,0.0,3600.0,41.7658,-72.6734,2024,4,29,14
2024-04-29 15:00:00,687.0,473.0,214.0,577.7,23.9,59,11.3,7,1011.5,17,10,13,0,0.0,3600.0,41.7658,-72.6734,2024,4,29,15
2024-04-29 16:00:00,578.0,444.0,134.0,619.6,23.8,59,11.0,11,1011.1,23,9,14,3,0.0,3600.0,41.7658,-72.6734,2024,4,29,16
2024-04-29 17:00:00,479.0,362.0,117.0,627.2,23.6,59,8.7,24,1010.9,78,19,24,70,0.0,3600.0,41.7658,-72.6734,2024,4,29,17
2024-04-29 18:00:00,333.0,246.0,87.0,599.9,23.3,59,6.9,9,1011.1,98,5,5,98,0.0,3600.0,41.7658,-72.6734,2024,4,29,18
2024-04-29 19:00:00,142.0,77.0,65.0,339.7,21.4,76,2.7,113,1011.4,97,87,72,72,0.0,3600.0,41.7658,-72.6734,2024,4,29,19
2024-04-29 20:00:00,17.0,4.0,13.0,47.3,18.4,87,9.8,144,1011.7,30,21,6,11,0.0,12.08,41.7658,-72.6734,2024,4,29,20
2024-04-29 21:00:00,0.0,0.0,0.0,0.0,15.2,92,10.6,156,1013.0,88,40,42,76,0.0,0.0,41.7658,-72.6734,2024,4,29,21
2024-04-29 22:00:00,0.0,0.0,0.0,0.0,14.2,93,10.2,162,1013.4,100,100,65,35,0.0,0.0,41.7658,-72.6734,2024,4,29,22
2024-04-29 23:00:00,0.0,0.0,0.0,0.0,13.6,89,9.1,162,1013.1,100,100,52,55,0.0,0.0,41.7658,-72.6734,2024,4,29,23
2024-04-30 00:00:00,0.0,0.0,0.0,0.0,13.1,83,6.0,163,1013.2,98,63,36,93,0.0,0.0,41.7658,-72.6734,2024,4,30,0
2024-04-30 01:00:00,0.0,0.0,0.0,0.0,12.3,86,6.3,167,1013.3,100,100,41,100,2.5,0.0,41.7658,-72.6734,2024,4,30,1
2024-04-30 02:00:00,0.0,0.0,0.0,0.0,11.4,87,6.6,139,1012.8,93,30,19,89,10.4,0.0,41.7658,-72.6734,2024,4,30,2
2024-04-30 03:00:00,0.0,0.0,0.0,0.0,10.6,94,5.4,143,1012.7,95,50,38,84,6.5,0.0,41.7658,-72.6734,2024,4,30,3
2024-04-30 04:00:00,0.0,0.0,0.0,0.0,10.7,93,1.9,68,1012.8,100,99,24,95,0.2,0.0,41.7658,-72.6734,2024,4,30,4
2024-04-30 05:00:00,0.0,0.0,0.0,0.0,10.8,93,6.7,74,1012.6,100,100,14,92,0.0,0.0,41.7658,-72.6734,2024,4,30,5
2024-04-30 06:00:00,0.0,0.0,0.0,0.0,10.8,91,5.2,124,1012.2,100,100,1,98,0.0,0.0,41.7658,-72.6734,2024,4,30,6
2024-04-30 07:00:00,27.0,1.0,26.0,8.1,11.2,89,4.8,48,1012.9,100,100,14,97,0.0,0.0,41.7658,-72.6734,2024,4,30,7
2024-04-30 08:00:00,99.0,4.0,95.0,13.2,12.0,82,5.9,79,1012.8,100,100,5,99,0.0,0.0,41.7658,-72.6734,2024,4,30,8
2024-04-30 09:00:00,176.0,17.0,159.0,35.2,13.9,68,7.7,139,1012.1,100,100,0,97,0.0,0.0,41.7658,-72.6734,2024,4,30,9
2024-04-30 10:00:00,336.0,86.0,250.0,134.5,16.0,57,8.4,110,1011.9,100,52,0,100,0.0,2233.64,41.7658,-72.6734,2024,4,30,10
2024-04-30 11:00:00,504.0,190.0,314.0,248.4,17.8,50,10.1,117,1011.6,100,91,0,100,0.0,3600.0,41.7658,-72.6734,2024,4,30,11
2024-04-30 12:00:00,520.0,152.0,368.0,178.8,18.5,48,11.2,132,1011.2,100,100,0,100,0.0,3564.22,41.7658,-72.6734,2024,4,30,12
2024-04-30 13:00:00,467.0,101.0,366.0,113.6,18.6,48,13.5,146,1010.4,100,100,0,100,0.0,1608.43,41.7658,-72.6734,2024,4,30,13
2024-04-30 14:00:00,464.0,103.0,361.0,117.2,18.4,49,15.5,152,1009.7,100,100,0,100,0.0,1715.02,41.7658,-72.6734,2024,4,30,14
2024-04-30 15:00:00,383.0,59.0,324.0,71.9,17.6,51,14.7,152,1009.1,100,100,0,100,0.0,355.64,41.7658,-72.6734,2024,4,30,15
2024-04-30 16:00:00,287.0,27.0,260.0,37.6,16.8,53,13.7,150,1008.3,100,100,0,100,0.0,0.0,41.7658,-72.6734,2024,4,30,16
2024-04-30 17:00:00,190.0,14.0,176.0,24.1,15.9,56,11.0,148,1008.1,100,100,1,100,0.0,0.0,41.7658,-72.6734,2024,4,30,17
2024-04-30 18:00:00,133.0,4.0,129.0,9.7,15.1,60,8.5,144,1008.1,100,100,5,99,0.0,0.0,41.7658,-72.6734,2024,4,30,18
2024-04-30 19:00:00,64.0,0.0,64.0,0.0,14.3,64,6.4,137,1008.4,100,100,5,98,0.0,0.0,41.7658,-72.6734,2024,4,30,19
2024-04-30 20:00:00,9.0,0.0,9.0,0.0,13.5,68,6.2,126,1008.4,100,95,30,100,0.0,0.0,41.7658,-72.6734,2024,4,30,20
2024-04-30 21:00:00,0.0,0.0,0.0,0.0,12.6,69,7.4,129,1008.8,100,69,100,100,0.0,0.0,41.7658,-72.6734,2024,4,30,21
2024-04-30 22:00:00,0.0,0.0,0.0,0.0,11.6,76,5.6,117,1008.7,100,0,100,100,0.7,0.0,41.7658,-72.6734,2024,4,30,22
2024-04-30 23:00:00,0.0,0.0,0.0,0.0,10.9,89,4.9,73,1008.7,100,0,100,100,2.9,0.0,41.7658,-72.6734,2024,4,30,23
2024-05-01 00:00:00,0.0,0.0,0.0,0.0,10.7,89,2.3,72,1008.7,100,18,98,100,1.3,0.0,41.7658,-72.6734,2024,5,1,0
2024-05-01 01:00:00,0.0,0.0,0.0,0.0,10.2,92,4.3,90,1008.0,100,0,100,100,0.2,0.0,41.7658,-72.6734,2024,5,1,1
2024-05-01 02:00:00,0.0,0.0,0.0,0.0,9.9,96,5.1,8,1008.0,100,15,100,99,0.1,0.0,41.7658,-72.6734,2024,5,1,2
2024-05-01 03:00:00,0.0,0.0,0.0,0.0,9.9,97,6.0,17,1007.9,100,15,100,100,0.1,0.0,41.7658,-72.6734,2024,5,1,3
2024-05-01 04:00:00,0.0,0.0,0.0,0.0,10.0,97,4.6,18,1007.8,100,8,55,100,0.1,0.0,41.7658,-72.6734,2024,5,1,4
2024-05-01 05:00:00,0.0,0.0,0.0,0.0,9.9,98,5.4,356,1008.3,100,49,51,100,0.0,0.0,41.7658,-72.6734,2024,5,1,5
2024-05-01 06:00:00,0.0,0.0,0.0,0.0,9.9,98,4.8,13,1008.8,97,89,13,67,0.0,0.0,41.7658,-72.6734,2024,5,1,6
2024-05-01 07:00:00,39.0,6.0,33.0,47.9,10.3,94,4.9,36,1009.3,69,69,2,0,0.0,0.0,41.7658,-72.6734,2024,5,1,7
2024-05-01 08:00:00,172.0,71.0,101.0,230.8,11.3,89,5.8,356,1009.8,92,91,11,0,0.0,3600.0,41.7658,-72.6734,2024,5,1,8
2024-05-01 09:00:00,192.0,12.0,180.0,24.7,12.8,88,3.0,14,1009.9,100,100,10,0,0.0,0.0,41.7658,-72.6734,2024,5,1,9
2024-05-01 10:00:00,267.0,38.0,229.0,59.1,14.0,85,2.1,31,1010.0,100,100,1,0,0.0,0.0,41.7658,-72.6734,2024,5,1,10
2024-05-01 11:00:00,278.0,37.0,241.0,48.2,15.2,82,3.3,41,1009.9,100,100,0,0,0.0,0.0,41.7658,-72.6734,2024,5,1,11
2024-05-01 12:00:00,376.0,47.0,329.0,55.1,17.3,75,3.1,45,1009.4,100,100,0,0,0.0,0.0,41.7658,-72.6734,2024,5,1,12
2024-05-01 13:00:00,517.0,115.0,402.0,129.0,19.0,69,2.2,9,1008.9,100,100,23,27,0.0,2070.42,41.7658,-72.6734,2024,5,1,13
2024-05-01 14:00:00,550.0,203.0,347.0,230.3,20.2,65,0.7,270,1008.6,100,100,37,2,0.1,3600.0,41.7658,-72.6734,2024,5,1,14
2024-05-01 15:00:00,442.0,171.0,271.0,207.7,20.2,64,1.5,284,1008.7,50,22,38,3,0.2,3600.0,41.7658,-72.6734,2024,5,1,15
2024-05-01 16:00:00,588.0,404.0,184.0,560.1,20.5,62,3.0,284,1008.6,98,22,34,96,0.2,3600.0,41.7658,-72.6734,2024,5,1,16
2024-05-01 17:00:00,386.0,238.0,148.0,408.8,19.9,64,4.0,175,1008.6,36,5,29,6,0.1,3600.0,41.7658,-72.6734,2024,5,1,17
2024-05-01 18:00:00,300.0,203.0,97.0,488.5,19.7,65,7.6,177,1009.1,46,29,29,0,0.2,3600.0,41.7658,-72.6734,2024,5,1,18
2024-05-01 19:00:00,124.0,59.0,65.0,253.7,17.3,77,14.2,164,1009.7,25,18,9,0,0.1,3600.0,41.7658,-72.6734,2024,5,1,19
2024-05-01 20:00:00,23.0,8.0,15.0,91.3,14.2,83,12.2,161,1010.4,30,30,13,0,0.0,1251.87,41.7658,-72.6734,2024,5,1,20
2024-05-01 21:00:00,0.0,0.0,0.0,0.0,12.2,84,12.6,185,1012.1,29,29,0,0,0.0,0.0,41.7658,-72.6734,2024,5,1,21
2024-05-01 22:00:00,0.0,0.0,0.0,0.0,10.5,85,12.0,187,1012.7,24,23,1,0,0.0,0.0,41.7658,-72.6734,2024,5,1,22
2024-05-01 23:00:00,0.0,0.0,0.0,0.0,9.2,88,8.7,187,1012.9,24,4,18,3,0.0,0.0,41.7658,-72.6734,2024,5,1,23
2024-05-02 00:00:00,0.0,0.0,0.0,0.0,8.4,91,7.3,169,1013.1,91,7,90,0,0.0,0.0,41.7658,-72.6734,2024,5,2,0
2024-05-02 01:00:00,0.0,0.0,0.0,0.0,8.7,88,6.8,177,1013.0,98,9,98,0,0.0,0.0,41.7658,-72.6734,2024,5,2,1
2024-05-02 02:00:00,0.0,0.0,0.0,0.0,8.7,88,6.6,171,1012.4,8,7,1,0,0.0,0.0,41.7658,-72.6734,2024,5,2,2
2024-05-02 03:00:00,0.0,0.0,0.0,0.0,7.7,93,7.2,183,1012.3,37,7,30,3,0.0,0.0,41.7658,-72.6734,2024,5,2,3
2024-05-02 04:00:00,0.0,0.0,0.0,0.0,7.6,94,8.3,185,1012.0,68,6,66,0,0.0,0.0,41.7658,-72.6734,2024,5,2,4
2024-05-02 05:00:00,0.0,0.0,0.0,0.0,7.4,96,9.7,178,1011.5,3,3,0,0,0.0,0.0,41.7658,-72.6734,2024,5,2,5
2024-05-02 06:00:00,1.0,0.0,1.0,0.0,7.2,98,9.1,187,1011.2,16,15,2,0,0.0,0.0,41.7658,-72.6734,2024,5,2,6
2024-05-02 07:00:00,72.0,37.0,35.0,291.2,8.8,92,13.0,199,1011.4,100,100,1,0,0.0,3600.0,41.7658,-72.6734,2024,5,2,7
2024-05-02 08:00:00,168.0,45.0,123.0,144.6,11.1,85,16.9,204,1010.8,100,100,3,0,0.0,2539.25,41.7658,-72.6734,2024,5,2,8
2024-05-02 09:00:00,214.0,26.0,188.0,53.2,12.2,83,14.7,208,1010.9,100,100,8,0,0.0,0.0,41.7658,-72.6734,2024,5,2,9
2024-05-02 10:00:00,368.0,105.0,263.0,162.6,15.2,75,13.4,216,1010.9,60,48,26,0,0.0,3079.25,41.7658,-72.6734,2024,5,2,10
2024-05-02 11:00:00,654.0,439.0,215.0,569.8,17.9,68,11.7,191,1009.9,1,1,0,0,0.0,3600.0,41.7658,-72.6734,2024,5,2,11
2024-05-02 12:00:00,859.0,751.0,108.0,878.2,20.6,62,10.5,186,1009.0,11,11,0,0,0.0,3600.0,41.7658,-72.6734,2024,5,2,12
2024-05-02 13:00:00,868.0,727.0,141.0,813.5,23.6,52,8.3,214,1007.9,45,3,43,0,0.0,3600.0,41.7658,-72.6734,2024,5,2,13
2024-05-02 14:00:00,720.0,528.0,192.0,597.5,25.2,41,10.2,288,1007.6,27,3,27,0,0.0,3600.0,41.7658,-72.6734,2024,5,2,14
2024-05-02 15:00:00,644.0,415.0,229.0,502.6,25.5,38,15.5,292,1007.0,86,0,50,72,0.0,3600.0,41.7658,-72.6734,2024,5,2,15
2024-05-02 16:00:00,628.0,464.0,164.0,641.2,25.4,37,18.8,306,1006.7,90,0,7,89,0.0,3600.0,41.7658,-72.6734,2024,5,2,16
2024-05-02 17:00:00,495.0,350.0,145.0,598.6,24.4,37,18.4,321,1007.2,39,0,9,33,0.0,3600.0,41.7658,-72.6734,2024,5,2,17
2024-05-02 18:00:00,332.0,241.0,91.0,576.3,22.4,43,16.9,344,1008.2,97,0,0,97,0.0,3600.0,41.7658,-72.6734,2024,5,2,18
2024-05-02 19:00:00,145.0,58.0,87.0,246.3,20.2,48,11.3,329,1009.0,74,0,0,74,0.0,3600.0,41.7658,-72.6734,2024,5,2,19
2024-05-02 20:00:00,27.0,9.0,18.0,101.0,18.0,52,13.8,317,1010.1,17,0,2,15,0.0,1550.71,41.7658,-72.6734,2024,5,2,20
2024-05-02 21:00:00,0.0,0.0,0.0,0.0,17.8,53,16.3,5,1011.8,13,13,1,0,0.0,0.0,41.7658,-72.6734,2024,5,2,21
2024-05-02 22:00:00,0.0,0.0,0.0,0.0,15.3,78,9.7,48,1013.0,6,1,0,5,0.0,0.0,41.7658,-72.6734,2024,5,2,22
2024-05-02 23:00:00,0.0,0.0,0.0,0.0,13.6,88,9.2,42,1013.3,6,0,0,6,0.0,0.0,41.7658,-72.6734,2024,5,2,23
2024-05-03 00:00:00,0.0,0.0,0.0,0.0,12.4,93,10.9,44,1013.7,30,8,0,24,0.0,0.0,41.7658,-72.6734,2024,5,3,0
2024-05-03 01:00:00,0.0,0.0,0.0,0.0,11.4,91,11.2,50,1014.4,47,19,0,35,0.0,0.0,41.7658,-72.6734,2024,5,3,1
2024-05-03 02:00:00,0.0,0.0,0.0,0.0,10.2,89,11.0,38,1014.5,37,12,0,28,0.0,0.0,41.7658,-72.6734,2024,5,3,2
2024-05-03 03:00:00,0.0,0.0,0.0,0.0,9.7,86,10.9,34,1015.0,7,3,0,4,0.0,0.0,41.7658,-72.6734,2024,5,3,3
2024-05-03 04:00:00,0.0,0.0,0.0,0.0,8.7,86,10.0,21,1015.3,49,16,0,39,0.0,0.0,41.7658,-72.6734,2024,5,3,4
2024-05-03 05:00:00,0.0,0.0,0.0,0.0,8.0,88,9.0,2,1016.3,100,100,0,85,0.0,0.0,41.7658,-72.6734,2024,5,3,5
2024-05-03 06:00:00,1.0,0.0,1.0,0.0,8.3,85,11.3,27,1017.3,100,100,0,95,0.0,0.0,41.7658,-72.6734,2024,5,3,6
2024-05-03 07:00:00,56.0,16.0,40.0,124.2,8.8,81,13.3,38,1018.0,100,98,0,91,0.0,1949.13,41.7658,-72.6734,2024,5,3,7
2024-05-03 08:00:00,188.0,80.0,108.0,254.3,10.1,74,11.2,48,1018.9,99,60,0,98,0.0,3600.0,41.7658,-72.6734,2024,5,3,8
2024-05-03 09:00:00,293.0,110.0,183.0,223.6,12.1,69,10.2,67,1019.1,100,75,0,100,0.0,3600.0,41.7658,-72.6734,2024,5,3,9
2024-05-03 10:00:00,496.0,278.0,218.0,428.7,14.3,59,7.6,82,1019.4,100,85,0,100,0.0,3600.0,41.7658,-72.6734,2024,5,3,10
2024-05-03 11:00:00,604.0,279.0,325.0,360.9,16.1,53,7.9,93,1019.1,100,97,0,100,0.0,3600.0,41.7658,-72.6734,2024,5,3,11
2024-05-03 12:00:00,571.0,137.0,434.0,159.8,16.9,51,5.9,101,1018.9,100,65,0,100,0.0,2992.75,41.7658,-72.6734,2024,5,3,12
2024-05-03 13:00:00,705.0,316.0,389.0,352.7,18.3,48,6.1,90,1017.9,99,74,0,96,0.0,3600.0,41.7658,-72.6734,2024,5,3,13
2024-05-03 14:00:00,719.0,377.0,342.0,425.6,19.1,47,4.8,103,1017.6,97,93,0,51,0.0,3600.0,41.7658,-72.6734,2024,5,3,14
2024-05-03 15:00:00,648.0,314.0,334.0,379.3,19.5,46,4.2,121,1017.3,100,100,28,41,0.0,3600.0,41.7658,-72.6734,2024,5,3,15
2024-05-03 16:00:00,583.0,329.0,254.0,453.2,19.8,45,4.6,108,1017.2,98,54,35,96,0.0,3600.0,41.7658,-72.6734,2024,5,3,16
2024-05-03 17:00:00,409.0,201.0,208.0,342.3,19.8,45,6.5,96,1017.1,99,21,32,99,0.0,3600.0,41.7658,-72.6734,2024,5,3,17
2024-05-03 18:00:00,269.0,126.0,143.0,299.4,18.5,49,9.7,153,1017.2,100,95,52,100,0.0,3600.0,41.7658,-72.6734,2024,5,3,18
2024-05-03 19:00:00,135.0,56.0,79.0,234.9,15.3,65,13.6,191,1017.8,95,45,0,91,0.0,3600.0,41.7658,-72.6734,2024,5,3,19
2024-05-03 20:00:00,24.0,6.0,18.0,66.3,13.1,73,9.5,191,1018.5,99,87,0,95,0.0,546.28,41.7658,-72.6734,2024,5,3,20
2024-05-03 21:00:00,0.0,0.0,0.0,0.0,12.1,74,10.4,182,1019.1,67,12,0,63,0.0,0.0,41.7658,-72.6734,2024,5,3,21
2024-05-03 22:00:00,0.0,0.0,0.0,0.0,10.9,80,8.3,185,1019.9,47,13,1,39,0.0,0.0,41.7658,-72.6734,2024,5,3,22
2024-05-03 23:00:00,0.0,0.0,0.0,0.0,9.9,85,8.3,180,1020.2,11,0,2,9,0.0,0.0,41.7658,-72.6734,2024,5,3,23
2024-05-04 00:00:00,0.0,0.0,0.0,0.0,9.1,89,8.0,185,1020.4,18,0,1,17,0.0,0.0,41.7658,-72.6734,2024,5,4,0
2024-05-04 01:00:00,0.0,0.0,0.0,0.0,8.6,92,7.2,207,1020.6,100,0,0,100,0.0,0.0,41.7658,-72.6734,2024,5,4,1
2024-05-04 02:00:00,0.0,0.0,0.0,0.0,8.5,94,4.8,207,1020.7,91,0,0,91,0.0,0.0,41.7658,-72.6734,2024,5,4,2
2024-05-04 03:00:00,0.0,0.0,0.0,0.0,7.9,97,4.6,198,1020.7,100,0,0,100,0.0,0.0,41.7658,-72.6734,2024,5,4,3
2024-05-04 04:00:00,0.0,0.0,0.0,0.0,7.6,97,2.3,129,1020.8,96,0,0,96,0.0,0.0,41.7658,-72.6734,2024,5,4,4
2024-05-04 05:00:00,0.0,0.0,0.0,0.0,7.1,99,2.6,124,1020.9,63,0,0,63,0.0,0.0,41.7658,-72.6734,2024,5,4,5
2024-05-04 06:00:00,2.0,0.0,2.0,0.0,7.2,100,1.6,117,1021.6,70,25,0,60,0.0,0.0,41.7658,-72.6734,2024,5,4,6
2024-05-04 07:00:00,76.0,37.0,39.0,281.0,8.8,94,1.5,45,1022.1,6,0,0,6,0.0,3600.0,41.7658,-72.6734,2024,5,4,7
2024-05-04 08:00:00,246.0,176.0,70.0,553.6,11.3,84,0.8,333,1022.6,55,0,0,55,0.0,3600.0,41.7658,-72.6734,2024,5,4,8
2024-05-04 09:00:00,410.0,281.0,129.0,567.5,13.5,69,1.4,90,1022.7,89,0,0,89,0.0,3600.0,41.7658,-72.6734,2024,5,4,9
2024-05-04 10:00:00,602.0,482.0,120.0,740.1,15.4,62,2.1,121,1022.9,100,4,3,100,0.0,3600.0,41.7658,-72.6734,2024,5,4,10
2024-05-04 11:00:00,706.0,515.0,191.0,663.9,17.6,54,7.5,125,1022.4,100,97,0,100,0.0,3600.0,41.7658,-72.6734,2024,5,4,11
2024-05-04 12:00:00,600.0,260.0,340.0,302.4,18.3,51,9.2,132,1022.1,100,100,3,100,0.0,3600.0,41.7658,-72.6734,2024,5,4,12
2024-05-04 13:00:00,451.0,82.0,369.0,91.3,18.3,51,9.2,138,1022.0,91,78,2,59,0.0,938.74,41.7658,-72.6734,2024,5,4,13
2024-05-04 14:00:00,522.0,130.0,392.0,146.4,18.8,50,8.1,135,1021.8,97,90,12,68,0.0,2591.69,41.7658,-72.6734,2024,5,4,14
2024-05-04 15:00:00,388.0,64.0,324.0,77.1,18.8,50,6.6,131,1021.7,100,100,29,99,0.0,513.09,41.7658,-72.6734,2024,5,4,15
2024-05-04 16:00:00,331.0,52.0,279.0,71.4,19.1,49,6.8,115,1021.4,100,100,57,100,0.0,342.13,41.7658,-72.6734,2024,5,4,16
2024-05-04 17:00:00,265.0,62.0,203.0,105.2,18.8,50,8.9,133,1021.1,100,100,59,100,0.0,1354.91,41.7658,-72.6734,2024,5,4,17
2024-05-04 18:00:00,189.0,27.0,162.0,63.8,17.0,59,13.4,174,1021.3,100,100,28,100,0.0,112.83,41.7658,-72.6734,2024,5,4,18
2024-05-04 19:00:00,64.0,0.0,64.0,0.0,14.1,68,14.8,179,1021.9,100,95,0,100,0.0,0.0,41.7658,-72.6734,2024,5,4,19
2024-05-04 20:00:00,12.0,0.0,12.0,0.0,11.8,76,12.4,172,1022.5,100,78,0,100,0.0,0.0,41.7658,-72.6734,2024,5,4,20
2024-05-04 21:00:00,0.0,0.0,0.0,0.0,10.3,79,11.8,168,1023.6,99,51,13,97,0.0,0.0,41.7658,-72.6734,2024,5,4,21
2024-05-04 22:00:00,0.0,0.0,0.0,0.0,9.4,83,8.2,157,1024.1,99,8,4,99,0.0,0.0,41.7658,-72.6734,2024,5,4,22
2024-05-04 23:00:00,0.0,0.0,0.0,0.0,8.5,89,6.3,156,1023.9,99,22,3,99,0.0,0.0,41.7658,-72.6734,2024,5,4,23
2024-05-05 00:00:00,0.0,0.0,0.0,0.0,8.5,90,4.0,175,1023.8,100,88,18,99,0.0,0.0,41.7658,-72.6734,2024,5,5,0
2024-05-05 01:00:00,0.0,0.0,0.0,0.0,8.6,89,1.8,169,1023.7,99,73,12,97,0.0,0.0,41.7658,-72.6734,2024,5,5,1
2024-05-05 02:00:00,0.0,0.0,0.0,0.0,8.3,91,2.8,140,1023.4,100,100,14,100,0.0,0.0,41.7658,-72.6734,2024,5,5,2
2024-05-05 03:00:00,0.0,0.0,0.0,0.0,8.5,87,6.0,123,1023.2,100,100,95,100,0.0,0.0,41.7658,-72.6734,2024,5,5,3
2024-05-05 04:00:00,0.0,0.0,0.0,0.0,8.5,86,7.9,120,1022.8,100,100,91,100,0.0,0.0,41.7658,-72.6734,2024,5,5,4
2024-05-05 05:00:00,0.0,0.0,0.0,0.0,8.4,87,8.1,135,1022.8,100,100,100,100,0.0,0.0,41.7658,-72.6734,2024,5,5,5
2024-05-05 06:00:00,0.0,0.0,0.0,0.0,8.5,87,6.9,137,1022.9,100,100,100,100,0.0,0.0,41.7658,-72.6734,2024,5,5,6
2024-05-05 07:00:00,10.0,0.0,10.0,0.0,8.7,87,8.7,135,1022.9,100,100,98,100,0.0,0.0,41.7658,-72.6734,2024,5,5,7
2024-05-05 08:00:00,44.0,0.0,44.0,0.0,9.1,86,10.5,139,1022.8,100,100,57,93,0.0,0.0,41.7658,-72.6734,2024,5,5,8
2024-05-05 09:00:00,182.0,20.0,162.0,40.2,9.9,85,15.5,144,1022.6,100,100,100,45,0.1,0.0,41.7658,-72.6734,2024,5,5,9
2024-05-05 10:00:00,122.0,2.0,120.0,3.1,10.0,84,15.3,150,1022.3,100,100,100,95,0.0,0.0,41.7658,-72.6734,2024,5,5,10
2024-05-05 11:00:00,164.0,3.0,161.0,3.9,10.3,83,15.5,158,1022.1,100,100,100,100,0.0,0.0,41.7658,-72.6734,2024,5,5,11
2024-05-05 12:00:00,230.0,7.0,223.0,8.1,11.0,80,16.8,152,1021.5,100,100,100,100,0.0,0.0,41.7658,-72.6734,2024,5,5,12
2024-05-05 13:00:00,333.0,18.0,315.0,20.0,11.9,75,16.8,165,1021.3,100,100,100,99,0.0,0.0,41.7658,-72.6734,2024,5,5,13
2024-05-05 14:00:00,288.0,9.0,279.0,10.1,11.9,75,16.2,168,1020.9,100,100,100,97,0.2,0.0,41.7658,-72.6734,2024,5,5,14
2024-05-05 15:00:00,139.0,2.0,137.0,2.4,11.2,79,15.0,170,1020.4,100,90,100,99,0.3,0.0,41.7658,-72.6734,2024,5,5,15
2024-05-05 16:00:00,86.0,0.0,86.0,0.0,10.4,90,12.4,172,1019.8,100,98,100,100,0.9,0.0,41.7658,-72.6734,2024,5,5,16
2024-05-05 17:00:00,60.0,0.0,60.0,0.0,10.1,93,12.9,167,1019.0,100,73,100,100,1.3,0.0,41.7658,-72.6734,2024,5,5,17
2024-05-05 18:00:00,43.0,0.0,43.0,0.0,9.8,95,12.0,159,1018.4,100,60,100,100,0.9,0.0,41.7658,-72.6734,2024,5,5,18
2024-05-05 19:00:00,51.0,2.0,49.0,8.2,9.8,94,11.0,161,1018.3,100,100,100,100,0.2,0.0,41.7658,-72.6734,2024,5,5,19
2024-05-05 20:00:00,6.0,0.0,6.0,0.0,9.6,95,10.6,162,1018.3,100,100,100,63,0.0,0.0,41.7658,-72.6734,2024,5,5,20
2024-05-05 21:00:00,0.0,0.0,0.0,0.0,9.0,97,3.5,156,1018.4,100,100,100,100,2.1,0.0,41.7658,-72.6734,2024,5,5,21
2024-05-05 22:00:00,0.0,0.0,0.0,0.0,9.0,97,5.0,150,1018.2,100,100,100,96,1.3,0.0,41.7658,-72.6734,2024,5,5,22
2024-05-05 23:00:00,0.0,0.0,0.0,0.0,9.1,97,3.7,151,1017.5,100,100,100,35,0.3,0.0,41.7658,-72.6734,2024,5,5,23
2024-05-06 00:00:00,0.0,0.0,0.0,0.0,9.2,97,2.6,164,1016.9,100,100,100,2,0.2,0.0,41.7658,-72.6734,2024,5,6,0
2024-05-06 01:00:00,0.0,0.0,0.0,0.0,9.3,98,4.0,153,1016.0,100,100,48,14,0.2,0.0,41.7658,-72.6734,2024,5,6,1
2024-05-06 02:00:00,0.0,0.0,0.0,0.0,9.4,98,3.6,174,1015.2,100,100,18,0,0.1,0.0,41.7658,-72.6734,2024,5,6,2
2024-05-06 03:00:00,0.0,0.0,0.0,0.0,9.5,97,3.6,186,1014.8,100,100,14,0,0.0,0.0,41.7658,-72.6734,2024,5,6,3
2024-05-06 04:00:00,0.0,0.0,0.0,0.0,9.6,97,4.3,185,1014.3,100,100,8,0,0.0,0.0,41.7658,-72.6734,2024,5,6,4
2024-05-06 05:00:00,0.0,0.0,0.0,0.0,9.8,98,6.2,173,1013.9,100,100,3,0,0.0,0.0,41.7658,-72.6734,2024,5,6,5
2024-05-06 06:00:00,0.0,0.0,0.0,0.0,10.2,97,5.4,180,1013.9,100,100,21,0,0.0,0.0,41.7658,-72.6734,2024,5,6,6
2024-05-06 07:00:00,15.0,0.0,15.0,0.0,10.7,96,5.0,180,1013.8,100,100,0,100,0.0,0.0,41.7658,-72.6734,2024,5,6,7
2024-05-06 08:00:00,67.0,0.0,67.0,0.0,11.4,96,5.7,198,1013.6,100,100,2,100,0.0,0.0,41.7658,-72.6734,2024,5,6,8
2024-05-06 09:00:00,270.0,58.0,212.0,115.8,14.1,90,5.2,205,1012.9,100,100,3,94,0.0,1673.1,41.7658,-72.6734,2024,5,6,9
2024-05-06 10:00:00,388.0,87.0,301.0,132.5,16.3,85,6.8,212,1012.8,100,100,10,100,0.0,2175.08,41.7658,-72.6734,2024,5,6,10
2024-05-06 11:00:00,528.0,203.0,325.0,260.1,18.7,78,4.7,247,1012.1,100,100,2,100,0.0,3600.0,41.7658,-72.6734,2024,5,6,11
2024-05-06 12:00:00,457.0,81.0,376.0,93.7,20.0,75,3.6,270,1011.3,100,100,2,100,0.0,1011.19,41.7658,-72.6734,2024,5,6,12
2024-05-06 13:00:00,400.0,92.0,308.0,101.9,21.0,72,4.3,204,1010.4,100,100,3,43,0.0,1258.24,41.7658,-72.6734,2024,5,6,13
2024-05-06 14:00:00,428.0,102.0,326.0,114.3,22.0,68,7.7,229,1009.5,84,73,24,37,0.1,1629.75,41.7658,-72.6734,2024,5,6,14
2024-05-06 15:00:00,467.0,201.0,266.0,240.9,22.6,65,10.1,243,1008.7,100,54,42,100,0.3,3600.0,41.7658,-72.6734,2024,5,6,15
2024-05-06 16:00:00,521.0,320.0,201.0,436.8,23.2,62,10.6,246,1007.7,100,30,17,100,0.1,3600.0,41.7658,-72.6734,2024,5,6,16
2024-05-06 17:00:00,323.0,90.0,233.0,151.4,22.7,64,10.6,242,1007.2,100,23,19,100,0.0,2743.46,41.7658,-72.6734,2024,5,6,17
2024-05-06 18:00:00,224.0,81.0,143.0,189.0,22.3,68,7.9,246,1007.0,100,5,6,100,0.0,3600.0,41.7658,-72.6734,2024,5,6,18
2024-05-06 19:00:00,122.0,26.0,96.0,105.3,20.7,78,5.8,263,1006.9,100,25,8,100,0.0,1359.06,41.7658,-72.6734,2024,5,6,19
2024-05-06 20:00:00,21.0,0.0,21.0,0.0,18.8,85,5.3,242,1007.0,100,9,6,100,0.0,0.0,41.7658,-72.6734,2024,5,6,20
2024-05-06 21:00:00,0.0,0.0,0.0,0.0,18.1,81,6.5,264,1006.8,100,1,4,100,0.0,0.0,41.7658,-72.6734,2024,5,6,21
2024-05-06 22:00:00,0.0,0.0,0.0,0.0,15.9,88,6.0,245,1007.0,100,0,3,100,0.0,0.0,41.7658,-72.6734,2024,5,6,22
2024-05-06 23:00:00,0.0,0.0,0.0,0.0,14.4,94,5.1,225,1006.6,31,0,0,31,0.0,0.0,41.7658,-72.6734,2024,5,6,23
2024-05-07 00:00:00,0.0,0.0,0.0,0.0,13.7,98,6.4,254,1006.6,84,0,0,84,0.0,0.0,41.7658,-72.6734,2024,5,7,0
2024-05-07 01:00:00,0.0,0.0,0.0,0.0,11.5,100,8.7,343,1006.6,100,0,0,100,0.0,0.0,41.7658,-72.6734,2024,5,7,1
2024-05-07 02:00:00,0.0,0.0,0.0,0.0,11.9,91,8.5,324,1006.1,100,0,0,100,0.0,0.0,41.7658,-72.6734,2024,5,7,2
2024-05-07 03:00:00,0.0,0.0,0.0,0.0,12.5,66,8.4,340,1005.7,99,0,0,99,0.0,0.0,41.7658,-72.6734,2024,5,7,3
2024-05-07 04:00:00,0.0,0.0,0.0,0.0,11.8,64,7.9,336,1005.7,64,0,0,64,0.0,0.0,41.7658,-72.6734,2024,5,7,4
2024-05-07 05:00:00,0.0,0.0,0.0,0.0,10.9,67,8.7,355,1005.6,8,0,0,8,0.0,0.0,41.7658,-72.6734,2024,5,7,5
2024-05-07 06:00:00,3.0,1.0,2.0,19.1,9.9,74,8.4,10,1006.0,0,0,0,0,0.0,0.0,41.7658,-72.6734,2024,5,7,6
2024-05-07 07:00:00,93.0,57.0,36.0,401.4,11.0,77,8.9,14,1006.3,0,0,0,0,0.0,3600.0,41.7658,-72.6734,2024,5,7,7
2024-05-07 08:00:00,271.0,205.0,66.0,626.1,13.3,71,7.6,5,1006.6,0,0,0,0,0.0,3600.0,41.7658,-72.6734,2024,5,7,8
2024-05-07 09:00:00,463.0,381.0,82.0,756.3,17.0,63,9.4,356,1006.2,0,0,0,0,0.0,3600.0,41.7658,-72.6734,2024,5,7,9
2024-05-07 10:00:00,643.0,550.0,93.0,834.4,19.7,50,10.4,360,1005.8,0,0,0,0,0.0,3600.0,41.7658,-72.6734,2024,5,7,10
2024-05-07 11:00:00,791.0,692.0,99.0,883.9,21.5,41,7.9,3,1005.5,0,0,0,0,0.0,3600.0,41.7658,-72.6734,2024,5,7,11
2024-05-07 12:00:00,891.0,788.0,103.0,909.4,22.7,37,6.0,343,1004.9,0,0,0,0,0.0,3600.0,41.7658,-72.6734,2024,5,7,12
2024-05-07 13:00:00,937.0,833.0,104.0,920.9,23.6,34,5.2,335,1004.2,0,0,0,0,0.0,3600.0,41.7658,-72.6734,2024,5,7,13
2024-05-07 14:00:00,921.0,816.0,105.0,912.6,24.3,34,2.9,330,1003.2,21,0,0,21,0.0,3600.0,41.7658,-72.6734,2024,5,7,14
2024-05-07 15:00:00,848.0,745.0,103.0,890.8,25.1,32,4.7,293,1002.0,1,0,0,1,0.0,3600.0,41.7658,-72.6734,2024,5,7,15
2024-05-07 16:00:00,729.0,632.0,97.0,860.1,25.4,29,10.0,291,1001.2,18,0,0,18,0.0,3600.0,41.7658,-72.6734,2024,5,7,16
2024-05-07 17:00:00,571.0,483.0,88.0,809.6,24.4,28,13.4,297,1001.1,30,0,0,30,0.0,3600.0,41.7658,-72.6734,2024,5,7,17
2024-05-07 18:00:00,387.0,312.0,75.0,723.7,23.1,35,9.5,299,1001.5,35,0,0,35,0.0,3600.0,41.7658,-72.6734,2024,5,7,18
2024-05-07 19:00:00,194.0,139.0,55.0,556.7,20.4,50,7.1,315,1001.8,79,0,0,79,0.0,3600.0,41.7658,-72.6734,2024,5,7,19
2024-05-07 20:00:00,38.0,20.0,18.0,207.9,17.6,59,7.3,327,1002.1,88,0,0,88,0.0,3076.02,41.7658,-72.6734,2024,5,7,20
2024-05-07 21:00:00,0.0,0.0,0.0,0.0,16.5,69,6.1,270,1002.0,100,0,0,100,0.0,0.0,41.7658,-72.6734,2024,5,7,21
2024-05-07 22:00:00,0.0,0.0,0.0,0.0,16.7,64,2.7,203,1002.0,100,0,0,100,0.0,0.0,41.7658,-72.6734,2024,5,7,22
2024-05-07 23:00:00,0.0,0.0,0.0,0.0,14.1,73,14.1,183,1001.9,100,0,0,100,0.0,0.0,41.7658,-72.6734,2024,5,7,23
2024-05-08 00:00:00,0.0,0.0,0.0,0.0,13.5,73,8.2,209,1002.6,90,0,0,90,0.0,0.0,41.7658,-72.6734,2024,5,8,0
2024-05-08 01:00:00,0.0,0.0,0.0,0.0,13.0,76,6.9,171,1002.6,68,0,0,68,0.0,0.0,41.7658,-72.6734,2024,5,8,1
2024-05-08 02:00:00,0.0,0.0,0.0,0.0,12.2,80,7.2,177,1002.4,29,0,0,29,0.0,0.0,41.7658,-72.6734,2024,5,8,2
2024-05-08 03:00:00,0.0,0.0,0.0,0.0,11.6,83,5.4,180,1001.4,36,0,20,21,0.0,0.0,41.7658,-72.6734,2024,5,8,3
2024-05-08 04:00:00,0.0,0.0,0.0,0.0,12.0,77,5.0,240,1001.4,16,0,7,14,0.0,0.0,41.7658,-72.6734,2024,5,8,4
2024-05-08 05:00:00,0.0,0.0,0.0,0.0,11.1,81,3.2,270,1001.3,92,0,78,69,0.0,0.0,41.7658,-72.6734,2024,5,8,5
2024-05-08 06:00:00,2.0,0.0,2.0,0.0,11.0,86,1.1,162,1001.3,100,0,22,100,0.0,0.0,41.7658,-72.6734,2024,5,8,6
2024-05-08 07:00:00,66.0,15.0,51.0,103.2,12.0,83,3.3,139,1000.9,98,0,23,97,0.0,1297.44,41.7658,-72.6734,2024,5,8,7
2024-05-08 08:00:00,225.0,132.0,93.0,399.5,14.8,74,3.3,174,1000.5,100,4,33,100,0.0,3600.0,41.7658,-72.6734,2024,5,8,8
2024-05-08 09:00:00,27.0,0.0,27.0,0.0,13.4,93,8.4,187,999.6,100,46,88,100,5.4,0.0,41.7658,-72.6734,2024,5,8,9
2024-05-08 10:00:00,267.0,32.0,235.0,48.4,16.9,93,11.3,207,998.8,96,60,15,90,4.3,0.0,41.7658,-72.6734,2024,5,8,10
2024-05-08 11:00:00,604.0,331.0,273.0,421.6,20.1,84,19.7,208,998.0,100,100,19,81,0.0,3600.0,41.7658,-72.6734,2024,5,8,11
2024-05-08 12:00:00,421.0,48.0,373.0,55.3,22.1,77,14.8,206,997.4,95,37,7,92,0.2,0.0,41.7658,-72.6734,2024,5,8,12
2024-05-08 13:00:00,639.0,377.0,262.0,415.9,24.4,71,15.0,201,996.1,98,93,25,65,0.1,3600.0,41.7658,-72.6734,2024,5,8,13
2024-05-08 14:00:00,570.0,213.0,357.0,237.7,25.2,64,14.7,211,995.2,44,33,24,6,0.1,3600.0,41.7658,-72.6734,2024,5,8,14
2024-05-08 15:00:00,577.0,347.0,230.0,414.0,23.4,72,18.9,194,994.9,78,67,41,19,1.3,3600.0,41.7658,-72.6734,2024,5,8,15
2024-05-08 16:00:00,532.0,321.0,211.0,435.6,24.0,73,16.9,181,994.3,20,0,15,6,0.5,3600.0,41.7658,-72.6734,2024,5,8,16
2024-05-08 17:00:00,417.0,296.0,121.0,494.3,24.3,73,11.9,175,993.7,13,0,13,1,0.0,3600.0,41.7658,-72.6734,2024,5,8,17
2024-05-08 18:00:00,326.0,241.0,85.0,555.8,24.6,70,4.3,204,994.0,14,0,14,1,0.0,3600.0,41.7658,-72.6734,2024,5,8,18
2024-05-08 19:00:00,155.0,100.0,55.0,396.2,21.7,87,5.1,4,995.1,48,0,48,0,0.0,3600.0,41.7658,-72.6734,2024,5,8,19
2024-05-08 20:00:00,25.0,11.0,14.0,112.8,19.0,98,12.8,349,995.7,40,11,32,0,0.0,2058.98,41.7658,-72.6734,2024,5,8,20
2024-05-08 21:00:00,0.0,0.0,0.0,0.0,17.2,93,10.9,351,997.9,7,2,5,0,0.0,0.0,41.7658,-72.6734,2024,5,8,21
2024-05-08 22:00:00,0.0,0.0,0.0,0.0,15.7,94,11.0,11,998.7,3,0,3,0,0.0,0.0,41.7658,-72.6734,2024,5,8,22
2024-05-08 23:00:00,0.0,0.0,0.0,0.0,13.9,94,8.4,10,998.7,4,1,2,0,0.0,0.0,41.7658,-72.6734,2024,5,8,23
2024-05-09 00:00:00,0.0,0.0,0.0,0.0,15.3,88,3.5,114,999.0,2,2,0,0,0.0,0.0,41.7658,-72.6734,2024,5,9,0
2024-05-09 01:00:00,0.0,0.0,0.0,0.0,13.3,92,2.8,220,999.8,80,0,0,80,0.0,0.0,41.7658,-72.6734,2024,5,9,1
2024-05-09 02:00:00,0.0,0.0,0.0,0.0,12.4,95,7.4,247,1000.2,71,0,0,71,0.0,0.0,41.7658,-72.6734,2024,5,9,2
2024-05-09 03:00:00,0.0,0.0,0.0,0.0,12.3,91,9.0,270,1000.1,100,2,0,100,0.0,0.0,41.7658,-72.6734,2024,5,9,3
2024-05-09 04:00:00,0.0,0.0,0.0,0.0,11.9,90,9.0,299,1000.6,100,22,0,100,0.0,0.0,41.7658,-72.6734,2024,5,9,4
2024-05-09 05:00:00,0.0,0.0,0.0,0.0,11.6,91,10.2,312,1001.2,94,55,0,87,0.0,0.0,41.7658,-72.6734,2024,5,9,5
2024-05-09 06:00:00,3.0,0.0,3.0,0.0,11.8,90,9.0,293,1001.9,18,10,0,9,0.0,0.0,41.7658,-72.6734,2024,5,9,6
2024-05-09 07:00:00,92.0,51.0,41.0,343.6,12.2,86,12.9,324,1002.8,32,17,0,18,0.0,3600.0,41.7658,-72.6734,2024,5,9,7
2024-05-09 08:00:00,241.0,146.0,95.0,438.1,12.8,73,14.3,342,1003.8,68,66,0,3,0.0,3600.0,41.7658,-72.6734,2024,5,9,8
2024-05-09 09:00:00,451.0,352.0,99.0,691.4,15.6,65,15.6,345,1003.4,48,26,0,30,0.0,3600.0,41.7658,-72.6734,2024,5,9,9
2024-05-09 10:00:00,550.0,401.0,149.0,604.0,16.4,60,12.7,352,1003.5,87,28,0,82,0.0,3600.0,41.7658,-72.6734,2024,5,9,10
2024-05-09 11:00:00,739.0,574.0,165.0,729.1,17.8,52,15.5,348,1003.6,100,34,0,100,0.0,3600.0,41.7658,-72.6734,2024,5,9,11
2024-05-09 12:00:00,816.0,586.0,230.0,673.1,19.3,45,13.7,346,1003.1,100,37,5,100,0.0,3600.0,41.7658,-72.6734,2024,5,9,12
2024-05-09 13:00:00,723.0,363.0,360.0,399.6,20.2,40,11.2,345,1002.8,100,16,86,100,0.0,3600.0,41.7658,-72.6734,2024,5,9,13
2024-05-09 14:00:00,733.0,367.0,366.0,408.7,20.7,39,8.2,345,1002.4,95,0,74,85,0.0,3600.0,41.7658,-72.6734,2024,5,9,14
2024-05-09 15:00:00,728.0,436.0,292.0,518.9,21.1,39,8.9,346,1002.3,56,6,49,13,0.0,3600.0,41.7658,-72.6734,2024,5,9,15
2024-05-09 16:00:00,687.0,508.0,179.0,687.5,21.3,39,9.4,353,1001.9,95,6,82,73,0.0,3600.0,41.7658,-72.6734,2024,5,9,16
2024-05-09 17:00:00,402.0,158.0,244.0,262.9,20.1,42,11.9,5,1002.4,93,7,93,7,0.0,3600.0,41.7658,-72.6734,2024,5,9,17
2024-05-09 18:00:00,228.0,58.0,170.0,133.0,18.9,45,8.6,15,1002.8,97,13,96,7,0.0,2190.75,41.7658,-72.6734,2024,5,9,18
2024-05-09 19:00:00,140.0,47.0,93.0,184.2,17.6,54,10.0,15,1003.1,94,0,94,5,0.0,3600.0,41.7658,-72.6734,2024,5,9,19
2024-05-09 20:00:00,26.0,5.0,21.0,50.6,15.8,55,10.7,45,1003.5,100,0,100,4,0.0,52.74,41.7658,-72.6734,2024,5,9,20
2024-05-09 21:00:00,0.0,0.0,0.0,0.0,14.8,69,1.6,63,1004.6,100,12,100,2,0.0,0.0,41.7658,-72.6734,2024,5,9,21
2024-05-09 22:00:00,0.0,0.0,0.0,0.0,14.1,67,9.4,92,1004.8,100,26,100,3,0.0,0.0,41.7658,-72.6734,2024,5,9,22
2024-05-09 23:00:00,0.0,0.0,0.0,0.0,12.2,77,12.1,127,1005.2,100,28,100,17,0.0,0.0,41.7658,-72.6734,2024,5,9,23
2024-05-10 00:00:00,0.0,0.0,0.0,0.0,11.9,79,8.1,111,1004.9,100,10,100,9,0.0,0.0,41.7658,-72.6734,2024,5,10,0
2024-05-10 01:00:00,0.0,0.0,0.0,0.0,11.6,81,9.9,80,1004.7,100,31,100,8,0.1,0.0,41.7658,-72.6734,2024,5,10,1
2024-05-10 02:00:00,0.0,0.0,0.0,0.0,10.7,78,10.1,84,1004.9,100,76,100,94,0.3,0.0,41.7658,-72.6734,2024,5,10,2
2024-05-10 03:00:00,0.0,0.0,0.0,0.0,10.1,81,9.2,69,1004.7,100,100,100,100,0.3,0.0,41.7658,-72.6734,2024,5,10,3
2024-05-10 04:00:00,0.0,0.0,0.0,0.0,9.7,82,6.9,51,1004.8,100,100,100,100,0.5,0.0,41.7658,-72.6734,2024,5,10,4
2024-05-10 05:00:00,0.0,0.0,0.0,0.0,9.2,89,7.0,35,1005.4,100,100,100,100,1.2,0.0,41.7658,-72.6734,2024,5,10,5
2024-05-10 06:00:00,0.0,0.0,0.0,0.0,9.0,90,7.1,41,1006.0,100,42,100,100,1.7,0.0,41.7658,-72.6734,2024,5,10,6
2024-05-10 07:00:00,10.0,0.0,10.0,0.0,8.7,91,8.4,50,1006.3,100,23,100,100,1.3,0.0,41.7658,-72.6734,2024,5,10,7
2024-05-10 08:00:00,65.0,0.0,65.0,0.0,8.7,86,9.0,53,1006.2,100,13,100,100,0.5,0.0,41.7658,-72.6734,2024,5,10,8
2024-05-10 09:00:00,367.0,208.0,159.0,406.5,10.6,76,13.2,73,1005.6,89,80,48,0,0.1,3600.0,41.7658,-72.6734,2024,5,10,9
2024-05-10 10:00:00,375.0,121.0,254.0,181.6,11.6,69,14.9,75,1005.0,100,100,37,0,0.1,3600.0,41.7658,-72.6734,2024,5,10,10
2024-05-10 11:00:00,332.0,49.0,283.0,62.1,12.0,67,15.9,77,1005.1,100,100,18,0,0.1,62.36,41.7658,-72.6734,2024,5,10,11
2024-05-10 12:00:00,418.0,133.0,285.0,152.4,12.7,64,15.3,82,1005.0,94,87,59,0,0.1,2772.85,41.7658,-72.6734,2024,5,10,12
2024-05-10 13:00:00,407.0,37.0,370.0,40.6,13.3,57,12.2,90,1005.1,100,100,98,22,0.0,0.0,41.7658,-72.6734,2024,5,10,13
2024-05-10 14:00:00,309.0,18.0,291.0,20.0,13.6,53,12.3,75,1004.6,100,100,45,13,0.0,0.0,41.7658,-72.6734,2024,5,10,14
2024-05-10 15:00:00,429.0,76.0,353.0,90.3,14.4,50,12.0,69,1004.4,100,100,100,18,0.0,907.63,41.7658,-72.6734,2024,5,10,15
2024-05-10 16:00:00,317.0,36.0,281.0,48.6,14.6,49,10.5,63,1004.3,100,94,100,50,0.0,0.0,41.7658,-72.6734,2024,5,10,16
2024-05-10 17:00:00,127.0,1.0,126.0,1.7,14.1,50,6.2,80,1004.4,100,67,100,62,0.0,0.0,41.7658,-72.6734,2024,5,10,17
2024-05-10 18:00:00,121.0,2.0,119.0,4.6,13.7,52,5.9,137,1004.9,100,75,100,70,0.1,0.0,41.7658,-72.6734,2024,5,10,18
2024-05-10 19:00:00,51.0,1.0,50.0,3.9,12.7,64,6.8,155,1005.1,100,74,100,6,0.0,0.0,41.7658,-72.6734,2024,5,10,19
2024-05-10 20:00:00,17.0,1.0,16.0,10.0,11.8,72,6.8,180,1005.7,100,82,100,36,0.0,0.0,41.7658,-72.6734,2024,5,10,20
2024-05-10 21:00:00,0.0,0.0,0.0,0.0,11.2,65,6.5,146,1006.7,98,15,97,92,0.0,0.0,41.7658,-72.6734,2024,5,10,21
2024-05-10 22:00:00,0.0,0.0,0.0,0.0,9.9,77,5.9,191,1007.1,63,30,18,46,0.0,0.0,41.7658,-72.6734,2024,5,10,22
2024-05-10 23:00:00,0.0,0.0,0.0,0.0,8.3,94,5.5,238,1006.9,31,18,30,0,0.0,0.0,41.7658,-72.6734,2024,5,10,23
2024-05-11 00:00:00,0.0,0.0,0.0,0.0,7.9,96,1.8,79,1006.8,6,3,6,0,0.0,0.0,41.7658,-72.6734,2024,5,11,0
2024-05-11 01:00:00,0.0,0.0,0.0,0.0,7.2,95,4.8,63,1007.1,9,0,9,0,0.0,0.0,41.7658,-72.6734,2024,5,11,1
2024-05-11 02:00:00,0.0,0.0,0.0,0.0,6.5,89,8.4,40,1007.3,7,0,7,0,0.0,0.0,41.7658,-72.6734,2024,5,11,2
2024-05-11 03:00:00,0.0,0.0,0.0,0.0,6.0,85,7.6,59,1007.4,9,0,9,0,0.0,0.0,41.7658,-72.6734,2024,5,11,3
2024-05-11 04:00:00,0.0,0.0,0.0,0.0,5.4,85,8.1,45,1007.3,1,0,1,0,0.0,0.0,41.7658,-72.6734,2024,5,11,4
2024-05-11 05:00:00,0.0,0.0,0.0,0.0,4.8,88,7.4,14,1007.3,4,0,4,0,0.0,0.0,41.7658,-72.6734,2024,5,11,5
2024-05-11 06:00:00,5.0,1.0,4.0,19.1,4.6,90,7.2,6,1007.7,0,0,0,0,0.0,0.0,41.7658,-72.6734,2024,5,11,6
2024-05-11 07:00:00,100.0,60.0,40.0,388.5,6.3,84,6.3,13,1007.7,0,0,0,0,0.0,3600.0,41.7658,-72.6734,2024,5,11,7
2024-05-11 08:00:00,280.0,209.0,71.0,617.0,9.0,73,6.4,16,1007.6,0,0,0,0,0.0,3600.0,41.7658,-72.6734,2024,5,11,8
2024-05-11 09:00:00,471.0,381.0,90.0,741.2,11.6,59,6.4,16,1007.8,0,0,0,0,0.0,3600.0,41.7658,-72.6734,2024,5,11,9
2024-05-11 10:00:00,648.0,546.0,102.0,816.9,13.4,52,6.5,34,1007.2,0,0,0,0,0.0,3600.0,41.7658,-72.6734,2024,5,11,10
2024-05-11 11:00:00,797.0,691.0,106.0,873.2,15.3,45,8.7,30,1007.1,93,92,71,3,0.0,3600.0,41.7658,-72.6734,2024,5,11,11
2024-05-11 12:00:00,633.0,321.0,312.0,367.1,15.6,44,10.4,34,1006.4,100,41,100,10,0.0,3600.0,41.7658,-72.6734,2024,5,11,12
2024-05-11 13:00:00,416.0,69.0,347.0,75.7,15.4,45,9.4,47,1005.7,100,4,100,5,0.0,469.73,41.7658,-72.6734,2024,5,11,13
2024-05-11 14:00:00,471.0,116.0,355.0,128.7,15.9,44,7.1,66,1005.4,100,0,100,0,0.0,2059.83,41.7658,-72.6734,2024,5,11,14
2024-05-11 15:00:00,475.0,141.0,334.0,167.1,15.9,44,5.7,72,1005.4,100,7,100,0,0.1,3212.5,41.7658,-72.6734,2024,5,11,15
2024-05-11 16:00:00,270.0,24.0,246.0,32.3,15.4,46,5.8,94,1005.4,100,8,100,0,0.0,0.0,41.7658,-72.6734,2024,5,11,16
2024-05-11 17:00:00,224.0,18.0,206.0,29.7,15.1,48,7.6,109,1005.3,100,29,100,84,0.0,0.0,41.7658,-72.6734,2024,5,11,17
2024-05-11 18:00:00,153.0,40.0,113.0,90.8,14.4,51,8.2,142,1005.6,100,50,100,98,0.0,922.57,41.7658,-72.6734,2024,5,11,18
2024-05-11 19:00:00,52.0,0.0,52.0,0.0,12.8,65,10.4,166,1006.0,100,100,100,100,0.0,0.0,41.7658,-72.6734,2024,5,11,19
2024-05-11 20:00:00,12.0,0.0,12.0,0.0,11.6,73,9.7,158,1006.4,100,100,100,100,0.0,0.0,41.7658,-72.6734,2024,5,11,20
2024-05-11 21:00:00,0.0,0.0,0.0,0.0,9.4,76,10.8,176,1007.8,100,89,49,100,0.0,0.0,41.7658,-72.6734,2024,5,11,21
2024-05-11 22:00:00,0.0,0.0,0.0,0.0,9.4,76,8.9,166,1008.2,100,98,44,100,0.0,0.0,41.7658,-72.6734,2024,5,11,22
2024-05-11 23:00:00,0.0,0.0,0.0,0.0,8.9,79,7.3,171,1008.3,100,100,74,100,0.0,0.0,41.7658,-72.6734,2024,5,11,23
2024-05-12 00:00:00,0.0,0.0,0.0,0.0,9.0,78,6.5,183,1008.3,100,8,100,97,0.0,0.0,41.7658,-72.6734,2024,5,12,0
2024-05-12 01:00:00,0.0,0.0,0.0,0.0,8.8,80,6.1,208,1008.1,100,9,94,100,0.1,0.0,41.7658,-72.6734,2024,5,12,1
2024-05-12 02:00:00,0.0,0.0,0.0,0.0,8.4,83,6.1,208,1007.7,100,0,42,100,0.0,0.0,41.7658,-72.6734,2024,5,12,2
2024-05-12 03:00:00,0.0,0.0,0.0,0.0,8.0,87,4.3,180,1007.9,100,15,68,100,0.0,0.0,41.7658,-72.6734,2024,5,12,3
2024-05-12 04:00:00,0.0,0.0,0.0,0.0,7.5,91,6.2,173,1007.8,100,14,98,100,0.0,0.0,41.7658,-72.6734,2024,5,12,4
2024-05-12 05:00:00,0.0,0.0,0.0,0.0,7.3,92,5.2,155,1007.6,100,0,68,100,0.0,0.0,41.7658,-72.6734,2024,5,12,5
2024-05-12 06:00:00,3.0,0.0,3.0,0.0,7.2,93,4.8,153,1007.4,100,1,100,100,0.0,0.0,41.7658,-72.6734,2024,5,12,6
2024-05-12 07:00:00,52.0,3.0,49.0,19.1,8.1,89,3.8,163,1007.8,100,0,100,100,0.0,0.0,41.7658,-72.6734,2024,5,12,7
2024-05-12 08:00:00,183.0,37.0,146.0,108.4,9.5,80,6.6,202,1008.2,98,37,80,88,0.0,1451.96,41.7658,-72.6734,2024,5,12,8
2024-05-12 09:00:00,383.0,203.0,180.0,393.1,11.6,68,4.5,194,1008.5,98,54,75,80,0.0,3600.0,41.7658,-72.6734,2024,5,12,9
2024-05-12 10:00:00,407.0,144.0,263.0,214.8,12.3,63,4.7,180,1008.5,100,18,100,76,0.1,3600.0,41.7658,-72.6734,2024,5,12,10
2024-05-12 11:00:00,366.0,85.0,281.0,107.2,12.7,58,4.3,185,1008.8,100,14,100,93,0.0,1414.75,41.7658,-72.6734,2024,5,12,11
2024-05-12 12:00:00,481.0,205.0,276.0,234.0,13.4,55,5.9,191,1008.5,99,15,69,95,0.0,3600.0,41.7658,-72.6734,2024,5,12,12
2024-05-12 13:00:00,580.0,269.0,311.0,294.4,13.9,52,4.1,218,1008.4,100,59,95,95,0.0,3600.0,41.7658,-72.6734,2024,5,12,13
2024-05-12 14:00:00,579.0,302.0,277.0,334.3,14.2,53,4.6,219,1008.1,95,93,48,0,0.0,3600.0,41.7658,-72.6734,2024,5,12,14
2024-05-12 15:00:00,500.0,218.0,282.0,257.8,14.1,55,5.1,188,1008.2,87,81,82,1,0.1,3600.0,41.7658,-72.6734,2024,5,12,15
2024-05-12 16:00:00,425.0,196.0,229.0,263.2,14.4,57,4.0,207,1007.9,97,11,73,90,0.1,3600.0,41.7658,-72.6734,2024,5,12,16
2024-05-12 17:00:00,347.0,150.0,197.0,246.9,13.3,63,10.1,270,1008.3,100,40,100,10,0.0,3600.0,41.7658,-72.6734,2024,5,12,17
2024-05-12 18:00:00,160.0,46.0,114.0,103.8,12.3,74,8.4,227,1008.6,95,0,94,2,0.0,1314.51,41.7658,-72.6734,2024,5,12,18
2024-05-12 19:00:00,74.0,11.0,63.0,41.8,11.5,81,6.4,207,1009.1,100,0,13,100,0.0,0.0,41.7658,-72.6734,2024,5,12,19
2024-05-12 20:00:00,34.0,10.0,24.0,97.3,10.1,89,8.5,208,1009.6,43,3,26,23,0.0,1636.11,41.7658,-72.6734,2024,5,12,20
2024-05-12 21:00:00,0.0,0.0,0.0,0.0,9.7,96,7.0,235,1010.6,34,12,2,23,0.0,0.0,41.7658,-72.6734,2024,5,12,21
2024-05-12 22:00:00,0.0,0.0,0.0,0.0,9.2,94,6.7,234,1011.0,8,1,7,0,0.0,0.0,41.7658,-72.6734,2024,5,12,22
2024-05-12 23:00:00,0.0,0.0,0.0,0.0,8.7,94,7.3,237,1011.0,0,0,0,0,0.0,0.0,41.7658,-72.6734,2024,5,12,23
2024-05-13 00:00:00,0.0,0.0,0.0,0.0,7.9,94,5.8,240,1011.3,3,0,3,0,0.0,0.0,41.7658,-72.6734,2024,5,13,0
2024-05-13 01:00:00,0.0,0.0,0.0,0.0,7.2,95,5.5,238,1011.7,5,0,5,0,0.0,0.0,41.7658,-72.6734,2024,5,13,1
2024-05-13 02:00:00,0.0,0.0,0.0,0.0,6.8,95,6.0,237,1012.1,5,0,5,0,0.0,0.0,41.7658,-72.6734,2024,5,13,2
2024-05-13 03:00:00,0.0,0.0,0.0,0.0,6.4,95,5.6,220,1012.4,0,0,0,0,0.0,0.0,41.7658,-72.6734,2024,5,13,3
2024-05-13 04:00:00,0.0,0.0,0.0,0.0,5.8,95,5.4,217,1012.9,0,0,0,0,0.0,0.0,41.7658,-72.6734,2024,5,13,4
2024-05-13 05:00:00,0.0,0.0,0.0,0.0,5.2,96,5.8,202,1013.1,0,0,0,0,0.0,0.0,41.7658,-72.6734,2024,5,13,5
2024-05-13 06:00:00,6.0,2.0,4.0,38.2,5.4,97,4.6,198,1013.5,0,0,0,0,0.0,0.0,41.7658,-72.6734,2024,5,13,6
2024-05-13 07:00:00,106.0,65.0,41.0,406.2,7.7,93,4.0,180,1013.8,0,0,0,0,0.0,3600.0,41.7658,-72.6734,2024,5,13,7
2024-05-13 08:00:00,284.0,216.0,68.0,628.2,10.0,83,3.4,212,1014.2,0,0,0,0,0.0,3600.0,41.7658,-72.6734,2024,5,13,8
2024-05-13 09:00:00,471.0,383.0,88.0,738.5,12.2,79,1.5,225,1014.0,6,0,0,6,0.0,3600.0,41.7658,-72.6734,2024,5,13,9
2024-05-13 10:00:00,646.0,545.0,101.0,810.4,14.6,69,2.2,171,1013.6,1,0,0,1,0.0,3600.0,41.7658,-72.6734,2024,5,13,10
2024-05-13 11:00:00,790.0,682.0,108.0,857.8,16.6,57,3.9,202,1013.8,3,0,0,3,0.0,3600.0,41.7658,-72.6734,2024,5,13,11
2024-05-13 12:00:00,886.0,775.0,111.0,882.8,18.1,51,5.8,202,1013.5,10,0,0,10,0.0,3600.0,41.7658,-72.6734,2024,5,13,12
2024-05-13 13:00:00,936.0,823.0,113.0,899.1,19.2,44,7.9,204,1013.0,45,9,19,32,0.0,3600.0,41.7658,-72.6734,2024,5,13,13
2024-05-13 14:00:00,711.0,452.0,259.0,499.5,19.9,41,6.6,193,1012.1,79,3,78,9,0.0,3600.0,41.7658,-72.6734,2024,5,13,14
2024-05-13 15:00:00,531.0,223.0,308.0,263.1,20.3,40,5.7,198,1011.4,100,0,100,1,0.0,3600.0,41.7658,-72.6734,2024,5,13,15
2024-05-13 16:00:00,480.0,184.0,296.0,246.4,20.4,42,11.9,205,1010.9,98,0,98,0,0.0,3600.0,41.7658,-72.6734,2024,5,13,16
2024-05-13 17:00:00,474.0,275.0,199.0,451.2,19.2,54,17.5,172,1011.1,31,0,31,0,0.0,3600.0,41.7658,-72.6734,2024,5,13,17
2024-05-13 18:00:00,296.0,167.0,129.0,374.9,19.2,53,14.4,177,1010.8,18,10,17,0,0.0,3600.0,41.7658,-72.6734,2024,5,13,18
2024-05-13 19:00:00,186.0,117.0,69.0,440.7,17.4,61,15.6,173,1011.1,0,0,0,0,0.0,3600.0,41.7658,-72.6734,2024,5,13,19
2024-05-13 20:00:00,44.0,23.0,21.0,221.0,15.1,72,15.5,183,1011.7,27,0,1,26,0.0,3441.21,41.7658,-72.6734,2024,5,13,20
2024-05-13 21:00:00,0.0,0.0,0.0,0.0,14.2,75,14.1,184,1012.9,15,0,15,0,0.0,0.0,41.7658,-72.6734,2024,5,13,21
2024-05-13 22:00:00,0.0,0.0,0.0,0.0,12.8,81,12.6,185,1013.0,20,0,9,13,0.0,0.0,41.7658,-72.6734,2024,5,13,22
2024-05-13 23:00:00,0.0,0.0,0.0,0.0,11.7,86,11.9,194,1013.2,82,7,23,77,0.0,0.0,41.7658,-72.6734,2024,5,13,23
2024-05-14 00:00:00,0.0,0.0,0.0,0.0,10.9,89,10.2,190,1013.2,18,4,10,9,0.0,0.0,41.7658,-72.6734,2024,5,14,0
2024-05-14 01:00:00,0.0,0.0,0.0,0.0,10.3,91,9.4,182,1013.1,4,0,4,0,0.0,0.0,41.7658,-72.6734,2024,5,14,1
2024-05-14 02:00:00,0.0,0.0,0.0,0.0,9.8,93,9.7,176,1013.1,7,0,7,0,0.0,0.0,41.7658,-72.6734,2024,5,14,2
2024-05-14 03:00:00,0.0,0.0,0.0,0.0,9.6,94,9.7,178,1012.9,31,0,10,23,0.0,0.0,41.7658,-72.6734,2024,5,14,3
2024-05-14 04:00:00,0.0,0.0,0.0,0.0,9.4,95,9.4,182,1012.7,94,0,33,91,0.0,0.0,41.7658,-72.6734,2024,5,14,4
2024-05-14 05:00:00,0.0,0.0,0.0,0.0,9.6,96,9.7,178,1012.2,100,0,1,100,0.0,0.0,41.7658,-72.6734,2024,5,14,5
2024-05-14 06:00:00,6.0,1.0,5.0,18.8,9.5,97,10.1,184,1012.0,89,0,1,88,0.0,0.0,41.7658,-72.6734,2024,5,14,6
2024-05-14 07:00:00,98.0,48.0,50.0,295.0,11.1,91,9.0,182,1012.6,96,0,0,96,0.0,3600.0,41.7658,-72.6734,2024,5,14,7
2024-05-14 08:00:00,255.0,152.0,103.0,439.0,13.3,83,8.9,194,1012.8,100,0,0,100,0.0,3600.0,41.7658,-72.6734,2024,5,14,8
2024-05-14 09:00:00,456.0,355.0,101.0,681.7,16.4,75,10.2,190,1013.1,91,0,0,91,0.0,3600.0,41.7658,-72.6734,2024,5,14,9
2024-05-14 10:00:00,590.0,413.0,177.0,612.3,18.6,68,12.4,188,1012.7,45,0,0,45,0.0,3600.0,41.7658,-72.6734,2024,5,14,10
2024-05-14 11:00:00,768.0,637.0,131.0,799.4,20.8,61,13.4,186,1012.1,31,0,0,31,0.0,3600.0,41.7658,-72.6734,2024,5,14,11
2024-05-14 12:00:00,874.0,753.0,121.0,856.1,22.7,55,15.6,188,1011.6,48,0,0,48,0.0,3600.0,41.7658,-72.6734,2024,5,14,12
2024-05-14 13:00:00,920.0,802.0,118.0,874.6,23.8,52,17.7,192,1010.6,2,0,1,0,0.0,3600.0,41.7658,-72.6734,2024,5,14,13
2024-05-14 14:00:00,891.0,775.0,116.0,854.8,24.1,51,18.3,196,1010.0,20,8,12,1,0.0,3600.0,41.7658,-72.6734,2024,5,14,14
2024-05-14 15:00:00,785.0,658.0,127.0,774.9,24.2,50,18.7,196,1009.4,30,11,21,1,0.0,3600.0,41.7658,-72.6734,2024,5,14,15
2024-05-14 16:00:00,630.0,498.0,132.0,665.3,23.3,53,19.3,194,1009.2,73,3,20,65,0.0,3600.0,41.7658,-72.6734,2024,5,14,16
2024-05-14 17:00:00,488.0,368.0,120.0,601.7,22.2,57,19.6,187,1009.0,100,9,5,100,0.0,3600.0,41.7658,-72.6734,2024,5,14,17
2024-05-14 18:00:00,336.0,218.0,118.0,486.9,20.9,64,18.2,188,1008.9,100,5,7,100,0.0,3600.0,41.7658,-72.6734,2024,5,14,18
2024-05-14 19:00:00,162.0,71.0,91.0,264.9,19.3,72,15.7,189,1009.2,100,3,3,100,0.0,3600.0,41.7658,-72.6734,2024,5,14,19
2024-05-14 20:00:00,39.0,8.0,31.0,75.9,17.5,79,12.7,188,1009.5,100,0,2,100,0.0,922.22,41.7658,-72.6734,2024,5,14,20
2024-05-14 21:00:00,0.0,0.0,0.0,0.0,16.7,84,14.0,192,1010.2,100,0,24,100,0.0,0.0,41.7658,-72.6734,2024,5,14,21
2024-05-14 22:00:00,0.0,0.0,0.0,0.0,15.6,85,13.5,189,1010.5,100,0,89,100,0.0,0.0,41.7658,-72.6734,2024,5,14,22
2024-05-14 23:00:00,0.0,0.0,0.0,0.0,15.7,83,12.6,200,1010.2,100,0,100,100,0.0,0.0,41.7658,-72.6734,2024,5,14,23
2024-05-15 00:00:00,0.0,0.0,0.0,0.0,16.0,82,10.9,207,1010.0,100,0,100,100,0.0,0.0,41.7658,-72.6734,2024,5,15,0
2024-05-15 01:00:00,0.0,0.0,0.0,0.0,15.5,85,8.0,185,1009.8,100,0,100,100,0.0,0.0,41.7658,-72.6734,2024,5,15,1
2024-05-15 02:00:00,0.0,0.0,0.0,0.0,15.1,88,8.6,178,1009.3,100,0,100,100,0.1,0.0,41.7658,-72.6734,2024,5,15,2
2024-05-15 03:00:00,0.0,0.0,0.0,0.0,14.9,90,8.0,172,1009.0,100,0,100,100,0.1,0.0,41.7658,-72.6734,2024,5,15,3
2024-05-15 04:00:00,0.0,0.0,0.0,0.0,14.5,92,7.2,180,1008.7,100,0,100,100,0.0,0.0,41.7658,-72.6734,2024,5,15,4
2024-05-15 05:00:00,0.0,0.0,0.0,0.0,14.4,91,6.9,171,1008.6,100,2,100,100,0.1,0.0,41.7658,-72.6734,2024,5,15,5
2024-05-15 06:00:00,1.0,0.0,1.0,0.0,14.2,91,6.9,171,1008.4,100,70,100,100,0.1,0.0,41.7658,-72.6734,2024,5,15,6
2024-05-15 07:00:00,28.0,0.0,28.0,0.0,14.4,94,5.4,176,1008.7,100,29,100,100,1.0,0.0,41.7658,-72.6734,2024,5,15,7
2024-05-15 08:00:00,42.0,0.0,42.0,0.0,14.5,96,3.7,169,1008.9,100,30,100,100,0.6,0.0,41.7658,-72.6734,2024,5,15,8
2024-05-15 09:00:00,147.0,11.0,136.0,21.0,16.2,92,0.4,90,1008.7,100,10,51,100,0.2,0.0,41.7658,-72.6734,2024,5,15,9
2024-05-15 10:00:00,440.0,162.0,278.0,239.5,18.3,85,6.6,158,1008.6,100,30,66,100,0.1,3600.0,41.7658,-72.6734,2024,5,15,10
2024-05-15 11:00:00,327.0,55.0,272.0,68.9,18.6,82,8.6,165,1008.6,100,7,100,100,0.1,266.24,41.7658,-72.6734,2024,5,15,11
2024-05-15 12:00:00,253.0,11.0,242.0,12.5,18.7,80,7.8,167,1008.1,100,16,100,100,0.1,0.0,41.7658,-72.6734,2024,5,15,12
2024-05-15 13:00:00,219.0,4.0,215.0,4.4,18.3,81,9.5,151,1007.8,100,41,100,100,0.3,0.0,41.7658,-72.6734,2024,5,15,13
2024-05-15 14:00:00,141.0,0.0,141.0,0.0,17.5,81,9.6,160,1007.7,100,50,100,100,0.7,0.0,41.7658,-72.6734,2024,5,15,14
2024-05-15 15:00:00,238.0,13.0,225.0,15.3,17.6,85,6.7,126,1007.1,100,20,100,100,0.6,0.0,41.7658,-72.6734,2024,5,15,15
2024-05-15 16:00:00,258.0,7.0,251.0,9.3,17.9,86,6.9,96,1006.1,100,14,96,100,0.3,0.0,41.7658,-72.6734,2024,5,15,16
2024-05-15 17:00:00,263.0,28.0,235.0,45.6,18.2,86,7.9,74,1005.5,100,14,97,100,0.3,0.0,41.7658,-72.6734,2024,5,15,17
2024-05-15 18:00:00,149.0,6.0,143.0,13.3,17.5,89,9.6,56,1005.3,100,14,100,100,0.2,0.0,41.7658,-72.6734,2024,5,15,18
2024-05-15 19:00:00,35.0,0.0,35.0,0.0,16.5,94,8.4,65,1005.4,100,24,92,100,0.4,0.0,41.7658,-72.6734,2024,5,15,19
2024-05-15 20:00:00,18.0,0.0,18.0,0.0,16.0,96,8.5,54,1005.4,100,2,100,100,0.4,0.0,41.7658,-72.6734,2024,5,15,20
2024-05-15 21:00:00,0.0,0.0,0.0,0.0,15.4,96,12.7,45,1005.3,100,0,100,97,0.4,0.0,41.7658,-72.6734,2024,5,15,21
2024-05-15 22:00:00,0.0,0.0,0.0,0.0,15.1,95,12.0,46,1005.2,100,8,99,100,1.0,0.0,41.7658,-72.6734,2024,5,15,22
2024-05-15 23:00:00,0.0,0.0,0.0,0.0,14.9,95,12.7,35,1004.6,100,5,100,100,3.0,0.0,41.7658,-72.6734,2024,5,15,23
2024-05-16 00:00:00,0.0,0.0,0.0,0.0,14.6,96,14.3,34,1004.2,100,11,100,100,3.1,0.0,41.7658,-72.6734,2024,5,16,0
2024-05-16 01:00:00,0.0,0.0,0.0,0.0,14.4,96,15.1,28,1003.2,100,5,100,87,2.9,0.0,41.7658,-72.6734,2024,5,16,1
2024-05-16 02:00:00,0.0,0.0,0.0,0.0,14.3,95,16.4,29,1002.7,100,75,100,99,3.9,0.0,41.7658,-72.6734,2024,5,16,2
2024-05-16 03:00:00,0.0,0.0,0.0,0.0,14.4,95,19.6,26,1002.2,100,100,100,99,2.2,0.0,41.7658,-72.6734,2024,5,16,3
2024-05-16 04:00:00,0.0,0.0,0.0,0.0,14.2,95,20.7,20,1001.9,100,100,100,100,1.4,0.0,41.7658,-72.6734,2024,5,16,4
2024-05-16 05:00:00,0.0,0.0,0.0,0.0,14.0,95,20.1,24,1001.8,100,100,100,0,1.3,0.0,41.7658,-72.6734,2024,5,16,5
2024-05-16 06:00:00,1.0,0.0,1.0,0.0,13.7,95,19.0,19,1001.9,100,100,100,60,0.8,0.0,41.7658,-72.6734,2024,5,16,6
2024-05-16 07:00:00,20.0,0.0,20.0,0.0,13.8,94,18.8,20,1002.3,100,100,100,96,0.2,0.0,41.7658,-72.6734,2024,5,16,7
2024-05-16 08:00:00,42.0,0.0,42.0,0.0,13.9,93,17.7,24,1002.6,100,100,100,81,0.1,0.0,41.7658,-72.6734,2024,5,16,8
2024-05-16 09:00:00,53.0,0.0,53.0,0.0,14.3,94,17.9,25,1003.5,100,100,100,100,2.4,0.0,41.7658,-72.6734,2024,5,16,9
2024-05-16 10:00:00,90.0,0.0,90.0,0.0,14.5,94,17.6,23,1003.7,100,100,100,100,4.0,0.0,41.7658,-72.6734,2024,5,16,10
2024-05-16 11:00:00,192.0,1.0,191.0,1.2,15.1,93,17.1,28,1004.2,100,100,100,100,1.1,0.0,41.7658,-72.6734,2024,5,16,11
2024-05-16 12:00:00,274.0,9.0,265.0,10.2,16.0,93,16.9,27,1004.6,100,91,100,100,0.9,0.0,41.7658,-72.6734,2024,5,16,12
2024-05-16 13:00:00,259.0,7.0,252.0,7.6,16.5,88,18.4,28,1004.8,100,96,100,100,0.4,0.0,41.7658,-72.6734,2024,5,16,13
2024-05-16 14:00:00,197.0,11.0,186.0,12.1,16.8,88,17.7,24,1005.2,100,53,99,100,0.3,0.0,41.7658,-72.6734,2024,5,16,14
2024-05-16 15:00:00,291.0,35.0,256.0,41.1,17.4,88,18.4,26,1005.4,100,24,87,100,0.5,0.0,41.7658,-72.6734,2024,5,16,15
2024-05-16 16:00:00,291.0,37.0,254.0,49.2,17.6,82,18.5,29,1005.6,100,36,100,96,0.1,0.0,41.7658,-72.6734,2024,5,16,16
2024-05-16 17:00:00,337.0,75.0,262.0,121.8,18.0,71,17.4,30,1005.5,100,27,97,78,0.0,1854.66,41.7658,-72.6734,2024,5,16,17
2024-05-16 18:00:00,234.0,69.0,165.0,152.6,18.1,67,16.8,42,1006.0,50,44,10,0,0.0,2777.22,41.7658,-72.6734,2024,5,16,18
2024-05-16 19:00:00,166.0,79.0,87.0,289.3,17.7,68,13.6,32,1006.7,16,2,14,0,0.0,3600.0,41.7658,-72.6734,2024,5,16,19
2024-05-16 20:00:00,47.0,23.0,24.0,213.2,16.1,72,12.6,27,1007.5,8,0,8,0,0.0,3600.0,41.7658,-72.6734,2024,5,16,20
2024-05-16 21:00:00,0.0,0.0,0.0,0.0,15.6,83,12.5,33,1008.4,72,0,16,66,0.0,0.0,41.7658,-72.6734,2024,5,16,21
2024-05-16 22:00:00,0.0,0.0,0.0,0.0,14.7,85,12.1,27,1008.8,24,0,1,23,0.0,0.0,41.7658,-72.6734,2024,5,16,22
2024-05-16 23:00:00,0.0,0.0,0.0,0.0,13.7,89,11.6,22,1008.9,2,0,2,0,0.0,0.0,41.7658,-72.6734,2024,5,16,23
2024-05-17 00:00:00,0.0,0.0,0.0,0.0,12.8,93,10.4,20,1009.1,2,0,2,0,0.0,0.0,41.7658,-72.6734,2024,5,17,0
2024-05-17 01:00:00,0.0,0.0,0.0,0.0,12.2,94,10.0,13,1009.4,2,0,2,0,0.0,0.0,41.7658,-72.6734,2024,5,17,1
2024-05-17 02:00:00,0.0,0.0,0.0,0.0,11.7,95,10.5,16,1008.8,0,0,0,0,0.0,0.0,41.7658,-72.6734,2024,5,17,2
2024-05-17 03:00:00,0.0,0.0,0.0,0.0,11.2,95,10.6,10,1008.7,5,3,5,0,0.0,0.0,41.7658,-72.6734,2024,5,17,3
2024-05-17 04:00:00,0.0,0.0,0.0,0.0,10.9,95,10.6,10,1008.8,5,0,5,0,0.0,0.0,41.7658,-72.6734,2024,5,17,4
2024-05-17 05:00:00,0.0,0.0,0.0,0.0,10.4,96,9.8,6,1009.6,26,0,9,19,0.0,0.0,41.7658,-72.6734,2024,5,17,5
2024-05-17 06:00:00,7.0,2.0,5.0,35.1,10.5,96,10.5,352,1010.8,45,3,26,25,0.0,0.0,41.7658,-72.6734,2024,5,17,6
2024-05-17 07:00:00,100.0,51.0,49.0,299.6,12.0,89,9.2,11,1011.2,85,0,0,85,0.0,3600.0,41.7658,-72.6734,2024,5,17,7
2024-05-17 08:00:00,274.0,191.0,83.0,541.1,14.2,81,10.9,351,1011.4,75,1,0,75,0.0,3600.0,41.7658,-72.6734,2024,5,17,8
2024-05-17 09:00:00,464.0,364.0,100.0,691.0,17.1,73,11.8,348,1011.7,100,0,7,100,0.0,3600.0,41.7658,-72.6734,2024,5,17,9
2024-05-17 10:00:00,586.0,415.0,171.0,610.4,19.6,64,13.8,39,1011.0,100,48,9,100,0.0,3600.0,41.7658,-72.6734,2024,5,17,10
2024-05-17 11:00:00,661.0,422.0,239.0,526.3,21.5,55,17.1,55,1010.3,100,40,1,100,0.0,3600.0,41.7658,-72.6734,2024,5,17,11
2024-05-17 12:00:00,672.0,364.0,308.0,411.7,22.5,51,16.3,55,1010.1,100,98,43,100,0.0,3600.0,41.7658,-72.6734,2024,5,17,12
2024-05-17 13:00:00,415.0,118.0,297.0,128.0,22.2,51,12.5,51,1010.1,100,88,100,100,0.0,2041.3,41.7658,-72.6734,2024,5,17,13
2024-05-17 14:00:00,432.0,60.0,372.0,65.8,22.3,52,13.6,50,1009.9,100,87,100,100,0.0,175.21,41.7658,-72.6734,2024,5,17,14
2024-05-17 15:00:00,374.0,76.0,298.0,89.0,22.5,51,11.8,52,1009.6,100,41,80,100,0.0,869.38,41.7658,-72.6734,2024,5,17,15
2024-05-17 16:00:00,447.0,117.0,330.0,155.2,23.1,48,11.4,55,1009.2,100,4,100,98,0.0,2855.37,41.7658,-72.6734,2024,5,17,16
2024-05-17 17:00:00,299.0,90.0,209.0,145.7,22.7,50,10.3,65,1008.9,100,9,92,99,0.0,2571.41,41.7658,-72.6734,2024,5,17,17
2024-05-17 18:00:00,217.0,80.0,137.0,176.0,21.7,56,10.1,88,1009.3,97,8,25,95,0.0,3480.84,41.7658,-72.6734,2024,5,17,18
2024-05-17 19:00:00,169.0,86.0,83.0,312.1,20.1,61,10.9,96,1009.8,100,0,10,100,0.0,3600.0,41.7658,-72.6734,2024,5,17,19
2024-05-17 20:00:00,43.0,10.0,33.0,91.7,17.7,68,10.4,90,1010.4,100,0,2,100,0.0,1421.17,41.7658,-72.6734,2024,5,17,20
2024-05-17 21:00:00,0.0,0.0,0.0,0.0,15.8,71,10.2,72,1011.1,100,0,16,100,0.0,0.0,41.7658,-72.6734,2024,5,17,21
2024-05-17 22:00:00,0.0,0.0,0.0,0.0,15.0,74,10.8,69,1011.1,99,0,5,99,0.0,0.0,41.7658,-72.6734,2024,5,17,22
2024-05-17 23:00:00,0.0,0.0,0.0,0.0,13.9,74,7.1,49,1011.0,100,0,28,100,0.0,0.0,41.7658,-72.6734,2024,5,17,23
2024-05-18 00:00:00,0.0,0.0,0.0,0.0,13.2,76,7.1,30,1011.2,100,0,63,100,0.0,0.0,41.7658,-72.6734,2024,5,18,0
2024-05-18 01:00:00,0.0,0.0,0.0,0.0,12.6,80,7.6,5,1011.3,100,6,88,100,0.0,0.0,41.7658,-72.6734,2024,5,18,1
2024-05-18 02:00:00,0.0,0.0,0.0,0.0,11.8,86,9.7,356,1011.1,100,7,31,100,0.0,0.0,41.7658,-72.6734,2024,5,18,2
2024-05-18 03:00:00,0.0,0.0,0.0,0.0,11.5,90,9.4,7,1011.1,100,10,4,100,0.0,0.0,41.7658,-72.6734,2024,5,18,3
2024-05-18 04:00:00,0.0,0.0,0.0,0.0,11.3,91,9.5,9,1011.3,100,3,1,100,0.0,0.0,41.7658,-72.6734,2024,5,18,4
2024-05-18 05:00:00,0.0,0.0,0.0,0.0,11.0,91,10.1,358,1011.7,100,55,4,100,0.0,0.0,41.7658,-72.6734,2024,5,18,5
2024-05-18 06:00:00,5.0,0.0,5.0,0.0,11.5,88,10.5,356,1012.1,100,100,43,100,0.0,0.0,41.7658,-72.6734,2024,5,18,6
2024-05-18 07:00:00,17.0,0.0,17.0,0.0,12.3,84,9.4,356,1012.5,100,100,100,100,0.2,0.0,41.7658,-72.6734,2024,5,18,7
2024-05-18 08:00:00,28.0,0.0,28.0,0.0,12.6,86,9.5,349,1013.0,100,100,100,100,0.5,0.0,41.7658,-72.6734,2024,5,18,8
2024-05-18 09:00:00,107.0,4.0,103.0,7.6,14.4,79,10.6,10,1012.5,100,100,84,100,0.3,0.0,41.7658,-72.6734,2024,5,18,9
2024-05-18 10:00:00,245.0,10.0,235.0,14.7,15.8,72,10.5,356,1012.7,100,100,100,62,0.0,0.0,41.7658,-72.6734,2024,5,18,10
2024-05-18 11:00:00,246.0,12.0,234.0,14.9,16.5,69,12.3,7,1012.7,100,100,99,63,0.0,0.0,41.7658,-72.6734,2024,5,18,11
2024-05-18 12:00:00,226.0,5.0,221.0,5.6,16.9,70,13.9,25,1012.3,100,3,62,100,0.0,0.0,41.7658,-72.6734,2024,5,18,12
2024-05-18 13:00:00,692.0,313.0,379.0,339.1,19.4,66,12.9,36,1012.0,100,59,57,100,0.0,3600.0,41.7658,-72.6734,2024,5,18,13
2024-05-18 14:00:00,643.0,277.0,366.0,303.5,19.9,67,12.2,43,1011.9,100,100,82,100,0.1,3600.0,41.7658,-72.6734,2024,5,18,14
2024-05-18 15:00:00,258.0,9.0,249.0,10.5,18.5,71,13.1,53,1011.4,100,89,35,100,0.0,0.0,41.7658,-72.6734,2024,5,18,15
2024-05-18 16:00:00,379.0,67.0,312.0,88.7,18.6,73,13.4,54,1011.4,100,48,100,100,0.0,859.69,41.7658,-72.6734,2024,5,18,16
2024-05-18 17:00:00,232.0,24.0,208.0,38.7,17.2,78,12.5,57,1011.5,100,22,100,100,0.0,0.0,41.7658,-72.6734,2024,5,18,17
2024-05-18 18:00:00,104.0,1.0,103.0,2.2,16.2,82,9.4,47,1011.6,100,31,100,100,0.1,0.0,41.7658,-72.6734,2024,5,18,18
2024-05-18 19:00:00,45.0,0.0,45.0,0.0,15.6,81,10.7,42,1011.6,100,52,100,100,0.1,0.0,41.7658,-72.6734,2024,5,18,19
2024-05-18 20:00:00,15.0,0.0,15.0,0.0,14.8,83,10.0,38,1012.1,100,60,100,100,0.1,0.0,41.7658,-72.6734,2024,5,18,20
2024-05-18 21:00:00,0.0,0.0,0.0,0.0,14.7,84,9.7,22,1012.2,100,24,100,99,0.0,0.0,41.7658,-72.6734,2024,5,18,21
2024-05-18 22:00:00,0.0,0.0,0.0,0.0,14.5,84,10.0,21,1012.3,100,34,100,58,0.0,0.0,41.7658,-72.6734,2024,5,18,22
2024-05-18 23:00:00,0.0,0.0,0.0,0.0,14.2,85,11.4,24,1012.1,97,83,76,33,0.0,0.0,41.7658,-72.6734,2024,5,18,23
2024-05-19 00:00:00,0.0,0.0,0.0,0.0,13.6,87,11.6,22,1011.6,100,97,0,81,0.0,0.0,41.7658,-72.6734,2024,5,19,0
2024-05-19 01:00:00,0.0,0.0,0.0,0.0,13.0,89,11.4,18,1011.4,100,100,3,75,0.0,0.0,41.7658,-72.6734,2024,5,19,1
2024-05-19 02:00:00,0.0,0.0,0.0,0.0,13.2,87,10.7,14,1011.7,100,100,7,0,0.0,0.0,41.7658,-72.6734,2024,5,19,2
2024-05-19 03:00:00,0.0,0.0,0.0,0.0,13.3,87,11.1,13,1011.7,100,100,9,0,0.0,0.0,41.7658,-72.6734,2024,5,19,3
2024-05-19 04:00:00,0.0,0.0,0.0,0.0,13.4,86,11.4,13,1011.5,100,100,2,0,0.0,0.0,41.7658,-72.6734,2024,5,19,4
2024-05-19 05:00:00,0.0,0.0,0.0,0.0,13.4,86,11.1,13,1011.8,100,100,3,0,0.0,0.0,41.7658,-72.6734,2024,5,19,5
2024-05-19 06:00:00,4.0,0.0,4.0,0.0,13.5,86,11.0,11,1012.2,100,100,2,0,0.0,0.0,41.7658,-72.6734,2024,5,19,6
2024-05-19 07:00:00,52.0,5.0,47.0,28.6,14.0,85,13.8,15,1012.4,100,100,0,0,0.0,0.0,41.7658,-72.6734,2024,5,19,7
2024-05-19 08:00:00,160.0,28.0,132.0,78.4,15.0,80,16.3,22,1012.6,100,100,0,0,0.0,552.72,41.7658,-72.6734,2024,5,19,8
2024-05-19 09:00:00,282.0,88.0,194.0,165.9,16.8,75,18.5,24,1012.9,100,100,33,0,0.0,3177.15,41.7658,-72.6734,2024,5,19,9
2024-05-19 10:00:00,288.0,35.0,253.0,51.2,17.2,73,17.6,23,1013.0,100,100,73,0,0.0,0.0,41.7658,-72.6734,2024,5,19,10
2024-05-19 11:00:00,312.0,40.0,272.0,49.7,17.7,71,17.7,20,1012.7,100,100,0,0,0.0,0.0,41.7658,-72.6734,2024,5,19,11
2024-05-19 12:00:00,624.0,231.0,393.0,260.4,19.8,64,18.2,25,1012.3,100,100,0,0,0.0,3600.0,41.7658,-72.6734,2024,5,19,12
2024-05-19 13:00:00,548.0,155.0,393.0,167.7,20.5,62,17.1,30,1011.7,100,100,0,0,0.0,3230.47,41.7658,-72.6734,2024,5,19,13
2024-05-19 14:00:00,522.0,175.0,347.0,191.4,20.9,61,16.6,30,1011.4,95,95,0,0,0.0,3600.0,41.7658,-72.6734,2024,5,19,14
2024-05-19 15:00:00,505.0,145.0,360.0,169.1,21.0,61,15.4,37,1011.1,100,100,0,0,0.0,3274.21,41.7658,-72.6734,2024,5,19,15
2024-05-19 16:00:00,434.0,126.0,308.0,166.3,20.9,61,14.0,44,1010.9,100,100,0,0,0.0,3190.39,41.7658,-72.6734,2024,5,19,16
2024-05-19 17:00:00,402.0,194.0,208.0,312.1,20.6,62,13.5,56,1011.1,33,32,1,0,0.0,3600.0,41.7658,-72.6734,2024,5,19,17
2024-05-19 18:00:00,336.0,208.0,128.0,453.3,19.9,64,14.1,58,1011.3,20,19,2,0,0.0,3600.0,41.7658,-72.6734,2024,5,19,18
2024-05-19 19:00:00,165.0,82.0,83.0,292.4,18.2,71,13.9,59,1011.8,19,19,0,0,0.0,3600.0,41.7658,-72.6734,2024,5,19,19
2024-05-19 20:00:00,51.0,24.0,27.0,215.2,15.9,77,12.3,58,1012.9,7,4,3,0,0.0,3600.0,41.7658,-72.6734,2024,5,19,20
2024-05-19 21:00:00,0.0,0.0,0.0,0.0,15.2,83,8.6,68,1013.1,5,5,0,0,0.0,0.0,41.7658,-72.6734,2024,5,19,21
2024-05-19 22:00:00,0.0,0.0,0.0,0.0,14.3,85,7.9,66,1013.3,6,6,0,0,0.0,0.0,41.7658,-72.6734,2024,5,19,22
2024-05-19 23:00:00,0.0,0.0,0.0,0.0,13.5,87,5.0,21,1013.6,8,8,0,0,0.0,0.0,41.7658,-72.6734,2024,5,19,23
2024-05-20 00:00:00,0.0,0.0,0.0,0.0,12.7,91,6.2,353,1013.6,0,0,0,0,0.0,0.0,41.7658,-72.6734,2024,5,20,0
2024-05-20 01:00:00,0.0,0.0,0.0,0.0,11.9,94,8.3,358,1013.8,9,9,0,0,0.0,0.0,41.7658,-72.6734,2024,5,20,1
2024-05-20 02:00:00,0.0,0.0,0.0,0.0,11.3,96,8.0,8,1013.7,3,3,0,0,0.0,0.0,41.7658,-72.6734,2024,5,20,2
2024-05-20 03:00:00,0.0,0.0,0.0,0.0,10.7,98,8.3,2,1013.5,0,0,0,0,0.0,0.0,41.7658,-72.6734,2024,5,20,3
2024-05-20 04:00:00,0.0,0.0,0.0,0.0,10.4,98,8.1,13,1013.4,1,1,0,0,0.0,0.0,41.7658,-72.6734,2024,5,20,4
2024-05-20 05:00:00,0.0,0.0,0.0,0.0,10.0,98,6.6,29,1013.6,0,0,0,0,0.0,0.0,41.7658,-72.6734,2024,5,20,5
2024-05-20 06:00:00,9.0,3.0,6.0,49.7,9.9,98,6.1,45,1013.7,0,0,0,0,0.0,148.64,41.7658,-72.6734,2024,5,20,6
2024-05-20 07:00:00,103.0,52.0,51.0,293.9,11.7,91,6.8,32,1014.2,28,28,0,0,0.0,3600.0,41.7658,-72.6734,2024,5,20,7
2024-05-20 08:00:00,248.0,140.0,108.0,390.0,13.6,84,6.8,32,1014.6,51,51,0,0,0.0,3600.0,41.7658,-72.6734,2024,5,20,8
2024-05-20 09:00:00,405.0,216.0,189.0,405.9,16.1,76,4.5,29,1014.3,27,27,0,0,0.0,3600.0,41.7658,-72.6734,2024,5,20,9
2024-05-20 10:00:00,615.0,454.0,161.0,663.1,17.8,72,2.5,8,1013.9,34,32,0,2,0.0,3600.0,41.7658,-72.6734,2024,5,20,10
2024-05-20 11:00:00,738.0,562.0,176.0,697.1,19.7,67,1.1,342,1013.7,83,4,0,83,0.0,3600.0,41.7658,-72.6734,2024,5,20,11
2024-05-20 12:00:00,872.0,738.0,134.0,830.7,21.8,61,1.6,27,1013.4,100,0,0,100,0.0,3600.0,41.7658,-72.6734,2024,5,20,12
2024-05-20 13:00:00,862.0,666.0,196.0,719.5,23.4,56,2.9,360,1013.1,100,9,0,100,0.0,3600.0,41.7658,-72.6734,2024,5,20,13
2024-05-20 14:00:00,771.0,474.0,297.0,517.7,24.4,53,4.5,29,1012.2,100,15,4,100,0.0,3600.0,41.7658,-72.6734,2024,5,20,14
2024-05-20 15:00:00,780.0,586.0,194.0,682.4,25.0,52,3.9,68,1011.8,83,10,4,81,0.0,3600.0,41.7658,-72.6734,2024,5,20,15
2024-05-20 16:00:00,714.0,582.0,132.0,766.6,25.1,52,1.6,63,1011.1,99,4,0,99,0.0,3600.0,41.7658,-72.6734,2024,5,20,16
2024-05-20 17:00:00,533.0,388.0,145.0,622.3,25.5,51,6.0,17,1010.8,23,0,4,20,0.0,3600.0,41.7658,-72.6734,2024,5,20,17
2024-05-20 18:00:00,350.0,241.0,109.0,522.8,24.4,55,8.5,168,1010.6,96,12,4,96,0.0,3600.0,41.7658,-72.6734,2024,5,20,18
2024-05-20 19:00:00,199.0,128.0,71.0,452.6,19.6,75,15.9,177,1011.1,96,0,0,96,0.0,3600.0,41.7658,-72.6734,2024,5,20,19
2024-05-20 20:00:00,56.0,29.0,27.0,257.3,17.8,79,13.7,180,1011.7,94,0,0,94,0.0,3600.0,41.7658,-72.6734,2024,5,20,20
2024-05-20 21:00:00,0.0,0.0,0.0,0.0,16.3,83,12.0,187,1012.1,92,0,0,92,0.0,0.0,41.7658,-72.6734,2024,5,20,21
2024-05-20 22:00:00,0.0,0.0,0.0,0.0,14.8,88,11.2,184,1012.7,90,1,0,90,0.0,0.0,41.7658,-72.6734,2024,5,20,22
2024-05-20 23:00:00,0.0,0.0,0.0,0.0,13.8,92,10.5,188,1012.8,4,2,0,2,0.0,0.0,41.7658,-72.6734,2024,5,20,23
2024-05-21 00:00:00,0.0,0.0,0.0,0.0,12.9,96,10.4,180,1012.7,50,2,0,49,0.0,0.0,41.7658,-72.6734,2024,5,21,0
2024-05-21 01:00:00,0.0,0.0,0.0,0.0,12.4,97,10.1,180,1012.3,100,2,0,100,0.0,0.0,41.7658,-72.6734,2024,5,21,1
2024-05-21 02:00:00,0.0,0.0,0.0,0.0,11.9,98,9.7,182,1011.9,46,3,0,44,0.0,0.0,41.7658,-72.6734,2024,5,21,2
2024-05-21 03:00:00,0.0,0.0,0.0,0.0,11.5,99,9.4,184,1011.9,52,5,0,50,0.0,0.0,41.7658,-72.6734,2024,5,21,3
2024-05-21 04:00:00,0.0,0.0,0.0,0.0,11.4,98,10.4,182,1011.8,100,1,0,100,0.0,0.0,41.7658,-72.6734,2024,5,21,4
2024-05-21 05:00:00,0.0,0.0,0.0,0.0,11.2,98,10.4,180,1011.9,100,7,0,100,0.0,0.0,41.7658,-72.6734,2024,5,21,5
2024-05-21 06:00:00,10.0,2.0,8.0,32.6,11.4,98,10.4,180,1012.1,100,11,0,100,0.0,0.0,41.7658,-72.6734,2024,5,21,6
2024-05-21 07:00:00,112.0,57.0,55.0,318.5,13.1,91,10.0,195,1012.4,99,35,0,99,0.0,3600.0,41.7658,-72.6734,2024,5,21,7
2024-05-21 08:00:00,271.0,167.0,104.0,462.9,16.1,81,12.6,217,1012.8,100,99,0,95,0.0,3600.0,41.7658,-72.6734,2024,5,21,8
2024-05-21 09:00:00,446.0,314.0,132.0,588.3,18.6,78,8.3,198,1012.4,22,1,0,21,0.0,3600.0,41.7658,-72.6734,2024,5,21,9
2024-05-21 10:00:00,642.0,540.0,102.0,787.1,21.1,72,7.4,194,1011.9,53,0,0,53,0.0,3600.0,41.7658,-72.6734,2024,5,21,10
2024-05-21 11:00:00,778.0,668.0,110.0,827.3,23.5,67,6.9,189,1011.5,98,0,0,98,0.0,3600.0,41.7658,-72.6734,2024,5,21,11
2024-05-21 12:00:00,864.0,730.0,134.0,820.6,25.7,62,8.4,187,1010.8,75,0,0,75,0.0,3600.0,41.7658,-72.6734,2024,5,21,12
2024-05-21 13:00:00,908.0,774.0,134.0,835.0,27.5,57,9.9,190,1009.8,19,0,2,17,0.0,3600.0,41.7658,-72.6734,2024,5,21,13
2024-05-21 14:00:00,859.0,717.0,142.0,781.9,28.4,52,10.6,204,1009.3,90,11,18,87,0.0,3600.0,41.7658,-72.6734,2024,5,21,14
2024-05-21 15:00:00,726.0,569.0,157.0,661.4,28.3,51,11.5,194,1009.1,82,3,11,80,0.0,3600.0,41.7658,-72.6734,2024,5,21,15
2024-05-21 16:00:00,650.0,539.0,111.0,708.5,28.2,52,11.0,199,1008.9,30,8,24,3,0.0,3600.0,41.7658,-72.6734,2024,5,21,16
2024-05-21 17:00:00,467.0,343.0,124.0,548.5,27.3,57,13.8,189,1008.7,40,13,28,10,0.0,3600.0,41.7658,-72.6734,2024,5,21,17
2024-05-21 18:00:00,346.0,245.0,101.0,529.0,25.4,67,13.7,183,1009.3,100,1,30,100,0.0,3600.0,41.7658,-72.6734,2024,5,21,18
2024-05-21 19:00:00,180.0,101.0,79.0,354.1,23.0,75,13.7,180,1009.8,100,0,9,100,0.0,3600.0,41.7658,-72.6734,2024,5,21,19
2024-05-21 20:00:00,47.0,11.0,36.0,96.6,20.6,80,13.0,183,1010.1,100,0,7,100,0.0,1382.05,41.7658,-72.6734,2024,5,21,20
2024-05-21 21:00:00,0.0,0.0,0.0,0.0,20.0,80,12.6,185,1010.0,97,0,8,96,0.0,0.0,41.7658,-72.6734,2024,5,21,21
2024-05-21 22:00:00,0.0,0.0,0.0,0.0,18.6,83,10.8,182,1010.3,26,0,6,21,0.0,0.0,41.7658,-72.6734,2024,5,21,22
2024-05-21 23:00:00,0.0,0.0,0.0,0.0,17.3,88,10.8,178,1010.4,5,0,5,0,0.0,0.0,41.7658,-72.6734,2024,5,21,23
2024-05-22 00:00:00,0.0,0.0,0.0,0.0,16.2,92,10.5,174,1010.5,3,0,3,0,0.0,0.0,41.7658,-72.6734,2024,5,22,0
2024-05-22 01:00:00,0.0,0.0,0.0,0.0,15.4,96,10.2,172,1010.5,4,0,0,4,0.0,0.0,41.7658,-72.6734,2024,5,22,1
2024-05-22 02:00:00,0.0,0.0,0.0,0.0,14.9,97,10.7,168,1010.5,0,0,0,0,0.0,0.0,41.7658,-72.6734,2024,5,22,2
2024-05-22 03:00:00,0.0,0.0,0.0,0.0,14.5,97,11.3,173,1010.1,0,0,0,0,0.0,0.0,41.7658,-72.6734,2024,5,22,3
2024-05-22 04:00:00,0.0,0.0,0.0,0.0,14.3,97,10.8,178,1010.4,0,0,0,0,0.0,0.0,41.7658,-72.6734,2024,5,22,4
2024-05-22 05:00:00,0.0,0.0,0.0,0.0,14.1,97,10.1,182,1010.9,0,0,0,0,0.0,0.0,41.7658,-72.6734,2024,5,22,5
2024-05-22 06:00:00,11.0,4.0,7.0,64.1,14.2,97,10.5,176,1011.4,0,0,0,0,0.0,449.05,41.7658,-72.6734,2024,5,22,6
2024-05-22 07:00:00,120.0,76.0,44.0,420.0,16.3,91,9.6,160,1011.6,0,0,0,0,0.0,3600.0,41.7658,-72.6734,2024,5,22,7
2024-05-22 08:00:00,293.0,223.0,70.0,615.1,19.4,80,8.3,178,1011.3,0,0,0,0,0.0,3600.0,41.7658,-72.6734,2024,5,22,8
2024-05-22 09:00:00,477.0,391.0,86.0,730.5,22.8,69,10.0,193,1010.8,0,0,0,0,0.0,3600.0,41.7658,-72.6734,2024,5,22,9
2024-05-22 10:00:00,646.0,548.0,98.0,797.1,25.1,63,11.4,204,1010.4,0,0,0,0,0.0,3600.0,41.7658,-72.6734,2024,5,22,10
2024-05-22 11:00:00,781.0,676.0,105.0,835.9,27.1,55,12.8,212,1010.0,0,0,0,0,0.0,3600.0,41.7658,-72.6734,2024,5,22,11
2024-05-22 12:00:00,873.0,763.0,110.0,856.5,28.6,49,12.5,219,1009.4,0,0,0,0,0.0,3600.0,41.7658,-72.6734,2024,5,22,12
2024-05-22 13:00:00,887.0,763.0,124.0,822.0,29.7,45,11.9,215,1008.5,14,0,14,0,0.0,3600.0,41.7658,-72.6734,2024,5,22,13
2024-05-22 14:00:00,823.0,681.0,142.0,741.6,30.0,42,13.6,202,1007.9,10,0,10,0,0.0,3600.0,41.7658,-72.6734,2024,5,22,14
2024-05-22 15:00:00,787.0,659.0,128.0,764.8,29.9,43,16.2,192,1007.3,6,0,5,0,0.0,3600.0,41.7658,-72.6734,2024,5,22,15
2024-05-22 16:00:00,675.0,560.0,115.0,734.5,28.6,49,19.5,184,1007.0,10,0,10,0,0.0,3600.0,41.7658,-72.6734,2024,5,22,16
2024-05-22 17:00:00,528.0,427.0,101.0,680.8,26.2,57,20.9,182,1006.9,6,0,6,0,0.0,3600.0,41.7658,-72.6734,2024,5,22,17
2024-05-22 18:00:00,377.0,292.0,85.0,627.7,24.5,61,19.6,186,1007.1,7,0,7,0,0.0,3600.0,41.7658,-72.6734,2024,5,22,18
2024-05-22 19:00:00,206.0,145.0,61.0,504.3,22.3,67,18.1,187,1007.9,11,0,5,6,0.0,3600.0,41.7658,-72.6734,2024,5,22,19
2024-05-22 20:00:00,58.0,32.0,26.0,278.2,20.2,73,15.2,184,1008.1,6,0,5,0,0.0,3600.0,41.7658,-72.6734,2024,5,22,20
2024-05-22 21:00:00,0.0,0.0,0.0,0.0,20.0,73,14.2,189,1008.2,9,2,5,2,0.0,0.0,41.7658,-72.6734,2024,5,22,21
2024-05-22 22:00:00,0.0,0.0,0.0,0.0,18.8,78,11.9,183,1008.2,7,0,4,3,0.0,0.0,41.7658,-72.6734,2024,5,22,22
2024-05-22 23:00:00,0.0,0.0,0.0,0.0,17.9,82,12.6,183,1007.7,67,0,0,67,0.0,0.0,41.7658,-72.6734,2024,5,22,23
2024-05-23 00:00:00,0.0,0.0,0.0,0.0,17.3,85,11.9,183,1007.8,3,0,0,2,0.0,0.0,41.7658,-72.6734,2024,5,23,0
2024-05-23 01:00:00,0.0,0.0,0.0,0.0,16.9,87,11.2,178,1007.9,95,0,8,95,0.0,0.0,41.7658,-72.6734,2024,5,23,1
2024-05-23 02:00:00,0.0,0.0,0.0,0.0,17.0,88,11.2,178,1007.5,26,0,7,22,0.0,0.0,41.7658,-72.6734,2024,5,23,2
2024-05-23 03:00:00,0.0,0.0,0.0,0.0,16.9,91,10.2,170,1007.1,96,0,7,96,0.0,0.0,41.7658,-72.6734,2024,5,23,3
2024-05-23 04:00:00,0.0,0.0,0.0,0.0,17.0,92,10.9,171,1006.8,99,0,2,99,0.0,0.0,41.7658,-72.6734,2024,5,23,4
2024-05-23 05:00:00,0.0,0.0,0.0,0.0,16.9,94,10.9,174,1006.9,49,0,0,49,0.0,0.0,41.7658,-72.6734,2024,5,23,5
2024-05-23 06:00:00,10.0,3.0,7.0,47.3,17.1,94,11.2,180,1007.3,96,0,1,96,0.0,85.48,41.7658,-72.6734,2024,5,23,6
2024-05-23 07:00:00,97.0,28.0,69.0,153.1,18.6,90,10.1,176,1007.3,54,0,4,53,0.0,2793.81,41.7658,-72.6734,2024,5,23,7
2024-05-23 08:00:00,271.0,184.0,87.0,505.2,21.1,82,7.2,174,1007.4,98,3,7,98,0.0,3600.0,41.7658,-72.6734,2024,5,23,8
2024-05-23 09:00:00,143.0,9.0,134.0,16.8,21.2,86,8.3,185,1006.5,99,1,23,99,0.3,0.0,41.7658,-72.6734,2024,5,23,9
2024-05-23 10:00:00,385.0,108.0,277.0,156.8,23.6,80,6.5,236,1007.0,100,0,100,100,0.3,2903.97,41.7658,-72.6734,2024,5,23,10
2024-05-23 11:00:00,77.0,0.0,77.0,0.0,22.1,92,5.8,202,1007.3,100,0,100,100,2.0,0.0,41.7658,-72.6734,2024,5,23,11
2024-05-23 12:00:00,140.0,0.0,140.0,0.0,21.9,97,12.3,195,1007.8,100,0,100,100,1.2,0.0,41.7658,-72.6734,2024,5,23,12
2024-05-23 13:00:00,209.0,14.0,195.0,15.1,21.9,95,8.7,222,1007.4,100,1,80,100,1.2,0.0,41.7658,-72.6734,2024,5,23,13
2024-05-23 14:00:00,484.0,120.0,364.0,130.5,23.7,85,6.5,251,1006.6,100,1,1,100,0.3,2115.05,41.7658,-72.6734,2024,5,23,14
2024-05-23 15:00:00,720.0,384.0,336.0,444.9,25.4,73,7.6,270,1006.3,100,2,2,100,0.0,3600.0,41.7658,-72.6734,2024,5,23,15
2024-05-23 16:00:00,632.0,402.0,230.0,526.2,26.1,65,8.1,249,1005.6,100,8,27,99,0.1,3600.0,41.7658,-72.6734,2024,5,23,16
2024-05-23 17:00:00,488.0,302.0,186.0,480.1,26.2,64,9.7,248,1004.9,93,7,21,90,0.1,3600.0,41.7658,-72.6734,2024,5,23,17
2024-05-23 18:00:00,291.0,129.0,162.0,276.1,25.8,63,9.6,250,1004.8,99,4,17,98,0.0,3600.0,41.7658,-72.6734,2024,5,23,18
2024-05-23 19:00:00,114.0,10.0,104.0,34.5,24.0,72,9.5,241,1005.4,100,1,23,100,0.0,0.0,41.7658,-72.6734,2024,5,23,19
2024-05-23 20:00:00,34.0,2.0,32.0,17.2,22.5,76,10.6,246,1005.6,100,0,0,100,0.0,0.0,41.7658,-72.6734,2024,5,23,20
2024-05-23 21:00:00,0.0,0.0,0.0,0.0,20.5,84,8.2,221,1006.0,50,0,0,50,0.0,0.0,41.7658,-72.6734,2024,5,23,21
2024-05-23 22:00:00,0.0,0.0,0.0,0.0,19.2,87,6.6,221,1006.7,22,9,21,0,0.0,0.0,41.7658,-72.6734,2024,5,23,22
2024-05-23 23:00:00,0.0,0.0,0.0,0.0,17.9,93,6.1,242,1006.7,70,3,0,69,0.0,0.0,41.7658,-72.6734,2024,5,23,23
2024-05-24 00:00:00,0.0,0.0,0.0,0.0,16.8,95,6.9,264,1006.9,34,0,0,34,0.0,0.0,41.7658,-72.6734,2024,5,24,0
2024-05-24 01:00:00,0.0,0.0,0.0,0.0,15.9,97,6.9,264,1007.0,0,0,0,0,0.0,0.0,41.7658,-72.6734,2024,5,24,1
2024-05-24 02:00:00,0.0,0.0,0.0,0.0,16.4,95,3.9,248,1006.9,0,0,0,0,0.0,0.0,41.7658,-72.6734,2024,5,24,2
2024-05-24 03:00:00,0.0,0.0,0.0,0.0,14.8,100,2.3,198,1006.9,95,95,0,0,0.0,0.0,41.7658,-72.6734,2024,5,24,3
2024-05-24 04:00:00,0.0,0.0,0.0,0.0,14.0,99,4.8,222,1007.0,0,0,0,0,0.0,0.0,41.7658,-72.6734,2024,5,24,4
2024-05-24 05:00:00,0.0,0.0,0.0,0.0,14.0,98,3.7,259,1007.0,0,0,0,0,0.0,0.0,41.7658,-72.6734,2024,5,24,5
2024-05-24 06:00:00,11.0,4.0,7.0,62.2,14.2,94,4.3,318,1007.2,15,6,0,10,0.0,410.92,41.7658,-72.6734,2024,5,24,6
2024-05-24 07:00:00,111.0,63.0,48.0,341.2,15.4,86,1.8,11,1007.5,80,12,0,77,0.0,3600.0,41.7658,-72.6734,2024,5,24,7
2024-05-24 08:00:00,265.0,149.0,116.0,407.4,17.7,80,0.8,207,1007.4,57,9,0,52,0.0,3600.0,41.7658,-72.6734,2024,5,24,8
2024-05-24 09:00:00,467.0,341.0,126.0,633.7,21.3,68,2.2,180,1007.3,7,0,0,7,0.0,3600.0,41.7658,-72.6734,2024,5,24,9
2024-05-24 10:00:00,666.0,570.0,96.0,826.1,24.3,47,3.1,201,1006.8,58,0,0,58,0.0,3600.0,41.7658,-72.6734,2024,5,24,10
2024-05-24 11:00:00,793.0,655.0,138.0,807.5,26.2,35,8.5,242,1006.0,3,0,0,3,0.0,3600.0,41.7658,-72.6734,2024,5,24,11
2024-05-24 12:00:00,908.0,801.0,107.0,896.8,27.4,25,11.6,263,1005.2,0,0,0,0,0.0,3600.0,41.7658,-72.6734,2024,5,24,12
2024-05-24 13:00:00,954.0,848.0,106.0,911.3,27.8,27,13.3,272,1005.0,1,0,1,0,0.0,3600.0,41.7658,-72.6734,2024,5,24,13
2024-05-24 14:00:00,934.0,825.0,109.0,896.0,27.8,30,12.4,262,1004.4,0,0,0,0,0.0,3600.0,41.7658,-72.6734,2024,5,24,14
2024-05-24 15:00:00,866.0,762.0,104.0,881.5,28.3,30,14.8,252,1003.9,22,0,22,0,0.0,3600.0,41.7658,-72.6734,2024,5,24,15
2024-05-24 16:00:00,680.0,528.0,152.0,689.7,28.4,29,17.6,259,1003.3,80,0,80,0,0.0,3600.0,41.7658,-72.6734,2024,5,24,16
2024-05-24 17:00:00,517.0,374.0,143.0,593.0,28.0,29,15.1,288,1003.3,12,0,12,0,0.0,3600.0,41.7658,-72.6734,2024,5,24,17
2024-05-24 18:00:00,321.0,199.0,122.0,424.1,26.9,34,13.7,272,1003.3,10,0,10,0,0.0,3600.0,41.7658,-72.6734,2024,5,24,18
2024-05-24 19:00:00,212.0,146.0,66.0,500.0,24.9,41,11.5,270,1003.4,0,0,0,0,0.0,3600.0,41.7658,-72.6734,2024,5,24,19
2024-05-24 20:00:00,65.0,38.0,27.0,324.0,21.4,53,8.7,300,1003.9,0,0,0,0,0.0,3600.0,41.7658,-72.6734,2024,5,24,20
2024-05-24 21:00:00,1.0,0.0,1.0,0.0,20.2,57,9.7,329,1004.9,3,0,3,0,0.0,0.0,41.7658,-72.6734,2024,5,24,21
2024-05-24 22:00:00,0.0,0.0,0.0,0.0,19.6,57,10.6,332,1005.8,0,0,0,0,0.0,0.0,41.7658,-72.6734,2024,5,24,22
2024-05-24 23:00:00,0.0,0.0,0.0,0.0,18.4,57,8.1,328,1006.1,0,0,0,0,0.0,0.0,41.7658,-72.6734,2024,5,24,23
2024-05-25 00:00:00,0.0,0.0,0.0,0.0,17.7,53,7.4,337,1006.5,0,0,0,0,0.0,0.0,41.7658,-72.6734,2024,5,25,0
2024-05-25 01:00:00,0.0,0.0,0.0,0.0,17.2,50,8.0,333,1006.9,0,0,0,0,0.0,0.0,41.7658,-72.6734,2024,5,25,1
2024-05-25 02:00:00,0.0,0.0,0.0,0.0,15.9,54,9.9,350,1007.3,4,0,0,4,0.0,0.0,41.7658,-72.6734,2024,5,25,2
2024-05-25 03:00:00,0.0,0.0,0.0,0.0,14.8,61,9.4,4,1007.8,50,0,0,50,0.0,0.0,41.7658,-72.6734,2024,5,25,3
2024-05-25 04:00:00,0.0,0.0,0.0,0.0,13.5,68,9.3,13,1007.8,3,0,0,3,0.0,0.0,41.7658,-72.6734,2024,5,25,4
2024-05-25 05:00:00,0.0,0.0,0.0,0.0,12.6,75,8.0,8,1008.2,94,0,0,94,0.0,0.0,41.7658,-72.6734,2024,5,25,5
2024-05-25 06:00:00,12.0,4.0,8.0,61.4,12.3,79,8.1,13,1008.4,16,0,0,16,0.0,393.12,41.7658,-72.6734,2024,5,25,6
2024-05-25 07:00:00,127.0,82.0,45.0,440.0,13.9,78,5.4,4,1008.8,41,0,0,41,0.0,3600.0,41.7658,-72.6734,2024,5,25,7
2024-05-25 08:00:00,306.0,235.0,71.0,639.9,16.1,69,2.9,30,1009.4,75,0,0,75,0.0,3600.0,41.7658,-72.6734,2024,5,25,8
2024-05-25 09:00:00,493.0,404.0,89.0,748.9,18.7,59,2.7,113,1009.0,8,0,0,8,0.0,3600.0,41.7658,-72.6734,2024,5,25,9
2024-05-25 10:00:00,665.0,567.0,98.0,820.3,20.6,53,2.5,188,1009.1,3,0,0,3,0.0,3600.0,41.7658,-72.6734,2024,5,25,10
2024-05-25 11:00:00,804.0,698.0,106.0,859.4,22.5,47,3.9,214,1009.2,28,0,0,28,0.0,3600.0,41.7658,-72.6734,2024,5,25,11
2024-05-25 12:00:00,899.0,789.0,110.0,882.4,24.1,43,5.2,214,1008.6,34,0,0,34,0.0,3600.0,41.7658,-72.6734,2024,5,25,12
2024-05-25 13:00:00,939.0,819.0,120.0,879.1,25.4,40,6.1,208,1007.5,94,0,0,94,0.0,3600.0,41.7658,-72.6734,2024,5,25,13
2024-05-25 14:00:00,922.0,788.0,134.0,854.7,26.7,38,7.9,223,1006.9,100,0,3,100,0.0,3600.0,41.7658,-72.6734,2024,5,25,14
2024-05-25 15:00:00,802.0,608.0,194.0,702.2,27.8,35,10.3,245,1006.5,100,0,15,100,0.0,3600.0,41.7658,-72.6734,2024,5,25,15
2024-05-25 16:00:00,597.0,316.0,281.0,412.0,27.8,33,11.8,239,1006.1,100,0,2,100,0.0,3600.0,41.7658,-72.6734,2024,5,25,16
2024-05-25 17:00:00,361.0,78.0,283.0,123.3,25.5,43,14.5,187,1006.1,98,0,4,98,0.0,1899.87,41.7658,-72.6734,2024,5,25,17
2024-05-25 18:00:00,319.0,140.0,179.0,297.1,23.4,50,15.9,184,1006.5,100,0,0,100,0.0,3600.0,41.7658,-72.6734,2024,5,25,18
2024-05-25 19:00:00,156.0,32.0,124.0,108.8,22.3,54,14.8,186,1006.6,20,0,0,20,0.0,1463.5,41.7658,-72.6734,2024,5,25,19
2024-05-25 20:00:00,64.0,34.0,30.0,287.3,19.4,61,13.3,182,1006.8,19,0,2,18,0.0,3600.0,41.7658,-72.6734,2024,5,25,20
2024-05-25 21:00:00,1.0,0.0,1.0,0.0,18.2,65,8.0,190,1007.8,100,0,5,100,0.0,0.0,41.7658,-72.6734,2024,5,25,21
2024-05-25 22:00:00,0.0,0.0,0.0,0.0,17.1,69,7.2,186,1008.1,100,0,71,100,0.0,0.0,41.7658,-72.6734,2024,5,25,22
2024-05-25 23:00:00,0.0,0.0,0.0,0.0,16.4,72,8.3,185,1008.0,100,0,90,100,0.0,0.0,41.7658,-72.6734,2024,5,25,23
2024-05-26 00:00:00,0.0,0.0,0.0,0.0,15.8,75,7.9,180,1008.3,100,0,89,100,0.0,0.0,41.7658,-72.6734,2024,5,26,0
2024-05-26 01:00:00,0.0,0.0,0.0,0.0,15.3,78,5.4,180,1008.3,100,0,46,100,0.0,0.0,41.7658,-72.6734,2024,5,26,1
2024-05-26 02:00:00,0.0,0.0,0.0,0.0,14.9,80,8.9,130,1007.7,100,0,8,100,0.0,0.0,41.7658,-72.6734,2024,5,26,2
2024-05-26 03:00:00,0.0,0.0,0.0,0.0,14.8,81,9.7,202,1007.7,100,1,53,100,0.0,0.0,41.7658,-72.6734,2024,5,26,3
2024-05-26 04:00:00,0.0,0.0,0.0,0.0,14.9,83,6.7,196,1007.9,100,2,91,100,0.0,0.0,41.7658,-72.6734,2024,5,26,4
2024-05-26 05:00:00,0.0,0.0,0.0,0.0,15.1,85,2.1,239,1008.0,59,0,39,32,0.0,0.0,41.7658,-72.6734,2024,5,26,5
2024-05-26 06:00:00,9.0,3.0,6.0,45.5,14.9,87,8.6,165,1008.3,29,4,29,0,0.0,30.13,41.7658,-72.6734,2024,5,26,6
2024-05-26 07:00:00,103.0,54.0,49.0,287.3,16.2,84,4.3,180,1008.8,9,0,9,0,0.0,3600.0,41.7658,-72.6734,2024,5,26,7
2024-05-26 08:00:00,278.0,195.0,83.0,529.0,18.3,77,5.0,180,1009.6,2,0,2,0,0.0,3600.0,41.7658,-72.6734,2024,5,26,8
2024-05-26 09:00:00,469.0,376.0,93.0,695.5,21.7,77,7.8,202,1009.3,4,1,3,1,0.0,3600.0,41.7658,-72.6734,2024,5,26,9
2024-05-26 10:00:00,639.0,532.0,107.0,768.5,23.4,71,8.0,190,1009.3,1,1,0,0,0.0,3600.0,41.7658,-72.6734,2024,5,26,10
2024-05-26 11:00:00,776.0,660.0,116.0,811.6,25.1,63,4.0,180,1009.3,13,0,1,12,0.0,3600.0,41.7658,-72.6734,2024,5,26,11
2024-05-26 12:00:00,860.0,735.0,125.0,821.1,26.5,58,3.3,174,1009.2,36,2,19,20,0.0,3600.0,41.7658,-72.6734,2024,5,26,12
2024-05-26 13:00:00,825.0,673.0,152.0,721.6,27.4,54,5.2,196,1009.0,77,17,41,60,0.0,3600.0,41.7658,-72.6734,2024,5,26,13
2024-05-26 14:00:00,606.0,330.0,276.0,357.5,27.8,48,5.5,212,1008.4,100,63,100,14,0.0,3600.0,41.7658,-72.6734,2024,5,26,14
2024-05-26 15:00:00,175.0,0.0,175.0,0.0,24.8,61,7.4,223,1008.7,66,27,63,0,0.3,0.0,41.7658,-72.6734,2024,5,26,15
2024-05-26 16:00:00,586.0,421.0,165.0,547.8,25.6,61,9.4,184,1008.4,26,0,25,1,0.3,3600.0,41.7658,-72.6734,2024,5,26,16
2024-05-26 17:00:00,505.0,392.0,113.0,618.2,26.2,54,12.7,205,1008.3,30,7,26,0,0.0,3600.0,41.7658,-72.6734,2024,5,26,17
2024-05-26 18:00:00,340.0,238.0,102.0,503.1,25.3,61,11.8,192,1008.5,91,0,22,89,0.0,3600.0,41.7658,-72.6734,2024,5,26,18
2024-05-26 19:00:00,199.0,127.0,72.0,428.6,23.7,71,11.5,178,1009.0,99,2,23,99,0.0,3600.0,41.7658,-72.6734,2024,5,26,19
2024-05-26 20:00:00,61.0,27.0,34.0,226.1,21.3,83,10.9,171,1010.0,100,5,28,100,0.0,3600.0,41.7658,-72.6734,2024,5,26,20
2024-05-26 21:00:00,0.0,0.0,0.0,0.0,21.3,93,14.6,171,1010.0,100,100,14,72,0.0,0.0,41.7658,-72.6734,2024,5,26,21
2024-05-26 22:00:00,0.0,0.0,0.0,0.0,20.8,93,11.4,167,1010.4,100,100,6,100,0.0,0.0,41.7658,-72.6734,2024,5,26,22
2024-05-26 23:00:00,0.0,0.0,0.0,0.0,20.1,94,8.3,146,1010.3,100,100,0,100,0.0,0.0,41.7658,-72.6734,2024,5,26,23
2024-05-27 00:00:00,0.0,0.0,0.0,0.0,19.5,94,7.6,135,1010.4,100,100,3,100,0.0,0.0,41.7658,-72.6734,2024,5,27,0
2024-05-27 01:00:00,0.0,0.0,0.0,0.0,19.1,95,8.3,124,1010.7,100,100,4,100,0.0,0.0,41.7658,-72.6734,2024,5,27,1
2024-05-27 02:00:00,0.0,0.0,0.0,0.0,18.6,96,10.1,125,1010.3,100,100,0,100,0.0,0.0,41.7658,-72.6734,2024,5,27,2
2024-05-27 03:00:00,0.0,0.0,0.0,0.0,18.4,95,10.6,125,1009.7,100,100,0,99,0.0,0.0,41.7658,-72.6734,2024,5,27,3
2024-05-27 04:00:00,0.0,0.0,0.0,0.0,18.0,95,10.2,132,1009.4,100,100,0,100,0.0,0.0,41.7658,-72.6734,2024,5,27,4
2024-05-27 05:00:00,0.0,0.0,0.0,0.0,17.6,96,10.7,140,1009.6,100,100,6,100,0.0,0.0,41.7658,-72.6734,2024,5,27,5
2024-05-27 06:00:00,2.0,0.0,2.0,0.0,17.3,96,11.7,133,1010.0,100,100,0,100,0.0,0.0,41.7658,-72.6734,2024,5,27,6
2024-05-27 07:00:00,17.0,0.0,17.0,0.0,17.5,94,12.8,128,1009.9,100,100,1,100,0.0,0.0,41.7658,-72.6734,2024,5,27,7
2024-05-27 08:00:00,52.0,0.0,52.0,0.0,17.9,92,13.8,131,1009.6,100,100,64,94,0.2,0.0,41.7658,-72.6734,2024,5,27,8
2024-05-27 09:00:00,286.0,85.0,201.0,156.9,21.3,83,17.0,122,1009.7,100,59,93,99,0.0,2906.51,41.7658,-72.6734,2024,5,27,9
2024-05-27 10:00:00,261.0,30.0,231.0,43.3,20.9,86,15.5,121,1009.4,100,100,99,100,0.9,0.0,41.7658,-72.6734,2024,5,27,10
2024-05-27 11:00:00,250.0,37.0,213.0,45.4,20.7,86,15.3,139,1008.9,100,99,69,38,1.2,0.0,41.7658,-72.6734,2024,5,27,11
2024-05-27 12:00:00,386.0,128.0,258.0,142.8,21.4,86,13.8,139,1008.9,92,89,29,0,2.3,2485.2,41.7658,-72.6734,2024,5,27,12
2024-05-27 13:00:00,606.0,217.0,389.0,232.4,22.5,80,19.2,146,1008.3,53,28,41,1,0.2,3600.0,41.7658,-72.6734,2024,5,27,13
2024-05-27 14:00:00,728.0,461.0,267.0,498.8,23.2,74,20.5,149,1008.0,100,95,49,98,0.1,3600.0,41.7658,-72.6734,2024,5,27,14
2024-05-27 15:00:00,529.0,202.0,327.0,232.6,22.4,76,19.8,153,1007.2,100,91,37,100,0.0,3600.0,41.7658,-72.6734,2024,5,27,15
2024-05-27 16:00:00,303.0,36.0,267.0,46.8,20.8,82,18.8,154,1006.6,100,100,100,100,0.1,0.0,41.7658,-72.6734,2024,5,27,16
2024-05-27 17:00:00,150.0,6.0,144.0,9.4,19.8,87,15.3,141,1005.2,100,96,100,100,1.0,0.0,41.7658,-72.6734,2024,5,27,17
2024-05-27 18:00:00,71.0,1.0,70.0,2.1,18.8,95,18.4,141,1004.2,100,85,100,100,1.1,0.0,41.7658,-72.6734,2024,5,27,18
2024-05-27 19:00:00,31.0,0.0,31.0,0.0,18.4,97,18.2,146,1003.9,100,88,99,100,1.7,0.0,41.7658,-72.6734,2024,5,27,19
2024-05-27 20:00:00,4.0,0.0,4.0,0.0,18.3,97,18.4,149,1003.2,100,100,100,100,2.2,0.0,41.7658,-72.6734,2024,5,27,20
2024-05-27 21:00:00,0.0,0.0,0.0,0.0,19.0,96,17.8,173,1003.3,100,100,100,100,1.6,0.0,41.7658,-72.6734,2024,5,27,21
2024-05-27 22:00:00,0.0,0.0,0.0,0.0,18.9,98,13.4,175,1003.4,100,100,100,100,1.8,0.0,41.7658,-72.6734,2024,5,27,22
2024-05-27 23:00:00,0.0,0.0,0.0,0.0,18.7,98,11.2,180,1003.3,100,100,72,100,2.8,0.0,41.7658,-72.6734,2024,5,27,23
2024-05-28 00:00:00,0.0,0.0,0.0,0.0,18.5,98,12.8,169,1002.5,100,24,35,100,1.3,0.0,41.7658,-72.6734,2024,5,28,0
2024-05-28 01:00:00,0.0,0.0,0.0,0.0,18.2,98,8.9,166,1001.7,100,3,2,100,0.2,0.0,41.7658,-72.6734,2024,5,28,1
2024-05-28 02:00:00,0.0,0.0,0.0,0.0,17.7,98,10.2,170,1001.6,100,98,100,100,0.0,0.0,41.7658,-72.6734,2024,5,28,2
2024-05-28 03:00:00,0.0,0.0,0.0,0.0,17.8,98,8.7,187,1001.3,100,100,0,82,0.0,0.0,41.7658,-72.6734,2024,5,28,3
2024-05-28 04:00:00,0.0,0.0,0.0,0.0,17.7,99,7.3,189,1000.6,100,100,0,0,0.0,0.0,41.7658,-72.6734,2024,5,28,4
2024-05-28 05:00:00,0.0,0.0,0.0,0.0,17.9,99,7.7,191,1000.7,100,100,0,0,0.0,0.0,41.7658,-72.6734,2024,5,28,5
2024-05-28 06:00:00,7.0,0.0,7.0,0.0,18.3,98,9.3,196,1001.2,100,100,0,0,0.0,0.0,41.7658,-72.6734,2024,5,28,6
2024-05-28 07:00:00,64.0,14.0,50.0,73.3,18.9,95,11.2,220,1001.6,84,84,0,0,0.0,399.7,41.7658,-72.6734,2024,5,28,7
2024-05-28 08:00:00,235.0,123.0,112.0,331.4,20.2,89,10.8,255,1001.8,88,88,0,0,0.0,3600.0,41.7658,-72.6734,2024,5,28,8
2024-05-28 09:00:00,437.0,309.0,128.0,569.2,22.2,81,7.6,267,1001.8,19,17,4,0,0.1,3600.0,41.7658,-72.6734,2024,5,28,9
2024-05-28 10:00:00,589.0,471.0,118.0,678.4,23.4,72,7.6,265,1001.3,15,15,9,0,0.2,3600.0,41.7658,-72.6734,2024,5,28,10
2024-05-28 11:00:00,727.0,596.0,131.0,731.3,24.5,64,10.0,257,1001.4,9,8,4,0,0.0,3600.0,41.7658,-72.6734,2024,5,28,11
2024-05-28 12:00:00,861.0,726.0,135.0,809.4,25.6,56,13.3,251,1001.4,12,9,3,0,0.0,3600.0,41.7658,-72.6734,2024,5,28,12
2024-05-28 13:00:00,901.0,749.0,152.0,801.5,26.0,52,16.4,241,1001.6,24,8,17,0,0.0,3600.0,41.7658,-72.6734,2024,5,28,13
2024-05-28 14:00:00,835.0,685.0,150.0,740.4,26.1,49,17.4,248,1000.9,18,11,9,0,0.0,3600.0,41.7658,-72.6734,2024,5,28,14
2024-05-28 15:00:00,791.0,645.0,146.0,741.8,26.1,47,18.7,247,1000.6,8,7,1,0,0.0,3600.0,41.7658,-72.6734,2024,5,28,15
2024-05-28 16:00:00,732.0,619.0,113.0,802.5,26.0,48,18.1,253,1000.3,9,6,3,0,0.0,3600.0,41.7658,-72.6734,2024,5,28,16
2024-05-28 17:00:00,564.0,450.0,114.0,706.1,25.7,47,18.4,264,1000.3,15,3,15,0,0.0,3600.0,41.7658,-72.6734,2024,5,28,17
2024-05-28 18:00:00,376.0,281.0,95.0,589.5,24.5,51,16.6,274,1000.9,13,1,12,0,0.0,3600.0,41.7658,-72.6734,2024,5,28,18
2024-05-28 19:00:00,200.0,134.0,66.0,446.2,23.0,58,12.9,283,1001.9,13,5,12,0,0.0,3600.0,41.7658,-72.6734,2024,5,28,19
2024-05-28 20:00:00,65.0,35.0,30.0,288.3,20.9,66,9.1,277,1002.7,8,2,8,0,0.0,3600.0,41.7658,-72.6734,2024,5,28,20
2024-05-28 21:00:00,1.0,0.0,1.0,0.0,19.3,75,8.0,280,1003.7,0,0,0,0,0.0,0.0,41.7658,-72.6734,2024,5,28,21
2024-05-28 22:00:00,0.0,0.0,0.0,0.0,18.3,77,8.4,260,1004.7,0,0,0,0,0.0,0.0,41.7658,-72.6734,2024,5,28,22
2024-05-28 23:00:00,0.0,0.0,0.0,0.0,17.2,84,6.4,243,1004.9,0,0,0,0,0.0,0.0,41.7658,-72.6734,2024,5,28,23
2024-05-29 00:00:00,0.0,0.0,0.0,0.0,16.2,90,9.0,265,1005.4,0,0,0,0,0.0,0.0,41.7658,-72.6734,2024,5,29,0
2024-05-29 01:00:00,0.0,0.0,0.0,0.0,15.5,92,8.4,260,1005.9,0,0,0,0,0.0,0.0,41.7658,-72.6734,2024,5,29,1
2024-05-29 02:00:00,0.0,0.0,0.0,0.0,15.1,91,8.3,272,1006.2,0,0,0,0,0.0,0.0,41.7658,-72.6734,2024,5,29,2
2024-05-29 03:00:00,0.0,0.0,0.0,0.0,14.8,88,7.3,281,1006.5,0,0,0,0,0.0,0.0,41.7658,-72.6734,2024,5,29,3
2024-05-29 04:00:00,0.0,0.0,0.0,0.0,14.5,86,7.6,289,1006.7,4,0,3,0,0.0,0.0,41.7658,-72.6734,2024,5,29,4
2024-05-29 05:00:00,0.0,0.0,0.0,0.0,14.1,87,6.6,283,1006.9,1,0,1,0,0.0,0.0,41.7658,-72.6734,2024,5,29,5
2024-05-29 06:00:00,13.0,5.0,8.0,73.4,14.1,89,3.3,276,1007.6,0,0,0,0,0.0,678.96,41.7658,-72.6734,2024,5,29,6
2024-05-29 07:00:00,126.0,76.0,50.0,395.3,15.3,83,5.5,328,1008.2,0,0,0,0,0.0,3600.0,41.7658,-72.6734,2024,5,29,7
2024-05-29 08:00:00,296.0,217.0,79.0,582.8,16.7,78,5.0,330,1008.6,1,1,0,0,0.0,3600.0,41.7658,-72.6734,2024,5,29,8
2024-05-29 09:00:00,478.0,380.0,98.0,698.7,19.2,68,6.6,338,1008.7,17,15,7,0,0.0,3600.0,41.7658,-72.6734,2024,5,29,9
2024-05-29 10:00:00,583.0,450.0,133.0,647.4,20.4,60,7.6,341,1008.8,13,10,7,0,0.0,3600.0,41.7658,-72.6734,2024,5,29,10
2024-05-29 11:00:00,717.0,570.0,147.0,698.6,21.7,54,7.7,332,1009.1,7,2,6,0,0.0,3600.0,41.7658,-72.6734,2024,5,29,11
2024-05-29 12:00:00,828.0,686.0,142.0,764.1,22.9,48,8.5,324,1009.0,6,0,6,0,0.0,3600.0,41.7658,-72.6734,2024,5,29,12
2024-05-29 13:00:00,864.0,724.0,140.0,774.0,23.7,43,8.2,311,1008.8,11,0,11,0,0.0,3600.0,41.7658,-72.6734,2024,5,29,13
2024-05-29 14:00:00,841.0,704.0,137.0,760.1,24.3,42,7.0,291,1008.3,21,1,21,0,0.0,3600.0,41.7658,-72.6734,2024,5,29,14
2024-05-29 15:00:00,753.0,601.0,152.0,690.3,24.4,40,8.4,280,1007.6,33,5,30,0,0.0,3600.0,41.7658,-72.6734,2024,5,29,15
2024-05-29 16:00:00,655.0,510.0,145.0,660.1,24.1,42,8.3,268,1007.1,26,0,25,1,0.0,3600.0,41.7658,-72.6734,2024,5,29,16
2024-05-29 17:00:00,516.0,388.0,128.0,607.3,23.7,43,7.7,259,1006.8,19,0,18,2,0.0,3600.0,41.7658,-72.6734,2024,5,29,17
2024-05-29 18:00:00,360.0,268.0,92.0,560.2,23.1,46,7.6,270,1007.2,42,4,15,30,0.0,3600.0,41.7658,-72.6734,2024,5,29,18
2024-05-29 19:00:00,199.0,117.0,82.0,387.1,21.3,59,7.8,292,1007.9,66,4,45,38,0.0,3600.0,41.7658,-72.6734,2024,5,29,19
2024-05-29 20:00:00,51.0,19.0,32.0,155.2,19.8,68,5.9,256,1007.9,49,0,27,31,0.0,2856.06,41.7658,-72.6734,2024,5,29,20
2024-05-29 21:00:00,1.0,0.0,1.0,0.0,17.4,79,8.4,260,1008.1,35,0,17,22,0.0,0.0,41.7658,-72.6734,2024,5,29,21
2024-05-29 22:00:00,0.0,0.0,0.0,0.0,16.3,82,5.4,250,1008.5,100,0,24,100,0.0,0.0,41.7658,-72.6734,2024,5,29,22
2024-05-29 23:00:00,0.0,0.0,0.0,0.0,15.7,86,4.1,225,1008.4,100,0,63,100,0.0,0.0,41.7658,-72.6734,2024,5,29,23
2024-05-30 00:00:00,0.0,0.0,0.0,0.0,15.6,86,9.7,222,1008.7,100,6,91,100,0.0,0.0,41.7658,-72.6734,2024,5,30,0
2024-05-30 01:00:00,0.0,0.0,0.0,0.0,15.6,83,7.1,255,1008.6,100,0,88,100,0.0,0.0,41.7658,-72.6734,2024,5,30,1
2024-05-30 02:00:00,0.0,0.0,0.0,0.0,15.4,84,5.6,255,1008.7,100,0,100,100,0.2,0.0,41.7658,-72.6734,2024,5,30,2
2024-05-30 03:00:00,0.0,0.0,0.0,0.0,15.0,87,9.1,353,1007.9,100,0,100,94,0.9,0.0,41.7658,-72.6734,2024,5,30,3
2024-05-30 04:00:00,0.0,0.0,0.0,0.0,13.9,95,13.3,13,1007.9,100,6,100,84,1.2,0.0,41.7658,-72.6734,2024,5,30,4
2024-05-30 05:00:00,0.0,0.0,0.0,0.0,13.4,94,15.1,3,1008.4,100,8,100,94,2.3,0.0,41.7658,-72.6734,2024,5,30,5
2024-05-30 06:00:00,2.0,0.0,2.0,0.0,12.9,95,14.0,359,1009.0,100,49,100,87,1.7,0.0,41.7658,-72.6734,2024,5,30,6
2024-05-30 07:00:00,11.0,0.0,11.0,0.0,12.2,95,15.3,345,1010.1,100,63,100,100,2.6,0.0,41.7658,-72.6734,2024,5,30,7
2024-05-30 08:00:00,28.0,0.0,28.0,0.0,11.7,96,15.8,360,1010.4,100,49,99,100,2.2,0.0,41.7658,-72.6734,2024,5,30,8
2024-05-30 09:00:00,146.0,8.0,138.0,14.7,12.1,92,17.4,7,1010.0,99,0,48,98,0.8,0.0,41.7658,-72.6734,2024,5,30,9
2024-05-30 10:00:00,452.0,279.0,173.0,400.9,13.8,86,14.5,353,1010.3,90,3,42,82,0.3,3600.0,41.7658,-72.6734,2024,5,30,10
2024-05-30 11:00:00,721.0,486.0,235.0,595.1,15.9,73,17.7,2,1010.7,93,36,22,86,0.2,3600.0,41.7658,-72.6734,2024,5,30,11
2024-05-30 12:00:00,807.0,566.0,241.0,629.9,17.3,65,16.6,2,1010.5,22,12,11,0,0.1,3600.0,41.7658,-72.6734,2024,5,30,12
2024-05-30 13:00:00,822.0,649.0,173.0,693.2,18.2,60,18.6,15,1010.0,57,15,46,8,0.0,3600.0,41.7658,-72.6734,2024,5,30,13
2024-05-30 14:00:00,780.0,574.0,206.0,619.1,18.6,57,17.5,14,1009.9,99,14,99,0,0.0,3600.0,41.7658,-72.6734,2024,5,30,14
2024-05-30 15:00:00,462.0,154.0,308.0,176.7,18.5,55,13.2,17,1009.9,100,10,100,0,0.0,3499.9,41.7658,-72.6734,2024,5,30,15
2024-05-30 16:00:00,328.0,58.0,270.0,74.9,18.7,53,8.8,19,1009.5,40,8,37,0,0.0,448.35,41.7658,-72.6734,2024,5,30,16
2024-05-30 17:00:00,444.0,280.0,164.0,437.3,19.3,50,6.9,351,1009.6,35,1,35,0,0.0,3600.0,41.7658,-72.6734,2024,5,30,17
2024-05-30 18:00:00,293.0,164.0,129.0,341.6,19.2,48,3.3,311,1009.9,30,0,30,0,0.0,3600.0,41.7658,-72.6734,2024,5,30,18
2024-05-30 19:00:00,194.0,131.0,63.0,430.7,18.4,60,4.7,203,1010.3,43,0,43,0,0.0,3600.0,41.7658,-72.6734,2024,5,30,19
2024-05-30 20:00:00,61.0,30.0,31.0,241.0,16.6,77,5.0,291,1011.2,44,0,44,0,0.0,3600.0,41.7658,-72.6734,2024,5,30,20
2024-05-30 21:00:00,1.0,0.0,1.0,0.0,14.9,77,6.2,280,1012.0,13,0,13,0,0.0,0.0,41.7658,-72.6734,2024,5,30,21
2024-05-30 22:00:00,0.0,0.0,0.0,0.0,14.3,69,8.7,330,1012.5,17,0,17,0,0.0,0.0,41.7658,-72.6734,2024,5,30,22
2024-05-30 23:00:00,0.0,0.0,0.0,0.0,13.3,71,9.1,342,1012.8,21,0,21,0,0.0,0.0,41.7658,-72.6734,2024,5,30,23
2024-05-31 00:00:00,0.0,0.0,0.0,0.0,12.4,71,8.9,346,1013.3,21,0,21,0,0.0,0.0,41.7658,-72.6734,2024,5,31,0
2024-05-31 01:00:00,0.0,0.0,0.0,0.0,11.9,71,8.8,348,1013.5,10,0,10,0,0.0,0.0,41.7658,-72.6734,2024,5,31,1
2024-05-31 02:00:00,0.0,0.0,0.0,0.0,11.2,72,7.9,344,1013.7,10,0,10,0,0.0,0.0,41.7658,-72.6734,2024,5,31,2
2024-05-31 03:00:00,0.0,0.0,0.0,0.0,10.5,73,8.3,342,1014.0,29,0,28,6,0.0,0.0,41.7658,-72.6734,2024,5,31,3
2024-05-31 04:00:00,0.0,0.0,0.0,0.0,10.2,73,8.4,350,1014.1,48,0,48,3,0.0,0.0,41.7658,-72.6734,2024,5,31,4
2024-05-31 05:00:00,0.0,0.0,0.0,0.0,9.8,77,5.8,7,1014.5,36,0,31,32,0.0,0.0,41.7658,-72.6734,2024,5,31,5
2024-05-31 06:00:00,15.0,5.0,10.0,72.1,10.2,78,6.8,360,1015.3,0,0,0,0,0.0,654.57,41.7658,-72.6734,2024,5,31,6
2024-05-31 07:00:00,134.0,85.0,49.0,436.6,11.8,75,5.9,11,1016.1,0,0,0,0,0.0,3600.0,41.7658,-72.6734,2024,5,31,7
2024-05-31 08:00:00,314.0,242.0,72.0,646.4,14.3,63,4.0,5,1016.4,0,0,0,0,0.0,3600.0,41.7658,-72.6734,2024,5,31,8
2024-05-31 09:00:00,500.0,411.0,89.0,753.3,16.5,56,6.2,353,1016.8,0,0,0,0,0.0,3600.0,41.7658,-72.6734,2024,5,31,9
2024-05-31 10:00:00,673.0,573.0,100.0,822.4,18.8,48,7.3,351,1016.6,0,0,0,0,0.0,3600.0,41.7658,-72.6734,2024,5,31,10
2024-05-31 11:00:00,766.0,634.0,132.0,775.7,20.7,39,8.4,353,1016.5,34,0,32,3,0.0,3600.0,41.7658,-72.6734,2024,5,31,11
2024-05-31 12:00:00,765.0,557.0,208.0,619.4,21.7,32,8.6,358,1015.9,45,0,45,0,0.0,3600.0,41.7658,-72.6734,2024,5,31,12
2024-05-31 13:00:00,728.0,482.0,246.0,514.4,22.3,31,12.9,337,1015.4,100,0,100,17,0.0,3600.0,41.7658,-72.6734,2024,5,31,13
2024-05-31 14:00:00,535.0,219.0,316.0,236.0,22.0,31,13.2,325,1015.0,93,0,20,91,0.0,3600.0,41.7658,-72.6734,2024,5,31,14
2024-05-31 15:00:00,622.0,398.0,224.0,456.0,22.9,29,15.0,333,1014.2,100,0,86,100,0.0,3600.0,41.7658,-72.6734,2024,5,31,15
2024-05-31 16:00:00,484.0,210.0,274.0,270.9,22.8,31,14.0,331,1013.6,98,0,97,31,0.0,3600.0,41.7658,-72.6734,2024,5,31,16
2024-05-31 17:00:00,403.0,166.0,237.0,258.7,22.2,34,14.6,310,1013.6,18,0,14,5,0.0,3600.0,41.7658,-72.6734,2024,5,31,17
2024-05-31 18:00:00,374.0,272.0,102.0,564.6,21.9,40,9.1,277,1013.3,100,0,100,0,0.0,3600.0,41.7658,-72.6734,2024,5,31,18
2024-05-31 19:00:00,197.0,106.0,91.0,346.5,20.1,49,10.0,283,1013.9,28,0,28,0,0.0,3600.0,41.7658,-72.6734,2024,5,31,19
2024-05-31 20:00:00,70.0,36.0,34.0,284.7,18.4,49,13.3,303,1014.7,2,0,2,0,0.0,3600.0,41.7658,-72.6734,2024,5,31,20
2024-05-31 21:00:00,2.0,0.0,2.0,0.0,16.6,55,9.9,289,1015.2,4,0,1,3,0.0,0.0,41.7658,-72.6734,2024,5,31,21
2024-05-31 22:00:00,0.0,0.0,0.0,0.0,15.8,54,8.4,301,1015.8,5,0,5,4,0.0,0.0,41.7658,-72.6734,2024,5,31,22
2024-05-31 23:00:00,0.0,0.0,0.0,0.0,15.9,46,9.1,326,1015.7,2,0,0,2,0.0,0.0,41.7658,-72.6734,2024,5,31,23
2024-06-01 00:00:00,0.0,0.0,0.0,0.0,14.8,53,8.0,333,1015.8,0,0,0,0,0.0,0.0,41.7658,-72.6734,2024,6,1,0
2024-06-01 01:00:00,0.0,0.0,0.0,0.0,13.7,62,6.6,347,1015.8,0,0,0,0,0.0,0.0,41.7658,-72.6734,2024,6,1,1
2024-06-01 02:00:00,0.0,0.0,0.0,0.0,12.3,73,9.4,337,1015.9,0,0,0,0,0.0,0.0,41.7658,-72.6734,2024,6,1,2
2024-06-01 03:00:00,0.0,0.0,0.0,0.0,11.9,74,10.0,319,1015.7,0,0,0,0,0.0,0.0,41.7658,-72.6734,2024,6,1,3
2024-06-01 04:00:00,0.0,0.0,0.0,0.0,11.8,71,10.5,329,1015.6,0,0,0,0,0.0,0.0,41.7658,-72.6734,2024,6,1,4
2024-06-01 05:00:00,0.0,0.0,0.0,0.0,12.8,63,8.7,343,1016.1,0,0,0,0,0.0,0.0,41.7658,-72.6734,2024,6,1,5
2024-06-01 06:00:00,16.0,7.0,9.0,100.1,12.1,72,8.3,2,1016.8,0,0,0,0,0.0,1343.28,41.7658,-72.6734,2024,6,1,6
2024-06-01 07:00:00,135.0,88.0,47.0,449.6,14.8,65,5.8,30,1017.1,0,0,0,0,0.0,3600.0,41.7658,-72.6734,2024,6,1,7
2024-06-01 08:00:00,313.0,242.0,71.0,644.8,17.0,60,4.3,48,1017.2,0,0,0,0,0.0,3600.0,41.7658,-72.6734,2024,6,1,8
2024-06-01 09:00:00,497.0,409.0,88.0,748.6,18.7,55,5.8,4,1017.5,0,0,0,0,0.0,3600.0,41.7658,-72.6734,2024,6,1,9
2024-06-01 10:00:00,667.0,568.0,99.0,814.5,20.7,52,6.1,360,1017.2,0,0,0,0,0.0,3600.0,41.7658,-72.6734,2024,6,1,10
2024-06-01 11:00:00,806.0,700.0,106.0,855.8,22.5,45,6.1,360,1016.9,0,0,0,0,0.0,3600.0,41.7658,-72.6734,2024,6,1,11
2024-06-01 12:00:00,901.0,790.0,111.0,877.8,23.8,40,5.0,360,1016.5,0,0,0,0,0.0,3600.0,41.7658,-72.6734,2024,6,1,12
2024-06-01 13:00:00,944.0,831.0,113.0,886.1,24.8,38,4.7,4,1015.9,0,0,0,0,0.0,3600.0,41.7658,-72.6734,2024,6,1,13
2024-06-01 14:00:00,932.0,820.0,112.0,882.8,25.8,37,4.7,9,1015.4,25,0,25,0,0.0,3600.0,41.7658,-72.6734,2024,6,1,14
2024-06-01 15:00:00,772.0,587.0,185.0,671.8,26.4,36,5.9,52,1014.3,54,0,43,19,0.0,3600.0,41.7658,-72.6734,2024,6,1,15
2024-06-01 16:00:00,618.0,405.0,213.0,521.7,26.1,37,8.1,69,1014.0,96,0,41,92,0.0,3600.0,41.7658,-72.6734,2024,6,1,16
2024-06-01 17:00:00,431.0,211.0,220.0,328.1,25.3,41,9.4,94,1013.7,74,0,5,73,0.0,3600.0,41.7658,-72.6734,2024,6,1,17
2024-06-01 18:00:00,407.0,308.0,99.0,637.3,25.3,44,6.7,126,1013.7,10,0,1,9,0.0,3600.0,41.7658,-72.6734,2024,6,1,18
2024-06-01 19:00:00,234.0,167.0,67.0,542.7,23.7,58,5.6,135,1013.8,11,0,0,11,0.0,3600.0,41.7658,-72.6734,2024,6,1,19
2024-06-01 20:00:00,76.0,43.0,33.0,335.0,20.9,72,6.9,186,1014.0,0,0,0,0,0.0,3600.0,41.7658,-72.6734,2024,6,1,20
2024-06-01 21:00:00,2.0,0.0,2.0,0.0,18.4,81,4.9,197,1014.1,5,0,0,5,0.0,0.0,41.7658,-72.6734,2024,6,1,21
2024-06-01 22:00:00,0.0,0.0,0.0,0.0,17.4,82,6.2,190,1014.6,50,0,0,50,0.0,0.0,41.7658,-72.6734,2024,6,1,22
2024-06-01 23:00:00,0.0,0.0,0.0,0.0,16.3,84,5.1,188,1014.3,56,0,0,56,0.0,0.0,41.7658,-72.6734,2024,6,1,23
2024-06-02 00:00:00,0.0,0.0,0.0,0.0,14.6,91,6.0,205,1014.0,53,0,0,53,0.0,0.0,41.7658,-72.6734,2024,6,2,0
2024-06-02 01:00:00,0.0,0.0,0.0,0.0,13.9,93,5.7,215,1013.8,66,0,0,66,0.0,0.0,41.7658,-72.6734,2024,6,2,1
2024-06-02 02:00:00,0.0,0.0,0.0,0.0,14.0,95,2.8,230,1013.6,52,0,0,52,0.0,0.0,41.7658,-72.6734,2024,6,2,2
2024-06-02 03:00:00,0.0,0.0,0.0,0.0,13.2,98,2.6,326,1013.6,69,0,0,69,0.0,0.0,41.7658,-72.6734,2024,6,2,3
2024-06-02 04:00:00,0.0,0.0,0.0,0.0,12.0,100,3.5,294,1013.6,98,98,0,11,0.0,0.0,41.7658,-72.6734,2024,6,2,4
2024-06-02 05:00:00,0.0,0.0,0.0,0.0,11.7,98,5.5,337,1013.6,96,92,0,45,0.0,0.0,41.7658,-72.6734,2024,6,2,5
2024-06-02 06:00:00,14.0,5.0,9.0,71.0,11.5,98,6.8,357,1013.9,98,95,0,64,0.0,634.07,41.7658,-72.6734,2024,6,2,6
2024-06-02 07:00:00,115.0,59.0,56.0,300.0,13.0,96,2.9,360,1014.4,100,99,0,100,0.0,3600.0,41.7658,-72.6734,2024,6,2,7
2024-06-02 08:00:00,268.0,143.0,125.0,380.2,15.2,88,2.1,301,1014.8,100,23,0,100,0.0,3600.0,41.7658,-72.6734,2024,6,2,8
2024-06-02 09:00:00,499.0,410.0,89.0,749.5,19.4,69,1.6,27,1015.0,100,0,0,100,0.0,3600.0,41.7658,-72.6734,2024,6,2,9
2024-06-02 10:00:00,665.0,543.0,122.0,778.0,22.3,58,1.1,90,1014.6,100,0,0,100,0.0,3600.0,41.7658,-72.6734,2024,6,2,10
2024-06-02 11:00:00,752.0,512.0,240.0,625.5,24.8,46,2.4,207,1014.3,100,0,0,100,0.0,3600.0,41.7658,-72.6734,2024,6,2,11
2024-06-02 12:00:00,705.0,364.0,341.0,404.2,25.8,37,7.4,219,1013.6,94,0,0,94,0.0,3600.0,41.7658,-72.6734,2024,6,2,12
2024-06-02 13:00:00,897.0,672.0,225.0,716.1,27.1,32,7.8,214,1012.6,75,0,0,75,0.0,3600.0,41.7658,-72.6734,2024,6,2,13
2024-06-02 14:00:00,893.0,690.0,203.0,742.2,27.8,31,7.4,203,1011.7,41,0,0,41,0.0,3600.0,41.7658,-72.6734,2024,6,2,14
2024-06-02 15:00:00,860.0,724.0,136.0,827.7,28.4,30,8.3,198,1010.8,48,0,0,48,0.0,3600.0,41.7658,-72.6734,2024,6,2,15
2024-06-02 16:00:00,753.0,646.0,107.0,830.9,28.2,33,11.1,193,1010.1,87,0,0,87,0.0,3600.0,41.7658,-72.6734,2024,6,2,16
2024-06-02 17:00:00,590.0,469.0,121.0,727.7,27.2,34,14.8,180,1009.8,99,0,1,99,0.0,3600.0,41.7658,-72.6734,2024,6,2,17
2024-06-02 18:00:00,406.0,294.0,112.0,606.4,25.7,39,15.7,164,1009.6,74,0,26,73,0.0,3600.0,41.7658,-72.6734,2024,6,2,18
2024-06-02 19:00:00,214.0,120.0,94.0,387.8,23.5,49,16.9,178,1009.7,99,0,97,98,0.0,3600.0,41.7658,-72.6734,2024,6,2,19
2024-06-02 20:00:00,42.0,4.0,38.0,30.7,21.5,58,15.0,191,1009.6,100,0,100,100,0.0,0.0,41.7658,-72.6734,2024,6,2,20
2024-06-02 21:00:00,1.0,0.0,1.0,0.0,20.6,65,11.0,199,1010.0,100,0,100,1,0.0,0.0,41.7658,-72.6734,2024,6,2,21
2024-06-02 22:00:00,0.0,0.0,0.0,0.0,19.8,69,7.1,210,1010.4,74,0,40,57,0.0,0.0,41.7658,-72.6734,2024,6,2,22
2024-06-02 23:00:00,0.0,0.0,0.0,0.0,18.8,73,7.4,194,1010.2,98,0,96,82,0.0,0.0,41.7658,-72.6734,2024,6,2,23
2024-06-03 00:00:00,0.0,0.0,0.0,0.0,18.2,77,6.6,189,1010.0,100,0,34,100,0.0,0.0,41.7658,-72.6734,2024,6,3,0
2024-06-03 01:00:00,0.0,0.0,0.0,0.0,17.3,82,4.7,176,1010.0,100,0,11,100,0.0,0.0,41.7658,-72.6734,2024,6,3,1
2024-06-03 02:00:00,0.0,0.0,0.0,0.0,16.9,84,6.9,189,1009.9,100,0,100,89,0.0,0.0,41.7658,-72.6734,2024,6,3,2
2024-06-03 03:00:00,0.0,0.0,0.0,0.0,16.7,85,5.5,191,1009.4,100,0,100,0,0.0,0.0,41.7658,-72.6734,2024,6,3,3
2024-06-03 04:00:00,0.0,0.0,0.0,0.0,16.9,88,2.8,230,1008.9,100,0,100,0,0.0,0.0,41.7658,-72.6734,2024,6,3,4
2024-06-03 05:00:00,0.0,0.0,0.0,0.0,17.0,85,5.2,196,1008.8,100,0,100,0,0.0,0.0,41.7658,-72.6734,2024,6,3,5
2024-06-03 06:00:00,6.0,1.0,5.0,14.1,16.8,87,3.9,202,1009.2,95,0,95,3,0.2,0.0,41.7658,-72.6734,2024,6,3,6
2024-06-03 07:00:00,47.0,2.0,45.0,10.1,17.6,85,0.8,27,1009.4,100,0,100,0,0.0,0.0,41.7658,-72.6734,2024,6,3,7
2024-06-03 08:00:00,152.0,82.0,70.0,217.6,18.6,82,1.4,360,1009.7,83,0,83,0,0.0,3600.0,41.7658,-72.6734,2024,6,3,8
2024-06-03 09:00:00,456.0,333.0,123.0,608.0,22.4,67,6.5,6,1009.7,7,0,7,0,0.0,3600.0,41.7658,-72.6734,2024,6,3,9
2024-06-03 10:00:00,651.0,544.0,107.0,778.8,24.6,53,7.6,8,1009.5,0,0,0,0,0.0,3600.0,41.7658,-72.6734,2024,6,3,10
2024-06-03 11:00:00,797.0,691.0,106.0,843.6,26.4,41,8.8,12,1009.4,1,0,1,0,0.0,3600.0,41.7658,-72.6734,2024,6,3,11
2024-06-03 12:00:00,893.0,782.0,111.0,867.8,27.8,34,7.3,9,1009.2,3,0,3,0,0.0,3600.0,41.7658,-72.6734,2024,6,3,12
2024-06-03 13:00:00,933.0,815.0,118.0,867.8,28.7,31,7.2,6,1008.8,0,0,0,0,0.0,3600.0,41.7658,-72.6734,2024,6,3,13
2024-06-03 14:00:00,926.0,814.0,112.0,874.9,29.3,28,8.4,7,1008.1,0,0,0,0,0.0,3600.0,41.7658,-72.6734,2024,6,3,14
2024-06-03 15:00:00,865.0,757.0,108.0,864.5,29.7,27,9.1,9,1007.8,0,0,0,0,0.0,3600.0,41.7658,-72.6734,2024,6,3,15
2024-06-03 16:00:00,771.0,678.0,93.0,870.8,29.6,27,8.8,19,1007.5,5,0,5,0,0.0,3600.0,41.7658,-72.6734,2024,6,3,16
2024-06-03 17:00:00,545.0,429.0,116.0,664.3,29.5,26,0.8,153,1007.1,4,0,4,0,0.0,3600.0,41.7658,-72.6734,2024,6,3,17
2024-06-03 18:00:00,361.0,254.0,107.0,522.2,28.5,34,6.6,225,1006.8,34,0,34,0,0.0,3600.0,41.7658,-72.6734,2024,6,3,18
2024-06-03 19:00:00,202.0,127.0,75.0,408.2,26.2,59,3.0,194,1007.1,39,0,39,0,0.0,3600.0,41.7658,-72.6734,2024,6,3,19
2024-06-03 20:00:00,69.0,34.0,35.0,257.5,23.2,60,17.1,129,1008.3,8,0,8,0,0.0,3600.0,41.7658,-72.6734,2024,6,3,20
2024-06-03 21:00:00,2.0,0.0,2.0,0.0,21.5,63,13.4,149,1009.3,0,0,0,0,0.0,0.0,41.7658,-72.6734,2024,6,3,21
2024-06-03 22:00:00,0.0,0.0,0.0,0.0,19.9,64,10.2,157,1010.3,0,0,0,0,0.0,0.0,41.7658,-72.6734,2024,6,3,22
2024-06-03 23:00:00,0.0,0.0,0.0,0.0,18.6,70,8.0,162,1010.3,0,0,0,0,0.0,0.0,41.7658,-72.6734,2024,6,3,23
2024-06-04 00:00:00,0.0,0.0,0.0,0.0,17.8,75,7.3,213,1010.6,0,0,0,0,0.0,0.0,41.7658,-72.6734,2024,6,4,0
2024-06-04 01:00:00,0.0,0.0,0.0,0.0,17.2,81,4.2,200,1010.8,0,0,0,0,0.0,0.0,41.7658,-72.6734,2024,6,4,1
2024-06-04 02:00:00,0.0,0.0,0.0,0.0,16.5,85,5.5,169,1010.9,0,0,0,0,0.0,0.0,41.7658,-72.6734,2024,6,4,2
2024-06-04 03:00:00,0.0,0.0,0.0,0.0,15.5,90,2.7,113,1011.1,0,0,0,0,0.0,0.0,41.7658,-72.6734,2024,6,4,3
2024-06-04 04:00:00,0.0,0.0,0.0,0.0,14.9,90,10.8,116,1011.5,0,0,0,0,0.0,0.0,41.7658,-72.6734,2024,6,4,4
2024-06-04 05:00:00,0.0,0.0,0.0,0.0,14.4,88,9.2,135,1011.8,0,0,0,0,0.0,0.0,41.7658,-72.6734,2024,6,4,5
2024-06-04 06:00:00,16.0,6.0,10.0,84.3,14.3,87,7.1,139,1012.6,0,0,0,0,0.0,968.87,41.7658,-72.6734,2024,6,4,6
2024-06-04 07:00:00,130.0,82.0,48.0,413.5,15.5,82,1.3,146,1013.2,0,0,0,0,0.0,3600.0,41.7658,-72.6734,2024,6,4,7
2024-06-04 08:00:00,304.0,228.0,76.0,604.1,17.4,76,1.3,34,1013.4,0,0,0,0,0.0,3600.0,41.7658,-72.6734,2024,6,4,8
2024-06-04 09:00:00,486.0,394.0,92.0,718.8,19.8,69,2.2,90,1013.7,2,0,0,2,0.0,3600.0,41.7658,-72.6734,2024,6,4,9
2024-06-04 10:00:00,654.0,550.0,104.0,786.9,22.0,61,3.3,131,1013.9,21,0,0,21,0.0,3600.0,41.7658,-72.6734,2024,6,4,10
2024-06-04 11:00:00,790.0,678.0,112.0,827.3,23.9,56,4.2,160,1014.0,73,0,0,73,0.0,3600.0,41.7658,-72.6734,2024,6,4,11
2024-06-04 12:00:00,884.0,765.0,119.0,848.5,25.6,52,5.1,172,1013.4,100,0,0,100,0.0,3600.0,41.7658,-72.6734,2024,6,4,12
2024-06-04 13:00:00,899.0,699.0,200.0,743.8,26.8,49,6.5,180,1012.7,100,0,0,100,0.0,3600.0,41.7658,-72.6734,2024,6,4,13
2024-06-04 14:00:00,861.0,661.0,200.0,709.9,27.5,46,7.9,183,1011.9,93,0,24,90,0.0,3600.0,41.7658,-72.6734,2024,6,4,14
2024-06-04 15:00:00,737.0,568.0,169.0,648.0,27.3,45,10.1,178,1011.5,99,0,6,99,0.0,3600.0,41.7658,-72.6734,2024,6,4,15
2024-06-04 16:00:00,595.0,366.0,229.0,469.4,26.5,46,12.6,182,1011.2,99,0,14,98,0.0,3600.0,41.7658,-72.6734,2024,6,4,16
2024-06-04 17:00:00,461.0,277.0,184.0,428.1,25.3,49,13.7,180,1011.0,100,0,18,100,0.0,3600.0,41.7658,-72.6734,2024,6,4,17
2024-06-04 18:00:00,397.0,285.0,112.0,584.2,24.3,51,14.8,181,1011.0,100,0,16,100,0.0,3600.0,41.7658,-72.6734,2024,6,4,18
2024-06-04 19:00:00,196.0,101.0,95.0,322.9,22.2,57,13.7,182,1011.2,100,0,6,100,0.0,3600.0,41.7658,-72.6734,2024,6,4,19
2024-06-04 20:00:00,69.0,29.0,40.0,216.7,20.4,62,12.4,188,1011.5,100,0,21,100,0.0,3600.0,41.7658,-72.6734,2024,6,4,20
2024-06-04 21:00:00,2.0,0.0,2.0,0.0,19.5,68,11.9,185,1011.7,100,0,28,100,0.0,0.0,41.7658,-72.6734,2024,6,4,21
2024-06-04 22:00:00,0.0,0.0,0.0,0.0,18.3,73,9.9,190,1012.0,100,0,29,100,0.0,0.0,41.7658,-72.6734,2024,6,4,22
2024-06-04 23:00:00,0.0,0.0,0.0,0.0,17.2,79,10.5,196,1012.0,99,0,7,98,0.0,0.0,41.7658,-72.6734,2024,6,4,23
2024-06-05 00:00:00,0.0,0.0,0.0,0.0,16.6,83,9.4,187,1012.2,6,0,4,2,0.0,0.0,41.7658,-72.6734,2024,6,5,0
2024-06-05 01:00:00,0.0,0.0,0.0,0.0,15.8,88,8.7,163,1011.8,11,0,11,0,0.0,0.0,41.7658,-72.6734,2024,6,5,1
2024-06-05 02:00:00,0.0,0.0,0.0,0.0,15.4,91,9.5,171,1011.5,1,0,1,0,0.0,0.0,41.7658,-72.6734,2024,6,5,2
2024-06-05 03:00:00,0.0,0.0,0.0,0.0,14.9,95,8.7,175,1011.4,4,0,4,0,0.0,0.0,41.7658,-72.6734,2024,6,5,3
2024-06-05 04:00:00,0.0,0.0,0.0,0.0,14.6,97,8.7,185,1011.3,20,0,20,0,0.0,0.0,41.7658,-72.6734,2024,6,5,4
2024-06-05 05:00:00,0.0,0.0,0.0,0.0,14.6,98,8.6,180,1011.2,6,1,5,0,0.0,0.0,41.7658,-72.6734,2024,6,5,5
2024-06-05 06:00:00,14.0,4.0,10.0,55.9,14.9,97,8.7,175,1011.3,29,0,15,16,0.0,259.09,41.7658,-72.6734,2024,6,5,6
2024-06-05 07:00:00,99.0,44.0,55.0,221.2,16.5,89,6.9,189,1011.2,19,0,19,0,0.0,3600.0,41.7658,-72.6734,2024,6,5,7
2024-06-05 08:00:00,253.0,142.0,111.0,375.7,18.3,82,7.1,195,1011.4,16,0,15,0,0.0,3600.0,41.7658,-72.6734,2024,6,5,8
2024-06-05 09:00:00,424.0,305.0,119.0,556.0,20.6,76,7.2,186,1010.8,29,4,26,0,0.0,3600.0,41.7658,-72.6734,2024,6,5,9
2024-06-05 10:00:00,624.0,492.0,132.0,703.5,22.9,67,8.4,190,1010.5,2,1,1,0,0.0,3600.0,41.7658,-72.6734,2024,6,5,10
2024-06-05 11:00:00,782.0,663.0,119.0,808.6,25.0,59,10.7,192,1009.8,2,0,2,0,0.0,3600.0,41.7658,-72.6734,2024,6,5,11
2024-06-05 12:00:00,882.0,769.0,113.0,852.5,26.5,53,12.6,193,1009.1,2,2,0,0,0.0,3600.0,41.7658,-72.6734,2024,6,5,12
2024-06-05 13:00:00,925.0,807.0,118.0,858.3,27.4,49,13.6,191,1008.0,8,1,0,7,0.0,3600.0,41.7658,-72.6734,2024,6,5,13
2024-06-05 14:00:00,909.0,787.0,122.0,844.5,27.8,48,14.6,189,1007.1,15,1,8,6,0.0,3600.0,41.7658,-72.6734,2024,6,5,14
2024-06-05 15:00:00,775.0,631.0,144.0,719.1,27.1,53,18.0,192,1006.5,42,10,21,17,0.0,3600.0,41.7658,-72.6734,2024,6,5,15
2024-06-05 16:00:00,690.0,538.0,152.0,689.0,26.9,53,18.2,194,1005.8,100,6,17,100,0.0,3600.0,41.7658,-72.6734,2024,6,5,16
2024-06-05 17:00:00,586.0,478.0,108.0,737.2,26.3,55,19.2,193,1005.2,99,0,20,99,0.0,3600.0,41.7658,-72.6734,2024,6,5,17
2024-06-05 18:00:00,397.0,288.0,109.0,588.6,24.9,60,19.9,197,1005.1,94,17,9,92,0.0,3600.0,41.7658,-72.6734,2024,6,5,18
2024-06-05 19:00:00,178.0,80.0,98.0,254.4,23.2,72,17.6,191,1005.5,100,32,2,100,0.0,3600.0,41.7658,-72.6734,2024,6,5,19
2024-06-05 20:00:00,62.0,18.0,44.0,132.7,21.8,78,13.3,183,1005.3,100,9,1,100,0.0,2182.32,41.7658,-72.6734,2024,6,5,20
2024-06-05 21:00:00,2.0,0.0,2.0,0.0,21.2,81,12.3,183,1005.4,100,1,3,100,0.0,0.0,41.7658,-72.6734,2024,6,5,21
2024-06-05 22:00:00,0.0,0.0,0.0,0.0,20.3,86,10.8,180,1005.4,95,8,3,94,0.0,0.0,41.7658,-72.6734,2024,6,5,22
2024-06-05 23:00:00,0.0,0.0,0.0,0.0,19.7,91,10.8,180,1004.9,100,100,6,100,0.0,0.0,41.7658,-72.6734,2024,6,5,23
2024-06-06 00:00:00,0.0,0.0,0.0,0.0,19.7,93,9.4,173,1004.3,100,100,2,100,0.0,0.0,41.7658,-72.6734,2024,6,6,0
2024-06-06 01:00:00,0.0,0.0,0.0,0.0,19.7,94,8.4,170,1003.4,100,100,0,100,0.0,0.0,41.7658,-72.6734,2024,6,6,1
2024-06-06 02:00:00,0.0,0.0,0.0,0.0,19.8,94,8.8,168,1002.8,100,100,2,100,0.0,0.0,41.7658,-72.6734,2024,6,6,2
2024-06-06 03:00:00,0.0,0.0,0.0,0.0,19.8,94,8.6,165,1001.9,100,100,6,100,0.0,0.0,41.7658,-72.6734,2024,6,6,3
2024-06-06 04:00:00,0.0,0.0,0.0,0.0,19.6,95,8.0,144,1000.9,100,100,53,100,0.0,0.0,41.7658,-72.6734,2024,6,6,4
2024-06-06 05:00:00,0.0,0.0,0.0,0.0,19.6,95,9.4,148,1000.1,100,100,21,100,0.0,0.0,41.7658,-72.6734,2024,6,6,5
2024-06-06 06:00:00,4.0,0.0,4.0,0.0,19.6,95,9.7,141,999.7,100,100,90,100,0.4,0.0,41.7658,-72.6734,2024,6,6,6
2024-06-06 07:00:00,28.0,0.0,28.0,0.0,19.6,96,9.0,119,999.1,100,100,82,100,3.6,0.0,41.7658,-72.6734,2024,6,6,7
2024-06-06 08:00:00,42.0,0.0,42.0,0.0,19.5,96,9.5,101,998.6,100,100,100,100,2.3,0.0,41.7658,-72.6734,2024,6,6,8
2024-06-06 09:00:00,283.0,85.0,198.0,154.8,22.3,82,13.2,125,998.7,100,100,81,100,0.3,2845.33,41.7658,-72.6734,2024,6,6,9
2024-06-06 10:00:00,140.0,3.0,137.0,4.3,22.0,82,9.5,99,998.2,100,100,98,90,0.2,0.0,41.7658,-72.6734,2024,6,6,10
2024-06-06 11:00:00,207.0,8.0,199.0,9.8,22.5,79,11.5,76,997.9,100,100,80,100,0.1,0.0,41.7658,-72.6734,2024,6,6,11
2024-06-06 12:00:00,339.0,56.0,283.0,62.0,23.1,77,9.1,81,997.5,100,100,4,100,0.8,61.5,41.7658,-72.6734,2024,6,6,12
2024-06-06 13:00:00,548.0,226.0,322.0,240.2,24.4,72,9.8,54,996.4,100,31,7,99,0.1,3600.0,41.7658,-72.6734,2024,6,6,13
2024-06-06 14:00:00,614.0,304.0,310.0,326.0,25.6,66,9.2,45,995.4,100,91,2,100,0.0,3600.0,41.7658,-72.6734,2024,6,6,14
2024-06-06 15:00:00,373.0,61.0,312.0,69.4,25.4,65,3.2,63,995.2,100,100,5,94,0.0,283.48,41.7658,-72.6734,2024,6,6,15
2024-06-06 16:00:00,281.0,16.0,265.0,20.5,25.3,66,2.0,135,994.7,90,81,13,39,0.0,0.0,41.7658,-72.6734,2024,6,6,16
2024-06-06 17:00:00,420.0,217.0,203.0,334.0,26.3,63,3.7,209,994.2,89,43,37,73,0.0,3600.0,41.7658,-72.6734,2024,6,6,17
2024-06-06 18:00:00,232.0,92.0,140.0,187.5,25.8,66,6.5,214,994.1,100,84,70,100,0.1,3600.0,41.7658,-72.6734,2024,6,6,18
2024-06-06 19:00:00,76.0,3.0,73.0,9.5,23.2,82,10.2,222,994.7,94,72,79,47,0.7,0.0,41.7658,-72.6734,2024,6,6,19
2024-06-06 20:00:00,40.0,7.0,33.0,51.0,21.6,93,5.4,262,995.1,79,55,49,17,0.7,0.0,41.7658,-72.6734,2024,6,6,20
2024-06-06 21:00:00,2.0,0.0,2.0,0.0,20.9,98,3.4,238,995.8,15,4,12,0,0.5,0.0,41.7658,-72.6734,2024,6,6,21
2024-06-06 22:00:00,0.0,0.0,0.0,0.0,20.3,98,5.1,225,996.3,3,1,2,0,0.0,0.0,41.7658,-72.6734,2024,6,6,22
2024-06-06 23:00:00,0.0,0.0,0.0,0.0,19.9,96,10.8,266,996.4,13,0,13,0,0.0,0.0,41.7658,-72.6734,2024,6,6,23
2024-06-07 00:00:00,0.0,0.0,0.0,0.0,18.8,92,9.8,276,997.0,7,0,7,0,0.0,0.0,41.7658,-72.6734,2024,6,7,0
2024-06-07 01:00:00,0.0,0.0,0.0,0.0,17.9,93,8.4,290,997.0,35,0,35,0,0.0,0.0,41.7658,-72.6734,2024,6,7,1
2024-06-07 02:00:00,0.0,0.0,0.0,0.0,17.5,94,5.8,300,996.8,28,0,28,0,0.0,0.0,41.7658,-72.6734,2024,6,7,2
2024-06-07 03:00:00,0.0,0.0,0.0,0.0,16.9,93,7.1,300,996.5,12,0,12,0,0.0,0.0,41.7658,-72.6734,2024,6,7,3
2024-06-07 04:00:00,0.0,0.0,0.0,0.0,16.4,94,7.1,294,996.7,2,0,2,0,0.0,0.0,41.7658,-72.6734,2024,6,7,4
2024-06-07 05:00:00,0.0,0.0,0.0,0.0,15.9,96,6.8,267,996.9,6,0,6,0,0.0,0.0,41.7658,-72.6734,2024,6,7,5
2024-06-07 06:00:00,16.0,7.0,9.0,97.1,15.9,98,5.9,256,997.3,51,0,51,0,0.0,1305.47,41.7658,-72.6734,2024,6,7,6
2024-06-07 07:00:00,100.0,47.0,53.0,235.0,17.8,94,2.4,243,997.3,100,0,100,0,0.0,3600.0,41.7658,-72.6734,2024,6,7,7
2024-06-07 08:00:00,227.0,104.0,123.0,274.6,19.7,90,1.8,169,997.9,60,0,60,0,0.0,3600.0,41.7658,-72.6734,2024,6,7,8
2024-06-07 09:00:00,219.0,22.0,197.0,40.1,20.9,89,2.4,153,998.2,100,0,100,0,0.0,0.0,41.7658,-72.6734,2024,6,7,9
2024-06-07 10:00:00,206.0,7.0,199.0,10.0,21.2,88,3.0,166,998.1,97,0,97,0,0.0,0.0,41.7658,-72.6734,2024,6,7,10
2024-06-07 11:00:00,369.0,92.0,277.0,112.1,22.5,81,2.5,180,997.9,27,0,27,0,0.0,1563.67,41.7658,-72.6734,2024,6,7,11
2024-06-07 12:00:00,843.0,651.0,192.0,721.0,25.7,57,6.9,208,997.6,22,0,21,0,0.0,3600.0,41.7658,-72.6734,2024,6,7,12
2024-06-07 13:00:00,782.0,612.0,170.0,650.2,26.9,40,12.6,211,997.1,29,0,29,0,0.0,3600.0,41.7658,-72.6734,2024,6,7,13
2024-06-07 14:00:00,809.0,633.0,176.0,678.3,28.2,34,13.0,219,996.5,41,0,41,0,0.0,3600.0,41.7658,-72.6734,2024,6,7,14
2024-06-07 15:00:00,540.0,314.0,226.0,357.2,27.8,30,16.0,239,996.2,100,0,100,0,0.0,3600.0,41.7658,-72.6734,2024,6,7,15
2024-06-07 16:00:00,350.0,139.0,211.0,177.6,26.3,38,15.7,250,996.2,44,0,44,0,0.0,3526.68,41.7658,-72.6734,2024,6,7,16
2024-06-07 17:00:00,501.0,335.0,166.0,514.7,26.9,36,16.2,249,996.0,77,0,77,0,0.0,3600.0,41.7658,-72.6734,2024,6,7,17
2024-06-07 18:00:00,280.0,146.0,134.0,296.7,25.6,42,13.0,275,996.2,46,0,46,0,0.0,3600.0,41.7658,-72.6734,2024,6,7,18
2024-06-07 19:00:00,190.0,97.0,93.0,305.5,23.8,48,11.2,274,996.8,42,0,42,0,0.0,3600.0,41.7658,-72.6734,2024,6,7,19
2024-06-07 20:00:00,64.0,28.0,36.0,201.5,21.5,59,8.1,291,997.9,58,0,58,0,0.0,3600.0,41.7658,-72.6734,2024,6,7,20
2024-06-07 21:00:00,2.0,0.0,2.0,0.0,20.1,61,9.4,302,999.9,87,0,87,0,0.0,0.0,41.7658,-72.6734,2024,6,7,21
2024-06-07 22:00:00,0.0,0.0,0.0,0.0,19.1,68,6.6,292,1000.7,65,0,65,0,0.0,0.0,41.7658,-72.6734,2024,6,7,22
2024-06-07 23:00:00,0.0,0.0,0.0,0.0,17.5,75,7.9,286,1000.9,2,0,2,0,0.0,0.0,41.7658,-72.6734,2024,6,7,23
2024-06-08 00:00:00,0.0,0.0,0.0,0.0,16.3,80,8.7,277,1001.3,0,0,0,0,0.0,0.0,41.7658,-72.6734,2024,6,8,0
2024-06-08 01:00:00,0.0,0.0,0.0,0.0,15.5,82,8.5,282,1001.3,0,0,0,0,0.0,0.0,41.7658,-72.6734,2024,6,8,1
2024-06-08 02:00:00,0.0,0.0,0.0,0.0,14.7,82,7.9,267,1001.0,0,0,0,0,0.0,0.0,41.7658,-72.6734,2024,6,8,2
2024-06-08 03:00:00,0.0,0.0,0.0,0.0,14.0,83,8.3,252,1000.6,0,0,0,0,0.0,0.0,41.7658,-72.6734,2024,6,8,3
2024-06-08 04:00:00,0.0,0.0,0.0,0.0,13.4,83,9.8,242,1000.8,0,0,0,0,0.0,0.0,41.7658,-72.6734,2024,6,8,4
2024-06-08 05:00:00,0.0,0.0,0.0,0.0,13.4,82,9.8,242,1001.1,8,0,8,0,0.0,0.0,41.7658,-72.6734,2024,6,8,5
2024-06-08 06:00:00,16.0,6.0,10.0,83.0,13.8,80,10.0,244,1001.6,10,0,10,0,0.0,949.29,41.7658,-72.6734,2024,6,8,6
2024-06-08 07:00:00,127.0,74.0,53.0,369.4,15.5,77,7.9,240,1002.1,0,0,0,0,0.0,3600.0,41.7658,-72.6734,2024,6,8,7
2024-06-08 08:00:00,304.0,226.0,78.0,596.4,17.5,68,9.7,255,1002.3,1,0,1,0,0.0,3600.0,41.7658,-72.6734,2024,6,8,8
2024-06-08 09:00:00,484.0,387.0,97.0,704.4,19.9,57,11.7,261,1002.0,0,0,0,0,0.0,3600.0,41.7658,-72.6734,2024,6,8,9
2024-06-08 10:00:00,648.0,535.0,113.0,764.2,21.4,51,16.2,274,1001.9,22,13,15,0,0.0,3600.0,41.7658,-72.6734,2024,6,8,10
2024-06-08 11:00:00,720.0,587.0,133.0,715.2,22.3,45,17.5,278,1002.1,31,10,29,0,0.1,3600.0,41.7658,-72.6734,2024,6,8,11
2024-06-08 12:00:00,703.0,539.0,164.0,596.8,22.8,43,19.3,279,1001.9,42,6,42,0,0.1,3600.0,41.7658,-72.6734,2024,6,8,12
2024-06-08 13:00:00,800.0,620.0,180.0,658.4,23.7,44,17.7,283,1001.8,24,5,20,0,0.1,3600.0,41.7658,-72.6734,2024,6,8,13
2024-06-08 14:00:00,732.0,560.0,172.0,599.7,24.4,41,17.5,279,1001.5,28,5,25,0,0.0,3600.0,41.7658,-72.6734,2024,6,8,14
2024-06-08 15:00:00,767.0,613.0,154.0,696.6,24.6,40,20.5,280,1001.4,21,5,17,0,0.0,3600.0,41.7658,-72.6734,2024,6,8,15
2024-06-08 16:00:00,683.0,553.0,130.0,705.5,24.9,38,21.7,285,1001.6,59,2,29,42,0.0,3600.0,41.7658,-72.6734,2024,6,8,16
2024-06-08 17:00:00,503.0,386.0,117.0,592.0,24.5,39,20.7,283,1001.4,94,5,7,94,0.0,3600.0,41.7658,-72.6734,2024,6,8,17
2024-06-08 18:00:00,383.0,242.0,141.0,490.4,23.9,41,18.4,281,1001.6,54,0,29,36,0.0,3600.0,41.7658,-72.6734,2024,6,8,18
2024-06-08 19:00:00,164.0,50.0,114.0,156.7,22.8,47,13.7,270,1002.4,9,1,9,0,0.0,2902.01,41.7658,-72.6734,2024,6,8,19
2024-06-08 20:00:00,82.0,44.0,38.0,313.1,20.8,55,8.6,272,1002.7,14,0,2,12,0.0,3600.0,41.7658,-72.6734,2024,6,8,20
2024-06-08 21:00:00,3.0,0.0,3.0,0.0,18.9,65,6.1,267,1003.0,99,0,0,99,0.0,0.0,41.7658,-72.6734,2024,6,8,21
2024-06-08 22:00:00,0.0,0.0,0.0,0.0,17.7,73,4.1,232,1003.4,0,0,0,0,0.0,0.0,41.7658,-72.6734,2024,6,8,22
2024-06-08 23:00:00,0.0,0.0,0.0,0.0,16.2,78,4.5,256,1003.7,1,0,1,0,0.0,0.0,41.7658,-72.6734,2024,6,8,23
2024-06-09 00:00:00,0.0,0.0,0.0,0.0,15.6,80,7.6,273,1003.9,97,0,97,5,0.0,0.0,41.7658,-72.6734,2024,6,9,0
2024-06-09 01:00:00,0.0,0.0,0.0,0.0,16.1,79,4.6,225,1003.4,52,0,52,0,0.0,0.0,41.7658,-72.6734,2024,6,9,1
2024-06-09 02:00:00,0.0,0.0,0.0,0.0,15.3,85,5.4,270,1003.1,14,0,14,0,0.0,0.0,41.7658,-72.6734,2024,6,9,2
2024-06-09 03:00:00,0.0,0.0,0.0,0.0,15.7,79,1.8,191,1002.2,66,0,66,0,0.0,0.0,41.7658,-72.6734,2024,6,9,3
2024-06-09 04:00:00,0.0,0.0,0.0,0.0,14.8,87,1.4,180,1001.8,77,0,77,1,0.0,0.0,41.7658,-72.6734,2024,6,9,4
2024-06-09 05:00:00,0.0,0.0,0.0,0.0,14.3,88,5.6,165,1001.1,100,0,98,86,0.0,0.0,41.7658,-72.6734,2024,6,9,5
2024-06-09 06:00:00,10.0,2.0,8.0,27.6,14.6,88,5.6,165,1000.7,100,0,98,82,0.0,0.0,41.7658,-72.6734,2024,6,9,6
2024-06-09 07:00:00,44.0,0.0,44.0,0.0,15.6,85,5.1,141,1000.1,95,0,90,47,0.6,0.0,41.7658,-72.6734,2024,6,9,7
2024-06-09 08:00:00,164.0,37.0,127.0,97.6,17.6,78,4.2,110,999.2,91,6,91,1,0.0,1127.59,41.7658,-72.6734,2024,6,9,8
2024-06-09 09:00:00,66.0,0.0,66.0,0.0,16.9,86,9.7,345,997.9,100,14,100,100,0.1,0.0,41.7658,-72.6734,2024,6,9,9
2024-06-09 10:00:00,105.0,0.0,105.0,0.0,15.2,91,14.8,13,997.8,100,11,100,92,1.8,0.0,41.7658,-72.6734,2024,6,9,10
2024-06-09 11:00:00,110.0,2.0,108.0,2.4,15.0,89,9.7,358,997.1,100,21,100,86,0.4,0.0,41.7658,-72.6734,2024,6,9,11
2024-06-09 12:00:00,239.0,22.0,217.0,24.4,15.2,86,13.0,336,997.6,100,100,95,66,0.2,0.0,41.7658,-72.6734,2024,6,9,12
2024-06-09 13:00:00,198.0,0.0,198.0,0.0,15.3,83,14.0,359,997.6,100,100,10,0,0.0,0.0,41.7658,-72.6734,2024,6,9,13
2024-06-09 14:00:00,560.0,144.0,416.0,154.1,18.0,68,7.8,13,997.2,6,3,6,0,0.0,2823.45,41.7658,-72.6734,2024,6,9,14
2024-06-09 15:00:00,851.0,728.0,123.0,826.6,20.8,55,9.2,318,997.0,90,90,24,0,0.0,3600.0,41.7658,-72.6734,2024,6,9,15
2024-06-09 16:00:00,368.0,135.0,233.0,172.0,21.4,51,9.2,301,996.7,25,9,24,0,0.0,3360.71,41.7658,-72.6734,2024,6,9,16
2024-06-09 17:00:00,575.0,456.0,119.0,698.2,22.1,49,13.3,289,996.2,14,0,14,0,0.0,3600.0,41.7658,-72.6734,2024,6,9,17
2024-06-09 18:00:00,372.0,267.0,105.0,539.6,22.1,46,13.1,286,996.2,12,3,11,0,0.0,3600.0,41.7658,-72.6734,2024,6,9,18
2024-06-09 19:00:00,233.0,163.0,70.0,508.7,21.1,50,11.2,303,996.7,8,1,8,0,0.0,3600.0,41.7658,-72.6734,2024,6,9,19
2024-06-09 20:00:00,80.0,44.0,36.0,309.7,18.9,57,10.2,312,997.3,4,0,4,0,0.0,3600.0,41.7658,-72.6734,2024,6,9,20
2024-06-09 21:00:00,3.0,1.0,2.0,19.1,16.7,65,7.0,291,998.2,3,0,3,0,0.0,0.0,41.7658,-72.6734,2024,6,9,21
2024-06-09 22:00:00,0.0,0.0,0.0,0.0,15.8,69,8.9,256,998.5,58,0,58,0,0.0,0.0,41.7658,-72.6734,2024,6,9,22
2024-06-09 23:00:00,0.0,0.0,0.0,0.0,15.2,72,8.6,248,998.4,11,0,10,0,0.0,0.0,41.7658,-72.6734,2024,6,9,23
2024-06-10 00:00:00,0.0,0.0,0.0,0.0,14.3,74,9.0,254,998.2,32,0,31,5,0.0,0.0,41.7658,-72.6734,2024,6,10,0
2024-06-10 01:00:00,0.0,0.0,0.0,0.0,14.0,75,7.6,251,997.8,87,1,76,69,0.0,0.0,41.7658,-72.6734,2024,6,10,1
2024-06-10 02:00:00,0.0,0.0,0.0,0.0,14.2,74,8.3,252,997.6,48,0,47,7,0.0,0.0,41.7658,-72.6734,2024,6,10,2
2024-06-10 03:00:00,0.0,0.0,0.0,0.0,13.9,75,7.2,264,997.6,38,10,38,0,0.0,0.0,41.7658,-72.6734,2024,6,10,3
2024-06-10 04:00:00,0.0,0.0,0.0,0.0,13.4,79,7.6,289,997.7,15,12,6,0,0.0,0.0,41.7658,-72.6734,2024,6,10,4
2024-06-10 05:00:00,0.0,0.0,0.0,0.0,13.0,80,9.0,265,997.6,0,0,0,0,0.0,0.0,41.7658,-72.6734,2024,6,10,5
2024-06-10 06:00:00,17.0,7.0,10.0,96.5,13.0,82,8.7,275,997.9,0,0,0,0,0.0,1298.59,41.7658,-72.6734,2024,6,10,6
2024-06-10 07:00:00,135.0,85.0,50.0,423.2,14.7,78,4.4,279,998.6,0,0,0,0,0.0,3600.0,41.7658,-72.6734,2024,6,10,7
2024-06-10 08:00:00,310.0,234.0,76.0,617.0,16.5,69,5.4,318,999.1,2,2,0,0,0.0,3600.0,41.7658,-72.6734,2024,6,10,8
2024-06-10 09:00:00,496.0,402.0,94.0,731.4,18.3,60,11.2,315,998.9,38,38,0,0,0.0,3600.0,41.7658,-72.6734,2024,6,10,9
2024-06-10 10:00:00,591.0,433.0,158.0,618.3,20.0,52,10.2,315,998.9,52,42,0,18,0.0,3600.0,41.7658,-72.6734,2024,6,10,10
2024-06-10 11:00:00,667.0,474.0,193.0,577.3,21.6,46,11.0,311,998.7,100,100,66,23,0.0,3600.0,41.7658,-72.6734,2024,6,10,11
2024-06-10 12:00:00,700.0,344.0,356.0,380.7,22.7,42,10.8,300,998.5,100,0,100,1,0.0,3600.0,41.7658,-72.6734,2024,6,10,12
2024-06-10 13:00:00,557.0,197.0,360.0,209.0,23.0,40,12.7,295,998.4,100,0,100,0,0.0,3600.0,41.7658,-72.6734,2024,6,10,13
2024-06-10 14:00:00,372.0,45.0,327.0,48.1,21.9,45,14.5,297,998.9,28,17,13,0,0.0,0.0,41.7658,-72.6734,2024,6,10,14
2024-06-10 15:00:00,631.0,363.0,268.0,411.8,23.3,42,11.5,270,999.1,74,1,74,0,0.0,3600.0,41.7658,-72.6734,2024,6,10,15
2024-06-10 16:00:00,413.0,121.0,292.0,154.0,22.9,44,12.6,270,999.3,67,5,67,0,0.0,2820.2,41.7658,-72.6734,2024,6,10,16
2024-06-10 17:00:00,391.0,179.0,212.0,273.6,23.1,44,12.6,272,999.5,36,5,36,0,0.0,3600.0,41.7658,-72.6734,2024,6,10,17
2024-06-10 18:00:00,281.0,143.0,138.0,288.3,22.3,47,13.8,303,999.9,68,22,67,0,0.0,3600.0,41.7658,-72.6734,2024,6,10,18
2024-06-10 19:00:00,183.0,99.0,84.0,307.6,20.5,58,11.2,315,1000.7,28,5,27,0,0.0,3600.0,41.7658,-72.6734,2024,6,10,19
2024-06-10 20:00:00,78.0,37.0,41.0,257.8,18.8,66,8.4,320,1001.6,37,6,36,0,0.0,3600.0,41.7658,-72.6734,2024,6,10,20
2024-06-10 21:00:00,3.0,1.0,2.0,19.1,16.8,73,7.6,329,1002.9,23,6,23,0,0.0,0.0,41.7658,-72.6734,2024,6,10,21
2024-06-10 22:00:00,0.0,0.0,0.0,0.0,15.6,78,8.0,352,1004.0,28,5,28,0,0.0,0.0,41.7658,-72.6734,2024,6,10,22
2024-06-10 23:00:00,0.0,0.0,0.0,0.0,14.8,77,8.6,358,1004.8,31,6,30,0,0.0,0.0,41.7658,-72.6734,2024,6,10,23
2024-06-11 00:00:00,0.0,0.0,0.0,0.0,14.1,77,7.8,338,1005.4,12,2,12,0,0.0,0.0,41.7658,-72.6734,2024,6,11,0
2024-06-11 01:00:00,0.0,0.0,0.0,0.0,13.6,79,5.9,317,1005.9,4,1,3,0,0.0,0.0,41.7658,-72.6734,2024,6,11,1
2024-06-11 02:00:00,0.0,0.0,0.0,0.0,12.9,85,4.5,284,1006.2,11,10,1,0,0.0,0.0,41.7658,-72.6734,2024,6,11,2
2024-06-11 03:00:00,0.0,0.0,0.0,0.0,12.8,84,4.7,270,1006.6,18,17,1,0,0.0,0.0,41.7658,-72.6734,2024,6,11,3
2024-06-11 04:00:00,0.0,0.0,0.0,0.0,12.3,88,3.6,264,1006.9,54,11,2,48,0.0,0.0,41.7658,-72.6734,2024,6,11,4
2024-06-11 05:00:00,0.0,0.0,0.0,0.0,12.2,88,3.6,264,1007.5,75,10,1,72,0.0,0.0,41.7658,-72.6734,2024,6,11,5
2024-06-11 06:00:00,16.0,4.0,12.0,55.1,12.6,87,5.5,281,1008.0,9,5,1,3,0.0,235.55,41.7658,-72.6734,2024,6,11,6
2024-06-11 07:00:00,127.0,71.0,56.0,353.3,14.2,81,3.8,311,1008.7,21,1,1,20,0.0,3600.0,41.7658,-72.6734,2024,6,11,7
2024-06-11 08:00:00,296.0,210.0,86.0,553.6,16.0,74,4.3,355,1009.0,94,0,3,94,0.0,3600.0,41.7658,-72.6734,2024,6,11,8
2024-06-11 09:00:00,466.0,344.0,122.0,625.9,18.1,66,6.1,357,1009.1,45,17,0,33,0.0,3600.0,41.7658,-72.6734,2024,6,11,9
2024-06-11 10:00:00,524.0,336.0,188.0,479.8,19.3,60,4.0,360,1009.2,100,99,0,89,0.0,3600.0,41.7658,-72.6734,2024,6,11,10
2024-06-11 11:00:00,327.0,46.0,281.0,56.0,19.5,59,2.2,351,1009.3,100,100,0,66,0.0,0.0,41.7658,-72.6734,2024,6,11,11
2024-06-11 12:00:00,486.0,147.0,339.0,162.6,20.7,55,1.6,297,1009.3,100,100,47,100,0.0,3079.22,41.7658,-72.6734,2024,6,11,12
2024-06-11 13:00:00,377.0,43.0,334.0,45.6,21.1,54,1.6,297,1009.3,100,100,92,100,0.0,0.0,41.7658,-72.6734,2024,6,11,13
2024-06-11 14:00:00,382.0,58.0,324.0,62.0,21.5,52,3.1,315,1009.2,100,100,88,100,0.0,60.19,41.7658,-72.6734,2024,6,11,14
2024-06-11 15:00:00,372.0,63.0,309.0,71.4,21.9,50,2.9,270,1009.3,100,61,100,96,0.0,342.64,41.7658,-72.6734,2024,6,11,15
2024-06-11 16:00:00,432.0,93.0,339.0,118.2,22.4,50,2.2,279,1008.9,79,34,51,42,0.0,1747.16,41.7658,-72.6734,2024,6,11,16
2024-06-11 17:00:00,394.0,210.0,184.0,320.5,22.6,48,3.4,328,1008.6,67,11,61,12,0.0,3600.0,41.7658,-72.6734,2024,6,11,17
2024-06-11 18:00:00,297.0,143.0,154.0,287.6,22.3,49,4.2,340,1008.3,49,10,37,10,0.0,3600.0,41.7658,-72.6734,2024,6,11,18
2024-06-11 19:00:00,181.0,87.0,94.0,269.2,21.5,56,3.2,27,1008.7,56,24,11,38,0.0,3600.0,41.7658,-72.6734,2024,6,11,19
2024-06-11 20:00:00,74.0,28.0,46.0,193.2,19.8,75,3.4,32,1009.3,93,8,7,92,0.0,3600.0,41.7658,-72.6734,2024,6,11,20
2024-06-11 21:00:00,4.0,0.0,4.0,0.0,17.6,73,8.2,319,1010.2,99,9,7,99,0.0,0.0,41.7658,-72.6734,2024,6,11,21
2024-06-11 22:00:00,0.0,0.0,0.0,0.0,16.4,75,8.9,317,1011.1,21,6,19,3,0.0,0.0,41.7658,-72.6734,2024,6,11,22
2024-06-11 23:00:00,0.0,0.0,0.0,0.0,15.5,79,6.9,321,1011.3,15,8,14,0,0.0,0.0,41.7658,-72.6734,2024,6,11,23
2024-06-12 00:00:00,0.0,0.0,0.0,0.0,14.5,86,4.6,315,1011.7,18,17,13,0,0.0,0.0,41.7658,-72.6734,2024,6,12,0
2024-06-12 01:00:00,0.0,0.0,0.0,0.0,13.7,90,5.7,288,1012.0,21,21,1,0,0.0,0.0,41.7658,-72.6734,2024,6,12,1
2024-06-12 02:00:00,0.0,0.0,0.0,0.0,13.5,91,5.4,307,1012.0,4,4,0,0,0.0,0.0,41.7658,-72.6734,2024,6,12,2
2024-06-12 03:00:00,0.0,0.0,0.0,0.0,12.9,93,5.7,325,1011.9,18,6,15,0,0.0,0.0,41.7658,-72.6734,2024,6,12,3
2024-06-12 04:00:00,0.0,0.0,0.0,0.0,12.6,95,6.4,344,1011.8,0,0,0,0,0.0,0.0,41.7658,-72.6734,2024,6,12,4
2024-06-12 05:00:00,0.0,0.0,0.0,0.0,12.6,95,5.5,349,1012.1,2,2,0,0,0.0,0.0,41.7658,-72.6734,2024,6,12,5
2024-06-12 06:00:00,16.0,6.0,10.0,82.6,13.0,96,3.6,315,1012.3,3,0,3,0,0.0,943.61,41.7658,-72.6734,2024,6,12,6
2024-06-12 07:00:00,128.0,73.0,55.0,363.1,14.7,86,2.8,320,1012.6,0,0,0,0,0.0,3600.0,41.7658,-72.6734,2024,6,12,7
2024-06-12 08:00:00,297.0,214.0,83.0,564.2,16.9,77,2.2,351,1012.9,0,0,0,0,0.0,3600.0,41.7658,-72.6734,2024,6,12,8
2024-06-12 09:00:00,477.0,375.0,102.0,682.4,19.9,66,4.7,356,1012.7,0,0,0,0,0.0,3600.0,41.7658,-72.6734,2024,6,12,9
2024-06-12 10:00:00,639.0,524.0,115.0,748.3,21.7,58,4.0,350,1012.5,24,24,0,0,0.0,3600.0,41.7658,-72.6734,2024,6,12,10
2024-06-12 11:00:00,674.0,489.0,185.0,595.5,22.9,52,2.9,277,1012.3,23,20,15,0,0.0,3600.0,41.7658,-72.6734,2024,6,12,11
2024-06-12 12:00:00,584.0,323.0,261.0,357.3,23.6,48,5.8,270,1012.0,60,58,36,0,0.0,3600.0,41.7658,-72.6734,2024,6,12,12
2024-06-12 13:00:00,720.0,434.0,286.0,460.2,24.4,46,7.9,270,1011.7,37,5,32,3,0.1,3600.0,41.7658,-72.6734,2024,6,12,13
2024-06-12 14:00:00,685.0,437.0,248.0,467.0,24.9,44,8.3,270,1011.1,28,4,20,6,0.2,3600.0,41.7658,-72.6734,2024,6,12,14
2024-06-12 15:00:00,715.0,492.0,223.0,557.4,25.8,40,6.8,273,1010.4,99,0,53,98,0.0,3600.0,41.7658,-72.6734,2024,6,12,15
2024-06-12 16:00:00,623.0,353.0,270.0,448.3,26.2,37,8.4,260,1010.0,100,0,62,100,0.0,3600.0,41.7658,-72.6734,2024,6,12,16
2024-06-12 17:00:00,421.0,212.0,209.0,323.0,25.3,39,12.3,267,1009.7,100,0,99,99,0.0,3600.0,41.7658,-72.6734,2024,6,12,17
2024-06-12 18:00:00,338.0,172.0,166.0,345.1,24.4,42,13.4,276,1009.8,88,3,7,87,0.0,3600.0,41.7658,-72.6734,2024,6,12,18
2024-06-12 19:00:00,220.0,126.0,94.0,388.4,23.1,49,10.2,293,1010.3,39,5,9,32,0.0,3600.0,41.7658,-72.6734,2024,6,12,19
2024-06-12 20:00:00,77.0,35.0,42.0,239.4,20.9,60,7.5,305,1010.8,14,5,9,2,0.0,3600.0,41.7658,-72.6734,2024,6,12,20
2024-06-12 21:00:00,3.0,1.0,2.0,19.1,19.0,66,8.4,260,1011.4,34,6,29,1,0.0,0.0,41.7658,-72.6734,2024,6,12,21
2024-06-12 22:00:00,0.0,0.0,0.0,0.0,17.9,70,6.2,263,1012.2,30,3,29,0,0.0,0.0,41.7658,-72.6734,2024,6,12,22
2024-06-12 23:00:00,0.0,0.0,0.0,0.0,16.8,77,5.0,291,1012.5,10,0,10,0,0.0,0.0,41.7658,-72.6734,2024,6,12,23
2024-06-13 00:00:00,0.0,0.0,0.0,0.0,15.4,87,6.6,311,1012.4,0,0,0,0,0.0,0.0,41.7658,-72.6734,2024,6,13,0
2024-06-13 01:00:00,0.0,0.0,0.0,0.0,14.8,88,3.8,229,1012.4,0,0,0,0,0.0,0.0,41.7658,-72.6734,2024,6,13,1
2024-06-13 02:00:00,0.0,0.0,0.0,0.0,14.4,89,5.7,198,1012.2,0,0,0,0,0.0,0.0,41.7658,-72.6734,2024,6,13,2
2024-06-13 03:00:00,0.0,0.0,0.0,0.0,13.9,90,4.9,216,1012.2,0,0,0,0,0.0,0.0,41.7658,-72.6734,2024,6,13,3
2024-06-13 04:00:00,0.0,0.0,0.0,0.0,13.0,93,5.6,207,1011.9,0,0,0,0,0.0,0.0,41.7658,-72.6734,2024,6,13,4
2024-06-13 05:00:00,0.0,0.0,0.0,0.0,12.6,96,4.4,215,1012.3,52,0,0,52,0.0,0.0,41.7658,-72.6734,2024,6,13,5
2024-06-13 06:00:00,17.0,6.0,11.0,82.6,13.2,95,2.3,198,1012.5,95,0,0,95,0.0,944.21,41.7658,-72.6734,2024,6,13,6
2024-06-13 07:00:00,126.0,64.0,62.0,318.4,15.0,88,3.3,174,1012.9,99,0,0,99,0.0,3600.0,41.7658,-72.6734,2024,6,13,7
2024-06-13 08:00:00,292.0,198.0,94.0,522.2,17.7,77,2.9,187,1013.1,39,0,0,39,0.0,3600.0,41.7658,-72.6734,2024,6,13,8
2024-06-13 09:00:00,486.0,392.0,94.0,713.5,21.0,67,2.2,180,1012.8,67,0,0,67,0.0,3600.0,41.7658,-72.6734,2024,6,13,9
2024-06-13 10:00:00,652.0,543.0,109.0,775.5,23.7,55,4.0,185,1012.5,58,0,0,58,0.0,3600.0,41.7658,-72.6734,2024,6,13,10
2024-06-13 11:00:00,789.0,664.0,125.0,808.6,25.9,46,5.2,192,1012.1,67,0,0,67,0.0,3600.0,41.7658,-72.6734,2024,6,13,11
2024-06-13 12:00:00,884.0,753.0,131.0,832.9,27.4,41,6.0,197,1011.6,98,1,2,98,0.0,3600.0,41.7658,-72.6734,2024,6,13,12
2024-06-13 13:00:00,928.0,781.0,147.0,827.9,28.6,37,7.3,189,1010.6,40,0,0,40,0.0,3600.0,41.7658,-72.6734,2024,6,13,13
2024-06-13 14:00:00,922.0,787.0,135.0,840.6,29.7,33,9.4,203,1010.1,3,0,0,3,0.0,3600.0,41.7658,-72.6734,2024,6,13,14
2024-06-13 15:00:00,874.0,769.0,105.0,870.6,30.7,29,14.3,221,1009.7,4,0,4,0,0.0,3600.0,41.7658,-72.6734,2024,6,13,15
2024-06-13 16:00:00,721.0,594.0,127.0,753.7,29.3,35,19.3,194,1009.4,30,0,30,0,0.0,3600.0,41.7658,-72.6734,2024,6,13,16
2024-06-13 17:00:00,488.0,335.0,153.0,509.7,26.4,47,24.5,178,1009.4,8,0,8,0,0.0,3600.0,41.7658,-72.6734,2024,6,13,17
2024-06-13 18:00:00,397.0,288.0,109.0,576.7,26.0,47,23.0,190,1009.4,62,0,30,46,0.0,3600.0,41.7658,-72.6734,2024,6,13,18
2024-06-13 19:00:00,218.0,127.0,91.0,390.1,25.0,50,19.8,196,1009.8,17,0,4,14,0.0,3600.0,41.7658,-72.6734,2024,6,13,19
2024-06-13 20:00:00,86.0,48.0,38.0,325.5,22.9,57,17.0,197,1010.6,0,0,0,0,0.0,3600.0,41.7658,-72.6734,2024,6,13,20
2024-06-13 21:00:00,4.0,1.0,3.0,19.1,21.9,59,15.3,188,1010.5,1,0,1,0,0.0,0.0,41.7658,-72.6734,2024,6,13,21
2024-06-13 22:00:00,0.0,0.0,0.0,0.0,20.6,70,14.8,194,1010.6,0,0,0,0,0.0,0.0,41.7658,-72.6734,2024,6,13,22
2024-06-13 23:00:00,0.0,0.0,0.0,0.0,19.6,77,12.6,193,1010.3,0,0,0,0,0.0,0.0,41.7658,-72.6734,2024,6,13,23
2024-06-14 00:00:00,0.0,0.0,0.0,0.0,18.9,78,12.5,192,1010.2,0,0,0,0,0.0,0.0,41.7658,-72.6734,2024,6,14,0
2024-06-14 01:00:00,0.0,0.0,0.0,0.0,18.6,78,13.1,189,1009.8,1,0,1,0,0.0,0.0,41.7658,-72.6734,2024,6,14,1
2024-06-14 02:00:00,0.0,0.0,0.0,0.0,18.3,80,12.8,191,1009.2,1,0,1,0,0.0,0.0,41.7658,-72.6734,2024,6,14,2
2024-06-14 03:00:00,0.0,0.0,0.0,0.0,18.1,82,12.8,196,1008.9,0,0,0,0,0.0,0.0,41.7658,-72.6734,2024,6,14,3
2024-06-14 04:00:00,0.0,0.0,0.0,0.0,17.9,85,12.7,188,1008.6,0,0,0,0,0.0,0.0,41.7658,-72.6734,2024,6,14,4
2024-06-14 05:00:00,0.0,0.0,0.0,0.0,17.7,88,11.4,191,1008.5,0,0,0,0,0.0,0.0,41.7658,-72.6734,2024,6,14,5
2024-06-14 06:00:00,16.0,6.0,10.0,82.6,18.0,88,13.1,189,1008.7,17,0,0,17,0.0,945.55,41.7658,-72.6734,2024,6,14,6
2024-06-14 07:00:00,126.0,74.0,52.0,368.4,19.6,83,10.9,189,1008.5,40,0,0,40,0.0,3600.0,41.7658,-72.6734,2024,6,14,7
2024-06-14 08:00:00,291.0,207.0,84.0,546.2,21.6,76,12.2,194,1008.9,54,0,0,54,0.0,3600.0,41.7658,-72.6734,2024,6,14,8
2024-06-14 09:00:00,462.0,347.0,115.0,631.8,24.2,70,12.8,196,1008.3,31,5,10,19,0.0,3600.0,41.7658,-72.6734,2024,6,14,9
2024-06-14 10:00:00,603.0,465.0,138.0,664.3,25.8,64,13.7,194,1007.9,80,1,79,3,0.0,3600.0,41.7658,-72.6734,2024,6,14,10
2024-06-14 11:00:00,419.0,135.0,284.0,164.4,26.3,62,13.7,198,1007.9,52,4,28,32,0.0,3132.68,41.7658,-72.6734,2024,6,14,11
2024-06-14 12:00:00,626.0,363.0,263.0,401.5,25.9,65,12.8,238,1008.2,95,22,93,11,0.7,3600.0,41.7658,-72.6734,2024,6,14,12
2024-06-14 13:00:00,325.0,93.0,232.0,98.6,26.0,64,10.2,219,1007.4,100,0,100,100,0.1,1156.99,41.7658,-72.6734,2024,6,14,13
2024-06-14 14:00:00,364.0,78.0,286.0,83.3,26.6,59,9.2,222,1006.9,99,0,10,98,0.0,698.33,41.7658,-72.6734,2024,6,14,14
2024-06-14 15:00:00,715.0,401.0,314.0,453.7,28.7,53,9.7,228,1006.4,100,9,17,100,0.0,3600.0,41.7658,-72.6734,2024,6,14,15
2024-06-14 16:00:00,198.0,14.0,184.0,17.7,22.7,81,14.0,244,1007.0,100,0,97,100,0.8,0.0,41.7658,-72.6734,2024,6,14,16
2024-06-14 17:00:00,106.0,0.0,106.0,0.0,22.0,86,4.9,253,1006.7,100,13,93,96,0.1,0.0,41.7658,-72.6734,2024,6,14,17
2024-06-14 18:00:00,198.0,28.0,170.0,55.9,23.0,81,3.8,197,1006.0,100,0,99,100,0.0,0.0,41.7658,-72.6734,2024,6,14,18
2024-06-14 19:00:00,85.0,9.0,76.0,27.6,22.4,86,5.5,157,1006.6,100,9,40,100,0.0,0.0,41.7658,-72.6734,2024,6,14,19
2024-06-14 20:00:00,30.0,0.0,30.0,0.0,21.9,91,8.9,166,1006.7,100,10,100,100,0.2,0.0,41.7658,-72.6734,2024,6,14,20
2024-06-14 21:00:00,2.0,0.0,2.0,0.0,19.6,95,15.8,153,1007.1,100,4,88,100,0.1,0.0,41.7658,-72.6734,2024,6,14,21
2024-06-14 22:00:00,0.0,0.0,0.0,0.0,18.9,96,6.1,177,1007.6,100,4,100,100,0.5,0.0,41.7658,-72.6734,2024,6,14,22
2024-06-14 23:00:00,0.0,0.0,0.0,0.0,18.8,98,5.2,146,1007.6,100,0,97,99,0.4,0.0,41.7658,-72.6734,2024,6,14,23
2024-06-15 00:00:00,0.0,0.0,0.0,0.0,18.7,99,5.2,282,1007.5,100,9,100,100,0.0,0.0,41.7658,-72.6734,2024,6,15,0
2024-06-15 01:00:00,0.0,0.0,0.0,0.0,18.7,99,4.1,232,1007.1,98,10,97,44,0.0,0.0,41.7658,-72.6734,2024,6,15,1
2024-06-15 02:00:00,0.0,0.0,0.0,0.0,18.8,99,3.3,193,1006.9,92,6,88,47,0.0,0.0,41.7658,-72.6734,2024,6,15,2
2024-06-15 03:00:00,0.0,0.0,0.0,0.0,17.9,97,7.1,311,1007.0,68,0,65,16,0.0,0.0,41.7658,-72.6734,2024,6,15,3
2024-06-15 04:00:00,0.0,0.0,0.0,0.0,17.2,89,12.0,344,1007.3,9,0,9,1,0.0,0.0,41.7658,-72.6734,2024,6,15,4
2024-06-15 05:00:00,0.0,0.0,0.0,0.0,16.0,91,11.4,349,1008.1,14,0,14,0,0.0,0.0,41.7658,-72.6734,2024,6,15,5
2024-06-15 06:00:00,16.0,6.0,10.0,82.7,15.9,90,12.3,355,1009.0,0,0,0,0,0.0,947.64,41.7658,-72.6734,2024,6,15,6
2024-06-15 07:00:00,131.0,81.0,50.0,403.6,16.7,88,14.8,357,1009.7,0,0,0,0,0.0,3600.0,41.7658,-72.6734,2024,6,15,7
2024-06-15 08:00:00,301.0,223.0,78.0,588.8,18.2,76,15.1,359,1010.6,0,0,0,0,0.0,3600.0,41.7658,-72.6734,2024,6,15,8
2024-06-15 09:00:00,482.0,386.0,96.0,703.1,20.6,60,14.0,359,1010.7,6,0,6,0,0.0,3600.0,41.7658,-72.6734,2024,6,15,9
2024-06-15 10:00:00,650.0,539.0,111.0,770.2,22.0,50,15.5,360,1010.8,0,0,0,0,0.0,3600.0,41.7658,-72.6734,2024,6,15,10
2024-06-15 11:00:00,803.0,691.0,112.0,841.7,23.1,40,15.9,355,1011.0,0,0,0,0,0.0,3600.0,41.7658,-72.6734,2024,6,15,11
2024-06-15 12:00:00,908.0,793.0,115.0,877.1,23.6,34,15.5,356,1011.3,0,0,0,0,0.0,3600.0,41.7658,-72.6734,2024,6,15,12
2024-06-15 13:00:00,960.0,846.0,114.0,896.5,24.0,33,15.7,349,1011.5,0,0,0,0,0.0,3600.0,41.7658,-72.6734,2024,6,15,13
2024-06-15 14:00:00,951.0,837.0,114.0,893.3,24.4,34,15.6,341,1011.5,0,0,0,0,0.0,3600.0,41.7658,-72.6734,2024,6,15,14
2024-06-15 15:00:00,886.0,774.0,112.0,875.2,24.3,35,16.9,336,1011.4,3,1,3,0,0.0,3600.0,41.7658,-72.6734,2024,6,15,15
2024-06-15 16:00:00,770.0,657.0,113.0,832.1,24.6,36,13.5,344,1011.3,5,0,5,0,0.0,3600.0,41.7658,-72.6734,2024,6,15,16
2024-06-15 17:00:00,613.0,507.0,106.0,769.4,24.6,35,12.7,345,1011.3,3,0,3,0,0.0,3600.0,41.7658,-72.6734,2024,6,15,17
2024-06-15 18:00:00,439.0,348.0,91.0,694.1,24.7,34,8.4,335,1011.4,3,0,3,0,0.0,3600.0,41.7658,-72.6734,2024,6,15,18
2024-06-15 19:00:00,257.0,188.0,69.0,573.7,23.3,47,5.4,318,1011.8,2,0,2,0,0.0,3600.0,41.7658,-72.6734,2024,6,15,19
2024-06-15 20:00:00,92.0,54.0,38.0,360.7,20.7,60,5.0,339,1012.8,0,0,0,0,0.0,3600.0,41.7658,-72.6734,2024,6,15,20
2024-06-15 21:00:00,5.0,1.0,4.0,19.1,18.4,67,6.4,333,1013.7,2,0,2,0,0.0,0.0,41.7658,-72.6734,2024,6,15,21
2024-06-15 22:00:00,0.0,0.0,0.0,0.0,17.3,69,5.8,338,1014.8,0,0,0,0,0.0,0.0,41.7658,-72.6734,2024,6,15,22
2024-06-15 23:00:00,0.0,0.0,0.0,0.0,16.0,71,10.4,2,1015.9,0,0,0,0,0.0,0.0,41.7658,-72.6734,2024,6,15,23
2024-06-16 00:00:00,0.0,0.0,0.0,0.0,15.0,74,9.8,8,1016.7,0,0,0,0,0.0,0.0,41.7658,-72.6734,2024,6,16,0
2024-06-16 01:00:00,0.0,0.0,0.0,0.0,14.4,72,11.7,11,1017.3,0,0,0,0,0.0,0.0,41.7658,-72.6734,2024,6,16,1
2024-06-16 02:00:00,0.0,0.0,0.0,0.0,13.7,72,9.3,16,1017.6,0,0,0,0,0.0,0.0,41.7658,-72.6734,2024,6,16,2
2024-06-16 03:00:00,0.0,0.0,0.0,0.0,12.8,75,8.1,13,1017.9,8,0,0,8,0.0,0.0,41.7658,-72.6734,2024,6,16,3
2024-06-16 04:00:00,0.0,0.0,0.0,0.0,12.1,78,8.4,7,1018.4,82,0,0,82,0.0,0.0,41.7658,-72.6734,2024,6,16,4
2024-06-16 05:00:00,0.0,0.0,0.0,0.0,11.4,81,8.6,15,1018.8,85,0,0,85,0.0,0.0,41.7658,-72.6734,2024,6,16,5
2024-06-16 06:00:00,18.0,7.0,11.0,96.7,11.3,83,8.3,2,1019.9,100,0,0,100,0.0,1305.81,41.7658,-72.6734,2024,6,16,6
2024-06-16 07:00:00,135.0,82.0,53.0,409.1,12.8,78,6.2,7,1020.7,57,0,0,57,0.0,3600.0,41.7658,-72.6734,2024,6,16,7
2024-06-16 08:00:00,314.0,237.0,77.0,626.2,15.0,68,6.4,16,1021.2,9,0,0,9,0.0,3600.0,41.7658,-72.6734,2024,6,16,8
2024-06-16 09:00:00,495.0,393.0,102.0,716.2,17.4,55,7.4,14,1021.5,45,0,0,45,0.0,3600.0,41.7658,-72.6734,2024,6,16,9
2024-06-16 10:00:00,670.0,561.0,109.0,801.9,19.1,45,5.5,23,1021.4,16,0,0,16,0.0,3600.0,41.7658,-72.6734,2024,6,16,10
2024-06-16 11:00:00,813.0,696.0,117.0,848.0,20.5,41,3.0,14,1021.2,24,0,0,24,0.0,3600.0,41.7658,-72.6734,2024,6,16,11
2024-06-16 12:00:00,912.0,795.0,117.0,879.3,21.8,39,1.8,11,1020.8,1,0,0,1,0.0,3600.0,41.7658,-72.6734,2024,6,16,12
2024-06-16 13:00:00,960.0,844.0,116.0,894.2,22.8,37,1.6,333,1020.2,47,0,0,47,0.0,3600.0,41.7658,-72.6734,2024,6,16,13
2024-06-16 14:00:00,934.0,775.0,159.0,826.9,23.7,35,1.9,248,1019.4,67,0,0,67,0.0,3600.0,41.7658,-72.6734,2024,6,16,14
2024-06-16 15:00:00,856.0,683.0,173.0,771.9,24.2,35,4.0,185,1018.9,100,0,0,100,0.0,3600.0,41.7658,-72.6734,2024,6,16,15
2024-06-16 16:00:00,758.0,615.0,143.0,778.3,24.2,37,5.9,169,1018.6,99,0,0,99,0.0,3600.0,41.7658,-72.6734,2024,6,16,16
2024-06-16 17:00:00,570.0,390.0,180.0,591.2,24.0,38,5.4,143,1018.0,17,0,0,17,0.0,3600.0,41.7658,-72.6734,2024,6,16,17
2024-06-16 18:00:00,436.0,343.0,93.0,682.9,24.1,39,7.7,169,1017.8,50,0,25,48,0.0,3600.0,41.7658,-72.6734,2024,6,16,18
2024-06-16 19:00:00,222.0,118.0,104.0,359.0,21.5,52,14.8,181,1018.2,74,0,72,14,0.0,3600.0,41.7658,-72.6734,2024,6,16,19
2024-06-16 20:00:00,68.0,21.0,47.0,139.3,19.3,58,13.0,177,1018.7,79,0,25,78,0.0,2380.47,41.7658,-72.6734,2024,6,16,20
2024-06-16 21:00:00,4.0,1.0,3.0,19.1,17.4,64,11.9,178,1019.3,67,0,5,66,0.0,0.0,41.7658,-72.6734,2024,6,16,21
2024-06-16 22:00:00,0.0,0.0,0.0,0.0,16.3,71,10.8,184,1019.9,97,0,8,97,0.0,0.0,41.7658,-72.6734,2024,6,16,22
2024-06-16 23:00:00,0.0,0.0,0.0,0.0,15.9,77,9.0,180,1019.6,100,0,7,100,0.0,0.0,41.7658,-72.6734,2024,6,16,23
2024-06-17 00:00:00,0.0,0.0,0.0,0.0,14.8,84,9.0,185,1019.6,100,0,1,100,0.0,0.0,41.7658,-72.6734,2024,6,17,0
2024-06-17 01:00:00,0.0,0.0,0.0,0.0,14.5,89,9.1,189,1019.6,100,0,0,100,0.0,0.0,41.7658,-72.6734,2024,6,17,1
2024-06-17 02:00:00,0.0,0.0,0.0,0.0,14.1,93,7.8,193,1019.6,100,0,0,100,0.0,0.0,41.7658,-72.6734,2024,6,17,2
2024-06-17 03:00:00,0.0,0.0,0.0,0.0,13.9,96,7.7,191,1019.5,100,0,0,100,0.0,0.0,41.7658,-72.6734,2024,6,17,3
2024-06-17 04:00:00,0.0,0.0,0.0,0.0,13.9,97,7.3,191,1019.1,100,0,9,100,0.0,0.0,41.7658,-72.6734,2024,6,17,4
2024-06-17 05:00:00,0.0,0.0,0.0,0.0,13.8,97,7.4,194,1019.3,100,0,9,100,0.0,0.0,41.7658,-72.6734,2024,6,17,5
2024-06-17 06:00:00,13.0,0.0,13.0,0.0,14.3,97,6.6,167,1019.4,99,0,0,99,0.0,0.0,41.7658,-72.6734,2024,6,17,6
2024-06-17 07:00:00,110.0,38.0,72.0,189.9,16.0,91,5.1,188,1019.8,1,0,0,1,0.0,3600.0,41.7658,-72.6734,2024,6,17,7
2024-06-17 08:00:00,292.0,208.0,84.0,550.1,18.3,83,7.2,177,1019.7,2,0,0,2,0.0,3600.0,41.7658,-72.6734,2024,6,17,8
2024-06-17 09:00:00,467.0,361.0,106.0,658.3,20.9,76,9.4,187,1019.7,21,7,1,15,0.0,3600.0,41.7658,-72.6734,2024,6,17,9
2024-06-17 10:00:00,627.0,501.0,126.0,716.4,23.1,68,12.7,188,1019.0,42,3,3,39,0.0,3600.0,41.7658,-72.6734,2024,6,17,10
2024-06-17 11:00:00,757.0,615.0,142.0,749.5,24.8,60,15.0,191,1018.3,74,1,2,73,0.0,3600.0,41.7658,-72.6734,2024,6,17,11
2024-06-17 12:00:00,849.0,705.0,144.0,779.8,26.0,56,16.9,191,1017.5,97,1,6,97,0.0,3600.0,41.7658,-72.6734,2024,6,17,12
2024-06-17 13:00:00,878.0,681.0,197.0,721.5,26.9,54,18.0,192,1016.7,81,8,39,78,0.0,3600.0,41.7658,-72.6734,2024,6,17,13
2024-06-17 14:00:00,754.0,489.0,265.0,521.6,27.3,53,16.5,191,1016.7,38,28,25,5,0.0,3600.0,41.7658,-72.6734,2024,6,17,14
2024-06-17 15:00:00,699.0,488.0,211.0,551.2,27.5,51,19.5,192,1016.1,99,12,50,97,0.0,3600.0,41.7658,-72.6734,2024,6,17,15
2024-06-17 16:00:00,554.0,281.0,273.0,355.4,26.6,54,21.3,185,1015.9,63,14,15,52,0.0,3600.0,41.7658,-72.6734,2024,6,17,16
2024-06-17 17:00:00,516.0,348.0,168.0,527.0,26.2,57,20.2,185,1015.4,69,1,25,60,0.0,3600.0,41.7658,-72.6734,2024,6,17,17
2024-06-17 18:00:00,366.0,246.0,120.0,489.0,25.3,60,18.8,184,1015.4,47,4,4,42,0.0,3600.0,41.7658,-72.6734,2024,6,17,18
2024-06-17 19:00:00,233.0,157.0,76.0,476.4,24.4,64,16.9,181,1015.8,5,0,5,0,0.0,3600.0,41.7658,-72.6734,2024,6,17,19
2024-06-17 20:00:00,84.0,44.0,40.0,290.2,22.7,70,15.5,185,1016.4,10,0,3,7,0.0,3600.0,41.7658,-72.6734,2024,6,17,20
2024-06-17 21:00:00,4.0,1.0,3.0,19.1,21.5,74,12.0,187,1017.3,2,0,2,0,0.0,0.0,41.7658,-72.6734,2024,6,17,21
2024-06-17 22:00:00,0.0,0.0,0.0,0.0,20.6,77,11.2,182,1017.9,33,0,7,28,0.0,0.0,41.7658,-72.6734,2024,6,17,22
2024-06-17 23:00:00,0.0,0.0,0.0,0.0,20.0,80,11.3,189,1017.9,74,2,4,73,0.0,0.0,41.7658,-72.6734,2024,6,17,23
2024-06-18 00:00:00,0.0,0.0,0.0,0.0,19.5,84,10.0,193,1017.9,100,0,0,100,0.0,0.0,41.7658,-72.6734,2024,6,18,0
2024-06-18 01:00:00,0.0,0.0,0.0,0.0,19.0,87,9.4,187,1017.8,6,0,0,6,0.0,0.0,41.7658,-72.6734,2024,6,18,1
2024-06-18 02:00:00,0.0,0.0,0.0,0.0,18.8,90,10.5,184,1017.6,2,0,0,2,0.0,0.0,41.7658,-72.6734,2024,6,18,2
2024-06-18 03:00:00,0.0,0.0,0.0,0.0,18.6,92,9.7,182,1017.7,76,0,0,76,0.0,0.0,41.7658,-72.6734,2024,6,18,3
2024-06-18 04:00:00,0.0,0.0,0.0,0.0,18.4,93,10.1,178,1017.7,96,0,0,96,0.0,0.0,41.7658,-72.6734,2024,6,18,4
2024-06-18 05:00:00,0.0,0.0,0.0,0.0,18.4,94,9.8,186,1018.2,17,0,0,17,0.0,0.0,41.7658,-72.6734,2024,6,18,5
2024-06-18 06:00:00,16.0,5.0,11.0,69.4,18.7,94,9.0,178,1019.0,89,0,0,89,0.0,602.4,41.7658,-72.6734,2024,6,18,6
2024-06-18 07:00:00,122.0,70.0,52.0,350.5,20.5,88,7.2,174,1019.7,98,0,0,98,0.0,3600.0,41.7658,-72.6734,2024,6,18,7
2024-06-18 08:00:00,284.0,201.0,83.0,532.2,22.8,80,6.8,180,1019.9,98,0,0,98,0.0,3600.0,41.7658,-72.6734,2024,6,18,8
2024-06-18 09:00:00,445.0,317.0,128.0,578.5,25.2,75,8.3,180,1019.8,100,0,0,100,0.0,3600.0,41.7658,-72.6734,2024,6,18,9
2024-06-18 10:00:00,609.0,474.0,135.0,678.2,27.2,69,8.7,187,1019.9,100,0,0,100,0.0,3600.0,41.7658,-72.6734,2024,6,18,10
2024-06-18 11:00:00,750.0,615.0,135.0,749.7,29.3,63,9.6,193,1019.9,84,0,0,84,0.0,3600.0,41.7658,-72.6734,2024,6,18,11
2024-06-18 12:00:00,847.0,716.0,131.0,792.1,30.9,57,12.4,190,1019.5,37,0,1,36,0.0,3600.0,41.7658,-72.6734,2024,6,18,12
2024-06-18 13:00:00,836.0,704.0,132.0,745.8,31.3,54,15.3,188,1018.9,15,0,3,12,0.0,3600.0,41.7658,-72.6734,2024,6,18,13
2024-06-18 14:00:00,864.0,731.0,133.0,779.6,31.7,52,16.5,191,1018.5,13,0,4,9,0.0,3600.0,41.7658,-72.6734,2024,6,18,14
2024-06-18 15:00:00,817.0,692.0,125.0,781.4,31.5,53,16.6,193,1018.4,19,0,2,17,0.0,3600.0,41.7658,-72.6734,2024,6,18,15
2024-06-18 16:00:00,704.0,573.0,131.0,724.2,30.9,55,16.5,190,1018.2,44,0,30,20,0.0,3600.0,41.7658,-72.6734,2024,6,18,16
2024-06-18 17:00:00,518.0,382.0,136.0,577.9,29.9,59,16.7,187,1018.0,42,0,14,33,0.0,3600.0,41.7658,-72.6734,2024,6,18,17
2024-06-18 18:00:00,375.0,277.0,98.0,549.8,28.6,63,17.0,186,1018.2,36,0,10,30,0.0,3600.0,41.7658,-72.6734,2024,6,18,18
2024-06-18 19:00:00,212.0,128.0,84.0,387.5,26.6,68,16.2,181,1018.5,23,0,13,11,0.0,3600.0,41.7658,-72.6734,2024,6,18,19
2024-06-18 20:00:00,80.0,40.0,40.0,262.4,24.8,71,15.5,184,1019.2,36,0,15,25,0.0,3600.0,41.7658,-72.6734,2024,6,18,20
2024-06-18 21:00:00,4.0,1.0,3.0,19.1,23.9,73,14.7,191,1020.0,96,0,13,96,0.0,0.0,41.7658,-72.6734,2024,6,18,21
2024-06-18 22:00:00,0.0,0.0,0.0,0.0,22.9,73,12.7,188,1021.0,100,0,7,100,0.0,0.0,41.7658,-72.6734,2024,6,18,22
2024-06-18 23:00:00,0.0,0.0,0.0,0.0,21.9,74,12.0,189,1021.0,100,0,2,100,0.0,0.0,41.7658,-72.6734,2024,6,18,23
2024-06-19 00:00:00,0.0,0.0,0.0,0.0,21.3,74,11.6,187,1021.5,98,0,0,98,0.0,0.0,41.7658,-72.6734,2024,6,19,0
2024-06-19 01:00:00,0.0,0.0,0.0,0.0,20.7,73,11.7,189,1021.4,98,0,0,98,0.0,0.0,41.7658,-72.6734,2024,6,19,1
2024-06-19 02:00:00,0.0,0.0,0.0,0.0,20.3,74,9.3,196,1021.5,100,0,0,100,0.0,0.0,41.7658,-72.6734,2024,6,19,2
2024-06-19 03:00:00,0.0,0.0,0.0,0.0,19.9,76,9.4,184,1021.6,99,0,0,99,0.0,0.0,41.7658,-72.6734,2024,6,19,3
2024-06-19 04:00:00,0.0,0.0,0.0,0.0,19.6,78,9.0,182,1022.0,98,0,0,98,0.0,0.0,41.7658,-72.6734,2024,6,19,4
2024-06-19 05:00:00,0.0,0.0,0.0,0.0,19.3,80,9.7,180,1022.4,100,0,0,100,0.0,0.0,41.7658,-72.6734,2024,6,19,5
2024-06-19 06:00:00,15.0,4.0,11.0,55.7,19.5,81,10.1,182,1023.0,95,0,0,95,0.0,251.33,41.7658,-72.6734,2024,6,19,6
2024-06-19 07:00:00,116.0,58.0,58.0,291.0,20.8,79,9.4,184,1023.1,93,0,0,93,0.0,3600.0,41.7658,-72.6734,2024,6,19,7
2024-06-19 08:00:00,270.0,171.0,99.0,453.3,22.7,73,8.7,187,1023.3,98,0,0,98,0.0,3600.0,41.7658,-72.6734,2024,6,19,8
2024-06-19 09:00:00,439.0,310.0,129.0,566.2,25.1,68,9.7,195,1023.2,97,0,0,97,0.0,3600.0,41.7658,-72.6734,2024,6,19,9
2024-06-19 10:00:00,593.0,433.0,160.0,619.8,27.4,63,9.6,200,1023.1,95,0,3,95,0.0,3600.0,41.7658,-72.6734,2024,6,19,10
2024-06-19 11:00:00,731.0,574.0,157.0,699.9,29.8,58,10.2,198,1022.7,100,0,2,100,0.0,3600.0,41.7658,-72.6734,2024,6,19,11
2024-06-19 12:00:00,832.0,652.0,180.0,721.4,31.9,53,11.0,203,1022.2,100,2,2,100,0.0,3600.0,41.7658,-72.6734,2024,6,19,12
2024-06-19 13:00:00,811.0,634.0,177.0,671.6,33.0,48,10.5,207,1021.8,100,3,9,100,0.0,3600.0,41.7658,-72.6734,2024,6,19,13
2024-06-19 14:00:00,739.0,477.0,262.0,508.6,33.5,47,12.5,192,1021.1,98,0,8,98,0.0,3600.0,41.7658,-72.6734,2024,6,19,14
2024-06-19 15:00:00,746.0,555.0,191.0,626.4,33.0,49,17.5,188,1020.7,69,4,16,63,0.0,3600.0,41.7658,-72.6734,2024,6,19,15
2024-06-19 16:00:00,694.0,564.0,130.0,712.4,31.6,54,18.7,191,1020.8,14,0,13,1,0.0,3600.0,41.7658,-72.6734,2024,6,19,16
2024-06-19 17:00:00,501.0,375.0,126.0,566.8,30.4,56,19.9,186,1020.6,97,0,26,96,0.0,3600.0,41.7658,-72.6734,2024,6,19,17
2024-06-19 18:00:00,373.0,266.0,107.0,527.3,28.8,59,19.3,189,1020.8,99,0,22,99,0.0,3600.0,41.7658,-72.6734,2024,6,19,18
2024-06-19 19:00:00,203.0,121.0,82.0,365.5,26.5,64,18.1,185,1021.2,98,0,18,97,0.0,3600.0,41.7658,-72.6734,2024,6,19,19
2024-06-19 20:00:00,70.0,28.0,42.0,182.9,24.6,63,15.2,185,1021.8,24,0,18,8,0.0,3600.0,41.7658,-72.6734,2024,6,19,20
2024-06-19 21:00:00,4.0,1.0,3.0,19.1,24.2,69,13.4,188,1022.0,65,1,0,65,0.0,0.0,41.7658,-72.6734,2024,6,19,21
2024-06-19 22:00:00,0.0,0.0,0.0,0.0,23.2,67,11.0,191,1022.7,0,0,0,0,0.0,0.0,41.7658,-72.6734,2024,6,19,22
2024-06-19 23:00:00,0.0,0.0,0.0,0.0,22.1,68,10.6,190,1022.5,0,0,0,0,0.0,0.0,41.7658,-72.6734,2024,6,19,23
2024-06-20 00:00:00,0.0,0.0,0.0,0.0,21.4,71,10.9,189,1022.0,6,0,6,0,0.0,0.0,41.7658,-72.6734,2024,6,20,0
2024-06-20 01:00:00,0.0,0.0,0.0,0.0,20.8,74,9.9,190,1022.0,33,0,0,33,0.0,0.0,41.7658,-72.6734,2024,6,20,1
2024-06-20 02:00:00,0.0,0.0,0.0,0.0,20.3,76,9.7,182,1021.9,99,0,2,99,0.0,0.0,41.7658,-72.6734,2024,6,20,2
2024-06-20 03:00:00,0.0,0.0,0.0,0.0,20.0,77,9.7,182,1021.7,95,0,0,95,0.0,0.0,41.7658,-72.6734,2024,6,20,3
2024-06-20 04:00:00,0.0,0.0,0.0,0.0,19.8,79,10.5,176,1021.4,78,0,0,78,0.0,0.0,41.7658,-72.6734,2024,6,20,4
2024-06-20 05:00:00,0.0,0.0,0.0,0.0,19.6,81,9.7,178,1021.4,24,0,0,24,0.0,0.0,41.7658,-72.6734,2024,6,20,5
2024-06-20 06:00:00,15.0,5.0,10.0,69.8,19.9,81,10.1,186,1021.3,57,0,0,57,0.0,612.45,41.7658,-72.6734,2024,6,20,6
2024-06-20 07:00:00,120.0,68.0,52.0,342.1,21.5,78,7.6,185,1021.3,55,0,0,55,0.0,3600.0,41.7658,-72.6734,2024,6,20,7
2024-06-20 08:00:00,274.0,180.0,94.0,477.8,24.0,70,6.1,183,1021.5,99,0,0,99,0.0,3600.0,41.7658,-72.6734,2024,6,20,8
2024-06-20 09:00:00,427.0,284.0,143.0,519.2,27.0,65,6.8,183,1021.6,100,1,1,100,0.0,3600.0,41.7658,-72.6734,2024,6,20,9
2024-06-20 10:00:00,576.0,395.0,181.0,565.8,29.3,60,7.7,191,1021.3,100,4,2,100,0.0,3600.0,41.7658,-72.6734,2024,6,20,10
2024-06-20 11:00:00,676.0,425.0,251.0,518.4,31.0,56,7.0,192,1021.3,98,3,50,96,0.0,3600.0,41.7658,-72.6734,2024,6,20,11
2024-06-20 12:00:00,671.0,430.0,241.0,475.9,32.0,53,7.3,169,1021.2,95,1,27,93,0.0,3600.0,41.7658,-72.6734,2024,6,20,12
2024-06-20 13:00:00,833.0,620.0,213.0,656.8,33.5,48,9.7,182,1020.3,23,0,6,19,0.0,3600.0,41.7658,-72.6734,2024,6,20,13
2024-06-20 14:00:00,833.0,654.0,179.0,697.2,34.4,44,14.4,176,1019.2,79,1,42,63,0.0,3600.0,41.7658,-72.6734,2024,6,20,14
2024-06-20 15:00:00,624.0,393.0,231.0,443.5,34.2,44,10.5,221,1018.7,69,8,8,64,0.0,3600.0,41.7658,-72.6734,2024,6,20,15
2024-06-20 16:00:00,614.0,455.0,159.0,574.4,34.6,43,10.8,201,1018.1,17,2,3,13,0.0,3600.0,41.7658,-72.6734,2024,6,20,16
2024-06-20 17:00:00,542.0,422.0,120.0,637.3,34.0,44,12.7,195,1017.7,54,7,24,39,0.0,3600.0,41.7658,-72.6734,2024,6,20,17
2024-06-20 18:00:00,322.0,196.0,126.0,388.1,32.2,49,3.4,198,1018.1,71,2,18,65,0.0,3600.0,41.7658,-72.6734,2024,6,20,18
2024-06-20 19:00:00,215.0,125.0,90.0,376.9,30.7,56,5.4,172,1018.2,49,0,8,45,0.0,3600.0,41.7658,-72.6734,2024,6,20,19
2024-06-20 20:00:00,79.0,39.0,40.0,253.7,28.4,62,9.8,172,1018.3,65,0,3,64,0.0,3600.0,41.7658,-72.6734,2024,6,20,20
2024-06-20 21:00:00,5.0,1.0,4.0,19.1,26.1,70,8.4,160,1019.0,3,0,2,2,0.0,0.0,41.7658,-72.6734,2024,6,20,21
2024-06-20 22:00:00,0.0,0.0,0.0,0.0,24.9,77,4.0,153,1019.8,25,0,1,23,0.0,0.0,41.7658,-72.6734,2024,6,20,22
2024-06-20 23:00:00,0.0,0.0,0.0,0.0,24.0,79,7.7,169,1019.5,4,0,2,2,0.0,0.0,41.7658,-72.6734,2024,6,20,23
2024-06-21 00:00:00,0.0,0.0,0.0,0.0,23.4,80,8.3,178,1019.1,62,1,7,61,0.0,0.0,41.7658,-72.6734,2024,6,21,0
2024-06-21 01:00:00,0.0,0.0,0.0,0.0,22.7,81,8.6,180,1018.8,91,3,1,90,0.0,0.0,41.7658,-72.6734,2024,6,21,1
2024-06-21 02:00:00,0.0,0.0,0.0,0.0,21.8,83,7.6,177,1018.4,78,0,0,78,0.0,0.0,41.7658,-72.6734,2024,6,21,2
2024-06-21 03:00:00,0.0,0.0,0.0,0.0,21.3,85,6.2,173,1018.0,48,0,0,48,0.0,0.0,41.7658,-72.6734,2024,6,21,3
2024-06-21 04:00:00,0.0,0.0,0.0,0.0,20.8,87,6.9,171,1017.8,1,0,0,1,0.0,0.0,41.7658,-72.6734,2024,6,21,4
2024-06-21 05:00:00,0.0,0.0,0.0,0.0,20.5,88,6.2,173,1017.8,6,0,0,6,0.0,0.0,41.7658,-72.6734,2024,6,21,5
2024-06-21 06:00:00,15.0,5.0,10.0,70.1,20.7,88,5.5,169,1017.7,0,0,0,0,0.0,618.46,41.7658,-72.6734,2024,6,21,6
2024-06-21 07:00:00,121.0,70.0,51.0,353.2,22.1,83,3.6,180,1017.9,25,0,0,25,0.0,3600.0,41.7658,-72.6734,2024,6,21,7
2024-06-21 08:00:00,282.0,202.0,80.0,537.0,24.4,77,0.4,180,1018.1,33,0,0,33,0.0,3600.0,41.7658,-72.6734,2024,6,21,8
2024-06-21 09:00:00,452.0,346.0,106.0,633.1,27.4,70,3.8,17,1018.1,15,0,15,0,0.0,3600.0,41.7658,-72.6734,2024,6,21,9
2024-06-21 10:00:00,593.0,455.0,138.0,652.1,30.0,59,5.2,12,1017.6,51,0,49,3,0.0,3600.0,41.7658,-72.6734,2024,6,21,10
2024-06-21 11:00:00,662.0,494.0,168.0,602.9,31.7,52,4.6,18,1017.0,14,3,6,7,0.0,3600.0,41.7658,-72.6734,2024,6,21,11
2024-06-21 12:00:00,794.0,629.0,165.0,696.3,32.2,51,2.6,16,1016.8,48,5,41,9,0.0,3600.0,41.7658,-72.6734,2024,6,21,12
2024-06-21 13:00:00,600.0,389.0,211.0,412.1,31.3,54,7.9,16,1016.3,100,88,100,98,2.5,3600.0,41.7658,-72.6734,2024,6,21,13
2024-06-21 14:00:00,176.0,25.0,151.0,26.7,25.1,96,6.5,251,1016.7,96,1,61,93,9.8,0.0,41.7658,-72.6734,2024,6,21,14
2024-06-21 15:00:00,373.0,215.0,158.0,242.5,26.1,93,3.4,148,1016.0,87,0,5,87,0.4,3600.0,41.7658,-72.6734,2024,6,21,15
2024-06-21 16:00:00,645.0,450.0,195.0,567.8,26.9,78,9.7,117,1016.1,87,32,13,80,0.7,3600.0,41.7658,-72.6734,2024,6,21,16
2024-06-21 17:00:00,392.0,196.0,196.0,295.8,26.8,81,6.0,163,1015.0,93,3,12,92,0.0,3600.0,41.7658,-72.6734,2024,6,21,17
2024-06-21 18:00:00,183.0,48.0,135.0,94.9,26.3,85,2.5,180,1015.3,100,12,24,100,0.1,1048.16,41.7658,-72.6734,2024,6,21,18
2024-06-21 19:00:00,48.0,0.0,48.0,0.0,24.9,97,4.3,318,1015.0,98,13,17,97,0.8,0.0,41.7658,-72.6734,2024,6,21,19
2024-06-21 20:00:00,48.0,2.0,46.0,13.0,24.7,98,4.3,24,1015.3,100,17,2,100,0.1,0.0,41.7658,-72.6734,2024,6,21,20
2024-06-21 21:00:00,3.0,0.0,3.0,0.0,23.5,98,6.1,177,1016.1,100,2,5,100,0.0,0.0,41.7658,-72.6734,2024,6,21,21
2024-06-21 22:00:00,0.0,0.0,0.0,0.0,23.5,97,1.3,326,1016.3,78,4,27,71,0.0,0.0,41.7658,-72.6734,2024,6,21,22
2024-06-21 23:00:00,0.0,0.0,0.0,0.0,22.6,100,3.4,18,1015.8,99,96,0,84,0.0,0.0,41.7658,-72.6734,2024,6,21,23
2024-06-22 00:00:00,0.0,0.0,0.0,0.0,22.6,100,1.8,79,1015.6,100,100,0,75,0.0,0.0,41.7658,-72.6734,2024,6,22,0
2024-06-22 01:00:00,0.0,0.0,0.0,0.0,22.5,100,3.1,201,1015.2,100,100,0,53,0.0,0.0,41.7658,-72.6734,2024,6,22,1
2024-06-22 02:00:00,0.0,0.0,0.0,0.0,22.4,99,6.5,177,1014.6,100,99,1,96,0.0,0.0,41.7658,-72.6734,2024,6,22,2
2024-06-22 03:00:00,0.0,0.0,0.0,0.0,21.9,98,5.6,165,1014.2,100,42,1,100,0.0,0.0,41.7658,-72.6734,2024,6,22,3
2024-06-22 04:00:00,0.0,0.0,0.0,0.0,21.5,98,5.6,165,1013.8,100,29,1,100,0.0,0.0,41.7658,-72.6734,2024,6,22,4
2024-06-22 05:00:00,0.0,0.0,0.0,0.0,20.8,99,4.0,153,1013.9,97,31,7,95,0.0,0.0,41.7658,-72.6734,2024,6,22,5
2024-06-22 06:00:00,11.0,0.0,11.0,0.0,20.7,99,5.0,159,1013.8,97,95,0,39,0.0,0.0,41.7658,-72.6734,2024,6,22,6
2024-06-22 07:00:00,96.0,28.0,68.0,141.8,21.3,95,4.0,185,1013.9,100,50,3,100,0.0,2452.83,41.7658,-72.6734,2024,6,22,7
2024-06-22 08:00:00,195.0,60.0,135.0,159.8,22.3,92,4.0,185,1013.5,100,100,0,100,0.0,2993.99,41.7658,-72.6734,2024,6,22,8
2024-06-22 09:00:00,257.0,46.0,211.0,84.3,23.6,88,4.0,185,1013.7,100,100,15,74,0.0,727.94,41.7658,-72.6734,2024,6,22,9
2024-06-22 10:00:00,324.0,37.0,287.0,53.1,24.8,83,2.9,210,1013.6,100,100,0,98,0.0,0.0,41.7658,-72.6734,2024,6,22,10
2024-06-22 11:00:00,374.0,32.0,342.0,39.1,25.7,80,1.6,63,1013.1,100,100,0,32,0.0,0.0,41.7658,-72.6734,2024,6,22,11
2024-06-22 12:00:00,436.0,101.0,335.0,111.8,27.0,75,2.2,180,1012.7,100,81,7,99,0.0,1555.0,41.7658,-72.6734,2024,6,22,12
2024-06-22 13:00:00,655.0,278.0,377.0,294.6,29.1,66,1.8,217,1011.7,100,54,15,99,0.0,3600.0,41.7658,-72.6734,2024,6,22,13
2024-06-22 14:00:00,571.0,185.0,386.0,197.2,29.5,65,3.7,101,1010.7,100,59,69,99,0.0,3600.0,41.7658,-72.6734,2024,6,22,14
2024-06-22 15:00:00,224.0,2.0,222.0,2.3,26.1,85,6.6,241,1011.5,92,57,51,76,4.7,0.0,41.7658,-72.6734,2024,6,22,15
2024-06-22 16:00:00,505.0,310.0,195.0,391.0,26.8,79,9.6,160,1010.1,67,2,1,66,3.7,3600.0,41.7658,-72.6734,2024,6,22,16
2024-06-22 17:00:00,583.0,459.0,124.0,692.3,27.8,77,6.2,159,1009.9,98,2,7,98,0.0,3600.0,41.7658,-72.6734,2024,6,22,17
2024-06-22 18:00:00,299.0,127.0,172.0,251.0,27.2,79,6.4,196,1009.6,87,7,40,81,0.0,3600.0,41.7658,-72.6734,2024,6,22,18
2024-06-22 19:00:00,120.0,43.0,77.0,129.2,26.6,84,7.2,186,1009.3,27,9,11,12,0.0,2077.47,41.7658,-72.6734,2024,6,22,19
2024-06-22 20:00:00,67.0,30.0,37.0,193.9,25.6,93,4.3,175,1009.5,20,7,11,6,0.1,3600.0,41.7658,-72.6734,2024,6,22,20
2024-06-22 21:00:00,5.0,1.0,4.0,19.1,21.6,97,3.4,58,1011.0,41,17,14,20,0.0,0.0,41.7658,-72.6734,2024,6,22,21
2024-06-22 22:00:00,0.0,0.0,0.0,0.0,21.1,99,5.1,51,1011.3,35,19,14,16,0.0,0.0,41.7658,-72.6734,2024,6,22,22
2024-06-22 23:00:00,0.0,0.0,0.0,0.0,21.1,99,5.4,82,1011.2,100,96,74,100,0.2,0.0,41.7658,-72.6734,2024,6,22,23
2024-06-23 00:00:00,0.0,0.0,0.0,0.0,21.4,96,6.2,80,1010.7,100,56,100,100,0.0,0.0,41.7658,-72.6734,2024,6,23,0
2024-06-23 01:00:00,0.0,0.0,0.0,0.0,21.5,96,7.2,127,1010.3,100,87,100,100,0.4,0.0,41.7658,-72.6734,2024,6,23,1
2024-06-23 02:00:00,0.0,0.0,0.0,0.0,21.3,98,8.9,140,1009.6,100,49,0,100,0.0,0.0,41.7658,-72.6734,2024,6,23,2
2024-06-23 03:00:00,0.0,0.0,0.0,0.0,20.9,98,9.0,143,1008.5,100,21,9,100,0.0,0.0,41.7658,-72.6734,2024,6,23,3
2024-06-23 04:00:00,0.0,0.0,0.0,0.0,20.8,97,10.8,159,1008.1,100,28,11,100,0.0,0.0,41.7658,-72.6734,2024,6,23,4
2024-06-23 05:00:00,0.0,0.0,0.0,0.0,20.5,97,11.8,168,1007.5,98,39,82,97,0.0,0.0,41.7658,-72.6734,2024,6,23,5
2024-06-23 06:00:00,9.0,1.0,8.0,14.2,20.8,95,12.7,172,1007.0,100,42,93,100,0.0,0.0,41.7658,-72.6734,2024,6,23,6
2024-06-23 07:00:00,30.0,0.0,30.0,0.0,21.3,94,11.3,187,1006.4,100,17,96,100,0.0,0.0,41.7658,-72.6734,2024,6,23,7
2024-06-23 08:00:00,60.0,0.0,60.0,0.0,22.0,93,11.5,184,1006.3,100,20,18,100,0.0,0.0,41.7658,-72.6734,2024,6,23,8
2024-06-23 09:00:00,76.0,0.0,76.0,0.0,22.7,95,14.0,180,1005.1,96,21,46,95,0.0,0.0,41.7658,-72.6734,2024,6,23,9
2024-06-23 10:00:00,246.0,41.0,205.0,58.9,24.2,91,12.9,193,1004.6,99,84,50,85,0.1,0.0,41.7658,-72.6734,2024,6,23,10
2024-06-23 11:00:00,459.0,149.0,310.0,182.0,26.3,84,17.6,180,1003.2,100,1,14,100,0.1,3600.0,41.7658,-72.6734,2024,6,23,11
2024-06-23 12:00:00,679.0,360.0,319.0,398.8,29.2,71,15.5,198,1002.5,100,13,12,100,0.0,3600.0,41.7658,-72.6734,2024,6,23,12
2024-06-23 13:00:00,482.0,97.0,385.0,102.8,29.5,70,16.5,191,1001.2,95,4,1,95,0.0,1283.95,41.7658,-72.6734,2024,6,23,13
2024-06-23 14:00:00,737.0,460.0,277.0,490.3,31.0,64,20.4,188,999.6,52,0,9,47,0.0,3600.0,41.7658,-72.6734,2024,6,23,14
2024-06-23 15:00:00,737.0,532.0,205.0,599.9,31.6,59,24.4,194,998.5,97,47,20,94,0.2,3600.0,41.7658,-72.6734,2024,6,23,15
2024-06-23 16:00:00,449.0,167.0,282.0,210.6,31.0,58,23.6,201,997.8,100,10,34,100,0.0,3600.0,41.7658,-72.6734,2024,6,23,16
2024-06-23 17:00:00,204.0,17.0,187.0,25.6,29.4,63,19.5,192,997.5,100,0,18,100,0.0,0.0,41.7658,-72.6734,2024,6,23,17
2024-06-23 18:00:00,160.0,19.0,141.0,37.5,28.1,68,20.2,191,997.2,100,0,59,100,0.0,0.0,41.7658,-72.6734,2024,6,23,18
2024-06-23 19:00:00,81.0,4.0,77.0,12.0,27.0,70,20.5,195,997.1,100,0,98,100,0.0,0.0,41.7658,-72.6734,2024,6,23,19
2024-06-23 20:00:00,15.0,1.0,14.0,6.4,26.1,72,18.1,197,997.1,100,0,100,100,0.0,0.0,41.7658,-72.6734,2024,6,23,20
2024-06-23 21:00:00,3.0,0.0,3.0,0.0,25.8,77,17.4,193,996.7,100,3,11,100,0.0,0.0,41.7658,-72.6734,2024,6,23,21
2024-06-23 22:00:00,0.0,0.0,0.0,0.0,25.2,78,15.0,201,996.6,100,3,10,99,0.0,0.0,41.7658,-72.6734,2024,6,23,22
2024-06-23 23:00:00,0.0,0.0,0.0,0.0,25.4,73,17.3,203,996.5,100,1,2,100,0.0,0.0,41.7658,-72.6734,2024,6,23,23
2024-06-24 00:00:00,0.0,0.0,0.0,0.0,25.6,70,17.4,202,996.5,100,0,0,100,0.0,0.0,41.7658,-72.6734,2024,6,24,0
2024-06-24 01:00:00,0.0,0.0,0.0,0.0,25.2,72,16.1,204,996.4,13,0,1,12,0.0,0.0,41.7658,-72.6734,2024,6,24,1
2024-06-24 02:00:00,0.0,0.0,0.0,0.0,24.3,78,12.9,207,996.4,27,5,1,22,0.0,0.0,41.7658,-72.6734,2024,6,24,2
2024-06-24 03:00:00,0.0,0.0,0.0,0.0,23.8,81,11.3,211,996.2,19,2,6,12,0.0,0.0,41.7658,-72.6734,2024,6,24,3
2024-06-24 04:00:00,0.0,0.0,0.0,0.0,23.4,83,11.5,212,995.7,1,1,0,0,0.0,0.0,41.7658,-72.6734,2024,6,24,4
2024-06-24 05:00:00,0.0,0.0,0.0,0.0,23.0,82,10.5,239,996.0,7,0,7,0,0.0,0.0,41.7658,-72.6734,2024,6,24,5
2024-06-24 06:00:00,15.0,5.0,10.0,71.2,22.9,79,12.4,260,996.7,11,0,5,6,0.0,642.23,41.7658,-72.6734,2024,6,24,6
2024-06-24 07:00:00,123.0,73.0,50.0,372.7,22.9,77,13.7,272,997.1,0,0,0,0,0.0,3600.0,41.7658,-72.6734,2024,6,24,7
2024-06-24 08:00:00,291.0,213.0,78.0,569.7,23.4,69,13.1,278,997.4,2,2,0,0,0.0,3600.0,41.7658,-72.6734,2024,6,24,8
2024-06-24 09:00:00,454.0,348.0,106.0,639.2,24.9,67,10.5,286,997.0,46,46,0,0,0.0,3600.0,41.7658,-72.6734,2024,6,24,9
2024-06-24 10:00:00,548.0,377.0,171.0,541.7,25.2,59,14.9,278,997.1,24,24,0,0,0.0,3600.0,41.7658,-72.6734,2024,6,24,10
2024-06-24 11:00:00,720.0,538.0,182.0,657.6,25.6,52,17.0,276,997.5,71,70,15,0,0.0,3600.0,41.7658,-72.6734,2024,6,24,11
2024-06-24 12:00:00,636.0,372.0,264.0,412.2,25.4,51,17.1,278,997.6,92,91,72,0,0.0,3600.0,41.7658,-72.6734,2024,6,24,12
2024-06-24 13:00:00,528.0,147.0,381.0,155.8,25.2,50,17.3,266,997.5,37,7,36,0,0.0,2874.57,41.7658,-72.6734,2024,6,24,13
2024-06-24 14:00:00,706.0,394.0,312.0,420.0,25.9,47,19.2,262,997.3,100,3,100,0,0.0,3600.0,41.7658,-72.6734,2024,6,24,14
2024-06-24 15:00:00,457.0,159.0,298.0,179.3,25.0,46,20.5,272,997.0,66,13,65,0,0.0,3578.37,41.7658,-72.6734,2024,6,24,15
2024-06-24 16:00:00,425.0,218.0,207.0,274.8,24.0,52,19.0,295,997.2,33,3,32,0,0.0,3600.0,41.7658,-72.6734,2024,6,24,16
2024-06-24 17:00:00,494.0,318.0,176.0,479.2,23.0,57,23.9,293,997.6,33,10,27,0,0.0,3600.0,41.7658,-72.6734,2024,6,24,17
2024-06-24 18:00:00,344.0,193.0,151.0,380.8,20.9,67,22.2,302,998.3,100,33,100,0,0.0,3600.0,41.7658,-72.6734,2024,6,24,18
2024-06-24 19:00:00,121.0,21.0,100.0,63.0,20.4,68,18.4,312,999.3,89,24,88,0,0.0,89.27,41.7658,-72.6734,2024,6,24,19
2024-06-24 20:00:00,38.0,1.0,37.0,6.4,19.6,69,19.7,322,1000.2,96,75,87,0,0.0,0.0,41.7658,-72.6734,2024,6,24,20
2024-06-24 21:00:00,4.0,1.0,3.0,19.1,19.7,67,20.6,333,1001.2,100,100,10,0,0.0,0.0,41.7658,-72.6734,2024,6,24,21
2024-06-24 22:00:00,0.0,0.0,0.0,0.0,20.0,62,18.9,336,1002.3,53,48,25,0,0.0,0.0,41.7658,-72.6734,2024,6,24,22
2024-06-24 23:00:00,0.0,0.0,0.0,0.0,19.6,61,16.8,337,1002.7,100,24,100,0,0.0,0.0,41.7658,-72.6734,2024,6,24,23
2024-06-25 00:00:00,0.0,0.0,0.0,0.0,19.9,59,15.0,339,1003.2,100,0,100,0,0.0,0.0,41.7658,-72.6734,2024,6,25,0
2024-06-25 01:00:00,0.0,0.0,0.0,0.0,20.2,57,12.9,337,1003.6,17,0,17,0,0.0,0.0,41.7658,-72.6734,2024,6,25,1
2024-06-25 02:00:00,0.0,0.0,0.0,0.0,18.7,64,8.5,348,1004.0,0,0,0,0,0.0,0.0,41.7658,-72.6734,2024,6,25,2
2024-06-25 03:00:00,0.0,0.0,0.0,0.0,17.8,71,6.4,333,1004.2,0,0,0,0,0.0,0.0,41.7658,-72.6734,2024,6,25,3
2024-06-25 04:00:00,0.0,0.0,0.0,0.0,17.3,76,6.1,332,1004.6,0,0,0,0,0.0,0.0,41.7658,-72.6734,2024,6,25,4
2024-06-25 05:00:00,0.0,0.0,0.0,0.0,16.8,80,8.4,335,1004.8,0,0,0,0,0.0,0.0,41.7658,-72.6734,2024,6,25,5
2024-06-25 06:00:00,15.0,6.0,9.0,86.0,18.0,72,6.1,298,1006.0,0,0,0,0,0.0,1007.7,41.7658,-72.6734,2024,6,25,6
2024-06-25 07:00:00,128.0,80.0,48.0,410.4,19.8,67,10.4,316,1006.9,0,0,0,0,0.0,3600.0,41.7658,-72.6734,2024,6,25,7
2024-06-25 08:00:00,299.0,225.0,74.0,603.2,21.9,64,6.6,331,1007.2,0,0,0,0,0.0,3600.0,41.7658,-72.6734,2024,6,25,8
2024-06-25 09:00:00,479.0,389.0,90.0,715.5,24.0,61,4.8,312,1007.0,0,0,0,0,0.0,3600.0,41.7658,-72.6734,2024,6,25,9
2024-06-25 10:00:00,648.0,546.0,102.0,785.3,26.2,56,7.9,309,1007.5,0,0,0,0,0.0,3600.0,41.7658,-72.6734,2024,6,25,10
2024-06-25 11:00:00,787.0,677.0,110.0,828.1,28.1,47,12.2,313,1007.6,2,0,0,2,0.0,3600.0,41.7658,-72.6734,2024,6,25,11
2024-06-25 12:00:00,886.0,772.0,114.0,855.8,29.3,38,15.3,313,1007.5,6,0,1,6,0.0,3600.0,41.7658,-72.6734,2024,6,25,12
2024-06-25 13:00:00,938.0,822.0,116.0,871.5,30.0,34,14.8,311,1007.1,7,0,0,7,0.0,3600.0,41.7658,-72.6734,2024,6,25,13
2024-06-25 14:00:00,931.0,817.0,114.0,871.0,30.5,33,10.8,307,1006.4,95,0,2,94,0.0,3600.0,41.7658,-72.6734,2024,6,25,14
2024-06-25 15:00:00,862.0,727.0,135.0,819.7,30.9,33,8.9,291,1006.3,100,0,0,100,0.0,3600.0,41.7658,-72.6734,2024,6,25,15
2024-06-25 16:00:00,732.0,564.0,168.0,710.8,31.3,32,6.8,267,1005.8,100,0,21,100,0.0,3600.0,41.7658,-72.6734,2024,6,25,16
2024-06-25 17:00:00,562.0,429.0,133.0,646.2,31.3,32,8.7,240,1005.2,100,0,26,100,0.0,3600.0,41.7658,-72.6734,2024,6,25,17
2024-06-25 18:00:00,372.0,209.0,163.0,412.1,29.9,40,10.4,214,1004.9,49,0,1,48,0.0,3600.0,41.7658,-72.6734,2024,6,25,18
2024-06-25 19:00:00,248.0,173.0,75.0,518.3,27.9,48,9.3,193,1004.7,4,0,0,4,0.0,3600.0,41.7658,-72.6734,2024,6,25,19
2024-06-25 20:00:00,96.0,57.0,39.0,366.2,25.3,54,18.0,183,1004.5,13,0,4,9,0.0,3600.0,41.7658,-72.6734,2024,6,25,20
2024-06-25 21:00:00,5.0,1.0,4.0,19.1,23.1,58,14.0,192,1006.1,87,0,75,59,0.0,0.0,41.7658,-72.6734,2024,6,25,21
2024-06-25 22:00:00,0.0,0.0,0.0,0.0,22.4,60,13.7,194,1006.2,100,0,88,98,0.0,0.0,41.7658,-72.6734,2024,6,25,22
2024-06-25 23:00:00,0.0,0.0,0.0,0.0,22.3,62,13.2,191,1006.2,99,0,2,99,0.0,0.0,41.7658,-72.6734,2024,6,25,23
2024-06-26 00:00:00,0.0,0.0,0.0,0.0,21.2,66,13.2,191,1005.8,100,0,8,100,0.0,0.0,41.7658,-72.6734,2024,6,26,0
2024-06-26 01:00:00,0.0,0.0,0.0,0.0,20.8,67,12.6,200,1005.8,96,0,13,96,0.0,0.0,41.7658,-72.6734,2024,6,26,1
2024-06-26 02:00:00,0.0,0.0,0.0,0.0,20.7,63,11.4,204,1005.5,98,0,23,98,0.0,0.0,41.7658,-72.6734,2024,6,26,2
2024-06-26 03:00:00,0.0,0.0,0.0,0.0,20.6,61,11.3,197,1004.9,100,0,93,96,0.0,0.0,41.7658,-72.6734,2024,6,26,3
2024-06-26 04:00:00,0.0,0.0,0.0,0.0,20.6,63,11.8,192,1004.6,100,0,100,100,0.0,0.0,41.7658,-72.6734,2024,6,26,4
2024-06-26 05:00:00,0.0,0.0,0.0,0.0,20.9,64,12.9,198,1004.4,100,0,24,99,0.0,0.0,41.7658,-72.6734,2024,6,26,5
2024-06-26 06:00:00,11.0,2.0,9.0,28.9,20.7,66,12.2,199,1004.4,100,0,13,100,0.0,0.0,41.7658,-72.6734,2024,6,26,6
2024-06-26 07:00:00,106.0,40.0,66.0,206.3,21.8,67,12.3,201,1004.4,98,0,8,98,0.0,3600.0,41.7658,-72.6734,2024,6,26,7
2024-06-26 08:00:00,249.0,129.0,120.0,346.8,23.4,66,10.9,197,1004.2,100,0,3,100,0.0,3600.0,41.7658,-72.6734,2024,6,26,8
2024-06-26 09:00:00,397.0,236.0,161.0,434.8,25.2,64,13.3,193,1003.3,100,3,23,100,0.0,3600.0,41.7658,-72.6734,2024,6,26,9
2024-06-26 10:00:00,479.0,238.0,241.0,342.7,26.7,60,13.7,203,1003.1,97,3,3,97,0.0,3600.0,41.7658,-72.6734,2024,6,26,10
2024-06-26 11:00:00,709.0,541.0,168.0,662.3,28.9,55,13.0,224,1003.2,44,7,14,33,0.0,3600.0,41.7658,-72.6734,2024,6,26,11
2024-06-26 12:00:00,788.0,650.0,138.0,720.9,30.5,49,17.5,251,1002.7,55,24,31,21,0.1,3600.0,41.7658,-72.6734,2024,6,26,12
2024-06-26 13:00:00,748.0,549.0,199.0,582.3,31.2,47,15.3,251,1001.9,31,5,18,12,0.1,3600.0,41.7658,-72.6734,2024,6,26,13
2024-06-26 14:00:00,794.0,645.0,149.0,687.7,32.0,46,14.2,263,1001.5,100,8,19,100,0.0,3600.0,41.7658,-72.6734,2024,6,26,14
2024-06-26 15:00:00,777.0,618.0,159.0,696.7,32.5,45,12.6,272,1001.2,54,16,38,24,0.0,3600.0,41.7658,-72.6734,2024,6,26,15
2024-06-26 16:00:00,645.0,457.0,188.0,575.9,32.7,43,10.8,266,1000.3,47,7,12,36,0.0,3600.0,41.7658,-72.6734,2024,6,26,16
2024-06-26 17:00:00,506.0,345.0,161.0,519.5,32.0,44,12.1,217,999.8,56,6,34,33,0.0,3600.0,41.7658,-72.6734,2024,6,26,17
2024-06-26 18:00:00,332.0,227.0,105.0,447.4,28.5,64,17.7,192,1000.2,94,0,35,90,0.2,3600.0,41.7658,-72.6734,2024,6,26,18
2024-06-26 19:00:00,188.0,101.0,87.0,302.4,28.0,69,13.8,200,1000.3,80,0,15,77,0.0,3600.0,41.7658,-72.6734,2024,6,26,19
2024-06-26 20:00:00,61.0,19.0,42.0,121.9,26.3,74,16.6,207,1000.8,100,46,56,100,0.0,1858.36,41.7658,-72.6734,2024,6,26,20
2024-06-26 21:00:00,3.0,0.0,3.0,0.0,24.8,78,2.3,219,1001.2,100,1,99,100,0.2,0.0,41.7658,-72.6734,2024,6,26,21
2024-06-26 22:00:00,0.0,0.0,0.0,0.0,23.0,82,14.6,237,1002.8,100,11,99,100,0.4,0.0,41.7658,-72.6734,2024,6,26,22
2024-06-26 23:00:00,0.0,0.0,0.0,0.0,22.0,88,6.5,236,1001.4,100,7,100,100,0.4,0.0,41.7658,-72.6734,2024,6,26,23
2024-06-27 00:00:00,0.0,0.0,0.0,0.0,21.1,95,2.4,153,1001.2,100,0,97,100,3.5,0.0,41.7658,-72.6734,2024,6,27,0
2024-06-27 01:00:00,0.0,0.0,0.0,0.0,20.9,97,4.4,279,1000.8,100,0,100,100,0.1,0.0,41.7658,-72.6734,2024,6,27,1
2024-06-27 02:00:00,0.0,0.0,0.0,0.0,20.5,94,4.2,301,1001.0,100,0,100,100,0.8,0.0,41.7658,-72.6734,2024,6,27,2
2024-06-27 03:00:00,0.0,0.0,0.0,0.0,19.5,93,8.7,318,1001.1,100,3,100,100,2.5,0.0,41.7658,-72.6734,2024,6,27,3
2024-06-27 04:00:00,0.0,0.0,0.0,0.0,18.6,94,5.8,7,1000.4,100,75,100,100,5.4,0.0,41.7658,-72.6734,2024,6,27,4
2024-06-27 05:00:00,0.0,0.0,0.0,0.0,18.8,93,4.6,315,1000.8,100,16,100,100,4.0,0.0,41.7658,-72.6734,2024,6,27,5
2024-06-27 06:00:00,1.0,0.0,1.0,0.0,18.7,93,6.2,306,1001.4,100,1,1,100,0.8,0.0,41.7658,-72.6734,2024,6,27,6
2024-06-27 07:00:00,45.0,0.0,45.0,0.0,18.9,94,7.8,304,1001.7,100,0,0,100,0.0,0.0,41.7658,-72.6734,2024,6,27,7
2024-06-27 08:00:00,173.0,27.0,146.0,72.8,19.8,89,5.2,282,1002.4,2,0,0,2,0.0,383.47,41.7658,-72.6734,2024,6,27,8
2024-06-27 09:00:00,414.0,261.0,153.0,481.7,21.3,79,7.0,305,1003.2,1,1,0,0,0.0,3600.0,41.7658,-72.6734,2024,6,27,9
2024-06-27 10:00:00,637.0,529.0,108.0,762.6,23.1,69,9.1,304,1003.2,5,5,1,0,0.0,3600.0,41.7658,-72.6734,2024,6,27,10
2024-06-27 11:00:00,765.0,638.0,127.0,781.6,24.4,61,8.6,303,1003.4,4,4,0,0,0.0,3600.0,41.7658,-72.6734,2024,6,27,11
2024-06-27 12:00:00,869.0,740.0,129.0,821.2,25.7,55,10.7,290,1003.5,19,18,6,0,0.0,3600.0,41.7658,-72.6734,2024,6,27,12
2024-06-27 13:00:00,850.0,668.0,182.0,708.7,27.0,47,10.9,276,1003.1,96,49,96,0,0.0,3600.0,41.7658,-72.6734,2024,6,27,13
2024-06-27 14:00:00,660.0,352.0,308.0,375.4,26.6,48,15.3,289,1003.0,69,7,69,0,0.0,3600.0,41.7658,-72.6734,2024,6,27,14
2024-06-27 15:00:00,615.0,344.0,271.0,387.8,26.9,47,14.4,273,1003.1,46,2,46,0,0.0,3600.0,41.7658,-72.6734,2024,6,27,15
2024-06-27 16:00:00,570.0,392.0,178.0,493.9,27.6,43,14.8,274,1002.7,37,0,37,0,0.0,3600.0,41.7658,-72.6734,2024,6,27,16
2024-06-27 17:00:00,553.0,418.0,135.0,629.3,27.5,42,15.8,287,1002.6,19,3,19,0,0.0,3600.0,41.7658,-72.6734,2024,6,27,17
2024-06-27 18:00:00,362.0,236.0,126.0,465.0,26.4,47,14.1,308,1003.2,35,4,35,0,0.0,3600.0,41.7658,-72.6734,2024,6,27,18
2024-06-27 19:00:00,219.0,130.0,89.0,389.1,24.1,55,16.9,331,1004.6,3,2,3,0,0.0,3600.0,41.7658,-72.6734,2024,6,27,19
2024-06-27 20:00:00,89.0,48.0,41.0,307.9,22.0,55,16.6,326,1006.3,0,0,0,0,0.0,3600.0,41.7658,-72.6734,2024,6,27,20
2024-06-27 21:00:00,5.0,1.0,4.0,19.1,20.2,50,17.2,327,1007.9,4,1,4,0,0.0,0.0,41.7658,-72.6734,2024,6,27,21
2024-06-27 22:00:00,0.0,0.0,0.0,0.0,18.9,46,16.9,322,1009.2,0,0,0,0,0.0,0.0,41.7658,-72.6734,2024,6,27,22
2024-06-27 23:00:00,0.0,0.0,0.0,0.0,18.0,48,14.8,317,1010.0,0,0,0,0,0.0,0.0,41.7658,-72.6734,2024,6,27,23
2024-06-28 00:00:00,0.0,0.0,0.0,0.0,16.8,55,11.7,317,1010.8,0,0,0,0,0.0,0.0,41.7658,-72.6734,2024,6,28,0
2024-06-28 01:00:00,0.0,0.0,0.0,0.0,15.8,60,10.5,319,1011.1,0,0,0,0,0.0,0.0,41.7658,-72.6734,2024,6,28,1
2024-06-28 02:00:00,0.0,0.0,0.0,0.0,15.4,63,10.5,322,1011.7,0,0,0,0,0.0,0.0,41.7658,-72.6734,2024,6,28,2
2024-06-28 03:00:00,0.0,0.0,0.0,0.0,14.7,68,8.2,337,1012.2,0,0,0,0,0.0,0.0,41.7658,-72.6734,2024,6,28,3
2024-06-28 04:00:00,0.0,0.0,0.0,0.0,14.1,72,7.7,349,1012.7,8,0,0,8,0.0,0.0,41.7658,-72.6734,2024,6,28,4
2024-06-28 05:00:00,0.0,0.0,0.0,0.0,13.7,77,5.2,335,1013.6,0,0,0,0,0.0,0.0,41.7658,-72.6734,2024,6,28,5
2024-06-28 06:00:00,15.0,6.0,9.0,88.1,13.8,78,4.8,333,1014.6,7,0,0,7,0.0,1041.55,41.7658,-72.6734,2024,6,28,6
2024-06-28 07:00:00,130.0,82.0,48.0,427.9,14.7,75,5.4,352,1015.5,4,0,0,4,0.0,3600.0,41.7658,-72.6734,2024,6,28,7
2024-06-28 08:00:00,306.0,232.0,74.0,627.3,16.2,64,7.6,355,1016.2,8,0,0,8,0.0,3600.0,41.7658,-72.6734,2024,6,28,8
2024-06-28 09:00:00,494.0,403.0,91.0,745.2,17.6,50,10.9,352,1016.5,21,0,0,21,0.0,3600.0,41.7658,-72.6734,2024,6,28,9
2024-06-28 10:00:00,668.0,565.0,103.0,815.5,19.0,45,11.4,349,1016.7,0,0,0,0,0.0,3600.0,41.7658,-72.6734,2024,6,28,10
2024-06-28 11:00:00,812.0,704.0,108.0,863.2,20.5,40,11.9,346,1016.9,0,0,0,0,0.0,3600.0,41.7658,-72.6734,2024,6,28,11
2024-06-28 12:00:00,912.0,800.0,112.0,888.3,21.9,38,10.2,350,1016.9,0,0,0,0,0.0,3600.0,41.7658,-72.6734,2024,6,28,12
2024-06-28 13:00:00,958.0,843.0,115.0,894.7,22.9,36,8.3,5,1016.6,0,0,0,0,0.0,3600.0,41.7658,-72.6734,2024,6,28,13
2024-06-28 14:00:00,948.0,834.0,114.0,889.6,23.8,34,6.0,17,1016.7,0,0,0,0,0.0,3600.0,41.7658,-72.6734,2024,6,28,14
2024-06-28 15:00:00,884.0,772.0,112.0,870.4,24.4,32,3.7,29,1016.5,0,0,0,0,0.0,3600.0,41.7658,-72.6734,2024,6,28,15
2024-06-28 16:00:00,774.0,667.0,107.0,840.3,24.6,31,1.5,76,1016.4,0,0,0,0,0.0,3600.0,41.7658,-72.6734,2024,6,28,16
2024-06-28 17:00:00,622.0,524.0,98.0,788.7,24.4,32,4.3,132,1016.4,0,0,0,0,0.0,3600.0,41.7658,-72.6734,2024,6,28,17
2024-06-28 18:00:00,445.0,358.0,87.0,705.2,24.0,33,5.5,122,1016.4,0,0,0,0,0.0,3600.0,41.7658,-72.6734,2024,6,28,18
2024-06-28 19:00:00,261.0,192.0,69.0,574.5,22.7,46,6.2,159,1016.4,2,0,0,2,0.0,3600.0,41.7658,-72.6734,2024,6,28,19
2024-06-28 20:00:00,96.0,56.0,40.0,359.2,20.1,58,13.7,183,1017.0,100,0,0,100,0.0,3600.0,41.7658,-72.6734,2024,6,28,20
2024-06-28 21:00:00,5.0,1.0,4.0,19.1,18.1,64,11.7,189,1018.0,89,0,2,89,0.0,0.0,41.7658,-72.6734,2024,6,28,21
2024-06-28 22:00:00,0.0,0.0,0.0,0.0,16.9,72,10.5,184,1018.5,100,0,44,100,0.0,0.0,41.7658,-72.6734,2024,6,28,22
2024-06-28 23:00:00,0.0,0.0,0.0,0.0,16.3,76,9.8,186,1019.2,100,0,64,100,0.0,0.0,41.7658,-72.6734,2024,6,28,23
2024-06-29 00:00:00,0.0,0.0,0.0,0.0,16.4,75,8.4,190,1019.4,100,0,10,100,0.0,0.0,41.7658,-72.6734,2024,6,29,0
2024-06-29 01:00:00,0.0,0.0,0.0,0.0,15.9,77,8.0,185,1019.5,100,0,93,100,0.0,0.0,41.7658,-72.6734,2024,6,29,1
2024-06-29 02:00:00,0.0,0.0,0.0,0.0,16.1,75,6.8,177,1019.6,100,0,59,100,0.0,0.0,41.7658,-72.6734,2024,6,29,2
2024-06-29 03:00:00,0.0,0.0,0.0,0.0,16.0,75,7.1,165,1019.5,100,0,38,100,0.0,0.0,41.7658,-72.6734,2024,6,29,3
2024-06-29 04:00:00,0.0,0.0,0.0,0.0,15.8,77,6.8,162,1019.8,100,0,54,100,0.1,0.0,41.7658,-72.6734,2024,6,29,4
2024-06-29 05:00:00,0.0,0.0,0.0,0.0,15.6,79,8.9,166,1019.7,100,0,96,100,0.0,0.0,41.7658,-72.6734,2024,6,29,5
2024-06-29 06:00:00,5.0,0.0,5.0,0.0,16.2,80,8.9,166,1019.7,100,0,74,100,0.0,0.0,41.7658,-72.6734,2024,6,29,6
2024-06-29 07:00:00,50.0,0.0,50.0,0.0,17.0,80,8.9,153,1019.9,100,0,100,100,0.0,0.0,41.7658,-72.6734,2024,6,29,7
2024-06-29 08:00:00,147.0,26.0,121.0,70.5,18.2,75,8.6,158,1020.0,100,17,46,100,0.0,315.68,41.7658,-72.6734,2024,6,29,8
2024-06-29 09:00:00,167.0,12.0,155.0,22.2,19.2,74,10.5,158,1019.9,100,100,9,96,0.0,0.0,41.7658,-72.6734,2024,6,29,9
2024-06-29 10:00:00,211.0,17.0,194.0,24.6,20.4,69,14.5,166,1019.5,100,100,82,100,0.0,0.0,41.7658,-72.6734,2024,6,29,10
2024-06-29 11:00:00,274.0,10.0,264.0,12.3,21.2,67,15.8,163,1018.8,100,100,100,25,0.0,0.0,41.7658,-72.6734,2024,6,29,11
2024-06-29 12:00:00,235.0,18.0,217.0,20.0,21.6,67,16.7,166,1018.5,100,100,100,87,0.0,0.0,41.7658,-72.6734,2024,6,29,12
2024-06-29 13:00:00,227.0,3.0,224.0,3.2,22.2,68,19.9,176,1017.8,100,96,98,99,0.0,0.0,41.7658,-72.6734,2024,6,29,13
2024-06-29 14:00:00,334.0,54.0,280.0,57.6,23.2,67,22.7,183,1017.1,98,97,16,38,0.0,0.0,41.7658,-72.6734,2024,6,29,14
2024-06-29 15:00:00,477.0,160.0,317.0,180.4,24.3,66,26.5,187,1016.2,100,100,3,48,0.0,3600.0,41.7658,-72.6734,2024,6,29,15
2024-06-29 16:00:00,452.0,209.0,243.0,263.3,25.5,61,28.0,192,1015.0,100,98,93,100,0.0,3600.0,41.7658,-72.6734,2024,6,29,16
2024-06-29 17:00:00,306.0,50.0,256.0,75.3,25.2,62,29.4,192,1014.3,100,34,19,100,0.0,457.62,41.7658,-72.6734,2024,6,29,17
2024-06-29 18:00:00,219.0,44.0,175.0,86.7,24.7,66,26.2,189,1013.3,100,27,80,100,0.0,800.02,41.7658,-72.6734,2024,6,29,18
2024-06-29 19:00:00,120.0,12.0,108.0,35.9,24.0,73,22.9,188,1013.3,100,100,58,100,0.0,0.0,41.7658,-72.6734,2024,6,29,19
2024-06-29 20:00:00,46.0,4.0,42.0,25.7,23.4,80,21.5,189,1012.7,100,100,32,100,0.0,0.0,41.7658,-72.6734,2024,6,29,20
2024-06-29 21:00:00,2.0,0.0,2.0,0.0,23.2,85,19.1,191,1013.2,100,100,92,100,0.0,0.0,41.7658,-72.6734,2024,6,29,21
2024-06-29 22:00:00,0.0,0.0,0.0,0.0,23.2,87,19.1,192,1012.8,100,100,92,100,0.0,0.0,41.7658,-72.6734,2024,6,29,22
2024-06-29 23:00:00,0.0,0.0,0.0,0.0,22.8,91,18.3,190,1012.3,100,100,27,100,0.7,0.0,41.7658,-72.6734,2024,6,29,23
2024-06-30 00:00:00,0.0,0.0,0.0,0.0,22.6,94,16.2,193,1012.2,100,100,16,97,0.1,0.0,41.7658,-72.6734,2024,6,30,0
2024-06-30 01:00:00,0.0,0.0,0.0,0.0,22.7,95,16.3,198,1011.6,100,100,11,100,0.0,0.0,41.7658,-72.6734,2024,6,30,1
2024-06-30 02:00:00,0.0,0.0,0.0,0.0,22.7,96,14.9,200,1011.0,100,100,1,98,0.0,0.0,41.7658,-72.6734,2024,6,30,2
2024-06-30 03:00:00,0.0,0.0,0.0,0.0,22.6,96,14.7,197,1010.4,100,100,5,96,0.0,0.0,41.7658,-72.6734,2024,6,30,3
2024-06-30 04:00:00,0.0,0.0,0.0,0.0,22.5,97,16.2,192,1010.2,100,100,12,100,0.2,0.0,41.7658,-72.6734,2024,6,30,4
2024-06-30 05:00:00,0.0,0.0,0.0,0.0,22.3,97,13.8,195,1009.9,100,100,28,100,0.0,0.0,41.7658,-72.6734,2024,6,30,5
2024-06-30 06:00:00,3.0,0.0,3.0,0.0,21.9,98,15.6,188,1010.0,100,100,19,21,0.3,0.0,41.7658,-72.6734,2024,6,30,6
2024-06-30 07:00:00,31.0,0.0,31.0,0.0,22.4,96,13.1,189,1010.0,100,100,0,100,0.0,0.0,41.7658,-72.6734,2024,6,30,7
2024-06-30 08:00:00,91.0,8.0,83.0,21.8,22.9,95,15.0,190,1010.1,100,100,0,97,0.0,0.0,41.7658,-72.6734,2024,6,30,8
2024-06-30 09:00:00,290.0,86.0,204.0,159.7,25.5,87,14.0,235,1009.3,100,62,10,100,0.0,2990.0,41.7658,-72.6734,2024,6,30,9
2024-06-30 10:00:00,348.0,70.0,278.0,101.3,27.0,83,12.8,230,1008.7,100,74,4,100,0.0,1239.35,41.7658,-72.6734,2024,6,30,10
2024-06-30 11:00:00,589.0,326.0,263.0,400.5,28.9,72,14.0,224,1008.0,100,6,4,100,0.0,3600.0,41.7658,-72.6734,2024,6,30,11
2024-06-30 12:00:00,721.0,438.0,283.0,487.0,30.4,64,13.6,220,1007.6,100,2,8,100,0.0,3600.0,41.7658,-72.6734,2024,6,30,12
2024-06-30 13:00:00,629.0,245.0,384.0,260.3,30.9,60,14.2,216,1006.9,100,4,21,100,0.0,3600.0,41.7658,-72.6734,2024,6,30,13
2024-06-30 14:00:00,650.0,279.0,371.0,297.7,29.4,65,16.7,205,1006.4,100,18,18,100,0.7,3600.0,41.7658,-72.6734,2024,6,30,14
2024-06-30 15:00:00,476.0,133.0,343.0,150.0,28.8,71,16.9,200,1005.7,30,4,19,12,0.0,2700.05,41.7658,-72.6734,2024,6,30,15
2024-06-30 16:00:00,674.0,543.0,131.0,684.2,30.3,70,16.6,198,1004.6,21,3,11,8,0.0,3600.0,41.7658,-72.6734,2024,6,30,16
2024-06-30 17:00:00,485.0,326.0,159.0,490.7,28.2,75,18.8,216,1004.4,80,13,32,69,1.5,3600.0,41.7658,-72.6734,2024,6,30,17
2024-06-30 18:00:00,231.0,99.0,132.0,195.0,23.9,91,9.0,265,1006.4,100,17,56,99,16.0,3600.0,41.7658,-72.6734,2024,6,30,18
2024-06-30 19:00:00,110.0,30.0,80.0,89.8,23.7,90,11.1,245,1006.6,100,33,54,100,1.1,893.4,41.7658,-72.6734,2024,6,30,19
2024-06-30 20:00:00,38.0,1.0,37.0,6.4,23.0,93,9.7,255,1006.8,100,21,32,100,0.1,0.0,41.7658,-72.6734,2024,6,30,20
2024-06-30 21:00:00,4.0,1.0,3.0,19.1,21.5,99,6.3,246,1007.3,99,97,77,57,7.6,0.0,41.7658,-72.6734,2024,6,30,21
2024-06-30 22:00:00,0.0,0.0,0.0,0.0,21.8,90,13.5,314,1007.4,37,1,17,25,0.1,0.0,41.7658,-72.6734,2024,6,30,22
2024-06-30 23:00:00,0.0,0.0,0.0,0.0,19.5,85,12.3,328,1008.2,37,31,21,0,0.0,0.0,41.7658,-72.6734,2024,6,30,23
2024-07-01 00:00:00,0.0,0.0,0.0,0.0,18.2,84,14.2,330,1008.3,22,2,22,0,0.0,0.0,41.7658,-72.6734,2024,7,1,0
2024-07-01 01:00:00,0.0,0.0,0.0,0.0,17.1,83,11.5,321,1008.5,87,1,86,0,0.0,0.0,41.7658,-72.6734,2024,7,1,1
2024-07-01 02:00:00,0.0,0.0,0.0,0.0,17.2,81,12.5,327,1008.0,19,1,18,0,0.0,0.0,41.7658,-72.6734,2024,7,1,2
2024-07-01 03:00:00,0.0,0.0,0.0,0.0,16.4,85,7.5,343,1008.1,3,3,0,0,0.0,0.0,41.7658,-72.6734,2024,7,1,3
2024-07-01 04:00:00,0.0,0.0,0.0,0.0,15.5,91,6.5,354,1008.4,9,9,0,0,0.0,0.0,41.7658,-72.6734,2024,7,1,4
2024-07-01 05:00:00,0.0,0.0,0.0,0.0,15.5,92,8.6,345,1008.8,3,3,0,0,0.0,0.0,41.7658,-72.6734,2024,7,1,5
2024-07-01 06:00:00,12.0,4.0,8.0,60.4,15.8,92,9.3,344,1009.5,4,4,0,0,0.0,372.73,41.7658,-72.6734,2024,7,1,6
2024-07-01 07:00:00,117.0,66.0,51.0,351.7,17.6,83,14.2,351,1010.0,9,9,0,0,0.0,3600.0,41.7658,-72.6734,2024,7,1,7
2024-07-01 08:00:00,275.0,187.0,88.0,510.7,19.4,77,15.9,3,1010.6,16,13,15,0,0.0,3600.0,41.7658,-72.6734,2024,7,1,8
2024-07-01 09:00:00,429.0,309.0,120.0,574.9,21.3,70,15.9,356,1011.1,15,1,15,0,0.0,3600.0,41.7658,-72.6734,2024,7,1,9
2024-07-01 10:00:00,591.0,442.0,149.0,640.6,22.7,63,17.3,355,1011.5,9,4,5,0,0.0,3600.0,41.7658,-72.6734,2024,7,1,10
2024-07-01 11:00:00,734.0,592.0,142.0,728.0,23.9,56,19.2,354,1011.9,14,1,13,0,0.0,3600.0,41.7658,-72.6734,2024,7,1,11
2024-07-01 12:00:00,835.0,682.0,153.0,758.8,24.9,50,20.5,358,1012.1,23,5,9,14,0.0,3600.0,41.7658,-72.6734,2024,7,1,12
2024-07-01 13:00:00,862.0,671.0,191.0,713.1,26.0,45,20.9,357,1011.9,33,1,7,29,0.0,3600.0,41.7658,-72.6734,2024,7,1,13
2024-07-01 14:00:00,860.0,670.0,190.0,715.3,25.7,42,21.4,352,1012.0,23,0,20,5,0.0,3600.0,41.7658,-72.6734,2024,7,1,14
2024-07-01 15:00:00,816.0,677.0,139.0,763.7,25.7,46,19.2,352,1011.8,4,0,1,3,0.0,3600.0,41.7658,-72.6734,2024,7,1,15
2024-07-01 16:00:00,754.0,635.0,119.0,800.2,26.1,41,18.8,3,1012.0,8,2,7,0,0.0,3600.0,41.7658,-72.6734,2024,7,1,16
2024-07-01 17:00:00,566.0,452.0,114.0,680.4,25.5,43,17.2,10,1012.1,13,3,10,0,0.0,3600.0,41.7658,-72.6734,2024,7,1,17
2024-07-01 18:00:00,411.0,315.0,96.0,620.6,24.9,46,12.1,10,1012.6,4,2,1,0,0.0,3600.0,41.7658,-72.6734,2024,7,1,18
2024-07-01 19:00:00,251.0,178.0,73.0,532.9,23.6,57,8.7,5,1013.2,2,0,2,0,0.0,3600.0,41.7658,-72.6734,2024,7,1,19
2024-07-01 20:00:00,91.0,51.0,40.0,328.2,21.5,63,10.0,339,1013.9,12,2,12,0,0.0,3600.0,41.7658,-72.6734,2024,7,1,20
2024-07-01 21:00:00,5.0,1.0,4.0,19.1,20.3,79,6.9,317,1015.4,85,0,85,0,0.0,0.0,41.7658,-72.6734,2024,7,1,21
2024-07-01 22:00:00,0.0,0.0,0.0,0.0,20.3,68,8.8,341,1016.6,8,1,8,0,0.0,0.0,41.7658,-72.6734,2024,7,1,22
2024-07-01 23:00:00,0.0,0.0,0.0,0.0,18.9,68,10.8,356,1017.3,0,0,0,0,0.0,0.0,41.7658,-72.6734,2024,7,1,23
2024-07-02 00:00:00,0.0,0.0,0.0,0.0,18.0,72,10.3,12,1017.5,0,0,0,0,0.0,0.0,41.7658,-72.6734,2024,7,2,0
2024-07-02 01:00:00,0.0,0.0,0.0,0.0,17.1,76,10.6,10,1017.7,0,0,0,0,0.0,0.0,41.7658,-72.6734,2024,7,2,1
2024-07-02 02:00:00,0.0,0.0,0.0,0.0,16.3,79,9.4,360,1017.6,0,0,0,0,0.0,0.0,41.7658,-72.6734,2024,7,2,2
2024-07-02 03:00:00,0.0,0.0,0.0,0.0,15.6,81,9.7,358,1017.7,0,0,0,0,0.0,0.0,41.7658,-72.6734,2024,7,2,3
2024-07-02 04:00:00,0.0,0.0,0.0,0.0,15.1,82,9.5,11,1017.7,0,0,0,0,0.0,0.0,41.7658,-72.6734,2024,7,2,4
2024-07-02 05:00:00,0.0,0.0,0.0,0.0,14.5,83,9.0,360,1017.9,0,0,0,0,0.0,0.0,41.7658,-72.6734,2024,7,2,5
2024-07-02 06:00:00,13.0,5.0,8.0,76.4,14.5,82,10.1,4,1018.6,0,0,0,0,0.0,742.14,41.7658,-72.6734,2024,7,2,6
2024-07-02 07:00:00,122.0,75.0,47.0,402.8,16.0,79,8.3,2,1019.4,0,0,0,0,0.0,3600.0,41.7658,-72.6734,2024,7,2,7
2024-07-02 08:00:00,292.0,218.0,74.0,597.6,17.9,71,7.9,3,1020.3,0,0,0,0,0.0,3600.0,41.7658,-72.6734,2024,7,2,8
2024-07-02 09:00:00,473.0,380.0,93.0,708.6,20.3,65,7.2,360,1021.1,0,0,0,0,0.0,3600.0,41.7658,-72.6734,2024,7,2,9
2024-07-02 10:00:00,643.0,538.0,105.0,781.0,22.6,56,7.2,6,1021.2,0,0,0,0,0.0,3600.0,41.7658,-72.6734,2024,7,2,10
2024-07-02 11:00:00,785.0,673.0,112.0,828.5,24.6,50,6.0,17,1021.0,20,0,0,20,0.0,3600.0,41.7658,-72.6734,2024,7,2,11
2024-07-02 12:00:00,885.0,768.0,117.0,855.1,26.1,44,3.7,29,1020.5,17,0,0,17,0.0,3600.0,41.7658,-72.6734,2024,7,2,12
2024-07-02 13:00:00,935.0,816.0,119.0,867.7,27.0,39,4.3,360,1019.9,6,0,2,4,0.0,3600.0,41.7658,-72.6734,2024,7,2,13
2024-07-02 14:00:00,926.0,804.0,122.0,858.6,27.6,38,6.6,338,1019.5,26,1,26,0,0.0,3600.0,41.7658,-72.6734,2024,7,2,14
2024-07-02 15:00:00,823.0,667.0,156.0,752.6,27.7,38,9.2,329,1019.2,21,0,21,0,0.0,3600.0,41.7658,-72.6734,2024,7,2,15
2024-07-02 16:00:00,741.0,605.0,136.0,762.5,27.6,37,8.9,328,1018.7,1,1,1,0,0.0,3600.0,41.7658,-72.6734,2024,7,2,16
2024-07-02 17:00:00,599.0,488.0,111.0,734.7,27.2,37,6.3,329,1018.1,0,0,0,0,0.0,3600.0,41.7658,-72.6734,2024,7,2,17
2024-07-02 18:00:00,439.0,350.0,89.0,689.7,26.5,38,5.3,332,1018.1,100,0,0,100,0.0,3600.0,41.7658,-72.6734,2024,7,2,18
2024-07-02 19:00:00,255.0,173.0,82.0,518.3,24.4,61,2.7,23,1018.2,99,0,0,99,0.0,3600.0,41.7658,-72.6734,2024,7,2,19
2024-07-02 20:00:00,87.0,35.0,52.0,225.7,23.1,67,4.2,160,1018.4,100,0,0,100,0.0,3600.0,41.7658,-72.6734,2024,7,2,20
2024-07-02 21:00:00,5.0,0.0,5.0,0.0,20.5,68,9.4,187,1019.5,100,0,0,100,0.0,0.0,41.7658,-72.6734,2024,7,2,21
2024-07-02 22:00:00,0.0,0.0,0.0,0.0,19.7,68,9.3,208,1019.6,100,0,0,100,0.0,0.0,41.7658,-72.6734,2024,7,2,22
2024-07-02 23:00:00,0.0,0.0,0.0,0.0,18.9,71,7.2,207,1019.9,92,0,0,92,0.0,0.0,41.7658,-72.6734,2024,7,2,23
2024-07-03 00:00:00,0.0,0.0,0.0,0.0,18.2,76,5.2,164,1020.1,86,0,0,86,0.0,0.0,41.7658,-72.6734,2024,7,3,0
2024-07-03 01:00:00,0.0,0.0,0.0,0.0,17.5,80,5.9,169,1020.0,99,0,0,99,0.0,0.0,41.7658,-72.6734,2024,7,3,1
2024-07-03 02:00:00,0.0,0.0,0.0,0.0,17.2,82,8.2,229,1020.1,97,0,0,97,0.0,0.0,41.7658,-72.6734,2024,7,3,2
2024-07-03 03:00:00,0.0,0.0,0.0,0.0,16.3,88,6.0,245,1019.8,90,0,0,90,0.0,0.0,41.7658,-72.6734,2024,7,3,3
2024-07-03 04:00:00,0.0,0.0,0.0,0.0,16.2,86,6.4,227,1019.5,100,0,0,100,0.0,0.0,41.7658,-72.6734,2024,7,3,4
2024-07-03 05:00:00,0.0,0.0,0.0,0.0,17.1,80,3.9,214,1019.5,100,0,0,100,0.0,0.0,41.7658,-72.6734,2024,7,3,5
2024-07-03 06:00:00,12.0,2.0,10.0,30.9,17.3,80,1.9,158,1019.3,100,0,0,100,0.0,0.0,41.7658,-72.6734,2024,7,3,6
2024-07-03 07:00:00,109.0,56.0,53.0,303.2,18.0,81,0.8,117,1019.3,100,0,1,100,0.0,3600.0,41.7658,-72.6734,2024,7,3,7
2024-07-03 08:00:00,232.0,100.0,132.0,275.2,19.7,73,1.5,194,1019.4,73,0,0,73,0.0,3600.0,41.7658,-72.6734,2024,7,3,8
2024-07-03 09:00:00,462.0,360.0,102.0,672.9,22.3,65,1.5,166,1019.6,12,0,0,12,0.0,3600.0,41.7658,-72.6734,2024,7,3,9
2024-07-03 10:00:00,628.0,512.0,116.0,744.4,24.6,56,2.6,196,1019.4,0,0,0,0,0.0,3600.0,41.7658,-72.6734,2024,7,3,10
2024-07-03 11:00:00,771.0,658.0,113.0,810.9,26.3,45,7.6,199,1018.6,31,0,7,30,0.0,3600.0,41.7658,-72.6734,2024,7,3,11
2024-07-03 12:00:00,866.0,744.0,122.0,829.1,27.4,39,9.6,193,1018.3,96,0,0,96,0.0,3600.0,41.7658,-72.6734,2024,7,3,12
2024-07-03 13:00:00,907.0,760.0,147.0,808.6,28.0,36,12.0,189,1017.5,99,0,7,99,0.0,3600.0,41.7658,-72.6734,2024,7,3,13
2024-07-03 14:00:00,902.0,755.0,147.0,806.6,28.1,34,15.6,199,1017.0,11,0,0,11,0.0,3600.0,41.7658,-72.6734,2024,7,3,14
2024-07-03 15:00:00,855.0,737.0,118.0,831.9,27.8,33,16.5,196,1016.3,76,0,0,76,0.0,3600.0,41.7658,-72.6734,2024,7,3,15
2024-07-03 16:00:00,748.0,632.0,116.0,796.8,27.4,37,16.8,195,1015.6,97,0,0,97,0.0,3600.0,41.7658,-72.6734,2024,7,3,16
2024-07-03 17:00:00,601.0,492.0,109.0,741.0,26.6,37,17.3,197,1015.1,100,0,0,100,0.0,3600.0,41.7658,-72.6734,2024,7,3,17
2024-07-03 18:00:00,410.0,280.0,130.0,552.0,25.3,39,16.2,193,1014.8,100,0,0,100,0.0,3600.0,41.7658,-72.6734,2024,7,3,18
2024-07-03 19:00:00,245.0,157.0,88.0,470.8,23.6,46,13.8,189,1014.9,100,0,0,100,0.0,3600.0,41.7658,-72.6734,2024,7,3,19
2024-07-03 20:00:00,88.0,39.0,49.0,252.2,21.7,51,13.4,185,1014.8,69,0,0,69,0.0,3600.0,41.7658,-72.6734,2024,7,3,20
2024-07-03 21:00:00,5.0,1.0,4.0,19.1,20.4,57,12.3,187,1014.8,75,0,0,75,0.0,0.0,41.7658,-72.6734,2024,7,3,21
2024-07-03 22:00:00,0.0,0.0,0.0,0.0,19.5,62,10.9,189,1014.7,77,0,0,77,0.0,0.0,41.7658,-72.6734,2024,7,3,22
2024-07-03 23:00:00,0.0,0.0,0.0,0.0,18.6,69,9.9,190,1014.4,39,0,0,39,0.0,0.0,41.7658,-72.6734,2024,7,3,23
2024-07-04 00:00:00,0.0,0.0,0.0,0.0,18.0,76,9.9,190,1014.4,55,0,1,54,0.0,0.0,41.7658,-72.6734,2024,7,4,0
2024-07-04 01:00:00,0.0,0.0,0.0,0.0,17.7,81,10.5,188,1014.1,29,0,28,2,0.0,0.0,41.7658,-72.6734,2024,7,4,1
2024-07-04 02:00:00,0.0,0.0,0.0,0.0,17.8,83,10.2,190,1013.6,38,0,17,25,0.0,0.0,41.7658,-72.6734,2024,7,4,2
2024-07-04 03:00:00,0.0,0.0,0.0,0.0,17.8,82,10.9,189,1013.2,99,3,79,95,0.0,0.0,41.7658,-72.6734,2024,7,4,3
2024-07-04 04:00:00,0.0,0.0,0.0,0.0,18.2,81,10.7,194,1012.9,97,4,26,96,0.0,0.0,41.7658,-72.6734,2024,7,4,4
2024-07-04 05:00:00,0.0,0.0,0.0,0.0,18.0,81,10.6,190,1012.5,35,7,25,12,0.0,0.0,41.7658,-72.6734,2024,7,4,5
2024-07-04 06:00:00,9.0,2.0,7.0,31.3,18.1,81,11.1,193,1012.3,40,6,23,22,0.0,0.0,41.7658,-72.6734,2024,7,4,6
2024-07-04 07:00:00,98.0,47.0,51.0,256.6,19.3,79,10.2,190,1012.1,95,10,11,94,0.0,3600.0,41.7658,-72.6734,2024,7,4,7
2024-07-04 08:00:00,231.0,111.0,120.0,306.7,20.8,74,10.0,195,1012.0,98,17,22,98,0.0,3600.0,41.7658,-72.6734,2024,7,4,8
2024-07-04 09:00:00,289.0,143.0,146.0,267.9,20.3,86,9.8,188,1011.8,78,28,47,49,1.5,3600.0,41.7658,-72.6734,2024,7,4,9
2024-07-04 10:00:00,513.0,343.0,170.0,499.5,22.5,80,10.6,190,1011.0,93,2,14,92,0.0,3600.0,41.7658,-72.6734,2024,7,4,10
2024-07-04 11:00:00,686.0,479.0,207.0,591.0,25.0,71,10.6,204,1010.3,99,0,15,99,0.0,3600.0,41.7658,-72.6734,2024,7,4,11
2024-07-04 12:00:00,760.0,560.0,200.0,624.5,26.8,66,10.4,214,1010.1,92,1,19,89,0.0,3600.0,41.7658,-72.6734,2024,7,4,12
2024-07-04 13:00:00,804.0,555.0,249.0,590.9,29.5,57,7.9,231,1009.0,66,57,5,15,0.0,3600.0,41.7658,-72.6734,2024,7,4,13
2024-07-04 14:00:00,690.0,390.0,300.0,416.9,30.4,56,9.2,211,1008.2,71,6,68,3,0.0,3600.0,41.7658,-72.6734,2024,7,4,14
2024-07-04 15:00:00,726.0,486.0,240.0,548.8,31.2,53,12.4,206,1007.4,65,54,18,7,0.0,3600.0,41.7658,-72.6734,2024,7,4,15
2024-07-04 16:00:00,517.0,271.0,246.0,341.8,29.0,61,16.6,207,1007.6,100,28,80,97,0.2,3600.0,41.7658,-72.6734,2024,7,4,16
2024-07-04 17:00:00,268.0,75.0,193.0,113.0,26.7,77,7.9,177,1007.1,100,0,97,99,0.6,1589.93,41.7658,-72.6734,2024,7,4,17
2024-07-04 18:00:00,323.0,159.0,164.0,313.7,27.4,69,11.7,191,1006.6,99,0,6,99,0.0,3600.0,41.7658,-72.6734,2024,7,4,18
2024-07-04 19:00:00,213.0,116.0,97.0,348.3,26.5,73,12.5,192,1006.8,100,6,31,100,0.0,3600.0,41.7658,-72.6734,2024,7,4,19
2024-07-04 20:00:00,67.0,12.0,55.0,77.9,25.0,78,12.0,189,1007.1,100,6,9,100,0.0,535.84,41.7658,-72.6734,2024,7,4,20
2024-07-04 21:00:00,4.0,0.0,4.0,0.0,23.5,84,12.6,180,1007.6,100,2,37,100,0.0,0.0,41.7658,-72.6734,2024,7,4,21
2024-07-04 22:00:00,0.0,0.0,0.0,0.0,22.7,86,10.4,182,1007.8,99,1,99,92,0.0,0.0,41.7658,-72.6734,2024,7,4,22
2024-07-04 23:00:00,0.0,0.0,0.0,0.0,22.2,89,8.6,182,1007.7,100,2,100,87,0.0,0.0,41.7658,-72.6734,2024,7,4,23
2024-07-05 00:00:00,0.0,0.0,0.0,0.0,21.9,90,8.3,178,1007.7,90,10,19,87,0.0,0.0,41.7658,-72.6734,2024,7,5,0
2024-07-05 01:00:00,0.0,0.0,0.0,0.0,21.2,94,9.4,176,1007.6,100,8,100,77,0.0,0.0,41.7658,-72.6734,2024,7,5,1
2024-07-05 02:00:00,0.0,0.0,0.0,0.0,21.4,93,8.4,173,1007.0,100,0,24,100,0.0,0.0,41.7658,-72.6734,2024,7,5,2
2024-07-05 03:00:00,0.0,0.0,0.0,0.0,20.8,97,6.8,180,1006.5,99,9,97,83,0.0,0.0,41.7658,-72.6734,2024,7,5,3
2024-07-05 04:00:00,0.0,0.0,0.0,0.0,20.7,97,6.1,180,1006.3,100,21,100,100,0.0,0.0,41.7658,-72.6734,2024,7,5,4
2024-07-05 05:00:00,0.0,0.0,0.0,0.0,20.7,98,5.8,173,1006.3,100,65,100,95,0.0,0.0,41.7658,-72.6734,2024,7,5,5
2024-07-05 06:00:00,6.0,0.0,6.0,0.0,20.8,98,6.1,180,1006.6,100,100,42,83,0.0,0.0,41.7658,-72.6734,2024,7,5,6
2024-07-05 07:00:00,60.0,5.0,55.0,27.5,21.8,93,6.9,189,1006.6,100,100,17,97,0.0,0.0,41.7658,-72.6734,2024,7,5,7
2024-07-05 08:00:00,149.0,22.0,127.0,61.0,22.8,90,7.9,196,1006.7,100,100,5,100,0.0,30.93,41.7658,-72.6734,2024,7,5,8
2024-07-05 09:00:00,268.0,86.0,182.0,161.5,23.6,93,8.0,190,1007.2,100,100,97,100,0.2,3046.12,41.7658,-72.6734,2024,7,5,9
2024-07-05 10:00:00,256.0,53.0,203.0,77.3,24.5,89,6.2,190,1006.7,100,89,24,99,0.2,519.3,41.7658,-72.6734,2024,7,5,10
2024-07-05 11:00:00,526.0,235.0,291.0,290.3,26.6,81,9.8,204,1006.5,100,100,10,26,0.0,3600.0,41.7658,-72.6734,2024,7,5,11
2024-07-05 12:00:00,409.0,63.0,346.0,70.3,27.2,79,10.1,197,1006.5,100,100,14,20,0.0,309.67,41.7658,-72.6734,2024,7,5,12
2024-07-05 13:00:00,613.0,288.0,325.0,306.8,28.7,73,8.1,193,1005.5,99,1,17,98,0.0,3600.0,41.7658,-72.6734,2024,7,5,13
2024-07-05 14:00:00,641.0,314.0,327.0,335.8,29.7,69,10.1,186,1005.1,85,8,15,82,0.0,3600.0,41.7658,-72.6734,2024,7,5,14
2024-07-05 15:00:00,669.0,395.0,274.0,446.2,30.4,66,11.3,187,1004.7,99,6,11,99,0.0,3600.0,41.7658,-72.6734,2024,7,5,15
2024-07-05 16:00:00,449.0,176.0,273.0,222.1,28.8,71,12.9,203,1004.8,88,0,26,83,0.7,3600.0,41.7658,-72.6734,2024,7,5,16
2024-07-05 17:00:00,451.0,296.0,155.0,446.2,29.2,71,13.4,194,1004.3,78,5,5,75,0.0,3600.0,41.7658,-72.6734,2024,7,5,17
2024-07-05 18:00:00,270.0,96.0,174.0,189.5,28.8,72,11.3,189,1004.4,98,11,27,97,0.0,3600.0,41.7658,-72.6734,2024,7,5,18
2024-07-05 19:00:00,173.0,69.0,104.0,207.5,27.9,76,10.2,198,1004.9,100,38,7,100,0.4,3600.0,41.7658,-72.6734,2024,7,5,19
2024-07-05 20:00:00,68.0,22.0,46.0,143.3,26.4,84,11.6,187,1005.2,99,17,2,99,0.0,2499.46,41.7658,-72.6734,2024,7,5,20
2024-07-05 21:00:00,4.0,0.0,4.0,0.0,24.5,92,13.5,171,1006.0,98,8,4,98,0.0,0.0,41.7658,-72.6734,2024,7,5,21
2024-07-05 22:00:00,0.0,0.0,0.0,0.0,23.7,93,11.6,175,1006.7,100,13,15,100,0.0,0.0,41.7658,-72.6734,2024,7,5,22
2024-07-05 23:00:00,0.0,0.0,0.0,0.0,23.1,94,12.1,190,1007.0,100,100,42,97,0.0,0.0,41.7658,-72.6734,2024,7,5,23
2024-07-06 00:00:00,0.0,0.0,0.0,0.0,22.7,95,11.3,187,1006.9,82,62,27,36,0.2,0.0,41.7658,-72.6734,2024,7,6,0
2024-07-06 01:00:00,0.0,0.0,0.0,0.0,22.4,97,7.2,174,1006.5,100,100,5,79,0.0,0.0,41.7658,-72.6734,2024,7,6,1
2024-07-06 02:00:00,0.0,0.0,0.0,0.0,22.4,98,9.4,176,1005.7,100,100,3,17,0.0,0.0,41.7658,-72.6734,2024,7,6,2
2024-07-06 03:00:00,0.0,0.0,0.0,0.0,22.4,98,10.1,186,1005.7,100,100,0,17,0.0,0.0,41.7658,-72.6734,2024,7,6,3
2024-07-06 04:00:00,0.0,0.0,0.0,0.0,22.4,97,9.8,186,1006.1,100,100,1,27,0.0,0.0,41.7658,-72.6734,2024,7,6,4
2024-07-06 05:00:00,0.0,0.0,0.0,0.0,22.3,98,9.4,180,1006.2,100,100,100,40,0.0,0.0,41.7658,-72.6734,2024,7,6,5
2024-07-06 06:00:00,3.0,0.0,3.0,0.0,22.5,98,10.5,188,1006.4,100,100,100,100,0.0,0.0,41.7658,-72.6734,2024,7,6,6
2024-07-06 07:00:00,12.0,0.0,12.0,0.0,22.8,97,10.1,184,1006.6,100,100,98,99,0.0,0.0,41.7658,-72.6734,2024,7,6,7
2024-07-06 08:00:00,64.0,0.0,64.0,0.0,23.6,94,12.4,190,1006.7,100,100,14,90,0.0,0.0,41.7658,-72.6734,2024,7,6,8
2024-07-06 09:00:00,208.0,98.0,110.0,184.5,23.9,90,11.4,167,1006.9,99,76,68,88,0.3,3600.0,41.7658,-72.6734,2024,7,6,9
2024-07-06 10:00:00,357.0,98.0,259.0,143.2,25.8,86,17.3,180,1007.4,100,98,34,82,0.1,2495.9,41.7658,-72.6734,2024,7,6,10
2024-07-06 11:00:00,331.0,54.0,277.0,66.8,26.0,84,17.0,186,1007.0,100,100,6,98,0.1,203.61,41.7658,-72.6734,2024,7,6,11
2024-07-06 12:00:00,457.0,108.0,349.0,120.7,27.3,79,17.5,189,1006.9,100,100,12,26,0.0,1819.85,41.7658,-72.6734,2024,7,6,12
2024-07-06 13:00:00,554.0,169.0,385.0,180.2,28.5,75,17.4,198,1006.7,100,100,8,13,0.1,3600.0,41.7658,-72.6734,2024,7,6,13
2024-07-06 14:00:00,415.0,54.0,361.0,57.8,29.0,73,15.7,200,1006.4,100,100,4,0,0.0,0.0,41.7658,-72.6734,2024,7,6,14
2024-07-06 15:00:00,464.0,123.0,341.0,139.0,30.1,67,15.6,199,1005.7,11,1,5,6,0.0,2370.5,41.7658,-72.6734,2024,7,6,15
2024-07-06 16:00:00,700.0,556.0,144.0,701.9,31.5,63,16.1,196,1005.2,24,10,10,7,0.0,3600.0,41.7658,-72.6734,2024,7,6,16
2024-07-06 17:00:00,542.0,420.0,122.0,633.5,30.5,65,17.3,201,1005.4,86,28,27,76,0.3,3600.0,41.7658,-72.6734,2024,7,6,17
2024-07-06 18:00:00,289.0,188.0,101.0,371.5,29.5,74,12.9,210,1005.8,64,2,30,48,0.0,3600.0,41.7658,-72.6734,2024,7,6,18
2024-07-06 19:00:00,187.0,92.0,95.0,277.1,28.7,80,9.1,187,1006.3,18,8,8,3,0.5,3600.0,41.7658,-72.6734,2024,7,6,19
2024-07-06 20:00:00,79.0,38.0,41.0,248.7,27.5,84,10.9,174,1006.5,9,0,9,0,0.0,3600.0,41.7658,-72.6734,2024,7,6,20
2024-07-06 21:00:00,4.0,1.0,3.0,19.1,25.7,90,11.2,182,1007.3,4,0,0,4,0.0,0.0,41.7658,-72.6734,2024,7,6,21
2024-07-06 22:00:00,0.0,0.0,0.0,0.0,24.7,94,10.5,186,1008.1,6,0,2,3,0.0,0.0,41.7658,-72.6734,2024,7,6,22
2024-07-06 23:00:00,0.0,0.0,0.0,0.0,24.2,96,11.1,193,1008.5,27,2,0,25,0.0,0.0,41.7658,-72.6734,2024,7,6,23
2024-07-07 00:00:00,0.0,0.0,0.0,0.0,23.8,97,5.8,202,1008.8,17,5,1,12,0.0,0.0,41.7658,-72.6734,2024,7,7,0
2024-07-07 01:00:00,0.0,0.0,0.0,0.0,23.5,99,5.2,12,1009.5,100,100,0,19,0.0,0.0,41.7658,-72.6734,2024,7,7,1
2024-07-07 02:00:00,0.0,0.0,0.0,0.0,23.5,99,6.5,146,1009.4,70,50,0,40,0.0,0.0,41.7658,-72.6734,2024,7,7,2
2024-07-07 03:00:00,0.0,0.0,0.0,0.0,23.4,100,3.1,291,1009.5,100,100,0,20,0.0,0.0,41.7658,-72.6734,2024,7,7,3
2024-07-07 04:00:00,0.0,0.0,0.0,0.0,23.1,100,5.0,300,1009.7,100,100,0,2,0.0,0.0,41.7658,-72.6734,2024,7,7,4
2024-07-07 05:00:00,0.0,0.0,0.0,0.0,23.0,99,3.2,333,1009.7,98,98,1,17,0.0,0.0,41.7658,-72.6734,2024,7,7,5
2024-07-07 06:00:00,7.0,1.0,6.0,16.3,22.6,100,6.2,353,1010.5,100,86,2,100,0.0,0.0,41.7658,-72.6734,2024,7,7,6
2024-07-07 07:00:00,79.0,16.0,63.0,89.8,23.0,95,5.2,12,1010.9,85,43,10,74,0.0,893.93,41.7658,-72.6734,2024,7,7,7
2024-07-07 08:00:00,218.0,94.0,124.0,263.0,24.1,87,5.0,360,1011.2,61,14,11,54,0.0,3600.0,41.7658,-72.6734,2024,7,7,8
2024-07-07 09:00:00,238.0,71.0,167.0,134.1,25.2,81,2.9,360,1011.8,60,4,30,47,0.0,2221.63,41.7658,-72.6734,2024,7,7,9
2024-07-07 10:00:00,468.0,280.0,188.0,409.9,27.3,69,3.3,13,1011.5,47,0,37,21,0.0,3600.0,41.7658,-72.6734,2024,7,7,10
2024-07-07 11:00:00,651.0,452.0,199.0,559.7,29.1,56,3.5,24,1011.5,71,0,31,61,0.0,3600.0,41.7658,-72.6734,2024,7,7,11
2024-07-07 12:00:00,691.0,478.0,213.0,534.5,30.3,52,0.7,90,1011.6,85,1,36,79,0.0,3600.0,41.7658,-72.6734,2024,7,7,12
2024-07-07 13:00:00,632.0,354.0,278.0,377.7,30.7,50,3.8,197,1011.5,98,0,26,97,0.0,3600.0,41.7658,-72.6734,2024,7,7,13
2024-07-07 14:00:00,443.0,155.0,288.0,166.0,30.1,52,5.2,196,1011.3,23,1,17,7,0.0,3178.74,41.7658,-72.6734,2024,7,7,14
2024-07-07 15:00:00,709.0,514.0,195.0,581.3,31.5,49,8.2,218,1010.9,28,11,26,1,0.0,3600.0,41.7658,-72.6734,2024,7,7,15
2024-07-07 16:00:00,604.0,420.0,184.0,530.5,31.7,47,8.4,227,1010.6,34,17,33,0,0.0,3600.0,41.7658,-72.6734,2024,7,7,16
2024-07-07 17:00:00,501.0,356.0,145.0,537.3,31.6,47,9.2,222,1010.2,25,0,25,0,0.1,3600.0,41.7658,-72.6734,2024,7,7,17
2024-07-07 18:00:00,375.0,265.0,110.0,524.2,30.5,53,8.5,216,1010.3,22,6,22,0,0.0,3600.0,41.7658,-72.6734,2024,7,7,18
2024-07-07 19:00:00,220.0,142.0,78.0,428.5,28.9,66,10.9,172,1010.5,10,0,10,0,0.0,3600.0,41.7658,-72.6734,2024,7,7,19
2024-07-07 20:00:00,80.0,39.0,41.0,256.6,26.8,77,9.5,169,1010.9,5,0,5,0,0.0,3600.0,41.7658,-72.6734,2024,7,7,20
2024-07-07 21:00:00,4.0,1.0,3.0,19.1,25.7,87,5.5,238,1011.5,7,0,7,0,0.0,0.0,41.7658,-72.6734,2024,7,7,21
2024-07-07 22:00:00,0.0,0.0,0.0,0.0,25.9,83,3.0,256,1012.3,1,0,1,0,0.0,0.0,41.7658,-72.6734,2024,7,7,22
2024-07-07 23:00:00,0.0,0.0,0.0,0.0,24.4,91,2.3,219,1012.3,0,0,0,0,0.0,0.0,41.7658,-72.6734,2024,7,7,23
2024-07-08 00:00:00,0.0,0.0,0.0,0.0,23.8,93,1.1,360,1012.5,1,0,1,0,0.0,0.0,41.7658,-72.6734,2024,7,8,0
2024-07-08 01:00:00,0.0,0.0,0.0,0.0,23.2,97,1.0,315,1012.7,5,1,4,0,0.0,0.0,41.7658,-72.6734,2024,7,8,1
2024-07-08 02:00:00,0.0,0.0,0.0,0.0,22.0,98,5.3,332,1012.7,9,9,0,0,0.0,0.0,41.7658,-72.6734,2024,7,8,2
2024-07-08 03:00:00,0.0,0.0,0.0,0.0,21.4,99,5.0,360,1012.8,51,50,2,0,0.0,0.0,41.7658,-72.6734,2024,7,8,3
2024-07-08 04:00:00,0.0,0.0,0.0,0.0,21.0,100,4.7,356,1012.6,100,100,0,0,0.0,0.0,41.7658,-72.6734,2024,7,8,4
2024-07-08 05:00:00,0.0,0.0,0.0,0.0,20.7,99,5.1,356,1012.8,100,100,0,0,0.0,0.0,41.7658,-72.6734,2024,7,8,5
2024-07-08 06:00:00,8.0,2.0,6.0,33.0,20.5,99,5.8,4,1013.3,99,99,0,0,0.0,0.0,41.7658,-72.6734,2024,7,8,6
2024-07-08 07:00:00,92.0,40.0,52.0,226.7,21.3,93,2.9,7,1013.7,35,35,0,0,0.0,3600.0,41.7658,-72.6734,2024,7,8,7
2024-07-08 08:00:00,265.0,183.0,82.0,514.3,23.1,86,3.3,354,1014.0,0,0,0,0,0.0,3600.0,41.7658,-72.6734,2024,7,8,8
2024-07-08 09:00:00,441.0,340.0,101.0,643.7,26.1,69,4.0,10,1014.0,3,3,0,0,0.0,3600.0,41.7658,-72.6734,2024,7,8,9
2024-07-08 10:00:00,608.0,489.0,119.0,717.1,28.6,58,4.8,13,1013.9,0,0,0,0,0.0,3600.0,41.7658,-72.6734,2024,7,8,10
2024-07-08 11:00:00,750.0,631.0,119.0,782.4,30.4,50,4.3,5,1013.7,54,0,1,54,0.0,3600.0,41.7658,-72.6734,2024,7,8,11
2024-07-08 12:00:00,812.0,635.0,177.0,710.8,31.5,47,2.0,315,1013.4,40,2,13,31,0.0,3600.0,41.7658,-72.6734,2024,7,8,12
2024-07-08 13:00:00,824.0,651.0,173.0,695.0,32.1,45,4.2,290,1012.6,17,3,14,0,0.0,3600.0,41.7658,-72.6734,2024,7,8,13
2024-07-08 14:00:00,822.0,662.0,160.0,709.3,32.5,43,5.8,274,1012.0,22,2,20,2,0.0,3600.0,41.7658,-72.6734,2024,7,8,14
2024-07-08 15:00:00,755.0,599.0,156.0,677.8,32.5,42,7.0,258,1011.6,20,0,16,5,0.0,3600.0,41.7658,-72.6734,2024,7,8,15
2024-07-08 16:00:00,686.0,542.0,144.0,685.0,32.8,41,6.5,276,1011.1,30,0,25,7,0.0,3600.0,41.7658,-72.6734,2024,7,8,16
2024-07-08 17:00:00,525.0,392.0,133.0,592.2,32.6,41,6.5,251,1010.7,11,0,11,0,0.0,3600.0,41.7658,-72.6734,2024,7,8,17
2024-07-08 18:00:00,391.0,289.0,102.0,572.4,31.5,47,10.4,200,1010.5,73,0,21,65,0.0,3600.0,41.7658,-72.6734,2024,7,8,18
2024-07-08 19:00:00,217.0,143.0,74.0,432.5,29.4,61,12.4,202,1010.8,96,1,7,96,0.0,3600.0,41.7658,-72.6734,2024,7,8,19
2024-07-08 20:00:00,77.0,31.0,46.0,205.2,27.7,72,9.7,202,1011.3,42,0,4,39,0.0,3600.0,41.7658,-72.6734,2024,7,8,20
2024-07-08 21:00:00,4.0,0.0,4.0,0.0,26.3,76,9.2,191,1011.5,88,0,2,88,0.0,0.0,41.7658,-72.6734,2024,7,8,21
2024-07-08 22:00:00,0.0,0.0,0.0,0.0,25.4,84,7.2,198,1012.0,100,1,10,100,0.0,0.0,41.7658,-72.6734,2024,7,8,22
2024-07-08 23:00:00,0.0,0.0,0.0,0.0,24.7,90,7.8,202,1012.3,100,3,7,100,0.0,0.0,41.7658,-72.6734,2024,7,8,23
2024-07-09 00:00:00,0.0,0.0,0.0,0.0,24.0,94,7.8,193,1012.6,89,6,4,88,0.0,0.0,41.7658,-72.6734,2024,7,9,0
2024-07-09 01:00:00,0.0,0.0,0.0,0.0,23.4,97,8.4,187,1012.6,42,20,2,27,0.0,0.0,41.7658,-72.6734,2024,7,9,1
2024-07-09 02:00:00,0.0,0.0,0.0,0.0,22.9,99,8.3,185,1012.5,50,43,1,11,0.0,0.0,41.7658,-72.6734,2024,7,9,2
2024-07-09 03:00:00,0.0,0.0,0.0,0.0,22.7,100,7.9,183,1012.2,98,58,0,95,0.0,0.0,41.7658,-72.6734,2024,7,9,3
2024-07-09 04:00:00,0.0,0.0,0.0,0.0,22.6,100,6.8,177,1011.8,100,100,1,85,0.0,0.0,41.7658,-72.6734,2024,7,9,4
2024-07-09 05:00:00,0.0,0.0,0.0,0.0,22.6,100,6.5,174,1011.7,100,100,6,99,0.0,0.0,41.7658,-72.6734,2024,7,9,5
2024-07-09 06:00:00,6.0,0.0,6.0,0.0,22.6,99,7.9,180,1011.8,100,100,1,98,0.0,0.0,41.7658,-72.6734,2024,7,9,6
2024-07-09 07:00:00,67.0,10.0,57.0,57.3,23.2,96,9.1,198,1012.0,100,100,1,58,0.0,0.0,41.7658,-72.6734,2024,7,9,7
2024-07-09 08:00:00,211.0,87.0,124.0,245.6,24.8,87,8.6,195,1012.0,92,18,0,90,0.0,3600.0,41.7658,-72.6734,2024,7,9,8
2024-07-09 09:00:00,378.0,230.0,148.0,436.6,27.0,80,12.6,185,1011.3,97,3,1,97,0.0,3600.0,41.7658,-72.6734,2024,7,9,9
2024-07-09 10:00:00,562.0,370.0,192.0,543.6,29.1,72,13.3,193,1011.0,100,3,9,100,0.0,3600.0,41.7658,-72.6734,2024,7,9,10
2024-07-09 11:00:00,439.0,167.0,272.0,207.3,27.9,75,8.7,318,1011.7,100,20,47,100,5.8,3600.0,41.7658,-72.6734,2024,7,9,11
2024-07-09 12:00:00,514.0,209.0,305.0,234.2,26.8,84,6.9,118,1011.4,100,2,2,100,1.3,3600.0,41.7658,-72.6734,2024,7,9,12
2024-07-09 13:00:00,742.0,452.0,290.0,483.0,29.0,73,9.7,141,1010.2,94,1,21,93,0.0,3600.0,41.7658,-72.6734,2024,7,9,13
2024-07-09 14:00:00,785.0,528.0,257.0,566.1,31.5,60,11.6,173,1009.4,56,2,27,38,0.0,3600.0,41.7658,-72.6734,2024,7,9,14
2024-07-09 15:00:00,753.0,604.0,149.0,683.9,32.8,50,16.6,207,1008.7,41,11,21,20,0.0,3600.0,41.7658,-72.6734,2024,7,9,15
2024-07-09 16:00:00,468.0,283.0,185.0,358.0,31.6,53,17.2,196,1008.3,34,5,24,12,0.1,3600.0,41.7658,-72.6734,2024,7,9,16
2024-07-09 17:00:00,465.0,323.0,142.0,488.4,31.0,55,17.5,199,1007.8,87,13,35,79,0.0,3600.0,41.7658,-72.6734,2024,7,9,17
2024-07-09 18:00:00,366.0,243.0,123.0,482.0,30.0,61,16.1,200,1007.6,100,0,28,100,0.0,3600.0,41.7658,-72.6734,2024,7,9,18
2024-07-09 19:00:00,121.0,7.0,114.0,21.2,28.5,69,11.6,196,1008.1,100,0,2,100,0.0,0.0,41.7658,-72.6734,2024,7,9,19
2024-07-09 20:00:00,36.0,1.0,35.0,6.7,26.9,76,11.9,185,1008.5,100,0,0,100,0.0,0.0,41.7658,-72.6734,2024,7,9,20
2024-07-09 21:00:00,3.0,0.0,3.0,0.0,26.1,78,11.9,178,1008.7,100,0,10,100,0.0,0.0,41.7658,-72.6734,2024,7,9,21
2024-07-09 22:00:00,0.0,0.0,0.0,0.0,25.6,83,10.4,178,1009.2,100,0,4,100,0.0,0.0,41.7658,-72.6734,2024,7,9,22
2024-07-09 23:00:00,0.0,0.0,0.0,0.0,24.9,87,10.8,184,1009.1,100,0,13,100,0.0,0.0,41.7658,-72.6734,2024,7,9,23
2024-07-10 00:00:00,0.0,0.0,0.0,0.0,24.5,91,8.3,180,1009.1,100,0,100,100,0.0,0.0,41.7658,-72.6734,2024,7,10,0
2024-07-10 01:00:00,0.0,0.0,0.0,0.0,24.4,93,7.2,177,1009.0,98,0,94,87,0.0,0.0,41.7658,-72.6734,2024,7,10,1
2024-07-10 02:00:00,0.0,0.0,0.0,0.0,24.1,95,8.3,180,1008.9,59,0,38,35,0.0,0.0,41.7658,-72.6734,2024,7,10,2
2024-07-10 03:00:00,0.0,0.0,0.0,0.0,23.7,96,7.6,177,1008.6,25,0,20,10,0.0,0.0,41.7658,-72.6734,2024,7,10,3
2024-07-10 04:00:00,0.0,0.0,0.0,0.0,23.5,97,7.2,174,1008.5,4,0,4,1,0.0,0.0,41.7658,-72.6734,2024,7,10,4
2024-07-10 05:00:00,0.0,0.0,0.0,0.0,23.3,97,7.7,169,1008.6,19,0,3,17,0.0,0.0,41.7658,-72.6734,2024,7,10,5
2024-07-10 06:00:00,8.0,2.0,6.0,34.0,23.4,97,8.0,170,1008.5,91,2,0,91,0.0,0.0,41.7658,-72.6734,2024,7,10,6
2024-07-10 07:00:00,93.0,36.0,57.0,208.2,24.8,91,8.7,187,1008.7,100,9,0,100,0.0,3600.0,41.7658,-72.6734,2024,7,10,7
2024-07-10 08:00:00,219.0,99.0,120.0,280.8,26.1,86,11.0,191,1009.0,100,38,0,100,0.0,3600.0,41.7658,-72.6734,2024,7,10,8
2024-07-10 09:00:00,354.0,170.0,184.0,323.6,26.6,85,10.1,182,1009.0,99,41,45,98,1.8,3600.0,41.7658,-72.6734,2024,7,10,9
2024-07-10 10:00:00,374.0,150.0,224.0,220.8,27.9,80,10.8,176,1008.7,100,46,11,100,0.2,3600.0,41.7658,-72.6734,2024,7,10,10
2024-07-10 11:00:00,531.0,272.0,259.0,338.2,29.3,74,13.3,178,1008.6,100,15,25,100,0.1,3600.0,41.7658,-72.6734,2024,7,10,11
2024-07-10 12:00:00,610.0,264.0,346.0,296.1,30.5,68,15.9,184,1008.0,97,8,2,97,0.2,3600.0,41.7658,-72.6734,2024,7,10,12
2024-07-10 13:00:00,837.0,664.0,173.0,710.1,31.8,61,20.2,185,1007.2,65,13,21,51,0.1,3600.0,41.7658,-72.6734,2024,7,10,13
2024-07-10 14:00:00,734.0,540.0,194.0,579.4,31.8,59,22.3,189,1006.7,100,11,9,100,0.0,3600.0,41.7658,-72.6734,2024,7,10,14
2024-07-10 15:00:00,773.0,588.0,185.0,666.3,31.5,61,25.0,187,1006.0,100,8,7,100,0.0,3600.0,41.7658,-72.6734,2024,7,10,15
2024-07-10 16:00:00,627.0,419.0,208.0,530.4,30.3,65,25.5,188,1005.5,100,9,5,100,0.0,3600.0,41.7658,-72.6734,2024,7,10,16
2024-07-10 17:00:00,514.0,318.0,196.0,481.4,29.5,66,24.7,188,1005.2,36,14,1,25,0.0,3600.0,41.7658,-72.6734,2024,7,10,17
2024-07-10 18:00:00,377.0,261.0,116.0,518.5,28.3,70,23.3,188,1005.4,59,40,2,31,0.0,3600.0,41.7658,-72.6734,2024,7,10,18
2024-07-10 19:00:00,192.0,88.0,104.0,267.6,26.9,73,21.3,186,1005.9,37,26,2,14,0.0,3600.0,41.7658,-72.6734,2024,7,10,19
2024-07-10 20:00:00,76.0,34.0,42.0,228.2,25.7,79,19.5,183,1006.2,80,23,0,74,0.0,3600.0,41.7658,-72.6734,2024,7,10,20
2024-07-10 21:00:00,3.0,0.0,3.0,0.0,25.4,82,20.6,184,1005.7,100,100,2,42,0.0,0.0,41.7658,-72.6734,2024,7,10,21
2024-07-10 22:00:00,0.0,0.0,0.0,0.0,24.8,83,19.5,184,1006.1,94,88,3,50,0.0,0.0,41.7658,-72.6734,2024,7,10,22
2024-07-10 23:00:00,0.0,0.0,0.0,0.0,24.7,83,18.5,187,1006.3,100,100,10,74,0.0,0.0,41.7658,-72.6734,2024,7,10,23
2024-07-11 00:00:00,0.0,0.0,0.0,0.0,25.0,82,18.8,187,1006.1,100,100,7,33,0.0,0.0,41.7658,-72.6734,2024,7,11,0
2024-07-11 01:00:00,0.0,0.0,0.0,0.0,25.0,82,19.6,186,1005.7,100,100,1,10,0.0,0.0,41.7658,-72.6734,2024,7,11,1
2024-07-11 02:00:00,0.0,0.0,0.0,0.0,24.9,83,19.4,190,1005.3,100,100,4,10,0.0,0.0,41.7658,-72.6734,2024,7,11,2
2024-07-11 03:00:00,0.0,0.0,0.0,0.0,24.8,84,18.0,192,1005.4,100,100,56,26,0.0,0.0,41.7658,-72.6734,2024,7,11,3
2024-07-11 04:00:00,0.0,0.0,0.0,0.0,23.5,95,16.5,191,1005.3,100,100,86,57,5.3,0.0,41.7658,-72.6734,2024,7,11,4
2024-07-11 05:00:00,0.0,0.0,0.0,0.0,23.4,95,16.6,193,1005.6,100,100,11,0,1.2,0.0,41.7658,-72.6734,2024,7,11,5
2024-07-11 06:00:00,3.0,0.0,3.0,0.0,23.4,96,15.3,189,1005.8,100,100,18,7,0.0,0.0,41.7658,-72.6734,2024,7,11,6
2024-07-11 07:00:00,47.0,2.0,45.0,11.7,23.9,95,15.8,192,1006.3,100,100,100,76,0.0,0.0,41.7658,-72.6734,2024,7,11,7
2024-07-11 08:00:00,96.0,12.0,84.0,34.2,24.1,96,13.3,193,1006.9,100,96,20,91,0.7,0.0,41.7658,-72.6734,2024,7,11,8
2024-07-11 09:00:00,179.0,37.0,142.0,70.6,25.3,90,13.8,208,1007.5,59,49,23,2,0.0,318.97,41.7658,-72.6734,2024,7,11,9
2024-07-11 10:00:00,464.0,293.0,171.0,432.1,27.3,77,14.0,209,1007.6,26,24,0,1,0.0,3600.0,41.7658,-72.6734,2024,7,11,10
2024-07-11 11:00:00,667.0,493.0,174.0,613.8,29.4,66,17.2,209,1007.9,25,25,0,0,0.1,3600.0,41.7658,-72.6734,2024,7,11,11
2024-07-11 12:00:00,771.0,584.0,187.0,655.8,30.9,58,19.7,204,1008.0,65,14,2,59,0.0,3600.0,41.7658,-72.6734,2024,7,11,12
2024-07-11 13:00:00,854.0,708.0,146.0,757.8,31.8,53,21.1,205,1008.0,98,17,5,98,0.0,3600.0,41.7658,-72.6734,2024,7,11,13
2024-07-11 14:00:00,855.0,688.0,167.0,738.8,32.1,49,20.5,204,1008.2,51,43,16,13,0.0,3600.0,41.7658,-72.6734,2024,7,11,14
2024-07-11 15:00:00,708.0,483.0,225.0,547.7,32.1,48,19.8,209,1008.3,44,21,42,0,0.0,3600.0,41.7658,-72.6734,2024,7,11,15
2024-07-11 16:00:00,604.0,388.0,216.0,491.6,32.2,45,20.1,216,1008.4,30,3,29,0,0.0,3600.0,41.7658,-72.6734,2024,7,11,16
2024-07-11 17:00:00,514.0,363.0,151.0,550.1,32.1,43,20.0,214,1008.6,21,7,20,0,0.0,3600.0,41.7658,-72.6734,2024,7,11,17
2024-07-11 18:00:00,315.0,178.0,137.0,354.3,29.2,56,20.5,182,1009.2,67,2,67,0,0.0,3600.0,41.7658,-72.6734,2024,7,11,18
2024-07-11 19:00:00,201.0,114.0,87.0,347.8,27.6,64,18.9,188,1010.2,14,4,13,0,0.0,3600.0,41.7658,-72.6734,2024,7,11,19
2024-07-11 20:00:00,74.0,31.0,43.0,209.8,26.6,69,14.3,198,1011.2,1,0,1,0,0.0,3600.0,41.7658,-72.6734,2024,7,11,20
2024-07-11 21:00:00,4.0,1.0,3.0,19.1,24.9,77,10.6,190,1012.8,0,0,0,0,0.0,0.0,41.7658,-72.6734,2024,7,11,21
2024-07-11 22:00:00,0.0,0.0,0.0,0.0,24.1,81,10.5,188,1013.5,0,0,0,0,0.0,0.0,41.7658,-72.6734,2024,7,11,22
2024-07-11 23:00:00,0.0,0.0,0.0,0.0,23.3,85,8.4,190,1013.9,0,0,0,0,0.0,0.0,41.7658,-72.6734,2024,7,11,23
2024-07-12 00:00:00,0.0,0.0,0.0,0.0,22.6,88,8.4,190,1014.2,1,1,0,0,0.0,0.0,41.7658,-72.6734,2024,7,12,0
2024-07-12 01:00:00,0.0,0.0,0.0,0.0,22.0,91,7.8,193,1014.5,0,0,0,0,0.0,0.0,41.7658,-72.6734,2024,7,12,1
2024-07-12 02:00:00,0.0,0.0,0.0,0.0,21.5,93,6.7,196,1014.5,0,0,0,0,0.0,0.0,41.7658,-72.6734,2024,7,12,2
2024-07-12 03:00:00,0.0,0.0,0.0,0.0,21.1,95,7.0,192,1014.8,1,1,0,0,0.0,0.0,41.7658,-72.6734,2024,7,12,3
2024-07-12 04:00:00,0.0,0.0,0.0,0.0,20.8,95,6.7,196,1015.0,3,0,3,0,0.0,0.0,41.7658,-72.6734,2024,7,12,4
2024-07-12 05:00:00,0.0,0.0,0.0,0.0,20.5,95,7.2,198,1015.8,0,0,0,0,0.0,0.0,41.7658,-72.6734,2024,7,12,5
2024-07-12 06:00:00,7.0,2.0,5.0,35.1,20.4,95,6.5,199,1016.2,0,0,0,0,0.0,0.0,41.7658,-72.6734,2024,7,12,6
2024-07-12 07:00:00,99.0,54.0,45.0,319.3,21.8,88,3.9,202,1016.7,5,0,5,0,0.0,3600.0,41.7658,-72.6734,2024,7,12,7
2024-07-12 08:00:00,240.0,161.0,79.0,461.1,23.7,79,4.8,193,1017.0,42,0,42,0,0.0,3600.0,41.7658,-72.6734,2024,7,12,8
2024-07-12 09:00:00,347.0,214.0,133.0,409.7,25.1,72,13.2,197,1017.8,100,1,11,100,0.0,3600.0,41.7658,-72.6734,2024,7,12,9
2024-07-12 10:00:00,353.0,145.0,208.0,214.2,24.7,75,13.7,198,1017.8,100,0,41,100,0.0,3600.0,41.7658,-72.6734,2024,7,12,10
2024-07-12 11:00:00,396.0,97.0,299.0,120.9,25.3,73,10.2,198,1017.8,47,9,38,9,0.0,1828.19,41.7658,-72.6734,2024,7,12,11
2024-07-12 12:00:00,718.0,461.0,257.0,518.2,28.1,65,12.0,196,1017.8,32,19,27,0,0.0,3600.0,41.7658,-72.6734,2024,7,12,12
2024-07-12 13:00:00,715.0,418.0,297.0,447.8,29.5,59,15.5,216,1017.0,100,100,38,0,0.0,3600.0,41.7658,-72.6734,2024,7,12,13
2024-07-12 14:00:00,317.0,26.0,291.0,27.9,28.0,67,13.9,201,1017.1,84,80,69,0,0.2,0.0,41.7658,-72.6734,2024,7,12,14
2024-07-12 15:00:00,427.0,158.0,269.0,179.3,28.4,68,14.8,206,1016.8,55,50,10,1,0.3,3579.99,41.7658,-72.6734,2024,7,12,15
2024-07-12 16:00:00,510.0,272.0,238.0,345.0,28.3,69,16.1,204,1016.4,40,28,12,11,0.1,3600.0,41.7658,-72.6734,2024,7,12,16
2024-07-12 17:00:00,409.0,227.0,182.0,344.5,28.1,72,15.3,204,1016.1,56,38,12,27,0.3,3600.0,41.7658,-72.6734,2024,7,12,17
2024-07-12 18:00:00,348.0,225.0,123.0,448.7,27.7,76,15.5,193,1016.2,97,18,8,96,0.8,3600.0,41.7658,-72.6734,2024,7,12,18
2024-07-12 19:00:00,155.0,48.0,107.0,146.9,26.0,81,18.6,212,1017.3,99,86,21,90,0.5,2608.12,41.7658,-72.6734,2024,7,12,19
2024-07-12 20:00:00,40.0,6.0,34.0,41.0,24.1,90,12.7,209,1017.5,50,12,21,29,0.4,0.0,41.7658,-72.6734,2024,7,12,20
2024-07-12 21:00:00,2.0,0.0,2.0,0.0,24.1,91,8.4,239,1018.1,98,56,38,93,0.4,0.0,41.7658,-72.6734,2024,7,12,21
2024-07-12 22:00:00,0.0,0.0,0.0,0.0,22.9,96,3.9,158,1018.7,100,100,12,95,1.9,0.0,41.7658,-72.6734,2024,7,12,22
2024-07-12 23:00:00,0.0,0.0,0.0,0.0,22.8,98,13.0,183,1018.2,22,13,2,10,0.3,0.0,41.7658,-72.6734,2024,7,12,23
2024-07-13 00:00:00,0.0,0.0,0.0,0.0,22.2,98,11.0,199,1018.6,100,100,15,0,0.1,0.0,41.7658,-72.6734,2024,7,13,0
2024-07-13 01:00:00,0.0,0.0,0.0,0.0,22.5,98,10.1,207,1018.1,100,99,74,70,0.3,0.0,41.7658,-72.6734,2024,7,13,1
2024-07-13 02:00:00,0.0,0.0,0.0,0.0,22.3,98,8.5,208,1017.7,90,13,89,1,0.0,0.0,41.7658,-72.6734,2024,7,13,2
2024-07-13 03:00:00,0.0,0.0,0.0,0.0,22.1,98,9.8,208,1017.4,100,41,100,0,0.0,0.0,41.7658,-72.6734,2024,7,13,3
2024-07-13 04:00:00,0.0,0.0,0.0,0.0,22.1,98,11.8,200,1017.5,100,100,100,90,0.0,0.0,41.7658,-72.6734,2024,7,13,4
2024-07-13 05:00:00,0.0,0.0,0.0,0.0,21.9,98,11.0,199,1017.6,100,100,97,1,0.2,0.0,41.7658,-72.6734,2024,7,13,5
2024-07-13 06:00:00,3.0,0.0,3.0,0.0,21.7,97,10.7,194,1017.4,80,63,38,12,1.6,0.0,41.7658,-72.6734,2024,7,13,6
2024-07-13 07:00:00,61.0,11.0,50.0,65.8,21.9,96,10.2,190,1017.7,100,100,31,54,0.1,174.03,41.7658,-72.6734,2024,7,13,7
2024-07-13 08:00:00,97.0,5.0,92.0,14.4,22.4,94,7.8,202,1017.7,100,100,100,89,0.5,0.0,41.7658,-72.6734,2024,7,13,8
2024-07-13 09:00:00,92.0,0.0,92.0,0.0,22.8,97,8.6,158,1018.5,100,31,100,77,3.0,0.0,41.7658,-72.6734,2024,7,13,9
2024-07-13 10:00:00,85.0,0.0,85.0,0.0,23.0,98,5.2,155,1017.8,100,21,100,99,3.6,0.0,41.7658,-72.6734,2024,7,13,10
2024-07-13 11:00:00,79.0,0.0,79.0,0.0,23.1,95,7.3,169,1017.3,100,6,100,63,7.2,0.0,41.7658,-72.6734,2024,7,13,11
2024-07-13 12:00:00,220.0,19.0,201.0,21.4,23.5,95,6.1,177,1016.9,86,8,77,32,4.0,0.0,41.7658,-72.6734,2024,7,13,12
2024-07-13 13:00:00,437.0,144.0,293.0,154.4,24.8,87,8.0,188,1016.1,78,25,65,17,0.4,2832.92,41.7658,-72.6734,2024,7,13,13
2024-07-13 14:00:00,652.0,341.0,311.0,366.8,26.6,75,8.0,188,1015.5,57,37,22,12,0.0,3600.0,41.7658,-72.6734,2024,7,13,14
2024-07-13 15:00:00,709.0,516.0,193.0,586.2,27.7,69,7.7,191,1015.0,18,13,7,0,0.0,3600.0,41.7658,-72.6734,2024,7,13,15
2024-07-13 16:00:00,663.0,523.0,140.0,664.0,28.3,65,8.7,197,1014.2,7,2,6,0,0.0,3600.0,41.7658,-72.6734,2024,7,13,16
2024-07-13 17:00:00,548.0,421.0,127.0,639.8,28.4,64,8.5,192,1013.5,8,2,7,0,0.0,3600.0,41.7658,-72.6734,2024,7,13,17
2024-07-13 18:00:00,384.0,283.0,101.0,565.5,28.1,66,9.8,186,1013.3,11,5,9,0,0.0,3600.0,41.7658,-72.6734,2024,7,13,18
2024-07-13 19:00:00,217.0,143.0,74.0,439.4,27.1,73,10.1,176,1013.5,13,0,11,2,0.0,3600.0,41.7658,-72.6734,2024,7,13,19
2024-07-13 20:00:00,77.0,40.0,37.0,275.8,25.5,80,11.5,178,1013.8,3,0,3,0,0.0,3600.0,41.7658,-72.6734,2024,7,13,20
2024-07-13 21:00:00,3.0,1.0,2.0,19.1,24.6,86,9.6,200,1013.9,9,0,4,5,0.0,0.0,41.7658,-72.6734,2024,7,13,21
2024-07-13 22:00:00,0.0,0.0,0.0,0.0,23.4,92,6.4,218,1014.4,15,2,2,12,0.0,0.0,41.7658,-72.6734,2024,7,13,22
2024-07-13 23:00:00,0.0,0.0,0.0,0.0,23.1,93,6.1,225,1014.3,20,1,2,18,0.0,0.0,41.7658,-72.6734,2024,7,13,23
2024-07-14 00:00:00,0.0,0.0,0.0,0.0,22.8,93,5.5,247,1014.3,0,0,0,0,0.0,0.0,41.7658,-72.6734,2024,7,14,0
2024-07-14 01:00:00,0.0,0.0,0.0,0.0,21.4,95,6.9,242,1014.0,0,0,0,0,0.0,0.0,41.7658,-72.6734,2024,7,14,1
2024-07-14 02:00:00,0.0,0.0,0.0,0.0,20.7,96,7.0,258,1013.5,0,0,0,0,0.0,0.0,41.7658,-72.6734,2024,7,14,2
2024-07-14 03:00:00,0.0,0.0,0.0,0.0,20.2,93,7.6,275,1013.1,0,0,0,0,0.0,0.0,41.7658,-72.6734,2024,7,14,3
2024-07-14 04:00:00,0.0,0.0,0.0,0.0,20.0,89,7.0,258,1013.5,0,0,0,0,0.0,0.0,41.7658,-72.6734,2024,7,14,4
2024-07-14 05:00:00,0.0,0.0,0.0,0.0,20.5,86,5.6,255,1013.9,0,0,0,0,0.0,0.0,41.7658,-72.6734,2024,7,14,5
2024-07-14 06:00:00,7.0,2.0,5.0,36.4,19.1,92,8.3,342,1013.8,0,0,0,0,0.0,0.0,41.7658,-72.6734,2024,7,14,6
2024-07-14 07:00:00,104.0,62.0,42.0,375.4,21.5,85,7.6,3,1014.0,0,0,0,0,0.0,3600.0,41.7658,-72.6734,2024,7,14,7
2024-07-14 08:00:00,272.0,202.0,70.0,584.6,23.4,79,4.8,13,1014.0,0,0,0,0,0.0,3600.0,41.7658,-72.6734,2024,7,14,8
2024-07-14 09:00:00,456.0,369.0,87.0,710.9,25.6,71,6.1,360,1014.0,0,0,0,0,0.0,3600.0,41.7658,-72.6734,2024,7,14,9
2024-07-14 10:00:00,631.0,531.0,100.0,787.9,27.3,59,6.1,3,1013.8,0,0,0,0,0.0,3600.0,41.7658,-72.6734,2024,7,14,10
2024-07-14 11:00:00,770.0,662.0,108.0,827.9,28.8,49,5.1,4,1013.4,0,0,0,0,0.0,3600.0,41.7658,-72.6734,2024,7,14,11
2024-07-14 12:00:00,868.0,755.0,113.0,850.8,30.2,44,3.3,347,1012.7,0,0,0,0,0.0,3600.0,41.7658,-72.6734,2024,7,14,12
2024-07-14 13:00:00,916.0,800.0,116.0,858.8,31.7,37,3.9,292,1011.8,0,0,0,0,0.0,3600.0,41.7658,-72.6734,2024,7,14,13
2024-07-14 14:00:00,909.0,793.0,116.0,853.9,33.2,33,6.6,283,1010.7,0,0,0,0,0.0,3600.0,41.7658,-72.6734,2024,7,14,14
2024-07-14 15:00:00,849.0,736.0,113.0,837.0,33.8,32,7.2,264,1010.0,2,0,2,0,0.0,3600.0,41.7658,-72.6734,2024,7,14,15
2024-07-14 16:00:00,716.0,591.0,125.0,751.3,34.3,31,6.9,264,1009.0,34,0,33,1,0.0,3600.0,41.7658,-72.6734,2024,7,14,16
2024-07-14 17:00:00,510.0,363.0,147.0,552.5,34.0,31,10.0,255,1008.4,83,0,78,22,0.0,3600.0,41.7658,-72.6734,2024,7,14,17
2024-07-14 18:00:00,357.0,227.0,130.0,454.6,32.6,38,10.7,220,1008.2,33,0,29,5,0.0,3600.0,41.7658,-72.6734,2024,7,14,18
2024-07-14 19:00:00,222.0,147.0,75.0,453.5,29.7,52,17.9,214,1008.7,13,0,0,13,0.0,3600.0,41.7658,-72.6734,2024,7,14,19
2024-07-14 20:00:00,81.0,44.0,37.0,306.6,27.6,63,15.0,215,1008.9,19,0,0,19,0.0,3600.0,41.7658,-72.6734,2024,7,14,20
2024-07-14 21:00:00,3.0,1.0,2.0,19.1,25.7,75,8.8,199,1009.8,7,0,1,6,0.0,0.0,41.7658,-72.6734,2024,7,14,21
2024-07-14 22:00:00,0.0,0.0,0.0,0.0,24.5,82,9.2,191,1010.1,85,0,3,85,0.0,0.0,41.7658,-72.6734,2024,7,14,22
2024-07-14 23:00:00,0.0,0.0,0.0,0.0,23.8,85,10.1,184,1009.9,80,0,2,80,0.0,0.0,41.7658,-72.6734,2024,7,14,23
2024-07-15 00:00:00,0.0,0.0,0.0,0.0,23.0,87,9.8,188,1009.8,34,0,0,34,0.0,0.0,41.7658,-72.6734,2024,7,15,0
2024-07-15 01:00:00,0.0,0.0,0.0,0.0,22.6,92,9.6,193,1009.8,87,0,0,87,0.0,0.0,41.7658,-72.6734,2024,7,15,1
2024-07-15 02:00:00,0.0,0.0,0.0,0.0,22.3,97,8.0,185,1009.4,92,3,0,91,0.0,0.0,41.7658,-72.6734,2024,7,15,2
2024-07-15 03:00:00,0.0,0.0,0.0,0.0,22.2,98,8.3,182,1008.9,86,0,10,84,0.0,0.0,41.7658,-72.6734,2024,7,15,3
2024-07-15 04:00:00,0.0,0.0,0.0,0.0,22.2,98,8.5,192,1009.3,92,0,25,89,0.0,0.0,41.7658,-72.6734,2024,7,15,4
2024-07-15 05:00:00,0.0,0.0,0.0,0.0,22.2,98,9.4,182,1009.1,36,0,36,0,0.0,0.0,41.7658,-72.6734,2024,7,15,5
2024-07-15 06:00:00,5.0,1.0,4.0,18.5,22.4,98,9.4,182,1009.0,26,0,26,0,0.0,0.0,41.7658,-72.6734,2024,7,15,6
2024-07-15 07:00:00,80.0,37.0,43.0,226.9,23.6,94,7.6,177,1008.8,15,0,15,2,0.0,3600.0,41.7658,-72.6734,2024,7,15,7
2024-07-15 08:00:00,224.0,141.0,83.0,410.3,25.4,86,7.4,194,1009.1,29,0,29,1,0.0,3600.0,41.7658,-72.6734,2024,7,15,8
2024-07-15 09:00:00,358.0,253.0,105.0,489.0,26.0,86,10.4,200,1009.1,40,9,34,0,0.0,3600.0,41.7658,-72.6734,2024,7,15,9
2024-07-15 10:00:00,556.0,402.0,154.0,597.8,28.3,76,8.2,203,1008.4,2,0,1,0,0.0,3600.0,41.7658,-72.6734,2024,7,15,10
2024-07-15 11:00:00,712.0,583.0,129.0,730.3,30.2,67,10.3,205,1008.1,7,0,6,1,0.0,3600.0,41.7658,-72.6734,2024,7,15,11
2024-07-15 12:00:00,816.0,686.0,130.0,774.0,31.9,56,12.7,209,1007.7,25,0,8,19,0.0,3600.0,41.7658,-72.6734,2024,7,15,12
2024-07-15 13:00:00,810.0,647.0,163.0,695.3,30.9,57,17.7,207,1007.5,61,12,8,52,0.6,3600.0,41.7658,-72.6734,2024,7,15,13
2024-07-15 14:00:00,709.0,496.0,213.0,534.6,31.8,54,14.3,198,1006.5,22,0,7,17,0.0,3600.0,41.7658,-72.6734,2024,7,15,14
2024-07-15 15:00:00,750.0,582.0,168.0,662.6,31.8,51,18.1,201,1005.6,85,17,58,60,0.1,3600.0,41.7658,-72.6734,2024,7,15,15
2024-07-15 16:00:00,575.0,378.0,197.0,481.1,31.6,59,11.8,203,1005.4,66,1,28,53,0.1,3600.0,41.7658,-72.6734,2024,7,15,16
2024-07-15 17:00:00,300.0,146.0,154.0,222.6,25.9,86,10.7,284,1006.4,100,13,73,100,10.0,3600.0,41.7658,-72.6734,2024,7,15,17
2024-07-15 18:00:00,168.0,11.0,157.0,22.1,25.8,88,6.4,164,1005.2,13,0,5,8,0.1,0.0,41.7658,-72.6734,2024,7,15,18
2024-07-15 19:00:00,216.0,139.0,77.0,430.7,26.3,87,6.3,167,1004.6,6,0,1,5,0.0,3600.0,41.7658,-72.6734,2024,7,15,19
2024-07-15 20:00:00,77.0,40.0,37.0,281.9,25.7,93,4.3,175,1004.5,27,0,2,25,0.0,3600.0,41.7658,-72.6734,2024,7,15,20
2024-07-15 21:00:00,3.0,0.0,3.0,0.0,25.4,93,6.8,162,1004.8,56,0,1,55,0.0,0.0,41.7658,-72.6734,2024,7,15,21
2024-07-15 22:00:00,0.0,0.0,0.0,0.0,25.2,96,10.3,155,1005.0,93,2,0,93,0.0,0.0,41.7658,-72.6734,2024,7,15,22
2024-07-15 23:00:00,0.0,0.0,0.0,0.0,24.8,96,12.3,173,1004.4,51,0,4,49,0.0,0.0,41.7658,-72.6734,2024,7,15,23
2024-07-16 00:00:00,0.0,0.0,0.0,0.0,24.3,96,10.1,184,1004.2,1,0,1,0,0.0,0.0,41.7658,-72.6734,2024,7,16,0
2024-07-16 01:00:00,0.0,0.0,0.0,0.0,23.8,97,6.8,212,1004.4,2,0,2,0,0.0,0.0,41.7658,-72.6734,2024,7,16,1
2024-07-16 02:00:00,0.0,0.0,0.0,0.0,23.6,97,8.7,163,1004.2,12,0,6,7,0.0,0.0,41.7658,-72.6734,2024,7,16,2
2024-07-16 03:00:00,0.0,0.0,0.0,0.0,23.1,95,9.7,195,1003.8,0,0,0,0,0.0,0.0,41.7658,-72.6734,2024,7,16,3
2024-07-16 04:00:00,0.0,0.0,0.0,0.0,22.7,93,10.6,208,1004.1,0,0,0,0,0.0,0.0,41.7658,-72.6734,2024,7,16,4
2024-07-16 05:00:00,0.0,0.0,0.0,0.0,22.1,90,10.2,219,1004.7,0,0,0,0,0.0,0.0,41.7658,-72.6734,2024,7,16,5
2024-07-16 06:00:00,6.0,2.0,4.0,37.8,21.9,87,8.7,228,1005.4,100,0,0,100,0.0,0.0,41.7658,-72.6734,2024,7,16,6
2024-07-16 07:00:00,92.0,43.0,49.0,267.3,23.0,85,6.3,193,1005.9,16,0,0,16,0.0,3600.0,41.7658,-72.6734,2024,7,16,7
2024-07-16 08:00:00,259.0,187.0,72.0,547.3,24.1,80,5.6,195,1006.4,35,0,0,35,0.0,3600.0,41.7658,-72.6734,2024,7,16,8
2024-07-16 09:00:00,402.0,260.0,142.0,504.2,26.0,73,6.9,208,1006.1,100,0,0,100,0.0,3600.0,41.7658,-72.6734,2024,7,16,9
2024-07-16 10:00:00,598.0,478.0,120.0,712.4,27.9,65,6.8,205,1005.8,49,0,0,49,0.0,3600.0,41.7658,-72.6734,2024,7,16,10
2024-07-16 11:00:00,741.0,621.0,120.0,779.2,29.6,59,8.5,208,1005.8,85,0,0,85,0.0,3600.0,41.7658,-72.6734,2024,7,16,11
2024-07-16 12:00:00,838.0,707.0,131.0,798.8,31.5,51,11.8,211,1005.7,94,0,2,94,0.0,3600.0,41.7658,-72.6734,2024,7,16,12
2024-07-16 13:00:00,870.0,719.0,151.0,773.6,33.0,43,15.6,214,1005.0,96,0,3,96,0.0,3600.0,41.7658,-72.6734,2024,7,16,13
2024-07-16 14:00:00,869.0,731.0,138.0,788.8,33.8,42,17.1,205,1003.7,90,0,2,90,0.0,3600.0,41.7658,-72.6734,2024,7,16,14
2024-07-16 15:00:00,812.0,679.0,133.0,773.9,33.5,45,21.3,204,1003.1,27,4,24,2,0.2,3600.0,41.7658,-72.6734,2024,7,16,15
2024-07-16 16:00:00,649.0,506.0,143.0,644.9,33.2,46,22.4,204,1002.4,19,0,12,8,0.0,3600.0,41.7658,-72.6734,2024,7,16,16
2024-07-16 17:00:00,518.0,403.0,115.0,615.4,30.2,58,17.7,218,1003.3,100,4,100,70,1.4,3600.0,41.7658,-72.6734,2024,7,16,17
2024-07-16 18:00:00,157.0,28.0,129.0,56.4,30.5,58,15.9,208,1002.5,97,0,10,97,0.2,0.0,41.7658,-72.6734,2024,7,16,18
2024-07-16 19:00:00,122.0,39.0,83.0,121.4,29.9,62,19.6,212,1002.6,19,0,6,13,0.0,1842.2,41.7658,-72.6734,2024,7,16,19
2024-07-16 20:00:00,74.0,37.0,37.0,263.9,28.8,65,18.9,220,1002.8,36,0,8,32,0.0,3600.0,41.7658,-72.6734,2024,7,16,20
2024-07-16 21:00:00,2.0,0.0,2.0,0.0,27.1,73,17.4,240,1003.7,92,8,57,82,0.0,0.0,41.7658,-72.6734,2024,7,16,21
2024-07-16 22:00:00,0.0,0.0,0.0,0.0,27.2,73,13.3,229,1003.8,97,0,1,97,0.0,0.0,41.7658,-72.6734,2024,7,16,22
2024-07-16 23:00:00,0.0,0.0,0.0,0.0,26.8,74,13.0,236,1004.3,93,0,0,93,0.0,0.0,41.7658,-72.6734,2024,7,16,23
2024-07-17 00:00:00,0.0,0.0,0.0,0.0,25.9,73,9.0,272,1004.9,100,0,0,100,0.0,0.0,41.7658,-72.6734,2024,7,17,0
2024-07-17 01:00:00,0.0,0.0,0.0,0.0,24.7,79,7.0,305,1005.1,100,0,0,100,0.0,0.0,41.7658,-72.6734,2024,7,17,1
2024-07-17 02:00:00,0.0,0.0,0.0,0.0,24.3,80,5.4,278,1005.4,100,0,0,100,0.0,0.0,41.7658,-72.6734,2024,7,17,2
2024-07-17 03:00:00,0.0,0.0,0.0,0.0,23.0,88,2.1,149,1005.6,92,0,0,92,0.0,0.0,41.7658,-72.6734,2024,7,17,3
2024-07-17 04:00:00,0.0,0.0,0.0,0.0,22.0,93,3.7,61,1005.5,16,0,0,16,0.0,0.0,41.7658,-72.6734,2024,7,17,4
2024-07-17 05:00:00,0.0,0.0,0.0,0.0,21.5,94,3.7,119,1005.6,56,0,0,56,0.0,0.0,41.7658,-72.6734,2024,7,17,5
2024-07-17 06:00:00,5.0,1.0,4.0,19.1,21.6,94,5.8,173,1006.2,42,0,3,41,0.0,0.0,41.7658,-72.6734,2024,7,17,6
2024-07-17 07:00:00,91.0,49.0,42.0,308.8,23.2,88,6.8,180,1007.4,49,0,1,49,0.0,3600.0,41.7658,-72.6734,2024,7,17,7
2024-07-17 08:00:00,248.0,174.0,74.0,512.2,25.2,78,6.2,187,1007.6,55,0,55,0,0.0,3600.0,41.7658,-72.6734,2024,7,17,8
2024-07-17 09:00:00,360.0,218.0,142.0,424.2,26.8,69,9.5,189,1007.5,100,0,100,97,0.0,3600.0,41.7658,-72.6734,2024,7,17,9
2024-07-17 10:00:00,158.0,0.0,158.0,0.0,26.4,72,8.8,189,1007.9,70,0,47,44,0.0,0.0,41.7658,-72.6734,2024,7,17,10
2024-07-17 11:00:00,560.0,317.0,243.0,398.4,28.9,65,9.2,191,1007.7,40,0,39,2,0.0,3600.0,41.7658,-72.6734,2024,7,17,11
2024-07-17 12:00:00,655.0,416.0,239.0,470.6,30.3,57,9.9,199,1007.1,24,0,24,0,0.0,3600.0,41.7658,-72.6734,2024,7,17,12
2024-07-17 13:00:00,844.0,680.0,164.0,732.5,31.8,52,12.2,178,1006.1,97,1,2,97,0.0,3600.0,41.7658,-72.6734,2024,7,17,13
2024-07-17 14:00:00,854.0,722.0,132.0,779.9,32.5,51,17.2,191,1005.4,94,21,41,89,0.0,3600.0,41.7658,-72.6734,2024,7,17,14
2024-07-17 15:00:00,641.0,452.0,189.0,515.8,31.7,54,15.0,197,1005.0,97,4,26,96,0.5,3600.0,41.7658,-72.6734,2024,7,17,15
2024-07-17 16:00:00,645.0,481.0,164.0,613.9,30.5,59,17.4,202,1004.6,64,21,25,47,0.2,3600.0,41.7658,-72.6734,2024,7,17,16
2024-07-17 17:00:00,461.0,293.0,168.0,448.3,30.4,61,15.5,202,1004.6,57,11,3,51,0.1,3600.0,41.7658,-72.6734,2024,7,17,17
2024-07-17 18:00:00,297.0,147.0,150.0,296.7,28.1,72,12.8,232,1005.3,100,20,92,100,0.6,3600.0,41.7658,-72.6734,2024,7,17,18
2024-07-17 19:00:00,23.0,0.0,23.0,0.0,25.6,92,13.4,239,1005.4,100,15,1,100,3.0,0.0,41.7658,-72.6734,2024,7,17,19
2024-07-17 20:00:00,41.0,0.0,41.0,0.0,24.5,98,4.8,27,1006.1,67,16,48,31,1.3,0.0,41.7658,-72.6734,2024,7,17,20
2024-07-17 21:00:00,0.0,0.0,0.0,0.0,23.7,96,2.1,211,1006.1,100,9,67,100,3.4,0.0,41.7658,-72.6734,2024,7,17,21
2024-07-17 22:00:00,0.0,0.0,0.0,0.0,23.0,96,10.2,162,1006.2,100,26,35,100,7.5,0.0,41.7658,-72.6734,2024,7,17,22
2024-07-17 23:00:00,0.0,0.0,0.0,0.0,22.6,98,11.2,184,1006.7,100,11,100,100,0.2,0.0,41.7658,-72.6734,2024,7,17,23
2024-07-18 00:00:00,0.0,0.0,0.0,0.0,22.7,98,9.1,189,1006.3,100,10,98,100,1.9,0.0,41.7658,-72.6734,2024,7,18,0
2024-07-18 01:00:00,0.0,0.0,0.0,0.0,22.6,98,6.0,197,1005.5,100,32,100,100,2.7,0.0,41.7658,-72.6734,2024,7,18,1
2024-07-18 02:00:00,0.0,0.0,0.0,0.0,22.6,98,5.7,252,1005.3,100,91,60,99,0.8,0.0,41.7658,-72.6734,2024,7,18,2
2024-07-18 03:00:00,0.0,0.0,0.0,0.0,22.5,98,5.0,210,1004.8,100,47,100,100,0.1,0.0,41.7658,-72.6734,2024,7,18,3
2024-07-18 04:00:00,0.0,0.0,0.0,0.0,22.4,98,4.5,256,1005.0,85,31,7,78,0.0,0.0,41.7658,-72.6734,2024,7,18,4
2024-07-18 05:00:00,0.0,0.0,0.0,0.0,22.1,98,5.1,266,1005.5,64,55,21,0,0.0,0.0,41.7658,-72.6734,2024,7,18,5
2024-07-18 06:00:00,3.0,0.0,3.0,0.0,22.6,94,6.9,309,1006.4,100,100,96,0,0.0,0.0,41.7658,-72.6734,2024,7,18,6
2024-07-18 07:00:00,33.0,0.0,33.0,0.0,22.4,90,8.7,322,1007.1,65,6,58,13,0.0,0.0,41.7658,-72.6734,2024,7,18,7
2024-07-18 08:00:00,187.0,82.0,105.0,242.9,22.7,85,8.7,330,1007.4,50,4,9,43,0.0,3600.0,41.7658,-72.6734,2024,7,18,8
2024-07-18 09:00:00,165.0,17.0,148.0,33.2,23.7,83,8.7,330,1007.4,100,0,0,100,0.0,0.0,41.7658,-72.6734,2024,7,18,9
2024-07-18 10:00:00,514.0,282.0,232.0,422.3,25.3,75,11.4,325,1007.6,47,0,19,34,0.0,3600.0,41.7658,-72.6734,2024,7,18,10
2024-07-18 11:00:00,666.0,447.0,219.0,562.8,26.6,62,12.6,329,1008.2,86,0,76,39,0.0,3600.0,41.7658,-72.6734,2024,7,18,11
2024-07-18 12:00:00,549.0,224.0,325.0,253.8,27.2,55,10.5,333,1008.0,16,0,2,14,0.0,3600.0,41.7658,-72.6734,2024,7,18,12
2024-07-18 13:00:00,851.0,701.0,150.0,756.1,28.9,48,8.9,328,1007.7,18,0,6,12,0.0,3600.0,41.7658,-72.6734,2024,7,18,13
2024-07-18 14:00:00,907.0,784.0,123.0,847.9,29.9,43,10.0,311,1007.4,10,0,5,5,0.0,3600.0,41.7658,-72.6734,2024,7,18,14
2024-07-18 15:00:00,812.0,681.0,131.0,778.1,30.2,40,10.8,300,1007.5,48,1,7,45,0.0,3600.0,41.7658,-72.6734,2024,7,18,15
2024-07-18 16:00:00,678.0,498.0,180.0,636.5,29.8,38,11.4,298,1007.5,96,0,14,95,0.0,3600.0,41.7658,-72.6734,2024,7,18,16
2024-07-18 17:00:00,513.0,365.0,148.0,559.6,29.3,39,10.7,310,1007.1,68,0,19,61,0.0,3600.0,41.7658,-72.6734,2024,7,18,17
2024-07-18 18:00:00,353.0,213.0,140.0,431.3,28.8,40,8.8,325,1007.1,83,0,11,81,0.0,3600.0,41.7658,-72.6734,2024,7,18,18
2024-07-18 19:00:00,194.0,93.0,101.0,292.5,26.7,48,11.5,358,1008.0,99,0,41,99,0.0,3600.0,41.7658,-72.6734,2024,7,18,19
2024-07-18 20:00:00,60.0,18.0,42.0,131.9,24.5,50,11.9,360,1009.0,96,0,3,95,0.0,2156.44,41.7658,-72.6734,2024,7,18,20
2024-07-18 21:00:00,2.0,0.0,2.0,0.0,22.7,60,8.3,342,1010.4,60,0,2,59,0.0,0.0,41.7658,-72.6734,2024,7,18,21
2024-07-18 22:00:00,0.0,0.0,0.0,0.0,21.8,60,8.0,324,1011.0,70,0,10,67,0.0,0.0,41.7658,-72.6734,2024,7,18,22
2024-07-18 23:00:00,0.0,0.0,0.0,0.0,21.1,62,7.9,313,1011.5,10,1,10,0,0.0,0.0,41.7658,-72.6734,2024,7,18,23
2024-07-19 00:00:00,0.0,0.0,0.0,0.0,20.3,64,9.5,323,1011.9,7,0,7,0,0.0,0.0,41.7658,-72.6734,2024,7,19,0
2024-07-19 01:00:00,0.0,0.0,0.0,0.0,19.5,68,8.7,330,1012.5,2,0,2,0,0.0,0.0,41.7658,-72.6734,2024,7,19,1
2024-07-19 02:00:00,0.0,0.0,0.0,0.0,18.8,73,8.1,339,1012.6,0,0,0,0,0.0,0.0,41.7658,-72.6734,2024,7,19,2
2024-07-19 03:00:00,0.0,0.0,0.0,0.0,18.1,79,8.4,340,1012.7,0,0,0,0,0.0,0.0,41.7658,-72.6734,2024,7,19,3
2024-07-19 04:00:00,0.0,0.0,0.0,0.0,17.6,82,8.4,340,1012.9,0,0,0,0,0.0,0.0,41.7658,-72.6734,2024,7,19,4
2024-07-19 05:00:00,0.0,0.0,0.0,0.0,17.3,84,9.0,337,1013.1,0,0,0,0,0.0,0.0,41.7658,-72.6734,2024,7,19,5
2024-07-19 06:00:00,5.0,1.0,4.0,19.1,17.0,86,7.8,347,1013.7,0,0,0,0,0.0,0.0,41.7658,-72.6734,2024,7,19,6
2024-07-19 07:00:00,94.0,53.0,41.0,343.9,18.0,83,5.2,344,1014.3,0,0,0,0,0.0,3600.0,41.7658,-72.6734,2024,7,19,7
2024-07-19 08:00:00,259.0,187.0,72.0,557.3,19.7,75,6.6,347,1014.9,0,0,0,0,0.0,3600.0,41.7658,-72.6734,2024,7,19,8
2024-07-19 09:00:00,443.0,352.0,91.0,689.9,21.5,65,8.4,353,1015.8,0,0,0,0,0.0,3600.0,41.7658,-72.6734,2024,7,19,9
2024-07-19 10:00:00,617.0,513.0,104.0,770.1,22.9,57,7.8,347,1015.8,0,0,0,0,0.0,3600.0,41.7658,-72.6734,2024,7,19,10
2024-07-19 11:00:00,761.0,650.0,111.0,820.0,24.3,50,7.8,347,1015.7,0,0,0,0,0.0,3600.0,41.7658,-72.6734,2024,7,19,11
2024-07-19 12:00:00,864.0,748.0,116.0,848.7,25.5,46,6.6,351,1015.4,0,0,0,0,0.0,3600.0,41.7658,-72.6734,2024,7,19,12
2024-07-19 13:00:00,916.0,798.0,118.0,861.8,26.5,43,5.4,356,1015.0,0,0,0,0,0.0,3600.0,41.7658,-72.6734,2024,7,19,13
2024-07-19 14:00:00,911.0,793.0,118.0,858.7,27.4,40,4.4,9,1014.6,16,0,16,0,0.0,3600.0,41.7658,-72.6734,2024,7,19,14
2024-07-19 15:00:00,795.0,616.0,179.0,704.7,28.0,37,5.2,34,1014.0,55,0,55,0,0.0,3600.0,41.7658,-72.6734,2024,7,19,15
2024-07-19 16:00:00,616.0,396.0,220.0,507.0,28.2,37,5.2,78,1013.4,51,0,51,0,0.0,3600.0,41.7658,-72.6734,2024,7,19,16
2024-07-19 17:00:00,486.0,274.0,212.0,420.9,28.1,37,8.0,126,1013.2,44,0,44,0,0.0,3600.0,41.7658,-72.6734,2024,7,19,17
2024-07-19 18:00:00,366.0,230.0,136.0,467.1,27.4,39,9.7,132,1013.3,29,0,29,0,0.0,3600.0,41.7658,-72.6734,2024,7,19,18
2024-07-19 19:00:00,227.0,148.0,79.0,468.0,26.1,49,8.4,133,1013.6,6,0,6,0,0.0,3600.0,41.7658,-72.6734,2024,7,19,19
2024-07-19 20:00:00,76.0,40.0,36.0,297.4,23.8,56,11.3,158,1014.1,0,0,0,0,0.0,3600.0,41.7658,-72.6734,2024,7,19,20
2024-07-19 21:00:00,2.0,0.0,2.0,0.0,22.1,65,6.9,189,1015.3,0,0,0,0,0.0,0.0,41.7658,-72.6734,2024,7,19,21
2024-07-19 22:00:00,0.0,0.0,0.0,0.0,20.6,77,4.6,219,1015.6,0,0,0,0,0.0,0.0,41.7658,-72.6734,2024,7,19,22
2024-07-19 23:00:00,0.0,0.0,0.0,0.0,19.6,86,4.9,216,1015.5,0,0,0,0,0.0,0.0,41.7658,-72.6734,2024,7,19,23
2024-07-20 00:00:00,0.0,0.0,0.0,0.0,18.9,86,4.4,215,1015.8,20,0,0,20,0.0,0.0,41.7658,-72.6734,2024,7,20,0
2024-07-20 01:00:00,0.0,0.0,0.0,0.0,18.4,85,4.3,222,1015.9,34,0,0,34,0.0,0.0,41.7658,-72.6734,2024,7,20,1
2024-07-20 02:00:00,0.0,0.0,0.0,0.0,17.6,85,8.0,198,1016.0,100,0,0,100,0.0,0.0,41.7658,-72.6734,2024,7,20,2
2024-07-20 03:00:00,0.0,0.0,0.0,0.0,17.2,83,6.4,218,1015.9,49,0,0,49,0.0,0.0,41.7658,-72.6734,2024,7,20,3
2024-07-20 04:00:00,0.0,0.0,0.0,0.0,16.9,84,5.1,219,1015.6,73,0,0,73,0.0,0.0,41.7658,-72.6734,2024,7,20,4
2024-07-20 05:00:00,0.0,0.0,0.0,0.0,16.2,90,4.8,228,1015.6,70,0,0,70,0.0,0.0,41.7658,-72.6734,2024,7,20,5
2024-07-20 06:00:00,4.0,0.0,4.0,0.0,16.4,89,2.5,262,1015.7,96,0,0,96,0.0,0.0,41.7658,-72.6734,2024,7,20,6
2024-07-20 07:00:00,80.0,27.0,53.0,177.9,17.4,84,2.5,278,1016.1,100,0,0,100,0.0,3537.48,41.7658,-72.6734,2024,7,20,7
2024-07-20 08:00:00,229.0,117.0,112.0,350.9,19.4,77,1.4,270,1016.4,100,0,0,100,0.0,3600.0,41.7658,-72.6734,2024,7,20,8
2024-07-20 09:00:00,401.0,248.0,153.0,487.9,22.5,66,0.0,270,1016.1,100,0,0,100,0.0,3600.0,41.7658,-72.6734,2024,7,20,9
2024-07-20 10:00:00,562.0,370.0,192.0,556.9,24.9,55,1.0,135,1015.7,100,0,0,100,0.0,3600.0,41.7658,-72.6734,2024,7,20,10
2024-07-20 11:00:00,679.0,428.0,251.0,540.9,26.7,47,3.8,163,1015.4,100,0,1,100,0.0,3600.0,41.7658,-72.6734,2024,7,20,11
2024-07-20 12:00:00,714.0,378.0,336.0,429.5,28.1,44,7.6,211,1014.9,100,5,76,100,0.0,3600.0,41.7658,-72.6734,2024,7,20,12
2024-07-20 13:00:00,615.0,249.0,366.0,269.3,29.3,39,9.1,236,1013.9,100,0,70,100,0.0,3600.0,41.7658,-72.6734,2024,7,20,13
2024-07-20 14:00:00,484.0,159.0,325.0,172.4,28.6,44,15.0,226,1013.5,100,9,71,100,0.0,3372.1,41.7658,-72.6734,2024,7,20,14
2024-07-20 15:00:00,609.0,270.0,339.0,309.3,28.5,47,14.3,208,1013.1,100,6,24,100,0.0,3600.0,41.7658,-72.6734,2024,7,20,15
2024-07-20 16:00:00,523.0,280.0,243.0,359.1,26.9,54,22.4,225,1013.2,100,25,92,100,0.2,3600.0,41.7658,-72.6734,2024,7,20,16
2024-07-20 17:00:00,232.0,39.0,193.0,60.0,24.3,73,12.2,214,1013.3,99,5,58,97,0.1,1.44,41.7658,-72.6734,2024,7,20,17
2024-07-20 18:00:00,281.0,90.0,191.0,183.4,24.9,73,12.8,202,1012.7,95,1,13,94,0.0,3600.0,41.7658,-72.6734,2024,7,20,18
2024-07-20 19:00:00,185.0,85.0,100.0,270.4,24.8,75,12.0,201,1012.3,84,2,28,77,0.0,3600.0,41.7658,-72.6734,2024,7,20,19
2024-07-20 20:00:00,63.0,19.0,44.0,143.5,24.0,80,12.8,230,1012.8,100,2,49,100,0.1,2504.56,41.7658,-72.6734,2024,7,20,20
2024-07-20 21:00:00,2.0,0.0,2.0,0.0,21.7,89,7.4,194,1013.1,100,0,9,100,0.0,0.0,41.7658,-72.6734,2024,7,20,21
2024-07-20 22:00:00,0.0,0.0,0.0,0.0,21.8,88,10.8,201,1013.1,100,0,2,100,0.0,0.0,41.7658,-72.6734,2024,7,20,22
2024-07-20 23:00:00,0.0,0.0,0.0,0.0,21.6,86,9.4,203,1012.8,100,0,87,100,0.0,0.0,41.7658,-72.6734,2024,7,20,23
2024-07-21 00:00:00,0.0,0.0,0.0,0.0,21.5,85,9.2,206,1012.7,100,0,100,100,0.0,0.0,41.7658,-72.6734,2024,7,21,0
2024-07-21 01:00:00,0.0,0.0,0.0,0.0,21.7,84,8.1,212,1012.4,100,0,100,100,0.0,0.0,41.7658,-72.6734,2024,7,21,1
2024-07-21 02:00:00,0.0,0.0,0.0,0.0,21.6,84,7.9,210,1012.6,100,9,100,100,0.0,0.0,41.7658,-72.6734,2024,7,21,2
2024-07-21 03:00:00,0.0,0.0,0.0,0.0,21.6,84,8.2,209,1012.4,98,9,37,97,0.0,0.0,41.7658,-72.6734,2024,7,21,3
2024-07-21 04:00:00,0.0,0.0,0.0,0.0,21.0,87,7.9,227,1012.1,37,19,12,13,0.0,0.0,41.7658,-72.6734,2024,7,21,4
2024-07-21 05:00:00,0.0,0.0,0.0,0.0,20.3,90,6.8,245,1012.1,9,0,9,0,0.0,0.0,41.7658,-72.6734,2024,7,21,5
2024-07-21 06:00:00,4.0,1.0,3.0,19.1,19.4,94,5.4,266,1012.0,20,1,15,6,0.0,0.0,41.7658,-72.6734,2024,7,21,6
2024-07-21 07:00:00,83.0,43.0,40.0,287.9,20.9,89,4.7,293,1012.1,11,0,7,4,0.0,3600.0,41.7658,-72.6734,2024,7,21,7
2024-07-21 08:00:00,240.0,164.0,76.0,495.1,22.6,80,3.3,311,1012.8,4,0,4,0,0.0,3600.0,41.7658,-72.6734,2024,7,21,8
2024-07-21 09:00:00,424.0,327.0,97.0,645.8,24.6,65,6.0,335,1013.0,1,0,1,0,0.0,3600.0,41.7658,-72.6734,2024,7,21,9
2024-07-21 10:00:00,593.0,481.0,112.0,725.8,26.2,53,4.8,347,1012.8,26,0,1,26,0.0,3600.0,41.7658,-72.6734,2024,7,21,10
2024-07-21 11:00:00,744.0,626.0,118.0,792.7,27.6,47,4.0,350,1012.5,72,0,0,72,0.0,3600.0,41.7658,-72.6734,2024,7,21,11
2024-07-21 12:00:00,825.0,672.0,153.0,764.8,28.6,44,4.0,333,1012.2,73,0,2,73,0.0,3600.0,41.7658,-72.6734,2024,7,21,12
2024-07-21 13:00:00,857.0,694.0,163.0,751.6,29.6,40,2.7,293,1011.6,100,3,7,99,0.0,3600.0,41.7658,-72.6734,2024,7,21,13
2024-07-21 14:00:00,857.0,672.0,185.0,729.6,30.8,36,5.8,270,1011.1,86,0,17,83,0.0,3600.0,41.7658,-72.6734,2024,7,21,14
2024-07-21 15:00:00,747.0,528.0,219.0,605.8,30.9,34,9.4,274,1010.8,97,0,17,96,0.0,3600.0,41.7658,-72.6734,2024,7,21,15
2024-07-21 16:00:00,613.0,448.0,165.0,575.5,30.7,34,10.8,268,1010.6,97,0,36,95,0.0,3600.0,41.7658,-72.6734,2024,7,21,16
2024-07-21 17:00:00,407.0,192.0,215.0,296.3,30.5,34,8.0,280,1010.3,100,0,90,100,0.0,3600.0,41.7658,-72.6734,2024,7,21,17
2024-07-21 18:00:00,193.0,33.0,160.0,67.5,29.3,43,8.0,350,1010.2,100,0,50,100,0.0,224.45,41.7658,-72.6734,2024,7,21,18
2024-07-21 19:00:00,170.0,69.0,101.0,220.8,27.7,51,6.7,344,1011.0,76,0,29,66,0.0,3600.0,41.7658,-72.6734,2024,7,21,19
2024-07-21 20:00:00,65.0,28.0,37.0,215.0,26.1,66,4.3,275,1011.4,47,0,27,27,0.0,3600.0,41.7658,-72.6734,2024,7,21,20
2024-07-21 21:00:00,2.0,0.0,2.0,0.0,23.6,64,8.9,249,1012.9,58,5,29,41,0.0,0.0,41.7658,-72.6734,2024,7,21,21
2024-07-21 22:00:00,0.0,0.0,0.0,0.0,22.8,68,6.6,279,1013.6,100,0,2,100,0.0,0.0,41.7658,-72.6734,2024,7,21,22
2024-07-21 23:00:00,0.0,0.0,0.0,0.0,22.1,72,5.2,282,1013.9,89,0,0,89,0.0,0.0,41.7658,-72.6734,2024,7,21,23
2024-07-22 00:00:00,0.0,0.0,0.0,0.0,21.4,75,5.5,212,1014.1,84,0,0,84,0.0,0.0,41.7658,-72.6734,2024,7,22,0
2024-07-22 01:00:00,0.0,0.0,0.0,0.0,20.3,81,7.7,221,1014.4,71,2,11,67,0.0,0.0,41.7658,-72.6734,2024,7,22,1
2024-07-22 02:00:00,0.0,0.0,0.0,0.0,19.9,82,5.4,274,1014.4,91,0,1,91,0.0,0.0,41.7658,-72.6734,2024,7,22,2
2024-07-22 03:00:00,0.0,0.0,0.0,0.0,19.4,87,3.8,253,1014.3,95,0,0,95,0.0,0.0,41.7658,-72.6734,2024,7,22,3
2024-07-22 04:00:00,0.0,0.0,0.0,0.0,19.1,89,2.2,189,1014.0,51,0,0,51,0.0,0.0,41.7658,-72.6734,2024,7,22,4
2024-07-22 05:00:00,0.0,0.0,0.0,0.0,19.6,84,1.5,135,1014.0,84,0,0,84,0.0,0.0,41.7658,-72.6734,2024,7,22,5
2024-07-22 06:00:00,3.0,1.0,2.0,19.1,19.6,84,1.5,194,1014.4,100,1,2,100,0.0,0.0,41.7658,-72.6734,2024,7,22,6
2024-07-22 07:00:00,80.0,33.0,47.0,224.6,20.0,86,4.3,24,1014.6,100,0,0,100,0.0,3600.0,41.7658,-72.6734,2024,7,22,7
2024-07-22 08:00:00,226.0,125.0,101.0,379.9,22.0,78,4.0,27,1014.8,100,2,1,100,0.0,3600.0,41.7658,-72.6734,2024,7,22,8
2024-07-22 09:00:00,376.0,210.0,166.0,416.3,23.5,75,2.6,16,1015.4,100,0,3,100,0.0,3600.0,41.7658,-72.6734,2024,7,22,9
2024-07-22 10:00:00,546.0,362.0,184.0,547.7,25.9,64,2.4,63,1015.1,100,1,0,100,0.0,3600.0,41.7658,-72.6734,2024,7,22,10
2024-07-22 11:00:00,646.0,387.0,259.0,491.0,27.6,57,4.3,185,1014.9,100,2,1,100,0.0,3600.0,41.7658,-72.6734,2024,7,22,11
2024-07-22 12:00:00,663.0,351.0,312.0,400.1,28.4,56,5.6,195,1014.5,100,1,24,100,0.0,3600.0,41.7658,-72.6734,2024,7,22,12
2024-07-22 13:00:00,498.0,170.0,328.0,184.4,28.3,58,8.1,201,1014.1,100,7,15,100,0.0,3600.0,41.7658,-72.6734,2024,7,22,13
2024-07-22 14:00:00,630.0,263.0,367.0,286.0,26.6,64,12.2,178,1014.2,100,19,63,100,0.5,3600.0,41.7658,-72.6734,2024,7,22,14
2024-07-22 15:00:00,521.0,196.0,325.0,225.2,24.9,72,16.5,190,1014.4,100,46,40,100,0.8,3600.0,41.7658,-72.6734,2024,7,22,15
2024-07-22 16:00:00,296.0,39.0,257.0,50.2,24.0,82,8.1,193,1013.7,100,12,9,100,0.1,0.0,41.7658,-72.6734,2024,7,22,16
2024-07-22 17:00:00,212.0,12.0,200.0,18.6,24.5,81,9.3,167,1013.1,100,0,17,100,0.0,0.0,41.7658,-72.6734,2024,7,22,17
2024-07-22 18:00:00,199.0,28.0,171.0,57.5,25.1,80,9.4,178,1012.9,100,11,7,100,0.0,0.0,41.7658,-72.6734,2024,7,22,18
2024-07-22 19:00:00,126.0,12.0,114.0,38.7,25.2,76,10.8,184,1012.9,100,6,27,100,0.0,0.0,41.7658,-72.6734,2024,7,22,19
2024-07-22 20:00:00,39.0,1.0,38.0,7.8,24.2,78,11.2,186,1013.0,100,7,99,100,0.0,0.0,41.7658,-72.6734,2024,7,22,20
2024-07-22 21:00:00,1.0,0.0,1.0,0.0,23.5,87,8.8,171,1013.3,100,1,100,100,0.0,0.0,41.7658,-72.6734,2024,7,22,21
2024-07-22 22:00:00,0.0,0.0,0.0,0.0,23.2,90,7.0,159,1013.5,100,15,100,100,0.0,0.0,41.7658,-72.6734,2024,7,22,22
2024-07-22 23:00:00,0.0,0.0,0.0,0.0,22.6,93,6.0,147,1013.1,100,9,100,100,0.1,0.0,41.7658,-72.6734,2024,7,22,23
2024-07-23 00:00:00,0.0,0.0,0.0,0.0,21.6,98,3.0,284,1012.8,100,100,100,100,1.0,0.0,41.7658,-72.6734,2024,7,23,0
2024-07-23 01:00:00,0.0,0.0,0.0,0.0,21.3,99,3.8,131,1012.4,100,59,54,100,1.3,0.0,41.7658,-72.6734,2024,7,23,1
2024-07-23 02:00:00,0.0,0.0,0.0,0.0,21.3,98,1.3,34,1011.6,100,83,100,100,0.5,0.0,41.7658,-72.6734,2024,7,23,2
2024-07-23 03:00:00,0.0,0.0,0.0,0.0,21.0,100,5.6,15,1011.0,100,100,27,100,1.9,0.0,41.7658,-72.6734,2024,7,23,3
2024-07-23 04:00:00,0.0,0.0,0.0,0.0,20.7,100,6.0,33,1010.6,99,97,55,53,0.4,0.0,41.7658,-72.6734,2024,7,23,4
2024-07-23 05:00:00,0.0,0.0,0.0,0.0,20.6,100,5.4,4,1010.9,100,97,65,96,0.1,0.0,41.7658,-72.6734,2024,7,23,5
2024-07-23 06:00:00,1.0,0.0,1.0,0.0,20.4,100,7.8,347,1011.1,100,100,59,97,0.7,0.0,41.7658,-72.6734,2024,7,23,6
2024-07-23 07:00:00,47.0,8.0,39.0,55.4,20.7,98,8.4,7,1011.2,100,100,84,73,0.1,0.0,41.7658,-72.6734,2024,7,23,7
2024-07-23 08:00:00,100.0,8.0,92.0,24.5,21.2,94,7.2,3,1011.7,100,100,22,92,0.0,0.0,41.7658,-72.6734,2024,7,23,8
2024-07-23 09:00:00,127.0,4.0,123.0,8.0,21.5,91,7.7,41,1012.9,100,100,98,99,0.3,0.0,41.7658,-72.6734,2024,7,23,9
2024-07-23 10:00:00,148.0,4.0,144.0,6.1,21.8,92,6.6,45,1013.1,100,100,90,1,0.4,0.0,41.7658,-72.6734,2024,7,23,10
2024-07-23 11:00:00,251.0,32.0,219.0,40.7,22.5,90,6.0,57,1013.4,100,100,19,54,0.1,0.0,41.7658,-72.6734,2024,7,23,11
2024-07-23 12:00:00,305.0,55.0,250.0,62.8,23.1,84,5.2,74,1013.6,100,100,12,82,0.1,84.11,41.7658,-72.6734,2024,7,23,12
2024-07-23 13:00:00,388.0,22.0,366.0,23.9,23.9,79,5.1,82,1013.4,100,73,13,100,0.0,0.0,41.7658,-72.6734,2024,7,23,13
2024-07-23 14:00:00,618.0,277.0,341.0,301.6,25.8,72,3.5,66,1013.1,100,7,23,100,0.0,3600.0,41.7658,-72.6734,2024,7,23,14
2024-07-23 15:00:00,591.0,351.0,240.0,404.0,26.5,70,1.3,146,1012.9,100,21,27,100,0.0,3600.0,41.7658,-72.6734,2024,7,23,15
2024-07-23 16:00:00,501.0,188.0,313.0,242.4,26.8,68,1.1,252,1012.7,100,32,23,100,0.0,3600.0,41.7658,-72.6734,2024,7,23,16
2024-07-23 17:00:00,335.0,88.0,247.0,136.5,27.0,67,1.8,233,1012.6,100,44,38,100,0.0,2294.96,41.7658,-72.6734,2024,7,23,17
2024-07-23 18:00:00,138.0,19.0,119.0,39.1,24.4,82,6.2,126,1013.4,100,100,23,100,1.2,0.0,41.7658,-72.6734,2024,7,23,18
2024-07-23 19:00:00,141.0,43.0,98.0,139.5,23.5,84,5.1,184,1014.2,100,100,39,96,0.3,2383.99,41.7658,-72.6734,2024,7,23,19
2024-07-23 20:00:00,33.0,0.0,33.0,0.0,22.7,92,1.8,259,1014.7,100,38,6,100,0.1,0.0,41.7658,-72.6734,2024,7,23,20
2024-07-23 21:00:00,1.0,0.0,1.0,0.0,21.7,95,6.2,159,1016.1,96,56,23,90,0.2,0.0,41.7658,-72.6734,2024,7,23,21
2024-07-23 22:00:00,0.0,0.0,0.0,0.0,21.5,96,7.3,169,1016.7,99,17,25,98,0.1,0.0,41.7658,-72.6734,2024,7,23,22
2024-07-23 23:00:00,0.0,0.0,0.0,0.0,21.2,96,4.6,162,1016.8,95,32,14,92,0.0,0.0,41.7658,-72.6734,2024,7,23,23
2024-07-24 00:00:00,0.0,0.0,0.0,0.0,20.7,98,3.7,151,1017.0,43,39,4,2,0.0,0.0,41.7658,-72.6734,2024,7,24,0
2024-07-24 01:00:00,0.0,0.0,0.0,0.0,20.1,99,3.3,139,1016.9,53,15,4,44,0.0,0.0,41.7658,-72.6734,2024,7,24,1
2024-07-24 02:00:00,0.0,0.0,0.0,0.0,20.0,99,3.6,135,1016.3,99,27,5,99,0.0,0.0,41.7658,-72.6734,2024,7,24,2
2024-07-24 03:00:00,0.0,0.0,0.0,0.0,19.9,98,2.6,56,1016.6,100,100,2,100,0.0,0.0,41.7658,-72.6734,2024,7,24,3
2024-07-24 04:00:00,0.0,0.0,0.0,0.0,20.3,97,5.8,83,1016.8,100,100,0,100,0.0,0.0,41.7658,-72.6734,2024,7,24,4
2024-07-24 05:00:00,0.0,0.0,0.0,0.0,20.4,97,7.6,98,1016.8,100,100,0,100,0.0,0.0,41.7658,-72.6734,2024,7,24,5
2024-07-24 06:00:00,1.0,0.0,1.0,0.0,20.4,96,7.2,90,1016.9,100,100,0,100,0.0,0.0,41.7658,-72.6734,2024,7,24,6
2024-07-24 07:00:00,25.0,0.0,25.0,0.0,20.8,95,7.6,90,1016.9,100,100,10,100,0.0,0.0,41.7658,-72.6734,2024,7,24,7
2024-07-24 08:00:00,55.0,0.0,55.0,0.0,21.2,93,8.6,105,1017.1,100,100,24,100,0.0,0.0,41.7658,-72.6734,2024,7,24,8
2024-07-24 09:00:00,77.0,0.0,77.0,0.0,21.7,89,7.6,109,1017.4,100,100,100,100,0.0,0.0,41.7658,-72.6734,2024,7,24,9
2024-07-24 10:00:00,99.0,0.0,99.0,0.0,22.2,87,8.2,113,1017.6,100,100,100,100,0.0,0.0,41.7658,-72.6734,2024,7,24,10
2024-07-24 11:00:00,105.0,0.0,105.0,0.0,22.6,87,7.2,108,1017.5,100,100,100,100,0.6,0.0,41.7658,-72.6734,2024,7,24,11
2024-07-24 12:00:00,111.0,0.0,111.0,0.0,22.8,88,5.5,101,1017.1,100,98,100,99,0.7,0.0,41.7658,-72.6734,2024,7,24,12
2024-07-24 13:00:00,220.0,3.0,217.0,3.3,23.5,85,9.2,132,1016.7,100,100,100,96,0.2,0.0,41.7658,-72.6734,2024,7,24,13
2024-07-24 14:00:00,246.0,0.0,246.0,0.0,23.9,84,9.0,151,1016.3,99,32,26,98,0.3,0.0,41.7658,-72.6734,2024,7,24,14
2024-07-24 15:00:00,631.0,340.0,291.0,392.0,25.9,75,10.0,159,1015.4,100,23,35,100,0.3,3600.0,41.7658,-72.6734,2024,7,24,15
2024-07-24 16:00:00,502.0,256.0,246.0,330.8,26.6,70,8.9,166,1014.7,100,24,20,100,0.2,3600.0,41.7658,-72.6734,2024,7,24,16
2024-07-24 17:00:00,394.0,178.0,216.0,276.8,26.8,68,9.4,162,1014.2,98,25,13,97,0.1,3600.0,41.7658,-72.6734,2024,7,24,17
2024-07-24 18:00:00,303.0,142.0,161.0,293.7,26.5,69,10.4,160,1013.7,61,36,9,35,0.1,3600.0,41.7658,-72.6734,2024,7,24,18
2024-07-24 19:00:00,182.0,91.0,91.0,297.3,25.2,78,11.1,155,1013.8,89,26,16,83,0.1,3600.0,41.7658,-72.6734,2024,7,24,19
2024-07-24 20:00:00,44.0,11.0,33.0,88.5,24.0,86,8.8,161,1014.4,100,14,20,100,0.0,878.72,41.7658,-72.6734,2024,7,24,20
2024-07-24 21:00:00,1.0,0.0,1.0,0.0,22.9,92,7.6,149,1015.1,100,17,3,100,0.1,0.0,41.7658,-72.6734,2024,7,24,21
2024-07-24 22:00:00,0.0,0.0,0.0,0.0,22.2,96,7.9,156,1015.3,87,7,5,86,0.0,0.0,41.7658,-72.6734,2024,7,24,22
2024-07-24 23:00:00,0.0,0.0,0.0,0.0,21.7,98,5.9,169,1015.3,100,74,33,100,0.0,0.0,41.7658,-72.6734,2024,7,24,23
2024-07-25 00:00:00,0.0,0.0,0.0,0.0,21.9,98,8.4,160,1014.9,100,99,70,80,0.1,0.0,41.7658,-72.6734,2024,7,25,0
2024-07-25 01:00:00,0.0,0.0,0.0,0.0,22.0,98,8.7,173,1014.7,99,99,3,5,0.0,0.0,41.7658,-72.6734,2024,7,25,1
2024-07-25 02:00:00,0.0,0.0,0.0,0.0,21.8,97,9.8,174,1014.3,100,100,10,100,0.0,0.0,41.7658,-72.6734,2024,7,25,2
2024-07-25 03:00:00,0.0,0.0,0.0,0.0,21.9,96,9.7,176,1013.7,100,84,12,100,0.0,0.0,41.7658,-72.6734,2024,7,25,3
2024-07-25 04:00:00,0.0,0.0,0.0,0.0,21.8,96,8.3,175,1013.3,100,100,2,99,0.1,0.0,41.7658,-72.6734,2024,7,25,4
2024-07-25 05:00:00,0.0,0.0,0.0,0.0,21.8,98,9.4,184,1013.2,100,100,0,38,0.0,0.0,41.7658,-72.6734,2024,7,25,5
2024-07-25 06:00:00,2.0,0.0,2.0,0.0,21.7,99,9.1,189,1013.1,100,100,0,100,0.0,0.0,41.7658,-72.6734,2024,7,25,6
2024-07-25 07:00:00,42.0,3.0,39.0,21.5,22.1,94,10.1,207,1013.4,100,100,1,99,0.0,0.0,41.7658,-72.6734,2024,7,25,7
2024-07-25 08:00:00,115.0,6.0,109.0,18.6,22.5,91,11.2,220,1013.6,100,100,7,92,0.0,0.0,41.7658,-72.6734,2024,7,25,8
2024-07-25 09:00:00,221.0,31.0,190.0,62.2,24.1,87,10.0,232,1013.1,100,89,32,100,0.1,66.25,41.7658,-72.6734,2024,7,25,9
2024-07-25 10:00:00,351.0,118.0,233.0,180.0,25.4,81,6.8,238,1013.1,100,97,2,100,0.1,3599.9,41.7658,-72.6734,2024,7,25,10
2024-07-25 11:00:00,230.0,13.0,217.0,16.6,25.4,80,6.4,243,1013.0,100,100,2,100,0.1,0.0,41.7658,-72.6734,2024,7,25,11
2024-07-25 12:00:00,330.0,21.0,309.0,24.1,25.8,75,6.9,261,1012.9,100,99,19,100,0.1,0.0,41.7658,-72.6734,2024,7,25,12
2024-07-25 13:00:00,338.0,35.0,303.0,38.1,25.2,76,5.6,255,1012.5,100,86,8,100,0.1,0.0,41.7658,-72.6734,2024,7,25,13
2024-07-25 14:00:00,450.0,91.0,359.0,99.4,25.8,75,3.9,202,1011.9,100,77,9,100,0.1,1182.05,41.7658,-72.6734,2024,7,25,14
2024-07-25 15:00:00,599.0,303.0,296.0,350.0,27.3,67,6.7,254,1011.0,37,12,7,23,0.1,3600.0,41.7658,-72.6734,2024,7,25,15
2024-07-25 16:00:00,648.0,498.0,150.0,644.9,28.9,49,9.8,278,1010.3,33,6,16,16,0.0,3600.0,41.7658,-72.6734,2024,7,25,16
2024-07-25 17:00:00,522.0,409.0,113.0,637.9,28.8,41,13.5,286,1010.0,68,5,34,51,0.0,3600.0,41.7658,-72.6734,2024,7,25,17
2024-07-25 18:00:00,362.0,246.0,116.0,511.0,28.1,43,11.3,292,1010.1,60,0,3,59,0.0,3600.0,41.7658,-72.6734,2024,7,25,18
2024-07-25 19:00:00,218.0,145.0,73.0,477.2,26.3,52,7.9,286,1010.3,76,0,9,74,0.0,3600.0,41.7658,-72.6734,2024,7,25,19
2024-07-25 20:00:00,66.0,30.0,36.0,243.6,23.7,61,9.0,323,1011.1,100,0,8,100,0.0,3600.0,41.7658,-72.6734,2024,7,25,20
2024-07-25 21:00:00,1.0,0.0,1.0,0.0,21.8,64,8.1,302,1012.5,96,0,1,96,0.0,0.0,41.7658,-72.6734,2024,7,25,21
2024-07-25 22:00:00,0.0,0.0,0.0,0.0,20.8,67,9.1,326,1013.3,0,0,0,0,0.0,0.0,41.7658,-72.6734,2024,7,25,22
2024-07-25 23:00:00,0.0,0.0,0.0,0.0,20.0,66,10.7,312,1013.7,0,0,0,0,0.0,0.0,41.7658,-72.6734,2024,7,25,23
2024-07-26 00:00:00,0.0,0.0,0.0,0.0,19.2,68,8.9,297,1013.6,0,0,0,0,0.0,0.0,41.7658,-72.6734,2024,7,26,0
2024-07-26 01:00:00,0.0,0.0,0.0,0.0,18.6,71,9.1,277,1013.8,0,0,0,0,0.0,0.0,41.7658,-72.6734,2024,7,26,1
2024-07-26 02:00:00,0.0,0.0,0.0,0.0,18.4,71,9.3,283,1013.5,0,0,0,0,0.0,0.0,41.7658,-72.6734,2024,7,26,2
2024-07-26 03:00:00,0.0,0.0,0.0,0.0,18.1,72,8.2,293,1013.3,0,0,0,0,0.0,0.0,41.7658,-72.6734,2024,7,26,3
2024-07-26 04:00:00,0.0,0.0,0.0,0.0,17.7,74,7.7,319,1013.2,0,0,0,0,0.0,0.0,41.7658,-72.6734,2024,7,26,4
2024-07-26 05:00:00,0.0,0.0,0.0,0.0,17.1,77,8.9,328,1013.2,8,8,0,0,0.0,0.0,41.7658,-72.6734,2024,7,26,5
2024-07-26 06:00:00,2.0,0.0,2.0,0.0,17.0,77,9.4,310,1013.3,22,22,0,0,0.0,0.0,41.7658,-72.6734,2024,7,26,6
2024-07-26 07:00:00,74.0,37.0,37.0,270.4,18.2,73,11.2,315,1013.7,11,11,0,0,0.0,3600.0,41.7658,-72.6734,2024,7,26,7
2024-07-26 08:00:00,226.0,145.0,81.0,453.2,20.0,67,10.5,333,1014.1,7,7,0,0,0.0,3600.0,41.7658,-72.6734,2024,7,26,8
2024-07-26 09:00:00,412.0,316.0,96.0,636.8,21.9,63,10.6,342,1014.6,1,1,0,0,0.0,3600.0,41.7658,-72.6734,2024,7,26,9
2024-07-26 10:00:00,588.0,479.0,109.0,732.7,23.4,57,12.2,346,1014.7,0,0,0,0,0.0,3600.0,41.7658,-72.6734,2024,7,26,10
2024-07-26 11:00:00,739.0,626.0,113.0,800.9,24.9,51,11.8,348,1014.5,0,0,0,0,0.0,3600.0,41.7658,-72.6734,2024,7,26,11
2024-07-26 12:00:00,845.0,729.0,116.0,836.8,26.5,45,12.3,353,1014.2,0,0,0,0,0.0,3600.0,41.7658,-72.6734,2024,7,26,12
2024-07-26 13:00:00,897.0,778.0,119.0,849.0,27.6,41,12.6,357,1013.7,17,1,0,16,0.0,3600.0,41.7658,-72.6734,2024,7,26,13
2024-07-26 14:00:00,886.0,756.0,130.0,827.2,28.5,37,11.3,7,1013.1,41,0,1,40,0.0,3600.0,41.7658,-72.6734,2024,7,26,14
2024-07-26 15:00:00,821.0,684.0,137.0,791.4,29.2,34,11.6,16,1012.4,47,0,14,39,0.0,3600.0,41.7658,-72.6734,2024,7,26,15
2024-07-26 16:00:00,664.0,524.0,140.0,680.0,29.3,33,13.4,14,1012.2,52,0,45,12,0.0,3600.0,41.7658,-72.6734,2024,7,26,16
2024-07-26 17:00:00,444.0,283.0,161.0,442.7,28.3,35,13.3,357,1012.2,14,0,14,0,0.0,3600.0,41.7658,-72.6734,2024,7,26,17
2024-07-26 18:00:00,369.0,262.0,107.0,546.7,27.7,37,14.0,342,1012.3,4,0,4,0,0.0,3600.0,41.7658,-72.6734,2024,7,26,18
2024-07-26 19:00:00,222.0,153.0,69.0,507.5,25.8,43,10.7,12,1013.0,0,0,0,0,0.0,3600.0,41.7658,-72.6734,2024,7,26,19
2024-07-26 20:00:00,67.0,37.0,30.0,303.3,23.1,53,7.7,28,1013.3,0,0,0,0,0.0,3600.0,41.7658,-72.6734,2024,7,26,20
2024-07-26 21:00:00,1.0,0.0,1.0,0.0,21.4,74,6.2,339,1014.5,3,0,3,0,0.0,0.0,41.7658,-72.6734,2024,7,26,21
2024-07-26 22:00:00,0.0,0.0,0.0,0.0,20.3,78,5.0,339,1015.1,5,2,5,0,0.0,0.0,41.7658,-72.6734,2024,7,26,22
2024-07-26 23:00:00,0.0,0.0,0.0,0.0,19.4,81,3.9,326,1015.4,6,1,6,0,0.0,0.0,41.7658,-72.6734,2024,7,26,23
2024-07-27 00:00:00,0.0,0.0,0.0,0.0,18.9,83,4.7,337,1015.6,17,3,17,0,0.0,0.0,41.7658,-72.6734,2024,7,27,0
2024-07-27 01:00:00,0.0,0.0,0.0,0.0,18.3,88,4.0,355,1015.8,1,0,1,0,0.0,0.0,41.7658,-72.6734,2024,7,27,1
2024-07-27 02:00:00,0.0,0.0,0.0,0.0,17.8,92,4.2,20,1015.6,0,0,0,0,0.0,0.0,41.7658,-72.6734,2024,7,27,2
2024-07-27 03:00:00,0.0,0.0,0.0,0.0,17.2,94,3.9,22,1015.7,0,0,0,0,0.0,0.0,41.7658,-72.6734,2024,7,27,3
2024-07-27 04:00:00,0.0,0.0,0.0,0.0,16.8,96,4.0,360,1015.7,0,0,0,0,0.0,0.0,41.7658,-72.6734,2024,7,27,4
2024-07-27 05:00:00,0.0,0.0,0.0,0.0,16.3,97,5.1,4,1015.7,0,0,0,0,0.0,0.0,41.7658,-72.6734,2024,7,27,5
2024-07-27 06:00:00,2.0,0.0,2.0,0.0,16.0,97,2.9,330,1015.9,0,0,0,0,0.0,0.0,41.7658,-72.6734,2024,7,27,6
2024-07-27 07:00:00,78.0,42.0,36.0,312.8,17.2,93,4.0,360,1016.2,0,0,0,0,0.0,3600.0,41.7658,-72.6734,2024,7,27,7
2024-07-27 08:00:00,241.0,173.0,68.0,544.7,19.4,81,3.1,21,1016.6,0,0,0,0,0.0,3600.0,41.7658,-72.6734,2024,7,27,8
2024-07-27 09:00:00,422.0,333.0,89.0,673.9,22.5,70,3.0,14,1017.1,0,0,0,0,0.0,3600.0,41.7658,-72.6734,2024,7,27,9
2024-07-27 10:00:00,596.0,495.0,101.0,759.4,25.3,56,4.0,5,1017.4,0,0,0,0,0.0,3600.0,41.7658,-72.6734,2024,7,27,10
2024-07-27 11:00:00,745.0,639.0,106.0,819.4,27.0,45,3.3,354,1017.4,12,1,12,0,0.0,3600.0,41.7658,-72.6734,2024,7,27,11
2024-07-27 12:00:00,791.0,639.0,152.0,734.8,28.0,40,4.8,27,1017.0,23,1,23,0,0.0,3600.0,41.7658,-72.6734,2024,7,27,12
2024-07-27 13:00:00,813.0,618.0,195.0,675.6,28.8,37,6.1,45,1016.5,36,0,36,0,0.0,3600.0,41.7658,-72.6734,2024,7,27,13
2024-07-27 14:00:00,760.0,531.0,229.0,582.0,29.4,34,7.1,45,1015.8,43,0,43,0,0.0,3600.0,41.7658,-72.6734,2024,7,27,14
2024-07-27 15:00:00,717.0,518.0,199.0,600.5,30.0,32,8.9,32,1015.4,52,0,52,0,0.0,3600.0,41.7658,-72.6734,2024,7,27,15
2024-07-27 16:00:00,537.0,282.0,255.0,366.8,29.8,31,10.0,30,1014.7,66,0,66,0,0.0,3600.0,41.7658,-72.6734,2024,7,27,16
2024-07-27 17:00:00,341.0,141.0,200.0,221.3,28.8,34,10.4,34,1014.5,61,0,61,0,0.0,3600.0,41.7658,-72.6734,2024,7,27,17
2024-07-27 18:00:00,298.0,130.0,168.0,272.5,28.4,37,7.1,30,1014.3,8,0,8,0,0.0,3600.0,41.7658,-72.6734,2024,7,27,18
2024-07-27 19:00:00,192.0,113.0,79.0,377.9,26.9,50,2.5,90,1014.3,3,0,3,0,0.0,3600.0,41.7658,-72.6734,2024,7,27,19
2024-07-27 20:00:00,64.0,35.0,29.0,289.8,24.5,64,3.5,246,1014.4,0,0,0,0,0.0,3600.0,41.7658,-72.6734,2024,7,27,20
2024-07-27 21:00:00,1.0,0.0,1.0,0.0,22.9,69,7.3,303,1015.3,10,10,0,0,0.0,0.0,41.7658,-72.6734,2024,7,27,21
2024-07-27 22:00:00,0.0,0.0,0.0,0.0,22.3,64,8.7,312,1015.6,0,0,0,0,0.0,0.0,41.7658,-72.6734,2024,7,27,22
2024-07-27 23:00:00,0.0,0.0,0.0,0.0,20.9,74,6.1,357,1015.8,0,0,0,0,0.0,0.0,41.7658,-72.6734,2024,7,27,23
2024-07-28 00:00:00,0.0,0.0,0.0,0.0,19.5,85,4.5,14,1016.5,0,0,0,0,0.0,0.0,41.7658,-72.6734,2024,7,28,0
2024-07-28 01:00:00,0.0,0.0,0.0,0.0,18.7,90,4.8,333,1016.3,0,0,0,0,0.0,0.0,41.7658,-72.6734,2024,7,28,1
2024-07-28 02:00:00,0.0,0.0,0.0,0.0,17.8,94,5.4,352,1016.1,0,0,0,0,0.0,0.0,41.7658,-72.6734,2024,7,28,2
2024-07-28 03:00:00,0.0,0.0,0.0,0.0,17.9,94,4.3,5,1016.3,0,0,0,0,0.0,0.0,41.7658,-72.6734,2024,7,28,3
2024-07-28 04:00:00,0.0,0.0,0.0,0.0,17.6,95,7.6,5,1016.4,0,0,0,0,0.0,0.0,41.7658,-72.6734,2024,7,28,4
2024-07-28 05:00:00,0.0,0.0,0.0,0.0,17.2,95,6.5,19,1016.8,0,0,0,0,0.0,0.0,41.7658,-72.6734,2024,7,28,5
2024-07-28 06:00:00,2.0,0.0,2.0,0.0,16.9,96,4.8,27,1017.1,0,0,0,0,0.0,0.0,41.7658,-72.6734,2024,7,28,6
2024-07-28 07:00:00,76.0,42.0,34.0,319.0,17.9,93,6.5,357,1017.3,0,0,0,0,0.0,3600.0,41.7658,-72.6734,2024,7,28,7
2024-07-28 08:00:00,238.0,171.0,67.0,542.4,19.9,79,5.1,4,1017.2,0,0,0,0,0.0,3600.0,41.7658,-72.6734,2024,7,28,8
2024-07-28 09:00:00,421.0,335.0,86.0,680.8,22.7,69,5.4,360,1017.3,0,0,0,0,0.0,3600.0,41.7658,-72.6734,2024,7,28,9
2024-07-28 10:00:00,595.0,496.0,99.0,763.2,25.6,57,5.4,4,1017.2,22,0,0,22,0.0,3600.0,41.7658,-72.6734,2024,7,28,10
2024-07-28 11:00:00,738.0,626.0,112.0,804.5,27.9,46,6.3,31,1016.8,33,9,17,19,0.0,3600.0,41.7658,-72.6734,2024,7,28,11
2024-07-28 12:00:00,821.0,673.0,148.0,775.4,29.3,40,7.2,37,1016.0,100,1,34,100,0.0,3600.0,41.7658,-72.6734,2024,7,28,12
2024-07-28 13:00:00,717.0,450.0,267.0,492.8,29.9,37,6.6,49,1015.1,97,1,46,94,0.0,3600.0,41.7658,-72.6734,2024,7,28,13
2024-07-28 14:00:00,698.0,350.0,348.0,384.3,30.3,36,6.6,103,1014.5,91,0,81,50,0.0,3600.0,41.7658,-72.6734,2024,7,28,14
2024-07-28 15:00:00,516.0,240.0,276.0,278.8,29.9,36,6.4,128,1013.7,100,0,69,100,0.0,3600.0,41.7658,-72.6734,2024,7,28,15
2024-07-28 16:00:00,417.0,119.0,298.0,155.2,30.2,34,3.2,90,1012.9,100,0,26,100,0.0,2854.82,41.7658,-72.6734,2024,7,28,16
2024-07-28 17:00:00,243.0,16.0,227.0,25.2,27.0,48,14.1,176,1013.2,100,0,9,100,0.0,0.0,41.7658,-72.6734,2024,7,28,17
2024-07-28 18:00:00,136.0,9.0,127.0,19.0,24.0,61,11.7,171,1013.8,100,0,1,100,0.0,0.0,41.7658,-72.6734,2024,7,28,18
2024-07-28 19:00:00,53.0,1.0,52.0,3.4,23.4,59,10.9,172,1013.6,100,0,94,100,0.0,0.0,41.7658,-72.6734,2024,7,28,19
2024-07-28 20:00:00,25.0,1.0,24.0,8.4,22.2,62,7.8,146,1013.9,100,0,68,100,0.0,0.0,41.7658,-72.6734,2024,7,28,20
2024-07-28 21:00:00,0.0,0.0,0.0,0.0,21.5,70,6.6,189,1014.4,100,5,21,100,0.0,0.0,41.7658,-72.6734,2024,7,28,21
2024-07-28 22:00:00,0.0,0.0,0.0,0.0,20.9,72,6.6,202,1013.9,100,0,98,100,0.0,0.0,41.7658,-72.6734,2024,7,28,22
2024-07-28 23:00:00,0.0,0.0,0.0,0.0,20.4,75,8.0,144,1014.3,100,5,95,95,0.6,0.0,41.7658,-72.6734,2024,7,28,23
2024-07-29 00:00:00,0.0,0.0,0.0,0.0,19.8,80,6.4,218,1013.7,99,1,95,88,0.2,0.0,41.7658,-72.6734,2024,7,29,0
2024-07-29 01:00:00,0.0,0.0,0.0,0.0,19.2,87,6.6,189,1013.7,94,9,92,20,0.5,0.0,41.7658,-72.6734,2024,7,29,1
2024-07-29 02:00:00,0.0,0.0,0.0,0.0,18.8,88,12.6,200,1013.0,100,0,100,73,0.0,0.0,41.7658,-72.6734,2024,7,29,2
2024-07-29 03:00:00,0.0,0.0,0.0,0.0,18.8,92,11.2,213,1012.5,99,0,83,96,3.0,0.0,41.7658,-72.6734,2024,7,29,3
2024-07-29 04:00:00,0.0,0.0,0.0,0.0,18.7,94,8.9,230,1012.1,86,11,85,0,4.7,0.0,41.7658,-72.6734,2024,7,29,4
2024-07-29 05:00:00,0.0,0.0,0.0,0.0,18.5,93,12.1,240,1011.8,81,3,80,0,0.2,0.0,41.7658,-72.6734,2024,7,29,5
2024-07-29 06:00:00,1.0,0.0,1.0,0.0,18.3,94,10.9,224,1012.2,63,0,59,9,0.2,0.0,41.7658,-72.6734,2024,7,29,6
2024-07-29 07:00:00,49.0,14.0,35.0,108.5,18.8,96,11.6,202,1012.4,95,1,95,6,0.0,1454.36,41.7658,-72.6734,2024,7,29,7
2024-07-29 08:00:00,87.0,11.0,76.0,35.2,19.3,92,11.4,208,1012.6,100,11,100,75,0.0,0.0,41.7658,-72.6734,2024,7,29,8
2024-07-29 09:00:00,86.0,2.0,84.0,4.1,19.1,95,6.6,225,1012.3,100,43,100,98,1.2,0.0,41.7658,-72.6734,2024,7,29,9
2024-07-29 10:00:00,110.0,6.0,104.0,9.3,19.5,95,7.1,210,1012.2,100,32,99,55,1.7,0.0,41.7658,-72.6734,2024,7,29,10
2024-07-29 11:00:00,137.0,0.0,137.0,0.0,19.9,98,4.4,189,1012.0,95,33,84,66,5.1,0.0,41.7658,-72.6734,2024,7,29,11
2024-07-29 12:00:00,335.0,56.0,279.0,64.6,21.5,91,5.4,200,1011.9,100,9,100,2,0.3,139.3,41.7658,-72.6734,2024,7,29,12
2024-07-29 13:00:00,464.0,133.0,331.0,145.9,22.6,84,6.0,197,1011.6,98,11,97,15,0.1,2577.0,41.7658,-72.6734,2024,7,29,13
2024-07-29 14:00:00,346.0,66.0,280.0,72.6,22.5,83,6.2,201,1011.1,100,20,99,94,0.2,377.83,41.7658,-72.6734,2024,7,29,14
2024-07-29 15:00:00,376.0,74.0,302.0,86.1,22.9,83,7.3,191,1011.2,100,99,100,98,0.2,783.84,41.7658,-72.6734,2024,7,29,15
2024-07-29 16:00:00,173.0,18.0,155.0,23.5,22.3,87,4.8,193,1010.9,100,38,43,100,0.2,0.0,41.7658,-72.6734,2024,7,29,16
2024-07-29 17:00:00,215.0,21.0,194.0,33.2,22.7,86,3.2,207,1010.9,98,23,30,97,0.4,0.0,41.7658,-72.6734,2024,7,29,17
2024-07-29 18:00:00,186.0,21.0,165.0,44.4,22.7,86,7.4,209,1010.4,99,32,10,99,0.1,0.0,41.7658,-72.6734,2024,7,29,18
2024-07-29 19:00:00,108.0,19.0,89.0,64.6,22.3,87,3.8,221,1010.0,95,0,17,95,0.0,139.3,41.7658,-72.6734,2024,7,29,19
2024-07-29 20:00:00,46.0,11.0,35.0,93.1,21.3,94,4.3,204,1010.0,12,0,6,7,0.0,1208.01,41.7658,-72.6734,2024,7,29,20
2024-07-29 21:00:00,0.0,0.0,0.0,0.0,20.0,98,5.1,129,1010.9,29,3,16,13,0.0,0.0,41.7658,-72.6734,2024,7,29,21
2024-07-29 22:00:00,0.0,0.0,0.0,0.0,19.1,99,5.5,191,1010.8,20,12,4,5,0.0,0.0,41.7658,-72.6734,2024,7,29,22
2024-07-29 23:00:00,0.0,0.0,0.0,0.0,19.4,99,5.4,172,1010.7,37,4,20,18,0.0,0.0,41.7658,-72.6734,2024,7,29,23
2024-07-30 00:00:00,0.0,0.0,0.0,0.0,19.2,99,5.0,180,1010.3,10,3,6,1,0.0,0.0,41.7658,-72.6734,2024,7,30,0
2024-07-30 01:00:00,0.0,0.0,0.0,0.0,18.5,100,4.7,184,1010.3,96,96,0,0,0.0,0.0,41.7658,-72.6734,2024,7,30,1
2024-07-30 02:00:00,0.0,0.0,0.0,0.0,18.4,100,6.6,167,1010.3,99,99,0,1,0.0,0.0,41.7658,-72.6734,2024,7,30,2
2024-07-30 03:00:00,0.0,0.0,0.0,0.0,19.6,99,4.2,160,1010.2,100,100,0,41,0.0,0.0,41.7658,-72.6734,2024,7,30,3
2024-07-30 04:00:00,0.0,0.0,0.0,0.0,20.5,99,5.4,172,1010.3,100,100,0,60,0.0,0.0,41.7658,-72.6734,2024,7,30,4
2024-07-30 05:00:00,0.0,0.0,0.0,0.0,21.0,99,6.8,180,1010.6,100,100,0,2,0.0,0.0,41.7658,-72.6734,2024,7,30,5
2024-07-30 06:00:00,1.0,0.0,1.0,0.0,21.4,99,7.3,171,1010.8,100,100,0,0,0.0,0.0,41.7658,-72.6734,2024,7,30,6
2024-07-30 07:00:00,23.0,0.0,23.0,0.0,22.0,98,8.5,168,1010.9,100,100,0,0,0.0,0.0,41.7658,-72.6734,2024,7,30,7
2024-07-30 08:00:00,79.0,8.0,71.0,25.8,22.8,95,12.2,180,1011.1,100,100,0,0,0.0,0.0,41.7658,-72.6734,2024,7,30,8
2024-07-30 09:00:00,186.0,33.0,153.0,67.7,24.2,92,11.3,189,1011.2,38,25,1,17,0.0,229.52,41.7658,-72.6734,2024,7,30,9
2024-07-30 10:00:00,451.0,228.0,223.0,352.9,26.0,82,13.6,197,1011.4,99,85,0,96,0.0,3600.0,41.7658,-72.6734,2024,7,30,10
2024-07-30 11:00:00,509.0,221.0,288.0,285.3,27.5,76,12.8,196,1011.3,54,53,2,0,0.0,3600.0,41.7658,-72.6734,2024,7,30,11
2024-07-30 12:00:00,707.0,465.0,242.0,537.8,28.9,71,14.7,202,1011.0,38,26,3,14,0.0,3600.0,41.7658,-72.6734,2024,7,30,12
2024-07-30 13:00:00,748.0,459.0,289.0,504.4,29.7,65,16.8,195,1010.7,32,5,2,27,0.0,3600.0,41.7658,-72.6734,2024,7,30,13
2024-07-30 14:00:00,802.0,632.0,170.0,696.4,30.5,55,18.4,192,1010.1,27,2,9,19,0.0,3600.0,41.7658,-72.6734,2024,7,30,14
2024-07-30 15:00:00,738.0,602.0,136.0,702.1,30.0,56,20.5,191,1009.8,12,2,1,10,0.0,3600.0,41.7658,-72.6734,2024,7,30,15
2024-07-30 16:00:00,656.0,527.0,129.0,690.6,29.5,58,21.3,191,1009.2,17,0,1,16,0.0,3600.0,41.7658,-72.6734,2024,7,30,16
2024-07-30 17:00:00,533.0,431.0,102.0,683.1,28.7,57,21.1,188,1009.4,58,0,1,58,0.0,3600.0,41.7658,-72.6734,2024,7,30,17
2024-07-30 18:00:00,388.0,301.0,87.0,640.4,27.2,65,19.9,184,1009.6,8,0,0,8,0.0,3600.0,41.7658,-72.6734,2024,7,30,18
2024-07-30 19:00:00,211.0,148.0,63.0,508.2,25.7,71,18.4,182,1009.7,3,2,1,0,0.0,3600.0,41.7658,-72.6734,2024,7,30,19
2024-07-30 20:00:00,57.0,30.0,27.0,256.7,24.4,78,15.1,181,1010.1,10,6,5,0,0.0,3600.0,41.7658,-72.6734,2024,7,30,20
2024-07-30 21:00:00,0.0,0.0,0.0,0.0,23.7,79,15.9,176,1011.1,59,4,2,57,0.0,0.0,41.7658,-72.6734,2024,7,30,21
2024-07-30 22:00:00,0.0,0.0,0.0,0.0,23.0,80,14.4,176,1011.5,97,2,5,97,0.0,0.0,41.7658,-72.6734,2024,7,30,22
2024-07-30 23:00:00,0.0,0.0,0.0,0.0,22.8,80,13.4,174,1011.2,51,5,16,39,0.0,0.0,41.7658,-72.6734,2024,7,30,23
2024-07-31 00:00:00,0.0,0.0,0.0,0.0,22.6,81,12.3,175,1011.0,100,13,6,100,0.0,0.0,41.7658,-72.6734,2024,7,31,0
2024-07-31 01:00:00,0.0,0.0,0.0,0.0,22.4,84,11.6,173,1010.8,100,10,4,100,0.0,0.0,41.7658,-72.6734,2024,7,31,1
2024-07-31 02:00:00,0.0,0.0,0.0,0.0,22.3,86,10.9,174,1010.4,31,14,18,6,0.0,0.0,41.7658,-72.6734,2024,7,31,2
2024-07-31 03:00:00,0.0,0.0,0.0,0.0,22.0,90,10.5,172,1010.1,100,37,12,100,0.0,0.0,41.7658,-72.6734,2024,7,31,3
2024-07-31 04:00:00,0.0,0.0,0.0,0.0,22.3,90,10.8,180,1009.8,100,100,46,100,0.1,0.0,41.7658,-72.6734,2024,7,31,4
2024-07-31 05:00:00,0.0,0.0,0.0,0.0,22.7,91,12.2,180,1009.5,74,55,19,36,0.2,0.0,41.7658,-72.6734,2024,7,31,5
2024-07-31 06:00:00,1.0,0.0,1.0,0.0,22.7,94,12.7,173,1009.5,100,100,15,91,0.1,0.0,41.7658,-72.6734,2024,7,31,6
2024-07-31 07:00:00,30.0,3.0,27.0,23.9,22.9,91,12.7,173,1009.5,100,100,25,100,0.0,0.0,41.7658,-72.6734,2024,7,31,7
2024-07-31 08:00:00,141.0,43.0,98.0,139.5,23.3,90,13.0,177,1009.8,100,100,16,100,0.1,2386.0,41.7658,-72.6734,2024,7,31,8
2024-07-31 09:00:00,268.0,107.0,161.0,220.3,23.0,89,12.9,157,1009.8,100,99,21,55,0.2,3600.0,41.7658,-72.6734,2024,7,31,9
2024-07-31 10:00:00,280.0,73.0,207.0,113.3,23.7,88,18.3,164,1009.3,89,79,28,32,0.1,1599.9,41.7658,-72.6734,2024,7,31,10
2024-07-31 11:00:00,409.0,149.0,260.0,192.8,25.0,84,17.7,178,1009.1,100,100,5,86,0.1,3600.0,41.7658,-72.6734,2024,7,31,11
2024-07-31 12:00:00,419.0,106.0,313.0,122.8,26.5,78,16.6,179,1008.2,100,63,9,100,0.2,1885.29,41.7658,-72.6734,2024,7,31,12
2024-07-31 13:00:00,465.0,158.0,307.0,174.0,27.0,71,17.7,185,1007.9,65,43,34,19,0.1,3418.97,41.7658,-72.6734,2024,7,31,13
2024-07-31 14:00:00,519.0,252.0,267.0,278.2,27.0,73,17.3,184,1007.5,94,57,34,82,0.5,3600.0,41.7658,-72.6734,2024,7,31,14
2024-07-31 15:00:00,411.0,177.0,234.0,206.9,26.6,79,15.1,198,1007.3,83,11,30,74,0.6,3600.0,41.7658,-72.6734,2024,7,31,15
2024-07-31 16:00:00,402.0,137.0,265.0,180.0,27.3,73,15.4,201,1006.6,68,23,22,52,0.2,3600.0,41.7658,-72.6734,2024,7,31,16
2024-07-31 17:00:00,501.0,342.0,159.0,544.0,27.4,74,19.2,203,1006.4,99,83,13,92,1.3,3600.0,41.7658,-72.6734,2024,7,31,17
2024-07-31 18:00:00,119.0,11.0,108.0,23.5,23.9,95,11.2,184,1006.8,100,12,8,100,4.2,0.0,41.7658,-72.6734,2024,7,31,18
2024-07-31 19:00:00,62.0,0.0,62.0,0.0,23.7,95,11.3,189,1007.0,100,40,40,100,0.2,0.0,41.7658,-72.6734,2024,7,31,19
2024-07-31 20:00:00,38.0,5.0,33.0,43.3,23.2,98,11.9,182,1006.9,97,52,1,93,0.2,0.0,41.7658,-72.6734,2024,7,31,20
2024-07-31 21:00:00,0.0,0.0,0.0,0.0,23.3,98,5.9,191,1007.9,78,25,3,71,0.1,0.0,41.7658,-72.6734,2024,7,31,21
2024-07-31 22:00:00,0.0,0.0,0.0,0.0,23.0,98,6.9,219,1008.2,11,4,1,7,0.9,0.0,41.7658,-72.6734,2024,7,31,22
2024-07-31 23:00:00,0.0,0.0,0.0,0.0,22.6,97,9.2,244,1008.1,2,0,1,1,0.0,0.0,41.7658,-72.6734,2024,7,31,23
2024-08-01 00:00:00,0.0,0.0,0.0,0.0,22.2,97,8.2,241,1008.3,3,0,3,0,0.0,0.0,41.7658,-72.6734,2024,8,1,0
2024-08-01 01:00:00,0.0,0.0,0.0,0.0,22.0,97,7.4,241,1008.5,12,3,11,0,0.0,0.0,41.7658,-72.6734,2024,8,1,1
2024-08-01 02:00:00,0.0,0.0,0.0,0.0,22.0,96,6.4,243,1008.4,4,0,4,0,0.0,0.0,41.7658,-72.6734,2024,8,1,2
2024-08-01 03:00:00,0.0,0.0,0.0,0.0,21.8,96,6.4,254,1008.4,0,0,0,0,0.0,0.0,41.7658,-72.6734,2024,8,1,3
2024-08-01 04:00:00,0.0,0.0,0.0,0.0,21.4,96,5.6,255,1008.3,0,0,0,0,0.0,0.0,41.7658,-72.6734,2024,8,1,4
2024-08-01 05:00:00,0.0,0.0,0.0,0.0,21.1,95,5.4,250,1008.4,0,0,0,0,0.0,0.0,41.7658,-72.6734,2024,8,1,5
2024-08-01 06:00:00,1.0,0.0,1.0,0.0,20.9,96,5.0,249,1008.9,0,0,0,0,0.0,0.0,41.7658,-72.6734,2024,8,1,6
2024-08-01 07:00:00,66.0,35.0,31.0,281.6,21.9,94,7.0,235,1009.1,0,0,0,0,0.0,3600.0,41.7658,-72.6734,2024,8,1,7
2024-08-01 08:00:00,221.0,154.0,67.0,503.7,23.5,92,5.6,230,1009.8,8,0,0,8,0.0,3600.0,41.7658,-72.6734,2024,8,1,8
2024-08-01 09:00:00,397.0,307.0,90.0,635.0,26.2,81,7.0,258,1010.5,12,0,11,1,0.0,3600.0,41.7658,-72.6734,2024,8,1,9
2024-08-01 10:00:00,542.0,419.0,123.0,652.5,27.8,74,8.6,255,1010.3,25,0,25,0,0.0,3600.0,41.7658,-72.6734,2024,8,1,10
2024-08-01 11:00:00,640.0,481.0,159.0,623.9,29.3,66,9.9,260,1010.3,6,0,5,0,0.0,3600.0,41.7658,-72.6734,2024,8,1,11
2024-08-01 12:00:00,798.0,662.0,136.0,768.8,30.8,55,11.2,272,1010.0,14,1,2,12,0.0,3600.0,41.7658,-72.6734,2024,8,1,12
2024-08-01 13:00:00,839.0,705.0,134.0,777.7,32.0,48,11.6,277,1009.3,5,0,4,2,0.0,3600.0,41.7658,-72.6734,2024,8,1,13
2024-08-01 14:00:00,833.0,708.0,125.0,783.3,32.6,47,12.4,278,1008.9,11,1,10,0,0.0,3600.0,41.7658,-72.6734,2024,8,1,14
2024-08-01 15:00:00,750.0,609.0,141.0,713.5,32.6,48,12.4,278,1008.3,9,2,7,0,0.0,3600.0,41.7658,-72.6734,2024,8,1,15
2024-08-01 16:00:00,666.0,542.0,124.0,714.2,32.1,48,13.0,270,1007.9,35,9,33,1,0.0,3600.0,41.7658,-72.6734,2024,8,1,16
2024-08-01 17:00:00,427.0,292.0,135.0,466.2,30.2,56,11.3,261,1008.0,4,0,4,0,0.3,3600.0,41.7658,-72.6734,2024,8,1,17
2024-08-01 18:00:00,361.0,270.0,91.0,580.8,30.0,59,8.0,252,1007.8,4,0,4,0,0.0,3600.0,41.7658,-72.6734,2024,8,1,18
2024-08-01 19:00:00,202.0,139.0,63.0,486.8,28.8,68,7.8,236,1007.8,2,0,2,0,0.0,3600.0,41.7658,-72.6734,2024,8,1,19
2024-08-01 20:00:00,53.0,28.0,25.0,245.6,27.5,74,7.6,205,1008.0,2,0,2,0,0.0,3600.0,41.7658,-72.6734,2024,8,1,20
2024-08-01 21:00:00,0.0,0.0,0.0,0.0,26.9,76,6.1,180,1008.7,1,0,1,0,0.0,0.0,41.7658,-72.6734,2024,8,1,21
2024-08-01 22:00:00,0.0,0.0,0.0,0.0,25.3,82,6.1,180,1009.0,8,0,0,8,0.0,0.0,41.7658,-72.6734,2024,8,1,22
2024-08-01 23:00:00,0.0,0.0,0.0,0.0,24.2,86,6.9,208,1009.5,1,0,0,0,0.0,0.0,41.7658,-72.6734,2024,8,1,23
2024-08-02 00:00:00,0.0,0.0,0.0,0.0,23.5,87,6.7,216,1009.7,0,0,0,0,0.0,0.0,41.7658,-72.6734,2024,8,2,0
2024-08-02 01:00:00,0.0,0.0,0.0,0.0,22.8,88,6.1,220,1009.5,0,0,0,0,0.0,0.0,41.7658,-72.6734,2024,8,2,1
2024-08-02 02:00:00,0.0,0.0,0.0,0.0,21.8,93,4.6,225,1009.4,8,0,2,7,0.0,0.0,41.7658,-72.6734,2024,8,2,2
2024-08-02 03:00:00,0.0,0.0,0.0,0.0,21.4,94,3.7,241,1009.2,16,0,2,15,0.0,0.0,41.7658,-72.6734,2024,8,2,3
2024-08-02 04:00:00,0.0,0.0,0.0,0.0,21.0,95,3.7,259,1008.8,47,0,5,45,0.0,0.0,41.7658,-72.6734,2024,8,2,4
2024-08-02 05:00:00,0.0,0.0,0.0,0.0,20.6,96,1.8,281,1009.1,30,0,2,29,0.0,0.0,41.7658,-72.6734,2024,8,2,5
2024-08-02 06:00:00,1.0,0.0,1.0,0.0,20.3,98,1.0,315,1009.4,100,5,2,100,0.0,0.0,41.7658,-72.6734,2024,8,2,6
2024-08-02 07:00:00,51.0,11.0,40.0,89.4,21.2,94,1.8,349,1009.5,100,11,1,100,0.0,987.01,41.7658,-72.6734,2024,8,2,7
2024-08-02 08:00:00,169.0,52.0,117.0,171.4,23.3,85,1.8,53,1009.5,100,1,1,100,0.0,3343.39,41.7658,-72.6734,2024,8,2,8
2024-08-02 09:00:00,374.0,251.0,123.0,521.6,26.1,81,2.9,7,1009.5,100,13,1,100,0.0,3600.0,41.7658,-72.6734,2024,8,2,9
2024-08-02 10:00:00,526.0,355.0,171.0,554.6,28.6,71,2.0,225,1009.6,100,0,3,100,0.0,3600.0,41.7658,-72.6734,2024,8,2,10
2024-08-02 11:00:00,653.0,499.0,154.0,648.8,30.5,61,7.8,193,1009.4,84,0,19,82,0.0,3600.0,41.7658,-72.6734,2024,8,2,11
2024-08-02 12:00:00,687.0,521.0,166.0,606.3,31.2,61,7.2,186,1009.0,85,0,2,84,0.0,3600.0,41.7658,-72.6734,2024,8,2,12
2024-08-02 13:00:00,788.0,560.0,228.0,619.0,32.0,59,8.0,185,1008.3,100,0,3,100,0.0,3600.0,41.7658,-72.6734,2024,8,2,13
2024-08-02 14:00:00,755.0,483.0,272.0,535.5,32.9,56,9.5,189,1007.6,100,1,7,100,0.0,3600.0,41.7658,-72.6734,2024,8,2,14
2024-08-02 15:00:00,603.0,411.0,192.0,482.7,28.1,76,5.5,259,1007.6,100,1,65,100,2.4,3600.0,41.7658,-72.6734,2024,8,2,15
2024-08-02 16:00:00,224.0,17.0,207.0,22.5,25.9,87,8.9,27,1008.2,100,15,46,100,2.5,0.0,41.7658,-72.6734,2024,8,2,16
2024-08-02 17:00:00,163.0,0.0,163.0,0.0,25.5,92,5.4,42,1007.8,100,2,20,100,0.2,0.0,41.7658,-72.6734,2024,8,2,17
2024-08-02 18:00:00,160.0,21.0,139.0,45.4,26.0,92,5.0,30,1006.9,100,0,23,100,0.1,0.0,41.7658,-72.6734,2024,8,2,18
2024-08-02 19:00:00,83.0,2.0,81.0,7.1,25.7,95,6.2,10,1006.7,100,0,11,100,0.0,0.0,41.7658,-72.6734,2024,8,2,19
2024-08-02 20:00:00,29.0,3.0,26.0,26.7,24.9,98,3.9,214,1007.0,95,21,42,93,0.9,0.0,41.7658,-72.6734,2024,8,2,20
2024-08-02 21:00:00,0.0,0.0,0.0,0.0,23.2,98,6.9,28,1007.8,100,98,18,100,3.1,0.0,41.7658,-72.6734,2024,8,2,21
2024-08-02 22:00:00,0.0,0.0,0.0,0.0,22.2,99,7.9,24,1007.9,100,100,35,100,2.8,0.0,41.7658,-72.6734,2024,8,2,22
2024-08-02 23:00:00,0.0,0.0,0.0,0.0,22.4,98,5.8,68,1006.8,100,72,53,100,1.0,0.0,41.7658,-72.6734,2024,8,2,23
2024-08-03 00:00:00,0.0,0.0,0.0,0.0,22.7,98,3.5,156,1006.5,62,23,14,45,0.2,0.0,41.7658,-72.6734,2024,8,3,0
2024-08-03 01:00:00,0.0,0.0,0.0,0.0,22.7,99,3.8,197,1006.4,57,44,11,15,0.0,0.0,41.7658,-72.6734,2024,8,3,1
2024-08-03 02:00:00,0.0,0.0,0.0,0.0,22.6,100,4.0,190,1006.1,100,100,2,100,0.0,0.0,41.7658,-72.6734,2024,8,3,2
2024-08-03 03:00:00,0.0,0.0,0.0,0.0,22.8,99,3.2,207,1005.1,100,100,0,100,0.0,0.0,41.7658,-72.6734,2024,8,3,3
2024-08-03 04:00:00,0.0,0.0,0.0,0.0,22.8,99,5.4,222,1004.9,100,100,1,86,0.0,0.0,41.7658,-72.6734,2024,8,3,4
2024-08-03 05:00:00,0.0,0.0,0.0,0.0,22.8,99,6.4,227,1005.1,100,100,16,100,0.0,0.0,41.7658,-72.6734,2024,8,3,5
2024-08-03 06:00:00,0.0,0.0,0.0,0.0,22.9,99,6.5,214,1005.3,100,99,54,100,0.0,0.0,41.7658,-72.6734,2024,8,3,6
2024-08-03 07:00:00,28.0,0.0,28.0,0.0,23.2,97,6.9,208,1005.9,83,77,10,23,0.0,0.0,41.7658,-72.6734,2024,8,3,7
2024-08-03 08:00:00,134.0,45.0,89.0,149.6,24.1,93,9.3,216,1006.0,98,61,1,95,0.0,2687.82,41.7658,-72.6734,2024,8,3,8
2024-08-03 09:00:00,349.0,204.0,145.0,425.9,26.3,85,8.4,245,1006.0,100,17,0,100,0.1,3600.0,41.7658,-72.6734,2024,8,3,9
2024-08-03 10:00:00,424.0,197.0,227.0,308.7,27.2,78,10.6,246,1005.9,99,21,0,98,0.1,3600.0,41.7658,-72.6734,2024,8,3,10
2024-08-03 11:00:00,644.0,463.0,181.0,603.5,28.8,70,13.0,256,1005.8,69,34,0,54,0.0,3600.0,41.7658,-72.6734,2024,8,3,11
2024-08-03 12:00:00,764.0,598.0,166.0,697.4,29.8,65,12.3,255,1005.7,49,7,3,44,0.0,3600.0,41.7658,-72.6734,2024,8,3,12
2024-08-03 13:00:00,781.0,587.0,194.0,650.2,30.4,62,12.3,255,1005.6,42,4,4,37,0.1,3600.0,41.7658,-72.6734,2024,8,3,13
2024-08-03 14:00:00,811.0,663.0,148.0,736.6,31.3,57,12.2,256,1005.4,86,2,4,85,0.0,3600.0,41.7658,-72.6734,2024,8,3,14
2024-08-03 15:00:00,725.0,497.0,228.0,585.1,31.7,53,11.0,247,1004.7,76,1,3,75,0.0,3600.0,41.7658,-72.6734,2024,8,3,15
2024-08-03 16:00:00,645.0,474.0,171.0,628.3,31.9,52,11.2,237,1004.2,73,7,6,69,0.0,3600.0,41.7658,-72.6734,2024,8,3,16
2024-08-03 17:00:00,416.0,227.0,189.0,365.3,31.1,52,13.4,239,1004.2,79,14,25,69,0.0,3600.0,41.7658,-72.6734,2024,8,3,17
2024-08-03 18:00:00,258.0,115.0,143.0,250.4,30.2,59,8.6,213,1004.1,35,2,9,28,0.0,3600.0,41.7658,-72.6734,2024,8,3,18
2024-08-03 19:00:00,177.0,105.0,72.0,375.7,28.9,71,10.5,196,1004.5,57,0,4,56,0.0,3600.0,41.7658,-72.6734,2024,8,3,19
2024-08-03 20:00:00,46.0,22.0,24.0,198.2,27.2,79,10.2,198,1005.3,96,1,9,96,0.0,3600.0,41.7658,-72.6734,2024,8,3,20
2024-08-03 21:00:00,0.0,0.0,0.0,0.0,24.9,91,9.5,205,1006.2,100,0,77,100,0.2,0.0,41.7658,-72.6734,2024,8,3,21
2024-08-03 22:00:00,0.0,0.0,0.0,0.0,23.7,94,11.0,191,1007.0,100,0,100,100,0.4,0.0,41.7658,-72.6734,2024,8,3,22
2024-08-03 23:00:00,0.0,0.0,0.0,0.0,23.4,96,6.6,225,1007.1,100,0,83,100,0.1,0.0,41.7658,-72.6734,2024,8,3,23
2024-08-04 00:00:00,0.0,0.0,0.0,0.0,23.3,96,6.5,214,1007.5,100,0,54,100,0.3,0.0,41.7658,-72.6734,2024,8,4,0
2024-08-04 01:00:00,0.0,0.0,0.0,0.0,22.4,98,4.2,200,1006.5,98,0,7,98,0.0,0.0,41.7658,-72.6734,2024,8,4,1
2024-08-04 02:00:00,0.0,0.0,0.0,0.0,22.5,98,8.5,216,1006.8,99,0,29,99,0.0,0.0,41.7658,-72.6734,2024,8,4,2
2024-08-04 03:00:00,0.0,0.0,0.0,0.0,22.3,97,7.3,200,1007.3,100,3,91,96,0.0,0.0,41.7658,-72.6734,2024,8,4,3
2024-08-04 04:00:00,0.0,0.0,0.0,0.0,22.3,97,8.6,182,1007.5,100,4,100,100,0.0,0.0,41.7658,-72.6734,2024,8,4,4
2024-08-04 05:00:00,0.0,0.0,0.0,0.0,22.3,97,9.9,190,1007.6,100,9,100,98,0.0,0.0,41.7658,-72.6734,2024,8,4,5
2024-08-04 06:00:00,0.0,0.0,0.0,0.0,22.1,98,7.9,196,1007.6,100,14,4,100,0.0,0.0,41.7658,-72.6734,2024,8,4,6
2024-08-04 07:00:00,48.0,10.0,38.0,82.9,22.7,95,9.7,211,1008.0,100,96,23,100,0.0,857.91,41.7658,-72.6734,2024,8,4,7
2024-08-04 08:00:00,120.0,8.0,112.0,26.8,23.5,90,11.5,221,1008.3,100,100,1,75,0.0,0.0,41.7658,-72.6734,2024,8,4,8
2024-08-04 09:00:00,276.0,103.0,173.0,216.1,25.2,82,9.9,224,1008.6,100,32,25,100,0.0,3600.0,41.7658,-72.6734,2024,8,4,9
2024-08-04 10:00:00,398.0,174.0,224.0,273.6,25.9,78,9.0,241,1008.8,100,51,30,99,0.1,3600.0,41.7658,-72.6734,2024,8,4,10
2024-08-04 11:00:00,440.0,153.0,287.0,200.0,26.5,75,11.5,221,1008.7,99,3,33,99,0.1,3600.0,41.7658,-72.6734,2024,8,4,11
2024-08-04 12:00:00,565.0,205.0,360.0,239.6,27.6,70,8.5,242,1008.7,100,16,28,100,0.1,3600.0,41.7658,-72.6734,2024,8,4,12
2024-08-04 13:00:00,497.0,117.0,380.0,129.9,27.9,69,9.2,231,1008.0,100,4,1,100,0.1,2096.32,41.7658,-72.6734,2024,8,4,13
2024-08-04 14:00:00,408.0,67.0,341.0,74.6,27.5,68,14.2,201,1007.7,100,16,2,100,0.0,438.21,41.7658,-72.6734,2024,8,4,14
2024-08-04 15:00:00,442.0,91.0,351.0,107.4,26.5,74,14.1,199,1007.6,100,47,16,99,0.3,1422.1,41.7658,-72.6734,2024,8,4,15
2024-08-04 16:00:00,414.0,148.0,266.0,196.8,26.3,75,15.6,220,1007.4,83,66,19,45,0.1,3600.0,41.7658,-72.6734,2024,8,4,16
2024-08-04 17:00:00,356.0,203.0,153.0,328.1,26.1,77,10.4,250,1007.4,85,51,21,69,0.4,3600.0,41.7658,-72.6734,2024,8,4,17
2024-08-04 18:00:00,223.0,67.0,156.0,146.8,25.7,81,6.1,220,1007.6,73,6,5,71,0.2,2603.76,41.7658,-72.6734,2024,8,4,18
2024-08-04 19:00:00,165.0,74.0,91.0,267.9,25.5,80,8.4,223,1007.6,100,1,5,100,0.0,3600.0,41.7658,-72.6734,2024,8,4,19
2024-08-04 20:00:00,40.0,11.0,29.0,100.6,24.4,87,6.8,205,1008.0,59,1,6,56,0.0,1815.25,41.7658,-72.6734,2024,8,4,20
2024-08-04 21:00:00,0.0,0.0,0.0,0.0,22.9,97,7.7,229,1009.9,95,3,4,95,0.0,0.0,41.7658,-72.6734,2024,8,4,21
2024-08-04 22:00:00,0.0,0.0,0.0,0.0,22.4,98,6.1,208,1010.3,23,0,3,20,0.0,0.0,41.7658,-72.6734,2024,8,4,22
2024-08-04 23:00:00,0.0,0.0,0.0,0.0,22.1,98,5.8,210,1011.0,5,4,1,0,0.0,0.0,41.7658,-72.6734,2024,8,4,23
2024-08-05 00:00:00,0.0,0.0,0.0,0.0,21.9,98,5.0,210,1010.9,2,2,0,0,0.0,0.0,41.7658,-72.6734,2024,8,5,0
2024-08-05 01:00:00,0.0,0.0,0.0,0.0,21.8,98,5.4,228,1010.5,0,0,0,0,0.0,0.0,41.7658,-72.6734,2024,8,5,1
2024-08-05 02:00:00,0.0,0.0,0.0,0.0,21.4,98,4.9,234,1010.4,0,0,0,0,0.0,0.0,41.7658,-72.6734,2024,8,5,2
2024-08-05 03:00:00,0.0,0.0,0.0,0.0,20.8,98,5.2,236,1010.7,2,0,0,2,0.0,0.0,41.7658,-72.6734,2024,8,5,3
2024-08-05 04:00:00,0.0,0.0,0.0,0.0,20.6,97,5.1,262,1010.5,0,0,0,0,0.0,0.0,41.7658,-72.6734,2024,8,5,4
2024-08-05 05:00:00,0.0,0.0,0.0,0.0,20.8,95,6.9,279,1010.8,0,0,0,0,0.0,0.0,41.7658,-72.6734,2024,8,5,5
2024-08-05 06:00:00,0.0,0.0,0.0,0.0,20.3,93,6.4,286,1011.4,0,0,0,0,0.0,0.0,41.7658,-72.6734,2024,8,5,6
2024-08-05 07:00:00,61.0,33.0,28.0,276.6,20.9,91,9.4,272,1012.1,0,0,0,0,0.0,3600.0,41.7658,-72.6734,2024,8,5,7
2024-08-05 08:00:00,217.0,153.0,64.0,517.3,22.2,88,6.9,264,1012.4,0,0,0,0,0.0,3600.0,41.7658,-72.6734,2024,8,5,8
2024-08-05 09:00:00,397.0,312.0,85.0,657.7,24.1,78,3.8,311,1013.1,0,0,0,0,0.0,3600.0,41.7658,-72.6734,2024,8,5,9
2024-08-05 10:00:00,569.0,471.0,98.0,743.1,25.7,73,3.1,339,1013.1,0,0,0,0,0.0,3600.0,41.7658,-72.6734,2024,8,5,10
2024-08-05 11:00:00,713.0,605.0,108.0,792.8,27.4,66,1.8,323,1013.0,0,0,0,0,0.0,3600.0,41.7658,-72.6734,2024,8,5,11
2024-08-05 12:00:00,814.0,701.0,113.0,821.3,29.1,59,1.8,259,1012.6,40,0,0,40,0.0,3600.0,41.7658,-72.6734,2024,8,5,12
2024-08-05 13:00:00,862.0,737.0,125.0,819.9,30.4,52,3.1,234,1011.6,81,0,0,81,0.0,3600.0,41.7658,-72.6734,2024,8,5,13
2024-08-05 14:00:00,796.0,575.0,221.0,641.8,31.1,48,5.2,236,1011.1,46,0,5,43,0.0,3600.0,41.7658,-72.6734,2024,8,5,14
2024-08-05 15:00:00,780.0,656.0,124.0,776.3,31.8,43,6.4,232,1010.4,27,0,3,24,0.0,3600.0,41.7658,-72.6734,2024,8,5,15
2024-08-05 16:00:00,623.0,485.0,138.0,647.1,32.1,39,9.4,227,1009.6,47,0,12,40,0.0,3600.0,41.7658,-72.6734,2024,8,5,16
2024-08-05 17:00:00,493.0,384.0,109.0,623.4,31.6,40,13.3,221,1009.2,84,0,9,82,0.0,3600.0,41.7658,-72.6734,2024,8,5,17
2024-08-05 18:00:00,315.0,180.0,135.0,397.0,30.0,50,12.2,199,1009.0,87,1,6,86,0.0,3600.0,41.7658,-72.6734,2024,8,5,18
2024-08-05 19:00:00,168.0,96.0,72.0,351.7,27.9,59,15.0,191,1008.9,92,0,3,91,0.0,3600.0,41.7658,-72.6734,2024,8,5,19
2024-08-05 20:00:00,41.0,14.0,27.0,130.0,26.1,66,13.6,192,1009.1,66,0,2,65,0.0,2825.47,41.7658,-72.6734,2024,8,5,20
2024-08-05 21:00:00,0.0,0.0,0.0,0.0,25.3,72,13.5,196,1010.3,100,0,0,100,0.0,0.0,41.7658,-72.6734,2024,8,5,21
2024-08-05 22:00:00,0.0,0.0,0.0,0.0,24.7,79,12.2,199,1010.3,100,0,11,100,0.0,0.0,41.7658,-72.6734,2024,8,5,22
2024-08-05 23:00:00,0.0,0.0,0.0,0.0,24.1,86,10.8,201,1010.0,98,0,73,94,0.0,0.0,41.7658,-72.6734,2024,8,5,23
2024-08-06 00:00:00,0.0,0.0,0.0,0.0,23.5,91,8.9,207,1009.9,100,0,95,100,0.0,0.0,41.7658,-72.6734,2024,8,6,0
2024-08-06 01:00:00,0.0,0.0,0.0,0.0,23.5,92,4.3,222,1010.4,93,7,43,88,0.0,0.0,41.7658,-72.6734,2024,8,6,1
2024-08-06 02:00:00,0.0,0.0,0.0,0.0,22.9,95,6.2,187,1009.5,6,0,4,2,0.0,0.0,41.7658,-72.6734,2024,8,6,2
2024-08-06 03:00:00,0.0,0.0,0.0,0.0,22.5,97,5.8,184,1009.2,30,5,10,19,0.0,0.0,41.7658,-72.6734,2024,8,6,3
2024-08-06 04:00:00,0.0,0.0,0.0,0.0,22.2,98,5.0,210,1008.8,25,0,18,8,0.0,0.0,41.7658,-72.6734,2024,8,6,4
2024-08-06 05:00:00,0.0,0.0,0.0,0.0,21.9,99,3.8,287,1009.2,60,7,46,28,0.0,0.0,41.7658,-72.6734,2024,8,6,5
2024-08-06 06:00:00,0.0,0.0,0.0,0.0,21.6,100,1.8,270,1009.6,93,18,82,61,2.3,0.0,41.7658,-72.6734,2024,8,6,6
2024-08-06 07:00:00,26.0,5.0,21.0,42.4,21.7,99,5.9,52,1009.8,98,97,25,14,6.0,0.0,41.7658,-72.6734,2024,8,6,7
2024-08-06 08:00:00,169.0,85.0,84.0,289.9,23.1,92,1.1,270,1010.1,80,22,74,0,0.0,3600.0,41.7658,-72.6734,2024,8,6,8
2024-08-06 09:00:00,146.0,25.0,121.0,53.0,23.1,97,4.9,197,1010.4,84,51,64,19,1.8,0.0,41.7658,-72.6734,2024,8,6,9
2024-08-06 10:00:00,266.0,117.0,149.0,185.2,23.7,92,2.4,63,1010.3,42,27,21,0,0.6,3600.0,41.7658,-72.6734,2024,8,6,10
2024-08-06 11:00:00,520.0,274.0,246.0,360.0,25.6,81,5.4,8,1010.2,100,100,8,14,0.1,3600.0,41.7658,-72.6734,2024,8,6,11
2024-08-06 12:00:00,373.0,140.0,233.0,164.4,23.2,89,13.1,339,1010.5,99,96,50,70,1.3,3132.16,41.7658,-72.6734,2024,8,6,12
2024-08-06 13:00:00,381.0,89.0,292.0,99.2,23.9,85,12.6,360,1010.5,92,47,31,81,0.3,1177.18,41.7658,-72.6734,2024,8,6,13
2024-08-06 14:00:00,590.0,326.0,264.0,364.7,25.6,76,12.0,21,1010.2,34,21,16,2,0.1,3600.0,41.7658,-72.6734,2024,8,6,14
2024-08-06 15:00:00,538.0,318.0,220.0,377.4,25.6,74,12.5,44,1009.9,69,29,40,39,0.1,3600.0,41.7658,-72.6734,2024,8,6,15
2024-08-06 16:00:00,512.0,265.0,247.0,354.8,25.8,71,11.5,49,1009.6,98,96,22,51,0.2,3600.0,41.7658,-72.6734,2024,8,6,16
2024-08-06 17:00:00,304.0,124.0,180.0,202.2,25.0,74,11.0,67,1009.6,100,100,32,93,0.1,3600.0,41.7658,-72.6734,2024,8,6,17
2024-08-06 18:00:00,176.0,19.0,157.0,42.2,24.4,74,9.3,74,1010.1,100,100,23,13,0.1,0.0,41.7658,-72.6734,2024,8,6,18
2024-08-06 19:00:00,75.0,9.0,66.0,33.4,23.7,77,8.6,68,1009.8,100,100,8,4,0.0,0.0,41.7658,-72.6734,2024,8,6,19
2024-08-06 20:00:00,16.0,0.0,16.0,0.0,22.9,80,8.7,83,1010.3,100,3,24,100,0.0,0.0,41.7658,-72.6734,2024,8,6,20
2024-08-06 21:00:00,0.0,0.0,0.0,0.0,20.3,91,7.8,77,1011.7,100,100,100,100,1.2,0.0,41.7658,-72.6734,2024,8,6,21
2024-08-06 22:00:00,0.0,0.0,0.0,0.0,20.0,93,5.1,86,1011.9,100,100,100,100,2.3,0.0,41.7658,-72.6734,2024,8,6,22
2024-08-06 23:00:00,0.0,0.0,0.0,0.0,19.6,94,7.2,63,1011.7,100,100,100,100,2.7,0.0,41.7658,-72.6734,2024,8,6,23
2024-08-07 00:00:00,0.0,0.0,0.0,0.0,19.2,96,8.7,45,1010.9,100,100,100,100,2.5,0.0,41.7658,-72.6734,2024,8,7,0
2024-08-07 01:00:00,0.0,0.0,0.0,0.0,19.0,95,9.7,75,1010.7,100,100,96,100,1.8,0.0,41.7658,-72.6734,2024,8,7,1
2024-08-07 02:00:00,0.0,0.0,0.0,0.0,18.6,96,9.1,34,1010.4,100,75,65,100,2.9,0.0,41.7658,-72.6734,2024,8,7,2
2024-08-07 03:00:00,0.0,0.0,0.0,0.0,18.2,95,11.7,47,1010.3,100,100,100,100,0.7,0.0,41.7658,-72.6734,2024,8,7,3
2024-08-07 04:00:00,0.0,0.0,0.0,0.0,17.9,97,11.4,28,1010.6,100,100,100,100,1.4,0.0,41.7658,-72.6734,2024,8,7,4
2024-08-07 05:00:00,0.0,0.0,0.0,0.0,17.6,95,13.0,24,1010.7,100,100,100,100,1.8,0.0,41.7658,-72.6734,2024,8,7,5
2024-08-07 06:00:00,0.0,0.0,0.0,0.0,17.5,96,13.4,24,1011.0,100,100,100,70,1.6,0.0,41.7658,-72.6734,2024,8,7,6
2024-08-07 07:00:00,8.0,0.0,8.0,0.0,17.6,93,10.9,27,1011.4,66,42,43,0,0.5,0.0,41.7658,-72.6734,2024,8,7,7
2024-08-07 08:00:00,63.0,5.0,58.0,17.2,18.0,89,11.6,30,1011.8,53,41,21,0,0.0,0.0,41.7658,-72.6734,2024,8,7,8
2024-08-07 09:00:00,49.0,0.0,49.0,0.0,16.4,93,8.7,24,1013.0,100,44,100,0,4.2,0.0,41.7658,-72.6734,2024,8,7,9
2024-08-07 10:00:00,98.0,0.0,98.0,0.0,16.6,91,11.1,29,1013.0,98,40,96,0,1.5,0.0,41.7658,-72.6734,2024,8,7,10
2024-08-07 11:00:00,322.0,51.0,271.0,67.2,18.2,81,12.3,40,1013.2,100,100,100,0,0.1,215.78,41.7658,-72.6734,2024,8,7,11
2024-08-07 12:00:00,269.0,2.0,267.0,2.4,18.9,79,10.9,44,1013.5,100,100,100,0,0.0,0.0,41.7658,-72.6734,2024,8,7,12
2024-08-07 13:00:00,180.0,0.0,180.0,0.0,19.3,78,7.4,39,1013.4,100,100,100,0,0.0,0.0,41.7658,-72.6734,2024,8,7,13
2024-08-07 14:00:00,204.0,14.0,190.0,15.7,20.0,76,8.4,40,1013.1,100,100,96,0,0.0,0.0,41.7658,-72.6734,2024,8,7,14
2024-08-07 15:00:00,313.0,30.0,283.0,35.7,20.9,72,9.2,42,1012.7,100,100,100,0,0.1,0.0,41.7658,-72.6734,2024,8,7,15
2024-08-07 16:00:00,321.0,51.0,270.0,68.5,21.8,68,6.6,49,1012.6,100,100,100,0,0.0,255.45,41.7658,-72.6734,2024,8,7,16
2024-08-07 17:00:00,193.0,23.0,170.0,37.7,21.7,69,5.2,78,1012.4,100,100,95,1,0.0,0.0,41.7658,-72.6734,2024,8,7,17
2024-08-07 18:00:00,136.0,5.0,131.0,11.2,21.4,71,6.5,87,1012.3,100,100,1,10,0.0,0.0,41.7658,-72.6734,2024,8,7,18
2024-08-07 19:00:00,140.0,66.0,74.0,248.0,21.0,74,5.7,108,1012.9,100,100,18,1,0.0,3600.0,41.7658,-72.6734,2024,8,7,19
2024-08-07 20:00:00,27.0,5.0,22.0,47.9,19.9,81,5.4,138,1012.9,56,54,1,1,0.0,0.0,41.7658,-72.6734,2024,8,7,20
2024-08-07 21:00:00,0.0,0.0,0.0,0.0,18.1,87,6.5,183,1014.4,28,16,17,0,0.0,0.0,41.7658,-72.6734,2024,8,7,21
2024-08-07 22:00:00,0.0,0.0,0.0,0.0,17.7,92,1.6,63,1014.6,16,0,16,0,0.0,0.0,41.7658,-72.6734,2024,8,7,22
2024-08-07 23:00:00,0.0,0.0,0.0,0.0,17.3,95,2.1,59,1014.5,8,6,2,1,0.0,0.0,41.7658,-72.6734,2024,8,7,23
2024-08-08 00:00:00,0.0,0.0,0.0,0.0,16.9,97,4.1,38,1014.6,22,0,22,0,0.0,0.0,41.7658,-72.6734,2024,8,8,0
2024-08-08 01:00:00,0.0,0.0,0.0,0.0,16.4,99,6.0,33,1014.6,45,23,29,0,0.0,0.0,41.7658,-72.6734,2024,8,8,1
2024-08-08 02:00:00,0.0,0.0,0.0,0.0,16.2,99,4.5,76,1014.6,31,21,11,1,0.0,0.0,41.7658,-72.6734,2024,8,8,2
2024-08-08 03:00:00,0.0,0.0,0.0,0.0,16.0,99,4.0,63,1014.8,93,15,7,91,0.0,0.0,41.7658,-72.6734,2024,8,8,3
2024-08-08 04:00:00,0.0,0.0,0.0,0.0,15.9,99,6.4,63,1014.9,8,5,2,2,0.0,0.0,41.7658,-72.6734,2024,8,8,4
2024-08-08 05:00:00,0.0,0.0,0.0,0.0,15.7,97,5.5,67,1015.2,15,7,9,0,0.0,0.0,41.7658,-72.6734,2024,8,8,5
2024-08-08 06:00:00,0.0,0.0,0.0,0.0,15.4,98,7.1,41,1015.4,25,22,5,0,0.0,0.0,41.7658,-72.6734,2024,8,8,6
2024-08-08 07:00:00,43.0,13.0,30.0,112.6,16.4,91,6.1,40,1016.1,100,100,11,0,0.0,2045.38,41.7658,-72.6734,2024,8,8,7
2024-08-08 08:00:00,98.0,23.0,75.0,79.9,17.5,87,5.0,30,1016.6,100,100,13,0,0.0,596.59,41.7658,-72.6734,2024,8,8,8
2024-08-08 09:00:00,304.0,170.0,134.0,363.8,19.2,78,4.6,45,1016.9,99,95,44,83,0.0,3600.0,41.7658,-72.6734,2024,8,8,9
2024-08-08 10:00:00,396.0,182.0,214.0,290.2,21.0,70,7.6,87,1016.9,100,100,22,100,0.0,3600.0,41.7658,-72.6734,2024,8,8,10
2024-08-08 11:00:00,464.0,136.0,328.0,179.7,22.3,65,10.6,114,1017.1,100,99,37,97,0.0,3590.58,41.7658,-72.6734,2024,8,8,11
2024-08-08 12:00:00,402.0,41.0,361.0,48.4,22.9,65,11.1,119,1016.8,100,100,15,100,0.0,0.0,41.7658,-72.6734,2024,8,8,12
2024-08-08 13:00:00,455.0,82.0,373.0,91.9,23.7,65,11.4,125,1016.6,100,99,81,99,0.0,956.08,41.7658,-72.6734,2024,8,8,13
2024-08-08 14:00:00,466.0,110.0,356.0,123.7,24.4,64,11.4,125,1016.2,100,100,60,100,0.0,1910.68,41.7658,-72.6734,2024,8,8,14
2024-08-08 15:00:00,335.0,46.0,289.0,54.9,24.6,63,12.0,129,1015.9,100,100,100,100,0.0,0.0,41.7658,-72.6734,2024,8,8,15
2024-08-08 16:00:00,177.0,1.0,176.0,1.3,23.4,70,9.9,136,1015.6,100,100,95,100,0.0,0.0,41.7658,-72.6734,2024,8,8,16
2024-08-08 17:00:00,213.0,26.0,187.0,42.8,22.8,76,9.1,146,1015.5,100,100,94,100,0.6,0.0,41.7658,-72.6734,2024,8,8,17
2024-08-08 18:00:00,97.0,3.0,94.0,6.8,21.5,84,10.2,141,1015.6,100,99,58,100,0.7,0.0,41.7658,-72.6734,2024,8,8,18
2024-08-08 19:00:00,70.0,4.0,66.0,15.2,20.7,84,9.5,127,1015.4,100,100,4,100,0.0,0.0,41.7658,-72.6734,2024,8,8,19
2024-08-08 20:00:00,15.0,0.0,15.0,0.0,20.0,86,9.2,129,1015.7,100,100,99,100,0.0,0.0,41.7658,-72.6734,2024,8,8,20
2024-08-08 21:00:00,0.0,0.0,0.0,0.0,19.1,91,7.8,103,1016.7,100,100,100,100,0.0,0.0,41.7658,-72.6734,2024,8,8,21
2024-08-08 22:00:00,0.0,0.0,0.0,0.0,19.0,92,7.2,87,1016.6,100,100,100,100,0.1,0.0,41.7658,-72.6734,2024,8,8,22
2024-08-08 23:00:00,0.0,0.0,0.0,0.0,19.0,94,8.1,69,1016.3,100,100,100,100,0.4,0.0,41.7658,-72.6734,2024,8,8,23
2024-08-09 00:00:00,0.0,0.0,0.0,0.0,19.1,95,6.6,49,1016.1,100,100,40,100,0.0,0.0,41.7658,-72.6734,2024,8,9,0
2024-08-09 01:00:00,0.0,0.0,0.0,0.0,19.2,96,7.1,60,1015.8,100,100,30,100,0.0,0.0,41.7658,-72.6734,2024,8,9,1
2024-08-09 02:00:00,0.0,0.0,0.0,0.0,19.4,96,7.6,71,1015.0,100,100,17,100,0.0,0.0,41.7658,-72.6734,2024,8,9,2
2024-08-09 03:00:00,0.0,0.0,0.0,0.0,19.7,96,8.6,88,1014.5,100,100,10,100,0.0,0.0,41.7658,-72.6734,2024,8,9,3
2024-08-09 04:00:00,0.0,0.0,0.0,0.0,20.0,96,6.8,90,1014.0,100,93,28,100,0.0,0.0,41.7658,-72.6734,2024,8,9,4
2024-08-09 05:00:00,0.0,0.0,0.0,0.0,20.4,97,5.8,86,1013.5,100,33,36,100,0.0,0.0,41.7658,-72.6734,2024,8,9,5
2024-08-09 06:00:00,0.0,0.0,0.0,0.0,20.7,97,5.7,72,1013.1,100,63,10,100,0.0,0.0,41.7658,-72.6734,2024,8,9,6
2024-08-09 07:00:00,16.0,0.0,16.0,0.0,21.6,96,10.2,108,1013.0,100,100,20,100,0.0,0.0,41.7658,-72.6734,2024,8,9,7
2024-08-09 08:00:00,63.0,1.0,62.0,3.5,22.5,96,12.5,141,1012.7,100,81,3,100,0.6,0.0,41.7658,-72.6734,2024,8,9,8
2024-08-09 09:00:00,236.0,72.0,164.0,154.9,25.1,86,20.1,170,1011.7,100,97,31,100,0.4,2847.05,41.7658,-72.6734,2024,8,9,9
2024-08-09 10:00:00,339.0,98.0,241.0,156.8,25.2,87,19.4,162,1011.3,100,96,2,100,0.1,2904.45,41.7658,-72.6734,2024,8,9,10
2024-08-09 11:00:00,333.0,46.0,287.0,61.0,26.3,85,17.4,162,1010.9,100,69,4,100,0.0,28.54,41.7658,-72.6734,2024,8,9,11
2024-08-09 12:00:00,436.0,93.0,343.0,110.0,25.7,81,27.5,169,1010.5,100,74,72,100,1.3,1500.84,41.7658,-72.6734,2024,8,9,12
2024-08-09 13:00:00,332.0,40.0,292.0,44.9,24.7,88,9.7,129,1009.1,100,91,57,100,2.2,0.0,41.7658,-72.6734,2024,8,9,13
2024-08-09 14:00:00,426.0,132.0,294.0,148.8,27.0,84,19.2,167,1008.4,95,33,17,92,0.5,2664.53,41.7658,-72.6734,2024,8,9,14
2024-08-09 15:00:00,651.0,421.0,230.0,504.0,28.0,77,27.2,172,1007.0,99,7,65,98,0.1,3600.0,41.7658,-72.6734,2024,8,9,15
2024-08-09 16:00:00,385.0,113.0,272.0,152.9,27.3,78,23.7,170,1006.2,100,20,7,100,0.5,2787.97,41.7658,-72.6734,2024,8,9,16
2024-08-09 17:00:00,286.0,86.0,200.0,142.3,26.7,80,28.1,180,1005.6,100,22,24,100,0.3,2469.91,41.7658,-72.6734,2024,8,9,17
2024-08-09 18:00:00,236.0,99.0,137.0,224.7,25.7,84,31.5,185,1005.7,100,83,54,100,0.6,3600.0,41.7658,-72.6734,2024,8,9,18
2024-08-09 19:00:00,44.0,0.0,44.0,0.0,24.9,89,28.0,193,1005.5,100,88,30,100,0.3,0.0,41.7658,-72.6734,2024,8,9,19
2024-08-09 20:00:00,11.0,0.0,11.0,0.0,24.0,94,25.9,194,1006.1,100,100,35,91,1.0,0.0,41.7658,-72.6734,2024,8,9,20
2024-08-09 21:00:00,0.0,0.0,0.0,0.0,24.3,96,28.0,188,1005.5,100,100,77,78,1.3,0.0,41.7658,-72.6734,2024,8,9,21
2024-08-09 22:00:00,0.0,0.0,0.0,0.0,24.0,96,24.1,194,1006.1,100,100,99,62,0.5,0.0,41.7658,-72.6734,2024,8,9,22
2024-08-09 23:00:00,0.0,0.0,0.0,0.0,23.7,96,20.2,196,1006.2,100,100,100,99,1.8,0.0,41.7658,-72.6734,2024,8,9,23
2024-08-10 00:00:00,0.0,0.0,0.0,0.0,23.4,97,20.0,188,1005.9,100,100,100,50,3.2,0.0,41.7658,-72.6734,2024,8,10,0
2024-08-10 01:00:00,0.0,0.0,0.0,0.0,23.0,97,18.0,192,1005.5,100,100,91,48,0.8,0.0,41.7658,-72.6734,2024,8,10,1
2024-08-10 02:00:00,0.0,0.0,0.0,0.0,22.9,98,15.7,189,1005.8,100,100,98,5,0.0,0.0,41.7658,-72.6734,2024,8,10,2
2024-08-10 03:00:00,0.0,0.0,0.0,0.0,22.5,99,11.8,200,1005.7,100,100,100,38,2.0,0.0,41.7658,-72.6734,2024,8,10,3
2024-08-10 04:00:00,0.0,0.0,0.0,0.0,22.8,98,11.2,222,1006.1,100,99,83,4,0.7,0.0,41.7658,-72.6734,2024,8,10,4
2024-08-10 05:00:00,0.0,0.0,0.0,0.0,22.8,98,5.6,225,1006.5,8,4,4,0,0.1,0.0,41.7658,-72.6734,2024,8,10,5
2024-08-10 06:00:00,0.0,0.0,0.0,0.0,22.2,98,4.9,287,1007.0,12,12,2,0,0.0,0.0,41.7658,-72.6734,2024,8,10,6
2024-08-10 07:00:00,48.0,23.0,25.0,204.0,22.7,94,6.8,302,1007.8,13,12,10,0,0.0,3600.0,41.7658,-72.6734,2024,8,10,7
2024-08-10 08:00:00,195.0,126.0,69.0,445.9,23.3,83,6.7,306,1008.6,11,11,5,0,0.0,3600.0,41.7658,-72.6734,2024,8,10,8
2024-08-10 09:00:00,342.0,227.0,115.0,491.0,24.4,80,6.8,295,1008.7,23,20,19,0,0.0,3600.0,41.7658,-72.6734,2024,8,10,9
2024-08-10 10:00:00,507.0,373.0,134.0,599.1,25.3,75,6.1,315,1008.6,17,12,10,0,0.0,3600.0,41.7658,-72.6734,2024,8,10,10
2024-08-10 11:00:00,656.0,514.0,142.0,683.1,26.5,69,9.8,294,1008.7,59,58,8,0,0.1,3600.0,41.7658,-72.6734,2024,8,10,11
2024-08-10 12:00:00,624.0,383.0,241.0,454.3,27.2,66,9.1,277,1008.5,70,70,9,0,0.0,3600.0,41.7658,-72.6734,2024,8,10,12
2024-08-10 13:00:00,723.0,495.0,228.0,557.4,28.1,62,10.3,258,1008.0,36,29,26,3,0.1,3600.0,41.7658,-72.6734,2024,8,10,13
2024-08-10 14:00:00,745.0,559.0,186.0,631.9,29.2,56,10.5,248,1007.8,14,14,1,0,0.0,3600.0,41.7658,-72.6734,2024,8,10,14
2024-08-10 15:00:00,757.0,615.0,142.0,738.5,29.5,52,12.7,263,1007.5,20,20,2,0,0.0,3600.0,41.7658,-72.6734,2024,8,10,15
2024-08-10 16:00:00,649.0,511.0,138.0,694.3,29.1,50,12.6,275,1007.4,21,20,10,0,0.0,3600.0,41.7658,-72.6734,2024,8,10,16
2024-08-10 17:00:00,493.0,364.0,129.0,605.6,28.2,52,12.0,279,1007.4,23,16,8,0,0.0,3600.0,41.7658,-72.6734,2024,8,10,17
2024-08-10 18:00:00,329.0,234.0,95.0,535.4,27.4,57,9.4,288,1007.7,16,16,8,0,0.0,3600.0,41.7658,-72.6734,2024,8,10,18
2024-08-10 19:00:00,175.0,111.0,64.0,435.0,25.9,70,4.7,293,1007.8,4,4,0,0,0.0,3600.0,41.7658,-72.6734,2024,8,10,19
2024-08-10 20:00:00,36.0,18.0,18.0,182.2,24.7,74,4.0,243,1008.2,82,1,0,82,0.0,3114.37,41.7658,-72.6734,2024,8,10,20
2024-08-10 21:00:00,0.0,0.0,0.0,0.0,23.4,87,2.5,225,1009.2,98,14,22,97,0.0,0.0,41.7658,-72.6734,2024,8,10,21
2024-08-10 22:00:00,0.0,0.0,0.0,0.0,22.6,87,6.4,218,1009.7,81,3,37,70,0.0,0.0,41.7658,-72.6734,2024,8,10,22
2024-08-10 23:00:00,0.0,0.0,0.0,0.0,21.9,88,7.7,298,1010.2,91,0,68,73,0.0,0.0,41.7658,-72.6734,2024,8,10,23
2024-08-11 00:00:00,0.0,0.0,0.0,0.0,21.2,84,7.2,342,1010.8,97,2,31,96,0.0,0.0,41.7658,-72.6734,2024,8,11,0
2024-08-11 01:00:00,0.0,0.0,0.0,0.0,20.7,82,6.2,353,1011.1,31,0,28,4,0.0,0.0,41.7658,-72.6734,2024,8,11,1
2024-08-11 02:00:00,0.0,0.0,0.0,0.0,19.7,84,7.0,348,1011.1,44,0,11,37,0.0,0.0,41.7658,-72.6734,2024,8,11,2
2024-08-11 03:00:00,0.0,0.0,0.0,0.0,19.1,84,6.6,347,1011.4,11,3,2,9,0.0,0.0,41.7658,-72.6734,2024,8,11,3
2024-08-11 04:00:00,0.0,0.0,0.0,0.0,18.1,89,6.2,353,1011.7,10,9,6,0,0.0,0.0,41.7658,-72.6734,2024,8,11,4
2024-08-11 05:00:00,0.0,0.0,0.0,0.0,18.8,81,3.6,315,1011.7,7,7,2,0,0.0,0.0,41.7658,-72.6734,2024,8,11,5
2024-08-11 06:00:00,0.0,0.0,0.0,0.0,17.6,86,4.9,287,1012.0,6,3,0,3,0.0,0.0,41.7658,-72.6734,2024,8,11,6
2024-08-11 07:00:00,52.0,28.0,24.0,251.4,17.8,85,5.7,288,1012.1,89,0,0,89,0.0,3592.74,41.7658,-72.6734,2024,8,11,7
2024-08-11 08:00:00,185.0,93.0,92.0,332.3,19.8,74,2.5,262,1012.3,97,0,0,97,0.0,3600.0,41.7658,-72.6734,2024,8,11,8
2024-08-11 09:00:00,383.0,283.0,100.0,615.4,21.9,61,1.6,297,1012.4,99,0,0,99,0.0,3600.0,41.7658,-72.6734,2024,8,11,9
2024-08-11 10:00:00,534.0,374.0,160.0,602.9,23.3,56,2.1,239,1012.6,100,0,1,100,0.0,3600.0,41.7658,-72.6734,2024,8,11,10
2024-08-11 11:00:00,638.0,411.0,227.0,547.8,24.6,52,5.1,225,1012.4,43,0,0,43,0.0,3600.0,41.7658,-72.6734,2024,8,11,11
2024-08-11 12:00:00,783.0,609.0,174.0,724.3,26.0,48,12.6,239,1011.8,74,20,30,62,0.0,3600.0,41.7658,-72.6734,2024,8,11,12
2024-08-11 13:00:00,775.0,580.0,195.0,654.8,26.6,45,13.2,235,1011.2,96,8,8,95,0.0,3600.0,41.7658,-72.6734,2024,8,11,13
2024-08-11 14:00:00,728.0,436.0,292.0,494.3,26.9,43,14.0,235,1010.5,45,4,9,39,0.0,3600.0,41.7658,-72.6734,2024,8,11,14
2024-08-11 15:00:00,732.0,541.0,191.0,651.7,27.4,40,15.2,239,1009.6,41,0,41,0,0.0,3600.0,41.7658,-72.6734,2024,8,11,15
2024-08-11 16:00:00,444.0,188.0,256.0,256.4,26.5,42,14.5,222,1009.3,92,0,92,0,0.0,3600.0,41.7658,-72.6734,2024,8,11,16
2024-08-11 17:00:00,404.0,218.0,186.0,364.6,26.4,44,11.8,218,1008.9,39,0,39,0,0.0,3600.0,41.7658,-72.6734,2024,8,11,17
2024-08-11 18:00:00,295.0,168.0,127.0,387.5,25.3,52,10.1,207,1008.7,42,0,34,12,0.0,3600.0,41.7658,-72.6734,2024,8,11,18
2024-08-11 19:00:00,166.0,100.0,66.0,397.8,23.6,67,10.2,188,1009.1,99,0,2,99,0.0,3600.0,41.7658,-72.6734,2024,8,11,19
2024-08-11 20:00:00,28.0,4.0,24.0,41.3,21.7,75,10.4,194,1009.3,96,0,2,96,0.0,0.0,41.7658,-72.6734,2024,8,11,20
2024-08-11 21:00:00,0.0,0.0,0.0,0.0,20.8,80,10.7,200,1010.1,100,0,6,100,0.0,0.0,41.7658,-72.6734,2024,8,11,21
2024-08-11 22:00:00,0.0,0.0,0.0,0.0,20.2,84,9.3,216,1010.5,69,0,23,59,0.0,0.0,41.7658,-72.6734,2024,8,11,22
2024-08-11 23:00:00,0.0,0.0,0.0,0.0,19.4,78,9.8,332,1011.1,45,2,18,32,0.3,0.0,41.7658,-72.6734,2024,8,11,23
2024-08-12 00:00:00,0.0,0.0,0.0,0.0,19.0,79,8.7,330,1010.9,20,0,1,19,0.0,0.0,41.7658,-72.6734,2024,8,12,0
2024-08-12 01:00:00,0.0,0.0,0.0,0.0,17.8,83,5.5,337,1010.4,0,0,0,0,0.0,0.0,41.7658,-72.6734,2024,8,12,1
2024-08-12 02:00:00,0.0,0.0,0.0,0.0,18.1,81,2.7,247,1010.2,0,0,0,0,0.0,0.0,41.7658,-72.6734,2024,8,12,2
2024-08-12 03:00:00,0.0,0.0,0.0,0.0,15.6,93,4.8,193,1010.3,0,0,0,0,0.0,0.0,41.7658,-72.6734,2024,8,12,3
2024-08-12 04:00:00,0.0,0.0,0.0,0.0,15.5,94,5.0,201,1010.3,0,0,0,0,0.0,0.0,41.7658,-72.6734,2024,8,12,4
2024-08-12 05:00:00,0.0,0.0,0.0,0.0,15.1,95,5.2,214,1010.6,0,0,0,0,0.0,0.0,41.7658,-72.6734,2024,8,12,5
2024-08-12 06:00:00,0.0,0.0,0.0,0.0,14.9,95,5.1,225,1010.8,1,0,0,1,0.0,0.0,41.7658,-72.6734,2024,8,12,6
2024-08-12 07:00:00,49.0,27.0,22.0,245.4,16.0,92,6.2,216,1010.9,0,0,0,0,0.0,3531.22,41.7658,-72.6734,2024,8,12,7
2024-08-12 08:00:00,205.0,144.0,61.0,519.6,18.1,85,4.6,198,1010.9,0,0,0,0,0.0,3600.0,41.7658,-72.6734,2024,8,12,8
2024-08-12 09:00:00,391.0,308.0,83.0,673.5,20.4,66,4.2,239,1011.2,0,0,0,0,0.0,3600.0,41.7658,-72.6734,2024,8,12,9
2024-08-12 10:00:00,564.0,467.0,97.0,755.7,21.9,60,7.2,233,1011.2,0,0,0,0,0.0,3600.0,41.7658,-72.6734,2024,8,12,10
2024-08-12 11:00:00,712.0,607.0,105.0,811.5,23.4,54,10.1,235,1011.2,18,10,13,0,0.0,3600.0,41.7658,-72.6734,2024,8,12,11
2024-08-12 12:00:00,715.0,568.0,147.0,677.4,24.2,52,10.1,243,1010.7,23,4,22,0,0.0,3600.0,41.7658,-72.6734,2024,8,12,12
2024-08-12 13:00:00,699.0,527.0,172.0,596.5,24.7,49,10.3,258,1010.0,47,7,43,0,0.0,3600.0,41.7658,-72.6734,2024,8,12,13
2024-08-12 14:00:00,680.0,480.0,200.0,545.7,24.9,47,11.7,259,1009.5,26,5,26,0,0.0,3600.0,41.7658,-72.6734,2024,8,12,14
2024-08-12 15:00:00,716.0,548.0,168.0,662.4,25.2,47,13.1,254,1008.7,14,0,14,0,0.0,3600.0,41.7658,-72.6734,2024,8,12,15
2024-08-12 16:00:00,563.0,374.0,189.0,512.2,25.2,50,12.5,258,1008.1,34,3,32,0,0.0,3600.0,41.7658,-72.6734,2024,8,12,16
2024-08-12 17:00:00,470.0,351.0,119.0,590.3,22.7,65,15.8,300,1008.6,43,20,37,0,1.5,3600.0,41.7658,-72.6734,2024,8,12,17
2024-08-12 18:00:00,244.0,143.0,101.0,332.6,21.5,72,6.0,327,1009.0,18,0,15,3,0.0,3600.0,41.7658,-72.6734,2024,8,12,18
2024-08-12 19:00:00,161.0,97.0,64.0,392.0,20.7,79,5.5,302,1009.0,14,1,13,1,0.0,3600.0,41.7658,-72.6734,2024,8,12,19
2024-08-12 20:00:00,29.0,13.0,16.0,136.9,19.6,84,6.8,288,1009.7,17,0,17,1,0.0,2714.72,41.7658,-72.6734,2024,8,12,20
2024-08-12 21:00:00,0.0,0.0,0.0,0.0,18.6,82,8.4,320,1010.7,2,0,0,2,0.0,0.0,41.7658,-72.6734,2024,8,12,21
2024-08-12 22:00:00,0.0,0.0,0.0,0.0,16.9,88,5.5,302,1011.3,16,0,1,15,0.0,0.0,41.7658,-72.6734,2024,8,12,22
2024-08-12 23:00:00,0.0,0.0,0.0,0.0,16.2,90,4.9,287,1011.3,0,0,0,0,0.0,0.0,41.7658,-72.6734,2024,8,12,23
2024-08-13 00:00:00,0.0,0.0,0.0,0.0,16.0,90,5.4,278,1011.2,4,0,4,0,0.0,0.0,41.7658,-72.6734,2024,8,13,0
2024-08-13 01:00:00,0.0,0.0,0.0,0.0,15.9,91,5.5,302,1011.1,0,0,0,0,0.0,0.0,41.7658,-72.6734,2024,8,13,1
2024-08-13 02:00:00,0.0,0.0,0.0,0.0,15.9,90,5.6,297,1011.1,0,0,0,0,0.0,0.0,41.7658,-72.6734,2024,8,13,2
2024-08-13 03:00:00,0.0,0.0,0.0,0.0,15.6,91,6.3,294,1011.1,0,0,0,0,0.0,0.0,41.7658,-72.6734,2024,8,13,3
2024-08-13 04:00:00,0.0,0.0,0.0,0.0,15.2,92,5.7,305,1011.3,0,0,0,0,0.0,0.0,41.7658,-72.6734,2024,8,13,4
2024-08-13 05:00:00,0.0,0.0,0.0,0.0,14.4,93,6.7,324,1011.4,0,0,0,0,0.0,0.0,41.7658,-72.6734,2024,8,13,5
2024-08-13 06:00:00,0.0,0.0,0.0,0.0,13.8,94,8.2,319,1011.7,0,0,0,0,0.0,0.0,41.7658,-72.6734,2024,8,13,6
2024-08-13 07:00:00,48.0,26.0,22.0,239.3,16.0,90,5.7,325,1012.3,0,0,0,0,0.0,3469.64,41.7658,-72.6734,2024,8,13,7
2024-08-13 08:00:00,204.0,142.0,62.0,517.6,17.7,82,5.0,330,1012.4,0,0,0,0,0.0,3600.0,41.7658,-72.6734,2024,8,13,8
2024-08-13 09:00:00,390.0,307.0,83.0,675.0,19.7,76,5.7,342,1012.7,1,1,0,0,0.0,3600.0,41.7658,-72.6734,2024,8,13,9
2024-08-13 10:00:00,565.0,468.0,97.0,760.3,21.5,69,8.4,353,1012.5,1,1,0,0,0.0,3600.0,41.7658,-72.6734,2024,8,13,10
2024-08-13 11:00:00,714.0,611.0,103.0,819.4,23.1,58,8.4,353,1012.4,0,0,0,0,0.0,3600.0,41.7658,-72.6734,2024,8,13,11
2024-08-13 12:00:00,820.0,712.0,108.0,851.5,24.4,52,8.0,342,1011.9,0,0,0,0,0.0,3600.0,41.7658,-72.6734,2024,8,13,12
2024-08-13 13:00:00,872.0,761.0,111.0,863.8,25.5,47,7.6,335,1011.3,0,0,0,0,0.0,3600.0,41.7658,-72.6734,2024,8,13,13
2024-08-13 14:00:00,867.0,757.0,110.0,863.1,26.3,44,8.4,340,1010.9,23,2,21,0,0.0,3600.0,41.7658,-72.6734,2024,8,13,14
2024-08-13 15:00:00,757.0,603.0,154.0,731.3,27.0,40,10.3,348,1010.4,62,0,62,0,0.0,3600.0,41.7658,-72.6734,2024,8,13,15
2024-08-13 16:00:00,496.0,274.0,222.0,376.8,26.2,44,13.5,351,1010.2,89,5,89,0,0.0,3600.0,41.7658,-72.6734,2024,8,13,16
2024-08-13 17:00:00,340.0,141.0,199.0,238.5,25.6,47,9.2,349,1010.6,24,0,24,0,0.0,3600.0,41.7658,-72.6734,2024,8,13,17
2024-08-13 18:00:00,291.0,176.0,115.0,412.8,25.8,45,2.3,219,1010.5,10,0,10,0,0.0,3600.0,41.7658,-72.6734,2024,8,13,18
2024-08-13 19:00:00,152.0,90.0,62.0,369.6,24.1,63,5.9,227,1010.6,30,3,30,0,0.0,3600.0,41.7658,-72.6734,2024,8,13,19
2024-08-13 20:00:00,28.0,13.0,15.0,139.8,21.9,73,8.4,245,1010.9,17,11,6,0,0.0,2748.26,41.7658,-72.6734,2024,8,13,20
2024-08-13 21:00:00,0.0,0.0,0.0,0.0,20.8,80,5.1,309,1011.8,6,1,6,0,0.0,0.0,41.7658,-72.6734,2024,8,13,21
2024-08-13 22:00:00,0.0,0.0,0.0,0.0,19.9,83,6.0,303,1012.3,5,0,5,0,0.0,0.0,41.7658,-72.6734,2024,8,13,22
2024-08-13 23:00:00,0.0,0.0,0.0,0.0,19.5,83,7.3,327,1012.5,9,0,9,0,0.0,0.0,41.7658,-72.6734,2024,8,13,23
2024-08-14 00:00:00,0.0,0.0,0.0,0.0,18.9,86,7.5,343,1012.7,19,0,19,0,0.0,0.0,41.7658,-72.6734,2024,8,14,0
2024-08-14 01:00:00,0.0,0.0,0.0,0.0,18.5,89,7.6,352,1012.8,2,0,2,0,0.0,0.0,41.7658,-72.6734,2024,8,14,1
2024-08-14 02:00:00,0.0,0.0,0.0,0.0,18.1,91,6.1,357,1012.6,1,0,1,0,0.0,0.0,41.7658,-72.6734,2024,8,14,2
2024-08-14 03:00:00,0.0,0.0,0.0,0.0,17.9,91,7.8,13,1012.6,0,0,0,0,0.0,0.0,41.7658,-72.6734,2024,8,14,3
2024-08-14 04:00:00,0.0,0.0,0.0,0.0,17.3,93,4.3,24,1012.6,0,0,0,0,0.0,0.0,41.7658,-72.6734,2024,8,14,4
2024-08-14 05:00:00,0.0,0.0,0.0,0.0,16.3,96,5.8,360,1012.8,0,0,0,0,0.0,0.0,41.7658,-72.6734,2024,8,14,5
2024-08-14 06:00:00,0.0,0.0,0.0,0.0,16.5,96,4.2,340,1013.0,0,0,0,0,0.0,0.0,41.7658,-72.6734,2024,8,14,6
2024-08-14 07:00:00,45.0,24.0,21.0,223.7,17.1,96,5.5,337,1013.5,0,0,0,0,0.0,3408.06,41.7658,-72.6734,2024,8,14,7
2024-08-14 08:00:00,198.0,137.0,61.0,504.4,19.0,86,2.5,360,1013.7,0,0,0,0,0.0,3600.0,41.7658,-72.6734,2024,8,14,8
2024-08-14 09:00:00,388.0,308.0,80.0,681.1,21.7,75,4.0,360,1013.8,25,0,25,0,0.0,3600.0,41.7658,-72.6734,2024,8,14,9
2024-08-14 10:00:00,524.0,412.0,112.0,672.0,23.9,66,5.8,360,1014.0,35,0,35,0,0.0,3600.0,41.7658,-72.6734,2024,8,14,10
2024-08-14 11:00:00,614.0,453.0,161.0,609.5,25.6,57,8.7,353,1013.9,32,5,28,0,0.0,3600.0,41.7658,-72.6734,2024,8,14,11
2024-08-14 12:00:00,690.0,537.0,153.0,644.0,26.6,51,11.3,353,1013.7,21,5,18,0,0.0,3600.0,41.7658,-72.6734,2024,8,14,12
2024-08-14 13:00:00,787.0,626.0,161.0,712.5,27.4,46,13.0,355,1013.3,29,5,28,0,0.0,3600.0,41.7658,-72.6734,2024,8,14,13
2024-08-14 14:00:00,746.0,591.0,155.0,675.9,27.5,46,11.9,357,1013.0,24,4,22,0,0.0,3600.0,41.7658,-72.6734,2024,8,14,14
2024-08-14 15:00:00,678.0,529.0,149.0,643.8,27.8,44,10.5,354,1012.5,26,0,19,9,0.0,3600.0,41.7658,-72.6734,2024,8,14,15
2024-08-14 16:00:00,603.0,477.0,126.0,658.9,27.8,43,9.7,358,1012.0,30,0,20,12,0.0,3600.0,41.7658,-72.6734,2024,8,14,16
2024-08-14 17:00:00,496.0,392.0,104.0,666.8,27.7,43,9.1,351,1011.9,20,1,18,2,0.0,3600.0,41.7658,-72.6734,2024,8,14,17
2024-08-14 18:00:00,306.0,207.0,99.0,489.8,26.6,48,9.6,326,1011.7,46,2,19,32,0.0,3600.0,41.7658,-72.6734,2024,8,14,18
2024-08-14 19:00:00,145.0,85.0,60.0,354.9,24.0,64,10.4,316,1012.5,11,1,6,5,0.0,3600.0,41.7658,-72.6734,2024,8,14,19
2024-08-14 20:00:00,27.0,13.0,14.0,142.9,21.8,74,8.5,324,1012.8,21,0,10,12,0.0,2781.65,41.7658,-72.6734,2024,8,14,20
2024-08-14 21:00:00,0.0,0.0,0.0,0.0,22.1,69,7.4,23,1013.5,2,0,1,1,0.0,0.0,41.7658,-72.6734,2024,8,14,21
2024-08-14 22:00:00,0.0,0.0,0.0,0.0,19.8,88,5.5,23,1013.8,0,0,0,0,0.0,0.0,41.7658,-72.6734,2024,8,14,22
2024-08-14 23:00:00,0.0,0.0,0.0,0.0,19.7,86,5.1,309,1013.9,0,0,0,0,0.0,0.0,41.7658,-72.6734,2024,8,14,23
2024-08-15 00:00:00,0.0,0.0,0.0,0.0,18.6,91,6.4,308,1013.8,0,0,0,0,0.0,0.0,41.7658,-72.6734,2024,8,15,0
2024-08-15 01:00:00,0.0,0.0,0.0,0.0,18.8,90,3.4,252,1013.6,2,0,0,2,0.0,0.0,41.7658,-72.6734,2024,8,15,1
2024-08-15 02:00:00,0.0,0.0,0.0,0.0,18.0,94,4.1,285,1013.3,0,0,0,0,0.0,0.0,41.7658,-72.6734,2024,8,15,2
2024-08-15 03:00:00,0.0,0.0,0.0,0.0,17.0,97,5.9,308,1013.1,0,0,0,0,0.0,0.0,41.7658,-72.6734,2024,8,15,3
2024-08-15 04:00:00,0.0,0.0,0.0,0.0,16.8,99,5.3,332,1012.9,16,13,0,4,0.0,0.0,41.7658,-72.6734,2024,8,15,4
2024-08-15 05:00:00,0.0,0.0,0.0,0.0,16.6,100,4.2,329,1012.9,100,100,0,5,0.0,0.0,41.7658,-72.6734,2024,8,15,5
2024-08-15 06:00:00,0.0,0.0,0.0,0.0,16.5,100,4.7,356,1013.3,100,100,0,9,0.0,0.0,41.7658,-72.6734,2024,8,15,6
2024-08-15 07:00:00,39.0,18.0,21.0,170.0,16.9,99,4.1,345,1013.9,100,100,0,82,0.0,3346.51,41.7658,-72.6734,2024,8,15,7
2024-08-15 08:00:00,172.0,97.0,75.0,360.8,18.8,92,0.7,360,1014.0,99,25,0,98,0.0,3600.0,41.7658,-72.6734,2024,8,15,8
2024-08-15 09:00:00,335.0,205.0,130.0,455.9,21.7,78,2.4,333,1014.2,100,0,2,100,0.0,3600.0,41.7658,-72.6734,2024,8,15,9
2024-08-15 10:00:00,476.0,273.0,203.0,447.1,24.1,68,2.7,337,1014.1,13,0,0,13,0.0,3600.0,41.7658,-72.6734,2024,8,15,10
2024-08-15 11:00:00,683.0,568.0,115.0,766.7,26.7,58,4.1,308,1013.8,18,0,6,13,0.0,3600.0,41.7658,-72.6734,2024,8,15,11
2024-08-15 12:00:00,791.0,666.0,125.0,801.0,28.4,50,7.0,305,1013.1,14,0,2,13,0.0,3600.0,41.7658,-72.6734,2024,8,15,12
2024-08-15 13:00:00,799.0,632.0,167.0,721.4,29.7,43,8.7,308,1012.4,43,3,8,39,0.0,3600.0,41.7658,-72.6734,2024,8,15,13
2024-08-15 14:00:00,624.0,433.0,191.0,496.7,27.1,52,5.5,293,1012.6,54,0,8,50,0.5,3600.0,41.7658,-72.6734,2024,8,15,14
2024-08-15 15:00:00,668.0,492.0,176.0,600.9,26.7,55,5.0,291,1012.3,86,0,6,85,0.0,3600.0,41.7658,-72.6734,2024,8,15,15
2024-08-15 16:00:00,592.0,400.0,192.0,555.0,27.6,53,5.9,256,1011.5,100,1,9,100,0.0,3600.0,41.7658,-72.6734,2024,8,15,16
2024-08-15 17:00:00,440.0,265.0,175.0,453.5,27.3,53,1.1,288,1011.5,100,17,18,100,0.0,3600.0,41.7658,-72.6734,2024,8,15,17
2024-08-15 18:00:00,159.0,19.0,140.0,45.4,19.8,90,12.5,41,1013.9,100,92,94,100,3.2,0.0,41.7658,-72.6734,2024,8,15,18
2024-08-15 19:00:00,8.0,0.0,8.0,0.0,19.8,94,7.0,258,1013.0,57,0,9,54,0.4,0.0,41.7658,-72.6734,2024,8,15,19
2024-08-15 20:00:00,26.0,10.0,16.0,112.5,19.1,97,5.0,249,1012.9,8,0,0,8,0.0,1855.82,41.7658,-72.6734,2024,8,15,20
2024-08-15 21:00:00,0.0,0.0,0.0,0.0,19.9,91,3.3,131,1012.8,50,0,0,50,0.0,0.0,41.7658,-72.6734,2024,8,15,21
2024-08-15 22:00:00,0.0,0.0,0.0,0.0,19.6,93,7.1,135,1013.3,11,0,0,11,0.0,0.0,41.7658,-72.6734,2024,8,15,22
2024-08-15 23:00:00,0.0,0.0,0.0,0.0,19.0,95,4.2,239,1013.1,2,0,0,2,0.0,0.0,41.7658,-72.6734,2024,8,15,23
2024-08-16 00:00:00,0.0,0.0,0.0,0.0,18.9,96,5.7,235,1013.0,2,0,1,1,0.0,0.0,41.7658,-72.6734,2024,8,16,0
2024-08-16 01:00:00,0.0,0.0,0.0,0.0,18.3,97,4.1,232,1012.9,0,0,0,0,0.0,0.0,41.7658,-72.6734,2024,8,16,1
2024-08-16 02:00:00,0.0,0.0,0.0,0.0,18.2,96,6.4,286,1012.6,0,0,0,0,0.0,0.0,41.7658,-72.6734,2024,8,16,2
2024-08-16 03:00:00,0.0,0.0,0.0,0.0,17.8,98,5.4,8,1012.5,22,22,0,0,0.0,0.0,41.7658,-72.6734,2024,8,16,3
2024-08-16 04:00:00,0.0,0.0,0.0,0.0,18.0,99,6.9,6,1012.5,100,100,0,0,0.0,0.0,41.7658,-72.6734,2024,8,16,4
2024-08-16 05:00:00,0.0,0.0,0.0,0.0,18.1,100,5.4,352,1012.7,100,100,0,0,0.0,0.0,41.7658,-72.6734,2024,8,16,5
2024-08-16 06:00:00,0.0,0.0,0.0,0.0,18.5,100,5.9,349,1013.2,100,100,0,0,0.0,0.0,41.7658,-72.6734,2024,8,16,6
2024-08-16 07:00:00,19.0,1.0,18.0,9.6,18.9,98,6.2,10,1013.9,100,100,0,0,0.0,0.0,41.7658,-72.6734,2024,8,16,7
2024-08-16 08:00:00,91.0,11.0,80.0,41.4,19.4,96,5.6,15,1014.2,100,100,0,0,0.0,0.0,41.7658,-72.6734,2024,8,16,8
2024-08-16 09:00:00,186.0,23.0,163.0,51.4,20.2,89,6.8,25,1014.4,100,100,0,0,0.0,0.0,41.7658,-72.6734,2024,8,16,9
2024-08-16 10:00:00,404.0,161.0,243.0,264.7,22.6,77,5.2,16,1014.5,43,43,0,0,0.0,3600.0,41.7658,-72.6734,2024,8,16,10
2024-08-16 11:00:00,645.0,454.0,191.0,614.8,24.4,72,4.7,4,1014.6,28,28,0,0,0.0,3600.0,41.7658,-72.6734,2024,8,16,11
2024-08-16 12:00:00,771.0,620.0,151.0,747.9,26.2,65,5.2,12,1014.1,1,1,0,0,0.0,3600.0,41.7658,-72.6734,2024,8,16,12
2024-08-16 13:00:00,818.0,687.0,131.0,786.5,27.6,58,6.2,10,1013.5,14,5,11,0,0.0,3600.0,41.7658,-72.6734,2024,8,16,13
2024-08-16 14:00:00,755.0,606.0,149.0,697.3,28.4,53,6.2,21,1013.1,10,3,8,0,0.0,3600.0,41.7658,-72.6734,2024,8,16,14
2024-08-16 15:00:00,706.0,586.0,120.0,718.3,28.9,49,5.7,35,1012.8,13,2,11,1,0.0,3600.0,41.7658,-72.6734,2024,8,16,15
2024-08-16 16:00:00,627.0,515.0,112.0,717.7,29.0,49,3.1,54,1012.2,22,8,7,9,0.0,3600.0,41.7658,-72.6734,2024,8,16,16
2024-08-16 17:00:00,477.0,362.0,115.0,623.3,28.5,49,2.5,98,1012.0,25,1,8,18,0.0,3600.0,41.7658,-72.6734,2024,8,16,17
2024-08-16 18:00:00,312.0,224.0,88.0,539.8,28.3,50,4.1,105,1011.9,24,2,21,2,0.0,3600.0,41.7658,-72.6734,2024,8,16,18
2024-08-16 19:00:00,140.0,85.0,55.0,367.5,26.2,62,11.1,167,1012.3,35,17,25,0,0.0,3600.0,41.7658,-72.6734,2024,8,16,19
2024-08-16 20:00:00,20.0,8.0,12.0,92.1,23.2,78,12.3,177,1012.9,22,0,22,0,0.0,1253.22,41.7658,-72.6734,2024,8,16,20
2024-08-16 21:00:00,0.0,0.0,0.0,0.0,21.5,85,11.2,159,1013.6,5,3,0,1,0.0,0.0,41.7658,-72.6734,2024,8,16,21
2024-08-16 22:00:00,0.0,0.0,0.0,0.0,20.5,87,8.9,166,1013.9,2,1,1,0,0.0,0.0,41.7658,-72.6734,2024,8,16,22
2024-08-16 23:00:00,0.0,0.0,0.0,0.0,19.7,91,7.3,171,1014.2,12,4,1,7,0.0,0.0,41.7658,-72.6734,2024,8,16,23
2024-08-17 00:00:00,0.0,0.0,0.0,0.0,19.2,95,7.9,150,1013.9,66,63,0,9,0.0,0.0,41.7658,-72.6734,2024,8,17,0
2024-08-17 01:00:00,0.0,0.0,0.0,0.0,19.0,98,6.5,183,1014.1,100,100,0,0,0.0,0.0,41.7658,-72.6734,2024,8,17,1
2024-08-17 02:00:00,0.0,0.0,0.0,0.0,19.7,93,7.4,166,1013.9,100,100,0,0,0.0,0.0,41.7658,-72.6734,2024,8,17,2
2024-08-17 03:00:00,0.0,0.0,0.0,0.0,19.9,91,6.5,161,1013.8,100,100,0,0,0.0,0.0,41.7658,-72.6734,2024,8,17,3
2024-08-17 04:00:00,0.0,0.0,0.0,0.0,19.9,91,6.8,155,1013.7,100,100,0,100,0.0,0.0,41.7658,-72.6734,2024,8,17,4
2024-08-17 05:00:00,0.0,0.0,0.0,0.0,19.9,90,7.1,135,1013.7,100,100,0,100,0.0,0.0,41.7658,-72.6734,2024,8,17,5
2024-08-17 06:00:00,0.0,0.0,0.0,0.0,19.9,90,5.6,130,1013.6,100,100,0,100,0.0,0.0,41.7658,-72.6734,2024,8,17,6
2024-08-17 07:00:00,21.0,0.0,21.0,0.0,20.0,88,6.4,128,1013.7,100,100,25,100,0.0,0.0,41.7658,-72.6734,2024,8,17,7
2024-08-17 08:00:00,86.0,8.0,78.0,30.4,20.6,84,6.6,131,1013.7,88,61,60,51,0.0,0.0,41.7658,-72.6734,2024,8,17,8
2024-08-17 09:00:00,214.0,53.0,161.0,119.3,21.6,77,7.7,131,1013.8,18,15,3,0,0.0,1777.68,41.7658,-72.6734,2024,8,17,9
2024-08-17 10:00:00,473.0,281.0,192.0,463.9,23.7,67,9.2,138,1013.7,96,58,91,22,0.0,3600.0,41.7658,-72.6734,2024,8,17,10
2024-08-17 11:00:00,499.0,242.0,257.0,328.8,25.9,57,9.9,170,1013.6,63,55,18,1,0.0,3600.0,41.7658,-72.6734,2024,8,17,11
2024-08-17 12:00:00,701.0,471.0,230.0,569.9,27.6,51,10.5,174,1012.8,87,86,7,0,0.0,3600.0,41.7658,-72.6734,2024,8,17,12
2024-08-17 13:00:00,655.0,401.0,254.0,460.4,28.4,48,11.5,176,1011.9,20,19,5,0,0.0,3600.0,41.7658,-72.6734,2024,8,17,13
2024-08-17 14:00:00,781.0,613.0,168.0,707.6,28.9,46,14.1,183,1011.5,28,19,14,0,0.0,3600.0,41.7658,-72.6734,2024,8,17,14
2024-08-17 15:00:00,744.0,606.0,138.0,745.6,27.9,52,15.8,181,1011.0,49,4,26,29,0.0,3600.0,41.7658,-72.6734,2024,8,17,15
2024-08-17 16:00:00,548.0,365.0,183.0,511.0,27.0,54,14.5,174,1010.4,100,4,84,99,0.0,3600.0,41.7658,-72.6734,2024,8,17,16
2024-08-17 17:00:00,253.0,89.0,164.0,154.2,25.6,60,13.8,173,1010.5,100,4,83,100,0.0,2825.6,41.7658,-72.6734,2024,8,17,17
2024-08-17 18:00:00,192.0,42.0,150.0,102.2,24.7,65,13.5,171,1010.5,30,4,7,20,0.0,1265.09,41.7658,-72.6734,2024,8,17,18
2024-08-17 19:00:00,147.0,86.0,61.0,378.6,23.1,73,13.0,166,1011.0,100,0,24,100,0.0,3600.0,41.7658,-72.6734,2024,8,17,19
2024-08-17 20:00:00,20.0,4.0,16.0,47.2,21.3,81,11.6,154,1011.2,100,0,17,100,0.0,15.05,41.7658,-72.6734,2024,8,17,20
2024-08-17 21:00:00,0.0,0.0,0.0,0.0,20.2,85,11.8,153,1011.8,99,1,44,99,0.0,0.0,41.7658,-72.6734,2024,8,17,21
2024-08-17 22:00:00,0.0,0.0,0.0,0.0,19.7,87,10.1,145,1011.6,99,0,84,97,1.2,0.0,41.7658,-72.6734,2024,8,17,22
2024-08-17 23:00:00,0.0,0.0,0.0,0.0,19.2,91,9.3,144,1011.4,100,14,100,81,0.7,0.0,41.7658,-72.6734,2024,8,17,23
2024-08-18 00:00:00,0.0,0.0,0.0,0.0,18.9,92,8.4,133,1011.3,100,81,100,25,0.0,0.0,41.7658,-72.6734,2024,8,18,0
2024-08-18 01:00:00,0.0,0.0,0.0,0.0,18.8,92,7.1,156,1011.2,76,1,71,18,0.0,0.0,41.7658,-72.6734,2024,8,18,1
2024-08-18 02:00:00,0.0,0.0,0.0,0.0,18.4,95,4.8,167,1011.0,98,8,96,40,0.0,0.0,41.7658,-72.6734,2024,8,18,2
2024-08-18 03:00:00,0.0,0.0,0.0,0.0,18.4,95,5.5,148,1010.6,80,4,61,47,0.0,0.0,41.7658,-72.6734,2024,8,18,3
2024-08-18 04:00:00,0.0,0.0,0.0,0.0,18.3,95,3.7,119,1010.4,100,18,24,100,0.0,0.0,41.7658,-72.6734,2024,8,18,4
2024-08-18 05:00:00,0.0,0.0,0.0,0.0,18.5,95,4.8,132,1010.3,100,19,56,99,0.0,0.0,41.7658,-72.6734,2024,8,18,5
2024-08-18 06:00:00,0.0,0.0,0.0,0.0,18.6,95,7.2,108,1010.1,97,2,17,96,0.0,0.0,41.7658,-72.6734,2024,8,18,6
2024-08-18 07:00:00,27.0,6.0,21.0,59.0,18.9,95,3.8,107,1010.3,62,21,28,34,0.0,329.07,41.7658,-72.6734,2024,8,18,7
2024-08-18 08:00:00,139.0,52.0,87.0,199.7,20.4,87,10.4,124,1010.3,100,40,29,100,0.0,3600.0,41.7658,-72.6734,2024,8,18,8
2024-08-18 09:00:00,166.0,18.0,148.0,40.7,20.9,81,6.2,80,1010.1,100,3,61,100,0.0,0.0,41.7658,-72.6734,2024,8,18,9
2024-08-18 10:00:00,144.0,3.0,141.0,5.0,20.9,82,9.3,103,1010.0,100,6,100,100,0.7,0.0,41.7658,-72.6734,2024,8,18,10
2024-08-18 11:00:00,100.0,0.0,100.0,0.0,20.2,93,11.8,117,1010.0,100,28,79,100,4.1,0.0,41.7658,-72.6734,2024,8,18,11
2024-08-18 12:00:00,236.0,9.0,227.0,10.9,21.5,88,13.0,124,1009.4,100,45,100,100,0.3,0.0,41.7658,-72.6734,2024,8,18,12
2024-08-18 13:00:00,130.0,0.0,130.0,0.0,21.3,92,10.8,127,1008.8,100,22,79,100,1.2,0.0,41.7658,-72.6734,2024,8,18,13
2024-08-18 14:00:00,385.0,126.0,259.0,145.9,22.6,85,16.1,141,1008.3,99,34,60,98,0.4,2577.94,41.7658,-72.6734,2024,8,18,14
2024-08-18 15:00:00,398.0,105.0,293.0,129.7,23.3,80,16.3,137,1007.3,100,100,43,100,0.5,2090.09,41.7658,-72.6734,2024,8,18,15
2024-08-18 16:00:00,174.0,20.0,154.0,28.1,22.2,87,13.8,141,1006.9,100,99,81,83,0.7,0.0,41.7658,-72.6734,2024,8,18,16
2024-08-18 17:00:00,150.0,5.0,145.0,8.7,22.1,88,13.4,144,1006.5,79,63,32,22,0.6,0.0,41.7658,-72.6734,2024,8,18,17
2024-08-18 18:00:00,186.0,60.0,126.0,147.4,22.5,86,13.8,147,1006.0,87,48,68,24,0.1,2621.26,41.7658,-72.6734,2024,8,18,18
2024-08-18 19:00:00,70.0,11.0,59.0,49.4,21.9,88,13.4,149,1006.0,99,99,28,45,0.0,0.0,41.7658,-72.6734,2024,8,18,19
2024-08-18 20:00:00,8.0,0.0,8.0,0.0,21.5,89,13.7,150,1005.9,100,100,35,97,0.0,0.0,41.7658,-72.6734,2024,8,18,20
2024-08-18 21:00:00,0.0,0.0,0.0,0.0,20.7,93,11.4,145,1006.1,100,100,8,100,0.2,0.0,41.7658,-72.6734,2024,8,18,21
2024-08-18 22:00:00,0.0,0.0,0.0,0.0,20.8,96,13.8,141,1005.6,100,35,100,100,0.6,0.0,41.7658,-72.6734,2024,8,18,22
2024-08-18 23:00:00,0.0,0.0,0.0,0.0,20.8,97,10.3,155,1005.5,100,100,8,57,1.3,0.0,41.7658,-72.6734,2024,8,18,23
2024-08-19 00:00:00,0.0,0.0,0.0,0.0,20.7,98,10.2,162,1005.3,100,100,73,100,0.3,0.0,41.7658,-72.6734,2024,8,19,0
2024-08-19 01:00:00,0.0,0.0,0.0,0.0,20.6,97,10.5,153,1004.5,100,100,0,69,0.8,0.0,41.7658,-72.6734,2024,8,19,1
2024-08-19 02:00:00,0.0,0.0,0.0,0.0,20.8,97,11.3,153,1003.6,100,100,3,98,0.1,0.0,41.7658,-72.6734,2024,8,19,2
2024-08-19 03:00:00,0.0,0.0,0.0,0.0,20.8,97,7.9,164,1003.1,100,100,0,98,0.0,0.0,41.7658,-72.6734,2024,8,19,3
2024-08-19 04:00:00,0.0,0.0,0.0,0.0,20.8,98,6.2,144,1002.8,100,100,3,83,0.1,0.0,41.7658,-72.6734,2024,8,19,4
2024-08-19 05:00:00,0.0,0.0,0.0,0.0,20.9,98,6.1,152,1002.5,100,100,1,2,0.2,0.0,41.7658,-72.6734,2024,8,19,5
2024-08-19 06:00:00,0.0,0.0,0.0,0.0,21.0,98,6.2,159,1002.1,100,100,0,10,0.1,0.0,41.7658,-72.6734,2024,8,19,6
2024-08-19 07:00:00,9.0,0.0,9.0,0.0,21.2,98,5.7,162,1002.2,100,100,6,18,0.0,0.0,41.7658,-72.6734,2024,8,19,7
2024-08-19 08:00:00,36.0,0.0,36.0,0.0,21.6,98,5.6,165,1002.3,100,100,1,50,0.1,0.0,41.7658,-72.6734,2024,8,19,8
2024-08-19 09:00:00,111.0,3.0,108.0,6.8,21.6,96,7.3,171,1002.6,100,87,57,99,1.5,0.0,41.7658,-72.6734,2024,8,19,9
2024-08-19 10:00:00,137.0,12.0,125.0,20.0,21.8,95,7.3,169,1002.8,100,26,100,100,1.9,0.0,41.7658,-72.6734,2024,8,19,10
2024-08-19 11:00:00,131.0,0.0,131.0,0.0,21.9,94,9.5,155,1002.7,100,98,8,79,0.9,0.0,41.7658,-72.6734,2024,8,19,11
2024-08-19 12:00:00,489.0,193.0,296.0,235.0,24.1,84,8.8,171,1001.8,100,100,81,97,0.0,3600.0,41.7658,-72.6734,2024,8,19,12
2024-08-19 13:00:00,455.0,138.0,317.0,159.4,25.6,76,7.3,189,1001.1,95,43,82,59,0.0,2982.97,41.7658,-72.6734,2024,8,19,13
2024-08-19 14:00:00,524.0,218.0,306.0,253.3,26.7,70,6.0,197,1000.1,32,11,3,22,0.0,3600.0,41.7658,-72.6734,2024,8,19,14
2024-08-19 15:00:00,656.0,495.0,161.0,613.7,27.6,69,6.5,186,999.5,49,30,3,26,0.0,3600.0,41.7658,-72.6734,2024,8,19,15
2024-08-19 16:00:00,449.0,254.0,195.0,359.0,23.7,84,11.2,222,1000.1,80,55,13,53,3.9,3600.0,41.7658,-72.6734,2024,8,19,16
2024-08-19 17:00:00,309.0,134.0,175.0,235.1,23.8,84,6.5,267,1000.1,78,16,5,73,0.3,3600.0,41.7658,-72.6734,2024,8,19,17
2024-08-19 18:00:00,205.0,82.0,123.0,203.4,22.8,87,9.0,178,1000.1,49,12,18,33,0.6,3600.0,41.7658,-72.6734,2024,8,19,18
2024-08-19 19:00:00,109.0,52.0,57.0,237.9,21.9,93,7.2,198,1000.4,86,34,13,77,0.1,3600.0,41.7658,-72.6734,2024,8,19,19
2024-08-19 20:00:00,10.0,1.0,9.0,12.4,20.8,98,6.3,246,1001.2,100,95,48,88,1.2,0.0,41.7658,-72.6734,2024,8,19,20
2024-08-19 21:00:00,0.0,0.0,0.0,0.0,21.2,93,8.0,278,1001.5,62,23,19,41,0.0,0.0,41.7658,-72.6734,2024,8,19,21
2024-08-19 22:00:00,0.0,0.0,0.0,0.0,20.3,94,8.9,284,1002.0,68,17,14,56,0.0,0.0,41.7658,-72.6734,2024,8,19,22
2024-08-19 23:00:00,0.0,0.0,0.0,0.0,19.3,93,10.6,298,1002.3,45,34,8,8,0.0,0.0,41.7658,-72.6734,2024,8,19,23
2024-08-20 00:00:00,0.0,0.0,0.0,0.0,18.5,92,12.3,308,1002.4,34,30,5,1,0.0,0.0,41.7658,-72.6734,2024,8,20,0
2024-08-20 01:00:00,0.0,0.0,0.0,0.0,18.0,92,12.9,337,1002.7,36,30,0,9,0.0,0.0,41.7658,-72.6734,2024,8,20,1
2024-08-20 02:00:00,0.0,0.0,0.0,0.0,17.1,92,13.8,340,1003.2,68,41,5,42,0.0,0.0,41.7658,-72.6734,2024,8,20,2
2024-08-20 03:00:00,0.0,0.0,0.0,0.0,16.3,90,13.9,339,1003.8,100,14,91,100,0.0,0.0,41.7658,-72.6734,2024,8,20,3
2024-08-20 04:00:00,0.0,0.0,0.0,0.0,16.0,88,12.4,343,1004.0,100,12,97,100,0.0,0.0,41.7658,-72.6734,2024,8,20,4
2024-08-20 05:00:00,0.0,0.0,0.0,0.0,15.8,85,12.5,342,1004.5,100,13,75,100,0.0,0.0,41.7658,-72.6734,2024,8,20,5
2024-08-20 06:00:00,0.0,0.0,0.0,0.0,15.5,83,12.1,337,1005.0,100,8,16,100,0.0,0.0,41.7658,-72.6734,2024,8,20,6
2024-08-20 07:00:00,23.0,1.0,22.0,10.1,15.6,82,11.4,332,1005.6,78,8,76,0,0.0,0.0,41.7658,-72.6734,2024,8,20,7
2024-08-20 08:00:00,139.0,57.0,82.0,223.8,16.7,76,11.9,331,1006.3,91,7,90,0,0.0,3600.0,41.7658,-72.6734,2024,8,20,8
2024-08-20 09:00:00,216.0,66.0,150.0,151.2,17.2,72,14.7,324,1006.3,63,6,61,0,0.0,2736.45,41.7658,-72.6734,2024,8,20,9
2024-08-20 10:00:00,413.0,234.0,179.0,391.3,18.1,66,16.7,327,1006.6,98,36,98,0,0.0,3600.0,41.7658,-72.6734,2024,8,20,10
2024-08-20 11:00:00,565.0,323.0,242.0,443.4,19.2,61,17.1,330,1006.9,40,38,3,0,0.0,3600.0,41.7658,-72.6734,2024,8,20,11
2024-08-20 12:00:00,701.0,477.0,224.0,582.6,20.4,57,15.7,328,1007.0,56,56,0,0,0.0,3600.0,41.7658,-72.6734,2024,8,20,12
2024-08-20 13:00:00,704.0,413.0,291.0,478.7,20.9,55,15.7,323,1006.9,46,46,0,0,0.0,3600.0,41.7658,-72.6734,2024,8,20,13
2024-08-20 14:00:00,734.0,464.0,270.0,541.0,21.1,54,16.6,321,1007.0,30,30,0,0,0.0,3600.0,41.7658,-72.6734,2024,8,20,14
2024-08-20 15:00:00,704.0,529.0,175.0,658.4,21.3,53,15.3,317,1007.2,28,28,0,0,0.0,3600.0,41.7658,-72.6734,2024,8,20,15
2024-08-20 16:00:00,657.0,531.0,126.0,754.3,21.3,51,15.9,321,1007.4,46,45,5,0,0.0,3600.0,41.7658,-72.6734,2024,8,20,16
2024-08-20 17:00:00,457.0,304.0,153.0,537.0,20.7,51,15.1,320,1007.7,14,8,9,0,0.0,3600.0,41.7658,-72.6734,2024,8,20,17
2024-08-20 18:00:00,318.0,233.0,85.0,583.9,20.2,51,11.3,323,1008.1,14,10,13,0,0.0,3600.0,41.7658,-72.6734,2024,8,20,18
2024-08-20 19:00:00,141.0,84.0,57.0,392.1,18.7,60,11.2,310,1008.5,18,10,10,0,0.0,3600.0,41.7658,-72.6734,2024,8,20,19
2024-08-20 20:00:00,18.0,8.0,10.0,102.2,16.8,65,8.4,301,1009.3,1,1,0,0,0.0,1410.19,41.7658,-72.6734,2024,8,20,20
2024-08-20 21:00:00,0.0,0.0,0.0,0.0,15.1,74,9.0,275,1010.2,0,0,0,0,0.0,0.0,41.7658,-72.6734,2024,8,20,21
2024-08-20 22:00:00,0.0,0.0,0.0,0.0,14.7,75,9.5,279,1010.8,0,0,0,0,0.0,0.0,41.7658,-72.6734,2024,8,20,22
2024-08-20 23:00:00,0.0,0.0,0.0,0.0,14.5,74,8.7,287,1010.7,0,0,0,0,0.0,0.0,41.7658,-72.6734,2024,8,20,23
2024-08-21 00:00:00,0.0,0.0,0.0,0.0,14.1,76,8.2,285,1010.7,5,5,4,0,0.0,0.0,41.7658,-72.6734,2024,8,21,0
2024-08-21 01:00:00,0.0,0.0,0.0,0.0,13.8,77,7.7,281,1010.8,9,9,1,0,0.0,0.0,41.7658,-72.6734,2024,8,21,1
2024-08-21 02:00:00,0.0,0.0,0.0,0.0,13.4,80,5.4,266,1010.7,1,1,1,0,0.0,0.0,41.7658,-72.6734,2024,8,21,2
2024-08-21 03:00:00,0.0,0.0,0.0,0.0,13.1,82,5.8,263,1010.9,0,0,0,0,0.0,0.0,41.7658,-72.6734,2024,8,21,3
2024-08-21 04:00:00,0.0,0.0,0.0,0.0,12.8,84,5.4,262,1011.0,0,0,0,0,0.0,0.0,41.7658,-72.6734,2024,8,21,4
2024-08-21 05:00:00,0.0,0.0,0.0,0.0,12.5,87,7.2,264,1011.0,1,1,0,0,0.0,0.0,41.7658,-72.6734,2024,8,21,5
2024-08-21 06:00:00,0.0,0.0,0.0,0.0,12.2,88,5.9,281,1011.1,3,3,0,0,0.0,0.0,41.7658,-72.6734,2024,8,21,6
2024-08-21 07:00:00,35.0,17.0,18.0,174.5,12.7,88,6.2,291,1011.7,1,1,0,0,0.0,2979.66,41.7658,-72.6734,2024,8,21,7
2024-08-21 08:00:00,185.0,126.0,59.0,500.3,14.2,80,6.4,322,1011.9,15,15,0,0,0.0,3600.0,41.7658,-72.6734,2024,8,21,8
2024-08-21 09:00:00,366.0,279.0,87.0,643.2,16.1,77,4.3,318,1011.9,1,1,0,0,0.0,3600.0,41.7658,-72.6734,2024,8,21,9
2024-08-21 10:00:00,547.0,448.0,99.0,752.4,17.8,70,5.9,317,1012.0,24,7,19,0,0.0,3600.0,41.7658,-72.6734,2024,8,21,10
2024-08-21 11:00:00,618.0,474.0,144.0,653.0,19.2,60,6.9,317,1012.0,18,13,9,0,0.1,3600.0,41.7658,-72.6734,2024,8,21,11
2024-08-21 12:00:00,734.0,588.0,146.0,720.5,20.4,54,7.8,304,1011.7,17,12,12,0,0.1,3600.0,41.7658,-72.6734,2024,8,21,12
2024-08-21 13:00:00,738.0,582.0,156.0,676.7,21.2,50,7.5,287,1011.6,21,7,16,0,0.0,3600.0,41.7658,-72.6734,2024,8,21,13
2024-08-21 14:00:00,734.0,564.0,170.0,660.0,21.8,46,8.5,282,1011.2,18,6,18,0,0.0,3600.0,41.7658,-72.6734,2024,8,21,14
2024-08-21 15:00:00,656.0,512.0,144.0,639.9,21.8,46,11.7,288,1011.0,32,7,28,0,0.0,3600.0,41.7658,-72.6734,2024,8,21,15
2024-08-21 16:00:00,551.0,422.0,129.0,602.5,21.4,50,11.4,281,1010.7,53,1,39,26,0.1,3600.0,41.7658,-72.6734,2024,8,21,16
2024-08-21 17:00:00,408.0,263.0,145.0,467.8,19.0,66,12.2,289,1011.9,67,17,47,38,0.9,3600.0,41.7658,-72.6734,2024,8,21,17
2024-08-21 18:00:00,251.0,148.0,103.0,374.8,18.6,67,5.5,293,1012.1,26,7,7,18,0.0,3600.0,41.7658,-72.6734,2024,8,21,18
2024-08-21 19:00:00,131.0,76.0,55.0,362.3,17.4,81,4.7,261,1012.1,5,1,5,1,0.0,3600.0,41.7658,-72.6734,2024,8,21,19
2024-08-21 20:00:00,16.0,7.0,9.0,92.1,16.2,83,7.4,247,1012.6,0,0,0,0,0.0,1134.07,41.7658,-72.6734,2024,8,21,20
2024-08-21 21:00:00,0.0,0.0,0.0,0.0,15.7,92,6.2,249,1013.5,6,3,4,0,0.1,0.0,41.7658,-72.6734,2024,8,21,21
2024-08-21 22:00:00,0.0,0.0,0.0,0.0,15.1,94,7.9,270,1013.8,9,2,7,0,0.0,0.0,41.7658,-72.6734,2024,8,21,22
2024-08-21 23:00:00,0.0,0.0,0.0,0.0,14.5,89,8.7,300,1013.8,1,0,1,0,0.0,0.0,41.7658,-72.6734,2024,8,21,23
2024-08-22 00:00:00,0.0,0.0,0.0,0.0,13.7,88,6.7,286,1014.1,9,0,0,9,0.0,0.0,41.7658,-72.6734,2024,8,22,0
2024-08-22 01:00:00,0.0,0.0,0.0,0.0,12.8,90,5.4,274,1014.5,16,0,0,16,0.0,0.0,41.7658,-72.6734,2024,8,22,1
2024-08-22 02:00:00,0.0,0.0,0.0,0.0,12.0,91,6.1,267,1014.8,6,0,0,6,0.0,0.0,41.7658,-72.6734,2024,8,22,2
2024-08-22 03:00:00,0.0,0.0,0.0,0.0,11.6,91,6.5,251,1014.8,1,0,0,0,0.0,0.0,41.7658,-72.6734,2024,8,22,3
2024-08-22 04:00:00,0.0,0.0,0.0,0.0,12.0,91,5.2,245,1014.8,0,0,0,0,0.0,0.0,41.7658,-72.6734,2024,8,22,4
2024-08-22 05:00:00,0.0,0.0,0.0,0.0,11.6,93,7.6,239,1014.9,1,1,0,0,0.0,0.0,41.7658,-72.6734,2024,8,22,5
2024-08-22 06:00:00,0.0,0.0,0.0,0.0,11.3,95,7.4,227,1015.5,7,7,1,0,0.0,0.0,41.7658,-72.6734,2024,8,22,6
2024-08-22 07:00:00,32.0,15.0,17.0,156.3,11.9,94,8.4,227,1016.1,7,7,0,0,0.0,2918.66,41.7658,-72.6734,2024,8,22,7
2024-08-22 08:00:00,176.0,114.0,62.0,457.9,14.1,86,4.8,222,1016.4,8,8,3,0,0.0,3600.0,41.7658,-72.6734,2024,8,22,8
2024-08-22 09:00:00,364.0,281.0,83.0,651.9,16.9,75,7.6,262,1016.4,0,0,0,0,0.0,3600.0,41.7658,-72.6734,2024,8,22,9
2024-08-22 10:00:00,542.0,446.0,96.0,752.3,18.8,66,11.4,298,1016.5,35,35,0,0,0.0,3600.0,41.7658,-72.6734,2024,8,22,10
2024-08-22 11:00:00,664.0,537.0,127.0,742.5,20.4,57,14.4,307,1016.7,42,42,0,0,0.0,3600.0,41.7658,-72.6734,2024,8,22,11
2024-08-22 12:00:00,697.0,502.0,195.0,617.1,21.8,49,14.6,308,1016.4,71,68,60,0,0.0,3600.0,41.7658,-72.6734,2024,8,22,12
2024-08-22 13:00:00,582.0,298.0,284.0,347.7,22.3,46,13.6,307,1016.2,100,100,91,0,0.0,3600.0,41.7658,-72.6734,2024,8,22,13
2024-08-22 14:00:00,503.0,193.0,310.0,226.7,22.4,47,13.1,302,1016.1,100,100,85,0,0.0,3600.0,41.7658,-72.6734,2024,8,22,14
2024-08-22 15:00:00,444.0,146.0,298.0,183.2,22.4,49,11.6,296,1016.0,31,1,31,0,0.0,3600.0,41.7658,-72.6734,2024,8,22,15
2024-08-22 16:00:00,510.0,314.0,196.0,450.6,22.7,48,10.2,293,1016.0,37,24,35,0,0.1,3600.0,41.7658,-72.6734,2024,8,22,16
2024-08-22 17:00:00,411.0,293.0,118.0,524.9,22.7,49,8.4,277,1016.0,38,29,36,0,0.1,3600.0,41.7658,-72.6734,2024,8,22,17
2024-08-22 18:00:00,263.0,172.0,91.0,440.4,22.0,58,7.2,288,1015.8,11,7,11,0,0.0,3600.0,41.7658,-72.6734,2024,8,22,18
2024-08-22 19:00:00,136.0,85.0,51.0,414.1,20.3,70,6.8,288,1015.9,1,0,1,0,0.0,3600.0,41.7658,-72.6734,2024,8,22,19
2024-08-22 20:00:00,15.0,6.0,9.0,81.4,18.7,75,9.0,270,1016.5,0,0,0,0,0.0,859.83,41.7658,-72.6734,2024,8,22,20
2024-08-22 21:00:00,0.0,0.0,0.0,0.0,17.7,80,8.4,260,1017.6,5,0,5,0,0.0,0.0,41.7658,-72.6734,2024,8,22,21
2024-08-22 22:00:00,0.0,0.0,0.0,0.0,16.6,83,8.5,258,1018.1,0,0,0,0,0.0,0.0,41.7658,-72.6734,2024,8,22,22
2024-08-22 23:00:00,0.0,0.0,0.0,0.0,16.0,83,8.8,261,1018.3,0,0,0,0,0.0,0.0,41.7658,-72.6734,2024,8,22,23
2024-08-23 00:00:00,0.0,0.0,0.0,0.0,15.9,81,8.3,270,1018.7,0,0,0,0,0.0,0.0,41.7658,-72.6734,2024,8,23,0
2024-08-23 01:00:00,0.0,0.0,0.0,0.0,15.8,79,7.3,279,1019.0,1,0,1,0,0.0,0.0,41.7658,-72.6734,2024,8,23,1
2024-08-23 02:00:00,0.0,0.0,0.0,0.0,14.6,84,8.7,287,1019.2,1,0,1,0,0.0,0.0,41.7658,-72.6734,2024,8,23,2
2024-08-23 03:00:00,0.0,0.0,0.0,0.0,15.9,73,5.8,274,1019.2,0,0,0,0,0.0,0.0,41.7658,-72.6734,2024,8,23,3
2024-08-23 04:00:00,0.0,0.0,0.0,0.0,15.0,79,4.7,238,1019.5,0,0,0,0,0.0,0.0,41.7658,-72.6734,2024,8,23,4
2024-08-23 05:00:00,0.0,0.0,0.0,0.0,13.8,85,3.8,229,1019.6,0,0,0,0,0.0,0.0,41.7658,-72.6734,2024,8,23,5
2024-08-23 06:00:00,0.0,0.0,0.0,0.0,13.3,87,6.5,236,1020.1,0,0,0,0,0.0,0.0,41.7658,-72.6734,2024,8,23,6
2024-08-23 07:00:00,32.0,16.0,16.0,169.3,13.5,86,7.6,245,1020.7,0,0,0,0,0.0,2857.58,41.7658,-72.6734,2024,8,23,7
2024-08-23 08:00:00,181.0,126.0,55.0,512.0,16.0,81,4.7,212,1021.2,0,0,0,0,0.0,3600.0,41.7658,-72.6734,2024,8,23,8
2024-08-23 09:00:00,368.0,290.0,78.0,677.1,19.5,69,3.3,264,1021.8,0,0,0,0,0.0,3600.0,41.7658,-72.6734,2024,8,23,9
2024-08-23 10:00:00,546.0,455.0,91.0,771.0,21.8,57,5.1,278,1022.0,0,0,0,0,0.0,3600.0,41.7658,-72.6734,2024,8,23,10
2024-08-23 11:00:00,693.0,593.0,100.0,823.0,23.6,52,6.2,280,1021.6,0,0,0,0,0.0,3600.0,41.7658,-72.6734,2024,8,23,11
2024-08-23 12:00:00,790.0,684.0,106.0,843.8,24.9,44,7.3,279,1021.2,12,0,12,0,0.0,3600.0,41.7658,-72.6734,2024,8,23,12
2024-08-23 13:00:00,773.0,626.0,147.0,732.8,25.6,41,7.7,298,1020.8,51,0,51,0,0.0,3600.0,41.7658,-72.6734,2024,8,23,13
2024-08-23 14:00:00,605.0,325.0,280.0,383.1,25.6,39,6.6,299,1020.3,93,0,93,0,0.0,3600.0,41.7658,-72.6734,2024,8,23,14
2024-08-23 15:00:00,551.0,273.0,278.0,344.1,25.9,39,5.6,310,1019.6,99,0,99,0,0.0,3600.0,41.7658,-72.6734,2024,8,23,15
2024-08-23 16:00:00,411.0,181.0,230.0,261.2,25.7,40,5.6,310,1019.4,99,0,99,0,0.0,3600.0,41.7658,-72.6734,2024,8,23,16
2024-08-23 17:00:00,337.0,139.0,198.0,250.8,25.2,44,6.8,302,1019.3,22,1,22,0,0.0,3600.0,41.7658,-72.6734,2024,8,23,17
2024-08-23 18:00:00,282.0,183.0,99.0,473.8,24.3,54,5.7,288,1019.0,12,0,12,0,0.0,3600.0,41.7658,-72.6734,2024,8,23,18
2024-08-23 19:00:00,135.0,85.0,50.0,423.7,22.5,73,4.8,257,1019.1,8,0,8,0,0.0,3600.0,41.7658,-72.6734,2024,8,23,19
2024-08-23 20:00:00,13.0,5.0,8.0,70.0,20.6,73,6.4,243,1019.5,2,0,2,0,0.0,587.36,41.7658,-72.6734,2024,8,23,20
2024-08-23 21:00:00,0.0,0.0,0.0,0.0,19.1,71,7.1,240,1020.4,10,1,1,9,0.0,0.0,41.7658,-72.6734,2024,8,23,21
2024-08-23 22:00:00,0.0,0.0,0.0,0.0,17.6,81,7.2,252,1020.3,81,0,0,81,0.0,0.0,41.7658,-72.6734,2024,8,23,22
2024-08-23 23:00:00,0.0,0.0,0.0,0.0,18.0,73,5.2,245,1020.4,93,2,1,93,0.0,0.0,41.7658,-72.6734,2024,8,23,23
2024-08-24 00:00:00,0.0,0.0,0.0,0.0,16.8,83,3.2,207,1020.6,88,2,8,87,0.0,0.0,41.7658,-72.6734,2024,8,24,0
2024-08-24 01:00:00,0.0,0.0,0.0,0.0,16.6,84,7.3,200,1020.8,84,0,8,83,0.0,0.0,41.7658,-72.6734,2024,8,24,1
2024-08-24 02:00:00,0.0,0.0,0.0,0.0,16.2,86,4.9,216,1020.6,49,3,5,46,0.0,0.0,41.7658,-72.6734,2024,8,24,2
2024-08-24 03:00:00,0.0,0.0,0.0,0.0,15.3,90,5.2,254,1020.4,66,1,1,65,0.0,0.0,41.7658,-72.6734,2024,8,24,3
2024-08-24 04:00:00,0.0,0.0,0.0,0.0,14.7,93,5.4,278,1020.2,98,0,0,98,0.0,0.0,41.7658,-72.6734,2024,8,24,4
2024-08-24 05:00:00,0.0,0.0,0.0,0.0,15.2,91,3.3,257,1020.2,100,0,0,100,0.0,0.0,41.7658,-72.6734,2024,8,24,5
2024-08-24 06:00:00,0.0,0.0,0.0,0.0,15.1,93,2.3,18,1020.2,9,0,0,8,0.0,0.0,41.7658,-72.6734,2024,8,24,6
2024-08-24 07:00:00,30.0,15.0,15.0,161.2,15.0,97,3.2,360,1020.4,0,0,0,0,0.0,2796.43,41.7658,-72.6734,2024,8,24,7
2024-08-24 08:00:00,176.0,120.0,56.0,493.5,17.1,88,2.9,360,1020.7,26,0,0,26,0.0,3600.0,41.7658,-72.6734,2024,8,24,8
2024-08-24 09:00:00,357.0,271.0,86.0,636.9,19.8,78,2.6,16,1021.4,28,1,0,27,0.0,3600.0,41.7658,-72.6734,2024,8,24,9
2024-08-24 10:00:00,531.0,420.0,111.0,715.0,22.4,66,3.0,14,1021.3,93,1,0,93,0.0,3600.0,41.7658,-72.6734,2024,8,24,10
2024-08-24 11:00:00,672.0,537.0,135.0,748.1,24.5,52,3.7,11,1021.0,46,0,0,46,0.0,3600.0,41.7658,-72.6734,2024,8,24,11
2024-08-24 12:00:00,778.0,633.0,145.0,783.6,25.7,47,3.5,336,1020.7,59,0,0,59,0.0,3600.0,41.7658,-72.6734,2024,8,24,12
2024-08-24 13:00:00,837.0,709.0,128.0,832.9,26.7,44,3.6,315,1020.1,30,2,0,29,0.0,3600.0,41.7658,-72.6734,2024,8,24,13
2024-08-24 14:00:00,816.0,691.0,125.0,817.6,27.4,41,5.4,318,1019.7,1,1,0,0,0.0,3600.0,41.7658,-72.6734,2024,8,24,14
2024-08-24 15:00:00,725.0,578.0,147.0,731.8,27.6,40,7.0,325,1019.0,3,2,1,0,0.0,3600.0,41.7658,-72.6734,2024,8,24,15
2024-08-24 16:00:00,527.0,319.0,208.0,462.8,27.4,39,7.2,323,1018.3,40,0,39,1,0.0,3600.0,41.7658,-72.6734,2024,8,24,16
2024-08-24 17:00:00,444.0,302.0,142.0,549.1,27.0,40,5.7,325,1017.9,35,0,35,0,0.0,3600.0,41.7658,-72.6734,2024,8,24,17
2024-08-24 18:00:00,302.0,216.0,86.0,565.8,26.2,46,2.6,16,1017.6,5,0,5,0,0.0,3600.0,41.7658,-72.6734,2024,8,24,18
2024-08-24 19:00:00,126.0,77.0,49.0,393.1,25.0,56,3.4,342,1017.5,11,0,9,2,0.0,3600.0,41.7658,-72.6734,2024,8,24,19
2024-08-24 20:00:00,12.0,4.0,8.0,58.0,23.4,65,3.3,347,1017.9,2,0,2,0,0.0,316.62,41.7658,-72.6734,2024,8,24,20
2024-08-24 21:00:00,0.0,0.0,0.0,0.0,20.6,72,6.4,254,1018.9,11,9,5,0,0.0,0.0,41.7658,-72.6734,2024,8,24,21
2024-08-24 22:00:00,0.0,0.0,0.0,0.0,19.6,76,3.6,225,1019.3,6,4,5,0,0.0,0.0,41.7658,-72.6734,2024,8,24,22
2024-08-24 23:00:00,0.0,0.0,0.0,0.0,18.6,78,6.9,208,1019.3,0,0,0,0,0.0,0.0,41.7658,-72.6734,2024,8,24,23
2024-08-25 00:00:00,0.0,0.0,0.0,0.0,17.7,84,5.4,222,1019.0,0,0,0,0,0.0,0.0,41.7658,-72.6734,2024,8,25,0
2024-08-25 01:00:00,0.0,0.0,0.0,0.0,16.8,89,6.5,199,1019.0,2,2,0,0,0.0,0.0,41.7658,-72.6734,2024,8,25,1
2024-08-25 02:00:00,0.0,0.0,0.0,0.0,16.8,87,5.1,219,1019.0,1,1,0,0,0.0,0.0,41.7658,-72.6734,2024,8,25,2
2024-08-25 03:00:00,0.0,0.0,0.0,0.0,15.9,92,5.1,225,1019.0,0,0,0,0,0.0,0.0,41.7658,-72.6734,2024,8,25,3
2024-08-25 04:00:00,0.0,0.0,0.0,0.0,15.2,94,6.1,225,1018.7,0,0,0,0,0.0,0.0,41.7658,-72.6734,2024,8,25,4
2024-08-25 05:00:00,0.0,0.0,0.0,0.0,14.8,96,5.7,215,1018.7,68,0,0,68,0.0,0.0,41.7658,-72.6734,2024,8,25,5
2024-08-25 06:00:00,0.0,0.0,0.0,0.0,14.5,97,5.1,274,1019.1,100,0,0,100,0.0,0.0,41.7658,-72.6734,2024,8,25,6
2024-08-25 07:00:00,26.0,8.0,18.0,87.4,15.4,96,2.3,342,1019.4,100,1,0,100,0.0,1148.9,41.7658,-72.6734,2024,8,25,7
2024-08-25 08:00:00,146.0,68.0,78.0,283.1,17.1,89,1.9,22,1019.7,100,4,9,100,0.0,3600.0,41.7658,-72.6734,2024,8,25,8
2024-08-25 09:00:00,284.0,138.0,146.0,326.5,19.1,85,2.9,7,1020.4,100,20,11,100,0.0,3600.0,41.7658,-72.6734,2024,8,25,9
2024-08-25 10:00:00,397.0,159.0,238.0,271.9,21.2,79,2.9,353,1020.6,100,9,4,100,0.0,3600.0,41.7658,-72.6734,2024,8,25,10
2024-08-25 11:00:00,535.0,244.0,291.0,341.2,23.5,70,4.1,345,1020.3,88,0,71,59,0.0,3600.0,41.7658,-72.6734,2024,8,25,11
2024-08-25 12:00:00,501.0,268.0,233.0,332.9,24.3,65,5.0,21,1020.3,29,0,22,14,0.0,3600.0,41.7658,-72.6734,2024,8,25,12
2024-08-25 13:00:00,747.0,561.0,186.0,661.4,26.4,55,1.6,63,1019.6,6,4,4,0,0.0,3600.0,41.7658,-72.6734,2024,8,25,13
2024-08-25 14:00:00,791.0,658.0,133.0,781.6,27.3,51,2.2,270,1019.2,32,2,20,14,0.0,3600.0,41.7658,-72.6734,2024,8,25,14
2024-08-25 15:00:00,658.0,504.0,154.0,641.0,27.2,52,2.7,293,1018.7,39,5,25,18,0.0,3600.0,41.7658,-72.6734,2024,8,25,15
2024-08-25 16:00:00,511.0,375.0,136.0,547.2,27.0,52,1.1,18,1017.9,41,5,28,18,0.0,3600.0,41.7658,-72.6734,2024,8,25,16
2024-08-25 17:00:00,420.0,292.0,128.0,535.0,26.7,53,3.2,90,1017.4,39,1,21,23,0.0,3600.0,41.7658,-72.6734,2024,8,25,17
2024-08-25 18:00:00,242.0,137.0,105.0,363.2,25.9,57,4.6,225,1017.7,66,15,33,45,0.2,3600.0,41.7658,-72.6734,2024,8,25,18
2024-08-25 19:00:00,95.0,43.0,52.0,225.0,23.2,75,5.5,247,1017.9,61,0,26,48,0.1,3600.0,41.7658,-72.6734,2024,8,25,19
2024-08-25 20:00:00,9.0,2.0,7.0,30.0,21.5,85,4.1,218,1017.8,32,6,13,20,0.0,0.0,41.7658,-72.6734,2024,8,25,20
2024-08-25 21:00:00,0.0,0.0,0.0,0.0,19.5,95,5.1,266,1018.8,63,3,20,55,0.1,0.0,41.7658,-72.6734,2024,8,25,21
2024-08-25 22:00:00,0.0,0.0,0.0,0.0,19.0,95,12.1,240,1019.4,69,1,49,41,0.1,0.0,41.7658,-72.6734,2024,8,25,22
2024-08-25 23:00:00,0.0,0.0,0.0,0.0,18.5,96,3.3,257,1019.1,58,0,58,0,0.1,0.0,41.7658,-72.6734,2024,8,25,23
2024-08-26 00:00:00,0.0,0.0,0.0,0.0,18.1,97,7.4,194,1018.6,9,0,9,0,0.0,0.0,41.7658,-72.6734,2024,8,26,0
2024-08-26 01:00:00,0.0,0.0,0.0,0.0,17.6,98,4.9,216,1018.3,6,1,5,0,0.0,0.0,41.7658,-72.6734,2024,8,26,1
2024-08-26 02:00:00,0.0,0.0,0.0,0.0,17.8,98,3.1,159,1018.0,2,0,2,0,0.0,0.0,41.7658,-72.6734,2024,8,26,2
2024-08-26 03:00:00,0.0,0.0,0.0,0.0,17.6,100,0.0,270,1017.6,98,98,1,0,0.0,0.0,41.7658,-72.6734,2024,8,26,3
2024-08-26 04:00:00,0.0,0.0,0.0,0.0,17.4,100,1.1,162,1017.2,99,99,0,0,0.0,0.0,41.7658,-72.6734,2024,8,26,4
2024-08-26 05:00:00,0.0,0.0,0.0,0.0,16.8,100,4.0,360,1017.2,100,100,0,0,0.0,0.0,41.7658,-72.6734,2024,8,26,5
2024-08-26 06:00:00,0.0,0.0,0.0,0.0,16.2,100,4.0,360,1017.3,100,100,0,0,0.0,0.0,41.7658,-72.6734,2024,8,26,6
2024-08-26 07:00:00,17.0,2.0,15.0,22.2,17.1,99,3.6,360,1017.6,100,100,0,0,0.0,0.0,41.7658,-72.6734,2024,8,26,7
2024-08-26 08:00:00,100.0,20.0,80.0,84.3,17.5,98,3.3,13,1017.9,100,100,1,0,0.0,728.95,41.7658,-72.6734,2024,8,26,8
2024-08-26 09:00:00,247.0,96.0,151.0,228.6,20.0,90,5.1,45,1017.8,100,100,3,0,0.0,3600.0,41.7658,-72.6734,2024,8,26,9
2024-08-26 10:00:00,403.0,204.0,199.0,350.6,21.7,82,4.4,55,1017.9,56,55,3,0,0.0,3600.0,41.7658,-72.6734,2024,8,26,10
2024-08-26 11:00:00,553.0,309.0,244.0,433.8,23.7,75,5.4,20,1017.3,66,56,2,22,0.0,3600.0,41.7658,-72.6734,2024,8,26,11
2024-08-26 12:00:00,649.0,415.0,234.0,517.4,24.9,70,4.0,355,1016.8,44,16,3,32,0.0,3600.0,41.7658,-72.6734,2024,8,26,12
2024-08-26 13:00:00,697.0,521.0,176.0,616.5,25.9,64,5.6,345,1016.2,86,9,8,84,0.1,3600.0,41.7658,-72.6734,2024,8,26,13
2024-08-26 14:00:00,574.0,307.0,267.0,366.1,24.0,68,9.1,342,1016.5,71,14,9,63,0.1,3600.0,41.7658,-72.6734,2024,8,26,14
2024-08-26 15:00:00,501.0,214.0,287.0,273.4,22.3,76,9.0,23,1016.7,98,57,18,93,1.6,3600.0,41.7658,-72.6734,2024,8,26,15
2024-08-26 16:00:00,265.0,67.0,198.0,98.3,21.9,80,3.7,11,1016.3,79,4,15,74,0.0,1150.21,41.7658,-72.6734,2024,8,26,16
2024-08-26 17:00:00,316.0,136.0,180.0,251.2,22.2,80,3.6,45,1015.7,56,11,2,49,0.0,3600.0,41.7658,-72.6734,2024,8,26,17
2024-08-26 18:00:00,247.0,134.0,113.0,359.6,22.2,81,4.7,328,1015.2,56,0,5,54,0.0,3600.0,41.7658,-72.6734,2024,8,26,18
2024-08-26 19:00:00,110.0,56.0,54.0,300.8,21.2,87,3.3,319,1015.4,12,6,2,4,0.0,3600.0,41.7658,-72.6734,2024,8,26,19
2024-08-26 20:00:00,9.0,3.0,6.0,46.8,19.2,94,3.3,77,1015.7,7,1,1,5,0.0,94.3,41.7658,-72.6734,2024,8,26,20
2024-08-26 21:00:00,0.0,0.0,0.0,0.0,19.0,97,4.7,337,1016.4,0,0,0,0,0.0,0.0,41.7658,-72.6734,2024,8,26,21
2024-08-26 22:00:00,0.0,0.0,0.0,0.0,18.5,99,4.7,351,1016.3,0,0,0,0,0.0,0.0,41.7658,-72.6734,2024,8,26,22
2024-08-26 23:00:00,0.0,0.0,0.0,0.0,18.6,100,3.4,238,1016.0,99,99,1,0,0.0,0.0,41.7658,-72.6734,2024,8,26,23
2024-08-27 00:00:00,0.0,0.0,0.0,0.0,18.2,100,3.3,221,1015.9,99,99,0,0,0.0,0.0,41.7658,-72.6734,2024,8,27,0
2024-08-27 01:00:00,0.0,0.0,0.0,0.0,17.9,100,1.1,270,1015.9,100,100,0,0,0.0,0.0,41.7658,-72.6734,2024,8,27,1
2024-08-27 02:00:00,0.0,0.0,0.0,0.0,17.1,100,1.8,323,1015.5,100,100,0,0,0.0,0.0,41.7658,-72.6734,2024,8,27,2
2024-08-27 03:00:00,0.0,0.0,0.0,0.0,17.2,100,3.0,346,1015.4,100,100,0,0,0.0,0.0,41.7658,-72.6734,2024,8,27,3
2024-08-27 04:00:00,0.0,0.0,0.0,0.0,16.9,100,1.9,22,1015.2,100,100,0,0,0.0,0.0,41.7658,-72.6734,2024,8,27,4
2024-08-27 05:00:00,0.0,0.0,0.0,0.0,17.0,99,1.9,292,1015.7,100,100,0,0,0.0,0.0,41.7658,-72.6734,2024,8,27,5
2024-08-27 06:00:00,0.0,0.0,0.0,0.0,17.0,99,2.1,301,1015.8,100,100,0,0,0.0,0.0,41.7658,-72.6734,2024,8,27,6
2024-08-27 07:00:00,13.0,1.0,12.0,11.3,17.1,99,3.6,315,1016.2,99,99,0,0,0.0,0.0,41.7658,-72.6734,2024,8,27,7
2024-08-27 08:00:00,105.0,38.0,67.0,162.2,17.7,97,3.3,319,1016.9,100,100,0,0,0.0,3066.11,41.7658,-72.6734,2024,8,27,8
2024-08-27 09:00:00,239.0,84.0,155.0,201.4,19.2,91,5.0,360,1016.5,99,99,0,0,0.0,3600.0,41.7658,-72.6734,2024,8,27,9
2024-08-27 10:00:00,392.0,172.0,220.0,297.0,21.1,82,4.3,5,1016.6,55,55,0,0,0.0,3600.0,41.7658,-72.6734,2024,8,27,10
2024-08-27 11:00:00,638.0,464.0,174.0,654.1,23.2,78,2.5,360,1016.4,31,31,0,0,0.0,3600.0,41.7658,-72.6734,2024,8,27,11
2024-08-27 12:00:00,765.0,628.0,137.0,785.9,25.2,68,2.3,342,1015.9,1,1,0,0,0.0,3600.0,41.7658,-72.6734,2024,8,27,12
2024-08-27 13:00:00,832.0,728.0,104.0,864.7,26.7,56,2.7,337,1015.2,81,1,0,81,0.0,3600.0,41.7658,-72.6734,2024,8,27,13
2024-08-27 14:00:00,814.0,693.0,121.0,829.9,27.8,50,2.0,315,1014.3,14,0,0,14,0.0,3600.0,41.7658,-72.6734,2024,8,27,14
2024-08-27 15:00:00,758.0,658.0,100.0,844.8,28.5,47,2.6,304,1013.7,3,2,1,0,0.0,3600.0,41.7658,-72.6734,2024,8,27,15
2024-08-27 16:00:00,633.0,533.0,100.0,787.0,28.8,45,1.8,233,1013.2,7,3,7,0,0.0,3600.0,41.7658,-72.6734,2024,8,27,16
2024-08-27 17:00:00,456.0,354.0,102.0,659.1,28.6,45,2.6,196,1012.5,11,0,3,9,0.0,3600.0,41.7658,-72.6734,2024,8,27,17
2024-08-27 18:00:00,289.0,212.0,77.0,576.2,28.0,47,0.8,153,1012.5,5,0,0,5,0.0,3600.0,41.7658,-72.6734,2024,8,27,18
2024-08-27 19:00:00,119.0,74.0,45.0,408.3,25.6,69,3.0,166,1012.4,1,1,0,0,0.0,3600.0,41.7658,-72.6734,2024,8,27,19
2024-08-27 20:00:00,8.0,3.0,5.0,48.7,23.0,74,10.8,184,1012.9,1,0,0,1,0.0,141.58,41.7658,-72.6734,2024,8,27,20
2024-08-27 21:00:00,0.0,0.0,0.0,0.0,22.0,81,12.7,195,1013.1,97,0,0,97,0.0,0.0,41.7658,-72.6734,2024,8,27,21
2024-08-27 22:00:00,0.0,0.0,0.0,0.0,21.1,84,11.2,201,1013.1,95,0,0,95,0.0,0.0,41.7658,-72.6734,2024,8,27,22
2024-08-27 23:00:00,0.0,0.0,0.0,0.0,20.5,86,10.5,196,1012.8,11,1,0,10,0.0,0.0,41.7658,-72.6734,2024,8,27,23
2024-08-28 00:00:00,0.0,0.0,0.0,0.0,19.9,87,10.7,194,1012.4,26,0,0,26,0.0,0.0,41.7658,-72.6734,2024,8,28,0
2024-08-28 01:00:00,0.0,0.0,0.0,0.0,19.5,88,11.4,193,1011.6,0,0,0,0,0.0,0.0,41.7658,-72.6734,2024,8,28,1
2024-08-28 02:00:00,0.0,0.0,0.0,0.0,19.2,90,11.4,191,1010.9,4,0,0,4,0.0,0.0,41.7658,-72.6734,2024,8,28,2
2024-08-28 03:00:00,0.0,0.0,0.0,0.0,19.2,93,10.8,195,1010.1,66,0,0,66,0.0,0.0,41.7658,-72.6734,2024,8,28,3
2024-08-28 04:00:00,0.0,0.0,0.0,0.0,19.3,94,11.9,194,1009.9,15,0,4,11,0.0,0.0,41.7658,-72.6734,2024,8,28,4
2024-08-28 05:00:00,0.0,0.0,0.0,0.0,19.7,93,11.0,203,1010.0,57,8,23,44,0.0,0.0,41.7658,-72.6734,2024,8,28,5
2024-08-28 06:00:00,0.0,0.0,0.0,0.0,20.3,89,12.2,199,1009.8,85,2,14,83,0.0,0.0,41.7658,-72.6734,2024,8,28,6
2024-08-28 07:00:00,21.0,8.0,13.0,91.9,21.0,85,11.9,205,1009.8,91,2,1,91,0.0,1229.24,41.7658,-72.6734,2024,8,28,7
2024-08-28 08:00:00,151.0,87.0,64.0,376.2,22.6,80,8.9,201,1009.9,95,0,0,95,0.0,3600.0,41.7658,-72.6734,2024,8,28,8
2024-08-28 09:00:00,295.0,188.0,107.0,453.9,25.1,74,8.9,220,1009.6,86,0,2,86,0.0,3600.0,41.7658,-72.6734,2024,8,28,9
2024-08-28 10:00:00,495.0,393.0,102.0,682.0,27.4,67,8.4,227,1009.6,94,0,6,94,0.0,3600.0,41.7658,-72.6734,2024,8,28,10
2024-08-28 11:00:00,614.0,472.0,142.0,668.1,29.3,62,10.1,272,1009.7,97,20,52,92,0.0,3600.0,41.7658,-72.6734,2024,8,28,11
2024-08-28 12:00:00,546.0,346.0,200.0,434.7,30.4,57,14.7,298,1009.2,80,28,1,72,0.0,3600.0,41.7658,-72.6734,2024,8,28,12
2024-08-28 13:00:00,665.0,431.0,234.0,513.9,31.4,55,14.7,301,1008.7,37,12,8,25,0.0,3600.0,41.7658,-72.6734,2024,8,28,13
2024-08-28 14:00:00,731.0,593.0,138.0,713.2,31.6,55,15.1,298,1008.5,92,6,5,91,0.0,3600.0,41.7658,-72.6734,2024,8,28,14
2024-08-28 15:00:00,711.0,601.0,110.0,775.4,31.7,54,14.7,301,1008.3,12,4,8,0,0.0,3600.0,41.7658,-72.6734,2024,8,28,15
2024-08-28 16:00:00,584.0,470.0,114.0,698.3,31.3,53,15.8,313,1008.1,9,4,6,0,0.0,3600.0,41.7658,-72.6734,2024,8,28,16
2024-08-28 17:00:00,430.0,337.0,93.0,632.7,30.5,55,14.1,320,1008.3,4,3,3,0,0.0,3600.0,41.7658,-72.6734,2024,8,28,17
2024-08-28 18:00:00,275.0,204.0,71.0,561.8,29.4,61,11.3,333,1008.9,11,3,9,0,0.0,3600.0,41.7658,-72.6734,2024,8,28,18
2024-08-28 19:00:00,109.0,63.0,46.0,357.5,27.2,71,9.3,347,1009.7,3,1,2,1,0.0,3600.0,41.7658,-72.6734,2024,8,28,19
2024-08-28 20:00:00,7.0,2.0,5.0,33.8,25.6,75,10.7,346,1010.9,10,6,5,3,0.0,0.0,41.7658,-72.6734,2024,8,28,20
2024-08-28 21:00:00,0.0,0.0,0.0,0.0,25.0,77,10.8,356,1011.9,8,0,6,1,0.0,0.0,41.7658,-72.6734,2024,8,28,21
2024-08-28 22:00:00,0.0,0.0,0.0,0.0,23.8,78,11.2,360,1012.8,17,0,6,11,0.0,0.0,41.7658,-72.6734,2024,8,28,22
2024-08-28 23:00:00,0.0,0.0,0.0,0.0,22.8,79,12.8,11,1013.7,47,0,7,45,0.0,0.0,41.7658,-72.6734,2024,8,28,23
2024-08-29 00:00:00,0.0,0.0,0.0,0.0,21.7,75,13.3,13,1014.1,98,0,61,97,0.0,0.0,41.7658,-72.6734,2024,8,29,0
2024-08-29 01:00:00,0.0,0.0,0.0,0.0,20.9,74,13.9,17,1015.0,51,8,28,32,0.0,0.0,41.7658,-72.6734,2024,8,29,1
2024-08-29 02:00:00,0.0,0.0,0.0,0.0,19.9,73,13.4,8,1015.8,36,24,19,0,0.0,0.0,41.7658,-72.6734,2024,8,29,2
2024-08-29 03:00:00,0.0,0.0,0.0,0.0,19.0,73,11.2,6,1016.2,32,28,9,2,0.0,0.0,41.7658,-72.6734,2024,8,29,3
2024-08-29 04:00:00,0.0,0.0,0.0,0.0,18.3,75,9.8,8,1016.7,60,4,59,0,0.0,0.0,41.7658,-72.6734,2024,8,29,4
2024-08-29 05:00:00,0.0,0.0,0.0,0.0,17.9,76,9.5,9,1017.4,58,52,19,0,0.0,0.0,41.7658,-72.6734,2024,8,29,5
2024-08-29 06:00:00,0.0,0.0,0.0,0.0,17.6,75,9.9,10,1018.0,84,83,5,5,0.0,0.0,41.7658,-72.6734,2024,8,29,6
2024-08-29 07:00:00,18.0,5.0,13.0,58.4,17.6,75,10.0,21,1018.8,92,66,5,76,0.0,318.28,41.7658,-72.6734,2024,8,29,7
2024-08-29 08:00:00,122.0,50.0,72.0,219.0,18.1,71,10.8,26,1019.4,100,81,0,98,0.0,3600.0,41.7658,-72.6734,2024,8,29,8
2024-08-29 09:00:00,135.0,1.0,134.0,2.4,18.8,68,8.9,43,1020.2,100,96,3,88,0.0,0.0,41.7658,-72.6734,2024,8,29,9
2024-08-29 10:00:00,265.0,45.0,220.0,78.5,19.7,66,7.1,41,1021.0,98,97,6,44,0.0,554.45,41.7658,-72.6734,2024,8,29,10
2024-08-29 11:00:00,367.0,99.0,268.0,140.7,20.7,64,6.4,43,1020.8,98,98,7,0,0.0,2421.3,41.7658,-72.6734,2024,8,29,11
2024-08-29 12:00:00,369.0,59.0,310.0,74.4,21.7,60,4.5,29,1020.5,99,99,11,1,0.0,432.2,41.7658,-72.6734,2024,8,29,12
2024-08-29 13:00:00,480.0,152.0,328.0,182.0,23.4,56,4.0,350,1020.0,97,97,10,2,0.0,3600.0,41.7658,-72.6734,2024,8,29,13
2024-08-29 14:00:00,477.0,153.0,324.0,184.8,24.4,55,4.3,355,1019.6,100,100,11,16,0.0,3600.0,41.7658,-72.6734,2024,8,29,14
2024-08-29 15:00:00,396.0,109.0,287.0,141.3,24.8,55,3.2,27,1019.5,100,100,23,14,0.0,2440.26,41.7658,-72.6734,2024,8,29,15
2024-08-29 16:00:00,221.0,22.0,199.0,32.9,24.0,56,4.2,20,1019.3,100,100,44,0,0.0,0.0,41.7658,-72.6734,2024,8,29,16
2024-08-29 17:00:00,182.0,17.0,165.0,32.2,23.8,58,5.6,27,1019.4,100,100,43,10,0.0,0.0,41.7658,-72.6734,2024,8,29,17
2024-08-29 18:00:00,88.0,7.0,81.0,19.5,23.0,63,5.8,60,1019.7,84,73,14,36,0.0,0.0,41.7658,-72.6734,2024,8,29,18
2024-08-29 19:00:00,85.0,35.0,50.0,204.5,22.0,69,6.2,97,1019.7,80,2,3,79,0.0,3600.0,41.7658,-72.6734,2024,8,29,19
2024-08-29 20:00:00,6.0,1.0,5.0,17.7,20.7,74,4.4,125,1020.0,81,6,11,78,0.0,0.0,41.7658,-72.6734,2024,8,29,20
2024-08-29 21:00:00,0.0,0.0,0.0,0.0,19.5,78,5.0,69,1021.3,62,33,18,30,0.0,0.0,41.7658,-72.6734,2024,8,29,21
2024-08-29 22:00:00,0.0,0.0,0.0,0.0,18.6,81,9.2,135,1021.7,24,17,0,8,0.0,0.0,41.7658,-72.6734,2024,8,29,22
2024-08-29 23:00:00,0.0,0.0,0.0,0.0,17.6,84,6.6,151,1022.1,41,16,1,29,0.0,0.0,41.7658,-72.6734,2024,8,29,23
2024-08-30 00:00:00,0.0,0.0,0.0,0.0,17.3,87,4.8,132,1022.5,97,14,5,97,0.0,0.0,41.7658,-72.6734,2024,8,30,0
2024-08-30 01:00:00,0.0,0.0,0.0,0.0,17.0,88,3.3,84,1022.8,28,13,12,6,0.0,0.0,41.7658,-72.6734,2024,8,30,1
2024-08-30 02:00:00,0.0,0.0,0.0,0.0,16.3,88,5.8,60,1022.6,19,11,6,2,0.0,0.0,41.7658,-72.6734,2024,8,30,2
2024-08-30 03:00:00,0.0,0.0,0.0,0.0,15.5,88,5.9,47,1022.5,31,5,19,10,0.0,0.0,41.7658,-72.6734,2024,8,30,3
2024-08-30 04:00:00,0.0,0.0,0.0,0.0,14.8,89,6.1,45,1022.5,12,1,11,0,0.0,0.0,41.7658,-72.6734,2024,8,30,4
2024-08-30 05:00:00,0.0,0.0,0.0,0.0,14.3,90,6.6,41,1022.3,0,0,0,0,0.0,0.0,41.7658,-72.6734,2024,8,30,5
2024-08-30 06:00:00,0.0,0.0,0.0,0.0,14.0,91,6.6,41,1022.7,12,0,12,0,0.0,0.0,41.7658,-72.6734,2024,8,30,6
2024-08-30 07:00:00,21.0,9.0,12.0,107.1,14.3,90,7.8,34,1022.7,8,0,8,0,0.0,1595.71,41.7658,-72.6734,2024,8,30,7
2024-08-30 08:00:00,146.0,91.0,55.0,404.0,16.1,81,5.1,45,1022.9,6,0,6,0,0.0,3600.0,41.7658,-72.6734,2024,8,30,8
2024-08-30 09:00:00,322.0,238.0,84.0,582.9,18.1,68,7.4,76,1023.1,11,0,11,0,0.0,3600.0,41.7658,-72.6734,2024,8,30,9
2024-08-30 10:00:00,497.0,391.0,106.0,685.4,19.9,55,8.0,95,1022.6,5,0,5,0,0.0,3600.0,41.7658,-72.6734,2024,8,30,10
2024-08-30 11:00:00,657.0,551.0,106.0,786.5,21.5,47,6.3,103,1022.5,7,0,7,0,0.0,3600.0,41.7658,-72.6734,2024,8,30,11
2024-08-30 12:00:00,762.0,650.0,112.0,823.0,22.8,43,5.2,106,1022.3,6,0,6,0,0.0,3600.0,41.7658,-72.6734,2024,8,30,12
2024-08-30 13:00:00,811.0,701.0,110.0,842.5,24.0,39,6.5,124,1021.4,0,0,0,0,0.0,3600.0,41.7658,-72.6734,2024,8,30,13
2024-08-30 14:00:00,808.0,704.0,104.0,854.0,24.9,37,7.4,119,1020.7,0,0,0,0,0.0,3600.0,41.7658,-72.6734,2024,8,30,14
2024-08-30 15:00:00,738.0,637.0,101.0,830.2,25.5,38,6.0,123,1020.1,8,0,8,0,0.0,3600.0,41.7658,-72.6734,2024,8,30,15
2024-08-30 16:00:00,598.0,491.0,107.0,738.7,25.5,40,6.4,128,1019.6,9,0,9,0,0.0,3600.0,41.7658,-72.6734,2024,8,30,16
2024-08-30 17:00:00,455.0,361.0,94.0,689.6,25.2,43,8.3,146,1019.2,6,2,4,0,0.0,3600.0,41.7658,-72.6734,2024,8,30,17
2024-08-30 18:00:00,280.0,208.0,72.0,588.5,23.6,47,11.8,168,1019.2,2,0,2,0,0.0,3600.0,41.7658,-72.6734,2024,8,30,18
2024-08-30 19:00:00,108.0,66.0,42.0,397.5,20.8,52,11.6,173,1019.4,1,0,1,0,0.0,3600.0,41.7658,-72.6734,2024,8,30,19
2024-08-30 20:00:00,5.0,2.0,3.0,37.0,18.8,59,9.1,171,1019.9,2,0,2,0,0.0,0.0,41.7658,-72.6734,2024,8,30,20
2024-08-30 21:00:00,0.0,0.0,0.0,0.0,17.8,67,7.6,183,1020.8,20,0,20,0,0.0,0.0,41.7658,-72.6734,2024,8,30,21
2024-08-30 22:00:00,0.0,0.0,0.0,0.0,17.0,74,6.5,180,1020.6,26,4,24,0,0.0,0.0,41.7658,-72.6734,2024,8,30,22
2024-08-30 23:00:00,0.0,0.0,0.0,0.0,16.8,80,5.1,176,1020.1,30,0,30,0,0.0,0.0,41.7658,-72.6734,2024,8,30,23
2024-08-31 00:00:00,0.0,0.0,0.0,0.0,16.4,87,3.0,166,1019.7,19,0,19,0,0.0,0.0,41.7658,-72.6734,2024,8,31,0
2024-08-31 01:00:00,0.0,0.0,0.0,0.0,16.2,87,2.3,51,1019.3,87,0,3,86,0.0,0.0,41.7658,-72.6734,2024,8,31,1
2024-08-31 02:00:00,0.0,0.0,0.0,0.0,15.8,92,1.1,18,1018.6,91,11,0,90,0.0,0.0,41.7658,-72.6734,2024,8,31,2
2024-08-31 03:00:00,0.0,0.0,0.0,0.0,15.6,93,2.7,23,1018.1,17,10,0,7,0.0,0.0,41.7658,-72.6734,2024,8,31,3
2024-08-31 04:00:00,0.0,0.0,0.0,0.0,15.2,97,2.7,23,1018.0,95,20,6,94,0.0,0.0,41.7658,-72.6734,2024,8,31,4
2024-08-31 05:00:00,0.0,0.0,0.0,0.0,15.0,99,3.6,37,1017.7,77,42,0,60,0.0,0.0,41.7658,-72.6734,2024,8,31,5
2024-08-31 06:00:00,0.0,0.0,0.0,0.0,14.8,100,2.6,34,1017.5,56,52,4,7,0.0,0.0,41.7658,-72.6734,2024,8,31,6
2024-08-31 07:00:00,19.0,7.0,12.0,84.8,15.1,100,3.3,41,1017.7,100,100,8,2,0.0,998.95,41.7658,-72.6734,2024,8,31,7
2024-08-31 08:00:00,144.0,82.0,62.0,369.1,17.3,89,1.5,45,1017.7,8,8,0,1,0.0,3600.0,41.7658,-72.6734,2024,8,31,8
2024-08-31 09:00:00,322.0,230.0,92.0,567.4,20.2,80,4.8,153,1017.0,64,1,0,64,0.0,3600.0,41.7658,-72.6734,2024,8,31,9
2024-08-31 10:00:00,503.0,402.0,101.0,708.3,22.6,72,7.2,180,1016.8,65,11,1,61,0.0,3600.0,41.7658,-72.6734,2024,8,31,10
2024-08-31 11:00:00,604.0,429.0,175.0,615.0,24.7,62,12.7,187,1016.2,100,100,1,100,0.0,3600.0,41.7658,-72.6734,2024,8,31,11
2024-08-31 12:00:00,321.0,43.0,278.0,54.7,24.8,62,11.7,191,1015.7,100,100,1,88,0.0,0.0,41.7658,-72.6734,2024,8,31,12
2024-08-31 13:00:00,380.0,61.0,319.0,73.6,25.5,60,11.5,194,1014.8,100,100,0,0,0.0,408.52,41.7658,-72.6734,2024,8,31,13
2024-08-31 14:00:00,431.0,125.0,306.0,152.3,26.4,56,13.4,194,1013.8,100,100,1,0,0.0,2769.6,41.7658,-72.6734,2024,8,31,14
2024-08-31 15:00:00,391.0,89.0,302.0,116.6,26.6,55,13.9,197,1012.5,97,97,6,0,0.0,1698.22,41.7658,-72.6734,2024,8,31,15
2024-08-31 16:00:00,324.0,78.0,246.0,118.1,26.1,58,14.8,203,1011.6,100,100,24,0,0.0,1743.74,41.7658,-72.6734,2024,8,31,16
2024-08-31 17:00:00,259.0,74.0,185.0,142.6,25.8,59,15.0,190,1010.7,100,98,88,0,0.0,2478.54,41.7658,-72.6734,2024,8,31,17
2024-08-31 18:00:00,163.0,61.0,102.0,175.0,24.9,64,12.0,187,1010.7,46,22,30,0,0.0,3450.77,41.7658,-72.6734,2024,8,31,18
2024-08-31 19:00:00,79.0,32.0,47.0,198.9,23.7,70,10.8,180,1010.7,100,100,3,16,0.0,3600.0,41.7658,-72.6734,2024,8,31,19
2024-08-31 20:00:00,3.0,0.0,3.0,0.0,22.8,74,12.1,170,1010.6,100,100,0,100,0.0,0.0,41.7658,-72.6734,2024,8,31,20
2024-08-31 21:00:00,0.0,0.0,0.0,0.0,21.1,84,9.3,164,1011.4,100,4,26,100,0.0,0.0,41.7658,-72.6734,2024,8,31,21
2024-08-31 22:00:00,0.0,0.0,0.0,0.0,20.6,88,9.7,176,1011.3,100,82,10,99,0.0,0.0,41.7658,-72.6734,2024,8,31,22
2024-08-31 23:00:00,0.0,0.0,0.0,0.0,20.5,90,10.8,182,1010.9,100,1,100,99,0.0,0.0,41.7658,-72.6734,2024,8,31,23
2024-09-01 00:00:00,0.0,0.0,0.0,0.0,20.5,91,10.3,192,1010.6,100,17,100,100,0.0,0.0,41.7658,-72.6734,2024,9,1,0
2024-09-01 01:00:00,0.0,0.0,0.0,0.0,20.4,91,9.8,197,1010.3,100,100,12,99,0.0,0.0,41.7658,-72.6734,2024,9,1,1
2024-09-01 02:00:00,0.0,0.0,0.0,0.0,20.3,93,9.3,193,1009.8,100,100,6,99,0.0,0.0,41.7658,-72.6734,2024,9,1,2
2024-09-01 03:00:00,0.0,0.0,0.0,0.0,20.4,94,10.5,196,1009.7,100,69,15,100,0.0,0.0,41.7658,-72.6734,2024,9,1,3
2024-09-01 04:00:00,0.0,0.0,0.0,0.0,20.2,95,10.1,197,1009.3,100,96,6,100,0.0,0.0,41.7658,-72.6734,2024,9,1,4
2024-09-01 05:00:00,0.0,0.0,0.0,0.0,20.1,96,10.4,200,1009.0,100,43,17,100,0.1,0.0,41.7658,-72.6734,2024,9,1,5
2024-09-01 06:00:00,0.0,0.0,0.0,0.0,20.4,95,10.2,203,1008.7,100,44,34,100,0.4,0.0,41.7658,-72.6734,2024,9,1,6
2024-09-01 07:00:00,12.0,1.0,11.0,12.3,20.4,95,9.8,197,1008.8,100,92,26,100,0.5,0.0,41.7658,-72.6734,2024,9,1,7
2024-09-01 08:00:00,52.0,0.0,52.0,0.0,21.0,95,10.4,194,1008.9,100,100,32,100,0.3,0.0,41.7658,-72.6734,2024,9,1,8
2024-09-01 09:00:00,175.0,27.0,148.0,67.1,22.6,89,12.9,207,1009.0,99,96,29,62,0.1,213.01,41.7658,-72.6734,2024,9,1,9
2024-09-01 10:00:00,167.0,14.0,153.0,24.8,23.3,85,10.7,220,1008.6,100,98,65,39,0.2,0.0,41.7658,-72.6734,2024,9,1,10
2024-09-01 11:00:00,435.0,186.0,249.0,267.8,25.5,75,10.9,214,1007.9,100,100,4,99,0.0,3600.0,41.7658,-72.6734,2024,9,1,11
2024-09-01 12:00:00,400.0,84.0,316.0,107.2,26.2,72,12.9,203,1007.2,100,61,34,100,0.1,1416.75,41.7658,-72.6734,2024,9,1,12
2024-09-01 13:00:00,524.0,247.0,277.0,299.3,27.0,68,14.5,210,1006.8,69,14,21,55,0.1,3600.0,41.7658,-72.6734,2024,9,1,13
2024-09-01 14:00:00,568.0,314.0,254.0,384.4,27.8,66,15.0,210,1006.3,83,22,19,76,0.1,3600.0,41.7658,-72.6734,2024,9,1,14
2024-09-01 15:00:00,389.0,173.0,216.0,227.9,25.2,85,10.2,212,1006.0,60,24,46,10,11.2,3600.0,41.7658,-72.6734,2024,9,1,15
2024-09-01 16:00:00,498.0,347.0,151.0,529.0,25.2,85,13.6,192,1005.6,54,25,15,33,2.1,3600.0,41.7658,-72.6734,2024,9,1,16
2024-09-01 17:00:00,309.0,181.0,128.0,352.0,24.8,81,14.6,200,1005.2,19,9,12,0,0.9,3600.0,41.7658,-72.6734,2024,9,1,17
2024-09-01 18:00:00,249.0,170.0,79.0,494.8,25.0,85,14.2,201,1005.0,26,11,19,0,0.0,3600.0,41.7658,-72.6734,2024,9,1,18
2024-09-01 19:00:00,68.0,32.0,36.0,205.6,24.2,89,10.7,200,1004.9,21,12,16,0,0.0,3600.0,41.7658,-72.6734,2024,9,1,19
2024-09-01 20:00:00,3.0,1.0,2.0,19.1,22.9,93,10.1,197,1005.4,3,0,2,0,0.0,0.0,41.7658,-72.6734,2024,9,1,20
2024-09-01 21:00:00,0.0,0.0,0.0,0.0,22.0,97,10.8,210,1006.4,6,0,6,0,0.0,0.0,41.7658,-72.6734,2024,9,1,21
2024-09-01 22:00:00,0.0,0.0,0.0,0.0,21.4,98,8.9,212,1006.8,5,2,3,0,0.0,0.0,41.7658,-72.6734,2024,9,1,22
2024-09-01 23:00:00,0.0,0.0,0.0,0.0,20.8,98,5.9,218,1007.0,1,0,1,0,0.0,0.0,41.7658,-72.6734,2024,9,1,23
2024-09-02 00:00:00,0.0,0.0,0.0,0.0,20.4,98,6.9,264,1007.4,20,8,4,13,0.0,0.0,41.7658,-72.6734,2024,9,2,0
2024-09-02 01:00:00,0.0,0.0,0.0,0.0,20.5,85,11.3,329,1007.2,14,10,13,0,0.0,0.0,41.7658,-72.6734,2024,9,2,1
2024-09-02 02:00:00,0.0,0.0,0.0,0.0,19.0,84,5.9,346,1007.6,29,17,28,0,0.0,0.0,41.7658,-72.6734,2024,9,2,2
2024-09-02 03:00:00,0.0,0.0,0.0,0.0,19.2,81,7.1,345,1008.0,29,19,17,0,0.0,0.0,41.7658,-72.6734,2024,9,2,3
2024-09-02 04:00:00,0.0,0.0,0.0,0.0,18.7,83,7.8,338,1008.0,26,8,26,0,0.0,0.0,41.7658,-72.6734,2024,9,2,4
2024-09-02 05:00:00,0.0,0.0,0.0,0.0,18.0,86,9.3,324,1008.5,12,0,12,0,0.0,0.0,41.7658,-72.6734,2024,9,2,5
2024-09-02 06:00:00,0.0,0.0,0.0,0.0,17.4,91,10.1,343,1008.8,6,1,4,0,0.0,0.0,41.7658,-72.6734,2024,9,2,6
2024-09-02 07:00:00,18.0,8.0,10.0,100.7,17.6,92,10.1,360,1009.8,75,0,64,30,0.0,1365.81,41.7658,-72.6734,2024,9,2,7
2024-09-02 08:00:00,112.0,36.0,76.0,166.7,18.9,87,9.7,4,1010.5,76,0,35,63,0.0,3199.55,41.7658,-72.6734,2024,9,2,8
2024-09-02 09:00:00,300.0,188.0,112.0,470.7,20.2,71,13.8,7,1010.9,56,0,6,53,0.0,3600.0,41.7658,-72.6734,2024,9,2,9
2024-09-02 10:00:00,495.0,364.0,131.0,648.2,21.6,57,13.1,8,1011.7,96,0,0,96,0.0,3600.0,41.7658,-72.6734,2024,9,2,10
2024-09-02 11:00:00,652.0,518.0,134.0,749.2,22.9,47,12.6,2,1012.3,0,0,0,0,0.0,3600.0,41.7658,-72.6734,2024,9,2,11
2024-09-02 12:00:00,774.0,667.0,107.0,855.0,24.0,42,12.6,358,1012.2,9,4,8,0,0.0,3600.0,41.7658,-72.6734,2024,9,2,12
2024-09-02 13:00:00,787.0,660.0,127.0,803.3,24.9,38,12.1,343,1011.7,37,3,37,0,0.0,3600.0,41.7658,-72.6734,2024,9,2,13
2024-09-02 14:00:00,744.0,591.0,153.0,726.8,25.0,38,14.4,328,1011.6,14,0,14,0,0.0,3600.0,41.7658,-72.6734,2024,9,2,14
2024-09-02 15:00:00,664.0,500.0,164.0,662.2,24.7,37,16.0,316,1011.6,95,0,95,0,0.0,3600.0,41.7658,-72.6734,2024,9,2,15
2024-09-02 16:00:00,472.0,304.0,168.0,466.6,23.6,41,16.8,318,1011.8,11,0,11,0,0.0,3600.0,41.7658,-72.6734,2024,9,2,16
2024-09-02 17:00:00,394.0,293.0,101.0,575.2,23.1,41,14.9,328,1012.0,3,0,3,0,0.0,3600.0,41.7658,-72.6734,2024,9,2,17
2024-09-02 18:00:00,271.0,201.0,70.0,593.8,22.3,45,11.5,328,1012.4,1,0,1,0,0.0,3600.0,41.7658,-72.6734,2024,9,2,18
2024-09-02 19:00:00,101.0,63.0,38.0,418.8,20.1,51,12.2,326,1013.2,0,0,0,0,0.0,3600.0,41.7658,-72.6734,2024,9,2,19
2024-09-02 20:00:00,3.0,1.0,2.0,19.1,18.8,52,12.0,321,1014.2,0,0,0,0,0.0,0.0,41.7658,-72.6734,2024,9,2,20
2024-09-02 21:00:00,0.0,0.0,0.0,0.0,17.7,54,14.6,322,1016.0,0,0,0,0,0.0,0.0,41.7658,-72.6734,2024,9,2,21
2024-09-02 22:00:00,0.0,0.0,0.0,0.0,16.8,55,14.7,324,1016.9,0,0,0,0,0.0,0.0,41.7658,-72.6734,2024,9,2,22
2024-09-02 23:00:00,0.0,0.0,0.0,0.0,16.0,58,14.2,330,1017.7,0,0,0,0,0.0,0.0,41.7658,-72.6734,2024,9,2,23
2024-09-03 00:00:00,0.0,0.0,0.0,0.0,15.3,61,12.4,343,1018.4,0,0,0,0,0.0,0.0,41.7658,-72.6734,2024,9,3,0
2024-09-03 01:00:00,0.0,0.0,0.0,0.0,14.3,64,9.5,351,1019.0,0,0,0,0,0.0,0.0,41.7658,-72.6734,2024,9,3,1
2024-09-03 02:00:00,0.0,0.0,0.0,0.0,13.1,70,8.2,345,1019.5,0,0,0,0,0.0,0.0,41.7658,-72.6734,2024,9,3,2
2024-09-03 03:00:00,0.0,0.0,0.0,0.0,12.5,74,7.2,342,1019.8,0,0,0,0,0.0,0.0,41.7658,-72.6734,2024,9,3,3
2024-09-03 04:00:00,0.0,0.0,0.0,0.0,12.2,76,8.2,345,1020.0,0,0,0,0,0.0,0.0,41.7658,-72.6734,2024,9,3,4
2024-09-03 05:00:00,0.0,0.0,0.0,0.0,11.8,80,4.6,342,1020.3,0,0,0,0,0.0,0.0,41.7658,-72.6734,2024,9,3,5
2024-09-03 06:00:00,0.0,0.0,0.0,0.0,11.2,85,5.3,332,1020.9,0,0,0,0,0.0,0.0,41.7658,-72.6734,2024,9,3,6
2024-09-03 07:00:00,19.0,9.0,10.0,115.5,12.0,80,5.5,328,1021.5,0,0,0,0,0.0,1704.21,41.7658,-72.6734,2024,9,3,7
2024-09-03 08:00:00,161.0,112.0,49.0,526.0,13.6,72,3.2,333,1022.2,0,0,0,0,0.0,3600.0,41.7658,-72.6734,2024,9,3,8
2024-09-03 09:00:00,352.0,282.0,70.0,711.5,15.7,63,4.0,360,1023.0,0,0,0,0,0.0,3600.0,41.7658,-72.6734,2024,9,3,9
2024-09-03 10:00:00,536.0,452.0,84.0,809.3,17.9,52,5.4,356,1023.2,0,0,0,0,0.0,3600.0,41.7658,-72.6734,2024,9,3,10
2024-09-03 11:00:00,687.0,596.0,91.0,866.0,19.6,40,7.2,360,1023.3,0,0,0,0,0.0,3600.0,41.7658,-72.6734,2024,9,3,11
2024-09-03 12:00:00,790.0,694.0,96.0,893.4,20.6,38,5.4,360,1022.9,0,0,0,0,0.0,3600.0,41.7658,-72.6734,2024,9,3,12
2024-09-03 13:00:00,837.0,739.0,98.0,903.3,21.4,37,4.0,360,1022.4,0,0,0,0,0.0,3600.0,41.7658,-72.6734,2024,9,3,13
2024-09-03 14:00:00,825.0,727.0,98.0,898.3,22.0,36,3.3,354,1021.9,0,0,0,0,0.0,3600.0,41.7658,-72.6734,2024,9,3,14
2024-09-03 15:00:00,755.0,661.0,94.0,880.2,22.4,36,1.8,307,1021.7,0,0,0,0,0.0,3600.0,41.7658,-72.6734,2024,9,3,15
2024-09-03 16:00:00,632.0,544.0,88.0,840.8,22.5,36,2.6,286,1021.4,0,0,0,0,0.0,3600.0,41.7658,-72.6734,2024,9,3,16
2024-09-03 17:00:00,467.0,388.0,79.0,768.9,22.4,37,4.1,322,1021.3,0,0,0,0,0.0,3600.0,41.7658,-72.6734,2024,9,3,17
2024-09-03 18:00:00,278.0,214.0,64.0,641.7,21.7,42,5.5,337,1021.5,2,2,0,0,0.0,3600.0,41.7658,-72.6734,2024,9,3,18
2024-09-03 19:00:00,96.0,60.0,36.0,413.3,19.7,56,6.0,343,1021.7,0,0,0,0,0.0,3600.0,41.7658,-72.6734,2024,9,3,19
2024-09-03 20:00:00,3.0,1.0,2.0,19.1,17.4,72,4.7,302,1022.2,0,0,0,0,0.0,0.0,41.7658,-72.6734,2024,9,3,20
2024-09-03 21:00:00,0.0,0.0,0.0,0.0,16.2,73,5.4,290,1023.2,0,0,0,0,0.0,0.0,41.7658,-72.6734,2024,9,3,21
2024-09-03 22:00:00,0.0,0.0,0.0,0.0,14.9,83,7.2,276,1023.7,0,0,0,0,0.0,0.0,41.7658,-72.6734,2024,9,3,22
2024-09-03 23:00:00,0.0,0.0,0.0,0.0,15.1,79,4.5,256,1024.0,0,0,0,0,0.0,0.0,41.7658,-72.6734,2024,9,3,23
2024-09-04 00:00:00,0.0,0.0,0.0,0.0,14.5,83,3.6,264,1024.5,0,0,0,0,0.0,0.0,41.7658,-72.6734,2024,9,4,0
2024-09-04 01:00:00,0.0,0.0,0.0,0.0,13.2,90,4.5,284,1024.7,0,0,0,0,0.0,0.0,41.7658,-72.6734,2024,9,4,1
2024-09-04 02:00:00,0.0,0.0,0.0,0.0,12.4,94,5.4,307,1024.5,0,0,0,0,0.0,0.0,41.7658,-72.6734,2024,9,4,2
2024-09-04 03:00:00,0.0,0.0,0.0,0.0,12.0,98,4.3,318,1024.5,6,6,0,0,0.0,0.0,41.7658,-72.6734,2024,9,4,3
2024-09-04 04:00:00,0.0,0.0,0.0,0.0,11.5,100,3.3,311,1024.7,100,100,0,0,0.0,0.0,41.7658,-72.6734,2024,9,4,4
2024-09-04 05:00:00,0.0,0.0,0.0,0.0,11.7,100,3.6,360,1025.0,100,100,0,0,0.0,0.0,41.7658,-72.6734,2024,9,4,5
2024-09-04 06:00:00,0.0,0.0,0.0,0.0,11.3,100,4.7,9,1025.6,100,100,0,0,0.0,0.0,41.7658,-72.6734,2024,9,4,6
2024-09-04 07:00:00,14.0,5.0,9.0,65.5,11.2,99,4.5,14,1026.1,100,100,0,0,0.0,490.38,41.7658,-72.6734,2024,9,4,7
2024-09-04 08:00:00,118.0,50.0,68.0,238.3,12.4,95,3.7,11,1026.8,32,32,0,0,0.0,3600.0,41.7658,-72.6734,2024,9,4,8
2024-09-04 09:00:00,327.0,242.0,85.0,615.3,15.6,81,3.7,11,1027.5,0,0,0,0,0.0,3600.0,41.7658,-72.6734,2024,9,4,9
2024-09-04 10:00:00,515.0,430.0,85.0,774.2,18.8,69,3.6,6,1027.5,0,0,0,0,0.0,3600.0,41.7658,-72.6734,2024,9,4,10
2024-09-04 11:00:00,662.0,570.0,92.0,832.0,21.7,53,3.7,11,1027.6,0,0,0,0,0.0,3600.0,41.7658,-72.6734,2024,9,4,11
2024-09-04 12:00:00,764.0,666.0,98.0,861.1,23.6,45,2.1,31,1027.4,0,0,0,0,0.0,3600.0,41.7658,-72.6734,2024,9,4,12
2024-09-04 13:00:00,810.0,710.0,100.0,871.7,24.7,44,1.5,45,1026.9,0,0,0,0,0.0,3600.0,41.7658,-72.6734,2024,9,4,13
2024-09-04 14:00:00,797.0,697.0,100.0,865.4,25.5,43,0.7,90,1026.5,2,2,0,0,0.0,3600.0,41.7658,-72.6734,2024,9,4,14
2024-09-04 15:00:00,726.0,627.0,99.0,839.7,26.2,41,1.5,166,1025.9,4,4,0,0,0.0,3600.0,41.7658,-72.6734,2024,9,4,15
2024-09-04 16:00:00,597.0,483.0,114.0,751.7,26.4,38,3.3,167,1025.4,0,0,0,0,0.0,3600.0,41.7658,-72.6734,2024,9,4,16
2024-09-04 17:00:00,441.0,343.0,98.0,686.2,26.4,38,2.0,135,1025.1,43,1,43,0,0.0,3600.0,41.7658,-72.6734,2024,9,4,17
2024-09-04 18:00:00,210.0,102.0,108.0,310.6,24.7,45,9.4,173,1024.9,2,2,1,0,0.0,3600.0,41.7658,-72.6734,2024,9,4,18
2024-09-04 19:00:00,87.0,52.0,35.0,371.8,20.6,51,12.6,180,1025.5,1,0,1,0,0.0,3600.0,41.7658,-72.6734,2024,9,4,19
2024-09-04 20:00:00,2.0,0.0,2.0,0.0,18.6,61,6.8,180,1025.6,0,0,0,0,0.0,0.0,41.7658,-72.6734,2024,9,4,20
2024-09-04 21:00:00,0.0,0.0,0.0,0.0,17.2,75,5.1,188,1026.1,0,0,0,0,0.0,0.0,41.7658,-72.6734,2024,9,4,21
2024-09-04 22:00:00,0.0,0.0,0.0,0.0,16.3,82,5.8,173,1026.4,0,0,0,0,0.0,0.0,41.7658,-72.6734,2024,9,4,22
2024-09-04 23:00:00,0.0,0.0,0.0,0.0,16.2,78,5.1,184,1026.6,0,0,0,0,0.0,0.0,41.7658,-72.6734,2024,9,4,23
2024-09-05 00:00:00,0.0,0.0,0.0,0.0,15.9,79,4.3,222,1026.5,0,0,0,0,0.0,0.0,41.7658,-72.6734,2024,9,5,0
2024-09-05 01:00:00,0.0,0.0,0.0,0.0,15.0,86,4.3,222,1026.5,0,0,0,0,0.0,0.0,41.7658,-72.6734,2024,9,5,1
2024-09-05 02:00:00,0.0,0.0,0.0,0.0,13.8,93,5.2,214,1026.5,0,0,0,0,0.0,0.0,41.7658,-72.6734,2024,9,5,2
2024-09-05 03:00:00,0.0,0.0,0.0,0.0,13.1,96,5.7,198,1026.5,0,0,0,0,0.0,0.0,41.7658,-72.6734,2024,9,5,3
2024-09-05 04:00:00,0.0,0.0,0.0,0.0,13.4,96,4.7,176,1026.5,0,0,0,0,0.0,0.0,41.7658,-72.6734,2024,9,5,4
2024-09-05 05:00:00,0.0,0.0,0.0,0.0,13.3,98,2.4,117,1026.5,0,0,0,0,0.0,0.0,41.7658,-72.6734,2024,9,5,5
2024-09-05 06:00:00,0.0,0.0,0.0,0.0,12.1,100,1.6,63,1026.5,98,98,0,0,0.0,0.0,41.7658,-72.6734,2024,9,5,6
2024-09-05 07:00:00,15.0,6.0,9.0,80.2,12.2,100,3.3,41,1026.6,99,99,0,0,0.0,829.37,41.7658,-72.6734,2024,9,5,7
2024-09-05 08:00:00,125.0,62.0,63.0,300.0,14.1,96,3.3,13,1026.4,62,62,0,0,0.0,3600.0,41.7658,-72.6734,2024,9,5,8
2024-09-05 09:00:00,313.0,215.0,98.0,551.0,16.5,81,4.5,14,1026.5,0,0,0,0,0.0,3600.0,41.7658,-72.6734,2024,9,5,9
2024-09-05 10:00:00,512.0,424.0,88.0,767.7,19.7,61,4.5,29,1026.2,0,0,0,0,0.0,3600.0,41.7658,-72.6734,2024,9,5,10
2024-09-05 11:00:00,663.0,572.0,91.0,838.9,22.0,48,3.9,68,1025.7,0,0,0,0,0.0,3600.0,41.7658,-72.6734,2024,9,5,11
2024-09-05 12:00:00,765.0,669.0,96.0,868.8,23.6,43,5.2,102,1025.0,0,0,0,0,0.0,3600.0,41.7658,-72.6734,2024,9,5,12
2024-09-05 13:00:00,812.0,714.0,98.0,880.6,24.9,39,6.3,114,1024.4,0,0,0,0,0.0,3600.0,41.7658,-72.6734,2024,9,5,13
2024-09-05 14:00:00,802.0,705.0,97.0,879.7,25.6,37,8.1,122,1023.7,0,0,0,0,0.0,3600.0,41.7658,-72.6734,2024,9,5,14
2024-09-05 15:00:00,733.0,639.0,94.0,860.6,25.9,37,8.5,126,1022.9,0,0,0,0,0.0,3600.0,41.7658,-72.6734,2024,9,5,15
2024-09-05 16:00:00,612.0,525.0,87.0,822.9,25.9,36,8.9,133,1022.4,0,0,0,0,0.0,3600.0,41.7658,-72.6734,2024,9,5,16
2024-09-05 17:00:00,451.0,373.0,78.0,753.6,25.3,37,9.4,133,1022.0,0,0,0,0,0.0,3600.0,41.7658,-72.6734,2024,9,5,17
2024-09-05 18:00:00,266.0,203.0,63.0,628.0,23.7,46,7.6,135,1021.6,0,0,0,0,0.0,3600.0,41.7658,-72.6734,2024,9,5,18
2024-09-05 19:00:00,87.0,55.0,32.0,407.4,20.5,58,10.0,154,1021.8,0,0,0,0,0.0,3600.0,41.7658,-72.6734,2024,9,5,19
2024-09-05 20:00:00,2.0,0.0,2.0,0.0,18.1,68,8.8,161,1022.1,0,0,0,0,0.0,0.0,41.7658,-72.6734,2024,9,5,20
2024-09-05 21:00:00,0.0,0.0,0.0,0.0,16.9,75,6.2,170,1022.2,0,0,0,0,0.0,0.0,41.7658,-72.6734,2024,9,5,21
2024-09-05 22:00:00,0.0,0.0,0.0,0.0,15.8,85,4.7,157,1021.9,0,0,0,0,0.0,0.0,41.7658,-72.6734,2024,9,5,22
2024-09-05 23:00:00,0.0,0.0,0.0,0.0,14.9,88,5.8,120,1021.4,0,0,0,0,0.0,0.0,41.7658,-72.6734,2024,9,5,23
2024-09-06 00:00:00,0.0,0.0,0.0,0.0,14.2,90,7.2,87,1020.8,0,0,0,0,0.0,0.0,41.7658,-72.6734,2024,9,6,0
2024-09-06 01:00:00,0.0,0.0,0.0,0.0,14.2,89,3.7,11,1020.5,0,0,0,0,0.0,0.0,41.7658,-72.6734,2024,9,6,1
2024-09-06 02:00:00,0.0,0.0,0.0,0.0,13.6,94,6.6,13,1019.9,0,0,0,0,0.0,0.0,41.7658,-72.6734,2024,9,6,2
2024-09-06 03:00:00,0.0,0.0,0.0,0.0,13.2,96,7.4,14,1019.3,3,3,0,0,0.0,0.0,41.7658,-72.6734,2024,9,6,3
2024-09-06 04:00:00,0.0,0.0,0.0,0.0,12.7,97,8.6,2,1018.9,2,2,0,0,0.0,0.0,41.7658,-72.6734,2024,9,6,4
2024-09-06 05:00:00,0.0,0.0,0.0,0.0,12.4,97,7.9,16,1019.2,7,7,0,0,0.0,0.0,41.7658,-72.6734,2024,9,6,5
2024-09-06 06:00:00,0.0,0.0,0.0,0.0,12.3,97,8.3,355,1018.7,60,60,0,0,0.0,0.0,41.7658,-72.6734,2024,9,6,6
2024-09-06 07:00:00,13.0,5.0,8.0,68.3,12.6,96,9.6,347,1018.4,100,100,0,0,0.0,548.41,41.7658,-72.6734,2024,9,6,7
2024-09-06 08:00:00,62.0,4.0,58.0,19.7,14.4,88,8.0,342,1018.4,100,100,0,0,0.0,0.0,41.7658,-72.6734,2024,9,6,8
2024-09-06 09:00:00,246.0,103.0,143.0,266.1,17.0,83,8.1,13,1018.4,79,79,0,0,0.0,3600.0,41.7658,-72.6734,2024,9,6,9
2024-09-06 10:00:00,420.0,261.0,159.0,475.3,19.7,77,8.8,35,1017.8,94,94,0,0,0.0,3600.0,41.7658,-72.6734,2024,9,6,10
2024-09-06 11:00:00,544.0,326.0,218.0,480.4,22.7,67,7.1,66,1016.8,86,86,0,0,0.0,3600.0,41.7658,-72.6734,2024,9,6,11
2024-09-06 12:00:00,558.0,290.0,268.0,378.3,24.0,63,6.9,81,1015.9,58,58,0,0,0.0,3600.0,41.7658,-72.6734,2024,9,6,12
2024-09-06 13:00:00,517.0,187.0,330.0,231.7,25.1,57,4.7,86,1015.1,50,50,0,0,0.0,3600.0,41.7658,-72.6734,2024,9,6,13
2024-09-06 14:00:00,512.0,212.0,300.0,265.8,26.0,53,1.8,79,1014.6,40,39,4,0,0.0,3600.0,41.7658,-72.6734,2024,9,6,14
2024-09-06 15:00:00,498.0,249.0,249.0,337.3,26.3,51,3.1,36,1013.9,29,18,15,0,0.0,3600.0,41.7658,-72.6734,2024,9,6,15
2024-09-06 16:00:00,436.0,237.0,199.0,374.2,26.2,51,5.6,63,1013.1,9,9,1,0,0.0,3600.0,41.7658,-72.6734,2024,9,6,16
2024-09-06 17:00:00,343.0,203.0,140.0,414.2,25.7,52,8.2,75,1012.3,17,17,0,0,0.0,3600.0,41.7658,-72.6734,2024,9,6,17
2024-09-06 18:00:00,216.0,132.0,84.0,414.9,24.6,58,9.3,74,1011.9,11,11,1,0,0.0,3600.0,41.7658,-72.6734,2024,9,6,18
2024-09-06 19:00:00,75.0,41.0,34.0,309.7,22.3,66,10.1,86,1012.1,26,26,3,0,0.0,3600.0,41.7658,-72.6734,2024,9,6,19
2024-09-06 20:00:00,1.0,0.0,1.0,0.0,21.1,69,10.9,99,1012.3,45,44,6,0,0.0,0.0,41.7658,-72.6734,2024,9,6,20
2024-09-06 21:00:00,0.0,0.0,0.0,0.0,19.6,79,9.7,92,1012.2,46,46,0,0,0.0,0.0,41.7658,-72.6734,2024,9,6,21
2024-09-06 22:00:00,0.0,0.0,0.0,0.0,18.5,82,7.3,99,1012.0,22,22,0,0,0.0,0.0,41.7658,-72.6734,2024,9,6,22
2024-09-06 23:00:00,0.0,0.0,0.0,0.0,17.3,90,4.9,73,1011.9,6,6,0,0,0.0,0.0,41.7658,-72.6734,2024,9,6,23
2024-09-07 00:00:00,0.0,0.0,0.0,0.0,17.0,90,5.2,56,1011.6,18,18,0,0,0.0,0.0,41.7658,-72.6734,2024,9,7,0
2024-09-07 01:00:00,0.0,0.0,0.0,0.0,16.6,93,2.9,30,1011.5,100,100,0,0,0.0,0.0,41.7658,-72.6734,2024,9,7,1
2024-09-07 02:00:00,0.0,0.0,0.0,0.0,16.2,96,5.9,11,1011.2,100,100,0,0,0.0,0.0,41.7658,-72.6734,2024,9,7,2
2024-09-07 03:00:00,0.0,0.0,0.0,0.0,16.1,96,5.7,35,1010.6,100,100,0,2,0.0,0.0,41.7658,-72.6734,2024,9,7,3
2024-09-07 04:00:00,0.0,0.0,0.0,0.0,16.2,94,4.8,42,1010.1,100,99,0,32,0.0,0.0,41.7658,-72.6734,2024,9,7,4
2024-09-07 05:00:00,0.0,0.0,0.0,0.0,16.1,93,5.3,62,1010.0,100,90,0,98,0.0,0.0,41.7658,-72.6734,2024,9,7,5
2024-09-07 06:00:00,0.0,0.0,0.0,0.0,15.7,94,4.4,35,1009.9,99,86,0,94,0.0,0.0,41.7658,-72.6734,2024,9,7,6
2024-09-07 07:00:00,9.0,1.0,8.0,14.0,15.7,93,5.3,28,1009.4,100,97,0,95,0.0,0.0,41.7658,-72.6734,2024,9,7,7
2024-09-07 08:00:00,80.0,17.0,63.0,84.8,16.5,89,4.1,45,1009.2,96,86,0,73,0.0,745.36,41.7658,-72.6734,2024,9,7,8
2024-09-07 09:00:00,251.0,98.0,153.0,255.2,18.6,81,1.1,108,1008.7,100,69,1,100,0.0,3600.0,41.7658,-72.6734,2024,9,7,9
2024-09-07 10:00:00,393.0,210.0,183.0,384.6,20.3,73,1.5,135,1008.2,96,28,2,94,0.0,3600.0,41.7658,-72.6734,2024,9,7,10
2024-09-07 11:00:00,594.0,424.0,170.0,627.9,22.5,63,8.0,175,1007.8,99,82,7,94,0.0,3600.0,41.7658,-72.6734,2024,9,7,11
2024-09-07 12:00:00,464.0,181.0,283.0,237.2,23.5,57,10.2,190,1006.8,100,100,3,100,0.0,3600.0,41.7658,-72.6734,2024,9,7,12
2024-09-07 13:00:00,304.0,22.0,282.0,27.4,23.6,57,14.8,194,1006.2,100,98,71,100,0.0,0.0,41.7658,-72.6734,2024,9,7,13
2024-09-07 14:00:00,292.0,27.0,265.0,34.0,23.2,59,17.8,187,1005.8,100,79,39,100,0.0,0.0,41.7658,-72.6734,2024,9,7,14
2024-09-07 15:00:00,353.0,50.0,303.0,68.1,23.3,61,19.5,182,1004.8,100,100,8,100,0.0,243.92,41.7658,-72.6734,2024,9,7,15
2024-09-07 16:00:00,286.0,46.0,240.0,73.2,22.5,64,18.4,182,1004.5,98,69,8,95,0.0,394.87,41.7658,-72.6734,2024,9,7,16
2024-09-07 17:00:00,203.0,40.0,163.0,82.4,22.3,66,19.8,181,1004.0,100,100,40,86,0.0,673.28,41.7658,-72.6734,2024,9,7,17
2024-09-07 18:00:00,63.0,0.0,63.0,0.0,20.6,78,16.2,181,1003.8,100,100,100,89,0.5,0.0,41.7658,-72.6734,2024,9,7,18
2024-09-07 19:00:00,14.0,0.0,14.0,0.0,19.1,95,15.0,224,1004.1,100,96,100,66,2.7,0.0,41.7658,-72.6734,2024,9,7,19
2024-09-07 20:00:00,0.0,0.0,0.0,0.0,17.3,87,14.3,313,1004.9,100,72,100,0,0.4,0.0,41.7658,-72.6734,2024,9,7,20
2024-09-07 21:00:00,0.0,0.0,0.0,0.0,14.4,86,7.2,3,1006.4,100,0,100,0,0.0,0.0,41.7658,-72.6734,2024,9,7,21
2024-09-07 22:00:00,0.0,0.0,0.0,0.0,14.3,87,4.8,318,1006.8,98,0,98,0,0.0,0.0,41.7658,-72.6734,2024,9,7,22
2024-09-07 23:00:00,0.0,0.0,0.0,0.0,14.5,88,4.7,270,1007.1,22,0,22,0,0.0,0.0,41.7658,-72.6734,2024,9,7,23
2024-09-08 00:00:00,0.0,0.0,0.0,0.0,13.8,92,4.7,261,1007.5,1,0,1,0,0.0,0.0,41.7658,-72.6734,2024,9,8,0
2024-09-08 01:00:00,0.0,0.0,0.0,0.0,13.1,93,5.8,277,1007.7,1,0,1,0,0.0,0.0,41.7658,-72.6734,2024,9,8,1
2024-09-08 02:00:00,0.0,0.0,0.0,0.0,12.2,95,5.1,278,1007.8,1,1,0,0,0.0,0.0,41.7658,-72.6734,2024,9,8,2
2024-09-08 03:00:00,0.0,0.0,0.0,0.0,12.0,95,5.4,278,1008.0,0,0,0,0,0.0,0.0,41.7658,-72.6734,2024,9,8,3
2024-09-08 04:00:00,0.0,0.0,0.0,0.0,11.5,95,5.4,307,1008.0,0,0,0,0,0.0,0.0,41.7658,-72.6734,2024,9,8,4
2024-09-08 05:00:00,0.0,0.0,0.0,0.0,11.1,94,5.6,315,1008.0,0,0,0,0,0.0,0.0,41.7658,-72.6734,2024,9,8,5
2024-09-08 06:00:00,0.0,0.0,0.0,0.0,11.0,93,6.5,304,1008.5,0,0,0,0,0.0,0.0,41.7658,-72.6734,2024,9,8,6
2024-09-08 07:00:00,14.0,6.0,8.0,85.7,11.0,92,5.4,278,1009.4,0,0,0,0,0.0,915.93,41.7658,-72.6734,2024,9,8,7
2024-09-08 08:00:00,145.0,99.0,46.0,502.0,12.7,83,7.2,270,1009.9,0,0,0,0,0.0,3600.0,41.7658,-72.6734,2024,9,8,8
2024-09-08 09:00:00,335.0,265.0,70.0,695.8,14.4,74,7.3,290,1010.2,0,0,0,0,0.0,3600.0,41.7658,-72.6734,2024,9,8,9
2024-09-08 10:00:00,514.0,429.0,85.0,790.3,15.7,62,11.9,295,1010.4,5,5,0,0,0.0,3600.0,41.7658,-72.6734,2024,9,8,10
2024-09-08 11:00:00,656.0,549.0,107.0,817.0,16.8,54,10.6,280,1010.4,7,7,0,0,0.0,3600.0,41.7658,-72.6734,2024,9,8,11
2024-09-08 12:00:00,762.0,655.0,107.0,862.3,17.9,49,13.3,289,1010.5,20,20,0,0,0.0,3600.0,41.7658,-72.6734,2024,9,8,12
2024-09-08 13:00:00,799.0,679.0,120.0,849.1,18.8,45,15.0,280,1010.4,9,8,7,0,0.0,3600.0,41.7658,-72.6734,2024,9,8,13
2024-09-08 14:00:00,751.0,592.0,159.0,749.9,19.5,39,15.4,281,1010.1,25,1,25,0,0.0,3600.0,41.7658,-72.6734,2024,9,8,14
2024-09-08 15:00:00,671.0,523.0,148.0,716.9,20.4,33,18.5,283,1009.7,92,0,92,0,0.0,3600.0,41.7658,-72.6734,2024,9,8,15
2024-09-08 16:00:00,519.0,356.0,163.0,570.4,21.1,29,19.7,285,1009.1,15,0,15,0,0.0,3600.0,41.7658,-72.6734,2024,9,8,16
2024-09-08 17:00:00,345.0,206.0,139.0,428.9,20.5,31,15.5,295,1009.2,56,0,56,0,0.0,3600.0,41.7658,-72.6734,2024,9,8,17
2024-09-08 18:00:00,194.0,91.0,103.0,295.6,19.1,37,13.5,299,1009.6,5,0,5,0,0.0,3600.0,41.7658,-72.6734,2024,9,8,18
2024-09-08 19:00:00,75.0,46.0,29.0,361.8,16.6,51,6.5,273,1010.3,0,0,0,0,0.0,3600.0,41.7658,-72.6734,2024,9,8,19
2024-09-08 20:00:00,0.0,0.0,0.0,0.0,15.1,56,8.6,270,1011.1,0,0,0,0,0.0,0.0,41.7658,-72.6734,2024,9,8,20
2024-09-08 21:00:00,0.0,0.0,0.0,0.0,13.5,68,8.0,234,1012.1,0,0,0,0,0.0,0.0,41.7658,-72.6734,2024,9,8,21
2024-09-08 22:00:00,0.0,0.0,0.0,0.0,12.5,73,8.7,228,1012.2,0,0,0,0,0.0,0.0,41.7658,-72.6734,2024,9,8,22
2024-09-08 23:00:00,0.0,0.0,0.0,0.0,12.4,70,10.0,240,1012.5,0,0,0,0,0.0,0.0,41.7658,-72.6734,2024,9,8,23
2024-09-09 00:00:00,0.0,0.0,0.0,0.0,12.6,64,9.7,248,1013.1,0,0,0,0,0.0,0.0,41.7658,-72.6734,2024,9,9,0
2024-09-09 01:00:00,0.0,0.0,0.0,0.0,12.4,64,9.5,241,1013.5,0,0,0,0,0.0,0.0,41.7658,-72.6734,2024,9,9,1
2024-09-09 02:00:00,0.0,0.0,0.0,0.0,12.2,65,9.8,242,1013.8,0,0,0,0,0.0,0.0,41.7658,-72.6734,2024,9,9,2
2024-09-09 03:00:00,0.0,0.0,0.0,0.0,12.0,66,9.1,236,1013.5,0,0,0,0,0.0,0.0,41.7658,-72.6734,2024,9,9,3
2024-09-09 04:00:00,0.0,0.0,0.0,0.0,11.7,69,8.2,229,1013.6,0,0,0,0,0.0,0.0,41.7658,-72.6734,2024,9,9,4
2024-09-09 05:00:00,0.0,0.0,0.0,0.0,11.5,70,8.7,225,1013.8,2,0,0,2,0.0,0.0,41.7658,-72.6734,2024,9,9,5
2024-09-09 06:00:00,0.0,0.0,0.0,0.0,11.1,73,8.7,218,1013.9,1,0,0,1,0.0,0.0,41.7658,-72.6734,2024,9,9,6
2024-09-09 07:00:00,12.0,6.0,6.0,87.7,11.0,75,7.7,208,1014.6,1,0,0,1,0.0,944.97,41.7658,-72.6734,2024,9,9,7
2024-09-09 08:00:00,142.0,97.0,45.0,500.0,13.0,71,6.3,193,1014.9,0,0,0,0,0.0,3600.0,41.7658,-72.6734,2024,9,9,8
2024-09-09 09:00:00,329.0,260.0,69.0,688.4,15.6,65,5.2,214,1015.0,0,0,0,0,0.0,3600.0,41.7658,-72.6734,2024,9,9,9
2024-09-09 10:00:00,503.0,419.0,84.0,776.5,18.4,56,6.5,214,1014.8,16,6,1,11,0.0,3600.0,41.7658,-72.6734,2024,9,9,10
2024-09-09 11:00:00,634.0,526.0,108.0,786.7,20.4,49,9.7,231,1014.4,19,0,6,14,0.0,3600.0,41.7658,-72.6734,2024,9,9,11
2024-09-09 12:00:00,744.0,635.0,109.0,839.9,22.2,44,14.9,278,1013.7,35,32,22,0,0.0,3600.0,41.7658,-72.6734,2024,9,9,12
2024-09-09 13:00:00,686.0,527.0,159.0,662.2,23.2,41,16.2,282,1013.0,64,0,57,16,0.0,3600.0,41.7658,-72.6734,2024,9,9,13
2024-09-09 14:00:00,617.0,415.0,202.0,528.4,23.3,41,14.4,271,1012.4,52,10,46,7,0.0,3600.0,41.7658,-72.6734,2024,9,9,14
2024-09-09 15:00:00,546.0,375.0,171.0,517.1,23.4,42,13.8,264,1011.9,32,4,28,3,0.0,3600.0,41.7658,-72.6734,2024,9,9,15
2024-09-09 16:00:00,472.0,344.0,128.0,555.4,23.2,43,14.8,270,1011.5,26,1,23,4,0.0,3600.0,41.7658,-72.6734,2024,9,9,16
2024-09-09 17:00:00,363.0,266.0,97.0,559.6,22.9,44,13.3,272,1011.3,22,0,21,2,0.0,3600.0,41.7658,-72.6734,2024,9,9,17
2024-09-09 18:00:00,213.0,145.0,68.0,479.1,22.0,50,7.3,250,1011.1,18,0,8,10,0.0,3600.0,41.7658,-72.6734,2024,9,9,18
2024-09-09 19:00:00,65.0,36.0,29.0,289.1,19.7,58,8.4,205,1011.2,7,0,7,0,0.0,3600.0,41.7658,-72.6734,2024,9,9,19
2024-09-09 20:00:00,0.0,0.0,0.0,0.0,18.1,60,9.9,224,1011.5,14,0,14,0,0.0,0.0,41.7658,-72.6734,2024,9,9,20
2024-09-09 21:00:00,0.0,0.0,0.0,0.0,17.1,66,10.3,209,1012.7,22,0,21,1,0.0,0.0,41.7658,-72.6734,2024,9,9,21
2024-09-09 22:00:00,0.0,0.0,0.0,0.0,16.6,69,12.9,207,1012.8,7,0,5,2,0.0,0.0,41.7658,-72.6734,2024,9,9,22
2024-09-09 23:00:00,0.0,0.0,0.0,0.0,15.8,75,10.5,221,1012.9,29,0,3,26,0.0,0.0,41.7658,-72.6734,2024,9,9,23
2024-09-10 00:00:00,0.0,0.0,0.0,0.0,15.1,75,8.4,223,1012.7,84,0,3,84,0.0,0.0,41.7658,-72.6734,2024,9,10,0
2024-09-10 01:00:00,0.0,0.0,0.0,0.0,14.9,75,7.3,213,1012.7,43,0,4,40,0.0,0.0,41.7658,-72.6734,2024,9,10,1
2024-09-10 02:00:00,0.0,0.0,0.0,0.0,14.7,75,8.2,218,1012.6,15,0,13,2,0.0,0.0,41.7658,-72.6734,2024,9,10,2
2024-09-10 03:00:00,0.0,0.0,0.0,0.0,14.6,76,7.3,213,1012.5,15,8,13,0,0.0,0.0,41.7658,-72.6734,2024,9,10,3
2024-09-10 04:00:00,0.0,0.0,0.0,0.0,14.2,81,4.3,222,1012.5,19,16,16,0,0.0,0.0,41.7658,-72.6734,2024,9,10,4
2024-09-10 05:00:00,0.0,0.0,0.0,0.0,13.6,85,6.0,253,1012.6,14,14,1,0,0.0,0.0,41.7658,-72.6734,2024,9,10,5
2024-09-10 06:00:00,0.0,0.0,0.0,0.0,13.1,88,6.6,292,1013.1,15,15,0,0,0.0,0.0,41.7658,-72.6734,2024,9,10,6
2024-09-10 07:00:00,10.0,4.0,6.0,59.8,13.8,85,5.6,315,1013.5,4,4,0,0,0.0,356.75,41.7658,-72.6734,2024,9,10,7
2024-09-10 08:00:00,132.0,85.0,47.0,445.5,15.6,81,5.7,325,1014.1,3,3,0,0,0.0,3600.0,41.7658,-72.6734,2024,9,10,8
2024-09-10 09:00:00,313.0,239.0,74.0,638.2,18.4,73,11.4,332,1014.6,21,21,0,0,0.0,3600.0,41.7658,-72.6734,2024,9,10,9
2024-09-10 10:00:00,477.0,372.0,105.0,693.6,19.9,66,8.9,333,1014.9,1,1,0,0,0.0,3600.0,41.7658,-72.6734,2024,9,10,10
2024-09-10 11:00:00,640.0,544.0,96.0,817.7,21.3,59,8.8,325,1014.6,11,7,0,5,0.0,3600.0,41.7658,-72.6734,2024,9,10,11
2024-09-10 12:00:00,724.0,603.0,121.0,801.4,22.4,51,9.4,320,1014.3,12,5,0,8,0.0,3600.0,41.7658,-72.6734,2024,9,10,12
2024-09-10 13:00:00,790.0,682.0,108.0,861.1,23.4,42,10.4,314,1014.1,7,0,0,6,0.0,3600.0,41.7658,-72.6734,2024,9,10,13
2024-09-10 14:00:00,790.0,695.0,95.0,889.7,23.9,35,11.7,315,1013.8,0,0,0,0,0.0,3600.0,41.7658,-72.6734,2024,9,10,14
2024-09-10 15:00:00,723.0,634.0,89.0,879.7,24.0,33,11.7,315,1013.6,0,0,0,0,0.0,3600.0,41.7658,-72.6734,2024,9,10,15
2024-09-10 16:00:00,600.0,517.0,83.0,841.1,23.8,32,11.7,313,1013.4,0,0,0,0,0.0,3600.0,41.7658,-72.6734,2024,9,10,16
2024-09-10 17:00:00,435.0,362.0,73.0,769.8,23.1,34,12.0,316,1013.7,0,0,0,0,0.0,3600.0,41.7658,-72.6734,2024,9,10,17
2024-09-10 18:00:00,246.0,188.0,58.0,632.2,21.6,42,9.7,318,1014.2,0,0,0,0,0.0,3600.0,41.7658,-72.6734,2024,9,10,18
2024-09-10 19:00:00,69.0,44.0,25.0,361.1,18.8,54,8.8,305,1014.7,0,0,0,0,0.0,3600.0,41.7658,-72.6734,2024,9,10,19
2024-09-10 20:00:00,0.0,0.0,0.0,0.0,17.2,60,9.0,299,1015.3,0,0,0,0,0.0,0.0,41.7658,-72.6734,2024,9,10,20
2024-09-10 21:00:00,0.0,0.0,0.0,0.0,16.6,64,9.0,307,1016.1,0,0,0,0,0.0,0.0,41.7658,-72.6734,2024,9,10,21
2024-09-10 22:00:00,0.0,0.0,0.0,0.0,15.8,65,10.0,322,1016.4,0,0,0,0,0.0,0.0,41.7658,-72.6734,2024,9,10,22
2024-09-10 23:00:00,0.0,0.0,0.0,0.0,15.3,65,8.4,335,1016.6,0,0,0,0,0.0,0.0,41.7658,-72.6734,2024,9,10,23
2024-09-11 00:00:00,0.0,0.0,0.0,0.0,14.9,65,8.0,352,1016.7,0,0,0,0,0.0,0.0,41.7658,-72.6734,2024,9,11,0
2024-09-11 01:00:00,0.0,0.0,0.0,0.0,13.6,76,6.2,10,1017.0,0,0,0,0,0.0,0.0,41.7658,-72.6734,2024,9,11,1
2024-09-11 02:00:00,0.0,0.0,0.0,0.0,14.3,69,4.3,24,1017.2,0,0,0,0,0.0,0.0,41.7658,-72.6734,2024,9,11,2
2024-09-11 03:00:00,0.0,0.0,0.0,0.0,13.6,73,4.3,355,1017.3,0,0,0,0,0.0,0.0,41.7658,-72.6734,2024,9,11,3
2024-09-11 04:00:00,0.0,0.0,0.0,0.0,11.7,88,5.8,353,1017.5,0,0,0,0,0.0,0.0,41.7658,-72.6734,2024,9,11,4
2024-09-11 05:00:00,0.0,0.0,0.0,0.0,11.7,87,5.1,356,1017.8,3,0,0,3,0.0,0.0,41.7658,-72.6734,2024,9,11,5
2024-09-11 06:00:00,0.0,0.0,0.0,0.0,11.3,89,6.3,13,1018.0,14,0,0,14,0.0,0.0,41.7658,-72.6734,2024,9,11,6
2024-09-11 07:00:00,11.0,5.0,6.0,76.6,11.1,90,7.1,15,1018.7,1,0,0,1,0.0,694.96,41.7658,-72.6734,2024,9,11,7
2024-09-11 08:00:00,134.0,91.0,43.0,485.1,12.8,83,4.0,360,1019.1,15,0,0,15,0.0,3600.0,41.7658,-72.6734,2024,9,11,8
2024-09-11 09:00:00,318.0,250.0,68.0,673.4,15.5,74,4.0,360,1019.8,12,0,0,12,0.0,3600.0,41.7658,-72.6734,2024,9,11,9
2024-09-11 10:00:00,497.0,417.0,80.0,782.3,18.7,58,5.1,356,1019.9,31,0,0,31,0.0,3600.0,41.7658,-72.6734,2024,9,11,10
2024-09-11 11:00:00,644.0,554.0,90.0,837.1,21.3,46,4.5,14,1019.7,41,0,0,41,0.0,3600.0,41.7658,-72.6734,2024,9,11,11
2024-09-11 12:00:00,744.0,647.0,97.0,864.0,22.9,38,2.3,18,1019.4,53,0,0,53,0.0,3600.0,41.7658,-72.6734,2024,9,11,12
2024-09-11 13:00:00,789.0,685.0,104.0,869.2,24.0,34,1.6,27,1018.9,80,0,0,80,0.0,3600.0,41.7658,-72.6734,2024,9,11,13
2024-09-11 14:00:00,775.0,670.0,105.0,862.4,24.8,32,1.1,18,1018.4,100,0,0,100,0.0,3600.0,41.7658,-72.6734,2024,9,11,14
2024-09-11 15:00:00,668.0,497.0,171.0,694.0,25.2,32,0.4,180,1017.9,100,0,0,100,0.0,3600.0,41.7658,-72.6734,2024,9,11,15
2024-09-11 16:00:00,527.0,341.0,186.0,559.2,25.0,32,1.6,153,1017.5,100,0,0,100,0.0,3600.0,41.7658,-72.6734,2024,9,11,16
2024-09-11 17:00:00,401.0,295.0,106.0,634.2,24.6,33,1.5,135,1017.2,100,0,0,100,0.0,3600.0,41.7658,-72.6734,2024,9,11,17
2024-09-11 18:00:00,234.0,175.0,59.0,599.2,23.7,41,1.5,104,1017.0,100,0,0,100,0.0,3600.0,41.7658,-72.6734,2024,9,11,18
2024-09-11 19:00:00,63.0,37.0,26.0,310.6,21.0,52,10.1,182,1017.1,3,0,0,3,0.0,3600.0,41.7658,-72.6734,2024,9,11,19
2024-09-11 20:00:00,0.0,0.0,0.0,0.0,18.3,57,10.2,190,1017.7,4,0,0,4,0.0,0.0,41.7658,-72.6734,2024,9,11,20
2024-09-11 21:00:00,0.0,0.0,0.0,0.0,16.8,65,8.7,187,1018.8,15,0,0,15,0.0,0.0,41.7658,-72.6734,2024,9,11,21
2024-09-11 22:00:00,0.0,0.0,0.0,0.0,15.9,71,6.8,198,1019.0,0,0,0,0,0.0,0.0,41.7658,-72.6734,2024,9,11,22
2024-09-11 23:00:00,0.0,0.0,0.0,0.0,15.3,78,4.9,197,1019.2,0,0,0,0,0.0,0.0,41.7658,-72.6734,2024,9,11,23
2024-09-12 00:00:00,0.0,0.0,0.0,0.0,14.9,82,4.9,197,1019.2,0,0,0,0,0.0,0.0,41.7658,-72.6734,2024,9,12,0
2024-09-12 01:00:00,0.0,0.0,0.0,0.0,14.0,89,5.5,203,1019.4,0,0,0,0,0.0,0.0,41.7658,-72.6734,2024,9,12,1
2024-09-12 02:00:00,0.0,0.0,0.0,0.0,13.6,91,5.5,212,1019.3,0,0,0,0,0.0,0.0,41.7658,-72.6734,2024,9,12,2
2024-09-12 03:00:00,0.0,0.0,0.0,0.0,13.2,93,5.4,228,1019.5,0,0,0,0,0.0,0.0,41.7658,-72.6734,2024,9,12,3
2024-09-12 04:00:00,0.0,0.0,0.0,0.0,12.7,95,5.5,203,1019.4,0,0,0,0,0.0,0.0,41.7658,-72.6734,2024,9,12,4
2024-09-12 05:00:00,0.0,0.0,0.0,0.0,12.2,97,5.7,215,1019.7,0,0,0,0,0.0,0.0,41.7658,-72.6734,2024,9,12,5
2024-09-12 06:00:00,0.0,0.0,0.0,0.0,11.8,99,5.3,208,1019.9,5,5,0,0,0.0,0.0,41.7658,-72.6734,2024,9,12,6
2024-09-12 07:00:00,9.0,3.0,6.0,47.1,12.0,100,3.7,209,1020.3,99,99,0,0,0.0,108.02,41.7658,-72.6734,2024,9,12,7
2024-09-12 08:00:00,102.0,44.0,58.0,238.7,13.5,97,2.4,207,1020.8,100,100,0,0,0.0,3600.0,41.7658,-72.6734,2024,9,12,8
2024-09-12 09:00:00,279.0,176.0,103.0,478.2,16.1,84,0.4,180,1021.5,0,0,0,0,0.0,3600.0,41.7658,-72.6734,2024,9,12,9
2024-09-12 10:00:00,489.0,404.0,85.0,762.7,19.5,71,2.5,188,1021.7,0,0,0,0,0.0,3600.0,41.7658,-72.6734,2024,9,12,10
2024-09-12 11:00:00,640.0,554.0,86.0,841.5,22.4,55,4.4,189,1021.5,0,0,0,0,0.0,3600.0,41.7658,-72.6734,2024,9,12,11
2024-09-12 12:00:00,741.0,651.0,90.0,873.7,24.5,44,5.4,188,1021.0,0,0,0,0,0.0,3600.0,41.7658,-72.6734,2024,9,12,12
2024-09-12 13:00:00,786.0,694.0,92.0,885.1,25.9,39,5.9,191,1020.4,0,0,0,0,0.0,3600.0,41.7658,-72.6734,2024,9,12,13
2024-09-12 14:00:00,773.0,681.0,92.0,881.4,26.8,37,5.5,191,1020.0,0,0,0,0,0.0,3600.0,41.7658,-72.6734,2024,9,12,14
2024-09-12 15:00:00,700.0,612.0,88.0,860.1,27.2,35,6.2,187,1019.4,0,0,0,0,0.0,3600.0,41.7658,-72.6734,2024,9,12,15
2024-09-12 16:00:00,577.0,494.0,83.0,816.7,27.2,36,8.3,185,1019.0,0,0,0,0,0.0,3600.0,41.7658,-72.6734,2024,9,12,16
2024-09-12 17:00:00,413.0,340.0,73.0,739.2,26.3,37,11.2,182,1018.7,0,0,0,0,0.0,3600.0,41.7658,-72.6734,2024,9,12,17
2024-09-12 18:00:00,229.0,172.0,57.0,600.0,24.0,43,11.5,182,1018.7,0,0,0,0,0.0,3600.0,41.7658,-72.6734,2024,9,12,18
2024-09-12 19:00:00,60.0,37.0,23.0,317.9,21.0,52,11.0,191,1019.1,0,0,0,0,0.0,3592.57,41.7658,-72.6734,2024,9,12,19
2024-09-12 20:00:00,0.0,0.0,0.0,0.0,19.1,67,10.4,182,1019.6,0,0,0,0,0.0,0.0,41.7658,-72.6734,2024,9,12,20
2024-09-12 21:00:00,0.0,0.0,0.0,0.0,17.9,78,9.4,182,1020.3,0,0,0,0,0.0,0.0,41.7658,-72.6734,2024,9,12,21
2024-09-12 22:00:00,0.0,0.0,0.0,0.0,16.9,85,8.5,192,1020.7,0,0,0,0,0.0,0.0,41.7658,-72.6734,2024,9,12,22
2024-09-12 23:00:00,0.0,0.0,0.0,0.0,16.2,90,7.6,199,1020.8,0,0,0,0,0.0,0.0,41.7658,-72.6734,2024,9,12,23
2024-09-13 00:00:00,0.0,0.0,0.0,0.0,15.8,92,7.0,192,1020.8,0,0,0,0,0.0,0.0,41.7658,-72.6734,2024,9,13,0
2024-09-13 01:00:00,0.0,0.0,0.0,0.0,15.4,94,5.9,194,1020.8,1,0,0,1,0.0,0.0,41.7658,-72.6734,2024,9,13,1
2024-09-13 02:00:00,0.0,0.0,0.0,0.0,14.9,96,4.1,195,1020.6,12,0,6,11,0.0,0.0,41.7658,-72.6734,2024,9,13,2
2024-09-13 03:00:00,0.0,0.0,0.0,0.0,14.4,97,4.0,207,1020.4,56,0,52,40,0.0,0.0,41.7658,-72.6734,2024,9,13,3
2024-09-13 04:00:00,0.0,0.0,0.0,0.0,14.2,96,7.1,210,1020.5,7,0,6,1,0.0,0.0,41.7658,-72.6734,2024,9,13,4
2024-09-13 05:00:00,0.0,0.0,0.0,0.0,13.6,96,6.8,205,1020.5,37,0,21,26,0.0,0.0,41.7658,-72.6734,2024,9,13,5
2024-09-13 06:00:00,0.0,0.0,0.0,0.0,13.3,95,4.7,203,1020.3,45,0,18,33,0.0,0.0,41.7658,-72.6734,2024,9,13,6
2024-09-13 07:00:00,8.0,3.0,5.0,48.4,13.3,95,4.8,228,1020.6,0,0,0,0,0.0,138.12,41.7658,-72.6734,2024,9,13,7
2024-09-13 08:00:00,124.0,79.0,45.0,436.2,15.1,87,3.3,221,1020.8,0,0,0,0,0.0,3600.0,41.7658,-72.6734,2024,9,13,8
2024-09-13 09:00:00,305.0,231.0,74.0,633.3,17.2,77,1.3,236,1021.1,0,0,0,0,0.0,3600.0,41.7658,-72.6734,2024,9,13,9
2024-09-13 10:00:00,478.0,391.0,87.0,742.9,20.3,65,1.3,236,1021.2,0,0,0,0,0.0,3600.0,41.7658,-72.6734,2024,9,13,10
2024-09-13 11:00:00,627.0,540.0,87.0,824.7,23.2,55,1.3,214,1020.9,0,0,0,0,0.0,3600.0,41.7658,-72.6734,2024,9,13,11
2024-09-13 12:00:00,725.0,633.0,92.0,853.9,25.4,49,1.0,225,1020.4,0,0,0,0,0.0,3600.0,41.7658,-72.6734,2024,9,13,12
2024-09-13 13:00:00,767.0,672.0,95.0,861.5,26.9,47,1.5,315,1019.8,0,0,0,0,0.0,3600.0,41.7658,-72.6734,2024,9,13,13
2024-09-13 14:00:00,752.0,656.0,96.0,853.8,27.8,44,2.5,8,1018.9,4,1,0,2,0.0,3600.0,41.7658,-72.6734,2024,9,13,14
2024-09-13 15:00:00,668.0,571.0,97.0,807.8,28.2,43,2.1,31,1018.4,10,2,4,6,0.0,3600.0,41.7658,-72.6734,2024,9,13,15
2024-09-13 16:00:00,525.0,427.0,98.0,711.8,27.9,43,1.6,63,1017.9,12,0,9,4,0.0,3600.0,41.7658,-72.6734,2024,9,13,16
2024-09-13 17:00:00,379.0,298.0,81.0,655.3,27.4,45,2.2,81,1017.8,8,0,7,1,0.0,3600.0,41.7658,-72.6734,2024,9,13,17
2024-09-13 18:00:00,201.0,141.0,60.0,501.4,26.4,54,4.7,86,1017.9,14,0,11,3,0.0,3600.0,41.7658,-72.6734,2024,9,13,18
2024-09-13 19:00:00,49.0,28.0,21.0,246.4,23.6,65,5.5,169,1018.1,14,9,8,0,0.0,3488.35,41.7658,-72.6734,2024,9,13,19
2024-09-13 20:00:00,0.0,0.0,0.0,0.0,21.0,62,11.5,194,1018.8,16,7,10,0,0.0,0.0,41.7658,-72.6734,2024,9,13,20
2024-09-13 21:00:00,0.0,0.0,0.0,0.0,19.6,69,8.9,194,1019.5,0,0,0,0,0.0,0.0,41.7658,-72.6734,2024,9,13,21
2024-09-13 22:00:00,0.0,0.0,0.0,0.0,18.6,76,6.4,196,1019.7,1,0,1,0,0.0,0.0,41.7658,-72.6734,2024,9,13,22
2024-09-13 23:00:00,0.0,0.0,0.0,0.0,18.2,80,5.4,180,1019.8,1,0,1,0,0.0,0.0,41.7658,-72.6734,2024,9,13,23
2024-09-14 00:00:00,0.0,0.0,0.0,0.0,17.4,89,4.7,184,1019.8,0,0,0,0,0.0,0.0,41.7658,-72.6734,2024,9,14,0
2024-09-14 01:00:00,0.0,0.0,0.0,0.0,16.6,92,4.0,355,1019.6,0,0,0,0,0.0,0.0,41.7658,-72.6734,2024,9,14,1
2024-09-14 02:00:00,0.0,0.0,0.0,0.0,16.2,93,6.9,9,1019.6,0,0,0,0,0.0,0.0,41.7658,-72.6734,2024,9,14,2
2024-09-14 03:00:00,0.0,0.0,0.0,0.0,15.8,93,8.3,360,1019.3,0,0,0,0,0.0,0.0,41.7658,-72.6734,2024,9,14,3
2024-09-14 04:00:00,0.0,0.0,0.0,0.0,15.5,95,9.5,9,1019.2,0,0,0,0,0.0,0.0,41.7658,-72.6734,2024,9,14,4
2024-09-14 05:00:00,0.0,0.0,0.0,0.0,15.3,97,10.3,12,1019.4,0,0,0,0,0.0,0.0,41.7658,-72.6734,2024,9,14,5
2024-09-14 06:00:00,0.0,0.0,0.0,0.0,15.0,98,10.0,15,1019.6,0,0,0,0,0.0,0.0,41.7658,-72.6734,2024,9,14,6
2024-09-14 07:00:00,8.0,3.0,5.0,49.7,14.9,98,9.5,11,1020.3,0,0,0,0,0.0,168.35,41.7658,-72.6734,2024,9,14,7
2024-09-14 08:00:00,122.0,80.0,42.0,449.9,16.5,91,6.5,6,1020.9,0,0,0,0,0.0,3600.0,41.7658,-72.6734,2024,9,14,8
2024-09-14 09:00:00,300.0,232.0,68.0,641.8,18.9,81,6.2,10,1021.6,0,0,0,0,0.0,3600.0,41.7658,-72.6734,2024,9,14,9
2024-09-14 10:00:00,476.0,395.0,81.0,755.4,21.9,71,5.1,4,1021.6,1,1,0,0,0.0,3600.0,41.7658,-72.6734,2024,9,14,10
2024-09-14 11:00:00,620.0,530.0,90.0,813.9,25.0,60,5.1,4,1021.5,11,4,8,0,0.0,3600.0,41.7658,-72.6734,2024,9,14,11
2024-09-14 12:00:00,693.0,585.0,108.0,793.2,26.9,51,6.4,38,1021.3,25,12,22,0,0.0,3600.0,41.7658,-72.6734,2024,9,14,12
2024-09-14 13:00:00,677.0,539.0,138.0,694.7,27.8,46,6.7,36,1020.8,28,7,27,0,0.0,3600.0,41.7658,-72.6734,2024,9,14,13
2024-09-14 14:00:00,657.0,522.0,135.0,683.4,28.7,42,7.1,30,1020.2,18,3,15,0,0.0,3600.0,41.7658,-72.6734,2024,9,14,14
2024-09-14 15:00:00,586.0,443.0,143.0,630.9,29.2,40,8.6,33,1019.5,37,10,36,0,0.0,3600.0,41.7658,-72.6734,2024,9,14,15
2024-09-14 16:00:00,469.0,330.0,139.0,554.7,29.0,40,8.2,38,1019.3,41,8,40,0,0.0,3600.0,41.7658,-72.6734,2024,9,14,16
2024-09-14 17:00:00,322.0,217.0,105.0,482.8,28.3,41,6.4,52,1019.4,45,6,45,0,0.0,3600.0,41.7658,-72.6734,2024,9,14,17
2024-09-14 18:00:00,194.0,126.0,68.0,457.0,26.4,51,7.1,45,1019.7,33,3,31,0,0.0,3600.0,41.7658,-72.6734,2024,9,14,18
2024-09-14 19:00:00,42.0,23.0,19.0,207.5,23.9,61,8.4,65,1020.0,43,13,42,0,0.0,3383.56,41.7658,-72.6734,2024,9,14,19
2024-09-14 20:00:00,0.0,0.0,0.0,0.0,22.6,67,8.2,105,1020.7,43,18,42,0,0.0,0.0,41.7658,-72.6734,2024,9,14,20
2024-09-14 21:00:00,0.0,0.0,0.0,0.0,20.8,74,6.3,149,1021.4,17,1,16,0,0.0,0.0,41.7658,-72.6734,2024,9,14,21
2024-09-14 22:00:00,0.0,0.0,0.0,0.0,19.8,79,6.1,130,1021.8,4,0,3,0,0.0,0.0,41.7658,-72.6734,2024,9,14,22
2024-09-14 23:00:00,0.0,0.0,0.0,0.0,19.0,85,3.2,90,1022.4,1,0,1,0,0.0,0.0,41.7658,-72.6734,2024,9,14,23
2024-09-15 00:00:00,0.0,0.0,0.0,0.0,18.3,88,4.8,77,1022.6,0,0,0,0,0.0,0.0,41.7658,-72.6734,2024,9,15,0
2024-09-15 01:00:00,0.0,0.0,0.0,0.0,17.6,92,5.6,75,1022.5,1,0,1,0,0.0,0.0,41.7658,-72.6734,2024,9,15,1
2024-09-15 02:00:00,0.0,0.0,0.0,0.0,17.0,94,6.3,66,1022.4,1,0,1,0,0.0,0.0,41.7658,-72.6734,2024,9,15,2
2024-09-15 03:00:00,0.0,0.0,0.0,0.0,16.4,95,6.1,40,1022.4,0,0,0,0,0.0,0.0,41.7658,-72.6734,2024,9,15,3
2024-09-15 04:00:00,0.0,0.0,0.0,0.0,16.0,96,5.6,15,1022.8,0,0,0,0,0.0,0.0,41.7658,-72.6734,2024,9,15,4
2024-09-15 05:00:00,0.0,0.0,0.0,0.0,15.6,98,4.0,350,1023.2,0,0,0,0,0.0,0.0,41.7658,-72.6734,2024,9,15,5
2024-09-15 06:00:00,0.0,0.0,0.0,0.0,15.2,99,5.9,14,1023.6,1,1,0,0,0.0,0.0,41.7658,-72.6734,2024,9,15,6
2024-09-15 07:00:00,7.0,2.0,5.0,34.1,14.9,100,7.7,28,1024.0,27,26,0,0,0.0,0.0,41.7658,-72.6734,2024,9,15,7
2024-09-15 08:00:00,112.0,62.0,50.0,355.2,16.8,91,4.3,5,1024.4,1,0,1,0,0.0,3600.0,41.7658,-72.6734,2024,9,15,8
2024-09-15 09:00:00,292.0,215.0,77.0,600.3,19.2,79,3.6,6,1025.1,4,3,2,0,0.0,3600.0,41.7658,-72.6734,2024,9,15,9
2024-09-15 10:00:00,466.0,376.0,90.0,723.8,21.5,65,3.2,27,1025.0,6,6,2,0,0.0,3600.0,41.7658,-72.6734,2024,9,15,10
2024-09-15 11:00:00,607.0,503.0,104.0,776.8,23.5,55,2.1,59,1024.9,8,8,6,0,0.0,3600.0,41.7658,-72.6734,2024,9,15,11
2024-09-15 12:00:00,697.0,578.0,119.0,787.9,25.1,49,2.9,90,1024.6,8,7,5,0,0.0,3600.0,41.7658,-72.6734,2024,9,15,12
2024-09-15 13:00:00,746.0,624.0,122.0,808.5,26.5,46,4.0,63,1024.2,24,21,10,0,0.0,3600.0,41.7658,-72.6734,2024,9,15,13
2024-09-15 14:00:00,661.0,494.0,167.0,650.5,27.4,43,5.4,53,1023.4,19,8,15,0,0.0,3600.0,41.7658,-72.6734,2024,9,15,14
2024-09-15 15:00:00,596.0,461.0,135.0,661.1,27.8,41,3.9,68,1022.9,16,2,15,0,0.0,3600.0,41.7658,-72.6734,2024,9,15,15
2024-09-15 16:00:00,525.0,417.0,108.0,707.0,27.6,40,2.9,90,1022.5,5,0,5,0,0.0,3600.0,41.7658,-72.6734,2024,9,15,16
2024-09-15 17:00:00,389.0,310.0,79.0,698.0,27.2,39,5.2,78,1022.3,3,2,2,0,0.0,3600.0,41.7658,-72.6734,2024,9,15,17
2024-09-15 18:00:00,203.0,141.0,62.0,521.9,26.0,47,5.8,112,1022.2,14,12,2,0,0.0,3600.0,41.7658,-72.6734,2024,9,15,18
2024-09-15 19:00:00,48.0,28.0,20.0,259.2,21.9,57,14.9,187,1022.5,0,0,0,0,0.0,3278.3,41.7658,-72.6734,2024,9,15,19
2024-09-15 20:00:00,0.0,0.0,0.0,0.0,19.2,66,10.4,178,1023.4,0,0,0,0,0.0,0.0,41.7658,-72.6734,2024,9,15,20
2024-09-15 21:00:00,0.0,0.0,0.0,0.0,17.8,76,8.3,182,1023.9,0,0,0,0,0.0,0.0,41.7658,-72.6734,2024,9,15,21
2024-09-15 22:00:00,0.0,0.0,0.0,0.0,16.7,80,6.2,173,1024.1,0,0,0,0,0.0,0.0,41.7658,-72.6734,2024,9,15,22
2024-09-15 23:00:00,0.0,0.0,0.0,0.0,15.8,87,2.9,150,1024.0,0,0,0,0,0.0,0.0,41.7658,-72.6734,2024,9,15,23
2024-09-16 00:00:00,0.0,0.0,0.0,0.0,15.2,90,2.8,140,1024.0,0,0,0,0,0.0,0.0,41.7658,-72.6734,2024,9,16,0
2024-09-16 01:00:00,0.0,0.0,0.0,0.0,14.3,95,2.6,146,1024.0,0,0,0,0,0.0,0.0,41.7658,-72.6734,2024,9,16,1
2024-09-16 02:00:00,0.0,0.0,0.0,0.0,13.6,97,1.6,117,1023.9,0,0,0,0,0.0,0.0,41.7658,-72.6734,2024,9,16,2
2024-09-16 03:00:00,0.0,0.0,0.0,0.0,13.0,100,1.4,90,1023.4,0,0,0,0,0.0,0.0,41.7658,-72.6734,2024,9,16,3
2024-09-16 04:00:00,0.0,0.0,0.0,0.0,12.6,100,2.3,72,1023.2,98,98,0,0,0.0,0.0,41.7658,-72.6734,2024,9,16,4
2024-09-16 05:00:00,0.0,0.0,0.0,0.0,11.9,100,2.9,83,1023.3,99,99,0,0,0.0,0.0,41.7658,-72.6734,2024,9,16,5
2024-09-16 06:00:00,0.0,0.0,0.0,0.0,11.5,100,2.3,39,1023.7,99,99,0,0,0.0,0.0,41.7658,-72.6734,2024,9,16,6
2024-09-16 07:00:00,5.0,1.0,4.0,17.5,11.6,100,3.0,14,1024.0,100,100,0,0,0.0,0.0,41.7658,-72.6734,2024,9,16,7
2024-09-16 08:00:00,84.0,31.0,53.0,181.0,13.0,97,2.2,9,1024.3,100,100,0,0,0.0,3600.0,41.7658,-72.6734,2024,9,16,8
2024-09-16 09:00:00,246.0,134.0,112.0,377.7,15.6,86,2.6,16,1024.8,55,55,0,0,0.0,3600.0,41.7658,-72.6734,2024,9,16,9
2024-09-16 10:00:00,476.0,382.0,94.0,740.3,19.0,70,3.4,18,1024.7,45,0,0,45,0.0,3600.0,41.7658,-72.6734,2024,9,16,10
2024-09-16 11:00:00,634.0,552.0,82.0,857.3,22.1,53,3.4,18,1024.3,56,0,0,56,0.0,3600.0,41.7658,-72.6734,2024,9,16,11
2024-09-16 12:00:00,733.0,643.0,90.0,881.2,24.3,41,4.1,38,1023.6,18,0,0,18,0.0,3600.0,41.7658,-72.6734,2024,9,16,12
2024-09-16 13:00:00,779.0,688.0,91.0,896.4,25.9,33,3.6,45,1022.9,1,0,0,1,0.0,3600.0,41.7658,-72.6734,2024,9,16,13
2024-09-16 14:00:00,764.0,677.0,87.0,896.9,27.2,30,2.8,50,1022.0,5,0,0,5,0.0,3600.0,41.7658,-72.6734,2024,9,16,14
2024-09-16 15:00:00,692.0,607.0,85.0,876.6,27.8,29,1.1,108,1021.0,23,0,0,23,0.0,3600.0,41.7658,-72.6734,2024,9,16,15
2024-09-16 16:00:00,567.0,487.0,80.0,833.0,27.8,28,1.3,146,1020.4,5,0,0,5,0.0,3600.0,41.7658,-72.6734,2024,9,16,16
2024-09-16 17:00:00,400.0,330.0,70.0,752.2,27.5,28,0.8,153,1020.2,38,0,0,38,0.0,3600.0,41.7658,-72.6734,2024,9,16,17
2024-09-16 18:00:00,212.0,159.0,53.0,600.9,24.7,43,5.2,168,1020.2,98,0,0,98,0.0,3600.0,41.7658,-72.6734,2024,9,16,18
2024-09-16 19:00:00,46.0,26.0,20.0,247.2,21.0,58,15.2,173,1020.5,98,0,0,98,0.0,3172.69,41.7658,-72.6734,2024,9,16,19
2024-09-16 20:00:00,0.0,0.0,0.0,0.0,18.7,68,9.4,176,1020.9,100,0,0,100,0.0,0.0,41.7658,-72.6734,2024,9,16,20
2024-09-16 21:00:00,0.0,0.0,0.0,0.0,17.2,79,8.3,180,1021.6,100,0,0,100,0.0,0.0,41.7658,-72.6734,2024,9,16,21
2024-09-16 22:00:00,0.0,0.0,0.0,0.0,16.1,86,6.8,180,1022.0,79,0,0,79,0.0,0.0,41.7658,-72.6734,2024,9,16,22
2024-09-16 23:00:00,0.0,0.0,0.0,0.0,15.4,91,3.6,186,1021.7,98,0,0,98,0.0,0.0,41.7658,-72.6734,2024,9,16,23
2024-09-17 00:00:00,0.0,0.0,0.0,0.0,14.4,96,5.6,207,1021.7,98,0,0,98,0.0,0.0,41.7658,-72.6734,2024,9,17,0
2024-09-17 01:00:00,0.0,0.0,0.0,0.0,14.7,95,1.8,127,1021.4,100,0,0,100,0.0,0.0,41.7658,-72.6734,2024,9,17,1
2024-09-17 02:00:00,0.0,0.0,0.0,0.0,14.0,100,0.4,90,1021.3,100,99,0,100,0.0,0.0,41.7658,-72.6734,2024,9,17,2
2024-09-17 03:00:00,0.0,0.0,0.0,0.0,13.3,100,2.1,59,1020.9,100,99,0,100,0.0,0.0,41.7658,-72.6734,2024,9,17,3
2024-09-17 04:00:00,0.0,0.0,0.0,0.0,13.0,100,3.3,49,1020.7,100,100,0,98,0.0,0.0,41.7658,-72.6734,2024,9,17,4
2024-09-17 05:00:00,0.0,0.0,0.0,0.0,12.9,100,2.3,39,1020.7,100,100,0,97,0.0,0.0,41.7658,-72.6734,2024,9,17,5
2024-09-17 06:00:00,0.0,0.0,0.0,0.0,13.2,97,2.1,31,1020.4,100,100,0,100,0.0,0.0,41.7658,-72.6734,2024,9,17,6
2024-09-17 07:00:00,4.0,0.0,4.0,0.0,13.0,98,0.8,27,1020.5,100,100,0,100,0.0,0.0,41.7658,-72.6734,2024,9,17,7
2024-09-17 08:00:00,79.0,22.0,57.0,131.0,13.7,97,1.8,360,1020.7,100,100,0,100,0.0,2130.27,41.7658,-72.6734,2024,9,17,8
2024-09-17 09:00:00,209.0,95.0,114.0,270.3,15.7,89,2.5,8,1021.1,99,99,0,4,0.0,3600.0,41.7658,-72.6734,2024,9,17,9
2024-09-17 10:00:00,415.0,261.0,154.0,509.2,18.4,77,2.2,9,1021.1,75,26,0,66,0.0,3600.0,41.7658,-72.6734,2024,9,17,10
2024-09-17 11:00:00,607.0,486.0,121.0,759.1,21.4,64,2.2,9,1020.5,97,3,0,97,0.0,3600.0,41.7658,-72.6734,2024,9,17,11
2024-09-17 12:00:00,698.0,545.0,153.0,751.0,24.1,46,2.3,18,1019.9,100,0,0,100,0.0,3600.0,41.7658,-72.6734,2024,9,17,12
2024-09-17 13:00:00,742.0,590.0,152.0,773.0,26.0,38,2.3,18,1019.2,100,0,0,100,0.0,3600.0,41.7658,-72.6734,2024,9,17,13
2024-09-17 14:00:00,733.0,585.0,148.0,779.7,27.3,34,1.9,22,1018.4,100,0,0,100,0.0,3600.0,41.7658,-72.6734,2024,9,17,14
2024-09-17 15:00:00,624.0,425.0,199.0,618.1,27.8,34,0.8,63,1017.6,100,0,0,100,0.0,3600.0,41.7658,-72.6734,2024,9,17,15
2024-09-17 16:00:00,463.0,241.0,222.0,415.9,27.7,35,1.5,225,1017.2,100,0,0,100,0.0,3600.0,41.7658,-72.6734,2024,9,17,16
2024-09-17 17:00:00,323.0,160.0,163.0,369.3,27.4,37,1.1,288,1016.9,100,0,0,100,0.0,3600.0,41.7658,-72.6734,2024,9,17,17
2024-09-17 18:00:00,160.0,62.0,98.0,239.4,25.3,55,1.1,288,1016.8,97,0,0,97,0.0,3600.0,41.7658,-72.6734,2024,9,17,18
2024-09-17 19:00:00,38.0,15.0,23.0,146.6,22.8,62,10.9,171,1016.8,100,0,0,100,0.0,3066.84,41.7658,-72.6734,2024,9,17,19
2024-09-17 20:00:00,0.0,0.0,0.0,0.0,20.3,74,9.7,178,1017.1,75,0,0,75,0.0,0.0,41.7658,-72.6734,2024,9,17,20
2024-09-17 21:00:00,0.0,0.0,0.0,0.0,18.6,85,7.2,186,1017.8,71,0,0,71,0.0,0.0,41.7658,-72.6734,2024,9,17,21
2024-09-17 22:00:00,0.0,0.0,0.0,0.0,17.5,91,5.0,180,1017.8,91,0,0,91,0.0,0.0,41.7658,-72.6734,2024,9,17,22
2024-09-17 23:00:00,0.0,0.0,0.0,0.0,16.3,96,5.0,180,1017.6,96,0,0,96,0.0,0.0,41.7658,-72.6734,2024,9,17,23
2024-09-18 00:00:00,0.0,0.0,0.0,0.0,16.5,97,3.6,174,1017.7,96,0,0,96,0.0,0.0,41.7658,-72.6734,2024,9,18,0
2024-09-18 01:00:00,0.0,0.0,0.0,0.0,16.0,100,1.1,72,1017.4,100,98,0,95,0.0,0.0,41.7658,-72.6734,2024,9,18,1
2024-09-18 02:00:00,0.0,0.0,0.0,0.0,15.1,100,3.2,27,1017.0,100,99,0,96,0.0,0.0,41.7658,-72.6734,2024,9,18,2
2024-09-18 03:00:00,0.0,0.0,0.0,0.0,14.8,100,3.6,6,1016.6,100,100,0,100,0.0,0.0,41.7658,-72.6734,2024,9,18,3
2024-09-18 04:00:00,0.0,0.0,0.0,0.0,14.3,100,4.0,10,1016.3,100,100,0,100,0.0,0.0,41.7658,-72.6734,2024,9,18,4
2024-09-18 05:00:00,0.0,0.0,0.0,0.0,14.1,99,4.3,360,1016.1,100,100,0,100,0.0,0.0,41.7658,-72.6734,2024,9,18,5
2024-09-18 06:00:00,0.0,0.0,0.0,0.0,13.9,99,4.7,9,1016.2,100,100,0,100,0.0,0.0,41.7658,-72.6734,2024,9,18,6
2024-09-18 07:00:00,3.0,0.0,3.0,0.0,13.9,99,5.6,15,1016.6,100,100,4,100,0.0,0.0,41.7658,-72.6734,2024,9,18,7
2024-09-18 08:00:00,50.0,0.0,50.0,0.0,14.5,98,5.5,11,1016.7,100,100,18,100,0.0,0.0,41.7658,-72.6734,2024,9,18,8
2024-09-18 09:00:00,160.0,24.0,136.0,69.0,16.3,88,5.8,4,1016.7,100,52,5,100,0.0,268.74,41.7658,-72.6734,2024,9,18,9
2024-09-18 10:00:00,343.0,114.0,229.0,224.0,18.6,78,5.4,352,1016.6,100,11,25,100,0.0,3600.0,41.7658,-72.6734,2024,9,18,10
2024-09-18 11:00:00,359.0,85.0,274.0,133.6,20.2,70,5.2,348,1016.4,100,4,1,100,0.0,2206.65,41.7658,-72.6734,2024,9,18,11
2024-09-18 12:00:00,598.0,329.0,269.0,455.9,23.4,57,6.2,10,1015.6,100,0,19,100,0.0,3600.0,41.7658,-72.6734,2024,9,18,12
2024-09-18 13:00:00,401.0,68.0,333.0,89.6,24.3,54,4.5,29,1015.1,100,0,0,100,0.0,887.88,41.7658,-72.6734,2024,9,18,13
2024-09-18 14:00:00,408.0,72.0,336.0,96.6,25.4,47,4.6,51,1014.4,100,0,3,100,0.0,1096.84,41.7658,-72.6734,2024,9,18,14
2024-09-18 15:00:00,375.0,63.0,312.0,92.3,26.1,42,5.2,65,1013.7,100,0,17,100,0.0,968.65,41.7658,-72.6734,2024,9,18,15
2024-09-18 16:00:00,316.0,57.0,259.0,99.3,26.1,40,6.5,71,1013.0,100,0,1,100,0.0,1177.79,41.7658,-72.6734,2024,9,18,16
2024-09-18 17:00:00,256.0,68.0,188.0,158.9,25.6,42,7.5,73,1012.5,100,0,0,100,0.0,2968.13,41.7658,-72.6734,2024,9,18,17
2024-09-18 18:00:00,154.0,49.0,105.0,193.4,23.7,52,7.4,76,1012.2,100,0,0,100,0.0,3600.0,41.7658,-72.6734,2024,9,18,18
2024-09-18 19:00:00,29.0,3.0,26.0,30.2,21.4,62,8.1,103,1011.8,100,0,0,100,0.0,0.0,41.7658,-72.6734,2024,9,18,19
2024-09-18 20:00:00,0.0,0.0,0.0,0.0,19.5,72,6.3,103,1011.8,100,0,1,100,0.0,0.0,41.7658,-72.6734,2024,9,18,20
2024-09-18 21:00:00,0.0,0.0,0.0,0.0,19.0,81,6.4,106,1012.8,100,0,89,100,0.0,0.0,41.7658,-72.6734,2024,9,18,21
2024-09-18 22:00:00,0.0,0.0,0.0,0.0,18.2,87,2.4,27,1012.5,100,0,100,100,0.0,0.0,41.7658,-72.6734,2024,9,18,22
2024-09-18 23:00:00,0.0,0.0,0.0,0.0,18.0,87,5.4,4,1011.9,100,0,100,99,0.0,0.0,41.7658,-72.6734,2024,9,18,23
2024-09-19 00:00:00,0.0,0.0,0.0,0.0,17.6,88,6.8,3,1011.6,100,0,99,98,0.0,0.0,41.7658,-72.6734,2024,9,19,0
2024-09-19 01:00:00,0.0,0.0,0.0,0.0,17.1,89,7.2,6,1011.4,100,0,100,100,0.0,0.0,41.7658,-72.6734,2024,9,19,1
2024-09-19 02:00:00,0.0,0.0,0.0,0.0,17.1,88,9.0,360,1010.8,100,0,100,100,0.0,0.0,41.7658,-72.6734,2024,9,19,2
2024-09-19 03:00:00,0.0,0.0,0.0,0.0,16.8,90,8.6,2,1010.3,100,0,26,100,0.0,0.0,41.7658,-72.6734,2024,9,19,3
2024-09-19 04:00:00,0.0,0.0,0.0,0.0,15.8,95,8.7,7,1010.1,100,0,42,100,0.0,0.0,41.7658,-72.6734,2024,9,19,4
2024-09-19 05:00:00,0.0,0.0,0.0,0.0,15.5,96,9.0,355,1009.9,100,0,0,100,0.0,0.0,41.7658,-72.6734,2024,9,19,5
2024-09-19 06:00:00,0.0,0.0,0.0,0.0,15.2,95,9.7,360,1009.8,100,0,0,100,0.0,0.0,41.7658,-72.6734,2024,9,19,6
2024-09-19 07:00:00,4.0,0.0,4.0,0.0,14.9,95,9.6,13,1010.0,100,0,0,100,0.0,0.0,41.7658,-72.6734,2024,9,19,7
2024-09-19 08:00:00,81.0,16.0,65.0,99.2,16.3,88,8.8,348,1010.2,95,0,0,95,0.0,1176.89,41.7658,-72.6734,2024,9,19,8
2024-09-19 09:00:00,249.0,140.0,109.0,406.3,19.2,74,9.4,358,1010.1,99,0,5,99,0.0,3600.0,41.7658,-72.6734,2024,9,19,9
2024-09-19 10:00:00,398.0,236.0,162.0,466.9,21.8,62,10.8,4,1009.8,89,0,0,89,0.0,3600.0,41.7658,-72.6734,2024,9,19,10
2024-09-19 11:00:00,561.0,389.0,172.0,614.9,24.6,50,12.1,10,1009.2,100,0,0,100,0.0,3600.0,41.7658,-72.6734,2024,9,19,11
2024-09-19 12:00:00,656.0,462.0,194.0,643.8,26.6,43,14.6,20,1008.5,95,0,0,95,0.0,3600.0,41.7658,-72.6734,2024,9,19,12
2024-09-19 13:00:00,701.0,508.0,193.0,673.2,28.1,34,17.6,23,1007.7,57,0,0,57,0.0,3600.0,41.7658,-72.6734,2024,9,19,13
2024-09-19 14:00:00,714.0,575.0,139.0,776.0,28.8,32,18.1,21,1007.1,92,0,4,91,0.0,3600.0,41.7658,-72.6734,2024,9,19,14
2024-09-19 15:00:00,610.0,421.0,189.0,621.3,28.8,34,17.6,23,1006.7,100,0,0,100,0.0,3600.0,41.7658,-72.6734,2024,9,19,15
2024-09-19 16:00:00,488.0,329.0,159.0,578.2,28.6,34,16.9,27,1006.4,91,0,0,91,0.0,3600.0,41.7658,-72.6734,2024,9,19,16
2024-09-19 17:00:00,342.0,228.0,114.0,539.8,27.8,36,16.2,37,1006.3,95,0,1,95,0.0,3600.0,41.7658,-72.6734,2024,9,19,17
2024-09-19 18:00:00,163.0,81.0,82.0,327.0,25.9,45,14.2,54,1006.7,100,0,0,100,0.0,3600.0,41.7658,-72.6734,2024,9,19,18
2024-09-19 19:00:00,27.0,5.0,22.0,51.7,23.5,57,13.2,61,1006.9,100,0,0,100,0.0,113.85,41.7658,-72.6734,2024,9,19,19
2024-09-19 20:00:00,0.0,0.0,0.0,0.0,22.1,64,13.1,58,1007.5,100,0,0,100,0.0,0.0,41.7658,-72.6734,2024,9,19,20
2024-09-19 21:00:00,0.0,0.0,0.0,0.0,20.8,78,8.0,27,1007.8,54,0,8,50,0.0,0.0,41.7658,-72.6734,2024,9,19,21
2024-09-19 22:00:00,0.0,0.0,0.0,0.0,19.7,83,9.3,347,1008.2,11,1,7,4,0.0,0.0,41.7658,-72.6734,2024,9,19,22
2024-09-19 23:00:00,0.0,0.0,0.0,0.0,18.8,88,9.7,358,1008.1,23,0,0,22,0.0,0.0,41.7658,-72.6734,2024,9,19,23
2024-09-20 00:00:00,0.0,0.0,0.0,0.0,18.1,91,10.4,2,1008.3,66,0,0,66,0.0,0.0,41.7658,-72.6734,2024,9,20,0
2024-09-20 01:00:00,0.0,0.0,0.0,0.0,17.6,93,11.2,6,1008.5,75,2,6,73,0.0,0.0,41.7658,-72.6734,2024,9,20,1
2024-09-20 02:00:00,0.0,0.0,0.0,0.0,17.2,95,11.2,2,1008.5,100,22,9,100,0.0,0.0,41.7658,-72.6734,2024,9,20,2
2024-09-20 03:00:00,0.0,0.0,0.0,0.0,17.4,94,11.5,360,1008.2,100,31,2,100,0.0,0.0,41.7658,-72.6734,2024,9,20,3
2024-09-20 04:00:00,0.0,0.0,0.0,0.0,17.5,94,12.3,357,1008.2,100,100,1,100,0.0,0.0,41.7658,-72.6734,2024,9,20,4
2024-09-20 05:00:00,0.0,0.0,0.0,0.0,18.4,90,13.0,360,1008.5,100,100,35,99,0.0,0.0,41.7658,-72.6734,2024,9,20,5
2024-09-20 06:00:00,0.0,0.0,0.0,0.0,18.6,88,13.3,2,1008.9,100,100,20,100,0.0,0.0,41.7658,-72.6734,2024,9,20,6
2024-09-20 07:00:00,3.0,0.0,3.0,0.0,18.6,86,13.7,2,1009.3,100,100,26,100,0.0,0.0,41.7658,-72.6734,2024,9,20,7
2024-09-20 08:00:00,59.0,4.0,55.0,25.3,19.4,82,14.3,12,1010.2,100,100,55,100,0.0,0.0,41.7658,-72.6734,2024,9,20,8
2024-09-20 09:00:00,210.0,91.0,119.0,266.7,20.9,75,18.4,23,1010.7,100,91,48,100,0.0,3600.0,41.7658,-72.6734,2024,9,20,9
2024-09-20 10:00:00,339.0,187.0,152.0,372.7,22.1,67,17.1,28,1011.1,100,67,9,100,0.0,3600.0,41.7658,-72.6734,2024,9,20,10
2024-09-20 11:00:00,404.0,159.0,245.0,252.9,22.3,65,16.5,32,1011.4,100,100,4,100,0.0,3600.0,41.7658,-72.6734,2024,9,20,11
2024-09-20 12:00:00,554.0,325.0,229.0,455.5,22.8,63,18.4,35,1011.3,100,62,8,100,0.0,3600.0,41.7658,-72.6734,2024,9,20,12
2024-09-20 13:00:00,477.0,180.0,297.0,239.9,23.4,58,18.4,28,1010.8,100,100,3,100,0.0,3600.0,41.7658,-72.6734,2024,9,20,13
2024-09-20 14:00:00,428.0,169.0,259.0,229.5,23.8,57,18.5,29,1010.4,100,97,2,99,0.0,3600.0,41.7658,-72.6734,2024,9,20,14
2024-09-20 15:00:00,379.0,108.0,271.0,160.6,23.9,56,18.5,37,1009.8,100,100,0,44,0.0,3016.76,41.7658,-72.6734,2024,9,20,15
2024-09-20 16:00:00,297.0,115.0,182.0,204.0,23.4,58,16.6,49,1009.9,18,16,5,0,0.0,3600.0,41.7658,-72.6734,2024,9,20,16
2024-09-20 17:00:00,285.0,169.0,116.0,405.4,23.2,57,15.1,50,1010.2,23,21,2,0,0.0,3600.0,41.7658,-72.6734,2024,9,20,17
2024-09-20 18:00:00,166.0,110.0,56.0,454.4,21.6,62,15.4,57,1010.8,11,10,1,0,0.0,3600.0,41.7658,-72.6734,2024,9,20,18
2024-09-20 19:00:00,28.0,14.0,14.0,149.3,19.5,69,14.1,50,1011.3,70,70,0,0,0.0,2748.92,41.7658,-72.6734,2024,9,20,19
2024-09-20 20:00:00,0.0,0.0,0.0,0.0,18.5,73,13.1,32,1011.8,88,88,0,0,0.0,0.0,41.7658,-72.6734,2024,9,20,20
2024-09-20 21:00:00,0.0,0.0,0.0,0.0,18.3,74,13.2,26,1012.8,63,63,0,0,0.0,0.0,41.7658,-72.6734,2024,9,20,21
2024-09-20 22:00:00,0.0,0.0,0.0,0.0,17.7,76,12.1,23,1013.0,12,12,0,0,0.0,0.0,41.7658,-72.6734,2024,9,20,22
2024-09-20 23:00:00,0.0,0.0,0.0,0.0,17.0,79,12.0,16,1012.8,29,29,0,0,0.0,0.0,41.7658,-72.6734,2024,9,20,23
2024-09-21 00:00:00,0.0,0.0,0.0,0.0,16.7,81,12.9,13,1012.6,21,21,0,0,0.0,0.0,41.7658,-72.6734,2024,9,21,0
2024-09-21 01:00:00,0.0,0.0,0.0,0.0,16.4,82,13.7,14,1012.6,17,17,0,0,0.0,0.0,41.7658,-72.6734,2024,9,21,1
2024-09-21 02:00:00,0.0,0.0,0.0,0.0,16.0,81,14.2,7,1012.6,38,38,0,0,0.0,0.0,41.7658,-72.6734,2024,9,21,2
2024-09-21 03:00:00,0.0,0.0,0.0,0.0,15.8,80,14.9,7,1012.3,5,0,5,0,0.0,0.0,41.7658,-72.6734,2024,9,21,3
2024-09-21 04:00:00,0.0,0.0,0.0,0.0,15.5,81,15.2,4,1012.0,2,0,2,0,0.0,0.0,41.7658,-72.6734,2024,9,21,4
2024-09-21 05:00:00,0.0,0.0,0.0,0.0,15.2,83,15.1,1,1012.0,3,0,2,0,0.0,0.0,41.7658,-72.6734,2024,9,21,5
2024-09-21 06:00:00,0.0,0.0,0.0,0.0,14.9,84,15.2,4,1011.9,2,1,0,1,0.0,0.0,41.7658,-72.6734,2024,9,21,6
2024-09-21 07:00:00,4.0,1.0,3.0,19.1,14.7,84,14.8,6,1012.3,45,0,0,45,0.0,0.0,41.7658,-72.6734,2024,9,21,7
2024-09-21 08:00:00,100.0,58.0,42.0,375.4,16.3,76,16.2,13,1012.7,14,2,0,12,0.0,3600.0,41.7658,-72.6734,2024,9,21,8
2024-09-21 09:00:00,86.0,0.0,86.0,0.0,17.2,71,14.7,11,1013.0,100,0,100,24,0.0,0.0,41.7658,-72.6734,2024,9,21,9
2024-09-21 10:00:00,125.0,4.0,121.0,8.0,17.7,70,15.4,21,1013.2,100,14,100,100,0.0,0.0,41.7658,-72.6734,2024,9,21,10
2024-09-21 11:00:00,183.0,17.0,166.0,27.2,18.2,70,16.8,28,1013.0,96,14,27,94,0.0,0.0,41.7658,-72.6734,2024,9,21,11
2024-09-21 12:00:00,445.0,186.0,259.0,262.2,19.9,62,18.9,31,1012.5,100,16,100,55,0.0,3600.0,41.7658,-72.6734,2024,9,21,12
2024-09-21 13:00:00,267.0,23.0,244.0,30.8,19.2,66,15.2,31,1012.3,100,24,100,97,0.0,0.0,41.7658,-72.6734,2024,9,21,13
2024-09-21 14:00:00,328.0,54.0,274.0,73.8,19.6,63,15.8,35,1011.9,100,12,100,94,0.0,414.6,41.7658,-72.6734,2024,9,21,14
2024-09-21 15:00:00,241.0,32.0,209.0,47.9,18.8,66,14.7,31,1011.6,100,5,100,92,0.0,0.0,41.7658,-72.6734,2024,9,21,15
2024-09-21 16:00:00,160.0,21.0,139.0,37.6,18.0,70,13.5,34,1011.7,100,19,100,99,0.2,0.0,41.7658,-72.6734,2024,9,21,16
2024-09-21 17:00:00,91.0,10.0,81.0,24.3,17.2,76,13.2,35,1011.7,100,26,100,57,0.3,0.0,41.7658,-72.6734,2024,9,21,17
2024-09-21 18:00:00,46.0,0.0,46.0,0.0,16.5,78,13.1,32,1012.0,100,14,100,85,0.1,0.0,41.7658,-72.6734,2024,9,21,18
2024-09-21 19:00:00,8.0,0.0,8.0,0.0,15.9,81,11.1,25,1012.0,100,42,100,76,0.0,0.0,41.7658,-72.6734,2024,9,21,19
2024-09-21 20:00:00,0.0,0.0,0.0,0.0,15.6,82,11.3,22,1012.3,100,65,100,31,0.0,0.0,41.7658,-72.6734,2024,9,21,20
2024-09-21 21:00:00,0.0,0.0,0.0,0.0,15.9,85,11.2,33,1012.7,100,7,39,100,0.0,0.0,41.7658,-72.6734,2024,9,21,21
2024-09-21 22:00:00,0.0,0.0,0.0,0.0,15.6,85,11.6,26,1012.8,100,16,48,100,0.0,0.0,41.7658,-72.6734,2024,9,21,22
2024-09-21 23:00:00,0.0,0.0,0.0,0.0,15.1,86,10.9,17,1012.6,100,28,11,100,0.0,0.0,41.7658,-72.6734,2024,9,21,23
2024-09-22 00:00:00,0.0,0.0,0.0,0.0,14.8,86,10.8,15,1012.5,100,16,1,100,0.0,0.0,41.7658,-72.6734,2024,9,22,0
2024-09-22 01:00:00,0.0,0.0,0.0,0.0,14.5,88,11.4,18,1012.2,93,4,9,92,0.0,0.0,41.7658,-72.6734,2024,9,22,1
2024-09-22 02:00:00,0.0,0.0,0.0,0.0,14.2,89,9.8,8,1012.4,98,4,5,98,0.0,0.0,41.7658,-72.6734,2024,9,22,2
2024-09-22 03:00:00,0.0,0.0,0.0,0.0,13.8,92,8.4,7,1012.3,98,3,0,98,0.0,0.0,41.7658,-72.6734,2024,9,22,3
2024-09-22 04:00:00,0.0,0.0,0.0,0.0,13.2,96,9.4,4,1012.2,100,5,0,100,0.0,0.0,41.7658,-72.6734,2024,9,22,4
2024-09-22 05:00:00,0.0,0.0,0.0,0.0,12.8,97,10.1,2,1012.2,100,1,0,100,0.0,0.0,41.7658,-72.6734,2024,9,22,5
2024-09-22 06:00:00,0.0,0.0,0.0,0.0,12.7,97,9.7,360,1012.4,100,0,0,100,0.0,0.0,41.7658,-72.6734,2024,9,22,6
2024-09-22 07:00:00,3.0,0.0,3.0,0.0,12.7,97,10.5,6,1013.0,100,0,0,100,0.0,0.0,41.7658,-72.6734,2024,9,22,7
2024-09-22 08:00:00,85.0,37.0,48.0,244.9,14.0,89,9.7,2,1013.4,55,0,54,1,0.0,3600.0,41.7658,-72.6734,2024,9,22,8
2024-09-22 09:00:00,212.0,108.0,104.0,323.2,16.0,76,12.3,15,1013.7,99,0,99,0,0.0,3600.0,41.7658,-72.6734,2024,9,22,9
2024-09-22 10:00:00,207.0,18.0,189.0,36.4,16.7,71,12.2,19,1013.9,100,0,100,0,0.0,0.0,41.7658,-72.6734,2024,9,22,10
2024-09-22 11:00:00,347.0,96.0,251.0,154.6,18.3,66,13.8,28,1013.8,100,31,100,0,0.0,2837.17,41.7658,-72.6734,2024,9,22,11
2024-09-22 12:00:00,375.0,87.0,288.0,123.4,19.8,56,16.1,48,1013.3,48,48,0,0,0.0,1900.82,41.7658,-72.6734,2024,9,22,12
2024-09-22 13:00:00,608.0,383.0,225.0,516.7,21.6,49,15.8,47,1012.8,100,100,4,0,0.0,3600.0,41.7658,-72.6734,2024,9,22,13
2024-09-22 14:00:00,444.0,157.0,287.0,216.0,21.6,48,13.8,41,1012.4,98,98,1,0,0.0,3600.0,41.7658,-72.6734,2024,9,22,14
2024-09-22 15:00:00,374.0,135.0,239.0,203.8,21.8,47,13.0,42,1012.4,98,98,6,5,0.0,3600.0,41.7658,-72.6734,2024,9,22,15
2024-09-22 16:00:00,312.0,84.0,228.0,151.9,21.5,47,13.0,46,1012.4,99,98,0,17,0.0,2756.22,41.7658,-72.6734,2024,9,22,16
2024-09-22 17:00:00,236.0,82.0,154.0,202.1,20.7,49,14.5,60,1012.3,92,91,0,3,0.0,3600.0,41.7658,-72.6734,2024,9,22,17
2024-09-22 18:00:00,97.0,24.0,73.0,104.0,18.9,55,13.9,69,1013.0,84,84,1,0,0.0,1319.96,41.7658,-72.6734,2024,9,22,18
2024-09-22 19:00:00,12.0,0.0,12.0,0.0,17.9,59,11.1,65,1013.4,100,100,0,0,0.0,0.0,41.7658,-72.6734,2024,9,22,19
2024-09-22 20:00:00,0.0,0.0,0.0,0.0,16.6,64,12.1,63,1014.0,33,26,0,9,0.0,0.0,41.7658,-72.6734,2024,9,22,20
2024-09-22 21:00:00,0.0,0.0,0.0,0.0,14.9,72,8.2,41,1015.1,20,12,1,9,0.0,0.0,41.7658,-72.6734,2024,9,22,21
2024-09-22 22:00:00,0.0,0.0,0.0,0.0,14.1,76,9.0,29,1015.2,6,6,0,0,0.0,0.0,41.7658,-72.6734,2024,9,22,22
2024-09-22 23:00:00,0.0,0.0,0.0,0.0,13.1,81,8.0,18,1015.2,8,6,0,2,0.0,0.0,41.7658,-72.6734,2024,9,22,23
2024-09-23 00:00:00,0.0,0.0,0.0,0.0,12.4,86,8.0,10,1015.2,10,6,0,4,0.0,0.0,41.7658,-72.6734,2024,9,23,0
2024-09-23 01:00:00,0.0,0.0,0.0,0.0,11.8,91,9.3,16,1014.9,42,0,0,42,0.0,0.0,41.7658,-72.6734,2024,9,23,1
2024-09-23 02:00:00,0.0,0.0,0.0,0.0,11.5,94,9.1,7,1014.8,1,0,0,1,0.0,0.0,41.7658,-72.6734,2024,9,23,2
2024-09-23 03:00:00,0.0,0.0,0.0,0.0,11.1,96,8.3,355,1014.7,4,3,0,1,0.0,0.0,41.7658,-72.6734,2024,9,23,3
2024-09-23 04:00:00,0.0,0.0,0.0,0.0,10.9,97,9.0,5,1014.5,9,0,0,9,0.0,0.0,41.7658,-72.6734,2024,9,23,4
2024-09-23 05:00:00,0.0,0.0,0.0,0.0,10.7,98,8.7,353,1014.5,75,0,0,75,0.0,0.0,41.7658,-72.6734,2024,9,23,5
2024-09-23 06:00:00,0.0,0.0,0.0,0.0,10.5,98,9.1,7,1014.5,18,1,0,18,0.0,0.0,41.7658,-72.6734,2024,9,23,6
2024-09-23 07:00:00,3.0,1.0,2.0,19.1,10.4,98,8.7,5,1014.7,93,1,0,93,0.0,0.0,41.7658,-72.6734,2024,9,23,7
2024-09-23 08:00:00,84.0,31.0,53.0,209.9,12.1,89,7.6,352,1015.3,99,2,8,99,0.0,3600.0,41.7658,-72.6734,2024,9,23,8
2024-09-23 09:00:00,193.0,57.0,136.0,172.4,14.2,79,7.3,11,1015.5,98,12,5,97,0.0,3371.22,41.7658,-72.6734,2024,9,23,9
2024-09-23 10:00:00,369.0,200.0,169.0,407.5,17.1,66,10.3,54,1015.7,100,72,2,100,0.0,3600.0,41.7658,-72.6734,2024,9,23,10
2024-09-23 11:00:00,348.0,114.0,234.0,184.7,18.3,58,12.2,62,1015.4,96,87,5,65,0.0,3600.0,41.7658,-72.6734,2024,9,23,11
2024-09-23 12:00:00,400.0,117.0,283.0,166.9,19.1,53,10.8,60,1015.1,75,74,3,3,0.0,3206.81,41.7658,-72.6734,2024,9,23,12
2024-09-23 13:00:00,437.0,152.0,285.0,206.3,19.8,49,10.7,57,1014.6,78,49,50,17,0.0,3600.0,41.7658,-72.6734,2024,9,23,13
2024-09-23 14:00:00,487.0,235.0,252.0,325.5,20.4,47,9.2,59,1014.2,98,51,14,95,0.0,3600.0,41.7658,-72.6734,2024,9,23,14
2024-09-23 15:00:00,371.0,93.0,278.0,141.5,20.5,45,10.2,72,1013.5,100,64,83,100,0.0,2443.63,41.7658,-72.6734,2024,9,23,15
2024-09-23 16:00:00,175.0,8.0,167.0,14.6,19.5,49,11.9,76,1013.5,76,2,46,55,0.0,0.0,41.7658,-72.6734,2024,9,23,16
2024-09-23 17:00:00,257.0,112.0,145.0,279.8,19.5,51,10.7,76,1013.8,100,37,100,100,0.0,3600.0,41.7658,-72.6734,2024,9,23,17
2024-09-23 18:00:00,75.0,11.0,64.0,48.9,18.4,54,9.6,77,1013.9,92,8,91,11,0.0,0.0,41.7658,-72.6734,2024,9,23,18
2024-09-23 19:00:00,16.0,4.0,12.0,47.0,17.1,61,10.1,73,1014.3,17,7,3,9,0.0,17.18,41.7658,-72.6734,2024,9,23,19
2024-09-23 20:00:00,0.0,0.0,0.0,0.0,16.0,68,10.7,78,1014.8,13,5,5,3,0.0,0.0,41.7658,-72.6734,2024,9,23,20
2024-09-23 21:00:00,0.0,0.0,0.0,0.0,14.5,77,9.3,77,1015.7,45,5,0,42,0.0,0.0,41.7658,-72.6734,2024,9,23,21
2024-09-23 22:00:00,0.0,0.0,0.0,0.0,13.4,83,8.7,60,1016.0,81,8,4,79,0.0,0.0,41.7658,-72.6734,2024,9,23,22
2024-09-23 23:00:00,0.0,0.0,0.0,0.0,12.6,89,7.5,55,1016.1,28,0,8,22,0.0,0.0,41.7658,-72.6734,2024,9,23,23
2024-09-24 00:00:00,0.0,0.0,0.0,0.0,12.1,92,6.8,25,1016.2,6,0,3,3,0.0,0.0,41.7658,-72.6734,2024,9,24,0
2024-09-24 01:00:00,0.0,0.0,0.0,0.0,11.5,95,7.6,8,1016.3,8,0,0,8,0.0,0.0,41.7658,-72.6734,2024,9,24,1
2024-09-24 02:00:00,0.0,0.0,0.0,0.0,11.1,97,7.9,3,1016.5,29,0,0,29,0.0,0.0,41.7658,-72.6734,2024,9,24,2
2024-09-24 03:00:00,0.0,0.0,0.0,0.0,10.7,98,8.7,7,1016.5,13,4,1,8,0.0,0.0,41.7658,-72.6734,2024,9,24,3
2024-09-24 04:00:00,0.0,0.0,0.0,0.0,10.4,99,8.4,10,1016.5,52,4,0,50,0.0,0.0,41.7658,-72.6734,2024,9,24,4
2024-09-24 05:00:00,0.0,0.0,0.0,0.0,10.1,98,7.6,5,1016.6,89,10,0,88,0.0,0.0,41.7658,-72.6734,2024,9,24,5
2024-09-24 06:00:00,0.0,0.0,0.0,0.0,9.9,99,7.2,354,1017.2,99,19,0,99,0.0,0.0,41.7658,-72.6734,2024,9,24,6
2024-09-24 07:00:00,2.0,0.0,2.0,0.0,10.0,99,8.6,2,1017.7,81,9,0,79,0.0,0.0,41.7658,-72.6734,2024,9,24,7
2024-09-24 08:00:00,90.0,49.0,41.0,339.7,11.6,91,7.6,360,1018.3,100,9,0,100,0.0,3600.0,41.7658,-72.6734,2024,9,24,8
2024-09-24 09:00:00,262.0,181.0,81.0,553.3,13.9,79,8.0,10,1018.3,100,1,0,100,0.0,3600.0,41.7658,-72.6734,2024,9,24,9
2024-09-24 10:00:00,421.0,292.0,129.0,599.5,16.6,66,8.2,41,1018.4,100,75,0,100,0.0,3600.0,41.7658,-72.6734,2024,9,24,10
2024-09-24 11:00:00,398.0,170.0,228.0,277.2,18.3,56,11.2,75,1017.9,100,100,0,100,0.0,3600.0,41.7658,-72.6734,2024,9,24,11
2024-09-24 12:00:00,350.0,110.0,240.0,157.9,18.8,53,11.4,77,1017.8,100,80,0,100,0.0,2935.87,41.7658,-72.6734,2024,9,24,12
2024-09-24 13:00:00,423.0,116.0,307.0,158.4,19.4,50,10.6,80,1017.5,97,93,0,51,0.0,2952.4,41.7658,-72.6734,2024,9,24,13
2024-09-24 14:00:00,456.0,207.0,249.0,288.7,20.4,46,8.3,95,1017.3,100,100,0,0,0.0,3600.0,41.7658,-72.6734,2024,9,24,14
2024-09-24 15:00:00,400.0,139.0,261.0,213.1,20.9,44,8.0,98,1016.7,82,82,0,0,0.0,3600.0,41.7658,-72.6734,2024,9,24,15
2024-09-24 16:00:00,345.0,159.0,186.0,293.1,20.6,47,11.9,88,1016.3,100,100,0,12,0.0,3600.0,41.7658,-72.6734,2024,9,24,16
2024-09-24 17:00:00,199.0,55.0,144.0,139.3,19.7,53,12.3,85,1016.1,100,100,0,29,0.0,2379.46,41.7658,-72.6734,2024,9,24,17
2024-09-24 18:00:00,73.0,3.0,70.0,13.7,18.8,55,9.6,77,1016.4,96,93,0,38,0.0,0.0,41.7658,-72.6734,2024,9,24,18
2024-09-24 19:00:00,12.0,3.0,9.0,36.4,17.9,60,9.2,79,1016.7,98,95,0,61,0.0,0.0,41.7658,-72.6734,2024,9,24,19
2024-09-24 20:00:00,0.0,0.0,0.0,0.0,16.9,64,11.3,83,1017.2,100,11,1,100,0.0,0.0,41.7658,-72.6734,2024,9,24,20
2024-09-24 21:00:00,0.0,0.0,0.0,0.0,15.6,73,10.2,81,1018.3,100,47,0,99,0.0,0.0,41.7658,-72.6734,2024,9,24,21
2024-09-24 22:00:00,0.0,0.0,0.0,0.0,14.6,80,10.8,79,1018.4,100,38,0,100,0.0,0.0,41.7658,-72.6734,2024,9,24,22
2024-09-24 23:00:00,0.0,0.0,0.0,0.0,14.0,85,8.9,81,1018.4,100,20,0,100,0.0,0.0,41.7658,-72.6734,2024,9,24,23
2024-09-25 00:00:00,0.0,0.0,0.0,0.0,13.7,88,6.7,71,1018.4,99,13,9,99,0.0,0.0,41.7658,-72.6734,2024,9,25,0
2024-09-25 01:00:00,0.0,0.0,0.0,0.0,13.2,92,9.2,62,1017.6,100,0,0,100,0.0,0.0,41.7658,-72.6734,2024,9,25,1
2024-09-25 02:00:00,0.0,0.0,0.0,0.0,12.8,93,4.5,56,1017.6,12,0,5,7,0.0,0.0,41.7658,-72.6734,2024,9,25,2
2024-09-25 03:00:00,0.0,0.0,0.0,0.0,12.1,96,3.3,13,1018.1,95,7,83,70,0.0,0.0,41.7658,-72.6734,2024,9,25,3
2024-09-25 04:00:00,0.0,0.0,0.0,0.0,12.4,96,5.6,27,1018.1,100,8,74,98,0.0,0.0,41.7658,-72.6734,2024,9,25,4
2024-09-25 05:00:00,0.0,0.0,0.0,0.0,12.2,97,6.7,31,1018.3,100,12,100,2,0.0,0.0,41.7658,-72.6734,2024,9,25,5
2024-09-25 06:00:00,0.0,0.0,0.0,0.0,12.5,96,7.4,22,1018.4,70,19,19,54,0.0,0.0,41.7658,-72.6734,2024,9,25,6
2024-09-25 07:00:00,2.0,0.0,2.0,0.0,12.1,97,6.0,17,1018.9,100,21,9,100,0.0,0.0,41.7658,-72.6734,2024,9,25,7
2024-09-25 08:00:00,70.0,27.0,43.0,191.8,14.0,86,7.3,59,1019.2,100,26,80,100,0.0,3600.0,41.7658,-72.6734,2024,9,25,8
2024-09-25 09:00:00,219.0,119.0,100.0,367.8,16.0,77,5.8,85,1019.5,100,7,34,100,0.0,3600.0,41.7658,-72.6734,2024,9,25,9
2024-09-25 10:00:00,316.0,119.0,197.0,246.2,17.8,66,10.1,123,1019.5,100,66,74,95,0.0,3600.0,41.7658,-72.6734,2024,9,25,10
2024-09-25 11:00:00,292.0,60.0,232.0,98.5,18.7,59,10.2,126,1019.4,100,100,57,100,0.0,1154.74,41.7658,-72.6734,2024,9,25,11
2024-09-25 12:00:00,210.0,7.0,203.0,10.1,18.9,58,10.8,122,1019.0,100,100,69,100,0.0,0.0,41.7658,-72.6734,2024,9,25,12
2024-09-25 13:00:00,183.0,4.0,179.0,5.5,19.2,58,10.1,131,1019.1,100,100,89,100,0.0,0.0,41.7658,-72.6734,2024,9,25,13
2024-09-25 14:00:00,183.0,6.0,177.0,8.4,19.5,58,9.6,130,1018.4,100,100,96,100,0.0,0.0,41.7658,-72.6734,2024,9,25,14
2024-09-25 15:00:00,153.0,12.0,141.0,18.5,19.5,58,8.8,139,1018.1,100,100,100,100,0.0,0.0,41.7658,-72.6734,2024,9,25,15
2024-09-25 16:00:00,88.0,0.0,88.0,0.0,19.4,58,9.1,131,1017.6,100,100,100,97,0.0,0.0,41.7658,-72.6734,2024,9,25,16
2024-09-25 17:00:00,74.0,0.0,74.0,0.0,19.0,61,9.5,141,1017.9,100,99,91,100,0.0,0.0,41.7658,-72.6734,2024,9,25,17
2024-09-25 18:00:00,37.0,1.0,36.0,4.7,17.8,69,6.1,130,1017.9,100,23,94,99,0.2,0.0,41.7658,-72.6734,2024,9,25,18
2024-09-25 19:00:00,7.0,0.0,7.0,0.0,16.9,77,3.6,110,1017.8,100,27,98,98,0.0,0.0,41.7658,-72.6734,2024,9,25,19
2024-09-25 20:00:00,0.0,0.0,0.0,0.0,16.5,81,3.7,137,1018.3,100,45,86,96,0.0,0.0,41.7658,-72.6734,2024,9,25,20
2024-09-25 21:00:00,0.0,0.0,0.0,0.0,15.0,96,3.8,98,1018.5,100,2,100,100,0.0,0.0,41.7658,-72.6734,2024,9,25,21
2024-09-25 22:00:00,0.0,0.0,0.0,0.0,15.3,93,5.2,149,1018.5,100,3,100,100,0.0,0.0,41.7658,-72.6734,2024,9,25,22
2024-09-25 23:00:00,0.0,0.0,0.0,0.0,15.2,92,5.8,144,1018.2,100,3,60,100,0.0,0.0,41.7658,-72.6734,2024,9,25,23
2024-09-26 00:00:00,0.0,0.0,0.0,0.0,14.4,95,3.7,113,1017.9,99,51,32,98,0.0,0.0,41.7658,-72.6734,2024,9,26,0
2024-09-26 01:00:00,0.0,0.0,0.0,0.0,14.4,95,5.0,105,1017.7,100,100,100,100,0.0,0.0,41.7658,-72.6734,2024,9,26,1
2024-09-26 02:00:00,0.0,0.0,0.0,0.0,14.7,95,8.8,123,1017.2,100,99,47,98,0.0,0.0,41.7658,-72.6734,2024,9,26,2
2024-09-26 03:00:00,0.0,0.0,0.0,0.0,14.9,95,6.5,114,1017.1,100,100,24,98,0.0,0.0,41.7658,-72.6734,2024,9,26,3
2024-09-26 04:00:00,0.0,0.0,0.0,0.0,14.9,95,8.2,119,1016.7,100,100,91,100,0.0,0.0,41.7658,-72.6734,2024,9,26,4
2024-09-26 05:00:00,0.0,0.0,0.0,0.0,15.2,92,8.1,119,1016.6,100,100,100,100,0.0,0.0,41.7658,-72.6734,2024,9,26,5
2024-09-26 06:00:00,0.0,0.0,0.0,0.0,15.3,92,8.2,131,1016.3,100,100,100,100,0.0,0.0,41.7658,-72.6734,2024,9,26,6
2024-09-26 07:00:00,0.0,0.0,0.0,0.0,15.5,93,8.8,139,1016.2,100,99,100,100,0.0,0.0,41.7658,-72.6734,2024,9,26,7
2024-09-26 08:00:00,12.0,0.0,12.0,0.0,16.0,92,7.8,138,1016.3,100,100,100,100,0.0,0.0,41.7658,-72.6734,2024,9,26,8
2024-09-26 09:00:00,47.0,0.0,47.0,0.0,17.7,85,7.9,150,1016.0,100,100,22,100,0.0,0.0,41.7658,-72.6734,2024,9,26,9
2024-09-26 10:00:00,86.0,0.0,86.0,0.0,18.7,83,6.6,164,1015.9,100,100,23,100,0.0,0.0,41.7658,-72.6734,2024,9,26,10
2024-09-26 11:00:00,177.0,2.0,175.0,3.3,20.3,80,14.6,179,1015.8,100,100,91,100,0.3,0.0,41.7658,-72.6734,2024,9,26,11
2024-09-26 12:00:00,121.0,0.0,121.0,0.0,20.1,85,12.8,169,1015.3,100,92,16,100,0.5,0.0,41.7658,-72.6734,2024,9,26,12
2024-09-26 13:00:00,343.0,57.0,286.0,78.8,22.0,79,17.1,179,1014.4,100,100,34,100,0.1,564.71,41.7658,-72.6734,2024,9,26,13
2024-09-26 14:00:00,147.0,4.0,143.0,5.7,21.6,82,15.7,183,1013.8,100,100,97,100,0.1,0.0,41.7658,-72.6734,2024,9,26,14
2024-09-26 15:00:00,109.0,0.0,109.0,0.0,21.7,83,17.5,188,1012.6,100,100,67,100,0.1,0.0,41.7658,-72.6734,2024,9,26,15
2024-09-26 16:00:00,127.0,4.0,123.0,7.5,21.5,88,16.2,192,1012.2,100,53,65,100,0.7,0.0,41.7658,-72.6734,2024,9,26,16
2024-09-26 17:00:00,121.0,8.0,113.0,20.8,21.1,91,16.1,196,1011.6,100,100,19,100,0.1,0.0,41.7658,-72.6734,2024,9,26,17
2024-09-26 18:00:00,57.0,0.0,57.0,0.0,20.9,94,13.3,196,1011.8,100,100,97,100,0.0,0.0,41.7658,-72.6734,2024,9,26,18
2024-09-26 19:00:00,6.0,0.0,6.0,0.0,20.7,96,13.2,197,1012.0,100,100,90,100,0.0,0.0,41.7658,-72.6734,2024,9,26,19
2024-09-26 20:00:00,0.0,0.0,0.0,0.0,20.7,97,13.5,203,1011.8,100,100,45,100,0.0,0.0,41.7658,-72.6734,2024,9,26,20
2024-09-26 21:00:00,0.0,0.0,0.0,0.0,20.0,98,7.6,338,1013.1,100,100,41,100,1.2,0.0,41.7658,-72.6734,2024,9,26,21
2024-09-26 22:00:00,0.0,0.0,0.0,0.0,19.6,98,6.9,7,1013.3,100,100,48,100,1.0,0.0,41.7658,-72.6734,2024,9,26,22
2024-09-26 23:00:00,0.0,0.0,0.0,0.0,19.1,98,6.1,3,1013.2,100,100,44,100,0.4,0.0,41.7658,-72.6734,2024,9,26,23
2024-09-27 00:00:00,0.0,0.0,0.0,0.0,18.9,98,5.4,6,1013.2,100,100,75,100,0.2,0.0,41.7658,-72.6734,2024,9,27,0
2024-09-27 01:00:00,0.0,0.0,0.0,0.0,18.7,98,4.0,10,1013.0,100,100,96,100,0.1,0.0,41.7658,-72.6734,2024,9,27,1
2024-09-27 02:00:00,0.0,0.0,0.0,0.0,18.5,99,2.3,39,1012.7,100,100,99,100,0.0,0.0,41.7658,-72.6734,2024,9,27,2
2024-09-27 03:00:00,0.0,0.0,0.0,0.0,18.3,98,2.3,61,1012.1,100,100,91,100,0.0,0.0,41.7658,-72.6734,2024,9,27,3
2024-09-27 04:00:00,0.0,0.0,0.0,0.0,17.8,98,2.4,9,1012.1,100,100,100,100,0.0,0.0,41.7658,-72.6734,2024,9,27,4
2024-09-27 05:00:00,0.0,0.0,0.0,0.0,17.4,100,1.7,347,1012.4,100,100,100,100,0.0,0.0,41.7658,-72.6734,2024,9,27,5
2024-09-27 06:00:00,0.0,0.0,0.0,0.0,17.6,100,5.5,11,1012.5,100,100,100,100,0.0,0.0,41.7658,-72.6734,2024,9,27,6
2024-09-27 07:00:00,1.0,0.0,1.0,0.0,17.1,100,5.3,28,1012.9,100,100,74,100,0.0,0.0,41.7658,-72.6734,2024,9,27,7
2024-09-27 08:00:00,43.0,0.0,43.0,0.0,17.4,99,6.2,12,1013.5,100,100,37,100,0.0,0.0,41.7658,-72.6734,2024,9,27,8
2024-09-27 09:00:00,139.0,30.0,109.0,94.8,17.9,91,4.9,2,1013.7,74,17,2,69,0.0,1044.78,41.7658,-72.6734,2024,9,27,9
2024-09-27 10:00:00,367.0,208.0,159.0,437.2,19.5,84,4.9,2,1013.7,96,36,0,94,0.0,3600.0,41.7658,-72.6734,2024,9,27,10
2024-09-27 11:00:00,541.0,397.0,144.0,660.4,21.3,74,5.1,8,1013.1,100,22,2,100,0.0,3600.0,41.7658,-72.6734,2024,9,27,11
2024-09-27 12:00:00,478.0,239.0,239.0,349.4,22.1,67,2.7,356,1013.1,100,1,49,100,0.0,3600.0,41.7658,-72.6734,2024,9,27,12
2024-09-27 13:00:00,413.0,179.0,234.0,249.1,22.7,60,1.5,277,1012.7,100,0,17,100,0.0,3600.0,41.7658,-72.6734,2024,9,27,13
2024-09-27 14:00:00,588.0,357.0,231.0,508.2,24.0,53,1.0,248,1011.8,100,1,9,100,0.0,3600.0,41.7658,-72.6734,2024,9,27,14
2024-09-27 15:00:00,515.0,284.0,231.0,445.8,24.3,51,1.0,225,1010.9,100,1,10,100,0.0,3600.0,41.7658,-72.6734,2024,9,27,15
2024-09-27 16:00:00,380.0,171.0,209.0,324.8,24.3,50,1.8,225,1010.7,100,1,15,100,0.0,3600.0,41.7658,-72.6734,2024,9,27,16
2024-09-27 17:00:00,224.0,59.0,165.0,155.9,23.8,52,1.7,221,1010.5,100,0,3,100,0.0,2878.26,41.7658,-72.6734,2024,9,27,17
2024-09-27 18:00:00,91.0,8.0,83.0,39.4,22.2,68,2.8,191,1011.2,100,0,2,100,0.0,0.0,41.7658,-72.6734,2024,9,27,18
2024-09-27 19:00:00,10.0,0.0,10.0,0.0,20.9,70,5.3,52,1010.5,100,0,0,100,0.0,0.0,41.7658,-72.6734,2024,9,27,19
2024-09-27 20:00:00,0.0,0.0,0.0,0.0,19.2,77,4.3,92,1010.9,100,0,0,100,0.0,0.0,41.7658,-72.6734,2024,9,27,20
2024-09-27 21:00:00,0.0,0.0,0.0,0.0,18.5,82,6.0,164,1011.7,100,0,0,100,0.0,0.0,41.7658,-72.6734,2024,9,27,21
2024-09-27 22:00:00,0.0,0.0,0.0,0.0,17.8,86,6.5,193,1012.3,100,0,0,100,0.0,0.0,41.7658,-72.6734,2024,9,27,22
2024-09-27 23:00:00,0.0,0.0,0.0,0.0,17.2,92,4.2,190,1013.0,100,5,6,100,0.0,0.0,41.7658,-72.6734,2024,9,27,23
2024-09-28 00:00:00,0.0,0.0,0.0,0.0,17.0,91,3.8,79,1012.8,100,0,4,100,0.0,0.0,41.7658,-72.6734,2024,9,28,0
2024-09-28 01:00:00,0.0,0.0,0.0,0.0,16.7,93,2.4,77,1012.9,100,8,0,100,0.0,0.0,41.7658,-72.6734,2024,9,28,1
2024-09-28 02:00:00,0.0,0.0,0.0,0.0,16.1,96,7.6,27,1012.5,98,2,7,98,0.0,0.0,41.7658,-72.6734,2024,9,28,2
2024-09-28 03:00:00,0.0,0.0,0.0,0.0,15.8,96,8.4,20,1012.2,97,3,16,97,0.0,0.0,41.7658,-72.6734,2024,9,28,3
2024-09-28 04:00:00,0.0,0.0,0.0,0.0,15.4,97,7.8,22,1012.0,100,5,21,100,0.0,0.0,41.7658,-72.6734,2024,9,28,4
2024-09-28 05:00:00,0.0,0.0,0.0,0.0,15.2,97,7.2,27,1012.1,100,0,35,100,0.0,0.0,41.7658,-72.6734,2024,9,28,5
2024-09-28 06:00:00,0.0,0.0,0.0,0.0,15.4,94,7.3,17,1011.9,100,1,2,100,0.0,0.0,41.7658,-72.6734,2024,9,28,6
2024-09-28 07:00:00,1.0,0.0,1.0,0.0,15.4,94,7.2,13,1012.4,100,19,13,100,0.0,0.0,41.7658,-72.6734,2024,9,28,7
2024-09-28 08:00:00,41.0,2.0,39.0,15.1,16.5,89,7.3,9,1012.7,100,0,24,100,0.0,0.0,41.7658,-72.6734,2024,9,28,8
2024-09-28 09:00:00,81.0,0.0,81.0,0.0,17.6,84,6.2,8,1013.0,100,100,90,50,0.0,0.0,41.7658,-72.6734,2024,9,28,9
2024-09-28 10:00:00,237.0,72.0,165.0,152.6,19.7,76,7.0,32,1012.9,97,92,94,0,0.0,2776.95,41.7658,-72.6734,2024,9,28,10
2024-09-28 11:00:00,348.0,169.0,179.0,283.0,21.4,66,8.8,70,1012.4,91,1,91,0,0.0,3600.0,41.7658,-72.6734,2024,9,28,11
2024-09-28 12:00:00,407.0,176.0,231.0,259.0,22.3,57,11.2,101,1012.3,87,3,87,0,0.0,3600.0,41.7658,-72.6734,2024,9,28,12
2024-09-28 13:00:00,242.0,14.0,228.0,19.6,21.6,60,10.9,103,1011.8,99,68,96,0,0.0,0.0,41.7658,-72.6734,2024,9,28,13
2024-09-28 14:00:00,212.0,0.0,212.0,0.0,21.7,61,9.7,90,1011.4,100,100,51,0,0.0,0.0,41.7658,-72.6734,2024,9,28,14
2024-09-28 15:00:00,226.0,28.0,198.0,44.3,22.0,60,8.9,96,1011.3,100,100,99,0,0.0,0.0,41.7658,-72.6734,2024,9,28,15
2024-09-28 16:00:00,151.0,10.0,141.0,19.2,22.0,61,9.7,93,1011.1,100,100,82,0,0.0,0.0,41.7658,-72.6734,2024,9,28,16
2024-09-28 17:00:00,88.0,0.0,88.0,0.0,21.6,64,8.3,89,1011.0,100,100,17,0,0.0,0.0,41.7658,-72.6734,2024,9,28,17
2024-09-28 18:00:00,44.0,2.0,42.0,10.1,20.9,68,8.0,84,1010.9,100,100,14,0,0.0,0.0,41.7658,-72.6734,2024,9,28,18
2024-09-28 19:00:00,8.0,1.0,7.0,14.1,20.0,70,10.1,84,1011.2,100,100,24,0,0.0,0.0,41.7658,-72.6734,2024,9,28,19
2024-09-28 20:00:00,0.0,0.0,0.0,0.0,19.3,72,11.1,98,1011.7,98,97,16,0,0.0,0.0,41.7658,-72.6734,2024,9,28,20
2024-09-28 21:00:00,0.0,0.0,0.0,0.0,18.7,76,10.3,103,1012.5,100,20,90,100,0.0,0.0,41.7658,-72.6734,2024,9,28,21
2024-09-28 22:00:00,0.0,0.0,0.0,0.0,18.2,76,8.9,96,1013.0,100,37,100,100,0.0,0.0,41.7658,-72.6734,2024,9,28,22
2024-09-28 23:00:00,0.0,0.0,0.0,0.0,17.7,76,7.6,97,1013.3,100,69,100,100,0.0,0.0,41.7658,-72.6734,2024,9,28,23
2024-09-29 00:00:00,0.0,0.0,0.0,0.0,17.1,78,8.0,85,1013.4,100,100,100,100,0.0,0.0,41.7658,-72.6734,2024,9,29,0
2024-09-29 01:00:00,0.0,0.0,0.0,0.0,16.5,82,6.7,76,1013.6,100,100,100,99,0.0,0.0,41.7658,-72.6734,2024,9,29,1
2024-09-29 02:00:00,0.0,0.0,0.0,0.0,16.3,83,7.3,57,1013.6,100,92,100,97,0.0,0.0,41.7658,-72.6734,2024,9,29,2
2024-09-29 03:00:00,0.0,0.0,0.0,0.0,16.2,83,7.8,48,1013.1,100,38,100,100,0.0,0.0,41.7658,-72.6734,2024,9,29,3
2024-09-29 04:00:00,0.0,0.0,0.0,0.0,16.1,83,7.1,30,1013.0,100,32,100,70,0.0,0.0,41.7658,-72.6734,2024,9,29,4
2024-09-29 05:00:00,0.0,0.0,0.0,0.0,16.1,83,8.4,28,1013.0,100,32,100,4,0.0,0.0,41.7658,-72.6734,2024,9,29,5
2024-09-29 06:00:00,0.0,0.0,0.0,0.0,16.0,82,8.3,34,1012.9,100,1,100,12,0.0,0.0,41.7658,-72.6734,2024,9,29,6
2024-09-29 07:00:00,0.0,0.0,0.0,0.0,15.9,82,7.6,34,1013.2,100,17,100,95,0.0,0.0,41.7658,-72.6734,2024,9,29,7
2024-09-29 08:00:00,29.0,6.0,23.0,45.9,16.1,80,9.9,52,1013.8,100,54,100,99,0.0,0.0,41.7658,-72.6734,2024,9,29,8
2024-09-29 09:00:00,53.0,0.0,53.0,0.0,16.1,80,8.1,51,1014.1,100,81,92,100,0.0,0.0,41.7658,-72.6734,2024,9,29,9
2024-09-29 10:00:00,109.0,0.0,109.0,0.0,16.7,76,7.7,62,1014.3,100,67,71,100,0.0,0.0,41.7658,-72.6734,2024,9,29,10
2024-09-29 11:00:00,176.0,0.0,176.0,0.0,17.5,71,6.3,77,1014.4,100,55,50,100,0.0,0.0,41.7658,-72.6734,2024,9,29,11
2024-09-29 12:00:00,286.0,33.0,253.0,48.9,18.6,65,4.7,86,1014.1,100,40,99,83,0.0,0.0,41.7658,-72.6734,2024,9,29,12
2024-09-29 13:00:00,271.0,33.0,238.0,46.5,19.1,65,3.5,81,1013.9,100,25,100,94,0.0,0.0,41.7658,-72.6734,2024,9,29,13
2024-09-29 14:00:00,401.0,120.0,281.0,173.2,20.5,59,2.9,83,1013.3,100,68,92,94,0.0,3396.35,41.7658,-72.6734,2024,9,29,14
2024-09-29 15:00:00,346.0,86.0,260.0,137.2,21.1,56,2.8,79,1012.7,100,71,22,99,0.0,2316.05,41.7658,-72.6734,2024,9,29,15
2024-09-29 16:00:00,248.0,53.0,195.0,102.7,21.4,54,2.7,113,1012.1,85,77,35,3,0.0,1282.19,41.7658,-72.6734,2024,9,29,16
2024-09-29 17:00:00,201.0,73.0,128.0,198.6,21.1,56,4.6,144,1011.6,99,97,41,57,0.0,3600.0,41.7658,-72.6734,2024,9,29,17
2024-09-29 18:00:00,91.0,21.0,70.0,109.5,19.5,66,8.1,193,1011.8,100,8,59,100,0.0,1484.19,41.7658,-72.6734,2024,9,29,18
2024-09-29 19:00:00,10.0,1.0,9.0,14.6,17.5,75,9.5,207,1012.3,96,0,75,96,0.0,0.0,41.7658,-72.6734,2024,9,29,19
2024-09-29 20:00:00,0.0,0.0,0.0,0.0,16.5,81,4.9,246,1012.8,9,1,6,2,0.0,0.0,41.7658,-72.6734,2024,9,29,20
2024-09-29 21:00:00,0.0,0.0,0.0,0.0,14.7,95,2.4,126,1013.3,9,6,1,3,0.0,0.0,41.7658,-72.6734,2024,9,29,21
2024-09-29 22:00:00,0.0,0.0,0.0,0.0,14.3,98,0.7,76,1013.4,13,1,0,12,0.0,0.0,41.7658,-72.6734,2024,9,29,22
2024-09-29 23:00:00,0.0,0.0,0.0,0.0,13.7,100,0.4,90,1013.3,100,100,0,9,0.0,0.0,41.7658,-72.6734,2024,9,29,23
2024-09-30 00:00:00,0.0,0.0,0.0,0.0,13.5,100,2.8,281,1013.3,100,99,0,64,0.0,0.0,41.7658,-72.6734,2024,9,30,0
2024-09-30 01:00:00,0.0,0.0,0.0,0.0,12.6,100,1.5,284,1013.3,100,100,0,88,0.0,0.0,41.7658,-72.6734,2024,9,30,1
2024-09-30 02:00:00,0.0,0.0,0.0,0.0,12.8,100,1.2,63,1013.3,100,100,0,29,0.0,0.0,41.7658,-72.6734,2024,9,30,2
2024-09-30 03:00:00,0.0,0.0,0.0,0.0,12.5,100,1.7,13,1013.0,100,100,0,28,0.0,0.0,41.7658,-72.6734,2024,9,30,3
2024-09-30 04:00:00,0.0,0.0,0.0,0.0,12.6,99,2.2,5,1013.0,100,100,0,60,0.0,0.0,41.7658,-72.6734,2024,9,30,4
2024-09-30 05:00:00,0.0,0.0,0.0,0.0,12.2,100,3.1,353,1013.1,100,100,0,86,0.0,0.0,41.7658,-72.6734,2024,9,30,5
2024-09-30 06:00:00,0.0,0.0,0.0,0.0,12.2,99,3.5,339,1013.4,100,100,0,92,0.0,0.0,41.7658,-72.6734,2024,9,30,6
2024-09-30 07:00:00,1.0,0.0,1.0,0.0,12.1,100,4.8,349,1013.8,100,100,0,100,0.0,0.0,41.7658,-72.6734,2024,9,30,7
2024-09-30 08:00:00,41.0,1.0,40.0,7.8,12.6,98,6.3,3,1014.6,100,100,0,100,0.0,0.0,41.7658,-72.6734,2024,9,30,8
2024-09-30 09:00:00,132.0,14.0,118.0,45.8,14.2,92,7.1,9,1015.0,100,100,0,100,0.0,0.0,41.7658,-72.6734,2024,9,30,9
2024-09-30 10:00:00,272.0,71.0,201.0,153.0,16.3,83,7.3,10,1015.1,100,33,0,100,0.0,2788.57,41.7658,-72.6734,2024,9,30,10
2024-09-30 11:00:00,460.0,217.0,243.0,368.5,18.5,74,7.0,4,1014.9,100,2,0,100,0.0,3600.0,41.7658,-72.6734,2024,9,30,11
2024-09-30 12:00:00,596.0,398.0,198.0,593.3,21.0,65,7.1,36,1014.5,94,25,0,92,0.0,3600.0,41.7658,-72.6734,2024,9,30,12
2024-09-30 13:00:00,616.0,443.0,173.0,628.7,23.2,54,9.1,60,1014.0,92,58,0,81,0.0,3600.0,41.7658,-72.6734,2024,9,30,13
2024-09-30 14:00:00,378.0,144.0,234.0,209.3,23.5,51,8.2,50,1013.3,100,99,25,73,0.0,3600.0,41.7658,-72.6734,2024,9,30,14
2024-09-30 15:00:00,278.0,60.0,218.0,96.5,23.5,50,9.3,58,1012.8,99,95,66,82,0.0,1095.47,41.7658,-72.6734,2024,9,30,15
2024-09-30 16:00:00,221.0,61.0,160.0,119.5,22.9,53,9.6,74,1013.0,91,89,71,12,0.0,1784.48,41.7658,-72.6734,2024,9,30,16
2024-09-30 17:00:00,171.0,75.0,96.0,207.2,22.2,57,7.8,94,1012.8,53,10,23,38,0.0,3600.0,41.7658,-72.6734,2024,9,30,17
2024-09-30 18:00:00,122.0,71.0,51.0,381.1,20.6,66,6.0,107,1013.1,91,1,5,91,0.0,3600.0,41.7658,-72.6734,2024,9,30,18
2024-09-30 19:00:00,10.0,3.0,7.0,45.8,18.8,73,8.7,117,1013.6,100,9,8,100,0.0,70.44,41.7658,-72.6734,2024,9,30,19
2024-09-30 20:00:00,0.0,0.0,0.0,0.0,17.4,81,6.7,160,1014.1,100,5,0,100,0.0,0.0,41.7658,-72.6734,2024,9,30,20
2024-09-30 21:00:00,0.0,0.0,0.0,0.0,15.5,90,7.4,174,1014.9,99,1,0,99,0.0,0.0,41.7658,-72.6734,2024,9,30,21
2024-09-30 22:00:00,0.0,0.0,0.0,0.0,14.8,93,3.4,180,1015.0,100,1,0,100,0.0,0.0,41.7658,-72.6734,2024,9,30,22
2024-09-30 23:00:00,0.0,0.0,0.0,0.0,14.3,96,2.3,157,1015.2,99,3,0,99,0.0,0.0,41.7658,-72.6734,2024,9,30,23
2024-10-01 00:00:00,0.0,0.0,0.0,0.0,13.7,98,1.4,90,1015.3,99,1,0,99,0.0,0.0,41.7658,-72.6734,2024,10,1,0
2024-10-01 01:00:00,0.0,0.0,0.0,0.0,13.2,100,2.6,25,1015.3,100,98,0,99,0.0,0.0,41.7658,-72.6734,2024,10,1,1
2024-10-01 02:00:00,0.0,0.0,0.0,0.0,13.0,100,3.1,10,1015.3,100,100,0,96,0.0,0.0,41.7658,-72.6734,2024,10,1,2
2024-10-01 03:00:00,0.0,0.0,0.0,0.0,12.8,100,5.3,28,1015.0,100,99,0,100,0.0,0.0,41.7658,-72.6734,2024,10,1,3
2024-10-01 04:00:00,0.0,0.0,0.0,0.0,12.8,100,5.6,22,1014.9,100,99,0,100,0.0,0.0,41.7658,-72.6734,2024,10,1,4
2024-10-01 05:00:00,0.0,0.0,0.0,0.0,12.8,100,5.8,7,1015.1,100,100,0,98,0.0,0.0,41.7658,-72.6734,2024,10,1,5
2024-10-01 06:00:00,0.0,0.0,0.0,0.0,12.6,100,5.9,18,1015.2,100,99,0,100,0.0,0.0,41.7658,-72.6734,2024,10,1,6
2024-10-01 07:00:00,0.0,0.0,0.0,0.0,12.4,100,6.7,20,1015.5,100,94,0,100,0.0,0.0,41.7658,-72.6734,2024,10,1,7
2024-10-01 08:00:00,54.0,7.0,47.0,55.1,13.3,93,5.6,360,1015.8,66,7,0,63,0.0,0.0,41.7658,-72.6734,2024,10,1,8
2024-10-01 09:00:00,236.0,163.0,73.0,540.3,15.7,81,4.9,4,1015.9,34,0,0,34,0.0,3600.0,41.7658,-72.6734,2024,10,1,9
2024-10-01 10:00:00,418.0,337.0,81.0,732.2,18.1,72,5.0,15,1015.9,75,0,0,75,0.0,3600.0,41.7658,-72.6734,2024,10,1,10
2024-10-01 11:00:00,516.0,362.0,154.0,619.1,20.1,64,7.7,53,1015.6,81,11,0,79,0.0,3600.0,41.7658,-72.6734,2024,10,1,11
2024-10-01 12:00:00,583.0,381.0,202.0,571.7,21.4,56,12.5,74,1015.0,23,13,0,11,0.0,3600.0,41.7658,-72.6734,2024,10,1,12
2024-10-01 13:00:00,672.0,556.0,116.0,794.4,22.0,51,13.0,72,1014.4,81,12,0,79,0.0,3600.0,41.7658,-72.6734,2024,10,1,13
2024-10-01 14:00:00,637.0,496.0,141.0,726.3,22.4,48,11.7,75,1013.6,97,14,9,97,0.0,3600.0,41.7658,-72.6734,2024,10,1,14
2024-10-01 15:00:00,566.0,433.0,133.0,702.4,22.5,46,12.1,75,1012.9,100,23,13,100,0.0,3600.0,41.7658,-72.6734,2024,10,1,15
2024-10-01 16:00:00,383.0,210.0,173.0,415.7,22.1,46,10.7,77,1012.7,100,32,20,100,0.0,3600.0,41.7658,-72.6734,2024,10,1,16
2024-10-01 17:00:00,209.0,63.0,146.0,176.7,21.4,47,7.4,94,1012.6,100,23,24,100,0.0,3500.49,41.7658,-72.6734,2024,10,1,17
2024-10-01 18:00:00,91.0,23.0,68.0,127.2,19.7,57,7.0,69,1012.6,99,18,38,98,0.0,2016.31,41.7658,-72.6734,2024,10,1,18
2024-10-01 19:00:00,8.0,2.0,6.0,31.9,17.8,68,13.2,88,1013.1,84,24,60,50,0.0,0.0,41.7658,-72.6734,2024,10,1,19
2024-10-01 20:00:00,0.0,0.0,0.0,0.0,17.1,77,9.4,89,1013.2,86,33,34,68,0.0,0.0,41.7658,-72.6734,2024,10,1,20
2024-10-01 21:00:00,0.0,0.0,0.0,0.0,16.1,80,12.8,76,1014.1,64,26,38,21,0.0,0.0,41.7658,-72.6734,2024,10,1,21
2024-10-01 22:00:00,0.0,0.0,0.0,0.0,14.5,83,10.2,66,1014.3,31,29,0,3,0.0,0.0,41.7658,-72.6734,2024,10,1,22
2024-10-01 23:00:00,0.0,0.0,0.0,0.0,13.7,87,7.3,40,1014.4,49,40,0,15,0.0,0.0,41.7658,-72.6734,2024,10,1,23
2024-10-02 00:00:00,0.0,0.0,0.0,0.0,13.4,88,7.0,21,1014.3,24,17,0,8,0.0,0.0,41.7658,-72.6734,2024,10,2,0
2024-10-02 01:00:00,0.0,0.0,0.0,0.0,12.7,93,7.1,24,1013.9,26,12,0,15,0.0,0.0,41.7658,-72.6734,2024,10,2,1
2024-10-02 02:00:00,0.0,0.0,0.0,0.0,12.0,96,7.3,17,1013.4,48,8,0,43,0.0,0.0,41.7658,-72.6734,2024,10,2,2
2024-10-02 03:00:00,0.0,0.0,0.0,0.0,11.6,97,8.1,6,1013.0,95,10,0,94,0.0,0.0,41.7658,-72.6734,2024,10,2,3
2024-10-02 04:00:00,0.0,0.0,0.0,0.0,11.2,99,8.7,8,1013.1,44,9,1,38,0.0,0.0,41.7658,-72.6734,2024,10,2,4
2024-10-02 05:00:00,0.0,0.0,0.0,0.0,10.9,99,8.9,13,1013.1,89,4,18,89,0.0,0.0,41.7658,-72.6734,2024,10,2,5
2024-10-02 06:00:00,0.0,0.0,0.0,0.0,10.5,99,7.5,10,1013.0,52,3,48,38,0.0,0.0,41.7658,-72.6734,2024,10,2,6
2024-10-02 07:00:00,0.0,0.0,0.0,0.0,10.3,99,7.3,11,1013.1,46,3,44,0,0.0,0.0,41.7658,-72.6734,2024,10,2,7
2024-10-02 08:00:00,69.0,34.0,35.0,271.5,11.6,93,6.8,3,1013.5,13,6,8,0,0.0,3600.0,41.7658,-72.6734,2024,10,2,8
2024-10-02 09:00:00,240.0,174.0,66.0,583.9,14.3,81,5.6,7,1013.5,12,3,0,9,0.0,3600.0,41.7658,-72.6734,2024,10,2,9
2024-10-02 10:00:00,414.0,332.0,82.0,727.6,16.8,66,6.9,67,1013.5,35,35,0,0,0.0,3600.0,41.7658,-72.6734,2024,10,2,10
2024-10-02 11:00:00,500.0,366.0,134.0,630.5,18.2,56,6.9,75,1013.4,11,11,0,0,0.0,3600.0,41.7658,-72.6734,2024,10,2,11
2024-10-02 12:00:00,557.0,372.0,185.0,562.0,19.3,49,6.2,82,1013.0,20,19,1,0,0.0,3600.0,41.7658,-72.6734,2024,10,2,12
2024-10-02 13:00:00,632.0,474.0,158.0,681.8,20.1,46,5.6,94,1012.4,13,11,2,0,0.0,3600.0,41.7658,-72.6734,2024,10,2,13
2024-10-02 14:00:00,641.0,532.0,109.0,784.8,20.8,44,2.9,94,1011.8,13,13,1,0,0.0,3600.0,41.7658,-72.6734,2024,10,2,14
2024-10-02 15:00:00,578.0,480.0,98.0,785.3,21.8,40,1.9,119,1011.4,90,50,90,0,0.0,3600.0,41.7658,-72.6734,2024,10,2,15
2024-10-02 16:00:00,422.0,310.0,112.0,620.3,21.6,40,4.9,180,1011.0,96,8,96,0,0.0,3600.0,41.7658,-72.6734,2024,10,2,16
2024-10-02 17:00:00,243.0,145.0,98.0,413.0,20.5,43,7.6,177,1011.0,11,1,11,0,0.0,3600.0,41.7658,-72.6734,2024,10,2,17
2024-10-02 18:00:00,112.0,65.0,47.0,370.9,19.2,52,5.4,174,1011.3,11,9,6,0,0.0,3600.0,41.7658,-72.6734,2024,10,2,18
2024-10-02 19:00:00,8.0,3.0,5.0,50.0,16.8,59,9.9,192,1011.9,30,29,1,0,0.0,173.62,41.7658,-72.6734,2024,10,2,19
2024-10-02 20:00:00,0.0,0.0,0.0,0.0,15.1,71,6.9,185,1012.7,2,0,2,0,0.0,0.0,41.7658,-72.6734,2024,10,2,20
2024-10-02 21:00:00,0.0,0.0,0.0,0.0,13.3,80,5.2,214,1013.3,0,0,0,0,0.0,0.0,41.7658,-72.6734,2024,10,2,21
2024-10-02 22:00:00,0.0,0.0,0.0,0.0,12.6,86,6.0,229,1013.8,1,1,0,0,0.0,0.0,41.7658,-72.6734,2024,10,2,22
2024-10-02 23:00:00,0.0,0.0,0.0,0.0,11.9,92,4.0,162,1014.1,1,1,0,0,0.0,0.0,41.7658,-72.6734,2024,10,2,23
2024-10-03 00:00:00,0.0,0.0,0.0,0.0,11.8,91,5.0,128,1013.9,0,0,0,0,0.0,0.0,41.7658,-72.6734,2024,10,3,0
2024-10-03 01:00:00,0.0,0.0,0.0,0.0,11.9,91,4.2,185,1014.1,1,1,0,0,0.0,0.0,41.7658,-72.6734,2024,10,3,1
2024-10-03 02:00:00,0.0,0.0,0.0,0.0,11.7,93,2.1,290,1014.3,6,1,5,0,0.0,0.0,41.7658,-72.6734,2024,10,3,2
2024-10-03 03:00:00,0.0,0.0,0.0,0.0,11.4,97,2.3,67,1014.2,3,0,3,0,0.0,0.0,41.7658,-72.6734,2024,10,3,3
2024-10-03 04:00:00,0.0,0.0,0.0,0.0,11.2,99,0.7,346,1014.3,12,12,0,0,0.0,0.0,41.7658,-72.6734,2024,10,3,4
2024-10-03 05:00:00,0.0,0.0,0.0,0.0,10.2,100,4.8,333,1014.9,99,99,4,0,0.0,0.0,41.7658,-72.6734,2024,10,3,5
2024-10-03 06:00:00,0.0,0.0,0.0,0.0,10.9,100,0.9,79,1015.3,99,99,13,0,0.0,0.0,41.7658,-72.6734,2024,10,3,6
2024-10-03 07:00:00,0.0,0.0,0.0,0.0,10.7,100,1.0,149,1015.9,100,100,7,0,0.0,0.0,41.7658,-72.6734,2024,10,3,7
2024-10-03 08:00:00,62.0,31.0,31.0,251.3,11.5,98,1.3,164,1016.7,100,100,3,0,0.0,3600.0,41.7658,-72.6734,2024,10,3,8
2024-10-03 09:00:00,183.0,84.0,99.0,285.5,15.1,83,3.2,180,1016.9,55,55,8,0,0.0,3600.0,41.7658,-72.6734,2024,10,3,9
2024-10-03 10:00:00,279.0,155.0,124.0,342.7,17.4,75,4.2,200,1017.0,71,70,27,0,0.0,3600.0,41.7658,-72.6734,2024,10,3,10
2024-10-03 11:00:00,363.0,195.0,168.0,338.4,19.2,66,4.8,209,1016.9,62,61,21,0,0.0,3600.0,41.7658,-72.6734,2024,10,3,11
2024-10-03 12:00:00,522.0,349.0,173.0,530.9,21.1,59,5.0,226,1016.5,66,66,5,0,0.0,3600.0,41.7658,-72.6734,2024,10,3,12
2024-10-03 13:00:00,474.0,277.0,197.0,401.2,22.0,54,6.4,225,1016.0,95,95,7,0,0.0,3600.0,41.7658,-72.6734,2024,10,3,13
2024-10-03 14:00:00,387.0,148.0,239.0,220.0,22.4,51,7.6,225,1015.5,98,98,16,6,0.0,3600.0,41.7658,-72.6734,2024,10,3,14
2024-10-03 15:00:00,205.0,13.0,192.0,21.5,21.9,51,8.7,220,1015.4,63,46,16,26,0.0,0.0,41.7658,-72.6734,2024,10,3,15
2024-10-03 16:00:00,226.0,56.0,170.0,113.3,21.9,51,9.6,221,1015.0,40,18,5,24,0.0,1598.51,41.7658,-72.6734,2024,10,3,16
2024-10-03 17:00:00,247.0,162.0,85.0,468.8,21.6,52,8.3,231,1015.1,81,2,0,81,0.0,3600.0,41.7658,-72.6734,2024,10,3,17
2024-10-03 18:00:00,112.0,65.0,47.0,383.0,20.0,61,6.1,240,1015.5,90,0,0,90,0.0,3600.0,41.7658,-72.6734,2024,10,3,18
2024-10-03 19:00:00,7.0,3.0,4.0,52.4,17.8,70,10.9,207,1016.0,92,0,0,92,0.0,225.41,41.7658,-72.6734,2024,10,3,19
2024-10-03 20:00:00,0.0,0.0,0.0,0.0,16.0,80,12.9,188,1016.7,99,0,0,99,0.0,0.0,41.7658,-72.6734,2024,10,3,20
2024-10-03 21:00:00,0.0,0.0,0.0,0.0,15.1,88,11.0,191,1017.5,99,0,0,99,0.0,0.0,41.7658,-72.6734,2024,10,3,21
2024-10-03 22:00:00,0.0,0.0,0.0,0.0,14.6,94,10.1,196,1017.9,98,0,0,98,0.0,0.0,41.7658,-72.6734,2024,10,3,22
2024-10-03 23:00:00,0.0,0.0,0.0,0.0,14.2,96,8.9,199,1018.3,100,0,0,100,0.0,0.0,41.7658,-72.6734,2024,10,3,23
2024-10-04 00:00:00,0.0,0.0,0.0,0.0,13.8,97,7.6,195,1018.5,95,0,0,95,0.0,0.0,41.7658,-72.6734,2024,10,4,0
2024-10-04 01:00:00,0.0,0.0,0.0,0.0,13.4,97,7.2,192,1018.8,59,0,0,59,0.0,0.0,41.7658,-72.6734,2024,10,4,1
2024-10-04 02:00:00,0.0,0.0,0.0,0.0,13.2,97,6.7,188,1018.8,72,0,0,72,0.0,0.0,41.7658,-72.6734,2024,10,4,2
2024-10-04 03:00:00,0.0,0.0,0.0,0.0,12.7,97,5.8,187,1018.6,38,0,0,38,0.0,0.0,41.7658,-72.6734,2024,10,4,3
2024-10-04 04:00:00,0.0,0.0,0.0,0.0,12.4,97,5.4,186,1018.7,63,0,0,63,0.0,0.0,41.7658,-72.6734,2024,10,4,4
2024-10-04 05:00:00,0.0,0.0,0.0,0.0,12.1,98,5.7,191,1019.0,99,0,0,99,0.0,0.0,41.7658,-72.6734,2024,10,4,5
2024-10-04 06:00:00,0.0,0.0,0.0,0.0,11.2,100,5.3,204,1019.0,100,0,0,100,0.0,0.0,41.7658,-72.6734,2024,10,4,6
2024-10-04 07:00:00,0.0,0.0,0.0,0.0,11.2,100,6.0,226,1019.3,100,97,0,100,0.0,0.0,41.7658,-72.6734,2024,10,4,7
2024-10-04 08:00:00,60.0,22.0,38.0,181.1,12.7,97,2.4,234,1019.5,100,55,0,100,0.0,3600.0,41.7658,-72.6734,2024,10,4,8
2024-10-04 09:00:00,147.0,32.0,115.0,110.2,13.6,93,0.4,297,1020.2,100,100,0,80,0.0,1505.4,41.7658,-72.6734,2024,10,4,9
2024-10-04 10:00:00,324.0,153.0,171.0,341.3,16.3,83,0.3,315,1020.2,98,53,0,96,0.0,3600.0,41.7658,-72.6734,2024,10,4,10
2024-10-04 11:00:00,486.0,309.0,177.0,540.3,18.7,75,0.6,236,1019.8,100,0,0,100,0.0,3600.0,41.7658,-72.6734,2024,10,4,11
2024-10-04 12:00:00,576.0,386.0,190.0,591.2,21.0,64,2.7,217,1019.3,100,0,0,100,0.0,3600.0,41.7658,-72.6734,2024,10,4,12
2024-10-04 13:00:00,501.0,221.0,280.0,322.4,22.5,57,5.4,220,1018.4,100,12,0,100,0.0,3600.0,41.7658,-72.6734,2024,10,4,13
2024-10-04 14:00:00,404.0,119.0,285.0,178.2,23.6,51,8.1,208,1017.6,100,20,0,100,0.0,3546.43,41.7658,-72.6734,2024,10,4,14
2024-10-04 15:00:00,383.0,166.0,217.0,276.4,23.9,49,11.1,200,1017.1,60,38,1,35,0.0,3600.0,41.7658,-72.6734,2024,10,4,15
2024-10-04 16:00:00,271.0,80.0,191.0,163.6,22.7,56,14.0,198,1016.8,100,71,0,100,0.0,3109.09,41.7658,-72.6734,2024,10,4,16
2024-10-04 17:00:00,190.0,64.0,126.0,188.2,22.1,58,11.2,198,1016.7,100,3,1,100,0.0,3600.0,41.7658,-72.6734,2024,10,4,17
2024-10-04 18:00:00,65.0,3.0,62.0,18.3,20.6,65,11.1,187,1016.4,100,5,1,100,0.0,0.0,41.7658,-72.6734,2024,10,4,18
2024-10-04 19:00:00,4.0,0.0,4.0,0.0,18.9,73,12.4,179,1016.6,100,1,0,100,0.0,0.0,41.7658,-72.6734,2024,10,4,19
2024-10-04 20:00:00,0.0,0.0,0.0,0.0,17.8,78,10.6,176,1016.9,86,0,0,86,0.0,0.0,41.7658,-72.6734,2024,10,4,20
2024-10-04 21:00:00,0.0,0.0,0.0,0.0,17.0,81,9.5,178,1017.3,16,0,0,16,0.0,0.0,41.7658,-72.6734,2024,10,4,21
2024-10-04 22:00:00,0.0,0.0,0.0,0.0,15.9,87,9.2,191,1017.4,24,0,0,24,0.0,0.0,41.7658,-72.6734,2024,10,4,22
2024-10-04 23:00:00,0.0,0.0,0.0,0.0,15.2,91,7.9,176,1017.2,43,4,0,40,0.0,0.0,41.7658,-72.6734,2024,10,4,23
2024-10-05 00:00:00,0.0,0.0,0.0,0.0,14.5,94,8.3,184,1016.9,39,6,0,36,0.0,0.0,41.7658,-72.6734,2024,10,5,0
2024-10-05 01:00:00,0.0,0.0,0.0,0.0,14.3,95,6.7,182,1016.7,93,3,0,93,0.0,0.0,41.7658,-72.6734,2024,10,5,1
2024-10-05 02:00:00,0.0,0.0,0.0,0.0,14.0,96,5.3,188,1016.2,8,4,2,2,0.0,0.0,41.7658,-72.6734,2024,10,5,2
2024-10-05 03:00:00,0.0,0.0,0.0,0.0,13.7,97,4.5,214,1016.0,43,24,25,0,0.0,0.0,41.7658,-72.6734,2024,10,5,3
2024-10-05 04:00:00,0.0,0.0,0.0,0.0,13.5,98,4.5,166,1015.5,26,5,22,0,0.5,0.0,41.7658,-72.6734,2024,10,5,4
2024-10-05 05:00:00,0.0,0.0,0.0,0.0,13.2,98,6.5,240,1015.7,83,2,83,0,0.0,0.0,41.7658,-72.6734,2024,10,5,5
2024-10-05 06:00:00,0.0,0.0,0.0,0.0,13.7,97,4.3,285,1015.8,100,0,100,0,0.0,0.0,41.7658,-72.6734,2024,10,5,6
2024-10-05 07:00:00,0.0,0.0,0.0,0.0,14.1,96,6.0,357,1016.1,100,1,100,25,0.0,0.0,41.7658,-72.6734,2024,10,5,7
2024-10-05 08:00:00,22.0,0.0,22.0,0.0,15.0,91,12.6,3,1016.7,33,16,20,0,0.0,0.0,41.7658,-72.6734,2024,10,5,8
2024-10-05 09:00:00,191.0,114.0,77.0,397.7,16.7,84,10.8,5,1017.4,17,0,16,0,0.0,3600.0,41.7658,-72.6734,2024,10,5,9
2024-10-05 10:00:00,372.0,275.0,97.0,619.0,18.2,71,12.3,3,1017.7,4,1,4,0,0.0,3600.0,41.7658,-72.6734,2024,10,5,10
2024-10-05 11:00:00,526.0,432.0,94.0,761.1,20.0,55,13.5,3,1017.5,0,0,0,0,0.0,3600.0,41.7658,-72.6734,2024,10,5,11
2024-10-05 12:00:00,642.0,559.0,83.0,862.3,21.5,45,14.4,359,1017.2,0,0,0,0,0.0,3600.0,41.7658,-72.6734,2024,10,5,12
2024-10-05 13:00:00,684.0,599.0,85.0,880.0,22.3,42,13.8,7,1016.8,0,0,0,0,0.0,3600.0,41.7658,-72.6734,2024,10,5,13
2024-10-05 14:00:00,665.0,582.0,83.0,878.3,23.0,39,11.9,5,1016.3,2,0,2,0,0.0,3600.0,41.7658,-72.6734,2024,10,5,14
2024-10-05 15:00:00,583.0,501.0,82.0,841.5,23.5,36,12.7,353,1015.8,7,5,6,0,0.0,3600.0,41.7658,-72.6734,2024,10,5,15
2024-10-05 16:00:00,434.0,345.0,89.0,713.7,22.8,35,13.6,345,1015.5,2,0,2,0,0.0,3600.0,41.7658,-72.6734,2024,10,5,16
2024-10-05 17:00:00,286.0,222.0,64.0,663.7,21.7,33,13.6,340,1015.7,1,0,1,0,0.0,3600.0,41.7658,-72.6734,2024,10,5,17
2024-10-05 18:00:00,114.0,77.0,37.0,485.4,19.3,40,10.4,337,1016.2,0,0,0,0,0.0,3600.0,41.7658,-72.6734,2024,10,5,18
2024-10-05 19:00:00,5.0,2.0,3.0,38.2,17.0,47,10.8,330,1016.7,0,0,0,0,0.0,18.43,41.7658,-72.6734,2024,10,5,19
2024-10-05 20:00:00,0.0,0.0,0.0,0.0,15.7,53,10.2,343,1017.1,0,0,0,0,0.0,0.0,41.7658,-72.6734,2024,10,5,20
2024-10-05 21:00:00,0.0,0.0,0.0,0.0,14.5,62,9.3,9,1017.9,0,0,0,0,0.0,0.0,41.7658,-72.6734,2024,10,5,21
2024-10-05 22:00:00,0.0,0.0,0.0,0.0,13.2,68,9.1,10,1018.1,0,0,0,0,0.0,0.0,41.7658,-72.6734,2024,10,5,22
2024-10-05 23:00:00,0.0,0.0,0.0,0.0,12.3,71,9.6,4,1018.3,0,0,0,0,0.0,0.0,41.7658,-72.6734,2024,10,5,23
2024-10-06 00:00:00,0.0,0.0,0.0,0.0,11.4,74,9.6,5,1018.2,0,0,0,0,0.0,0.0,41.7658,-72.6734,2024,10,6,0
2024-10-06 01:00:00,0.0,0.0,0.0,0.0,10.6,77,9.2,2,1018.1,0,0,0,0,0.0,0.0,41.7658,-72.6734,2024,10,6,1
2024-10-06 02:00:00,0.0,0.0,0.0,0.0,10.0,81,8.3,4,1017.9,0,0,0,0,0.0,0.0,41.7658,-72.6734,2024,10,6,2
2024-10-06 03:00:00,0.0,0.0,0.0,0.0,9.5,84,8.5,7,1017.6,0,0,0,0,0.0,0.0,41.7658,-72.6734,2024,10,6,3
2024-10-06 04:00:00,0.0,0.0,0.0,0.0,9.1,86,8.0,16,1017.3,0,0,0,0,0.0,0.0,41.7658,-72.6734,2024,10,6,4
2024-10-06 05:00:00,0.0,0.0,0.0,0.0,8.6,89,8.4,10,1017.6,0,0,0,0,0.0,0.0,41.7658,-72.6734,2024,10,6,5
2024-10-06 06:00:00,0.0,0.0,0.0,0.0,8.3,91,8.2,19,1017.6,3,0,0,3,0.0,0.0,41.7658,-72.6734,2024,10,6,6
2024-10-06 07:00:00,0.0,0.0,0.0,0.0,8.0,93,6.6,17,1017.7,1,0,0,1,0.0,0.0,41.7658,-72.6734,2024,10,6,7
2024-10-06 08:00:00,67.0,43.0,24.0,365.4,9.1,89,5.1,6,1017.7,0,0,0,0,0.0,3600.0,41.7658,-72.6734,2024,10,6,8
2024-10-06 09:00:00,238.0,182.0,56.0,643.6,11.4,78,4.1,2,1017.9,0,0,0,0,0.0,3600.0,41.7658,-72.6734,2024,10,6,9
2024-10-06 10:00:00,412.0,342.0,70.0,776.9,14.4,65,3.5,12,1017.8,0,0,0,0,0.0,3600.0,41.7658,-72.6734,2024,10,6,10
2024-10-06 11:00:00,554.0,476.0,78.0,845.0,16.9,57,1.7,32,1017.2,0,0,0,0,0.0,3600.0,41.7658,-72.6734,2024,10,6,11
2024-10-06 12:00:00,649.0,566.0,83.0,879.4,18.8,48,1.8,186,1016.3,0,0,0,0,0.0,3600.0,41.7658,-72.6734,2024,10,6,12
2024-10-06 13:00:00,687.0,603.0,84.0,892.3,20.0,42,3.6,207,1015.3,0,0,0,0,0.0,3600.0,41.7658,-72.6734,2024,10,6,13
2024-10-06 14:00:00,665.0,582.0,83.0,885.2,20.7,41,4.5,203,1014.2,0,0,0,0,0.0,3600.0,41.7658,-72.6734,2024,10,6,14
2024-10-06 15:00:00,585.0,507.0,78.0,859.3,21.1,40,5.1,190,1013.1,0,0,0,0,0.0,3600.0,41.7658,-72.6734,2024,10,6,15
2024-10-06 16:00:00,455.0,384.0,71.0,803.4,21.3,40,6.2,173,1012.2,61,0,0,61,0.0,3600.0,41.7658,-72.6734,2024,10,6,16
2024-10-06 17:00:00,282.0,214.0,68.0,650.6,20.7,44,8.8,180,1011.5,29,0,0,29,0.0,3600.0,41.7658,-72.6734,2024,10,6,17
2024-10-06 18:00:00,109.0,72.0,37.0,470.2,18.2,53,11.1,197,1011.3,44,0,0,44,0.0,3600.0,41.7658,-72.6734,2024,10,6,18
2024-10-06 19:00:00,4.0,2.0,2.0,38.2,16.0,58,11.2,183,1011.1,21,0,0,21,0.0,69.89,41.7658,-72.6734,2024,10,6,19
2024-10-06 20:00:00,0.0,0.0,0.0,0.0,14.8,72,13.8,169,1010.8,100,0,0,100,0.0,0.0,41.7658,-72.6734,2024,10,6,20
2024-10-06 21:00:00,0.0,0.0,0.0,0.0,14.2,82,14.1,170,1010.6,97,0,0,97,0.0,0.0,41.7658,-72.6734,2024,10,6,21
2024-10-06 22:00:00,0.0,0.0,0.0,0.0,13.7,87,12.0,171,1010.7,98,0,0,98,0.0,0.0,41.7658,-72.6734,2024,10,6,22
2024-10-06 23:00:00,0.0,0.0,0.0,0.0,13.2,91,10.0,163,1010.6,100,0,0,100,0.0,0.0,41.7658,-72.6734,2024,10,6,23
2024-10-07 00:00:00,0.0,0.0,0.0,0.0,12.9,92,9.4,162,1010.4,100,0,0,100,0.0,0.0,41.7658,-72.6734,2024,10,7,0
2024-10-07 01:00:00,0.0,0.0,0.0,0.0,13.0,91,10.9,151,1009.5,100,0,36,100,0.0,0.0,41.7658,-72.6734,2024,10,7,1
2024-10-07 02:00:00,0.0,0.0,0.0,0.0,13.6,87,11.3,162,1008.9,99,0,20,99,0.0,0.0,41.7658,-72.6734,2024,10,7,2
2024-10-07 03:00:00,0.0,0.0,0.0,0.0,14.0,86,10.9,168,1008.3,100,3,50,100,0.0,0.0,41.7658,-72.6734,2024,10,7,3
2024-10-07 04:00:00,0.0,0.0,0.0,0.0,14.3,86,11.0,157,1007.5,100,13,88,100,0.0,0.0,41.7658,-72.6734,2024,10,7,4
2024-10-07 05:00:00,0.0,0.0,0.0,0.0,15.0,84,12.7,157,1006.3,96,31,84,86,0.1,0.0,41.7658,-72.6734,2024,10,7,5
2024-10-07 06:00:00,0.0,0.0,0.0,0.0,15.2,88,11.6,159,1005.7,100,90,99,68,0.4,0.0,41.7658,-72.6734,2024,10,7,6
2024-10-07 07:00:00,0.0,0.0,0.0,0.0,15.4,91,11.5,169,1005.4,100,100,100,75,0.2,0.0,41.7658,-72.6734,2024,10,7,7
2024-10-07 08:00:00,9.0,0.0,9.0,0.0,15.6,96,10.0,193,1005.3,93,85,52,0,1.5,0.0,41.7658,-72.6734,2024,10,7,8
2024-10-07 09:00:00,34.0,0.0,34.0,0.0,16.1,97,11.2,185,1005.6,100,100,80,0,2.6,0.0,41.7658,-72.6734,2024,10,7,9
2024-10-07 10:00:00,106.0,9.0,97.0,20.6,17.2,92,12.2,221,1005.3,59,56,7,0,0.2,0.0,41.7658,-72.6734,2024,10,7,10
2024-10-07 11:00:00,290.0,111.0,179.0,198.6,18.8,85,11.2,220,1005.1,100,100,4,0,0.0,3600.0,41.7658,-72.6734,2024,10,7,11
2024-10-07 12:00:00,348.0,97.0,251.0,151.8,20.5,71,8.3,275,1005.0,100,100,9,0,0.0,2754.08,41.7658,-72.6734,2024,10,7,12
2024-10-07 13:00:00,294.0,13.0,281.0,19.4,20.8,65,10.5,305,1004.2,25,10,17,0,0.0,0.0,41.7658,-72.6734,2024,10,7,13
2024-10-07 14:00:00,495.0,364.0,131.0,558.0,21.9,56,11.1,323,1003.6,15,8,9,0,0.1,3600.0,41.7658,-72.6734,2024,10,7,14
2024-10-07 15:00:00,512.0,411.0,101.0,702.9,22.1,50,12.6,326,1003.3,14,9,5,0,0.0,3600.0,41.7658,-72.6734,2024,10,7,15
2024-10-07 16:00:00,411.0,329.0,82.0,696.3,22.0,48,12.3,325,1003.2,14,11,3,0,0.0,3600.0,41.7658,-72.6734,2024,10,7,16
2024-10-07 17:00:00,264.0,199.0,65.0,615.3,21.0,45,13.7,320,1003.5,30,28,23,0,0.0,3600.0,41.7658,-72.6734,2024,10,7,17
2024-10-07 18:00:00,98.0,61.0,37.0,413.3,18.8,49,12.3,314,1004.0,5,3,4,0,0.0,3600.0,41.7658,-72.6734,2024,10,7,18
2024-10-07 19:00:00,3.0,1.0,2.0,19.1,16.8,54,11.3,313,1004.8,5,5,2,0,0.0,0.0,41.7658,-72.6734,2024,10,7,19
2024-10-07 20:00:00,0.0,0.0,0.0,0.0,15.7,57,11.8,317,1005.4,20,8,19,0,0.0,0.0,41.7658,-72.6734,2024,10,7,20
2024-10-07 21:00:00,0.0,0.0,0.0,0.0,14.7,61,12.9,321,1006.8,0,0,0,0,0.0,0.0,41.7658,-72.6734,2024,10,7,21
2024-10-07 22:00:00,0.0,0.0,0.0,0.0,13.9,63,12.1,319,1007.3,1,0,1,0,0.0,0.0,41.7658,-72.6734,2024,10,7,22
2024-10-07 23:00:00,0.0,0.0,0.0,0.0,13.3,64,12.2,319,1007.5,15,5,15,0,0.0,0.0,41.7658,-72.6734,2024,10,7,23
2024-10-08 00:00:00,0.0,0.0,0.0,0.0,13.1,64,12.1,317,1007.7,41,8,40,0,0.0,0.0,41.7658,-72.6734,2024,10,8,0
2024-10-08 01:00:00,0.0,0.0,0.0,0.0,12.6,65,10.6,314,1007.6,14,0,12,2,0.0,0.0,41.7658,-72.6734,2024,10,8,1
2024-10-08 02:00:00,0.0,0.0,0.0,0.0,11.6,70,8.5,316,1007.4,79,0,1,79,0.0,0.0,41.7658,-72.6734,2024,10,8,2
2024-10-08 03:00:00,0.0,0.0,0.0,0.0,11.2,74,7.8,318,1007.2,3,0,0,3,0.0,0.0,41.7658,-72.6734,2024,10,8,3
2024-10-08 04:00:00,0.0,0.0,0.0,0.0,10.8,76,8.8,317,1007.2,7,7,0,0,0.0,0.0,41.7658,-72.6734,2024,10,8,4
2024-10-08 05:00:00,0.0,0.0,0.0,0.0,10.3,78,6.6,319,1007.3,3,3,0,0,0.0,0.0,41.7658,-72.6734,2024,10,8,5
2024-10-08 06:00:00,0.0,0.0,0.0,0.0,9.8,80,6.8,305,1007.4,0,0,0,0,0.0,0.0,41.7658,-72.6734,2024,10,8,6
2024-10-08 07:00:00,0.0,0.0,0.0,0.0,9.3,82,6.5,312,1007.8,0,0,0,0,0.0,0.0,41.7658,-72.6734,2024,10,8,7
2024-10-08 08:00:00,62.0,40.0,22.0,351.3,10.2,80,6.6,313,1008.4,0,0,0,0,0.0,3586.9,41.7658,-72.6734,2024,10,8,8
2024-10-08 09:00:00,233.0,179.0,54.0,650.7,12.5,68,5.7,311,1009.1,0,0,0,0,0.0,3600.0,41.7658,-72.6734,2024,10,8,9
2024-10-08 10:00:00,407.0,339.0,68.0,784.7,14.6,56,6.7,322,1009.3,0,0,0,0,0.0,3600.0,41.7658,-72.6734,2024,10,8,10
2024-10-08 11:00:00,549.0,472.0,77.0,851.2,16.2,46,5.9,317,1009.0,0,0,0,0,0.0,3600.0,41.7658,-72.6734,2024,10,8,11
2024-10-08 12:00:00,642.0,560.0,82.0,882.8,17.4,42,5.2,299,1008.3,0,0,0,0,0.0,3600.0,41.7658,-72.6734,2024,10,8,12
2024-10-08 13:00:00,681.0,600.0,81.0,901.0,18.9,36,9.7,298,1007.5,67,3,55,24,0.0,3600.0,41.7658,-72.6734,2024,10,8,13
2024-10-08 14:00:00,517.0,355.0,162.0,548.5,18.8,36,13.6,296,1007.0,45,0,41,7,0.0,3600.0,41.7658,-72.6734,2024,10,8,14
2024-10-08 15:00:00,422.0,257.0,165.0,443.6,18.8,36,13.6,290,1006.9,45,0,33,17,0.0,3600.0,41.7658,-72.6734,2024,10,8,15
2024-10-08 16:00:00,351.0,233.0,118.0,498.9,18.7,35,12.8,284,1006.7,31,0,26,7,0.0,3600.0,41.7658,-72.6734,2024,10,8,16
2024-10-08 17:00:00,242.0,167.0,75.0,525.3,18.2,36,10.3,271,1006.5,43,0,27,22,0.0,3600.0,41.7658,-72.6734,2024,10,8,17
2024-10-08 18:00:00,81.0,42.0,39.0,295.5,16.0,59,5.1,264,1006.9,60,0,25,54,0.0,3600.0,41.7658,-72.6734,2024,10,8,18
2024-10-08 19:00:00,3.0,1.0,2.0,19.1,15.3,44,2.7,20,1007.4,34,0,21,30,0.0,0.0,41.7658,-72.6734,2024,10,8,19
2024-10-08 20:00:00,0.0,0.0,0.0,0.0,13.2,64,4.6,45,1007.7,42,0,42,4,0.0,0.0,41.7658,-72.6734,2024,10,8,20
2024-10-08 21:00:00,0.0,0.0,0.0,0.0,13.2,60,3.1,126,1008.3,83,0,82,28,0.0,0.0,41.7658,-72.6734,2024,10,8,21
2024-10-08 22:00:00,0.0,0.0,0.0,0.0,11.6,79,4.4,102,1008.6,14,0,14,1,0.0,0.0,41.7658,-72.6734,2024,10,8,22
2024-10-08 23:00:00,0.0,0.0,0.0,0.0,11.6,71,0.8,315,1008.6,6,0,6,0,0.0,0.0,41.7658,-72.6734,2024,10,8,23
2024-10-09 00:00:00,0.0,0.0,0.0,0.0,9.7,87,4.5,14,1008.8,45,0,45,0,0.0,0.0,41.7658,-72.6734,2024,10,9,0
2024-10-09 01:00:00,0.0,0.0,0.0,0.0,10.3,86,3.4,317,1008.7,48,2,48,0,0.0,0.0,41.7658,-72.6734,2024,10,9,1
2024-10-09 02:00:00,0.0,0.0,0.0,0.0,9.6,88,8.8,329,1008.9,28,1,28,0,0.1,0.0,41.7658,-72.6734,2024,10,9,2
2024-10-09 03:00:00,0.0,0.0,0.0,0.0,9.2,88,5.3,33,1008.3,2,0,2,0,0.0,0.0,41.7658,-72.6734,2024,10,9,3
2024-10-09 04:00:00,0.0,0.0,0.0,0.0,8.8,90,2.4,261,1008.5,18,0,18,0,0.0,0.0,41.7658,-72.6734,2024,10,9,4
2024-10-09 05:00:00,0.0,0.0,0.0,0.0,7.4,96,4.8,211,1008.7,3,0,3,0,0.0,0.0,41.7658,-72.6734,2024,10,9,5
2024-10-09 06:00:00,0.0,0.0,0.0,0.0,8.4,93,3.7,247,1009.0,22,0,22,0,0.0,0.0,41.7658,-72.6734,2024,10,9,6
2024-10-09 07:00:00,0.0,0.0,0.0,0.0,8.4,92,1.8,349,1009.2,65,2,64,0,0.0,0.0,41.7658,-72.6734,2024,10,9,7
2024-10-09 08:00:00,54.0,30.0,24.0,268.1,8.7,90,0.5,180,1009.4,77,6,76,0,0.0,3520.23,41.7658,-72.6734,2024,10,9,8
2024-10-09 09:00:00,214.0,146.0,68.0,538.3,11.1,79,1.0,202,1009.7,92,0,92,0,0.0,3600.0,41.7658,-72.6734,2024,10,9,9
2024-10-09 10:00:00,279.0,167.0,112.0,390.3,12.8,67,2.3,176,1009.3,4,0,4,0,0.0,3600.0,41.7658,-72.6734,2024,10,9,10
2024-10-09 11:00:00,484.0,357.0,127.0,649.0,15.4,54,4.9,234,1008.8,8,0,8,0,0.0,3600.0,41.7658,-72.6734,2024,10,9,11
2024-10-09 12:00:00,587.0,466.0,121.0,740.1,17.1,42,10.6,268,1008.3,11,0,11,0,0.0,3600.0,41.7658,-72.6734,2024,10,9,12
2024-10-09 13:00:00,630.0,531.0,99.0,803.4,17.8,37,12.3,276,1007.5,21,1,20,0,0.0,3600.0,41.7658,-72.6734,2024,10,9,13
2024-10-09 14:00:00,613.0,510.0,103.0,794.4,18.4,34,14.0,279,1006.6,28,1,28,0,0.0,3600.0,41.7658,-72.6734,2024,10,9,14
2024-10-09 15:00:00,542.0,443.0,99.0,771.8,18.5,32,14.9,281,1006.3,37,0,37,0,0.0,3600.0,41.7658,-72.6734,2024,10,9,15
2024-10-09 16:00:00,372.0,273.0,99.0,591.4,18.0,32,14.1,286,1006.2,47,0,47,0,0.0,3600.0,41.7658,-72.6734,2024,10,9,16
2024-10-09 17:00:00,216.0,135.0,81.0,432.1,17.1,33,11.0,304,1006.4,78,0,78,0,0.0,3600.0,41.7658,-72.6734,2024,10,9,17
2024-10-09 18:00:00,86.0,49.0,37.0,358.5,14.9,42,7.6,345,1006.6,12,0,12,0,0.0,3600.0,41.7658,-72.6734,2024,10,9,18
2024-10-09 19:00:00,2.0,1.0,1.0,19.1,12.2,55,9.3,16,1007.1,1,0,1,0,0.0,0.0,41.7658,-72.6734,2024,10,9,19
2024-10-09 20:00:00,0.0,0.0,0.0,0.0,11.3,62,7.0,3,1007.9,7,0,7,0,0.0,0.0,41.7658,-72.6734,2024,10,9,20
2024-10-09 21:00:00,0.0,0.0,0.0,0.0,10.7,74,10.6,320,1008.9,52,0,52,0,0.0,0.0,41.7658,-72.6734,2024,10,9,21
2024-10-09 22:00:00,0.0,0.0,0.0,0.0,9.9,79,7.6,353,1009.5,22,0,22,0,0.0,0.0,41.7658,-72.6734,2024,10,9,22
2024-10-09 23:00:00,0.0,0.0,0.0,0.0,8.7,87,5.2,333,1009.6,88,0,88,0,0.0,0.0,41.7658,-72.6734,2024,10,9,23
2024-10-10 00:00:00,0.0,0.0,0.0,0.0,9.3,82,5.4,304,1009.7,1,0,1,0,0.0,0.0,41.7658,-72.6734,2024,10,10,0
2024-10-10 01:00:00,0.0,0.0,0.0,0.0,8.3,81,7.1,297,1009.9,1,1,0,0,0.0,0.0,41.7658,-72.6734,2024,10,10,1
2024-10-10 02:00:00,0.0,0.0,0.0,0.0,8.3,77,10.7,311,1010.0,3,3,0,0,0.0,0.0,41.7658,-72.6734,2024,10,10,2
2024-10-10 03:00:00,0.0,0.0,0.0,0.0,7.9,80,10.7,318,1010.4,10,10,0,0,0.0,0.0,41.7658,-72.6734,2024,10,10,3
2024-10-10 04:00:00,0.0,0.0,0.0,0.0,7.4,83,12.1,314,1010.5,7,7,0,0,0.0,0.0,41.7658,-72.6734,2024,10,10,4
2024-10-10 05:00:00,0.0,0.0,0.0,0.0,7.2,83,12.3,323,1010.7,5,5,0,0,0.0,0.0,41.7658,-72.6734,2024,10,10,5
2024-10-10 06:00:00,0.0,0.0,0.0,0.0,6.9,83,11.2,325,1011.0,2,2,0,0,0.0,0.0,41.7658,-72.6734,2024,10,10,6
2024-10-10 07:00:00,0.0,0.0,0.0,0.0,6.6,83,10.6,325,1011.9,11,11,0,0,0.0,0.0,41.7658,-72.6734,2024,10,10,7
2024-10-10 08:00:00,56.0,34.0,22.0,309.2,7.8,76,12.3,323,1013.0,4,4,0,0,0.0,3453.27,41.7658,-72.6734,2024,10,10,8
2024-10-10 09:00:00,223.0,166.0,57.0,621.0,9.3,66,12.0,323,1013.1,3,3,0,0,0.0,3600.0,41.7658,-72.6734,2024,10,10,9
2024-10-10 10:00:00,395.0,323.0,72.0,762.3,10.9,59,13.4,324,1013.2,1,1,0,0,0.0,3600.0,41.7658,-72.6734,2024,10,10,10
2024-10-10 11:00:00,541.0,462.0,79.0,846.7,12.6,51,15.7,328,1013.1,29,29,0,0,0.0,3600.0,41.7658,-72.6734,2024,10,10,11
2024-10-10 12:00:00,609.0,497.0,112.0,795.3,13.9,45,18.5,330,1013.1,45,45,3,0,0.0,3600.0,41.7658,-72.6734,2024,10,10,12
2024-10-10 13:00:00,551.0,380.0,171.0,579.3,14.4,42,19.7,332,1012.5,38,37,22,0,0.0,3600.0,41.7658,-72.6734,2024,10,10,13
2024-10-10 14:00:00,547.0,385.0,162.0,604.6,14.8,41,19.9,328,1012.0,57,55,47,0,0.0,3600.0,41.7658,-72.6734,2024,10,10,14
2024-10-10 15:00:00,471.0,320.0,151.0,562.7,15.0,40,19.4,326,1011.7,38,34,36,0,0.0,3600.0,41.7658,-72.6734,2024,10,10,15
2024-10-10 16:00:00,385.0,273.0,112.0,598.5,14.7,41,18.9,320,1011.4,36,35,13,0,0.0,3600.0,41.7658,-72.6734,2024,10,10,16
2024-10-10 17:00:00,251.0,183.0,68.0,596.1,13.8,44,18.8,322,1011.4,15,15,1,0,0.0,3600.0,41.7658,-72.6734,2024,10,10,17
2024-10-10 18:00:00,91.0,58.0,33.0,440.6,12.4,49,14.6,322,1011.8,5,5,1,0,0.0,3600.0,41.7658,-72.6734,2024,10,10,18
2024-10-10 19:00:00,2.0,0.0,2.0,0.0,11.1,54,12.1,319,1012.7,5,3,2,0,0.0,0.0,41.7658,-72.6734,2024,10,10,19
2024-10-10 20:00:00,0.0,0.0,0.0,0.0,10.0,59,10.9,310,1013.2,2,2,0,0,0.0,0.0,41.7658,-72.6734,2024,10,10,20
2024-10-10 21:00:00,0.0,0.0,0.0,0.0,10.1,60,15.2,306,1014.6,3,3,0,0,0.0,0.0,41.7658,-72.6734,2024,10,10,21
2024-10-10 22:00:00,0.0,0.0,0.0,0.0,9.3,63,13.2,310,1014.8,0,0,0,0,0.0,0.0,41.7658,-72.6734,2024,10,10,22
2024-10-10 23:00:00,0.0,0.0,0.0,0.0,8.4,68,10.3,314,1014.9,1,1,0,0,0.0,0.0,41.7658,-72.6734,2024,10,10,23
2024-10-11 00:00:00,0.0,0.0,0.0,0.0,7.6,72,9.3,302,1014.8,1,1,0,0,0.0,0.0,41.7658,-72.6734,2024,10,11,0
2024-10-11 01:00:00,0.0,0.0,0.0,0.0,7.2,73,8.6,309,1014.7,1,1,0,0,0.0,0.0,41.7658,-72.6734,2024,10,11,1
2024-10-11 02:00:00,0.0,0.0,0.0,0.0,7.1,74,8.7,320,1014.7,1,1,0,0,0.0,0.0,41.7658,-72.6734,2024,10,11,2
2024-10-11 03:00:00,0.0,0.0,0.0,0.0,6.9,77,8.2,311,1014.2,0,0,0,0,0.0,0.0,41.7658,-72.6734,2024,10,11,3
2024-10-11 04:00:00,0.0,0.0,0.0,0.0,6.6,80,8.1,298,1013.9,1,1,0,1,0.0,0.0,41.7658,-72.6734,2024,10,11,4
2024-10-11 05:00:00,0.0,0.0,0.0,0.0,6.5,81,7.9,283,1013.8,13,1,0,13,0.0,0.0,41.7658,-72.6734,2024,10,11,5
2024-10-11 06:00:00,0.0,0.0,0.0,0.0,6.6,82,7.7,269,1013.7,0,0,0,0,0.0,0.0,41.7658,-72.6734,2024,10,11,6
2024-10-11 07:00:00,0.0,0.0,0.0,0.0,5.9,87,4.3,253,1013.8,0,0,0,0,0.0,0.0,41.7658,-72.6734,2024,10,11,7
2024-10-11 08:00:00,54.0,34.0,20.0,314.8,7.6,82,5.1,231,1014.0,0,0,0,0,0.0,3386.02,41.7658,-72.6734,2024,10,11,8
2024-10-11 09:00:00,219.0,166.0,53.0,630.2,10.9,64,4.9,270,1014.3,3,0,0,3,0.0,3600.0,41.7658,-72.6734,2024,10,11,9
2024-10-11 10:00:00,390.0,321.0,69.0,765.2,13.1,57,6.4,302,1013.6,2,0,0,2,0.0,3600.0,41.7658,-72.6734,2024,10,11,10
2024-10-11 11:00:00,533.0,456.0,77.0,842.5,15.2,52,10.0,291,1013.1,0,0,0,0,0.0,3600.0,41.7658,-72.6734,2024,10,11,11
2024-10-11 12:00:00,626.0,545.0,81.0,878.8,17.0,46,11.8,296,1012.5,0,0,0,0,0.0,3600.0,41.7658,-72.6734,2024,10,11,12
2024-10-11 13:00:00,661.0,580.0,81.0,890.9,18.4,41,12.2,296,1011.7,0,0,0,0,0.0,3600.0,41.7658,-72.6734,2024,10,11,13
2024-10-11 14:00:00,637.0,557.0,80.0,881.8,19.2,39,12.5,291,1010.6,0,0,0,0,0.0,3600.0,41.7658,-72.6734,2024,10,11,14
2024-10-11 15:00:00,556.0,480.0,76.0,852.1,19.5,39,12.3,284,1010.0,0,0,0,0,0.0,3600.0,41.7658,-72.6734,2024,10,11,15
2024-10-11 16:00:00,425.0,356.0,69.0,789.8,19.6,38,13.1,282,1009.4,0,0,0,0,0.0,3600.0,41.7658,-72.6734,2024,10,11,16
2024-10-11 17:00:00,259.0,203.0,56.0,673.2,19.0,40,9.4,278,1009.1,0,0,0,0,0.0,3600.0,41.7658,-72.6734,2024,10,11,17
2024-10-11 18:00:00,86.0,57.0,29.0,442.4,16.4,51,6.2,248,1008.7,0,0,0,0,0.0,3600.0,41.7658,-72.6734,2024,10,11,18
2024-10-11 19:00:00,1.0,0.0,1.0,0.0,14.3,59,9.9,224,1008.7,0,0,0,0,0.0,0.0,41.7658,-72.6734,2024,10,11,19
2024-10-11 20:00:00,0.0,0.0,0.0,0.0,13.0,64,10.5,221,1008.6,0,0,0,0,0.0,0.0,41.7658,-72.6734,2024,10,11,20
2024-10-11 21:00:00,0.0,0.0,0.0,0.0,12.6,65,11.3,223,1008.8,10,0,0,10,0.0,0.0,41.7658,-72.6734,2024,10,11,21
2024-10-11 22:00:00,0.0,0.0,0.0,0.0,12.4,64,11.4,208,1008.0,0,0,0,0,0.0,0.0,41.7658,-72.6734,2024,10,11,22
2024-10-11 23:00:00,0.0,0.0,0.0,0.0,12.0,64,12.4,193,1007.4,13,0,0,13,0.0,0.0,41.7658,-72.6734,2024,10,11,23
2024-10-12 00:00:00,0.0,0.0,0.0,0.0,12.0,64,11.9,198,1006.5,15,0,1,14,0.0,0.0,41.7658,-72.6734,2024,10,12,0
2024-10-12 01:00:00,0.0,0.0,0.0,0.0,12.6,64,11.6,213,1005.8,20,0,3,18,0.0,0.0,41.7658,-72.6734,2024,10,12,1
2024-10-12 02:00:00,0.0,0.0,0.0,0.0,13.3,64,12.1,232,1005.6,51,0,0,51,0.0,0.0,41.7658,-72.6734,2024,10,12,2
2024-10-12 03:00:00,0.0,0.0,0.0,0.0,13.4,64,9.7,227,1005.0,66,0,0,66,0.0,0.0,41.7658,-72.6734,2024,10,12,3
2024-10-12 04:00:00,0.0,0.0,0.0,0.0,13.2,65,8.5,215,1004.5,5,0,1,4,0.0,0.0,41.7658,-72.6734,2024,10,12,4
2024-10-12 05:00:00,0.0,0.0,0.0,0.0,13.2,64,9.0,203,1004.2,4,0,0,4,0.0,0.0,41.7658,-72.6734,2024,10,12,5
2024-10-12 06:00:00,0.0,0.0,0.0,0.0,13.4,64,8.9,209,1004.3,0,0,0,0,0.0,0.0,41.7658,-72.6734,2024,10,12,6
2024-10-12 07:00:00,0.0,0.0,0.0,0.0,13.7,64,8.5,232,1004.8,4,3,0,1,0.0,0.0,41.7658,-72.6734,2024,10,12,7
2024-10-12 08:00:00,51.0,32.0,19.0,301.7,15.4,62,8.5,275,1006.3,15,9,1,6,0.0,3318.48,41.7658,-72.6734,2024,10,12,8
2024-10-12 09:00:00,215.0,161.0,54.0,620.5,18.3,53,12.6,301,1006.7,31,0,0,30,0.0,3600.0,41.7658,-72.6734,2024,10,12,9
2024-10-12 10:00:00,388.0,319.0,69.0,768.1,19.5,49,17.0,309,1007.1,25,0,0,25,0.0,3600.0,41.7658,-72.6734,2024,10,12,10
2024-10-12 11:00:00,531.0,455.0,76.0,847.7,19.9,45,20.3,310,1007.4,19,2,0,18,0.0,3600.0,41.7658,-72.6734,2024,10,12,11
2024-10-12 12:00:00,626.0,545.0,81.0,885.5,20.4,38,21.1,309,1007.6,8,0,0,8,0.0,3600.0,41.7658,-72.6734,2024,10,12,12
2024-10-12 13:00:00,668.0,589.0,79.0,911.7,21.1,28,21.1,307,1007.8,1,0,0,1,0.0,3600.0,41.7658,-72.6734,2024,10,12,13
2024-10-12 14:00:00,651.0,573.0,78.0,914.6,21.1,24,20.2,307,1007.7,9,0,0,9,0.0,3600.0,41.7658,-72.6734,2024,10,12,14
2024-10-12 15:00:00,571.0,497.0,74.0,890.6,20.6,24,18.9,306,1007.9,43,0,0,43,0.0,3600.0,41.7658,-72.6734,2024,10,12,15
2024-10-12 16:00:00,437.0,367.0,70.0,824.0,19.8,24,18.3,304,1007.9,48,0,0,48,0.0,3600.0,41.7658,-72.6734,2024,10,12,16
2024-10-12 17:00:00,261.0,196.0,65.0,661.7,18.6,27,14.4,302,1008.5,16,0,0,16,0.0,3600.0,41.7658,-72.6734,2024,10,12,17
2024-10-12 18:00:00,88.0,59.0,29.0,467.9,16.1,34,9.6,303,1009.3,4,0,0,4,0.0,3600.0,41.7658,-72.6734,2024,10,12,18
2024-10-12 19:00:00,1.0,0.0,1.0,0.0,13.6,41,9.4,306,1010.2,0,0,0,0,0.0,0.0,41.7658,-72.6734,2024,10,12,19
2024-10-12 20:00:00,0.0,0.0,0.0,0.0,12.4,45,9.7,313,1010.9,0,0,0,0,0.0,0.0,41.7658,-72.6734,2024,10,12,20
2024-10-12 21:00:00,0.0,0.0,0.0,0.0,11.9,46,8.6,337,1011.4,0,0,0,0,0.0,0.0,41.7658,-72.6734,2024,10,12,21
2024-10-12 22:00:00,0.0,0.0,0.0,0.0,11.3,48,9.0,340,1011.9,0,0,0,0,0.0,0.0,41.7658,-72.6734,2024,10,12,22
2024-10-12 23:00:00,0.0,0.0,0.0,0.0,9.7,64,8.0,337,1012.1,0,0,0,0,0.0,0.0,41.7658,-72.6734,2024,10,12,23
2024-10-13 00:00:00,0.0,0.0,0.0,0.0,10.1,56,6.9,353,1012.0,0,0,0,0,0.0,0.0,41.7658,-72.6734,2024,10,13,0
2024-10-13 01:00:00,0.0,0.0,0.0,0.0,9.2,60,6.5,332,1012.1,0,0,0,0,0.0,0.0,41.7658,-72.6734,2024,10,13,1
2024-10-13 02:00:00,0.0,0.0,0.0,0.0,8.7,63,9.8,332,1012.2,0,0,0,0,0.0,0.0,41.7658,-72.6734,2024,10,13,2
2024-10-13 03:00:00,0.0,0.0,0.0,0.0,7.5,72,5.4,339,1011.9,48,0,0,48,0.0,0.0,41.7658,-72.6734,2024,10,13,3
2024-10-13 04:00:00,0.0,0.0,0.0,0.0,6.8,78,4.6,54,1011.3,1,0,0,1,0.0,0.0,41.7658,-72.6734,2024,10,13,4
2024-10-13 05:00:00,0.0,0.0,0.0,0.0,5.4,89,5.6,63,1011.6,82,0,74,32,0.0,0.0,41.7658,-72.6734,2024,10,13,5
2024-10-13 06:00:00,0.0,0.0,0.0,0.0,7.0,85,2.7,62,1011.5,100,0,100,28,0.0,0.0,41.7658,-72.6734,2024,10,13,6
2024-10-13 07:00:00,0.0,0.0,0.0,0.0,7.8,81,5.6,358,1011.8,100,0,100,99,0.0,0.0,41.7658,-72.6734,2024,10,13,7
2024-10-13 08:00:00,8.0,0.0,8.0,0.0,8.0,81,5.0,19,1012.7,100,0,100,26,0.4,0.0,41.7658,-72.6734,2024,10,13,8
2024-10-13 09:00:00,14.0,0.0,14.0,0.0,7.6,93,6.1,58,1012.5,100,3,100,15,0.7,0.0,41.7658,-72.6734,2024,10,13,9
2024-10-13 10:00:00,62.0,0.0,62.0,0.0,8.6,90,6.2,102,1010.9,100,0,100,1,0.1,0.0,41.7658,-72.6734,2024,10,13,10
2024-10-13 11:00:00,88.0,3.0,85.0,5.6,9.3,89,8.7,347,1010.7,100,1,99,67,0.0,0.0,41.7658,-72.6734,2024,10,13,11
2024-10-13 12:00:00,255.0,38.0,217.0,62.2,11.0,80,9.3,18,1010.0,99,3,98,32,0.0,66.6,41.7658,-72.6734,2024,10,13,12
2024-10-13 13:00:00,276.0,42.0,234.0,65.5,12.2,72,8.9,25,1008.4,100,0,100,24,0.0,165.32,41.7658,-72.6734,2024,10,13,13
2024-10-13 14:00:00,141.0,0.0,141.0,0.0,12.1,71,9.7,12,1007.1,32,0,22,12,0.0,0.0,41.7658,-72.6734,2024,10,13,14
2024-10-13 15:00:00,429.0,270.0,159.0,488.4,14.1,63,11.7,13,1006.0,100,1,99,99,0.0,3600.0,41.7658,-72.6734,2024,10,13,15
2024-10-13 16:00:00,217.0,61.0,156.0,138.6,12.7,73,14.2,4,1005.1,51,3,33,24,0.0,2358.58,41.7658,-72.6734,2024,10,13,16
2024-10-13 17:00:00,170.0,94.0,76.0,323.2,11.8,79,13.5,356,1004.3,71,15,42,42,0.0,3600.0,41.7658,-72.6734,2024,10,13,17
2024-10-13 18:00:00,56.0,22.0,34.0,178.4,10.9,86,12.2,358,1004.0,50,17,28,17,0.0,3600.0,41.7658,-72.6734,2024,10,13,18
2024-10-13 19:00:00,0.0,0.0,0.0,0.0,10.0,91,13.8,11,1004.2,100,100,48,0,0.1,0.0,41.7658,-72.6734,2024,10,13,19
2024-10-13 20:00:00,0.0,0.0,0.0,0.0,10.0,91,8.8,23,1003.4,92,90,19,4,0.0,0.0,41.7658,-72.6734,2024,10,13,20
2024-10-13 21:00:00,0.0,0.0,0.0,0.0,8.7,92,12.5,5,1004.4,100,100,3,0,0.0,0.0,41.7658,-72.6734,2024,10,13,21
2024-10-13 22:00:00,0.0,0.0,0.0,0.0,8.8,92,12.3,10,1004.5,100,100,33,3,0.0,0.0,41.7658,-72.6734,2024,10,13,22
2024-10-13 23:00:00,0.0,0.0,0.0,0.0,9.2,91,10.9,8,1003.5,100,100,93,90,0.0,0.0,41.7658,-72.6734,2024,10,13,23
2024-10-14 00:00:00,0.0,0.0,0.0,0.0,9.4,90,12.7,8,1002.8,100,100,18,7,0.0,0.0,41.7658,-72.6734,2024,10,14,0
2024-10-14 01:00:00,0.0,0.0,0.0,0.0,9.4,90,10.8,10,1001.9,100,100,5,5,0.0,0.0,41.7658,-72.6734,2024,10,14,1
2024-10-14 02:00:00,0.0,0.0,0.0,0.0,9.5,91,11.5,9,1001.3,100,100,0,4,0.0,0.0,41.7658,-72.6734,2024,10,14,2
2024-10-14 03:00:00,0.0,0.0,0.0,0.0,9.7,91,10.8,15,1000.9,100,100,3,5,0.0,0.0,41.7658,-72.6734,2024,10,14,3
2024-10-14 04:00:00,0.0,0.0,0.0,0.0,9.5,92,11.6,7,1000.3,100,100,2,18,0.0,0.0,41.7658,-72.6734,2024,10,14,4
2024-10-14 05:00:00,0.0,0.0,0.0,0.0,9.4,93,10.1,10,999.9,100,100,32,9,0.0,0.0,41.7658,-72.6734,2024,10,14,5
2024-10-14 06:00:00,0.0,0.0,0.0,0.0,9.4,93,9.4,4,999.1,100,100,60,1,0.2,0.0,41.7658,-72.6734,2024,10,14,6
2024-10-14 07:00:00,0.0,0.0,0.0,0.0,9.3,96,7.2,6,998.7,100,100,14,47,3.9,0.0,41.7658,-72.6734,2024,10,14,7
2024-10-14 08:00:00,19.0,2.0,17.0,19.6,9.5,96,8.5,339,998.6,100,100,26,53,0.0,0.0,41.7658,-72.6734,2024,10,14,8
2024-10-14 09:00:00,68.0,2.0,66.0,7.9,9.0,93,7.4,4,1000.2,100,100,100,32,0.0,0.0,41.7658,-72.6734,2024,10,14,9
2024-10-14 10:00:00,38.0,0.0,38.0,0.0,9.1,94,4.1,41,999.4,100,100,100,27,0.0,0.0,41.7658,-72.6734,2024,10,14,10
2024-10-14 11:00:00,165.0,10.0,155.0,18.9,10.6,88,2.5,360,999.0,100,100,46,1,0.0,0.0,41.7658,-72.6734,2024,10,14,11
2024-10-14 12:00:00,274.0,49.0,225.0,80.9,12.2,83,3.2,251,999.0,98,94,66,7,0.1,625.72,41.7658,-72.6734,2024,10,14,12
2024-10-14 13:00:00,281.0,60.0,221.0,94.3,13.8,78,8.1,204,998.2,98,72,92,2,0.2,1029.45,41.7658,-72.6734,2024,10,14,13
2024-10-14 14:00:00,247.0,72.0,175.0,116.8,16.0,61,7.5,233,997.1,23,9,16,0,0.0,1705.22,41.7658,-72.6734,2024,10,14,14
2024-10-14 15:00:00,474.0,378.0,96.0,690.4,18.0,45,14.8,247,996.5,45,16,40,0,0.0,3600.0,41.7658,-72.6734,2024,10,14,15
2024-10-14 16:00:00,327.0,221.0,106.0,508.3,17.6,38,19.8,255,996.3,40,1,40,0,0.0,3600.0,41.7658,-72.6734,2024,10,14,16
2024-10-14 17:00:00,189.0,123.0,66.0,430.7,15.4,48,19.4,262,997.3,3,0,3,0,0.0,3600.0,41.7658,-72.6734,2024,10,14,17
2024-10-14 18:00:00,72.0,44.0,28.0,364.7,12.9,58,16.9,271,998.7,27,27,0,0,0.0,3600.0,41.7658,-72.6734,2024,10,14,18
2024-10-14 19:00:00,0.0,0.0,0.0,0.0,11.6,59,16.8,291,999.9,34,34,3,0,0.0,0.0,41.7658,-72.6734,2024,10,14,19
2024-10-14 20:00:00,0.0,0.0,0.0,0.0,10.0,65,18.4,297,1001.0,28,25,16,0,0.0,0.0,41.7658,-72.6734,2024,10,14,20
2024-10-14 21:00:00,0.0,0.0,0.0,0.0,8.9,67,17.8,318,1003.8,52,41,24,0,0.0,0.0,41.7658,-72.6734,2024,10,14,21
2024-10-14 22:00:00,0.0,0.0,0.0,0.0,8.2,69,17.0,324,1004.3,3,3,0,0,0.0,0.0,41.7658,-72.6734,2024,10,14,22
2024-10-14 23:00:00,0.0,0.0,0.0,0.0,7.7,70,15.2,326,1004.7,11,11,0,0,0.0,0.0,41.7658,-72.6734,2024,10,14,23
2024-10-15 00:00:00,0.0,0.0,0.0,0.0,7.4,71,12.3,326,1005.0,8,8,0,0,0.0,0.0,41.7658,-72.6734,2024,10,15,0
2024-10-15 01:00:00,0.0,0.0,0.0,0.0,6.8,75,8.1,315,1005.1,2,2,1,0,0.0,0.0,41.7658,-72.6734,2024,10,15,1
2024-10-15 02:00:00,0.0,0.0,0.0,0.0,6.2,78,8.4,298,1005.3,1,1,0,0,0.0,0.0,41.7658,-72.6734,2024,10,15,2
2024-10-15 03:00:00,0.0,0.0,0.0,0.0,5.5,80,8.6,258,1005.9,16,0,0,16,0.0,0.0,41.7658,-72.6734,2024,10,15,3
2024-10-15 04:00:00,0.0,0.0,0.0,0.0,5.0,79,9.4,278,1006.1,0,0,0,0,0.0,0.0,41.7658,-72.6734,2024,10,15,4
2024-10-15 05:00:00,0.0,0.0,0.0,0.0,4.7,79,8.8,266,1006.8,1,0,0,1,0.0,0.0,41.7658,-72.6734,2024,10,15,5
2024-10-15 06:00:00,0.0,0.0,0.0,0.0,4.4,81,9.8,277,1006.9,0,0,0,0,0.0,0.0,41.7658,-72.6734,2024,10,15,6
2024-10-15 07:00:00,0.0,0.0,0.0,0.0,4.2,83,9.3,283,1007.0,14,0,0,14,0.0,0.0,41.7658,-72.6734,2024,10,15,7
2024-10-15 08:00:00,45.0,28.0,17.0,279.6,5.2,81,9.1,288,1007.3,99,0,99,92,0.0,3114.2,41.7658,-72.6734,2024,10,15,8
2024-10-15 09:00:00,199.0,134.0,65.0,541.2,7.1,68,7.9,290,1007.3,6,0,4,2,0.0,3600.0,41.7658,-72.6734,2024,10,15,9
2024-10-15 10:00:00,370.0,291.0,79.0,722.6,9.1,60,8.3,271,1007.2,71,2,40,56,0.0,3600.0,41.7658,-72.6734,2024,10,15,10
2024-10-15 11:00:00,476.0,334.0,142.0,638.2,10.6,54,10.3,283,1006.8,72,2,70,22,0.0,3600.0,41.7658,-72.6734,2024,10,15,11
2024-10-15 12:00:00,523.0,345.0,178.0,573.8,11.9,46,15.9,303,1006.6,61,31,43,8,0.0,3600.0,41.7658,-72.6734,2024,10,15,12
2024-10-15 13:00:00,570.0,419.0,151.0,663.8,12.6,43,16.5,306,1006.0,39,24,29,0,0.0,3600.0,41.7658,-72.6734,2024,10,15,13
2024-10-15 14:00:00,534.0,386.0,148.0,631.6,12.9,40,16.0,304,1005.4,30,8,26,0,0.0,3600.0,41.7658,-72.6734,2024,10,15,14
2024-10-15 15:00:00,494.0,369.0,125.0,680.4,13.0,39,14.9,295,1005.0,40,7,36,0,0.0,3600.0,41.7658,-72.6734,2024,10,15,15
2024-10-15 16:00:00,371.0,281.0,90.0,654.2,12.4,42,15.7,292,1005.0,12,0,12,0,0.1,3600.0,41.7658,-72.6734,2024,10,15,16
2024-10-15 17:00:00,232.0,166.0,66.0,592.0,11.8,43,13.3,289,1005.1,11,0,11,0,0.0,3600.0,41.7658,-72.6734,2024,10,15,17
2024-10-15 18:00:00,71.0,45.0,26.0,381.4,10.1,51,8.3,281,1005.5,16,0,16,0,0.0,3600.0,41.7658,-72.6734,2024,10,15,18
2024-10-15 19:00:00,0.0,0.0,0.0,0.0,8.7,56,9.4,265,1005.9,34,0,33,0,0.0,0.0,41.7658,-72.6734,2024,10,15,19
2024-10-15 20:00:00,0.0,0.0,0.0,0.0,7.7,62,10.6,256,1006.4,55,0,55,7,0.0,0.0,41.7658,-72.6734,2024,10,15,20
2024-10-15 21:00:00,0.0,0.0,0.0,0.0,7.4,64,11.0,275,1006.8,0,0,0,0,0.0,0.0,41.7658,-72.6734,2024,10,15,21
2024-10-15 22:00:00,0.0,0.0,0.0,0.0,6.6,67,10.0,262,1007.1,0,0,0,0,0.0,0.0,41.7658,-72.6734,2024,10,15,22
2024-10-15 23:00:00,0.0,0.0,0.0,0.0,5.7,72,10.4,247,1006.9,0,0,0,0,0.0,0.0,41.7658,-72.6734,2024,10,15,23
2024-10-16 00:00:00,0.0,0.0,0.0,0.0,5.4,74,10.9,241,1006.9,1,1,0,0,0.0,0.0,41.7658,-72.6734,2024,10,16,0
2024-10-16 01:00:00,0.0,0.0,0.0,0.0,5.3,74,11.2,233,1007.0,4,0,0,4,0.0,0.0,41.7658,-72.6734,2024,10,16,1
2024-10-16 02:00:00,0.0,0.0,0.0,0.0,5.1,75,10.9,243,1007.1,29,0,0,29,0.0,0.0,41.7658,-72.6734,2024,10,16,2
2024-10-16 03:00:00,0.0,0.0,0.0,0.0,5.2,75,11.0,249,1007.0,97,1,42,97,0.0,0.0,41.7658,-72.6734,2024,10,16,3
2024-10-16 04:00:00,0.0,0.0,0.0,0.0,5.4,75,9.4,252,1007.2,94,1,91,69,0.0,0.0,41.7658,-72.6734,2024,10,16,4
2024-10-16 05:00:00,0.0,0.0,0.0,0.0,5.8,74,8.5,269,1007.6,92,2,92,0,0.0,0.0,41.7658,-72.6734,2024,10,16,5
2024-10-16 06:00:00,0.0,0.0,0.0,0.0,6.0,73,10.1,290,1008.2,96,2,96,0,0.0,0.0,41.7658,-72.6734,2024,10,16,6
2024-10-16 07:00:00,0.0,0.0,0.0,0.0,6.5,71,11.7,291,1008.8,49,2,49,0,0.0,0.0,41.7658,-72.6734,2024,10,16,7
2024-10-16 08:00:00,37.0,16.0,21.0,163.0,6.6,71,12.6,298,1009.5,2,2,0,0,0.0,3045.58,41.7658,-72.6734,2024,10,16,8
2024-10-16 09:00:00,174.0,101.0,73.0,414.5,8.1,63,12.1,287,1010.6,1,1,0,0,0.0,3600.0,41.7658,-72.6734,2024,10,16,9
2024-10-16 10:00:00,364.0,290.0,74.0,727.8,9.5,58,12.9,288,1011.0,40,40,1,0,0.0,3600.0,41.7658,-72.6734,2024,10,16,10
2024-10-16 11:00:00,465.0,349.0,116.0,672.6,11.1,49,19.7,324,1011.5,79,79,1,0,0.0,3600.0,41.7658,-72.6734,2024,10,16,11
2024-10-16 12:00:00,474.0,312.0,162.0,523.0,11.8,46,19.9,325,1012.0,98,98,7,0,0.0,3600.0,41.7658,-72.6734,2024,10,16,12
2024-10-16 13:00:00,386.0,160.0,226.0,255.5,11.9,46,18.7,320,1012.2,64,64,2,0,0.0,3600.0,41.7658,-72.6734,2024,10,16,13
2024-10-16 14:00:00,406.0,186.0,220.0,306.9,12.4,45,17.6,318,1012.1,93,93,21,0,0.0,3600.0,41.7658,-72.6734,2024,10,16,14
2024-10-16 15:00:00,407.0,243.0,164.0,452.4,13.0,43,17.0,320,1012.5,41,40,27,0,0.0,3600.0,41.7658,-72.6734,2024,10,16,15
2024-10-16 16:00:00,355.0,247.0,108.0,582.1,12.8,42,16.3,319,1013.0,18,18,0,0,0.0,3600.0,41.7658,-72.6734,2024,10,16,16
2024-10-16 17:00:00,227.0,162.0,65.0,588.5,11.6,46,14.7,320,1013.7,8,8,0,0,0.0,3600.0,41.7658,-72.6734,2024,10,16,17
2024-10-16 18:00:00,67.0,43.0,24.0,372.8,9.8,54,9.3,319,1014.8,3,3,0,0,0.0,3600.0,41.7658,-72.6734,2024,10,16,18
2024-10-16 19:00:00,0.0,0.0,0.0,0.0,8.2,62,8.7,294,1015.7,1,1,0,0,0.0,0.0,41.7658,-72.6734,2024,10,16,19
2024-10-16 20:00:00,0.0,0.0,0.0,0.0,7.3,66,10.2,291,1016.4,5,5,0,0,0.0,0.0,41.7658,-72.6734,2024,10,16,20
2024-10-16 21:00:00,0.0,0.0,0.0,0.0,6.9,67,11.6,319,1016.9,0,0,0,0,0.0,0.0,41.7658,-72.6734,2024,10,16,21
2024-10-16 22:00:00,0.0,0.0,0.0,0.0,6.4,67,9.6,322,1017.8,0,0,0,0,0.0,0.0,41.7658,-72.6734,2024,10,16,22
2024-10-16 23:00:00,0.0,0.0,0.0,0.0,6.0,69,13.2,338,1017.9,0,0,0,0,0.0,0.0,41.7658,-72.6734,2024,10,16,23
2024-10-17 00:00:00,0.0,0.0,0.0,0.0,5.7,70,11.8,349,1018.1,0,0,0,0,0.0,0.0,41.7658,-72.6734,2024,10,17,0
2024-10-17 01:00:00,0.0,0.0,0.0,0.0,5.4,73,6.2,7,1019.7,0,0,0,0,0.0,0.0,41.7658,-72.6734,2024,10,17,1
2024-10-17 02:00:00,0.0,0.0,0.0,0.0,4.5,82,4.4,21,1020.0,0,0,0,0,0.0,0.0,41.7658,-72.6734,2024,10,17,2
2024-10-17 03:00:00,0.0,0.0,0.0,0.0,4.0,83,12.6,360,1018.8,0,0,0,0,0.0,0.0,41.7658,-72.6734,2024,10,17,3
2024-10-17 04:00:00,0.0,0.0,0.0,0.0,3.6,85,6.5,357,1019.2,0,0,0,0,0.0,0.0,41.7658,-72.6734,2024,10,17,4
2024-10-17 05:00:00,0.0,0.0,0.0,0.0,2.9,90,5.6,31,1019.4,0,0,0,0,0.0,0.0,41.7658,-72.6734,2024,10,17,5
2024-10-17 06:00:00,0.0,0.0,0.0,0.0,3.0,90,9.7,4,1019.1,2,0,0,2,0.0,0.0,41.7658,-72.6734,2024,10,17,6
2024-10-17 07:00:00,0.0,0.0,0.0,0.0,2.3,92,6.7,14,1019.6,6,0,0,6,0.0,0.0,41.7658,-72.6734,2024,10,17,7
2024-10-17 08:00:00,40.0,24.0,16.0,249.5,3.1,91,4.6,329,1021.3,37,0,0,37,0.0,2976.72,41.7658,-72.6734,2024,10,17,8
2024-10-17 09:00:00,200.0,150.0,50.0,625.8,5.0,78,8.1,4,1021.3,0,0,0,0,0.0,3600.0,41.7658,-72.6734,2024,10,17,9
2024-10-17 10:00:00,372.0,306.0,66.0,776.1,7.5,65,9.9,360,1020.7,0,0,0,0,0.0,3600.0,41.7658,-72.6734,2024,10,17,10
2024-10-17 11:00:00,513.0,440.0,73.0,855.4,10.1,55,7.6,12,1020.7,0,0,0,0,0.0,3600.0,41.7658,-72.6734,2024,10,17,11
2024-10-17 12:00:00,605.0,527.0,78.0,890.4,11.9,49,7.8,9,1020.7,4,0,0,4,0.0,3600.0,41.7658,-72.6734,2024,10,17,12
2024-10-17 13:00:00,636.0,550.0,86.0,885.1,13.1,45,9.5,360,1020.5,0,0,0,0,0.0,3600.0,41.7658,-72.6734,2024,10,17,13
2024-10-17 14:00:00,606.0,512.0,94.0,851.9,13.9,41,10.1,355,1019.7,100,0,0,100,0.0,3600.0,41.7658,-72.6734,2024,10,17,14
2024-10-17 15:00:00,468.0,296.0,172.0,556.3,14.0,40,11.7,356,1019.4,100,0,0,100,0.0,3600.0,41.7658,-72.6734,2024,10,17,15
2024-10-17 16:00:00,343.0,203.0,140.0,484.2,13.9,38,14.4,359,1018.5,100,0,0,100,0.0,3600.0,41.7658,-72.6734,2024,10,17,16
2024-10-17 17:00:00,181.0,81.0,100.0,299.8,13.3,39,13.7,360,1017.8,99,0,0,99,0.0,3600.0,41.7658,-72.6734,2024,10,17,17
2024-10-17 18:00:00,54.0,21.0,33.0,186.2,11.6,45,12.8,3,1017.5,19,0,0,19,0.0,3600.0,41.7658,-72.6734,2024,10,17,18
2024-10-17 19:00:00,0.0,0.0,0.0,0.0,9.4,57,6.9,28,1018.6,0,0,0,0,0.0,0.0,41.7658,-72.6734,2024,10,17,19
2024-10-17 20:00:00,0.0,0.0,0.0,0.0,8.4,63,6.1,34,1019.8,0,0,0,0,0.0,0.0,41.7658,-72.6734,2024,10,17,20
2024-10-17 21:00:00,0.0,0.0,0.0,0.0,7.2,72,9.8,337,1019.8,0,0,0,0,0.0,0.0,41.7658,-72.6734,2024,10,17,21
2024-10-17 22:00:00,0.0,0.0,0.0,0.0,6.5,75,9.4,358,1020.3,0,0,0,0,0.0,0.0,41.7658,-72.6734,2024,10,17,22
2024-10-17 23:00:00,0.0,0.0,0.0,0.0,5.9,78,9.4,1,1020.5,0,0,0,0,0.0,0.0,41.7658,-72.6734,2024,10,17,23
2024-10-18 00:00:00,0.0,0.0,0.0,0.0,5.5,78,10.7,5,1020.5,0,0,0,0,0.0,0.0,41.7658,-72.6734,2024,10,18,0
2024-10-18 01:00:00,0.0,0.0,0.0,0.0,5.5,76,12.3,10,1020.6,0,0,0,0,0.0,0.0,41.7658,-72.6734,2024,10,18,1
2024-10-18 02:00:00,0.0,0.0,0.0,0.0,5.7,70,14.1,10,1020.9,0,0,0,0,0.0,0.0,41.7658,-72.6734,2024,10,18,2
2024-10-18 03:00:00,0.0,0.0,0.0,0.0,5.8,66,13.1,21,1021.8,0,0,0,0,0.0,0.0,41.7658,-72.6734,2024,10,18,3
2024-10-18 04:00:00,0.0,0.0,0.0,0.0,5.3,67,12.4,14,1022.5,0,0,0,0,0.0,0.0,41.7658,-72.6734,2024,10,18,4
2024-10-18 05:00:00,0.0,0.0,0.0,0.0,5.1,66,12.4,8,1023.4,0,0,0,0,0.0,0.0,41.7658,-72.6734,2024,10,18,5
2024-10-18 06:00:00,0.0,0.0,0.0,0.0,4.7,67,11.7,5,1024.0,0,0,0,0,0.0,0.0,41.7658,-72.6734,2024,10,18,6
2024-10-18 07:00:00,0.0,0.0,0.0,0.0,4.3,69,11.5,2,1025.0,0,0,0,0,0.0,0.0,41.7658,-72.6734,2024,10,18,7
2024-10-18 08:00:00,39.0,24.0,15.0,254.8,5.3,65,12.6,2,1025.8,0,0,0,0,0.0,2907.61,41.7658,-72.6734,2024,10,18,8
2024-10-18 09:00:00,195.0,146.0,49.0,619.4,7.8,60,10.6,360,1026.5,0,0,0,0,0.0,3600.0,41.7658,-72.6734,2024,10,18,9
2024-10-18 10:00:00,365.0,301.0,64.0,771.7,10.5,50,12.4,2,1026.9,0,0,0,0,0.0,3600.0,41.7658,-72.6734,2024,10,18,10
2024-10-18 11:00:00,503.0,431.0,72.0,845.2,13.2,43,11.5,1,1026.9,0,0,0,0,0.0,3600.0,41.7658,-72.6734,2024,10,18,11
2024-10-18 12:00:00,593.0,516.0,77.0,878.8,15.3,38,12.2,8,1027.1,0,0,0,0,0.0,3600.0,41.7658,-72.6734,2024,10,18,12
2024-10-18 13:00:00,627.0,549.0,78.0,890.4,16.8,35,12.8,9,1027.0,0,0,0,0,0.0,3600.0,41.7658,-72.6734,2024,10,18,13
2024-10-18 14:00:00,602.0,526.0,76.0,882.5,17.7,31,13.0,6,1026.6,0,0,0,0,0.0,3600.0,41.7658,-72.6734,2024,10,18,14
2024-10-18 15:00:00,521.0,448.0,73.0,850.0,18.0,31,12.9,7,1026.5,0,0,0,0,0.0,3600.0,41.7658,-72.6734,2024,10,18,15
2024-10-18 16:00:00,390.0,325.0,65.0,784.6,17.8,33,12.6,10,1026.4,0,0,0,0,0.0,3600.0,41.7658,-72.6734,2024,10,18,16
2024-10-18 17:00:00,225.0,173.0,52.0,652.2,16.7,39,8.4,9,1026.5,0,0,0,0,0.0,3600.0,41.7658,-72.6734,2024,10,18,17
2024-10-18 18:00:00,60.0,39.0,21.0,353.8,14.0,47,8.7,353,1026.9,0,0,0,0,0.0,3547.25,41.7658,-72.6734,2024,10,18,18
2024-10-18 19:00:00,0.0,0.0,0.0,0.0,12.3,52,9.5,360,1027.3,0,0,0,0,0.0,0.0,41.7658,-72.6734,2024,10,18,19
2024-10-18 20:00:00,0.0,0.0,0.0,0.0,10.6,61,7.9,24,1027.9,0,0,0,0,0.0,0.0,41.7658,-72.6734,2024,10,18,20
2024-10-18 21:00:00,0.0,0.0,0.0,0.0,9.0,68,5.9,23,1028.3,0,0,0,0,0.0,0.0,41.7658,-72.6734,2024,10,18,21
2024-10-18 22:00:00,0.0,0.0,0.0,0.0,8.6,68,4.5,14,1028.8,0,0,0,0,0.0,0.0,41.7658,-72.6734,2024,10,18,22
2024-10-18 23:00:00,0.0,0.0,0.0,0.0,6.6,84,6.8,2,1029.1,0,0,0,0,0.0,0.0,41.7658,-72.6734,2024,10,18,23
2024-10-19 00:00:00,0.0,0.0,0.0,0.0,6.5,85,5.0,35,1029.4,0,0,0,0,0.0,0.0,41.7658,-72.6734,2024,10,19,0
2024-10-19 01:00:00,0.0,0.0,0.0,0.0,5.6,92,4.4,32,1029.4,0,0,0,0,0.0,0.0,41.7658,-72.6734,2024,10,19,1
2024-10-19 02:00:00,0.0,0.0,0.0,0.0,5.6,91,4.1,29,1029.4,0,0,0,0,0.0,0.0,41.7658,-72.6734,2024,10,19,2
2024-10-19 03:00:00,0.0,0.0,0.0,0.0,4.7,94,6.3,15,1029.4,0,0,0,0,0.0,0.0,41.7658,-72.6734,2024,10,19,3
2024-10-19 04:00:00,0.0,0.0,0.0,0.0,4.6,95,6.2,8,1029.1,0,0,0,0,0.0,0.0,41.7658,-72.6734,2024,10,19,4
2024-10-19 05:00:00,0.0,0.0,0.0,0.0,4.4,95,5.5,27,1029.2,0,0,0,0,0.0,0.0,41.7658,-72.6734,2024,10,19,5
2024-10-19 06:00:00,0.0,0.0,0.0,0.0,3.9,97,6.1,32,1029.3,0,0,0,0,0.0,0.0,41.7658,-72.6734,2024,10,19,6
2024-10-19 07:00:00,0.0,0.0,0.0,0.0,3.6,97,5.6,4,1029.5,0,0,0,0,0.0,0.0,41.7658,-72.6734,2024,10,19,7
2024-10-19 08:00:00,36.0,22.0,14.0,238.6,4.9,96,5.0,358,1029.5,0,0,0,0,0.0,2838.23,41.7658,-72.6734,2024,10,19,8
2024-10-19 09:00:00,186.0,133.0,53.0,573.9,6.9,85,3.8,11,1030.4,1,1,0,0,0.0,3600.0,41.7658,-72.6734,2024,10,19,9
2024-10-19 10:00:00,359.0,295.0,64.0,764.6,10.5,70,2.7,4,1030.3,0,0,0,0,0.0,3600.0,41.7658,-72.6734,2024,10,19,10
2024-10-19 11:00:00,498.0,426.0,72.0,842.8,14.2,55,2.0,5,1030.0,0,0,0,0,0.0,3600.0,41.7658,-72.6734,2024,10,19,11
2024-10-19 12:00:00,590.0,514.0,76.0,882.4,17.4,43,0.2,270,1029.4,0,0,0,0,0.0,3600.0,41.7658,-72.6734,2024,10,19,12
2024-10-19 13:00:00,625.0,547.0,78.0,894.2,19.5,35,1.3,180,1028.5,0,0,0,0,0.0,3600.0,41.7658,-72.6734,2024,10,19,13
2024-10-19 14:00:00,601.0,525.0,76.0,888.2,20.8,31,2.0,175,1027.4,0,0,0,0,0.0,3600.0,41.7658,-72.6734,2024,10,19,14
2024-10-19 15:00:00,519.0,447.0,72.0,856.3,21.3,30,3.2,180,1026.7,0,0,0,0,0.0,3600.0,41.7658,-72.6734,2024,10,19,15
2024-10-19 16:00:00,387.0,322.0,65.0,786.9,21.1,32,4.5,173,1026.2,0,0,0,0,0.0,3600.0,41.7658,-72.6734,2024,10,19,16
2024-10-19 17:00:00,221.0,170.0,51.0,653.0,19.3,40,6.2,147,1025.8,0,0,0,0,0.0,3600.0,41.7658,-72.6734,2024,10,19,17
2024-10-19 18:00:00,57.0,37.0,20.0,343.5,15.7,51,6.8,148,1025.6,0,0,0,0,0.0,3458.33,41.7658,-72.6734,2024,10,19,18
2024-10-19 19:00:00,0.0,0.0,0.0,0.0,13.5,60,9.2,192,1025.8,0,0,0,0,0.0,0.0,41.7658,-72.6734,2024,10,19,19
2024-10-19 20:00:00,0.0,0.0,0.0,0.0,11.7,71,6.4,202,1025.9,0,0,0,0,0.0,0.0,41.7658,-72.6734,2024,10,19,20
2024-10-19 21:00:00,0.0,0.0,0.0,0.0,10.5,71,8.3,200,1025.8,0,0,0,0,0.0,0.0,41.7658,-72.6734,2024,10,19,21
2024-10-19 22:00:00,0.0,0.0,0.0,0.0,9.4,76,6.6,202,1025.6,0,0,0,0,0.0,0.0,41.7658,-72.6734,2024,10,19,22
2024-10-19 23:00:00,0.0,0.0,0.0,0.0,8.6,80,5.6,201,1025.4,0,0,0,0,0.0,0.0,41.7658,-72.6734,2024,10,19,23
2024-10-20 00:00:00,0.0,0.0,0.0,0.0,7.4,87,6.5,208,1025.1,0,0,0,0,0.0,0.0,41.7658,-72.6734,2024,10,20,0
2024-10-20 01:00:00,0.0,0.0,0.0,0.0,6.7,88,7.0,220,1024.7,0,0,0,0,0.0,0.0,41.7658,-72.6734,2024,10,20,1
2024-10-20 02:00:00,0.0,0.0,0.0,0.0,6.1,89,6.5,210,1024.3,0,0,0,0,0.0,0.0,41.7658,-72.6734,2024,10,20,2
2024-10-20 03:00:00,0.0,0.0,0.0,0.0,5.7,90,6.6,213,1024.0,0,0,0,0,0.0,0.0,41.7658,-72.6734,2024,10,20,3
2024-10-20 04:00:00,0.0,0.0,0.0,0.0,5.4,90,6.5,204,1023.4,0,0,0,0,0.0,0.0,41.7658,-72.6734,2024,10,20,4
2024-10-20 05:00:00,0.0,0.0,0.0,0.0,5.1,91,6.6,201,1023.2,0,0,0,0,0.0,0.0,41.7658,-72.6734,2024,10,20,5
2024-10-20 06:00:00,0.0,0.0,0.0,0.0,5.4,90,5.7,221,1022.9,0,0,0,0,0.0,0.0,41.7658,-72.6734,2024,10,20,6
2024-10-20 07:00:00,0.0,0.0,0.0,0.0,5.8,89,4.0,249,1022.9,0,0,0,0,0.0,0.0,41.7658,-72.6734,2024,10,20,7
2024-10-20 08:00:00,35.0,21.0,14.0,232.8,5.6,91,2.3,247,1023.1,0,0,0,0,0.0,2768.3,41.7658,-72.6734,2024,10,20,8
2024-10-20 09:00:00,177.0,117.0,60.0,513.7,7.6,83,0.2,360,1023.8,0,0,0,0,0.0,3600.0,41.7658,-72.6734,2024,10,20,9
2024-10-20 10:00:00,359.0,291.0,68.0,762.7,12.0,65,0.4,90,1023.6,0,0,0,0,0.0,3600.0,41.7658,-72.6734,2024,10,20,10
2024-10-20 11:00:00,504.0,434.0,70.0,866.3,16.0,49,1.0,68,1022.9,0,0,0,0,0.0,3600.0,41.7658,-72.6734,2024,10,20,11
2024-10-20 12:00:00,594.0,518.0,76.0,896.5,18.8,41,0.9,37,1022.4,0,0,0,0,0.0,3600.0,41.7658,-72.6734,2024,10,20,12
2024-10-20 13:00:00,630.0,552.0,78.0,909.6,21.0,36,1.9,241,1021.3,0,0,0,0,0.0,3600.0,41.7658,-72.6734,2024,10,20,13
2024-10-20 14:00:00,606.0,530.0,76.0,904.2,22.7,30,5.0,255,1020.3,88,0,0,88,0.0,3600.0,41.7658,-72.6734,2024,10,20,14
2024-10-20 15:00:00,521.0,445.0,76.0,860.7,23.5,25,7.0,257,1019.4,20,0,0,20,0.0,3600.0,41.7658,-72.6734,2024,10,20,15
2024-10-20 16:00:00,390.0,323.0,67.0,799.0,23.0,26,7.3,261,1018.9,67,0,0,67,0.0,3600.0,41.7658,-72.6734,2024,10,20,16
2024-10-20 17:00:00,206.0,133.0,73.0,520.6,20.4,38,5.6,249,1018.5,60,0,0,60,0.0,3600.0,41.7658,-72.6734,2024,10,20,17
2024-10-20 18:00:00,53.0,31.0,22.0,294.6,17.1,42,11.0,238,1018.5,2,0,0,2,0.0,3369.75,41.7658,-72.6734,2024,10,20,18
2024-10-20 19:00:00,0.0,0.0,0.0,0.0,14.1,51,10.1,235,1018.9,0,0,0,0,0.0,0.0,41.7658,-72.6734,2024,10,20,19
2024-10-20 20:00:00,0.0,0.0,0.0,0.0,12.8,57,7.4,241,1019.1,0,0,0,0,0.0,0.0,41.7658,-72.6734,2024,10,20,20
2024-10-20 21:00:00,0.0,0.0,0.0,0.0,12.1,60,5.6,213,1018.8,0,0,0,0,0.0,0.0,41.7658,-72.6734,2024,10,20,21
2024-10-20 22:00:00,0.0,0.0,0.0,0.0,11.0,65,6.4,190,1018.8,0,0,0,0,0.0,0.0,41.7658,-72.6734,2024,10,20,22
2024-10-20 23:00:00,0.0,0.0,0.0,0.0,10.5,69,7.0,192,1018.5,0,0,0,0,0.0,0.0,41.7658,-72.6734,2024,10,20,23
2024-10-21 00:00:00,0.0,0.0,0.0,0.0,9.9,72,5.6,195,1018.2,0,0,0,0,0.0,0.0,41.7658,-72.6734,2024,10,21,0
2024-10-21 01:00:00,0.0,0.0,0.0,0.0,8.3,80,7.8,209,1017.9,6,0,0,6,0.0,0.0,41.7658,-72.6734,2024,10,21,1
2024-10-21 02:00:00,0.0,0.0,0.0,0.0,8.3,79,6.2,213,1017.6,0,0,0,0,0.0,0.0,41.7658,-72.6734,2024,10,21,2
2024-10-21 03:00:00,0.0,0.0,0.0,0.0,7.9,80,6.2,213,1017.3,0,0,0,0,0.0,0.0,41.7658,-72.6734,2024,10,21,3
2024-10-21 04:00:00,0.0,0.0,0.0,0.0,7.5,82,7.9,227,1017.2,30,0,0,30,0.0,0.0,41.7658,-72.6734,2024,10,21,4
2024-10-21 05:00:00,0.0,0.0,0.0,0.0,8.3,76,6.7,218,1017.1,6,0,0,6,0.0,0.0,41.7658,-72.6734,2024,10,21,5
2024-10-21 06:00:00,0.0,0.0,0.0,0.0,8.0,77,6.6,225,1017.1,0,0,0,0,0.0,0.0,41.7658,-72.6734,2024,10,21,6
2024-10-21 07:00:00,0.0,0.0,0.0,0.0,7.9,78,5.9,225,1017.5,1,0,0,1,0.0,0.0,41.7658,-72.6734,2024,10,21,7
2024-10-21 08:00:00,31.0,18.0,13.0,204.1,9.0,74,7.4,221,1018.0,9,0,0,9,0.0,2697.82,41.7658,-72.6734,2024,10,21,8
2024-10-21 09:00:00,174.0,125.0,49.0,558.7,13.7,59,6.8,220,1018.9,1,0,0,1,0.0,3600.0,41.7658,-72.6734,2024,10,21,9
2024-10-21 10:00:00,337.0,273.0,64.0,723.6,18.2,47,4.5,203,1018.8,8,0,0,8,0.0,3600.0,41.7658,-72.6734,2024,10,21,10
2024-10-21 11:00:00,469.0,396.0,73.0,797.7,21.3,38,3.9,208,1018.3,17,0,0,17,0.0,3600.0,41.7658,-72.6734,2024,10,21,11
2024-10-21 12:00:00,556.0,475.0,81.0,828.8,23.6,35,5.2,221,1017.8,52,0,0,52,0.0,3600.0,41.7658,-72.6734,2024,10,21,12
2024-10-21 13:00:00,581.0,485.0,96.0,805.7,25.3,33,8.1,227,1017.1,4,0,0,4,0.0,3600.0,41.7658,-72.6734,2024,10,21,13
2024-10-21 14:00:00,567.0,489.0,78.0,841.4,26.4,33,10.3,230,1016.3,0,0,0,0,0.0,3600.0,41.7658,-72.6734,2024,10,21,14
2024-10-21 15:00:00,481.0,405.0,76.0,791.0,26.5,35,12.4,237,1015.8,4,0,4,0,0.0,3600.0,41.7658,-72.6734,2024,10,21,15
2024-10-21 16:00:00,352.0,282.0,70.0,706.3,25.9,36,12.1,242,1015.6,1,0,1,0,0.0,3600.0,41.7658,-72.6734,2024,10,21,16
2024-10-21 17:00:00,198.0,147.0,51.0,586.6,24.1,44,7.5,233,1015.9,2,0,2,0,0.0,3600.0,41.7658,-72.6734,2024,10,21,17
2024-10-21 18:00:00,47.0,29.0,18.0,282.3,20.8,54,7.9,221,1016.1,2,1,2,0,0.0,3281.58,41.7658,-72.6734,2024,10,21,18
2024-10-21 19:00:00,0.0,0.0,0.0,0.0,18.5,61,8.5,209,1016.8,0,0,0,0,0.0,0.0,41.7658,-72.6734,2024,10,21,19
2024-10-21 20:00:00,0.0,0.0,0.0,0.0,17.0,66,8.2,220,1017.1,2,2,2,0,0.0,0.0,41.7658,-72.6734,2024,10,21,20
2024-10-21 21:00:00,0.0,0.0,0.0,0.0,16.7,67,6.6,221,1017.2,7,2,7,0,0.0,0.0,41.7658,-72.6734,2024,10,21,21
2024-10-21 22:00:00,0.0,0.0,0.0,0.0,16.2,69,6.3,207,1017.5,1,0,1,0,0.0,0.0,41.7658,-72.6734,2024,10,21,22
2024-10-21 23:00:00,0.0,0.0,0.0,0.0,15.6,71,7.2,199,1017.5,0,0,0,0,0.0,0.0,41.7658,-72.6734,2024,10,21,23
2024-10-22 00:00:00,0.0,0.0,0.0,0.0,15.0,74,4.9,186,1017.8,4,3,3,0,0.0,0.0,41.7658,-72.6734,2024,10,22,0
2024-10-22 01:00:00,0.0,0.0,0.0,0.0,15.3,71,0.9,143,1018.2,4,4,3,0,0.0,0.0,41.7658,-72.6734,2024,10,22,1
2024-10-22 02:00:00,0.0,0.0,0.0,0.0,14.1,77,2.7,212,1018.3,5,5,4,0,0.0,0.0,41.7658,-72.6734,2024,10,22,2
2024-10-22 03:00:00,0.0,0.0,0.0,0.0,13.6,80,3.8,273,1018.4,0,0,0,0,0.0,0.0,41.7658,-72.6734,2024,10,22,3
2024-10-22 04:00:00,0.0,0.0,0.0,0.0,12.1,88,4.8,318,1018.6,0,0,0,0,0.0,0.0,41.7658,-72.6734,2024,10,22,4
2024-10-22 05:00:00,0.0,0.0,0.0,0.0,10.8,94,5.6,358,1019.2,0,0,0,0,0.0,0.0,41.7658,-72.6734,2024,10,22,5
2024-10-22 06:00:00,0.0,0.0,0.0,0.0,10.7,94,4.8,15,1019.5,0,0,0,0,0.0,0.0,41.7658,-72.6734,2024,10,22,6
2024-10-22 07:00:00,0.0,0.0,0.0,0.0,10.7,94,3.8,329,1019.9,0,0,0,0,0.0,0.0,41.7658,-72.6734,2024,10,22,7
2024-10-22 08:00:00,28.0,16.0,12.0,185.7,10.9,94,4.6,351,1020.3,0,0,0,0,0.0,2626.81,41.7658,-72.6734,2024,10,22,8
2024-10-22 09:00:00,168.0,121.0,47.0,550.7,14.4,79,3.4,6,1021.4,0,0,0,0,0.0,3600.0,41.7658,-72.6734,2024,10,22,9
2024-10-22 10:00:00,328.0,263.0,65.0,705.1,17.9,67,2.9,30,1021.6,0,0,0,0,0.0,3600.0,41.7658,-72.6734,2024,10,22,10
2024-10-22 11:00:00,460.0,386.0,74.0,784.7,20.8,56,2.8,27,1021.4,0,0,0,0,0.0,3600.0,41.7658,-72.6734,2024,10,22,11
2024-10-22 12:00:00,547.0,469.0,78.0,825.2,23.2,49,2.2,14,1021.2,0,0,0,0,0.0,3600.0,41.7658,-72.6734,2024,10,22,12
2024-10-22 13:00:00,579.0,498.0,81.0,834.0,24.9,44,1.1,9,1020.5,1,0,1,0,0.0,3600.0,41.7658,-72.6734,2024,10,22,13
2024-10-22 14:00:00,555.0,476.0,79.0,826.1,25.9,42,0.6,198,1019.7,1,0,1,0,0.0,3600.0,41.7658,-72.6734,2024,10,22,14
2024-10-22 15:00:00,477.0,403.0,74.0,794.8,26.2,41,2.3,184,1019.1,1,0,1,0,0.0,3600.0,41.7658,-72.6734,2024,10,22,15
2024-10-22 16:00:00,348.0,279.0,69.0,707.5,25.9,43,4.8,127,1018.6,3,0,3,0,0.0,3600.0,41.7658,-72.6734,2024,10,22,16
2024-10-22 17:00:00,192.0,140.0,52.0,569.6,24.2,51,6.8,101,1018.3,2,1,1,0,0.0,3600.0,41.7658,-72.6734,2024,10,22,17
2024-10-22 18:00:00,43.0,25.0,18.0,249.3,21.3,56,13.0,170,1018.4,3,3,0,0,0.0,3193.94,41.7658,-72.6734,2024,10,22,18
2024-10-22 19:00:00,0.0,0.0,0.0,0.0,19.3,59,9.4,176,1018.8,0,0,0,0,0.0,0.0,41.7658,-72.6734,2024,10,22,19
2024-10-22 20:00:00,0.0,0.0,0.0,0.0,17.8,67,9.9,184,1019.3,0,0,0,0,0.0,0.0,41.7658,-72.6734,2024,10,22,20
2024-10-22 21:00:00,0.0,0.0,0.0,0.0,17.2,75,9.4,182,1019.2,0,0,0,0,0.0,0.0,41.7658,-72.6734,2024,10,22,21
2024-10-22 22:00:00,0.0,0.0,0.0,0.0,16.0,81,8.7,173,1019.4,0,0,0,0,0.0,0.0,41.7658,-72.6734,2024,10,22,22
2024-10-22 23:00:00,0.0,0.0,0.0,0.0,15.2,84,8.3,167,1019.2,0,0,0,0,0.0,0.0,41.7658,-72.6734,2024,10,22,23
2024-10-23 00:00:00,0.0,0.0,0.0,0.0,14.6,87,7.9,167,1018.7,0,0,0,0,0.0,0.0,41.7658,-72.6734,2024,10,23,0
2024-10-23 01:00:00,0.0,0.0,0.0,0.0,13.9,89,8.5,176,1018.3,0,0,0,0,0.0,0.0,41.7658,-72.6734,2024,10,23,1
2024-10-23 02:00:00,0.0,0.0,0.0,0.0,13.5,91,8.1,184,1018.0,0,0,0,0,0.0,0.0,41.7658,-72.6734,2024,10,23,2
2024-10-23 03:00:00,0.0,0.0,0.0,0.0,13.0,92,8.5,175,1017.5,0,0,0,0,0.0,0.0,41.7658,-72.6734,2024,10,23,3
2024-10-23 04:00:00,0.0,0.0,0.0,0.0,12.5,94,9.0,180,1016.8,0,0,0,0,0.0,0.0,41.7658,-72.6734,2024,10,23,4
2024-10-23 05:00:00,0.0,0.0,0.0,0.0,12.2,94,8.3,186,1016.6,0,0,0,0,0.0,0.0,41.7658,-72.6734,2024,10,23,5
2024-10-23 06:00:00,0.0,0.0,0.0,0.0,12.0,94,8.7,185,1016.0,0,0,0,0,0.0,0.0,41.7658,-72.6734,2024,10,23,6
2024-10-23 07:00:00,0.0,0.0,0.0,0.0,11.6,96,8.7,187,1015.9,0,0,0,0,0.0,0.0,41.7658,-72.6734,2024,10,23,7
2024-10-23 08:00:00,28.0,16.0,12.0,190.1,12.3,95,10.0,187,1016.0,0,0,0,0,0.0,2555.32,41.7658,-72.6734,2024,10,23,8
2024-10-23 09:00:00,170.0,123.0,47.0,570.4,15.0,85,8.8,191,1016.4,0,0,0,0,0.0,3600.0,41.7658,-72.6734,2024,10,23,9
2024-10-23 10:00:00,338.0,275.0,63.0,745.9,17.8,71,10.3,185,1015.7,69,0,0,69,0.0,3600.0,41.7658,-72.6734,2024,10,23,10
2024-10-23 11:00:00,460.0,365.0,95.0,748.9,20.6,56,12.4,189,1014.8,77,0,0,77,0.0,3600.0,41.7658,-72.6734,2024,10,23,11
2024-10-23 12:00:00,555.0,465.0,90.0,825.0,22.8,43,15.8,194,1013.9,0,0,0,0,0.0,3600.0,41.7658,-72.6734,2024,10,23,12
2024-10-23 13:00:00,588.0,510.0,78.0,861.1,23.8,40,19.1,196,1012.5,0,0,0,0,0.0,3600.0,41.7658,-72.6734,2024,10,23,13
2024-10-23 14:00:00,567.0,494.0,73.0,864.8,23.7,47,20.7,195,1011.4,2,2,0,0,0.0,3600.0,41.7658,-72.6734,2024,10,23,14
2024-10-23 15:00:00,478.0,399.0,79.0,794.7,24.3,50,25.4,207,1010.4,41,41,0,0,0.0,3600.0,41.7658,-72.6734,2024,10,23,15
2024-10-23 16:00:00,269.0,172.0,97.0,441.7,21.9,67,20.9,181,1009.7,9,9,0,0,0.0,3600.0,41.7658,-72.6734,2024,10,23,16
2024-10-23 17:00:00,186.0,131.0,55.0,543.6,21.0,71,17.9,186,1009.5,9,9,0,0,0.0,3600.0,41.7658,-72.6734,2024,10,23,17
2024-10-23 18:00:00,40.0,23.0,17.0,235.1,19.2,80,14.6,182,1009.4,4,4,0,0,0.0,3106.9,41.7658,-72.6734,2024,10,23,18
2024-10-23 19:00:00,0.0,0.0,0.0,0.0,17.8,89,13.9,181,1009.6,15,15,0,0,0.0,0.0,41.7658,-72.6734,2024,10,23,19
2024-10-23 20:00:00,0.0,0.0,0.0,0.0,17.0,95,15.1,181,1009.4,9,9,0,0,0.0,0.0,41.7658,-72.6734,2024,10,23,20
2024-10-23 21:00:00,0.0,0.0,0.0,0.0,16.9,93,14.0,188,1009.1,0,0,0,0,0.0,0.0,41.7658,-72.6734,2024,10,23,21
2024-10-23 22:00:00,0.0,0.0,0.0,0.0,16.3,95,11.7,191,1009.0,0,0,0,0,0.0,0.0,41.7658,-72.6734,2024,10,23,22
2024-10-23 23:00:00,0.0,0.0,0.0,0.0,15.7,97,10.8,191,1008.6,3,0,3,0,0.0,0.0,41.7658,-72.6734,2024,10,23,23
2024-10-24 00:00:00,0.0,0.0,0.0,0.0,15.1,98,8.8,195,1008.2,63,0,25,51,0.0,0.0,41.7658,-72.6734,2024,10,24,0
2024-10-24 01:00:00,0.0,0.0,0.0,0.0,14.4,98,4.8,225,1007.9,77,0,36,64,0.0,0.0,41.7658,-72.6734,2024,10,24,1
2024-10-24 02:00:00,0.0,0.0,0.0,0.0,14.7,95,5.0,226,1007.8,87,0,25,82,0.0,0.0,41.7658,-72.6734,2024,10,24,2
2024-10-24 03:00:00,0.0,0.0,0.0,0.0,13.5,92,7.8,296,1007.3,38,0,2,37,0.0,0.0,41.7658,-72.6734,2024,10,24,3
2024-10-24 04:00:00,0.0,0.0,0.0,0.0,13.5,87,7.1,333,1006.9,29,0,21,10,0.0,0.0,41.7658,-72.6734,2024,10,24,4
2024-10-24 05:00:00,0.0,0.0,0.0,0.0,13.6,86,9.9,338,1007.6,39,0,20,24,0.0,0.0,41.7658,-72.6734,2024,10,24,5
2024-10-24 06:00:00,0.0,0.0,0.0,0.0,13.6,86,9.1,351,1007.8,72,0,69,14,0.0,0.0,41.7658,-72.6734,2024,10,24,6
2024-10-24 07:00:00,0.0,0.0,0.0,0.0,13.7,85,7.8,5,1008.1,70,4,68,7,0.0,0.0,41.7658,-72.6734,2024,10,24,7
2024-10-24 08:00:00,19.0,7.0,12.0,85.2,13.6,84,10.1,1,1008.6,25,6,20,0,0.0,1031.69,41.7658,-72.6734,2024,10,24,8
2024-10-24 09:00:00,117.0,50.0,67.0,236.3,16.2,72,10.9,348,1008.9,16,0,16,0,0.0,3600.0,41.7658,-72.6734,2024,10,24,9
2024-10-24 10:00:00,291.0,202.0,89.0,554.4,17.7,62,14.6,344,1009.2,29,8,23,0,0.0,3600.0,41.7658,-72.6734,2024,10,24,10
2024-10-24 11:00:00,425.0,321.0,104.0,664.8,19.4,55,19.6,359,1008.9,52,36,25,0,0.0,3600.0,41.7658,-72.6734,2024,10,24,11
2024-10-24 12:00:00,475.0,325.0,150.0,581.5,20.0,51,18.0,352,1008.6,11,4,8,0,0.0,3600.0,41.7658,-72.6734,2024,10,24,12
2024-10-24 13:00:00,557.0,456.0,101.0,776.3,20.7,46,16.5,349,1008.2,4,4,0,0,0.0,3600.0,41.7658,-72.6734,2024,10,24,13
2024-10-24 14:00:00,543.0,453.0,90.0,799.9,21.0,43,17.3,351,1007.8,8,8,0,0,0.0,3600.0,41.7658,-72.6734,2024,10,24,14
2024-10-24 15:00:00,464.0,375.0,89.0,754.4,20.8,42,17.5,355,1008.0,13,13,0,0,0.0,3600.0,41.7658,-72.6734,2024,10,24,15
2024-10-24 16:00:00,327.0,243.0,84.0,631.9,19.6,42,17.1,352,1008.4,4,4,0,0,0.0,3600.0,41.7658,-72.6734,2024,10,24,16
2024-10-24 17:00:00,184.0,131.0,53.0,554.6,18.1,44,14.6,344,1009.2,1,1,0,0,0.0,3600.0,41.7658,-72.6734,2024,10,24,17
2024-10-24 18:00:00,40.0,24.0,16.0,251.5,15.6,52,13.1,328,1010.2,0,0,0,0,0.0,3020.57,41.7658,-72.6734,2024,10,24,18
2024-10-24 19:00:00,0.0,0.0,0.0,0.0,13.9,55,16.1,329,1011.3,0,0,0,0,0.0,0.0,41.7658,-72.6734,2024,10,24,19
2024-10-24 20:00:00,0.0,0.0,0.0,0.0,12.8,53,16.8,341,1012.3,0,0,0,0,0.0,0.0,41.7658,-72.6734,2024,10,24,20
2024-10-24 21:00:00,0.0,0.0,0.0,0.0,12.3,55,14.0,347,1013.0,0,0,0,0,0.0,0.0,41.7658,-72.6734,2024,10,24,21
2024-10-24 22:00:00,0.0,0.0,0.0,0.0,11.3,57,13.0,350,1013.7,0,0,0,0,0.0,0.0,41.7658,-72.6734,2024,10,24,22
2024-10-24 23:00:00,0.0,0.0,0.0,0.0,10.5,60,12.8,349,1014.0,0,0,0,0,0.0,0.0,41.7658,-72.6734,2024,10,24,23
2024-10-25 00:00:00,0.0,0.0,0.0,0.0,9.6,63,11.9,360,1014.1,0,0,0,0,0.0,0.0,41.7658,-72.6734,2024,10,25,0
2024-10-25 01:00:00,0.0,0.0,0.0,0.0,8.8,65,12.3,357,1014.5,0,0,0,0,0.0,0.0,41.7658,-72.6734,2024,10,25,1
2024-10-25 02:00:00,0.0,0.0,0.0,0.0,8.1,68,11.2,356,1014.8,0,0,0,0,0.0,0.0,41.7658,-72.6734,2024,10,25,2
2024-10-25 03:00:00,0.0,0.0,0.0,0.0,7.4,71,10.9,353,1015.0,0,0,0,0,0.0,0.0,41.7658,-72.6734,2024,10,25,3
2024-10-25 04:00:00,0.0,0.0,0.0,0.0,6.9,73,10.0,351,1014.9,0,0,0,0,0.0,0.0,41.7658,-72.6734,2024,10,25,4
2024-10-25 05:00:00,0.0,0.0,0.0,0.0,6.3,76,9.0,354,1015.3,0,0,0,0,0.0,0.0,41.7658,-72.6734,2024,10,25,5
2024-10-25 06:00:00,0.0,0.0,0.0,0.0,5.8,78,9.2,348,1016.1,0,0,0,0,0.0,0.0,41.7658,-72.6734,2024,10,25,6
2024-10-25 07:00:00,0.0,0.0,0.0,0.0,5.4,81,7.7,351,1016.4,0,0,0,0,0.0,0.0,41.7658,-72.6734,2024,10,25,7
2024-10-25 08:00:00,25.0,14.0,11.0,174.8,5.8,81,7.0,347,1016.9,0,0,0,0,0.0,2411.05,41.7658,-72.6734,2024,10,25,8
2024-10-25 09:00:00,168.0,122.0,46.0,587.9,8.0,67,6.5,354,1017.6,0,0,0,0,0.0,3600.0,41.7658,-72.6734,2024,10,25,9
2024-10-25 10:00:00,333.0,271.0,62.0,752.7,10.0,58,9.0,357,1017.6,0,0,0,0,0.0,3600.0,41.7658,-72.6734,2024,10,25,10
2024-10-25 11:00:00,470.0,399.0,71.0,834.2,11.9,49,7.7,360,1017.0,0,0,0,0,0.0,3600.0,41.7658,-72.6734,2024,10,25,11
2024-10-25 12:00:00,560.0,485.0,75.0,875.2,13.6,41,5.6,360,1016.4,0,0,0,0,0.0,3600.0,41.7658,-72.6734,2024,10,25,12
2024-10-25 13:00:00,595.0,518.0,77.0,889.3,14.8,38,1.9,338,1015.1,0,0,0,0,0.0,3600.0,41.7658,-72.6734,2024,10,25,13
2024-10-25 14:00:00,570.0,495.0,75.0,881.8,15.9,36,2.7,228,1014.2,0,0,0,0,0.0,3600.0,41.7658,-72.6734,2024,10,25,14
2024-10-25 15:00:00,488.0,417.0,71.0,847.2,16.7,34,3.9,196,1013.1,0,0,0,0,0.0,3600.0,41.7658,-72.6734,2024,10,25,15
2024-10-25 16:00:00,357.0,294.0,63.0,774.3,16.9,34,5.7,198,1012.5,0,0,0,0,0.0,3600.0,41.7658,-72.6734,2024,10,25,16
2024-10-25 17:00:00,194.0,146.0,48.0,630.6,16.1,37,6.0,201,1012.2,22,0,0,22,0.0,3600.0,41.7658,-72.6734,2024,10,25,17
2024-10-25 18:00:00,39.0,24.0,15.0,258.0,13.6,44,9.8,224,1012.4,24,0,0,24,0.0,2935.06,41.7658,-72.6734,2024,10,25,18
2024-10-25 19:00:00,0.0,0.0,0.0,0.0,11.4,51,9.9,224,1012.9,98,0,0,98,0.0,0.0,41.7658,-72.6734,2024,10,25,19
2024-10-25 20:00:00,0.0,0.0,0.0,0.0,10.1,59,7.4,229,1013.5,100,0,0,100,0.0,0.0,41.7658,-72.6734,2024,10,25,20
2024-10-25 21:00:00,0.0,0.0,0.0,0.0,9.5,67,7.4,202,1013.3,67,0,2,66,0.0,0.0,41.7658,-72.6734,2024,10,25,21
2024-10-25 22:00:00,0.0,0.0,0.0,0.0,9.3,69,9.2,191,1012.8,45,0,45,1,0.0,0.0,41.7658,-72.6734,2024,10,25,22
2024-10-25 23:00:00,0.0,0.0,0.0,0.0,9.7,66,7.2,219,1013.1,38,0,38,0,0.0,0.0,41.7658,-72.6734,2024,10,25,23
2024-10-26 00:00:00,0.0,0.0,0.0,0.0,9.7,67,6.7,216,1012.7,12,0,12,0,0.0,0.0,41.7658,-72.6734,2024,10,26,0
2024-10-26 01:00:00,0.0,0.0,0.0,0.0,9.2,69,8.1,227,1012.6,2,0,2,0,0.0,0.0,41.7658,-72.6734,2024,10,26,1
2024-10-26 02:00:00,0.0,0.0,0.0,0.0,8.7,68,7.9,237,1012.5,18,10,17,0,0.0,0.0,41.7658,-72.6734,2024,10,26,2
2024-10-26 03:00:00,0.0,0.0,0.0,0.0,8.5,66,7.8,220,1012.1,23,17,21,0,0.0,0.0,41.7658,-72.6734,2024,10,26,3
2024-10-26 04:00:00,0.0,0.0,0.0,0.0,8.0,68,8.3,207,1011.6,15,12,13,0,0.0,0.0,41.7658,-72.6734,2024,10,26,4
2024-10-26 05:00:00,0.0,0.0,0.0,0.0,7.8,68,8.1,219,1011.6,18,17,11,0,0.0,0.0,41.7658,-72.6734,2024,10,26,5
2024-10-26 06:00:00,0.0,0.0,0.0,0.0,7.9,68,8.0,222,1011.8,49,26,40,10,0.0,0.0,41.7658,-72.6734,2024,10,26,6
2024-10-26 07:00:00,0.0,0.0,0.0,0.0,8.5,68,8.1,241,1012.0,18,12,6,6,0.0,0.0,41.7658,-72.6734,2024,10,26,7
2024-10-26 08:00:00,22.0,11.0,11.0,141.0,9.6,68,9.4,269,1012.9,2,1,0,1,0.0,2338.36,41.7658,-72.6734,2024,10,26,8
2024-10-26 09:00:00,160.0,115.0,45.0,565.3,12.7,60,9.6,274,1013.9,13,0,0,12,0.0,3600.0,41.7658,-72.6734,2024,10,26,9
2024-10-26 10:00:00,322.0,258.0,64.0,725.3,15.2,50,13.0,294,1013.8,35,9,0,29,0.0,3600.0,41.7658,-72.6734,2024,10,26,10
2024-10-26 11:00:00,451.0,367.0,84.0,774.7,16.1,45,17.0,302,1013.8,19,17,0,2,0.0,3600.0,41.7658,-72.6734,2024,10,26,11
2024-10-26 12:00:00,523.0,417.0,106.0,759.0,16.7,41,19.1,306,1013.8,81,30,5,73,0.0,3600.0,41.7658,-72.6734,2024,10,26,12
2024-10-26 13:00:00,555.0,441.0,114.0,763.4,16.9,38,18.9,303,1013.6,23,22,7,0,0.0,3600.0,41.7658,-72.6734,2024,10,26,13
2024-10-26 14:00:00,541.0,440.0,101.0,790.7,16.9,34,20.3,305,1013.6,8,7,7,0,0.0,3600.0,41.7658,-72.6734,2024,10,26,14
2024-10-26 15:00:00,473.0,395.0,78.0,810.6,16.6,32,20.2,303,1013.7,4,2,4,0,0.0,3600.0,41.7658,-72.6734,2024,10,26,15
2024-10-26 16:00:00,349.0,284.0,65.0,757.6,15.8,30,19.8,302,1014.1,0,0,0,0,0.0,3600.0,41.7658,-72.6734,2024,10,26,16
2024-10-26 17:00:00,190.0,142.0,48.0,625.9,14.8,29,17.3,306,1014.8,0,0,0,0,0.0,3600.0,41.7658,-72.6734,2024,10,26,17
2024-10-26 18:00:00,37.0,23.0,14.0,253.7,12.8,31,15.3,304,1015.9,0,0,0,0,0.0,2850.45,41.7658,-72.6734,2024,10,26,18
2024-10-26 19:00:00,0.0,0.0,0.0,0.0,11.5,34,14.1,305,1017.3,0,0,0,0,0.0,0.0,41.7658,-72.6734,2024,10,26,19
2024-10-26 20:00:00,0.0,0.0,0.0,0.0,10.6,36,13.3,303,1018.2,0,0,0,0,0.0,0.0,41.7658,-72.6734,2024,10,26,20
2024-10-26 21:00:00,0.0,0.0,0.0,0.0,10.3,36,12.2,296,1018.8,0,0,0,0,0.0,0.0,41.7658,-72.6734,2024,10,26,21
2024-10-26 22:00:00,0.0,0.0,0.0,0.0,9.4,39,11.5,293,1019.6,0,0,0,0,0.0,0.0,41.7658,-72.6734,2024,10,26,22
2024-10-26 23:00:00,0.0,0.0,0.0,0.0,8.6,43,10.8,296,1020.3,0,0,0,0,0.0,0.0,41.7658,-72.6734,2024,10,26,23
2024-10-27 00:00:00,0.0,0.0,0.0,0.0,7.9,48,11.2,291,1020.8,0,0,0,0,0.0,0.0,41.7658,-72.6734,2024,10,27,0
2024-10-27 01:00:00,0.0,0.0,0.0,0.0,7.4,52,11.6,289,1021.4,23,0,0,23,0.0,0.0,41.7658,-72.6734,2024,10,27,1
2024-10-27 02:00:00,0.0,0.0,0.0,0.0,6.9,57,12.1,298,1021.8,29,0,0,29,0.0,0.0,41.7658,-72.6734,2024,10,27,2
2024-10-27 03:00:00,0.0,0.0,0.0,0.0,6.3,62,12.0,307,1022.3,87,0,0,87,0.0,0.0,41.7658,-72.6734,2024,10,27,3
2024-10-27 04:00:00,0.0,0.0,0.0,0.0,5.9,66,12.4,317,1022.6,89,0,0,89,0.0,0.0,41.7658,-72.6734,2024,10,27,4
2024-10-27 05:00:00,0.0,0.0,0.0,0.0,5.4,67,10.5,323,1023.1,79,0,0,79,0.0,0.0,41.7658,-72.6734,2024,10,27,5
2024-10-27 06:00:00,0.0,0.0,0.0,0.0,4.5,71,7.3,320,1023.6,49,0,0,49,0.0,0.0,41.7658,-72.6734,2024,10,27,6
2024-10-27 07:00:00,0.0,0.0,0.0,0.0,3.9,72,6.3,305,1024.5,11,0,1,11,0.0,0.0,41.7658,-72.6734,2024,10,27,7
2024-10-27 08:00:00,22.0,12.0,10.0,157.9,3.9,71,7.4,293,1025.4,1,0,0,1,0.0,2265.35,41.7658,-72.6734,2024,10,27,8
2024-10-27 09:00:00,165.0,120.0,45.0,602.0,6.1,53,5.6,312,1026.2,9,0,0,9,0.0,3600.0,41.7658,-72.6734,2024,10,27,9
2024-10-27 10:00:00,334.0,271.0,63.0,771.3,8.0,37,6.5,330,1026.1,2,0,0,2,0.0,3600.0,41.7658,-72.6734,2024,10,27,10
2024-10-27 11:00:00,473.0,402.0,71.0,856.8,9.6,30,4.4,305,1025.7,11,0,0,11,0.0,3600.0,41.7658,-72.6734,2024,10,27,11
2024-10-27 12:00:00,563.0,486.0,77.0,892.2,11.2,26,7.2,271,1025.3,0,0,0,0,0.0,3600.0,41.7658,-72.6734,2024,10,27,12
2024-10-27 13:00:00,597.0,521.0,76.0,909.5,12.3,21,10.6,280,1024.3,0,0,0,0,0.0,3600.0,41.7658,-72.6734,2024,10,27,13
2024-10-27 14:00:00,572.0,497.0,75.0,901.0,12.7,20,11.6,277,1023.3,0,0,0,0,0.0,3600.0,41.7658,-72.6734,2024,10,27,14
2024-10-27 15:00:00,487.0,416.0,71.0,862.3,12.9,22,11.7,274,1022.7,0,0,0,0,0.0,3600.0,41.7658,-72.6734,2024,10,27,15
2024-10-27 16:00:00,350.0,286.0,64.0,772.7,12.6,23,10.7,287,1022.3,2,0,2,0,0.0,3600.0,41.7658,-72.6734,2024,10,27,16
2024-10-27 17:00:00,181.0,132.0,49.0,593.9,11.7,27,8.3,272,1021.9,100,0,0,100,0.0,3600.0,41.7658,-72.6734,2024,10,27,17
2024-10-27 18:00:00,31.0,13.0,18.0,147.2,9.8,34,9.3,242,1021.9,100,0,9,100,0.0,2766.86,41.7658,-72.6734,2024,10,27,18
2024-10-27 19:00:00,0.0,0.0,0.0,0.0,8.3,41,9.7,228,1022.3,99,0,16,99,0.0,0.0,41.7658,-72.6734,2024,10,27,19
2024-10-27 20:00:00,0.0,0.0,0.0,0.0,7.6,44,10.0,234,1022.7,99,0,13,99,0.0,0.0,41.7658,-72.6734,2024,10,27,20
2024-10-27 21:00:00,0.0,0.0,0.0,0.0,7.3,50,8.8,231,1022.9,100,0,23,100,0.0,0.0,41.7658,-72.6734,2024,10,27,21
2024-10-27 22:00:00,0.0,0.0,0.0,0.0,6.7,52,8.3,248,1023.5,53,0,5,50,0.0,0.0,41.7658,-72.6734,2024,10,27,22
2024-10-27 23:00:00,0.0,0.0,0.0,0.0,6.7,50,8.9,262,1023.5,3,0,3,0,0.0,0.0,41.7658,-72.6734,2024,10,27,23
2024-10-28 00:00:00,0.0,0.0,0.0,0.0,6.0,55,6.1,247,1023.5,40,0,0,40,0.0,0.0,41.7658,-72.6734,2024,10,28,0
2024-10-28 01:00:00,0.0,0.0,0.0,0.0,5.6,57,6.3,233,1023.2,88,0,12,86,0.0,0.0,41.7658,-72.6734,2024,10,28,1
2024-10-28 02:00:00,0.0,0.0,0.0,0.0,4.9,70,6.9,250,1023.2,83,0,15,80,0.0,0.0,41.7658,-72.6734,2024,10,28,2
2024-10-28 03:00:00,0.0,0.0,0.0,0.0,6.0,58,1.1,171,1023.7,75,0,31,64,0.0,0.0,41.7658,-72.6734,2024,10,28,3
2024-10-28 04:00:00,0.0,0.0,0.0,0.0,4.5,74,3.8,188,1023.8,67,0,44,43,0.0,0.0,41.7658,-72.6734,2024,10,28,4
2024-10-28 05:00:00,0.0,0.0,0.0,0.0,4.4,79,4.4,187,1024.4,86,0,86,0,0.0,0.0,41.7658,-72.6734,2024,10,28,5
2024-10-28 06:00:00,0.0,0.0,0.0,0.0,4.6,79,2.3,45,1025.3,97,0,97,0,0.0,0.0,41.7658,-72.6734,2024,10,28,6
2024-10-28 07:00:00,0.0,0.0,0.0,0.0,4.6,81,4.6,26,1025.9,100,0,100,0,0.0,0.0,41.7658,-72.6734,2024,10,28,7
2024-10-28 08:00:00,11.0,1.0,10.0,13.5,4.9,76,8.3,13,1026.9,99,0,95,75,0.0,0.0,41.7658,-72.6734,2024,10,28,8
2024-10-28 09:00:00,147.0,96.0,51.0,491.6,5.2,70,9.4,360,1028.2,88,0,87,7,0.0,3600.0,41.7658,-72.6734,2024,10,28,9
2024-10-28 10:00:00,267.0,166.0,101.0,478.3,6.9,64,9.0,360,1028.5,77,0,13,74,0.0,3600.0,41.7658,-72.6734,2024,10,28,10
2024-10-28 11:00:00,411.0,293.0,118.0,630.6,9.0,56,6.7,2,1028.7,21,0,9,13,0.0,3600.0,41.7658,-72.6734,2024,10,28,11
2024-10-28 12:00:00,536.0,453.0,83.0,838.9,10.5,51,6.8,12,1028.5,23,0,3,21,0.0,3600.0,41.7658,-72.6734,2024,10,28,12
2024-10-28 13:00:00,565.0,478.0,87.0,841.5,11.5,48,5.6,15,1027.8,74,1,0,74,0.0,3600.0,41.7658,-72.6734,2024,10,28,13
2024-10-28 14:00:00,541.0,456.0,85.0,834.0,12.1,46,5.4,360,1027.4,6,1,0,5,0.0,3600.0,41.7658,-72.6734,2024,10,28,14
2024-10-28 15:00:00,452.0,378.0,74.0,791.4,12.5,45,4.4,21,1027.1,15,4,10,6,0.0,3600.0,41.7658,-72.6734,2024,10,28,15
2024-10-28 16:00:00,307.0,218.0,89.0,596.6,12.6,45,2.9,43,1026.7,15,0,0,14,0.0,3600.0,41.7658,-72.6734,2024,10,28,16
2024-10-28 17:00:00,167.0,113.0,54.0,519.0,12.2,47,2.4,73,1026.5,38,0,26,15,0.0,3600.0,41.7658,-72.6734,2024,10,28,17
2024-10-28 18:00:00,29.0,16.0,13.0,186.0,9.9,58,6.9,67,1026.6,21,3,8,13,0.0,2684.39,41.7658,-72.6734,2024,10,28,18
2024-10-28 19:00:00,0.0,0.0,0.0,0.0,8.3,67,5.5,77,1027.3,14,5,4,8,0.0,0.0,41.7658,-72.6734,2024,10,28,19
2024-10-28 20:00:00,0.0,0.0,0.0,0.0,7.4,72,5.9,113,1028.1,18,15,1,3,0.0,0.0,41.7658,-72.6734,2024,10,28,20
2024-10-28 21:00:00,0.0,0.0,0.0,0.0,6.6,79,6.2,112,1028.6,32,0,0,32,0.0,0.0,41.7658,-72.6734,2024,10,28,21
2024-10-28 22:00:00,0.0,0.0,0.0,0.0,5.5,91,6.4,98,1029.0,21,0,0,21,0.0,0.0,41.7658,-72.6734,2024,10,28,22
2024-10-28 23:00:00,0.0,0.0,0.0,0.0,5.2,93,4.8,75,1029.3,20,0,0,20,0.0,0.0,41.7658,-72.6734,2024,10,28,23
2024-10-29 00:00:00,0.0,0.0,0.0,0.0,5.2,92,5.5,79,1029.3,11,3,0,9,0.0,0.0,41.7658,-72.6734,2024,10,29,0
2024-10-29 01:00:00,0.0,0.0,0.0,0.0,5.0,92,5.5,81,1029.0,26,14,1,13,0.0,0.0,41.7658,-72.6734,2024,10,29,1
2024-10-29 02:00:00,0.0,0.0,0.0,0.0,4.9,93,5.7,66,1029.0,50,40,0,17,0.0,0.0,41.7658,-72.6734,2024,10,29,2
2024-10-29 03:00:00,0.0,0.0,0.0,0.0,5.2,92,6.1,58,1029.2,50,48,0,2,0.0,0.0,41.7658,-72.6734,2024,10,29,3
2024-10-29 04:00:00,0.0,0.0,0.0,0.0,5.3,92,5.5,52,1029.1,46,41,1,8,0.0,0.0,41.7658,-72.6734,2024,10,29,4
2024-10-29 05:00:00,0.0,0.0,0.0,0.0,4.4,93,6.0,46,1029.1,92,92,0,0,0.0,0.0,41.7658,-72.6734,2024,10,29,5
2024-10-29 06:00:00,0.0,0.0,0.0,0.0,6.1,81,4.4,38,1029.4,100,100,1,0,0.0,0.0,41.7658,-72.6734,2024,10,29,6
2024-10-29 07:00:00,0.0,0.0,0.0,0.0,6.4,75,5.8,51,1029.4,100,100,3,0,0.0,0.0,41.7658,-72.6734,2024,10,29,7
2024-10-29 08:00:00,5.0,0.0,5.0,0.0,7.0,69,5.6,50,1029.5,100,100,10,100,0.0,0.0,41.7658,-72.6734,2024,10,29,8
2024-10-29 09:00:00,61.0,10.0,51.0,52.3,7.6,63,4.2,72,1030.0,100,100,0,20,0.0,0.0,41.7658,-72.6734,2024,10,29,9
2024-10-29 10:00:00,119.0,20.0,99.0,58.4,9.4,59,2.9,90,1029.9,100,100,7,69,0.0,0.0,41.7658,-72.6734,2024,10,29,10
2024-10-29 11:00:00,230.0,55.0,175.0,119.5,12.1,54,6.2,142,1029.9,94,81,4,66,0.0,1786.22,41.7658,-72.6734,2024,10,29,11
2024-10-29 12:00:00,280.0,67.0,213.0,125.2,14.0,53,14.4,167,1029.8,100,100,1,100,0.0,1954.87,41.7658,-72.6734,2024,10,29,12
2024-10-29 13:00:00,229.0,14.0,215.0,24.9,14.4,52,17.2,170,1028.5,100,100,6,100,0.0,0.0,41.7658,-72.6734,2024,10,29,13
2024-10-29 14:00:00,183.0,26.0,157.0,48.0,14.6,52,16.3,169,1027.5,100,100,10,100,0.0,0.0,41.7658,-72.6734,2024,10,29,14
2024-10-29 15:00:00,130.0,1.0,129.0,2.1,13.8,54,16.2,161,1027.7,100,100,21,100,0.0,0.0,41.7658,-72.6734,2024,10,29,15
2024-10-29 16:00:00,116.0,9.0,107.0,24.9,13.3,57,14.6,160,1027.4,100,100,77,100,0.0,0.0,41.7658,-72.6734,2024,10,29,16
2024-10-29 17:00:00,57.0,5.0,52.0,23.4,13.0,61,13.3,157,1027.2,100,100,93,100,0.0,0.0,41.7658,-72.6734,2024,10,29,17
2024-10-29 18:00:00,6.0,0.0,6.0,0.0,12.3,67,12.7,153,1026.9,100,100,100,100,0.0,0.0,41.7658,-72.6734,2024,10,29,18
2024-10-29 19:00:00,0.0,0.0,0.0,0.0,12.0,71,10.4,146,1027.0,100,100,100,100,0.0,0.0,41.7658,-72.6734,2024,10,29,19
2024-10-29 20:00:00,0.0,0.0,0.0,0.0,12.2,75,10.8,144,1026.6,100,100,100,47,0.0,0.0,41.7658,-72.6734,2024,10,29,20
2024-10-29 21:00:00,0.0,0.0,0.0,0.0,12.4,69,11.1,149,1026.2,100,16,99,85,0.0,0.0,41.7658,-72.6734,2024,10,29,21
2024-10-29 22:00:00,0.0,0.0,0.0,0.0,12.3,76,10.1,149,1026.5,100,100,100,95,0.4,0.0,41.7658,-72.6734,2024,10,29,22
2024-10-29 23:00:00,0.0,0.0,0.0,0.0,11.6,91,11.8,151,1026.0,100,100,46,98,1.3,0.0,41.7658,-72.6734,2024,10,29,23
2024-10-30 00:00:00,0.0,0.0,0.0,0.0,11.8,94,7.5,159,1025.4,100,100,92,99,0.3,0.0,41.7658,-72.6734,2024,10,30,0
2024-10-30 01:00:00,0.0,0.0,0.0,0.0,12.2,95,7.3,187,1024.7,100,100,43,98,0.2,0.0,41.7658,-72.6734,2024,10,30,1
2024-10-30 02:00:00,0.0,0.0,0.0,0.0,12.5,96,5.0,195,1024.6,100,100,41,98,0.5,0.0,41.7658,-72.6734,2024,10,30,2
2024-10-30 03:00:00,0.0,0.0,0.0,0.0,13.0,97,8.2,188,1023.9,100,100,9,72,0.4,0.0,41.7658,-72.6734,2024,10,30,3
2024-10-30 04:00:00,0.0,0.0,0.0,0.0,13.2,97,6.7,186,1023.5,100,100,12,50,0.1,0.0,41.7658,-72.6734,2024,10,30,4
2024-10-30 05:00:00,0.0,0.0,0.0,0.0,13.5,97,9.6,172,1023.0,97,96,15,19,0.0,0.0,41.7658,-72.6734,2024,10,30,5
2024-10-30 06:00:00,0.0,0.0,0.0,0.0,13.6,98,8.2,188,1022.8,100,100,10,28,0.0,0.0,41.7658,-72.6734,2024,10,30,6
2024-10-30 07:00:00,0.0,0.0,0.0,0.0,13.5,98,7.1,204,1023.0,96,89,4,56,0.0,0.0,41.7658,-72.6734,2024,10,30,7
2024-10-30 08:00:00,9.0,1.0,8.0,14.3,13.6,99,7.2,205,1023.2,97,97,0,28,0.0,0.0,41.7658,-72.6734,2024,10,30,8
2024-10-30 09:00:00,99.0,44.0,55.0,235.1,14.3,94,7.8,193,1023.5,22,19,0,5,0.0,3600.0,41.7658,-72.6734,2024,10,30,9
2024-10-30 10:00:00,271.0,187.0,84.0,552.6,15.5,88,8.8,195,1023.3,94,35,0,91,0.0,3600.0,41.7658,-72.6734,2024,10,30,10
2024-10-30 11:00:00,381.0,265.0,116.0,581.7,17.1,77,9.9,192,1022.7,30,2,0,28,0.0,3600.0,41.7658,-72.6734,2024,10,30,11
2024-10-30 12:00:00,502.0,421.0,81.0,793.4,18.9,69,10.1,196,1022.0,10,0,0,10,0.0,3600.0,41.7658,-72.6734,2024,10,30,12
2024-10-30 13:00:00,532.0,438.0,94.0,784.3,20.7,62,10.0,198,1020.9,30,0,0,30,0.0,3600.0,41.7658,-72.6734,2024,10,30,13
2024-10-30 14:00:00,509.0,419.0,90.0,780.0,22.2,56,10.4,198,1019.9,90,0,0,90,0.0,3600.0,41.7658,-72.6734,2024,10,30,14
2024-10-30 15:00:00,417.0,311.0,106.0,664.3,22.8,55,10.6,199,1019.2,99,0,0,99,0.0,3600.0,41.7658,-72.6734,2024,10,30,15
2024-10-30 16:00:00,269.0,143.0,126.0,401.4,22.5,56,10.7,192,1018.8,99,0,0,99,0.0,3600.0,41.7658,-72.6734,2024,10,30,16
2024-10-30 17:00:00,122.0,43.0,79.0,205.9,20.4,63,11.8,173,1018.6,100,0,0,100,0.0,3600.0,41.7658,-72.6734,2024,10,30,17
2024-10-30 18:00:00,16.0,1.0,15.0,12.3,17.7,71,12.7,174,1018.5,97,0,0,97,0.0,0.0,41.7658,-72.6734,2024,10,30,18
2024-10-30 19:00:00,0.0,0.0,0.0,0.0,16.6,76,12.6,183,1018.6,100,0,0,100,0.0,0.0,41.7658,-72.6734,2024,10,30,19
2024-10-30 20:00:00,0.0,0.0,0.0,0.0,15.8,81,12.0,188,1018.6,98,0,0,98,0.0,0.0,41.7658,-72.6734,2024,10,30,20
2024-10-30 21:00:00,0.0,0.0,0.0,0.0,15.5,85,12.2,188,1017.9,100,0,0,100,0.0,0.0,41.7658,-72.6734,2024,10,30,21
2024-10-30 22:00:00,0.0,0.0,0.0,0.0,15.2,87,11.8,186,1017.9,100,0,0,100,0.0,0.0,41.7658,-72.6734,2024,10,30,22
2024-10-30 23:00:00,0.0,0.0,0.0,0.0,15.0,88,10.5,187,1017.8,78,0,0,78,0.0,0.0,41.7658,-72.6734,2024,10,30,23
2024-10-31 00:00:00,0.0,0.0,0.0,0.0,14.6,88,10.3,182,1017.6,100,0,0,100,0.0,0.0,41.7658,-72.6734,2024,10,31,0
2024-10-31 01:00:00,0.0,0.0,0.0,0.0,14.3,88,9.9,192,1017.4,100,0,0,100,0.0,0.0,41.7658,-72.6734,2024,10,31,1
2024-10-31 02:00:00,0.0,0.0,0.0,0.0,14.0,87,9.3,205,1017.2,100,0,0,100,0.0,0.0,41.7658,-72.6734,2024,10,31,2
2024-10-31 03:00:00,0.0,0.0,0.0,0.0,13.7,86,9.5,209,1016.9,100,0,0,100,0.0,0.0,41.7658,-72.6734,2024,10,31,3
2024-10-31 04:00:00,0.0,0.0,0.0,0.0,13.5,86,10.0,216,1016.3,100,0,0,100,0.0,0.0,41.7658,-72.6734,2024,10,31,4
2024-10-31 05:00:00,0.0,0.0,0.0,0.0,13.3,85,10.5,221,1016.1,100,0,0,100,0.0,0.0,41.7658,-72.6734,2024,10,31,5
2024-10-31 06:00:00,0.0,0.0,0.0,0.0,13.3,84,10.6,220,1015.9,100,0,0,100,0.0,0.0,41.7658,-72.6734,2024,10,31,6
2024-10-31 07:00:00,0.0,0.0,0.0,0.0,12.9,85,9.1,218,1015.8,100,0,0,100,0.0,0.0,41.7658,-72.6734,2024,10,31,7
2024-10-31 08:00:00,12.0,1.0,11.0,14.7,12.8,85,8.9,205,1016.0,99,0,0,99,0.0,0.0,41.7658,-72.6734,2024,10,31,8
2024-10-31 09:00:00,107.0,28.0,79.0,153.0,15.1,76,7.2,205,1016.3,100,0,0,100,0.0,2788.64,41.7658,-72.6734,2024,10,31,9
2024-10-31 10:00:00,247.0,123.0,124.0,368.1,18.3,65,5.5,199,1016.0,99,0,0,99,0.0,3600.0,41.7658,-72.6734,2024,10,31,10
2024-10-31 11:00:00,368.0,216.0,152.0,478.8,21.3,56,5.7,204,1015.8,90,0,0,90,0.0,3600.0,41.7658,-72.6734,2024,10,31,11
2024-10-31 12:00:00,474.0,337.0,137.0,640.7,23.7,49,8.4,208,1015.0,95,0,0,95,0.0,3600.0,41.7658,-72.6734,2024,10,31,12
2024-10-31 13:00:00,504.0,365.0,139.0,659.1,25.2,43,12.0,223,1014.3,100,0,6,100,0.0,3600.0,41.7658,-72.6734,2024,10,31,13
2024-10-31 14:00:00,455.0,292.0,163.0,548.4,25.6,42,13.6,229,1013.2,98,0,1,98,0.0,3600.0,41.7658,-72.6734,2024,10,31,14
2024-10-31 15:00:00,404.0,296.0,108.0,638.5,25.8,44,13.6,229,1012.7,100,0,3,100,0.0,3600.0,41.7658,-72.6734,2024,10,31,15
2024-10-31 16:00:00,214.0,63.0,151.0,179.1,25.2,49,10.5,209,1011.9,100,0,3,100,0.0,3573.57,41.7658,-72.6734,2024,10,31,16
2024-10-31 17:00:00,96.0,12.0,84.0,58.7,23.3,55,13.3,180,1011.5,100,5,1,100,0.0,0.0,41.7658,-72.6734,2024,10,31,17
2024-10-31 18:00:00,13.0,0.0,13.0,0.0,21.6,60,17.7,192,1011.0,100,0,0,100,0.0,0.0,41.7658,-72.6734,2024,10,31,18
2024-10-31 19:00:00,0.0,0.0,0.0,0.0,21.0,63,17.4,202,1011.4,100,0,0,100,0.0,0.0,41.7658,-72.6734,2024,10,31,19
2024-10-31 20:00:00,0.0,0.0,0.0,0.0,20.3,66,15.6,204,1011.4,99,0,0,99,0.0,0.0,41.7658,-72.6734,2024,10,31,20
2024-10-31 21:00:00,0.0,0.0,0.0,0.0,20.0,67,14.5,202,1011.0,100,0,0,100,0.0,0.0,41.7658,-72.6734,2024,10,31,21
2024-10-31 22:00:00,0.0,0.0,0.0,0.0,19.5,70,12.1,203,1010.7,100,0,0,100,0.0,0.0,41.7658,-72.6734,2024,10,31,22
2024-10-31 23:00:00,0.0,0.0,0.0,0.0,19.1,72,12.2,196,1010.2,100,0,0,100,0.0,0.0,41.7658,-72.6734,2024,10,31,23
2024-11-01 00:00:00,0.0,0.0,0.0,0.0,19.1,71,12.9,199,1009.7,100,0,0,100,0.0,0.0,41.7658,-72.6734,2024,11,1,0
2024-11-01 01:00:00,0.0,0.0,0.0,0.0,19.2,70,13.0,200,1009.5,95,0,0,95,0.0,0.0,41.7658,-72.6734,2024,11,1,1
2024-11-01 02:00:00,0.0,0.0,0.0,0.0,18.8,72,12.6,202,1008.8,85,0,0,85,0.0,0.0,41.7658,-72.6734,2024,11,1,2
2024-11-01 03:00:00,0.0,0.0,0.0,0.0,18.3,76,12.4,201,1008.6,41,0,0,41,0.0,0.0,41.7658,-72.6734,2024,11,1,3
2024-11-01 04:00:00,0.0,0.0,0.0,0.0,18.0,77,12.8,196,1008.0,100,0,86,100,0.0,0.0,41.7658,-72.6734,2024,11,1,4
2024-11-01 05:00:00,0.0,0.0,0.0,0.0,18.4,76,14.7,200,1007.5,93,0,23,91,0.0,0.0,41.7658,-72.6734,2024,11,1,5
2024-11-01 06:00:00,0.0,0.0,0.0,0.0,18.3,76,14.9,208,1007.8,100,0,100,99,0.0,0.0,41.7658,-72.6734,2024,11,1,6
2024-11-01 07:00:00,0.0,0.0,0.0,0.0,18.5,74,13.8,212,1007.8,100,8,97,100,0.0,0.0,41.7658,-72.6734,2024,11,1,7
2024-11-01 08:00:00,3.0,0.0,3.0,0.0,18.6,74,13.8,213,1008.0,100,0,100,100,0.0,0.0,41.7658,-72.6734,2024,11,1,8
2024-11-01 09:00:00,43.0,0.0,43.0,0.0,19.1,77,15.5,205,1007.8,100,2,29,100,0.1,0.0,41.7658,-72.6734,2024,11,1,9
2024-11-01 10:00:00,114.0,8.0,106.0,24.3,19.9,79,14.2,195,1007.7,100,0,3,100,0.0,0.0,41.7658,-72.6734,2024,11,1,10
2024-11-01 11:00:00,218.0,32.0,186.0,71.6,21.4,74,15.8,197,1007.4,100,0,1,100,0.0,349.49,41.7658,-72.6734,2024,11,1,11
2024-11-01 12:00:00,387.0,173.0,214.0,331.8,23.6,60,18.0,231,1007.2,3,3,0,0,0.0,3600.0,41.7658,-72.6734,2024,11,1,12
2024-11-01 13:00:00,539.0,463.0,76.0,843.2,25.0,43,21.9,260,1006.8,0,0,0,0,0.0,3600.0,41.7658,-72.6734,2024,11,1,13
2024-11-01 14:00:00,520.0,446.0,74.0,845.0,24.8,37,22.7,270,1006.9,1,1,0,0,0.0,3600.0,41.7658,-72.6734,2024,11,1,14
2024-11-01 15:00:00,438.0,368.0,70.0,801.8,24.3,38,19.9,277,1007.1,0,0,0,0,0.0,3600.0,41.7658,-72.6734,2024,11,1,15
2024-11-01 16:00:00,315.0,254.0,61.0,731.3,23.7,36,17.1,285,1007.5,1,0,0,0,0.0,3600.0,41.7658,-72.6734,2024,11,1,16
2024-11-01 17:00:00,155.0,111.0,44.0,554.0,18.9,53,20.1,338,1009.2,6,4,6,0,0.0,3600.0,41.7658,-72.6734,2024,11,1,17
2024-11-01 18:00:00,22.0,11.0,11.0,142.4,16.6,55,17.5,336,1011.1,0,0,0,0,0.0,2367.79,41.7658,-72.6734,2024,11,1,18
2024-11-01 19:00:00,0.0,0.0,0.0,0.0,14.5,59,15.8,337,1012.7,1,1,0,0,0.0,0.0,41.7658,-72.6734,2024,11,1,19
2024-11-01 20:00:00,0.0,0.0,0.0,0.0,13.3,59,14.9,337,1013.9,7,7,0,0,0.0,0.0,41.7658,-72.6734,2024,11,1,20
2024-11-01 21:00:00,0.0,0.0,0.0,0.0,13.0,53,18.2,344,1014.6,0,0,0,0,0.0,0.0,41.7658,-72.6734,2024,11,1,21
2024-11-01 22:00:00,0.0,0.0,0.0,0.0,12.4,54,16.5,342,1015.4,1,1,0,0,0.0,0.0,41.7658,-72.6734,2024,11,1,22
2024-11-01 23:00:00,0.0,0.0,0.0,0.0,12.0,56,15.8,339,1015.4,0,0,0,0,0.0,0.0,41.7658,-72.6734,2024,11,1,23
2024-11-02 00:00:00,0.0,0.0,0.0,0.0,11.5,59,14.2,325,1016.0,0,0,0,0,0.0,0.0,41.7658,-72.6734,2024,11,2,0
2024-11-02 01:00:00,0.0,0.0,0.0,0.0,11.0,63,12.9,318,1016.8,1,1,1,0,0.0,0.0,41.7658,-72.6734,2024,11,2,1
2024-11-02 02:00:00,0.0,0.0,0.0,0.0,10.5,66,10.8,312,1017.1,1,1,1,0,0.0,0.0,41.7658,-72.6734,2024,11,2,2
2024-11-02 03:00:00,0.0,0.0,0.0,0.0,9.9,69,9.5,321,1017.9,4,3,1,0,0.0,0.0,41.7658,-72.6734,2024,11,2,3
2024-11-02 04:00:00,0.0,0.0,0.0,0.0,9.2,72,6.9,321,1018.2,11,11,0,0,0.0,0.0,41.7658,-72.6734,2024,11,2,4
2024-11-02 05:00:00,0.0,0.0,0.0,0.0,8.8,75,5.7,319,1018.7,19,19,0,0,0.0,0.0,41.7658,-72.6734,2024,11,2,5
2024-11-02 06:00:00,0.0,0.0,0.0,0.0,8.1,82,5.2,319,1019.3,28,28,0,0,0.0,0.0,41.7658,-72.6734,2024,11,2,6
2024-11-02 07:00:00,0.0,0.0,0.0,0.0,7.7,84,6.5,304,1019.8,32,31,0,0,0.0,0.0,41.7658,-72.6734,2024,11,2,7
2024-11-02 08:00:00,12.0,5.0,7.0,78.4,8.5,76,6.3,309,1020.5,30,30,0,0,0.0,747.81,41.7658,-72.6734,2024,11,2,8
2024-11-02 09:00:00,133.0,92.0,41.0,525.7,10.4,60,10.7,319,1021.7,2,2,0,0,0.0,3600.0,41.7658,-72.6734,2024,11,2,9
2024-11-02 10:00:00,291.0,229.0,62.0,703.4,11.5,56,11.6,330,1021.8,25,25,0,0,0.0,3600.0,41.7658,-72.6734,2024,11,2,10
2024-11-02 11:00:00,382.0,286.0,96.0,646.8,12.7,53,14.8,339,1021.7,87,87,0,0,0.0,3600.0,41.7658,-72.6734,2024,11,2,11
2024-11-02 12:00:00,322.0,157.0,165.0,303.8,13.0,52,13.1,339,1021.5,100,100,0,0,0.0,3600.0,41.7658,-72.6734,2024,11,2,12
2024-11-02 13:00:00,319.0,144.0,175.0,264.5,13.2,51,13.0,336,1021.1,95,95,0,0,0.0,3600.0,41.7658,-72.6734,2024,11,2,13
2024-11-02 14:00:00,267.0,102.0,165.0,194.9,13.0,51,13.0,335,1021.1,99,99,1,0,0.0,3600.0,41.7658,-72.6734,2024,11,2,14
2024-11-02 15:00:00,266.0,87.0,179.0,191.4,12.9,51,12.8,334,1021.1,99,99,2,0,0.0,3600.0,41.7658,-72.6734,2024,11,2,15
2024-11-02 16:00:00,170.0,45.0,125.0,131.2,12.2,53,13.0,335,1021.5,93,93,2,0,0.0,2136.2,41.7658,-72.6734,2024,11,2,16
2024-11-02 17:00:00,89.0,22.0,67.0,112.1,11.4,55,12.6,334,1022.0,98,98,2,0,0.0,1563.06,41.7658,-72.6734,2024,11,2,17
2024-11-02 18:00:00,14.0,3.0,11.0,39.9,10.4,58,9.7,332,1022.8,65,65,2,0,0.0,0.0,41.7658,-72.6734,2024,11,2,18
2024-11-02 19:00:00,0.0,0.0,0.0,0.0,9.3,62,8.4,329,1023.4,20,20,1,0,0.0,0.0,41.7658,-72.6734,2024,11,2,19
2024-11-02 20:00:00,0.0,0.0,0.0,0.0,8.0,67,8.7,326,1023.9,5,5,1,0,0.0,0.0,41.7658,-72.6734,2024,11,2,20
2024-11-02 21:00:00,0.0,0.0,0.0,0.0,7.5,69,9.1,321,1024.4,0,0,0,0,0.0,0.0,41.7658,-72.6734,2024,11,2,21
2024-11-02 22:00:00,0.0,0.0,0.0,0.0,6.9,64,11.8,321,1024.8,9,0,0,9,0.0,0.0,41.7658,-72.6734,2024,11,2,22
2024-11-02 23:00:00,0.0,0.0,0.0,0.0,6.2,60,10.8,327,1025.1,70,0,0,70,0.0,0.0,41.7658,-72.6734,2024,11,2,23
2024-11-03 00:00:00,0.0,0.0,0.0,0.0,5.5,62,9.9,333,1025.3,23,0,0,23,0.0,0.0,41.7658,-72.6734,2024,11,3,0
2024-11-03 01:00:00,0.0,0.0,0.0,0.0,5.0,65,9.5,341,1025.7,68,0,0,68,0.0,0.0,41.7658,-72.6734,2024,11,3,1
2024-11-03 02:00:00,0.0,0.0,0.0,0.0,4.4,69,9.4,356,1025.9,36,0,0,36,0.0,0.0,41.7658,-72.6734,2024,11,3,2
2024-11-03 03:00:00,0.0,0.0,0.0,0.0,3.7,76,8.6,2,1026.3,54,0,0,54,0.0,0.0,41.7658,-72.6734,2024,11,3,3
2024-11-03 04:00:00,0.0,0.0,0.0,0.0,3.0,83,8.2,9,1026.5,0,0,0,0,0.0,0.0,41.7658,-72.6734,2024,11,3,4
2024-11-03 05:00:00,0.0,0.0,0.0,0.0,2.4,87,8.0,10,1026.7,0,0,0,0,0.0,0.0,41.7658,-72.6734,2024,11,3,5
2024-11-03 06:00:00,0.0,0.0,0.0,0.0,2.0,88,7.1,10,1027.1,0,0,0,0,0.0,0.0,41.7658,-72.6734,2024,11,3,6
2024-11-03 07:00:00,0.0,0.0,0.0,0.0,1.7,89,6.7,9,1027.4,0,0,0,0,0.0,0.0,41.7658,-72.6734,2024,11,3,7
2024-11-03 08:00:00,12.0,6.0,6.0,97.2,1.8,90,7.6,359,1028.0,0,0,0,0,0.0,1121.62,41.7658,-72.6734,2024,11,3,8
2024-11-03 09:00:00,134.0,93.0,41.0,543.9,3.3,78,7.7,360,1028.6,0,0,0,0,0.0,3600.0,41.7658,-72.6734,2024,11,3,9
2024-11-03 10:00:00,297.0,236.0,61.0,734.4,5.1,62,10.5,4,1028.7,1,0,0,1,0.0,3600.0,41.7658,-72.6734,2024,11,3,10
2024-11-03 11:00:00,435.0,364.0,71.0,831.5,6.6,50,11.5,1,1028.3,6,0,0,6,0.0,3600.0,41.7658,-72.6734,2024,11,3,11
2024-11-03 12:00:00,525.0,451.0,74.0,880.3,8.0,42,11.2,5,1027.9,2,0,0,2,0.0,3600.0,41.7658,-72.6734,2024,11,3,12
2024-11-03 13:00:00,560.0,484.0,76.0,896.4,9.1,37,10.3,7,1027.2,1,0,0,1,0.0,3600.0,41.7658,-72.6734,2024,11,3,13
2024-11-03 14:00:00,534.0,460.0,74.0,886.8,9.9,34,9.6,14,1027.0,0,0,0,0,0.0,3600.0,41.7658,-72.6734,2024,11,3,14
2024-11-03 15:00:00,451.0,382.0,69.0,848.7,10.4,32,8.2,26,1026.5,0,0,0,0,0.0,3600.0,41.7658,-72.6734,2024,11,3,15
2024-11-03 16:00:00,320.0,259.0,61.0,764.6,10.2,33,6.9,33,1026.6,31,0,0,31,0.0,3600.0,41.7658,-72.6734,2024,11,3,16
2024-11-03 17:00:00,157.0,113.0,44.0,587.8,9.1,41,4.7,43,1027.3,48,0,0,48,0.0,3600.0,41.7658,-72.6734,2024,11,3,17
2024-11-03 18:00:00,21.0,11.0,10.0,150.4,6.8,52,5.7,62,1027.4,0,0,0,0,0.0,2219.0,41.7658,-72.6734,2024,11,3,18
2024-11-03 19:00:00,0.0,0.0,0.0,0.0,6.0,55,6.3,72,1027.7,0,0,0,0,0.0,0.0,41.7658,-72.6734,2024,11,3,19
2024-11-03 20:00:00,0.0,0.0,0.0,0.0,4.8,66,5.2,41,1027.9,0,0,0,0,0.0,0.0,41.7658,-72.6734,2024,11,3,20
2024-11-03 21:00:00,0.0,0.0,0.0,0.0,3.3,76,6.7,19,1028.4,0,0,0,0,0.0,0.0,41.7658,-72.6734,2024,11,3,21
2024-11-03 22:00:00,0.0,0.0,0.0,0.0,3.2,76,5.1,36,1029.0,0,0,0,0,0.0,0.0,41.7658,-72.6734,2024,11,3,22
2024-11-03 23:00:00,0.0,0.0,0.0,0.0,2.2,85,5.0,44,1029.6,0,0,0,0,0.0,0.0,41.7658,-72.6734,2024,11,3,23
2024-11-04 00:00:00,0.0,0.0,0.0,0.0,2.1,88,4.6,21,1029.8,0,0,0,0,0.0,0.0,41.7658,-72.6734,2024,11,4,0
2024-11-04 01:00:00,0.0,0.0,0.0,0.0,1.7,91,5.3,33,1029.8,12,0,0,12,0.0,0.0,41.7658,-72.6734,2024,11,4,1
2024-11-04 02:00:00,0.0,0.0,0.0,0.0,1.1,91,7.0,21,1029.6,23,0,0,23,0.0,0.0,41.7658,-72.6734,2024,11,4,2
2024-11-04 03:00:00,0.0,0.0,0.0,0.0,0.7,96,5.0,13,1029.9,1,0,0,1,0.0,0.0,41.7658,-72.6734,2024,11,4,3
2024-11-04 04:00:00,0.0,0.0,0.0,0.0,0.3,97,7.0,23,1029.7,0,0,0,0,0.0,0.0,41.7658,-72.6734,2024,11,4,4
2024-11-04 05:00:00,0.0,0.0,0.0,0.0,0.1,98,7.1,15,1029.8,50,0,0,50,0.0,0.0,41.7658,-72.6734,2024,11,4,5
2024-11-04 06:00:00,0.0,0.0,0.0,0.0,-0.1,98,6.9,23,1030.3,94,0,0,94,0.0,0.0,41.7658,-72.6734,2024,11,4,6
2024-11-04 07:00:00,0.0,0.0,0.0,0.0,-0.4,98,5.6,360,1031.1,100,19,76,100,0.0,0.0,41.7658,-72.6734,2024,11,4,7
2024-11-04 08:00:00,8.0,2.0,6.0,33.5,0.2,96,6.2,15,1031.5,100,37,100,100,0.0,0.0,41.7658,-72.6734,2024,11,4,8
2024-11-04 09:00:00,75.0,7.0,68.0,41.9,1.6,86,3.3,22,1032.4,100,0,92,100,0.0,0.0,41.7658,-72.6734,2024,11,4,9
2024-11-04 10:00:00,116.0,17.0,99.0,53.6,3.6,76,0.7,360,1031.3,100,0,8,100,0.0,0.0,41.7658,-72.6734,2024,11,4,10
2024-11-04 11:00:00,294.0,122.0,172.0,281.5,7.3,57,1.5,194,1031.0,100,0,23,100,0.0,3600.0,41.7658,-72.6734,2024,11,4,11
2024-11-04 12:00:00,406.0,222.0,184.0,437.1,9.9,47,4.5,166,1030.4,100,0,70,99,0.0,3600.0,41.7658,-72.6734,2024,11,4,12
2024-11-04 13:00:00,433.0,255.0,178.0,476.2,11.8,44,10.8,169,1028.6,98,0,35,98,0.0,3600.0,41.7658,-72.6734,2024,11,4,13
2024-11-04 14:00:00,447.0,280.0,167.0,544.5,12.6,47,13.2,175,1027.5,76,4,25,66,0.0,3600.0,41.7658,-72.6734,2024,11,4,14
2024-11-04 15:00:00,354.0,241.0,113.0,540.6,12.9,51,13.4,172,1026.8,99,1,77,97,0.0,3600.0,41.7658,-72.6734,2024,11,4,15
2024-11-04 16:00:00,258.0,143.0,115.0,427.4,12.4,54,15.2,175,1026.1,99,9,30,98,0.0,3600.0,41.7658,-72.6734,2024,11,4,16
2024-11-04 17:00:00,120.0,57.0,63.0,302.7,11.4,60,12.6,176,1025.8,100,4,21,100,0.0,3600.0,41.7658,-72.6734,2024,11,4,17
2024-11-04 18:00:00,15.0,4.0,11.0,56.2,9.6,69,9.2,168,1025.5,100,0,88,100,0.0,267.37,41.7658,-72.6734,2024,11,4,18
2024-11-04 19:00:00,0.0,0.0,0.0,0.0,8.9,74,8.5,151,1025.4,98,8,65,96,0.0,0.0,41.7658,-72.6734,2024,11,4,19
2024-11-04 20:00:00,0.0,0.0,0.0,0.0,8.8,75,9.3,158,1024.9,96,15,64,90,0.0,0.0,41.7658,-72.6734,2024,11,4,20
2024-11-04 21:00:00,0.0,0.0,0.0,0.0,8.1,83,9.2,169,1024.6,47,18,10,28,0.0,0.0,41.7658,-72.6734,2024,11,4,21
2024-11-04 22:00:00,0.0,0.0,0.0,0.0,7.5,89,6.6,196,1024.4,12,9,2,1,0.0,0.0,41.7658,-72.6734,2024,11,4,22
2024-11-04 23:00:00,0.0,0.0,0.0,0.0,7.1,92,7.9,168,1023.5,11,1,10,0,0.0,0.0,41.7658,-72.6734,2024,11,4,23
2024-11-05 00:00:00,0.0,0.0,0.0,0.0,7.1,93,6.1,178,1022.7,68,14,50,28,0.0,0.0,41.7658,-72.6734,2024,11,5,0
2024-11-05 01:00:00,0.0,0.0,0.0,0.0,7.3,93,7.7,196,1022.1,49,17,21,22,0.0,0.0,41.7658,-72.6734,2024,11,5,1
2024-11-05 02:00:00,0.0,0.0,0.0,0.0,7.7,93,7.4,193,1021.3,21,19,1,3,0.0,0.0,41.7658,-72.6734,2024,11,5,2
2024-11-05 03:00:00,0.0,0.0,0.0,0.0,8.1,95,7.1,199,1020.7,42,29,2,17,0.0,0.0,41.7658,-72.6734,2024,11,5,3
2024-11-05 04:00:00,0.0,0.0,0.0,0.0,8.5,95,6.8,205,1020.2,41,36,6,2,0.0,0.0,41.7658,-72.6734,2024,11,5,4
2024-11-05 05:00:00,0.0,0.0,0.0,0.0,9.2,96,8.4,208,1020.3,20,15,6,0,0.0,0.0,41.7658,-72.6734,2024,11,5,5
2024-11-05 06:00:00,0.0,0.0,0.0,0.0,9.4,97,10.1,200,1020.0,22,6,17,5,0.0,0.0,41.7658,-72.6734,2024,11,5,6
2024-11-05 07:00:00,0.0,0.0,0.0,0.0,9.5,97,9.9,196,1020.0,17,3,17,0,0.0,0.0,41.7658,-72.6734,2024,11,5,7
2024-11-05 08:00:00,8.0,3.0,5.0,51.9,9.7,97,11.8,188,1020.1,21,0,21,0,0.0,202.16,41.7658,-72.6734,2024,11,5,8
2024-11-05 09:00:00,82.0,38.0,44.0,233.1,11.8,92,11.9,184,1020.3,97,0,97,0,0.0,3600.0,41.7658,-72.6734,2024,11,5,9
2024-11-05 10:00:00,209.0,111.0,98.0,354.6,14.0,82,12.7,191,1019.5,19,0,11,9,0.0,3600.0,41.7658,-72.6734,2024,11,5,10
2024-11-05 11:00:00,376.0,295.0,81.0,687.5,16.5,72,14.5,203,1019.0,9,0,9,0,0.0,3600.0,41.7658,-72.6734,2024,11,5,11
2024-11-05 12:00:00,474.0,390.0,84.0,774.6,18.6,64,15.3,210,1018.4,18,0,6,13,0.0,3600.0,41.7658,-72.6734,2024,11,5,12
2024-11-05 13:00:00,481.0,376.0,105.0,708.0,20.1,59,14.5,208,1017.3,18,0,0,18,0.0,3600.0,41.7658,-72.6734,2024,11,5,13
2024-11-05 14:00:00,478.0,401.0,77.0,786.4,21.3,56,14.7,207,1016.4,26,0,0,26,0.0,3600.0,41.7658,-72.6734,2024,11,5,14
2024-11-05 15:00:00,402.0,329.0,73.0,745.1,21.7,55,14.7,203,1015.7,0,0,0,0,0.0,3600.0,41.7658,-72.6734,2024,11,5,15
2024-11-05 16:00:00,282.0,222.0,60.0,671.6,21.4,57,13.9,199,1015.1,15,0,0,15,0.0,3600.0,41.7658,-72.6734,2024,11,5,16
2024-11-05 17:00:00,133.0,90.0,43.0,487.8,19.8,64,12.2,189,1014.7,35,0,0,35,0.0,3600.0,41.7658,-72.6734,2024,11,5,17
2024-11-05 18:00:00,16.0,7.0,9.0,101.1,17.4,75,12.4,183,1014.8,65,0,0,65,0.0,1313.97,41.7658,-72.6734,2024,11,5,18
2024-11-05 19:00:00,0.0,0.0,0.0,0.0,16.4,82,13.8,188,1015.1,75,0,0,75,0.0,0.0,41.7658,-72.6734,2024,11,5,19
2024-11-05 20:00:00,0.0,0.0,0.0,0.0,15.9,85,13.0,191,1015.4,52,0,0,52,0.0,0.0,41.7658,-72.6734,2024,11,5,20
2024-11-05 21:00:00,0.0,0.0,0.0,0.0,15.7,87,14.0,196,1014.9,0,0,0,0,0.0,0.0,41.7658,-72.6734,2024,11,5,21
2024-11-05 22:00:00,0.0,0.0,0.0,0.0,15.4,90,14.2,193,1014.8,0,0,0,0,0.0,0.0,41.7658,-72.6734,2024,11,5,22
2024-11-05 23:00:00,0.0,0.0,0.0,0.0,15.5,89,14.4,198,1014.8,0,0,0,0,0.0,0.0,41.7658,-72.6734,2024,11,5,23
2024-11-06 00:00:00,0.0,0.0,0.0,0.0,16.0,85,14.2,204,1014.6,0,0,0,0,0.0,0.0,41.7658,-72.6734,2024,11,6,0
2024-11-06 01:00:00,0.0,0.0,0.0,0.0,16.2,83,14.7,208,1014.3,0,0,0,0,0.0,0.0,41.7658,-72.6734,2024,11,6,1
2024-11-06 02:00:00,0.0,0.0,0.0,0.0,16.3,85,16.1,210,1014.0,0,0,0,0,0.0,0.0,41.7658,-72.6734,2024,11,6,2
2024-11-06 03:00:00,0.0,0.0,0.0,0.0,16.3,87,16.7,210,1013.9,1,1,0,0,0.0,0.0,41.7658,-72.6734,2024,11,6,3
2024-11-06 04:00:00,0.0,0.0,0.0,0.0,16.1,89,16.3,209,1013.6,5,2,2,0,0.0,0.0,41.7658,-72.6734,2024,11,6,4
2024-11-06 05:00:00,0.0,0.0,0.0,0.0,16.0,89,15.6,206,1013.6,29,3,28,0,0.0,0.0,41.7658,-72.6734,2024,11,6,5
2024-11-06 06:00:00,0.0,0.0,0.0,0.0,16.0,88,14.9,208,1013.2,2,2,1,0,0.0,0.0,41.7658,-72.6734,2024,11,6,6
2024-11-06 07:00:00,0.0,0.0,0.0,0.0,15.8,87,15.5,208,1012.8,1,1,0,0,0.0,0.0,41.7658,-72.6734,2024,11,6,7
2024-11-06 08:00:00,8.0,3.0,5.0,53.8,15.8,86,15.5,207,1012.6,0,0,0,0,0.0,241.36,41.7658,-72.6734,2024,11,6,8
2024-11-06 09:00:00,113.0,74.0,39.0,465.0,18.0,79,13.0,197,1012.4,0,0,0,0,0.0,3600.0,41.7658,-72.6734,2024,11,6,9
2024-11-06 10:00:00,262.0,203.0,59.0,657.2,20.0,70,16.7,209,1011.8,0,0,0,0,0.0,3600.0,41.7658,-72.6734,2024,11,6,10
2024-11-06 11:00:00,390.0,321.0,69.0,755.6,21.8,62,17.8,219,1011.4,0,0,0,0,0.0,3600.0,41.7658,-72.6734,2024,11,6,11
2024-11-06 12:00:00,473.0,398.0,75.0,797.4,23.3,57,18.9,216,1010.5,17,0,17,0,0.0,3600.0,41.7658,-72.6734,2024,11,6,12
2024-11-06 13:00:00,490.0,391.0,99.0,742.3,24.5,53,19.0,218,1009.5,6,0,4,2,0.0,3600.0,41.7658,-72.6734,2024,11,6,13
2024-11-06 14:00:00,465.0,384.0,81.0,759.4,25.3,51,17.7,223,1008.6,20,0,11,10,0.0,3600.0,41.7658,-72.6734,2024,11,6,14
2024-11-06 15:00:00,379.0,287.0,92.0,656.1,25.4,50,17.4,230,1008.3,48,4,4,44,0.0,3600.0,41.7658,-72.6734,2024,11,6,15
2024-11-06 16:00:00,257.0,183.0,74.0,560.3,25.5,50,18.2,247,1008.5,99,94,68,81,0.0,3600.0,41.7658,-72.6734,2024,11,6,16
2024-11-06 17:00:00,76.0,28.0,48.0,154.8,24.4,54,11.3,234,1008.6,18,2,2,16,0.0,2845.36,41.7658,-72.6734,2024,11,6,17
2024-11-06 18:00:00,14.0,6.0,8.0,89.0,21.5,64,10.1,235,1009.2,21,1,6,15,0.0,1016.77,41.7658,-72.6734,2024,11,6,18
2024-11-06 19:00:00,0.0,0.0,0.0,0.0,20.0,70,9.2,239,1010.0,14,0,11,11,0.0,0.0,41.7658,-72.6734,2024,11,6,19
2024-11-06 20:00:00,0.0,0.0,0.0,0.0,19.3,72,10.0,249,1010.5,28,1,1,28,0.0,0.0,41.7658,-72.6734,2024,11,6,20
2024-11-06 21:00:00,0.0,0.0,0.0,0.0,19.1,74,9.3,280,1010.7,68,7,14,61,0.0,0.0,41.7658,-72.6734,2024,11,6,21
2024-11-06 22:00:00,0.0,0.0,0.0,0.0,18.6,76,8.3,326,1011.1,99,1,2,98,0.0,0.0,41.7658,-72.6734,2024,11,6,22
2024-11-06 23:00:00,0.0,0.0,0.0,0.0,17.7,83,8.9,326,1010.9,100,0,4,100,0.0,0.0,41.7658,-72.6734,2024,11,6,23
2024-11-07 00:00:00,0.0,0.0,0.0,0.0,16.9,87,6.6,317,1011.1,100,11,15,100,0.0,0.0,41.7658,-72.6734,2024,11,7,0
2024-11-07 01:00:00,0.0,0.0,0.0,0.0,16.3,87,6.8,295,1011.6,99,25,22,99,0.0,0.0,41.7658,-72.6734,2024,11,7,1
2024-11-07 02:00:00,0.0,0.0,0.0,0.0,16.9,83,3.7,227,1011.6,100,40,0,100,0.0,0.0,41.7658,-72.6734,2024,11,7,2
2024-11-07 03:00:00,0.0,0.0,0.0,0.0,15.6,91,3.6,210,1011.7,100,40,2,100,0.0,0.0,41.7658,-72.6734,2024,11,7,3
2024-11-07 04:00:00,0.0,0.0,0.0,0.0,15.3,91,4.4,232,1011.8,100,14,0,100,0.0,0.0,41.7658,-72.6734,2024,11,7,4
2024-11-07 05:00:00,0.0,0.0,0.0,0.0,14.8,92,7.6,263,1011.7,100,5,0,100,0.0,0.0,41.7658,-72.6734,2024,11,7,5
2024-11-07 06:00:00,0.0,0.0,0.0,0.0,13.2,96,6.9,276,1011.8,87,0,0,87,0.0,0.0,41.7658,-72.6734,2024,11,7,6
2024-11-07 07:00:00,0.0,0.0,0.0,0.0,12.6,97,4.9,242,1011.9,61,0,0,61,0.0,0.0,41.7658,-72.6734,2024,11,7,7
2024-11-07 08:00:00,7.0,2.0,5.0,37.1,12.5,98,7.3,208,1012.3,12,12,0,0,0.0,0.0,41.7658,-72.6734,2024,11,7,8
2024-11-07 09:00:00,114.0,77.0,37.0,496.0,16.4,84,12.1,255,1012.8,0,0,0,0,0.0,3600.0,41.7658,-72.6734,2024,11,7,9
2024-11-07 10:00:00,263.0,203.0,60.0,666.0,18.9,67,11.7,283,1012.9,9,9,1,0,0.0,3600.0,41.7658,-72.6734,2024,11,7,10
2024-11-07 11:00:00,373.0,295.0,78.0,701.3,19.8,58,14.9,313,1013.0,35,34,6,0,0.0,3600.0,41.7658,-72.6734,2024,11,7,11
2024-11-07 12:00:00,406.0,284.0,122.0,573.9,19.8,52,18.1,312,1012.9,100,100,34,0,0.0,3600.0,41.7658,-72.6734,2024,11,7,12
2024-11-07 13:00:00,157.0,0.0,157.0,0.0,18.6,53,18.0,311,1012.6,70,70,2,0,0.0,0.0,41.7658,-72.6734,2024,11,7,13
2024-11-07 14:00:00,296.0,148.0,148.0,295.1,18.8,48,18.4,309,1012.4,19,19,0,0,0.0,3600.0,41.7658,-72.6734,2024,11,7,14
2024-11-07 15:00:00,395.0,304.0,91.0,701.5,18.1,46,19.1,315,1012.4,1,1,0,0,0.0,3600.0,41.7658,-72.6734,2024,11,7,15
2024-11-07 16:00:00,287.0,225.0,62.0,697.0,17.5,45,15.9,313,1012.7,1,1,0,0,0.0,3600.0,41.7658,-72.6734,2024,11,7,16
2024-11-07 17:00:00,132.0,90.0,42.0,507.7,16.1,50,14.0,325,1013.3,0,0,0,0,0.0,3600.0,41.7658,-72.6734,2024,11,7,17
2024-11-07 18:00:00,14.0,7.0,7.0,106.7,13.9,58,11.0,318,1014.0,0,0,0,0,0.0,1392.44,41.7658,-72.6734,2024,11,7,18
2024-11-07 19:00:00,0.0,0.0,0.0,0.0,12.2,64,9.3,310,1014.7,0,0,0,0,0.0,0.0,41.7658,-72.6734,2024,11,7,19
2024-11-07 20:00:00,0.0,0.0,0.0,0.0,10.9,70,8.5,312,1015.3,0,0,0,0,0.0,0.0,41.7658,-72.6734,2024,11,7,20
2024-11-07 21:00:00,0.0,0.0,0.0,0.0,11.1,65,9.1,306,1015.3,0,0,0,0,0.0,0.0,41.7658,-72.6734,2024,11,7,21
2024-11-07 22:00:00,0.0,0.0,0.0,0.0,10.2,66,10.1,313,1015.5,0,0,0,0,0.0,0.0,41.7658,-72.6734,2024,11,7,22
2024-11-07 23:00:00,0.0,0.0,0.0,0.0,9.5,65,9.7,321,1015.1,0,0,0,0,0.0,0.0,41.7658,-72.6734,2024,11,7,23
2024-11-08 00:00:00,0.0,0.0,0.0,0.0,8.7,67,8.1,325,1014.7,0,0,0,0,0.0,0.0,41.7658,-72.6734,2024,11,8,0
2024-11-08 01:00:00,0.0,0.0,0.0,0.0,8.0,72,5.2,331,1014.1,0,0,0,0,0.0,0.0,41.7658,-72.6734,2024,11,8,1
2024-11-08 02:00:00,0.0,0.0,0.0,0.0,7.9,71,6.1,293,1013.8,0,0,0,0,0.0,0.0,41.7658,-72.6734,2024,11,8,2
2024-11-08 03:00:00,0.0,0.0,0.0,0.0,7.5,73,2.9,202,1013.5,0,0,0,0,0.0,0.0,41.7658,-72.6734,2024,11,8,3
2024-11-08 04:00:00,0.0,0.0,0.0,0.0,7.5,74,3.5,215,1012.9,41,0,0,41,0.0,0.0,41.7658,-72.6734,2024,11,8,4
2024-11-08 05:00:00,0.0,0.0,0.0,0.0,5.8,85,5.1,216,1012.4,81,0,30,80,0.0,0.0,41.7658,-72.6734,2024,11,8,5
2024-11-08 06:00:00,0.0,0.0,0.0,0.0,6.2,83,7.1,195,1012.0,1,0,0,1,0.0,0.0,41.7658,-72.6734,2024,11,8,6
2024-11-08 07:00:00,0.0,0.0,0.0,0.0,5.1,89,8.8,206,1011.8,0,0,0,0,0.0,0.0,41.7658,-72.6734,2024,11,8,7
2024-11-08 08:00:00,7.0,3.0,4.0,57.3,5.2,88,10.2,217,1011.4,0,0,0,0,0.0,319.34,41.7658,-72.6734,2024,11,8,8
2024-11-08 09:00:00,113.0,77.0,36.0,508.6,7.8,76,11.7,200,1011.8,0,0,0,0,0.0,3600.0,41.7658,-72.6734,2024,11,8,9
2024-11-08 10:00:00,270.0,213.0,57.0,708.2,10.9,63,11.3,217,1010.7,0,0,0,0,0.0,3600.0,41.7658,-72.6734,2024,11,8,10
2024-11-08 11:00:00,403.0,337.0,66.0,809.2,13.6,51,13.0,218,1009.4,0,0,0,0,0.0,3600.0,41.7658,-72.6734,2024,11,8,11
2024-11-08 12:00:00,495.0,424.0,71.0,864.1,15.6,43,15.2,244,1008.2,0,0,0,0,0.0,3600.0,41.7658,-72.6734,2024,11,8,12
2024-11-08 13:00:00,523.0,450.0,73.0,868.3,17.0,34,16.6,254,1006.2,0,0,0,0,0.0,3600.0,41.7658,-72.6734,2024,11,8,13
2024-11-08 14:00:00,495.0,424.0,71.0,852.5,17.5,35,17.8,267,1005.0,1,1,0,0,0.0,3600.0,41.7658,-72.6734,2024,11,8,14
2024-11-08 15:00:00,407.0,338.0,69.0,787.1,17.8,35,16.6,276,1004.4,0,0,0,0,0.0,3600.0,41.7658,-72.6734,2024,11,8,15
2024-11-08 16:00:00,280.0,221.0,59.0,692.6,17.4,37,14.6,289,1004.1,0,0,0,0,0.0,3600.0,41.7658,-72.6734,2024,11,8,16
2024-11-08 17:00:00,132.0,91.0,41.0,523.6,15.9,43,10.7,303,1004.6,10,3,9,0,0.0,3600.0,41.7658,-72.6734,2024,11,8,17
2024-11-08 18:00:00,13.0,6.0,7.0,93.9,14.1,47,10.4,309,1005.3,19,5,19,0,0.0,1091.46,41.7658,-72.6734,2024,11,8,18
2024-11-08 19:00:00,0.0,0.0,0.0,0.0,13.3,50,14.1,333,1006.3,11,10,4,0,0.0,0.0,41.7658,-72.6734,2024,11,8,19
2024-11-08 20:00:00,0.0,0.0,0.0,0.0,12.6,55,16.6,312,1007.4,18,17,4,0,0.0,0.0,41.7658,-72.6734,2024,11,8,20
2024-11-08 21:00:00,0.0,0.0,0.0,0.0,12.4,41,17.4,304,1008.6,1,0,1,0,0.0,0.0,41.7658,-72.6734,2024,11,8,21
2024-11-08 22:00:00,0.0,0.0,0.0,0.0,11.4,45,13.2,302,1009.3,23,9,18,0,0.0,0.0,41.7658,-72.6734,2024,11,8,22
2024-11-08 23:00:00,0.0,0.0,0.0,0.0,9.8,61,20.5,328,1010.5,100,14,100,0,0.0,0.0,41.7658,-72.6734,2024,11,8,23
2024-11-09 00:00:00,0.0,0.0,0.0,0.0,9.2,65,18.0,336,1011.4,17,9,16,0,0.0,0.0,41.7658,-72.6734,2024,11,9,0
2024-11-09 01:00:00,0.0,0.0,0.0,0.0,8.0,61,17.8,334,1012.6,0,0,0,0,0.0,0.0,41.7658,-72.6734,2024,11,9,1
2024-11-09 02:00:00,0.0,0.0,0.0,0.0,6.9,59,14.8,328,1013.5,0,0,0,0,0.0,0.0,41.7658,-72.6734,2024,11,9,2
2024-11-09 03:00:00,0.0,0.0,0.0,0.0,5.9,56,14.6,327,1014.6,6,6,0,0,0.0,0.0,41.7658,-72.6734,2024,11,9,3
2024-11-09 04:00:00,0.0,0.0,0.0,0.0,5.2,53,13.8,323,1015.5,4,4,0,0,0.0,0.0,41.7658,-72.6734,2024,11,9,4
2024-11-09 05:00:00,0.0,0.0,0.0,0.0,4.5,53,12.3,320,1016.6,1,1,0,0,0.0,0.0,41.7658,-72.6734,2024,11,9,5
2024-11-09 06:00:00,0.0,0.0,0.0,0.0,4.1,55,12.1,319,1017.8,1,1,0,0,0.0,0.0,41.7658,-72.6734,2024,11,9,6
2024-11-09 07:00:00,0.0,0.0,0.0,0.0,3.7,57,11.2,319,1019.1,1,1,0,0,0.0,0.0,41.7658,-72.6734,2024,11,9,7
2024-11-09 08:00:00,6.0,3.0,3.0,57.3,3.5,58,10.8,322,1020.3,1,1,0,0,0.0,358.5,41.7658,-72.6734,2024,11,9,8
2024-11-09 09:00:00,113.0,77.0,36.0,521.9,5.7,45,13.9,317,1021.4,0,0,0,0,0.0,3600.0,41.7658,-72.6734,2024,11,9,9
2024-11-09 10:00:00,272.0,214.0,58.0,721.2,6.7,43,15.3,328,1021.8,0,0,0,0,0.0,3600.0,41.7658,-72.6734,2024,11,9,10
2024-11-09 11:00:00,407.0,338.0,69.0,819.7,7.8,39,13.0,336,1021.4,0,0,0,0,0.0,3600.0,41.7658,-72.6734,2024,11,9,11
2024-11-09 12:00:00,496.0,423.0,73.0,869.5,9.0,35,11.8,334,1021.3,0,0,0,0,0.0,3600.0,41.7658,-72.6734,2024,11,9,12
2024-11-09 13:00:00,528.0,453.0,75.0,881.1,10.1,33,11.2,325,1021.4,0,0,0,0,0.0,3600.0,41.7658,-72.6734,2024,11,9,13
2024-11-09 14:00:00,500.0,427.0,73.0,865.5,10.8,31,12.1,318,1021.1,0,0,0,0,0.0,3600.0,41.7658,-72.6734,2024,11,9,14
2024-11-09 15:00:00,418.0,350.0,68.0,822.4,11.0,31,14.0,318,1021.3,0,0,0,0,0.0,3600.0,41.7658,-72.6734,2024,11,9,15
2024-11-09 16:00:00,290.0,232.0,58.0,735.5,10.6,31,14.9,326,1021.8,0,0,0,0,0.0,3600.0,41.7658,-72.6734,2024,11,9,16
2024-11-09 17:00:00,134.0,94.0,40.0,551.6,9.4,35,12.7,327,1022.6,0,0,0,0,0.0,3600.0,41.7658,-72.6734,2024,11,9,17
2024-11-09 18:00:00,13.0,6.0,7.0,96.4,7.4,43,8.7,328,1023.3,0,0,0,0,0.0,1127.73,41.7658,-72.6734,2024,11,9,18
2024-11-09 19:00:00,0.0,0.0,0.0,0.0,6.1,50,7.8,316,1023.8,0,0,0,0,0.0,0.0,41.7658,-72.6734,2024,11,9,19
2024-11-09 20:00:00,0.0,0.0,0.0,0.0,5.4,56,7.8,323,1024.3,0,0,0,0,0.0,0.0,41.7658,-72.6734,2024,11,9,20
2024-11-09 21:00:00,0.0,0.0,0.0,0.0,5.6,52,8.9,336,1024.9,0,0,0,0,0.0,0.0,41.7658,-72.6734,2024,11,9,21
2024-11-09 22:00:00,0.0,0.0,0.0,0.0,5.1,54,7.6,345,1025.4,0,0,0,0,0.0,0.0,41.7658,-72.6734,2024,11,9,22
2024-11-09 23:00:00,0.0,0.0,0.0,0.0,4.5,60,5.0,358,1025.4,0,0,0,0,0.0,0.0,41.7658,-72.6734,2024,11,9,23
2024-11-10 00:00:00,0.0,0.0,0.0,0.0,3.4,73,5.9,360,1025.3,0,0,0,0,0.0,0.0,41.7658,-72.6734,2024,11,10,0
2024-11-10 01:00:00,0.0,0.0,0.0,0.0,3.1,73,4.4,351,1025.2,0,0,0,0,0.0,0.0,41.7658,-72.6734,2024,11,10,1
2024-11-10 02:00:00,0.0,0.0,0.0,0.0,2.8,76,3.8,31,1024.8,15,0,0,15,0.0,0.0,41.7658,-72.6734,2024,11,10,2
2024-11-10 03:00:00,0.0,0.0,0.0,0.0,2.1,83,4.9,17,1024.9,21,0,0,21,0.0,0.0,41.7658,-72.6734,2024,11,10,3
2024-11-10 04:00:00,0.0,0.0,0.0,0.0,2.5,80,3.1,40,1024.7,24,0,0,24,0.0,0.0,41.7658,-72.6734,2024,11,10,4
2024-11-10 05:00:00,0.0,0.0,0.0,0.0,1.6,88,1.9,112,1024.2,38,0,0,38,0.0,0.0,41.7658,-72.6734,2024,11,10,5
2024-11-10 06:00:00,0.0,0.0,0.0,0.0,0.8,95,3.0,166,1023.9,27,0,0,27,0.0,0.0,41.7658,-72.6734,2024,11,10,6
2024-11-10 07:00:00,0.0,0.0,0.0,0.0,0.9,96,5.1,197,1023.3,12,0,0,12,0.0,0.0,41.7658,-72.6734,2024,11,10,7
2024-11-10 08:00:00,5.0,2.0,3.0,38.2,1.1,94,6.1,180,1023.0,98,0,75,97,0.0,59.38,41.7658,-72.6734,2024,11,10,8
2024-11-10 09:00:00,79.0,18.0,61.0,125.3,2.0,88,4.4,173,1023.4,97,0,1,97,0.0,1958.71,41.7658,-72.6734,2024,11,10,9
2024-11-10 10:00:00,243.0,161.0,82.0,550.1,5.5,63,2.8,195,1023.0,100,0,39,100,0.0,3600.0,41.7658,-72.6734,2024,11,10,10
2024-11-10 11:00:00,343.0,207.0,136.0,507.1,8.6,54,5.2,192,1022.4,92,0,20,90,0.0,3600.0,41.7658,-72.6734,2024,11,10,11
2024-11-10 12:00:00,450.0,337.0,113.0,698.7,11.7,47,11.9,194,1021.3,100,0,20,100,0.0,3600.0,41.7658,-72.6734,2024,11,10,12
2024-11-10 13:00:00,457.0,291.0,166.0,570.6,13.4,41,16.4,209,1019.6,100,0,2,100,0.0,3600.0,41.7658,-72.6734,2024,11,10,13
2024-11-10 14:00:00,434.0,285.0,149.0,582.4,13.9,45,17.0,211,1018.4,100,0,21,100,0.0,3600.0,41.7658,-72.6734,2024,11,10,14
2024-11-10 15:00:00,303.0,119.0,184.0,282.2,13.9,41,16.1,210,1017.0,100,0,1,100,0.0,3600.0,41.7658,-72.6734,2024,11,10,15
2024-11-10 16:00:00,196.0,54.0,142.0,173.2,13.6,42,14.9,208,1016.0,99,0,0,99,0.0,3394.67,41.7658,-72.6734,2024,11,10,16
2024-11-10 17:00:00,100.0,32.0,68.0,191.5,12.4,48,13.5,201,1015.2,100,0,20,100,0.0,3600.0,41.7658,-72.6734,2024,11,10,17
2024-11-10 18:00:00,7.0,0.0,7.0,0.0,11.5,59,13.8,197,1014.6,100,0,99,100,0.0,0.0,41.7658,-72.6734,2024,11,10,18
2024-11-10 19:00:00,0.0,0.0,0.0,0.0,11.6,54,11.8,200,1014.1,100,0,100,100,0.0,0.0,41.7658,-72.6734,2024,11,10,19
2024-11-10 20:00:00,0.0,0.0,0.0,0.0,11.6,53,12.6,204,1013.6,100,0,100,100,0.0,0.0,41.7658,-72.6734,2024,11,10,20
2024-11-10 21:00:00,0.0,0.0,0.0,0.0,11.1,65,14.0,203,1012.4,100,0,100,100,0.0,0.0,41.7658,-72.6734,2024,11,10,21
2024-11-10 22:00:00,0.0,0.0,0.0,0.0,11.0,67,11.4,213,1011.5,100,16,100,100,0.2,0.0,41.7658,-72.6734,2024,11,10,22
2024-11-10 23:00:00,0.0,0.0,0.0,0.0,10.0,86,11.2,206,1010.5,100,100,100,100,0.7,0.0,41.7658,-72.6734,2024,11,10,23
2024-11-11 00:00:00,0.0,0.0,0.0,0.0,10.3,93,11.9,209,1009.2,100,100,100,100,0.7,0.0,41.7658,-72.6734,2024,11,11,0
2024-11-11 01:00:00,0.0,0.0,0.0,0.0,11.5,95,16.4,197,1007.4,100,76,100,100,0.6,0.0,41.7658,-72.6734,2024,11,11,1
2024-11-11 02:00:00,0.0,0.0,0.0,0.0,12.3,95,15.4,201,1005.9,100,100,100,100,1.7,0.0,41.7658,-72.6734,2024,11,11,2
2024-11-11 03:00:00,0.0,0.0,0.0,0.0,12.5,95,17.3,205,1004.9,100,100,100,100,0.8,0.0,41.7658,-72.6734,2024,11,11,3
2024-11-11 04:00:00,0.0,0.0,0.0,0.0,12.5,95,16.7,212,1004.1,100,72,100,100,0.5,0.0,41.7658,-72.6734,2024,11,11,4
2024-11-11 05:00:00,0.0,0.0,0.0,0.0,12.6,95,15.8,212,1003.3,100,73,33,100,0.0,0.0,41.7658,-72.6734,2024,11,11,5
2024-11-11 06:00:00,0.0,0.0,0.0,0.0,12.5,95,14.6,214,1003.0,100,97,4,100,0.0,0.0,41.7658,-72.6734,2024,11,11,6
2024-11-11 07:00:00,0.0,0.0,0.0,0.0,12.5,95,13.6,216,1002.8,100,100,28,100,0.0,0.0,41.7658,-72.6734,2024,11,11,7
2024-11-11 08:00:00,2.0,0.0,2.0,0.0,12.7,95,13.9,219,1002.4,97,93,13,56,0.0,0.0,41.7658,-72.6734,2024,11,11,8
2024-11-11 09:00:00,78.0,26.0,52.0,186.0,13.2,93,14.0,218,1002.7,15,10,6,0,0.0,3600.0,41.7658,-72.6734,2024,11,11,9
2024-11-11 10:00:00,230.0,159.0,71.0,550.8,14.8,84,16.6,236,1002.2,45,25,27,0,0.0,3600.0,41.7658,-72.6734,2024,11,11,10
2024-11-11 11:00:00,305.0,184.0,121.0,455.4,16.5,73,17.5,253,1002.0,4,3,1,0,0.0,3600.0,41.7658,-72.6734,2024,11,11,11
2024-11-11 12:00:00,430.0,327.0,103.0,683.9,17.9,62,17.0,260,1001.4,26,26,0,0,0.0,3600.0,41.7658,-72.6734,2024,11,11,12
2024-11-11 13:00:00,464.0,361.0,103.0,713.6,18.7,52,16.0,261,1000.4,10,10,1,0,0.0,3600.0,41.7658,-72.6734,2024,11,11,13
2024-11-11 14:00:00,461.0,379.0,82.0,780.8,19.1,48,15.2,259,999.7,4,4,0,0,0.0,3600.0,41.7658,-72.6734,2024,11,11,14
2024-11-11 15:00:00,378.0,302.0,76.0,722.5,19.1,46,15.8,262,999.2,12,11,1,0,0.0,3600.0,41.7658,-72.6734,2024,11,11,15
2024-11-11 16:00:00,255.0,185.0,70.0,600.0,18.7,47,14.2,269,999.0,15,15,3,0,0.0,3600.0,41.7658,-72.6734,2024,11,11,16
2024-11-11 17:00:00,118.0,78.0,40.0,475.9,17.1,52,8.6,270,999.1,4,4,0,0,0.0,3600.0,41.7658,-72.6734,2024,11,11,17
2024-11-11 18:00:00,10.0,5.0,5.0,84.8,14.8,59,11.3,261,999.2,0,0,0,0,0.0,856.91,41.7658,-72.6734,2024,11,11,18
2024-11-11 19:00:00,0.0,0.0,0.0,0.0,13.2,65,9.3,261,999.5,0,0,0,0,0.0,0.0,41.7658,-72.6734,2024,11,11,19
2024-11-11 20:00:00,0.0,0.0,0.0,0.0,12.1,69,10.5,254,1000.0,0,0,0,0,0.0,0.0,41.7658,-72.6734,2024,11,11,20
2024-11-11 21:00:00,0.0,0.0,0.0,0.0,12.4,64,10.2,252,1000.9,0,0,0,0,0.0,0.0,41.7658,-72.6734,2024,11,11,21
2024-11-11 22:00:00,0.0,0.0,0.0,0.0,11.7,66,10.5,241,1001.0,0,0,0,0,0.0,0.0,41.7658,-72.6734,2024,11,11,22
2024-11-11 23:00:00,0.0,0.0,0.0,0.0,10.9,70,10.1,230,1001.0,2,0,2,0,0.0,0.0,41.7658,-72.6734,2024,11,11,23
2024-11-12 00:00:00,0.0,0.0,0.0,0.0,10.2,74,11.1,227,1000.8,12,11,9,0,0.0,0.0,41.7658,-72.6734,2024,11,12,0
2024-11-12 01:00:00,0.0,0.0,0.0,0.0,10.1,74,11.6,238,1000.9,1,0,1,0,0.0,0.0,41.7658,-72.6734,2024,11,12,1
2024-11-12 02:00:00,0.0,0.0,0.0,0.0,9.8,74,11.7,250,1001.0,3,0,3,0,0.0,0.0,41.7658,-72.6734,2024,11,12,2
2024-11-12 03:00:00,0.0,0.0,0.0,0.0,9.4,75,9.3,254,1001.5,4,4,3,0,0.0,0.0,41.7658,-72.6734,2024,11,12,3
2024-11-12 04:00:00,0.0,0.0,0.0,0.0,9.1,75,9.9,275,1001.9,10,3,10,0,0.0,0.0,41.7658,-72.6734,2024,11,12,4
2024-11-12 05:00:00,0.0,0.0,0.0,0.0,9.5,68,15.3,300,1002.6,41,41,0,0,0.0,0.0,41.7658,-72.6734,2024,11,12,5
2024-11-12 06:00:00,0.0,0.0,0.0,0.0,9.1,67,15.2,305,1003.9,21,21,1,0,0.0,0.0,41.7658,-72.6734,2024,11,12,6
2024-11-12 07:00:00,0.0,0.0,0.0,0.0,8.6,69,14.4,304,1004.6,9,8,4,0,0.0,0.0,41.7658,-72.6734,2024,11,12,7
2024-11-12 08:00:00,4.0,1.0,3.0,19.1,8.4,70,18.6,312,1006.2,44,44,0,0,0.0,0.0,41.7658,-72.6734,2024,11,12,8
2024-11-12 09:00:00,97.0,61.0,36.0,448.7,9.8,58,23.7,318,1007.8,46,46,0,0,0.0,3600.0,41.7658,-72.6734,2024,11,12,9
2024-11-12 10:00:00,193.0,104.0,89.0,365.4,9.6,51,24.7,330,1009.2,61,61,0,0,0.0,3600.0,41.7658,-72.6734,2024,11,12,10
2024-11-12 11:00:00,283.0,150.0,133.0,375.0,10.1,45,25.0,335,1010.1,22,22,0,0,0.0,3600.0,41.7658,-72.6734,2024,11,12,11
2024-11-12 12:00:00,446.0,353.0,93.0,744.6,10.1,45,25.9,337,1011.5,48,48,0,0,0.0,3600.0,41.7658,-72.6734,2024,11,12,12
2024-11-12 13:00:00,412.0,276.0,136.0,550.0,9.7,43,25.7,342,1012.2,47,47,0,0,0.0,3600.0,41.7658,-72.6734,2024,11,12,13
2024-11-12 14:00:00,406.0,261.0,145.0,542.1,9.7,41,25.2,346,1012.5,10,10,0,0,0.0,3600.0,41.7658,-72.6734,2024,11,12,14
2024-11-12 15:00:00,383.0,286.0,97.0,690.3,9.4,40,24.4,345,1013.2,26,26,0,0,0.0,3600.0,41.7658,-72.6734,2024,11,12,15
2024-11-12 16:00:00,265.0,196.0,69.0,642.8,8.5,41,23.3,338,1014.5,17,17,0,0,0.0,3600.0,41.7658,-72.6734,2024,11,12,16
2024-11-12 17:00:00,116.0,73.0,43.0,454.1,7.6,42,22.0,338,1016.0,13,13,0,0,0.0,3600.0,41.7658,-72.6734,2024,11,12,17
2024-11-12 18:00:00,10.0,4.0,6.0,69.7,6.7,45,20.0,341,1017.6,1,1,0,0,0.0,547.93,41.7658,-72.6734,2024,11,12,18
2024-11-12 19:00:00,0.0,0.0,0.0,0.0,5.9,46,18.8,351,1019.1,8,8,0,0,0.0,0.0,41.7658,-72.6734,2024,11,12,19
2024-11-12 20:00:00,0.0,0.0,0.0,0.0,5.2,47,17.5,359,1020.2,9,9,0,0,0.0,0.0,41.7658,-72.6734,2024,11,12,20
2024-11-12 21:00:00,0.0,0.0,0.0,0.0,5.5,41,17.2,353,1021.3,1,1,0,0,0.0,0.0,41.7658,-72.6734,2024,11,12,21
2024-11-12 22:00:00,0.0,0.0,0.0,0.0,5.0,42,18.6,351,1021.8,0,0,0,0,0.0,0.0,41.7658,-72.6734,2024,11,12,22
2024-11-12 23:00:00,0.0,0.0,0.0,0.0,4.4,44,18.9,357,1022.6,0,0,0,0,0.0,0.0,41.7658,-72.6734,2024,11,12,23
2024-11-13 00:00:00,0.0,0.0,0.0,0.0,3.7,47,18.7,1,1023.3,0,0,0,0,0.0,0.0,41.7658,-72.6734,2024,11,13,0
2024-11-13 01:00:00,0.0,0.0,0.0,0.0,3.0,47,19.6,6,1023.9,0,0,0,0,0.0,0.0,41.7658,-72.6734,2024,11,13,1
2024-11-13 02:00:00,0.0,0.0,0.0,0.0,2.2,45,19.7,8,1024.3,0,0,0,0,0.0,0.0,41.7658,-72.6734,2024,11,13,2
2024-11-13 03:00:00,0.0,0.0,0.0,0.0,1.7,46,19.3,9,1025.0,0,0,0,0,0.0,0.0,41.7658,-72.6734,2024,11,13,3
2024-11-13 04:00:00,0.0,0.0,0.0,0.0,1.2,48,18.8,9,1025.5,0,0,0,0,0.0,0.0,41.7658,-72.6734,2024,11,13,4
2024-11-13 05:00:00,0.0,0.0,0.0,0.0,0.8,49,17.6,8,1026.2,0,0,0,0,0.0,0.0,41.7658,-72.6734,2024,11,13,5
2024-11-13 06:00:00,0.0,0.0,0.0,0.0,0.5,51,17.0,9,1026.6,0,0,0,0,0.0,0.0,41.7658,-72.6734,2024,11,13,6
2024-11-13 07:00:00,0.0,0.0,0.0,0.0,0.2,53,15.7,9,1027.1,0,0,0,0,0.0,0.0,41.7658,-72.6734,2024,11,13,7
2024-11-13 08:00:00,3.0,1.0,2.0,19.1,0.0,55,14.6,10,1027.9,0,0,0,0,0.0,0.0,41.7658,-72.6734,2024,11,13,8
2024-11-13 09:00:00,98.0,65.0,33.0,492.0,1.6,48,13.7,4,1029.0,0,0,0,0,0.0,3600.0,41.7658,-72.6734,2024,11,13,9
2024-11-13 10:00:00,252.0,196.0,56.0,698.4,2.6,45,14.4,4,1029.5,0,0,0,0,0.0,3600.0,41.7658,-72.6734,2024,11,13,10
2024-11-13 11:00:00,385.0,317.0,68.0,800.7,4.0,41,13.1,1,1029.7,0,0,0,0,0.0,3600.0,41.7658,-72.6734,2024,11,13,11
2024-11-13 12:00:00,474.0,401.0,73.0,853.2,5.4,36,12.8,3,1029.5,0,0,0,0,0.0,3600.0,41.7658,-72.6734,2024,11,13,12
2024-11-13 13:00:00,508.0,433.0,75.0,869.7,6.6,32,12.5,7,1028.9,0,0,0,0,0.0,3600.0,41.7658,-72.6734,2024,11,13,13
2024-11-13 14:00:00,484.0,411.0,73.0,860.5,7.3,30,11.8,9,1028.1,0,0,0,0,0.0,3600.0,41.7658,-72.6734,2024,11,13,14
2024-11-13 15:00:00,404.0,336.0,68.0,818.1,7.8,30,11.6,6,1027.7,0,0,0,0,0.0,3600.0,41.7658,-72.6734,2024,11,13,15
2024-11-13 16:00:00,277.0,218.0,59.0,722.9,7.7,30,12.1,3,1027.3,0,0,0,0,0.0,3600.0,41.7658,-72.6734,2024,11,13,16
2024-11-13 17:00:00,122.0,84.0,38.0,532.6,7.2,32,11.2,357,1027.5,0,0,0,0,0.0,3600.0,41.7658,-72.6734,2024,11,13,17
2024-11-13 18:00:00,9.0,4.0,5.0,71.6,6.1,35,10.7,352,1027.5,0,0,0,0,0.0,579.55,41.7658,-72.6734,2024,11,13,18
2024-11-13 19:00:00,0.0,0.0,0.0,0.0,5.4,36,10.0,15,1027.5,0,0,0,0,0.0,0.0,41.7658,-72.6734,2024,11,13,19
2024-11-13 20:00:00,0.0,0.0,0.0,0.0,4.5,39,8.7,30,1027.5,0,0,0,0,0.0,0.0,41.7658,-72.6734,2024,11,13,20
2024-11-13 21:00:00,0.0,0.0,0.0,0.0,3.7,39,8.6,23,1027.9,0,0,0,0,0.0,0.0,41.7658,-72.6734,2024,11,13,21
2024-11-13 22:00:00,0.0,0.0,0.0,0.0,2.7,45,6.9,20,1028.2,0,0,0,0,0.0,0.0,41.7658,-72.6734,2024,11,13,22
2024-11-13 23:00:00,0.0,0.0,0.0,0.0,2.0,51,6.6,9,1028.3,0,0,0,0,0.0,0.0,41.7658,-72.6734,2024,11,13,23
2024-11-14 00:00:00,0.0,0.0,0.0,0.0,1.4,56,8.2,14,1028.0,6,0,0,6,0.0,0.0,41.7658,-72.6734,2024,11,14,0
2024-11-14 01:00:00,0.0,0.0,0.0,0.0,0.9,58,9.8,20,1027.3,0,0,0,0,0.0,0.0,41.7658,-72.6734,2024,11,14,1
2024-11-14 02:00:00,0.0,0.0,0.0,0.0,0.4,58,9.7,11,1027.0,12,0,0,12,0.0,0.0,41.7658,-72.6734,2024,11,14,2
2024-11-14 03:00:00,0.0,0.0,0.0,0.0,0.0,58,10.3,16,1026.3,9,0,0,9,0.0,0.0,41.7658,-72.6734,2024,11,14,3
2024-11-14 04:00:00,0.0,0.0,0.0,0.0,-0.4,55,10.0,18,1025.4,0,0,0,0,0.0,0.0,41.7658,-72.6734,2024,11,14,4
2024-11-14 05:00:00,0.0,0.0,0.0,0.0,-0.8,55,9.5,1,1024.9,4,0,0,4,0.0,0.0,41.7658,-72.6734,2024,11,14,5
2024-11-14 06:00:00,0.0,0.0,0.0,0.0,-1.0,58,9.9,2,1025.2,7,0,0,7,0.0,0.0,41.7658,-72.6734,2024,11,14,6
2024-11-14 07:00:00,0.0,0.0,0.0,0.0,-1.3,60,9.2,4,1025.3,16,0,0,16,0.0,0.0,41.7658,-72.6734,2024,11,14,7
2024-11-14 08:00:00,3.0,1.0,2.0,19.1,-1.4,61,8.3,358,1025.4,16,0,0,16,0.0,0.0,41.7658,-72.6734,2024,11,14,8
2024-11-14 09:00:00,95.0,61.0,34.0,475.5,-0.9,60,7.4,1,1025.9,8,0,0,8,0.0,3600.0,41.7658,-72.6734,2024,11,14,9
2024-11-14 10:00:00,251.0,195.0,56.0,704.8,0.9,49,8.1,3,1025.1,25,0,0,25,0.0,3600.0,41.7658,-72.6734,2024,11,14,10
2024-11-14 11:00:00,384.0,317.0,67.0,809.0,2.8,39,7.8,353,1024.1,85,0,0,85,0.0,3600.0,41.7658,-72.6734,2024,11,14,11
2024-11-14 12:00:00,470.0,393.0,77.0,843.4,4.6,33,7.7,3,1022.8,93,0,0,93,0.0,3600.0,41.7658,-72.6734,2024,11,14,12
2024-11-14 13:00:00,481.0,362.0,119.0,732.9,6.3,27,6.8,3,1021.2,42,0,0,42,0.0,3600.0,41.7658,-72.6734,2024,11,14,13
2024-11-14 14:00:00,481.0,408.0,73.0,861.0,7.4,22,6.8,358,1020.2,14,0,0,14,0.0,3600.0,41.7658,-72.6734,2024,11,14,14
2024-11-14 15:00:00,401.0,334.0,67.0,820.3,8.1,17,6.7,5,1019.0,41,0,0,41,0.0,3600.0,41.7658,-72.6734,2024,11,14,15
2024-11-14 16:00:00,275.0,217.0,58.0,727.4,8.0,14,6.5,352,1018.6,100,0,0,100,0.0,3600.0,41.7658,-72.6734,2024,11,14,16
2024-11-14 17:00:00,114.0,67.0,47.0,432.9,7.1,13,5.7,347,1018.4,100,0,0,100,0.0,3600.0,41.7658,-72.6734,2024,11,14,17
2024-11-14 18:00:00,8.0,2.0,6.0,36.7,5.5,18,4.7,356,1017.9,100,0,0,100,0.0,0.0,41.7658,-72.6734,2024,11,14,18
2024-11-14 19:00:00,0.0,0.0,0.0,0.0,4.6,22,3.9,28,1017.7,100,0,0,100,0.0,0.0,41.7658,-72.6734,2024,11,14,19
2024-11-14 20:00:00,0.0,0.0,0.0,0.0,4.0,24,5.5,52,1016.9,100,0,0,100,0.0,0.0,41.7658,-72.6734,2024,11,14,20
2024-11-14 21:00:00,0.0,0.0,0.0,0.0,3.7,35,2.5,30,1016.5,100,0,0,100,0.0,0.0,41.7658,-72.6734,2024,11,14,21
2024-11-14 22:00:00,0.0,0.0,0.0,0.0,3.2,40,2.0,350,1016.1,100,0,0,100,0.0,0.0,41.7658,-72.6734,2024,11,14,22
2024-11-14 23:00:00,0.0,0.0,0.0,0.0,3.1,44,4.2,12,1015.5,100,0,0,100,0.0,0.0,41.7658,-72.6734,2024,11,14,23
2024-11-15 00:00:00,0.0,0.0,0.0,0.0,2.7,47,4.3,2,1014.6,100,0,0,100,0.0,0.0,41.7658,-72.6734,2024,11,15,0
2024-11-15 01:00:00,0.0,0.0,0.0,0.0,2.4,49,5.2,348,1013.8,100,0,0,100,0.0,0.0,41.7658,-72.6734,2024,11,15,1
2024-11-15 02:00:00,0.0,0.0,0.0,0.0,2.2,49,7.7,16,1013.0,100,0,0,100,0.0,0.0,41.7658,-72.6734,2024,11,15,2
2024-11-15 03:00:00,0.0,0.0,0.0,0.0,1.8,49,8.2,22,1012.1,100,0,0,100,0.0,0.0,41.7658,-72.6734,2024,11,15,3
2024-11-15 04:00:00,0.0,0.0,0.0,0.0,1.7,49,5.1,6,1012.0,100,0,0,100,0.0,0.0,41.7658,-72.6734,2024,11,15,4
2024-11-15 05:00:00,0.0,0.0,0.0,0.0,1.0,54,2.8,315,1012.0,100,0,0,100,0.0,0.0,41.7658,-72.6734,2024,11,15,5
2024-11-15 06:00:00,0.0,0.0,0.0,0.0,0.9,55,1.5,315,1011.4,100,0,0,100,0.0,0.0,41.7658,-72.6734,2024,11,15,6
2024-11-15 07:00:00,0.0,0.0,0.0,0.0,0.6,58,1.0,329,1011.0,100,0,0,100,0.0,0.0,41.7658,-72.6734,2024,11,15,7
2024-11-15 08:00:00,2.0,0.0,2.0,0.0,0.2,63,3.6,360,1010.1,92,0,0,92,0.0,0.0,41.7658,-72.6734,2024,11,15,8
2024-11-15 09:00:00,78.0,29.0,49.0,233.0,0.7,66,5.3,348,1009.6,96,0,0,96,0.0,3600.0,41.7658,-72.6734,2024,11,15,9
2024-11-15 10:00:00,230.0,150.0,80.0,550.0,3.5,45,1.8,294,1009.1,100,0,0,100,0.0,3600.0,41.7658,-72.6734,2024,11,15,10
2024-11-15 11:00:00,373.0,293.0,80.0,755.4,6.5,30,1.3,8,1008.4,30,0,0,30,0.0,3600.0,41.7658,-72.6734,2024,11,15,11
2024-11-15 12:00:00,475.0,404.0,71.0,874.5,9.1,23,3.1,339,1007.0,97,0,0,97,0.0,3600.0,41.7658,-72.6734,2024,11,15,12
2024-11-15 13:00:00,507.0,428.0,79.0,873.3,11.4,19,4.8,323,1005.5,49,0,0,49,0.0,3600.0,41.7658,-72.6734,2024,11,15,13
2024-11-15 14:00:00,484.0,411.0,73.0,874.1,13.2,16,10.2,318,1004.8,13,0,0,13,0.0,3600.0,41.7658,-72.6734,2024,11,15,14
2024-11-15 15:00:00,403.0,336.0,67.0,832.3,13.2,16,14.0,319,1004.0,0,0,0,0,0.0,3600.0,41.7658,-72.6734,2024,11,15,15
2024-11-15 16:00:00,276.0,220.0,56.0,745.4,12.1,19,14.3,318,1003.7,0,0,0,0,0.0,3600.0,41.7658,-72.6734,2024,11,15,16
2024-11-15 17:00:00,120.0,84.0,36.0,553.0,10.3,23,14.9,318,1003.9,0,0,0,0,0.0,3600.0,41.7658,-72.6734,2024,11,15,17
2024-11-15 18:00:00,8.0,4.0,4.0,75.5,8.2,28,15.0,322,1004.1,0,0,0,0,0.0,640.37,41.7658,-72.6734,2024,11,15,18
2024-11-15 19:00:00,0.0,0.0,0.0,0.0,7.3,29,12.3,330,1004.3,0,0,0,0,0.0,0.0,41.7658,-72.6734,2024,11,15,19
2024-11-15 20:00:00,0.0,0.0,0.0,0.0,6.7,31,8.8,340,1004.4,0,0,0,0,0.0,0.0,41.7658,-72.6734,2024,11,15,20
2024-11-15 21:00:00,0.0,0.0,0.0,0.0,8.9,32,13.2,336,1002.7,1,0,0,1,0.0,0.0,41.7658,-72.6734,2024,11,15,21
2024-11-15 22:00:00,0.0,0.0,0.0,0.0,8.3,36,12.7,342,1003.0,6,0,0,6,0.0,0.0,41.7658,-72.6734,2024,11,15,22
2024-11-15 23:00:00,0.0,0.0,0.0,0.0,7.5,38,11.5,346,1002.8,15,0,0,15,0.0,0.0,41.7658,-72.6734,2024,11,15,23
2024-11-16 00:00:00,0.0,0.0,0.0,0.0,6.7,40,11.4,332,1002.8,3,0,0,3,0.0,0.0,41.7658,-72.6734,2024,11,16,0
2024-11-16 01:00:00,0.0,0.0,0.0,0.0,6.2,40,11.7,333,1003.0,1,0,0,1,0.0,0.0,41.7658,-72.6734,2024,11,16,1
2024-11-16 02:00:00,0.0,0.0,0.0,0.0,5.7,40,11.1,337,1003.3,12,0,0,12,0.0,0.0,41.7658,-72.6734,2024,11,16,2
2024-11-16 03:00:00,0.0,0.0,0.0,0.0,5.4,40,9.5,351,1003.6,0,0,0,0,0.0,0.0,41.7658,-72.6734,2024,11,16,3
2024-11-16 04:00:00,0.0,0.0,0.0,0.0,5.1,41,8.6,2,1003.5,0,0,0,0,0.0,0.0,41.7658,-72.6734,2024,11,16,4
2024-11-16 05:00:00,0.0,0.0,0.0,0.0,4.7,42,8.1,3,1003.9,0,0,0,0,0.0,0.0,41.7658,-72.6734,2024,11,16,5
2024-11-16 06:00:00,0.0,0.0,0.0,0.0,4.4,42,7.6,356,1004.1,0,0,0,0,0.0,0.0,41.7658,-72.6734,2024,11,16,6
2024-11-16 07:00:00,0.0,0.0,0.0,0.0,4.3,42,7.8,353,1004.1,0,0,0,0,0.0,0.0,41.7658,-72.6734,2024,11,16,7
2024-11-16 08:00:00,2.0,1.0,1.0,19.1,4.5,41,8.7,352,1004.7,0,0,0,0,0.0,0.0,41.7658,-72.6734,2024,11,16,8
2024-11-16 09:00:00,88.0,58.0,30.0,480.5,7.1,35,11.2,3,1005.2,30,0,30,0,0.0,3600.0,41.7658,-72.6734,2024,11,16,9
2024-11-16 10:00:00,210.0,129.0,81.0,479.8,9.2,29,9.2,20,1005.2,99,0,99,0,0.0,3600.0,41.7658,-72.6734,2024,11,16,10
2024-11-16 11:00:00,244.0,94.0,150.0,244.8,10.3,27,9.8,347,1005.5,48,0,48,0,0.0,3600.0,41.7658,-72.6734,2024,11,16,11
2024-11-16 12:00:00,386.0,259.0,127.0,565.4,12.3,24,13.2,332,1005.7,11,0,11,0,0.0,3600.0,41.7658,-72.6734,2024,11,16,12
2024-11-16 13:00:00,487.0,411.0,76.0,845.2,13.8,21,16.2,329,1005.4,0,0,0,0,0.0,3600.0,41.7658,-72.6734,2024,11,16,13
2024-11-16 14:00:00,469.0,400.0,69.0,857.3,14.5,20,16.4,327,1005.2,0,0,0,0,0.0,3600.0,41.7658,-72.6734,2024,11,16,14
2024-11-16 15:00:00,391.0,325.0,66.0,811.8,14.8,21,16.9,324,1005.5,0,0,0,0,0.0,3600.0,41.7658,-72.6734,2024,11,16,15
2024-11-16 16:00:00,265.0,209.0,56.0,715.6,14.2,23,17.0,320,1006.2,0,0,0,0,0.0,3600.0,41.7658,-72.6734,2024,11,16,16
2024-11-16 17:00:00,113.0,77.0,36.0,516.4,13.0,28,15.9,321,1007.0,0,0,0,0,0.0,3600.0,41.7658,-72.6734,2024,11,16,17
2024-11-16 18:00:00,7.0,3.0,4.0,57.3,11.6,32,14.7,327,1007.7,0,0,0,0,0.0,323.52,41.7658,-72.6734,2024,11,16,18
2024-11-16 19:00:00,0.0,0.0,0.0,0.0,10.7,35,15.1,332,1008.4,0,0,0,0,0.0,0.0,41.7658,-72.6734,2024,11,16,19
2024-11-16 20:00:00,0.0,0.0,0.0,0.0,10.1,35,15.5,332,1008.9,0,0,0,0,0.0,0.0,41.7658,-72.6734,2024,11,16,20
2024-11-16 21:00:00,0.0,0.0,0.0,0.0,10.8,32,16.7,333,1009.2,0,0,0,0,0.0,0.0,41.7658,-72.6734,2024,11,16,21
2024-11-16 22:00:00,0.0,0.0,0.0,0.0,9.9,34,15.2,334,1009.7,0,0,0,0,0.0,0.0,41.7658,-72.6734,2024,11,16,22
2024-11-16 23:00:00,0.0,0.0,0.0,0.0,9.1,35,14.8,333,1010.1,0,0,0,0,0.0,0.0,41.7658,-72.6734,2024,11,16,23
2024-11-17 00:00:00,0.0,0.0,0.0,0.0,8.5,36,14.0,334,1010.5,0,0,0,0,0.0,0.0,41.7658,-72.6734,2024,11,17,0
2024-11-17 01:00:00,0.0,0.0,0.0,0.0,7.9,36,12.7,335,1010.6,0,0,0,0,0.0,0.0,41.7658,-72.6734,2024,11,17,1
2024-11-17 02:00:00,0.0,0.0,0.0,0.0,7.4,39,11.8,335,1010.9,0,0,0,0,0.0,0.0,41.7658,-72.6734,2024,11,17,2
2024-11-17 03:00:00,0.0,0.0,0.0,0.0,6.8,42,9.6,343,1011.3,0,0,0,0,0.0,0.0,41.7658,-72.6734,2024,11,17,3
2024-11-17 04:00:00,0.0,0.0,0.0,0.0,6.3,44,8.1,356,1011.6,0,0,0,0,0.0,0.0,41.7658,-72.6734,2024,11,17,4
2024-11-17 05:00:00,0.0,0.0,0.0,0.0,6.0,45,8.5,360,1011.8,0,0,0,0,0.0,0.0,41.7658,-72.6734,2024,11,17,5
2024-11-17 06:00:00,0.0,0.0,0.0,0.0,5.8,45,9.0,359,1012.2,0,0,0,0,0.0,0.0,41.7658,-72.6734,2024,11,17,6
2024-11-17 07:00:00,0.0,0.0,0.0,0.0,5.5,46,8.6,1,1012.5,0,0,0,0,0.0,0.0,41.7658,-72.6734,2024,11,17,7
2024-11-17 08:00:00,2.0,1.0,1.0,0.0,5.2,46,8.1,1,1013.1,0,0,0,0,0.0,0.0,41.7658,-72.6734,2024,11,17,8
2024-11-17 09:00:00,85.0,56.0,29.0,478.0,6.6,43,9.1,21,1013.3,0,0,0,0,0.0,3600.0,41.7658,-72.6734,2024,11,17,9
2024-11-17 10:00:00,236.0,183.0,53.0,690.6,8.9,35,6.1,14,1013.5,0,0,0,0,0.0,3600.0,41.7658,-72.6734,2024,11,17,10
2024-11-17 11:00:00,368.0,303.0,65.0,797.4,11.5,28,5.2,14,1013.4,12,0,0,12,0.0,3600.0,41.7658,-72.6734,2024,11,17,11
2024-11-17 12:00:00,456.0,386.0,70.0,849.8,13.9,23,3.6,351,1012.7,9,0,0,9,0.0,3600.0,41.7658,-72.6734,2024,11,17,12
2024-11-17 13:00:00,490.0,418.0,72.0,866.3,16.0,21,4.2,320,1011.6,13,0,0,13,0.0,3600.0,41.7658,-72.6734,2024,11,17,13
2024-11-17 14:00:00,466.0,396.0,70.0,855.2,17.6,17,6.9,317,1010.6,49,0,0,49,0.0,3600.0,41.7658,-72.6734,2024,11,17,14
2024-11-17 15:00:00,387.0,321.0,66.0,808.5,18.1,15,10.3,317,1010.0,92,0,0,92,0.0,3600.0,41.7658,-72.6734,2024,11,17,15
2024-11-17 16:00:00,262.0,204.0,58.0,705.7,17.3,16,11.6,311,1010.1,92,0,0,92,0.0,3600.0,41.7658,-72.6734,2024,11,17,16
2024-11-17 17:00:00,106.0,63.0,43.0,430.2,15.3,20,9.5,303,1010.3,100,0,0,100,0.0,3600.0,41.7658,-72.6734,2024,11,17,17
2024-11-17 18:00:00,6.0,1.0,5.0,19.1,13.2,23,7.6,301,1010.2,100,0,1,100,0.0,0.0,41.7658,-72.6734,2024,11,17,18
2024-11-17 19:00:00,0.0,0.0,0.0,0.0,11.8,25,7.4,299,1010.5,100,0,2,100,0.0,0.0,41.7658,-72.6734,2024,11,17,19
2024-11-17 20:00:00,0.0,0.0,0.0,0.0,10.5,28,5.2,301,1010.5,100,0,7,100,0.0,0.0,41.7658,-72.6734,2024,11,17,20
2024-11-17 21:00:00,0.0,0.0,0.0,0.0,9.8,32,3.8,273,1009.8,100,0,1,100,0.0,0.0,41.7658,-72.6734,2024,11,17,21
2024-11-17 22:00:00,0.0,0.0,0.0,0.0,9.0,34,3.4,245,1009.2,100,0,21,100,0.0,0.0,41.7658,-72.6734,2024,11,17,22
2024-11-17 23:00:00,0.0,0.0,0.0,0.0,9.3,34,4.1,214,1009.0,100,0,15,100,0.0,0.0,41.7658,-72.6734,2024,11,17,23
2024-11-18 00:00:00,0.0,0.0,0.0,0.0,8.7,37,3.7,231,1008.8,99,0,8,99,0.0,0.0,41.7658,-72.6734,2024,11,18,0
2024-11-18 01:00:00,0.0,0.0,0.0,0.0,8.1,40,2.4,222,1008.5,100,0,51,100,0.0,0.0,41.7658,-72.6734,2024,11,18,1
2024-11-18 02:00:00,0.0,0.0,0.0,0.0,7.6,42,3.8,205,1007.5,99,0,19,99,0.0,0.0,41.7658,-72.6734,2024,11,18,2
2024-11-18 03:00:00,0.0,0.0,0.0,0.0,6.9,46,3.9,227,1007.2,100,0,30,100,0.0,0.0,41.7658,-72.6734,2024,11,18,3
2024-11-18 04:00:00,0.0,0.0,0.0,0.0,6.7,49,3.7,259,1006.5,100,0,16,100,0.0,0.0,41.7658,-72.6734,2024,11,18,4
2024-11-18 05:00:00,0.0,0.0,0.0,0.0,6.2,53,3.4,342,1006.1,100,0,95,100,0.0,0.0,41.7658,-72.6734,2024,11,18,5
2024-11-18 06:00:00,0.0,0.0,0.0,0.0,6.4,54,3.3,324,1006.5,96,0,25,96,0.0,0.0,41.7658,-72.6734,2024,11,18,6
2024-11-18 07:00:00,0.0,0.0,0.0,0.0,6.2,56,2.2,14,1006.6,100,0,100,99,0.0,0.0,41.7658,-72.6734,2024,11,18,7
2024-11-18 08:00:00,0.0,0.0,0.0,0.0,7.1,54,3.4,357,1006.6,97,0,97,0,0.0,0.0,41.7658,-72.6734,2024,11,18,8
2024-11-18 09:00:00,26.0,7.0,19.0,60.8,8.9,54,9.1,345,1006.8,42,0,42,0,0.0,54.03,41.7658,-72.6734,2024,11,18,9
2024-11-18 10:00:00,185.0,115.0,70.0,440.3,11.0,58,6.0,339,1006.6,0,0,0,0,0.0,3600.0,41.7658,-72.6734,2024,11,18,10
2024-11-18 11:00:00,348.0,282.0,66.0,749.7,13.3,57,7.2,309,1006.3,5,5,0,0,0.0,3600.0,41.7658,-72.6734,2024,11,18,11
2024-11-18 12:00:00,434.0,357.0,77.0,792.6,14.7,55,12.8,305,1005.9,11,11,0,0,0.0,3600.0,41.7658,-72.6734,2024,11,18,12
2024-11-18 13:00:00,460.0,373.0,87.0,778.9,15.1,51,15.0,315,1005.3,8,8,0,0,0.0,3600.0,41.7658,-72.6734,2024,11,18,13
2024-11-18 14:00:00,445.0,364.0,81.0,792.0,15.7,45,15.6,306,1005.1,1,1,0,0,0.0,3600.0,41.7658,-72.6734,2024,11,18,14
2024-11-18 15:00:00,376.0,308.0,68.0,782.0,15.9,42,16.1,306,1004.7,1,1,0,0,0.0,3600.0,41.7658,-72.6734,2024,11,18,15
2024-11-18 16:00:00,255.0,198.0,57.0,691.9,15.5,40,17.4,307,1004.8,1,1,0,0,0.0,3600.0,41.7658,-72.6734,2024,11,18,16
2024-11-18 17:00:00,108.0,72.0,36.0,500.4,14.3,47,15.2,321,1005.5,1,1,0,0,0.0,3600.0,41.7658,-72.6734,2024,11,18,17
2024-11-18 18:00:00,6.0,2.0,4.0,38.2,12.9,51,11.9,331,1006.0,0,0,0,0,0.0,29.28,41.7658,-72.6734,2024,11,18,18
2024-11-18 19:00:00,0.0,0.0,0.0,0.0,12.0,53,12.5,303,1006.9,0,0,0,0,0.0,0.0,41.7658,-72.6734,2024,11,18,19
2024-11-18 20:00:00,0.0,0.0,0.0,0.0,11.5,53,15.2,300,1007.4,0,0,0,0,0.0,0.0,41.7658,-72.6734,2024,11,18,20
2024-11-18 21:00:00,0.0,0.0,0.0,0.0,11.6,46,15.8,299,1007.5,5,3,5,0,0.0,0.0,41.7658,-72.6734,2024,11,18,21
2024-11-18 22:00:00,0.0,0.0,0.0,0.0,11.1,49,16.1,303,1007.9,11,9,5,0,0.0,0.0,41.7658,-72.6734,2024,11,18,22
2024-11-18 23:00:00,0.0,0.0,0.0,0.0,10.3,54,15.5,312,1008.2,3,2,1,0,0.0,0.0,41.7658,-72.6734,2024,11,18,23
2024-11-19 00:00:00,0.0,0.0,0.0,0.0,9.5,59,12.1,318,1008.3,3,3,0,0,0.0,0.0,41.7658,-72.6734,2024,11,19,0
2024-11-19 01:00:00,0.0,0.0,0.0,0.0,8.7,61,11.0,325,1008.2,0,0,0,0,0.0,0.0,41.7658,-72.6734,2024,11,19,1
2024-11-19 02:00:00,0.0,0.0,0.0,0.0,8.1,60,10.6,318,1008.5,4,4,0,0,0.0,0.0,41.7658,-72.6734,2024,11,19,2
2024-11-19 03:00:00,0.0,0.0,0.0,0.0,7.7,61,12.7,317,1009.0,3,3,0,0,0.0,0.0,41.7658,-72.6734,2024,11,19,3
2024-11-19 04:00:00,0.0,0.0,0.0,0.0,7.4,64,13.7,325,1009.2,4,4,0,0,0.0,0.0,41.7658,-72.6734,2024,11,19,4
2024-11-19 05:00:00,0.0,0.0,0.0,0.0,6.9,66,12.4,327,1009.4,0,0,0,0,0.0,0.0,41.7658,-72.6734,2024,11,19,5
2024-11-19 06:00:00,0.0,0.0,0.0,0.0,6.2,69,10.8,323,1009.5,4,4,0,0,0.0,0.0,41.7658,-72.6734,2024,11,19,6
2024-11-19 07:00:00,0.0,0.0,0.0,0.0,5.6,72,10.1,317,1009.7,10,2,0,8,0.0,0.0,41.7658,-72.6734,2024,11,19,7
2024-11-19 08:00:00,1.0,0.0,1.0,0.0,5.2,75,10.1,325,1010.7,2,2,0,0,0.0,0.0,41.7658,-72.6734,2024,11,19,8
2024-11-19 09:00:00,78.0,49.0,29.0,433.0,7.3,60,11.0,350,1010.4,0,0,0,0,0.0,3600.0,41.7658,-72.6734,2024,11,19,9
2024-11-19 10:00:00,226.0,172.0,54.0,668.2,9.0,53,11.0,2,1009.9,12,1,0,11,0.0,3600.0,41.7658,-72.6734,2024,11,19,10
2024-11-19 11:00:00,357.0,291.0,66.0,781.5,10.6,47,12.3,357,1009.7,1,0,1,1,0.0,3600.0,41.7658,-72.6734,2024,11,19,11
2024-11-19 12:00:00,445.0,374.0,71.0,837.3,12.0,41,10.6,356,1008.5,2,0,0,1,0.0,3600.0,41.7658,-72.6734,2024,11,19,12
2024-11-19 13:00:00,479.0,407.0,72.0,856.3,13.4,37,8.4,341,1007.6,3,0,0,3,0.0,3600.0,41.7658,-72.6734,2024,11,19,13
2024-11-19 14:00:00,455.0,384.0,71.0,841.7,14.5,34,7.8,337,1007.1,0,0,0,0,0.0,3600.0,41.7658,-72.6734,2024,11,19,14
2024-11-19 15:00:00,377.0,312.0,65.0,798.5,15.0,32,7.7,330,1007.2,0,0,0,0,0.0,3600.0,41.7658,-72.6734,2024,11,19,15
2024-11-19 16:00:00,253.0,197.0,56.0,695.2,14.8,33,7.0,320,1007.1,1,0,1,0,0.0,3600.0,41.7658,-72.6734,2024,11,19,16
2024-11-19 17:00:00,105.0,70.0,35.0,495.0,13.6,37,6.9,311,1007.0,6,0,6,0,0.0,3600.0,41.7658,-72.6734,2024,11,19,17
2024-11-19 18:00:00,5.0,2.0,3.0,38.2,11.8,44,9.8,305,1006.9,7,0,7,2,0.0,53.68,41.7658,-72.6734,2024,11,19,18
2024-11-19 19:00:00,0.0,0.0,0.0,0.0,10.1,52,10.7,315,1007.3,16,0,16,0,0.0,0.0,41.7658,-72.6734,2024,11,19,19
2024-11-19 20:00:00,0.0,0.0,0.0,0.0,9.0,56,9.0,337,1007.1,4,0,4,0,0.0,0.0,41.7658,-72.6734,2024,11,19,20
2024-11-19 21:00:00,0.0,0.0,0.0,0.0,8.7,55,8.0,342,1006.7,25,0,24,3,0.0,0.0,41.7658,-72.6734,2024,11,19,21
2024-11-19 22:00:00,0.0,0.0,0.0,0.0,8.3,57,6.2,353,1006.8,10,0,10,0,0.0,0.0,41.7658,-72.6734,2024,11,19,22
2024-11-19 23:00:00,0.0,0.0,0.0,0.0,7.3,61,5.9,14,1006.4,4,0,4,0,0.0,0.0,41.7658,-72.6734,2024,11,19,23
2024-11-20 00:00:00,0.0,0.0,0.0,0.0,6.3,66,4.6,347,1006.6,23,0,20,4,0.0,0.0,41.7658,-72.6734,2024,11,20,0
2024-11-20 01:00:00,0.0,0.0,0.0,0.0,5.5,71,3.0,343,1006.6,100,0,100,0,0.0,0.0,41.7658,-72.6734,2024,11,20,1
2024-11-20 02:00:00,0.0,0.0,0.0,0.0,6.7,65,7.7,30,1006.6,48,0,48,0,0.0,0.0,41.7658,-72.6734,2024,11,20,2
2024-11-20 03:00:00,0.0,0.0,0.0,0.0,5.4,71,3.2,3,1006.3,12,0,12,0,0.0,0.0,41.7658,-72.6734,2024,11,20,3
2024-11-20 04:00:00,0.0,0.0,0.0,0.0,5.0,73,3.8,357,1006.1,16,0,16,0,0.0,0.0,41.7658,-72.6734,2024,11,20,4
2024-11-20 05:00:00,0.0,0.0,0.0,0.0,4.7,75,5.4,15,1006.2,62,0,62,0,0.0,0.0,41.7658,-72.6734,2024,11,20,5
2024-11-20 06:00:00,0.0,0.0,0.0,0.0,4.9,73,6.2,22,1006.2,99,0,99,0,0.0,0.0,41.7658,-72.6734,2024,11,20,6
2024-11-20 07:00:00,0.0,0.0,0.0,0.0,4.6,75,6.1,3,1006.3,42,0,42,0,0.0,0.0,41.7658,-72.6734,2024,11,20,7
2024-11-20 08:00:00,1.0,0.0,1.0,0.0,4.1,78,6.9,355,1006.6,35,0,35,0,0.0,0.0,41.7658,-72.6734,2024,11,20,8
2024-11-20 09:00:00,41.0,11.0,30.0,98.9,6.0,67,6.5,360,1006.9,83,0,83,0,0.0,1313.44,41.7658,-72.6734,2024,11,20,9
2024-11-20 10:00:00,105.0,29.0,76.0,114.3,6.6,64,6.1,3,1006.9,53,0,53,0,0.0,1629.4,41.7658,-72.6734,2024,11,20,10
2024-11-20 11:00:00,298.0,188.0,110.0,510.0,8.4,57,5.6,7,1006.5,0,0,0,0,0.0,3600.0,41.7658,-72.6734,2024,11,20,11
2024-11-20 12:00:00,435.0,367.0,68.0,828.4,10.5,50,5.8,2,1005.8,0,0,0,0,0.0,3600.0,41.7658,-72.6734,2024,11,20,12
2024-11-20 13:00:00,467.0,395.0,72.0,837.3,12.2,45,5.2,2,1004.7,0,0,0,0,0.0,3600.0,41.7658,-72.6734,2024,11,20,13
2024-11-20 14:00:00,443.0,372.0,71.0,821.3,13.4,42,3.6,351,1004.4,2,0,2,0,0.0,3600.0,41.7658,-72.6734,2024,11,20,14
2024-11-20 15:00:00,365.0,296.0,69.0,763.4,14.1,41,2.2,351,1004.1,8,0,8,0,0.0,3600.0,41.7658,-72.6734,2024,11,20,15
2024-11-20 16:00:00,244.0,184.0,60.0,655.5,14.1,41,1.1,9,1003.8,0,0,0,0,0.0,3600.0,41.7658,-72.6734,2024,11,20,16
2024-11-20 17:00:00,104.0,70.0,34.0,503.4,13.1,44,3.4,6,1003.6,1,0,1,0,0.0,3600.0,41.7658,-72.6734,2024,11,20,17
2024-11-20 18:00:00,5.0,2.0,3.0,38.2,11.8,49,5.6,27,1003.6,3,0,3,0,0.0,77.0,41.7658,-72.6734,2024,11,20,18
2024-11-20 19:00:00,0.0,0.0,0.0,0.0,10.8,52,6.9,118,1004.0,22,15,13,0,0.0,0.0,41.7658,-72.6734,2024,11,20,19
2024-11-20 20:00:00,0.0,0.0,0.0,0.0,9.7,60,9.2,140,1003.9,39,11,39,0,0.0,0.0,41.7658,-72.6734,2024,11,20,20
2024-11-20 21:00:00,0.0,0.0,0.0,0.0,9.4,65,11.1,119,1004.2,100,3,100,0,0.0,0.0,41.7658,-72.6734,2024,11,20,21
2024-11-20 22:00:00,0.0,0.0,0.0,0.0,9.2,65,12.1,105,1004.1,100,3,100,0,0.0,0.0,41.7658,-72.6734,2024,11,20,22
2024-11-20 23:00:00,0.0,0.0,0.0,0.0,8.5,71,11.7,101,1004.0,80,12,78,0,0.0,0.0,41.7658,-72.6734,2024,11,20,23
2024-11-21 00:00:00,0.0,0.0,0.0,0.0,7.6,78,11.2,88,1003.7,62,2,61,0,0.0,0.0,41.7658,-72.6734,2024,11,21,0
2024-11-21 01:00:00,0.0,0.0,0.0,0.0,7.0,83,7.0,93,1003.4,62,21,48,11,0.0,0.0,41.7658,-72.6734,2024,11,21,1
2024-11-21 02:00:00,0.0,0.0,0.0,0.0,6.7,85,8.3,72,1002.6,93,56,42,79,0.0,0.0,41.7658,-72.6734,2024,11,21,2
2024-11-21 03:00:00,0.0,0.0,0.0,0.0,6.7,85,10.6,72,1001.5,100,100,26,100,0.0,0.0,41.7658,-72.6734,2024,11,21,3
2024-11-21 04:00:00,0.0,0.0,0.0,0.0,7.1,84,7.7,69,1001.3,100,100,47,100,0.0,0.0,41.7658,-72.6734,2024,11,21,4
2024-11-21 05:00:00,0.0,0.0,0.0,0.0,7.7,81,5.1,54,1001.4,100,100,100,100,0.0,0.0,41.7658,-72.6734,2024,11,21,5
2024-11-21 06:00:00,0.0,0.0,0.0,0.0,7.5,85,11.2,48,1000.4,100,100,100,94,1.9,0.0,41.7658,-72.6734,2024,11,21,6
2024-11-21 07:00:00,0.0,0.0,0.0,0.0,7.2,93,12.3,34,999.0,100,100,100,28,0.6,0.0,41.7658,-72.6734,2024,11,21,7
2024-11-21 08:00:00,0.0,0.0,0.0,0.0,7.2,95,12.4,31,998.4,100,100,100,95,2.2,0.0,41.7658,-72.6734,2024,11,21,8
2024-11-21 09:00:00,6.0,0.0,6.0,0.0,6.8,97,11.9,357,1000.3,100,100,97,99,2.5,0.0,41.7658,-72.6734,2024,11,21,9
2024-11-21 10:00:00,33.0,0.0,33.0,0.0,6.8,97,17.9,22,998.9,100,86,100,9,2.0,0.0,41.7658,-72.6734,2024,11,21,10
2024-11-21 11:00:00,62.0,0.0,62.0,0.0,7.4,94,16.5,29,997.9,100,100,100,68,0.3,0.0,41.7658,-72.6734,2024,11,21,11
2024-11-21 12:00:00,89.0,3.0,86.0,6.8,8.5,88,10.9,40,997.5,100,100,100,99,0.8,0.0,41.7658,-72.6734,2024,11,21,12
2024-11-21 13:00:00,42.0,0.0,42.0,0.0,8.1,90,15.1,45,996.1,100,100,100,87,0.5,0.0,41.7658,-72.6734,2024,11,21,13
2024-11-21 14:00:00,77.0,1.0,76.0,2.2,8.2,90,15.7,43,995.4,100,100,100,91,0.4,0.0,41.7658,-72.6734,2024,11,21,14
2024-11-21 15:00:00,45.0,0.0,45.0,0.0,8.0,92,15.4,33,994.3,100,77,100,67,0.4,0.0,41.7658,-72.6734,2024,11,21,15
2024-11-21 16:00:00,32.0,0.0,32.0,0.0,8.0,91,13.0,28,994.0,100,100,100,25,0.2,0.0,41.7658,-72.6734,2024,11,21,16
2024-11-21 17:00:00,12.0,0.0,12.0,0.0,7.8,96,10.3,25,994.3,100,100,100,0,0.5,0.0,41.7658,-72.6734,2024,11,21,17
2024-11-21 18:00:00,0.0,0.0,0.0,0.0,7.7,97,9.8,23,994.3,100,100,100,0,0.8,0.0,41.7658,-72.6734,2024,11,21,18
2024-11-21 19:00:00,0.0,0.0,0.0,0.0,7.7,97,10.9,12,994.3,100,100,100,0,0.3,0.0,41.7658,-72.6734,2024,11,21,19
2024-11-21 20:00:00,0.0,0.0,0.0,0.0,7.7,97,11.9,22,993.4,100,100,100,0,0.3,0.0,41.7658,-72.6734,2024,11,21,20
2024-11-21 21:00:00,0.0,0.0,0.0,0.0,7.2,97,15.1,22,992.5,100,100,100,0,0.5,0.0,41.7658,-72.6734,2024,11,21,21
2024-11-21 22:00:00,0.0,0.0,0.0,0.0,7.4,97,12.6,20,991.6,100,100,100,0,1.4,0.0,41.7658,-72.6734,2024,11,21,22
2024-11-21 23:00:00,0.0,0.0,0.0,0.0,7.7,96,15.4,35,990.1,100,100,100,0,2.1,0.0,41.7658,-72.6734,2024,11,21,23
2024-11-22 00:00:00,0.0,0.0,0.0,0.0,7.9,95,17.6,56,988.6,100,100,89,18,1.9,0.0,41.7658,-72.6734,2024,11,22,0
2024-11-22 01:00:00,0.0,0.0,0.0,0.0,7.8,95,19.5,59,987.4,100,100,99,82,1.0,0.0,41.7658,-72.6734,2024,11,22,1
2024-11-22 02:00:00,0.0,0.0,0.0,0.0,8.1,91,20.2,63,986.0,100,100,100,76,1.4,0.0,41.7658,-72.6734,2024,11,22,2
2024-11-22 03:00:00,0.0,0.0,0.0,0.0,7.8,95,28.0,83,985.0,100,84,100,43,2.8,0.0,41.7658,-72.6734,2024,11,22,3
2024-11-22 04:00:00,0.0,0.0,0.0,0.0,7.4,93,25.7,126,984.5,89,43,81,0,0.3,0.0,41.7658,-72.6734,2024,11,22,4
2024-11-22 05:00:00,0.0,0.0,0.0,0.0,4.1,90,23.9,179,985.8,100,100,0,0,0.0,0.0,41.7658,-72.6734,2024,11,22,5
2024-11-22 06:00:00,0.0,0.0,0.0,0.0,4.3,87,15.6,173,986.2,100,100,14,0,0.0,0.0,41.7658,-72.6734,2024,11,22,6
2024-11-22 07:00:00,0.0,0.0,0.0,0.0,4.4,88,14.1,170,986.8,100,100,21,0,0.0,0.0,41.7658,-72.6734,2024,11,22,7
2024-11-22 08:00:00,0.0,0.0,0.0,0.0,4.9,88,16.2,166,987.5,100,100,83,0,0.2,0.0,41.7658,-72.6734,2024,11,22,8
2024-11-22 09:00:00,10.0,0.0,10.0,0.0,4.2,89,18.2,171,989.0,100,100,100,0,0.4,0.0,41.7658,-72.6734,2024,11,22,9
2024-11-22 10:00:00,24.0,0.0,24.0,0.0,4.7,86,18.2,160,989.7,100,100,95,0,0.1,0.0,41.7658,-72.6734,2024,11,22,10
2024-11-22 11:00:00,78.0,12.0,66.0,33.2,5.5,82,18.8,171,990.4,79,58,63,0,0.1,0.0,41.7658,-72.6734,2024,11,22,11
2024-11-22 12:00:00,175.0,39.0,136.0,89.5,7.1,66,24.8,171,990.6,91,91,3,0,0.0,883.61,41.7658,-72.6734,2024,11,22,12
2024-11-22 13:00:00,282.0,127.0,155.0,273.1,8.1,61,23.8,172,990.3,89,89,0,0,0.0,3600.0,41.7658,-72.6734,2024,11,22,13
2024-11-22 14:00:00,260.0,120.0,140.0,268.7,8.1,61,20.9,172,990.5,33,30,11,0,0.0,3600.0,41.7658,-72.6734,2024,11,22,14
2024-11-22 15:00:00,314.0,213.0,101.0,557.5,8.3,60,19.6,169,990.7,35,32,12,0,0.0,3600.0,41.7658,-72.6734,2024,11,22,15
2024-11-22 16:00:00,205.0,133.0,72.0,482.5,8.0,61,16.0,159,990.9,15,9,8,0,0.0,3600.0,41.7658,-72.6734,2024,11,22,16
2024-11-22 17:00:00,93.0,55.0,38.0,408.4,7.3,65,12.1,142,991.6,19,13,9,0,0.0,3600.0,41.7658,-72.6734,2024,11,22,17
2024-11-22 18:00:00,4.0,1.0,3.0,19.1,6.2,71,10.6,130,992.0,42,15,33,0,0.0,0.0,41.7658,-72.6734,2024,11,22,18
2024-11-22 19:00:00,0.0,0.0,0.0,0.0,5.6,75,8.9,115,992.2,24,19,7,0,0.0,0.0,41.7658,-72.6734,2024,11,22,19
2024-11-22 20:00:00,0.0,0.0,0.0,0.0,5.1,79,10.7,99,992.4,10,7,3,0,0.0,0.0,41.7658,-72.6734,2024,11,22,20
2024-11-22 21:00:00,0.0,0.0,0.0,0.0,3.9,93,8.0,81,993.2,30,3,16,27,0.0,0.0,41.7658,-72.6734,2024,11,22,21
2024-11-22 22:00:00,0.0,0.0,0.0,0.0,3.6,95,8.2,67,992.9,13,1,12,0,0.0,0.0,41.7658,-72.6734,2024,11,22,22
2024-11-22 23:00:00,0.0,0.0,0.0,0.0,2.9,95,5.0,52,992.7,2,1,2,0,0.0,0.0,41.7658,-72.6734,2024,11,22,23
2024-11-23 00:00:00,0.0,0.0,0.0,0.0,2.3,97,5.8,4,992.7,9,7,7,0,0.0,0.0,41.7658,-72.6734,2024,11,23,0
2024-11-23 01:00:00,0.0,0.0,0.0,0.0,2.3,98,10.8,5,992.5,20,20,2,0,0.0,0.0,41.7658,-72.6734,2024,11,23,1
2024-11-23 02:00:00,0.0,0.0,0.0,0.0,2.2,96,9.1,7,992.1,8,3,3,3,0.0,0.0,41.7658,-72.6734,2024,11,23,2
2024-11-23 03:00:00,0.0,0.0,0.0,0.0,2.5,98,10.8,356,991.5,80,1,80,0,0.0,0.0,41.7658,-72.6734,2024,11,23,3
2024-11-23 04:00:00,0.0,0.0,0.0,0.0,3.1,97,12.8,358,991.4,100,100,100,100,0.0,0.0,41.7658,-72.6734,2024,11,23,4
2024-11-23 05:00:00,0.0,0.0,0.0,0.0,3.8,97,12.9,341,991.2,100,100,100,96,0.2,0.0,41.7658,-72.6734,2024,11,23,5
2024-11-23 06:00:00,0.0,0.0,0.0,0.0,4.3,97,13.5,337,991.5,100,100,100,100,0.7,0.0,41.7658,-72.6734,2024,11,23,6
2024-11-23 07:00:00,0.0,0.0,0.0,0.0,4.1,96,13.4,332,991.5,100,98,100,100,0.9,0.0,41.7658,-72.6734,2024,11,23,7
2024-11-23 08:00:00,0.0,0.0,0.0,0.0,4.2,95,13.4,324,991.6,100,100,100,100,0.8,0.0,41.7658,-72.6734,2024,11,23,8
2024-11-23 09:00:00,21.0,0.0,21.0,0.0,5.0,94,14.7,338,992.3,100,19,100,100,0.7,0.0,41.7658,-72.6734,2024,11,23,9
2024-11-23 10:00:00,70.0,0.0,70.0,0.0,5.7,90,15.9,322,992.1,100,24,100,100,0.5,0.0,41.7658,-72.6734,2024,11,23,10
2024-11-23 11:00:00,97.0,0.0,97.0,0.0,5.9,89,22.2,317,992.2,100,50,100,100,0.6,0.0,41.7658,-72.6734,2024,11,23,11
2024-11-23 12:00:00,109.0,1.0,108.0,2.3,5.7,86,21.3,309,992.0,100,44,100,100,0.5,0.0,41.7658,-72.6734,2024,11,23,12
2024-11-23 13:00:00,82.0,0.0,82.0,0.0,6.2,83,16.7,307,991.8,100,75,100,100,0.1,0.0,41.7658,-72.6734,2024,11,23,13
2024-11-23 14:00:00,64.0,0.0,64.0,0.0,7.4,73,22.2,306,992.1,100,60,100,99,0.0,0.0,41.7658,-72.6734,2024,11,23,14
2024-11-23 15:00:00,88.0,1.0,87.0,2.6,7.8,70,21.4,308,992.8,100,54,100,12,0.0,0.0,41.7658,-72.6734,2024,11,23,15
2024-11-23 16:00:00,63.0,0.0,63.0,0.0,7.7,70,22.5,314,993.4,92,84,52,0,0.0,0.0,41.7658,-72.6734,2024,11,23,16
2024-11-23 17:00:00,62.0,19.0,43.0,143.2,7.7,66,21.5,315,994.4,63,29,48,0,0.0,2496.67,41.7658,-72.6734,2024,11,23,17
2024-11-23 18:00:00,3.0,0.0,3.0,0.0,7.3,64,17.1,314,995.5,35,25,13,0,0.0,0.0,41.7658,-72.6734,2024,11,23,18
2024-11-23 19:00:00,0.0,0.0,0.0,0.0,6.7,65,16.9,315,996.7,45,43,3,0,0.0,0.0,41.7658,-72.6734,2024,11,23,19
2024-11-23 20:00:00,0.0,0.0,0.0,0.0,6.1,68,16.0,316,997.7,52,38,23,0,0.0,0.0,41.7658,-72.6734,2024,11,23,20
2024-11-23 21:00:00,0.0,0.0,0.0,0.0,6.8,68,16.3,311,997.8,95,95,0,0,0.0,0.0,41.7658,-72.6734,2024,11,23,21
2024-11-23 22:00:00,0.0,0.0,0.0,0.0,7.3,70,12.5,316,998.3,98,98,0,0,0.0,0.0,41.7658,-72.6734,2024,11,23,22
2024-11-23 23:00:00,0.0,0.0,0.0,0.0,7.6,71,11.7,302,998.5,97,96,1,0,0.0,0.0,41.7658,-72.6734,2024,11,23,23
2024-11-24 00:00:00,0.0,0.0,0.0,0.0,7.8,72,13.0,294,998.5,100,100,1,0,0.0,0.0,41.7658,-72.6734,2024,11,24,0
2024-11-24 01:00:00,0.0,0.0,0.0,0.0,7.9,70,21.5,289,998.8,88,88,0,0,0.0,0.0,41.7658,-72.6734,2024,11,24,1
2024-11-24 02:00:00,0.0,0.0,0.0,0.0,7.4,68,16.1,288,999.5,67,66,9,0,0.0,0.0,41.7658,-72.6734,2024,11,24,2
2024-11-24 03:00:00,0.0,0.0,0.0,0.0,7.3,65,19.0,293,999.8,47,47,0,0,0.0,0.0,41.7658,-72.6734,2024,11,24,3
2024-11-24 04:00:00,0.0,0.0,0.0,0.0,6.6,67,15.6,291,1001.0,31,31,0,0,0.0,0.0,41.7658,-72.6734,2024,11,24,4
2024-11-24 05:00:00,0.0,0.0,0.0,0.0,6.0,67,14.1,287,1001.7,30,30,0,0,0.0,0.0,41.7658,-72.6734,2024,11,24,5
2024-11-24 06:00:00,0.0,0.0,0.0,0.0,5.7,66,13.8,286,1002.7,28,28,2,0,0.0,0.0,41.7658,-72.6734,2024,11,24,6
2024-11-24 07:00:00,0.0,0.0,0.0,0.0,5.3,66,11.8,282,1003.6,59,59,0,0,0.0,0.0,41.7658,-72.6734,2024,11,24,7
2024-11-24 08:00:00,0.0,0.0,0.0,0.0,4.9,71,8.9,263,1004.3,97,97,0,0,0.0,0.0,41.7658,-72.6734,2024,11,24,8
2024-11-24 09:00:00,61.0,36.0,25.0,347.2,6.5,58,9.7,272,1005.1,50,50,2,0,0.0,3600.0,41.7658,-72.6734,2024,11,24,9
2024-11-24 10:00:00,152.0,75.0,77.0,313.1,7.4,53,18.6,290,1005.8,93,93,20,0,0.0,3600.0,41.7658,-72.6734,2024,11,24,10
2024-11-24 11:00:00,223.0,101.0,122.0,284.9,7.8,52,16.4,293,1006.0,87,86,43,0,0.0,3600.0,41.7658,-72.6734,2024,11,24,11
2024-11-24 12:00:00,233.0,90.0,143.0,209.6,8.0,54,18.0,296,1005.9,50,48,24,0,0.1,3600.0,41.7658,-72.6734,2024,11,24,12
2024-11-24 13:00:00,171.0,26.0,145.0,56.7,7.8,54,21.4,293,1005.8,87,87,36,0,0.0,0.0,41.7658,-72.6734,2024,11,24,13
2024-11-24 14:00:00,172.0,60.0,112.0,136.1,7.6,57,17.8,286,1005.7,100,100,73,12,0.0,2283.02,41.7658,-72.6734,2024,11,24,14
2024-11-24 15:00:00,100.0,5.0,95.0,13.3,7.5,60,18.1,285,1005.8,100,100,100,100,0.0,0.0,41.7658,-72.6734,2024,11,24,15
2024-11-24 16:00:00,97.0,2.0,95.0,7.4,7.4,64,11.1,292,1005.8,100,94,100,31,0.0,0.0,41.7658,-72.6734,2024,11,24,16
2024-11-24 17:00:00,30.0,0.0,30.0,0.0,7.1,63,15.9,293,1006.2,73,8,72,0,0.0,0.0,41.7658,-72.6734,2024,11,24,17
2024-11-24 18:00:00,3.0,1.0,2.0,19.1,6.5,64,14.0,288,1006.7,54,46,45,0,0.0,0.0,41.7658,-72.6734,2024,11,24,18
2024-11-24 19:00:00,0.0,0.0,0.0,0.0,6.3,65,14.0,296,1007.4,60,22,56,0,0.0,0.0,41.7658,-72.6734,2024,11,24,19
2024-11-24 20:00:00,0.0,0.0,0.0,0.0,6.1,65,14.8,299,1008.3,85,70,50,0,0.0,0.0,41.7658,-72.6734,2024,11,24,20
2024-11-24 21:00:00,0.0,0.0,0.0,0.0,5.8,66,13.2,292,1008.8,5,5,0,0,0.0,0.0,41.7658,-72.6734,2024,11,24,21
2024-11-24 22:00:00,0.0,0.0,0.0,0.0,5.1,67,12.0,292,1009.7,26,26,0,0,0.0,0.0,41.7658,-72.6734,2024,11,24,22
2024-11-24 23:00:00,0.0,0.0,0.0,0.0,4.8,66,16.1,292,1009.5,10,10,0,0,0.0,0.0,41.7658,-72.6734,2024,11,24,23
2024-11-25 00:00:00,0.0,0.0,0.0,0.0,4.2,68,15.3,290,1009.9,0,0,0,0,0.0,0.0,41.7658,-72.6734,2024,11,25,0
2024-11-25 01:00:00,0.0,0.0,0.0,0.0,3.7,70,14.6,286,1010.4,2,2,0,0,0.0,0.0,41.7658,-72.6734,2024,11,25,1
2024-11-25 02:00:00,0.0,0.0,0.0,0.0,3.4,71,12.8,286,1010.9,6,6,0,0,0.0,0.0,41.7658,-72.6734,2024,11,25,2
2024-11-25 03:00:00,0.0,0.0,0.0,0.0,3.0,72,10.8,291,1011.1,1,1,0,0,0.0,0.0,41.7658,-72.6734,2024,11,25,3
2024-11-25 04:00:00,0.0,0.0,0.0,0.0,2.6,72,11.0,295,1011.5,0,0,0,0,0.0,0.0,41.7658,-72.6734,2024,11,25,4
2024-11-25 05:00:00,0.0,0.0,0.0,0.0,2.3,69,11.7,295,1011.9,0,0,0,0,0.0,0.0,41.7658,-72.6734,2024,11,25,5
2024-11-25 06:00:00,0.0,0.0,0.0,0.0,1.9,67,12.8,302,1012.1,0,0,0,0,0.0,0.0,41.7658,-72.6734,2024,11,25,6
2024-11-25 07:00:00,0.0,0.0,0.0,0.0,1.7,64,13.3,305,1012.4,36,0,0,36,0.0,0.0,41.7658,-72.6734,2024,11,25,7
2024-11-25 08:00:00,0.0,0.0,0.0,0.0,1.5,63,12.3,304,1012.9,18,0,0,18,0.0,0.0,41.7658,-72.6734,2024,11,25,8
2024-11-25 09:00:00,60.0,38.0,22.0,372.8,3.1,58,12.6,303,1013.0,48,0,48,1,0.0,3600.0,41.7658,-72.6734,2024,11,25,9
2024-11-25 10:00:00,173.0,105.0,68.0,444.6,4.3,55,10.0,298,1013.1,72,0,9,70,0.0,3600.0,41.7658,-72.6734,2024,11,25,10
2024-11-25 11:00:00,277.0,169.0,108.0,481.2,5.6,52,8.5,299,1013.2,35,0,13,34,0.0,3600.0,41.7658,-72.6734,2024,11,25,11
2024-11-25 12:00:00,399.0,304.0,95.0,713.4,7.0,49,7.7,306,1012.8,49,0,15,48,0.0,3600.0,41.7658,-72.6734,2024,11,25,12
2024-11-25 13:00:00,443.0,353.0,90.0,774.6,8.2,46,8.2,303,1012.1,24,0,1,23,0.0,3600.0,41.7658,-72.6734,2024,11,25,13
2024-11-25 14:00:00,430.0,354.0,76.0,808.0,9.0,45,7.1,289,1011.6,24,0,0,24,0.0,3600.0,41.7658,-72.6734,2024,11,25,14
2024-11-25 15:00:00,350.0,275.0,75.0,734.5,9.4,44,7.0,280,1011.6,0,0,0,0,0.0,3600.0,41.7658,-72.6734,2024,11,25,15
2024-11-25 16:00:00,236.0,181.0,55.0,672.9,9.1,47,7.3,279,1011.8,45,0,0,45,0.0,3600.0,41.7658,-72.6734,2024,11,25,16
2024-11-25 17:00:00,94.0,61.0,33.0,472.9,7.6,59,5.4,272,1012.2,96,0,0,96,0.0,3600.0,41.7658,-72.6734,2024,11,25,17
2024-11-25 18:00:00,3.0,1.0,2.0,19.1,6.4,62,7.4,274,1012.5,100,0,0,100,0.0,0.0,41.7658,-72.6734,2024,11,25,18
2024-11-25 19:00:00,0.0,0.0,0.0,0.0,5.8,66,6.5,283,1012.7,100,0,0,100,0.0,0.0,41.7658,-72.6734,2024,11,25,19
2024-11-25 20:00:00,0.0,0.0,0.0,0.0,4.6,74,4.4,302,1012.8,100,0,0,100,0.0,0.0,41.7658,-72.6734,2024,11,25,20
2024-11-25 21:00:00,0.0,0.0,0.0,0.0,3.9,73,3.8,287,1012.7,100,0,0,100,0.0,0.0,41.7658,-72.6734,2024,11,25,21
2024-11-25 22:00:00,0.0,0.0,0.0,0.0,3.8,73,1.4,270,1013.0,100,0,0,100,0.0,0.0,41.7658,-72.6734,2024,11,25,22
2024-11-25 23:00:00,0.0,0.0,0.0,0.0,3.5,74,0.4,117,1012.8,100,0,1,100,0.0,0.0,41.7658,-72.6734,2024,11,25,23
2024-11-26 00:00:00,0.0,0.0,0.0,0.0,2.5,82,4.1,167,1012.8,40,0,5,37,0.0,0.0,41.7658,-72.6734,2024,11,26,0
2024-11-26 01:00:00,0.0,0.0,0.0,0.0,2.1,83,2.7,160,1012.6,2,0,2,1,0.0,0.0,41.7658,-72.6734,2024,11,26,1
2024-11-26 02:00:00,0.0,0.0,0.0,0.0,1.6,85,1.1,81,1012.1,16,0,1,15,0.0,0.0,41.7658,-72.6734,2024,11,26,2
2024-11-26 03:00:00,0.0,0.0,0.0,0.0,1.1,89,1.8,53,1011.4,21,1,6,18,0.0,0.0,41.7658,-72.6734,2024,11,26,3
2024-11-26 04:00:00,0.0,0.0,0.0,0.0,1.0,91,0.4,360,1010.9,71,42,24,48,0.0,0.0,41.7658,-72.6734,2024,11,26,4
2024-11-26 05:00:00,0.0,0.0,0.0,0.0,1.4,92,2.8,50,1010.1,79,56,9,51,0.0,0.0,41.7658,-72.6734,2024,11,26,5
2024-11-26 06:00:00,0.0,0.0,0.0,0.0,2.2,87,3.6,70,1009.2,100,100,95,99,0.0,0.0,41.7658,-72.6734,2024,11,26,6
2024-11-26 07:00:00,0.0,0.0,0.0,0.0,3.2,82,2.9,43,1008.4,100,53,34,100,0.0,0.0,41.7658,-72.6734,2024,11,26,7
2024-11-26 08:00:00,0.0,0.0,0.0,0.0,3.5,81,3.3,22,1008.0,100,18,58,100,0.0,0.0,41.7658,-72.6734,2024,11,26,8
2024-11-26 09:00:00,42.0,17.0,25.0,169.7,4.4,72,7.3,65,1007.6,100,0,100,99,0.0,3600.0,41.7658,-72.6734,2024,11,26,9
2024-11-26 10:00:00,51.0,0.0,51.0,0.0,5.7,74,2.9,330,1008.0,100,100,100,100,0.1,0.0,41.7658,-72.6734,2024,11,26,10
2024-11-26 11:00:00,30.0,0.0,30.0,0.0,4.7,92,7.1,27,1006.9,100,100,100,93,0.8,0.0,41.7658,-72.6734,2024,11,26,11
2024-11-26 12:00:00,61.0,0.0,61.0,0.0,5.8,96,5.9,20,1005.7,100,100,100,88,2.0,0.0,41.7658,-72.6734,2024,11,26,12
2024-11-26 13:00:00,92.0,1.0,91.0,2.2,7.5,95,5.0,334,1003.9,100,100,100,73,1.2,0.0,41.7658,-72.6734,2024,11,26,13
2024-11-26 14:00:00,48.0,0.0,48.0,0.0,6.9,95,11.8,313,1003.7,100,100,74,0,0.3,0.0,41.7658,-72.6734,2024,11,26,14
2024-11-26 15:00:00,68.0,0.0,68.0,0.0,6.5,97,9.2,339,1004.2,100,74,100,0,0.0,0.0,41.7658,-72.6734,2024,11,26,15
2024-11-26 16:00:00,84.0,12.0,72.0,44.9,7.5,93,4.6,36,1004.5,13,4,9,0,0.0,0.0,41.7658,-72.6734,2024,11,26,16
2024-11-26 17:00:00,86.0,51.0,35.0,400.5,6.4,94,3.9,16,1005.7,2,2,0,0,0.0,3600.0,41.7658,-72.6734,2024,11,26,17
2024-11-26 18:00:00,3.0,1.0,2.0,19.1,5.1,94,6.3,323,1006.7,6,4,5,0,0.0,0.0,41.7658,-72.6734,2024,11,26,18
2024-11-26 19:00:00,0.0,0.0,0.0,0.0,6.9,87,11.6,303,1007.7,4,4,0,0,0.0,0.0,41.7658,-72.6734,2024,11,26,19
2024-11-26 20:00:00,0.0,0.0,0.0,0.0,6.3,84,10.4,312,1008.4,0,0,0,0,0.0,0.0,41.7658,-72.6734,2024,11,26,20
2024-11-26 21:00:00,0.0,0.0,0.0,0.0,5.1,78,8.4,307,1009.4,0,0,0,0,0.0,0.0,41.7658,-72.6734,2024,11,26,21
2024-11-26 22:00:00,0.0,0.0,0.0,0.0,4.8,71,10.2,291,1009.7,5,0,0,5,0.0,0.0,41.7658,-72.6734,2024,11,26,22
2024-11-26 23:00:00,0.0,0.0,0.0,0.0,4.2,71,8.3,292,1009.8,5,0,0,5,0.0,0.0,41.7658,-72.6734,2024,11,26,23
2024-11-27 00:00:00,0.0,0.0,0.0,0.0,3.2,76,6.4,280,1009.9,12,0,0,12,0.0,0.0,41.7658,-72.6734,2024,11,27,0
2024-11-27 01:00:00,0.0,0.0,0.0,0.0,2.3,81,5.9,256,1009.9,0,0,0,0,0.0,0.0,41.7658,-72.6734,2024,11,27,1
2024-11-27 02:00:00,0.0,0.0,0.0,0.0,2.2,83,7.8,244,1010.2,0,0,0,0,0.0,0.0,41.7658,-72.6734,2024,11,27,2
2024-11-27 03:00:00,0.0,0.0,0.0,0.0,2.2,82,8.4,245,1011.1,59,0,0,59,0.0,0.0,41.7658,-72.6734,2024,11,27,3
2024-11-27 04:00:00,0.0,0.0,0.0,0.0,1.9,83,7.6,236,1011.3,21,0,1,20,0.0,0.0,41.7658,-72.6734,2024,11,27,4
2024-11-27 05:00:00,0.0,0.0,0.0,0.0,1.7,84,8.7,233,1011.2,99,0,4,99,0.0,0.0,41.7658,-72.6734,2024,11,27,5
2024-11-27 06:00:00,0.0,0.0,0.0,0.0,1.6,85,9.2,230,1011.2,97,0,44,97,0.0,0.0,41.7658,-72.6734,2024,11,27,6
2024-11-27 07:00:00,0.0,0.0,0.0,0.0,1.6,85,9.7,230,1011.4,96,0,79,92,0.0,0.0,41.7658,-72.6734,2024,11,27,7
2024-11-27 08:00:00,0.0,0.0,0.0,0.0,1.4,85,9.5,233,1012.0,15,0,8,8,0.0,0.0,41.7658,-72.6734,2024,11,27,8
2024-11-27 09:00:00,55.0,32.0,23.0,324.9,2.3,80,10.3,232,1012.2,68,0,62,22,0.0,3600.0,41.7658,-72.6734,2024,11,27,9
2024-11-27 10:00:00,190.0,133.0,57.0,578.9,4.3,75,7.8,218,1012.2,59,0,47,23,0.0,3600.0,41.7658,-72.6734,2024,11,27,10
2024-11-27 11:00:00,313.0,236.0,77.0,684.3,6.4,67,6.9,225,1012.4,51,0,35,25,0.0,3600.0,41.7658,-72.6734,2024,11,27,11
2024-11-27 12:00:00,403.0,325.0,78.0,773.7,8.2,58,8.3,231,1012.1,33,0,30,5,0.0,3600.0,41.7658,-72.6734,2024,11,27,12
2024-11-27 13:00:00,422.0,320.0,102.0,710.9,9.1,52,9.6,264,1011.3,13,3,8,5,0.0,3600.0,41.7658,-72.6734,2024,11,27,13
2024-11-27 14:00:00,420.0,343.0,77.0,792.1,9.4,50,10.3,272,1010.9,26,6,5,19,0.0,3600.0,41.7658,-72.6734,2024,11,27,14
2024-11-27 15:00:00,345.0,273.0,72.0,738.0,9.5,49,9.4,268,1010.7,8,0,5,3,0.0,3600.0,41.7658,-72.6734,2024,11,27,15
2024-11-27 16:00:00,230.0,174.0,56.0,656.2,9.3,50,6.8,267,1010.5,40,0,1,40,0.0,3600.0,41.7658,-72.6734,2024,11,27,16
2024-11-27 17:00:00,90.0,58.0,32.0,460.9,7.5,63,2.4,261,1010.9,36,0,5,34,0.0,3600.0,41.7658,-72.6734,2024,11,27,17
2024-11-27 18:00:00,3.0,1.0,2.0,19.1,5.7,67,2.0,225,1011.2,99,0,0,99,0.0,0.0,41.7658,-72.6734,2024,11,27,18
2024-11-27 19:00:00,0.0,0.0,0.0,0.0,4.7,74,4.2,227,1011.6,75,0,1,75,0.0,0.0,41.7658,-72.6734,2024,11,27,19
2024-11-27 20:00:00,0.0,0.0,0.0,0.0,4.1,75,2.4,222,1011.6,41,0,13,33,0.0,0.0,41.7658,-72.6734,2024,11,27,20
2024-11-27 21:00:00,0.0,0.0,0.0,0.0,2.9,78,3.1,242,1011.7,54,0,0,54,0.0,0.0,41.7658,-72.6734,2024,11,27,21
2024-11-27 22:00:00,0.0,0.0,0.0,0.0,2.2,82,4.3,197,1011.8,98,0,94,91,0.0,0.0,41.7658,-72.6734,2024,11,27,22
2024-11-27 23:00:00,0.0,0.0,0.0,0.0,2.2,84,4.2,187,1011.5,100,0,100,98,0.0,0.0,41.7658,-72.6734,2024,11,27,23
2024-11-28 00:00:00,0.0,0.0,0.0,0.0,2.7,83,5.1,198,1011.5,100,0,100,100,0.0,0.0,41.7658,-72.6734,2024,11,28,0
2024-11-28 01:00:00,0.0,0.0,0.0,0.0,3.0,84,3.8,191,1011.2,100,0,100,100,0.0,0.0,41.7658,-72.6734,2024,11,28,1
2024-11-28 02:00:00,0.0,0.0,0.0,0.0,3.1,85,1.0,239,1011.0,100,0,100,100,0.1,0.0,41.7658,-72.6734,2024,11,28,2
2024-11-28 03:00:00,0.0,0.0,0.0,0.0,2.9,87,1.8,66,1010.8,100,0,100,100,0.1,0.0,41.7658,-72.6734,2024,11,28,3
2024-11-28 04:00:00,0.0,0.0,0.0,0.0,2.9,88,2.4,73,1010.1,100,0,100,100,0.1,0.0,41.7658,-72.6734,2024,11,28,4
2024-11-28 05:00:00,0.0,0.0,0.0,0.0,3.1,88,3.2,56,1009.0,100,0,100,100,0.1,0.0,41.7658,-72.6734,2024,11,28,5
2024-11-28 06:00:00,0.0,0.0,0.0,0.0,3.2,90,4.9,24,1008.3,100,0,100,100,0.0,0.0,41.7658,-72.6734,2024,11,28,6
2024-11-28 07:00:00,0.0,0.0,0.0,0.0,3.1,93,2.7,23,1007.9,100,0,100,100,0.1,0.0,41.7658,-72.6734,2024,11,28,7
2024-11-28 08:00:00,0.0,0.0,0.0,0.0,3.4,96,6.9,47,1006.5,100,28,100,100,0.9,0.0,41.7658,-72.6734,2024,11,28,8
2024-11-28 09:00:00,7.0,0.0,7.0,0.0,3.5,96,9.2,48,1005.3,100,24,100,100,1.0,0.0,41.7658,-72.6734,2024,11,28,9
2024-11-28 10:00:00,20.0,0.0,20.0,0.0,4.5,96,10.2,64,1004.0,100,91,100,100,1.1,0.0,41.7658,-72.6734,2024,11,28,10
2024-11-28 11:00:00,31.0,0.0,31.0,0.0,5.5,97,12.5,50,1002.0,100,100,100,100,1.3,0.0,41.7658,-72.6734,2024,11,28,11
2024-11-28 12:00:00,27.0,0.0,27.0,0.0,5.8,97,12.1,49,999.4,100,100,100,100,1.6,0.0,41.7658,-72.6734,2024,11,28,12
2024-11-28 13:00:00,41.0,0.0,41.0,0.0,6.3,97,11.3,36,995.8,100,100,100,100,3.2,0.0,41.7658,-72.6734,2024,11,28,13
2024-11-28 14:00:00,47.0,0.0,47.0,0.0,6.8,97,10.4,11,993.2,100,100,100,100,2.3,0.0,41.7658,-72.6734,2024,11,28,14
2024-11-28 15:00:00,32.0,0.0,32.0,0.0,6.3,96,13.8,346,991.9,100,100,97,16,2.3,0.0,41.7658,-72.6734,2024,11,28,15
2024-11-28 16:00:00,40.0,0.0,40.0,0.0,5.4,96,16.5,326,991.7,100,100,100,2,1.0,0.0,41.7658,-72.6734,2024,11,28,16
2024-11-28 17:00:00,10.0,0.0,10.0,0.0,4.4,95,16.4,352,991.6,100,100,19,0,0.5,0.0,41.7658,-72.6734,2024,11,28,17
2024-11-28 18:00:00,1.0,0.0,1.0,0.0,4.2,95,17.8,316,993.2,100,100,0,0,0.1,0.0,41.7658,-72.6734,2024,11,28,18
2024-11-28 19:00:00,0.0,0.0,0.0,0.0,4.5,89,19.0,331,994.4,100,100,2,0,0.1,0.0,41.7658,-72.6734,2024,11,28,19
2024-11-28 20:00:00,0.0,0.0,0.0,0.0,4.6,85,15.8,326,996.0,100,100,16,0,0.0,0.0,41.7658,-72.6734,2024,11,28,20
2024-11-28 21:00:00,0.0,0.0,0.0,0.0,3.3,86,16.9,308,998.0,35,35,0,0,0.0,0.0,41.7658,-72.6734,2024,11,28,21
2024-11-28 22:00:00,0.0,0.0,0.0,0.0,3.0,84,18.7,302,999.1,98,98,0,0,0.0,0.0,41.7658,-72.6734,2024,11,28,22
2024-11-28 23:00:00,0.0,0.0,0.0,0.0,3.9,80,19.9,304,1000.1,95,95,26,0,0.0,0.0,41.7658,-72.6734,2024,11,28,23
2024-11-29 00:00:00,0.0,0.0,0.0,0.0,3.9,80,18.0,308,1001.0,65,63,34,0,0.0,0.0,41.7658,-72.6734,2024,11,29,0
2024-11-29 01:00:00,0.0,0.0,0.0,0.0,4.1,77,14.9,312,1002.0,66,32,50,0,0.0,0.0,41.7658,-72.6734,2024,11,29,1
2024-11-29 02:00:00,0.0,0.0,0.0,0.0,3.5,76,9.7,313,1003.2,23,2,22,0,0.0,0.0,41.7658,-72.6734,2024,11,29,2
2024-11-29 03:00:00,0.0,0.0,0.0,0.0,2.8,76,7.8,310,1004.0,3,2,0,0,0.0,0.0,41.7658,-72.6734,2024,11,29,3
2024-11-29 04:00:00,0.0,0.0,0.0,0.0,2.1,77,8.0,304,1004.8,1,1,0,0,0.0,0.0,41.7658,-72.6734,2024,11,29,4
2024-11-29 05:00:00,0.0,0.0,0.0,0.0,1.6,78,7.6,284,1005.3,6,6,0,0,0.0,0.0,41.7658,-72.6734,2024,11,29,5
2024-11-29 06:00:00,0.0,0.0,0.0,0.0,1.4,80,7.5,281,1006.3,18,18,0,0,0.0,0.0,41.7658,-72.6734,2024,11,29,6
2024-11-29 07:00:00,0.0,0.0,0.0,0.0,0.6,84,4.0,243,1006.8,26,26,0,0,0.0,0.0,41.7658,-72.6734,2024,11,29,7
2024-11-29 08:00:00,0.0,0.0,0.0,0.0,1.3,85,6.3,215,1007.5,59,59,0,0,0.0,0.0,41.7658,-72.6734,2024,11,29,8
2024-11-29 09:00:00,47.0,24.0,23.0,252.0,2.3,83,10.2,221,1007.6,34,34,0,0,0.0,3482.26,41.7658,-72.6734,2024,11,29,9
2024-11-29 10:00:00,177.0,118.0,59.0,527.7,3.7,72,9.0,235,1008.1,0,0,0,0,0.0,3600.0,41.7658,-72.6734,2024,11,29,10
2024-11-29 11:00:00,322.0,260.0,62.0,767.2,5.2,58,9.3,230,1008.4,22,0,22,0,0.0,3600.0,41.7658,-72.6734,2024,11,29,11
2024-11-29 12:00:00,402.0,325.0,77.0,784.3,6.2,50,10.9,243,1007.9,49,0,49,0,0.0,3600.0,41.7658,-72.6734,2024,11,29,12
2024-11-29 13:00:00,453.0,380.0,73.0,854.1,7.0,46,11.7,247,1006.9,52,0,52,0,0.0,3600.0,41.7658,-72.6734,2024,11,29,13
2024-11-29 14:00:00,410.0,308.0,102.0,719.0,7.4,43,13.2,248,1006.4,70,65,63,0,0.0,3600.0,41.7658,-72.6734,2024,11,29,14
2024-11-29 15:00:00,275.0,164.0,111.0,448.1,7.2,47,15.8,238,1006.0,96,96,90,0,0.0,3600.0,41.7658,-72.6734,2024,11,29,15
2024-11-29 16:00:00,129.0,52.0,77.0,198.6,6.2,56,12.6,239,1006.0,50,26,49,0,0.0,3600.0,41.7658,-72.6734,2024,11,29,16
2024-11-29 17:00:00,65.0,30.0,35.0,243.5,5.2,62,9.1,252,1006.1,73,48,71,0,0.0,3600.0,41.7658,-72.6734,2024,11,29,17
2024-11-29 18:00:00,2.0,0.0,2.0,0.0,4.0,69,7.9,237,1006.2,23,9,22,0,0.0,0.0,41.7658,-72.6734,2024,11,29,18
2024-11-29 19:00:00,0.0,0.0,0.0,0.0,3.4,72,10.0,229,1006.4,47,8,46,0,0.0,0.0,41.7658,-72.6734,2024,11,29,19
2024-11-29 20:00:00,0.0,0.0,0.0,0.0,2.5,76,10.9,248,1006.9,57,21,52,0,0.0,0.0,41.7658,-72.6734,2024,11,29,20
2024-11-29 21:00:00,0.0,0.0,0.0,0.0,2.3,80,11.0,240,1007.1,0,0,0,0,0.0,0.0,41.7658,-72.6734,2024,11,29,21
2024-11-29 22:00:00,0.0,0.0,0.0,0.0,1.6,80,8.3,270,1007.5,1,1,0,0,0.0,0.0,41.7658,-72.6734,2024,11,29,22
2024-11-29 23:00:00,0.0,0.0,0.0,0.0,0.8,87,7.6,285,1008.0,52,39,33,0,0.6,0.0,41.7658,-72.6734,2024,11,29,23
2024-11-30 00:00:00,0.0,0.0,0.0,0.0,0.6,84,4.4,258,1008.2,82,4,82,0,0.1,0.0,41.7658,-72.6734,2024,11,30,0
2024-11-30 01:00:00,0.0,0.0,0.0,0.0,0.4,82,4.9,246,1008.3,41,0,41,0,0.0,0.0,41.7658,-72.6734,2024,11,30,1
2024-11-30 02:00:00,0.0,0.0,0.0,0.0,-0.3,81,7.2,251,1008.2,7,0,7,0,0.0,0.0,41.7658,-72.6734,2024,11,30,2
2024-11-30 03:00:00,0.0,0.0,0.0,0.0,-0.9,77,7.8,261,1008.3,0,0,0,0,0.0,0.0,41.7658,-72.6734,2024,11,30,3
2024-11-30 04:00:00,0.0,0.0,0.0,0.0,-1.5,76,7.3,261,1008.4,0,0,0,0,0.0,0.0,41.7658,-72.6734,2024,11,30,4
2024-11-30 05:00:00,0.0,0.0,0.0,0.0,-1.9,76,6.2,260,1008.3,0,0,0,0,0.0,0.0,41.7658,-72.6734,2024,11,30,5
2024-11-30 06:00:00,0.0,0.0,0.0,0.0,-2.2,76,6.4,241,1008.5,0,0,0,0,0.0,0.0,41.7658,-72.6734,2024,11,30,6
2024-11-30 07:00:00,0.0,0.0,0.0,0.0,-2.4,76,5.6,237,1008.9,0,0,0,0,0.0,0.0,41.7658,-72.6734,2024,11,30,7
2024-11-30 08:00:00,0.0,0.0,0.0,0.0,-2.7,77,4.6,228,1009.2,0,0,0,0,0.0,0.0,41.7658,-72.6734,2024,11,30,8
2024-11-30 09:00:00,50.0,31.0,19.0,331.0,-1.3,74,7.6,236,1010.1,0,0,0,0,0.0,3419.06,41.7658,-72.6734,2024,11,30,9
2024-11-30 10:00:00,190.0,141.0,49.0,639.1,0.2,65,7.1,243,1010.6,0,0,0,0,0.0,3600.0,41.7658,-72.6734,2024,11,30,10
2024-11-30 11:00:00,321.0,260.0,61.0,773.8,1.8,55,8.8,259,1010.5,0,0,0,0,0.0,3600.0,41.7658,-72.6734,2024,11,30,11
2024-11-30 12:00:00,411.0,343.0,68.0,833.2,2.8,48,9.5,271,1010.1,0,0,0,0,0.0,3600.0,41.7658,-72.6734,2024,11,30,12
2024-11-30 13:00:00,447.0,376.0,71.0,849.9,3.4,45,9.4,262,1009.2,0,0,0,0,0.0,3600.0,41.7658,-72.6734,2024,11,30,13
2024-11-30 14:00:00,427.0,358.0,69.0,840.0,3.7,44,12.6,261,1008.9,39,33,36,0,0.0,3600.0,41.7658,-72.6734,2024,11,30,14
2024-11-30 15:00:00,327.0,250.0,77.0,686.6,3.5,44,14.5,265,1008.6,70,67,63,2,0.0,3600.0,41.7658,-72.6734,2024,11,30,15
2024-11-30 16:00:00,165.0,72.0,93.0,276.5,2.8,46,14.2,266,1008.7,99,95,49,75,0.0,3600.0,41.7658,-72.6734,2024,11,30,16
2024-11-30 17:00:00,51.0,7.0,44.0,57.4,2.0,49,11.7,268,1009.6,91,82,56,2,0.0,0.0,41.7658,-72.6734,2024,11,30,17
2024-11-30 18:00:00,2.0,0.0,2.0,0.0,1.4,53,10.1,265,1010.3,29,14,20,0,0.0,0.0,41.7658,-72.6734,2024,11,30,18
2024-11-30 19:00:00,0.0,0.0,0.0,0.0,0.1,60,9.0,250,1010.8,7,1,7,0,0.0,0.0,41.7658,-72.6734,2024,11,30,19
2024-11-30 20:00:00,0.0,0.0,0.0,0.0,-0.6,63,9.9,249,1011.1,1,0,1,0,0.0,0.0,41.7658,-72.6734,2024,11,30,20
2024-11-30 21:00:00,0.0,0.0,0.0,0.0,-0.7,64,8.3,252,1011.7,23,23,0,0,0.0,0.0,41.7658,-72.6734,2024,11,30,21
2024-11-30 22:00:00,0.0,0.0,0.0,0.0,-1.2,67,8.9,252,1011.8,5,0,5,0,0.0,0.0,41.7658,-72.6734,2024,11,30,22
2024-11-30 23:00:00,0.0,0.0,0.0,0.0,-1.6,67,10.1,250,1011.9,0,0,0,0,0.0,0.0,41.7658,-72.6734,2024,11,30,23
2024-12-01 00:00:00,0.0,0.0,0.0,0.0,-1.8,67,10.3,251,1012.2,0,0,0,0,0.0,0.0,41.7658,-72.6734,2024,12,1,0
2024-12-01 01:00:00,0.0,0.0,0.0,0.0,-1.9,66,10.6,246,1012.4,0,0,0,0,0.0,0.0,41.7658,-72.6734,2024,12,1,1
2024-12-01 02:00:00,0.0,0.0,0.0,0.0,-2.0,66,10.9,248,1012.5,0,0,0,0,0.0,0.0,41.7658,-72.6734,2024,12,1,2
2024-12-01 03:00:00,0.0,0.0,0.0,0.0,-2.3,66,10.3,247,1013.1,0,0,0,0,0.0,0.0,41.7658,-72.6734,2024,12,1,3
2024-12-01 04:00:00,0.0,0.0,0.0,0.0,-2.8,67,9.1,243,1013.3,0,0,0,0,0.0,0.0,41.7658,-72.6734,2024,12,1,4
2024-12-01 05:00:00,0.0,0.0,0.0,0.0,-3.1,68,8.7,238,1013.3,0,0,0,0,0.0,0.0,41.7658,-72.6734,2024,12,1,5
2024-12-01 06:00:00,0.0,0.0,0.0,0.0,-3.4,68,8.5,257,1013.2,0,0,0,0,0.0,0.0,41.7658,-72.6734,2024,12,1,6
2024-12-01 07:00:00,0.0,0.0,0.0,0.0,-3.7,68,7.9,250,1013.3,41,0,0,41,0.0,0.0,41.7658,-72.6734,2024,12,1,7
2024-12-01 08:00:00,0.0,0.0,0.0,0.0,-3.8,68,8.8,231,1013.5,40,0,12,31,0.0,0.0,41.7658,-72.6734,2024,12,1,8
2024-12-01 09:00:00,45.0,24.0,21.0,260.7,-3.1,64,8.0,224,1014.1,97,0,76,96,0.0,3356.35,41.7658,-72.6734,2024,12,1,9
2024-12-01 10:00:00,136.0,42.0,94.0,193.0,-2.1,59,9.8,224,1014.2,100,0,100,3,0.0,3600.0,41.7658,-72.6734,2024,12,1,10
2024-12-01 11:00:00,265.0,143.0,122.0,429.2,-0.7,54,11.4,231,1014.0,20,0,20,0,0.0,3600.0,41.7658,-72.6734,2024,12,1,11
2024-12-01 12:00:00,405.0,332.0,73.0,811.7,0.5,51,12.0,237,1013.3,6,0,5,1,0.0,3600.0,41.7658,-72.6734,2024,12,1,12
2024-12-01 13:00:00,445.0,374.0,71.0,849.9,1.3,48,11.8,242,1012.5,0,0,0,0,0.0,3600.0,41.7658,-72.6734,2024,12,1,13
2024-12-01 14:00:00,427.0,361.0,66.0,851.1,2.1,44,15.2,259,1012.0,71,71,2,0,0.0,3600.0,41.7658,-72.6734,2024,12,1,14
2024-12-01 15:00:00,294.0,163.0,131.0,449.8,1.9,45,14.2,262,1011.9,100,100,55,0,0.0,3600.0,41.7658,-72.6734,2024,12,1,15
2024-12-01 16:00:00,121.0,14.0,107.0,54.1,1.5,46,13.1,261,1011.9,100,100,68,0,0.0,0.0,41.7658,-72.6734,2024,12,1,16
2024-12-01 17:00:00,42.0,2.0,40.0,16.5,1.2,47,9.2,264,1012.4,92,91,89,0,0.0,0.0,41.7658,-72.6734,2024,12,1,17
2024-12-01 18:00:00,2.0,0.0,2.0,0.0,0.4,53,6.1,267,1012.7,44,42,32,0,0.0,0.0,41.7658,-72.6734,2024,12,1,18
2024-12-01 19:00:00,0.0,0.0,0.0,0.0,-0.4,56,8.0,261,1013.3,5,1,5,0,0.0,0.0,41.7658,-72.6734,2024,12,1,19
2024-12-01 20:00:00,0.0,0.0,0.0,0.0,-1.1,58,8.1,252,1013.7,0,0,0,0,0.0,0.0,41.7658,-72.6734,2024,12,1,20
2024-12-01 21:00:00,0.0,0.0,0.0,0.0,-1.1,57,8.0,256,1014.2,7,0,7,0,0.0,0.0,41.7658,-72.6734,2024,12,1,21
2024-12-01 22:00:00,0.0,0.0,0.0,0.0,-1.8,62,5.7,252,1014.5,54,0,54,0,0.0,0.0,41.7658,-72.6734,2024,12,1,22
2024-12-01 23:00:00,0.0,0.0,0.0,0.0,-2.1,66,4.5,220,1014.5,16,0,16,0,0.0,0.0,41.7658,-72.6734,2024,12,1,23
2024-12-02 00:00:00,0.0,0.0,0.0,0.0,-2.2,67,5.5,212,1014.4,0,0,0,0,0.0,0.0,41.7658,-72.6734,2024,12,2,0
2024-12-02 01:00:00,0.0,0.0,0.0,0.0,-2.2,67,6.1,210,1014.4,0,0,0,0,0.0,0.0,41.7658,-72.6734,2024,12,2,1
2024-12-02 02:00:00,0.0,0.0,0.0,0.0,-2.2,66,5.5,216,1014.2,0,0,0,0,0.0,0.0,41.7658,-72.6734,2024,12,2,2
2024-12-02 03:00:00,0.0,0.0,0.0,0.0,-2.4,67,5.1,225,1014.2,0,0,0,0,0.0,0.0,41.7658,-72.6734,2024,12,2,3
2024-12-02 04:00:00,0.0,0.0,0.0,0.0,-2.6,67,5.1,253,1014.4,0,0,0,0,0.0,0.0,41.7658,-72.6734,2024,12,2,4
2024-12-02 05:00:00,0.0,0.0,0.0,0.0,-2.8,68,5.4,262,1014.2,0,0,0,0,0.0,0.0,41.7658,-72.6734,2024,12,2,5
2024-12-02 06:00:00,0.0,0.0,0.0,0.0,-3.0,68,6.3,273,1014.6,0,0,0,0,0.0,0.0,41.7658,-72.6734,2024,12,2,6
2024-12-02 07:00:00,0.0,0.0,0.0,0.0,-3.2,70,6.5,276,1015.0,1,0,0,1,0.0,0.0,41.7658,-72.6734,2024,12,2,7
2024-12-02 08:00:00,0.0,0.0,0.0,0.0,-3.3,71,6.8,273,1015.3,0,0,0,0,0.0,0.0,41.7658,-72.6734,2024,12,2,8
2024-12-02 09:00:00,45.0,27.0,18.0,298.3,-2.9,63,7.6,262,1016.2,0,0,0,0,0.0,3294.23,41.7658,-72.6734,2024,12,2,9
2024-12-02 10:00:00,182.0,134.0,48.0,623.9,-1.1,55,4.2,275,1016.4,0,0,0,0,0.0,3600.0,41.7658,-72.6734,2024,12,2,10
2024-12-02 11:00:00,314.0,252.0,62.0,762.8,0.4,50,2.9,277,1016.4,0,0,0,0,0.0,3600.0,41.7658,-72.6734,2024,12,2,11
2024-12-02 12:00:00,405.0,336.0,69.0,826.7,1.9,45,3.6,279,1016.1,1,0,1,0,0.0,3600.0,41.7658,-72.6734,2024,12,2,12
2024-12-02 13:00:00,443.0,372.0,71.0,849.8,3.1,40,4.0,302,1015.2,0,0,0,0,0.0,3600.0,41.7658,-72.6734,2024,12,2,13
2024-12-02 14:00:00,423.0,354.0,69.0,838.5,3.9,36,6.9,317,1014.9,7,7,0,0,0.0,3600.0,41.7658,-72.6734,2024,12,2,14
2024-12-02 15:00:00,343.0,270.0,73.0,748.4,3.7,36,10.3,316,1014.3,7,7,0,0,0.0,3600.0,41.7658,-72.6734,2024,12,2,15
2024-12-02 16:00:00,230.0,176.0,54.0,682.8,3.0,41,9.8,320,1014.3,14,13,10,0,0.0,3600.0,41.7658,-72.6734,2024,12,2,16
2024-12-02 17:00:00,87.0,57.0,30.0,474.6,0.8,55,6.2,319,1014.9,0,0,0,0,0.0,3600.0,41.7658,-72.6734,2024,12,2,17
2024-12-02 18:00:00,3.0,1.0,2.0,19.1,-0.8,63,5.4,304,1015.6,0,0,0,0,0.0,0.0,41.7658,-72.6734,2024,12,2,18
2024-12-02 19:00:00,0.0,0.0,0.0,0.0,-1.4,67,5.6,301,1015.9,0,0,0,0,0.0,0.0,41.7658,-72.6734,2024,12,2,19
2024-12-02 20:00:00,0.0,0.0,0.0,0.0,-1.6,68,6.2,311,1016.5,0,0,0,0,0.0,0.0,41.7658,-72.6734,2024,12,2,20
2024-12-02 21:00:00,0.0,0.0,0.0,0.0,-1.8,71,4.8,301,1017.2,0,0,0,0,0.0,0.0,41.7658,-72.6734,2024,12,2,21
2024-12-02 22:00:00,0.0,0.0,0.0,0.0,-2.2,75,4.2,282,1017.1,0,0,0,0,0.0,0.0,41.7658,-72.6734,2024,12,2,22
2024-12-02 23:00:00,0.0,0.0,0.0,0.0,-2.3,76,4.4,277,1017.2,0,0,0,0,0.0,0.0,41.7658,-72.6734,2024,12,2,23
2024-12-03 00:00:00,0.0,0.0,0.0,0.0,-2.3,77,5.0,285,1017.2,0,0,0,0,0.0,0.0,41.7658,-72.6734,2024,12,3,0
2024-12-03 01:00:00,0.0,0.0,0.0,0.0,-2.2,76,6.5,293,1017.3,0,0,0,0,0.0,0.0,41.7658,-72.6734,2024,12,3,1
2024-12-03 02:00:00,0.0,0.0,0.0,0.0,-2.4,77,7.6,308,1017.4,0,0,0,0,0.0,0.0,41.7658,-72.6734,2024,12,3,2
2024-12-03 03:00:00,0.0,0.0,0.0,0.0,-2.7,79,7.9,309,1017.6,0,0,0,0,0.0,0.0,41.7658,-72.6734,2024,12,3,3
2024-12-03 04:00:00,0.0,0.0,0.0,0.0,-2.9,80,7.0,296,1017.8,5,0,5,0,0.0,0.0,41.7658,-72.6734,2024,12,3,4
2024-12-03 05:00:00,0.0,0.0,0.0,0.0,-3.1,81,7.0,288,1017.6,20,0,20,0,0.0,0.0,41.7658,-72.6734,2024,12,3,5
2024-12-03 06:00:00,0.0,0.0,0.0,0.0,-3.3,80,6.2,306,1017.8,2,0,2,0,0.0,0.0,41.7658,-72.6734,2024,12,3,6
2024-12-03 07:00:00,0.0,0.0,0.0,0.0,-3.4,79,5.0,319,1018.1,6,0,0,6,0.0,0.0,41.7658,-72.6734,2024,12,3,7
2024-12-03 08:00:00,0.0,0.0,0.0,0.0,-3.4,79,4.3,332,1018.6,2,0,0,2,0.0,0.0,41.7658,-72.6734,2024,12,3,8
2024-12-03 09:00:00,42.0,25.0,17.0,280.9,-2.6,70,4.5,326,1019.6,0,0,0,0,0.0,3232.85,41.7658,-72.6734,2024,12,3,9
2024-12-03 10:00:00,177.0,128.0,49.0,604.0,-1.0,63,4.2,329,1020.0,12,0,0,12,0.0,3600.0,41.7658,-72.6734,2024,12,3,10
2024-12-03 11:00:00,306.0,243.0,63.0,741.6,0.4,56,5.2,331,1020.1,22,0,0,22,0.0,3600.0,41.7658,-72.6734,2024,12,3,11
2024-12-03 12:00:00,396.0,323.0,73.0,799.6,1.5,52,5.2,319,1019.7,47,0,21,46,0.0,3600.0,41.7658,-72.6734,2024,12,3,12
2024-12-03 13:00:00,427.0,342.0,85.0,785.2,2.6,48,7.1,317,1018.9,47,26,0,28,0.0,3600.0,41.7658,-72.6734,2024,12,3,13
2024-12-03 14:00:00,389.0,285.0,104.0,678.1,3.6,44,9.1,306,1018.3,67,67,11,1,0.0,3600.0,41.7658,-72.6734,2024,12,3,14
2024-12-03 15:00:00,320.0,230.0,90.0,640.2,3.7,45,9.4,301,1017.8,37,36,18,0,0.0,3600.0,41.7658,-72.6734,2024,12,3,15
2024-12-03 16:00:00,216.0,152.0,64.0,592.3,3.3,46,7.4,296,1017.7,8,8,2,0,0.0,3600.0,41.7658,-72.6734,2024,12,3,16
2024-12-03 17:00:00,85.0,54.0,31.0,452.6,1.3,62,4.4,289,1017.9,2,1,2,0,0.0,3600.0,41.7658,-72.6734,2024,12,3,17
2024-12-03 18:00:00,2.0,1.0,1.0,19.1,-0.1,65,4.1,268,1018.2,26,15,24,0,0.0,0.0,41.7658,-72.6734,2024,12,3,18
2024-12-03 19:00:00,0.0,0.0,0.0,0.0,-0.1,67,8.1,283,1018.6,88,43,85,0,0.0,0.0,41.7658,-72.6734,2024,12,3,19
2024-12-03 20:00:00,0.0,0.0,0.0,0.0,-0.4,78,6.4,308,1019.2,55,37,52,0,0.2,0.0,41.7658,-72.6734,2024,12,3,20
2024-12-03 21:00:00,0.0,0.0,0.0,0.0,-0.8,78,8.4,310,1019.7,22,0,22,0,0.0,0.0,41.7658,-72.6734,2024,12,3,21
2024-12-03 22:00:00,0.0,0.0,0.0,0.0,-1.1,70,10.7,301,1019.9,8,0,8,0,0.0,0.0,41.7658,-72.6734,2024,12,3,22
2024-12-03 23:00:00,0.0,0.0,0.0,0.0,-1.8,68,10.2,296,1020.0,8,7,1,0,0.0,0.0,41.7658,-72.6734,2024,12,3,23
2024-12-04 00:00:00,0.0,0.0,0.0,0.0,-2.1,70,11.5,297,1020.2,1,0,0,0,0.0,0.0,41.7658,-72.6734,2024,12,4,0
2024-12-04 01:00:00,0.0,0.0,0.0,0.0,-2.5,68,10.9,299,1020.5,0,0,0,0,0.0,0.0,41.7658,-72.6734,2024,12,4,1
2024-12-04 02:00:00,0.0,0.0,0.0,0.0,-3.0,67,9.3,302,1020.4,0,0,0,0,0.0,0.0,41.7658,-72.6734,2024,12,4,2
2024-12-04 03:00:00,0.0,0.0,0.0,0.0,-3.3,68,8.9,302,1020.8,0,0,0,0,0.0,0.0,41.7658,-72.6734,2024,12,4,3
2024-12-04 04:00:00,0.0,0.0,0.0,0.0,-3.6,69,8.9,294,1021.0,0,0,0,0,0.0,0.0,41.7658,-72.6734,2024,12,4,4
2024-12-04 05:00:00,0.0,0.0,0.0,0.0,-3.8,70,7.4,293,1020.8,9,0,0,9,0.0,0.0,41.7658,-72.6734,2024,12,4,5
2024-12-04 06:00:00,0.0,0.0,0.0,0.0,-3.9,72,5.0,285,1020.6,6,0,0,6,0.0,0.0,41.7658,-72.6734,2024,12,4,6
2024-12-04 07:00:00,0.0,0.0,0.0,0.0,-4.2,77,3.2,270,1020.4,7,0,3,6,0.0,0.0,41.7658,-72.6734,2024,12,4,7
2024-12-04 08:00:00,0.0,0.0,0.0,0.0,-4.1,79,2.9,223,1020.4,15,0,7,9,0.0,0.0,41.7658,-72.6734,2024,12,4,8
2024-12-04 09:00:00,41.0,25.0,16.0,285.7,-3.4,68,5.0,218,1020.8,0,0,0,0,0.0,3172.35,41.7658,-72.6734,2024,12,4,9
2024-12-04 10:00:00,176.0,129.0,47.0,616.8,-1.4,54,4.2,190,1020.2,4,0,4,0,0.0,3600.0,41.7658,-72.6734,2024,12,4,10
2024-12-04 11:00:00,306.0,245.0,61.0,753.8,0.5,46,7.6,192,1019.9,10,0,1,9,0.0,3600.0,41.7658,-72.6734,2024,12,4,11
2024-12-04 12:00:00,394.0,325.0,69.0,809.4,1.9,40,8.8,185,1018.8,100,0,1,100,0.0,3600.0,41.7658,-72.6734,2024,12,4,12
2024-12-04 13:00:00,423.0,339.0,84.0,782.2,3.1,36,12.1,187,1017.5,100,0,48,100,0.0,3600.0,41.7658,-72.6734,2024,12,4,13
2024-12-04 14:00:00,342.0,184.0,158.0,439.6,3.4,39,15.7,189,1016.1,100,0,100,100,0.0,3600.0,41.7658,-72.6734,2024,12,4,14
2024-12-04 15:00:00,232.0,67.0,165.0,187.2,3.0,47,17.3,189,1015.2,100,0,100,100,0.0,3600.0,41.7658,-72.6734,2024,12,4,15
2024-12-04 16:00:00,99.0,4.0,95.0,15.6,2.7,51,14.3,186,1014.1,100,12,100,100,0.0,0.0,41.7658,-72.6734,2024,12,4,16
2024-12-04 17:00:00,29.0,0.0,29.0,0.0,2.2,59,14.2,192,1013.2,100,8,100,100,0.0,0.0,41.7658,-72.6734,2024,12,4,17
2024-12-04 18:00:00,1.0,0.0,1.0,0.0,1.9,63,13.3,189,1012.3,100,48,100,100,0.0,0.0,41.7658,-72.6734,2024,12,4,18
2024-12-04 19:00:00,0.0,0.0,0.0,0.0,2.1,62,13.7,182,1010.8,100,17,100,100,0.0,0.0,41.7658,-72.6734,2024,12,4,19
2024-12-04 20:00:00,0.0,0.0,0.0,0.0,2.8,62,15.8,192,1009.7,100,38,100,100,0.0,0.0,41.7658,-72.6734,2024,12,4,20
2024-12-04 21:00:00,0.0,0.0,0.0,0.0,3.5,65,17.2,193,1007.8,100,36,100,100,0.1,0.0,41.7658,-72.6734,2024,12,4,21
2024-12-04 22:00:00,0.0,0.0,0.0,0.0,2.5,81,12.8,196,1006.6,100,100,100,100,0.5,0.0,41.7658,-72.6734,2024,12,4,22
2024-12-04 23:00:00,0.0,0.0,0.0,0.0,1.6,98,11.2,201,1005.1,100,33,100,100,1.3,0.0,41.7658,-72.6734,2024,12,4,23
2024-12-05 00:00:00,0.0,0.0,0.0,0.0,2.3,94,15.5,209,1004.0,100,11,100,100,0.6,0.0,41.7658,-72.6734,2024,12,5,0
2024-12-05 01:00:00,0.0,0.0,0.0,0.0,2.3,92,15.9,208,1002.7,100,7,100,100,0.5,0.0,41.7658,-72.6734,2024,12,5,1
2024-12-05 02:00:00,0.0,0.0,0.0,0.0,1.5,94,16.0,203,1001.5,100,22,100,100,0.6,0.0,41.7658,-72.6734,2024,12,5,2
2024-12-05 03:00:00,0.0,0.0,0.0,0.0,1.3,96,16.7,198,1000.2,100,26,100,100,0.8,0.0,41.7658,-72.6734,2024,12,5,3
2024-12-05 04:00:00,0.0,0.0,0.0,0.0,1.2,97,16.0,204,999.2,100,46,100,82,0.6,0.0,41.7658,-72.6734,2024,12,5,4
2024-12-05 05:00:00,0.0,0.0,0.0,0.0,1.1,98,13.8,198,997.6,100,30,100,69,0.5,0.0,41.7658,-72.6734,2024,12,5,5
2024-12-05 06:00:00,0.0,0.0,0.0,0.0,1.2,98,13.1,193,996.5,100,33,100,0,0.3,0.0,41.7658,-72.6734,2024,12,5,6
2024-12-05 07:00:00,0.0,0.0,0.0,0.0,1.3,98,12.0,194,995.5,100,98,100,55,0.3,0.0,41.7658,-72.6734,2024,12,5,7
2024-12-05 08:00:00,0.0,0.0,0.0,0.0,1.4,98,13.2,202,994.8,100,100,100,94,0.7,0.0,41.7658,-72.6734,2024,12,5,8
2024-12-05 09:00:00,6.0,0.0,6.0,0.0,0.6,98,9.4,172,995.6,95,18,92,83,1.5,0.0,41.7658,-72.6734,2024,12,5,9
2024-12-05 10:00:00,105.0,18.0,87.0,87.2,1.0,95,9.8,193,994.9,98,4,97,2,0.1,815.81,41.7658,-72.6734,2024,12,5,10
2024-12-05 11:00:00,182.0,45.0,137.0,139.5,1.9,90,10.3,209,994.2,100,5,100,0,0.0,2386.3,41.7658,-72.6734,2024,12,5,11
2024-12-05 12:00:00,251.0,24.0,227.0,60.1,2.9,82,12.7,237,994.0,23,18,8,0,0.0,3.55,41.7658,-72.6734,2024,12,5,12
2024-12-05 13:00:00,430.0,327.0,103.0,758.0,3.8,71,14.6,251,993.1,88,5,88,0,0.0,3600.0,41.7658,-72.6734,2024,12,5,13
2024-12-05 14:00:00,318.0,145.0,173.0,347.8,3.7,63,14.5,263,992.6,15,1,15,0,0.0,3600.0,41.7658,-72.6734,2024,12,5,14
2024-12-05 15:00:00,340.0,260.0,80.0,729.1,3.6,58,15.3,271,992.7,28,0,28,0,0.0,3600.0,41.7658,-72.6734,2024,12,5,15
2024-12-05 16:00:00,213.0,138.0,75.0,541.9,2.7,60,16.8,276,993.8,45,39,10,0,0.0,3600.0,41.7658,-72.6734,2024,12,5,16
2024-12-05 17:00:00,83.0,45.0,38.0,381.1,1.3,66,16.7,277,995.5,79,1,79,0,0.1,3600.0,41.7658,-72.6734,2024,12,5,17
2024-12-05 18:00:00,2.0,0.0,2.0,0.0,0.8,68,15.5,275,996.7,6,3,3,0,0.0,0.0,41.7658,-72.6734,2024,12,5,18
2024-12-05 19:00:00,0.0,0.0,0.0,0.0,0.5,68,15.3,273,997.6,12,7,5,0,0.0,0.0,41.7658,-72.6734,2024,12,5,19
2024-12-05 20:00:00,0.0,0.0,0.0,0.0,0.3,68,15.7,270,998.7,35,35,0,0,0.0,0.0,41.7658,-72.6734,2024,12,5,20
2024-12-05 21:00:00,0.0,0.0,0.0,0.0,0.6,61,19.1,271,1001.1,82,82,0,0,0.0,0.0,41.7658,-72.6734,2024,12,5,21
2024-12-05 22:00:00,0.0,0.0,0.0,0.0,0.8,61,21.2,270,1001.6,71,68,10,0,0.0,0.0,41.7658,-72.6734,2024,12,5,22
2024-12-05 23:00:00,0.0,0.0,0.0,0.0,0.4,66,21.3,273,1002.4,65,65,3,0,0.0,0.0,41.7658,-72.6734,2024,12,5,23
2024-12-06 00:00:00,0.0,0.0,0.0,0.0,0.4,69,21.6,277,1003.3,80,77,21,0,0.0,0.0,41.7658,-72.6734,2024,12,6,0
2024-12-06 01:00:00,0.0,0.0,0.0,0.0,-0.1,70,21.4,291,1003.8,47,47,9,0,0.0,0.0,41.7658,-72.6734,2024,12,6,1
2024-12-06 02:00:00,0.0,0.0,0.0,0.0,-0.6,71,18.8,292,1004.4,67,66,17,0,0.0,0.0,41.7658,-72.6734,2024,12,6,2
2024-12-06 03:00:00,0.0,0.0,0.0,0.0,-1.5,75,13.5,293,1005.5,28,28,1,0,0.0,0.0,41.7658,-72.6734,2024,12,6,3
2024-12-06 04:00:00,0.0,0.0,0.0,0.0,-2.4,75,15.2,296,1006.7,17,17,0,0,0.0,0.0,41.7658,-72.6734,2024,12,6,4
2024-12-06 05:00:00,0.0,0.0,0.0,0.0,-3.1,74,14.6,294,1007.7,19,19,0,0,0.0,0.0,41.7658,-72.6734,2024,12,6,5
2024-12-06 06:00:00,0.0,0.0,0.0,0.0,-3.6,74,14.9,297,1008.7,2,2,0,0,0.0,0.0,41.7658,-72.6734,2024,12,6,6
2024-12-06 07:00:00,0.0,0.0,0.0,0.0,-4.3,75,15.1,303,1009.7,5,5,0,0,0.0,0.0,41.7658,-72.6734,2024,12,6,7
2024-12-06 08:00:00,0.0,0.0,0.0,0.0,-4.7,74,15.3,302,1011.0,55,55,0,0,0.0,0.0,41.7658,-72.6734,2024,12,6,8
2024-12-06 09:00:00,40.0,24.0,16.0,283.6,-3.8,62,19.7,299,1011.8,0,0,0,0,0.0,3054.52,41.7658,-72.6734,2024,12,6,9
2024-12-06 10:00:00,181.0,132.0,49.0,647.7,-3.9,60,20.8,302,1012.5,2,2,0,0,0.0,3600.0,41.7658,-72.6734,2024,12,6,10
2024-12-06 11:00:00,316.0,252.0,64.0,787.5,-3.8,59,20.1,304,1013.1,7,7,0,0,0.0,3600.0,41.7658,-72.6734,2024,12,6,11
2024-12-06 12:00:00,410.0,337.0,73.0,848.9,-3.4,57,17.5,306,1013.2,7,2,0,5,0.0,3600.0,41.7658,-72.6734,2024,12,6,12
2024-12-06 13:00:00,446.0,365.0,81.0,849.8,-3.0,55,16.1,304,1013.3,10,0,0,10,0.0,3600.0,41.7658,-72.6734,2024,12,6,13
2024-12-06 14:00:00,430.0,354.0,76.0,852.4,-2.6,52,16.4,302,1013.4,20,0,7,18,0.0,3600.0,41.7658,-72.6734,2024,12,6,14
2024-12-06 15:00:00,353.0,282.0,71.0,793.4,-2.7,51,17.5,306,1013.7,62,4,6,59,0.0,3600.0,41.7658,-72.6734,2024,12,6,15
2024-12-06 16:00:00,224.0,152.0,72.0,598.7,-3.0,56,16.3,304,1014.1,68,35,3,50,0.0,3600.0,41.7658,-72.6734,2024,12,6,16
2024-12-06 17:00:00,76.0,33.0,43.0,280.6,-3.5,64,11.4,293,1014.4,53,45,1,13,0.0,3600.0,41.7658,-72.6734,2024,12,6,17
2024-12-06 18:00:00,2.0,0.0,2.0,0.0,-3.9,67,9.7,280,1014.7,53,0,49,32,0.0,0.0,41.7658,-72.6734,2024,12,6,18
2024-12-06 19:00:00,0.0,0.0,0.0,0.0,-4.2,67,10.8,273,1015.0,62,0,58,38,0.0,0.0,41.7658,-72.6734,2024,12,6,19
2024-12-06 20:00:00,0.0,0.0,0.0,0.0,-4.2,66,10.6,273,1015.4,90,0,90,26,0.0,0.0,41.7658,-72.6734,2024,12,6,20
2024-12-06 21:00:00,0.0,0.0,0.0,0.0,-3.9,64,8.1,264,1015.3,75,0,75,0,0.0,0.0,41.7658,-72.6734,2024,12,6,21
2024-12-06 22:00:00,0.0,0.0,0.0,0.0,-4.2,67,8.3,257,1015.0,61,5,59,0,0.0,0.0,41.7658,-72.6734,2024,12,6,22
2024-12-06 23:00:00,0.0,0.0,0.0,0.0,-4.0,67,10.0,256,1014.9,48,2,47,0,0.0,0.0,41.7658,-72.6734,2024,12,6,23
2024-12-07 00:00:00,0.0,0.0,0.0,0.0,-4.1,68,10.0,252,1015.0,11,0,11,0,0.0,0.0,41.7658,-72.6734,2024,12,7,0
2024-12-07 01:00:00,0.0,0.0,0.0,0.0,-4.4,68,10.6,246,1014.8,1,0,1,0,0.0,0.0,41.7658,-72.6734,2024,12,7,1
2024-12-07 02:00:00,0.0,0.0,0.0,0.0,-4.4,68,11.5,243,1014.8,1,0,1,0,0.0,0.0,41.7658,-72.6734,2024,12,7,2
2024-12-07 03:00:00,0.0,0.0,0.0,0.0,-4.5,69,10.3,241,1014.5,0,0,0,0,0.0,0.0,41.7658,-72.6734,2024,12,7,3
2024-12-07 04:00:00,0.0,0.0,0.0,0.0,-4.7,73,9.7,242,1014.5,1,1,0,0,0.0,0.0,41.7658,-72.6734,2024,12,7,4
2024-12-07 05:00:00,0.0,0.0,0.0,0.0,-4.7,77,9.4,247,1014.5,2,2,0,0,0.0,0.0,41.7658,-72.6734,2024,12,7,5
2024-12-07 06:00:00,0.0,0.0,0.0,0.0,-4.7,80,8.4,247,1014.6,2,2,0,0,0.0,0.0,41.7658,-72.6734,2024,12,7,6
2024-12-07 07:00:00,0.0,0.0,0.0,0.0,-4.9,83,7.0,238,1014.7,0,0,0,0,0.0,0.0,41.7658,-72.6734,2024,12,7,7
2024-12-07 08:00:00,0.0,0.0,0.0,0.0,-5.6,83,5.9,230,1014.7,0,0,0,0,0.0,0.0,41.7658,-72.6734,2024,12,7,8
2024-12-07 09:00:00,37.0,21.0,16.0,252.2,-3.8,76,7.1,225,1015.3,1,0,1,0,0.0,2997.46,41.7658,-72.6734,2024,12,7,9
2024-12-07 10:00:00,172.0,123.0,49.0,611.2,-2.1,70,4.9,216,1015.6,2,0,2,0,0.0,3600.0,41.7658,-72.6734,2024,12,7,10
2024-12-07 11:00:00,306.0,240.0,66.0,755.6,-0.3,63,6.1,230,1015.8,1,0,1,0,0.0,3600.0,41.7658,-72.6734,2024,12,7,11
2024-12-07 12:00:00,398.0,322.0,76.0,815.5,1.0,59,7.3,250,1015.1,0,0,0,0,0.0,3600.0,41.7658,-72.6734,2024,12,7,12
2024-12-07 13:00:00,420.0,314.0,106.0,734.2,1.8,56,7.1,261,1014.4,0,0,0,0,0.0,3600.0,41.7658,-72.6734,2024,12,7,13
2024-12-07 14:00:00,420.0,344.0,76.0,831.2,2.3,56,6.5,262,1013.7,0,0,0,0,0.0,3600.0,41.7658,-72.6734,2024,12,7,14
2024-12-07 15:00:00,348.0,277.0,71.0,781.7,2.4,56,8.1,265,1013.4,66,29,2,52,0.0,3600.0,41.7658,-72.6734,2024,12,7,15
2024-12-07 16:00:00,221.0,153.0,68.0,604.3,1.6,62,5.3,242,1013.1,59,28,39,17,0.0,3600.0,41.7658,-72.6734,2024,12,7,16
2024-12-07 17:00:00,81.0,47.0,34.0,400.8,-0.7,65,3.4,212,1013.2,66,48,25,18,0.0,3600.0,41.7658,-72.6734,2024,12,7,17
2024-12-07 18:00:00,2.0,0.0,2.0,0.0,-1.5,70,5.8,216,1013.2,77,12,66,32,0.0,0.0,41.7658,-72.6734,2024,12,7,18
2024-12-07 19:00:00,0.0,0.0,0.0,0.0,-0.8,72,7.1,229,1013.1,100,71,100,27,0.0,0.0,41.7658,-72.6734,2024,12,7,19
2024-12-07 20:00:00,0.0,0.0,0.0,0.0,-0.5,75,6.9,221,1013.2,98,21,97,25,0.0,0.0,41.7658,-72.6734,2024,12,7,20
2024-12-07 21:00:00,0.0,0.0,0.0,0.0,-0.6,66,7.1,216,1012.9,100,0,98,88,0.0,0.0,41.7658,-72.6734,2024,12,7,21
2024-12-07 22:00:00,0.0,0.0,0.0,0.0,-0.2,64,9.5,202,1012.1,100,0,100,100,0.0,0.0,41.7658,-72.6734,2024,12,7,22
2024-12-07 23:00:00,0.0,0.0,0.0,0.0,-0.1,63,10.6,199,1011.4,100,0,100,100,0.0,0.0,41.7658,-72.6734,2024,12,7,23
2024-12-08 00:00:00,0.0,0.0,0.0,0.0,0.0,65,13.2,197,1011.0,100,11,100,100,0.1,0.0,41.7658,-72.6734,2024,12,8,0
2024-12-08 01:00:00,0.0,0.0,0.0,0.0,-0.2,74,14.9,201,1010.0,100,11,100,100,0.3,0.0,41.7658,-72.6734,2024,12,8,1
2024-12-08 02:00:00,0.0,0.0,0.0,0.0,-0.1,80,15.9,200,1009.3,100,10,100,100,0.4,0.0,41.7658,-72.6734,2024,12,8,2
2024-12-08 03:00:00,0.0,0.0,0.0,0.0,0.3,80,16.0,197,1008.1,100,4,100,100,0.4,0.0,41.7658,-72.6734,2024,12,8,3
2024-12-08 04:00:00,0.0,0.0,0.0,0.0,1.0,71,16.6,204,1006.8,100,14,99,68,0.0,0.0,41.7658,-72.6734,2024,12,8,4
2024-12-08 05:00:00,0.0,0.0,0.0,0.0,1.4,64,15.8,201,1005.2,100,0,100,100,0.0,0.0,41.7658,-72.6734,2024,12,8,5
2024-12-08 06:00:00,0.0,0.0,0.0,0.0,1.6,62,16.0,205,1003.9,100,0,100,97,0.0,0.0,41.7658,-72.6734,2024,12,8,6
2024-12-08 07:00:00,0.0,0.0,0.0,0.0,1.8,62,16.9,207,1002.9,100,0,100,99,0.0,0.0,41.7658,-72.6734,2024,12,8,7
2024-12-08 08:00:00,0.0,0.0,0.0,0.0,2.0,62,15.4,212,1002.7,100,0,100,14,0.0,0.0,41.7658,-72.6734,2024,12,8,8
2024-12-08 09:00:00,8.0,0.0,8.0,0.0,2.5,60,13.1,203,1002.9,92,0,90,28,0.0,0.0,41.7658,-72.6734,2024,12,8,9
2024-12-08 10:00:00,88.0,20.0,68.0,100.6,3.7,55,14.9,210,1002.7,29,0,29,0,0.0,1218.74,41.7658,-72.6734,2024,12,8,10
2024-12-08 11:00:00,257.0,179.0,78.0,567.7,5.3,52,13.4,207,1003.0,1,0,1,0,0.0,3600.0,41.7658,-72.6734,2024,12,8,11
2024-12-08 12:00:00,378.0,304.0,74.0,773.9,6.4,54,12.5,188,1002.6,45,1,2,43,0.0,3600.0,41.7658,-72.6734,2024,12,8,12
2024-12-08 13:00:00,411.0,321.0,90.0,753.5,7.5,52,12.1,195,1002.2,100,38,33,100,0.0,3600.0,41.7658,-72.6734,2024,12,8,13
2024-12-08 14:00:00,304.0,156.0,148.0,378.1,8.0,52,14.1,226,1002.2,100,48,30,99,0.0,3600.0,41.7658,-72.6734,2024,12,8,14
2024-12-08 15:00:00,261.0,131.0,130.0,370.7,8.2,53,15.7,240,1002.4,92,60,0,79,0.0,3600.0,41.7658,-72.6734,2024,12,8,15
2024-12-08 16:00:00,178.0,101.0,77.0,399.8,7.6,57,12.3,238,1003.2,68,54,0,31,0.0,3600.0,41.7658,-72.6734,2024,12,8,16
2024-12-08 17:00:00,73.0,42.0,31.0,358.8,6.2,64,10.7,228,1004.3,53,53,0,0,0.0,3600.0,41.7658,-72.6734,2024,12,8,17
2024-12-08 18:00:00,2.0,0.0,2.0,0.0,5.0,71,10.6,230,1005.7,90,90,0,0,0.0,0.0,41.7658,-72.6734,2024,12,8,18
2024-12-08 19:00:00,0.0,0.0,0.0,0.0,4.8,73,10.8,234,1007.1,100,100,1,23,0.0,0.0,41.7658,-72.6734,2024,12,8,19
2024-12-08 20:00:00,0.0,0.0,0.0,0.0,4.9,74,11.2,246,1008.2,100,100,0,71,0.0,0.0,41.7658,-72.6734,2024,12,8,20
2024-12-08 21:00:00,0.0,0.0,0.0,0.0,4.6,71,13.6,255,1009.2,70,62,3,22,0.0,0.0,41.7658,-72.6734,2024,12,8,21
2024-12-08 22:00:00,0.0,0.0,0.0,0.0,4.9,70,14.6,271,1010.1,45,6,0,42,0.0,0.0,41.7658,-72.6734,2024,12,8,22
2024-12-08 23:00:00,0.0,0.0,0.0,0.0,4.9,71,12.9,279,1010.0,63,4,0,62,0.0,0.0,41.7658,-72.6734,2024,12,8,23
2024-12-09 00:00:00,0.0,0.0,0.0,0.0,3.7,77,8.7,291,1010.4,100,1,0,100,0.0,0.0,41.7658,-72.6734,2024,12,9,0
2024-12-09 01:00:00,0.0,0.0,0.0,0.0,2.1,83,5.3,260,1011.4,73,0,6,72,0.0,0.0,41.7658,-72.6734,2024,12,9,1
2024-12-09 02:00:00,0.0,0.0,0.0,0.0,1.4,86,3.3,234,1012.0,25,0,20,13,0.0,0.0,41.7658,-72.6734,2024,12,9,2
2024-12-09 03:00:00,0.0,0.0,0.0,0.0,0.8,87,3.2,214,1012.6,6,0,5,2,0.0,0.0,41.7658,-72.6734,2024,12,9,3
2024-12-09 04:00:00,0.0,0.0,0.0,0.0,0.2,88,2.7,188,1013.1,27,0,27,0,0.0,0.0,41.7658,-72.6734,2024,12,9,4
2024-12-09 05:00:00,0.0,0.0,0.0,0.0,0.3,89,5.6,222,1013.4,84,1,12,82,0.0,0.0,41.7658,-72.6734,2024,12,9,5
2024-12-09 06:00:00,0.0,0.0,0.0,0.0,0.1,89,3.2,117,1012.9,100,0,3,100,0.0,0.0,41.7658,-72.6734,2024,12,9,6
2024-12-09 07:00:00,0.0,0.0,0.0,0.0,-0.3,90,1.9,253,1014.3,71,0,18,65,0.0,0.0,41.7658,-72.6734,2024,12,9,7
2024-12-09 08:00:00,0.0,0.0,0.0,0.0,-0.3,90,0.6,146,1014.8,83,0,69,46,0.0,0.0,41.7658,-72.6734,2024,12,9,8
2024-12-09 09:00:00,31.0,14.0,17.0,173.6,0.5,86,2.9,176,1014.8,100,0,39,100,0.0,2887.69,41.7658,-72.6734,2024,12,9,9
2024-12-09 10:00:00,131.0,64.0,67.0,325.9,2.5,81,2.2,132,1015.1,100,0,0,100,0.0,3600.0,41.7658,-72.6734,2024,12,9,10
2024-12-09 11:00:00,230.0,105.0,125.0,335.3,4.9,75,1.1,108,1015.0,77,0,0,77,0.0,3600.0,41.7658,-72.6734,2024,12,9,11
2024-12-09 12:00:00,370.0,296.0,74.0,757.2,7.6,66,2.7,113,1014.1,100,0,18,100,0.0,3600.0,41.7658,-72.6734,2024,12,9,12
2024-12-09 13:00:00,350.0,183.0,167.0,431.2,8.9,60,6.1,113,1012.9,100,0,100,100,0.0,3600.0,41.7658,-72.6734,2024,12,9,13
2024-12-09 14:00:00,80.0,1.0,79.0,2.4,7.7,67,7.0,80,1012.1,100,0,100,100,0.0,0.0,41.7658,-72.6734,2024,12,9,14
2024-12-09 15:00:00,65.0,0.0,65.0,0.0,7.5,69,7.9,78,1011.0,100,0,100,100,0.0,0.0,41.7658,-72.6734,2024,12,9,15
2024-12-09 16:00:00,29.0,0.0,29.0,0.0,5.9,85,6.4,58,1011.0,100,0,100,100,0.7,0.0,41.7658,-72.6734,2024,12,9,16
2024-12-09 17:00:00,8.0,0.0,8.0,0.0,4.7,93,10.7,40,1011.1,100,99,100,100,1.5,0.0,41.7658,-72.6734,2024,12,9,17
2024-12-09 18:00:00,0.0,0.0,0.0,0.0,4.3,95,11.8,47,1010.7,100,100,100,100,2.7,0.0,41.7658,-72.6734,2024,12,9,18
2024-12-09 19:00:00,0.0,0.0,0.0,0.0,4.3,95,9.3,44,1009.9,100,100,100,100,1.3,0.0,41.7658,-72.6734,2024,12,9,19
2024-12-09 20:00:00,0.0,0.0,0.0,0.0,4.1,97,7.4,1,1010.4,100,100,100,67,0.7,0.0,41.7658,-72.6734,2024,12,9,20
2024-12-09 21:00:00,0.0,0.0,0.0,0.0,3.8,97,9.4,356,1011.5,100,100,17,18,0.5,0.0,41.7658,-72.6734,2024,12,9,21
2024-12-09 22:00:00,0.0,0.0,0.0,0.0,3.6,96,11.8,352,1011.8,100,100,20,0,0.1,0.0,41.7658,-72.6734,2024,12,9,22
2024-12-09 23:00:00,0.0,0.0,0.0,0.0,3.5,96,11.2,344,1012.3,100,100,11,0,0.0,0.0,41.7658,-72.6734,2024,12,9,23
2024-12-10 00:00:00,0.0,0.0,0.0,0.0,3.4,97,11.9,359,1012.7,100,100,5,87,0.0,0.0,41.7658,-72.6734,2024,12,10,0
2024-12-10 01:00:00,0.0,0.0,0.0,0.0,3.2,97,12.4,3,1012.8,100,100,65,100,0.1,0.0,41.7658,-72.6734,2024,12,10,1
2024-12-10 02:00:00,0.0,0.0,0.0,0.0,3.1,97,13.3,359,1013.0,100,100,0,100,0.1,0.0,41.7658,-72.6734,2024,12,10,2
2024-12-10 03:00:00,0.0,0.0,0.0,0.0,2.9,97,12.6,2,1013.8,100,100,1,100,0.0,0.0,41.7658,-72.6734,2024,12,10,3
2024-12-10 04:00:00,0.0,0.0,0.0,0.0,2.8,97,12.1,3,1014.4,100,100,2,100,0.0,0.0,41.7658,-72.6734,2024,12,10,4
2024-12-10 05:00:00,0.0,0.0,0.0,0.0,2.6,97,13.2,2,1014.6,100,100,45,98,0.0,0.0,41.7658,-72.6734,2024,12,10,5
2024-12-10 06:00:00,0.0,0.0,0.0,0.0,2.5,96,12.1,7,1014.6,100,100,100,80,0.0,0.0,41.7658,-72.6734,2024,12,10,6
2024-12-10 07:00:00,0.0,0.0,0.0,0.0,2.4,96,10.3,355,1014.9,100,100,100,49,0.0,0.0,41.7658,-72.6734,2024,12,10,7
2024-12-10 08:00:00,0.0,0.0,0.0,0.0,2.4,96,9.6,352,1015.6,100,100,9,75,0.0,0.0,41.7658,-72.6734,2024,12,10,8
2024-12-10 09:00:00,9.0,0.0,9.0,0.0,2.7,95,9.9,9,1016.8,100,100,100,61,0.0,0.0,41.7658,-72.6734,2024,12,10,9
2024-12-10 10:00:00,35.0,0.0,35.0,0.0,3.0,92,9.6,26,1017.6,100,100,97,88,0.0,0.0,41.7658,-72.6734,2024,12,10,10
2024-12-10 11:00:00,74.0,4.0,70.0,12.9,3.2,91,8.6,36,1018.1,100,100,100,100,0.0,0.0,41.7658,-72.6734,2024,12,10,11
2024-12-10 12:00:00,82.0,0.0,82.0,0.0,3.4,90,8.3,46,1017.5,100,100,95,99,0.0,0.0,41.7658,-72.6734,2024,12,10,12
2024-12-10 13:00:00,107.0,1.0,106.0,2.4,4.2,87,8.4,53,1016.4,100,100,100,97,0.0,0.0,41.7658,-72.6734,2024,12,10,13
2024-12-10 14:00:00,83.0,0.0,83.0,0.0,4.7,84,6.5,51,1016.1,100,100,87,99,0.0,0.0,41.7658,-72.6734,2024,12,10,14
2024-12-10 15:00:00,86.0,4.0,82.0,11.4,5.4,82,5.6,69,1015.6,100,100,100,69,0.0,0.0,41.7658,-72.6734,2024,12,10,15
2024-12-10 16:00:00,45.0,1.0,44.0,4.0,5.5,84,4.6,45,1015.5,100,100,55,58,0.1,0.0,41.7658,-72.6734,2024,12,10,16
2024-12-10 17:00:00,24.0,1.0,23.0,8.6,5.1,87,6.6,21,1015.5,100,100,1,84,0.0,0.0,41.7658,-72.6734,2024,12,10,17
2024-12-10 18:00:00,1.0,0.0,1.0,0.0,4.9,88,6.7,34,1015.3,100,100,6,86,0.0,0.0,41.7658,-72.6734,2024,12,10,18
2024-12-10 19:00:00,0.0,0.0,0.0,0.0,5.1,89,5.2,41,1015.3,100,100,57,80,0.0,0.0,41.7658,-72.6734,2024,12,10,19
2024-12-10 20:00:00,0.0,0.0,0.0,0.0,5.4,90,7.3,65,1014.8,100,100,100,100,0.0,0.0,41.7658,-72.6734,2024,12,10,20
2024-12-10 21:00:00,0.0,0.0,0.0,0.0,4.0,92,6.4,38,1015.1,100,100,100,100,0.0,0.0,41.7658,-72.6734,2024,12,10,21
2024-12-10 22:00:00,0.0,0.0,0.0,0.0,4.2,92,6.4,50,1014.1,100,100,100,100,0.0,0.0,41.7658,-72.6734,2024,12,10,22
2024-12-10 23:00:00,0.0,0.0,0.0,0.0,4.5,92,6.7,71,1013.6,100,100,95,100,0.1,0.0,41.7658,-72.6734,2024,12,10,23
2024-12-11 00:00:00,0.0,0.0,0.0,0.0,5.0,94,7.2,104,1012.6,100,100,70,100,0.1,0.0,41.7658,-72.6734,2024,12,11,0
2024-12-11 01:00:00,0.0,0.0,0.0,0.0,5.1,96,4.2,78,1011.8,100,100,100,100,0.3,0.0,41.7658,-72.6734,2024,12,11,1
2024-12-11 02:00:00,0.0,0.0,0.0,0.0,5.5,97,3.7,35,1010.6,100,100,70,100,0.5,0.0,41.7658,-72.6734,2024,12,11,2
2024-12-11 03:00:00,0.0,0.0,0.0,0.0,5.8,97,3.6,3,1010.1,100,100,99,100,0.6,0.0,41.7658,-72.6734,2024,12,11,3
2024-12-11 04:00:00,0.0,0.0,0.0,0.0,6.0,97,5.6,360,1009.2,100,100,100,100,0.8,0.0,41.7658,-72.6734,2024,12,11,4
2024-12-11 05:00:00,0.0,0.0,0.0,0.0,6.0,97,2.8,349,1008.2,100,100,100,100,1.7,0.0,41.7658,-72.6734,2024,12,11,5
2024-12-11 06:00:00,0.0,0.0,0.0,0.0,6.0,95,3.1,306,1007.6,100,100,100,100,1.1,0.0,41.7658,-72.6734,2024,12,11,6
2024-12-11 07:00:00,0.0,0.0,0.0,0.0,6.1,94,0.6,342,1006.8,100,43,100,100,0.4,0.0,41.7658,-72.6734,2024,12,11,7
2024-12-11 08:00:00,0.0,0.0,0.0,0.0,7.7,92,2.6,146,1006.5,100,0,100,100,2.8,0.0,41.7658,-72.6734,2024,12,11,8
2024-12-11 09:00:00,2.0,0.0,2.0,0.0,5.2,95,5.2,70,1005.8,100,17,100,100,3.7,0.0,41.7658,-72.6734,2024,12,11,9
2024-12-11 10:00:00,15.0,0.0,15.0,0.0,8.0,100,8.6,181,1005.2,100,96,100,100,1.0,0.0,41.7658,-72.6734,2024,12,11,10
2024-12-11 11:00:00,57.0,0.0,57.0,0.0,12.6,98,17.5,166,1004.0,100,100,100,100,1.0,0.0,41.7658,-72.6734,2024,12,11,11
2024-12-11 12:00:00,56.0,0.0,56.0,0.0,14.1,98,18.9,173,1001.7,100,100,100,100,1.2,0.0,41.7658,-72.6734,2024,12,11,12
2024-12-11 13:00:00,45.0,0.0,45.0,0.0,14.7,97,24.7,178,999.9,100,100,100,100,1.2,0.0,41.7658,-72.6734,2024,12,11,13
2024-12-11 14:00:00,56.0,0.0,56.0,0.0,15.4,95,24.7,183,998.6,100,100,100,100,0.1,0.0,41.7658,-72.6734,2024,12,11,14
2024-12-11 15:00:00,45.0,0.0,45.0,0.0,15.1,97,27.7,179,997.1,100,100,100,100,1.8,0.0,41.7658,-72.6734,2024,12,11,15
2024-12-11 16:00:00,33.0,0.0,33.0,0.0,15.1,97,27.2,180,995.7,100,100,100,100,2.6,0.0,41.7658,-72.6734,2024,12,11,16
2024-12-11 17:00:00,9.0,0.0,9.0,0.0,15.0,97,28.7,190,995.5,100,99,100,100,2.6,0.0,41.7658,-72.6734,2024,12,11,17
2024-12-11 18:00:00,0.0,0.0,0.0,0.0,14.6,97,23.8,188,994.2,100,30,100,100,2.0,0.0,41.7658,-72.6734,2024,12,11,18
2024-12-11 19:00:00,0.0,0.0,0.0,0.0,14.2,97,21.7,193,994.6,100,92,100,100,2.1,0.0,41.7658,-72.6734,2024,12,11,19
2024-12-11 20:00:00,0.0,0.0,0.0,0.0,13.9,97,18.5,181,992.6,100,11,100,100,2.3,0.0,41.7658,-72.6734,2024,12,11,20
2024-12-11 21:00:00,0.0,0.0,0.0,0.0,13.3,96,26.5,190,992.4,100,63,100,100,2.9,0.0,41.7658,-72.6734,2024,12,11,21
2024-12-11 22:00:00,0.0,0.0,0.0,0.0,12.8,95,24.5,215,992.7,100,77,100,100,4.5,0.0,41.7658,-72.6734,2024,12,11,22
2024-12-11 23:00:00,0.0,0.0,0.0,0.0,6.6,88,20.0,318,994.8,100,24,100,99,3.7,0.0,41.7658,-72.6734,2024,12,11,23
2024-12-12 00:00:00,0.0,0.0,0.0,0.0,5.6,87,16.4,308,995.5,100,100,91,21,0.2,0.0,41.7658,-72.6734,2024,12,12,0
2024-12-12 01:00:00,0.0,0.0,0.0,0.0,4.7,79,18.1,294,998.6,100,100,100,0,0.1,0.0,41.7658,-72.6734,2024,12,12,1
2024-12-12 02:00:00,0.0,0.0,0.0,0.0,4.0,74,16.4,293,999.9,98,6,98,0,0.2,0.0,41.7658,-72.6734,2024,12,12,2
2024-12-12 03:00:00,0.0,0.0,0.0,0.0,3.8,69,16.8,282,1001.2,26,11,17,0,0.0,0.0,41.7658,-72.6734,2024,12,12,3
2024-12-12 04:00:00,0.0,0.0,0.0,0.0,3.3,69,14.8,272,1003.5,2,2,0,0,0.0,0.0,41.7658,-72.6734,2024,12,12,4
2024-12-12 05:00:00,0.0,0.0,0.0,0.0,2.7,72,14.3,250,1005.3,4,4,0,0,0.0,0.0,41.7658,-72.6734,2024,12,12,5
2024-12-12 06:00:00,0.0,0.0,0.0,0.0,1.8,64,19.1,252,1007.0,3,3,0,0,0.0,0.0,41.7658,-72.6734,2024,12,12,6
2024-12-12 07:00:00,0.0,0.0,0.0,0.0,1.2,62,17.3,253,1008.6,0,0,0,0,0.0,0.0,41.7658,-72.6734,2024,12,12,7
2024-12-12 08:00:00,0.0,0.0,0.0,0.0,0.5,62,17.0,243,1010.1,0,0,0,0,0.0,0.0,41.7658,-72.6734,2024,12,12,8
2024-12-12 09:00:00,30.0,17.0,13.0,220.6,2.0,57,18.1,243,1010.7,0,0,0,0,0.0,2735.98,41.7658,-72.6734,2024,12,12,9
2024-12-12 10:00:00,160.0,117.0,43.0,616.5,2.8,56,16.2,228,1012.1,2,2,0,0,0.0,3600.0,41.7658,-72.6734,2024,12,12,10
2024-12-12 11:00:00,290.0,230.0,60.0,748.8,3.8,45,25.6,249,1012.9,51,50,24,0,0.0,3600.0,41.7658,-72.6734,2024,12,12,11
2024-12-12 12:00:00,301.0,187.0,114.0,484.7,4.1,46,24.0,241,1013.1,100,100,94,0,0.0,3600.0,41.7658,-72.6734,2024,12,12,12
2024-12-12 13:00:00,152.0,15.0,137.0,35.7,3.7,42,22.5,242,1013.3,40,39,26,0,0.0,0.0,41.7658,-72.6734,2024,12,12,13
2024-12-12 14:00:00,330.0,218.0,112.0,533.8,4.1,31,21.6,248,1013.6,0,0,0,0,0.0,3600.0,41.7658,-72.6734,2024,12,12,14
2024-12-12 15:00:00,348.0,278.0,70.0,792.5,3.7,33,21.3,261,1014.1,1,1,0,0,0.0,3600.0,41.7658,-72.6734,2024,12,12,15
2024-12-12 16:00:00,215.0,151.0,64.0,600.5,2.7,40,20.3,272,1015.3,18,18,1,0,0.0,3600.0,41.7658,-72.6734,2024,12,12,16
2024-12-12 17:00:00,80.0,46.0,34.0,392.5,1.2,41,18.0,272,1017.1,0,0,0,0,0.0,3600.0,41.7658,-72.6734,2024,12,12,17
2024-12-12 18:00:00,3.0,1.0,2.0,19.1,-0.3,39,17.5,278,1019.2,0,0,0,0,0.0,0.0,41.7658,-72.6734,2024,12,12,18
2024-12-12 19:00:00,0.0,0.0,0.0,0.0,-1.1,43,15.4,263,1020.9,11,0,0,11,0.0,0.0,41.7658,-72.6734,2024,12,12,19
2024-12-12 20:00:00,0.0,0.0,0.0,0.0,-1.8,47,13.1,262,1022.5,39,1,0,38,0.0,0.0,41.7658,-72.6734,2024,12,12,20
2024-12-12 21:00:00,0.0,0.0,0.0,0.0,-1.4,49,10.7,254,1022.9,76,2,0,75,0.0,0.0,41.7658,-72.6734,2024,12,12,21
2024-12-12 22:00:00,0.0,0.0,0.0,0.0,-1.8,52,9.6,265,1024.0,0,0,0,0,0.0,0.0,41.7658,-72.6734,2024,12,12,22
2024-12-12 23:00:00,0.0,0.0,0.0,0.0,-2.4,54,8.8,261,1024.9,0,0,0,0,0.0,0.0,41.7658,-72.6734,2024,12,12,23
2024-12-13 00:00:00,0.0,0.0,0.0,0.0,-2.9,58,8.0,254,1025.8,0,0,0,0,0.0,0.0,41.7658,-72.6734,2024,12,13,0
2024-12-13 01:00:00,0.0,0.0,0.0,0.0,-3.3,57,8.2,256,1026.0,0,0,0,0,0.0,0.0,41.7658,-72.6734,2024,12,13,1
2024-12-13 02:00:00,0.0,0.0,0.0,0.0,-3.5,56,8.7,264,1026.4,0,0,0,0,0.0,0.0,41.7658,-72.6734,2024,12,13,2
2024-12-13 03:00:00,0.0,0.0,0.0,0.0,-3.7,58,7.3,261,1026.9,13,0,13,0,0.0,0.0,41.7658,-72.6734,2024,12,13,3
2024-12-13 04:00:00,0.0,0.0,0.0,0.0,-3.8,60,6.9,256,1027.4,10,0,10,0,0.0,0.0,41.7658,-72.6734,2024,12,13,4
2024-12-13 05:00:00,0.0,0.0,0.0,0.0,-4.0,61,6.9,250,1027.6,35,0,35,0,0.0,0.0,41.7658,-72.6734,2024,12,13,5
2024-12-13 06:00:00,0.0,0.0,0.0,0.0,-4.1,62,6.6,248,1028.0,37,0,37,0,0.0,0.0,41.7658,-72.6734,2024,12,13,6
2024-12-13 07:00:00,0.0,0.0,0.0,0.0,-4.2,61,7.0,249,1028.7,19,0,19,0,0.0,0.0,41.7658,-72.6734,2024,12,13,7
2024-12-13 08:00:00,0.0,0.0,0.0,0.0,-4.2,60,7.2,257,1029.7,0,0,0,0,0.0,0.0,41.7658,-72.6734,2024,12,13,8
2024-12-13 09:00:00,29.0,17.0,12.0,223.8,-3.7,57,7.3,280,1030.6,0,0,0,0,0.0,2689.38,41.7658,-72.6734,2024,12,13,9
2024-12-13 10:00:00,160.0,116.0,44.0,617.7,-2.6,51,8.2,296,1031.9,0,0,0,0,0.0,3600.0,41.7658,-72.6734,2024,12,13,10
2024-12-13 11:00:00,291.0,232.0,59.0,759.7,-1.5,46,10.4,316,1032.8,0,0,0,0,0.0,3600.0,41.7658,-72.6734,2024,12,13,11
2024-12-13 12:00:00,385.0,318.0,67.0,827.4,-1.0,42,12.6,313,1033.0,0,0,0,0,0.0,3600.0,41.7658,-72.6734,2024,12,13,12
2024-12-13 13:00:00,429.0,359.0,70.0,856.4,-0.8,37,13.1,307,1032.8,0,0,0,0,0.0,3600.0,41.7658,-72.6734,2024,12,13,13
2024-12-13 14:00:00,417.0,349.0,68.0,856.2,-0.5,36,12.7,310,1032.9,0,0,0,0,0.0,3600.0,41.7658,-72.6734,2024,12,13,14
2024-12-13 15:00:00,348.0,286.0,62.0,816.2,-0.3,36,12.5,313,1033.0,0,0,0,0,0.0,3600.0,41.7658,-72.6734,2024,12,13,15
2024-12-13 16:00:00,231.0,179.0,52.0,711.8,-0.5,37,12.4,318,1033.5,0,0,0,0,0.0,3600.0,41.7658,-72.6734,2024,12,13,16
2024-12-13 17:00:00,89.0,59.0,30.0,502.2,-1.4,42,10.2,316,1034.5,0,0,0,0,0.0,3600.0,41.7658,-72.6734,2024,12,13,17
2024-12-13 18:00:00,3.0,1.0,2.0,19.1,-2.5,48,10.6,316,1035.3,0,0,0,0,0.0,0.0,41.7658,-72.6734,2024,12,13,18
2024-12-13 19:00:00,0.0,0.0,0.0,0.0,-3.0,52,10.7,316,1036.2,0,0,0,0,0.0,0.0,41.7658,-72.6734,2024,12,13,19
2024-12-13 20:00:00,0.0,0.0,0.0,0.0,-3.4,56,9.5,321,1037.3,0,0,0,0,0.0,0.0,41.7658,-72.6734,2024,12,13,20
2024-12-13 21:00:00,0.0,0.0,0.0,0.0,-3.6,55,7.8,314,1038.4,0,0,0,0,0.0,0.0,41.7658,-72.6734,2024,12,13,21
2024-12-13 22:00:00,0.0,0.0,0.0,0.0,-3.9,58,6.0,303,1038.7,0,0,0,0,0.0,0.0,41.7658,-72.6734,2024,12,13,22
2024-12-13 23:00:00,0.0,0.0,0.0,0.0,-4.1,63,3.8,289,1039.3,0,0,0,0,0.0,0.0,41.7658,-72.6734,2024,12,13,23
2024-12-14 00:00:00,0.0,0.0,0.0,0.0,-4.2,65,3.1,263,1039.9,0,0,0,0,0.0,0.0,41.7658,-72.6734,2024,12,14,0
2024-12-14 01:00:00,0.0,0.0,0.0,0.0,-4.1,63,4.6,279,1039.9,0,0,0,0,0.0,0.0,41.7658,-72.6734,2024,12,14,1
2024-12-14 02:00:00,0.0,0.0,0.0,0.0,-4.1,62,6.8,302,1040.0,0,0,0,0,0.0,0.0,41.7658,-72.6734,2024,12,14,2
2024-12-14 03:00:00,0.0,0.0,0.0,0.0,-4.2,61,8.4,318,1040.6,0,0,0,0,0.0,0.0,41.7658,-72.6734,2024,12,14,3
2024-12-14 04:00:00,0.0,0.0,0.0,0.0,-4.4,63,8.6,331,1041.1,0,0,0,0,0.0,0.0,41.7658,-72.6734,2024,12,14,4
2024-12-14 05:00:00,0.0,0.0,0.0,0.0,-4.6,65,7.8,341,1041.2,0,0,0,0,0.0,0.0,41.7658,-72.6734,2024,12,14,5
2024-12-14 06:00:00,0.0,0.0,0.0,0.0,-4.7,69,6.6,344,1041.6,0,0,0,0,0.0,0.0,41.7658,-72.6734,2024,12,14,6
2024-12-14 07:00:00,0.0,0.0,0.0,0.0,-4.8,70,5.4,339,1042.3,0,0,0,0,0.0,0.0,41.7658,-72.6734,2024,12,14,7
2024-12-14 08:00:00,0.0,0.0,0.0,0.0,-4.8,70,4.7,337,1043.0,0,0,0,0,0.0,0.0,41.7658,-72.6734,2024,12,14,8
2024-12-14 09:00:00,28.0,16.0,12.0,213.5,-6.1,71,4.1,322,1044.2,0,0,0,0,0.0,2645.0,41.7658,-72.6734,2024,12,14,9
2024-12-14 10:00:00,157.0,113.0,44.0,607.8,-4.7,60,4.0,328,1044.5,0,0,0,0,0.0,3600.0,41.7658,-72.6734,2024,12,14,10
2024-12-14 11:00:00,290.0,231.0,59.0,760.5,-3.0,52,3.7,349,1044.7,0,0,0,0,0.0,3600.0,41.7658,-72.6734,2024,12,14,11
2024-12-14 12:00:00,385.0,319.0,66.0,833.0,-1.5,43,4.1,347,1044.0,0,0,0,0,0.0,3600.0,41.7658,-72.6734,2024,12,14,12
2024-12-14 13:00:00,429.0,360.0,69.0,860.9,-0.4,37,4.8,347,1043.1,0,0,0,0,0.0,3600.0,41.7658,-72.6734,2024,12,14,13
2024-12-14 14:00:00,415.0,347.0,68.0,852.6,0.4,33,5.2,358,1042.3,0,0,0,0,0.0,3600.0,41.7658,-72.6734,2024,12,14,14
2024-12-14 15:00:00,346.0,284.0,62.0,811.0,0.6,34,6.4,10,1041.7,0,0,0,0,0.0,3600.0,41.7658,-72.6734,2024,12,14,15
2024-12-14 16:00:00,231.0,179.0,52.0,711.6,0.3,35,6.2,17,1041.7,0,0,0,0,0.0,3600.0,41.7658,-72.6734,2024,12,14,16
2024-12-14 17:00:00,90.0,60.0,30.0,508.9,-1.5,52,2.9,30,1042.2,0,0,0,0,0.0,3600.0,41.7658,-72.6734,2024,12,14,17
2024-12-14 18:00:00,3.0,1.0,2.0,19.1,-2.3,50,2.4,42,1042.6,0,0,0,0,0.0,0.0,41.7658,-72.6734,2024,12,14,18
2024-12-14 19:00:00,0.0,0.0,0.0,0.0,-2.9,49,3.1,24,1042.8,0,0,0,0,0.0,0.0,41.7658,-72.6734,2024,12,14,19
2024-12-14 20:00:00,0.0,0.0,0.0,0.0,-3.5,53,4.0,3,1043.0,0,0,0,0,0.0,0.0,41.7658,-72.6734,2024,12,14,20
2024-12-14 21:00:00,0.0,0.0,0.0,0.0,-4.4,67,3.8,357,1042.8,1,0,0,1,0.0,0.0,41.7658,-72.6734,2024,12,14,21
2024-12-14 22:00:00,0.0,0.0,0.0,0.0,-4.7,69,4.6,11,1042.8,0,0,0,0,0.0,0.0,41.7658,-72.6734,2024,12,14,22
2024-12-14 23:00:00,0.0,0.0,0.0,0.0,-4.6,68,5.6,17,1042.7,0,0,0,0,0.0,0.0,41.7658,-72.6734,2024,12,14,23
2024-12-15 00:00:00,0.0,0.0,0.0,0.0,-5.1,69,5.1,17,1042.7,0,0,0,0,0.0,0.0,41.7658,-72.6734,2024,12,15,0
2024-12-15 01:00:00,0.0,0.0,0.0,0.0,-5.6,72,4.5,7,1042.4,0,0,0,0,0.0,0.0,41.7658,-72.6734,2024,12,15,1
2024-12-15 02:00:00,0.0,0.0,0.0,0.0,-6.0,75,4.3,15,1041.9,76,0,0,76,0.0,0.0,41.7658,-72.6734,2024,12,15,2
2024-12-15 03:00:00,0.0,0.0,0.0,0.0,-6.2,77,4.7,9,1041.8,28,0,0,28,0.0,0.0,41.7658,-72.6734,2024,12,15,3
2024-12-15 04:00:00,0.0,0.0,0.0,0.0,-6.3,79,5.6,360,1042.0,85,0,0,85,0.0,0.0,41.7658,-72.6734,2024,12,15,4
2024-12-15 05:00:00,0.0,0.0,0.0,0.0,-6.5,80,6.7,14,1041.7,62,0,0,62,0.0,0.0,41.7658,-72.6734,2024,12,15,5
2024-12-15 06:00:00,0.0,0.0,0.0,0.0,-6.8,80,6.9,23,1041.3,78,0,0,78,0.0,0.0,41.7658,-72.6734,2024,12,15,6
2024-12-15 07:00:00,0.0,0.0,0.0,0.0,-7.1,82,5.1,4,1041.1,89,0,0,89,0.0,0.0,41.7658,-72.6734,2024,12,15,7
2024-12-15 08:00:00,0.0,0.0,0.0,0.0,-7.3,84,6.1,3,1041.3,83,0,0,83,0.0,0.0,41.7658,-72.6734,2024,12,15,8
2024-12-15 09:00:00,26.0,13.0,13.0,175.7,-8.3,83,7.3,11,1041.9,98,2,0,98,0.0,2602.95,41.7658,-72.6734,2024,12,15,9
2024-12-15 10:00:00,147.0,96.0,51.0,521.3,-6.6,72,5.0,2,1042.0,98,6,0,98,0.0,3600.0,41.7658,-72.6734,2024,12,15,10
2024-12-15 11:00:00,266.0,184.0,82.0,608.8,-4.4,59,4.9,358,1041.8,100,5,0,100,0.0,3600.0,41.7658,-72.6734,2024,12,15,11
2024-12-15 12:00:00,324.0,186.0,138.0,487.2,-2.3,46,4.3,343,1040.9,100,1,0,100,0.0,3600.0,41.7658,-72.6734,2024,12,15,12
2024-12-15 13:00:00,278.0,73.0,205.0,174.9,-1.1,39,2.9,353,1039.5,100,0,0,100,0.0,3447.81,41.7658,-72.6734,2024,12,15,13
2024-12-15 14:00:00,251.0,56.0,195.0,137.8,-0.1,36,1.8,11,1038.3,100,0,5,100,0.0,2332.83,41.7658,-72.6734,2024,12,15,14
2024-12-15 15:00:00,185.0,23.0,162.0,65.7,0.5,35,0.5,360,1037.4,100,0,5,100,0.0,171.2,41.7658,-72.6734,2024,12,15,15
2024-12-15 16:00:00,120.0,8.0,112.0,31.8,0.6,35,1.3,8,1036.8,100,0,14,100,0.0,0.0,41.7658,-72.6734,2024,12,15,16
2024-12-15 17:00:00,49.0,3.0,46.0,25.3,-0.4,40,1.9,311,1036.8,100,0,75,100,0.0,0.0,41.7658,-72.6734,2024,12,15,17
2024-12-15 18:00:00,2.0,0.0,2.0,0.0,-1.2,46,0.2,360,1036.6,100,0,99,100,0.0,0.0,41.7658,-72.6734,2024,12,15,18
2024-12-15 19:00:00,0.0,0.0,0.0,0.0,-1.6,50,3.7,67,1036.2,100,3,100,100,0.0,0.0,41.7658,-72.6734,2024,12,15,19
2024-12-15 20:00:00,0.0,0.0,0.0,0.0,-0.6,53,6.1,95,1036.0,100,1,100,100,0.0,0.0,41.7658,-72.6734,2024,12,15,20
2024-12-15 21:00:00,0.0,0.0,0.0,0.0,-0.9,57,3.8,93,1036.0,100,1,100,100,0.0,0.0,41.7658,-72.6734,2024,12,15,21
2024-12-15 22:00:00,0.0,0.0,0.0,0.0,-0.5,59,5.0,105,1035.2,100,0,100,100,0.0,0.0,41.7658,-72.6734,2024,12,15,22
2024-12-15 23:00:00,0.0,0.0,0.0,0.0,-0.7,62,4.2,126,1034.6,100,1,70,100,0.0,0.0,41.7658,-72.6734,2024,12,15,23
2024-12-16 00:00:00,0.0,0.0,0.0,0.0,-1.2,67,2.2,189,1034.4,100,10,100,100,0.0,0.0,41.7658,-72.6734,2024,12,16,0
2024-12-16 01:00:00,0.0,0.0,0.0,0.0,-0.4,66,4.8,119,1033.2,100,1,100,93,0.0,0.0,41.7658,-72.6734,2024,12,16,1
2024-12-16 02:00:00,0.0,0.0,0.0,0.0,-0.1,68,6.3,97,1032.0,100,0,100,99,0.0,0.0,41.7658,-72.6734,2024,12,16,2
2024-12-16 03:00:00,0.0,0.0,0.0,0.0,0.2,72,1.8,53,1031.6,100,2,100,99,0.0,0.0,41.7658,-72.6734,2024,12,16,3
2024-12-16 04:00:00,0.0,0.0,0.0,0.0,-0.1,75,1.2,297,1031.7,100,59,100,100,0.1,0.0,41.7658,-72.6734,2024,12,16,4
2024-12-16 05:00:00,0.0,0.0,0.0,0.0,-0.6,83,1.3,16,1031.1,100,22,100,100,0.6,0.0,41.7658,-72.6734,2024,12,16,5
2024-12-16 06:00:00,0.0,0.0,0.0,0.0,-0.7,91,3.1,31,1030.8,100,33,100,100,1.3,0.0,41.7658,-72.6734,2024,12,16,6
2024-12-16 07:00:00,0.0,0.0,0.0,0.0,-0.8,94,2.6,25,1030.7,100,95,98,82,1.0,0.0,41.7658,-72.6734,2024,12,16,7
2024-12-16 08:00:00,0.0,0.0,0.0,0.0,-0.5,94,2.2,42,1030.7,100,100,86,100,0.4,0.0,41.7658,-72.6734,2024,12,16,8
2024-12-16 09:00:00,9.0,0.0,9.0,0.0,-0.6,95,3.7,11,1030.3,100,71,99,96,0.4,0.0,41.7658,-72.6734,2024,12,16,9
2024-12-16 10:00:00,73.0,0.0,73.0,0.0,0.3,92,5.3,8,1030.3,100,100,100,80,0.1,0.0,41.7658,-72.6734,2024,12,16,10
2024-12-16 11:00:00,124.0,0.0,124.0,0.0,1.2,88,5.0,15,1029.8,100,82,100,0,0.0,0.0,41.7658,-72.6734,2024,12,16,11
2024-12-16 12:00:00,169.0,11.0,158.0,28.9,1.9,86,3.5,12,1028.9,100,100,100,0,0.0,0.0,41.7658,-72.6734,2024,12,16,12
2024-12-16 13:00:00,130.0,2.0,128.0,4.8,2.2,86,3.1,13,1027.3,100,99,100,0,0.0,0.0,41.7658,-72.6734,2024,12,16,13
2024-12-16 14:00:00,81.0,3.0,78.0,7.4,2.2,88,3.1,13,1026.5,100,100,100,17,0.3,0.0,41.7658,-72.6734,2024,12,16,14
2024-12-16 15:00:00,96.0,1.0,95.0,2.9,2.5,90,4.0,36,1025.4,100,100,100,37,0.0,0.0,41.7658,-72.6734,2024,12,16,15
2024-12-16 16:00:00,68.0,2.0,66.0,7.9,2.9,93,4.5,85,1024.7,100,100,100,56,0.0,0.0,41.7658,-72.6734,2024,12,16,16
2024-12-16 17:00:00,23.0,0.0,23.0,0.0,3.2,95,5.9,88,1024.2,100,100,100,60,0.0,0.0,41.7658,-72.6734,2024,12,16,17
2024-12-16 18:00:00,1.0,0.0,1.0,0.0,3.0,96,5.8,92,1023.7,100,100,100,100,0.1,0.0,41.7658,-72.6734,2024,12,16,18
2024-12-16 19:00:00,0.0,0.0,0.0,0.0,3.6,96,6.9,115,1023.3,100,100,99,100,0.1,0.0,41.7658,-72.6734,2024,12,16,19
2024-12-16 20:00:00,0.0,0.0,0.0,0.0,4.8,96,9.3,140,1022.3,100,100,28,99,0.0,0.0,41.7658,-72.6734,2024,12,16,20
2024-12-16 21:00:00,0.0,0.0,0.0,0.0,6.4,95,16.8,148,1021.6,100,100,59,100,0.1,0.0,41.7658,-72.6734,2024,12,16,21
2024-12-16 22:00:00,0.0,0.0,0.0,0.0,6.9,96,19.5,155,1020.5,100,100,32,99,0.1,0.0,41.7658,-72.6734,2024,12,16,22
2024-12-16 23:00:00,0.0,0.0,0.0,0.0,7.4,97,19.4,159,1019.1,100,100,100,100,0.2,0.0,41.7658,-72.6734,2024,12,16,23
2024-12-17 00:00:00,0.0,0.0,0.0,0.0,8.6,97,20.2,168,1017.8,100,100,100,100,0.2,0.0,41.7658,-72.6734,2024,12,17,0
2024-12-17 01:00:00,0.0,0.0,0.0,0.0,9.5,98,20.7,169,1016.0,100,100,100,100,0.8,0.0,41.7658,-72.6734,2024,12,17,1
2024-12-17 02:00:00,0.0,0.0,0.0,0.0,10.3,98,22.2,184,1014.7,100,100,100,94,1.0,0.0,41.7658,-72.6734,2024,12,17,2
2024-12-17 03:00:00,0.0,0.0,0.0,0.0,10.6,98,20.8,197,1014.7,100,100,100,99,2.0,0.0,41.7658,-72.6734,2024,12,17,3
2024-12-17 04:00:00,0.0,0.0,0.0,0.0,10.4,98,18.8,199,1014.1,100,100,100,100,2.2,0.0,41.7658,-72.6734,2024,12,17,4
2024-12-17 05:00:00,0.0,0.0,0.0,0.0,10.2,97,19.4,206,1013.4,100,100,100,95,0.7,0.0,41.7658,-72.6734,2024,12,17,5
2024-12-17 06:00:00,0.0,0.0,0.0,0.0,9.8,97,16.5,208,1013.5,100,100,26,73,0.1,0.0,41.7658,-72.6734,2024,12,17,6
2024-12-17 07:00:00,0.0,0.0,0.0,0.0,9.5,97,17.1,209,1013.5,100,100,19,0,0.7,0.0,41.7658,-72.6734,2024,12,17,7
2024-12-17 08:00:00,0.0,0.0,0.0,0.0,9.4,96,16.3,216,1013.9,100,100,54,0,0.0,0.0,41.7658,-72.6734,2024,12,17,8
2024-12-17 09:00:00,15.0,5.0,10.0,69.2,9.8,98,16.5,208,1013.7,56,48,23,0,0.0,605.46,41.7658,-72.6734,2024,12,17,9
2024-12-17 10:00:00,115.0,58.0,57.0,320.4,10.4,95,14.7,222,1014.3,100,61,100,5,0.0,3600.0,41.7658,-72.6734,2024,12,17,10
2024-12-17 11:00:00,74.0,4.0,70.0,13.4,10.2,94,14.4,228,1014.7,78,3,67,33,0.0,0.0,41.7658,-72.6734,2024,12,17,11
2024-12-17 12:00:00,255.0,163.0,92.0,429.3,11.5,89,10.7,222,1014.1,5,5,0,0,0.0,3600.0,41.7658,-72.6734,2024,12,17,12
2024-12-17 13:00:00,400.0,328.0,72.0,788.5,13.0,80,11.7,221,1013.4,2,2,0,0,0.0,3600.0,41.7658,-72.6734,2024,12,17,13
2024-12-17 14:00:00,390.0,319.0,71.0,785.9,14.0,68,14.3,237,1013.3,0,0,0,0,0.0,3600.0,41.7658,-72.6734,2024,12,17,14
2024-12-17 15:00:00,328.0,266.0,62.0,759.7,13.9,60,14.3,246,1013.3,0,0,0,0,0.0,3600.0,41.7658,-72.6734,2024,12,17,15
2024-12-17 16:00:00,218.0,166.0,52.0,657.3,13.3,62,12.0,256,1013.7,76,0,0,76,0.0,3600.0,41.7658,-72.6734,2024,12,17,16
2024-12-17 17:00:00,81.0,45.0,36.0,375.8,11.3,71,7.4,263,1014.1,14,0,0,14,0.0,3600.0,41.7658,-72.6734,2024,12,17,17
2024-12-17 18:00:00,3.0,1.0,2.0,19.1,9.6,76,7.9,269,1015.1,0,0,0,0,0.0,0.0,41.7658,-72.6734,2024,12,17,18
2024-12-17 19:00:00,0.0,0.0,0.0,0.0,8.4,76,8.8,266,1016.1,2,0,0,2,0.0,0.0,41.7658,-72.6734,2024,12,17,19
2024-12-17 20:00:00,0.0,0.0,0.0,0.0,7.0,79,8.8,285,1017.0,86,0,0,86,0.0,0.0,41.7658,-72.6734,2024,12,17,20
2024-12-17 21:00:00,0.0,0.0,0.0,0.0,6.2,83,8.8,282,1017.5,100,0,0,100,0.0,0.0,41.7658,-72.6734,2024,12,17,21
2024-12-17 22:00:00,0.0,0.0,0.0,0.0,5.6,84,9.3,316,1018.3,100,0,0,100,0.0,0.0,41.7658,-72.6734,2024,12,17,22
2024-12-17 23:00:00,0.0,0.0,0.0,0.0,5.0,79,8.8,325,1018.8,93,0,0,93,0.0,0.0,41.7658,-72.6734,2024,12,17,23
2024-12-18 00:00:00,0.0,0.0,0.0,0.0,4.6,77,7.6,324,1019.3,91,0,0,91,0.0,0.0,41.7658,-72.6734,2024,12,18,0
2024-12-18 01:00:00,0.0,0.0,0.0,0.0,4.1,77,7.8,316,1019.7,19,0,0,19,0.0,0.0,41.7658,-72.6734,2024,12,18,1
2024-12-18 02:00:00,0.0,0.0,0.0,0.0,3.4,79,7.7,303,1020.0,13,0,0,13,0.0,0.0,41.7658,-72.6734,2024,12,18,2
2024-12-18 03:00:00,0.0,0.0,0.0,0.0,2.5,81,5.7,298,1020.0,0,0,0,0,0.0,0.0,41.7658,-72.6734,2024,12,18,3
2024-12-18 04:00:00,0.0,0.0,0.0,0.0,2.0,83,7.1,291,1020.2,2,0,0,2,0.0,0.0,41.7658,-72.6734,2024,12,18,4
2024-12-18 05:00:00,0.0,0.0,0.0,0.0,1.5,84,6.1,302,1020.4,9,0,0,9,0.0,0.0,41.7658,-72.6734,2024,12,18,5
2024-12-18 06:00:00,0.0,0.0,0.0,0.0,1.0,84,1.5,300,1020.3,54,0,0,54,0.0,0.0,41.7658,-72.6734,2024,12,18,6
2024-12-18 07:00:00,0.0,0.0,0.0,0.0,0.8,86,3.4,186,1020.8,53,0,0,53,0.0,0.0,41.7658,-72.6734,2024,12,18,7
2024-12-18 08:00:00,0.0,0.0,0.0,0.0,0.2,89,5.5,191,1021.4,9,0,0,9,0.0,0.0,41.7658,-72.6734,2024,12,18,8
2024-12-18 09:00:00,23.0,13.0,10.0,181.9,0.7,87,6.7,194,1021.5,18,0,0,18,0.0,2491.93,41.7658,-72.6734,2024,12,18,9
2024-12-18 10:00:00,143.0,101.0,42.0,562.3,2.4,85,6.8,183,1021.1,3,0,0,3,0.0,3600.0,41.7658,-72.6734,2024,12,18,10
2024-12-18 11:00:00,271.0,213.0,58.0,713.7,4.6,78,4.4,187,1020.8,81,0,0,81,0.0,3600.0,41.7658,-72.6734,2024,12,18,11
2024-12-18 12:00:00,363.0,297.0,66.0,783.9,6.8,70,5.8,187,1019.9,27,0,0,27,0.0,3600.0,41.7658,-72.6734,2024,12,18,12
2024-12-18 13:00:00,403.0,331.0,72.0,796.7,8.1,65,8.7,194,1018.7,11,0,0,11,0.0,3600.0,41.7658,-72.6734,2024,12,18,13
2024-12-18 14:00:00,394.0,326.0,68.0,803.4,8.8,65,10.6,194,1017.4,64,0,0,64,0.0,3600.0,41.7658,-72.6734,2024,12,18,14
2024-12-18 15:00:00,325.0,258.0,67.0,736.3,9.0,63,10.1,192,1016.3,94,0,0,94,0.0,3600.0,41.7658,-72.6734,2024,12,18,15
2024-12-18 16:00:00,193.0,112.0,81.0,442.5,8.6,67,7.0,192,1015.3,70,0,0,70,0.0,3600.0,41.7658,-72.6734,2024,12,18,16
2024-12-18 17:00:00,79.0,39.0,40.0,323.5,7.3,76,6.9,165,1014.6,61,0,19,51,0.0,3600.0,41.7658,-72.6734,2024,12,18,17
2024-12-18 18:00:00,3.0,1.0,2.0,19.1,6.0,83,6.5,157,1013.8,100,0,100,88,0.0,0.0,41.7658,-72.6734,2024,12,18,18
2024-12-18 19:00:00,0.0,0.0,0.0,0.0,6.0,84,8.8,129,1012.8,100,100,100,100,0.0,0.0,41.7658,-72.6734,2024,12,18,19
2024-12-18 20:00:00,0.0,0.0,0.0,0.0,5.8,90,2.7,42,1012.2,100,100,100,100,0.7,0.0,41.7658,-72.6734,2024,12,18,20
2024-12-18 21:00:00,0.0,0.0,0.0,0.0,6.3,96,5.4,8,1012.2,100,100,100,100,2.9,0.0,41.7658,-72.6734,2024,12,18,21
2024-12-18 22:00:00,0.0,0.0,0.0,0.0,5.8,97,6.7,27,1011.4,100,100,100,100,2.8,0.0,41.7658,-72.6734,2024,12,18,22
2024-12-18 23:00:00,0.0,0.0,0.0,0.0,5.3,97,11.0,358,1010.8,100,100,100,100,1.2,0.0,41.7658,-72.6734,2024,12,18,23
2024-12-19 00:00:00,0.0,0.0,0.0,0.0,4.8,97,13.4,355,1010.6,100,3,100,100,0.7,0.0,41.7658,-72.6734,2024,12,19,0
2024-12-19 01:00:00,0.0,0.0,0.0,0.0,4.4,97,9.1,345,1010.7,100,49,100,100,0.4,0.0,41.7658,-72.6734,2024,12,19,1
2024-12-19 02:00:00,0.0,0.0,0.0,0.0,4.2,98,7.4,342,1011.0,100,37,100,100,0.5,0.0,41.7658,-72.6734,2024,12,19,2
2024-12-19 03:00:00,0.0,0.0,0.0,0.0,4.1,97,8.6,334,1011.3,100,28,100,100,0.3,0.0,41.7658,-72.6734,2024,12,19,3
2024-12-19 04:00:00,0.0,0.0,0.0,0.0,4.1,92,11.6,321,1012.5,100,42,94,100,0.1,0.0,41.7658,-72.6734,2024,12,19,4
2024-12-19 05:00:00,0.0,0.0,0.0,0.0,3.6,90,13.4,317,1013.3,100,53,7,100,0.0,0.0,41.7658,-72.6734,2024,12,19,5
2024-12-19 06:00:00,0.0,0.0,0.0,0.0,3.3,86,13.0,314,1014.4,63,24,0,51,0.0,0.0,41.7658,-72.6734,2024,12,19,6
2024-12-19 07:00:00,0.0,0.0,0.0,0.0,2.5,85,13.1,312,1015.4,6,6,0,0,0.0,0.0,41.7658,-72.6734,2024,12,19,7
2024-12-19 08:00:00,0.0,0.0,0.0,0.0,2.2,84,14.0,314,1016.8,13,13,0,0,0.0,0.0,41.7658,-72.6734,2024,12,19,8
2024-12-19 09:00:00,23.0,12.0,11.0,169.6,3.3,75,13.3,308,1018.1,0,0,0,0,0.0,2459.14,41.7658,-72.6734,2024,12,19,9
2024-12-19 10:00:00,146.0,104.0,42.0,583.2,4.0,64,13.6,313,1018.8,0,0,0,0,0.0,3600.0,41.7658,-72.6734,2024,12,19,10
2024-12-19 11:00:00,279.0,221.0,58.0,743.1,4.4,61,14.4,319,1019.4,10,10,0,0,0.0,3600.0,41.7658,-72.6734,2024,12,19,11
2024-12-19 12:00:00,371.0,304.0,67.0,803.9,4.9,57,14.2,321,1019.0,9,2,0,7,0.0,3600.0,41.7658,-72.6734,2024,12,19,12
2024-12-19 13:00:00,414.0,340.0,74.0,819.0,5.4,53,14.9,319,1018.8,49,1,0,48,0.0,3600.0,41.7658,-72.6734,2024,12,19,13
2024-12-19 14:00:00,382.0,281.0,101.0,692.5,5.4,49,14.7,320,1018.8,71,9,0,69,0.0,3600.0,41.7658,-72.6734,2024,12,19,14
2024-12-19 15:00:00,335.0,263.0,72.0,749.8,5.2,51,14.3,313,1019.6,96,36,1,94,0.0,3600.0,41.7658,-72.6734,2024,12,19,15
2024-12-19 16:00:00,174.0,83.0,91.0,327.0,4.3,53,13.9,307,1020.7,100,63,0,100,0.0,3600.0,41.7658,-72.6734,2024,12,19,16
2024-12-19 17:00:00,55.0,6.0,49.0,49.4,3.0,59,11.8,317,1021.5,100,58,0,100,0.0,0.0,41.7658,-72.6734,2024,12,19,17
2024-12-19 18:00:00,2.0,0.0,2.0,0.0,2.1,62,11.2,334,1021.7,100,5,0,100,0.0,0.0,41.7658,-72.6734,2024,12,19,18
2024-12-19 19:00:00,0.0,0.0,0.0,0.0,1.3,65,8.9,335,1021.8,100,0,8,100,0.0,0.0,41.7658,-72.6734,2024,12,19,19
2024-12-19 20:00:00,0.0,0.0,0.0,0.0,0.5,71,6.4,320,1022.3,100,0,59,100,0.0,0.0,41.7658,-72.6734,2024,12,19,20
2024-12-19 21:00:00,0.0,0.0,0.0,0.0,0.5,71,5.9,288,1022.7,100,0,25,100,0.0,0.0,41.7658,-72.6734,2024,12,19,21
2024-12-19 22:00:00,0.0,0.0,0.0,0.0,0.0,71,7.1,311,1022.6,97,0,32,96,0.0,0.0,41.7658,-72.6734,2024,12,19,22
2024-12-19 23:00:00,0.0,0.0,0.0,0.0,-1.1,76,4.3,327,1022.6,100,0,79,100,0.0,0.0,41.7658,-72.6734,2024,12,19,23
2024-12-20 00:00:00,0.0,0.0,0.0,0.0,-1.1,75,4.8,345,1022.3,100,0,95,97,0.0,0.0,41.7658,-72.6734,2024,12,20,0
2024-12-20 01:00:00,0.0,0.0,0.0,0.0,-1.1,75,7.6,360,1021.7,100,1,90,100,0.0,0.0,41.7658,-72.6734,2024,12,20,1
2024-12-20 02:00:00,0.0,0.0,0.0,0.0,-1.5,80,9.4,5,1021.5,100,6,96,100,0.0,0.0,41.7658,-72.6734,2024,12,20,2
2024-12-20 03:00:00,0.0,0.0,0.0,0.0,-1.2,82,7.8,23,1021.6,100,10,100,100,0.0,0.0,41.7658,-72.6734,2024,12,20,3
2024-12-20 04:00:00,0.0,0.0,0.0,0.0,-1.3,79,7.5,35,1021.1,100,5,98,100,0.0,0.0,41.7658,-72.6734,2024,12,20,4
2024-12-20 05:00:00,0.0,0.0,0.0,0.0,-1.5,75,7.8,32,1020.5,100,7,0,100,0.0,0.0,41.7658,-72.6734,2024,12,20,5
2024-12-20 06:00:00,0.0,0.0,0.0,0.0,-1.9,72,8.0,18,1019.9,100,17,0,100,0.0,0.0,41.7658,-72.6734,2024,12,20,6
2024-12-20 07:00:00,0.0,0.0,0.0,0.0,-2.1,72,8.5,5,1019.7,100,62,0,100,0.0,0.0,41.7658,-72.6734,2024,12,20,7
2024-12-20 08:00:00,0.0,0.0,0.0,0.0,-1.9,71,8.6,2,1019.5,100,100,0,100,0.0,0.0,41.7658,-72.6734,2024,12,20,8
2024-12-20 09:00:00,9.0,0.0,9.0,0.0,-0.4,68,8.4,10,1019.0,100,96,1,93,0.0,0.0,41.7658,-72.6734,2024,12,20,9
2024-12-20 10:00:00,51.0,0.0,51.0,0.0,0.3,68,9.4,1,1018.4,100,100,83,100,0.0,0.0,41.7658,-72.6734,2024,12,20,10
2024-12-20 11:00:00,64.0,0.0,64.0,0.0,0.5,69,11.6,5,1017.1,100,100,96,100,0.0,0.0,41.7658,-72.6734,2024,12,20,11
2024-12-20 12:00:00,103.0,3.0,100.0,7.9,1.0,71,11.9,10,1016.2,100,100,100,100,0.0,0.0,41.7658,-72.6734,2024,12,20,12
2024-12-20 13:00:00,53.0,0.0,53.0,0.0,0.9,76,9.9,27,1015.1,100,100,100,100,0.0,0.0,41.7658,-72.6734,2024,12,20,13
2024-12-20 14:00:00,66.0,0.0,66.0,0.0,1.1,78,12.3,27,1012.2,100,92,93,100,0.1,0.0,41.7658,-72.6734,2024,12,20,14
2024-12-20 15:00:00,119.0,1.0,118.0,2.8,1.3,75,10.6,14,1012.4,100,68,98,100,0.1,0.0,41.7658,-72.6734,2024,12,20,15
2024-12-20 16:00:00,27.0,0.0,27.0,0.0,0.5,78,13.0,2,1012.0,100,57,100,99,0.1,0.0,41.7658,-72.6734,2024,12,20,16
2024-12-20 17:00:00,13.0,0.0,13.0,0.0,0.1,81,16.1,13,1011.8,100,67,100,100,0.2,0.0,41.7658,-72.6734,2024,12,20,17
2024-12-20 18:00:00,1.0,0.0,1.0,0.0,-0.4,84,15.5,15,1011.1,100,99,99,88,0.3,0.0,41.7658,-72.6734,2024,12,20,18
2024-12-20 19:00:00,0.0,0.0,0.0,0.0,-0.4,84,14.7,8,1010.9,95,94,86,0,0.1,0.0,41.7658,-72.6734,2024,12,20,19
2024-12-20 20:00:00,0.0,0.0,0.0,0.0,-0.8,83,15.0,3,1010.5,96,96,24,0,0.0,0.0,41.7658,-72.6734,2024,12,20,20
2024-12-20 21:00:00,0.0,0.0,0.0,0.0,-1.4,80,14.7,7,1010.4,100,100,100,0,0.1,0.0,41.7658,-72.6734,2024,12,20,21
2024-12-20 22:00:00,0.0,0.0,0.0,0.0,-1.4,80,15.0,4,1009.4,72,71,4,0,0.0,0.0,41.7658,-72.6734,2024,12,20,22
2024-12-20 23:00:00,0.0,0.0,0.0,0.0,-1.9,81,13.8,7,1009.0,95,93,30,0,0.0,0.0,41.7658,-72.6734,2024,12,20,23
2024-12-21 00:00:00,0.0,0.0,0.0,0.0,-2.1,79,12.8,6,1008.8,100,100,76,0,0.0,0.0,41.7658,-72.6734,2024,12,21,0
2024-12-21 01:00:00,0.0,0.0,0.0,0.0,-1.8,76,11.9,2,1008.3,100,100,90,0,0.0,0.0,41.7658,-72.6734,2024,12,21,1
2024-12-21 02:00:00,0.0,0.0,0.0,0.0,-1.8,75,11.6,355,1008.0,100,86,98,1,0.0,0.0,41.7658,-72.6734,2024,12,21,2
2024-12-21 03:00:00,0.0,0.0,0.0,0.0,-2.2,75,12.6,3,1008.2,100,79,100,0,0.0,0.0,41.7658,-72.6734,2024,12,21,3
2024-12-21 04:00:00,0.0,0.0,0.0,0.0,-2.5,75,11.9,3,1008.2,99,42,99,0,0.0,0.0,41.7658,-72.6734,2024,12,21,4
2024-12-21 05:00:00,0.0,0.0,0.0,0.0,-2.9,76,11.0,359,1007.8,96,65,87,0,0.0,0.0,41.7658,-72.6734,2024,12,21,5
2024-12-21 06:00:00,0.0,0.0,0.0,0.0,-2.7,75,9.6,348,1008.0,100,100,94,65,0.0,0.0,41.7658,-72.6734,2024,12,21,6
2024-12-21 07:00:00,0.0,0.0,0.0,0.0,-2.2,73,8.4,344,1008.3,100,100,96,98,0.0,0.0,41.7658,-72.6734,2024,12,21,7
2024-12-21 08:00:00,0.0,0.0,0.0,0.0,-2.2,76,5.2,335,1008.9,100,94,100,50,0.2,0.0,41.7658,-72.6734,2024,12,21,8
2024-12-21 09:00:00,9.0,0.0,9.0,0.0,-2.2,82,8.5,314,1009.9,100,93,100,0,0.1,0.0,41.7658,-72.6734,2024,12,21,9
2024-12-21 10:00:00,78.0,5.0,73.0,28.4,-3.0,72,14.9,326,1010.7,100,33,100,0,0.1,0.0,41.7658,-72.6734,2024,12,21,10
2024-12-21 11:00:00,179.0,32.0,147.0,108.2,-3.2,67,15.7,324,1011.6,100,34,100,0,0.0,1447.32,41.7658,-72.6734,2024,12,21,11
2024-12-21 12:00:00,272.0,75.0,197.0,198.9,-3.3,64,18.6,322,1011.5,75,62,34,0,0.0,3600.0,41.7658,-72.6734,2024,12,21,12
2024-12-21 13:00:00,360.0,195.0,165.0,470.1,-3.3,63,18.4,321,1011.1,59,54,19,0,0.0,3600.0,41.7658,-72.6734,2024,12,21,13
2024-12-21 14:00:00,389.0,262.0,127.0,645.0,-3.6,60,19.1,322,1011.5,67,42,46,0,0.0,3600.0,41.7658,-72.6734,2024,12,21,14
2024-12-21 15:00:00,294.0,159.0,135.0,451.8,-4.2,61,19.2,320,1012.1,97,96,21,0,0.0,3600.0,41.7658,-72.6734,2024,12,21,15
2024-12-21 16:00:00,160.0,43.0,117.0,168.2,-4.7,61,18.8,321,1013.0,98,98,5,0,0.0,3246.99,41.7658,-72.6734,2024,12,21,16
2024-12-21 17:00:00,59.0,12.0,47.0,96.9,-5.2,61,18.4,318,1013.9,99,99,1,0,0.0,1107.06,41.7658,-72.6734,2024,12,21,17
2024-12-21 18:00:00,2.0,0.0,2.0,0.0,-5.6,61,18.5,315,1014.8,100,100,1,0,0.0,0.0,41.7658,-72.6734,2024,12,21,18
2024-12-21 19:00:00,0.0,0.0,0.0,0.0,-6.2,62,19.7,315,1015.7,94,94,0,0,0.0,0.0,41.7658,-72.6734,2024,12,21,19
2024-12-21 20:00:00,0.0,0.0,0.0,0.0,-6.8,61,18.7,316,1016.7,87,87,0,0,0.0,0.0,41.7658,-72.6734,2024,12,21,20
2024-12-21 21:00:00,0.0,0.0,0.0,0.0,-7.7,61,17.2,314,1017.6,0,0,0,0,0.0,0.0,41.7658,-72.6734,2024,12,21,21
2024-12-21 22:00:00,0.0,0.0,0.0,0.0,-8.5,62,15.7,319,1018.1,0,0,0,0,0.0,0.0,41.7658,-72.6734,2024,12,21,22
2024-12-21 23:00:00,0.0,0.0,0.0,0.0,-9.2,63,14.1,322,1018.5,0,0,0,0,0.0,0.0,41.7658,-72.6734,2024,12,21,23
2024-12-22 00:00:00,0.0,0.0,0.0,0.0,-9.8,64,11.3,321,1019.1,0,0,0,0,0.0,0.0,41.7658,-72.6734,2024,12,22,0
2024-12-22 01:00:00,0.0,0.0,0.0,0.0,-10.4,66,9.0,323,1019.5,0,0,0,0,0.0,0.0,41.7658,-72.6734,2024,12,22,1
2024-12-22 02:00:00,0.0,0.0,0.0,0.0,-11.0,67,6.9,329,1020.0,0,0,0,0,0.0,0.0,41.7658,-72.6734,2024,12,22,2
2024-12-22 03:00:00,0.0,0.0,0.0,0.0,-11.3,67,7.5,336,1020.5,0,0,0,0,0.0,0.0,41.7658,-72.6734,2024,12,22,3
2024-12-22 04:00:00,0.0,0.0,0.0,0.0,-11.7,66,7.9,336,1021.1,0,0,0,0,0.0,0.0,41.7658,-72.6734,2024,12,22,4
2024-12-22 05:00:00,0.0,0.0,0.0,0.0,-12.2,66,7.3,335,1021.5,0,0,0,0,0.0,0.0,41.7658,-72.6734,2024,12,22,5
2024-12-22 06:00:00,0.0,0.0,0.0,0.0,-12.6,67,7.1,333,1022.2,0,0,0,0,0.0,0.0,41.7658,-72.6734,2024,12,22,6
2024-12-22 07:00:00,0.0,0.0,0.0,0.0,-12.9,66,7.7,327,1023.3,0,0,0,0,0.0,0.0,41.7658,-72.6734,2024,12,22,7
2024-12-22 08:00:00,0.0,0.0,0.0,0.0,-13.2,66,8.8,332,1024.5,0,0,0,0,0.0,0.0,41.7658,-72.6734,2024,12,22,8
2024-12-22 09:00:00,23.0,13.0,10.0,188.8,-12.7,59,11.0,336,1025.3,0,0,0,0,0.0,2370.67,41.7658,-72.6734,2024,12,22,9
2024-12-22 10:00:00,154.0,108.0,46.0,617.2,-12.6,57,10.9,344,1026.4,0,0,0,0,0.0,3600.0,41.7658,-72.6734,2024,12,22,10
2024-12-22 11:00:00,294.0,229.0,65.0,776.5,-11.7,55,10.2,343,1026.9,0,0,0,0,0.0,3600.0,41.7658,-72.6734,2024,12,22,11
2024-12-22 12:00:00,396.0,322.0,74.0,854.8,-10.3,50,12.2,344,1026.5,0,0,0,0,0.0,3600.0,41.7658,-72.6734,2024,12,22,12
2024-12-22 13:00:00,443.0,366.0,77.0,882.4,-9.1,47,12.6,343,1026.0,0,0,0,0,0.0,3600.0,41.7658,-72.6734,2024,12,22,13
2024-12-22 14:00:00,432.0,356.0,76.0,875.6,-8.2,45,12.0,341,1025.9,0,0,0,0,0.0,3600.0,41.7658,-72.6734,2024,12,22,14
2024-12-22 15:00:00,363.0,293.0,70.0,830.8,-7.7,44,12.1,339,1026.2,0,0,0,0,0.0,3600.0,41.7658,-72.6734,2024,12,22,15
2024-12-22 16:00:00,246.0,187.0,59.0,728.5,-8.0,45,12.4,338,1027.0,0,0,0,0,0.0,3600.0,41.7658,-72.6734,2024,12,22,16
2024-12-22 17:00:00,100.0,66.0,34.0,527.2,-8.9,51,11.1,333,1028.1,7,0,7,3,0.0,3600.0,41.7658,-72.6734,2024,12,22,17
2024-12-22 18:00:00,4.0,2.0,2.0,38.2,-10.2,57,11.7,331,1029.3,11,0,1,11,0.0,183.12,41.7658,-72.6734,2024,12,22,18
2024-12-22 19:00:00,0.0,0.0,0.0,0.0,-11.2,60,11.6,338,1029.9,0,0,0,0,0.0,0.0,41.7658,-72.6734,2024,12,22,19
2024-12-22 20:00:00,0.0,0.0,0.0,0.0,-11.8,62,11.1,343,1030.8,0,0,0,0,0.0,0.0,41.7658,-72.6734,2024,12,22,20
2024-12-22 21:00:00,0.0,0.0,0.0,0.0,-12.1,60,9.3,345,1031.4,0,0,0,0,0.0,0.0,41.7658,-72.6734,2024,12,22,21
2024-12-22 22:00:00,0.0,0.0,0.0,0.0,-12.4,62,7.9,356,1031.8,0,0,0,0,0.0,0.0,41.7658,-72.6734,2024,12,22,22
2024-12-22 23:00:00,0.0,0.0,0.0,0.0,-12.8,63,6.3,358,1032.3,0,0,0,0,0.0,0.0,41.7658,-72.6734,2024,12,22,23
2024-12-23 00:00:00,0.0,0.0,0.0,0.0,-12.7,63,8.1,360,1032.5,0,0,0,0,0.0,0.0,41.7658,-72.6734,2024,12,23,0
2024-12-23 01:00:00,0.0,0.0,0.0,0.0,-12.9,63,8.1,1,1032.4,0,0,0,0,0.0,0.0,41.7658,-72.6734,2024,12,23,1
2024-12-23 02:00:00,0.0,0.0,0.0,0.0,-13.1,65,7.2,4,1032.5,0,0,0,0,0.0,0.0,41.7658,-72.6734,2024,12,23,2
2024-12-23 03:00:00,0.0,0.0,0.0,0.0,-13.3,66,6.2,10,1032.7,0,0,0,0,0.0,0.0,41.7658,-72.6734,2024,12,23,3
2024-12-23 04:00:00,0.0,0.0,0.0,0.0,-13.4,67,6.7,9,1032.8,0,0,0,0,0.0,0.0,41.7658,-72.6734,2024,12,23,4
2024-12-23 05:00:00,0.0,0.0,0.0,0.0,-13.4,68,7.7,9,1032.7,0,0,0,0,0.0,0.0,41.7658,-72.6734,2024,12,23,5
2024-12-23 06:00:00,0.0,0.0,0.0,0.0,-13.6,70,6.7,6,1032.9,0,0,0,0,0.0,0.0,41.7658,-72.6734,2024,12,23,6
2024-12-23 07:00:00,0.0,0.0,0.0,0.0,-14.1,71,4.5,2,1033.3,0,0,0,0,0.0,0.0,41.7658,-72.6734,2024,12,23,7
2024-12-23 08:00:00,0.0,0.0,0.0,0.0,-14.3,71,4.0,8,1033.6,0,0,0,0,0.0,0.0,41.7658,-72.6734,2024,12,23,8
2024-12-23 09:00:00,22.0,12.0,10.0,175.6,-14.6,70,3.8,5,1034.6,0,0,0,0,0.0,2344.73,41.7658,-72.6734,2024,12,23,9
2024-12-23 10:00:00,150.0,106.0,44.0,609.0,-13.0,65,3.2,3,1035.0,1,0,0,1,0.0,3600.0,41.7658,-72.6734,2024,12,23,10
2024-12-23 11:00:00,288.0,226.0,62.0,768.0,-10.6,50,2.7,360,1035.0,78,0,0,78,0.0,3600.0,41.7658,-72.6734,2024,12,23,11
2024-12-23 12:00:00,381.0,296.0,85.0,786.3,-8.6,42,2.5,339,1034.6,93,0,0,93,0.0,3600.0,41.7658,-72.6734,2024,12,23,12
2024-12-23 13:00:00,417.0,313.0,104.0,754.4,-6.8,34,0.5,180,1033.3,100,0,0,100,0.0,3600.0,41.7658,-72.6734,2024,12,23,13
2024-12-23 14:00:00,388.0,262.0,126.0,643.6,-5.6,29,3.4,177,1032.3,79,0,0,79,0.0,3600.0,41.7658,-72.6734,2024,12,23,14
2024-12-23 15:00:00,347.0,267.0,80.0,755.2,-4.7,26,6.1,177,1031.2,5,0,0,5,0.0,3600.0,41.7658,-72.6734,2024,12,23,15
2024-12-23 16:00:00,239.0,182.0,57.0,705.7,-4.4,24,7.6,181,1030.8,9,0,0,9,0.0,3600.0,41.7658,-72.6734,2024,12,23,16
2024-12-23 17:00:00,97.0,63.0,34.0,497.5,-4.6,26,7.1,174,1030.4,63,0,0,63,0.0,3600.0,41.7658,-72.6734,2024,12,23,17
2024-12-23 18:00:00,4.0,2.0,2.0,38.2,-5.2,29,9.7,180,1030.5,47,0,1,47,0.0,165.69,41.7658,-72.6734,2024,12,23,18
2024-12-23 19:00:00,0.0,0.0,0.0,0.0,-6.1,44,11.3,189,1030.5,23,0,4,20,0.0,0.0,41.7658,-72.6734,2024,12,23,19
2024-12-23 20:00:00,0.0,0.0,0.0,0.0,-6.7,57,9.9,192,1030.5,71,0,47,47,0.0,0.0,41.7658,-72.6734,2024,12,23,20
2024-12-23 21:00:00,0.0,0.0,0.0,0.0,-6.5,59,9.2,187,1029.8,73,0,40,66,0.0,0.0,41.7658,-72.6734,2024,12,23,21
2024-12-23 22:00:00,0.0,0.0,0.0,0.0,-6.6,65,9.6,183,1029.1,100,0,100,100,0.0,0.0,41.7658,-72.6734,2024,12,23,22
2024-12-23 23:00:00,0.0,0.0,0.0,0.0,-5.5,66,12.1,177,1028.2,100,0,100,100,0.0,0.0,41.7658,-72.6734,2024,12,23,23
2024-12-24 00:00:00,0.0,0.0,0.0,0.0,-4.7,65,12.6,185,1027.0,100,2,96,100,0.0,0.0,41.7658,-72.6734,2024,12,24,0
2024-12-24 01:00:00,0.0,0.0,0.0,0.0,-3.8,67,10.7,189,1026.1,100,13,83,100,0.0,0.0,41.7658,-72.6734,2024,12,24,1
2024-12-24 02:00:00,0.0,0.0,0.0,0.0,-2.7,72,11.3,187,1025.0,100,19,98,100,0.0,0.0,41.7658,-72.6734,2024,12,24,2
2024-12-24 03:00:00,0.0,0.0,0.0,0.0,-1.7,74,10.9,200,1024.5,100,55,95,100,0.0,0.0,41.7658,-72.6734,2024,12,24,3
2024-12-24 04:00:00,0.0,0.0,0.0,0.0,-1.4,77,9.1,229,1024.1,100,15,100,100,0.0,0.0,41.7658,-72.6734,2024,12,24,4
2024-12-24 05:00:00,0.0,0.0,0.0,0.0,-1.6,75,9.7,231,1023.4,100,6,97,100,0.0,0.0,41.7658,-72.6734,2024,12,24,5
2024-12-24 06:00:00,0.0,0.0,0.0,0.0,-1.8,71,10.4,216,1022.4,100,0,99,100,0.0,0.0,41.7658,-72.6734,2024,12,24,6
2024-12-24 07:00:00,0.0,0.0,0.0,0.0,-1.5,69,13.2,209,1021.5,100,0,100,100,0.0,0.0,41.7658,-72.6734,2024,12,24,7
2024-12-24 08:00:00,0.0,0.0,0.0,0.0,-1.3,65,13.5,216,1021.1,100,84,100,100,0.1,0.0,41.7658,-72.6734,2024,12,24,8
2024-12-24 09:00:00,4.0,0.0,4.0,0.0,-2.1,67,12.0,225,1021.0,100,51,100,99,0.5,0.0,41.7658,-72.6734,2024,12,24,9
2024-12-24 10:00:00,21.0,0.0,21.0,0.0,-2.5,78,7.7,191,1021.0,99,31,99,0,0.5,0.0,41.7658,-72.6734,2024,12,24,10
2024-12-24 11:00:00,144.0,46.0,98.0,156.6,-1.8,74,9.0,206,1020.7,97,9,97,0,0.0,2897.73,41.7658,-72.6734,2024,12,24,11
2024-12-24 12:00:00,193.0,41.0,152.0,109.0,-0.7,72,6.2,216,1020.0,100,43,100,0,0.0,1468.88,41.7658,-72.6734,2024,12,24,12
2024-12-24 13:00:00,183.0,12.0,171.0,28.9,0.3,69,2.3,238,1019.1,96,11,95,0,0.0,0.0,41.7658,-72.6734,2024,12,24,13
2024-12-24 14:00:00,241.0,49.0,192.0,120.2,1.0,73,0.9,233,1018.5,67,13,63,0,0.0,1805.15,41.7658,-72.6734,2024,12,24,14
2024-12-24 15:00:00,328.0,240.0,88.0,676.9,1.7,67,0.6,304,1018.1,16,15,1,0,0.0,3600.0,41.7658,-72.6734,2024,12,24,15
2024-12-24 16:00:00,219.0,149.0,70.0,574.8,1.1,66,2.0,355,1018.3,42,42,0,0,0.0,3600.0,41.7658,-72.6734,2024,12,24,16
2024-12-24 17:00:00,79.0,39.0,40.0,304.2,-0.5,70,4.6,11,1019.1,99,99,3,0,0.0,3600.0,41.7658,-72.6734,2024,12,24,17
2024-12-24 18:00:00,3.0,0.0,3.0,0.0,0.4,74,6.9,340,1019.8,51,51,2,0,0.0,0.0,41.7658,-72.6734,2024,12,24,18
2024-12-24 19:00:00,0.0,0.0,0.0,0.0,-0.8,80,6.9,319,1020.4,13,13,2,0,0.0,0.0,41.7658,-72.6734,2024,12,24,19
2024-12-24 20:00:00,0.0,0.0,0.0,0.0,-1.5,83,7.4,338,1020.7,21,19,6,0,0.0,0.0,41.7658,-72.6734,2024,12,24,20
2024-12-24 21:00:00,0.0,0.0,0.0,0.0,-1.7,81,9.1,353,1021.4,56,56,0,0,0.0,0.0,41.7658,-72.6734,2024,12,24,21
2024-12-24 22:00:00,0.0,0.0,0.0,0.0,-1.8,80,9.0,1,1021.9,4,4,0,0,0.0,0.0,41.7658,-72.6734,2024,12,24,22
2024-12-24 23:00:00,0.0,0.0,0.0,0.0,-2.6,82,8.5,1,1022.2,0,0,0,0,0.0,0.0,41.7658,-72.6734,2024,12,24,23
2024-12-25 00:00:00,0.0,0.0,0.0,0.0,-3.5,84,8.3,2,1022.5,0,0,0,0,0.0,0.0,41.7658,-72.6734,2024,12,25,0
2024-12-25 01:00:00,0.0,0.0,0.0,0.0,-4.3,84,9.1,7,1022.7,0,0,0,0,0.0,0.0,41.7658,-72.6734,2024,12,25,1
2024-12-25 02:00:00,0.0,0.0,0.0,0.0,-4.9,84,9.5,11,1023.2,0,0,0,0,0.0,0.0,41.7658,-72.6734,2024,12,25,2
2024-12-25 03:00:00,0.0,0.0,0.0,0.0,-5.4,83,10.2,9,1023.7,0,0,0,0,0.0,0.0,41.7658,-72.6734,2024,12,25,3
2024-12-25 04:00:00,0.0,0.0,0.0,0.0,-5.9,83,10.7,8,1023.9,0,0,0,0,0.0,0.0,41.7658,-72.6734,2024,12,25,4
2024-12-25 05:00:00,0.0,0.0,0.0,0.0,-6.3,84,10.6,9,1024.1,1,1,0,0,0.0,0.0,41.7658,-72.6734,2024,12,25,5
2024-12-25 06:00:00,0.0,0.0,0.0,0.0,-6.8,85,10.6,4,1024.3,1,1,0,0,0.0,0.0,41.7658,-72.6734,2024,12,25,6
2024-12-25 07:00:00,0.0,0.0,0.0,0.0,-7.3,87,10.7,7,1024.9,1,1,0,0,0.0,0.0,41.7658,-72.6734,2024,12,25,7
2024-12-25 08:00:00,0.0,0.0,0.0,0.0,-7.7,88,9.9,4,1025.6,0,0,0,0,0.0,0.0,41.7658,-72.6734,2024,12,25,8
2024-12-25 09:00:00,20.0,10.0,10.0,148.4,-5.5,78,9.2,17,1025.4,0,0,0,0,0.0,2298.59,41.7658,-72.6734,2024,12,25,9
2024-12-25 10:00:00,142.0,97.0,45.0,562.4,-4.2,71,8.1,6,1025.8,0,0,0,0,0.0,3600.0,41.7658,-72.6734,2024,12,25,10
2024-12-25 11:00:00,277.0,214.0,63.0,729.5,-3.0,63,8.8,5,1025.9,0,0,0,0,0.0,3600.0,41.7658,-72.6734,2024,12,25,11
2024-12-25 12:00:00,377.0,306.0,71.0,813.3,-1.9,55,9.4,359,1025.6,0,0,0,0,0.0,3600.0,41.7658,-72.6734,2024,12,25,12
2024-12-25 13:00:00,427.0,352.0,75.0,847.1,-0.7,46,10.5,353,1024.8,0,0,0,0,0.0,3600.0,41.7658,-72.6734,2024,12,25,13
2024-12-25 14:00:00,419.0,346.0,73.0,847.0,0.3,41,11.0,1,1024.3,0,0,0,0,0.0,3600.0,41.7658,-72.6734,2024,12,25,14
2024-12-25 15:00:00,356.0,288.0,68.0,809.7,0.7,40,10.9,13,1023.8,0,0,0,0,0.0,3600.0,41.7658,-72.6734,2024,12,25,15
2024-12-25 16:00:00,243.0,187.0,56.0,717.4,0.3,40,10.0,23,1023.9,0,0,0,0,0.0,3600.0,41.7658,-72.6734,2024,12,25,16
2024-12-25 17:00:00,102.0,68.0,34.0,523.5,-1.1,45,7.5,21,1024.4,0,0,0,0,0.0,3600.0,41.7658,-72.6734,2024,12,25,17
2024-12-25 18:00:00,5.0,2.0,3.0,38.2,-2.1,48,8.9,19,1024.9,0,0,0,0,0.0,127.19,41.7658,-72.6734,2024,12,25,18
2024-12-25 19:00:00,0.0,0.0,0.0,0.0,-2.6,50,9.1,8,1025.4,0,0,0,0,0.0,0.0,41.7658,-72.6734,2024,12,25,19
2024-12-25 20:00:00,0.0,0.0,0.0,0.0,-3.2,53,9.4,359,1025.8,0,0,0,0,0.0,0.0,41.7658,-72.6734,2024,12,25,20
2024-12-25 21:00:00,0.0,0.0,0.0,0.0,-3.7,59,9.6,351,1026.3,0,0,0,0,0.0,0.0,41.7658,-72.6734,2024,12,25,21
2024-12-25 22:00:00,0.0,0.0,0.0,0.0,-4.5,64,10.5,357,1026.4,0,0,0,0,0.0,0.0,41.7658,-72.6734,2024,12,25,22
2024-12-25 23:00:00,0.0,0.0,0.0,0.0,-5.2,69,10.5,3,1026.4,0,0,0,0,0.0,0.0,41.7658,-72.6734,2024,12,25,23
2024-12-26 00:00:00,0.0,0.0,0.0,0.0,-5.8,72,9.7,4,1026.7,0,0,0,0,0.0,0.0,41.7658,-72.6734,2024,12,26,0
2024-12-26 01:00:00,0.0,0.0,0.0,0.0,-6.4,75,9.1,7,1026.6,0,0,0,0,0.0,0.0,41.7658,-72.6734,2024,12,26,1
2024-12-26 02:00:00,0.0,0.0,0.0,0.0,-6.8,76,8.8,5,1026.8,0,0,0,0,0.0,0.0,41.7658,-72.6734,2024,12,26,2
2024-12-26 03:00:00,0.0,0.0,0.0,0.0,-7.2,78,9.0,3,1027.2,0,0,0,0,0.0,0.0,41.7658,-72.6734,2024,12,26,3
2024-12-26 04:00:00,0.0,0.0,0.0,0.0,-7.7,79,9.5,10,1027.3,0,0,0,0,0.0,0.0,41.7658,-72.6734,2024,12,26,4
2024-12-26 05:00:00,0.0,0.0,0.0,0.0,-8.2,80,9.6,6,1027.4,0,0,0,0,0.0,0.0,41.7658,-72.6734,2024,12,26,5
2024-12-26 06:00:00,0.0,0.0,0.0,0.0,-8.5,79,9.4,7,1027.9,0,0,0,0,0.0,0.0,41.7658,-72.6734,2024,12,26,6
2024-12-26 07:00:00,0.0,0.0,0.0,0.0,-8.8,79,8.9,7,1028.2,0,0,0,0,0.0,0.0,41.7658,-72.6734,2024,12,26,7
2024-12-26 08:00:00,0.0,0.0,0.0,0.0,-9.0,78,8.4,10,1028.7,0,0,0,0,0.0,0.0,41.7658,-72.6734,2024,12,26,8
2024-12-26 09:00:00,20.0,11.0,9.0,164.2,-9.0,75,7.6,12,1029.3,0,0,0,0,0.0,2278.54,41.7658,-72.6734,2024,12,26,9
2024-12-26 10:00:00,143.0,99.0,44.0,576.1,-7.8,67,6.6,9,1029.6,0,0,0,0,0.0,3600.0,41.7658,-72.6734,2024,12,26,10
2024-12-26 11:00:00,280.0,218.0,62.0,743.9,-5.9,58,6.3,3,1029.7,0,0,0,0,0.0,3600.0,41.7658,-72.6734,2024,12,26,11
2024-12-26 12:00:00,381.0,310.0,71.0,823.8,-3.8,49,5.9,360,1028.8,0,0,0,0,0.0,3600.0,41.7658,-72.6734,2024,12,26,12
2024-12-26 13:00:00,430.0,356.0,74.0,855.8,-1.7,44,5.8,360,1027.6,0,0,0,0,0.0,3600.0,41.7658,-72.6734,2024,12,26,13
2024-12-26 14:00:00,423.0,350.0,73.0,854.9,-0.3,41,4.5,355,1026.9,0,0,0,0,0.0,3600.0,41.7658,-72.6734,2024,12,26,14
2024-12-26 15:00:00,360.0,292.0,68.0,818.1,0.5,39,3.1,347,1026.5,0,0,0,0,0.0,3600.0,41.7658,-72.6734,2024,12,26,15
2024-12-26 16:00:00,247.0,190.0,57.0,724.6,0.4,38,2.9,11,1026.6,0,0,0,0,0.0,3600.0,41.7658,-72.6734,2024,12,26,16
2024-12-26 17:00:00,105.0,70.0,35.0,531.6,-1.3,44,1.2,333,1026.7,0,0,0,0,0.0,3600.0,41.7658,-72.6734,2024,12,26,17
2024-12-26 18:00:00,5.0,2.0,3.0,38.2,-3.0,50,3.4,317,1026.8,0,0,0,0,0.0,106.22,41.7658,-72.6734,2024,12,26,18
2024-12-26 19:00:00,0.0,0.0,0.0,0.0,-3.4,51,4.5,331,1027.1,0,0,0,0,0.0,0.0,41.7658,-72.6734,2024,12,26,19
2024-12-26 20:00:00,0.0,0.0,0.0,0.0,-3.8,52,4.4,351,1027.6,0,0,0,0,0.0,0.0,41.7658,-72.6734,2024,12,26,20
2024-12-26 21:00:00,0.0,0.0,0.0,0.0,-3.7,66,3.7,346,1027.9,0,0,0,0,0.0,0.0,41.7658,-72.6734,2024,12,26,21
2024-12-26 22:00:00,0.0,0.0,0.0,0.0,-3.5,64,4.7,9,1027.7,0,0,0,0,0.0,0.0,41.7658,-72.6734,2024,12,26,22
2024-12-26 23:00:00,0.0,0.0,0.0,0.0,-3.6,63,6.6,13,1027.7,0,0,0,0,0.0,0.0,41.7658,-72.6734,2024,12,26,23
2024-12-27 00:00:00,0.0,0.0,0.0,0.0,-4.1,62,6.9,9,1027.8,0,0,0,0,0.0,0.0,41.7658,-72.6734,2024,12,27,0
2024-12-27 01:00:00,0.0,0.0,0.0,0.0,-4.7,63,7.1,6,1027.5,0,0,0,0,0.0,0.0,41.7658,-72.6734,2024,12,27,1
2024-12-27 02:00:00,0.0,0.0,0.0,0.0,-5.4,66,6.4,8,1027.5,0,0,0,0,0.0,0.0,41.7658,-72.6734,2024,12,27,2
2024-12-27 03:00:00,0.0,0.0,0.0,0.0,-6.0,68,5.4,20,1027.6,0,0,0,0,0.0,0.0,41.7658,-72.6734,2024,12,27,3
2024-12-27 04:00:00,0.0,0.0,0.0,0.0,-6.5,70,4.7,9,1028.0,0,0,0,0,0.0,0.0,41.7658,-72.6734,2024,12,27,4
2024-12-27 05:00:00,0.0,0.0,0.0,0.0,-7.0,71,5.3,12,1027.9,0,0,0,0,0.0,0.0,41.7658,-72.6734,2024,12,27,5
2024-12-27 06:00:00,0.0,0.0,0.0,0.0,-7.6,74,5.0,30,1028.0,0,0,0,0,0.0,0.0,41.7658,-72.6734,2024,12,27,6
2024-12-27 07:00:00,0.0,0.0,0.0,0.0,-8.2,77,2.9,7,1028.1,0,0,0,0,0.0,0.0,41.7658,-72.6734,2024,12,27,7
2024-12-27 08:00:00,0.0,0.0,0.0,0.0,-8.5,79,2.8,342,1028.3,0,0,0,0,0.0,0.0,41.7658,-72.6734,2024,12,27,8
2024-12-27 09:00:00,20.0,11.0,9.0,165.0,-8.3,77,3.4,357,1028.5,0,0,0,0,0.0,2260.58,41.7658,-72.6734,2024,12,27,9
2024-12-27 10:00:00,146.0,102.0,44.0,595.3,-6.8,68,2.4,347,1028.9,0,0,0,0,0.0,3600.0,41.7658,-72.6734,2024,12,27,10
2024-12-27 11:00:00,283.0,222.0,61.0,758.1,-4.6,58,1.2,27,1028.8,91,0,0,91,0.0,3600.0,41.7658,-72.6734,2024,12,27,11
2024-12-27 12:00:00,377.0,300.0,77.0,796.8,-2.3,50,2.4,138,1027.9,100,0,0,100,0.0,3600.0,41.7658,-72.6734,2024,12,27,12
2024-12-27 13:00:00,412.0,316.0,96.0,758.5,0.1,43,4.4,161,1026.7,100,0,0,100,0.0,3600.0,41.7658,-72.6734,2024,12,27,13
2024-12-27 14:00:00,388.0,273.0,115.0,665.3,1.7,39,5.7,162,1025.5,99,0,0,99,0.0,3600.0,41.7658,-72.6734,2024,12,27,14
2024-12-27 15:00:00,323.0,221.0,102.0,616.8,2.8,36,6.7,166,1024.7,93,0,0,93,0.0,3600.0,41.7658,-72.6734,2024,12,27,15
2024-12-27 16:00:00,224.0,151.0,73.0,572.3,3.2,36,7.4,180,1024.4,100,0,0,100,0.0,3600.0,41.7658,-72.6734,2024,12,27,16
2024-12-27 17:00:00,93.0,48.0,45.0,359.4,1.9,43,7.2,183,1024.4,98,0,0,98,0.0,3600.0,41.7658,-72.6734,2024,12,27,17
2024-12-27 18:00:00,5.0,1.0,4.0,19.1,0.8,48,8.6,196,1024.3,95,0,0,95,0.0,0.0,41.7658,-72.6734,2024,12,27,18
2024-12-27 19:00:00,0.0,0.0,0.0,0.0,-0.1,54,8.5,207,1025.0,98,0,0,98,0.0,0.0,41.7658,-72.6734,2024,12,27,19
2024-12-27 20:00:00,0.0,0.0,0.0,0.0,-1.0,61,7.0,192,1025.4,44,0,0,44,0.0,0.0,41.7658,-72.6734,2024,12,27,20
2024-12-27 21:00:00,0.0,0.0,0.0,0.0,-1.0,73,7.0,201,1025.1,100,0,0,100,0.0,0.0,41.7658,-72.6734,2024,12,27,21
2024-12-27 22:00:00,0.0,0.0,0.0,0.0,-0.9,74,6.9,197,1024.7,98,0,0,98,0.0,0.0,41.7658,-72.6734,2024,12,27,22
2024-12-27 23:00:00,0.0,0.0,0.0,0.0,-0.7,75,7.8,202,1024.6,100,0,0,100,0.0,0.0,41.7658,-72.6734,2024,12,27,23
2024-12-28 00:00:00,0.0,0.0,0.0,0.0,-0.6,78,6.8,191,1024.1,100,0,0,100,0.0,0.0,41.7658,-72.6734,2024,12,28,0
2024-12-28 01:00:00,0.0,0.0,0.0,0.0,-0.5,80,6.5,208,1023.7,100,0,3,100,0.0,0.0,41.7658,-72.6734,2024,12,28,1
2024-12-28 02:00:00,0.0,0.0,0.0,0.0,-0.6,83,5.4,188,1023.3,100,0,100,100,0.0,0.0,41.7658,-72.6734,2024,12,28,2
2024-12-28 03:00:00,0.0,0.0,0.0,0.0,0.4,82,5.7,189,1023.5,100,6,98,100,0.0,0.0,41.7658,-72.6734,2024,12,28,3
2024-12-28 04:00:00,0.0,0.0,0.0,0.0,0.8,84,6.3,180,1023.2,100,84,100,100,0.0,0.0,41.7658,-72.6734,2024,12,28,4
2024-12-28 05:00:00,0.0,0.0,0.0,0.0,1.2,88,6.7,177,1022.6,100,100,100,99,0.3,0.0,41.7658,-72.6734,2024,12,28,5
2024-12-28 06:00:00,0.0,0.0,0.0,0.0,1.4,91,7.6,179,1022.5,100,100,100,100,0.2,0.0,41.7658,-72.6734,2024,12,28,6
2024-12-28 07:00:00,0.0,0.0,0.0,0.0,1.3,95,7.4,177,1022.1,100,100,100,100,0.2,0.0,41.7658,-72.6734,2024,12,28,7
2024-12-28 08:00:00,0.0,0.0,0.0,0.0,1.4,96,7.0,180,1022.1,100,100,100,99,0.1,0.0,41.7658,-72.6734,2024,12,28,8
2024-12-28 09:00:00,4.0,0.0,4.0,0.0,1.6,97,8.4,187,1022.0,100,82,100,85,0.3,0.0,41.7658,-72.6734,2024,12,28,9
2024-12-28 10:00:00,29.0,0.0,29.0,0.0,2.1,97,7.0,190,1022.3,100,100,100,53,0.2,0.0,41.7658,-72.6734,2024,12,28,10
2024-12-28 11:00:00,39.0,0.0,39.0,0.0,2.4,97,5.3,190,1022.6,100,100,100,96,0.1,0.0,41.7658,-72.6734,2024,12,28,11
2024-12-28 12:00:00,40.0,0.0,40.0,0.0,2.7,98,5.1,170,1021.9,100,100,100,14,0.2,0.0,41.7658,-72.6734,2024,12,28,12
2024-12-28 13:00:00,68.0,0.0,68.0,0.0,3.4,98,4.6,159,1021.2,100,100,100,48,0.2,0.0,41.7658,-72.6734,2024,12,28,13
2024-12-28 14:00:00,73.0,0.0,73.0,0.0,3.9,99,5.0,161,1020.3,100,100,33,97,0.1,0.0,41.7658,-72.6734,2024,12,28,14
2024-12-28 15:00:00,131.0,9.0,122.0,25.0,5.3,98,7.7,169,1019.6,100,100,33,97,0.0,0.0,41.7658,-72.6734,2024,12,28,15
2024-12-28 16:00:00,87.0,4.0,83.0,15.1,5.2,98,9.1,171,1019.7,100,100,29,99,0.0,0.0,41.7658,-72.6734,2024,12,28,16
2024-12-28 17:00:00,50.0,1.0,49.0,7.4,4.1,99,6.1,175,1019.6,100,97,12,99,0.0,0.0,41.7658,-72.6734,2024,12,28,17
2024-12-28 18:00:00,3.0,0.0,3.0,0.0,3.2,99,6.7,174,1019.8,100,96,6,100,0.0,0.0,41.7658,-72.6734,2024,12,28,18
2024-12-28 19:00:00,0.0,0.0,0.0,0.0,2.8,99,6.7,171,1019.9,100,100,2,100,0.0,0.0,41.7658,-72.6734,2024,12,28,19
2024-12-28 20:00:00,0.0,0.0,0.0,0.0,2.5,99,6.6,171,1020.0,100,100,5,100,0.0,0.0,41.7658,-72.6734,2024,12,28,20
2024-12-28 21:00:00,0.0,0.0,0.0,0.0,3.1,99,5.6,195,1019.5,100,100,100,99,0.0,0.0,41.7658,-72.6734,2024,12,28,21
2024-12-28 22:00:00,0.0,0.0,0.0,0.0,2.8,100,5.2,196,1019.6,100,100,100,99,0.1,0.0,41.7658,-72.6734,2024,12,28,22
2024-12-28 23:00:00,0.0,0.0,0.0,0.0,2.9,100,5.8,176,1019.5,100,100,100,100,0.4,0.0,41.7658,-72.6734,2024,12,28,23
2024-12-29 00:00:00,0.0,0.0,0.0,0.0,3.3,99,7.1,189,1019.6,100,100,100,100,0.1,0.0,41.7658,-72.6734,2024,12,29,0
2024-12-29 01:00:00,0.0,0.0,0.0,0.0,3.5,99,6.7,186,1018.9,100,100,12,100,0.1,0.0,41.7658,-72.6734,2024,12,29,1
2024-12-29 02:00:00,0.0,0.0,0.0,0.0,3.9,99,7.4,186,1018.7,100,100,0,100,0.0,0.0,41.7658,-72.6734,2024,12,29,2
2024-12-29 03:00:00,0.0,0.0,0.0,0.0,3.7,99,5.2,207,1019.0,100,100,0,98,0.0,0.0,41.7658,-72.6734,2024,12,29,3
2024-12-29 04:00:00,0.0,0.0,0.0,0.0,3.7,100,4.6,189,1019.1,100,100,0,98,0.0,0.0,41.7658,-72.6734,2024,12,29,4
2024-12-29 05:00:00,0.0,0.0,0.0,0.0,3.6,100,3.8,180,1018.8,100,100,0,96,0.0,0.0,41.7658,-72.6734,2024,12,29,5
2024-12-29 06:00:00,0.0,0.0,0.0,0.0,3.7,100,1.9,202,1018.7,100,100,3,98,0.0,0.0,41.7658,-72.6734,2024,12,29,6
2024-12-29 07:00:00,0.0,0.0,0.0,0.0,3.5,100,0.6,342,1018.8,100,100,31,99,0.0,0.0,41.7658,-72.6734,2024,12,29,7
2024-12-29 08:00:00,0.0,0.0,0.0,0.0,3.2,100,1.2,39,1018.3,100,100,73,97,0.0,0.0,41.7658,-72.6734,2024,12,29,8
2024-12-29 09:00:00,4.0,0.0,4.0,0.0,3.0,99,0.3,315,1018.2,100,100,17,80,0.0,0.0,41.7658,-72.6734,2024,12,29,9
2024-12-29 10:00:00,30.0,0.0,30.0,0.0,3.1,97,0.4,27,1018.0,100,100,63,82,0.0,0.0,41.7658,-72.6734,2024,12,29,10
2024-12-29 11:00:00,58.0,0.0,58.0,0.0,3.8,96,2.1,200,1017.8,100,100,100,63,0.1,0.0,41.7658,-72.6734,2024,12,29,11
2024-12-29 12:00:00,61.0,0.0,61.0,0.0,4.5,95,1.6,297,1016.7,100,100,71,3,0.3,0.0,41.7658,-72.6734,2024,12,29,12
2024-12-29 13:00:00,81.0,0.0,81.0,0.0,5.8,93,2.1,255,1015.5,100,100,100,93,0.0,0.0,41.7658,-72.6734,2024,12,29,13
2024-12-29 14:00:00,62.0,0.0,62.0,0.0,6.8,100,6.5,175,1014.3,100,99,59,96,0.1,0.0,41.7658,-72.6734,2024,12,29,14
2024-12-29 15:00:00,191.0,81.0,110.0,224.2,10.2,99,9.4,185,1013.6,99,92,2,92,0.0,3600.0,41.7658,-72.6734,2024,12,29,15
2024-12-29 16:00:00,153.0,61.0,92.0,228.0,11.4,98,12.6,181,1013.0,100,37,0,100,0.0,3600.0,41.7658,-72.6734,2024,12,29,16
2024-12-29 17:00:00,75.0,25.0,50.0,181.7,11.0,97,14.2,179,1012.2,100,28,0,99,0.0,3600.0,41.7658,-72.6734,2024,12,29,17
2024-12-29 18:00:00,6.0,1.0,5.0,19.1,10.3,96,14.0,179,1011.7,99,39,0,98,0.0,0.0,41.7658,-72.6734,2024,12,29,18
2024-12-29 19:00:00,0.0,0.0,0.0,0.0,9.5,97,14.5,174,1011.2,97,8,0,97,0.0,0.0,41.7658,-72.6734,2024,12,29,19
2024-12-29 20:00:00,0.0,0.0,0.0,0.0,9.3,97,14.6,177,1010.6,98,0,0,98,0.0,0.0,41.7658,-72.6734,2024,12,29,20
2024-12-29 21:00:00,0.0,0.0,0.0,0.0,10.2,92,18.6,177,1009.7,100,100,7,89,0.0,0.0,41.7658,-72.6734,2024,12,29,21
2024-12-29 22:00:00,0.0,0.0,0.0,0.0,10.8,90,19.6,169,1008.7,100,100,31,94,0.0,0.0,41.7658,-72.6734,2024,12,29,22
2024-12-29 23:00:00,0.0,0.0,0.0,0.0,11.5,89,21.4,167,1007.4,100,100,100,97,0.0,0.0,41.7658,-72.6734,2024,12,29,23
2024-12-30 00:00:00,0.0,0.0,0.0,0.0,11.9,88,20.8,163,1006.6,100,100,100,98,0.0,0.0,41.7658,-72.6734,2024,12,30,0
2024-12-30 01:00:00,0.0,0.0,0.0,0.0,12.1,89,20.6,166,1005.4,100,100,100,97,0.1,0.0,41.7658,-72.6734,2024,12,30,1
2024-12-30 02:00:00,0.0,0.0,0.0,0.0,12.2,92,21.4,168,1004.6,100,57,100,100,0.2,0.0,41.7658,-72.6734,2024,12,30,2
2024-12-30 03:00:00,0.0,0.0,0.0,0.0,11.9,94,21.9,163,1003.3,100,49,100,100,0.3,0.0,41.7658,-72.6734,2024,12,30,3
2024-12-30 04:00:00,0.0,0.0,0.0,0.0,11.8,96,24.7,161,1002.3,100,91,100,100,0.4,0.0,41.7658,-72.6734,2024,12,30,4
2024-12-30 05:00:00,0.0,0.0,0.0,0.0,12.0,97,24.8,164,1000.5,100,100,100,100,3.3,0.0,41.7658,-72.6734,2024,12,30,5
2024-12-30 06:00:00,0.0,0.0,0.0,0.0,11.9,97,19.7,175,1000.3,100,100,100,100,5.3,0.0,41.7658,-72.6734,2024,12,30,6
2024-12-30 07:00:00,0.0,0.0,0.0,0.0,11.5,98,18.4,175,999.6,100,100,100,100,2.3,0.0,41.7658,-72.6734,2024,12,30,7
2024-12-30 08:00:00,0.0,0.0,0.0,0.0,11.0,99,14.9,181,999.6,100,100,39,100,0.3,0.0,41.7658,-72.6734,2024,12,30,8
2024-12-30 09:00:00,2.0,0.0,2.0,0.0,11.6,99,18.5,172,998.0,100,100,99,100,0.2,0.0,41.7658,-72.6734,2024,12,30,9
2024-12-30 10:00:00,22.0,0.0,22.0,0.0,11.3,98,18.5,191,998.2,100,100,35,70,0.1,0.0,41.7658,-72.6734,2024,12,30,10
2024-12-30 11:00:00,94.0,7.0,87.0,23.9,11.7,96,16.7,207,997.8,78,72,22,1,0.1,0.0,41.7658,-72.6734,2024,12,30,11
2024-12-30 12:00:00,307.0,219.0,88.0,579.7,12.9,92,15.7,212,997.7,89,38,80,59,0.3,3600.0,41.7658,-72.6734,2024,12,30,12
2024-12-30 13:00:00,176.0,36.0,140.0,85.9,12.7,82,14.8,227,997.2,9,9,0,0,0.0,777.27,41.7658,-72.6734,2024,12,30,13
2024-12-30 14:00:00,391.0,318.0,73.0,768.1,13.4,58,17.1,240,997.1,0,0,0,0,0.0,3600.0,41.7658,-72.6734,2024,12,30,14
2024-12-30 15:00:00,337.0,272.0,65.0,749.3,12.9,54,16.7,240,997.7,0,0,0,0,0.0,3600.0,41.7658,-72.6734,2024,12,30,15
2024-12-30 16:00:00,234.0,178.0,56.0,660.6,11.8,56,15.5,241,998.6,1,1,0,0,0.0,3600.0,41.7658,-72.6734,2024,12,30,16
2024-12-30 17:00:00,103.0,69.0,34.0,493.7,10.2,58,12.5,233,999.5,2,1,2,0,0.0,3600.0,41.7658,-72.6734,2024,12,30,17
2024-12-30 18:00:00,7.0,3.0,4.0,57.3,8.4,62,12.9,233,1000.6,2,2,0,0,0.0,379.09,41.7658,-72.6734,2024,12,30,18
2024-12-30 19:00:00,0.0,0.0,0.0,0.0,7.6,64,13.1,238,1001.7,0,0,0,0,0.0,0.0,41.7658,-72.6734,2024,12,30,19
2024-12-30 20:00:00,0.0,0.0,0.0,0.0,6.2,70,11.1,227,1002.6,0,0,0,0,0.0,0.0,41.7658,-72.6734,2024,12,30,20
2024-12-30 21:00:00,0.0,0.0,0.0,0.0,6.2,72,12.1,207,1002.9,53,50,30,0,0.0,0.0,41.7658,-72.6734,2024,12,30,21
2024-12-30 22:00:00,0.0,0.0,0.0,0.0,6.3,70,13.8,217,1003.5,59,9,57,0,0.0,0.0,41.7658,-72.6734,2024,12,30,22
2024-12-30 23:00:00,0.0,0.0,0.0,0.0,6.3,69,13.0,222,1004.2,28,0,23,7,0.0,0.0,41.7658,-72.6734,2024,12,30,23
2024-12-31 00:00:00,0.0,0.0,0.0,0.0,5.7,72,12.7,227,1004.7,68,2,53,30,0.0,0.0,41.7658,-72.6734,2024,12,31,0
2024-12-31 01:00:00,0.0,0.0,0.0,0.0,5.3,75,12.3,231,1005.1,4,2,1,1,0.0,0.0,41.7658,-72.6734,2024,12,31,1
2024-12-31 02:00:00,0.0,0.0,0.0,0.0,4.3,79,11.1,234,1005.6,5,1,0,4,0.0,0.0,41.7658,-72.6734,2024,12,31,2
2024-12-31 03:00:00,0.0,0.0,0.0,0.0,3.7,83,9.3,236,1006.2,1,1,0,0,0.0,0.0,41.7658,-72.6734,2024,12,31,3
2024-12-31 04:00:00,0.0,0.0,0.0,0.0,3.0,85,9.2,230,1006.6,0,0,0,0,0.0,0.0,41.7658,-72.6734,2024,12,31,4
2024-12-31 05:00:00,0.0,0.0,0.0,0.0,2.5,86,9.3,233,1006.7,0,0,0,0,0.0,0.0,41.7658,-72.6734,2024,12,31,5
2024-12-31 06:00:00,0.0,0.0,0.0,0.0,1.9,88,8.7,238,1007.3,0,0,0,0,0.0,0.0,41.7658,-72.6734,2024,12,31,6
2024-12-31 07:00:00,0.0,0.0,0.0,0.0,1.4,88,8.9,230,1008.2,1,1,0,0,0.0,0.0,41.7658,-72.6734,2024,12,31,7
2024-12-31 08:00:00,0.0,0.0,0.0,0.0,0.8,89,6.5,226,1009.0,30,0,0,30,0.0,0.0,41.7658,-72.6734,2024,12,31,8
2024-12-31 09:00:00,18.0,9.0,9.0,136.6,1.4,85,7.1,204,1009.4,84,0,0,84,0.0,2211.03,41.7658,-72.6734,2024,12,31,9
2024-12-31 10:00:00,125.0,70.0,55.0,411.0,2.8,83,5.8,178,1009.8,31,0,0,31,0.0,3600.0,41.7658,-72.6734,2024,12,31,10
2024-12-31 11:00:00,262.0,197.0,65.0,671.9,4.6,77,4.3,182,1010.0,4,0,0,4,0.0,3600.0,41.7658,-72.6734,2024,12,31,11
2024-12-31 12:00:00,365.0,300.0,65.0,792.8,6.5,72,3.9,167,1009.5,5,0,0,5,0.0,3600.0,41.7658,-72.6734,2024,12,31,12
2024-12-31 13:00:00,411.0,339.0,72.0,807.0,8.0,66,3.6,153,1008.2,0,0,0,0,0.0,3600.0,41.7658,-72.6734,2024,12,31,13
2024-12-31 14:00:00,407.0,340.0,67.0,818.4,8.8,60,4.7,164,1007.6,31,0,25,12,0.0,3600.0,41.7658,-72.6734,2024,12,31,14
2024-12-31 15:00:00,331.0,247.0,84.0,677.2,9.3,59,5.2,174,1007.0,100,0,100,66,0.0,3600.0,41.7658,-72.6734,2024,12,31,15
2024-12-31 16:00:00,201.0,99.0,102.0,364.7,9.4,63,3.8,177,1006.8,83,0,83,0,0.0,3600.0,41.7658,-72.6734,2024,12,31,16
2024-12-31 17:00:00,82.0,26.0,56.0,183.1,8.1,69,5.4,176,1006.7,90,0,89,21,0.0,3600.0,41.7658,-72.6734,2024,12,31,17
2024-12-31 18:00:00,6.0,1.0,5.0,19.1,6.6,72,9.2,163,1007.0,93,0,93,9,0.0,0.0,41.7658,-72.6734,2024,12,31,18
2024-12-31 19:00:00,0.0,0.0,0.0,0.0,5.3,75,8.8,137,1006.7,100,0,83,100,0.0,0.0,41.7658,-72.6734,2024,12,31,19
2024-12-31 20:00:00,0.0,0.0,0.0,0.0,4.4,79,8.4,113,1006.1,97,0,93,50,0.0,0.0,41.7658,-72.6734,2024,12,31,20
2024-12-31 21:00:00,0.0,0.0,0.0,0.0,4.5,78,8.8,85,1005.1,99,0,20,98,0.0,0.0,41.7658,-72.6734,2024,12,31,21
2024-12-31 22:00:00,0.0,0.0,0.0,0.0,4.2,82,10.3,79,1003.6,100,0,20,100,0.0,0.0,41.7658,-72.6734,2024,12,31,22
2024-12-31 23:00:00,0.0,0.0,0.0,0.0,4.4,81,10.4,69,1002.0,100,11,100,100,0.0,0.0,41.7658,-72.6734,2024,12,31,23
