timestamp,ghi,direct_horizontal,dhi,dni,temperature,humidity,wind_speed,wind_direction,pressure,cloud_type,cloud_low,cloud_mid,cloud_high,precipitable_water,sunshine_duration,latitude,longitude,year,month,day,hour
2022-01-01 00:00:00,0.0,0.0,0.0,0.0,2.7,94,4.7,293,1011.0,100,100,73,0,0.0,0.0,43.6591,-70.2568,2022,1,1,0
2022-01-01 01:00:00,0.0,0.0,0.0,0.0,2.2,98,6.4,317,1010.6,100,100,66,0,0.0,0.0,43.6591,-70.2568,2022,1,1,1
2022-01-01 02:00:00,0.0,0.0,0.0,0.0,1.7,98,7.7,233,1010.8,100,100,96,0,0.5,0.0,43.6591,-70.2568,2022,1,1,2
2022-01-01 03:00:00,0.0,0.0,0.0,0.0,2.3,96,4.5,241,1010.5,100,100,0,86,0.1,0.0,43.6591,-70.2568,2022,1,1,3
2022-01-01 04:00:00,0.0,0.0,0.0,0.0,2.3,94,5.1,274,1010.5,100,100,0,99,0.0,0.0,43.6591,-70.2568,2022,1,1,4
2022-01-01 05:00:00,0.0,0.0,0.0,0.0,1.9,95,3.7,281,1010.0,100,100,0,95,0.0,0.0,43.6591,-70.2568,2022,1,1,5
2022-01-01 06:00:00,0.0,0.0,0.0,0.0,2.4,94,3.1,306,1009.4,100,100,5,100,0.0,0.0,43.6591,-70.2568,2022,1,1,6
2022-01-01 07:00:00,0.0,0.0,0.0,0.0,1.8,96,1.5,346,1009.3,100,100,27,100,0.0,0.0,43.6591,-70.2568,2022,1,1,7
2022-01-01 08:00:00,0.0,0.0,0.0,0.0,1.6,93,5.1,4,1009.5,100,100,51,100,0.0,0.0,43.6591,-70.2568,2022,1,1,8
2022-01-01 09:00:00,4.0,0.0,4.0,0.0,1.7,91,3.0,14,1009.7,100,100,50,100,0.1,0.0,43.6591,-70.2568,2022,1,1,9
2022-01-01 10:00:00,21.0,0.0,21.0,0.0,2.2,92,3.7,29,1009.4,100,100,90,100,0.1,0.0,43.6591,-70.2568,2022,1,1,10
2022-01-01 11:00:00,58.0,0.0,58.0,0.0,3.3,90,4.3,48,1008.5,100,100,100,100,0.3,0.0,43.6591,-70.2568,2022,1,1,11
2022-01-01 12:00:00,69.0,0.0,69.0,0.0,3.4,92,5.2,74,1007.7,100,100,92,100,0.7,0.0,43.6591,-70.2568,2022,1,1,12
2022-01-01 13:00:00,158.0,16.0,142.0,40.7,3.9,89,6.9,62,1005.8,100,100,100,100,1.3,0.0,43.6591,-70.2568,2022,1,1,13
2022-01-01 14:00:00,48.0,0.0,48.0,0.0,2.7,100,10.6,145,1004.9,100,100,100,100,0.2,0.0,43.6591,-70.2568,2022,1,1,14
2022-01-01 15:00:00,42.0,0.0,42.0,0.0,3.6,100,9.1,187,1004.7,100,100,100,100,0.1,0.0,43.6591,-70.2568,2022,1,1,15
2022-01-01 16:00:00,27.0,0.0,27.0,0.0,2.7,100,7.6,211,1003.2,100,100,100,100,0.2,0.0,43.6591,-70.2568,2022,1,1,16
2022-01-01 17:00:00,9.0,0.0,9.0,0.0,2.4,100,7.2,307,1003.6,100,100,64,100,0.1,0.0,43.6591,-70.2568,2022,1,1,17
2022-01-01 18:00:00,0.0,0.0,0.0,0.0,1.5,100,6.1,320,1003.3,100,100,0,100,0.0,0.0,43.6591,-70.2568,2022,1,1,18
2022-01-01 19:00:00,0.0,0.0,0.0,0.0,1.4,100,6.6,331,1002.9,100,93,0,100,0.0,0.0,43.6591,-70.2568,2022,1,1,19
2022-01-01 20:00:00,0.0,0.0,0.0,0.0,1.4,100,5.4,323,1003.3,100,100,10,100,0.0,0.0,43.6591,-70.2568,2022,1,1,20
2022-01-01 21:00:00,0.0,0.0,0.0,0.0,0.6,100,5.6,320,1003.4,100,100,41,100,0.0,0.0,43.6591,-70.2568,2022,1,1,21
2022-01-01 22:00:00,0.0,0.0,0.0,0.0,0.3,100,4.6,309,1002.4,100,71,12,100,0.0,0.0,43.6591,-70.2568,2022,1,1,22
2022-01-01 23:00:00,0.0,0.0,0.0,0.0,0.6,100,6.9,321,1001.9,100,21,98,100,0.0,0.0,43.6591,-70.2568,2022,1,1,23
2022-01-02 00:00:00,0.0,0.0,0.0,0.0,0.3,100,6.1,320,1001.5,100,55,68,100,0.0,0.0,43.6591,-70.2568,2022,1,2,0
2022-01-02 01:00:00,0.0,0.0,0.0,0.0,0.1,100,4.7,337,1000.8,100,66,73,100,0.0,0.0,43.6591,-70.2568,2022,1,2,1
2022-01-02 02:00:00,0.0,0.0,0.0,0.0,0.4,100,5.4,356,999.9,100,74,100,100,0.0,0.0,43.6591,-70.2568,2022,1,2,2
2022-01-02 03:00:00,0.0,0.0,0.0,0.0,1.0,100,5.9,349,1000.2,100,83,100,100,0.0,0.0,43.6591,-70.2568,2022,1,2,3
2022-01-02 04:00:00,0.0,0.0,0.0,0.0,1.3,100,8.3,2,999.7,100,48,100,100,0.2,0.0,43.6591,-70.2568,2022,1,2,4
2022-01-02 05:00:00,0.0,0.0,0.0,0.0,1.7,100,7.8,22,998.1,100,100,100,100,0.2,0.0,43.6591,-70.2568,2022,1,2,5
2022-01-02 06:00:00,0.0,0.0,0.0,0.0,0.8,100,6.5,354,998.3,100,37,100,100,0.0,0.0,43.6591,-70.2568,2022,1,2,6
2022-01-02 07:00:00,0.0,0.0,0.0,0.0,1.4,100,6.8,357,998.0,100,25,100,100,0.1,0.0,43.6591,-70.2568,2022,1,2,7
2022-01-02 08:00:00,0.0,0.0,0.0,0.0,1.9,100,5.4,356,998.1,100,100,100,100,0.1,0.0,43.6591,-70.2568,2022,1,2,8
2022-01-02 09:00:00,2.0,0.0,2.0,0.0,2.4,100,9.7,360,997.4,100,64,100,100,0.6,0.0,43.6591,-70.2568,2022,1,2,9
2022-01-02 10:00:00,24.0,0.0,24.0,0.0,2.8,100,10.6,350,997.6,100,100,100,100,0.3,0.0,43.6591,-70.2568,2022,1,2,10
2022-01-02 11:00:00,26.0,0.0,26.0,0.0,3.4,93,11.2,6,997.3,100,100,100,100,0.1,0.0,43.6591,-70.2568,2022,1,2,11
2022-01-02 12:00:00,75.0,0.0,75.0,0.0,3.9,92,11.9,357,997.1,100,100,100,100,0.0,0.0,43.6591,-70.2568,2022,1,2,12
2022-01-02 13:00:00,32.0,0.0,32.0,0.0,2.9,100,10.7,346,997.4,100,100,100,100,0.8,0.0,43.6591,-70.2568,2022,1,2,13
2022-01-02 14:00:00,20.0,0.0,20.0,0.0,2.6,100,11.9,3,997.7,100,100,100,94,0.6,0.0,43.6591,-70.2568,2022,1,2,14
2022-01-02 15:00:00,38.0,1.0,37.0,3.0,2.9,90,14.9,8,998.0,100,100,100,2,0.1,0.0,43.6591,-70.2568,2022,1,2,15
2022-01-02 16:00:00,22.0,0.0,22.0,0.0,2.0,91,13.8,6,998.8,100,100,100,99,0.1,0.0,43.6591,-70.2568,2022,1,2,16
2022-01-02 17:00:00,12.0,0.0,12.0,0.0,1.3,91,14.1,4,1000.5,100,100,100,96,0.0,0.0,43.6591,-70.2568,2022,1,2,17
2022-01-02 18:00:00,0.0,0.0,0.0,0.0,0.5,89,16.0,8,1001.3,100,100,100,59,0.0,0.0,43.6591,-70.2568,2022,1,2,18
2022-01-02 19:00:00,0.0,0.0,0.0,0.0,-0.2,86,16.2,4,1003.5,100,100,100,57,0.0,0.0,43.6591,-70.2568,2022,1,2,19
2022-01-02 20:00:00,0.0,0.0,0.0,0.0,0.8,91,13.5,9,1004.6,100,100,100,47,0.1,0.0,43.6591,-70.2568,2022,1,2,20
2022-01-02 21:00:00,0.0,0.0,0.0,0.0,0.7,92,13.6,343,1006.5,100,100,100,68,0.3,0.0,43.6591,-70.2568,2022,1,2,21
2022-01-02 22:00:00,0.0,0.0,0.0,0.0,-0.3,85,17.4,336,1007.4,99,57,97,65,0.3,0.0,43.6591,-70.2568,2022,1,2,22
2022-01-02 23:00:00,0.0,0.0,0.0,0.0,-1.5,79,18.0,334,1008.2,86,63,41,60,0.0,0.0,43.6591,-70.2568,2022,1,2,23
2022-01-03 00:00:00,0.0,0.0,0.0,0.0,-3.0,76,16.5,337,1009.7,89,0,0,89,0.0,0.0,43.6591,-70.2568,2022,1,3,0
2022-01-03 01:00:00,0.0,0.0,0.0,0.0,-4.9,77,16.0,337,1011.4,55,0,0,55,0.0,0.0,43.6591,-70.2568,2022,1,3,1
2022-01-03 02:00:00,0.0,0.0,0.0,0.0,-6.4,75,14.5,341,1012.4,72,0,0,72,0.0,0.0,43.6591,-70.2568,2022,1,3,2
2022-01-03 03:00:00,0.0,0.0,0.0,0.0,-7.3,69,16.1,350,1013.6,82,0,0,82,0.0,0.0,43.6591,-70.2568,2022,1,3,3
2022-01-03 04:00:00,0.0,0.0,0.0,0.0,-8.1,63,15.1,348,1014.6,96,0,0,96,0.0,0.0,43.6591,-70.2568,2022,1,3,4
2022-01-03 05:00:00,0.0,0.0,0.0,0.0,-8.6,63,11.9,346,1016.3,100,0,0,100,0.0,0.0,43.6591,-70.2568,2022,1,3,5
2022-01-03 06:00:00,0.0,0.0,0.0,0.0,-8.9,64,12.7,352,1016.6,100,0,0,100,0.0,0.0,43.6591,-70.2568,2022,1,3,6
2022-01-03 07:00:00,0.0,0.0,0.0,0.0,-9.0,63,10.9,354,1017.7,81,0,0,81,0.0,0.0,43.6591,-70.2568,2022,1,3,7
2022-01-03 08:00:00,0.0,0.0,0.0,0.0,-8.9,67,13.8,9,1017.4,99,0,0,100,0.0,0.0,43.6591,-70.2568,2022,1,3,8
2022-01-03 09:00:00,17.0,2.0,15.0,30.0,-8.7,59,13.7,358,1018.8,100,0,0,100,0.0,0.0,43.6591,-70.2568,2022,1,3,9
2022-01-03 10:00:00,131.0,70.0,61.0,414.0,-8.5,53,15.1,360,1019.6,100,0,0,100,0.0,3600.0,43.6591,-70.2568,2022,1,3,10
2022-01-03 11:00:00,185.0,41.0,144.0,144.4,-7.9,46,16.3,354,1019.9,100,0,0,100,0.0,2531.45,43.6591,-70.2568,2022,1,3,11
2022-01-03 12:00:00,179.0,8.0,171.0,22.1,-7.3,40,14.1,354,1019.9,100,0,0,100,0.0,0.0,43.6591,-70.2568,2022,1,3,12
2022-01-03 13:00:00,199.0,9.0,190.0,22.7,-6.9,39,15.1,359,1018.7,100,0,0,100,0.0,0.0,43.6591,-70.2568,2022,1,3,13
2022-01-03 14:00:00,179.0,29.0,150.0,75.3,-6.6,39,12.6,357,1018.2,100,0,0,100,0.0,458.95,43.6591,-70.2568,2022,1,3,14
2022-01-03 15:00:00,161.0,13.0,148.0,39.4,-6.5,39,13.0,5,1017.5,100,0,20,100,0.0,0.0,43.6591,-70.2568,2022,1,3,15
2022-01-03 16:00:00,109.0,4.0,105.0,17.1,-6.6,41,14.0,360,1016.8,100,0,30,100,0.0,0.0,43.6591,-70.2568,2022,1,3,16
2022-01-03 17:00:00,37.0,0.0,37.0,0.0,-6.8,45,14.1,6,1016.6,100,0,64,100,0.0,0.0,43.6591,-70.2568,2022,1,3,17
2022-01-03 18:00:00,1.0,0.0,1.0,0.0,-7.1,48,11.9,3,1018.4,100,0,39,100,0.0,0.0,43.6591,-70.2568,2022,1,3,18
2022-01-03 19:00:00,0.0,0.0,0.0,0.0,-7.4,49,13.1,8,1017.6,100,0,37,100,0.0,0.0,43.6591,-70.2568,2022,1,3,19
2022-01-03 20:00:00,0.0,0.0,0.0,0.0,-6.9,54,13.8,354,1017.6,92,0,51,100,0.0,0.0,43.6591,-70.2568,2022,1,3,20
2022-01-03 21:00:00,0.0,0.0,0.0,0.0,-7.6,58,16.9,1,1017.4,100,0,11,100,0.0,0.0,43.6591,-70.2568,2022,1,3,21
2022-01-03 22:00:00,0.0,0.0,0.0,0.0,-8.2,61,16.2,359,1017.5,100,0,1,100,0.0,0.0,43.6591,-70.2568,2022,1,3,22
2022-01-03 23:00:00,0.0,0.0,0.0,0.0,-9.1,63,15.5,1,1018.1,100,0,0,100,0.0,0.0,43.6591,-70.2568,2022,1,3,23
2022-01-04 00:00:00,0.0,0.0,0.0,0.0,-9.6,62,14.4,357,1018.7,100,0,0,100,0.0,0.0,43.6591,-70.2568,2022,1,4,0
2022-01-04 01:00:00,0.0,0.0,0.0,0.0,-10.4,63,14.7,349,1019.1,92,0,0,92,0.0,0.0,43.6591,-70.2568,2022,1,4,1
2022-01-04 02:00:00,0.0,0.0,0.0,0.0,-11.2,63,16.0,346,1019.0,0,0,0,0,0.0,0.0,43.6591,-70.2568,2022,1,4,2
2022-01-04 03:00:00,0.0,0.0,0.0,0.0,-12.0,63,16.9,340,1019.7,0,0,0,0,0.0,0.0,43.6591,-70.2568,2022,1,4,3
2022-01-04 04:00:00,0.0,0.0,0.0,0.0,-12.5,61,15.3,345,1020.0,0,0,0,0,0.0,0.0,43.6591,-70.2568,2022,1,4,4
2022-01-04 05:00:00,0.0,0.0,0.0,0.0,-12.8,61,13.9,343,1020.4,0,0,0,0,0.0,0.0,43.6591,-70.2568,2022,1,4,5
2022-01-04 06:00:00,0.0,0.0,0.0,0.0,-12.9,60,12.4,343,1021.4,0,0,0,0,0.0,0.0,43.6591,-70.2568,2022,1,4,6
2022-01-04 07:00:00,0.0,0.0,0.0,0.0,-12.7,61,9.4,337,1021.8,0,0,0,0,0.0,0.0,43.6591,-70.2568,2022,1,4,7
2022-01-04 08:00:00,0.0,0.0,0.0,0.0,-11.7,60,7.0,325,1022.7,0,0,10,0,0.0,0.0,43.6591,-70.2568,2022,1,4,8
2022-01-04 09:00:00,22.0,12.0,10.0,179.4,-10.7,54,7.0,325,1023.4,0,0,0,0,0.0,2379.85,43.6591,-70.2568,2022,1,4,9
2022-01-04 10:00:00,146.0,103.0,43.0,607.3,-9.5,50,4.1,308,1024.1,0,0,0,0,0.0,3600.0,43.6591,-70.2568,2022,1,4,10
2022-01-04 11:00:00,277.0,217.0,60.0,761.9,-7.9,43,3.8,221,1024.2,0,0,0,0,0.0,3600.0,43.6591,-70.2568,2022,1,4,11
2022-01-04 12:00:00,370.0,302.0,68.0,833.1,-6.3,37,6.0,205,1023.6,0,0,0,0,0.0,3600.0,43.6591,-70.2568,2022,1,4,12
2022-01-04 13:00:00,413.0,341.0,72.0,858.2,-4.8,35,7.4,219,1022.8,2,0,0,2,0.0,3600.0,43.6591,-70.2568,2022,1,4,13
2022-01-04 14:00:00,400.0,330.0,70.0,852.7,-3.8,34,5.6,207,1021.6,0,0,0,0,0.0,3600.0,43.6591,-70.2568,2022,1,4,14
2022-01-04 15:00:00,333.0,268.0,65.0,806.8,-3.1,34,6.6,202,1021.4,19,0,0,19,0.0,3600.0,43.6591,-70.2568,2022,1,4,15
2022-01-04 16:00:00,218.0,165.0,53.0,697.4,-2.9,35,8.9,201,1021.5,83,0,0,83,0.0,3600.0,43.6591,-70.2568,2022,1,4,16
2022-01-04 17:00:00,80.0,50.0,30.0,468.4,-4.0,45,10.6,198,1021.6,84,0,0,84,0.0,3600.0,43.6591,-70.2568,2022,1,4,17
2022-01-04 18:00:00,2.0,0.0,2.0,0.0,-4.3,49,13.1,201,1021.8,43,0,0,43,0.0,0.0,43.6591,-70.2568,2022,1,4,18
2022-01-04 19:00:00,0.0,0.0,0.0,0.0,-4.2,50,13.9,211,1022.0,93,0,0,93,0.0,0.0,43.6591,-70.2568,2022,1,4,19
2022-01-04 20:00:00,0.0,0.0,0.0,0.0,-4.8,52,14.1,220,1022.5,100,0,2,66,0.0,0.0,43.6591,-70.2568,2022,1,4,20
2022-01-04 21:00:00,0.0,0.0,0.0,0.0,-4.8,49,12.5,231,1022.5,52,0,0,52,0.0,0.0,43.6591,-70.2568,2022,1,4,21
2022-01-04 22:00:00,0.0,0.0,0.0,0.0,-4.9,46,13.0,231,1022.3,100,0,3,100,0.0,0.0,43.6591,-70.2568,2022,1,4,22
2022-01-04 23:00:00,0.0,0.0,0.0,0.0,-5.0,45,12.5,224,1021.9,100,0,4,100,0.0,0.0,43.6591,-70.2568,2022,1,4,23
2022-01-05 00:00:00,0.0,0.0,0.0,0.0,-5.2,47,12.5,226,1021.6,100,0,18,100,0.0,0.0,43.6591,-70.2568,2022,1,5,0
2022-01-05 01:00:00,0.0,0.0,0.0,0.0,-5.4,49,12.0,221,1020.8,100,0,3,100,0.0,0.0,43.6591,-70.2568,2022,1,5,1
2022-01-05 02:00:00,0.0,0.0,0.0,0.0,-5.4,50,12.3,220,1020.2,100,0,3,100,0.0,0.0,43.6591,-70.2568,2022,1,5,2
2022-01-05 03:00:00,0.0,0.0,0.0,0.0,-5.2,53,12.2,223,1019.7,100,0,14,100,0.0,0.0,43.6591,-70.2568,2022,1,5,3
2022-01-05 04:00:00,0.0,0.0,0.0,0.0,-4.7,56,14.1,220,1019.4,100,0,0,100,0.0,0.0,43.6591,-70.2568,2022,1,5,4
2022-01-05 05:00:00,0.0,0.0,0.0,0.0,-4.2,67,15.5,216,1018.4,100,0,0,100,0.0,0.0,43.6591,-70.2568,2022,1,5,5
2022-01-05 06:00:00,0.0,0.0,0.0,0.0,-3.5,73,13.8,223,1017.4,100,1,0,100,0.0,0.0,43.6591,-70.2568,2022,1,5,6
2022-01-05 07:00:00,0.0,0.0,0.0,0.0,-2.9,81,12.8,232,1016.6,100,43,0,100,0.0,0.0,43.6591,-70.2568,2022,1,5,7
2022-01-05 08:00:00,0.0,0.0,0.0,0.0,-1.9,88,16.6,221,1015.3,100,14,0,100,0.0,0.0,43.6591,-70.2568,2022,1,5,8
2022-01-05 09:00:00,17.0,3.0,14.0,44.7,-1.2,91,16.1,220,1014.5,100,31,0,100,0.0,0.0,43.6591,-70.2568,2022,1,5,9
2022-01-05 10:00:00,99.0,18.0,81.0,105.7,0.7,85,14.6,232,1013.7,100,100,35,100,0.0,1371.67,43.6591,-70.2568,2022,1,5,10
2022-01-05 11:00:00,52.0,0.0,52.0,0.0,1.1,83,9.8,276,1012.4,100,100,100,100,0.0,0.0,43.6591,-70.2568,2022,1,5,11
2022-01-05 12:00:00,38.0,0.0,38.0,0.0,1.7,83,9.4,274,1010.8,100,100,100,100,0.2,0.0,43.6591,-70.2568,2022,1,5,12
2022-01-05 13:00:00,35.0,0.0,35.0,0.0,2.6,83,9.2,259,1008.6,100,100,100,100,0.5,0.0,43.6591,-70.2568,2022,1,5,13
2022-01-05 14:00:00,40.0,0.0,40.0,0.0,2.6,99,11.3,202,1006.9,100,76,24,100,0.2,0.0,43.6591,-70.2568,2022,1,5,14
2022-01-05 15:00:00,161.0,9.0,152.0,26.9,6.6,94,23.2,196,1005.4,100,52,99,100,0.0,0.0,43.6591,-70.2568,2022,1,5,15
2022-01-05 16:00:00,52.0,0.0,52.0,0.0,6.3,94,20.5,202,1004.9,100,100,100,100,0.0,0.0,43.6591,-70.2568,2022,1,5,16
2022-01-05 17:00:00,15.0,0.0,15.0,0.0,5.3,100,15.0,215,1004.2,100,100,100,100,0.2,0.0,43.6591,-70.2568,2022,1,5,17
2022-01-05 18:00:00,0.0,0.0,0.0,0.0,4.5,100,13.0,224,1003.7,100,100,100,100,0.1,0.0,43.6591,-70.2568,2022,1,5,18
2022-01-05 19:00:00,0.0,0.0,0.0,0.0,4.1,100,12.1,210,1002.9,100,19,4,100,0.0,0.0,43.6591,-70.2568,2022,1,5,19
2022-01-05 20:00:00,0.0,0.0,0.0,0.0,2.6,100,11.7,225,1002.4,100,100,5,100,0.0,0.0,43.6591,-70.2568,2022,1,5,20
2022-01-05 21:00:00,0.0,0.0,0.0,0.0,3.1,100,12.5,226,1001.9,100,77,0,100,0.0,0.0,43.6591,-70.2568,2022,1,5,21
2022-01-05 22:00:00,0.0,0.0,0.0,0.0,2.8,100,11.5,231,1001.4,100,3,1,100,0.0,0.0,43.6591,-70.2568,2022,1,5,22
2022-01-05 23:00:00,0.0,0.0,0.0,0.0,1.3,100,9.1,236,1000.7,100,3,0,100,0.0,0.0,43.6591,-70.2568,2022,1,5,23
2022-01-06 00:00:00,0.0,0.0,0.0,0.0,0.4,100,7.6,251,1000.2,100,3,0,100,0.0,0.0,43.6591,-70.2568,2022,1,6,0
2022-01-06 01:00:00,0.0,0.0,0.0,0.0,-0.3,100,6.5,251,999.7,100,2,14,100,0.0,0.0,43.6591,-70.2568,2022,1,6,1
2022-01-06 02:00:00,0.0,0.0,0.0,0.0,-0.5,99,6.6,241,999.0,100,2,0,100,0.0,0.0,43.6591,-70.2568,2022,1,6,2
2022-01-06 03:00:00,0.0,0.0,0.0,0.0,-0.6,99,6.8,245,999.1,100,1,0,100,0.0,0.0,43.6591,-70.2568,2022,1,6,3
2022-01-06 04:00:00,0.0,0.0,0.0,0.0,-0.7,99,8.9,249,998.9,79,1,2,78,0.0,0.0,43.6591,-70.2568,2022,1,6,4
2022-01-06 05:00:00,0.0,0.0,0.0,0.0,-0.9,99,9.7,255,998.1,13,1,7,6,0.0,0.0,43.6591,-70.2568,2022,1,6,5
2022-01-06 06:00:00,0.0,0.0,0.0,0.0,-0.5,93,13.0,264,998.0,17,0,16,0,0.0,0.0,43.6591,-70.2568,2022,1,6,6
2022-01-06 07:00:00,0.0,0.0,0.0,0.0,-0.1,92,16.6,269,998.7,77,0,77,0,0.0,0.0,43.6591,-70.2568,2022,1,6,7
2022-01-06 08:00:00,0.0,0.0,0.0,0.0,1.6,86,22.4,274,1000.0,1,20,42,0,0.0,0.0,43.6591,-70.2568,2022,1,6,8
2022-01-06 09:00:00,19.0,8.0,11.0,118.5,1.4,80,15.5,267,1000.6,0,0,0,0,0.0,1873.03,43.6591,-70.2568,2022,1,6,9
2022-01-06 10:00:00,146.0,104.0,42.0,608.1,2.1,72,18.9,262,1001.5,0,0,0,0,0.0,3600.0,43.6591,-70.2568,2022,1,6,10
2022-01-06 11:00:00,274.0,217.0,57.0,756.3,2.9,60,20.2,273,1002.8,0,0,0,0,0.0,3600.0,43.6591,-70.2568,2022,1,6,11
2022-01-06 12:00:00,365.0,301.0,64.0,823.9,3.0,52,17.7,272,1002.9,38,0,0,38,0.0,3600.0,43.6591,-70.2568,2022,1,6,12
2022-01-06 13:00:00,408.0,340.0,68.0,848.1,3.2,51,18.9,279,1003.2,23,0,0,23,0.0,3600.0,43.6591,-70.2568,2022,1,6,13
2022-01-06 14:00:00,393.0,321.0,72.0,820.6,3.4,48,16.5,286,1003.7,100,12,0,100,0.0,3600.0,43.6591,-70.2568,2022,1,6,14
2022-01-06 15:00:00,324.0,253.0,71.0,751.0,3.3,47,15.8,300,1004.4,89,0,0,89,0.0,3600.0,43.6591,-70.2568,2022,1,6,15
2022-01-06 16:00:00,210.0,145.0,65.0,600.0,2.6,51,12.2,289,1006.4,28,8,0,22,0.0,3600.0,43.6591,-70.2568,2022,1,6,16
2022-01-06 17:00:00,81.0,50.0,31.0,446.2,0.7,62,8.4,277,1006.9,100,0,0,100,0.0,3600.0,43.6591,-70.2568,2022,1,6,17
2022-01-06 18:00:00,2.0,0.0,2.0,0.0,-0.6,66,11.6,244,1008.2,100,6,1,100,0.0,0.0,43.6591,-70.2568,2022,1,6,18
2022-01-06 19:00:00,0.0,0.0,0.0,0.0,-1.9,69,10.9,253,1008.2,100,0,2,100,0.0,0.0,43.6591,-70.2568,2022,1,6,19
2022-01-06 20:00:00,0.0,0.0,0.0,0.0,-1.2,67,11.2,270,1009.4,100,59,0,100,0.0,0.0,43.6591,-70.2568,2022,1,6,20
2022-01-06 21:00:00,0.0,0.0,0.0,0.0,-1.9,69,9.5,281,1010.0,100,3,41,100,0.0,0.0,43.6591,-70.2568,2022,1,6,21
2022-01-06 22:00:00,0.0,0.0,0.0,0.0,-2.2,70,8.5,282,1009.9,100,0,100,100,0.0,0.0,43.6591,-70.2568,2022,1,6,22
2022-01-06 23:00:00,0.0,0.0,0.0,0.0,-1.8,69,6.3,301,1009.6,100,0,100,100,0.0,0.0,43.6591,-70.2568,2022,1,6,23
2022-01-07 00:00:00,0.0,0.0,0.0,0.0,-1.8,75,2.3,288,1009.5,100,17,100,100,0.0,0.0,43.6591,-70.2568,2022,1,7,0
2022-01-07 01:00:00,0.0,0.0,0.0,0.0,-2.1,78,2.3,342,1009.5,100,15,100,100,0.0,0.0,43.6591,-70.2568,2022,1,7,1
2022-01-07 02:00:00,0.0,0.0,0.0,0.0,-1.8,75,2.9,300,1010.1,100,13,100,100,0.0,0.0,43.6591,-70.2568,2022,1,7,2
2022-01-07 03:00:00,0.0,0.0,0.0,0.0,-1.8,76,6.6,338,1010.1,100,26,100,100,0.0,0.0,43.6591,-70.2568,2022,1,7,3
2022-01-07 04:00:00,0.0,0.0,0.0,0.0,-1.7,78,8.9,21,1009.0,100,83,100,100,0.1,0.0,43.6591,-70.2568,2022,1,7,4
2022-01-07 05:00:00,0.0,0.0,0.0,0.0,-1.4,78,13.1,37,1007.6,100,88,100,100,0.1,0.0,43.6591,-70.2568,2022,1,7,5
2022-01-07 06:00:00,0.0,0.0,0.0,0.0,-1.5,79,14.7,36,1006.2,100,54,100,100,0.4,0.0,43.6591,-70.2568,2022,1,7,6
2022-01-07 07:00:00,0.0,0.0,0.0,0.0,-1.6,83,16.3,31,1004.7,100,56,100,100,0.6,0.0,43.6591,-70.2568,2022,1,7,7
2022-01-07 08:00:00,0.0,0.0,0.0,0.0,-2.4,88,15.0,21,1004.5,100,100,100,100,0.8,0.0,43.6591,-70.2568,2022,1,7,8
2022-01-07 09:00:00,2.0,0.0,2.0,0.0,-2.5,86,18.3,15,1003.5,100,100,100,100,1.4,0.0,43.6591,-70.2568,2022,1,7,9
2022-01-07 10:00:00,25.0,0.0,25.0,0.0,-2.8,84,19.1,11,1002.4,100,98,100,100,1.0,0.0,43.6591,-70.2568,2022,1,7,10
2022-01-07 11:00:00,37.0,0.0,37.0,0.0,-3.3,84,19.9,356,1000.9,100,100,100,100,1.2,0.0,43.6591,-70.2568,2022,1,7,11
2022-01-07 12:00:00,74.0,0.0,74.0,0.0,-3.5,83,21.9,343,1000.3,100,100,100,100,1.3,0.0,43.6591,-70.2568,2022,1,7,12
2022-01-07 13:00:00,58.0,0.0,58.0,0.0,-3.6,84,21.9,343,998.8,100,100,100,100,1.5,0.0,43.6591,-70.2568,2022,1,7,13
2022-01-07 14:00:00,86.0,0.0,86.0,0.0,-2.8,81,20.0,332,999.0,100,96,100,100,1.0,0.0,43.6591,-70.2568,2022,1,7,14
2022-01-07 15:00:00,64.0,0.0,64.0,0.0,-2.2,79,20.3,323,998.7,100,2,100,100,0.6,0.0,43.6591,-70.2568,2022,1,7,15
2022-01-07 16:00:00,99.0,1.0,98.0,4.1,-1.6,74,21.9,318,999.6,100,0,100,98,0.2,0.0,43.6591,-70.2568,2022,1,7,16
2022-01-07 17:00:00,32.0,0.0,32.0,0.0,-1.6,71,22.5,319,1000.7,100,1,100,86,0.1,0.0,43.6591,-70.2568,2022,1,7,17
2022-01-07 18:00:00,2.0,0.0,2.0,0.0,-1.7,68,20.6,314,1002.1,100,0,100,95,0.1,0.0,43.6591,-70.2568,2022,1,7,18
2022-01-07 19:00:00,0.0,0.0,0.0,0.0,-2.0,67,20.2,309,1003.7,100,0,100,100,0.0,0.0,43.6591,-70.2568,2022,1,7,19
2022-01-07 20:00:00,0.0,0.0,0.0,0.0,-1.9,69,18.7,300,1004.8,100,11,100,100,0.0,0.0,43.6591,-70.2568,2022,1,7,20
2022-01-07 21:00:00,0.0,0.0,0.0,0.0,-2.6,71,16.1,294,1006.1,100,12,100,85,0.0,0.0,43.6591,-70.2568,2022,1,7,21
2022-01-07 22:00:00,0.0,0.0,0.0,0.0,-3.4,72,16.2,291,1007.2,88,22,85,13,0.0,0.0,43.6591,-70.2568,2022,1,7,22
2022-01-07 23:00:00,0.0,0.0,0.0,0.0,-4.6,70,17.0,291,1008.7,93,11,92,0,0.0,0.0,43.6591,-70.2568,2022,1,7,23
2022-01-08 00:00:00,0.0,0.0,0.0,0.0,-5.8,71,16.1,286,1010.0,84,1,84,0,0.0,0.0,43.6591,-70.2568,2022,1,8,0
2022-01-08 01:00:00,0.0,0.0,0.0,0.0,-6.5,68,17.2,286,1011.3,100,0,100,0,0.0,0.0,43.6591,-70.2568,2022,1,8,1
2022-01-08 02:00:00,0.0,0.0,0.0,0.0,-7.3,66,17.7,290,1012.7,0,0,0,0,0.0,0.0,43.6591,-70.2568,2022,1,8,2
2022-01-08 03:00:00,0.0,0.0,0.0,0.0,-8.3,67,16.9,297,1014.4,0,0,0,0,0.0,0.0,43.6591,-70.2568,2022,1,8,3
2022-01-08 04:00:00,0.0,0.0,0.0,0.0,-9.2,69,16.4,299,1015.8,0,0,0,0,0.0,0.0,43.6591,-70.2568,2022,1,8,4
2022-01-08 05:00:00,0.0,0.0,0.0,0.0,-10.2,69,14.3,298,1017.1,0,0,0,0,0.0,0.0,43.6591,-70.2568,2022,1,8,5
2022-01-08 06:00:00,0.0,0.0,0.0,0.0,-10.9,71,13.2,299,1018.8,0,0,0,0,0.0,0.0,43.6591,-70.2568,2022,1,8,6
2022-01-08 07:00:00,0.0,0.0,0.0,0.0,-11.6,73,11.8,293,1020.4,0,0,0,0,0.0,0.0,43.6591,-70.2568,2022,1,8,7
2022-01-08 08:00:00,0.0,0.0,0.0,0.0,-10.6,72,13.1,302,1022.5,0,0,0,0,0.0,0.0,43.6591,-70.2568,2022,1,8,8
2022-01-08 09:00:00,23.0,12.0,11.0,175.6,-11.0,73,10.5,311,1024.2,0,0,0,0,0.0,2421.3,43.6591,-70.2568,2022,1,8,9
2022-01-08 10:00:00,148.0,103.0,45.0,595.7,-9.8,64,9.2,315,1025.8,0,0,0,0,0.0,3600.0,43.6591,-70.2568,2022,1,8,10
2022-01-08 11:00:00,282.0,220.0,62.0,759.9,-8.7,56,13.7,330,1026.9,0,0,0,0,0.0,3600.0,43.6591,-70.2568,2022,1,8,11
2022-01-08 12:00:00,382.0,311.0,71.0,843.6,-7.5,48,13.2,325,1027.3,0,0,0,0,0.0,3600.0,43.6591,-70.2568,2022,1,8,12
2022-01-08 13:00:00,430.0,356.0,74.0,879.2,-6.2,45,12.0,314,1027.5,0,0,0,0,0.0,3600.0,43.6591,-70.2568,2022,1,8,13
2022-01-08 14:00:00,421.0,348.0,73.0,879.2,-5.0,42,10.4,314,1028.2,0,0,0,0,0.0,3600.0,43.6591,-70.2568,2022,1,8,14
2022-01-08 15:00:00,354.0,287.0,67.0,839.1,-4.6,42,6.2,324,1028.6,8,0,0,8,0.0,3600.0,43.6591,-70.2568,2022,1,8,15
2022-01-08 16:00:00,239.0,183.0,56.0,740.2,-5.7,48,4.0,333,1029.2,32,0,0,32,0.0,3600.0,43.6591,-70.2568,2022,1,8,16
2022-01-08 17:00:00,95.0,63.0,32.0,534.9,-5.8,46,7.2,357,1029.8,56,0,0,56,0.0,3600.0,43.6591,-70.2568,2022,1,8,17
2022-01-08 18:00:00,3.0,1.0,2.0,19.1,-9.1,55,8.0,8,1030.7,14,0,0,14,0.0,0.0,43.6591,-70.2568,2022,1,8,18
2022-01-08 19:00:00,0.0,0.0,0.0,0.0,-7.5,50,5.2,348,1031.1,42,0,0,42,0.0,0.0,43.6591,-70.2568,2022,1,8,19
2022-01-08 20:00:00,0.0,0.0,0.0,0.0,-11.3,70,7.6,295,1031.2,85,0,0,54,0.0,0.0,43.6591,-70.2568,2022,1,8,20
2022-01-08 21:00:00,0.0,0.0,0.0,0.0,-9.4,63,6.0,287,1031.0,48,0,0,48,0.0,0.0,43.6591,-70.2568,2022,1,8,21
2022-01-08 22:00:00,0.0,0.0,0.0,0.0,-13.7,72,7.8,283,1031.5,55,0,0,55,0.0,0.0,43.6591,-70.2568,2022,1,8,22
2022-01-08 23:00:00,0.0,0.0,0.0,0.0,-14.2,70,8.3,272,1030.8,41,0,0,41,0.0,0.0,43.6591,-70.2568,2022,1,8,23
2022-01-09 00:00:00,0.0,0.0,0.0,0.0,-13.5,67,8.3,236,1030.2,88,0,0,88,0.0,0.0,43.6591,-70.2568,2022,1,9,0
2022-01-09 01:00:00,0.0,0.0,0.0,0.0,-11.8,59,6.9,223,1028.5,100,0,100,100,0.0,0.0,43.6591,-70.2568,2022,1,9,1
2022-01-09 02:00:00,0.0,0.0,0.0,0.0,-9.2,52,11.9,235,1028.0,100,0,100,19,0.0,0.0,43.6591,-70.2568,2022,1,9,2
2022-01-09 03:00:00,0.0,0.0,0.0,0.0,-8.6,56,11.5,238,1027.4,44,0,29,21,0.0,0.0,43.6591,-70.2568,2022,1,9,3
2022-01-09 04:00:00,0.0,0.0,0.0,0.0,-6.7,59,15.3,219,1025.9,79,0,58,49,0.0,0.0,43.6591,-70.2568,2022,1,9,4
2022-01-09 05:00:00,0.0,0.0,0.0,0.0,-5.4,60,17.4,218,1024.3,100,0,100,84,0.0,0.0,43.6591,-70.2568,2022,1,9,5
2022-01-09 06:00:00,0.0,0.0,0.0,0.0,-4.6,59,16.0,224,1024.1,100,0,100,79,0.0,0.0,43.6591,-70.2568,2022,1,9,6
2022-01-09 07:00:00,0.0,0.0,0.0,0.0,-3.9,61,17.7,209,1022.5,100,1,100,81,0.0,0.0,43.6591,-70.2568,2022,1,9,7
2022-01-09 08:00:00,0.0,0.0,0.0,0.0,-2.1,64,21.7,209,1020.4,100,3,100,100,0.0,0.0,43.6591,-70.2568,2022,1,9,8
2022-01-09 09:00:00,4.0,0.0,4.0,0.0,-1.5,65,21.1,207,1018.8,100,100,100,100,0.1,0.0,43.6591,-70.2568,2022,1,9,9
2022-01-09 10:00:00,17.0,0.0,17.0,0.0,-0.5,68,20.3,207,1017.5,100,19,100,100,0.1,0.0,43.6591,-70.2568,2022,1,9,10
2022-01-09 11:00:00,40.0,0.0,40.0,0.0,0.5,67,24.2,208,1016.0,100,49,100,100,0.2,0.0,43.6591,-70.2568,2022,1,9,11
2022-01-09 12:00:00,62.0,0.0,62.0,0.0,1.0,70,23.5,212,1014.2,100,10,100,100,0.5,0.0,43.6591,-70.2568,2022,1,9,12
2022-01-09 13:00:00,87.0,0.0,87.0,0.0,1.5,74,24.5,213,1011.7,100,42,100,100,0.2,0.0,43.6591,-70.2568,2022,1,9,13
2022-01-09 14:00:00,99.0,1.0,98.0,2.5,0.8,98,20.7,215,1010.3,100,100,100,100,0.5,0.0,43.6591,-70.2568,2022,1,9,14
2022-01-09 15:00:00,48.0,0.0,48.0,0.0,1.0,99,20.6,216,1008.4,100,46,100,100,0.6,0.0,43.6591,-70.2568,2022,1,9,15
2022-01-09 16:00:00,52.0,0.0,52.0,0.0,2.6,80,20.5,219,1007.7,100,46,100,100,0.2,0.0,43.6591,-70.2568,2022,1,9,16
2022-01-09 17:00:00,23.0,0.0,23.0,0.0,2.8,80,17.5,217,1006.7,100,53,100,100,0.0,0.0,43.6591,-70.2568,2022,1,9,17
2022-01-09 18:00:00,1.0,0.0,1.0,0.0,2.8,82,18.4,219,1005.9,100,77,100,100,0.0,0.0,43.6591,-70.2568,2022,1,9,18
2022-01-09 19:00:00,0.0,0.0,0.0,0.0,2.8,83,18.4,219,1005.1,100,50,99,99,0.0,0.0,43.6591,-70.2568,2022,1,9,19
2022-01-09 20:00:00,0.0,0.0,0.0,0.0,2.4,84,16.4,220,1004.7,100,36,99,100,0.0,0.0,43.6591,-70.2568,2022,1,9,20
2022-01-09 21:00:00,0.0,0.0,0.0,0.0,2.4,86,16.3,225,1003.9,100,92,91,100,0.0,0.0,43.6591,-70.2568,2022,1,9,21
2022-01-09 22:00:00,0.0,0.0,0.0,0.0,2.8,86,17.8,228,1003.3,100,69,100,100,0.0,0.0,43.6591,-70.2568,2022,1,9,22
2022-01-09 23:00:00,0.0,0.0,0.0,0.0,3.2,84,18.6,234,1003.1,100,76,63,100,0.0,0.0,43.6591,-70.2568,2022,1,9,23
2022-01-10 00:00:00,0.0,0.0,0.0,0.0,3.6,80,17.7,241,1003.3,100,39,13,100,0.0,0.0,43.6591,-70.2568,2022,1,10,0
2022-01-10 01:00:00,0.0,0.0,0.0,0.0,3.5,75,19.5,254,1003.4,100,14,10,100,0.0,0.0,43.6591,-70.2568,2022,1,10,1
2022-01-10 02:00:00,0.0,0.0,0.0,0.0,2.9,70,16.6,269,1004.1,100,22,8,100,0.0,0.0,43.6591,-70.2568,2022,1,10,2
2022-01-10 03:00:00,0.0,0.0,0.0,0.0,1.1,63,21.4,306,1005.4,100,66,0,100,0.0,0.0,43.6591,-70.2568,2022,1,10,3
2022-01-10 04:00:00,0.0,0.0,0.0,0.0,-1.0,55,23.9,293,1006.8,78,0,0,78,0.0,0.0,43.6591,-70.2568,2022,1,10,4
2022-01-10 05:00:00,0.0,0.0,0.0,0.0,-3.1,53,22.5,283,1007.6,77,5,0,76,0.0,0.0,43.6591,-70.2568,2022,1,10,5
2022-01-10 06:00:00,0.0,0.0,0.0,0.0,-5.0,57,20.5,280,1008.6,87,6,0,86,0.0,0.0,43.6591,-70.2568,2022,1,10,6
2022-01-10 07:00:00,0.0,0.0,0.0,0.0,-6.4,58,19.3,279,1009.9,73,6,0,71,0.0,0.0,43.6591,-70.2568,2022,1,10,7
2022-01-10 08:00:00,0.0,0.0,0.0,0.0,-5.6,49,18.7,281,1011.0,1,2,0,17,0.0,0.0,43.6591,-70.2568,2022,1,10,8
2022-01-10 09:00:00,24.0,14.0,10.0,201.6,-6.3,58,12.9,283,1012.0,0,0,0,0,0.0,2456.46,43.6591,-70.2568,2022,1,10,9
2022-01-10 10:00:00,153.0,110.0,43.0,627.7,-5.6,53,12.1,280,1012.9,0,0,0,0,0.0,3600.0,43.6591,-70.2568,2022,1,10,10
2022-01-10 11:00:00,289.0,228.0,61.0,779.3,-5.2,46,13.9,291,1013.3,0,0,0,0,0.0,3600.0,43.6591,-70.2568,2022,1,10,11
2022-01-10 12:00:00,386.0,316.0,70.0,848.5,-5.1,41,14.3,298,1012.7,0,0,0,0,0.0,3600.0,43.6591,-70.2568,2022,1,10,12
2022-01-10 13:00:00,436.0,364.0,72.0,889.1,-4.9,39,13.8,290,1012.1,0,0,0,0,0.0,3600.0,43.6591,-70.2568,2022,1,10,13
2022-01-10 14:00:00,427.0,357.0,70.0,890.4,-4.9,38,19.9,290,1011.8,65,65,0,0,0.0,3600.0,43.6591,-70.2568,2022,1,10,14
2022-01-10 15:00:00,308.0,179.0,129.0,514.9,-4.9,38,18.3,285,1011.8,51,51,0,0,0.0,3600.0,43.6591,-70.2568,2022,1,10,15
2022-01-10 16:00:00,217.0,137.0,80.0,541.2,-5.0,42,14.1,276,1011.7,2,2,0,0,0.0,3600.0,43.6591,-70.2568,2022,1,10,16
2022-01-10 17:00:00,98.0,62.0,36.0,500.5,-5.8,46,14.2,291,1012.0,73,65,71,0,0.0,3600.0,43.6591,-70.2568,2022,1,10,17
2022-01-10 18:00:00,4.0,1.0,3.0,19.1,-6.6,52,12.6,283,1013.0,1,1,0,0,0.0,0.0,43.6591,-70.2568,2022,1,10,18
2022-01-10 19:00:00,0.0,0.0,0.0,0.0,-7.7,58,13.7,270,1013.6,0,0,0,0,0.0,0.0,43.6591,-70.2568,2022,1,10,19
2022-01-10 20:00:00,0.0,0.0,0.0,0.0,-7.2,55,13.9,287,1013.5,0,46,100,0,0.0,0.0,43.6591,-70.2568,2022,1,10,20
2022-01-10 21:00:00,0.0,0.0,0.0,0.0,-7.5,56,13.0,294,1013.7,25,0,25,0,0.0,0.0,43.6591,-70.2568,2022,1,10,21
2022-01-10 22:00:00,0.0,0.0,0.0,0.0,-8.4,63,11.8,308,1013.6,0,0,0,0,0.0,0.0,43.6591,-70.2568,2022,1,10,22
2022-01-10 23:00:00,0.0,0.0,0.0,0.0,-8.7,60,12.7,305,1014.0,100,0,100,0,0.0,0.0,43.6591,-70.2568,2022,1,10,23
2022-01-11 00:00:00,0.0,0.0,0.0,0.0,-8.6,56,13.8,313,1014.3,100,1,100,0,0.0,0.0,43.6591,-70.2568,2022,1,11,0
2022-01-11 01:00:00,0.0,0.0,0.0,0.0,-9.4,61,14.5,341,1014.9,100,0,100,0,0.0,0.0,43.6591,-70.2568,2022,1,11,1
2022-01-11 02:00:00,0.0,0.0,0.0,0.0,-11.2,61,16.9,340,1016.0,100,0,100,0,0.0,0.0,43.6591,-70.2568,2022,1,11,2
2022-01-11 03:00:00,0.0,0.0,0.0,0.0,-12.1,58,17.1,338,1017.0,100,2,100,0,0.0,0.0,43.6591,-70.2568,2022,1,11,3
2022-01-11 04:00:00,0.0,0.0,0.0,0.0,-13.3,54,19.7,342,1018.3,6,0,6,0,0.0,0.0,43.6591,-70.2568,2022,1,11,4
2022-01-11 05:00:00,0.0,0.0,0.0,0.0,-14.8,53,20.8,342,1019.8,0,0,0,0,0.0,0.0,43.6591,-70.2568,2022,1,11,5
2022-01-11 06:00:00,0.0,0.0,0.0,0.0,-16.1,52,21.2,342,1021.4,0,0,0,0,0.0,0.0,43.6591,-70.2568,2022,1,11,6
2022-01-11 07:00:00,0.0,0.0,0.0,0.0,-16.9,49,19.7,339,1022.8,0,0,0,0,0.0,0.0,43.6591,-70.2568,2022,1,11,7
2022-01-11 08:00:00,0.0,0.0,0.0,0.0,-16.9,52,16.6,336,1024.5,0,0,0,0,0.0,0.0,43.6591,-70.2568,2022,1,11,8
2022-01-11 09:00:00,25.0,14.0,11.0,199.8,-17.1,51,16.1,333,1025.5,0,0,0,0,0.0,2477.55,43.6591,-70.2568,2022,1,11,9
2022-01-11 10:00:00,157.0,112.0,45.0,634.3,-17.1,45,16.9,331,1026.3,0,0,0,0,0.0,3600.0,43.6591,-70.2568,2022,1,11,10
2022-01-11 11:00:00,297.0,236.0,61.0,802.0,-16.8,40,17.1,325,1026.9,0,0,0,0,0.0,3600.0,43.6591,-70.2568,2022,1,11,11
2022-01-11 12:00:00,396.0,326.0,70.0,870.5,-16.0,38,14.8,321,1027.0,0,0,0,0,0.0,3600.0,43.6591,-70.2568,2022,1,11,12
2022-01-11 13:00:00,444.0,370.0,74.0,898.5,-14.7,34,12.7,315,1027.0,0,0,0,0,0.0,3600.0,43.6591,-70.2568,2022,1,11,13
2022-01-11 14:00:00,434.0,362.0,72.0,896.8,-13.6,32,11.8,310,1027.1,0,0,0,0,0.0,3600.0,43.6591,-70.2568,2022,1,11,14
2022-01-11 15:00:00,366.0,299.0,67.0,852.8,-12.9,32,10.2,309,1027.3,0,0,0,0,0.0,3600.0,43.6591,-70.2568,2022,1,11,15
2022-01-11 16:00:00,249.0,194.0,55.0,757.0,-12.8,33,7.9,313,1027.4,0,0,0,0,0.0,3600.0,43.6591,-70.2568,2022,1,11,16
2022-01-11 17:00:00,104.0,70.0,34.0,550.9,-13.2,38,7.1,319,1027.8,0,0,0,0,0.0,3600.0,43.6591,-70.2568,2022,1,11,17
2022-01-11 18:00:00,5.0,2.0,3.0,38.2,-13.7,39,6.7,324,1028.4,0,0,0,0,0.0,149.09,43.6591,-70.2568,2022,1,11,18
2022-01-11 19:00:00,0.0,0.0,0.0,0.0,-14.5,39,6.2,324,1029.3,0,0,0,0,0.0,0.0,43.6591,-70.2568,2022,1,11,19
2022-01-11 20:00:00,0.0,0.0,0.0,0.0,-16.4,53,5.6,315,1029.2,0,0,0,0,0.0,0.0,43.6591,-70.2568,2022,1,11,20
2022-01-11 21:00:00,0.0,0.0,0.0,0.0,-15.8,48,6.3,294,1029.3,0,0,0,0,0.0,0.0,43.6591,-70.2568,2022,1,11,21
2022-01-11 22:00:00,0.0,0.0,0.0,0.0,-16.1,49,5.5,281,1028.8,2,0,0,2,0.0,0.0,43.6591,-70.2568,2022,1,11,22
2022-01-11 23:00:00,0.0,0.0,0.0,0.0,-16.3,48,7.2,273,1028.3,3,0,3,0,0.0,0.0,43.6591,-70.2568,2022,1,11,23
2022-01-12 00:00:00,0.0,0.0,0.0,0.0,-16.6,49,8.8,261,1028.1,21,0,0,21,0.0,0.0,43.6591,-70.2568,2022,1,12,0
2022-01-12 01:00:00,0.0,0.0,0.0,0.0,-16.8,50,8.3,252,1027.3,36,0,19,27,0.0,0.0,43.6591,-70.2568,2022,1,12,1
2022-01-12 02:00:00,0.0,0.0,0.0,0.0,-16.4,52,8.9,238,1026.3,94,0,9,93,0.0,0.0,43.6591,-70.2568,2022,1,12,2
2022-01-12 03:00:00,0.0,0.0,0.0,0.0,-16.1,47,8.7,232,1025.3,100,0,46,100,0.0,0.0,43.6591,-70.2568,2022,1,12,3
2022-01-12 04:00:00,0.0,0.0,0.0,0.0,-15.9,42,8.9,243,1024.4,100,0,70,100,0.0,0.0,43.6591,-70.2568,2022,1,12,4
2022-01-12 05:00:00,0.0,0.0,0.0,0.0,-15.3,40,10.8,244,1023.7,100,0,66,100,0.0,0.0,43.6591,-70.2568,2022,1,12,5
2022-01-12 06:00:00,0.0,0.0,0.0,0.0,-14.3,39,16.4,230,1022.3,91,0,75,85,0.0,0.0,43.6591,-70.2568,2022,1,12,6
2022-01-12 07:00:00,0.0,0.0,0.0,0.0,-12.9,39,16.4,220,1020.8,86,0,86,0,0.0,0.0,43.6591,-70.2568,2022,1,12,7
2022-01-12 08:00:00,0.0,0.0,0.0,0.0,-11.3,53,18.1,226,1020.3,70,0,68,0,0.0,0.0,43.6591,-70.2568,2022,1,12,8
2022-01-12 09:00:00,18.0,6.0,12.0,84.8,-9.5,55,20.7,221,1019.1,91,0,89,24,0.0,1020.88,43.6591,-70.2568,2022,1,12,9
2022-01-12 10:00:00,87.0,12.0,75.0,67.4,-7.8,56,15.3,221,1018.2,99,1,93,88,0.0,222.01,43.6591,-70.2568,2022,1,12,10
2022-01-12 11:00:00,103.0,6.0,97.0,20.3,-6.0,58,16.0,216,1017.3,100,0,100,99,0.0,0.0,43.6591,-70.2568,2022,1,12,11
2022-01-12 12:00:00,100.0,0.0,100.0,0.0,-4.4,58,13.8,213,1016.0,100,0,96,100,0.0,0.0,43.6591,-70.2568,2022,1,12,12
2022-01-12 13:00:00,203.0,26.0,177.0,62.8,-2.3,52,15.9,205,1014.1,70,0,65,14,0.0,82.52,43.6591,-70.2568,2022,1,12,13
2022-01-12 14:00:00,310.0,166.0,144.0,408.4,-0.6,46,16.8,208,1012.6,9,0,5,4,0.0,3600.0,43.6591,-70.2568,2022,1,12,14
2022-01-12 15:00:00,335.0,262.0,73.0,740.8,0.9,41,15.6,220,1012.3,21,14,19,0,0.0,3600.0,43.6591,-70.2568,2022,1,12,15
2022-01-12 16:00:00,232.0,170.0,62.0,655.2,1.1,42,14.2,216,1012.0,53,0,11,47,0.0,3600.0,43.6591,-70.2568,2022,1,12,16
2022-01-12 17:00:00,95.0,56.0,39.0,429.7,-0.1,52,11.1,216,1012.1,100,6,11,100,0.0,3600.0,43.6591,-70.2568,2022,1,12,17
2022-01-12 18:00:00,5.0,1.0,4.0,19.1,-1.3,58,10.7,222,1012.3,100,3,27,100,0.0,0.0,43.6591,-70.2568,2022,1,12,18
2022-01-12 19:00:00,0.0,0.0,0.0,0.0,-1.9,58,12.5,231,1012.6,100,17,75,100,0.0,0.0,43.6591,-70.2568,2022,1,12,19
2022-01-12 20:00:00,0.0,0.0,0.0,0.0,-1.4,55,12.8,238,1013.7,100,15,60,100,0.0,0.0,43.6591,-70.2568,2022,1,12,20
2022-01-12 21:00:00,0.0,0.0,0.0,0.0,-1.8,58,13.3,237,1013.9,100,9,57,100,0.0,0.0,43.6591,-70.2568,2022,1,12,21
2022-01-12 22:00:00,0.0,0.0,0.0,0.0,-2.5,61,13.2,248,1014.0,100,1,51,100,0.0,0.0,43.6591,-70.2568,2022,1,12,22
2022-01-12 23:00:00,0.0,0.0,0.0,0.0,-3.0,65,12.2,251,1014.0,100,0,43,100,0.0,0.0,43.6591,-70.2568,2022,1,12,23
2022-01-13 00:00:00,0.0,0.0,0.0,0.0,-3.3,67,11.4,259,1014.0,69,0,32,54,0.0,0.0,43.6591,-70.2568,2022,1,13,0
2022-01-13 01:00:00,0.0,0.0,0.0,0.0,-4.0,71,11.4,257,1013.9,94,0,86,65,0.0,0.0,43.6591,-70.2568,2022,1,13,1
2022-01-13 02:00:00,0.0,0.0,0.0,0.0,-4.1,72,10.4,268,1014.2,98,11,94,59,0.0,0.0,43.6591,-70.2568,2022,1,13,2
2022-01-13 03:00:00,0.0,0.0,0.0,0.0,-3.8,71,9.1,279,1014.3,100,0,100,62,0.0,0.0,43.6591,-70.2568,2022,1,13,3
2022-01-13 04:00:00,0.0,0.0,0.0,0.0,-3.0,68,7.7,281,1014.1,100,0,100,18,0.0,0.0,43.6591,-70.2568,2022,1,13,4
2022-01-13 05:00:00,0.0,0.0,0.0,0.0,-3.1,70,5.9,281,1014.0,96,12,94,27,0.0,0.0,43.6591,-70.2568,2022,1,13,5
2022-01-13 06:00:00,0.0,0.0,0.0,0.0,-3.3,72,3.8,343,1014.0,100,80,100,16,0.0,0.0,43.6591,-70.2568,2022,1,13,6
2022-01-13 07:00:00,0.0,0.0,0.0,0.0,-3.0,73,5.5,32,1014.1,100,93,100,1,0.0,0.0,43.6591,-70.2568,2022,1,13,7
2022-01-13 08:00:00,0.0,0.0,0.0,0.0,-2.3,77,5.4,48,1014.5,100,98,100,0,0.0,0.0,43.6591,-70.2568,2022,1,13,8
2022-01-13 09:00:00,9.0,0.0,9.0,0.0,-1.6,78,6.4,43,1014.7,100,100,100,100,0.1,0.0,43.6591,-70.2568,2022,1,13,9
2022-01-13 10:00:00,56.0,1.0,55.0,5.6,-0.3,76,3.3,49,1014.9,100,100,100,100,0.0,0.0,43.6591,-70.2568,2022,1,13,10
2022-01-13 11:00:00,82.0,1.0,81.0,3.4,0.7,75,2.4,27,1015.0,100,5,55,100,0.0,0.0,43.6591,-70.2568,2022,1,13,11
2022-01-13 12:00:00,329.0,205.0,124.0,540.9,3.2,69,0.4,360,1014.2,100,100,100,0,0.0,3600.0,43.6591,-70.2568,2022,1,13,12
2022-01-13 13:00:00,176.0,16.0,160.0,38.4,3.2,65,4.0,180,1012.9,100,100,100,0,0.0,0.0,43.6591,-70.2568,2022,1,13,13
2022-01-13 14:00:00,178.0,20.0,158.0,48.9,3.7,55,6.5,180,1012.3,100,100,100,0,0.0,0.0,43.6591,-70.2568,2022,1,13,14
2022-01-13 15:00:00,246.0,88.0,158.0,246.6,4.2,49,7.6,177,1011.8,100,100,31,0,0.0,3600.0,43.6591,-70.2568,2022,1,13,15
2022-01-13 16:00:00,131.0,17.0,114.0,64.7,3.7,54,8.1,167,1011.5,50,2,0,49,0.0,141.08,43.6591,-70.2568,2022,1,13,16
2022-01-13 17:00:00,100.0,64.0,36.0,478.9,1.8,71,5.6,165,1011.3,37,2,0,35,0.0,3600.0,43.6591,-70.2568,2022,1,13,17
2022-01-13 18:00:00,6.0,2.0,4.0,38.2,0.5,75,6.8,212,1011.3,100,9,4,100,0.0,74.21,43.6591,-70.2568,2022,1,13,18
2022-01-13 19:00:00,0.0,0.0,0.0,0.0,-0.5,78,4.9,287,1011.4,100,36,21,100,0.0,0.0,43.6591,-70.2568,2022,1,13,19
2022-01-13 20:00:00,0.0,0.0,0.0,0.0,-1.5,82,3.6,6,1011.8,99,39,61,100,0.0,0.0,43.6591,-70.2568,2022,1,13,20
2022-01-13 21:00:00,0.0,0.0,0.0,0.0,-2.4,87,7.9,357,1011.6,100,21,87,100,0.0,0.0,43.6591,-70.2568,2022,1,13,21
2022-01-13 22:00:00,0.0,0.0,0.0,0.0,-2.7,90,8.6,358,1011.4,100,25,39,100,0.0,0.0,43.6591,-70.2568,2022,1,13,22
2022-01-13 23:00:00,0.0,0.0,0.0,0.0,-2.6,91,8.3,358,1011.0,100,33,79,100,0.0,0.0,43.6591,-70.2568,2022,1,13,23
2022-01-14 00:00:00,0.0,0.0,0.0,0.0,-1.9,90,7.2,357,1010.5,100,33,28,100,0.0,0.0,43.6591,-70.2568,2022,1,14,0
2022-01-14 01:00:00,0.0,0.0,0.0,0.0,-2.6,91,7.4,346,1009.8,100,32,57,100,0.0,0.0,43.6591,-70.2568,2022,1,14,1
2022-01-14 02:00:00,0.0,0.0,0.0,0.0,-2.7,93,8.0,342,1009.3,100,5,11,100,0.0,0.0,43.6591,-70.2568,2022,1,14,2
2022-01-14 03:00:00,0.0,0.0,0.0,0.0,-2.9,94,9.7,333,1009.2,100,12,76,100,0.0,0.0,43.6591,-70.2568,2022,1,14,3
2022-01-14 04:00:00,0.0,0.0,0.0,0.0,-2.5,92,9.8,336,1008.8,100,20,62,100,0.0,0.0,43.6591,-70.2568,2022,1,14,4
2022-01-14 05:00:00,0.0,0.0,0.0,0.0,-2.1,90,10.0,334,1008.3,100,22,1,100,0.0,0.0,43.6591,-70.2568,2022,1,14,5
2022-01-14 06:00:00,0.0,0.0,0.0,0.0,-2.0,90,11.9,335,1007.8,100,23,0,100,0.0,0.0,43.6591,-70.2568,2022,1,14,6
2022-01-14 07:00:00,0.0,0.0,0.0,0.0,-2.2,93,10.8,345,1007.7,100,25,0,100,0.0,0.0,43.6591,-70.2568,2022,1,14,7
2022-01-14 08:00:00,0.0,0.0,0.0,0.0,-2.0,89,11.0,337,1007.8,100,24,97,100,0.0,0.0,43.6591,-70.2568,2022,1,14,8
2022-01-14 09:00:00,10.0,1.0,9.0,13.8,-1.2,86,14.1,341,1008.2,100,2,96,100,0.0,0.0,43.6591,-70.2568,2022,1,14,9
2022-01-14 10:00:00,63.0,3.0,60.0,16.5,0.7,82,14.4,357,1008.3,100,30,100,100,0.0,0.0,43.6591,-70.2568,2022,1,14,10
2022-01-14 11:00:00,116.0,3.0,113.0,10.0,1.3,77,15.3,352,1008.4,100,0,100,100,0.1,0.0,43.6591,-70.2568,2022,1,14,11
2022-01-14 12:00:00,166.0,8.0,158.0,21.0,2.4,69,17.7,356,1007.8,100,2,100,100,0.0,0.0,43.6591,-70.2568,2022,1,14,12
2022-01-14 13:00:00,240.0,27.0,213.0,64.3,3.3,63,20.5,360,1007.0,100,16,100,100,0.0,129.99,43.6591,-70.2568,2022,1,14,13
2022-01-14 14:00:00,154.0,2.0,152.0,4.8,2.9,63,21.3,357,1006.1,100,2,100,100,0.0,0.0,43.6591,-70.2568,2022,1,14,14
2022-01-14 15:00:00,119.0,1.0,118.0,2.8,2.4,62,23.1,358,1005.6,100,6,100,100,0.1,0.0,43.6591,-70.2568,2022,1,14,15
2022-01-14 16:00:00,89.0,0.0,89.0,0.0,1.5,59,24.2,357,1005.6,100,5,100,100,0.1,0.0,43.6591,-70.2568,2022,1,14,16
2022-01-14 17:00:00,39.0,1.0,38.0,7.3,0.0,56,27.5,354,1005.2,100,0,100,100,0.0,0.0,43.6591,-70.2568,2022,1,14,17
2022-01-14 18:00:00,3.0,0.0,3.0,0.0,-1.5,53,28.6,355,1005.3,100,0,100,100,0.0,0.0,43.6591,-70.2568,2022,1,14,18
2022-01-14 19:00:00,0.0,0.0,0.0,0.0,-3.0,52,29.0,354,1005.9,100,0,98,100,0.0,0.0,43.6591,-70.2568,2022,1,14,19
2022-01-14 20:00:00,0.0,0.0,0.0,0.0,-3.4,55,28.2,346,1006.0,100,0,51,100,0.0,0.0,43.6591,-70.2568,2022,1,14,20
2022-01-14 21:00:00,0.0,0.0,0.0,0.0,-6.5,57,31.2,346,1005.8,100,0,0,100,0.0,0.0,43.6591,-70.2568,2022,1,14,21
2022-01-14 22:00:00,0.0,0.0,0.0,0.0,-9.4,58,32.0,343,1005.6,61,0,0,61,0.0,0.0,43.6591,-70.2568,2022,1,14,22
2022-01-14 23:00:00,0.0,0.0,0.0,0.0,-11.3,55,31.7,341,1005.2,61,0,0,61,0.0,0.0,43.6591,-70.2568,2022,1,14,23
2022-01-15 00:00:00,0.0,0.0,0.0,0.0,-12.3,50,29.2,338,1005.3,100,0,0,100,0.0,0.0,43.6591,-70.2568,2022,1,15,0
2022-01-15 01:00:00,0.0,0.0,0.0,0.0,-13.3,47,28.4,336,1006.3,72,0,0,72,0.0,0.0,43.6591,-70.2568,2022,1,15,1
2022-01-15 02:00:00,0.0,0.0,0.0,0.0,-14.2,46,26.3,337,1007.1,92,0,0,92,0.0,0.0,43.6591,-70.2568,2022,1,15,2
2022-01-15 03:00:00,0.0,0.0,0.0,0.0,-14.9,44,27.3,337,1008.3,0,0,0,0,0.0,0.0,43.6591,-70.2568,2022,1,15,3
2022-01-15 04:00:00,0.0,0.0,0.0,0.0,-16.1,44,28.7,336,1009.1,0,0,0,0,0.0,0.0,43.6591,-70.2568,2022,1,15,4
2022-01-15 05:00:00,0.0,0.0,0.0,0.0,-17.1,45,25.9,331,1010.8,0,0,0,0,0.0,0.0,43.6591,-70.2568,2022,1,15,5
2022-01-15 06:00:00,0.0,0.0,0.0,0.0,-18.1,44,25.8,330,1011.9,0,0,0,0,0.0,0.0,43.6591,-70.2568,2022,1,15,6
2022-01-15 07:00:00,0.0,0.0,0.0,0.0,-19.1,45,24.8,327,1013.3,0,0,0,0,0.0,0.0,43.6591,-70.2568,2022,1,15,7
2022-01-15 08:00:00,0.0,0.0,0.0,0.0,-18.7,45,23.5,324,1014.0,0,0,0,0,0.0,0.0,43.6591,-70.2568,2022,1,15,8
2022-01-15 09:00:00,29.0,17.0,12.0,232.3,-19.1,44,25.5,327,1015.0,0,0,0,0,0.0,2584.77,43.6591,-70.2568,2022,1,15,9
2022-01-15 10:00:00,166.0,121.0,45.0,661.0,-19.0,40,27.3,324,1015.9,7,0,0,7,0.0,3600.0,43.6591,-70.2568,2022,1,15,10
2022-01-15 11:00:00,309.0,248.0,61.0,820.7,-18.0,37,25.9,321,1016.3,0,0,0,0,0.0,3600.0,43.6591,-70.2568,2022,1,15,11
2022-01-15 12:00:00,412.0,342.0,70.0,890.9,-16.4,34,24.0,317,1016.7,0,0,0,0,0.0,3600.0,43.6591,-70.2568,2022,1,15,12
2022-01-15 13:00:00,460.0,385.0,75.0,911.2,-15.5,32,23.4,316,1016.2,0,0,0,0,0.0,3600.0,43.6591,-70.2568,2022,1,15,13
2022-01-15 14:00:00,453.0,381.0,72.0,917.0,-15.0,32,23.9,315,1017.0,0,0,0,0,0.0,3600.0,43.6591,-70.2568,2022,1,15,14
2022-01-15 15:00:00,386.0,320.0,66.0,880.8,-14.5,32,23.7,317,1018.1,0,0,0,0,0.0,3600.0,43.6591,-70.2568,2022,1,15,15
2022-01-15 16:00:00,269.0,212.0,57.0,786.6,-14.2,33,23.1,321,1018.9,0,0,0,0,0.0,3600.0,43.6591,-70.2568,2022,1,15,16
2022-01-15 17:00:00,120.0,83.0,37.0,590.8,-14.7,38,21.5,325,1019.3,0,0,0,0,0.0,3600.0,43.6591,-70.2568,2022,1,15,17
2022-01-15 18:00:00,8.0,4.0,4.0,76.4,-15.2,41,23.0,328,1020.1,0,0,0,0,0.0,737.9,43.6591,-70.2568,2022,1,15,18
2022-01-15 19:00:00,0.0,0.0,0.0,0.0,-15.9,43,21.5,329,1021.2,0,0,0,0,0.0,0.0,43.6591,-70.2568,2022,1,15,19
2022-01-15 20:00:00,0.0,0.0,0.0,0.0,-14.3,42,19.7,325,1020.7,0,0,0,0,0.0,0.0,43.6591,-70.2568,2022,1,15,20
2022-01-15 21:00:00,0.0,0.0,0.0,0.0,-15.2,44,19.5,326,1021.3,0,0,0,0,0.0,0.0,43.6591,-70.2568,2022,1,15,21
2022-01-15 22:00:00,0.0,0.0,0.0,0.0,-16.0,48,18.7,320,1022.1,0,0,0,0,0.0,0.0,43.6591,-70.2568,2022,1,15,22
2022-01-15 23:00:00,0.0,0.0,0.0,0.0,-16.4,52,15.3,309,1022.5,0,0,0,0,0.0,0.0,43.6591,-70.2568,2022,1,15,23
2022-01-16 00:00:00,0.0,0.0,0.0,0.0,-16.6,56,12.2,304,1023.3,8,8,0,0,0.0,0.0,43.6591,-70.2568,2022,1,16,0
2022-01-16 01:00:00,0.0,0.0,0.0,0.0,-16.9,58,10.3,299,1023.6,20,20,0,0,0.0,0.0,43.6591,-70.2568,2022,1,16,1
2022-01-16 02:00:00,0.0,0.0,0.0,0.0,-16.9,57,9.5,299,1024.6,27,27,0,0,0.0,0.0,43.6591,-70.2568,2022,1,16,2
2022-01-16 03:00:00,0.0,0.0,0.0,0.0,-16.9,56,9.1,304,1025.3,35,35,0,0,0.0,0.0,43.6591,-70.2568,2022,1,16,3
2022-01-16 04:00:00,0.0,0.0,0.0,0.0,-17.0,56,8.6,303,1024.9,37,37,0,0,0.0,0.0,43.6591,-70.2568,2022,1,16,4
2022-01-16 05:00:00,0.0,0.0,0.0,0.0,-17.1,56,8.0,306,1024.7,42,42,0,0,0.0,0.0,43.6591,-70.2568,2022,1,16,5
2022-01-16 06:00:00,0.0,0.0,0.0,0.0,-17.1,57,6.4,313,1024.5,45,45,0,0,0.0,0.0,43.6591,-70.2568,2022,1,16,6
2022-01-16 07:00:00,0.0,0.0,0.0,0.0,-17.1,56,5.1,309,1025.2,46,46,0,0,0.0,0.0,43.6591,-70.2568,2022,1,16,7
2022-01-16 08:00:00,0.0,0.0,0.0,0.0,-18.4,62,5.4,318,1026.0,44,49,0,0,0.0,0.0,43.6591,-70.2568,2022,1,16,8
2022-01-16 09:00:00,27.0,14.0,13.0,188.9,-16.4,52,5.1,278,1026.6,47,47,0,0,0.0,2617.17,43.6591,-70.2568,2022,1,16,9
2022-01-16 10:00:00,149.0,93.0,56.0,502.8,-15.0,47,4.8,283,1027.2,12,12,0,0,0.0,3600.0,43.6591,-70.2568,2022,1,16,10
2022-01-16 11:00:00,288.0,209.0,79.0,686.5,-12.3,37,2.9,240,1027.3,0,0,0,0,0.0,3600.0,43.6591,-70.2568,2022,1,16,11
2022-01-16 12:00:00,401.0,329.0,72.0,851.3,-9.5,29,3.4,198,1026.8,0,0,0,0,0.0,3600.0,43.6591,-70.2568,2022,1,16,12
2022-01-16 13:00:00,449.0,375.0,74.0,881.5,-7.5,27,6.9,186,1025.3,0,0,0,0,0.0,3600.0,43.6591,-70.2568,2022,1,16,13
2022-01-16 14:00:00,441.0,371.0,70.0,886.1,-6.1,27,4.9,163,1023.8,0,0,0,0,0.0,3600.0,43.6591,-70.2568,2022,1,16,14
2022-01-16 15:00:00,378.0,312.0,66.0,850.8,-5.3,35,6.4,164,1022.8,0,0,0,0,0.0,3600.0,43.6591,-70.2568,2022,1,16,15
2022-01-16 16:00:00,264.0,206.0,58.0,754.6,-5.2,51,10.1,184,1022.8,12,12,0,0,0.0,3600.0,43.6591,-70.2568,2022,1,16,16
2022-01-16 17:00:00,118.0,81.0,37.0,562.5,-5.9,67,9.3,193,1022.8,26,0,0,26,0.0,3600.0,43.6591,-70.2568,2022,1,16,17
2022-01-16 18:00:00,9.0,4.0,5.0,76.4,-6.6,74,6.6,193,1021.9,70,1,0,70,0.0,696.97,43.6591,-70.2568,2022,1,16,18
2022-01-16 19:00:00,0.0,0.0,0.0,0.0,-6.7,74,10.4,224,1021.8,100,5,0,100,0.0,0.0,43.6591,-70.2568,2022,1,16,19
2022-01-16 20:00:00,0.0,0.0,0.0,0.0,-8.1,81,9.5,241,1022.3,100,15,0,99,0.0,0.0,43.6591,-70.2568,2022,1,16,20
2022-01-16 21:00:00,0.0,0.0,0.0,0.0,-8.2,79,6.4,297,1021.4,100,1,0,100,0.0,0.0,43.6591,-70.2568,2022,1,16,21
2022-01-16 22:00:00,0.0,0.0,0.0,0.0,-9.1,80,7.4,313,1020.4,100,4,100,100,0.0,0.0,43.6591,-70.2568,2022,1,16,22
2022-01-16 23:00:00,0.0,0.0,0.0,0.0,-8.0,76,7.7,319,1019.5,100,100,66,100,0.0,0.0,43.6591,-70.2568,2022,1,16,23
2022-01-17 00:00:00,0.0,0.0,0.0,0.0,-6.5,71,6.4,317,1018.7,100,100,100,100,0.0,0.0,43.6591,-70.2568,2022,1,17,0
2022-01-17 01:00:00,0.0,0.0,0.0,0.0,-4.4,63,1.8,169,1017.2,100,100,100,100,0.0,0.0,43.6591,-70.2568,2022,1,17,1
2022-01-17 02:00:00,0.0,0.0,0.0,0.0,-2.4,73,13.4,144,1015.3,100,100,100,100,0.0,0.0,43.6591,-70.2568,2022,1,17,2
2022-01-17 03:00:00,0.0,0.0,0.0,0.0,0.3,73,19.0,127,1013.4,100,100,100,100,0.0,0.0,43.6591,-70.2568,2022,1,17,3
2022-01-17 04:00:00,0.0,0.0,0.0,0.0,1.5,70,24.3,130,1011.5,100,100,100,100,0.0,0.0,43.6591,-70.2568,2022,1,17,4
2022-01-17 05:00:00,0.0,0.0,0.0,0.0,1.7,74,25.8,118,1008.7,100,100,100,100,0.2,0.0,43.6591,-70.2568,2022,1,17,5
2022-01-17 06:00:00,0.0,0.0,0.0,0.0,1.8,81,26.6,109,1006.6,100,100,100,100,0.6,0.0,43.6591,-70.2568,2022,1,17,6
2022-01-17 07:00:00,0.0,0.0,0.0,0.0,1.9,89,29.9,105,1004.2,100,100,100,100,1.5,0.0,43.6591,-70.2568,2022,1,17,7
2022-01-17 08:00:00,0.0,0.0,0.0,0.0,2.1,99,37.8,102,1001.9,100,100,100,100,2.2,0.0,43.6591,-70.2568,2022,1,17,8
2022-01-17 09:00:00,2.0,0.0,2.0,0.0,1.9,100,41.9,94,997.8,100,100,100,100,3.6,0.0,43.6591,-70.2568,2022,1,17,9
2022-01-17 10:00:00,5.0,0.0,5.0,0.0,2.2,96,45.6,96,993.8,100,100,100,100,3.9,0.0,43.6591,-70.2568,2022,1,17,10
2022-01-17 11:00:00,8.0,0.0,8.0,0.0,2.0,98,44.9,96,990.2,100,100,100,86,4.4,0.0,43.6591,-70.2568,2022,1,17,11
2022-01-17 12:00:00,14.0,0.0,14.0,0.0,6.6,83,58.2,105,984.6,100,100,100,57,2.7,0.0,43.6591,-70.2568,2022,1,17,12
2022-01-17 13:00:00,30.0,0.0,30.0,0.0,7.0,90,41.9,120,982.2,100,100,100,45,8.5,0.0,43.6591,-70.2568,2022,1,17,13
2022-01-17 14:00:00,46.0,1.0,45.0,2.4,6.7,99,15.9,128,979.2,89,25,87,0,3.3,0.0,43.6591,-70.2568,2022,1,17,14
2022-01-17 15:00:00,158.0,33.0,125.0,89.2,7.8,84,20.9,207,978.1,5,5,0,0,0.5,874.65,43.6591,-70.2568,2022,1,17,15
2022-01-17 16:00:00,245.0,168.0,77.0,607.5,6.7,74,22.6,197,978.5,22,5,18,0,0.0,3600.0,43.6591,-70.2568,2022,1,17,16
2022-01-17 17:00:00,113.0,75.0,38.0,508.3,5.1,80,18.7,199,979.0,99,99,10,0,0.0,3600.0,43.6591,-70.2568,2022,1,17,17
2022-01-17 18:00:00,6.0,1.0,5.0,18.8,4.1,79,19.5,203,979.8,76,76,0,0,0.0,0.0,43.6591,-70.2568,2022,1,17,18
2022-01-17 19:00:00,0.0,0.0,0.0,0.0,3.3,78,17.1,202,980.6,100,100,36,0,0.0,0.0,43.6591,-70.2568,2022,1,17,19
2022-01-17 20:00:00,0.0,0.0,0.0,0.0,2.7,79,19.3,204,981.1,82,33,100,0,0.0,0.0,43.6591,-70.2568,2022,1,17,20
2022-01-17 21:00:00,0.0,0.0,0.0,0.0,2.4,82,20.0,208,981.5,100,3,100,0,0.0,0.0,43.6591,-70.2568,2022,1,17,21
2022-01-17 22:00:00,0.0,0.0,0.0,0.0,2.0,83,18.8,216,982.0,100,35,100,91,0.0,0.0,43.6591,-70.2568,2022,1,17,22
2022-01-17 23:00:00,0.0,0.0,0.0,0.0,1.4,85,18.1,226,982.1,100,95,99,39,0.0,0.0,43.6591,-70.2568,2022,1,17,23
2022-01-18 00:00:00,0.0,0.0,0.0,0.0,1.3,85,16.6,228,981.9,99,0,99,0,0.0,0.0,43.6591,-70.2568,2022,1,18,0
2022-01-18 01:00:00,0.0,0.0,0.0,0.0,1.0,87,15.7,233,981.8,97,0,97,0,0.0,0.0,43.6591,-70.2568,2022,1,18,1
2022-01-18 02:00:00,0.0,0.0,0.0,0.0,1.5,82,17.2,254,982.5,99,8,99,37,0.0,0.0,43.6591,-70.2568,2022,1,18,2
2022-01-18 03:00:00,0.0,0.0,0.0,0.0,1.3,73,18.4,293,983.7,100,15,100,0,0.0,0.0,43.6591,-70.2568,2022,1,18,3
2022-01-18 04:00:00,0.0,0.0,0.0,0.0,-0.0,64,18.5,297,985.1,76,10,75,0,0.0,0.0,43.6591,-70.2568,2022,1,18,4
2022-01-18 05:00:00,0.0,0.0,0.0,0.0,-1.6,67,21.1,293,986.6,40,0,40,0,0.0,0.0,43.6591,-70.2568,2022,1,18,5
2022-01-18 06:00:00,0.0,0.0,0.0,0.0,-3.3,63,20.9,294,988.3,85,9,83,6,0.0,0.0,43.6591,-70.2568,2022,1,18,6
2022-01-18 07:00:00,0.0,0.0,0.0,0.0,-4.5,63,21.1,290,989.9,52,8,37,17,0.0,0.0,43.6591,-70.2568,2022,1,18,7
2022-01-18 08:00:00,0.0,0.0,0.0,0.0,-4.5,63,19.9,292,992.3,12,5,70,43,0.0,0.0,43.6591,-70.2568,2022,1,18,8
2022-01-18 09:00:00,26.0,10.0,16.0,131.4,-5.3,60,19.8,295,993.9,8,8,0,0,0.0,2380.95,43.6591,-70.2568,2022,1,18,9
2022-01-18 10:00:00,164.0,120.0,44.0,634.7,-5.3,52,22.6,295,995.4,4,4,0,0,0.0,3600.0,43.6591,-70.2568,2022,1,18,10
2022-01-18 11:00:00,302.0,238.0,64.0,769.6,-5.2,48,24.5,292,996.8,51,0,14,50,0.0,3600.0,43.6591,-70.2568,2022,1,18,11
2022-01-18 12:00:00,404.0,332.0,72.0,847.1,-5.0,46,26.9,290,997.7,0,0,0,0,0.0,3600.0,43.6591,-70.2568,2022,1,18,12
2022-01-18 13:00:00,456.0,382.0,74.0,885.2,-4.9,43,27.9,292,998.5,8,8,0,0,0.0,3600.0,43.6591,-70.2568,2022,1,18,13
2022-01-18 14:00:00,450.0,377.0,73.0,886.5,-5.1,41,27.2,290,999.7,0,0,0,0,0.0,3600.0,43.6591,-70.2568,2022,1,18,14
2022-01-18 15:00:00,386.0,319.0,67.0,853.7,-5.5,40,26.2,288,1001.2,6,6,0,0,0.0,3600.0,43.6591,-70.2568,2022,1,18,15
2022-01-18 16:00:00,273.0,215.0,58.0,767.4,-6.4,40,25.4,286,1003.0,0,0,0,0,0.0,3600.0,43.6591,-70.2568,2022,1,18,16
2022-01-18 17:00:00,127.0,89.0,38.0,588.8,-7.6,43,23.0,287,1004.8,0,0,0,0,0.0,3600.0,43.6591,-70.2568,2022,1,18,17
2022-01-18 18:00:00,11.0,6.0,5.0,109.0,-8.9,48,21.0,286,1006.8,0,0,0,0,0.0,1350.03,43.6591,-70.2568,2022,1,18,18
2022-01-18 19:00:00,0.0,0.0,0.0,0.0,-9.8,50,18.9,288,1009.0,0,0,0,0,0.0,0.0,43.6591,-70.2568,2022,1,18,19
2022-01-18 20:00:00,0.0,0.0,0.0,0.0,-9.9,46,18.7,300,1010.8,0,0,0,0,0.0,0.0,43.6591,-70.2568,2022,1,18,20
2022-01-18 21:00:00,0.0,0.0,0.0,0.0,-10.8,51,14.9,302,1012.0,0,0,0,0,0.0,0.0,43.6591,-70.2568,2022,1,18,21
2022-01-18 22:00:00,0.0,0.0,0.0,0.0,-11.4,56,11.8,297,1012.9,0,0,0,0,0.0,0.0,43.6591,-70.2568,2022,1,18,22
2022-01-18 23:00:00,0.0,0.0,0.0,0.0,-11.8,58,10.5,308,1013.4,0,0,0,0,0.0,0.0,43.6591,-70.2568,2022,1,18,23
2022-01-19 00:00:00,0.0,0.0,0.0,0.0,-12.1,56,7.2,270,1014.6,0,0,0,0,0.0,0.0,43.6591,-70.2568,2022,1,19,0
2022-01-19 01:00:00,0.0,0.0,0.0,0.0,-12.6,52,9.5,245,1015.7,0,0,0,0,0.0,0.0,43.6591,-70.2568,2022,1,19,1
2022-01-19 02:00:00,0.0,0.0,0.0,0.0,-13.3,54,10.9,261,1016.4,4,0,4,0,0.0,0.0,43.6591,-70.2568,2022,1,19,2
2022-01-19 03:00:00,0.0,0.0,0.0,0.0,-13.8,53,9.4,274,1016.8,90,0,90,0,0.0,0.0,43.6591,-70.2568,2022,1,19,3
2022-01-19 04:00:00,0.0,0.0,0.0,0.0,-13.9,52,8.7,275,1017.6,99,0,98,74,0.0,0.0,43.6591,-70.2568,2022,1,19,4
2022-01-19 05:00:00,0.0,0.0,0.0,0.0,-13.5,49,6.4,286,1017.7,98,0,98,0,0.0,0.0,43.6591,-70.2568,2022,1,19,5
2022-01-19 06:00:00,0.0,0.0,0.0,0.0,-13.1,47,4.9,287,1017.5,95,2,94,14,0.0,0.0,43.6591,-70.2568,2022,1,19,6
2022-01-19 07:00:00,0.0,0.0,0.0,0.0,-12.9,47,4.7,270,1017.3,100,5,100,11,0.0,0.0,43.6591,-70.2568,2022,1,19,7
2022-01-19 08:00:00,0.0,0.0,0.0,0.0,-12.2,51,2.8,230,1017.3,100,0,100,27,0.0,0.0,43.6591,-70.2568,2022,1,19,8
2022-01-19 09:00:00,9.0,0.0,9.0,0.0,-10.9,47,4.0,190,1017.3,100,0,100,41,0.0,0.0,43.6591,-70.2568,2022,1,19,9
2022-01-19 10:00:00,97.0,11.0,86.0,57.5,-8.9,47,6.2,170,1016.2,100,3,100,100,0.1,0.0,43.6591,-70.2568,2022,1,19,10
2022-01-19 11:00:00,88.0,0.0,88.0,0.0,-6.2,55,7.6,183,1015.1,100,41,100,100,0.1,0.0,43.6591,-70.2568,2022,1,19,11
2022-01-19 12:00:00,92.0,1.0,91.0,2.5,-2.8,62,8.9,212,1013.7,100,4,100,100,0.1,0.0,43.6591,-70.2568,2022,1,19,12
2022-01-19 13:00:00,91.0,0.0,91.0,0.0,-0.7,62,12.9,207,1011.0,100,1,100,90,0.0,0.0,43.6591,-70.2568,2022,1,19,13
2022-01-19 14:00:00,272.0,81.0,191.0,188.9,2.7,63,16.3,198,1009.1,100,0,100,99,0.0,3600.0,43.6591,-70.2568,2022,1,19,14
2022-01-19 15:00:00,193.0,32.0,161.0,84.8,3.9,65,17.4,193,1007.8,100,6,100,19,0.0,744.92,43.6591,-70.2568,2022,1,19,15
2022-01-19 16:00:00,103.0,7.0,96.0,24.7,4.8,60,20.6,207,1007.2,94,7,94,13,0.0,0.0,43.6591,-70.2568,2022,1,19,16
2022-01-19 17:00:00,83.0,23.0,60.0,148.6,4.6,58,16.6,210,1006.9,84,11,64,55,0.0,2657.74,43.6591,-70.2568,2022,1,19,17
2022-01-19 18:00:00,9.0,2.0,7.0,35.1,4.2,59,17.4,214,1006.7,77,12,53,49,0.0,0.0,43.6591,-70.2568,2022,1,19,18
2022-01-19 19:00:00,0.0,0.0,0.0,0.0,3.3,64,15.4,213,1006.9,98,3,0,97,0.0,0.0,43.6591,-70.2568,2022,1,19,19
2022-01-19 20:00:00,0.0,0.0,0.0,0.0,1.4,72,12.6,217,1008.3,100,7,56,100,0.0,0.0,43.6591,-70.2568,2022,1,19,20
2022-01-19 21:00:00,0.0,0.0,0.0,0.0,0.9,74,14.8,221,1008.2,100,0,98,100,0.0,0.0,43.6591,-70.2568,2022,1,19,21
2022-01-19 22:00:00,0.0,0.0,0.0,0.0,1.4,71,14.5,222,1008.4,100,0,100,99,0.0,0.0,43.6591,-70.2568,2022,1,19,22
2022-01-19 23:00:00,0.0,0.0,0.0,0.0,1.4,72,13.5,214,1008.5,100,0,100,100,0.0,0.0,43.6591,-70.2568,2022,1,19,23
2022-01-20 00:00:00,0.0,0.0,0.0,0.0,1.3,74,12.9,207,1008.3,100,0,100,100,0.0,0.0,43.6591,-70.2568,2022,1,20,0
2022-01-20 01:00:00,0.0,0.0,0.0,0.0,1.2,75,13.3,213,1008.1,100,11,100,100,0.0,0.0,43.6591,-70.2568,2022,1,20,1
2022-01-20 02:00:00,0.0,0.0,0.0,0.0,1.3,76,13.8,219,1008.5,100,15,100,100,0.0,0.0,43.6591,-70.2568,2022,1,20,2
2022-01-20 03:00:00,0.0,0.0,0.0,0.0,1.5,76,13.4,216,1008.8,100,13,100,100,0.0,0.0,43.6591,-70.2568,2022,1,20,3
2022-01-20 04:00:00,0.0,0.0,0.0,0.0,1.4,80,12.8,230,1009.0,100,10,100,100,0.2,0.0,43.6591,-70.2568,2022,1,20,4
2022-01-20 05:00:00,0.0,0.0,0.0,0.0,1.3,85,11.8,239,1009.4,100,5,100,100,0.2,0.0,43.6591,-70.2568,2022,1,20,5
2022-01-20 06:00:00,0.0,0.0,0.0,0.0,1.3,87,12.1,243,1009.6,100,6,100,100,0.3,0.0,43.6591,-70.2568,2022,1,20,6
2022-01-20 07:00:00,0.0,0.0,0.0,0.0,0.2,99,10.7,237,1010.1,100,0,100,100,0.1,0.0,43.6591,-70.2568,2022,1,20,7
2022-01-20 08:00:00,0.0,0.0,0.0,0.0,1.4,87,9.7,272,1010.7,100,0,100,100,0.1,0.0,43.6591,-70.2568,2022,1,20,8
2022-01-20 09:00:00,10.0,0.0,10.0,0.0,0.6,92,9.7,360,1012.0,100,98,100,100,0.1,0.0,43.6591,-70.2568,2022,1,20,9
2022-01-20 10:00:00,40.0,0.0,40.0,0.0,1.0,79,8.7,343,1013.1,100,100,100,100,0.0,0.0,43.6591,-70.2568,2022,1,20,10
2022-01-20 11:00:00,66.0,0.0,66.0,0.0,0.5,69,13.9,329,1014.4,100,73,100,100,0.0,0.0,43.6591,-70.2568,2022,1,20,11
2022-01-20 12:00:00,126.0,2.0,124.0,5.0,-0.7,60,14.5,330,1015.0,100,10,96,100,0.0,0.0,43.6591,-70.2568,2022,1,20,12
2022-01-20 13:00:00,196.0,4.0,192.0,9.1,-1.4,52,15.3,321,1015.2,94,0,86,69,0.0,0.0,43.6591,-70.2568,2022,1,20,13
2022-01-20 14:00:00,269.0,87.0,182.0,201.3,-1.4,45,14.1,320,1015.6,81,0,75,32,0.0,3600.0,43.6591,-70.2568,2022,1,20,14
2022-01-20 15:00:00,344.0,225.0,119.0,590.8,-1.6,42,13.9,335,1016.0,29,0,4,27,0.0,3600.0,43.6591,-70.2568,2022,1,20,15
2022-01-20 16:00:00,271.0,209.0,62.0,727.0,-3.0,42,16.2,348,1017.1,7,0,0,7,0.0,3600.0,43.6591,-70.2568,2022,1,20,16
2022-01-20 17:00:00,131.0,92.0,39.0,580.6,-5.2,47,16.7,354,1018.7,3,0,0,3,0.0,3600.0,43.6591,-70.2568,2022,1,20,17
2022-01-20 18:00:00,13.0,7.0,6.0,119.0,-7.1,51,17.5,352,1020.0,36,0,0,36,0.0,1628.98,43.6591,-70.2568,2022,1,20,18
2022-01-20 19:00:00,0.0,0.0,0.0,0.0,-8.3,54,17.4,354,1021.2,33,0,0,33,0.0,0.0,43.6591,-70.2568,2022,1,20,19
2022-01-20 20:00:00,0.0,0.0,0.0,0.0,-8.3,53,18.0,2,1021.5,47,0,0,63,0.0,0.0,43.6591,-70.2568,2022,1,20,20
2022-01-20 21:00:00,0.0,0.0,0.0,0.0,-9.4,55,19.1,359,1022.7,90,0,3,89,0.0,0.0,43.6591,-70.2568,2022,1,20,21
2022-01-20 22:00:00,0.0,0.0,0.0,0.0,-10.3,58,15.9,357,1023.8,63,0,22,55,0.0,0.0,43.6591,-70.2568,2022,1,20,22
2022-01-20 23:00:00,0.0,0.0,0.0,0.0,-11.3,59,15.5,355,1024.8,65,0,0,65,0.0,0.0,43.6591,-70.2568,2022,1,20,23
2022-01-21 00:00:00,0.0,0.0,0.0,0.0,-12.2,60,15.6,353,1025.7,49,0,0,49,0.0,0.0,43.6591,-70.2568,2022,1,21,0
2022-01-21 01:00:00,0.0,0.0,0.0,0.0,-13.0,60,16.2,348,1026.2,33,0,0,33,0.0,0.0,43.6591,-70.2568,2022,1,21,1
2022-01-21 02:00:00,0.0,0.0,0.0,0.0,-13.8,59,16.5,349,1027.0,15,0,0,15,0.0,0.0,43.6591,-70.2568,2022,1,21,2
2022-01-21 03:00:00,0.0,0.0,0.0,0.0,-14.4,59,16.5,349,1027.7,67,0,0,67,0.0,0.0,43.6591,-70.2568,2022,1,21,3
2022-01-21 04:00:00,0.0,0.0,0.0,0.0,-14.8,58,15.0,349,1027.9,84,0,0,84,0.0,0.0,43.6591,-70.2568,2022,1,21,4
2022-01-21 05:00:00,0.0,0.0,0.0,0.0,-15.2,57,14.9,353,1028.0,35,0,0,35,0.0,0.0,43.6591,-70.2568,2022,1,21,5
2022-01-21 06:00:00,0.0,0.0,0.0,0.0,-15.6,57,14.5,353,1028.4,21,0,0,21,0.0,0.0,43.6591,-70.2568,2022,1,21,6
2022-01-21 07:00:00,0.0,0.0,0.0,0.0,-16.0,56,14.5,354,1029.1,20,0,0,20,0.0,0.0,43.6591,-70.2568,2022,1,21,7
2022-01-21 08:00:00,0.0,0.0,0.0,0.0,-16.4,58,13.7,358,1030.9,31,2,0,17,0.0,0.0,43.6591,-70.2568,2022,1,21,8
2022-01-21 09:00:00,34.0,20.0,14.0,251.4,-15.9,52,13.0,354,1031.9,23,1,1,22,0.0,2811.65,43.6591,-70.2568,2022,1,21,9
2022-01-21 10:00:00,172.0,123.0,49.0,627.6,-14.8,44,14.4,359,1032.5,63,2,0,63,0.0,3600.0,43.6591,-70.2568,2022,1,21,10
2022-01-21 11:00:00,315.0,249.0,66.0,785.0,-13.2,37,13.6,349,1033.0,8,0,0,8,0.0,3600.0,43.6591,-70.2568,2022,1,21,11
2022-01-21 12:00:00,421.0,347.0,74.0,865.7,-11.6,33,13.0,346,1032.6,0,0,0,0,0.0,3600.0,43.6591,-70.2568,2022,1,21,12
2022-01-21 13:00:00,476.0,404.0,72.0,915.5,-10.2,29,12.0,353,1031.8,0,0,0,0,0.0,3600.0,43.6591,-70.2568,2022,1,21,13
2022-01-21 14:00:00,469.0,399.0,70.0,915.8,-9.2,28,11.1,335,1031.0,0,0,0,0,0.0,3600.0,43.6591,-70.2568,2022,1,21,14
2022-01-21 15:00:00,404.0,337.0,67.0,876.4,-8.7,28,10.9,343,1031.3,0,0,0,0,0.0,3600.0,43.6591,-70.2568,2022,1,21,15
2022-01-21 16:00:00,289.0,231.0,58.0,793.2,-8.7,30,10.6,336,1031.4,0,0,0,0,0.0,3600.0,43.6591,-70.2568,2022,1,21,16
2022-01-21 17:00:00,140.0,100.0,40.0,616.7,-9.4,34,10.5,344,1031.5,0,0,0,0,0.0,3600.0,43.6591,-70.2568,2022,1,21,17
2022-01-21 18:00:00,15.0,8.0,7.0,131.8,-10.4,40,10.7,348,1031.7,0,0,0,0,0.0,1946.9,43.6591,-70.2568,2022,1,21,18
2022-01-21 19:00:00,0.0,0.0,0.0,0.0,-10.8,43,10.9,354,1032.1,0,0,0,0,0.0,0.0,43.6591,-70.2568,2022,1,21,19
2022-01-21 20:00:00,0.0,0.0,0.0,0.0,-10.6,43,9.4,356,1032.4,0,0,0,0,0.0,0.0,43.6591,-70.2568,2022,1,21,20
2022-01-21 21:00:00,0.0,0.0,0.0,0.0,-11.1,45,12.2,2,1032.8,0,0,0,0,0.0,0.0,43.6591,-70.2568,2022,1,21,21
2022-01-21 22:00:00,0.0,0.0,0.0,0.0,-12.3,48,12.6,3,1033.1,0,0,0,0,0.0,0.0,43.6591,-70.2568,2022,1,21,22
2022-01-21 23:00:00,0.0,0.0,0.0,0.0,-13.0,53,12.0,9,1033.4,0,0,0,0,0.0,0.0,43.6591,-70.2568,2022,1,21,23
2022-01-22 00:00:00,0.0,0.0,0.0,0.0,-13.6,57,12.1,10,1033.0,0,0,0,0,0.0,0.0,43.6591,-70.2568,2022,1,22,0
2022-01-22 01:00:00,0.0,0.0,0.0,0.0,-14.3,58,12.4,8,1032.4,0,0,0,0,0.0,0.0,43.6591,-70.2568,2022,1,22,1
2022-01-22 02:00:00,0.0,0.0,0.0,0.0,-15.1,59,12.3,5,1031.8,0,0,0,0,0.0,0.0,43.6591,-70.2568,2022,1,22,2
2022-01-22 03:00:00,0.0,0.0,0.0,0.0,-15.6,60,11.5,4,1031.5,0,0,0,0,0.0,0.0,43.6591,-70.2568,2022,1,22,3
2022-01-22 04:00:00,0.0,0.0,0.0,0.0,-16.1,60,11.5,358,1030.9,0,0,0,0,0.0,0.0,43.6591,-70.2568,2022,1,22,4
2022-01-22 05:00:00,0.0,0.0,0.0,0.0,-16.7,57,12.6,355,1029.7,0,0,0,0,0.0,0.0,43.6591,-70.2568,2022,1,22,5
2022-01-22 06:00:00,0.0,0.0,0.0,0.0,-17.1,56,12.6,355,1029.3,0,0,0,0,0.0,0.0,43.6591,-70.2568,2022,1,22,6
2022-01-22 07:00:00,0.0,0.0,0.0,0.0,-17.3,55,11.9,360,1029.1,0,0,0,0,0.0,0.0,43.6591,-70.2568,2022,1,22,7
2022-01-22 08:00:00,0.0,0.0,0.0,0.0,-18.2,58,11.7,349,1029.5,2,1,0,0,0.0,0.0,43.6591,-70.2568,2022,1,22,8
2022-01-22 09:00:00,35.0,21.0,14.0,259.9,-17.6,54,10.6,350,1030.1,6,6,0,0,0.0,2856.91,43.6591,-70.2568,2022,1,22,9
2022-01-22 10:00:00,174.0,122.0,52.0,614.6,-15.8,46,10.2,352,1029.6,6,6,0,0,0.0,3600.0,43.6591,-70.2568,2022,1,22,10
2022-01-22 11:00:00,319.0,250.0,69.0,781.2,-13.1,39,9.9,350,1029.2,1,1,0,0,0.0,3600.0,43.6591,-70.2568,2022,1,22,11
2022-01-22 12:00:00,429.0,360.0,69.0,891.1,-10.9,34,10.2,342,1027.2,4,4,0,0,0.0,3600.0,43.6591,-70.2568,2022,1,22,12
2022-01-22 13:00:00,484.0,413.0,71.0,928.8,-9.3,31,6.8,342,1026.0,0,0,0,0,0.0,3600.0,43.6591,-70.2568,2022,1,22,13
2022-01-22 14:00:00,475.0,405.0,70.0,921.9,-8.2,29,4.5,346,1024.5,0,0,0,0,0.0,3600.0,43.6591,-70.2568,2022,1,22,14
2022-01-22 15:00:00,409.0,342.0,67.0,880.9,-7.7,28,2.4,27,1023.1,0,0,0,0,0.0,3600.0,43.6591,-70.2568,2022,1,22,15
2022-01-22 16:00:00,294.0,236.0,58.0,800.0,-7.6,29,3.3,84,1021.8,0,0,0,0,0.0,3600.0,43.6591,-70.2568,2022,1,22,16
2022-01-22 17:00:00,144.0,104.0,40.0,627.0,-8.1,33,1.6,117,1021.1,4,0,0,4,0.0,3600.0,43.6591,-70.2568,2022,1,22,17
2022-01-22 18:00:00,17.0,9.0,8.0,143.7,-9.5,42,2.9,90,1019.8,45,0,0,45,0.0,2024.08,43.6591,-70.2568,2022,1,22,18
2022-01-22 19:00:00,0.0,0.0,0.0,0.0,-9.0,44,1.0,315,1019.3,38,0,0,38,0.0,0.0,43.6591,-70.2568,2022,1,22,19
2022-01-22 20:00:00,0.0,0.0,0.0,0.0,-10.0,46,3.2,27,1018.6,100,0,11,98,0.0,0.0,43.6591,-70.2568,2022,1,22,20
2022-01-22 21:00:00,0.0,0.0,0.0,0.0,-9.7,46,3.4,72,1017.5,100,0,74,100,0.0,0.0,43.6591,-70.2568,2022,1,22,21
2022-01-22 22:00:00,0.0,0.0,0.0,0.0,-9.0,42,4.7,184,1016.5,93,0,81,90,0.0,0.0,43.6591,-70.2568,2022,1,22,22
2022-01-22 23:00:00,0.0,0.0,0.0,0.0,-8.8,40,8.8,215,1015.4,33,0,19,18,0.0,0.0,43.6591,-70.2568,2022,1,22,23
2022-01-23 00:00:00,0.0,0.0,0.0,0.0,-9.1,47,10.6,204,1013.9,68,0,0,68,0.0,0.0,43.6591,-70.2568,2022,1,23,0
2022-01-23 01:00:00,0.0,0.0,0.0,0.0,-9.0,53,10.5,239,1013.0,100,0,32,99,0.0,0.0,43.6591,-70.2568,2022,1,23,1
2022-01-23 02:00:00,0.0,0.0,0.0,0.0,-9.0,56,11.4,246,1011.8,48,0,21,35,0.0,0.0,43.6591,-70.2568,2022,1,23,2
2022-01-23 03:00:00,0.0,0.0,0.0,0.0,-8.7,61,13.6,238,1011.0,50,0,10,45,0.0,0.0,43.6591,-70.2568,2022,1,23,3
2022-01-23 04:00:00,0.0,0.0,0.0,0.0,-8.7,65,13.6,238,1010.5,89,0,3,89,0.0,0.0,43.6591,-70.2568,2022,1,23,4
2022-01-23 05:00:00,0.0,0.0,0.0,0.0,-9.2,70,13.8,237,1009.5,95,0,9,95,0.0,0.0,43.6591,-70.2568,2022,1,23,5
2022-01-23 06:00:00,0.0,0.0,0.0,0.0,-9.7,72,13.5,236,1008.9,100,0,36,100,0.0,0.0,43.6591,-70.2568,2022,1,23,6
2022-01-23 07:00:00,0.0,0.0,0.0,0.0,-9.8,70,12.7,241,1008.5,100,2,100,100,0.0,0.0,43.6591,-70.2568,2022,1,23,7
2022-01-23 08:00:00,0.0,0.0,0.0,0.0,-9.2,65,10.0,249,1008.5,100,0,62,100,0.0,0.0,43.6591,-70.2568,2022,1,23,8
2022-01-23 09:00:00,28.0,5.0,23.0,60.9,-8.9,61,11.6,244,1008.0,100,0,83,100,0.0,384.26,43.6591,-70.2568,2022,1,23,9
2022-01-23 10:00:00,130.0,41.0,89.0,203.8,-7.1,51,11.8,247,1007.5,100,0,34,100,0.0,3600.0,43.6591,-70.2568,2022,1,23,10
2022-01-23 11:00:00,231.0,87.0,144.0,269.4,-5.0,44,10.6,246,1006.8,100,0,40,100,0.0,3600.0,43.6591,-70.2568,2022,1,23,11
2022-01-23 12:00:00,340.0,169.0,171.0,415.0,-2.6,39,12.7,241,1006.4,99,0,29,99,0.0,3600.0,43.6591,-70.2568,2022,1,23,12
2022-01-23 13:00:00,434.0,323.0,111.0,720.7,-1.1,38,14.4,248,1004.9,91,0,53,80,0.0,3600.0,43.6591,-70.2568,2022,1,23,13
2022-01-23 14:00:00,442.0,346.0,96.0,781.1,-0.5,38,14.1,251,1004.3,100,0,100,24,0.0,3600.0,43.6591,-70.2568,2022,1,23,14
2022-01-23 15:00:00,286.0,98.0,188.0,250.0,-0.6,40,12.3,249,1003.7,99,0,98,94,0.0,3600.0,43.6591,-70.2568,2022,1,23,15
2022-01-23 16:00:00,219.0,88.0,131.0,294.5,-0.6,41,12.0,249,1003.6,100,0,97,100,0.0,3600.0,43.6591,-70.2568,2022,1,23,16
2022-01-23 17:00:00,113.0,43.0,70.0,253.5,-1.1,44,10.0,244,1003.5,100,0,93,99,0.0,3600.0,43.6591,-70.2568,2022,1,23,17
2022-01-23 18:00:00,13.0,1.0,12.0,15.5,-2.7,52,8.6,237,1003.6,100,0,97,100,0.0,0.0,43.6591,-70.2568,2022,1,23,18
2022-01-23 19:00:00,0.0,0.0,0.0,0.0,-3.5,57,9.1,252,1004.4,100,0,100,100,0.0,0.0,43.6591,-70.2568,2022,1,23,19
2022-01-23 20:00:00,0.0,0.0,0.0,0.0,-3.9,54,9.5,245,1004.5,100,0,100,84,0.0,0.0,43.6591,-70.2568,2022,1,23,20
2022-01-23 21:00:00,0.0,0.0,0.0,0.0,-3.9,54,9.4,247,1004.6,100,0,100,29,0.0,0.0,43.6591,-70.2568,2022,1,23,21
2022-01-23 22:00:00,0.0,0.0,0.0,0.0,-3.9,56,9.5,245,1004.8,100,4,100,43,0.0,0.0,43.6591,-70.2568,2022,1,23,22
2022-01-23 23:00:00,0.0,0.0,0.0,0.0,-4.2,61,8.9,256,1004.6,100,0,100,21,0.0,0.0,43.6591,-70.2568,2022,1,23,23
2022-01-24 00:00:00,0.0,0.0,0.0,0.0,-4.5,67,9.8,262,1004.9,100,0,100,0,0.0,0.0,43.6591,-70.2568,2022,1,24,0
2022-01-24 01:00:00,0.0,0.0,0.0,0.0,-4.7,72,10.2,318,1005.1,98,0,98,0,0.0,0.0,43.6591,-70.2568,2022,1,24,1
2022-01-24 02:00:00,0.0,0.0,0.0,0.0,-5.9,75,11.9,2,1005.2,83,0,83,0,0.0,0.0,43.6591,-70.2568,2022,1,24,2
2022-01-24 03:00:00,0.0,0.0,0.0,0.0,-7.6,73,13.1,9,1005.5,1,0,1,0,0.0,0.0,43.6591,-70.2568,2022,1,24,3
2022-01-24 04:00:00,0.0,0.0,0.0,0.0,-8.6,74,13.3,2,1005.9,0,0,0,0,0.0,0.0,43.6591,-70.2568,2022,1,24,4
2022-01-24 05:00:00,0.0,0.0,0.0,0.0,-9.1,70,13.7,5,1006.4,0,0,0,0,0.0,0.0,43.6591,-70.2568,2022,1,24,5
2022-01-24 06:00:00,0.0,0.0,0.0,0.0,-9.7,65,13.3,3,1007.2,0,0,0,0,0.0,0.0,43.6591,-70.2568,2022,1,24,6
2022-01-24 07:00:00,0.0,0.0,0.0,0.0,-10.3,61,13.0,3,1008.1,9,9,0,0,0.0,0.0,43.6591,-70.2568,2022,1,24,7
2022-01-24 08:00:00,0.0,0.0,0.0,0.0,-10.1,63,11.3,9,1009.0,9,85,0,0,0.0,0.0,43.6591,-70.2568,2022,1,24,8
2022-01-24 09:00:00,27.0,8.0,19.0,95.8,-9.0,53,10.1,4,1009.7,93,93,0,0,0.0,1452.62,43.6591,-70.2568,2022,1,24,9
2022-01-24 10:00:00,115.0,35.0,80.0,171.7,-8.1,43,10.4,360,1010.1,65,53,0,25,0.0,3349.86,43.6591,-70.2568,2022,1,24,10
2022-01-24 11:00:00,280.0,175.0,105.0,536.7,-7.0,35,9.4,353,1010.3,29,4,0,27,0.0,3600.0,43.6591,-70.2568,2022,1,24,11
2022-01-24 12:00:00,420.0,344.0,76.0,837.8,-5.8,31,6.7,344,1010.4,24,0,0,24,0.0,3600.0,43.6591,-70.2568,2022,1,24,12
2022-01-24 13:00:00,475.0,401.0,74.0,887.7,-4.7,31,3.2,333,1009.9,0,0,0,0,0.0,3600.0,43.6591,-70.2568,2022,1,24,13
2022-01-24 14:00:00,469.0,397.0,72.0,888.7,-3.8,31,0.7,360,1009.1,0,0,0,0,0.0,3600.0,43.6591,-70.2568,2022,1,24,14
2022-01-24 15:00:00,406.0,338.0,68.0,853.8,-3.5,31,1.3,124,1008.8,0,0,0,0,0.0,3600.0,43.6591,-70.2568,2022,1,24,15
2022-01-24 16:00:00,292.0,233.0,59.0,769.7,-3.6,33,4.7,122,1008.7,1,1,0,0,0.0,3600.0,43.6591,-70.2568,2022,1,24,16
2022-01-24 17:00:00,145.0,103.0,42.0,593.7,-4.5,45,7.6,121,1009.1,3,0,3,0,0.0,3600.0,43.6591,-70.2568,2022,1,24,17
2022-01-24 18:00:00,19.0,10.0,9.0,150.3,-6.0,69,11.0,122,1009.0,34,2,9,27,0.0,2180.42,43.6591,-70.2568,2022,1,24,18
2022-01-24 19:00:00,0.0,0.0,0.0,0.0,-6.4,76,5.1,172,1010.2,49,12,27,23,0.0,0.0,43.6591,-70.2568,2022,1,24,19
2022-01-24 20:00:00,0.0,0.0,0.0,0.0,-5.9,71,6.1,230,1009.9,99,0,49,100,0.0,0.0,43.6591,-70.2568,2022,1,24,20
2022-01-24 21:00:00,0.0,0.0,0.0,0.0,-6.2,68,8.3,272,1010.1,100,0,100,100,0.0,0.0,43.6591,-70.2568,2022,1,24,21
2022-01-24 22:00:00,0.0,0.0,0.0,0.0,-5.3,59,4.7,337,1009.9,100,16,100,100,0.1,0.0,43.6591,-70.2568,2022,1,24,22
2022-01-24 23:00:00,0.0,0.0,0.0,0.0,-5.1,60,5.4,360,1009.6,100,38,100,100,0.1,0.0,43.6591,-70.2568,2022,1,24,23
2022-01-25 00:00:00,0.0,0.0,0.0,0.0,-5.1,62,5.4,352,1009.5,100,98,100,100,0.1,0.0,43.6591,-70.2568,2022,1,25,0
2022-01-25 01:00:00,0.0,0.0,0.0,0.0,-5.4,68,5.9,11,1009.1,100,31,100,100,0.4,0.0,43.6591,-70.2568,2022,1,25,1
2022-01-25 02:00:00,0.0,0.0,0.0,0.0,-5.4,73,6.2,7,1008.8,100,17,100,99,0.3,0.0,43.6591,-70.2568,2022,1,25,2
2022-01-25 03:00:00,0.0,0.0,0.0,0.0,-5.7,74,5.0,360,1008.8,100,100,100,0,0.3,0.0,43.6591,-70.2568,2022,1,25,3
2022-01-25 04:00:00,0.0,0.0,0.0,0.0,-5.7,75,2.9,353,1008.2,100,98,99,0,0.1,0.0,43.6591,-70.2568,2022,1,25,4
2022-01-25 05:00:00,0.0,0.0,0.0,0.0,-6.9,80,2.5,360,1007.7,100,100,100,0,0.0,0.0,43.6591,-70.2568,2022,1,25,5
2022-01-25 06:00:00,0.0,0.0,0.0,0.0,-5.4,74,2.9,353,1007.5,100,100,100,0,0.0,0.0,43.6591,-70.2568,2022,1,25,6
2022-01-25 07:00:00,0.0,0.0,0.0,0.0,-4.8,74,2.9,353,1007.7,100,100,100,0,0.0,0.0,43.6591,-70.2568,2022,1,25,7
2022-01-25 08:00:00,0.0,0.0,0.0,0.0,-5.1,76,5.4,307,1008.0,100,100,100,21,0.1,0.0,43.6591,-70.2568,2022,1,25,8
2022-01-25 09:00:00,9.0,0.0,9.0,0.0,-4.8,76,8.4,320,1008.1,100,100,100,36,0.1,0.0,43.6591,-70.2568,2022,1,25,9
2022-01-25 10:00:00,32.0,0.0,32.0,0.0,-4.4,77,7.4,346,1008.2,100,100,100,0,0.1,0.0,43.6591,-70.2568,2022,1,25,10
2022-01-25 11:00:00,93.0,2.0,91.0,6.1,-2.9,72,5.8,330,1008.7,99,68,99,0,0.0,0.0,43.6591,-70.2568,2022,1,25,11
2022-01-25 12:00:00,197.0,23.0,174.0,55.5,-1.1,67,5.8,330,1008.6,100,16,100,0,0.0,0.0,43.6591,-70.2568,2022,1,25,12
2022-01-25 13:00:00,325.0,107.0,218.0,234.9,0.8,61,6.4,286,1008.0,90,22,87,0,0.0,3600.0,43.6591,-70.2568,2022,1,25,13
2022-01-25 14:00:00,224.0,49.0,175.0,108.7,1.9,53,9.7,270,1007.8,28,18,12,0,0.0,1462.22,43.6591,-70.2568,2022,1,25,14
2022-01-25 15:00:00,386.0,306.0,80.0,765.3,2.8,44,14.8,274,1008.1,35,20,20,0,0.0,3600.0,43.6591,-70.2568,2022,1,25,15
2022-01-25 16:00:00,249.0,157.0,92.0,511.9,1.8,49,17.1,277,1008.9,99,99,0,0,0.0,3600.0,43.6591,-70.2568,2022,1,25,16
2022-01-25 17:00:00,123.0,67.0,56.0,377.7,0.8,53,12.2,270,1009.6,88,88,0,0,0.0,3600.0,43.6591,-70.2568,2022,1,25,17
2022-01-25 18:00:00,18.0,9.0,9.0,131.3,-1.5,63,5.6,255,1010.3,0,0,0,0,0.0,2125.34,43.6591,-70.2568,2022,1,25,18
2022-01-25 19:00:00,0.0,0.0,0.0,0.0,-2.6,65,10.6,260,1011.2,18,17,12,0,0.0,0.0,43.6591,-70.2568,2022,1,25,19
2022-01-25 20:00:00,0.0,0.0,0.0,0.0,-2.0,59,15.5,283,1012.3,0,0,0,0,0.0,0.0,43.6591,-70.2568,2022,1,25,20
2022-01-25 21:00:00,0.0,0.0,0.0,0.0,-3.2,63,14.0,296,1013.1,0,0,0,0,0.0,0.0,43.6591,-70.2568,2022,1,25,21
2022-01-25 22:00:00,0.0,0.0,0.0,0.0,-4.4,73,11.6,300,1014.0,0,0,0,0,0.0,0.0,43.6591,-70.2568,2022,1,25,22
2022-01-25 23:00:00,0.0,0.0,0.0,0.0,-5.3,76,10.4,304,1014.5,0,0,0,0,0.0,0.0,43.6591,-70.2568,2022,1,25,23
2022-01-26 00:00:00,0.0,0.0,0.0,0.0,-6.2,78,8.9,310,1015.0,0,0,0,0,0.0,0.0,43.6591,-70.2568,2022,1,26,0
2022-01-26 01:00:00,0.0,0.0,0.0,0.0,-7.0,78,10.0,330,1015.4,2,2,0,0,0.0,0.0,43.6591,-70.2568,2022,1,26,1
2022-01-26 02:00:00,0.0,0.0,0.0,0.0,-7.5,69,11.8,340,1015.6,0,0,0,0,0.0,0.0,43.6591,-70.2568,2022,1,26,2
2022-01-26 03:00:00,0.0,0.0,0.0,0.0,-8.0,63,11.6,344,1016.3,0,0,0,0,0.0,0.0,43.6591,-70.2568,2022,1,26,3
2022-01-26 04:00:00,0.0,0.0,0.0,0.0,-8.6,61,11.0,341,1017.1,0,0,0,0,0.0,0.0,43.6591,-70.2568,2022,1,26,4
2022-01-26 05:00:00,0.0,0.0,0.0,0.0,-9.3,62,10.6,336,1017.8,2,2,0,0,0.0,0.0,43.6591,-70.2568,2022,1,26,5
2022-01-26 06:00:00,0.0,0.0,0.0,0.0,-10.0,63,10.1,333,1018.2,16,9,8,0,0.0,0.0,43.6591,-70.2568,2022,1,26,6
2022-01-26 07:00:00,0.0,0.0,0.0,0.0,-10.5,62,10.6,332,1018.7,51,14,43,0,0.0,0.0,43.6591,-70.2568,2022,1,26,7
2022-01-26 08:00:00,0.0,0.0,0.0,0.0,-10.4,59,15.9,355,1019.5,18,0,0,0,0.0,0.0,43.6591,-70.2568,2022,1,26,8
2022-01-26 09:00:00,41.0,24.0,17.0,277.6,-10.3,55,13.8,351,1020.2,0,0,0,0,0.0,3061.8,43.6591,-70.2568,2022,1,26,9
2022-01-26 10:00:00,184.0,130.0,54.0,619.7,-9.3,48,13.4,346,1021.0,6,6,0,0,0.0,3600.0,43.6591,-70.2568,2022,1,26,10
2022-01-26 11:00:00,324.0,250.0,74.0,751.8,-8.4,41,14.1,341,1021.6,0,0,0,0,0.0,3600.0,43.6591,-70.2568,2022,1,26,11
2022-01-26 12:00:00,434.0,359.0,75.0,859.6,-7.9,36,15.0,339,1021.8,0,0,0,0,0.0,3600.0,43.6591,-70.2568,2022,1,26,12
2022-01-26 13:00:00,490.0,416.0,74.0,905.8,-7.7,31,16.1,336,1021.5,0,0,0,0,0.0,3600.0,43.6591,-70.2568,2022,1,26,13
2022-01-26 14:00:00,486.0,412.0,74.0,906.3,-7.8,31,17.1,335,1021.6,0,0,0,0,0.0,3600.0,43.6591,-70.2568,2022,1,26,14
2022-01-26 15:00:00,423.0,353.0,70.0,873.9,-8.1,30,16.6,336,1021.7,0,0,0,0,0.0,3600.0,43.6591,-70.2568,2022,1,26,15
2022-01-26 16:00:00,308.0,247.0,61.0,794.9,-8.7,31,16.5,337,1022.2,0,0,0,0,0.0,3600.0,43.6591,-70.2568,2022,1,26,16
2022-01-26 17:00:00,158.0,114.0,44.0,628.5,-9.8,34,16.2,343,1023.2,0,0,0,0,0.0,3600.0,43.6591,-70.2568,2022,1,26,17
2022-01-26 18:00:00,23.0,13.0,10.0,184.2,-11.1,41,16.1,350,1024.4,0,0,0,0,0.0,2340.78,43.6591,-70.2568,2022,1,26,18
2022-01-26 19:00:00,0.0,0.0,0.0,0.0,-12.0,44,17.5,352,1025.4,0,0,0,0,0.0,0.0,43.6591,-70.2568,2022,1,26,19
2022-01-26 20:00:00,0.0,0.0,0.0,0.0,-11.9,43,16.6,358,1025.9,0,0,0,0,0.0,0.0,43.6591,-70.2568,2022,1,26,20
2022-01-26 21:00:00,0.0,0.0,0.0,0.0,-12.9,44,16.3,354,1026.9,0,0,0,0,0.0,0.0,43.6591,-70.2568,2022,1,26,21
2022-01-26 22:00:00,0.0,0.0,0.0,0.0,-14.1,48,15.9,354,1027.5,0,0,0,0,0.0,0.0,43.6591,-70.2568,2022,1,26,22
2022-01-26 23:00:00,0.0,0.0,0.0,0.0,-15.0,49,15.5,356,1027.8,0,0,0,0,0.0,0.0,43.6591,-70.2568,2022,1,26,23
2022-01-27 00:00:00,0.0,0.0,0.0,0.0,-15.8,51,14.8,1,1028.2,0,0,0,0,0.0,0.0,43.6591,-70.2568,2022,1,27,0
2022-01-27 01:00:00,0.0,0.0,0.0,0.0,-16.5,53,13.3,3,1028.3,0,0,0,0,0.0,0.0,43.6591,-70.2568,2022,1,27,1
2022-01-27 02:00:00,0.0,0.0,0.0,0.0,-17.0,52,11.5,358,1028.5,1,1,0,0,0.0,0.0,43.6591,-70.2568,2022,1,27,2
2022-01-27 03:00:00,0.0,0.0,0.0,0.0,-17.4,51,10.1,358,1028.7,1,1,0,0,0.0,0.0,43.6591,-70.2568,2022,1,27,3
2022-01-27 04:00:00,0.0,0.0,0.0,0.0,-17.7,50,8.8,348,1028.8,1,1,0,0,0.0,0.0,43.6591,-70.2568,2022,1,27,4
2022-01-27 05:00:00,0.0,0.0,0.0,0.0,-18.0,50,8.7,343,1028.6,2,2,0,0,0.0,0.0,43.6591,-70.2568,2022,1,27,5
2022-01-27 06:00:00,0.0,0.0,0.0,0.0,-18.0,48,7.9,344,1028.4,5,0,0,5,0.0,0.0,43.6591,-70.2568,2022,1,27,6
2022-01-27 07:00:00,0.0,0.0,0.0,0.0,-18.0,47,8.0,342,1028.6,1,0,1,0,0.0,0.0,43.6591,-70.2568,2022,1,27,7
2022-01-27 08:00:00,0.0,0.0,0.0,0.0,-18.3,50,7.2,342,1029.4,4,0,0,8,0.0,0.0,43.6591,-70.2568,2022,1,27,8
2022-01-27 09:00:00,42.0,25.0,17.0,284.0,-17.5,46,6.8,328,1029.5,4,1,0,3,0.0,3119.03,43.6591,-70.2568,2022,1,27,9
2022-01-27 10:00:00,186.0,135.0,51.0,634.1,-15.2,40,3.8,319,1029.2,41,9,0,35,0.0,3600.0,43.6591,-70.2568,2022,1,27,10
2022-01-27 11:00:00,325.0,254.0,71.0,756.0,-12.1,35,2.4,207,1028.7,100,13,0,100,0.0,3600.0,43.6591,-70.2568,2022,1,27,11
2022-01-27 12:00:00,396.0,270.0,126.0,640.8,-9.7,43,6.4,164,1027.2,100,94,7,100,0.0,3600.0,43.6591,-70.2568,2022,1,27,12
2022-01-27 13:00:00,415.0,226.0,189.0,487.9,-8.1,49,9.1,171,1025.8,100,83,16,100,0.0,3600.0,43.6591,-70.2568,2022,1,27,13
2022-01-27 14:00:00,412.0,232.0,180.0,505.8,-6.7,50,11.6,175,1024.2,100,31,0,100,0.0,3600.0,43.6591,-70.2568,2022,1,27,14
2022-01-27 15:00:00,347.0,175.0,172.0,428.9,-5.6,51,14.6,190,1023.1,100,54,0,100,0.0,3600.0,43.6591,-70.2568,2022,1,27,15
2022-01-27 16:00:00,246.0,107.0,139.0,339.8,-5.6,54,17.0,197,1022.6,100,21,0,100,0.0,3600.0,43.6591,-70.2568,2022,1,27,16
2022-01-27 17:00:00,121.0,41.0,80.0,221.1,-5.5,66,15.7,200,1022.3,97,17,0,97,0.0,3600.0,43.6591,-70.2568,2022,1,27,17
2022-01-27 18:00:00,20.0,5.0,15.0,68.8,-6.2,63,11.8,207,1021.8,99,0,0,99,0.0,587.8,43.6591,-70.2568,2022,1,27,18
2022-01-27 19:00:00,0.0,0.0,0.0,0.0,-6.4,47,15.2,202,1021.0,100,0,0,100,0.0,0.0,43.6591,-70.2568,2022,1,27,19
2022-01-27 20:00:00,0.0,0.0,0.0,0.0,-7.6,41,14.0,215,1020.6,92,0,0,100,0.0,0.0,43.6591,-70.2568,2022,1,27,20
2022-01-27 21:00:00,0.0,0.0,0.0,0.0,-7.6,37,13.3,218,1020.1,92,0,0,92,0.0,0.0,43.6591,-70.2568,2022,1,27,21
2022-01-27 22:00:00,0.0,0.0,0.0,0.0,-7.9,39,14.6,220,1019.5,92,0,0,92,0.0,0.0,43.6591,-70.2568,2022,1,27,22
2022-01-27 23:00:00,0.0,0.0,0.0,0.0,-7.5,46,17.1,221,1018.9,100,0,0,100,0.0,0.0,43.6591,-70.2568,2022,1,27,23
2022-01-28 00:00:00,0.0,0.0,0.0,0.0,-7.7,49,16.6,219,1018.6,98,0,35,97,0.0,0.0,43.6591,-70.2568,2022,1,28,0
2022-01-28 01:00:00,0.0,0.0,0.0,0.0,-7.8,53,16.3,223,1018.0,100,0,100,97,0.0,0.0,43.6591,-70.2568,2022,1,28,1
2022-01-28 02:00:00,0.0,0.0,0.0,0.0,-7.1,56,16.3,225,1017.3,100,0,88,100,0.0,0.0,43.6591,-70.2568,2022,1,28,2
2022-01-28 03:00:00,0.0,0.0,0.0,0.0,-6.8,61,15.3,223,1016.6,100,9,99,96,0.0,0.0,43.6591,-70.2568,2022,1,28,3
2022-01-28 04:00:00,0.0,0.0,0.0,0.0,-6.4,65,13.3,229,1016.3,100,6,100,77,0.0,0.0,43.6591,-70.2568,2022,1,28,4
2022-01-28 05:00:00,0.0,0.0,0.0,0.0,-6.1,68,11.7,236,1015.9,100,6,94,99,0.0,0.0,43.6591,-70.2568,2022,1,28,5
2022-01-28 06:00:00,0.0,0.0,0.0,0.0,-6.2,71,11.0,238,1015.7,100,9,90,100,0.0,0.0,43.6591,-70.2568,2022,1,28,6
2022-01-28 07:00:00,0.0,0.0,0.0,0.0,-6.3,72,11.4,246,1015.7,100,13,91,100,0.0,0.0,43.6591,-70.2568,2022,1,28,7
2022-01-28 08:00:00,0.0,0.0,0.0,0.0,-6.1,68,10.6,252,1016.0,100,14,100,100,0.0,0.0,43.6591,-70.2568,2022,1,28,8
2022-01-28 09:00:00,17.0,0.0,17.0,0.0,-5.7,66,8.2,255,1016.0,100,4,99,79,0.0,0.0,43.6591,-70.2568,2022,1,28,9
2022-01-28 10:00:00,93.0,17.0,76.0,78.6,-4.8,60,8.1,257,1016.1,100,2,67,100,0.0,559.42,43.6591,-70.2568,2022,1,28,10
2022-01-28 11:00:00,256.0,134.0,122.0,394.7,-2.5,50,7.2,267,1016.3,100,0,97,100,0.0,3600.0,43.6591,-70.2568,2022,1,28,11
2022-01-28 12:00:00,318.0,131.0,187.0,308.1,-0.8,45,4.9,287,1015.9,100,0,96,100,0.0,3600.0,43.6591,-70.2568,2022,1,28,12
2022-01-28 13:00:00,400.0,226.0,174.0,483.7,0.7,42,3.9,304,1015.4,99,0,95,99,0.0,3600.0,43.6591,-70.2568,2022,1,28,13
2022-01-28 14:00:00,419.0,272.0,147.0,587.7,1.5,40,3.4,342,1015.2,100,0,100,100,0.0,3600.0,43.6591,-70.2568,2022,1,28,14
2022-01-28 15:00:00,327.0,146.0,181.0,354.1,1.4,41,3.3,13,1015.0,100,0,100,100,0.0,3600.0,43.6591,-70.2568,2022,1,28,15
2022-01-28 16:00:00,146.0,10.0,136.0,31.3,0.7,44,3.1,36,1015.7,100,9,100,100,0.0,0.0,43.6591,-70.2568,2022,1,28,16
2022-01-28 17:00:00,75.0,1.0,74.0,5.3,-0.4,51,3.1,54,1015.9,100,2,100,98,0.0,0.0,43.6591,-70.2568,2022,1,28,17
2022-01-28 18:00:00,13.0,0.0,13.0,0.0,-1.5,59,4.8,27,1016.3,100,9,100,100,0.0,0.0,43.6591,-70.2568,2022,1,28,18
2022-01-28 19:00:00,0.0,0.0,0.0,0.0,-2.0,63,9.1,9,1016.6,100,26,65,100,0.0,0.0,43.6591,-70.2568,2022,1,28,19
2022-01-28 20:00:00,0.0,0.0,0.0,0.0,-3.7,69,5.1,4,1017.1,100,2,70,98,0.0,0.0,43.6591,-70.2568,2022,1,28,20
2022-01-28 21:00:00,0.0,0.0,0.0,0.0,-4.1,71,15.2,4,1017.2,100,33,35,100,0.0,0.0,43.6591,-70.2568,2022,1,28,21
2022-01-28 22:00:00,0.0,0.0,0.0,0.0,-5.3,68,18.1,7,1017.0,92,0,15,90,0.0,0.0,43.6591,-70.2568,2022,1,28,22
2022-01-28 23:00:00,0.0,0.0,0.0,0.0,-6.2,66,18.6,10,1017.0,100,0,78,100,0.0,0.0,43.6591,-70.2568,2022,1,28,23
2022-01-29 00:00:00,0.0,0.0,0.0,0.0,-6.7,68,18.9,13,1017.5,100,0,100,100,0.0,0.0,43.6591,-70.2568,2022,1,29,0
2022-01-29 01:00:00,0.0,0.0,0.0,0.0,-6.9,66,19.4,15,1017.0,100,2,100,100,0.0,0.0,43.6591,-70.2568,2022,1,29,1
2022-01-29 02:00:00,0.0,0.0,0.0,0.0,-7.5,66,19.7,18,1017.3,100,35,84,100,0.0,0.0,43.6591,-70.2568,2022,1,29,2
2022-01-29 03:00:00,0.0,0.0,0.0,0.0,-8.5,65,20.8,14,1015.5,100,4,100,100,0.1,0.0,43.6591,-70.2568,2022,1,29,3
2022-01-29 04:00:00,0.0,0.0,0.0,0.0,-9.4,68,19.6,7,1014.3,100,0,100,100,0.1,0.0,43.6591,-70.2568,2022,1,29,4
2022-01-29 05:00:00,0.0,0.0,0.0,0.0,-9.8,69,19.7,8,1014.0,100,13,100,100,0.2,0.0,43.6591,-70.2568,2022,1,29,5
2022-01-29 06:00:00,0.0,0.0,0.0,0.0,-10.2,70,22.5,7,1012.3,100,6,100,100,0.4,0.0,43.6591,-70.2568,2022,1,29,6
2022-01-29 07:00:00,0.0,0.0,0.0,0.0,-10.7,69,24.0,9,1010.1,100,1,100,100,0.4,0.0,43.6591,-70.2568,2022,1,29,7
2022-01-29 08:00:00,0.0,0.0,0.0,0.0,-10.9,69,25.2,10,1010.4,100,34,100,100,0.5,0.0,43.6591,-70.2568,2022,1,29,8
2022-01-29 09:00:00,7.0,0.0,7.0,0.0,-11.3,67,27.6,12,1009.0,100,34,100,100,0.8,0.0,43.6591,-70.2568,2022,1,29,9
2022-01-29 10:00:00,27.0,0.0,27.0,0.0,-11.8,68,29.2,3,1006.8,100,14,100,100,1.2,0.0,43.6591,-70.2568,2022,1,29,10
2022-01-29 11:00:00,47.0,0.0,47.0,0.0,-12.4,67,31.3,358,1003.6,100,22,100,100,1.5,0.0,43.6591,-70.2568,2022,1,29,11
2022-01-29 12:00:00,34.0,0.0,34.0,0.0,-12.9,71,31.3,1,1002.1,100,46,100,100,1.8,0.0,43.6591,-70.2568,2022,1,29,12
2022-01-29 13:00:00,54.0,0.0,54.0,0.0,-12.9,71,33.1,359,998.6,100,77,100,100,2.5,0.0,43.6591,-70.2568,2022,1,29,13
2022-01-29 14:00:00,66.0,0.0,66.0,0.0,-12.7,71,36.0,358,995.6,100,89,100,100,2.5,0.0,43.6591,-70.2568,2022,1,29,14
2022-01-29 15:00:00,33.0,0.0,33.0,0.0,-12.7,70,37.5,357,993.6,100,65,100,97,2.1,0.0,43.6591,-70.2568,2022,1,29,15
2022-01-29 16:00:00,40.0,0.0,40.0,0.0,-12.2,69,33.2,358,992.3,100,88,100,3,1.5,0.0,43.6591,-70.2568,2022,1,29,16
2022-01-29 17:00:00,20.0,0.0,20.0,0.0,-11.9,68,36.9,354,991.7,100,75,100,76,1.5,0.0,43.6591,-70.2568,2022,1,29,17
2022-01-29 18:00:00,4.0,0.0,4.0,0.0,-11.8,66,40.0,357,991.3,100,97,100,74,1.7,0.0,43.6591,-70.2568,2022,1,29,18
2022-01-29 19:00:00,0.0,0.0,0.0,0.0,-11.8,66,37.5,351,991.0,100,79,100,89,1.6,0.0,43.6591,-70.2568,2022,1,29,19
2022-01-29 20:00:00,0.0,0.0,0.0,0.0,-11.4,69,35.1,343,990.7,100,99,100,100,1.4,0.0,43.6591,-70.2568,2022,1,29,20
2022-01-29 21:00:00,0.0,0.0,0.0,0.0,-12.1,67,38.3,338,990.2,100,94,100,75,1.3,0.0,43.6591,-70.2568,2022,1,29,21
2022-01-29 22:00:00,0.0,0.0,0.0,0.0,-12.3,65,39.4,337,989.6,100,38,100,29,0.9,0.0,43.6591,-70.2568,2022,1,29,22
2022-01-29 23:00:00,0.0,0.0,0.0,0.0,-12.4,63,38.2,335,989.5,100,66,100,85,0.6,0.0,43.6591,-70.2568,2022,1,29,23
2022-01-30 00:00:00,0.0,0.0,0.0,0.0,-12.4,61,35.1,331,990.0,100,26,91,100,0.3,0.0,43.6591,-70.2568,2022,1,30,0
2022-01-30 01:00:00,0.0,0.0,0.0,0.0,-12.3,58,33.0,321,990.9,100,31,66,100,0.1,0.0,43.6591,-70.2568,2022,1,30,1
2022-01-30 02:00:00,0.0,0.0,0.0,0.0,-12.3,57,29.3,317,991.9,97,34,56,94,0.0,0.0,43.6591,-70.2568,2022,1,30,2
2022-01-30 03:00:00,0.0,0.0,0.0,0.0,-12.7,58,26.0,312,993.2,99,9,62,99,0.0,0.0,43.6591,-70.2568,2022,1,30,3
2022-01-30 04:00:00,0.0,0.0,0.0,0.0,-12.8,58,22.0,305,994.3,100,16,48,99,0.0,0.0,43.6591,-70.2568,2022,1,30,4
2022-01-30 05:00:00,0.0,0.0,0.0,0.0,-12.9,58,18.7,295,995.8,98,9,11,97,0.0,0.0,43.6591,-70.2568,2022,1,30,5
2022-01-30 06:00:00,0.0,0.0,0.0,0.0,-13.6,60,16.9,299,997.4,91,25,49,80,0.0,0.0,43.6591,-70.2568,2022,1,30,6
2022-01-30 07:00:00,0.0,0.0,0.0,0.0,-14.2,62,14.7,301,998.9,100,3,0,100,0.0,0.0,43.6591,-70.2568,2022,1,30,7
2022-01-30 08:00:00,0.0,0.0,0.0,0.0,-13.2,59,17.1,295,999.4,65,4,0,85,0.0,0.0,43.6591,-70.2568,2022,1,30,8
2022-01-30 09:00:00,41.0,13.0,28.0,139.6,-13.0,54,14.3,288,1000.6,100,0,0,100,0.0,3024.38,43.6591,-70.2568,2022,1,30,9
2022-01-30 10:00:00,179.0,92.0,87.0,412.6,-12.1,48,11.3,277,1001.7,78,0,0,78,0.0,3600.0,43.6591,-70.2568,2022,1,30,10
2022-01-30 11:00:00,336.0,233.0,103.0,671.6,-11.0,41,13.0,276,1002.7,31,0,0,31,0.0,3600.0,43.6591,-70.2568,2022,1,30,11
2022-01-30 12:00:00,469.0,390.0,79.0,900.6,-9.6,36,13.0,270,1003.2,0,0,0,0,0.0,3600.0,43.6591,-70.2568,2022,1,30,12
2022-01-30 13:00:00,529.0,447.0,82.0,940.1,-8.7,35,11.2,274,1003.9,0,0,0,0,0.0,3600.0,43.6591,-70.2568,2022,1,30,13
2022-01-30 14:00:00,526.0,444.0,82.0,942.0,-8.2,35,9.4,274,1004.7,0,0,0,0,0.0,3600.0,43.6591,-70.2568,2022,1,30,14
2022-01-30 15:00:00,459.0,382.0,77.0,907.6,-7.9,36,8.8,282,1005.9,100,0,0,100,0.0,3600.0,43.6591,-70.2568,2022,1,30,15
2022-01-30 16:00:00,333.0,257.0,76.0,784.4,-7.9,37,8.0,280,1007.1,76,0,1,76,0.0,3600.0,43.6591,-70.2568,2022,1,30,16
2022-01-30 17:00:00,178.0,125.0,53.0,631.7,-9.2,49,5.4,290,1008.4,73,0,0,73,0.0,3600.0,43.6591,-70.2568,2022,1,30,17
2022-01-30 18:00:00,31.0,16.0,15.0,202.4,-12.4,63,7.5,287,1009.8,37,0,0,37,0.0,2670.11,43.6591,-70.2568,2022,1,30,18
2022-01-30 19:00:00,0.0,0.0,0.0,0.0,-11.5,61,10.7,282,1011.5,0,0,0,0,0.0,0.0,43.6591,-70.2568,2022,1,30,19
2022-01-30 20:00:00,0.0,0.0,0.0,0.0,-11.4,65,9.9,280,1012.0,0,0,0,0,0.0,0.0,43.6591,-70.2568,2022,1,30,20
2022-01-30 21:00:00,0.0,0.0,0.0,0.0,-11.9,68,13.0,268,1013.2,0,0,0,0,0.0,0.0,43.6591,-70.2568,2022,1,30,21
2022-01-30 22:00:00,0.0,0.0,0.0,0.0,-12.4,69,14.8,267,1013.9,0,0,0,0,0.0,0.0,43.6591,-70.2568,2022,1,30,22
2022-01-30 23:00:00,0.0,0.0,0.0,0.0,-12.7,69,14.1,266,1014.9,0,0,0,0,0.0,0.0,43.6591,-70.2568,2022,1,30,23
2022-01-31 00:00:00,0.0,0.0,0.0,0.0,-13.0,71,13.3,268,1015.5,0,0,0,0,0.0,0.0,43.6591,-70.2568,2022,1,31,0
2022-01-31 01:00:00,0.0,0.0,0.0,0.0,-13.5,73,13.0,272,1016.1,0,0,0,0,0.0,0.0,43.6591,-70.2568,2022,1,31,1
2022-01-31 02:00:00,0.0,0.0,0.0,0.0,-13.9,74,12.3,273,1016.6,0,0,0,0,0.0,0.0,43.6591,-70.2568,2022,1,31,2
2022-01-31 03:00:00,0.0,0.0,0.0,0.0,-14.4,76,11.2,274,1017.4,0,0,0,0,0.0,0.0,43.6591,-70.2568,2022,1,31,3
2022-01-31 04:00:00,0.0,0.0,0.0,0.0,-15.1,77,11.2,276,1018.0,0,0,0,0,0.0,0.0,43.6591,-70.2568,2022,1,31,4
2022-01-31 05:00:00,0.0,0.0,0.0,0.0,-15.4,77,11.3,279,1019.0,0,0,0,0,0.0,0.0,43.6591,-70.2568,2022,1,31,5
2022-01-31 06:00:00,0.0,0.0,0.0,0.0,-15.6,76,10.8,285,1019.7,0,0,0,0,0.0,0.0,43.6591,-70.2568,2022,1,31,6
2022-01-31 07:00:00,0.0,0.0,0.0,0.0,-15.9,75,10.6,298,1020.5,0,0,0,0,0.0,0.0,43.6591,-70.2568,2022,1,31,7
2022-01-31 08:00:00,0.0,0.0,0.0,0.0,-16.1,76,9.2,309,1021.5,5,23,0,0,0.0,0.0,43.6591,-70.2568,2022,1,31,8
2022-01-31 09:00:00,46.0,22.0,24.0,231.8,-15.6,76,8.9,317,1022.7,38,38,0,0,0.0,3368.86,43.6591,-70.2568,2022,1,31,9
2022-01-31 10:00:00,175.0,96.0,79.0,423.8,-13.6,72,4.4,305,1023.3,45,45,0,0,0.0,3600.0,43.6591,-70.2568,2022,1,31,10
2022-01-31 11:00:00,320.0,202.0,118.0,575.9,-11.1,65,2.6,304,1023.7,6,6,0,0,0.0,3600.0,43.6591,-70.2568,2022,1,31,11
2022-01-31 12:00:00,455.0,359.0,96.0,821.3,-8.7,58,2.8,310,1024.0,2,2,0,0,0.0,3600.0,43.6591,-70.2568,2022,1,31,12
2022-01-31 13:00:00,516.0,427.0,89.0,890.1,-7.4,61,2.7,293,1023.9,2,0,0,1,0.0,3600.0,43.6591,-70.2568,2022,1,31,13
2022-01-31 14:00:00,510.0,423.0,87.0,889.2,-6.6,61,3.5,294,1023.7,9,0,0,9,0.0,3600.0,43.6591,-70.2568,2022,1,31,14
2022-01-31 15:00:00,445.0,362.0,83.0,851.1,-4.4,37,2.8,310,1024.0,0,0,0,0,0.0,3600.0,43.6591,-70.2568,2022,1,31,15
2022-01-31 16:00:00,329.0,258.0,71.0,777.1,-4.0,38,1.8,349,1024.2,0,0,0,0,0.0,3600.0,43.6591,-70.2568,2022,1,31,16
2022-01-31 17:00:00,177.0,126.0,51.0,623.4,-4.3,41,2.9,97,1024.9,0,0,0,0,0.0,3600.0,43.6591,-70.2568,2022,1,31,17
2022-01-31 18:00:00,33.0,19.0,14.0,233.9,-8.7,63,6.9,129,1025.8,0,0,0,0,0.0,2753.64,43.6591,-70.2568,2022,1,31,18
2022-01-31 19:00:00,0.0,0.0,0.0,0.0,-6.2,58,5.2,146,1026.9,0,0,0,0,0.0,0.0,43.6591,-70.2568,2022,1,31,19
2022-01-31 20:00:00,0.0,0.0,0.0,0.0,-7.3,58,6.5,71,1027.5,0,0,0,0,0.0,0.0,43.6591,-70.2568,2022,1,31,20
2022-01-31 21:00:00,0.0,0.0,0.0,0.0,-10.8,67,6.3,24,1028.4,4,4,0,0,0.0,0.0,43.6591,-70.2568,2022,1,31,21
2022-01-31 22:00:00,0.0,0.0,0.0,0.0,-11.7,72,6.5,19,1029.1,19,19,0,0,0.0,0.0,43.6591,-70.2568,2022,1,31,22
2022-01-31 23:00:00,0.0,0.0,0.0,0.0,-9.9,72,6.2,21,1029.5,28,28,0,0,0.0,0.0,43.6591,-70.2568,2022,1,31,23
2022-02-01 00:00:00,0.0,0.0,0.0,0.0,-10.2,69,6.0,17,1029.8,17,17,0,0,0.0,0.0,43.6591,-70.2568,2022,2,1,0
2022-02-01 01:00:00,0.0,0.0,0.0,0.0,-10.6,68,7.1,15,1029.7,2,2,0,0,0.0,0.0,43.6591,-70.2568,2022,2,1,1
2022-02-01 02:00:00,0.0,0.0,0.0,0.0,-11.0,63,8.0,5,1030.3,0,0,0,0,0.0,0.0,43.6591,-70.2568,2022,2,1,2
2022-02-01 03:00:00,0.0,0.0,0.0,0.0,-12.2,64,11.2,356,1030.8,0,0,0,0,0.0,0.0,43.6591,-70.2568,2022,2,1,3
2022-02-01 04:00:00,0.0,0.0,0.0,0.0,-13.0,68,11.5,356,1031.3,4,4,0,0,0.0,0.0,43.6591,-70.2568,2022,2,1,4
2022-02-01 05:00:00,0.0,0.0,0.0,0.0,-13.3,71,11.5,358,1031.8,8,8,0,0,0.0,0.0,43.6591,-70.2568,2022,2,1,5
2022-02-01 06:00:00,0.0,0.0,0.0,0.0,-13.8,75,11.9,2,1032.3,5,5,0,0,0.0,0.0,43.6591,-70.2568,2022,2,1,6
2022-02-01 07:00:00,0.0,0.0,0.0,0.0,-14.1,77,12.3,7,1032.6,5,5,0,0,0.0,0.0,43.6591,-70.2568,2022,2,1,7
2022-02-01 08:00:00,0.0,0.0,0.0,0.0,-13.6,78,13.8,7,1033.5,2,1,0,0,0.0,0.0,43.6591,-70.2568,2022,2,1,8
2022-02-01 09:00:00,53.0,32.0,21.0,330.7,-13.1,73,12.9,13,1034.3,7,7,0,0,0.0,3436.03,43.6591,-70.2568,2022,2,1,9
2022-02-01 10:00:00,203.0,144.0,59.0,625.6,-11.0,66,10.3,12,1034.7,8,8,0,0,0.0,3600.0,43.6591,-70.2568,2022,2,1,10
2022-02-01 11:00:00,345.0,263.0,82.0,741.5,-9.0,62,9.7,27,1035.0,2,2,0,0,0.0,3600.0,43.6591,-70.2568,2022,2,1,11
2022-02-01 12:00:00,428.0,321.0,107.0,727.4,-7.2,59,9.0,37,1034.9,0,0,0,0,0.0,3600.0,43.6591,-70.2568,2022,2,1,12
2022-02-01 13:00:00,473.0,362.0,111.0,747.8,-5.8,55,7.9,39,1034.9,7,7,0,0,0.0,3600.0,43.6591,-70.2568,2022,2,1,13
2022-02-01 14:00:00,463.0,345.0,118.0,718.5,-5.0,55,8.0,63,1033.9,23,23,0,0,0.0,3600.0,43.6591,-70.2568,2022,2,1,14
2022-02-01 15:00:00,412.0,295.0,117.0,686.4,-4.7,61,10.1,84,1032.8,4,4,0,0,0.0,3600.0,43.6591,-70.2568,2022,2,1,15
2022-02-01 16:00:00,299.0,210.0,89.0,624.2,-4.6,68,9.7,86,1032.6,51,51,0,0,0.0,3600.0,43.6591,-70.2568,2022,2,1,16
2022-02-01 17:00:00,150.0,85.0,65.0,411.8,-4.5,72,9.4,86,1032.9,97,97,0,3,0.0,3600.0,43.6591,-70.2568,2022,2,1,17
2022-02-01 18:00:00,21.0,5.0,16.0,59.9,-4.6,79,11.3,81,1032.7,100,100,0,6,0.0,355.4,43.6591,-70.2568,2022,2,1,18
2022-02-01 19:00:00,0.0,0.0,0.0,0.0,-4.3,84,10.4,70,1033.4,100,100,0,52,0.0,0.0,43.6591,-70.2568,2022,2,1,19
2022-02-01 20:00:00,0.0,0.0,0.0,0.0,-3.1,81,11.6,83,1033.5,100,100,0,38,0.0,0.0,43.6591,-70.2568,2022,2,1,20
2022-02-01 21:00:00,0.0,0.0,0.0,0.0,-2.2,82,12.4,107,1032.9,100,100,24,65,0.1,0.0,43.6591,-70.2568,2022,2,1,21
2022-02-01 22:00:00,0.0,0.0,0.0,0.0,-1.2,82,13.0,134,1032.7,100,100,4,100,0.1,0.0,43.6591,-70.2568,2022,2,1,22
2022-02-01 23:00:00,0.0,0.0,0.0,0.0,-0.3,79,14.8,146,1032.2,100,100,0,100,0.0,0.0,43.6591,-70.2568,2022,2,1,23
2022-02-02 00:00:00,0.0,0.0,0.0,0.0,0.0,79,14.1,161,1031.6,100,100,0,100,0.0,0.0,43.6591,-70.2568,2022,2,2,0
2022-02-02 01:00:00,0.0,0.0,0.0,0.0,0.2,78,14.1,167,1030.8,100,100,0,100,0.0,0.0,43.6591,-70.2568,2022,2,2,1
2022-02-02 02:00:00,0.0,0.0,0.0,0.0,0.3,80,13.1,171,1030.2,100,100,0,100,0.0,0.0,43.6591,-70.2568,2022,2,2,2
2022-02-02 03:00:00,0.0,0.0,0.0,0.0,0.5,80,13.0,175,1030.1,100,100,0,99,0.0,0.0,43.6591,-70.2568,2022,2,2,3
2022-02-02 04:00:00,0.0,0.0,0.0,0.0,0.7,80,14.0,180,1029.7,100,100,0,99,0.0,0.0,43.6591,-70.2568,2022,2,2,4
2022-02-02 05:00:00,0.0,0.0,0.0,0.0,0.9,80,13.2,191,1029.3,100,100,0,99,0.0,0.0,43.6591,-70.2568,2022,2,2,5
2022-02-02 06:00:00,0.0,0.0,0.0,0.0,1.1,82,10.8,206,1029.0,100,99,0,99,0.0,0.0,43.6591,-70.2568,2022,2,2,6
2022-02-02 07:00:00,0.0,0.0,0.0,0.0,0.4,86,8.9,238,1029.1,100,100,0,100,0.0,0.0,43.6591,-70.2568,2022,2,2,7
2022-02-02 08:00:00,0.0,0.0,0.0,0.0,-0.6,87,9.4,223,1029.6,100,61,0,100,0.0,0.0,43.6591,-70.2568,2022,2,2,8
2022-02-02 09:00:00,34.0,4.0,30.0,40.5,-0.5,84,8.1,212,1029.6,100,100,0,99,0.0,0.0,43.6591,-70.2568,2022,2,2,9
2022-02-02 10:00:00,114.0,12.0,102.0,51.3,0.9,78,5.1,219,1029.3,100,100,0,100,0.0,0.0,43.6591,-70.2568,2022,2,2,10
2022-02-02 11:00:00,161.0,6.0,155.0,16.7,1.6,77,5.0,210,1029.2,100,93,0,100,0.0,0.0,43.6591,-70.2568,2022,2,2,11
2022-02-02 12:00:00,261.0,48.0,213.0,107.7,2.9,76,6.0,205,1028.6,100,80,0,99,0.0,1432.24,43.6591,-70.2568,2022,2,2,12
2022-02-02 13:00:00,388.0,164.0,224.0,335.7,4.6,73,12.2,194,1027.6,87,35,0,80,0.0,3600.0,43.6591,-70.2568,2022,2,2,13
2022-02-02 14:00:00,439.0,298.0,141.0,614.9,5.2,72,16.2,193,1026.7,95,14,0,95,0.0,3600.0,43.6591,-70.2568,2022,2,2,14
2022-02-02 15:00:00,424.0,325.0,99.0,748.3,5.4,72,14.4,193,1026.6,79,6,0,77,0.0,3600.0,43.6591,-70.2568,2022,2,2,15
2022-02-02 16:00:00,321.0,246.0,75.0,721.7,5.1,78,16.2,177,1025.2,91,0,8,91,0.0,3600.0,43.6591,-70.2568,2022,2,2,16
2022-02-02 17:00:00,171.0,112.0,59.0,531.5,4.4,85,12.9,193,1025.7,92,25,0,90,0.0,3600.0,43.6591,-70.2568,2022,2,2,17
2022-02-02 18:00:00,33.0,15.0,18.0,175.1,3.1,93,12.9,193,1025.2,100,100,0,60,0.0,2921.41,43.6591,-70.2568,2022,2,2,18
2022-02-02 19:00:00,0.0,0.0,0.0,0.0,3.2,93,11.4,198,1024.9,100,100,0,100,0.0,0.0,43.6591,-70.2568,2022,2,2,19
2022-02-02 20:00:00,0.0,0.0,0.0,0.0,3.0,95,10.0,201,1024.8,100,100,1,100,0.0,0.0,43.6591,-70.2568,2022,2,2,20
2022-02-02 21:00:00,0.0,0.0,0.0,0.0,2.8,96,9.3,193,1024.5,100,100,0,100,0.0,0.0,43.6591,-70.2568,2022,2,2,21
2022-02-02 22:00:00,0.0,0.0,0.0,0.0,3.0,96,8.7,187,1023.8,100,100,0,100,0.0,0.0,43.6591,-70.2568,2022,2,2,22
2022-02-02 23:00:00,0.0,0.0,0.0,0.0,3.1,98,8.3,198,1022.5,100,65,0,100,0.0,0.0,43.6591,-70.2568,2022,2,2,23
2022-02-03 00:00:00,0.0,0.0,0.0,0.0,2.3,97,7.7,229,1021.7,100,64,68,100,0.0,0.0,43.6591,-70.2568,2022,2,3,0
2022-02-03 01:00:00,0.0,0.0,0.0,0.0,2.2,97,9.2,219,1020.8,100,60,95,100,0.0,0.0,43.6591,-70.2568,2022,2,3,1
2022-02-03 02:00:00,0.0,0.0,0.0,0.0,1.8,98,11.3,243,1020.8,100,65,100,100,0.0,0.0,43.6591,-70.2568,2022,2,3,2
2022-02-03 03:00:00,0.0,0.0,0.0,0.0,1.9,94,10.7,222,1020.4,100,25,36,100,0.0,0.0,43.6591,-70.2568,2022,2,3,3
2022-02-03 04:00:00,0.0,0.0,0.0,0.0,1.8,94,11.7,227,1019.9,100,7,100,100,0.0,0.0,43.6591,-70.2568,2022,2,3,4
2022-02-03 05:00:00,0.0,0.0,0.0,0.0,2.2,93,12.6,211,1019.3,100,3,100,100,0.0,0.0,43.6591,-70.2568,2022,2,3,5
2022-02-03 06:00:00,0.0,0.0,0.0,0.0,2.4,93,12.4,210,1018.9,100,15,99,100,0.0,0.0,43.6591,-70.2568,2022,2,3,6
2022-02-03 07:00:00,0.0,0.0,0.0,0.0,2.6,93,12.5,219,1019.4,100,29,100,100,0.0,0.0,43.6591,-70.2568,2022,2,3,7
2022-02-03 08:00:00,0.0,0.0,0.0,0.0,3.2,95,13.0,214,1019.4,100,2,100,100,0.0,0.0,43.6591,-70.2568,2022,2,3,8
2022-02-03 09:00:00,10.0,0.0,10.0,0.0,3.5,91,11.2,220,1019.7,100,11,100,100,0.1,0.0,43.6591,-70.2568,2022,2,3,9
2022-02-03 10:00:00,34.0,0.0,34.0,0.0,4.0,87,10.5,211,1020.0,100,1,100,100,0.1,0.0,43.6591,-70.2568,2022,2,3,10
2022-02-03 11:00:00,78.0,0.0,78.0,0.0,4.6,83,9.8,216,1020.5,100,14,100,100,0.1,0.0,43.6591,-70.2568,2022,2,3,11
2022-02-03 12:00:00,175.0,3.0,172.0,6.7,5.6,78,7.7,217,1020.6,100,51,100,100,0.2,0.0,43.6591,-70.2568,2022,2,3,12
2022-02-03 13:00:00,218.0,4.0,214.0,8.1,6.2,76,6.4,218,1019.4,100,1,100,100,0.0,0.0,43.6591,-70.2568,2022,2,3,13
2022-02-03 14:00:00,104.0,1.0,103.0,2.0,3.6,99,8.3,236,1019.5,100,78,100,100,0.1,0.0,43.6591,-70.2568,2022,2,3,14
2022-02-03 15:00:00,47.0,0.0,47.0,0.0,2.0,99,8.7,204,1019.1,100,62,100,100,0.3,0.0,43.6591,-70.2568,2022,2,3,15
2022-02-03 16:00:00,74.0,0.0,74.0,0.0,2.8,99,7.1,210,1019.7,100,100,100,100,0.2,0.0,43.6591,-70.2568,2022,2,3,16
2022-02-03 17:00:00,23.0,0.0,23.0,0.0,1.0,99,9.2,225,1019.2,100,100,100,100,0.3,0.0,43.6591,-70.2568,2022,2,3,17
2022-02-03 18:00:00,3.0,0.0,3.0,0.0,0.3,99,8.0,280,1019.7,100,100,100,100,0.7,0.0,43.6591,-70.2568,2022,2,3,18
2022-02-03 19:00:00,0.0,0.0,0.0,0.0,0.2,99,3.8,343,1019.9,100,100,100,100,1.0,0.0,43.6591,-70.2568,2022,2,3,19
2022-02-03 20:00:00,0.0,0.0,0.0,0.0,2.0,100,6.4,27,1019.9,100,100,100,100,1.0,0.0,43.6591,-70.2568,2022,2,3,20
2022-02-03 21:00:00,0.0,0.0,0.0,0.0,2.8,100,11.2,40,1019.2,100,100,100,100,1.0,0.0,43.6591,-70.2568,2022,2,3,21
2022-02-03 22:00:00,0.0,0.0,0.0,0.0,2.7,100,14.7,36,1018.5,100,100,100,100,1.9,0.0,43.6591,-70.2568,2022,2,3,22
2022-02-03 23:00:00,0.0,0.0,0.0,0.0,1.6,100,16.6,18,1018.4,100,100,100,100,2.3,0.0,43.6591,-70.2568,2022,2,3,23
2022-02-04 00:00:00,0.0,0.0,0.0,0.0,0.8,100,17.6,26,1018.0,100,100,100,100,2.1,0.0,43.6591,-70.2568,2022,2,4,0
2022-02-04 01:00:00,0.0,0.0,0.0,0.0,0.6,100,18.3,36,1016.4,100,100,100,100,1.6,0.0,43.6591,-70.2568,2022,2,4,1
2022-02-04 02:00:00,0.0,0.0,0.0,0.0,0.1,100,16.4,15,1016.6,100,100,100,100,1.9,0.0,43.6591,-70.2568,2022,2,4,2
2022-02-04 03:00:00,0.0,0.0,0.0,0.0,-0.9,99,19.0,29,1015.8,100,100,100,100,1.2,0.0,43.6591,-70.2568,2022,2,4,3
2022-02-04 04:00:00,0.0,0.0,0.0,0.0,-1.8,97,20.4,17,1015.0,100,100,100,100,0.8,0.0,43.6591,-70.2568,2022,2,4,4
2022-02-04 05:00:00,0.0,0.0,0.0,0.0,-2.7,97,21.7,15,1014.5,100,100,100,100,1.6,0.0,43.6591,-70.2568,2022,2,4,5
2022-02-04 06:00:00,0.0,0.0,0.0,0.0,-3.6,96,22.7,10,1014.6,100,100,100,100,2.1,0.0,43.6591,-70.2568,2022,2,4,6
2022-02-04 07:00:00,0.0,0.0,0.0,0.0,-4.2,95,21.4,17,1014.2,100,100,100,100,2.1,0.0,43.6591,-70.2568,2022,2,4,7
2022-02-04 08:00:00,0.0,0.0,0.0,0.0,-4.9,86,20.5,10,1014.5,100,100,100,100,2.5,0.0,43.6591,-70.2568,2022,2,4,8
2022-02-04 09:00:00,5.0,0.0,5.0,0.0,-5.6,86,21.6,11,1014.4,100,100,100,100,2.3,0.0,43.6591,-70.2568,2022,2,4,9
2022-02-04 10:00:00,20.0,0.0,20.0,0.0,-6.2,85,20.6,6,1014.4,100,88,100,100,1.9,0.0,43.6591,-70.2568,2022,2,4,10
2022-02-04 11:00:00,24.0,0.0,24.0,0.0,-6.6,84,22.7,1,1014.1,100,100,100,100,2.7,0.0,43.6591,-70.2568,2022,2,4,11
2022-02-04 12:00:00,72.0,0.0,72.0,0.0,-6.6,83,23.1,5,1013.5,100,100,100,100,1.8,0.0,43.6591,-70.2568,2022,2,4,12
2022-02-04 13:00:00,68.0,0.0,68.0,0.0,-6.7,81,19.1,3,1012.7,100,100,100,100,1.3,0.0,43.6591,-70.2568,2022,2,4,13
2022-02-04 14:00:00,41.0,0.0,41.0,0.0,-7.2,81,20.6,6,1011.6,100,100,100,100,1.0,0.0,43.6591,-70.2568,2022,2,4,14
2022-02-04 15:00:00,121.0,0.0,121.0,0.0,-7.0,78,18.3,10,1011.4,100,99,100,100,0.5,0.0,43.6591,-70.2568,2022,2,4,15
2022-02-04 16:00:00,59.0,0.0,59.0,0.0,-7.2,79,18.0,360,1011.8,100,100,100,100,0.5,0.0,43.6591,-70.2568,2022,2,4,16
2022-02-04 17:00:00,32.0,0.0,32.0,0.0,-7.4,79,17.0,6,1011.5,100,100,100,100,0.7,0.0,43.6591,-70.2568,2022,2,4,17
2022-02-04 18:00:00,5.0,0.0,5.0,0.0,-7.5,79,16.9,1,1012.4,100,100,100,100,0.5,0.0,43.6591,-70.2568,2022,2,4,18
2022-02-04 19:00:00,0.0,0.0,0.0,0.0,-7.6,80,19.1,3,1013.0,100,100,100,99,0.8,0.0,43.6591,-70.2568,2022,2,4,19
2022-02-04 20:00:00,0.0,0.0,0.0,0.0,-7.6,79,17.3,1,1013.1,100,100,100,100,0.7,0.0,43.6591,-70.2568,2022,2,4,20
2022-02-04 21:00:00,0.0,0.0,0.0,0.0,-7.9,78,17.9,10,1012.6,100,88,100,100,0.6,0.0,43.6591,-70.2568,2022,2,4,21
2022-02-04 22:00:00,0.0,0.0,0.0,0.0,-8.2,78,14.0,1,1012.7,100,98,100,100,0.4,0.0,43.6591,-70.2568,2022,2,4,22
2022-02-04 23:00:00,0.0,0.0,0.0,0.0,-8.5,79,15.5,347,1012.6,100,100,99,100,0.1,0.0,43.6591,-70.2568,2022,2,4,23
2022-02-05 00:00:00,0.0,0.0,0.0,0.0,-8.6,76,17.3,356,1011.6,100,35,74,99,0.1,0.0,43.6591,-70.2568,2022,2,5,0
2022-02-05 01:00:00,0.0,0.0,0.0,0.0,-9.6,79,14.4,1,1011.2,100,18,74,100,0.0,0.0,43.6591,-70.2568,2022,2,5,1
2022-02-05 02:00:00,0.0,0.0,0.0,0.0,-10.0,80,14.9,352,1011.2,100,38,100,4,0.0,0.0,43.6591,-70.2568,2022,2,5,2
2022-02-05 03:00:00,0.0,0.0,0.0,0.0,-9.5,75,13.0,358,1011.3,100,9,98,98,0.1,0.0,43.6591,-70.2568,2022,2,5,3
2022-02-05 04:00:00,0.0,0.0,0.0,0.0,-9.6,75,13.5,351,1010.6,94,6,87,53,0.0,0.0,43.6591,-70.2568,2022,2,5,4
2022-02-05 05:00:00,0.0,0.0,0.0,0.0,-10.1,78,11.9,358,1010.6,83,18,81,0,0.0,0.0,43.6591,-70.2568,2022,2,5,5
2022-02-05 06:00:00,0.0,0.0,0.0,0.0,-10.5,79,10.9,352,1010.8,90,18,89,0,0.0,0.0,43.6591,-70.2568,2022,2,5,6
2022-02-05 07:00:00,0.0,0.0,0.0,0.0,-10.5,80,8.9,346,1011.0,100,0,100,0,0.0,0.0,43.6591,-70.2568,2022,2,5,7
2022-02-05 08:00:00,0.0,0.0,0.0,0.0,-9.4,79,9.2,334,1011.9,94,4,50,0,0.0,0.0,43.6591,-70.2568,2022,2,5,8
2022-02-05 09:00:00,58.0,28.0,30.0,267.6,-9.3,79,9.8,343,1012.6,75,38,60,0,0.0,3600.0,43.6591,-70.2568,2022,2,5,9
2022-02-05 10:00:00,204.0,125.0,79.0,508.8,-7.9,65,13.9,339,1013.1,79,25,72,0,0.0,3600.0,43.6591,-70.2568,2022,2,5,10
2022-02-05 11:00:00,354.0,249.0,105.0,670.8,-7.2,55,15.8,325,1013.9,65,21,57,0,0.0,3600.0,43.6591,-70.2568,2022,2,5,11
2022-02-05 12:00:00,467.0,359.0,108.0,782.8,-6.8,52,16.9,320,1014.1,15,0,15,0,0.0,3600.0,43.6591,-70.2568,2022,2,5,12
2022-02-05 13:00:00,541.0,450.0,91.0,896.4,-6.4,49,18.6,317,1014.2,0,0,0,0,0.0,3600.0,43.6591,-70.2568,2022,2,5,13
2022-02-05 14:00:00,538.0,448.0,90.0,898.9,-6.2,47,20.7,311,1014.7,0,0,0,0,0.0,3600.0,43.6591,-70.2568,2022,2,5,14
2022-02-05 15:00:00,477.0,393.0,84.0,877.1,-6.4,46,20.4,315,1015.8,0,0,0,0,0.0,3600.0,43.6591,-70.2568,2022,2,5,15
2022-02-05 16:00:00,363.0,290.0,73.0,818.3,-6.7,45,18.6,317,1017.6,0,0,0,0,0.0,3600.0,43.6591,-70.2568,2022,2,5,16
2022-02-05 17:00:00,207.0,152.0,55.0,679.1,-7.2,47,13.6,320,1018.9,0,0,0,0,0.0,3600.0,43.6591,-70.2568,2022,2,5,17
2022-02-05 18:00:00,48.0,29.0,19.0,314.0,-8.7,57,12.2,317,1020.6,0,0,0,0,0.0,3173.51,43.6591,-70.2568,2022,2,5,18
2022-02-05 19:00:00,0.0,0.0,0.0,0.0,-10.0,63,15.6,320,1022.9,0,0,0,0,0.0,0.0,43.6591,-70.2568,2022,2,5,19
2022-02-05 20:00:00,0.0,0.0,0.0,0.0,-10.9,68,15.0,312,1024.4,0,0,0,0,0.0,0.0,43.6591,-70.2568,2022,2,5,20
2022-02-05 21:00:00,0.0,0.0,0.0,0.0,-11.7,68,15.3,319,1025.4,0,0,0,0,0.0,0.0,43.6591,-70.2568,2022,2,5,21
2022-02-05 22:00:00,0.0,0.0,0.0,0.0,-12.5,67,16.1,321,1026.9,0,0,0,0,0.0,0.0,43.6591,-70.2568,2022,2,5,22
2022-02-05 23:00:00,0.0,0.0,0.0,0.0,-13.2,68,15.8,319,1028.4,0,0,0,0,0.0,0.0,43.6591,-70.2568,2022,2,5,23
2022-02-06 00:00:00,0.0,0.0,0.0,0.0,-13.9,70,14.8,319,1029.1,0,0,0,0,0.0,0.0,43.6591,-70.2568,2022,2,6,0
2022-02-06 01:00:00,0.0,0.0,0.0,0.0,-14.5,70,13.0,326,1029.2,35,0,0,35,0.0,0.0,43.6591,-70.2568,2022,2,6,1
2022-02-06 02:00:00,0.0,0.0,0.0,0.0,-15.1,70,11.1,324,1029.7,8,0,0,8,0.0,0.0,43.6591,-70.2568,2022,2,6,2
2022-02-06 03:00:00,0.0,0.0,0.0,0.0,-15.6,71,10.6,336,1030.4,14,0,0,14,0.0,0.0,43.6591,-70.2568,2022,2,6,3
2022-02-06 04:00:00,0.0,0.0,0.0,0.0,-15.9,71,11.2,345,1031.0,22,0,0,22,0.0,0.0,43.6591,-70.2568,2022,2,6,4
2022-02-06 05:00:00,0.0,0.0,0.0,0.0,-16.3,71,10.1,343,1032.0,0,0,0,0,0.0,0.0,43.6591,-70.2568,2022,2,6,5
2022-02-06 06:00:00,0.0,0.0,0.0,0.0,-16.9,70,8.6,345,1032.8,11,0,11,0,0.0,0.0,43.6591,-70.2568,2022,2,6,6
2022-02-06 07:00:00,0.0,0.0,0.0,0.0,-17.2,69,9.5,349,1033.3,23,0,23,0,0.0,0.0,43.6591,-70.2568,2022,2,6,7
2022-02-06 08:00:00,0.0,0.0,0.0,0.0,-17.4,67,9.0,344,1034.4,0,0,12,0,0.0,0.0,43.6591,-70.2568,2022,2,6,8
2022-02-06 09:00:00,69.0,43.0,26.0,402.9,-16.3,69,8.0,350,1035.2,4,0,4,0,0.0,3600.0,43.6591,-70.2568,2022,2,6,9
2022-02-06 10:00:00,231.0,173.0,58.0,692.7,-13.8,55,6.5,357,1035.4,1,1,0,0,0.0,3600.0,43.6591,-70.2568,2022,2,6,10
2022-02-06 11:00:00,383.0,308.0,75.0,820.3,-11.4,47,4.5,14,1035.8,0,0,0,0,0.0,3600.0,43.6591,-70.2568,2022,2,6,11
2022-02-06 12:00:00,492.0,407.0,85.0,878.8,-9.6,42,2.7,67,1035.9,0,0,0,0,0.0,3600.0,43.6591,-70.2568,2022,2,6,12
2022-02-06 13:00:00,547.0,460.0,87.0,908.0,-8.8,49,6.0,115,1034.9,4,4,0,0,0.0,3600.0,43.6591,-70.2568,2022,2,6,13
2022-02-06 14:00:00,537.0,442.0,95.0,878.6,-8.0,59,9.1,146,1033.9,95,95,0,0,0.0,3600.0,43.6591,-70.2568,2022,2,6,14
2022-02-06 15:00:00,446.0,331.0,115.0,731.2,-7.3,66,10.5,153,1033.3,100,100,3,15,0.0,3600.0,43.6591,-70.2568,2022,2,6,15
2022-02-06 16:00:00,198.0,20.0,178.0,55.7,-6.4,70,9.8,163,1032.8,100,100,17,44,0.0,0.0,43.6591,-70.2568,2022,2,6,16
2022-02-06 17:00:00,82.0,6.0,76.0,26.3,-5.6,73,9.7,178,1032.3,100,100,3,67,0.0,0.0,43.6591,-70.2568,2022,2,6,17
2022-02-06 18:00:00,19.0,1.0,18.0,10.6,-5.3,79,9.2,191,1032.0,100,100,0,87,0.0,0.0,43.6591,-70.2568,2022,2,6,18
2022-02-06 19:00:00,0.0,0.0,0.0,0.0,-5.1,82,9.3,208,1031.8,100,100,22,66,0.0,0.0,43.6591,-70.2568,2022,2,6,19
2022-02-06 20:00:00,0.0,0.0,0.0,0.0,-6.3,81,7.3,261,1031.6,100,39,30,92,0.0,0.0,43.6591,-70.2568,2022,2,6,20
2022-02-06 21:00:00,0.0,0.0,0.0,0.0,-7.4,82,6.6,261,1030.9,72,0,7,70,0.0,0.0,43.6591,-70.2568,2022,2,6,21
2022-02-06 22:00:00,0.0,0.0,0.0,0.0,-7.9,80,11.2,255,1030.4,60,48,19,4,0.0,0.0,43.6591,-70.2568,2022,2,6,22
2022-02-06 23:00:00,0.0,0.0,0.0,0.0,-7.8,80,10.6,260,1030.0,74,62,32,0,0.0,0.0,43.6591,-70.2568,2022,2,6,23
2022-02-07 00:00:00,0.0,0.0,0.0,0.0,-8.0,82,13.1,262,1029.8,19,4,13,3,0.0,0.0,43.6591,-70.2568,2022,2,7,0
2022-02-07 01:00:00,0.0,0.0,0.0,0.0,-7.8,78,15.0,243,1029.7,22,2,21,0,0.0,0.0,43.6591,-70.2568,2022,2,7,1
2022-02-07 02:00:00,0.0,0.0,0.0,0.0,-7.6,74,15.3,236,1029.6,90,0,18,88,0.0,0.0,43.6591,-70.2568,2022,2,7,2
2022-02-07 03:00:00,0.0,0.0,0.0,0.0,-8.1,78,13.4,239,1029.4,92,0,3,92,0.0,0.0,43.6591,-70.2568,2022,2,7,3
2022-02-07 04:00:00,0.0,0.0,0.0,0.0,-8.4,83,11.3,239,1028.8,85,0,0,85,0.0,0.0,43.6591,-70.2568,2022,2,7,4
2022-02-07 05:00:00,0.0,0.0,0.0,0.0,-8.8,84,10.2,247,1028.2,85,0,0,85,0.0,0.0,43.6591,-70.2568,2022,2,7,5
2022-02-07 06:00:00,0.0,0.0,0.0,0.0,-8.9,83,10.2,260,1027.7,88,0,12,87,0.0,0.0,43.6591,-70.2568,2022,2,7,6
2022-02-07 07:00:00,0.0,0.0,0.0,0.0,-9.1,83,10.1,276,1027.4,99,0,87,95,0.0,0.0,43.6591,-70.2568,2022,2,7,7
2022-02-07 08:00:00,0.0,0.0,0.0,0.0,-8.0,85,8.7,240,1027.3,100,1,100,92,0.0,0.0,43.6591,-70.2568,2022,2,7,8
2022-02-07 09:00:00,38.0,5.0,33.0,45.9,-6.7,82,7.9,254,1027.2,99,1,85,90,0.0,0.0,43.6591,-70.2568,2022,2,7,9
2022-02-07 10:00:00,157.0,38.0,119.0,149.7,-4.5,75,4.1,255,1026.8,99,1,93,85,0.0,2690.53,43.6591,-70.2568,2022,2,7,10
2022-02-07 11:00:00,299.0,125.0,174.0,329.1,-1.6,69,3.5,246,1026.5,100,100,59,100,0.0,3600.0,43.6591,-70.2568,2022,2,7,11
2022-02-07 12:00:00,301.0,47.0,254.0,100.5,-0.1,72,2.3,219,1025.8,100,100,70,100,0.0,1215.13,43.6591,-70.2568,2022,2,7,12
2022-02-07 13:00:00,245.0,24.0,221.0,46.9,0.8,75,2.2,180,1024.6,100,100,47,100,0.0,0.0,43.6591,-70.2568,2022,2,7,13
2022-02-07 14:00:00,160.0,5.0,155.0,9.8,1.3,75,2.1,149,1023.4,100,100,100,100,0.0,0.0,43.6591,-70.2568,2022,2,7,14
2022-02-07 15:00:00,108.0,4.0,104.0,8.7,1.3,79,1.8,127,1022.8,100,100,100,100,0.0,0.0,43.6591,-70.2568,2022,2,7,15
2022-02-07 16:00:00,77.0,0.0,77.0,0.0,1.2,82,2.9,90,1022.4,100,100,100,100,0.1,0.0,43.6591,-70.2568,2022,2,7,16
2022-02-07 17:00:00,22.0,0.0,22.0,0.0,0.6,89,5.0,69,1021.8,100,100,100,100,0.1,0.0,43.6591,-70.2568,2022,2,7,17
2022-02-07 18:00:00,6.0,0.0,6.0,0.0,0.6,92,4.6,39,1021.5,100,100,100,100,0.2,0.0,43.6591,-70.2568,2022,2,7,18
2022-02-07 19:00:00,0.0,0.0,0.0,0.0,0.7,93,7.6,31,1020.9,100,100,100,100,0.4,0.0,43.6591,-70.2568,2022,2,7,19
2022-02-07 20:00:00,0.0,0.0,0.0,0.0,0.9,94,7.3,20,1020.5,100,100,100,100,0.2,0.0,43.6591,-70.2568,2022,2,7,20
2022-02-07 21:00:00,0.0,0.0,0.0,0.0,0.5,94,13.7,3,1019.9,100,100,100,100,0.2,0.0,43.6591,-70.2568,2022,2,7,21
2022-02-07 22:00:00,0.0,0.0,0.0,0.0,0.7,95,12.7,15,1018.7,100,100,100,100,0.8,0.0,43.6591,-70.2568,2022,2,7,22
2022-02-07 23:00:00,0.0,0.0,0.0,0.0,1.8,93,7.1,66,1018.1,100,100,100,100,1.3,0.0,43.6591,-70.2568,2022,2,7,23
2022-02-08 00:00:00,0.0,0.0,0.0,0.0,3.6,92,15.3,120,1016.9,100,100,100,100,0.9,0.0,43.6591,-70.2568,2022,2,8,0
2022-02-08 01:00:00,0.0,0.0,0.0,0.0,3.8,90,15.3,99,1015.6,100,100,100,100,0.8,0.0,43.6591,-70.2568,2022,2,8,1
2022-02-08 02:00:00,0.0,0.0,0.0,0.0,3.3,91,14.7,68,1014.8,100,100,100,100,1.9,0.0,43.6591,-70.2568,2022,2,8,2
2022-02-08 03:00:00,0.0,0.0,0.0,0.0,2.6,94,15.1,52,1013.3,100,100,100,100,1.9,0.0,43.6591,-70.2568,2022,2,8,3
2022-02-08 04:00:00,0.0,0.0,0.0,0.0,2.2,94,15.2,36,1012.0,100,100,100,100,1.2,0.0,43.6591,-70.2568,2022,2,8,4
2022-02-08 05:00:00,0.0,0.0,0.0,0.0,2.1,94,15.9,28,1010.6,100,100,100,100,1.0,0.0,43.6591,-70.2568,2022,2,8,5
2022-02-08 06:00:00,0.0,0.0,0.0,0.0,2.0,94,16.3,18,1009.2,100,100,100,99,1.3,0.0,43.6591,-70.2568,2022,2,8,6
2022-02-08 07:00:00,0.0,0.0,0.0,0.0,2.0,93,16.5,20,1008.1,100,100,100,100,1.3,0.0,43.6591,-70.2568,2022,2,8,7
2022-02-08 08:00:00,0.0,0.0,0.0,0.0,1.0,92,16.3,5,1007.7,100,100,100,85,1.4,0.0,43.6591,-70.2568,2022,2,8,8
2022-02-08 09:00:00,11.0,0.0,11.0,0.0,1.1,90,15.2,4,1006.8,100,100,100,0,1.0,0.0,43.6591,-70.2568,2022,2,8,9
2022-02-08 10:00:00,20.0,0.0,20.0,0.0,1.4,88,15.7,351,1006.1,100,100,100,0,0.7,0.0,43.6591,-70.2568,2022,2,8,10
2022-02-08 11:00:00,46.0,0.0,46.0,0.0,1.6,87,13.2,338,1005.3,100,100,100,0,0.5,0.0,43.6591,-70.2568,2022,2,8,11
2022-02-08 12:00:00,63.0,0.0,63.0,0.0,1.9,86,12.6,336,1004.8,100,100,100,0,0.6,0.0,43.6591,-70.2568,2022,2,8,12
2022-02-08 13:00:00,54.0,0.0,54.0,0.0,1.9,86,12.1,323,1003.9,100,100,100,0,0.7,0.0,43.6591,-70.2568,2022,2,8,13
2022-02-08 14:00:00,68.0,0.0,68.0,0.0,1.5,90,11.5,311,1003.4,100,100,100,0,1.0,0.0,43.6591,-70.2568,2022,2,8,14
2022-02-08 15:00:00,90.0,1.0,89.0,2.2,1.8,89,9.7,333,1002.9,100,100,100,0,0.8,0.0,43.6591,-70.2568,2022,2,8,15
2022-02-08 16:00:00,139.0,11.0,128.0,29.9,2.6,84,10.4,316,1003.1,100,100,87,0,0.1,0.0,43.6591,-70.2568,2022,2,8,16
2022-02-08 17:00:00,68.0,6.0,62.0,25.3,2.5,85,9.6,304,1003.2,100,100,74,13,0.1,0.0,43.6591,-70.2568,2022,2,8,17
2022-02-08 18:00:00,26.0,1.0,25.0,10.1,2.0,88,7.9,286,1003.3,100,100,100,0,0.0,0.0,43.6591,-70.2568,2022,2,8,18
2022-02-08 19:00:00,0.0,0.0,0.0,0.0,1.8,89,9.0,270,1003.8,100,100,45,0,0.0,0.0,43.6591,-70.2568,2022,2,8,19
2022-02-08 20:00:00,0.0,0.0,0.0,0.0,1.9,92,4.1,285,1003.4,100,100,100,0,0.0,0.0,43.6591,-70.2568,2022,2,8,20
2022-02-08 21:00:00,0.0,0.0,0.0,0.0,2.0,91,9.2,296,1003.7,100,100,100,0,0.2,0.0,43.6591,-70.2568,2022,2,8,21
2022-02-08 22:00:00,0.0,0.0,0.0,0.0,2.4,82,13.5,299,1003.7,100,100,100,0,0.0,0.0,43.6591,-70.2568,2022,2,8,22
2022-02-08 23:00:00,0.0,0.0,0.0,0.0,1.9,72,15.1,288,1004.1,100,100,100,0,0.0,0.0,43.6591,-70.2568,2022,2,8,23
2022-02-09 00:00:00,0.0,0.0,0.0,0.0,1.2,68,16.1,286,1004.6,100,89,100,0,0.0,0.0,43.6591,-70.2568,2022,2,9,0
2022-02-09 01:00:00,0.0,0.0,0.0,0.0,0.6,67,17.3,287,1005.5,51,11,45,0,0.0,0.0,43.6591,-70.2568,2022,2,9,1
2022-02-09 02:00:00,0.0,0.0,0.0,0.0,-0.3,72,16.1,280,1006.3,32,32,0,0,0.0,0.0,43.6591,-70.2568,2022,2,9,2
2022-02-09 03:00:00,0.0,0.0,0.0,0.0,-0.9,75,15.2,277,1007.2,35,35,0,0,0.0,0.0,43.6591,-70.2568,2022,2,9,3
2022-02-09 04:00:00,0.0,0.0,0.0,0.0,-1.2,77,13.8,277,1007.6,6,6,0,0,0.0,0.0,43.6591,-70.2568,2022,2,9,4
2022-02-09 05:00:00,0.0,0.0,0.0,0.0,-1.9,80,11.6,275,1008.2,10,10,0,0,0.0,0.0,43.6591,-70.2568,2022,2,9,5
2022-02-09 06:00:00,0.0,0.0,0.0,0.0,-2.9,85,13.2,259,1009.5,1,1,0,0,0.0,0.0,43.6591,-70.2568,2022,2,9,6
2022-02-09 07:00:00,0.0,0.0,0.0,0.0,-3.6,88,14.2,261,1010.6,0,0,0,0,0.0,0.0,43.6591,-70.2568,2022,2,9,7
2022-02-09 08:00:00,1.0,0.0,1.0,0.0,-3.5,85,13.8,261,1011.2,0,0,0,0,0.0,0.0,43.6591,-70.2568,2022,2,9,8
2022-02-09 09:00:00,77.0,49.0,28.0,433.0,-2.7,81,11.2,266,1011.9,0,0,0,0,0.0,3600.0,43.6591,-70.2568,2022,2,9,9
2022-02-09 10:00:00,242.0,181.0,61.0,690.0,-0.7,71,9.4,272,1012.2,0,0,0,0,0.0,3600.0,43.6591,-70.2568,2022,2,9,10
2022-02-09 11:00:00,393.0,317.0,76.0,815.5,0.8,60,8.0,278,1012.4,12,0,0,12,0.0,3600.0,43.6591,-70.2568,2022,2,9,11
2022-02-09 12:00:00,503.0,418.0,85.0,876.6,1.8,58,4.4,261,1012.5,0,0,0,0,0.0,3600.0,43.6591,-70.2568,2022,2,9,12
2022-02-09 13:00:00,559.0,471.0,88.0,904.6,2.8,55,4.1,232,1012.1,0,0,0,0,0.0,3600.0,43.6591,-70.2568,2022,2,9,13
2022-02-09 14:00:00,554.0,466.0,88.0,901.0,3.5,52,4.5,194,1011.4,0,0,0,0,0.0,3600.0,43.6591,-70.2568,2022,2,9,14
2022-02-09 15:00:00,487.0,405.0,82.0,867.7,3.9,50,7.9,180,1011.2,0,0,0,0,0.0,3600.0,43.6591,-70.2568,2022,2,9,15
2022-02-09 16:00:00,367.0,294.0,73.0,788.9,3.7,52,9.0,185,1011.1,0,0,0,0,0.0,3600.0,43.6591,-70.2568,2022,2,9,16
2022-02-09 17:00:00,212.0,157.0,55.0,650.3,2.7,65,10.8,180,1011.0,0,0,0,0,0.0,3600.0,43.6591,-70.2568,2022,2,9,17
2022-02-09 18:00:00,56.0,35.0,21.0,345.2,0.9,77,13.7,185,1011.2,0,0,0,0,0.0,3506.71,43.6591,-70.2568,2022,2,9,18
2022-02-09 19:00:00,0.0,0.0,0.0,0.0,0.0,82,11.3,197,1011.3,0,0,0,0,0.0,0.0,43.6591,-70.2568,2022,2,9,19
2022-02-09 20:00:00,0.0,0.0,0.0,0.0,0.0,86,11.8,203,1011.2,83,0,0,60,0.0,0.0,43.6591,-70.2568,2022,2,9,20
2022-02-09 21:00:00,0.0,0.0,0.0,0.0,-0.3,86,11.8,211,1011.2,90,0,0,90,0.0,0.0,43.6591,-70.2568,2022,2,9,21
2022-02-09 22:00:00,0.0,0.0,0.0,0.0,-0.3,87,11.8,220,1011.5,98,0,0,98,0.0,0.0,43.6591,-70.2568,2022,2,9,22
2022-02-09 23:00:00,0.0,0.0,0.0,0.0,0.1,88,12.6,211,1010.7,99,0,0,99,0.0,0.0,43.6591,-70.2568,2022,2,9,23
2022-02-10 00:00:00,0.0,0.0,0.0,0.0,-0.6,89,11.5,221,1010.4,68,0,0,68,0.0,0.0,43.6591,-70.2568,2022,2,10,0
2022-02-10 01:00:00,0.0,0.0,0.0,0.0,-2.1,88,10.2,238,1009.7,37,0,0,37,0.0,0.0,43.6591,-70.2568,2022,2,10,1
2022-02-10 02:00:00,0.0,0.0,0.0,0.0,-3.2,87,8.9,227,1009.0,0,0,0,0,0.0,0.0,43.6591,-70.2568,2022,2,10,2
2022-02-10 03:00:00,0.0,0.0,0.0,0.0,-3.9,87,11.6,210,1008.4,0,0,0,0,0.0,0.0,43.6591,-70.2568,2022,2,10,3
2022-02-10 04:00:00,0.0,0.0,0.0,0.0,-4.4,89,11.2,213,1008.1,0,0,0,0,0.0,0.0,43.6591,-70.2568,2022,2,10,4
2022-02-10 05:00:00,0.0,0.0,0.0,0.0,-4.4,89,11.5,212,1007.8,35,0,18,20,0.0,0.0,43.6591,-70.2568,2022,2,10,5
2022-02-10 06:00:00,0.0,0.0,0.0,0.0,-4.4,89,11.6,216,1007.7,95,0,93,93,0.0,0.0,43.6591,-70.2568,2022,2,10,6
2022-02-10 07:00:00,0.0,0.0,0.0,0.0,-4.1,88,11.5,224,1007.5,100,0,99,100,0.0,0.0,43.6591,-70.2568,2022,2,10,7
2022-02-10 08:00:00,1.0,0.0,1.0,0.0,-2.6,83,13.2,215,1006.9,100,0,100,100,0.0,0.0,43.6591,-70.2568,2022,2,10,8
2022-02-10 09:00:00,46.0,4.0,42.0,34.7,-1.6,81,11.5,219,1006.5,100,0,100,100,0.0,0.0,43.6591,-70.2568,2022,2,10,9
2022-02-10 10:00:00,148.0,17.0,131.0,63.8,0.4,77,9.0,203,1006.2,64,0,15,57,0.1,112.84,43.6591,-70.2568,2022,2,10,10
2022-02-10 11:00:00,377.0,290.0,87.0,737.5,3.1,74,10.4,200,1005.7,91,7,91,0,0.0,3600.0,43.6591,-70.2568,2022,2,10,11
2022-02-10 12:00:00,460.0,322.0,138.0,668.8,4.9,75,13.5,196,1005.0,49,27,40,0,0.0,3600.0,43.6591,-70.2568,2022,2,10,12
2022-02-10 13:00:00,468.0,290.0,178.0,552.0,5.8,74,14.0,192,1003.4,69,0,12,65,0.0,3600.0,43.6591,-70.2568,2022,2,10,13
2022-02-10 14:00:00,524.0,407.0,117.0,779.8,6.9,74,14.5,194,1002.2,93,0,93,0,0.0,3600.0,43.6591,-70.2568,2022,2,10,14
2022-02-10 15:00:00,417.0,248.0,169.0,526.1,8.2,72,14.4,193,1001.5,92,4,92,0,0.0,3600.0,43.6591,-70.2568,2022,2,10,15
2022-02-10 16:00:00,254.0,87.0,167.0,230.6,7.8,74,14.8,194,1000.9,73,9,70,0,0.0,3600.0,43.6591,-70.2568,2022,2,10,16
2022-02-10 17:00:00,162.0,69.0,93.0,280.7,5.4,88,14.3,198,1001.0,31,15,25,0,0.4,3600.0,43.6591,-70.2568,2022,2,10,17
2022-02-10 18:00:00,52.0,28.0,24.0,270.1,4.0,87,13.8,237,1001.8,22,0,22,0,0.0,3588.93,43.6591,-70.2568,2022,2,10,18
2022-02-10 19:00:00,0.0,0.0,0.0,0.0,3.4,78,16.9,250,1002.6,0,0,0,0,0.0,0.0,43.6591,-70.2568,2022,2,10,19
2022-02-10 20:00:00,0.0,0.0,0.0,0.0,3.2,74,16.7,245,1004.0,0,0,0,0,0.0,0.0,43.6591,-70.2568,2022,2,10,20
2022-02-10 21:00:00,0.0,0.0,0.0,0.0,1.8,77,15.1,242,1005.0,0,0,0,0,0.0,0.0,43.6591,-70.2568,2022,2,10,21
2022-02-10 22:00:00,0.0,0.0,0.0,0.0,0.8,83,14.7,234,1005.8,0,0,0,0,0.0,0.0,43.6591,-70.2568,2022,2,10,22
2022-02-10 23:00:00,0.0,0.0,0.0,0.0,0.3,86,15.2,234,1006.3,0,0,0,0,0.0,0.0,43.6591,-70.2568,2022,2,10,23
2022-02-11 00:00:00,0.0,0.0,0.0,0.0,0.1,85,15.6,232,1006.7,0,0,0,0,0.0,0.0,43.6591,-70.2568,2022,2,11,0
2022-02-11 01:00:00,0.0,0.0,0.0,0.0,0.3,83,15.9,242,1007.5,0,0,0,0,0.0,0.0,43.6591,-70.2568,2022,2,11,1
2022-02-11 02:00:00,0.0,0.0,0.0,0.0,-0.0,83,14.3,242,1008.3,1,1,0,0,0.0,0.0,43.6591,-70.2568,2022,2,11,2
2022-02-11 03:00:00,0.0,0.0,0.0,0.0,-0.8,88,12.9,240,1008.6,0,0,0,0,0.0,0.0,43.6591,-70.2568,2022,2,11,3
2022-02-11 04:00:00,0.0,0.0,0.0,0.0,-1.5,90,12.7,241,1009.1,0,0,0,0,0.0,0.0,43.6591,-70.2568,2022,2,11,4
2022-02-11 05:00:00,0.0,0.0,0.0,0.0,-1.9,91,12.8,238,1010.1,0,0,0,0,0.0,0.0,43.6591,-70.2568,2022,2,11,5
2022-02-11 06:00:00,0.0,0.0,0.0,0.0,-2.6,91,11.6,244,1010.6,0,0,0,0,0.0,0.0,43.6591,-70.2568,2022,2,11,6
2022-02-11 07:00:00,0.0,0.0,0.0,0.0,-3.1,90,12.2,242,1011.2,0,0,0,0,0.0,0.0,43.6591,-70.2568,2022,2,11,7
2022-02-11 08:00:00,1.0,0.0,1.0,0.0,-1.6,87,14.2,240,1011.4,39,0,0,69,0.0,0.0,43.6591,-70.2568,2022,2,11,8
2022-02-11 09:00:00,81.0,49.0,32.0,416.7,-0.7,83,12.1,243,1012.3,5,0,0,4,0.0,3600.0,43.6591,-70.2568,2022,2,11,9
2022-02-11 10:00:00,245.0,184.0,61.0,679.0,1.8,75,7.1,240,1012.5,21,0,0,21,0.0,3600.0,43.6591,-70.2568,2022,2,11,10
2022-02-11 11:00:00,391.0,309.0,82.0,776.8,3.9,65,6.4,223,1012.7,1,0,0,1,0.0,3600.0,43.6591,-70.2568,2022,2,11,11
2022-02-11 12:00:00,504.0,420.0,84.0,863.9,5.0,58,9.6,200,1012.4,12,0,2,10,0.0,3600.0,43.6591,-70.2568,2022,2,11,12
2022-02-11 13:00:00,559.0,472.0,87.0,890.3,5.6,57,10.5,184,1011.7,83,0,0,83,0.0,3600.0,43.6591,-70.2568,2022,2,11,13
2022-02-11 14:00:00,543.0,435.0,108.0,825.9,6.2,63,14.9,165,1011.0,100,0,77,100,0.0,3600.0,43.6591,-70.2568,2022,2,11,14
2022-02-11 15:00:00,439.0,276.0,163.0,579.7,5.7,64,17.0,174,1010.5,99,0,0,99,0.0,3600.0,43.6591,-70.2568,2022,2,11,15
2022-02-11 16:00:00,316.0,166.0,150.0,434.8,5.8,68,15.1,179,1010.1,87,0,0,87,0.0,3600.0,43.6591,-70.2568,2022,2,11,16
2022-02-11 17:00:00,190.0,96.0,94.0,383.7,5.7,69,15.9,177,1009.6,71,0,0,71,0.0,3600.0,43.6591,-70.2568,2022,2,11,17
2022-02-11 18:00:00,54.0,24.0,30.0,226.6,4.8,73,16.2,184,1009.3,95,0,1,95,0.0,3600.0,43.6591,-70.2568,2022,2,11,18
2022-02-11 19:00:00,0.0,0.0,0.0,0.0,4.8,72,18.2,188,1009.3,100,0,0,100,0.0,0.0,43.6591,-70.2568,2022,2,11,19
2022-02-11 20:00:00,0.0,0.0,0.0,0.0,5.2,70,20.4,189,1008.5,99,0,0,100,0.0,0.0,43.6591,-70.2568,2022,2,11,20
2022-02-11 21:00:00,0.0,0.0,0.0,0.0,5.7,63,22.0,198,1008.9,100,0,5,100,0.0,0.0,43.6591,-70.2568,2022,2,11,21
2022-02-11 22:00:00,0.0,0.0,0.0,0.0,5.6,60,21.3,202,1008.9,100,0,69,100,0.0,0.0,43.6591,-70.2568,2022,2,11,22
2022-02-11 23:00:00,0.0,0.0,0.0,0.0,4.9,64,21.2,201,1008.5,100,0,90,99,0.0,0.0,43.6591,-70.2568,2022,2,11,23
2022-02-12 00:00:00,0.0,0.0,0.0,0.0,4.9,64,20.7,200,1007.9,100,0,100,100,0.0,0.0,43.6591,-70.2568,2022,2,12,0
2022-02-12 01:00:00,0.0,0.0,0.0,0.0,5.5,63,21.2,201,1007.0,100,0,100,98,0.0,0.0,43.6591,-70.2568,2022,2,12,1
2022-02-12 02:00:00,0.0,0.0,0.0,0.0,5.9,64,22.1,204,1006.5,100,0,100,85,0.0,0.0,43.6591,-70.2568,2022,2,12,2
2022-02-12 03:00:00,0.0,0.0,0.0,0.0,6.3,63,21.4,207,1005.9,100,0,100,20,0.0,0.0,43.6591,-70.2568,2022,2,12,3
2022-02-12 04:00:00,0.0,0.0,0.0,0.0,6.5,62,19.4,211,1005.4,100,0,100,87,0.0,0.0,43.6591,-70.2568,2022,2,12,4
2022-02-12 05:00:00,0.0,0.0,0.0,0.0,6.6,61,17.5,212,1005.3,100,0,100,70,0.0,0.0,43.6591,-70.2568,2022,2,12,5
2022-02-12 06:00:00,0.0,0.0,0.0,0.0,6.7,61,16.9,214,1005.0,100,0,100,100,0.0,0.0,43.6591,-70.2568,2022,2,12,6
2022-02-12 07:00:00,0.0,0.0,0.0,0.0,6.7,61,15.7,217,1004.7,100,0,100,99,0.0,0.0,43.6591,-70.2568,2022,2,12,7
2022-02-12 08:00:00,1.0,0.0,1.0,0.0,6.1,66,15.4,217,1004.7,100,0,100,97,0.0,0.0,43.6591,-70.2568,2022,2,12,8
2022-02-12 09:00:00,48.0,4.0,44.0,33.4,6.6,66,13.8,227,1004.7,100,0,100,100,0.0,0.0,43.6591,-70.2568,2022,2,12,9
2022-02-12 10:00:00,132.0,13.0,119.0,47.2,7.9,62,13.7,215,1005.0,89,0,87,17,0.0,0.0,43.6591,-70.2568,2022,2,12,10
2022-02-12 11:00:00,263.0,114.0,149.0,283.3,8.8,67,15.5,216,1005.1,100,1,100,4,0.3,3600.0,43.6591,-70.2568,2022,2,12,11
2022-02-12 12:00:00,188.0,13.0,175.0,26.5,9.0,66,14.3,219,1005.0,58,1,15,50,0.0,0.0,43.6591,-70.2568,2022,2,12,12
2022-02-12 13:00:00,527.0,427.0,100.0,798.2,11.8,54,16.1,207,1004.1,69,0,50,38,0.0,3600.0,43.6591,-70.2568,2022,2,12,13
2022-02-12 14:00:00,461.0,345.0,116.0,649.1,12.2,48,16.7,233,1003.8,96,7,41,93,0.1,3600.0,43.6591,-70.2568,2022,2,12,14
2022-02-12 15:00:00,418.0,261.0,157.0,542.8,12.1,43,18.7,232,1003.8,49,1,7,44,0.0,3600.0,43.6591,-70.2568,2022,2,12,15
2022-02-12 16:00:00,341.0,236.0,105.0,610.8,11.8,44,19.0,251,1004.6,84,0,10,82,0.0,3600.0,43.6591,-70.2568,2022,2,12,16
2022-02-12 17:00:00,207.0,138.0,69.0,542.0,10.4,41,22.0,267,1005.9,2,0,0,2,0.0,3600.0,43.6591,-70.2568,2022,2,12,17
2022-02-12 18:00:00,66.0,43.0,23.0,397.6,7.8,46,19.8,268,1007.2,6,0,0,6,0.0,3600.0,43.6591,-70.2568,2022,2,12,18
2022-02-12 19:00:00,0.0,0.0,0.0,0.0,6.0,50,22.0,268,1008.8,60,0,0,60,0.0,0.0,43.6591,-70.2568,2022,2,12,19
2022-02-12 20:00:00,0.0,0.0,0.0,0.0,6.2,53,20.1,260,1009.6,70,6,3,56,0.0,0.0,43.6591,-70.2568,2022,2,12,20
2022-02-12 21:00:00,0.0,0.0,0.0,0.0,4.7,58,18.4,266,1011.0,94,0,0,94,0.0,0.0,43.6591,-70.2568,2022,2,12,21
2022-02-12 22:00:00,0.0,0.0,0.0,0.0,2.6,66,13.6,281,1012.3,10,0,3,9,0.0,0.0,43.6591,-70.2568,2022,2,12,22
2022-02-12 23:00:00,0.0,0.0,0.0,0.0,1.4,60,15.9,267,1013.1,36,0,1,35,0.0,0.0,43.6591,-70.2568,2022,2,12,23
2022-02-13 00:00:00,0.0,0.0,0.0,0.0,-0.7,73,10.2,302,1013.9,100,11,74,100,0.0,0.0,43.6591,-70.2568,2022,2,13,0
2022-02-13 01:00:00,0.0,0.0,0.0,0.0,-1.6,83,8.2,319,1015.1,100,5,96,99,0.0,0.0,43.6591,-70.2568,2022,2,13,1
2022-02-13 02:00:00,0.0,0.0,0.0,0.0,-2.1,82,9.0,323,1015.8,100,0,100,62,0.0,0.0,43.6591,-70.2568,2022,2,13,2
2022-02-13 03:00:00,0.0,0.0,0.0,0.0,-2.4,78,8.5,332,1016.5,100,0,100,0,0.0,0.0,43.6591,-70.2568,2022,2,13,3
2022-02-13 04:00:00,0.0,0.0,0.0,0.0,-3.0,77,9.9,350,1016.6,100,7,100,74,0.0,0.0,43.6591,-70.2568,2022,2,13,4
2022-02-13 05:00:00,0.0,0.0,0.0,0.0,-4.2,67,11.9,360,1016.8,100,2,100,16,0.0,0.0,43.6591,-70.2568,2022,2,13,5
2022-02-13 06:00:00,0.0,0.0,0.0,0.0,-5.9,61,13.0,360,1017.9,100,8,100,100,0.0,0.0,43.6591,-70.2568,2022,2,13,6
2022-02-13 07:00:00,0.0,0.0,0.0,0.0,-7.1,61,13.6,349,1018.4,100,0,100,99,0.0,0.0,43.6591,-70.2568,2022,2,13,7
2022-02-13 08:00:00,1.0,0.0,1.0,0.0,-5.1,61,11.2,15,1018.9,100,18,100,100,0.1,0.0,43.6591,-70.2568,2022,2,13,8
2022-02-13 09:00:00,23.0,0.0,23.0,0.0,-5.2,65,10.5,8,1019.7,100,100,100,64,0.3,0.0,43.6591,-70.2568,2022,2,13,9
2022-02-13 10:00:00,56.0,0.0,56.0,0.0,-5.5,67,10.1,4,1019.9,100,100,100,51,0.2,0.0,43.6591,-70.2568,2022,2,13,10
2022-02-13 11:00:00,98.0,0.0,98.0,0.0,-5.3,67,9.5,9,1019.9,100,100,100,50,0.2,0.0,43.6591,-70.2568,2022,2,13,11
2022-02-13 12:00:00,149.0,1.0,148.0,2.0,-4.9,66,8.1,13,1020.0,100,100,100,98,0.3,0.0,43.6591,-70.2568,2022,2,13,12
2022-02-13 13:00:00,233.0,5.0,228.0,9.3,-4.2,63,7.3,20,1019.1,100,100,100,53,0.2,0.0,43.6591,-70.2568,2022,2,13,13
2022-02-13 14:00:00,289.0,31.0,258.0,57.8,-3.3,63,6.2,21,1017.9,100,100,100,24,0.1,0.0,43.6591,-70.2568,2022,2,13,14
2022-02-13 15:00:00,240.0,22.0,218.0,45.3,-3.0,63,7.3,11,1017.0,100,55,100,92,0.1,0.0,43.6591,-70.2568,2022,2,13,15
2022-02-13 16:00:00,162.0,5.0,157.0,12.8,-3.1,63,7.0,21,1016.5,100,65,100,39,0.1,0.0,43.6591,-70.2568,2022,2,13,16
2022-02-13 17:00:00,87.0,2.0,85.0,7.7,-3.4,65,8.1,45,1016.4,100,100,100,100,0.1,0.0,43.6591,-70.2568,2022,2,13,17
2022-02-13 18:00:00,24.0,0.0,24.0,0.0,-4.1,66,11.5,39,1015.4,100,100,100,100,0.1,0.0,43.6591,-70.2568,2022,2,13,18
2022-02-13 19:00:00,0.0,0.0,0.0,0.0,-4.9,64,13.1,37,1015.1,100,65,100,100,0.0,0.0,43.6591,-70.2568,2022,2,13,19
2022-02-13 20:00:00,0.0,0.0,0.0,0.0,-5.4,57,12.4,30,1015.2,100,13,100,98,0.0,0.0,43.6591,-70.2568,2022,2,13,20
2022-02-13 21:00:00,0.0,0.0,0.0,0.0,-5.7,56,12.4,36,1015.3,100,21,100,100,0.0,0.0,43.6591,-70.2568,2022,2,13,21
2022-02-13 22:00:00,0.0,0.0,0.0,0.0,-6.2,61,13.6,32,1015.0,100,9,100,1,0.1,0.0,43.6591,-70.2568,2022,2,13,22
2022-02-13 23:00:00,0.0,0.0,0.0,0.0,-6.9,65,15.2,22,1014.6,100,16,100,0,0.1,0.0,43.6591,-70.2568,2022,2,13,23
2022-02-14 00:00:00,0.0,0.0,0.0,0.0,-8.0,62,16.6,18,1013.9,99,58,99,0,0.0,0.0,43.6591,-70.2568,2022,2,14,0
2022-02-14 01:00:00,0.0,0.0,0.0,0.0,-9.1,61,16.7,14,1013.2,100,83,100,0,0.0,0.0,43.6591,-70.2568,2022,2,14,1
2022-02-14 02:00:00,0.0,0.0,0.0,0.0,-9.6,56,15.7,9,1012.5,100,21,100,0,0.0,0.0,43.6591,-70.2568,2022,2,14,2
2022-02-14 03:00:00,0.0,0.0,0.0,0.0,-10.4,53,16.3,5,1012.0,100,39,100,0,0.0,0.0,43.6591,-70.2568,2022,2,14,3
2022-02-14 04:00:00,0.0,0.0,0.0,0.0,-11.2,56,15.1,3,1011.6,100,43,100,0,0.0,0.0,43.6591,-70.2568,2022,2,14,4
2022-02-14 05:00:00,0.0,0.0,0.0,0.0,-11.7,58,15.1,360,1011.5,100,50,100,0,0.0,0.0,43.6591,-70.2568,2022,2,14,5
2022-02-14 06:00:00,0.0,0.0,0.0,0.0,-12.1,58,15.5,356,1011.2,100,51,100,0,0.0,0.0,43.6591,-70.2568,2022,2,14,6
2022-02-14 07:00:00,0.0,0.0,0.0,0.0,-12.6,57,15.0,350,1011.3,100,13,100,0,0.0,0.0,43.6591,-70.2568,2022,2,14,7
2022-02-14 08:00:00,2.0,0.0,2.0,0.0,-11.9,50,15.1,348,1011.1,100,82,100,0,0.0,0.0,43.6591,-70.2568,2022,2,14,8
2022-02-14 09:00:00,56.0,5.0,51.0,39.3,-11.2,48,15.9,356,1010.8,100,97,100,0,0.0,0.0,43.6591,-70.2568,2022,2,14,9
2022-02-14 10:00:00,171.0,36.0,135.0,126.5,-10.2,47,15.7,349,1010.7,100,100,100,0,0.0,1995.92,43.6591,-70.2568,2022,2,14,10
2022-02-14 11:00:00,308.0,92.0,216.0,223.4,-9.0,46,16.3,342,1010.8,100,100,100,0,0.0,3600.0,43.6591,-70.2568,2022,2,14,11
2022-02-14 12:00:00,445.0,227.0,218.0,453.5,-7.6,45,16.6,338,1010.8,100,34,100,0,0.0,3600.0,43.6591,-70.2568,2022,2,14,12
2022-02-14 13:00:00,517.0,316.0,201.0,580.1,-6.6,44,18.7,326,1010.4,100,50,100,0,0.0,3600.0,43.6591,-70.2568,2022,2,14,13
2022-02-14 14:00:00,513.0,314.0,199.0,580.2,-6.5,41,20.1,324,1010.2,100,22,100,0,0.0,3600.0,43.6591,-70.2568,2022,2,14,14
2022-02-14 15:00:00,444.0,256.0,188.0,522.1,-7.0,39,21.6,323,1010.6,76,16,72,0,0.0,3600.0,43.6591,-70.2568,2022,2,14,15
2022-02-14 16:00:00,374.0,254.0,120.0,642.0,-7.6,37,21.5,322,1011.3,34,0,33,0,0.0,3600.0,43.6591,-70.2568,2022,2,14,16
2022-02-14 17:00:00,237.0,165.0,72.0,626.3,-8.6,38,21.7,320,1012.5,19,4,15,0,0.0,3600.0,43.6591,-70.2568,2022,2,14,17
2022-02-14 18:00:00,75.0,45.0,30.0,399.4,-9.8,42,19.4,320,1014.1,6,0,6,0,0.0,3600.0,43.6591,-70.2568,2022,2,14,18
2022-02-14 19:00:00,0.0,0.0,0.0,0.0,-10.8,47,17.4,322,1016.0,0,0,0,0,0.0,0.0,43.6591,-70.2568,2022,2,14,19
2022-02-14 20:00:00,0.0,0.0,0.0,0.0,-11.2,50,14.5,325,1017.3,0,0,0,0,0.0,0.0,43.6591,-70.2568,2022,2,14,20
2022-02-14 21:00:00,0.0,0.0,0.0,0.0,-11.6,55,13.0,321,1018.5,0,0,0,0,0.0,0.0,43.6591,-70.2568,2022,2,14,21
2022-02-14 22:00:00,0.0,0.0,0.0,0.0,-12.1,59,11.5,314,1019.8,0,0,0,0,0.0,0.0,43.6591,-70.2568,2022,2,14,22
2022-02-14 23:00:00,0.0,0.0,0.0,0.0,-12.7,61,10.2,309,1021.1,15,0,1,14,0.0,0.0,43.6591,-70.2568,2022,2,14,23
2022-02-15 00:00:00,0.0,0.0,0.0,0.0,-13.1,60,8.2,299,1021.8,49,0,49,0,0.0,0.0,43.6591,-70.2568,2022,2,15,0
2022-02-15 01:00:00,0.0,0.0,0.0,0.0,-13.4,58,8.2,285,1022.1,94,0,83,89,0.0,0.0,43.6591,-70.2568,2022,2,15,1
2022-02-15 02:00:00,0.0,0.0,0.0,0.0,-13.7,54,8.8,279,1022.7,85,0,83,47,0.0,0.0,43.6591,-70.2568,2022,2,15,2
2022-02-15 03:00:00,0.0,0.0,0.0,0.0,-14.2,52,9.8,276,1023.2,66,0,66,9,0.0,0.0,43.6591,-70.2568,2022,2,15,3
2022-02-15 04:00:00,0.0,0.0,0.0,0.0,-14.4,51,9.4,277,1023.5,95,0,95,0,0.0,0.0,43.6591,-70.2568,2022,2,15,4
2022-02-15 05:00:00,0.0,0.0,0.0,0.0,-14.6,51,9.0,275,1024.1,86,0,86,0,0.0,0.0,43.6591,-70.2568,2022,2,15,5
2022-02-15 06:00:00,0.0,0.0,0.0,0.0,-14.7,51,7.6,273,1024.7,27,0,27,0,0.0,0.0,43.6591,-70.2568,2022,2,15,6
2022-02-15 07:00:00,0.0,0.0,0.0,0.0,-14.8,51,8.6,268,1025.7,69,0,69,0,0.0,0.0,43.6591,-70.2568,2022,2,15,7
2022-02-15 08:00:00,3.0,1.0,2.0,19.1,-14.3,57,5.4,270,1027.3,64,0,90,0,0.0,0.0,43.6591,-70.2568,2022,2,15,8
2022-02-15 09:00:00,84.0,30.0,54.0,227.6,-12.3,49,9.1,263,1028.3,11,0,11,0,0.0,3600.0,43.6591,-70.2568,2022,2,15,9
2022-02-15 10:00:00,275.0,208.0,67.0,719.2,-10.6,38,12.6,268,1028.9,0,0,0,0,0.0,3600.0,43.6591,-70.2568,2022,2,15,10
2022-02-15 11:00:00,434.0,357.0,77.0,856.8,-9.0,35,12.6,272,1029.4,1,0,0,0,0.0,3600.0,43.6591,-70.2568,2022,2,15,11
2022-02-15 12:00:00,544.0,460.0,84.0,910.0,-7.1,34,13.3,273,1029.7,1,1,0,0,0.0,3600.0,43.6591,-70.2568,2022,2,15,12
2022-02-15 13:00:00,600.0,511.0,89.0,929.7,-5.9,32,14.8,264,1028.9,0,0,0,0,0.0,3600.0,43.6591,-70.2568,2022,2,15,13
2022-02-15 14:00:00,596.0,510.0,86.0,933.8,-5.4,33,17.3,274,1028.4,21,4,19,0,0.0,3600.0,43.6591,-70.2568,2022,2,15,14
2022-02-15 15:00:00,528.0,444.0,84.0,896.6,-5.2,34,20.3,282,1028.6,69,59,24,0,0.0,3600.0,43.6591,-70.2568,2022,2,15,15
2022-02-15 16:00:00,411.0,337.0,74.0,841.9,-4.7,34,22.3,280,1028.9,90,90,0,0,0.0,3600.0,43.6591,-70.2568,2022,2,15,16
2022-02-15 17:00:00,226.0,135.0,91.0,503.8,-4.9,36,21.1,287,1030.1,88,88,4,0,0.0,3600.0,43.6591,-70.2568,2022,2,15,17
2022-02-15 18:00:00,70.0,35.0,35.0,304.5,-5.7,42,15.0,287,1031.3,1,1,0,0,0.0,3600.0,43.6591,-70.2568,2022,2,15,18
2022-02-15 19:00:00,1.0,0.0,1.0,0.0,-7.1,52,11.2,291,1032.7,0,0,0,0,0.0,0.0,43.6591,-70.2568,2022,2,15,19
2022-02-15 20:00:00,0.0,0.0,0.0,0.0,-8.1,56,7.6,301,1033.4,0,0,0,0,0.0,0.0,43.6591,-70.2568,2022,2,15,20
2022-02-15 21:00:00,0.0,0.0,0.0,0.0,-8.1,58,8.7,312,1034.2,0,0,0,0,0.0,0.0,43.6591,-70.2568,2022,2,15,21
2022-02-15 22:00:00,0.0,0.0,0.0,0.0,-8.5,58,8.7,312,1035.2,0,0,0,0,0.0,0.0,43.6591,-70.2568,2022,2,15,22
2022-02-15 23:00:00,0.0,0.0,0.0,0.0,-8.9,59,7.9,321,1035.9,0,0,0,0,0.0,0.0,43.6591,-70.2568,2022,2,15,23
2022-02-16 00:00:00,0.0,0.0,0.0,0.0,-9.3,60,7.5,343,1036.5,0,0,0,0,0.0,0.0,43.6591,-70.2568,2022,2,16,0
2022-02-16 01:00:00,0.0,0.0,0.0,0.0,-9.5,59,6.8,357,1037.0,18,0,0,18,0.0,0.0,43.6591,-70.2568,2022,2,16,1
2022-02-16 02:00:00,0.0,0.0,0.0,0.0,-9.6,59,4.7,360,1037.3,7,0,3,7,0.0,0.0,43.6591,-70.2568,2022,2,16,2
2022-02-16 03:00:00,0.0,0.0,0.0,0.0,-9.7,60,5.2,16,1037.1,0,0,0,0,0.0,0.0,43.6591,-70.2568,2022,2,16,3
2022-02-16 04:00:00,0.0,0.0,0.0,0.0,-9.8,62,4.4,9,1037.1,0,0,0,0,0.0,0.0,43.6591,-70.2568,2022,2,16,4
2022-02-16 05:00:00,0.0,0.0,0.0,0.0,-9.9,63,5.2,25,1037.2,5,0,0,5,0.0,0.0,43.6591,-70.2568,2022,2,16,5
2022-02-16 06:00:00,0.0,0.0,0.0,0.0,-9.5,65,5.5,32,1037.2,2,0,2,0,0.0,0.0,43.6591,-70.2568,2022,2,16,6
2022-02-16 07:00:00,0.0,0.0,0.0,0.0,-8.8,68,5.4,42,1037.3,41,2,38,3,0.0,0.0,43.6591,-70.2568,2022,2,16,7
2022-02-16 08:00:00,3.0,1.0,2.0,19.1,-9.7,76,7.9,90,1038.2,38,3,99,59,0.0,0.0,43.6591,-70.2568,2022,2,16,8
2022-02-16 09:00:00,89.0,40.0,49.0,293.1,-5.4,60,5.6,195,1038.1,80,0,52,58,0.0,3600.0,43.6591,-70.2568,2022,2,16,9
2022-02-16 10:00:00,261.0,191.0,70.0,649.6,-2.4,51,9.5,191,1037.7,81,0,32,78,0.0,3600.0,43.6591,-70.2568,2022,2,16,10
2022-02-16 11:00:00,413.0,333.0,80.0,789.8,-0.6,45,17.3,192,1036.7,99,0,49,99,0.0,3600.0,43.6591,-70.2568,2022,2,16,11
2022-02-16 12:00:00,507.0,391.0,116.0,765.9,0.5,38,25.0,195,1035.5,100,0,15,100,0.0,3600.0,43.6591,-70.2568,2022,2,16,12
2022-02-16 13:00:00,489.0,266.0,223.0,479.5,1.1,45,29.8,192,1033.7,100,0,10,100,0.0,3600.0,43.6591,-70.2568,2022,2,16,13
2022-02-16 14:00:00,493.0,291.0,202.0,528.0,1.7,47,35.3,194,1032.0,100,74,13,100,0.0,3600.0,43.6591,-70.2568,2022,2,16,14
2022-02-16 15:00:00,436.0,254.0,182.0,507.9,2.9,47,28.5,198,1030.2,100,0,0,100,0.0,3600.0,43.6591,-70.2568,2022,2,16,15
2022-02-16 16:00:00,337.0,192.0,145.0,474.1,4.5,43,30.6,200,1028.5,100,1,1,100,0.0,3600.0,43.6591,-70.2568,2022,2,16,16
2022-02-16 17:00:00,157.0,31.0,126.0,113.8,3.5,57,27.3,193,1027.4,100,2,0,100,0.0,1613.84,43.6591,-70.2568,2022,2,16,17
2022-02-16 18:00:00,53.0,8.0,45.0,68.2,3.5,60,25.0,198,1026.1,100,0,40,100,0.0,355.01,43.6591,-70.2568,2022,2,16,18
2022-02-16 19:00:00,1.0,0.0,1.0,0.0,3.9,58,23.7,200,1025.6,100,0,35,100,0.0,0.0,43.6591,-70.2568,2022,2,16,19
2022-02-16 20:00:00,0.0,0.0,0.0,0.0,2.7,64,23.7,204,1025.2,100,0,0,100,0.0,0.0,43.6591,-70.2568,2022,2,16,20
2022-02-16 21:00:00,0.0,0.0,0.0,0.0,2.7,70,24.3,205,1024.2,100,4,0,100,0.0,0.0,43.6591,-70.2568,2022,2,16,21
2022-02-16 22:00:00,0.0,0.0,0.0,0.0,3.0,77,24.9,211,1023.6,100,20,0,100,0.0,0.0,43.6591,-70.2568,2022,2,16,22
2022-02-16 23:00:00,0.0,0.0,0.0,0.0,3.8,80,25.8,216,1023.0,100,74,0,100,0.0,0.0,43.6591,-70.2568,2022,2,16,23
2022-02-17 00:00:00,0.0,0.0,0.0,0.0,4.9,78,26.9,215,1021.8,100,19,0,100,0.0,0.0,43.6591,-70.2568,2022,2,17,0
2022-02-17 01:00:00,0.0,0.0,0.0,0.0,5.4,79,24.9,214,1020.7,100,6,0,100,0.0,0.0,43.6591,-70.2568,2022,2,17,1
2022-02-17 02:00:00,0.0,0.0,0.0,0.0,5.5,80,23.2,216,1020.1,100,0,13,100,0.0,0.0,43.6591,-70.2568,2022,2,17,2
2022-02-17 03:00:00,0.0,0.0,0.0,0.0,5.5,77,22.8,219,1019.3,95,2,40,91,0.0,0.0,43.6591,-70.2568,2022,2,17,3
2022-02-17 04:00:00,0.0,0.0,0.0,0.0,5.9,70,21.1,223,1018.6,90,0,39,83,0.0,0.0,43.6591,-70.2568,2022,2,17,4
2022-02-17 05:00:00,0.0,0.0,0.0,0.0,6.0,64,20.9,222,1018.0,91,0,45,84,0.0,0.0,43.6591,-70.2568,2022,2,17,5
2022-02-17 06:00:00,0.0,0.0,0.0,0.0,6.2,64,21.5,218,1017.6,100,1,100,99,0.0,0.0,43.6591,-70.2568,2022,2,17,6
2022-02-17 07:00:00,0.0,0.0,0.0,0.0,6.6,66,21.3,217,1017.1,44,1,6,43,0.0,0.0,43.6591,-70.2568,2022,2,17,7
2022-02-17 08:00:00,3.0,0.0,3.0,0.0,7.5,72,22.6,217,1016.3,77,0,99,45,0.0,0.0,43.6591,-70.2568,2022,2,17,8
2022-02-17 09:00:00,37.0,3.0,34.0,21.3,8.0,74,22.1,214,1016.0,84,1,21,79,0.0,0.0,43.6591,-70.2568,2022,2,17,9
2022-02-17 10:00:00,232.0,145.0,87.0,485.1,10.1,70,19.5,210,1015.3,100,4,49,100,0.0,3600.0,43.6591,-70.2568,2022,2,17,10
2022-02-17 11:00:00,266.0,90.0,176.0,211.0,11.6,67,23.9,211,1014.5,100,27,31,100,0.0,3600.0,43.6591,-70.2568,2022,2,17,11
2022-02-17 12:00:00,379.0,152.0,227.0,294.8,13.4,63,25.1,205,1013.3,100,19,0,100,0.0,3600.0,43.6591,-70.2568,2022,2,17,12
2022-02-17 13:00:00,403.0,131.0,272.0,234.0,14.7,61,26.7,209,1011.9,100,8,7,100,0.0,3600.0,43.6591,-70.2568,2022,2,17,13
2022-02-17 14:00:00,444.0,206.0,238.0,370.4,15.5,59,27.9,204,1010.5,100,3,53,100,0.0,3600.0,43.6591,-70.2568,2022,2,17,14
2022-02-17 15:00:00,407.0,210.0,197.0,415.9,14.7,61,27.0,199,1009.3,100,8,93,100,0.0,3600.0,43.6591,-70.2568,2022,2,17,15
2022-02-17 16:00:00,229.0,43.0,186.0,105.0,14.3,63,26.6,207,1008.9,100,13,78,100,0.0,1348.55,43.6591,-70.2568,2022,2,17,16
2022-02-17 17:00:00,131.0,22.0,109.0,79.4,13.7,66,21.3,204,1008.2,100,35,96,100,0.0,583.38,43.6591,-70.2568,2022,2,17,17
2022-02-17 18:00:00,51.0,5.0,46.0,41.8,13.1,69,23.0,205,1007.2,100,17,9,100,0.0,0.0,43.6591,-70.2568,2022,2,17,18
2022-02-17 19:00:00,1.0,0.0,1.0,0.0,12.0,72,22.1,204,1007.1,100,37,84,100,0.0,0.0,43.6591,-70.2568,2022,2,17,19
2022-02-17 20:00:00,0.0,0.0,0.0,0.0,10.6,76,25.3,195,1005.3,100,10,62,100,0.0,0.0,43.6591,-70.2568,2022,2,17,20
2022-02-17 21:00:00,0.0,0.0,0.0,0.0,9.9,80,23.7,197,1004.6,100,44,100,100,0.0,0.0,43.6591,-70.2568,2022,2,17,21
2022-02-17 22:00:00,0.0,0.0,0.0,0.0,9.4,84,22.7,195,1003.6,100,8,100,100,0.0,0.0,43.6591,-70.2568,2022,2,17,22
2022-02-17 23:00:00,0.0,0.0,0.0,0.0,9.6,87,23.3,197,1001.9,100,23,100,100,0.0,0.0,43.6591,-70.2568,2022,2,17,23
2022-02-18 00:00:00,0.0,0.0,0.0,0.0,10.1,90,23.8,198,999.9,100,33,100,100,0.0,0.0,43.6591,-70.2568,2022,2,18,0
2022-02-18 01:00:00,0.0,0.0,0.0,0.0,10.4,93,25.6,197,997.3,100,18,100,100,0.4,0.0,43.6591,-70.2568,2022,2,18,1
2022-02-18 02:00:00,0.0,0.0,0.0,0.0,9.9,100,26.8,197,995.5,100,100,100,100,0.9,0.0,43.6591,-70.2568,2022,2,18,2
2022-02-18 03:00:00,0.0,0.0,0.0,0.0,10.3,100,29.7,199,992.3,100,8,100,100,0.8,0.0,43.6591,-70.2568,2022,2,18,3
2022-02-18 04:00:00,0.0,0.0,0.0,0.0,10.7,100,32.5,201,990.0,100,100,100,100,0.4,0.0,43.6591,-70.2568,2022,2,18,4
2022-02-18 05:00:00,0.0,0.0,0.0,0.0,11.1,100,32.4,203,987.9,100,100,90,100,3.4,0.0,43.6591,-70.2568,2022,2,18,5
2022-02-18 06:00:00,0.0,0.0,0.0,0.0,11.8,95,36.5,206,986.0,100,100,41,96,1.7,0.0,43.6591,-70.2568,2022,2,18,6
2022-02-18 07:00:00,0.0,0.0,0.0,0.0,12.4,93,35.0,209,984.9,100,100,58,58,0.0,0.0,43.6591,-70.2568,2022,2,18,7
2022-02-18 08:00:00,2.0,0.0,2.0,0.0,12.9,95,35.4,208,982.2,100,86,62,87,0.1,0.0,43.6591,-70.2568,2022,2,18,8
2022-02-18 09:00:00,55.0,9.0,46.0,61.7,14.6,89,36.4,234,983.3,89,34,52,65,0.2,49.94,43.6591,-70.2568,2022,2,18,9
2022-02-18 10:00:00,181.0,80.0,101.0,263.3,11.7,71,27.9,292,986.6,96,15,41,93,0.0,3600.0,43.6591,-70.2568,2022,2,18,10
2022-02-18 11:00:00,308.0,171.0,137.0,396.1,6.2,56,24.7,317,989.0,60,29,43,0,0.1,3600.0,43.6591,-70.2568,2022,2,18,11
2022-02-18 12:00:00,394.0,220.0,174.0,422.5,3.8,51,27.7,314,992.8,1,1,0,0,0.0,3600.0,43.6591,-70.2568,2022,2,18,12
2022-02-18 13:00:00,575.0,475.0,100.0,840.9,2.2,47,27.1,320,995.9,26,26,0,0,0.0,3600.0,43.6591,-70.2568,2022,2,18,13
2022-02-18 14:00:00,553.0,437.0,116.0,778.7,1.2,45,20.7,320,997.8,1,0,1,0,0.0,3600.0,43.6591,-70.2568,2022,2,18,14
2022-02-18 15:00:00,524.0,447.0,77.0,876.7,0.7,45,17.3,312,999.8,2,2,0,0,0.0,3600.0,43.6591,-70.2568,2022,2,18,15
2022-02-18 16:00:00,414.0,344.0,70.0,830.0,0.1,44,16.3,311,1001.6,4,4,0,0,0.0,3600.0,43.6591,-70.2568,2022,2,18,16
2022-02-18 17:00:00,260.0,202.0,58.0,717.8,-1.0,44,17.8,313,1003.2,0,0,0,0,0.0,3600.0,43.6591,-70.2568,2022,2,18,17
2022-02-18 18:00:00,92.0,61.0,31.0,500.7,-2.9,49,17.1,312,1005.3,0,0,0,0,0.0,3600.0,43.6591,-70.2568,2022,2,18,18
2022-02-18 19:00:00,1.0,0.0,1.0,0.0,-4.5,53,15.5,314,1007.6,0,0,0,0,0.0,0.0,43.6591,-70.2568,2022,2,18,19
2022-02-18 20:00:00,0.0,0.0,0.0,0.0,-4.5,57,14.3,321,1009.2,0,0,0,0,0.0,0.0,43.6591,-70.2568,2022,2,18,20
2022-02-18 21:00:00,0.0,0.0,0.0,0.0,-5.5,60,15.6,304,1010.6,0,0,0,0,0.0,0.0,43.6591,-70.2568,2022,2,18,21
2022-02-18 22:00:00,0.0,0.0,0.0,0.0,-6.9,63,15.1,310,1011.5,0,0,0,0,0.0,0.0,43.6591,-70.2568,2022,2,18,22
2022-02-18 23:00:00,0.0,0.0,0.0,0.0,-8.3,63,12.6,329,1012.6,0,0,0,0,0.0,0.0,43.6591,-70.2568,2022,2,18,23
2022-02-19 00:00:00,0.0,0.0,0.0,0.0,-9.4,58,12.6,336,1013.4,0,0,0,0,0.0,0.0,43.6591,-70.2568,2022,2,19,0
2022-02-19 01:00:00,0.0,0.0,0.0,0.0,-9.8,57,10.7,327,1014.2,0,0,0,0,0.0,0.0,43.6591,-70.2568,2022,2,19,1
2022-02-19 02:00:00,0.0,0.0,0.0,0.0,-10.1,57,5.7,342,1014.3,0,0,0,0,0.0,0.0,43.6591,-70.2568,2022,2,19,2
2022-02-19 03:00:00,0.0,0.0,0.0,0.0,-10.3,57,4.2,340,1014.6,0,0,0,0,0.0,0.0,43.6591,-70.2568,2022,2,19,3
2022-02-19 04:00:00,0.0,0.0,0.0,0.0,-10.3,57,2.3,39,1014.1,1,0,0,1,0.0,0.0,43.6591,-70.2568,2022,2,19,4
2022-02-19 05:00:00,0.0,0.0,0.0,0.0,-10.1,58,2.1,59,1013.3,1,0,0,1,0.0,0.0,43.6591,-70.2568,2022,2,19,5
2022-02-19 06:00:00,0.0,0.0,0.0,0.0,-9.8,60,3.6,127,1013.3,0,0,0,0,0.0,0.0,43.6591,-70.2568,2022,2,19,6
2022-02-19 07:00:00,0.0,0.0,0.0,0.0,-9.2,65,5.2,168,1012.8,52,51,3,0,0.0,0.0,43.6591,-70.2568,2022,2,19,7
2022-02-19 08:00:00,6.0,2.0,4.0,38.2,-7.7,60,9.0,196,1012.1,88,7,0,0,0.0,21.73,43.6591,-70.2568,2022,2,19,8
2022-02-19 09:00:00,105.0,64.0,41.0,424.3,-6.0,54,12.3,185,1011.8,70,0,0,70,0.0,3600.0,43.6591,-70.2568,2022,2,19,9
2022-02-19 10:00:00,292.0,228.0,64.0,738.1,-4.3,51,15.9,175,1010.1,69,0,0,69,0.0,3600.0,43.6591,-70.2568,2022,2,19,10
2022-02-19 11:00:00,442.0,361.0,81.0,826.4,-2.4,52,22.7,181,1008.1,34,9,0,28,0.0,3600.0,43.6591,-70.2568,2022,2,19,11
2022-02-19 12:00:00,535.0,428.0,107.0,813.8,-0.2,44,25.5,196,1007.2,100,44,33,100,0.0,3600.0,43.6591,-70.2568,2022,2,19,12
2022-02-19 13:00:00,474.0,234.0,240.0,410.5,0.7,41,23.4,190,1005.3,100,0,100,100,0.0,3600.0,43.6591,-70.2568,2022,2,19,13
2022-02-19 14:00:00,154.0,4.0,150.0,7.1,-0.1,49,21.3,196,1003.8,100,42,100,100,0.0,0.0,43.6591,-70.2568,2022,2,19,14
2022-02-19 15:00:00,179.0,2.0,177.0,3.9,0.6,39,18.1,211,1002.8,100,81,100,100,0.0,0.0,43.6591,-70.2568,2022,2,19,15
2022-02-19 16:00:00,142.0,2.0,140.0,4.8,1.2,42,24.2,233,1002.1,100,99,100,100,0.1,0.0,43.6591,-70.2568,2022,2,19,16
2022-02-19 17:00:00,99.0,0.0,99.0,0.0,0.7,55,15.5,224,1001.7,100,15,100,70,0.2,0.0,43.6591,-70.2568,2022,2,19,17
2022-02-19 18:00:00,44.0,3.0,41.0,24.2,-0.1,67,14.3,245,1001.8,81,30,79,0,0.2,0.0,43.6591,-70.2568,2022,2,19,18
2022-02-19 19:00:00,1.0,0.0,1.0,0.0,-1.0,69,18.4,267,1003.1,94,14,94,0,0.1,0.0,43.6591,-70.2568,2022,2,19,19
2022-02-19 20:00:00,0.0,0.0,0.0,0.0,-2.2,54,19.8,280,1005.6,0,0,0,0,0.0,0.0,43.6591,-70.2568,2022,2,19,20
2022-02-19 21:00:00,0.0,0.0,0.0,0.0,-3.5,44,18.9,278,1006.8,3,3,0,0,0.0,0.0,43.6591,-70.2568,2022,2,19,21
2022-02-19 22:00:00,0.0,0.0,0.0,0.0,-4.2,45,18.8,275,1008.1,33,31,3,0,0.0,0.0,43.6591,-70.2568,2022,2,19,22
2022-02-19 23:00:00,0.0,0.0,0.0,0.0,-4.5,48,20.2,286,1009.5,23,23,0,0,0.0,0.0,43.6591,-70.2568,2022,2,19,23
2022-02-20 00:00:00,0.0,0.0,0.0,0.0,-6.3,47,26.5,301,1011.3,0,0,0,0,0.0,0.0,43.6591,-70.2568,2022,2,20,0
2022-02-20 01:00:00,0.0,0.0,0.0,0.0,-7.8,45,21.4,297,1013.2,11,11,0,0,0.0,0.0,43.6591,-70.2568,2022,2,20,1
2022-02-20 02:00:00,0.0,0.0,0.0,0.0,-8.9,46,20.8,293,1014.7,20,20,0,0,0.0,0.0,43.6591,-70.2568,2022,2,20,2
2022-02-20 03:00:00,0.0,0.0,0.0,0.0,-9.6,46,21.6,298,1016.1,22,22,0,0,0.0,0.0,43.6591,-70.2568,2022,2,20,3
2022-02-20 04:00:00,0.0,0.0,0.0,0.0,-10.1,45,20.1,299,1017.7,6,6,0,0,0.0,0.0,43.6591,-70.2568,2022,2,20,4
2022-02-20 05:00:00,0.0,0.0,0.0,0.0,-10.7,46,17.4,308,1019.0,2,2,0,0,0.0,0.0,43.6591,-70.2568,2022,2,20,5
2022-02-20 06:00:00,0.0,0.0,0.0,0.0,-11.1,46,17.8,315,1020.2,33,0,0,33,0.0,0.0,43.6591,-70.2568,2022,2,20,6
2022-02-20 07:00:00,0.0,0.0,0.0,0.0,-11.4,46,15.8,315,1021.7,2,0,0,2,0.0,0.0,43.6591,-70.2568,2022,2,20,7
2022-02-20 08:00:00,7.0,3.0,4.0,56.9,-10.4,43,6.3,301,1023.4,4,0,4,0,0.0,303.8,43.6591,-70.2568,2022,2,20,8
2022-02-20 09:00:00,125.0,85.0,40.0,545.7,-8.8,37,8.6,248,1025.4,35,0,0,35,0.0,3600.0,43.6591,-70.2568,2022,2,20,9
2022-02-20 10:00:00,298.0,235.0,63.0,748.4,-7.6,34,10.5,243,1025.6,0,0,0,0,0.0,3600.0,43.6591,-70.2568,2022,2,20,10
2022-02-20 11:00:00,450.0,375.0,75.0,848.3,-6.3,32,8.9,249,1025.3,0,0,0,0,0.0,3600.0,43.6591,-70.2568,2022,2,20,11
2022-02-20 12:00:00,558.0,477.0,81.0,898.1,-4.8,28,9.4,252,1025.1,54,0,30,37,0.0,3600.0,43.6591,-70.2568,2022,2,20,12
2022-02-20 13:00:00,601.0,501.0,100.0,870.9,-3.5,25,8.8,251,1024.0,99,0,99,57,0.0,3600.0,43.6591,-70.2568,2022,2,20,13
2022-02-20 14:00:00,471.0,236.0,235.0,413.1,-2.8,21,9.3,254,1022.6,96,0,84,79,0.0,3600.0,43.6591,-70.2568,2022,2,20,14
2022-02-20 15:00:00,424.0,214.0,210.0,411.8,-2.1,19,9.7,243,1022.1,88,0,86,11,0.0,3600.0,43.6591,-70.2568,2022,2,20,15
2022-02-20 16:00:00,380.0,254.0,126.0,599.2,-1.4,19,10.2,212,1021.3,93,0,87,43,0.0,3600.0,43.6591,-70.2568,2022,2,20,16
2022-02-20 17:00:00,246.0,166.0,80.0,571.5,-1.4,23,13.6,191,1020.6,80,0,78,10,0.0,3600.0,43.6591,-70.2568,2022,2,20,17
2022-02-20 18:00:00,90.0,53.0,37.0,412.6,-2.1,34,15.7,189,1020.2,58,0,57,5,0.0,3600.0,43.6591,-70.2568,2022,2,20,18
2022-02-20 19:00:00,2.0,0.0,2.0,0.0,-2.0,40,17.6,195,1019.8,58,0,21,47,0.0,0.0,43.6591,-70.2568,2022,2,20,19
2022-02-20 20:00:00,0.0,0.0,0.0,0.0,-2.4,32,20.3,207,1018.9,21,0,28,16,0.0,0.0,43.6591,-70.2568,2022,2,20,20
2022-02-20 21:00:00,0.0,0.0,0.0,0.0,-2.3,32,20.0,210,1018.0,22,0,6,18,0.0,0.0,43.6591,-70.2568,2022,2,20,21
2022-02-20 22:00:00,0.0,0.0,0.0,0.0,-2.1,36,20.6,209,1017.1,0,0,0,0,0.0,0.0,43.6591,-70.2568,2022,2,20,22
2022-02-20 23:00:00,0.0,0.0,0.0,0.0,-2.5,38,22.1,217,1016.8,7,0,0,7,0.0,0.0,43.6591,-70.2568,2022,2,20,23
2022-02-21 00:00:00,0.0,0.0,0.0,0.0,-2.5,43,21.2,220,1016.2,0,0,0,0,0.0,0.0,43.6591,-70.2568,2022,2,21,0
2022-02-21 01:00:00,0.0,0.0,0.0,0.0,-2.1,45,20.4,224,1016.2,100,0,100,5,0.0,0.0,43.6591,-70.2568,2022,2,21,1
2022-02-21 02:00:00,0.0,0.0,0.0,0.0,-1.0,43,18.9,228,1016.8,100,0,100,8,0.0,0.0,43.6591,-70.2568,2022,2,21,2
2022-02-21 03:00:00,0.0,0.0,0.0,0.0,-0.5,42,19.6,224,1016.8,74,0,74,0,0.0,0.0,43.6591,-70.2568,2022,2,21,3
2022-02-21 04:00:00,0.0,0.0,0.0,0.0,-0.4,42,19.1,226,1016.6,55,8,54,0,0.0,0.0,43.6591,-70.2568,2022,2,21,4
2022-02-21 05:00:00,0.0,0.0,0.0,0.0,-0.3,42,17.6,229,1016.8,99,1,98,13,0.0,0.0,43.6591,-70.2568,2022,2,21,5
2022-02-21 06:00:00,0.0,0.0,0.0,0.0,0.3,41,15.8,235,1017.3,59,30,44,21,0.0,0.0,43.6591,-70.2568,2022,2,21,6
2022-02-21 07:00:00,0.0,0.0,0.0,0.0,0.0,42,14.1,238,1018.1,81,21,18,75,0.0,0.0,43.6591,-70.2568,2022,2,21,7
2022-02-21 08:00:00,7.0,2.0,5.0,36.2,-0.2,46,15.5,245,1019.3,21,16,12,86,0.0,0.0,43.6591,-70.2568,2022,2,21,8
2022-02-21 09:00:00,119.0,76.0,43.0,472.7,1.4,43,12.4,240,1020.1,59,0,1,59,0.0,3600.0,43.6591,-70.2568,2022,2,21,9
2022-02-21 10:00:00,287.0,224.0,63.0,701.8,3.8,37,12.2,251,1020.8,44,0,0,44,0.0,3600.0,43.6591,-70.2568,2022,2,21,10
2022-02-21 11:00:00,437.0,363.0,74.0,811.6,6.6,32,11.2,255,1021.1,40,0,1,40,0.0,3600.0,43.6591,-70.2568,2022,2,21,11
2022-02-21 12:00:00,537.0,451.0,86.0,840.8,9.0,29,10.8,249,1021.0,97,0,0,97,0.0,3600.0,43.6591,-70.2568,2022,2,21,12
2022-02-21 13:00:00,597.0,513.0,84.0,883.8,10.7,29,10.6,252,1020.8,44,0,0,44,0.0,3600.0,43.6591,-70.2568,2022,2,21,13
2022-02-21 14:00:00,592.0,509.0,83.0,883.0,11.3,32,11.4,259,1020.4,51,0,0,51,0.0,3600.0,43.6591,-70.2568,2022,2,21,14
2022-02-21 15:00:00,528.0,448.0,80.0,853.9,11.4,35,9.8,253,1020.4,66,0,0,66,0.0,3600.0,43.6591,-70.2568,2022,2,21,15
2022-02-21 16:00:00,412.0,338.0,74.0,788.5,10.6,40,5.2,214,1020.9,64,0,0,64,0.0,3600.0,43.6591,-70.2568,2022,2,21,16
2022-02-21 17:00:00,258.0,195.0,63.0,661.1,7.9,67,5.8,176,1021.7,62,0,1,61,0.0,3600.0,43.6591,-70.2568,2022,2,21,17
2022-02-21 18:00:00,94.0,58.0,36.0,437.0,4.5,79,7.6,177,1022.4,40,5,11,32,0.0,3600.0,43.6591,-70.2568,2022,2,21,18
2022-02-21 19:00:00,3.0,1.0,2.0,19.1,2.4,80,6.3,204,1023.4,89,0,11,87,0.0,0.0,43.6591,-70.2568,2022,2,21,19
2022-02-21 20:00:00,0.0,0.0,0.0,0.0,0.7,83,8.4,223,1024.2,100,9,19,100,0.0,0.0,43.6591,-70.2568,2022,2,21,20
2022-02-21 21:00:00,0.0,0.0,0.0,0.0,1.8,79,7.6,205,1024.8,100,8,56,100,0.0,0.0,43.6591,-70.2568,2022,2,21,21
2022-02-21 22:00:00,0.0,0.0,0.0,0.0,2.0,81,3.5,24,1025.5,100,1,100,100,0.0,0.0,43.6591,-70.2568,2022,2,21,22
2022-02-21 23:00:00,0.0,0.0,0.0,0.0,2.6,83,4.9,36,1026.3,99,0,93,86,0.0,0.0,43.6591,-70.2568,2022,2,21,23
2022-02-22 00:00:00,0.0,0.0,0.0,0.0,2.4,83,12.8,32,1026.7,64,0,23,53,0.0,0.0,43.6591,-70.2568,2022,2,22,0
2022-02-22 01:00:00,0.0,0.0,0.0,0.0,0.7,86,14.1,32,1026.7,88,0,0,88,0.0,0.0,43.6591,-70.2568,2022,2,22,1
2022-02-22 02:00:00,0.0,0.0,0.0,0.0,0.5,84,13.3,38,1026.9,69,0,0,69,0.0,0.0,43.6591,-70.2568,2022,2,22,2
2022-02-22 03:00:00,0.0,0.0,0.0,0.0,0.4,86,14.3,41,1027.4,9,0,0,9,0.0,0.0,43.6591,-70.2568,2022,2,22,3
2022-02-22 04:00:00,0.0,0.0,0.0,0.0,0.5,89,15.3,45,1027.3,10,0,0,9,0.0,0.0,43.6591,-70.2568,2022,2,22,4
2022-02-22 05:00:00,0.0,0.0,0.0,0.0,0.6,89,17.1,46,1027.1,32,18,0,17,0.0,0.0,43.6591,-70.2568,2022,2,22,5
2022-02-22 06:00:00,0.0,0.0,0.0,0.0,0.6,88,17.1,41,1027.4,100,100,0,100,0.0,0.0,43.6591,-70.2568,2022,2,22,6
2022-02-22 07:00:00,0.0,0.0,0.0,0.0,0.5,86,15.2,31,1028.3,100,100,0,100,0.0,0.0,43.6591,-70.2568,2022,2,22,7
2022-02-22 08:00:00,4.0,0.0,4.0,0.0,0.7,83,16.1,50,1028.7,100,100,0,100,0.0,0.0,43.6591,-70.2568,2022,2,22,8
2022-02-22 09:00:00,43.0,0.0,43.0,0.0,1.2,80,16.1,48,1028.7,100,100,0,100,0.0,0.0,43.6591,-70.2568,2022,2,22,9
2022-02-22 10:00:00,113.0,0.0,113.0,0.0,1.3,77,13.4,36,1029.0,100,100,0,99,0.0,0.0,43.6591,-70.2568,2022,2,22,10
2022-02-22 11:00:00,188.0,1.0,187.0,2.2,2.5,75,12.5,46,1028.4,100,100,0,90,0.0,0.0,43.6591,-70.2568,2022,2,22,11
2022-02-22 12:00:00,252.0,34.0,218.0,62.8,3.7,75,13.0,56,1027.9,100,100,0,100,0.0,83.07,43.6591,-70.2568,2022,2,22,12
2022-02-22 13:00:00,278.0,64.0,214.0,109.3,5.0,82,16.8,75,1025.7,100,100,0,100,0.0,1478.28,43.6591,-70.2568,2022,2,22,13
2022-02-22 14:00:00,310.0,63.0,247.0,108.3,5.7,85,15.2,85,1024.5,100,100,0,100,0.0,1449.85,43.6591,-70.2568,2022,2,22,14
2022-02-22 15:00:00,295.0,47.0,248.0,88.7,6.1,86,13.3,92,1023.3,100,100,1,100,0.0,862.23,43.6591,-70.2568,2022,2,22,15
2022-02-22 16:00:00,122.0,0.0,122.0,0.0,5.5,91,11.3,83,1021.7,100,100,100,100,0.0,0.0,43.6591,-70.2568,2022,2,22,16
2022-02-22 17:00:00,43.0,0.0,43.0,0.0,5.0,94,10.1,84,1021.2,100,100,100,100,0.1,0.0,43.6591,-70.2568,2022,2,22,17
2022-02-22 18:00:00,10.0,0.0,10.0,0.0,4.7,97,11.7,101,1019.1,100,100,100,100,0.3,0.0,43.6591,-70.2568,2022,2,22,18
2022-02-22 19:00:00,1.0,0.0,1.0,0.0,5.4,100,13.0,134,1017.2,100,100,100,100,0.3,0.0,43.6591,-70.2568,2022,2,22,19
2022-02-22 20:00:00,0.0,0.0,0.0,0.0,2.0,99,10.9,84,1016.1,100,100,100,100,1.5,0.0,43.6591,-70.2568,2022,2,22,20
2022-02-22 21:00:00,0.0,0.0,0.0,0.0,4.9,100,19.6,166,1012.8,100,100,100,100,2.1,0.0,43.6591,-70.2568,2022,2,22,21
2022-02-22 22:00:00,0.0,0.0,0.0,0.0,8.7,100,33.6,185,1010.9,100,100,100,100,3.0,0.0,43.6591,-70.2568,2022,2,22,22
2022-02-22 23:00:00,0.0,0.0,0.0,0.0,9.2,100,37.9,184,1008.7,100,100,100,100,3.7,0.0,43.6591,-70.2568,2022,2,22,23
2022-02-23 00:00:00,0.0,0.0,0.0,0.0,9.1,100,37.8,191,1006.6,100,100,100,100,2.7,0.0,43.6591,-70.2568,2022,2,23,0
2022-02-23 01:00:00,0.0,0.0,0.0,0.0,9.6,100,35.1,199,1005.0,100,100,100,100,1.3,0.0,43.6591,-70.2568,2022,2,23,1
2022-02-23 02:00:00,0.0,0.0,0.0,0.0,10.3,100,28.8,208,1004.5,100,100,100,100,0.6,0.0,43.6591,-70.2568,2022,2,23,2
2022-02-23 03:00:00,0.0,0.0,0.0,0.0,11.2,97,24.8,216,1004.4,100,58,52,100,0.0,0.0,43.6591,-70.2568,2022,2,23,3
2022-02-23 04:00:00,0.0,0.0,0.0,0.0,11.5,97,26.0,222,1004.0,100,77,16,100,0.0,0.0,43.6591,-70.2568,2022,2,23,4
2022-02-23 05:00:00,0.0,0.0,0.0,0.0,11.6,97,23.9,224,1004.3,100,43,27,100,0.0,0.0,43.6591,-70.2568,2022,2,23,5
2022-02-23 06:00:00,0.0,0.0,0.0,0.0,11.5,97,22.4,224,1004.4,100,26,12,100,0.0,0.0,43.6591,-70.2568,2022,2,23,6
2022-02-23 07:00:00,0.0,0.0,0.0,0.0,11.6,97,23.2,223,1004.4,100,22,0,100,0.0,0.0,43.6591,-70.2568,2022,2,23,7
2022-02-23 08:00:00,7.0,0.0,7.0,0.0,12.4,96,23.1,217,1003.8,100,32,9,100,0.0,0.0,43.6591,-70.2568,2022,2,23,8
2022-02-23 09:00:00,80.0,11.0,69.0,64.3,12.9,94,21.9,222,1003.6,100,6,3,100,0.0,130.19,43.6591,-70.2568,2022,2,23,9
2022-02-23 10:00:00,223.0,89.0,134.0,270.0,14.7,87,22.7,226,1003.5,100,8,0,100,0.0,3600.0,43.6591,-70.2568,2022,2,23,10
2022-02-23 11:00:00,393.0,273.0,120.0,596.3,17.0,74,18.1,227,1002.8,5,4,0,0,0.0,3600.0,43.6591,-70.2568,2022,2,23,11
2022-02-23 12:00:00,527.0,434.0,93.0,793.5,18.2,62,24.9,252,1002.3,30,26,13,0,0.0,3600.0,43.6591,-70.2568,2022,2,23,12
2022-02-23 13:00:00,508.0,381.0,127.0,644.8,18.0,55,25.2,256,1001.7,15,14,1,0,0.0,3600.0,43.6591,-70.2568,2022,2,23,13
2022-02-23 14:00:00,573.0,471.0,102.0,802.8,17.3,49,29.6,257,1001.4,10,10,0,0,0.0,3600.0,43.6591,-70.2568,2022,2,23,14
2022-02-23 15:00:00,523.0,427.0,96.0,798.8,15.9,46,28.1,267,1001.4,6,6,0,0,0.0,3600.0,43.6591,-70.2568,2022,2,23,15
2022-02-23 16:00:00,423.0,350.0,73.0,798.8,13.1,46,30.3,273,1002.5,3,3,0,0,0.0,3600.0,43.6591,-70.2568,2022,2,23,16
2022-02-23 17:00:00,271.0,209.0,62.0,687.5,9.9,45,28.8,273,1004.2,2,2,0,0,0.0,3600.0,43.6591,-70.2568,2022,2,23,17
2022-02-23 18:00:00,107.0,72.0,35.0,509.6,5.6,39,33.2,274,1005.9,0,0,0,0,0.0,3600.0,43.6591,-70.2568,2022,2,23,18
2022-02-23 19:00:00,4.0,2.0,2.0,38.2,3.8,48,21.0,283,1008.1,6,6,0,0,0.0,131.09,43.6591,-70.2568,2022,2,23,19
2022-02-23 20:00:00,0.0,0.0,0.0,0.0,4.3,49,25.3,303,1009.8,2,11,0,0,0.0,0.0,43.6591,-70.2568,2022,2,23,20
2022-02-23 21:00:00,0.0,0.0,0.0,0.0,1.2,44,25.6,299,1011.2,3,3,0,0,0.0,0.0,43.6591,-70.2568,2022,2,23,21
2022-02-23 22:00:00,0.0,0.0,0.0,0.0,-1.6,49,26.6,300,1013.2,26,26,0,0,0.0,0.0,43.6591,-70.2568,2022,2,23,22
2022-02-23 23:00:00,0.0,0.0,0.0,0.0,-4.2,47,21.6,303,1015.1,50,0,0,50,0.0,0.0,43.6591,-70.2568,2022,2,23,23
2022-02-24 00:00:00,0.0,0.0,0.0,0.0,-5.9,48,12.3,339,1016.9,100,0,0,100,0.0,0.0,43.6591,-70.2568,2022,2,24,0
2022-02-24 01:00:00,0.0,0.0,0.0,0.0,-7.2,49,9.8,354,1019.3,100,2,0,100,0.0,0.0,43.6591,-70.2568,2022,2,24,1
2022-02-24 02:00:00,0.0,0.0,0.0,0.0,-7.8,49,11.1,347,1020.4,4,4,0,0,0.0,0.0,43.6591,-70.2568,2022,2,24,2
2022-02-24 03:00:00,0.0,0.0,0.0,0.0,-8.7,49,11.3,351,1021.9,7,0,7,0,0.0,0.0,43.6591,-70.2568,2022,2,24,3
2022-02-24 04:00:00,0.0,0.0,0.0,0.0,-9.2,52,10.9,351,1022.5,4,0,4,0,0.0,0.0,43.6591,-70.2568,2022,2,24,4
2022-02-24 05:00:00,0.0,0.0,0.0,0.0,-9.2,53,10.9,354,1023.7,0,0,0,0,0.0,0.0,43.6591,-70.2568,2022,2,24,5
2022-02-24 06:00:00,0.0,0.0,0.0,0.0,-9.3,52,10.8,358,1024.1,0,0,0,0,0.0,0.0,43.6591,-70.2568,2022,2,24,6
2022-02-24 07:00:00,0.0,0.0,0.0,0.0,-9.3,53,10.3,348,1025.3,22,0,22,0,0.0,0.0,43.6591,-70.2568,2022,2,24,7
2022-02-24 08:00:00,12.0,5.0,7.0,79.4,-8.5,51,14.6,351,1026.5,52,0,25,39,0.0,758.62,43.6591,-70.2568,2022,2,24,8
2022-02-24 09:00:00,133.0,82.0,51.0,465.6,-7.6,50,14.7,343,1027.9,89,0,19,86,0.0,3600.0,43.6591,-70.2568,2022,2,24,9
2022-02-24 10:00:00,301.0,210.0,91.0,627.1,-6.5,44,14.8,342,1028.4,79,0,2,79,0.0,3600.0,43.6591,-70.2568,2022,2,24,10
2022-02-24 11:00:00,450.0,334.0,116.0,721.1,-5.5,38,14.2,330,1028.6,20,0,20,0,0.0,3600.0,43.6591,-70.2568,2022,2,24,11
2022-02-24 12:00:00,583.0,496.0,87.0,898.1,-4.2,34,14.7,324,1029.0,51,0,51,0,0.0,3600.0,43.6591,-70.2568,2022,2,24,12
2022-02-24 13:00:00,638.0,548.0,90.0,919.2,-3.0,31,15.1,327,1029.0,82,0,82,0,0.0,3600.0,43.6591,-70.2568,2022,2,24,13
2022-02-24 14:00:00,620.0,512.0,108.0,865.1,-2.2,29,15.3,336,1027.7,18,0,18,0,0.0,3600.0,43.6591,-70.2568,2022,2,24,14
2022-02-24 15:00:00,570.0,489.0,81.0,906.3,-1.8,29,12.4,338,1027.8,9,0,9,0,0.0,3600.0,43.6591,-70.2568,2022,2,24,15
2022-02-24 16:00:00,451.0,376.0,75.0,849.0,-1.8,30,12.0,344,1027.4,0,0,0,0,0.0,3600.0,43.6591,-70.2568,2022,2,24,16
2022-02-24 17:00:00,290.0,230.0,60.0,745.5,-2.4,30,11.1,347,1027.7,0,0,0,0,0.0,3600.0,43.6591,-70.2568,2022,2,24,17
2022-02-24 18:00:00,113.0,77.0,36.0,529.0,-3.5,33,10.9,354,1028.3,0,0,0,0,0.0,3600.0,43.6591,-70.2568,2022,2,24,18
2022-02-24 19:00:00,5.0,2.0,3.0,38.2,-4.6,35,14.0,1,1029.2,0,0,0,0,0.0,90.0,43.6591,-70.2568,2022,2,24,19
2022-02-24 20:00:00,0.0,0.0,0.0,0.0,-4.4,39,8.5,28,1029.2,0,0,0,0,0.0,0.0,43.6591,-70.2568,2022,2,24,20
2022-02-24 21:00:00,0.0,0.0,0.0,0.0,-4.9,46,10.5,52,1029.6,1,1,0,0,0.0,0.0,43.6591,-70.2568,2022,2,24,21
2022-02-24 22:00:00,0.0,0.0,0.0,0.0,-5.2,46,9.5,37,1030.4,17,1,0,16,0.0,0.0,43.6591,-70.2568,2022,2,24,22
2022-02-24 23:00:00,0.0,0.0,0.0,0.0,-5.6,45,11.1,25,1030.3,70,0,0,70,0.0,0.0,43.6591,-70.2568,2022,2,24,23
2022-02-25 00:00:00,0.0,0.0,0.0,0.0,-5.9,46,11.6,36,1029.8,100,0,2,100,0.0,0.0,43.6591,-70.2568,2022,2,25,0
2022-02-25 01:00:00,0.0,0.0,0.0,0.0,-5.9,47,13.0,42,1029.1,100,0,100,100,0.0,0.0,43.6591,-70.2568,2022,2,25,1
2022-02-25 02:00:00,0.0,0.0,0.0,0.0,-6.1,42,12.8,38,1028.9,100,0,99,100,0.0,0.0,43.6591,-70.2568,2022,2,25,2
2022-02-25 03:00:00,0.0,0.0,0.0,0.0,-6.0,39,13.1,37,1028.4,100,0,100,100,0.0,0.0,43.6591,-70.2568,2022,2,25,3
2022-02-25 04:00:00,0.0,0.0,0.0,0.0,-6.2,37,12.8,38,1028.2,100,0,100,100,0.0,0.0,43.6591,-70.2568,2022,2,25,4
2022-02-25 05:00:00,0.0,0.0,0.0,0.0,-6.4,38,15.0,46,1026.9,100,0,100,100,0.0,0.0,43.6591,-70.2568,2022,2,25,5
2022-02-25 06:00:00,0.0,0.0,0.0,0.0,-6.7,40,14.3,43,1026.6,100,6,100,100,0.2,0.0,43.6591,-70.2568,2022,2,25,6
2022-02-25 07:00:00,0.0,0.0,0.0,0.0,-7.5,48,14.8,41,1025.8,100,6,100,100,0.8,0.0,43.6591,-70.2568,2022,2,25,7
2022-02-25 08:00:00,2.0,0.0,2.0,0.0,-9.2,69,16.4,29,1024.9,100,88,100,100,1.1,0.0,43.6591,-70.2568,2022,2,25,8
2022-02-25 09:00:00,17.0,0.0,17.0,0.0,-8.9,73,17.7,38,1023.8,100,95,100,100,1.4,0.0,43.6591,-70.2568,2022,2,25,9
2022-02-25 10:00:00,26.0,0.0,26.0,0.0,-9.2,78,16.8,43,1022.2,100,63,100,100,2.3,0.0,43.6591,-70.2568,2022,2,25,10
2022-02-25 11:00:00,49.0,0.0,49.0,0.0,-9.1,80,17.6,31,1020.4,100,94,100,99,2.5,0.0,43.6591,-70.2568,2022,2,25,11
2022-02-25 12:00:00,67.0,0.0,67.0,0.0,-9.1,80,17.4,24,1018.3,100,100,100,100,0.5,0.0,43.6591,-70.2568,2022,2,25,12
2022-02-25 13:00:00,46.0,0.0,46.0,0.0,-9.3,80,17.1,28,1015.0,100,99,100,0,1.6,0.0,43.6591,-70.2568,2022,2,25,13
2022-02-25 14:00:00,103.0,0.0,103.0,0.0,-8.7,77,19.9,17,1013.9,100,100,100,0,0.7,0.0,43.6591,-70.2568,2022,2,25,14
2022-02-25 15:00:00,53.0,0.0,53.0,0.0,-9.8,77,20.2,4,1013.3,100,97,100,0,0.7,0.0,43.6591,-70.2568,2022,2,25,15
2022-02-25 16:00:00,59.0,0.0,59.0,0.0,-9.8,77,21.5,18,1012.9,100,99,100,0,0.7,0.0,43.6591,-70.2568,2022,2,25,16
2022-02-25 17:00:00,47.0,0.0,47.0,0.0,-9.4,75,19.5,16,1012.7,100,98,100,0,0.3,0.0,43.6591,-70.2568,2022,2,25,17
2022-02-25 18:00:00,15.0,0.0,15.0,0.0,-10.5,77,18.4,3,1014.0,100,100,100,0,0.3,0.0,43.6591,-70.2568,2022,2,25,18
2022-02-25 19:00:00,2.0,0.0,2.0,0.0,-10.7,75,18.7,360,1015.7,100,100,100,0,0.2,0.0,43.6591,-70.2568,2022,2,25,19
2022-02-25 20:00:00,0.0,0.0,0.0,0.0,-11.4,76,18.2,352,1018.1,100,100,100,0,0.2,0.0,43.6591,-70.2568,2022,2,25,20
2022-02-25 21:00:00,0.0,0.0,0.0,0.0,-11.6,75,16.0,352,1019.4,100,100,100,0,0.1,0.0,43.6591,-70.2568,2022,2,25,21
2022-02-25 22:00:00,0.0,0.0,0.0,0.0,-11.4,73,13.7,360,1020.0,100,100,100,0,0.0,0.0,43.6591,-70.2568,2022,2,25,22
2022-02-25 23:00:00,0.0,0.0,0.0,0.0,-12.1,78,11.9,355,1021.2,100,100,91,0,0.0,0.0,43.6591,-70.2568,2022,2,25,23
2022-02-26 00:00:00,0.0,0.0,0.0,0.0,-12.4,80,10.8,2,1021.5,49,44,45,0,0.0,0.0,43.6591,-70.2568,2022,2,26,0
2022-02-26 01:00:00,0.0,0.0,0.0,0.0,-13.4,82,10.2,8,1022.3,98,98,0,0,0.0,0.0,43.6591,-70.2568,2022,2,26,1
2022-02-26 02:00:00,0.0,0.0,0.0,0.0,-13.7,80,8.0,350,1023.2,20,20,0,0,0.0,0.0,43.6591,-70.2568,2022,2,26,2
2022-02-26 03:00:00,0.0,0.0,0.0,0.0,-16.2,82,8.2,331,1023.6,0,0,0,0,0.0,0.0,43.6591,-70.2568,2022,2,26,3
2022-02-26 04:00:00,0.0,0.0,0.0,0.0,-17.5,86,8.0,350,1023.2,0,0,0,0,0.0,0.0,43.6591,-70.2568,2022,2,26,4
2022-02-26 05:00:00,0.0,0.0,0.0,0.0,-16.2,85,7.1,345,1023.4,2,2,0,0,0.0,0.0,43.6591,-70.2568,2022,2,26,5
2022-02-26 06:00:00,0.0,0.0,0.0,0.0,-16.7,80,9.2,339,1023.8,10,10,0,0,0.0,0.0,43.6591,-70.2568,2022,2,26,6
2022-02-26 07:00:00,0.0,0.0,0.0,0.0,-17.2,78,8.7,322,1024.4,2,2,0,0,0.0,0.0,43.6591,-70.2568,2022,2,26,7
2022-02-26 08:00:00,16.0,7.0,9.0,102.5,-17.1,80,4.6,321,1025.1,9,63,0,0,0.0,1307.53,43.6591,-70.2568,2022,2,26,8
2022-02-26 09:00:00,142.0,72.0,70.0,385.9,-14.7,78,4.4,325,1026.1,71,71,0,0,0.0,3600.0,43.6591,-70.2568,2022,2,26,9
2022-02-26 10:00:00,320.0,210.0,110.0,607.8,-11.3,79,2.3,342,1025.9,48,48,0,0,0.0,3600.0,43.6591,-70.2568,2022,2,26,10
2022-02-26 11:00:00,478.0,349.0,129.0,736.5,-8.8,69,2.5,188,1025.8,2,2,0,0,0.0,3600.0,43.6591,-70.2568,2022,2,26,11
2022-02-26 12:00:00,610.0,493.0,117.0,875.7,-6.7,62,8.9,201,1025.2,97,97,0,0,0.0,3600.0,43.6591,-70.2568,2022,2,26,12
2022-02-26 13:00:00,656.0,513.0,143.0,845.6,-5.7,63,9.4,198,1024.0,100,100,0,0,0.0,3600.0,43.6591,-70.2568,2022,2,26,13
2022-02-26 14:00:00,548.0,257.0,291.0,426.9,-4.5,60,9.2,206,1022.3,100,100,0,0,0.0,3600.0,43.6591,-70.2568,2022,2,26,14
2022-02-26 15:00:00,502.0,258.0,244.0,469.6,-3.6,52,7.4,203,1021.3,55,55,0,0,0.0,3600.0,43.6591,-70.2568,2022,2,26,15
2022-02-26 16:00:00,466.0,361.0,105.0,798.1,-3.3,45,6.9,189,1020.2,0,0,0,0,0.0,3600.0,43.6591,-70.2568,2022,2,26,16
2022-02-26 17:00:00,309.0,237.0,72.0,746.5,-3.4,45,7.8,214,1019.6,0,0,0,0,0.0,3600.0,43.6591,-70.2568,2022,2,26,17
2022-02-26 18:00:00,127.0,85.0,42.0,551.8,-4.7,56,11.0,247,1019.2,0,0,0,0,0.0,3600.0,43.6591,-70.2568,2022,2,26,18
2022-02-26 19:00:00,7.0,3.0,4.0,57.3,-6.4,65,11.6,240,1019.0,0,0,0,0,0.0,333.79,43.6591,-70.2568,2022,2,26,19
2022-02-26 20:00:00,0.0,0.0,0.0,0.0,-7.0,67,12.6,250,1018.9,0,0,0,0,0.0,0.0,43.6591,-70.2568,2022,2,26,20
2022-02-26 21:00:00,0.0,0.0,0.0,0.0,-8.2,70,12.6,246,1018.6,0,0,0,0,0.0,0.0,43.6591,-70.2568,2022,2,26,21
2022-02-26 22:00:00,0.0,0.0,0.0,0.0,-8.7,70,13.5,245,1018.0,0,0,0,0,0.0,0.0,43.6591,-70.2568,2022,2,26,22
2022-02-26 23:00:00,0.0,0.0,0.0,0.0,-8.5,68,15.9,237,1017.3,0,0,0,0,0.0,0.0,43.6591,-70.2568,2022,2,26,23
2022-02-27 00:00:00,0.0,0.0,0.0,0.0,-7.9,70,15.4,249,1016.4,0,0,0,0,0.0,0.0,43.6591,-70.2568,2022,2,27,0
2022-02-27 01:00:00,0.0,0.0,0.0,0.0,-8.0,73,14.1,255,1015.2,0,0,0,0,0.0,0.0,43.6591,-70.2568,2022,2,27,1
2022-02-27 02:00:00,0.0,0.0,0.0,0.0,-8.5,76,13.0,251,1014.5,0,0,0,0,0.0,0.0,43.6591,-70.2568,2022,2,27,2
2022-02-27 03:00:00,0.0,0.0,0.0,0.0,-9.1,79,13.0,242,1013.6,0,0,0,0,0.0,0.0,43.6591,-70.2568,2022,2,27,3
2022-02-27 04:00:00,0.0,0.0,0.0,0.0,-9.5,80,14.1,238,1012.4,0,0,0,0,0.0,0.0,43.6591,-70.2568,2022,2,27,4
2022-02-27 05:00:00,0.0,0.0,0.0,0.0,-9.8,81,14.9,233,1011.9,0,0,0,0,0.0,0.0,43.6591,-70.2568,2022,2,27,5
2022-02-27 06:00:00,0.0,0.0,0.0,0.0,-9.9,82,15.7,233,1011.1,2,2,0,0,0.0,0.0,43.6591,-70.2568,2022,2,27,6
2022-02-27 07:00:00,0.0,0.0,0.0,0.0,-9.7,81,15.5,239,1010.5,15,10,0,6,0.0,0.0,43.6591,-70.2568,2022,2,27,7
2022-02-27 08:00:00,18.0,9.0,9.0,126.9,-7.4,75,15.6,241,1009.7,0,1,1,0,0.0,1906.38,43.6591,-70.2568,2022,2,27,8
2022-02-27 09:00:00,161.0,111.0,50.0,578.6,-6.0,72,13.1,233,1009.2,0,0,0,0,0.0,3600.0,43.6591,-70.2568,2022,2,27,9
2022-02-27 10:00:00,344.0,270.0,74.0,769.5,-3.6,64,15.1,232,1008.4,12,0,12,0,0.0,3600.0,43.6591,-70.2568,2022,2,27,10
2022-02-27 11:00:00,499.0,408.0,91.0,851.3,-2.0,59,16.1,236,1006.8,71,4,65,48,0.0,3600.0,43.6591,-70.2568,2022,2,27,11
2022-02-27 12:00:00,562.0,380.0,182.0,668.7,-0.2,50,22.9,263,1005.1,98,53,89,79,0.0,3600.0,43.6591,-70.2568,2022,2,27,12
2022-02-27 13:00:00,521.0,236.0,285.0,385.7,0.5,49,25.6,267,1003.9,82,22,74,24,0.0,3600.0,43.6591,-70.2568,2022,2,27,13
2022-02-27 14:00:00,589.0,349.0,240.0,574.8,1.7,45,25.9,268,1002.2,96,67,86,22,0.0,3600.0,43.6591,-70.2568,2022,2,27,14
2022-02-27 15:00:00,534.0,336.0,198.0,606.2,1.9,47,25.7,259,1001.1,92,50,88,14,0.0,3600.0,43.6591,-70.2568,2022,2,27,15
2022-02-27 16:00:00,397.0,210.0,187.0,459.5,2.2,45,25.7,264,1000.6,43,12,16,24,0.0,3600.0,43.6591,-70.2568,2022,2,27,16
2022-02-27 17:00:00,281.0,181.0,100.0,562.2,1.7,50,22.3,269,1000.7,90,41,83,55,0.0,3600.0,43.6591,-70.2568,2022,2,27,17
2022-02-27 18:00:00,98.0,31.0,67.0,195.8,0.6,57,20.9,255,1001.0,98,38,98,41,0.0,3600.0,43.6591,-70.2568,2022,2,27,18
2022-02-27 19:00:00,6.0,1.0,5.0,18.7,-0.3,62,18.0,244,1001.1,59,1,58,2,0.0,0.0,43.6591,-70.2568,2022,2,27,19
2022-02-27 20:00:00,0.0,0.0,0.0,0.0,-0.8,65,23.8,270,1001.9,100,49,66,0,0.1,0.0,43.6591,-70.2568,2022,2,27,20
2022-02-27 21:00:00,0.0,0.0,0.0,0.0,-2.0,63,25.1,302,1003.7,37,23,18,0,0.1,0.0,43.6591,-70.2568,2022,2,27,21
2022-02-27 22:00:00,0.0,0.0,0.0,0.0,-4.3,56,24.8,310,1005.9,4,3,1,0,0.0,0.0,43.6591,-70.2568,2022,2,27,22
2022-02-27 23:00:00,0.0,0.0,0.0,0.0,-6.0,53,19.6,319,1007.6,0,0,0,0,0.0,0.0,43.6591,-70.2568,2022,2,27,23
2022-02-28 00:00:00,0.0,0.0,0.0,0.0,-7.6,58,13.0,321,1008.2,0,0,0,0,0.0,0.0,43.6591,-70.2568,2022,2,28,0
2022-02-28 01:00:00,0.0,0.0,0.0,0.0,-9.3,70,10.3,295,1008.7,13,13,0,0,0.0,0.0,43.6591,-70.2568,2022,2,28,1
2022-02-28 02:00:00,0.0,0.0,0.0,0.0,-10.4,72,12.0,277,1009.4,18,17,9,0,0.0,0.0,43.6591,-70.2568,2022,2,28,2
2022-02-28 03:00:00,0.0,0.0,0.0,0.0,-11.2,73,13.2,287,1009.9,43,43,0,0,0.0,0.0,43.6591,-70.2568,2022,2,28,3
2022-02-28 04:00:00,0.0,0.0,0.0,0.0,-11.4,75,12.6,297,1010.8,24,24,0,0,0.0,0.0,43.6591,-70.2568,2022,2,28,4
2022-02-28 05:00:00,0.0,0.0,0.0,0.0,-11.9,76,11.4,325,1012.2,24,24,0,0,0.0,0.0,43.6591,-70.2568,2022,2,28,5
2022-02-28 06:00:00,0.0,0.0,0.0,0.0,-12.2,71,15.0,333,1013.4,2,2,0,0,0.0,0.0,43.6591,-70.2568,2022,2,28,6
2022-02-28 07:00:00,0.0,0.0,0.0,0.0,-13.0,66,14.2,333,1014.6,0,0,0,0,0.0,0.0,43.6591,-70.2568,2022,2,28,7
2022-02-28 08:00:00,21.0,11.0,10.0,149.4,-12.8,64,13.5,331,1015.7,0,0,0,0,0.0,2159.25,43.6591,-70.2568,2022,2,28,8
2022-02-28 09:00:00,173.0,122.0,51.0,618.9,-12.2,58,11.0,328,1016.8,0,0,0,0,0.0,3600.0,43.6591,-70.2568,2022,2,28,9
2022-02-28 10:00:00,361.0,286.0,75.0,802.9,-11.4,52,11.0,322,1017.5,0,0,0,0,0.0,3600.0,43.6591,-70.2568,2022,2,28,10
2022-02-28 11:00:00,523.0,433.0,90.0,893.5,-10.3,47,12.4,306,1017.8,0,0,0,0,0.0,3600.0,43.6591,-70.2568,2022,2,28,11
2022-02-28 12:00:00,639.0,540.0,99.0,941.4,-9.3,42,13.9,301,1018.2,0,0,0,0,0.0,3600.0,43.6591,-70.2568,2022,2,28,12
2022-02-28 13:00:00,697.0,596.0,101.0,965.8,-8.3,40,14.9,302,1018.4,0,0,0,0,0.0,3600.0,43.6591,-70.2568,2022,2,28,13
2022-02-28 14:00:00,691.0,591.0,100.0,965.4,-7.4,38,15.0,305,1018.2,0,0,0,0,0.0,3600.0,43.6591,-70.2568,2022,2,28,14
2022-02-28 15:00:00,622.0,527.0,95.0,942.5,-6.7,36,14.7,306,1018.4,0,0,0,0,0.0,3600.0,43.6591,-70.2568,2022,2,28,15
2022-02-28 16:00:00,497.0,412.0,85.0,892.4,-6.4,36,15.6,304,1019.0,0,0,0,0,0.0,3600.0,43.6591,-70.2568,2022,2,28,16
2022-02-28 17:00:00,327.0,258.0,69.0,790.5,-6.7,36,15.1,308,1019.5,0,0,0,0,0.0,3600.0,43.6591,-70.2568,2022,2,28,17
2022-02-28 18:00:00,138.0,95.0,43.0,584.6,-7.8,44,11.6,306,1020.5,0,0,0,0,0.0,3600.0,43.6591,-70.2568,2022,2,28,18
2022-02-28 19:00:00,9.0,4.0,5.0,72.1,-9.9,60,10.5,308,1021.4,15,0,0,15,0.0,576.36,43.6591,-70.2568,2022,2,28,19
2022-02-28 20:00:00,0.0,0.0,0.0,0.0,-12.5,63,9.6,340,1021.6,65,0,0,57,0.0,0.0,43.6591,-70.2568,2022,2,28,20
2022-02-28 21:00:00,0.0,0.0,0.0,0.0,-14.2,66,9.7,315,1022.2,100,0,0,100,0.0,0.0,43.6591,-70.2568,2022,2,28,21
2022-02-28 22:00:00,0.0,0.0,0.0,0.0,-15.5,68,9.7,309,1022.5,100,0,0,100,0.0,0.0,43.6591,-70.2568,2022,2,28,22
2022-02-28 23:00:00,0.0,0.0,0.0,0.0,-16.4,70,9.7,329,1022.6,99,0,38,99,0.0,0.0,43.6591,-70.2568,2022,2,28,23
2022-03-01 00:00:00,0.0,0.0,0.0,0.0,-16.6,70,9.4,337,1022.6,98,0,2,98,0.0,0.0,43.6591,-70.2568,2022,3,1,0
2022-03-01 01:00:00,0.0,0.0,0.0,0.0,-15.4,66,8.7,336,1023.1,70,0,58,28,0.0,0.0,43.6591,-70.2568,2022,3,1,1
2022-03-01 02:00:00,0.0,0.0,0.0,0.0,-12.6,59,6.8,328,1023.5,57,0,49,17,0.0,0.0,43.6591,-70.2568,2022,3,1,2
2022-03-01 03:00:00,0.0,0.0,0.0,0.0,-13.6,60,7.4,337,1023.4,93,0,62,82,0.0,0.0,43.6591,-70.2568,2022,3,1,3
2022-03-01 04:00:00,0.0,0.0,0.0,0.0,-15.7,64,7.9,330,1023.4,77,0,70,34,0.0,0.0,43.6591,-70.2568,2022,3,1,4
2022-03-01 05:00:00,0.0,0.0,0.0,0.0,-17.6,69,8.1,347,1023.1,80,0,80,0,0.0,0.0,43.6591,-70.2568,2022,3,1,5
2022-03-01 06:00:00,0.0,0.0,0.0,0.0,-15.7,64,7.2,357,1023.1,75,0,75,0,0.0,0.0,43.6591,-70.2568,2022,3,1,6
2022-03-01 07:00:00,0.0,0.0,0.0,0.0,-15.3,63,6.8,360,1023.4,80,0,79,6,0.0,0.0,43.6591,-70.2568,2022,3,1,7
2022-03-01 08:00:00,21.0,8.0,13.0,104.9,-14.5,64,6.8,18,1023.9,63,0,11,77,0.0,1471.93,43.6591,-70.2568,2022,3,1,8
2022-03-01 09:00:00,169.0,114.0,55.0,563.2,-12.0,66,5.4,53,1023.9,41,1,41,0,0.0,3600.0,43.6591,-70.2568,2022,3,1,9
2022-03-01 10:00:00,350.0,268.0,82.0,741.2,-7.0,62,6.1,93,1023.7,35,18,21,0,0.0,3600.0,43.6591,-70.2568,2022,3,1,10
2022-03-01 11:00:00,505.0,405.0,100.0,826.6,-3.9,59,7.9,150,1022.5,60,18,52,0,0.0,3600.0,43.6591,-70.2568,2022,3,1,11
2022-03-01 12:00:00,591.0,441.0,150.0,761.8,-2.9,40,13.5,189,1021.5,58,2,57,0,0.0,3600.0,43.6591,-70.2568,2022,3,1,12
2022-03-01 13:00:00,673.0,549.0,124.0,882.2,-2.4,48,14.1,176,1020.1,99,9,99,19,0.0,3600.0,43.6591,-70.2568,2022,3,1,13
2022-03-01 14:00:00,597.0,375.0,222.0,607.6,-1.8,57,14.5,166,1018.3,100,1,100,0,0.0,3600.0,43.6591,-70.2568,2022,3,1,14
2022-03-01 15:00:00,385.0,73.0,312.0,129.4,-0.8,57,16.1,170,1016.8,97,26,97,0,0.0,2082.83,43.6591,-70.2568,2022,3,1,15
2022-03-01 16:00:00,295.0,89.0,206.0,190.9,0.2,52,20.9,176,1015.2,100,77,99,0,0.0,3600.0,43.6591,-70.2568,2022,3,1,16
2022-03-01 17:00:00,259.0,150.0,109.0,453.4,0.9,61,24.9,183,1014.2,100,100,71,99,0.0,3600.0,43.6591,-70.2568,2022,3,1,17
2022-03-01 18:00:00,48.0,0.0,48.0,0.0,1.6,59,20.9,177,1013.0,100,100,99,100,0.0,0.0,43.6591,-70.2568,2022,3,1,18
2022-03-01 19:00:00,4.0,0.0,4.0,0.0,2.0,61,23.6,188,1012.3,100,76,100,100,0.0,0.0,43.6591,-70.2568,2022,3,1,19
2022-03-01 20:00:00,0.0,0.0,0.0,0.0,0.6,82,14.8,206,1012.3,100,100,100,100,0.1,0.0,43.6591,-70.2568,2022,3,1,20
2022-03-01 21:00:00,0.0,0.0,0.0,0.0,0.7,87,14.5,210,1011.8,100,100,100,100,0.2,0.0,43.6591,-70.2568,2022,3,1,21
2022-03-01 22:00:00,0.0,0.0,0.0,0.0,0.7,94,13.2,202,1010.7,100,100,100,100,0.9,0.0,43.6591,-70.2568,2022,3,1,22
2022-03-01 23:00:00,0.0,0.0,0.0,0.0,0.8,96,12.8,202,1009.5,100,100,100,100,1.1,0.0,43.6591,-70.2568,2022,3,1,23
2022-03-02 00:00:00,0.0,0.0,0.0,0.0,0.8,96,10.8,206,1008.2,100,100,100,100,0.6,0.0,43.6591,-70.2568,2022,3,2,0
2022-03-02 01:00:00,0.0,0.0,0.0,0.0,0.7,96,10.4,214,1007.2,100,23,100,98,0.4,0.0,43.6591,-70.2568,2022,3,2,1
2022-03-02 02:00:00,0.0,0.0,0.0,0.0,0.8,96,12.0,224,1006.3,100,100,100,73,0.3,0.0,43.6591,-70.2568,2022,3,2,2
2022-03-02 03:00:00,0.0,0.0,0.0,0.0,0.7,96,11.3,248,1005.6,96,45,92,0,0.1,0.0,43.6591,-70.2568,2022,3,2,3
2022-03-02 04:00:00,0.0,0.0,0.0,0.0,0.7,95,11.2,264,1004.8,89,27,85,0,0.0,0.0,43.6591,-70.2568,2022,3,2,4
2022-03-02 05:00:00,0.0,0.0,0.0,0.0,0.5,95,14.8,276,1004.9,19,19,0,0,0.0,0.0,43.6591,-70.2568,2022,3,2,5
2022-03-02 06:00:00,0.0,0.0,0.0,0.0,-0.4,94,15.4,303,1005.6,2,2,0,0,0.0,0.0,43.6591,-70.2568,2022,3,2,6
2022-03-02 07:00:00,0.0,0.0,0.0,0.0,-2.0,95,11.5,314,1006.8,0,0,0,0,0.0,0.0,43.6591,-70.2568,2022,3,2,7
2022-03-02 08:00:00,24.0,12.0,12.0,152.0,-1.5,84,14.7,324,1008.7,0,0,0,0,0.0,2359.23,43.6591,-70.2568,2022,3,2,8
2022-03-02 09:00:00,174.0,120.0,54.0,577.7,-1.9,71,12.8,328,1009.1,0,0,0,0,0.0,3600.0,43.6591,-70.2568,2022,3,2,9
2022-03-02 10:00:00,361.0,285.0,76.0,776.7,-1.0,64,13.3,319,1009.3,0,0,0,0,0.0,3600.0,43.6591,-70.2568,2022,3,2,10
2022-03-02 11:00:00,522.0,433.0,89.0,874.1,0.1,58,11.0,319,1009.5,0,0,0,0,0.0,3600.0,43.6591,-70.2568,2022,3,2,11
2022-03-02 12:00:00,636.0,539.0,97.0,922.6,1.4,54,7.6,315,1009.4,15,0,0,15,0.0,3600.0,43.6591,-70.2568,2022,3,2,12
2022-03-02 13:00:00,691.0,590.0,101.0,940.2,2.3,49,9.2,301,1009.5,99,0,1,99,0.0,3600.0,43.6591,-70.2568,2022,3,2,13
2022-03-02 14:00:00,640.0,450.0,190.0,723.2,2.4,47,10.3,295,1008.7,99,0,51,99,0.0,3600.0,43.6591,-70.2568,2022,3,2,14
2022-03-02 15:00:00,562.0,362.0,200.0,636.4,2.6,44,9.8,287,1008.4,95,0,95,89,0.0,3600.0,43.6591,-70.2568,2022,3,2,15
2022-03-02 16:00:00,455.0,304.0,151.0,645.5,2.4,42,10.0,283,1008.1,48,0,48,0,0.0,3600.0,43.6591,-70.2568,2022,3,2,16
2022-03-02 17:00:00,320.0,242.0,78.0,722.0,1.7,43,12.0,279,1008.3,0,0,0,0,0.0,3600.0,43.6591,-70.2568,2022,3,2,17
2022-03-02 18:00:00,140.0,96.0,44.0,561.8,-0.0,55,9.8,264,1009.0,0,0,0,0,0.0,3600.0,43.6591,-70.2568,2022,3,2,18
2022-03-02 19:00:00,10.0,5.0,5.0,83.8,-2.3,65,10.6,246,1009.9,90,0,32,89,0.0,818.09,43.6591,-70.2568,2022,3,2,19
2022-03-02 20:00:00,0.0,0.0,0.0,0.0,-3.8,68,8.4,277,1010.8,100,0,99,100,0.0,0.0,43.6591,-70.2568,2022,3,2,20
2022-03-02 21:00:00,0.0,0.0,0.0,0.0,-4.5,75,5.0,300,1010.7,93,0,87,69,0.0,0.0,43.6591,-70.2568,2022,3,2,21
2022-03-02 22:00:00,0.0,0.0,0.0,0.0,-4.7,70,3.9,326,1010.1,93,0,93,41,0.0,0.0,43.6591,-70.2568,2022,3,2,22
2022-03-02 23:00:00,0.0,0.0,0.0,0.0,-6.1,74,5.1,4,1009.5,100,0,100,76,0.0,0.0,43.6591,-70.2568,2022,3,2,23
2022-03-03 00:00:00,0.0,0.0,0.0,0.0,-5.4,78,7.0,69,1009.0,100,0,100,0,0.0,0.0,43.6591,-70.2568,2022,3,3,0
2022-03-03 01:00:00,0.0,0.0,0.0,0.0,-3.6,79,5.6,105,1007.8,100,0,100,94,0.0,0.0,43.6591,-70.2568,2022,3,3,1
2022-03-03 02:00:00,0.0,0.0,0.0,0.0,-1.9,77,7.3,123,1006.9,100,17,100,24,0.1,0.0,43.6591,-70.2568,2022,3,3,2
2022-03-03 03:00:00,0.0,0.0,0.0,0.0,-2.6,80,5.2,34,1005.8,100,97,100,100,0.2,0.0,43.6591,-70.2568,2022,3,3,3
2022-03-03 04:00:00,0.0,0.0,0.0,0.0,-2.3,89,8.9,14,1005.1,100,100,100,100,0.8,0.0,43.6591,-70.2568,2022,3,3,4
2022-03-03 05:00:00,0.0,0.0,0.0,0.0,-2.3,94,9.7,27,1004.2,100,100,100,35,1.5,0.0,43.6591,-70.2568,2022,3,3,5
2022-03-03 06:00:00,0.0,0.0,0.0,0.0,-2.7,94,10.4,2,1004.0,100,100,100,0,0.8,0.0,43.6591,-70.2568,2022,3,3,6
2022-03-03 07:00:00,0.0,0.0,0.0,0.0,-3.9,91,11.8,333,1004.4,100,100,17,0,0.2,0.0,43.6591,-70.2568,2022,3,3,7
2022-03-03 08:00:00,9.0,0.0,9.0,0.0,-4.9,92,12.4,330,1006.0,18,1,6,0,0.0,0.0,43.6591,-70.2568,2022,3,3,8
2022-03-03 09:00:00,180.0,123.0,57.0,577.4,-3.9,84,9.5,331,1006.6,0,0,0,0,0.0,3600.0,43.6591,-70.2568,2022,3,3,9
2022-03-03 10:00:00,367.0,288.0,79.0,773.6,-1.9,74,9.9,316,1007.2,6,6,0,0,0.0,3600.0,43.6591,-70.2568,2022,3,3,10
2022-03-03 11:00:00,526.0,425.0,101.0,848.9,-0.7,59,16.3,315,1007.6,0,0,0,0,0.0,3600.0,43.6591,-70.2568,2022,3,3,11
2022-03-03 12:00:00,645.0,545.0,100.0,924.6,-0.3,51,19.4,312,1008.3,2,2,0,0,0.0,3600.0,43.6591,-70.2568,2022,3,3,12
2022-03-03 13:00:00,701.0,597.0,104.0,943.7,-0.4,46,20.9,306,1009.2,53,51,47,0,0.0,3600.0,43.6591,-70.2568,2022,3,3,13
2022-03-03 14:00:00,627.0,435.0,192.0,693.5,-1.1,42,21.9,306,1009.7,24,23,11,0,0.0,3600.0,43.6591,-70.2568,2022,3,3,14
2022-03-03 15:00:00,622.0,510.0,112.0,889.1,-1.9,41,20.5,308,1010.9,1,1,1,0,0.0,3600.0,43.6591,-70.2568,2022,3,3,15
2022-03-03 16:00:00,504.0,416.0,88.0,874.9,-3.1,39,19.4,310,1011.8,0,0,0,0,0.0,3600.0,43.6591,-70.2568,2022,3,3,16
2022-03-03 17:00:00,336.0,264.0,72.0,777.5,-4.0,42,18.2,309,1012.9,0,0,0,0,0.0,3600.0,43.6591,-70.2568,2022,3,3,17
2022-03-03 18:00:00,148.0,101.0,47.0,577.0,-5.4,46,15.4,303,1014.3,0,0,0,0,0.0,3600.0,43.6591,-70.2568,2022,3,3,18
2022-03-03 19:00:00,12.0,6.0,6.0,97.2,-7.6,54,13.9,301,1016.2,0,0,0,0,0.0,1100.19,43.6591,-70.2568,2022,3,3,19
2022-03-03 20:00:00,0.0,0.0,0.0,0.0,-8.3,57,15.2,301,1017.8,0,0,0,0,0.0,0.0,43.6591,-70.2568,2022,3,3,20
2022-03-03 21:00:00,0.0,0.0,0.0,0.0,-9.6,63,12.5,303,1019.3,0,0,0,0,0.0,0.0,43.6591,-70.2568,2022,3,3,21
2022-03-03 22:00:00,0.0,0.0,0.0,0.0,-10.9,70,10.4,316,1020.7,0,0,0,0,0.0,0.0,43.6591,-70.2568,2022,3,3,22
2022-03-03 23:00:00,0.0,0.0,0.0,0.0,-12.6,71,7.1,315,1021.6,0,0,0,0,0.0,0.0,43.6591,-70.2568,2022,3,3,23
2022-03-04 00:00:00,0.0,0.0,0.0,0.0,-13.5,71,6.9,298,1022.4,0,0,0,0,0.0,0.0,43.6591,-70.2568,2022,3,4,0
2022-03-04 01:00:00,0.0,0.0,0.0,0.0,-14.1,70,8.4,280,1023.4,0,0,0,0,0.0,0.0,43.6591,-70.2568,2022,3,4,1
2022-03-04 02:00:00,0.0,0.0,0.0,0.0,-15.5,73,5.8,274,1024.5,0,0,0,0,0.0,0.0,43.6591,-70.2568,2022,3,4,2
2022-03-04 03:00:00,0.0,0.0,0.0,0.0,-16.6,74,7.6,273,1024.9,0,0,0,0,0.0,0.0,43.6591,-70.2568,2022,3,4,3
2022-03-04 04:00:00,0.0,0.0,0.0,0.0,-18.5,76,7.3,261,1025.4,0,0,0,0,0.0,0.0,43.6591,-70.2568,2022,3,4,4
2022-03-04 05:00:00,0.0,0.0,0.0,0.0,-21.2,79,8.6,268,1026.1,1,0,1,0,0.0,0.0,43.6591,-70.2568,2022,3,4,5
2022-03-04 06:00:00,0.0,0.0,0.0,0.0,-21.0,78,7.6,270,1026.7,0,0,0,0,0.0,0.0,43.6591,-70.2568,2022,3,4,6
2022-03-04 07:00:00,0.0,0.0,0.0,0.0,-18.8,74,6.8,288,1027.0,0,0,0,0,0.0,0.0,43.6591,-70.2568,2022,3,4,7
2022-03-04 08:00:00,31.0,17.0,14.0,201.6,-18.2,69,4.8,297,1027.8,0,0,0,0,0.0,2559.27,43.6591,-70.2568,2022,3,4,8
2022-03-04 09:00:00,195.0,140.0,55.0,641.2,-14.0,63,5.1,274,1028.6,0,0,0,0,0.0,3600.0,43.6591,-70.2568,2022,3,4,9
2022-03-04 10:00:00,385.0,305.0,80.0,807.7,-10.8,52,4.4,279,1028.5,0,0,0,0,0.0,3600.0,43.6591,-70.2568,2022,3,4,10
2022-03-04 11:00:00,551.0,459.0,92.0,907.1,-8.5,43,5.4,270,1028.0,8,0,8,1,0.0,3600.0,43.6591,-70.2568,2022,3,4,11
2022-03-04 12:00:00,667.0,568.0,99.0,955.1,-6.4,40,6.8,252,1027.5,17,0,17,8,0.0,3600.0,43.6591,-70.2568,2022,3,4,12
2022-03-04 13:00:00,722.0,619.0,103.0,970.6,-4.8,36,10.4,250,1026.6,54,0,44,51,0.0,3600.0,43.6591,-70.2568,2022,3,4,13
2022-03-04 14:00:00,692.0,539.0,153.0,852.6,-4.1,35,13.2,259,1025.2,37,0,36,9,0.0,3600.0,43.6591,-70.2568,2022,3,4,14
2022-03-04 15:00:00,639.0,533.0,106.0,921.5,-3.4,36,13.0,251,1024.7,2,0,2,1,0.0,3600.0,43.6591,-70.2568,2022,3,4,15
2022-03-04 16:00:00,514.0,420.0,94.0,874.9,-2.8,36,14.0,244,1024.1,0,0,0,0,0.0,3600.0,43.6591,-70.2568,2022,3,4,16
2022-03-04 17:00:00,346.0,275.0,71.0,799.7,-2.7,37,13.6,248,1023.9,0,0,0,0,0.0,3600.0,43.6591,-70.2568,2022,3,4,17
2022-03-04 18:00:00,154.0,108.0,46.0,602.7,-3.5,46,11.0,251,1023.8,0,0,0,0,0.0,3600.0,43.6591,-70.2568,2022,3,4,18
2022-03-04 19:00:00,14.0,7.0,7.0,109.7,-5.6,59,13.1,261,1024.4,0,0,0,0,0.0,1381.64,43.6591,-70.2568,2022,3,4,19
2022-03-04 20:00:00,0.0,0.0,0.0,0.0,-5.6,56,14.8,267,1024.5,0,0,0,0,0.0,0.0,43.6591,-70.2568,2022,3,4,20
2022-03-04 21:00:00,0.0,0.0,0.0,0.0,-7.2,67,11.5,268,1024.9,0,0,0,0,0.0,0.0,43.6591,-70.2568,2022,3,4,21
2022-03-04 22:00:00,0.0,0.0,0.0,0.0,-8.8,75,11.7,288,1025.4,0,0,0,0,0.0,0.0,43.6591,-70.2568,2022,3,4,22
2022-03-04 23:00:00,0.0,0.0,0.0,0.0,-10.0,77,11.2,266,1025.5,0,0,0,0,0.0,0.0,43.6591,-70.2568,2022,3,4,23
2022-03-05 00:00:00,0.0,0.0,0.0,0.0,-10.3,76,12.5,258,1025.5,0,0,0,0,0.0,0.0,43.6591,-70.2568,2022,3,5,0
2022-03-05 01:00:00,0.0,0.0,0.0,0.0,-9.7,76,12.7,262,1025.3,0,0,0,0,0.0,0.0,43.6591,-70.2568,2022,3,5,1
2022-03-05 02:00:00,0.0,0.0,0.0,0.0,-9.5,77,12.3,263,1025.8,0,0,0,0,0.0,0.0,43.6591,-70.2568,2022,3,5,2
2022-03-05 03:00:00,0.0,0.0,0.0,0.0,-9.7,80,11.9,265,1025.8,0,0,0,0,0.0,0.0,43.6591,-70.2568,2022,3,5,3
2022-03-05 04:00:00,0.0,0.0,0.0,0.0,-10.1,81,11.2,266,1025.7,0,0,0,0,0.0,0.0,43.6591,-70.2568,2022,3,5,4
2022-03-05 05:00:00,0.0,0.0,0.0,0.0,-10.5,81,11.7,259,1026.0,0,0,0,0,0.0,0.0,43.6591,-70.2568,2022,3,5,5
2022-03-05 06:00:00,0.0,0.0,0.0,0.0,-10.6,82,12.3,265,1026.4,0,0,0,0,0.0,0.0,43.6591,-70.2568,2022,3,5,6
2022-03-05 07:00:00,0.0,0.0,0.0,0.0,-10.2,82,13.1,278,1026.7,1,1,0,0,0.0,0.0,43.6591,-70.2568,2022,3,5,7
2022-03-05 08:00:00,33.0,18.0,15.0,206.7,-9.4,77,13.4,278,1027.6,0,2,0,3,0.0,2660.54,43.6591,-70.2568,2022,3,5,8
2022-03-05 09:00:00,195.0,137.0,58.0,612.4,-6.2,69,11.6,277,1028.2,37,0,0,37,0.0,3600.0,43.6591,-70.2568,2022,3,5,9
2022-03-05 10:00:00,382.0,302.0,80.0,788.5,-2.5,59,8.7,277,1028.3,99,0,0,99,0.0,3600.0,43.6591,-70.2568,2022,3,5,10
2022-03-05 11:00:00,530.0,412.0,118.0,805.7,-0.6,51,12.8,280,1028.1,100,0,0,100,0.0,3600.0,43.6591,-70.2568,2022,3,5,11
2022-03-05 12:00:00,645.0,517.0,128.0,861.7,0.3,49,11.6,277,1027.8,100,0,0,100,0.0,3600.0,43.6591,-70.2568,2022,3,5,12
2022-03-05 13:00:00,675.0,481.0,194.0,748.2,1.2,45,10.2,278,1027.4,76,0,0,76,0.0,3600.0,43.6591,-70.2568,2022,3,5,13
2022-03-05 14:00:00,694.0,569.0,125.0,893.0,2.0,43,8.4,280,1026.6,90,0,1,90,0.0,3600.0,43.6591,-70.2568,2022,3,5,14
2022-03-05 15:00:00,611.0,462.0,149.0,792.2,2.3,44,6.8,270,1026.3,100,0,84,100,0.0,3600.0,43.6591,-70.2568,2022,3,5,15
2022-03-05 16:00:00,441.0,240.0,201.0,495.2,2.5,44,7.3,261,1026.2,100,0,97,100,0.0,3600.0,43.6591,-70.2568,2022,3,5,16
2022-03-05 17:00:00,268.0,112.0,156.0,321.6,2.4,45,8.6,255,1026.1,100,0,100,100,0.0,3600.0,43.6591,-70.2568,2022,3,5,17
2022-03-05 18:00:00,124.0,45.0,79.0,245.5,0.5,61,5.4,250,1025.9,100,0,80,100,0.0,3600.0,43.6591,-70.2568,2022,3,5,18
2022-03-05 19:00:00,12.0,2.0,10.0,30.4,-3.2,70,9.9,226,1026.0,100,0,74,100,0.0,0.0,43.6591,-70.2568,2022,3,5,19
2022-03-05 20:00:00,0.0,0.0,0.0,0.0,-3.1,70,8.6,213,1025.8,100,0,94,100,0.0,0.0,43.6591,-70.2568,2022,3,5,20
2022-03-05 21:00:00,0.0,0.0,0.0,0.0,-1.4,68,9.0,217,1025.8,100,0,99,100,0.0,0.0,43.6591,-70.2568,2022,3,5,21
2022-03-05 22:00:00,0.0,0.0,0.0,0.0,-1.3,70,9.7,211,1025.3,100,0,100,100,0.0,0.0,43.6591,-70.2568,2022,3,5,22
2022-03-05 23:00:00,0.0,0.0,0.0,0.0,-0.7,69,8.9,220,1025.2,100,0,100,100,0.0,0.0,43.6591,-70.2568,2022,3,5,23
2022-03-06 00:00:00,0.0,0.0,0.0,0.0,0.1,73,9.0,196,1024.6,100,0,100,100,0.0,0.0,43.6591,-70.2568,2022,3,6,0
2022-03-06 01:00:00,0.0,0.0,0.0,0.0,0.6,79,6.1,180,1023.6,100,0,100,100,0.0,0.0,43.6591,-70.2568,2022,3,6,1
2022-03-06 02:00:00,0.0,0.0,0.0,0.0,1.0,81,11.3,187,1022.7,100,1,97,100,0.0,0.0,43.6591,-70.2568,2022,3,6,2
2022-03-06 03:00:00,0.0,0.0,0.0,0.0,0.4,81,11.6,196,1021.5,100,0,100,100,0.0,0.0,43.6591,-70.2568,2022,3,6,3
2022-03-06 04:00:00,0.0,0.0,0.0,0.0,0.3,81,10.0,201,1020.5,100,100,59,100,0.0,0.0,43.6591,-70.2568,2022,3,6,4
2022-03-06 05:00:00,0.0,0.0,0.0,0.0,1.2,82,8.9,194,1019.3,100,100,77,100,0.0,0.0,43.6591,-70.2568,2022,3,6,5
2022-03-06 06:00:00,0.0,0.0,0.0,0.0,2.2,84,13.7,182,1017.7,100,100,100,100,0.0,0.0,43.6591,-70.2568,2022,3,6,6
2022-03-06 07:00:00,0.0,0.0,0.0,0.0,3.0,89,13.3,182,1016.2,100,100,93,100,0.0,0.0,43.6591,-70.2568,2022,3,6,7
2022-03-06 08:00:00,6.0,0.0,6.0,0.0,3.3,94,11.5,180,1014.5,100,100,26,100,0.0,0.0,43.6591,-70.2568,2022,3,6,8
2022-03-06 09:00:00,33.0,0.0,33.0,0.0,3.5,93,9.0,196,1012.8,100,100,39,100,0.0,0.0,43.6591,-70.2568,2022,3,6,9
2022-03-06 10:00:00,85.0,2.0,83.0,5.1,4.6,91,10.9,197,1011.0,100,100,2,100,0.0,0.0,43.6591,-70.2568,2022,3,6,10
2022-03-06 11:00:00,161.0,3.0,158.0,5.8,5.3,90,11.5,212,1009.1,100,100,54,100,0.0,0.0,43.6591,-70.2568,2022,3,6,11
2022-03-06 12:00:00,265.0,11.0,254.0,18.2,6.6,85,13.7,225,1008.2,100,99,100,100,0.0,0.0,43.6591,-70.2568,2022,3,6,12
2022-03-06 13:00:00,190.0,11.0,179.0,17.0,7.1,82,11.1,216,1006.6,100,0,94,100,0.0,0.0,43.6591,-70.2568,2022,3,6,13
2022-03-06 14:00:00,330.0,45.0,285.0,70.1,9.5,75,10.8,201,1004.7,93,24,68,78,0.0,302.36,43.6591,-70.2568,2022,3,6,14
2022-03-06 15:00:00,485.0,267.0,218.0,454.1,13.0,66,14.2,204,1003.0,25,1,1,24,0.0,3600.0,43.6591,-70.2568,2022,3,6,15
2022-03-06 16:00:00,474.0,391.0,83.0,799.3,15.6,60,24.2,228,1001.5,0,0,0,0,0.0,3600.0,43.6591,-70.2568,2022,3,6,16
2022-03-06 17:00:00,326.0,258.0,68.0,731.8,16.3,59,24.0,234,1000.6,47,0,1,47,0.0,3600.0,43.6591,-70.2568,2022,3,6,17
2022-03-06 18:00:00,146.0,99.0,47.0,528.1,15.3,61,24.7,227,1000.5,38,0,7,34,0.0,3600.0,43.6591,-70.2568,2022,3,6,18
2022-03-06 19:00:00,14.0,6.0,8.0,88.3,14.6,63,27.0,228,1000.5,22,0,0,21,0.0,978.17,43.6591,-70.2568,2022,3,6,19
2022-03-06 20:00:00,0.0,0.0,0.0,0.0,14.5,64,28.5,226,1000.1,47,0,6,7,0.0,0.0,43.6591,-70.2568,2022,3,6,20
2022-03-06 21:00:00,0.0,0.0,0.0,0.0,14.4,69,28.8,226,999.8,16,0,16,0,0.0,0.0,43.6591,-70.2568,2022,3,6,21
2022-03-06 22:00:00,0.0,0.0,0.0,0.0,14.6,70,26.0,233,1000.2,3,0,3,0,0.0,0.0,43.6591,-70.2568,2022,3,6,22
2022-03-06 23:00:00,0.0,0.0,0.0,0.0,13.8,72,26.6,247,1000.7,78,11,77,0,0.0,0.0,43.6591,-70.2568,2022,3,6,23
2022-03-07 00:00:00,0.0,0.0,0.0,0.0,13.1,75,23.6,249,1000.8,37,17,28,4,0.0,0.0,43.6591,-70.2568,2022,3,7,0
2022-03-07 01:00:00,0.0,0.0,0.0,0.0,13.0,63,28.0,262,1001.5,6,2,5,1,0.0,0.0,43.6591,-70.2568,2022,3,7,1
2022-03-07 02:00:00,0.0,0.0,0.0,0.0,12.1,52,31.0,269,1002.6,71,7,0,69,0.0,0.0,43.6591,-70.2568,2022,3,7,2
2022-03-07 03:00:00,0.0,0.0,0.0,0.0,10.0,55,29.5,270,1003.1,20,10,0,10,0.0,0.0,43.6591,-70.2568,2022,3,7,3
2022-03-07 04:00:00,0.0,0.0,0.0,0.0,8.2,59,24.1,271,1003.7,69,5,0,67,0.0,0.0,43.6591,-70.2568,2022,3,7,4
2022-03-07 05:00:00,0.0,0.0,0.0,0.0,7.0,63,19.8,270,1004.4,100,5,0,100,0.0,0.0,43.6591,-70.2568,2022,3,7,5
2022-03-07 06:00:00,0.0,0.0,0.0,0.0,6.0,67,15.0,259,1005.3,100,10,0,100,0.0,0.0,43.6591,-70.2568,2022,3,7,6
2022-03-07 07:00:00,0.0,0.0,0.0,0.0,4.5,74,8.4,245,1006.2,100,5,0,100,0.0,0.0,43.6591,-70.2568,2022,3,7,7
2022-03-07 08:00:00,18.0,0.0,18.0,0.0,4.7,76,10.2,219,1006.6,100,0,44,100,0.0,0.0,43.6591,-70.2568,2022,3,7,8
2022-03-07 09:00:00,61.0,1.0,60.0,4.3,6.3,70,11.5,226,1006.0,100,0,100,100,0.0,0.0,43.6591,-70.2568,2022,3,7,9
2022-03-07 10:00:00,119.0,1.0,118.0,2.5,7.4,66,7.7,259,1006.5,100,0,99,100,0.0,0.0,43.6591,-70.2568,2022,3,7,10
2022-03-07 11:00:00,190.0,5.0,185.0,9.6,8.2,63,6.6,221,1007.3,100,0,100,100,0.0,0.0,43.6591,-70.2568,2022,3,7,11
2022-03-07 12:00:00,151.0,1.0,150.0,1.6,7.9,64,4.1,195,1006.8,100,0,100,100,0.0,0.0,43.6591,-70.2568,2022,3,7,12
2022-03-07 13:00:00,94.0,0.0,94.0,0.0,7.2,68,3.6,217,1005.4,100,0,100,100,0.0,0.0,43.6591,-70.2568,2022,3,7,13
2022-03-07 14:00:00,108.0,0.0,108.0,0.0,6.6,79,5.9,194,1004.3,100,0,100,100,0.7,0.0,43.6591,-70.2568,2022,3,7,14
2022-03-07 15:00:00,76.0,0.0,76.0,0.0,5.7,100,3.5,156,1002.6,100,100,100,100,1.5,0.0,43.6591,-70.2568,2022,3,7,15
2022-03-07 16:00:00,46.0,0.0,46.0,0.0,4.7,100,10.7,140,999.9,100,100,100,100,1.9,0.0,43.6591,-70.2568,2022,3,7,16
2022-03-07 17:00:00,57.0,0.0,57.0,0.0,5.0,100,1.1,360,999.2,100,100,100,100,0.9,0.0,43.6591,-70.2568,2022,3,7,17
2022-03-07 18:00:00,19.0,0.0,19.0,0.0,4.4,100,6.0,33,997.7,100,66,99,100,1.1,0.0,43.6591,-70.2568,2022,3,7,18
2022-03-07 19:00:00,5.0,0.0,5.0,0.0,3.7,100,7.0,35,995.8,100,22,99,100,0.1,0.0,43.6591,-70.2568,2022,3,7,19
2022-03-07 20:00:00,0.0,0.0,0.0,0.0,3.5,97,6.9,152,994.9,100,5,100,100,0.9,0.0,43.6591,-70.2568,2022,3,7,20
2022-03-07 21:00:00,0.0,0.0,0.0,0.0,2.6,100,3.0,14,992.9,100,35,100,100,0.1,0.0,43.6591,-70.2568,2022,3,7,21
2022-03-07 22:00:00,0.0,0.0,0.0,0.0,2.8,100,4.4,99,990.3,100,21,100,98,0.1,0.0,43.6591,-70.2568,2022,3,7,22
2022-03-07 23:00:00,0.0,0.0,0.0,0.0,2.8,100,2.3,39,987.8,100,100,99,100,1.4,0.0,43.6591,-70.2568,2022,3,7,23
2022-03-08 00:00:00,0.0,0.0,0.0,0.0,5.8,100,20.4,291,989.1,99,7,92,91,5.1,0.0,43.6591,-70.2568,2022,3,8,0
2022-03-08 01:00:00,0.0,0.0,0.0,0.0,8.6,86,33.2,261,988.8,72,48,47,0,0.0,0.0,43.6591,-70.2568,2022,3,8,1
2022-03-08 02:00:00,0.0,0.0,0.0,0.0,7.4,70,31.2,284,990.9,23,23,0,0,0.0,0.0,43.6591,-70.2568,2022,3,8,2
2022-03-08 03:00:00,0.0,0.0,0.0,0.0,4.7,56,27.4,289,993.0,36,36,0,0,0.0,0.0,43.6591,-70.2568,2022,3,8,3
2022-03-08 04:00:00,0.0,0.0,0.0,0.0,3.4,57,24.0,289,994.1,44,44,0,0,0.0,0.0,43.6591,-70.2568,2022,3,8,4
2022-03-08 05:00:00,0.0,0.0,0.0,0.0,2.6,55,22.0,288,996.0,62,62,0,0,0.0,0.0,43.6591,-70.2568,2022,3,8,5
2022-03-08 06:00:00,0.0,0.0,0.0,0.0,1.8,54,20.0,288,998.0,5,5,0,0,0.0,0.0,43.6591,-70.2568,2022,3,8,6
2022-03-08 07:00:00,0.0,0.0,0.0,0.0,0.9,56,19.8,289,999.6,60,60,0,0,0.0,0.0,43.6591,-70.2568,2022,3,8,7
2022-03-08 08:00:00,39.0,19.0,20.0,199.1,1.6,53,24.4,286,1001.8,43,57,0,0,0.0,2971.7,43.6591,-70.2568,2022,3,8,8
2022-03-08 09:00:00,198.0,130.0,68.0,541.2,1.7,48,30.4,289,1003.3,54,54,0,0,0.0,3600.0,43.6591,-70.2568,2022,3,8,9
2022-03-08 10:00:00,388.0,310.0,78.0,776.0,1.4,47,31.7,291,1005.1,60,60,0,0,0.0,3600.0,43.6591,-70.2568,2022,3,8,10
2022-03-08 11:00:00,539.0,441.0,98.0,835.7,1.5,41,30.6,294,1006.7,71,63,24,0,0.0,3600.0,43.6591,-70.2568,2022,3,8,11
2022-03-08 12:00:00,646.0,532.0,114.0,863.7,2.2,35,34.3,300,1007.8,62,61,26,0,0.0,3600.0,43.6591,-70.2568,2022,3,8,12
2022-03-08 13:00:00,707.0,602.0,105.0,914.3,1.9,36,29.8,302,1008.9,21,21,0,0,0.0,3600.0,43.6591,-70.2568,2022,3,8,13
2022-03-08 14:00:00,707.0,613.0,94.0,940.1,2.4,32,28.4,306,1009.4,10,10,0,0,0.0,3600.0,43.6591,-70.2568,2022,3,8,14
2022-03-08 15:00:00,628.0,527.0,101.0,882.1,2.3,34,22.7,303,1010.1,2,2,0,0,0.0,3600.0,43.6591,-70.2568,2022,3,8,15
2022-03-08 16:00:00,518.0,440.0,78.0,883.2,2.6,34,19.6,296,1011.4,0,0,0,0,0.0,3600.0,43.6591,-70.2568,2022,3,8,16
2022-03-08 17:00:00,352.0,285.0,67.0,789.1,2.3,35,17.2,296,1012.4,0,0,0,0,0.0,3600.0,43.6591,-70.2568,2022,3,8,17
2022-03-08 18:00:00,165.0,118.0,47.0,603.0,1.4,41,12.4,300,1013.1,0,0,0,0,0.0,3600.0,43.6591,-70.2568,2022,3,8,18
2022-03-08 19:00:00,18.0,10.0,8.0,138.9,-0.6,49,9.3,298,1014.6,0,0,0,0,0.0,2053.45,43.6591,-70.2568,2022,3,8,19
2022-03-08 20:00:00,0.0,0.0,0.0,0.0,-2.5,62,6.1,320,1015.2,0,0,0,0,0.0,0.0,43.6591,-70.2568,2022,3,8,20
2022-03-08 21:00:00,0.0,0.0,0.0,0.0,-2.2,60,8.0,297,1016.2,0,0,0,0,0.0,0.0,43.6591,-70.2568,2022,3,8,21
2022-03-08 22:00:00,0.0,0.0,0.0,0.0,-2.7,61,9.2,301,1017.5,52,0,0,52,0.0,0.0,43.6591,-70.2568,2022,3,8,22
2022-03-08 23:00:00,0.0,0.0,0.0,0.0,-3.4,63,9.8,324,1017.8,95,0,0,95,0.0,0.0,43.6591,-70.2568,2022,3,8,23
2022-03-09 00:00:00,0.0,0.0,0.0,0.0,-4.0,68,7.3,327,1018.4,99,0,0,99,0.0,0.0,43.6591,-70.2568,2022,3,9,0
2022-03-09 01:00:00,0.0,0.0,0.0,0.0,-4.2,71,6.4,322,1019.1,100,0,0,100,0.0,0.0,43.6591,-70.2568,2022,3,9,1
2022-03-09 02:00:00,0.0,0.0,0.0,0.0,-4.3,73,5.2,326,1019.4,100,0,0,100,0.0,0.0,43.6591,-70.2568,2022,3,9,2
2022-03-09 03:00:00,0.0,0.0,0.0,0.0,-4.4,72,6.2,339,1019.2,100,0,0,100,0.0,0.0,43.6591,-70.2568,2022,3,9,3
2022-03-09 04:00:00,0.0,0.0,0.0,0.0,-4.4,73,2.4,297,1019.5,100,0,0,100,0.0,0.0,43.6591,-70.2568,2022,3,9,4
2022-03-09 05:00:00,0.0,0.0,0.0,0.0,-4.4,75,4.7,4,1018.6,100,0,0,100,0.0,0.0,43.6591,-70.2568,2022,3,9,5
2022-03-09 06:00:00,0.0,0.0,0.0,0.0,-4.2,79,1.6,27,1018.7,100,0,0,100,0.0,0.0,43.6591,-70.2568,2022,3,9,6
2022-03-09 07:00:00,0.0,0.0,0.0,0.0,-3.7,81,2.5,90,1018.9,100,0,0,100,0.0,0.0,43.6591,-70.2568,2022,3,9,7
2022-03-09 08:00:00,34.0,5.0,29.0,50.9,-2.9,72,3.7,79,1019.0,100,0,1,100,0.0,70.64,43.6591,-70.2568,2022,3,9,8
2022-03-09 09:00:00,122.0,11.0,111.0,44.8,-0.9,65,6.4,117,1019.7,100,0,93,100,0.0,0.0,43.6591,-70.2568,2022,3,9,9
2022-03-09 10:00:00,207.0,16.0,191.0,39.5,0.3,62,9.0,119,1019.0,100,0,100,100,0.0,0.0,43.6591,-70.2568,2022,3,9,10
2022-03-09 11:00:00,294.0,37.0,257.0,69.4,1.1,61,13.3,139,1018.5,100,69,100,100,0.0,281.89,43.6591,-70.2568,2022,3,9,11
2022-03-09 12:00:00,363.0,63.0,300.0,101.4,1.7,64,14.4,143,1017.6,100,100,100,100,0.0,1241.81,43.6591,-70.2568,2022,3,9,12
2022-03-09 13:00:00,163.0,0.0,163.0,0.0,1.7,70,13.5,138,1016.4,100,100,80,100,0.0,0.0,43.6591,-70.2568,2022,3,9,13
2022-03-09 14:00:00,193.0,6.0,187.0,9.1,3.0,68,12.2,135,1015.0,100,92,100,100,0.0,0.0,43.6591,-70.2568,2022,3,9,14
2022-03-09 15:00:00,148.0,2.0,146.0,3.3,3.6,60,10.2,148,1013.5,100,22,100,100,0.0,0.0,43.6591,-70.2568,2022,3,9,15
2022-03-09 16:00:00,180.0,5.0,175.0,9.9,3.2,57,13.4,194,1013.5,100,0,100,100,0.1,0.0,43.6591,-70.2568,2022,3,9,16
2022-03-09 17:00:00,84.0,0.0,84.0,0.0,1.8,73,8.8,189,1012.7,100,0,100,100,0.3,0.0,43.6591,-70.2568,2022,3,9,17
2022-03-09 18:00:00,43.0,0.0,43.0,0.0,1.0,83,5.4,217,1012.2,100,0,100,25,0.5,0.0,43.6591,-70.2568,2022,3,9,18
2022-03-09 19:00:00,6.0,0.0,6.0,0.0,0.2,90,6.3,204,1011.7,100,0,100,5,0.5,0.0,43.6591,-70.2568,2022,3,9,19
2022-03-09 20:00:00,0.0,0.0,0.0,0.0,-0.3,93,5.9,317,1012.1,100,19,100,0,0.5,0.0,43.6591,-70.2568,2022,3,9,20
2022-03-09 21:00:00,0.0,0.0,0.0,0.0,-0.3,94,4.6,321,1012.6,100,0,100,5,0.2,0.0,43.6591,-70.2568,2022,3,9,21
2022-03-09 22:00:00,0.0,0.0,0.0,0.0,-0.4,96,6.4,344,1012.3,100,0,100,0,0.2,0.0,43.6591,-70.2568,2022,3,9,22
2022-03-09 23:00:00,0.0,0.0,0.0,0.0,-0.5,97,5.5,328,1012.2,100,0,100,0,0.1,0.0,43.6591,-70.2568,2022,3,9,23
2022-03-10 00:00:00,0.0,0.0,0.0,0.0,-0.5,96,5.2,286,1012.3,100,0,100,59,0.0,0.0,43.6591,-70.2568,2022,3,10,0
2022-03-10 01:00:00,0.0,0.0,0.0,0.0,-1.1,96,4.4,279,1011.5,69,0,8,66,0.0,0.0,43.6591,-70.2568,2022,3,10,1
2022-03-10 02:00:00,0.0,0.0,0.0,0.0,-1.7,95,7.6,265,1012.0,8,7,5,0,0.0,0.0,43.6591,-70.2568,2022,3,10,2
2022-03-10 03:00:00,0.0,0.0,0.0,0.0,-2.2,93,9.0,254,1012.1,13,11,5,0,0.0,0.0,43.6591,-70.2568,2022,3,10,3
2022-03-10 04:00:00,0.0,0.0,0.0,0.0,-2.4,92,10.1,243,1012.4,9,9,0,0,0.0,0.0,43.6591,-70.2568,2022,3,10,4
2022-03-10 05:00:00,0.0,0.0,0.0,0.0,-2.3,91,8.6,272,1012.8,0,0,0,0,0.0,0.0,43.6591,-70.2568,2022,3,10,5
2022-03-10 06:00:00,0.0,0.0,0.0,0.0,-2.4,90,5.1,309,1013.3,0,0,0,0,0.0,0.0,43.6591,-70.2568,2022,3,10,6
2022-03-10 07:00:00,0.0,0.0,0.0,0.0,-3.2,92,4.7,293,1014.4,0,0,0,0,0.0,0.0,43.6591,-70.2568,2022,3,10,7
2022-03-10 08:00:00,48.0,29.0,19.0,286.8,-1.3,91,5.8,240,1015.6,0,0,0,0,0.0,3184.03,43.6591,-70.2568,2022,3,10,8
2022-03-10 09:00:00,215.0,157.0,58.0,624.5,1.2,78,4.9,234,1016.3,0,0,0,0,0.0,3600.0,43.6591,-70.2568,2022,3,10,9
2022-03-10 10:00:00,396.0,321.0,75.0,781.6,4.3,64,5.1,225,1016.6,8,0,0,8,0.0,3600.0,43.6591,-70.2568,2022,3,10,10
2022-03-10 11:00:00,550.0,465.0,85.0,863.2,6.4,52,7.2,207,1016.5,2,0,0,2,0.0,3600.0,43.6591,-70.2568,2022,3,10,11
2022-03-10 12:00:00,659.0,570.0,89.0,909.5,7.8,43,7.4,194,1016.3,0,0,0,0,0.0,3600.0,43.6591,-70.2568,2022,3,10,12
2022-03-10 13:00:00,709.0,617.0,92.0,922.6,8.6,39,6.6,202,1015.5,45,3,0,43,0.0,3600.0,43.6591,-70.2568,2022,3,10,13
2022-03-10 14:00:00,689.0,582.0,107.0,879.2,8.9,39,8.9,223,1014.9,9,1,0,8,0.0,3600.0,43.6591,-70.2568,2022,3,10,14
2022-03-10 15:00:00,632.0,545.0,87.0,898.0,8.9,39,9.9,226,1014.4,88,0,0,88,0.0,3600.0,43.6591,-70.2568,2022,3,10,15
2022-03-10 16:00:00,510.0,428.0,82.0,843.9,9.0,38,9.4,230,1013.8,67,0,0,67,0.0,3600.0,43.6591,-70.2568,2022,3,10,16
2022-03-10 17:00:00,345.0,272.0,73.0,735.7,7.8,54,8.2,195,1014.1,36,0,0,36,0.0,3600.0,43.6591,-70.2568,2022,3,10,17
2022-03-10 18:00:00,164.0,115.0,49.0,564.1,5.4,76,9.3,193,1014.4,33,0,0,33,0.0,3600.0,43.6591,-70.2568,2022,3,10,18
2022-03-10 19:00:00,20.0,9.0,11.0,118.3,3.0,82,13.0,194,1014.9,100,0,0,100,0.0,1778.9,43.6591,-70.2568,2022,3,10,19
2022-03-10 20:00:00,0.0,0.0,0.0,0.0,3.3,73,13.2,209,1015.0,100,0,0,99,0.0,0.0,43.6591,-70.2568,2022,3,10,20
2022-03-10 21:00:00,0.0,0.0,0.0,0.0,2.6,72,10.0,232,1015.0,100,0,0,100,0.0,0.0,43.6591,-70.2568,2022,3,10,21
2022-03-10 22:00:00,0.0,0.0,0.0,0.0,1.7,69,9.2,249,1015.1,100,0,4,100,0.0,0.0,43.6591,-70.2568,2022,3,10,22
2022-03-10 23:00:00,0.0,0.0,0.0,0.0,0.9,67,8.9,256,1015.0,100,0,7,100,0.0,0.0,43.6591,-70.2568,2022,3,10,23
2022-03-11 00:00:00,0.0,0.0,0.0,0.0,0.6,66,8.3,268,1014.9,100,0,72,100,0.0,0.0,43.6591,-70.2568,2022,3,11,0
2022-03-11 01:00:00,0.0,0.0,0.0,0.0,0.5,67,9.5,279,1014.7,100,0,100,100,0.0,0.0,43.6591,-70.2568,2022,3,11,1
2022-03-11 02:00:00,0.0,0.0,0.0,0.0,0.3,70,7.8,283,1015.1,100,0,100,98,0.0,0.0,43.6591,-70.2568,2022,3,11,2
2022-03-11 03:00:00,0.0,0.0,0.0,0.0,-0.4,74,10.6,332,1015.5,0,0,0,0,0.0,0.0,43.6591,-70.2568,2022,3,11,3
2022-03-11 04:00:00,0.0,0.0,0.0,0.0,-1.1,76,11.7,351,1015.7,5,0,5,0,0.0,0.0,43.6591,-70.2568,2022,3,11,4
2022-03-11 05:00:00,0.0,0.0,0.0,0.0,-1.4,76,10.9,17,1016.2,0,0,0,0,0.0,0.0,43.6591,-70.2568,2022,3,11,5
2022-03-11 06:00:00,0.0,0.0,0.0,0.0,-1.8,80,9.5,37,1016.4,0,0,0,0,0.0,0.0,43.6591,-70.2568,2022,3,11,6
2022-03-11 07:00:00,0.0,0.0,0.0,0.0,-1.8,82,7.9,43,1016.4,0,0,0,0,0.0,0.0,43.6591,-70.2568,2022,3,11,7
2022-03-11 08:00:00,51.0,30.0,21.0,288.4,-0.8,76,7.4,23,1016.6,9,0,0,4,0.0,3291.3,43.6591,-70.2568,2022,3,11,8
2022-03-11 09:00:00,219.0,163.0,56.0,634.1,1.6,64,4.4,35,1016.7,94,0,0,94,0.0,3600.0,43.6591,-70.2568,2022,3,11,9
2022-03-11 10:00:00,387.0,293.0,94.0,703.8,3.8,53,4.3,66,1017.1,100,0,1,100,0.0,3600.0,43.6591,-70.2568,2022,3,11,10
2022-03-11 11:00:00,498.0,332.0,166.0,610.1,5.0,46,7.2,93,1017.0,100,0,93,100,0.0,3600.0,43.6591,-70.2568,2022,3,11,11
2022-03-11 12:00:00,550.0,294.0,256.0,465.2,5.5,44,8.0,98,1016.9,99,0,9,99,0.0,3600.0,43.6591,-70.2568,2022,3,11,12
2022-03-11 13:00:00,640.0,425.0,215.0,630.6,6.0,44,9.4,108,1016.0,100,0,95,100,0.0,3600.0,43.6591,-70.2568,2022,3,11,13
2022-03-11 14:00:00,483.0,156.0,327.0,233.9,5.3,52,10.5,117,1014.6,100,0,38,100,0.0,3600.0,43.6591,-70.2568,2022,3,11,14
2022-03-11 15:00:00,507.0,254.0,253.0,415.3,5.3,61,9.8,126,1013.8,100,0,73,100,0.0,3600.0,43.6591,-70.2568,2022,3,11,15
2022-03-11 16:00:00,333.0,121.0,212.0,236.5,5.1,68,8.2,142,1013.5,100,8,99,100,0.0,3600.0,43.6591,-70.2568,2022,3,11,16
2022-03-11 17:00:00,229.0,90.0,139.0,240.7,4.9,72,9.3,144,1012.9,100,0,85,100,0.0,3600.0,43.6591,-70.2568,2022,3,11,17
2022-03-11 18:00:00,116.0,33.0,83.0,158.7,3.7,82,9.4,140,1012.1,100,3,49,100,0.0,2961.2,43.6591,-70.2568,2022,3,11,18
2022-03-11 19:00:00,15.0,1.0,14.0,12.8,2.8,89,10.6,152,1011.3,99,7,74,95,0.0,0.0,43.6591,-70.2568,2022,3,11,19
2022-03-11 20:00:00,0.0,0.0,0.0,0.0,3.3,84,12.0,173,1010.8,99,0,63,93,0.0,0.0,43.6591,-70.2568,2022,3,11,20
2022-03-11 21:00:00,0.0,0.0,0.0,0.0,3.5,87,13.8,174,1010.3,100,0,100,100,0.0,0.0,43.6591,-70.2568,2022,3,11,21
2022-03-11 22:00:00,0.0,0.0,0.0,0.0,3.9,87,15.9,185,1010.2,100,0,99,100,0.0,0.0,43.6591,-70.2568,2022,3,11,22
2022-03-11 23:00:00,0.0,0.0,0.0,0.0,4.0,84,16.0,189,1009.4,100,0,100,100,0.0,0.0,43.6591,-70.2568,2022,3,11,23
2022-03-12 00:00:00,0.0,0.0,0.0,0.0,3.6,86,14.1,195,1008.8,100,0,100,100,0.0,0.0,43.6591,-70.2568,2022,3,12,0
2022-03-12 01:00:00,0.0,0.0,0.0,0.0,3.1,91,15.3,188,1007.4,17,0,15,9,0.0,0.0,43.6591,-70.2568,2022,3,12,1
2022-03-12 02:00:00,0.0,0.0,0.0,0.0,2.4,97,12.9,193,1006.1,100,22,8,100,0.0,0.0,43.6591,-70.2568,2022,3,12,2
2022-03-12 03:00:00,0.0,0.0,0.0,0.0,2.3,98,10.9,188,1004.8,100,100,11,91,0.0,0.0,43.6591,-70.2568,2022,3,12,3
2022-03-12 04:00:00,0.0,0.0,0.0,0.0,3.1,96,9.7,178,1002.6,100,100,14,100,0.0,0.0,43.6591,-70.2568,2022,3,12,4
2022-03-12 05:00:00,0.0,0.0,0.0,0.0,3.5,97,8.3,175,1001.1,100,100,54,99,0.0,0.0,43.6591,-70.2568,2022,3,12,5
2022-03-12 06:00:00,0.0,0.0,0.0,0.0,3.9,98,4.2,160,999.8,100,100,68,100,0.4,0.0,43.6591,-70.2568,2022,3,12,6
2022-03-12 07:00:00,0.0,0.0,0.0,0.0,3.1,100,5.3,118,998.1,100,100,100,26,0.5,0.0,43.6591,-70.2568,2022,3,12,7
2022-03-12 08:00:00,3.0,0.0,3.0,0.0,5.0,98,8.1,122,996.8,100,100,100,100,0.4,0.0,43.6591,-70.2568,2022,3,12,8
2022-03-12 09:00:00,26.0,0.0,26.0,0.0,4.9,100,4.3,114,994.7,100,100,100,100,1.6,0.0,43.6591,-70.2568,2022,3,12,9
2022-03-12 10:00:00,37.0,0.0,37.0,0.0,5.2,100,5.8,60,992.4,100,100,71,100,1.9,0.0,43.6591,-70.2568,2022,3,12,10
2022-03-12 11:00:00,72.0,0.0,72.0,0.0,5.7,100,6.1,3,989.7,100,100,84,100,0.9,0.0,43.6591,-70.2568,2022,3,12,11
2022-03-12 12:00:00,82.0,0.0,82.0,0.0,5.5,100,10.9,351,986.3,100,100,100,100,0.3,0.0,43.6591,-70.2568,2022,3,12,12
2022-03-12 13:00:00,99.0,0.0,99.0,0.0,5.0,100,15.1,335,984.2,100,100,100,100,0.4,0.0,43.6591,-70.2568,2022,3,12,13
2022-03-12 14:00:00,77.0,0.0,77.0,0.0,4.2,100,17.2,331,981.6,100,100,100,100,2.0,0.0,43.6591,-70.2568,2022,3,12,14
2022-03-12 15:00:00,48.0,0.0,48.0,0.0,1.7,100,29.2,325,980.9,100,100,100,100,2.0,0.0,43.6591,-70.2568,2022,3,12,15
2022-03-12 16:00:00,44.0,0.0,44.0,0.0,1.0,92,28.9,327,979.8,100,35,100,100,1.3,0.0,43.6591,-70.2568,2022,3,12,16
2022-03-12 17:00:00,27.0,0.0,27.0,0.0,0.4,85,25.4,328,978.7,100,15,100,100,1.0,0.0,43.6591,-70.2568,2022,3,12,17
2022-03-12 18:00:00,21.0,0.0,21.0,0.0,0.1,72,25.0,316,980.2,100,100,100,86,0.2,0.0,43.6591,-70.2568,2022,3,12,18
2022-03-12 19:00:00,3.0,0.0,3.0,0.0,-0.7,69,22.9,315,981.1,100,44,100,36,0.5,0.0,43.6591,-70.2568,2022,3,12,19
2022-03-12 20:00:00,0.0,0.0,0.0,0.0,-1.0,73,20.6,303,982.1,100,3,100,0,0.7,0.0,43.6591,-70.2568,2022,3,12,20
2022-03-12 21:00:00,0.0,0.0,0.0,0.0,-1.6,70,22.3,301,982.3,100,0,100,0,0.6,0.0,43.6591,-70.2568,2022,3,12,21
2022-03-12 22:00:00,0.0,0.0,0.0,0.0,-2.3,68,21.2,288,983.4,100,3,100,0,0.4,0.0,43.6591,-70.2568,2022,3,12,22
2022-03-12 23:00:00,0.0,0.0,0.0,0.0,-3.7,62,23.0,280,984.3,100,25,100,0,0.3,0.0,43.6591,-70.2568,2022,3,12,23
2022-03-13 00:00:00,0.0,0.0,0.0,0.0,-4.6,60,23.8,274,985.3,100,15,100,0,0.2,0.0,43.6591,-70.2568,2022,3,13,0
2022-03-13 01:00:00,0.0,0.0,0.0,0.0,-4.9,61,21.3,272,986.2,100,27,100,0,0.1,0.0,43.6591,-70.2568,2022,3,13,1
2022-03-13 02:00:00,0.0,0.0,0.0,0.0,-4.8,58,19.8,268,987.7,100,50,100,0,0.1,0.0,43.6591,-70.2568,2022,3,13,2
2022-03-13 03:00:00,0.0,0.0,0.0,0.0,-4.6,54,24.3,278,989.2,99,56,98,0,0.0,0.0,43.6591,-70.2568,2022,3,13,3
2022-03-13 04:00:00,0.0,0.0,0.0,0.0,-4.6,52,26.0,280,991.2,67,53,30,0,0.0,0.0,43.6591,-70.2568,2022,3,13,4
2022-03-13 05:00:00,0.0,0.0,0.0,0.0,-4.9,54,24.1,280,993.6,70,70,16,0,0.0,0.0,43.6591,-70.2568,2022,3,13,5
2022-03-13 06:00:00,0.0,0.0,0.0,0.0,-4.9,54,27.3,282,996.5,76,53,50,0,0.0,0.0,43.6591,-70.2568,2022,3,13,6
2022-03-13 07:00:00,0.0,0.0,0.0,0.0,-5.3,53,26.7,286,999.7,68,59,25,0,0.0,0.0,43.6591,-70.2568,2022,3,13,7
2022-03-13 08:00:00,59.0,32.0,27.0,291.4,-4.7,52,25.5,283,1003.6,91,45,0,0,0.0,3507.45,43.6591,-70.2568,2022,3,13,8
2022-03-13 09:00:00,243.0,181.0,62.0,674.3,-4.5,46,28.6,291,1005.9,22,22,0,0,0.0,3600.0,43.6591,-70.2568,2022,3,13,9
2022-03-13 10:00:00,435.0,357.0,78.0,835.0,-3.9,41,26.0,287,1007.7,0,0,0,0,0.0,3600.0,43.6591,-70.2568,2022,3,13,10
2022-03-13 11:00:00,594.0,508.0,86.0,915.0,-3.0,37,23.3,283,1009.0,0,0,0,0,0.0,3600.0,43.6591,-70.2568,2022,3,13,11
2022-03-13 12:00:00,704.0,612.0,92.0,952.2,-1.8,35,22.5,276,1009.9,0,0,0,0,0.0,3600.0,43.6591,-70.2568,2022,3,13,12
2022-03-13 13:00:00,755.0,661.0,94.0,966.1,-0.6,30,27.9,285,1011.0,88,88,0,0,0.0,3600.0,43.6591,-70.2568,2022,3,13,13
2022-03-13 14:00:00,737.0,626.0,111.0,925.1,0.0,27,26.5,282,1011.3,15,12,4,0,0.0,3600.0,43.6591,-70.2568,2022,3,13,14
2022-03-13 15:00:00,670.0,575.0,95.0,926.1,-0.1,31,22.7,269,1011.8,15,15,0,0,0.0,3600.0,43.6591,-70.2568,2022,3,13,15
2022-03-13 16:00:00,544.0,459.0,85.0,881.9,0.2,30,22.1,263,1012.0,7,7,1,0,0.0,3600.0,43.6591,-70.2568,2022,3,13,16
2022-03-13 17:00:00,375.0,303.0,72.0,792.4,0.1,29,20.7,257,1012.4,0,0,0,0,0.0,3600.0,43.6591,-70.2568,2022,3,13,17
2022-03-13 18:00:00,185.0,134.0,51.0,620.3,-0.5,34,15.7,259,1013.0,2,0,2,0,0.0,3600.0,43.6591,-70.2568,2022,3,13,18
2022-03-13 19:00:00,27.0,15.0,12.0,182.6,-2.0,41,13.5,254,1014.4,0,0,0,0,0.0,2428.14,43.6591,-70.2568,2022,3,13,19
2022-03-13 20:00:00,0.0,0.0,0.0,0.0,-2.5,46,13.4,250,1015.5,23,0,9,0,0.0,0.0,43.6591,-70.2568,2022,3,13,20
2022-03-13 21:00:00,0.0,0.0,0.0,0.0,-3.2,49,10.5,264,1016.2,21,0,21,0,0.0,0.0,43.6591,-70.2568,2022,3,13,21
2022-03-13 22:00:00,0.0,0.0,0.0,0.0,-3.8,54,9.3,254,1017.0,8,0,8,0,0.0,0.0,43.6591,-70.2568,2022,3,13,22
2022-03-13 23:00:00,0.0,0.0,0.0,0.0,-4.3,57,9.9,226,1017.6,6,0,6,0,0.0,0.0,43.6591,-70.2568,2022,3,13,23
2022-03-14 00:00:00,0.0,0.0,0.0,0.0,-4.5,58,9.3,234,1018.0,17,0,17,0,0.0,0.0,43.6591,-70.2568,2022,3,14,0
2022-03-14 01:00:00,0.0,0.0,0.0,0.0,-4.5,56,12.3,232,1018.5,0,0,0,0,0.0,0.0,43.6591,-70.2568,2022,3,14,1
2022-03-14 02:00:00,0.0,0.0,0.0,0.0,-4.0,51,14.2,240,1019.2,0,0,0,0,0.0,0.0,43.6591,-70.2568,2022,3,14,2
2022-03-14 03:00:00,0.0,0.0,0.0,0.0,-4.0,53,12.4,244,1019.2,0,0,0,0,0.0,0.0,43.6591,-70.2568,2022,3,14,3
2022-03-14 04:00:00,0.0,0.0,0.0,0.0,-4.4,55,12.2,246,1019.2,0,0,0,0,0.0,0.0,43.6591,-70.2568,2022,3,14,4
2022-03-14 05:00:00,0.0,0.0,0.0,0.0,-4.6,58,12.4,244,1019.7,0,0,0,0,0.0,0.0,43.6591,-70.2568,2022,3,14,5
2022-03-14 06:00:00,0.0,0.0,0.0,0.0,-4.7,60,12.9,247,1020.5,0,0,0,0,0.0,0.0,43.6591,-70.2568,2022,3,14,6
2022-03-14 07:00:00,0.0,0.0,0.0,0.0,-4.8,63,12.6,239,1020.8,1,1,0,0,0.0,0.0,43.6591,-70.2568,2022,3,14,7
2022-03-14 08:00:00,63.0,38.0,25.0,337.1,-3.3,61,11.1,234,1021.5,0,2,0,0,0.0,3600.0,43.6591,-70.2568,2022,3,14,8
2022-03-14 09:00:00,236.0,170.0,66.0,620.1,-0.9,59,11.4,246,1022.0,0,0,0,0,0.0,3600.0,43.6591,-70.2568,2022,3,14,9
2022-03-14 10:00:00,422.0,342.0,80.0,789.5,1.9,54,11.4,257,1022.2,0,0,0,0,0.0,3600.0,43.6591,-70.2568,2022,3,14,10
2022-03-14 11:00:00,578.0,490.0,88.0,873.9,4.2,49,13.1,261,1022.6,0,0,0,0,0.0,3600.0,43.6591,-70.2568,2022,3,14,11
2022-03-14 12:00:00,685.0,591.0,94.0,912.0,5.5,42,18.8,265,1022.5,59,56,14,0,0.0,3600.0,43.6591,-70.2568,2022,3,14,12
2022-03-14 13:00:00,673.0,488.0,185.0,708.0,6.9,34,21.3,267,1021.9,97,97,5,0,0.0,3600.0,43.6591,-70.2568,2022,3,14,13
2022-03-14 14:00:00,541.0,215.0,326.0,315.4,7.4,34,19.2,265,1021.0,57,47,0,19,0.0,3600.0,43.6591,-70.2568,2022,3,14,14
2022-03-14 15:00:00,636.0,513.0,123.0,820.1,8.0,37,16.6,265,1020.9,76,0,0,76,0.0,3600.0,43.6591,-70.2568,2022,3,14,15
2022-03-14 16:00:00,530.0,433.0,97.0,825.0,8.4,37,14.2,254,1020.2,100,0,8,100,0.0,3600.0,43.6591,-70.2568,2022,3,14,16
2022-03-14 17:00:00,351.0,252.0,99.0,651.9,8.1,39,13.7,247,1020.0,100,0,0,100,0.0,3600.0,43.6591,-70.2568,2022,3,14,17
2022-03-14 18:00:00,173.0,110.0,63.0,499.9,6.7,47,9.7,243,1020.2,88,0,1,88,0.0,3600.0,43.6591,-70.2568,2022,3,14,18
2022-03-14 19:00:00,27.0,14.0,13.0,166.4,3.6,59,7.9,240,1020.5,69,0,0,69,0.0,2502.4,43.6591,-70.2568,2022,3,14,19
2022-03-14 20:00:00,0.0,0.0,0.0,0.0,1.0,73,6.1,208,1021.2,100,0,18,99,0.0,0.0,43.6591,-70.2568,2022,3,14,20
2022-03-14 21:00:00,0.0,0.0,0.0,0.0,1.8,72,9.7,219,1021.1,100,0,29,100,0.0,0.0,43.6591,-70.2568,2022,3,14,21
2022-03-14 22:00:00,0.0,0.0,0.0,0.0,1.8,66,13.2,227,1021.1,89,0,69,65,0.0,0.0,43.6591,-70.2568,2022,3,14,22
2022-03-14 23:00:00,0.0,0.0,0.0,0.0,2.1,64,13.0,231,1020.1,82,2,63,58,0.0,0.0,43.6591,-70.2568,2022,3,14,23
2022-03-15 00:00:00,0.0,0.0,0.0,0.0,2.0,64,12.4,240,1019.8,97,0,95,70,0.0,0.0,43.6591,-70.2568,2022,3,15,0
2022-03-15 01:00:00,0.0,0.0,0.0,0.0,2.3,65,12.3,230,1019.3,99,0,92,96,0.0,0.0,43.6591,-70.2568,2022,3,15,1
2022-03-15 02:00:00,0.0,0.0,0.0,0.0,2.2,68,12.2,225,1018.8,100,4,100,87,0.0,0.0,43.6591,-70.2568,2022,3,15,2
2022-03-15 03:00:00,0.0,0.0,0.0,0.0,2.7,69,11.6,234,1018.1,100,2,100,97,0.0,0.0,43.6591,-70.2568,2022,3,15,3
2022-03-15 04:00:00,0.0,0.0,0.0,0.0,2.7,71,10.4,256,1017.7,100,22,99,100,0.0,0.0,43.6591,-70.2568,2022,3,15,4
2022-03-15 05:00:00,0.0,0.0,0.0,0.0,2.4,75,9.8,262,1017.9,100,43,100,99,0.0,0.0,43.6591,-70.2568,2022,3,15,5
2022-03-15 06:00:00,0.0,0.0,0.0,0.0,2.4,76,9.3,286,1018.4,100,14,94,100,0.0,0.0,43.6591,-70.2568,2022,3,15,6
2022-03-15 07:00:00,0.0,0.0,0.0,0.0,1.6,80,8.4,313,1019.0,100,4,96,100,0.0,0.0,43.6591,-70.2568,2022,3,15,7
2022-03-15 08:00:00,26.0,0.0,26.0,0.0,2.5,75,9.5,307,1019.5,100,5,100,100,0.0,0.0,43.6591,-70.2568,2022,3,15,8
2022-03-15 09:00:00,111.0,5.0,106.0,17.9,4.2,70,7.9,336,1020.0,99,0,89,97,0.0,0.0,43.6591,-70.2568,2022,3,15,9
2022-03-15 10:00:00,320.0,135.0,185.0,307.7,6.9,60,7.2,6,1020.6,100,0,99,28,0.0,3600.0,43.6591,-70.2568,2022,3,15,10
2022-03-15 11:00:00,305.0,77.0,228.0,136.0,7.5,61,5.0,360,1020.6,100,0,98,97,0.0,2280.03,43.6591,-70.2568,2022,3,15,11
2022-03-15 12:00:00,267.0,30.0,237.0,45.9,7.8,60,2.3,342,1020.4,100,0,100,87,0.0,0.0,43.6591,-70.2568,2022,3,15,12
2022-03-15 13:00:00,321.0,40.0,281.0,57.6,8.3,58,2.3,252,1020.3,100,28,100,80,0.0,0.0,43.6591,-70.2568,2022,3,15,13
2022-03-15 14:00:00,454.0,164.0,290.0,238.9,9.4,53,3.2,270,1019.4,100,92,100,53,0.0,3600.0,43.6591,-70.2568,2022,3,15,14
2022-03-15 15:00:00,271.0,31.0,240.0,49.2,9.0,60,4.3,138,1018.8,100,100,99,10,0.0,0.0,43.6591,-70.2568,2022,3,15,15
2022-03-15 16:00:00,249.0,42.0,207.0,79.4,8.1,68,10.4,160,1018.7,100,100,100,86,0.0,580.82,43.6591,-70.2568,2022,3,15,16
2022-03-15 17:00:00,140.0,16.0,124.0,40.9,6.7,71,9.8,174,1018.5,100,17,100,100,0.0,0.0,43.6591,-70.2568,2022,3,15,17
2022-03-15 18:00:00,114.0,22.0,92.0,98.2,6.1,75,5.1,188,1018.0,100,1,100,100,0.1,1145.79,43.6591,-70.2568,2022,3,15,18
2022-03-15 19:00:00,18.0,3.0,15.0,34.8,4.2,83,4.6,225,1018.0,100,31,100,100,0.0,0.0,43.6591,-70.2568,2022,3,15,19
2022-03-15 20:00:00,0.0,0.0,0.0,0.0,3.7,86,3.0,104,1018.3,100,100,100,100,0.0,0.0,43.6591,-70.2568,2022,3,15,20
2022-03-15 21:00:00,0.0,0.0,0.0,0.0,3.3,100,4.4,145,1018.8,100,100,100,100,0.4,0.0,43.6591,-70.2568,2022,3,15,21
2022-03-15 22:00:00,0.0,0.0,0.0,0.0,3.1,100,6.5,177,1019.1,100,79,100,100,0.7,0.0,43.6591,-70.2568,2022,3,15,22
2022-03-15 23:00:00,0.0,0.0,0.0,0.0,3.0,100,6.5,161,1018.7,100,98,100,100,0.8,0.0,43.6591,-70.2568,2022,3,15,23
2022-03-16 00:00:00,0.0,0.0,0.0,0.0,2.8,100,7.7,139,1018.2,100,100,100,100,0.8,0.0,43.6591,-70.2568,2022,3,16,0
2022-03-16 01:00:00,0.0,0.0,0.0,0.0,2.3,99,1.5,45,1018.0,100,100,100,100,0.9,0.0,43.6591,-70.2568,2022,3,16,1
2022-03-16 02:00:00,0.0,0.0,0.0,0.0,1.7,100,3.7,11,1017.6,100,100,100,15,0.7,0.0,43.6591,-70.2568,2022,3,16,2
2022-03-16 03:00:00,0.0,0.0,0.0,0.0,1.5,100,5.0,21,1017.4,100,100,100,0,0.1,0.0,43.6591,-70.2568,2022,3,16,3
2022-03-16 04:00:00,0.0,0.0,0.0,0.0,1.4,100,5.7,35,1017.0,100,100,90,0,0.0,0.0,43.6591,-70.2568,2022,3,16,4
2022-03-16 05:00:00,0.0,0.0,0.0,0.0,1.4,99,5.5,23,1017.3,100,100,13,10,0.0,0.0,43.6591,-70.2568,2022,3,16,5
2022-03-16 06:00:00,0.0,0.0,0.0,0.0,1.3,99,5.2,12,1017.5,100,100,0,1,0.0,0.0,43.6591,-70.2568,2022,3,16,6
2022-03-16 07:00:00,0.0,0.0,0.0,0.0,1.3,99,4.3,360,1017.9,100,100,0,0,0.0,0.0,43.6591,-70.2568,2022,3,16,7
2022-03-16 08:00:00,45.0,6.0,39.0,50.6,1.6,99,4.0,355,1019.3,100,100,0,0,0.0,0.0,43.6591,-70.2568,2022,3,16,8
2022-03-16 09:00:00,60.0,0.0,60.0,0.0,2.2,96,2.4,27,1019.8,100,100,0,0,0.0,0.0,43.6591,-70.2568,2022,3,16,9
2022-03-16 10:00:00,187.0,19.0,168.0,42.8,3.3,93,2.9,180,1020.1,100,100,0,22,0.0,0.0,43.6591,-70.2568,2022,3,16,10
2022-03-16 11:00:00,336.0,73.0,263.0,127.7,4.8,85,6.0,213,1020.5,100,100,0,0,0.0,2031.17,43.6591,-70.2568,2022,3,16,11
2022-03-16 12:00:00,373.0,82.0,291.0,124.5,6.4,74,6.2,216,1020.3,100,100,0,7,0.0,1935.25,43.6591,-70.2568,2022,3,16,12
2022-03-16 13:00:00,369.0,87.0,282.0,124.4,7.4,66,6.2,170,1019.5,46,46,0,0,0.0,1931.94,43.6591,-70.2568,2022,3,16,13
2022-03-16 14:00:00,644.0,439.0,205.0,635.1,8.2,66,11.5,160,1019.0,15,15,0,0,0.0,3600.0,43.6591,-70.2568,2022,3,16,14
2022-03-16 15:00:00,642.0,535.0,107.0,843.0,7.6,74,15.3,161,1018.6,22,1,5,17,0.0,3600.0,43.6591,-70.2568,2022,3,16,15
2022-03-16 16:00:00,526.0,437.0,89.0,819.0,6.5,77,15.2,176,1018.5,49,0,3,47,0.0,3600.0,43.6591,-70.2568,2022,3,16,16
2022-03-16 17:00:00,362.0,284.0,78.0,719.2,6.5,76,13.0,175,1018.0,35,0,9,29,0.0,3600.0,43.6591,-70.2568,2022,3,16,17
2022-03-16 18:00:00,173.0,111.0,62.0,486.8,5.3,82,11.5,178,1018.2,27,0,24,15,0.0,3600.0,43.6591,-70.2568,2022,3,16,18
2022-03-16 19:00:00,29.0,14.0,15.0,158.9,3.5,92,12.7,188,1018.6,89,0,69,87,0.0,2650.29,43.6591,-70.2568,2022,3,16,19
2022-03-16 20:00:00,0.0,0.0,0.0,0.0,3.4,94,12.7,195,1019.6,67,0,47,63,0.0,0.0,43.6591,-70.2568,2022,3,16,20
2022-03-16 21:00:00,0.0,0.0,0.0,0.0,3.2,94,11.7,198,1020.0,56,0,27,51,0.0,0.0,43.6591,-70.2568,2022,3,16,21
2022-03-16 22:00:00,0.0,0.0,0.0,0.0,3.0,95,12.1,203,1020.0,75,0,34,73,0.0,0.0,43.6591,-70.2568,2022,3,16,22
2022-03-16 23:00:00,0.0,0.0,0.0,0.0,3.0,95,11.6,206,1019.8,95,0,66,92,0.0,0.0,43.6591,-70.2568,2022,3,16,23
2022-03-17 00:00:00,0.0,0.0,0.0,0.0,3.2,95,12.4,206,1019.4,99,0,91,99,0.0,0.0,43.6591,-70.2568,2022,3,17,0
2022-03-17 01:00:00,0.0,0.0,0.0,0.0,3.6,95,12.2,204,1018.7,99,0,98,98,0.0,0.0,43.6591,-70.2568,2022,3,17,1
2022-03-17 02:00:00,0.0,0.0,0.0,0.0,3.2,97,11.6,210,1018.4,95,0,79,92,0.0,0.0,43.6591,-70.2568,2022,3,17,2
2022-03-17 03:00:00,0.0,0.0,0.0,0.0,2.7,97,10.8,206,1017.8,96,0,88,72,0.0,0.0,43.6591,-70.2568,2022,3,17,3
2022-03-17 04:00:00,0.0,0.0,0.0,0.0,2.3,96,11.4,198,1017.2,76,1,0,76,0.0,0.0,43.6591,-70.2568,2022,3,17,4
2022-03-17 05:00:00,0.0,0.0,0.0,0.0,2.0,97,11.9,205,1017.3,40,2,13,31,0.0,0.0,43.6591,-70.2568,2022,3,17,5
2022-03-17 06:00:00,0.0,0.0,0.0,0.0,1.9,97,11.4,208,1017.1,41,1,0,40,0.0,0.0,43.6591,-70.2568,2022,3,17,6
2022-03-17 07:00:00,0.0,0.0,0.0,0.0,1.8,96,10.2,212,1017.0,98,3,3,98,0.0,0.0,43.6591,-70.2568,2022,3,17,7
2022-03-17 08:00:00,71.0,40.0,31.0,329.4,3.3,97,11.4,208,1017.3,53,36,0,6,0.0,3600.0,43.6591,-70.2568,2022,3,17,8
2022-03-17 09:00:00,235.0,161.0,74.0,552.8,5.5,89,14.0,206,1017.2,72,72,0,0,0.0,3600.0,43.6591,-70.2568,2022,3,17,9
2022-03-17 10:00:00,379.0,242.0,137.0,537.8,7.8,80,12.2,194,1016.9,27,1,0,27,0.0,3600.0,43.6591,-70.2568,2022,3,17,10
2022-03-17 11:00:00,560.0,458.0,102.0,793.7,9.7,75,13.3,183,1016.6,100,1,0,100,0.0,3600.0,43.6591,-70.2568,2022,3,17,11
2022-03-17 12:00:00,657.0,532.0,125.0,801.4,11.1,72,15.1,179,1015.9,87,1,0,87,0.0,3600.0,43.6591,-70.2568,2022,3,17,12
2022-03-17 13:00:00,715.0,608.0,107.0,863.2,11.9,71,16.3,175,1014.9,96,0,0,96,0.0,3600.0,43.6591,-70.2568,2022,3,17,13
2022-03-17 14:00:00,713.0,622.0,91.0,893.8,11.9,72,16.8,170,1013.8,99,0,0,99,0.0,3600.0,43.6591,-70.2568,2022,3,17,14
2022-03-17 15:00:00,627.0,520.0,107.0,813.6,11.3,75,16.3,172,1012.9,100,2,100,95,0.0,3600.0,43.6591,-70.2568,2022,3,17,15
2022-03-17 16:00:00,224.0,25.0,199.0,46.5,9.4,82,14.0,179,1012.4,100,28,100,100,0.0,0.0,43.6591,-70.2568,2022,3,17,16
2022-03-17 17:00:00,152.0,18.0,134.0,45.1,8.3,90,10.5,184,1011.7,100,20,100,16,0.3,0.0,43.6591,-70.2568,2022,3,17,17
2022-03-17 18:00:00,36.0,0.0,36.0,0.0,7.7,96,10.9,188,1011.3,100,3,100,99,0.3,0.0,43.6591,-70.2568,2022,3,17,18
2022-03-17 19:00:00,8.0,0.0,8.0,0.0,7.3,98,9.5,191,1011.0,100,7,100,100,0.2,0.0,43.6591,-70.2568,2022,3,17,19
2022-03-17 20:00:00,0.0,0.0,0.0,0.0,6.6,99,7.3,171,1011.2,100,56,100,100,0.2,0.0,43.6591,-70.2568,2022,3,17,20
2022-03-17 21:00:00,0.0,0.0,0.0,0.0,6.9,100,5.5,169,1010.8,100,37,100,100,0.1,0.0,43.6591,-70.2568,2022,3,17,21
2022-03-17 22:00:00,0.0,0.0,0.0,0.0,6.7,100,3.3,174,1010.5,100,46,100,100,0.0,0.0,43.6591,-70.2568,2022,3,17,22
2022-03-17 23:00:00,0.0,0.0,0.0,0.0,6.3,100,5.2,196,1009.8,100,23,100,100,0.0,0.0,43.6591,-70.2568,2022,3,17,23
2022-03-18 00:00:00,0.0,0.0,0.0,0.0,5.5,100,6.4,227,1009.2,98,16,0,98,0.0,0.0,43.6591,-70.2568,2022,3,18,0
2022-03-18 01:00:00,0.0,0.0,0.0,0.0,4.1,100,5.1,262,1008.4,1,0,1,0,0.0,0.0,43.6591,-70.2568,2022,3,18,1
2022-03-18 02:00:00,0.0,0.0,0.0,0.0,2.7,100,7.6,289,1007.9,100,100,0,20,0.0,0.0,43.6591,-70.2568,2022,3,18,2
2022-03-18 03:00:00,0.0,0.0,0.0,0.0,2.6,100,5.5,302,1007.3,100,100,0,0,0.0,0.0,43.6591,-70.2568,2022,3,18,3
2022-03-18 04:00:00,0.0,0.0,0.0,0.0,3.0,100,3.8,319,1007.2,100,100,0,53,0.0,0.0,43.6591,-70.2568,2022,3,18,4
2022-03-18 05:00:00,0.0,0.0,0.0,0.0,4.2,100,5.9,322,1007.7,100,100,0,0,0.0,0.0,43.6591,-70.2568,2022,3,18,5
2022-03-18 06:00:00,0.0,0.0,0.0,0.0,4.6,100,6.1,315,1008.2,100,100,0,0,0.0,0.0,43.6591,-70.2568,2022,3,18,6
2022-03-18 07:00:00,0.0,0.0,0.0,0.0,4.7,100,5.1,321,1008.6,100,100,0,0,0.0,0.0,43.6591,-70.2568,2022,3,18,7
2022-03-18 08:00:00,34.0,0.0,34.0,0.0,6.3,100,6.0,343,1009.3,100,100,0,0,0.0,0.0,43.6591,-70.2568,2022,3,18,8
2022-03-18 09:00:00,163.0,46.0,117.0,154.9,6.8,97,4.8,333,1010.0,100,100,17,17,0.0,2848.07,43.6591,-70.2568,2022,3,18,9
2022-03-18 10:00:00,250.0,51.0,199.0,112.0,8.4,93,2.5,8,1010.3,100,100,23,0,0.0,1558.74,43.6591,-70.2568,2022,3,18,10
2022-03-18 11:00:00,463.0,235.0,228.0,403.5,11.2,85,2.3,141,1010.0,12,12,0,0,0.0,3600.0,43.6591,-70.2568,2022,3,18,11
2022-03-18 12:00:00,632.0,486.0,146.0,726.5,14.1,74,2.9,180,1011.0,4,4,0,0,0.0,3600.0,43.6591,-70.2568,2022,3,18,12
2022-03-18 13:00:00,700.0,580.0,120.0,817.7,15.6,71,6.1,152,1010.4,40,28,24,0,0.0,3600.0,43.6591,-70.2568,2022,3,18,13
2022-03-18 14:00:00,585.0,424.0,161.0,605.2,15.0,76,9.0,151,1009.9,51,41,26,0,0.0,3600.0,43.6591,-70.2568,2022,3,18,14
2022-03-18 15:00:00,506.0,335.0,171.0,520.5,14.2,78,10.8,154,1009.7,49,36,21,0,0.0,3600.0,43.6591,-70.2568,2022,3,18,15
2022-03-18 16:00:00,437.0,294.0,143.0,542.3,12.0,79,11.3,149,1009.9,68,64,10,0,0.0,3600.0,43.6591,-70.2568,2022,3,18,16
2022-03-18 17:00:00,321.0,194.0,127.0,481.3,10.6,81,9.6,146,1010.6,56,53,9,0,0.0,3600.0,43.6591,-70.2568,2022,3,18,17
2022-03-18 18:00:00,158.0,85.0,73.0,360.3,9.4,85,8.4,137,1011.2,55,52,7,0,0.0,3600.0,43.6591,-70.2568,2022,3,18,18
2022-03-18 19:00:00,24.0,8.0,16.0,86.9,7.2,96,4.3,95,1012.2,71,65,6,13,0.0,1147.96,43.6591,-70.2568,2022,3,18,19
2022-03-18 20:00:00,0.0,0.0,0.0,0.0,6.9,91,5.4,90,1013.0,100,80,100,22,0.0,0.0,43.6591,-70.2568,2022,3,18,20
2022-03-18 21:00:00,0.0,0.0,0.0,0.0,7.0,92,6.7,54,1013.8,100,65,100,63,0.0,0.0,43.6591,-70.2568,2022,3,18,21
2022-03-18 22:00:00,0.0,0.0,0.0,0.0,6.4,95,8.2,23,1014.0,100,85,7,100,0.0,0.0,43.6591,-70.2568,2022,3,18,22
2022-03-18 23:00:00,0.0,0.0,0.0,0.0,6.0,96,8.9,58,1014.2,100,69,8,100,0.0,0.0,43.6591,-70.2568,2022,3,18,23
2022-03-19 00:00:00,0.0,0.0,0.0,0.0,6.0,95,11.2,48,1014.2,100,78,10,100,0.0,0.0,43.6591,-70.2568,2022,3,19,0
2022-03-19 01:00:00,0.0,0.0,0.0,0.0,6.3,92,12.8,52,1014.5,100,54,26,100,0.0,0.0,43.6591,-70.2568,2022,3,19,1
2022-03-19 02:00:00,0.0,0.0,0.0,0.0,5.6,97,13.2,73,1014.5,100,69,29,100,0.0,0.0,43.6591,-70.2568,2022,3,19,2
2022-03-19 03:00:00,0.0,0.0,0.0,0.0,5.3,98,15.5,65,1014.7,100,100,59,100,0.0,0.0,43.6591,-70.2568,2022,3,19,3
2022-03-19 04:00:00,0.0,0.0,0.0,0.0,5.1,99,15.1,65,1014.8,100,100,100,100,0.0,0.0,43.6591,-70.2568,2022,3,19,4
2022-03-19 05:00:00,0.0,0.0,0.0,0.0,5.1,98,15.5,62,1014.5,100,100,100,100,0.1,0.0,43.6591,-70.2568,2022,3,19,5
2022-03-19 06:00:00,0.0,0.0,0.0,0.0,5.0,99,14.2,60,1014.8,100,100,100,100,0.2,0.0,43.6591,-70.2568,2022,3,19,6
2022-03-19 07:00:00,0.0,0.0,0.0,0.0,5.0,99,16.8,67,1014.5,100,100,100,100,0.2,0.0,43.6591,-70.2568,2022,3,19,7
2022-03-19 08:00:00,11.0,0.0,11.0,0.0,5.6,93,16.5,67,1014.8,100,100,19,17,0.1,0.0,43.6591,-70.2568,2022,3,19,8
2022-03-19 09:00:00,76.0,8.0,68.0,26.4,5.9,95,17.1,65,1014.7,100,100,78,12,0.1,0.0,43.6591,-70.2568,2022,3,19,9
2022-03-19 10:00:00,92.0,1.0,91.0,2.2,5.9,96,17.0,69,1014.4,100,100,100,5,0.1,0.0,43.6591,-70.2568,2022,3,19,10
2022-03-19 11:00:00,64.0,2.0,62.0,3.4,5.8,98,17.3,95,1013.9,100,100,100,40,0.0,0.0,43.6591,-70.2568,2022,3,19,11
2022-03-19 12:00:00,114.0,5.0,109.0,7.4,6.1,99,13.9,115,1013.5,100,100,100,93,0.0,0.0,43.6591,-70.2568,2022,3,19,12
2022-03-19 13:00:00,110.0,2.0,108.0,2.8,6.4,97,12.6,103,1012.4,100,100,100,45,0.2,0.0,43.6591,-70.2568,2022,3,19,13
2022-03-19 14:00:00,89.0,0.0,89.0,0.0,6.4,100,12.1,80,1010.7,100,100,100,100,1.5,0.0,43.6591,-70.2568,2022,3,19,14
2022-03-19 15:00:00,60.0,0.0,60.0,0.0,6.3,100,14.8,96,1009.3,100,100,94,100,1.5,0.0,43.6591,-70.2568,2022,3,19,15
2022-03-19 16:00:00,75.0,0.0,75.0,0.0,6.5,100,13.8,70,1007.8,100,100,100,100,1.7,0.0,43.6591,-70.2568,2022,3,19,16
2022-03-19 17:00:00,25.0,0.0,25.0,0.0,6.6,100,11.3,73,1006.1,100,100,67,100,1.2,0.0,43.6591,-70.2568,2022,3,19,17
2022-03-19 18:00:00,26.0,0.0,26.0,0.0,7.2,100,7.0,78,1005.4,100,100,68,100,4.3,0.0,43.6591,-70.2568,2022,3,19,18
2022-03-19 19:00:00,4.0,0.0,4.0,0.0,6.8,100,4.6,45,1004.7,100,100,16,99,2.0,0.0,43.6591,-70.2568,2022,3,19,19
2022-03-19 20:00:00,0.0,0.0,0.0,0.0,5.2,100,12.9,36,1004.8,100,100,6,100,0.1,0.0,43.6591,-70.2568,2022,3,19,20
2022-03-19 21:00:00,0.0,0.0,0.0,0.0,5.3,100,11.3,22,1004.7,100,100,100,36,0.1,0.0,43.6591,-70.2568,2022,3,19,21
2022-03-19 22:00:00,0.0,0.0,0.0,0.0,5.4,100,11.4,11,1003.4,100,100,100,56,0.1,0.0,43.6591,-70.2568,2022,3,19,22
2022-03-19 23:00:00,0.0,0.0,0.0,0.0,5.5,99,10.1,4,1002.5,100,100,35,98,0.0,0.0,43.6591,-70.2568,2022,3,19,23
2022-03-20 00:00:00,0.0,0.0,0.0,0.0,5.4,99,10.2,318,1002.2,100,100,52,100,0.0,0.0,43.6591,-70.2568,2022,3,20,0
2022-03-20 01:00:00,0.0,0.0,0.0,0.0,4.9,100,10.2,328,1001.9,100,99,87,77,0.5,0.0,43.6591,-70.2568,2022,3,20,1
2022-03-20 02:00:00,0.0,0.0,0.0,0.0,4.4,100,7.9,330,1000.3,100,100,42,46,1.9,0.0,43.6591,-70.2568,2022,3,20,2
2022-03-20 03:00:00,0.0,0.0,0.0,0.0,3.9,100,10.5,301,1000.5,100,100,100,100,0.1,0.0,43.6591,-70.2568,2022,3,20,3
2022-03-20 04:00:00,0.0,0.0,0.0,0.0,3.9,99,9.5,299,1000.7,100,100,0,0,0.0,0.0,43.6591,-70.2568,2022,3,20,4
2022-03-20 05:00:00,0.0,0.0,0.0,0.0,3.1,100,7.2,297,1000.4,94,94,0,0,0.0,0.0,43.6591,-70.2568,2022,3,20,5
2022-03-20 06:00:00,0.0,0.0,0.0,0.0,2.1,100,5.1,274,1000.4,3,3,0,0,0.0,0.0,43.6591,-70.2568,2022,3,20,6
2022-03-20 07:00:00,1.0,0.0,1.0,0.0,0.9,100,6.9,223,1000.8,0,0,0,0,0.0,0.0,43.6591,-70.2568,2022,3,20,7
2022-03-20 08:00:00,86.0,53.0,33.0,407.5,2.5,97,3.8,221,1001.5,1,52,0,0,0.0,3600.0,43.6591,-70.2568,2022,3,20,8
2022-03-20 09:00:00,240.0,152.0,88.0,493.3,4.6,94,5.4,172,1001.8,100,100,0,0,0.0,3600.0,43.6591,-70.2568,2022,3,20,9
2022-03-20 10:00:00,371.0,216.0,155.0,463.0,7.2,90,8.1,167,1002.4,96,96,0,0,0.0,3600.0,43.6591,-70.2568,2022,3,20,10
2022-03-20 11:00:00,523.0,339.0,184.0,571.6,9.7,80,9.5,151,1002.0,34,23,19,0,0.0,3600.0,43.6591,-70.2568,2022,3,20,11
2022-03-20 12:00:00,634.0,478.0,156.0,703.7,11.8,75,7.7,152,1001.3,100,100,42,0,0.0,3600.0,43.6591,-70.2568,2022,3,20,12
2022-03-20 13:00:00,389.0,128.0,261.0,178.0,11.6,79,5.2,146,1000.6,100,100,15,0,0.0,3540.28,43.6591,-70.2568,2022,3,20,13
2022-03-20 14:00:00,343.0,65.0,278.0,91.6,12.0,81,4.3,132,999.8,100,100,18,100,0.0,946.82,43.6591,-70.2568,2022,3,20,14
2022-03-20 15:00:00,339.0,75.0,264.0,115.0,12.4,82,3.2,117,999.2,100,100,48,100,0.0,1648.79,43.6591,-70.2568,2022,3,20,15
2022-03-20 16:00:00,239.0,18.0,221.0,32.7,11.9,86,2.6,124,998.8,100,45,100,100,0.0,0.0,43.6591,-70.2568,2022,3,20,16
2022-03-20 17:00:00,162.0,3.0,159.0,7.3,11.5,90,2.4,153,998.8,100,35,100,61,0.0,0.0,43.6591,-70.2568,2022,3,20,17
2022-03-20 18:00:00,54.0,2.0,52.0,8.2,10.6,94,3.8,229,998.7,100,90,100,0,0.0,0.0,43.6591,-70.2568,2022,3,20,18
2022-03-20 19:00:00,7.0,0.0,7.0,0.0,10.7,80,11.3,301,999.4,100,100,100,0,0.2,0.0,43.6591,-70.2568,2022,3,20,19
2022-03-20 20:00:00,0.0,0.0,0.0,0.0,8.5,92,11.0,308,1000.6,100,100,100,0,0.8,0.0,43.6591,-70.2568,2022,3,20,20
2022-03-20 21:00:00,0.0,0.0,0.0,0.0,7.7,94,11.6,330,1001.0,100,100,100,0,0.2,0.0,43.6591,-70.2568,2022,3,20,21
2022-03-20 22:00:00,0.0,0.0,0.0,0.0,6.8,95,10.5,329,1001.5,100,84,100,99,0.1,0.0,43.6591,-70.2568,2022,3,20,22
2022-03-20 23:00:00,0.0,0.0,0.0,0.0,5.8,100,7.5,343,1001.9,100,11,100,100,0.7,0.0,43.6591,-70.2568,2022,3,20,23
2022-03-21 00:00:00,0.0,0.0,0.0,0.0,5.1,100,9.9,341,1002.6,100,23,100,100,0.3,0.0,43.6591,-70.2568,2022,3,21,0
2022-03-21 01:00:00,0.0,0.0,0.0,0.0,4.7,91,16.6,330,1003.3,100,33,100,97,0.1,0.0,43.6591,-70.2568,2022,3,21,1
2022-03-21 02:00:00,0.0,0.0,0.0,0.0,3.9,88,19.2,322,1003.8,100,42,100,100,0.1,0.0,43.6591,-70.2568,2022,3,21,2
2022-03-21 03:00:00,0.0,0.0,0.0,0.0,3.6,86,17.2,323,1004.2,95,20,91,57,0.1,0.0,43.6591,-70.2568,2022,3,21,3
2022-03-21 04:00:00,0.0,0.0,0.0,0.0,3.3,80,17.6,317,1004.6,88,20,0,85,0.0,0.0,43.6591,-70.2568,2022,3,21,4
2022-03-21 05:00:00,0.0,0.0,0.0,0.0,3.3,72,17.6,317,1005.6,53,24,0,39,0.0,0.0,43.6591,-70.2568,2022,3,21,5
2022-03-21 06:00:00,0.0,0.0,0.0,0.0,2.9,70,16.0,314,1006.5,11,11,0,0,0.0,0.0,43.6591,-70.2568,2022,3,21,6
2022-03-21 07:00:00,2.0,1.0,1.0,19.1,1.9,76,11.8,297,1007.1,0,0,0,0,0.0,0.0,43.6591,-70.2568,2022,3,21,7
2022-03-21 08:00:00,97.0,62.0,35.0,461.4,4.0,70,12.3,277,1007.5,0,51,2,0,0.0,3600.0,43.6591,-70.2568,2022,3,21,8
2022-03-21 09:00:00,264.0,181.0,83.0,577.0,6.4,62,13.8,279,1007.3,4,4,0,0,0.0,3600.0,43.6591,-70.2568,2022,3,21,9
2022-03-21 10:00:00,464.0,384.0,80.0,813.6,7.3,47,22.2,310,1007.0,18,18,0,0,0.0,3600.0,43.6591,-70.2568,2022,3,21,10
2022-03-21 11:00:00,609.0,508.0,101.0,849.0,8.2,45,24.4,304,1006.5,13,12,0,0,0.0,3600.0,43.6591,-70.2568,2022,3,21,11
2022-03-21 12:00:00,675.0,496.0,179.0,724.9,9.3,35,33.5,302,1006.5,30,3,27,0,0.0,3600.0,43.6591,-70.2568,2022,3,21,12
2022-03-21 13:00:00,721.0,583.0,138.0,805.4,9.9,35,26.7,297,1006.1,36,2,35,0,0.0,3600.0,43.6591,-70.2568,2022,3,21,13
2022-03-21 14:00:00,761.0,664.0,97.0,929.4,10.9,30,29.3,296,1004.9,0,0,0,0,0.0,3600.0,43.6591,-70.2568,2022,3,21,14
2022-03-21 15:00:00,686.0,594.0,92.0,904.5,11.1,28,29.8,300,1004.6,17,1,16,0,0.0,3600.0,43.6591,-70.2568,2022,3,21,15
2022-03-21 16:00:00,540.0,433.0,107.0,780.7,10.3,29,29.9,301,1005.1,55,0,55,0,0.0,3600.0,43.6591,-70.2568,2022,3,21,16
2022-03-21 17:00:00,381.0,292.0,89.0,703.5,9.3,32,30.6,304,1005.7,22,0,22,0,0.0,3600.0,43.6591,-70.2568,2022,3,21,17
2022-03-21 18:00:00,200.0,142.0,58.0,573.5,7.9,38,25.0,311,1006.7,40,6,36,0,0.0,3600.0,43.6591,-70.2568,2022,3,21,18
2022-03-21 19:00:00,42.0,23.0,19.0,235.0,6.2,43,20.7,309,1007.7,8,0,8,0,0.0,3016.14,43.6591,-70.2568,2022,3,21,19
2022-03-21 20:00:00,0.0,0.0,0.0,0.0,6.2,41,22.5,302,1008.5,18,20,21,0,0.0,0.0,43.6591,-70.2568,2022,3,21,20
2022-03-21 21:00:00,0.0,0.0,0.0,0.0,5.0,47,23.1,301,1009.1,58,58,0,0,0.0,0.0,43.6591,-70.2568,2022,3,21,21
2022-03-21 22:00:00,0.0,0.0,0.0,0.0,4.0,49,20.6,306,1009.3,4,4,0,0,0.0,0.0,43.6591,-70.2568,2022,3,21,22
2022-03-21 23:00:00,0.0,0.0,0.0,0.0,2.9,51,17.1,312,1009.6,0,0,0,0,0.0,0.0,43.6591,-70.2568,2022,3,21,23
2022-03-22 00:00:00,0.0,0.0,0.0,0.0,1.8,56,17.1,312,1009.7,0,0,0,0,0.0,0.0,43.6591,-70.2568,2022,3,22,0
2022-03-22 01:00:00,0.0,0.0,0.0,0.0,0.9,59,16.8,312,1010.1,0,0,0,0,0.0,0.0,43.6591,-70.2568,2022,3,22,1
2022-03-22 02:00:00,0.0,0.0,0.0,0.0,0.2,60,14.7,306,1010.1,0,0,0,0,0.0,0.0,43.6591,-70.2568,2022,3,22,2
2022-03-22 03:00:00,0.0,0.0,0.0,0.0,-0.3,62,13.2,296,1010.4,2,2,0,0,0.0,0.0,43.6591,-70.2568,2022,3,22,3
2022-03-22 04:00:00,0.0,0.0,0.0,0.0,-0.9,64,11.6,292,1010.2,5,5,0,0,0.0,0.0,43.6591,-70.2568,2022,3,22,4
2022-03-22 05:00:00,0.0,0.0,0.0,0.0,-1.3,65,11.6,296,1010.1,0,0,0,0,0.0,0.0,43.6591,-70.2568,2022,3,22,5
2022-03-22 06:00:00,0.0,0.0,0.0,0.0,-1.8,66,10.9,287,1010.4,3,3,0,0,0.0,0.0,43.6591,-70.2568,2022,3,22,6
2022-03-22 07:00:00,3.0,1.0,2.0,19.1,-2.3,67,12.1,280,1010.9,1,1,0,0,0.0,0.0,43.6591,-70.2568,2022,3,22,7
2022-03-22 08:00:00,104.0,67.0,37.0,478.6,0.6,53,17.3,282,1010.7,1,3,0,0,0.0,3600.0,43.6591,-70.2568,2022,3,22,8
2022-03-22 09:00:00,292.0,226.0,66.0,708.0,2.0,47,15.7,286,1010.4,2,2,0,0,0.0,3600.0,43.6591,-70.2568,2022,3,22,9
2022-03-22 10:00:00,477.0,397.0,80.0,831.7,3.0,44,19.7,308,1010.3,25,25,0,0,0.0,3600.0,43.6591,-70.2568,2022,3,22,10
2022-03-22 11:00:00,581.0,452.0,129.0,748.9,3.5,42,21.4,314,1010.4,23,20,5,0,0.0,3600.0,43.6591,-70.2568,2022,3,22,11
2022-03-22 12:00:00,694.0,552.0,142.0,800.9,4.4,37,26.0,314,1010.7,48,48,0,0,0.0,3600.0,43.6591,-70.2568,2022,3,22,12
2022-03-22 13:00:00,720.0,571.0,149.0,783.7,4.6,36,26.0,313,1010.9,0,0,0,0,0.0,3600.0,43.6591,-70.2568,2022,3,22,13
2022-03-22 14:00:00,763.0,663.0,100.0,922.2,5.1,33,28.8,314,1010.9,10,10,0,0,0.0,3600.0,43.6591,-70.2568,2022,3,22,14
2022-03-22 15:00:00,696.0,599.0,97.0,906.2,4.9,34,27.7,316,1011.7,1,1,0,0,0.0,3600.0,43.6591,-70.2568,2022,3,22,15
2022-03-22 16:00:00,578.0,495.0,83.0,886.0,4.6,35,27.5,316,1012.6,11,11,5,0,0.0,3600.0,43.6591,-70.2568,2022,3,22,16
2022-03-22 17:00:00,394.0,298.0,96.0,711.2,3.7,38,26.5,318,1012.8,10,10,0,0,0.0,3600.0,43.6591,-70.2568,2022,3,22,17
2022-03-22 18:00:00,214.0,157.0,57.0,624.3,2.6,42,24.8,319,1014.1,0,0,0,0,0.0,3600.0,43.6591,-70.2568,2022,3,22,18
2022-03-22 19:00:00,45.0,26.0,19.0,260.6,1.5,46,21.5,320,1014.8,0,0,0,0,0.0,3088.65,43.6591,-70.2568,2022,3,22,19
2022-03-22 20:00:00,0.0,0.0,0.0,0.0,1.0,48,20.1,313,1016.1,10,64,0,0,0.0,0.0,43.6591,-70.2568,2022,3,22,20
2022-03-22 21:00:00,0.0,0.0,0.0,0.0,0.5,49,17.5,323,1016.7,28,0,0,28,0.0,0.0,43.6591,-70.2568,2022,3,22,21
2022-03-22 22:00:00,0.0,0.0,0.0,0.0,0.1,49,16.4,334,1017.0,0,0,0,0,0.0,0.0,43.6591,-70.2568,2022,3,22,22
2022-03-22 23:00:00,0.0,0.0,0.0,0.0,-0.4,50,14.8,337,1017.9,0,0,0,0,0.0,0.0,43.6591,-70.2568,2022,3,22,23
2022-03-23 00:00:00,0.0,0.0,0.0,0.0,-0.9,52,14.1,322,1019.1,13,0,0,13,0.0,0.0,43.6591,-70.2568,2022,3,23,0
2022-03-23 01:00:00,0.0,0.0,0.0,0.0,-1.5,55,14.0,316,1018.8,8,0,0,8,0.0,0.0,43.6591,-70.2568,2022,3,23,1
2022-03-23 02:00:00,0.0,0.0,0.0,0.0,-1.8,56,14.6,308,1019.1,66,0,0,66,0.0,0.0,43.6591,-70.2568,2022,3,23,2
2022-03-23 03:00:00,0.0,0.0,0.0,0.0,-2.1,58,15.0,316,1018.6,0,0,0,0,0.0,0.0,43.6591,-70.2568,2022,3,23,3
2022-03-23 04:00:00,0.0,0.0,0.0,0.0,-2.2,59,14.8,321,1018.4,56,0,0,56,0.0,0.0,43.6591,-70.2568,2022,3,23,4
2022-03-23 05:00:00,0.0,0.0,0.0,0.0,-2.3,60,15.6,322,1019.1,5,0,0,5,0.0,0.0,43.6591,-70.2568,2022,3,23,5
2022-03-23 06:00:00,0.0,0.0,0.0,0.0,-2.4,62,15.7,328,1019.8,18,0,0,18,0.0,0.0,43.6591,-70.2568,2022,3,23,6
2022-03-23 07:00:00,3.0,1.0,2.0,19.1,-2.4,63,15.1,332,1020.1,23,0,0,23,0.0,0.0,43.6591,-70.2568,2022,3,23,7
2022-03-23 08:00:00,106.0,68.0,38.0,467.2,-0.6,61,13.2,331,1020.6,6,0,0,21,0.0,3600.0,43.6591,-70.2568,2022,3,23,8
2022-03-23 09:00:00,292.0,225.0,67.0,693.0,1.5,56,12.1,337,1020.5,2,0,0,2,0.0,3600.0,43.6591,-70.2568,2022,3,23,9
2022-03-23 10:00:00,475.0,393.0,82.0,814.2,3.7,50,11.8,340,1021.2,30,0,0,30,0.0,3600.0,43.6591,-70.2568,2022,3,23,10
2022-03-23 11:00:00,625.0,533.0,92.0,875.7,5.4,46,11.2,356,1020.7,95,0,0,95,0.0,3600.0,43.6591,-70.2568,2022,3,23,11
2022-03-23 12:00:00,726.0,617.0,109.0,888.9,6.8,43,7.7,349,1021.0,44,0,0,44,0.0,3600.0,43.6591,-70.2568,2022,3,23,12
2022-03-23 13:00:00,779.0,681.0,98.0,928.7,7.7,41,4.7,337,1020.5,57,0,0,57,0.0,3600.0,43.6591,-70.2568,2022,3,23,13
2022-03-23 14:00:00,765.0,668.0,97.0,923.4,8.2,40,2.2,90,1019.4,89,0,0,89,0.0,3600.0,43.6591,-70.2568,2022,3,23,14
2022-03-23 15:00:00,691.0,592.0,99.0,889.9,8.5,41,2.9,150,1019.9,86,0,0,86,0.0,3600.0,43.6591,-70.2568,2022,3,23,15
2022-03-23 16:00:00,552.0,442.0,110.0,785.5,8.1,45,7.6,172,1020.0,95,0,67,84,0.0,3600.0,43.6591,-70.2568,2022,3,23,16
2022-03-23 17:00:00,350.0,204.0,146.0,482.4,6.9,55,10.4,178,1020.5,30,0,8,24,0.0,3600.0,43.6591,-70.2568,2022,3,23,17
2022-03-23 18:00:00,214.0,157.0,57.0,615.0,5.1,64,10.9,186,1020.6,98,0,97,28,0.0,3600.0,43.6591,-70.2568,2022,3,23,18
2022-03-23 19:00:00,44.0,21.0,23.0,206.5,2.8,74,8.2,203,1020.8,100,0,100,9,0.0,3160.94,43.6591,-70.2568,2022,3,23,19
2022-03-23 20:00:00,0.0,0.0,0.0,0.0,1.9,79,9.8,188,1020.9,1,0,44,0,0.0,0.0,43.6591,-70.2568,2022,3,23,20
2022-03-23 21:00:00,0.0,0.0,0.0,0.0,1.7,81,8.6,213,1022.0,22,0,21,1,0.0,0.0,43.6591,-70.2568,2022,3,23,21
2022-03-23 22:00:00,0.0,0.0,0.0,0.0,1.2,85,9.9,226,1022.1,53,0,0,53,0.0,0.0,43.6591,-70.2568,2022,3,23,22
2022-03-23 23:00:00,0.0,0.0,0.0,0.0,0.4,89,5.8,248,1022.1,99,0,16,99,0.0,0.0,43.6591,-70.2568,2022,3,23,23
2022-03-24 00:00:00,0.0,0.0,0.0,0.0,1.5,81,5.5,203,1021.8,100,0,13,100,0.0,0.0,43.6591,-70.2568,2022,3,24,0
2022-03-24 01:00:00,0.0,0.0,0.0,0.0,1.4,83,6.3,211,1022.5,100,0,100,100,0.0,0.0,43.6591,-70.2568,2022,3,24,1
2022-03-24 02:00:00,0.0,0.0,0.0,0.0,2.3,86,3.7,119,1021.9,100,0,100,100,0.0,0.0,43.6591,-70.2568,2022,3,24,2
2022-03-24 03:00:00,0.0,0.0,0.0,0.0,3.2,85,7.5,107,1021.4,100,0,100,100,0.0,0.0,43.6591,-70.2568,2022,3,24,3
2022-03-24 04:00:00,0.0,0.0,0.0,0.0,3.5,80,10.8,111,1021.1,100,0,100,94,0.0,0.0,43.6591,-70.2568,2022,3,24,4
2022-03-24 05:00:00,0.0,0.0,0.0,0.0,3.8,76,13.1,122,1021.2,100,5,100,71,0.0,0.0,43.6591,-70.2568,2022,3,24,5
2022-03-24 06:00:00,0.0,0.0,0.0,0.0,3.5,79,16.4,116,1020.4,100,0,100,99,0.3,0.0,43.6591,-70.2568,2022,3,24,6
2022-03-24 07:00:00,1.0,0.0,1.0,0.0,3.1,84,16.3,118,1020.5,100,9,100,46,0.2,0.0,43.6591,-70.2568,2022,3,24,7
2022-03-24 08:00:00,20.0,0.0,20.0,0.0,2.8,92,15.4,123,1021.0,100,54,100,3,0.4,0.0,43.6591,-70.2568,2022,3,24,8
2022-03-24 09:00:00,34.0,0.0,34.0,0.0,3.3,92,18.4,129,1020.4,100,91,100,45,0.2,0.0,43.6591,-70.2568,2022,3,24,9
2022-03-24 10:00:00,89.0,1.0,88.0,2.0,3.9,90,17.9,130,1020.0,100,100,100,0,0.2,0.0,43.6591,-70.2568,2022,3,24,10
2022-03-24 11:00:00,72.0,0.0,72.0,0.0,3.5,100,16.1,138,1019.7,100,100,100,0,0.8,0.0,43.6591,-70.2568,2022,3,24,11
2022-03-24 12:00:00,108.0,2.0,106.0,2.9,4.3,92,16.0,136,1019.1,100,100,100,0,0.2,0.0,43.6591,-70.2568,2022,3,24,12
2022-03-24 13:00:00,112.0,2.0,110.0,2.7,4.6,91,16.5,136,1018.6,100,100,100,78,0.2,0.0,43.6591,-70.2568,2022,3,24,13
2022-03-24 14:00:00,151.0,2.0,149.0,2.7,4.8,89,20.4,136,1017.5,100,100,100,100,0.1,0.0,43.6591,-70.2568,2022,3,24,14
2022-03-24 15:00:00,95.0,2.0,93.0,3.0,4.9,90,17.8,132,1017.1,100,100,100,28,0.3,0.0,43.6591,-70.2568,2022,3,24,15
2022-03-24 16:00:00,82.0,1.0,81.0,1.8,4.5,94,19.8,115,1015.5,100,100,100,100,0.5,0.0,43.6591,-70.2568,2022,3,24,16
2022-03-24 17:00:00,88.0,3.0,85.0,7.0,4.3,93,19.7,108,1014.8,100,100,100,100,0.3,0.0,43.6591,-70.2568,2022,3,24,17
2022-03-24 18:00:00,22.0,0.0,22.0,0.0,3.9,95,20.7,103,1013.9,100,100,100,100,0.4,0.0,43.6591,-70.2568,2022,3,24,18
2022-03-24 19:00:00,6.0,0.0,6.0,0.0,3.4,100,20.9,93,1012.4,100,100,100,100,0.3,0.0,43.6591,-70.2568,2022,3,24,19
2022-03-24 20:00:00,0.0,0.0,0.0,0.0,3.3,95,20.8,81,1012.4,100,100,44,100,0.3,0.0,43.6591,-70.2568,2022,3,24,20
2022-03-24 21:00:00,0.0,0.0,0.0,0.0,3.3,95,21.5,81,1012.1,100,100,1,100,0.1,0.0,43.6591,-70.2568,2022,3,24,21
2022-03-24 22:00:00,0.0,0.0,0.0,0.0,3.3,95,21.8,77,1010.3,100,100,99,100,0.2,0.0,43.6591,-70.2568,2022,3,24,22
2022-03-24 23:00:00,0.0,0.0,0.0,0.0,3.0,100,20.0,67,1008.5,100,100,100,100,0.4,0.0,43.6591,-70.2568,2022,3,24,23
2022-03-25 00:00:00,0.0,0.0,0.0,0.0,2.9,100,17.3,43,1006.7,100,100,99,100,0.5,0.0,43.6591,-70.2568,2022,3,25,0
2022-03-25 01:00:00,0.0,0.0,0.0,0.0,2.8,98,18.0,33,1004.9,100,100,100,100,0.1,0.0,43.6591,-70.2568,2022,3,25,1
2022-03-25 02:00:00,0.0,0.0,0.0,0.0,2.6,100,19.3,33,1002.2,100,100,100,100,0.3,0.0,43.6591,-70.2568,2022,3,25,2
2022-03-25 03:00:00,0.0,0.0,0.0,0.0,2.6,100,17.8,18,999.9,100,100,100,99,0.8,0.0,43.6591,-70.2568,2022,3,25,3
2022-03-25 04:00:00,0.0,0.0,0.0,0.0,2.3,100,18.2,330,999.1,100,100,100,19,3.6,0.0,43.6591,-70.2568,2022,3,25,4
2022-03-25 05:00:00,0.0,0.0,0.0,0.0,1.8,100,20.5,345,998.6,100,18,99,97,3.8,0.0,43.6591,-70.2568,2022,3,25,5
2022-03-25 06:00:00,0.0,0.0,0.0,0.0,2.1,96,18.4,343,998.3,100,100,100,30,0.3,0.0,43.6591,-70.2568,2022,3,25,6
2022-03-25 07:00:00,1.0,0.0,1.0,0.0,2.1,96,19.1,357,996.5,100,2,100,100,0.1,0.0,43.6591,-70.2568,2022,3,25,7
2022-03-25 08:00:00,50.0,3.0,47.0,19.2,1.4,97,14.6,322,997.6,100,18,76,100,0.0,0.0,43.6591,-70.2568,2022,3,25,8
2022-03-25 09:00:00,156.0,22.0,134.0,65.6,2.4,90,14.3,326,997.9,100,100,0,88,0.0,166.97,43.6591,-70.2568,2022,3,25,9
2022-03-25 10:00:00,281.0,40.0,241.0,81.1,3.9,84,13.1,307,997.4,100,99,0,100,0.0,633.14,43.6591,-70.2568,2022,3,25,10
2022-03-25 11:00:00,409.0,108.0,301.0,174.5,7.4,67,15.8,287,997.1,100,100,0,96,0.0,3435.92,43.6591,-70.2568,2022,3,25,11
2022-03-25 12:00:00,605.0,366.0,239.0,520.0,10.1,61,17.9,280,995.5,100,100,1,28,0.0,3600.0,43.6591,-70.2568,2022,3,25,12
2022-03-25 13:00:00,479.0,184.0,295.0,247.8,10.7,59,13.9,295,994.5,40,25,1,20,0.0,3600.0,43.6591,-70.2568,2022,3,25,13
2022-03-25 14:00:00,734.0,593.0,141.0,809.9,12.8,49,8.9,291,993.9,76,59,0,41,0.0,3600.0,43.6591,-70.2568,2022,3,25,14
2022-03-25 15:00:00,559.0,380.0,179.0,564.2,12.7,47,5.6,225,992.9,97,97,88,0,0.0,3600.0,43.6591,-70.2568,2022,3,25,15
2022-03-25 16:00:00,311.0,79.0,232.0,138.4,11.7,58,5.8,158,992.2,37,6,37,0,0.0,2352.65,43.6591,-70.2568,2022,3,25,16
2022-03-25 17:00:00,362.0,240.0,122.0,557.3,12.2,57,9.4,223,992.6,11,5,8,0,0.0,3600.0,43.6591,-70.2568,2022,3,25,17
2022-03-25 18:00:00,203.0,131.0,72.0,498.4,12.0,51,9.3,286,992.6,22,0,22,0,0.0,3600.0,43.6591,-70.2568,2022,3,25,18
2022-03-25 19:00:00,48.0,26.0,22.0,246.5,7.8,67,5.6,207,992.6,75,4,75,0,0.0,3305.21,43.6591,-70.2568,2022,3,25,19
2022-03-25 20:00:00,0.0,0.0,0.0,0.0,8.0,74,15.5,216,992.8,32,25,68,0,0.0,0.0,43.6591,-70.2568,2022,3,25,20
2022-03-25 21:00:00,0.0,0.0,0.0,0.0,6.9,78,13.5,226,993.1,100,7,100,0,0.0,0.0,43.6591,-70.2568,2022,3,25,21
2022-03-25 22:00:00,0.0,0.0,0.0,0.0,7.1,77,12.3,232,993.4,100,22,100,0,0.0,0.0,43.6591,-70.2568,2022,3,25,22
2022-03-25 23:00:00,0.0,0.0,0.0,0.0,6.8,78,11.1,245,993.2,52,7,52,0,0.0,0.0,43.6591,-70.2568,2022,3,25,23
2022-03-26 00:00:00,0.0,0.0,0.0,0.0,5.9,74,14.5,263,993.1,100,0,100,0,0.0,0.0,43.6591,-70.2568,2022,3,26,0
2022-03-26 01:00:00,0.0,0.0,0.0,0.0,5.8,72,14.2,261,993.2,100,0,100,0,0.0,0.0,43.6591,-70.2568,2022,3,26,1
2022-03-26 02:00:00,0.0,0.0,0.0,0.0,6.6,68,13.5,254,993.2,100,0,100,23,0.0,0.0,43.6591,-70.2568,2022,3,26,2
2022-03-26 03:00:00,0.0,0.0,0.0,0.0,6.6,67,14.1,257,992.6,95,0,95,1,0.0,0.0,43.6591,-70.2568,2022,3,26,3
2022-03-26 04:00:00,0.0,0.0,0.0,0.0,6.1,68,13.9,260,992.3,100,0,100,0,0.0,0.0,43.6591,-70.2568,2022,3,26,4
2022-03-26 05:00:00,0.0,0.0,0.0,0.0,5.6,69,13.6,259,992.6,63,2,48,27,0.0,0.0,43.6591,-70.2568,2022,3,26,5
2022-03-26 06:00:00,0.0,0.0,0.0,0.0,4.3,75,12.9,257,992.9,13,9,0,4,0.0,0.0,43.6591,-70.2568,2022,3,26,6
2022-03-26 07:00:00,6.0,2.0,4.0,37.6,3.1,81,12.5,252,993.5,10,0,0,10,0.0,0.0,43.6591,-70.2568,2022,3,26,7
2022-03-26 08:00:00,119.0,77.0,42.0,474.9,4.9,75,12.2,242,993.3,3,0,0,0,0.0,3600.0,43.6591,-70.2568,2022,3,26,8
2022-03-26 09:00:00,306.0,240.0,66.0,703.9,7.1,64,12.3,249,993.3,0,0,0,0,0.0,3600.0,43.6591,-70.2568,2022,3,26,9
2022-03-26 10:00:00,489.0,409.0,80.0,820.5,8.7,53,10.5,254,993.0,1,0,1,0,0.0,3600.0,43.6591,-70.2568,2022,3,26,10
2022-03-26 11:00:00,641.0,554.0,87.0,888.0,10.2,43,14.1,255,992.5,42,40,25,0,0.0,3600.0,43.6591,-70.2568,2022,3,26,11
2022-03-26 12:00:00,649.0,472.0,177.0,666.1,11.0,36,15.3,240,991.6,75,1,75,0,0.0,3600.0,43.6591,-70.2568,2022,3,26,12
2022-03-26 13:00:00,612.0,345.0,267.0,461.8,11.3,38,15.7,233,991.0,97,0,97,0,0.0,3600.0,43.6591,-70.2568,2022,3,26,13
2022-03-26 14:00:00,480.0,164.0,316.0,222.7,11.0,44,14.4,202,990.6,100,6,100,0,0.0,3600.0,43.6591,-70.2568,2022,3,26,14
2022-03-26 15:00:00,249.0,33.0,216.0,48.7,9.7,57,13.4,186,990.4,100,8,100,0,0.0,0.0,43.6591,-70.2568,2022,3,26,15
2022-03-26 16:00:00,205.0,56.0,149.0,97.4,9.0,60,12.7,187,990.1,98,16,98,0,0.0,1123.41,43.6591,-70.2568,2022,3,26,16
2022-03-26 17:00:00,153.0,17.0,136.0,39.1,8.2,64,12.3,185,990.2,60,9,60,0,0.0,0.0,43.6591,-70.2568,2022,3,26,17
2022-03-26 18:00:00,122.0,42.0,80.0,157.5,7.3,71,9.0,185,989.9,55,7,51,4,0.0,2925.6,43.6591,-70.2568,2022,3,26,18
2022-03-26 19:00:00,42.0,17.0,25.0,158.4,5.9,80,11.2,186,990.4,100,18,100,26,0.0,3377.26,43.6591,-70.2568,2022,3,26,19
2022-03-26 20:00:00,0.0,0.0,0.0,0.0,5.9,79,8.5,152,991.2,92,7,100,0,0.0,0.0,43.6591,-70.2568,2022,3,26,20
2022-03-26 21:00:00,0.0,0.0,0.0,0.0,4.7,91,7.7,131,991.5,99,31,98,0,0.0,0.0,43.6591,-70.2568,2022,3,26,21
2022-03-26 22:00:00,0.0,0.0,0.0,0.0,4.4,95,4.4,189,991.4,13,13,0,0,0.0,0.0,43.6591,-70.2568,2022,3,26,22
2022-03-26 23:00:00,0.0,0.0,0.0,0.0,2.9,98,7.3,303,991.5,44,17,35,0,0.0,0.0,43.6591,-70.2568,2022,3,26,23
2022-03-27 00:00:00,0.0,0.0,0.0,0.0,2.1,96,8.7,312,991.2,100,24,100,56,0.0,0.0,43.6591,-70.2568,2022,3,27,0
2022-03-27 01:00:00,0.0,0.0,0.0,0.0,1.4,94,10.2,309,990.8,96,0,94,73,0.0,0.0,43.6591,-70.2568,2022,3,27,1
2022-03-27 02:00:00,0.0,0.0,0.0,0.0,1.2,90,10.9,304,990.5,43,0,13,37,0.0,0.0,43.6591,-70.2568,2022,3,27,2
2022-03-27 03:00:00,0.0,0.0,0.0,0.0,0.7,88,10.6,298,990.4,48,0,14,47,0.0,0.0,43.6591,-70.2568,2022,3,27,3
2022-03-27 04:00:00,0.0,0.0,0.0,0.0,0.0,90,11.2,291,990.5,0,0,0,0,0.0,0.0,43.6591,-70.2568,2022,3,27,4
2022-03-27 05:00:00,0.0,0.0,0.0,0.0,-0.6,91,11.4,281,990.6,39,0,0,39,0.0,0.0,43.6591,-70.2568,2022,3,27,5
2022-03-27 06:00:00,0.0,0.0,0.0,0.0,-0.7,91,12.3,275,991.3,7,0,0,7,0.0,0.0,43.6591,-70.2568,2022,3,27,6
2022-03-27 07:00:00,7.0,3.0,4.0,53.6,-0.0,90,13.5,279,991.8,0,0,0,0,0.0,246.43,43.6591,-70.2568,2022,3,27,7
2022-03-27 08:00:00,125.0,82.0,43.0,488.9,3.0,84,12.6,273,991.9,0,0,0,0,0.0,3600.0,43.6591,-70.2568,2022,3,27,8
2022-03-27 09:00:00,312.0,243.0,69.0,701.5,5.7,73,13.4,276,992.1,0,0,0,0,0.0,3600.0,43.6591,-70.2568,2022,3,27,9
2022-03-27 10:00:00,494.0,411.0,83.0,815.9,7.8,60,15.4,286,992.5,15,2,0,13,0.0,3600.0,43.6591,-70.2568,2022,3,27,10
2022-03-27 11:00:00,632.0,531.0,101.0,844.3,9.0,54,13.2,292,992.4,52,23,1,37,0.0,3600.0,43.6591,-70.2568,2022,3,27,11
2022-03-27 12:00:00,695.0,550.0,145.0,770.9,9.9,50,11.6,277,992.1,73,34,21,55,0.0,3600.0,43.6591,-70.2568,2022,3,27,12
2022-03-27 13:00:00,743.0,584.0,159.0,777.0,10.6,48,10.8,266,991.8,100,100,100,3,0.0,3600.0,43.6591,-70.2568,2022,3,27,13
2022-03-27 14:00:00,477.0,153.0,324.0,206.5,10.2,45,10.5,278,991.5,100,54,100,23,0.0,3600.0,43.6591,-70.2568,2022,3,27,14
2022-03-27 15:00:00,143.0,0.0,143.0,0.0,6.4,68,10.8,296,992.3,100,64,100,0,0.2,0.0,43.6591,-70.2568,2022,3,27,15
2022-03-27 16:00:00,272.0,67.0,205.0,115.8,6.8,64,13.6,287,992.4,74,7,71,7,0.2,1673.93,43.6591,-70.2568,2022,3,27,16
2022-03-27 17:00:00,306.0,177.0,129.0,403.9,7.8,52,11.4,298,992.4,97,37,96,11,0.0,3600.0,43.6591,-70.2568,2022,3,27,17
2022-03-27 18:00:00,151.0,53.0,98.0,196.0,7.1,52,11.3,287,993.0,90,13,89,2,0.0,3600.0,43.6591,-70.2568,2022,3,27,18
2022-03-27 19:00:00,24.0,4.0,20.0,36.6,5.7,56,9.8,287,993.9,100,84,100,0,0.0,0.0,43.6591,-70.2568,2022,3,27,19
2022-03-27 20:00:00,0.0,0.0,0.0,0.0,3.3,86,13.3,303,995.3,100,99,100,12,0.0,0.0,43.6591,-70.2568,2022,3,27,20
2022-03-27 21:00:00,0.0,0.0,0.0,0.0,2.4,90,14.0,318,996.3,100,99,100,0,0.3,0.0,43.6591,-70.2568,2022,3,27,21
2022-03-27 22:00:00,0.0,0.0,0.0,0.0,1.9,86,13.5,326,996.8,100,17,100,0,0.1,0.0,43.6591,-70.2568,2022,3,27,22
2022-03-27 23:00:00,0.0,0.0,0.0,0.0,1.0,78,14.5,330,997.1,100,0,100,0,0.0,0.0,43.6591,-70.2568,2022,3,27,23
2022-03-28 00:00:00,0.0,0.0,0.0,0.0,0.1,70,12.8,322,997.7,100,3,100,0,0.0,0.0,43.6591,-70.2568,2022,3,28,0
2022-03-28 01:00:00,0.0,0.0,0.0,0.0,-0.5,63,11.8,322,998.0,100,15,100,0,0.0,0.0,43.6591,-70.2568,2022,3,28,1
2022-03-28 02:00:00,0.0,0.0,0.0,0.0,-1.2,59,12.2,326,998.5,100,10,100,0,0.0,0.0,43.6591,-70.2568,2022,3,28,2
2022-03-28 03:00:00,0.0,0.0,0.0,0.0,-2.0,60,11.2,315,998.5,100,27,100,0,0.1,0.0,43.6591,-70.2568,2022,3,28,3
2022-03-28 04:00:00,0.0,0.0,0.0,0.0,-2.5,60,11.2,310,998.7,100,67,100,0,0.1,0.0,43.6591,-70.2568,2022,3,28,4
2022-03-28 05:00:00,0.0,0.0,0.0,0.0,-3.0,58,11.2,310,999.1,100,71,100,0,0.1,0.0,43.6591,-70.2568,2022,3,28,5
2022-03-28 06:00:00,0.0,0.0,0.0,0.0,-3.4,57,11.2,310,999.6,100,44,99,0,0.0,0.0,43.6591,-70.2568,2022,3,28,6
2022-03-28 07:00:00,7.0,1.0,6.0,17.0,-4.0,57,11.8,310,1000.2,83,79,30,0,0.0,0.0,43.6591,-70.2568,2022,3,28,7
2022-03-28 08:00:00,99.0,33.0,66.0,190.4,-3.9,54,14.5,325,1000.5,100,100,100,0,0.0,3600.0,43.6591,-70.2568,2022,3,28,8
2022-03-28 09:00:00,197.0,37.0,160.0,105.2,-4.1,52,15.8,325,1000.8,100,100,100,0,0.0,1354.67,43.6591,-70.2568,2022,3,28,9
2022-03-28 10:00:00,314.0,51.0,263.0,100.2,-3.6,48,16.1,312,1001.2,100,100,81,0,0.0,1206.09,43.6591,-70.2568,2022,3,28,10
2022-03-28 11:00:00,539.0,275.0,264.0,433.8,-2.7,43,16.6,309,1001.0,96,86,74,0,0.0,3600.0,43.6591,-70.2568,2022,3,28,11
2022-03-28 12:00:00,731.0,549.0,182.0,764.4,-1.6,39,16.1,309,1000.7,100,99,85,0,0.0,3600.0,43.6591,-70.2568,2022,3,28,12
2022-03-28 13:00:00,750.0,511.0,239.0,675.8,-1.1,37,15.9,309,1000.5,96,84,95,0,0.0,3600.0,43.6591,-70.2568,2022,3,28,13
2022-03-28 14:00:00,638.0,286.0,352.0,383.8,-1.0,36,16.4,310,1000.4,100,75,100,0,0.0,3600.0,43.6591,-70.2568,2022,3,28,14
2022-03-28 15:00:00,519.0,163.0,356.0,237.7,-0.9,35,16.9,308,1000.6,100,26,100,0,0.0,3600.0,43.6591,-70.2568,2022,3,28,15
2022-03-28 16:00:00,492.0,248.0,244.0,425.8,-0.8,35,17.9,310,1000.7,100,10,100,0,0.0,3600.0,43.6591,-70.2568,2022,3,28,16
2022-03-28 17:00:00,341.0,154.0,187.0,348.4,-1.2,34,18.6,314,1001.2,100,8,100,0,0.0,3600.0,43.6591,-70.2568,2022,3,28,17
2022-03-28 18:00:00,191.0,78.0,113.0,284.6,-2.2,35,18.6,316,1002.2,98,1,98,0,0.0,3600.0,43.6591,-70.2568,2022,3,28,18
2022-03-28 19:00:00,50.0,18.0,32.0,162.1,-3.5,36,17.6,313,1003.5,26,7,26,0,0.0,3521.2,43.6591,-70.2568,2022,3,28,19
2022-03-28 20:00:00,0.0,0.0,0.0,0.0,-5.8,45,18.1,313,1005.4,1,0,3,0,0.0,0.0,43.6591,-70.2568,2022,3,28,20
2022-03-28 21:00:00,0.0,0.0,0.0,0.0,-6.3,43,17.8,312,1006.1,70,0,70,0,0.0,0.0,43.6591,-70.2568,2022,3,28,21
2022-03-28 22:00:00,0.0,0.0,0.0,0.0,-6.9,44,17.2,307,1006.3,0,0,0,0,0.0,0.0,43.6591,-70.2568,2022,3,28,22
2022-03-28 23:00:00,0.0,0.0,0.0,0.0,-7.4,44,16.3,311,1006.7,46,0,35,21,0.0,0.0,43.6591,-70.2568,2022,3,28,23
2022-03-29 00:00:00,0.0,0.0,0.0,0.0,-7.7,45,14.6,308,1007.0,75,0,52,47,0.0,0.0,43.6591,-70.2568,2022,3,29,0
2022-03-29 01:00:00,0.0,0.0,0.0,0.0,-7.9,47,12.9,300,1007.3,92,0,92,0,0.0,0.0,43.6591,-70.2568,2022,3,29,1
2022-03-29 02:00:00,0.0,0.0,0.0,0.0,-7.9,47,10.9,287,1007.4,53,5,51,0,0.0,0.0,43.6591,-70.2568,2022,3,29,2
2022-03-29 03:00:00,0.0,0.0,0.0,0.0,-8.0,48,10.5,276,1007.6,57,3,40,42,0.0,0.0,43.6591,-70.2568,2022,3,29,3
2022-03-29 04:00:00,0.0,0.0,0.0,0.0,-8.0,49,10.0,257,1007.8,26,8,26,0,0.0,0.0,43.6591,-70.2568,2022,3,29,4
2022-03-29 05:00:00,0.0,0.0,0.0,0.0,-7.8,50,9.6,250,1008.1,100,10,100,0,0.0,0.0,43.6591,-70.2568,2022,3,29,5
2022-03-29 06:00:00,0.0,0.0,0.0,0.0,-7.3,50,9.4,252,1008.8,100,1,100,15,0.0,0.0,43.6591,-70.2568,2022,3,29,6
2022-03-29 07:00:00,8.0,1.0,7.0,16.2,-6.6,49,9.7,266,1009.4,55,4,51,3,0.0,0.0,43.6591,-70.2568,2022,3,29,7
2022-03-29 08:00:00,124.0,64.0,60.0,357.8,-5.3,46,10.8,307,1009.9,40,0,54,12,0.0,3600.0,43.6591,-70.2568,2022,3,29,8
2022-03-29 09:00:00,304.0,197.0,107.0,551.4,-4.0,41,13.4,297,1009.9,69,0,58,26,0.0,3600.0,43.6591,-70.2568,2022,3,29,9
2022-03-29 10:00:00,499.0,387.0,112.0,752.6,-2.6,36,16.5,302,1009.8,53,0,34,47,0.0,3600.0,43.6591,-70.2568,2022,3,29,10
2022-03-29 11:00:00,659.0,553.0,106.0,865.5,-1.3,33,18.3,306,1009.6,41,0,26,21,0.0,3600.0,43.6591,-70.2568,2022,3,29,11
2022-03-29 12:00:00,768.0,658.0,110.0,910.1,-0.1,30,19.6,306,1009.1,27,0,22,6,0.0,3600.0,43.6591,-70.2568,2022,3,29,12
2022-03-29 13:00:00,819.0,713.0,106.0,937.4,1.1,28,19.2,308,1008.7,34,0,28,8,0.0,3600.0,43.6591,-70.2568,2022,3,29,13
2022-03-29 14:00:00,806.0,704.0,102.0,939.5,1.9,27,18.7,304,1008.1,7,0,7,0,0.0,3600.0,43.6591,-70.2568,2022,3,29,14
2022-03-29 15:00:00,734.0,638.0,96.0,924.8,2.5,26,18.6,302,1007.8,0,0,0,0,0.0,3600.0,43.6591,-70.2568,2022,3,29,15
2022-03-29 16:00:00,608.0,520.0,88.0,886.8,2.7,26,19.5,300,1007.6,2,0,2,1,0.0,3600.0,43.6591,-70.2568,2022,3,29,16
2022-03-29 17:00:00,439.0,362.0,77.0,812.0,2.5,26,20.3,300,1007.8,0,0,0,0,0.0,3600.0,43.6591,-70.2568,2022,3,29,17
2022-03-29 18:00:00,245.0,185.0,60.0,665.9,1.8,27,19.1,302,1008.4,0,0,0,0,0.0,3600.0,43.6591,-70.2568,2022,3,29,18
2022-03-29 19:00:00,64.0,41.0,23.0,363.1,0.1,32,15.5,301,1009.4,1,0,1,0,0.0,3593.1,43.6591,-70.2568,2022,3,29,19
2022-03-29 20:00:00,0.0,0.0,0.0,0.0,-2.6,47,18.1,313,1011.5,0,0,0,0,0.0,0.0,43.6591,-70.2568,2022,3,29,20
2022-03-29 21:00:00,0.0,0.0,0.0,0.0,-3.1,49,14.9,302,1012.1,2,0,2,0,0.0,0.0,43.6591,-70.2568,2022,3,29,21
2022-03-29 22:00:00,0.0,0.0,0.0,0.0,-3.3,50,14.7,292,1012.1,8,0,8,0,0.0,0.0,43.6591,-70.2568,2022,3,29,22
2022-03-29 23:00:00,0.0,0.0,0.0,0.0,-3.2,49,15.8,294,1012.2,20,6,0,15,0.0,0.0,43.6591,-70.2568,2022,3,29,23
2022-03-30 00:00:00,0.0,0.0,0.0,0.0,-3.2,50,17.1,295,1012.7,25,16,0,10,0.0,0.0,43.6591,-70.2568,2022,3,30,0
2022-03-30 01:00:00,0.0,0.0,0.0,0.0,-3.5,51,15.9,288,1012.6,13,13,0,0,0.0,0.0,43.6591,-70.2568,2022,3,30,1
2022-03-30 02:00:00,0.0,0.0,0.0,0.0,-3.5,51,14.6,286,1012.5,36,36,0,0,0.0,0.0,43.6591,-70.2568,2022,3,30,2
2022-03-30 03:00:00,0.0,0.0,0.0,0.0,-3.4,51,12.9,288,1012.5,0,0,0,0,0.0,0.0,43.6591,-70.2568,2022,3,30,3
2022-03-30 04:00:00,0.0,0.0,0.0,0.0,-3.5,52,11.9,295,1012.5,0,0,0,0,0.0,0.0,43.6591,-70.2568,2022,3,30,4
2022-03-30 05:00:00,0.0,0.0,0.0,0.0,-3.5,52,12.2,304,1013.0,0,0,0,0,0.0,0.0,43.6591,-70.2568,2022,3,30,5
2022-03-30 06:00:00,0.0,0.0,0.0,0.0,-3.5,53,13.8,313,1013.6,0,0,0,0,0.0,0.0,43.6591,-70.2568,2022,3,30,6
2022-03-30 07:00:00,12.0,5.0,7.0,77.7,-3.4,52,14.0,312,1014.4,0,0,0,0,0.0,721.56,43.6591,-70.2568,2022,3,30,7
2022-03-30 08:00:00,145.0,99.0,46.0,536.7,-2.0,51,14.3,280,1014.6,0,0,0,0,0.0,3600.0,43.6591,-70.2568,2022,3,30,8
2022-03-30 09:00:00,340.0,269.0,71.0,741.6,-0.2,45,15.2,292,1014.9,0,0,0,0,0.0,3600.0,43.6591,-70.2568,2022,3,30,9
2022-03-30 10:00:00,524.0,440.0,84.0,847.1,1.7,41,16.3,298,1015.2,0,0,0,0,0.0,3600.0,43.6591,-70.2568,2022,3,30,10
2022-03-30 11:00:00,675.0,583.0,92.0,905.4,3.5,37,17.6,298,1015.2,35,0,0,35,0.0,3600.0,43.6591,-70.2568,2022,3,30,11
2022-03-30 12:00:00,778.0,683.0,95.0,938.6,5.3,34,16.7,307,1014.6,43,0,0,43,0.0,3600.0,43.6591,-70.2568,2022,3,30,12
2022-03-30 13:00:00,821.0,711.0,110.0,929.3,6.9,31,16.6,304,1014.4,100,0,0,100,0.0,3600.0,43.6591,-70.2568,2022,3,30,13
2022-03-30 14:00:00,781.0,617.0,164.0,818.8,8.0,30,14.3,313,1013.7,100,0,0,100,0.0,3600.0,43.6591,-70.2568,2022,3,30,14
2022-03-30 15:00:00,715.0,577.0,138.0,831.6,8.6,29,12.4,306,1013.1,97,0,0,97,0.0,3600.0,43.6591,-70.2568,2022,3,30,15
2022-03-30 16:00:00,597.0,492.0,105.0,833.7,8.9,29,10.3,299,1012.2,100,0,0,100,0.0,3600.0,43.6591,-70.2568,2022,3,30,16
2022-03-30 17:00:00,411.0,291.0,120.0,647.4,8.8,30,9.3,283,1012.3,97,0,0,97,0.0,3600.0,43.6591,-70.2568,2022,3,30,17
2022-03-30 18:00:00,221.0,130.0,91.0,461.8,7.5,41,6.0,253,1012.7,100,0,22,100,0.0,3600.0,43.6591,-70.2568,2022,3,30,18
2022-03-30 19:00:00,42.0,6.0,36.0,52.3,5.0,44,12.9,243,1013.4,100,0,8,100,0.0,44.12,43.6591,-70.2568,2022,3,30,19
2022-03-30 20:00:00,0.0,0.0,0.0,0.0,4.2,46,11.6,254,1013.0,100,0,98,100,0.0,0.0,43.6591,-70.2568,2022,3,30,20
2022-03-30 21:00:00,0.0,0.0,0.0,0.0,3.7,45,8.4,239,1012.6,100,0,100,100,0.0,0.0,43.6591,-70.2568,2022,3,30,21
2022-03-30 22:00:00,0.0,0.0,0.0,0.0,3.6,48,7.4,231,1012.2,100,0,100,100,0.0,0.0,43.6591,-70.2568,2022,3,30,22
2022-03-30 23:00:00,0.0,0.0,0.0,0.0,3.7,49,11.0,221,1011.6,100,0,100,100,0.0,0.0,43.6591,-70.2568,2022,3,30,23
2022-03-31 00:00:00,0.0,0.0,0.0,0.0,3.9,50,7.7,217,1010.9,100,0,100,100,0.0,0.0,43.6591,-70.2568,2022,3,31,0
2022-03-31 01:00:00,0.0,0.0,0.0,0.0,3.7,54,9.2,206,1011.1,100,0,100,100,0.0,0.0,43.6591,-70.2568,2022,3,31,1
2022-03-31 02:00:00,0.0,0.0,0.0,0.0,3.7,52,8.0,216,1011.0,100,13,100,100,0.0,0.0,43.6591,-70.2568,2022,3,31,2
2022-03-31 03:00:00,0.0,0.0,0.0,0.0,3.2,55,9.5,189,1010.1,100,0,100,100,0.2,0.0,43.6591,-70.2568,2022,3,31,3
2022-03-31 04:00:00,0.0,0.0,0.0,0.0,1.0,99,12.0,187,1008.9,100,0,100,100,0.9,0.0,43.6591,-70.2568,2022,3,31,4
2022-03-31 05:00:00,0.0,0.0,0.0,0.0,1.5,92,11.4,198,1008.3,100,0,95,100,0.6,0.0,43.6591,-70.2568,2022,3,31,5
2022-03-31 06:00:00,0.0,0.0,0.0,0.0,1.5,91,9.2,201,1008.2,100,0,99,100,0.1,0.0,43.6591,-70.2568,2022,3,31,6
2022-03-31 07:00:00,4.0,0.0,4.0,0.0,1.8,92,10.1,180,1007.4,100,5,85,100,0.1,0.0,43.6591,-70.2568,2022,3,31,7
2022-03-31 08:00:00,57.0,0.0,57.0,0.0,2.3,94,6.8,183,1007.1,100,18,100,100,0.0,0.0,43.6591,-70.2568,2022,3,31,8
2022-03-31 09:00:00,137.0,24.0,113.0,65.2,3.8,94,4.3,138,1007.1,100,100,100,100,0.0,155.99,43.6591,-70.2568,2022,3,31,9
2022-03-31 10:00:00,129.0,0.0,129.0,0.0,4.9,90,7.4,137,1006.5,100,100,83,74,0.0,0.0,43.6591,-70.2568,2022,3,31,10
2022-03-31 11:00:00,197.0,10.0,187.0,15.4,6.4,84,10.3,168,1005.6,100,100,12,41,0.0,0.0,43.6591,-70.2568,2022,3,31,11
2022-03-31 12:00:00,214.0,35.0,179.0,47.8,7.4,84,10.1,178,1004.7,100,100,9,86,0.0,0.0,43.6591,-70.2568,2022,3,31,12
2022-03-31 13:00:00,196.0,12.0,184.0,15.6,8.2,85,6.2,173,1003.8,100,100,74,100,0.0,0.0,43.6591,-70.2568,2022,3,31,13
2022-03-31 14:00:00,179.0,4.0,175.0,5.3,8.5,85,5.2,124,1002.7,100,100,100,99,0.0,0.0,43.6591,-70.2568,2022,3,31,14
2022-03-31 15:00:00,207.0,11.0,196.0,15.8,9.1,85,5.9,104,1001.5,100,100,100,100,0.0,0.0,43.6591,-70.2568,2022,3,31,15
2022-03-31 16:00:00,145.0,9.0,136.0,15.2,8.8,89,6.5,96,1000.6,100,100,100,100,0.0,0.0,43.6591,-70.2568,2022,3,31,16
2022-03-31 17:00:00,81.0,0.0,81.0,0.0,7.9,93,10.9,107,999.3,100,100,100,100,0.1,0.0,43.6591,-70.2568,2022,3,31,17
2022-03-31 18:00:00,58.0,0.0,58.0,0.0,8.5,93,8.7,132,998.4,100,100,98,100,0.1,0.0,43.6591,-70.2568,2022,3,31,18
2022-03-31 19:00:00,13.0,0.0,13.0,0.0,12.2,93,22.7,198,997.4,100,99,66,100,0.1,0.0,43.6591,-70.2568,2022,3,31,19
2022-03-31 20:00:00,0.0,0.0,0.0,0.0,10.6,95,19.0,195,997.3,100,100,100,100,0.0,0.0,43.6591,-70.2568,2022,3,31,20
2022-03-31 21:00:00,0.0,0.0,0.0,0.0,11.2,95,20.2,191,996.9,100,20,59,100,0.2,0.0,43.6591,-70.2568,2022,3,31,21
2022-03-31 22:00:00,0.0,0.0,0.0,0.0,10.5,100,20.6,192,996.1,100,9,99,77,1.9,0.0,43.6591,-70.2568,2022,3,31,22
2022-03-31 23:00:00,0.0,0.0,0.0,0.0,10.6,100,22.6,188,995.1,100,84,100,82,0.9,0.0,43.6591,-70.2568,2022,3,31,23
2022-04-01 00:00:00,0.0,0.0,0.0,0.0,11.1,100,22.0,190,993.8,100,100,100,100,0.5,0.0,43.6591,-70.2568,2022,4,1,0
2022-04-01 01:00:00,0.0,0.0,0.0,0.0,11.6,100,22.4,195,993.1,100,100,65,70,1.1,0.0,43.6591,-70.2568,2022,4,1,1
2022-04-01 02:00:00,0.0,0.0,0.0,0.0,12.5,100,20.9,207,992.8,100,94,80,98,0.1,0.0,43.6591,-70.2568,2022,4,1,2
2022-04-01 03:00:00,0.0,0.0,0.0,0.0,12.4,100,15.9,208,992.0,65,33,43,8,0.0,0.0,43.6591,-70.2568,2022,4,1,3
2022-04-01 04:00:00,0.0,0.0,0.0,0.0,11.7,100,13.3,232,991.8,41,6,36,2,0.0,0.0,43.6591,-70.2568,2022,4,1,4
2022-04-01 05:00:00,0.0,0.0,0.0,0.0,11.1,100,12.2,242,991.6,18,1,13,5,0.0,0.0,43.6591,-70.2568,2022,4,1,5
2022-04-01 06:00:00,0.0,0.0,0.0,0.0,10.4,100,9.0,241,991.7,100,0,100,13,0.0,0.0,43.6591,-70.2568,2022,4,1,6
2022-04-01 07:00:00,5.0,0.0,5.0,0.0,10.0,100,7.6,295,992.6,99,11,97,56,0.0,0.0,43.6591,-70.2568,2022,4,1,7
2022-04-01 08:00:00,54.0,6.0,48.0,30.7,10.2,97,14.7,332,992.3,92,50,99,30,1.7,0.0,43.6591,-70.2568,2022,4,1,8
2022-04-01 09:00:00,94.0,8.0,86.0,21.4,10.0,100,17.0,339,992.1,90,13,87,30,1.5,0.0,43.6591,-70.2568,2022,4,1,9
2022-04-01 10:00:00,162.0,13.0,149.0,24.5,9.7,99,10.1,343,993.0,100,2,100,0,1.0,0.0,43.6591,-70.2568,2022,4,1,10
2022-04-01 11:00:00,85.0,1.0,84.0,1.5,9.0,100,8.9,317,993.3,100,32,100,0,0.8,0.0,43.6591,-70.2568,2022,4,1,11
2022-04-01 12:00:00,172.0,13.0,159.0,17.6,9.7,94,6.0,327,992.0,100,10,100,0,0.5,0.0,43.6591,-70.2568,2022,4,1,12
2022-04-01 13:00:00,186.0,0.0,186.0,0.0,9.9,93,5.7,325,991.4,100,100,71,0,0.4,0.0,43.6591,-70.2568,2022,4,1,13
2022-04-01 14:00:00,369.0,128.0,241.0,168.0,11.2,85,1.8,259,991.1,100,100,99,0,0.1,3240.73,43.6591,-70.2568,2022,4,1,14
2022-04-01 15:00:00,117.0,1.0,116.0,1.4,10.4,100,7.1,210,991.0,100,100,100,47,2.5,0.0,43.6591,-70.2568,2022,4,1,15
2022-04-01 16:00:00,66.0,4.0,62.0,6.7,8.9,93,15.2,248,991.6,100,29,100,0,1.5,0.0,43.6591,-70.2568,2022,4,1,16
2022-04-01 17:00:00,125.0,35.0,90.0,76.6,8.7,77,19.2,298,992.1,62,1,61,0,0.0,498.26,43.6591,-70.2568,2022,4,1,17
2022-04-01 18:00:00,215.0,120.0,95.0,415.5,8.9,63,18.7,295,992.7,13,5,9,0,0.0,3600.0,43.6591,-70.2568,2022,4,1,18
2022-04-01 19:00:00,67.0,39.0,28.0,329.4,7.6,63,17.1,288,993.9,15,4,12,1,0.0,3600.0,43.6591,-70.2568,2022,4,1,19
2022-04-01 20:00:00,0.0,0.0,0.0,0.0,6.9,75,18.4,273,994.9,68,2,62,33,0.0,0.0,43.6591,-70.2568,2022,4,1,20
2022-04-01 21:00:00,0.0,0.0,0.0,0.0,6.0,70,19.9,287,996.2,99,9,99,93,0.0,0.0,43.6591,-70.2568,2022,4,1,21
2022-04-01 22:00:00,0.0,0.0,0.0,0.0,5.3,65,18.9,284,997.0,55,6,52,0,0.0,0.0,43.6591,-70.2568,2022,4,1,22
2022-04-01 23:00:00,0.0,0.0,0.0,0.0,4.3,67,19.1,282,997.9,36,2,34,0,0.0,0.0,43.6591,-70.2568,2022,4,1,23
2022-04-02 00:00:00,0.0,0.0,0.0,0.0,3.6,65,19.9,283,998.9,90,0,57,86,0.0,0.0,43.6591,-70.2568,2022,4,2,0
2022-04-02 01:00:00,0.0,0.0,0.0,0.0,3.1,61,21.1,284,999.8,76,6,74,4,0.0,0.0,43.6591,-70.2568,2022,4,2,1
2022-04-02 02:00:00,0.0,0.0,0.0,0.0,2.7,59,20.1,285,1000.5,97,8,92,67,0.0,0.0,43.6591,-70.2568,2022,4,2,2
2022-04-02 03:00:00,0.0,0.0,0.0,0.0,2.2,58,19.1,286,1001.1,93,30,90,0,0.0,0.0,43.6591,-70.2568,2022,4,2,3
2022-04-02 04:00:00,0.0,0.0,0.0,0.0,1.9,57,17.7,287,1001.6,63,32,25,32,0.0,0.0,43.6591,-70.2568,2022,4,2,4
2022-04-02 05:00:00,0.0,0.0,0.0,0.0,1.3,58,16.6,288,1002.6,91,36,2,85,0.0,0.0,43.6591,-70.2568,2022,4,2,5
2022-04-02 06:00:00,0.0,0.0,0.0,0.0,0.8,58,15.8,291,1003.6,27,17,0,13,0.0,0.0,43.6591,-70.2568,2022,4,2,6
2022-04-02 07:00:00,16.0,6.0,10.0,82.5,0.8,58,15.3,294,1005.0,74,74,0,0,0.0,881.03,43.6591,-70.2568,2022,4,2,7
2022-04-02 08:00:00,153.0,99.0,54.0,492.4,2.3,53,21.9,303,1006.6,43,80,11,0,0.0,3600.0,43.6591,-70.2568,2022,4,2,8
2022-04-02 09:00:00,297.0,166.0,131.0,438.2,2.9,49,22.9,303,1007.0,45,45,0,0,0.0,3600.0,43.6591,-70.2568,2022,4,2,9
2022-04-02 10:00:00,529.0,433.0,96.0,809.6,3.8,46,20.8,298,1007.6,7,7,0,0,0.0,3600.0,43.6591,-70.2568,2022,4,2,10
2022-04-02 11:00:00,687.0,590.0,97.0,895.9,4.7,42,23.8,299,1007.9,4,4,0,0,0.0,3600.0,43.6591,-70.2568,2022,4,2,11
2022-04-02 12:00:00,787.0,681.0,106.0,918.4,5.8,39,22.7,299,1007.4,2,2,0,0,0.0,3600.0,43.6591,-70.2568,2022,4,2,12
2022-04-02 13:00:00,840.0,743.0,97.0,954.9,7.2,35,21.1,300,1007.4,1,1,0,0,0.0,3600.0,43.6591,-70.2568,2022,4,2,13
2022-04-02 14:00:00,828.0,733.0,95.0,957.1,8.0,34,21.4,295,1007.3,0,0,0,0,0.0,3600.0,43.6591,-70.2568,2022,4,2,14
2022-04-02 15:00:00,752.0,661.0,91.0,936.8,8.8,32,20.3,290,1007.3,9,0,0,9,0.0,3600.0,43.6591,-70.2568,2022,4,2,15
2022-04-02 16:00:00,622.0,537.0,85.0,892.9,9.2,31,19.5,293,1007.3,0,0,0,0,0.0,3600.0,43.6591,-70.2568,2022,4,2,16
2022-04-02 17:00:00,451.0,376.0,75.0,816.5,9.0,30,19.3,299,1007.4,0,0,0,0,0.0,3600.0,43.6591,-70.2568,2022,4,2,17
2022-04-02 18:00:00,258.0,199.0,59.0,680.5,8.1,35,14.3,304,1007.6,0,0,0,0,0.0,3600.0,43.6591,-70.2568,2022,4,2,18
2022-04-02 19:00:00,75.0,48.0,27.0,399.4,5.8,44,10.4,304,1008.2,0,0,0,0,0.0,3600.0,43.6591,-70.2568,2022,4,2,19
2022-04-02 20:00:00,0.0,0.0,0.0,0.0,3.7,52,8.9,310,1009.1,14,0,0,0,0.0,0.0,43.6591,-70.2568,2022,4,2,20
2022-04-02 21:00:00,0.0,0.0,0.0,0.0,2.8,59,7.4,313,1010.0,80,0,0,80,0.0,0.0,43.6591,-70.2568,2022,4,2,21
2022-04-02 22:00:00,0.0,0.0,0.0,0.0,2.0,64,6.4,308,1010.7,0,0,0,0,0.0,0.0,43.6591,-70.2568,2022,4,2,22
2022-04-02 23:00:00,0.0,0.0,0.0,0.0,1.4,67,6.4,317,1011.0,97,0,0,97,0.0,0.0,43.6591,-70.2568,2022,4,2,23
2022-04-03 00:00:00,0.0,0.0,0.0,0.0,1.0,68,6.0,335,1011.1,100,0,0,100,0.0,0.0,43.6591,-70.2568,2022,4,3,0
2022-04-03 01:00:00,0.0,0.0,0.0,0.0,1.0,66,9.3,344,1010.8,100,0,0,100,0.0,0.0,43.6591,-70.2568,2022,4,3,1
2022-04-03 02:00:00,0.0,0.0,0.0,0.0,1.0,62,10.4,2,1009.8,100,0,0,100,0.0,0.0,43.6591,-70.2568,2022,4,3,2
2022-04-03 03:00:00,0.0,0.0,0.0,0.0,0.9,62,9.1,353,1009.7,100,0,1,100,0.0,0.0,43.6591,-70.2568,2022,4,3,3
2022-04-03 04:00:00,0.0,0.0,0.0,0.0,0.1,66,9.0,358,1009.1,72,0,3,72,0.0,0.0,43.6591,-70.2568,2022,4,3,4
2022-04-03 05:00:00,0.0,0.0,0.0,0.0,-0.2,70,5.5,349,1009.4,95,0,52,94,0.0,0.0,43.6591,-70.2568,2022,4,3,5
2022-04-03 06:00:00,0.0,0.0,0.0,0.0,-0.2,72,4.1,308,1010.2,100,0,97,100,0.0,0.0,43.6591,-70.2568,2022,4,3,6
2022-04-03 07:00:00,16.0,2.0,14.0,26.5,0.3,74,6.4,333,1010.3,100,0,99,100,0.0,0.0,43.6591,-70.2568,2022,4,3,7
2022-04-03 08:00:00,113.0,25.0,88.0,121.0,2.3,69,4.3,360,1009.9,100,0,92,100,0.0,1831.01,43.6591,-70.2568,2022,4,3,8
2022-04-03 09:00:00,197.0,29.0,168.0,75.5,4.0,56,3.7,61,1009.3,100,0,100,100,0.0,465.06,43.6591,-70.2568,2022,4,3,9
2022-04-03 10:00:00,296.0,42.0,254.0,77.8,4.9,49,6.5,93,1008.8,100,0,100,100,0.0,533.79,43.6591,-70.2568,2022,4,3,10
2022-04-03 11:00:00,373.0,61.0,312.0,92.0,5.3,47,8.0,100,1008.2,100,0,100,100,0.0,958.74,43.6591,-70.2568,2022,4,3,11
2022-04-03 12:00:00,596.0,260.0,336.0,348.5,6.3,43,9.0,113,1008.0,100,0,100,100,0.0,3600.0,43.6591,-70.2568,2022,4,3,12
2022-04-03 13:00:00,617.0,268.0,349.0,342.5,6.3,44,10.4,124,1007.6,100,0,100,0,0.0,3600.0,43.6591,-70.2568,2022,4,3,13
2022-04-03 14:00:00,422.0,73.0,349.0,94.8,5.7,50,9.3,118,1007.1,100,0,100,93,0.0,1044.65,43.6591,-70.2568,2022,4,3,14
2022-04-03 15:00:00,333.0,45.0,288.0,63.4,5.3,57,8.0,117,1006.6,100,0,100,53,0.0,103.03,43.6591,-70.2568,2022,4,3,15
2022-04-03 16:00:00,246.0,28.0,218.0,46.3,4.8,62,6.6,99,1006.1,100,0,99,53,0.2,0.0,43.6591,-70.2568,2022,4,3,16
2022-04-03 17:00:00,266.0,81.0,185.0,174.5,4.7,66,4.9,107,1005.3,87,0,59,80,0.1,3435.98,43.6591,-70.2568,2022,4,3,17
2022-04-03 18:00:00,197.0,83.0,114.0,280.4,4.4,66,2.5,90,1005.3,100,0,96,100,0.0,3600.0,43.6591,-70.2568,2022,4,3,18
2022-04-03 19:00:00,39.0,6.0,33.0,49.2,3.3,77,5.2,106,1005.3,99,0,98,56,0.0,0.0,43.6591,-70.2568,2022,4,3,19
2022-04-03 20:00:00,0.0,0.0,0.0,0.0,2.4,84,4.4,99,1004.7,100,0,100,100,0.0,0.0,43.6591,-70.2568,2022,4,3,20
2022-04-03 21:00:00,0.0,0.0,0.0,0.0,3.1,85,5.7,125,1004.7,100,0,100,100,0.1,0.0,43.6591,-70.2568,2022,4,3,21
2022-04-03 22:00:00,0.0,0.0,0.0,0.0,2.5,87,3.5,294,1004.0,96,0,95,45,0.2,0.0,43.6591,-70.2568,2022,4,3,22
2022-04-03 23:00:00,0.0,0.0,0.0,0.0,2.1,89,10.5,292,1003.8,100,1,100,11,0.0,0.0,43.6591,-70.2568,2022,4,3,23
2022-04-04 00:00:00,0.0,0.0,0.0,0.0,2.2,87,11.1,299,1003.8,100,5,100,6,0.1,0.0,43.6591,-70.2568,2022,4,4,0
2022-04-04 01:00:00,0.0,0.0,0.0,0.0,2.4,81,13.0,332,1003.7,100,0,100,24,0.1,0.0,43.6591,-70.2568,2022,4,4,1
2022-04-04 02:00:00,0.0,0.0,0.0,0.0,1.8,83,14.3,326,1003.5,100,0,100,0,0.2,0.0,43.6591,-70.2568,2022,4,4,2
2022-04-04 03:00:00,0.0,0.0,0.0,0.0,1.6,85,15.0,330,1003.5,100,51,100,10,0.1,0.0,43.6591,-70.2568,2022,4,4,3
2022-04-04 04:00:00,0.0,0.0,0.0,0.0,1.9,85,14.9,328,1003.4,99,28,98,0,0.0,0.0,43.6591,-70.2568,2022,4,4,4
2022-04-04 05:00:00,0.0,0.0,0.0,0.0,1.6,84,16.4,320,1003.7,99,58,98,19,0.0,0.0,43.6591,-70.2568,2022,4,4,5
2022-04-04 06:00:00,0.0,0.0,0.0,0.0,1.8,78,16.2,323,1004.1,100,0,100,43,0.0,0.0,43.6591,-70.2568,2022,4,4,6
2022-04-04 07:00:00,16.0,2.0,14.0,25.6,1.9,71,16.4,320,1004.9,100,0,32,100,0.0,0.0,43.6591,-70.2568,2022,4,4,7
2022-04-04 08:00:00,150.0,77.0,73.0,363.2,3.5,67,16.3,315,1005.1,90,0,31,45,0.0,3600.0,43.6591,-70.2568,2022,4,4,8
2022-04-04 09:00:00,348.0,260.0,88.0,667.8,5.3,56,19.6,319,1005.1,60,0,59,2,0.0,3600.0,43.6591,-70.2568,2022,4,4,9
2022-04-04 10:00:00,530.0,424.0,106.0,778.1,6.8,44,23.0,331,1005.0,36,0,36,0,0.0,3600.0,43.6591,-70.2568,2022,4,4,10
2022-04-04 11:00:00,683.0,576.0,107.0,862.2,8.0,38,23.0,333,1005.0,0,0,0,0,0.0,3600.0,43.6591,-70.2568,2022,4,4,11
2022-04-04 12:00:00,791.0,692.0,99.0,922.0,9.1,34,23.1,329,1004.8,0,0,0,0,0.0,3600.0,43.6591,-70.2568,2022,4,4,12
2022-04-04 13:00:00,836.0,737.0,99.0,937.0,10.2,30,21.3,323,1005.1,0,0,0,0,0.0,3600.0,43.6591,-70.2568,2022,4,4,13
2022-04-04 14:00:00,823.0,727.0,96.0,939.5,11.1,28,20.1,314,1005.4,0,0,0,0,0.0,3600.0,43.6591,-70.2568,2022,4,4,14
2022-04-04 15:00:00,750.0,657.0,93.0,921.3,11.7,26,19.1,314,1005.3,0,0,0,0,0.0,3600.0,43.6591,-70.2568,2022,4,4,15
2022-04-04 16:00:00,625.0,539.0,86.0,885.5,11.8,25,18.6,316,1005.1,0,0,0,0,0.0,3600.0,43.6591,-70.2568,2022,4,4,16
2022-04-04 17:00:00,458.0,383.0,75.0,819.0,11.3,25,17.9,320,1005.2,0,0,0,0,0.0,3600.0,43.6591,-70.2568,2022,4,4,17
2022-04-04 18:00:00,267.0,207.0,60.0,690.9,10.2,32,14.5,318,1005.9,0,0,0,0,0.0,3600.0,43.6591,-70.2568,2022,4,4,18
2022-04-04 19:00:00,81.0,52.0,29.0,420.2,7.7,39,11.7,313,1006.9,26,0,0,26,0.0,3600.0,43.6591,-70.2568,2022,4,4,19
2022-04-04 20:00:00,0.0,0.0,0.0,0.0,6.6,39,15.2,329,1007.8,90,0,0,93,0.0,0.0,43.6591,-70.2568,2022,4,4,20
2022-04-04 21:00:00,0.0,0.0,0.0,0.0,6.3,41,15.9,342,1008.8,97,0,0,97,0.0,0.0,43.6591,-70.2568,2022,4,4,21
2022-04-04 22:00:00,0.0,0.0,0.0,0.0,5.4,45,12.6,340,1009.3,100,0,0,100,0.0,0.0,43.6591,-70.2568,2022,4,4,22
2022-04-04 23:00:00,0.0,0.0,0.0,0.0,3.9,53,9.2,312,1009.6,100,0,6,100,0.0,0.0,43.6591,-70.2568,2022,4,4,23
2022-04-05 00:00:00,0.0,0.0,0.0,0.0,2.7,62,9.6,290,1010.0,100,0,47,100,0.0,0.0,43.6591,-70.2568,2022,4,5,0
2022-04-05 01:00:00,0.0,0.0,0.0,0.0,2.2,64,10.2,288,1010.2,94,0,91,87,0.0,0.0,43.6591,-70.2568,2022,4,5,1
2022-04-05 02:00:00,0.0,0.0,0.0,0.0,2.0,63,11.6,286,1010.7,8,0,1,8,0.0,0.0,43.6591,-70.2568,2022,4,5,2
2022-04-05 03:00:00,0.0,0.0,0.0,0.0,1.6,64,12.2,284,1010.7,62,0,48,28,0.0,0.0,43.6591,-70.2568,2022,4,5,3
2022-04-05 04:00:00,0.0,0.0,0.0,0.0,1.4,65,12.5,282,1011.1,99,0,99,0,0.0,0.0,43.6591,-70.2568,2022,4,5,4
2022-04-05 05:00:00,0.0,0.0,0.0,0.0,1.8,64,11.5,284,1011.5,19,0,19,0,0.0,0.0,43.6591,-70.2568,2022,4,5,5
2022-04-05 06:00:00,0.0,0.0,0.0,0.0,1.0,67,11.8,290,1012.0,0,0,0,0,0.0,0.0,43.6591,-70.2568,2022,4,5,6
2022-04-05 07:00:00,23.0,12.0,11.0,148.2,1.3,69,11.5,290,1012.7,0,0,0,0,0.0,2383.06,43.6591,-70.2568,2022,4,5,7
2022-04-05 08:00:00,171.0,119.0,52.0,547.4,4.3,63,10.6,288,1013.0,0,0,0,0,0.0,3600.0,43.6591,-70.2568,2022,4,5,8
2022-04-05 09:00:00,365.0,292.0,73.0,740.1,7.6,54,9.8,294,1013.1,0,0,0,0,0.0,3600.0,43.6591,-70.2568,2022,4,5,9
2022-04-05 10:00:00,547.0,461.0,86.0,838.4,9.7,38,10.8,300,1013.4,0,0,0,0,0.0,3600.0,43.6591,-70.2568,2022,4,5,10
2022-04-05 11:00:00,694.0,601.0,93.0,893.3,10.8,35,10.3,299,1013.3,0,0,0,0,0.0,3600.0,43.6591,-70.2568,2022,4,5,11
2022-04-05 12:00:00,793.0,694.0,99.0,919.3,12.3,31,13.5,299,1012.8,91,0,91,0,0.0,3600.0,43.6591,-70.2568,2022,4,5,12
2022-04-05 13:00:00,705.0,445.0,260.0,562.8,12.8,32,10.4,290,1012.5,97,0,97,4,0.0,3600.0,43.6591,-70.2568,2022,4,5,13
2022-04-05 14:00:00,686.0,424.0,262.0,545.2,12.5,33,5.4,250,1011.8,100,0,100,72,0.0,3600.0,43.6591,-70.2568,2022,4,5,14
2022-04-05 15:00:00,456.0,112.0,344.0,156.2,12.3,36,3.5,156,1011.4,92,0,90,18,0.0,2886.99,43.6591,-70.2568,2022,4,5,15
2022-04-05 16:00:00,397.0,172.0,225.0,280.9,11.6,47,9.7,158,1011.4,100,0,100,0,0.0,3600.0,43.6591,-70.2568,2022,4,5,16
2022-04-05 17:00:00,209.0,45.0,164.0,95.5,10.7,55,11.6,196,1011.7,90,0,90,0,0.0,1065.07,43.6591,-70.2568,2022,4,5,17
2022-04-05 18:00:00,176.0,68.0,108.0,224.3,11.2,46,13.8,231,1012.4,19,0,19,0,0.0,3600.0,43.6591,-70.2568,2022,4,5,18
2022-04-05 19:00:00,80.0,49.0,31.0,390.4,8.4,55,7.4,219,1012.5,0,0,0,0,0.0,3600.0,43.6591,-70.2568,2022,4,5,19
2022-04-05 20:00:00,1.0,0.0,1.0,0.0,6.4,65,16.6,202,1012.6,18,0,1,2,0.0,0.0,43.6591,-70.2568,2022,4,5,20
2022-04-05 21:00:00,0.0,0.0,0.0,0.0,5.7,66,11.5,221,1013.3,1,0,0,1,0.0,0.0,43.6591,-70.2568,2022,4,5,21
2022-04-05 22:00:00,0.0,0.0,0.0,0.0,4.5,73,9.7,231,1012.9,69,0,0,69,0.0,0.0,43.6591,-70.2568,2022,4,5,22
2022-04-05 23:00:00,0.0,0.0,0.0,0.0,3.7,78,9.8,242,1012.8,91,0,0,91,0.0,0.0,43.6591,-70.2568,2022,4,5,23
2022-04-06 00:00:00,0.0,0.0,0.0,0.0,2.9,83,6.1,310,1013.4,99,0,0,99,0.0,0.0,43.6591,-70.2568,2022,4,6,0
2022-04-06 01:00:00,0.0,0.0,0.0,0.0,1.8,89,8.1,347,1013.2,88,0,0,88,0.0,0.0,43.6591,-70.2568,2022,4,6,1
2022-04-06 02:00:00,0.0,0.0,0.0,0.0,1.4,91,10.9,354,1013.3,100,0,33,100,0.0,0.0,43.6591,-70.2568,2022,4,6,2
2022-04-06 03:00:00,0.0,0.0,0.0,0.0,1.6,89,12.1,12,1013.0,100,0,0,100,0.0,0.0,43.6591,-70.2568,2022,4,6,3
2022-04-06 04:00:00,0.0,0.0,0.0,0.0,1.8,85,12.2,19,1012.8,100,0,0,100,0.0,0.0,43.6591,-70.2568,2022,4,6,4
2022-04-06 05:00:00,0.0,0.0,0.0,0.0,2.1,82,10.7,33,1012.8,100,0,0,100,0.0,0.0,43.6591,-70.2568,2022,4,6,5
2022-04-06 06:00:00,0.0,0.0,0.0,0.0,2.2,78,12.2,34,1013.1,100,0,0,100,0.0,0.0,43.6591,-70.2568,2022,4,6,6
2022-04-06 07:00:00,17.0,1.0,16.0,12.0,2.7,73,12.8,40,1013.2,100,0,0,100,0.0,0.0,43.6591,-70.2568,2022,4,6,7
2022-04-06 08:00:00,132.0,39.0,93.0,175.1,4.2,63,8.7,38,1013.7,100,0,0,99,0.0,3452.4,43.6591,-70.2568,2022,4,6,8
2022-04-06 09:00:00,351.0,256.0,95.0,640.5,6.2,53,10.7,57,1014.0,78,0,0,78,0.0,3600.0,43.6591,-70.2568,2022,4,6,9
2022-04-06 10:00:00,509.0,367.0,142.0,661.6,7.5,54,13.9,69,1013.9,100,0,0,100,0.0,3600.0,43.6591,-70.2568,2022,4,6,10
2022-04-06 11:00:00,606.0,372.0,234.0,549.2,8.3,59,14.8,76,1013.6,100,0,16,100,0.0,3600.0,43.6591,-70.2568,2022,4,6,11
2022-04-06 12:00:00,685.0,446.0,239.0,587.4,9.1,59,14.3,78,1012.9,100,0,59,100,0.0,3600.0,43.6591,-70.2568,2022,4,6,12
2022-04-06 13:00:00,634.0,417.0,217.0,524.7,9.2,60,13.8,96,1012.9,100,0,99,100,0.0,3600.0,43.6591,-70.2568,2022,4,6,13
2022-04-06 14:00:00,408.0,78.0,330.0,99.8,8.0,66,12.5,102,1012.3,100,0,93,100,0.0,1193.96,43.6591,-70.2568,2022,4,6,14
2022-04-06 15:00:00,541.0,228.0,313.0,316.4,8.2,67,13.0,104,1011.8,97,0,97,5,0.0,3600.0,43.6591,-70.2568,2022,4,6,15
2022-04-06 16:00:00,407.0,125.0,282.0,203.0,7.8,71,10.5,96,1011.6,100,0,100,0,0.0,3600.0,43.6591,-70.2568,2022,4,6,16
2022-04-06 17:00:00,307.0,121.0,186.0,254.9,7.5,74,8.1,103,1011.6,75,0,75,0,0.0,3600.0,43.6591,-70.2568,2022,4,6,17
2022-04-06 18:00:00,180.0,71.0,109.0,231.5,6.6,79,7.6,93,1011.3,2,0,2,0,0.0,3600.0,43.6591,-70.2568,2022,4,6,18
2022-04-06 19:00:00,82.0,50.0,32.0,392.9,4.9,89,7.3,81,1010.9,10,0,0,10,0.0,3600.0,43.6591,-70.2568,2022,4,6,19
2022-04-06 20:00:00,1.0,0.0,1.0,0.0,3.8,94,4.7,99,1011.1,93,0,6,94,0.0,0.0,43.6591,-70.2568,2022,4,6,20
2022-04-06 21:00:00,0.0,0.0,0.0,0.0,4.3,93,4.1,75,1011.5,93,0,0,93,0.0,0.0,43.6591,-70.2568,2022,4,6,21
2022-04-06 22:00:00,0.0,0.0,0.0,0.0,4.9,90,3.8,49,1012.0,96,0,0,96,0.0,0.0,43.6591,-70.2568,2022,4,6,22
2022-04-06 23:00:00,0.0,0.0,0.0,0.0,3.9,92,4.9,54,1011.4,41,0,0,41,0.0,0.0,43.6591,-70.2568,2022,4,6,23
2022-04-07 00:00:00,0.0,0.0,0.0,0.0,3.5,93,5.8,22,1011.3,19,0,1,18,0.0,0.0,43.6591,-70.2568,2022,4,7,0
2022-04-07 01:00:00,0.0,0.0,0.0,0.0,2.5,94,10.1,17,1011.4,30,0,2,29,0.0,0.0,43.6591,-70.2568,2022,4,7,1
2022-04-07 02:00:00,0.0,0.0,0.0,0.0,1.7,95,9.4,4,1011.4,96,0,4,96,0.0,0.0,43.6591,-70.2568,2022,4,7,2
2022-04-07 03:00:00,0.0,0.0,0.0,0.0,1.2,96,10.1,2,1012.0,18,0,1,18,0.0,0.0,43.6591,-70.2568,2022,4,7,3
2022-04-07 04:00:00,0.0,0.0,0.0,0.0,1.2,95,9.1,9,1012.4,100,0,21,100,0.0,0.0,43.6591,-70.2568,2022,4,7,4
2022-04-07 05:00:00,0.0,0.0,0.0,0.0,1.3,95,10.0,26,1012.6,100,0,5,100,0.0,0.0,43.6591,-70.2568,2022,4,7,5
2022-04-07 06:00:00,0.0,0.0,0.0,0.0,1.9,93,11.5,39,1012.3,100,0,10,100,0.0,0.0,43.6591,-70.2568,2022,4,7,6
2022-04-07 07:00:00,13.0,0.0,13.0,0.0,2.7,89,10.0,30,1013.2,100,0,29,100,0.0,0.0,43.6591,-70.2568,2022,4,7,7
2022-04-07 08:00:00,91.0,6.0,85.0,26.3,4.4,84,9.0,61,1013.1,100,0,100,100,0.0,0.0,43.6591,-70.2568,2022,4,7,8
2022-04-07 09:00:00,153.0,18.0,135.0,44.5,5.3,75,10.8,75,1013.3,100,0,98,100,0.0,0.0,43.6591,-70.2568,2022,4,7,9
2022-04-07 10:00:00,403.0,189.0,214.0,337.8,7.0,59,14.4,86,1013.6,100,0,95,100,0.0,3600.0,43.6591,-70.2568,2022,4,7,10
2022-04-07 11:00:00,419.0,100.0,319.0,146.6,7.1,58,14.4,93,1014.2,100,0,100,100,0.0,2599.31,43.6591,-70.2568,2022,4,7,11
2022-04-07 12:00:00,241.0,22.0,219.0,28.8,6.3,64,15.5,87,1014.0,100,0,100,100,0.0,0.0,43.6591,-70.2568,2022,4,7,12
2022-04-07 13:00:00,195.0,4.0,191.0,5.0,6.1,69,17.4,83,1013.5,100,0,100,100,0.0,0.0,43.6591,-70.2568,2022,4,7,13
2022-04-07 14:00:00,113.0,0.0,113.0,0.0,5.6,80,18.5,83,1013.3,100,0,100,100,0.2,0.0,43.6591,-70.2568,2022,4,7,14
2022-04-07 15:00:00,168.0,0.0,168.0,0.0,5.9,82,16.6,91,1013.4,100,0,100,100,0.1,0.0,43.6591,-70.2568,2022,4,7,15
2022-04-07 16:00:00,184.0,13.0,171.0,21.0,6.1,75,17.0,96,1013.4,100,0,99,100,0.0,0.0,43.6591,-70.2568,2022,4,7,16
2022-04-07 17:00:00,118.0,0.0,118.0,0.0,6.0,71,16.3,96,1013.0,100,0,98,100,0.0,0.0,43.6591,-70.2568,2022,4,7,17
2022-04-07 18:00:00,81.0,3.0,78.0,9.7,5.7,72,17.0,96,1012.7,100,0,100,100,0.0,0.0,43.6591,-70.2568,2022,4,7,18
2022-04-07 19:00:00,20.0,0.0,20.0,0.0,5.5,71,20.3,97,1012.7,100,0,96,100,0.0,0.0,43.6591,-70.2568,2022,4,7,19
2022-04-07 20:00:00,1.0,0.0,1.0,0.0,4.9,79,19.8,87,1013.2,100,0,89,100,0.0,0.0,43.6591,-70.2568,2022,4,7,20
2022-04-07 21:00:00,0.0,0.0,0.0,0.0,5.2,75,22.7,89,1013.0,100,0,92,100,0.0,0.0,43.6591,-70.2568,2022,4,7,21
2022-04-07 22:00:00,0.0,0.0,0.0,0.0,5.2,71,25.2,92,1012.1,100,0,100,13,0.0,0.0,43.6591,-70.2568,2022,4,7,22
2022-04-07 23:00:00,0.0,0.0,0.0,0.0,5.3,69,25.2,93,1011.3,100,0,100,77,0.0,0.0,43.6591,-70.2568,2022,4,7,23
2022-04-08 00:00:00,0.0,0.0,0.0,0.0,5.4,67,25.2,92,1010.3,100,0,100,100,0.0,0.0,43.6591,-70.2568,2022,4,8,0
2022-04-08 01:00:00,0.0,0.0,0.0,0.0,5.3,69,26.4,95,1008.9,100,92,100,87,0.1,0.0,43.6591,-70.2568,2022,4,8,1
2022-04-08 02:00:00,0.0,0.0,0.0,0.0,4.3,85,27.1,95,1007.1,100,100,100,100,1.1,0.0,43.6591,-70.2568,2022,4,8,2
2022-04-08 03:00:00,0.0,0.0,0.0,0.0,3.7,99,25.6,93,1005.8,100,100,100,100,1.7,0.0,43.6591,-70.2568,2022,4,8,3
2022-04-08 04:00:00,0.0,0.0,0.0,0.0,4.4,100,26.0,95,1004.9,100,100,100,100,4.9,0.0,43.6591,-70.2568,2022,4,8,4
2022-04-08 05:00:00,0.0,0.0,0.0,0.0,5.0,100,25.1,98,1003.0,100,100,100,88,2.5,0.0,43.6591,-70.2568,2022,4,8,5
2022-04-08 06:00:00,0.0,0.0,0.0,0.0,5.4,100,24.9,95,1001.4,100,100,100,92,6.8,0.0,43.6591,-70.2568,2022,4,8,6
2022-04-08 07:00:00,2.0,0.0,2.0,0.0,6.3,100,30.0,100,999.4,100,100,100,94,2.5,0.0,43.6591,-70.2568,2022,4,8,7
2022-04-08 08:00:00,11.0,0.0,11.0,0.0,7.1,92,7.5,35,1000.3,100,100,100,25,1.5,0.0,43.6591,-70.2568,2022,4,8,8
2022-04-08 09:00:00,33.0,1.0,32.0,2.4,7.0,100,17.1,18,999.0,100,100,98,0,14.5,0.0,43.6591,-70.2568,2022,4,8,9
2022-04-08 10:00:00,188.0,26.0,162.0,46.1,8.6,100,18.2,82,997.9,100,100,100,0,5.2,0.0,43.6591,-70.2568,2022,4,8,10
2022-04-08 11:00:00,205.0,16.0,189.0,23.3,9.2,100,15.5,108,997.3,100,100,21,0,2.3,0.0,43.6591,-70.2568,2022,4,8,11
2022-04-08 12:00:00,158.0,3.0,155.0,3.9,9.6,100,17.0,174,996.7,100,100,0,0,2.8,0.0,43.6591,-70.2568,2022,4,8,12
2022-04-08 13:00:00,167.0,3.0,164.0,3.7,9.4,99,13.3,178,995.7,100,100,0,0,0.2,0.0,43.6591,-70.2568,2022,4,8,13
2022-04-08 14:00:00,401.0,92.0,309.0,116.6,10.9,92,14.7,202,995.5,100,100,0,0,0.0,1697.71,43.6591,-70.2568,2022,4,8,14
2022-04-08 15:00:00,327.0,77.0,250.0,105.8,13.0,86,12.2,242,995.6,100,100,3,0,0.2,1374.31,43.6591,-70.2568,2022,4,8,15
2022-04-08 16:00:00,186.0,8.0,178.0,12.8,12.6,75,15.1,273,996.6,54,54,0,0,0.0,0.0,43.6591,-70.2568,2022,4,8,16
2022-04-08 17:00:00,351.0,187.0,164.0,388.3,13.6,64,17.2,280,997.2,55,55,0,0,0.0,3600.0,43.6591,-70.2568,2022,4,8,17
2022-04-08 18:00:00,184.0,79.0,105.0,251.9,13.5,61,11.3,277,997.7,17,0,17,0,0.0,3600.0,43.6591,-70.2568,2022,4,8,18
2022-04-08 19:00:00,80.0,47.0,33.0,359.6,11.2,69,9.1,263,998.2,7,0,7,0,0.0,3600.0,43.6591,-70.2568,2022,4,8,19
2022-04-08 20:00:00,2.0,0.0,2.0,0.0,8.8,79,15.7,261,999.6,0,0,0,0,0.0,0.0,43.6591,-70.2568,2022,4,8,20
2022-04-08 21:00:00,0.0,0.0,0.0,0.0,8.7,74,13.3,268,1001.0,0,0,0,0,0.0,0.0,43.6591,-70.2568,2022,4,8,21
2022-04-08 22:00:00,0.0,0.0,0.0,0.0,7.7,77,10.9,276,1001.7,0,0,0,0,0.0,0.0,43.6591,-70.2568,2022,4,8,22
2022-04-08 23:00:00,0.0,0.0,0.0,0.0,6.3,83,9.4,270,1002.0,0,0,0,0,0.0,0.0,43.6591,-70.2568,2022,4,8,23
2022-04-09 00:00:00,0.0,0.0,0.0,0.0,5.2,87,7.9,273,1002.4,0,0,0,0,0.0,0.0,43.6591,-70.2568,2022,4,9,0
2022-04-09 01:00:00,0.0,0.0,0.0,0.0,4.4,89,8.0,288,1002.2,0,0,0,0,0.0,0.0,43.6591,-70.2568,2022,4,9,1
2022-04-09 02:00:00,0.0,0.0,0.0,0.0,3.5,92,6.9,321,1001.7,0,0,0,0,0.0,0.0,43.6591,-70.2568,2022,4,9,2
2022-04-09 03:00:00,0.0,0.0,0.0,0.0,2.8,94,6.6,338,1001.6,0,0,0,0,0.0,0.0,43.6591,-70.2568,2022,4,9,3
2022-04-09 04:00:00,0.0,0.0,0.0,0.0,2.3,95,4.7,9,1001.8,80,0,80,0,0.0,0.0,43.6591,-70.2568,2022,4,9,4
2022-04-09 05:00:00,0.0,0.0,0.0,0.0,2.7,93,5.4,42,1001.7,67,0,55,27,0.0,0.0,43.6591,-70.2568,2022,4,9,5
2022-04-09 06:00:00,0.0,0.0,0.0,0.0,1.3,98,5.1,231,1002.0,95,5,94,0,0.0,0.0,43.6591,-70.2568,2022,4,9,6
2022-04-09 07:00:00,26.0,7.0,19.0,76.4,2.7,97,4.5,346,1001.9,97,4,97,0,0.0,843.33,43.6591,-70.2568,2022,4,9,7
2022-04-09 08:00:00,132.0,31.0,101.0,130.0,5.5,94,7.2,63,1002.1,100,63,94,0,0.0,2100.27,43.6591,-70.2568,2022,4,9,8
2022-04-09 09:00:00,243.0,59.0,184.0,142.3,6.4,91,6.8,65,1001.8,100,73,100,0,0.0,2468.11,43.6591,-70.2568,2022,4,9,9
2022-04-09 10:00:00,167.0,11.0,156.0,19.3,6.3,92,5.8,60,1001.6,99,69,98,0,0.0,0.0,43.6591,-70.2568,2022,4,9,10
2022-04-09 11:00:00,371.0,117.0,254.0,169.4,7.7,89,8.0,82,1001.2,100,58,100,0,1.3,3281.08,43.6591,-70.2568,2022,4,9,11
2022-04-09 12:00:00,194.0,0.0,194.0,0.0,6.8,94,10.4,70,1000.1,99,70,95,0,0.3,0.0,43.6591,-70.2568,2022,4,9,12
2022-04-09 13:00:00,481.0,152.0,329.0,188.4,8.5,84,12.0,106,999.5,89,29,86,2,0.0,3600.0,43.6591,-70.2568,2022,4,9,13
2022-04-09 14:00:00,581.0,260.0,321.0,328.0,9.6,78,13.5,136,998.6,100,4,100,22,0.0,3600.0,43.6591,-70.2568,2022,4,9,14
2022-04-09 15:00:00,427.0,102.0,325.0,139.5,8.7,100,10.0,131,998.1,100,11,100,96,1.3,2384.78,43.6591,-70.2568,2022,4,9,15
2022-04-09 16:00:00,68.0,0.0,68.0,0.0,7.0,100,11.9,115,997.0,100,58,97,100,0.4,0.0,43.6591,-70.2568,2022,4,9,16
2022-04-09 17:00:00,162.0,13.0,149.0,26.8,7.0,100,10.6,125,996.9,100,100,91,22,0.4,0.0,43.6591,-70.2568,2022,4,9,17
2022-04-09 18:00:00,127.0,25.0,102.0,78.9,6.7,100,9.1,108,996.3,100,100,86,0,0.5,565.52,43.6591,-70.2568,2022,4,9,18
2022-04-09 19:00:00,42.0,13.0,29.0,97.0,6.3,98,2.6,106,996.1,34,14,24,0,0.2,1111.14,43.6591,-70.2568,2022,4,9,19
2022-04-09 20:00:00,2.0,0.0,2.0,0.0,5.4,99,5.8,277,996.6,13,51,0,0,0.0,0.0,43.6591,-70.2568,2022,4,9,20
2022-04-09 21:00:00,0.0,0.0,0.0,0.0,4.9,100,10.5,274,997.3,1,1,0,0,0.0,0.0,43.6591,-70.2568,2022,4,9,21
2022-04-09 22:00:00,0.0,0.0,0.0,0.0,4.2,97,11.2,276,997.5,1,1,0,0,0.0,0.0,43.6591,-70.2568,2022,4,9,22
2022-04-09 23:00:00,0.0,0.0,0.0,0.0,3.8,97,12.7,285,997.5,2,2,0,0,0.0,0.0,43.6591,-70.2568,2022,4,9,23
2022-04-10 00:00:00,0.0,0.0,0.0,0.0,3.5,96,12.6,290,997.5,1,1,0,0,0.0,0.0,43.6591,-70.2568,2022,4,10,0
2022-04-10 01:00:00,0.0,0.0,0.0,0.0,3.1,96,11.9,295,997.5,1,1,0,0,0.0,0.0,43.6591,-70.2568,2022,4,10,1
2022-04-10 02:00:00,0.0,0.0,0.0,0.0,2.6,96,10.0,291,997.2,17,2,0,16,0.0,0.0,43.6591,-70.2568,2022,4,10,2
2022-04-10 03:00:00,0.0,0.0,0.0,0.0,2.2,95,9.0,293,997.3,96,1,0,96,0.0,0.0,43.6591,-70.2568,2022,4,10,3
2022-04-10 04:00:00,0.0,0.0,0.0,0.0,1.8,95,9.5,299,996.9,99,0,0,99,0.0,0.0,43.6591,-70.2568,2022,4,10,4
2022-04-10 05:00:00,0.0,0.0,0.0,0.0,1.6,95,11.3,307,996.8,100,0,0,100,0.0,0.0,43.6591,-70.2568,2022,4,10,5
2022-04-10 06:00:00,0.0,0.0,0.0,0.0,1.4,95,11.0,308,997.0,81,0,0,81,0.0,0.0,43.6591,-70.2568,2022,4,10,6
2022-04-10 07:00:00,35.0,16.0,19.0,170.0,1.8,96,10.2,302,997.6,53,1,0,52,0.0,2907.27,43.6591,-70.2568,2022,4,10,7
2022-04-10 08:00:00,189.0,124.0,65.0,509.2,4.3,96,7.1,285,998.0,100,28,4,13,0.0,3600.0,43.6591,-70.2568,2022,4,10,8
2022-04-10 09:00:00,368.0,270.0,98.0,643.5,7.1,86,7.0,291,998.3,45,20,7,26,0.0,3600.0,43.6591,-70.2568,2022,4,10,9
2022-04-10 10:00:00,534.0,426.0,108.0,742.7,8.8,66,16.6,311,998.2,46,36,17,13,0.0,3600.0,43.6591,-70.2568,2022,4,10,10
2022-04-10 11:00:00,518.0,355.0,163.0,510.7,9.7,59,17.7,303,997.9,26,16,19,3,0.0,3600.0,43.6591,-70.2568,2022,4,10,11
2022-04-10 12:00:00,749.0,606.0,143.0,781.0,11.3,51,20.0,300,997.1,21,4,18,0,0.0,3600.0,43.6591,-70.2568,2022,4,10,12
2022-04-10 13:00:00,815.0,664.0,151.0,819.3,12.1,46,21.6,300,996.5,37,7,17,18,0.0,3600.0,43.6591,-70.2568,2022,4,10,13
2022-04-10 14:00:00,802.0,660.0,142.0,828.8,12.2,43,22.5,309,996.0,29,2,28,0,0.0,3600.0,43.6591,-70.2568,2022,4,10,14
2022-04-10 15:00:00,686.0,537.0,149.0,730.9,11.5,44,25.3,310,996.2,14,10,5,0,0.0,3600.0,43.6591,-70.2568,2022,4,10,15
2022-04-10 16:00:00,596.0,477.0,119.0,757.6,11.2,46,22.2,302,996.3,3,1,2,0,0.0,3600.0,43.6591,-70.2568,2022,4,10,16
2022-04-10 17:00:00,457.0,370.0,87.0,757.7,10.8,44,22.5,310,997.0,60,3,2,58,0.0,3600.0,43.6591,-70.2568,2022,4,10,17
2022-04-10 18:00:00,271.0,196.0,75.0,611.6,10.0,46,18.1,311,998.1,95,1,0,95,0.0,3600.0,43.6591,-70.2568,2022,4,10,18
2022-04-10 19:00:00,92.0,51.0,41.0,370.9,8.4,52,15.6,308,999.4,92,1,7,92,0.0,3600.0,43.6591,-70.2568,2022,4,10,19
2022-04-10 20:00:00,2.0,0.0,2.0,0.0,7.4,55,18.4,310,1000.9,42,5,35,72,0.0,0.0,43.6591,-70.2568,2022,4,10,20
2022-04-10 21:00:00,0.0,0.0,0.0,0.0,6.2,59,18.2,308,1001.9,43,8,2,38,0.0,0.0,43.6591,-70.2568,2022,4,10,21
2022-04-10 22:00:00,0.0,0.0,0.0,0.0,5.3,63,17.5,302,1002.7,24,21,4,0,0.0,0.0,43.6591,-70.2568,2022,4,10,22
2022-04-10 23:00:00,0.0,0.0,0.0,0.0,5.0,65,17.9,304,1003.2,88,28,2,84,0.0,0.0,43.6591,-70.2568,2022,4,10,23
2022-04-11 00:00:00,0.0,0.0,0.0,0.0,5.1,64,19.2,308,1003.8,94,10,0,93,0.0,0.0,43.6591,-70.2568,2022,4,11,0
2022-04-11 01:00:00,0.0,0.0,0.0,0.0,4.8,63,20.2,309,1004.3,6,0,0,6,0.0,0.0,43.6591,-70.2568,2022,4,11,1
2022-04-11 02:00:00,0.0,0.0,0.0,0.0,4.5,62,20.1,313,1004.7,42,41,17,0,0.0,0.0,43.6591,-70.2568,2022,4,11,2
2022-04-11 03:00:00,0.0,0.0,0.0,0.0,4.2,62,19.1,316,1005.4,22,13,10,0,0.0,0.0,43.6591,-70.2568,2022,4,11,3
2022-04-11 04:00:00,0.0,0.0,0.0,0.0,4.0,63,18.6,317,1006.3,56,49,18,0,0.0,0.0,43.6591,-70.2568,2022,4,11,4
2022-04-11 05:00:00,0.0,0.0,0.0,0.0,3.8,64,18.4,320,1007.6,71,69,12,0,0.0,0.0,43.6591,-70.2568,2022,4,11,5
2022-04-11 06:00:00,0.0,0.0,0.0,0.0,3.7,66,16.6,321,1008.8,4,4,0,0,0.0,0.0,43.6591,-70.2568,2022,4,11,6
2022-04-11 07:00:00,37.0,18.0,19.0,186.2,3.8,69,15.0,316,1009.9,0,0,0,0,0.0,3009.09,43.6591,-70.2568,2022,4,11,7
2022-04-11 08:00:00,198.0,140.0,58.0,563.3,5.9,62,15.5,316,1011.1,0,0,0,0,0.0,3600.0,43.6591,-70.2568,2022,4,11,8
2022-04-11 09:00:00,391.0,313.0,78.0,737.6,7.6,57,17.1,314,1011.6,0,0,0,0,0.0,3600.0,43.6591,-70.2568,2022,4,11,9
2022-04-11 10:00:00,571.0,481.0,90.0,832.1,9.5,53,14.3,317,1011.8,0,0,0,0,0.0,3600.0,43.6591,-70.2568,2022,4,11,10
2022-04-11 11:00:00,717.0,621.0,96.0,888.0,11.4,48,13.5,318,1011.8,0,0,0,0,0.0,3600.0,43.6591,-70.2568,2022,4,11,11
2022-04-11 12:00:00,816.0,716.0,100.0,918.1,13.1,43,12.7,313,1011.6,0,0,0,0,0.0,3600.0,43.6591,-70.2568,2022,4,11,12
2022-04-11 13:00:00,857.0,756.0,101.0,928.6,14.3,39,12.8,308,1011.4,0,0,0,0,0.0,3600.0,43.6591,-70.2568,2022,4,11,13
2022-04-11 14:00:00,840.0,741.0,99.0,926.4,15.3,36,11.1,306,1011.2,0,0,0,0,0.0,3600.0,43.6591,-70.2568,2022,4,11,14
2022-04-11 15:00:00,766.0,670.0,96.0,907.8,15.5,38,7.0,249,1011.0,0,0,0,0,0.0,3600.0,43.6591,-70.2568,2022,4,11,15
2022-04-11 16:00:00,637.0,545.0,92.0,861.1,15.2,41,6.8,212,1009.9,0,0,0,0,0.0,3600.0,43.6591,-70.2568,2022,4,11,16
2022-04-11 17:00:00,473.0,394.0,79.0,801.4,15.0,42,10.0,232,1009.5,84,0,0,84,0.0,3600.0,43.6591,-70.2568,2022,4,11,17
2022-04-11 18:00:00,279.0,208.0,71.0,642.3,13.9,45,10.8,233,1009.6,97,0,0,97,0.0,3600.0,43.6591,-70.2568,2022,4,11,18
2022-04-11 19:00:00,91.0,43.0,48.0,304.9,11.1,56,9.4,227,1010.0,81,0,0,81,0.0,3600.0,43.6591,-70.2568,2022,4,11,19
2022-04-11 20:00:00,3.0,1.0,2.0,19.1,10.0,54,8.1,249,1010.0,27,0,36,0,0.0,0.0,43.6591,-70.2568,2022,4,11,20
2022-04-11 21:00:00,0.0,0.0,0.0,0.0,8.9,61,9.5,245,1010.8,99,0,99,17,0.0,0.0,43.6591,-70.2568,2022,4,11,21
2022-04-11 22:00:00,0.0,0.0,0.0,0.0,8.3,67,8.5,234,1010.5,22,0,6,16,0.0,0.0,43.6591,-70.2568,2022,4,11,22
2022-04-11 23:00:00,0.0,0.0,0.0,0.0,6.8,76,11.2,228,1010.3,50,0,31,30,0.0,0.0,43.6591,-70.2568,2022,4,11,23
2022-04-12 00:00:00,0.0,0.0,0.0,0.0,6.9,72,11.4,235,1010.1,100,0,100,62,0.0,0.0,43.6591,-70.2568,2022,4,12,0
2022-04-12 01:00:00,0.0,0.0,0.0,0.0,8.1,65,10.0,232,1009.6,100,0,72,100,0.0,0.0,43.6591,-70.2568,2022,4,12,1
2022-04-12 02:00:00,0.0,0.0,0.0,0.0,7.9,64,12.3,238,1009.4,97,0,95,67,0.0,0.0,43.6591,-70.2568,2022,4,12,2
2022-04-12 03:00:00,0.0,0.0,0.0,0.0,6.9,84,11.8,230,1009.0,100,1,100,75,1.6,0.0,43.6591,-70.2568,2022,4,12,3
2022-04-12 04:00:00,0.0,0.0,0.0,0.0,6.8,86,10.0,218,1007.9,100,22,100,96,0.0,0.0,43.6591,-70.2568,2022,4,12,4
2022-04-12 05:00:00,0.0,0.0,0.0,0.0,6.6,89,13.8,229,1008.1,100,97,100,100,0.0,0.0,43.6591,-70.2568,2022,4,12,5
2022-04-12 06:00:00,0.0,0.0,0.0,0.0,6.7,90,11.3,248,1007.8,100,100,100,65,0.4,0.0,43.6591,-70.2568,2022,4,12,6
2022-04-12 07:00:00,4.0,0.0,4.0,0.0,6.4,100,9.2,244,1007.7,100,100,100,15,0.5,0.0,43.6591,-70.2568,2022,4,12,7
2022-04-12 08:00:00,38.0,0.0,38.0,0.0,8.2,95,9.1,279,1007.9,100,98,100,77,0.1,0.0,43.6591,-70.2568,2022,4,12,8
2022-04-12 09:00:00,97.0,2.0,95.0,4.7,8.6,93,10.9,304,1008.0,100,31,100,24,0.0,0.0,43.6591,-70.2568,2022,4,12,9
2022-04-12 10:00:00,126.0,1.0,125.0,1.7,9.2,90,10.3,295,1008.9,100,100,100,99,0.2,0.0,43.6591,-70.2568,2022,4,12,10
2022-04-12 11:00:00,124.0,4.0,120.0,5.7,9.4,92,9.0,299,1008.9,100,0,100,95,0.5,0.0,43.6591,-70.2568,2022,4,12,11
2022-04-12 12:00:00,133.0,0.0,133.0,0.0,10.0,94,7.2,297,1008.5,100,0,100,100,0.5,0.0,43.6591,-70.2568,2022,4,12,12
2022-04-12 13:00:00,536.0,158.0,378.0,193.2,13.4,77,10.5,278,1008.5,100,0,0,100,0.0,3600.0,43.6591,-70.2568,2022,4,12,13
2022-04-12 14:00:00,524.0,154.0,370.0,191.7,15.3,59,10.1,270,1007.7,0,0,0,0,0.0,3600.0,43.6591,-70.2568,2022,4,12,14
2022-04-12 15:00:00,761.0,666.0,95.0,898.3,18.2,44,18.5,294,1007.4,98,35,98,0,0.0,3600.0,43.6591,-70.2568,2022,4,12,15
2022-04-12 16:00:00,392.0,225.0,167.0,353.7,18.6,38,16.4,296,1006.6,43,0,43,0,0.0,3600.0,43.6591,-70.2568,2022,4,12,16
2022-04-12 17:00:00,332.0,198.0,134.0,400.1,18.2,41,16.5,314,1007.4,5,0,5,0,0.0,3600.0,43.6591,-70.2568,2022,4,12,17
2022-04-12 18:00:00,277.0,211.0,66.0,644.9,17.0,36,19.7,308,1008.2,3,0,0,3,0.0,3600.0,43.6591,-70.2568,2022,4,12,18
2022-04-12 19:00:00,103.0,67.0,36.0,463.6,15.0,31,19.1,302,1009.5,61,0,0,61,0.0,3600.0,43.6591,-70.2568,2022,4,12,19
2022-04-12 20:00:00,3.0,1.0,2.0,19.1,14.8,25,21.9,295,1011.1,36,0,0,21,0.0,0.0,43.6591,-70.2568,2022,4,12,20
2022-04-12 21:00:00,0.0,0.0,0.0,0.0,13.1,28,17.1,321,1012.2,80,0,0,80,0.0,0.0,43.6591,-70.2568,2022,4,12,21
2022-04-12 22:00:00,0.0,0.0,0.0,0.0,10.4,39,12.1,343,1012.2,100,0,0,100,0.0,0.0,43.6591,-70.2568,2022,4,12,22
2022-04-12 23:00:00,0.0,0.0,0.0,0.0,9.7,44,9.5,299,1012.2,100,0,4,100,0.0,0.0,43.6591,-70.2568,2022,4,12,23
2022-04-13 00:00:00,0.0,0.0,0.0,0.0,7.7,57,9.6,257,1012.3,100,0,48,100,0.0,0.0,43.6591,-70.2568,2022,4,13,0
2022-04-13 01:00:00,0.0,0.0,0.0,0.0,6.2,62,10.9,264,1012.8,48,0,27,28,0.0,0.0,43.6591,-70.2568,2022,4,13,1
2022-04-13 02:00:00,0.0,0.0,0.0,0.0,6.1,60,11.2,266,1013.3,62,0,6,60,0.0,0.0,43.6591,-70.2568,2022,4,13,2
2022-04-13 03:00:00,0.0,0.0,0.0,0.0,5.8,62,11.2,270,1013.4,100,0,3,100,0.0,0.0,43.6591,-70.2568,2022,4,13,3
2022-04-13 04:00:00,0.0,0.0,0.0,0.0,6.2,59,11.0,281,1013.5,100,0,2,100,0.0,0.0,43.6591,-70.2568,2022,4,13,4
2022-04-13 05:00:00,0.0,0.0,0.0,0.0,6.2,57,10.8,291,1013.6,100,0,14,100,0.0,0.0,43.6591,-70.2568,2022,4,13,5
2022-04-13 06:00:00,0.0,0.0,0.0,0.0,6.3,58,10.1,305,1014.4,100,0,36,100,0.0,0.0,43.6591,-70.2568,2022,4,13,6
2022-04-13 07:00:00,30.0,3.0,27.0,29.5,6.6,63,7.5,305,1014.3,100,0,79,99,0.0,0.0,43.6591,-70.2568,2022,4,13,7
2022-04-13 08:00:00,169.0,76.0,93.0,294.2,8.8,62,7.7,319,1015.5,98,0,99,98,0.0,3600.0,43.6591,-70.2568,2022,4,13,8
2022-04-13 09:00:00,101.0,2.0,99.0,4.6,9.5,61,6.0,295,1015.3,100,0,100,37,0.0,0.0,43.6591,-70.2568,2022,4,13,9
2022-04-13 10:00:00,168.0,11.0,157.0,18.7,10.9,58,1.8,217,1014.9,92,0,53,82,0.0,0.0,43.6591,-70.2568,2022,4,13,10
2022-04-13 11:00:00,656.0,459.0,197.0,648.7,14.6,44,3.9,146,1014.5,94,0,83,63,0.0,3600.0,43.6591,-70.2568,2022,4,13,11
2022-04-13 12:00:00,675.0,418.0,257.0,530.8,14.8,42,7.7,131,1013.8,100,0,98,92,0.0,3600.0,43.6591,-70.2568,2022,4,13,12
2022-04-13 13:00:00,520.0,186.0,334.0,226.4,13.8,50,9.7,132,1013.2,100,0,100,12,0.0,3600.0,43.6591,-70.2568,2022,4,13,13
2022-04-13 14:00:00,237.0,7.0,230.0,8.7,11.9,57,7.1,120,1012.8,100,0,100,100,0.0,0.0,43.6591,-70.2568,2022,4,13,14
2022-04-13 15:00:00,159.0,1.0,158.0,1.3,10.8,64,7.1,114,1012.3,100,0,100,100,0.0,0.0,43.6591,-70.2568,2022,4,13,15
2022-04-13 16:00:00,138.0,1.0,137.0,1.6,9.4,70,8.8,78,1011.3,100,0,100,97,0.0,0.0,43.6591,-70.2568,2022,4,13,16
2022-04-13 17:00:00,48.0,0.0,48.0,0.0,7.7,80,11.6,68,1011.5,100,0,100,81,0.4,0.0,43.6591,-70.2568,2022,4,13,17
2022-04-13 18:00:00,72.0,4.0,68.0,12.1,7.6,84,11.9,85,1010.7,100,0,100,52,0.0,0.0,43.6591,-70.2568,2022,4,13,18
2022-04-13 19:00:00,28.0,0.0,28.0,0.0,7.4,84,15.4,74,1010.2,100,1,100,9,0.0,0.0,43.6591,-70.2568,2022,4,13,19
2022-04-13 20:00:00,1.0,0.0,1.0,0.0,6.7,86,15.0,69,1010.5,100,5,97,87,0.0,0.0,43.6591,-70.2568,2022,4,13,20
2022-04-13 21:00:00,0.0,0.0,0.0,0.0,6.9,82,16.1,70,1011.1,100,9,100,1,0.0,0.0,43.6591,-70.2568,2022,4,13,21
2022-04-13 22:00:00,0.0,0.0,0.0,0.0,7.2,80,19.4,72,1011.1,100,8,100,94,0.0,0.0,43.6591,-70.2568,2022,4,13,22
2022-04-13 23:00:00,0.0,0.0,0.0,0.0,7.2,79,17.9,71,1011.0,100,29,99,100,0.0,0.0,43.6591,-70.2568,2022,4,13,23
2022-04-14 00:00:00,0.0,0.0,0.0,0.0,7.3,76,18.3,68,1010.9,100,54,100,100,0.0,0.0,43.6591,-70.2568,2022,4,14,0
2022-04-14 01:00:00,0.0,0.0,0.0,0.0,7.2,75,17.0,69,1010.4,100,0,89,99,0.0,0.0,43.6591,-70.2568,2022,4,14,1
2022-04-14 02:00:00,0.0,0.0,0.0,0.0,6.7,79,15.9,65,1009.6,100,10,100,100,0.0,0.0,43.6591,-70.2568,2022,4,14,2
2022-04-14 03:00:00,0.0,0.0,0.0,0.0,6.3,83,14.0,67,1009.0,70,32,24,44,0.1,0.0,43.6591,-70.2568,2022,4,14,3
2022-04-14 04:00:00,0.0,0.0,0.0,0.0,6.0,87,12.9,67,1008.5,100,100,100,100,0.0,0.0,43.6591,-70.2568,2022,4,14,4
2022-04-14 05:00:00,0.0,0.0,0.0,0.0,6.1,89,13.0,62,1008.0,100,100,95,100,0.1,0.0,43.6591,-70.2568,2022,4,14,5
2022-04-14 06:00:00,0.0,0.0,0.0,0.0,6.0,91,12.1,53,1008.0,100,100,94,92,0.0,0.0,43.6591,-70.2568,2022,4,14,6
2022-04-14 07:00:00,27.0,2.0,25.0,19.2,6.4,90,14.0,55,1008.2,100,100,100,100,0.0,0.0,43.6591,-70.2568,2022,4,14,7
2022-04-14 08:00:00,49.0,0.0,49.0,0.0,6.3,95,15.1,62,1009.6,100,100,93,100,0.0,0.0,43.6591,-70.2568,2022,4,14,8
2022-04-14 09:00:00,176.0,18.0,158.0,41.1,7.2,89,18.7,71,1009.6,100,100,100,98,0.1,0.0,43.6591,-70.2568,2022,4,14,9
2022-04-14 10:00:00,202.0,7.0,195.0,11.8,7.7,85,18.7,79,1009.7,100,100,75,100,0.0,0.0,43.6591,-70.2568,2022,4,14,10
2022-04-14 11:00:00,238.0,30.0,208.0,42.2,8.1,82,18.3,80,1009.5,100,100,100,100,0.0,0.0,43.6591,-70.2568,2022,4,14,11
2022-04-14 12:00:00,152.0,1.0,151.0,1.3,7.8,84,16.7,76,1009.4,100,100,100,100,0.0,0.0,43.6591,-70.2568,2022,4,14,12
2022-04-14 13:00:00,183.0,1.0,182.0,1.2,8.0,83,15.9,77,1008.9,100,100,93,100,0.0,0.0,43.6591,-70.2568,2022,4,14,13
2022-04-14 14:00:00,296.0,42.0,254.0,51.8,8.5,82,16.0,76,1008.4,100,100,77,100,0.0,0.0,43.6591,-70.2568,2022,4,14,14
2022-04-14 15:00:00,282.0,34.0,248.0,45.5,8.4,83,18.3,80,1007.7,100,100,60,97,0.0,0.0,43.6591,-70.2568,2022,4,14,15
2022-04-14 16:00:00,148.0,1.0,147.0,1.6,7.8,87,15.3,75,1007.5,100,100,9,98,0.0,0.0,43.6591,-70.2568,2022,4,14,16
2022-04-14 17:00:00,128.0,6.0,122.0,12.0,7.7,88,13.9,69,1007.6,100,100,12,83,0.1,0.0,43.6591,-70.2568,2022,4,14,17
2022-04-14 18:00:00,64.0,0.0,64.0,0.0,7.4,90,12.1,60,1007.7,100,100,75,82,0.1,0.0,43.6591,-70.2568,2022,4,14,18
2022-04-14 19:00:00,21.0,0.0,21.0,0.0,7.2,92,11.5,51,1007.3,100,100,100,100,0.1,0.0,43.6591,-70.2568,2022,4,14,19
2022-04-14 20:00:00,1.0,0.0,1.0,0.0,6.8,91,9.4,40,1008.6,100,100,100,100,1.5,0.0,43.6591,-70.2568,2022,4,14,20
2022-04-14 21:00:00,0.0,0.0,0.0,0.0,6.2,100,8.6,358,1009.5,100,100,100,100,1.0,0.0,43.6591,-70.2568,2022,4,14,21
2022-04-14 22:00:00,0.0,0.0,0.0,0.0,6.3,98,10.5,356,1009.8,100,95,17,98,0.1,0.0,43.6591,-70.2568,2022,4,14,22
2022-04-14 23:00:00,0.0,0.0,0.0,0.0,6.1,97,9.9,350,1009.8,100,100,98,100,2.0,0.0,43.6591,-70.2568,2022,4,14,23
2022-04-15 00:00:00,0.0,0.0,0.0,0.0,6.2,98,10.1,356,1009.9,100,3,100,100,0.1,0.0,43.6591,-70.2568,2022,4,15,0
2022-04-15 01:00:00,0.0,0.0,0.0,0.0,6.0,98,8.7,330,1010.1,100,4,22,100,0.0,0.0,43.6591,-70.2568,2022,4,15,1
2022-04-15 02:00:00,0.0,0.0,0.0,0.0,5.3,98,6.8,342,1010.4,100,0,96,100,0.0,0.0,43.6591,-70.2568,2022,4,15,2
2022-04-15 03:00:00,0.0,0.0,0.0,0.0,5.2,98,7.9,336,1010.5,100,0,100,100,0.0,0.0,43.6591,-70.2568,2022,4,15,3
2022-04-15 04:00:00,0.0,0.0,0.0,0.0,5.6,98,6.6,315,1010.8,100,0,2,100,0.0,0.0,43.6591,-70.2568,2022,4,15,4
2022-04-15 05:00:00,0.0,0.0,0.0,0.0,4.8,98,5.0,300,1011.4,99,0,5,99,0.0,0.0,43.6591,-70.2568,2022,4,15,5
2022-04-15 06:00:00,0.0,0.0,0.0,0.0,2.7,100,5.2,295,1011.8,100,22,0,100,0.0,0.0,43.6591,-70.2568,2022,4,15,6
2022-04-15 07:00:00,44.0,12.0,32.0,112.8,4.5,99,7.6,295,1012.6,100,55,0,100,0.0,2176.99,43.6591,-70.2568,2022,4,15,7
2022-04-15 08:00:00,190.0,91.0,99.0,339.7,6.9,98,5.4,270,1013.0,93,96,0,95,0.0,3600.0,43.6591,-70.2568,2022,4,15,8
2022-04-15 09:00:00,356.0,192.0,164.0,433.7,9.3,94,5.9,259,1013.1,44,24,0,26,0.0,3600.0,43.6591,-70.2568,2022,4,15,9
2022-04-15 10:00:00,585.0,475.0,110.0,797.8,12.6,69,7.2,252,1013.3,0,0,0,0,0.0,3600.0,43.6591,-70.2568,2022,4,15,10
2022-04-15 11:00:00,737.0,637.0,100.0,890.2,14.7,36,12.2,268,1012.7,0,0,0,0,0.0,3600.0,43.6591,-70.2568,2022,4,15,11
2022-04-15 12:00:00,839.0,742.0,97.0,933.3,15.5,27,17.7,264,1012.0,1,0,1,0,0.0,3600.0,43.6591,-70.2568,2022,4,15,12
2022-04-15 13:00:00,875.0,769.0,106.0,928.3,16.1,27,23.1,268,1011.3,3,0,3,0,0.0,3600.0,43.6591,-70.2568,2022,4,15,13
2022-04-15 14:00:00,844.0,713.0,131.0,876.5,16.4,24,27.8,274,1011.1,10,0,10,0,0.0,3600.0,43.6591,-70.2568,2022,4,15,14
2022-04-15 15:00:00,731.0,581.0,150.0,773.5,16.3,23,22.3,267,1010.7,2,0,2,0,0.0,3600.0,43.6591,-70.2568,2022,4,15,15
2022-04-15 16:00:00,661.0,573.0,88.0,887.3,16.4,24,17.7,272,1010.0,1,0,1,0,0.0,3600.0,43.6591,-70.2568,2022,4,15,16
2022-04-15 17:00:00,493.0,413.0,80.0,818.5,15.9,27,18.0,250,1010.0,11,0,9,2,0.0,3600.0,43.6591,-70.2568,2022,4,15,17
2022-04-15 18:00:00,299.0,233.0,66.0,691.1,14.9,34,12.6,246,1010.8,33,0,33,0,0.0,3600.0,43.6591,-70.2568,2022,4,15,18
2022-04-15 19:00:00,102.0,56.0,46.0,361.5,12.5,45,10.5,196,1010.3,45,0,45,0,0.0,3600.0,43.6591,-70.2568,2022,4,15,19
2022-04-15 20:00:00,5.0,1.0,4.0,19.1,12.1,40,17.4,210,1009.6,23,0,38,1,0.0,0.0,43.6591,-70.2568,2022,4,15,20
2022-04-15 21:00:00,0.0,0.0,0.0,0.0,10.5,44,17.2,200,1010.2,77,0,74,11,0.0,0.0,43.6591,-70.2568,2022,4,15,21
2022-04-15 22:00:00,0.0,0.0,0.0,0.0,10.5,43,19.9,202,1010.7,100,0,100,61,0.0,0.0,43.6591,-70.2568,2022,4,15,22
2022-04-15 23:00:00,0.0,0.0,0.0,0.0,11.8,39,23.2,208,1010.1,75,0,65,29,0.0,0.0,43.6591,-70.2568,2022,4,15,23
2022-04-16 00:00:00,0.0,0.0,0.0,0.0,11.3,38,21.3,214,1010.5,100,0,98,94,0.0,0.0,43.6591,-70.2568,2022,4,16,0
2022-04-16 01:00:00,0.0,0.0,0.0,0.0,11.1,38,20.6,213,1009.7,43,0,14,34,0.0,0.0,43.6591,-70.2568,2022,4,16,1
2022-04-16 02:00:00,0.0,0.0,0.0,0.0,10.4,40,20.9,209,1008.8,2,0,2,0,0.0,0.0,43.6591,-70.2568,2022,4,16,2
2022-04-16 03:00:00,0.0,0.0,0.0,0.0,10.7,40,22.3,214,1008.4,8,0,0,8,0.0,0.0,43.6591,-70.2568,2022,4,16,3
2022-04-16 04:00:00,0.0,0.0,0.0,0.0,10.7,42,19.7,220,1008.0,36,0,0,36,0.0,0.0,43.6591,-70.2568,2022,4,16,4
2022-04-16 05:00:00,0.0,0.0,0.0,0.0,11.0,42,19.3,225,1008.1,98,0,0,98,0.0,0.0,43.6591,-70.2568,2022,4,16,5
2022-04-16 06:00:00,0.0,0.0,0.0,0.0,11.3,42,19.7,220,1008.3,100,0,44,100,0.0,0.0,43.6591,-70.2568,2022,4,16,6
2022-04-16 07:00:00,30.0,2.0,28.0,18.4,11.9,44,18.0,217,1008.7,100,0,100,100,0.0,0.0,43.6591,-70.2568,2022,4,16,7
2022-04-16 08:00:00,61.0,0.0,61.0,0.0,12.2,51,16.1,219,1009.0,100,0,100,100,0.0,0.0,43.6591,-70.2568,2022,4,16,8
2022-04-16 09:00:00,141.0,9.0,132.0,20.1,12.6,54,10.9,207,1008.4,100,0,100,100,0.0,0.0,43.6591,-70.2568,2022,4,16,9
2022-04-16 10:00:00,332.0,55.0,277.0,91.7,14.1,52,13.5,196,1008.4,100,0,100,100,0.0,951.91,43.6591,-70.2568,2022,4,16,10
2022-04-16 11:00:00,417.0,86.0,331.0,119.5,14.7,51,15.2,185,1007.8,100,0,100,100,0.0,1785.9,43.6591,-70.2568,2022,4,16,11
2022-04-16 12:00:00,291.0,25.0,266.0,31.3,13.5,60,17.6,181,1007.5,100,0,92,100,0.0,0.0,43.6591,-70.2568,2022,4,16,12
2022-04-16 13:00:00,434.0,54.0,380.0,64.9,14.8,57,17.8,187,1006.8,100,9,100,100,0.0,147.42,43.6591,-70.2568,2022,4,16,13
2022-04-16 14:00:00,248.0,11.0,237.0,13.5,13.3,75,16.7,187,1007.0,100,48,100,100,0.0,0.0,43.6591,-70.2568,2022,4,16,14
2022-04-16 15:00:00,248.0,3.0,245.0,4.0,13.5,72,11.9,194,1006.6,100,63,100,55,0.0,0.0,43.6591,-70.2568,2022,4,16,15
2022-04-16 16:00:00,210.0,25.0,185.0,38.5,12.6,84,11.5,182,1005.8,100,6,100,100,1.4,0.0,43.6591,-70.2568,2022,4,16,16
2022-04-16 17:00:00,114.0,6.0,108.0,11.8,11.7,100,9.4,238,1005.1,100,100,100,100,1.6,0.0,43.6591,-70.2568,2022,4,16,17
2022-04-16 18:00:00,26.0,0.0,26.0,0.0,11.0,100,3.6,276,1005.1,100,100,100,100,2.5,0.0,43.6591,-70.2568,2022,4,16,18
2022-04-16 19:00:00,5.0,0.0,5.0,0.0,9.4,100,14.0,348,1005.7,100,100,100,100,4.2,0.0,43.6591,-70.2568,2022,4,16,19
2022-04-16 20:00:00,0.0,0.0,0.0,0.0,6.8,96,15.6,334,1006.7,100,100,100,100,3.5,0.0,43.6591,-70.2568,2022,4,16,20
2022-04-16 21:00:00,0.0,0.0,0.0,0.0,6.2,100,13.4,324,1007.5,100,100,100,100,3.5,0.0,43.6591,-70.2568,2022,4,16,21
2022-04-16 22:00:00,0.0,0.0,0.0,0.0,6.1,100,7.3,340,1007.1,100,11,100,85,3.4,0.0,43.6591,-70.2568,2022,4,16,22
2022-04-16 23:00:00,0.0,0.0,0.0,0.0,5.8,100,5.0,339,1007.4,100,0,100,100,1.2,0.0,43.6591,-70.2568,2022,4,16,23
2022-04-17 00:00:00,0.0,0.0,0.0,0.0,5.4,96,9.2,321,1007.7,100,100,100,100,0.4,0.0,43.6591,-70.2568,2022,4,17,0
2022-04-17 01:00:00,0.0,0.0,0.0,0.0,4.7,96,9.7,321,1007.1,100,100,99,78,0.1,0.0,43.6591,-70.2568,2022,4,17,1
2022-04-17 02:00:00,0.0,0.0,0.0,0.0,4.3,97,7.9,309,1006.2,100,94,65,100,0.0,0.0,43.6591,-70.2568,2022,4,17,2
2022-04-17 03:00:00,0.0,0.0,0.0,0.0,3.8,98,8.8,305,1006.0,98,93,12,68,0.0,0.0,43.6591,-70.2568,2022,4,17,3
2022-04-17 04:00:00,0.0,0.0,0.0,0.0,3.8,97,9.4,310,1006.1,95,95,2,0,0.0,0.0,43.6591,-70.2568,2022,4,17,4
2022-04-17 05:00:00,0.0,0.0,0.0,0.0,3.6,96,10.2,309,1006.4,98,98,95,0,0.0,0.0,43.6591,-70.2568,2022,4,17,5
2022-04-17 06:00:00,0.0,0.0,0.0,0.0,3.7,95,10.1,305,1007.0,100,75,100,0,0.0,0.0,43.6591,-70.2568,2022,4,17,6
2022-04-17 07:00:00,18.0,0.0,18.0,0.0,4.0,90,10.8,307,1007.7,100,32,100,0,0.0,0.0,43.6591,-70.2568,2022,4,17,7
2022-04-17 08:00:00,48.0,0.0,48.0,0.0,5.3,80,11.5,309,1008.6,100,19,87,0,0.0,0.0,43.6591,-70.2568,2022,4,17,8
2022-04-17 09:00:00,320.0,148.0,172.0,327.7,6.5,62,13.2,317,1009.1,17,2,15,0,0.0,3600.0,43.6591,-70.2568,2022,4,17,9
2022-04-17 10:00:00,542.0,410.0,132.0,679.1,7.4,50,14.8,311,1009.8,48,12,40,0,0.0,3600.0,43.6591,-70.2568,2022,4,17,10
2022-04-17 11:00:00,630.0,431.0,199.0,595.8,7.8,45,15.8,300,1009.9,65,2,64,0,0.1,3600.0,43.6591,-70.2568,2022,4,17,11
2022-04-17 12:00:00,751.0,533.0,218.0,664.3,8.8,36,19.0,295,1009.8,39,0,39,0,0.0,3600.0,43.6591,-70.2568,2022,4,17,12
2022-04-17 13:00:00,730.0,554.0,176.0,663.3,9.3,31,22.3,291,1009.7,36,0,36,0,0.0,3600.0,43.6591,-70.2568,2022,4,17,13
2022-04-17 14:00:00,772.0,563.0,209.0,686.6,9.5,30,21.4,297,1009.7,45,0,45,0,0.0,3600.0,43.6591,-70.2568,2022,4,17,14
2022-04-17 15:00:00,650.0,461.0,189.0,608.6,9.4,30,20.8,304,1010.0,59,0,59,0,0.0,3600.0,43.6591,-70.2568,2022,4,17,15
2022-04-17 16:00:00,565.0,416.0,149.0,638.0,9.2,30,19.5,309,1010.3,36,0,36,0,0.0,3600.0,43.6591,-70.2568,2022,4,17,16
2022-04-17 17:00:00,477.0,372.0,105.0,728.1,9.1,31,19.5,309,1011.1,30,0,30,0,0.0,3600.0,43.6591,-70.2568,2022,4,17,17
2022-04-17 18:00:00,301.0,224.0,77.0,651.8,8.8,32,18.6,314,1012.2,31,0,31,0,0.0,3600.0,43.6591,-70.2568,2022,4,17,18
2022-04-17 19:00:00,115.0,70.0,45.0,432.7,7.4,39,16.6,304,1013.7,45,2,44,0,0.0,3600.0,43.6591,-70.2568,2022,4,17,19
2022-04-17 20:00:00,6.0,2.0,4.0,37.8,5.4,55,15.3,289,1015.6,0,8,4,0,0.0,0.0,43.6591,-70.2568,2022,4,17,20
2022-04-17 21:00:00,0.0,0.0,0.0,0.0,4.6,58,15.9,288,1016.8,5,5,0,0,0.0,0.0,43.6591,-70.2568,2022,4,17,21
2022-04-17 22:00:00,0.0,0.0,0.0,0.0,4.0,61,15.5,292,1017.4,4,4,0,0,0.0,0.0,43.6591,-70.2568,2022,4,17,22
2022-04-17 23:00:00,0.0,0.0,0.0,0.0,3.8,62,16.3,301,1017.8,26,26,0,0,0.0,0.0,43.6591,-70.2568,2022,4,17,23
2022-04-18 00:00:00,0.0,0.0,0.0,0.0,3.7,63,15.0,305,1018.2,5,5,0,0,0.0,0.0,43.6591,-70.2568,2022,4,18,0
2022-04-18 01:00:00,0.0,0.0,0.0,0.0,3.2,67,13.0,298,1019.0,3,3,0,0,0.0,0.0,43.6591,-70.2568,2022,4,18,1
2022-04-18 02:00:00,0.0,0.0,0.0,0.0,2.4,73,12.4,306,1019.8,1,1,0,0,0.0,0.0,43.6591,-70.2568,2022,4,18,2
2022-04-18 03:00:00,0.0,0.0,0.0,0.0,1.6,78,9.2,296,1020.5,0,0,0,0,0.0,0.0,43.6591,-70.2568,2022,4,18,3
2022-04-18 04:00:00,0.0,0.0,0.0,0.0,1.1,80,8.9,291,1021.5,0,0,0,0,0.0,0.0,43.6591,-70.2568,2022,4,18,4
2022-04-18 05:00:00,0.0,0.0,0.0,0.0,0.9,80,5.9,313,1022.0,0,0,0,0,0.0,0.0,43.6591,-70.2568,2022,4,18,5
2022-04-18 06:00:00,0.0,0.0,0.0,0.0,0.8,77,6.0,343,1023.1,0,0,0,0,0.0,0.0,43.6591,-70.2568,2022,4,18,6
2022-04-18 07:00:00,65.0,40.0,25.0,352.6,1.7,74,7.1,336,1024.0,5,0,0,5,0.0,3600.0,43.6591,-70.2568,2022,4,18,7
2022-04-18 08:00:00,244.0,183.0,61.0,649.1,4.2,60,2.6,344,1024.5,1,0,0,21,0.0,3600.0,43.6591,-70.2568,2022,4,18,8
2022-04-18 09:00:00,440.0,359.0,81.0,787.3,6.1,53,3.8,17,1024.9,9,0,0,9,0.0,3600.0,43.6591,-70.2568,2022,4,18,9
2022-04-18 10:00:00,620.0,529.0,91.0,870.3,8.0,49,1.3,56,1025.2,0,0,0,0,0.0,3600.0,43.6591,-70.2568,2022,4,18,10
2022-04-18 11:00:00,764.0,667.0,97.0,917.2,9.3,45,4.8,138,1025.0,0,0,0,0,0.0,3600.0,43.6591,-70.2568,2022,4,18,11
2022-04-18 12:00:00,860.0,759.0,101.0,941.8,9.3,50,12.3,142,1024.9,0,0,0,0,0.0,3600.0,43.6591,-70.2568,2022,4,18,12
2022-04-18 13:00:00,898.0,795.0,103.0,948.0,8.9,50,14.7,149,1024.4,0,0,0,0,0.0,3600.0,43.6591,-70.2568,2022,4,18,13
2022-04-18 14:00:00,878.0,775.0,103.0,941.5,9.5,44,12.9,157,1023.9,94,0,0,94,0.0,3600.0,43.6591,-70.2568,2022,4,18,14
2022-04-18 15:00:00,801.0,691.0,110.0,908.6,9.4,43,14.0,157,1023.6,78,0,0,78,0.0,3600.0,43.6591,-70.2568,2022,4,18,15
2022-04-18 16:00:00,678.0,583.0,95.0,889.9,8.5,46,14.7,158,1023.5,100,0,0,100,0.0,3600.0,43.6591,-70.2568,2022,4,18,16
2022-04-18 17:00:00,508.0,420.0,88.0,817.1,7.4,51,13.2,163,1023.5,100,0,0,100,0.0,3600.0,43.6591,-70.2568,2022,4,18,17
2022-04-18 18:00:00,308.0,227.0,81.0,654.3,6.4,58,11.0,148,1023.0,100,0,0,100,0.0,3600.0,43.6591,-70.2568,2022,4,18,18
2022-04-18 19:00:00,93.0,19.0,74.0,115.0,5.1,71,12.0,164,1023.5,100,0,0,100,0.0,1650.21,43.6591,-70.2568,2022,4,18,19
2022-04-18 20:00:00,5.0,0.0,5.0,0.0,4.8,78,12.9,162,1022.8,100,0,0,100,0.0,0.0,43.6591,-70.2568,2022,4,18,20
2022-04-18 21:00:00,0.0,0.0,0.0,0.0,4.7,82,11.5,139,1022.6,100,0,10,100,0.0,0.0,43.6591,-70.2568,2022,4,18,21
2022-04-18 22:00:00,0.0,0.0,0.0,0.0,4.8,84,13.0,136,1022.1,100,0,82,100,0.0,0.0,43.6591,-70.2568,2022,4,18,22
2022-04-18 23:00:00,0.0,0.0,0.0,0.0,4.9,85,13.7,120,1021.3,100,0,100,100,0.0,0.0,43.6591,-70.2568,2022,4,18,23
2022-04-19 00:00:00,0.0,0.0,0.0,0.0,5.1,85,16.3,121,1020.6,100,0,100,100,0.0,0.0,43.6591,-70.2568,2022,4,19,0
2022-04-19 01:00:00,0.0,0.0,0.0,0.0,5.2,85,17.1,108,1019.4,100,0,100,100,0.0,0.0,43.6591,-70.2568,2022,4,19,1
2022-04-19 02:00:00,0.0,0.0,0.0,0.0,5.1,85,19.1,101,1017.5,100,0,100,100,0.0,0.0,43.6591,-70.2568,2022,4,19,2
2022-04-19 03:00:00,0.0,0.0,0.0,0.0,5.2,80,23.9,97,1015.6,100,0,100,100,0.0,0.0,43.6591,-70.2568,2022,4,19,3
2022-04-19 04:00:00,0.0,0.0,0.0,0.0,5.3,76,28.1,92,1013.6,100,0,100,100,0.0,0.0,43.6591,-70.2568,2022,4,19,4
2022-04-19 05:00:00,0.0,0.0,0.0,0.0,5.6,79,30.7,94,1011.1,100,100,100,100,0.4,0.0,43.6591,-70.2568,2022,4,19,5
2022-04-19 06:00:00,0.0,0.0,0.0,0.0,4.8,99,36.9,84,1007.3,100,100,100,100,2.5,0.0,43.6591,-70.2568,2022,4,19,6
2022-04-19 07:00:00,2.0,0.0,2.0,0.0,5.7,99,28.8,87,1005.5,100,100,100,100,6.7,0.0,43.6591,-70.2568,2022,4,19,7
2022-04-19 08:00:00,6.0,0.0,6.0,0.0,7.2,93,41.4,109,1002.1,100,100,100,100,8.9,0.0,43.6591,-70.2568,2022,4,19,8
2022-04-19 09:00:00,33.0,0.0,33.0,0.0,8.1,100,35.9,126,1000.0,100,100,100,100,4.8,0.0,43.6591,-70.2568,2022,4,19,9
2022-04-19 10:00:00,42.0,0.0,42.0,0.0,9.7,94,37.8,130,997.9,100,100,0,100,0.2,0.0,43.6591,-70.2568,2022,4,19,10
2022-04-19 11:00:00,115.0,0.0,115.0,0.0,10.6,96,32.0,144,996.7,100,100,0,100,0.2,0.0,43.6591,-70.2568,2022,4,19,11
2022-04-19 12:00:00,148.0,0.0,148.0,0.0,10.3,96,24.5,152,995.8,100,100,0,100,0.0,0.0,43.6591,-70.2568,2022,4,19,12
2022-04-19 13:00:00,360.0,43.0,317.0,51.1,10.2,83,29.6,167,995.1,93,33,0,89,0.0,0.0,43.6591,-70.2568,2022,4,19,13
2022-04-19 14:00:00,733.0,489.0,244.0,591.8,12.0,70,28.5,177,994.9,51,22,0,37,0.0,3600.0,43.6591,-70.2568,2022,4,19,14
2022-04-19 15:00:00,736.0,569.0,167.0,745.2,13.2,66,28.7,187,994.6,38,30,0,11,0.0,3600.0,43.6591,-70.2568,2022,4,19,15
2022-04-19 16:00:00,544.0,389.0,155.0,591.1,12.4,55,27.5,233,996.1,45,45,0,0,0.0,3600.0,43.6591,-70.2568,2022,4,19,16
2022-04-19 17:00:00,448.0,313.0,135.0,605.3,11.3,52,27.6,241,997.6,48,48,0,0,0.0,3600.0,43.6591,-70.2568,2022,4,19,17
2022-04-19 18:00:00,263.0,154.0,109.0,439.8,9.8,50,26.6,245,999.3,88,88,30,0,0.0,3600.0,43.6591,-70.2568,2022,4,19,18
2022-04-19 19:00:00,105.0,48.0,57.0,284.7,8.4,52,20.6,241,1000.4,1,1,0,0,0.0,3600.0,43.6591,-70.2568,2022,4,19,19
2022-04-19 20:00:00,8.0,3.0,5.0,53.2,7.4,51,21.7,238,1001.4,0,0,0,0,0.0,236.3,43.6591,-70.2568,2022,4,19,20
2022-04-19 21:00:00,0.0,0.0,0.0,0.0,6.0,54,20.3,237,1002.7,0,0,0,0,0.0,0.0,43.6591,-70.2568,2022,4,19,21
2022-04-19 22:00:00,0.0,0.0,0.0,0.0,5.2,57,19.5,232,1003.6,0,0,0,0,0.0,0.0,43.6591,-70.2568,2022,4,19,22
2022-04-19 23:00:00,0.0,0.0,0.0,0.0,4.7,58,19.1,229,1004.2,0,0,0,0,0.0,0.0,43.6591,-70.2568,2022,4,19,23
2022-04-20 00:00:00,0.0,0.0,0.0,0.0,4.3,60,18.7,230,1004.6,2,2,0,0,0.0,0.0,43.6591,-70.2568,2022,4,20,0
2022-04-20 01:00:00,0.0,0.0,0.0,0.0,4.1,62,19.6,238,1005.4,3,3,0,0,0.0,0.0,43.6591,-70.2568,2022,4,20,1
2022-04-20 02:00:00,0.0,0.0,0.0,0.0,3.9,63,18.4,235,1005.8,2,2,0,0,0.0,0.0,43.6591,-70.2568,2022,4,20,2
2022-04-20 03:00:00,0.0,0.0,0.0,0.0,3.8,65,20.3,240,1006.4,2,2,0,0,0.0,0.0,43.6591,-70.2568,2022,4,20,3
2022-04-20 04:00:00,0.0,0.0,0.0,0.0,3.8,66,19.7,242,1007.0,36,21,19,0,0.0,0.0,43.6591,-70.2568,2022,4,20,4
2022-04-20 05:00:00,0.0,0.0,0.0,0.0,3.8,68,20.9,246,1007.8,30,2,30,0,0.0,0.0,43.6591,-70.2568,2022,4,20,5
2022-04-20 06:00:00,0.0,0.0,0.0,0.0,4.0,69,20.7,250,1009.0,35,18,19,7,0.0,0.0,43.6591,-70.2568,2022,4,20,6
2022-04-20 07:00:00,64.0,32.0,32.0,271.1,5.1,67,21.7,258,1010.4,59,41,41,0,0.0,3600.0,43.6591,-70.2568,2022,4,20,7
2022-04-20 08:00:00,226.0,140.0,86.0,481.0,6.7,62,21.9,256,1011.7,71,11,8,48,0.0,3600.0,43.6591,-70.2568,2022,4,20,8
2022-04-20 09:00:00,417.0,309.0,108.0,665.1,7.9,53,25.8,278,1013.0,40,37,0,5,0.0,3600.0,43.6591,-70.2568,2022,4,20,9
2022-04-20 10:00:00,581.0,452.0,129.0,733.9,8.8,47,25.4,282,1014.5,35,35,0,0,0.0,3600.0,43.6591,-70.2568,2022,4,20,10
2022-04-20 11:00:00,733.0,603.0,130.0,820.8,9.4,42,24.1,290,1015.6,22,22,0,0,0.0,3600.0,43.6591,-70.2568,2022,4,20,11
2022-04-20 12:00:00,846.0,723.0,123.0,889.5,10.1,40,25.0,285,1016.5,11,11,0,0,0.0,3600.0,43.6591,-70.2568,2022,4,20,12
2022-04-20 13:00:00,881.0,751.0,130.0,888.6,10.7,37,23.9,288,1017.1,26,0,26,0,0.0,3600.0,43.6591,-70.2568,2022,4,20,13
2022-04-20 14:00:00,858.0,715.0,143.0,862.1,11.5,34,24.5,294,1017.8,27,0,27,0,0.0,3600.0,43.6591,-70.2568,2022,4,20,14
2022-04-20 15:00:00,790.0,668.0,122.0,871.4,11.6,34,24.0,294,1018.5,12,2,11,0,0.0,3600.0,43.6591,-70.2568,2022,4,20,15
2022-04-20 16:00:00,669.0,569.0,100.0,860.7,11.6,33,21.8,301,1019.1,11,0,11,0,0.0,3600.0,43.6591,-70.2568,2022,4,20,16
2022-04-20 17:00:00,504.0,415.0,89.0,797.8,11.0,34,18.8,302,1020.0,0,0,0,0,0.0,3600.0,43.6591,-70.2568,2022,4,20,17
2022-04-20 18:00:00,315.0,245.0,70.0,693.4,10.0,39,16.6,309,1021.7,0,0,0,0,0.0,3600.0,43.6591,-70.2568,2022,4,20,18
2022-04-20 19:00:00,127.0,84.0,43.0,488.4,8.3,45,13.5,312,1023.2,0,0,0,0,0.0,3600.0,43.6591,-70.2568,2022,4,20,19
2022-04-20 20:00:00,9.0,3.0,6.0,51.7,5.8,56,12.4,324,1025.4,0,0,0,0,0.0,202.59,43.6591,-70.2568,2022,4,20,20
2022-04-20 21:00:00,0.0,0.0,0.0,0.0,4.7,60,10.5,338,1026.9,0,0,0,0,0.0,0.0,43.6591,-70.2568,2022,4,20,21
2022-04-20 22:00:00,0.0,0.0,0.0,0.0,3.7,67,9.4,337,1027.7,0,0,0,0,0.0,0.0,43.6591,-70.2568,2022,4,20,22
2022-04-20 23:00:00,0.0,0.0,0.0,0.0,3.1,73,7.7,332,1028.2,0,0,0,0,0.0,0.0,43.6591,-70.2568,2022,4,20,23
2022-04-21 00:00:00,0.0,0.0,0.0,0.0,2.7,78,5.1,321,1028.9,0,0,0,0,0.0,0.0,43.6591,-70.2568,2022,4,21,0
2022-04-21 01:00:00,0.0,0.0,0.0,0.0,2.2,80,4.7,328,1029.8,0,0,0,0,0.0,0.0,43.6591,-70.2568,2022,4,21,1
2022-04-21 02:00:00,0.0,0.0,0.0,0.0,2.0,81,6.1,357,1030.0,100,0,0,100,0.0,0.0,43.6591,-70.2568,2022,4,21,2
2022-04-21 03:00:00,0.0,0.0,0.0,0.0,1.3,84,4.6,18,1030.4,60,0,0,60,0.0,0.0,43.6591,-70.2568,2022,4,21,3
2022-04-21 04:00:00,0.0,0.0,0.0,0.0,0.3,88,6.6,45,1030.7,10,0,0,10,0.0,0.0,43.6591,-70.2568,2022,4,21,4
2022-04-21 05:00:00,0.0,0.0,0.0,0.0,1.5,84,8.8,55,1030.6,32,0,0,32,0.0,0.0,43.6591,-70.2568,2022,4,21,5
2022-04-21 06:00:00,0.0,0.0,0.0,0.0,2.0,83,8.8,81,1031.1,99,0,0,99,0.0,0.0,43.6591,-70.2568,2022,4,21,6
2022-04-21 07:00:00,72.0,41.0,31.0,340.8,3.7,81,9.1,108,1031.5,96,0,0,96,0.0,3600.0,43.6591,-70.2568,2022,4,21,7
2022-04-21 08:00:00,246.0,178.0,68.0,602.3,5.7,67,10.2,135,1031.7,100,0,0,100,0.0,3600.0,43.6591,-70.2568,2022,4,21,8
2022-04-21 09:00:00,386.0,229.0,157.0,488.5,6.7,60,12.1,143,1031.9,95,0,4,95,0.0,3600.0,43.6591,-70.2568,2022,4,21,9
2022-04-21 10:00:00,596.0,478.0,118.0,771.2,7.6,58,14.8,146,1031.6,100,0,94,100,0.0,3600.0,43.6591,-70.2568,2022,4,21,10
2022-04-21 11:00:00,477.0,162.0,315.0,219.4,7.4,61,16.3,149,1031.1,100,0,30,100,0.0,3600.0,43.6591,-70.2568,2022,4,21,11
2022-04-21 12:00:00,714.0,404.0,310.0,494.9,8.3,60,18.7,152,1030.1,100,0,56,100,0.0,3600.0,43.6591,-70.2568,2022,4,21,12
2022-04-21 13:00:00,724.0,384.0,340.0,452.6,8.6,61,20.8,154,1028.9,100,0,88,100,0.0,3600.0,43.6591,-70.2568,2022,4,21,13
2022-04-21 14:00:00,669.0,318.0,351.0,382.0,8.8,63,21.2,159,1027.6,99,7,86,99,0.0,3600.0,43.6591,-70.2568,2022,4,21,14
2022-04-21 15:00:00,611.0,307.0,304.0,398.9,9.2,68,19.6,166,1026.4,100,3,82,100,0.0,3600.0,43.6591,-70.2568,2022,4,21,15
2022-04-21 16:00:00,534.0,296.0,238.0,445.7,9.4,69,20.9,169,1024.5,100,0,100,97,0.0,3600.0,43.6591,-70.2568,2022,4,21,16
2022-04-21 17:00:00,226.0,21.0,205.0,40.1,9.1,72,21.1,172,1023.2,100,0,96,100,0.0,0.0,43.6591,-70.2568,2022,4,21,17
2022-04-21 18:00:00,74.0,3.0,71.0,8.4,9.1,65,29.2,176,1021.8,100,0,100,72,0.0,0.0,43.6591,-70.2568,2022,4,21,18
2022-04-21 19:00:00,22.0,0.0,22.0,0.0,9.0,64,26.7,184,1021.5,100,0,100,97,0.0,0.0,43.6591,-70.2568,2022,4,21,19
2022-04-21 20:00:00,3.0,0.0,3.0,0.0,8.3,80,24.4,188,1021.4,100,0,100,65,0.0,0.0,43.6591,-70.2568,2022,4,21,20
2022-04-21 21:00:00,0.0,0.0,0.0,0.0,9.0,73,22.8,196,1021.2,98,2,98,0,0.0,0.0,43.6591,-70.2568,2022,4,21,21
2022-04-21 22:00:00,0.0,0.0,0.0,0.0,9.3,71,20.1,201,1020.7,100,3,100,0,0.0,0.0,43.6591,-70.2568,2022,4,21,22
2022-04-21 23:00:00,0.0,0.0,0.0,0.0,9.6,68,18.2,205,1019.9,57,51,0,14,0.0,0.0,43.6591,-70.2568,2022,4,21,23
2022-04-22 00:00:00,0.0,0.0,0.0,0.0,8.7,70,17.3,211,1019.6,97,0,3,96,0.0,0.0,43.6591,-70.2568,2022,4,22,0
2022-04-22 01:00:00,0.0,0.0,0.0,0.0,8.0,72,15.5,224,1019.2,68,65,12,0,0.0,0.0,43.6591,-70.2568,2022,4,22,1
2022-04-22 02:00:00,0.0,0.0,0.0,0.0,8.5,71,16.6,229,1018.6,5,1,4,0,0.0,0.0,43.6591,-70.2568,2022,4,22,2
2022-04-22 03:00:00,0.0,0.0,0.0,0.0,8.1,75,16.5,238,1018.3,1,0,1,0,0.0,0.0,43.6591,-70.2568,2022,4,22,3
2022-04-22 04:00:00,0.0,0.0,0.0,0.0,7.4,81,15.8,253,1018.1,0,0,0,0,0.0,0.0,43.6591,-70.2568,2022,4,22,4
2022-04-22 05:00:00,0.0,0.0,0.0,0.0,7.2,84,15.6,262,1018.1,4,0,4,0,0.0,0.0,43.6591,-70.2568,2022,4,22,5
2022-04-22 06:00:00,1.0,0.0,1.0,0.0,7.1,87,15.5,271,1018.6,95,4,95,0,0.0,0.0,43.6591,-70.2568,2022,4,22,6
2022-04-22 07:00:00,32.0,10.0,22.0,81.6,8.2,86,13.8,263,1018.4,32,13,31,0,0.3,773.31,43.6591,-70.2568,2022,4,22,7
2022-04-22 08:00:00,234.0,158.0,76.0,526.7,10.6,76,13.0,264,1018.7,1,2,2,0,0.0,3600.0,43.6591,-70.2568,2022,4,22,8
2022-04-22 09:00:00,438.0,354.0,84.0,748.5,12.8,59,19.8,282,1019.1,20,8,15,0,0.0,3600.0,43.6591,-70.2568,2022,4,22,9
2022-04-22 10:00:00,586.0,473.0,113.0,758.4,13.2,49,22.3,304,1019.4,22,8,18,0,0.0,3600.0,43.6591,-70.2568,2022,4,22,10
2022-04-22 11:00:00,671.0,537.0,134.0,723.8,13.1,49,21.7,310,1019.8,32,5,30,0,0.1,3600.0,43.6591,-70.2568,2022,4,22,11
2022-04-22 12:00:00,783.0,627.0,156.0,765.0,13.8,45,22.3,309,1019.8,20,7,18,0,0.1,3600.0,43.6591,-70.2568,2022,4,22,12
2022-04-22 13:00:00,829.0,686.0,143.0,805.7,14.5,42,22.4,312,1019.8,24,1,24,0,0.1,3600.0,43.6591,-70.2568,2022,4,22,13
2022-04-22 14:00:00,789.0,632.0,157.0,756.5,14.5,39,24.2,317,1020.0,23,2,22,0,0.0,3600.0,43.6591,-70.2568,2022,4,22,14
2022-04-22 15:00:00,720.0,574.0,146.0,743.1,13.8,39,24.2,319,1020.3,10,2,8,0,0.0,3600.0,43.6591,-70.2568,2022,4,22,15
2022-04-22 16:00:00,635.0,513.0,122.0,769.1,13.9,38,24.2,314,1020.4,19,1,19,0,0.0,3600.0,43.6591,-70.2568,2022,4,22,16
2022-04-22 17:00:00,469.0,354.0,115.0,672.8,13.5,38,22.9,316,1020.4,59,0,59,0,0.0,3600.0,43.6591,-70.2568,2022,4,22,17
2022-04-22 18:00:00,241.0,116.0,125.0,322.6,12.5,42,18.9,320,1020.6,24,0,24,0,0.0,3600.0,43.6591,-70.2568,2022,4,22,18
2022-04-22 19:00:00,120.0,72.0,48.0,402.9,11.2,46,14.8,321,1021.2,5,5,0,0,0.0,3600.0,43.6591,-70.2568,2022,4,22,19
2022-04-22 20:00:00,10.0,4.0,6.0,65.1,9.7,47,14.6,327,1022.7,0,0,2,0,0.0,464.95,43.6591,-70.2568,2022,4,22,20
2022-04-22 21:00:00,0.0,0.0,0.0,0.0,8.1,53,12.3,320,1023.3,6,6,0,0,0.0,0.0,43.6591,-70.2568,2022,4,22,21
2022-04-22 22:00:00,0.0,0.0,0.0,0.0,7.1,57,12.0,316,1023.9,0,0,0,0,0.0,0.0,43.6591,-70.2568,2022,4,22,22
2022-04-22 23:00:00,0.0,0.0,0.0,0.0,6.2,60,12.3,328,1024.2,0,0,0,0,0.0,0.0,43.6591,-70.2568,2022,4,22,23
2022-04-23 00:00:00,0.0,0.0,0.0,0.0,5.7,58,12.4,334,1024.4,0,0,0,0,0.0,0.0,43.6591,-70.2568,2022,4,23,0
2022-04-23 01:00:00,0.0,0.0,0.0,0.0,4.9,59,11.4,332,1024.8,0,0,0,0,0.0,0.0,43.6591,-70.2568,2022,4,23,1
2022-04-23 02:00:00,0.0,0.0,0.0,0.0,4.0,62,11.2,320,1025.3,0,0,0,0,0.0,0.0,43.6591,-70.2568,2022,4,23,2
2022-04-23 03:00:00,0.0,0.0,0.0,0.0,3.6,60,12.4,338,1025.5,42,0,0,42,0.0,0.0,43.6591,-70.2568,2022,4,23,3
2022-04-23 04:00:00,0.0,0.0,0.0,0.0,3.5,55,13.7,358,1025.5,91,0,1,91,0.0,0.0,43.6591,-70.2568,2022,4,23,4
2022-04-23 05:00:00,0.0,0.0,0.0,0.0,3.2,54,14.0,360,1025.3,63,0,15,58,0.0,0.0,43.6591,-70.2568,2022,4,23,5
2022-04-23 06:00:00,1.0,0.0,1.0,0.0,2.8,54,13.6,348,1026.0,50,0,33,26,0.0,0.0,43.6591,-70.2568,2022,4,23,6
2022-04-23 07:00:00,81.0,47.0,34.0,376.9,3.4,54,12.9,333,1026.5,61,0,1,61,0.0,3600.0,43.6591,-70.2568,2022,4,23,7
2022-04-23 08:00:00,244.0,149.0,95.0,489.6,6.2,50,8.2,337,1025.6,100,0,6,16,0.0,3600.0,43.6591,-70.2568,2022,4,23,8
2022-04-23 09:00:00,460.0,377.0,83.0,790.4,8.2,45,8.1,328,1025.0,95,0,0,95,0.0,3600.0,43.6591,-70.2568,2022,4,23,9
2022-04-23 10:00:00,622.0,503.0,119.0,801.7,9.8,32,12.0,327,1024.7,94,0,42,89,0.0,3600.0,43.6591,-70.2568,2022,4,23,10
2022-04-23 11:00:00,737.0,577.0,160.0,774.1,10.9,28,12.1,323,1023.7,100,0,81,100,0.0,3600.0,43.6591,-70.2568,2022,4,23,11
2022-04-23 12:00:00,787.0,524.0,263.0,636.8,12.0,25,11.8,320,1023.1,100,0,84,100,0.0,3600.0,43.6591,-70.2568,2022,4,23,12
2022-04-23 13:00:00,800.0,489.0,311.0,572.2,12.8,25,8.7,318,1022.0,100,0,45,99,0.0,3600.0,43.6591,-70.2568,2022,4,23,13
2022-04-23 14:00:00,825.0,585.0,240.0,697.8,13.0,26,3.6,264,1021.7,98,0,94,61,0.0,3600.0,43.6591,-70.2568,2022,4,23,14
2022-04-23 15:00:00,793.0,647.0,146.0,834.5,13.3,27,3.7,241,1020.7,53,0,48,10,0.0,3600.0,43.6591,-70.2568,2022,4,23,15
2022-04-23 16:00:00,662.0,531.0,131.0,792.7,13.3,29,4.6,219,1020.1,63,0,38,41,0.0,3600.0,43.6591,-70.2568,2022,4,23,16
2022-04-23 17:00:00,504.0,407.0,97.0,769.2,12.6,38,5.0,201,1019.7,94,0,2,94,0.0,3600.0,43.6591,-70.2568,2022,4,23,17
2022-04-23 18:00:00,321.0,250.0,71.0,689.3,11.1,56,3.6,186,1019.7,97,0,12,96,0.0,3600.0,43.6591,-70.2568,2022,4,23,18
2022-04-23 19:00:00,128.0,79.0,49.0,434.1,9.6,72,1.5,225,1020.0,56,0,2,55,0.0,3600.0,43.6591,-70.2568,2022,4,23,19
2022-04-23 20:00:00,10.0,3.0,7.0,47.6,5.9,86,5.9,346,1020.0,79,0,12,11,0.0,101.95,43.6591,-70.2568,2022,4,23,20
2022-04-23 21:00:00,0.0,0.0,0.0,0.0,7.3,56,13.3,3,1020.7,55,0,53,25,0.0,0.0,43.6591,-70.2568,2022,4,23,21
2022-04-23 22:00:00,0.0,0.0,0.0,0.0,7.3,37,16.0,352,1021.3,83,0,81,29,0.0,0.0,43.6591,-70.2568,2022,4,23,22
2022-04-23 23:00:00,0.0,0.0,0.0,0.0,6.7,38,15.6,353,1021.6,87,0,84,27,0.0,0.0,43.6591,-70.2568,2022,4,23,23
2022-04-24 00:00:00,0.0,0.0,0.0,0.0,5.5,42,13.0,354,1021.9,73,0,72,3,0.0,0.0,43.6591,-70.2568,2022,4,24,0
2022-04-24 01:00:00,0.0,0.0,0.0,0.0,4.4,47,11.7,351,1021.6,33,0,19,17,0.0,0.0,43.6591,-70.2568,2022,4,24,1
2022-04-24 02:00:00,0.0,0.0,0.0,0.0,3.4,52,12.3,7,1022.2,40,0,37,6,0.0,0.0,43.6591,-70.2568,2022,4,24,2
2022-04-24 03:00:00,0.0,0.0,0.0,0.0,2.7,55,12.6,13,1022.5,15,0,0,15,0.0,0.0,43.6591,-70.2568,2022,4,24,3
2022-04-24 04:00:00,0.0,0.0,0.0,0.0,2.1,59,11.2,21,1022.6,64,0,56,53,0.0,0.0,43.6591,-70.2568,2022,4,24,4
2022-04-24 05:00:00,0.0,0.0,0.0,0.0,1.3,65,10.9,17,1023.1,29,0,29,0,0.0,0.0,43.6591,-70.2568,2022,4,24,5
2022-04-24 06:00:00,1.0,0.0,1.0,0.0,0.7,68,10.1,2,1023.8,97,0,88,76,0.0,0.0,43.6591,-70.2568,2022,4,24,6
2022-04-24 07:00:00,76.0,34.0,42.0,268.1,2.1,66,9.0,360,1024.4,100,0,100,100,0.0,3600.0,43.6591,-70.2568,2022,4,24,7
2022-04-24 08:00:00,144.0,23.0,121.0,74.5,3.9,52,8.0,18,1024.5,100,0,100,50,0.0,435.87,43.6591,-70.2568,2022,4,24,8
2022-04-24 09:00:00,99.0,0.0,99.0,0.0,4.0,49,4.9,17,1024.4,100,0,100,0,0.0,0.0,43.6591,-70.2568,2022,4,24,9
2022-04-24 10:00:00,196.0,8.0,188.0,12.7,4.9,46,4.3,360,1024.5,99,0,99,0,0.0,0.0,43.6591,-70.2568,2022,4,24,10
2022-04-24 11:00:00,487.0,175.0,312.0,233.7,6.8,43,3.3,13,1023.9,51,0,46,9,0.0,3600.0,43.6591,-70.2568,2022,4,24,11
2022-04-24 12:00:00,855.0,726.0,129.0,878.9,9.1,38,1.6,63,1023.4,7,0,7,0,0.0,3600.0,43.6591,-70.2568,2022,4,24,12
2022-04-24 13:00:00,869.0,714.0,155.0,832.6,9.9,37,3.4,148,1022.6,5,0,5,0,0.0,3600.0,43.6591,-70.2568,2022,4,24,13
2022-04-24 14:00:00,876.0,764.0,112.0,908.2,10.7,36,5.2,168,1021.7,44,0,44,0,0.0,3600.0,43.6591,-70.2568,2022,4,24,14
2022-04-24 15:00:00,794.0,680.0,114.0,873.9,11.1,36,6.5,177,1021.2,39,0,39,0,0.0,3600.0,43.6591,-70.2568,2022,4,24,15
2022-04-24 16:00:00,654.0,530.0,124.0,787.9,11.1,41,7.6,185,1020.4,96,0,96,0,0.0,3600.0,43.6591,-70.2568,2022,4,24,16
2022-04-24 17:00:00,472.0,353.0,119.0,663.5,10.9,45,7.5,197,1020.1,98,0,98,0,0.0,3600.0,43.6591,-70.2568,2022,4,24,17
2022-04-24 18:00:00,168.0,34.0,134.0,93.0,9.9,51,7.5,197,1020.0,38,0,38,0,0.0,988.5,43.6591,-70.2568,2022,4,24,18
2022-04-24 19:00:00,113.0,55.0,58.0,296.8,8.3,63,9.2,201,1020.2,100,0,100,56,0.0,3600.0,43.6591,-70.2568,2022,4,24,19
2022-04-24 20:00:00,5.0,0.0,5.0,0.0,7.7,66,10.7,213,1020.0,97,0,40,100,0.0,0.0,43.6591,-70.2568,2022,4,24,20
2022-04-24 21:00:00,0.0,0.0,0.0,0.0,6.6,68,9.6,236,1020.2,97,0,95,42,0.0,0.0,43.6591,-70.2568,2022,4,24,21
2022-04-24 22:00:00,0.0,0.0,0.0,0.0,6.8,65,9.4,252,1020.4,59,0,14,53,0.0,0.0,43.6591,-70.2568,2022,4,24,22
2022-04-24 23:00:00,0.0,0.0,0.0,0.0,5.3,72,9.7,272,1020.3,57,0,2,57,0.0,0.0,43.6591,-70.2568,2022,4,24,23
2022-04-25 00:00:00,0.0,0.0,0.0,0.0,4.3,78,10.0,291,1020.4,100,0,2,100,0.0,0.0,43.6591,-70.2568,2022,4,25,0
2022-04-25 01:00:00,0.0,0.0,0.0,0.0,3.9,78,9.7,312,1020.0,99,0,0,99,0.0,0.0,43.6591,-70.2568,2022,4,25,1
2022-04-25 02:00:00,0.0,0.0,0.0,0.0,3.6,78,9.2,349,1020.2,100,0,26,100,0.0,0.0,43.6591,-70.2568,2022,4,25,2
2022-04-25 03:00:00,0.0,0.0,0.0,0.0,4.8,74,9.4,43,1020.7,100,0,64,100,0.0,0.0,43.6591,-70.2568,2022,4,25,3
2022-04-25 04:00:00,0.0,0.0,0.0,0.0,5.8,72,12.8,58,1020.9,92,0,22,92,0.0,0.0,43.6591,-70.2568,2022,4,25,4
2022-04-25 05:00:00,0.0,0.0,0.0,0.0,5.2,75,13.4,59,1021.4,100,0,0,100,0.0,0.0,43.6591,-70.2568,2022,4,25,5
2022-04-25 06:00:00,1.0,0.0,1.0,0.0,4.9,81,10.5,59,1022.1,100,0,0,100,0.0,0.0,43.6591,-70.2568,2022,4,25,6
2022-04-25 07:00:00,67.0,16.0,51.0,122.9,6.0,83,9.8,73,1022.7,100,0,0,100,0.0,1887.11,43.6591,-70.2568,2022,4,25,7
2022-04-25 08:00:00,213.0,96.0,117.0,306.9,7.5,73,9.4,97,1023.1,100,0,0,100,0.0,3600.0,43.6591,-70.2568,2022,4,25,8
2022-04-25 09:00:00,398.0,247.0,151.0,509.4,8.7,61,10.7,102,1023.5,100,0,0,100,0.0,3600.0,43.6591,-70.2568,2022,4,25,9
2022-04-25 10:00:00,575.0,406.0,169.0,639.6,9.4,55,9.7,105,1023.8,100,0,0,100,0.0,3600.0,43.6591,-70.2568,2022,4,25,10
2022-04-25 11:00:00,742.0,615.0,127.0,817.6,10.1,51,10.3,119,1023.3,100,0,6,100,0.0,3600.0,43.6591,-70.2568,2022,4,25,11
2022-04-25 12:00:00,725.0,417.0,308.0,502.9,9.7,53,12.3,122,1023.1,100,0,80,100,0.0,3600.0,43.6591,-70.2568,2022,4,25,12
2022-04-25 13:00:00,632.0,218.0,414.0,253.3,9.1,56,11.0,128,1022.8,100,0,36,100,0.0,3600.0,43.6591,-70.2568,2022,4,25,13
2022-04-25 14:00:00,553.0,160.0,393.0,189.6,9.0,59,10.4,136,1022.5,100,0,100,100,0.0,3600.0,43.6591,-70.2568,2022,4,25,14
2022-04-25 15:00:00,388.0,34.0,354.0,43.5,8.5,61,10.0,142,1021.8,100,0,80,100,0.0,0.0,43.6591,-70.2568,2022,4,25,15
2022-04-25 16:00:00,531.0,264.0,267.0,390.8,9.0,61,10.8,143,1021.4,100,0,100,100,0.0,3600.0,43.6591,-70.2568,2022,4,25,16
2022-04-25 17:00:00,346.0,122.0,224.0,228.1,7.9,70,11.9,145,1021.1,100,0,50,100,0.0,3600.0,43.6591,-70.2568,2022,4,25,17
2022-04-25 18:00:00,289.0,181.0,108.0,490.7,7.5,72,9.8,156,1020.9,100,0,0,100,0.0,3600.0,43.6591,-70.2568,2022,4,25,18
2022-04-25 19:00:00,126.0,66.0,60.0,350.0,6.5,79,9.2,154,1020.9,100,0,0,100,0.0,3600.0,43.6591,-70.2568,2022,4,25,19
2022-04-25 20:00:00,12.0,3.0,9.0,45.2,5.3,86,11.8,157,1021.1,100,0,0,100,0.0,35.36,43.6591,-70.2568,2022,4,25,20
2022-04-25 21:00:00,0.0,0.0,0.0,0.0,5.2,88,11.6,164,1021.1,100,0,0,100,0.0,0.0,43.6591,-70.2568,2022,4,25,21
2022-04-25 22:00:00,0.0,0.0,0.0,0.0,5.1,90,11.7,171,1020.7,100,0,0,100,0.0,0.0,43.6591,-70.2568,2022,4,25,22
2022-04-25 23:00:00,0.0,0.0,0.0,0.0,4.9,92,11.6,185,1020.4,100,0,0,100,0.0,0.0,43.6591,-70.2568,2022,4,25,23
2022-04-26 00:00:00,0.0,0.0,0.0,0.0,4.7,93,11.2,201,1020.1,100,0,0,100,0.0,0.0,43.6591,-70.2568,2022,4,26,0
2022-04-26 01:00:00,0.0,0.0,0.0,0.0,4.5,92,11.6,202,1019.6,100,0,0,100,0.0,0.0,43.6591,-70.2568,2022,4,26,1
2022-04-26 02:00:00,0.0,0.0,0.0,0.0,4.5,93,11.6,196,1018.8,100,0,0,100,0.0,0.0,43.6591,-70.2568,2022,4,26,2
2022-04-26 03:00:00,0.0,0.0,0.0,0.0,4.7,95,12.1,192,1017.9,100,82,8,100,0.0,0.0,43.6591,-70.2568,2022,4,26,3
2022-04-26 04:00:00,0.0,0.0,0.0,0.0,5.8,92,11.3,197,1017.8,100,100,14,98,0.0,0.0,43.6591,-70.2568,2022,4,26,4
2022-04-26 05:00:00,0.0,0.0,0.0,0.0,6.2,89,10.1,178,1017.4,100,100,12,99,0.0,0.0,43.6591,-70.2568,2022,4,26,5
2022-04-26 06:00:00,1.0,0.0,1.0,0.0,6.6,83,12.9,198,1017.4,100,100,14,100,0.0,0.0,43.6591,-70.2568,2022,4,26,6
2022-04-26 07:00:00,46.0,2.0,44.0,14.9,7.0,83,11.2,195,1017.3,100,100,4,100,0.0,0.0,43.6591,-70.2568,2022,4,26,7
2022-04-26 08:00:00,115.0,10.0,105.0,31.6,7.9,80,10.9,189,1017.0,100,100,5,100,0.0,0.0,43.6591,-70.2568,2022,4,26,8
2022-04-26 09:00:00,174.0,22.0,152.0,45.0,8.8,76,11.9,183,1016.3,100,7,68,100,0.0,0.0,43.6591,-70.2568,2022,4,26,9
2022-04-26 10:00:00,383.0,145.0,238.0,227.2,10.4,69,14.1,177,1015.3,100,3,100,100,0.0,3600.0,43.6591,-70.2568,2022,4,26,10
2022-04-26 11:00:00,464.0,174.0,290.0,230.3,11.9,66,12.2,182,1015.1,100,14,54,100,0.0,3600.0,43.6591,-70.2568,2022,4,26,11
2022-04-26 12:00:00,697.0,417.0,280.0,501.1,13.6,64,12.7,172,1014.2,100,2,52,100,0.0,3600.0,43.6591,-70.2568,2022,4,26,12
2022-04-26 13:00:00,727.0,401.0,326.0,464.5,13.7,66,14.1,165,1013.1,100,0,6,100,0.0,3600.0,43.6591,-70.2568,2022,4,26,13
2022-04-26 14:00:00,754.0,497.0,257.0,586.9,14.3,66,14.6,164,1012.2,100,0,97,100,0.0,3600.0,43.6591,-70.2568,2022,4,26,14
2022-04-26 15:00:00,475.0,120.0,355.0,153.1,13.8,70,13.7,166,1011.9,100,32,100,98,0.0,2794.07,43.6591,-70.2568,2022,4,26,15
2022-04-26 16:00:00,185.0,14.0,171.0,20.6,11.4,79,13.9,170,1011.4,100,5,100,100,0.0,0.0,43.6591,-70.2568,2022,4,26,16
2022-04-26 17:00:00,154.0,17.0,137.0,31.6,10.8,84,12.6,185,1010.9,100,4,100,100,0.0,0.0,43.6591,-70.2568,2022,4,26,17
2022-04-26 18:00:00,56.0,0.0,56.0,0.0,10.4,91,13.0,185,1010.5,100,40,100,100,0.6,0.0,43.6591,-70.2568,2022,4,26,18
2022-04-26 19:00:00,12.0,0.0,12.0,0.0,10.1,100,10.9,188,1010.4,100,100,100,96,1.3,0.0,43.6591,-70.2568,2022,4,26,19
2022-04-26 20:00:00,2.0,0.0,2.0,0.0,9.6,100,3.4,162,1011.3,100,100,100,97,0.8,0.0,43.6591,-70.2568,2022,4,26,20
2022-04-26 21:00:00,0.0,0.0,0.0,0.0,9.3,100,4.3,138,1010.9,100,100,100,100,0.2,0.0,43.6591,-70.2568,2022,4,26,21
2022-04-26 22:00:00,0.0,0.0,0.0,0.0,8.7,100,7.4,166,1010.5,100,100,100,46,0.4,0.0,43.6591,-70.2568,2022,4,26,22
2022-04-26 23:00:00,0.0,0.0,0.0,0.0,8.6,100,4.7,171,1009.4,100,100,100,99,1.0,0.0,43.6591,-70.2568,2022,4,26,23
2022-04-27 00:00:00,0.0,0.0,0.0,0.0,8.5,100,3.3,186,1008.6,100,100,100,100,1.2,0.0,43.6591,-70.2568,2022,4,27,0
2022-04-27 01:00:00,0.0,0.0,0.0,0.0,8.4,100,4.0,180,1008.0,100,100,100,100,2.6,0.0,43.6591,-70.2568,2022,4,27,1
2022-04-27 02:00:00,0.0,0.0,0.0,0.0,8.2,100,4.6,39,1006.5,100,100,100,100,1.1,0.0,43.6591,-70.2568,2022,4,27,2
2022-04-27 03:00:00,0.0,0.0,0.0,0.0,8.0,100,3.3,6,1006.2,100,98,100,100,1.2,0.0,43.6591,-70.2568,2022,4,27,3
2022-04-27 04:00:00,0.0,0.0,0.0,0.0,7.8,100,6.9,354,1005.3,100,88,100,100,1.6,0.0,43.6591,-70.2568,2022,4,27,4
2022-04-27 05:00:00,0.0,0.0,0.0,0.0,7.7,100,6.6,338,1004.8,100,36,69,100,0.6,0.0,43.6591,-70.2568,2022,4,27,5
2022-04-27 06:00:00,2.0,0.0,2.0,0.0,7.2,100,8.5,324,1004.5,100,22,100,78,0.0,0.0,43.6591,-70.2568,2022,4,27,6
2022-04-27 07:00:00,67.0,11.0,56.0,79.2,8.3,98,10.5,329,1004.7,100,100,100,0,0.0,576.41,43.6591,-70.2568,2022,4,27,7
2022-04-27 08:00:00,87.0,18.0,69.0,56.1,9.1,98,8.9,333,1004.3,100,100,99,0,0.0,0.0,43.6591,-70.2568,2022,4,27,8
2022-04-27 09:00:00,89.0,6.0,83.0,12.2,9.2,100,15.0,305,1004.1,100,100,100,4,1.5,0.0,43.6591,-70.2568,2022,4,27,9
2022-04-27 10:00:00,90.0,2.0,88.0,3.1,8.8,94,15.9,327,1003.5,100,94,97,34,1.3,0.0,43.6591,-70.2568,2022,4,27,10
2022-04-27 11:00:00,263.0,30.0,233.0,39.5,9.9,89,12.7,317,1003.3,100,100,100,4,0.2,0.0,43.6591,-70.2568,2022,4,27,11
2022-04-27 12:00:00,150.0,6.0,144.0,7.2,8.7,100,14.6,322,1002.4,100,99,100,0,1.0,0.0,43.6591,-70.2568,2022,4,27,12
2022-04-27 13:00:00,238.0,4.0,234.0,4.6,9.3,92,14.3,313,1001.8,100,98,100,0,0.4,0.0,43.6591,-70.2568,2022,4,27,13
2022-04-27 14:00:00,146.0,8.0,138.0,9.4,9.0,92,12.9,324,1001.5,100,11,100,0,0.4,0.0,43.6591,-70.2568,2022,4,27,14
2022-04-27 15:00:00,118.0,0.0,118.0,0.0,8.9,91,12.0,327,1001.3,100,43,100,0,0.2,0.0,43.6591,-70.2568,2022,4,27,15
2022-04-27 16:00:00,207.0,60.0,147.0,88.1,9.6,84,11.6,330,1000.9,95,48,94,0,0.0,843.49,43.6591,-70.2568,2022,4,27,16
2022-04-27 17:00:00,210.0,63.0,147.0,116.5,8.2,87,15.8,305,1001.4,100,41,100,0,1.5,1696.27,43.6591,-70.2568,2022,4,27,17
2022-04-27 18:00:00,71.0,1.0,70.0,2.7,7.6,91,14.7,295,1001.6,100,1,100,0,0.4,0.0,43.6591,-70.2568,2022,4,27,18
2022-04-27 19:00:00,26.0,0.0,26.0,0.0,6.8,88,17.0,287,1001.8,100,3,100,0,0.1,0.0,43.6591,-70.2568,2022,4,27,19
2022-04-27 20:00:00,2.0,0.0,2.0,0.0,6.4,75,19.7,301,1001.9,94,6,100,0,0.9,0.0,43.6591,-70.2568,2022,4,27,20
2022-04-27 21:00:00,0.0,0.0,0.0,0.0,5.7,77,20.1,299,1002.1,100,90,99,0,0.2,0.0,43.6591,-70.2568,2022,4,27,21
2022-04-27 22:00:00,0.0,0.0,0.0,0.0,4.9,79,22.4,300,1002.1,100,100,100,0,0.3,0.0,43.6591,-70.2568,2022,4,27,22
2022-04-27 23:00:00,0.0,0.0,0.0,0.0,4.3,81,24.2,303,1001.9,100,100,100,0,0.5,0.0,43.6591,-70.2568,2022,4,27,23
2022-04-28 00:00:00,0.0,0.0,0.0,0.0,3.8,82,26.6,311,1002.1,100,94,100,0,0.6,0.0,43.6591,-70.2568,2022,4,28,0
2022-04-28 01:00:00,0.0,0.0,0.0,0.0,2.4,92,24.5,306,1002.1,100,100,100,91,1.0,0.0,43.6591,-70.2568,2022,4,28,1
2022-04-28 02:00:00,0.0,0.0,0.0,0.0,2.0,94,24.6,305,1001.8,100,38,100,100,1.0,0.0,43.6591,-70.2568,2022,4,28,2
2022-04-28 03:00:00,0.0,0.0,0.0,0.0,2.4,87,25.1,308,1001.7,100,12,100,79,0.5,0.0,43.6591,-70.2568,2022,4,28,3
2022-04-28 04:00:00,0.0,0.0,0.0,0.0,2.8,75,26.0,313,1002.0,100,43,100,0,0.0,0.0,43.6591,-70.2568,2022,4,28,4
2022-04-28 05:00:00,0.0,0.0,0.0,0.0,3.0,66,25.7,312,1002.3,96,61,89,0,0.0,0.0,43.6591,-70.2568,2022,4,28,5
2022-04-28 06:00:00,2.0,0.0,2.0,0.0,2.9,64,24.4,307,1003.1,75,13,72,0,0.0,0.0,43.6591,-70.2568,2022,4,28,6
2022-04-28 07:00:00,77.0,33.0,44.0,230.6,3.2,64,21.4,306,1004.0,88,10,87,0,0.0,3600.0,43.6591,-70.2568,2022,4,28,7
2022-04-28 08:00:00,176.0,70.0,106.0,215.5,3.9,63,23.8,305,1004.2,100,0,100,0,0.0,3600.0,43.6591,-70.2568,2022,4,28,8
2022-04-28 09:00:00,112.0,0.0,112.0,0.0,4.2,63,24.9,309,1004.5,100,11,100,0,0.0,0.0,43.6591,-70.2568,2022,4,28,9
2022-04-28 10:00:00,246.0,35.0,211.0,54.3,5.0,59,26.0,311,1004.8,100,7,100,0,0.1,0.0,43.6591,-70.2568,2022,4,28,10
2022-04-28 11:00:00,511.0,160.0,351.0,210.0,6.4,54,26.7,314,1005.1,100,0,100,0,0.0,3600.0,43.6591,-70.2568,2022,4,28,11
2022-04-28 12:00:00,433.0,96.0,337.0,114.5,6.6,52,24.4,315,1005.3,100,4,100,0,0.0,1636.42,43.6591,-70.2568,2022,4,28,12
2022-04-28 13:00:00,386.0,108.0,278.0,124.3,6.6,50,24.7,318,1005.3,100,0,100,0,0.0,1928.92,43.6591,-70.2568,2022,4,28,13
2022-04-28 14:00:00,471.0,136.0,335.0,159.6,7.4,45,25.0,316,1005.1,100,3,100,0,0.0,2988.17,43.6591,-70.2568,2022,4,28,14
2022-04-28 15:00:00,425.0,50.0,375.0,63.4,8.6,39,24.0,320,1005.0,100,0,100,0,0.0,101.41,43.6591,-70.2568,2022,4,28,15
2022-04-28 16:00:00,499.0,184.0,315.0,269.2,10.5,33,28.0,323,1004.7,100,13,100,1,0.0,3600.0,43.6591,-70.2568,2022,4,28,16
2022-04-28 17:00:00,451.0,264.0,187.0,485.9,9.7,35,24.8,324,1005.2,100,0,100,0,0.0,3600.0,43.6591,-70.2568,2022,4,28,17
2022-04-28 18:00:00,244.0,84.0,160.0,222.3,9.2,36,23.1,329,1005.4,80,0,80,0,0.0,3600.0,43.6591,-70.2568,2022,4,28,18
2022-04-28 19:00:00,126.0,57.0,69.0,287.6,8.2,37,20.7,319,1006.3,81,0,34,74,0.0,3600.0,43.6591,-70.2568,2022,4,28,19
2022-04-28 20:00:00,15.0,4.0,11.0,56.2,7.5,36,23.3,322,1007.5,99,0,100,41,0.0,270.36,43.6591,-70.2568,2022,4,28,20
2022-04-28 21:00:00,0.0,0.0,0.0,0.0,6.9,35,20.5,321,1007.9,100,0,100,66,0.0,0.0,43.6591,-70.2568,2022,4,28,21
2022-04-28 22:00:00,0.0,0.0,0.0,0.0,6.7,35,21.2,325,1008.1,100,0,99,61,0.0,0.0,43.6591,-70.2568,2022,4,28,22
2022-04-28 23:00:00,0.0,0.0,0.0,0.0,6.2,35,20.2,321,1008.3,81,0,18,77,0.0,0.0,43.6591,-70.2568,2022,4,28,23
2022-04-29 00:00:00,0.0,0.0,0.0,0.0,5.1,37,19.7,320,1008.3,0,0,0,0,0.0,0.0,43.6591,-70.2568,2022,4,29,0
2022-04-29 01:00:00,0.0,0.0,0.0,0.0,4.4,39,20.4,318,1008.2,0,0,0,0,0.0,0.0,43.6591,-70.2568,2022,4,29,1
2022-04-29 02:00:00,0.0,0.0,0.0,0.0,3.8,40,20.9,319,1007.9,3,0,0,3,0.0,0.0,43.6591,-70.2568,2022,4,29,2
2022-04-29 03:00:00,0.0,0.0,0.0,0.0,3.3,41,20.4,319,1008.1,26,0,0,26,0.0,0.0,43.6591,-70.2568,2022,4,29,3
2022-04-29 04:00:00,0.0,0.0,0.0,0.0,2.8,43,19.6,317,1008.2,41,0,0,41,0.0,0.0,43.6591,-70.2568,2022,4,29,4
2022-04-29 05:00:00,0.0,0.0,0.0,0.0,2.3,45,18.9,312,1008.6,71,0,2,71,0.0,0.0,43.6591,-70.2568,2022,4,29,5
2022-04-29 06:00:00,4.0,1.0,3.0,19.1,2.0,47,18.6,311,1009.0,94,2,41,90,0.0,0.0,43.6591,-70.2568,2022,4,29,6
2022-04-29 07:00:00,90.0,38.0,52.0,258.2,2.5,49,18.8,317,1009.6,93,5,74,72,0.0,3600.0,43.6591,-70.2568,2022,4,29,7
2022-04-29 08:00:00,264.0,171.0,93.0,520.2,4.3,42,21.3,323,1009.6,46,3,81,87,0.0,3600.0,43.6591,-70.2568,2022,4,29,8
2022-04-29 09:00:00,410.0,235.0,175.0,470.3,4.9,43,23.2,324,1009.5,95,3,68,86,0.0,3600.0,43.6591,-70.2568,2022,4,29,9
2022-04-29 10:00:00,586.0,390.0,196.0,601.4,6.0,43,23.8,328,1009.2,94,15,91,14,0.0,3600.0,43.6591,-70.2568,2022,4,29,10
2022-04-29 11:00:00,770.0,634.0,136.0,829.0,7.2,43,23.5,337,1009.1,100,1,47,100,0.0,3600.0,43.6591,-70.2568,2022,4,29,11
2022-04-29 12:00:00,838.0,624.0,214.0,742.1,9.4,39,25.7,342,1008.8,100,84,46,100,0.0,3600.0,43.6591,-70.2568,2022,4,29,12
2022-04-29 13:00:00,738.0,372.0,366.0,426.8,9.7,40,25.3,337,1008.7,98,96,96,39,0.0,3600.0,43.6591,-70.2568,2022,4,29,13
2022-04-29 14:00:00,534.0,136.0,398.0,159.1,9.5,41,24.9,338,1008.7,81,65,79,2,0.0,2973.75,43.6591,-70.2568,2022,4,29,14
2022-04-29 15:00:00,484.0,168.0,316.0,212.3,9.8,41,25.0,342,1008.8,98,42,98,0,0.0,3600.0,43.6591,-70.2568,2022,4,29,15
2022-04-29 16:00:00,404.0,148.0,256.0,215.7,9.8,41,25.4,342,1009.0,100,16,100,70,0.0,3600.0,43.6591,-70.2568,2022,4,29,16
2022-04-29 17:00:00,365.0,155.0,210.0,283.8,9.7,42,25.1,339,1009.5,99,37,95,72,0.0,3600.0,43.6591,-70.2568,2022,4,29,17
2022-04-29 18:00:00,192.0,35.0,157.0,91.9,9.0,45,22.7,342,1010.1,99,12,83,93,0.0,958.05,43.6591,-70.2568,2022,4,29,18
2022-04-29 19:00:00,99.0,20.0,79.0,99.3,8.0,49,18.9,339,1011.0,64,2,37,41,0.0,1180.14,43.6591,-70.2568,2022,4,29,19
2022-04-29 20:00:00,16.0,5.0,11.0,68.7,7.1,50,19.0,345,1011.9,89,45,73,98,0.0,573.1,43.6591,-70.2568,2022,4,29,20
2022-04-29 21:00:00,0.0,0.0,0.0,0.0,6.5,51,17.4,347,1012.7,94,11,63,83,0.0,0.0,43.6591,-70.2568,2022,4,29,21
2022-04-29 22:00:00,0.0,0.0,0.0,0.0,6.0,54,16.2,347,1013.3,98,31,71,95,0.0,0.0,43.6591,-70.2568,2022,4,29,22
2022-04-29 23:00:00,0.0,0.0,0.0,0.0,5.7,56,16.7,353,1013.4,100,94,100,98,0.0,0.0,43.6591,-70.2568,2022,4,29,23
2022-04-30 00:00:00,0.0,0.0,0.0,0.0,5.3,58,15.6,352,1013.4,91,1,91,0,0.0,0.0,43.6591,-70.2568,2022,4,30,0
2022-04-30 01:00:00,0.0,0.0,0.0,0.0,4.9,60,16.0,351,1013.2,100,5,17,100,0.0,0.0,43.6591,-70.2568,2022,4,30,1
2022-04-30 02:00:00,0.0,0.0,0.0,0.0,4.4,62,14.8,347,1013.0,99,0,63,99,0.0,0.0,43.6591,-70.2568,2022,4,30,2
2022-04-30 03:00:00,0.0,0.0,0.0,0.0,3.9,65,13.6,348,1013.1,100,19,99,100,0.0,0.0,43.6591,-70.2568,2022,4,30,3
2022-04-30 04:00:00,0.0,0.0,0.0,0.0,3.9,67,13.2,343,1013.4,100,2,100,100,0.0,0.0,43.6591,-70.2568,2022,4,30,4
2022-04-30 05:00:00,0.0,0.0,0.0,0.0,3.7,71,13.0,341,1013.7,100,0,100,100,0.1,0.0,43.6591,-70.2568,2022,4,30,5
2022-04-30 06:00:00,1.0,0.0,1.0,0.0,3.6,74,12.9,342,1014.4,100,1,100,87,0.1,0.0,43.6591,-70.2568,2022,4,30,6
2022-04-30 07:00:00,33.0,0.0,33.0,0.0,4.0,72,12.0,339,1014.9,82,2,81,0,0.0,0.0,43.6591,-70.2568,2022,4,30,7
2022-04-30 08:00:00,228.0,113.0,115.0,339.8,6.4,59,14.8,346,1014.6,38,2,0,13,0.0,3600.0,43.6591,-70.2568,2022,4,30,8
2022-04-30 09:00:00,437.0,322.0,115.0,639.9,7.8,53,17.4,353,1014.2,81,60,0,54,0.0,3600.0,43.6591,-70.2568,2022,4,30,9
2022-04-30 10:00:00,520.0,301.0,219.0,461.9,8.9,50,17.1,352,1014.1,100,100,0,0,0.0,3600.0,43.6591,-70.2568,2022,4,30,10
2022-04-30 11:00:00,466.0,112.0,354.0,145.9,9.5,48,17.2,349,1014.0,100,100,0,21,0.0,2576.36,43.6591,-70.2568,2022,4,30,11
2022-04-30 12:00:00,542.0,132.0,410.0,156.5,10.7,44,17.2,344,1013.8,100,100,100,0,0.0,2893.9,43.6591,-70.2568,2022,4,30,12
2022-04-30 13:00:00,470.0,110.0,360.0,125.8,11.2,44,17.2,344,1013.6,100,95,99,98,0.0,1975.12,43.6591,-70.2568,2022,4,30,13
2022-04-30 14:00:00,564.0,176.0,388.0,205.3,12.2,42,16.9,340,1013.2,100,94,100,100,0.0,3600.0,43.6591,-70.2568,2022,4,30,14
2022-04-30 15:00:00,378.0,68.0,310.0,85.6,12.0,43,17.9,338,1013.2,100,10,99,75,0.0,769.45,43.6591,-70.2568,2022,4,30,15
2022-04-30 16:00:00,279.0,25.0,254.0,36.3,12.1,42,17.5,341,1013.2,99,0,99,8,0.0,0.0,43.6591,-70.2568,2022,4,30,16
2022-04-30 17:00:00,339.0,110.0,229.0,200.4,12.7,40,18.8,340,1013.2,91,0,91,0,0.0,3600.0,43.6591,-70.2568,2022,4,30,17
2022-04-30 18:00:00,222.0,64.0,158.0,166.8,12.2,45,14.3,332,1013.3,59,1,58,0,0.0,3205.41,43.6591,-70.2568,2022,4,30,18
2022-04-30 19:00:00,133.0,69.0,64.0,337.5,10.6,53,12.3,328,1013.9,0,0,0,0,0.0,3600.0,43.6591,-70.2568,2022,4,30,19
2022-04-30 20:00:00,18.0,8.0,10.0,107.6,8.5,63,10.7,310,1013.6,5,0,0,11,0.0,1548.33,43.6591,-70.2568,2022,4,30,20
2022-04-30 21:00:00,0.0,0.0,0.0,0.0,8.4,61,15.1,320,1014.4,13,0,0,13,0.0,0.0,43.6591,-70.2568,2022,4,30,21
2022-04-30 22:00:00,0.0,0.0,0.0,0.0,8.1,60,14.2,333,1014.7,0,0,0,0,0.0,0.0,43.6591,-70.2568,2022,4,30,22
2022-04-30 23:00:00,0.0,0.0,0.0,0.0,6.8,65,12.3,322,1014.8,7,0,7,0,0.0,0.0,43.6591,-70.2568,2022,4,30,23
2022-05-01 00:00:00,0.0,0.0,0.0,0.0,5.9,70,13.0,314,1015.0,36,15,35,0,0.0,0.0,43.6591,-70.2568,2022,5,1,0
2022-05-01 01:00:00,0.0,0.0,0.0,0.0,5.6,71,12.5,316,1014.8,21,7,21,0,0.0,0.0,43.6591,-70.2568,2022,5,1,1
2022-05-01 02:00:00,0.0,0.0,0.0,0.0,5.2,72,12.3,320,1014.8,0,0,0,0,0.0,0.0,43.6591,-70.2568,2022,5,1,2
2022-05-01 03:00:00,0.0,0.0,0.0,0.0,4.7,74,12.2,313,1014.8,0,0,0,0,0.0,0.0,43.6591,-70.2568,2022,5,1,3
2022-05-01 04:00:00,0.0,0.0,0.0,0.0,4.5,74,12.3,310,1014.6,0,0,0,0,0.0,0.0,43.6591,-70.2568,2022,5,1,4
2022-05-01 05:00:00,0.0,0.0,0.0,0.0,4.3,74,12.0,309,1014.8,0,0,0,0,0.0,0.0,43.6591,-70.2568,2022,5,1,5
2022-05-01 06:00:00,5.0,2.0,3.0,38.2,4.2,75,12.3,310,1015.2,0,0,0,0,0.0,28.52,43.6591,-70.2568,2022,5,1,6
2022-05-01 07:00:00,105.0,65.0,40.0,419.0,6.0,74,9.1,7,1016.1,0,0,0,0,0.0,3600.0,43.6591,-70.2568,2022,5,1,7
2022-05-01 08:00:00,284.0,214.0,70.0,636.6,9.3,63,8.2,29,1016.4,0,0,34,0,0.0,3600.0,43.6591,-70.2568,2022,5,1,8
2022-05-01 09:00:00,451.0,336.0,115.0,663.3,11.1,55,7.4,29,1016.3,2,0,2,0,0.0,3600.0,43.6591,-70.2568,2022,5,1,9
2022-05-01 10:00:00,640.0,538.0,102.0,821.7,12.7,50,5.2,34,1016.2,6,0,6,0,0.0,3600.0,43.6591,-70.2568,2022,5,1,10
2022-05-01 11:00:00,775.0,664.0,111.0,861.6,13.9,48,1.8,90,1015.7,1,0,1,0,0.0,3600.0,43.6591,-70.2568,2022,5,1,11
2022-05-01 12:00:00,866.0,756.0,110.0,893.3,15.0,44,5.2,34,1015.2,100,99,100,0,0.0,3600.0,43.6591,-70.2568,2022,5,1,12
2022-05-01 13:00:00,631.0,267.0,364.0,304.6,14.0,55,9.7,135,1014.6,79,6,79,0,0.0,3600.0,43.6591,-70.2568,2022,5,1,13
2022-05-01 14:00:00,752.0,455.0,297.0,529.3,14.1,55,12.2,156,1014.1,99,1,99,0,0.0,3600.0,43.6591,-70.2568,2022,5,1,14
2022-05-01 15:00:00,591.0,278.0,313.0,349.1,12.6,57,15.4,159,1014.3,88,0,88,0,0.0,3600.0,43.6591,-70.2568,2022,5,1,15
2022-05-01 16:00:00,622.0,446.0,176.0,645.2,11.9,59,14.3,155,1014.8,29,0,29,0,0.0,3600.0,43.6591,-70.2568,2022,5,1,16
2022-05-01 17:00:00,442.0,281.0,161.0,509.6,10.8,66,12.1,143,1015.1,29,0,29,0,0.0,3600.0,43.6591,-70.2568,2022,5,1,17
2022-05-01 18:00:00,308.0,203.0,105.0,525.3,9.5,72,11.8,160,1014.9,2,0,2,0,0.0,3600.0,43.6591,-70.2568,2022,5,1,18
2022-05-01 19:00:00,150.0,99.0,51.0,477.0,7.9,82,7.4,133,1015.6,1,0,1,0,0.0,3600.0,43.6591,-70.2568,2022,5,1,19
2022-05-01 20:00:00,19.0,9.0,10.0,118.6,6.3,91,8.2,128,1015.9,0,0,10,0,0.0,1856.03,43.6591,-70.2568,2022,5,1,20
2022-05-01 21:00:00,0.0,0.0,0.0,0.0,6.1,94,9.3,103,1016.6,3,0,3,0,0.0,0.0,43.6591,-70.2568,2022,5,1,21
2022-05-01 22:00:00,0.0,0.0,0.0,0.0,5.9,95,9.4,94,1016.9,13,0,13,0,0.0,0.0,43.6591,-70.2568,2022,5,1,22
2022-05-01 23:00:00,0.0,0.0,0.0,0.0,5.8,92,8.1,103,1016.9,0,0,0,0,0.0,0.0,43.6591,-70.2568,2022,5,1,23
2022-05-02 00:00:00,0.0,0.0,0.0,0.0,5.9,89,6.7,106,1017.2,0,0,0,0,0.0,0.0,43.6591,-70.2568,2022,5,2,0
2022-05-02 01:00:00,0.0,0.0,0.0,0.0,5.9,89,6.8,93,1017.4,0,0,0,0,0.0,0.0,43.6591,-70.2568,2022,5,2,1
2022-05-02 02:00:00,0.0,0.0,0.0,0.0,5.8,89,5.9,76,1017.4,0,0,0,0,0.0,0.0,43.6591,-70.2568,2022,5,2,2
2022-05-02 03:00:00,0.0,0.0,0.0,0.0,4.9,92,4.5,76,1017.6,0,0,0,0,0.0,0.0,43.6591,-70.2568,2022,5,2,3
2022-05-02 04:00:00,0.0,0.0,0.0,0.0,5.3,91,5.9,76,1017.7,0,0,0,0,0.0,0.0,43.6591,-70.2568,2022,5,2,4
2022-05-02 05:00:00,0.0,0.0,0.0,0.0,5.2,90,9.1,72,1017.5,0,0,0,0,0.0,0.0,43.6591,-70.2568,2022,5,2,5
2022-05-02 06:00:00,6.0,2.0,4.0,38.2,5.1,93,9.7,75,1018.0,0,0,0,0,0.0,0.0,43.6591,-70.2568,2022,5,2,6
2022-05-02 07:00:00,108.0,67.0,41.0,421.6,6.8,91,9.4,86,1018.6,55,0,0,55,0.0,3600.0,43.6591,-70.2568,2022,5,2,7
2022-05-02 08:00:00,286.0,214.0,72.0,630.0,8.3,78,8.9,104,1018.8,99,0,0,100,0.0,3600.0,43.6591,-70.2568,2022,5,2,8
2022-05-02 09:00:00,467.0,365.0,102.0,715.9,9.8,69,9.5,119,1019.3,92,0,0,92,0.0,3600.0,43.6591,-70.2568,2022,5,2,9
2022-05-02 10:00:00,641.0,536.0,105.0,814.9,10.8,63,11.9,119,1019.0,22,0,0,22,0.0,3600.0,43.6591,-70.2568,2022,5,2,10
2022-05-02 11:00:00,783.0,680.0,103.0,879.2,11.2,63,12.7,115,1019.1,28,0,0,28,0.0,3600.0,43.6591,-70.2568,2022,5,2,11
2022-05-02 12:00:00,873.0,765.0,108.0,901.2,11.4,63,13.8,123,1019.2,19,0,0,19,0.0,3600.0,43.6591,-70.2568,2022,5,2,12
2022-05-02 13:00:00,908.0,785.0,123.0,892.9,11.4,62,14.8,131,1019.0,100,0,0,100,0.0,3600.0,43.6591,-70.2568,2022,5,2,13
2022-05-02 14:00:00,778.0,555.0,223.0,643.8,10.9,65,13.9,127,1018.6,100,0,89,100,0.0,3600.0,43.6591,-70.2568,2022,5,2,14
2022-05-02 15:00:00,329.0,45.0,284.0,56.3,9.3,74,11.2,123,1018.3,98,0,88,82,0.0,0.0,43.6591,-70.2568,2022,5,2,15
2022-05-02 16:00:00,370.0,119.0,251.0,171.5,9.3,74,10.6,118,1017.8,96,0,96,2,0.0,3346.06,43.6591,-70.2568,2022,5,2,16
2022-05-02 17:00:00,225.0,46.0,179.0,83.0,8.8,78,8.8,125,1017.8,95,0,95,0,0.0,690.79,43.6591,-70.2568,2022,5,2,17
2022-05-02 18:00:00,118.0,25.0,93.0,64.2,8.1,81,7.8,124,1017.7,100,0,100,0,0.0,126.84,43.6591,-70.2568,2022,5,2,18
2022-05-02 19:00:00,45.0,11.0,34.0,52.2,7.6,87,6.2,111,1017.9,79,0,79,0,0.3,0.0,43.6591,-70.2568,2022,5,2,19
2022-05-02 20:00:00,12.0,3.0,9.0,38.8,7.0,98,9.1,97,1018.1,100,0,100,0,0.0,0.0,43.6591,-70.2568,2022,5,2,20
2022-05-02 21:00:00,0.0,0.0,0.0,0.0,7.2,97,2.8,130,1018.9,100,0,100,0,0.0,0.0,43.6591,-70.2568,2022,5,2,21
2022-05-02 22:00:00,0.0,0.0,0.0,0.0,7.1,97,4.0,117,1019.0,100,0,100,0,0.0,0.0,43.6591,-70.2568,2022,5,2,22
2022-05-02 23:00:00,0.0,0.0,0.0,0.0,7.1,96,4.0,153,1018.5,100,0,100,0,0.0,0.0,43.6591,-70.2568,2022,5,2,23
2022-05-03 00:00:00,0.0,0.0,0.0,0.0,6.8,100,4.5,194,1018.4,100,0,100,0,0.3,0.0,43.6591,-70.2568,2022,5,3,0
2022-05-03 01:00:00,0.0,0.0,0.0,0.0,6.7,100,3.2,207,1018.4,100,3,100,0,0.4,0.0,43.6591,-70.2568,2022,5,3,1
2022-05-03 02:00:00,0.0,0.0,0.0,0.0,6.7,100,2.5,278,1017.9,100,0,100,0,0.2,0.0,43.6591,-70.2568,2022,5,3,2
2022-05-03 03:00:00,0.0,0.0,0.0,0.0,6.4,100,3.6,315,1018.1,100,4,100,0,0.0,0.0,43.6591,-70.2568,2022,5,3,3
2022-05-03 04:00:00,0.0,0.0,0.0,0.0,6.4,100,2.6,56,1018.4,100,37,100,49,0.0,0.0,43.6591,-70.2568,2022,5,3,4
2022-05-03 05:00:00,0.0,0.0,0.0,0.0,6.5,99,5.5,79,1018.5,100,68,100,3,0.0,0.0,43.6591,-70.2568,2022,5,3,5
2022-05-03 06:00:00,3.0,0.0,3.0,0.0,6.6,99,5.4,82,1018.7,100,76,100,0,0.0,0.0,43.6591,-70.2568,2022,5,3,6
2022-05-03 07:00:00,78.0,21.0,57.0,129.1,7.2,96,3.8,107,1019.2,100,82,100,19,0.0,2073.6,43.6591,-70.2568,2022,5,3,7
2022-05-03 08:00:00,100.0,9.0,91.0,26.2,7.7,95,5.2,115,1019.5,100,100,100,9,0.0,0.0,43.6591,-70.2568,2022,5,3,8
2022-05-03 09:00:00,124.0,2.0,122.0,3.9,8.3,93,1.6,153,1020.2,100,99,100,0,0.0,0.0,43.6591,-70.2568,2022,5,3,9
2022-05-03 10:00:00,111.0,1.0,110.0,1.5,8.5,92,4.5,119,1020.3,100,100,100,0,0.0,0.0,43.6591,-70.2568,2022,5,3,10
2022-05-03 11:00:00,257.0,24.0,233.0,30.9,9.4,88,5.2,146,1020.5,100,100,100,0,0.0,0.0,43.6591,-70.2568,2022,5,3,11
2022-05-03 12:00:00,357.0,61.0,296.0,71.6,10.3,79,5.8,150,1020.7,100,100,100,0,0.0,349.41,43.6591,-70.2568,2022,5,3,12
2022-05-03 13:00:00,302.0,29.0,273.0,32.9,10.1,76,7.8,124,1020.1,100,5,100,0,0.0,0.0,43.6591,-70.2568,2022,5,3,13
2022-05-03 14:00:00,522.0,215.0,307.0,248.7,10.7,71,9.9,123,1019.6,8,8,0,0,0.0,3600.0,43.6591,-70.2568,2022,5,3,14
2022-05-03 15:00:00,788.0,668.0,120.0,833.8,11.4,67,10.4,134,1019.4,49,1,0,49,0.0,3600.0,43.6591,-70.2568,2022,5,3,15
2022-05-03 16:00:00,660.0,548.0,112.0,787.2,11.0,67,10.9,136,1019.0,97,0,0,97,0.0,3600.0,43.6591,-70.2568,2022,5,3,16
2022-05-03 17:00:00,504.0,402.0,102.0,722.2,10.4,68,10.2,138,1018.5,99,0,0,99,0.0,3600.0,43.6591,-70.2568,2022,5,3,17
2022-05-03 18:00:00,330.0,248.0,82.0,632.6,9.6,72,8.2,142,1018.7,99,7,3,98,0.0,3600.0,43.6591,-70.2568,2022,5,3,18
2022-05-03 19:00:00,150.0,94.0,56.0,440.1,8.3,81,7.4,141,1018.7,100,0,0,100,0.0,3600.0,43.6591,-70.2568,2022,5,3,19
2022-05-03 20:00:00,20.0,7.0,13.0,88.7,7.7,87,10.9,174,1018.6,100,5,0,100,0.0,1126.02,43.6591,-70.2568,2022,5,3,20
2022-05-03 21:00:00,0.0,0.0,0.0,0.0,7.2,86,10.1,180,1018.7,100,8,3,100,0.0,0.0,43.6591,-70.2568,2022,5,3,21
2022-05-03 22:00:00,0.0,0.0,0.0,0.0,6.9,87,9.8,172,1018.1,100,0,0,100,0.0,0.0,43.6591,-70.2568,2022,5,3,22
2022-05-03 23:00:00,0.0,0.0,0.0,0.0,6.5,90,9.7,182,1017.7,100,0,0,100,0.0,0.0,43.6591,-70.2568,2022,5,3,23
2022-05-04 00:00:00,0.0,0.0,0.0,0.0,6.3,93,8.6,182,1017.3,100,3,0,100,0.0,0.0,43.6591,-70.2568,2022,5,4,0
2022-05-04 01:00:00,0.0,0.0,0.0,0.0,6.1,95,8.3,185,1017.2,100,2,85,100,0.0,0.0,43.6591,-70.2568,2022,5,4,1
2022-05-04 02:00:00,0.0,0.0,0.0,0.0,6.3,92,7.1,210,1016.9,100,0,100,100,0.0,0.0,43.6591,-70.2568,2022,5,4,2
2022-05-04 03:00:00,0.0,0.0,0.0,0.0,6.7,89,7.4,247,1017.4,100,33,100,100,0.1,0.0,43.6591,-70.2568,2022,5,4,3
2022-05-04 04:00:00,0.0,0.0,0.0,0.0,6.7,90,6.2,173,1016.4,100,0,100,100,0.4,0.0,43.6591,-70.2568,2022,5,4,4
2022-05-04 05:00:00,0.0,0.0,0.0,0.0,6.6,94,7.2,153,1015.6,100,0,100,100,0.2,0.0,43.6591,-70.2568,2022,5,4,5
2022-05-04 06:00:00,2.0,0.0,2.0,0.0,6.7,96,7.4,166,1015.6,100,29,100,100,0.0,0.0,43.6591,-70.2568,2022,5,4,6
2022-05-04 07:00:00,27.0,0.0,27.0,0.0,7.2,95,5.8,180,1015.6,100,100,100,100,0.0,0.0,43.6591,-70.2568,2022,5,4,7
2022-05-04 08:00:00,96.0,1.0,95.0,2.9,8.2,92,7.2,183,1015.7,100,100,100,100,0.0,0.0,43.6591,-70.2568,2022,5,4,8
2022-05-04 09:00:00,75.0,0.0,75.0,0.0,8.0,94,9.6,146,1014.8,100,71,100,100,0.4,0.0,43.6591,-70.2568,2022,5,4,9
2022-05-04 10:00:00,88.0,0.0,88.0,0.0,7.8,100,10.9,153,1014.4,100,80,100,100,0.9,0.0,43.6591,-70.2568,2022,5,4,10
2022-05-04 11:00:00,81.0,0.0,81.0,0.0,7.9,100,10.0,167,1014.6,100,100,100,100,1.6,0.0,43.6591,-70.2568,2022,5,4,11
2022-05-04 12:00:00,121.0,0.0,121.0,0.0,8.2,100,10.8,159,1014.0,100,47,100,100,1.8,0.0,43.6591,-70.2568,2022,5,4,12
2022-05-04 13:00:00,123.0,0.0,123.0,0.0,8.2,100,8.7,163,1013.6,100,99,100,99,0.7,0.0,43.6591,-70.2568,2022,5,4,13
2022-05-04 14:00:00,185.0,2.0,183.0,2.3,8.9,95,6.8,148,1013.1,100,100,100,100,0.3,0.0,43.6591,-70.2568,2022,5,4,14
2022-05-04 15:00:00,175.0,1.0,174.0,1.2,9.0,95,7.6,121,1012.5,100,100,28,100,0.4,0.0,43.6591,-70.2568,2022,5,4,15
2022-05-04 16:00:00,176.0,5.0,171.0,7.2,8.9,95,8.4,97,1011.8,100,100,73,100,0.3,0.0,43.6591,-70.2568,2022,5,4,16
2022-05-04 17:00:00,238.0,23.0,215.0,41.1,9.1,94,8.7,85,1011.3,100,100,100,94,0.1,0.0,43.6591,-70.2568,2022,5,4,17
2022-05-04 18:00:00,123.0,3.0,120.0,7.6,8.8,98,7.4,61,1010.9,100,100,100,59,1.0,0.0,43.6591,-70.2568,2022,5,4,18
2022-05-04 19:00:00,25.0,0.0,25.0,0.0,8.2,100,7.3,33,1010.6,100,97,100,56,2.2,0.0,43.6591,-70.2568,2022,5,4,19
2022-05-04 20:00:00,3.0,0.0,3.0,0.0,8.5,99,7.4,14,1010.3,100,100,100,31,3.3,0.0,43.6591,-70.2568,2022,5,4,20
2022-05-04 21:00:00,0.0,0.0,0.0,0.0,8.6,100,7.4,337,1010.8,100,100,100,78,1.6,0.0,43.6591,-70.2568,2022,5,4,21
2022-05-04 22:00:00,0.0,0.0,0.0,0.0,8.8,100,9.4,356,1011.1,100,0,100,91,2.2,0.0,43.6591,-70.2568,2022,5,4,22
2022-05-04 23:00:00,0.0,0.0,0.0,0.0,8.8,100,9.4,356,1010.6,100,93,100,0,0.4,0.0,43.6591,-70.2568,2022,5,4,23
2022-05-05 00:00:00,0.0,0.0,0.0,0.0,9.0,98,8.6,327,1010.8,100,26,100,0,0.0,0.0,43.6591,-70.2568,2022,5,5,0
2022-05-05 01:00:00,0.0,0.0,0.0,0.0,8.9,98,10.3,335,1010.8,55,5,42,17,0.0,0.0,43.6591,-70.2568,2022,5,5,1
2022-05-05 02:00:00,0.0,0.0,0.0,0.0,8.1,100,10.6,332,1010.7,92,2,1,92,0.0,0.0,43.6591,-70.2568,2022,5,5,2
2022-05-05 03:00:00,0.0,0.0,0.0,0.0,8.5,96,13.2,331,1010.7,16,3,1,14,0.0,0.0,43.6591,-70.2568,2022,5,5,3
2022-05-05 04:00:00,0.0,0.0,0.0,0.0,8.5,95,15.3,330,1011.1,0,0,0,0,0.0,0.0,43.6591,-70.2568,2022,5,5,4
2022-05-05 05:00:00,0.0,0.0,0.0,0.0,8.0,94,16.9,331,1011.6,0,0,0,0,0.0,0.0,43.6591,-70.2568,2022,5,5,5
2022-05-05 06:00:00,8.0,3.0,5.0,52.5,6.9,93,16.8,337,1012.3,0,0,0,0,0.0,215.16,43.6591,-70.2568,2022,5,5,6
2022-05-05 07:00:00,118.0,75.0,43.0,441.6,7.1,91,17.3,339,1013.1,0,0,0,0,0.0,3600.0,43.6591,-70.2568,2022,5,5,7
2022-05-05 08:00:00,300.0,231.0,69.0,660.4,9.2,81,12.4,338,1013.2,0,0,0,27,0.0,3600.0,43.6591,-70.2568,2022,5,5,8
2022-05-05 09:00:00,493.0,407.0,86.0,784.0,10.9,65,14.3,335,1014.1,99,0,0,99,0.0,3600.0,43.6591,-70.2568,2022,5,5,9
2022-05-05 10:00:00,655.0,534.0,121.0,801.5,12.2,50,14.2,333,1014.0,99,0,0,99,0.0,3600.0,43.6591,-70.2568,2022,5,5,10
2022-05-05 11:00:00,784.0,633.0,151.0,810.2,13.5,43,14.7,329,1013.6,95,0,0,95,0.0,3600.0,43.6591,-70.2568,2022,5,5,11
2022-05-05 12:00:00,877.0,722.0,155.0,843.2,14.7,43,14.3,317,1013.3,0,0,0,0,0.0,3600.0,43.6591,-70.2568,2022,5,5,12
2022-05-05 13:00:00,931.0,818.0,113.0,923.1,16.3,41,14.5,312,1012.8,0,0,0,0,0.0,3600.0,43.6591,-70.2568,2022,5,5,13
2022-05-05 14:00:00,910.0,807.0,103.0,928.8,17.6,37,14.0,312,1012.0,0,0,0,0,0.0,3600.0,43.6591,-70.2568,2022,5,5,14
2022-05-05 15:00:00,833.0,733.0,100.0,909.7,18.5,34,11.0,308,1011.7,0,0,0,0,0.0,3600.0,43.6591,-70.2568,2022,5,5,15
2022-05-05 16:00:00,708.0,616.0,92.0,878.8,17.5,36,2.4,207,1011.1,0,0,0,0,0.0,3600.0,43.6591,-70.2568,2022,5,5,16
2022-05-05 17:00:00,545.0,462.0,83.0,822.5,16.3,50,3.3,193,1010.6,0,0,0,0,0.0,3600.0,43.6591,-70.2568,2022,5,5,17
2022-05-05 18:00:00,358.0,288.0,70.0,724.5,14.8,71,2.2,189,1010.7,83,0,0,83,0.0,3600.0,43.6591,-70.2568,2022,5,5,18
2022-05-05 19:00:00,165.0,107.0,58.0,487.2,12.7,92,2.9,300,1011.1,20,0,0,20,0.0,3600.0,43.6591,-70.2568,2022,5,5,19
2022-05-05 20:00:00,26.0,14.0,12.0,170.9,11.8,62,11.0,328,1011.3,100,0,0,100,0.0,2612.13,43.6591,-70.2568,2022,5,5,20
2022-05-05 21:00:00,0.0,0.0,0.0,0.0,11.0,51,13.1,344,1012.2,100,0,0,100,0.0,0.0,43.6591,-70.2568,2022,5,5,21
2022-05-05 22:00:00,0.0,0.0,0.0,0.0,9.8,55,12.0,327,1012.9,100,0,0,100,0.0,0.0,43.6591,-70.2568,2022,5,5,22
2022-05-05 23:00:00,0.0,0.0,0.0,0.0,9.4,53,14.4,323,1012.6,100,0,0,100,0.0,0.0,43.6591,-70.2568,2022,5,5,23
2022-05-06 00:00:00,0.0,0.0,0.0,0.0,8.8,56,12.0,314,1012.9,100,0,0,100,0.0,0.0,43.6591,-70.2568,2022,5,6,0
2022-05-06 01:00:00,0.0,0.0,0.0,0.0,7.6,65,8.9,302,1012.5,100,0,0,100,0.0,0.0,43.6591,-70.2568,2022,5,6,1
2022-05-06 02:00:00,0.0,0.0,0.0,0.0,6.7,72,9.4,302,1011.8,100,0,0,100,0.0,0.0,43.6591,-70.2568,2022,5,6,2
2022-05-06 03:00:00,0.0,0.0,0.0,0.0,6.2,77,9.4,328,1011.8,100,0,0,100,0.0,0.0,43.6591,-70.2568,2022,5,6,3
2022-05-06 04:00:00,0.0,0.0,0.0,0.0,5.9,79,9.0,337,1012.1,100,0,0,100,0.0,0.0,43.6591,-70.2568,2022,5,6,4
2022-05-06 05:00:00,0.0,0.0,0.0,0.0,5.7,80,6.5,326,1012.0,100,0,0,100,0.0,0.0,43.6591,-70.2568,2022,5,6,5
2022-05-06 06:00:00,8.0,0.0,8.0,0.0,5.8,82,5.4,356,1012.4,100,0,0,100,0.0,0.0,43.6591,-70.2568,2022,5,6,6
2022-05-06 07:00:00,112.0,54.0,58.0,311.6,7.2,79,5.3,28,1013.1,100,0,0,100,0.0,3600.0,43.6591,-70.2568,2022,5,6,7
2022-05-06 08:00:00,255.0,123.0,132.0,348.4,9.4,68,4.0,360,1013.1,100,0,0,100,0.0,3600.0,43.6591,-70.2568,2022,5,6,8
2022-05-06 09:00:00,400.0,194.0,206.0,371.6,11.7,55,3.3,49,1013.3,100,0,3,100,0.0,3600.0,43.6591,-70.2568,2022,5,6,9
2022-05-06 10:00:00,595.0,387.0,208.0,578.5,12.8,46,5.2,124,1012.9,100,0,3,100,0.0,3600.0,43.6591,-70.2568,2022,5,6,10
2022-05-06 11:00:00,748.0,542.0,206.0,691.5,12.9,48,9.7,141,1012.2,31,0,0,31,0.0,3600.0,43.6591,-70.2568,2022,5,6,11
2022-05-06 12:00:00,880.0,767.0,113.0,893.3,13.1,45,12.4,144,1011.5,100,0,4,100,0.0,3600.0,43.6591,-70.2568,2022,5,6,12
2022-05-06 13:00:00,853.0,629.0,224.0,708.0,13.3,44,14.0,145,1011.0,100,0,76,100,0.0,3600.0,43.6591,-70.2568,2022,5,6,13
2022-05-06 14:00:00,622.0,244.0,378.0,280.1,12.4,48,16.3,152,1010.6,100,0,100,100,0.0,3600.0,43.6591,-70.2568,2022,5,6,14
2022-05-06 15:00:00,429.0,111.0,318.0,137.4,11.5,57,14.5,166,1010.0,100,0,100,100,0.0,2321.45,43.6591,-70.2568,2022,5,6,15
2022-05-06 16:00:00,325.0,36.0,289.0,51.2,11.6,60,14.4,177,1009.3,100,0,100,100,0.0,0.0,43.6591,-70.2568,2022,5,6,16
2022-05-06 17:00:00,185.0,8.0,177.0,14.2,10.8,64,12.2,182,1009.0,100,0,100,100,0.0,0.0,43.6591,-70.2568,2022,5,6,17
2022-05-06 18:00:00,116.0,5.0,111.0,12.5,10.8,69,6.3,167,1008.7,100,0,100,100,0.0,0.0,43.6591,-70.2568,2022,5,6,18
2022-05-06 19:00:00,48.0,5.0,43.0,22.5,10.5,68,6.9,174,1008.8,100,0,68,99,0.0,0.0,43.6591,-70.2568,2022,5,6,19
2022-05-06 20:00:00,17.0,4.0,13.0,48.0,11.0,60,1.6,27,1008.8,100,0,70,99,0.0,19.73,43.6591,-70.2568,2022,5,6,20
2022-05-06 21:00:00,0.0,0.0,0.0,0.0,9.4,72,4.9,73,1009.3,99,0,57,97,0.0,0.0,43.6591,-70.2568,2022,5,6,21
2022-05-06 22:00:00,0.0,0.0,0.0,0.0,7.9,82,8.7,45,1009.8,100,0,1,100,0.0,0.0,43.6591,-70.2568,2022,5,6,22
2022-05-06 23:00:00,0.0,0.0,0.0,0.0,7.3,84,10.4,20,1009.8,100,0,11,100,0.0,0.0,43.6591,-70.2568,2022,5,6,23
2022-05-07 00:00:00,0.0,0.0,0.0,0.0,7.9,57,16.4,19,1010.0,100,0,1,100,0.0,0.0,43.6591,-70.2568,2022,5,7,0
2022-05-07 01:00:00,0.0,0.0,0.0,0.0,7.7,50,17.2,16,1010.5,100,0,1,100,0.0,0.0,43.6591,-70.2568,2022,5,7,1
2022-05-07 02:00:00,0.0,0.0,0.0,0.0,6.9,53,18.9,18,1010.6,100,0,0,100,0.0,0.0,43.6591,-70.2568,2022,5,7,2
2022-05-07 03:00:00,0.0,0.0,0.0,0.0,6.0,59,17.6,26,1011.1,100,0,0,100,0.0,0.0,43.6591,-70.2568,2022,5,7,3
2022-05-07 04:00:00,0.0,0.0,0.0,0.0,5.3,62,17.7,29,1011.6,100,0,0,100,0.0,0.0,43.6591,-70.2568,2022,5,7,4
2022-05-07 05:00:00,0.0,0.0,0.0,0.0,4.8,62,17.1,28,1012.2,100,0,0,100,0.0,0.0,43.6591,-70.2568,2022,5,7,5
2022-05-07 06:00:00,9.0,1.0,8.0,16.5,4.4,62,16.7,25,1012.7,100,0,0,100,0.0,0.0,43.6591,-70.2568,2022,5,7,6
2022-05-07 07:00:00,89.0,12.0,77.0,67.9,4.9,64,13.7,27,1013.3,100,0,0,100,0.0,236.94,43.6591,-70.2568,2022,5,7,7
2022-05-07 08:00:00,224.0,58.0,166.0,162.9,6.3,55,15.9,33,1014.0,100,0,0,100,0.0,3085.53,43.6591,-70.2568,2022,5,7,8
2022-05-07 09:00:00,446.0,262.0,184.0,499.1,7.6,48,18.6,44,1014.1,100,0,0,100,0.0,3600.0,43.6591,-70.2568,2022,5,7,9
2022-05-07 10:00:00,568.0,309.0,259.0,460.1,8.6,46,18.8,61,1014.3,100,0,0,100,0.0,3600.0,43.6591,-70.2568,2022,5,7,10
2022-05-07 11:00:00,682.0,379.0,303.0,482.1,9.4,43,17.5,76,1014.6,100,0,0,100,0.0,3600.0,43.6591,-70.2568,2022,5,7,11
2022-05-07 12:00:00,722.0,385.0,337.0,447.2,9.5,44,17.9,100,1015.3,100,0,0,100,0.0,3600.0,43.6591,-70.2568,2022,5,7,12
2022-05-07 13:00:00,777.0,410.0,367.0,460.4,8.8,53,20.7,107,1015.1,100,0,0,100,0.0,3600.0,43.6591,-70.2568,2022,5,7,13
2022-05-07 14:00:00,755.0,395.0,360.0,452.3,8.5,52,20.3,102,1015.0,100,0,0,100,0.0,3600.0,43.6591,-70.2568,2022,5,7,14
2022-05-07 15:00:00,660.0,318.0,342.0,392.5,8.6,49,19.7,99,1015.3,100,0,0,100,0.0,3600.0,43.6591,-70.2568,2022,5,7,15
2022-05-07 16:00:00,525.0,216.0,309.0,306.1,8.6,46,18.5,98,1015.0,100,0,0,100,0.0,3600.0,43.6591,-70.2568,2022,5,7,16
2022-05-07 17:00:00,380.0,109.0,271.0,192.3,8.3,50,14.4,103,1015.1,100,0,0,100,0.0,3600.0,43.6591,-70.2568,2022,5,7,17
2022-05-07 18:00:00,233.0,48.0,185.0,119.1,7.6,55,10.8,88,1015.2,100,0,0,100,0.0,1773.37,43.6591,-70.2568,2022,5,7,18
2022-05-07 19:00:00,118.0,26.0,92.0,115.3,7.1,61,8.9,63,1015.5,100,0,0,100,0.0,1658.32,43.6591,-70.2568,2022,5,7,19
2022-05-07 20:00:00,21.0,3.0,18.0,35.3,5.6,78,5.7,72,1016.1,100,0,0,100,0.0,0.0,43.6591,-70.2568,2022,5,7,20
2022-05-07 21:00:00,0.0,0.0,0.0,0.0,6.5,73,5.2,56,1016.7,100,0,0,100,0.0,0.0,43.6591,-70.2568,2022,5,7,21
2022-05-07 22:00:00,0.0,0.0,0.0,0.0,5.9,76,6.6,49,1017.4,100,0,0,100,0.0,0.0,43.6591,-70.2568,2022,5,7,22
2022-05-07 23:00:00,0.0,0.0,0.0,0.0,5.5,79,6.9,28,1017.6,100,0,0,100,0.0,0.0,43.6591,-70.2568,2022,5,7,23
2022-05-08 00:00:00,0.0,0.0,0.0,0.0,4.8,82,10.3,12,1017.9,100,0,0,100,0.0,0.0,43.6591,-70.2568,2022,5,8,0
2022-05-08 01:00:00,0.0,0.0,0.0,0.0,4.0,81,10.9,9,1018.0,100,0,0,100,0.0,0.0,43.6591,-70.2568,2022,5,8,1
2022-05-08 02:00:00,0.0,0.0,0.0,0.0,4.0,74,11.0,11,1017.9,100,0,0,100,0.0,0.0,43.6591,-70.2568,2022,5,8,2
2022-05-08 03:00:00,0.0,0.0,0.0,0.0,4.0,72,11.2,15,1018.4,100,0,0,100,0.0,0.0,43.6591,-70.2568,2022,5,8,3
2022-05-08 04:00:00,0.0,0.0,0.0,0.0,4.1,73,12.1,17,1018.8,100,0,0,100,0.0,0.0,43.6591,-70.2568,2022,5,8,4
2022-05-08 05:00:00,0.0,0.0,0.0,0.0,4.1,73,11.6,22,1019.0,100,0,0,100,0.0,0.0,43.6591,-70.2568,2022,5,8,5
2022-05-08 06:00:00,10.0,1.0,9.0,16.0,4.3,76,11.8,27,1019.6,100,0,0,100,0.0,0.0,43.6591,-70.2568,2022,5,8,6
2022-05-08 07:00:00,77.0,7.0,70.0,38.9,5.3,77,10.0,30,1020.5,100,0,0,100,0.0,0.0,43.6591,-70.2568,2022,5,8,7
2022-05-08 08:00:00,229.0,74.0,155.0,206.0,6.9,67,10.6,35,1020.8,98,0,0,100,0.0,3600.0,43.6591,-70.2568,2022,5,8,8
2022-05-08 09:00:00,418.0,214.0,204.0,405.5,8.4,56,13.3,52,1021.6,98,0,0,98,0.0,3600.0,43.6591,-70.2568,2022,5,8,9
2022-05-08 10:00:00,611.0,392.0,219.0,581.4,9.7,50,12.7,65,1022.0,100,0,0,100,0.0,3600.0,43.6591,-70.2568,2022,5,8,10
2022-05-08 11:00:00,750.0,533.0,217.0,675.9,10.6,49,12.3,83,1022.1,100,0,0,100,0.0,3600.0,43.6591,-70.2568,2022,5,8,11
2022-05-08 12:00:00,846.0,607.0,239.0,703.3,10.8,51,13.7,104,1022.0,100,0,0,100,0.0,3600.0,43.6591,-70.2568,2022,5,8,12
2022-05-08 13:00:00,877.0,635.0,242.0,711.3,10.7,46,14.7,112,1021.7,100,0,0,100,0.0,3600.0,43.6591,-70.2568,2022,5,8,13
2022-05-08 14:00:00,858.0,609.0,249.0,695.7,10.2,42,16.4,105,1021.6,100,0,0,100,0.0,3600.0,43.6591,-70.2568,2022,5,8,14
2022-05-08 15:00:00,799.0,603.0,196.0,742.3,10.2,40,15.1,102,1021.2,100,0,0,100,0.0,3600.0,43.6591,-70.2568,2022,5,8,15
2022-05-08 16:00:00,693.0,537.0,156.0,758.6,10.2,42,10.9,117,1021.0,100,0,0,100,0.0,3600.0,43.6591,-70.2568,2022,5,8,16
2022-05-08 17:00:00,523.0,377.0,146.0,662.3,9.2,47,8.8,125,1020.9,100,0,0,100,0.0,3600.0,43.6591,-70.2568,2022,5,8,17
2022-05-08 18:00:00,356.0,261.0,95.0,643.4,8.2,52,5.9,101,1021.0,35,0,0,35,0.0,3600.0,43.6591,-70.2568,2022,5,8,18
2022-05-08 19:00:00,177.0,123.0,54.0,538.3,7.1,62,4.6,72,1020.9,0,0,0,0,0.0,3600.0,43.6591,-70.2568,2022,5,8,19
2022-05-08 20:00:00,30.0,16.0,14.0,185.3,5.3,75,6.6,119,1020.9,69,0,0,0,0.0,2817.14,43.6591,-70.2568,2022,5,8,20
2022-05-08 21:00:00,0.0,0.0,0.0,0.0,6.6,64,5.4,82,1021.3,0,0,0,0,0.0,0.0,43.6591,-70.2568,2022,5,8,21
2022-05-08 22:00:00,0.0,0.0,0.0,0.0,4.6,78,4.7,4,1021.4,0,0,0,0,0.0,0.0,43.6591,-70.2568,2022,5,8,22
2022-05-08 23:00:00,0.0,0.0,0.0,0.0,5.0,72,4.7,9,1021.4,100,0,0,100,0.0,0.0,43.6591,-70.2568,2022,5,8,23
2022-05-09 00:00:00,0.0,0.0,0.0,0.0,5.2,71,5.8,22,1021.5,99,0,0,99,0.0,0.0,43.6591,-70.2568,2022,5,9,0
2022-05-09 01:00:00,0.0,0.0,0.0,0.0,4.4,72,9.7,356,1021.4,100,0,0,100,0.0,0.0,43.6591,-70.2568,2022,5,9,1
2022-05-09 02:00:00,0.0,0.0,0.0,0.0,3.6,72,11.7,351,1021.5,100,0,0,100,0.0,0.0,43.6591,-70.2568,2022,5,9,2
2022-05-09 03:00:00,0.0,0.0,0.0,0.0,3.6,71,12.6,360,1021.8,100,0,0,100,0.0,0.0,43.6591,-70.2568,2022,5,9,3
2022-05-09 04:00:00,0.0,0.0,0.0,0.0,3.8,71,12.8,10,1022.4,100,0,0,100,0.0,0.0,43.6591,-70.2568,2022,5,9,4
2022-05-09 05:00:00,0.0,0.0,0.0,0.0,3.9,72,13.1,16,1022.8,100,0,0,100,0.0,0.0,43.6591,-70.2568,2022,5,9,5
2022-05-09 06:00:00,12.0,3.0,9.0,46.9,4.1,75,13.3,19,1023.4,25,0,0,25,0.0,74.12,43.6591,-70.2568,2022,5,9,6
2022-05-09 07:00:00,133.0,85.0,48.0,463.6,5.9,74,12.5,18,1024.1,100,0,0,100,0.0,3600.0,43.6591,-70.2568,2022,5,9,7
2022-05-09 08:00:00,284.0,163.0,121.0,450.0,8.4,62,13.4,27,1023.9,100,0,0,100,0.0,3600.0,43.6591,-70.2568,2022,5,9,8
2022-05-09 09:00:00,496.0,376.0,120.0,708.8,10.8,51,14.8,43,1024.6,100,0,0,100,0.0,3600.0,43.6591,-70.2568,2022,5,9,9
2022-05-09 10:00:00,660.0,505.0,155.0,746.3,12.1,41,16.7,57,1025.1,100,0,0,100,0.0,3600.0,43.6591,-70.2568,2022,5,9,10
2022-05-09 11:00:00,798.0,631.0,167.0,797.9,12.9,39,16.4,75,1025.5,100,0,0,100,0.0,3600.0,43.6591,-70.2568,2022,5,9,11
2022-05-09 12:00:00,900.0,757.0,143.0,874.9,13.4,37,17.8,83,1025.8,100,0,0,100,0.0,3600.0,43.6591,-70.2568,2022,5,9,12
2022-05-09 13:00:00,950.0,831.0,119.0,928.7,13.9,35,17.7,84,1025.9,48,0,0,48,0.0,3600.0,43.6591,-70.2568,2022,5,9,13
2022-05-09 14:00:00,934.0,824.0,110.0,939.1,14.4,34,15.5,90,1025.5,0,0,0,0,0.0,3600.0,43.6591,-70.2568,2022,5,9,14
2022-05-09 15:00:00,859.0,761.0,98.0,934.3,14.4,41,13.4,104,1025.4,0,0,0,0,0.0,3600.0,43.6591,-70.2568,2022,5,9,15
2022-05-09 16:00:00,728.0,635.0,93.0,894.2,12.7,48,15.0,120,1025.4,0,0,0,0,0.0,3600.0,43.6591,-70.2568,2022,5,9,16
2022-05-09 17:00:00,561.0,476.0,85.0,832.7,11.1,47,15.6,105,1025.9,0,0,0,0,0.0,3600.0,43.6591,-70.2568,2022,5,9,17
2022-05-09 18:00:00,374.0,302.0,72.0,739.6,10.6,48,16.3,95,1026.2,0,0,0,0,0.0,3600.0,43.6591,-70.2568,2022,5,9,18
2022-05-09 19:00:00,184.0,132.0,52.0,570.5,9.9,48,17.7,84,1026.3,0,0,0,0,0.0,3600.0,43.6591,-70.2568,2022,5,9,19
2022-05-09 20:00:00,33.0,18.0,15.0,205.0,8.7,55,12.4,82,1026.1,0,0,0,0,0.0,2885.09,43.6591,-70.2568,2022,5,9,20
2022-05-09 21:00:00,0.0,0.0,0.0,0.0,8.1,61,10.6,80,1026.9,0,0,0,0,0.0,0.0,43.6591,-70.2568,2022,5,9,21
2022-05-09 22:00:00,0.0,0.0,0.0,0.0,7.6,68,6.9,62,1027.4,0,0,0,0,0.0,0.0,43.6591,-70.2568,2022,5,9,22
2022-05-09 23:00:00,0.0,0.0,0.0,0.0,7.2,70,7.0,35,1027.1,0,0,0,0,0.0,0.0,43.6591,-70.2568,2022,5,9,23
2022-05-10 00:00:00,0.0,0.0,0.0,0.0,6.6,72,5.8,22,1027.0,0,0,0,0,0.0,0.0,43.6591,-70.2568,2022,5,10,0
2022-05-10 01:00:00,0.0,0.0,0.0,0.0,5.8,72,8.7,7,1026.9,0,0,0,0,0.0,0.0,43.6591,-70.2568,2022,5,10,1
2022-05-10 02:00:00,0.0,0.0,0.0,0.0,4.8,70,11.2,4,1027.1,0,0,0,0,0.0,0.0,43.6591,-70.2568,2022,5,10,2
2022-05-10 03:00:00,0.0,0.0,0.0,0.0,4.5,68,11.8,12,1027.2,0,0,0,0,0.0,0.0,43.6591,-70.2568,2022,5,10,3
2022-05-10 04:00:00,0.0,0.0,0.0,0.0,4.6,70,12.8,16,1027.3,0,0,0,0,0.0,0.0,43.6591,-70.2568,2022,5,10,4
2022-05-10 05:00:00,0.0,0.0,0.0,0.0,4.8,71,13.1,16,1027.6,0,0,0,0,0.0,0.0,43.6591,-70.2568,2022,5,10,5
2022-05-10 06:00:00,13.0,6.0,7.0,91.5,5.1,70,13.2,11,1028.1,0,0,0,0,0.0,1073.94,43.6591,-70.2568,2022,5,10,6
2022-05-10 07:00:00,135.0,89.0,46.0,477.2,7.0,69,13.4,8,1028.6,0,0,0,0,0.0,3600.0,43.6591,-70.2568,2022,5,10,7
2022-05-10 08:00:00,318.0,248.0,70.0,679.2,9.9,54,11.4,28,1029.4,0,0,0,0,0.0,3600.0,43.6591,-70.2568,2022,5,10,8
2022-05-10 09:00:00,507.0,423.0,84.0,793.4,12.0,43,13.9,37,1029.8,0,0,0,0,0.0,3600.0,43.6591,-70.2568,2022,5,10,9
2022-05-10 10:00:00,676.0,582.0,94.0,857.0,13.7,37,14.0,42,1029.6,0,0,0,0,0.0,3600.0,43.6591,-70.2568,2022,5,10,10
2022-05-10 11:00:00,811.0,711.0,100.0,896.5,15.1,35,13.8,51,1029.8,0,0,0,0,0.0,3600.0,43.6591,-70.2568,2022,5,10,11
2022-05-10 12:00:00,899.0,795.0,104.0,916.6,15.9,36,13.7,67,1029.3,0,0,0,0,0.0,3600.0,43.6591,-70.2568,2022,5,10,12
2022-05-10 13:00:00,934.0,828.0,106.0,923.3,15.8,38,14.1,96,1028.7,0,0,0,0,0.0,3600.0,43.6591,-70.2568,2022,5,10,13
2022-05-10 14:00:00,913.0,808.0,105.0,918.7,15.1,41,15.3,114,1028.1,0,0,0,0,0.0,3600.0,43.6591,-70.2568,2022,5,10,14
2022-05-10 15:00:00,840.0,739.0,101.0,905.0,14.6,45,14.7,115,1027.6,0,0,0,0,0.0,3600.0,43.6591,-70.2568,2022,5,10,15
2022-05-10 16:00:00,717.0,622.0,95.0,873.1,13.6,49,13.9,107,1027.4,0,0,0,0,0.0,3600.0,43.6591,-70.2568,2022,5,10,16
2022-05-10 17:00:00,556.0,469.0,87.0,817.0,12.4,53,14.8,104,1027.4,0,0,0,0,0.0,3600.0,43.6591,-70.2568,2022,5,10,17
2022-05-10 18:00:00,372.0,299.0,73.0,727.6,11.4,54,15.3,99,1027.3,0,0,0,0,0.0,3600.0,43.6591,-70.2568,2022,5,10,18
2022-05-10 19:00:00,185.0,133.0,52.0,567.7,10.7,55,16.3,85,1027.1,0,0,0,0,0.0,3600.0,43.6591,-70.2568,2022,5,10,19
2022-05-10 20:00:00,35.0,19.0,16.0,212.9,7.7,71,8.2,49,1027.1,0,0,0,0,0.0,2952.71,43.6591,-70.2568,2022,5,10,20
2022-05-10 21:00:00,0.0,0.0,0.0,0.0,8.2,69,5.9,43,1027.5,0,0,0,0,0.0,0.0,43.6591,-70.2568,2022,5,10,21
2022-05-10 22:00:00,0.0,0.0,0.0,0.0,8.0,65,4.7,32,1027.6,0,0,0,0,0.0,0.0,43.6591,-70.2568,2022,5,10,22
2022-05-10 23:00:00,0.0,0.0,0.0,0.0,7.8,65,6.0,17,1027.2,0,0,0,0,0.0,0.0,43.6591,-70.2568,2022,5,10,23
2022-05-11 00:00:00,0.0,0.0,0.0,0.0,6.9,68,8.6,2,1026.8,0,0,0,0,0.0,0.0,43.6591,-70.2568,2022,5,11,0
2022-05-11 01:00:00,0.0,0.0,0.0,0.0,5.9,72,11.2,356,1026.3,0,0,0,0,0.0,0.0,43.6591,-70.2568,2022,5,11,1
2022-05-11 02:00:00,0.0,0.0,0.0,0.0,5.4,73,11.2,6,1026.1,0,0,0,0,0.0,0.0,43.6591,-70.2568,2022,5,11,2
2022-05-11 03:00:00,0.0,0.0,0.0,0.0,5.4,73,11.4,13,1026.1,0,0,0,0,0.0,0.0,43.6591,-70.2568,2022,5,11,3
2022-05-11 04:00:00,0.0,0.0,0.0,0.0,5.4,73,12.0,21,1026.2,0,0,0,0,0.0,0.0,43.6591,-70.2568,2022,5,11,4
2022-05-11 05:00:00,0.0,0.0,0.0,0.0,5.2,73,12.2,19,1026.1,0,0,0,0,0.0,0.0,43.6591,-70.2568,2022,5,11,5
2022-05-11 06:00:00,15.0,7.0,8.0,104.3,5.4,72,12.8,10,1026.1,0,0,0,0,0.0,1388.77,43.6591,-70.2568,2022,5,11,6
2022-05-11 07:00:00,142.0,97.0,45.0,511.5,7.7,69,12.1,10,1026.2,0,0,0,0,0.0,3600.0,43.6591,-70.2568,2022,5,11,7
2022-05-11 08:00:00,329.0,260.0,69.0,706.6,10.7,56,8.9,32,1026.3,0,0,0,0,0.0,3600.0,43.6591,-70.2568,2022,5,11,8
2022-05-11 09:00:00,524.0,441.0,83.0,823.2,12.8,46,8.9,69,1026.3,0,0,0,0,0.0,3600.0,43.6591,-70.2568,2022,5,11,9
2022-05-11 10:00:00,696.0,604.0,92.0,886.3,13.7,45,9.0,92,1026.1,0,0,0,0,0.0,3600.0,43.6591,-70.2568,2022,5,11,10
2022-05-11 11:00:00,833.0,734.0,99.0,923.0,14.9,45,8.0,100,1026.0,0,0,0,0,0.0,3600.0,43.6591,-70.2568,2022,5,11,11
2022-05-11 12:00:00,918.0,817.0,101.0,939.8,15.1,49,10.3,119,1025.5,0,0,0,0,0.0,3600.0,43.6591,-70.2568,2022,5,11,12
2022-05-11 13:00:00,944.0,840.0,104.0,934.6,14.7,54,11.3,121,1025.1,0,0,0,0,0.0,3600.0,43.6591,-70.2568,2022,5,11,13
2022-05-11 14:00:00,909.0,801.0,108.0,908.7,14.3,58,11.6,116,1024.8,6,6,0,0,0.0,3600.0,43.6591,-70.2568,2022,5,11,14
2022-05-11 15:00:00,798.0,655.0,143.0,800.1,14.1,64,9.9,109,1024.5,4,4,0,0,0.0,3600.0,43.6591,-70.2568,2022,5,11,15
2022-05-11 16:00:00,677.0,554.0,123.0,775.3,13.8,68,9.4,113,1024.0,1,1,0,0,0.0,3600.0,43.6591,-70.2568,2022,5,11,16
2022-05-11 17:00:00,535.0,443.0,92.0,768.5,13.2,71,7.2,117,1023.8,1,1,0,0,0.0,3600.0,43.6591,-70.2568,2022,5,11,17
2022-05-11 18:00:00,352.0,274.0,78.0,662.5,12.5,77,4.2,110,1023.8,1,1,0,0,0.0,3600.0,43.6591,-70.2568,2022,5,11,18
2022-05-11 19:00:00,170.0,113.0,57.0,476.5,11.4,82,4.7,113,1023.4,0,0,0,0,0.0,3600.0,43.6591,-70.2568,2022,5,11,19
2022-05-11 20:00:00,32.0,16.0,16.0,176.5,9.3,86,6.0,147,1022.5,0,0,0,0,0.0,3019.96,43.6591,-70.2568,2022,5,11,20
2022-05-11 21:00:00,0.0,0.0,0.0,0.0,9.0,86,5.4,184,1023.2,0,0,0,0,0.0,0.0,43.6591,-70.2568,2022,5,11,21
2022-05-11 22:00:00,0.0,0.0,0.0,0.0,8.6,88,5.9,259,1023.6,0,0,0,0,0.0,0.0,43.6591,-70.2568,2022,5,11,22
2022-05-11 23:00:00,0.0,0.0,0.0,0.0,8.4,90,6.4,254,1023.1,0,0,0,0,0.0,0.0,43.6591,-70.2568,2022,5,11,23
2022-05-12 00:00:00,0.0,0.0,0.0,0.0,8.2,92,8.2,285,1023.1,0,0,0,0,0.0,0.0,43.6591,-70.2568,2022,5,12,0
2022-05-12 01:00:00,0.0,0.0,0.0,0.0,7.8,95,9.9,303,1023.2,14,0,0,14,0.0,0.0,43.6591,-70.2568,2022,5,12,1
2022-05-12 02:00:00,0.0,0.0,0.0,0.0,7.6,96,8.3,304,1022.6,22,0,0,22,0.0,0.0,43.6591,-70.2568,2022,5,12,2
2022-05-12 03:00:00,0.0,0.0,0.0,0.0,7.2,96,5.7,305,1022.2,18,0,0,18,0.0,0.0,43.6591,-70.2568,2022,5,12,3
2022-05-12 04:00:00,0.0,0.0,0.0,0.0,7.0,97,3.1,249,1022.1,43,9,0,37,0.0,0.0,43.6591,-70.2568,2022,5,12,4
2022-05-12 05:00:00,0.0,0.0,0.0,0.0,6.1,100,4.5,284,1022.3,100,81,0,100,0.0,0.0,43.6591,-70.2568,2022,5,12,5
2022-05-12 06:00:00,13.0,3.0,10.0,43.7,6.6,99,8.2,311,1023.4,100,100,0,88,0.0,0.0,43.6591,-70.2568,2022,5,12,6
2022-05-12 07:00:00,96.0,30.0,66.0,155.7,10.1,89,4.5,284,1024.0,100,100,0,65,0.0,2871.89,43.6591,-70.2568,2022,5,12,7
2022-05-12 08:00:00,226.0,87.0,139.0,234.7,13.2,83,3.1,201,1023.9,100,0,0,15,0.0,3600.0,43.6591,-70.2568,2022,5,12,8
2022-05-12 09:00:00,498.0,405.0,93.0,752.5,16.6,77,2.4,207,1024.4,2,2,0,0,0.0,3600.0,43.6591,-70.2568,2022,5,12,9
2022-05-12 10:00:00,663.0,561.0,102.0,820.5,19.0,69,0.8,117,1024.3,24,0,0,24,0.0,3600.0,43.6591,-70.2568,2022,5,12,10
2022-05-12 11:00:00,799.0,698.0,101.0,875.4,20.2,62,5.4,127,1024.1,10,0,0,10,0.0,3600.0,43.6591,-70.2568,2022,5,12,11
2022-05-12 12:00:00,889.0,787.0,102.0,903.2,20.1,70,10.2,132,1023.9,70,32,0,57,0.0,3600.0,43.6591,-70.2568,2022,5,12,12
2022-05-12 13:00:00,910.0,772.0,138.0,857.1,19.7,73,11.6,144,1024.2,29,26,0,4,0.0,3600.0,43.6591,-70.2568,2022,5,12,13
2022-05-12 14:00:00,901.0,784.0,117.0,887.5,19.9,69,11.4,152,1024.3,20,20,0,0,0.0,3600.0,43.6591,-70.2568,2022,5,12,14
2022-05-12 15:00:00,828.0,725.0,103.0,883.5,19.6,70,11.8,157,1024.0,19,15,0,5,0.0,3600.0,43.6591,-70.2568,2022,5,12,15
2022-05-12 16:00:00,702.0,600.0,102.0,837.1,18.8,77,11.6,164,1023.6,40,1,0,40,0.0,3600.0,43.6591,-70.2568,2022,5,12,16
2022-05-12 17:00:00,544.0,457.0,87.0,789.6,17.8,79,11.3,173,1023.4,42,0,0,42,0.0,3600.0,43.6591,-70.2568,2022,5,12,17
2022-05-12 18:00:00,347.0,256.0,91.0,615.2,16.4,82,10.8,176,1023.3,78,61,0,44,0.0,3600.0,43.6591,-70.2568,2022,5,12,18
2022-05-12 19:00:00,155.0,82.0,73.0,341.7,14.5,90,9.7,180,1023.3,84,79,0,20,0.0,3600.0,43.6591,-70.2568,2022,5,12,19
2022-05-12 20:00:00,27.0,8.0,19.0,86.9,14.2,94,9.4,180,1023.2,82,77,0,100,0.0,1215.21,43.6591,-70.2568,2022,5,12,20
2022-05-12 21:00:00,0.0,0.0,0.0,0.0,12.4,98,9.7,176,1023.2,100,100,0,99,0.0,0.0,43.6591,-70.2568,2022,5,12,21
2022-05-12 22:00:00,0.0,0.0,0.0,0.0,12.0,99,9.6,193,1023.4,100,100,0,16,0.0,0.0,43.6591,-70.2568,2022,5,12,22
2022-05-12 23:00:00,0.0,0.0,0.0,0.0,12.0,99,7.9,210,1023.2,100,100,0,16,0.0,0.0,43.6591,-70.2568,2022,5,12,23
2022-05-13 00:00:00,0.0,0.0,0.0,0.0,12.1,100,7.0,215,1022.9,100,100,0,99,0.0,0.0,43.6591,-70.2568,2022,5,13,0
2022-05-13 01:00:00,0.0,0.0,0.0,0.0,12.1,100,6.6,202,1022.8,100,100,0,100,0.0,0.0,43.6591,-70.2568,2022,5,13,1
2022-05-13 02:00:00,0.0,0.0,0.0,0.0,12.2,100,7.4,203,1022.5,100,100,0,100,0.0,0.0,43.6591,-70.2568,2022,5,13,2
2022-05-13 03:00:00,0.0,0.0,0.0,0.0,12.2,100,6.3,211,1022.4,100,100,0,100,0.0,0.0,43.6591,-70.2568,2022,5,13,3
2022-05-13 04:00:00,0.0,0.0,0.0,0.0,12.5,100,5.4,228,1022.3,100,100,0,98,0.0,0.0,43.6591,-70.2568,2022,5,13,4
2022-05-13 05:00:00,0.0,0.0,0.0,0.0,12.8,99,6.1,208,1022.3,100,100,0,97,0.0,0.0,43.6591,-70.2568,2022,5,13,5
2022-05-13 06:00:00,5.0,0.0,5.0,0.0,13.1,100,9.0,196,1022.4,100,100,0,96,0.0,0.0,43.6591,-70.2568,2022,5,13,6
2022-05-13 07:00:00,49.0,0.0,49.0,0.0,13.5,99,11.0,212,1023.0,100,100,0,99,0.0,0.0,43.6591,-70.2568,2022,5,13,7
2022-05-13 08:00:00,135.0,12.0,123.0,32.1,14.3,96,7.2,233,1022.9,100,100,0,91,0.0,0.0,43.6591,-70.2568,2022,5,13,8
2022-05-13 09:00:00,316.0,82.0,234.0,151.7,17.4,86,4.6,198,1022.7,99,3,0,99,0.0,2750.08,43.6591,-70.2568,2022,5,13,9
2022-05-13 10:00:00,628.0,493.0,135.0,718.7,19.6,79,8.6,158,1022.5,96,8,0,96,0.0,3600.0,43.6591,-70.2568,2022,5,13,10
2022-05-13 11:00:00,765.0,610.0,155.0,763.1,20.9,74,13.1,164,1022.1,62,24,0,50,0.0,3600.0,43.6591,-70.2568,2022,5,13,11
2022-05-13 12:00:00,838.0,668.0,170.0,764.9,21.3,73,16.2,176,1021.3,30,30,0,0,0.0,3600.0,43.6591,-70.2568,2022,5,13,12
2022-05-13 13:00:00,874.0,690.0,184.0,764.5,21.8,72,16.6,178,1020.3,32,32,0,0,0.0,3600.0,43.6591,-70.2568,2022,5,13,13
2022-05-13 14:00:00,849.0,666.0,183.0,752.3,20.9,74,18.4,178,1019.5,39,39,0,0,0.0,3600.0,43.6591,-70.2568,2022,5,13,14
2022-05-13 15:00:00,724.0,526.0,198.0,639.4,20.4,75,18.7,178,1018.5,37,37,0,0,0.0,3600.0,43.6591,-70.2568,2022,5,13,15
2022-05-13 16:00:00,661.0,509.0,152.0,708.1,19.5,77,18.1,186,1017.7,39,39,0,0,0.0,3600.0,43.6591,-70.2568,2022,5,13,16
2022-05-13 17:00:00,501.0,367.0,134.0,631.6,19.2,78,17.8,187,1016.9,21,21,0,0,0.0,3600.0,43.6591,-70.2568,2022,5,13,17
2022-05-13 18:00:00,338.0,241.0,97.0,575.6,18.0,83,17.9,189,1016.5,39,39,0,0,0.0,3600.0,43.6591,-70.2568,2022,5,13,18
2022-05-13 19:00:00,160.0,95.0,65.0,391.4,15.7,91,17.9,199,1016.4,51,51,0,0,0.0,3600.0,43.6591,-70.2568,2022,5,13,19
2022-05-13 20:00:00,30.0,11.0,19.0,117.7,15.8,92,18.8,200,1015.7,25,7,1,0,0.0,2225.39,43.6591,-70.2568,2022,5,13,20
2022-05-13 21:00:00,0.0,0.0,0.0,0.0,16.3,91,17.9,208,1015.7,2,1,2,0,0.0,0.0,43.6591,-70.2568,2022,5,13,21
2022-05-13 22:00:00,0.0,0.0,0.0,0.0,17.3,89,16.9,214,1015.8,6,3,3,0,0.0,0.0,43.6591,-70.2568,2022,5,13,22
2022-05-13 23:00:00,0.0,0.0,0.0,0.0,18.3,90,16.4,220,1015.6,7,3,3,0,0.0,0.0,43.6591,-70.2568,2022,5,13,23
2022-05-14 00:00:00,0.0,0.0,0.0,0.0,19.0,88,16.6,228,1015.6,5,1,3,0,0.0,0.0,43.6591,-70.2568,2022,5,14,0
2022-05-14 01:00:00,0.0,0.0,0.0,0.0,19.4,84,15.1,242,1015.2,0,0,0,0,0.0,0.0,43.6591,-70.2568,2022,5,14,1
2022-05-14 02:00:00,0.0,0.0,0.0,0.0,18.8,84,13.4,239,1015.0,0,0,0,0,0.0,0.0,43.6591,-70.2568,2022,5,14,2
2022-05-14 03:00:00,0.0,0.0,0.0,0.0,18.1,86,12.7,241,1014.5,0,0,0,0,0.0,0.0,43.6591,-70.2568,2022,5,14,3
2022-05-14 04:00:00,0.0,0.0,0.0,0.0,17.3,89,12.2,236,1014.1,0,0,0,0,0.0,0.0,43.6591,-70.2568,2022,5,14,4
2022-05-14 05:00:00,0.0,0.0,0.0,0.0,16.7,93,12.5,231,1013.8,0,0,0,0,0.0,0.0,43.6591,-70.2568,2022,5,14,5
2022-05-14 06:00:00,16.0,7.0,9.0,97.9,16.9,93,12.6,243,1013.8,0,0,0,0,0.0,1304.41,43.6591,-70.2568,2022,5,14,6
2022-05-14 07:00:00,134.0,86.0,48.0,433.4,18.9,87,11.3,239,1013.8,0,0,0,0,0.0,3600.0,43.6591,-70.2568,2022,5,14,7
2022-05-14 08:00:00,307.0,234.0,73.0,622.4,21.5,77,6.0,253,1013.9,36,0,0,0,0.0,3600.0,43.6591,-70.2568,2022,5,14,8
2022-05-14 09:00:00,481.0,392.0,89.0,721.9,24.3,68,4.0,297,1013.6,0,0,0,0,0.0,3600.0,43.6591,-70.2568,2022,5,14,9
2022-05-14 10:00:00,647.0,551.0,96.0,800.8,26.1,58,1.3,214,1013.1,0,0,0,0,0.0,3600.0,43.6591,-70.2568,2022,5,14,10
2022-05-14 11:00:00,775.0,674.0,101.0,841.1,27.0,55,3.3,167,1012.9,9,0,0,9,0.0,3600.0,43.6591,-70.2568,2022,5,14,11
2022-05-14 12:00:00,844.0,734.0,110.0,838.7,27.8,59,7.5,163,1012.0,14,3,11,0,0.0,3600.0,43.6591,-70.2568,2022,5,14,12
2022-05-14 13:00:00,822.0,686.0,136.0,758.6,26.5,78,11.2,165,1011.7,54,7,16,42,0.5,3600.0,43.6591,-70.2568,2022,5,14,13
2022-05-14 14:00:00,708.0,554.0,154.0,624.5,26.9,67,11.5,160,1011.0,76,0,14,72,0.0,3600.0,43.6591,-70.2568,2022,5,14,14
2022-05-14 15:00:00,755.0,626.0,129.0,759.2,27.2,61,12.8,158,1010.4,98,0,7,97,0.0,3600.0,43.6591,-70.2568,2022,5,14,15
2022-05-14 16:00:00,676.0,565.0,111.0,783.7,26.3,63,14.3,170,1010.1,99,2,8,99,0.0,3600.0,43.6591,-70.2568,2022,5,14,16
2022-05-14 17:00:00,451.0,325.0,126.0,557.2,25.3,67,13.3,177,1009.5,93,0,8,92,0.0,3600.0,43.6591,-70.2568,2022,5,14,17
2022-05-14 18:00:00,333.0,235.0,98.0,558.0,23.3,72,13.0,178,1009.3,88,0,1,88,0.0,3600.0,43.6591,-70.2568,2022,5,14,18
2022-05-14 19:00:00,172.0,112.0,60.0,456.2,20.7,75,14.0,192,1009.3,98,0,1,98,0.0,3600.0,43.6591,-70.2568,2022,5,14,19
2022-05-14 20:00:00,34.0,12.0,22.0,126.6,20.9,68,15.3,199,1008.5,100,0,2,100,0.0,2547.79,43.6591,-70.2568,2022,5,14,20
2022-05-14 21:00:00,0.0,0.0,0.0,0.0,21.1,72,13.3,213,1009.3,100,0,0,100,0.0,0.0,43.6591,-70.2568,2022,5,14,21
2022-05-14 22:00:00,0.0,0.0,0.0,0.0,21.3,75,8.8,251,1009.7,100,0,0,100,0.0,0.0,43.6591,-70.2568,2022,5,14,22
2022-05-14 23:00:00,0.0,0.0,0.0,0.0,20.6,80,11.2,222,1009.2,100,0,0,100,0.0,0.0,43.6591,-70.2568,2022,5,14,23
2022-05-15 00:00:00,0.0,0.0,0.0,0.0,20.2,79,13.0,219,1009.2,100,0,0,100,0.0,0.0,43.6591,-70.2568,2022,5,15,0
2022-05-15 01:00:00,0.0,0.0,0.0,0.0,19.9,79,12.2,214,1009.3,100,0,81,100,0.0,0.0,43.6591,-70.2568,2022,5,15,1
2022-05-15 02:00:00,0.0,0.0,0.0,0.0,19.4,80,12.6,211,1009.1,100,0,100,98,0.0,0.0,43.6591,-70.2568,2022,5,15,2
2022-05-15 03:00:00,0.0,0.0,0.0,0.0,19.6,77,12.2,223,1008.7,100,2,100,92,0.0,0.0,43.6591,-70.2568,2022,5,15,3
2022-05-15 04:00:00,0.0,0.0,0.0,0.0,19.1,81,10.3,216,1008.7,100,0,100,100,0.1,0.0,43.6591,-70.2568,2022,5,15,4
2022-05-15 05:00:00,0.0,0.0,0.0,0.0,18.2,87,8.4,211,1008.4,100,0,100,100,0.3,0.0,43.6591,-70.2568,2022,5,15,5
2022-05-15 06:00:00,4.0,0.0,4.0,0.0,17.3,95,9.8,186,1008.3,100,0,100,100,0.4,0.0,43.6591,-70.2568,2022,5,15,6
2022-05-15 07:00:00,39.0,0.0,39.0,0.0,16.9,99,10.8,180,1008.7,100,13,18,100,0.0,0.0,43.6591,-70.2568,2022,5,15,7
2022-05-15 08:00:00,141.0,7.0,134.0,18.5,16.8,100,13.6,197,1008.7,100,100,100,100,0.0,0.0,43.6591,-70.2568,2022,5,15,8
2022-05-15 09:00:00,221.0,20.0,201.0,36.7,17.4,99,9.4,180,1008.8,100,100,100,100,0.4,0.0,43.6591,-70.2568,2022,5,15,9
2022-05-15 10:00:00,223.0,10.0,213.0,14.5,17.1,100,7.9,156,1008.7,100,100,97,100,0.6,0.0,43.6591,-70.2568,2022,5,15,10
2022-05-15 11:00:00,244.0,7.0,237.0,8.7,15.8,99,11.0,142,1008.6,100,100,16,100,0.1,0.0,43.6591,-70.2568,2022,5,15,11
2022-05-15 12:00:00,550.0,133.0,417.0,151.7,15.9,98,11.2,140,1008.4,100,100,74,62,0.2,2750.11,43.6591,-70.2568,2022,5,15,12
2022-05-15 13:00:00,330.0,16.0,314.0,17.7,14.3,99,9.4,122,1007.9,100,100,73,90,0.5,0.0,43.6591,-70.2568,2022,5,15,13
2022-05-15 14:00:00,435.0,152.0,283.0,171.0,14.6,97,9.7,112,1007.2,100,100,21,97,0.0,3330.11,43.6591,-70.2568,2022,5,15,14
2022-05-15 15:00:00,459.0,125.0,334.0,151.3,14.9,92,9.4,94,1006.8,100,100,26,3,0.0,2737.84,43.6591,-70.2568,2022,5,15,15
2022-05-15 16:00:00,345.0,80.0,265.0,110.7,14.3,94,9.4,90,1006.4,100,100,2,54,0.0,1519.88,43.6591,-70.2568,2022,5,15,16
2022-05-15 17:00:00,223.0,36.0,187.0,61.5,13.4,94,10.1,86,1006.0,100,100,6,50,0.0,44.46,43.6591,-70.2568,2022,5,15,17
2022-05-15 18:00:00,141.0,17.0,124.0,40.1,12.9,95,9.4,88,1005.7,100,100,20,54,0.0,0.0,43.6591,-70.2568,2022,5,15,18
2022-05-15 19:00:00,47.0,1.0,46.0,4.0,12.2,98,9.8,82,1005.7,100,100,9,74,0.1,0.0,43.6591,-70.2568,2022,5,15,19
2022-05-15 20:00:00,12.0,0.0,12.0,0.0,12.3,100,11.5,86,1005.7,100,100,15,96,0.1,0.0,43.6591,-70.2568,2022,5,15,20
2022-05-15 21:00:00,0.0,0.0,0.0,0.0,12.1,100,12.0,97,1006.0,100,100,23,100,0.2,0.0,43.6591,-70.2568,2022,5,15,21
2022-05-15 22:00:00,0.0,0.0,0.0,0.0,11.9,100,11.6,97,1006.1,100,100,60,69,0.1,0.0,43.6591,-70.2568,2022,5,15,22
2022-05-15 23:00:00,0.0,0.0,0.0,0.0,11.7,100,8.8,102,1005.7,100,100,41,95,0.1,0.0,43.6591,-70.2568,2022,5,15,23
2022-05-16 00:00:00,0.0,0.0,0.0,0.0,11.7,100,5.5,101,1005.3,100,100,8,100,0.0,0.0,43.6591,-70.2568,2022,5,16,0
2022-05-16 01:00:00,0.0,0.0,0.0,0.0,11.8,100,4.3,42,1004.9,100,100,14,100,0.0,0.0,43.6591,-70.2568,2022,5,16,1
2022-05-16 02:00:00,0.0,0.0,0.0,0.0,11.9,100,4.5,29,1004.1,100,100,5,100,0.0,0.0,43.6591,-70.2568,2022,5,16,2
2022-05-16 03:00:00,0.0,0.0,0.0,0.0,12.0,100,4.8,13,1003.8,100,100,0,100,0.0,0.0,43.6591,-70.2568,2022,5,16,3
2022-05-16 04:00:00,0.0,0.0,0.0,0.0,12.1,100,3.7,349,1003.9,100,100,1,100,0.0,0.0,43.6591,-70.2568,2022,5,16,4
2022-05-16 05:00:00,0.0,0.0,0.0,0.0,12.4,100,4.9,324,1003.7,100,100,0,98,0.0,0.0,43.6591,-70.2568,2022,5,16,5
2022-05-16 06:00:00,7.0,0.0,7.0,0.0,12.8,99,5.0,330,1003.8,100,100,0,0,0.0,0.0,43.6591,-70.2568,2022,5,16,6
2022-05-16 07:00:00,44.0,0.0,44.0,0.0,13.5,97,4.5,346,1003.7,100,100,0,4,0.0,0.0,43.6591,-70.2568,2022,5,16,7
2022-05-16 08:00:00,108.0,4.0,104.0,10.5,13.4,96,1.9,22,1003.9,100,100,0,42,0.0,0.0,43.6591,-70.2568,2022,5,16,8
2022-05-16 09:00:00,153.0,3.0,150.0,5.5,14.3,94,1.6,63,1004.0,100,100,0,25,0.0,0.0,43.6591,-70.2568,2022,5,16,9
2022-05-16 10:00:00,184.0,6.0,178.0,8.7,14.7,94,4.3,114,1003.7,100,100,0,6,0.0,0.0,43.6591,-70.2568,2022,5,16,10
2022-05-16 11:00:00,299.0,39.0,260.0,48.4,15.4,90,5.3,118,1003.6,100,100,0,10,0.0,0.0,43.6591,-70.2568,2022,5,16,11
2022-05-16 12:00:00,353.0,68.0,285.0,77.4,15.8,86,7.4,119,1003.4,100,100,0,52,0.0,521.81,43.6591,-70.2568,2022,5,16,12
2022-05-16 13:00:00,394.0,54.0,340.0,59.5,16.3,85,7.6,115,1002.8,100,100,0,40,0.0,0.0,43.6591,-70.2568,2022,5,16,13
2022-05-16 14:00:00,429.0,62.0,367.0,69.6,16.3,84,9.1,108,1001.8,100,100,0,77,0.0,288.49,43.6591,-70.2568,2022,5,16,14
2022-05-16 15:00:00,391.0,50.0,341.0,60.4,15.7,87,10.6,108,1001.4,100,100,3,95,0.0,11.13,43.6591,-70.2568,2022,5,16,15
2022-05-16 16:00:00,274.0,37.0,237.0,51.0,14.5,90,9.7,112,1000.7,100,100,5,100,0.0,0.0,43.6591,-70.2568,2022,5,16,16
2022-05-16 17:00:00,156.0,2.0,154.0,3.4,13.3,96,7.9,114,999.9,100,100,7,100,0.0,0.0,43.6591,-70.2568,2022,5,16,17
2022-05-16 18:00:00,91.0,3.0,88.0,7.0,13.0,96,8.0,98,999.2,100,100,20,100,0.0,0.0,43.6591,-70.2568,2022,5,16,18
2022-05-16 19:00:00,60.0,2.0,58.0,8.0,12.7,97,9.1,108,998.5,100,100,14,100,0.3,0.0,43.6591,-70.2568,2022,5,16,19
2022-05-16 20:00:00,15.0,0.0,15.0,0.0,11.7,100,13.0,114,997.7,100,100,87,100,0.7,0.0,43.6591,-70.2568,2022,5,16,20
2022-05-16 21:00:00,0.0,0.0,0.0,0.0,12.4,100,13.7,135,997.5,100,100,100,100,0.4,0.0,43.6591,-70.2568,2022,5,16,21
2022-05-16 22:00:00,0.0,0.0,0.0,0.0,13.8,99,18.8,183,996.6,100,26,100,99,1.0,0.0,43.6591,-70.2568,2022,5,16,22
2022-05-16 23:00:00,0.0,0.0,0.0,0.0,14.1,99,17.8,188,995.3,100,25,100,100,0.0,0.0,43.6591,-70.2568,2022,5,16,23
2022-05-17 00:00:00,0.0,0.0,0.0,0.0,14.1,100,15.2,202,995.0,100,100,47,100,0.0,0.0,43.6591,-70.2568,2022,5,17,0
2022-05-17 01:00:00,0.0,0.0,0.0,0.0,14.7,100,15.0,204,995.0,100,100,22,100,0.0,0.0,43.6591,-70.2568,2022,5,17,1
2022-05-17 02:00:00,0.0,0.0,0.0,0.0,15.3,100,14.4,217,994.2,43,16,22,14,0.0,0.0,43.6591,-70.2568,2022,5,17,2
2022-05-17 03:00:00,0.0,0.0,0.0,0.0,15.5,96,17.9,242,994.2,100,0,100,40,0.0,0.0,43.6591,-70.2568,2022,5,17,3
2022-05-17 04:00:00,0.0,0.0,0.0,0.0,14.2,95,18.1,249,994.2,0,0,0,0,0.0,0.0,43.6591,-70.2568,2022,5,17,4
2022-05-17 05:00:00,0.0,0.0,0.0,0.0,12.9,95,19.9,250,994.7,1,1,0,0,0.0,0.0,43.6591,-70.2568,2022,5,17,5
2022-05-17 06:00:00,20.0,9.0,11.0,119.2,12.5,93,21.1,261,995.3,11,9,6,0,0.0,1927.82,43.6591,-70.2568,2022,5,17,6
2022-05-17 07:00:00,140.0,84.0,56.0,407.0,13.4,86,19.8,269,996.2,13,8,5,0,0.0,3600.0,43.6591,-70.2568,2022,5,17,7
2022-05-17 08:00:00,313.0,226.0,87.0,589.8,15.4,70,18.5,263,996.2,4,2,3,0,0.0,3600.0,43.6591,-70.2568,2022,5,17,8
2022-05-17 09:00:00,504.0,410.0,94.0,746.1,17.2,54,25.3,276,996.8,35,33,2,0,0.0,3600.0,43.6591,-70.2568,2022,5,17,9
2022-05-17 10:00:00,643.0,515.0,128.0,742.1,18.3,47,24.2,266,996.8,5,5,0,0,0.0,3600.0,43.6591,-70.2568,2022,5,17,10
2022-05-17 11:00:00,813.0,711.0,102.0,881.3,19.6,39,26.1,258,996.7,7,7,2,0,0.0,3600.0,43.6591,-70.2568,2022,5,17,11
2022-05-17 12:00:00,863.0,730.0,133.0,829.3,21.0,30,32.4,262,996.4,62,0,62,0,0.0,3600.0,43.6591,-70.2568,2022,5,17,12
2022-05-17 13:00:00,752.0,529.0,223.0,581.7,20.8,33,28.6,265,996.2,27,0,27,0,0.0,3600.0,43.6591,-70.2568,2022,5,17,13
2022-05-17 14:00:00,794.0,617.0,177.0,691.5,21.4,32,26.0,266,995.8,16,2,16,0,0.0,3600.0,43.6591,-70.2568,2022,5,17,14
2022-05-17 15:00:00,732.0,599.0,133.0,721.7,21.2,32,25.8,263,995.9,6,0,6,0,0.0,3600.0,43.6591,-70.2568,2022,5,17,15
2022-05-17 16:00:00,682.0,570.0,112.0,784.2,21.0,33,25.2,268,996.2,3,0,3,0,0.0,3600.0,43.6591,-70.2568,2022,5,17,16
2022-05-17 17:00:00,554.0,461.0,93.0,781.5,20.5,37,25.7,290,996.8,2,0,2,0,0.0,3600.0,43.6591,-70.2568,2022,5,17,17
2022-05-17 18:00:00,364.0,282.0,82.0,658.3,18.7,46,19.2,283,997.8,17,0,17,0,0.0,3600.0,43.6591,-70.2568,2022,5,17,18
2022-05-17 19:00:00,171.0,114.0,57.0,449.8,17.6,53,16.7,277,998.5,12,8,4,0,0.0,3600.0,43.6591,-70.2568,2022,5,17,19
2022-05-17 20:00:00,42.0,22.0,20.0,222.7,15.2,59,17.7,266,1000.1,20,3,48,13,0.0,3410.85,43.6591,-70.2568,2022,5,17,20
2022-05-17 21:00:00,0.0,0.0,0.0,0.0,13.8,64,17.9,261,1000.9,91,0,81,64,0.0,0.0,43.6591,-70.2568,2022,5,17,21
2022-05-17 22:00:00,0.0,0.0,0.0,0.0,13.1,65,19.1,267,1001.7,7,1,7,0,0.0,0.0,43.6591,-70.2568,2022,5,17,22
2022-05-17 23:00:00,0.0,0.0,0.0,0.0,12.5,69,18.7,269,1001.8,31,13,2,19,0.0,0.0,43.6591,-70.2568,2022,5,17,23
2022-05-18 00:00:00,0.0,0.0,0.0,0.0,12.3,70,19.1,272,1002.0,97,0,83,97,0.0,0.0,43.6591,-70.2568,2022,5,18,0
2022-05-18 01:00:00,0.0,0.0,0.0,0.0,12.4,67,20.9,289,1002.7,100,9,100,100,0.0,0.0,43.6591,-70.2568,2022,5,18,1
2022-05-18 02:00:00,0.0,0.0,0.0,0.0,11.6,60,17.4,297,1003.0,100,6,80,99,0.0,0.0,43.6591,-70.2568,2022,5,18,2
2022-05-18 03:00:00,0.0,0.0,0.0,0.0,11.1,57,19.3,294,1003.1,100,3,59,100,0.0,0.0,43.6591,-70.2568,2022,5,18,3
2022-05-18 04:00:00,0.0,0.0,0.0,0.0,10.9,55,20.0,293,1003.2,97,0,11,97,0.0,0.0,43.6591,-70.2568,2022,5,18,4
2022-05-18 05:00:00,0.0,0.0,0.0,0.0,10.2,56,18.6,302,1003.7,100,23,34,99,0.0,0.0,43.6591,-70.2568,2022,5,18,5
2022-05-18 06:00:00,13.0,0.0,13.0,0.0,9.8,57,16.8,301,1004.9,96,9,29,94,0.0,0.0,43.6591,-70.2568,2022,5,18,6
2022-05-18 07:00:00,121.0,42.0,79.0,201.1,10.1,54,19.2,300,1005.5,82,22,65,63,0.0,3600.0,43.6591,-70.2568,2022,5,18,7
2022-05-18 08:00:00,297.0,180.0,117.0,467.0,10.8,49,22.0,305,1005.2,85,7,23,68,0.0,3600.0,43.6591,-70.2568,2022,5,18,8
2022-05-18 09:00:00,488.0,344.0,144.0,623.8,11.9,46,21.5,308,1005.4,6,6,0,0,0.0,3600.0,43.6591,-70.2568,2022,5,18,9
2022-05-18 10:00:00,693.0,593.0,100.0,852.3,13.4,41,22.0,308,1005.6,0,0,0,0,0.0,3600.0,43.6591,-70.2568,2022,5,18,10
2022-05-18 11:00:00,839.0,738.0,101.0,912.8,15.0,34,22.9,307,1006.4,3,3,0,0,0.0,3600.0,43.6591,-70.2568,2022,5,18,11
2022-05-18 12:00:00,930.0,818.0,112.0,927.6,16.4,30,22.3,308,1006.9,0,0,0,0,0.0,3600.0,43.6591,-70.2568,2022,5,18,12
2022-05-18 13:00:00,974.0,872.0,102.0,957.2,17.7,28,19.7,310,1006.7,0,0,0,0,0.0,3600.0,43.6591,-70.2568,2022,5,18,13
2022-05-18 14:00:00,950.0,850.0,100.0,950.9,18.6,25,19.1,313,1006.2,0,0,0,0,0.0,3600.0,43.6591,-70.2568,2022,5,18,14
2022-05-18 15:00:00,875.0,777.0,98.0,934.2,19.3,24,18.1,313,1005.9,0,0,0,0,0.0,3600.0,43.6591,-70.2568,2022,5,18,15
2022-05-18 16:00:00,751.0,658.0,93.0,902.9,19.6,23,17.6,314,1005.9,0,0,0,0,0.0,3600.0,43.6591,-70.2568,2022,5,18,16
2022-05-18 17:00:00,588.0,504.0,84.0,851.4,19.4,23,15.6,310,1005.7,0,0,0,0,0.0,3600.0,43.6591,-70.2568,2022,5,18,17
2022-05-18 18:00:00,401.0,328.0,73.0,761.5,18.8,28,10.7,312,1005.8,0,0,0,0,0.0,3600.0,43.6591,-70.2568,2022,5,18,18
2022-05-18 19:00:00,210.0,156.0,54.0,609.3,16.5,46,5.5,302,1006.4,100,0,0,100,0.0,3600.0,43.6591,-70.2568,2022,5,18,19
2022-05-18 20:00:00,43.0,13.0,30.0,129.9,13.9,58,4.7,247,1006.9,38,0,0,96,0.0,2807.55,43.6591,-70.2568,2022,5,18,20
2022-05-18 21:00:00,0.0,0.0,0.0,0.0,12.0,69,4.9,287,1007.4,27,0,0,27,0.0,0.0,43.6591,-70.2568,2022,5,18,21
2022-05-18 22:00:00,0.0,0.0,0.0,0.0,10.8,69,8.0,324,1008.0,89,0,0,89,0.0,0.0,43.6591,-70.2568,2022,5,18,22
2022-05-18 23:00:00,0.0,0.0,0.0,0.0,9.7,69,9.8,332,1008.4,100,0,0,100,0.0,0.0,43.6591,-70.2568,2022,5,18,23
2022-05-19 00:00:00,0.0,0.0,0.0,0.0,9.5,63,11.6,355,1008.5,100,0,21,100,0.0,0.0,43.6591,-70.2568,2022,5,19,0
2022-05-19 01:00:00,0.0,0.0,0.0,0.0,9.0,62,9.0,5,1008.8,100,0,100,100,0.0,0.0,43.6591,-70.2568,2022,5,19,1
2022-05-19 02:00:00,0.0,0.0,0.0,0.0,9.4,63,7.5,17,1008.7,100,0,100,100,0.0,0.0,43.6591,-70.2568,2022,5,19,2
2022-05-19 03:00:00,0.0,0.0,0.0,0.0,9.7,64,6.9,39,1008.6,100,0,100,100,0.0,0.0,43.6591,-70.2568,2022,5,19,3
2022-05-19 04:00:00,0.0,0.0,0.0,0.0,9.7,68,6.8,58,1008.1,100,0,16,100,0.0,0.0,43.6591,-70.2568,2022,5,19,4
2022-05-19 05:00:00,0.0,0.0,0.0,0.0,9.5,74,5.0,69,1008.1,100,0,100,100,0.0,0.0,43.6591,-70.2568,2022,5,19,5
2022-05-19 06:00:00,6.0,0.0,6.0,0.0,10.3,74,7.3,99,1008.2,100,0,100,100,0.0,0.0,43.6591,-70.2568,2022,5,19,6
2022-05-19 07:00:00,19.0,0.0,19.0,0.0,10.6,74,7.8,103,1008.0,100,0,100,100,0.0,0.0,43.6591,-70.2568,2022,5,19,7
2022-05-19 08:00:00,87.0,0.0,87.0,0.0,11.3,71,7.7,101,1008.2,100,0,100,0,0.0,0.0,43.6591,-70.2568,2022,5,19,8
2022-05-19 09:00:00,203.0,28.0,175.0,50.6,12.7,69,4.5,119,1008.0,100,0,100,0,0.0,0.0,43.6591,-70.2568,2022,5,19,9
2022-05-19 10:00:00,318.0,59.0,259.0,84.6,13.5,68,8.3,124,1007.2,100,2,100,0,0.0,737.55,43.6591,-70.2568,2022,5,19,10
2022-05-19 11:00:00,225.0,0.0,225.0,0.0,12.4,77,8.2,119,1007.3,100,100,100,0,0.0,0.0,43.6591,-70.2568,2022,5,19,11
2022-05-19 12:00:00,104.0,0.0,104.0,0.0,11.2,82,10.4,110,1006.3,100,0,100,0,0.1,0.0,43.6591,-70.2568,2022,5,19,12
2022-05-19 13:00:00,299.0,62.0,237.0,67.9,12.3,80,11.2,123,1005.3,100,34,100,0,0.0,238.3,43.6591,-70.2568,2022,5,19,13
2022-05-19 14:00:00,281.0,33.0,248.0,36.9,11.8,84,10.6,114,1004.4,100,100,100,0,0.0,0.0,43.6591,-70.2568,2022,5,19,14
2022-05-19 15:00:00,111.0,0.0,111.0,0.0,11.0,89,8.3,108,1004.0,100,99,100,22,0.2,0.0,43.6591,-70.2568,2022,5,19,15
2022-05-19 16:00:00,83.0,1.0,82.0,1.4,10.8,93,5.2,102,1003.9,100,100,100,76,1.4,0.0,43.6591,-70.2568,2022,5,19,16
2022-05-19 17:00:00,69.0,0.0,69.0,0.0,10.5,100,10.4,134,1003.1,100,71,100,41,2.5,0.0,43.6591,-70.2568,2022,5,19,17
2022-05-19 18:00:00,73.0,1.0,72.0,2.3,10.7,97,12.6,149,1003.1,100,100,100,94,0.1,0.0,43.6591,-70.2568,2022,5,19,18
2022-05-19 19:00:00,42.0,0.0,42.0,0.0,10.3,96,12.4,144,1003.0,100,100,100,100,0.0,0.0,43.6591,-70.2568,2022,5,19,19
2022-05-19 20:00:00,9.0,0.0,9.0,0.0,10.0,98,7.9,141,1004.0,100,100,100,38,0.2,0.0,43.6591,-70.2568,2022,5,19,20
2022-05-19 21:00:00,0.0,0.0,0.0,0.0,9.7,100,9.2,138,1004.5,100,100,100,0,0.4,0.0,43.6591,-70.2568,2022,5,19,21
2022-05-19 22:00:00,0.0,0.0,0.0,0.0,9.7,98,10.9,136,1004.8,100,100,0,0,0.1,0.0,43.6591,-70.2568,2022,5,19,22
2022-05-19 23:00:00,0.0,0.0,0.0,0.0,9.5,98,5.9,137,1005.7,100,100,22,0,0.0,0.0,43.6591,-70.2568,2022,5,19,23
2022-05-20 00:00:00,0.0,0.0,0.0,0.0,9.7,95,2.8,130,1006.2,100,100,9,0,0.0,0.0,43.6591,-70.2568,2022,5,20,0
2022-05-20 01:00:00,0.0,0.0,0.0,0.0,9.7,93,2.5,82,1006.2,22,22,0,0,0.0,0.0,43.6591,-70.2568,2022,5,20,1
2022-05-20 02:00:00,0.0,0.0,0.0,0.0,9.3,94,3.7,101,1006.3,100,100,0,0,0.0,0.0,43.6591,-70.2568,2022,5,20,2
2022-05-20 03:00:00,0.0,0.0,0.0,0.0,8.8,96,2.8,220,1007.7,100,100,0,5,0.0,0.0,43.6591,-70.2568,2022,5,20,3
2022-05-20 04:00:00,0.0,0.0,0.0,0.0,9.3,97,1.3,56,1008.3,100,100,0,3,0.0,0.0,43.6591,-70.2568,2022,5,20,4
2022-05-20 05:00:00,0.0,0.0,0.0,0.0,9.3,98,5.2,102,1008.7,100,100,0,88,0.0,0.0,43.6591,-70.2568,2022,5,20,5
2022-05-20 06:00:00,15.0,1.0,14.0,12.7,9.4,98,7.2,117,1009.5,100,100,0,99,0.0,0.0,43.6591,-70.2568,2022,5,20,6
2022-05-20 07:00:00,86.0,9.0,77.0,42.2,10.2,95,5.9,133,1010.9,100,100,0,100,0.0,0.0,43.6591,-70.2568,2022,5,20,7
2022-05-20 08:00:00,161.0,25.0,136.0,64.2,10.6,93,6.9,152,1012.1,100,100,0,100,0.0,125.18,43.6591,-70.2568,2022,5,20,8
2022-05-20 09:00:00,193.0,15.0,178.0,27.0,11.3,89,8.6,147,1012.8,100,100,0,40,0.0,0.0,43.6591,-70.2568,2022,5,20,9
2022-05-20 10:00:00,354.0,66.0,288.0,94.4,12.3,84,9.4,157,1013.3,100,100,0,60,0.0,1031.92,43.6591,-70.2568,2022,5,20,10
2022-05-20 11:00:00,458.0,98.0,360.0,120.7,13.1,79,11.6,164,1013.8,100,100,0,5,0.0,1822.47,43.6591,-70.2568,2022,5,20,11
2022-05-20 12:00:00,501.0,119.0,382.0,134.5,13.7,76,11.1,167,1014.2,100,100,0,76,0.0,2234.52,43.6591,-70.2568,2022,5,20,12
2022-05-20 13:00:00,375.0,31.0,344.0,33.9,13.5,77,11.5,166,1014.4,100,100,0,100,0.0,0.0,43.6591,-70.2568,2022,5,20,13
2022-05-20 14:00:00,413.0,91.0,322.0,101.5,13.9,75,10.8,154,1014.2,100,88,0,96,0.0,1243.55,43.6591,-70.2568,2022,5,20,14
2022-05-20 15:00:00,606.0,255.0,351.0,305.4,14.9,71,12.6,153,1014.1,81,73,0,31,0.0,3600.0,43.6591,-70.2568,2022,5,20,15
2022-05-20 16:00:00,532.0,275.0,257.0,375.5,14.6,73,11.9,151,1013.8,30,16,0,17,0.0,3600.0,43.6591,-70.2568,2022,5,20,16
2022-05-20 17:00:00,529.0,419.0,110.0,703.0,14.4,76,13.0,136,1013.4,36,2,0,35,0.0,3600.0,43.6591,-70.2568,2022,5,20,17
2022-05-20 18:00:00,363.0,277.0,86.0,636.5,12.8,84,14.8,133,1013.5,48,0,2,47,0.0,3600.0,43.6591,-70.2568,2022,5,20,18
2022-05-20 19:00:00,183.0,116.0,67.0,444.5,11.8,89,13.3,139,1013.9,61,0,1,61,0.0,3600.0,43.6591,-70.2568,2022,5,20,19
2022-05-20 20:00:00,44.0,21.0,23.0,204.9,10.4,90,13.0,132,1014.6,49,100,1,9,0.0,3594.58,43.6591,-70.2568,2022,5,20,20
2022-05-20 21:00:00,0.0,0.0,0.0,0.0,10.6,92,11.8,140,1015.4,100,100,4,23,0.0,0.0,43.6591,-70.2568,2022,5,20,21
2022-05-20 22:00:00,0.0,0.0,0.0,0.0,10.6,93,12.8,142,1014.9,100,100,0,21,0.0,0.0,43.6591,-70.2568,2022,5,20,22
2022-05-20 23:00:00,0.0,0.0,0.0,0.0,10.5,95,12.4,154,1014.7,100,100,0,45,0.0,0.0,43.6591,-70.2568,2022,5,20,23
2022-05-21 00:00:00,0.0,0.0,0.0,0.0,10.6,95,10.3,168,1014.9,100,100,1,100,0.0,0.0,43.6591,-70.2568,2022,5,21,0
2022-05-21 01:00:00,0.0,0.0,0.0,0.0,11.1,94,11.1,167,1014.4,100,100,28,97,0.0,0.0,43.6591,-70.2568,2022,5,21,1
2022-05-21 02:00:00,0.0,0.0,0.0,0.0,11.5,92,10.2,172,1013.6,100,100,73,100,0.1,0.0,43.6591,-70.2568,2022,5,21,2
2022-05-21 03:00:00,0.0,0.0,0.0,0.0,11.7,92,10.8,176,1013.4,100,100,100,100,0.0,0.0,43.6591,-70.2568,2022,5,21,3
2022-05-21 04:00:00,0.0,0.0,0.0,0.0,11.9,94,9.4,176,1013.0,100,100,100,59,0.0,0.0,43.6591,-70.2568,2022,5,21,4
2022-05-21 05:00:00,0.0,0.0,0.0,0.0,12.0,95,8.0,162,1012.4,100,100,100,100,0.0,0.0,43.6591,-70.2568,2022,5,21,5
2022-05-21 06:00:00,4.0,0.0,4.0,0.0,12.2,96,6.6,151,1012.9,100,100,15,15,0.0,0.0,43.6591,-70.2568,2022,5,21,6
2022-05-21 07:00:00,30.0,0.0,30.0,0.0,12.7,96,5.6,165,1012.9,100,100,0,100,0.0,0.0,43.6591,-70.2568,2022,5,21,7
2022-05-21 08:00:00,83.0,3.0,80.0,7.7,12.2,94,3.3,103,1013.6,100,100,2,100,0.0,0.0,43.6591,-70.2568,2022,5,21,8
2022-05-21 09:00:00,114.0,3.0,111.0,5.4,12.9,92,2.3,108,1013.7,100,100,0,99,0.0,0.0,43.6591,-70.2568,2022,5,21,9
2022-05-21 10:00:00,201.0,11.0,190.0,15.7,14.1,90,3.9,124,1013.5,100,100,0,96,0.0,0.0,43.6591,-70.2568,2022,5,21,10
2022-05-21 11:00:00,379.0,76.0,303.0,93.5,16.7,85,3.7,169,1013.6,100,100,0,98,0.0,1004.25,43.6591,-70.2568,2022,5,21,11
2022-05-21 12:00:00,519.0,157.0,362.0,177.1,18.7,81,5.4,143,1013.1,100,100,1,100,0.0,3514.49,43.6591,-70.2568,2022,5,21,12
2022-05-21 13:00:00,640.0,240.0,400.0,262.2,20.5,76,6.6,131,1012.7,91,45,0,83,0.0,3600.0,43.6591,-70.2568,2022,5,21,13
2022-05-21 14:00:00,769.0,472.0,297.0,525.4,18.8,77,13.2,119,1012.4,98,74,0,93,0.0,3600.0,43.6591,-70.2568,2022,5,21,14
2022-05-21 15:00:00,712.0,448.0,264.0,535.5,17.4,81,11.4,125,1011.8,91,88,0,22,0.0,3600.0,43.6591,-70.2568,2022,5,21,15
2022-05-21 16:00:00,598.0,344.0,254.0,468.6,17.2,84,8.7,128,1011.4,90,90,0,0,0.0,3600.0,43.6591,-70.2568,2022,5,21,16
2022-05-21 17:00:00,460.0,250.0,210.0,418.1,16.9,85,9.9,123,1011.0,69,68,3,0,0.0,3600.0,43.6591,-70.2568,2022,5,21,17
2022-05-21 18:00:00,300.0,141.0,159.0,322.4,15.9,90,9.2,135,1011.1,98,97,3,42,0.0,3600.0,43.6591,-70.2568,2022,5,21,18
2022-05-21 19:00:00,108.0,17.0,91.0,64.5,14.7,95,4.7,94,1012.9,100,100,2,98,0.0,136.33,43.6591,-70.2568,2022,5,21,19
2022-05-21 20:00:00,24.0,0.0,24.0,0.0,13.9,99,7.9,141,1011.9,100,100,4,41,0.0,0.0,43.6591,-70.2568,2022,5,21,20
2022-05-21 21:00:00,0.0,0.0,0.0,0.0,13.7,100,6.9,129,1012.6,100,100,0,46,0.0,0.0,43.6591,-70.2568,2022,5,21,21
2022-05-21 22:00:00,0.0,0.0,0.0,0.0,13.7,100,4.2,110,1013.3,100,100,0,100,0.0,0.0,43.6591,-70.2568,2022,5,21,22
2022-05-21 23:00:00,0.0,0.0,0.0,0.0,13.6,100,6.0,33,1013.5,100,100,0,33,0.0,0.0,43.6591,-70.2568,2022,5,21,23
2022-05-22 00:00:00,0.0,0.0,0.0,0.0,13.5,100,3.1,69,1013.4,100,100,0,3,0.0,0.0,43.6591,-70.2568,2022,5,22,0
2022-05-22 01:00:00,0.0,0.0,0.0,0.0,13.3,100,6.4,63,1012.7,100,100,3,6,0.0,0.0,43.6591,-70.2568,2022,5,22,1
2022-05-22 02:00:00,0.0,0.0,0.0,0.0,13.2,100,4.2,70,1012.8,100,100,0,5,0.0,0.0,43.6591,-70.2568,2022,5,22,2
2022-05-22 03:00:00,0.0,0.0,0.0,0.0,12.9,100,8.0,85,1012.5,100,100,0,1,0.0,0.0,43.6591,-70.2568,2022,5,22,3
2022-05-22 04:00:00,0.0,0.0,0.0,0.0,12.4,100,8.4,100,1012.1,100,100,0,57,0.0,0.0,43.6591,-70.2568,2022,5,22,4
2022-05-22 05:00:00,0.0,0.0,0.0,0.0,12.2,100,4.7,90,1011.9,100,100,0,100,0.0,0.0,43.6591,-70.2568,2022,5,22,5
2022-05-22 06:00:00,10.0,0.0,10.0,0.0,12.3,100,3.8,41,1011.9,100,100,0,96,0.0,0.0,43.6591,-70.2568,2022,5,22,6
2022-05-22 07:00:00,51.0,2.0,49.0,9.2,13.2,96,3.1,69,1012.2,100,100,1,6,0.0,0.0,43.6591,-70.2568,2022,5,22,7
2022-05-22 08:00:00,135.0,14.0,121.0,35.6,13.7,96,3.7,101,1012.6,100,100,0,45,0.0,0.0,43.6591,-70.2568,2022,5,22,8
2022-05-22 09:00:00,190.0,14.0,176.0,25.1,15.5,92,2.3,252,1013.0,100,100,0,9,0.0,0.0,43.6591,-70.2568,2022,5,22,9
2022-05-22 10:00:00,348.0,58.0,290.0,82.6,18.7,86,3.3,193,1012.4,100,100,0,24,0.0,677.85,43.6591,-70.2568,2022,5,22,10
2022-05-22 11:00:00,617.0,298.0,319.0,365.9,21.5,80,3.8,139,1011.7,67,65,0,6,0.0,3600.0,43.6591,-70.2568,2022,5,22,11
2022-05-22 12:00:00,849.0,715.0,134.0,805.6,22.2,77,8.8,125,1010.9,62,39,5,35,0.0,3600.0,43.6591,-70.2568,2022,5,22,12
2022-05-22 13:00:00,835.0,642.0,193.0,700.3,21.4,77,11.5,134,1010.5,61,58,4,5,0.0,3600.0,43.6591,-70.2568,2022,5,22,13
2022-05-22 14:00:00,796.0,552.0,244.0,613.4,21.4,79,14.0,154,1010.2,80,46,27,51,0.0,3600.0,43.6591,-70.2568,2022,5,22,14
2022-05-22 15:00:00,657.0,440.0,217.0,525.0,22.6,78,10.2,162,1008.9,75,23,5,66,0.0,3600.0,43.6591,-70.2568,2022,5,22,15
2022-05-22 16:00:00,581.0,376.0,205.0,511.0,23.2,77,10.2,157,1007.9,93,14,1,92,0.0,3600.0,43.6591,-70.2568,2022,5,22,16
2022-05-22 17:00:00,499.0,362.0,137.0,603.5,23.5,78,10.3,155,1007.0,93,13,6,91,0.0,3600.0,43.6591,-70.2568,2022,5,22,17
2022-05-22 18:00:00,333.0,221.0,112.0,502.9,23.8,79,11.7,162,1006.7,90,1,11,88,0.0,3600.0,43.6591,-70.2568,2022,5,22,18
2022-05-22 19:00:00,172.0,116.0,56.0,436.5,23.3,81,12.9,193,1006.7,83,0,15,80,0.0,3600.0,43.6591,-70.2568,2022,5,22,19
2022-05-22 20:00:00,43.0,20.0,23.0,190.8,26.1,61,20.4,262,1006.7,89,0,62,77,2.3,3600.0,43.6591,-70.2568,2022,5,22,20
2022-05-22 21:00:00,0.0,0.0,0.0,0.0,24.6,59,22.7,234,1007.9,97,0,85,82,0.0,0.0,43.6591,-70.2568,2022,5,22,21
2022-05-22 22:00:00,0.0,0.0,0.0,0.0,22.7,72,16.5,306,1009.5,100,0,100,98,0.0,0.0,43.6591,-70.2568,2022,5,22,22
2022-05-22 23:00:00,0.0,0.0,0.0,0.0,20.7,86,14.4,323,1009.6,100,0,100,85,0.2,0.0,43.6591,-70.2568,2022,5,22,23
2022-05-23 00:00:00,0.0,0.0,0.0,0.0,20.0,89,12.6,329,1009.7,100,0,100,97,0.1,0.0,43.6591,-70.2568,2022,5,23,0
2022-05-23 01:00:00,0.0,0.0,0.0,0.0,18.6,87,19.0,335,1010.8,100,8,2,100,0.0,0.0,43.6591,-70.2568,2022,5,23,1
2022-05-23 02:00:00,0.0,0.0,0.0,0.0,16.4,81,18.4,337,1011.4,72,7,15,64,0.0,0.0,43.6591,-70.2568,2022,5,23,2
2022-05-23 03:00:00,0.0,0.0,0.0,0.0,15.8,80,15.1,335,1012.1,96,6,6,96,0.0,0.0,43.6591,-70.2568,2022,5,23,3
2022-05-23 04:00:00,0.0,0.0,0.0,0.0,15.2,79,14.8,334,1013.2,95,30,13,93,0.0,0.0,43.6591,-70.2568,2022,5,23,4
2022-05-23 05:00:00,0.0,0.0,0.0,0.0,14.6,78,15.8,336,1014.2,100,9,19,100,0.0,0.0,43.6591,-70.2568,2022,5,23,5
2022-05-23 06:00:00,22.0,7.0,15.0,85.3,13.9,77,18.1,343,1015.3,98,2,29,97,0.0,1097.9,43.6591,-70.2568,2022,5,23,6
2022-05-23 07:00:00,123.0,59.0,64.0,268.6,13.2,68,19.2,343,1016.4,98,2,3,98,0.0,3600.0,43.6591,-70.2568,2022,5,23,7
2022-05-23 08:00:00,318.0,224.0,94.0,567.0,14.2,61,17.8,339,1017.2,97,1,0,72,0.0,3600.0,43.6591,-70.2568,2022,5,23,8
2022-05-23 09:00:00,525.0,434.0,91.0,774.8,15.2,56,15.5,342,1017.8,98,2,0,98,0.0,3600.0,43.6591,-70.2568,2022,5,23,9
2022-05-23 10:00:00,683.0,560.0,123.0,795.9,16.2,50,15.8,339,1018.1,98,2,0,98,0.0,3600.0,43.6591,-70.2568,2022,5,23,10
2022-05-23 11:00:00,803.0,648.0,155.0,794.4,17.1,47,16.1,336,1018.5,97,2,0,97,0.0,3600.0,43.6591,-70.2568,2022,5,23,11
2022-05-23 12:00:00,896.0,747.0,149.0,840.4,18.3,41,15.3,336,1018.5,98,1,1,97,0.0,3600.0,43.6591,-70.2568,2022,5,23,12
2022-05-23 13:00:00,856.0,623.0,233.0,678.7,19.2,37,14.8,337,1018.0,97,0,0,97,0.0,3600.0,43.6591,-70.2568,2022,5,23,13
2022-05-23 14:00:00,912.0,777.0,135.0,862.2,20.3,32,13.8,340,1017.5,100,0,1,100,0.0,3600.0,43.6591,-70.2568,2022,5,23,14
2022-05-23 15:00:00,837.0,697.0,140.0,830.1,20.6,30,13.4,340,1017.5,100,0,1,100,0.0,3600.0,43.6591,-70.2568,2022,5,23,15
2022-05-23 16:00:00,718.0,592.0,126.0,802.8,20.4,31,13.2,343,1017.6,100,0,0,100,0.0,3600.0,43.6591,-70.2568,2022,5,23,16
2022-05-23 17:00:00,501.0,297.0,204.0,493.6,19.7,33,14.9,340,1017.6,100,0,0,100,0.0,3600.0,43.6591,-70.2568,2022,5,23,17
2022-05-23 18:00:00,288.0,97.0,191.0,219.7,18.8,37,16.3,338,1017.9,96,0,0,96,0.0,3600.0,43.6591,-70.2568,2022,5,23,18
2022-05-23 19:00:00,170.0,80.0,90.0,298.5,17.5,42,15.1,342,1018.6,99,0,2,99,0.0,3600.0,43.6591,-70.2568,2022,5,23,19
2022-05-23 20:00:00,47.0,20.0,27.0,188.7,16.6,46,17.2,340,1019.2,100,0,2,100,0.0,3600.0,43.6591,-70.2568,2022,5,23,20
2022-05-23 21:00:00,0.0,0.0,0.0,0.0,14.8,47,15.9,355,1020.3,99,0,0,99,0.0,0.0,43.6591,-70.2568,2022,5,23,21
2022-05-23 22:00:00,0.0,0.0,0.0,0.0,13.2,57,10.8,358,1021.3,100,0,0,100,0.0,0.0,43.6591,-70.2568,2022,5,23,22
2022-05-23 23:00:00,0.0,0.0,0.0,0.0,12.6,62,10.1,360,1021.7,100,0,0,100,0.0,0.0,43.6591,-70.2568,2022,5,23,23
2022-05-24 00:00:00,0.0,0.0,0.0,0.0,12.3,61,12.2,360,1022.1,100,0,0,100,0.0,0.0,43.6591,-70.2568,2022,5,24,0
2022-05-24 01:00:00,0.0,0.0,0.0,0.0,11.9,56,13.0,3,1022.3,100,0,0,100,0.0,0.0,43.6591,-70.2568,2022,5,24,1
2022-05-24 02:00:00,0.0,0.0,0.0,0.0,11.1,56,13.1,8,1022.4,94,0,0,94,0.0,0.0,43.6591,-70.2568,2022,5,24,2
2022-05-24 03:00:00,0.0,0.0,0.0,0.0,10.1,61,11.9,3,1023.1,57,0,0,57,0.0,0.0,43.6591,-70.2568,2022,5,24,3
2022-05-24 04:00:00,0.0,0.0,0.0,0.0,9.1,67,11.3,7,1023.3,78,0,0,78,0.0,0.0,43.6591,-70.2568,2022,5,24,4
2022-05-24 05:00:00,0.0,0.0,0.0,0.0,8.5,71,10.8,360,1023.8,98,0,0,98,0.0,0.0,43.6591,-70.2568,2022,5,24,5
2022-05-24 06:00:00,27.0,12.0,15.0,144.5,8.6,72,11.9,2,1024.1,98,0,0,98,0.0,2819.43,43.6591,-70.2568,2022,5,24,6
2022-05-24 07:00:00,160.0,106.0,54.0,478.5,10.1,68,9.9,10,1024.2,99,0,0,99,0.0,3600.0,43.6591,-70.2568,2022,5,24,7
2022-05-24 08:00:00,325.0,226.0,99.0,569.7,11.2,57,11.4,35,1024.8,85,0,0,88,0.0,3600.0,43.6591,-70.2568,2022,5,24,8
2022-05-24 09:00:00,516.0,409.0,107.0,728.3,13.0,50,10.2,45,1025.3,0,0,0,0,0.0,3600.0,43.6591,-70.2568,2022,5,24,9
2022-05-24 10:00:00,690.0,590.0,100.0,836.9,14.3,46,9.0,61,1025.2,0,0,0,0,0.0,3600.0,43.6591,-70.2568,2022,5,24,10
2022-05-24 11:00:00,822.0,714.0,108.0,874.0,15.2,45,7.6,93,1025.1,0,0,0,0,0.0,3600.0,43.6591,-70.2568,2022,5,24,11
2022-05-24 12:00:00,907.0,796.0,111.0,894.3,16.2,42,8.1,111,1024.7,85,85,11,0,0.0,3600.0,43.6591,-70.2568,2022,5,24,12
2022-05-24 13:00:00,849.0,601.0,248.0,653.8,14.7,55,17.8,122,1024.0,7,0,7,0,0.0,3600.0,43.6591,-70.2568,2022,5,24,13
2022-05-24 14:00:00,919.0,803.0,116.0,889.7,14.1,60,17.9,115,1024.1,12,4,11,0,0.0,3600.0,43.6591,-70.2568,2022,5,24,14
2022-05-24 15:00:00,834.0,702.0,132.0,834.6,13.2,65,15.6,116,1024.1,76,3,3,75,0.0,3600.0,43.6591,-70.2568,2022,5,24,15
2022-05-24 16:00:00,698.0,567.0,131.0,767.2,13.1,69,15.1,115,1024.0,92,0,0,92,0.0,3600.0,43.6591,-70.2568,2022,5,24,16
2022-05-24 17:00:00,558.0,449.0,109.0,744.0,12.3,77,13.6,130,1024.0,83,0,0,83,0.0,3600.0,43.6591,-70.2568,2022,5,24,17
2022-05-24 18:00:00,384.0,299.0,85.0,674.0,12.3,77,12.1,153,1024.0,96,0,1,96,0.0,3600.0,43.6591,-70.2568,2022,5,24,18
2022-05-24 19:00:00,200.0,133.0,67.0,492.1,11.4,83,9.3,167,1024.0,100,0,1,100,0.0,3600.0,43.6591,-70.2568,2022,5,24,19
2022-05-24 20:00:00,53.0,26.0,27.0,242.8,10.4,87,9.7,149,1024.0,89,0,1,95,0.0,3600.0,43.6591,-70.2568,2022,5,24,20
2022-05-24 21:00:00,0.0,0.0,0.0,0.0,9.6,92,7.9,183,1024.2,97,0,4,97,0.0,0.0,43.6591,-70.2568,2022,5,24,21
2022-05-24 22:00:00,0.0,0.0,0.0,0.0,9.3,94,7.7,208,1025.0,98,0,8,98,0.0,0.0,43.6591,-70.2568,2022,5,24,22
2022-05-24 23:00:00,0.0,0.0,0.0,0.0,9.0,96,5.5,238,1025.1,93,0,1,93,0.0,0.0,43.6591,-70.2568,2022,5,24,23
2022-05-25 00:00:00,0.0,0.0,0.0,0.0,8.7,97,5.1,262,1024.8,95,0,0,95,0.0,0.0,43.6591,-70.2568,2022,5,25,0
2022-05-25 01:00:00,0.0,0.0,0.0,0.0,8.2,99,4.4,279,1024.5,98,0,0,98,0.0,0.0,43.6591,-70.2568,2022,5,25,1
2022-05-25 02:00:00,0.0,0.0,0.0,0.0,7.8,100,4.8,283,1024.5,82,44,0,67,0.0,0.0,43.6591,-70.2568,2022,5,25,2
2022-05-25 03:00:00,0.0,0.0,0.0,0.0,7.5,99,7.0,258,1024.4,81,0,0,81,0.0,0.0,43.6591,-70.2568,2022,5,25,3
2022-05-25 04:00:00,0.0,0.0,0.0,0.0,7.1,99,4.9,253,1024.5,100,0,0,100,0.0,0.0,43.6591,-70.2568,2022,5,25,4
2022-05-25 05:00:00,0.0,0.0,0.0,0.0,6.2,100,4.1,218,1024.7,100,100,0,79,0.0,0.0,43.6591,-70.2568,2022,5,25,5
2022-05-25 06:00:00,25.0,9.0,16.0,107.3,6.9,100,5.7,215,1025.0,100,100,0,97,0.0,1775.2,43.6591,-70.2568,2022,5,25,6
2022-05-25 07:00:00,137.0,69.0,68.0,309.1,9.1,95,4.7,212,1025.3,96,25,0,95,0.0,3600.0,43.6591,-70.2568,2022,5,25,7
2022-05-25 08:00:00,311.0,200.0,111.0,502.2,11.3,83,3.9,202,1025.7,66,0,18,92,0.0,3600.0,43.6591,-70.2568,2022,5,25,8
2022-05-25 09:00:00,499.0,374.0,125.0,664.3,14.0,69,5.4,172,1025.9,86,3,19,83,0.0,3600.0,43.6591,-70.2568,2022,5,25,9
2022-05-25 10:00:00,660.0,512.0,148.0,725.0,15.7,64,6.4,153,1025.8,97,8,0,97,0.0,3600.0,43.6591,-70.2568,2022,5,25,10
2022-05-25 11:00:00,801.0,669.0,132.0,817.7,16.9,61,9.2,149,1025.6,99,9,0,99,0.0,3600.0,43.6591,-70.2568,2022,5,25,11
2022-05-25 12:00:00,888.0,747.0,141.0,838.2,17.6,60,11.9,151,1025.2,87,12,0,85,0.0,3600.0,43.6591,-70.2568,2022,5,25,12
2022-05-25 13:00:00,903.0,768.0,135.0,834.4,17.4,59,14.4,148,1024.8,68,31,33,51,0.0,3600.0,43.6591,-70.2568,2022,5,25,13
2022-05-25 14:00:00,805.0,628.0,177.0,694.8,17.0,59,14.6,160,1024.6,64,18,46,31,0.0,3600.0,43.6591,-70.2568,2022,5,25,14
2022-05-25 15:00:00,746.0,557.0,189.0,661.1,16.8,55,16.1,164,1024.4,59,0,35,37,0.0,3600.0,43.6591,-70.2568,2022,5,25,15
2022-05-25 16:00:00,656.0,500.0,156.0,675.0,16.2,52,15.9,174,1024.1,85,0,2,84,0.0,3600.0,43.6591,-70.2568,2022,5,25,16
2022-05-25 17:00:00,549.0,429.0,120.0,708.7,15.7,55,15.9,177,1023.8,100,0,0,100,0.0,3600.0,43.6591,-70.2568,2022,5,25,17
2022-05-25 18:00:00,361.0,239.0,122.0,536.3,14.4,60,13.7,180,1023.7,100,0,0,100,0.0,3600.0,43.6591,-70.2568,2022,5,25,18
2022-05-25 19:00:00,190.0,106.0,84.0,388.9,13.3,69,11.2,180,1023.7,100,0,0,100,0.0,3600.0,43.6591,-70.2568,2022,5,25,19
2022-05-25 20:00:00,47.0,12.0,35.0,110.9,11.9,76,13.3,182,1023.3,100,0,0,27,0.0,1881.12,43.6591,-70.2568,2022,5,25,20
2022-05-25 21:00:00,0.0,0.0,0.0,0.0,11.1,77,11.9,182,1023.7,65,0,0,65,0.0,0.0,43.6591,-70.2568,2022,5,25,21
2022-05-25 22:00:00,0.0,0.0,0.0,0.0,11.0,80,11.6,187,1023.8,22,0,0,22,0.0,0.0,43.6591,-70.2568,2022,5,25,22
2022-05-25 23:00:00,0.0,0.0,0.0,0.0,11.1,81,12.3,185,1023.5,3,0,0,3,0.0,0.0,43.6591,-70.2568,2022,5,25,23
2022-05-26 00:00:00,0.0,0.0,0.0,0.0,11.3,83,11.9,185,1023.6,19,0,0,19,0.0,0.0,43.6591,-70.2568,2022,5,26,0
2022-05-26 01:00:00,0.0,0.0,0.0,0.0,11.2,83,12.2,194,1023.3,81,0,0,81,0.0,0.0,43.6591,-70.2568,2022,5,26,1
2022-05-26 02:00:00,0.0,0.0,0.0,0.0,10.9,82,11.6,196,1022.9,62,2,0,61,0.0,0.0,43.6591,-70.2568,2022,5,26,2
2022-05-26 03:00:00,0.0,0.0,0.0,0.0,10.6,83,11.5,200,1023.2,68,13,5,63,0.0,0.0,43.6591,-70.2568,2022,5,26,3
2022-05-26 04:00:00,0.0,0.0,0.0,0.0,10.5,81,11.8,203,1022.6,100,0,100,100,0.0,0.0,43.6591,-70.2568,2022,5,26,4
2022-05-26 05:00:00,0.0,0.0,0.0,0.0,10.6,77,11.6,210,1022.6,100,0,100,100,0.0,0.0,43.6591,-70.2568,2022,5,26,5
2022-05-26 06:00:00,11.0,0.0,11.0,0.0,11.2,72,10.9,214,1023.1,100,2,100,89,0.0,0.0,43.6591,-70.2568,2022,5,26,6
2022-05-26 07:00:00,42.0,0.0,42.0,0.0,11.7,70,10.0,210,1023.1,100,0,99,100,0.0,0.0,43.6591,-70.2568,2022,5,26,7
2022-05-26 08:00:00,128.0,10.0,118.0,25.0,13.5,65,11.4,204,1022.7,100,0,100,100,0.0,0.0,43.6591,-70.2568,2022,5,26,8
2022-05-26 09:00:00,189.0,30.0,159.0,53.2,14.2,63,11.3,197,1022.9,100,2,16,100,0.0,0.0,43.6591,-70.2568,2022,5,26,9
2022-05-26 10:00:00,639.0,487.0,152.0,688.5,17.5,52,13.3,193,1022.5,100,3,97,83,0.0,3600.0,43.6591,-70.2568,2022,5,26,10
2022-05-26 11:00:00,602.0,301.0,301.0,367.4,17.6,51,15.8,181,1022.0,100,0,100,100,0.0,3600.0,43.6591,-70.2568,2022,5,26,11
2022-05-26 12:00:00,502.0,112.0,390.0,125.5,16.7,55,18.0,180,1021.4,100,0,20,100,0.0,1965.58,43.6591,-70.2568,2022,5,26,12
2022-05-26 13:00:00,797.0,512.0,285.0,555.6,17.4,48,20.5,179,1020.5,100,0,0,100,0.0,3600.0,43.6591,-70.2568,2022,5,26,13
2022-05-26 14:00:00,717.0,358.0,359.0,395.6,16.6,50,21.3,177,1019.8,100,0,0,100,0.0,3600.0,43.6591,-70.2568,2022,5,26,14
2022-05-26 15:00:00,658.0,297.0,361.0,351.9,16.0,55,22.9,173,1018.8,100,0,0,100,0.0,3600.0,43.6591,-70.2568,2022,5,26,15
2022-05-26 16:00:00,668.0,479.0,189.0,645.3,15.8,60,22.0,175,1017.9,100,0,0,100,0.0,3600.0,43.6591,-70.2568,2022,5,26,16
2022-05-26 17:00:00,491.0,288.0,203.0,474.4,15.3,65,22.4,176,1017.0,100,0,53,100,0.0,3600.0,43.6591,-70.2568,2022,5,26,17
2022-05-26 18:00:00,306.0,150.0,156.0,335.1,14.8,70,21.6,177,1016.0,100,0,100,98,0.0,3600.0,43.6591,-70.2568,2022,5,26,18
2022-05-26 19:00:00,83.0,10.0,73.0,36.4,14.0,75,18.0,177,1015.1,100,0,42,100,0.0,0.0,43.6591,-70.2568,2022,5,26,19
2022-05-26 20:00:00,41.0,13.0,28.0,118.9,12.9,86,22.8,192,1014.5,100,0,22,100,0.0,2091.93,43.6591,-70.2568,2022,5,26,20
2022-05-26 21:00:00,0.0,0.0,0.0,0.0,13.4,82,20.4,194,1014.2,100,0,20,100,0.0,0.0,43.6591,-70.2568,2022,5,26,21
2022-05-26 22:00:00,0.0,0.0,0.0,0.0,13.8,83,18.7,199,1014.1,100,0,26,100,0.0,0.0,43.6591,-70.2568,2022,5,26,22
2022-05-26 23:00:00,0.0,0.0,0.0,0.0,14.4,82,17.1,205,1013.7,100,0,62,100,0.0,0.0,43.6591,-70.2568,2022,5,26,23
2022-05-27 00:00:00,0.0,0.0,0.0,0.0,15.3,79,16.3,208,1013.0,100,0,100,100,0.0,0.0,43.6591,-70.2568,2022,5,27,0
2022-05-27 01:00:00,0.0,0.0,0.0,0.0,15.5,79,16.1,214,1012.6,100,0,96,100,0.0,0.0,43.6591,-70.2568,2022,5,27,1
2022-05-27 02:00:00,0.0,0.0,0.0,0.0,15.4,80,17.3,211,1012.0,99,0,54,99,0.0,0.0,43.6591,-70.2568,2022,5,27,2
2022-05-27 03:00:00,0.0,0.0,0.0,0.0,15.2,82,16.7,217,1011.5,100,1,1,100,0.0,0.0,43.6591,-70.2568,2022,5,27,3
2022-05-27 04:00:00,0.0,0.0,0.0,0.0,15.0,84,15.6,214,1010.8,99,7,0,99,0.0,0.0,43.6591,-70.2568,2022,5,27,4
2022-05-27 05:00:00,0.0,0.0,0.0,0.0,14.9,85,17.0,216,1010.6,100,0,0,100,0.0,0.0,43.6591,-70.2568,2022,5,27,5
2022-05-27 06:00:00,26.0,8.0,18.0,93.6,15.3,84,17.8,216,1010.5,94,2,0,94,0.0,1388.57,43.6591,-70.2568,2022,5,27,6
2022-05-27 07:00:00,152.0,91.0,61.0,401.8,17.1,80,18.7,220,1010.3,69,1,0,68,0.0,3600.0,43.6591,-70.2568,2022,5,27,7
2022-05-27 08:00:00,319.0,230.0,89.0,573.4,18.3,78,16.3,208,1010.1,52,4,0,46,0.0,3600.0,43.6591,-70.2568,2022,5,27,8
2022-05-27 09:00:00,500.0,399.0,101.0,705.6,20.5,73,16.7,199,1009.6,85,0,0,85,0.0,3600.0,43.6591,-70.2568,2022,5,27,9
2022-05-27 10:00:00,653.0,537.0,116.0,758.0,22.5,68,17.4,202,1008.9,100,68,0,100,0.0,3600.0,43.6591,-70.2568,2022,5,27,10
2022-05-27 11:00:00,628.0,332.0,296.0,404.7,23.3,66,17.1,188,1008.4,100,100,0,97,0.0,3600.0,43.6591,-70.2568,2022,5,27,11
2022-05-27 12:00:00,763.0,531.0,232.0,594.4,23.2,70,18.0,178,1007.9,100,55,0,100,0.0,3600.0,43.6591,-70.2568,2022,5,27,12
2022-05-27 13:00:00,755.0,448.0,307.0,485.6,23.5,70,22.3,177,1006.9,100,20,0,100,0.0,3600.0,43.6591,-70.2568,2022,5,27,13
2022-05-27 14:00:00,642.0,287.0,355.0,316.7,23.1,72,20.9,179,1006.5,100,2,0,100,0.0,3600.0,43.6591,-70.2568,2022,5,27,14
2022-05-27 15:00:00,402.0,54.0,348.0,63.9,21.6,76,18.7,179,1006.2,100,11,0,100,0.0,116.59,43.6591,-70.2568,2022,5,27,15
2022-05-27 16:00:00,451.0,160.0,291.0,215.1,22.0,75,18.7,181,1005.7,100,35,0,100,0.0,3600.0,43.6591,-70.2568,2022,5,27,16
2022-05-27 17:00:00,436.0,235.0,201.0,385.9,21.1,78,18.1,185,1005.1,100,1,4,100,0.0,3600.0,43.6591,-70.2568,2022,5,27,17
2022-05-27 18:00:00,264.0,91.0,173.0,202.4,20.0,81,15.9,186,1005.0,100,5,16,100,0.0,3600.0,43.6591,-70.2568,2022,5,27,18
2022-05-27 19:00:00,130.0,22.0,108.0,79.4,18.9,81,15.9,186,1004.2,100,3,6,100,0.0,583.08,43.6591,-70.2568,2022,5,27,19
2022-05-27 20:00:00,45.0,8.0,37.0,72.5,18.2,90,11.9,194,1004.4,100,0,8,100,0.0,539.64,43.6591,-70.2568,2022,5,27,20
2022-05-27 21:00:00,0.0,0.0,0.0,0.0,18.8,88,19.6,193,1004.1,100,0,41,100,0.0,0.0,43.6591,-70.2568,2022,5,27,21
2022-05-27 22:00:00,0.0,0.0,0.0,0.0,18.6,92,20.9,191,1003.9,100,0,23,100,0.0,0.0,43.6591,-70.2568,2022,5,27,22
2022-05-27 23:00:00,0.0,0.0,0.0,0.0,17.7,97,23.7,197,1003.8,100,14,26,100,0.0,0.0,43.6591,-70.2568,2022,5,27,23
2022-05-28 00:00:00,0.0,0.0,0.0,0.0,17.4,98,21.7,192,1003.2,100,11,64,100,0.1,0.0,43.6591,-70.2568,2022,5,28,0
2022-05-28 01:00:00,0.0,0.0,0.0,0.0,18.0,95,18.7,203,1002.8,100,3,100,100,0.0,0.0,43.6591,-70.2568,2022,5,28,1
2022-05-28 02:00:00,0.0,0.0,0.0,0.0,18.9,92,19.2,206,1002.3,100,0,10,100,0.0,0.0,43.6591,-70.2568,2022,5,28,2
2022-05-28 03:00:00,0.0,0.0,0.0,0.0,18.5,93,17.1,205,1001.8,100,3,28,100,0.0,0.0,43.6591,-70.2568,2022,5,28,3
2022-05-28 04:00:00,0.0,0.0,0.0,0.0,18.0,94,15.3,199,1001.5,100,4,12,100,0.0,0.0,43.6591,-70.2568,2022,5,28,4
2022-05-28 05:00:00,0.0,0.0,0.0,0.0,17.3,97,15.8,197,1001.3,99,6,13,99,0.2,0.0,43.6591,-70.2568,2022,5,28,5
2022-05-28 06:00:00,22.0,2.0,20.0,23.2,17.3,98,15.0,197,1001.5,100,24,17,100,0.0,0.0,43.6591,-70.2568,2022,5,28,6
2022-05-28 07:00:00,85.0,8.0,77.0,35.1,18.0,96,16.1,200,1001.4,100,100,38,96,0.1,0.0,43.6591,-70.2568,2022,5,28,7
2022-05-28 08:00:00,185.0,35.0,150.0,87.0,18.8,91,14.3,190,1001.1,100,6,55,100,0.0,809.45,43.6591,-70.2568,2022,5,28,8
2022-05-28 09:00:00,377.0,206.0,171.0,363.6,19.7,91,15.2,202,1001.1,100,67,56,100,1.1,3600.0,43.6591,-70.2568,2022,5,28,9
2022-05-28 10:00:00,400.0,129.0,271.0,181.8,21.4,84,10.7,200,1000.6,100,19,100,100,0.0,3600.0,43.6591,-70.2568,2022,5,28,10
2022-05-28 11:00:00,383.0,102.0,281.0,124.2,22.3,77,10.0,206,1000.2,100,21,21,100,0.1,1925.99,43.6591,-70.2568,2022,5,28,11
2022-05-28 12:00:00,692.0,364.0,328.0,407.0,23.7,72,12.1,192,999.8,100,12,20,100,0.0,3600.0,43.6591,-70.2568,2022,5,28,12
2022-05-28 13:00:00,665.0,255.0,410.0,276.1,23.9,71,14.2,187,999.6,100,10,27,100,0.1,3600.0,43.6591,-70.2568,2022,5,28,13
2022-05-28 14:00:00,645.0,285.0,360.0,314.1,24.0,71,13.7,183,999.0,100,5,22,100,0.1,3600.0,43.6591,-70.2568,2022,5,28,14
2022-05-28 15:00:00,500.0,139.0,361.0,164.2,23.3,73,13.7,194,999.2,100,12,89,100,0.0,3125.72,43.6591,-70.2568,2022,5,28,15
2022-05-28 16:00:00,291.0,19.0,272.0,25.5,22.8,75,11.6,206,999.5,100,12,98,100,0.1,0.0,43.6591,-70.2568,2022,5,28,16
2022-05-28 17:00:00,214.0,17.0,197.0,27.8,22.4,79,10.5,218,999.5,99,3,83,98,0.1,0.0,43.6591,-70.2568,2022,5,28,17
2022-05-28 18:00:00,115.0,19.0,96.0,42.1,22.0,74,8.9,256,1000.2,100,9,97,100,0.4,0.0,43.6591,-70.2568,2022,5,28,18
2022-05-28 19:00:00,81.0,2.0,79.0,7.2,21.2,76,9.2,321,1001.1,100,10,5,100,0.2,0.0,43.6591,-70.2568,2022,5,28,19
2022-05-28 20:00:00,50.0,15.0,35.0,134.6,18.4,96,11.9,355,1002.8,99,2,9,11,0.0,2489.41,43.6591,-70.2568,2022,5,28,20
2022-05-28 21:00:00,0.0,0.0,0.0,0.0,17.8,94,13.4,354,1004.0,34,28,8,1,0.0,0.0,43.6591,-70.2568,2022,5,28,21
2022-05-28 22:00:00,0.0,0.0,0.0,0.0,16.3,90,14.7,349,1005.4,18,17,2,0,0.0,0.0,43.6591,-70.2568,2022,5,28,22
2022-05-28 23:00:00,0.0,0.0,0.0,0.0,15.2,87,12.2,332,1006.5,7,0,0,7,0.0,0.0,43.6591,-70.2568,2022,5,28,23
2022-05-29 00:00:00,0.0,0.0,0.0,0.0,14.2,88,11.8,329,1007.5,42,0,0,42,0.0,0.0,43.6591,-70.2568,2022,5,29,0
2022-05-29 01:00:00,0.0,0.0,0.0,0.0,13.5,89,10.5,322,1007.7,28,0,0,28,0.0,0.0,43.6591,-70.2568,2022,5,29,1
2022-05-29 02:00:00,0.0,0.0,0.0,0.0,13.0,91,9.7,312,1007.9,24,0,0,24,0.0,0.0,43.6591,-70.2568,2022,5,29,2
2022-05-29 03:00:00,0.0,0.0,0.0,0.0,12.5,93,10.4,304,1008.2,81,0,0,81,0.0,0.0,43.6591,-70.2568,2022,5,29,3
2022-05-29 04:00:00,0.0,0.0,0.0,0.0,12.0,95,10.7,303,1008.5,98,0,0,98,0.0,0.0,43.6591,-70.2568,2022,5,29,4
2022-05-29 05:00:00,0.0,0.0,0.0,0.0,11.9,96,10.5,301,1009.1,47,0,1,47,0.0,0.0,43.6591,-70.2568,2022,5,29,5
2022-05-29 06:00:00,30.0,12.0,18.0,138.0,12.2,95,10.9,297,1010.4,52,0,21,49,0.0,2798.44,43.6591,-70.2568,2022,5,29,6
2022-05-29 07:00:00,150.0,76.0,74.0,331.4,14.4,90,9.8,294,1010.9,0,0,0,0,0.0,3600.0,43.6591,-70.2568,2022,5,29,7
2022-05-29 08:00:00,348.0,273.0,75.0,676.4,17.3,79,7.0,291,1012.3,0,0,0,0,0.0,3600.0,43.6591,-70.2568,2022,5,29,8
2022-05-29 09:00:00,527.0,438.0,89.0,771.6,20.4,62,6.8,288,1012.9,0,0,0,0,0.0,3600.0,43.6591,-70.2568,2022,5,29,9
2022-05-29 10:00:00,691.0,593.0,98.0,834.7,22.5,45,5.7,288,1013.2,0,0,0,0,0.0,3600.0,43.6591,-70.2568,2022,5,29,10
2022-05-29 11:00:00,820.0,715.0,105.0,869.6,23.3,36,2.6,214,1013.3,0,0,0,0,0.0,3600.0,43.6591,-70.2568,2022,5,29,11
2022-05-29 12:00:00,911.0,811.0,100.0,905.9,23.4,34,2.5,180,1013.2,13,0,5,9,0.0,3600.0,43.6591,-70.2568,2022,5,29,12
2022-05-29 13:00:00,850.0,661.0,189.0,714.8,24.4,30,4.8,153,1012.5,100,0,100,19,0.0,3600.0,43.6591,-70.2568,2022,5,29,13
2022-05-29 14:00:00,704.0,328.0,376.0,361.0,22.9,45,19.8,164,1012.3,85,0,83,8,0.0,3600.0,43.6591,-70.2568,2022,5,29,14
2022-05-29 15:00:00,816.0,675.0,141.0,796.1,22.6,42,20.3,168,1011.9,55,0,29,37,0.0,3600.0,43.6591,-70.2568,2022,5,29,15
2022-05-29 16:00:00,721.0,608.0,113.0,814.1,21.9,42,19.5,183,1011.7,19,0,0,19,0.0,3600.0,43.6591,-70.2568,2022,5,29,16
2022-05-29 17:00:00,569.0,470.0,99.0,767.6,21.6,44,18.8,197,1011.5,20,0,20,0,0.0,3600.0,43.6591,-70.2568,2022,5,29,17
2022-05-29 18:00:00,380.0,292.0,88.0,643.9,20.3,46,17.2,206,1011.7,42,0,40,3,0.0,3600.0,43.6591,-70.2568,2022,5,29,18
2022-05-29 19:00:00,193.0,115.0,78.0,408.9,19.5,50,17.6,215,1012.1,10,0,9,1,0.0,3600.0,43.6591,-70.2568,2022,5,29,19
2022-05-29 20:00:00,60.0,32.0,28.0,284.5,19.0,48,16.5,224,1012.3,1,0,0,0,0.0,3600.0,43.6591,-70.2568,2022,5,29,20
2022-05-29 21:00:00,1.0,0.0,1.0,0.0,17.9,51,15.3,223,1012.5,0,0,0,0,0.0,0.0,43.6591,-70.2568,2022,5,29,21
2022-05-29 22:00:00,0.0,0.0,0.0,0.0,17.6,52,14.9,233,1013.2,0,0,0,0,0.0,0.0,43.6591,-70.2568,2022,5,29,22
2022-05-29 23:00:00,0.0,0.0,0.0,0.0,17.0,52,14.3,242,1013.6,0,0,0,0,0.0,0.0,43.6591,-70.2568,2022,5,29,23
2022-05-30 00:00:00,0.0,0.0,0.0,0.0,16.1,59,13.5,245,1013.6,0,0,0,0,0.0,0.0,43.6591,-70.2568,2022,5,30,0
2022-05-30 01:00:00,0.0,0.0,0.0,0.0,15.5,65,12.5,252,1013.3,0,0,0,0,0.0,0.0,43.6591,-70.2568,2022,5,30,1
2022-05-30 02:00:00,0.0,0.0,0.0,0.0,14.9,67,12.2,256,1013.0,85,0,0,85,0.0,0.0,43.6591,-70.2568,2022,5,30,2
2022-05-30 03:00:00,0.0,0.0,0.0,0.0,14.6,67,12.7,263,1012.6,84,0,0,84,0.0,0.0,43.6591,-70.2568,2022,5,30,3
2022-05-30 04:00:00,0.0,0.0,0.0,0.0,14.7,65,13.0,272,1012.7,89,0,0,89,0.0,0.0,43.6591,-70.2568,2022,5,30,4
2022-05-30 05:00:00,0.0,0.0,0.0,0.0,14.7,65,12.3,277,1012.8,99,0,0,99,0.0,0.0,43.6591,-70.2568,2022,5,30,5
2022-05-30 06:00:00,30.0,11.0,19.0,125.6,15.1,66,11.9,270,1013.1,98,0,0,98,0.0,2429.27,43.6591,-70.2568,2022,5,30,6
2022-05-30 07:00:00,145.0,66.0,79.0,286.2,17.2,63,12.3,273,1013.4,95,0,0,95,0.0,3600.0,43.6591,-70.2568,2022,5,30,7
2022-05-30 08:00:00,321.0,222.0,99.0,548.6,19.5,63,8.5,298,1014.0,5,0,0,50,0.0,3600.0,43.6591,-70.2568,2022,5,30,8
2022-05-30 09:00:00,512.0,419.0,93.0,736.8,22.5,53,7.6,301,1013.8,5,0,3,2,0.0,3600.0,43.6591,-70.2568,2022,5,30,9
2022-05-30 10:00:00,651.0,535.0,116.0,752.1,24.6,44,6.8,295,1013.3,52,0,24,37,0.0,3600.0,43.6591,-70.2568,2022,5,30,10
2022-05-30 11:00:00,773.0,630.0,143.0,765.5,25.8,40,6.1,270,1012.8,12,0,10,2,0.0,3600.0,43.6591,-70.2568,2022,5,30,11
2022-05-30 12:00:00,824.0,671.0,153.0,748.8,26.1,39,4.0,207,1012.1,52,0,40,21,0.0,3600.0,43.6591,-70.2568,2022,5,30,12
2022-05-30 13:00:00,854.0,688.0,166.0,743.2,26.2,46,7.1,165,1011.5,100,0,100,13,0.0,3600.0,43.6591,-70.2568,2022,5,30,13
2022-05-30 14:00:00,745.0,432.0,313.0,474.9,26.6,52,5.5,157,1011.0,69,0,58,25,0.0,3600.0,43.6591,-70.2568,2022,5,30,14
2022-05-30 15:00:00,620.0,321.0,299.0,378.0,26.4,57,7.9,177,1010.4,79,0,57,50,0.0,3600.0,43.6591,-70.2568,2022,5,30,15
2022-05-30 16:00:00,559.0,353.0,206.0,471.7,26.9,57,14.5,199,1009.3,48,0,10,42,0.0,3600.0,43.6591,-70.2568,2022,5,30,16
2022-05-30 17:00:00,545.0,434.0,111.0,706.9,27.7,54,12.4,216,1008.8,67,0,51,31,0.0,3600.0,43.6591,-70.2568,2022,5,30,17
2022-05-30 18:00:00,293.0,166.0,127.0,364.5,26.3,59,13.8,213,1008.8,100,0,2,100,0.0,3600.0,43.6591,-70.2568,2022,5,30,18
2022-05-30 19:00:00,164.0,58.0,106.0,204.7,24.5,59,13.3,213,1008.9,100,0,9,100,0.0,3600.0,43.6591,-70.2568,2022,5,30,19
2022-05-30 20:00:00,35.0,0.0,35.0,0.0,22.9,60,8.7,204,1009.0,100,0,0,100,0.0,0.0,43.6591,-70.2568,2022,5,30,20
2022-05-30 21:00:00,0.0,0.0,0.0,0.0,22.9,60,9.5,233,1009.0,100,0,0,100,0.0,0.0,43.6591,-70.2568,2022,5,30,21
2022-05-30 22:00:00,0.0,0.0,0.0,0.0,22.3,60,11.4,246,1008.5,100,0,24,100,0.0,0.0,43.6591,-70.2568,2022,5,30,22
2022-05-30 23:00:00,0.0,0.0,0.0,0.0,21.6,61,10.0,257,1008.1,100,0,15,100,0.0,0.0,43.6591,-70.2568,2022,5,30,23
2022-05-31 00:00:00,0.0,0.0,0.0,0.0,21.8,60,13.0,242,1007.1,100,0,7,100,0.0,0.0,43.6591,-70.2568,2022,5,31,0
2022-05-31 01:00:00,0.0,0.0,0.0,0.0,22.3,60,15.5,258,1006.7,100,0,5,100,0.0,0.0,43.6591,-70.2568,2022,5,31,1
2022-05-31 02:00:00,0.0,0.0,0.0,0.0,22.4,61,15.7,261,1006.0,100,0,64,100,0.0,0.0,43.6591,-70.2568,2022,5,31,2
2022-05-31 03:00:00,0.0,0.0,0.0,0.0,22.5,62,15.3,278,1005.9,100,1,30,100,0.0,0.0,43.6591,-70.2568,2022,5,31,3
2022-05-31 04:00:00,0.0,0.0,0.0,0.0,21.6,65,13.5,335,1006.7,100,1,99,100,0.0,0.0,43.6591,-70.2568,2022,5,31,4
2022-05-31 05:00:00,0.0,0.0,0.0,0.0,17.4,79,18.5,33,1008.6,100,1,63,100,0.0,0.0,43.6591,-70.2568,2022,5,31,5
2022-05-31 06:00:00,23.0,3.0,20.0,34.0,16.4,81,10.1,27,1008.9,100,10,26,100,0.0,0.0,43.6591,-70.2568,2022,5,31,6
2022-05-31 07:00:00,94.0,14.0,80.0,60.4,16.8,77,11.3,31,1009.9,100,16,11,100,0.0,11.76,43.6591,-70.2568,2022,5,31,7
2022-05-31 08:00:00,285.0,145.0,140.0,357.4,15.7,76,11.9,61,1011.1,100,22,6,100,0.0,3600.0,43.6591,-70.2568,2022,5,31,8
2022-05-31 09:00:00,383.0,161.0,222.0,282.7,16.0,75,11.4,72,1011.7,100,100,100,85,0.0,3600.0,43.6591,-70.2568,2022,5,31,9
2022-05-31 10:00:00,180.0,1.0,179.0,1.4,14.7,80,9.2,69,1012.4,100,100,100,100,0.2,0.0,43.6591,-70.2568,2022,5,31,10
2022-05-31 11:00:00,123.0,0.0,123.0,0.0,13.9,83,9.0,90,1013.0,100,100,100,17,0.2,0.0,43.6591,-70.2568,2022,5,31,11
2022-05-31 12:00:00,163.0,8.0,155.0,8.9,13.4,83,9.0,119,1013.1,100,100,82,36,0.1,0.0,43.6591,-70.2568,2022,5,31,12
2022-05-31 13:00:00,208.0,3.0,205.0,3.2,13.3,81,8.4,121,1013.2,100,100,100,70,0.0,0.0,43.6591,-70.2568,2022,5,31,13
2022-05-31 14:00:00,278.0,17.0,261.0,18.7,13.8,78,7.1,150,1012.6,100,100,23,98,0.0,0.0,43.6591,-70.2568,2022,5,31,14
2022-05-31 15:00:00,379.0,63.0,316.0,74.1,15.3,73,4.8,167,1012.0,100,100,3,95,0.0,422.64,43.6591,-70.2568,2022,5,31,15
2022-05-31 16:00:00,380.0,67.0,313.0,89.4,16.3,71,6.0,163,1011.4,100,100,2,81,0.0,881.1,43.6591,-70.2568,2022,5,31,16
2022-05-31 17:00:00,295.0,52.0,243.0,84.5,15.8,72,11.0,157,1010.9,100,100,0,56,0.0,734.12,43.6591,-70.2568,2022,5,31,17
2022-05-31 18:00:00,252.0,53.0,199.0,115.9,14.4,76,14.4,158,1011.0,47,46,0,2,0.0,1677.7,43.6591,-70.2568,2022,5,31,18
2022-05-31 19:00:00,203.0,133.0,70.0,466.2,13.7,79,10.4,180,1011.6,36,30,8,8,0.0,3600.0,43.6591,-70.2568,2022,5,31,19
2022-05-31 20:00:00,59.0,28.0,31.0,244.6,14.2,83,6.6,202,1012.4,51,1,23,82,0.0,3600.0,43.6591,-70.2568,2022,5,31,20
2022-05-31 21:00:00,1.0,0.0,1.0,0.0,13.2,86,9.7,222,1012.8,100,0,100,79,0.0,0.0,43.6591,-70.2568,2022,5,31,21
2022-05-31 22:00:00,0.0,0.0,0.0,0.0,13.5,84,6.9,231,1013.2,100,0,100,70,0.0,0.0,43.6591,-70.2568,2022,5,31,22
2022-05-31 23:00:00,0.0,0.0,0.0,0.0,13.4,84,6.5,236,1013.6,90,0,80,48,0.0,0.0,43.6591,-70.2568,2022,5,31,23
2022-06-01 00:00:00,0.0,0.0,0.0,0.0,13.2,85,6.6,257,1013.6,91,0,85,42,0.0,0.0,43.6591,-70.2568,2022,6,1,0
2022-06-01 01:00:00,0.0,0.0,0.0,0.0,13.3,87,5.2,286,1013.4,100,0,100,99,0.0,0.0,43.6591,-70.2568,2022,6,1,1
2022-06-01 02:00:00,0.0,0.0,0.0,0.0,13.6,87,3.1,315,1013.4,100,0,92,98,0.0,0.0,43.6591,-70.2568,2022,6,1,2
2022-06-01 03:00:00,0.0,0.0,0.0,0.0,13.1,91,6.7,16,1013.4,90,0,10,88,0.0,0.0,43.6591,-70.2568,2022,6,1,3
2022-06-01 04:00:00,0.0,0.0,0.0,0.0,11.3,90,11.1,29,1013.7,86,0,4,85,0.0,0.0,43.6591,-70.2568,2022,6,1,4
2022-06-01 05:00:00,0.0,0.0,0.0,0.0,10.8,82,11.8,40,1013.7,64,0,0,64,0.0,0.0,43.6591,-70.2568,2022,6,1,5
2022-06-01 06:00:00,32.0,13.0,19.0,146.5,11.3,83,11.1,61,1013.9,43,0,1,42,0.0,3120.3,43.6591,-70.2568,2022,6,1,6
2022-06-01 07:00:00,165.0,101.0,64.0,433.6,12.1,77,9.8,73,1014.3,85,0,1,85,0.0,3600.0,43.6591,-70.2568,2022,6,1,7
2022-06-01 08:00:00,311.0,200.0,111.0,491.8,11.8,66,10.5,63,1015.0,100,0,22,31,0.0,3600.0,43.6591,-70.2568,2022,6,1,8
2022-06-01 09:00:00,475.0,338.0,137.0,592.6,13.2,58,9.9,80,1014.6,100,0,3,100,0.0,3600.0,43.6591,-70.2568,2022,6,1,9
2022-06-01 10:00:00,553.0,270.0,283.0,378.7,13.8,54,8.7,95,1014.5,100,0,22,100,0.0,3600.0,43.6591,-70.2568,2022,6,1,10
2022-06-01 11:00:00,622.0,301.0,321.0,365.0,14.4,52,8.7,128,1013.8,100,0,45,100,0.0,3600.0,43.6591,-70.2568,2022,6,1,11
2022-06-01 12:00:00,738.0,425.0,313.0,473.4,15.2,48,8.5,144,1013.0,99,4,51,97,0.0,3600.0,43.6591,-70.2568,2022,6,1,12
2022-06-01 13:00:00,682.0,348.0,334.0,375.2,15.5,49,10.5,164,1012.1,99,1,74,97,0.0,3600.0,43.6591,-70.2568,2022,6,1,13
2022-06-01 14:00:00,724.0,418.0,306.0,458.5,16.1,50,13.1,172,1011.1,99,0,88,94,0.0,3600.0,43.6591,-70.2568,2022,6,1,14
2022-06-01 15:00:00,565.0,211.0,354.0,247.8,15.6,52,13.5,171,1010.0,99,5,64,97,0.0,3600.0,43.6591,-70.2568,2022,6,1,15
2022-06-01 16:00:00,655.0,469.0,186.0,624.4,16.1,53,14.4,179,1009.1,100,8,43,100,0.0,3600.0,43.6591,-70.2568,2022,6,1,16
2022-06-01 17:00:00,448.0,209.0,239.0,338.6,15.7,58,12.2,182,1008.6,100,10,57,100,0.0,3600.0,43.6591,-70.2568,2022,6,1,17
2022-06-01 18:00:00,238.0,37.0,201.0,80.6,14.8,66,14.0,179,1008.1,100,45,18,100,0.0,618.39,43.6591,-70.2568,2022,6,1,18
2022-06-01 19:00:00,143.0,27.0,116.0,94.0,13.1,76,13.0,177,1007.7,100,25,33,100,0.0,1019.72,43.6591,-70.2568,2022,6,1,19
2022-06-01 20:00:00,44.0,3.0,41.0,26.0,12.5,93,6.3,204,1008.5,100,100,100,100,0.0,0.0,43.6591,-70.2568,2022,6,1,20
2022-06-01 21:00:00,0.0,0.0,0.0,0.0,12.2,100,7.6,180,1007.7,100,9,66,100,0.2,0.0,43.6591,-70.2568,2022,6,1,21
2022-06-01 22:00:00,0.0,0.0,0.0,0.0,11.7,100,10.1,197,1006.9,100,8,88,100,0.2,0.0,43.6591,-70.2568,2022,6,1,22
2022-06-01 23:00:00,0.0,0.0,0.0,0.0,11.6,98,9.4,220,1006.8,100,100,100,100,0.1,0.0,43.6591,-70.2568,2022,6,1,23
2022-06-02 00:00:00,0.0,0.0,0.0,0.0,11.7,98,7.9,219,1006.4,100,100,98,100,0.0,0.0,43.6591,-70.2568,2022,6,2,0
2022-06-02 01:00:00,0.0,0.0,0.0,0.0,11.9,97,4.1,165,1005.8,100,100,20,100,0.0,0.0,43.6591,-70.2568,2022,6,2,1
2022-06-02 02:00:00,0.0,0.0,0.0,0.0,11.8,98,4.7,180,1005.5,100,100,32,97,0.0,0.0,43.6591,-70.2568,2022,6,2,2
2022-06-02 03:00:00,0.0,0.0,0.0,0.0,11.9,96,1.8,180,1005.4,100,100,100,92,0.1,0.0,43.6591,-70.2568,2022,6,2,3
2022-06-02 04:00:00,0.0,0.0,0.0,0.0,11.9,100,4.3,48,1005.4,100,100,100,98,0.8,0.0,43.6591,-70.2568,2022,6,2,4
2022-06-02 05:00:00,0.0,0.0,0.0,0.0,11.9,100,9.2,39,1005.6,100,100,100,91,1.9,0.0,43.6591,-70.2568,2022,6,2,5
2022-06-02 06:00:00,4.0,0.0,4.0,0.0,11.9,100,10.5,139,1004.8,100,15,100,82,1.2,0.0,43.6591,-70.2568,2022,6,2,6
2022-06-02 07:00:00,36.0,4.0,32.0,17.1,12.2,100,3.8,49,1005.7,100,100,2,91,0.5,0.0,43.6591,-70.2568,2022,6,2,7
2022-06-02 08:00:00,115.0,1.0,114.0,2.5,12.6,91,5.5,169,1005.9,93,100,0,78,0.0,0.0,43.6591,-70.2568,2022,6,2,8
2022-06-02 09:00:00,328.0,80.0,248.0,140.1,14.1,85,5.2,78,1006.1,100,100,0,37,0.2,2402.17,43.6591,-70.2568,2022,6,2,9
2022-06-02 10:00:00,253.0,16.0,237.0,22.4,14.0,85,8.0,80,1006.3,100,100,0,68,0.0,0.0,43.6591,-70.2568,2022,6,2,10
2022-06-02 11:00:00,404.0,119.0,285.0,144.2,15.1,79,8.4,83,1006.1,100,100,0,69,0.0,2525.98,43.6591,-70.2568,2022,6,2,11
2022-06-02 12:00:00,556.0,235.0,321.0,261.6,16.0,75,9.0,106,1006.0,100,100,0,85,0.0,3600.0,43.6591,-70.2568,2022,6,2,12
2022-06-02 13:00:00,497.0,164.0,333.0,176.7,15.8,74,11.1,126,1005.5,100,100,0,77,0.0,3500.21,43.6591,-70.2568,2022,6,2,13
2022-06-02 14:00:00,474.0,131.0,343.0,143.5,15.9,73,10.2,122,1005.3,100,100,0,100,0.0,2506.2,43.6591,-70.2568,2022,6,2,14
2022-06-02 15:00:00,619.0,248.0,371.0,290.9,16.6,71,8.9,140,1005.3,98,2,2,98,0.0,3600.0,43.6591,-70.2568,2022,6,2,15
2022-06-02 16:00:00,637.0,394.0,243.0,523.7,17.4,69,7.4,157,1004.9,72,10,1,69,0.0,3600.0,43.6591,-70.2568,2022,6,2,16
2022-06-02 17:00:00,507.0,329.0,178.0,531.7,16.5,72,11.0,148,1004.7,100,3,6,100,0.0,3600.0,43.6591,-70.2568,2022,6,2,17
2022-06-02 18:00:00,276.0,74.0,202.0,160.6,14.7,76,11.3,153,1005.0,100,0,1,100,0.0,3018.59,43.6591,-70.2568,2022,6,2,18
2022-06-02 19:00:00,107.0,5.0,102.0,17.3,13.6,80,8.8,171,1004.9,100,0,6,100,0.0,0.0,43.6591,-70.2568,2022,6,2,19
2022-06-02 20:00:00,36.0,0.0,36.0,0.0,12.4,88,6.3,167,1005.8,98,0,21,100,0.0,0.0,43.6591,-70.2568,2022,6,2,20
2022-06-02 21:00:00,1.0,0.0,1.0,0.0,11.8,93,5.8,176,1005.8,86,0,2,85,0.0,0.0,43.6591,-70.2568,2022,6,2,21
2022-06-02 22:00:00,0.0,0.0,0.0,0.0,11.4,95,6.7,196,1005.9,39,0,1,39,0.0,0.0,43.6591,-70.2568,2022,6,2,22
2022-06-02 23:00:00,0.0,0.0,0.0,0.0,11.2,95,5.1,219,1005.8,44,0,0,44,0.0,0.0,43.6591,-70.2568,2022,6,2,23
2022-06-03 00:00:00,0.0,0.0,0.0,0.0,11.3,96,3.7,191,1005.2,4,0,0,4,0.0,0.0,43.6591,-70.2568,2022,6,3,0
2022-06-03 01:00:00,0.0,0.0,0.0,0.0,10.3,99,4.3,265,1005.4,4,2,3,0,0.0,0.0,43.6591,-70.2568,2022,6,3,1
2022-06-03 02:00:00,0.0,0.0,0.0,0.0,10.6,100,2.4,297,1005.1,100,100,11,16,0.0,0.0,43.6591,-70.2568,2022,6,3,2
2022-06-03 03:00:00,0.0,0.0,0.0,0.0,9.8,100,3.0,284,1004.8,100,100,1,65,0.0,0.0,43.6591,-70.2568,2022,6,3,3
2022-06-03 04:00:00,0.0,0.0,0.0,0.0,9.0,100,1.0,315,1004.4,100,100,1,96,0.0,0.0,43.6591,-70.2568,2022,6,3,4
2022-06-03 05:00:00,0.0,0.0,0.0,0.0,8.8,100,1.1,360,1004.3,100,100,1,23,0.0,0.0,43.6591,-70.2568,2022,6,3,5
2022-06-03 06:00:00,22.0,2.0,20.0,22.3,9.5,100,4.0,153,1004.7,100,100,3,0,0.0,0.0,43.6591,-70.2568,2022,6,3,6
2022-06-03 07:00:00,111.0,21.0,90.0,89.4,11.4,95,4.8,153,1005.0,73,64,26,0,0.0,882.21,43.6591,-70.2568,2022,6,3,7
2022-06-03 08:00:00,266.0,138.0,128.0,338.0,12.5,90,7.7,143,1005.6,100,100,15,39,0.0,3600.0,43.6591,-70.2568,2022,6,3,8
2022-06-03 09:00:00,161.0,17.0,144.0,29.7,12.8,87,8.9,137,1005.9,100,100,75,57,0.0,0.0,43.6591,-70.2568,2022,6,3,9
2022-06-03 10:00:00,182.0,9.0,173.0,12.6,12.8,84,8.9,130,1006.2,100,100,78,95,0.0,0.0,43.6591,-70.2568,2022,6,3,10
2022-06-03 11:00:00,194.0,9.0,185.0,10.9,12.7,83,9.2,132,1006.3,100,100,99,53,0.3,0.0,43.6591,-70.2568,2022,6,3,11
2022-06-03 12:00:00,181.0,18.0,163.0,20.0,13.0,84,5.9,137,1006.4,100,100,100,1,0.0,0.0,43.6591,-70.2568,2022,6,3,12
2022-06-03 13:00:00,180.0,0.0,180.0,0.0,12.9,85,9.3,126,1006.3,100,100,64,0,0.1,0.0,43.6591,-70.2568,2022,6,3,13
2022-06-03 14:00:00,271.0,5.0,266.0,5.5,13.1,86,8.7,120,1005.8,84,77,38,0,0.2,0.0,43.6591,-70.2568,2022,6,3,14
2022-06-03 15:00:00,585.0,257.0,328.0,301.0,14.6,80,10.1,125,1005.5,100,100,23,0,0.0,3600.0,43.6591,-70.2568,2022,6,3,15
2022-06-03 16:00:00,395.0,79.0,316.0,104.8,14.2,80,8.6,105,1005.7,100,100,8,3,0.0,1344.55,43.6591,-70.2568,2022,6,3,16
2022-06-03 17:00:00,305.0,60.0,245.0,96.7,13.7,81,10.7,102,1005.7,100,100,4,5,0.0,1102.28,43.6591,-70.2568,2022,6,3,17
2022-06-03 18:00:00,183.0,14.0,169.0,30.3,12.7,85,9.3,106,1005.8,100,100,13,19,0.0,0.0,43.6591,-70.2568,2022,6,3,18
2022-06-03 19:00:00,95.0,5.0,90.0,17.2,12.4,86,7.6,109,1006.3,100,100,7,2,0.0,0.0,43.6591,-70.2568,2022,6,3,19
2022-06-03 20:00:00,23.0,0.0,23.0,0.0,11.3,90,6.1,118,1007.5,100,100,19,0,0.0,0.0,43.6591,-70.2568,2022,6,3,20
2022-06-03 21:00:00,1.0,0.0,1.0,0.0,11.2,90,5.1,98,1007.7,100,100,23,0,0.0,0.0,43.6591,-70.2568,2022,6,3,21
2022-06-03 22:00:00,0.0,0.0,0.0,0.0,11.3,90,4.3,114,1008.0,100,100,86,0,0.0,0.0,43.6591,-70.2568,2022,6,3,22
2022-06-03 23:00:00,0.0,0.0,0.0,0.0,11.2,91,5.0,90,1008.0,100,100,57,0,0.0,0.0,43.6591,-70.2568,2022,6,3,23
2022-06-04 00:00:00,0.0,0.0,0.0,0.0,11.0,95,5.0,120,1008.2,100,100,20,0,0.0,0.0,43.6591,-70.2568,2022,6,4,0
2022-06-04 01:00:00,0.0,0.0,0.0,0.0,11.0,95,3.2,180,1008.1,100,100,0,0,0.0,0.0,43.6591,-70.2568,2022,6,4,1
2022-06-04 02:00:00,0.0,0.0,0.0,0.0,11.1,95,3.3,221,1008.0,100,100,8,0,0.0,0.0,43.6591,-70.2568,2022,6,4,2
2022-06-04 03:00:00,0.0,0.0,0.0,0.0,11.1,95,1.5,225,1007.5,100,100,37,0,0.0,0.0,43.6591,-70.2568,2022,6,4,3
2022-06-04 04:00:00,0.0,0.0,0.0,0.0,11.1,95,1.1,342,1007.5,100,100,16,0,0.0,0.0,43.6591,-70.2568,2022,6,4,4
2022-06-04 05:00:00,0.0,0.0,0.0,0.0,11.2,96,2.3,309,1007.9,100,100,26,0,0.0,0.0,43.6591,-70.2568,2022,6,4,5
2022-06-04 06:00:00,13.0,0.0,13.0,0.0,11.5,94,1.9,292,1008.2,100,100,3,0,0.0,0.0,43.6591,-70.2568,2022,6,4,6
2022-06-04 07:00:00,73.0,9.0,64.0,38.2,12.3,91,1.1,198,1008.3,100,100,0,0,0.0,0.0,43.6591,-70.2568,2022,6,4,7
2022-06-04 08:00:00,182.0,36.0,146.0,88.0,13.0,90,3.6,180,1008.4,100,100,28,0,0.0,840.43,43.6591,-70.2568,2022,6,4,8
2022-06-04 09:00:00,229.0,31.0,198.0,54.2,14.2,88,4.8,167,1008.6,100,100,16,0,0.2,0.0,43.6591,-70.2568,2022,6,4,9
2022-06-04 10:00:00,277.0,36.0,241.0,50.4,14.8,87,7.3,147,1008.5,100,100,0,0,0.0,0.0,43.6591,-70.2568,2022,6,4,10
2022-06-04 11:00:00,347.0,51.0,296.0,61.7,15.2,84,9.2,149,1008.4,100,100,0,0,0.0,51.32,43.6591,-70.2568,2022,6,4,11
2022-06-04 12:00:00,424.0,110.0,314.0,122.3,15.8,82,9.7,149,1008.1,100,100,7,0,0.0,1867.65,43.6591,-70.2568,2022,6,4,12
2022-06-04 13:00:00,456.0,118.0,338.0,126.9,16.1,80,10.5,142,1007.8,66,55,26,0,0.0,2007.4,43.6591,-70.2568,2022,6,4,13
2022-06-04 14:00:00,704.0,458.0,246.0,500.9,16.7,77,12.6,143,1007.3,53,44,16,0,0.0,3600.0,43.6591,-70.2568,2022,6,4,14
2022-06-04 15:00:00,703.0,486.0,217.0,568.6,16.6,75,14.3,152,1006.7,16,8,9,0,0.0,3600.0,43.6591,-70.2568,2022,6,4,15
2022-06-04 16:00:00,635.0,495.0,140.0,655.7,16.6,76,15.0,150,1006.3,43,0,43,0,0.0,3600.0,43.6591,-70.2568,2022,6,4,16
2022-06-04 17:00:00,478.0,341.0,137.0,548.5,15.3,82,13.6,158,1005.7,50,7,49,0,0.0,3600.0,43.6591,-70.2568,2022,6,4,17
2022-06-04 18:00:00,313.0,194.0,119.0,418.1,14.7,84,13.6,168,1005.5,13,0,13,0,0.0,3600.0,43.6591,-70.2568,2022,6,4,18
2022-06-04 19:00:00,210.0,139.0,71.0,474.7,14.2,87,10.6,170,1005.3,3,0,3,0,0.0,3600.0,43.6591,-70.2568,2022,6,4,19
2022-06-04 20:00:00,68.0,36.0,32.0,300.8,12.9,93,11.4,162,1005.0,0,0,0,0,0.0,3600.0,43.6591,-70.2568,2022,6,4,20
2022-06-04 21:00:00,1.0,0.0,1.0,0.0,12.2,95,10.2,172,1005.4,0,0,0,0,0.0,0.0,43.6591,-70.2568,2022,6,4,21
2022-06-04 22:00:00,0.0,0.0,0.0,0.0,12.0,96,11.2,318,1006.1,100,100,0,0,0.0,0.0,43.6591,-70.2568,2022,6,4,22
2022-06-04 23:00:00,0.0,0.0,0.0,0.0,12.5,97,1.8,37,1005.9,0,0,0,0,0.0,0.0,43.6591,-70.2568,2022,6,4,23
2022-06-05 00:00:00,0.0,0.0,0.0,0.0,11.4,99,9.1,351,1006.5,1,1,0,0,0.0,0.0,43.6591,-70.2568,2022,6,5,0
2022-06-05 01:00:00,0.0,0.0,0.0,0.0,11.1,97,6.7,344,1006.9,1,1,0,0,0.0,0.0,43.6591,-70.2568,2022,6,5,1
2022-06-05 02:00:00,0.0,0.0,0.0,0.0,10.3,98,3.9,304,1007.1,1,1,0,0,0.0,0.0,43.6591,-70.2568,2022,6,5,2
2022-06-05 03:00:00,0.0,0.0,0.0,0.0,10.7,97,8.6,272,1007.3,6,6,0,0,0.0,0.0,43.6591,-70.2568,2022,6,5,3
2022-06-05 04:00:00,0.0,0.0,0.0,0.0,10.1,95,11.5,268,1007.3,10,10,0,0,0.0,0.0,43.6591,-70.2568,2022,6,5,4
2022-06-05 05:00:00,0.0,0.0,0.0,0.0,9.7,87,12.7,285,1007.8,0,0,0,0,0.0,0.0,43.6591,-70.2568,2022,6,5,5
2022-06-05 06:00:00,36.0,18.0,18.0,198.9,10.5,82,13.1,291,1008.5,1,1,0,0,0.0,3222.19,43.6591,-70.2568,2022,6,5,6
2022-06-05 07:00:00,175.0,119.0,56.0,503.2,12.6,78,11.1,283,1009.0,0,0,0,0,0.0,3600.0,43.6591,-70.2568,2022,6,5,7
2022-06-05 08:00:00,352.0,275.0,77.0,671.3,15.1,68,9.2,281,1009.4,0,0,0,0,0.0,3600.0,43.6591,-70.2568,2022,6,5,8
2022-06-05 09:00:00,535.0,444.0,91.0,774.9,17.0,50,11.4,288,1009.7,0,0,0,0,0.0,3600.0,43.6591,-70.2568,2022,6,5,9
2022-06-05 10:00:00,700.0,601.0,99.0,840.2,18.1,42,11.3,297,1009.7,3,1,0,3,0.0,3600.0,43.6591,-70.2568,2022,6,5,10
2022-06-05 11:00:00,821.0,705.0,116.0,852.5,19.5,37,15.1,298,1009.6,100,0,100,1,0.0,3600.0,43.6591,-70.2568,2022,6,5,11
2022-06-05 12:00:00,584.0,237.0,347.0,263.2,20.0,36,12.7,295,1009.2,93,0,93,0,0.0,3600.0,43.6591,-70.2568,2022,6,5,12
2022-06-05 13:00:00,705.0,369.0,336.0,396.6,20.8,32,8.4,280,1008.8,99,0,99,0,0.0,3600.0,43.6591,-70.2568,2022,6,5,13
2022-06-05 14:00:00,394.0,65.0,329.0,71.0,20.2,37,7.2,273,1008.8,70,0,70,0,0.0,330.55,43.6591,-70.2568,2022,6,5,14
2022-06-05 15:00:00,635.0,356.0,279.0,416.0,21.4,31,15.6,293,1008.6,87,0,87,0,0.0,3600.0,43.6591,-70.2568,2022,6,5,15
2022-06-05 16:00:00,484.0,218.0,266.0,288.3,21.3,32,17.7,294,1008.8,79,0,79,0,0.0,3600.0,43.6591,-70.2568,2022,6,5,16
2022-06-05 17:00:00,440.0,243.0,197.0,390.0,21.6,30,16.9,294,1008.8,50,0,50,0,0.0,3600.0,43.6591,-70.2568,2022,6,5,17
2022-06-05 18:00:00,370.0,243.0,127.0,521.9,21.2,35,12.8,310,1009.0,5,0,5,0,0.0,3600.0,43.6591,-70.2568,2022,6,5,18
2022-06-05 19:00:00,228.0,163.0,65.0,553.4,19.5,44,10.0,319,1009.8,5,0,2,2,0.0,3600.0,43.6591,-70.2568,2022,6,5,19
2022-06-05 20:00:00,73.0,41.0,32.0,337.3,18.5,46,4.4,325,1010.2,5,0,4,0,0.0,3600.0,43.6591,-70.2568,2022,6,5,20
2022-06-05 21:00:00,2.0,0.0,2.0,0.0,15.2,62,6.0,327,1010.7,5,0,1,4,0.0,0.0,43.6591,-70.2568,2022,6,5,21
2022-06-05 22:00:00,0.0,0.0,0.0,0.0,13.9,70,6.8,342,1011.4,29,0,0,29,0.0,0.0,43.6591,-70.2568,2022,6,5,22
2022-06-05 23:00:00,0.0,0.0,0.0,0.0,13.3,71,7.3,340,1011.8,30,0,0,30,0.0,0.0,43.6591,-70.2568,2022,6,5,23
2022-06-06 00:00:00,0.0,0.0,0.0,0.0,12.7,72,9.5,351,1011.9,58,0,0,58,0.0,0.0,43.6591,-70.2568,2022,6,6,0
2022-06-06 01:00:00,0.0,0.0,0.0,0.0,12.0,77,8.7,343,1011.9,50,0,0,50,0.0,0.0,43.6591,-70.2568,2022,6,6,1
2022-06-06 02:00:00,0.0,0.0,0.0,0.0,11.6,81,7.6,329,1012.0,0,0,0,0,0.0,0.0,43.6591,-70.2568,2022,6,6,2
2022-06-06 03:00:00,0.0,0.0,0.0,0.0,11.4,83,7.2,323,1012.3,0,0,0,0,0.0,0.0,43.6591,-70.2568,2022,6,6,3
2022-06-06 04:00:00,0.0,0.0,0.0,0.0,11.1,85,7.1,319,1012.4,0,0,0,0,0.0,0.0,43.6591,-70.2568,2022,6,6,4
2022-06-06 05:00:00,0.0,0.0,0.0,0.0,10.7,87,5.6,320,1012.5,0,0,0,0,0.0,0.0,43.6591,-70.2568,2022,6,6,5
2022-06-06 06:00:00,36.0,19.0,17.0,209.1,11.2,88,5.6,315,1013.2,0,0,0,0,0.0,3242.55,43.6591,-70.2568,2022,6,6,6
2022-06-06 07:00:00,174.0,119.0,55.0,501.8,13.4,84,3.1,315,1013.6,0,0,0,0,0.0,3600.0,43.6591,-70.2568,2022,6,6,7
2022-06-06 08:00:00,350.0,273.0,77.0,665.5,16.5,74,4.2,329,1013.6,0,0,0,0,0.0,3600.0,43.6591,-70.2568,2022,6,6,8
2022-06-06 09:00:00,530.0,438.0,92.0,763.8,19.1,55,4.7,337,1013.7,0,0,0,0,0.0,3600.0,43.6591,-70.2568,2022,6,6,9
2022-06-06 10:00:00,691.0,590.0,101.0,824.3,20.4,44,5.9,317,1013.5,17,0,0,17,0.0,3600.0,43.6591,-70.2568,2022,6,6,10
2022-06-06 11:00:00,821.0,711.0,110.0,859.3,21.6,40,6.4,313,1013.3,70,0,0,70,0.0,3600.0,43.6591,-70.2568,2022,6,6,11
2022-06-06 12:00:00,903.0,776.0,127.0,861.4,22.0,38,6.5,354,1012.9,18,0,0,17,0.0,3600.0,43.6591,-70.2568,2022,6,6,12
2022-06-06 13:00:00,913.0,783.0,130.0,841.0,22.7,37,1.3,326,1012.6,28,0,28,1,0.0,3600.0,43.6591,-70.2568,2022,6,6,13
2022-06-06 14:00:00,760.0,522.0,238.0,569.8,22.4,44,4.3,175,1012.6,58,0,56,4,0.0,3600.0,43.6591,-70.2568,2022,6,6,14
2022-06-06 15:00:00,536.0,229.0,307.0,267.3,21.2,53,9.8,174,1012.5,100,0,100,0,0.0,3600.0,43.6591,-70.2568,2022,6,6,15
2022-06-06 16:00:00,478.0,183.0,295.0,241.7,21.1,52,10.4,182,1012.4,54,0,53,23,0.0,3600.0,43.6591,-70.2568,2022,6,6,16
2022-06-06 17:00:00,551.0,435.0,116.0,696.7,20.7,51,11.6,175,1012.3,82,0,46,67,0.0,3600.0,43.6591,-70.2568,2022,6,6,17
2022-06-06 18:00:00,382.0,285.0,97.0,610.1,18.2,62,13.3,123,1012.7,100,0,51,100,0.0,3600.0,43.6591,-70.2568,2022,6,6,18
2022-06-06 19:00:00,202.0,104.0,98.0,351.1,16.5,73,12.5,162,1013.3,100,0,15,100,0.0,3600.0,43.6591,-70.2568,2022,6,6,19
2022-06-06 20:00:00,56.0,7.0,49.0,56.8,16.2,71,7.6,121,1012.6,100,0,14,100,0.0,0.0,43.6591,-70.2568,2022,6,6,20
2022-06-06 21:00:00,2.0,0.0,2.0,0.0,14.5,77,9.3,126,1013.2,100,0,3,100,0.0,0.0,43.6591,-70.2568,2022,6,6,21
2022-06-06 22:00:00,0.0,0.0,0.0,0.0,13.9,78,9.8,156,1013.9,100,0,0,100,0.0,0.0,43.6591,-70.2568,2022,6,6,22
2022-06-06 23:00:00,0.0,0.0,0.0,0.0,13.5,81,8.7,156,1013.7,98,0,2,98,0.0,0.0,43.6591,-70.2568,2022,6,6,23
2022-06-07 00:00:00,0.0,0.0,0.0,0.0,13.4,84,7.0,159,1013.9,99,0,0,99,0.0,0.0,43.6591,-70.2568,2022,6,7,0
2022-06-07 01:00:00,0.0,0.0,0.0,0.0,13.6,84,5.5,169,1014.0,99,0,15,99,0.0,0.0,43.6591,-70.2568,2022,6,7,1
2022-06-07 02:00:00,0.0,0.0,0.0,0.0,13.5,86,6.6,151,1013.9,100,0,95,100,0.0,0.0,43.6591,-70.2568,2022,6,7,2
2022-06-07 03:00:00,0.0,0.0,0.0,0.0,13.2,90,4.6,135,1013.9,100,0,26,100,0.0,0.0,43.6591,-70.2568,2022,6,7,3
2022-06-07 04:00:00,0.0,0.0,0.0,0.0,12.8,92,5.4,138,1014.1,100,0,11,100,0.0,0.0,43.6591,-70.2568,2022,6,7,4
2022-06-07 05:00:00,0.0,0.0,0.0,0.0,12.1,96,4.0,100,1014.0,100,0,1,100,0.0,0.0,43.6591,-70.2568,2022,6,7,5
2022-06-07 06:00:00,23.0,0.0,23.0,0.0,12.9,95,6.1,118,1013.9,100,0,0,100,0.0,0.0,43.6591,-70.2568,2022,6,7,6
2022-06-07 07:00:00,105.0,10.0,95.0,42.1,14.1,90,2.5,135,1014.2,100,0,7,100,0.0,0.0,43.6591,-70.2568,2022,6,7,7
2022-06-07 08:00:00,277.0,133.0,144.0,323.9,16.2,82,2.3,18,1014.7,100,0,12,75,0.0,3600.0,43.6591,-70.2568,2022,6,7,8
2022-06-07 09:00:00,490.0,359.0,131.0,625.6,18.7,72,3.2,90,1014.7,97,0,65,97,0.0,3600.0,43.6591,-70.2568,2022,6,7,9
2022-06-07 10:00:00,639.0,486.0,153.0,678.7,19.9,69,6.3,114,1014.5,95,8,94,0,0.0,3600.0,43.6591,-70.2568,2022,6,7,10
2022-06-07 11:00:00,753.0,543.0,210.0,656.0,20.3,69,10.0,120,1014.3,91,33,15,84,0.0,3600.0,43.6591,-70.2568,2022,6,7,11
2022-06-07 12:00:00,853.0,672.0,181.0,745.6,20.6,66,12.3,130,1013.9,100,28,0,100,0.0,3600.0,43.6591,-70.2568,2022,6,7,12
2022-06-07 13:00:00,896.0,725.0,171.0,778.2,21.4,54,13.8,152,1013.5,100,3,8,100,0.0,3600.0,43.6591,-70.2568,2022,6,7,13
2022-06-07 14:00:00,858.0,625.0,233.0,681.7,22.0,48,16.5,160,1013.0,100,0,13,100,0.0,3600.0,43.6591,-70.2568,2022,6,7,14
2022-06-07 15:00:00,766.0,517.0,249.0,602.8,21.6,52,17.2,164,1012.4,100,0,0,100,0.0,3600.0,43.6591,-70.2568,2022,6,7,15
2022-06-07 16:00:00,681.0,483.0,198.0,636.9,21.2,57,17.4,167,1012.1,100,0,0,100,0.0,3600.0,43.6591,-70.2568,2022,6,7,16
2022-06-07 17:00:00,487.0,258.0,229.0,412.4,20.5,56,19.2,174,1011.2,100,0,0,100,0.0,3600.0,43.6591,-70.2568,2022,6,7,17
2022-06-07 18:00:00,247.0,40.0,207.0,85.4,19.1,62,19.1,177,1010.6,100,0,0,100,0.0,761.15,43.6591,-70.2568,2022,6,7,18
2022-06-07 19:00:00,114.0,5.0,109.0,16.8,19.0,61,25.0,187,1010.8,100,0,0,100,0.0,0.0,43.6591,-70.2568,2022,6,7,19
2022-06-07 20:00:00,37.0,0.0,37.0,0.0,18.6,67,21.9,189,1010.9,100,0,0,100,0.0,0.0,43.6591,-70.2568,2022,6,7,20
2022-06-07 21:00:00,1.0,0.0,1.0,0.0,18.5,64,23.4,194,1011.2,100,0,23,100,0.0,0.0,43.6591,-70.2568,2022,6,7,21
2022-06-07 22:00:00,0.0,0.0,0.0,0.0,18.1,69,23.6,192,1011.3,100,0,97,100,0.0,0.0,43.6591,-70.2568,2022,6,7,22
2022-06-07 23:00:00,0.0,0.0,0.0,0.0,17.8,73,22.0,195,1011.3,56,5,0,54,0.0,0.0,43.6591,-70.2568,2022,6,7,23
2022-06-08 00:00:00,0.0,0.0,0.0,0.0,17.1,76,21.5,194,1011.0,100,0,100,90,0.0,0.0,43.6591,-70.2568,2022,6,8,0
2022-06-08 01:00:00,0.0,0.0,0.0,0.0,17.2,76,21.9,197,1010.5,100,1,100,100,0.0,0.0,43.6591,-70.2568,2022,6,8,1
2022-06-08 02:00:00,0.0,0.0,0.0,0.0,16.4,83,21.2,190,1010.1,100,0,97,100,0.8,0.0,43.6591,-70.2568,2022,6,8,2
2022-06-08 03:00:00,0.0,0.0,0.0,0.0,14.7,100,18.4,184,1010.1,100,100,100,100,4.2,0.0,43.6591,-70.2568,2022,6,8,3
2022-06-08 04:00:00,0.0,0.0,0.0,0.0,14.7,100,21.0,187,1009.7,100,36,100,100,1.2,0.0,43.6591,-70.2568,2022,6,8,4
2022-06-08 05:00:00,0.0,0.0,0.0,0.0,14.7,100,20.9,181,1008.9,100,18,100,100,1.4,0.0,43.6591,-70.2568,2022,6,8,5
2022-06-08 06:00:00,5.0,0.0,5.0,0.0,14.7,100,22.9,188,1008.5,100,100,100,100,2.5,0.0,43.6591,-70.2568,2022,6,8,6
2022-06-08 07:00:00,20.0,0.0,20.0,0.0,14.9,100,23.0,189,1008.4,100,100,85,54,1.3,0.0,43.6591,-70.2568,2022,6,8,7
2022-06-08 08:00:00,42.0,0.0,42.0,0.0,15.9,97,23.1,185,1008.0,100,100,31,0,0.9,0.0,43.6591,-70.2568,2022,6,8,8
2022-06-08 09:00:00,238.0,28.0,210.0,48.8,16.8,92,20.4,188,1007.4,100,97,57,68,0.1,0.0,43.6591,-70.2568,2022,6,8,9
2022-06-08 10:00:00,316.0,62.0,254.0,86.5,17.8,90,18.4,192,1006.7,100,100,33,47,0.0,796.22,43.6591,-70.2568,2022,6,8,10
2022-06-08 11:00:00,348.0,66.0,282.0,79.7,18.7,89,16.6,193,1006.4,100,100,61,6,0.3,590.86,43.6591,-70.2568,2022,6,8,11
2022-06-08 12:00:00,225.0,21.0,204.0,23.3,18.2,93,14.4,181,1005.8,56,44,2,20,0.1,0.0,43.6591,-70.2568,2022,6,8,12
2022-06-08 13:00:00,767.0,522.0,245.0,560.0,21.9,79,11.3,189,1005.3,100,11,25,100,0.0,3600.0,43.6591,-70.2568,2022,6,8,13
2022-06-08 14:00:00,746.0,520.0,226.0,566.8,23.5,67,10.5,202,1005.0,100,6,18,100,0.2,3600.0,43.6591,-70.2568,2022,6,8,14
2022-06-08 15:00:00,687.0,376.0,311.0,438.0,24.7,49,11.7,227,1004.8,36,0,1,36,0.0,3600.0,43.6591,-70.2568,2022,6,8,15
2022-06-08 16:00:00,713.0,582.0,131.0,766.4,25.2,39,16.7,251,1004.7,1,0,1,0,0.0,3600.0,43.6591,-70.2568,2022,6,8,16
2022-06-08 17:00:00,571.0,469.0,102.0,748.2,25.1,42,13.9,245,1004.3,2,1,0,0,0.0,3600.0,43.6591,-70.2568,2022,6,8,17
2022-06-08 18:00:00,358.0,244.0,114.0,519.2,24.0,50,10.7,237,1004.5,0,0,0,0,0.0,3600.0,43.6591,-70.2568,2022,6,8,18
2022-06-08 19:00:00,229.0,164.0,65.0,548.0,22.6,57,9.8,242,1005.1,21,6,18,3,0.0,3600.0,43.6591,-70.2568,2022,6,8,19
2022-06-08 20:00:00,68.0,35.0,33.0,276.4,20.1,80,4.3,355,1006.3,81,56,100,96,0.0,3600.0,43.6591,-70.2568,2022,6,8,20
2022-06-08 21:00:00,1.0,0.0,1.0,0.0,18.5,89,4.7,9,1007.1,100,24,18,100,0.0,0.0,43.6591,-70.2568,2022,6,8,21
2022-06-08 22:00:00,0.0,0.0,0.0,0.0,17.3,92,3.2,333,1007.6,98,3,0,98,0.0,0.0,43.6591,-70.2568,2022,6,8,22
2022-06-08 23:00:00,0.0,0.0,0.0,0.0,16.8,90,4.8,333,1007.6,100,0,0,100,0.0,0.0,43.6591,-70.2568,2022,6,8,23
2022-06-09 00:00:00,0.0,0.0,0.0,0.0,16.1,89,3.4,328,1007.3,100,0,0,100,0.0,0.0,43.6591,-70.2568,2022,6,9,0
2022-06-09 01:00:00,0.0,0.0,0.0,0.0,15.1,89,4.5,346,1006.9,100,0,0,100,0.0,0.0,43.6591,-70.2568,2022,6,9,1
2022-06-09 02:00:00,0.0,0.0,0.0,0.0,14.7,90,4.4,325,1007.1,100,0,0,100,0.0,0.0,43.6591,-70.2568,2022,6,9,2
2022-06-09 03:00:00,0.0,0.0,0.0,0.0,14.2,92,3.9,326,1006.9,100,0,0,100,0.0,0.0,43.6591,-70.2568,2022,6,9,3
2022-06-09 04:00:00,0.0,0.0,0.0,0.0,13.9,93,6.1,360,1006.5,100,0,0,100,0.0,0.0,43.6591,-70.2568,2022,6,9,4
2022-06-09 05:00:00,0.0,0.0,0.0,0.0,14.1,91,10.0,26,1005.9,100,0,0,100,0.0,0.0,43.6591,-70.2568,2022,6,9,5
2022-06-09 06:00:00,12.0,0.0,12.0,0.0,14.7,87,8.8,55,1005.3,100,0,25,100,0.0,0.0,43.6591,-70.2568,2022,6,9,6
2022-06-09 07:00:00,42.0,0.0,42.0,0.0,15.2,86,11.0,71,1004.8,100,0,81,100,0.0,0.0,43.6591,-70.2568,2022,6,9,7
2022-06-09 08:00:00,96.0,0.0,96.0,0.0,15.6,88,10.1,88,1004.0,100,10,100,100,0.0,0.0,43.6591,-70.2568,2022,6,9,8
2022-06-09 09:00:00,70.0,0.0,70.0,0.0,13.8,100,12.8,79,1003.6,100,64,100,100,2.0,0.0,43.6591,-70.2568,2022,6,9,9
2022-06-09 10:00:00,53.0,0.0,53.0,0.0,13.2,100,15.9,87,1002.1,100,100,100,100,7.1,0.0,43.6591,-70.2568,2022,6,9,10
2022-06-09 11:00:00,100.0,0.0,100.0,0.0,13.1,100,26.4,85,998.4,100,100,100,94,6.5,0.0,43.6591,-70.2568,2022,6,9,11
2022-06-09 12:00:00,123.0,0.0,123.0,0.0,13.4,100,29.7,97,997.1,100,100,100,0,6.7,0.0,43.6591,-70.2568,2022,6,9,12
2022-06-09 13:00:00,166.0,7.0,159.0,7.5,13.9,100,22.2,107,995.8,100,100,0,0,1.2,0.0,43.6591,-70.2568,2022,6,9,13
2022-06-09 14:00:00,282.0,22.0,260.0,24.0,18.0,93,14.3,223,994.6,100,100,0,0,0.1,0.0,43.6591,-70.2568,2022,6,9,14
2022-06-09 15:00:00,338.0,72.0,266.0,83.8,18.0,92,10.5,266,994.9,18,14,5,0,0.0,713.6,43.6591,-70.2568,2022,6,9,15
2022-06-09 16:00:00,673.0,497.0,176.0,653.6,20.0,77,16.4,261,994.9,100,100,6,0,0.0,3600.0,43.6591,-70.2568,2022,6,9,16
2022-06-09 17:00:00,320.0,90.0,230.0,143.3,20.9,72,15.4,254,994.4,90,89,5,0,0.0,2499.39,43.6591,-70.2568,2022,6,9,17
2022-06-09 18:00:00,263.0,88.0,175.0,186.8,21.6,71,15.7,259,994.9,38,38,0,0,0.0,3600.0,43.6591,-70.2568,2022,6,9,18
2022-06-09 19:00:00,177.0,88.0,89.0,292.6,20.8,71,16.5,260,995.9,12,11,2,0,0.0,3600.0,43.6591,-70.2568,2022,6,9,19
2022-06-09 20:00:00,70.0,35.0,35.0,273.2,17.9,84,11.2,268,997.2,2,18,1,0,0.0,3600.0,43.6591,-70.2568,2022,6,9,20
2022-06-09 21:00:00,2.0,0.0,2.0,0.0,16.8,83,13.7,270,998.2,7,4,4,0,0.0,0.0,43.6591,-70.2568,2022,6,9,21
2022-06-09 22:00:00,0.0,0.0,0.0,0.0,16.3,76,15.2,277,999.1,1,0,1,0,0.0,0.0,43.6591,-70.2568,2022,6,9,22
2022-06-09 23:00:00,0.0,0.0,0.0,0.0,15.3,78,13.7,272,999.6,1,1,0,0,0.0,0.0,43.6591,-70.2568,2022,6,9,23
2022-06-10 00:00:00,0.0,0.0,0.0,0.0,14.3,84,13.0,267,1000.1,1,1,0,0,0.0,0.0,43.6591,-70.2568,2022,6,10,0
2022-06-10 01:00:00,0.0,0.0,0.0,0.0,13.6,87,13.5,261,1000.3,0,0,0,0,0.0,0.0,43.6591,-70.2568,2022,6,10,1
2022-06-10 02:00:00,0.0,0.0,0.0,0.0,13.2,87,14.4,269,1000.3,0,0,0,0,0.0,0.0,43.6591,-70.2568,2022,6,10,2
2022-06-10 03:00:00,0.0,0.0,0.0,0.0,13.1,86,14.8,273,1000.3,0,0,0,0,0.0,0.0,43.6591,-70.2568,2022,6,10,3
2022-06-10 04:00:00,0.0,0.0,0.0,0.0,13.0,87,14.1,276,1000.6,0,0,0,0,0.0,0.0,43.6591,-70.2568,2022,6,10,4
2022-06-10 05:00:00,0.0,0.0,0.0,0.0,12.5,90,12.2,272,1001.0,0,0,0,0,0.0,0.0,43.6591,-70.2568,2022,6,10,5
2022-06-10 06:00:00,36.0,18.0,18.0,196.1,12.9,90,11.9,267,1001.7,0,0,0,0,0.0,3303.33,43.6591,-70.2568,2022,6,10,6
2022-06-10 07:00:00,171.0,113.0,58.0,472.7,14.8,85,9.3,257,1002.2,0,0,0,0,0.0,3600.0,43.6591,-70.2568,2022,6,10,7
2022-06-10 08:00:00,344.0,263.0,81.0,638.9,16.8,75,10.4,270,1002.4,0,0,2,0,0.0,3600.0,43.6591,-70.2568,2022,6,10,8
2022-06-10 09:00:00,519.0,420.0,99.0,730.9,18.8,66,11.5,270,1002.5,1,0,1,0,0.0,3600.0,43.6591,-70.2568,2022,6,10,9
2022-06-10 10:00:00,682.0,575.0,107.0,802.1,20.3,57,13.7,268,1002.3,25,11,18,0,0.1,3600.0,43.6591,-70.2568,2022,6,10,10
2022-06-10 11:00:00,704.0,580.0,124.0,699.9,20.9,53,14.4,271,1002.4,19,3,15,1,0.1,3600.0,43.6591,-70.2568,2022,6,10,11
2022-06-10 12:00:00,833.0,692.0,141.0,766.8,22.4,45,15.5,257,1002.4,55,0,28,37,0.0,3600.0,43.6591,-70.2568,2022,6,10,12
2022-06-10 13:00:00,810.0,649.0,161.0,695.5,22.8,41,16.8,247,1002.1,38,0,15,27,0.0,3600.0,43.6591,-70.2568,2022,6,10,13
2022-06-10 14:00:00,858.0,715.0,143.0,778.3,23.8,36,19.7,255,1001.7,70,0,29,57,0.0,3600.0,43.6591,-70.2568,2022,6,10,14
2022-06-10 15:00:00,738.0,591.0,147.0,687.1,23.6,36,22.0,255,1001.6,93,0,78,67,0.0,3600.0,43.6591,-70.2568,2022,6,10,15
2022-06-10 16:00:00,504.0,277.0,227.0,363.9,23.4,38,20.6,265,1001.9,81,0,81,0,0.0,3600.0,43.6591,-70.2568,2022,6,10,16
2022-06-10 17:00:00,494.0,363.0,131.0,577.0,22.9,41,19.1,270,1002.3,14,0,14,0,0.0,3600.0,43.6591,-70.2568,2022,6,10,17
2022-06-10 18:00:00,378.0,284.0,94.0,601.1,22.1,45,17.7,266,1002.8,1,0,1,0,0.0,3600.0,43.6591,-70.2568,2022,6,10,18
2022-06-10 19:00:00,233.0,168.0,65.0,556.2,20.7,51,14.4,266,1003.4,15,0,0,15,0.0,3600.0,43.6591,-70.2568,2022,6,10,19
2022-06-10 20:00:00,77.0,43.0,34.0,331.9,19.2,56,16.3,264,1004.7,5,0,0,6,0.0,3600.0,43.6591,-70.2568,2022,6,10,20
2022-06-10 21:00:00,2.0,0.0,2.0,0.0,17.7,58,15.2,265,1005.4,29,0,0,29,0.0,0.0,43.6591,-70.2568,2022,6,10,21
2022-06-10 22:00:00,0.0,0.0,0.0,0.0,16.9,61,13.3,267,1006.3,30,0,0,30,0.0,0.0,43.6591,-70.2568,2022,6,10,22
2022-06-10 23:00:00,0.0,0.0,0.0,0.0,15.7,67,12.3,267,1006.5,79,0,0,79,0.0,0.0,43.6591,-70.2568,2022,6,10,23
2022-06-11 00:00:00,0.0,0.0,0.0,0.0,15.0,72,11.5,266,1006.6,99,0,0,99,0.0,0.0,43.6591,-70.2568,2022,6,11,0
2022-06-11 01:00:00,0.0,0.0,0.0,0.0,14.1,77,11.1,257,1006.7,97,0,0,97,0.0,0.0,43.6591,-70.2568,2022,6,11,1
2022-06-11 02:00:00,0.0,0.0,0.0,0.0,13.8,80,11.7,252,1006.8,100,0,0,100,0.0,0.0,43.6591,-70.2568,2022,6,11,2
2022-06-11 03:00:00,0.0,0.0,0.0,0.0,13.6,80,11.3,261,1007.1,97,0,0,97,0.0,0.0,43.6591,-70.2568,2022,6,11,3
2022-06-11 04:00:00,0.0,0.0,0.0,0.0,13.4,82,10.8,266,1007.2,100,0,0,100,0.0,0.0,43.6591,-70.2568,2022,6,11,4
2022-06-11 05:00:00,0.0,0.0,0.0,0.0,13.1,83,10.8,274,1007.3,100,0,0,100,0.0,0.0,43.6591,-70.2568,2022,6,11,5
2022-06-11 06:00:00,31.0,5.0,26.0,54.4,13.5,83,11.0,281,1007.6,100,0,0,100,0.0,173.33,43.6591,-70.2568,2022,6,11,6
2022-06-11 07:00:00,147.0,58.0,89.0,242.4,15.3,81,9.2,281,1008.0,100,0,0,100,0.0,3600.0,43.6591,-70.2568,2022,6,11,7
2022-06-11 08:00:00,291.0,139.0,152.0,337.5,17.5,77,6.1,298,1008.4,100,0,0,100,0.0,3600.0,43.6591,-70.2568,2022,6,11,8
2022-06-11 09:00:00,399.0,152.0,247.0,264.4,19.4,67,5.4,307,1008.8,100,0,0,100,0.0,3600.0,43.6591,-70.2568,2022,6,11,9
2022-06-11 10:00:00,555.0,283.0,272.0,394.7,20.8,59,2.6,304,1008.8,100,0,0,100,0.0,3600.0,43.6591,-70.2568,2022,6,11,10
2022-06-11 11:00:00,699.0,429.0,270.0,517.6,21.7,53,3.1,201,1008.7,100,9,25,100,0.1,3600.0,43.6591,-70.2568,2022,6,11,11
2022-06-11 12:00:00,642.0,319.0,323.0,353.4,21.6,54,4.0,170,1008.5,100,9,32,100,0.1,3600.0,43.6591,-70.2568,2022,6,11,12
2022-06-11 13:00:00,685.0,369.0,316.0,395.3,21.8,56,6.2,159,1008.1,96,17,41,92,0.0,3600.0,43.6591,-70.2568,2022,6,11,13
2022-06-11 14:00:00,635.0,383.0,252.0,416.6,21.5,64,6.9,141,1007.7,100,4,24,100,0.1,3600.0,43.6591,-70.2568,2022,6,11,14
2022-06-11 15:00:00,726.0,502.0,224.0,583.2,22.4,60,4.5,166,1007.3,100,0,21,100,0.1,3600.0,43.6591,-70.2568,2022,6,11,15
2022-06-11 16:00:00,449.0,126.0,323.0,165.3,21.9,69,5.8,184,1007.3,100,1,9,100,0.0,3159.59,43.6591,-70.2568,2022,6,11,16
2022-06-11 17:00:00,232.0,17.0,215.0,27.0,21.1,77,7.6,199,1007.0,100,0,10,100,0.0,0.0,43.6591,-70.2568,2022,6,11,17
2022-06-11 18:00:00,183.0,16.0,167.0,33.8,20.7,81,9.0,196,1006.8,100,0,76,100,0.0,0.0,43.6591,-70.2568,2022,6,11,18
2022-06-11 19:00:00,153.0,36.0,117.0,118.7,19.8,75,12.8,190,1007.3,100,0,27,100,0.0,1760.58,43.6591,-70.2568,2022,6,11,19
2022-06-11 20:00:00,60.0,11.0,49.0,84.0,19.4,73,14.7,202,1007.5,100,10,38,40,0.0,721.45,43.6591,-70.2568,2022,6,11,20
2022-06-11 21:00:00,2.0,0.0,2.0,0.0,18.3,71,9.5,209,1008.2,98,2,50,97,0.0,0.0,43.6591,-70.2568,2022,6,11,21
2022-06-11 22:00:00,0.0,0.0,0.0,0.0,17.8,73,10.9,226,1008.9,100,0,5,100,0.0,0.0,43.6591,-70.2568,2022,6,11,22
2022-06-11 23:00:00,0.0,0.0,0.0,0.0,17.0,75,10.7,237,1009.2,1,0,0,0,0.0,0.0,43.6591,-70.2568,2022,6,11,23
2022-06-12 00:00:00,0.0,0.0,0.0,0.0,15.8,79,10.3,258,1009.6,0,0,0,0,0.0,0.0,43.6591,-70.2568,2022,6,12,0
2022-06-12 01:00:00,0.0,0.0,0.0,0.0,14.8,82,9.8,264,1009.7,7,0,0,6,0.0,0.0,43.6591,-70.2568,2022,6,12,1
2022-06-12 02:00:00,0.0,0.0,0.0,0.0,14.1,84,10.8,270,1009.7,47,0,0,47,0.0,0.0,43.6591,-70.2568,2022,6,12,2
2022-06-12 03:00:00,0.0,0.0,0.0,0.0,13.7,83,10.4,290,1010.0,100,0,0,100,0.0,0.0,43.6591,-70.2568,2022,6,12,3
2022-06-12 04:00:00,0.0,0.0,0.0,0.0,13.5,85,9.9,314,1010.0,15,0,0,15,0.0,0.0,43.6591,-70.2568,2022,6,12,4
2022-06-12 05:00:00,0.0,0.0,0.0,0.0,13.1,89,5.5,293,1010.7,0,0,0,0,0.0,0.0,43.6591,-70.2568,2022,6,12,5
2022-06-12 06:00:00,37.0,18.0,19.0,195.6,13.6,90,3.8,311,1011.1,46,0,0,46,0.0,3321.24,43.6591,-70.2568,2022,6,12,6
2022-06-12 07:00:00,171.0,114.0,57.0,476.0,15.5,88,1.5,225,1011.7,9,0,0,9,0.0,3600.0,43.6591,-70.2568,2022,6,12,7
2022-06-12 08:00:00,344.0,265.0,79.0,643.2,18.2,85,0.5,135,1011.7,100,0,0,93,0.0,3600.0,43.6591,-70.2568,2022,6,12,8
2022-06-12 09:00:00,513.0,408.0,105.0,709.7,20.1,76,4.6,129,1011.9,98,0,0,98,0.0,3600.0,43.6591,-70.2568,2022,6,12,9
2022-06-12 10:00:00,617.0,398.0,219.0,555.0,20.8,73,5.6,130,1011.9,98,4,0,98,0.0,3600.0,43.6591,-70.2568,2022,6,12,10
2022-06-12 11:00:00,741.0,518.0,223.0,624.8,21.9,67,7.4,137,1012.1,100,9,5,100,0.0,3600.0,43.6591,-70.2568,2022,6,12,11
2022-06-12 12:00:00,827.0,604.0,223.0,668.9,22.1,64,11.0,142,1012.2,97,12,29,96,0.0,3600.0,43.6591,-70.2568,2022,6,12,12
2022-06-12 13:00:00,754.0,489.0,265.0,523.6,22.3,61,11.1,155,1011.9,25,0,23,10,0.0,3600.0,43.6591,-70.2568,2022,6,12,13
2022-06-12 14:00:00,874.0,726.0,148.0,789.4,23.2,54,13.7,162,1011.4,19,0,3,16,0.0,3600.0,43.6591,-70.2568,2022,6,12,14
2022-06-12 15:00:00,832.0,708.0,124.0,821.9,22.8,58,15.3,161,1010.7,22,0,6,17,0.0,3600.0,43.6591,-70.2568,2022,6,12,15
2022-06-12 16:00:00,699.0,589.0,110.0,772.0,21.7,66,14.6,164,1010.4,11,0,9,3,0.0,3600.0,43.6591,-70.2568,2022,6,12,16
2022-06-12 17:00:00,543.0,435.0,108.0,689.3,20.6,73,13.8,165,1010.0,80,0,78,6,0.0,3600.0,43.6591,-70.2568,2022,6,12,17
2022-06-12 18:00:00,299.0,171.0,128.0,360.2,19.8,76,13.1,171,1009.6,93,0,89,31,0.0,3600.0,43.6591,-70.2568,2022,6,12,18
2022-06-12 19:00:00,152.0,39.0,113.0,128.1,18.8,81,16.6,180,1009.6,88,0,15,86,0.0,2042.24,43.6591,-70.2568,2022,6,12,19
2022-06-12 20:00:00,70.0,32.0,38.0,242.2,18.3,81,18.6,190,1010.1,100,4,11,100,0.0,3600.0,43.6591,-70.2568,2022,6,12,20
2022-06-12 21:00:00,2.0,0.0,2.0,0.0,17.5,84,15.2,194,1010.3,76,9,10,73,0.0,0.0,43.6591,-70.2568,2022,6,12,21
2022-06-12 22:00:00,0.0,0.0,0.0,0.0,16.9,87,15.9,193,1010.5,99,4,7,99,0.0,0.0,43.6591,-70.2568,2022,6,12,22
2022-06-12 23:00:00,0.0,0.0,0.0,0.0,16.7,89,16.2,197,1010.5,99,6,0,99,0.0,0.0,43.6591,-70.2568,2022,6,12,23
2022-06-13 00:00:00,0.0,0.0,0.0,0.0,16.7,91,11.8,207,1010.2,100,7,3,100,0.0,0.0,43.6591,-70.2568,2022,6,13,0
2022-06-13 01:00:00,0.0,0.0,0.0,0.0,16.1,97,11.7,171,1009.8,100,36,88,100,0.1,0.0,43.6591,-70.2568,2022,6,13,1
2022-06-13 02:00:00,0.0,0.0,0.0,0.0,15.9,98,13.8,186,1009.5,100,95,90,100,0.0,0.0,43.6591,-70.2568,2022,6,13,2
2022-06-13 03:00:00,0.0,0.0,0.0,0.0,16.5,96,11.2,213,1009.0,100,54,100,100,0.0,0.0,43.6591,-70.2568,2022,6,13,3
2022-06-13 04:00:00,0.0,0.0,0.0,0.0,16.4,97,10.1,207,1008.6,100,100,59,99,2.2,0.0,43.6591,-70.2568,2022,6,13,4
2022-06-13 05:00:00,0.0,0.0,0.0,0.0,15.9,100,5.9,191,1008.4,100,100,66,100,9.0,0.0,43.6591,-70.2568,2022,6,13,5
2022-06-13 06:00:00,13.0,2.0,11.0,21.7,16.3,99,6.2,201,1008.4,100,17,50,100,0.1,0.0,43.6591,-70.2568,2022,6,13,6
2022-06-13 07:00:00,105.0,30.0,75.0,125.2,17.2,96,8.5,216,1008.5,100,37,6,100,0.0,1956.37,43.6591,-70.2568,2022,6,13,7
2022-06-13 08:00:00,255.0,89.0,166.0,216.0,17.9,96,5.1,231,1008.2,100,100,0,100,0.7,3600.0,43.6591,-70.2568,2022,6,13,8
2022-06-13 09:00:00,221.0,17.0,204.0,29.6,19.4,94,6.6,229,1008.5,100,98,17,100,0.1,0.0,43.6591,-70.2568,2022,6,13,9
2022-06-13 10:00:00,286.0,48.0,238.0,66.9,20.1,92,4.6,198,1008.2,100,24,37,100,0.1,207.95,43.6591,-70.2568,2022,6,13,10
2022-06-13 11:00:00,546.0,246.0,300.0,296.7,21.4,86,3.4,162,1007.7,97,18,14,96,0.0,3600.0,43.6591,-70.2568,2022,6,13,11
2022-06-13 12:00:00,737.0,451.0,286.0,499.4,22.4,80,6.1,152,1007.3,100,100,14,0,0.0,3600.0,43.6591,-70.2568,2022,6,13,12
2022-06-13 13:00:00,637.0,288.0,349.0,308.3,22.9,77,8.9,137,1006.4,99,99,13,3,0.1,3600.0,43.6591,-70.2568,2022,6,13,13
2022-06-13 14:00:00,475.0,148.0,327.0,160.8,20.7,92,8.9,117,1006.4,89,77,19,43,1.6,3025.05,43.6591,-70.2568,2022,6,13,14
2022-06-13 15:00:00,647.0,394.0,253.0,457.0,20.9,91,10.2,138,1005.9,100,57,38,100,0.1,3600.0,43.6591,-70.2568,2022,6,13,15
2022-06-13 16:00:00,512.0,238.0,274.0,311.6,20.5,91,9.2,138,1005.7,97,53,23,91,0.0,3600.0,43.6591,-70.2568,2022,6,13,16
2022-06-13 17:00:00,393.0,181.0,212.0,286.4,20.0,90,7.7,139,1005.4,100,39,21,99,0.0,3600.0,43.6591,-70.2568,2022,6,13,17
2022-06-13 18:00:00,284.0,102.0,182.0,214.4,19.2,91,4.8,117,1005.5,46,38,13,1,0.0,3600.0,43.6591,-70.2568,2022,6,13,18
2022-06-13 19:00:00,181.0,90.0,91.0,294.5,18.2,93,5.1,82,1006.2,59,52,15,0,0.0,3600.0,43.6591,-70.2568,2022,6,13,19
2022-06-13 20:00:00,61.0,21.0,40.0,157.5,16.9,98,2.3,39,1006.7,86,79,33,0,0.0,2925.39,43.6591,-70.2568,2022,6,13,20
2022-06-13 21:00:00,2.0,0.0,2.0,0.0,17.8,95,12.3,32,1007.3,29,29,0,0,0.1,0.0,43.6591,-70.2568,2022,6,13,21
2022-06-13 22:00:00,0.0,0.0,0.0,0.0,17.1,94,8.8,12,1007.7,6,5,1,0,0.0,0.0,43.6591,-70.2568,2022,6,13,22
2022-06-13 23:00:00,0.0,0.0,0.0,0.0,17.1,90,13.4,340,1007.6,1,1,0,0,0.0,0.0,43.6591,-70.2568,2022,6,13,23
2022-06-14 00:00:00,0.0,0.0,0.0,0.0,16.9,76,11.4,325,1008.2,1,0,1,0,0.0,0.0,43.6591,-70.2568,2022,6,14,0
2022-06-14 01:00:00,0.0,0.0,0.0,0.0,16.0,76,11.2,320,1008.2,0,0,0,0,0.0,0.0,43.6591,-70.2568,2022,6,14,1
2022-06-14 02:00:00,0.0,0.0,0.0,0.0,15.3,79,11.5,309,1008.0,0,0,0,0,0.0,0.0,43.6591,-70.2568,2022,6,14,2
2022-06-14 03:00:00,0.0,0.0,0.0,0.0,14.8,82,12.6,297,1008.1,0,0,0,0,0.0,0.0,43.6591,-70.2568,2022,6,14,3
2022-06-14 04:00:00,0.0,0.0,0.0,0.0,14.5,81,12.9,300,1008.1,0,0,0,0,0.0,0.0,43.6591,-70.2568,2022,6,14,4
2022-06-14 05:00:00,0.0,0.0,0.0,0.0,14.2,82,12.6,307,1007.8,0,0,0,0,0.0,0.0,43.6591,-70.2568,2022,6,14,5
2022-06-14 06:00:00,37.0,19.0,18.0,206.3,14.7,81,12.5,309,1007.9,0,0,0,0,0.0,3329.55,43.6591,-70.2568,2022,6,14,6
2022-06-14 07:00:00,172.0,116.0,56.0,484.2,16.5,79,11.0,311,1007.4,0,0,0,0,0.0,3600.0,43.6591,-70.2568,2022,6,14,7
2022-06-14 08:00:00,347.0,269.0,78.0,653.0,18.5,69,10.4,314,1007.6,0,0,0,0,0.0,3600.0,43.6591,-70.2568,2022,6,14,8
2022-06-14 09:00:00,524.0,432.0,92.0,751.6,20.5,59,13.8,319,1007.5,0,0,0,0,0.0,3600.0,43.6591,-70.2568,2022,6,14,9
2022-06-14 10:00:00,684.0,581.0,103.0,810.2,22.0,50,15.2,324,1007.3,0,0,0,0,0.0,3600.0,43.6591,-70.2568,2022,6,14,10
2022-06-14 11:00:00,812.0,702.0,110.0,846.7,23.4,44,18.0,323,1007.2,54,40,52,0,0.0,3600.0,43.6591,-70.2568,2022,6,14,11
2022-06-14 12:00:00,644.0,361.0,283.0,399.7,23.6,43,18.4,325,1007.1,73,0,59,35,0.0,3600.0,43.6591,-70.2568,2022,6,14,12
2022-06-14 13:00:00,620.0,222.0,398.0,237.6,24.5,40,18.5,331,1006.8,96,0,93,42,0.0,3600.0,43.6591,-70.2568,2022,6,14,13
2022-06-14 14:00:00,661.0,350.0,311.0,380.2,24.9,39,18.8,334,1006.7,99,0,99,0,0.0,3600.0,43.6591,-70.2568,2022,6,14,14
2022-06-14 15:00:00,561.0,229.0,332.0,265.5,24.9,40,18.5,336,1006.8,73,4,71,7,0.0,3600.0,43.6591,-70.2568,2022,6,14,15
2022-06-14 16:00:00,498.0,232.0,266.0,303.5,24.8,41,16.9,331,1006.8,71,0,71,0,0.0,3600.0,43.6591,-70.2568,2022,6,14,16
2022-06-14 17:00:00,393.0,216.0,177.0,341.3,24.3,45,15.7,328,1006.8,23,0,23,0,0.0,3600.0,43.6591,-70.2568,2022,6,14,17
2022-06-14 18:00:00,348.0,251.0,97.0,526.5,23.5,51,12.8,320,1007.0,33,0,32,1,0.0,3600.0,43.6591,-70.2568,2022,6,14,18
2022-06-14 19:00:00,195.0,123.0,72.0,401.0,22.3,57,11.5,311,1007.5,47,2,45,1,0.0,3600.0,43.6591,-70.2568,2022,6,14,19
2022-06-14 20:00:00,62.0,28.0,34.0,208.2,21.2,60,12.9,330,1008.4,41,0,29,0,0.0,3600.0,43.6591,-70.2568,2022,6,14,20
2022-06-14 21:00:00,3.0,0.0,3.0,0.0,19.3,68,10.0,345,1008.8,1,0,1,0,0.0,0.0,43.6591,-70.2568,2022,6,14,21
2022-06-14 22:00:00,0.0,0.0,0.0,0.0,17.9,74,10.9,351,1009.8,7,7,0,0,0.0,0.0,43.6591,-70.2568,2022,6,14,22
2022-06-14 23:00:00,0.0,0.0,0.0,0.0,17.5,73,13.0,360,1010.1,0,0,0,0,0.0,0.0,43.6591,-70.2568,2022,6,14,23
2022-06-15 00:00:00,0.0,0.0,0.0,0.0,17.0,74,12.7,8,1010.5,1,1,0,0,0.0,0.0,43.6591,-70.2568,2022,6,15,0
2022-06-15 01:00:00,0.0,0.0,0.0,0.0,16.4,77,12.2,14,1011.2,6,6,0,0,0.0,0.0,43.6591,-70.2568,2022,6,15,1
2022-06-15 02:00:00,0.0,0.0,0.0,0.0,15.5,82,10.5,4,1011.5,0,0,0,0,0.0,0.0,43.6591,-70.2568,2022,6,15,2
2022-06-15 03:00:00,0.0,0.0,0.0,0.0,14.8,86,10.8,358,1012.2,0,0,0,0,0.0,0.0,43.6591,-70.2568,2022,6,15,3
2022-06-15 04:00:00,0.0,0.0,0.0,0.0,14.4,89,10.5,354,1012.9,0,0,0,0,0.0,0.0,43.6591,-70.2568,2022,6,15,4
2022-06-15 05:00:00,0.0,0.0,0.0,0.0,14.1,91,11.2,354,1013.6,0,0,0,0,0.0,0.0,43.6591,-70.2568,2022,6,15,5
2022-06-15 06:00:00,35.0,16.0,19.0,173.9,14.6,89,11.2,356,1014.3,10,0,0,10,0.0,3330.0,43.6591,-70.2568,2022,6,15,6
2022-06-15 07:00:00,163.0,102.0,61.0,425.9,16.2,84,9.0,2,1014.6,0,0,0,0,0.0,3600.0,43.6591,-70.2568,2022,6,15,7
2022-06-15 08:00:00,335.0,250.0,85.0,607.1,17.6,76,8.9,21,1015.6,0,0,0,0,0.0,3600.0,43.6591,-70.2568,2022,6,15,8
2022-06-15 09:00:00,512.0,413.0,99.0,718.7,19.3,66,9.6,34,1016.1,0,0,0,0,0.0,3600.0,43.6591,-70.2568,2022,6,15,9
2022-06-15 10:00:00,674.0,566.0,108.0,789.4,20.5,62,8.4,59,1016.0,0,0,0,0,0.0,3600.0,43.6591,-70.2568,2022,6,15,10
2022-06-15 11:00:00,801.0,685.0,116.0,826.2,21.5,58,6.5,87,1015.9,5,0,0,5,0.0,3600.0,43.6591,-70.2568,2022,6,15,11
2022-06-15 12:00:00,886.0,766.0,120.0,847.9,22.6,54,6.2,97,1016.1,63,25,1,51,0.0,3600.0,43.6591,-70.2568,2022,6,15,12
2022-06-15 13:00:00,808.0,626.0,182.0,669.7,22.8,54,9.2,121,1016.4,93,89,53,30,0.0,3600.0,43.6591,-70.2568,2022,6,15,13
2022-06-15 14:00:00,694.0,406.0,288.0,440.8,22.2,60,10.6,125,1016.4,87,8,44,76,0.0,3600.0,43.6591,-70.2568,2022,6,15,14
2022-06-15 15:00:00,745.0,512.0,233.0,593.2,22.5,58,8.7,128,1016.6,100,3,22,100,0.0,3600.0,43.6591,-70.2568,2022,6,15,15
2022-06-15 16:00:00,637.0,446.0,191.0,582.9,21.7,61,10.9,134,1016.3,100,0,28,100,0.0,3600.0,43.6591,-70.2568,2022,6,15,16
2022-06-15 17:00:00,435.0,191.0,244.0,301.4,20.8,64,11.4,162,1016.2,100,0,33,100,0.0,3600.0,43.6591,-70.2568,2022,6,15,17
2022-06-15 18:00:00,283.0,98.0,185.0,205.2,20.2,64,10.5,176,1016.3,100,0,0,100,0.0,3600.0,43.6591,-70.2568,2022,6,15,18
2022-06-15 19:00:00,162.0,34.0,128.0,110.5,19.5,71,9.7,207,1016.6,100,0,1,100,0.0,1514.12,43.6591,-70.2568,2022,6,15,19
2022-06-15 20:00:00,57.0,6.0,51.0,44.3,19.0,70,10.2,198,1017.6,86,0,0,83,0.0,0.0,43.6591,-70.2568,2022,6,15,20
2022-06-15 21:00:00,3.0,0.0,3.0,0.0,17.2,76,10.5,211,1017.8,94,0,0,94,0.0,0.0,43.6591,-70.2568,2022,6,15,21
2022-06-15 22:00:00,0.0,0.0,0.0,0.0,16.7,78,9.4,223,1018.1,75,0,0,75,0.0,0.0,43.6591,-70.2568,2022,6,15,22
2022-06-15 23:00:00,0.0,0.0,0.0,0.0,16.1,80,9.7,239,1018.0,50,0,0,50,0.0,0.0,43.6591,-70.2568,2022,6,15,23
2022-06-16 00:00:00,0.0,0.0,0.0,0.0,15.6,82,7.1,229,1018.2,6,0,0,6,0.0,0.0,43.6591,-70.2568,2022,6,16,0
2022-06-16 01:00:00,0.0,0.0,0.0,0.0,15.2,83,9.7,225,1018.0,26,0,0,26,0.0,0.0,43.6591,-70.2568,2022,6,16,1
2022-06-16 02:00:00,0.0,0.0,0.0,0.0,14.7,83,10.8,240,1018.2,89,0,0,89,0.0,0.0,43.6591,-70.2568,2022,6,16,2
2022-06-16 03:00:00,0.0,0.0,0.0,0.0,14.3,83,10.1,253,1018.0,97,0,0,97,0.0,0.0,43.6591,-70.2568,2022,6,16,3
2022-06-16 04:00:00,0.0,0.0,0.0,0.0,14.0,84,10.8,240,1017.7,57,0,13,54,0.0,0.0,43.6591,-70.2568,2022,6,16,4
2022-06-16 05:00:00,0.0,0.0,0.0,0.0,13.8,84,8.5,242,1017.8,100,0,100,49,0.0,0.0,43.6591,-70.2568,2022,6,16,5
2022-06-16 06:00:00,18.0,2.0,16.0,21.8,14.8,80,8.9,227,1017.7,2,0,2,0,0.0,0.0,43.6591,-70.2568,2022,6,16,6
2022-06-16 07:00:00,171.0,115.0,56.0,480.7,16.4,78,10.0,229,1018.4,97,0,13,96,0.0,3600.0,43.6591,-70.2568,2022,6,16,7
2022-06-16 08:00:00,322.0,211.0,111.0,512.7,18.6,71,9.0,180,1017.9,31,0,21,76,0.0,3600.0,43.6591,-70.2568,2022,6,16,8
2022-06-16 09:00:00,480.0,346.0,134.0,602.4,19.9,68,12.6,182,1018.0,100,0,95,100,0.0,3600.0,43.6591,-70.2568,2022,6,16,9
2022-06-16 10:00:00,575.0,331.0,244.0,461.8,20.9,65,14.4,180,1017.3,100,0,100,100,0.0,3600.0,43.6591,-70.2568,2022,6,16,10
2022-06-16 11:00:00,509.0,159.0,350.0,191.8,20.4,68,15.9,175,1016.9,80,1,74,27,0.0,3600.0,43.6591,-70.2568,2022,6,16,11
2022-06-16 12:00:00,608.0,360.0,248.0,398.5,20.7,63,20.9,176,1016.2,100,17,75,98,0.0,3600.0,43.6591,-70.2568,2022,6,16,12
2022-06-16 13:00:00,832.0,542.0,290.0,579.8,21.3,56,23.8,178,1015.3,100,100,100,32,0.0,3600.0,43.6591,-70.2568,2022,6,16,13
2022-06-16 14:00:00,373.0,39.0,334.0,42.3,19.5,67,22.0,181,1014.2,74,1,74,2,0.0,0.0,43.6591,-70.2568,2022,6,16,14
2022-06-16 15:00:00,724.0,457.0,267.0,529.1,21.4,59,24.5,184,1013.5,73,13,53,32,0.0,3600.0,43.6591,-70.2568,2022,6,16,15
2022-06-16 16:00:00,633.0,414.0,219.0,540.6,20.8,61,23.8,180,1012.3,99,1,12,99,0.0,3600.0,43.6591,-70.2568,2022,6,16,16
2022-06-16 17:00:00,531.0,379.0,152.0,597.3,20.1,63,25.2,178,1011.4,36,15,35,0,0.0,3600.0,43.6591,-70.2568,2022,6,16,17
2022-06-16 18:00:00,347.0,225.0,122.0,470.1,19.2,66,23.8,178,1010.7,21,12,20,0,0.0,3600.0,43.6591,-70.2568,2022,6,16,18
2022-06-16 19:00:00,212.0,136.0,76.0,440.5,18.1,72,21.6,176,1009.9,5,2,5,0,0.0,3600.0,43.6591,-70.2568,2022,6,16,19
2022-06-16 20:00:00,76.0,40.0,36.0,293.0,17.4,78,21.1,188,1010.6,100,37,62,13,0.0,3600.0,43.6591,-70.2568,2022,6,16,20
2022-06-16 21:00:00,2.0,0.0,2.0,0.0,15.9,90,23.2,187,1010.0,74,6,34,59,2.9,0.0,43.6591,-70.2568,2022,6,16,21
2022-06-16 22:00:00,0.0,0.0,0.0,0.0,15.6,92,23.1,184,1009.5,100,22,0,100,0.0,0.0,43.6591,-70.2568,2022,6,16,22
2022-06-16 23:00:00,0.0,0.0,0.0,0.0,15.9,91,22.4,195,1008.1,100,0,24,100,0.0,0.0,43.6591,-70.2568,2022,6,16,23
2022-06-17 00:00:00,0.0,0.0,0.0,0.0,16.2,90,20.4,197,1008.0,100,30,48,99,0.0,0.0,43.6591,-70.2568,2022,6,17,0
2022-06-17 01:00:00,0.0,0.0,0.0,0.0,16.3,88,17.8,201,1006.9,84,6,18,79,0.0,0.0,43.6591,-70.2568,2022,6,17,1
2022-06-17 02:00:00,0.0,0.0,0.0,0.0,16.3,87,16.6,202,1005.8,96,12,25,95,0.0,0.0,43.6591,-70.2568,2022,6,17,2
2022-06-17 03:00:00,0.0,0.0,0.0,0.0,16.2,86,17.2,206,1004.4,99,75,33,92,0.0,0.0,43.6591,-70.2568,2022,6,17,3
2022-06-17 04:00:00,0.0,0.0,0.0,0.0,16.2,87,16.9,209,1003.4,99,99,18,19,0.6,0.0,43.6591,-70.2568,2022,6,17,4
2022-06-17 05:00:00,0.0,0.0,0.0,0.0,16.0,91,16.0,203,1002.7,100,100,14,0,0.0,0.0,43.6591,-70.2568,2022,6,17,5
2022-06-17 06:00:00,18.0,1.0,17.0,10.9,16.4,91,15.5,205,1002.5,99,99,3,0,0.0,0.0,43.6591,-70.2568,2022,6,17,6
2022-06-17 07:00:00,90.0,7.0,83.0,29.3,17.7,88,15.1,208,1001.8,20,20,0,0,0.0,0.0,43.6591,-70.2568,2022,6,17,7
2022-06-17 08:00:00,324.0,228.0,96.0,554.5,19.9,81,13.9,205,1000.6,21,1,0,0,0.0,3600.0,43.6591,-70.2568,2022,6,17,8
2022-06-17 09:00:00,515.0,423.0,92.0,736.8,22.4,75,14.6,213,1000.0,100,3,100,0,0.0,3600.0,43.6591,-70.2568,2022,6,17,9
2022-06-17 10:00:00,522.0,252.0,270.0,351.7,24.2,71,11.8,220,999.2,30,3,28,0,0.0,3600.0,43.6591,-70.2568,2022,6,17,10
2022-06-17 11:00:00,718.0,543.0,175.0,655.1,26.4,64,13.2,209,998.3,15,1,6,8,0.0,3600.0,43.6591,-70.2568,2022,6,17,11
2022-06-17 12:00:00,834.0,691.0,143.0,764.9,27.5,60,13.7,215,997.3,61,0,23,50,0.2,3600.0,43.6591,-70.2568,2022,6,17,12
2022-06-17 13:00:00,731.0,522.0,209.0,558.3,25.6,71,12.5,226,997.1,32,0,32,0,1.2,3600.0,43.6591,-70.2568,2022,6,17,13
2022-06-17 14:00:00,760.0,586.0,174.0,635.8,25.5,64,14.3,225,996.4,40,23,36,1,0.2,3600.0,43.6591,-70.2568,2022,6,17,14
2022-06-17 15:00:00,712.0,565.0,147.0,653.8,28.0,42,14.0,247,995.0,14,0,14,0,0.0,3600.0,43.6591,-70.2568,2022,6,17,15
2022-06-17 16:00:00,698.0,591.0,107.0,771.1,28.5,33,17.3,253,994.4,24,0,24,0,0.0,3600.0,43.6591,-70.2568,2022,6,17,16
2022-06-17 17:00:00,524.0,409.0,115.0,643.8,27.3,48,13.8,237,993.6,12,0,12,0,0.0,3600.0,43.6591,-70.2568,2022,6,17,17
2022-06-17 18:00:00,395.0,311.0,84.0,648.6,27.3,36,16.2,267,993.6,17,0,1,17,0.0,3600.0,43.6591,-70.2568,2022,6,17,18
2022-06-17 19:00:00,230.0,160.0,70.0,516.7,25.5,41,15.9,276,994.2,34,0,13,25,0.0,3600.0,43.6591,-70.2568,2022,6,17,19
2022-06-17 20:00:00,75.0,38.0,37.0,276.4,22.3,60,6.9,279,995.0,40,0,5,94,0.0,3600.0,43.6591,-70.2568,2022,6,17,20
2022-06-17 21:00:00,3.0,0.0,3.0,0.0,20.1,68,12.6,239,995.4,22,0,2,20,0.0,0.0,43.6591,-70.2568,2022,6,17,21
2022-06-17 22:00:00,0.0,0.0,0.0,0.0,20.1,63,14.9,255,995.4,17,0,6,12,0.0,0.0,43.6591,-70.2568,2022,6,17,22
2022-06-17 23:00:00,0.0,0.0,0.0,0.0,19.3,66,14.9,255,994.8,72,0,0,72,0.0,0.0,43.6591,-70.2568,2022,6,17,23
2022-06-18 00:00:00,0.0,0.0,0.0,0.0,18.8,68,13.9,253,994.3,10,0,7,3,0.0,0.0,43.6591,-70.2568,2022,6,18,0
2022-06-18 01:00:00,0.0,0.0,0.0,0.0,19.0,64,15.0,259,993.8,7,0,0,7,0.0,0.0,43.6591,-70.2568,2022,6,18,1
2022-06-18 02:00:00,0.0,0.0,0.0,0.0,18.4,65,12.3,267,993.6,0,0,0,0,0.0,0.0,43.6591,-70.2568,2022,6,18,2
2022-06-18 03:00:00,0.0,0.0,0.0,0.0,17.3,70,12.6,268,993.6,1,1,1,0,0.0,0.0,43.6591,-70.2568,2022,6,18,3
2022-06-18 04:00:00,0.0,0.0,0.0,0.0,17.0,71,13.7,275,993.6,22,1,11,12,0.0,0.0,43.6591,-70.2568,2022,6,18,4
2022-06-18 05:00:00,0.0,0.0,0.0,0.0,16.8,74,14.8,304,994.3,100,11,100,19,0.0,0.0,43.6591,-70.2568,2022,6,18,5
2022-06-18 06:00:00,23.0,5.0,18.0,54.6,15.6,72,19.2,334,995.6,100,6,100,1,0.1,179.74,43.6591,-70.2568,2022,6,18,6
2022-06-18 07:00:00,51.0,9.0,42.0,37.7,13.7,60,20.9,331,996.3,45,4,42,0,0.0,0.0,43.6591,-70.2568,2022,6,18,7
2022-06-18 08:00:00,329.0,226.0,103.0,550.2,13.5,62,17.6,332,997.2,48,1,33,99,0.0,3600.0,43.6591,-70.2568,2022,6,18,8
2022-06-18 09:00:00,470.0,310.0,160.0,540.3,15.7,53,19.4,310,997.5,98,67,23,91,0.0,3600.0,43.6591,-70.2568,2022,6,18,9
2022-06-18 10:00:00,438.0,194.0,244.0,270.9,16.2,51,20.8,307,997.3,98,70,1,92,0.0,3600.0,43.6591,-70.2568,2022,6,18,10
2022-06-18 11:00:00,533.0,235.0,298.0,283.6,16.8,48,22.5,305,997.3,85,57,4,63,0.0,3600.0,43.6591,-70.2568,2022,6,18,11
2022-06-18 12:00:00,704.0,421.0,283.0,466.1,17.7,47,23.6,304,997.4,95,93,34,20,0.0,3600.0,43.6591,-70.2568,2022,6,18,12
2022-06-18 13:00:00,642.0,216.0,426.0,231.0,18.2,46,22.5,302,997.6,100,100,84,0,0.0,3600.0,43.6591,-70.2568,2022,6,18,13
2022-06-18 14:00:00,416.0,78.0,338.0,84.6,17.7,48,22.8,301,998.0,100,100,96,0,0.0,738.23,43.6591,-70.2568,2022,6,18,14
2022-06-18 15:00:00,318.0,43.0,275.0,49.7,17.1,50,22.2,299,998.8,100,100,100,0,0.0,0.0,43.6591,-70.2568,2022,6,18,15
2022-06-18 16:00:00,212.0,0.0,212.0,0.0,16.3,53,22.4,296,999.4,100,0,100,0,0.0,0.0,43.6591,-70.2568,2022,6,18,16
2022-06-18 17:00:00,257.0,37.0,220.0,58.2,15.8,54,23.2,294,999.2,72,42,51,0,0.0,0.0,43.6591,-70.2568,2022,6,18,17
2022-06-18 18:00:00,360.0,210.0,150.0,437.3,15.6,56,22.7,295,999.6,29,12,20,0,0.0,3600.0,43.6591,-70.2568,2022,6,18,18
2022-06-18 19:00:00,208.0,116.0,92.0,373.6,15.0,60,19.9,287,999.8,38,2,36,0,0.0,3600.0,43.6591,-70.2568,2022,6,18,19
2022-06-18 20:00:00,62.0,20.0,42.0,144.6,14.9,62,19.7,308,1000.0,82,59,66,0,0.0,2537.3,43.6591,-70.2568,2022,6,18,20
2022-06-18 21:00:00,3.0,0.0,3.0,0.0,14.2,64,22.2,317,1000.4,100,36,100,5,0.0,0.0,43.6591,-70.2568,2022,6,18,21
2022-06-18 22:00:00,0.0,0.0,0.0,0.0,13.8,67,22.8,321,1001.1,100,44,100,8,0.0,0.0,43.6591,-70.2568,2022,6,18,22
2022-06-18 23:00:00,0.0,0.0,0.0,0.0,13.4,70,20.6,327,1001.4,100,10,100,17,0.0,0.0,43.6591,-70.2568,2022,6,18,23
2022-06-19 00:00:00,0.0,0.0,0.0,0.0,13.3,68,20.9,336,1001.7,100,9,100,3,0.0,0.0,43.6591,-70.2568,2022,6,19,0
2022-06-19 01:00:00,0.0,0.0,0.0,0.0,13.3,65,19.4,338,1001.9,85,15,84,0,0.0,0.0,43.6591,-70.2568,2022,6,19,1
2022-06-19 02:00:00,0.0,0.0,0.0,0.0,13.1,64,17.4,336,1002.0,75,8,69,17,0.0,0.0,43.6591,-70.2568,2022,6,19,2
2022-06-19 03:00:00,0.0,0.0,0.0,0.0,12.7,66,16.4,331,1002.3,100,15,100,100,0.0,0.0,43.6591,-70.2568,2022,6,19,3
2022-06-19 04:00:00,0.0,0.0,0.0,0.0,13.0,64,18.0,327,1002.4,100,6,100,99,0.0,0.0,43.6591,-70.2568,2022,6,19,4
2022-06-19 05:00:00,0.0,0.0,0.0,0.0,12.5,67,18.2,326,1002.6,100,9,100,100,0.1,0.0,43.6591,-70.2568,2022,6,19,5
2022-06-19 06:00:00,12.0,0.0,12.0,0.0,12.5,67,16.7,323,1003.1,100,8,100,100,0.3,0.0,43.6591,-70.2568,2022,6,19,6
2022-06-19 07:00:00,43.0,0.0,43.0,0.0,12.9,62,16.8,329,1003.5,100,12,100,100,0.1,0.0,43.6591,-70.2568,2022,6,19,7
2022-06-19 08:00:00,62.0,0.0,62.0,0.0,12.1,73,14.5,316,1004.0,100,4,99,100,0.0,0.0,43.6591,-70.2568,2022,6,19,8
2022-06-19 09:00:00,145.0,6.0,139.0,10.5,12.0,72,16.5,324,1004.3,100,40,100,100,0.3,0.0,43.6591,-70.2568,2022,6,19,9
2022-06-19 10:00:00,343.0,66.0,277.0,92.2,12.8,66,18.6,324,1004.5,100,26,100,99,0.2,965.92,43.6591,-70.2568,2022,6,19,10
2022-06-19 11:00:00,269.0,7.0,262.0,8.5,13.5,57,21.6,334,1005.1,100,100,100,100,0.0,0.0,43.6591,-70.2568,2022,6,19,11
2022-06-19 12:00:00,128.0,0.0,128.0,0.0,13.5,54,19.3,336,1005.7,100,100,100,100,0.0,0.0,43.6591,-70.2568,2022,6,19,12
2022-06-19 13:00:00,139.0,11.0,128.0,11.8,13.5,53,19.9,328,1006.5,100,100,100,100,0.0,0.0,43.6591,-70.2568,2022,6,19,13
2022-06-19 14:00:00,138.0,1.0,137.0,1.1,13.2,54,19.6,334,1006.9,100,100,100,100,0.0,0.0,43.6591,-70.2568,2022,6,19,14
2022-06-19 15:00:00,156.0,2.0,154.0,2.3,13.2,58,16.6,338,1007.3,100,83,100,100,0.1,0.0,43.6591,-70.2568,2022,6,19,15
2022-06-19 16:00:00,150.0,0.0,150.0,0.0,13.6,58,15.6,341,1007.8,100,74,100,77,0.0,0.0,43.6591,-70.2568,2022,6,19,16
2022-06-19 17:00:00,165.0,3.0,162.0,4.7,13.4,65,13.6,348,1008.2,100,70,100,100,0.5,0.0,43.6591,-70.2568,2022,6,19,17
2022-06-19 18:00:00,103.0,1.0,102.0,2.1,12.9,72,12.8,338,1008.4,100,3,100,32,0.4,0.0,43.6591,-70.2568,2022,6,19,18
2022-06-19 19:00:00,43.0,0.0,43.0,0.0,12.1,76,13.2,343,1009.0,100,6,100,12,0.0,0.0,43.6591,-70.2568,2022,6,19,19
2022-06-19 20:00:00,19.0,0.0,19.0,0.0,11.1,78,18.3,344,1009.6,100,6,100,0,0.0,0.0,43.6591,-70.2568,2022,6,19,20
2022-06-19 21:00:00,1.0,0.0,1.0,0.0,11.4,73,16.5,344,1009.8,100,2,100,13,0.0,0.0,43.6591,-70.2568,2022,6,19,21
2022-06-19 22:00:00,0.0,0.0,0.0,0.0,11.7,69,15.0,343,1010.1,100,0,100,63,0.0,0.0,43.6591,-70.2568,2022,6,19,22
2022-06-19 23:00:00,0.0,0.0,0.0,0.0,11.8,68,12.2,336,1010.2,100,0,100,94,0.0,0.0,43.6591,-70.2568,2022,6,19,23
2022-06-20 00:00:00,0.0,0.0,0.0,0.0,11.8,69,10.7,312,1010.6,100,0,100,97,0.0,0.0,43.6591,-70.2568,2022,6,20,0
2022-06-20 01:00:00,0.0,0.0,0.0,0.0,11.8,71,11.3,301,1010.7,100,4,100,86,0.0,0.0,43.6591,-70.2568,2022,6,20,1
2022-06-20 02:00:00,0.0,0.0,0.0,0.0,11.9,71,11.4,294,1010.5,100,5,22,100,0.0,0.0,43.6591,-70.2568,2022,6,20,2
2022-06-20 03:00:00,0.0,0.0,0.0,0.0,11.0,77,11.3,292,1010.5,99,0,36,98,0.0,0.0,43.6591,-70.2568,2022,6,20,3
2022-06-20 04:00:00,0.0,0.0,0.0,0.0,10.3,81,10.4,290,1010.6,95,0,3,95,0.0,0.0,43.6591,-70.2568,2022,6,20,4
2022-06-20 05:00:00,0.0,0.0,0.0,0.0,9.5,86,10.5,292,1011.0,98,0,0,98,0.0,0.0,43.6591,-70.2568,2022,6,20,5
2022-06-20 06:00:00,36.0,16.0,20.0,175.6,10.0,86,11.3,297,1012.0,11,0,0,11,0.0,3297.75,43.6591,-70.2568,2022,6,20,6
2022-06-20 07:00:00,176.0,119.0,57.0,500.9,12.3,80,8.6,303,1012.4,0,0,0,0,0.0,3600.0,43.6591,-70.2568,2022,6,20,7
2022-06-20 08:00:00,355.0,278.0,77.0,678.5,14.5,69,9.3,306,1013.0,0,0,0,0,0.0,3600.0,43.6591,-70.2568,2022,6,20,8
2022-06-20 09:00:00,536.0,444.0,92.0,775.2,16.7,52,12.1,330,1013.0,0,0,0,0,0.0,3600.0,43.6591,-70.2568,2022,6,20,9
2022-06-20 10:00:00,701.0,600.0,101.0,838.7,18.2,45,13.1,339,1012.9,0,0,0,0,0.0,3600.0,43.6591,-70.2568,2022,6,20,10
2022-06-20 11:00:00,832.0,724.0,108.0,874.3,19.7,39,15.1,342,1012.8,0,0,0,0,0.0,3600.0,43.6591,-70.2568,2022,6,20,11
2022-06-20 12:00:00,919.0,806.0,113.0,892.6,20.9,36,16.1,336,1012.8,0,0,0,0,0.0,3600.0,43.6591,-70.2568,2022,6,20,12
2022-06-20 13:00:00,956.0,842.0,114.0,900.4,22.0,32,14.2,339,1012.7,0,0,0,0,0.0,3600.0,43.6591,-70.2568,2022,6,20,13
2022-06-20 14:00:00,941.0,828.0,113.0,897.8,22.4,32,11.7,342,1012.5,0,0,0,0,0.0,3600.0,43.6591,-70.2568,2022,6,20,14
2022-06-20 15:00:00,871.0,762.0,109.0,880.6,22.7,31,6.6,331,1012.9,20,0,0,20,0.0,3600.0,43.6591,-70.2568,2022,6,20,15
2022-06-20 16:00:00,755.0,649.0,106.0,845.0,21.2,41,6.8,155,1012.8,3,0,3,0,0.0,3600.0,43.6591,-70.2568,2022,6,20,16
2022-06-20 17:00:00,598.0,498.0,100.0,781.5,19.7,54,9.7,141,1013.1,7,0,7,0,0.0,3600.0,43.6591,-70.2568,2022,6,20,17
2022-06-20 18:00:00,402.0,300.0,102.0,622.8,18.0,62,12.7,145,1013.6,3,0,3,0,0.0,3600.0,43.6591,-70.2568,2022,6,20,18
2022-06-20 19:00:00,238.0,168.0,70.0,538.4,15.4,67,12.6,156,1014.1,4,0,4,0,0.0,3600.0,43.6591,-70.2568,2022,6,20,19
2022-06-20 20:00:00,85.0,48.0,37.0,343.2,14.8,72,11.5,178,1014.8,12,0,1,36,0.0,3600.0,43.6591,-70.2568,2022,6,20,20
2022-06-20 21:00:00,4.0,1.0,3.0,19.1,13.4,76,8.6,195,1015.7,81,0,1,81,0.0,0.0,43.6591,-70.2568,2022,6,20,21
2022-06-20 22:00:00,0.0,0.0,0.0,0.0,13.3,79,8.7,218,1016.2,42,0,0,42,0.0,0.0,43.6591,-70.2568,2022,6,20,22
2022-06-20 23:00:00,0.0,0.0,0.0,0.0,12.7,79,10.0,221,1016.3,86,0,0,86,0.0,0.0,43.6591,-70.2568,2022,6,20,23
2022-06-21 00:00:00,0.0,0.0,0.0,0.0,11.8,86,4.4,145,1016.8,48,0,0,48,0.0,0.0,43.6591,-70.2568,2022,6,21,0
2022-06-21 01:00:00,0.0,0.0,0.0,0.0,11.3,91,6.6,119,1017.0,42,0,0,42,0.0,0.0,43.6591,-70.2568,2022,6,21,1
2022-06-21 02:00:00,0.0,0.0,0.0,0.0,11.2,91,6.2,126,1016.9,30,0,0,30,0.0,0.0,43.6591,-70.2568,2022,6,21,2
2022-06-21 03:00:00,0.0,0.0,0.0,0.0,10.9,93,8.1,135,1016.8,100,0,0,100,0.0,0.0,43.6591,-70.2568,2022,6,21,3
2022-06-21 04:00:00,0.0,0.0,0.0,0.0,12.6,89,4.2,200,1017.2,95,0,0,95,0.0,0.0,43.6591,-70.2568,2022,6,21,4
2022-06-21 05:00:00,0.0,0.0,0.0,0.0,10.0,96,3.8,287,1017.4,92,0,0,92,0.0,0.0,43.6591,-70.2568,2022,6,21,5
2022-06-21 06:00:00,33.0,11.0,22.0,121.1,10.8,97,2.9,300,1017.8,0,0,0,0,0.0,2404.83,43.6591,-70.2568,2022,6,21,6
2022-06-21 07:00:00,157.0,94.0,63.0,396.8,13.3,89,1.1,252,1018.0,0,0,0,0,0.0,3600.0,43.6591,-70.2568,2022,6,21,7
2022-06-21 08:00:00,331.0,235.0,96.0,574.4,14.7,80,3.3,131,1018.8,1,1,0,0,0.0,3600.0,43.6591,-70.2568,2022,6,21,8
2022-06-21 09:00:00,521.0,424.0,97.0,741.0,16.4,68,5.9,133,1018.8,0,0,0,0,0.0,3600.0,43.6591,-70.2568,2022,6,21,9
2022-06-21 10:00:00,682.0,573.0,109.0,801.5,17.4,61,8.7,132,1018.8,1,1,0,0,0.0,3600.0,43.6591,-70.2568,2022,6,21,10
2022-06-21 11:00:00,808.0,696.0,112.0,840.9,17.9,57,12.0,139,1018.6,0,0,0,0,0.0,3600.0,43.6591,-70.2568,2022,6,21,11
2022-06-21 12:00:00,894.0,777.0,117.0,860.6,18.4,53,13.7,145,1018.5,0,0,0,0,0.0,3600.0,43.6591,-70.2568,2022,6,21,12
2022-06-21 13:00:00,932.0,813.0,119.0,869.4,18.6,53,15.0,150,1018.3,0,0,0,0,0.0,3600.0,43.6591,-70.2568,2022,6,21,13
2022-06-21 14:00:00,915.0,798.0,117.0,865.1,18.7,54,16.1,153,1018.1,0,0,0,0,0.0,3600.0,43.6591,-70.2568,2022,6,21,14
2022-06-21 15:00:00,841.0,720.0,121.0,831.8,18.6,55,16.9,156,1017.8,0,0,0,0,0.0,3600.0,43.6591,-70.2568,2022,6,21,15
2022-06-21 16:00:00,734.0,623.0,111.0,810.6,18.0,58,15.3,150,1017.5,0,0,0,0,0.0,3600.0,43.6591,-70.2568,2022,6,21,16
2022-06-21 17:00:00,586.0,487.0,99.0,763.6,17.3,63,14.5,150,1016.8,5,0,5,0,0.0,3600.0,43.6591,-70.2568,2022,6,21,17
2022-06-21 18:00:00,406.0,315.0,91.0,653.1,16.4,69,13.7,153,1016.7,0,0,0,0,0.0,3600.0,43.6591,-70.2568,2022,6,21,18
2022-06-21 19:00:00,237.0,169.0,68.0,540.5,15.3,76,12.7,151,1016.5,2,0,2,0,0.0,3600.0,43.6591,-70.2568,2022,6,21,19
2022-06-21 20:00:00,83.0,46.0,37.0,327.5,13.7,86,10.6,156,1017.2,0,0,8,25,0.0,3600.0,43.6591,-70.2568,2022,6,21,20
2022-06-21 21:00:00,4.0,1.0,3.0,19.1,13.0,91,11.2,159,1017.6,21,0,0,21,0.0,0.0,43.6591,-70.2568,2022,6,21,21
2022-06-21 22:00:00,0.0,0.0,0.0,0.0,12.8,92,11.3,158,1017.9,24,0,0,24,0.0,0.0,43.6591,-70.2568,2022,6,21,22
2022-06-21 23:00:00,0.0,0.0,0.0,0.0,12.9,92,12.7,155,1017.7,0,0,0,0,0.0,0.0,43.6591,-70.2568,2022,6,21,23
2022-06-22 00:00:00,0.0,0.0,0.0,0.0,12.9,91,13.4,166,1017.4,0,0,0,0,0.0,0.0,43.6591,-70.2568,2022,6,22,0
2022-06-22 01:00:00,0.0,0.0,0.0,0.0,12.9,89,12.6,178,1017.1,0,0,0,0,0.0,0.0,43.6591,-70.2568,2022,6,22,1
2022-06-22 02:00:00,0.0,0.0,0.0,0.0,12.8,88,11.2,178,1016.7,86,0,0,86,0.0,0.0,43.6591,-70.2568,2022,6,22,2
2022-06-22 03:00:00,0.0,0.0,0.0,0.0,12.6,90,10.4,166,1016.6,89,0,0,89,0.0,0.0,43.6591,-70.2568,2022,6,22,3
2022-06-22 04:00:00,0.0,0.0,0.0,0.0,12.5,91,11.0,157,1016.5,34,0,0,34,0.0,0.0,43.6591,-70.2568,2022,6,22,4
2022-06-22 05:00:00,0.0,0.0,0.0,0.0,12.5,91,10.5,153,1016.5,68,0,0,68,0.0,0.0,43.6591,-70.2568,2022,6,22,5
2022-06-22 06:00:00,34.0,14.0,20.0,154.7,13.0,89,10.2,148,1016.8,62,0,0,62,0.0,3269.97,43.6591,-70.2568,2022,6,22,6
2022-06-22 07:00:00,160.0,97.0,63.0,410.6,14.5,81,9.7,141,1016.7,100,0,0,100,0.0,3600.0,43.6591,-70.2568,2022,6,22,7
2022-06-22 08:00:00,305.0,183.0,122.0,448.1,15.2,81,11.2,140,1017.4,90,50,0,34,0.0,3600.0,43.6591,-70.2568,2022,6,22,8
2022-06-22 09:00:00,434.0,261.0,173.0,456.7,16.1,75,14.0,136,1017.7,88,61,1,70,0.0,3600.0,43.6591,-70.2568,2022,6,22,9
2022-06-22 10:00:00,546.0,286.0,260.0,400.3,16.6,69,14.0,138,1017.8,95,60,0,88,0.0,3600.0,43.6591,-70.2568,2022,6,22,10
2022-06-22 11:00:00,701.0,448.0,253.0,541.5,17.2,65,15.0,138,1017.8,100,100,0,95,0.0,3600.0,43.6591,-70.2568,2022,6,22,11
2022-06-22 12:00:00,624.0,209.0,415.0,231.6,16.8,64,15.0,138,1017.8,100,100,0,68,0.0,3600.0,43.6591,-70.2568,2022,6,22,12
2022-06-22 13:00:00,716.0,337.0,379.0,360.4,16.8,66,14.8,137,1017.6,59,46,0,25,0.0,3600.0,43.6591,-70.2568,2022,6,22,13
2022-06-22 14:00:00,828.0,572.0,256.0,620.0,17.0,64,16.1,140,1017.3,18,18,0,0,0.0,3600.0,43.6591,-70.2568,2022,6,22,14
2022-06-22 15:00:00,854.0,724.0,130.0,836.2,16.9,65,16.4,140,1017.1,0,0,0,0,0.0,3600.0,43.6591,-70.2568,2022,6,22,15
2022-06-22 16:00:00,750.0,640.0,110.0,832.3,16.5,69,15.8,139,1016.8,0,0,0,0,0.0,3600.0,43.6591,-70.2568,2022,6,22,16
2022-06-22 17:00:00,602.0,503.0,99.0,788.0,16.0,71,14.3,137,1016.3,0,0,0,0,0.0,3600.0,43.6591,-70.2568,2022,6,22,17
2022-06-22 18:00:00,428.0,342.0,86.0,708.3,15.3,77,12.2,133,1016.3,25,0,0,25,0.0,3600.0,43.6591,-70.2568,2022,6,22,18
2022-06-22 19:00:00,246.0,178.0,68.0,568.2,14.5,84,8.9,122,1016.4,41,0,0,41,0.0,3600.0,43.6591,-70.2568,2022,6,22,19
2022-06-22 20:00:00,87.0,49.0,38.0,347.4,13.0,94,9.5,115,1016.4,0,9,0,28,0.0,3600.0,43.6591,-70.2568,2022,6,22,20
2022-06-22 21:00:00,4.0,1.0,3.0,19.1,12.3,98,10.2,122,1016.2,41,35,0,10,0.0,0.0,43.6591,-70.2568,2022,6,22,21
2022-06-22 22:00:00,0.0,0.0,0.0,0.0,12.7,96,8.8,125,1016.4,100,100,0,0,0.0,0.0,43.6591,-70.2568,2022,6,22,22
2022-06-22 23:00:00,0.0,0.0,0.0,0.0,13.2,94,7.6,115,1016.0,47,47,0,0,0.0,0.0,43.6591,-70.2568,2022,6,22,23
2022-06-23 00:00:00,0.0,0.0,0.0,0.0,12.9,96,7.6,121,1015.8,40,40,0,0,0.0,0.0,43.6591,-70.2568,2022,6,23,0
2022-06-23 01:00:00,0.0,0.0,0.0,0.0,12.9,96,6.6,119,1015.4,100,100,0,0,0.0,0.0,43.6591,-70.2568,2022,6,23,1
2022-06-23 02:00:00,0.0,0.0,0.0,0.0,13.2,97,6.5,124,1014.9,100,100,0,0,0.0,0.0,43.6591,-70.2568,2022,6,23,2
2022-06-23 03:00:00,0.0,0.0,0.0,0.0,13.8,95,5.9,137,1014.6,100,100,0,0,0.0,0.0,43.6591,-70.2568,2022,6,23,3
2022-06-23 04:00:00,0.0,0.0,0.0,0.0,14.1,96,6.5,146,1014.2,100,100,0,0,0.0,0.0,43.6591,-70.2568,2022,6,23,4
2022-06-23 05:00:00,0.0,0.0,0.0,0.0,14.5,96,8.4,155,1014.0,100,100,0,0,0.0,0.0,43.6591,-70.2568,2022,6,23,5
2022-06-23 06:00:00,16.0,2.0,14.0,22.2,15.1,96,9.9,170,1014.2,100,100,0,0,0.0,0.0,43.6591,-70.2568,2022,6,23,6
2022-06-23 07:00:00,81.0,7.0,74.0,29.7,15.8,93,10.2,172,1014.3,100,100,0,0,0.0,0.0,43.6591,-70.2568,2022,6,23,7
2022-06-23 08:00:00,160.0,14.0,146.0,34.3,15.7,91,8.8,161,1014.7,100,100,0,0,0.0,0.0,43.6591,-70.2568,2022,6,23,8
2022-06-23 09:00:00,148.0,11.0,137.0,19.3,16.3,89,8.3,162,1014.8,45,45,0,0,0.0,0.0,43.6591,-70.2568,2022,6,23,9
2022-06-23 10:00:00,494.0,237.0,257.0,332.0,18.4,76,11.9,155,1014.9,96,96,0,0,0.0,3600.0,43.6591,-70.2568,2022,6,23,10
2022-06-23 11:00:00,585.0,236.0,349.0,285.4,19.0,74,13.4,144,1015.0,78,77,5,0,0.0,3600.0,43.6591,-70.2568,2022,6,23,11
2022-06-23 12:00:00,769.0,498.0,271.0,551.9,19.3,74,13.6,143,1014.8,50,45,12,0,0.1,3600.0,43.6591,-70.2568,2022,6,23,12
2022-06-23 13:00:00,840.0,658.0,182.0,703.8,19.4,75,14.3,135,1014.3,38,34,8,0,0.0,3600.0,43.6591,-70.2568,2022,6,23,13
2022-06-23 14:00:00,885.0,721.0,164.0,781.5,19.4,74,15.0,134,1013.9,15,13,4,0,0.0,3600.0,43.6591,-70.2568,2022,6,23,14
2022-06-23 15:00:00,789.0,621.0,168.0,717.0,19.4,74,13.8,137,1013.6,8,0,7,0,0.0,3600.0,43.6591,-70.2568,2022,6,23,15
2022-06-23 16:00:00,708.0,583.0,125.0,757.9,19.0,75,13.4,144,1013.4,3,0,3,0,0.0,3600.0,43.6591,-70.2568,2022,6,23,16
2022-06-23 17:00:00,580.0,474.0,106.0,742.1,18.6,75,12.8,148,1013.1,22,1,22,0,0.0,3600.0,43.6591,-70.2568,2022,6,23,17
2022-06-23 18:00:00,401.0,303.0,98.0,626.9,17.6,77,10.2,148,1012.9,5,0,5,0,0.0,3600.0,43.6591,-70.2568,2022,6,23,18
2022-06-23 19:00:00,231.0,159.0,72.0,506.7,16.7,80,8.4,133,1012.9,51,0,8,47,0.0,3600.0,43.6591,-70.2568,2022,6,23,19
2022-06-23 20:00:00,81.0,40.0,41.0,282.7,15.1,89,7.0,111,1013.8,61,0,1,67,0.0,3600.0,43.6591,-70.2568,2022,6,23,20
2022-06-23 21:00:00,4.0,1.0,3.0,19.1,14.0,93,5.2,65,1014.0,22,0,2,21,0.0,0.0,43.6591,-70.2568,2022,6,23,21
2022-06-23 22:00:00,0.0,0.0,0.0,0.0,13.5,96,4.2,59,1014.1,75,9,21,68,0.0,0.0,43.6591,-70.2568,2022,6,23,22
2022-06-23 23:00:00,0.0,0.0,0.0,0.0,13.4,96,4.5,76,1013.8,100,0,24,100,0.0,0.0,43.6591,-70.2568,2022,6,23,23
2022-06-24 00:00:00,0.0,0.0,0.0,0.0,13.4,96,1.8,360,1013.3,100,0,32,100,0.0,0.0,43.6591,-70.2568,2022,6,24,0
2022-06-24 01:00:00,0.0,0.0,0.0,0.0,13.1,98,1.5,346,1012.8,100,0,47,100,0.0,0.0,43.6591,-70.2568,2022,6,24,1
2022-06-24 02:00:00,0.0,0.0,0.0,0.0,12.3,100,2.4,63,1012.6,100,100,52,97,0.0,0.0,43.6591,-70.2568,2022,6,24,2
2022-06-24 03:00:00,0.0,0.0,0.0,0.0,12.0,100,3.1,45,1012.4,100,100,57,86,0.0,0.0,43.6591,-70.2568,2022,6,24,3
2022-06-24 04:00:00,0.0,0.0,0.0,0.0,12.2,100,1.3,304,1012.0,100,100,100,98,0.0,0.0,43.6591,-70.2568,2022,6,24,4
2022-06-24 05:00:00,0.0,0.0,0.0,0.0,12.6,100,1.8,323,1011.9,100,100,89,0,0.0,0.0,43.6591,-70.2568,2022,6,24,5
2022-06-24 06:00:00,16.0,2.0,14.0,22.3,13.1,100,1.1,108,1012.1,100,100,29,0,0.0,0.0,43.6591,-70.2568,2022,6,24,6
2022-06-24 07:00:00,137.0,68.0,69.0,289.9,14.8,90,3.6,127,1012.4,33,12,27,0,0.0,3600.0,43.6591,-70.2568,2022,6,24,7
2022-06-24 08:00:00,299.0,187.0,112.0,459.6,16.9,79,2.2,180,1012.3,100,18,2,0,0.0,3600.0,43.6591,-70.2568,2022,6,24,8
2022-06-24 09:00:00,468.0,333.0,135.0,584.1,18.8,68,2.5,180,1012.4,1,0,1,0,0.0,3600.0,43.6591,-70.2568,2022,6,24,9
2022-06-24 10:00:00,641.0,507.0,134.0,710.9,20.3,65,3.8,163,1012.0,81,0,81,0,0.0,3600.0,43.6591,-70.2568,2022,6,24,10
2022-06-24 11:00:00,673.0,429.0,244.0,519.1,20.9,64,6.9,141,1012.0,26,7,1,20,0.0,3600.0,43.6591,-70.2568,2022,6,24,11
2022-06-24 12:00:00,822.0,633.0,189.0,701.8,21.6,65,10.8,143,1011.8,93,46,0,86,0.0,3600.0,43.6591,-70.2568,2022,6,24,12
2022-06-24 13:00:00,848.0,644.0,204.0,688.9,21.9,66,12.2,161,1011.2,100,39,24,100,0.0,3600.0,43.6591,-70.2568,2022,6,24,13
2022-06-24 14:00:00,705.0,394.0,311.0,427.1,22.5,65,10.8,165,1010.8,95,10,31,92,0.0,3600.0,43.6591,-70.2568,2022,6,24,14
2022-06-24 15:00:00,734.0,534.0,200.0,616.5,23.2,61,11.1,151,1010.6,99,31,51,96,0.0,3600.0,43.6591,-70.2568,2022,6,24,15
2022-06-24 16:00:00,640.0,424.0,216.0,551.0,23.3,62,11.4,152,1010.3,62,7,60,0,0.0,3600.0,43.6591,-70.2568,2022,6,24,16
2022-06-24 17:00:00,502.0,364.0,138.0,569.6,22.5,65,12.3,165,1009.9,49,4,49,0,0.0,3600.0,43.6591,-70.2568,2022,6,24,17
2022-06-24 18:00:00,360.0,247.0,113.0,510.6,20.7,70,12.0,171,1010.4,46,3,44,0,0.0,3600.0,43.6591,-70.2568,2022,6,24,18
2022-06-24 19:00:00,201.0,114.0,87.0,362.8,19.3,76,9.8,172,1011.0,31,6,31,0,0.0,3600.0,43.6591,-70.2568,2022,6,24,19
2022-06-24 20:00:00,72.0,32.0,40.0,225.6,20.9,75,12.7,215,1011.1,18,0,39,0,0.0,3600.0,43.6591,-70.2568,2022,6,24,20
2022-06-24 21:00:00,3.0,1.0,2.0,19.1,19.6,79,12.6,233,1011.5,9,1,8,0,0.0,0.0,43.6591,-70.2568,2022,6,24,21
2022-06-24 22:00:00,0.0,0.0,0.0,0.0,18.7,82,12.2,256,1012.1,1,0,0,0,0.0,0.0,43.6591,-70.2568,2022,6,24,22
2022-06-24 23:00:00,0.0,0.0,0.0,0.0,18.3,86,10.2,278,1012.3,0,0,0,0,0.0,0.0,43.6591,-70.2568,2022,6,24,23
2022-06-25 00:00:00,0.0,0.0,0.0,0.0,18.5,85,11.0,308,1012.6,0,0,0,0,0.0,0.0,43.6591,-70.2568,2022,6,25,0
2022-06-25 01:00:00,0.0,0.0,0.0,0.0,18.7,82,11.4,325,1012.6,0,0,0,0,0.0,0.0,43.6591,-70.2568,2022,6,25,1
2022-06-25 02:00:00,0.0,0.0,0.0,0.0,18.1,82,12.0,327,1012.7,0,0,0,0,0.0,0.0,43.6591,-70.2568,2022,6,25,2
2022-06-25 03:00:00,0.0,0.0,0.0,0.0,17.4,86,11.7,326,1012.7,0,0,0,0,0.0,0.0,43.6591,-70.2568,2022,6,25,3
2022-06-25 04:00:00,0.0,0.0,0.0,0.0,16.7,90,11.3,323,1013.0,0,0,0,0,0.0,0.0,43.6591,-70.2568,2022,6,25,4
2022-06-25 05:00:00,0.0,0.0,0.0,0.0,16.2,92,10.7,318,1013.5,0,0,0,0,0.0,0.0,43.6591,-70.2568,2022,6,25,5
2022-06-25 06:00:00,33.0,17.0,16.0,190.5,16.8,91,9.5,307,1014.1,0,0,0,0,0.0,3214.07,43.6591,-70.2568,2022,6,25,6
2022-06-25 07:00:00,163.0,108.0,55.0,462.2,19.2,82,7.0,282,1014.5,0,0,0,0,0.0,3600.0,43.6591,-70.2568,2022,6,25,7
2022-06-25 08:00:00,332.0,254.0,78.0,625.6,22.6,70,5.2,295,1014.8,0,0,3,19,0.0,3600.0,43.6591,-70.2568,2022,6,25,8
2022-06-25 09:00:00,498.0,403.0,95.0,707.9,25.4,56,6.0,295,1014.7,30,0,1,30,0.0,3600.0,43.6591,-70.2568,2022,6,25,9
2022-06-25 10:00:00,654.0,543.0,111.0,762.1,27.2,47,5.9,313,1014.8,38,0,3,36,0.0,3600.0,43.6591,-70.2568,2022,6,25,10
2022-06-25 11:00:00,779.0,658.0,121.0,796.7,28.3,43,4.9,324,1014.7,10,0,0,10,0.0,3600.0,43.6591,-70.2568,2022,6,25,11
2022-06-25 12:00:00,872.0,755.0,117.0,837.4,29.0,40,3.1,36,1014.8,49,0,49,0,0.1,3600.0,43.6591,-70.2568,2022,6,25,12
2022-06-25 13:00:00,667.0,462.0,205.0,494.3,28.0,49,4.0,153,1014.6,37,1,37,0,0.1,3600.0,43.6591,-70.2568,2022,6,25,13
2022-06-25 14:00:00,692.0,470.0,222.0,509.4,28.3,49,11.7,171,1014.0,48,0,48,0,0.0,3600.0,43.6591,-70.2568,2022,6,25,14
2022-06-25 15:00:00,607.0,406.0,201.0,468.6,27.9,53,14.1,177,1013.6,41,0,41,0,0.0,3600.0,43.6591,-70.2568,2022,6,25,15
2022-06-25 16:00:00,605.0,455.0,150.0,591.1,27.8,48,18.9,188,1013.4,36,0,36,0,0.0,3600.0,43.6591,-70.2568,2022,6,25,16
2022-06-25 17:00:00,459.0,315.0,144.0,492.6,26.8,52,16.0,194,1013.0,22,0,22,0,0.0,3600.0,43.6591,-70.2568,2022,6,25,17
2022-06-25 18:00:00,344.0,243.0,101.0,501.9,26.1,56,13.4,200,1013.3,20,0,20,0,0.0,3600.0,43.6591,-70.2568,2022,6,25,18
2022-06-25 19:00:00,202.0,133.0,69.0,422.8,25.2,59,14.2,210,1013.4,28,0,28,0,0.0,3600.0,43.6591,-70.2568,2022,6,25,19
2022-06-25 20:00:00,72.0,35.0,37.0,246.2,25.6,59,14.8,219,1013.7,26,0,22,0,0.0,3600.0,43.6591,-70.2568,2022,6,25,20
2022-06-25 21:00:00,4.0,1.0,3.0,19.1,24.0,62,11.5,238,1014.1,13,0,13,0,0.0,0.0,43.6591,-70.2568,2022,6,25,21
2022-06-25 22:00:00,0.0,0.0,0.0,0.0,22.8,65,10.2,262,1014.9,11,0,11,0,0.0,0.0,43.6591,-70.2568,2022,6,25,22
2022-06-25 23:00:00,0.0,0.0,0.0,0.0,21.4,70,9.5,259,1015.0,8,0,8,0,0.0,0.0,43.6591,-70.2568,2022,6,25,23
2022-06-26 00:00:00,0.0,0.0,0.0,0.0,20.6,75,9.4,266,1015.2,3,0,3,0,0.0,0.0,43.6591,-70.2568,2022,6,26,0
2022-06-26 01:00:00,0.0,0.0,0.0,0.0,20.1,77,10.9,278,1015.2,1,0,1,0,0.0,0.0,43.6591,-70.2568,2022,6,26,1
2022-06-26 02:00:00,0.0,0.0,0.0,0.0,19.7,80,8.3,288,1015.3,1,0,1,0,0.0,0.0,43.6591,-70.2568,2022,6,26,2
2022-06-26 03:00:00,0.0,0.0,0.0,0.0,18.9,85,9.0,286,1015.1,0,0,0,0,0.0,0.0,43.6591,-70.2568,2022,6,26,3
2022-06-26 04:00:00,0.0,0.0,0.0,0.0,18.6,89,9.3,324,1015.1,61,0,0,61,0.0,0.0,43.6591,-70.2568,2022,6,26,4
2022-06-26 05:00:00,0.0,0.0,0.0,0.0,18.9,91,9.5,349,1015.3,2,0,0,2,0.0,0.0,43.6591,-70.2568,2022,6,26,5
2022-06-26 06:00:00,32.0,15.0,17.0,169.0,19.4,90,4.4,35,1015.7,5,0,0,5,0.0,3191.93,43.6591,-70.2568,2022,6,26,6
2022-06-26 07:00:00,157.0,101.0,56.0,434.0,20.8,85,5.1,135,1016.0,4,0,0,4,0.0,3600.0,43.6591,-70.2568,2022,6,26,7
2022-06-26 08:00:00,324.0,244.0,80.0,602.4,22.8,68,3.5,66,1016.0,0,0,21,4,0.0,3600.0,43.6591,-70.2568,2022,6,26,8
2022-06-26 09:00:00,477.0,367.0,110.0,645.6,24.9,61,4.0,100,1015.7,93,0,10,93,0.0,3600.0,43.6591,-70.2568,2022,6,26,9
2022-06-26 10:00:00,636.0,515.0,121.0,723.5,26.2,59,4.6,162,1015.4,89,0,0,89,0.0,3600.0,43.6591,-70.2568,2022,6,26,10
2022-06-26 11:00:00,773.0,656.0,117.0,794.9,27.9,55,5.9,142,1014.9,57,6,4,52,0.0,3600.0,43.6591,-70.2568,2022,6,26,11
2022-06-26 12:00:00,854.0,725.0,129.0,804.5,28.3,57,10.0,142,1014.5,84,25,6,77,0.0,3600.0,43.6591,-70.2568,2022,6,26,12
2022-06-26 13:00:00,839.0,683.0,156.0,731.0,26.9,61,12.5,141,1013.7,66,32,10,45,0.0,3600.0,43.6591,-70.2568,2022,6,26,13
2022-06-26 14:00:00,849.0,683.0,166.0,740.4,27.3,59,12.1,150,1013.1,91,7,8,89,0.0,3600.0,43.6591,-70.2568,2022,6,26,14
2022-06-26 15:00:00,790.0,612.0,178.0,706.4,27.7,57,14.0,162,1012.8,20,0,7,14,0.0,3600.0,43.6591,-70.2568,2022,6,26,15
2022-06-26 16:00:00,690.0,569.0,121.0,739.0,26.9,59,14.8,167,1012.5,10,0,10,0,0.0,3600.0,43.6591,-70.2568,2022,6,26,16
2022-06-26 17:00:00,555.0,451.0,104.0,705.1,25.8,62,14.4,176,1011.9,6,0,6,0,0.0,3600.0,43.6591,-70.2568,2022,6,26,17
2022-06-26 18:00:00,395.0,304.0,91.0,627.6,24.4,68,14.1,177,1011.5,8,0,8,0,0.0,3600.0,43.6591,-70.2568,2022,6,26,18
2022-06-26 19:00:00,225.0,156.0,69.0,495.6,22.6,76,15.1,179,1011.4,17,0,17,0,0.0,3600.0,43.6591,-70.2568,2022,6,26,19
2022-06-26 20:00:00,77.0,39.0,38.0,274.0,21.3,79,16.2,177,1011.7,37,0,5,28,0.0,3600.0,43.6591,-70.2568,2022,6,26,20
2022-06-26 21:00:00,4.0,1.0,3.0,19.1,20.7,78,15.5,184,1011.8,65,0,4,64,0.0,0.0,43.6591,-70.2568,2022,6,26,21
2022-06-26 22:00:00,0.0,0.0,0.0,0.0,21.0,75,17.3,192,1011.6,19,0,2,18,0.0,0.0,43.6591,-70.2568,2022,6,26,22
2022-06-26 23:00:00,0.0,0.0,0.0,0.0,21.1,80,17.5,194,1011.1,49,0,1,48,0.0,0.0,43.6591,-70.2568,2022,6,26,23
2022-06-27 00:00:00,0.0,0.0,0.0,0.0,20.9,83,15.0,201,1010.9,70,0,0,70,0.0,0.0,43.6591,-70.2568,2022,6,27,0
2022-06-27 01:00:00,0.0,0.0,0.0,0.0,21.1,82,14.0,206,1010.6,42,0,0,42,0.0,0.0,43.6591,-70.2568,2022,6,27,1
2022-06-27 02:00:00,0.0,0.0,0.0,0.0,21.5,76,14.0,206,1010.3,31,0,0,31,0.0,0.0,43.6591,-70.2568,2022,6,27,2
2022-06-27 03:00:00,0.0,0.0,0.0,0.0,20.9,71,14.5,199,1009.8,34,0,0,34,0.0,0.0,43.6591,-70.2568,2022,6,27,3
2022-06-27 04:00:00,0.0,0.0,0.0,0.0,20.1,69,15.0,197,1009.2,93,0,0,93,0.0,0.0,43.6591,-70.2568,2022,6,27,4
2022-06-27 05:00:00,0.0,0.0,0.0,0.0,19.6,69,16.1,196,1008.7,100,0,0,100,0.0,0.0,43.6591,-70.2568,2022,6,27,5
2022-06-27 06:00:00,28.0,6.0,22.0,68.0,20.0,70,15.4,201,1008.4,100,0,0,100,0.0,621.37,43.6591,-70.2568,2022,6,27,6
2022-06-27 07:00:00,127.0,37.0,90.0,159.7,21.1,72,12.7,195,1008.2,100,0,9,100,0.0,2991.46,43.6591,-70.2568,2022,6,27,7
2022-06-27 08:00:00,279.0,143.0,136.0,353.9,22.2,70,17.6,191,1007.5,100,0,9,100,0.0,3600.0,43.6591,-70.2568,2022,6,27,8
2022-06-27 09:00:00,400.0,184.0,216.0,324.2,23.4,68,19.3,189,1007.3,100,0,55,100,0.0,3600.0,43.6591,-70.2568,2022,6,27,9
2022-06-27 10:00:00,355.0,77.0,278.0,108.3,23.1,74,16.5,196,1007.5,100,46,70,100,0.5,1448.62,43.6591,-70.2568,2022,6,27,10
2022-06-27 11:00:00,177.0,27.0,150.0,32.7,21.1,95,15.2,175,1007.2,98,17,97,62,3.6,0.0,43.6591,-70.2568,2022,6,27,11
2022-06-27 12:00:00,303.0,86.0,217.0,95.5,22.1,95,11.2,180,1007.1,93,28,78,63,0.0,1064.2,43.6591,-70.2568,2022,6,27,12
2022-06-27 13:00:00,500.0,214.0,286.0,229.1,24.0,86,7.3,200,1006.7,100,86,100,99,0.9,3600.0,43.6591,-70.2568,2022,6,27,13
2022-06-27 14:00:00,181.0,23.0,158.0,24.9,22.8,96,12.0,196,1006.7,100,10,72,100,1.5,0.0,43.6591,-70.2568,2022,6,27,14
2022-06-27 15:00:00,329.0,54.0,275.0,62.3,23.8,92,13.0,222,1006.4,100,7,98,100,0.3,69.77,43.6591,-70.2568,2022,6,27,15
2022-06-27 16:00:00,322.0,53.0,269.0,68.8,24.4,86,13.1,217,1006.4,72,10,23,62,0.1,264.81,43.6591,-70.2568,2022,6,27,16
2022-06-27 17:00:00,468.0,299.0,169.0,467.3,25.3,80,13.9,205,1006.4,100,7,44,100,0.1,3600.0,43.6591,-70.2568,2022,6,27,17
2022-06-27 18:00:00,327.0,173.0,154.0,357.0,24.8,81,12.9,198,1006.1,100,0,7,100,0.0,3600.0,43.6591,-70.2568,2022,6,27,18
2022-06-27 19:00:00,106.0,3.0,103.0,9.5,23.0,90,14.4,193,1006.6,100,2,1,100,0.0,0.0,43.6591,-70.2568,2022,6,27,19
2022-06-27 20:00:00,50.0,4.0,46.0,28.1,21.6,97,15.5,202,1007.1,100,7,1,100,0.0,0.0,43.6591,-70.2568,2022,6,27,20
2022-06-27 21:00:00,3.0,0.0,3.0,0.0,21.4,96,14.9,217,1007.9,100,1,2,100,0.0,0.0,43.6591,-70.2568,2022,6,27,21
2022-06-27 22:00:00,0.0,0.0,0.0,0.0,21.5,86,13.1,261,1008.8,100,0,2,100,0.0,0.0,43.6591,-70.2568,2022,6,27,22
2022-06-27 23:00:00,0.0,0.0,0.0,0.0,21.5,65,13.3,322,1009.3,100,0,3,100,0.0,0.0,43.6591,-70.2568,2022,6,27,23
2022-06-28 00:00:00,0.0,0.0,0.0,0.0,20.5,60,10.9,314,1010.0,92,0,5,91,0.0,0.0,43.6591,-70.2568,2022,6,28,0
2022-06-28 01:00:00,0.0,0.0,0.0,0.0,19.1,64,9.2,315,1010.4,72,0,1,71,0.0,0.0,43.6591,-70.2568,2022,6,28,1
2022-06-28 02:00:00,0.0,0.0,0.0,0.0,17.6,73,10.5,319,1010.8,21,0,0,20,0.0,0.0,43.6591,-70.2568,2022,6,28,2
2022-06-28 03:00:00,0.0,0.0,0.0,0.0,16.8,78,9.0,307,1011.1,6,0,0,5,0.0,0.0,43.6591,-70.2568,2022,6,28,3
2022-06-28 04:00:00,0.0,0.0,0.0,0.0,16.3,80,8.4,295,1011.5,0,0,0,0,0.0,0.0,43.6591,-70.2568,2022,6,28,4
2022-06-28 05:00:00,0.0,0.0,0.0,0.0,15.8,81,9.4,293,1012.0,8,0,2,6,0.0,0.0,43.6591,-70.2568,2022,6,28,5
2022-06-28 06:00:00,32.0,15.0,17.0,171.0,16.0,81,10.0,291,1013.0,17,0,0,17,0.0,3142.82,43.6591,-70.2568,2022,6,28,6
2022-06-28 07:00:00,162.0,105.0,57.0,455.4,17.9,75,8.1,302,1013.6,24,0,0,24,0.0,3600.0,43.6591,-70.2568,2022,6,28,7
2022-06-28 08:00:00,333.0,252.0,81.0,625.2,20.3,60,7.7,307,1014.0,26,0,0,13,0.0,3600.0,43.6591,-70.2568,2022,6,28,8
2022-06-28 09:00:00,504.0,399.0,105.0,704.1,21.8,50,8.3,326,1014.4,8,1,6,0,0.0,3600.0,43.6591,-70.2568,2022,6,28,9
2022-06-28 10:00:00,640.0,516.0,124.0,726.5,22.7,46,6.4,333,1014.8,28,0,28,0,0.0,3600.0,43.6591,-70.2568,2022,6,28,10
2022-06-28 11:00:00,615.0,441.0,174.0,535.1,23.0,43,4.6,321,1015.1,35,0,35,0,0.0,3600.0,43.6591,-70.2568,2022,6,28,11
2022-06-28 12:00:00,676.0,511.0,165.0,567.6,23.4,41,3.7,259,1015.3,40,3,40,0,0.0,3600.0,43.6591,-70.2568,2022,6,28,12
2022-06-28 13:00:00,698.0,511.0,187.0,547.2,23.8,39,3.1,201,1015.0,73,1,73,0,0.1,3600.0,43.6591,-70.2568,2022,6,28,13
2022-06-28 14:00:00,687.0,491.0,196.0,532.4,24.1,38,3.3,193,1014.9,47,4,45,0,0.0,3600.0,43.6591,-70.2568,2022,6,28,14
2022-06-28 15:00:00,680.0,504.0,176.0,581.7,24.7,37,5.1,231,1014.9,80,1,80,0,0.0,3600.0,43.6591,-70.2568,2022,6,28,15
2022-06-28 16:00:00,510.0,347.0,163.0,450.6,24.2,41,7.7,191,1014.8,46,4,45,0,0.0,3600.0,43.6591,-70.2568,2022,6,28,16
2022-06-28 17:00:00,464.0,315.0,149.0,492.3,23.8,48,8.3,182,1014.8,60,0,60,0,0.0,3600.0,43.6591,-70.2568,2022,6,28,17
2022-06-28 18:00:00,263.0,130.0,133.0,268.2,22.2,60,12.4,172,1015.1,100,0,100,0,0.0,3600.0,43.6591,-70.2568,2022,6,28,18
2022-06-28 19:00:00,99.0,8.0,91.0,25.4,20.9,66,10.9,171,1015.6,64,0,64,0,0.0,0.0,43.6591,-70.2568,2022,6,28,19
2022-06-28 20:00:00,66.0,25.0,41.0,175.5,19.6,66,14.4,184,1016.4,44,5,43,0,0.0,3464.92,43.6591,-70.2568,2022,6,28,20
2022-06-28 21:00:00,4.0,1.0,3.0,19.1,18.6,71,10.9,189,1016.7,12,7,11,0,0.0,0.0,43.6591,-70.2568,2022,6,28,21
2022-06-28 22:00:00,0.0,0.0,0.0,0.0,17.9,79,8.6,213,1017.3,16,7,16,0,0.0,0.0,43.6591,-70.2568,2022,6,28,22
2022-06-28 23:00:00,0.0,0.0,0.0,0.0,17.4,82,6.3,294,1017.6,0,0,0,0,0.0,0.0,43.6591,-70.2568,2022,6,28,23
2022-06-29 00:00:00,0.0,0.0,0.0,0.0,17.2,83,7.6,341,1017.9,0,0,0,0,0.0,0.0,43.6591,-70.2568,2022,6,29,0
2022-06-29 01:00:00,0.0,0.0,0.0,0.0,17.0,86,6.1,360,1018.2,0,0,0,0,0.0,0.0,43.6591,-70.2568,2022,6,29,1
2022-06-29 02:00:00,0.0,0.0,0.0,0.0,15.9,87,6.9,28,1018.5,0,0,0,0,0.0,0.0,43.6591,-70.2568,2022,6,29,2
2022-06-29 03:00:00,0.0,0.0,0.0,0.0,17.2,83,3.1,144,1018.6,0,0,0,0,0.0,0.0,43.6591,-70.2568,2022,6,29,3
2022-06-29 04:00:00,0.0,0.0,0.0,0.0,16.5,88,3.1,234,1018.8,6,4,5,0,0.0,0.0,43.6591,-70.2568,2022,6,29,4
2022-06-29 05:00:00,0.0,0.0,0.0,0.0,14.1,96,2.0,315,1019.0,0,0,0,0,0.0,0.0,43.6591,-70.2568,2022,6,29,5
2022-06-29 06:00:00,30.0,14.0,16.0,160.6,14.4,99,4.8,318,1019.4,6,1,0,5,0.0,3116.01,43.6591,-70.2568,2022,6,29,6
2022-06-29 07:00:00,156.0,96.0,60.0,418.4,17.5,85,4.2,340,1019.6,82,0,0,82,0.0,3600.0,43.6591,-70.2568,2022,6,29,7
2022-06-29 08:00:00,329.0,244.0,85.0,607.0,19.7,67,3.5,336,1019.8,84,2,21,40,0.0,3600.0,43.6591,-70.2568,2022,6,29,8
2022-06-29 09:00:00,459.0,319.0,140.0,563.9,22.0,57,2.9,120,1019.7,62,0,0,62,0.0,3600.0,43.6591,-70.2568,2022,6,29,9
2022-06-29 10:00:00,666.0,551.0,115.0,776.7,23.1,55,7.5,145,1019.5,39,0,0,39,0.0,3600.0,43.6591,-70.2568,2022,6,29,10
2022-06-29 11:00:00,787.0,656.0,131.0,796.7,23.8,56,10.0,154,1019.3,44,2,44,0,0.0,3600.0,43.6591,-70.2568,2022,6,29,11
2022-06-29 12:00:00,736.0,510.0,226.0,566.8,23.9,57,13.7,150,1018.7,38,8,33,0,0.0,3600.0,43.6591,-70.2568,2022,6,29,12
2022-06-29 13:00:00,797.0,578.0,219.0,619.2,24.3,56,17.4,156,1018.0,67,1,50,34,0.0,3600.0,43.6591,-70.2568,2022,6,29,13
2022-06-29 14:00:00,842.0,653.0,189.0,708.3,24.7,52,19.4,162,1017.2,55,0,55,0,0.0,3600.0,43.6591,-70.2568,2022,6,29,14
2022-06-29 15:00:00,791.0,634.0,157.0,731.9,23.9,54,18.7,169,1016.7,36,0,22,18,0.0,3600.0,43.6591,-70.2568,2022,6,29,15
2022-06-29 16:00:00,570.0,385.0,185.0,500.0,23.2,60,15.6,173,1016.2,95,0,13,94,0.0,3600.0,43.6591,-70.2568,2022,6,29,16
2022-06-29 17:00:00,533.0,408.0,125.0,637.6,22.8,63,13.1,171,1016.0,98,0,42,96,0.0,3600.0,43.6591,-70.2568,2022,6,29,17
2022-06-29 18:00:00,311.0,127.0,184.0,262.0,21.5,67,12.6,167,1015.7,81,0,20,76,0.0,3600.0,43.6591,-70.2568,2022,6,29,18
2022-06-29 19:00:00,215.0,120.0,95.0,380.9,20.7,70,10.1,174,1015.7,59,0,43,28,0.0,3600.0,43.6591,-70.2568,2022,6,29,19
2022-06-29 20:00:00,77.0,39.0,38.0,274.0,19.7,73,11.4,191,1015.9,99,0,3,100,0.0,3600.0,43.6591,-70.2568,2022,6,29,20
2022-06-29 21:00:00,3.0,0.0,3.0,0.0,19.5,70,12.6,193,1015.7,100,0,61,100,0.0,0.0,43.6591,-70.2568,2022,6,29,21
2022-06-29 22:00:00,0.0,0.0,0.0,0.0,19.5,68,10.7,222,1015.8,100,0,100,100,0.0,0.0,43.6591,-70.2568,2022,6,29,22
2022-06-29 23:00:00,0.0,0.0,0.0,0.0,21.1,57,18.5,243,1016.2,100,0,100,100,0.0,0.0,43.6591,-70.2568,2022,6,29,23
2022-06-30 00:00:00,0.0,0.0,0.0,0.0,19.6,68,10.5,243,1016.4,100,0,95,100,0.3,0.0,43.6591,-70.2568,2022,6,30,0
2022-06-30 01:00:00,0.0,0.0,0.0,0.0,18.8,72,11.3,307,1016.3,79,0,35,68,0.0,0.0,43.6591,-70.2568,2022,6,30,1
2022-06-30 02:00:00,0.0,0.0,0.0,0.0,18.0,77,11.1,331,1016.4,92,0,92,0,0.0,0.0,43.6591,-70.2568,2022,6,30,2
2022-06-30 03:00:00,0.0,0.0,0.0,0.0,17.7,77,7.1,330,1016.2,2,0,2,0,0.0,0.0,43.6591,-70.2568,2022,6,30,3
2022-06-30 04:00:00,0.0,0.0,0.0,0.0,16.3,85,4.1,285,1016.0,0,0,0,0,0.0,0.0,43.6591,-70.2568,2022,6,30,4
2022-06-30 05:00:00,0.0,0.0,0.0,0.0,15.5,90,9.5,281,1016.2,3,3,0,0,0.0,0.0,43.6591,-70.2568,2022,6,30,5
2022-06-30 06:00:00,30.0,14.0,16.0,161.7,15.6,90,9.3,283,1016.4,0,0,0,0,0.0,3087.78,43.6591,-70.2568,2022,6,30,6
2022-06-30 07:00:00,158.0,102.0,56.0,446.9,17.9,79,8.8,305,1016.7,0,0,0,0,0.0,3600.0,43.6591,-70.2568,2022,6,30,7
2022-06-30 08:00:00,329.0,249.0,80.0,621.1,19.6,62,13.2,317,1017.2,0,1,0,0,0.0,3600.0,43.6591,-70.2568,2022,6,30,8
2022-06-30 09:00:00,508.0,411.0,97.0,727.8,20.7,55,15.3,315,1017.1,4,4,0,0,0.0,3600.0,43.6591,-70.2568,2022,6,30,9
2022-06-30 10:00:00,668.0,554.0,114.0,781.8,21.9,50,16.5,314,1017.1,4,4,1,0,0.0,3600.0,43.6591,-70.2568,2022,6,30,10
2022-06-30 11:00:00,796.0,675.0,121.0,820.5,23.3,41,17.8,315,1017.2,1,0,1,0,0.0,3600.0,43.6591,-70.2568,2022,6,30,11
2022-06-30 12:00:00,899.0,785.0,114.0,873.0,24.3,34,17.8,318,1016.7,0,0,0,0,0.0,3600.0,43.6591,-70.2568,2022,6,30,12
2022-06-30 13:00:00,945.0,833.0,112.0,892.8,25.2,31,16.8,315,1016.1,100,0,0,100,0.0,3600.0,43.6591,-70.2568,2022,6,30,13
2022-06-30 14:00:00,918.0,774.0,144.0,839.7,25.7,30,15.5,312,1015.3,100,0,0,100,0.0,3600.0,43.6591,-70.2568,2022,6,30,14
2022-06-30 15:00:00,849.0,709.0,140.0,818.6,26.2,29,15.8,313,1014.8,90,0,1,90,0.0,3600.0,43.6591,-70.2568,2022,6,30,15
2022-06-30 16:00:00,731.0,595.0,136.0,772.7,26.3,28,15.1,310,1014.4,96,0,0,96,0.0,3600.0,43.6591,-70.2568,2022,6,30,16
2022-06-30 17:00:00,586.0,462.0,124.0,722.0,25.8,29,10.5,301,1014.1,8,0,0,8,0.0,3600.0,43.6591,-70.2568,2022,6,30,17
2022-06-30 18:00:00,428.0,346.0,82.0,713.9,24.7,33,3.6,270,1014.0,54,0,0,54,0.0,3600.0,43.6591,-70.2568,2022,6,30,18
2022-06-30 19:00:00,247.0,181.0,66.0,574.8,22.1,60,5.8,173,1014.5,51,0,0,51,0.0,3600.0,43.6591,-70.2568,2022,6,30,19
2022-06-30 20:00:00,87.0,50.0,37.0,351.8,21.5,46,4.5,346,1015.7,21,0,1,13,0.0,3600.0,43.6591,-70.2568,2022,6,30,20
2022-06-30 21:00:00,4.0,1.0,3.0,19.1,18.8,66,4.0,190,1015.9,100,0,2,100,0.0,0.0,43.6591,-70.2568,2022,6,30,21
2022-06-30 22:00:00,0.0,0.0,0.0,0.0,18.5,73,5.8,202,1016.1,99,0,14,99,0.0,0.0,43.6591,-70.2568,2022,6,30,22
2022-06-30 23:00:00,0.0,0.0,0.0,0.0,17.3,82,7.1,225,1015.7,100,0,0,100,0.0,0.0,43.6591,-70.2568,2022,6,30,23
2022-07-01 00:00:00,0.0,0.0,0.0,0.0,17.3,79,4.7,247,1015.6,97,0,0,97,0.0,0.0,43.6591,-70.2568,2022,7,1,0
2022-07-01 01:00:00,0.0,0.0,0.0,0.0,16.3,82,5.5,247,1015.1,99,0,99,49,0.0,0.0,43.6591,-70.2568,2022,7,1,1
2022-07-01 02:00:00,0.0,0.0,0.0,0.0,16.9,75,8.9,230,1014.9,99,0,97,69,0.0,0.0,43.6591,-70.2568,2022,7,1,2
2022-07-01 03:00:00,0.0,0.0,0.0,0.0,17.4,69,7.9,227,1014.6,41,0,35,9,0.0,0.0,43.6591,-70.2568,2022,7,1,3
2022-07-01 04:00:00,0.0,0.0,0.0,0.0,17.0,71,8.7,228,1014.2,100,0,24,100,0.0,0.0,43.6591,-70.2568,2022,7,1,4
2022-07-01 05:00:00,0.0,0.0,0.0,0.0,16.6,73,8.7,222,1013.6,98,0,7,98,0.0,0.0,43.6591,-70.2568,2022,7,1,5
2022-07-01 06:00:00,27.0,9.0,18.0,104.7,17.1,75,8.7,218,1013.3,91,0,70,69,0.0,1771.09,43.6591,-70.2568,2022,7,1,6
2022-07-01 07:00:00,119.0,46.0,73.0,202.7,18.8,74,7.9,204,1013.3,99,0,85,98,0.0,3600.0,43.6591,-70.2568,2022,7,1,7
2022-07-01 08:00:00,243.0,99.0,144.0,247.7,20.3,72,6.5,199,1013.1,33,0,18,81,0.0,3600.0,43.6591,-70.2568,2022,7,1,8
2022-07-01 09:00:00,473.0,356.0,117.0,631.6,22.8,64,6.6,189,1012.5,99,0,0,99,0.0,3600.0,43.6591,-70.2568,2022,7,1,9
2022-07-01 10:00:00,647.0,535.0,112.0,756.0,25.2,58,8.6,180,1011.8,100,0,0,100,0.0,3600.0,43.6591,-70.2568,2022,7,1,10
2022-07-01 11:00:00,724.0,500.0,224.0,608.3,27.1,55,11.2,180,1011.4,100,0,0,100,0.0,3600.0,43.6591,-70.2568,2022,7,1,11
2022-07-01 12:00:00,824.0,607.0,217.0,675.5,28.7,52,13.7,182,1010.7,100,0,32,100,0.0,3600.0,43.6591,-70.2568,2022,7,1,12
2022-07-01 13:00:00,676.0,415.0,261.0,445.0,28.0,58,17.2,170,1009.6,100,0,55,99,0.0,3600.0,43.6591,-70.2568,2022,7,1,13
2022-07-01 14:00:00,554.0,228.0,326.0,247.4,27.4,57,18.7,179,1008.9,83,0,57,62,0.0,3600.0,43.6591,-70.2568,2022,7,1,14
2022-07-01 15:00:00,588.0,365.0,223.0,421.5,26.8,54,14.6,170,1008.5,100,0,97,86,0.0,3600.0,43.6591,-70.2568,2022,7,1,15
2022-07-01 16:00:00,418.0,152.0,266.0,197.4,25.2,58,19.2,185,1007.6,99,0,1,99,0.0,3600.0,43.6591,-70.2568,2022,7,1,16
2022-07-01 17:00:00,548.0,403.0,145.0,629.9,25.4,58,15.9,175,1006.4,56,0,13,50,0.0,3600.0,43.6591,-70.2568,2022,7,1,17
2022-07-01 18:00:00,387.0,280.0,107.0,577.9,24.8,61,13.8,189,1005.7,98,0,1,98,0.0,3600.0,43.6591,-70.2568,2022,7,1,18
2022-07-01 19:00:00,218.0,122.0,96.0,387.7,24.1,70,19.8,199,1005.4,99,0,12,99,0.0,3600.0,43.6591,-70.2568,2022,7,1,19
2022-07-01 20:00:00,72.0,20.0,52.0,141.0,24.9,70,12.6,200,1006.4,68,0,1,100,0.0,2430.77,43.6591,-70.2568,2022,7,1,20
2022-07-01 21:00:00,3.0,0.0,3.0,0.0,23.5,73,13.1,189,1006.4,100,0,7,100,0.0,0.0,43.6591,-70.2568,2022,7,1,21
2022-07-01 22:00:00,0.0,0.0,0.0,0.0,23.2,69,14.4,202,1006.5,100,0,4,100,0.0,0.0,43.6591,-70.2568,2022,7,1,22
2022-07-01 23:00:00,0.0,0.0,0.0,0.0,24.1,54,15.8,215,1006.3,100,0,7,100,0.0,0.0,43.6591,-70.2568,2022,7,1,23
2022-07-02 00:00:00,0.0,0.0,0.0,0.0,25.4,55,17.1,224,1006.4,100,0,17,100,0.0,0.0,43.6591,-70.2568,2022,7,2,0
2022-07-02 01:00:00,0.0,0.0,0.0,0.0,24.9,65,13.8,219,1005.8,100,0,88,100,0.0,0.0,43.6591,-70.2568,2022,7,2,1
2022-07-02 02:00:00,0.0,0.0,0.0,0.0,24.8,69,14.3,227,1005.5,100,0,100,100,0.0,0.0,43.6591,-70.2568,2022,7,2,2
2022-07-02 03:00:00,0.0,0.0,0.0,0.0,24.6,71,11.9,235,1005.0,100,0,86,100,0.0,0.0,43.6591,-70.2568,2022,7,2,3
2022-07-02 04:00:00,0.0,0.0,0.0,0.0,24.0,73,12.3,249,1004.9,100,0,85,100,0.0,0.0,43.6591,-70.2568,2022,7,2,4
2022-07-02 05:00:00,0.0,0.0,0.0,0.0,23.2,74,10.3,234,1005.0,100,0,92,100,0.0,0.0,43.6591,-70.2568,2022,7,2,5
2022-07-02 06:00:00,12.0,0.0,12.0,0.0,22.5,78,14.7,245,1005.8,100,0,100,100,0.8,0.0,43.6591,-70.2568,2022,7,2,6
2022-07-02 07:00:00,16.0,0.0,16.0,0.0,20.3,92,12.1,258,1006.1,100,0,100,100,2.3,0.0,43.6591,-70.2568,2022,7,2,7
2022-07-02 08:00:00,33.0,0.0,33.0,0.0,20.8,91,15.9,242,1006.3,100,0,96,100,1.4,0.0,43.6591,-70.2568,2022,7,2,8
2022-07-02 09:00:00,200.0,27.0,173.0,48.0,22.2,88,13.8,237,1006.4,100,0,100,100,0.0,0.0,43.6591,-70.2568,2022,7,2,9
2022-07-02 10:00:00,251.0,40.0,211.0,56.6,23.0,84,14.0,235,1006.0,100,0,100,100,0.0,0.0,43.6591,-70.2568,2022,7,2,10
2022-07-02 11:00:00,410.0,94.0,316.0,114.5,24.5,71,14.7,239,1006.3,100,1,100,100,0.0,1634.07,43.6591,-70.2568,2022,7,2,11
2022-07-02 12:00:00,197.0,0.0,197.0,0.0,24.2,70,12.8,232,1006.3,86,1,86,5,0.0,0.0,43.6591,-70.2568,2022,7,2,12
2022-07-02 13:00:00,836.0,620.0,216.0,665.2,27.7,51,15.0,240,1006.1,14,2,13,0,0.0,3600.0,43.6591,-70.2568,2022,7,2,13
2022-07-02 14:00:00,867.0,734.0,133.0,796.9,28.9,44,15.6,247,1005.5,27,0,27,0,0.1,3600.0,43.6591,-70.2568,2022,7,2,14
2022-07-02 15:00:00,700.0,538.0,162.0,621.5,29.2,36,17.4,248,1005.5,10,0,10,0,0.0,3600.0,43.6591,-70.2568,2022,7,2,15
2022-07-02 16:00:00,689.0,573.0,116.0,744.5,29.6,35,16.2,233,1005.2,6,0,6,0,0.0,3600.0,43.6591,-70.2568,2022,7,2,16
2022-07-02 17:00:00,561.0,462.0,99.0,722.4,29.1,39,11.8,211,1004.4,52,0,11,46,0.0,3600.0,43.6591,-70.2568,2022,7,2,17
2022-07-02 18:00:00,382.0,293.0,89.0,605.1,27.2,56,10.7,200,1004.7,98,0,2,98,0.0,3600.0,43.6591,-70.2568,2022,7,2,18
2022-07-02 19:00:00,215.0,122.0,93.0,388.1,25.8,64,10.0,218,1005.4,99,0,0,99,0.0,3600.0,43.6591,-70.2568,2022,7,2,19
2022-07-02 20:00:00,67.0,11.0,56.0,77.8,23.2,80,7.2,307,1006.2,55,0,0,62,0.0,533.83,43.6591,-70.2568,2022,7,2,20
2022-07-02 21:00:00,4.0,1.0,3.0,19.1,22.5,65,7.3,351,1006.7,91,0,0,91,0.0,0.0,43.6591,-70.2568,2022,7,2,21
2022-07-02 22:00:00,0.0,0.0,0.0,0.0,20.2,72,6.9,313,1007.5,94,0,0,94,0.0,0.0,43.6591,-70.2568,2022,7,2,22
2022-07-02 23:00:00,0.0,0.0,0.0,0.0,19.8,70,4.1,255,1007.8,3,0,3,0,0.0,0.0,43.6591,-70.2568,2022,7,2,23
2022-07-03 00:00:00,0.0,0.0,0.0,0.0,18.5,75,6.0,335,1008.2,5,0,5,0,0.0,0.0,43.6591,-70.2568,2022,7,3,0
2022-07-03 01:00:00,0.0,0.0,0.0,0.0,17.1,84,1.1,270,1008.1,0,0,0,0,0.0,0.0,43.6591,-70.2568,2022,7,3,1
2022-07-03 02:00:00,0.0,0.0,0.0,0.0,16.6,81,11.6,265,1008.1,0,0,0,0,0.0,0.0,43.6591,-70.2568,2022,7,3,2
2022-07-03 03:00:00,0.0,0.0,0.0,0.0,17.0,70,10.8,300,1008.1,0,0,0,0,0.0,0.0,43.6591,-70.2568,2022,7,3,3
2022-07-03 04:00:00,0.0,0.0,0.0,0.0,16.8,72,10.6,298,1008.1,25,0,0,25,0.0,0.0,43.6591,-70.2568,2022,7,3,4
2022-07-03 05:00:00,0.0,0.0,0.0,0.0,16.6,73,11.1,295,1008.5,100,0,0,100,0.0,0.0,43.6591,-70.2568,2022,7,3,5
2022-07-03 06:00:00,24.0,4.0,20.0,47.2,17.4,69,12.0,291,1009.0,100,0,0,100,0.0,0.0,43.6591,-70.2568,2022,7,3,6
2022-07-03 07:00:00,121.0,32.0,89.0,142.6,19.3,65,10.8,296,1009.1,100,0,0,100,0.0,2479.46,43.6591,-70.2568,2022,7,3,7
2022-07-03 08:00:00,255.0,111.0,144.0,279.4,21.0,65,9.3,283,1009.6,100,0,3,100,0.0,3600.0,43.6591,-70.2568,2022,7,3,8
2022-07-03 09:00:00,327.0,82.0,245.0,146.0,23.2,56,8.0,262,1009.8,100,0,10,100,0.0,2581.26,43.6591,-70.2568,2022,7,3,9
2022-07-03 10:00:00,562.0,312.0,250.0,442.1,25.5,41,10.9,262,1009.8,100,0,0,100,0.0,3600.0,43.6591,-70.2568,2022,7,3,10
2022-07-03 11:00:00,707.0,440.0,267.0,536.3,26.6,34,9.7,285,1009.8,99,0,0,99,0.0,3600.0,43.6591,-70.2568,2022,7,3,11
2022-07-03 12:00:00,833.0,612.0,221.0,682.0,27.7,29,8.2,299,1009.4,0,0,0,0,0.0,3600.0,43.6591,-70.2568,2022,7,3,12
2022-07-03 13:00:00,939.0,827.0,112.0,887.7,28.3,26,8.9,313,1009.1,0,0,0,0,0.0,3600.0,43.6591,-70.2568,2022,7,3,13
2022-07-03 14:00:00,928.0,822.0,106.0,892.9,28.2,26,11.4,325,1009.0,12,0,12,0,0.0,3600.0,43.6591,-70.2568,2022,7,3,14
2022-07-03 15:00:00,821.0,688.0,133.0,795.1,29.3,21,7.6,262,1008.2,100,0,100,0,0.0,3600.0,43.6591,-70.2568,2022,7,3,15
2022-07-03 16:00:00,301.0,76.0,225.0,98.8,26.9,31,11.4,342,1008.5,45,0,45,0,0.0,1163.6,43.6591,-70.2568,2022,7,3,16
2022-07-03 17:00:00,514.0,352.0,162.0,550.6,28.7,24,13.8,311,1008.4,6,0,6,0,0.0,3600.0,43.6591,-70.2568,2022,7,3,17
2022-07-03 18:00:00,420.0,329.0,91.0,679.8,27.2,27,19.1,319,1009.0,25,0,25,0,0.0,3600.0,43.6591,-70.2568,2022,7,3,18
2022-07-03 19:00:00,231.0,158.0,73.0,503.3,25.4,34,12.7,313,1009.6,0,0,0,0,0.0,3600.0,43.6591,-70.2568,2022,7,3,19
2022-07-03 20:00:00,87.0,51.0,36.0,362.0,22.8,47,11.0,281,1010.9,0,0,0,0,0.0,3600.0,43.6591,-70.2568,2022,7,3,20
2022-07-03 21:00:00,4.0,1.0,3.0,19.1,20.6,54,10.2,293,1011.6,2,0,2,0,0.0,0.0,43.6591,-70.2568,2022,7,3,21
2022-07-03 22:00:00,0.0,0.0,0.0,0.0,19.4,60,10.5,311,1012.3,0,0,0,0,0.0,0.0,43.6591,-70.2568,2022,7,3,22
2022-07-03 23:00:00,0.0,0.0,0.0,0.0,18.9,60,13.4,329,1012.9,0,0,0,0,0.0,0.0,43.6591,-70.2568,2022,7,3,23
2022-07-04 00:00:00,0.0,0.0,0.0,0.0,18.6,59,11.3,323,1013.3,0,0,0,0,0.0,0.0,43.6591,-70.2568,2022,7,4,0
2022-07-04 01:00:00,0.0,0.0,0.0,0.0,17.3,67,9.5,299,1013.3,0,0,0,0,0.0,0.0,43.6591,-70.2568,2022,7,4,1
2022-07-04 02:00:00,0.0,0.0,0.0,0.0,16.3,74,10.4,284,1013.4,0,0,0,0,0.0,0.0,43.6591,-70.2568,2022,7,4,2
2022-07-04 03:00:00,0.0,0.0,0.0,0.0,16.2,70,11.4,288,1013.4,0,0,0,0,0.0,0.0,43.6591,-70.2568,2022,7,4,3
2022-07-04 04:00:00,0.0,0.0,0.0,0.0,16.3,66,12.1,297,1013.7,7,0,0,7,0.0,0.0,43.6591,-70.2568,2022,7,4,4
2022-07-04 05:00:00,0.0,0.0,0.0,0.0,16.1,67,12.6,297,1014.0,7,0,0,7,0.0,0.0,43.6591,-70.2568,2022,7,4,5
2022-07-04 06:00:00,28.0,13.0,15.0,154.9,16.6,66,12.6,297,1014.4,13,0,0,13,0.0,2959.38,43.6591,-70.2568,2022,7,4,6
2022-07-04 07:00:00,155.0,101.0,54.0,453.2,18.6,64,11.6,296,1014.6,100,0,0,100,0.0,3600.0,43.6591,-70.2568,2022,7,4,7
2022-07-04 08:00:00,294.0,169.0,125.0,426.9,20.8,55,10.2,302,1015.0,100,0,0,86,0.0,3600.0,43.6591,-70.2568,2022,7,4,8
2022-07-04 09:00:00,465.0,314.0,151.0,560.4,22.5,45,11.0,311,1014.8,57,0,0,57,0.0,3600.0,43.6591,-70.2568,2022,7,4,9
2022-07-04 10:00:00,635.0,469.0,166.0,665.5,23.8,39,11.4,305,1014.9,74,0,0,74,0.0,3600.0,43.6591,-70.2568,2022,7,4,10
2022-07-04 11:00:00,776.0,611.0,165.0,745.6,25.2,34,11.1,299,1014.9,3,1,3,0,0.0,3600.0,43.6591,-70.2568,2022,7,4,11
2022-07-04 12:00:00,879.0,753.0,126.0,839.8,26.4,30,13.6,302,1014.4,78,0,78,0,0.0,3600.0,43.6591,-70.2568,2022,7,4,12
2022-07-04 13:00:00,537.0,143.0,394.0,153.6,25.5,31,11.0,293,1014.2,99,0,99,0,0.0,2807.93,43.6591,-70.2568,2022,7,4,13
2022-07-04 14:00:00,442.0,106.0,336.0,115.2,25.5,31,9.5,295,1013.3,62,0,62,0,0.0,1655.82,43.6591,-70.2568,2022,7,4,14
2022-07-04 15:00:00,642.0,437.0,205.0,505.2,26.5,27,14.8,288,1013.0,100,0,100,0,0.0,3600.0,43.6591,-70.2568,2022,7,4,15
2022-07-04 16:00:00,278.0,69.0,209.0,89.7,25.9,28,16.5,290,1013.2,66,0,66,0,0.0,891.81,43.6591,-70.2568,2022,7,4,16
2022-07-04 17:00:00,463.0,325.0,138.0,508.7,26.9,27,18.4,296,1012.7,62,0,62,0,0.0,3600.0,43.6591,-70.2568,2022,7,4,17
2022-07-04 18:00:00,201.0,88.0,113.0,182.0,25.4,33,14.6,308,1013.1,19,0,19,0,0.0,3600.0,43.6591,-70.2568,2022,7,4,18
2022-07-04 19:00:00,215.0,135.0,80.0,430.6,24.4,39,8.6,292,1013.2,7,0,7,0,0.0,3600.0,43.6591,-70.2568,2022,7,4,19
2022-07-04 20:00:00,81.0,44.0,37.0,313.6,22.9,41,3.7,299,1013.7,67,0,0,100,0.0,3600.0,43.6591,-70.2568,2022,7,4,20
2022-07-04 21:00:00,4.0,0.0,4.0,0.0,20.5,53,6.0,327,1014.2,100,0,1,100,0.0,0.0,43.6591,-70.2568,2022,7,4,21
2022-07-04 22:00:00,0.0,0.0,0.0,0.0,19.0,62,4.9,324,1014.7,42,0,1,42,0.0,0.0,43.6591,-70.2568,2022,7,4,22
2022-07-04 23:00:00,0.0,0.0,0.0,0.0,17.7,72,4.1,315,1014.8,79,0,0,79,0.0,0.0,43.6591,-70.2568,2022,7,4,23
2022-07-05 00:00:00,0.0,0.0,0.0,0.0,16.7,81,3.9,304,1014.9,57,0,5,55,0.0,0.0,43.6591,-70.2568,2022,7,5,0
2022-07-05 01:00:00,0.0,0.0,0.0,0.0,15.9,86,3.0,284,1015.0,83,0,26,76,0.0,0.0,43.6591,-70.2568,2022,7,5,1
2022-07-05 02:00:00,0.0,0.0,0.0,0.0,15.6,89,2.9,277,1014.6,97,0,19,97,0.0,0.0,43.6591,-70.2568,2022,7,5,2
2022-07-05 03:00:00,0.0,0.0,0.0,0.0,15.5,88,2.6,286,1014.6,96,0,5,96,0.0,0.0,43.6591,-70.2568,2022,7,5,3
2022-07-05 04:00:00,0.0,0.0,0.0,0.0,15.5,84,1.5,315,1014.7,100,0,1,100,0.0,0.0,43.6591,-70.2568,2022,7,5,4
2022-07-05 05:00:00,0.0,0.0,0.0,0.0,15.1,86,1.5,315,1014.4,100,0,42,100,0.0,0.0,43.6591,-70.2568,2022,7,5,5
2022-07-05 06:00:00,21.0,1.0,20.0,12.0,16.3,81,2.4,297,1014.5,100,0,97,100,0.0,0.0,43.6591,-70.2568,2022,7,5,6
2022-07-05 07:00:00,71.0,0.0,71.0,0.0,17.5,81,4.3,270,1014.5,100,0,34,100,0.0,0.0,43.6591,-70.2568,2022,7,5,7
2022-07-05 08:00:00,278.0,152.0,126.0,385.3,21.4,61,4.1,232,1014.8,100,0,87,100,0.0,3600.0,43.6591,-70.2568,2022,7,5,8
2022-07-05 09:00:00,316.0,82.0,234.0,146.7,22.8,53,4.7,203,1014.8,100,0,100,100,0.0,2600.57,43.6591,-70.2568,2022,7,5,9
2022-07-05 10:00:00,348.0,80.0,268.0,113.7,23.0,52,6.3,167,1013.9,100,0,31,100,0.0,1610.77,43.6591,-70.2568,2022,7,5,10
2022-07-05 11:00:00,545.0,191.0,354.0,233.3,24.5,42,6.6,158,1013.6,100,0,100,100,0.0,3600.0,43.6591,-70.2568,2022,7,5,11
2022-07-05 12:00:00,342.0,38.0,304.0,42.4,23.0,53,9.3,144,1013.3,100,0,76,100,0.0,0.0,43.6591,-70.2568,2022,7,5,12
2022-07-05 13:00:00,615.0,225.0,390.0,241.8,24.3,49,9.0,157,1012.4,100,0,44,100,0.0,3600.0,43.6591,-70.2568,2022,7,5,13
2022-07-05 14:00:00,528.0,103.0,425.0,112.0,24.2,53,9.8,152,1011.5,100,3,100,100,0.0,1559.87,43.6591,-70.2568,2022,7,5,14
2022-07-05 15:00:00,325.0,11.0,314.0,12.7,22.8,64,12.0,171,1011.3,100,1,100,100,0.0,0.0,43.6591,-70.2568,2022,7,5,15
2022-07-05 16:00:00,125.0,0.0,125.0,0.0,21.4,70,12.3,195,1011.1,100,0,100,100,0.5,0.0,43.6591,-70.2568,2022,7,5,16
2022-07-05 17:00:00,102.0,0.0,102.0,0.0,19.4,85,9.9,190,1010.3,100,0,100,100,1.0,0.0,43.6591,-70.2568,2022,7,5,17
2022-07-05 18:00:00,55.0,0.0,55.0,0.0,18.6,93,10.5,172,1009.7,100,0,100,26,0.3,0.0,43.6591,-70.2568,2022,7,5,18
2022-07-05 19:00:00,80.0,13.0,67.0,41.5,18.5,96,8.6,165,1009.1,100,0,100,0,0.0,0.0,43.6591,-70.2568,2022,7,5,19
2022-07-05 20:00:00,18.0,0.0,18.0,0.0,18.3,97,6.1,183,1008.6,100,11,100,51,0.0,0.0,43.6591,-70.2568,2022,7,5,20
2022-07-05 21:00:00,1.0,0.0,1.0,0.0,18.2,97,9.4,176,1008.5,98,7,80,94,0.2,0.0,43.6591,-70.2568,2022,7,5,21
2022-07-05 22:00:00,0.0,0.0,0.0,0.0,17.7,100,12.1,163,1007.9,100,0,100,64,2.8,0.0,43.6591,-70.2568,2022,7,5,22
2022-07-05 23:00:00,0.0,0.0,0.0,0.0,18.1,100,18.4,180,1006.4,100,0,100,10,0.8,0.0,43.6591,-70.2568,2022,7,5,23
2022-07-06 00:00:00,0.0,0.0,0.0,0.0,18.0,94,22.3,180,1005.3,100,0,100,60,0.4,0.0,43.6591,-70.2568,2022,7,6,0
2022-07-06 01:00:00,0.0,0.0,0.0,0.0,16.4,100,24.5,181,1004.1,100,100,100,22,2.7,0.0,43.6591,-70.2568,2022,7,6,1
2022-07-06 02:00:00,0.0,0.0,0.0,0.0,16.8,96,22.1,187,1002.6,100,100,63,8,0.3,0.0,43.6591,-70.2568,2022,7,6,2
2022-07-06 03:00:00,0.0,0.0,0.0,0.0,17.5,97,18.8,209,1001.3,100,100,3,0,0.2,0.0,43.6591,-70.2568,2022,7,6,3
2022-07-06 04:00:00,0.0,0.0,0.0,0.0,18.7,97,19.6,226,1000.8,99,99,10,1,0.0,0.0,43.6591,-70.2568,2022,7,6,4
2022-07-06 05:00:00,0.0,0.0,0.0,0.0,19.2,98,16.7,233,1000.9,100,100,28,1,0.0,0.0,43.6591,-70.2568,2022,7,6,5
2022-07-06 06:00:00,10.0,0.0,10.0,0.0,19.5,98,14.1,238,1000.9,80,70,38,0,0.0,0.0,43.6591,-70.2568,2022,7,6,6
2022-07-06 07:00:00,100.0,27.0,73.0,122.9,20.4,95,14.7,259,1001.1,96,13,15,95,0.0,1886.4,43.6591,-70.2568,2022,7,6,7
2022-07-06 08:00:00,278.0,161.0,117.0,409.6,20.9,91,12.1,300,1001.6,55,6,4,0,0.0,3600.0,43.6591,-70.2568,2022,7,6,8
2022-07-06 09:00:00,477.0,372.0,105.0,667.0,22.8,78,16.0,306,1001.8,5,1,5,0,0.0,3600.0,43.6591,-70.2568,2022,7,6,9
2022-07-06 10:00:00,633.0,516.0,117.0,734.5,23.8,66,22.5,319,1002.4,12,10,6,0,0.0,3600.0,43.6591,-70.2568,2022,7,6,10
2022-07-06 11:00:00,731.0,587.0,144.0,718.0,24.6,58,21.7,320,1003.0,4,1,2,0,0.0,3600.0,43.6591,-70.2568,2022,7,6,11
2022-07-06 12:00:00,861.0,735.0,126.0,821.2,25.8,46,20.8,330,1003.5,3,3,2,0,0.0,3600.0,43.6591,-70.2568,2022,7,6,12
2022-07-06 13:00:00,905.0,783.0,122.0,842.2,26.3,43,20.3,327,1004.0,14,11,12,0,0.0,3600.0,43.6591,-70.2568,2022,7,6,13
2022-07-06 14:00:00,871.0,719.0,152.0,782.3,26.9,40,20.0,332,1004.3,36,4,35,0,0.0,3600.0,43.6591,-70.2568,2022,7,6,14
2022-07-06 15:00:00,680.0,441.0,239.0,510.4,26.4,41,22.1,336,1005.0,9,1,8,0,0.0,3600.0,43.6591,-70.2568,2022,7,6,15
2022-07-06 16:00:00,661.0,516.0,145.0,671.7,26.5,39,19.4,329,1005.3,32,0,32,0,0.0,3600.0,43.6591,-70.2568,2022,7,6,16
2022-07-06 17:00:00,527.0,390.0,137.0,611.2,25.8,40,18.1,325,1005.9,7,0,7,0,0.0,3600.0,43.6591,-70.2568,2022,7,6,17
2022-07-06 18:00:00,393.0,292.0,101.0,605.1,25.3,42,16.6,326,1006.8,20,1,20,0,0.0,3600.0,43.6591,-70.2568,2022,7,6,18
2022-07-06 19:00:00,190.0,89.0,101.0,285.0,23.8,48,12.9,337,1007.7,1,0,1,0,0.0,3600.0,43.6591,-70.2568,2022,7,6,19
2022-07-06 20:00:00,83.0,47.0,36.0,338.6,21.1,61,9.4,317,1008.6,2,0,2,0,0.0,3600.0,43.6591,-70.2568,2022,7,6,20
2022-07-06 21:00:00,3.0,1.0,2.0,19.1,19.5,65,11.2,318,1009.6,1,0,1,0,0.0,0.0,43.6591,-70.2568,2022,7,6,21
2022-07-06 22:00:00,0.0,0.0,0.0,0.0,18.9,66,11.6,330,1010.3,0,0,0,0,0.0,0.0,43.6591,-70.2568,2022,7,6,22
2022-07-06 23:00:00,0.0,0.0,0.0,0.0,18.5,67,13.6,328,1010.9,3,1,2,0,0.0,0.0,43.6591,-70.2568,2022,7,6,23
2022-07-07 00:00:00,0.0,0.0,0.0,0.0,17.9,71,12.7,325,1011.6,0,0,0,0,0.0,0.0,43.6591,-70.2568,2022,7,7,0
2022-07-07 01:00:00,0.0,0.0,0.0,0.0,16.8,78,9.4,342,1011.5,0,0,0,0,0.0,0.0,43.6591,-70.2568,2022,7,7,1
2022-07-07 02:00:00,0.0,0.0,0.0,0.0,16.0,83,7.6,352,1011.7,4,0,4,0,0.0,0.0,43.6591,-70.2568,2022,7,7,2
2022-07-07 03:00:00,0.0,0.0,0.0,0.0,15.9,84,7.3,340,1011.7,4,0,4,0,0.0,0.0,43.6591,-70.2568,2022,7,7,3
2022-07-07 04:00:00,0.0,0.0,0.0,0.0,15.7,85,7.8,326,1012.0,9,2,9,0,0.0,0.0,43.6591,-70.2568,2022,7,7,4
2022-07-07 05:00:00,0.0,0.0,0.0,0.0,15.4,87,9.1,326,1012.4,13,0,13,0,0.0,0.0,43.6591,-70.2568,2022,7,7,5
2022-07-07 06:00:00,24.0,10.0,14.0,122.6,15.7,88,6.6,319,1013.3,22,19,19,0,0.0,2222.66,43.6591,-70.2568,2022,7,7,6
2022-07-07 07:00:00,143.0,81.0,62.0,371.5,17.5,85,1.1,108,1013.8,28,22,26,0,0.0,3600.0,43.6591,-70.2568,2022,7,7,7
2022-07-07 08:00:00,299.0,200.0,99.0,510.9,18.7,74,3.6,45,1014.4,23,6,10,0,0.0,3600.0,43.6591,-70.2568,2022,7,7,8
2022-07-07 09:00:00,491.0,386.0,105.0,693.9,20.8,62,2.8,50,1014.5,5,5,3,0,0.0,3600.0,43.6591,-70.2568,2022,7,7,9
2022-07-07 10:00:00,660.0,549.0,111.0,782.8,22.0,55,2.6,106,1014.1,0,0,0,0,0.0,3600.0,43.6591,-70.2568,2022,7,7,10
2022-07-07 11:00:00,798.0,688.0,110.0,842.6,22.6,53,5.1,129,1014.0,6,0,6,0,0.0,3600.0,43.6591,-70.2568,2022,7,7,11
2022-07-07 12:00:00,852.0,717.0,135.0,801.8,22.6,58,10.2,129,1013.6,24,0,24,0,0.0,3600.0,43.6591,-70.2568,2022,7,7,12
2022-07-07 13:00:00,850.0,664.0,186.0,714.7,22.3,57,13.0,134,1012.9,34,0,34,0,0.0,3600.0,43.6591,-70.2568,2022,7,7,13
2022-07-07 14:00:00,870.0,705.0,165.0,767.5,22.2,55,16.1,146,1012.4,4,0,4,0,0.0,3600.0,43.6591,-70.2568,2022,7,7,14
2022-07-07 15:00:00,796.0,661.0,135.0,765.5,22.1,53,13.8,160,1012.1,30,0,30,0,0.0,3600.0,43.6591,-70.2568,2022,7,7,15
2022-07-07 16:00:00,691.0,536.0,155.0,698.2,22.6,57,14.6,160,1011.8,58,0,58,0,0.0,3600.0,43.6591,-70.2568,2022,7,7,16
2022-07-07 17:00:00,471.0,340.0,131.0,533.3,21.1,65,13.4,160,1011.7,26,0,26,0,0.0,3600.0,43.6591,-70.2568,2022,7,7,17
2022-07-07 18:00:00,345.0,230.0,115.0,477.2,21.1,70,13.8,171,1011.4,59,0,59,0,0.0,3600.0,43.6591,-70.2568,2022,7,7,18
2022-07-07 19:00:00,185.0,102.0,83.0,327.4,20.3,76,14.0,181,1011.4,5,0,5,0,0.0,3600.0,43.6591,-70.2568,2022,7,7,19
2022-07-07 20:00:00,81.0,45.0,36.0,326.2,19.5,79,16.7,186,1011.4,11,0,50,0,0.0,3600.0,43.6591,-70.2568,2022,7,7,20
2022-07-07 21:00:00,3.0,0.0,3.0,0.0,18.6,81,12.8,191,1011.7,98,0,98,0,0.0,0.0,43.6591,-70.2568,2022,7,7,21
2022-07-07 22:00:00,0.0,0.0,0.0,0.0,19.3,77,13.2,202,1011.8,67,0,42,42,0.0,0.0,43.6591,-70.2568,2022,7,7,22
2022-07-07 23:00:00,0.0,0.0,0.0,0.0,19.1,76,13.2,209,1011.5,91,0,6,91,0.0,0.0,43.6591,-70.2568,2022,7,7,23
2022-07-08 00:00:00,0.0,0.0,0.0,0.0,18.8,73,16.1,207,1011.3,37,0,1,36,0.0,0.0,43.6591,-70.2568,2022,7,8,0
2022-07-08 01:00:00,0.0,0.0,0.0,0.0,18.5,74,16.0,211,1011.0,100,5,100,55,0.0,0.0,43.6591,-70.2568,2022,7,8,1
2022-07-08 02:00:00,0.0,0.0,0.0,0.0,18.7,73,14.9,212,1011.0,94,11,81,70,0.0,0.0,43.6591,-70.2568,2022,7,8,2
2022-07-08 03:00:00,0.0,0.0,0.0,0.0,18.7,72,15.4,213,1010.9,57,10,36,31,0.0,0.0,43.6591,-70.2568,2022,7,8,3
2022-07-08 04:00:00,0.0,0.0,0.0,0.0,18.2,74,14.8,214,1010.7,15,3,6,9,0.0,0.0,43.6591,-70.2568,2022,7,8,4
2022-07-08 05:00:00,0.0,0.0,0.0,0.0,17.6,76,14.8,219,1010.4,26,0,14,14,0.0,0.0,43.6591,-70.2568,2022,7,8,5
2022-07-08 06:00:00,23.0,9.0,14.0,111.5,17.6,78,14.3,225,1010.6,89,0,0,89,0.0,1875.1,43.6591,-70.2568,2022,7,8,6
2022-07-08 07:00:00,140.0,82.0,58.0,379.1,18.8,77,11.5,226,1010.6,98,0,3,97,0.0,3600.0,43.6591,-70.2568,2022,7,8,7
2022-07-08 08:00:00,304.0,210.0,94.0,538.6,20.1,75,8.1,225,1010.7,100,0,0,93,0.0,3600.0,43.6591,-70.2568,2022,7,8,8
2022-07-08 09:00:00,448.0,284.0,164.0,511.8,22.3,70,6.4,223,1010.6,70,0,0,70,0.0,3600.0,43.6591,-70.2568,2022,7,8,9
2022-07-08 10:00:00,638.0,506.0,132.0,722.8,24.3,61,5.1,219,1010.1,79,13,29,68,0.0,3600.0,43.6591,-70.2568,2022,7,8,10
2022-07-08 11:00:00,680.0,508.0,172.0,622.9,25.4,51,5.5,191,1010.1,84,8,15,79,0.0,3600.0,43.6591,-70.2568,2022,7,8,11
2022-07-08 12:00:00,743.0,550.0,193.0,615.7,26.2,46,8.3,175,1009.6,94,3,13,93,0.0,3600.0,43.6591,-70.2568,2022,7,8,12
2022-07-08 13:00:00,845.0,639.0,206.0,688.4,26.3,52,11.9,175,1009.0,72,1,48,47,0.0,3600.0,43.6591,-70.2568,2022,7,8,13
2022-07-08 14:00:00,745.0,599.0,146.0,652.6,25.5,66,13.6,158,1008.4,100,0,60,99,0.0,3600.0,43.6591,-70.2568,2022,7,8,14
2022-07-08 15:00:00,480.0,137.0,343.0,158.8,25.1,70,10.7,166,1008.1,100,0,98,99,0.0,2963.05,43.6591,-70.2568,2022,7,8,15
2022-07-08 16:00:00,565.0,395.0,170.0,515.0,25.8,60,10.6,198,1007.9,100,0,44,100,0.0,3600.0,43.6591,-70.2568,2022,7,8,16
2022-07-08 17:00:00,406.0,195.0,211.0,306.2,25.4,62,11.4,193,1007.6,39,0,23,22,0.0,3600.0,43.6591,-70.2568,2022,7,8,17
2022-07-08 18:00:00,350.0,243.0,107.0,504.9,25.0,65,11.9,185,1007.3,34,0,27,10,0.0,3600.0,43.6591,-70.2568,2022,7,8,18
2022-07-08 19:00:00,191.0,119.0,72.0,383.0,23.4,70,14.7,191,1007.5,40,0,33,11,0.0,3600.0,43.6591,-70.2568,2022,7,8,19
2022-07-08 20:00:00,66.0,33.0,33.0,240.9,22.1,87,5.7,55,1008.8,85,3,48,53,0.0,3600.0,43.6591,-70.2568,2022,7,8,20
2022-07-08 21:00:00,3.0,0.0,3.0,0.0,21.3,89,12.4,343,1009.5,99,0,4,99,0.0,0.0,43.6591,-70.2568,2022,7,8,21
2022-07-08 22:00:00,0.0,0.0,0.0,0.0,20.7,83,11.3,353,1010.3,96,1,16,95,0.0,0.0,43.6591,-70.2568,2022,7,8,22
2022-07-08 23:00:00,0.0,0.0,0.0,0.0,20.4,76,9.9,350,1010.3,94,0,14,93,0.0,0.0,43.6591,-70.2568,2022,7,8,23
2022-07-09 00:00:00,0.0,0.0,0.0,0.0,19.5,75,10.8,334,1010.7,0,0,0,0,0.0,0.0,43.6591,-70.2568,2022,7,9,0
2022-07-09 01:00:00,0.0,0.0,0.0,0.0,18.6,78,11.1,324,1010.9,0,0,0,0,0.0,0.0,43.6591,-70.2568,2022,7,9,1
2022-07-09 02:00:00,0.0,0.0,0.0,0.0,18.2,80,12.2,326,1011.0,0,0,0,0,0.0,0.0,43.6591,-70.2568,2022,7,9,2
2022-07-09 03:00:00,0.0,0.0,0.0,0.0,17.9,81,14.2,333,1011.4,0,0,0,0,0.0,0.0,43.6591,-70.2568,2022,7,9,3
2022-07-09 04:00:00,0.0,0.0,0.0,0.0,17.4,80,14.4,338,1011.6,0,0,0,0,0.0,0.0,43.6591,-70.2568,2022,7,9,4
2022-07-09 05:00:00,0.0,0.0,0.0,0.0,16.5,78,14.1,341,1012.0,0,0,0,0,0.0,0.0,43.6591,-70.2568,2022,7,9,5
2022-07-09 06:00:00,25.0,12.0,13.0,150.3,16.0,75,13.4,346,1012.7,0,0,0,0,0.0,2756.17,43.6591,-70.2568,2022,7,9,6
2022-07-09 07:00:00,152.0,101.0,51.0,470.9,16.9,69,12.0,351,1013.4,0,0,0,0,0.0,3600.0,43.6591,-70.2568,2022,7,9,7
2022-07-09 08:00:00,327.0,252.0,75.0,649.1,18.9,58,12.0,353,1013.9,0,0,0,0,0.0,3600.0,43.6591,-70.2568,2022,7,9,8
2022-07-09 09:00:00,504.0,414.0,90.0,748.1,20.6,51,10.4,360,1014.1,0,0,0,0,0.0,3600.0,43.6591,-70.2568,2022,7,9,9
2022-07-09 10:00:00,671.0,571.0,100.0,817.2,22.0,45,6.8,360,1014.1,0,0,0,0,0.0,3600.0,43.6591,-70.2568,2022,7,9,10
2022-07-09 11:00:00,806.0,700.0,106.0,859.6,22.9,40,3.7,11,1014.1,0,0,0,0,0.0,3600.0,43.6591,-70.2568,2022,7,9,11
2022-07-09 12:00:00,898.0,787.0,111.0,881.9,23.3,36,0.8,153,1013.8,0,0,0,0,0.0,3600.0,43.6591,-70.2568,2022,7,9,12
2022-07-09 13:00:00,939.0,827.0,112.0,891.7,23.9,32,1.1,162,1013.1,0,0,0,0,0.0,3600.0,43.6591,-70.2568,2022,7,9,13
2022-07-09 14:00:00,927.0,817.0,110.0,890.8,24.5,28,1.8,180,1012.8,0,0,0,0,0.0,3600.0,43.6591,-70.2568,2022,7,9,14
2022-07-09 15:00:00,863.0,756.0,107.0,876.8,24.5,31,5.8,180,1012.4,0,0,0,0,0.0,3600.0,43.6591,-70.2568,2022,7,9,15
2022-07-09 16:00:00,753.0,653.0,100.0,852.0,24.0,45,8.3,180,1012.1,0,0,0,0,0.0,3600.0,43.6591,-70.2568,2022,7,9,16
2022-07-09 17:00:00,602.0,509.0,93.0,800.0,23.4,50,10.1,184,1011.8,0,0,0,0,0.0,3600.0,43.6591,-70.2568,2022,7,9,17
2022-07-09 18:00:00,423.0,341.0,82.0,709.7,22.6,51,9.7,195,1011.8,5,0,5,0,0.0,3600.0,43.6591,-70.2568,2022,7,9,18
2022-07-09 19:00:00,241.0,175.0,66.0,564.8,21.1,57,9.4,212,1012.3,0,0,0,0,0.0,3600.0,43.6591,-70.2568,2022,7,9,19
2022-07-09 20:00:00,83.0,48.0,35.0,353.2,18.7,62,13.3,229,1013.5,0,0,0,0,0.0,3600.0,43.6591,-70.2568,2022,7,9,20
2022-07-09 21:00:00,3.0,1.0,2.0,19.1,17.7,69,7.7,281,1014.2,1,0,1,0,0.0,0.0,43.6591,-70.2568,2022,7,9,21
2022-07-09 22:00:00,0.0,0.0,0.0,0.0,17.6,70,7.2,342,1014.5,0,0,0,0,0.0,0.0,43.6591,-70.2568,2022,7,9,22
2022-07-09 23:00:00,0.0,0.0,0.0,0.0,17.5,58,10.1,343,1014.5,0,0,0,0,0.0,0.0,43.6591,-70.2568,2022,7,9,23
2022-07-10 00:00:00,0.0,0.0,0.0,0.0,16.5,58,12.0,344,1014.5,0,0,0,0,0.0,0.0,43.6591,-70.2568,2022,7,10,0
2022-07-10 01:00:00,0.0,0.0,0.0,0.0,16.0,57,12.1,348,1014.6,0,0,0,0,0.0,0.0,43.6591,-70.2568,2022,7,10,1
2022-07-10 02:00:00,0.0,0.0,0.0,0.0,15.5,58,11.3,343,1014.5,0,0,0,0,0.0,0.0,43.6591,-70.2568,2022,7,10,2
2022-07-10 03:00:00,0.0,0.0,0.0,0.0,14.9,64,11.0,341,1014.5,0,0,0,0,0.0,0.0,43.6591,-70.2568,2022,7,10,3
2022-07-10 04:00:00,0.0,0.0,0.0,0.0,14.5,68,10.8,334,1014.5,0,0,0,0,0.0,0.0,43.6591,-70.2568,2022,7,10,4
2022-07-10 05:00:00,0.0,0.0,0.0,0.0,14.3,72,11.0,328,1014.5,0,0,0,0,0.0,0.0,43.6591,-70.2568,2022,7,10,5
2022-07-10 06:00:00,24.0,11.0,13.0,139.4,14.7,74,10.8,323,1014.6,0,0,0,0,0.0,2636.19,43.6591,-70.2568,2022,7,10,6
2022-07-10 07:00:00,151.0,101.0,50.0,475.1,16.7,71,9.4,313,1014.7,0,0,0,0,0.0,3600.0,43.6591,-70.2568,2022,7,10,7
2022-07-10 08:00:00,326.0,253.0,73.0,654.6,19.2,56,9.7,315,1015.6,0,0,0,0,0.0,3600.0,43.6591,-70.2568,2022,7,10,8
2022-07-10 09:00:00,506.0,417.0,89.0,755.6,21.3,42,10.0,322,1015.7,0,0,0,0,0.0,3600.0,43.6591,-70.2568,2022,7,10,9
2022-07-10 10:00:00,670.0,570.0,100.0,817.3,22.7,35,7.1,336,1015.4,0,0,0,0,0.0,3600.0,43.6591,-70.2568,2022,7,10,10
2022-07-10 11:00:00,802.0,696.0,106.0,855.9,23.6,33,3.4,302,1015.0,0,0,0,0,0.0,3600.0,43.6591,-70.2568,2022,7,10,11
2022-07-10 12:00:00,893.0,783.0,110.0,878.4,24.0,31,2.7,203,1014.5,0,0,0,0,0.0,3600.0,43.6591,-70.2568,2022,7,10,12
2022-07-10 13:00:00,935.0,822.0,113.0,887.1,24.6,29,3.0,194,1013.7,45,0,0,45,0.0,3600.0,43.6591,-70.2568,2022,7,10,13
2022-07-10 14:00:00,924.0,813.0,111.0,887.2,25.2,28,7.2,183,1013.1,66,0,0,66,0.0,3600.0,43.6591,-70.2568,2022,7,10,14
2022-07-10 15:00:00,858.0,745.0,113.0,864.7,24.4,37,14.4,179,1012.6,100,0,0,100,0.0,3600.0,43.6591,-70.2568,2022,7,10,15
2022-07-10 16:00:00,733.0,600.0,133.0,783.6,23.1,39,19.5,184,1012.2,100,0,0,100,0.0,3600.0,43.6591,-70.2568,2022,7,10,16
2022-07-10 17:00:00,583.0,460.0,123.0,723.9,21.9,41,19.8,192,1012.0,100,0,0,100,0.0,3600.0,43.6591,-70.2568,2022,7,10,17
2022-07-10 18:00:00,405.0,307.0,98.0,640.1,21.4,44,16.1,200,1011.5,100,0,3,100,0.0,3600.0,43.6591,-70.2568,2022,7,10,18
2022-07-10 19:00:00,210.0,104.0,106.0,336.7,20.4,52,14.9,195,1011.1,32,0,2,31,0.0,3600.0,43.6591,-70.2568,2022,7,10,19
2022-07-10 20:00:00,80.0,44.0,36.0,326.5,19.7,54,14.1,212,1011.6,0,0,0,0,0.0,3600.0,43.6591,-70.2568,2022,7,10,20
2022-07-10 21:00:00,3.0,1.0,2.0,19.1,18.2,57,11.8,220,1011.9,0,0,0,0,0.0,0.0,43.6591,-70.2568,2022,7,10,21
2022-07-10 22:00:00,0.0,0.0,0.0,0.0,17.3,62,10.9,236,1011.8,100,0,0,100,0.0,0.0,43.6591,-70.2568,2022,7,10,22
2022-07-10 23:00:00,0.0,0.0,0.0,0.0,16.8,65,10.0,240,1011.4,100,0,0,100,0.0,0.0,43.6591,-70.2568,2022,7,10,23
2022-07-11 00:00:00,0.0,0.0,0.0,0.0,16.7,65,10.2,238,1011.2,96,0,0,96,0.0,0.0,43.6591,-70.2568,2022,7,11,0
2022-07-11 01:00:00,0.0,0.0,0.0,0.0,16.7,65,10.5,229,1010.8,100,0,0,100,0.0,0.0,43.6591,-70.2568,2022,7,11,1
2022-07-11 02:00:00,0.0,0.0,0.0,0.0,16.6,65,10.5,239,1010.4,93,0,0,93,0.0,0.0,43.6591,-70.2568,2022,7,11,2
2022-07-11 03:00:00,0.0,0.0,0.0,0.0,16.1,66,10.8,240,1010.2,0,0,0,0,0.0,0.0,43.6591,-70.2568,2022,7,11,3
2022-07-11 04:00:00,0.0,0.0,0.0,0.0,15.3,68,10.8,244,1009.9,0,0,0,0,0.0,0.0,43.6591,-70.2568,2022,7,11,4
2022-07-11 05:00:00,0.0,0.0,0.0,0.0,15.0,68,10.0,249,1010.0,0,0,0,0,0.0,0.0,43.6591,-70.2568,2022,7,11,5
2022-07-11 06:00:00,23.0,11.0,12.0,141.2,15.2,69,9.4,238,1009.9,0,0,0,0,0.0,2653.46,43.6591,-70.2568,2022,7,11,6
2022-07-11 07:00:00,146.0,97.0,49.0,460.5,17.1,66,7.9,231,1009.9,0,0,0,0,0.0,3600.0,43.6591,-70.2568,2022,7,11,7
2022-07-11 08:00:00,318.0,245.0,73.0,636.8,20.3,59,5.1,219,1009.8,8,0,0,26,0.0,3600.0,43.6591,-70.2568,2022,7,11,8
2022-07-11 09:00:00,495.0,406.0,89.0,737.8,23.3,51,6.4,207,1009.3,88,0,0,88,0.0,3600.0,43.6591,-70.2568,2022,7,11,9
2022-07-11 10:00:00,652.0,541.0,111.0,777.3,25.4,42,8.9,207,1008.8,94,0,0,94,0.0,3600.0,43.6591,-70.2568,2022,7,11,10
2022-07-11 11:00:00,754.0,574.0,180.0,706.9,26.6,34,12.1,210,1008.6,100,0,0,100,0.0,3600.0,43.6591,-70.2568,2022,7,11,11
2022-07-11 12:00:00,784.0,483.0,301.0,542.5,27.1,31,13.7,207,1008.0,100,0,0,100,0.0,3600.0,43.6591,-70.2568,2022,7,11,12
2022-07-11 13:00:00,771.0,442.0,329.0,477.5,27.1,35,14.6,189,1007.2,83,0,0,83,0.0,3600.0,43.6591,-70.2568,2022,7,11,13
2022-07-11 14:00:00,845.0,605.0,240.0,660.8,26.0,53,18.8,168,1006.7,100,0,0,100,0.0,3600.0,43.6591,-70.2568,2022,7,11,14
2022-07-11 15:00:00,759.0,513.0,246.0,596.0,25.6,53,20.0,172,1006.3,100,0,0,100,0.0,3600.0,43.6591,-70.2568,2022,7,11,15
2022-07-11 16:00:00,639.0,414.0,225.0,541.2,24.2,55,19.4,179,1005.7,99,0,0,99,0.0,3600.0,43.6591,-70.2568,2022,7,11,16
2022-07-11 17:00:00,499.0,296.0,203.0,466.4,24.1,56,16.7,186,1005.1,80,0,5,80,0.0,3600.0,43.6591,-70.2568,2022,7,11,17
2022-07-11 18:00:00,349.0,206.0,143.0,430.3,23.0,61,15.5,176,1004.3,19,0,18,4,0.0,3600.0,43.6591,-70.2568,2022,7,11,18
2022-07-11 19:00:00,226.0,155.0,71.0,503.6,22.0,64,15.5,185,1003.8,0,0,0,0,0.0,3600.0,43.6591,-70.2568,2022,7,11,19
2022-07-11 20:00:00,78.0,44.0,34.0,329.6,22.2,61,14.8,203,1004.5,0,0,28,0,0.0,3600.0,43.6591,-70.2568,2022,7,11,20
2022-07-11 21:00:00,3.0,1.0,2.0,19.1,21.4,63,15.9,193,1004.6,0,0,0,0,0.0,0.0,43.6591,-70.2568,2022,7,11,21
2022-07-11 22:00:00,0.0,0.0,0.0,0.0,20.4,70,16.4,195,1004.7,1,0,0,1,0.0,0.0,43.6591,-70.2568,2022,7,11,22
2022-07-11 23:00:00,0.0,0.0,0.0,0.0,19.9,75,17.9,195,1004.6,17,0,0,17,0.0,0.0,43.6591,-70.2568,2022,7,11,23
2022-07-12 00:00:00,0.0,0.0,0.0,0.0,20.1,74,18.3,202,1004.3,84,0,0,84,0.0,0.0,43.6591,-70.2568,2022,7,12,0
2022-07-12 01:00:00,0.0,0.0,0.0,0.0,20.4,72,18.2,210,1004.4,52,0,0,52,0.0,0.0,43.6591,-70.2568,2022,7,12,1
2022-07-12 02:00:00,0.0,0.0,0.0,0.0,20.2,72,16.7,213,1004.3,17,0,0,17,0.0,0.0,43.6591,-70.2568,2022,7,12,2
2022-07-12 03:00:00,0.0,0.0,0.0,0.0,19.7,74,15.3,210,1004.1,13,0,0,13,0.0,0.0,43.6591,-70.2568,2022,7,12,3
2022-07-12 04:00:00,0.0,0.0,0.0,0.0,19.2,74,15.0,210,1003.9,81,0,1,81,0.0,0.0,43.6591,-70.2568,2022,7,12,4
2022-07-12 05:00:00,0.0,0.0,0.0,0.0,19.1,73,13.9,211,1003.7,57,0,0,57,0.0,0.0,43.6591,-70.2568,2022,7,12,5
2022-07-12 06:00:00,20.0,6.0,14.0,78.0,19.1,74,13.4,200,1003.3,5,0,0,5,0.0,862.55,43.6591,-70.2568,2022,7,12,6
2022-07-12 07:00:00,136.0,85.0,51.0,407.4,20.1,72,12.9,203,1003.2,60,0,0,60,0.0,3600.0,43.6591,-70.2568,2022,7,12,7
2022-07-12 08:00:00,301.0,224.0,77.0,585.0,21.8,69,14.7,197,1002.6,28,0,100,43,0.0,3600.0,43.6591,-70.2568,2022,7,12,8
2022-07-12 09:00:00,155.0,23.0,132.0,41.9,21.4,72,13.5,196,1002.2,98,0,98,0,0.0,0.0,43.6591,-70.2568,2022,7,12,9
2022-07-12 10:00:00,281.0,57.0,224.0,82.1,22.6,68,15.5,185,1001.4,16,0,16,1,0.0,661.93,43.6591,-70.2568,2022,7,12,10
2022-07-12 11:00:00,740.0,605.0,135.0,746.2,25.7,57,19.1,181,1000.9,18,0,0,17,0.0,3600.0,43.6591,-70.2568,2022,7,12,11
2022-07-12 12:00:00,842.0,721.0,121.0,810.8,26.5,54,22.3,182,1000.5,23,0,23,0,0.0,3600.0,43.6591,-70.2568,2022,7,12,12
2022-07-12 13:00:00,771.0,610.0,161.0,659.6,26.3,56,25.2,183,999.8,12,0,4,8,0.0,3600.0,43.6591,-70.2568,2022,7,12,13
2022-07-12 14:00:00,853.0,715.0,138.0,781.6,26.7,54,24.2,183,999.1,98,0,47,96,0.0,3600.0,43.6591,-70.2568,2022,7,12,14
2022-07-12 15:00:00,628.0,396.0,232.0,460.5,26.1,56,24.5,184,998.8,15,3,13,2,0.1,3600.0,43.6591,-70.2568,2022,7,12,15
2022-07-12 16:00:00,670.0,556.0,114.0,727.6,25.8,59,27.2,186,998.2,34,0,33,1,0.0,3600.0,43.6591,-70.2568,2022,7,12,16
2022-07-12 17:00:00,528.0,414.0,114.0,653.2,25.7,63,23.9,187,997.5,41,0,39,6,0.0,3600.0,43.6591,-70.2568,2022,7,12,17
2022-07-12 18:00:00,343.0,236.0,107.0,494.0,26.3,62,21.8,193,997.5,78,0,49,58,0.0,3600.0,43.6591,-70.2568,2022,7,12,18
2022-07-12 19:00:00,172.0,79.0,93.0,257.6,27.6,57,21.4,216,998.2,30,0,16,17,0.0,3600.0,43.6591,-70.2568,2022,7,12,19
2022-07-12 20:00:00,69.0,35.0,34.0,264.8,22.3,78,18.7,203,1000.2,37,0,9,100,0.0,3600.0,43.6591,-70.2568,2022,7,12,20
2022-07-12 21:00:00,2.0,0.0,2.0,0.0,22.8,76,13.2,225,1000.4,100,0,3,100,0.0,0.0,43.6591,-70.2568,2022,7,12,21
2022-07-12 22:00:00,0.0,0.0,0.0,0.0,23.4,68,13.9,233,1001.0,100,0,4,100,0.0,0.0,43.6591,-70.2568,2022,7,12,22
2022-07-12 23:00:00,0.0,0.0,0.0,0.0,23.4,68,15.3,236,1001.2,82,0,0,82,0.0,0.0,43.6591,-70.2568,2022,7,12,23
2022-07-13 00:00:00,0.0,0.0,0.0,0.0,22.8,73,14.5,243,1001.5,95,0,0,95,0.0,0.0,43.6591,-70.2568,2022,7,13,0
2022-07-13 01:00:00,0.0,0.0,0.0,0.0,22.3,77,13.5,241,1001.8,67,0,3,67,0.0,0.0,43.6591,-70.2568,2022,7,13,1
2022-07-13 02:00:00,0.0,0.0,0.0,0.0,21.9,81,13.3,268,1002.3,99,0,2,99,0.0,0.0,43.6591,-70.2568,2022,7,13,2
2022-07-13 03:00:00,0.0,0.0,0.0,0.0,21.4,78,12.6,270,1002.8,100,0,0,100,0.0,0.0,43.6591,-70.2568,2022,7,13,3
2022-07-13 04:00:00,0.0,0.0,0.0,0.0,20.8,78,11.5,272,1003.1,0,0,0,0,0.0,0.0,43.6591,-70.2568,2022,7,13,4
2022-07-13 05:00:00,0.0,0.0,0.0,0.0,19.9,81,11.3,279,1003.8,0,0,0,0,0.0,0.0,43.6591,-70.2568,2022,7,13,5
2022-07-13 06:00:00,20.0,9.0,11.0,118.5,19.8,82,11.2,291,1004.4,0,0,0,0,0.0,1966.94,43.6591,-70.2568,2022,7,13,6
2022-07-13 07:00:00,138.0,88.0,50.0,425.9,21.3,77,8.3,288,1005.2,0,0,0,0,0.0,3600.0,43.6591,-70.2568,2022,7,13,7
2022-07-13 08:00:00,306.0,232.0,74.0,608.9,23.5,69,7.3,303,1005.7,0,0,0,0,0.0,3600.0,43.6591,-70.2568,2022,7,13,8
2022-07-13 09:00:00,478.0,386.0,92.0,705.7,25.3,58,7.4,309,1006.1,6,3,4,0,0.0,3600.0,43.6591,-70.2568,2022,7,13,9
2022-07-13 10:00:00,609.0,498.0,111.0,718.5,26.1,52,7.0,305,1006.4,19,11,16,0,0.0,3600.0,43.6591,-70.2568,2022,7,13,10
2022-07-13 11:00:00,701.0,561.0,140.0,693.0,26.5,50,5.6,297,1006.8,30,19,21,0,0.0,3600.0,43.6591,-70.2568,2022,7,13,11
2022-07-13 12:00:00,708.0,544.0,164.0,612.5,26.4,50,4.2,250,1007.1,38,16,35,0,0.1,3600.0,43.6591,-70.2568,2022,7,13,12
2022-07-13 13:00:00,778.0,586.0,192.0,634.4,26.6,48,4.3,204,1006.9,35,6,34,0,0.2,3600.0,43.6591,-70.2568,2022,7,13,13
2022-07-13 14:00:00,787.0,618.0,169.0,676.3,27.3,44,4.0,207,1006.3,34,10,33,0,0.1,3600.0,43.6591,-70.2568,2022,7,13,14
2022-07-13 15:00:00,765.0,615.0,150.0,715.9,28.0,41,6.3,193,1006.1,51,2,51,0,0.0,3600.0,43.6591,-70.2568,2022,7,13,15
2022-07-13 16:00:00,635.0,463.0,172.0,606.6,26.9,57,13.1,172,1006.3,83,0,83,0,0.1,3600.0,43.6591,-70.2568,2022,7,13,16
2022-07-13 17:00:00,456.0,309.0,147.0,488.3,26.0,62,14.6,170,1006.4,100,0,100,0,0.0,3600.0,43.6591,-70.2568,2022,7,13,17
2022-07-13 18:00:00,234.0,76.0,158.0,159.4,25.2,71,11.0,169,1006.7,95,0,95,0,0.0,2983.49,43.6591,-70.2568,2022,7,13,18
2022-07-13 19:00:00,173.0,84.0,89.0,275.1,24.0,80,6.6,131,1007.2,27,0,27,0,0.0,3600.0,43.6591,-70.2568,2022,7,13,19
2022-07-13 20:00:00,68.0,32.0,36.0,244.8,21.1,85,10.5,128,1008.2,28,0,2,2,0.0,3600.0,43.6591,-70.2568,2022,7,13,20
2022-07-13 21:00:00,2.0,0.0,2.0,0.0,19.9,88,10.7,168,1008.8,25,4,24,2,0.0,0.0,43.6591,-70.2568,2022,7,13,21
2022-07-13 22:00:00,0.0,0.0,0.0,0.0,19.4,88,11.5,176,1009.5,20,1,20,0,0.0,0.0,43.6591,-70.2568,2022,7,13,22
2022-07-13 23:00:00,0.0,0.0,0.0,0.0,19.3,91,4.9,234,1009.8,22,0,21,1,0.1,0.0,43.6591,-70.2568,2022,7,13,23
2022-07-14 00:00:00,0.0,0.0,0.0,0.0,18.7,94,7.4,39,1010.1,11,0,10,1,0.0,0.0,43.6591,-70.2568,2022,7,14,0
2022-07-14 01:00:00,0.0,0.0,0.0,0.0,18.1,94,8.5,78,1010.3,44,0,41,5,0.0,0.0,43.6591,-70.2568,2022,7,14,1
2022-07-14 02:00:00,0.0,0.0,0.0,0.0,18.0,94,5.4,360,1010.1,99,0,99,24,0.0,0.0,43.6591,-70.2568,2022,7,14,2
2022-07-14 03:00:00,0.0,0.0,0.0,0.0,18.6,90,6.7,16,1010.2,100,0,100,11,0.0,0.0,43.6591,-70.2568,2022,7,14,3
2022-07-14 04:00:00,0.0,0.0,0.0,0.0,18.9,85,5.5,32,1010.1,96,0,93,42,0.0,0.0,43.6591,-70.2568,2022,7,14,4
2022-07-14 05:00:00,0.0,0.0,0.0,0.0,18.6,86,4.4,55,1010.5,99,3,50,97,0.0,0.0,43.6591,-70.2568,2022,7,14,5
2022-07-14 06:00:00,16.0,3.0,13.0,40.1,18.6,84,8.7,45,1010.6,56,8,20,44,0.0,0.0,43.6591,-70.2568,2022,7,14,6
2022-07-14 07:00:00,124.0,64.0,60.0,312.9,19.8,81,6.8,65,1010.7,23,8,22,0,0.0,3600.0,43.6591,-70.2568,2022,7,14,7
2022-07-14 08:00:00,267.0,173.0,94.0,456.3,21.6,67,5.0,21,1011.2,70,3,0,36,0.2,3600.0,43.6591,-70.2568,2022,7,14,8
2022-07-14 09:00:00,454.0,333.0,121.0,610.7,23.4,59,6.8,65,1010.9,69,7,69,0,0.0,3600.0,43.6591,-70.2568,2022,7,14,9
2022-07-14 10:00:00,479.0,244.0,235.0,352.8,23.8,57,7.9,93,1010.9,35,20,32,0,0.0,3600.0,43.6591,-70.2568,2022,7,14,10
2022-07-14 11:00:00,729.0,556.0,173.0,688.0,24.8,54,10.2,98,1011.2,26,23,19,1,0.0,3600.0,43.6591,-70.2568,2022,7,14,11
2022-07-14 12:00:00,623.0,410.0,213.0,462.2,23.9,60,10.5,94,1011.4,55,49,6,5,0.0,3600.0,43.6591,-70.2568,2022,7,14,12
2022-07-14 13:00:00,811.0,647.0,164.0,701.2,24.3,58,10.4,124,1011.3,92,65,49,70,0.0,3600.0,43.6591,-70.2568,2022,7,14,13
2022-07-14 14:00:00,606.0,325.0,281.0,356.0,22.2,68,9.7,138,1011.2,60,2,26,47,0.1,3600.0,43.6591,-70.2568,2022,7,14,14
2022-07-14 15:00:00,644.0,407.0,237.0,474.3,22.9,67,6.9,141,1010.8,91,10,24,87,0.0,3600.0,43.6591,-70.2568,2022,7,14,15
2022-07-14 16:00:00,469.0,212.0,257.0,278.1,23.1,69,7.5,163,1010.7,27,6,17,8,0.0,3600.0,43.6591,-70.2568,2022,7,14,16
2022-07-14 17:00:00,463.0,311.0,152.0,492.3,23.6,70,5.5,148,1010.1,50,11,22,29,0.0,3600.0,43.6591,-70.2568,2022,7,14,17
2022-07-14 18:00:00,324.0,202.0,122.0,424.8,22.6,82,4.2,239,1010.3,58,26,13,36,0.2,3600.0,43.6591,-70.2568,2022,7,14,18
2022-07-14 19:00:00,146.0,72.0,74.0,236.8,21.5,94,2.8,220,1010.5,32,12,23,0,0.0,3600.0,43.6591,-70.2568,2022,7,14,19
2022-07-14 20:00:00,62.0,26.0,36.0,201.2,21.1,82,7.0,35,1011.7,2,0,32,0,0.0,3600.0,43.6591,-70.2568,2022,7,14,20
2022-07-14 21:00:00,2.0,0.0,2.0,0.0,20.2,87,3.6,90,1012.5,12,1,11,0,0.0,0.0,43.6591,-70.2568,2022,7,14,21
2022-07-14 22:00:00,0.0,0.0,0.0,0.0,18.7,93,4.6,321,1013.0,5,2,5,0,0.0,0.0,43.6591,-70.2568,2022,7,14,22
2022-07-14 23:00:00,0.0,0.0,0.0,0.0,18.6,94,4.3,318,1013.1,7,2,6,0,0.0,0.0,43.6591,-70.2568,2022,7,14,23
2022-07-15 00:00:00,0.0,0.0,0.0,0.0,18.3,93,11.2,320,1013.4,1,1,0,0,0.0,0.0,43.6591,-70.2568,2022,7,15,0
2022-07-15 01:00:00,0.0,0.0,0.0,0.0,17.6,88,13.1,328,1013.8,0,0,0,0,0.0,0.0,43.6591,-70.2568,2022,7,15,1
2022-07-15 02:00:00,0.0,0.0,0.0,0.0,17.2,87,13.8,327,1013.8,0,0,0,0,0.0,0.0,43.6591,-70.2568,2022,7,15,2
2022-07-15 03:00:00,0.0,0.0,0.0,0.0,16.9,88,13.0,321,1014.0,0,0,0,0,0.0,0.0,43.6591,-70.2568,2022,7,15,3
2022-07-15 04:00:00,0.0,0.0,0.0,0.0,16.4,91,11.5,311,1014.1,11,0,0,11,0.0,0.0,43.6591,-70.2568,2022,7,15,4
2022-07-15 05:00:00,0.0,0.0,0.0,0.0,15.9,94,10.6,298,1014.6,0,0,0,0,0.0,0.0,43.6591,-70.2568,2022,7,15,5
2022-07-15 06:00:00,19.0,8.0,11.0,108.3,16.0,93,10.8,300,1015.1,0,0,0,0,0.0,1646.67,43.6591,-70.2568,2022,7,15,6
2022-07-15 07:00:00,136.0,85.0,51.0,420.0,17.9,84,8.8,305,1015.1,0,0,0,0,0.0,3600.0,43.6591,-70.2568,2022,7,15,7
2022-07-15 08:00:00,306.0,231.0,75.0,612.4,19.6,76,8.9,297,1015.8,0,0,0,0,0.0,3600.0,43.6591,-70.2568,2022,7,15,8
2022-07-15 09:00:00,484.0,394.0,90.0,724.9,22.2,60,11.0,311,1015.9,0,0,0,0,0.0,3600.0,43.6591,-70.2568,2022,7,15,9
2022-07-15 10:00:00,649.0,549.0,100.0,795.6,24.4,45,12.0,316,1015.9,8,4,5,0,0.0,3600.0,43.6591,-70.2568,2022,7,15,10
2022-07-15 11:00:00,755.0,633.0,122.0,784.6,25.8,35,10.7,320,1016.1,5,1,5,0,0.0,3600.0,43.6591,-70.2568,2022,7,15,11
2022-07-15 12:00:00,850.0,728.0,122.0,821.8,26.6,31,7.9,294,1015.8,11,0,11,0,0.0,3600.0,43.6591,-70.2568,2022,7,15,12
2022-07-15 13:00:00,848.0,689.0,159.0,747.6,26.7,31,7.9,267,1015.3,11,0,11,0,0.0,3600.0,43.6591,-70.2568,2022,7,15,13
2022-07-15 14:00:00,791.0,603.0,188.0,661.3,26.9,29,5.6,243,1014.7,32,0,32,0,0.0,3600.0,43.6591,-70.2568,2022,7,15,14
2022-07-15 15:00:00,721.0,542.0,179.0,632.3,26.3,39,13.0,185,1014.8,100,0,100,0,0.0,3600.0,43.6591,-70.2568,2022,7,15,15
2022-07-15 16:00:00,317.0,65.0,252.0,85.4,23.8,54,17.4,173,1014.9,98,0,98,0,0.0,761.46,43.6591,-70.2568,2022,7,15,16
2022-07-15 17:00:00,383.0,157.0,226.0,248.9,23.9,57,16.4,171,1014.5,92,0,92,0,0.0,3600.0,43.6591,-70.2568,2022,7,15,17
2022-07-15 18:00:00,212.0,60.0,152.0,126.5,23.1,62,13.0,174,1014.6,98,0,98,0,0.0,1995.63,43.6591,-70.2568,2022,7,15,18
2022-07-15 19:00:00,118.0,41.0,77.0,135.5,22.5,64,9.7,176,1014.7,49,0,49,0,0.0,2264.19,43.6591,-70.2568,2022,7,15,19
2022-07-15 20:00:00,59.0,24.0,35.0,188.1,22.8,53,15.8,204,1015.5,20,0,97,0,0.0,3600.0,43.6591,-70.2568,2022,7,15,20
2022-07-15 21:00:00,1.0,0.0,1.0,0.0,21.7,58,12.7,215,1015.6,99,0,99,0,0.0,0.0,43.6591,-70.2568,2022,7,15,21
2022-07-15 22:00:00,0.0,0.0,0.0,0.0,20.3,65,10.8,244,1016.0,100,0,100,0,0.0,0.0,43.6591,-70.2568,2022,7,15,22
2022-07-15 23:00:00,0.0,0.0,0.0,0.0,19.6,68,9.1,263,1016.0,2,0,0,2,0.0,0.0,43.6591,-70.2568,2022,7,15,23
2022-07-16 00:00:00,0.0,0.0,0.0,0.0,18.1,75,8.6,268,1016.2,28,0,0,28,0.0,0.0,43.6591,-70.2568,2022,7,16,0
2022-07-16 01:00:00,0.0,0.0,0.0,0.0,17.5,81,7.2,288,1016.4,45,0,2,44,0.0,0.0,43.6591,-70.2568,2022,7,16,1
2022-07-16 02:00:00,0.0,0.0,0.0,0.0,17.4,85,5.8,300,1016.2,100,0,9,100,0.0,0.0,43.6591,-70.2568,2022,7,16,2
2022-07-16 03:00:00,0.0,0.0,0.0,0.0,17.1,88,3.9,292,1016.3,100,0,35,100,0.0,0.0,43.6591,-70.2568,2022,7,16,3
2022-07-16 04:00:00,0.0,0.0,0.0,0.0,16.7,90,3.2,270,1016.2,98,0,0,98,0.0,0.0,43.6591,-70.2568,2022,7,16,4
2022-07-16 05:00:00,0.0,0.0,0.0,0.0,16.4,91,2.9,300,1016.2,100,0,1,100,0.0,0.0,43.6591,-70.2568,2022,7,16,5
2022-07-16 06:00:00,17.0,5.0,12.0,68.7,16.5,92,3.3,283,1016.2,97,0,7,97,0.0,590.08,43.6591,-70.2568,2022,7,16,6
2022-07-16 07:00:00,113.0,47.0,66.0,234.8,18.5,77,4.8,222,1016.1,100,0,1,100,0.0,3600.0,43.6591,-70.2568,2022,7,16,7
2022-07-16 08:00:00,148.0,8.0,140.0,21.3,20.7,81,1.1,180,1016.6,100,0,3,100,0.0,0.0,43.6591,-70.2568,2022,7,16,8
2022-07-16 09:00:00,385.0,171.0,214.0,315.6,22.7,64,4.5,151,1016.4,100,0,0,100,0.0,3600.0,43.6591,-70.2568,2022,7,16,9
2022-07-16 10:00:00,497.0,219.0,278.0,318.1,23.4,61,5.4,138,1016.2,100,2,4,100,0.0,3600.0,43.6591,-70.2568,2022,7,16,10
2022-07-16 11:00:00,485.0,129.0,356.0,160.2,23.7,61,5.4,132,1015.9,100,8,22,100,0.0,3004.84,43.6591,-70.2568,2022,7,16,11
2022-07-16 12:00:00,617.0,222.0,395.0,251.0,24.8,61,5.7,145,1015.5,100,14,47,100,0.0,3600.0,43.6591,-70.2568,2022,7,16,12
2022-07-16 13:00:00,535.0,203.0,332.0,220.5,23.7,69,12.0,147,1014.9,100,21,49,100,0.0,3600.0,43.6591,-70.2568,2022,7,16,13
2022-07-16 14:00:00,647.0,264.0,383.0,289.8,25.2,65,9.7,141,1014.1,100,0,75,100,0.1,3600.0,43.6591,-70.2568,2022,7,16,14
2022-07-16 15:00:00,610.0,232.0,378.0,271.0,27.2,51,15.1,180,1013.4,100,0,100,100,0.0,3600.0,43.6591,-70.2568,2022,7,16,15
2022-07-16 16:00:00,302.0,50.0,252.0,65.8,25.7,53,15.5,181,1013.0,100,0,100,100,0.0,173.16,43.6591,-70.2568,2022,7,16,16
2022-07-16 17:00:00,233.0,37.0,196.0,58.8,23.4,65,18.2,188,1012.7,100,0,40,100,0.0,0.0,43.6591,-70.2568,2022,7,16,17
2022-07-16 18:00:00,245.0,46.0,199.0,97.3,22.9,66,15.5,193,1012.1,100,0,0,100,0.0,1118.16,43.6591,-70.2568,2022,7,16,18
2022-07-16 19:00:00,146.0,21.0,125.0,69.7,22.6,64,19.6,193,1012.0,100,0,1,100,0.0,292.1,43.6591,-70.2568,2022,7,16,19
2022-07-16 20:00:00,53.0,4.0,49.0,31.8,22.9,64,14.5,207,1012.3,100,0,0,100,0.0,0.0,43.6591,-70.2568,2022,7,16,20
2022-07-16 21:00:00,2.0,0.0,2.0,0.0,22.3,64,16.1,209,1012.7,100,0,0,100,0.0,0.0,43.6591,-70.2568,2022,7,16,21
2022-07-16 22:00:00,0.0,0.0,0.0,0.0,22.3,66,15.7,212,1012.8,100,0,1,100,0.0,0.0,43.6591,-70.2568,2022,7,16,22
2022-07-16 23:00:00,0.0,0.0,0.0,0.0,22.1,69,14.4,217,1012.8,100,0,23,100,0.0,0.0,43.6591,-70.2568,2022,7,16,23
2022-07-17 00:00:00,0.0,0.0,0.0,0.0,21.3,73,12.9,216,1012.9,100,0,28,100,0.0,0.0,43.6591,-70.2568,2022,7,17,0
2022-07-17 01:00:00,0.0,0.0,0.0,0.0,20.7,77,12.2,225,1012.9,99,0,21,99,0.0,0.0,43.6591,-70.2568,2022,7,17,1
2022-07-17 02:00:00,0.0,0.0,0.0,0.0,20.1,80,10.8,233,1012.6,10,0,10,0,0.0,0.0,43.6591,-70.2568,2022,7,17,2
2022-07-17 03:00:00,0.0,0.0,0.0,0.0,19.4,84,10.5,221,1012.3,1,0,1,0,0.0,0.0,43.6591,-70.2568,2022,7,17,3
2022-07-17 04:00:00,0.0,0.0,0.0,0.0,18.7,89,10.0,218,1012.3,21,0,21,0,0.0,0.0,43.6591,-70.2568,2022,7,17,4
2022-07-17 05:00:00,0.0,0.0,0.0,0.0,18.4,92,10.2,219,1012.0,11,0,11,0,0.0,0.0,43.6591,-70.2568,2022,7,17,5
2022-07-17 06:00:00,16.0,6.0,10.0,83.7,18.5,93,9.7,228,1012.2,76,0,18,71,0.0,971.78,43.6591,-70.2568,2022,7,17,6
2022-07-17 07:00:00,115.0,60.0,55.0,303.1,20.2,86,7.5,235,1012.3,96,0,13,95,0.0,3600.0,43.6591,-70.2568,2022,7,17,7
2022-07-17 08:00:00,269.0,162.0,107.0,434.1,22.4,78,2.4,207,1012.5,4,0,0,0,0.0,3600.0,43.6591,-70.2568,2022,7,17,8
2022-07-17 09:00:00,469.0,377.0,92.0,698.2,24.8,67,1.1,162,1012.4,0,0,0,0,0.0,3600.0,43.6591,-70.2568,2022,7,17,9
2022-07-17 10:00:00,629.0,525.0,104.0,764.3,26.4,58,3.3,139,1012.5,8,0,8,0,0.0,3600.0,43.6591,-70.2568,2022,7,17,10
2022-07-17 11:00:00,746.0,625.0,121.0,777.3,27.2,54,5.4,138,1012.6,30,3,28,1,0.0,3600.0,43.6591,-70.2568,2022,7,17,11
2022-07-17 12:00:00,730.0,566.0,164.0,640.8,27.4,53,7.9,156,1012.3,25,8,18,0,0.0,3600.0,43.6591,-70.2568,2022,7,17,12
2022-07-17 13:00:00,790.0,619.0,171.0,673.3,27.7,50,9.2,149,1011.8,33,7,28,0,0.0,3600.0,43.6591,-70.2568,2022,7,17,13
2022-07-17 14:00:00,747.0,565.0,182.0,621.0,27.4,47,10.9,172,1011.8,79,16,62,36,0.1,3600.0,43.6591,-70.2568,2022,7,17,14
2022-07-17 15:00:00,625.0,438.0,187.0,512.2,26.5,64,9.9,170,1011.5,31,7,25,1,0.7,3600.0,43.6591,-70.2568,2022,7,17,15
2022-07-17 16:00:00,634.0,486.0,148.0,640.3,26.8,59,11.6,175,1011.3,33,10,25,0,0.0,3600.0,43.6591,-70.2568,2022,7,17,16
2022-07-17 17:00:00,475.0,357.0,118.0,568.3,26.1,63,13.0,175,1010.7,13,0,12,1,0.0,3600.0,43.6591,-70.2568,2022,7,17,17
2022-07-17 18:00:00,362.0,270.0,92.0,572.7,25.2,65,11.9,175,1010.6,47,0,20,34,0.0,3600.0,43.6591,-70.2568,2022,7,17,18
2022-07-17 19:00:00,208.0,139.0,69.0,464.1,23.3,73,14.0,181,1010.8,4,0,4,0,0.0,3600.0,43.6591,-70.2568,2022,7,17,19
2022-07-17 20:00:00,69.0,37.0,32.0,298.2,21.8,82,10.0,165,1011.3,17,0,1,0,0.0,3600.0,43.6591,-70.2568,2022,7,17,20
2022-07-17 21:00:00,2.0,0.0,2.0,0.0,20.3,86,9.7,165,1011.7,0,0,0,0,0.0,0.0,43.6591,-70.2568,2022,7,17,21
2022-07-17 22:00:00,0.0,0.0,0.0,0.0,19.7,89,6.8,162,1011.8,0,0,0,0,0.0,0.0,43.6591,-70.2568,2022,7,17,22
2022-07-17 23:00:00,0.0,0.0,0.0,0.0,20.4,86,7.4,241,1011.7,0,0,0,0,0.0,0.0,43.6591,-70.2568,2022,7,17,23
2022-07-18 00:00:00,0.0,0.0,0.0,0.0,22.1,75,9.2,244,1011.8,0,0,0,0,0.0,0.0,43.6591,-70.2568,2022,7,18,0
2022-07-18 01:00:00,0.0,0.0,0.0,0.0,21.6,76,9.2,244,1011.6,0,0,0,0,0.0,0.0,43.6591,-70.2568,2022,7,18,1
2022-07-18 02:00:00,0.0,0.0,0.0,0.0,20.8,79,11.7,236,1011.4,0,0,0,0,0.0,0.0,43.6591,-70.2568,2022,7,18,2
2022-07-18 03:00:00,0.0,0.0,0.0,0.0,20.2,81,10.3,245,1011.7,0,0,0,0,0.0,0.0,43.6591,-70.2568,2022,7,18,3
2022-07-18 04:00:00,0.0,0.0,0.0,0.0,19.5,85,8.9,238,1011.6,98,0,0,98,0.0,0.0,43.6591,-70.2568,2022,7,18,4
2022-07-18 05:00:00,0.0,0.0,0.0,0.0,19.1,88,8.9,227,1011.5,100,0,0,100,0.0,0.0,43.6591,-70.2568,2022,7,18,5
2022-07-18 06:00:00,15.0,2.0,13.0,28.4,19.2,89,8.9,227,1011.6,100,0,0,100,0.0,0.0,43.6591,-70.2568,2022,7,18,6
2022-07-18 07:00:00,108.0,36.0,72.0,183.9,20.7,85,6.2,201,1011.5,100,0,0,100,0.0,3600.0,43.6591,-70.2568,2022,7,18,7
2022-07-18 08:00:00,233.0,91.0,142.0,245.2,22.6,80,5.4,188,1011.4,100,0,0,100,0.0,3600.0,43.6591,-70.2568,2022,7,18,8
2022-07-18 09:00:00,425.0,273.0,152.0,507.3,24.8,73,6.8,180,1011.2,100,0,0,100,0.0,3600.0,43.6591,-70.2568,2022,7,18,9
2022-07-18 10:00:00,545.0,314.0,231.0,458.2,26.3,69,8.9,166,1010.8,100,0,0,100,0.0,3600.0,43.6591,-70.2568,2022,7,18,10
2022-07-18 11:00:00,660.0,384.0,276.0,478.5,26.5,70,13.4,160,1010.3,100,12,13,100,0.0,3600.0,43.6591,-70.2568,2022,7,18,11
2022-07-18 12:00:00,719.0,404.0,315.0,458.0,26.0,72,15.8,168,1010.0,100,30,21,100,0.0,3600.0,43.6591,-70.2568,2022,7,18,12
2022-07-18 13:00:00,504.0,95.0,409.0,103.5,25.3,73,14.0,180,1009.3,100,9,100,100,0.0,1303.9,43.6591,-70.2568,2022,7,18,13
2022-07-18 14:00:00,193.0,1.0,192.0,1.1,24.0,80,12.6,182,1008.8,100,5,100,100,0.2,0.0,43.6591,-70.2568,2022,7,18,14
2022-07-18 15:00:00,192.0,6.0,186.0,7.0,22.7,90,14.1,186,1008.4,100,0,100,100,1.0,0.0,43.6591,-70.2568,2022,7,18,15
2022-07-18 16:00:00,158.0,1.0,157.0,1.3,22.1,96,12.3,183,1008.0,100,0,100,100,0.7,0.0,43.6591,-70.2568,2022,7,18,16
2022-07-18 17:00:00,63.0,0.0,63.0,0.0,21.2,98,12.3,175,1007.1,100,0,100,100,0.4,0.0,43.6591,-70.2568,2022,7,18,17
2022-07-18 18:00:00,45.0,0.0,45.0,0.0,20.7,98,12.9,162,1005.6,100,8,100,100,0.4,0.0,43.6591,-70.2568,2022,7,18,18
2022-07-18 19:00:00,42.0,0.0,42.0,0.0,20.5,100,13.9,170,1005.0,100,14,100,100,0.8,0.0,43.6591,-70.2568,2022,7,18,19
2022-07-18 20:00:00,6.0,0.0,6.0,0.0,20.7,100,21.0,186,1003.9,100,18,69,100,0.4,0.0,43.6591,-70.2568,2022,7,18,20
2022-07-18 21:00:00,1.0,0.0,1.0,0.0,20.9,100,22.3,194,1003.3,100,100,23,100,0.2,0.0,43.6591,-70.2568,2022,7,18,21
2022-07-18 22:00:00,0.0,0.0,0.0,0.0,21.2,100,21.0,193,1002.4,100,100,100,100,0.2,0.0,43.6591,-70.2568,2022,7,18,22
2022-07-18 23:00:00,0.0,0.0,0.0,0.0,21.4,99,21.0,196,1001.5,100,100,100,100,0.1,0.0,43.6591,-70.2568,2022,7,18,23
2022-07-19 00:00:00,0.0,0.0,0.0,0.0,21.5,100,19.6,193,1000.5,100,100,100,100,0.9,0.0,43.6591,-70.2568,2022,7,19,0
2022-07-19 01:00:00,0.0,0.0,0.0,0.0,21.6,100,20.4,197,999.4,100,100,98,100,3.2,0.0,43.6591,-70.2568,2022,7,19,1
2022-07-19 02:00:00,0.0,0.0,0.0,0.0,21.7,100,18.1,197,998.3,100,100,98,99,3.0,0.0,43.6591,-70.2568,2022,7,19,2
2022-07-19 03:00:00,0.0,0.0,0.0,0.0,22.0,100,17.9,205,997.3,100,100,47,1,1.1,0.0,43.6591,-70.2568,2022,7,19,3
2022-07-19 04:00:00,0.0,0.0,0.0,0.0,22.0,100,16.0,211,996.5,88,88,2,0,0.0,0.0,43.6591,-70.2568,2022,7,19,4
2022-07-19 05:00:00,0.0,0.0,0.0,0.0,21.9,98,14.5,228,996.2,39,18,25,0,0.0,0.0,43.6591,-70.2568,2022,7,19,5
2022-07-19 06:00:00,12.0,3.0,9.0,43.2,21.6,98,14.3,236,996.0,20,4,19,0,0.0,0.0,43.6591,-70.2568,2022,7,19,6
2022-07-19 07:00:00,108.0,53.0,55.0,274.0,22.1,96,14.4,248,996.2,21,4,19,0,0.0,3600.0,43.6591,-70.2568,2022,7,19,7
2022-07-19 08:00:00,250.0,156.0,94.0,422.7,22.9,91,16.8,285,996.4,18,35,4,0,0.1,3600.0,43.6591,-70.2568,2022,7,19,8
2022-07-19 09:00:00,426.0,307.0,119.0,572.5,24.1,75,20.3,307,997.2,13,13,0,0,0.0,3600.0,43.6591,-70.2568,2022,7,19,9
2022-07-19 10:00:00,612.0,499.0,113.0,729.9,25.6,64,20.7,301,997.6,3,3,0,0,0.0,3600.0,43.6591,-70.2568,2022,7,19,10
2022-07-19 11:00:00,759.0,647.0,112.0,807.6,27.4,58,20.1,297,997.7,16,15,0,0,0.0,3600.0,43.6591,-70.2568,2022,7,19,11
2022-07-19 12:00:00,829.0,694.0,135.0,788.0,29.1,54,18.2,284,997.6,9,4,5,0,0.0,3600.0,43.6591,-70.2568,2022,7,19,12
2022-07-19 13:00:00,864.0,738.0,126.0,804.8,30.5,50,20.6,274,997.4,21,5,17,0,0.0,3600.0,43.6591,-70.2568,2022,7,19,13
2022-07-19 14:00:00,787.0,629.0,158.0,693.2,30.9,48,22.7,280,997.5,26,8,17,3,0.0,3600.0,43.6591,-70.2568,2022,7,19,14
2022-07-19 15:00:00,733.0,588.0,145.0,689.6,30.3,45,21.6,281,997.9,43,0,22,26,0.1,3600.0,43.6591,-70.2568,2022,7,19,15
2022-07-19 16:00:00,604.0,448.0,156.0,592.2,30.2,48,21.3,274,997.8,17,4,16,0,0.0,3600.0,43.6591,-70.2568,2022,7,19,16
2022-07-19 17:00:00,524.0,405.0,119.0,647.5,29.8,50,20.2,272,997.8,11,0,11,0,0.0,3600.0,43.6591,-70.2568,2022,7,19,17
2022-07-19 18:00:00,374.0,288.0,86.0,614.9,29.4,53,14.4,273,997.9,8,0,8,0,0.0,3600.0,43.6591,-70.2568,2022,7,19,18
2022-07-19 19:00:00,215.0,151.0,64.0,510.0,27.9,60,11.8,258,998.4,3,1,2,0,0.0,3600.0,43.6591,-70.2568,2022,7,19,19
2022-07-19 20:00:00,68.0,37.0,31.0,307.9,26.5,64,10.8,285,999.0,1,1,14,0,0.0,3600.0,43.6591,-70.2568,2022,7,19,20
2022-07-19 21:00:00,1.0,0.0,1.0,0.0,24.7,67,11.2,272,999.9,1,0,1,0,0.0,0.0,43.6591,-70.2568,2022,7,19,21
2022-07-19 22:00:00,0.0,0.0,0.0,0.0,23.9,68,12.7,278,1000.6,0,0,0,0,0.0,0.0,43.6591,-70.2568,2022,7,19,22
2022-07-19 23:00:00,0.0,0.0,0.0,0.0,23.0,72,11.2,285,1001.0,0,0,0,0,0.0,0.0,43.6591,-70.2568,2022,7,19,23
2022-07-20 00:00:00,0.0,0.0,0.0,0.0,21.9,77,11.3,277,1001.2,100,0,0,100,0.0,0.0,43.6591,-70.2568,2022,7,20,0
2022-07-20 01:00:00,0.0,0.0,0.0,0.0,21.6,79,12.2,270,1001.0,100,0,0,100,0.0,0.0,43.6591,-70.2568,2022,7,20,1
2022-07-20 02:00:00,0.0,0.0,0.0,0.0,21.7,79,11.5,268,1001.1,92,0,0,92,0.0,0.0,43.6591,-70.2568,2022,7,20,2
2022-07-20 03:00:00,0.0,0.0,0.0,0.0,21.3,81,11.5,272,1001.3,100,0,0,100,0.0,0.0,43.6591,-70.2568,2022,7,20,3
2022-07-20 04:00:00,0.0,0.0,0.0,0.0,20.9,84,10.5,276,1001.5,99,0,0,99,0.0,0.0,43.6591,-70.2568,2022,7,20,4
2022-07-20 05:00:00,0.0,0.0,0.0,0.0,20.3,87,9.7,272,1001.7,96,0,0,96,0.0,0.0,43.6591,-70.2568,2022,7,20,5
2022-07-20 06:00:00,14.0,4.0,10.0,58.6,20.3,88,8.9,284,1001.9,96,0,0,96,0.0,328.02,43.6591,-70.2568,2022,7,20,6
2022-07-20 07:00:00,120.0,69.0,51.0,361.0,22.0,84,8.2,285,1002.1,0,0,0,0,0.0,3600.0,43.6591,-70.2568,2022,7,20,7
2022-07-20 08:00:00,286.0,211.0,75.0,575.0,24.8,75,7.2,270,1002.7,4,0,0,20,0.0,3600.0,43.6591,-70.2568,2022,7,20,8
2022-07-20 09:00:00,463.0,374.0,89.0,699.9,27.3,66,6.9,264,1002.6,7,0,0,7,0.0,3600.0,43.6591,-70.2568,2022,7,20,9
2022-07-20 10:00:00,626.0,527.0,99.0,772.8,29.1,55,6.8,267,1002.5,17,8,14,0,0.0,3600.0,43.6591,-70.2568,2022,7,20,10
2022-07-20 11:00:00,685.0,560.0,125.0,700.3,29.7,49,6.2,291,1002.7,24,2,20,5,0.0,3600.0,43.6591,-70.2568,2022,7,20,11
2022-07-20 12:00:00,788.0,655.0,133.0,744.9,29.8,50,1.5,104,1002.6,16,4,11,3,0.0,3600.0,43.6591,-70.2568,2022,7,20,12
2022-07-20 13:00:00,787.0,619.0,168.0,676.0,29.5,64,6.0,123,1002.4,36,16,17,11,0.0,3600.0,43.6591,-70.2568,2022,7,20,13
2022-07-20 14:00:00,794.0,632.0,162.0,697.4,27.2,83,11.6,150,1002.5,70,6,65,13,1.2,3600.0,43.6591,-70.2568,2022,7,20,14
2022-07-20 15:00:00,471.0,298.0,173.0,350.0,27.3,77,9.2,135,1002.2,75,10,66,25,0.0,3600.0,43.6591,-70.2568,2022,7,20,15
2022-07-20 16:00:00,426.0,266.0,160.0,352.2,26.8,78,10.5,121,1001.8,29,1,22,9,0.4,3600.0,43.6591,-70.2568,2022,7,20,16
2022-07-20 17:00:00,454.0,346.0,108.0,554.5,27.2,71,13.8,171,1001.3,37,3,29,9,0.0,3600.0,43.6591,-70.2568,2022,7,20,17
2022-07-20 18:00:00,350.0,246.0,104.0,527.1,27.7,68,12.6,193,1001.1,76,0,24,69,0.1,3600.0,43.6591,-70.2568,2022,7,20,18
2022-07-20 19:00:00,201.0,128.0,73.0,435.1,27.0,66,13.2,202,1001.0,88,0,14,86,0.0,3600.0,43.6591,-70.2568,2022,7,20,19
2022-07-20 20:00:00,60.0,27.0,33.0,227.2,27.5,73,9.6,250,1001.2,3,0,3,59,0.0,3600.0,43.6591,-70.2568,2022,7,20,20
2022-07-20 21:00:00,1.0,0.0,1.0,0.0,25.7,79,11.1,234,1001.6,5,0,1,4,0.0,0.0,43.6591,-70.2568,2022,7,20,21
2022-07-20 22:00:00,0.0,0.0,0.0,0.0,25.2,77,10.7,237,1002.0,16,0,16,0,0.0,0.0,43.6591,-70.2568,2022,7,20,22
2022-07-20 23:00:00,0.0,0.0,0.0,0.0,24.3,81,10.3,234,1001.9,4,0,4,0,0.0,0.0,43.6591,-70.2568,2022,7,20,23
2022-07-21 00:00:00,0.0,0.0,0.0,0.0,23.9,82,9.7,239,1001.7,5,0,0,4,0.0,0.0,43.6591,-70.2568,2022,7,21,0
2022-07-21 01:00:00,0.0,0.0,0.0,0.0,23.7,83,7.1,229,1001.3,3,0,3,0,0.0,0.0,43.6591,-70.2568,2022,7,21,1
2022-07-21 02:00:00,0.0,0.0,0.0,0.0,23.3,85,7.8,214,1001.2,2,0,2,0,0.0,0.0,43.6591,-70.2568,2022,7,21,2
2022-07-21 03:00:00,0.0,0.0,0.0,0.0,23.1,87,5.4,200,1001.0,2,0,2,0,0.0,0.0,43.6591,-70.2568,2022,7,21,3
2022-07-21 04:00:00,0.0,0.0,0.0,0.0,22.0,94,10.3,192,1001.2,93,0,0,93,0.0,0.0,43.6591,-70.2568,2022,7,21,4
2022-07-21 05:00:00,0.0,0.0,0.0,0.0,21.9,94,9.6,193,1001.1,23,0,0,23,0.0,0.0,43.6591,-70.2568,2022,7,21,5
2022-07-21 06:00:00,13.0,5.0,8.0,74.5,22.1,92,10.4,194,1001.0,4,0,4,0,0.0,708.41,43.6591,-70.2568,2022,7,21,6
2022-07-21 07:00:00,118.0,71.0,47.0,376.0,23.5,88,9.8,186,1001.1,99,0,0,99,0.0,3600.0,43.6591,-70.2568,2022,7,21,7
2022-07-21 08:00:00,273.0,189.0,84.0,518.0,24.3,92,8.3,180,1000.9,34,0,0,90,0.0,3600.0,43.6591,-70.2568,2022,7,21,8
2022-07-21 09:00:00,442.0,336.0,106.0,631.0,25.9,83,10.2,172,1001.0,40,0,2,39,0.0,3600.0,43.6591,-70.2568,2022,7,21,9
2022-07-21 10:00:00,606.0,498.0,108.0,732.1,26.9,73,14.3,170,1000.8,91,0,1,91,0.0,3600.0,43.6591,-70.2568,2022,7,21,10
2022-07-21 11:00:00,695.0,492.0,203.0,616.5,27.7,69,16.6,175,1000.9,99,0,4,99,0.0,3600.0,43.6591,-70.2568,2022,7,21,11
2022-07-21 12:00:00,748.0,482.0,266.0,549.0,28.4,69,18.1,173,1000.4,62,3,31,44,0.0,3600.0,43.6591,-70.2568,2022,7,21,12
2022-07-21 13:00:00,803.0,641.0,162.0,701.0,28.0,70,20.2,178,999.8,35,14,20,9,0.1,3600.0,43.6591,-70.2568,2022,7,21,13
2022-07-21 14:00:00,710.0,547.0,163.0,604.5,27.4,73,21.3,176,999.0,34,1,23,14,0.0,3600.0,43.6591,-70.2568,2022,7,21,14
2022-07-21 15:00:00,723.0,555.0,168.0,652.9,27.2,72,22.1,173,998.0,20,0,15,6,0.0,3600.0,43.6591,-70.2568,2022,7,21,15
2022-07-21 16:00:00,655.0,516.0,139.0,684.6,27.5,70,20.6,185,998.4,98,0,14,98,0.0,3600.0,43.6591,-70.2568,2022,7,21,16
2022-07-21 17:00:00,309.0,101.0,208.0,162.3,26.0,75,20.1,190,998.9,56,0,51,32,0.3,3068.31,43.6591,-70.2568,2022,7,21,17
2022-07-21 18:00:00,341.0,231.0,110.0,496.8,26.9,77,13.8,213,998.3,48,0,23,34,0.3,3600.0,43.6591,-70.2568,2022,7,21,18
2022-07-21 19:00:00,177.0,102.0,75.0,349.1,26.7,78,11.5,212,998.1,29,1,6,25,0.0,3600.0,43.6591,-70.2568,2022,7,21,19
2022-07-21 20:00:00,60.0,30.0,30.0,254.5,24.0,92,12.8,202,998.8,4,0,6,17,0.0,3600.0,43.6591,-70.2568,2022,7,21,20
2022-07-21 21:00:00,1.0,0.0,1.0,0.0,24.3,90,13.0,219,999.2,18,0,14,5,0.0,0.0,43.6591,-70.2568,2022,7,21,21
2022-07-21 22:00:00,0.0,0.0,0.0,0.0,24.8,87,13.0,228,999.9,13,0,13,0,0.0,0.0,43.6591,-70.2568,2022,7,21,22
2022-07-21 23:00:00,0.0,0.0,0.0,0.0,24.6,88,12.9,234,1000.1,1,0,1,0,0.0,0.0,43.6591,-70.2568,2022,7,21,23
2022-07-22 00:00:00,0.0,0.0,0.0,0.0,24.0,90,12.7,241,1000.3,0,0,0,0,0.0,0.0,43.6591,-70.2568,2022,7,22,0
2022-07-22 01:00:00,0.0,0.0,0.0,0.0,23.6,87,12.8,248,1000.4,0,0,0,0,0.0,0.0,43.6591,-70.2568,2022,7,22,1
2022-07-22 02:00:00,0.0,0.0,0.0,0.0,23.1,87,13.2,259,1000.8,0,0,0,0,0.0,0.0,43.6591,-70.2568,2022,7,22,2
2022-07-22 03:00:00,0.0,0.0,0.0,0.0,22.6,86,12.6,267,1001.4,0,0,0,0,0.0,0.0,43.6591,-70.2568,2022,7,22,3
2022-07-22 04:00:00,0.0,0.0,0.0,0.0,21.9,87,12.0,263,1002.2,0,0,0,0,0.0,0.0,43.6591,-70.2568,2022,7,22,4
2022-07-22 05:00:00,0.0,0.0,0.0,0.0,21.4,87,11.9,268,1002.9,0,0,0,0,0.0,0.0,43.6591,-70.2568,2022,7,22,5
2022-07-22 06:00:00,13.0,5.0,8.0,75.8,21.2,86,11.5,268,1003.8,0,0,0,0,0.0,732.58,43.6591,-70.2568,2022,7,22,6
2022-07-22 07:00:00,122.0,78.0,44.0,418.3,22.6,83,10.2,260,1004.4,0,0,0,0,0.0,3600.0,43.6591,-70.2568,2022,7,22,7
2022-07-22 08:00:00,290.0,220.0,70.0,606.5,24.5,74,10.4,284,1005.0,0,0,0,0,0.0,3600.0,43.6591,-70.2568,2022,7,22,8
2022-07-22 09:00:00,468.0,383.0,85.0,721.8,26.8,60,10.9,297,1005.4,0,0,0,0,0.0,3600.0,43.6591,-70.2568,2022,7,22,9
2022-07-22 10:00:00,629.0,533.0,96.0,785.5,28.5,51,6.5,289,1005.6,0,0,0,0,0.0,3600.0,43.6591,-70.2568,2022,7,22,10
2022-07-22 11:00:00,768.0,666.0,102.0,836.1,30.0,43,7.8,248,1005.9,44,0,44,0,0.0,3600.0,43.6591,-70.2568,2022,7,22,11
2022-07-22 12:00:00,704.0,547.0,157.0,624.1,30.0,39,8.9,238,1005.7,19,0,19,0,0.0,3600.0,43.6591,-70.2568,2022,7,22,12
2022-07-22 13:00:00,832.0,697.0,135.0,763.4,30.5,39,11.8,247,1005.7,31,0,31,0,0.0,3600.0,43.6591,-70.2568,2022,7,22,13
2022-07-22 14:00:00,802.0,635.0,167.0,702.8,31.0,37,14.2,249,1005.4,25,0,25,0,0.0,3600.0,43.6591,-70.2568,2022,7,22,14
2022-07-22 15:00:00,716.0,563.0,153.0,663.4,31.1,37,15.5,239,1005.0,25,0,25,0,0.1,3600.0,43.6591,-70.2568,2022,7,22,15
2022-07-22 16:00:00,676.0,562.0,114.0,747.1,30.7,42,12.7,225,1005.3,13,0,13,0,0.1,3600.0,43.6591,-70.2568,2022,7,22,16
2022-07-22 17:00:00,524.0,421.0,103.0,678.2,29.5,59,9.3,193,1005.5,19,0,14,5,0.0,3600.0,43.6591,-70.2568,2022,7,22,17
2022-07-22 18:00:00,345.0,258.0,87.0,557.1,28.5,66,9.8,208,1005.6,16,0,16,0,0.0,3600.0,43.6591,-70.2568,2022,7,22,18
2022-07-22 19:00:00,199.0,134.0,65.0,461.8,27.7,63,11.8,207,1006.4,11,0,11,0,0.0,3600.0,43.6591,-70.2568,2022,7,22,19
2022-07-22 20:00:00,60.0,32.0,28.0,273.8,25.6,61,15.2,194,1006.8,3,0,2,0,0.0,3600.0,43.6591,-70.2568,2022,7,22,20
2022-07-22 21:00:00,1.0,0.0,1.0,0.0,24.2,66,12.0,201,1007.0,2,0,2,0,0.0,0.0,43.6591,-70.2568,2022,7,22,21
2022-07-22 22:00:00,0.0,0.0,0.0,0.0,23.5,72,8.5,258,1007.7,6,0,6,0,0.0,0.0,43.6591,-70.2568,2022,7,22,22
2022-07-22 23:00:00,0.0,0.0,0.0,0.0,23.6,70,8.7,263,1007.8,6,0,2,4,0.0,0.0,43.6591,-70.2568,2022,7,22,23
2022-07-23 00:00:00,0.0,0.0,0.0,0.0,23.0,69,11.2,268,1008.2,14,0,7,7,0.0,0.0,43.6591,-70.2568,2022,7,23,0
2022-07-23 01:00:00,0.0,0.0,0.0,0.0,21.7,76,9.2,321,1008.6,0,0,0,0,0.0,0.0,43.6591,-70.2568,2022,7,23,1
2022-07-23 02:00:00,0.0,0.0,0.0,0.0,21.0,82,7.3,290,1008.6,0,0,0,0,0.0,0.0,43.6591,-70.2568,2022,7,23,2
2022-07-23 03:00:00,0.0,0.0,0.0,0.0,20.4,86,6.2,249,1008.7,0,0,0,0,0.0,0.0,43.6591,-70.2568,2022,7,23,3
2022-07-23 04:00:00,0.0,0.0,0.0,0.0,19.8,90,6.9,276,1009.2,0,0,0,0,0.0,0.0,43.6591,-70.2568,2022,7,23,4
2022-07-23 05:00:00,0.0,0.0,0.0,0.0,19.3,92,9.5,281,1009.6,0,0,0,0,0.0,0.0,43.6591,-70.2568,2022,7,23,5
2022-07-23 06:00:00,12.0,5.0,7.0,77.2,19.4,91,8.8,289,1009.8,0,0,0,0,0.0,757.19,43.6591,-70.2568,2022,7,23,6
2022-07-23 07:00:00,120.0,75.0,45.0,407.4,21.3,84,7.5,287,1010.0,0,0,0,0,0.0,3600.0,43.6591,-70.2568,2022,7,23,7
2022-07-23 08:00:00,287.0,218.0,69.0,604.6,24.3,73,4.8,297,1010.8,0,0,8,0,0.0,3600.0,43.6591,-70.2568,2022,7,23,8
2022-07-23 09:00:00,453.0,358.0,95.0,677.2,27.4,56,4.0,280,1010.9,8,0,8,0,0.0,3600.0,43.6591,-70.2568,2022,7,23,9
2022-07-23 10:00:00,598.0,487.0,111.0,719.6,29.5,43,5.2,286,1010.8,9,0,9,0,0.0,3600.0,43.6591,-70.2568,2022,7,23,10
2022-07-23 11:00:00,730.0,605.0,125.0,761.1,30.3,39,2.7,203,1010.6,7,0,7,0,0.0,3600.0,43.6591,-70.2568,2022,7,23,11
2022-07-23 12:00:00,826.0,710.0,116.0,811.4,30.8,38,5.6,165,1010.2,13,0,13,0,0.0,3600.0,43.6591,-70.2568,2022,7,23,12
2022-07-23 13:00:00,829.0,704.0,125.0,772.3,31.3,46,8.2,165,1009.9,24,0,24,0,0.0,3600.0,43.6591,-70.2568,2022,7,23,13
2022-07-23 14:00:00,766.0,609.0,157.0,675.1,30.9,48,10.5,176,1010.0,29,0,29,0,0.0,3600.0,43.6591,-70.2568,2022,7,23,14
2022-07-23 15:00:00,722.0,579.0,143.0,683.4,30.1,56,11.0,169,1009.6,20,0,20,0,0.0,3600.0,43.6591,-70.2568,2022,7,23,15
2022-07-23 16:00:00,661.0,533.0,128.0,710.1,29.8,59,10.4,166,1009.3,8,0,1,8,0.0,3600.0,43.6591,-70.2568,2022,7,23,16
2022-07-23 17:00:00,553.0,456.0,97.0,736.7,29.5,55,10.5,176,1009.0,20,0,1,19,0.0,3600.0,43.6591,-70.2568,2022,7,23,17
2022-07-23 18:00:00,378.0,290.0,88.0,628.8,29.0,54,10.8,184,1009.2,68,0,4,67,0.0,3600.0,43.6591,-70.2568,2022,7,23,18
2022-07-23 19:00:00,197.0,123.0,74.0,427.1,27.5,58,15.3,188,1009.7,87,0,2,87,0.0,3600.0,43.6591,-70.2568,2022,7,23,19
2022-07-23 20:00:00,54.0,16.0,38.0,138.2,27.3,55,15.5,192,1009.8,56,0,1,42,0.0,2518.09,43.6591,-70.2568,2022,7,23,20
2022-07-23 21:00:00,1.0,0.0,1.0,0.0,25.2,62,11.1,205,1010.0,11,0,1,10,0.0,0.0,43.6591,-70.2568,2022,7,23,21
2022-07-23 22:00:00,0.0,0.0,0.0,0.0,24.2,68,11.1,216,1010.3,80,0,0,80,0.0,0.0,43.6591,-70.2568,2022,7,23,22
2022-07-23 23:00:00,0.0,0.0,0.0,0.0,24.2,68,11.5,231,1010.6,0,0,0,0,0.0,0.0,43.6591,-70.2568,2022,7,23,23
2022-07-24 00:00:00,0.0,0.0,0.0,0.0,24.5,62,11.9,245,1010.7,0,0,0,0,0.0,0.0,43.6591,-70.2568,2022,7,24,0
2022-07-24 01:00:00,0.0,0.0,0.0,0.0,24.1,58,11.4,252,1010.5,3,0,3,0,0.0,0.0,43.6591,-70.2568,2022,7,24,1
2022-07-24 02:00:00,0.0,0.0,0.0,0.0,23.6,59,11.3,243,1010.3,0,0,0,0,0.0,0.0,43.6591,-70.2568,2022,7,24,2
2022-07-24 03:00:00,0.0,0.0,0.0,0.0,23.1,60,11.5,256,1010.3,42,0,0,42,0.0,0.0,43.6591,-70.2568,2022,7,24,3
2022-07-24 04:00:00,0.0,0.0,0.0,0.0,22.9,62,10.9,276,1010.1,0,0,0,0,0.0,0.0,43.6591,-70.2568,2022,7,24,4
2022-07-24 05:00:00,0.0,0.0,0.0,0.0,22.1,67,9.7,248,1010.4,17,0,0,17,0.0,0.0,43.6591,-70.2568,2022,7,24,5
2022-07-24 06:00:00,11.0,4.0,7.0,63.0,21.7,71,9.0,247,1010.8,61,0,0,61,0.0,428.96,43.6591,-70.2568,2022,7,24,6
2022-07-24 07:00:00,115.0,71.0,44.0,390.9,23.4,69,7.9,254,1010.9,95,0,28,93,0.0,3600.0,43.6591,-70.2568,2022,7,24,7
2022-07-24 08:00:00,236.0,141.0,95.0,393.5,25.0,68,3.3,186,1010.7,92,0,8,82,0.0,3600.0,43.6591,-70.2568,2022,7,24,8
2022-07-24 09:00:00,437.0,330.0,107.0,626.6,27.8,60,4.0,180,1011.2,69,0,66,7,0.0,3600.0,43.6591,-70.2568,2022,7,24,9
2022-07-24 10:00:00,451.0,254.0,197.0,376.3,28.9,59,5.9,166,1010.9,99,0,30,99,0.0,3600.0,43.6591,-70.2568,2022,7,24,10
2022-07-24 11:00:00,657.0,452.0,205.0,569.8,30.2,56,9.0,164,1010.8,100,0,29,100,0.0,3600.0,43.6591,-70.2568,2022,7,24,11
2022-07-24 12:00:00,733.0,501.0,232.0,573.6,30.2,58,13.4,156,1009.9,98,0,27,97,0.0,3600.0,43.6591,-70.2568,2022,7,24,12
2022-07-24 13:00:00,754.0,540.0,214.0,593.3,29.5,58,18.4,169,1009.0,100,0,99,100,0.0,3600.0,43.6591,-70.2568,2022,7,24,13
2022-07-24 14:00:00,351.0,73.0,278.0,81.1,27.0,67,14.6,171,1008.5,94,0,62,83,0.0,631.66,43.6591,-70.2568,2022,7,24,14
2022-07-24 15:00:00,509.0,302.0,207.0,357.1,27.9,67,14.9,165,1007.3,44,0,35,12,0.0,3600.0,43.6591,-70.2568,2022,7,24,15
2022-07-24 16:00:00,508.0,386.0,122.0,515.4,28.1,61,19.8,180,1005.8,62,0,11,57,0.0,3600.0,43.6591,-70.2568,2022,7,24,16
2022-07-24 17:00:00,517.0,407.0,110.0,659.5,28.0,62,21.8,188,1005.0,36,0,5,34,0.0,3600.0,43.6591,-70.2568,2022,7,24,17
2022-07-24 18:00:00,375.0,290.0,85.0,631.6,27.2,62,18.9,194,1004.7,74,0,4,73,0.0,3600.0,43.6591,-70.2568,2022,7,24,18
2022-07-24 19:00:00,187.0,102.0,85.0,357.0,26.5,64,14.6,196,1004.8,100,0,25,100,0.0,3600.0,43.6591,-70.2568,2022,7,24,19
2022-07-24 20:00:00,43.0,8.0,35.0,69.8,28.7,53,14.8,206,1005.0,100,0,31,36,0.0,409.1,43.6591,-70.2568,2022,7,24,20
2022-07-24 21:00:00,0.0,0.0,0.0,0.0,27.9,53,14.9,217,1005.8,100,0,100,2,0.0,0.0,43.6591,-70.2568,2022,7,24,21
2022-07-24 22:00:00,0.0,0.0,0.0,0.0,30.2,46,18.8,227,1005.9,100,0,100,96,0.0,0.0,43.6591,-70.2568,2022,7,24,22
2022-07-24 23:00:00,0.0,0.0,0.0,0.0,29.8,47,17.8,227,1005.6,100,0,100,100,0.0,0.0,43.6591,-70.2568,2022,7,24,23
2022-07-25 00:00:00,0.0,0.0,0.0,0.0,29.7,47,17.3,228,1005.5,99,0,98,75,0.0,0.0,43.6591,-70.2568,2022,7,25,0
2022-07-25 01:00:00,0.0,0.0,0.0,0.0,28.9,49,16.8,227,1005.1,100,0,100,64,0.0,0.0,43.6591,-70.2568,2022,7,25,1
2022-07-25 02:00:00,0.0,0.0,0.0,0.0,28.4,51,16.8,227,1005.0,100,0,93,100,0.0,0.0,43.6591,-70.2568,2022,7,25,2
2022-07-25 03:00:00,0.0,0.0,0.0,0.0,28.2,49,17.8,227,1005.1,100,0,100,99,0.0,0.0,43.6591,-70.2568,2022,7,25,3
2022-07-25 04:00:00,0.0,0.0,0.0,0.0,27.9,49,19.5,218,1005.2,100,0,100,100,0.0,0.0,43.6591,-70.2568,2022,7,25,4
2022-07-25 05:00:00,0.0,0.0,0.0,0.0,27.2,55,16.6,204,1005.0,100,0,100,92,0.0,0.0,43.6591,-70.2568,2022,7,25,5
2022-07-25 06:00:00,4.0,0.0,4.0,0.0,26.6,59,15.9,208,1004.9,100,0,100,89,0.0,0.0,43.6591,-70.2568,2022,7,25,6
2022-07-25 07:00:00,23.0,0.0,23.0,0.0,26.4,62,15.8,204,1004.6,100,0,100,100,0.0,0.0,43.6591,-70.2568,2022,7,25,7
2022-07-25 08:00:00,86.0,9.0,77.0,25.3,24.3,72,8.3,198,1005.5,97,0,49,100,0.0,0.0,43.6591,-70.2568,2022,7,25,8
2022-07-25 09:00:00,164.0,4.0,160.0,7.6,25.7,72,8.8,189,1005.5,100,0,100,100,0.0,0.0,43.6591,-70.2568,2022,7,25,9
2022-07-25 10:00:00,128.0,0.0,128.0,0.0,25.5,76,10.8,184,1005.2,100,0,100,100,0.1,0.0,43.6591,-70.2568,2022,7,25,10
2022-07-25 11:00:00,176.0,7.0,169.0,8.8,25.3,81,14.3,229,1005.2,100,0,100,100,2.0,0.0,43.6591,-70.2568,2022,7,25,11
2022-07-25 12:00:00,113.0,1.0,112.0,1.1,23.7,87,17.1,222,1005.2,100,0,100,100,0.7,0.0,43.6591,-70.2568,2022,7,25,12
2022-07-25 13:00:00,97.0,0.0,97.0,0.0,22.7,99,11.7,225,1004.7,100,0,93,100,0.9,0.0,43.6591,-70.2568,2022,7,25,13
2022-07-25 14:00:00,226.0,18.0,208.0,20.0,24.8,90,10.4,226,1004.1,100,3,27,100,0.3,0.0,43.6591,-70.2568,2022,7,25,14
2022-07-25 15:00:00,193.0,3.0,190.0,3.6,23.6,93,7.3,261,1004.2,100,31,20,100,1.7,0.0,43.6591,-70.2568,2022,7,25,15
2022-07-25 16:00:00,266.0,25.0,241.0,33.5,24.8,89,10.4,200,1003.7,100,17,12,100,0.0,0.0,43.6591,-70.2568,2022,7,25,16
2022-07-25 17:00:00,392.0,137.0,255.0,222.7,25.9,85,14.6,220,1003.1,100,5,8,99,0.0,3600.0,43.6591,-70.2568,2022,7,25,17
2022-07-25 18:00:00,297.0,164.0,133.0,358.9,26.4,81,14.8,241,1003.7,72,5,10,68,0.0,3600.0,43.6591,-70.2568,2022,7,25,18
2022-07-25 19:00:00,146.0,63.0,83.0,222.4,25.1,76,13.0,268,1004.2,42,4,40,0,0.6,3600.0,43.6591,-70.2568,2022,7,25,19
2022-07-25 20:00:00,47.0,21.0,26.0,185.0,23.9,89,8.3,270,1004.4,12,3,20,7,0.0,3600.0,43.6591,-70.2568,2022,7,25,20
2022-07-25 21:00:00,0.0,0.0,0.0,0.0,23.2,89,4.7,274,1005.6,21,6,8,11,0.0,0.0,43.6591,-70.2568,2022,7,25,21
2022-07-25 22:00:00,0.0,0.0,0.0,0.0,22.5,90,9.8,264,1006.2,0,0,0,0,0.0,0.0,43.6591,-70.2568,2022,7,25,22
2022-07-25 23:00:00,0.0,0.0,0.0,0.0,21.4,95,12.6,267,1006.7,0,0,0,0,0.0,0.0,43.6591,-70.2568,2022,7,25,23
2022-07-26 00:00:00,0.0,0.0,0.0,0.0,20.5,81,14.8,276,1007.3,0,0,0,0,0.0,0.0,43.6591,-70.2568,2022,7,26,0
2022-07-26 01:00:00,0.0,0.0,0.0,0.0,19.6,78,11.0,311,1007.7,0,0,0,0,0.0,0.0,43.6591,-70.2568,2022,7,26,1
2022-07-26 02:00:00,0.0,0.0,0.0,0.0,18.9,84,9.3,306,1008.1,0,0,0,0,0.0,0.0,43.6591,-70.2568,2022,7,26,2
2022-07-26 03:00:00,0.0,0.0,0.0,0.0,18.3,88,9.7,312,1008.1,0,0,0,0,0.0,0.0,43.6591,-70.2568,2022,7,26,3
2022-07-26 04:00:00,0.0,0.0,0.0,0.0,18.0,89,8.1,302,1008.5,0,0,0,0,0.0,0.0,43.6591,-70.2568,2022,7,26,4
2022-07-26 05:00:00,0.0,0.0,0.0,0.0,17.8,89,7.0,282,1009.0,0,0,0,0,0.0,0.0,43.6591,-70.2568,2022,7,26,5
2022-07-26 06:00:00,10.0,4.0,6.0,65.6,17.7,88,8.8,279,1009.6,0,0,0,0,0.0,482.03,43.6591,-70.2568,2022,7,26,6
2022-07-26 07:00:00,116.0,73.0,43.0,413.5,18.8,85,7.4,284,1010.1,0,0,0,0,0.0,3600.0,43.6591,-70.2568,2022,7,26,7
2022-07-26 08:00:00,285.0,215.0,70.0,607.8,21.5,70,7.5,305,1010.7,0,0,0,0,0.0,3600.0,43.6591,-70.2568,2022,7,26,8
2022-07-26 09:00:00,464.0,378.0,86.0,723.5,23.1,56,6.1,310,1010.8,0,0,0,0,0.0,3600.0,43.6591,-70.2568,2022,7,26,9
2022-07-26 10:00:00,630.0,533.0,97.0,794.1,24.2,51,3.1,225,1010.7,36,0,0,36,0.0,3600.0,43.6591,-70.2568,2022,7,26,10
2022-07-26 11:00:00,763.0,653.0,110.0,826.7,24.9,48,6.5,199,1010.5,99,25,36,99,0.0,3600.0,43.6591,-70.2568,2022,7,26,11
2022-07-26 12:00:00,688.0,402.0,286.0,461.9,25.1,48,10.2,172,1010.2,100,3,100,87,0.0,3600.0,43.6591,-70.2568,2022,7,26,12
2022-07-26 13:00:00,381.0,45.0,336.0,49.6,22.9,66,14.2,156,1009.9,97,10,87,79,0.0,0.0,43.6591,-70.2568,2022,7,26,13
2022-07-26 14:00:00,591.0,195.0,396.0,217.3,24.0,55,15.1,162,1009.2,98,0,67,95,0.0,3600.0,43.6591,-70.2568,2022,7,26,14
2022-07-26 15:00:00,639.0,333.0,306.0,395.3,23.7,54,16.0,166,1008.9,91,0,80,58,0.0,3600.0,43.6591,-70.2568,2022,7,26,15
2022-07-26 16:00:00,627.0,436.0,191.0,584.9,24.1,54,13.1,171,1008.5,95,0,73,80,0.0,3600.0,43.6591,-70.2568,2022,7,26,16
2022-07-26 17:00:00,531.0,391.0,140.0,637.6,23.8,57,13.5,171,1008.0,89,0,14,88,0.0,3600.0,43.6591,-70.2568,2022,7,26,17
2022-07-26 18:00:00,337.0,191.0,146.0,420.0,22.5,64,13.7,175,1007.7,97,0,6,97,0.0,3600.0,43.6591,-70.2568,2022,7,26,18
2022-07-26 19:00:00,201.0,125.0,76.0,445.1,21.7,73,10.1,184,1007.7,67,0,6,65,0.0,3600.0,43.6591,-70.2568,2022,7,26,19
2022-07-26 20:00:00,48.0,13.0,35.0,115.8,20.8,75,9.8,186,1008.7,89,5,0,87,0.0,1975.87,43.6591,-70.2568,2022,7,26,20
2022-07-26 21:00:00,0.0,0.0,0.0,0.0,20.3,79,8.7,222,1009.1,82,10,2,80,0.0,0.0,43.6591,-70.2568,2022,7,26,21
2022-07-26 22:00:00,0.0,0.0,0.0,0.0,20.1,76,10.1,272,1009.2,1,1,0,0,0.0,0.0,43.6591,-70.2568,2022,7,26,22
2022-07-26 23:00:00,0.0,0.0,0.0,0.0,19.6,72,11.0,302,1009.3,0,0,0,0,0.0,0.0,43.6591,-70.2568,2022,7,26,23
2022-07-27 00:00:00,0.0,0.0,0.0,0.0,19.1,78,9.2,309,1009.5,0,0,0,0,0.0,0.0,43.6591,-70.2568,2022,7,27,0
2022-07-27 01:00:00,0.0,0.0,0.0,0.0,18.6,84,7.3,303,1009.8,4,4,0,0,0.0,0.0,43.6591,-70.2568,2022,7,27,1
2022-07-27 02:00:00,0.0,0.0,0.0,0.0,18.2,87,6.0,295,1009.5,1,0,1,0,0.0,0.0,43.6591,-70.2568,2022,7,27,2
2022-07-27 03:00:00,0.0,0.0,0.0,0.0,17.7,90,7.4,284,1009.2,2,2,2,0,0.0,0.0,43.6591,-70.2568,2022,7,27,3
2022-07-27 04:00:00,0.0,0.0,0.0,0.0,17.1,91,9.3,286,1009.2,0,0,0,0,0.0,0.0,43.6591,-70.2568,2022,7,27,4
2022-07-27 05:00:00,0.0,0.0,0.0,0.0,16.9,92,8.7,294,1008.9,0,0,0,0,0.0,0.0,43.6591,-70.2568,2022,7,27,5
2022-07-27 06:00:00,9.0,3.0,6.0,50.3,16.9,92,9.2,296,1009.4,5,0,0,5,0.0,158.3,43.6591,-70.2568,2022,7,27,6
2022-07-27 07:00:00,113.0,69.0,44.0,396.7,18.8,85,7.2,297,1009.6,100,0,0,100,0.0,3600.0,43.6591,-70.2568,2022,7,27,7
2022-07-27 08:00:00,274.0,194.0,80.0,552.1,21.5,75,4.9,306,1009.8,87,0,0,80,0.0,3600.0,43.6591,-70.2568,2022,7,27,8
2022-07-27 09:00:00,458.0,366.0,92.0,703.4,23.7,57,5.4,323,1009.6,0,0,0,0,0.0,3600.0,43.6591,-70.2568,2022,7,27,9
2022-07-27 10:00:00,627.0,532.0,95.0,794.9,24.9,50,4.5,331,1009.5,0,0,0,0,0.0,3600.0,43.6591,-70.2568,2022,7,27,10
2022-07-27 11:00:00,762.0,660.0,102.0,837.5,25.7,45,0.8,153,1009.2,38,2,37,0,0.0,3600.0,43.6591,-70.2568,2022,7,27,11
2022-07-27 12:00:00,732.0,508.0,224.0,584.8,25.9,42,3.3,167,1009.1,100,0,100,37,0.0,3600.0,43.6591,-70.2568,2022,7,27,12
2022-07-27 13:00:00,742.0,455.0,287.0,502.6,26.0,45,8.5,168,1008.9,91,2,80,52,0.0,3600.0,43.6591,-70.2568,2022,7,27,13
2022-07-27 14:00:00,759.0,481.0,278.0,537.0,25.3,49,15.8,168,1008.1,99,0,32,99,0.0,3600.0,43.6591,-70.2568,2022,7,27,14
2022-07-27 15:00:00,740.0,514.0,226.0,611.5,24.9,50,17.7,174,1007.9,98,0,21,97,0.0,3600.0,43.6591,-70.2568,2022,7,27,15
2022-07-27 16:00:00,529.0,243.0,286.0,326.8,24.8,51,16.2,183,1007.7,100,0,3,100,0.0,3600.0,43.6591,-70.2568,2022,7,27,16
2022-07-27 17:00:00,471.0,259.0,212.0,423.8,24.5,55,16.9,192,1007.1,96,0,4,96,0.0,3600.0,43.6591,-70.2568,2022,7,27,17
2022-07-27 18:00:00,328.0,178.0,150.0,393.5,23.8,59,16.9,204,1006.7,92,0,1,92,0.0,3600.0,43.6591,-70.2568,2022,7,27,18
2022-07-27 19:00:00,199.0,128.0,71.0,460.0,23.1,63,12.8,212,1006.4,95,0,0,95,0.0,3600.0,43.6591,-70.2568,2022,7,27,19
2022-07-27 20:00:00,55.0,25.0,30.0,225.3,22.2,68,11.8,207,1007.9,75,0,0,87,0.0,3600.0,43.6591,-70.2568,2022,7,27,20
2022-07-27 21:00:00,0.0,0.0,0.0,0.0,21.1,68,12.7,223,1008.2,100,0,1,100,0.0,0.0,43.6591,-70.2568,2022,7,27,21
2022-07-27 22:00:00,0.0,0.0,0.0,0.0,20.5,68,12.0,224,1008.3,100,0,0,100,0.0,0.0,43.6591,-70.2568,2022,7,27,22
2022-07-27 23:00:00,0.0,0.0,0.0,0.0,20.1,70,9.7,228,1008.0,100,0,0,100,0.0,0.0,43.6591,-70.2568,2022,7,27,23
2022-07-28 00:00:00,0.0,0.0,0.0,0.0,19.4,75,9.0,247,1008.0,36,0,0,36,0.0,0.0,43.6591,-70.2568,2022,7,28,0
2022-07-28 01:00:00,0.0,0.0,0.0,0.0,18.8,79,6.9,264,1007.9,6,0,0,6,0.0,0.0,43.6591,-70.2568,2022,7,28,1
2022-07-28 02:00:00,0.0,0.0,0.0,0.0,18.3,82,5.0,270,1007.6,0,0,0,0,0.0,0.0,43.6591,-70.2568,2022,7,28,2
2022-07-28 03:00:00,0.0,0.0,0.0,0.0,17.8,85,4.5,256,1007.6,0,0,0,0,0.0,0.0,43.6591,-70.2568,2022,7,28,3
2022-07-28 04:00:00,0.0,0.0,0.0,0.0,17.6,87,4.3,270,1007.8,6,0,6,0,0.0,0.0,43.6591,-70.2568,2022,7,28,4
2022-07-28 05:00:00,0.0,0.0,0.0,0.0,17.2,90,6.9,242,1007.8,1,0,1,0,0.0,0.0,43.6591,-70.2568,2022,7,28,5
2022-07-28 06:00:00,8.0,3.0,5.0,51.4,17.1,90,8.6,270,1007.9,2,0,2,0,0.0,186.65,43.6591,-70.2568,2022,7,28,6
2022-07-28 07:00:00,107.0,63.0,44.0,367.8,19.2,82,7.2,276,1007.9,4,0,4,0,0.0,3600.0,43.6591,-70.2568,2022,7,28,7
2022-07-28 08:00:00,271.0,198.0,73.0,567.4,22.1,76,4.9,287,1008.2,5,1,0,4,0.0,3600.0,43.6591,-70.2568,2022,7,28,8
2022-07-28 09:00:00,447.0,358.0,89.0,690.9,25.0,60,1.8,307,1007.8,0,0,0,0,0.0,3600.0,43.6591,-70.2568,2022,7,28,9
2022-07-28 10:00:00,608.0,509.0,99.0,762.7,26.3,49,5.2,164,1007.7,12,1,11,1,0.0,3600.0,43.6591,-70.2568,2022,7,28,10
2022-07-28 11:00:00,696.0,558.0,138.0,709.7,26.7,52,8.9,148,1007.5,3,0,3,0,0.0,3600.0,43.6591,-70.2568,2022,7,28,11
2022-07-28 12:00:00,827.0,709.0,118.0,817.9,26.0,56,14.4,148,1007.3,13,0,8,5,0.0,3600.0,43.6591,-70.2568,2022,7,28,12
2022-07-28 13:00:00,843.0,708.0,135.0,783.5,25.8,54,15.0,150,1007.1,17,0,4,13,0.0,3600.0,43.6591,-70.2568,2022,7,28,13
2022-07-28 14:00:00,847.0,731.0,116.0,817.6,25.4,63,15.3,153,1006.6,34,0,7,29,0.0,3600.0,43.6591,-70.2568,2022,7,28,14
2022-07-28 15:00:00,753.0,625.0,128.0,745.1,25.3,69,14.2,156,1006.0,65,0,19,57,0.0,3600.0,43.6591,-70.2568,2022,7,28,15
2022-07-28 16:00:00,602.0,446.0,156.0,601.5,25.1,71,13.1,159,1005.5,97,2,36,96,0.0,3600.0,43.6591,-70.2568,2022,7,28,16
2022-07-28 17:00:00,361.0,213.0,148.0,349.8,24.5,74,12.8,158,1004.7,100,2,29,100,0.0,3600.0,43.6591,-70.2568,2022,7,28,17
2022-07-28 18:00:00,234.0,90.0,144.0,200.0,24.0,81,12.6,175,1004.2,100,3,30,100,0.0,3600.0,43.6591,-70.2568,2022,7,28,18
2022-07-28 19:00:00,132.0,36.0,96.0,130.6,23.3,84,12.6,177,1004.0,99,1,35,98,0.0,2119.21,43.6591,-70.2568,2022,7,28,19
2022-07-28 20:00:00,37.0,9.0,28.0,82.1,22.9,87,16.8,190,1004.3,96,9,36,100,0.0,968.4,43.6591,-70.2568,2022,7,28,20
2022-07-28 21:00:00,0.0,0.0,0.0,0.0,22.0,91,15.2,216,1005.2,99,7,69,97,2.8,0.0,43.6591,-70.2568,2022,7,28,21
2022-07-28 22:00:00,0.0,0.0,0.0,0.0,21.2,100,8.9,194,1004.4,98,0,1,98,2.3,0.0,43.6591,-70.2568,2022,7,28,22
2022-07-28 23:00:00,0.0,0.0,0.0,0.0,21.4,96,12.0,189,1003.7,70,1,61,24,0.0,0.0,43.6591,-70.2568,2022,7,28,23
2022-07-29 00:00:00,0.0,0.0,0.0,0.0,21.2,97,11.7,227,1003.5,100,0,56,100,0.0,0.0,43.6591,-70.2568,2022,7,29,0
2022-07-29 01:00:00,0.0,0.0,0.0,0.0,21.3,97,11.1,245,1003.5,100,0,0,100,0.0,0.0,43.6591,-70.2568,2022,7,29,1
2022-07-29 02:00:00,0.0,0.0,0.0,0.0,21.0,96,13.8,261,1003.1,86,0,1,85,0.0,0.0,43.6591,-70.2568,2022,7,29,2
2022-07-29 03:00:00,0.0,0.0,0.0,0.0,20.6,97,13.4,265,1003.2,93,0,0,93,0.0,0.0,43.6591,-70.2568,2022,7,29,3
2022-07-29 04:00:00,0.0,0.0,0.0,0.0,20.2,97,11.5,270,1003.4,97,0,0,97,0.0,0.0,43.6591,-70.2568,2022,7,29,4
2022-07-29 05:00:00,0.0,0.0,0.0,0.0,19.9,96,9.8,276,1003.8,67,0,0,67,0.0,0.0,43.6591,-70.2568,2022,7,29,5
2022-07-29 06:00:00,8.0,2.0,6.0,35.1,19.6,97,9.4,266,1004.6,98,0,0,98,0.0,0.0,43.6591,-70.2568,2022,7,29,6
2022-07-29 07:00:00,97.0,41.0,56.0,243.2,20.5,95,9.5,261,1005.4,82,0,0,82,0.0,3600.0,43.6591,-70.2568,2022,7,29,7
2022-07-29 08:00:00,263.0,180.0,83.0,519.4,22.1,92,5.6,230,1005.7,99,0,0,100,0.0,3600.0,43.6591,-70.2568,2022,7,29,8
2022-07-29 09:00:00,400.0,240.0,160.0,465.2,24.4,82,6.7,234,1005.7,37,0,0,37,0.0,3600.0,43.6591,-70.2568,2022,7,29,9
2022-07-29 10:00:00,611.0,507.0,104.0,762.1,26.4,66,8.5,258,1005.8,31,9,7,20,0.0,3600.0,43.6591,-70.2568,2022,7,29,10
2022-07-29 11:00:00,707.0,587.0,120.0,748.3,27.6,53,9.9,260,1005.7,22,5,9,9,0.0,3600.0,43.6591,-70.2568,2022,7,29,11
2022-07-29 12:00:00,797.0,649.0,148.0,750.2,28.7,44,13.6,258,1005.5,28,1,27,0,0.0,3600.0,43.6591,-70.2568,2022,7,29,12
2022-07-29 13:00:00,774.0,603.0,171.0,668.6,29.4,37,17.3,258,1005.5,3,0,2,0,0.0,3600.0,43.6591,-70.2568,2022,7,29,13
2022-07-29 14:00:00,868.0,750.0,118.0,840.6,29.8,35,21.9,261,1005.3,1,0,0,0,0.0,3600.0,43.6591,-70.2568,2022,7,29,14
2022-07-29 15:00:00,784.0,657.0,127.0,785.1,30.2,31,21.6,266,1005.2,11,0,11,0,0.0,3600.0,43.6591,-70.2568,2022,7,29,15
2022-07-29 16:00:00,672.0,562.0,110.0,760.0,31.1,28,21.0,265,1004.8,100,0,100,0,0.0,3600.0,43.6591,-70.2568,2022,7,29,16
2022-07-29 17:00:00,334.0,125.0,209.0,206.1,29.7,32,16.0,261,1004.8,27,0,27,0,0.0,3600.0,43.6591,-70.2568,2022,7,29,17
2022-07-29 18:00:00,333.0,231.0,102.0,516.2,28.9,35,18.2,262,1005.2,14,0,14,0,0.0,3600.0,43.6591,-70.2568,2022,7,29,18
2022-07-29 19:00:00,182.0,119.0,63.0,436.2,28.2,36,14.8,276,1005.7,2,0,2,0,0.0,3600.0,43.6591,-70.2568,2022,7,29,19
2022-07-29 20:00:00,53.0,29.0,24.0,267.8,25.1,53,9.7,231,1006.9,0,0,0,4,0.0,3600.0,43.6591,-70.2568,2022,7,29,20
2022-07-29 21:00:00,0.0,0.0,0.0,0.0,22.6,65,6.6,202,1007.3,0,0,0,0,0.0,0.0,43.6591,-70.2568,2022,7,29,21
2022-07-29 22:00:00,0.0,0.0,0.0,0.0,21.8,70,7.7,233,1007.3,11,0,4,7,0.0,0.0,43.6591,-70.2568,2022,7,29,22
2022-07-29 23:00:00,0.0,0.0,0.0,0.0,21.2,72,10.3,241,1007.3,8,0,8,0,0.0,0.0,43.6591,-70.2568,2022,7,29,23
2022-07-30 00:00:00,0.0,0.0,0.0,0.0,20.6,73,8.3,265,1007.7,10,0,9,1,0.0,0.0,43.6591,-70.2568,2022,7,30,0
2022-07-30 01:00:00,0.0,0.0,0.0,0.0,19.9,77,6.1,270,1007.9,38,0,33,7,0.0,0.0,43.6591,-70.2568,2022,7,30,1
2022-07-30 02:00:00,0.0,0.0,0.0,0.0,19.7,77,7.3,261,1007.5,100,0,100,28,0.0,0.0,43.6591,-70.2568,2022,7,30,2
2022-07-30 03:00:00,0.0,0.0,0.0,0.0,20.3,71,7.7,298,1007.5,100,0,100,48,0.0,0.0,43.6591,-70.2568,2022,7,30,3
2022-07-30 04:00:00,0.0,0.0,0.0,0.0,20.4,70,7.5,305,1007.4,100,0,100,74,0.0,0.0,43.6591,-70.2568,2022,7,30,4
2022-07-30 05:00:00,0.0,0.0,0.0,0.0,20.4,73,8.0,324,1007.3,100,0,100,0,0.0,0.0,43.6591,-70.2568,2022,7,30,5
2022-07-30 06:00:00,2.0,0.0,2.0,0.0,20.1,77,7.1,315,1007.5,100,0,100,3,0.0,0.0,43.6591,-70.2568,2022,7,30,6
2022-07-30 07:00:00,34.0,6.0,28.0,36.2,20.5,74,8.4,313,1007.5,33,0,33,0,0.0,0.0,43.6591,-70.2568,2022,7,30,7
2022-07-30 08:00:00,239.0,151.0,88.0,438.9,21.5,77,7.4,284,1008.7,0,0,0,0,0.0,3600.0,43.6591,-70.2568,2022,7,30,8
2022-07-30 09:00:00,453.0,369.0,84.0,718.3,25.2,47,7.2,267,1008.9,0,0,0,0,0.0,3600.0,43.6591,-70.2568,2022,7,30,9
2022-07-30 10:00:00,622.0,527.0,95.0,794.6,26.6,38,9.5,261,1008.9,0,0,0,0,0.0,3600.0,43.6591,-70.2568,2022,7,30,10
2022-07-30 11:00:00,757.0,651.0,106.0,832.0,27.5,33,14.4,267,1008.8,1,0,1,0,0.0,3600.0,43.6591,-70.2568,2022,7,30,11
2022-07-30 12:00:00,795.0,663.0,132.0,768.0,28.2,33,17.7,275,1008.7,100,0,100,0,0.0,3600.0,43.6591,-70.2568,2022,7,30,12
2022-07-30 13:00:00,305.0,33.0,272.0,36.7,27.1,37,18.7,286,1008.6,75,0,75,0,0.0,0.0,43.6591,-70.2568,2022,7,30,13
2022-07-30 14:00:00,629.0,337.0,292.0,378.5,28.5,34,18.6,288,1008.4,100,0,100,0,0.0,3600.0,43.6591,-70.2568,2022,7,30,14
2022-07-30 15:00:00,402.0,83.0,319.0,99.4,27.9,38,19.3,299,1008.6,15,2,15,0,0.0,1182.42,43.6591,-70.2568,2022,7,30,15
2022-07-30 16:00:00,646.0,511.0,135.0,693.1,29.4,32,21.6,303,1008.3,100,0,100,0,0.0,3600.0,43.6591,-70.2568,2022,7,30,16
2022-07-30 17:00:00,337.0,126.0,211.0,208.5,28.8,33,19.9,302,1008.4,81,0,81,0,0.0,3600.0,43.6591,-70.2568,2022,7,30,17
2022-07-30 18:00:00,230.0,87.0,143.0,195.6,27.7,39,19.5,300,1009.1,4,0,4,0,0.0,3600.0,43.6591,-70.2568,2022,7,30,18
2022-07-30 19:00:00,197.0,137.0,60.0,507.5,26.7,43,15.9,309,1010.1,0,0,0,0,0.0,3600.0,43.6591,-70.2568,2022,7,30,19
2022-07-30 20:00:00,50.0,27.0,23.0,252.7,23.5,52,13.4,294,1012.6,0,0,0,0,0.0,3600.0,43.6591,-70.2568,2022,7,30,20
2022-07-30 21:00:00,0.0,0.0,0.0,0.0,22.2,57,13.0,298,1013.6,0,0,0,0,0.0,0.0,43.6591,-70.2568,2022,7,30,21
2022-07-30 22:00:00,0.0,0.0,0.0,0.0,21.1,63,11.3,292,1014.3,0,0,0,0,0.0,0.0,43.6591,-70.2568,2022,7,30,22
2022-07-30 23:00:00,0.0,0.0,0.0,0.0,20.1,70,10.0,285,1014.9,0,0,0,0,0.0,0.0,43.6591,-70.2568,2022,7,30,23
2022-07-31 00:00:00,0.0,0.0,0.0,0.0,19.3,74,8.9,284,1015.5,0,0,0,0,0.0,0.0,43.6591,-70.2568,2022,7,31,0
2022-07-31 01:00:00,0.0,0.0,0.0,0.0,18.6,79,9.1,279,1015.6,0,0,0,0,0.0,0.0,43.6591,-70.2568,2022,7,31,1
2022-07-31 02:00:00,0.0,0.0,0.0,0.0,18.0,82,9.7,274,1015.5,0,0,0,0,0.0,0.0,43.6591,-70.2568,2022,7,31,2
2022-07-31 03:00:00,0.0,0.0,0.0,0.0,17.5,84,10.1,272,1015.7,0,0,0,0,0.0,0.0,43.6591,-70.2568,2022,7,31,3
2022-07-31 04:00:00,0.0,0.0,0.0,0.0,17.1,86,9.7,274,1015.9,0,0,0,0,0.0,0.0,43.6591,-70.2568,2022,7,31,4
2022-07-31 05:00:00,0.0,0.0,0.0,0.0,16.7,88,10.1,272,1016.0,0,0,0,0,0.0,0.0,43.6591,-70.2568,2022,7,31,5
2022-07-31 06:00:00,7.0,2.0,5.0,36.9,16.7,88,10.1,276,1016.5,0,0,0,0,0.0,0.0,43.6591,-70.2568,2022,7,31,6
2022-07-31 07:00:00,103.0,63.0,40.0,386.3,18.5,82,8.5,282,1016.5,0,0,0,0,0.0,3600.0,43.6591,-70.2568,2022,7,31,7
2022-07-31 08:00:00,270.0,201.0,69.0,588.5,21.3,71,5.5,281,1017.3,0,0,0,0,0.0,3600.0,43.6591,-70.2568,2022,7,31,8
2022-07-31 09:00:00,449.0,364.0,85.0,711.7,24.0,55,6.6,279,1017.3,0,0,0,0,0.0,3600.0,43.6591,-70.2568,2022,7,31,9
2022-07-31 10:00:00,613.0,518.0,95.0,783.5,25.5,48,5.1,274,1016.9,0,0,0,0,0.0,3600.0,43.6591,-70.2568,2022,7,31,10
2022-07-31 11:00:00,749.0,647.0,102.0,828.9,26.5,43,2.9,210,1016.4,0,0,0,0,0.0,3600.0,43.6591,-70.2568,2022,7,31,11
2022-07-31 12:00:00,843.0,738.0,105.0,856.8,27.1,41,5.4,176,1015.8,0,0,0,0,0.0,3600.0,43.6591,-70.2568,2022,7,31,12
2022-07-31 13:00:00,883.0,773.0,110.0,860.6,27.5,43,10.4,160,1015.2,1,1,1,0,0.0,3600.0,43.6591,-70.2568,2022,7,31,13
2022-07-31 14:00:00,866.0,753.0,113.0,847.5,26.2,54,18.2,162,1014.9,100,4,1,100,0.0,3600.0,43.6591,-70.2568,2022,7,31,14
2022-07-31 15:00:00,795.0,674.0,121.0,809.3,26.2,53,17.7,160,1014.2,99,0,1,99,0.0,3600.0,43.6591,-70.2568,2022,7,31,15
2022-07-31 16:00:00,672.0,528.0,144.0,718.3,25.6,53,18.9,167,1014.2,85,2,0,85,0.0,3600.0,43.6591,-70.2568,2022,7,31,16
2022-07-31 17:00:00,530.0,418.0,112.0,694.5,25.2,54,16.6,175,1013.7,100,0,0,100,0.0,3600.0,43.6591,-70.2568,2022,7,31,17
2022-07-31 18:00:00,356.0,246.0,110.0,556.3,24.0,59,18.1,187,1013.2,100,0,0,100,0.0,3600.0,43.6591,-70.2568,2022,7,31,18
2022-07-31 19:00:00,178.0,94.0,84.0,352.1,22.5,67,15.5,193,1013.1,100,0,0,100,0.0,3600.0,43.6591,-70.2568,2022,7,31,19
2022-07-31 20:00:00,37.0,4.0,33.0,38.0,21.6,73,11.6,196,1014.0,100,0,0,100,0.0,0.0,43.6591,-70.2568,2022,7,31,20
2022-07-31 21:00:00,0.0,0.0,0.0,0.0,20.6,79,9.6,200,1014.0,100,0,0,100,0.0,0.0,43.6591,-70.2568,2022,7,31,21
2022-07-31 22:00:00,0.0,0.0,0.0,0.0,20.3,82,8.0,216,1013.6,100,0,0,100,0.0,0.0,43.6591,-70.2568,2022,7,31,22
2022-07-31 23:00:00,0.0,0.0,0.0,0.0,20.4,82,7.9,231,1013.3,100,0,0,100,0.0,0.0,43.6591,-70.2568,2022,7,31,23
2022-08-01 00:00:00,0.0,0.0,0.0,0.0,20.4,82,8.7,232,1013.0,99,0,0,99,0.0,0.0,43.6591,-70.2568,2022,8,1,0
2022-08-01 01:00:00,0.0,0.0,0.0,0.0,20.5,80,8.7,246,1012.7,90,0,0,90,0.0,0.0,43.6591,-70.2568,2022,8,1,1
2022-08-01 02:00:00,0.0,0.0,0.0,0.0,20.1,80,9.3,257,1012.2,100,0,4,100,0.0,0.0,43.6591,-70.2568,2022,8,1,2
2022-08-01 03:00:00,0.0,0.0,0.0,0.0,20.4,75,8.7,263,1012.0,57,0,53,42,0.0,0.0,43.6591,-70.2568,2022,8,1,3
2022-08-01 04:00:00,0.0,0.0,0.0,0.0,19.9,77,9.3,254,1011.7,64,0,64,1,0.0,0.0,43.6591,-70.2568,2022,8,1,4
2022-08-01 05:00:00,0.0,0.0,0.0,0.0,19.4,79,8.9,238,1011.9,100,0,85,100,0.0,0.0,43.6591,-70.2568,2022,8,1,5
2022-08-01 06:00:00,3.0,0.0,3.0,0.0,19.8,77,7.8,257,1012.0,100,0,76,100,0.0,0.0,43.6591,-70.2568,2022,8,1,6
2022-08-01 07:00:00,48.0,3.0,45.0,18.7,20.9,74,7.2,276,1011.6,71,0,70,4,0.0,0.0,43.6591,-70.2568,2022,8,1,7
2022-08-01 08:00:00,183.0,79.0,104.0,233.0,23.0,70,6.8,295,1011.6,41,0,89,0,0.0,3600.0,43.6591,-70.2568,2022,8,1,8
2022-08-01 09:00:00,278.0,116.0,162.0,227.9,24.7,64,4.4,279,1011.4,99,0,99,0,0.0,3600.0,43.6591,-70.2568,2022,8,1,9
2022-08-01 10:00:00,219.0,76.0,143.0,115.3,24.5,64,5.4,172,1011.2,45,0,45,0,0.0,1659.65,43.6591,-70.2568,2022,8,1,10
2022-08-01 11:00:00,674.0,490.0,184.0,629.4,27.2,49,9.8,186,1010.9,21,8,18,0,0.1,3600.0,43.6591,-70.2568,2022,8,1,11
2022-08-01 12:00:00,738.0,606.0,132.0,705.1,28.0,46,12.4,170,1010.1,7,1,6,0,0.1,3600.0,43.6591,-70.2568,2022,8,1,12
2022-08-01 13:00:00,845.0,721.0,124.0,804.4,28.3,46,14.6,171,1009.4,40,19,33,0,0.0,3600.0,43.6591,-70.2568,2022,8,1,13
2022-08-01 14:00:00,779.0,603.0,176.0,680.2,27.5,53,16.9,179,1008.9,52,15,50,0,0.5,3600.0,43.6591,-70.2568,2022,8,1,14
2022-08-01 15:00:00,673.0,480.0,193.0,577.8,26.5,62,17.0,175,1008.5,55,25,53,0,0.3,3600.0,43.6591,-70.2568,2022,8,1,15
2022-08-01 16:00:00,604.0,453.0,151.0,618.2,26.1,57,18.1,175,1008.0,42,16,41,0,0.0,3600.0,43.6591,-70.2568,2022,8,1,16
2022-08-01 17:00:00,489.0,366.0,123.0,610.7,24.6,68,18.7,178,1007.6,8,0,8,0,0.0,3600.0,43.6591,-70.2568,2022,8,1,17
2022-08-01 18:00:00,328.0,228.0,100.0,518.9,23.2,75,18.1,175,1006.8,0,0,0,0,0.0,3600.0,43.6591,-70.2568,2022,8,1,18
2022-08-01 19:00:00,186.0,123.0,63.0,466.0,22.2,78,16.6,180,1006.5,1,0,1,0,0.0,3600.0,43.6591,-70.2568,2022,8,1,19
2022-08-01 20:00:00,45.0,24.0,21.0,231.0,21.0,87,14.4,180,1007.1,1,2,0,0,0.0,3542.98,43.6591,-70.2568,2022,8,1,20
2022-08-01 21:00:00,0.0,0.0,0.0,0.0,20.1,90,12.5,192,1007.2,89,0,7,88,0.0,0.0,43.6591,-70.2568,2022,8,1,21
2022-08-01 22:00:00,0.0,0.0,0.0,0.0,19.7,93,11.9,183,1007.3,17,0,9,9,0.0,0.0,43.6591,-70.2568,2022,8,1,22
2022-08-01 23:00:00,0.0,0.0,0.0,0.0,19.3,95,11.2,178,1006.9,45,0,1,45,0.0,0.0,43.6591,-70.2568,2022,8,1,23
2022-08-02 00:00:00,0.0,0.0,0.0,0.0,18.9,96,8.3,178,1006.4,65,0,1,65,0.0,0.0,43.6591,-70.2568,2022,8,2,0
2022-08-02 01:00:00,0.0,0.0,0.0,0.0,18.7,98,7.2,186,1006.1,71,0,0,71,0.0,0.0,43.6591,-70.2568,2022,8,2,1
2022-08-02 02:00:00,0.0,0.0,0.0,0.0,18.4,98,7.2,198,1005.8,1,0,1,0,0.0,0.0,43.6591,-70.2568,2022,8,2,2
2022-08-02 03:00:00,0.0,0.0,0.0,0.0,18.2,99,6.6,189,1005.2,2,2,0,0,0.0,0.0,43.6591,-70.2568,2022,8,2,3
2022-08-02 04:00:00,0.0,0.0,0.0,0.0,18.0,100,6.5,186,1005.1,100,100,0,2,0.0,0.0,43.6591,-70.2568,2022,8,2,4
2022-08-02 05:00:00,0.0,0.0,0.0,0.0,18.0,100,6.8,198,1004.8,100,100,0,3,0.0,0.0,43.6591,-70.2568,2022,8,2,5
2022-08-02 06:00:00,4.0,0.0,4.0,0.0,18.1,100,6.3,211,1005.0,100,100,0,0,0.0,0.0,43.6591,-70.2568,2022,8,2,6
2022-08-02 07:00:00,63.0,14.0,49.0,88.9,18.9,98,4.7,212,1005.1,100,100,0,0,0.0,867.25,43.6591,-70.2568,2022,8,2,7
2022-08-02 08:00:00,210.0,92.0,118.0,273.5,20.3,91,1.8,180,1005.3,1,40,0,0,0.0,3600.0,43.6591,-70.2568,2022,8,2,8
2022-08-02 09:00:00,416.0,304.0,112.0,599.9,23.0,80,4.5,151,1005.0,22,22,0,0,0.0,3600.0,43.6591,-70.2568,2022,8,2,9
2022-08-02 10:00:00,592.0,489.0,103.0,744.4,24.9,73,7.0,145,1005.0,15,15,0,0,0.0,3600.0,43.6591,-70.2568,2022,8,2,10
2022-08-02 11:00:00,714.0,581.0,133.0,748.2,26.1,70,10.4,146,1004.6,36,28,13,0,0.0,3600.0,43.6591,-70.2568,2022,8,2,11
2022-08-02 12:00:00,746.0,575.0,171.0,670.5,26.3,71,13.9,149,1004.0,32,21,13,2,0.0,3600.0,43.6591,-70.2568,2022,8,2,12
2022-08-02 13:00:00,818.0,632.0,186.0,706.7,27.0,67,15.7,160,1003.2,20,5,16,2,0.0,3600.0,43.6591,-70.2568,2022,8,2,13
2022-08-02 14:00:00,762.0,606.0,156.0,685.1,27.0,63,17.8,166,1002.6,23,3,22,0,0.0,3600.0,43.6591,-70.2568,2022,8,2,14
2022-08-02 15:00:00,718.0,581.0,137.0,701.2,26.6,65,16.5,169,1002.5,52,8,48,0,0.4,3600.0,43.6591,-70.2568,2022,8,2,15
2022-08-02 16:00:00,614.0,474.0,140.0,648.9,26.7,66,13.5,164,1002.3,26,0,22,4,0.1,3600.0,43.6591,-70.2568,2022,8,2,16
2022-08-02 17:00:00,461.0,358.0,103.0,599.9,26.4,69,14.8,181,1002.2,72,6,28,59,0.1,3600.0,43.6591,-70.2568,2022,8,2,17
2022-08-02 18:00:00,217.0,112.0,105.0,256.6,25.9,72,10.0,195,1002.6,50,4,21,34,0.0,3600.0,43.6591,-70.2568,2022,8,2,18
2022-08-02 19:00:00,149.0,80.0,69.0,306.7,26.0,76,6.8,295,1003.1,51,17,22,25,0.0,3600.0,43.6591,-70.2568,2022,8,2,19
2022-08-02 20:00:00,35.0,15.0,20.0,146.6,25.8,73,10.2,321,1004.2,23,0,7,0,0.0,3387.09,43.6591,-70.2568,2022,8,2,20
2022-08-02 21:00:00,0.0,0.0,0.0,0.0,24.7,73,11.4,342,1005.6,7,0,7,0,0.0,0.0,43.6591,-70.2568,2022,8,2,21
2022-08-02 22:00:00,0.0,0.0,0.0,0.0,24.1,73,11.8,337,1006.0,1,0,1,0,0.0,0.0,43.6591,-70.2568,2022,8,2,22
2022-08-02 23:00:00,0.0,0.0,0.0,0.0,23.2,74,13.0,336,1006.3,4,0,4,0,0.0,0.0,43.6591,-70.2568,2022,8,2,23
2022-08-03 00:00:00,0.0,0.0,0.0,0.0,22.6,76,12.4,330,1006.7,2,0,2,0,0.0,0.0,43.6591,-70.2568,2022,8,3,0
2022-08-03 01:00:00,0.0,0.0,0.0,0.0,21.9,80,11.8,329,1007.3,0,0,0,0,0.0,0.0,43.6591,-70.2568,2022,8,3,1
2022-08-03 02:00:00,0.0,0.0,0.0,0.0,21.3,82,11.3,333,1007.8,3,2,2,0,0.0,0.0,43.6591,-70.2568,2022,8,3,2
2022-08-03 03:00:00,0.0,0.0,0.0,0.0,20.7,84,10.6,342,1008.4,5,4,4,0,0.0,0.0,43.6591,-70.2568,2022,8,3,3
2022-08-03 04:00:00,0.0,0.0,0.0,0.0,20.2,85,11.1,347,1009.2,13,9,11,0,0.0,0.0,43.6591,-70.2568,2022,8,3,4
2022-08-03 05:00:00,0.0,0.0,0.0,0.0,19.8,84,11.1,347,1010.1,26,13,24,0,0.0,0.0,43.6591,-70.2568,2022,8,3,5
2022-08-03 06:00:00,5.0,1.0,4.0,19.1,19.5,84,9.5,349,1010.6,0,0,0,0,0.0,0.0,43.6591,-70.2568,2022,8,3,6
2022-08-03 07:00:00,95.0,55.0,40.0,355.8,20.2,79,7.6,3,1010.6,0,0,0,0,0.0,3600.0,43.6591,-70.2568,2022,8,3,7
2022-08-03 08:00:00,262.0,194.0,68.0,581.2,21.9,68,7.3,9,1011.2,0,0,0,0,0.0,3600.0,43.6591,-70.2568,2022,8,3,8
2022-08-03 09:00:00,439.0,352.0,87.0,697.9,23.7,58,4.4,35,1011.3,0,0,0,0,0.0,3600.0,43.6591,-70.2568,2022,8,3,9
2022-08-03 10:00:00,608.0,511.0,97.0,780.6,25.1,52,2.5,82,1011.7,0,0,0,0,0.0,3600.0,43.6591,-70.2568,2022,8,3,10
2022-08-03 11:00:00,738.0,628.0,110.0,810.9,26.2,50,5.2,164,1011.7,67,67,0,0,0.0,3600.0,43.6591,-70.2568,2022,8,3,11
2022-08-03 12:00:00,638.0,360.0,278.0,420.8,25.8,53,11.4,145,1011.9,99,99,56,0,0.0,3600.0,43.6591,-70.2568,2022,8,3,12
2022-08-03 13:00:00,593.0,209.0,384.0,234.2,25.3,52,12.9,144,1011.6,100,100,52,4,0.0,3600.0,43.6591,-70.2568,2022,8,3,13
2022-08-03 14:00:00,594.0,230.0,364.0,260.7,24.9,53,17.1,152,1011.4,27,6,11,13,0.0,3600.0,43.6591,-70.2568,2022,8,3,14
2022-08-03 15:00:00,771.0,612.0,159.0,740.6,24.9,54,17.2,151,1011.1,1,0,0,1,0.0,3600.0,43.6591,-70.2568,2022,8,3,15
2022-08-03 16:00:00,695.0,596.0,99.0,818.7,24.4,58,15.8,163,1010.9,13,0,0,13,0.0,3600.0,43.6591,-70.2568,2022,8,3,16
2022-08-03 17:00:00,545.0,456.0,89.0,767.6,24.1,64,13.9,170,1010.8,0,0,0,0,0.0,3600.0,43.6591,-70.2568,2022,8,3,17
2022-08-03 18:00:00,370.0,294.0,76.0,678.0,23.7,69,11.8,168,1010.7,30,0,0,30,0.0,3600.0,43.6591,-70.2568,2022,8,3,18
2022-08-03 19:00:00,185.0,123.0,62.0,477.4,22.4,78,11.6,173,1010.7,37,0,0,37,0.0,3600.0,43.6591,-70.2568,2022,8,3,19
2022-08-03 20:00:00,42.0,19.0,23.0,188.6,20.7,84,11.2,184,1011.5,0,0,0,0,0.0,3395.06,43.6591,-70.2568,2022,8,3,20
2022-08-03 21:00:00,0.0,0.0,0.0,0.0,20.2,86,9.9,190,1012.0,24,0,0,24,0.0,0.0,43.6591,-70.2568,2022,8,3,21
2022-08-03 22:00:00,0.0,0.0,0.0,0.0,20.2,87,10.2,212,1012.6,0,0,0,0,0.0,0.0,43.6591,-70.2568,2022,8,3,22
2022-08-03 23:00:00,0.0,0.0,0.0,0.0,20.3,87,10.8,210,1013.0,8,0,0,8,0.0,0.0,43.6591,-70.2568,2022,8,3,23
2022-08-04 00:00:00,0.0,0.0,0.0,0.0,20.3,91,11.2,201,1012.9,7,0,0,7,0.0,0.0,43.6591,-70.2568,2022,8,4,0
2022-08-04 01:00:00,0.0,0.0,0.0,0.0,20.0,95,10.0,201,1012.6,0,0,0,0,0.0,0.0,43.6591,-70.2568,2022,8,4,1
2022-08-04 02:00:00,0.0,0.0,0.0,0.0,19.7,98,9.0,209,1012.2,0,0,0,0,0.0,0.0,43.6591,-70.2568,2022,8,4,2
2022-08-04 03:00:00,0.0,0.0,0.0,0.0,19.6,98,8.6,213,1011.9,98,0,0,98,0.0,0.0,43.6591,-70.2568,2022,8,4,3
2022-08-04 04:00:00,0.0,0.0,0.0,0.0,19.8,96,8.8,235,1011.9,100,0,0,100,0.0,0.0,43.6591,-70.2568,2022,8,4,4
2022-08-04 05:00:00,0.0,0.0,0.0,0.0,19.8,95,9.3,234,1012.0,74,0,0,74,0.0,0.0,43.6591,-70.2568,2022,8,4,5
2022-08-04 06:00:00,4.0,1.0,3.0,19.1,19.7,94,9.7,211,1012.0,78,0,0,78,0.0,0.0,43.6591,-70.2568,2022,8,4,6
2022-08-04 07:00:00,93.0,54.0,39.0,355.9,21.4,86,8.4,211,1012.3,99,0,0,99,0.0,3600.0,43.6591,-70.2568,2022,8,4,7
2022-08-04 08:00:00,256.0,187.0,69.0,564.7,22.9,80,7.0,215,1013.3,56,0,0,100,0.0,3600.0,43.6591,-70.2568,2022,8,4,8
2022-08-04 09:00:00,426.0,330.0,96.0,657.4,25.7,68,7.2,198,1013.0,75,0,0,75,0.0,3600.0,43.6591,-70.2568,2022,8,4,9
2022-08-04 10:00:00,597.0,502.0,95.0,769.4,28.2,58,9.0,178,1012.6,19,0,0,19,0.0,3600.0,43.6591,-70.2568,2022,8,4,10
2022-08-04 11:00:00,734.0,635.0,99.0,822.2,29.1,57,13.4,172,1012.4,48,0,0,48,0.0,3600.0,43.6591,-70.2568,2022,8,4,11
2022-08-04 12:00:00,826.0,721.0,105.0,844.8,29.9,55,15.4,169,1011.9,99,0,0,99,0.0,3600.0,43.6591,-70.2568,2022,8,4,12
2022-08-04 13:00:00,864.0,748.0,116.0,840.2,30.0,56,17.3,168,1011.4,80,0,0,80,0.0,3600.0,43.6591,-70.2568,2022,8,4,13
2022-08-04 14:00:00,856.0,749.0,107.0,850.9,30.2,53,17.9,171,1011.4,3,0,0,3,0.0,3600.0,43.6591,-70.2568,2022,8,4,14
2022-08-04 15:00:00,792.0,692.0,100.0,839.8,29.8,54,18.1,173,1011.1,0,0,0,0,0.0,3600.0,43.6591,-70.2568,2022,8,4,15
2022-08-04 16:00:00,671.0,573.0,98.0,789.8,29.1,57,16.6,179,1010.9,17,0,17,0,0.0,3600.0,43.6591,-70.2568,2022,8,4,16
2022-08-04 17:00:00,465.0,365.0,100.0,617.3,28.1,62,15.1,180,1010.5,27,0,27,0,0.0,3600.0,43.6591,-70.2568,2022,8,4,17
2022-08-04 18:00:00,291.0,216.0,75.0,501.6,27.1,65,12.6,183,1010.5,20,0,20,0,0.0,3600.0,43.6591,-70.2568,2022,8,4,18
2022-08-04 19:00:00,160.0,105.0,55.0,412.8,26.1,70,12.4,188,1010.5,16,0,16,0,0.0,3600.0,43.6591,-70.2568,2022,8,4,19
2022-08-04 20:00:00,36.0,19.0,17.0,191.7,25.7,69,12.0,196,1011.6,27,0,12,0,0.0,3319.08,43.6591,-70.2568,2022,8,4,20
2022-08-04 21:00:00,0.0,0.0,0.0,0.0,25.2,70,12.9,210,1012.1,30,0,30,1,0.0,0.0,43.6591,-70.2568,2022,8,4,21
2022-08-04 22:00:00,0.0,0.0,0.0,0.0,24.8,73,8.5,234,1011.9,13,0,11,2,0.0,0.0,43.6591,-70.2568,2022,8,4,22
2022-08-04 23:00:00,0.0,0.0,0.0,0.0,24.6,75,9.8,242,1011.7,26,0,22,4,0.0,0.0,43.6591,-70.2568,2022,8,4,23
2022-08-05 00:00:00,0.0,0.0,0.0,0.0,24.8,73,10.0,249,1011.9,30,0,16,16,0.0,0.0,43.6591,-70.2568,2022,8,5,0
2022-08-05 01:00:00,0.0,0.0,0.0,0.0,24.5,72,10.5,254,1012.1,57,0,23,45,0.0,0.0,43.6591,-70.2568,2022,8,5,1
2022-08-05 02:00:00,0.0,0.0,0.0,0.0,23.9,74,9.6,250,1012.0,39,0,0,39,0.0,0.0,43.6591,-70.2568,2022,8,5,2
2022-08-05 03:00:00,0.0,0.0,0.0,0.0,23.5,76,10.5,266,1012.1,6,0,6,0,0.0,0.0,43.6591,-70.2568,2022,8,5,3
2022-08-05 04:00:00,0.0,0.0,0.0,0.0,23.6,77,11.5,268,1012.4,98,0,98,0,0.0,0.0,43.6591,-70.2568,2022,8,5,4
2022-08-05 05:00:00,0.0,0.0,0.0,0.0,24.3,75,11.4,281,1012.7,100,0,100,91,0.0,0.0,43.6591,-70.2568,2022,8,5,5
2022-08-05 06:00:00,1.0,0.0,1.0,0.0,24.3,74,8.6,285,1013.2,100,0,100,86,0.0,0.0,43.6591,-70.2568,2022,8,5,6
2022-08-05 07:00:00,28.0,0.0,28.0,0.0,24.5,75,6.5,304,1013.5,98,0,59,98,0.0,0.0,43.6591,-70.2568,2022,8,5,7
2022-08-05 08:00:00,165.0,57.0,108.0,173.5,25.2,79,2.7,337,1014.3,100,0,91,100,0.0,3405.25,43.6591,-70.2568,2022,8,5,8
2022-08-05 09:00:00,354.0,197.0,157.0,394.4,27.5,68,2.9,83,1014.8,100,0,21,100,0.0,3600.0,43.6591,-70.2568,2022,8,5,9
2022-08-05 10:00:00,412.0,147.0,265.0,226.1,27.6,67,7.2,108,1015.0,100,0,8,100,0.0,3600.0,43.6591,-70.2568,2022,8,5,10
2022-08-05 11:00:00,507.0,200.0,307.0,259.7,27.5,67,9.4,113,1015.3,100,12,16,100,0.0,3600.0,43.6591,-70.2568,2022,8,5,11
2022-08-05 12:00:00,558.0,176.0,382.0,206.7,27.4,67,9.7,112,1015.3,80,24,33,69,0.0,3600.0,43.6591,-70.2568,2022,8,5,12
2022-08-05 13:00:00,717.0,455.0,262.0,512.3,28.4,62,8.9,104,1015.5,95,24,64,84,0.0,3600.0,43.6591,-70.2568,2022,8,5,13
2022-08-05 14:00:00,654.0,328.0,326.0,373.6,28.7,61,8.9,104,1015.2,96,20,31,93,0.0,3600.0,43.6591,-70.2568,2022,8,5,14
2022-08-05 15:00:00,445.0,145.0,300.0,176.5,27.1,70,5.7,198,1015.7,100,2,92,100,0.0,3494.02,43.6591,-70.2568,2022,8,5,15
2022-08-05 16:00:00,80.0,0.0,80.0,0.0,24.4,91,5.8,240,1015.5,100,0,0,100,0.6,0.0,43.6591,-70.2568,2022,8,5,16
2022-08-05 17:00:00,326.0,88.0,238.0,149.5,26.4,81,4.7,270,1015.3,100,0,0,100,0.3,2686.02,43.6591,-70.2568,2022,8,5,17
2022-08-05 18:00:00,217.0,59.0,158.0,138.0,26.1,80,3.3,186,1015.2,100,0,0,100,0.0,2340.13,43.6591,-70.2568,2022,8,5,18
2022-08-05 19:00:00,133.0,40.0,93.0,159.4,25.2,89,5.2,196,1015.5,97,0,1,97,0.0,2981.38,43.6591,-70.2568,2022,8,5,19
2022-08-05 20:00:00,32.0,7.0,25.0,71.9,24.1,95,5.8,300,1016.0,100,15,7,77,0.0,753.24,43.6591,-70.2568,2022,8,5,20
2022-08-05 21:00:00,0.0,0.0,0.0,0.0,22.8,100,14.5,199,1017.8,100,100,22,94,3.2,0.0,43.6591,-70.2568,2022,8,5,21
2022-08-05 22:00:00,0.0,0.0,0.0,0.0,22.3,99,4.7,351,1017.4,78,48,26,45,3.5,0.0,43.6591,-70.2568,2022,8,5,22
2022-08-05 23:00:00,0.0,0.0,0.0,0.0,22.1,99,4.4,351,1017.0,3,2,1,0,0.0,0.0,43.6591,-70.2568,2022,8,5,23
2022-08-06 00:00:00,0.0,0.0,0.0,0.0,22.0,100,6.9,6,1017.5,2,0,1,0,0.0,0.0,43.6591,-70.2568,2022,8,6,0
2022-08-06 01:00:00,0.0,0.0,0.0,0.0,21.2,100,0.5,225,1017.5,7,5,1,0,0.0,0.0,43.6591,-70.2568,2022,8,6,1
2022-08-06 02:00:00,0.0,0.0,0.0,0.0,21.4,100,3.1,234,1017.4,98,98,1,0,0.0,0.0,43.6591,-70.2568,2022,8,6,2
2022-08-06 03:00:00,0.0,0.0,0.0,0.0,21.4,100,4.7,238,1017.5,100,100,0,0,0.0,0.0,43.6591,-70.2568,2022,8,6,3
2022-08-06 04:00:00,0.0,0.0,0.0,0.0,21.0,100,2.5,278,1017.6,100,100,0,0,0.0,0.0,43.6591,-70.2568,2022,8,6,4
2022-08-06 05:00:00,0.0,0.0,0.0,0.0,20.6,100,2.5,360,1018.1,100,100,0,0,0.0,0.0,43.6591,-70.2568,2022,8,6,5
2022-08-06 06:00:00,3.0,0.0,3.0,0.0,21.0,100,2.5,98,1018.5,100,100,0,0,0.0,0.0,43.6591,-70.2568,2022,8,6,6
2022-08-06 07:00:00,58.0,13.0,45.0,89.1,21.5,100,1.8,127,1018.7,100,100,0,0,0.0,873.58,43.6591,-70.2568,2022,8,6,7
2022-08-06 08:00:00,158.0,33.0,125.0,101.3,23.4,95,7.6,85,1019.1,100,100,0,0,0.0,1238.33,43.6591,-70.2568,2022,8,6,8
2022-08-06 09:00:00,274.0,78.0,196.0,156.9,23.9,93,8.4,97,1019.5,59,59,6,0,0.0,2907.57,43.6591,-70.2568,2022,8,6,9
2022-08-06 10:00:00,453.0,210.0,243.0,324.1,24.6,87,8.0,80,1019.6,63,63,0,0,0.0,3600.0,43.6591,-70.2568,2022,8,6,10
2022-08-06 11:00:00,617.0,344.0,273.0,447.9,25.7,79,7.6,90,1019.4,62,62,0,0,0.0,3600.0,43.6591,-70.2568,2022,8,6,11
2022-08-06 12:00:00,723.0,465.0,258.0,547.6,26.2,76,9.7,105,1019.0,65,64,4,0,0.0,3600.0,43.6591,-70.2568,2022,8,6,12
2022-08-06 13:00:00,716.0,490.0,226.0,553.1,25.8,77,11.0,113,1018.5,67,65,6,0,0.0,3600.0,43.6591,-70.2568,2022,8,6,13
2022-08-06 14:00:00,753.0,493.0,260.0,562.9,26.0,76,11.3,121,1017.9,71,68,9,0,0.0,3600.0,43.6591,-70.2568,2022,8,6,14
2022-08-06 15:00:00,681.0,457.0,224.0,557.8,26.0,78,11.5,134,1017.4,72,57,35,0,0.0,3600.0,43.6591,-70.2568,2022,8,6,15
2022-08-06 16:00:00,450.0,243.0,207.0,337.4,25.7,80,9.4,148,1016.9,57,47,19,0,0.0,3600.0,43.6591,-70.2568,2022,8,6,16
2022-08-06 17:00:00,443.0,273.0,170.0,466.2,26.7,77,10.1,163,1016.2,31,25,7,0,0.0,3600.0,43.6591,-70.2568,2022,8,6,17
2022-08-06 18:00:00,304.0,202.0,102.0,476.0,26.9,77,9.1,162,1015.8,24,16,9,0,0.0,3600.0,43.6591,-70.2568,2022,8,6,18
2022-08-06 19:00:00,158.0,97.0,61.0,391.9,25.6,84,8.8,171,1015.4,19,10,10,0,0.0,3600.0,43.6591,-70.2568,2022,8,6,19
2022-08-06 20:00:00,31.0,14.0,17.0,146.3,24.9,87,7.9,177,1015.5,0,17,8,5,0.0,3156.04,43.6591,-70.2568,2022,8,6,20
2022-08-06 21:00:00,0.0,0.0,0.0,0.0,25.3,84,10.5,218,1015.3,3,0,3,0,0.0,0.0,43.6591,-70.2568,2022,8,6,21
2022-08-06 22:00:00,0.0,0.0,0.0,0.0,25.8,84,10.2,228,1015.4,0,0,0,0,0.0,0.0,43.6591,-70.2568,2022,8,6,22
2022-08-06 23:00:00,0.0,0.0,0.0,0.0,25.3,86,11.2,228,1015.4,0,0,0,0,0.0,0.0,43.6591,-70.2568,2022,8,6,23
2022-08-07 00:00:00,0.0,0.0,0.0,0.0,25.0,85,12.5,229,1015.4,0,0,0,0,0.0,0.0,43.6591,-70.2568,2022,8,7,0
2022-08-07 01:00:00,0.0,0.0,0.0,0.0,25.0,82,14.1,232,1015.1,0,0,0,0,0.0,0.0,43.6591,-70.2568,2022,8,7,1
2022-08-07 02:00:00,0.0,0.0,0.0,0.0,25.0,82,14.2,243,1014.8,0,0,0,0,0.0,0.0,43.6591,-70.2568,2022,8,7,2
2022-08-07 03:00:00,0.0,0.0,0.0,0.0,24.7,84,13.0,242,1014.7,0,0,0,0,0.0,0.0,43.6591,-70.2568,2022,8,7,3
2022-08-07 04:00:00,0.0,0.0,0.0,0.0,24.3,87,13.2,235,1014.4,1,0,1,0,0.0,0.0,43.6591,-70.2568,2022,8,7,4
2022-08-07 05:00:00,0.0,0.0,0.0,0.0,23.9,89,12.7,235,1014.2,0,0,0,0,0.0,0.0,43.6591,-70.2568,2022,8,7,5
2022-08-07 06:00:00,3.0,1.0,2.0,19.1,23.8,90,11.4,246,1014.5,0,0,0,0,0.0,0.0,43.6591,-70.2568,2022,8,7,6
2022-08-07 07:00:00,83.0,47.0,36.0,328.8,25.0,84,11.0,238,1014.7,1,0,1,0,0.0,3600.0,43.6591,-70.2568,2022,8,7,7
2022-08-07 08:00:00,238.0,170.0,68.0,526.1,27.1,74,11.9,245,1014.6,8,0,0,0,0.0,3600.0,43.6591,-70.2568,2022,8,7,8
2022-08-07 09:00:00,413.0,328.0,85.0,663.2,29.8,62,12.0,249,1014.5,4,0,4,0,0.0,3600.0,43.6591,-70.2568,2022,8,7,9
2022-08-07 10:00:00,570.0,468.0,102.0,724.9,31.8,52,12.1,240,1014.1,6,0,5,0,0.0,3600.0,43.6591,-70.2568,2022,8,7,10
2022-08-07 11:00:00,691.0,576.0,115.0,752.1,33.0,44,15.5,234,1013.7,5,1,4,1,0.0,3600.0,43.6591,-70.2568,2022,8,7,11
2022-08-07 12:00:00,779.0,657.0,122.0,775.6,33.7,42,16.7,233,1012.7,8,3,6,0,0.0,3600.0,43.6591,-70.2568,2022,8,7,12
2022-08-07 13:00:00,818.0,686.0,132.0,776.2,34.1,41,18.8,234,1011.9,74,8,13,68,0.0,3600.0,43.6591,-70.2568,2022,8,7,13
2022-08-07 14:00:00,745.0,566.0,179.0,648.0,34.1,41,18.8,234,1011.1,63,7,10,56,0.1,3600.0,43.6591,-70.2568,2022,8,7,14
2022-08-07 15:00:00,681.0,540.0,141.0,661.1,34.1,41,16.1,236,1010.7,76,21,52,49,0.0,3600.0,43.6591,-70.2568,2022,8,7,15
2022-08-07 16:00:00,540.0,385.0,155.0,536.5,27.3,76,20.2,251,1011.6,90,3,86,35,3.1,3600.0,43.6591,-70.2568,2022,8,7,16
2022-08-07 17:00:00,226.0,114.0,112.0,195.7,27.2,75,15.8,240,1010.6,48,2,42,10,0.1,3600.0,43.6591,-70.2568,2022,8,7,17
2022-08-07 18:00:00,232.0,119.0,113.0,282.6,28.3,75,13.3,213,1010.2,22,0,16,10,0.0,3600.0,43.6591,-70.2568,2022,8,7,18
2022-08-07 19:00:00,149.0,92.0,57.0,377.0,28.5,73,12.8,232,1010.2,51,1,5,48,0.0,3600.0,43.6591,-70.2568,2022,8,7,19
2022-08-07 20:00:00,32.0,14.0,18.0,149.0,27.5,83,8.0,216,1011.1,25,0,74,3,0.0,3083.85,43.6591,-70.2568,2022,8,7,20
2022-08-07 21:00:00,0.0,0.0,0.0,0.0,27.1,81,12.1,253,1011.5,100,6,100,59,0.7,0.0,43.6591,-70.2568,2022,8,7,21
2022-08-07 22:00:00,0.0,0.0,0.0,0.0,26.5,80,11.4,235,1011.3,98,0,44,97,0.3,0.0,43.6591,-70.2568,2022,8,7,22
2022-08-07 23:00:00,0.0,0.0,0.0,0.0,25.7,85,12.8,232,1010.9,75,0,6,74,0.0,0.0,43.6591,-70.2568,2022,8,7,23
2022-08-08 00:00:00,0.0,0.0,0.0,0.0,25.2,88,12.8,238,1010.8,90,0,1,90,0.0,0.0,43.6591,-70.2568,2022,8,8,0
2022-08-08 01:00:00,0.0,0.0,0.0,0.0,25.0,88,12.1,247,1010.5,24,0,1,24,0.0,0.0,43.6591,-70.2568,2022,8,8,1
2022-08-08 02:00:00,0.0,0.0,0.0,0.0,24.6,89,12.2,246,1010.1,51,0,0,51,0.0,0.0,43.6591,-70.2568,2022,8,8,2
2022-08-08 03:00:00,0.0,0.0,0.0,0.0,24.3,89,11.6,254,1009.8,98,0,1,98,0.0,0.0,43.6591,-70.2568,2022,8,8,3
2022-08-08 04:00:00,0.0,0.0,0.0,0.0,23.9,90,10.9,253,1010.0,80,0,0,80,0.0,0.0,43.6591,-70.2568,2022,8,8,4
2022-08-08 05:00:00,0.0,0.0,0.0,0.0,23.6,90,10.7,258,1010.0,92,0,0,92,0.0,0.0,43.6591,-70.2568,2022,8,8,5
2022-08-08 06:00:00,2.0,0.0,2.0,0.0,23.5,90,10.9,253,1010.2,55,0,0,55,0.0,0.0,43.6591,-70.2568,2022,8,8,6
2022-08-08 07:00:00,82.0,45.0,37.0,321.5,24.7,85,9.8,264,1010.4,32,0,0,32,0.0,3600.0,43.6591,-70.2568,2022,8,8,7
2022-08-08 08:00:00,239.0,171.0,68.0,533.7,25.9,81,3.7,259,1010.5,80,0,3,91,0.0,3600.0,43.6591,-70.2568,2022,8,8,8
2022-08-08 09:00:00,389.0,271.0,118.0,550.7,28.4,71,4.2,211,1010.2,58,0,0,58,0.0,3600.0,43.6591,-70.2568,2022,8,8,9
2022-08-08 10:00:00,569.0,459.0,110.0,713.6,30.7,60,6.4,223,1009.9,87,5,19,84,0.0,3600.0,43.6591,-70.2568,2022,8,8,10
2022-08-08 11:00:00,632.0,477.0,155.0,624.7,32.2,48,7.8,236,1009.5,71,3,21,63,0.1,3600.0,43.6591,-70.2568,2022,8,8,11
2022-08-08 12:00:00,745.0,618.0,127.0,731.5,33.0,43,8.4,230,1008.9,54,4,30,32,0.0,3600.0,43.6591,-70.2568,2022,8,8,12
2022-08-08 13:00:00,675.0,490.0,185.0,555.9,32.8,43,3.6,143,1008.4,57,6,24,41,0.0,3600.0,43.6591,-70.2568,2022,8,8,13
2022-08-08 14:00:00,714.0,545.0,169.0,625.7,31.1,52,7.3,110,1008.0,95,27,41,88,0.0,3600.0,43.6591,-70.2568,2022,8,8,14
2022-08-08 15:00:00,641.0,414.0,227.0,508.5,30.4,62,8.7,120,1007.7,99,13,59,98,0.1,3600.0,43.6591,-70.2568,2022,8,8,15
2022-08-08 16:00:00,550.0,430.0,120.0,601.6,28.9,70,11.4,101,1007.4,82,8,54,59,0.0,3600.0,43.6591,-70.2568,2022,8,8,16
2022-08-08 17:00:00,421.0,290.0,131.0,500.3,26.3,79,14.1,87,1007.1,96,20,40,93,0.4,3600.0,43.6591,-70.2568,2022,8,8,17
2022-08-08 18:00:00,287.0,183.0,104.0,438.0,24.2,84,16.5,79,1006.6,96,8,25,95,0.0,3600.0,43.6591,-70.2568,2022,8,8,18
2022-08-08 19:00:00,130.0,55.0,75.0,228.7,23.8,86,12.2,62,1006.5,100,2,35,100,0.0,3600.0,43.6591,-70.2568,2022,8,8,19
2022-08-08 20:00:00,23.0,5.0,18.0,54.3,20.4,90,15.1,62,1007.7,89,10,28,96,0.0,183.02,43.6591,-70.2568,2022,8,8,20
2022-08-08 21:00:00,0.0,0.0,0.0,0.0,20.8,87,15.3,63,1007.6,100,1,100,8,0.0,0.0,43.6591,-70.2568,2022,8,8,21
2022-08-08 22:00:00,0.0,0.0,0.0,0.0,20.8,86,11.5,58,1007.6,74,1,32,61,0.0,0.0,43.6591,-70.2568,2022,8,8,22
2022-08-08 23:00:00,0.0,0.0,0.0,0.0,20.3,89,8.9,63,1007.2,88,4,30,83,0.0,0.0,43.6591,-70.2568,2022,8,8,23
2022-08-09 00:00:00,0.0,0.0,0.0,0.0,19.9,92,6.9,43,1006.6,100,33,100,95,0.0,0.0,43.6591,-70.2568,2022,8,9,0
2022-08-09 01:00:00,0.0,0.0,0.0,0.0,20.1,92,3.8,41,1005.9,96,0,49,92,0.1,0.0,43.6591,-70.2568,2022,8,9,1
2022-08-09 02:00:00,0.0,0.0,0.0,0.0,19.9,95,0.4,360,1005.2,98,9,92,68,0.0,0.0,43.6591,-70.2568,2022,8,9,2
2022-08-09 03:00:00,0.0,0.0,0.0,0.0,20.2,95,6.9,219,1004.9,100,4,100,2,0.0,0.0,43.6591,-70.2568,2022,8,9,3
2022-08-09 04:00:00,0.0,0.0,0.0,0.0,22.1,91,12.7,225,1004.6,100,0,27,100,0.0,0.0,43.6591,-70.2568,2022,8,9,4
2022-08-09 05:00:00,0.0,0.0,0.0,0.0,23.9,87,13.6,233,1004.3,100,0,100,94,0.0,0.0,43.6591,-70.2568,2022,8,9,5
2022-08-09 06:00:00,1.0,0.0,1.0,0.0,24.6,83,14.0,228,1004.7,100,0,99,99,0.0,0.0,43.6591,-70.2568,2022,8,9,6
2022-08-09 07:00:00,35.0,1.0,34.0,7.3,25.5,78,15.1,237,1005.2,86,1,25,83,0.0,0.0,43.6591,-70.2568,2022,8,9,7
2022-08-09 08:00:00,188.0,78.0,110.0,245.5,24.3,94,13.2,241,1005.2,53,8,28,35,0.0,3600.0,43.6591,-70.2568,2022,8,9,8
2022-08-09 09:00:00,341.0,219.0,122.0,447.3,27.3,82,12.5,252,1005.6,42,2,4,39,0.0,3600.0,43.6591,-70.2568,2022,8,9,9
2022-08-09 10:00:00,569.0,470.0,99.0,733.4,29.9,65,16.3,265,1006.0,42,7,5,36,0.0,3600.0,43.6591,-70.2568,2022,8,9,10
2022-08-09 11:00:00,670.0,531.0,139.0,697.5,31.3,57,16.3,276,1006.0,11,3,4,5,0.0,3600.0,43.6591,-70.2568,2022,8,9,11
2022-08-09 12:00:00,756.0,624.0,132.0,740.6,32.7,51,14.9,277,1005.7,89,5,6,88,0.0,3600.0,43.6591,-70.2568,2022,8,9,12
2022-08-09 13:00:00,817.0,684.0,133.0,778.0,33.4,48,13.2,281,1005.5,51,12,20,33,0.0,3600.0,43.6591,-70.2568,2022,8,9,13
2022-08-09 14:00:00,713.0,529.0,184.0,609.0,33.0,45,12.1,260,1005.4,29,9,21,8,0.0,3600.0,43.6591,-70.2568,2022,8,9,14
2022-08-09 15:00:00,659.0,514.0,145.0,633.3,32.8,43,5.2,236,1005.5,60,12,37,31,0.0,3600.0,43.6591,-70.2568,2022,8,9,15
2022-08-09 16:00:00,573.0,435.0,138.0,611.0,26.6,72,23.6,83,1006.9,89,81,41,7,0.0,3600.0,43.6591,-70.2568,2022,8,9,16
2022-08-09 17:00:00,404.0,275.0,129.0,477.0,23.0,85,19.3,104,1008.1,67,2,25,55,0.1,3600.0,43.6591,-70.2568,2022,8,9,17
2022-08-09 18:00:00,321.0,232.0,89.0,559.8,23.7,81,16.7,76,1009.1,58,39,4,28,0.2,3600.0,43.6591,-70.2568,2022,8,9,18
2022-08-09 19:00:00,83.0,27.0,56.0,114.0,22.3,88,14.3,65,1010.0,99,98,25,27,0.6,1620.79,43.6591,-70.2568,2022,8,9,19
2022-08-09 20:00:00,12.0,2.0,10.0,22.1,20.4,95,13.7,63,1011.2,66,46,40,0,0.3,0.0,43.6591,-70.2568,2022,8,9,20
2022-08-09 21:00:00,0.0,0.0,0.0,0.0,20.1,96,11.5,49,1011.9,68,58,24,0,0.1,0.0,43.6591,-70.2568,2022,8,9,21
2022-08-09 22:00:00,0.0,0.0,0.0,0.0,19.4,95,10.1,27,1012.3,71,61,29,0,0.0,0.0,43.6591,-70.2568,2022,8,9,22
2022-08-09 23:00:00,0.0,0.0,0.0,0.0,19.0,94,10.0,15,1012.9,100,100,12,0,0.0,0.0,43.6591,-70.2568,2022,8,9,23
2022-08-10 00:00:00,0.0,0.0,0.0,0.0,18.7,91,9.7,15,1013.3,100,100,90,0,0.0,0.0,43.6591,-70.2568,2022,8,10,0
2022-08-10 01:00:00,0.0,0.0,0.0,0.0,18.6,92,9.8,17,1013.3,100,100,100,0,0.1,0.0,43.6591,-70.2568,2022,8,10,1
2022-08-10 02:00:00,0.0,0.0,0.0,0.0,18.5,91,8.7,17,1013.0,100,100,100,0,0.0,0.0,43.6591,-70.2568,2022,8,10,2
2022-08-10 03:00:00,0.0,0.0,0.0,0.0,18.2,93,10.8,4,1013.2,100,100,100,0,0.4,0.0,43.6591,-70.2568,2022,8,10,3
2022-08-10 04:00:00,0.0,0.0,0.0,0.0,18.0,95,9.5,9,1013.4,100,100,100,0,0.5,0.0,43.6591,-70.2568,2022,8,10,4
2022-08-10 05:00:00,0.0,0.0,0.0,0.0,17.7,100,7.4,29,1013.7,100,100,98,0,0.7,0.0,43.6591,-70.2568,2022,8,10,5
2022-08-10 06:00:00,0.0,0.0,0.0,0.0,18.1,97,7.8,22,1014.0,100,100,60,0,0.1,0.0,43.6591,-70.2568,2022,8,10,6
2022-08-10 07:00:00,26.0,0.0,26.0,0.0,18.4,94,6.9,28,1014.3,100,100,88,0,0.0,0.0,43.6591,-70.2568,2022,8,10,7
2022-08-10 08:00:00,41.0,2.0,39.0,6.3,17.9,92,6.3,31,1015.2,100,100,100,2,0.1,0.0,43.6591,-70.2568,2022,8,10,8
2022-08-10 09:00:00,102.0,11.0,91.0,22.6,18.6,88,5.1,45,1015.3,100,100,96,0,0.0,0.0,43.6591,-70.2568,2022,8,10,9
2022-08-10 10:00:00,224.0,22.0,202.0,34.5,19.5,85,2.3,51,1015.4,100,100,100,1,0.1,0.0,43.6591,-70.2568,2022,8,10,10
2022-08-10 11:00:00,172.0,0.0,172.0,0.0,19.6,87,3.1,111,1015.3,100,100,100,6,0.2,0.0,43.6591,-70.2568,2022,8,10,11
2022-08-10 12:00:00,233.0,5.0,228.0,6.0,19.9,84,4.6,135,1015.0,100,100,100,10,0.1,0.0,43.6591,-70.2568,2022,8,10,12
2022-08-10 13:00:00,285.0,33.0,252.0,37.6,20.3,82,7.5,145,1014.5,100,100,98,0,0.0,0.0,43.6591,-70.2568,2022,8,10,13
2022-08-10 14:00:00,223.0,7.0,216.0,8.1,20.1,84,7.9,141,1014.2,100,100,83,0,0.0,0.0,43.6591,-70.2568,2022,8,10,14
2022-08-10 15:00:00,295.0,65.0,230.0,80.3,20.6,81,7.9,137,1013.7,77,64,44,0,0.0,610.5,43.6591,-70.2568,2022,8,10,15
2022-08-10 16:00:00,457.0,231.0,226.0,325.8,21.2,77,9.2,129,1013.2,99,93,91,0,0.0,3600.0,43.6591,-70.2568,2022,8,10,16
2022-08-10 17:00:00,242.0,57.0,185.0,99.4,20.1,81,9.4,130,1013.1,97,84,84,0,0.0,1182.49,43.6591,-70.2568,2022,8,10,17
2022-08-10 18:00:00,187.0,55.0,132.0,133.8,19.7,82,8.7,135,1012.7,91,4,90,0,0.0,2214.7,43.6591,-70.2568,2022,8,10,18
2022-08-10 19:00:00,69.0,6.0,63.0,25.7,19.1,85,8.1,135,1012.3,40,3,38,0,0.0,0.0,43.6591,-70.2568,2022,8,10,19
2022-08-10 20:00:00,21.0,7.0,14.0,79.1,18.6,89,6.1,152,1012.6,17,2,72,0,0.0,928.82,43.6591,-70.2568,2022,8,10,20
2022-08-10 21:00:00,0.0,0.0,0.0,0.0,18.4,93,5.3,152,1013.0,59,9,56,0,0.0,0.0,43.6591,-70.2568,2022,8,10,21
2022-08-10 22:00:00,0.0,0.0,0.0,0.0,18.4,94,6.2,173,1013.0,32,5,32,0,0.0,0.0,43.6591,-70.2568,2022,8,10,22
2022-08-10 23:00:00,0.0,0.0,0.0,0.0,18.4,95,3.7,191,1012.6,15,6,9,0,0.0,0.0,43.6591,-70.2568,2022,8,10,23
2022-08-11 00:00:00,0.0,0.0,0.0,0.0,18.2,96,4.8,228,1012.4,30,23,9,0,0.0,0.0,43.6591,-70.2568,2022,8,11,0
2022-08-11 01:00:00,0.0,0.0,0.0,0.0,17.9,97,4.0,260,1011.9,23,3,20,1,0.0,0.0,43.6591,-70.2568,2022,8,11,1
2022-08-11 02:00:00,0.0,0.0,0.0,0.0,17.5,98,8.0,243,1011.5,65,44,30,20,0.0,0.0,43.6591,-70.2568,2022,8,11,2
2022-08-11 03:00:00,0.0,0.0,0.0,0.0,16.9,99,4.4,261,1011.0,100,57,100,79,0.0,0.0,43.6591,-70.2568,2022,8,11,3
2022-08-11 04:00:00,0.0,0.0,0.0,0.0,17.5,98,3.3,276,1010.6,79,76,8,4,0.0,0.0,43.6591,-70.2568,2022,8,11,4
2022-08-11 05:00:00,0.0,0.0,0.0,0.0,16.4,100,3.3,264,1010.0,96,76,0,83,0.0,0.0,43.6591,-70.2568,2022,8,11,5
2022-08-11 06:00:00,2.0,0.0,2.0,0.0,16.6,100,2.7,247,1010.1,99,72,0,97,0.0,0.0,43.6591,-70.2568,2022,8,11,6
2022-08-11 07:00:00,66.0,21.0,45.0,160.3,17.8,97,2.9,270,1010.0,99,47,0,98,0.0,3008.62,43.6591,-70.2568,2022,8,11,7
2022-08-11 08:00:00,196.0,88.0,108.0,281.8,19.3,89,0.4,90,1010.0,100,21,0,97,0.0,3600.0,43.6591,-70.2568,2022,8,11,8
2022-08-11 09:00:00,315.0,135.0,180.0,278.6,21.0,82,1.8,143,1009.8,99,4,4,99,0.0,3600.0,43.6591,-70.2568,2022,8,11,9
2022-08-11 10:00:00,474.0,238.0,236.0,374.2,22.5,73,4.7,148,1009.7,100,19,19,100,0.0,3600.0,43.6591,-70.2568,2022,8,11,10
2022-08-11 11:00:00,482.0,183.0,299.0,241.8,22.8,73,6.9,152,1009.4,100,69,33,100,0.1,3600.0,43.6591,-70.2568,2022,8,11,11
2022-08-11 12:00:00,422.0,77.0,345.0,91.9,22.5,76,10.6,152,1009.2,100,38,15,100,0.1,956.59,43.6591,-70.2568,2022,8,11,12
2022-08-11 13:00:00,533.0,147.0,386.0,168.1,22.8,75,11.6,150,1008.5,100,37,12,100,0.1,3242.97,43.6591,-70.2568,2022,8,11,13
2022-08-11 14:00:00,557.0,219.0,338.0,253.6,22.9,75,10.3,144,1007.9,100,48,23,100,0.0,3600.0,43.6591,-70.2568,2022,8,11,14
2022-08-11 15:00:00,514.0,165.0,349.0,204.7,22.8,77,10.8,150,1007.6,100,18,22,100,0.0,3600.0,43.6591,-70.2568,2022,8,11,15
2022-08-11 16:00:00,385.0,94.0,291.0,133.1,22.2,80,10.6,162,1007.2,100,23,28,100,0.1,2193.7,43.6591,-70.2568,2022,8,11,16
2022-08-11 17:00:00,325.0,91.0,234.0,159.6,22.4,78,10.3,155,1006.9,100,2,12,100,0.1,2988.61,43.6591,-70.2568,2022,8,11,17
2022-08-11 18:00:00,236.0,63.0,173.0,154.6,22.2,82,11.3,163,1006.9,100,0,3,100,0.0,2838.47,43.6591,-70.2568,2022,8,11,18
2022-08-11 19:00:00,102.0,10.0,92.0,43.6,21.0,89,9.3,167,1006.5,100,1,2,100,0.0,0.0,43.6591,-70.2568,2022,8,11,19
2022-08-11 20:00:00,18.0,1.0,17.0,11.6,19.6,96,8.0,153,1007.6,66,1,8,100,0.0,0.0,43.6591,-70.2568,2022,8,11,20
2022-08-11 21:00:00,0.0,0.0,0.0,0.0,19.3,97,6.3,193,1008.3,69,14,30,55,0.0,0.0,43.6591,-70.2568,2022,8,11,21
2022-08-11 22:00:00,0.0,0.0,0.0,0.0,19.1,96,7.9,330,1009.0,87,54,69,14,0.6,0.0,43.6591,-70.2568,2022,8,11,22
2022-08-11 23:00:00,0.0,0.0,0.0,0.0,18.7,99,2.0,135,1008.8,56,5,53,0,0.7,0.0,43.6591,-70.2568,2022,8,11,23
2022-08-12 00:00:00,0.0,0.0,0.0,0.0,18.6,99,5.2,335,1008.8,20,3,18,0,0.0,0.0,43.6591,-70.2568,2022,8,12,0
2022-08-12 01:00:00,0.0,0.0,0.0,0.0,18.6,97,5.0,300,1008.7,2,2,0,0,0.0,0.0,43.6591,-70.2568,2022,8,12,1
2022-08-12 02:00:00,0.0,0.0,0.0,0.0,18.8,96,7.6,329,1008.6,1,1,0,0,0.0,0.0,43.6591,-70.2568,2022,8,12,2
2022-08-12 03:00:00,0.0,0.0,0.0,0.0,18.9,92,10.2,337,1008.7,10,10,5,0,0.0,0.0,43.6591,-70.2568,2022,8,12,3
2022-08-12 04:00:00,0.0,0.0,0.0,0.0,18.1,93,11.6,338,1008.9,11,11,2,0,0.0,0.0,43.6591,-70.2568,2022,8,12,4
2022-08-12 05:00:00,0.0,0.0,0.0,0.0,17.5,94,12.9,333,1009.2,26,18,4,9,0.0,0.0,43.6591,-70.2568,2022,8,12,5
2022-08-12 06:00:00,1.0,0.0,1.0,0.0,17.0,94,13.4,333,1009.8,39,21,0,23,0.0,0.0,43.6591,-70.2568,2022,8,12,6
2022-08-12 07:00:00,74.0,38.0,36.0,296.9,17.5,89,13.5,335,1010.5,32,8,0,26,0.0,3600.0,43.6591,-70.2568,2022,8,12,7
2022-08-12 08:00:00,232.0,156.0,76.0,504.1,18.6,81,12.1,337,1010.3,100,0,0,24,0.0,3600.0,43.6591,-70.2568,2022,8,12,8
2022-08-12 09:00:00,421.0,335.0,86.0,695.1,20.2,69,13.2,334,1010.9,40,0,0,40,0.0,3600.0,43.6591,-70.2568,2022,8,12,9
2022-08-12 10:00:00,593.0,501.0,92.0,790.6,21.8,56,12.8,338,1011.3,91,0,0,91,0.0,3600.0,43.6591,-70.2568,2022,8,12,10
2022-08-12 11:00:00,727.0,616.0,111.0,816.6,23.4,48,12.1,337,1011.3,99,0,0,99,0.0,3600.0,43.6591,-70.2568,2022,8,12,11
2022-08-12 12:00:00,818.0,684.0,134.0,818.6,24.6,44,9.2,334,1011.1,98,6,3,98,0.0,3600.0,43.6591,-70.2568,2022,8,12,12
2022-08-12 13:00:00,787.0,601.0,186.0,689.2,25.6,41,6.4,313,1010.7,99,6,64,96,0.0,3600.0,43.6591,-70.2568,2022,8,12,13
2022-08-12 14:00:00,645.0,353.0,292.0,410.0,25.4,40,5.6,315,1010.4,96,2,76,83,0.0,3600.0,43.6591,-70.2568,2022,8,12,14
2022-08-12 15:00:00,673.0,459.0,214.0,571.3,25.6,39,6.1,320,1010.4,100,3,83,98,0.0,3600.0,43.6591,-70.2568,2022,8,12,15
2022-08-12 16:00:00,600.0,423.0,177.0,601.7,25.6,38,4.3,360,1010.2,99,0,50,99,0.0,3600.0,43.6591,-70.2568,2022,8,12,16
2022-08-12 17:00:00,419.0,261.0,158.0,460.5,24.9,41,4.6,198,1010.3,79,4,52,56,0.0,3600.0,43.6591,-70.2568,2022,8,12,17
2022-08-12 18:00:00,272.0,163.0,109.0,403.6,23.8,50,7.9,223,1010.7,43,0,42,2,0.0,3600.0,43.6591,-70.2568,2022,8,12,18
2022-08-12 19:00:00,140.0,78.0,62.0,346.1,22.2,54,11.2,285,1011.5,41,0,41,0,0.0,3600.0,43.6591,-70.2568,2022,8,12,19
2022-08-12 20:00:00,23.0,9.0,14.0,106.4,20.6,56,18.3,340,1013.1,100,1,21,84,0.0,1671.9,43.6591,-70.2568,2022,8,12,20
2022-08-12 21:00:00,0.0,0.0,0.0,0.0,18.9,62,14.8,337,1013.9,100,7,100,94,0.0,0.0,43.6591,-70.2568,2022,8,12,21
2022-08-12 22:00:00,0.0,0.0,0.0,0.0,19.1,61,14.2,344,1014.2,100,15,100,100,0.0,0.0,43.6591,-70.2568,2022,8,12,22
2022-08-12 23:00:00,0.0,0.0,0.0,0.0,18.8,62,13.4,352,1014.1,100,67,90,100,0.0,0.0,43.6591,-70.2568,2022,8,12,23
2022-08-13 00:00:00,0.0,0.0,0.0,0.0,18.3,65,12.1,350,1014.0,100,1,12,100,0.0,0.0,43.6591,-70.2568,2022,8,13,0
2022-08-13 01:00:00,0.0,0.0,0.0,0.0,17.3,71,10.5,344,1014.2,100,12,11,100,0.0,0.0,43.6591,-70.2568,2022,8,13,1
2022-08-13 02:00:00,0.0,0.0,0.0,0.0,17.0,73,10.8,345,1013.8,100,25,4,100,0.0,0.0,43.6591,-70.2568,2022,8,13,2
2022-08-13 03:00:00,0.0,0.0,0.0,0.0,16.4,78,10.5,338,1014.0,100,37,6,100,0.0,0.0,43.6591,-70.2568,2022,8,13,3
2022-08-13 04:00:00,0.0,0.0,0.0,0.0,16.1,80,10.5,333,1014.4,100,38,11,100,0.0,0.0,43.6591,-70.2568,2022,8,13,4
2022-08-13 05:00:00,0.0,0.0,0.0,0.0,16.0,81,10.0,334,1014.4,100,61,13,100,0.0,0.0,43.6591,-70.2568,2022,8,13,5
2022-08-13 06:00:00,1.0,0.0,1.0,0.0,16.3,80,10.6,336,1014.5,100,0,0,100,0.0,0.0,43.6591,-70.2568,2022,8,13,6
2022-08-13 07:00:00,37.0,1.0,36.0,8.0,16.5,79,9.8,336,1015.0,100,0,0,100,0.0,0.0,43.6591,-70.2568,2022,8,13,7
2022-08-13 08:00:00,124.0,12.0,112.0,39.1,17.7,73,9.8,343,1015.0,100,13,11,100,0.0,0.0,43.6591,-70.2568,2022,8,13,8
2022-08-13 09:00:00,284.0,74.0,210.0,154.4,19.4,64,10.0,345,1015.4,97,0,22,96,0.0,2831.59,43.6591,-70.2568,2022,8,13,9
2022-08-13 10:00:00,491.0,258.0,233.0,408.8,21.2,56,9.4,4,1015.3,96,0,33,94,0.0,3600.0,43.6591,-70.2568,2022,8,13,10
2022-08-13 11:00:00,636.0,380.0,256.0,505.4,22.7,48,6.9,28,1015.3,78,22,14,67,0.0,3600.0,43.6591,-70.2568,2022,8,13,11
2022-08-13 12:00:00,731.0,519.0,212.0,622.9,23.6,45,5.1,86,1015.0,100,84,100,100,0.0,3600.0,43.6591,-70.2568,2022,8,13,12
2022-08-13 13:00:00,297.0,48.0,249.0,55.2,22.1,51,6.8,122,1014.9,99,25,98,97,0.0,0.0,43.6591,-70.2568,2022,8,13,13
2022-08-13 14:00:00,388.0,58.0,330.0,67.6,22.4,52,6.9,141,1014.5,92,18,61,84,0.0,227.1,43.6591,-70.2568,2022,8,13,14
2022-08-13 15:00:00,522.0,182.0,340.0,227.4,23.1,49,7.0,145,1014.2,51,0,45,11,0.0,3600.0,43.6591,-70.2568,2022,8,13,15
2022-08-13 16:00:00,486.0,234.0,252.0,334.3,23.2,49,8.5,152,1013.7,31,0,31,0,0.0,3600.0,43.6591,-70.2568,2022,8,13,16
2022-08-13 17:00:00,472.0,339.0,133.0,601.8,23.0,50,8.9,159,1013.4,33,1,33,0,0.0,3600.0,43.6591,-70.2568,2022,8,13,17
2022-08-13 18:00:00,280.0,187.0,93.0,467.4,21.8,55,10.1,163,1013.1,30,1,29,0,0.0,3600.0,43.6591,-70.2568,2022,8,13,18
2022-08-13 19:00:00,124.0,63.0,61.0,284.6,20.4,63,9.2,191,1013.3,31,0,31,0,0.0,3600.0,43.6591,-70.2568,2022,8,13,19
2022-08-13 20:00:00,20.0,9.0,11.0,109.0,19.7,73,9.1,236,1013.8,23,0,50,0,0.0,1709.37,43.6591,-70.2568,2022,8,13,20
2022-08-13 21:00:00,0.0,0.0,0.0,0.0,19.0,74,9.4,247,1014.0,80,0,80,0,0.0,0.0,43.6591,-70.2568,2022,8,13,21
2022-08-13 22:00:00,0.0,0.0,0.0,0.0,18.6,73,9.3,254,1014.0,79,1,79,0,0.0,0.0,43.6591,-70.2568,2022,8,13,22
2022-08-13 23:00:00,0.0,0.0,0.0,0.0,18.2,75,9.9,289,1013.8,33,0,33,0,0.0,0.0,43.6591,-70.2568,2022,8,13,23
2022-08-14 00:00:00,0.0,0.0,0.0,0.0,17.6,81,9.8,298,1013.7,48,0,7,44,0.0,0.0,43.6591,-70.2568,2022,8,14,0
2022-08-14 01:00:00,0.0,0.0,0.0,0.0,17.2,83,9.9,303,1013.6,20,2,18,3,0.0,0.0,43.6591,-70.2568,2022,8,14,1
2022-08-14 02:00:00,0.0,0.0,0.0,0.0,17.0,84,9.8,306,1013.4,79,0,72,25,0.0,0.0,43.6591,-70.2568,2022,8,14,2
2022-08-14 03:00:00,0.0,0.0,0.0,0.0,17.4,81,10.0,308,1013.2,100,0,100,1,0.0,0.0,43.6591,-70.2568,2022,8,14,3
2022-08-14 04:00:00,0.0,0.0,0.0,0.0,17.5,81,9.0,307,1013.1,98,0,98,9,0.0,0.0,43.6591,-70.2568,2022,8,14,4
2022-08-14 05:00:00,0.0,0.0,0.0,0.0,17.4,81,8.6,303,1013.2,15,0,15,0,0.0,0.0,43.6591,-70.2568,2022,8,14,5
2022-08-14 06:00:00,1.0,0.0,1.0,0.0,16.3,87,9.6,304,1013.5,2,0,2,0,0.0,0.0,43.6591,-70.2568,2022,8,14,6
2022-08-14 07:00:00,72.0,41.0,31.0,329.7,17.5,83,8.9,310,1013.4,0,0,0,0,0.0,3600.0,43.6591,-70.2568,2022,8,14,7
2022-08-14 08:00:00,236.0,172.0,64.0,566.1,20.1,71,8.6,327,1013.7,0,0,0,0,0.0,3600.0,43.6591,-70.2568,2022,8,14,8
2022-08-14 09:00:00,419.0,339.0,80.0,711.2,22.3,59,8.4,335,1013.5,0,0,0,0,0.0,3600.0,43.6591,-70.2568,2022,8,14,9
2022-08-14 10:00:00,589.0,497.0,92.0,790.6,24.0,49,6.0,335,1013.5,24,8,18,0,0.0,3600.0,43.6591,-70.2568,2022,8,14,10
2022-08-14 11:00:00,640.0,515.0,125.0,687.2,24.6,44,1.3,124,1013.3,18,0,17,0,0.0,3600.0,43.6591,-70.2568,2022,8,14,11
2022-08-14 12:00:00,720.0,583.0,137.0,701.8,25.3,40,2.2,180,1012.8,35,2,33,0,0.0,3600.0,43.6591,-70.2568,2022,8,14,12
2022-08-14 13:00:00,682.0,486.0,196.0,560.6,25.7,37,3.0,194,1012.3,39,0,39,0,0.0,3600.0,43.6591,-70.2568,2022,8,14,13
2022-08-14 14:00:00,516.0,238.0,278.0,278.2,25.8,36,5.8,187,1012.0,38,0,38,0,0.0,3600.0,43.6591,-70.2568,2022,8,14,14
2022-08-14 15:00:00,665.0,477.0,188.0,598.1,25.8,45,10.8,180,1011.8,47,0,47,0,0.0,3600.0,43.6591,-70.2568,2022,8,14,15
2022-08-14 16:00:00,513.0,343.0,170.0,492.4,24.3,50,16.3,185,1011.8,92,0,92,0,0.0,3600.0,43.6591,-70.2568,2022,8,14,16
2022-08-14 17:00:00,394.0,229.0,165.0,409.1,23.9,51,15.9,193,1011.9,23,0,23,0,0.0,3600.0,43.6591,-70.2568,2022,8,14,17
2022-08-14 18:00:00,302.0,191.0,111.0,482.0,23.5,50,13.0,204,1012.0,75,0,75,0,0.0,3600.0,43.6591,-70.2568,2022,8,14,18
2022-08-14 19:00:00,127.0,64.0,63.0,294.6,22.1,57,9.3,216,1012.2,100,0,100,0,0.0,3600.0,43.6591,-70.2568,2022,8,14,19
2022-08-14 20:00:00,17.0,4.0,13.0,49.7,20.9,62,14.1,220,1012.7,90,0,7,0,0.0,84.39,43.6591,-70.2568,2022,8,14,20
2022-08-14 21:00:00,0.0,0.0,0.0,0.0,19.8,66,10.2,228,1013.0,80,0,3,79,0.0,0.0,43.6591,-70.2568,2022,8,14,21
2022-08-14 22:00:00,0.0,0.0,0.0,0.0,18.7,74,9.4,230,1013.3,97,0,2,97,0.0,0.0,43.6591,-70.2568,2022,8,14,22
2022-08-14 23:00:00,0.0,0.0,0.0,0.0,18.0,79,9.5,241,1013.3,99,0,1,99,0.0,0.0,43.6591,-70.2568,2022,8,14,23
2022-08-15 00:00:00,0.0,0.0,0.0,0.0,17.6,79,9.0,254,1013.4,100,0,4,100,0.0,0.0,43.6591,-70.2568,2022,8,15,0
2022-08-15 01:00:00,0.0,0.0,0.0,0.0,17.3,80,8.0,280,1013.2,100,0,9,100,0.0,0.0,43.6591,-70.2568,2022,8,15,1
2022-08-15 02:00:00,0.0,0.0,0.0,0.0,17.2,83,7.9,313,1012.9,95,0,6,95,0.0,0.0,43.6591,-70.2568,2022,8,15,2
2022-08-15 03:00:00,0.0,0.0,0.0,0.0,17.5,89,7.0,348,1012.7,43,0,4,41,0.0,0.0,43.6591,-70.2568,2022,8,15,3
2022-08-15 04:00:00,0.0,0.0,0.0,0.0,17.3,89,10.5,6,1012.7,62,0,1,62,0.0,0.0,43.6591,-70.2568,2022,8,15,4
2022-08-15 05:00:00,0.0,0.0,0.0,0.0,16.6,84,9.5,9,1012.6,85,0,3,85,0.0,0.0,43.6591,-70.2568,2022,8,15,5
2022-08-15 06:00:00,1.0,0.0,1.0,0.0,16.2,84,9.5,9,1012.9,96,1,4,96,0.0,0.0,43.6591,-70.2568,2022,8,15,6
2022-08-15 07:00:00,67.0,31.0,36.0,252.2,17.5,80,8.9,14,1013.2,0,0,0,0,0.0,3600.0,43.6591,-70.2568,2022,8,15,7
2022-08-15 08:00:00,234.0,170.0,64.0,564.9,19.4,75,6.0,33,1013.7,0,0,2,0,0.0,3600.0,43.6591,-70.2568,2022,8,15,8
2022-08-15 09:00:00,414.0,332.0,82.0,700.4,21.6,67,6.4,63,1013.7,0,0,0,0,0.0,3600.0,43.6591,-70.2568,2022,8,15,9
2022-08-15 10:00:00,582.0,489.0,93.0,781.0,22.9,62,6.8,93,1013.8,2,0,2,0,0.0,3600.0,43.6591,-70.2568,2022,8,15,10
2022-08-15 11:00:00,718.0,616.0,102.0,824.7,23.6,60,8.8,102,1013.8,84,0,5,83,0.0,3600.0,43.6591,-70.2568,2022,8,15,11
2022-08-15 12:00:00,744.0,613.0,131.0,740.2,23.6,59,9.9,100,1013.5,100,0,12,100,0.0,3600.0,43.6591,-70.2568,2022,8,15,12
2022-08-15 13:00:00,752.0,554.0,198.0,641.0,23.7,59,9.5,99,1013.5,100,0,10,100,0.0,3600.0,43.6591,-70.2568,2022,8,15,13
2022-08-15 14:00:00,728.0,522.0,206.0,612.1,23.5,59,10.7,104,1013.3,100,4,11,100,0.0,3600.0,43.6591,-70.2568,2022,8,15,14
2022-08-15 15:00:00,665.0,455.0,210.0,572.7,23.1,61,8.9,111,1013.2,92,5,19,90,0.0,3600.0,43.6591,-70.2568,2022,8,15,15
2022-08-15 16:00:00,619.0,474.0,145.0,683.7,23.4,59,6.7,106,1012.9,91,11,4,90,0.0,3600.0,43.6591,-70.2568,2022,8,15,16
2022-08-15 17:00:00,469.0,351.0,118.0,631.1,22.5,66,7.9,114,1012.6,59,12,3,52,0.0,3600.0,43.6591,-70.2568,2022,8,15,17
2022-08-15 18:00:00,296.0,197.0,99.0,502.1,21.1,76,6.8,122,1012.8,18,5,14,0,0.0,3600.0,43.6591,-70.2568,2022,8,15,18
2022-08-15 19:00:00,144.0,90.0,54.0,422.5,19.7,85,6.0,107,1013.0,20,5,5,12,0.0,3600.0,43.6591,-70.2568,2022,8,15,19
2022-08-15 20:00:00,19.0,8.0,11.0,102.0,18.9,87,6.6,167,1013.7,36,0,19,60,0.0,1454.9,43.6591,-70.2568,2022,8,15,20
2022-08-15 21:00:00,0.0,0.0,0.0,0.0,18.5,91,5.0,159,1013.8,94,0,25,92,0.0,0.0,43.6591,-70.2568,2022,8,15,21
2022-08-15 22:00:00,0.0,0.0,0.0,0.0,18.0,93,3.0,76,1014.1,100,0,10,100,0.0,0.0,43.6591,-70.2568,2022,8,15,22
2022-08-15 23:00:00,0.0,0.0,0.0,0.0,18.1,94,1.1,360,1014.3,100,0,38,100,0.0,0.0,43.6591,-70.2568,2022,8,15,23
2022-08-16 00:00:00,0.0,0.0,0.0,0.0,17.6,97,3.5,336,1014.5,100,0,39,99,0.0,0.0,43.6591,-70.2568,2022,8,16,0
2022-08-16 01:00:00,0.0,0.0,0.0,0.0,17.1,97,6.0,335,1014.1,93,0,38,89,0.0,0.0,43.6591,-70.2568,2022,8,16,1
2022-08-16 02:00:00,0.0,0.0,0.0,0.0,16.8,97,4.3,360,1013.8,13,0,10,3,0.0,0.0,43.6591,-70.2568,2022,8,16,2
2022-08-16 03:00:00,0.0,0.0,0.0,0.0,16.0,99,4.8,63,1013.9,28,0,28,0,0.0,0.0,43.6591,-70.2568,2022,8,16,3
2022-08-16 04:00:00,0.0,0.0,0.0,0.0,16.6,100,8.0,36,1013.8,11,11,1,0,0.0,0.0,43.6591,-70.2568,2022,8,16,4
2022-08-16 05:00:00,0.0,0.0,0.0,0.0,16.2,97,8.3,18,1013.8,5,3,2,0,0.0,0.0,43.6591,-70.2568,2022,8,16,5
2022-08-16 06:00:00,1.0,0.0,1.0,0.0,15.9,96,8.4,10,1014.2,2,0,2,0,0.0,0.0,43.6591,-70.2568,2022,8,16,6
2022-08-16 07:00:00,65.0,34.0,31.0,279.9,17.0,91,6.8,32,1014.7,0,0,0,0,0.0,3600.0,43.6591,-70.2568,2022,8,16,7
2022-08-16 08:00:00,224.0,157.0,67.0,526.7,19.2,85,6.4,63,1015.4,10,2,0,0,0.0,3600.0,43.6591,-70.2568,2022,8,16,8
2022-08-16 09:00:00,403.0,315.0,88.0,668.4,21.3,73,6.6,49,1015.2,2,2,0,0,0.0,3600.0,43.6591,-70.2568,2022,8,16,9
2022-08-16 10:00:00,579.0,485.0,94.0,777.9,23.5,58,8.8,81,1015.3,1,1,0,0,0.0,3600.0,43.6591,-70.2568,2022,8,16,10
2022-08-16 11:00:00,721.0,624.0,97.0,838.3,24.5,52,11.2,94,1015.4,3,1,2,0,0.0,3600.0,43.6591,-70.2568,2022,8,16,11
2022-08-16 12:00:00,784.0,667.0,117.0,808.0,24.6,52,12.1,102,1015.4,100,0,6,100,0.0,3600.0,43.6591,-70.2568,2022,8,16,12
2022-08-16 13:00:00,852.0,747.0,105.0,867.1,24.2,52,14.1,109,1015.5,99,2,4,99,0.0,3600.0,43.6591,-70.2568,2022,8,16,13
2022-08-16 14:00:00,801.0,644.0,157.0,757.8,23.6,53,14.3,102,1015.3,100,2,1,100,0.0,3600.0,43.6591,-70.2568,2022,8,16,14
2022-08-16 15:00:00,718.0,522.0,196.0,659.7,23.6,59,13.8,97,1015.0,100,2,2,100,0.0,3600.0,43.6591,-70.2568,2022,8,16,15
2022-08-16 16:00:00,590.0,407.0,183.0,590.0,22.2,68,13.7,104,1014.8,100,0,1,100,0.0,3600.0,43.6591,-70.2568,2022,8,16,16
2022-08-16 17:00:00,396.0,162.0,234.0,293.3,21.3,72,9.8,98,1014.4,100,0,6,100,0.0,3600.0,43.6591,-70.2568,2022,8,16,17
2022-08-16 18:00:00,226.0,68.0,158.0,175.1,20.9,71,5.2,74,1014.6,100,0,10,100,0.0,3453.82,43.6591,-70.2568,2022,8,16,18
2022-08-16 19:00:00,104.0,19.0,85.0,91.0,20.4,75,5.2,56,1014.5,100,0,9,100,0.0,931.24,43.6591,-70.2568,2022,8,16,19
2022-08-16 20:00:00,13.0,1.0,12.0,13.1,20.0,80,6.2,21,1014.6,100,5,17,100,0.0,0.0,43.6591,-70.2568,2022,8,16,20
2022-08-16 21:00:00,0.0,0.0,0.0,0.0,19.7,80,11.2,360,1014.8,100,19,40,100,0.0,0.0,43.6591,-70.2568,2022,8,16,21
2022-08-16 22:00:00,0.0,0.0,0.0,0.0,19.9,73,15.0,349,1014.4,100,2,11,100,0.0,0.0,43.6591,-70.2568,2022,8,16,22
2022-08-16 23:00:00,0.0,0.0,0.0,0.0,19.8,72,13.2,349,1014.2,100,22,43,100,0.0,0.0,43.6591,-70.2568,2022,8,16,23
2022-08-17 00:00:00,0.0,0.0,0.0,0.0,19.5,75,12.3,339,1014.0,100,10,32,100,0.0,0.0,43.6591,-70.2568,2022,8,17,0
2022-08-17 01:00:00,0.0,0.0,0.0,0.0,19.2,77,12.9,333,1013.5,100,4,100,100,0.0,0.0,43.6591,-70.2568,2022,8,17,1
2022-08-17 02:00:00,0.0,0.0,0.0,0.0,19.5,74,15.0,350,1012.7,100,2,97,100,0.0,0.0,43.6591,-70.2568,2022,8,17,2
2022-08-17 03:00:00,0.0,0.0,0.0,0.0,19.6,71,15.5,12,1012.5,100,0,100,100,0.0,0.0,43.6591,-70.2568,2022,8,17,3
2022-08-17 04:00:00,0.0,0.0,0.0,0.0,19.5,72,14.2,21,1012.5,100,0,100,100,0.0,0.0,43.6591,-70.2568,2022,8,17,4
2022-08-17 05:00:00,0.0,0.0,0.0,0.0,19.2,72,13.8,20,1012.3,100,0,100,100,0.0,0.0,43.6591,-70.2568,2022,8,17,5
2022-08-17 06:00:00,0.0,0.0,0.0,0.0,18.9,75,14.4,13,1012.4,100,0,100,100,0.0,0.0,43.6591,-70.2568,2022,8,17,6
2022-08-17 07:00:00,13.0,0.0,13.0,0.0,18.8,77,14.8,13,1012.6,100,0,100,100,0.1,0.0,43.6591,-70.2568,2022,8,17,7
2022-08-17 08:00:00,39.0,0.0,39.0,0.0,20.0,74,14.2,353,1012.7,100,0,100,100,0.2,0.0,43.6591,-70.2568,2022,8,17,8
2022-08-17 09:00:00,133.0,3.0,130.0,6.4,20.7,69,16.2,356,1012.4,100,0,100,100,0.0,0.0,43.6591,-70.2568,2022,8,17,9
2022-08-17 10:00:00,125.0,4.0,121.0,6.4,20.9,64,16.8,9,1012.3,100,0,100,100,0.0,0.0,43.6591,-70.2568,2022,8,17,10
2022-08-17 11:00:00,222.0,9.0,213.0,12.1,21.4,60,19.4,18,1011.8,100,0,100,100,0.3,0.0,43.6591,-70.2568,2022,8,17,11
2022-08-17 12:00:00,172.0,0.0,172.0,0.0,20.4,66,16.4,9,1011.6,100,0,100,100,0.7,0.0,43.6591,-70.2568,2022,8,17,12
2022-08-17 13:00:00,214.0,3.0,211.0,3.5,20.4,74,15.2,355,1010.8,100,0,100,100,0.9,0.0,43.6591,-70.2568,2022,8,17,13
2022-08-17 14:00:00,220.0,3.0,217.0,3.5,20.0,80,16.4,351,1010.3,100,0,100,100,0.9,0.0,43.6591,-70.2568,2022,8,17,14
2022-08-17 15:00:00,123.0,0.0,123.0,0.0,18.6,88,20.1,339,1009.8,100,0,100,100,0.8,0.0,43.6591,-70.2568,2022,8,17,15
2022-08-17 16:00:00,168.0,5.0,163.0,7.3,18.7,86,21.2,339,1009.1,100,0,100,100,0.2,0.0,43.6591,-70.2568,2022,8,17,16
2022-08-17 17:00:00,118.0,1.0,117.0,1.8,18.9,82,20.6,331,1007.9,100,0,100,100,0.0,0.0,43.6591,-70.2568,2022,8,17,17
2022-08-17 18:00:00,72.0,2.0,70.0,5.2,18.8,82,20.5,326,1007.5,100,17,100,100,0.3,0.0,43.6591,-70.2568,2022,8,17,18
2022-08-17 19:00:00,25.0,0.0,25.0,0.0,18.4,82,20.2,321,1006.9,100,100,100,100,0.4,0.0,43.6591,-70.2568,2022,8,17,19
2022-08-17 20:00:00,2.0,0.0,2.0,0.0,18.3,76,22.8,325,1006.0,100,100,100,99,0.6,0.0,43.6591,-70.2568,2022,8,17,20
2022-08-17 21:00:00,0.0,0.0,0.0,0.0,17.1,87,22.4,316,1005.8,100,100,100,90,1.2,0.0,43.6591,-70.2568,2022,8,17,21
2022-08-17 22:00:00,0.0,0.0,0.0,0.0,15.7,100,20.2,310,1004.8,100,100,100,100,1.6,0.0,43.6591,-70.2568,2022,8,17,22
2022-08-17 23:00:00,0.0,0.0,0.0,0.0,15.6,100,19.2,308,1004.0,100,100,100,100,1.9,0.0,43.6591,-70.2568,2022,8,17,23
2022-08-18 00:00:00,0.0,0.0,0.0,0.0,15.5,100,18.3,302,1003.6,100,100,100,100,1.2,0.0,43.6591,-70.2568,2022,8,18,0
2022-08-18 01:00:00,0.0,0.0,0.0,0.0,15.3,100,17.9,300,1002.9,100,100,100,100,1.7,0.0,43.6591,-70.2568,2022,8,18,1
2022-08-18 02:00:00,0.0,0.0,0.0,0.0,15.3,100,16.8,298,1002.4,100,100,100,100,1.4,0.0,43.6591,-70.2568,2022,8,18,2
2022-08-18 03:00:00,0.0,0.0,0.0,0.0,15.3,100,15.3,294,1002.3,100,100,100,100,2.0,0.0,43.6591,-70.2568,2022,8,18,3
2022-08-18 04:00:00,0.0,0.0,0.0,0.0,15.3,100,14.7,292,1002.1,100,100,100,100,2.6,0.0,43.6591,-70.2568,2022,8,18,4
2022-08-18 05:00:00,0.0,0.0,0.0,0.0,15.3,100,12.8,281,1002.0,100,100,100,100,2.5,0.0,43.6591,-70.2568,2022,8,18,5
2022-08-18 06:00:00,0.0,0.0,0.0,0.0,15.3,100,12.6,275,1002.4,100,100,100,100,2.8,0.0,43.6591,-70.2568,2022,8,18,6
2022-08-18 07:00:00,11.0,0.0,11.0,0.0,15.5,100,13.4,275,1002.4,100,100,100,96,2.3,0.0,43.6591,-70.2568,2022,8,18,7
2022-08-18 08:00:00,54.0,0.0,54.0,0.0,16.0,95,15.6,289,1002.2,100,100,100,73,0.3,0.0,43.6591,-70.2568,2022,8,18,8
2022-08-18 09:00:00,93.0,0.0,93.0,0.0,16.5,93,13.6,281,1002.6,100,100,100,64,0.0,0.0,43.6591,-70.2568,2022,8,18,9
2022-08-18 10:00:00,78.0,0.0,78.0,0.0,16.7,92,13.7,275,1002.7,100,100,100,15,0.2,0.0,43.6591,-70.2568,2022,8,18,10
2022-08-18 11:00:00,138.0,0.0,138.0,0.0,17.6,90,13.7,273,1002.4,95,2,94,16,0.1,0.0,43.6591,-70.2568,2022,8,18,11
2022-08-18 12:00:00,655.0,432.0,223.0,526.7,20.4,71,18.7,289,1002.5,100,94,100,7,0.2,3600.0,43.6591,-70.2568,2022,8,18,12
2022-08-18 13:00:00,419.0,150.0,269.0,175.3,20.9,66,18.9,284,1002.7,100,100,19,13,0.0,3457.55,43.6591,-70.2568,2022,8,18,13
2022-08-18 14:00:00,499.0,182.0,317.0,215.7,22.1,59,19.8,289,1002.8,96,95,19,0,0.0,3600.0,43.6591,-70.2568,2022,8,18,14
2022-08-18 15:00:00,496.0,182.0,314.0,231.9,22.7,57,21.4,290,1003.1,75,21,71,0,0.0,3600.0,43.6591,-70.2568,2022,8,18,15
2022-08-18 16:00:00,555.0,367.0,188.0,537.5,22.8,57,21.1,290,1003.3,93,41,65,68,0.0,3600.0,43.6591,-70.2568,2022,8,18,16
2022-08-18 17:00:00,439.0,307.0,132.0,563.6,22.3,58,22.3,288,1003.7,100,47,13,100,0.0,3600.0,43.6591,-70.2568,2022,8,18,17
2022-08-18 18:00:00,212.0,72.0,140.0,189.5,21.0,67,17.3,271,1004.3,100,2,41,100,0.0,3600.0,43.6591,-70.2568,2022,8,18,18
2022-08-18 19:00:00,99.0,21.0,78.0,105.1,20.0,71,15.1,269,1005.0,100,0,62,100,0.0,1352.64,43.6591,-70.2568,2022,8,18,19
2022-08-18 20:00:00,10.0,0.0,10.0,0.0,19.6,69,15.1,267,1005.5,100,0,78,100,0.0,0.0,43.6591,-70.2568,2022,8,18,20
2022-08-18 21:00:00,0.0,0.0,0.0,0.0,19.2,70,14.0,269,1006.1,100,0,87,100,0.0,0.0,43.6591,-70.2568,2022,8,18,21
2022-08-18 22:00:00,0.0,0.0,0.0,0.0,19.0,72,13.0,268,1006.4,100,8,75,100,0.1,0.0,43.6591,-70.2568,2022,8,18,22
2022-08-18 23:00:00,0.0,0.0,0.0,0.0,18.3,76,10.5,274,1006.7,100,9,45,100,0.0,0.0,43.6591,-70.2568,2022,8,18,23
2022-08-19 00:00:00,0.0,0.0,0.0,0.0,17.7,78,10.1,264,1007.0,100,9,87,100,0.1,0.0,43.6591,-70.2568,2022,8,19,0
2022-08-19 01:00:00,0.0,0.0,0.0,0.0,17.5,78,11.2,270,1007.4,95,11,95,1,0.0,0.0,43.6591,-70.2568,2022,8,19,1
2022-08-19 02:00:00,0.0,0.0,0.0,0.0,17.6,78,11.5,270,1007.8,98,13,98,6,0.0,0.0,43.6591,-70.2568,2022,8,19,2
2022-08-19 03:00:00,0.0,0.0,0.0,0.0,17.7,77,11.2,274,1008.2,35,7,35,0,0.0,0.0,43.6591,-70.2568,2022,8,19,3
2022-08-19 04:00:00,0.0,0.0,0.0,0.0,17.2,79,11.5,268,1008.5,100,5,100,0,0.0,0.0,43.6591,-70.2568,2022,8,19,4
2022-08-19 05:00:00,0.0,0.0,0.0,0.0,17.7,77,11.2,272,1009.0,99,1,99,21,0.0,0.0,43.6591,-70.2568,2022,8,19,5
2022-08-19 06:00:00,0.0,0.0,0.0,0.0,17.8,76,10.8,274,1009.6,100,1,100,100,0.0,0.0,43.6591,-70.2568,2022,8,19,6
2022-08-19 07:00:00,31.0,0.0,31.0,0.0,18.3,75,9.8,278,1010.0,100,0,100,46,0.0,0.0,43.6591,-70.2568,2022,8,19,7
2022-08-19 08:00:00,136.0,27.0,109.0,93.4,20.0,76,8.0,252,1010.2,50,0,25,64,0.0,1000.6,43.6591,-70.2568,2022,8,19,8
2022-08-19 09:00:00,364.0,245.0,119.0,529.2,22.3,67,8.0,260,1010.7,51,0,47,8,0.0,3600.0,43.6591,-70.2568,2022,8,19,9
2022-08-19 10:00:00,521.0,372.0,149.0,604.4,24.4,59,9.0,268,1011.0,19,0,17,1,0.0,3600.0,43.6591,-70.2568,2022,8,19,10
2022-08-19 11:00:00,676.0,544.0,132.0,738.7,26.2,49,12.0,286,1011.3,1,0,0,1,0.0,3600.0,43.6591,-70.2568,2022,8,19,11
2022-08-19 12:00:00,797.0,694.0,103.0,849.0,27.7,43,14.7,298,1011.2,15,0,14,1,0.0,3600.0,43.6591,-70.2568,2022,8,19,12
2022-08-19 13:00:00,781.0,653.0,128.0,765.5,28.4,38,17.0,302,1011.0,32,0,29,3,0.0,3600.0,43.6591,-70.2568,2022,8,19,13
2022-08-19 14:00:00,703.0,544.0,159.0,647.0,28.8,36,15.9,303,1011.0,30,0,30,0,0.0,3600.0,43.6591,-70.2568,2022,8,19,14
2022-08-19 15:00:00,615.0,452.0,163.0,578.4,29.1,36,12.0,314,1011.1,12,0,12,0,0.1,3600.0,43.6591,-70.2568,2022,8,19,15
2022-08-19 16:00:00,582.0,480.0,102.0,706.8,29.2,36,11.2,312,1011.2,27,0,27,0,0.0,3600.0,43.6591,-70.2568,2022,8,19,16
2022-08-19 17:00:00,436.0,346.0,90.0,639.9,28.4,41,7.4,299,1011.4,17,0,17,0,0.0,3600.0,43.6591,-70.2568,2022,8,19,17
2022-08-19 18:00:00,290.0,217.0,73.0,577.6,26.4,57,5.3,242,1012.0,14,0,14,0,0.0,3600.0,43.6591,-70.2568,2022,8,19,18
2022-08-19 19:00:00,122.0,78.0,44.0,399.4,24.3,77,5.6,285,1012.5,8,0,8,0,0.0,3600.0,43.6591,-70.2568,2022,8,19,19
2022-08-19 20:00:00,13.0,6.0,7.0,86.3,23.2,62,6.9,332,1013.1,7,0,9,0,0.0,963.01,43.6591,-70.2568,2022,8,19,20
2022-08-19 21:00:00,0.0,0.0,0.0,0.0,21.0,78,6.6,338,1013.9,5,0,5,0,0.0,0.0,43.6591,-70.2568,2022,8,19,21
2022-08-19 22:00:00,0.0,0.0,0.0,0.0,20.7,75,3.2,270,1014.6,4,0,4,0,0.0,0.0,43.6591,-70.2568,2022,8,19,22
2022-08-19 23:00:00,0.0,0.0,0.0,0.0,19.0,86,3.6,264,1014.7,0,0,0,0,0.0,0.0,43.6591,-70.2568,2022,8,19,23
2022-08-20 00:00:00,0.0,0.0,0.0,0.0,19.0,85,2.1,301,1015.0,0,0,0,0,0.0,0.0,43.6591,-70.2568,2022,8,20,0
2022-08-20 01:00:00,0.0,0.0,0.0,0.0,18.6,86,3.1,324,1015.1,0,0,0,0,0.0,0.0,43.6591,-70.2568,2022,8,20,1
2022-08-20 02:00:00,0.0,0.0,0.0,0.0,17.9,91,4.9,324,1015.5,3,1,0,2,0.0,0.0,43.6591,-70.2568,2022,8,20,2
2022-08-20 03:00:00,0.0,0.0,0.0,0.0,17.5,93,4.1,308,1015.6,7,7,0,0,0.0,0.0,43.6591,-70.2568,2022,8,20,3
2022-08-20 04:00:00,0.0,0.0,0.0,0.0,16.9,96,3.4,288,1016.0,22,10,0,14,0.0,0.0,43.6591,-70.2568,2022,8,20,4
2022-08-20 05:00:00,0.0,0.0,0.0,0.0,16.5,96,4.7,279,1016.4,56,9,0,52,0.0,0.0,43.6591,-70.2568,2022,8,20,5
2022-08-20 06:00:00,0.0,0.0,0.0,0.0,16.4,95,5.0,291,1016.9,8,8,0,0,0.0,0.0,43.6591,-70.2568,2022,8,20,6
2022-08-20 07:00:00,59.0,32.0,27.0,276.8,17.7,93,5.1,321,1017.3,86,8,0,85,0.0,3600.0,43.6591,-70.2568,2022,8,20,7
2022-08-20 08:00:00,215.0,149.0,66.0,520.6,21.1,81,6.6,331,1017.5,44,0,0,98,0.0,3600.0,43.6591,-70.2568,2022,8,20,8
2022-08-20 09:00:00,386.0,286.0,100.0,621.6,24.1,71,2.9,7,1017.8,100,0,0,100,0.0,3600.0,43.6591,-70.2568,2022,8,20,9
2022-08-20 10:00:00,538.0,396.0,142.0,646.3,26.1,63,1.5,104,1017.9,98,0,0,98,0.0,3600.0,43.6591,-70.2568,2022,8,20,10
2022-08-20 11:00:00,676.0,530.0,146.0,722.4,26.9,62,4.1,128,1018.0,100,0,0,100,0.0,3600.0,43.6591,-70.2568,2022,8,20,11
2022-08-20 12:00:00,762.0,583.0,179.0,715.7,27.0,65,8.4,137,1018.0,95,0,20,94,0.0,3600.0,43.6591,-70.2568,2022,8,20,12
2022-08-20 13:00:00,758.0,572.0,186.0,672.9,26.6,64,11.2,138,1017.7,44,7,36,7,0.0,3600.0,43.6591,-70.2568,2022,8,20,13
2022-08-20 14:00:00,656.0,502.0,154.0,599.4,25.6,64,11.7,135,1017.4,38,0,25,17,0.0,3600.0,43.6591,-70.2568,2022,8,20,14
2022-08-20 15:00:00,608.0,468.0,140.0,601.6,25.0,62,10.0,139,1017.2,54,0,24,39,0.0,3600.0,43.6591,-70.2568,2022,8,20,15
2022-08-20 16:00:00,538.0,408.0,130.0,604.1,25.0,61,7.8,146,1016.8,20,0,20,0,0.0,3600.0,43.6591,-70.2568,2022,8,20,16
2022-08-20 17:00:00,395.0,289.0,106.0,538.5,24.3,67,6.7,144,1016.5,14,0,13,2,0.0,3600.0,43.6591,-70.2568,2022,8,20,17
2022-08-20 18:00:00,288.0,212.0,76.0,570.9,23.7,72,5.6,140,1016.3,7,0,7,0,0.0,3600.0,43.6591,-70.2568,2022,8,20,18
2022-08-20 19:00:00,127.0,82.0,45.0,430.1,22.1,78,6.8,162,1016.6,10,0,10,1,0.0,3600.0,43.6591,-70.2568,2022,8,20,19
2022-08-20 20:00:00,12.0,5.0,7.0,74.4,19.9,86,5.9,104,1017.3,10,0,11,0,0.0,678.86,43.6591,-70.2568,2022,8,20,20
2022-08-20 21:00:00,0.0,0.0,0.0,0.0,19.9,85,7.1,120,1017.6,6,0,5,1,0.0,0.0,43.6591,-70.2568,2022,8,20,21
2022-08-20 22:00:00,0.0,0.0,0.0,0.0,19.7,87,6.2,111,1017.6,0,0,0,0,0.0,0.0,43.6591,-70.2568,2022,8,20,22
2022-08-20 23:00:00,0.0,0.0,0.0,0.0,18.8,92,5.1,98,1017.4,1,0,1,0,0.0,0.0,43.6591,-70.2568,2022,8,20,23
2022-08-21 00:00:00,0.0,0.0,0.0,0.0,19.2,90,1.5,45,1017.3,37,0,1,36,0.0,0.0,43.6591,-70.2568,2022,8,21,0
2022-08-21 01:00:00,0.0,0.0,0.0,0.0,18.6,93,0.8,27,1017.1,99,0,0,99,0.0,0.0,43.6591,-70.2568,2022,8,21,1
2022-08-21 02:00:00,0.0,0.0,0.0,0.0,18.1,95,2.3,51,1016.5,100,0,0,100,0.0,0.0,43.6591,-70.2568,2022,8,21,2
2022-08-21 03:00:00,0.0,0.0,0.0,0.0,18.9,93,4.0,80,1016.6,79,0,0,79,0.0,0.0,43.6591,-70.2568,2022,8,21,3
2022-08-21 04:00:00,0.0,0.0,0.0,0.0,19.1,93,3.2,297,1016.8,1,0,0,1,0.0,0.0,43.6591,-70.2568,2022,8,21,4
2022-08-21 05:00:00,0.0,0.0,0.0,0.0,18.6,94,3.3,311,1016.9,0,0,0,0,0.0,0.0,43.6591,-70.2568,2022,8,21,5
2022-08-21 06:00:00,0.0,0.0,0.0,0.0,18.3,95,2.4,333,1017.1,0,0,0,0,0.0,0.0,43.6591,-70.2568,2022,8,21,6
2022-08-21 07:00:00,57.0,32.0,25.0,280.4,19.2,93,3.2,117,1017.4,0,0,0,0,0.0,3600.0,43.6591,-70.2568,2022,8,21,7
2022-08-21 08:00:00,212.0,153.0,59.0,540.2,21.1,88,1.0,315,1017.6,0,0,26,0,0.0,3600.0,43.6591,-70.2568,2022,8,21,8
2022-08-21 09:00:00,342.0,245.0,97.0,535.8,23.5,80,0.4,360,1017.8,81,0,23,76,0.0,3600.0,43.6591,-70.2568,2022,8,21,9
2022-08-21 10:00:00,520.0,401.0,119.0,657.4,25.4,72,3.6,143,1017.8,93,0,8,92,0.0,3600.0,43.6591,-70.2568,2022,8,21,10
2022-08-21 11:00:00,658.0,521.0,137.0,712.9,26.1,72,8.7,135,1017.5,99,9,2,99,0.0,3600.0,43.6591,-70.2568,2022,8,21,11
2022-08-21 12:00:00,753.0,579.0,174.0,713.3,26.3,74,11.7,137,1017.1,99,27,0,99,0.0,3600.0,43.6591,-70.2568,2022,8,21,12
2022-08-21 13:00:00,778.0,563.0,215.0,664.7,25.9,73,14.4,148,1016.9,98,33,0,97,0.0,3600.0,43.6591,-70.2568,2022,8,21,13
2022-08-21 14:00:00,788.0,623.0,165.0,746.7,25.6,69,14.8,157,1016.5,48,17,1,37,0.0,3600.0,43.6591,-70.2568,2022,8,21,14
2022-08-21 15:00:00,734.0,604.0,130.0,779.9,25.4,69,15.0,159,1016.1,33,4,4,28,0.0,3600.0,43.6591,-70.2568,2022,8,21,15
2022-08-21 16:00:00,629.0,532.0,97.0,792.2,24.8,69,13.8,160,1015.7,95,0,9,95,0.0,3600.0,43.6591,-70.2568,2022,8,21,16
2022-08-21 17:00:00,471.0,371.0,100.0,696.7,23.4,74,15.0,159,1015.2,100,2,12,100,0.0,3600.0,43.6591,-70.2568,2022,8,21,17
2022-08-21 18:00:00,238.0,139.0,99.0,378.8,21.5,82,12.1,163,1015.0,92,0,3,92,0.0,3600.0,43.6591,-70.2568,2022,8,21,18
2022-08-21 19:00:00,110.0,42.0,68.0,225.8,20.6,87,12.6,177,1015.0,1,1,0,0,0.0,3600.0,43.6591,-70.2568,2022,8,21,19
2022-08-21 20:00:00,11.0,5.0,6.0,77.1,19.6,90,10.9,172,1015.4,23,0,4,25,0.0,724.56,43.6591,-70.2568,2022,8,21,20
2022-08-21 21:00:00,0.0,0.0,0.0,0.0,19.0,95,10.6,162,1015.7,27,0,5,24,0.0,0.0,43.6591,-70.2568,2022,8,21,21
2022-08-21 22:00:00,0.0,0.0,0.0,0.0,18.6,98,9.8,172,1015.7,100,1,2,100,0.0,0.0,43.6591,-70.2568,2022,8,21,22
2022-08-21 23:00:00,0.0,0.0,0.0,0.0,18.3,99,10.1,184,1015.5,100,2,0,100,0.0,0.0,43.6591,-70.2568,2022,8,21,23
2022-08-22 00:00:00,0.0,0.0,0.0,0.0,18.0,100,9.4,182,1015.3,100,17,1,100,0.0,0.0,43.6591,-70.2568,2022,8,22,0
2022-08-22 01:00:00,0.0,0.0,0.0,0.0,17.7,100,9.4,187,1015.2,100,100,0,100,0.0,0.0,43.6591,-70.2568,2022,8,22,1
2022-08-22 02:00:00,0.0,0.0,0.0,0.0,17.5,100,7.6,188,1014.9,100,100,0,100,0.0,0.0,43.6591,-70.2568,2022,8,22,2
2022-08-22 03:00:00,0.0,0.0,0.0,0.0,17.2,100,6.5,180,1014.5,100,100,0,100,0.0,0.0,43.6591,-70.2568,2022,8,22,3
2022-08-22 04:00:00,0.0,0.0,0.0,0.0,17.1,100,5.7,162,1014.2,100,100,0,100,0.0,0.0,43.6591,-70.2568,2022,8,22,4
2022-08-22 05:00:00,0.0,0.0,0.0,0.0,17.0,99,5.5,169,1014.3,100,100,8,100,0.0,0.0,43.6591,-70.2568,2022,8,22,5
2022-08-22 06:00:00,0.0,0.0,0.0,0.0,17.1,99,4.3,180,1014.2,100,100,19,100,0.0,0.0,43.6591,-70.2568,2022,8,22,6
2022-08-22 07:00:00,24.0,0.0,24.0,0.0,17.2,99,3.3,193,1014.4,100,100,7,100,0.0,0.0,43.6591,-70.2568,2022,8,22,7
2022-08-22 08:00:00,118.0,8.0,110.0,28.6,18.9,95,4.3,90,1014.4,100,100,21,100,0.0,0.0,43.6591,-70.2568,2022,8,22,8
2022-08-22 09:00:00,190.0,18.0,172.0,39.6,19.7,94,6.8,93,1014.4,100,100,66,100,0.3,0.0,43.6591,-70.2568,2022,8,22,9
2022-08-22 10:00:00,222.0,14.0,208.0,23.1,19.9,95,10.2,100,1014.1,100,100,100,100,0.5,0.0,43.6591,-70.2568,2022,8,22,10
2022-08-22 11:00:00,139.0,0.0,139.0,0.0,19.5,98,9.4,94,1014.0,100,100,100,100,0.2,0.0,43.6591,-70.2568,2022,8,22,11
2022-08-22 12:00:00,174.0,4.0,170.0,4.9,19.4,98,9.5,81,1013.7,100,100,100,100,1.3,0.0,43.6591,-70.2568,2022,8,22,12
2022-08-22 13:00:00,301.0,16.0,285.0,19.0,19.4,97,11.2,75,1013.4,100,100,98,100,0.4,0.0,43.6591,-70.2568,2022,8,22,13
2022-08-22 14:00:00,297.0,23.0,274.0,27.7,19.3,97,11.7,81,1012.6,100,100,96,100,0.1,0.0,43.6591,-70.2568,2022,8,22,14
2022-08-22 15:00:00,167.0,0.0,167.0,0.0,19.0,98,11.3,83,1012.0,100,100,8,100,0.0,0.0,43.6591,-70.2568,2022,8,22,15
2022-08-22 16:00:00,195.0,0.0,195.0,0.0,19.1,97,12.1,80,1011.4,100,100,87,100,0.1,0.0,43.6591,-70.2568,2022,8,22,16
2022-08-22 17:00:00,134.0,0.0,134.0,0.0,19.0,97,11.5,76,1010.4,100,100,46,100,0.2,0.0,43.6591,-70.2568,2022,8,22,17
2022-08-22 18:00:00,103.0,3.0,100.0,8.3,19.0,97,13.5,74,1009.9,100,100,97,100,0.3,0.0,43.6591,-70.2568,2022,8,22,18
2022-08-22 19:00:00,31.0,0.0,31.0,0.0,19.0,97,13.4,70,1009.4,100,100,15,100,0.4,0.0,43.6591,-70.2568,2022,8,22,19
2022-08-22 20:00:00,3.0,0.0,3.0,0.0,19.3,100,16.2,58,1009.1,100,92,100,100,0.7,0.0,43.6591,-70.2568,2022,8,22,20
2022-08-22 21:00:00,0.0,0.0,0.0,0.0,19.1,100,16.5,54,1008.7,100,100,100,100,4.1,0.0,43.6591,-70.2568,2022,8,22,21
2022-08-22 22:00:00,0.0,0.0,0.0,0.0,18.8,100,17.1,51,1008.0,100,100,100,100,5.8,0.0,43.6591,-70.2568,2022,8,22,22
2022-08-22 23:00:00,0.0,0.0,0.0,0.0,18.7,100,15.5,48,1007.7,100,100,100,97,4.1,0.0,43.6591,-70.2568,2022,8,22,23
2022-08-23 00:00:00,0.0,0.0,0.0,0.0,18.6,100,12.3,32,1007.4,100,100,99,100,2.5,0.0,43.6591,-70.2568,2022,8,23,0
2022-08-23 01:00:00,0.0,0.0,0.0,0.0,18.5,100,11.5,20,1006.9,100,81,99,77,3.8,0.0,43.6591,-70.2568,2022,8,23,1
2022-08-23 02:00:00,0.0,0.0,0.0,0.0,18.4,100,8.1,13,1006.4,90,44,23,76,1.6,0.0,43.6591,-70.2568,2022,8,23,2
2022-08-23 03:00:00,0.0,0.0,0.0,0.0,18.2,100,5.7,325,1006.2,95,33,16,91,0.4,0.0,43.6591,-70.2568,2022,8,23,3
2022-08-23 04:00:00,0.0,0.0,0.0,0.0,17.7,100,4.6,315,1006.1,100,100,2,97,0.0,0.0,43.6591,-70.2568,2022,8,23,4
2022-08-23 05:00:00,0.0,0.0,0.0,0.0,18.8,98,8.0,333,1005.8,100,100,0,100,0.0,0.0,43.6591,-70.2568,2022,8,23,5
2022-08-23 06:00:00,0.0,0.0,0.0,0.0,18.9,98,6.9,321,1006.3,100,100,0,1,0.0,0.0,43.6591,-70.2568,2022,8,23,6
2022-08-23 07:00:00,20.0,1.0,19.0,9.0,19.2,98,7.9,317,1006.7,100,100,2,62,0.0,0.0,43.6591,-70.2568,2022,8,23,7
2022-08-23 08:00:00,72.0,2.0,70.0,7.2,19.8,95,8.5,332,1006.9,75,25,0,100,0.0,0.0,43.6591,-70.2568,2022,8,23,8
2022-08-23 09:00:00,245.0,72.0,173.0,159.5,20.8,89,10.4,360,1006.9,98,79,0,88,0.0,2984.45,43.6591,-70.2568,2022,8,23,9
2022-08-23 10:00:00,326.0,73.0,253.0,120.8,22.0,82,9.1,7,1007.0,100,100,0,99,0.1,1824.09,43.6591,-70.2568,2022,8,23,10
2022-08-23 11:00:00,351.0,77.0,274.0,106.2,22.9,77,5.6,15,1007.1,100,100,0,99,0.1,1385.46,43.6591,-70.2568,2022,8,23,11
2022-08-23 12:00:00,562.0,273.0,289.0,338.8,24.0,72,2.9,360,1006.6,100,100,1,26,0.0,3600.0,43.6591,-70.2568,2022,8,23,12
2022-08-23 13:00:00,485.0,175.0,310.0,208.1,24.3,72,3.0,166,1006.5,97,96,0,18,0.0,3600.0,43.6591,-70.2568,2022,8,23,13
2022-08-23 14:00:00,616.0,271.0,345.0,327.4,25.4,66,4.7,157,1006.2,72,67,1,14,0.0,3600.0,43.6591,-70.2568,2022,8,23,14
2022-08-23 15:00:00,654.0,460.0,194.0,599.5,24.8,74,12.2,152,1005.9,43,5,1,39,0.0,3600.0,43.6591,-70.2568,2022,8,23,15
2022-08-23 16:00:00,555.0,411.0,144.0,619.2,23.6,79,13.9,170,1005.8,75,14,26,65,0.0,3600.0,43.6591,-70.2568,2022,8,23,16
2022-08-23 17:00:00,335.0,176.0,159.0,335.8,22.7,79,12.2,182,1005.7,97,6,21,96,0.0,3600.0,43.6591,-70.2568,2022,8,23,17
2022-08-23 18:00:00,219.0,99.0,120.0,276.6,22.1,80,9.8,172,1005.9,87,18,17,83,0.0,3600.0,43.6591,-70.2568,2022,8,23,18
2022-08-23 19:00:00,99.0,46.0,53.0,260.8,20.9,86,8.3,175,1006.4,53,23,10,33,0.0,3600.0,43.6591,-70.2568,2022,8,23,19
2022-08-23 20:00:00,7.0,2.0,5.0,33.3,19.7,96,12.6,180,1007.4,48,6,37,100,0.0,0.0,43.6591,-70.2568,2022,8,23,20
2022-08-23 21:00:00,0.0,0.0,0.0,0.0,19.5,100,5.8,173,1008.0,100,12,56,100,1.6,0.0,43.6591,-70.2568,2022,8,23,21
2022-08-23 22:00:00,0.0,0.0,0.0,0.0,19.3,100,3.2,243,1007.3,100,100,0,100,0.6,0.0,43.6591,-70.2568,2022,8,23,22
2022-08-23 23:00:00,0.0,0.0,0.0,0.0,18.8,100,4.3,294,1007.4,100,35,1,100,0.0,0.0,43.6591,-70.2568,2022,8,23,23
2022-08-24 00:00:00,0.0,0.0,0.0,0.0,17.9,100,2.4,117,1007.4,100,17,1,100,0.0,0.0,43.6591,-70.2568,2022,8,24,0
2022-08-24 01:00:00,0.0,0.0,0.0,0.0,17.4,100,4.7,94,1007.7,100,100,7,1,0.0,0.0,43.6591,-70.2568,2022,8,24,1
2022-08-24 02:00:00,0.0,0.0,0.0,0.0,17.6,100,3.1,36,1007.4,100,100,12,84,0.0,0.0,43.6591,-70.2568,2022,8,24,2
2022-08-24 03:00:00,0.0,0.0,0.0,0.0,18.7,100,3.9,68,1007.2,100,100,10,12,0.0,0.0,43.6591,-70.2568,2022,8,24,3
2022-08-24 04:00:00,0.0,0.0,0.0,0.0,18.0,100,3.6,84,1007.2,100,100,4,0,0.0,0.0,43.6591,-70.2568,2022,8,24,4
2022-08-24 05:00:00,0.0,0.0,0.0,0.0,18.0,100,2.0,45,1007.7,100,100,17,0,0.0,0.0,43.6591,-70.2568,2022,8,24,5
2022-08-24 06:00:00,0.0,0.0,0.0,0.0,18.2,100,3.6,360,1007.9,100,100,5,0,0.0,0.0,43.6591,-70.2568,2022,8,24,6
2022-08-24 07:00:00,27.0,0.0,27.0,0.0,18.5,99,1.3,34,1008.6,100,100,15,0,0.0,0.0,43.6591,-70.2568,2022,8,24,7
2022-08-24 08:00:00,105.0,15.0,90.0,54.7,19.8,98,0.0,270,1008.7,100,100,23,6,0.0,0.0,43.6591,-70.2568,2022,8,24,8
2022-08-24 09:00:00,176.0,27.0,149.0,60.2,20.9,90,5.2,65,1008.9,93,90,8,28,0.4,5.94,43.6591,-70.2568,2022,8,24,9
2022-08-24 10:00:00,227.0,11.0,216.0,18.3,20.6,93,6.3,66,1009.6,99,78,37,94,0.4,0.0,43.6591,-70.2568,2022,8,24,10
2022-08-24 11:00:00,257.0,29.0,228.0,40.2,21.2,91,2.4,297,1009.5,100,100,10,92,0.1,0.0,43.6591,-70.2568,2022,8,24,11
2022-08-24 12:00:00,460.0,145.0,315.0,180.6,22.6,86,1.8,169,1009.3,73,29,9,59,0.1,3600.0,43.6591,-70.2568,2022,8,24,12
2022-08-24 13:00:00,669.0,475.0,194.0,567.1,23.4,80,4.5,151,1009.1,60,47,22,7,0.2,3600.0,43.6591,-70.2568,2022,8,24,13
2022-08-24 14:00:00,661.0,491.0,170.0,595.7,24.1,77,6.9,152,1008.9,50,42,13,3,0.2,3600.0,43.6591,-70.2568,2022,8,24,14
2022-08-24 15:00:00,621.0,449.0,172.0,588.0,24.6,76,6.0,155,1008.4,47,39,17,0,0.1,3600.0,43.6591,-70.2568,2022,8,24,15
2022-08-24 16:00:00,475.0,342.0,133.0,518.4,24.0,82,7.7,143,1008.4,69,61,20,3,0.2,3600.0,43.6591,-70.2568,2022,8,24,16
2022-08-24 17:00:00,390.0,251.0,139.0,482.9,23.5,87,8.4,160,1008.3,75,48,23,43,0.3,3600.0,43.6591,-70.2568,2022,8,24,17
2022-08-24 18:00:00,232.0,142.0,90.0,402.0,22.8,91,7.6,177,1008.4,46,36,36,0,0.0,3600.0,43.6591,-70.2568,2022,8,24,18
2022-08-24 19:00:00,99.0,53.0,46.0,309.0,21.9,95,6.3,193,1008.8,26,3,24,0,0.0,3600.0,43.6591,-70.2568,2022,8,24,19
2022-08-24 20:00:00,7.0,2.0,5.0,34.7,21.3,96,9.4,203,1009.7,18,0,3,0,0.0,0.0,43.6591,-70.2568,2022,8,24,20
2022-08-24 21:00:00,0.0,0.0,0.0,0.0,20.6,99,9.4,212,1010.4,7,5,2,0,0.0,0.0,43.6591,-70.2568,2022,8,24,21
2022-08-24 22:00:00,0.0,0.0,0.0,0.0,20.2,99,8.9,227,1010.3,13,9,5,0,0.0,0.0,43.6591,-70.2568,2022,8,24,22
2022-08-24 23:00:00,0.0,0.0,0.0,0.0,20.0,99,7.7,242,1010.7,9,6,3,0,0.0,0.0,43.6591,-70.2568,2022,8,24,23
2022-08-25 00:00:00,0.0,0.0,0.0,0.0,19.7,98,7.6,251,1011.0,7,4,2,0,0.0,0.0,43.6591,-70.2568,2022,8,25,0
2022-08-25 01:00:00,0.0,0.0,0.0,0.0,19.4,98,7.9,270,1010.9,5,3,2,0,0.0,0.0,43.6591,-70.2568,2022,8,25,1
2022-08-25 02:00:00,0.0,0.0,0.0,0.0,19.4,95,8.6,285,1010.9,2,2,0,0,0.0,0.0,43.6591,-70.2568,2022,8,25,2
2022-08-25 03:00:00,0.0,0.0,0.0,0.0,19.5,94,8.8,282,1010.8,1,1,0,0,0.0,0.0,43.6591,-70.2568,2022,8,25,3
2022-08-25 04:00:00,0.0,0.0,0.0,0.0,19.4,94,9.0,286,1010.8,0,0,0,0,0.0,0.0,43.6591,-70.2568,2022,8,25,4
2022-08-25 05:00:00,0.0,0.0,0.0,0.0,19.3,92,8.2,299,1011.0,2,0,2,0,0.0,0.0,43.6591,-70.2568,2022,8,25,5
2022-08-25 06:00:00,0.0,0.0,0.0,0.0,19.3,92,6.9,313,1011.3,1,0,1,0,0.0,0.0,43.6591,-70.2568,2022,8,25,6
2022-08-25 07:00:00,49.0,28.0,21.0,259.2,20.1,93,6.3,301,1011.8,0,0,0,0,0.0,3486.52,43.6591,-70.2568,2022,8,25,7
2022-08-25 08:00:00,203.0,145.0,58.0,535.2,21.6,88,6.4,297,1012.2,1,0,0,0,0.0,3600.0,43.6591,-70.2568,2022,8,25,8
2022-08-25 09:00:00,382.0,305.0,77.0,684.5,23.7,82,4.8,312,1012.3,0,0,0,0,0.0,3600.0,43.6591,-70.2568,2022,8,25,9
2022-08-25 10:00:00,549.0,461.0,88.0,770.3,25.5,72,3.2,333,1012.6,0,0,0,0,0.0,3600.0,43.6591,-70.2568,2022,8,25,10
2022-08-25 11:00:00,685.0,588.0,97.0,817.4,26.5,63,0.0,270,1012.8,25,0,25,0,0.0,3600.0,43.6591,-70.2568,2022,8,25,11
2022-08-25 12:00:00,694.0,566.0,128.0,707.7,26.2,65,3.1,144,1012.9,17,8,11,0,0.2,3600.0,43.6591,-70.2568,2022,8,25,12
2022-08-25 13:00:00,740.0,584.0,156.0,699.9,26.3,66,5.1,129,1012.5,39,18,26,0,0.0,3600.0,43.6591,-70.2568,2022,8,25,13
2022-08-25 14:00:00,713.0,549.0,164.0,668.9,25.8,76,5.5,122,1012.4,43,23,22,9,0.5,3600.0,43.6591,-70.2568,2022,8,25,14
2022-08-25 15:00:00,629.0,469.0,160.0,617.3,24.7,90,9.0,143,1012.2,34,21,16,0,2.7,3600.0,43.6591,-70.2568,2022,8,25,15
2022-08-25 16:00:00,504.0,366.0,138.0,558.2,24.2,91,7.0,145,1012.2,37,20,35,0,0.2,3600.0,43.6591,-70.2568,2022,8,25,16
2022-08-25 17:00:00,330.0,226.0,104.0,438.5,23.0,93,5.9,101,1012.3,39,21,23,0,0.1,3600.0,43.6591,-70.2568,2022,8,25,17
2022-08-25 18:00:00,236.0,155.0,81.0,444.6,21.8,90,8.0,126,1012.2,22,21,2,0,0.0,3600.0,43.6591,-70.2568,2022,8,25,18
2022-08-25 19:00:00,102.0,57.0,45.0,342.1,20.3,93,5.7,108,1012.2,35,34,5,0,0.0,3600.0,43.6591,-70.2568,2022,8,25,19
2022-08-25 20:00:00,6.0,2.0,4.0,36.3,19.6,97,5.9,104,1012.9,54,13,0,0,0.0,0.0,43.6591,-70.2568,2022,8,25,20
2022-08-25 21:00:00,0.0,0.0,0.0,0.0,19.0,100,6.5,56,1013.5,34,32,2,0,0.0,0.0,43.6591,-70.2568,2022,8,25,21
2022-08-25 22:00:00,0.0,0.0,0.0,0.0,18.8,100,5.9,43,1013.7,100,100,6,0,0.0,0.0,43.6591,-70.2568,2022,8,25,22
2022-08-25 23:00:00,0.0,0.0,0.0,0.0,18.6,100,6.4,43,1013.6,100,100,14,0,0.0,0.0,43.6591,-70.2568,2022,8,25,23
2022-08-26 00:00:00,0.0,0.0,0.0,0.0,18.8,99,4.6,51,1013.5,100,100,29,0,0.0,0.0,43.6591,-70.2568,2022,8,26,0
2022-08-26 01:00:00,0.0,0.0,0.0,0.0,18.8,99,8.2,29,1013.3,100,100,21,0,0.0,0.0,43.6591,-70.2568,2022,8,26,1
2022-08-26 02:00:00,0.0,0.0,0.0,0.0,18.7,99,8.4,43,1012.6,72,58,34,0,0.0,0.0,43.6591,-70.2568,2022,8,26,2
2022-08-26 03:00:00,0.0,0.0,0.0,0.0,18.5,100,8.2,49,1012.4,100,100,9,84,0.0,0.0,43.6591,-70.2568,2022,8,26,3
2022-08-26 04:00:00,0.0,0.0,0.0,0.0,18.6,100,6.2,54,1012.2,100,100,24,100,0.0,0.0,43.6591,-70.2568,2022,8,26,4
2022-08-26 05:00:00,0.0,0.0,0.0,0.0,18.9,99,7.1,49,1012.0,100,100,16,100,0.0,0.0,43.6591,-70.2568,2022,8,26,5
2022-08-26 06:00:00,0.0,0.0,0.0,0.0,18.8,100,7.8,56,1011.8,100,100,19,100,0.0,0.0,43.6591,-70.2568,2022,8,26,6
2022-08-26 07:00:00,18.0,0.0,18.0,0.0,18.7,99,8.4,47,1011.8,100,100,35,100,0.0,0.0,43.6591,-70.2568,2022,8,26,7
2022-08-26 08:00:00,75.0,0.0,75.0,0.0,18.6,93,9.5,25,1012.1,100,100,72,42,0.0,0.0,43.6591,-70.2568,2022,8,26,8
2022-08-26 09:00:00,129.0,12.0,117.0,27.1,19.4,91,6.4,63,1012.0,100,100,100,0,0.1,0.0,43.6591,-70.2568,2022,8,26,9
2022-08-26 10:00:00,200.0,10.0,190.0,16.8,20.1,92,7.2,63,1011.3,100,100,11,86,0.1,0.0,43.6591,-70.2568,2022,8,26,10
2022-08-26 11:00:00,521.0,253.0,268.0,353.2,22.4,84,5.0,90,1011.0,100,100,0,63,0.0,3600.0,43.6591,-70.2568,2022,8,26,11
2022-08-26 12:00:00,589.0,270.0,319.0,338.9,23.5,79,6.0,123,1010.4,65,50,20,27,0.0,3600.0,43.6591,-70.2568,2022,8,26,12
2022-08-26 13:00:00,728.0,508.0,220.0,611.2,24.3,76,9.2,116,1009.6,53,20,29,22,0.0,3600.0,43.6591,-70.2568,2022,8,26,13
2022-08-26 14:00:00,736.0,538.0,198.0,658.3,23.7,79,11.8,117,1008.8,100,57,95,97,0.0,3600.0,43.6591,-70.2568,2022,8,26,14
2022-08-26 15:00:00,475.0,155.0,320.0,205.0,22.6,84,9.9,134,1007.9,100,55,90,98,0.0,3600.0,43.6591,-70.2568,2022,8,26,15
2022-08-26 16:00:00,346.0,91.0,255.0,139.7,22.5,84,5.1,135,1007.6,100,27,65,100,0.0,2390.12,43.6591,-70.2568,2022,8,26,16
2022-08-26 17:00:00,171.0,53.0,118.0,103.7,22.1,86,5.4,110,1007.0,100,21,100,99,0.0,1311.64,43.6591,-70.2568,2022,8,26,17
2022-08-26 18:00:00,93.0,6.0,87.0,17.4,21.6,89,6.1,180,1007.1,99,21,60,98,0.0,0.0,43.6591,-70.2568,2022,8,26,18
2022-08-26 19:00:00,23.0,0.0,23.0,0.0,20.4,99,7.2,217,1006.9,100,0,100,100,2.2,0.0,43.6591,-70.2568,2022,8,26,19
2022-08-26 20:00:00,1.0,0.0,1.0,0.0,19.0,99,4.8,207,1008.7,100,0,96,100,0.4,0.0,43.6591,-70.2568,2022,8,26,20
2022-08-26 21:00:00,0.0,0.0,0.0,0.0,18.8,99,2.5,180,1008.1,100,0,0,100,0.0,0.0,43.6591,-70.2568,2022,8,26,21
2022-08-26 22:00:00,0.0,0.0,0.0,0.0,19.0,97,5.2,326,1008.5,96,4,0,96,0.0,0.0,43.6591,-70.2568,2022,8,26,22
2022-08-26 23:00:00,0.0,0.0,0.0,0.0,19.2,96,3.6,217,1008.9,100,5,2,100,0.0,0.0,43.6591,-70.2568,2022,8,26,23
2022-08-27 00:00:00,0.0,0.0,0.0,0.0,18.6,99,4.1,225,1009.0,9,3,0,6,0.0,0.0,43.6591,-70.2568,2022,8,27,0
2022-08-27 01:00:00,0.0,0.0,0.0,0.0,18.4,99,5.6,225,1009.0,11,7,0,4,0.0,0.0,43.6591,-70.2568,2022,8,27,1
2022-08-27 02:00:00,0.0,0.0,0.0,0.0,18.0,100,4.3,228,1008.9,100,100,0,0,0.0,0.0,43.6591,-70.2568,2022,8,27,2
2022-08-27 03:00:00,0.0,0.0,0.0,0.0,17.8,99,6.4,297,1008.6,100,100,0,0,0.0,0.0,43.6591,-70.2568,2022,8,27,3
2022-08-27 04:00:00,0.0,0.0,0.0,0.0,18.1,100,6.4,322,1009.0,100,100,0,0,0.0,0.0,43.6591,-70.2568,2022,8,27,4
2022-08-27 05:00:00,0.0,0.0,0.0,0.0,18.3,100,6.5,357,1009.6,100,100,0,0,0.0,0.0,43.6591,-70.2568,2022,8,27,5
2022-08-27 06:00:00,0.0,0.0,0.0,0.0,18.2,100,8.3,355,1010.2,100,100,0,0,0.0,0.0,43.6591,-70.2568,2022,8,27,6
2022-08-27 07:00:00,31.0,8.0,23.0,76.3,18.1,99,10.1,356,1011.0,11,11,0,0,0.0,912.34,43.6591,-70.2568,2022,8,27,7
2022-08-27 08:00:00,180.0,109.0,71.0,411.8,19.0,98,8.1,32,1012.0,23,100,16,0,0.0,3600.0,43.6591,-70.2568,2022,8,27,8
2022-08-27 09:00:00,218.0,58.0,160.0,132.0,19.9,95,5.4,37,1012.5,100,100,15,0,0.0,2158.67,43.6591,-70.2568,2022,8,27,9
2022-08-27 10:00:00,429.0,276.0,153.0,465.8,21.1,87,6.5,19,1013.2,27,16,17,0,0.1,3600.0,43.6591,-70.2568,2022,8,27,10
2022-08-27 11:00:00,622.0,497.0,125.0,696.8,22.4,77,6.3,31,1013.4,100,100,14,0,0.1,3600.0,43.6591,-70.2568,2022,8,27,11
2022-08-27 12:00:00,512.0,204.0,308.0,257.1,22.8,71,4.2,59,1013.6,100,100,19,0,0.1,3600.0,43.6591,-70.2568,2022,8,27,12
2022-08-27 13:00:00,290.0,26.0,264.0,31.4,21.5,77,5.0,111,1013.7,62,33,57,0,0.7,0.0,43.6591,-70.2568,2022,8,27,13
2022-08-27 14:00:00,599.0,400.0,199.0,491.6,22.2,75,5.1,141,1013.6,52,29,34,0,0.7,3600.0,43.6591,-70.2568,2022,8,27,14
2022-08-27 15:00:00,553.0,383.0,170.0,509.2,21.9,75,6.0,115,1013.6,60,36,51,0,1.0,3600.0,43.6591,-70.2568,2022,8,27,15
2022-08-27 16:00:00,318.0,140.0,178.0,216.3,20.8,82,7.2,117,1013.8,57,38,42,0,0.5,3600.0,43.6591,-70.2568,2022,8,27,16
2022-08-27 17:00:00,389.0,271.0,118.0,535.0,21.1,82,4.8,117,1013.5,20,12,10,0,0.1,3600.0,43.6591,-70.2568,2022,8,27,17
2022-08-27 18:00:00,256.0,179.0,77.0,527.8,20.5,87,5.2,146,1014.0,16,14,4,0,0.0,3600.0,43.6591,-70.2568,2022,8,27,18
2022-08-27 19:00:00,88.0,48.0,40.0,306.4,19.3,92,6.2,173,1014.5,9,4,5,0,0.0,3600.0,43.6591,-70.2568,2022,8,27,19
2022-08-27 20:00:00,4.0,1.0,3.0,19.1,18.6,94,6.5,180,1015.3,21,2,15,0,0.0,0.0,43.6591,-70.2568,2022,8,27,20
2022-08-27 21:00:00,0.0,0.0,0.0,0.0,18.2,95,6.5,177,1016.2,7,0,7,0,0.0,0.0,43.6591,-70.2568,2022,8,27,21
2022-08-27 22:00:00,0.0,0.0,0.0,0.0,18.1,95,5.9,191,1016.7,15,0,15,0,0.0,0.0,43.6591,-70.2568,2022,8,27,22
2022-08-27 23:00:00,0.0,0.0,0.0,0.0,17.1,97,4.8,222,1017.0,100,23,100,0,0.0,0.0,43.6591,-70.2568,2022,8,27,23
2022-08-28 00:00:00,0.0,0.0,0.0,0.0,17.8,97,6.3,246,1017.3,100,18,100,0,0.0,0.0,43.6591,-70.2568,2022,8,28,0
2022-08-28 01:00:00,0.0,0.0,0.0,0.0,17.8,97,6.2,263,1017.5,100,1,100,0,0.0,0.0,43.6591,-70.2568,2022,8,28,1
2022-08-28 02:00:00,0.0,0.0,0.0,0.0,17.6,97,6.2,280,1017.4,66,2,65,0,0.0,0.0,43.6591,-70.2568,2022,8,28,2
2022-08-28 03:00:00,0.0,0.0,0.0,0.0,17.0,97,4.8,297,1017.6,8,5,3,0,0.0,0.0,43.6591,-70.2568,2022,8,28,3
2022-08-28 04:00:00,0.0,0.0,0.0,0.0,16.4,98,3.9,304,1017.8,6,4,2,0,0.0,0.0,43.6591,-70.2568,2022,8,28,4
2022-08-28 05:00:00,0.0,0.0,0.0,0.0,16.4,98,5.2,286,1017.8,0,0,0,0,0.0,0.0,43.6591,-70.2568,2022,8,28,5
2022-08-28 06:00:00,0.0,0.0,0.0,0.0,15.5,100,4.2,239,1018.2,100,100,0,0,0.0,0.0,43.6591,-70.2568,2022,8,28,6
2022-08-28 07:00:00,39.0,17.0,22.0,164.5,16.2,99,5.1,231,1019.1,97,97,0,0,0.0,3285.84,43.6591,-70.2568,2022,8,28,7
2022-08-28 08:00:00,156.0,54.0,102.0,206.5,18.4,92,2.6,236,1019.8,5,14,0,0,0.0,3600.0,43.6591,-70.2568,2022,8,28,8
2022-08-28 09:00:00,376.0,292.0,84.0,669.0,20.3,80,3.1,201,1020.2,4,4,0,0,0.0,3600.0,43.6591,-70.2568,2022,8,28,9
2022-08-28 10:00:00,546.0,456.0,90.0,773.5,21.5,72,6.2,173,1020.4,2,2,1,0,0.0,3600.0,43.6591,-70.2568,2022,8,28,10
2022-08-28 11:00:00,677.0,570.0,107.0,802.5,22.6,63,9.5,171,1020.3,39,39,0,0,0.0,3600.0,43.6591,-70.2568,2022,8,28,11
2022-08-28 12:00:00,571.0,392.0,179.0,496.0,22.4,67,10.8,150,1019.8,87,87,0,0,0.0,3600.0,43.6591,-70.2568,2022,8,28,12
2022-08-28 13:00:00,603.0,321.0,282.0,389.4,21.9,74,14.4,148,1019.1,100,100,0,0,0.0,3600.0,43.6591,-70.2568,2022,8,28,13
2022-08-28 14:00:00,547.0,233.0,314.0,287.6,21.6,71,15.0,153,1018.2,48,48,0,0,0.0,3600.0,43.6591,-70.2568,2022,8,28,14
2022-08-28 15:00:00,724.0,619.0,105.0,827.3,22.2,71,13.7,157,1017.6,36,9,0,30,0.0,3600.0,43.6591,-70.2568,2022,8,28,15
2022-08-28 16:00:00,606.0,509.0,97.0,791.4,22.3,71,14.5,166,1017.3,6,0,0,6,0.0,3600.0,43.6591,-70.2568,2022,8,28,16
2022-08-28 17:00:00,443.0,357.0,86.0,711.2,21.7,73,14.2,171,1017.4,19,6,13,4,0.0,3600.0,43.6591,-70.2568,2022,8,28,17
2022-08-28 18:00:00,261.0,188.0,73.0,562.3,20.7,79,13.8,165,1017.1,22,2,20,0,0.0,3600.0,43.6591,-70.2568,2022,8,28,18
2022-08-28 19:00:00,95.0,55.0,40.0,362.7,19.6,86,13.1,172,1016.9,2,1,0,0,0.0,3600.0,43.6591,-70.2568,2022,8,28,19
2022-08-28 20:00:00,4.0,1.0,3.0,19.1,19.0,86,13.3,182,1017.1,2,4,0,0,0.0,0.0,43.6591,-70.2568,2022,8,28,20
2022-08-28 21:00:00,0.0,0.0,0.0,0.0,18.5,89,12.7,187,1017.3,0,0,0,0,0.0,0.0,43.6591,-70.2568,2022,8,28,21
2022-08-28 22:00:00,0.0,0.0,0.0,0.0,18.3,88,12.7,195,1017.3,1,0,0,1,0.0,0.0,43.6591,-70.2568,2022,8,28,22
2022-08-28 23:00:00,0.0,0.0,0.0,0.0,18.2,90,12.5,198,1016.9,42,0,0,42,0.0,0.0,43.6591,-70.2568,2022,8,28,23
2022-08-29 00:00:00,0.0,0.0,0.0,0.0,18.1,92,11.8,211,1017.0,11,0,0,11,0.0,0.0,43.6591,-70.2568,2022,8,29,0
2022-08-29 01:00:00,0.0,0.0,0.0,0.0,17.8,94,10.5,221,1017.0,70,0,0,70,0.0,0.0,43.6591,-70.2568,2022,8,29,1
2022-08-29 02:00:00,0.0,0.0,0.0,0.0,17.5,95,10.2,231,1016.7,61,7,0,58,0.0,0.0,43.6591,-70.2568,2022,8,29,2
2022-08-29 03:00:00,0.0,0.0,0.0,0.0,17.3,95,10.0,229,1016.4,100,0,0,100,0.0,0.0,43.6591,-70.2568,2022,8,29,3
2022-08-29 04:00:00,0.0,0.0,0.0,0.0,17.1,96,10.2,228,1016.0,94,0,0,94,0.0,0.0,43.6591,-70.2568,2022,8,29,4
2022-08-29 05:00:00,0.0,0.0,0.0,0.0,16.9,96,10.2,225,1015.7,4,0,0,4,0.0,0.0,43.6591,-70.2568,2022,8,29,5
2022-08-29 06:00:00,0.0,0.0,0.0,0.0,16.7,96,9.2,222,1015.8,81,0,0,81,0.0,0.0,43.6591,-70.2568,2022,8,29,6
2022-08-29 07:00:00,41.0,22.0,19.0,216.2,17.3,93,9.5,217,1015.9,100,0,0,100,0.0,3219.17,43.6591,-70.2568,2022,8,29,7
2022-08-29 08:00:00,180.0,104.0,76.0,402.5,19.4,87,7.5,215,1016.1,100,2,3,100,0.0,3600.0,43.6591,-70.2568,2022,8,29,8
2022-08-29 09:00:00,342.0,226.0,116.0,521.4,21.6,79,8.4,211,1015.9,96,2,4,96,0.0,3600.0,43.6591,-70.2568,2022,8,29,9
2022-08-29 10:00:00,530.0,433.0,97.0,738.3,24.0,73,7.8,202,1015.6,100,2,8,100,0.0,3600.0,43.6591,-70.2568,2022,8,29,10
2022-08-29 11:00:00,657.0,532.0,125.0,752.3,25.8,69,9.1,187,1015.1,99,0,0,99,0.0,3600.0,43.6591,-70.2568,2022,8,29,11
2022-08-29 12:00:00,752.0,633.0,119.0,804.2,26.9,66,10.8,182,1014.5,100,2,16,100,0.0,3600.0,43.6591,-70.2568,2022,8,29,12
2022-08-29 13:00:00,677.0,519.0,158.0,632.2,27.0,68,12.6,175,1013.7,98,4,27,97,0.0,3600.0,43.6591,-70.2568,2022,8,29,13
2022-08-29 14:00:00,690.0,475.0,215.0,589.1,27.0,71,15.3,172,1013.0,100,12,16,100,0.0,3600.0,43.6591,-70.2568,2022,8,29,14
2022-08-29 15:00:00,659.0,485.0,174.0,651.7,26.9,72,16.6,175,1012.3,100,9,46,100,0.0,3600.0,43.6591,-70.2568,2022,8,29,15
2022-08-29 16:00:00,476.0,320.0,156.0,500.9,25.6,73,17.3,176,1011.8,91,0,23,89,0.0,3600.0,43.6591,-70.2568,2022,8,29,16
2022-08-29 17:00:00,409.0,312.0,97.0,627.2,24.3,76,15.9,183,1011.0,52,0,1,51,0.0,3600.0,43.6591,-70.2568,2022,8,29,17
2022-08-29 18:00:00,263.0,196.0,67.0,594.8,23.8,79,12.3,187,1010.8,97,0,1,97,0.0,3600.0,43.6591,-70.2568,2022,8,29,18
2022-08-29 19:00:00,92.0,55.0,37.0,375.2,23.1,79,14.2,196,1010.5,71,0,3,70,0.0,3600.0,43.6591,-70.2568,2022,8,29,19
2022-08-29 20:00:00,3.0,1.0,2.0,19.1,22.9,79,15.3,199,1010.4,37,0,1,59,0.0,0.0,43.6591,-70.2568,2022,8,29,20
2022-08-29 21:00:00,0.0,0.0,0.0,0.0,22.5,81,15.8,204,1010.7,20,0,1,20,0.0,0.0,43.6591,-70.2568,2022,8,29,21
2022-08-29 22:00:00,0.0,0.0,0.0,0.0,22.8,79,15.8,210,1011.0,59,0,0,59,0.0,0.0,43.6591,-70.2568,2022,8,29,22
2022-08-29 23:00:00,0.0,0.0,0.0,0.0,22.9,77,15.4,213,1010.7,40,0,0,40,0.0,0.0,43.6591,-70.2568,2022,8,29,23
2022-08-30 00:00:00,0.0,0.0,0.0,0.0,22.4,79,14.5,210,1010.7,62,0,0,62,0.0,0.0,43.6591,-70.2568,2022,8,30,0
2022-08-30 01:00:00,0.0,0.0,0.0,0.0,21.9,84,14.1,212,1010.6,100,0,0,100,0.0,0.0,43.6591,-70.2568,2022,8,30,1
2022-08-30 02:00:00,0.0,0.0,0.0,0.0,21.5,88,13.7,215,1010.2,98,0,0,98,0.0,0.0,43.6591,-70.2568,2022,8,30,2
2022-08-30 03:00:00,0.0,0.0,0.0,0.0,21.1,92,13.4,211,1009.7,18,0,0,18,0.0,0.0,43.6591,-70.2568,2022,8,30,3
2022-08-30 04:00:00,0.0,0.0,0.0,0.0,20.7,96,13.4,211,1009.2,0,0,0,0,0.0,0.0,43.6591,-70.2568,2022,8,30,4
2022-08-30 05:00:00,0.0,0.0,0.0,0.0,20.6,97,13.2,215,1009.0,0,0,0,0,0.0,0.0,43.6591,-70.2568,2022,8,30,5
2022-08-30 06:00:00,0.0,0.0,0.0,0.0,20.5,98,12.6,217,1009.2,6,4,5,0,0.0,0.0,43.6591,-70.2568,2022,8,30,6
2022-08-30 07:00:00,37.0,19.0,18.0,189.6,21.2,94,12.6,211,1009.1,24,0,24,0,0.0,3152.66,43.6591,-70.2568,2022,8,30,7
2022-08-30 08:00:00,166.0,107.0,59.0,419.2,23.2,88,11.3,202,1008.7,1,0,0,0,0.0,3600.0,43.6591,-70.2568,2022,8,30,8
2022-08-30 09:00:00,357.0,281.0,76.0,652.9,24.9,82,11.4,198,1008.2,0,0,0,0,0.0,3600.0,43.6591,-70.2568,2022,8,30,9
2022-08-30 10:00:00,522.0,435.0,87.0,745.6,26.6,76,11.4,193,1007.9,0,0,0,0,0.0,3600.0,43.6591,-70.2568,2022,8,30,10
2022-08-30 11:00:00,655.0,559.0,96.0,794.0,27.7,72,13.3,183,1007.5,0,0,0,0,0.0,3600.0,43.6591,-70.2568,2022,8,30,11
2022-08-30 12:00:00,743.0,643.0,100.0,820.3,27.9,72,16.3,175,1007.0,6,1,4,1,0.0,3600.0,43.6591,-70.2568,2022,8,30,12
2022-08-30 13:00:00,762.0,653.0,109.0,798.8,27.9,71,18.1,174,1006.3,7,0,6,1,0.0,3600.0,43.6591,-70.2568,2022,8,30,13
2022-08-30 14:00:00,731.0,628.0,103.0,782.4,27.3,73,18.0,182,1005.8,24,3,22,0,0.0,3600.0,43.6591,-70.2568,2022,8,30,14
2022-08-30 15:00:00,528.0,391.0,137.0,528.2,26.4,74,20.2,178,1004.8,12,0,12,0,0.0,3600.0,43.6591,-70.2568,2022,8,30,15
2022-08-30 16:00:00,549.0,451.0,98.0,710.7,26.3,72,21.2,181,1004.2,7,0,7,0,0.0,3600.0,43.6591,-70.2568,2022,8,30,16
2022-08-30 17:00:00,414.0,332.0,82.0,673.6,25.6,75,20.9,181,1003.6,6,0,6,0,0.0,3600.0,43.6591,-70.2568,2022,8,30,17
2022-08-30 18:00:00,252.0,188.0,64.0,579.1,24.3,78,20.9,180,1003.4,6,0,1,5,0.0,3600.0,43.6591,-70.2568,2022,8,30,18
2022-08-30 19:00:00,89.0,55.0,34.0,388.7,23.6,78,24.2,184,1003.5,11,0,2,9,0.0,3600.0,43.6591,-70.2568,2022,8,30,19
2022-08-30 20:00:00,3.0,1.0,2.0,19.1,23.2,82,23.2,186,1003.9,87,0,0,59,0.0,0.0,43.6591,-70.2568,2022,8,30,20
2022-08-30 21:00:00,0.0,0.0,0.0,0.0,22.9,83,23.0,190,1004.0,100,0,0,100,0.0,0.0,43.6591,-70.2568,2022,8,30,21
2022-08-30 22:00:00,0.0,0.0,0.0,0.0,22.6,84,21.7,192,1003.8,100,0,0,100,0.0,0.0,43.6591,-70.2568,2022,8,30,22
2022-08-30 23:00:00,0.0,0.0,0.0,0.0,22.3,86,20.9,195,1003.7,70,0,0,70,0.0,0.0,43.6591,-70.2568,2022,8,30,23
2022-08-31 00:00:00,0.0,0.0,0.0,0.0,21.9,91,19.3,194,1003.4,31,0,0,31,0.0,0.0,43.6591,-70.2568,2022,8,31,0
2022-08-31 01:00:00,0.0,0.0,0.0,0.0,21.5,97,17.8,198,1003.2,61,61,6,0,0.0,0.0,43.6591,-70.2568,2022,8,31,1
2022-08-31 02:00:00,0.0,0.0,0.0,0.0,21.6,98,15.9,193,1002.8,100,100,62,28,0.0,0.0,43.6591,-70.2568,2022,8,31,2
2022-08-31 03:00:00,0.0,0.0,0.0,0.0,21.7,96,15.2,202,1002.6,100,100,48,9,0.3,0.0,43.6591,-70.2568,2022,8,31,3
2022-08-31 04:00:00,0.0,0.0,0.0,0.0,20.7,96,18.1,211,1002.3,100,99,86,54,0.7,0.0,43.6591,-70.2568,2022,8,31,4
2022-08-31 05:00:00,0.0,0.0,0.0,0.0,20.1,98,14.0,215,1002.1,93,0,45,87,0.3,0.0,43.6591,-70.2568,2022,8,31,5
2022-08-31 06:00:00,0.0,0.0,0.0,0.0,20.1,99,12.7,235,1002.0,100,1,100,100,0.0,0.0,43.6591,-70.2568,2022,8,31,6
2022-08-31 07:00:00,4.0,0.0,4.0,0.0,20.1,100,9.7,231,1002.3,100,0,100,100,2.1,0.0,43.6591,-70.2568,2022,8,31,7
2022-08-31 08:00:00,10.0,0.0,10.0,0.0,20.2,100,5.9,259,1002.4,100,0,100,100,1.7,0.0,43.6591,-70.2568,2022,8,31,8
2022-08-31 09:00:00,44.0,0.0,44.0,0.0,20.4,98,7.9,240,1002.1,100,0,6,100,0.2,0.0,43.6591,-70.2568,2022,8,31,9
2022-08-31 10:00:00,219.0,6.0,213.0,10.3,21.2,94,7.9,227,1002.0,99,0,0,99,0.0,0.0,43.6591,-70.2568,2022,8,31,10
2022-08-31 11:00:00,517.0,262.0,255.0,373.8,23.2,80,8.9,238,1001.4,1,0,1,0,0.0,3600.0,43.6591,-70.2568,2022,8,31,11
2022-08-31 12:00:00,767.0,674.0,93.0,863.5,25.6,62,13.3,251,1000.8,24,9,18,0,0.1,3600.0,43.6591,-70.2568,2022,8,31,12
2022-08-31 13:00:00,706.0,559.0,147.0,686.7,26.6,52,15.2,256,1000.4,5,2,4,0,0.0,3600.0,43.6591,-70.2568,2022,8,31,13
2022-08-31 14:00:00,761.0,654.0,107.0,818.7,26.8,51,17.7,264,1000.4,23,8,20,0,0.0,3600.0,43.6591,-70.2568,2022,8,31,14
2022-08-31 15:00:00,629.0,500.0,129.0,679.2,26.5,47,17.0,265,1000.4,10,2,9,0,0.0,3600.0,43.6591,-70.2568,2022,8,31,15
2022-08-31 16:00:00,558.0,462.0,96.0,733.1,26.3,43,17.1,263,1000.4,2,0,2,0,0.0,3600.0,43.6591,-70.2568,2022,8,31,16
2022-08-31 17:00:00,435.0,359.0,76.0,735.4,25.5,45,16.7,256,1000.5,0,0,0,0,0.0,3600.0,43.6591,-70.2568,2022,8,31,17
2022-08-31 18:00:00,263.0,203.0,60.0,634.9,24.0,52,15.0,246,1000.9,0,0,0,0,0.0,3600.0,43.6591,-70.2568,2022,8,31,18
2022-08-31 19:00:00,90.0,57.0,33.0,418.0,22.3,57,15.4,254,1001.8,2,1,1,0,0.0,3600.0,43.6591,-70.2568,2022,8,31,19
2022-08-31 20:00:00,2.0,1.0,1.0,19.1,20.8,60,11.6,265,1003.6,0,0,0,0,0.0,0.0,43.6591,-70.2568,2022,8,31,20
2022-08-31 21:00:00,0.0,0.0,0.0,0.0,19.1,70,5.0,249,1003.7,1,0,1,0,0.0,0.0,43.6591,-70.2568,2022,8,31,21
2022-08-31 22:00:00,0.0,0.0,0.0,0.0,18.1,72,9.9,237,1003.9,0,0,0,0,0.0,0.0,43.6591,-70.2568,2022,8,31,22
2022-08-31 23:00:00,0.0,0.0,0.0,0.0,17.4,74,11.5,224,1003.9,0,0,0,0,0.0,0.0,43.6591,-70.2568,2022,8,31,23
2022-09-01 00:00:00,0.0,0.0,0.0,0.0,17.4,73,11.5,226,1003.9,0,0,0,0,0.0,0.0,43.6591,-70.2568,2022,9,1,0
2022-09-01 01:00:00,0.0,0.0,0.0,0.0,17.1,70,11.5,231,1003.8,4,0,3,1,0.0,0.0,43.6591,-70.2568,2022,9,1,1
2022-09-01 02:00:00,0.0,0.0,0.0,0.0,17.0,69,12.3,238,1003.5,1,0,0,1,0.0,0.0,43.6591,-70.2568,2022,9,1,2
2022-09-01 03:00:00,0.0,0.0,0.0,0.0,17.1,68,13.0,242,1003.7,0,0,0,0,0.0,0.0,43.6591,-70.2568,2022,9,1,3
2022-09-01 04:00:00,0.0,0.0,0.0,0.0,17.0,69,13.2,235,1003.8,5,0,5,1,0.0,0.0,43.6591,-70.2568,2022,9,1,4
2022-09-01 05:00:00,0.0,0.0,0.0,0.0,16.7,71,12.5,237,1004.0,35,0,35,0,0.0,0.0,43.6591,-70.2568,2022,9,1,5
2022-09-01 06:00:00,0.0,0.0,0.0,0.0,16.7,71,11.6,234,1004.1,12,0,12,0,0.1,0.0,43.6591,-70.2568,2022,9,1,6
2022-09-01 07:00:00,35.0,18.0,17.0,185.5,16.9,73,11.9,235,1004.3,49,0,0,49,0.0,3019.87,43.6591,-70.2568,2022,9,1,7
2022-09-01 08:00:00,185.0,127.0,58.0,510.4,19.6,68,15.6,255,1004.8,4,0,0,0,0.0,3600.0,43.6591,-70.2568,2022,9,1,8
2022-09-01 09:00:00,381.0,311.0,70.0,733.3,20.8,56,18.0,267,1004.9,9,9,0,0,0.0,3600.0,43.6591,-70.2568,2022,9,1,9
2022-09-01 10:00:00,545.0,453.0,92.0,784.8,21.4,49,18.5,283,1005.6,39,38,0,0,0.0,3600.0,43.6591,-70.2568,2022,9,1,10
2022-09-01 11:00:00,594.0,416.0,178.0,596.3,22.0,48,20.6,295,1005.9,79,70,78,0,0.0,3600.0,43.6591,-70.2568,2022,9,1,11
2022-09-01 12:00:00,529.0,291.0,238.0,374.4,22.0,48,17.4,292,1006.6,21,10,19,0,0.0,3600.0,43.6591,-70.2568,2022,9,1,12
2022-09-01 13:00:00,685.0,524.0,161.0,646.6,22.8,45,16.6,297,1006.8,20,15,17,0,0.0,3600.0,43.6591,-70.2568,2022,9,1,13
2022-09-01 14:00:00,694.0,524.0,170.0,659.1,23.2,42,17.1,295,1006.8,41,9,41,0,0.0,3600.0,43.6591,-70.2568,2022,9,1,14
2022-09-01 15:00:00,591.0,398.0,193.0,543.7,22.8,43,18.3,292,1007.2,100,18,100,0,0.0,3600.0,43.6591,-70.2568,2022,9,1,15
2022-09-01 16:00:00,442.0,219.0,223.0,350.0,21.8,44,18.0,290,1007.8,100,100,89,7,0.0,3600.0,43.6591,-70.2568,2022,9,1,16
2022-09-01 17:00:00,280.0,85.0,195.0,175.8,20.9,47,16.9,297,1008.3,100,100,100,0,0.0,3474.49,43.6591,-70.2568,2022,9,1,17
2022-09-01 18:00:00,160.0,51.0,109.0,162.0,19.8,52,14.9,307,1009.0,74,74,0,0,0.0,3060.93,43.6591,-70.2568,2022,9,1,18
2022-09-01 19:00:00,79.0,38.0,41.0,289.7,18.0,58,12.2,304,1010.2,1,1,0,0,0.0,3600.0,43.6591,-70.2568,2022,9,1,19
2022-09-01 20:00:00,2.0,0.0,2.0,0.0,16.9,60,12.3,322,1012.3,1,0,1,0,0.0,0.0,43.6591,-70.2568,2022,9,1,20
2022-09-01 21:00:00,0.0,0.0,0.0,0.0,15.5,67,9.7,329,1013.1,0,0,0,0,0.0,0.0,43.6591,-70.2568,2022,9,1,21
2022-09-01 22:00:00,0.0,0.0,0.0,0.0,14.6,73,8.6,327,1013.8,0,0,0,0,0.0,0.0,43.6591,-70.2568,2022,9,1,22
2022-09-01 23:00:00,0.0,0.0,0.0,0.0,14.1,74,9.8,332,1014.4,0,0,0,0,0.0,0.0,43.6591,-70.2568,2022,9,1,23
2022-09-02 00:00:00,0.0,0.0,0.0,0.0,13.7,73,9.8,332,1015.0,0,0,0,0,0.0,0.0,43.6591,-70.2568,2022,9,2,0
2022-09-02 01:00:00,0.0,0.0,0.0,0.0,13.3,74,9.0,323,1015.5,0,0,0,0,0.0,0.0,43.6591,-70.2568,2022,9,2,1
2022-09-02 02:00:00,0.0,0.0,0.0,0.0,13.0,78,9.2,315,1015.9,0,0,0,0,0.0,0.0,43.6591,-70.2568,2022,9,2,2
2022-09-02 03:00:00,0.0,0.0,0.0,0.0,12.8,79,9.2,315,1016.6,0,0,0,0,0.0,0.0,43.6591,-70.2568,2022,9,2,3
2022-09-02 04:00:00,0.0,0.0,0.0,0.0,12.5,81,7.7,319,1017.5,0,0,0,0,0.0,0.0,43.6591,-70.2568,2022,9,2,4
2022-09-02 05:00:00,0.0,0.0,0.0,0.0,12.4,82,6.1,315,1018.0,0,0,0,0,0.0,0.0,43.6591,-70.2568,2022,9,2,5
2022-09-02 06:00:00,0.0,0.0,0.0,0.0,12.3,84,5.0,300,1018.8,0,0,0,0,0.0,0.0,43.6591,-70.2568,2022,9,2,6
2022-09-02 07:00:00,36.0,20.0,16.0,209.6,12.8,85,6.6,299,1019.9,0,0,0,0,0.0,2953.41,43.6591,-70.2568,2022,9,2,7
2022-09-02 08:00:00,191.0,138.0,53.0,561.9,14.5,75,5.9,308,1021.3,0,0,0,0,0.0,3600.0,43.6591,-70.2568,2022,9,2,8
2022-09-02 09:00:00,375.0,304.0,71.0,722.1,16.4,64,5.1,315,1021.8,0,0,0,0,0.0,3600.0,43.6591,-70.2568,2022,9,2,9
2022-09-02 10:00:00,548.0,465.0,83.0,810.0,17.8,53,1.9,338,1022.0,0,0,0,0,0.0,3600.0,43.6591,-70.2568,2022,9,2,10
2022-09-02 11:00:00,687.0,597.0,90.0,859.7,19.0,50,1.6,153,1021.9,0,0,0,0,0.0,3600.0,43.6591,-70.2568,2022,9,2,11
2022-09-02 12:00:00,780.0,686.0,94.0,886.6,19.9,48,4.8,153,1021.8,0,0,0,0,0.0,3600.0,43.6591,-70.2568,2022,9,2,12
2022-09-02 13:00:00,817.0,722.0,95.0,894.9,20.4,47,7.7,152,1021.3,0,0,0,0,0.0,3600.0,43.6591,-70.2568,2022,9,2,13
2022-09-02 14:00:00,797.0,703.0,94.0,888.6,20.5,48,10.5,153,1021.2,0,0,0,0,0.0,3600.0,43.6591,-70.2568,2022,9,2,14
2022-09-02 15:00:00,722.0,631.0,91.0,867.0,20.0,50,13.2,158,1020.8,0,0,0,0,0.0,3600.0,43.6591,-70.2568,2022,9,2,15
2022-09-02 16:00:00,598.0,514.0,84.0,827.4,19.6,52,13.4,160,1020.5,0,0,0,0,0.0,3600.0,43.6591,-70.2568,2022,9,2,16
2022-09-02 17:00:00,436.0,361.0,75.0,754.2,18.5,58,12.1,168,1020.5,0,0,0,0,0.0,3600.0,43.6591,-70.2568,2022,9,2,17
2022-09-02 18:00:00,254.0,194.0,60.0,626.5,17.7,65,9.0,185,1020.9,0,0,0,0,0.0,3600.0,43.6591,-70.2568,2022,9,2,18
2022-09-02 19:00:00,81.0,51.0,30.0,397.2,16.5,74,9.0,185,1021.0,0,0,0,0,0.0,3600.0,43.6591,-70.2568,2022,9,2,19
2022-09-02 20:00:00,1.0,0.0,1.0,0.0,15.7,78,9.8,204,1021.8,0,0,0,0,0.0,0.0,43.6591,-70.2568,2022,9,2,20
2022-09-02 21:00:00,0.0,0.0,0.0,0.0,15.2,80,8.8,215,1022.2,0,0,0,0,0.0,0.0,43.6591,-70.2568,2022,9,2,21
2022-09-02 22:00:00,0.0,0.0,0.0,0.0,14.9,81,8.9,227,1022.4,0,0,0,0,0.0,0.0,43.6591,-70.2568,2022,9,2,22
2022-09-02 23:00:00,0.0,0.0,0.0,0.0,14.6,82,7.4,231,1022.4,0,0,0,0,0.0,0.0,43.6591,-70.2568,2022,9,2,23
2022-09-03 00:00:00,0.0,0.0,0.0,0.0,14.4,83,7.2,233,1022.4,0,0,0,0,0.0,0.0,43.6591,-70.2568,2022,9,3,0
2022-09-03 01:00:00,0.0,0.0,0.0,0.0,14.2,85,8.4,230,1022.4,0,0,0,0,0.0,0.0,43.6591,-70.2568,2022,9,3,1
2022-09-03 02:00:00,0.0,0.0,0.0,0.0,13.9,87,7.8,236,1022.2,0,0,0,0,0.0,0.0,43.6591,-70.2568,2022,9,3,2
2022-09-03 03:00:00,0.0,0.0,0.0,0.0,13.8,87,6.0,237,1022.0,28,0,0,28,0.0,0.0,43.6591,-70.2568,2022,9,3,3
2022-09-03 04:00:00,0.0,0.0,0.0,0.0,13.6,87,7.8,248,1022.4,32,0,0,32,0.0,0.0,43.6591,-70.2568,2022,9,3,4
2022-09-03 05:00:00,0.0,0.0,0.0,0.0,13.2,87,6.2,260,1022.5,49,0,0,49,0.0,0.0,43.6591,-70.2568,2022,9,3,5
2022-09-03 06:00:00,0.0,0.0,0.0,0.0,13.0,88,5.0,249,1022.5,45,0,0,45,0.0,0.0,43.6591,-70.2568,2022,9,3,6
2022-09-03 07:00:00,33.0,18.0,15.0,191.9,13.9,86,6.5,236,1022.9,99,0,0,99,0.0,2886.91,43.6591,-70.2568,2022,9,3,7
2022-09-03 08:00:00,161.0,80.0,81.0,330.1,15.4,84,4.8,222,1023.4,100,0,0,98,0.0,3600.0,43.6591,-70.2568,2022,9,3,8
2022-09-03 09:00:00,344.0,244.0,100.0,584.0,17.8,78,5.8,184,1023.1,94,0,0,94,0.0,3600.0,43.6591,-70.2568,2022,9,3,9
2022-09-03 10:00:00,483.0,321.0,162.0,562.3,19.7,73,8.1,167,1022.8,92,0,0,92,0.0,3600.0,43.6591,-70.2568,2022,9,3,10
2022-09-03 11:00:00,642.0,497.0,145.0,719.2,21.0,68,10.5,158,1022.4,97,0,0,97,0.0,3600.0,43.6591,-70.2568,2022,9,3,11
2022-09-03 12:00:00,727.0,565.0,162.0,733.5,21.5,67,12.9,153,1021.7,99,0,0,99,0.0,3600.0,43.6591,-70.2568,2022,9,3,12
2022-09-03 13:00:00,762.0,585.0,177.0,728.5,21.5,66,15.0,153,1021.0,99,0,0,99,0.0,3600.0,43.6591,-70.2568,2022,9,3,13
2022-09-03 14:00:00,707.0,476.0,231.0,604.8,21.3,66,14.5,157,1020.6,66,0,0,66,0.0,3600.0,43.6591,-70.2568,2022,9,3,14
2022-09-03 15:00:00,692.0,575.0,117.0,794.7,21.3,67,13.9,159,1020.2,78,0,0,78,0.0,3600.0,43.6591,-70.2568,2022,9,3,15
2022-09-03 16:00:00,538.0,381.0,157.0,617.9,20.8,69,14.0,162,1019.5,53,0,0,53,0.0,3600.0,43.6591,-70.2568,2022,9,3,16
2022-09-03 17:00:00,410.0,314.0,96.0,662.8,20.3,71,13.9,163,1019.0,100,0,0,100,0.0,3600.0,43.6591,-70.2568,2022,9,3,17
2022-09-03 18:00:00,172.0,45.0,127.0,147.8,18.7,78,11.7,171,1018.7,99,0,0,99,0.0,2633.44,43.6591,-70.2568,2022,9,3,18
2022-09-03 19:00:00,49.0,6.0,43.0,47.7,17.8,82,11.2,174,1018.3,98,0,0,98,0.0,0.0,43.6591,-70.2568,2022,9,3,19
2022-09-03 20:00:00,1.0,0.0,1.0,0.0,17.4,86,10.5,176,1018.4,66,0,0,89,0.0,0.0,43.6591,-70.2568,2022,9,3,20
2022-09-03 21:00:00,0.0,0.0,0.0,0.0,16.9,87,10.2,188,1018.6,13,0,0,13,0.0,0.0,43.6591,-70.2568,2022,9,3,21
2022-09-03 22:00:00,0.0,0.0,0.0,0.0,16.5,89,11.2,186,1018.4,0,0,0,0,0.0,0.0,43.6591,-70.2568,2022,9,3,22
2022-09-03 23:00:00,0.0,0.0,0.0,0.0,16.4,90,10.4,194,1018.3,0,0,0,0,0.0,0.0,43.6591,-70.2568,2022,9,3,23
2022-09-04 00:00:00,0.0,0.0,0.0,0.0,16.2,93,9.3,208,1018.0,0,0,0,0,0.0,0.0,43.6591,-70.2568,2022,9,4,0
2022-09-04 01:00:00,0.0,0.0,0.0,0.0,16.0,94,7.9,219,1017.5,0,0,0,0,0.0,0.0,43.6591,-70.2568,2022,9,4,1
2022-09-04 02:00:00,0.0,0.0,0.0,0.0,15.6,96,7.0,235,1016.9,2,0,0,2,0.0,0.0,43.6591,-70.2568,2022,9,4,2
2022-09-04 03:00:00,0.0,0.0,0.0,0.0,15.0,96,7.4,231,1016.4,40,0,0,40,0.0,0.0,43.6591,-70.2568,2022,9,4,3
2022-09-04 04:00:00,0.0,0.0,0.0,0.0,14.7,96,6.1,230,1016.2,9,0,0,9,0.0,0.0,43.6591,-70.2568,2022,9,4,4
2022-09-04 05:00:00,0.0,0.0,0.0,0.0,14.4,95,6.5,236,1016.0,3,0,0,3,0.0,0.0,43.6591,-70.2568,2022,9,4,5
2022-09-04 06:00:00,0.0,0.0,0.0,0.0,14.1,95,5.9,223,1016.0,0,0,0,0,0.0,0.0,43.6591,-70.2568,2022,9,4,6
2022-09-04 07:00:00,31.0,16.0,15.0,173.6,14.6,94,6.6,225,1016.4,1,0,1,0,0.0,2820.35,43.6591,-70.2568,2022,9,4,7
2022-09-04 08:00:00,175.0,122.0,53.0,510.3,17.1,88,2.3,198,1016.6,0,0,0,0,0.0,3600.0,43.6591,-70.2568,2022,9,4,8
2022-09-04 09:00:00,351.0,278.0,73.0,670.6,19.8,78,1.8,180,1016.5,15,1,0,14,0.0,3600.0,43.6591,-70.2568,2022,9,4,9
2022-09-04 10:00:00,514.0,428.0,86.0,754.0,22.1,71,1.8,143,1016.5,86,2,0,85,0.0,3600.0,43.6591,-70.2568,2022,9,4,10
2022-09-04 11:00:00,647.0,553.0,94.0,804.1,23.7,67,3.9,124,1016.3,52,0,0,52,0.0,3600.0,43.6591,-70.2568,2022,9,4,11
2022-09-04 12:00:00,735.0,634.0,101.0,826.9,24.2,66,7.5,125,1015.9,10,5,0,5,0.0,3600.0,43.6591,-70.2568,2022,9,4,12
2022-09-04 13:00:00,773.0,666.0,107.0,833.3,24.4,65,9.4,133,1015.3,62,19,6,51,0.0,3600.0,43.6591,-70.2568,2022,9,4,13
2022-09-04 14:00:00,722.0,578.0,144.0,738.2,24.2,66,10.5,131,1015.0,33,15,19,13,0.0,3600.0,43.6591,-70.2568,2022,9,4,14
2022-09-04 15:00:00,663.0,540.0,123.0,750.9,23.5,69,9.7,138,1014.6,30,5,11,18,0.0,3600.0,43.6591,-70.2568,2022,9,4,15
2022-09-04 16:00:00,502.0,386.0,116.0,630.8,22.9,73,7.4,137,1014.6,75,9,20,68,0.0,3600.0,43.6591,-70.2568,2022,9,4,16
2022-09-04 17:00:00,328.0,186.0,142.0,396.8,21.9,79,7.5,125,1014.7,96,13,42,94,0.0,3600.0,43.6591,-70.2568,2022,9,4,17
2022-09-04 18:00:00,174.0,92.0,82.0,307.4,20.7,85,5.8,86,1015.0,100,15,13,100,0.0,3600.0,43.6591,-70.2568,2022,9,4,18
2022-09-04 19:00:00,55.0,19.0,36.0,154.3,18.8,94,6.1,87,1015.3,100,16,14,100,0.0,3153.9,43.6591,-70.2568,2022,9,4,19
2022-09-04 20:00:00,0.0,0.0,0.0,0.0,18.6,95,7.1,105,1015.4,100,42,15,100,0.0,0.0,43.6591,-70.2568,2022,9,4,20
2022-09-04 21:00:00,0.0,0.0,0.0,0.0,18.6,98,13.4,333,1016.8,100,87,77,100,4.4,0.0,43.6591,-70.2568,2022,9,4,21
2022-09-04 22:00:00,0.0,0.0,0.0,0.0,18.6,100,7.9,51,1017.0,100,100,100,100,4.7,0.0,43.6591,-70.2568,2022,9,4,22
2022-09-04 23:00:00,0.0,0.0,0.0,0.0,18.9,100,10.9,34,1017.0,100,12,52,100,0.5,0.0,43.6591,-70.2568,2022,9,4,23
2022-09-05 00:00:00,0.0,0.0,0.0,0.0,18.8,100,10.2,32,1017.2,100,100,83,100,1.1,0.0,43.6591,-70.2568,2022,9,5,0
2022-09-05 01:00:00,0.0,0.0,0.0,0.0,18.9,100,13.5,48,1016.9,100,75,61,100,0.6,0.0,43.6591,-70.2568,2022,9,5,1
2022-09-05 02:00:00,0.0,0.0,0.0,0.0,18.0,100,13.5,44,1017.1,100,32,60,100,0.2,0.0,43.6591,-70.2568,2022,9,5,2
2022-09-05 03:00:00,0.0,0.0,0.0,0.0,17.0,100,13.7,45,1017.1,100,100,15,100,0.4,0.0,43.6591,-70.2568,2022,9,5,3
2022-09-05 04:00:00,0.0,0.0,0.0,0.0,16.7,97,14.0,48,1017.0,100,86,9,100,0.3,0.0,43.6591,-70.2568,2022,9,5,4
2022-09-05 05:00:00,0.0,0.0,0.0,0.0,16.4,97,13.0,44,1017.3,100,100,22,100,0.1,0.0,43.6591,-70.2568,2022,9,5,5
2022-09-05 06:00:00,0.0,0.0,0.0,0.0,16.3,97,12.0,39,1017.6,100,100,99,100,0.2,0.0,43.6591,-70.2568,2022,9,5,6
2022-09-05 07:00:00,7.0,0.0,7.0,0.0,16.1,100,10.5,38,1018.3,100,100,100,100,0.6,0.0,43.6591,-70.2568,2022,9,5,7
2022-09-05 08:00:00,24.0,0.0,24.0,0.0,15.1,100,12.7,29,1019.4,100,100,86,100,1.3,0.0,43.6591,-70.2568,2022,9,5,8
2022-09-05 09:00:00,98.0,1.0,97.0,2.4,15.6,94,12.0,33,1019.6,100,100,100,100,0.2,0.0,43.6591,-70.2568,2022,9,5,9
2022-09-05 10:00:00,64.0,0.0,64.0,0.0,15.2,100,11.1,25,1019.7,100,100,100,100,0.9,0.0,43.6591,-70.2568,2022,9,5,10
2022-09-05 11:00:00,63.0,0.0,63.0,0.0,15.3,100,11.3,31,1020.0,100,100,100,100,1.0,0.0,43.6591,-70.2568,2022,9,5,11
2022-09-05 12:00:00,89.0,0.0,89.0,0.0,15.7,100,11.0,52,1019.4,100,100,100,100,1.3,0.0,43.6591,-70.2568,2022,9,5,12
2022-09-05 13:00:00,124.0,1.0,123.0,1.3,16.1,100,11.1,65,1019.4,100,100,100,100,1.9,0.0,43.6591,-70.2568,2022,9,5,13
2022-09-05 14:00:00,71.0,0.0,71.0,0.0,16.0,100,11.2,69,1019.2,100,100,100,100,2.4,0.0,43.6591,-70.2568,2022,9,5,14
2022-09-05 15:00:00,60.0,0.0,60.0,0.0,16.0,100,11.5,76,1018.9,100,100,100,100,2.8,0.0,43.6591,-70.2568,2022,9,5,15
2022-09-05 16:00:00,43.0,0.0,43.0,0.0,15.8,100,11.8,78,1018.7,100,100,100,100,3.3,0.0,43.6591,-70.2568,2022,9,5,16
2022-09-05 17:00:00,45.0,0.0,45.0,0.0,15.6,100,11.3,81,1018.7,100,100,100,100,3.4,0.0,43.6591,-70.2568,2022,9,5,17
2022-09-05 18:00:00,17.0,0.0,17.0,0.0,15.4,100,10.9,81,1018.7,100,100,100,100,4.7,0.0,43.6591,-70.2568,2022,9,5,18
2022-09-05 19:00:00,6.0,0.0,6.0,0.0,15.4,100,11.4,79,1018.5,100,100,100,100,6.2,0.0,43.6591,-70.2568,2022,9,5,19
2022-09-05 20:00:00,0.0,0.0,0.0,0.0,15.3,100,8.7,38,1018.7,100,100,100,100,4.5,0.0,43.6591,-70.2568,2022,9,5,20
2022-09-05 21:00:00,0.0,0.0,0.0,0.0,15.1,100,8.2,41,1019.1,100,100,100,100,1.2,0.0,43.6591,-70.2568,2022,9,5,21
2022-09-05 22:00:00,0.0,0.0,0.0,0.0,15.2,100,8.8,35,1018.7,100,100,100,100,1.0,0.0,43.6591,-70.2568,2022,9,5,22
2022-09-05 23:00:00,0.0,0.0,0.0,0.0,14.9,100,8.3,18,1018.5,100,100,100,100,1.4,0.0,43.6591,-70.2568,2022,9,5,23
2022-09-06 00:00:00,0.0,0.0,0.0,0.0,14.8,100,7.9,16,1018.4,100,100,100,100,1.3,0.0,43.6591,-70.2568,2022,9,6,0
2022-09-06 01:00:00,0.0,0.0,0.0,0.0,14.9,100,7.9,24,1018.0,100,100,100,100,0.6,0.0,43.6591,-70.2568,2022,9,6,1
2022-09-06 02:00:00,0.0,0.0,0.0,0.0,15.1,100,8.3,34,1017.4,100,100,100,100,0.3,0.0,43.6591,-70.2568,2022,9,6,2
2022-09-06 03:00:00,0.0,0.0,0.0,0.0,15.3,100,7.2,37,1017.2,100,100,100,100,0.1,0.0,43.6591,-70.2568,2022,9,6,3
2022-09-06 04:00:00,0.0,0.0,0.0,0.0,15.4,100,8.4,40,1017.1,100,100,100,100,0.1,0.0,43.6591,-70.2568,2022,9,6,4
2022-09-06 05:00:00,0.0,0.0,0.0,0.0,15.5,100,9.2,51,1016.9,100,100,100,100,0.3,0.0,43.6591,-70.2568,2022,9,6,5
2022-09-06 06:00:00,0.0,0.0,0.0,0.0,15.6,100,9.0,61,1017.1,100,100,100,100,0.8,0.0,43.6591,-70.2568,2022,9,6,6
2022-09-06 07:00:00,4.0,0.0,4.0,0.0,15.7,100,9.8,73,1017.1,100,100,100,100,0.8,0.0,43.6591,-70.2568,2022,9,6,7
2022-09-06 08:00:00,30.0,0.0,30.0,0.0,15.8,100,7.2,53,1017.6,100,100,100,100,0.8,0.0,43.6591,-70.2568,2022,9,6,8
2022-09-06 09:00:00,29.0,0.0,29.0,0.0,15.8,100,9.4,67,1017.9,100,100,100,100,3.2,0.0,43.6591,-70.2568,2022,9,6,9
2022-09-06 10:00:00,53.0,0.0,53.0,0.0,15.8,100,11.1,77,1017.9,100,100,100,100,3.0,0.0,43.6591,-70.2568,2022,9,6,10
2022-09-06 11:00:00,107.0,0.0,107.0,0.0,15.9,100,11.9,85,1018.2,100,100,100,100,1.4,0.0,43.6591,-70.2568,2022,9,6,11
2022-09-06 12:00:00,174.0,0.0,174.0,0.0,16.3,96,13.7,90,1018.1,100,100,100,100,0.6,0.0,43.6591,-70.2568,2022,9,6,12
2022-09-06 13:00:00,227.0,2.0,225.0,2.5,16.4,94,13.4,96,1018.0,100,100,100,100,0.3,0.0,43.6591,-70.2568,2022,9,6,13
2022-09-06 14:00:00,184.0,1.0,183.0,1.3,16.4,94,12.0,97,1017.8,100,100,100,100,0.2,0.0,43.6591,-70.2568,2022,9,6,14
2022-09-06 15:00:00,169.0,0.0,169.0,0.0,16.4,93,12.3,95,1017.4,100,100,100,100,0.1,0.0,43.6591,-70.2568,2022,9,6,15
2022-09-06 16:00:00,179.0,1.0,178.0,1.7,16.5,91,12.6,95,1017.0,100,100,79,100,0.1,0.0,43.6591,-70.2568,2022,9,6,16
2022-09-06 17:00:00,131.0,2.0,129.0,4.4,16.7,88,10.4,90,1016.7,100,100,73,100,0.0,0.0,43.6591,-70.2568,2022,9,6,17
2022-09-06 18:00:00,87.0,1.0,86.0,3.5,16.5,87,9.4,94,1016.6,100,99,100,93,0.0,0.0,43.6591,-70.2568,2022,9,6,18
2022-09-06 19:00:00,12.0,0.0,12.0,0.0,15.7,89,9.1,97,1016.5,100,100,22,100,0.0,0.0,43.6591,-70.2568,2022,9,6,19
2022-09-06 20:00:00,0.0,0.0,0.0,0.0,15.9,92,6.8,72,1017.2,100,54,88,100,0.0,0.0,43.6591,-70.2568,2022,9,6,20
2022-09-06 21:00:00,0.0,0.0,0.0,0.0,15.8,94,6.1,45,1017.4,66,39,19,32,0.0,0.0,43.6591,-70.2568,2022,9,6,21
2022-09-06 22:00:00,0.0,0.0,0.0,0.0,15.5,96,7.4,29,1017.6,63,36,12,34,0.0,0.0,43.6591,-70.2568,2022,9,6,22
2022-09-06 23:00:00,0.0,0.0,0.0,0.0,15.0,97,7.5,17,1017.5,55,23,0,41,0.0,0.0,43.6591,-70.2568,2022,9,6,23
2022-09-07 00:00:00,0.0,0.0,0.0,0.0,14.4,97,7.3,351,1017.2,40,6,4,34,0.0,0.0,43.6591,-70.2568,2022,9,7,0
2022-09-07 01:00:00,0.0,0.0,0.0,0.0,14.0,97,7.8,347,1016.6,92,0,5,92,0.0,0.0,43.6591,-70.2568,2022,9,7,1
2022-09-07 02:00:00,0.0,0.0,0.0,0.0,13.8,96,5.8,338,1016.2,92,8,12,91,0.0,0.0,43.6591,-70.2568,2022,9,7,2
2022-09-07 03:00:00,0.0,0.0,0.0,0.0,13.8,94,7.2,357,1015.8,15,0,0,15,0.0,0.0,43.6591,-70.2568,2022,9,7,3
2022-09-07 04:00:00,0.0,0.0,0.0,0.0,13.7,93,7.6,360,1015.3,48,0,25,30,0.0,0.0,43.6591,-70.2568,2022,9,7,4
2022-09-07 05:00:00,0.0,0.0,0.0,0.0,13.6,94,9.0,2,1015.0,68,3,39,48,0.0,0.0,43.6591,-70.2568,2022,9,7,5
2022-09-07 06:00:00,0.0,0.0,0.0,0.0,13.5,94,9.1,7,1015.1,27,0,0,27,0.0,0.0,43.6591,-70.2568,2022,9,7,6
2022-09-07 07:00:00,26.0,12.0,14.0,137.6,13.8,96,8.8,9,1015.4,19,0,0,19,0.0,2520.55,43.6591,-70.2568,2022,9,7,7
2022-09-07 08:00:00,173.0,122.0,51.0,532.4,15.5,91,8.6,15,1015.3,6,78,71,0,0.0,3600.0,43.6591,-70.2568,2022,9,7,8
2022-09-07 09:00:00,222.0,90.0,132.0,222.4,17.2,87,6.4,27,1015.3,24,2,23,0,0.0,3600.0,43.6591,-70.2568,2022,9,7,9
2022-09-07 10:00:00,477.0,363.0,114.0,651.0,18.8,77,7.3,57,1015.3,2,2,0,0,0.0,3600.0,43.6591,-70.2568,2022,9,7,10
2022-09-07 11:00:00,637.0,536.0,101.0,791.3,19.8,68,7.5,73,1015.2,25,25,0,0,0.0,3600.0,43.6591,-70.2568,2022,9,7,11
2022-09-07 12:00:00,696.0,542.0,154.0,717.1,20.3,65,7.9,93,1014.8,45,38,0,12,0.0,3600.0,43.6591,-70.2568,2022,9,7,12
2022-09-07 13:00:00,697.0,474.0,223.0,601.9,20.3,66,9.7,112,1014.4,29,11,0,21,0.0,3600.0,43.6591,-70.2568,2022,9,7,13
2022-09-07 14:00:00,748.0,631.0,117.0,819.0,20.1,67,11.6,126,1013.9,33,25,0,10,0.0,3600.0,43.6591,-70.2568,2022,9,7,14
2022-09-07 15:00:00,664.0,548.0,116.0,776.6,19.7,67,11.0,131,1013.2,0,0,0,0,0.0,3600.0,43.6591,-70.2568,2022,9,7,15
2022-09-07 16:00:00,560.0,468.0,92.0,783.3,19.2,70,8.9,133,1012.9,1,1,0,0,0.0,3600.0,43.6591,-70.2568,2022,9,7,16
2022-09-07 17:00:00,402.0,323.0,79.0,712.4,18.5,75,7.9,137,1012.8,9,9,0,0,0.0,3600.0,43.6591,-70.2568,2022,9,7,17
2022-09-07 18:00:00,217.0,154.0,63.0,543.8,17.5,83,7.1,135,1012.5,1,0,0,0,0.0,3600.0,43.6591,-70.2568,2022,9,7,18
2022-09-07 19:00:00,60.0,36.0,24.0,313.1,16.0,90,6.2,144,1012.3,78,0,0,78,0.0,3600.0,43.6591,-70.2568,2022,9,7,19
2022-09-07 20:00:00,0.0,0.0,0.0,0.0,15.6,92,5.4,160,1013.1,90,1,0,79,0.0,0.0,43.6591,-70.2568,2022,9,7,20
2022-09-07 21:00:00,0.0,0.0,0.0,0.0,15.3,93,5.4,176,1013.0,98,1,0,98,0.0,0.0,43.6591,-70.2568,2022,9,7,21
2022-09-07 22:00:00,0.0,0.0,0.0,0.0,15.5,95,3.3,221,1012.7,87,0,0,87,0.0,0.0,43.6591,-70.2568,2022,9,7,22
2022-09-07 23:00:00,0.0,0.0,0.0,0.0,13.6,99,3.4,288,1012.4,53,0,0,53,0.0,0.0,43.6591,-70.2568,2022,9,7,23
2022-09-08 00:00:00,0.0,0.0,0.0,0.0,13.7,100,5.4,307,1012.1,99,99,0,41,0.0,0.0,43.6591,-70.2568,2022,9,8,0
2022-09-08 01:00:00,0.0,0.0,0.0,0.0,12.9,100,5.3,298,1011.9,100,100,0,23,0.0,0.0,43.6591,-70.2568,2022,9,8,1
2022-09-08 02:00:00,0.0,0.0,0.0,0.0,12.6,100,3.7,299,1011.7,100,100,0,6,0.0,0.0,43.6591,-70.2568,2022,9,8,2
2022-09-08 03:00:00,0.0,0.0,0.0,0.0,12.0,99,4.1,315,1011.2,100,100,0,1,0.0,0.0,43.6591,-70.2568,2022,9,8,3
2022-09-08 04:00:00,0.0,0.0,0.0,0.0,11.7,100,3.2,297,1011.2,100,100,0,8,0.0,0.0,43.6591,-70.2568,2022,9,8,4
2022-09-08 05:00:00,0.0,0.0,0.0,0.0,12.0,100,1.6,333,1011.1,100,100,0,14,0.0,0.0,43.6591,-70.2568,2022,9,8,5
2022-09-08 06:00:00,0.0,0.0,0.0,0.0,12.0,100,3.5,336,1011.1,100,100,0,3,0.0,0.0,43.6591,-70.2568,2022,9,8,6
2022-09-08 07:00:00,15.0,1.0,14.0,11.7,12.5,99,3.7,331,1011.4,100,100,0,0,0.0,0.0,43.6591,-70.2568,2022,9,8,7
2022-09-08 08:00:00,92.0,11.0,81.0,48.7,13.8,100,4.6,18,1011.7,100,100,0,0,0.0,0.0,43.6591,-70.2568,2022,9,8,8
2022-09-08 09:00:00,216.0,49.0,167.0,122.1,15.5,94,3.8,17,1011.5,58,58,0,0,0.0,1861.99,43.6591,-70.2568,2022,9,8,9
2022-09-08 10:00:00,471.0,319.0,152.0,575.6,18.1,85,2.4,63,1011.7,10,10,0,0,0.0,3600.0,43.6591,-70.2568,2022,9,8,10
2022-09-08 11:00:00,648.0,538.0,110.0,798.4,19.7,73,4.3,85,1011.6,10,10,0,0,0.0,3600.0,43.6591,-70.2568,2022,9,8,11
2022-09-08 12:00:00,748.0,646.0,102.0,859.0,20.5,64,7.1,105,1011.4,0,0,0,0,0.0,3600.0,43.6591,-70.2568,2022,9,8,12
2022-09-08 13:00:00,787.0,695.0,92.0,887.0,20.5,61,9.9,123,1011.3,1,1,0,0,0.0,3600.0,43.6591,-70.2568,2022,9,8,13
2022-09-08 14:00:00,766.0,674.0,92.0,879.8,20.1,62,10.7,130,1011.1,1,1,0,0,0.0,3600.0,43.6591,-70.2568,2022,9,8,14
2022-09-08 15:00:00,691.0,603.0,88.0,860.3,19.9,64,8.7,128,1010.9,1,1,0,0,0.0,3600.0,43.6591,-70.2568,2022,9,8,15
2022-09-08 16:00:00,562.0,479.0,83.0,808.4,19.5,67,6.8,122,1010.3,7,0,6,0,0.0,3600.0,43.6591,-70.2568,2022,9,8,16
2022-09-08 17:00:00,387.0,311.0,76.0,694.0,18.8,71,5.3,118,1009.9,7,0,7,0,0.0,3600.0,43.6591,-70.2568,2022,9,8,17
2022-09-08 18:00:00,213.0,156.0,57.0,561.7,17.8,83,4.1,128,1009.7,5,0,5,0,0.0,3600.0,43.6591,-70.2568,2022,9,8,18
2022-09-08 19:00:00,56.0,34.0,22.0,303.0,15.4,93,4.4,99,1010.2,7,0,6,0,0.0,3575.55,43.6591,-70.2568,2022,9,8,19
2022-09-08 20:00:00,0.0,0.0,0.0,0.0,14.1,95,6.3,59,1011.0,4,0,3,0,0.0,0.0,43.6591,-70.2568,2022,9,8,20
2022-09-08 21:00:00,0.0,0.0,0.0,0.0,14.8,91,4.7,67,1011.5,0,0,0,0,0.0,0.0,43.6591,-70.2568,2022,9,8,21
2022-09-08 22:00:00,0.0,0.0,0.0,0.0,15.2,88,3.1,36,1011.5,0,0,0,0,0.0,0.0,43.6591,-70.2568,2022,9,8,22
2022-09-08 23:00:00,0.0,0.0,0.0,0.0,14.5,90,0.4,360,1011.6,0,0,0,0,0.0,0.0,43.6591,-70.2568,2022,9,8,23
2022-09-09 00:00:00,0.0,0.0,0.0,0.0,13.6,95,4.6,315,1011.8,0,0,0,0,0.0,0.0,43.6591,-70.2568,2022,9,9,0
2022-09-09 01:00:00,0.0,0.0,0.0,0.0,13.0,98,5.5,302,1011.7,0,0,0,0,0.0,0.0,43.6591,-70.2568,2022,9,9,1
2022-09-09 02:00:00,0.0,0.0,0.0,0.0,13.2,97,4.8,297,1011.8,0,0,0,0,0.0,0.0,43.6591,-70.2568,2022,9,9,2
2022-09-09 03:00:00,0.0,0.0,0.0,0.0,12.6,98,3.2,270,1011.8,0,0,0,0,0.0,0.0,43.6591,-70.2568,2022,9,9,3
2022-09-09 04:00:00,0.0,0.0,0.0,0.0,12.6,100,3.3,276,1012.2,1,1,0,0,0.0,0.0,43.6591,-70.2568,2022,9,9,4
2022-09-09 05:00:00,0.0,0.0,0.0,0.0,12.5,100,3.3,276,1012.6,100,100,0,0,0.0,0.0,43.6591,-70.2568,2022,9,9,5
2022-09-09 06:00:00,0.0,0.0,0.0,0.0,12.2,100,4.3,270,1013.0,79,79,0,0,0.0,0.0,43.6591,-70.2568,2022,9,9,6
2022-09-09 07:00:00,22.0,9.0,13.0,107.3,12.4,99,4.7,270,1013.5,51,51,0,0,0.0,1624.72,43.6591,-70.2568,2022,9,9,7
2022-09-09 08:00:00,151.0,92.0,59.0,413.6,15.0,87,4.1,285,1014.1,0,0,0,0,0.0,3600.0,43.6591,-70.2568,2022,9,9,8
2022-09-09 09:00:00,338.0,261.0,77.0,655.7,17.9,81,3.3,264,1014.3,7,7,0,0,0.0,3600.0,43.6591,-70.2568,2022,9,9,9
2022-09-09 10:00:00,510.0,427.0,83.0,775.2,20.4,71,3.1,249,1014.7,0,0,0,0,0.0,3600.0,43.6591,-70.2568,2022,9,9,10
2022-09-09 11:00:00,645.0,555.0,90.0,828.1,22.2,65,3.1,201,1014.7,0,0,0,0,0.0,3600.0,43.6591,-70.2568,2022,9,9,11
2022-09-09 12:00:00,734.0,642.0,92.0,858.0,23.1,64,4.0,170,1014.4,0,0,0,0,0.0,3600.0,43.6591,-70.2568,2022,9,9,12
2022-09-09 13:00:00,770.0,676.0,94.0,867.3,23.9,63,4.8,167,1014.0,12,2,12,0,0.0,3600.0,43.6591,-70.2568,2022,9,9,13
2022-09-09 14:00:00,669.0,562.0,107.0,737.8,24.0,66,4.2,160,1013.8,24,7,21,0,0.0,3600.0,43.6591,-70.2568,2022,9,9,14
2022-09-09 15:00:00,603.0,459.0,144.0,659.2,24.3,68,3.2,180,1013.6,12,5,10,0,0.0,3600.0,43.6591,-70.2568,2022,9,9,15
2022-09-09 16:00:00,510.0,409.0,101.0,696.2,24.1,74,5.8,173,1013.3,10,7,5,0,0.0,3600.0,43.6591,-70.2568,2022,9,9,16
2022-09-09 17:00:00,357.0,275.0,82.0,620.9,23.1,83,8.6,180,1013.2,0,0,0,0,0.0,3600.0,43.6591,-70.2568,2022,9,9,17
2022-09-09 18:00:00,208.0,152.0,56.0,558.4,21.4,80,11.8,192,1013.3,2,0,2,0,0.0,3600.0,43.6591,-70.2568,2022,9,9,18
2022-09-09 19:00:00,51.0,30.0,21.0,274.1,19.2,81,10.4,214,1013.6,0,0,0,0,0.0,3465.68,43.6591,-70.2568,2022,9,9,19
2022-09-09 20:00:00,0.0,0.0,0.0,0.0,18.7,79,11.7,236,1014.8,0,0,4,0,0.0,0.0,43.6591,-70.2568,2022,9,9,20
2022-09-09 21:00:00,0.0,0.0,0.0,0.0,18.3,82,10.3,241,1015.2,0,0,0,0,0.0,0.0,43.6591,-70.2568,2022,9,9,21
2022-09-09 22:00:00,0.0,0.0,0.0,0.0,17.8,87,10.0,255,1015.4,0,0,0,0,0.0,0.0,43.6591,-70.2568,2022,9,9,22
2022-09-09 23:00:00,0.0,0.0,0.0,0.0,17.3,92,10.4,284,1015.7,0,0,0,0,0.0,0.0,43.6591,-70.2568,2022,9,9,23
2022-09-10 00:00:00,0.0,0.0,0.0,0.0,17.7,92,11.1,295,1015.8,0,0,0,0,0.0,0.0,43.6591,-70.2568,2022,9,10,0
2022-09-10 01:00:00,0.0,0.0,0.0,0.0,18.0,93,10.3,306,1015.9,0,0,0,0,0.0,0.0,43.6591,-70.2568,2022,9,10,1
2022-09-10 02:00:00,0.0,0.0,0.0,0.0,18.1,94,10.2,312,1016.0,0,0,0,0,0.0,0.0,43.6591,-70.2568,2022,9,10,2
2022-09-10 03:00:00,0.0,0.0,0.0,0.0,17.9,93,10.2,318,1016.4,0,0,0,0,0.0,0.0,43.6591,-70.2568,2022,9,10,3
2022-09-10 04:00:00,0.0,0.0,0.0,0.0,17.6,93,10.7,320,1016.9,0,0,0,0,0.0,0.0,43.6591,-70.2568,2022,9,10,4
2022-09-10 05:00:00,0.0,0.0,0.0,0.0,17.6,92,11.2,327,1017.2,0,0,0,0,0.0,0.0,43.6591,-70.2568,2022,9,10,5
2022-09-10 06:00:00,0.0,0.0,0.0,0.0,17.4,91,10.6,336,1017.4,0,0,0,0,0.0,0.0,43.6591,-70.2568,2022,9,10,6
2022-09-10 07:00:00,22.0,11.0,11.0,133.9,17.7,90,10.2,342,1018.0,0,0,0,0,0.0,2292.88,43.6591,-70.2568,2022,9,10,7
2022-09-10 08:00:00,159.0,111.0,48.0,506.7,19.5,86,10.0,347,1018.5,0,0,0,0,0.0,3600.0,43.6591,-70.2568,2022,9,10,8
2022-09-10 09:00:00,338.0,270.0,68.0,684.1,21.5,80,7.0,348,1019.0,0,0,0,0,0.0,3600.0,43.6591,-70.2568,2022,9,10,9
2022-09-10 10:00:00,504.0,424.0,80.0,774.7,23.4,72,6.4,344,1019.5,0,0,0,0,0.0,3600.0,43.6591,-70.2568,2022,9,10,10
2022-09-10 11:00:00,637.0,550.0,87.0,825.1,24.9,65,5.4,356,1019.4,0,0,0,0,0.0,3600.0,43.6591,-70.2568,2022,9,10,11
2022-09-10 12:00:00,725.0,633.0,92.0,850.4,25.7,61,2.7,67,1019.0,0,0,0,0,0.0,3600.0,43.6591,-70.2568,2022,9,10,12
2022-09-10 13:00:00,760.0,667.0,93.0,860.3,25.8,62,3.1,135,1018.6,2,2,0,0,0.0,3600.0,43.6591,-70.2568,2022,9,10,13
2022-09-10 14:00:00,723.0,610.0,113.0,805.5,26.1,61,3.7,151,1018.3,0,0,0,0,0.0,3600.0,43.6591,-70.2568,2022,9,10,14
2022-09-10 15:00:00,663.0,571.0,92.0,825.7,26.1,66,5.6,165,1017.7,1,1,0,0,0.0,3600.0,43.6591,-70.2568,2022,9,10,15
2022-09-10 16:00:00,538.0,452.0,86.0,776.0,25.4,79,8.4,170,1017.2,17,0,0,17,0.0,3600.0,43.6591,-70.2568,2022,9,10,16
2022-09-10 17:00:00,381.0,309.0,72.0,706.2,24.3,76,10.8,176,1016.7,0,0,0,0,0.0,3600.0,43.6591,-70.2568,2022,9,10,17
2022-09-10 18:00:00,205.0,150.0,55.0,562.6,22.5,78,10.9,197,1016.8,0,0,0,0,0.0,3600.0,43.6591,-70.2568,2022,9,10,18
2022-09-10 19:00:00,48.0,28.0,20.0,262.6,20.9,83,11.1,216,1016.9,0,0,0,0,0.0,3355.53,43.6591,-70.2568,2022,9,10,19
2022-09-10 20:00:00,0.0,0.0,0.0,0.0,20.1,88,10.2,231,1017.6,79,0,0,3,0.0,0.0,43.6591,-70.2568,2022,9,10,20
2022-09-10 21:00:00,0.0,0.0,0.0,0.0,19.3,91,9.5,233,1017.8,82,0,0,82,0.0,0.0,43.6591,-70.2568,2022,9,10,21
2022-09-10 22:00:00,0.0,0.0,0.0,0.0,18.6,94,9.4,247,1017.8,100,0,0,100,0.0,0.0,43.6591,-70.2568,2022,9,10,22
2022-09-10 23:00:00,0.0,0.0,0.0,0.0,18.0,96,8.8,258,1017.5,100,0,0,100,0.0,0.0,43.6591,-70.2568,2022,9,10,23
2022-09-11 00:00:00,0.0,0.0,0.0,0.0,17.8,97,9.0,265,1017.5,100,0,0,100,0.0,0.0,43.6591,-70.2568,2022,9,11,0
2022-09-11 01:00:00,0.0,0.0,0.0,0.0,18.1,94,8.2,285,1017.2,100,0,0,100,0.0,0.0,43.6591,-70.2568,2022,9,11,1
2022-09-11 02:00:00,0.0,0.0,0.0,0.0,18.6,92,6.3,294,1016.9,100,0,3,100,0.0,0.0,43.6591,-70.2568,2022,9,11,2
2022-09-11 03:00:00,0.0,0.0,0.0,0.0,19.1,91,5.6,315,1016.7,100,0,9,100,0.0,0.0,43.6591,-70.2568,2022,9,11,3
2022-09-11 04:00:00,0.0,0.0,0.0,0.0,19.1,93,6.6,319,1016.7,68,0,8,66,0.0,0.0,43.6591,-70.2568,2022,9,11,4
2022-09-11 05:00:00,0.0,0.0,0.0,0.0,18.9,92,7.0,339,1016.6,100,0,2,100,0.0,0.0,43.6591,-70.2568,2022,9,11,5
2022-09-11 06:00:00,0.0,0.0,0.0,0.0,18.8,92,6.7,324,1016.4,100,0,18,100,0.0,0.0,43.6591,-70.2568,2022,9,11,6
2022-09-11 07:00:00,13.0,0.0,13.0,0.0,18.9,93,6.9,313,1016.5,100,0,58,100,0.0,0.0,43.6591,-70.2568,2022,9,11,7
2022-09-11 08:00:00,90.0,6.0,84.0,27.8,20.2,91,6.0,327,1016.6,100,0,55,100,0.0,0.0,43.6591,-70.2568,2022,9,11,8
2022-09-11 09:00:00,166.0,12.0,154.0,30.7,21.6,90,4.1,345,1016.5,100,0,92,100,0.0,0.0,43.6591,-70.2568,2022,9,11,9
2022-09-11 10:00:00,384.0,169.0,215.0,310.8,23.9,79,2.0,45,1016.3,100,0,72,100,0.0,3600.0,43.6591,-70.2568,2022,9,11,10
2022-09-11 11:00:00,480.0,280.0,200.0,422.4,24.7,75,1.3,146,1015.9,100,0,100,100,0.0,3600.0,43.6591,-70.2568,2022,9,11,11
2022-09-11 12:00:00,452.0,125.0,327.0,168.8,24.6,80,4.1,165,1015.5,100,0,97,100,0.0,3264.3,43.6591,-70.2568,2022,9,11,12
2022-09-11 13:00:00,310.0,47.0,263.0,60.9,24.0,87,5.6,165,1014.9,99,0,89,86,0.0,28.48,43.6591,-70.2568,2022,9,11,13
2022-09-11 14:00:00,400.0,141.0,259.0,187.3,24.6,83,6.8,180,1014.4,100,0,100,58,0.0,3600.0,43.6591,-70.2568,2022,9,11,14
2022-09-11 15:00:00,216.0,5.0,211.0,7.3,23.8,86,8.0,185,1013.6,100,0,100,100,0.0,0.0,43.6591,-70.2568,2022,9,11,15
2022-09-11 16:00:00,99.0,0.0,99.0,0.0,22.9,91,6.2,201,1013.0,100,0,96,100,0.0,0.0,43.6591,-70.2568,2022,9,11,16
2022-09-11 17:00:00,117.0,18.0,99.0,41.6,22.9,90,8.1,212,1012.5,100,0,100,100,0.0,0.0,43.6591,-70.2568,2022,9,11,17
2022-09-11 18:00:00,40.0,0.0,40.0,0.0,22.0,90,8.7,218,1011.9,100,0,100,100,0.0,0.0,43.6591,-70.2568,2022,9,11,18
2022-09-11 19:00:00,10.0,0.0,10.0,0.0,21.6,86,10.2,238,1011.7,100,0,100,100,0.0,0.0,43.6591,-70.2568,2022,9,11,19
2022-09-11 20:00:00,0.0,0.0,0.0,0.0,21.1,89,9.3,234,1011.8,100,0,63,100,0.0,0.0,43.6591,-70.2568,2022,9,11,20
2022-09-11 21:00:00,0.0,0.0,0.0,0.0,20.8,86,9.5,245,1011.7,100,0,100,100,0.0,0.0,43.6591,-70.2568,2022,9,11,21
2022-09-11 22:00:00,0.0,0.0,0.0,0.0,20.8,84,9.7,248,1011.1,100,0,69,100,0.0,0.0,43.6591,-70.2568,2022,9,11,22
2022-09-11 23:00:00,0.0,0.0,0.0,0.0,20.6,86,9.7,248,1010.8,100,0,80,100,0.0,0.0,43.6591,-70.2568,2022,9,11,23
2022-09-12 00:00:00,0.0,0.0,0.0,0.0,20.1,89,8.4,250,1010.3,100,0,14,100,0.0,0.0,43.6591,-70.2568,2022,9,12,0
2022-09-12 01:00:00,0.0,0.0,0.0,0.0,19.4,93,8.4,245,1009.8,100,0,97,100,0.0,0.0,43.6591,-70.2568,2022,9,12,1
2022-09-12 02:00:00,0.0,0.0,0.0,0.0,19.2,92,8.3,236,1009.3,100,0,11,100,0.0,0.0,43.6591,-70.2568,2022,9,12,2
2022-09-12 03:00:00,0.0,0.0,0.0,0.0,18.5,95,9.0,254,1008.8,100,0,99,100,0.0,0.0,43.6591,-70.2568,2022,9,12,3
2022-09-12 04:00:00,0.0,0.0,0.0,0.0,18.4,96,9.1,263,1008.2,100,0,1,100,0.0,0.0,43.6591,-70.2568,2022,9,12,4
2022-09-12 05:00:00,0.0,0.0,0.0,0.0,18.4,98,8.9,291,1008.0,100,0,16,100,0.0,0.0,43.6591,-70.2568,2022,9,12,5
2022-09-12 06:00:00,0.0,0.0,0.0,0.0,18.4,98,7.2,276,1008.0,76,6,19,69,0.0,0.0,43.6591,-70.2568,2022,9,12,6
2022-09-12 07:00:00,17.0,7.0,10.0,88.9,18.4,98,8.1,283,1008.1,21,8,14,0,0.0,1083.09,43.6591,-70.2568,2022,9,12,7
2022-09-12 08:00:00,138.0,82.0,56.0,386.4,21.1,89,6.1,3,1007.5,4,0,9,0,0.0,3600.0,43.6591,-70.2568,2022,9,12,8
2022-09-12 09:00:00,311.0,237.0,74.0,611.1,22.7,81,4.8,42,1007.3,0,0,0,0,0.0,3600.0,43.6591,-70.2568,2022,9,12,9
2022-09-12 10:00:00,487.0,403.0,84.0,745.9,23.8,75,4.7,90,1007.6,17,13,6,0,0.0,3600.0,43.6591,-70.2568,2022,9,12,10
2022-09-12 11:00:00,574.0,439.0,135.0,665.9,24.3,73,4.8,103,1007.3,28,22,7,0,0.0,3600.0,43.6591,-70.2568,2022,9,12,11
2022-09-12 12:00:00,614.0,453.0,161.0,615.0,24.5,71,5.7,108,1006.9,24,24,1,0,0.0,3600.0,43.6591,-70.2568,2022,9,12,12
2022-09-12 13:00:00,673.0,534.0,139.0,696.3,24.8,70,6.0,123,1006.6,24,20,6,0,0.0,3600.0,43.6591,-70.2568,2022,9,12,13
2022-09-12 14:00:00,675.0,544.0,131.0,727.0,24.7,71,5.9,128,1006.1,28,20,12,0,0.0,3600.0,43.6591,-70.2568,2022,9,12,14
2022-09-12 15:00:00,606.0,477.0,129.0,699.6,24.4,74,5.6,140,1005.6,32,20,19,0,0.0,3600.0,43.6591,-70.2568,2022,9,12,15
2022-09-12 16:00:00,435.0,324.0,111.0,566.2,23.9,80,5.3,152,1005.4,35,5,32,2,0.0,3600.0,43.6591,-70.2568,2022,9,12,16
2022-09-12 17:00:00,302.0,209.0,93.0,489.7,23.3,86,6.1,152,1005.1,28,4,25,0,0.0,3600.0,43.6591,-70.2568,2022,9,12,17
2022-09-12 18:00:00,166.0,104.0,62.0,407.1,22.1,90,6.8,155,1005.2,46,6,17,34,0.0,3600.0,43.6591,-70.2568,2022,9,12,18
2022-09-12 19:00:00,35.0,17.0,18.0,168.4,20.1,94,6.3,167,1005.3,97,7,28,95,0.0,3134.73,43.6591,-70.2568,2022,9,12,19
2022-09-12 20:00:00,0.0,0.0,0.0,0.0,19.2,96,4.7,113,1005.8,36,0,17,1,0.0,0.0,43.6591,-70.2568,2022,9,12,20
2022-09-12 21:00:00,0.0,0.0,0.0,0.0,19.3,95,3.4,148,1006.1,38,0,14,27,0.0,0.0,43.6591,-70.2568,2022,9,12,21
2022-09-12 22:00:00,0.0,0.0,0.0,0.0,18.4,98,4.0,153,1006.0,19,0,12,8,0.0,0.0,43.6591,-70.2568,2022,9,12,22
2022-09-12 23:00:00,0.0,0.0,0.0,0.0,18.4,99,5.1,188,1006.1,32,0,14,21,0.0,0.0,43.6591,-70.2568,2022,9,12,23
2022-09-13 00:00:00,0.0,0.0,0.0,0.0,18.4,98,4.7,238,1006.3,98,0,19,98,0.0,0.0,43.6591,-70.2568,2022,9,13,0
2022-09-13 01:00:00,0.0,0.0,0.0,0.0,17.9,98,5.2,236,1006.1,100,0,0,100,0.0,0.0,43.6591,-70.2568,2022,9,13,1
2022-09-13 02:00:00,0.0,0.0,0.0,0.0,18.4,99,2.7,293,1005.9,92,0,0,92,0.0,0.0,43.6591,-70.2568,2022,9,13,2
2022-09-13 03:00:00,0.0,0.0,0.0,0.0,18.1,100,2.0,315,1005.7,100,100,1,99,0.0,0.0,43.6591,-70.2568,2022,9,13,3
2022-09-13 04:00:00,0.0,0.0,0.0,0.0,17.3,100,3.5,66,1005.5,100,100,0,99,0.0,0.0,43.6591,-70.2568,2022,9,13,4
2022-09-13 05:00:00,0.0,0.0,0.0,0.0,16.7,100,4.3,85,1005.6,100,100,3,99,0.0,0.0,43.6591,-70.2568,2022,9,13,5
2022-09-13 06:00:00,0.0,0.0,0.0,0.0,16.5,100,4.4,99,1005.7,100,100,0,100,0.0,0.0,43.6591,-70.2568,2022,9,13,6
2022-09-13 07:00:00,10.0,0.0,10.0,0.0,16.7,100,4.2,110,1006.0,100,100,14,100,0.0,0.0,43.6591,-70.2568,2022,9,13,7
2022-09-13 08:00:00,65.0,0.0,65.0,0.0,16.8,100,3.3,131,1006.6,100,100,100,100,0.0,0.0,43.6591,-70.2568,2022,9,13,8
2022-09-13 09:00:00,91.0,0.0,91.0,0.0,17.9,95,2.2,189,1007.0,100,83,100,100,0.1,0.0,43.6591,-70.2568,2022,9,13,9
2022-09-13 10:00:00,75.0,0.0,75.0,0.0,18.3,95,3.1,144,1007.1,100,35,100,100,0.3,0.0,43.6591,-70.2568,2022,9,13,10
2022-09-13 11:00:00,148.0,1.0,147.0,1.5,18.9,94,0.8,27,1007.1,100,50,100,89,0.6,0.0,43.6591,-70.2568,2022,9,13,11
2022-09-13 12:00:00,324.0,58.0,266.0,79.2,19.9,89,2.9,60,1006.6,100,5,36,100,0.0,575.29,43.6591,-70.2568,2022,9,13,12
2022-09-13 13:00:00,482.0,179.0,303.0,234.7,21.0,81,6.0,107,1006.7,96,46,38,88,0.0,3600.0,43.6591,-70.2568,2022,9,13,13
2022-09-13 14:00:00,499.0,211.0,288.0,283.7,21.1,83,8.9,122,1006.0,100,100,16,96,0.0,3600.0,43.6591,-70.2568,2022,9,13,14
2022-09-13 15:00:00,314.0,43.0,271.0,63.5,20.1,90,9.7,117,1005.3,100,74,10,99,0.0,105.53,43.6591,-70.2568,2022,9,13,15
2022-09-13 16:00:00,261.0,68.0,193.0,119.9,19.6,94,10.5,112,1004.6,100,100,5,94,0.0,1797.65,43.6591,-70.2568,2022,9,13,16
2022-09-13 17:00:00,180.0,40.0,140.0,94.9,19.2,96,8.4,100,1004.1,100,100,31,85,0.0,1048.0,43.6591,-70.2568,2022,9,13,17
2022-09-13 18:00:00,76.0,8.0,68.0,32.0,18.8,98,9.4,90,1003.7,100,100,52,87,0.0,0.0,43.6591,-70.2568,2022,9,13,18
2022-09-13 19:00:00,8.0,0.0,8.0,0.0,18.4,99,8.8,71,1003.2,100,100,29,23,0.7,0.0,43.6591,-70.2568,2022,9,13,19
2022-09-13 20:00:00,0.0,0.0,0.0,0.0,18.9,100,9.7,94,1003.6,100,100,7,96,0.8,0.0,43.6591,-70.2568,2022,9,13,20
2022-09-13 21:00:00,0.0,0.0,0.0,0.0,19.1,99,12.2,109,1002.8,100,100,25,100,0.0,0.0,43.6591,-70.2568,2022,9,13,21
2022-09-13 22:00:00,0.0,0.0,0.0,0.0,19.4,100,12.1,170,1002.5,100,100,47,92,0.6,0.0,43.6591,-70.2568,2022,9,13,22
2022-09-13 23:00:00,0.0,0.0,0.0,0.0,19.1,100,12.1,168,1001.9,100,100,26,68,1.9,0.0,43.6591,-70.2568,2022,9,13,23
2022-09-14 00:00:00,0.0,0.0,0.0,0.0,18.7,100,4.9,253,1001.4,78,77,3,0,3.1,0.0,43.6591,-70.2568,2022,9,14,0
2022-09-14 01:00:00,0.0,0.0,0.0,0.0,18.3,100,6.4,227,1000.9,53,51,3,0,0.0,0.0,43.6591,-70.2568,2022,9,14,1
2022-09-14 02:00:00,0.0,0.0,0.0,0.0,18.0,100,10.2,231,1000.3,51,50,1,0,0.0,0.0,43.6591,-70.2568,2022,9,14,2
2022-09-14 03:00:00,0.0,0.0,0.0,0.0,18.0,100,12.4,244,1000.2,14,13,1,0,0.0,0.0,43.6591,-70.2568,2022,9,14,3
2022-09-14 04:00:00,0.0,0.0,0.0,0.0,18.0,97,15.4,254,1000.3,3,3,0,0,0.0,0.0,43.6591,-70.2568,2022,9,14,4
2022-09-14 05:00:00,0.0,0.0,0.0,0.0,17.1,97,17.5,262,1000.7,0,0,0,0,0.0,0.0,43.6591,-70.2568,2022,9,14,5
2022-09-14 06:00:00,0.0,0.0,0.0,0.0,16.4,97,16.4,261,1001.3,1,1,0,0,0.0,0.0,43.6591,-70.2568,2022,9,14,6
2022-09-14 07:00:00,17.0,8.0,9.0,106.2,16.0,96,17.1,263,1001.9,0,0,0,0,0.0,1465.52,43.6591,-70.2568,2022,9,14,7
2022-09-14 08:00:00,151.0,105.0,46.0,511.4,17.0,95,17.0,264,1002.7,0,0,0,0,0.0,3600.0,43.6591,-70.2568,2022,9,14,8
2022-09-14 09:00:00,329.0,261.0,68.0,685.3,18.4,88,17.3,265,1003.1,1,1,0,0,0.0,3600.0,43.6591,-70.2568,2022,9,14,9
2022-09-14 10:00:00,494.0,415.0,79.0,778.5,20.1,77,18.5,277,1003.3,13,13,0,0,0.0,3600.0,43.6591,-70.2568,2022,9,14,10
2022-09-14 11:00:00,605.0,496.0,109.0,761.1,22.0,68,18.0,272,1003.1,5,4,2,0,0.0,3600.0,43.6591,-70.2568,2022,9,14,11
2022-09-14 12:00:00,710.0,615.0,95.0,844.2,23.6,59,23.9,288,1003.6,56,55,2,0,0.0,3600.0,43.6591,-70.2568,2022,9,14,12
2022-09-14 13:00:00,633.0,448.0,185.0,590.8,25.0,51,23.6,301,1003.6,54,51,8,0,0.0,3600.0,43.6591,-70.2568,2022,9,14,13
2022-09-14 14:00:00,648.0,474.0,174.0,641.3,25.2,53,19.8,286,1003.8,25,17,10,0,0.0,3600.0,43.6591,-70.2568,2022,9,14,14
2022-09-14 15:00:00,622.0,506.0,116.0,752.9,25.8,50,18.5,283,1003.7,5,3,3,0,0.0,3600.0,43.6591,-70.2568,2022,9,14,15
2022-09-14 16:00:00,518.0,434.0,84.0,772.5,25.6,51,18.4,287,1004.1,7,2,5,0,0.0,3600.0,43.6591,-70.2568,2022,9,14,16
2022-09-14 17:00:00,360.0,283.0,77.0,680.4,24.7,53,15.6,296,1004.5,1,1,1,0,0.0,3600.0,43.6591,-70.2568,2022,9,14,17
2022-09-14 18:00:00,189.0,137.0,52.0,561.0,23.0,59,13.2,292,1005.1,1,0,1,0,0.0,3600.0,43.6591,-70.2568,2022,9,14,18
2022-09-14 19:00:00,36.0,21.0,15.0,220.4,20.8,66,11.6,277,1005.7,3,1,2,0,0.0,2914.02,43.6591,-70.2568,2022,9,14,19
2022-09-14 20:00:00,0.0,0.0,0.0,0.0,18.7,76,10.1,274,1007.1,5,0,3,0,0.0,0.0,43.6591,-70.2568,2022,9,14,20
2022-09-14 21:00:00,0.0,0.0,0.0,0.0,18.0,77,11.2,272,1007.7,5,2,5,0,0.0,0.0,43.6591,-70.2568,2022,9,14,21
2022-09-14 22:00:00,0.0,0.0,0.0,0.0,17.8,77,12.4,278,1008.0,14,1,13,0,0.0,0.0,43.6591,-70.2568,2022,9,14,22
2022-09-14 23:00:00,0.0,0.0,0.0,0.0,18.0,75,13.1,291,1008.6,5,1,5,0,0.0,0.0,43.6591,-70.2568,2022,9,14,23
2022-09-15 00:00:00,0.0,0.0,0.0,0.0,17.8,76,13.7,297,1009.0,4,3,3,0,0.0,0.0,43.6591,-70.2568,2022,9,15,0
2022-09-15 01:00:00,0.0,0.0,0.0,0.0,16.9,80,12.0,319,1009.6,13,1,12,0,0.0,0.0,43.6591,-70.2568,2022,9,15,1
2022-09-15 02:00:00,0.0,0.0,0.0,0.0,16.4,79,14.5,325,1010.0,12,2,11,0,0.0,0.0,43.6591,-70.2568,2022,9,15,2
2022-09-15 03:00:00,0.0,0.0,0.0,0.0,15.6,74,15.5,324,1010.5,14,2,12,0,0.0,0.0,43.6591,-70.2568,2022,9,15,3
2022-09-15 04:00:00,0.0,0.0,0.0,0.0,14.5,69,15.8,333,1011.0,3,1,2,0,0.0,0.0,43.6591,-70.2568,2022,9,15,4
2022-09-15 05:00:00,0.0,0.0,0.0,0.0,13.3,63,16.9,326,1011.7,0,0,0,0,0.0,0.0,43.6591,-70.2568,2022,9,15,5
2022-09-15 06:00:00,0.0,0.0,0.0,0.0,12.6,64,16.1,318,1012.3,4,4,0,0,0.0,0.0,43.6591,-70.2568,2022,9,15,6
2022-09-15 07:00:00,18.0,9.0,9.0,122.3,12.4,66,15.5,312,1012.9,7,7,0,0,0.0,1815.58,43.6591,-70.2568,2022,9,15,7
2022-09-15 08:00:00,156.0,109.0,47.0,540.0,13.5,61,18.2,309,1013.6,2,0,0,0,0.0,3600.0,43.6591,-70.2568,2022,9,15,8
2022-09-15 09:00:00,346.0,280.0,66.0,742.1,14.3,58,20.4,316,1013.7,0,0,0,0,0.0,3600.0,43.6591,-70.2568,2022,9,15,9
2022-09-15 10:00:00,522.0,445.0,77.0,840.5,15.3,50,17.7,321,1014.2,2,2,0,0,0.0,3600.0,43.6591,-70.2568,2022,9,15,10
2022-09-15 11:00:00,652.0,557.0,95.0,859.7,16.0,48,21.6,314,1014.1,7,7,0,0,0.0,3600.0,43.6591,-70.2568,2022,9,15,11
2022-09-15 12:00:00,729.0,620.0,109.0,855.8,16.8,45,19.9,311,1013.6,5,5,0,0,0.0,3600.0,43.6591,-70.2568,2022,9,15,12
2022-09-15 13:00:00,775.0,677.0,98.0,897.9,17.5,43,19.9,305,1013.5,3,3,0,0,0.0,3600.0,43.6591,-70.2568,2022,9,15,13
2022-09-15 14:00:00,757.0,665.0,92.0,905.5,18.1,41,19.7,305,1013.3,1,1,0,0,0.0,3600.0,43.6591,-70.2568,2022,9,15,14
2022-09-15 15:00:00,677.0,588.0,89.0,881.4,18.3,40,20.0,304,1012.7,2,2,0,0,0.0,3600.0,43.6591,-70.2568,2022,9,15,15
2022-09-15 16:00:00,548.0,468.0,80.0,840.8,18.1,40,19.8,303,1012.8,0,0,0,0,0.0,3600.0,43.6591,-70.2568,2022,9,15,16
2022-09-15 17:00:00,380.0,312.0,68.0,760.2,17.7,42,17.2,307,1012.7,0,0,0,0,0.0,3600.0,43.6591,-70.2568,2022,9,15,17
2022-09-15 18:00:00,194.0,144.0,50.0,603.6,16.4,49,14.1,308,1013.2,100,0,0,100,0.0,3600.0,43.6591,-70.2568,2022,9,15,18
2022-09-15 19:00:00,27.0,7.0,20.0,75.7,14.8,53,9.9,303,1013.6,0,0,0,0,0.0,822.35,43.6591,-70.2568,2022,9,15,19
2022-09-15 20:00:00,0.0,0.0,0.0,0.0,13.1,61,10.9,297,1015.1,8,0,0,0,0.0,0.0,43.6591,-70.2568,2022,9,15,20
2022-09-15 21:00:00,0.0,0.0,0.0,0.0,12.3,65,10.5,278,1015.6,14,0,0,14,0.0,0.0,43.6591,-70.2568,2022,9,15,21
2022-09-15 22:00:00,0.0,0.0,0.0,0.0,11.9,63,12.3,275,1015.7,0,0,0,0,0.0,0.0,43.6591,-70.2568,2022,9,15,22
2022-09-15 23:00:00,0.0,0.0,0.0,0.0,11.6,61,11.9,273,1015.8,5,0,0,5,0.0,0.0,43.6591,-70.2568,2022,9,15,23
2022-09-16 00:00:00,0.0,0.0,0.0,0.0,11.2,63,10.8,272,1016.0,0,0,0,0,0.0,0.0,43.6591,-70.2568,2022,9,16,0
2022-09-16 01:00:00,0.0,0.0,0.0,0.0,10.6,67,10.0,249,1016.1,2,0,0,2,0.0,0.0,43.6591,-70.2568,2022,9,16,1
2022-09-16 02:00:00,0.0,0.0,0.0,0.0,10.1,70,10.3,245,1016.2,36,0,5,33,0.0,0.0,43.6591,-70.2568,2022,9,16,2
2022-09-16 03:00:00,0.0,0.0,0.0,0.0,9.9,72,10.2,247,1015.7,87,0,14,85,0.0,0.0,43.6591,-70.2568,2022,9,16,3
2022-09-16 04:00:00,0.0,0.0,0.0,0.0,10.0,73,9.5,261,1015.6,24,0,23,2,0.0,0.0,43.6591,-70.2568,2022,9,16,4
2022-09-16 05:00:00,0.0,0.0,0.0,0.0,9.9,76,8.3,265,1015.4,81,0,63,49,0.0,0.0,43.6591,-70.2568,2022,9,16,5
2022-09-16 06:00:00,0.0,0.0,0.0,0.0,9.9,78,8.5,258,1015.1,100,0,100,11,0.0,0.0,43.6591,-70.2568,2022,9,16,6
2022-09-16 07:00:00,8.0,1.0,7.0,13.9,11.0,74,7.3,250,1015.3,97,0,89,73,0.0,0.0,43.6591,-70.2568,2022,9,16,7
2022-09-16 08:00:00,63.0,9.0,54.0,45.4,12.1,70,6.6,257,1016.2,100,0,69,42,0.0,0.0,43.6591,-70.2568,2022,9,16,8
2022-09-16 09:00:00,187.0,53.0,134.0,141.8,13.9,65,6.5,267,1016.3,100,0,99,80,0.0,2453.75,43.6591,-70.2568,2022,9,16,9
2022-09-16 10:00:00,221.0,55.0,166.0,104.6,14.7,55,9.3,283,1016.3,100,0,99,88,0.0,1338.1,43.6591,-70.2568,2022,9,16,10
2022-09-16 11:00:00,201.0,7.0,194.0,10.9,14.9,53,9.4,266,1015.8,91,0,17,89,0.0,0.0,43.6591,-70.2568,2022,9,16,11
2022-09-16 12:00:00,714.0,601.0,113.0,834.3,17.3,46,12.7,295,1015.3,61,1,0,61,0.0,3600.0,43.6591,-70.2568,2022,9,16,12
2022-09-16 13:00:00,756.0,657.0,99.0,876.5,18.6,45,13.1,307,1015.1,3,3,0,0,0.0,3600.0,43.6591,-70.2568,2022,9,16,13
2022-09-16 14:00:00,735.0,637.0,98.0,872.9,19.4,43,14.8,313,1014.8,1,1,0,0,0.0,3600.0,43.6591,-70.2568,2022,9,16,14
2022-09-16 15:00:00,658.0,566.0,92.0,854.8,20.1,40,18.2,321,1014.4,15,11,14,0,0.0,3600.0,43.6591,-70.2568,2022,9,16,15
2022-09-16 16:00:00,507.0,395.0,112.0,716.4,19.9,40,19.2,326,1014.5,19,18,16,0,0.0,3600.0,43.6591,-70.2568,2022,9,16,16
2022-09-16 17:00:00,344.0,253.0,91.0,624.7,18.3,48,16.6,338,1014.9,4,2,1,0,0.0,3600.0,43.6591,-70.2568,2022,9,16,17
2022-09-16 18:00:00,185.0,134.0,51.0,575.3,16.7,52,14.6,340,1015.4,43,0,0,43,0.0,3600.0,43.6591,-70.2568,2022,9,16,18
2022-09-16 19:00:00,32.0,18.0,14.0,201.0,15.1,54,13.7,337,1016.3,4,0,0,4,0.0,2694.25,43.6591,-70.2568,2022,9,16,19
2022-09-16 20:00:00,0.0,0.0,0.0,0.0,13.9,58,12.5,319,1017.6,6,0,0,7,0.0,0.0,43.6591,-70.2568,2022,9,16,20
2022-09-16 21:00:00,0.0,0.0,0.0,0.0,13.0,62,11.5,321,1018.4,41,0,0,41,0.0,0.0,43.6591,-70.2568,2022,9,16,21
2022-09-16 22:00:00,0.0,0.0,0.0,0.0,12.3,66,10.8,323,1018.8,58,0,0,58,0.0,0.0,43.6591,-70.2568,2022,9,16,22
2022-09-16 23:00:00,0.0,0.0,0.0,0.0,11.7,69,10.6,325,1019.1,37,0,0,37,0.0,0.0,43.6591,-70.2568,2022,9,16,23
2022-09-17 00:00:00,0.0,0.0,0.0,0.0,11.3,72,10.3,324,1019.3,72,0,0,72,0.0,0.0,43.6591,-70.2568,2022,9,17,0
2022-09-17 01:00:00,0.0,0.0,0.0,0.0,11.1,73,10.6,332,1019.3,67,0,0,67,0.0,0.0,43.6591,-70.2568,2022,9,17,1
2022-09-17 02:00:00,0.0,0.0,0.0,0.0,10.7,73,10.8,330,1019.6,3,0,0,3,0.0,0.0,43.6591,-70.2568,2022,9,17,2
2022-09-17 03:00:00,0.0,0.0,0.0,0.0,10.4,75,10.8,323,1019.9,43,0,0,43,0.0,0.0,43.6591,-70.2568,2022,9,17,3
2022-09-17 04:00:00,0.0,0.0,0.0,0.0,10.1,77,10.9,314,1020.1,3,0,0,3,0.0,0.0,43.6591,-70.2568,2022,9,17,4
2022-09-17 05:00:00,0.0,0.0,0.0,0.0,9.8,80,10.2,309,1020.3,0,0,0,0,0.0,0.0,43.6591,-70.2568,2022,9,17,5
2022-09-17 06:00:00,0.0,0.0,0.0,0.0,9.6,82,9.9,303,1020.6,6,0,0,6,0.0,0.0,43.6591,-70.2568,2022,9,17,6
2022-09-17 07:00:00,15.0,8.0,7.0,114.1,9.7,84,9.5,299,1021.0,0,0,0,0,0.0,1563.73,43.6591,-70.2568,2022,9,17,7
2022-09-17 08:00:00,149.0,105.0,44.0,538.9,11.9,79,8.9,310,1022.1,0,0,0,0,0.0,3600.0,43.6591,-70.2568,2022,9,17,8
2022-09-17 09:00:00,333.0,268.0,65.0,723.9,14.2,64,7.9,321,1022.1,5,0,0,5,0.0,3600.0,43.6591,-70.2568,2022,9,17,9
2022-09-17 10:00:00,506.0,428.0,78.0,819.8,15.8,49,8.3,326,1022.3,11,0,0,11,0.0,3600.0,43.6591,-70.2568,2022,9,17,10
2022-09-17 11:00:00,644.0,560.0,84.0,874.8,17.0,45,6.7,324,1022.0,0,0,0,0,0.0,3600.0,43.6591,-70.2568,2022,9,17,11
2022-09-17 12:00:00,734.0,646.0,88.0,902.0,18.0,42,5.1,309,1021.4,0,0,0,0,0.0,3600.0,43.6591,-70.2568,2022,9,17,12
2022-09-17 13:00:00,769.0,680.0,89.0,912.5,18.9,39,3.3,257,1020.7,13,0,0,13,0.0,3600.0,43.6591,-70.2568,2022,9,17,13
2022-09-17 14:00:00,744.0,656.0,88.0,904.8,19.4,40,5.4,180,1019.7,5,0,0,5,0.0,3600.0,43.6591,-70.2568,2022,9,17,14
2022-09-17 15:00:00,661.0,577.0,84.0,878.0,18.9,47,11.7,169,1018.8,0,0,0,0,0.0,3600.0,43.6591,-70.2568,2022,9,17,15
2022-09-17 16:00:00,528.0,449.0,79.0,822.2,17.9,55,14.0,168,1018.2,18,0,0,18,0.0,3600.0,43.6591,-70.2568,2022,9,17,16
2022-09-17 17:00:00,361.0,293.0,68.0,733.4,17.1,59,13.4,174,1017.4,4,0,2,2,0.0,3600.0,43.6591,-70.2568,2022,9,17,17
2022-09-17 18:00:00,178.0,128.0,50.0,563.2,15.6,65,14.8,184,1017.3,35,0,13,25,0.0,3600.0,43.6591,-70.2568,2022,9,17,18
2022-09-17 19:00:00,28.0,14.0,14.0,161.5,14.2,69,14.8,203,1017.2,98,0,37,97,0.0,2584.98,43.6591,-70.2568,2022,9,17,19
2022-09-17 20:00:00,0.0,0.0,0.0,0.0,14.1,72,14.1,212,1017.7,100,0,7,100,0.0,0.0,43.6591,-70.2568,2022,9,17,20
2022-09-17 21:00:00,0.0,0.0,0.0,0.0,13.5,78,13.0,214,1017.4,97,0,16,97,0.0,0.0,43.6591,-70.2568,2022,9,17,21
2022-09-17 22:00:00,0.0,0.0,0.0,0.0,13.6,80,13.6,220,1017.0,99,0,51,99,0.0,0.0,43.6591,-70.2568,2022,9,17,22
2022-09-17 23:00:00,0.0,0.0,0.0,0.0,13.5,82,12.2,223,1016.6,100,0,0,100,0.0,0.0,43.6591,-70.2568,2022,9,17,23
2022-09-18 00:00:00,0.0,0.0,0.0,0.0,13.0,83,11.7,227,1015.6,97,0,0,97,0.0,0.0,43.6591,-70.2568,2022,9,18,0
2022-09-18 01:00:00,0.0,0.0,0.0,0.0,12.7,85,11.7,227,1015.0,96,0,0,96,0.0,0.0,43.6591,-70.2568,2022,9,18,1
2022-09-18 02:00:00,0.0,0.0,0.0,0.0,12.7,88,12.2,225,1014.3,4,0,0,4,0.0,0.0,43.6591,-70.2568,2022,9,18,2
2022-09-18 03:00:00,0.0,0.0,0.0,0.0,12.8,92,12.0,226,1013.4,13,0,9,5,0.0,0.0,43.6591,-70.2568,2022,9,18,3
2022-09-18 04:00:00,0.0,0.0,0.0,0.0,12.9,95,12.2,227,1012.5,4,0,3,1,0.0,0.0,43.6591,-70.2568,2022,9,18,4
2022-09-18 05:00:00,0.0,0.0,0.0,0.0,13.0,96,12.0,224,1011.8,0,0,0,0,0.0,0.0,43.6591,-70.2568,2022,9,18,5
2022-09-18 06:00:00,0.0,0.0,0.0,0.0,13.3,96,12.3,232,1011.4,22,0,0,22,0.0,0.0,43.6591,-70.2568,2022,9,18,6
2022-09-18 07:00:00,13.0,5.0,8.0,73.1,14.3,93,13.6,238,1011.2,18,0,6,14,0.0,644.95,43.6591,-70.2568,2022,9,18,7
2022-09-18 08:00:00,134.0,89.0,45.0,465.2,16.5,86,12.9,247,1011.0,64,0,79,4,0.0,3600.0,43.6591,-70.2568,2022,9,18,8
2022-09-18 09:00:00,286.0,187.0,99.0,510.1,19.3,77,12.6,250,1010.6,82,0,77,22,0.0,3600.0,43.6591,-70.2568,2022,9,18,9
2022-09-18 10:00:00,449.0,350.0,99.0,675.2,21.7,69,14.1,255,1010.1,88,0,7,87,0.0,3600.0,43.6591,-70.2568,2022,9,18,10
2022-09-18 11:00:00,603.0,507.0,96.0,796.9,23.8,63,13.2,259,1009.8,72,0,21,64,0.0,3600.0,43.6591,-70.2568,2022,9,18,11
2022-09-18 12:00:00,663.0,543.0,120.0,762.6,25.6,58,13.1,262,1009.2,100,2,100,98,0.0,3600.0,43.6591,-70.2568,2022,9,18,12
2022-09-18 13:00:00,578.0,305.0,273.0,411.7,25.9,55,12.3,275,1009.0,96,1,57,92,0.0,3600.0,43.6591,-70.2568,2022,9,18,13
2022-09-18 14:00:00,577.0,372.0,205.0,516.4,25.3,59,11.6,275,1008.4,89,14,79,43,0.3,3600.0,43.6591,-70.2568,2022,9,18,14
2022-09-18 15:00:00,445.0,294.0,151.0,450.8,24.6,67,9.5,307,1007.9,100,9,51,100,1.5,3600.0,43.6591,-70.2568,2022,9,18,15
2022-09-18 16:00:00,217.0,113.0,104.0,208.9,20.3,99,7.4,313,1008.9,100,19,99,100,4.7,3600.0,43.6591,-70.2568,2022,9,18,16
2022-09-18 17:00:00,34.0,1.0,33.0,2.5,19.5,100,3.3,311,1008.4,100,7,100,100,0.4,0.0,43.6591,-70.2568,2022,9,18,17
2022-09-18 18:00:00,22.0,0.0,22.0,0.0,18.8,100,6.9,84,1008.8,100,39,100,100,0.5,0.0,43.6591,-70.2568,2022,9,18,18
2022-09-18 19:00:00,10.0,0.0,10.0,0.0,15.8,100,14.4,77,1008.9,100,100,86,100,0.3,0.0,43.6591,-70.2568,2022,9,18,19
2022-09-18 20:00:00,0.0,0.0,0.0,0.0,14.2,97,13.7,76,1010.1,100,22,77,100,0.3,0.0,43.6591,-70.2568,2022,9,18,20
2022-09-18 21:00:00,0.0,0.0,0.0,0.0,14.1,96,13.2,73,1010.6,100,100,100,100,0.1,0.0,43.6591,-70.2568,2022,9,18,21
2022-09-18 22:00:00,0.0,0.0,0.0,0.0,13.6,100,13.0,84,1010.2,100,100,71,100,0.5,0.0,43.6591,-70.2568,2022,9,18,22
2022-09-18 23:00:00,0.0,0.0,0.0,0.0,13.6,100,9.7,88,1010.0,100,100,85,100,3.0,0.0,43.6591,-70.2568,2022,9,18,23
2022-09-19 00:00:00,0.0,0.0,0.0,0.0,13.7,100,10.0,69,1010.4,100,100,83,100,0.9,0.0,43.6591,-70.2568,2022,9,19,0
2022-09-19 01:00:00,0.0,0.0,0.0,0.0,13.5,100,10.2,39,1010.7,100,100,53,100,0.5,0.0,43.6591,-70.2568,2022,9,19,1
2022-09-19 02:00:00,0.0,0.0,0.0,0.0,13.1,98,9.2,39,1010.5,100,100,35,0,0.2,0.0,43.6591,-70.2568,2022,9,19,2
2022-09-19 03:00:00,0.0,0.0,0.0,0.0,12.9,98,11.7,18,1010.6,100,100,0,0,0.1,0.0,43.6591,-70.2568,2022,9,19,3
2022-09-19 04:00:00,0.0,0.0,0.0,0.0,12.5,97,9.7,15,1010.8,96,96,1,13,0.0,0.0,43.6591,-70.2568,2022,9,19,4
2022-09-19 05:00:00,0.0,0.0,0.0,0.0,12.3,97,9.3,13,1011.3,95,95,0,0,0.0,0.0,43.6591,-70.2568,2022,9,19,5
2022-09-19 06:00:00,0.0,0.0,0.0,0.0,12.1,97,9.5,29,1011.2,100,84,1,100,0.0,0.0,43.6591,-70.2568,2022,9,19,6
2022-09-19 07:00:00,6.0,0.0,6.0,0.0,12.4,96,7.8,34,1012.1,100,100,0,100,0.0,0.0,43.6591,-70.2568,2022,9,19,7
2022-09-19 08:00:00,38.0,0.0,38.0,0.0,12.0,93,7.4,61,1012.4,100,100,4,4,0.0,0.0,43.6591,-70.2568,2022,9,19,8
2022-09-19 09:00:00,111.0,3.0,108.0,8.3,13.0,88,6.2,80,1012.9,100,100,1,17,0.0,0.0,43.6591,-70.2568,2022,9,19,9
2022-09-19 10:00:00,100.0,1.0,99.0,1.9,13.4,85,7.7,79,1012.7,100,100,6,51,0.0,0.0,43.6591,-70.2568,2022,9,19,10
2022-09-19 11:00:00,205.0,7.0,198.0,11.1,14.3,82,8.0,85,1012.6,100,100,11,100,0.0,0.0,43.6591,-70.2568,2022,9,19,11
2022-09-19 12:00:00,193.0,1.0,192.0,1.4,14.6,81,9.0,92,1012.0,100,100,33,99,0.0,0.0,43.6591,-70.2568,2022,9,19,12
2022-09-19 13:00:00,392.0,50.0,342.0,67.9,15.3,78,11.4,114,1011.6,100,100,15,100,0.0,237.28,43.6591,-70.2568,2022,9,19,13
2022-09-19 14:00:00,352.0,52.0,300.0,72.7,15.1,79,13.1,106,1010.8,100,100,85,99,0.4,380.09,43.6591,-70.2568,2022,9,19,14
2022-09-19 15:00:00,261.0,35.0,226.0,54.1,14.2,87,14.3,124,1010.6,100,100,45,100,1.2,0.0,43.6591,-70.2568,2022,9,19,15
2022-09-19 16:00:00,152.0,2.0,150.0,3.7,14.2,93,9.7,121,1010.7,100,100,87,100,1.7,0.0,43.6591,-70.2568,2022,9,19,16
2022-09-19 17:00:00,55.0,1.0,54.0,2.6,14.0,93,10.0,105,1010.1,100,100,39,100,0.1,0.0,43.6591,-70.2568,2022,9,19,17
2022-09-19 18:00:00,36.0,0.0,36.0,0.0,14.1,94,10.5,106,1009.4,100,100,2,100,0.1,0.0,43.6591,-70.2568,2022,9,19,18
2022-09-19 19:00:00,6.0,0.0,6.0,0.0,14.1,95,13.1,106,1009.1,100,100,100,100,0.4,0.0,43.6591,-70.2568,2022,9,19,19
2022-09-19 20:00:00,0.0,0.0,0.0,0.0,13.1,100,14.3,65,1009.4,100,100,100,100,0.8,0.0,43.6591,-70.2568,2022,9,19,20
2022-09-19 21:00:00,0.0,0.0,0.0,0.0,13.4,100,14.3,62,1008.9,100,100,100,100,1.7,0.0,43.6591,-70.2568,2022,9,19,21
2022-09-19 22:00:00,0.0,0.0,0.0,0.0,13.7,100,12.9,60,1008.1,100,100,100,100,2.5,0.0,43.6591,-70.2568,2022,9,19,22
2022-09-19 23:00:00,0.0,0.0,0.0,0.0,14.0,100,11.4,66,1007.5,100,100,100,100,4.8,0.0,43.6591,-70.2568,2022,9,19,23
2022-09-20 00:00:00,0.0,0.0,0.0,0.0,14.1,100,12.0,46,1006.6,100,100,100,100,3.0,0.0,43.6591,-70.2568,2022,9,20,0
2022-09-20 01:00:00,0.0,0.0,0.0,0.0,13.9,100,12.1,10,1006.1,100,100,100,100,1.9,0.0,43.6591,-70.2568,2022,9,20,1
2022-09-20 02:00:00,0.0,0.0,0.0,0.0,13.4,99,14.3,350,1005.7,100,100,15,100,0.4,0.0,43.6591,-70.2568,2022,9,20,2
2022-09-20 03:00:00,0.0,0.0,0.0,0.0,13.0,98,14.8,347,1005.7,100,100,12,45,0.0,0.0,43.6591,-70.2568,2022,9,20,3
2022-09-20 04:00:00,0.0,0.0,0.0,0.0,12.7,98,15.7,351,1005.9,100,100,0,7,0.0,0.0,43.6591,-70.2568,2022,9,20,4
2022-09-20 05:00:00,0.0,0.0,0.0,0.0,12.4,97,13.7,355,1005.9,100,100,1,1,0.0,0.0,43.6591,-70.2568,2022,9,20,5
2022-09-20 06:00:00,0.0,0.0,0.0,0.0,11.9,98,12.5,342,1006.3,100,100,0,0,0.0,0.0,43.6591,-70.2568,2022,9,20,6
2022-09-20 07:00:00,8.0,1.0,7.0,15.4,11.9,97,12.4,343,1007.1,69,69,0,0,0.0,0.0,43.6591,-70.2568,2022,9,20,7
2022-09-20 08:00:00,99.0,33.0,66.0,179.1,12.5,95,11.2,2,1007.9,100,100,11,0,0.0,3573.96,43.6591,-70.2568,2022,9,20,8
2022-09-20 09:00:00,124.0,17.0,107.0,47.3,13.1,91,12.6,360,1008.3,100,100,2,0,0.0,0.0,43.6591,-70.2568,2022,9,20,9
2022-09-20 10:00:00,199.0,16.0,183.0,31.3,13.8,88,10.2,352,1008.7,100,100,1,3,0.0,0.0,43.6591,-70.2568,2022,9,20,10
2022-09-20 11:00:00,210.0,15.0,195.0,23.9,14.4,85,10.1,356,1008.5,100,100,1,11,0.0,0.0,43.6591,-70.2568,2022,9,20,11
2022-09-20 12:00:00,370.0,68.0,302.0,96.6,15.8,79,9.5,351,1008.4,100,100,24,38,0.0,1099.27,43.6591,-70.2568,2022,9,20,12
2022-09-20 13:00:00,340.0,37.0,303.0,50.6,16.3,77,9.0,2,1008.3,100,100,3,0,0.0,0.0,43.6591,-70.2568,2022,9,20,13
2022-09-20 14:00:00,382.0,72.0,310.0,101.3,17.0,74,7.2,354,1008.3,100,100,3,0,0.0,1238.86,43.6591,-70.2568,2022,9,20,14
2022-09-20 15:00:00,276.0,35.0,241.0,54.5,17.0,74,7.6,360,1008.3,100,100,0,0,0.0,0.0,43.6591,-70.2568,2022,9,20,15
2022-09-20 16:00:00,207.0,28.0,179.0,52.8,16.8,74,9.0,360,1008.4,100,100,3,0,0.0,0.0,43.6591,-70.2568,2022,9,20,16
2022-09-20 17:00:00,145.0,13.0,132.0,33.9,16.3,75,8.7,5,1008.4,80,59,1,51,0.0,0.0,43.6591,-70.2568,2022,9,20,17
2022-09-20 18:00:00,91.0,23.0,68.0,109.3,15.7,79,7.3,11,1008.7,100,19,7,100,0.0,1478.54,43.6591,-70.2568,2022,9,20,18
2022-09-20 19:00:00,11.0,0.0,11.0,0.0,14.6,84,8.5,12,1009.0,100,5,32,100,0.0,0.0,43.6591,-70.2568,2022,9,20,19
2022-09-20 20:00:00,0.0,0.0,0.0,0.0,13.7,80,10.9,9,1009.8,53,14,48,80,0.0,0.0,43.6591,-70.2568,2022,9,20,20
2022-09-20 21:00:00,0.0,0.0,0.0,0.0,12.7,85,8.7,343,1010.2,99,6,99,0,0.0,0.0,43.6591,-70.2568,2022,9,20,21
2022-09-20 22:00:00,0.0,0.0,0.0,0.0,12.4,86,9.7,338,1010.5,87,25,86,0,0.0,0.0,43.6591,-70.2568,2022,9,20,22
2022-09-20 23:00:00,0.0,0.0,0.0,0.0,12.1,87,10.0,345,1010.2,100,76,100,0,0.0,0.0,43.6591,-70.2568,2022,9,20,23
2022-09-21 00:00:00,0.0,0.0,0.0,0.0,12.3,85,9.1,342,1010.3,100,100,100,0,0.0,0.0,43.6591,-70.2568,2022,9,21,0
2022-09-21 01:00:00,0.0,0.0,0.0,0.0,12.3,84,6.6,338,1009.9,98,82,94,0,0.0,0.0,43.6591,-70.2568,2022,9,21,1
2022-09-21 02:00:00,0.0,0.0,0.0,0.0,12.3,85,7.4,337,1009.7,33,28,7,0,0.0,0.0,43.6591,-70.2568,2022,9,21,2
2022-09-21 03:00:00,0.0,0.0,0.0,0.0,11.6,89,7.7,332,1009.4,49,48,3,0,0.0,0.0,43.6591,-70.2568,2022,9,21,3
2022-09-21 04:00:00,0.0,0.0,0.0,0.0,11.6,89,8.0,324,1009.3,88,88,6,0,0.0,0.0,43.6591,-70.2568,2022,9,21,4
2022-09-21 05:00:00,0.0,0.0,0.0,0.0,12.0,89,6.4,297,1009.4,100,100,5,0,0.0,0.0,43.6591,-70.2568,2022,9,21,5
2022-09-21 06:00:00,0.0,0.0,0.0,0.0,12.4,89,4.0,280,1009.5,98,98,6,0,0.0,0.0,43.6591,-70.2568,2022,9,21,6
2022-09-21 07:00:00,6.0,0.0,6.0,0.0,12.7,89,3.2,270,1009.8,100,100,1,0,0.0,0.0,43.6591,-70.2568,2022,9,21,7
2022-09-21 08:00:00,67.0,19.0,48.0,105.2,13.1,85,3.1,306,1010.3,100,100,0,0,0.0,1355.4,43.6591,-70.2568,2022,9,21,8
2022-09-21 09:00:00,211.0,78.0,133.0,219.3,14.5,81,3.1,291,1010.3,100,100,0,0,0.0,3600.0,43.6591,-70.2568,2022,9,21,9
2022-09-21 10:00:00,315.0,118.0,197.0,232.7,16.1,75,4.6,288,1010.1,100,100,0,0,0.0,3600.0,43.6591,-70.2568,2022,9,21,10
2022-09-21 11:00:00,485.0,241.0,244.0,386.1,17.5,69,7.9,309,1009.9,100,100,0,0,0.1,3600.0,43.6591,-70.2568,2022,9,21,11
2022-09-21 12:00:00,285.0,37.0,248.0,52.9,17.4,70,6.9,298,1009.5,100,100,0,0,0.0,0.0,43.6591,-70.2568,2022,9,21,12
2022-09-21 13:00:00,406.0,118.0,288.0,162.3,18.3,67,5.2,286,1009.0,100,100,0,0,0.1,3067.81,43.6591,-70.2568,2022,9,21,13
2022-09-21 14:00:00,305.0,62.0,243.0,87.8,18.3,68,3.0,194,1007.9,100,100,0,0,0.0,834.72,43.6591,-70.2568,2022,9,21,14
2022-09-21 15:00:00,335.0,98.0,237.0,153.9,18.4,72,6.6,167,1007.3,100,100,0,0,0.0,2815.57,43.6591,-70.2568,2022,9,21,15
2022-09-21 16:00:00,302.0,102.0,200.0,194.3,17.8,79,11.5,148,1006.8,74,18,0,68,0.0,3600.0,43.6591,-70.2568,2022,9,21,16
2022-09-21 17:00:00,262.0,129.0,133.0,341.7,17.1,83,13.0,146,1006.4,94,1,0,94,0.0,3600.0,43.6591,-70.2568,2022,9,21,17
2022-09-21 18:00:00,149.0,99.0,50.0,483.4,15.7,86,10.8,165,1006.2,26,0,0,26,0.0,3600.0,43.6591,-70.2568,2022,9,21,18
2022-09-21 19:00:00,18.0,9.0,9.0,119.4,14.6,90,11.2,178,1006.2,43,0,0,43,0.0,1781.79,43.6591,-70.2568,2022,9,21,19
2022-09-21 20:00:00,0.0,0.0,0.0,0.0,13.9,96,9.8,197,1006.2,83,0,0,70,0.0,0.0,43.6591,-70.2568,2022,9,21,20
2022-09-21 21:00:00,0.0,0.0,0.0,0.0,13.9,96,10.7,200,1006.0,100,0,0,100,0.0,0.0,43.6591,-70.2568,2022,9,21,21
2022-09-21 22:00:00,0.0,0.0,0.0,0.0,14.0,96,11.9,205,1005.4,4,0,0,4,0.0,0.0,43.6591,-70.2568,2022,9,21,22
2022-09-21 23:00:00,0.0,0.0,0.0,0.0,14.1,96,12.6,200,1005.1,47,0,1,47,0.0,0.0,43.6591,-70.2568,2022,9,21,23
2022-09-22 00:00:00,0.0,0.0,0.0,0.0,14.6,97,13.1,189,1004.3,100,0,0,100,0.0,0.0,43.6591,-70.2568,2022,9,22,0
2022-09-22 01:00:00,0.0,0.0,0.0,0.0,15.1,96,13.7,194,1003.7,98,0,6,98,0.0,0.0,43.6591,-70.2568,2022,9,22,1
2022-09-22 02:00:00,0.0,0.0,0.0,0.0,15.1,97,14.2,196,1002.7,100,0,5,100,0.0,0.0,43.6591,-70.2568,2022,9,22,2
2022-09-22 03:00:00,0.0,0.0,0.0,0.0,15.1,97,14.5,199,1001.3,77,2,11,74,0.0,0.0,43.6591,-70.2568,2022,9,22,3
2022-09-22 04:00:00,0.0,0.0,0.0,0.0,15.0,97,12.6,211,1000.9,100,4,19,100,0.0,0.0,43.6591,-70.2568,2022,9,22,4
2022-09-22 05:00:00,0.0,0.0,0.0,0.0,15.1,97,14.9,200,1000.3,100,1,91,100,0.0,0.0,43.6591,-70.2568,2022,9,22,5
2022-09-22 06:00:00,0.0,0.0,0.0,0.0,15.9,96,17.8,198,999.1,100,1,91,100,0.0,0.0,43.6591,-70.2568,2022,9,22,6
2022-09-22 07:00:00,3.0,0.0,3.0,0.0,16.3,96,15.8,215,999.0,100,6,14,100,0.0,0.0,43.6591,-70.2568,2022,9,22,7
2022-09-22 08:00:00,44.0,0.0,44.0,0.0,16.6,99,13.7,198,998.2,99,14,99,100,0.0,0.0,43.6591,-70.2568,2022,9,22,8
2022-09-22 09:00:00,142.0,7.0,135.0,19.9,18.0,96,12.5,229,997.8,100,33,42,100,0.2,0.0,43.6591,-70.2568,2022,9,22,9
2022-09-22 10:00:00,112.0,1.0,111.0,2.0,18.1,100,12.7,225,997.7,100,7,100,100,3.2,0.0,43.6591,-70.2568,2022,9,22,10
2022-09-22 11:00:00,23.0,0.0,23.0,0.0,17.5,100,8.4,160,995.4,100,54,100,100,5.8,0.0,43.6591,-70.2568,2022,9,22,11
2022-09-22 12:00:00,36.0,0.0,36.0,0.0,17.5,100,8.2,157,994.2,100,0,100,100,15.2,0.0,43.6591,-70.2568,2022,9,22,12
2022-09-22 13:00:00,70.0,0.0,70.0,0.0,18.0,100,14.3,227,994.5,100,100,100,100,1.9,0.0,43.6591,-70.2568,2022,9,22,13
2022-09-22 14:00:00,90.0,0.0,90.0,0.0,17.9,100,14.3,258,993.6,100,92,100,29,4.1,0.0,43.6591,-70.2568,2022,9,22,14
2022-09-22 15:00:00,87.0,0.0,87.0,0.0,17.7,100,14.3,288,993.2,100,0,100,100,1.4,0.0,43.6591,-70.2568,2022,9,22,15
2022-09-22 16:00:00,59.0,1.0,58.0,1.9,17.3,100,8.0,288,993.3,100,0,99,100,1.5,0.0,43.6591,-70.2568,2022,9,22,16
2022-09-22 17:00:00,25.0,0.0,25.0,0.0,16.8,96,10.8,285,993.4,100,9,100,32,0.4,0.0,43.6591,-70.2568,2022,9,22,17
2022-09-22 18:00:00,45.0,5.0,40.0,25.1,16.0,94,12.1,293,993.6,73,3,13,68,0.0,0.0,43.6591,-70.2568,2022,9,22,18
2022-09-22 19:00:00,14.0,5.0,9.0,69.0,14.7,93,11.8,290,994.3,43,1,16,32,0.0,566.62,43.6591,-70.2568,2022,9,22,19
2022-09-22 20:00:00,0.0,0.0,0.0,0.0,14.1,94,14.2,297,995.8,4,0,3,0,0.0,0.0,43.6591,-70.2568,2022,9,22,20
2022-09-22 21:00:00,0.0,0.0,0.0,0.0,13.3,92,17.7,303,996.1,10,1,9,0,0.0,0.0,43.6591,-70.2568,2022,9,22,21
2022-09-22 22:00:00,0.0,0.0,0.0,0.0,12.7,90,19.6,311,996.9,6,6,0,0,0.0,0.0,43.6591,-70.2568,2022,9,22,22
2022-09-22 23:00:00,0.0,0.0,0.0,0.0,12.3,87,17.3,312,997.9,5,2,3,0,0.0,0.0,43.6591,-70.2568,2022,9,22,23
2022-09-23 00:00:00,0.0,0.0,0.0,0.0,11.9,82,18.7,322,998.9,6,6,0,0,0.0,0.0,43.6591,-70.2568,2022,9,23,0
2022-09-23 01:00:00,0.0,0.0,0.0,0.0,11.6,76,17.3,324,1000.0,16,16,1,0,0.0,0.0,43.6591,-70.2568,2022,9,23,1
2022-09-23 02:00:00,0.0,0.0,0.0,0.0,11.4,73,16.3,325,1000.9,57,57,1,0,0.0,0.0,43.6591,-70.2568,2022,9,23,2
2022-09-23 03:00:00,0.0,0.0,0.0,0.0,11.0,71,16.2,328,1001.2,62,59,7,0,0.0,0.0,43.6591,-70.2568,2022,9,23,3
2022-09-23 04:00:00,0.0,0.0,0.0,0.0,10.7,69,15.8,325,1001.6,7,7,0,0,0.0,0.0,43.6591,-70.2568,2022,9,23,4
2022-09-23 05:00:00,0.0,0.0,0.0,0.0,10.3,68,15.6,326,1002.5,25,15,12,0,0.0,0.0,43.6591,-70.2568,2022,9,23,5
2022-09-23 06:00:00,0.0,0.0,0.0,0.0,10.2,67,15.3,317,1003.5,54,42,24,0,0.0,0.0,43.6591,-70.2568,2022,9,23,6
2022-09-23 07:00:00,7.0,2.0,5.0,33.6,10.1,68,15.8,315,1004.4,63,52,34,0,0.0,0.0,43.6591,-70.2568,2022,9,23,7
2022-09-23 08:00:00,102.0,48.0,54.0,276.8,10.4,67,18.7,326,1004.1,60,20,29,0,0.0,3600.0,43.6591,-70.2568,2022,9,23,8
2022-09-23 09:00:00,259.0,160.0,99.0,459.4,11.0,65,19.8,323,1003.8,20,18,3,0,0.0,3600.0,43.6591,-70.2568,2022,9,23,9
2022-09-23 10:00:00,466.0,380.0,86.0,761.1,12.4,60,26.8,329,1003.6,33,32,2,0,0.0,3600.0,43.6591,-70.2568,2022,9,23,10
2022-09-23 11:00:00,554.0,394.0,160.0,639.6,12.9,58,26.8,329,1003.9,25,24,0,0,0.0,3600.0,43.6591,-70.2568,2022,9,23,11
2022-09-23 12:00:00,638.0,480.0,158.0,695.0,13.5,55,26.9,332,1004.0,46,45,3,0,0.0,3600.0,43.6591,-70.2568,2022,9,23,12
2022-09-23 13:00:00,676.0,536.0,140.0,746.6,13.9,54,24.7,329,1003.7,5,5,0,0,0.0,3600.0,43.6591,-70.2568,2022,9,23,13
2022-09-23 14:00:00,645.0,471.0,174.0,676.6,14.4,52,25.5,327,1003.4,44,43,3,0,0.0,3600.0,43.6591,-70.2568,2022,9,23,14
2022-09-23 15:00:00,531.0,369.0,162.0,588.9,13.4,55,29.4,327,1002.9,71,71,0,0,0.0,3600.0,43.6591,-70.2568,2022,9,23,15
2022-09-23 16:00:00,459.0,336.0,123.0,653.5,12.6,57,28.6,329,1003.2,31,31,0,0,0.0,3600.0,43.6591,-70.2568,2022,9,23,16
2022-09-23 17:00:00,279.0,183.0,96.0,499.5,11.8,58,28.5,328,1003.5,17,17,0,0,0.0,3600.0,43.6591,-70.2568,2022,9,23,17
2022-09-23 18:00:00,135.0,84.0,51.0,434.4,11.3,59,24.9,329,1004.0,6,6,0,0,0.0,3600.0,43.6591,-70.2568,2022,9,23,18
2022-09-23 19:00:00,14.0,6.0,8.0,86.2,10.7,60,24.2,327,1004.8,68,68,0,0,0.0,939.39,43.6591,-70.2568,2022,9,23,19
2022-09-23 20:00:00,0.0,0.0,0.0,0.0,9.9,61,26.8,318,1004.3,7,28,0,0,0.0,0.0,43.6591,-70.2568,2022,9,23,20
2022-09-23 21:00:00,0.0,0.0,0.0,0.0,10.0,61,25.7,317,1004.3,21,21,0,0,0.0,0.0,43.6591,-70.2568,2022,9,23,21
2022-09-23 22:00:00,0.0,0.0,0.0,0.0,10.4,60,27.3,318,1004.1,65,14,0,59,0.0,0.0,43.6591,-70.2568,2022,9,23,22
2022-09-23 23:00:00,0.0,0.0,0.0,0.0,10.5,57,27.0,315,1003.9,100,1,0,100,0.0,0.0,43.6591,-70.2568,2022,9,23,23
2022-09-24 00:00:00,0.0,0.0,0.0,0.0,10.6,54,26.3,311,1003.3,100,2,0,100,0.0,0.0,43.6591,-70.2568,2022,9,24,0
2022-09-24 01:00:00,0.0,0.0,0.0,0.0,10.3,55,25.1,309,1002.8,100,0,0,100,0.0,0.0,43.6591,-70.2568,2022,9,24,1
2022-09-24 02:00:00,0.0,0.0,0.0,0.0,10.0,55,23.6,309,1002.6,100,1,0,100,0.0,0.0,43.6591,-70.2568,2022,9,24,2
2022-09-24 03:00:00,0.0,0.0,0.0,0.0,9.7,55,22.7,311,1002.7,100,0,0,100,0.0,0.0,43.6591,-70.2568,2022,9,24,3
2022-09-24 04:00:00,0.0,0.0,0.0,0.0,9.3,57,17.2,303,1003.4,100,1,0,100,0.0,0.0,43.6591,-70.2568,2022,9,24,4
2022-09-24 05:00:00,0.0,0.0,0.0,0.0,9.0,58,15.7,290,1003.4,100,2,0,100,0.0,0.0,43.6591,-70.2568,2022,9,24,5
2022-09-24 06:00:00,0.0,0.0,0.0,0.0,8.9,59,13.9,287,1004.0,100,3,0,100,0.0,0.0,43.6591,-70.2568,2022,9,24,6
2022-09-24 07:00:00,6.0,0.0,6.0,0.0,9.0,60,15.7,290,1004.1,100,4,0,100,0.0,0.0,43.6591,-70.2568,2022,9,24,7
2022-09-24 08:00:00,109.0,49.0,60.0,288.6,9.7,59,15.5,288,1004.4,100,0,0,100,0.0,3600.0,43.6591,-70.2568,2022,9,24,8
2022-09-24 09:00:00,294.0,212.0,82.0,615.3,11.3,56,17.1,285,1004.4,95,0,0,95,0.0,3600.0,43.6591,-70.2568,2022,9,24,9
2022-09-24 10:00:00,474.0,396.0,78.0,799.5,13.0,52,23.9,301,1004.8,77,15,0,72,0.0,3600.0,43.6591,-70.2568,2022,9,24,10
2022-09-24 11:00:00,596.0,487.0,109.0,795.9,14.4,50,26.3,303,1005.0,19,7,0,13,0.0,3600.0,43.6591,-70.2568,2022,9,24,11
2022-09-24 12:00:00,693.0,599.0,94.0,872.9,15.6,48,25.9,299,1004.9,2,2,0,0,0.0,3600.0,43.6591,-70.2568,2022,9,24,12
2022-09-24 13:00:00,729.0,641.0,88.0,898.7,16.3,48,27.2,294,1004.8,0,0,0,0,0.0,3600.0,43.6591,-70.2568,2022,9,24,13
2022-09-24 14:00:00,704.0,617.0,87.0,892.8,17.1,45,26.4,290,1004.1,1,1,0,0,0.0,3600.0,43.6591,-70.2568,2022,9,24,14
2022-09-24 15:00:00,622.0,539.0,83.0,867.5,17.8,43,24.4,292,1003.7,0,0,0,0,0.0,3600.0,43.6591,-70.2568,2022,9,24,15
2022-09-24 16:00:00,493.0,418.0,75.0,821.8,17.8,43,22.9,292,1003.3,1,1,0,0,0.0,3600.0,43.6591,-70.2568,2022,9,24,16
2022-09-24 17:00:00,325.0,262.0,63.0,726.4,17.2,48,18.0,290,1003.2,1,1,0,0,0.0,3600.0,43.6591,-70.2568,2022,9,24,17
2022-09-24 18:00:00,144.0,102.0,42.0,543.7,15.7,53,15.3,285,1003.6,0,0,0,0,0.0,3600.0,43.6591,-70.2568,2022,9,24,18
2022-09-24 19:00:00,13.0,7.0,6.0,105.0,13.9,59,12.7,278,1004.0,0,0,0,0,0.0,1312.61,43.6591,-70.2568,2022,9,24,19
2022-09-24 20:00:00,0.0,0.0,0.0,0.0,12.5,66,12.7,263,1004.9,0,0,0,0,0.0,0.0,43.6591,-70.2568,2022,9,24,20
2022-09-24 21:00:00,0.0,0.0,0.0,0.0,11.6,69,11.6,263,1005.4,0,0,0,0,0.0,0.0,43.6591,-70.2568,2022,9,24,21
2022-09-24 22:00:00,0.0,0.0,0.0,0.0,11.1,70,12.0,263,1005.8,0,0,0,0,0.0,0.0,43.6591,-70.2568,2022,9,24,22
2022-09-24 23:00:00,0.0,0.0,0.0,0.0,10.6,71,10.7,258,1006.0,0,0,0,0,0.0,0.0,43.6591,-70.2568,2022,9,24,23
2022-09-25 00:00:00,0.0,0.0,0.0,0.0,10.1,75,9.9,251,1006.0,0,0,0,0,0.0,0.0,43.6591,-70.2568,2022,9,25,0
2022-09-25 01:00:00,0.0,0.0,0.0,0.0,9.5,79,11.5,250,1005.9,0,0,0,0,0.0,0.0,43.6591,-70.2568,2022,9,25,1
2022-09-25 02:00:00,0.0,0.0,0.0,0.0,9.3,81,11.1,257,1006.0,0,0,0,0,0.0,0.0,43.6591,-70.2568,2022,9,25,2
2022-09-25 03:00:00,0.0,0.0,0.0,0.0,9.1,84,10.7,258,1005.4,0,0,0,0,0.0,0.0,43.6591,-70.2568,2022,9,25,3
2022-09-25 04:00:00,0.0,0.0,0.0,0.0,8.9,85,10.5,264,1005.3,0,0,0,0,0.0,0.0,43.6591,-70.2568,2022,9,25,4
2022-09-25 05:00:00,0.0,0.0,0.0,0.0,8.6,87,9.7,266,1005.2,15,0,0,15,0.0,0.0,43.6591,-70.2568,2022,9,25,5
2022-09-25 06:00:00,0.0,0.0,0.0,0.0,8.4,87,9.5,261,1004.9,11,0,6,5,0.0,0.0,43.6591,-70.2568,2022,9,25,6
2022-09-25 07:00:00,7.0,3.0,4.0,53.7,8.6,86,9.1,263,1004.8,60,0,57,7,0.0,248.72,43.6591,-70.2568,2022,9,25,7
2022-09-25 08:00:00,104.0,53.0,51.0,319.0,10.0,86,8.3,252,1005.0,2,0,5,0,0.0,3600.0,43.6591,-70.2568,2022,9,25,8
2022-09-25 09:00:00,295.0,230.0,65.0,675.0,13.0,79,4.0,243,1004.7,9,0,2,7,0.0,3600.0,43.6591,-70.2568,2022,9,25,9
2022-09-25 10:00:00,464.0,388.0,76.0,789.6,15.8,68,5.7,215,1004.5,83,0,4,82,0.0,3600.0,43.6591,-70.2568,2022,9,25,10
2022-09-25 11:00:00,510.0,320.0,190.0,526.6,17.1,60,9.0,196,1003.9,66,0,0,66,0.0,3600.0,43.6591,-70.2568,2022,9,25,11
2022-09-25 12:00:00,656.0,524.0,132.0,768.6,18.2,55,10.5,188,1003.3,99,0,1,99,0.0,3600.0,43.6591,-70.2568,2022,9,25,12
2022-09-25 13:00:00,665.0,497.0,168.0,701.5,18.7,57,11.2,182,1002.5,100,0,3,100,0.0,3600.0,43.6591,-70.2568,2022,9,25,13
2022-09-25 14:00:00,535.0,264.0,271.0,384.8,18.0,68,14.4,167,1001.9,100,0,95,100,0.0,3600.0,43.6591,-70.2568,2022,9,25,14
2022-09-25 15:00:00,414.0,127.0,287.0,206.2,17.4,71,15.9,176,1001.7,100,80,100,100,0.0,3600.0,43.6591,-70.2568,2022,9,25,15
2022-09-25 16:00:00,260.0,46.0,214.0,91.4,16.7,73,14.4,181,1001.3,100,0,100,100,0.0,942.98,43.6591,-70.2568,2022,9,25,16
2022-09-25 17:00:00,112.0,9.0,103.0,25.4,16.2,72,15.0,191,1000.8,100,0,100,100,0.0,0.0,43.6591,-70.2568,2022,9,25,17
2022-09-25 18:00:00,31.0,0.0,31.0,0.0,15.0,78,10.4,180,1000.8,100,0,100,99,0.1,0.0,43.6591,-70.2568,2022,9,25,18
2022-09-25 19:00:00,2.0,0.0,2.0,0.0,14.4,89,10.2,162,1000.4,100,10,100,100,0.6,0.0,43.6591,-70.2568,2022,9,25,19
2022-09-25 20:00:00,0.0,0.0,0.0,0.0,14.6,94,14.3,170,1000.1,75,38,64,5,0.2,0.0,43.6591,-70.2568,2022,9,25,20
2022-09-25 21:00:00,0.0,0.0,0.0,0.0,14.8,95,16.2,176,999.2,69,31,39,32,0.1,0.0,43.6591,-70.2568,2022,9,25,21
2022-09-25 22:00:00,0.0,0.0,0.0,0.0,15.1,97,18.2,188,998.3,79,36,11,62,0.3,0.0,43.6591,-70.2568,2022,9,25,22
2022-09-25 23:00:00,0.0,0.0,0.0,0.0,15.0,97,11.2,213,998.3,59,9,7,52,0.0,0.0,43.6591,-70.2568,2022,9,25,23
2022-09-26 00:00:00,0.0,0.0,0.0,0.0,14.7,98,12.2,214,997.5,96,26,3,95,0.0,0.0,43.6591,-70.2568,2022,9,26,0
2022-09-26 01:00:00,0.0,0.0,0.0,0.0,14.7,98,13.2,215,997.7,69,56,0,29,0.0,0.0,43.6591,-70.2568,2022,9,26,1
2022-09-26 02:00:00,0.0,0.0,0.0,0.0,14.7,98,11.7,225,997.7,88,87,0,5,0.0,0.0,43.6591,-70.2568,2022,9,26,2
2022-09-26 03:00:00,0.0,0.0,0.0,0.0,14.6,98,9.4,223,997.4,4,3,1,0,0.0,0.0,43.6591,-70.2568,2022,9,26,3
2022-09-26 04:00:00,0.0,0.0,0.0,0.0,13.9,98,9.4,187,997.4,12,1,11,0,0.0,0.0,43.6591,-70.2568,2022,9,26,4
2022-09-26 05:00:00,0.0,0.0,0.0,0.0,13.5,99,9.0,196,997.1,19,3,17,0,0.0,0.0,43.6591,-70.2568,2022,9,26,5
2022-09-26 06:00:00,0.0,0.0,0.0,0.0,13.4,99,10.8,206,997.3,20,20,3,0,0.0,0.0,43.6591,-70.2568,2022,9,26,6
2022-09-26 07:00:00,6.0,2.0,4.0,37.0,13.3,99,11.3,217,998.1,15,15,0,0,0.0,0.0,43.6591,-70.2568,2022,9,26,7
2022-09-26 08:00:00,109.0,66.0,43.0,406.3,14.4,98,5.8,240,998.2,45,54,33,0,0.0,3600.0,43.6591,-70.2568,2022,9,26,8
2022-09-26 09:00:00,189.0,95.0,94.0,281.9,15.9,91,12.1,240,998.9,70,70,1,0,0.0,3600.0,43.6591,-70.2568,2022,9,26,9
2022-09-26 10:00:00,422.0,303.0,119.0,621.7,17.8,84,12.4,248,998.7,28,28,0,0,0.0,3600.0,43.6591,-70.2568,2022,9,26,10
2022-09-26 11:00:00,540.0,406.0,134.0,672.8,19.3,72,13.3,237,999.3,10,10,2,0,0.0,3600.0,43.6591,-70.2568,2022,9,26,11
2022-09-26 12:00:00,647.0,546.0,101.0,806.3,20.4,61,15.8,229,999.5,18,13,10,0,0.1,3600.0,43.6591,-70.2568,2022,9,26,12
2022-09-26 13:00:00,653.0,544.0,109.0,773.1,21.1,56,16.9,220,999.5,28,17,17,0,0.1,3600.0,43.6591,-70.2568,2022,9,26,13
2022-09-26 14:00:00,600.0,472.0,128.0,693.1,21.4,54,15.6,203,999.0,52,50,6,0,0.0,3600.0,43.6591,-70.2568,2022,9,26,14
2022-09-26 15:00:00,473.0,298.0,175.0,488.0,20.6,65,16.0,189,999.5,38,28,26,0,0.0,3600.0,43.6591,-70.2568,2022,9,26,15
2022-09-26 16:00:00,387.0,280.0,107.0,562.8,19.7,76,14.5,173,999.5,17,5,12,0,0.0,3600.0,43.6591,-70.2568,2022,9,26,16
2022-09-26 17:00:00,281.0,210.0,71.0,601.2,18.9,80,13.0,175,999.4,43,0,8,38,0.0,3600.0,43.6591,-70.2568,2022,9,26,17
2022-09-26 18:00:00,114.0,66.0,48.0,375.0,17.8,79,14.6,189,999.5,82,0,6,81,0.0,3600.0,43.6591,-70.2568,2022,9,26,18
2022-09-26 19:00:00,9.0,3.0,6.0,49.3,17.3,78,15.1,192,1000.2,90,0,0,90,0.0,153.31,43.6591,-70.2568,2022,9,26,19
2022-09-26 20:00:00,0.0,0.0,0.0,0.0,17.5,74,19.6,206,1001.4,1,0,50,12,0.0,0.0,43.6591,-70.2568,2022,9,26,20
2022-09-26 21:00:00,0.0,0.0,0.0,0.0,17.0,73,15.0,228,1002.3,29,11,24,0,0.0,0.0,43.6591,-70.2568,2022,9,26,21
2022-09-26 22:00:00,0.0,0.0,0.0,0.0,16.4,74,14.8,229,1003.0,8,0,8,0,0.0,0.0,43.6591,-70.2568,2022,9,26,22
2022-09-26 23:00:00,0.0,0.0,0.0,0.0,15.1,79,14.6,218,1003.6,18,0,5,14,0.0,0.0,43.6591,-70.2568,2022,9,26,23
2022-09-27 00:00:00,0.0,0.0,0.0,0.0,14.3,83,13.3,221,1003.9,99,0,2,99,0.0,0.0,43.6591,-70.2568,2022,9,27,0
2022-09-27 01:00:00,0.0,0.0,0.0,0.0,13.7,85,12.8,220,1004.1,95,0,8,95,0.0,0.0,43.6591,-70.2568,2022,9,27,1
2022-09-27 02:00:00,0.0,0.0,0.0,0.0,13.4,88,13.4,216,1004.4,99,0,0,99,0.0,0.0,43.6591,-70.2568,2022,9,27,2
2022-09-27 03:00:00,0.0,0.0,0.0,0.0,12.9,91,12.6,217,1004.2,48,0,0,48,0.0,0.0,43.6591,-70.2568,2022,9,27,3
2022-09-27 04:00:00,0.0,0.0,0.0,0.0,12.7,93,12.0,221,1004.1,97,0,1,97,0.0,0.0,43.6591,-70.2568,2022,9,27,4
2022-09-27 05:00:00,0.0,0.0,0.0,0.0,12.7,93,11.0,218,1004.3,100,0,41,100,0.0,0.0,43.6591,-70.2568,2022,9,27,5
2022-09-27 06:00:00,0.0,0.0,0.0,0.0,12.8,93,10.2,219,1004.4,100,0,100,100,0.0,0.0,43.6591,-70.2568,2022,9,27,6
2022-09-27 07:00:00,2.0,0.0,2.0,0.0,13.3,90,8.9,194,1005.0,100,0,100,100,0.0,0.0,43.6591,-70.2568,2022,9,27,7
2022-09-27 08:00:00,48.0,0.0,48.0,0.0,14.4,93,9.7,184,1005.1,100,0,99,100,0.0,0.0,43.6591,-70.2568,2022,9,27,8
2022-09-27 09:00:00,178.0,33.0,145.0,99.1,16.1,89,9.3,196,1005.5,100,0,90,100,0.0,1171.89,43.6591,-70.2568,2022,9,27,9
2022-09-27 10:00:00,266.0,53.0,213.0,109.7,17.3,81,9.8,197,1005.8,100,0,18,100,0.0,1489.64,43.6591,-70.2568,2022,9,27,10
2022-09-27 11:00:00,415.0,162.0,253.0,270.4,18.5,65,12.3,201,1005.8,100,0,8,100,0.0,3600.0,43.6591,-70.2568,2022,9,27,11
2022-09-27 12:00:00,488.0,185.0,303.0,275.0,19.3,54,12.8,202,1005.6,35,0,35,0,0.0,3600.0,43.6591,-70.2568,2022,9,27,12
2022-09-27 13:00:00,689.0,573.0,116.0,820.0,20.6,47,17.8,201,1004.9,23,0,23,0,0.0,3600.0,43.6591,-70.2568,2022,9,27,13
2022-09-27 14:00:00,661.0,559.0,102.0,827.1,20.6,46,19.6,197,1004.3,36,0,36,3,0.0,3600.0,43.6591,-70.2568,2022,9,27,14
2022-09-27 15:00:00,523.0,406.0,117.0,670.8,20.4,48,18.5,193,1004.1,25,0,25,1,0.0,3600.0,43.6591,-70.2568,2022,9,27,15
2022-09-27 16:00:00,449.0,369.0,80.0,750.1,19.8,59,15.5,184,1003.9,28,0,20,19,0.0,3600.0,43.6591,-70.2568,2022,9,27,16
2022-09-27 17:00:00,281.0,211.0,70.0,614.2,18.9,73,11.9,185,1004.0,12,0,12,0,0.0,3600.0,43.6591,-70.2568,2022,9,27,17
2022-09-27 18:00:00,118.0,78.0,40.0,458.3,17.4,77,9.3,208,1004.4,5,0,5,0,0.0,3600.0,43.6591,-70.2568,2022,9,27,18
2022-09-27 19:00:00,8.0,3.0,5.0,51.8,15.7,76,9.1,236,1005.1,2,0,2,0,0.0,209.15,43.6591,-70.2568,2022,9,27,19
2022-09-27 20:00:00,0.0,0.0,0.0,0.0,15.2,70,9.8,234,1006.0,5,0,2,0,0.0,0.0,43.6591,-70.2568,2022,9,27,20
2022-09-27 21:00:00,0.0,0.0,0.0,0.0,14.2,71,11.8,258,1006.8,0,0,0,0,0.0,0.0,43.6591,-70.2568,2022,9,27,21
2022-09-27 22:00:00,0.0,0.0,0.0,0.0,13.6,75,11.3,263,1007.1,0,0,0,0,0.0,0.0,43.6591,-70.2568,2022,9,27,22
2022-09-27 23:00:00,0.0,0.0,0.0,0.0,13.0,80,10.8,268,1007.4,0,0,0,0,0.0,0.0,43.6591,-70.2568,2022,9,27,23
2022-09-28 00:00:00,0.0,0.0,0.0,0.0,12.4,83,10.5,264,1007.9,0,0,0,0,0.0,0.0,43.6591,-70.2568,2022,9,28,0
2022-09-28 01:00:00,0.0,0.0,0.0,0.0,11.8,87,10.6,260,1008.0,0,0,0,0,0.0,0.0,43.6591,-70.2568,2022,9,28,1
2022-09-28 02:00:00,0.0,0.0,0.0,0.0,11.4,89,10.4,250,1008.3,1,0,1,0,0.0,0.0,43.6591,-70.2568,2022,9,28,2
2022-09-28 03:00:00,0.0,0.0,0.0,0.0,11.1,92,11.1,245,1008.4,9,0,9,0,0.0,0.0,43.6591,-70.2568,2022,9,28,3
2022-09-28 04:00:00,0.0,0.0,0.0,0.0,11.1,91,11.7,252,1008.7,21,0,21,0,0.0,0.0,43.6591,-70.2568,2022,9,28,4
2022-09-28 05:00:00,0.0,0.0,0.0,0.0,11.1,90,11.9,256,1009.1,28,0,28,0,0.0,0.0,43.6591,-70.2568,2022,9,28,5
2022-09-28 06:00:00,0.0,0.0,0.0,0.0,11.1,91,11.7,261,1009.2,6,0,6,0,0.0,0.0,43.6591,-70.2568,2022,9,28,6
2022-09-28 07:00:00,5.0,2.0,3.0,38.2,11.0,92,11.2,270,1009.6,0,0,0,0,0.0,35.6,43.6591,-70.2568,2022,9,28,7
2022-09-28 08:00:00,108.0,70.0,38.0,451.5,12.8,89,7.6,273,1010.2,0,0,1,0,0.0,3600.0,43.6591,-70.2568,2022,9,28,8
2022-09-28 09:00:00,280.0,216.0,64.0,656.0,14.9,80,7.5,287,1010.7,0,0,0,0,0.0,3600.0,43.6591,-70.2568,2022,9,28,9
2022-09-28 10:00:00,444.0,367.0,77.0,765.7,16.8,70,6.3,301,1011.2,0,0,0,0,0.0,3600.0,43.6591,-70.2568,2022,9,28,10
2022-09-28 11:00:00,566.0,479.0,87.0,805.3,18.0,60,4.7,279,1011.5,22,16,11,0,0.0,3600.0,43.6591,-70.2568,2022,9,28,11
2022-09-28 12:00:00,590.0,482.0,108.0,721.5,18.8,55,6.4,286,1011.7,42,35,16,0,0.0,3600.0,43.6591,-70.2568,2022,9,28,12
2022-09-28 13:00:00,578.0,451.0,127.0,649.9,19.3,52,7.3,279,1012.1,33,23,24,0,0.0,3600.0,43.6591,-70.2568,2022,9,28,13
2022-09-28 14:00:00,556.0,432.0,124.0,644.1,19.6,51,8.9,284,1012.2,55,52,19,0,0.0,3600.0,43.6591,-70.2568,2022,9,28,14
2022-09-28 15:00:00,478.0,339.0,139.0,565.1,19.9,50,9.1,288,1012.3,38,25,24,0,0.0,3600.0,43.6591,-70.2568,2022,9,28,15
2022-09-28 16:00:00,375.0,265.0,110.0,544.9,19.8,50,9.0,299,1012.5,25,3,23,0,0.0,3600.0,43.6591,-70.2568,2022,9,28,16
2022-09-28 17:00:00,258.0,186.0,72.0,550.6,19.1,57,8.4,313,1013.1,34,5,33,0,0.0,3600.0,43.6591,-70.2568,2022,9,28,17
2022-09-28 18:00:00,90.0,51.0,39.0,310.3,17.1,66,10.3,331,1013.9,33,0,32,0,0.0,3600.0,43.6591,-70.2568,2022,9,28,18
2022-09-28 19:00:00,6.0,2.0,4.0,36.4,15.7,70,11.4,332,1015.1,6,3,3,0,0.0,0.0,43.6591,-70.2568,2022,9,28,19
2022-09-28 20:00:00,0.0,0.0,0.0,0.0,15.4,70,13.0,312,1016.3,6,0,0,0,0.0,0.0,43.6591,-70.2568,2022,9,28,20
2022-09-28 21:00:00,0.0,0.0,0.0,0.0,14.3,74,12.7,315,1017.3,4,0,4,0,0.0,0.0,43.6591,-70.2568,2022,9,28,21
2022-09-28 22:00:00,0.0,0.0,0.0,0.0,13.6,78,11.5,311,1017.9,6,0,6,0,0.0,0.0,43.6591,-70.2568,2022,9,28,22
2022-09-28 23:00:00,0.0,0.0,0.0,0.0,12.7,84,11.3,307,1018.7,21,2,20,0,0.0,0.0,43.6591,-70.2568,2022,9,28,23
2022-09-29 00:00:00,0.0,0.0,0.0,0.0,12.4,86,12.3,308,1019.0,16,0,16,0,0.0,0.0,43.6591,-70.2568,2022,9,29,0
2022-09-29 01:00:00,0.0,0.0,0.0,0.0,12.3,85,14.0,314,1019.2,6,0,6,0,0.0,0.0,43.6591,-70.2568,2022,9,29,1
2022-09-29 02:00:00,0.0,0.0,0.0,0.0,12.2,84,14.9,323,1019.3,0,0,0,0,0.0,0.0,43.6591,-70.2568,2022,9,29,2
2022-09-29 03:00:00,0.0,0.0,0.0,0.0,12.1,83,15.3,326,1019.2,1,0,1,0,0.0,0.0,43.6591,-70.2568,2022,9,29,3
2022-09-29 04:00:00,0.0,0.0,0.0,0.0,11.8,81,14.5,330,1019.4,1,1,1,0,0.0,0.0,43.6591,-70.2568,2022,9,29,4
2022-09-29 05:00:00,0.0,0.0,0.0,0.0,11.4,80,14.7,335,1020.0,3,0,3,0,0.0,0.0,43.6591,-70.2568,2022,9,29,5
2022-09-29 06:00:00,0.0,0.0,0.0,0.0,11.0,79,14.4,338,1020.7,7,1,7,0,0.0,0.0,43.6591,-70.2568,2022,9,29,6
2022-09-29 07:00:00,4.0,1.0,3.0,19.1,10.6,78,12.6,340,1021.4,14,8,13,0,0.0,0.0,43.6591,-70.2568,2022,9,29,7
2022-09-29 08:00:00,102.0,63.0,39.0,416.3,12.3,73,14.8,337,1022.3,19,0,2,0,0.0,3600.0,43.6591,-70.2568,2022,9,29,8
2022-09-29 09:00:00,280.0,217.0,63.0,666.9,13.0,67,16.4,341,1022.9,6,3,4,0,0.0,3600.0,43.6591,-70.2568,2022,9,29,9
2022-09-29 10:00:00,444.0,365.0,79.0,768.1,14.0,61,15.8,339,1023.5,9,4,8,0,0.0,3600.0,43.6591,-70.2568,2022,9,29,10
2022-09-29 11:00:00,579.0,491.0,88.0,831.5,15.0,58,15.0,336,1023.7,12,6,12,0,0.0,3600.0,43.6591,-70.2568,2022,9,29,11
2022-09-29 12:00:00,662.0,564.0,98.0,850.2,15.8,55,14.2,333,1023.6,16,15,14,0,0.0,3600.0,43.6591,-70.2568,2022,9,29,12
2022-09-29 13:00:00,672.0,558.0,114.0,809.9,16.4,52,13.7,325,1023.4,46,46,0,0,0.0,3600.0,43.6591,-70.2568,2022,9,29,13
2022-09-29 14:00:00,540.0,379.0,161.0,569.5,16.3,51,12.5,327,1022.8,32,32,0,0,0.0,3600.0,43.6591,-70.2568,2022,9,29,14
2022-09-29 15:00:00,509.0,339.0,170.0,570.3,16.5,50,12.8,328,1022.6,34,34,0,0,0.0,3600.0,43.6591,-70.2568,2022,9,29,15
2022-09-29 16:00:00,421.0,313.0,108.0,651.1,16.1,49,13.5,335,1022.6,8,8,0,0,0.0,3600.0,43.6591,-70.2568,2022,9,29,16
2022-09-29 17:00:00,275.0,194.0,81.0,584.3,15.1,52,11.4,336,1022.9,1,1,0,0,0.0,3600.0,43.6591,-70.2568,2022,9,29,17
2022-09-29 18:00:00,115.0,75.0,40.0,473.0,13.4,60,11.5,340,1023.4,2,2,1,0,0.0,3600.0,43.6591,-70.2568,2022,9,29,18
2022-09-29 19:00:00,6.0,2.0,4.0,38.2,11.5,64,12.0,351,1023.7,0,0,0,0,0.0,2.53,43.6591,-70.2568,2022,9,29,19
2022-09-29 20:00:00,0.0,0.0,0.0,0.0,11.3,67,13.6,349,1024.2,0,0,0,0,0.0,0.0,43.6591,-70.2568,2022,9,29,20
2022-09-29 21:00:00,0.0,0.0,0.0,0.0,10.1,70,12.2,341,1024.6,0,0,0,0,0.0,0.0,43.6591,-70.2568,2022,9,29,21
2022-09-29 22:00:00,0.0,0.0,0.0,0.0,9.5,72,12.0,344,1024.8,0,0,0,0,0.0,0.0,43.6591,-70.2568,2022,9,29,22
2022-09-29 23:00:00,0.0,0.0,0.0,0.0,9.1,72,12.6,347,1025.0,0,0,0,0,0.0,0.0,43.6591,-70.2568,2022,9,29,23
2022-09-30 00:00:00,0.0,0.0,0.0,0.0,8.6,74,10.9,352,1025.3,0,0,0,0,0.0,0.0,43.6591,-70.2568,2022,9,30,0
2022-09-30 01:00:00,0.0,0.0,0.0,0.0,8.1,77,11.2,356,1025.2,20,0,0,20,0.0,0.0,43.6591,-70.2568,2022,9,30,1
2022-09-30 02:00:00,0.0,0.0,0.0,0.0,7.6,79,11.5,356,1025.0,0,0,0,0,0.0,0.0,43.6591,-70.2568,2022,9,30,2
2022-09-30 03:00:00,0.0,0.0,0.0,0.0,7.3,81,10.5,356,1025.0,0,0,0,0,0.0,0.0,43.6591,-70.2568,2022,9,30,3
2022-09-30 04:00:00,0.0,0.0,0.0,0.0,6.9,84,10.1,358,1024.7,0,0,0,0,0.0,0.0,43.6591,-70.2568,2022,9,30,4
2022-09-30 05:00:00,0.0,0.0,0.0,0.0,6.7,86,9.4,356,1024.8,0,0,0,0,0.0,0.0,43.6591,-70.2568,2022,9,30,5
2022-09-30 06:00:00,0.0,0.0,0.0,0.0,6.5,87,9.5,351,1024.8,0,0,0,0,0.0,0.0,43.6591,-70.2568,2022,9,30,6
2022-09-30 07:00:00,4.0,1.0,3.0,19.1,6.6,87,8.3,342,1025.3,0,0,0,0,0.0,0.0,43.6591,-70.2568,2022,9,30,7
2022-09-30 08:00:00,105.0,69.0,36.0,467.5,8.0,85,7.2,333,1025.9,0,0,0,13,0.0,3600.0,43.6591,-70.2568,2022,9,30,8
2022-09-30 09:00:00,281.0,220.0,61.0,684.3,10.4,71,5.9,349,1025.7,100,0,0,100,0.0,3600.0,43.6591,-70.2568,2022,9,30,9
2022-09-30 10:00:00,440.0,350.0,90.0,743.0,12.3,59,5.0,360,1025.5,100,0,0,100,0.0,3600.0,43.6591,-70.2568,2022,9,30,10
2022-09-30 11:00:00,560.0,434.0,126.0,740.5,13.5,54,2.5,8,1025.1,100,0,0,100,0.0,3600.0,43.6591,-70.2568,2022,9,30,11
2022-09-30 12:00:00,629.0,471.0,158.0,715.0,14.5,52,1.1,72,1024.2,100,0,0,100,0.0,3600.0,43.6591,-70.2568,2022,9,30,12
2022-09-30 13:00:00,652.0,468.0,184.0,684.2,15.1,52,2.3,108,1023.2,100,0,0,100,0.0,3600.0,43.6591,-70.2568,2022,9,30,13
2022-09-30 14:00:00,626.0,453.0,173.0,686.1,15.3,52,5.4,138,1022.4,100,0,0,100,0.0,3600.0,43.6591,-70.2568,2022,9,30,14
2022-09-30 15:00:00,560.0,431.0,129.0,731.8,15.3,55,5.6,130,1021.3,100,0,0,100,0.0,3600.0,43.6591,-70.2568,2022,9,30,15
2022-09-30 16:00:00,430.0,316.0,114.0,665.2,14.7,61,7.7,143,1021.1,100,0,0,100,0.0,3600.0,43.6591,-70.2568,2022,9,30,16
2022-09-30 17:00:00,275.0,194.0,81.0,594.6,13.5,66,9.5,155,1020.6,100,0,0,100,0.0,3600.0,43.6591,-70.2568,2022,9,30,17
2022-09-30 18:00:00,103.0,56.0,47.0,366.6,11.7,73,8.6,178,1020.1,100,0,0,100,0.0,3600.0,43.6591,-70.2568,2022,9,30,18
2022-09-30 19:00:00,4.0,0.0,4.0,0.0,10.9,78,10.1,197,1020.0,100,0,0,100,0.0,0.0,43.6591,-70.2568,2022,9,30,19
2022-09-30 20:00:00,0.0,0.0,0.0,0.0,9.9,85,9.2,222,1020.1,100,0,0,100,0.0,0.0,43.6591,-70.2568,2022,9,30,20
2022-09-30 21:00:00,0.0,0.0,0.0,0.0,9.5,88,8.4,239,1019.8,100,0,0,100,0.0,0.0,43.6591,-70.2568,2022,9,30,21
2022-09-30 22:00:00,0.0,0.0,0.0,0.0,9.1,88,9.2,244,1019.9,100,0,0,100,0.0,0.0,43.6591,-70.2568,2022,9,30,22
2022-09-30 23:00:00,0.0,0.0,0.0,0.0,8.7,89,8.6,248,1019.5,100,0,0,100,0.0,0.0,43.6591,-70.2568,2022,9,30,23
2022-10-01 00:00:00,0.0,0.0,0.0,0.0,8.1,91,9.3,254,1019.3,100,0,0,100,0.0,0.0,43.6591,-70.2568,2022,10,1,0
2022-10-01 01:00:00,0.0,0.0,0.0,0.0,7.9,93,8.3,270,1018.7,100,0,0,100,0.0,0.0,43.6591,-70.2568,2022,10,1,1
2022-10-01 02:00:00,0.0,0.0,0.0,0.0,8.1,92,6.5,289,1017.8,100,0,0,100,0.0,0.0,43.6591,-70.2568,2022,10,1,2
2022-10-01 03:00:00,0.0,0.0,0.0,0.0,8.4,91,4.2,239,1017.7,100,0,0,100,0.0,0.0,43.6591,-70.2568,2022,10,1,3
2022-10-01 04:00:00,0.0,0.0,0.0,0.0,8.2,92,3.8,229,1017.5,100,0,0,100,0.0,0.0,43.6591,-70.2568,2022,10,1,4
2022-10-01 05:00:00,0.0,0.0,0.0,0.0,8.1,94,4.0,265,1017.5,100,0,0,100,0.0,0.0,43.6591,-70.2568,2022,10,1,5
2022-10-01 06:00:00,0.0,0.0,0.0,0.0,8.4,93,3.2,243,1017.6,100,0,0,100,0.0,0.0,43.6591,-70.2568,2022,10,1,6
2022-10-01 07:00:00,2.0,0.0,2.0,0.0,8.7,93,3.3,264,1017.8,100,1,0,100,0.0,0.0,43.6591,-70.2568,2022,10,1,7
2022-10-01 08:00:00,45.0,1.0,44.0,7.0,10.3,89,7.1,336,1018.2,100,0,0,100,0.0,0.0,43.6591,-70.2568,2022,10,1,8
2022-10-01 09:00:00,90.0,3.0,87.0,9.4,11.4,89,5.2,335,1018.6,100,0,90,100,0.0,0.0,43.6591,-70.2568,2022,10,1,9
2022-10-01 10:00:00,113.0,0.0,113.0,0.0,12.3,86,3.0,346,1018.8,100,0,99,100,0.0,0.0,43.6591,-70.2568,2022,10,1,10
2022-10-01 11:00:00,158.0,3.0,155.0,5.2,13.3,80,3.2,360,1018.1,100,0,100,100,0.0,0.0,43.6591,-70.2568,2022,10,1,11
2022-10-01 12:00:00,166.0,0.0,166.0,0.0,13.9,77,2.1,59,1017.4,100,0,100,100,0.0,0.0,43.6591,-70.2568,2022,10,1,12
2022-10-01 13:00:00,154.0,2.0,152.0,2.9,14.1,75,1.9,112,1017.1,100,0,100,100,0.0,0.0,43.6591,-70.2568,2022,10,1,13
2022-10-01 14:00:00,181.0,0.0,181.0,0.0,14.5,72,2.2,90,1016.5,99,0,99,17,0.0,0.0,43.6591,-70.2568,2022,10,1,14
2022-10-01 15:00:00,241.0,36.0,205.0,61.7,15.0,70,4.1,135,1015.8,61,0,15,54,0.0,50.85,43.6591,-70.2568,2022,10,1,15
2022-10-01 16:00:00,414.0,305.0,109.0,649.7,15.7,65,3.4,122,1015.3,0,0,0,0,0.0,3600.0,43.6591,-70.2568,2022,10,1,16
2022-10-01 17:00:00,281.0,221.0,60.0,689.5,15.1,70,2.9,97,1014.8,0,0,0,0,0.0,3600.0,43.6591,-70.2568,2022,10,1,17
2022-10-01 18:00:00,106.0,71.0,35.0,483.1,13.1,84,5.9,128,1015.8,0,0,0,0,0.0,3600.0,43.6591,-70.2568,2022,10,1,18
2022-10-01 19:00:00,4.0,1.0,3.0,19.1,10.7,91,4.3,48,1015.3,0,0,0,0,0.0,0.0,43.6591,-70.2568,2022,10,1,19
2022-10-01 20:00:00,0.0,0.0,0.0,0.0,10.5,91,4.2,20,1016.1,71,0,1,20,0.0,0.0,43.6591,-70.2568,2022,10,1,20
2022-10-01 21:00:00,0.0,0.0,0.0,0.0,11.0,90,7.2,354,1016.0,29,0,0,29,0.0,0.0,43.6591,-70.2568,2022,10,1,21
2022-10-01 22:00:00,0.0,0.0,0.0,0.0,11.0,89,11.1,13,1016.1,94,0,0,94,0.0,0.0,43.6591,-70.2568,2022,10,1,22
2022-10-01 23:00:00,0.0,0.0,0.0,0.0,11.0,90,11.3,9,1016.2,62,0,0,62,0.0,0.0,43.6591,-70.2568,2022,10,1,23
2022-10-02 00:00:00,0.0,0.0,0.0,0.0,11.3,87,16.2,3,1016.3,12,0,0,12,0.0,0.0,43.6591,-70.2568,2022,10,2,0
2022-10-02 01:00:00,0.0,0.0,0.0,0.0,12.1,81,18.8,12,1016.4,95,0,0,95,0.0,0.0,43.6591,-70.2568,2022,10,2,1
2022-10-02 02:00:00,0.0,0.0,0.0,0.0,12.1,78,20.9,21,1016.7,80,0,0,80,0.0,0.0,43.6591,-70.2568,2022,10,2,2
2022-10-02 03:00:00,0.0,0.0,0.0,0.0,11.6,76,20.9,24,1017.2,97,5,0,96,0.0,0.0,43.6591,-70.2568,2022,10,2,3
2022-10-02 04:00:00,0.0,0.0,0.0,0.0,11.4,71,20.6,27,1017.5,87,11,0,85,0.0,0.0,43.6591,-70.2568,2022,10,2,4
2022-10-02 05:00:00,0.0,0.0,0.0,0.0,11.1,64,21.1,30,1017.8,95,18,1,93,0.0,0.0,43.6591,-70.2568,2022,10,2,5
2022-10-02 06:00:00,0.0,0.0,0.0,0.0,10.7,57,20.6,29,1018.5,90,51,0,79,0.0,0.0,43.6591,-70.2568,2022,10,2,6
2022-10-02 07:00:00,2.0,0.0,2.0,0.0,10.2,53,20.6,29,1019.4,98,87,0,86,0.0,0.0,43.6591,-70.2568,2022,10,2,7
2022-10-02 08:00:00,59.0,5.0,54.0,35.7,8.3,53,22.4,26,1021.2,100,14,0,100,0.0,0.0,43.6591,-70.2568,2022,10,2,8
2022-10-02 09:00:00,109.0,3.0,106.0,9.6,7.9,53,22.1,22,1021.8,95,0,0,95,0.0,0.0,43.6591,-70.2568,2022,10,2,9
2022-10-02 10:00:00,330.0,141.0,189.0,304.7,8.9,49,22.8,18,1022.1,90,0,0,90,0.0,3600.0,43.6591,-70.2568,2022,10,2,10
2022-10-02 11:00:00,474.0,245.0,229.0,424.4,9.9,45,21.5,21,1022.2,96,0,0,96,0.0,3600.0,43.6591,-70.2568,2022,10,2,11
2022-10-02 12:00:00,588.0,359.0,229.0,552.9,11.0,44,20.5,28,1021.9,100,0,0,100,0.0,3600.0,43.6591,-70.2568,2022,10,2,12
2022-10-02 13:00:00,551.0,259.0,292.0,384.2,11.6,44,17.7,29,1022.0,100,0,0,100,0.0,3600.0,43.6591,-70.2568,2022,10,2,13
2022-10-02 14:00:00,516.0,213.0,303.0,327.8,12.1,42,16.7,33,1021.4,100,0,0,100,0.0,3600.0,43.6591,-70.2568,2022,10,2,14
2022-10-02 15:00:00,482.0,245.0,237.0,423.8,12.6,42,15.5,28,1021.3,100,0,0,100,0.0,3600.0,43.6591,-70.2568,2022,10,2,15
2022-10-02 16:00:00,390.0,224.0,166.0,483.0,12.4,42,16.8,23,1021.0,85,0,0,85,0.0,3600.0,43.6591,-70.2568,2022,10,2,16
2022-10-02 17:00:00,254.0,154.0,100.0,489.2,12.1,45,15.3,24,1020.6,90,0,0,90,0.0,3600.0,43.6591,-70.2568,2022,10,2,17
2022-10-02 18:00:00,98.0,54.0,44.0,382.4,10.9,50,13.9,25,1020.8,100,0,0,100,0.0,3600.0,43.6591,-70.2568,2022,10,2,18
2022-10-02 19:00:00,3.0,0.0,3.0,0.0,9.9,55,12.3,32,1021.5,94,0,0,94,0.0,0.0,43.6591,-70.2568,2022,10,2,19
2022-10-02 20:00:00,0.0,0.0,0.0,0.0,9.6,62,12.1,37,1022.8,100,0,0,100,0.0,0.0,43.6591,-70.2568,2022,10,2,20
2022-10-02 21:00:00,0.0,0.0,0.0,0.0,8.7,66,12.0,33,1023.5,98,0,0,98,0.0,0.0,43.6591,-70.2568,2022,10,2,21
2022-10-02 22:00:00,0.0,0.0,0.0,0.0,8.1,67,13.5,25,1023.7,98,0,0,98,0.0,0.0,43.6591,-70.2568,2022,10,2,22
2022-10-02 23:00:00,0.0,0.0,0.0,0.0,7.4,67,13.4,24,1023.8,96,0,0,96,0.0,0.0,43.6591,-70.2568,2022,10,2,23
2022-10-03 00:00:00,0.0,0.0,0.0,0.0,6.8,68,13.4,14,1023.8,0,0,0,0,0.0,0.0,43.6591,-70.2568,2022,10,3,0
2022-10-03 01:00:00,0.0,0.0,0.0,0.0,6.3,69,14.1,13,1023.2,9,0,0,9,0.0,0.0,43.6591,-70.2568,2022,10,3,1
2022-10-03 02:00:00,0.0,0.0,0.0,0.0,6.0,72,13.2,11,1023.4,1,0,0,1,0.0,0.0,43.6591,-70.2568,2022,10,3,2
2022-10-03 03:00:00,0.0,0.0,0.0,0.0,5.7,75,13.3,13,1023.2,100,0,0,100,0.0,0.0,43.6591,-70.2568,2022,10,3,3
2022-10-03 04:00:00,0.0,0.0,0.0,0.0,5.8,75,14.5,14,1023.0,20,0,0,20,0.0,0.0,43.6591,-70.2568,2022,10,3,4
2022-10-03 05:00:00,0.0,0.0,0.0,0.0,5.3,77,13.7,14,1023.2,75,0,0,75,0.0,0.0,43.6591,-70.2568,2022,10,3,5
2022-10-03 06:00:00,0.0,0.0,0.0,0.0,4.9,79,14.3,12,1023.4,0,0,0,0,0.0,0.0,43.6591,-70.2568,2022,10,3,6
2022-10-03 07:00:00,2.0,1.0,1.0,19.1,4.7,80,13.9,10,1023.7,0,0,0,0,0.0,0.0,43.6591,-70.2568,2022,10,3,7
2022-10-03 08:00:00,99.0,66.0,33.0,484.3,5.5,77,12.2,360,1024.9,0,0,0,98,0.0,3600.0,43.6591,-70.2568,2022,10,3,8
2022-10-03 09:00:00,253.0,160.0,93.0,516.7,7.6,69,11.3,7,1025.2,19,0,0,19,0.0,3600.0,43.6591,-70.2568,2022,10,3,9
2022-10-03 10:00:00,445.0,369.0,76.0,804.7,10.0,59,11.1,29,1025.0,32,0,0,32,0.0,3600.0,43.6591,-70.2568,2022,10,3,10
2022-10-03 11:00:00,583.0,505.0,78.0,881.7,11.4,50,10.7,50,1025.2,39,0,0,39,0.0,3600.0,43.6591,-70.2568,2022,10,3,11
2022-10-03 12:00:00,667.0,579.0,88.0,898.2,12.1,46,11.1,54,1024.7,55,0,0,55,0.0,3600.0,43.6591,-70.2568,2022,10,3,12
2022-10-03 13:00:00,703.0,622.0,81.0,929.7,12.9,47,8.1,69,1024.1,100,0,0,100,0.0,3600.0,43.6591,-70.2568,2022,10,3,13
2022-10-03 14:00:00,624.0,459.0,165.0,712.2,13.1,48,7.9,93,1023.9,100,0,0,100,0.0,3600.0,43.6591,-70.2568,2022,10,3,14
2022-10-03 15:00:00,496.0,284.0,212.0,496.0,12.9,49,7.6,93,1023.1,93,0,0,93,0.0,3600.0,43.6591,-70.2568,2022,10,3,15
2022-10-03 16:00:00,387.0,226.0,161.0,493.3,12.6,52,7.0,102,1022.5,92,0,0,92,0.0,3600.0,43.6591,-70.2568,2022,10,3,16
2022-10-03 17:00:00,256.0,171.0,85.0,553.2,11.4,60,8.3,124,1022.2,100,0,0,100,0.0,3600.0,43.6591,-70.2568,2022,10,3,17
2022-10-03 18:00:00,85.0,36.0,49.0,265.7,9.5,70,8.7,132,1022.2,100,0,0,100,0.0,3600.0,43.6591,-70.2568,2022,10,3,18
2022-10-03 19:00:00,2.0,0.0,2.0,0.0,8.8,76,4.7,113,1022.1,100,0,0,100,0.0,0.0,43.6591,-70.2568,2022,10,3,19
2022-10-03 20:00:00,0.0,0.0,0.0,0.0,9.0,70,4.4,99,1022.1,100,0,0,100,0.0,0.0,43.6591,-70.2568,2022,10,3,20
2022-10-03 21:00:00,0.0,0.0,0.0,0.0,8.9,72,4.0,85,1022.2,88,0,2,88,0.0,0.0,43.6591,-70.2568,2022,10,3,21
2022-10-03 22:00:00,0.0,0.0,0.0,0.0,6.1,85,2.7,337,1021.8,89,0,0,89,0.0,0.0,43.6591,-70.2568,2022,10,3,22
2022-10-03 23:00:00,0.0,0.0,0.0,0.0,6.7,85,6.2,324,1021.6,37,0,6,33,0.0,0.0,43.6591,-70.2568,2022,10,3,23
2022-10-04 00:00:00,0.0,0.0,0.0,0.0,6.6,84,9.3,332,1021.3,100,0,97,100,0.0,0.0,43.6591,-70.2568,2022,10,4,0
2022-10-04 01:00:00,0.0,0.0,0.0,0.0,7.2,77,10.1,358,1020.8,100,0,100,99,0.0,0.0,43.6591,-70.2568,2022,10,4,1
2022-10-04 02:00:00,0.0,0.0,0.0,0.0,7.3,75,9.3,16,1020.7,100,0,100,92,0.0,0.0,43.6591,-70.2568,2022,10,4,2
2022-10-04 03:00:00,0.0,0.0,0.0,0.0,7.3,76,8.9,14,1020.5,100,0,29,100,0.0,0.0,43.6591,-70.2568,2022,10,4,3
2022-10-04 04:00:00,0.0,0.0,0.0,0.0,6.7,81,10.2,10,1020.2,100,1,19,100,0.0,0.0,43.6591,-70.2568,2022,10,4,4
2022-10-04 05:00:00,0.0,0.0,0.0,0.0,6.1,84,11.9,5,1020.1,44,1,43,0,0.0,0.0,43.6591,-70.2568,2022,10,4,5
2022-10-04 06:00:00,0.0,0.0,0.0,0.0,6.1,84,11.4,13,1019.8,100,0,100,22,0.0,0.0,43.6591,-70.2568,2022,10,4,6
2022-10-04 07:00:00,1.0,0.0,1.0,0.0,7.2,80,11.6,16,1019.7,55,0,43,21,0.0,0.0,43.6591,-70.2568,2022,10,4,7
2022-10-04 08:00:00,75.0,36.0,39.0,271.8,7.2,79,10.4,14,1020.0,44,0,22,68,0.0,3600.0,43.6591,-70.2568,2022,10,4,8
2022-10-04 09:00:00,256.0,183.0,73.0,598.7,9.3,71,10.7,12,1019.7,96,0,47,95,0.0,3600.0,43.6591,-70.2568,2022,10,4,9
2022-10-04 10:00:00,410.0,299.0,111.0,658.1,11.7,62,11.6,30,1019.8,98,0,18,98,0.0,3600.0,43.6591,-70.2568,2022,10,4,10
2022-10-04 11:00:00,536.0,400.0,136.0,703.8,13.1,57,13.3,49,1019.2,98,0,8,98,0.0,3600.0,43.6591,-70.2568,2022,10,4,11
2022-10-04 12:00:00,628.0,502.0,126.0,784.6,13.9,56,11.6,74,1019.0,96,0,0,96,0.0,3600.0,43.6591,-70.2568,2022,10,4,12
2022-10-04 13:00:00,663.0,544.0,119.0,819.2,14.3,59,12.3,83,1018.5,99,0,4,99,0.0,3600.0,43.6591,-70.2568,2022,10,4,13
2022-10-04 14:00:00,595.0,440.0,155.0,688.3,14.2,63,13.7,87,1018.0,100,0,41,100,0.0,3600.0,43.6591,-70.2568,2022,10,4,14
2022-10-04 15:00:00,505.0,355.0,150.0,626.0,13.9,66,13.7,85,1017.6,100,8,32,100,0.0,3600.0,43.6591,-70.2568,2022,10,4,15
2022-10-04 16:00:00,350.0,213.0,137.0,470.6,13.5,70,13.0,84,1017.5,71,13,1,67,0.0,3600.0,43.6591,-70.2568,2022,10,4,16
2022-10-04 17:00:00,239.0,154.0,85.0,507.6,12.9,74,13.0,71,1016.8,100,3,0,100,0.0,3600.0,43.6591,-70.2568,2022,10,4,17
2022-10-04 18:00:00,69.0,16.0,53.0,123.3,11.9,81,11.1,54,1016.6,85,1,0,85,0.0,1898.39,43.6591,-70.2568,2022,10,4,18
2022-10-04 19:00:00,2.0,0.0,2.0,0.0,11.2,84,11.2,48,1016.7,100,7,8,100,0.0,0.0,43.6591,-70.2568,2022,10,4,19
2022-10-04 20:00:00,0.0,0.0,0.0,0.0,11.4,82,11.7,47,1016.7,96,0,4,45,0.0,0.0,43.6591,-70.2568,2022,10,4,20
2022-10-04 21:00:00,0.0,0.0,0.0,0.0,10.7,82,13.2,35,1016.3,100,0,11,100,0.0,0.0,43.6591,-70.2568,2022,10,4,21
2022-10-04 22:00:00,0.0,0.0,0.0,0.0,10.3,82,9.9,10,1016.3,100,17,17,100,0.0,0.0,43.6591,-70.2568,2022,10,4,22
2022-10-04 23:00:00,0.0,0.0,0.0,0.0,10.0,81,12.0,7,1015.8,100,100,2,100,0.0,0.0,43.6591,-70.2568,2022,10,4,23
2022-10-05 00:00:00,0.0,0.0,0.0,0.0,10.8,76,11.2,360,1015.4,100,100,3,99,0.0,0.0,43.6591,-70.2568,2022,10,5,0
2022-10-05 01:00:00,0.0,0.0,0.0,0.0,11.2,74,11.5,2,1014.8,100,100,2,100,0.0,0.0,43.6591,-70.2568,2022,10,5,1
2022-10-05 02:00:00,0.0,0.0,0.0,0.0,11.3,73,11.0,11,1014.4,100,100,4,100,0.0,0.0,43.6591,-70.2568,2022,10,5,2
2022-10-05 03:00:00,0.0,0.0,0.0,0.0,11.6,72,11.0,11,1014.0,100,100,6,99,0.0,0.0,43.6591,-70.2568,2022,10,5,3
2022-10-05 04:00:00,0.0,0.0,0.0,0.0,11.5,72,12.4,8,1013.5,100,82,1,100,0.0,0.0,43.6591,-70.2568,2022,10,5,4
2022-10-05 05:00:00,0.0,0.0,0.0,0.0,11.3,72,13.4,14,1013.4,100,100,1,73,0.0,0.0,43.6591,-70.2568,2022,10,5,5
2022-10-05 06:00:00,0.0,0.0,0.0,0.0,11.5,71,12.6,13,1013.4,100,100,11,100,0.0,0.0,43.6591,-70.2568,2022,10,5,6
2022-10-05 07:00:00,1.0,0.0,1.0,0.0,11.6,71,12.2,14,1013.6,100,100,0,100,0.0,0.0,43.6591,-70.2568,2022,10,5,7
2022-10-05 08:00:00,29.0,0.0,29.0,0.0,10.8,81,16.0,9,1013.1,100,88,27,100,0.0,0.0,43.6591,-70.2568,2022,10,5,8
2022-10-05 09:00:00,143.0,17.0,126.0,56.4,12.3,76,12.0,7,1013.2,100,100,16,100,0.0,0.0,43.6591,-70.2568,2022,10,5,9
2022-10-05 10:00:00,137.0,8.0,129.0,17.8,13.0,72,11.6,5,1013.1,100,100,30,100,0.0,0.0,43.6591,-70.2568,2022,10,5,10
2022-10-05 11:00:00,224.0,20.0,204.0,35.5,14.2,71,12.6,31,1012.8,100,100,54,100,0.0,0.0,43.6591,-70.2568,2022,10,5,11
2022-10-05 12:00:00,144.0,3.0,141.0,4.7,13.8,83,12.4,17,1012.1,100,100,55,100,1.1,0.0,43.6591,-70.2568,2022,10,5,12
2022-10-05 13:00:00,150.0,5.0,145.0,7.6,13.8,88,13.9,21,1011.8,100,100,41,100,0.4,0.0,43.6591,-70.2568,2022,10,5,13
2022-10-05 14:00:00,104.0,1.0,103.0,1.6,13.7,90,13.1,16,1011.4,100,100,44,100,0.1,0.0,43.6591,-70.2568,2022,10,5,14
2022-10-05 15:00:00,144.0,2.0,142.0,3.6,14.4,86,12.0,16,1011.1,100,100,28,100,0.0,0.0,43.6591,-70.2568,2022,10,5,15
2022-10-05 16:00:00,78.0,4.0,74.0,8.9,14.4,88,12.1,10,1010.8,100,100,100,100,0.0,0.0,43.6591,-70.2568,2022,10,5,16
2022-10-05 17:00:00,58.0,0.0,58.0,0.0,14.5,89,11.6,7,1010.5,100,85,52,100,0.1,0.0,43.6591,-70.2568,2022,10,5,17
2022-10-05 18:00:00,28.0,1.0,27.0,7.9,14.1,91,11.0,11,1010.5,100,100,73,100,0.1,0.0,43.6591,-70.2568,2022,10,5,18
2022-10-05 19:00:00,1.0,0.0,1.0,0.0,13.7,92,11.9,2,1010.6,100,100,69,100,0.1,0.0,43.6591,-70.2568,2022,10,5,19
2022-10-05 20:00:00,0.0,0.0,0.0,0.0,14.2,92,9.7,360,1011.0,100,100,73,100,0.1,0.0,43.6591,-70.2568,2022,10,5,20
2022-10-05 21:00:00,0.0,0.0,0.0,0.0,13.9,96,13.0,5,1010.4,100,74,66,100,0.3,0.0,43.6591,-70.2568,2022,10,5,21
2022-10-05 22:00:00,0.0,0.0,0.0,0.0,13.8,96,11.3,22,1010.6,100,100,79,100,0.2,0.0,43.6591,-70.2568,2022,10,5,22
2022-10-05 23:00:00,0.0,0.0,0.0,0.0,13.8,96,12.2,346,1010.0,100,100,48,100,0.2,0.0,43.6591,-70.2568,2022,10,5,23
2022-10-06 00:00:00,0.0,0.0,0.0,0.0,13.6,97,9.7,356,1009.8,100,100,36,58,0.0,0.0,43.6591,-70.2568,2022,10,6,0
2022-10-06 01:00:00,0.0,0.0,0.0,0.0,13.5,97,10.8,356,1009.3,100,100,38,54,0.0,0.0,43.6591,-70.2568,2022,10,6,1
2022-10-06 02:00:00,0.0,0.0,0.0,0.0,13.4,96,11.6,355,1008.7,100,100,0,92,0.0,0.0,43.6591,-70.2568,2022,10,6,2
2022-10-06 03:00:00,0.0,0.0,0.0,0.0,13.1,96,8.6,360,1008.9,100,100,11,98,0.0,0.0,43.6591,-70.2568,2022,10,6,3
2022-10-06 04:00:00,0.0,0.0,0.0,0.0,13.1,97,10.1,354,1008.9,100,99,3,52,0.0,0.0,43.6591,-70.2568,2022,10,6,4
2022-10-06 05:00:00,0.0,0.0,0.0,0.0,12.9,96,12.4,352,1009.0,14,9,0,6,0.0,0.0,43.6591,-70.2568,2022,10,6,5
2022-10-06 06:00:00,0.0,0.0,0.0,0.0,12.2,97,11.0,349,1008.9,64,58,14,0,0.0,0.0,43.6591,-70.2568,2022,10,6,6
2022-10-06 07:00:00,1.0,0.0,1.0,0.0,12.3,97,9.6,340,1009.4,100,100,5,0,0.0,0.0,43.6591,-70.2568,2022,10,6,7
2022-10-06 08:00:00,34.0,2.0,32.0,15.7,11.9,97,11.4,325,1009.6,100,18,7,0,0.0,0.0,43.6591,-70.2568,2022,10,6,8
2022-10-06 09:00:00,236.0,165.0,71.0,554.4,13.2,94,7.7,332,1010.0,9,9,0,0,0.0,3600.0,43.6591,-70.2568,2022,10,6,9
2022-10-06 10:00:00,416.0,343.0,73.0,769.4,15.5,82,6.6,331,1010.1,1,1,0,0,0.0,3600.0,43.6591,-70.2568,2022,10,6,10
2022-10-06 11:00:00,546.0,469.0,77.0,838.5,18.1,68,5.6,333,1009.9,0,0,0,0,0.0,3600.0,43.6591,-70.2568,2022,10,6,11
2022-10-06 12:00:00,627.0,547.0,80.0,867.8,20.5,51,5.2,335,1009.5,8,0,0,7,0.0,3600.0,43.6591,-70.2568,2022,10,6,12
2022-10-06 13:00:00,654.0,573.0,81.0,876.2,21.9,42,2.7,337,1009.2,1,0,0,1,0.0,3600.0,43.6591,-70.2568,2022,10,6,13
2022-10-06 14:00:00,622.0,542.0,80.0,862.1,22.3,39,1.8,217,1008.7,33,0,0,33,0.0,3600.0,43.6591,-70.2568,2022,10,6,14
2022-10-06 15:00:00,537.0,460.0,77.0,827.0,22.3,43,2.6,196,1008.3,64,0,0,64,0.0,3600.0,43.6591,-70.2568,2022,10,6,15
2022-10-06 16:00:00,406.0,336.0,70.0,761.2,21.6,57,3.6,186,1008.2,9,0,0,9,0.0,3600.0,43.6591,-70.2568,2022,10,6,16
2022-10-06 17:00:00,244.0,188.0,56.0,643.5,19.8,75,7.2,177,1008.2,0,0,0,0,0.0,3600.0,43.6591,-70.2568,2022,10,6,17
2022-10-06 18:00:00,79.0,51.0,28.0,411.8,17.3,78,10.4,182,1008.2,0,0,0,0,0.0,3600.0,43.6591,-70.2568,2022,10,6,18
2022-10-06 19:00:00,1.0,0.0,1.0,0.0,15.2,77,11.1,205,1008.6,0,0,0,0,0.0,0.0,43.6591,-70.2568,2022,10,6,19
2022-10-06 20:00:00,0.0,0.0,0.0,0.0,14.5,86,12.0,224,1009.0,10,0,0,28,0.0,0.0,43.6591,-70.2568,2022,10,6,20
2022-10-06 21:00:00,0.0,0.0,0.0,0.0,14.1,87,11.1,241,1009.2,58,0,0,58,0.0,0.0,43.6591,-70.2568,2022,10,6,21
2022-10-06 22:00:00,0.0,0.0,0.0,0.0,13.8,86,10.9,253,1009.1,88,0,0,88,0.0,0.0,43.6591,-70.2568,2022,10,6,22
2022-10-06 23:00:00,0.0,0.0,0.0,0.0,13.4,85,10.1,266,1009.1,87,0,0,87,0.0,0.0,43.6591,-70.2568,2022,10,6,23
2022-10-07 00:00:00,0.0,0.0,0.0,0.0,12.9,83,8.3,268,1009.0,99,0,0,99,0.0,0.0,43.6591,-70.2568,2022,10,7,0
2022-10-07 01:00:00,0.0,0.0,0.0,0.0,12.5,84,7.6,273,1008.8,100,0,0,100,0.0,0.0,43.6591,-70.2568,2022,10,7,1
2022-10-07 02:00:00,0.0,0.0,0.0,0.0,12.3,86,9.1,288,1008.7,100,0,0,100,0.0,0.0,43.6591,-70.2568,2022,10,7,2
2022-10-07 03:00:00,0.0,0.0,0.0,0.0,12.3,90,9.5,299,1008.7,100,0,16,100,0.0,0.0,43.6591,-70.2568,2022,10,7,3
2022-10-07 04:00:00,0.0,0.0,0.0,0.0,12.3,91,5.6,297,1008.6,100,0,76,100,0.0,0.0,43.6591,-70.2568,2022,10,7,4
2022-10-07 05:00:00,0.0,0.0,0.0,0.0,12.1,91,3.4,212,1008.8,100,0,55,100,0.0,0.0,43.6591,-70.2568,2022,10,7,5
2022-10-07 06:00:00,0.0,0.0,0.0,0.0,11.4,93,4.0,190,1008.7,100,0,12,100,0.0,0.0,43.6591,-70.2568,2022,10,7,6
2022-10-07 07:00:00,1.0,0.0,1.0,0.0,11.2,95,2.0,315,1008.9,100,0,41,100,0.0,0.0,43.6591,-70.2568,2022,10,7,7
2022-10-07 08:00:00,48.0,3.0,45.0,24.0,12.4,95,4.4,351,1009.2,100,0,7,100,0.6,0.0,43.6591,-70.2568,2022,10,7,8
2022-10-07 09:00:00,155.0,36.0,119.0,122.6,14.7,89,1.1,90,1009.1,51,0,21,39,0.0,1878.33,43.6591,-70.2568,2022,10,7,9
2022-10-07 10:00:00,368.0,253.0,115.0,573.0,17.5,78,1.5,194,1008.8,28,0,24,6,0.0,3600.0,43.6591,-70.2568,2022,10,7,10
2022-10-07 11:00:00,511.0,412.0,99.0,742.6,19.5,71,1.4,360,1008.7,95,0,93,25,0.0,3600.0,43.6591,-70.2568,2022,10,7,11
2022-10-07 12:00:00,564.0,421.0,143.0,673.0,20.4,69,0.8,117,1008.4,71,0,60,48,0.0,3600.0,43.6591,-70.2568,2022,10,7,12
2022-10-07 13:00:00,492.0,296.0,196.0,456.1,20.1,72,6.5,124,1007.6,34,10,26,1,0.1,3600.0,43.6591,-70.2568,2022,10,7,13
2022-10-07 14:00:00,539.0,393.0,146.0,630.3,19.9,73,10.2,138,1007.0,24,16,10,1,0.0,3600.0,43.6591,-70.2568,2022,10,7,14
2022-10-07 15:00:00,509.0,415.0,94.0,753.4,19.6,71,10.4,146,1006.4,39,10,31,1,0.0,3600.0,43.6591,-70.2568,2022,10,7,15
2022-10-07 16:00:00,338.0,229.0,109.0,525.3,19.2,72,10.0,159,1006.1,14,1,14,0,0.0,3600.0,43.6591,-70.2568,2022,10,7,16
2022-10-07 17:00:00,221.0,162.0,59.0,565.2,19.0,76,9.8,188,1006.0,19,0,17,3,0.0,3600.0,43.6591,-70.2568,2022,10,7,17
2022-10-07 18:00:00,63.0,37.0,26.0,305.8,17.9,79,12.1,240,1006.4,71,12,53,37,0.0,3600.0,43.6591,-70.2568,2022,10,7,18
2022-10-07 19:00:00,0.0,0.0,0.0,0.0,18.1,63,14.9,277,1007.1,89,1,9,88,0.0,0.0,43.6591,-70.2568,2022,10,7,19
2022-10-07 20:00:00,0.0,0.0,0.0,0.0,17.0,77,18.8,282,1007.6,90,0,23,92,0.0,0.0,43.6591,-70.2568,2022,10,7,20
2022-10-07 21:00:00,0.0,0.0,0.0,0.0,16.3,74,15.0,291,1008.1,97,0,95,50,0.0,0.0,43.6591,-70.2568,2022,10,7,21
2022-10-07 22:00:00,0.0,0.0,0.0,0.0,15.6,78,12.1,307,1009.1,28,1,27,0,0.0,0.0,43.6591,-70.2568,2022,10,7,22
2022-10-07 23:00:00,0.0,0.0,0.0,0.0,14.0,80,13.3,322,1009.8,2,1,1,0,0.0,0.0,43.6591,-70.2568,2022,10,7,23
2022-10-08 00:00:00,0.0,0.0,0.0,0.0,12.5,79,13.8,317,1010.7,53,2,0,52,0.0,0.0,43.6591,-70.2568,2022,10,8,0
2022-10-08 01:00:00,0.0,0.0,0.0,0.0,11.5,78,12.7,305,1011.1,98,2,0,98,0.0,0.0,43.6591,-70.2568,2022,10,8,1
2022-10-08 02:00:00,0.0,0.0,0.0,0.0,10.7,73,12.6,294,1011.5,100,0,4,100,0.0,0.0,43.6591,-70.2568,2022,10,8,2
2022-10-08 03:00:00,0.0,0.0,0.0,0.0,10.1,71,11.6,296,1011.9,100,0,0,100,0.0,0.0,43.6591,-70.2568,2022,10,8,3
2022-10-08 04:00:00,0.0,0.0,0.0,0.0,9.5,73,8.8,305,1012.0,100,4,0,100,0.0,0.0,43.6591,-70.2568,2022,10,8,4
2022-10-08 05:00:00,0.0,0.0,0.0,0.0,9.0,76,7.4,309,1012.6,99,11,21,98,0.0,0.0,43.6591,-70.2568,2022,10,8,5
2022-10-08 06:00:00,0.0,0.0,0.0,0.0,8.2,80,7.7,319,1012.9,100,43,100,72,0.0,0.0,43.6591,-70.2568,2022,10,8,6
2022-10-08 07:00:00,0.0,0.0,0.0,0.0,8.4,77,7.2,333,1013.3,100,26,100,8,0.0,0.0,43.6591,-70.2568,2022,10,8,7
2022-10-08 08:00:00,47.0,12.0,35.0,97.6,8.6,62,11.1,347,1014.4,39,0,13,0,0.0,1272.31,43.6591,-70.2568,2022,10,8,8
2022-10-08 09:00:00,247.0,186.0,61.0,642.3,9.4,60,9.4,337,1014.7,0,0,0,0,0.0,3600.0,43.6591,-70.2568,2022,10,8,9
2022-10-08 10:00:00,416.0,342.0,74.0,782.1,11.1,52,10.7,303,1014.8,99,99,0,0,0.0,3600.0,43.6591,-70.2568,2022,10,8,10
2022-10-08 11:00:00,490.0,339.0,151.0,616.1,12.0,49,10.4,284,1014.5,84,84,0,0,0.0,3600.0,43.6591,-70.2568,2022,10,8,11
2022-10-08 12:00:00,568.0,392.0,176.0,631.5,12.2,49,11.5,284,1014.5,17,17,0,0,0.0,3600.0,43.6591,-70.2568,2022,10,8,12
2022-10-08 13:00:00,648.0,537.0,111.0,833.9,12.7,46,11.2,291,1014.1,3,3,0,0,0.0,3600.0,43.6591,-70.2568,2022,10,8,13
2022-10-08 14:00:00,636.0,548.0,88.0,886.4,13.1,44,10.6,298,1013.2,2,2,0,0,0.0,3600.0,43.6591,-70.2568,2022,10,8,14
2022-10-08 15:00:00,553.0,474.0,79.0,869.0,13.2,44,9.7,297,1012.6,1,1,0,0,0.0,3600.0,43.6591,-70.2568,2022,10,8,15
2022-10-08 16:00:00,417.0,347.0,70.0,806.1,12.9,44,9.6,290,1012.3,2,2,0,0,0.0,3600.0,43.6591,-70.2568,2022,10,8,16
2022-10-08 17:00:00,248.0,191.0,57.0,679.5,12.1,48,8.4,280,1012.1,0,0,0,0,0.0,3600.0,43.6591,-70.2568,2022,10,8,17
2022-10-08 18:00:00,77.0,50.0,27.0,423.1,10.3,59,9.4,252,1012.3,0,0,0,0,0.0,3600.0,43.6591,-70.2568,2022,10,8,18
2022-10-08 19:00:00,0.0,0.0,0.0,0.0,8.8,59,12.4,240,1012.7,0,0,0,0,0.0,0.0,43.6591,-70.2568,2022,10,8,19
2022-10-08 20:00:00,0.0,0.0,0.0,0.0,8.6,60,12.7,263,1013.1,0,0,0,0,0.0,0.0,43.6591,-70.2568,2022,10,8,20
2022-10-08 21:00:00,0.0,0.0,0.0,0.0,7.7,61,12.0,277,1013.4,0,0,0,0,0.0,0.0,43.6591,-70.2568,2022,10,8,21
2022-10-08 22:00:00,0.0,0.0,0.0,0.0,7.4,67,10.6,294,1013.7,0,0,0,0,0.0,0.0,43.6591,-70.2568,2022,10,8,22
2022-10-08 23:00:00,0.0,0.0,0.0,0.0,6.8,74,9.4,274,1013.9,0,0,0,0,0.0,0.0,43.6591,-70.2568,2022,10,8,23
2022-10-09 00:00:00,0.0,0.0,0.0,0.0,6.4,73,9.7,268,1014.1,63,0,0,63,0.0,0.0,43.6591,-70.2568,2022,10,9,0
2022-10-09 01:00:00,0.0,0.0,0.0,0.0,5.9,74,10.1,264,1014.0,13,0,1,13,0.0,0.0,43.6591,-70.2568,2022,10,9,1
2022-10-09 02:00:00,0.0,0.0,0.0,0.0,5.5,75,10.9,264,1013.9,0,0,0,0,0.0,0.0,43.6591,-70.2568,2022,10,9,2
2022-10-09 03:00:00,0.0,0.0,0.0,0.0,5.3,77,11.2,264,1013.4,0,0,0,0,0.0,0.0,43.6591,-70.2568,2022,10,9,3
2022-10-09 04:00:00,0.0,0.0,0.0,0.0,5.1,80,11.1,257,1013.3,24,0,24,0,0.0,0.0,43.6591,-70.2568,2022,10,9,4
2022-10-09 05:00:00,0.0,0.0,0.0,0.0,5.1,82,11.6,254,1013.1,0,0,0,0,0.0,0.0,43.6591,-70.2568,2022,10,9,5
2022-10-09 06:00:00,0.0,0.0,0.0,0.0,5.1,83,11.9,256,1012.8,0,0,0,0,0.0,0.0,43.6591,-70.2568,2022,10,9,6
2022-10-09 07:00:00,1.0,0.0,1.0,0.0,5.1,83,12.2,256,1012.6,1,0,0,1,0.0,0.0,43.6591,-70.2568,2022,10,9,7
2022-10-09 08:00:00,78.0,50.0,28.0,413.4,6.3,81,12.1,260,1012.9,8,0,2,36,0.0,3600.0,43.6591,-70.2568,2022,10,9,8
2022-10-09 09:00:00,242.0,180.0,62.0,630.4,8.5,69,12.1,247,1013.1,43,0,1,43,0.0,3600.0,43.6591,-70.2568,2022,10,9,9
2022-10-09 10:00:00,393.0,299.0,94.0,690.5,10.5,59,12.4,240,1012.9,98,0,1,98,0.0,3600.0,43.6591,-70.2568,2022,10,9,10
2022-10-09 11:00:00,493.0,348.0,145.0,637.7,12.2,53,14.3,245,1012.5,86,0,15,85,0.0,3600.0,43.6591,-70.2568,2022,10,9,11
2022-10-09 12:00:00,597.0,474.0,123.0,769.5,13.6,49,15.5,245,1011.7,34,2,17,21,0.0,3600.0,43.6591,-70.2568,2022,10,9,12
2022-10-09 13:00:00,636.0,538.0,98.0,842.0,14.9,45,18.4,253,1011.1,58,58,0,0,0.0,3600.0,43.6591,-70.2568,2022,10,9,13
2022-10-09 14:00:00,513.0,349.0,164.0,569.3,15.2,44,20.9,269,1010.3,36,36,8,0,0.0,3600.0,43.6591,-70.2568,2022,10,9,14
2022-10-09 15:00:00,484.0,366.0,118.0,677.6,15.4,42,20.9,274,1010.3,49,23,48,0,0.0,3600.0,43.6591,-70.2568,2022,10,9,15
2022-10-09 16:00:00,267.0,129.0,138.0,303.5,15.4,42,19.2,264,1010.4,96,0,96,0,0.0,3600.0,43.6591,-70.2568,2022,10,9,16
2022-10-09 17:00:00,130.0,45.0,85.0,163.2,14.7,46,15.2,266,1010.7,24,1,24,0,0.0,3097.31,43.6591,-70.2568,2022,10,9,17
2022-10-09 18:00:00,61.0,32.0,29.0,277.3,13.1,53,14.6,286,1011.4,83,4,83,0,0.0,3600.0,43.6591,-70.2568,2022,10,9,18
2022-10-09 19:00:00,0.0,0.0,0.0,0.0,12.1,57,12.4,278,1012.4,40,31,37,0,0.0,0.0,43.6591,-70.2568,2022,10,9,19
2022-10-09 20:00:00,0.0,0.0,0.0,0.0,10.4,66,10.5,308,1013.6,28,0,0,0,0.0,0.0,43.6591,-70.2568,2022,10,9,20
2022-10-09 21:00:00,0.0,0.0,0.0,0.0,9.3,73,10.2,302,1014.2,0,0,0,0,0.0,0.0,43.6591,-70.2568,2022,10,9,21
2022-10-09 22:00:00,0.0,0.0,0.0,0.0,8.5,77,10.5,297,1015.0,0,0,0,0,0.0,0.0,43.6591,-70.2568,2022,10,9,22
2022-10-09 23:00:00,0.0,0.0,0.0,0.0,7.9,80,8.5,282,1015.8,1,0,1,0,0.0,0.0,43.6591,-70.2568,2022,10,9,23
2022-10-10 00:00:00,0.0,0.0,0.0,0.0,7.4,82,8.4,290,1016.2,0,0,0,0,0.0,0.0,43.6591,-70.2568,2022,10,10,0
2022-10-10 01:00:00,0.0,0.0,0.0,0.0,7.0,82,7.3,290,1016.4,1,0,1,0,0.0,0.0,43.6591,-70.2568,2022,10,10,1
2022-10-10 02:00:00,0.0,0.0,0.0,0.0,6.5,84,6.6,279,1016.6,0,0,0,0,0.0,0.0,43.6591,-70.2568,2022,10,10,2
2022-10-10 03:00:00,0.0,0.0,0.0,0.0,5.9,86,8.6,270,1016.8,0,0,0,0,0.0,0.0,43.6591,-70.2568,2022,10,10,3
2022-10-10 04:00:00,0.0,0.0,0.0,0.0,5.4,88,8.3,270,1017.0,4,0,0,4,0.0,0.0,43.6591,-70.2568,2022,10,10,4
2022-10-10 05:00:00,0.0,0.0,0.0,0.0,5.3,88,7.2,273,1017.1,7,0,1,6,0.0,0.0,43.6591,-70.2568,2022,10,10,5
2022-10-10 06:00:00,0.0,0.0,0.0,0.0,4.9,91,4.0,265,1017.2,26,0,23,5,0.0,0.0,43.6591,-70.2568,2022,10,10,6
2022-10-10 07:00:00,0.0,0.0,0.0,0.0,4.3,94,4.0,297,1017.2,100,0,100,0,0.0,0.0,43.6591,-70.2568,2022,10,10,7
2022-10-10 08:00:00,16.0,2.0,14.0,16.8,6.9,86,3.9,338,1018.3,100,3,100,5,0.0,0.0,43.6591,-70.2568,2022,10,10,8
2022-10-10 09:00:00,59.0,0.0,59.0,0.0,7.7,87,4.0,10,1018.7,100,60,100,5,0.0,0.0,43.6591,-70.2568,2022,10,10,9
2022-10-10 10:00:00,81.0,0.0,81.0,0.0,8.7,83,2.3,39,1018.7,100,100,100,50,0.0,0.0,43.6591,-70.2568,2022,10,10,10
2022-10-10 11:00:00,112.0,11.0,101.0,20.3,9.6,75,2.6,56,1018.6,100,100,100,57,0.0,0.0,43.6591,-70.2568,2022,10,10,11
2022-10-10 12:00:00,157.0,7.0,150.0,11.5,9.8,85,5.2,56,1018.5,100,20,100,3,0.5,0.0,43.6591,-70.2568,2022,10,10,12
2022-10-10 13:00:00,125.0,1.0,124.0,1.6,9.5,86,9.2,48,1018.0,100,5,100,27,0.3,0.0,43.6591,-70.2568,2022,10,10,13
2022-10-10 14:00:00,107.0,0.0,107.0,0.0,9.6,88,7.9,47,1017.6,100,3,100,8,0.1,0.0,43.6591,-70.2568,2022,10,10,14
2022-10-10 15:00:00,255.0,74.0,181.0,138.4,10.8,83,9.0,37,1017.4,90,31,21,81,0.0,2351.18,43.6591,-70.2568,2022,10,10,15
2022-10-10 16:00:00,331.0,207.0,124.0,493.3,11.4,79,6.3,24,1017.3,99,71,47,92,0.0,3600.0,43.6591,-70.2568,2022,10,10,16
2022-10-10 17:00:00,133.0,28.0,105.0,103.6,11.2,81,3.1,21,1017.5,99,17,98,15,0.1,1308.09,43.6591,-70.2568,2022,10,10,17
2022-10-10 18:00:00,41.0,15.0,26.0,133.2,10.1,86,8.7,42,1017.6,40,37,13,3,0.0,2847.14,43.6591,-70.2568,2022,10,10,18
2022-10-10 19:00:00,0.0,0.0,0.0,0.0,8.8,90,10.8,30,1018.5,42,42,1,0,0.0,0.0,43.6591,-70.2568,2022,10,10,19
2022-10-10 20:00:00,0.0,0.0,0.0,0.0,8.2,90,7.4,51,1019.4,70,0,1,0,0.0,0.0,43.6591,-70.2568,2022,10,10,20
2022-10-10 21:00:00,0.0,0.0,0.0,0.0,7.9,91,5.5,67,1019.9,6,5,2,0,0.0,0.0,43.6591,-70.2568,2022,10,10,21
2022-10-10 22:00:00,0.0,0.0,0.0,0.0,8.0,89,5.0,69,1020.4,5,4,0,0,0.0,0.0,43.6591,-70.2568,2022,10,10,22
2022-10-10 23:00:00,0.0,0.0,0.0,0.0,6.5,94,4.0,5,1020.9,13,13,0,0,0.0,0.0,43.6591,-70.2568,2022,10,10,23
2022-10-11 00:00:00,0.0,0.0,0.0,0.0,6.5,93,8.3,5,1021.1,2,2,0,0,0.0,0.0,43.6591,-70.2568,2022,10,11,0
2022-10-11 01:00:00,0.0,0.0,0.0,0.0,5.7,94,5.1,356,1021.0,26,0,0,26,0.0,0.0,43.6591,-70.2568,2022,10,11,1
2022-10-11 02:00:00,0.0,0.0,0.0,0.0,5.3,96,5.2,348,1021.0,93,12,0,92,0.0,0.0,43.6591,-70.2568,2022,10,11,2
2022-10-11 03:00:00,0.0,0.0,0.0,0.0,5.1,96,4.3,336,1021.0,96,39,0,93,0.0,0.0,43.6591,-70.2568,2022,10,11,3
2022-10-11 04:00:00,0.0,0.0,0.0,0.0,4.7,96,3.9,326,1021.2,86,62,0,64,0.0,0.0,43.6591,-70.2568,2022,10,11,4
2022-10-11 05:00:00,0.0,0.0,0.0,0.0,4.3,97,4.6,342,1021.4,77,77,0,0,0.0,0.0,43.6591,-70.2568,2022,10,11,5
2022-10-11 06:00:00,0.0,0.0,0.0,0.0,4.2,98,4.8,347,1021.5,100,100,0,0,0.0,0.0,43.6591,-70.2568,2022,10,11,6
2022-10-11 07:00:00,0.0,0.0,0.0,0.0,5.2,95,4.0,355,1021.6,100,100,0,0,0.0,0.0,43.6591,-70.2568,2022,10,11,7
2022-10-11 08:00:00,28.0,5.0,23.0,42.8,6.6,91,5.1,8,1022.8,71,100,0,21,0.0,0.0,43.6591,-70.2568,2022,10,11,8
2022-10-11 09:00:00,103.0,30.0,73.0,108.2,8.0,86,5.1,8,1023.1,51,51,0,0,0.0,1444.75,43.6591,-70.2568,2022,10,11,9
2022-10-11 10:00:00,233.0,87.0,146.0,205.0,10.0,83,3.2,360,1023.0,100,100,0,0,0.0,3600.0,43.6591,-70.2568,2022,10,11,10
2022-10-11 11:00:00,259.0,44.0,215.0,82.0,11.1,82,2.9,270,1022.7,100,100,0,0,0.0,660.0,43.6591,-70.2568,2022,10,11,11
2022-10-11 12:00:00,231.0,42.0,189.0,69.3,11.6,79,3.3,229,1022.3,67,67,0,0,0.2,278.03,43.6591,-70.2568,2022,10,11,12
2022-10-11 13:00:00,470.0,261.0,209.0,415.0,13.3,64,4.1,218,1021.6,100,100,0,0,0.1,3600.0,43.6591,-70.2568,2022,10,11,13
2022-10-11 14:00:00,438.0,210.0,228.0,348.5,14.0,57,4.0,185,1020.5,42,18,0,29,0.0,3600.0,43.6591,-70.2568,2022,10,11,14
2022-10-11 15:00:00,487.0,373.0,114.0,704.5,14.6,54,4.5,166,1019.8,10,1,0,10,0.0,3600.0,43.6591,-70.2568,2022,10,11,15
2022-10-11 16:00:00,384.0,312.0,72.0,753.2,13.6,69,9.1,146,1019.4,0,0,0,0,0.0,3600.0,43.6591,-70.2568,2022,10,11,16
2022-10-11 17:00:00,222.0,168.0,54.0,634.3,12.3,83,9.3,152,1019.5,0,0,0,0,0.0,3600.0,43.6591,-70.2568,2022,10,11,17
2022-10-11 18:00:00,60.0,38.0,22.0,345.9,10.4,93,9.8,156,1019.1,0,0,0,0,0.0,3596.58,43.6591,-70.2568,2022,10,11,18
2022-10-11 19:00:00,0.0,0.0,0.0,0.0,9.9,94,9.6,167,1019.0,20,0,0,20,0.0,0.0,43.6591,-70.2568,2022,10,11,19
2022-10-11 20:00:00,0.0,0.0,0.0,0.0,9.8,90,9.6,200,1019.1,34,0,0,16,0.0,0.0,43.6591,-70.2568,2022,10,11,20
2022-10-11 21:00:00,0.0,0.0,0.0,0.0,9.4,88,10.4,224,1019.3,29,0,0,29,0.0,0.0,43.6591,-70.2568,2022,10,11,21
2022-10-11 22:00:00,0.0,0.0,0.0,0.0,8.2,85,11.5,238,1019.5,0,0,0,0,0.0,0.0,43.6591,-70.2568,2022,10,11,22
2022-10-11 23:00:00,0.0,0.0,0.0,0.0,7.4,83,10.7,250,1019.4,7,0,0,7,0.0,0.0,43.6591,-70.2568,2022,10,11,23
2022-10-12 00:00:00,0.0,0.0,0.0,0.0,7.4,80,11.3,263,1019.0,12,0,0,12,0.0,0.0,43.6591,-70.2568,2022,10,12,0
2022-10-12 01:00:00,0.0,0.0,0.0,0.0,7.6,80,9.7,270,1018.7,0,0,0,0,0.0,0.0,43.6591,-70.2568,2022,10,12,1
2022-10-12 02:00:00,0.0,0.0,0.0,0.0,7.8,81,7.9,273,1018.5,0,0,0,0,0.0,0.0,43.6591,-70.2568,2022,10,12,2
2022-10-12 03:00:00,0.0,0.0,0.0,0.0,7.1,86,6.5,270,1018.5,0,0,0,0,0.0,0.0,43.6591,-70.2568,2022,10,12,3
2022-10-12 04:00:00,0.0,0.0,0.0,0.0,8.4,79,4.7,293,1018.3,0,0,0,0,0.0,0.0,43.6591,-70.2568,2022,10,12,4
2022-10-12 05:00:00,0.0,0.0,0.0,0.0,8.4,80,3.1,249,1018.5,0,0,0,0,0.0,0.0,43.6591,-70.2568,2022,10,12,5
2022-10-12 06:00:00,0.0,0.0,0.0,0.0,7.9,82,4.0,297,1018.8,0,0,0,0,0.0,0.0,43.6591,-70.2568,2022,10,12,6
2022-10-12 07:00:00,0.0,0.0,0.0,0.0,6.0,92,3.2,333,1018.8,0,0,0,0,0.0,0.0,43.6591,-70.2568,2022,10,12,7
2022-10-12 08:00:00,63.0,36.0,27.0,313.6,7.6,92,4.6,321,1019.6,5,0,0,0,0.0,3600.0,43.6591,-70.2568,2022,10,12,8
2022-10-12 09:00:00,222.0,158.0,64.0,578.2,11.0,82,2.6,286,1019.7,85,0,0,85,0.0,3600.0,43.6591,-70.2568,2022,10,12,9
2022-10-12 10:00:00,389.0,319.0,70.0,759.5,13.9,74,2.1,239,1019.6,95,0,0,95,0.0,3600.0,43.6591,-70.2568,2022,10,12,10
2022-10-12 11:00:00,504.0,402.0,102.0,755.7,16.4,66,1.8,191,1019.3,97,0,0,97,0.0,3600.0,43.6591,-70.2568,2022,10,12,11
2022-10-12 12:00:00,545.0,367.0,178.0,610.1,18.0,63,2.8,140,1018.8,86,0,0,86,0.0,3600.0,43.6591,-70.2568,2022,10,12,12
2022-10-12 13:00:00,575.0,411.0,164.0,658.8,18.6,63,7.9,137,1018.0,22,0,0,22,0.0,3600.0,43.6591,-70.2568,2022,10,12,13
2022-10-12 14:00:00,592.0,511.0,81.0,855.3,18.2,66,10.5,139,1017.2,91,1,0,91,0.0,3600.0,43.6591,-70.2568,2022,10,12,14
2022-10-12 15:00:00,500.0,409.0,91.0,780.4,17.4,67,10.7,138,1016.6,99,1,0,99,0.0,3600.0,43.6591,-70.2568,2022,10,12,15
2022-10-12 16:00:00,365.0,279.0,86.0,682.5,16.1,68,10.2,157,1016.4,100,0,0,100,0.0,3600.0,43.6591,-70.2568,2022,10,12,16
2022-10-12 17:00:00,190.0,100.0,90.0,385.4,15.2,72,11.9,180,1016.1,100,0,0,100,0.0,3600.0,43.6591,-70.2568,2022,10,12,17
2022-10-12 18:00:00,51.0,22.0,29.0,205.5,13.9,75,13.1,188,1015.8,100,0,0,100,0.0,3494.6,43.6591,-70.2568,2022,10,12,18
2022-10-12 19:00:00,0.0,0.0,0.0,0.0,13.3,78,13.6,191,1016.2,100,0,0,100,0.0,0.0,43.6591,-70.2568,2022,10,12,19
2022-10-12 20:00:00,0.0,0.0,0.0,0.0,13.2,81,12.8,196,1015.9,100,0,0,100,0.0,0.0,43.6591,-70.2568,2022,10,12,20
2022-10-12 21:00:00,0.0,0.0,0.0,0.0,13.4,82,14.1,199,1015.6,100,0,0,100,0.0,0.0,43.6591,-70.2568,2022,10,12,21
2022-10-12 22:00:00,0.0,0.0,0.0,0.0,13.6,73,14.7,211,1015.7,100,0,0,100,0.0,0.0,43.6591,-70.2568,2022,10,12,22
2022-10-12 23:00:00,0.0,0.0,0.0,0.0,12.7,73,13.4,211,1015.7,100,0,0,100,0.0,0.0,43.6591,-70.2568,2022,10,12,23
2022-10-13 00:00:00,0.0,0.0,0.0,0.0,12.4,72,13.4,207,1015.7,100,0,8,100,0.0,0.0,43.6591,-70.2568,2022,10,13,0
2022-10-13 01:00:00,0.0,0.0,0.0,0.0,12.1,72,13.0,208,1015.6,100,0,0,100,0.0,0.0,43.6591,-70.2568,2022,10,13,1
2022-10-13 02:00:00,0.0,0.0,0.0,0.0,11.5,74,12.6,207,1015.3,100,0,1,100,0.0,0.0,43.6591,-70.2568,2022,10,13,2
2022-10-13 03:00:00,0.0,0.0,0.0,0.0,11.0,79,12.1,207,1015.0,99,1,50,99,0.0,0.0,43.6591,-70.2568,2022,10,13,3
2022-10-13 04:00:00,0.0,0.0,0.0,0.0,10.8,86,11.3,211,1015.0,100,100,1,100,0.0,0.0,43.6591,-70.2568,2022,10,13,4
2022-10-13 05:00:00,0.0,0.0,0.0,0.0,11.8,88,10.4,194,1014.7,100,100,10,87,0.0,0.0,43.6591,-70.2568,2022,10,13,5
2022-10-13 06:00:00,0.0,0.0,0.0,0.0,13.1,89,12.6,183,1014.1,100,27,2,100,0.0,0.0,43.6591,-70.2568,2022,10,13,6
2022-10-13 07:00:00,0.0,0.0,0.0,0.0,13.7,92,14.8,180,1013.8,100,100,73,95,0.0,0.0,43.6591,-70.2568,2022,10,13,7
2022-10-13 08:00:00,26.0,0.0,26.0,0.0,14.6,89,15.6,173,1013.8,100,100,18,39,0.0,0.0,43.6591,-70.2568,2022,10,13,8
2022-10-13 09:00:00,149.0,51.0,98.0,189.5,15.9,83,14.3,170,1014.0,99,47,8,98,0.0,3600.0,43.6591,-70.2568,2022,10,13,9
2022-10-13 10:00:00,317.0,197.0,120.0,474.0,16.9,74,18.2,172,1013.8,100,22,14,100,0.0,3600.0,43.6591,-70.2568,2022,10,13,10
2022-10-13 11:00:00,430.0,251.0,179.0,476.0,17.6,69,20.0,173,1014.0,58,24,46,15,0.0,3600.0,43.6591,-70.2568,2022,10,13,11
2022-10-13 12:00:00,424.0,263.0,161.0,440.8,17.4,70,19.8,168,1014.1,100,100,100,99,0.1,3600.0,43.6591,-70.2568,2022,10,13,12
2022-10-13 13:00:00,170.0,11.0,159.0,17.8,16.4,75,19.9,163,1013.9,100,100,100,100,0.0,0.0,43.6591,-70.2568,2022,10,13,13
2022-10-13 14:00:00,158.0,17.0,141.0,28.7,16.1,77,18.4,157,1013.0,100,7,100,100,0.1,0.0,43.6591,-70.2568,2022,10,13,14
2022-10-13 15:00:00,105.0,7.0,98.0,13.5,15.9,81,16.3,149,1012.5,100,8,100,100,0.0,0.0,43.6591,-70.2568,2022,10,13,15
2022-10-13 16:00:00,68.0,2.0,66.0,5.0,15.6,82,15.6,146,1012.0,100,49,100,100,0.0,0.0,43.6591,-70.2568,2022,10,13,16
2022-10-13 17:00:00,38.0,0.0,38.0,0.0,15.7,79,19.4,145,1011.6,100,36,100,100,0.0,0.0,43.6591,-70.2568,2022,10,13,17
2022-10-13 18:00:00,11.0,0.0,11.0,0.0,15.6,81,19.8,153,1011.7,100,25,80,100,0.0,0.0,43.6591,-70.2568,2022,10,13,18
2022-10-13 19:00:00,0.0,0.0,0.0,0.0,15.4,86,21.9,155,1011.7,100,23,98,100,0.2,0.0,43.6591,-70.2568,2022,10,13,19
2022-10-13 20:00:00,0.0,0.0,0.0,0.0,14.0,100,18.1,137,1012.1,100,88,100,100,1.2,0.0,43.6591,-70.2568,2022,10,13,20
2022-10-13 21:00:00,0.0,0.0,0.0,0.0,14.5,100,22.1,136,1011.4,100,35,100,100,1.2,0.0,43.6591,-70.2568,2022,10,13,21
2022-10-13 22:00:00,0.0,0.0,0.0,0.0,14.7,100,24.1,141,1011.0,100,22,100,100,2.7,0.0,43.6591,-70.2568,2022,10,13,22
2022-10-13 23:00:00,0.0,0.0,0.0,0.0,14.9,99,25.0,147,1010.7,100,25,100,100,4.3,0.0,43.6591,-70.2568,2022,10,13,23
2022-10-14 00:00:00,0.0,0.0,0.0,0.0,15.2,100,25.4,148,1009.9,100,14,100,100,1.7,0.0,43.6591,-70.2568,2022,10,14,0
2022-10-14 01:00:00,0.0,0.0,0.0,0.0,15.3,100,23.2,152,1009.6,100,100,100,100,1.4,0.0,43.6591,-70.2568,2022,10,14,1
2022-10-14 02:00:00,0.0,0.0,0.0,0.0,15.6,100,23.1,162,1009.6,100,100,100,100,1.5,0.0,43.6591,-70.2568,2022,10,14,2
2022-10-14 03:00:00,0.0,0.0,0.0,0.0,15.7,100,23.1,159,1008.8,100,44,100,100,1.0,0.0,43.6591,-70.2568,2022,10,14,3
2022-10-14 04:00:00,0.0,0.0,0.0,0.0,16.1,100,29.4,158,1008.0,100,37,100,100,1.1,0.0,43.6591,-70.2568,2022,10,14,4
2022-10-14 05:00:00,0.0,0.0,0.0,0.0,15.9,100,30.3,155,1008.3,100,93,100,100,1.6,0.0,43.6591,-70.2568,2022,10,14,5
2022-10-14 06:00:00,0.0,0.0,0.0,0.0,15.9,100,29.8,152,1008.1,100,100,99,100,2.5,0.0,43.6591,-70.2568,2022,10,14,6
2022-10-14 07:00:00,0.0,0.0,0.0,0.0,16.0,100,27.4,150,1007.7,100,100,100,100,2.2,0.0,43.6591,-70.2568,2022,10,14,7
2022-10-14 08:00:00,4.0,0.0,4.0,0.0,15.7,100,22.7,139,1008.4,100,100,100,100,2.0,0.0,43.6591,-70.2568,2022,10,14,8
2022-10-14 09:00:00,25.0,0.0,25.0,0.0,15.8,100,19.4,137,1008.5,100,100,100,100,7.3,0.0,43.6591,-70.2568,2022,10,14,9
2022-10-14 10:00:00,28.0,0.0,28.0,0.0,16.0,100,23.0,151,1007.9,100,100,100,100,8.3,0.0,43.6591,-70.2568,2022,10,14,10
2022-10-14 11:00:00,48.0,0.0,48.0,0.0,17.0,94,37.1,146,1007.1,100,19,99,100,0.8,0.0,43.6591,-70.2568,2022,10,14,11
2022-10-14 12:00:00,198.0,29.0,169.0,49.0,17.2,95,41.2,153,1006.9,100,100,99,100,3.4,0.0,43.6591,-70.2568,2022,10,14,12
2022-10-14 13:00:00,63.0,0.0,63.0,0.0,16.4,100,35.9,159,1006.9,100,100,99,100,1.3,0.0,43.6591,-70.2568,2022,10,14,13
2022-10-14 14:00:00,60.0,5.0,55.0,8.5,16.4,100,30.9,168,1007.1,100,100,100,100,2.0,0.0,43.6591,-70.2568,2022,10,14,14
2022-10-14 15:00:00,80.0,0.0,80.0,0.0,16.5,100,26.9,172,1007.3,100,100,100,100,1.7,0.0,43.6591,-70.2568,2022,10,14,15
2022-10-14 16:00:00,43.0,0.0,43.0,0.0,16.3,100,20.0,172,1007.4,100,100,78,100,1.0,0.0,43.6591,-70.2568,2022,10,14,16
2022-10-14 17:00:00,18.0,0.0,18.0,0.0,16.0,100,15.0,170,1007.5,100,100,26,100,1.4,0.0,43.6591,-70.2568,2022,10,14,17
2022-10-14 18:00:00,8.0,0.0,8.0,0.0,15.9,100,10.1,174,1007.5,100,100,48,95,0.4,0.0,43.6591,-70.2568,2022,10,14,18
2022-10-14 19:00:00,0.0,0.0,0.0,0.0,15.6,100,6.5,161,1007.9,100,100,2,9,0.0,0.0,43.6591,-70.2568,2022,10,14,19
2022-10-14 20:00:00,0.0,0.0,0.0,0.0,15.5,100,7.1,229,1009.5,100,100,0,100,0.0,0.0,43.6591,-70.2568,2022,10,14,20
2022-10-14 21:00:00,0.0,0.0,0.0,0.0,16.0,99,10.4,272,1009.7,100,95,0,100,0.0,0.0,43.6591,-70.2568,2022,10,14,21
2022-10-14 22:00:00,0.0,0.0,0.0,0.0,15.1,98,8.0,280,1010.2,100,83,0,100,0.0,0.0,43.6591,-70.2568,2022,10,14,22
2022-10-14 23:00:00,0.0,0.0,0.0,0.0,14.8,98,9.7,301,1010.7,100,97,0,100,0.0,0.0,43.6591,-70.2568,2022,10,14,23
2022-10-15 00:00:00,0.0,0.0,0.0,0.0,14.9,98,11.0,322,1010.6,100,27,0,100,0.0,0.0,43.6591,-70.2568,2022,10,15,0
2022-10-15 01:00:00,0.0,0.0,0.0,0.0,13.9,96,13.5,331,1010.5,75,4,0,74,0.0,0.0,43.6591,-70.2568,2022,10,15,1
2022-10-15 02:00:00,0.0,0.0,0.0,0.0,12.7,96,13.8,327,1010.9,94,5,0,94,0.0,0.0,43.6591,-70.2568,2022,10,15,2
2022-10-15 03:00:00,0.0,0.0,0.0,0.0,12.0,95,14.0,325,1010.9,100,92,0,100,0.0,0.0,43.6591,-70.2568,2022,10,15,3
2022-10-15 04:00:00,0.0,0.0,0.0,0.0,12.1,93,13.0,326,1010.8,100,100,2,57,0.0,0.0,43.6591,-70.2568,2022,10,15,4
2022-10-15 05:00:00,0.0,0.0,0.0,0.0,12.0,91,11.6,324,1010.8,100,100,0,24,0.0,0.0,43.6591,-70.2568,2022,10,15,5
2022-10-15 06:00:00,0.0,0.0,0.0,0.0,12.5,86,9.3,324,1010.5,100,100,0,12,0.0,0.0,43.6591,-70.2568,2022,10,15,6
2022-10-15 07:00:00,0.0,0.0,0.0,0.0,12.7,83,6.9,298,1011.0,100,100,0,0,0.0,0.0,43.6591,-70.2568,2022,10,15,7
2022-10-15 08:00:00,23.0,2.0,21.0,18.4,12.7,89,6.4,297,1012.3,100,100,0,0,0.0,0.0,43.6591,-70.2568,2022,10,15,8
2022-10-15 09:00:00,130.0,29.0,101.0,111.2,14.0,85,4.8,283,1012.6,44,44,0,0,0.0,1536.06,43.6591,-70.2568,2022,10,15,9
2022-10-15 10:00:00,334.0,219.0,115.0,538.4,15.6,78,4.7,266,1012.4,16,16,0,0,0.0,3600.0,43.6591,-70.2568,2022,10,15,10
2022-10-15 11:00:00,488.0,393.0,95.0,758.7,17.1,73,4.7,212,1012.3,0,0,0,0,0.0,3600.0,43.6591,-70.2568,2022,10,15,11
2022-10-15 12:00:00,569.0,470.0,99.0,801.0,18.2,65,5.4,188,1012.0,1,1,0,0,0.0,3600.0,43.6591,-70.2568,2022,10,15,12
2022-10-15 13:00:00,610.0,530.0,80.0,871.0,18.6,61,8.4,160,1011.4,23,0,23,0,0.0,3600.0,43.6591,-70.2568,2022,10,15,13
2022-10-15 14:00:00,505.0,380.0,125.0,653.4,18.0,69,9.5,155,1010.6,15,0,15,0,0.0,3600.0,43.6591,-70.2568,2022,10,15,14
2022-10-15 15:00:00,473.0,380.0,93.0,748.1,17.5,77,10.6,156,1010.2,0,0,0,0,0.0,3600.0,43.6591,-70.2568,2022,10,15,15
2022-10-15 16:00:00,361.0,294.0,67.0,748.9,16.5,85,11.1,155,1010.2,0,0,0,0,0.0,3600.0,43.6591,-70.2568,2022,10,15,16
2022-10-15 17:00:00,200.0,150.0,50.0,616.5,14.9,88,10.2,162,1009.9,0,0,0,0,0.0,3600.0,43.6591,-70.2568,2022,10,15,17
2022-10-15 18:00:00,46.0,28.0,18.0,283.3,13.2,81,10.6,190,1010.1,0,0,0,0,0.0,3189.82,43.6591,-70.2568,2022,10,15,18
2022-10-15 19:00:00,0.0,0.0,0.0,0.0,12.5,82,10.6,198,1010.2,0,0,0,0,0.0,0.0,43.6591,-70.2568,2022,10,15,19
2022-10-15 20:00:00,0.0,0.0,0.0,0.0,11.7,94,8.9,201,1011.0,0,0,0,0,0.0,0.0,43.6591,-70.2568,2022,10,15,20
2022-10-15 21:00:00,0.0,0.0,0.0,0.0,11.5,93,9.9,213,1011.2,0,0,0,0,0.0,0.0,43.6591,-70.2568,2022,10,15,21
2022-10-15 22:00:00,0.0,0.0,0.0,0.0,11.4,90,9.8,216,1011.5,0,0,0,0,0.0,0.0,43.6591,-70.2568,2022,10,15,22
2022-10-15 23:00:00,0.0,0.0,0.0,0.0,11.4,87,9.7,211,1011.3,0,0,0,0,0.0,0.0,43.6591,-70.2568,2022,10,15,23
2022-10-16 00:00:00,0.0,0.0,0.0,0.0,11.0,89,9.4,223,1011.1,0,0,0,0,0.0,0.0,43.6591,-70.2568,2022,10,16,0
2022-10-16 01:00:00,0.0,0.0,0.0,0.0,10.3,92,10.0,244,1010.9,0,0,0,0,0.0,0.0,43.6591,-70.2568,2022,10,16,1
2022-10-16 02:00:00,0.0,0.0,0.0,0.0,9.7,92,10.0,257,1010.5,0,0,0,0,0.0,0.0,43.6591,-70.2568,2022,10,16,2
2022-10-16 03:00:00,0.0,0.0,0.0,0.0,9.3,91,9.7,270,1010.4,0,0,0,0,0.0,0.0,43.6591,-70.2568,2022,10,16,3
2022-10-16 04:00:00,0.0,0.0,0.0,0.0,9.0,91,9.4,268,1010.2,0,0,0,0,0.0,0.0,43.6591,-70.2568,2022,10,16,4
2022-10-16 05:00:00,0.0,0.0,0.0,0.0,9.3,89,6.1,298,1010.3,0,0,0,0,0.0,0.0,43.6591,-70.2568,2022,10,16,5
2022-10-16 06:00:00,0.0,0.0,0.0,0.0,9.5,90,6.0,343,1010.7,3,1,3,0,0.0,0.0,43.6591,-70.2568,2022,10,16,6
2022-10-16 07:00:00,0.0,0.0,0.0,0.0,9.5,91,8.7,343,1011.0,1,0,1,0,0.0,0.0,43.6591,-70.2568,2022,10,16,7
2022-10-16 08:00:00,55.0,34.0,21.0,319.5,10.0,92,13.0,360,1011.3,1,3,0,0,0.0,3505.92,43.6591,-70.2568,2022,10,16,8
2022-10-16 09:00:00,212.0,160.0,52.0,623.6,11.7,78,12.1,12,1011.3,4,1,3,0,0.0,3600.0,43.6591,-70.2568,2022,10,16,9
2022-10-16 10:00:00,370.0,301.0,69.0,748.1,13.4,71,10.1,17,1011.0,21,2,21,0,0.0,3600.0,43.6591,-70.2568,2022,10,16,10
2022-10-16 11:00:00,474.0,368.0,106.0,717.0,15.0,63,7.4,23,1010.6,14,13,13,0,0.0,3600.0,43.6591,-70.2568,2022,10,16,11
2022-10-16 12:00:00,565.0,465.0,100.0,799.2,16.2,58,5.2,56,1010.3,9,9,0,0,0.0,3600.0,43.6591,-70.2568,2022,10,16,12
2022-10-16 13:00:00,597.0,506.0,91.0,838.6,16.6,58,6.3,103,1009.8,2,2,0,0,0.0,3600.0,43.6591,-70.2568,2022,10,16,13
2022-10-16 14:00:00,570.0,490.0,80.0,850.2,16.2,62,8.5,118,1008.9,15,0,0,15,0.0,3600.0,43.6591,-70.2568,2022,10,16,14
2022-10-16 15:00:00,485.0,411.0,74.0,817.8,15.5,68,7.6,121,1008.4,77,1,0,77,0.0,3600.0,43.6591,-70.2568,2022,10,16,15
2022-10-16 16:00:00,342.0,261.0,81.0,674.1,14.7,74,6.4,117,1008.1,100,1,26,100,0.0,3600.0,43.6591,-70.2568,2022,10,16,16
2022-10-16 17:00:00,134.0,32.0,102.0,134.5,13.4,82,5.1,141,1008.2,36,3,6,31,0.0,2234.46,43.6591,-70.2568,2022,10,16,17
2022-10-16 18:00:00,39.0,18.0,21.0,187.3,11.7,92,3.9,146,1007.6,16,0,16,0,0.0,3088.99,43.6591,-70.2568,2022,10,16,18
2022-10-16 19:00:00,0.0,0.0,0.0,0.0,10.3,97,5.8,210,1007.4,34,0,2,34,0.0,0.0,43.6591,-70.2568,2022,10,16,19
2022-10-16 20:00:00,0.0,0.0,0.0,0.0,9.8,100,3.2,270,1007.2,100,100,0,100,0.0,0.0,43.6591,-70.2568,2022,10,16,20
2022-10-16 21:00:00,0.0,0.0,0.0,0.0,10.3,100,4.5,256,1007.1,100,100,11,100,0.0,0.0,43.6591,-70.2568,2022,10,16,21
2022-10-16 22:00:00,0.0,0.0,0.0,0.0,9.9,100,5.0,270,1007.4,100,100,22,60,0.0,0.0,43.6591,-70.2568,2022,10,16,22
2022-10-16 23:00:00,0.0,0.0,0.0,0.0,9.3,100,3.6,315,1007.0,100,100,0,0,0.0,0.0,43.6591,-70.2568,2022,10,16,23
2022-10-17 00:00:00,0.0,0.0,0.0,0.0,8.6,100,4.1,308,1007.0,100,100,3,0,0.0,0.0,43.6591,-70.2568,2022,10,17,0
2022-10-17 01:00:00,0.0,0.0,0.0,0.0,8.4,100,5.5,337,1006.6,100,100,0,0,0.0,0.0,43.6591,-70.2568,2022,10,17,1
2022-10-17 02:00:00,0.0,0.0,0.0,0.0,8.4,100,4.0,297,1006.2,100,100,0,0,0.0,0.0,43.6591,-70.2568,2022,10,17,2
2022-10-17 03:00:00,0.0,0.0,0.0,0.0,8.4,99,5.1,278,1006.2,100,100,0,0,0.0,0.0,43.6591,-70.2568,2022,10,17,3
2022-10-17 04:00:00,0.0,0.0,0.0,0.0,8.5,99,4.8,318,1005.8,100,100,36,0,0.0,0.0,43.6591,-70.2568,2022,10,17,4
2022-10-17 05:00:00,0.0,0.0,0.0,0.0,8.5,99,4.7,356,1005.5,100,100,0,94,0.0,0.0,43.6591,-70.2568,2022,10,17,5
2022-10-17 06:00:00,0.0,0.0,0.0,0.0,8.2,100,3.6,37,1005.7,100,100,12,100,0.0,0.0,43.6591,-70.2568,2022,10,17,6
2022-10-17 07:00:00,0.0,0.0,0.0,0.0,8.0,100,4.6,45,1005.7,100,100,0,16,0.0,0.0,43.6591,-70.2568,2022,10,17,7
2022-10-17 08:00:00,27.0,5.0,22.0,47.9,7.4,99,4.5,14,1006.3,100,100,0,100,0.0,0.0,43.6591,-70.2568,2022,10,17,8
2022-10-17 09:00:00,119.0,23.0,96.0,91.1,8.3,98,3.2,63,1006.2,100,100,0,94,0.0,933.89,43.6591,-70.2568,2022,10,17,9
2022-10-17 10:00:00,222.0,45.0,177.0,113.1,9.9,94,3.3,96,1006.3,100,100,0,100,0.0,1593.01,43.6591,-70.2568,2022,10,17,10
2022-10-17 11:00:00,298.0,81.0,217.0,159.3,11.2,92,4.7,90,1005.8,100,100,0,100,0.0,2978.13,43.6591,-70.2568,2022,10,17,11
2022-10-17 12:00:00,268.0,15.0,253.0,26.0,11.9,90,7.7,127,1005.8,100,100,100,100,0.0,0.0,43.6591,-70.2568,2022,10,17,12
2022-10-17 13:00:00,128.0,0.0,128.0,0.0,11.0,94,8.4,121,1005.8,100,100,100,100,0.0,0.0,43.6591,-70.2568,2022,10,17,13
2022-10-17 14:00:00,150.0,3.0,147.0,5.3,11.5,93,10.6,108,1004.7,100,100,87,5,0.0,0.0,43.6591,-70.2568,2022,10,17,14
2022-10-17 15:00:00,120.0,10.0,110.0,20.1,11.8,93,11.6,97,1004.2,100,100,88,100,0.0,0.0,43.6591,-70.2568,2022,10,17,15
2022-10-17 16:00:00,93.0,2.0,91.0,5.2,12.3,91,15.2,112,1004.1,100,100,85,100,0.1,0.0,43.6591,-70.2568,2022,10,17,16
2022-10-17 17:00:00,38.0,0.0,38.0,0.0,12.8,96,13.6,101,1003.3,100,100,100,100,0.3,0.0,43.6591,-70.2568,2022,10,17,17
2022-10-17 18:00:00,10.0,0.0,10.0,0.0,12.9,98,14.8,108,1002.6,100,100,99,100,0.0,0.0,43.6591,-70.2568,2022,10,17,18
2022-10-17 19:00:00,0.0,0.0,0.0,0.0,13.3,98,14.1,122,1002.6,100,100,9,100,0.0,0.0,43.6591,-70.2568,2022,10,17,19
2022-10-17 20:00:00,0.0,0.0,0.0,0.0,12.9,96,14.2,106,1002.8,100,100,11,98,0.1,0.0,43.6591,-70.2568,2022,10,17,20
2022-10-17 21:00:00,0.0,0.0,0.0,0.0,13.0,96,14.0,116,1002.1,100,84,43,100,0.1,0.0,43.6591,-70.2568,2022,10,17,21
2022-10-17 22:00:00,0.0,0.0,0.0,0.0,13.1,97,13.7,135,1001.9,100,71,21,100,0.2,0.0,43.6591,-70.2568,2022,10,17,22
2022-10-17 23:00:00,0.0,0.0,0.0,0.0,13.2,96,12.8,142,1001.5,100,100,84,75,0.0,0.0,43.6591,-70.2568,2022,10,17,23
2022-10-18 00:00:00,0.0,0.0,0.0,0.0,13.1,97,10.8,120,1000.8,100,100,100,80,0.1,0.0,43.6591,-70.2568,2022,10,18,0
2022-10-18 01:00:00,0.0,0.0,0.0,0.0,13.0,100,9.4,133,1000.5,100,44,100,100,1.2,0.0,43.6591,-70.2568,2022,10,18,1
2022-10-18 02:00:00,0.0,0.0,0.0,0.0,12.9,100,10.6,114,999.8,100,100,89,100,1.7,0.0,43.6591,-70.2568,2022,10,18,2
2022-10-18 03:00:00,0.0,0.0,0.0,0.0,13.6,100,16.4,151,999.1,100,100,100,100,0.2,0.0,43.6591,-70.2568,2022,10,18,3
2022-10-18 04:00:00,0.0,0.0,0.0,0.0,13.9,100,18.7,155,998.3,100,100,100,100,0.7,0.0,43.6591,-70.2568,2022,10,18,4
2022-10-18 05:00:00,0.0,0.0,0.0,0.0,13.8,100,15.2,166,998.4,100,100,100,94,0.9,0.0,43.6591,-70.2568,2022,10,18,5
2022-10-18 06:00:00,0.0,0.0,0.0,0.0,13.8,100,14.4,184,998.1,100,100,100,93,2.0,0.0,43.6591,-70.2568,2022,10,18,6
2022-10-18 07:00:00,0.0,0.0,0.0,0.0,13.8,100,12.8,170,998.3,100,100,100,74,0.7,0.0,43.6591,-70.2568,2022,10,18,7
2022-10-18 08:00:00,7.0,0.0,7.0,0.0,13.4,100,9.3,144,999.1,100,10,100,44,0.2,0.0,43.6591,-70.2568,2022,10,18,8
2022-10-18 09:00:00,58.0,5.0,53.0,20.1,14.6,99,15.0,145,998.6,98,18,95,61,0.2,0.0,43.6591,-70.2568,2022,10,18,9
2022-10-18 10:00:00,154.0,27.0,127.0,68.6,15.0,97,19.6,154,998.8,98,90,77,33,0.0,258.97,43.6591,-70.2568,2022,10,18,10
2022-10-18 11:00:00,262.0,78.0,184.0,154.8,15.2,95,19.8,168,998.6,100,100,90,78,0.2,2844.34,43.6591,-70.2568,2022,10,18,11
2022-10-18 12:00:00,262.0,81.0,181.0,141.6,15.7,94,19.2,174,998.6,100,100,0,77,1.3,2448.64,43.6591,-70.2568,2022,10,18,12
2022-10-18 13:00:00,106.0,7.0,99.0,11.8,15.7,97,16.3,175,998.6,100,100,51,0,0.0,0.0,43.6591,-70.2568,2022,10,18,13
2022-10-18 14:00:00,157.0,16.0,141.0,28.3,15.9,97,14.9,172,998.1,100,100,34,0,0.1,0.0,43.6591,-70.2568,2022,10,18,14
2022-10-18 15:00:00,167.0,37.0,130.0,75.2,16.1,94,17.0,174,998.1,67,61,28,0,0.0,456.56,43.6591,-70.2568,2022,10,18,15
2022-10-18 16:00:00,179.0,52.0,127.0,138.1,16.1,94,15.0,170,998.5,37,37,1,0,0.0,2343.69,43.6591,-70.2568,2022,10,18,16
2022-10-18 17:00:00,141.0,84.0,57.0,369.5,16.1,90,13.7,198,998.8,2,2,0,0,0.0,3600.0,43.6591,-70.2568,2022,10,18,17
2022-10-18 18:00:00,35.0,19.0,16.0,209.5,14.4,93,9.4,220,999.6,0,0,0,0,0.0,2889.13,43.6591,-70.2568,2022,10,18,18
2022-10-18 19:00:00,0.0,0.0,0.0,0.0,13.3,89,5.7,215,1000.0,0,0,0,0,0.0,0.0,43.6591,-70.2568,2022,10,18,19
2022-10-18 20:00:00,0.0,0.0,0.0,0.0,12.4,98,7.2,233,1000.4,76,22,4,81,0.0,0.0,43.6591,-70.2568,2022,10,18,20
2022-10-18 21:00:00,0.0,0.0,0.0,0.0,12.8,95,7.0,282,1000.3,100,4,11,100,0.0,0.0,43.6591,-70.2568,2022,10,18,21
2022-10-18 22:00:00,0.0,0.0,0.0,0.0,11.6,94,8.7,277,1000.3,100,3,34,100,0.0,0.0,43.6591,-70.2568,2022,10,18,22
2022-10-18 23:00:00,0.0,0.0,0.0,0.0,10.8,90,10.1,274,999.9,100,0,100,95,0.0,0.0,43.6591,-70.2568,2022,10,18,23
2022-10-19 00:00:00,0.0,0.0,0.0,0.0,11.1,82,8.3,275,999.8,100,0,100,33,0.0,0.0,43.6591,-70.2568,2022,10,19,0
2022-10-19 01:00:00,0.0,0.0,0.0,0.0,10.8,83,5.1,262,999.6,100,0,100,0,0.0,0.0,43.6591,-70.2568,2022,10,19,1
2022-10-19 02:00:00,0.0,0.0,0.0,0.0,10.2,87,6.0,253,1000.1,51,0,51,0,0.0,0.0,43.6591,-70.2568,2022,10,19,2
2022-10-19 03:00:00,0.0,0.0,0.0,0.0,9.0,93,6.9,261,1000.2,59,0,59,0,0.0,0.0,43.6591,-70.2568,2022,10,19,3
2022-10-19 04:00:00,0.0,0.0,0.0,0.0,8.4,94,6.8,267,1000.1,5,0,5,0,0.0,0.0,43.6591,-70.2568,2022,10,19,4
2022-10-19 05:00:00,0.0,0.0,0.0,0.0,7.3,95,7.3,259,1000.3,0,0,0,0,0.0,0.0,43.6591,-70.2568,2022,10,19,5
2022-10-19 06:00:00,0.0,0.0,0.0,0.0,6.2,96,8.9,256,1000.5,1,1,0,0,0.0,0.0,43.6591,-70.2568,2022,10,19,6
2022-10-19 07:00:00,0.0,0.0,0.0,0.0,5.2,97,9.7,255,1000.9,0,0,0,0,0.0,0.0,43.6591,-70.2568,2022,10,19,7
2022-10-19 08:00:00,51.0,33.0,18.0,329.7,6.2,93,9.7,243,1001.5,0,1,0,0,0.0,3279.44,43.6591,-70.2568,2022,10,19,8
2022-10-19 09:00:00,210.0,161.0,49.0,660.0,8.4,84,8.4,227,1001.9,34,0,0,34,0.0,3600.0,43.6591,-70.2568,2022,10,19,9
2022-10-19 10:00:00,371.0,304.0,67.0,781.7,11.0,71,10.6,215,1002.5,0,0,0,0,0.0,3600.0,43.6591,-70.2568,2022,10,19,10
2022-10-19 11:00:00,501.0,430.0,71.0,861.5,12.9,53,15.9,218,1002.8,0,0,0,0,0.0,3600.0,43.6591,-70.2568,2022,10,19,11
2022-10-19 12:00:00,580.0,504.0,76.0,888.9,13.7,45,17.6,221,1003.4,0,0,0,0,0.0,3600.0,43.6591,-70.2568,2022,10,19,12
2022-10-19 13:00:00,603.0,527.0,76.0,896.3,13.9,44,16.2,212,1003.2,3,2,3,0,0.0,3600.0,43.6591,-70.2568,2022,10,19,13
2022-10-19 14:00:00,566.0,484.0,82.0,863.5,13.9,44,15.0,201,1002.9,2,2,0,0,0.0,3600.0,43.6591,-70.2568,2022,10,19,14
2022-10-19 15:00:00,486.0,414.0,72.0,850.8,13.6,48,16.5,191,1002.8,5,2,3,0,0.0,3600.0,43.6591,-70.2568,2022,10,19,15
2022-10-19 16:00:00,340.0,268.0,72.0,722.0,13.1,48,15.3,189,1003.1,1,1,0,0,0.0,3600.0,43.6591,-70.2568,2022,10,19,16
2022-10-19 17:00:00,186.0,138.0,48.0,621.2,12.0,53,13.2,215,1003.2,1,1,0,0,0.0,3600.0,43.6591,-70.2568,2022,10,19,17
2022-10-19 18:00:00,35.0,21.0,14.0,238.6,10.1,58,12.6,217,1003.9,0,0,0,0,0.0,2790.34,43.6591,-70.2568,2022,10,19,18
2022-10-19 19:00:00,0.0,0.0,0.0,0.0,8.9,60,12.3,212,1004.7,0,0,0,0,0.0,0.0,43.6591,-70.2568,2022,10,19,19
2022-10-19 20:00:00,0.0,0.0,0.0,0.0,9.0,53,14.8,225,1005.3,0,0,0,0,0.0,0.0,43.6591,-70.2568,2022,10,19,20
2022-10-19 21:00:00,0.0,0.0,0.0,0.0,8.0,53,15.2,239,1005.7,0,0,0,0,0.0,0.0,43.6591,-70.2568,2022,10,19,21
2022-10-19 22:00:00,0.0,0.0,0.0,0.0,7.5,56,12.5,237,1006.2,0,0,0,0,0.0,0.0,43.6591,-70.2568,2022,10,19,22
2022-10-19 23:00:00,0.0,0.0,0.0,0.0,6.5,62,12.2,236,1006.3,0,0,0,0,0.0,0.0,43.6591,-70.2568,2022,10,19,23
2022-10-20 00:00:00,0.0,0.0,0.0,0.0,6.0,64,12.8,230,1006.7,0,0,0,0,0.0,0.0,43.6591,-70.2568,2022,10,20,0
2022-10-20 01:00:00,0.0,0.0,0.0,0.0,5.5,67,13.2,227,1006.9,0,0,0,0,0.0,0.0,43.6591,-70.2568,2022,10,20,1
2022-10-20 02:00:00,0.0,0.0,0.0,0.0,5.2,68,13.3,229,1007.3,0,0,0,0,0.0,0.0,43.6591,-70.2568,2022,10,20,2
2022-10-20 03:00:00,0.0,0.0,0.0,0.0,4.9,70,12.5,226,1007.3,0,0,0,0,0.0,0.0,43.6591,-70.2568,2022,10,20,3
2022-10-20 04:00:00,0.0,0.0,0.0,0.0,4.5,72,12.0,231,1007.4,0,0,0,0,0.0,0.0,43.6591,-70.2568,2022,10,20,4
2022-10-20 05:00:00,0.0,0.0,0.0,0.0,4.4,72,12.5,229,1007.6,0,0,0,0,0.0,0.0,43.6591,-70.2568,2022,10,20,5
2022-10-20 06:00:00,0.0,0.0,0.0,0.0,4.1,74,12.3,230,1007.8,0,0,0,0,0.0,0.0,43.6591,-70.2568,2022,10,20,6
2022-10-20 07:00:00,0.0,0.0,0.0,0.0,3.9,75,12.0,229,1008.1,0,0,0,0,0.0,0.0,43.6591,-70.2568,2022,10,20,7
2022-10-20 08:00:00,47.0,29.0,18.0,296.1,5.0,76,13.0,228,1008.7,0,0,0,0,0.0,3203.31,43.6591,-70.2568,2022,10,20,8
2022-10-20 09:00:00,202.0,152.0,50.0,634.1,6.7,70,12.5,231,1009.5,0,0,0,0,0.0,3600.0,43.6591,-70.2568,2022,10,20,9
2022-10-20 10:00:00,365.0,300.0,65.0,780.4,8.7,63,12.2,227,1009.6,0,0,0,0,0.0,3600.0,43.6591,-70.2568,2022,10,20,10
2022-10-20 11:00:00,496.0,424.0,72.0,857.7,10.3,57,13.0,214,1009.4,0,0,0,0,0.0,3600.0,43.6591,-70.2568,2022,10,20,11
2022-10-20 12:00:00,578.0,502.0,76.0,893.2,11.4,53,15.3,195,1009.2,0,0,0,0,0.0,3600.0,43.6591,-70.2568,2022,10,20,12
2022-10-20 13:00:00,604.0,526.0,78.0,902.5,11.9,50,18.7,203,1008.8,15,15,0,0,0.0,3600.0,43.6591,-70.2568,2022,10,20,13
2022-10-20 14:00:00,527.0,412.0,115.0,742.0,12.4,44,20.0,210,1008.2,5,5,0,0,0.0,3600.0,43.6591,-70.2568,2022,10,20,14
2022-10-20 15:00:00,469.0,389.0,80.0,808.2,12.7,40,19.9,222,1008.2,62,61,50,0,0.0,3600.0,43.6591,-70.2568,2022,10,20,15
2022-10-20 16:00:00,310.0,225.0,85.0,614.9,12.3,41,17.9,230,1008.5,1,0,1,0,0.0,3600.0,43.6591,-70.2568,2022,10,20,16
2022-10-20 17:00:00,175.0,125.0,50.0,576.2,11.6,45,15.1,213,1008.4,4,0,4,0,0.0,3600.0,43.6591,-70.2568,2022,10,20,17
2022-10-20 18:00:00,31.0,18.0,13.0,210.8,10.0,51,13.5,205,1008.8,0,0,0,0,0.0,2692.45,43.6591,-70.2568,2022,10,20,18
2022-10-20 19:00:00,0.0,0.0,0.0,0.0,9.2,54,12.3,201,1009.6,2,0,2,0,0.0,0.0,43.6591,-70.2568,2022,10,20,19
2022-10-20 20:00:00,0.0,0.0,0.0,0.0,8.8,54,11.3,217,1010.3,5,0,0,0,0.0,0.0,43.6591,-70.2568,2022,10,20,20
2022-10-20 21:00:00,0.0,0.0,0.0,0.0,8.0,58,13.3,221,1011.0,0,0,0,0,0.0,0.0,43.6591,-70.2568,2022,10,20,21
2022-10-20 22:00:00,0.0,0.0,0.0,0.0,8.0,58,14.3,221,1011.8,2,0,1,1,0.0,0.0,43.6591,-70.2568,2022,10,20,22
2022-10-20 23:00:00,0.0,0.0,0.0,0.0,8.0,60,15.0,222,1012.4,0,0,0,0,0.0,0.0,43.6591,-70.2568,2022,10,20,23
2022-10-21 00:00:00,0.0,0.0,0.0,0.0,7.7,62,15.3,223,1012.5,0,0,0,0,0.0,0.0,43.6591,-70.2568,2022,10,21,0
2022-10-21 01:00:00,0.0,0.0,0.0,0.0,7.1,64,14.6,232,1012.7,0,0,0,0,0.0,0.0,43.6591,-70.2568,2022,10,21,1
2022-10-21 02:00:00,0.0,0.0,0.0,0.0,6.1,69,11.7,236,1013.3,26,0,0,26,0.0,0.0,43.6591,-70.2568,2022,10,21,2
2022-10-21 03:00:00,0.0,0.0,0.0,0.0,5.5,73,10.2,231,1013.7,0,0,0,0,0.0,0.0,43.6591,-70.2568,2022,10,21,3
2022-10-21 04:00:00,0.0,0.0,0.0,0.0,5.1,76,9.7,231,1013.9,0,0,0,0,0.0,0.0,43.6591,-70.2568,2022,10,21,4
2022-10-21 05:00:00,0.0,0.0,0.0,0.0,4.7,78,9.8,246,1014.1,0,0,0,0,0.0,0.0,43.6591,-70.2568,2022,10,21,5
2022-10-21 06:00:00,0.0,0.0,0.0,0.0,4.3,79,10.5,254,1014.4,0,0,0,0,0.0,0.0,43.6591,-70.2568,2022,10,21,6
2022-10-21 07:00:00,0.0,0.0,0.0,0.0,4.2,79,9.7,255,1014.7,0,0,0,0,0.0,0.0,43.6591,-70.2568,2022,10,21,7
2022-10-21 08:00:00,44.0,27.0,17.0,281.8,5.3,79,10.1,253,1015.4,0,0,6,0,0.0,3126.91,43.6591,-70.2568,2022,10,21,8
2022-10-21 09:00:00,196.0,146.0,50.0,620.0,7.6,73,7.4,247,1016.5,92,0,92,0,0.0,3600.0,43.6591,-70.2568,2022,10,21,9
2022-10-21 10:00:00,255.0,99.0,156.0,260.6,9.7,66,6.0,237,1016.7,0,0,0,0,0.0,3600.0,43.6591,-70.2568,2022,10,21,10
2022-10-21 11:00:00,464.0,358.0,106.0,731.2,12.0,50,7.6,245,1016.9,0,0,0,0,0.0,3600.0,43.6591,-70.2568,2022,10,21,11
2022-10-21 12:00:00,569.0,493.0,76.0,884.9,13.2,43,8.2,232,1016.9,0,0,0,0,0.0,3600.0,43.6591,-70.2568,2022,10,21,12
2022-10-21 13:00:00,592.0,516.0,76.0,893.2,13.9,41,9.4,220,1016.5,0,0,0,0,0.0,3600.0,43.6591,-70.2568,2022,10,21,13
2022-10-21 14:00:00,558.0,483.0,75.0,878.1,14.2,40,10.1,207,1015.8,0,0,0,0,0.0,3600.0,43.6591,-70.2568,2022,10,21,14
2022-10-21 15:00:00,471.0,401.0,70.0,842.3,14.1,42,12.2,199,1015.7,0,0,0,0,0.0,3600.0,43.6591,-70.2568,2022,10,21,15
2022-10-21 16:00:00,338.0,276.0,62.0,765.2,13.4,54,11.5,194,1015.9,0,0,0,0,0.0,3600.0,43.6591,-70.2568,2022,10,21,16
2022-10-21 17:00:00,175.0,129.0,46.0,609.0,11.9,68,10.3,192,1016.0,0,0,0,0,0.0,3600.0,43.6591,-70.2568,2022,10,21,17
2022-10-21 18:00:00,29.0,17.0,12.0,205.3,10.1,74,12.3,187,1016.1,0,0,0,0,0.0,2595.58,43.6591,-70.2568,2022,10,21,18
2022-10-21 19:00:00,0.0,0.0,0.0,0.0,9.3,76,11.0,199,1016.7,0,0,0,0,0.0,0.0,43.6591,-70.2568,2022,10,21,19
2022-10-21 20:00:00,0.0,0.0,0.0,0.0,9.6,81,10.0,206,1016.9,0,0,0,0,0.0,0.0,43.6591,-70.2568,2022,10,21,20
2022-10-21 21:00:00,0.0,0.0,0.0,0.0,9.9,82,9.6,214,1016.9,0,0,0,0,0.0,0.0,43.6591,-70.2568,2022,10,21,21
2022-10-21 22:00:00,0.0,0.0,0.0,0.0,9.2,84,9.0,241,1017.2,0,0,0,0,0.0,0.0,43.6591,-70.2568,2022,10,21,22
2022-10-21 23:00:00,0.0,0.0,0.0,0.0,8.3,87,11.8,239,1017.5,0,0,0,0,0.0,0.0,43.6591,-70.2568,2022,10,21,23
2022-10-22 00:00:00,0.0,0.0,0.0,0.0,7.8,88,12.5,231,1017.8,0,0,0,0,0.0,0.0,43.6591,-70.2568,2022,10,22,0
2022-10-22 01:00:00,0.0,0.0,0.0,0.0,7.6,83,12.8,230,1018.2,0,0,0,0,0.0,0.0,43.6591,-70.2568,2022,10,22,1
2022-10-22 02:00:00,0.0,0.0,0.0,0.0,7.4,82,12.2,227,1018.1,0,0,0,0,0.0,0.0,43.6591,-70.2568,2022,10,22,2
2022-10-22 03:00:00,0.0,0.0,0.0,0.0,6.9,85,11.3,217,1018.0,0,0,0,0,0.0,0.0,43.6591,-70.2568,2022,10,22,3
2022-10-22 04:00:00,0.0,0.0,0.0,0.0,6.5,88,11.8,218,1018.2,0,0,0,0,0.0,0.0,43.6591,-70.2568,2022,10,22,4
2022-10-22 05:00:00,0.0,0.0,0.0,0.0,6.2,89,11.2,228,1018.6,0,0,0,0,0.0,0.0,43.6591,-70.2568,2022,10,22,5
2022-10-22 06:00:00,0.0,0.0,0.0,0.0,5.8,89,10.8,233,1019.0,0,0,0,0,0.0,0.0,43.6591,-70.2568,2022,10,22,6
2022-10-22 07:00:00,0.0,0.0,0.0,0.0,5.6,89,10.4,226,1019.4,0,0,0,0,0.0,0.0,43.6591,-70.2568,2022,10,22,7
2022-10-22 08:00:00,41.0,25.0,16.0,266.8,6.4,83,10.6,215,1020.1,0,0,0,0,0.0,3050.26,43.6591,-70.2568,2022,10,22,8
2022-10-22 09:00:00,192.0,144.0,48.0,622.7,8.6,76,8.6,213,1020.7,0,0,0,0,0.0,3600.0,43.6591,-70.2568,2022,10,22,9
2022-10-22 10:00:00,351.0,288.0,63.0,767.1,11.2,68,6.8,205,1020.7,0,0,0,0,0.0,3600.0,43.6591,-70.2568,2022,10,22,10
2022-10-22 11:00:00,478.0,408.0,70.0,841.4,13.4,62,8.3,185,1021.0,0,0,0,0,0.0,3600.0,43.6591,-70.2568,2022,10,22,11
2022-10-22 12:00:00,557.0,483.0,74.0,874.7,14.9,59,10.1,184,1021.0,0,0,0,0,0.0,3600.0,43.6591,-70.2568,2022,10,22,12
2022-10-22 13:00:00,580.0,505.0,75.0,881.9,15.9,58,10.9,186,1020.6,0,0,0,0,0.0,3600.0,43.6591,-70.2568,2022,10,22,13
2022-10-22 14:00:00,547.0,473.0,74.0,868.1,16.3,59,11.5,176,1020.3,0,0,0,0,0.0,3600.0,43.6591,-70.2568,2022,10,22,14
2022-10-22 15:00:00,459.0,390.0,69.0,828.3,15.9,64,12.3,175,1020.2,0,0,0,0,0.0,3600.0,43.6591,-70.2568,2022,10,22,15
2022-10-22 16:00:00,326.0,265.0,61.0,745.4,15.4,68,11.2,184,1020.2,0,0,0,0,0.0,3600.0,43.6591,-70.2568,2022,10,22,16
2022-10-22 17:00:00,166.0,121.0,45.0,585.2,13.9,75,12.8,191,1020.4,0,0,0,0,0.0,3600.0,43.6591,-70.2568,2022,10,22,17
2022-10-22 18:00:00,26.0,15.0,11.0,187.0,12.3,80,11.3,207,1020.9,80,0,0,80,0.0,2499.86,43.6591,-70.2568,2022,10,22,18
2022-10-22 19:00:00,0.0,0.0,0.0,0.0,11.6,82,11.8,211,1021.7,100,0,0,100,0.0,0.0,43.6591,-70.2568,2022,10,22,19
2022-10-22 20:00:00,0.0,0.0,0.0,0.0,11.7,81,12.9,216,1021.5,96,0,0,100,0.0,0.0,43.6591,-70.2568,2022,10,22,20
2022-10-22 21:00:00,0.0,0.0,0.0,0.0,10.7,83,10.9,226,1021.8,48,0,0,48,0.0,0.0,43.6591,-70.2568,2022,10,22,21
2022-10-22 22:00:00,0.0,0.0,0.0,0.0,10.0,84,7.7,229,1022.3,83,0,0,83,0.0,0.0,43.6591,-70.2568,2022,10,22,22
2022-10-22 23:00:00,0.0,0.0,0.0,0.0,9.4,83,7.6,245,1022.7,92,0,0,92,0.0,0.0,43.6591,-70.2568,2022,10,22,23
2022-10-23 00:00:00,0.0,0.0,0.0,0.0,8.9,81,7.8,257,1022.9,100,0,0,100,0.0,0.0,43.6591,-70.2568,2022,10,23,0
2022-10-23 01:00:00,0.0,0.0,0.0,0.0,8.4,81,6.2,249,1022.7,100,0,0,100,0.0,0.0,43.6591,-70.2568,2022,10,23,1
2022-10-23 02:00:00,0.0,0.0,0.0,0.0,8.1,82,5.9,256,1022.6,100,0,0,100,0.0,0.0,43.6591,-70.2568,2022,10,23,2
2022-10-23 03:00:00,0.0,0.0,0.0,0.0,7.9,85,4.3,246,1022.7,100,0,0,100,0.0,0.0,43.6591,-70.2568,2022,10,23,3
2022-10-23 04:00:00,0.0,0.0,0.0,0.0,7.8,85,4.7,293,1022.3,100,0,0,100,0.0,0.0,43.6591,-70.2568,2022,10,23,4
2022-10-23 05:00:00,0.0,0.0,0.0,0.0,7.9,86,7.6,329,1022.6,100,0,0,100,0.0,0.0,43.6591,-70.2568,2022,10,23,5
2022-10-23 06:00:00,0.0,0.0,0.0,0.0,8.4,87,5.4,20,1022.9,100,0,0,100,0.0,0.0,43.6591,-70.2568,2022,10,23,6
2022-10-23 07:00:00,0.0,0.0,0.0,0.0,8.4,90,4.2,59,1023.6,100,0,0,100,0.0,0.0,43.6591,-70.2568,2022,10,23,7
2022-10-23 08:00:00,25.0,2.0,23.0,21.8,8.7,90,4.3,5,1024.9,100,0,0,100,0.0,0.0,43.6591,-70.2568,2022,10,23,8
2022-10-23 09:00:00,95.0,7.0,88.0,30.8,10.0,88,3.7,349,1025.3,100,0,0,100,0.0,0.0,43.6591,-70.2568,2022,10,23,9
2022-10-23 10:00:00,280.0,144.0,136.0,388.2,12.9,79,1.8,360,1025.4,100,0,0,100,0.0,3600.0,43.6591,-70.2568,2022,10,23,10
2022-10-23 11:00:00,326.0,104.0,222.0,216.6,14.6,74,2.4,27,1025.3,100,0,0,100,0.0,3600.0,43.6591,-70.2568,2022,10,23,11
2022-10-23 12:00:00,411.0,164.0,247.0,299.7,16.2,69,2.5,82,1025.2,100,0,0,100,0.0,3600.0,43.6591,-70.2568,2022,10,23,12
2022-10-23 13:00:00,378.0,100.0,278.0,176.2,16.5,69,4.0,95,1024.7,100,0,0,100,0.0,3485.69,43.6591,-70.2568,2022,10,23,13
2022-10-23 14:00:00,377.0,135.0,242.0,250.1,16.2,71,7.2,117,1024.4,100,0,0,100,0.0,3600.0,43.6591,-70.2568,2022,10,23,14
2022-10-23 15:00:00,297.0,67.0,230.0,143.9,15.3,75,6.2,100,1024.3,100,0,3,100,0.0,2516.15,43.6591,-70.2568,2022,10,23,15
2022-10-23 16:00:00,134.0,5.0,129.0,14.3,14.0,83,5.4,90,1024.2,100,0,50,100,0.0,0.0,43.6591,-70.2568,2022,10,23,16
2022-10-23 17:00:00,56.0,0.0,56.0,0.0,12.8,87,6.2,69,1023.7,100,0,100,100,0.0,0.0,43.6591,-70.2568,2022,10,23,17
2022-10-23 18:00:00,7.0,0.0,7.0,0.0,12.2,89,5.5,79,1023.7,100,0,100,100,0.0,0.0,43.6591,-70.2568,2022,10,23,18
2022-10-23 19:00:00,0.0,0.0,0.0,0.0,12.3,87,8.5,62,1024.0,100,0,100,100,0.0,0.0,43.6591,-70.2568,2022,10,23,19
2022-10-23 20:00:00,0.0,0.0,0.0,0.0,12.1,84,5.5,58,1024.4,100,0,100,100,0.3,0.0,43.6591,-70.2568,2022,10,23,20
2022-10-23 21:00:00,0.0,0.0,0.0,0.0,12.6,83,6.6,41,1024.0,100,0,100,100,0.0,0.0,43.6591,-70.2568,2022,10,23,21
2022-10-23 22:00:00,0.0,0.0,0.0,0.0,12.7,83,9.1,18,1023.3,100,0,100,100,0.0,0.0,43.6591,-70.2568,2022,10,23,22
2022-10-23 23:00:00,0.0,0.0,0.0,0.0,12.5,82,11.0,23,1023.0,100,6,100,100,0.3,0.0,43.6591,-70.2568,2022,10,23,23
2022-10-24 00:00:00,0.0,0.0,0.0,0.0,12.1,78,10.4,14,1022.6,100,27,82,100,0.1,0.0,43.6591,-70.2568,2022,10,24,0
2022-10-24 01:00:00,0.0,0.0,0.0,0.0,12.1,74,10.8,21,1022.5,100,100,100,100,0.0,0.0,43.6591,-70.2568,2022,10,24,1
2022-10-24 02:00:00,0.0,0.0,0.0,0.0,12.6,69,11.8,31,1021.9,100,100,100,100,0.0,0.0,43.6591,-70.2568,2022,10,24,2
2022-10-24 03:00:00,0.0,0.0,0.0,0.0,12.7,69,12.2,28,1021.6,100,100,100,100,0.0,0.0,43.6591,-70.2568,2022,10,24,3
2022-10-24 04:00:00,0.0,0.0,0.0,0.0,12.3,75,12.8,32,1021.3,100,100,98,100,0.4,0.0,43.6591,-70.2568,2022,10,24,4
2022-10-24 05:00:00,0.0,0.0,0.0,0.0,11.5,86,13.7,27,1021.4,100,100,27,100,0.5,0.0,43.6591,-70.2568,2022,10,24,5
2022-10-24 06:00:00,0.0,0.0,0.0,0.0,11.3,92,13.2,22,1021.4,100,100,10,100,0.2,0.0,43.6591,-70.2568,2022,10,24,6
2022-10-24 07:00:00,0.0,0.0,0.0,0.0,10.7,100,13.6,22,1021.0,100,100,100,100,2.5,0.0,43.6591,-70.2568,2022,10,24,7
2022-10-24 08:00:00,4.0,0.0,4.0,0.0,11.4,100,13.4,24,1021.4,100,100,21,100,3.5,0.0,43.6591,-70.2568,2022,10,24,8
2022-10-24 09:00:00,39.0,0.0,39.0,0.0,12.4,100,11.8,20,1021.7,100,100,22,100,0.6,0.0,43.6591,-70.2568,2022,10,24,9
2022-10-24 10:00:00,57.0,0.0,57.0,0.0,13.1,100,11.9,14,1021.8,100,100,80,100,2.5,0.0,43.6591,-70.2568,2022,10,24,10
2022-10-24 11:00:00,59.0,0.0,59.0,0.0,13.5,100,11.8,23,1021.0,100,100,21,100,0.7,0.0,43.6591,-70.2568,2022,10,24,11
2022-10-24 12:00:00,168.0,3.0,165.0,5.5,14.6,95,11.9,29,1020.9,100,100,16,100,0.3,0.0,43.6591,-70.2568,2022,10,24,12
2022-10-24 13:00:00,199.0,10.0,189.0,17.8,15.2,94,11.0,23,1020.9,100,100,33,100,0.2,0.0,43.6591,-70.2568,2022,10,24,13
2022-10-24 14:00:00,176.0,10.0,166.0,18.7,15.6,94,10.1,17,1020.4,100,100,96,100,0.2,0.0,43.6591,-70.2568,2022,10,24,14
2022-10-24 15:00:00,110.0,0.0,110.0,0.0,15.7,95,8.3,5,1020.1,100,100,5,100,0.1,0.0,43.6591,-70.2568,2022,10,24,15
2022-10-24 16:00:00,103.0,3.0,100.0,8.7,15.8,96,7.1,24,1019.9,100,100,8,100,0.1,0.0,43.6591,-70.2568,2022,10,24,16
2022-10-24 17:00:00,54.0,0.0,54.0,0.0,15.5,98,6.7,16,1019.4,100,100,93,100,0.3,0.0,43.6591,-70.2568,2022,10,24,17
2022-10-24 18:00:00,7.0,0.0,7.0,0.0,14.6,100,7.2,3,1019.3,100,100,100,100,0.3,0.0,43.6591,-70.2568,2022,10,24,18
2022-10-24 19:00:00,0.0,0.0,0.0,0.0,14.3,100,7.6,5,1019.5,100,30,47,100,0.3,0.0,43.6591,-70.2568,2022,10,24,19
2022-10-24 20:00:00,0.0,0.0,0.0,0.0,13.7,99,8.3,5,1019.7,100,100,74,98,0.1,0.0,43.6591,-70.2568,2022,10,24,20
2022-10-24 21:00:00,0.0,0.0,0.0,0.0,13.9,99,6.3,31,1019.9,100,100,94,100,0.0,0.0,43.6591,-70.2568,2022,10,24,21
2022-10-24 22:00:00,0.0,0.0,0.0,0.0,13.9,99,7.1,345,1020.2,100,100,49,100,0.0,0.0,43.6591,-70.2568,2022,10,24,22
2022-10-24 23:00:00,0.0,0.0,0.0,0.0,13.7,99,7.2,333,1020.1,100,100,4,99,0.0,0.0,43.6591,-70.2568,2022,10,24,23
2022-10-25 00:00:00,0.0,0.0,0.0,0.0,13.6,99,7.1,345,1020.0,100,100,11,99,0.1,0.0,43.6591,-70.2568,2022,10,25,0
2022-10-25 01:00:00,0.0,0.0,0.0,0.0,13.5,99,5.4,340,1019.7,100,100,18,66,0.0,0.0,43.6591,-70.2568,2022,10,25,1
2022-10-25 02:00:00,0.0,0.0,0.0,0.0,13.5,99,6.0,343,1019.2,100,100,31,94,0.0,0.0,43.6591,-70.2568,2022,10,25,2
2022-10-25 03:00:00,0.0,0.0,0.0,0.0,13.4,99,4.0,333,1018.9,100,100,1,87,0.0,0.0,43.6591,-70.2568,2022,10,25,3
2022-10-25 04:00:00,0.0,0.0,0.0,0.0,13.4,100,4.5,346,1018.5,100,100,34,45,0.0,0.0,43.6591,-70.2568,2022,10,25,4
2022-10-25 05:00:00,0.0,0.0,0.0,0.0,13.2,100,1.8,79,1018.3,100,100,0,10,0.0,0.0,43.6591,-70.2568,2022,10,25,5
2022-10-25 06:00:00,0.0,0.0,0.0,0.0,13.2,99,4.7,360,1018.4,100,100,1,24,0.0,0.0,43.6591,-70.2568,2022,10,25,6
2022-10-25 07:00:00,0.0,0.0,0.0,0.0,13.3,100,4.2,20,1018.9,100,100,4,0,0.0,0.0,43.6591,-70.2568,2022,10,25,7
2022-10-25 08:00:00,8.0,0.0,8.0,0.0,13.7,99,2.8,50,1019.6,100,100,4,0,0.0,0.0,43.6591,-70.2568,2022,10,25,8
2022-10-25 09:00:00,40.0,1.0,39.0,4.6,14.2,99,5.2,12,1019.6,96,96,1,0,0.0,0.0,43.6591,-70.2568,2022,10,25,9
2022-10-25 10:00:00,204.0,83.0,121.0,229.3,15.3,96,8.2,119,1019.8,100,100,5,0,0.0,3600.0,43.6591,-70.2568,2022,10,25,10
2022-10-25 11:00:00,119.0,19.0,100.0,40.4,15.3,98,5.0,69,1019.4,100,100,1,0,0.0,0.0,43.6591,-70.2568,2022,10,25,11
2022-10-25 12:00:00,326.0,103.0,223.0,191.6,17.2,93,5.4,127,1019.0,100,100,0,0,0.0,3600.0,43.6591,-70.2568,2022,10,25,12
2022-10-25 13:00:00,284.0,98.0,186.0,175.8,17.5,92,6.1,130,1018.6,100,100,0,0,0.0,3472.98,43.6591,-70.2568,2022,10,25,13
2022-10-25 14:00:00,215.0,21.0,194.0,39.7,17.4,93,5.5,122,1018.1,100,100,0,0,0.0,0.0,43.6591,-70.2568,2022,10,25,14
2022-10-25 15:00:00,218.0,31.0,187.0,68.0,17.5,92,4.9,126,1017.4,100,100,0,0,0.0,241.46,43.6591,-70.2568,2022,10,25,15
2022-10-25 16:00:00,147.0,27.0,120.0,79.3,16.9,94,6.3,114,1017.2,100,100,0,0,0.0,579.35,43.6591,-70.2568,2022,10,25,16
2022-10-25 17:00:00,41.0,2.0,39.0,10.4,15.5,98,6.0,107,1016.8,100,100,0,0,0.0,0.0,43.6591,-70.2568,2022,10,25,17
2022-10-25 18:00:00,4.0,0.0,4.0,0.0,14.9,100,6.3,103,1017.1,100,100,2,0,0.0,0.0,43.6591,-70.2568,2022,10,25,18
2022-10-25 19:00:00,0.0,0.0,0.0,0.0,14.6,99,7.9,93,1016.9,100,100,78,0,0.0,0.0,43.6591,-70.2568,2022,10,25,19
2022-10-25 20:00:00,0.0,0.0,0.0,0.0,14.8,100,10.3,102,1016.4,100,100,42,18,0.0,0.0,43.6591,-70.2568,2022,10,25,20
2022-10-25 21:00:00,0.0,0.0,0.0,0.0,14.8,100,8.7,83,1016.0,100,100,8,13,0.0,0.0,43.6591,-70.2568,2022,10,25,21
2022-10-25 22:00:00,0.0,0.0,0.0,0.0,14.6,100,8.6,92,1015.8,100,100,2,37,0.1,0.0,43.6591,-70.2568,2022,10,25,22
2022-10-25 23:00:00,0.0,0.0,0.0,0.0,14.6,100,8.4,97,1015.5,100,100,29,76,0.2,0.0,43.6591,-70.2568,2022,10,25,23
2022-10-26 00:00:00,0.0,0.0,0.0,0.0,14.7,99,9.7,105,1015.0,100,100,19,93,0.2,0.0,43.6591,-70.2568,2022,10,26,0
2022-10-26 01:00:00,0.0,0.0,0.0,0.0,14.7,100,11.6,112,1014.4,100,100,100,73,0.1,0.0,43.6591,-70.2568,2022,10,26,1
2022-10-26 02:00:00,0.0,0.0,0.0,0.0,14.8,100,13.4,117,1013.9,100,100,100,67,0.1,0.0,43.6591,-70.2568,2022,10,26,2
2022-10-26 03:00:00,0.0,0.0,0.0,0.0,14.8,100,12.3,111,1013.3,100,100,100,27,0.0,0.0,43.6591,-70.2568,2022,10,26,3
2022-10-26 04:00:00,0.0,0.0,0.0,0.0,14.5,100,12.1,102,1012.8,100,100,100,29,0.1,0.0,43.6591,-70.2568,2022,10,26,4
2022-10-26 05:00:00,0.0,0.0,0.0,0.0,14.4,100,11.7,101,1012.3,100,100,61,0,0.1,0.0,43.6591,-70.2568,2022,10,26,5
2022-10-26 06:00:00,0.0,0.0,0.0,0.0,14.3,100,12.3,93,1011.7,100,100,89,39,0.1,0.0,43.6591,-70.2568,2022,10,26,6
2022-10-26 07:00:00,0.0,0.0,0.0,0.0,14.2,100,13.7,90,1010.9,100,100,0,100,0.1,0.0,43.6591,-70.2568,2022,10,26,7
2022-10-26 08:00:00,7.0,0.0,7.0,0.0,14.6,100,11.7,81,1010.9,100,100,14,94,0.1,0.0,43.6591,-70.2568,2022,10,26,8
2022-10-26 09:00:00,32.0,0.0,32.0,0.0,14.9,100,15.0,80,1010.3,100,100,53,100,0.1,0.0,43.6591,-70.2568,2022,10,26,9
2022-10-26 10:00:00,62.0,0.0,62.0,0.0,14.9,100,12.4,82,1009.8,100,100,100,100,0.1,0.0,43.6591,-70.2568,2022,10,26,10
2022-10-26 11:00:00,48.0,0.0,48.0,0.0,14.9,100,11.1,77,1008.9,100,100,94,100,0.5,0.0,43.6591,-70.2568,2022,10,26,11
2022-10-26 12:00:00,84.0,0.0,84.0,0.0,14.9,100,12.5,78,1008.3,100,100,100,100,1.5,0.0,43.6591,-70.2568,2022,10,26,12
2022-10-26 13:00:00,42.0,0.0,42.0,0.0,14.6,100,12.6,77,1007.0,100,100,100,100,2.0,0.0,43.6591,-70.2568,2022,10,26,13
2022-10-26 14:00:00,35.0,0.0,35.0,0.0,14.4,100,12.8,68,1005.3,100,100,100,100,2.7,0.0,43.6591,-70.2568,2022,10,26,14
2022-10-26 15:00:00,47.0,0.0,47.0,0.0,14.5,100,10.3,65,1004.5,100,100,100,100,2.0,0.0,43.6591,-70.2568,2022,10,26,15
2022-10-26 16:00:00,72.0,0.0,72.0,0.0,14.7,100,7.9,74,1003.8,100,100,49,14,0.6,0.0,43.6591,-70.2568,2022,10,26,16
2022-10-26 17:00:00,25.0,0.0,25.0,0.0,14.6,100,6.9,43,1002.7,100,100,39,2,0.1,0.0,43.6591,-70.2568,2022,10,26,17
2022-10-26 18:00:00,5.0,0.0,5.0,0.0,14.6,100,4.3,336,1002.3,100,100,18,0,0.1,0.0,43.6591,-70.2568,2022,10,26,18
2022-10-26 19:00:00,0.0,0.0,0.0,0.0,14.8,100,4.3,336,1002.0,100,100,2,0,0.0,0.0,43.6591,-70.2568,2022,10,26,19
2022-10-26 20:00:00,0.0,0.0,0.0,0.0,15.1,100,5.9,317,1002.0,100,57,0,0,0.0,0.0,43.6591,-70.2568,2022,10,26,20
2022-10-26 21:00:00,0.0,0.0,0.0,0.0,15.1,100,4.2,290,1001.6,28,24,5,1,0.0,0.0,43.6591,-70.2568,2022,10,26,21
2022-10-26 22:00:00,0.0,0.0,0.0,0.0,14.0,100,5.5,247,1001.7,94,78,0,71,0.0,0.0,43.6591,-70.2568,2022,10,26,22
2022-10-26 23:00:00,0.0,0.0,0.0,0.0,14.3,100,7.7,233,1001.9,100,100,5,72,0.0,0.0,43.6591,-70.2568,2022,10,26,23
2022-10-27 00:00:00,0.0,0.0,0.0,0.0,15.2,100,8.8,235,1001.7,54,44,2,17,0.0,0.0,43.6591,-70.2568,2022,10,27,0
2022-10-27 01:00:00,0.0,0.0,0.0,0.0,15.1,100,9.7,239,1001.8,27,12,0,17,0.0,0.0,43.6591,-70.2568,2022,10,27,1
2022-10-27 02:00:00,0.0,0.0,0.0,0.0,15.2,100,10.2,222,1002.1,10,9,1,0,0.0,0.0,43.6591,-70.2568,2022,10,27,2
2022-10-27 03:00:00,0.0,0.0,0.0,0.0,15.1,100,9.9,224,1002.4,1,1,0,0,0.0,0.0,43.6591,-70.2568,2022,10,27,3
2022-10-27 04:00:00,0.0,0.0,0.0,0.0,15.0,100,10.3,234,1002.8,3,2,3,0,0.0,0.0,43.6591,-70.2568,2022,10,27,4
2022-10-27 05:00:00,0.0,0.0,0.0,0.0,14.9,100,13.7,256,1003.6,0,0,0,0,0.0,0.0,43.6591,-70.2568,2022,10,27,5
2022-10-27 06:00:00,0.0,0.0,0.0,0.0,14.8,97,16.2,273,1004.4,0,0,0,0,0.0,0.0,43.6591,-70.2568,2022,10,27,6
2022-10-27 07:00:00,0.0,0.0,0.0,0.0,14.3,96,15.0,280,1005.5,1,1,0,0,0.0,0.0,43.6591,-70.2568,2022,10,27,7
2022-10-27 08:00:00,28.0,16.0,12.0,192.6,14.7,96,11.4,294,1007.1,2,2,2,0,0.0,2664.47,43.6591,-70.2568,2022,10,27,8
2022-10-27 09:00:00,161.0,114.0,47.0,542.4,15.9,96,10.6,294,1008.2,5,4,1,0,0.0,3600.0,43.6591,-70.2568,2022,10,27,9
2022-10-27 10:00:00,306.0,238.0,68.0,674.0,17.5,79,13.5,304,1009.1,6,4,2,0,0.0,3600.0,43.6591,-70.2568,2022,10,27,10
2022-10-27 11:00:00,430.0,354.0,76.0,767.1,18.1,62,20.2,311,1010.4,6,6,0,0,0.0,3600.0,43.6591,-70.2568,2022,10,27,11
2022-10-27 12:00:00,499.0,410.0,89.0,776.7,17.1,58,22.8,325,1012.0,14,14,0,0,0.0,3600.0,43.6591,-70.2568,2022,10,27,12
2022-10-27 13:00:00,531.0,441.0,90.0,805.1,15.7,55,21.1,323,1013.2,10,10,0,0,0.0,3600.0,43.6591,-70.2568,2022,10,27,13
2022-10-27 14:00:00,525.0,447.0,78.0,860.1,15.3,51,20.6,324,1014.0,4,4,0,0,0.0,3600.0,43.6591,-70.2568,2022,10,27,14
2022-10-27 15:00:00,441.0,370.0,71.0,830.2,14.8,48,20.3,323,1014.9,0,0,0,0,0.0,3600.0,43.6591,-70.2568,2022,10,27,15
2022-10-27 16:00:00,311.0,251.0,60.0,758.9,14.1,49,19.1,324,1015.9,1,1,0,0,0.0,3600.0,43.6591,-70.2568,2022,10,27,16
2022-10-27 17:00:00,149.0,107.0,42.0,585.7,12.8,51,17.5,328,1017.2,0,0,0,0,0.0,3600.0,43.6591,-70.2568,2022,10,27,17
2022-10-27 18:00:00,17.0,9.0,8.0,132.3,11.3,51,16.4,327,1018.5,0,0,0,0,0.0,2020.32,43.6591,-70.2568,2022,10,27,18
2022-10-27 19:00:00,0.0,0.0,0.0,0.0,10.4,53,17.0,328,1020.3,0,0,0,0,0.0,0.0,43.6591,-70.2568,2022,10,27,19
2022-10-27 20:00:00,0.0,0.0,0.0,0.0,9.8,55,16.9,331,1022.2,0,0,0,0,0.0,0.0,43.6591,-70.2568,2022,10,27,20
2022-10-27 21:00:00,0.0,0.0,0.0,0.0,8.7,57,15.8,336,1023.1,0,0,0,0,0.0,0.0,43.6591,-70.2568,2022,10,27,21
2022-10-27 22:00:00,0.0,0.0,0.0,0.0,8.0,58,15.0,339,1024.0,0,0,0,0,0.0,0.0,43.6591,-70.2568,2022,10,27,22
2022-10-27 23:00:00,0.0,0.0,0.0,0.0,7.5,59,15.3,341,1024.9,0,0,0,0,0.0,0.0,43.6591,-70.2568,2022,10,27,23
2022-10-28 00:00:00,0.0,0.0,0.0,0.0,7.1,59,16.2,343,1025.4,0,0,0,0,0.0,0.0,43.6591,-70.2568,2022,10,28,0
2022-10-28 01:00:00,0.0,0.0,0.0,0.0,6.8,59,16.5,344,1026.0,0,0,0,0,0.0,0.0,43.6591,-70.2568,2022,10,28,1
2022-10-28 02:00:00,0.0,0.0,0.0,0.0,6.3,60,16.4,345,1026.8,0,0,0,0,0.0,0.0,43.6591,-70.2568,2022,10,28,2
2022-10-28 03:00:00,0.0,0.0,0.0,0.0,5.7,61,15.8,348,1027.3,0,0,0,0,0.0,0.0,43.6591,-70.2568,2022,10,28,3
2022-10-28 04:00:00,0.0,0.0,0.0,0.0,5.1,61,14.9,352,1027.7,10,0,0,10,0.0,0.0,43.6591,-70.2568,2022,10,28,4
2022-10-28 05:00:00,0.0,0.0,0.0,0.0,4.5,62,14.1,356,1028.2,0,0,0,0,0.0,0.0,43.6591,-70.2568,2022,10,28,5
2022-10-28 06:00:00,0.0,0.0,0.0,0.0,4.0,64,13.0,360,1028.8,6,0,0,6,0.0,0.0,43.6591,-70.2568,2022,10,28,6
2022-10-28 07:00:00,0.0,0.0,0.0,0.0,3.5,66,11.5,4,1029.4,49,0,0,49,0.0,0.0,43.6591,-70.2568,2022,10,28,7
2022-10-28 08:00:00,30.0,17.0,13.0,210.0,3.9,69,11.5,4,1030.8,3,0,0,56,0.0,2587.05,43.6591,-70.2568,2022,10,28,8
2022-10-28 09:00:00,174.0,128.0,46.0,621.4,4.9,65,10.5,6,1031.7,66,0,0,66,0.0,3600.0,43.6591,-70.2568,2022,10,28,9
2022-10-28 10:00:00,332.0,267.0,65.0,765.7,6.4,60,10.1,4,1032.0,100,0,0,100,0.0,3600.0,43.6591,-70.2568,2022,10,28,10
2022-10-28 11:00:00,453.0,369.0,84.0,807.6,8.0,55,9.0,360,1032.2,99,0,0,99,0.0,3600.0,43.6591,-70.2568,2022,10,28,11
2022-10-28 12:00:00,521.0,414.0,107.0,791.4,9.4,51,6.9,6,1032.0,100,0,0,100,0.0,3600.0,43.6591,-70.2568,2022,10,28,12
2022-10-28 13:00:00,558.0,471.0,87.0,867.6,10.4,49,4.3,24,1031.2,100,0,0,100,0.0,3600.0,43.6591,-70.2568,2022,10,28,13
2022-10-28 14:00:00,520.0,428.0,92.0,831.3,11.1,47,3.1,45,1030.6,55,0,0,55,0.0,3600.0,43.6591,-70.2568,2022,10,28,14
2022-10-28 15:00:00,438.0,366.0,72.0,830.1,11.2,48,2.3,72,1030.2,63,0,0,63,0.0,3600.0,43.6591,-70.2568,2022,10,28,15
2022-10-28 16:00:00,305.0,245.0,60.0,751.4,10.9,50,2.2,99,1030.2,22,0,0,22,0.0,3600.0,43.6591,-70.2568,2022,10,28,16
2022-10-28 17:00:00,143.0,101.0,42.0,566.9,9.3,72,3.1,144,1030.2,49,0,0,49,0.0,3600.0,43.6591,-70.2568,2022,10,28,17
2022-10-28 18:00:00,15.0,8.0,7.0,121.7,7.1,80,5.0,159,1030.1,95,0,0,95,0.0,1731.98,43.6591,-70.2568,2022,10,28,18
2022-10-28 19:00:00,0.0,0.0,0.0,0.0,6.3,83,5.4,180,1030.1,1,0,0,1,0.0,0.0,43.6591,-70.2568,2022,10,28,19
2022-10-28 20:00:00,0.0,0.0,0.0,0.0,5.1,88,6.6,225,1030.3,1,0,1,28,0.0,0.0,43.6591,-70.2568,2022,10,28,20
2022-10-28 21:00:00,0.0,0.0,0.0,0.0,5.4,87,7.4,256,1030.6,98,0,3,98,0.0,0.0,43.6591,-70.2568,2022,10,28,21
2022-10-28 22:00:00,0.0,0.0,0.0,0.0,4.6,87,7.9,267,1030.6,100,0,11,100,0.0,0.0,43.6591,-70.2568,2022,10,28,22
2022-10-28 23:00:00,0.0,0.0,0.0,0.0,4.1,87,8.3,272,1030.6,100,0,41,100,0.0,0.0,43.6591,-70.2568,2022,10,28,23
2022-10-29 00:00:00,0.0,0.0,0.0,0.0,3.9,88,6.6,283,1030.1,99,0,0,99,0.0,0.0,43.6591,-70.2568,2022,10,29,0
2022-10-29 01:00:00,0.0,0.0,0.0,0.0,3.6,89,5.7,288,1029.8,99,0,0,99,0.0,0.0,43.6591,-70.2568,2022,10,29,1
2022-10-29 02:00:00,0.0,0.0,0.0,0.0,3.5,89,5.9,284,1029.7,81,0,4,80,0.0,0.0,43.6591,-70.2568,2022,10,29,2
2022-10-29 03:00:00,0.0,0.0,0.0,0.0,3.2,91,4.7,270,1029.3,80,0,0,80,0.0,0.0,43.6591,-70.2568,2022,10,29,3
2022-10-29 04:00:00,0.0,0.0,0.0,0.0,2.8,92,4.0,280,1028.6,51,0,0,51,0.0,0.0,43.6591,-70.2568,2022,10,29,4
2022-10-29 05:00:00,0.0,0.0,0.0,0.0,2.8,93,3.6,264,1028.4,58,0,16,57,0.0,0.0,43.6591,-70.2568,2022,10,29,5
2022-10-29 06:00:00,0.0,0.0,0.0,0.0,2.6,94,4.0,275,1028.3,1,1,0,0,0.0,0.0,43.6591,-70.2568,2022,10,29,6
2022-10-29 07:00:00,0.0,0.0,0.0,0.0,2.5,94,4.0,275,1028.4,0,0,0,0,0.0,0.0,43.6591,-70.2568,2022,10,29,7
2022-10-29 08:00:00,25.0,14.0,11.0,177.5,2.9,92,5.9,281,1029.4,29,55,0,0,0.0,2509.62,43.6591,-70.2568,2022,10,29,8
2022-10-29 09:00:00,157.0,103.0,54.0,510.3,4.8,88,4.4,279,1029.7,0,0,0,0,0.0,3600.0,43.6591,-70.2568,2022,10,29,9
2022-10-29 10:00:00,317.0,245.0,72.0,711.5,8.0,76,3.3,264,1029.7,0,0,0,0,0.0,3600.0,43.6591,-70.2568,2022,10,29,10
2022-10-29 11:00:00,450.0,376.0,74.0,831.3,10.3,58,4.3,222,1029.4,0,0,0,0,0.0,3600.0,43.6591,-70.2568,2022,10,29,11
2022-10-29 12:00:00,532.0,458.0,74.0,883.5,11.7,50,4.8,207,1028.9,0,0,0,0,0.0,3600.0,43.6591,-70.2568,2022,10,29,12
2022-10-29 13:00:00,554.0,480.0,74.0,892.0,12.8,48,4.7,189,1027.9,0,0,0,0,0.0,3600.0,43.6591,-70.2568,2022,10,29,13
2022-10-29 14:00:00,519.0,446.0,73.0,874.4,13.2,50,7.6,172,1026.8,0,0,0,0,0.0,3600.0,43.6591,-70.2568,2022,10,29,14
2022-10-29 15:00:00,429.0,361.0,68.0,827.7,12.8,56,9.8,174,1026.0,0,0,0,0,0.0,3600.0,43.6591,-70.2568,2022,10,29,15
2022-10-29 16:00:00,295.0,236.0,59.0,734.2,11.9,65,9.4,180,1025.7,0,0,0,0,0.0,3600.0,43.6591,-70.2568,2022,10,29,16
2022-10-29 17:00:00,136.0,96.0,40.0,552.5,10.2,75,8.8,189,1025.3,0,0,0,0,0.0,3600.0,43.6591,-70.2568,2022,10,29,17
2022-10-29 18:00:00,14.0,7.0,7.0,110.2,8.5,82,9.7,202,1025.4,0,0,0,0,0.0,1441.04,43.6591,-70.2568,2022,10,29,18
2022-10-29 19:00:00,0.0,0.0,0.0,0.0,7.8,84,11.5,212,1025.4,26,0,0,26,0.0,0.0,43.6591,-70.2568,2022,10,29,19
2022-10-29 20:00:00,0.0,0.0,0.0,0.0,7.7,81,11.7,223,1025.1,0,0,0,0,0.0,0.0,43.6591,-70.2568,2022,10,29,20
2022-10-29 21:00:00,0.0,0.0,0.0,0.0,6.6,80,11.2,237,1024.7,0,0,0,0,0.0,0.0,43.6591,-70.2568,2022,10,29,21
2022-10-29 22:00:00,0.0,0.0,0.0,0.0,6.0,79,11.5,238,1024.2,0,0,0,0,0.0,0.0,43.6591,-70.2568,2022,10,29,22
2022-10-29 23:00:00,0.0,0.0,0.0,0.0,5.8,76,11.0,251,1023.6,0,0,0,0,0.0,0.0,43.6591,-70.2568,2022,10,29,23
2022-10-30 00:00:00,0.0,0.0,0.0,0.0,5.7,70,10.6,252,1023.0,0,0,0,0,0.0,0.0,43.6591,-70.2568,2022,10,30,0
2022-10-30 01:00:00,0.0,0.0,0.0,0.0,5.5,69,9.7,255,1022.2,1,0,0,1,0.0,0.0,43.6591,-70.2568,2022,10,30,1
2022-10-30 02:00:00,0.0,0.0,0.0,0.0,5.3,71,9.0,268,1021.9,0,0,0,0,0.0,0.0,43.6591,-70.2568,2022,10,30,2
2022-10-30 03:00:00,0.0,0.0,0.0,0.0,5.3,76,6.7,286,1021.8,0,0,0,0,0.0,0.0,43.6591,-70.2568,2022,10,30,3
2022-10-30 04:00:00,0.0,0.0,0.0,0.0,4.2,84,6.8,288,1021.2,0,0,0,0,0.0,0.0,43.6591,-70.2568,2022,10,30,4
2022-10-30 05:00:00,0.0,0.0,0.0,0.0,3.8,86,5.9,259,1021.0,0,0,0,0,0.0,0.0,43.6591,-70.2568,2022,10,30,5
2022-10-30 06:00:00,0.0,0.0,0.0,0.0,3.6,87,5.1,266,1020.8,0,0,0,0,0.0,0.0,43.6591,-70.2568,2022,10,30,6
2022-10-30 07:00:00,0.0,0.0,0.0,0.0,3.3,90,4.3,275,1020.6,0,0,0,0,0.0,0.0,43.6591,-70.2568,2022,10,30,7
2022-10-30 08:00:00,24.0,13.0,11.0,169.3,4.4,90,5.9,313,1021.2,0,0,0,0,0.0,2432.15,43.6591,-70.2568,2022,10,30,8
2022-10-30 09:00:00,158.0,107.0,51.0,541.3,6.7,87,5.6,310,1021.5,0,0,0,0,0.0,3600.0,43.6591,-70.2568,2022,10,30,9
2022-10-30 10:00:00,321.0,258.0,63.0,758.9,10.0,79,2.6,304,1021.0,0,0,0,0,0.0,3600.0,43.6591,-70.2568,2022,10,30,10
2022-10-30 11:00:00,450.0,382.0,68.0,853.1,13.0,64,1.3,56,1020.9,0,0,0,0,0.0,3600.0,43.6591,-70.2568,2022,10,30,11
2022-10-30 12:00:00,529.0,457.0,72.0,889.5,14.6,59,2.4,117,1020.4,0,0,0,0,0.0,3600.0,43.6591,-70.2568,2022,10,30,12
2022-10-30 13:00:00,552.0,479.0,73.0,898.0,15.0,60,6.1,130,1019.6,0,0,0,0,0.0,3600.0,43.6591,-70.2568,2022,10,30,13
2022-10-30 14:00:00,516.0,445.0,71.0,880.6,14.5,63,7.9,137,1018.9,42,0,0,42,0.0,3600.0,43.6591,-70.2568,2022,10,30,14
2022-10-30 15:00:00,427.0,359.0,68.0,831.9,13.7,67,7.4,141,1018.1,94,0,0,94,0.0,3600.0,43.6591,-70.2568,2022,10,30,15
2022-10-30 16:00:00,292.0,232.0,60.0,732.0,12.7,71,6.4,142,1017.6,89,0,0,89,0.0,3600.0,43.6591,-70.2568,2022,10,30,16
2022-10-30 17:00:00,134.0,93.0,41.0,548.9,10.9,78,7.9,150,1017.0,98,0,0,98,0.0,3600.0,43.6591,-70.2568,2022,10,30,17
2022-10-30 18:00:00,12.0,5.0,7.0,81.5,9.4,79,7.2,180,1016.9,100,0,0,100,0.0,807.4,43.6591,-70.2568,2022,10,30,18
2022-10-30 19:00:00,0.0,0.0,0.0,0.0,9.4,77,9.0,209,1017.0,76,0,0,76,0.0,0.0,43.6591,-70.2568,2022,10,30,19
2022-10-30 20:00:00,0.0,0.0,0.0,0.0,9.1,79,10.9,224,1016.9,100,0,0,100,0.0,0.0,43.6591,-70.2568,2022,10,30,20
2022-10-30 21:00:00,0.0,0.0,0.0,0.0,8.5,80,11.2,225,1016.9,100,0,0,100,0.0,0.0,43.6591,-70.2568,2022,10,30,21
2022-10-30 22:00:00,0.0,0.0,0.0,0.0,8.2,79,12.7,227,1016.6,96,0,0,96,0.0,0.0,43.6591,-70.2568,2022,10,30,22
2022-10-30 23:00:00,0.0,0.0,0.0,0.0,7.9,75,12.0,224,1016.1,38,0,0,38,0.0,0.0,43.6591,-70.2568,2022,10,30,23
2022-10-31 00:00:00,0.0,0.0,0.0,0.0,7.2,74,12.3,218,1015.6,58,0,0,58,0.0,0.0,43.6591,-70.2568,2022,10,31,0
2022-10-31 01:00:00,0.0,0.0,0.0,0.0,6.6,75,12.3,230,1015.2,99,0,0,99,0.0,0.0,43.6591,-70.2568,2022,10,31,1
2022-10-31 02:00:00,0.0,0.0,0.0,0.0,6.2,76,11.2,237,1015.0,100,0,0,100,0.0,0.0,43.6591,-70.2568,2022,10,31,2
2022-10-31 03:00:00,0.0,0.0,0.0,0.0,6.2,75,11.2,230,1014.7,100,0,0,100,0.0,0.0,43.6591,-70.2568,2022,10,31,3
2022-10-31 04:00:00,0.0,0.0,0.0,0.0,6.3,72,11.5,231,1013.8,100,0,0,100,0.0,0.0,43.6591,-70.2568,2022,10,31,4
2022-10-31 05:00:00,0.0,0.0,0.0,0.0,7.0,66,10.2,231,1013.6,100,0,1,100,0.0,0.0,43.6591,-70.2568,2022,10,31,5
2022-10-31 06:00:00,0.0,0.0,0.0,0.0,6.9,65,12.2,223,1013.3,95,0,0,95,0.0,0.0,43.6591,-70.2568,2022,10,31,6
2022-10-31 07:00:00,0.0,0.0,0.0,0.0,6.6,66,11.2,222,1013.4,69,0,2,69,0.0,0.0,43.6591,-70.2568,2022,10,31,7
2022-10-31 08:00:00,21.0,9.0,12.0,120.5,6.4,70,11.9,235,1014.2,26,0,6,0,0.0,1906.03,43.6591,-70.2568,2022,10,31,8
2022-10-31 09:00:00,157.0,113.0,44.0,583.9,7.9,68,10.5,232,1014.3,1,0,1,0,0.0,3600.0,43.6591,-70.2568,2022,10,31,9
2022-10-31 10:00:00,309.0,250.0,59.0,744.9,10.6,63,8.7,222,1014.0,84,0,0,84,0.0,3600.0,43.6591,-70.2568,2022,10,31,10
2022-10-31 11:00:00,429.0,358.0,71.0,807.7,13.0,60,8.6,202,1013.5,71,0,4,70,0.0,3600.0,43.6591,-70.2568,2022,10,31,11
2022-10-31 12:00:00,506.0,432.0,74.0,848.6,14.9,56,10.7,192,1012.8,48,1,0,48,0.0,3600.0,43.6591,-70.2568,2022,10,31,12
2022-10-31 13:00:00,526.0,451.0,75.0,853.1,15.8,56,12.1,192,1012.0,88,0,1,88,0.0,3600.0,43.6591,-70.2568,2022,10,31,13
2022-10-31 14:00:00,488.0,406.0,82.0,811.0,16.1,59,12.9,193,1011.4,99,0,0,99,0.0,3600.0,43.6591,-70.2568,2022,10,31,14
2022-10-31 15:00:00,402.0,323.0,79.0,756.6,16.2,60,13.3,193,1010.8,20,0,8,13,0.0,3600.0,43.6591,-70.2568,2022,10,31,15
2022-10-31 16:00:00,280.0,216.0,64.0,691.3,15.3,75,12.1,192,1010.8,100,0,99,68,0.0,3600.0,43.6591,-70.2568,2022,10,31,16
2022-10-31 17:00:00,45.0,0.0,45.0,0.0,13.7,85,12.2,194,1010.9,100,0,21,100,0.0,0.0,43.6591,-70.2568,2022,10,31,17
2022-10-31 18:00:00,9.0,1.0,8.0,16.9,12.3,93,11.3,197,1011.2,100,0,88,100,0.0,0.0,43.6591,-70.2568,2022,10,31,18
2022-10-31 19:00:00,0.0,0.0,0.0,0.0,11.9,96,9.8,204,1011.4,62,0,5,60,0.0,0.0,43.6591,-70.2568,2022,10,31,19
2022-10-31 20:00:00,0.0,0.0,0.0,0.0,12.4,96,10.8,201,1011.1,100,0,28,91,0.0,0.0,43.6591,-70.2568,2022,10,31,20
2022-10-31 21:00:00,0.0,0.0,0.0,0.0,11.8,96,11.4,215,1011.0,100,0,68,100,0.0,0.0,43.6591,-70.2568,2022,10,31,21
2022-10-31 22:00:00,0.0,0.0,0.0,0.0,11.6,92,11.5,219,1010.8,100,0,99,100,0.0,0.0,43.6591,-70.2568,2022,10,31,22
2022-10-31 23:00:00,0.0,0.0,0.0,0.0,12.2,84,11.5,226,1010.8,99,0,88,93,0.0,0.0,43.6591,-70.2568,2022,10,31,23
2022-11-01 00:00:00,0.0,0.0,0.0,0.0,12.4,83,9.2,228,1010.5,100,0,68,100,0.0,0.0,43.6591,-70.2568,2022,11,1,0
2022-11-01 01:00:00,0.0,0.0,0.0,0.0,11.8,87,9.3,234,1010.4,100,0,96,100,0.0,0.0,43.6591,-70.2568,2022,11,1,1
2022-11-01 02:00:00,0.0,0.0,0.0,0.0,11.6,89,9.4,230,1010.6,100,0,1,100,0.0,0.0,43.6591,-70.2568,2022,11,1,2
2022-11-01 03:00:00,0.0,0.0,0.0,0.0,10.9,94,8.8,235,1010.5,100,2,11,100,0.0,0.0,43.6591,-70.2568,2022,11,1,3
2022-11-01 04:00:00,0.0,0.0,0.0,0.0,10.3,95,5.2,245,1010.0,100,1,2,100,0.0,0.0,43.6591,-70.2568,2022,11,1,4
2022-11-01 05:00:00,0.0,0.0,0.0,0.0,10.0,96,8.7,240,1010.3,100,11,13,100,0.0,0.0,43.6591,-70.2568,2022,11,1,5
2022-11-01 06:00:00,0.0,0.0,0.0,0.0,9.8,95,6.7,286,1010.5,100,6,10,100,0.0,0.0,43.6591,-70.2568,2022,11,1,6
2022-11-01 07:00:00,0.0,0.0,0.0,0.0,9.6,95,4.3,275,1010.7,100,3,0,100,0.0,0.0,43.6591,-70.2568,2022,11,1,7
2022-11-01 08:00:00,13.0,0.0,13.0,0.0,10.0,93,4.7,293,1011.2,100,14,1,100,0.0,0.0,43.6591,-70.2568,2022,11,1,8
2022-11-01 09:00:00,83.0,5.0,78.0,26.4,11.1,94,7.3,281,1011.6,100,2,3,100,0.0,0.0,43.6591,-70.2568,2022,11,1,9
2022-11-01 10:00:00,181.0,31.0,150.0,93.6,12.5,90,4.2,301,1011.4,100,0,13,100,0.0,1007.67,43.6591,-70.2568,2022,11,1,10
2022-11-01 11:00:00,312.0,132.0,180.0,300.9,14.0,81,3.6,315,1011.4,99,0,93,86,0.0,3600.0,43.6591,-70.2568,2022,11,1,11
2022-11-01 12:00:00,232.0,22.0,210.0,43.6,14.4,82,4.0,333,1011.2,100,0,69,100,0.1,0.0,43.6591,-70.2568,2022,11,1,12
2022-11-01 13:00:00,257.0,82.0,175.0,156.5,14.4,90,2.7,203,1010.8,100,0,100,99,1.2,2894.8,43.6591,-70.2568,2022,11,1,13
2022-11-01 14:00:00,97.0,0.0,97.0,0.0,13.6,100,4.8,222,1010.3,100,0,100,57,1.6,0.0,43.6591,-70.2568,2022,11,1,14
2022-11-01 15:00:00,70.0,0.0,70.0,0.0,13.5,98,4.1,225,1009.9,100,0,100,30,0.0,0.0,43.6591,-70.2568,2022,11,1,15
2022-11-01 16:00:00,96.0,21.0,75.0,68.2,13.6,94,4.1,218,1009.9,15,7,9,0,0.0,245.19,43.6591,-70.2568,2022,11,1,16
2022-11-01 17:00:00,110.0,68.0,42.0,422.6,13.0,95,5.2,258,1010.0,13,6,4,7,0.0,3600.0,43.6591,-70.2568,2022,11,1,17
2022-11-01 18:00:00,8.0,3.0,5.0,52.6,11.9,94,6.0,287,1010.1,12,3,9,0,0.0,213.15,43.6591,-70.2568,2022,11,1,18
2022-11-01 19:00:00,0.0,0.0,0.0,0.0,11.3,94,5.5,281,1010.5,20,0,20,0,0.0,0.0,43.6591,-70.2568,2022,11,1,19
2022-11-01 20:00:00,0.0,0.0,0.0,0.0,11.1,100,6.8,302,1010.9,23,0,29,2,0.0,0.0,43.6591,-70.2568,2022,11,1,20
2022-11-01 21:00:00,0.0,0.0,0.0,0.0,11.4,100,8.4,310,1011.1,10,3,9,0,0.0,0.0,43.6591,-70.2568,2022,11,1,21
2022-11-01 22:00:00,0.0,0.0,0.0,0.0,11.4,100,8.2,308,1011.3,2,2,0,0,0.0,0.0,43.6591,-70.2568,2022,11,1,22
2022-11-01 23:00:00,0.0,0.0,0.0,0.0,11.2,100,8.1,315,1011.5,8,4,8,0,0.0,0.0,43.6591,-70.2568,2022,11,1,23
2022-11-02 00:00:00,0.0,0.0,0.0,0.0,11.9,95,14.0,325,1012.2,0,0,0,0,0.0,0.0,43.6591,-70.2568,2022,11,2,0
2022-11-02 01:00:00,0.0,0.0,0.0,0.0,12.1,95,18.4,332,1013.3,8,8,0,0,0.0,0.0,43.6591,-70.2568,2022,11,2,1
2022-11-02 02:00:00,0.0,0.0,0.0,0.0,11.9,93,18.5,327,1013.9,3,3,0,0,0.0,0.0,43.6591,-70.2568,2022,11,2,2
2022-11-02 03:00:00,0.0,0.0,0.0,0.0,11.2,91,16.2,323,1014.7,3,0,0,3,0.0,0.0,43.6591,-70.2568,2022,11,2,3
2022-11-02 04:00:00,0.0,0.0,0.0,0.0,10.8,88,15.5,324,1015.1,0,0,0,0,0.0,0.0,43.6591,-70.2568,2022,11,2,4
2022-11-02 05:00:00,0.0,0.0,0.0,0.0,10.8,85,16.3,329,1015.8,0,0,0,0,0.0,0.0,43.6591,-70.2568,2022,11,2,5
2022-11-02 06:00:00,0.0,0.0,0.0,0.0,10.9,83,16.3,332,1016.7,29,0,0,29,0.0,0.0,43.6591,-70.2568,2022,11,2,6
2022-11-02 07:00:00,0.0,0.0,0.0,0.0,10.6,82,16.1,331,1017.5,44,0,0,44,0.0,0.0,43.6591,-70.2568,2022,11,2,7
2022-11-02 08:00:00,18.0,9.0,9.0,127.7,11.3,78,15.2,329,1019.0,39,0,0,8,0.0,2000.96,43.6591,-70.2568,2022,11,2,8
2022-11-02 09:00:00,145.0,97.0,48.0,523.7,12.3,73,12.8,328,1020.0,97,0,0,97,0.0,3600.0,43.6591,-70.2568,2022,11,2,9
2022-11-02 10:00:00,301.0,236.0,65.0,722.0,13.7,63,14.0,331,1020.7,51,0,0,51,0.0,3600.0,43.6591,-70.2568,2022,11,2,10
2022-11-02 11:00:00,421.0,338.0,83.0,778.5,14.9,50,13.3,327,1021.3,75,0,0,75,0.0,3600.0,43.6591,-70.2568,2022,11,2,11
2022-11-02 12:00:00,496.0,398.0,98.0,796.3,15.9,44,13.0,321,1021.5,77,0,0,77,0.0,3600.0,43.6591,-70.2568,2022,11,2,12
2022-11-02 13:00:00,514.0,408.0,106.0,785.7,16.4,38,14.6,322,1021.1,99,0,0,99,0.0,3600.0,43.6591,-70.2568,2022,11,2,13
2022-11-02 14:00:00,436.0,276.0,160.0,561.7,16.4,36,13.9,323,1021.1,94,0,4,94,0.0,3600.0,43.6591,-70.2568,2022,11,2,14
2022-11-02 15:00:00,393.0,302.0,91.0,722.9,16.2,38,12.3,322,1021.2,71,0,19,70,0.0,3600.0,43.6591,-70.2568,2022,11,2,15
2022-11-02 16:00:00,264.0,186.0,78.0,612.5,15.4,45,9.2,318,1021.7,38,0,8,35,0.0,3600.0,43.6591,-70.2568,2022,11,2,16
2022-11-02 17:00:00,117.0,76.0,41.0,484.9,13.3,55,8.4,317,1022.2,21,0,2,20,0.0,3600.0,43.6591,-70.2568,2022,11,2,17
2022-11-02 18:00:00,9.0,4.0,5.0,72.8,11.4,59,10.1,325,1022.7,60,0,0,60,0.0,598.82,43.6591,-70.2568,2022,11,2,18
2022-11-02 19:00:00,0.0,0.0,0.0,0.0,10.3,59,12.6,336,1023.4,7,0,0,7,0.0,0.0,43.6591,-70.2568,2022,11,2,19
2022-11-02 20:00:00,0.0,0.0,0.0,0.0,11.8,44,14.8,347,1023.5,5,0,0,2,0.0,0.0,43.6591,-70.2568,2022,11,2,20
2022-11-02 21:00:00,0.0,0.0,0.0,0.0,10.3,42,15.0,350,1024.0,42,0,0,42,0.0,0.0,43.6591,-70.2568,2022,11,2,21
2022-11-02 22:00:00,0.0,0.0,0.0,0.0,9.4,44,14.1,347,1024.7,30,0,0,30,0.0,0.0,43.6591,-70.2568,2022,11,2,22
2022-11-02 23:00:00,0.0,0.0,0.0,0.0,8.5,46,13.2,349,1024.9,17,0,0,17,0.0,0.0,43.6591,-70.2568,2022,11,2,23
2022-11-03 00:00:00,0.0,0.0,0.0,0.0,7.6,50,12.3,353,1024.9,23,0,0,23,0.0,0.0,43.6591,-70.2568,2022,11,3,0
2022-11-03 01:00:00,0.0,0.0,0.0,0.0,6.9,55,11.5,2,1025.0,31,0,0,31,0.0,0.0,43.6591,-70.2568,2022,11,3,1
2022-11-03 02:00:00,0.0,0.0,0.0,0.0,6.2,60,10.1,6,1024.8,29,0,0,29,0.0,0.0,43.6591,-70.2568,2022,11,3,2
2022-11-03 03:00:00,0.0,0.0,0.0,0.0,5.6,66,8.0,352,1025.2,0,0,0,0,0.0,0.0,43.6591,-70.2568,2022,11,3,3
2022-11-03 04:00:00,0.0,0.0,0.0,0.0,5.2,71,5.4,340,1025.2,18,0,0,18,0.0,0.0,43.6591,-70.2568,2022,11,3,4
2022-11-03 05:00:00,0.0,0.0,0.0,0.0,5.1,73,5.8,356,1025.3,36,0,0,36,0.0,0.0,43.6591,-70.2568,2022,11,3,5
2022-11-03 06:00:00,0.0,0.0,0.0,0.0,4.9,76,4.0,350,1025.4,58,0,0,58,0.0,0.0,43.6591,-70.2568,2022,11,3,6
2022-11-03 07:00:00,0.0,0.0,0.0,0.0,4.0,83,3.7,331,1025.5,7,0,0,7,0.0,0.0,43.6591,-70.2568,2022,11,3,7
2022-11-03 08:00:00,18.0,10.0,8.0,146.3,4.8,83,4.7,328,1026.8,5,0,0,27,0.0,2116.94,43.6591,-70.2568,2022,11,3,8
2022-11-03 09:00:00,144.0,103.0,41.0,569.0,6.7,83,3.1,324,1027.1,29,0,0,29,0.0,3600.0,43.6591,-70.2568,2022,11,3,9
2022-11-03 10:00:00,295.0,235.0,60.0,728.7,9.4,63,1.5,256,1027.1,55,0,0,55,0.0,3600.0,43.6591,-70.2568,2022,11,3,10
2022-11-03 11:00:00,413.0,337.0,76.0,784.4,11.3,61,4.8,193,1026.6,59,0,0,59,0.0,3600.0,43.6591,-70.2568,2022,11,3,11
2022-11-03 12:00:00,489.0,408.0,81.0,823.9,12.7,60,7.9,180,1025.8,59,0,0,59,0.0,3600.0,43.6591,-70.2568,2022,11,3,12
2022-11-03 13:00:00,508.0,423.0,85.0,821.9,13.5,59,9.4,176,1024.9,68,0,0,68,0.0,3600.0,43.6591,-70.2568,2022,11,3,13
2022-11-03 14:00:00,475.0,397.0,78.0,815.7,13.9,61,10.1,176,1024.0,59,0,0,59,0.0,3600.0,43.6591,-70.2568,2022,11,3,14
2022-11-03 15:00:00,387.0,315.0,72.0,762.2,13.8,66,10.8,176,1023.4,63,0,0,63,0.0,3600.0,43.6591,-70.2568,2022,11,3,15
2022-11-03 16:00:00,260.0,200.0,60.0,668.1,13.0,74,11.2,180,1023.0,1,0,0,1,0.0,3600.0,43.6591,-70.2568,2022,11,3,16
2022-11-03 17:00:00,112.0,75.0,37.0,491.3,11.5,83,11.6,187,1022.5,58,0,0,58,0.0,3600.0,43.6591,-70.2568,2022,11,3,17
2022-11-03 18:00:00,7.0,3.0,4.0,56.7,10.4,87,13.2,202,1022.3,54,0,0,54,0.0,297.97,43.6591,-70.2568,2022,11,3,18
2022-11-03 19:00:00,0.0,0.0,0.0,0.0,9.9,89,11.5,219,1022.4,3,0,0,3,0.0,0.0,43.6591,-70.2568,2022,11,3,19
2022-11-03 20:00:00,0.0,0.0,0.0,0.0,10.5,88,13.3,218,1022.0,0,0,0,0,0.0,0.0,43.6591,-70.2568,2022,11,3,20
2022-11-03 21:00:00,0.0,0.0,0.0,0.0,10.5,86,13.2,225,1021.9,0,0,0,0,0.0,0.0,43.6591,-70.2568,2022,11,3,21
2022-11-03 22:00:00,0.0,0.0,0.0,0.0,10.4,81,13.3,232,1022.0,0,0,0,0,0.0,0.0,43.6591,-70.2568,2022,11,3,22
2022-11-03 23:00:00,0.0,0.0,0.0,0.0,10.2,77,13.2,235,1022.1,0,0,0,0,0.0,0.0,43.6591,-70.2568,2022,11,3,23
2022-11-04 00:00:00,0.0,0.0,0.0,0.0,9.9,76,13.7,235,1021.9,0,0,0,0,0.0,0.0,43.6591,-70.2568,2022,11,4,0
2022-11-04 01:00:00,0.0,0.0,0.0,0.0,9.7,77,13.7,235,1021.7,0,0,0,0,0.0,0.0,43.6591,-70.2568,2022,11,4,1
2022-11-04 02:00:00,0.0,0.0,0.0,0.0,9.4,79,13.7,235,1021.7,0,0,0,0,0.0,0.0,43.6591,-70.2568,2022,11,4,2
2022-11-04 03:00:00,0.0,0.0,0.0,0.0,9.1,82,13.2,235,1021.3,0,0,0,0,0.0,0.0,43.6591,-70.2568,2022,11,4,3
2022-11-04 04:00:00,0.0,0.0,0.0,0.0,9.0,83,13.3,237,1021.1,0,0,0,0,0.0,0.0,43.6591,-70.2568,2022,11,4,4
2022-11-04 05:00:00,0.0,0.0,0.0,0.0,8.9,84,13.0,236,1021.1,0,0,0,0,0.0,0.0,43.6591,-70.2568,2022,11,4,5
2022-11-04 06:00:00,0.0,0.0,0.0,0.0,8.6,85,12.6,233,1021.0,0,0,0,0,0.0,0.0,43.6591,-70.2568,2022,11,4,6
2022-11-04 07:00:00,0.0,0.0,0.0,0.0,8.4,85,12.8,238,1021.3,0,0,0,0,0.0,0.0,43.6591,-70.2568,2022,11,4,7
2022-11-04 08:00:00,16.0,8.0,8.0,120.7,8.7,85,12.8,238,1022.0,0,0,0,2,0.0,1750.94,43.6591,-70.2568,2022,11,4,8
2022-11-04 09:00:00,136.0,95.0,41.0,537.1,10.3,79,11.9,235,1022.7,0,0,0,0,0.0,3600.0,43.6591,-70.2568,2022,11,4,9
2022-11-04 10:00:00,284.0,226.0,58.0,710.5,12.8,69,10.5,221,1022.5,30,0,0,30,0.0,3600.0,43.6591,-70.2568,2022,11,4,10
2022-11-04 11:00:00,403.0,331.0,72.0,778.6,15.0,62,10.6,215,1022.1,25,0,0,25,0.0,3600.0,43.6591,-70.2568,2022,11,4,11
2022-11-04 12:00:00,480.0,409.0,71.0,833.7,16.8,57,9.9,213,1021.8,61,0,0,61,0.0,3600.0,43.6591,-70.2568,2022,11,4,12
2022-11-04 13:00:00,497.0,418.0,79.0,819.6,17.9,55,9.9,213,1021.1,37,0,0,37,0.0,3600.0,43.6591,-70.2568,2022,11,4,13
2022-11-04 14:00:00,465.0,390.0,75.0,808.9,18.8,52,9.1,214,1020.5,23,0,0,23,0.0,3600.0,43.6591,-70.2568,2022,11,4,14
2022-11-04 15:00:00,382.0,316.0,66.0,772.9,18.7,57,8.6,195,1020.1,14,0,0,14,0.0,3600.0,43.6591,-70.2568,2022,11,4,15
2022-11-04 16:00:00,254.0,198.0,56.0,671.0,17.7,69,9.6,200,1019.9,1,0,0,1,0.0,3600.0,43.6591,-70.2568,2022,11,4,16
2022-11-04 17:00:00,106.0,71.0,35.0,477.8,16.0,73,11.6,202,1019.8,3,0,0,3,0.0,3600.0,43.6591,-70.2568,2022,11,4,17
2022-11-04 18:00:00,6.0,3.0,3.0,57.3,14.6,74,13.2,209,1020.1,66,0,0,66,0.0,339.6,43.6591,-70.2568,2022,11,4,18
2022-11-04 19:00:00,0.0,0.0,0.0,0.0,14.2,76,14.0,215,1020.1,38,0,0,38,0.0,0.0,43.6591,-70.2568,2022,11,4,19
2022-11-04 20:00:00,0.0,0.0,0.0,0.0,15.0,69,15.9,219,1019.9,67,0,0,93,0.0,0.0,43.6591,-70.2568,2022,11,4,20
2022-11-04 21:00:00,0.0,0.0,0.0,0.0,14.7,72,14.9,217,1019.9,2,0,0,2,0.0,0.0,43.6591,-70.2568,2022,11,4,21
2022-11-04 22:00:00,0.0,0.0,0.0,0.0,14.8,74,16.3,221,1020.1,2,0,0,2,0.0,0.0,43.6591,-70.2568,2022,11,4,22
2022-11-04 23:00:00,0.0,0.0,0.0,0.0,14.6,77,16.5,226,1019.9,0,0,0,0,0.0,0.0,43.6591,-70.2568,2022,11,4,23
2022-11-05 00:00:00,0.0,0.0,0.0,0.0,14.2,82,16.8,227,1019.5,10,0,0,10,0.0,0.0,43.6591,-70.2568,2022,11,5,0
2022-11-05 01:00:00,0.0,0.0,0.0,0.0,14.1,85,17.8,228,1019.2,0,0,0,0,0.0,0.0,43.6591,-70.2568,2022,11,5,1
2022-11-05 02:00:00,0.0,0.0,0.0,0.0,14.2,88,17.3,227,1019.3,91,0,0,91,0.0,0.0,43.6591,-70.2568,2022,11,5,2
2022-11-05 03:00:00,0.0,0.0,0.0,0.0,14.4,89,17.6,229,1019.5,95,0,0,95,0.0,0.0,43.6591,-70.2568,2022,11,5,3
2022-11-05 04:00:00,0.0,0.0,0.0,0.0,14.5,89,16.9,230,1019.0,52,0,0,52,0.0,0.0,43.6591,-70.2568,2022,11,5,4
2022-11-05 05:00:00,0.0,0.0,0.0,0.0,14.4,91,15.3,231,1019.1,34,0,0,34,0.0,0.0,43.6591,-70.2568,2022,11,5,5
2022-11-05 06:00:00,0.0,0.0,0.0,0.0,14.0,93,13.5,226,1019.1,24,0,0,24,0.0,0.0,43.6591,-70.2568,2022,11,5,6
2022-11-05 07:00:00,0.0,0.0,0.0,0.0,13.7,95,13.1,217,1018.9,66,2,0,66,0.0,0.0,43.6591,-70.2568,2022,11,5,7
2022-11-05 08:00:00,13.0,6.0,7.0,93.5,14.4,92,14.3,214,1019.2,28,0,0,21,0.0,1104.24,43.6591,-70.2568,2022,11,5,8
2022-11-05 09:00:00,126.0,84.0,42.0,486.4,15.7,88,11.9,209,1019.5,0,0,0,0,0.0,3600.0,43.6591,-70.2568,2022,11,5,9
2022-11-05 10:00:00,269.0,209.0,60.0,666.1,17.5,81,12.9,207,1019.2,19,0,0,19,0.0,3600.0,43.6591,-70.2568,2022,11,5,10
2022-11-05 11:00:00,385.0,314.0,71.0,746.5,19.1,75,13.4,200,1019.2,20,0,0,20,0.0,3600.0,43.6591,-70.2568,2022,11,5,11
2022-11-05 12:00:00,459.0,384.0,75.0,790.1,20.4,72,14.1,193,1018.7,35,0,0,35,0.0,3600.0,43.6591,-70.2568,2022,11,5,12
2022-11-05 13:00:00,480.0,404.0,76.0,799.3,21.2,71,13.5,189,1017.9,68,0,0,68,0.0,3600.0,43.6591,-70.2568,2022,11,5,13
2022-11-05 14:00:00,446.0,369.0,77.0,772.6,22.0,71,14.8,198,1017.4,83,56,1,61,0.0,3600.0,43.6591,-70.2568,2022,11,5,14
2022-11-05 15:00:00,265.0,160.0,105.0,395.6,21.8,70,15.1,198,1017.0,53,16,1,44,0.0,3600.0,43.6591,-70.2568,2022,11,5,15
2022-11-05 16:00:00,229.0,166.0,63.0,570.7,20.3,78,15.2,184,1017.1,20,13,4,6,0.0,3600.0,43.6591,-70.2568,2022,11,5,16
2022-11-05 17:00:00,91.0,52.0,39.0,359.5,18.5,82,17.9,189,1017.2,31,2,0,30,0.0,3600.0,43.6591,-70.2568,2022,11,5,17
2022-11-05 18:00:00,5.0,2.0,3.0,38.2,17.6,84,19.5,196,1017.5,100,1,0,100,0.0,34.88,43.6591,-70.2568,2022,11,5,18
2022-11-05 19:00:00,0.0,0.0,0.0,0.0,17.8,84,20.2,199,1018.1,97,0,0,97,0.0,0.0,43.6591,-70.2568,2022,11,5,19
2022-11-05 20:00:00,0.0,0.0,0.0,0.0,18.3,80,22.3,201,1018.2,99,0,0,100,0.0,0.0,43.6591,-70.2568,2022,11,5,20
2022-11-05 21:00:00,0.0,0.0,0.0,0.0,18.0,80,22.1,202,1018.6,100,0,0,100,0.0,0.0,43.6591,-70.2568,2022,11,5,21
2022-11-05 22:00:00,0.0,0.0,0.0,0.0,17.8,79,21.7,204,1018.8,100,29,0,100,0.0,0.0,43.6591,-70.2568,2022,11,5,22
2022-11-05 23:00:00,0.0,0.0,0.0,0.0,18.1,79,21.3,206,1019.0,100,0,0,100,0.0,0.0,43.6591,-70.2568,2022,11,5,23
2022-11-06 00:00:00,0.0,0.0,0.0,0.0,17.9,80,20.0,206,1018.8,43,0,0,43,0.0,0.0,43.6591,-70.2568,2022,11,6,0
2022-11-06 01:00:00,0.0,0.0,0.0,0.0,17.3,84,19.9,202,1018.4,100,3,0,100,0.0,0.0,43.6591,-70.2568,2022,11,6,1
2022-11-06 02:00:00,0.0,0.0,0.0,0.0,17.1,87,18.5,204,1018.2,100,7,0,100,0.0,0.0,43.6591,-70.2568,2022,11,6,2
2022-11-06 03:00:00,0.0,0.0,0.0,0.0,17.4,87,18.9,204,1017.8,100,9,0,100,0.0,0.0,43.6591,-70.2568,2022,11,6,3
2022-11-06 04:00:00,0.0,0.0,0.0,0.0,17.7,86,17.9,205,1017.6,84,27,0,78,0.0,0.0,43.6591,-70.2568,2022,11,6,4
2022-11-06 05:00:00,0.0,0.0,0.0,0.0,17.3,87,16.7,199,1017.5,89,19,0,86,0.0,0.0,43.6591,-70.2568,2022,11,6,5
2022-11-06 06:00:00,0.0,0.0,0.0,0.0,17.0,87,15.4,201,1017.4,100,6,0,100,0.0,0.0,43.6591,-70.2568,2022,11,6,6
2022-11-06 07:00:00,0.0,0.0,0.0,0.0,16.8,87,14.5,203,1017.6,74,1,0,73,0.0,0.0,43.6591,-70.2568,2022,11,6,7
2022-11-06 08:00:00,12.0,5.0,7.0,80.6,17.8,85,18.2,205,1018.3,40,2,0,64,0.0,801.97,43.6591,-70.2568,2022,11,6,8
2022-11-06 09:00:00,112.0,56.0,56.0,332.3,18.7,80,18.9,201,1018.4,87,1,0,87,0.0,3600.0,43.6591,-70.2568,2022,11,6,9
2022-11-06 10:00:00,226.0,122.0,104.0,394.3,20.2,72,20.5,202,1018.3,49,6,0,46,0.0,3600.0,43.6591,-70.2568,2022,11,6,10
2022-11-06 11:00:00,377.0,300.0,77.0,720.9,21.1,69,20.5,191,1017.7,91,1,1,91,0.0,3600.0,43.6591,-70.2568,2022,11,6,11
2022-11-06 12:00:00,441.0,349.0,92.0,724.9,21.6,70,22.7,190,1017.2,99,0,0,99,0.0,3600.0,43.6591,-70.2568,2022,11,6,12
2022-11-06 13:00:00,443.0,318.0,125.0,634.9,21.5,70,23.0,189,1016.4,100,0,1,100,0.0,3600.0,43.6591,-70.2568,2022,11,6,13
2022-11-06 14:00:00,333.0,140.0,193.0,295.9,20.9,73,20.5,190,1015.6,100,0,13,100,0.0,3600.0,43.6591,-70.2568,2022,11,6,14
2022-11-06 15:00:00,223.0,51.0,172.0,127.5,21.1,73,18.4,197,1015.5,100,1,21,100,0.0,2023.8,43.6591,-70.2568,2022,11,6,15
2022-11-06 16:00:00,130.0,30.0,100.0,104.6,20.4,76,16.8,195,1015.6,100,3,38,100,0.0,1338.61,43.6591,-70.2568,2022,11,6,16
2022-11-06 17:00:00,28.0,1.0,27.0,7.1,18.1,89,19.1,200,1015.8,100,0,92,100,1.3,0.0,43.6591,-70.2568,2022,11,6,17
2022-11-06 18:00:00,1.0,0.0,1.0,0.0,17.5,94,16.1,207,1015.8,100,12,9,100,0.0,0.0,43.6591,-70.2568,2022,11,6,18
2022-11-06 19:00:00,0.0,0.0,0.0,0.0,17.3,94,14.7,205,1015.9,17,4,10,4,0.0,0.0,43.6591,-70.2568,2022,11,6,19
2022-11-06 20:00:00,0.0,0.0,0.0,0.0,17.2,93,15.0,197,1015.7,25,100,1,0,0.0,0.0,43.6591,-70.2568,2022,11,6,20
2022-11-06 21:00:00,0.0,0.0,0.0,0.0,18.0,90,18.4,203,1015.5,11,0,10,0,0.0,0.0,43.6591,-70.2568,2022,11,6,21
2022-11-06 22:00:00,0.0,0.0,0.0,0.0,17.8,92,18.4,206,1015.6,100,1,100,0,0.0,0.0,43.6591,-70.2568,2022,11,6,22
2022-11-06 23:00:00,0.0,0.0,0.0,0.0,18.1,91,18.0,209,1015.2,14,6,9,0,0.0,0.0,43.6591,-70.2568,2022,11,6,23
2022-11-07 00:00:00,0.0,0.0,0.0,0.0,18.0,92,18.2,207,1014.8,15,8,8,0,0.0,0.0,43.6591,-70.2568,2022,11,7,0
2022-11-07 01:00:00,0.0,0.0,0.0,0.0,17.9,92,18.5,209,1014.5,16,13,3,0,0.0,0.0,43.6591,-70.2568,2022,11,7,1
2022-11-07 02:00:00,0.0,0.0,0.0,0.0,18.2,90,21.1,210,1013.7,15,11,4,0,0.0,0.0,43.6591,-70.2568,2022,11,7,2
2022-11-07 03:00:00,0.0,0.0,0.0,0.0,18.6,88,21.7,216,1013.7,64,10,9,56,0.0,0.0,43.6591,-70.2568,2022,11,7,3
2022-11-07 04:00:00,0.0,0.0,0.0,0.0,18.8,85,21.2,215,1012.9,30,6,26,0,0.0,0.0,43.6591,-70.2568,2022,11,7,4
2022-11-07 05:00:00,0.0,0.0,0.0,0.0,18.8,84,20.5,219,1012.7,100,5,100,0,0.0,0.0,43.6591,-70.2568,2022,11,7,5
2022-11-07 06:00:00,0.0,0.0,0.0,0.0,19.3,83,16.6,236,1013.0,100,100,51,0,0.0,0.0,43.6591,-70.2568,2022,11,7,6
2022-11-07 07:00:00,0.0,0.0,0.0,0.0,18.7,88,13.5,228,1012.7,100,100,66,0,0.3,0.0,43.6591,-70.2568,2022,11,7,7
2022-11-07 08:00:00,6.0,1.0,5.0,16.7,18.9,84,17.3,225,1013.1,61,1,28,0,0.0,0.0,43.6591,-70.2568,2022,11,7,8
2022-11-07 09:00:00,101.0,60.0,41.0,364.9,19.6,82,16.9,232,1013.3,25,4,25,0,0.0,3600.0,43.6591,-70.2568,2022,11,7,9
2022-11-07 10:00:00,233.0,157.0,76.0,514.6,20.9,73,17.1,235,1012.5,3,0,3,0,0.0,3600.0,43.6591,-70.2568,2022,11,7,10
2022-11-07 11:00:00,360.0,284.0,76.0,689.9,21.6,61,21.5,247,1012.3,0,0,0,0,0.0,3600.0,43.6591,-70.2568,2022,11,7,11
2022-11-07 12:00:00,457.0,386.0,71.0,809.3,21.5,41,25.2,260,1012.2,0,0,0,0,0.0,3600.0,43.6591,-70.2568,2022,11,7,12
2022-11-07 13:00:00,485.0,415.0,70.0,836.0,21.2,35,25.1,258,1011.5,0,0,0,0,0.0,3600.0,43.6591,-70.2568,2022,11,7,13
2022-11-07 14:00:00,461.0,393.0,68.0,838.4,21.1,33,25.3,253,1010.8,0,0,0,0,0.0,3600.0,43.6591,-70.2568,2022,11,7,14
2022-11-07 15:00:00,380.0,317.0,63.0,800.8,20.7,30,23.5,252,1010.4,0,0,0,0,0.0,3600.0,43.6591,-70.2568,2022,11,7,15
2022-11-07 16:00:00,257.0,204.0,53.0,721.6,19.8,30,24.3,255,1010.8,0,0,0,0,0.0,3600.0,43.6591,-70.2568,2022,11,7,16
2022-11-07 17:00:00,104.0,71.0,33.0,518.4,18.3,32,22.8,265,1011.8,0,0,0,0,0.0,3600.0,43.6591,-70.2568,2022,11,7,17
2022-11-07 18:00:00,5.0,2.0,3.0,38.2,16.7,33,19.5,274,1012.7,0,0,0,0,0.0,113.08,43.6591,-70.2568,2022,11,7,18
2022-11-07 19:00:00,0.0,0.0,0.0,0.0,15.1,39,16.8,301,1014.5,0,0,0,0,0.0,0.0,43.6591,-70.2568,2022,11,7,19
2022-11-07 20:00:00,0.0,0.0,0.0,0.0,15.1,35,20.0,308,1016.5,1,1,0,0,0.0,0.0,43.6591,-70.2568,2022,11,7,20
2022-11-07 21:00:00,0.0,0.0,0.0,0.0,13.5,41,19.5,304,1017.8,3,1,2,0,0.0,0.0,43.6591,-70.2568,2022,11,7,21
2022-11-07 22:00:00,0.0,0.0,0.0,0.0,12.5,44,17.1,305,1018.9,0,0,0,0,0.0,0.0,43.6591,-70.2568,2022,11,7,22
2022-11-07 23:00:00,0.0,0.0,0.0,0.0,11.6,47,15.7,307,1019.5,16,16,1,0,0.0,0.0,43.6591,-70.2568,2022,11,7,23
2022-11-08 00:00:00,0.0,0.0,0.0,0.0,10.8,49,13.6,307,1020.3,1,1,0,0,0.0,0.0,43.6591,-70.2568,2022,11,8,0
2022-11-08 01:00:00,0.0,0.0,0.0,0.0,9.8,52,12.7,313,1021.1,4,4,0,0,0.0,0.0,43.6591,-70.2568,2022,11,8,1
2022-11-08 02:00:00,0.0,0.0,0.0,0.0,9.2,54,10.9,304,1021.6,0,0,0,0,0.0,0.0,43.6591,-70.2568,2022,11,8,2
2022-11-08 03:00:00,0.0,0.0,0.0,0.0,8.5,57,11.0,293,1022.1,0,0,0,0,0.0,0.0,43.6591,-70.2568,2022,11,8,3
2022-11-08 04:00:00,0.0,0.0,0.0,0.0,7.9,58,10.6,280,1022.2,0,0,0,0,0.0,0.0,43.6591,-70.2568,2022,11,8,4
2022-11-08 05:00:00,0.0,0.0,0.0,0.0,7.5,57,11.4,281,1022.6,1,1,0,0,0.0,0.0,43.6591,-70.2568,2022,11,8,5
2022-11-08 06:00:00,0.0,0.0,0.0,0.0,7.2,56,12.1,287,1023.1,10,10,0,0,0.0,0.0,43.6591,-70.2568,2022,11,8,6
2022-11-08 07:00:00,0.0,0.0,0.0,0.0,7.0,57,13.2,305,1023.7,15,15,0,0,0.0,0.0,43.6591,-70.2568,2022,11,8,7
2022-11-08 08:00:00,11.0,5.0,6.0,86.4,7.4,55,14.3,317,1024.8,6,2,0,0,0.0,891.91,43.6591,-70.2568,2022,11,8,8
2022-11-08 09:00:00,127.0,87.0,40.0,542.8,7.6,47,21.1,333,1026.1,2,2,0,0,0.0,3600.0,43.6591,-70.2568,2022,11,8,9
2022-11-08 10:00:00,274.0,211.0,63.0,701.5,7.1,47,24.8,327,1026.8,0,0,0,0,0.0,3600.0,43.6591,-70.2568,2022,11,8,10
2022-11-08 11:00:00,392.0,311.0,81.0,763.7,7.2,44,24.3,320,1027.5,9,9,0,0,0.0,3600.0,43.6591,-70.2568,2022,11,8,11
2022-11-08 12:00:00,480.0,404.0,76.0,855.1,7.4,41,25.3,324,1028.0,1,1,0,0,0.0,3600.0,43.6591,-70.2568,2022,11,8,12
2022-11-08 13:00:00,505.0,429.0,76.0,872.0,7.7,39,25.1,321,1027.5,0,0,0,0,0.0,3600.0,43.6591,-70.2568,2022,11,8,13
2022-11-08 14:00:00,475.0,403.0,72.0,867.8,8.2,37,24.5,320,1027.1,0,0,0,0,0.0,3600.0,43.6591,-70.2568,2022,11,8,14
2022-11-08 15:00:00,389.0,323.0,66.0,824.7,8.4,36,24.5,324,1027.4,0,0,0,0,0.0,3600.0,43.6591,-70.2568,2022,11,8,15
2022-11-08 16:00:00,257.0,202.0,55.0,724.7,7.9,39,23.4,323,1027.9,0,0,0,0,0.0,3600.0,43.6591,-70.2568,2022,11,8,16
2022-11-08 17:00:00,102.0,69.0,33.0,517.8,7.1,42,20.2,325,1028.2,0,0,0,0,0.0,3600.0,43.6591,-70.2568,2022,11,8,17
2022-11-08 18:00:00,4.0,2.0,2.0,38.2,6.4,43,19.4,329,1029.1,0,0,0,0,0.0,151.11,43.6591,-70.2568,2022,11,8,18
2022-11-08 19:00:00,0.0,0.0,0.0,0.0,6.0,44,18.6,328,1029.9,0,0,0,0,0.0,0.0,43.6591,-70.2568,2022,11,8,19
2022-11-08 20:00:00,0.0,0.0,0.0,0.0,5.6,44,18.0,331,1031.3,0,0,0,0,0.0,0.0,43.6591,-70.2568,2022,11,8,20
2022-11-08 21:00:00,0.0,0.0,0.0,0.0,4.7,47,17.4,333,1031.7,0,0,0,0,0.0,0.0,43.6591,-70.2568,2022,11,8,21
2022-11-08 22:00:00,0.0,0.0,0.0,0.0,4.2,50,17.9,335,1032.0,0,0,0,0,0.0,0.0,43.6591,-70.2568,2022,11,8,22
2022-11-08 23:00:00,0.0,0.0,0.0,0.0,3.7,53,16.6,336,1032.1,0,0,0,0,0.0,0.0,43.6591,-70.2568,2022,11,8,23
2022-11-09 00:00:00,0.0,0.0,0.0,0.0,3.3,55,15.5,338,1032.9,0,0,0,0,0.0,0.0,43.6591,-70.2568,2022,11,9,0
2022-11-09 01:00:00,0.0,0.0,0.0,0.0,2.9,57,14.0,342,1033.3,0,0,0,0,0.0,0.0,43.6591,-70.2568,2022,11,9,1
2022-11-09 02:00:00,0.0,0.0,0.0,0.0,2.5,59,12.2,346,1033.5,0,0,0,0,0.0,0.0,43.6591,-70.2568,2022,11,9,2
2022-11-09 03:00:00,0.0,0.0,0.0,0.0,2.1,61,12.4,343,1033.9,0,0,0,0,0.0,0.0,43.6591,-70.2568,2022,11,9,3
2022-11-09 04:00:00,0.0,0.0,0.0,0.0,1.8,63,12.0,339,1033.9,0,0,0,0,0.0,0.0,43.6591,-70.2568,2022,11,9,4
2022-11-09 05:00:00,0.0,0.0,0.0,0.0,1.4,67,10.0,334,1034.0,0,0,0,0,0.0,0.0,43.6591,-70.2568,2022,11,9,5
2022-11-09 06:00:00,0.0,0.0,0.0,0.0,1.2,70,9.5,335,1034.2,0,0,0,0,0.0,0.0,43.6591,-70.2568,2022,11,9,6
2022-11-09 07:00:00,0.0,0.0,0.0,0.0,0.9,74,9.1,342,1034.1,0,0,0,0,0.0,0.0,43.6591,-70.2568,2022,11,9,7
2022-11-09 08:00:00,10.0,5.0,5.0,89.6,1.7,69,9.5,349,1034.5,0,0,0,0,0.0,936.89,43.6591,-70.2568,2022,11,9,8
2022-11-09 09:00:00,125.0,87.0,38.0,557.0,2.9,63,7.6,357,1034.9,0,0,0,0,0.0,3600.0,43.6591,-70.2568,2022,11,9,9
2022-11-09 10:00:00,277.0,220.0,57.0,742.0,4.6,52,6.5,3,1034.5,0,0,0,0,0.0,3600.0,43.6591,-70.2568,2022,11,9,10
2022-11-09 11:00:00,401.0,335.0,66.0,831.5,6.1,45,4.0,10,1034.0,32,0,0,32,0.0,3600.0,43.6591,-70.2568,2022,11,9,11
2022-11-09 12:00:00,477.0,405.0,72.0,865.3,7.3,43,0.8,63,1033.5,1,0,0,1,0.0,3600.0,43.6591,-70.2568,2022,11,9,12
2022-11-09 13:00:00,498.0,426.0,72.0,873.7,8.1,42,2.3,162,1032.7,0,0,0,0,0.0,3600.0,43.6591,-70.2568,2022,11,9,13
2022-11-09 14:00:00,463.0,392.0,71.0,851.9,8.3,43,7.2,162,1031.7,0,0,0,0,0.0,3600.0,43.6591,-70.2568,2022,11,9,14
2022-11-09 15:00:00,373.0,308.0,65.0,794.7,8.1,47,10.1,174,1031.1,0,0,0,0,0.0,3600.0,43.6591,-70.2568,2022,11,9,15
2022-11-09 16:00:00,243.0,189.0,54.0,687.7,7.3,53,11.9,177,1030.5,0,0,0,0,0.0,3600.0,43.6591,-70.2568,2022,11,9,16
2022-11-09 17:00:00,94.0,62.0,32.0,478.3,6.0,61,12.0,187,1030.0,0,0,0,0,0.0,3600.0,43.6591,-70.2568,2022,11,9,17
2022-11-09 18:00:00,3.0,1.0,2.0,19.1,5.4,66,13.9,197,1029.2,0,0,0,0,0.0,0.0,43.6591,-70.2568,2022,11,9,18
2022-11-09 19:00:00,0.0,0.0,0.0,0.0,5.1,71,12.9,207,1029.2,0,0,0,0,0.0,0.0,43.6591,-70.2568,2022,11,9,19
2022-11-09 20:00:00,0.0,0.0,0.0,0.0,5.7,78,13.5,214,1028.5,0,0,2,2,0.0,0.0,43.6591,-70.2568,2022,11,9,20
2022-11-09 21:00:00,0.0,0.0,0.0,0.0,5.4,82,12.8,220,1028.2,0,0,0,0,0.0,0.0,43.6591,-70.2568,2022,11,9,21
2022-11-09 22:00:00,0.0,0.0,0.0,0.0,5.2,77,13.8,221,1027.6,2,0,1,1,0.0,0.0,43.6591,-70.2568,2022,11,9,22
2022-11-09 23:00:00,0.0,0.0,0.0,0.0,4.9,72,14.3,221,1027.1,2,0,2,0,0.0,0.0,43.6591,-70.2568,2022,11,9,23
2022-11-10 00:00:00,0.0,0.0,0.0,0.0,4.7,70,14.8,221,1026.1,1,0,1,0,0.0,0.0,43.6591,-70.2568,2022,11,10,0
2022-11-10 01:00:00,0.0,0.0,0.0,0.0,4.5,65,15.3,219,1025.1,0,0,0,0,0.0,0.0,43.6591,-70.2568,2022,11,10,1
2022-11-10 02:00:00,0.0,0.0,0.0,0.0,4.2,63,15.6,218,1024.2,0,0,0,0,0.0,0.0,43.6591,-70.2568,2022,11,10,2
2022-11-10 03:00:00,0.0,0.0,0.0,0.0,4.0,62,15.6,218,1023.4,5,0,0,5,0.0,0.0,43.6591,-70.2568,2022,11,10,3
2022-11-10 04:00:00,0.0,0.0,0.0,0.0,4.1,63,15.8,221,1022.6,74,0,0,74,0.0,0.0,43.6591,-70.2568,2022,11,10,4
2022-11-10 05:00:00,0.0,0.0,0.0,0.0,4.3,65,14.8,225,1022.1,49,0,0,49,0.0,0.0,43.6591,-70.2568,2022,11,10,5
2022-11-10 06:00:00,0.0,0.0,0.0,0.0,4.4,66,14.8,225,1021.6,0,0,0,0,0.0,0.0,43.6591,-70.2568,2022,11,10,6
2022-11-10 07:00:00,0.0,0.0,0.0,0.0,4.5,67,15.5,222,1021.1,0,0,0,0,0.0,0.0,43.6591,-70.2568,2022,11,10,7
2022-11-10 08:00:00,9.0,4.0,5.0,74.4,5.5,62,17.6,226,1020.6,0,0,2,8,0.0,629.92,43.6591,-70.2568,2022,11,10,8
2022-11-10 09:00:00,113.0,76.0,37.0,499.6,6.9,60,14.5,226,1020.5,8,0,0,8,0.0,3600.0,43.6591,-70.2568,2022,11,10,9
2022-11-10 10:00:00,259.0,203.0,56.0,694.6,9.3,56,12.5,219,1019.9,1,0,1,0,0.0,3600.0,43.6591,-70.2568,2022,11,10,10
2022-11-10 11:00:00,375.0,310.0,65.0,777.8,11.9,52,11.5,212,1019.0,0,0,0,0,0.0,3600.0,43.6591,-70.2568,2022,11,10,11
2022-11-10 12:00:00,449.0,379.0,70.0,817.4,14.3,46,12.7,227,1018.3,0,0,0,0,0.0,3600.0,43.6591,-70.2568,2022,11,10,12
2022-11-10 13:00:00,471.0,400.0,71.0,827.7,16.0,42,13.1,233,1017.0,0,0,0,0,0.0,3600.0,43.6591,-70.2568,2022,11,10,13
2022-11-10 14:00:00,438.0,370.0,68.0,811.6,17.0,41,13.7,225,1016.2,0,0,0,0,0.0,3600.0,43.6591,-70.2568,2022,11,10,14
2022-11-10 15:00:00,354.0,291.0,63.0,758.7,17.4,43,12.5,226,1015.8,0,0,0,0,0.0,3600.0,43.6591,-70.2568,2022,11,10,15
2022-11-10 16:00:00,230.0,178.0,52.0,656.7,17.0,44,15.1,232,1015.6,0,0,0,0,0.0,3600.0,43.6591,-70.2568,2022,11,10,16
2022-11-10 17:00:00,88.0,57.0,31.0,452.0,15.6,47,15.1,237,1015.4,0,0,0,0,0.0,3600.0,43.6591,-70.2568,2022,11,10,17
2022-11-10 18:00:00,3.0,1.0,2.0,19.1,14.4,48,16.1,236,1015.4,36,0,0,36,0.0,0.0,43.6591,-70.2568,2022,11,10,18
2022-11-10 19:00:00,0.0,0.0,0.0,0.0,13.8,49,15.4,237,1015.5,75,0,0,75,0.0,0.0,43.6591,-70.2568,2022,11,10,19
2022-11-10 20:00:00,0.0,0.0,0.0,0.0,14.8,46,18.9,235,1015.2,82,0,0,88,0.0,0.0,43.6591,-70.2568,2022,11,10,20
2022-11-10 21:00:00,0.0,0.0,0.0,0.0,14.4,51,17.8,238,1015.0,90,0,0,90,0.0,0.0,43.6591,-70.2568,2022,11,10,21
2022-11-10 22:00:00,0.0,0.0,0.0,0.0,14.1,53,16.1,241,1015.0,96,0,0,96,0.0,0.0,43.6591,-70.2568,2022,11,10,22
2022-11-10 23:00:00,0.0,0.0,0.0,0.0,13.6,57,14.5,243,1014.9,100,0,0,100,0.0,0.0,43.6591,-70.2568,2022,11,10,23
2022-11-11 00:00:00,0.0,0.0,0.0,0.0,12.8,63,13.4,246,1014.7,100,0,0,100,0.0,0.0,43.6591,-70.2568,2022,11,11,0
2022-11-11 01:00:00,0.0,0.0,0.0,0.0,12.4,66,11.6,244,1014.9,100,0,0,100,0.0,0.0,43.6591,-70.2568,2022,11,11,1
2022-11-11 02:00:00,0.0,0.0,0.0,0.0,11.7,70,11.6,234,1014.9,68,0,0,68,0.0,0.0,43.6591,-70.2568,2022,11,11,2
2022-11-11 03:00:00,0.0,0.0,0.0,0.0,11.0,74,12.2,236,1014.8,99,0,0,99,0.0,0.0,43.6591,-70.2568,2022,11,11,3
2022-11-11 04:00:00,0.0,0.0,0.0,0.0,10.9,76,13.5,226,1014.6,100,0,0,100,0.0,0.0,43.6591,-70.2568,2022,11,11,4
2022-11-11 05:00:00,0.0,0.0,0.0,0.0,10.7,78,13.8,229,1014.7,100,0,0,100,0.0,0.0,43.6591,-70.2568,2022,11,11,5
2022-11-11 06:00:00,0.0,0.0,0.0,0.0,10.4,80,13.4,234,1014.8,100,0,0,100,0.0,0.0,43.6591,-70.2568,2022,11,11,6
2022-11-11 07:00:00,0.0,0.0,0.0,0.0,10.3,82,12.0,237,1014.7,100,0,0,100,0.0,0.0,43.6591,-70.2568,2022,11,11,7
2022-11-11 08:00:00,7.0,1.0,6.0,19.1,10.4,82,13.8,231,1015.2,100,0,0,100,0.0,0.0,43.6591,-70.2568,2022,11,11,8
2022-11-11 09:00:00,84.0,24.0,60.0,162.1,12.0,79,13.8,229,1015.3,100,0,0,100,0.0,3061.52,43.6591,-70.2568,2022,11,11,9
2022-11-11 10:00:00,189.0,64.0,125.0,222.2,14.2,74,13.2,227,1015.1,100,0,0,100,0.0,3600.0,43.6591,-70.2568,2022,11,11,10
2022-11-11 11:00:00,302.0,150.0,152.0,380.5,16.4,68,12.8,220,1014.6,100,0,0,100,0.0,3600.0,43.6591,-70.2568,2022,11,11,11
2022-11-11 12:00:00,328.0,118.0,210.0,256.9,17.8,65,11.8,211,1014.0,100,0,0,100,0.0,3600.0,43.6591,-70.2568,2022,11,11,12
2022-11-11 13:00:00,312.0,110.0,202.0,229.7,18.5,64,11.3,197,1013.3,100,0,0,100,0.0,3600.0,43.6591,-70.2568,2022,11,11,13
2022-11-11 14:00:00,295.0,99.0,196.0,219.1,18.5,67,11.9,182,1012.6,100,0,4,100,0.0,3600.0,43.6591,-70.2568,2022,11,11,14
2022-11-11 15:00:00,250.0,81.0,169.0,213.4,17.9,72,14.4,184,1012.0,99,8,4,99,0.0,3600.0,43.6591,-70.2568,2022,11,11,15
2022-11-11 16:00:00,185.0,85.0,100.0,317.9,17.0,77,17.4,186,1011.2,100,100,98,100,0.0,3600.0,43.6591,-70.2568,2022,11,11,16
2022-11-11 17:00:00,31.0,0.0,31.0,0.0,16.1,82,15.9,193,1011.0,100,100,100,100,0.0,0.0,43.6591,-70.2568,2022,11,11,17
2022-11-11 18:00:00,1.0,0.0,1.0,0.0,16.0,84,14.6,190,1010.2,100,100,100,100,0.0,0.0,43.6591,-70.2568,2022,11,11,18
2022-11-11 19:00:00,0.0,0.0,0.0,0.0,15.4,88,14.4,184,1009.3,100,100,100,100,0.2,0.0,43.6591,-70.2568,2022,11,11,19
2022-11-11 20:00:00,0.0,0.0,0.0,0.0,14.1,96,12.6,180,1008.9,100,16,100,100,0.8,0.0,43.6591,-70.2568,2022,11,11,20
2022-11-11 21:00:00,0.0,0.0,0.0,0.0,14.1,100,15.0,169,1007.7,100,75,100,100,1.2,0.0,43.6591,-70.2568,2022,11,11,21
2022-11-11 22:00:00,0.0,0.0,0.0,0.0,14.4,100,18.7,164,1005.9,100,100,100,100,2.4,0.0,43.6591,-70.2568,2022,11,11,22
2022-11-11 23:00:00,0.0,0.0,0.0,0.0,14.8,100,22.2,163,1003.9,100,100,100,100,6.1,0.0,43.6591,-70.2568,2022,11,11,23
2022-11-12 00:00:00,0.0,0.0,0.0,0.0,15.2,100,24.9,176,1002.2,100,100,100,100,3.6,0.0,43.6591,-70.2568,2022,11,12,0
2022-11-12 01:00:00,0.0,0.0,0.0,0.0,16.1,100,29.2,184,1001.0,100,100,95,100,0.9,0.0,43.6591,-70.2568,2022,11,12,1
2022-11-12 02:00:00,0.0,0.0,0.0,0.0,16.5,100,26.8,191,999.5,100,100,93,100,0.4,0.0,43.6591,-70.2568,2022,11,12,2
2022-11-12 03:00:00,0.0,0.0,0.0,0.0,16.8,100,26.0,190,998.2,100,100,100,100,0.4,0.0,43.6591,-70.2568,2022,11,12,3
2022-11-12 04:00:00,0.0,0.0,0.0,0.0,17.3,98,25.0,195,997.2,100,100,54,100,0.3,0.0,43.6591,-70.2568,2022,11,12,4
2022-11-12 05:00:00,0.0,0.0,0.0,0.0,17.7,98,24.3,195,996.2,100,100,84,100,0.0,0.0,43.6591,-70.2568,2022,11,12,5
2022-11-12 06:00:00,0.0,0.0,0.0,0.0,17.4,99,21.8,193,995.3,100,100,0,1,0.0,0.0,43.6591,-70.2568,2022,11,12,6
2022-11-12 07:00:00,0.0,0.0,0.0,0.0,17.3,99,22.0,190,994.3,100,100,0,63,0.1,0.0,43.6591,-70.2568,2022,11,12,7
2022-11-12 08:00:00,1.0,0.0,1.0,0.0,16.7,100,21.3,182,992.3,100,100,3,19,0.1,0.0,43.6591,-70.2568,2022,11,12,8
2022-11-12 09:00:00,34.0,3.0,31.0,20.8,17.5,100,24.2,183,991.3,100,100,11,95,0.0,0.0,43.6591,-70.2568,2022,11,12,9
2022-11-12 10:00:00,48.0,1.0,47.0,3.5,17.1,100,23.4,178,989.7,100,100,100,100,0.3,0.0,43.6591,-70.2568,2022,11,12,10
2022-11-12 11:00:00,34.0,0.0,34.0,0.0,16.6,100,26.1,192,988.1,100,100,90,97,0.5,0.0,43.6591,-70.2568,2022,11,12,11
2022-11-12 12:00:00,106.0,1.0,105.0,2.2,19.0,98,19.6,234,988.1,100,19,0,100,0.4,0.0,43.6591,-70.2568,2022,11,12,12
2022-11-12 13:00:00,356.0,190.0,166.0,400.2,21.1,79,22.6,301,989.5,5,5,0,0,0.0,3600.0,43.6591,-70.2568,2022,11,12,13
2022-11-12 14:00:00,414.0,343.0,71.0,766.1,21.6,62,21.3,286,991.1,10,9,1,0,0.0,3600.0,43.6591,-70.2568,2022,11,12,14
2022-11-12 15:00:00,329.0,256.0,73.0,681.3,20.1,62,26.2,288,992.9,59,59,0,0,0.0,3600.0,43.6591,-70.2568,2022,11,12,15
2022-11-12 16:00:00,164.0,84.0,80.0,318.5,18.6,66,24.9,292,994.8,52,52,0,0,0.0,3600.0,43.6591,-70.2568,2022,11,12,16
2022-11-12 17:00:00,62.0,27.0,35.0,226.2,17.8,67,17.0,287,996.7,9,8,0,0,0.0,3600.0,43.6591,-70.2568,2022,11,12,17
2022-11-12 18:00:00,2.0,1.0,1.0,19.1,16.4,71,11.6,277,998.4,24,2,9,21,0.0,0.0,43.6591,-70.2568,2022,11,12,18
2022-11-12 19:00:00,0.0,0.0,0.0,0.0,14.7,78,10.4,270,999.7,51,0,44,33,0.0,0.0,43.6591,-70.2568,2022,11,12,19
2022-11-12 20:00:00,0.0,0.0,0.0,0.0,13.7,86,6.2,291,1000.4,2,0,0,0,0.0,0.0,43.6591,-70.2568,2022,11,12,20
2022-11-12 21:00:00,0.0,0.0,0.0,0.0,13.0,89,4.5,299,1001.2,51,2,4,50,0.0,0.0,43.6591,-70.2568,2022,11,12,21
2022-11-12 22:00:00,0.0,0.0,0.0,0.0,12.4,91,5.6,310,1002.4,100,17,100,1,0.0,0.0,43.6591,-70.2568,2022,11,12,22
2022-11-12 23:00:00,0.0,0.0,0.0,0.0,12.5,91,6.5,341,1003.1,100,100,96,43,0.0,0.0,43.6591,-70.2568,2022,11,12,23
2022-11-13 00:00:00,0.0,0.0,0.0,0.0,12.7,86,9.2,42,1002.9,100,42,100,74,0.2,0.0,43.6591,-70.2568,2022,11,13,0
2022-11-13 01:00:00,0.0,0.0,0.0,0.0,12.4,88,9.0,29,1003.4,100,36,100,41,0.3,0.0,43.6591,-70.2568,2022,11,13,1
2022-11-13 02:00:00,0.0,0.0,0.0,0.0,12.1,90,9.3,13,1004.0,100,100,100,51,0.0,0.0,43.6591,-70.2568,2022,11,13,2
2022-11-13 03:00:00,0.0,0.0,0.0,0.0,11.8,89,8.0,8,1004.9,100,100,100,32,0.1,0.0,43.6591,-70.2568,2022,11,13,3
2022-11-13 04:00:00,0.0,0.0,0.0,0.0,11.1,95,10.6,18,1004.7,100,100,94,41,0.8,0.0,43.6591,-70.2568,2022,11,13,4
2022-11-13 05:00:00,0.0,0.0,0.0,0.0,11.0,96,9.3,16,1004.9,100,100,16,81,0.0,0.0,43.6591,-70.2568,2022,11,13,5
2022-11-13 06:00:00,0.0,0.0,0.0,0.0,11.1,96,11.0,52,1005.0,100,100,68,100,0.0,0.0,43.6591,-70.2568,2022,11,13,6
2022-11-13 07:00:00,0.0,0.0,0.0,0.0,11.0,96,13.7,60,1004.8,100,100,100,94,0.0,0.0,43.6591,-70.2568,2022,11,13,7
2022-11-13 08:00:00,1.0,0.0,1.0,0.0,10.5,96,17.7,66,1005.3,100,100,93,100,0.0,0.0,43.6591,-70.2568,2022,11,13,8
2022-11-13 09:00:00,17.0,0.0,17.0,0.0,11.1,95,16.7,83,1005.9,100,100,100,87,0.2,0.0,43.6591,-70.2568,2022,11,13,9
2022-11-13 10:00:00,16.0,0.0,16.0,0.0,10.8,100,15.3,66,1005.3,100,100,100,100,1.1,0.0,43.6591,-70.2568,2022,11,13,10
2022-11-13 11:00:00,31.0,0.0,31.0,0.0,10.5,100,17.5,71,1005.1,100,100,100,93,1.1,0.0,43.6591,-70.2568,2022,11,13,11
2022-11-13 12:00:00,69.0,0.0,69.0,0.0,10.5,100,18.8,73,1003.7,100,100,100,100,0.8,0.0,43.6591,-70.2568,2022,11,13,12
2022-11-13 13:00:00,21.0,0.0,21.0,0.0,10.3,100,17.7,78,1002.9,100,100,100,100,1.8,0.0,43.6591,-70.2568,2022,11,13,13
2022-11-13 14:00:00,41.0,0.0,41.0,0.0,10.5,100,15.5,85,1002.7,100,100,100,100,1.9,0.0,43.6591,-70.2568,2022,11,13,14
2022-11-13 15:00:00,32.0,0.0,32.0,0.0,10.8,100,10.9,73,1001.9,100,100,100,100,1.2,0.0,43.6591,-70.2568,2022,11,13,15
2022-11-13 16:00:00,28.0,0.0,28.0,0.0,10.8,100,9.2,48,1001.7,100,100,100,0,1.1,0.0,43.6591,-70.2568,2022,11,13,16
2022-11-13 17:00:00,6.0,0.0,6.0,0.0,9.5,100,17.5,352,1001.8,100,100,100,0,2.9,0.0,43.6591,-70.2568,2022,11,13,17
2022-11-13 18:00:00,0.0,0.0,0.0,0.0,8.6,100,17.3,337,1002.1,100,100,100,0,0.9,0.0,43.6591,-70.2568,2022,11,13,18
2022-11-13 19:00:00,0.0,0.0,0.0,0.0,6.8,100,26.5,323,1003.5,100,83,100,0,2.5,0.0,43.6591,-70.2568,2022,11,13,19
2022-11-13 20:00:00,0.0,0.0,0.0,0.0,5.5,100,27.2,323,1004.4,100,31,100,0,1.1,0.0,43.6591,-70.2568,2022,11,13,20
2022-11-13 21:00:00,0.0,0.0,0.0,0.0,5.3,93,21.1,314,1005.1,100,1,100,0,0.3,0.0,43.6591,-70.2568,2022,11,13,21
2022-11-13 22:00:00,0.0,0.0,0.0,0.0,5.2,89,17.9,304,1005.9,18,3,18,0,0.1,0.0,43.6591,-70.2568,2022,11,13,22
2022-11-13 23:00:00,0.0,0.0,0.0,0.0,4.2,84,18.5,291,1006.5,5,1,4,0,0.0,0.0,43.6591,-70.2568,2022,11,13,23
2022-11-14 00:00:00,0.0,0.0,0.0,0.0,3.3,73,20.6,286,1007.3,4,4,0,0,0.0,0.0,43.6591,-70.2568,2022,11,14,0
2022-11-14 01:00:00,0.0,0.0,0.0,0.0,2.5,63,21.5,288,1008.4,2,2,0,0,0.0,0.0,43.6591,-70.2568,2022,11,14,1
2022-11-14 02:00:00,0.0,0.0,0.0,0.0,1.9,60,20.5,288,1009.3,0,0,0,0,0.0,0.0,43.6591,-70.2568,2022,11,14,2
2022-11-14 03:00:00,0.0,0.0,0.0,0.0,1.4,58,18.9,288,1010.3,1,1,0,0,0.0,0.0,43.6591,-70.2568,2022,11,14,3
2022-11-14 04:00:00,0.0,0.0,0.0,0.0,1.1,56,17.0,283,1011.3,0,0,0,0,0.0,0.0,43.6591,-70.2568,2022,11,14,4
2022-11-14 05:00:00,0.0,0.0,0.0,0.0,0.7,54,16.4,279,1012.1,0,0,0,0,0.0,0.0,43.6591,-70.2568,2022,11,14,5
2022-11-14 06:00:00,0.0,0.0,0.0,0.0,0.3,52,18.2,279,1013.2,0,0,0,0,0.0,0.0,43.6591,-70.2568,2022,11,14,6
2022-11-14 07:00:00,0.0,0.0,0.0,0.0,-0.2,54,17.1,285,1014.2,2,2,0,0,0.0,0.0,43.6591,-70.2568,2022,11,14,7
2022-11-14 08:00:00,5.0,2.0,3.0,38.2,-0.1,58,16.3,276,1015.5,0,0,0,0,0.0,92.7,43.6591,-70.2568,2022,11,14,8
2022-11-14 09:00:00,105.0,70.0,35.0,513.7,0.3,55,16.9,286,1016.1,1,1,0,0,0.0,3600.0,43.6591,-70.2568,2022,11,14,9
2022-11-14 10:00:00,252.0,195.0,57.0,707.1,1.2,51,19.0,297,1016.9,3,3,0,0,0.0,3600.0,43.6591,-70.2568,2022,11,14,10
2022-11-14 11:00:00,373.0,304.0,69.0,796.4,1.8,47,20.2,301,1017.8,18,18,0,0,0.0,3600.0,43.6591,-70.2568,2022,11,14,11
2022-11-14 12:00:00,454.0,383.0,71.0,857.1,2.7,44,20.4,302,1018.1,2,2,0,0,0.0,3600.0,43.6591,-70.2568,2022,11,14,12
2022-11-14 13:00:00,475.0,398.0,77.0,852.8,3.0,44,21.5,305,1017.9,12,8,0,5,0.0,3600.0,43.6591,-70.2568,2022,11,14,13
2022-11-14 14:00:00,419.0,311.0,108.0,706.9,3.4,42,20.5,309,1018.3,21,7,0,16,0.0,3600.0,43.6591,-70.2568,2022,11,14,14
2022-11-14 15:00:00,342.0,254.0,88.0,689.5,3.5,42,18.4,305,1019.0,41,41,0,0,0.0,3600.0,43.6591,-70.2568,2022,11,14,15
2022-11-14 16:00:00,230.0,175.0,55.0,681.3,3.6,41,15.9,298,1019.5,0,0,0,0,0.0,3600.0,43.6591,-70.2568,2022,11,14,16
2022-11-14 17:00:00,83.0,54.0,29.0,475.7,2.8,46,11.6,292,1020.3,0,0,0,0,0.0,3600.0,43.6591,-70.2568,2022,11,14,17
2022-11-14 18:00:00,1.0,0.0,1.0,0.0,1.7,54,10.2,293,1021.2,0,0,0,0,0.0,0.0,43.6591,-70.2568,2022,11,14,18
2022-11-14 19:00:00,0.0,0.0,0.0,0.0,1.2,60,8.7,294,1022.2,0,0,0,0,0.0,0.0,43.6591,-70.2568,2022,11,14,19
2022-11-14 20:00:00,0.0,0.0,0.0,0.0,0.7,69,7.7,298,1023.4,0,0,0,0,0.0,0.0,43.6591,-70.2568,2022,11,14,20
2022-11-14 21:00:00,0.0,0.0,0.0,0.0,0.5,71,7.4,284,1023.9,0,0,0,0,0.0,0.0,43.6591,-70.2568,2022,11,14,21
2022-11-14 22:00:00,0.0,0.0,0.0,0.0,0.1,71,9.7,266,1024.7,0,0,0,0,0.0,0.0,43.6591,-70.2568,2022,11,14,22
2022-11-14 23:00:00,0.0,0.0,0.0,0.0,-0.3,70,9.7,266,1025.4,5,0,0,5,0.0,0.0,43.6591,-70.2568,2022,11,14,23
2022-11-15 00:00:00,0.0,0.0,0.0,0.0,-0.5,71,8.6,272,1025.7,41,0,0,41,0.0,0.0,43.6591,-70.2568,2022,11,15,0
2022-11-15 01:00:00,0.0,0.0,0.0,0.0,-0.4,74,8.6,285,1025.9,17,0,0,17,0.0,0.0,43.6591,-70.2568,2022,11,15,1
2022-11-15 02:00:00,0.0,0.0,0.0,0.0,-0.5,78,7.9,286,1026.0,0,0,0,0,0.0,0.0,43.6591,-70.2568,2022,11,15,2
2022-11-15 03:00:00,0.0,0.0,0.0,0.0,-0.5,82,7.9,300,1026.5,1,0,0,1,0.0,0.0,43.6591,-70.2568,2022,11,15,3
2022-11-15 04:00:00,0.0,0.0,0.0,0.0,-0.5,84,7.1,311,1026.7,0,0,0,0,0.0,0.0,43.6591,-70.2568,2022,11,15,4
2022-11-15 05:00:00,0.0,0.0,0.0,0.0,-0.5,84,6.9,317,1027.0,0,0,0,0,0.0,0.0,43.6591,-70.2568,2022,11,15,5
2022-11-15 06:00:00,0.0,0.0,0.0,0.0,-0.7,83,7.7,323,1027.5,30,0,0,30,0.0,0.0,43.6591,-70.2568,2022,11,15,6
2022-11-15 07:00:00,0.0,0.0,0.0,0.0,-0.9,81,8.7,322,1028.2,0,0,0,0,0.0,0.0,43.6591,-70.2568,2022,11,15,7
2022-11-15 08:00:00,5.0,2.0,3.0,38.2,-1.0,83,7.6,341,1028.8,1,0,0,18,0.0,133.65,43.6591,-70.2568,2022,11,15,8
2022-11-15 09:00:00,99.0,63.0,36.0,475.8,0.4,72,7.7,349,1029.5,1,0,0,1,0.0,3600.0,43.6591,-70.2568,2022,11,15,9
2022-11-15 10:00:00,248.0,193.0,55.0,710.1,2.1,51,8.7,355,1029.8,18,0,0,17,0.0,3600.0,43.6591,-70.2568,2022,11,15,10
2022-11-15 11:00:00,370.0,304.0,66.0,804.9,3.2,46,6.5,3,1029.5,6,5,0,1,0.0,3600.0,43.6591,-70.2568,2022,11,15,11
2022-11-15 12:00:00,445.0,372.0,73.0,840.1,3.9,47,4.2,20,1028.5,62,8,0,59,0.0,3600.0,43.6591,-70.2568,2022,11,15,12
2022-11-15 13:00:00,459.0,372.0,87.0,803.9,4.3,48,0.4,360,1028.1,100,4,0,100,0.0,3600.0,43.6591,-70.2568,2022,11,15,13
2022-11-15 14:00:00,379.0,223.0,156.0,511.3,4.4,48,1.8,143,1027.2,100,1,0,100,0.0,3600.0,43.6591,-70.2568,2022,11,15,14
2022-11-15 15:00:00,261.0,101.0,160.0,276.8,4.2,51,4.1,142,1026.9,100,2,1,100,0.0,3600.0,43.6591,-70.2568,2022,11,15,15
2022-11-15 16:00:00,151.0,31.0,120.0,122.2,3.5,62,5.5,113,1027.1,100,0,19,100,0.0,1867.13,43.6591,-70.2568,2022,11,15,16
2022-11-15 17:00:00,66.0,23.0,43.0,205.6,2.1,71,7.4,129,1027.3,100,2,87,100,0.0,3600.0,43.6591,-70.2568,2022,11,15,17
2022-11-15 18:00:00,1.0,0.0,1.0,0.0,2.0,72,8.9,111,1026.2,100,0,100,100,0.0,0.0,43.6591,-70.2568,2022,11,15,18
2022-11-15 19:00:00,0.0,0.0,0.0,0.0,2.4,71,6.9,118,1025.9,100,0,97,100,0.0,0.0,43.6591,-70.2568,2022,11,15,19
2022-11-15 20:00:00,0.0,0.0,0.0,0.0,2.3,69,8.0,63,1025.7,100,13,81,100,0.0,0.0,43.6591,-70.2568,2022,11,15,20
2022-11-15 21:00:00,0.0,0.0,0.0,0.0,2.2,70,9.0,61,1025.5,100,76,99,100,0.0,0.0,43.6591,-70.2568,2022,11,15,21
2022-11-15 22:00:00,0.0,0.0,0.0,0.0,3.1,67,5.8,83,1026.1,100,100,100,100,0.0,0.0,43.6591,-70.2568,2022,11,15,22
2022-11-15 23:00:00,0.0,0.0,0.0,0.0,3.5,70,6.1,40,1025.9,100,100,100,100,0.0,0.0,43.6591,-70.2568,2022,11,15,23
2022-11-16 00:00:00,0.0,0.0,0.0,0.0,3.5,79,3.2,63,1025.2,100,100,100,100,0.3,0.0,43.6591,-70.2568,2022,11,16,0
2022-11-16 01:00:00,0.0,0.0,0.0,0.0,3.6,80,6.2,54,1024.3,100,100,100,100,0.6,0.0,43.6591,-70.2568,2022,11,16,1
2022-11-16 02:00:00,0.0,0.0,0.0,0.0,2.9,100,8.6,68,1023.0,100,100,100,100,0.7,0.0,43.6591,-70.2568,2022,11,16,2
2022-11-16 03:00:00,0.0,0.0,0.0,0.0,3.4,100,11.2,84,1022.1,100,100,100,100,0.5,0.0,43.6591,-70.2568,2022,11,16,3
2022-11-16 04:00:00,0.0,0.0,0.0,0.0,4.2,99,13.1,98,1020.3,100,100,100,100,0.7,0.0,43.6591,-70.2568,2022,11,16,4
2022-11-16 05:00:00,0.0,0.0,0.0,0.0,4.6,100,15.8,102,1019.0,100,100,100,100,0.8,0.0,43.6591,-70.2568,2022,11,16,5
2022-11-16 06:00:00,0.0,0.0,0.0,0.0,5.2,99,17.6,113,1017.9,100,100,100,53,1.3,0.0,43.6591,-70.2568,2022,11,16,6
2022-11-16 07:00:00,0.0,0.0,0.0,0.0,5.3,99,21.6,108,1015.5,100,100,100,0,1.7,0.0,43.6591,-70.2568,2022,11,16,7
2022-11-16 08:00:00,0.0,0.0,0.0,0.0,6.0,100,20.5,88,1014.2,100,100,100,100,1.5,0.0,43.6591,-70.2568,2022,11,16,8
2022-11-16 09:00:00,7.0,0.0,7.0,0.0,7.2,100,20.2,101,1012.8,100,100,100,98,3.0,0.0,43.6591,-70.2568,2022,11,16,9
2022-11-16 10:00:00,16.0,0.0,16.0,0.0,7.2,99,26.6,106,1011.4,100,100,100,100,4.3,0.0,43.6591,-70.2568,2022,11,16,10
2022-11-16 11:00:00,31.0,0.0,31.0,0.0,7.0,99,26.8,102,1009.7,100,100,100,97,1.4,0.0,43.6591,-70.2568,2022,11,16,11
2022-11-16 12:00:00,37.0,0.0,37.0,0.0,7.9,99,26.6,109,1007.7,100,100,100,100,1.8,0.0,43.6591,-70.2568,2022,11,16,12
2022-11-16 13:00:00,47.0,0.0,47.0,0.0,8.4,100,24.6,102,1005.1,100,100,100,90,0.9,0.0,43.6591,-70.2568,2022,11,16,13
2022-11-16 14:00:00,38.0,0.0,38.0,0.0,9.0,100,23.0,81,1002.2,100,100,88,100,1.3,0.0,43.6591,-70.2568,2022,11,16,14
2022-11-16 15:00:00,33.0,0.0,33.0,0.0,9.3,100,20.6,65,999.6,100,100,100,100,0.9,0.0,43.6591,-70.2568,2022,11,16,15
2022-11-16 16:00:00,24.0,0.0,24.0,0.0,8.7,100,17.2,10,998.0,100,100,0,93,0.9,0.0,43.6591,-70.2568,2022,11,16,16
2022-11-16 17:00:00,10.0,0.0,10.0,0.0,3.6,96,27.3,306,999.3,100,100,0,13,0.4,0.0,43.6591,-70.2568,2022,11,16,17
2022-11-16 18:00:00,0.0,0.0,0.0,0.0,2.7,93,27.7,322,1000.8,100,100,0,0,0.3,0.0,43.6591,-70.2568,2022,11,16,18
2022-11-16 19:00:00,0.0,0.0,0.0,0.0,3.4,90,19.5,332,1001.1,100,100,1,0,0.0,0.0,43.6591,-70.2568,2022,11,16,19
2022-11-16 20:00:00,0.0,0.0,0.0,0.0,2.3,90,12.6,297,1002.9,100,67,0,34,0.0,0.0,43.6591,-70.2568,2022,11,16,20
2022-11-16 21:00:00,0.0,0.0,0.0,0.0,2.8,91,9.0,275,1003.1,76,35,0,63,0.0,0.0,43.6591,-70.2568,2022,11,16,21
2022-11-16 22:00:00,0.0,0.0,0.0,0.0,2.4,93,11.2,268,1003.4,90,9,0,89,0.0,0.0,43.6591,-70.2568,2022,11,16,22
2022-11-16 23:00:00,0.0,0.0,0.0,0.0,2.2,88,11.9,265,1003.0,50,1,0,50,0.0,0.0,43.6591,-70.2568,2022,11,16,23
2022-11-17 00:00:00,0.0,0.0,0.0,0.0,1.7,87,13.3,257,1003.4,51,0,2,50,0.0,0.0,43.6591,-70.2568,2022,11,17,0
2022-11-17 01:00:00,0.0,0.0,0.0,0.0,1.5,88,12.3,255,1003.6,59,0,0,59,0.0,0.0,43.6591,-70.2568,2022,11,17,1
2022-11-17 02:00:00,0.0,0.0,0.0,0.0,1.4,92,12.0,249,1003.6,15,0,0,15,0.0,0.0,43.6591,-70.2568,2022,11,17,2
2022-11-17 03:00:00,0.0,0.0,0.0,0.0,1.1,94,11.7,259,1003.7,0,0,0,0,0.0,0.0,43.6591,-70.2568,2022,11,17,3
2022-11-17 04:00:00,0.0,0.0,0.0,0.0,0.8,93,11.5,268,1003.7,2,2,0,0,0.0,0.0,43.6591,-70.2568,2022,11,17,4
2022-11-17 05:00:00,0.0,0.0,0.0,0.0,0.6,91,11.5,270,1003.8,0,0,0,0,0.0,0.0,43.6591,-70.2568,2022,11,17,5
2022-11-17 06:00:00,0.0,0.0,0.0,0.0,0.6,87,13.0,267,1003.9,0,0,0,0,0.0,0.0,43.6591,-70.2568,2022,11,17,6
2022-11-17 07:00:00,0.0,0.0,0.0,0.0,0.8,84,13.0,268,1003.9,26,26,0,0,0.0,0.0,43.6591,-70.2568,2022,11,17,7
2022-11-17 08:00:00,3.0,1.0,2.0,19.1,2.1,78,11.1,257,1003.5,0,77,16,0,0.0,0.0,43.6591,-70.2568,2022,11,17,8
2022-11-17 09:00:00,84.0,45.0,39.0,360.4,2.8,80,10.3,245,1003.6,0,0,0,0,0.0,3600.0,43.6591,-70.2568,2022,11,17,9
2022-11-17 10:00:00,236.0,181.0,55.0,685.5,3.4,65,17.4,277,1003.7,0,0,0,0,0.0,3600.0,43.6591,-70.2568,2022,11,17,10
2022-11-17 11:00:00,351.0,283.0,68.0,765.2,3.9,55,16.7,277,1003.5,21,6,16,0,0.0,3600.0,43.6591,-70.2568,2022,11,17,11
2022-11-17 12:00:00,433.0,359.0,74.0,825.2,4.6,53,16.7,276,1003.1,24,14,12,0,0.0,3600.0,43.6591,-70.2568,2022,11,17,12
2022-11-17 13:00:00,458.0,381.0,77.0,837.0,5.3,47,18.7,269,1002.4,18,11,9,0,0.0,3600.0,43.6591,-70.2568,2022,11,17,13
2022-11-17 14:00:00,422.0,344.0,78.0,801.9,5.1,46,21.3,266,1002.5,36,3,34,0,0.0,3600.0,43.6591,-70.2568,2022,11,17,14
2022-11-17 15:00:00,329.0,240.0,89.0,670.2,5.0,44,25.2,272,1002.7,48,30,34,0,0.0,3600.0,43.6591,-70.2568,2022,11,17,15
2022-11-17 16:00:00,205.0,138.0,67.0,557.7,4.6,44,22.0,271,1002.9,34,11,33,0,0.0,3600.0,43.6591,-70.2568,2022,11,17,16
2022-11-17 17:00:00,74.0,46.0,28.0,423.2,3.3,53,16.4,261,1003.6,65,3,65,0,0.0,3600.0,43.6591,-70.2568,2022,11,17,17
2022-11-17 18:00:00,1.0,0.0,1.0,0.0,2.6,56,17.5,256,1004.3,42,0,42,0,0.0,0.0,43.6591,-70.2568,2022,11,17,18
2022-11-17 19:00:00,0.0,0.0,0.0,0.0,1.9,63,15.4,259,1005.0,16,5,12,0,0.0,0.0,43.6591,-70.2568,2022,11,17,19
2022-11-17 20:00:00,0.0,0.0,0.0,0.0,1.7,61,20.2,270,1006.0,1,1,0,0,0.0,0.0,43.6591,-70.2568,2022,11,17,20
2022-11-17 21:00:00,0.0,0.0,0.0,0.0,1.1,60,16.6,271,1007.0,0,0,0,0,0.0,0.0,43.6591,-70.2568,2022,11,17,21
2022-11-17 22:00:00,0.0,0.0,0.0,0.0,0.6,61,15.7,279,1007.6,28,28,0,0,0.0,0.0,43.6591,-70.2568,2022,11,17,22
2022-11-17 23:00:00,0.0,0.0,0.0,0.0,0.1,64,13.3,273,1008.1,4,4,0,0,0.0,0.0,43.6591,-70.2568,2022,11,17,23
2022-11-18 00:00:00,0.0,0.0,0.0,0.0,-0.6,66,12.3,273,1008.6,0,0,0,0,0.0,0.0,43.6591,-70.2568,2022,11,18,0
2022-11-18 01:00:00,0.0,0.0,0.0,0.0,-1.1,67,12.6,272,1009.6,98,2,0,98,0.0,0.0,43.6591,-70.2568,2022,11,18,1
2022-11-18 02:00:00,0.0,0.0,0.0,0.0,-1.5,63,13.7,273,1009.9,99,0,71,99,0.0,0.0,43.6591,-70.2568,2022,11,18,2
2022-11-18 03:00:00,0.0,0.0,0.0,0.0,-1.5,60,13.3,273,1010.6,100,0,100,75,0.0,0.0,43.6591,-70.2568,2022,11,18,3
2022-11-18 04:00:00,0.0,0.0,0.0,0.0,-1.8,62,12.6,283,1010.9,54,3,52,5,0.0,0.0,43.6591,-70.2568,2022,11,18,4
2022-11-18 05:00:00,0.0,0.0,0.0,0.0,-2.2,67,11.2,291,1010.9,38,0,38,0,0.0,0.0,43.6591,-70.2568,2022,11,18,5
2022-11-18 06:00:00,0.0,0.0,0.0,0.0,-2.5,71,8.0,278,1011.4,45,0,45,0,0.0,0.0,43.6591,-70.2568,2022,11,18,6
2022-11-18 07:00:00,0.0,0.0,0.0,0.0,-2.5,75,7.4,241,1011.5,100,0,100,0,0.0,0.0,43.6591,-70.2568,2022,11,18,7
2022-11-18 08:00:00,2.0,0.0,2.0,0.0,-1.8,73,9.9,237,1011.8,100,0,100,0,0.0,0.0,43.6591,-70.2568,2022,11,18,8
2022-11-18 09:00:00,59.0,8.0,51.0,66.0,-0.8,69,9.7,228,1011.9,100,0,100,0,0.0,180.22,43.6591,-70.2568,2022,11,18,9
2022-11-18 10:00:00,159.0,45.0,114.0,172.9,0.7,63,11.8,230,1011.9,100,0,100,0,0.0,3386.83,43.6591,-70.2568,2022,11,18,10
2022-11-18 11:00:00,200.0,39.0,161.0,106.5,2.1,62,13.0,219,1011.4,49,0,49,0,0.0,1396.31,43.6591,-70.2568,2022,11,18,11
2022-11-18 12:00:00,372.0,251.0,121.0,582.0,4.1,56,14.7,239,1010.8,3,3,0,0,0.0,3600.0,43.6591,-70.2568,2022,11,18,12
2022-11-18 13:00:00,455.0,380.0,75.0,841.4,5.1,49,15.1,242,1009.9,2,0,1,0,0.0,3600.0,43.6591,-70.2568,2022,11,18,13
2022-11-18 14:00:00,428.0,358.0,70.0,841.3,5.4,45,15.8,243,1009.8,4,2,3,0,0.0,3600.0,43.6591,-70.2568,2022,11,18,14
2022-11-18 15:00:00,342.0,277.0,65.0,780.4,5.4,44,16.8,242,1009.6,27,10,20,0,0.0,3600.0,43.6591,-70.2568,2022,11,18,15
2022-11-18 16:00:00,196.0,135.0,61.0,552.0,4.8,45,13.5,241,1009.6,18,5,18,0,0.0,3600.0,43.6591,-70.2568,2022,11,18,16
2022-11-18 17:00:00,72.0,45.0,27.0,419.6,3.5,48,11.2,249,1009.7,2,0,2,0,0.0,3600.0,43.6591,-70.2568,2022,11,18,17
2022-11-18 18:00:00,1.0,0.0,1.0,0.0,2.1,54,9.1,263,1010.2,0,0,0,0,0.0,0.0,43.6591,-70.2568,2022,11,18,18
2022-11-18 19:00:00,0.0,0.0,0.0,0.0,1.3,57,10.7,256,1010.6,6,0,6,0,0.0,0.0,43.6591,-70.2568,2022,11,18,19
2022-11-18 20:00:00,0.0,0.0,0.0,0.0,0.3,62,9.7,255,1011.3,2,0,0,0,0.0,0.0,43.6591,-70.2568,2022,11,18,20
2022-11-18 21:00:00,0.0,0.0,0.0,0.0,-0.3,65,10.8,255,1011.7,1,0,1,0,0.0,0.0,43.6591,-70.2568,2022,11,18,21
2022-11-18 22:00:00,0.0,0.0,0.0,0.0,-0.6,67,13.5,254,1012.2,53,0,53,0,0.0,0.0,43.6591,-70.2568,2022,11,18,22
2022-11-18 23:00:00,0.0,0.0,0.0,0.0,0.1,63,16.1,254,1012.6,100,0,100,0,0.0,0.0,43.6591,-70.2568,2022,11,18,23
2022-11-19 00:00:00,0.0,0.0,0.0,0.0,0.7,59,15.2,256,1013.1,100,0,100,17,0.0,0.0,43.6591,-70.2568,2022,11,19,0
2022-11-19 01:00:00,0.0,0.0,0.0,0.0,0.6,59,13.7,247,1013.4,0,0,0,0,0.0,0.0,43.6591,-70.2568,2022,11,19,1
2022-11-19 02:00:00,0.0,0.0,0.0,0.0,-0.4,64,13.1,249,1013.6,0,0,0,0,0.0,0.0,43.6591,-70.2568,2022,11,19,2
2022-11-19 03:00:00,0.0,0.0,0.0,0.0,-1.0,68,12.3,249,1014.1,0,0,0,0,0.0,0.0,43.6591,-70.2568,2022,11,19,3
2022-11-19 04:00:00,0.0,0.0,0.0,0.0,-1.4,72,11.8,250,1014.6,0,0,0,0,0.0,0.0,43.6591,-70.2568,2022,11,19,4
2022-11-19 05:00:00,0.0,0.0,0.0,0.0,-1.7,75,11.2,249,1015.0,0,0,0,0,0.0,0.0,43.6591,-70.2568,2022,11,19,5
2022-11-19 06:00:00,0.0,0.0,0.0,0.0,-1.9,77,11.0,247,1015.6,0,0,0,0,0.0,0.0,43.6591,-70.2568,2022,11,19,6
2022-11-19 07:00:00,0.0,0.0,0.0,0.0,-2.2,79,11.1,245,1015.8,0,0,0,0,0.0,0.0,43.6591,-70.2568,2022,11,19,7
2022-11-19 08:00:00,2.0,1.0,1.0,19.1,-2.1,77,12.8,238,1016.8,0,0,0,0,0.0,0.0,43.6591,-70.2568,2022,11,19,8
2022-11-19 09:00:00,88.0,58.0,30.0,493.3,-0.8,70,10.2,238,1017.3,0,0,0,0,0.0,3600.0,43.6591,-70.2568,2022,11,19,9
2022-11-19 10:00:00,233.0,180.0,53.0,701.6,1.3,60,10.9,243,1017.3,0,0,0,0,0.0,3600.0,43.6591,-70.2568,2022,11,19,10
2022-11-19 11:00:00,355.0,291.0,64.0,803.1,2.7,56,10.0,249,1017.1,0,0,0,0,0.0,3600.0,43.6591,-70.2568,2022,11,19,11
2022-11-19 12:00:00,432.0,363.0,69.0,848.8,3.8,52,8.9,243,1016.7,0,0,0,0,0.0,3600.0,43.6591,-70.2568,2022,11,19,12
2022-11-19 13:00:00,456.0,385.0,71.0,859.2,4.5,47,7.9,227,1015.7,0,0,0,0,0.0,3600.0,43.6591,-70.2568,2022,11,19,13
2022-11-19 14:00:00,425.0,356.0,69.0,843.1,4.7,44,9.2,211,1015.0,0,0,0,0,0.0,3600.0,43.6591,-70.2568,2022,11,19,14
2022-11-19 15:00:00,342.0,279.0,63.0,792.9,4.4,44,9.8,208,1014.5,0,0,0,0,0.0,3600.0,43.6591,-70.2568,2022,11,19,15
2022-11-19 16:00:00,216.0,164.0,52.0,678.3,3.8,50,9.0,203,1014.3,6,0,5,1,0.0,3600.0,43.6591,-70.2568,2022,11,19,16
2022-11-19 17:00:00,70.0,43.0,27.0,406.3,2.1,59,7.8,193,1014.0,19,0,0,19,0.0,3600.0,43.6591,-70.2568,2022,11,19,17
2022-11-19 18:00:00,0.0,0.0,0.0,0.0,1.8,61,10.2,190,1013.6,20,0,1,20,0.0,0.0,43.6591,-70.2568,2022,11,19,18
2022-11-19 19:00:00,0.0,0.0,0.0,0.0,1.7,63,11.3,211,1013.5,0,0,0,0,0.0,0.0,43.6591,-70.2568,2022,11,19,19
2022-11-19 20:00:00,0.0,0.0,0.0,0.0,1.2,62,7.1,225,1013.0,0,0,0,0,0.0,0.0,43.6591,-70.2568,2022,11,19,20
2022-11-19 21:00:00,0.0,0.0,0.0,0.0,1.0,61,10.6,246,1012.5,0,0,0,0,0.0,0.0,43.6591,-70.2568,2022,11,19,21
2022-11-19 22:00:00,0.0,0.0,0.0,0.0,0.3,55,14.3,245,1012.1,0,0,0,0,0.0,0.0,43.6591,-70.2568,2022,11,19,22
2022-11-19 23:00:00,0.0,0.0,0.0,0.0,-0.6,57,15.8,243,1012.1,0,0,0,0,0.0,0.0,43.6591,-70.2568,2022,11,19,23
2022-11-20 00:00:00,0.0,0.0,0.0,0.0,-1.2,58,15.2,248,1011.5,17,0,13,5,0.0,0.0,43.6591,-70.2568,2022,11,20,0
2022-11-20 01:00:00,0.0,0.0,0.0,0.0,-1.5,58,14.2,234,1011.4,100,0,78,100,0.0,0.0,43.6591,-70.2568,2022,11,20,1
2022-11-20 02:00:00,0.0,0.0,0.0,0.0,-1.7,60,14.2,234,1011.1,68,0,68,0,0.0,0.0,43.6591,-70.2568,2022,11,20,2
2022-11-20 03:00:00,0.0,0.0,0.0,0.0,-2.1,62,12.8,232,1010.5,82,0,82,0,0.0,0.0,43.6591,-70.2568,2022,11,20,3
2022-11-20 04:00:00,0.0,0.0,0.0,0.0,-2.3,63,11.5,224,1009.2,100,0,100,0,0.0,0.0,43.6591,-70.2568,2022,11,20,4
2022-11-20 05:00:00,0.0,0.0,0.0,0.0,-2.1,63,11.2,225,1008.8,96,0,96,0,0.0,0.0,43.6591,-70.2568,2022,11,20,5
2022-11-20 06:00:00,0.0,0.0,0.0,0.0,-2.8,66,10.8,233,1007.8,99,2,99,0,0.0,0.0,43.6591,-70.2568,2022,11,20,6
2022-11-20 07:00:00,0.0,0.0,0.0,0.0,-3.2,68,9.7,248,1006.3,77,22,74,0,0.0,0.0,43.6591,-70.2568,2022,11,20,7
2022-11-20 08:00:00,2.0,0.0,2.0,0.0,-2.5,62,13.2,244,1006.5,100,0,22,0,0.0,0.0,43.6591,-70.2568,2022,11,20,8
2022-11-20 09:00:00,84.0,53.0,31.0,464.9,-1.2,62,10.2,247,1006.5,0,0,0,0,0.0,3600.0,43.6591,-70.2568,2022,11,20,9
2022-11-20 10:00:00,230.0,177.0,53.0,699.9,1.0,52,18.0,267,1006.4,4,1,3,0,0.0,3600.0,43.6591,-70.2568,2022,11,20,10
2022-11-20 11:00:00,353.0,288.0,65.0,803.0,1.7,45,23.8,271,1006.5,4,3,3,0,0.0,3600.0,43.6591,-70.2568,2022,11,20,11
2022-11-20 12:00:00,433.0,365.0,68.0,860.7,2.1,41,25.2,270,1006.4,6,0,5,0,0.0,3600.0,43.6591,-70.2568,2022,11,20,12
2022-11-20 13:00:00,454.0,377.0,77.0,847.9,2.3,31,27.0,269,1005.8,40,1,40,0,0.0,3600.0,43.6591,-70.2568,2022,11,20,13
2022-11-20 14:00:00,404.0,299.0,105.0,713.6,2.2,31,27.8,274,1005.7,52,0,52,0,0.0,3600.0,43.6591,-70.2568,2022,11,20,14
2022-11-20 15:00:00,306.0,206.0,100.0,590.4,1.8,29,28.6,276,1006.2,31,1,30,0,0.0,3600.0,43.6591,-70.2568,2022,11,20,15
2022-11-20 16:00:00,206.0,145.0,61.0,606.4,0.9,34,27.3,279,1007.3,15,0,15,0,0.0,3600.0,43.6591,-70.2568,2022,11,20,16
2022-11-20 17:00:00,71.0,45.0,26.0,430.7,-0.0,33,23.9,282,1008.6,12,0,12,0,0.0,3600.0,43.6591,-70.2568,2022,11,20,17
2022-11-20 18:00:00,1.0,0.0,1.0,0.0,-1.0,33,22.3,279,1010.0,0,0,0,0,0.0,0.0,43.6591,-70.2568,2022,11,20,18
2022-11-20 19:00:00,0.0,0.0,0.0,0.0,-1.6,32,21.6,270,1011.0,7,0,7,0,0.0,0.0,43.6591,-70.2568,2022,11,20,19
2022-11-20 20:00:00,0.0,0.0,0.0,0.0,-1.6,35,26.3,261,1012.3,4,0,9,0,0.0,0.0,43.6591,-70.2568,2022,11,20,20
2022-11-20 21:00:00,0.0,0.0,0.0,0.0,-2.2,36,25.2,271,1012.6,14,1,13,0,0.0,0.0,43.6591,-70.2568,2022,11,20,21
2022-11-20 22:00:00,0.0,0.0,0.0,0.0,-2.7,36,23.2,276,1013.4,10,7,8,0,0.0,0.0,43.6591,-70.2568,2022,11,20,22
2022-11-20 23:00:00,0.0,0.0,0.0,0.0,-3.2,36,22.1,277,1014.5,0,0,0,0,0.0,0.0,43.6591,-70.2568,2022,11,20,23
2022-11-21 00:00:00,0.0,0.0,0.0,0.0,-3.8,38,21.3,281,1015.9,44,44,0,0,0.0,0.0,43.6591,-70.2568,2022,11,21,0
2022-11-21 01:00:00,0.0,0.0,0.0,0.0,-4.3,40,21.8,286,1016.9,33,33,0,0,0.0,0.0,43.6591,-70.2568,2022,11,21,1
2022-11-21 02:00:00,0.0,0.0,0.0,0.0,-4.9,43,20.2,292,1018.2,0,0,0,0,0.0,0.0,43.6591,-70.2568,2022,11,21,2
2022-11-21 03:00:00,0.0,0.0,0.0,0.0,-5.5,46,16.9,294,1019.6,0,0,0,0,0.0,0.0,43.6591,-70.2568,2022,11,21,3
2022-11-21 04:00:00,0.0,0.0,0.0,0.0,-5.9,48,13.8,290,1020.7,0,0,0,0,0.0,0.0,43.6591,-70.2568,2022,11,21,4
2022-11-21 05:00:00,0.0,0.0,0.0,0.0,-6.2,50,12.3,277,1021.7,0,0,0,0,0.0,0.0,43.6591,-70.2568,2022,11,21,5
2022-11-21 06:00:00,0.0,0.0,0.0,0.0,-6.5,51,11.9,268,1022.6,0,0,0,0,0.0,0.0,43.6591,-70.2568,2022,11,21,6
2022-11-21 07:00:00,0.0,0.0,0.0,0.0,-6.6,51,11.2,264,1023.6,0,0,0,0,0.0,0.0,43.6591,-70.2568,2022,11,21,7
2022-11-21 08:00:00,2.0,0.0,2.0,0.0,-6.5,49,14.8,264,1024.8,34,0,0,9,0.0,0.0,43.6591,-70.2568,2022,11,21,8
2022-11-21 09:00:00,83.0,53.0,30.0,478.2,-5.5,43,15.9,267,1025.5,96,0,59,95,0.0,3600.0,43.6591,-70.2568,2022,11,21,9
2022-11-21 10:00:00,141.0,27.0,114.0,108.3,-4.4,37,14.8,270,1025.3,100,0,100,100,0.0,1449.83,43.6591,-70.2568,2022,11,21,10
2022-11-21 11:00:00,179.0,20.0,159.0,56.3,-3.1,34,12.3,265,1024.8,100,0,97,97,0.0,0.0,43.6591,-70.2568,2022,11,21,11
2022-11-21 12:00:00,270.0,63.0,207.0,149.8,-1.6,33,9.9,251,1023.8,100,0,90,100,0.0,2694.66,43.6591,-70.2568,2022,11,21,12
2022-11-21 13:00:00,333.0,132.0,201.0,299.1,-0.4,32,12.0,226,1022.4,91,0,50,82,0.0,3600.0,43.6591,-70.2568,2022,11,21,13
2022-11-21 14:00:00,389.0,278.0,111.0,668.5,0.6,28,12.9,210,1021.1,66,0,34,54,0.0,3600.0,43.6591,-70.2568,2022,11,21,14
2022-11-21 15:00:00,321.0,241.0,80.0,696.5,1.1,30,15.8,204,1020.2,95,0,49,93,0.0,3600.0,43.6591,-70.2568,2022,11,21,15
2022-11-21 16:00:00,199.0,136.0,63.0,575.0,1.2,40,16.9,204,1019.0,99,0,71,97,0.0,3600.0,43.6591,-70.2568,2022,11,21,16
2022-11-21 17:00:00,57.0,20.0,37.0,193.8,0.6,47,17.2,206,1017.8,100,0,89,100,0.0,3600.0,43.6591,-70.2568,2022,11,21,17
2022-11-21 18:00:00,0.0,0.0,0.0,0.0,0.9,46,20.0,208,1017.0,100,0,94,100,0.0,0.0,43.6591,-70.2568,2022,11,21,18
2022-11-21 19:00:00,0.0,0.0,0.0,0.0,1.2,43,21.5,211,1015.7,100,0,98,100,0.0,0.0,43.6591,-70.2568,2022,11,21,19
2022-11-21 20:00:00,0.0,0.0,0.0,0.0,0.9,50,20.9,216,1015.4,100,0,99,99,0.0,0.0,43.6591,-70.2568,2022,11,21,20
2022-11-21 21:00:00,0.0,0.0,0.0,0.0,0.7,53,21.2,220,1014.7,99,0,99,1,0.0,0.0,43.6591,-70.2568,2022,11,21,21
2022-11-21 22:00:00,0.0,0.0,0.0,0.0,0.9,52,22.1,224,1014.3,100,0,100,7,0.0,0.0,43.6591,-70.2568,2022,11,21,22
2022-11-21 23:00:00,0.0,0.0,0.0,0.0,1.5,49,21.4,229,1013.9,31,0,31,0,0.0,0.0,43.6591,-70.2568,2022,11,21,23
2022-11-22 00:00:00,0.0,0.0,0.0,0.0,1.2,48,21.0,232,1013.3,12,11,6,0,0.0,0.0,43.6591,-70.2568,2022,11,22,0
2022-11-22 01:00:00,0.0,0.0,0.0,0.0,1.2,46,20.5,236,1013.6,20,16,4,0,0.0,0.0,43.6591,-70.2568,2022,11,22,1
2022-11-22 02:00:00,0.0,0.0,0.0,0.0,1.6,45,19.4,239,1014.0,34,34,4,0,0.0,0.0,43.6591,-70.2568,2022,11,22,2
2022-11-22 03:00:00,0.0,0.0,0.0,0.0,1.6,48,17.3,234,1014.9,28,28,0,0,0.0,0.0,43.6591,-70.2568,2022,11,22,3
2022-11-22 04:00:00,0.0,0.0,0.0,0.0,1.3,53,15.9,232,1015.8,32,22,14,0,0.0,0.0,43.6591,-70.2568,2022,11,22,4
2022-11-22 05:00:00,0.0,0.0,0.0,0.0,1.2,58,14.1,238,1016.8,25,24,3,0,0.0,0.0,43.6591,-70.2568,2022,11,22,5
2022-11-22 06:00:00,0.0,0.0,0.0,0.0,0.6,65,13.1,238,1018.0,21,21,0,0,0.0,0.0,43.6591,-70.2568,2022,11,22,6
2022-11-22 07:00:00,0.0,0.0,0.0,0.0,0.4,69,12.5,252,1019.2,3,3,0,0,0.0,0.0,43.6591,-70.2568,2022,11,22,7
2022-11-22 08:00:00,1.0,0.0,1.0,0.0,0.9,64,12.3,291,1020.4,0,0,0,0,0.0,0.0,43.6591,-70.2568,2022,11,22,8
2022-11-22 09:00:00,79.0,51.0,28.0,468.3,1.6,66,10.4,290,1021.5,0,0,0,0,0.0,3600.0,43.6591,-70.2568,2022,11,22,9
2022-11-22 10:00:00,222.0,169.0,53.0,688.0,3.0,53,10.8,291,1021.8,0,0,0,0,0.0,3600.0,43.6591,-70.2568,2022,11,22,10
2022-11-22 11:00:00,345.0,282.0,63.0,802.5,3.6,48,8.4,295,1021.8,0,0,0,0,0.0,3600.0,43.6591,-70.2568,2022,11,22,11
2022-11-22 12:00:00,424.0,356.0,68.0,853.7,4.3,47,5.9,308,1021.6,0,0,0,0,0.0,3600.0,43.6591,-70.2568,2022,11,22,12
2022-11-22 13:00:00,450.0,380.0,70.0,867.7,4.9,46,3.6,264,1021.1,0,0,0,0,0.0,3600.0,43.6591,-70.2568,2022,11,22,13
2022-11-22 14:00:00,418.0,351.0,67.0,850.3,5.3,44,3.1,216,1020.6,4,0,0,4,0.0,3600.0,43.6591,-70.2568,2022,11,22,14
2022-11-22 15:00:00,335.0,273.0,62.0,795.4,5.4,45,5.4,188,1020.0,12,0,0,12,0.0,3600.0,43.6591,-70.2568,2022,11,22,15
2022-11-22 16:00:00,208.0,157.0,51.0,670.8,4.8,52,6.2,201,1019.8,25,0,0,25,0.0,3600.0,43.6591,-70.2568,2022,11,22,16
2022-11-22 17:00:00,66.0,42.0,24.0,412.0,3.0,60,6.9,223,1019.3,93,0,0,93,0.0,3600.0,43.6591,-70.2568,2022,11,22,17
2022-11-22 18:00:00,0.0,0.0,0.0,0.0,2.0,61,7.7,221,1019.1,100,0,0,100,0.0,0.0,43.6591,-70.2568,2022,11,22,18
2022-11-22 19:00:00,0.0,0.0,0.0,0.0,1.7,62,9.9,224,1018.6,98,0,46,98,0.0,0.0,43.6591,-70.2568,2022,11,22,19
2022-11-22 20:00:00,0.0,0.0,0.0,0.0,0.7,68,4.7,293,1018.3,99,2,73,99,0.0,0.0,43.6591,-70.2568,2022,11,22,20
2022-11-22 21:00:00,0.0,0.0,0.0,0.0,0.4,71,4.2,290,1017.6,100,0,40,100,0.0,0.0,43.6591,-70.2568,2022,11,22,21
2022-11-22 22:00:00,0.0,0.0,0.0,0.0,0.2,69,6.2,291,1017.1,54,0,51,17,0.0,0.0,43.6591,-70.2568,2022,11,22,22
2022-11-22 23:00:00,0.0,0.0,0.0,0.0,-0.2,68,9.6,290,1016.6,39,0,38,16,0.0,0.0,43.6591,-70.2568,2022,11,22,23
2022-11-23 00:00:00,0.0,0.0,0.0,0.0,-0.6,70,9.0,268,1016.0,95,0,69,88,0.0,0.0,43.6591,-70.2568,2022,11,23,0
2022-11-23 01:00:00,0.0,0.0,0.0,0.0,-0.8,72,9.8,264,1015.4,100,0,9,100,0.0,0.0,43.6591,-70.2568,2022,11,23,1
2022-11-23 02:00:00,0.0,0.0,0.0,0.0,-0.9,74,10.2,262,1015.0,100,0,66,100,0.0,0.0,43.6591,-70.2568,2022,11,23,2
2022-11-23 03:00:00,0.0,0.0,0.0,0.0,-0.2,72,8.8,258,1014.8,100,0,100,60,0.0,0.0,43.6591,-70.2568,2022,11,23,3
2022-11-23 04:00:00,0.0,0.0,0.0,0.0,0.3,71,8.2,255,1014.5,100,0,100,89,0.0,0.0,43.6591,-70.2568,2022,11,23,4
2022-11-23 05:00:00,0.0,0.0,0.0,0.0,0.4,71,8.5,258,1014.0,100,0,100,2,0.0,0.0,43.6591,-70.2568,2022,11,23,5
2022-11-23 06:00:00,0.0,0.0,0.0,0.0,1.1,69,9.7,266,1014.2,56,0,46,18,0.0,0.0,43.6591,-70.2568,2022,11,23,6
2022-11-23 07:00:00,0.0,0.0,0.0,0.0,0.4,73,11.3,277,1014.5,54,0,54,0,0.0,0.0,43.6591,-70.2568,2022,11,23,7
2022-11-23 08:00:00,1.0,0.0,1.0,0.0,1.0,73,12.1,287,1015.2,13,1,9,0,0.0,0.0,43.6591,-70.2568,2022,11,23,8
2022-11-23 09:00:00,72.0,45.0,27.0,420.6,1.6,74,10.3,295,1015.8,8,5,7,0,0.0,3600.0,43.6591,-70.2568,2022,11,23,9
2022-11-23 10:00:00,207.0,152.0,55.0,628.0,3.9,67,8.2,299,1016.3,14,1,13,0,0.0,3600.0,43.6591,-70.2568,2022,11,23,10
2022-11-23 11:00:00,329.0,263.0,66.0,756.0,5.8,58,8.9,313,1016.6,0,0,0,0,0.0,3600.0,43.6591,-70.2568,2022,11,23,11
2022-11-23 12:00:00,404.0,334.0,70.0,807.6,6.9,51,10.9,314,1016.6,3,3,0,0,0.0,3600.0,43.6591,-70.2568,2022,11,23,12
2022-11-23 13:00:00,427.0,353.0,74.0,812.1,7.2,47,13.7,315,1016.5,24,24,0,0,0.0,3600.0,43.6591,-70.2568,2022,11,23,13
2022-11-23 14:00:00,402.0,333.0,69.0,812.6,7.2,46,14.8,315,1016.5,29,29,12,0,0.0,3600.0,43.6591,-70.2568,2022,11,23,14
2022-11-23 15:00:00,284.0,196.0,88.0,575.5,6.7,47,14.5,316,1016.7,43,43,0,0,0.0,3600.0,43.6591,-70.2568,2022,11,23,15
2022-11-23 16:00:00,164.0,78.0,86.0,336.7,5.9,52,11.5,311,1017.3,57,56,10,0,0.0,3600.0,43.6591,-70.2568,2022,11,23,16
2022-11-23 17:00:00,51.0,18.0,33.0,178.6,4.1,59,11.1,299,1018.2,63,62,15,0,0.0,3600.0,43.6591,-70.2568,2022,11,23,17
2022-11-23 18:00:00,0.0,0.0,0.0,0.0,3.2,62,10.3,306,1019.0,32,32,0,0,0.0,0.0,43.6591,-70.2568,2022,11,23,18
2022-11-23 19:00:00,0.0,0.0,0.0,0.0,1.9,70,9.7,329,1020.1,48,48,0,0,0.0,0.0,43.6591,-70.2568,2022,11,23,19
2022-11-23 20:00:00,0.0,0.0,0.0,0.0,1.5,64,12.8,349,1021.7,30,2,0,0,0.0,0.0,43.6591,-70.2568,2022,11,23,20
2022-11-23 21:00:00,0.0,0.0,0.0,0.0,1.0,63,13.3,357,1022.5,0,0,0,0,0.0,0.0,43.6591,-70.2568,2022,11,23,21
2022-11-23 22:00:00,0.0,0.0,0.0,0.0,0.5,65,13.0,357,1023.7,0,0,0,0,0.0,0.0,43.6591,-70.2568,2022,11,23,22
2022-11-23 23:00:00,0.0,0.0,0.0,0.0,-0.2,68,12.0,353,1024.4,0,0,0,0,0.0,0.0,43.6591,-70.2568,2022,11,23,23
2022-11-24 00:00:00,0.0,0.0,0.0,0.0,-1.0,69,11.6,7,1024.7,0,0,0,0,0.0,0.0,43.6591,-70.2568,2022,11,24,0
2022-11-24 01:00:00,0.0,0.0,0.0,0.0,-1.7,73,11.4,24,1025.1,0,0,0,0,0.0,0.0,43.6591,-70.2568,2022,11,24,1
2022-11-24 02:00:00,0.0,0.0,0.0,0.0,-2.5,76,10.2,32,1025.6,0,0,0,0,0.0,0.0,43.6591,-70.2568,2022,11,24,2
2022-11-24 03:00:00,0.0,0.0,0.0,0.0,-3.1,72,9.4,18,1026.0,0,0,0,0,0.0,0.0,43.6591,-70.2568,2022,11,24,3
2022-11-24 04:00:00,0.0,0.0,0.0,0.0,-3.4,65,10.1,17,1026.0,0,0,0,0,0.0,0.0,43.6591,-70.2568,2022,11,24,4
2022-11-24 05:00:00,0.0,0.0,0.0,0.0,-3.7,62,9.0,16,1025.9,0,0,0,0,0.0,0.0,43.6591,-70.2568,2022,11,24,5
2022-11-24 06:00:00,0.0,0.0,0.0,0.0,-4.0,64,8.6,15,1026.2,0,0,0,0,0.0,0.0,43.6591,-70.2568,2022,11,24,6
2022-11-24 07:00:00,0.0,0.0,0.0,0.0,-4.1,65,7.5,17,1026.4,0,0,0,0,0.0,0.0,43.6591,-70.2568,2022,11,24,7
2022-11-24 08:00:00,1.0,0.0,1.0,0.0,-3.6,74,6.5,3,1027.3,15,32,0,0,0.0,0.0,43.6591,-70.2568,2022,11,24,8
2022-11-24 09:00:00,57.0,25.0,32.0,237.9,-2.2,62,3.6,354,1027.4,31,31,0,0,0.0,3600.0,43.6591,-70.2568,2022,11,24,9
2022-11-24 10:00:00,162.0,88.0,74.0,369.0,-0.5,49,1.6,243,1027.0,0,0,0,0,0.0,3600.0,43.6591,-70.2568,2022,11,24,10
2022-11-24 11:00:00,304.0,217.0,87.0,630.1,1.2,42,3.6,225,1026.6,7,7,0,0,0.0,3600.0,43.6591,-70.2568,2022,11,24,11
2022-11-24 12:00:00,386.0,297.0,89.0,724.0,2.6,41,5.6,207,1025.7,56,56,0,0,0.0,3600.0,43.6591,-70.2568,2022,11,24,12
2022-11-24 13:00:00,381.0,252.0,129.0,584.0,3.6,42,8.1,201,1024.6,100,100,0,0,0.0,3600.0,43.6591,-70.2568,2022,11,24,13
2022-11-24 14:00:00,248.0,78.0,170.0,191.7,3.8,45,8.9,212,1023.8,100,100,0,5,0.0,3600.0,43.6591,-70.2568,2022,11,24,14
2022-11-24 15:00:00,149.0,12.0,137.0,35.5,3.8,51,7.8,202,1022.8,60,49,0,22,0.0,0.0,43.6591,-70.2568,2022,11,24,15
2022-11-24 16:00:00,146.0,65.0,81.0,283.3,3.3,62,6.5,186,1022.3,100,0,0,100,0.0,3600.0,43.6591,-70.2568,2022,11,24,16
2022-11-24 17:00:00,56.0,25.0,31.0,250.9,1.4,79,8.7,175,1021.7,100,0,0,100,0.0,3600.0,43.6591,-70.2568,2022,11,24,17
2022-11-24 18:00:00,0.0,0.0,0.0,0.0,1.0,84,12.1,197,1021.2,100,0,0,100,0.0,0.0,43.6591,-70.2568,2022,11,24,18
2022-11-24 19:00:00,0.0,0.0,0.0,0.0,1.1,83,9.0,209,1020.8,98,0,0,98,0.0,0.0,43.6591,-70.2568,2022,11,24,19
2022-11-24 20:00:00,0.0,0.0,0.0,0.0,1.2,80,6.0,213,1020.1,91,0,0,83,0.0,0.0,43.6591,-70.2568,2022,11,24,20
2022-11-24 21:00:00,0.0,0.0,0.0,0.0,1.9,77,6.1,242,1020.0,12,0,0,12,0.0,0.0,43.6591,-70.2568,2022,11,24,21
2022-11-24 22:00:00,0.0,0.0,0.0,0.0,1.1,77,5.9,259,1019.7,75,0,0,75,0.0,0.0,43.6591,-70.2568,2022,11,24,22
2022-11-24 23:00:00,0.0,0.0,0.0,0.0,-0.4,82,8.4,245,1018.3,100,0,0,100,0.0,0.0,43.6591,-70.2568,2022,11,24,23
2022-11-25 00:00:00,0.0,0.0,0.0,0.0,0.5,82,9.5,245,1018.4,100,0,0,100,0.0,0.0,43.6591,-70.2568,2022,11,25,0
2022-11-25 01:00:00,0.0,0.0,0.0,0.0,0.3,85,10.0,229,1017.2,100,0,0,100,0.0,0.0,43.6591,-70.2568,2022,11,25,1
2022-11-25 02:00:00,0.0,0.0,0.0,0.0,0.0,86,8.7,228,1016.3,100,0,0,100,0.0,0.0,43.6591,-70.2568,2022,11,25,2
2022-11-25 03:00:00,0.0,0.0,0.0,0.0,-0.0,89,9.7,228,1015.7,100,0,0,100,0.0,0.0,43.6591,-70.2568,2022,11,25,3
2022-11-25 04:00:00,0.0,0.0,0.0,0.0,0.2,91,8.9,220,1014.6,100,0,0,100,0.0,0.0,43.6591,-70.2568,2022,11,25,4
2022-11-25 05:00:00,0.0,0.0,0.0,0.0,0.4,91,8.4,223,1013.5,100,0,0,100,0.0,0.0,43.6591,-70.2568,2022,11,25,5
2022-11-25 06:00:00,0.0,0.0,0.0,0.0,0.7,92,10.7,220,1012.1,65,0,1,65,0.0,0.0,43.6591,-70.2568,2022,11,25,6
2022-11-25 07:00:00,0.0,0.0,0.0,0.0,1.1,94,12.2,208,1010.8,100,0,0,100,0.0,0.0,43.6591,-70.2568,2022,11,25,7
2022-11-25 08:00:00,0.0,0.0,0.0,0.0,1.2,92,11.5,226,1010.3,100,0,66,100,0.0,0.0,43.6591,-70.2568,2022,11,25,8
2022-11-25 09:00:00,31.0,0.0,31.0,0.0,2.3,93,13.2,225,1009.5,100,0,82,100,0.3,0.0,43.6591,-70.2568,2022,11,25,9
2022-11-25 10:00:00,44.0,0.0,44.0,0.0,2.6,100,11.8,207,1008.2,100,0,100,100,0.7,0.0,43.6591,-70.2568,2022,11,25,10
2022-11-25 11:00:00,52.0,0.0,52.0,0.0,3.5,100,13.2,209,1006.8,100,20,100,100,0.1,0.0,43.6591,-70.2568,2022,11,25,11
2022-11-25 12:00:00,102.0,1.0,101.0,2.5,4.8,100,13.6,197,1004.3,100,3,100,85,0.2,0.0,43.6591,-70.2568,2022,11,25,12
2022-11-25 13:00:00,102.0,1.0,101.0,2.3,5.3,100,13.9,211,1002.2,100,100,100,99,0.2,0.0,43.6591,-70.2568,2022,11,25,13
2022-11-25 14:00:00,49.0,1.0,48.0,2.5,4.9,100,15.3,221,1000.6,100,100,100,100,0.5,0.0,43.6591,-70.2568,2022,11,25,14
2022-11-25 15:00:00,28.0,0.0,28.0,0.0,4.6,100,15.8,225,999.4,100,59,100,100,0.3,0.0,43.6591,-70.2568,2022,11,25,15
2022-11-25 16:00:00,31.0,0.0,31.0,0.0,4.3,100,15.1,237,998.8,100,14,100,81,0.1,0.0,43.6591,-70.2568,2022,11,25,16
2022-11-25 17:00:00,13.0,0.0,13.0,0.0,3.7,100,15.0,253,998.4,100,4,26,100,0.0,0.0,43.6591,-70.2568,2022,11,25,17
2022-11-25 18:00:00,0.0,0.0,0.0,0.0,2.6,100,13.1,261,998.0,67,38,5,46,0.0,0.0,43.6591,-70.2568,2022,11,25,18
2022-11-25 19:00:00,0.0,0.0,0.0,0.0,3.0,100,16.2,269,998.1,75,74,3,0,0.0,0.0,43.6591,-70.2568,2022,11,25,19
2022-11-25 20:00:00,0.0,0.0,0.0,0.0,5.0,92,21.7,289,998.2,60,38,0,0,0.0,0.0,43.6591,-70.2568,2022,11,25,20
2022-11-25 21:00:00,0.0,0.0,0.0,0.0,4.1,87,23.0,295,998.7,29,29,0,0,0.0,0.0,43.6591,-70.2568,2022,11,25,21
2022-11-25 22:00:00,0.0,0.0,0.0,0.0,3.7,80,23.1,291,999.1,42,42,0,0,0.0,0.0,43.6591,-70.2568,2022,11,25,22
2022-11-25 23:00:00,0.0,0.0,0.0,0.0,3.7,72,21.7,294,999.4,74,73,1,0,0.0,0.0,43.6591,-70.2568,2022,11,25,23
2022-11-26 00:00:00,0.0,0.0,0.0,0.0,3.6,65,20.7,301,1000.1,3,3,0,0,0.0,0.0,43.6591,-70.2568,2022,11,26,0
2022-11-26 01:00:00,0.0,0.0,0.0,0.0,3.3,63,18.7,308,1001.1,83,73,38,0,0.0,0.0,43.6591,-70.2568,2022,11,26,1
2022-11-26 02:00:00,0.0,0.0,0.0,0.0,2.9,62,18.2,308,1001.6,76,74,7,0,0.0,0.0,43.6591,-70.2568,2022,11,26,2
2022-11-26 03:00:00,0.0,0.0,0.0,0.0,2.4,61,20.9,314,1002.6,23,23,0,0,0.0,0.0,43.6591,-70.2568,2022,11,26,3
2022-11-26 04:00:00,0.0,0.0,0.0,0.0,1.7,60,26.0,318,1003.3,22,22,0,0,0.0,0.0,43.6591,-70.2568,2022,11,26,4
2022-11-26 05:00:00,0.0,0.0,0.0,0.0,1.2,59,24.1,321,1004.0,46,46,0,0,0.0,0.0,43.6591,-70.2568,2022,11,26,5
2022-11-26 06:00:00,0.0,0.0,0.0,0.0,0.8,60,20.9,315,1004.3,64,64,0,0,0.0,0.0,43.6591,-70.2568,2022,11,26,6
2022-11-26 07:00:00,0.0,0.0,0.0,0.0,0.4,62,15.1,310,1005.0,0,0,0,0,0.0,0.0,43.6591,-70.2568,2022,11,26,7
2022-11-26 08:00:00,0.0,0.0,0.0,0.0,0.1,67,12.6,270,1006.1,40,8,0,49,0.0,0.0,43.6591,-70.2568,2022,11,26,8
2022-11-26 09:00:00,65.0,39.0,26.0,384.7,1.3,65,12.0,303,1006.5,49,6,0,46,0.0,3600.0,43.6591,-70.2568,2022,11,26,9
2022-11-26 10:00:00,204.0,153.0,51.0,660.7,2.7,58,15.8,305,1006.9,49,2,0,48,0.0,3600.0,43.6591,-70.2568,2022,11,26,10
2022-11-26 11:00:00,312.0,240.0,72.0,711.0,3.6,54,13.1,307,1007.4,86,1,15,86,0.0,3600.0,43.6591,-70.2568,2022,11,26,11
2022-11-26 12:00:00,394.0,321.0,73.0,795.2,4.6,51,10.7,290,1007.1,63,0,3,62,0.0,3600.0,43.6591,-70.2568,2022,11,26,12
2022-11-26 13:00:00,413.0,337.0,76.0,792.1,5.6,48,10.6,280,1006.6,58,0,0,58,0.0,3600.0,43.6591,-70.2568,2022,11,26,13
2022-11-26 14:00:00,385.0,317.0,68.0,789.8,6.4,47,9.8,278,1006.1,27,0,1,27,0.0,3600.0,43.6591,-70.2568,2022,11,26,14
2022-11-26 15:00:00,306.0,245.0,61.0,735.6,7.1,48,10.4,270,1005.9,11,0,0,11,0.0,3600.0,43.6591,-70.2568,2022,11,26,15
2022-11-26 16:00:00,188.0,139.0,49.0,617.2,6.9,55,8.5,258,1005.5,18,0,0,18,0.0,3600.0,43.6591,-70.2568,2022,11,26,16
2022-11-26 17:00:00,56.0,35.0,21.0,358.9,5.5,61,11.2,249,1005.7,44,0,4,43,0.0,3600.0,43.6591,-70.2568,2022,11,26,17
2022-11-26 18:00:00,0.0,0.0,0.0,0.0,4.6,64,12.6,239,1005.6,93,0,0,93,0.0,0.0,43.6591,-70.2568,2022,11,26,18
2022-11-26 19:00:00,0.0,0.0,0.0,0.0,4.3,66,13.2,235,1005.9,19,0,0,19,0.0,0.0,43.6591,-70.2568,2022,11,26,19
2022-11-26 20:00:00,0.0,0.0,0.0,0.0,5.0,62,14.8,247,1005.0,0,0,0,0,0.0,0.0,43.6591,-70.2568,2022,11,26,20
2022-11-26 21:00:00,0.0,0.0,0.0,0.0,4.8,63,13.6,248,1004.3,0,0,0,0,0.0,0.0,43.6591,-70.2568,2022,11,26,21
2022-11-26 22:00:00,0.0,0.0,0.0,0.0,5.0,63,14.1,255,1004.7,0,0,0,0,0.0,0.0,43.6591,-70.2568,2022,11,26,22
2022-11-26 23:00:00,0.0,0.0,0.0,0.0,5.0,63,11.5,256,1004.9,0,0,0,0,0.0,0.0,43.6591,-70.2568,2022,11,26,23
2022-11-27 00:00:00,0.0,0.0,0.0,0.0,4.7,63,12.4,253,1004.8,0,0,0,0,0.0,0.0,43.6591,-70.2568,2022,11,27,0
2022-11-27 01:00:00,0.0,0.0,0.0,0.0,4.4,65,8.6,268,1004.5,0,0,0,0,0.0,0.0,43.6591,-70.2568,2022,11,27,1
2022-11-27 02:00:00,0.0,0.0,0.0,0.0,4.3,64,8.6,268,1004.9,0,0,0,0,0.0,0.0,43.6591,-70.2568,2022,11,27,2
2022-11-27 03:00:00,0.0,0.0,0.0,0.0,3.8,66,7.2,270,1004.9,5,0,0,5,0.0,0.0,43.6591,-70.2568,2022,11,27,3
2022-11-27 04:00:00,0.0,0.0,0.0,0.0,3.6,66,6.9,279,1004.7,88,0,0,88,0.0,0.0,43.6591,-70.2568,2022,11,27,4
2022-11-27 05:00:00,0.0,0.0,0.0,0.0,2.2,73,9.2,291,1004.2,98,0,0,98,0.0,0.0,43.6591,-70.2568,2022,11,27,5
2022-11-27 06:00:00,0.0,0.0,0.0,0.0,2.2,70,7.2,267,1004.0,87,0,0,87,0.0,0.0,43.6591,-70.2568,2022,11,27,6
2022-11-27 07:00:00,0.0,0.0,0.0,0.0,2.5,68,6.1,242,1004.5,100,0,0,100,0.0,0.0,43.6591,-70.2568,2022,11,27,7
2022-11-27 08:00:00,0.0,0.0,0.0,0.0,2.7,65,7.6,267,1004.6,100,0,0,100,0.0,0.0,43.6591,-70.2568,2022,11,27,8
2022-11-27 09:00:00,47.0,9.0,38.0,90.4,4.2,55,11.6,265,1004.6,100,0,0,100,0.0,1213.67,43.6591,-70.2568,2022,11,27,9
2022-11-27 10:00:00,118.0,11.0,107.0,48.2,6.1,47,10.0,249,1004.3,100,0,0,100,0.0,0.0,43.6591,-70.2568,2022,11,27,10
2022-11-27 11:00:00,199.0,39.0,160.0,116.7,8.1,43,8.7,228,1003.8,100,0,0,100,0.0,1700.33,43.6591,-70.2568,2022,11,27,11
2022-11-27 12:00:00,328.0,166.0,162.0,414.4,10.7,37,7.1,240,1002.5,100,0,2,100,0.0,3600.0,43.6591,-70.2568,2022,11,27,12
2022-11-27 13:00:00,346.0,183.0,163.0,433.1,11.6,40,8.4,220,1002.1,87,0,78,62,0.0,3600.0,43.6591,-70.2568,2022,11,27,13
2022-11-27 14:00:00,361.0,254.0,107.0,637.0,12.1,43,7.9,210,1001.1,100,0,52,100,0.0,3600.0,43.6591,-70.2568,2022,11,27,14
2022-11-27 15:00:00,277.0,198.0,79.0,598.6,11.1,52,8.8,199,1000.3,100,0,100,84,0.0,3600.0,43.6591,-70.2568,2022,11,27,15
2022-11-27 16:00:00,128.0,27.0,101.0,120.9,9.1,62,11.4,193,999.8,100,0,94,100,0.0,1828.35,43.6591,-70.2568,2022,11,27,16
2022-11-27 17:00:00,20.0,0.0,20.0,0.0,8.0,64,12.4,202,999.2,100,0,93,100,0.0,0.0,43.6591,-70.2568,2022,11,27,17
2022-11-27 18:00:00,0.0,0.0,0.0,0.0,7.4,70,16.5,212,999.0,100,0,100,100,0.0,0.0,43.6591,-70.2568,2022,11,27,18
2022-11-27 19:00:00,0.0,0.0,0.0,0.0,4.8,99,11.5,200,997.6,100,0,100,100,1.4,0.0,43.6591,-70.2568,2022,11,27,19
2022-11-27 20:00:00,0.0,0.0,0.0,0.0,6.0,100,9.8,208,996.8,100,100,100,100,3.7,0.0,43.6591,-70.2568,2022,11,27,20
2022-11-27 21:00:00,0.0,0.0,0.0,0.0,7.0,100,7.7,169,994.7,100,100,100,100,4.8,0.0,43.6591,-70.2568,2022,11,27,21
2022-11-27 22:00:00,0.0,0.0,0.0,0.0,7.4,100,7.8,146,992.6,100,100,100,44,1.9,0.0,43.6591,-70.2568,2022,11,27,22
2022-11-27 23:00:00,0.0,0.0,0.0,0.0,8.4,100,10.0,142,990.2,100,100,100,46,6.6,0.0,43.6591,-70.2568,2022,11,27,23
2022-11-28 00:00:00,0.0,0.0,0.0,0.0,9.0,100,8.9,137,988.0,100,100,100,81,3.4,0.0,43.6591,-70.2568,2022,11,28,0
2022-11-28 01:00:00,0.0,0.0,0.0,0.0,8.7,100,4.6,129,985.4,100,100,86,30,1.5,0.0,43.6591,-70.2568,2022,11,28,1
2022-11-28 02:00:00,0.0,0.0,0.0,0.0,8.1,100,4.7,302,983.3,100,100,91,7,1.1,0.0,43.6591,-70.2568,2022,11,28,2
2022-11-28 03:00:00,0.0,0.0,0.0,0.0,7.3,100,17.6,293,984.5,100,83,100,99,0.5,0.0,43.6591,-70.2568,2022,11,28,3
2022-11-28 04:00:00,0.0,0.0,0.0,0.0,5.9,100,16.5,302,984.9,53,52,0,1,0.5,0.0,43.6591,-70.2568,2022,11,28,4
2022-11-28 05:00:00,0.0,0.0,0.0,0.0,4.8,100,9.0,268,986.8,43,30,21,0,0.0,0.0,43.6591,-70.2568,2022,11,28,5
2022-11-28 06:00:00,0.0,0.0,0.0,0.0,5.6,96,11.0,281,987.6,16,16,0,0,0.0,0.0,43.6591,-70.2568,2022,11,28,6
2022-11-28 07:00:00,0.0,0.0,0.0,0.0,6.1,95,15.5,274,988.4,97,55,17,92,0.0,0.0,43.6591,-70.2568,2022,11,28,7
2022-11-28 08:00:00,0.0,0.0,0.0,0.0,5.9,95,14.2,297,990.2,100,33,19,33,0.0,0.0,43.6591,-70.2568,2022,11,28,8
2022-11-28 09:00:00,49.0,21.0,28.0,214.7,6.5,92,17.7,297,991.6,89,16,39,84,0.0,3600.0,43.6591,-70.2568,2022,11,28,9
2022-11-28 10:00:00,126.0,36.0,90.0,160.1,7.1,87,19.1,314,993.3,98,44,79,93,0.0,3002.47,43.6591,-70.2568,2022,11,28,10
2022-11-28 11:00:00,184.0,51.0,133.0,154.1,7.4,75,20.6,313,995.1,100,49,19,100,0.0,2822.0,43.6591,-70.2568,2022,11,28,11
2022-11-28 12:00:00,254.0,84.0,170.0,211.3,8.2,65,20.6,314,996.1,52,19,0,41,0.0,3600.0,43.6591,-70.2568,2022,11,28,12
2022-11-28 13:00:00,387.0,293.0,94.0,698.1,8.8,62,21.1,313,997.0,67,13,0,62,0.0,3600.0,43.6591,-70.2568,2022,11,28,13
2022-11-28 14:00:00,346.0,246.0,100.0,620.9,8.5,61,21.2,318,998.3,87,26,0,82,0.0,3600.0,43.6591,-70.2568,2022,11,28,14
2022-11-28 15:00:00,253.0,149.0,104.0,453.5,7.8,60,21.9,324,999.8,56,56,0,0,0.0,3600.0,43.6591,-70.2568,2022,11,28,15
2022-11-28 16:00:00,161.0,91.0,70.0,411.0,6.8,64,20.3,323,1001.3,90,90,0,0,0.0,3600.0,43.6591,-70.2568,2022,11,28,16
2022-11-28 17:00:00,49.0,25.0,24.0,261.3,5.7,66,17.1,319,1002.9,8,8,0,0,0.0,3600.0,43.6591,-70.2568,2022,11,28,17
2022-11-28 18:00:00,0.0,0.0,0.0,0.0,4.7,68,16.0,316,1004.6,0,0,0,0,0.0,0.0,43.6591,-70.2568,2022,11,28,18
2022-11-28 19:00:00,0.0,0.0,0.0,0.0,4.0,68,16.1,320,1006.0,5,5,0,0,0.0,0.0,43.6591,-70.2568,2022,11,28,19
2022-11-28 20:00:00,0.0,0.0,0.0,0.0,3.6,72,12.3,322,1007.4,4,2,0,0,0.0,0.0,43.6591,-70.2568,2022,11,28,20
2022-11-28 21:00:00,0.0,0.0,0.0,0.0,2.8,75,11.2,318,1008.6,0,0,0,0,0.0,0.0,43.6591,-70.2568,2022,11,28,21
2022-11-28 22:00:00,0.0,0.0,0.0,0.0,2.2,76,11.2,327,1010.0,0,0,0,0,0.0,0.0,43.6591,-70.2568,2022,11,28,22
2022-11-28 23:00:00,0.0,0.0,0.0,0.0,1.6,71,13.2,343,1011.2,1,1,0,0,0.0,0.0,43.6591,-70.2568,2022,11,28,23
2022-11-29 00:00:00,0.0,0.0,0.0,0.0,0.8,65,15.0,349,1012.7,6,0,0,6,0.0,0.0,43.6591,-70.2568,2022,11,29,0
2022-11-29 01:00:00,0.0,0.0,0.0,0.0,0.1,65,14.9,353,1013.8,3,3,0,0,0.0,0.0,43.6591,-70.2568,2022,11,29,1
2022-11-29 02:00:00,0.0,0.0,0.0,0.0,-0.5,67,13.7,360,1014.4,3,0,0,3,0.0,0.0,43.6591,-70.2568,2022,11,29,2
2022-11-29 03:00:00,0.0,0.0,0.0,0.0,-1.1,69,12.6,357,1015.4,0,0,0,0,0.0,0.0,43.6591,-70.2568,2022,11,29,3
2022-11-29 04:00:00,0.0,0.0,0.0,0.0,-1.4,68,12.6,360,1016.5,19,0,0,19,0.0,0.0,43.6591,-70.2568,2022,11,29,4
2022-11-29 05:00:00,0.0,0.0,0.0,0.0,-1.8,69,10.5,6,1017.4,0,0,0,0,0.0,0.0,43.6591,-70.2568,2022,11,29,5
2022-11-29 06:00:00,0.0,0.0,0.0,0.0,-2.2,71,11.2,360,1018.4,0,0,0,0,0.0,0.0,43.6591,-70.2568,2022,11,29,6
2022-11-29 07:00:00,0.0,0.0,0.0,0.0,-2.5,72,11.2,4,1019.6,32,0,0,32,0.0,0.0,43.6591,-70.2568,2022,11,29,7
2022-11-29 08:00:00,0.0,0.0,0.0,0.0,-2.2,75,8.8,19,1020.3,72,0,0,69,0.0,0.0,43.6591,-70.2568,2022,11,29,8
2022-11-29 09:00:00,59.0,37.0,22.0,385.2,-1.4,76,7.0,35,1021.4,99,0,0,99,0.0,3600.0,43.6591,-70.2568,2022,11,29,9
2022-11-29 10:00:00,188.0,130.0,58.0,586.5,-0.2,67,6.7,36,1022.4,54,0,0,54,0.0,3600.0,43.6591,-70.2568,2022,11,29,10
2022-11-29 11:00:00,315.0,253.0,62.0,771.6,0.8,60,5.4,37,1023.0,71,0,0,71,0.0,3600.0,43.6591,-70.2568,2022,11,29,11
2022-11-29 12:00:00,393.0,326.0,67.0,826.4,1.8,56,2.8,40,1023.1,85,0,0,85,0.0,3600.0,43.6591,-70.2568,2022,11,29,12
2022-11-29 13:00:00,415.0,339.0,76.0,813.0,2.6,53,2.3,108,1022.9,54,0,0,54,0.0,3600.0,43.6591,-70.2568,2022,11,29,13
2022-11-29 14:00:00,388.0,316.0,72.0,802.5,2.8,52,6.4,128,1022.6,99,0,0,99,0.0,3600.0,43.6591,-70.2568,2022,11,29,14
2022-11-29 15:00:00,293.0,205.0,88.0,627.9,2.3,52,9.1,124,1022.1,100,0,0,100,0.0,3600.0,43.6591,-70.2568,2022,11,29,15
2022-11-29 16:00:00,150.0,57.0,93.0,259.5,1.6,57,7.4,133,1022.5,100,0,0,100,0.0,3600.0,43.6591,-70.2568,2022,11,29,16
2022-11-29 17:00:00,45.0,12.0,33.0,126.6,0.5,73,3.6,143,1023.0,100,0,0,100,0.0,2666.37,43.6591,-70.2568,2022,11,29,17
2022-11-29 18:00:00,0.0,0.0,0.0,0.0,-0.4,78,6.7,144,1023.8,100,0,0,100,0.0,0.0,43.6591,-70.2568,2022,11,29,18
2022-11-29 19:00:00,0.0,0.0,0.0,0.0,-0.3,78,6.6,112,1023.9,100,0,0,100,0.0,0.0,43.6591,-70.2568,2022,11,29,19
2022-11-29 20:00:00,0.0,0.0,0.0,0.0,-1.2,78,8.7,163,1023.9,100,1,0,84,0.0,0.0,43.6591,-70.2568,2022,11,29,20
2022-11-29 21:00:00,0.0,0.0,0.0,0.0,0.2,72,6.1,183,1023.8,85,41,0,75,0.0,0.0,43.6591,-70.2568,2022,11,29,21
2022-11-29 22:00:00,0.0,0.0,0.0,0.0,0.0,74,5.9,223,1024.0,100,69,0,100,0.0,0.0,43.6591,-70.2568,2022,11,29,22
2022-11-29 23:00:00,0.0,0.0,0.0,0.0,1.3,70,5.2,258,1024.2,100,69,0,99,0.0,0.0,43.6591,-70.2568,2022,11,29,23
2022-11-30 00:00:00,0.0,0.0,0.0,0.0,1.2,80,4.3,270,1024.1,100,100,0,95,0.0,0.0,43.6591,-70.2568,2022,11,30,0
2022-11-30 01:00:00,0.0,0.0,0.0,0.0,2.3,72,5.5,113,1023.3,100,100,0,91,0.0,0.0,43.6591,-70.2568,2022,11,30,1
2022-11-30 02:00:00,0.0,0.0,0.0,0.0,3.4,80,11.6,150,1022.8,100,100,0,44,0.0,0.0,43.6591,-70.2568,2022,11,30,2
2022-11-30 03:00:00,0.0,0.0,0.0,0.0,4.5,78,16.3,152,1022.7,100,100,0,58,0.0,0.0,43.6591,-70.2568,2022,11,30,3
2022-11-30 04:00:00,0.0,0.0,0.0,0.0,5.3,74,15.0,153,1022.0,99,86,0,95,0.0,0.0,43.6591,-70.2568,2022,11,30,4
2022-11-30 05:00:00,0.0,0.0,0.0,0.0,5.9,67,13.0,175,1021.1,100,100,0,7,0.0,0.0,43.6591,-70.2568,2022,11,30,5
2022-11-30 06:00:00,0.0,0.0,0.0,0.0,5.2,74,9.3,196,1020.7,100,100,0,0,0.0,0.0,43.6591,-70.2568,2022,11,30,6
2022-11-30 07:00:00,0.0,0.0,0.0,0.0,5.2,83,14.9,172,1020.0,100,100,18,97,0.0,0.0,43.6591,-70.2568,2022,11,30,7
2022-11-30 08:00:00,0.0,0.0,0.0,0.0,4.4,89,13.5,155,1019.2,100,100,7,100,0.0,0.0,43.6591,-70.2568,2022,11,30,8
2022-11-30 09:00:00,10.0,0.0,10.0,0.0,6.0,94,16.3,175,1018.9,100,80,11,100,0.2,0.0,43.6591,-70.2568,2022,11,30,9
2022-11-30 10:00:00,72.0,13.0,59.0,59.5,6.0,91,13.6,191,1018.3,100,56,10,100,0.0,0.0,43.6591,-70.2568,2022,11,30,10
2022-11-30 11:00:00,160.0,46.0,114.0,141.6,7.5,81,16.2,167,1017.2,100,100,63,100,0.0,2448.58,43.6591,-70.2568,2022,11,30,11
2022-11-30 12:00:00,80.0,5.0,75.0,12.8,7.7,89,17.7,147,1015.4,100,100,100,100,0.0,0.0,43.6591,-70.2568,2022,11,30,12
2022-11-30 13:00:00,65.0,0.0,65.0,0.0,8.8,91,24.4,149,1012.9,100,100,100,100,0.1,0.0,43.6591,-70.2568,2022,11,30,13
2022-11-30 14:00:00,33.0,0.0,33.0,0.0,9.6,90,27.4,155,1010.3,100,100,100,100,0.1,0.0,43.6591,-70.2568,2022,11,30,14
2022-11-30 15:00:00,36.0,0.0,36.0,0.0,10.3,89,32.1,157,1007.6,100,100,100,100,0.2,0.0,43.6591,-70.2568,2022,11,30,15
2022-11-30 16:00:00,18.0,0.0,18.0,0.0,10.6,88,35.6,164,1006.1,100,44,100,100,0.6,0.0,43.6591,-70.2568,2022,11,30,16
2022-11-30 17:00:00,4.0,0.0,4.0,0.0,9.8,100,33.2,171,1005.3,100,100,100,100,2.7,0.0,43.6591,-70.2568,2022,11,30,17
2022-11-30 18:00:00,0.0,0.0,0.0,0.0,10.2,100,34.1,169,1002.9,100,100,100,100,4.0,0.0,43.6591,-70.2568,2022,11,30,18
2022-11-30 19:00:00,0.0,0.0,0.0,0.0,10.8,100,34.3,176,1000.9,100,100,100,1,4.3,0.0,43.6591,-70.2568,2022,11,30,19
2022-11-30 20:00:00,0.0,0.0,0.0,0.0,11.1,100,39.7,176,997.2,100,100,100,100,3.8,0.0,43.6591,-70.2568,2022,11,30,20
2022-11-30 21:00:00,0.0,0.0,0.0,0.0,11.7,100,35.9,191,995.6,100,100,100,100,7.9,0.0,43.6591,-70.2568,2022,11,30,21
2022-11-30 22:00:00,0.0,0.0,0.0,0.0,9.4,89,28.2,264,996.4,100,4,100,51,3.5,0.0,43.6591,-70.2568,2022,11,30,22
2022-11-30 23:00:00,0.0,0.0,0.0,0.0,8.2,90,17.4,263,997.0,100,1,100,0,0.2,0.0,43.6591,-70.2568,2022,11,30,23
2022-12-01 00:00:00,0.0,0.0,0.0,0.0,7.8,82,18.4,268,997.3,75,0,74,0,0.0,0.0,43.6591,-70.2568,2022,12,1,0
2022-12-01 01:00:00,0.0,0.0,0.0,0.0,6.4,66,24.8,271,999.1,84,83,4,0,0.0,0.0,43.6591,-70.2568,2022,12,1,1
2022-12-01 02:00:00,0.0,0.0,0.0,0.0,5.0,56,24.9,272,1000.3,15,15,0,0,0.0,0.0,43.6591,-70.2568,2022,12,1,2
2022-12-01 03:00:00,0.0,0.0,0.0,0.0,3.6,60,18.8,277,1002.2,5,5,0,0,0.0,0.0,43.6591,-70.2568,2022,12,1,3
2022-12-01 04:00:00,0.0,0.0,0.0,0.0,2.5,59,18.8,282,1003.5,0,0,0,0,0.0,0.0,43.6591,-70.2568,2022,12,1,4
2022-12-01 05:00:00,0.0,0.0,0.0,0.0,1.6,54,17.2,281,1004.4,0,0,0,0,0.0,0.0,43.6591,-70.2568,2022,12,1,5
2022-12-01 06:00:00,0.0,0.0,0.0,0.0,0.9,54,14.4,271,1005.3,1,1,0,0,0.0,0.0,43.6591,-70.2568,2022,12,1,6
2022-12-01 07:00:00,0.0,0.0,0.0,0.0,0.5,55,15.0,259,1006.1,0,0,0,0,0.0,0.0,43.6591,-70.2568,2022,12,1,7
2022-12-01 08:00:00,0.0,0.0,0.0,0.0,1.8,44,19.5,267,1006.9,0,0,0,0,0.0,0.0,43.6591,-70.2568,2022,12,1,8
2022-12-01 09:00:00,54.0,35.0,19.0,377.6,1.6,46,18.9,257,1007.8,0,0,0,0,0.0,3575.64,43.6591,-70.2568,2022,12,1,9
2022-12-01 10:00:00,191.0,144.0,47.0,668.6,2.5,43,20.2,254,1008.4,7,0,7,0,0.0,3600.0,43.6591,-70.2568,2022,12,1,10
2022-12-01 11:00:00,310.0,251.0,59.0,779.9,3.2,40,23.9,263,1008.8,35,0,35,0,0.0,3600.0,43.6591,-70.2568,2022,12,1,11
2022-12-01 12:00:00,381.0,305.0,76.0,784.4,3.8,38,32.0,278,1009.0,73,62,71,0,0.0,3600.0,43.6591,-70.2568,2022,12,1,12
2022-12-01 13:00:00,344.0,201.0,143.0,488.0,4.1,38,27.0,283,1009.2,61,16,57,0,0.0,3600.0,43.6591,-70.2568,2022,12,1,13
2022-12-01 14:00:00,313.0,198.0,115.0,508.6,4.3,37,26.5,285,1010.0,98,63,98,0,0.0,3600.0,43.6591,-70.2568,2022,12,1,14
2022-12-01 15:00:00,149.0,55.0,94.0,170.5,4.2,36,25.1,286,1010.9,56,15,56,0,0.0,3313.78,43.6591,-70.2568,2022,12,1,15
2022-12-01 16:00:00,149.0,81.0,68.0,374.1,3.6,41,19.9,287,1012.5,97,39,96,0,0.0,3600.0,43.6591,-70.2568,2022,12,1,16
2022-12-01 17:00:00,27.0,5.0,22.0,53.6,3.0,44,17.5,289,1014.2,98,2,98,0,0.0,119.57,43.6591,-70.2568,2022,12,1,17
2022-12-01 18:00:00,0.0,0.0,0.0,0.0,2.6,45,16.9,282,1015.6,65,62,45,0,0.0,0.0,43.6591,-70.2568,2022,12,1,18
2022-12-01 19:00:00,0.0,0.0,0.0,0.0,2.0,46,18.7,289,1017.3,31,31,0,0,0.0,0.0,43.6591,-70.2568,2022,12,1,19
2022-12-01 20:00:00,0.0,0.0,0.0,0.0,1.3,45,18.5,283,1018.9,16,8,0,0,0.0,0.0,43.6591,-70.2568,2022,12,1,20
2022-12-01 21:00:00,0.0,0.0,0.0,0.0,0.5,47,15.5,283,1019.9,29,29,0,0,0.0,0.0,43.6591,-70.2568,2022,12,1,21
2022-12-01 22:00:00,0.0,0.0,0.0,0.0,0.5,48,14.3,280,1020.5,20,20,0,0,0.0,0.0,43.6591,-70.2568,2022,12,1,22
2022-12-01 23:00:00,0.0,0.0,0.0,0.0,-0.1,52,12.3,267,1020.9,52,0,0,52,0.0,0.0,43.6591,-70.2568,2022,12,1,23
2022-12-02 00:00:00,0.0,0.0,0.0,0.0,-0.9,57,10.4,236,1021.5,61,0,0,61,0.0,0.0,43.6591,-70.2568,2022,12,2,0
2022-12-02 01:00:00,0.0,0.0,0.0,0.0,-1.4,62,9.4,220,1022.6,89,0,0,89,0.0,0.0,43.6591,-70.2568,2022,12,2,1
2022-12-02 02:00:00,0.0,0.0,0.0,0.0,-1.4,61,11.3,233,1023.1,56,0,0,56,0.0,0.0,43.6591,-70.2568,2022,12,2,2
2022-12-02 03:00:00,0.0,0.0,0.0,0.0,-1.5,61,10.8,249,1024.1,0,0,0,0,0.0,0.0,43.6591,-70.2568,2022,12,2,3
2022-12-02 04:00:00,0.0,0.0,0.0,0.0,-1.8,63,10.7,258,1024.8,0,0,0,0,0.0,0.0,43.6591,-70.2568,2022,12,2,4
2022-12-02 05:00:00,0.0,0.0,0.0,0.0,-2.1,65,10.9,279,1025.6,0,0,0,0,0.0,0.0,43.6591,-70.2568,2022,12,2,5
2022-12-02 06:00:00,0.0,0.0,0.0,0.0,-2.3,67,10.7,290,1026.5,0,0,0,0,0.0,0.0,43.6591,-70.2568,2022,12,2,6
2022-12-02 07:00:00,0.0,0.0,0.0,0.0,-2.4,69,10.5,286,1027.4,100,0,100,0,0.0,0.0,43.6591,-70.2568,2022,12,2,7
2022-12-02 08:00:00,0.0,0.0,0.0,0.0,-1.5,71,8.4,320,1027.8,77,0,43,18,0.0,0.0,43.6591,-70.2568,2022,12,2,8
2022-12-02 09:00:00,47.0,25.0,22.0,274.5,-0.9,73,6.6,292,1028.8,73,0,63,27,0.0,3508.67,43.6591,-70.2568,2022,12,2,9
2022-12-02 10:00:00,179.0,125.0,54.0,588.5,0.8,59,4.7,279,1029.4,100,0,90,100,0.0,3600.0,43.6591,-70.2568,2022,12,2,10
2022-12-02 11:00:00,251.0,133.0,118.0,417.0,2.0,49,2.5,278,1029.5,45,0,17,34,0.0,3600.0,43.6591,-70.2568,2022,12,2,11
2022-12-02 12:00:00,371.0,296.0,75.0,766.5,2.9,48,2.5,180,1029.0,28,0,23,7,0.0,3600.0,43.6591,-70.2568,2022,12,2,12
2022-12-02 13:00:00,404.0,336.0,68.0,820.6,3.4,48,5.3,152,1028.3,31,0,0,31,0.0,3600.0,43.6591,-70.2568,2022,12,2,13
2022-12-02 14:00:00,377.0,311.0,66.0,803.2,3.4,50,7.8,146,1027.9,46,0,0,46,0.0,3600.0,43.6591,-70.2568,2022,12,2,14
2022-12-02 15:00:00,300.0,239.0,61.0,744.7,3.1,54,9.8,152,1028.0,57,0,2,56,0.0,3600.0,43.6591,-70.2568,2022,12,2,15
2022-12-02 16:00:00,178.0,126.0,52.0,585.6,2.3,63,7.9,156,1028.1,37,0,0,37,0.0,3600.0,43.6591,-70.2568,2022,12,2,16
2022-12-02 17:00:00,51.0,32.0,19.0,345.4,0.9,70,9.4,176,1028.1,16,0,0,16,0.0,3590.29,43.6591,-70.2568,2022,12,2,17
2022-12-02 18:00:00,0.0,0.0,0.0,0.0,1.0,72,12.3,185,1028.3,24,0,0,24,0.0,0.0,43.6591,-70.2568,2022,12,2,18
2022-12-02 19:00:00,0.0,0.0,0.0,0.0,1.3,76,11.6,185,1028.3,7,0,0,7,0.0,0.0,43.6591,-70.2568,2022,12,2,19
2022-12-02 20:00:00,0.0,0.0,0.0,0.0,2.0,77,11.5,182,1028.4,7,0,0,0,0.0,0.0,43.6591,-70.2568,2022,12,2,20
2022-12-02 21:00:00,0.0,0.0,0.0,0.0,2.4,80,11.7,191,1028.2,14,0,14,0,0.0,0.0,43.6591,-70.2568,2022,12,2,21
2022-12-02 22:00:00,0.0,0.0,0.0,0.0,2.6,81,12.0,189,1027.7,69,0,5,68,0.0,0.0,43.6591,-70.2568,2022,12,2,22
2022-12-02 23:00:00,0.0,0.0,0.0,0.0,2.9,79,15.5,202,1027.1,97,0,17,96,0.0,0.0,43.6591,-70.2568,2022,12,2,23
2022-12-03 00:00:00,0.0,0.0,0.0,0.0,2.4,77,13.9,211,1026.8,14,0,0,14,0.0,0.0,43.6591,-70.2568,2022,12,3,0
2022-12-03 01:00:00,0.0,0.0,0.0,0.0,1.7,81,11.4,215,1026.1,4,0,0,4,0.0,0.0,43.6591,-70.2568,2022,12,3,1
2022-12-03 02:00:00,0.0,0.0,0.0,0.0,1.8,83,12.1,217,1025.4,93,13,31,88,0.0,0.0,43.6591,-70.2568,2022,12,3,2
2022-12-03 03:00:00,0.0,0.0,0.0,0.0,2.9,88,16.3,211,1025.0,100,0,77,100,0.0,0.0,43.6591,-70.2568,2022,12,3,3
2022-12-03 04:00:00,0.0,0.0,0.0,0.0,3.2,89,14.7,208,1023.9,100,0,95,92,0.0,0.0,43.6591,-70.2568,2022,12,3,4
2022-12-03 05:00:00,0.0,0.0,0.0,0.0,3.7,88,14.8,206,1022.6,100,0,100,100,0.0,0.0,43.6591,-70.2568,2022,12,3,5
2022-12-03 06:00:00,0.0,0.0,0.0,0.0,5.0,88,15.0,207,1022.3,100,4,88,97,0.0,0.0,43.6591,-70.2568,2022,12,3,6
2022-12-03 07:00:00,0.0,0.0,0.0,0.0,5.8,89,16.1,196,1020.8,100,36,100,97,0.0,0.0,43.6591,-70.2568,2022,12,3,7
2022-12-03 08:00:00,0.0,0.0,0.0,0.0,7.6,83,17.1,188,1019.3,100,1,100,100,0.0,0.0,43.6591,-70.2568,2022,12,3,8
2022-12-03 09:00:00,14.0,1.0,13.0,11.2,8.8,77,19.8,196,1018.1,100,100,100,100,0.0,0.0,43.6591,-70.2568,2022,12,3,9
2022-12-03 10:00:00,16.0,0.0,16.0,0.0,9.3,78,19.6,197,1017.1,100,100,100,100,0.0,0.0,43.6591,-70.2568,2022,12,3,10
2022-12-03 11:00:00,30.0,0.0,30.0,0.0,9.8,83,20.9,195,1015.4,100,100,100,100,0.0,0.0,43.6591,-70.2568,2022,12,3,11
2022-12-03 12:00:00,37.0,0.0,37.0,0.0,10.9,87,25.6,194,1013.0,100,96,100,100,0.4,0.0,43.6591,-70.2568,2022,12,3,12
2022-12-03 13:00:00,36.0,0.0,36.0,0.0,10.8,92,30.0,194,1010.9,100,100,100,100,0.7,0.0,43.6591,-70.2568,2022,12,3,13
2022-12-03 14:00:00,32.0,0.0,32.0,0.0,10.6,100,30.3,196,1008.9,100,100,100,100,0.9,0.0,43.6591,-70.2568,2022,12,3,14
2022-12-03 15:00:00,22.0,0.0,22.0,0.0,10.9,100,28.8,200,1007.8,100,100,100,100,2.1,0.0,43.6591,-70.2568,2022,12,3,15
2022-12-03 16:00:00,14.0,0.0,14.0,0.0,11.0,100,27.6,200,1006.8,100,98,100,100,2.0,0.0,43.6591,-70.2568,2022,12,3,16
2022-12-03 17:00:00,6.0,0.0,6.0,0.0,11.2,100,26.4,204,1006.3,100,100,100,23,1.2,0.0,43.6591,-70.2568,2022,12,3,17
2022-12-03 18:00:00,0.0,0.0,0.0,0.0,11.6,97,24.0,210,1005.6,100,100,55,0,0.2,0.0,43.6591,-70.2568,2022,12,3,18
2022-12-03 19:00:00,0.0,0.0,0.0,0.0,11.6,96,23.1,211,1004.8,100,100,11,0,0.0,0.0,43.6591,-70.2568,2022,12,3,19
2022-12-03 20:00:00,0.0,0.0,0.0,0.0,10.3,100,20.5,219,1004.4,79,14,49,34,0.1,0.0,43.6591,-70.2568,2022,12,3,20
2022-12-03 21:00:00,0.0,0.0,0.0,0.0,10.9,95,20.3,247,1004.8,22,5,18,0,0.3,0.0,43.6591,-70.2568,2022,12,3,21
2022-12-03 22:00:00,0.0,0.0,0.0,0.0,8.0,86,28.4,269,1006.1,39,20,24,0,0.0,0.0,43.6591,-70.2568,2022,12,3,22
2022-12-03 23:00:00,0.0,0.0,0.0,0.0,6.7,77,22.0,275,1007.1,2,2,0,0,0.0,0.0,43.6591,-70.2568,2022,12,3,23
2022-12-04 00:00:00,0.0,0.0,0.0,0.0,5.7,74,16.1,280,1008.2,2,2,0,0,0.0,0.0,43.6591,-70.2568,2022,12,4,0
2022-12-04 01:00:00,0.0,0.0,0.0,0.0,4.8,71,15.5,282,1008.8,4,4,0,0,0.0,0.0,43.6591,-70.2568,2022,12,4,1
2022-12-04 02:00:00,0.0,0.0,0.0,0.0,4.1,66,15.5,283,1009.7,14,14,0,0,0.0,0.0,43.6591,-70.2568,2022,12,4,2
2022-12-04 03:00:00,0.0,0.0,0.0,0.0,3.4,63,15.2,277,1010.6,14,14,0,0,0.0,0.0,43.6591,-70.2568,2022,12,4,3
2022-12-04 04:00:00,0.0,0.0,0.0,0.0,2.7,62,14.0,269,1011.4,37,18,0,23,0.0,0.0,43.6591,-70.2568,2022,12,4,4
2022-12-04 05:00:00,0.0,0.0,0.0,0.0,1.8,64,11.6,254,1011.9,90,0,0,90,0.0,0.0,43.6591,-70.2568,2022,12,4,5
2022-12-04 06:00:00,0.0,0.0,0.0,0.0,1.1,65,13.3,251,1012.6,1,1,0,0,0.0,0.0,43.6591,-70.2568,2022,12,4,6
2022-12-04 07:00:00,0.0,0.0,0.0,0.0,0.6,66,14.2,261,1013.7,6,4,2,0,0.0,0.0,43.6591,-70.2568,2022,12,4,7
2022-12-04 08:00:00,0.0,0.0,0.0,0.0,2.0,60,15.3,289,1014.6,1,1,0,0,0.0,0.0,43.6591,-70.2568,2022,12,4,8
2022-12-04 09:00:00,46.0,29.0,17.0,329.6,1.2,54,15.1,288,1015.6,0,0,0,0,0.0,3379.59,43.6591,-70.2568,2022,12,4,9
2022-12-04 10:00:00,180.0,135.0,45.0,653.2,1.5,43,16.3,292,1016.3,0,0,0,0,0.0,3600.0,43.6591,-70.2568,2022,12,4,10
2022-12-04 11:00:00,303.0,245.0,58.0,781.5,1.9,40,15.0,297,1016.5,0,0,0,0,0.0,3600.0,43.6591,-70.2568,2022,12,4,11
2022-12-04 12:00:00,385.0,322.0,63.0,844.8,2.1,39,15.3,300,1016.0,0,0,0,0,0.0,3600.0,43.6591,-70.2568,2022,12,4,12
2022-12-04 13:00:00,414.0,349.0,65.0,861.8,2.4,39,13.3,303,1015.6,0,0,0,0,0.0,3600.0,43.6591,-70.2568,2022,12,4,13
2022-12-04 14:00:00,387.0,324.0,63.0,845.1,2.5,38,12.4,296,1016.0,0,0,0,0,0.0,3600.0,43.6591,-70.2568,2022,12,4,14
2022-12-04 15:00:00,308.0,250.0,58.0,786.7,2.5,38,12.3,302,1016.3,23,0,0,23,0.0,3600.0,43.6591,-70.2568,2022,12,4,15
2022-12-04 16:00:00,188.0,141.0,47.0,662.8,2.1,40,10.7,320,1015.8,100,0,96,100,0.0,3600.0,43.6591,-70.2568,2022,12,4,16
2022-12-04 17:00:00,29.0,2.0,27.0,21.9,1.1,50,5.6,310,1016.2,100,0,100,100,0.0,0.0,43.6591,-70.2568,2022,12,4,17
2022-12-04 18:00:00,0.0,0.0,0.0,0.0,0.9,55,8.4,295,1017.3,100,0,100,100,0.0,0.0,43.6591,-70.2568,2022,12,4,18
2022-12-04 19:00:00,0.0,0.0,0.0,0.0,0.8,55,6.2,280,1017.9,100,0,100,100,0.0,0.0,43.6591,-70.2568,2022,12,4,19
2022-12-04 20:00:00,0.0,0.0,0.0,0.0,0.4,51,8.4,263,1018.3,0,0,0,0,0.0,0.0,43.6591,-70.2568,2022,12,4,20
2022-12-04 21:00:00,0.0,0.0,0.0,0.0,-1.0,59,5.4,262,1018.6,0,0,0,0,0.0,0.0,43.6591,-70.2568,2022,12,4,21
2022-12-04 22:00:00,0.0,0.0,0.0,0.0,-0.8,56,3.6,264,1018.4,0,0,0,0,0.0,0.0,43.6591,-70.2568,2022,12,4,22
2022-12-04 23:00:00,0.0,0.0,0.0,0.0,-2.5,73,5.0,240,1018.6,0,0,0,0,0.0,0.0,43.6591,-70.2568,2022,12,4,23
2022-12-05 00:00:00,0.0,0.0,0.0,0.0,-2.7,74,5.9,227,1018.3,46,0,0,46,0.0,0.0,43.6591,-70.2568,2022,12,5,0
2022-12-05 01:00:00,0.0,0.0,0.0,0.0,-2.1,70,5.1,225,1018.2,70,0,5,69,0.0,0.0,43.6591,-70.2568,2022,12,5,1
2022-12-05 02:00:00,0.0,0.0,0.0,0.0,-1.3,65,6.1,220,1018.3,74,0,0,74,0.0,0.0,43.6591,-70.2568,2022,12,5,2
2022-12-05 03:00:00,0.0,0.0,0.0,0.0,-1.2,66,7.1,225,1018.9,99,0,1,99,0.0,0.0,43.6591,-70.2568,2022,12,5,3
2022-12-05 04:00:00,0.0,0.0,0.0,0.0,-1.5,67,8.5,242,1019.0,90,0,1,90,0.0,0.0,43.6591,-70.2568,2022,12,5,4
2022-12-05 05:00:00,0.0,0.0,0.0,0.0,-1.5,67,9.2,228,1018.9,99,0,17,98,0.0,0.0,43.6591,-70.2568,2022,12,5,5
2022-12-05 06:00:00,0.0,0.0,0.0,0.0,-1.3,72,11.5,226,1018.9,63,0,26,51,0.0,0.0,43.6591,-70.2568,2022,12,5,6
2022-12-05 07:00:00,0.0,0.0,0.0,0.0,-1.2,75,12.0,229,1019.4,18,0,13,5,0.0,0.0,43.6591,-70.2568,2022,12,5,7
2022-12-05 08:00:00,0.0,0.0,0.0,0.0,-1.8,72,12.5,237,1020.3,4,0,0,0,0.0,0.0,43.6591,-70.2568,2022,12,5,8
2022-12-05 09:00:00,44.0,27.0,17.0,312.0,-1.2,67,13.2,227,1020.8,0,0,0,0,0.0,3317.78,43.6591,-70.2568,2022,12,5,9
2022-12-05 10:00:00,173.0,128.0,45.0,627.6,1.2,56,12.2,223,1021.2,0,0,0,0,0.0,3600.0,43.6591,-70.2568,2022,12,5,10
2022-12-05 11:00:00,293.0,236.0,57.0,759.0,3.6,50,12.4,216,1021.5,0,0,0,0,0.0,3600.0,43.6591,-70.2568,2022,12,5,11
2022-12-05 12:00:00,374.0,310.0,64.0,818.3,5.4,49,15.8,201,1021.1,0,0,0,0,0.0,3600.0,43.6591,-70.2568,2022,12,5,12
2022-12-05 13:00:00,403.0,338.0,65.0,838.9,6.4,47,18.8,200,1020.5,7,0,0,7,0.0,3600.0,43.6591,-70.2568,2022,12,5,13
2022-12-05 14:00:00,377.0,314.0,63.0,822.8,6.8,50,18.9,194,1020.4,43,0,0,43,0.0,3600.0,43.6591,-70.2568,2022,12,5,14
2022-12-05 15:00:00,299.0,241.0,58.0,761.6,6.6,55,20.4,189,1020.4,52,0,0,52,0.0,3600.0,43.6591,-70.2568,2022,12,5,15
2022-12-05 16:00:00,182.0,135.0,47.0,637.7,5.9,62,19.4,191,1020.6,38,0,0,38,0.0,3600.0,43.6591,-70.2568,2022,12,5,16
2022-12-05 17:00:00,50.0,31.0,19.0,340.5,4.5,78,17.2,196,1021.3,100,0,0,100,0.0,3544.3,43.6591,-70.2568,2022,12,5,17
2022-12-05 18:00:00,0.0,0.0,0.0,0.0,4.3,79,16.0,194,1021.8,100,0,0,100,0.0,0.0,43.6591,-70.2568,2022,12,5,18
2022-12-05 19:00:00,0.0,0.0,0.0,0.0,4.0,77,14.1,199,1022.4,100,0,0,100,0.0,0.0,43.6591,-70.2568,2022,12,5,19
2022-12-05 20:00:00,0.0,0.0,0.0,0.0,4.6,78,14.4,193,1023.2,100,0,65,79,0.0,0.0,43.6591,-70.2568,2022,12,5,20
2022-12-05 21:00:00,0.0,0.0,0.0,0.0,4.4,76,12.1,207,1023.8,78,0,9,76,0.0,0.0,43.6591,-70.2568,2022,12,5,21
2022-12-05 22:00:00,0.0,0.0,0.0,0.0,3.6,80,12.7,227,1024.7,100,0,0,100,0.0,0.0,43.6591,-70.2568,2022,12,5,22
2022-12-05 23:00:00,0.0,0.0,0.0,0.0,2.8,84,11.0,229,1024.8,59,0,0,59,0.0,0.0,43.6591,-70.2568,2022,12,5,23
2022-12-06 00:00:00,0.0,0.0,0.0,0.0,2.5,87,12.5,221,1024.9,82,0,0,82,0.0,0.0,43.6591,-70.2568,2022,12,6,0
2022-12-06 01:00:00,0.0,0.0,0.0,0.0,2.3,88,9.8,234,1025.1,94,1,0,94,0.0,0.0,43.6591,-70.2568,2022,12,6,1
2022-12-06 02:00:00,0.0,0.0,0.0,0.0,1.8,86,6.0,245,1025.4,100,3,0,100,0.0,0.0,43.6591,-70.2568,2022,12,6,2
2022-12-06 03:00:00,0.0,0.0,0.0,0.0,2.3,83,5.8,248,1026.1,100,27,12,100,0.0,0.0,43.6591,-70.2568,2022,12,6,3
2022-12-06 04:00:00,0.0,0.0,0.0,0.0,3.1,83,6.2,234,1026.3,100,40,58,100,0.0,0.0,43.6591,-70.2568,2022,12,6,4
2022-12-06 05:00:00,0.0,0.0,0.0,0.0,3.9,84,6.3,211,1026.5,100,28,40,100,0.0,0.0,43.6591,-70.2568,2022,12,6,5
2022-12-06 06:00:00,0.0,0.0,0.0,0.0,5.3,87,12.6,177,1026.6,100,26,36,100,0.0,0.0,43.6591,-70.2568,2022,12,6,6
2022-12-06 07:00:00,0.0,0.0,0.0,0.0,6.4,90,14.9,160,1026.7,100,14,33,100,0.0,0.0,43.6591,-70.2568,2022,12,6,7
2022-12-06 08:00:00,0.0,0.0,0.0,0.0,6.1,92,13.7,157,1027.2,100,0,40,100,0.0,0.0,43.6591,-70.2568,2022,12,6,8
2022-12-06 09:00:00,33.0,7.0,26.0,82.2,7.0,89,14.0,154,1027.7,100,0,8,100,0.0,1092.31,43.6591,-70.2568,2022,12,6,9
2022-12-06 10:00:00,141.0,64.0,77.0,317.8,8.7,84,15.8,150,1028.3,100,45,0,100,0.0,3600.0,43.6591,-70.2568,2022,12,6,10
2022-12-06 11:00:00,216.0,93.0,123.0,301.4,9.4,82,16.4,147,1028.6,100,13,19,100,0.0,3600.0,43.6591,-70.2568,2022,12,6,11
2022-12-06 12:00:00,267.0,94.0,173.0,249.6,9.6,79,16.9,146,1028.1,100,31,20,100,0.0,3600.0,43.6591,-70.2568,2022,12,6,12
2022-12-06 13:00:00,313.0,154.0,159.0,384.0,9.9,78,16.3,145,1027.7,100,32,0,100,0.0,3600.0,43.6591,-70.2568,2022,12,6,13
2022-12-06 14:00:00,254.0,80.0,174.0,210.5,9.7,80,15.1,147,1027.5,94,9,2,93,0.0,3600.0,43.6591,-70.2568,2022,12,6,14
2022-12-06 15:00:00,206.0,72.0,134.0,228.4,9.5,83,13.2,145,1027.6,100,7,10,100,0.0,3600.0,43.6591,-70.2568,2022,12,6,15
2022-12-06 16:00:00,118.0,29.0,89.0,137.6,9.0,87,14.0,134,1027.5,100,0,100,100,0.0,2327.45,43.6591,-70.2568,2022,12,6,16
2022-12-06 17:00:00,14.0,0.0,14.0,0.0,8.3,91,13.5,138,1027.7,100,5,100,100,0.0,0.0,43.6591,-70.2568,2022,12,6,17
2022-12-06 18:00:00,0.0,0.0,0.0,0.0,8.4,92,15.0,134,1027.7,100,0,100,99,0.0,0.0,43.6591,-70.2568,2022,12,6,18
2022-12-06 19:00:00,0.0,0.0,0.0,0.0,8.5,92,16.8,135,1027.7,100,0,100,61,0.0,0.0,43.6591,-70.2568,2022,12,6,19
2022-12-06 20:00:00,0.0,0.0,0.0,0.0,8.3,92,17.6,118,1027.7,100,0,100,97,0.0,0.0,43.6591,-70.2568,2022,12,6,20
2022-12-06 21:00:00,0.0,0.0,0.0,0.0,8.3,90,17.4,124,1027.6,100,0,100,96,0.0,0.0,43.6591,-70.2568,2022,12,6,21
2022-12-06 22:00:00,0.0,0.0,0.0,0.0,8.2,89,15.9,129,1027.7,100,0,100,100,0.0,0.0,43.6591,-70.2568,2022,12,6,22
2022-12-06 23:00:00,0.0,0.0,0.0,0.0,8.0,91,15.3,133,1027.5,100,3,100,100,0.3,0.0,43.6591,-70.2568,2022,12,6,23
2022-12-07 00:00:00,0.0,0.0,0.0,0.0,7.3,100,15.8,133,1026.9,100,49,100,100,2.4,0.0,43.6591,-70.2568,2022,12,7,0
2022-12-07 01:00:00,0.0,0.0,0.0,0.0,7.7,95,16.4,130,1026.5,100,5,100,100,0.1,0.0,43.6591,-70.2568,2022,12,7,1
2022-12-07 02:00:00,0.0,0.0,0.0,0.0,7.7,95,15.6,130,1026.1,100,14,100,100,0.0,0.0,43.6591,-70.2568,2022,12,7,2
2022-12-07 03:00:00,0.0,0.0,0.0,0.0,7.3,100,15.1,128,1026.0,100,23,100,100,0.4,0.0,43.6591,-70.2568,2022,12,7,3
2022-12-07 04:00:00,0.0,0.0,0.0,0.0,7.4,100,17.4,130,1025.1,100,100,100,100,3.9,0.0,43.6591,-70.2568,2022,12,7,4
2022-12-07 05:00:00,0.0,0.0,0.0,0.0,7.7,100,19.1,126,1024.5,100,58,100,100,1.3,0.0,43.6591,-70.2568,2022,12,7,5
2022-12-07 06:00:00,0.0,0.0,0.0,0.0,8.0,100,18.7,128,1023.8,100,100,100,100,1.1,0.0,43.6591,-70.2568,2022,12,7,6
2022-12-07 07:00:00,0.0,0.0,0.0,0.0,8.3,100,20.7,130,1023.4,100,100,100,100,2.5,0.0,43.6591,-70.2568,2022,12,7,7
2022-12-07 08:00:00,0.0,0.0,0.0,0.0,7.7,100,15.0,132,1023.3,100,100,100,88,2.2,0.0,43.6591,-70.2568,2022,12,7,8
2022-12-07 09:00:00,3.0,0.0,3.0,0.0,8.6,100,16.8,135,1022.7,100,100,100,95,1.5,0.0,43.6591,-70.2568,2022,12,7,9
2022-12-07 10:00:00,12.0,0.0,12.0,0.0,9.0,100,16.9,146,1022.1,100,100,100,0,1.3,0.0,43.6591,-70.2568,2022,12,7,10
2022-12-07 11:00:00,29.0,0.0,29.0,0.0,9.4,100,15.9,155,1021.6,100,100,100,96,0.9,0.0,43.6591,-70.2568,2022,12,7,11
2022-12-07 12:00:00,32.0,0.0,32.0,0.0,9.7,100,17.2,169,1020.2,100,100,100,99,0.4,0.0,43.6591,-70.2568,2022,12,7,12
2022-12-07 13:00:00,40.0,0.0,40.0,0.0,9.9,100,17.7,176,1019.1,100,100,100,100,0.4,0.0,43.6591,-70.2568,2022,12,7,13
2022-12-07 14:00:00,30.0,0.0,30.0,0.0,10.3,97,18.4,183,1018.2,100,100,99,97,1.4,0.0,43.6591,-70.2568,2022,12,7,14
2022-12-07 15:00:00,29.0,0.0,29.0,0.0,10.5,97,17.8,187,1017.1,100,100,54,100,0.8,0.0,43.6591,-70.2568,2022,12,7,15
2022-12-07 16:00:00,21.0,0.0,21.0,0.0,10.1,100,16.3,188,1016.3,100,100,95,100,0.5,0.0,43.6591,-70.2568,2022,12,7,16
2022-12-07 17:00:00,10.0,0.0,10.0,0.0,10.2,100,16.6,185,1015.4,100,100,100,100,1.3,0.0,43.6591,-70.2568,2022,12,7,17
2022-12-07 18:00:00,0.0,0.0,0.0,0.0,10.5,100,15.9,193,1014.8,100,100,42,92,0.5,0.0,43.6591,-70.2568,2022,12,7,18
2022-12-07 19:00:00,0.0,0.0,0.0,0.0,10.8,98,13.8,195,1014.0,100,100,18,13,0.1,0.0,43.6591,-70.2568,2022,12,7,19
2022-12-07 20:00:00,0.0,0.0,0.0,0.0,10.1,100,10.5,184,1013.2,100,100,12,7,0.0,0.0,43.6591,-70.2568,2022,12,7,20
2022-12-07 21:00:00,0.0,0.0,0.0,0.0,10.8,100,10.9,214,1012.6,100,100,24,66,0.0,0.0,43.6591,-70.2568,2022,12,7,21
2022-12-07 22:00:00,0.0,0.0,0.0,0.0,11.1,100,9.4,247,1012.3,100,100,62,70,1.5,0.0,43.6591,-70.2568,2022,12,7,22
2022-12-07 23:00:00,0.0,0.0,0.0,0.0,10.8,100,6.0,295,1011.8,100,100,71,2,4.4,0.0,43.6591,-70.2568,2022,12,7,23
2022-12-08 00:00:00,0.0,0.0,0.0,0.0,10.3,99,7.4,337,1011.5,100,100,3,0,0.0,0.0,43.6591,-70.2568,2022,12,8,0
2022-12-08 01:00:00,0.0,0.0,0.0,0.0,9.4,98,10.5,322,1011.4,33,33,0,0,0.0,0.0,43.6591,-70.2568,2022,12,8,1
2022-12-08 02:00:00,0.0,0.0,0.0,0.0,8.1,97,13.1,323,1012.0,3,3,0,0,0.0,0.0,43.6591,-70.2568,2022,12,8,2
2022-12-08 03:00:00,0.0,0.0,0.0,0.0,7.7,96,16.9,331,1012.9,62,62,0,0,0.0,0.0,43.6591,-70.2568,2022,12,8,3
2022-12-08 04:00:00,0.0,0.0,0.0,0.0,7.5,95,18.2,322,1013.2,60,60,0,0,0.0,0.0,43.6591,-70.2568,2022,12,8,4
2022-12-08 05:00:00,0.0,0.0,0.0,0.0,7.3,93,18.6,319,1013.4,82,82,0,0,0.0,0.0,43.6591,-70.2568,2022,12,8,5
2022-12-08 06:00:00,0.0,0.0,0.0,0.0,7.0,91,19.6,316,1013.7,99,99,0,0,0.0,0.0,43.6591,-70.2568,2022,12,8,6
2022-12-08 07:00:00,0.0,0.0,0.0,0.0,6.9,88,19.4,313,1014.3,98,98,0,0,0.0,0.0,43.6591,-70.2568,2022,12,8,7
2022-12-08 08:00:00,0.0,0.0,0.0,0.0,8.0,73,20.6,314,1014.7,2,70,0,0,0.0,0.0,43.6591,-70.2568,2022,12,8,8
2022-12-08 09:00:00,33.0,16.0,17.0,193.9,7.8,72,19.6,319,1015.4,17,17,0,0,0.0,3144.94,43.6591,-70.2568,2022,12,8,9
2022-12-08 10:00:00,135.0,76.0,59.0,386.7,8.1,67,21.5,322,1015.8,7,7,0,0,0.0,3600.0,43.6591,-70.2568,2022,12,8,10
2022-12-08 11:00:00,278.0,218.0,60.0,717.1,8.5,61,21.2,320,1016.0,12,12,0,0,0.0,3600.0,43.6591,-70.2568,2022,12,8,11
2022-12-08 12:00:00,352.0,277.0,75.0,743.5,8.8,58,19.5,321,1015.5,21,21,0,0,0.0,3600.0,43.6591,-70.2568,2022,12,8,12
2022-12-08 13:00:00,383.0,309.0,74.0,777.3,8.7,57,18.6,324,1015.5,6,6,0,0,0.0,3600.0,43.6591,-70.2568,2022,12,8,13
2022-12-08 14:00:00,364.0,299.0,65.0,792.6,8.6,55,17.9,326,1015.8,3,3,0,0,0.0,3600.0,43.6591,-70.2568,2022,12,8,14
2022-12-08 15:00:00,288.0,226.0,62.0,721.9,8.0,56,17.1,330,1016.3,2,2,0,0,0.0,3600.0,43.6591,-70.2568,2022,12,8,15
2022-12-08 16:00:00,176.0,128.0,48.0,611.4,7.2,57,16.6,333,1016.8,5,5,0,0,0.0,3600.0,43.6591,-70.2568,2022,12,8,16
2022-12-08 17:00:00,48.0,30.0,18.0,333.3,5.7,61,16.1,333,1017.4,9,9,0,0,0.0,3521.04,43.6591,-70.2568,2022,12,8,17
2022-12-08 18:00:00,0.0,0.0,0.0,0.0,4.8,63,16.3,332,1017.8,0,0,0,0,0.0,0.0,43.6591,-70.2568,2022,12,8,18
2022-12-08 19:00:00,0.0,0.0,0.0,0.0,4.3,62,16.4,331,1017.9,0,0,0,0,0.0,0.0,43.6591,-70.2568,2022,12,8,19
2022-12-08 20:00:00,0.0,0.0,0.0,0.0,3.6,65,19.5,332,1018.6,0,0,0,0,0.0,0.0,43.6591,-70.2568,2022,12,8,20
2022-12-08 21:00:00,0.0,0.0,0.0,0.0,2.4,65,18.7,335,1018.6,0,0,0,0,0.0,0.0,43.6591,-70.2568,2022,12,8,21
2022-12-08 22:00:00,0.0,0.0,0.0,0.0,1.7,64,17.9,335,1018.9,0,0,0,0,0.0,0.0,43.6591,-70.2568,2022,12,8,22
2022-12-08 23:00:00,0.0,0.0,0.0,0.0,1.0,64,15.8,336,1019.4,0,0,0,0,0.0,0.0,43.6591,-70.2568,2022,12,8,23
2022-12-09 00:00:00,0.0,0.0,0.0,0.0,0.6,63,16.6,336,1019.6,0,0,0,0,0.0,0.0,43.6591,-70.2568,2022,12,9,0
2022-12-09 01:00:00,0.0,0.0,0.0,0.0,0.2,62,17.7,333,1019.4,0,0,0,0,0.0,0.0,43.6591,-70.2568,2022,12,9,1
2022-12-09 02:00:00,0.0,0.0,0.0,0.0,0.0,59,17.6,337,1019.4,0,0,0,0,0.0,0.0,43.6591,-70.2568,2022,12,9,2
2022-12-09 03:00:00,0.0,0.0,0.0,0.0,-0.3,54,16.4,341,1019.6,0,0,0,0,0.0,0.0,43.6591,-70.2568,2022,12,9,3
2022-12-09 04:00:00,0.0,0.0,0.0,0.0,-0.6,49,14.8,347,1019.7,0,0,0,0,0.0,0.0,43.6591,-70.2568,2022,12,9,4
2022-12-09 05:00:00,0.0,0.0,0.0,0.0,-1.1,46,13.4,354,1019.9,0,0,0,0,0.0,0.0,43.6591,-70.2568,2022,12,9,5
2022-12-09 06:00:00,0.0,0.0,0.0,0.0,-1.7,45,13.5,351,1019.9,0,0,0,0,0.0,0.0,43.6591,-70.2568,2022,12,9,6
2022-12-09 07:00:00,0.0,0.0,0.0,0.0,-2.1,43,14.6,344,1020.2,0,0,0,0,0.0,0.0,43.6591,-70.2568,2022,12,9,7
2022-12-09 08:00:00,0.0,0.0,0.0,0.0,-0.6,41,16.6,338,1020.1,0,0,0,0,0.0,0.0,43.6591,-70.2568,2022,12,9,8
2022-12-09 09:00:00,41.0,26.0,15.0,319.9,-0.4,41,16.5,344,1020.5,0,0,0,0,0.0,3091.78,43.6591,-70.2568,2022,12,9,9
2022-12-09 10:00:00,175.0,132.0,43.0,679.5,0.9,41,14.9,345,1020.8,0,0,0,0,0.0,3600.0,43.6591,-70.2568,2022,12,9,10
2022-12-09 11:00:00,300.0,244.0,56.0,808.2,2.1,38,17.2,344,1020.8,0,0,0,0,0.0,3600.0,43.6591,-70.2568,2022,12,9,11
2022-12-09 12:00:00,382.0,321.0,61.0,865.9,3.4,34,19.1,348,1020.3,0,0,0,0,0.0,3600.0,43.6591,-70.2568,2022,12,9,12
2022-12-09 13:00:00,413.0,350.0,63.0,883.8,4.5,33,18.6,345,1020.0,0,0,0,0,0.0,3600.0,43.6591,-70.2568,2022,12,9,13
2022-12-09 14:00:00,388.0,326.0,62.0,866.9,5.1,32,18.7,344,1019.8,0,0,0,0,0.0,3600.0,43.6591,-70.2568,2022,12,9,14
2022-12-09 15:00:00,309.0,253.0,56.0,810.4,5.2,32,18.0,344,1019.9,0,0,0,0,0.0,3600.0,43.6591,-70.2568,2022,12,9,15
2022-12-09 16:00:00,188.0,143.0,45.0,684.8,4.9,33,18.7,349,1020.2,0,0,0,0,0.0,3600.0,43.6591,-70.2568,2022,12,9,16
2022-12-09 17:00:00,52.0,34.0,18.0,378.6,3.7,30,17.7,355,1020.4,0,0,0,0,0.0,3518.64,43.6591,-70.2568,2022,12,9,17
2022-12-09 18:00:00,0.0,0.0,0.0,0.0,2.8,28,18.0,360,1021.2,0,0,0,0,0.0,0.0,43.6591,-70.2568,2022,12,9,18
2022-12-09 19:00:00,0.0,0.0,0.0,0.0,2.2,27,19.5,5,1021.7,0,0,0,0,0.0,0.0,43.6591,-70.2568,2022,12,9,19
2022-12-09 20:00:00,0.0,0.0,0.0,0.0,2.1,36,19.8,357,1021.7,0,0,0,0,0.0,0.0,43.6591,-70.2568,2022,12,9,20
2022-12-09 21:00:00,0.0,0.0,0.0,0.0,1.4,36,22.7,360,1021.9,0,0,0,0,0.0,0.0,43.6591,-70.2568,2022,12,9,21
2022-12-09 22:00:00,0.0,0.0,0.0,0.0,0.7,41,22.4,5,1022.4,0,0,0,0,0.0,0.0,43.6591,-70.2568,2022,12,9,22
2022-12-09 23:00:00,0.0,0.0,0.0,0.0,-0.1,44,21.5,9,1023.1,0,0,0,0,0.0,0.0,43.6591,-70.2568,2022,12,9,23
2022-12-10 00:00:00,0.0,0.0,0.0,0.0,-1.0,42,22.0,10,1023.9,0,0,0,0,0.0,0.0,43.6591,-70.2568,2022,12,10,0
2022-12-10 01:00:00,0.0,0.0,0.0,0.0,-2.1,39,22.3,9,1024.3,0,0,0,0,0.0,0.0,43.6591,-70.2568,2022,12,10,1
2022-12-10 02:00:00,0.0,0.0,0.0,0.0,-3.1,41,21.0,7,1025.1,0,0,0,0,0.0,0.0,43.6591,-70.2568,2022,12,10,2
2022-12-10 03:00:00,0.0,0.0,0.0,0.0,-3.9,44,20.3,7,1026.0,0,0,0,0,0.0,0.0,43.6591,-70.2568,2022,12,10,3
2022-12-10 04:00:00,0.0,0.0,0.0,0.0,-4.4,46,20.0,7,1026.5,0,0,0,0,0.0,0.0,43.6591,-70.2568,2022,12,10,4
2022-12-10 05:00:00,0.0,0.0,0.0,0.0,-4.6,48,19.9,5,1026.5,38,38,0,0,0.0,0.0,43.6591,-70.2568,2022,12,10,5
2022-12-10 06:00:00,0.0,0.0,0.0,0.0,-4.6,47,19.6,6,1026.9,100,100,0,0,0.0,0.0,43.6591,-70.2568,2022,12,10,6
2022-12-10 07:00:00,0.0,0.0,0.0,0.0,-4.4,46,18.4,1,1027.2,100,100,0,0,0.0,0.0,43.6591,-70.2568,2022,12,10,7
2022-12-10 08:00:00,0.0,0.0,0.0,0.0,-4.6,48,17.7,356,1027.1,100,100,0,0,0.0,0.0,43.6591,-70.2568,2022,12,10,8
2022-12-10 09:00:00,11.0,0.0,11.0,0.0,-4.5,49,17.3,359,1027.7,100,100,0,0,0.0,0.0,43.6591,-70.2568,2022,12,10,9
2022-12-10 10:00:00,53.0,1.0,52.0,5.2,-4.1,50,16.9,1,1028.3,100,100,0,0,0.0,0.0,43.6591,-70.2568,2022,12,10,10
2022-12-10 11:00:00,130.0,14.0,116.0,46.7,-3.3,49,16.2,1,1028.8,100,100,0,0,0.0,0.0,43.6591,-70.2568,2022,12,10,11
2022-12-10 12:00:00,167.0,34.0,133.0,92.1,-2.7,48,15.5,3,1028.5,100,100,0,0,0.0,964.3,43.6591,-70.2568,2022,12,10,12
2022-12-10 13:00:00,183.0,27.0,156.0,68.4,-2.1,46,14.0,1,1028.1,100,100,0,0,0.0,252.77,43.6591,-70.2568,2022,12,10,13
2022-12-10 14:00:00,182.0,32.0,150.0,85.3,-1.3,44,13.3,2,1027.6,98,98,0,0,0.0,760.19,43.6591,-70.2568,2022,12,10,14
2022-12-10 15:00:00,168.0,53.0,115.0,170.2,-0.7,41,13.4,6,1027.1,79,79,0,0,0.0,3304.7,43.6591,-70.2568,2022,12,10,15
2022-12-10 16:00:00,118.0,39.0,79.0,187.1,-0.4,40,13.2,11,1026.9,88,88,0,0,0.0,3600.0,43.6591,-70.2568,2022,12,10,16
2022-12-10 17:00:00,40.0,16.0,24.0,178.4,-1.4,42,14.1,15,1027.1,0,0,0,0,0.0,3519.26,43.6591,-70.2568,2022,12,10,17
2022-12-10 18:00:00,0.0,0.0,0.0,0.0,-2.4,41,16.1,20,1027.6,0,0,0,0,0.0,0.0,43.6591,-70.2568,2022,12,10,18
2022-12-10 19:00:00,0.0,0.0,0.0,0.0,-3.1,42,16.1,20,1028.4,0,0,0,0,0.0,0.0,43.6591,-70.2568,2022,12,10,19
2022-12-10 20:00:00,0.0,0.0,0.0,0.0,-2.8,45,14.9,20,1029.5,0,24,0,0,0.0,0.0,43.6591,-70.2568,2022,12,10,20
2022-12-10 21:00:00,0.0,0.0,0.0,0.0,-4.1,49,15.1,18,1030.0,8,8,0,0,0.0,0.0,43.6591,-70.2568,2022,12,10,21
2022-12-10 22:00:00,0.0,0.0,0.0,0.0,-5.0,50,17.4,27,1029.4,2,2,0,0,0.0,0.0,43.6591,-70.2568,2022,12,10,22
2022-12-10 23:00:00,0.0,0.0,0.0,0.0,-5.7,50,17.4,27,1028.4,0,0,0,0,0.0,0.0,43.6591,-70.2568,2022,12,10,23
2022-12-11 00:00:00,0.0,0.0,0.0,0.0,-6.1,51,15.1,18,1028.4,0,0,0,0,0.0,0.0,43.6591,-70.2568,2022,12,11,0
2022-12-11 01:00:00,0.0,0.0,0.0,0.0,-6.5,51,13.7,5,1028.7,0,0,0,0,0.0,0.0,43.6591,-70.2568,2022,12,11,1
2022-12-11 02:00:00,0.0,0.0,0.0,0.0,-6.7,51,14.0,1,1028.9,0,0,0,0,0.0,0.0,43.6591,-70.2568,2022,12,11,2
2022-12-11 03:00:00,0.0,0.0,0.0,0.0,-6.9,52,15.5,12,1028.8,25,0,0,25,0.0,0.0,43.6591,-70.2568,2022,12,11,3
2022-12-11 04:00:00,0.0,0.0,0.0,0.0,-7.0,54,15.5,18,1027.9,100,0,0,100,0.0,0.0,43.6591,-70.2568,2022,12,11,4
2022-12-11 05:00:00,0.0,0.0,0.0,0.0,-7.0,56,13.2,11,1027.7,100,0,0,100,0.0,0.0,43.6591,-70.2568,2022,12,11,5
2022-12-11 06:00:00,0.0,0.0,0.0,0.0,-7.2,57,13.1,8,1027.4,100,0,0,100,0.0,0.0,43.6591,-70.2568,2022,12,11,6
2022-12-11 07:00:00,0.0,0.0,0.0,0.0,-7.4,57,11.9,2,1027.4,100,0,0,100,0.0,0.0,43.6591,-70.2568,2022,12,11,7
2022-12-11 08:00:00,0.0,0.0,0.0,0.0,-8.4,66,12.6,5,1027.8,100,2,0,100,0.0,0.0,43.6591,-70.2568,2022,12,11,8
2022-12-11 09:00:00,27.0,4.0,23.0,50.7,-8.0,65,12.4,10,1027.5,100,1,0,100,0.0,68.84,43.6591,-70.2568,2022,12,11,9
2022-12-11 10:00:00,128.0,46.0,82.0,242.1,-7.1,58,10.9,9,1027.4,100,0,0,100,0.0,3600.0,43.6591,-70.2568,2022,12,11,10
2022-12-11 11:00:00,205.0,78.0,127.0,261.7,-6.1,51,9.1,9,1027.0,100,14,1,100,0.0,3600.0,43.6591,-70.2568,2022,12,11,11
2022-12-11 12:00:00,238.0,60.0,178.0,163.3,-5.2,45,9.1,18,1025.6,100,10,5,100,0.0,3099.87,43.6591,-70.2568,2022,12,11,12
2022-12-11 13:00:00,256.0,73.0,183.0,185.6,-4.4,41,6.8,18,1024.5,100,37,100,100,0.0,3600.0,43.6591,-70.2568,2022,12,11,13
2022-12-11 14:00:00,190.0,23.0,167.0,61.5,-4.1,41,6.1,40,1023.3,100,65,100,100,0.0,44.85,43.6591,-70.2568,2022,12,11,14
2022-12-11 15:00:00,143.0,9.0,134.0,29.0,-4.0,43,7.4,51,1022.2,100,3,100,79,0.0,0.0,43.6591,-70.2568,2022,12,11,15
2022-12-11 16:00:00,96.0,16.0,80.0,76.9,-4.1,46,6.5,56,1021.8,100,29,100,61,0.0,505.83,43.6591,-70.2568,2022,12,11,16
2022-12-11 17:00:00,29.0,2.0,27.0,22.3,-4.4,49,4.6,39,1021.7,100,97,100,28,0.0,0.0,43.6591,-70.2568,2022,12,11,17
2022-12-11 18:00:00,0.0,0.0,0.0,0.0,-4.4,47,5.9,14,1021.4,100,100,100,100,0.0,0.0,43.6591,-70.2568,2022,12,11,18
2022-12-11 19:00:00,0.0,0.0,0.0,0.0,-4.5,46,7.3,11,1021.0,100,100,100,100,0.0,0.0,43.6591,-70.2568,2022,12,11,19
2022-12-11 20:00:00,0.0,0.0,0.0,0.0,-5.4,53,8.3,360,1020.8,100,24,100,100,0.1,0.0,43.6591,-70.2568,2022,12,11,20
2022-12-11 21:00:00,0.0,0.0,0.0,0.0,-5.6,56,9.1,353,1020.4,100,15,100,78,0.2,0.0,43.6591,-70.2568,2022,12,11,21
2022-12-11 22:00:00,0.0,0.0,0.0,0.0,-5.6,58,9.1,353,1019.8,100,45,100,100,0.3,0.0,43.6591,-70.2568,2022,12,11,22
2022-12-11 23:00:00,0.0,0.0,0.0,0.0,-5.6,61,10.1,356,1019.2,100,100,100,99,0.2,0.0,43.6591,-70.2568,2022,12,11,23
2022-12-12 00:00:00,0.0,0.0,0.0,0.0,-5.4,61,10.8,358,1018.8,100,100,100,100,0.2,0.0,43.6591,-70.2568,2022,12,12,0
2022-12-12 01:00:00,0.0,0.0,0.0,0.0,-5.4,63,11.5,356,1018.5,100,27,100,100,0.2,0.0,43.6591,-70.2568,2022,12,12,1
2022-12-12 02:00:00,0.0,0.0,0.0,0.0,-5.5,63,11.5,356,1018.4,100,98,100,100,0.2,0.0,43.6591,-70.2568,2022,12,12,2
2022-12-12 03:00:00,0.0,0.0,0.0,0.0,-5.4,60,11.2,354,1018.6,100,100,100,91,0.1,0.0,43.6591,-70.2568,2022,12,12,3
2022-12-12 04:00:00,0.0,0.0,0.0,0.0,-5.4,53,12.2,2,1018.1,100,98,99,22,0.0,0.0,43.6591,-70.2568,2022,12,12,4
2022-12-12 05:00:00,0.0,0.0,0.0,0.0,-5.6,49,14.5,6,1017.8,100,0,100,0,0.0,0.0,43.6591,-70.2568,2022,12,12,5
2022-12-12 06:00:00,0.0,0.0,0.0,0.0,-5.8,46,15.5,1,1017.8,85,1,85,0,0.0,0.0,43.6591,-70.2568,2022,12,12,6
2022-12-12 07:00:00,0.0,0.0,0.0,0.0,-6.6,48,15.5,357,1017.9,64,13,62,0,0.0,0.0,43.6591,-70.2568,2022,12,12,7
2022-12-12 08:00:00,0.0,0.0,0.0,0.0,-6.9,56,15.9,6,1018.2,21,0,90,5,0.0,0.0,43.6591,-70.2568,2022,12,12,8
2022-12-12 09:00:00,29.0,10.0,19.0,128.5,-6.5,56,13.0,3,1018.5,89,0,89,0,0.0,2441.47,43.6591,-70.2568,2022,12,12,9
2022-12-12 10:00:00,157.0,106.0,51.0,564.0,-5.6,50,14.4,360,1019.0,0,0,0,0,0.0,3600.0,43.6591,-70.2568,2022,12,12,10
2022-12-12 11:00:00,291.0,233.0,58.0,786.6,-4.2,41,14.4,357,1019.1,0,0,0,0,0.0,3600.0,43.6591,-70.2568,2022,12,12,11
2022-12-12 12:00:00,373.0,308.0,65.0,841.9,-2.7,30,16.9,358,1018.7,0,0,0,0,0.0,3600.0,43.6591,-70.2568,2022,12,12,12
2022-12-12 13:00:00,408.0,341.0,67.0,869.7,-1.7,26,15.9,357,1017.8,0,0,0,0,0.0,3600.0,43.6591,-70.2568,2022,12,12,13
2022-12-12 14:00:00,384.0,319.0,65.0,854.8,-0.7,28,14.4,356,1017.3,0,0,0,0,0.0,3600.0,43.6591,-70.2568,2022,12,12,14
2022-12-12 15:00:00,309.0,250.0,59.0,805.4,-0.0,26,14.6,350,1017.4,0,0,0,0,0.0,3600.0,43.6591,-70.2568,2022,12,12,15
2022-12-12 16:00:00,189.0,143.0,46.0,687.4,0.0,27,10.7,346,1017.3,0,0,0,0,0.0,3600.0,43.6591,-70.2568,2022,12,12,16
2022-12-12 17:00:00,53.0,35.0,18.0,390.6,-1.9,35,7.3,340,1017.5,0,0,0,0,0.0,3529.24,43.6591,-70.2568,2022,12,12,17
2022-12-12 18:00:00,0.0,0.0,0.0,0.0,-2.4,40,7.6,335,1017.6,0,0,0,0,0.0,0.0,43.6591,-70.2568,2022,12,12,18
2022-12-12 19:00:00,0.0,0.0,0.0,0.0,-2.3,40,13.5,335,1018.0,0,0,0,0,0.0,0.0,43.6591,-70.2568,2022,12,12,19
2022-12-12 20:00:00,0.0,0.0,0.0,0.0,-1.9,39,16.3,325,1017.4,0,0,0,0,0.0,0.0,43.6591,-70.2568,2022,12,12,20
2022-12-12 21:00:00,0.0,0.0,0.0,0.0,-2.5,41,16.4,331,1017.5,0,0,0,0,0.0,0.0,43.6591,-70.2568,2022,12,12,21
2022-12-12 22:00:00,0.0,0.0,0.0,0.0,-2.8,44,16.3,335,1017.6,0,0,0,0,0.0,0.0,43.6591,-70.2568,2022,12,12,22
2022-12-12 23:00:00,0.0,0.0,0.0,0.0,-3.0,48,16.3,335,1017.5,0,0,0,0,0.0,0.0,43.6591,-70.2568,2022,12,12,23
2022-12-13 00:00:00,0.0,0.0,0.0,0.0,-3.4,53,15.5,335,1017.4,0,0,0,0,0.0,0.0,43.6591,-70.2568,2022,12,13,0
2022-12-13 01:00:00,0.0,0.0,0.0,0.0,-3.8,57,12.9,337,1017.0,0,0,0,0,0.0,0.0,43.6591,-70.2568,2022,12,13,1
2022-12-13 02:00:00,0.0,0.0,0.0,0.0,-4.0,61,9.6,347,1017.2,0,0,0,0,0.0,0.0,43.6591,-70.2568,2022,12,13,2
2022-12-13 03:00:00,0.0,0.0,0.0,0.0,-4.3,61,8.7,24,1017.8,0,0,0,0,0.0,0.0,43.6591,-70.2568,2022,12,13,3
2022-12-13 04:00:00,0.0,0.0,0.0,0.0,-4.8,59,10.2,23,1017.9,0,0,0,0,0.0,0.0,43.6591,-70.2568,2022,12,13,4
2022-12-13 05:00:00,0.0,0.0,0.0,0.0,-5.2,58,10.5,8,1017.9,0,0,0,0,0.0,0.0,43.6591,-70.2568,2022,12,13,5
2022-12-13 06:00:00,0.0,0.0,0.0,0.0,-5.1,59,11.9,2,1017.9,0,0,0,0,0.0,0.0,43.6591,-70.2568,2022,12,13,6
2022-12-13 07:00:00,0.0,0.0,0.0,0.0,-5.2,61,13.0,358,1018.3,2,2,0,0,0.0,0.0,43.6591,-70.2568,2022,12,13,7
2022-12-13 08:00:00,0.0,0.0,0.0,0.0,-3.8,62,9.8,332,1017.7,5,19,0,0,0.0,0.0,43.6591,-70.2568,2022,12,13,8
2022-12-13 09:00:00,32.0,18.0,14.0,234.5,-3.1,61,12.1,330,1018.0,6,6,0,0,0.0,2891.3,43.6591,-70.2568,2022,12,13,9
2022-12-13 10:00:00,158.0,114.0,44.0,612.9,-1.2,55,13.0,332,1017.9,2,2,0,0,0.0,3600.0,43.6591,-70.2568,2022,12,13,10
2022-12-13 11:00:00,280.0,222.0,58.0,753.9,-0.0,52,14.5,325,1017.6,11,11,0,0,0.0,3600.0,43.6591,-70.2568,2022,12,13,11
2022-12-13 12:00:00,351.0,270.0,81.0,741.0,1.1,48,13.8,311,1016.6,17,17,0,0,0.0,3600.0,43.6591,-70.2568,2022,12,13,12
2022-12-13 13:00:00,393.0,324.0,69.0,828.7,1.9,46,14.8,309,1015.7,13,13,0,0,0.0,3600.0,43.6591,-70.2568,2022,12,13,13
2022-12-13 14:00:00,370.0,303.0,67.0,813.5,2.2,45,15.1,310,1014.8,3,3,0,0,0.0,3600.0,43.6591,-70.2568,2022,12,13,14
2022-12-13 15:00:00,296.0,236.0,60.0,761.2,2.1,45,15.0,314,1014.4,2,2,0,0,0.0,3600.0,43.6591,-70.2568,2022,12,13,15
2022-12-13 16:00:00,177.0,128.0,49.0,615.3,1.4,47,12.8,322,1014.2,5,5,0,0,0.0,3600.0,43.6591,-70.2568,2022,12,13,16
2022-12-13 17:00:00,50.0,31.0,19.0,345.7,-0.7,56,11.7,326,1014.1,20,20,0,0,0.0,3538.46,43.6591,-70.2568,2022,12,13,17
2022-12-13 18:00:00,0.0,0.0,0.0,0.0,-2.2,63,11.9,331,1014.2,77,77,21,0,0.0,0.0,43.6591,-70.2568,2022,12,13,18
2022-12-13 19:00:00,0.0,0.0,0.0,0.0,-2.5,66,12.8,328,1014.3,66,66,0,0,0.0,0.0,43.6591,-70.2568,2022,12,13,19
2022-12-13 20:00:00,0.0,0.0,0.0,0.0,-1.7,57,16.0,352,1013.6,36,92,98,0,0.0,0.0,43.6591,-70.2568,2022,12,13,20
2022-12-13 21:00:00,0.0,0.0,0.0,0.0,-2.0,60,8.7,336,1012.8,100,37,100,0,0.0,0.0,43.6591,-70.2568,2022,12,13,21
2022-12-13 22:00:00,0.0,0.0,0.0,0.0,-3.1,69,7.6,295,1012.0,100,95,100,0,0.0,0.0,43.6591,-70.2568,2022,12,13,22
2022-12-13 23:00:00,0.0,0.0,0.0,0.0,-2.2,69,10.7,320,1011.5,96,36,96,0,0.0,0.0,43.6591,-70.2568,2022,12,13,23
2022-12-14 00:00:00,0.0,0.0,0.0,0.0,-2.9,63,17.3,337,1011.2,100,5,100,0,0.0,0.0,43.6591,-70.2568,2022,12,14,0
2022-12-14 01:00:00,0.0,0.0,0.0,0.0,-3.4,50,20.9,336,1011.0,0,0,0,0,0.0,0.0,43.6591,-70.2568,2022,12,14,1
2022-12-14 02:00:00,0.0,0.0,0.0,0.0,-4.5,45,20.9,331,1010.8,0,0,0,0,0.0,0.0,43.6591,-70.2568,2022,12,14,2
2022-12-14 03:00:00,0.0,0.0,0.0,0.0,-5.7,44,25.1,331,1011.0,0,0,0,0,0.0,0.0,43.6591,-70.2568,2022,12,14,3
2022-12-14 04:00:00,0.0,0.0,0.0,0.0,-6.8,44,23.3,325,1010.7,0,0,0,0,0.0,0.0,43.6591,-70.2568,2022,12,14,4
2022-12-14 05:00:00,0.0,0.0,0.0,0.0,-7.1,46,21.1,317,1010.1,88,27,87,0,0.0,0.0,43.6591,-70.2568,2022,12,14,5
2022-12-14 06:00:00,0.0,0.0,0.0,0.0,-6.6,48,21.3,309,1009.1,88,53,88,0,0.0,0.0,43.6591,-70.2568,2022,12,14,6
2022-12-14 07:00:00,0.0,0.0,0.0,0.0,-5.7,52,21.9,311,1008.7,98,97,97,1,0.0,0.0,43.6591,-70.2568,2022,12,14,7
2022-12-14 08:00:00,0.0,0.0,0.0,0.0,-5.4,54,22.9,314,1008.5,38,48,35,0,0.0,0.0,43.6591,-70.2568,2022,12,14,8
2022-12-14 09:00:00,29.0,15.0,14.0,198.1,-3.9,55,24.1,321,1008.4,24,24,0,0,0.0,2844.64,43.6591,-70.2568,2022,12,14,9
2022-12-14 10:00:00,148.0,99.0,49.0,537.7,-2.4,53,25.0,316,1008.4,37,29,12,0,0.0,3600.0,43.6591,-70.2568,2022,12,14,10
2022-12-14 11:00:00,264.0,196.0,68.0,669.3,-0.8,50,28.8,317,1008.9,89,30,85,0,0.0,3600.0,43.6591,-70.2568,2022,12,14,11
2022-12-14 12:00:00,221.0,85.0,136.0,234.1,0.4,49,28.0,312,1009.2,47,25,30,0,0.0,3600.0,43.6591,-70.2568,2022,12,14,12
2022-12-14 13:00:00,327.0,231.0,96.0,592.3,1.6,47,28.5,316,1008.8,83,47,68,0,0.0,3600.0,43.6591,-70.2568,2022,12,14,13
2022-12-14 14:00:00,282.0,152.0,130.0,408.8,2.1,47,28.0,315,1008.7,31,19,15,0,0.0,3600.0,43.6591,-70.2568,2022,12,14,14
2022-12-14 15:00:00,279.0,209.0,70.0,674.6,2.3,47,27.8,313,1009.4,64,60,28,0,0.0,3600.0,43.6591,-70.2568,2022,12,14,15
2022-12-14 16:00:00,151.0,81.0,70.0,389.2,2.1,51,28.4,324,1010.1,56,54,12,0,0.0,3600.0,43.6591,-70.2568,2022,12,14,16
2022-12-14 17:00:00,36.0,14.0,22.0,155.9,2.6,53,25.7,340,1011.3,89,89,2,0,0.0,3550.41,43.6591,-70.2568,2022,12,14,17
2022-12-14 18:00:00,0.0,0.0,0.0,0.0,2.6,56,23.2,341,1012.5,100,100,0,0,0.0,0.0,43.6591,-70.2568,2022,12,14,18
2022-12-14 19:00:00,0.0,0.0,0.0,0.0,3.2,57,21.6,345,1013.7,100,100,64,0,0.0,0.0,43.6591,-70.2568,2022,12,14,19
2022-12-14 20:00:00,0.0,0.0,0.0,0.0,2.5,61,20.8,346,1014.7,100,66,14,0,0.0,0.0,43.6591,-70.2568,2022,12,14,20
2022-12-14 21:00:00,0.0,0.0,0.0,0.0,2.3,66,19.7,352,1015.7,53,53,5,0,0.0,0.0,43.6591,-70.2568,2022,12,14,21
2022-12-14 22:00:00,0.0,0.0,0.0,0.0,2.3,68,17.7,355,1016.6,100,100,53,0,0.0,0.0,43.6591,-70.2568,2022,12,14,22
2022-12-14 23:00:00,0.0,0.0,0.0,0.0,3.2,67,17.4,7,1017.4,100,100,0,0,0.0,0.0,43.6591,-70.2568,2022,12,14,23
2022-12-15 00:00:00,0.0,0.0,0.0,0.0,2.9,71,15.0,10,1018.6,100,100,0,0,0.0,0.0,43.6591,-70.2568,2022,12,15,0
2022-12-15 01:00:00,0.0,0.0,0.0,0.0,2.7,73,12.1,10,1019.2,99,99,0,0,0.0,0.0,43.6591,-70.2568,2022,12,15,1
2022-12-15 02:00:00,0.0,0.0,0.0,0.0,1.9,77,11.2,358,1019.8,99,99,0,0,0.0,0.0,43.6591,-70.2568,2022,12,15,2
2022-12-15 03:00:00,0.0,0.0,0.0,0.0,1.7,78,12.3,339,1020.6,100,100,0,0,0.0,0.0,43.6591,-70.2568,2022,12,15,3
2022-12-15 04:00:00,0.0,0.0,0.0,0.0,1.9,76,14.5,346,1020.8,99,99,0,0,0.0,0.0,43.6591,-70.2568,2022,12,15,4
2022-12-15 05:00:00,0.0,0.0,0.0,0.0,1.7,77,14.9,352,1021.3,96,96,0,0,0.0,0.0,43.6591,-70.2568,2022,12,15,5
2022-12-15 06:00:00,0.0,0.0,0.0,0.0,1.7,77,15.5,359,1021.3,94,94,0,6,0.0,0.0,43.6591,-70.2568,2022,12,15,6
2022-12-15 07:00:00,0.0,0.0,0.0,0.0,1.8,77,16.2,4,1021.8,94,88,0,49,0.0,0.0,43.6591,-70.2568,2022,12,15,7
2022-12-15 08:00:00,0.0,0.0,0.0,0.0,1.8,76,13.6,348,1022.3,46,94,0,49,0.0,0.0,43.6591,-70.2568,2022,12,15,8
2022-12-15 09:00:00,20.0,5.0,15.0,66.9,2.0,76,15.5,359,1022.9,92,87,1,37,0.0,558.71,43.6591,-70.2568,2022,12,15,9
2022-12-15 10:00:00,106.0,32.0,74.0,175.5,3.0,72,19.5,16,1023.0,39,2,0,38,0.0,3465.02,43.6591,-70.2568,2022,12,15,10
2022-12-15 11:00:00,264.0,203.0,61.0,696.9,4.2,66,22.9,30,1023.2,85,78,0,33,0.0,3600.0,43.6591,-70.2568,2022,12,15,11
2022-12-15 12:00:00,292.0,157.0,135.0,433.9,4.6,64,23.1,31,1022.0,83,4,0,83,0.0,3600.0,43.6591,-70.2568,2022,12,15,12
2022-12-15 13:00:00,371.0,299.0,72.0,768.3,5.3,62,23.3,39,1021.0,74,56,0,41,0.0,3600.0,43.6591,-70.2568,2022,12,15,13
2022-12-15 14:00:00,309.0,179.0,130.0,482.0,5.5,62,17.5,37,1021.3,100,91,2,100,0.0,3600.0,43.6591,-70.2568,2022,12,15,14
2022-12-15 15:00:00,195.0,55.0,140.0,177.6,5.3,64,12.3,38,1021.8,98,96,59,53,0.0,3527.41,43.6591,-70.2568,2022,12,15,15
2022-12-15 16:00:00,88.0,10.0,78.0,48.0,4.8,67,13.3,57,1022.0,100,100,44,95,0.0,0.0,43.6591,-70.2568,2022,12,15,16
2022-12-15 17:00:00,13.0,1.0,12.0,11.1,4.4,69,18.5,61,1021.2,100,100,0,100,0.0,0.0,43.6591,-70.2568,2022,12,15,17
2022-12-15 18:00:00,0.0,0.0,0.0,0.0,4.0,72,16.9,61,1022.1,100,100,2,100,0.0,0.0,43.6591,-70.2568,2022,12,15,18
2022-12-15 19:00:00,0.0,0.0,0.0,0.0,3.5,75,17.6,55,1022.1,100,100,3,100,0.0,0.0,43.6591,-70.2568,2022,12,15,19
2022-12-15 20:00:00,0.0,0.0,0.0,0.0,2.6,74,17.1,51,1021.7,100,100,2,100,0.0,0.0,43.6591,-70.2568,2022,12,15,20
2022-12-15 21:00:00,0.0,0.0,0.0,0.0,2.0,76,21.8,51,1020.7,100,100,0,100,0.0,0.0,43.6591,-70.2568,2022,12,15,21
2022-12-15 22:00:00,0.0,0.0,0.0,0.0,1.6,78,20.5,56,1020.7,100,100,2,100,0.0,0.0,43.6591,-70.2568,2022,12,15,22
2022-12-15 23:00:00,0.0,0.0,0.0,0.0,1.4,79,21.5,55,1020.0,100,100,12,97,0.0,0.0,43.6591,-70.2568,2022,12,15,23
2022-12-16 00:00:00,0.0,0.0,0.0,0.0,1.0,80,19.3,53,1019.7,100,100,62,100,0.0,0.0,43.6591,-70.2568,2022,12,16,0
2022-12-16 01:00:00,0.0,0.0,0.0,0.0,0.5,82,16.0,46,1020.0,100,100,40,100,0.1,0.0,43.6591,-70.2568,2022,12,16,1
2022-12-16 02:00:00,0.0,0.0,0.0,0.0,0.0,83,19.4,40,1019.0,100,100,20,100,0.3,0.0,43.6591,-70.2568,2022,12,16,2
2022-12-16 03:00:00,0.0,0.0,0.0,0.0,-0.0,83,21.7,42,1018.4,100,100,7,100,0.2,0.0,43.6591,-70.2568,2022,12,16,3
2022-12-16 04:00:00,0.0,0.0,0.0,0.0,-0.1,84,20.4,42,1018.2,100,100,27,100,0.1,0.0,43.6591,-70.2568,2022,12,16,4
2022-12-16 05:00:00,0.0,0.0,0.0,0.0,-0.1,84,21.7,43,1017.1,100,100,100,100,0.2,0.0,43.6591,-70.2568,2022,12,16,5
2022-12-16 06:00:00,0.0,0.0,0.0,0.0,0.1,85,22.4,44,1016.3,100,100,100,100,0.2,0.0,43.6591,-70.2568,2022,12,16,6
2022-12-16 07:00:00,0.0,0.0,0.0,0.0,0.1,87,22.9,44,1015.6,100,100,94,100,0.7,0.0,43.6591,-70.2568,2022,12,16,7
2022-12-16 08:00:00,0.0,0.0,0.0,0.0,0.0,85,21.5,31,1015.0,100,100,100,100,1.1,0.0,43.6591,-70.2568,2022,12,16,8
2022-12-16 09:00:00,3.0,0.0,3.0,0.0,0.3,86,21.9,33,1014.7,100,100,100,100,1.1,0.0,43.6591,-70.2568,2022,12,16,9
2022-12-16 10:00:00,12.0,0.0,12.0,0.0,0.6,88,23.2,46,1014.1,100,100,98,100,1.4,0.0,43.6591,-70.2568,2022,12,16,10
2022-12-16 11:00:00,16.0,0.0,16.0,0.0,1.4,90,22.6,53,1012.7,100,100,100,100,1.8,0.0,43.6591,-70.2568,2022,12,16,11
2022-12-16 12:00:00,26.0,0.0,26.0,0.0,2.3,92,22.2,63,1011.3,100,100,100,100,1.8,0.0,43.6591,-70.2568,2022,12,16,12
2022-12-16 13:00:00,28.0,0.0,28.0,0.0,2.2,100,24.8,66,1009.2,100,100,100,100,1.4,0.0,43.6591,-70.2568,2022,12,16,13
2022-12-16 14:00:00,43.0,0.0,43.0,0.0,2.4,100,26.0,66,1008.2,100,100,100,99,1.0,0.0,43.6591,-70.2568,2022,12,16,14
2022-12-16 15:00:00,35.0,0.0,35.0,0.0,2.6,100,26.9,65,1007.4,100,100,100,100,0.9,0.0,43.6591,-70.2568,2022,12,16,15
2022-12-16 16:00:00,25.0,0.0,25.0,0.0,2.7,99,26.1,62,1006.6,100,100,100,100,1.2,0.0,43.6591,-70.2568,2022,12,16,16
2022-12-16 17:00:00,4.0,0.0,4.0,0.0,2.4,100,25.5,54,1005.7,100,100,100,100,1.1,0.0,43.6591,-70.2568,2022,12,16,17
2022-12-16 18:00:00,0.0,0.0,0.0,0.0,1.9,100,23.3,39,1004.8,100,100,100,100,1.8,0.0,43.6591,-70.2568,2022,12,16,18
2022-12-16 19:00:00,0.0,0.0,0.0,0.0,1.5,100,23.0,32,1003.8,100,100,100,100,2.4,0.0,43.6591,-70.2568,2022,12,16,19
2022-12-16 20:00:00,0.0,0.0,0.0,0.0,1.2,100,26.2,43,1003.7,100,100,100,100,2.4,0.0,43.6591,-70.2568,2022,12,16,20
2022-12-16 21:00:00,0.0,0.0,0.0,0.0,1.4,100,25.7,43,1002.9,100,100,100,100,1.7,0.0,43.6591,-70.2568,2022,12,16,21
2022-12-16 22:00:00,0.0,0.0,0.0,0.0,1.3,100,25.0,43,1001.8,100,100,100,100,1.8,0.0,43.6591,-70.2568,2022,12,16,22
2022-12-16 23:00:00,0.0,0.0,0.0,0.0,1.2,100,23.8,35,1000.5,100,100,100,100,1.5,0.0,43.6591,-70.2568,2022,12,16,23
2022-12-17 00:00:00,0.0,0.0,0.0,0.0,1.3,100,25.1,38,999.5,100,100,100,100,2.1,0.0,43.6591,-70.2568,2022,12,17,0
2022-12-17 01:00:00,0.0,0.0,0.0,0.0,1.4,100,25.5,31,997.9,100,100,100,100,2.9,0.0,43.6591,-70.2568,2022,12,17,1
2022-12-17 02:00:00,0.0,0.0,0.0,0.0,1.5,100,23.5,32,997.2,100,100,100,100,2.7,0.0,43.6591,-70.2568,2022,12,17,2
2022-12-17 03:00:00,0.0,0.0,0.0,0.0,1.5,100,25.0,27,996.5,100,100,100,100,1.8,0.0,43.6591,-70.2568,2022,12,17,3
2022-12-17 04:00:00,0.0,0.0,0.0,0.0,1.5,94,25.9,21,995.2,100,100,100,100,1.3,0.0,43.6591,-70.2568,2022,12,17,4
2022-12-17 05:00:00,0.0,0.0,0.0,0.0,1.4,92,26.9,16,994.3,100,100,100,100,1.5,0.0,43.6591,-70.2568,2022,12,17,5
2022-12-17 06:00:00,0.0,0.0,0.0,0.0,1.4,90,26.3,13,993.7,100,100,100,100,1.8,0.0,43.6591,-70.2568,2022,12,17,6
2022-12-17 07:00:00,0.0,0.0,0.0,0.0,1.4,90,24.0,9,993.7,100,100,100,100,1.4,0.0,43.6591,-70.2568,2022,12,17,7
2022-12-17 08:00:00,0.0,0.0,0.0,0.0,0.9,88,23.4,2,993.7,100,100,100,77,1.3,0.0,43.6591,-70.2568,2022,12,17,8
2022-12-17 09:00:00,5.0,0.0,5.0,0.0,0.8,89,21.3,348,994.1,100,100,100,99,1.4,0.0,43.6591,-70.2568,2022,12,17,9
2022-12-17 10:00:00,16.0,0.0,16.0,0.0,0.9,90,21.6,334,994.8,100,100,100,100,2.2,0.0,43.6591,-70.2568,2022,12,17,10
2022-12-17 11:00:00,38.0,0.0,38.0,0.0,1.3,89,21.4,333,995.2,100,100,100,100,2.0,0.0,43.6591,-70.2568,2022,12,17,11
2022-12-17 12:00:00,59.0,0.0,59.0,0.0,1.6,88,19.7,332,994.9,100,100,100,100,1.4,0.0,43.6591,-70.2568,2022,12,17,12
2022-12-17 13:00:00,95.0,0.0,95.0,0.0,2.0,85,20.3,333,994.8,100,100,100,100,0.9,0.0,43.6591,-70.2568,2022,12,17,13
2022-12-17 14:00:00,97.0,1.0,96.0,2.7,2.2,84,19.5,330,995.3,100,100,100,98,0.6,0.0,43.6591,-70.2568,2022,12,17,14
2022-12-17 15:00:00,56.0,0.0,56.0,0.0,2.1,85,15.5,324,995.6,100,100,100,94,0.4,0.0,43.6591,-70.2568,2022,12,17,15
2022-12-17 16:00:00,37.0,0.0,37.0,0.0,2.2,84,15.1,320,996.7,100,100,100,77,0.3,0.0,43.6591,-70.2568,2022,12,17,16
2022-12-17 17:00:00,12.0,0.0,12.0,0.0,1.8,87,14.8,317,997.6,100,100,100,0,0.3,0.0,43.6591,-70.2568,2022,12,17,17
2022-12-17 18:00:00,0.0,0.0,0.0,0.0,1.8,87,14.0,314,998.6,100,100,100,0,0.3,0.0,43.6591,-70.2568,2022,12,17,18
2022-12-17 19:00:00,0.0,0.0,0.0,0.0,1.8,85,13.6,320,998.8,100,100,99,0,0.1,0.0,43.6591,-70.2568,2022,12,17,19
2022-12-17 20:00:00,0.0,0.0,0.0,0.0,1.1,87,14.8,317,999.0,100,4,7,0,0.0,0.0,43.6591,-70.2568,2022,12,17,20
2022-12-17 21:00:00,0.0,0.0,0.0,0.0,0.7,87,13.0,309,999.5,69,67,7,0,0.0,0.0,43.6591,-70.2568,2022,12,17,21
2022-12-17 22:00:00,0.0,0.0,0.0,0.0,0.8,86,12.3,302,999.9,100,100,10,0,0.0,0.0,43.6591,-70.2568,2022,12,17,22
2022-12-17 23:00:00,0.0,0.0,0.0,0.0,1.1,85,12.1,297,1000.1,99,99,9,0,0.0,0.0,43.6591,-70.2568,2022,12,17,23
2022-12-18 00:00:00,0.0,0.0,0.0,0.0,1.0,85,12.3,291,1000.6,100,100,17,0,0.0,0.0,43.6591,-70.2568,2022,12,18,0
2022-12-18 01:00:00,0.0,0.0,0.0,0.0,1.1,82,12.2,294,1000.8,97,96,23,30,0.0,0.0,43.6591,-70.2568,2022,12,18,1
2022-12-18 02:00:00,0.0,0.0,0.0,0.0,0.6,83,11.4,288,1001.2,85,81,0,20,0.0,0.0,43.6591,-70.2568,2022,12,18,2
2022-12-18 03:00:00,0.0,0.0,0.0,0.0,-0.0,87,11.4,281,1002.0,93,93,92,0,0.0,0.0,43.6591,-70.2568,2022,12,18,3
2022-12-18 04:00:00,0.0,0.0,0.0,0.0,-0.4,88,12.5,282,1002.5,94,43,94,0,0.0,0.0,43.6591,-70.2568,2022,12,18,4
2022-12-18 05:00:00,0.0,0.0,0.0,0.0,-0.7,88,14.0,282,1002.8,53,6,52,2,0.0,0.0,43.6591,-70.2568,2022,12,18,5
2022-12-18 06:00:00,0.0,0.0,0.0,0.0,-0.9,86,12.9,283,1003.1,31,3,31,0,0.0,0.0,43.6591,-70.2568,2022,12,18,6
2022-12-18 07:00:00,0.0,0.0,0.0,0.0,-1.9,88,12.1,282,1003.4,2,2,0,0,0.0,0.0,43.6591,-70.2568,2022,12,18,7
2022-12-18 08:00:00,0.0,0.0,0.0,0.0,-1.8,90,10.0,291,1003.3,100,0,0,47,0.0,0.0,43.6591,-70.2568,2022,12,18,8
2022-12-18 09:00:00,27.0,14.0,13.0,194.3,-1.9,93,9.8,287,1003.5,10,0,3,8,0.0,2675.33,43.6591,-70.2568,2022,12,18,9
2022-12-18 10:00:00,148.0,100.0,48.0,563.3,-0.7,87,6.8,270,1003.8,54,0,16,50,0.0,3600.0,43.6591,-70.2568,2022,12,18,10
2022-12-18 11:00:00,268.0,197.0,71.0,685.7,0.7,77,8.0,265,1004.2,89,0,65,84,0.0,3600.0,43.6591,-70.2568,2022,12,18,11
2022-12-18 12:00:00,312.0,172.0,140.0,479.3,1.6,67,10.9,276,1003.7,44,0,41,5,0.0,3600.0,43.6591,-70.2568,2022,12,18,12
2022-12-18 13:00:00,386.0,299.0,87.0,772.1,2.2,62,11.9,284,1003.1,90,0,90,0,0.0,3600.0,43.6591,-70.2568,2022,12,18,13
2022-12-18 14:00:00,331.0,196.0,135.0,528.8,2.5,60,13.8,279,1003.0,100,0,100,0,0.0,3600.0,43.6591,-70.2568,2022,12,18,14
2022-12-18 15:00:00,256.0,132.0,124.0,425.7,2.7,59,13.7,300,1003.2,100,19,100,0,0.0,3600.0,43.6591,-70.2568,2022,12,18,15
2022-12-18 16:00:00,138.0,41.0,97.0,195.4,2.2,64,12.5,303,1003.8,100,13,100,0,0.0,3600.0,43.6591,-70.2568,2022,12,18,16
2022-12-18 17:00:00,40.0,7.0,33.0,76.9,0.8,72,10.9,297,1004.7,100,0,100,0,0.0,944.2,43.6591,-70.2568,2022,12,18,17
2022-12-18 18:00:00,0.0,0.0,0.0,0.0,-0.3,80,10.0,285,1005.2,100,0,100,0,0.0,0.0,43.6591,-70.2568,2022,12,18,18
2022-12-18 19:00:00,0.0,0.0,0.0,0.0,-0.8,83,10.9,279,1005.7,100,0,100,0,0.0,0.0,43.6591,-70.2568,2022,12,18,19
2022-12-18 20:00:00,0.0,0.0,0.0,0.0,-0.8,81,13.0,284,1006.4,90,0,43,0,0.0,0.0,43.6591,-70.2568,2022,12,18,20
2022-12-18 21:00:00,0.0,0.0,0.0,0.0,-1.4,82,13.5,286,1006.5,0,0,0,0,0.0,0.0,43.6591,-70.2568,2022,12,18,21
2022-12-18 22:00:00,0.0,0.0,0.0,0.0,-1.8,81,13.7,284,1006.6,0,0,0,0,0.0,0.0,43.6591,-70.2568,2022,12,18,22
2022-12-18 23:00:00,0.0,0.0,0.0,0.0,-2.3,82,13.9,280,1006.9,0,0,0,0,0.0,0.0,43.6591,-70.2568,2022,12,18,23
2022-12-19 00:00:00,0.0,0.0,0.0,0.0,-2.8,83,14.4,283,1007.5,0,0,0,0,0.0,0.0,43.6591,-70.2568,2022,12,19,0
2022-12-19 01:00:00,0.0,0.0,0.0,0.0,-3.2,83,14.1,285,1007.7,0,0,0,0,0.0,0.0,43.6591,-70.2568,2022,12,19,1
2022-12-19 02:00:00,0.0,0.0,0.0,0.0,-3.5,83,13.3,289,1008.3,1,1,0,0,0.0,0.0,43.6591,-70.2568,2022,12,19,2
2022-12-19 03:00:00,0.0,0.0,0.0,0.0,-3.9,85,13.3,289,1008.9,0,0,0,0,0.0,0.0,43.6591,-70.2568,2022,12,19,3
2022-12-19 04:00:00,0.0,0.0,0.0,0.0,-4.1,85,13.0,289,1009.3,0,0,0,0,0.0,0.0,43.6591,-70.2568,2022,12,19,4
2022-12-19 05:00:00,0.0,0.0,0.0,0.0,-4.2,85,13.2,287,1009.6,1,1,0,0,0.0,0.0,43.6591,-70.2568,2022,12,19,5
2022-12-19 06:00:00,0.0,0.0,0.0,0.0,-4.4,86,13.0,289,1009.9,0,0,0,0,0.0,0.0,43.6591,-70.2568,2022,12,19,6
2022-12-19 07:00:00,0.0,0.0,0.0,0.0,-4.4,86,12.9,283,1010.2,0,0,0,0,0.0,0.0,43.6591,-70.2568,2022,12,19,7
2022-12-19 08:00:00,0.0,0.0,0.0,0.0,-4.0,82,11.3,277,1010.1,4,0,0,0,0.0,0.0,43.6591,-70.2568,2022,12,19,8
2022-12-19 09:00:00,27.0,15.0,12.0,210.5,-4.0,84,12.6,267,1010.6,4,4,0,0,0.0,2637.89,43.6591,-70.2568,2022,12,19,9
2022-12-19 10:00:00,151.0,105.0,46.0,596.2,-1.9,75,13.8,279,1011.1,6,6,0,0,0.0,3600.0,43.6591,-70.2568,2022,12,19,10
2022-12-19 11:00:00,275.0,211.0,64.0,737.3,0.1,66,15.5,292,1011.2,4,4,0,0,0.0,3600.0,43.6591,-70.2568,2022,12,19,11
2022-12-19 12:00:00,361.0,289.0,72.0,807.2,0.9,61,18.2,297,1010.8,10,10,0,0,0.0,3600.0,43.6591,-70.2568,2022,12,19,12
2022-12-19 13:00:00,396.0,319.0,77.0,824.6,1.4,60,20.3,297,1010.4,7,7,0,0,0.0,3600.0,43.6591,-70.2568,2022,12,19,13
2022-12-19 14:00:00,377.0,305.0,72.0,822.9,1.7,59,20.1,303,1010.5,5,5,0,0,0.0,3600.0,43.6591,-70.2568,2022,12,19,14
2022-12-19 15:00:00,301.0,231.0,70.0,744.0,1.6,59,20.9,302,1010.8,0,0,0,0,0.0,3600.0,43.6591,-70.2568,2022,12,19,15
2022-12-19 16:00:00,186.0,133.0,53.0,631.8,1.4,61,18.2,297,1011.2,2,2,0,0,0.0,3600.0,43.6591,-70.2568,2022,12,19,16
2022-12-19 17:00:00,54.0,33.0,21.0,361.0,0.3,65,18.2,295,1011.8,2,2,0,0,0.0,3600.0,43.6591,-70.2568,2022,12,19,17
2022-12-19 18:00:00,0.0,0.0,0.0,0.0,-0.4,67,17.3,293,1012.4,0,0,0,0,0.0,0.0,43.6591,-70.2568,2022,12,19,18
2022-12-19 19:00:00,0.0,0.0,0.0,0.0,-1.0,68,17.1,298,1012.7,42,3,21,36,0.0,0.0,43.6591,-70.2568,2022,12,19,19
2022-12-19 20:00:00,0.0,0.0,0.0,0.0,-0.9,66,18.7,298,1013.1,70,54,11,0,0.0,0.0,43.6591,-70.2568,2022,12,19,20
2022-12-19 21:00:00,0.0,0.0,0.0,0.0,-1.5,69,17.6,305,1013.4,86,33,8,79,0.0,0.0,43.6591,-70.2568,2022,12,19,21
2022-12-19 22:00:00,0.0,0.0,0.0,0.0,-1.8,70,18.6,313,1013.8,31,25,9,0,0.0,0.0,43.6591,-70.2568,2022,12,19,22
2022-12-19 23:00:00,0.0,0.0,0.0,0.0,-2.1,73,19.6,311,1014.2,57,54,9,0,0.0,0.0,43.6591,-70.2568,2022,12,19,23
2022-12-20 00:00:00,0.0,0.0,0.0,0.0,-1.9,72,19.1,311,1014.9,56,55,7,0,0.0,0.0,43.6591,-70.2568,2022,12,20,0
2022-12-20 01:00:00,0.0,0.0,0.0,0.0,-2.0,73,18.8,315,1015.7,50,50,0,0,0.0,0.0,43.6591,-70.2568,2022,12,20,1
2022-12-20 02:00:00,0.0,0.0,0.0,0.0,-1.9,73,19.6,319,1016.2,65,65,0,0,0.0,0.0,43.6591,-70.2568,2022,12,20,2
2022-12-20 03:00:00,0.0,0.0,0.0,0.0,-1.5,72,21.4,319,1017.0,18,18,0,0,0.0,0.0,43.6591,-70.2568,2022,12,20,3
2022-12-20 04:00:00,0.0,0.0,0.0,0.0,-1.6,73,21.4,318,1017.3,10,10,0,0,0.0,0.0,43.6591,-70.2568,2022,12,20,4
2022-12-20 05:00:00,0.0,0.0,0.0,0.0,-1.9,75,20.2,325,1017.8,24,24,0,0,0.0,0.0,43.6591,-70.2568,2022,12,20,5
2022-12-20 06:00:00,0.0,0.0,0.0,0.0,-1.8,75,20.4,328,1018.6,14,14,0,0,0.0,0.0,43.6591,-70.2568,2022,12,20,6
2022-12-20 07:00:00,0.0,0.0,0.0,0.0,-2.1,77,20.1,327,1019.1,11,11,0,0,0.0,0.0,43.6591,-70.2568,2022,12,20,7
2022-12-20 08:00:00,0.0,0.0,0.0,0.0,-1.6,76,17.8,317,1019.8,27,18,0,0,0.0,0.0,43.6591,-70.2568,2022,12,20,8
2022-12-20 09:00:00,25.0,14.0,11.0,198.5,-1.9,78,18.1,316,1020.6,8,8,0,0,0.0,2602.62,43.6591,-70.2568,2022,12,20,9
2022-12-20 10:00:00,146.0,99.0,47.0,566.3,-1.1,76,17.6,317,1021.3,2,2,0,0,0.0,3600.0,43.6591,-70.2568,2022,12,20,10
2022-12-20 11:00:00,269.0,204.0,65.0,715.4,-0.1,72,17.6,317,1022.0,3,3,0,0,0.0,3600.0,43.6591,-70.2568,2022,12,20,11
2022-12-20 12:00:00,356.0,285.0,71.0,797.5,0.7,69,17.1,325,1021.9,0,0,0,0,0.0,3600.0,43.6591,-70.2568,2022,12,20,12
2022-12-20 13:00:00,390.0,315.0,75.0,814.9,1.0,68,17.1,330,1021.7,0,0,0,0,0.0,3600.0,43.6591,-70.2568,2022,12,20,13
2022-12-20 14:00:00,370.0,294.0,76.0,793.0,1.3,67,15.4,327,1021.6,1,1,0,0,0.0,3600.0,43.6591,-70.2568,2022,12,20,14
2022-12-20 15:00:00,300.0,232.0,68.0,746.1,1.3,67,15.1,320,1021.8,0,0,0,0,0.0,3600.0,43.6591,-70.2568,2022,12,20,15
2022-12-20 16:00:00,186.0,135.0,51.0,638.9,0.8,71,14.1,320,1022.2,0,0,0,0,0.0,3600.0,43.6591,-70.2568,2022,12,20,16
2022-12-20 17:00:00,55.0,34.0,21.0,369.9,-0.4,76,13.3,322,1022.5,0,0,0,0,0.0,3600.0,43.6591,-70.2568,2022,12,20,17
2022-12-20 18:00:00,0.0,0.0,0.0,0.0,-1.5,82,12.5,321,1023.2,0,0,0,0,0.0,0.0,43.6591,-70.2568,2022,12,20,18
2022-12-20 19:00:00,0.0,0.0,0.0,0.0,-2.1,85,13.3,319,1023.9,0,0,0,0,0.0,0.0,43.6591,-70.2568,2022,12,20,19
2022-12-20 20:00:00,0.0,0.0,0.0,0.0,-2.3,83,14.4,338,1025.1,0,0,0,0,0.0,0.0,43.6591,-70.2568,2022,12,20,20
2022-12-20 21:00:00,0.0,0.0,0.0,0.0,-3.0,85,12.9,342,1025.3,0,0,0,0,0.0,0.0,43.6591,-70.2568,2022,12,20,21
2022-12-20 22:00:00,0.0,0.0,0.0,0.0,-3.9,88,12.3,345,1025.5,0,0,0,0,0.0,0.0,43.6591,-70.2568,2022,12,20,22
2022-12-20 23:00:00,0.0,0.0,0.0,0.0,-4.5,89,12.5,342,1025.5,0,0,0,0,0.0,0.0,43.6591,-70.2568,2022,12,20,23
2022-12-21 00:00:00,0.0,0.0,0.0,0.0,-4.8,88,12.9,342,1025.7,0,0,0,0,0.0,0.0,43.6591,-70.2568,2022,12,21,0
2022-12-21 01:00:00,0.0,0.0,0.0,0.0,-5.0,88,12.8,338,1025.6,3,0,3,0,0.0,0.0,43.6591,-70.2568,2022,12,21,1
2022-12-21 02:00:00,0.0,0.0,0.0,0.0,-5.2,89,12.4,334,1025.8,0,0,0,0,0.0,0.0,43.6591,-70.2568,2022,12,21,2
2022-12-21 03:00:00,0.0,0.0,0.0,0.0,-5.3,88,11.6,334,1026.1,0,0,0,0,0.0,0.0,43.6591,-70.2568,2022,12,21,3
2022-12-21 04:00:00,0.0,0.0,0.0,0.0,-5.6,88,11.3,329,1026.2,0,0,0,0,0.0,0.0,43.6591,-70.2568,2022,12,21,4
2022-12-21 05:00:00,0.0,0.0,0.0,0.0,-5.8,88,10.6,325,1026.4,0,0,0,0,0.0,0.0,43.6591,-70.2568,2022,12,21,5
2022-12-21 06:00:00,0.0,0.0,0.0,0.0,-6.1,87,10.0,322,1026.9,7,0,0,6,0.0,0.0,43.6591,-70.2568,2022,12,21,6
2022-12-21 07:00:00,0.0,0.0,0.0,0.0,-6.3,86,10.0,319,1027.2,100,1,0,100,0.0,0.0,43.6591,-70.2568,2022,12,21,7
2022-12-21 08:00:00,0.0,0.0,0.0,0.0,-5.9,87,9.2,329,1027.4,100,2,0,100,0.0,0.0,43.6591,-70.2568,2022,12,21,8
2022-12-21 09:00:00,20.0,2.0,18.0,28.6,-5.9,87,5.9,322,1027.7,100,0,3,100,0.0,0.0,43.6591,-70.2568,2022,12,21,9
2022-12-21 10:00:00,111.0,22.0,89.0,126.7,-4.6,86,4.1,308,1028.1,75,0,7,75,0.0,2001.06,43.6591,-70.2568,2022,12,21,10
2022-12-21 11:00:00,251.0,158.0,93.0,555.8,-2.5,80,3.6,307,1028.4,57,0,0,57,0.0,3600.0,43.6591,-70.2568,2022,12,21,11
2022-12-21 12:00:00,351.0,267.0,84.0,748.2,-0.9,74,3.1,291,1028.0,34,1,1,33,0.0,3600.0,43.6591,-70.2568,2022,12,21,12
2022-12-21 13:00:00,388.0,304.0,84.0,786.7,0.0,69,3.3,257,1027.3,42,0,1,42,0.0,3600.0,43.6591,-70.2568,2022,12,21,13
2022-12-21 14:00:00,370.0,290.0,80.0,781.8,0.4,67,4.8,228,1027.1,18,0,0,18,0.0,3600.0,43.6591,-70.2568,2022,12,21,14
2022-12-21 15:00:00,303.0,236.0,67.0,757.5,0.3,68,5.4,217,1026.9,0,0,0,0,0.0,3600.0,43.6591,-70.2568,2022,12,21,15
2022-12-21 16:00:00,188.0,137.0,51.0,645.6,-1.0,80,4.6,198,1026.9,0,0,0,0,0.0,3600.0,43.6591,-70.2568,2022,12,21,16
2022-12-21 17:00:00,56.0,35.0,21.0,378.5,-1.5,82,7.9,196,1026.8,19,0,0,19,0.0,3600.0,43.6591,-70.2568,2022,12,21,17
2022-12-21 18:00:00,0.0,0.0,0.0,0.0,-2.0,80,9.7,211,1027.1,89,0,0,89,0.0,0.0,43.6591,-70.2568,2022,12,21,18
2022-12-21 19:00:00,0.0,0.0,0.0,0.0,-2.6,80,11.2,222,1027.1,0,0,0,0,0.0,0.0,43.6591,-70.2568,2022,12,21,19
2022-12-21 20:00:00,0.0,0.0,0.0,0.0,-3.2,78,11.5,231,1027.4,0,0,0,0,0.0,0.0,43.6591,-70.2568,2022,12,21,20
2022-12-21 21:00:00,0.0,0.0,0.0,0.0,-4.2,83,11.3,248,1027.6,2,0,0,2,0.0,0.0,43.6591,-70.2568,2022,12,21,21
2022-12-21 22:00:00,0.0,0.0,0.0,0.0,-4.8,85,10.8,266,1028.1,100,0,0,100,0.0,0.0,43.6591,-70.2568,2022,12,21,22
2022-12-21 23:00:00,0.0,0.0,0.0,0.0,-5.1,82,8.3,272,1028.3,91,0,0,91,0.0,0.0,43.6591,-70.2568,2022,12,21,23
2022-12-22 00:00:00,0.0,0.0,0.0,0.0,-6.8,84,7.9,309,1028.4,100,0,0,100,0.0,0.0,43.6591,-70.2568,2022,12,22,0
2022-12-22 01:00:00,0.0,0.0,0.0,0.0,-5.8,81,6.8,288,1028.2,100,0,44,100,0.0,0.0,43.6591,-70.2568,2022,12,22,1
2022-12-22 02:00:00,0.0,0.0,0.0,0.0,-7.6,85,8.5,306,1028.5,100,0,69,100,0.0,0.0,43.6591,-70.2568,2022,12,22,2
2022-12-22 03:00:00,0.0,0.0,0.0,0.0,-7.4,88,7.0,339,1029.3,100,1,80,100,0.0,0.0,43.6591,-70.2568,2022,12,22,3
2022-12-22 04:00:00,0.0,0.0,0.0,0.0,-5.7,84,7.9,344,1029.6,100,0,100,80,0.0,0.0,43.6591,-70.2568,2022,12,22,4
2022-12-22 05:00:00,0.0,0.0,0.0,0.0,-6.0,82,9.7,356,1030.0,100,5,70,100,0.0,0.0,43.6591,-70.2568,2022,12,22,5
2022-12-22 06:00:00,0.0,0.0,0.0,0.0,-6.6,82,11.5,356,1030.3,100,1,25,100,0.0,0.0,43.6591,-70.2568,2022,12,22,6
2022-12-22 07:00:00,0.0,0.0,0.0,0.0,-6.5,83,10.4,358,1030.5,100,0,44,100,0.0,0.0,43.6591,-70.2568,2022,12,22,7
2022-12-22 08:00:00,0.0,0.0,0.0,0.0,-5.9,85,10.5,4,1030.8,100,0,100,100,0.0,0.0,43.6591,-70.2568,2022,12,22,8
2022-12-22 09:00:00,16.0,0.0,16.0,0.0,-5.1,85,9.6,13,1030.8,100,0,100,100,0.0,0.0,43.6591,-70.2568,2022,12,22,9
2022-12-22 10:00:00,106.0,19.0,87.0,110.1,-3.0,80,8.1,21,1030.8,99,0,94,77,0.0,1503.27,43.6591,-70.2568,2022,12,22,10
2022-12-22 11:00:00,260.0,182.0,78.0,642.0,-0.8,76,6.6,22,1030.6,100,0,99,100,0.0,3600.0,43.6591,-70.2568,2022,12,22,11
2022-12-22 12:00:00,245.0,53.0,192.0,148.7,0.4,76,8.4,40,1029.2,100,0,100,100,0.0,2661.16,43.6591,-70.2568,2022,12,22,12
2022-12-22 13:00:00,225.0,21.0,204.0,54.4,1.3,78,7.6,25,1028.6,100,4,75,100,0.0,0.0,43.6591,-70.2568,2022,12,22,13
2022-12-22 14:00:00,228.0,32.0,196.0,86.2,2.3,77,5.7,18,1028.4,100,8,89,100,0.0,785.52,43.6591,-70.2568,2022,12,22,14
2022-12-22 15:00:00,193.0,28.0,165.0,89.7,2.4,81,3.2,27,1027.7,100,1,51,100,0.0,890.15,43.6591,-70.2568,2022,12,22,15
2022-12-22 16:00:00,122.0,18.0,104.0,84.4,2.0,81,5.9,52,1027.3,100,11,91,100,0.0,732.39,43.6591,-70.2568,2022,12,22,16
2022-12-22 17:00:00,34.0,1.0,33.0,10.7,0.7,83,9.3,118,1027.0,100,100,100,100,0.0,0.0,43.6591,-70.2568,2022,12,22,17
2022-12-22 18:00:00,0.0,0.0,0.0,0.0,3.7,76,11.6,126,1026.6,100,100,100,100,0.0,0.0,43.6591,-70.2568,2022,12,22,18
2022-12-22 19:00:00,0.0,0.0,0.0,0.0,4.2,76,13.2,119,1025.9,100,100,84,100,0.0,0.0,43.6591,-70.2568,2022,12,22,19
2022-12-22 20:00:00,0.0,0.0,0.0,0.0,2.2,88,13.2,55,1025.7,100,100,100,100,0.0,0.0,43.6591,-70.2568,2022,12,22,20
2022-12-22 21:00:00,0.0,0.0,0.0,0.0,2.7,85,12.7,75,1024.7,100,100,100,100,0.1,0.0,43.6591,-70.2568,2022,12,22,21
2022-12-22 22:00:00,0.0,0.0,0.0,0.0,4.3,81,18.1,96,1022.9,100,100,100,100,0.3,0.0,43.6591,-70.2568,2022,12,22,22
2022-12-22 23:00:00,0.0,0.0,0.0,0.0,5.4,75,23.7,107,1022.0,100,100,100,100,0.2,0.0,43.6591,-70.2568,2022,12,22,23
2022-12-23 00:00:00,0.0,0.0,0.0,0.0,5.3,80,23.9,106,1021.0,100,100,100,100,0.7,0.0,43.6591,-70.2568,2022,12,23,0
2022-12-23 01:00:00,0.0,0.0,0.0,0.0,5.6,83,28.2,104,1018.8,100,100,100,100,0.9,0.0,43.6591,-70.2568,2022,12,23,1
2022-12-23 02:00:00,0.0,0.0,0.0,0.0,4.7,99,29.3,95,1016.6,100,100,100,100,0.8,0.0,43.6591,-70.2568,2022,12,23,2
2022-12-23 03:00:00,0.0,0.0,0.0,0.0,4.8,99,33.0,96,1014.8,100,100,100,100,1.2,0.0,43.6591,-70.2568,2022,12,23,3
2022-12-23 04:00:00,0.0,0.0,0.0,0.0,5.2,99,35.2,98,1012.3,100,100,100,100,2.4,0.0,43.6591,-70.2568,2022,12,23,4
2022-12-23 05:00:00,0.0,0.0,0.0,0.0,5.6,99,38.3,102,1009.6,100,100,100,100,3.0,0.0,43.6591,-70.2568,2022,12,23,5
2022-12-23 06:00:00,0.0,0.0,0.0,0.0,6.5,99,41.2,104,1006.6,100,100,100,100,2.2,0.0,43.6591,-70.2568,2022,12,23,6
2022-12-23 07:00:00,0.0,0.0,0.0,0.0,7.0,99,42.6,106,1004.2,100,100,100,100,1.4,0.0,43.6591,-70.2568,2022,12,23,7
2022-12-23 08:00:00,0.0,0.0,0.0,0.0,6.2,99,39.0,99,1002.1,100,100,100,100,1.7,0.0,43.6591,-70.2568,2022,12,23,8
2022-12-23 09:00:00,1.0,0.0,1.0,0.0,7.5,99,39.3,104,999.4,100,100,100,100,1.0,0.0,43.6591,-70.2568,2022,12,23,9
2022-12-23 10:00:00,4.0,0.0,4.0,0.0,8.3,99,41.4,116,997.3,100,100,100,100,2.3,0.0,43.6591,-70.2568,2022,12,23,10
2022-12-23 11:00:00,7.0,0.0,7.0,0.0,8.9,99,46.1,123,994.3,100,100,100,0,3.2,0.0,43.6591,-70.2568,2022,12,23,11
2022-12-23 12:00:00,23.0,0.0,23.0,0.0,9.4,99,44.3,129,990.8,100,100,100,0,4.1,0.0,43.6591,-70.2568,2022,12,23,12
2022-12-23 13:00:00,24.0,0.0,24.0,0.0,10.5,92,47.9,136,987.5,100,100,98,0,3.3,0.0,43.6591,-70.2568,2022,12,23,13
2022-12-23 14:00:00,37.0,0.0,37.0,0.0,10.8,94,46.0,143,983.6,96,86,69,32,3.6,0.0,43.6591,-70.2568,2022,12,23,14
2022-12-23 15:00:00,107.0,30.0,77.0,95.8,10.7,100,42.8,154,980.9,100,100,100,0,4.7,1074.8,43.6591,-70.2568,2022,12,23,15
2022-12-23 16:00:00,7.0,0.0,7.0,0.0,10.4,100,35.5,162,978.8,100,100,100,0,5.1,0.0,43.6591,-70.2568,2022,12,23,16
2022-12-23 17:00:00,4.0,0.0,4.0,0.0,9.8,100,27.4,178,977.3,100,100,100,0,6.0,0.0,43.6591,-70.2568,2022,12,23,17
2022-12-23 18:00:00,0.0,0.0,0.0,0.0,9.9,93,35.6,180,975.8,100,100,99,0,0.8,0.0,43.6591,-70.2568,2022,12,23,18
2022-12-23 19:00:00,0.0,0.0,0.0,0.0,7.7,87,41.9,185,975.8,95,9,95,0,0.7,0.0,43.6591,-70.2568,2022,12,23,19
2022-12-23 20:00:00,0.0,0.0,0.0,0.0,7.0,61,33.4,217,976.9,24,10,19,0,0.1,0.0,43.6591,-70.2568,2022,12,23,20
2022-12-23 21:00:00,0.0,0.0,0.0,0.0,4.8,57,29.1,211,978.2,33,10,29,0,0.0,0.0,43.6591,-70.2568,2022,12,23,21
2022-12-23 22:00:00,0.0,0.0,0.0,0.0,3.2,52,29.5,200,978.1,36,35,8,0,0.0,0.0,43.6591,-70.2568,2022,12,23,22
2022-12-23 23:00:00,0.0,0.0,0.0,0.0,-0.0,65,33.1,233,980.7,96,96,89,0,0.0,0.0,43.6591,-70.2568,2022,12,23,23
2022-12-24 00:00:00,0.0,0.0,0.0,0.0,-4.1,43,30.8,237,984.3,0,0,0,0,0.0,0.0,43.6591,-70.2568,2022,12,24,0
2022-12-24 01:00:00,0.0,0.0,0.0,0.0,-7.0,43,29.1,239,986.8,0,0,0,0,0.0,0.0,43.6591,-70.2568,2022,12,24,1
2022-12-24 02:00:00,0.0,0.0,0.0,0.0,-8.2,44,26.9,238,988.6,0,0,0,0,0.0,0.0,43.6591,-70.2568,2022,12,24,2
2022-12-24 03:00:00,0.0,0.0,0.0,0.0,-9.1,42,26.7,235,990.0,0,0,0,0,0.0,0.0,43.6591,-70.2568,2022,12,24,3
2022-12-24 04:00:00,0.0,0.0,0.0,0.0,-10.0,41,27.1,237,991.5,0,0,0,0,0.0,0.0,43.6591,-70.2568,2022,12,24,4
2022-12-24 05:00:00,0.0,0.0,0.0,0.0,-10.6,41,26.7,235,992.3,0,0,0,0,0.0,0.0,43.6591,-70.2568,2022,12,24,5
2022-12-24 06:00:00,0.0,0.0,0.0,0.0,-11.0,43,24.6,232,993.0,0,0,0,0,0.0,0.0,43.6591,-70.2568,2022,12,24,6
2022-12-24 07:00:00,0.0,0.0,0.0,0.0,-11.0,43,25.1,235,994.0,71,0,71,0,0.0,0.0,43.6591,-70.2568,2022,12,24,7
2022-12-24 08:00:00,0.0,0.0,0.0,0.0,-10.1,42,21.9,234,995.0,9,0,93,80,0.0,0.0,43.6591,-70.2568,2022,12,24,8
2022-12-24 09:00:00,19.0,4.0,15.0,58.7,-10.0,42,21.8,232,996.2,61,0,58,14,0.0,321.44,43.6591,-70.2568,2022,12,24,9
2022-12-24 10:00:00,139.0,91.0,48.0,532.9,-9.6,38,22.0,235,996.6,4,0,4,0,0.0,3600.0,43.6591,-70.2568,2022,12,24,10
2022-12-24 11:00:00,270.0,214.0,56.0,758.1,-8.8,35,22.2,238,997.3,28,0,28,0,0.0,3600.0,43.6591,-70.2568,2022,12,24,11
2022-12-24 12:00:00,356.0,291.0,65.0,817.6,-8.2,33,21.3,240,997.2,98,0,98,0,0.0,3600.0,43.6591,-70.2568,2022,12,24,12
2022-12-24 13:00:00,373.0,277.0,96.0,716.4,-7.5,31,20.0,240,997.1,50,0,50,0,0.0,3600.0,43.6591,-70.2568,2022,12,24,13
2022-12-24 14:00:00,375.0,305.0,70.0,819.2,-7.0,31,18.2,240,997.2,14,0,9,5,0.0,3600.0,43.6591,-70.2568,2022,12,24,14
2022-12-24 15:00:00,309.0,252.0,57.0,802.6,-6.5,30,17.4,240,997.3,0,0,0,0,0.0,3600.0,43.6591,-70.2568,2022,12,24,15
2022-12-24 16:00:00,195.0,149.0,46.0,691.1,-6.9,30,17.9,240,997.6,11,0,11,0,0.0,3600.0,43.6591,-70.2568,2022,12,24,16
2022-12-24 17:00:00,61.0,39.0,22.0,412.8,-7.4,32,17.6,239,998.0,47,0,47,0,0.0,3600.0,43.6591,-70.2568,2022,12,24,17
2022-12-24 18:00:00,0.0,0.0,0.0,0.0,-7.6,34,18.7,236,998.5,100,0,87,100,0.0,0.0,43.6591,-70.2568,2022,12,24,18
2022-12-24 19:00:00,0.0,0.0,0.0,0.0,-7.7,32,21.2,238,998.9,77,0,72,19,0.0,0.0,43.6591,-70.2568,2022,12,24,19
2022-12-24 20:00:00,0.0,0.0,0.0,0.0,-8.8,40,21.3,242,999.4,0,0,0,0,0.0,0.0,43.6591,-70.2568,2022,12,24,20
2022-12-24 21:00:00,0.0,0.0,0.0,0.0,-9.2,42,21.1,247,999.6,0,0,0,0,0.0,0.0,43.6591,-70.2568,2022,12,24,21
2022-12-24 22:00:00,0.0,0.0,0.0,0.0,-9.4,41,21.1,245,1000.0,66,0,12,65,0.0,0.0,43.6591,-70.2568,2022,12,24,22
2022-12-24 23:00:00,0.0,0.0,0.0,0.0,-9.7,41,19.5,247,999.9,0,0,0,0,0.0,0.0,43.6591,-70.2568,2022,12,24,23
2022-12-25 00:00:00,0.0,0.0,0.0,0.0,-10.0,42,20.2,239,1000.4,6,0,6,0,0.0,0.0,43.6591,-70.2568,2022,12,25,0
2022-12-25 01:00:00,0.0,0.0,0.0,0.0,-10.1,42,20.7,235,1000.8,1,0,1,0,0.0,0.0,43.6591,-70.2568,2022,12,25,1
2022-12-25 02:00:00,0.0,0.0,0.0,0.0,-10.1,42,21.7,234,1001.0,12,0,12,0,0.0,0.0,43.6591,-70.2568,2022,12,25,2
2022-12-25 03:00:00,0.0,0.0,0.0,0.0,-10.1,42,20.4,238,1001.1,0,0,0,0,0.0,0.0,43.6591,-70.2568,2022,12,25,3
2022-12-25 04:00:00,0.0,0.0,0.0,0.0,-10.1,42,19.1,238,1001.1,1,0,1,0,0.0,0.0,43.6591,-70.2568,2022,12,25,4
2022-12-25 05:00:00,0.0,0.0,0.0,0.0,-10.2,42,18.5,237,1001.0,0,0,0,0,0.0,0.0,43.6591,-70.2568,2022,12,25,5
2022-12-25 06:00:00,0.0,0.0,0.0,0.0,-10.2,42,18.3,238,1001.5,2,0,2,0,0.0,0.0,43.6591,-70.2568,2022,12,25,6
2022-12-25 07:00:00,0.0,0.0,0.0,0.0,-10.3,42,17.5,233,1001.5,0,0,0,0,0.0,0.0,43.6591,-70.2568,2022,12,25,7
2022-12-25 08:00:00,0.0,0.0,0.0,0.0,-10.7,46,17.9,236,1002.0,25,0,60,0,0.0,0.0,43.6591,-70.2568,2022,12,25,8
2022-12-25 09:00:00,22.0,11.0,11.0,162.4,-10.2,44,17.8,238,1002.2,100,0,100,0,0.0,2462.72,43.6591,-70.2568,2022,12,25,9
2022-12-25 10:00:00,107.0,35.0,72.0,205.8,-8.8,41,19.8,237,1002.7,100,0,100,0,0.0,3600.0,43.6591,-70.2568,2022,12,25,10
2022-12-25 11:00:00,174.0,59.0,115.0,209.3,-7.5,38,20.7,235,1003.2,99,0,99,0,0.0,3600.0,43.6591,-70.2568,2022,12,25,11
2022-12-25 12:00:00,258.0,101.0,157.0,283.8,-6.2,36,20.6,237,1002.6,73,0,73,0,0.0,3600.0,43.6591,-70.2568,2022,12,25,12
2022-12-25 13:00:00,293.0,128.0,165.0,330.8,-4.9,33,20.5,239,1002.1,47,0,47,0,0.0,3600.0,43.6591,-70.2568,2022,12,25,13
2022-12-25 14:00:00,371.0,295.0,76.0,790.8,-3.7,31,19.7,235,1001.4,0,0,0,0,0.0,3600.0,43.6591,-70.2568,2022,12,25,14
2022-12-25 15:00:00,310.0,252.0,58.0,799.9,-3.4,30,20.0,240,1001.8,0,0,0,0,0.0,3600.0,43.6591,-70.2568,2022,12,25,15
2022-12-25 16:00:00,196.0,149.0,47.0,686.9,-3.4,31,19.5,236,1002.4,0,0,0,0,0.0,3600.0,43.6591,-70.2568,2022,12,25,16
2022-12-25 17:00:00,62.0,40.0,22.0,420.0,-4.1,34,17.4,230,1003.3,0,0,0,0,0.0,3600.0,43.6591,-70.2568,2022,12,25,17
2022-12-25 18:00:00,0.0,0.0,0.0,0.0,-4.6,36,18.1,226,1004.1,0,0,0,0,0.0,0.0,43.6591,-70.2568,2022,12,25,18
2022-12-25 19:00:00,0.0,0.0,0.0,0.0,-4.8,37,17.8,228,1004.9,0,0,0,0,0.0,0.0,43.6591,-70.2568,2022,12,25,19
2022-12-25 20:00:00,0.0,0.0,0.0,0.0,-5.3,41,18.1,229,1006.3,7,1,0,0,0.0,0.0,43.6591,-70.2568,2022,12,25,20
2022-12-25 21:00:00,0.0,0.0,0.0,0.0,-5.6,42,19.1,229,1007.0,98,0,62,98,0.0,0.0,43.6591,-70.2568,2022,12,25,21
2022-12-25 22:00:00,0.0,0.0,0.0,0.0,-5.4,43,18.3,234,1007.0,100,0,100,100,0.0,0.0,43.6591,-70.2568,2022,12,25,22
2022-12-25 23:00:00,0.0,0.0,0.0,0.0,-5.2,43,18.0,233,1007.1,11,0,8,3,0.0,0.0,43.6591,-70.2568,2022,12,25,23
2022-12-26 00:00:00,0.0,0.0,0.0,0.0,-5.6,46,17.9,236,1007.8,75,0,0,75,0.0,0.0,43.6591,-70.2568,2022,12,26,0
2022-12-26 01:00:00,0.0,0.0,0.0,0.0,-5.8,48,16.6,240,1007.7,0,0,0,0,0.0,0.0,43.6591,-70.2568,2022,12,26,1
2022-12-26 02:00:00,0.0,0.0,0.0,0.0,-6.0,49,16.6,243,1008.4,3,0,0,3,0.0,0.0,43.6591,-70.2568,2022,12,26,2
2022-12-26 03:00:00,0.0,0.0,0.0,0.0,-6.1,51,17.2,254,1009.2,0,0,0,0,0.0,0.0,43.6591,-70.2568,2022,12,26,3
2022-12-26 04:00:00,0.0,0.0,0.0,0.0,-6.2,53,16.5,260,1009.4,24,0,0,24,0.0,0.0,43.6591,-70.2568,2022,12,26,4
2022-12-26 05:00:00,0.0,0.0,0.0,0.0,-6.4,56,16.7,264,1009.8,45,0,7,45,0.0,0.0,43.6591,-70.2568,2022,12,26,5
2022-12-26 06:00:00,0.0,0.0,0.0,0.0,-6.4,59,16.3,265,1010.2,27,0,27,0,0.0,0.0,43.6591,-70.2568,2022,12,26,6
2022-12-26 07:00:00,0.0,0.0,0.0,0.0,-6.4,60,15.9,265,1011.0,0,0,0,0,0.0,0.0,43.6591,-70.2568,2022,12,26,7
2022-12-26 08:00:00,0.0,0.0,0.0,0.0,-6.2,59,16.7,256,1012.4,0,1,0,0,0.0,0.0,43.6591,-70.2568,2022,12,26,8
2022-12-26 09:00:00,23.0,13.0,10.0,193.0,-5.8,59,15.1,252,1013.3,0,0,0,0,0.0,2442.76,43.6591,-70.2568,2022,12,26,9
2022-12-26 10:00:00,142.0,101.0,41.0,596.1,-4.3,53,14.5,251,1014.1,0,0,0,0,0.0,3600.0,43.6591,-70.2568,2022,12,26,10
2022-12-26 11:00:00,268.0,211.0,57.0,749.3,-2.6,47,13.5,261,1014.5,0,0,0,0,0.0,3600.0,43.6591,-70.2568,2022,12,26,11
2022-12-26 12:00:00,356.0,293.0,63.0,823.2,-1.2,43,13.5,261,1014.1,75,0,0,75,0.0,3600.0,43.6591,-70.2568,2022,12,26,12
2022-12-26 13:00:00,394.0,328.0,66.0,846.7,-0.2,39,14.1,255,1013.5,66,0,0,66,0.0,3600.0,43.6591,-70.2568,2022,12,26,13
2022-12-26 14:00:00,376.0,312.0,64.0,834.6,0.3,36,16.7,251,1013.9,0,0,0,0,0.0,3600.0,43.6591,-70.2568,2022,12,26,14
2022-12-26 15:00:00,307.0,248.0,59.0,784.4,0.4,35,17.5,256,1014.5,93,0,0,93,0.0,3600.0,43.6591,-70.2568,2022,12,26,15
2022-12-26 16:00:00,189.0,135.0,54.0,618.4,0.1,37,15.6,263,1014.7,64,0,0,64,0.0,3600.0,43.6591,-70.2568,2022,12,26,16
2022-12-26 17:00:00,61.0,38.0,23.0,395.6,-1.6,44,11.4,259,1015.6,0,0,0,0,0.0,3600.0,43.6591,-70.2568,2022,12,26,17
2022-12-26 18:00:00,0.0,0.0,0.0,0.0,-3.1,50,11.2,249,1016.0,0,0,0,0,0.0,0.0,43.6591,-70.2568,2022,12,26,18
2022-12-26 19:00:00,0.0,0.0,0.0,0.0,-3.9,54,11.3,248,1017.0,56,0,36,48,0.0,0.0,43.6591,-70.2568,2022,12,26,19
2022-12-26 20:00:00,0.0,0.0,0.0,0.0,-4.0,53,10.6,252,1017.4,100,0,91,100,0.0,0.0,43.6591,-70.2568,2022,12,26,20
2022-12-26 21:00:00,0.0,0.0,0.0,0.0,-3.6,54,9.4,247,1017.5,100,0,98,100,0.0,0.0,43.6591,-70.2568,2022,12,26,21
2022-12-26 22:00:00,0.0,0.0,0.0,0.0,-3.2,52,9.8,234,1017.8,100,0,100,100,0.0,0.0,43.6591,-70.2568,2022,12,26,22
2022-12-26 23:00:00,0.0,0.0,0.0,0.0,-2.8,49,11.0,232,1017.5,100,0,100,100,0.0,0.0,43.6591,-70.2568,2022,12,26,23
2022-12-27 00:00:00,0.0,0.0,0.0,0.0,-3.0,49,11.7,236,1017.2,100,0,97,100,0.0,0.0,43.6591,-70.2568,2022,12,27,0
2022-12-27 01:00:00,0.0,0.0,0.0,0.0,-3.3,50,12.1,233,1017.0,100,0,94,97,0.0,0.0,43.6591,-70.2568,2022,12,27,1
2022-12-27 02:00:00,0.0,0.0,0.0,0.0,-3.5,51,12.2,236,1016.7,93,0,92,42,0.0,0.0,43.6591,-70.2568,2022,12,27,2
2022-12-27 03:00:00,0.0,0.0,0.0,0.0,-4.0,53,12.9,234,1017.2,100,0,100,100,0.0,0.0,43.6591,-70.2568,2022,12,27,3
2022-12-27 04:00:00,0.0,0.0,0.0,0.0,-3.6,53,12.1,233,1017.1,100,0,100,0,0.0,0.0,43.6591,-70.2568,2022,12,27,4
2022-12-27 05:00:00,0.0,0.0,0.0,0.0,-4.0,57,12.3,230,1016.5,60,0,60,0,0.0,0.0,43.6591,-70.2568,2022,12,27,5
2022-12-27 06:00:00,0.0,0.0,0.0,0.0,-4.6,61,13.2,235,1016.4,95,0,95,0,0.0,0.0,43.6591,-70.2568,2022,12,27,6
2022-12-27 07:00:00,0.0,0.0,0.0,0.0,-4.2,59,13.8,237,1016.5,100,0,100,10,0.0,0.0,43.6591,-70.2568,2022,12,27,7
2022-12-27 08:00:00,0.0,0.0,0.0,0.0,-4.0,62,12.4,248,1016.8,100,0,96,45,0.0,0.0,43.6591,-70.2568,2022,12,27,8
2022-12-27 09:00:00,11.0,1.0,10.0,14.9,-3.5,59,12.5,252,1016.9,83,0,81,7,0.0,0.0,43.6591,-70.2568,2022,12,27,9
2022-12-27 10:00:00,91.0,19.0,72.0,112.4,-2.6,55,13.1,261,1016.9,49,0,49,0,0.0,1573.33,43.6591,-70.2568,2022,12,27,10
2022-12-27 11:00:00,252.0,186.0,66.0,660.9,-1.3,51,13.8,261,1017.2,23,0,22,1,0.0,3600.0,43.6591,-70.2568,2022,12,27,11
2022-12-27 12:00:00,343.0,272.0,71.0,763.8,-0.2,48,13.3,257,1016.7,15,0,15,0,0.0,3600.0,43.6591,-70.2568,2022,12,27,12
2022-12-27 13:00:00,383.0,313.0,70.0,806.8,0.8,44,14.6,254,1016.0,18,0,18,0,0.0,3600.0,43.6591,-70.2568,2022,12,27,13
2022-12-27 14:00:00,369.0,303.0,66.0,808.6,1.2,41,16.0,262,1015.9,7,2,5,0,0.0,3600.0,43.6591,-70.2568,2022,12,27,14
2022-12-27 15:00:00,303.0,243.0,60.0,765.6,0.9,42,16.9,270,1016.1,1,1,1,0,0.0,3600.0,43.6591,-70.2568,2022,12,27,15
2022-12-27 16:00:00,191.0,142.0,49.0,645.9,0.7,41,15.9,275,1016.7,8,2,6,0,0.0,3600.0,43.6591,-70.2568,2022,12,27,16
2022-12-27 17:00:00,62.0,39.0,23.0,402.3,-0.8,46,11.1,283,1017.8,12,0,12,0,0.0,3600.0,43.6591,-70.2568,2022,12,27,17
2022-12-27 18:00:00,0.0,0.0,0.0,0.0,-2.4,54,9.2,291,1018.6,4,0,4,0,0.0,0.0,43.6591,-70.2568,2022,12,27,18
2022-12-27 19:00:00,0.0,0.0,0.0,0.0,-3.1,60,6.3,283,1019.6,0,0,0,0,0.0,0.0,43.6591,-70.2568,2022,12,27,19
2022-12-27 20:00:00,0.0,0.0,0.0,0.0,-3.8,62,6.1,315,1020.7,77,0,0,16,0.0,0.0,43.6591,-70.2568,2022,12,27,20
2022-12-27 21:00:00,0.0,0.0,0.0,0.0,-3.7,67,3.9,326,1021.2,0,0,0,0,0.0,0.0,43.6591,-70.2568,2022,12,27,21
2022-12-27 22:00:00,0.0,0.0,0.0,0.0,-3.9,68,2.4,297,1021.4,0,0,0,0,0.0,0.0,43.6591,-70.2568,2022,12,27,22
2022-12-27 23:00:00,0.0,0.0,0.0,0.0,-4.5,69,4.0,243,1021.8,16,0,0,16,0.0,0.0,43.6591,-70.2568,2022,12,27,23
2022-12-28 00:00:00,0.0,0.0,0.0,0.0,-4.6,66,6.2,249,1021.7,65,0,0,65,0.0,0.0,43.6591,-70.2568,2022,12,28,0
2022-12-28 01:00:00,0.0,0.0,0.0,0.0,-4.8,65,8.9,256,1021.4,41,0,0,41,0.0,0.0,43.6591,-70.2568,2022,12,28,1
2022-12-28 02:00:00,0.0,0.0,0.0,0.0,-4.9,66,9.1,252,1021.5,100,0,0,100,0.0,0.0,43.6591,-70.2568,2022,12,28,2
2022-12-28 03:00:00,0.0,0.0,0.0,0.0,-4.9,66,9.1,252,1021.9,100,0,48,100,0.0,0.0,43.6591,-70.2568,2022,12,28,3
2022-12-28 04:00:00,0.0,0.0,0.0,0.0,-4.9,67,7.9,254,1021.7,100,0,98,100,0.0,0.0,43.6591,-70.2568,2022,12,28,4
2022-12-28 05:00:00,0.0,0.0,0.0,0.0,-4.0,64,6.1,270,1021.8,100,0,96,98,0.0,0.0,43.6591,-70.2568,2022,12,28,5
2022-12-28 06:00:00,0.0,0.0,0.0,0.0,-3.7,62,6.5,236,1021.8,100,0,97,97,0.0,0.0,43.6591,-70.2568,2022,12,28,6
2022-12-28 07:00:00,0.0,0.0,0.0,0.0,-3.6,62,7.4,219,1021.7,98,0,82,88,0.0,0.0,43.6591,-70.2568,2022,12,28,7
2022-12-28 08:00:00,0.0,0.0,0.0,0.0,-4.8,63,8.2,241,1021.8,100,0,82,100,0.0,0.0,43.6591,-70.2568,2022,12,28,8
2022-12-28 09:00:00,15.0,1.0,14.0,15.0,-4.1,59,8.7,228,1022.1,100,0,98,99,0.0,0.0,43.6591,-70.2568,2022,12,28,9
2022-12-28 10:00:00,112.0,42.0,70.0,249.0,-2.3,52,9.1,214,1022.0,100,0,81,100,0.0,3600.0,43.6591,-70.2568,2022,12,28,10
2022-12-28 11:00:00,203.0,86.0,117.0,305.6,-0.7,46,11.3,207,1021.8,100,0,100,100,0.0,3600.0,43.6591,-70.2568,2022,12,28,11
2022-12-28 12:00:00,176.0,18.0,158.0,50.5,0.1,45,13.4,207,1020.7,100,0,76,100,0.0,0.0,43.6591,-70.2568,2022,12,28,12
2022-12-28 13:00:00,267.0,97.0,170.0,249.6,1.2,45,12.5,213,1020.0,100,100,100,100,0.0,3600.0,43.6591,-70.2568,2022,12,28,13
2022-12-28 14:00:00,120.0,4.0,116.0,10.6,1.2,48,11.1,209,1019.4,100,0,100,96,0.0,0.0,43.6591,-70.2568,2022,12,28,14
2022-12-28 15:00:00,35.0,0.0,35.0,0.0,0.7,54,9.8,216,1019.2,100,0,100,86,0.0,0.0,43.6591,-70.2568,2022,12,28,15
2022-12-28 16:00:00,30.0,0.0,30.0,0.0,0.6,57,9.7,219,1019.6,100,1,100,41,0.1,0.0,43.6591,-70.2568,2022,12,28,16
2022-12-28 17:00:00,11.0,0.0,11.0,0.0,0.4,60,9.2,225,1019.9,100,3,100,91,0.0,0.0,43.6591,-70.2568,2022,12,28,17
2022-12-28 18:00:00,0.0,0.0,0.0,0.0,-0.0,62,8.2,218,1019.5,94,0,80,79,0.0,0.0,43.6591,-70.2568,2022,12,28,18
2022-12-28 19:00:00,0.0,0.0,0.0,0.0,-0.4,62,7.2,233,1019.8,86,0,60,65,0.0,0.0,43.6591,-70.2568,2022,12,28,19
2022-12-28 20:00:00,0.0,0.0,0.0,0.0,-0.6,63,8.4,263,1020.1,98,0,100,95,0.0,0.0,43.6591,-70.2568,2022,12,28,20
2022-12-28 21:00:00,0.0,0.0,0.0,0.0,-0.5,62,8.7,265,1020.1,99,0,54,97,0.0,0.0,43.6591,-70.2568,2022,12,28,21
2022-12-28 22:00:00,0.0,0.0,0.0,0.0,-1.1,65,9.1,279,1020.3,98,0,36,97,0.0,0.0,43.6591,-70.2568,2022,12,28,22
2022-12-28 23:00:00,0.0,0.0,0.0,0.0,-1.6,68,7.0,291,1020.3,47,0,42,13,0.0,0.0,43.6591,-70.2568,2022,12,28,23
2022-12-29 00:00:00,0.0,0.0,0.0,0.0,-1.9,71,4.3,294,1020.3,100,0,98,99,0.0,0.0,43.6591,-70.2568,2022,12,29,0
2022-12-29 01:00:00,0.0,0.0,0.0,0.0,-1.2,69,4.5,299,1020.5,100,0,92,100,0.0,0.0,43.6591,-70.2568,2022,12,29,1
2022-12-29 02:00:00,0.0,0.0,0.0,0.0,-0.8,69,2.1,59,1020.4,100,0,96,100,0.0,0.0,43.6591,-70.2568,2022,12,29,2
2022-12-29 03:00:00,0.0,0.0,0.0,0.0,-1.7,78,4.7,67,1020.5,100,0,52,100,0.0,0.0,43.6591,-70.2568,2022,12,29,3
2022-12-29 04:00:00,0.0,0.0,0.0,0.0,-1.3,81,4.6,51,1021.1,100,0,51,100,0.0,0.0,43.6591,-70.2568,2022,12,29,4
2022-12-29 05:00:00,0.0,0.0,0.0,0.0,-2.3,86,5.5,23,1021.3,88,0,0,88,0.0,0.0,43.6591,-70.2568,2022,12,29,5
2022-12-29 06:00:00,0.0,0.0,0.0,0.0,-1.4,86,5.4,20,1021.4,100,0,0,100,0.0,0.0,43.6591,-70.2568,2022,12,29,6
2022-12-29 07:00:00,0.0,0.0,0.0,0.0,-1.4,87,8.1,21,1021.2,100,0,0,100,0.0,0.0,43.6591,-70.2568,2022,12,29,7
2022-12-29 08:00:00,0.0,0.0,0.0,0.0,-2.7,90,10.7,14,1022.5,100,0,0,100,0.0,0.0,43.6591,-70.2568,2022,12,29,8
2022-12-29 09:00:00,13.0,0.0,13.0,0.0,-1.8,83,9.7,15,1023.0,100,0,3,100,0.0,0.0,43.6591,-70.2568,2022,12,29,9
2022-12-29 10:00:00,84.0,10.0,74.0,59.4,-0.2,74,9.0,2,1023.0,100,0,3,100,0.0,0.0,43.6591,-70.2568,2022,12,29,10
2022-12-29 11:00:00,216.0,110.0,106.0,390.7,2.3,68,7.4,14,1023.0,87,2,26,85,0.0,3600.0,43.6591,-70.2568,2022,12,29,11
2022-12-29 12:00:00,321.0,229.0,92.0,641.6,4.4,67,6.6,22,1022.0,97,19,21,95,0.0,3600.0,43.6591,-70.2568,2022,12,29,12
2022-12-29 13:00:00,361.0,265.0,96.0,680.4,5.9,67,3.7,79,1020.5,96,8,50,91,0.0,3600.0,43.6591,-70.2568,2022,12,29,13
2022-12-29 14:00:00,326.0,228.0,98.0,604.9,6.4,70,4.4,145,1019.6,90,7,40,82,0.0,3600.0,43.6591,-70.2568,2022,12,29,14
2022-12-29 15:00:00,285.0,198.0,87.0,618.3,6.3,71,3.9,146,1019.0,99,12,2,99,0.0,3600.0,43.6591,-70.2568,2022,12,29,15
2022-12-29 16:00:00,186.0,129.0,57.0,578.1,3.9,85,5.4,143,1019.0,99,0,0,99,0.0,3600.0,43.6591,-70.2568,2022,12,29,16
2022-12-29 17:00:00,60.0,29.0,31.0,293.5,2.6,86,7.6,180,1018.7,97,0,0,97,0.0,3600.0,43.6591,-70.2568,2022,12,29,17
2022-12-29 18:00:00,0.0,0.0,0.0,0.0,0.8,89,5.4,228,1019.3,99,0,0,99,0.0,0.0,43.6591,-70.2568,2022,12,29,18
2022-12-29 19:00:00,0.0,0.0,0.0,0.0,-1.2,90,7.6,262,1019.4,97,0,0,97,0.0,0.0,43.6591,-70.2568,2022,12,29,19
2022-12-29 20:00:00,0.0,0.0,0.0,0.0,-1.6,91,3.1,324,1019.9,18,0,0,34,0.0,0.0,43.6591,-70.2568,2022,12,29,20
2022-12-29 21:00:00,0.0,0.0,0.0,0.0,-0.7,88,2.1,329,1019.7,60,0,0,60,0.0,0.0,43.6591,-70.2568,2022,12,29,21
2022-12-29 22:00:00,0.0,0.0,0.0,0.0,-0.7,88,2.5,315,1019.8,87,4,0,86,0.0,0.0,43.6591,-70.2568,2022,12,29,22
2022-12-29 23:00:00,0.0,0.0,0.0,0.0,-1.0,88,2.1,301,1019.8,12,12,0,0,0.0,0.0,43.6591,-70.2568,2022,12,29,23
2022-12-30 00:00:00,0.0,0.0,0.0,0.0,-1.8,91,5.4,274,1019.8,18,18,0,0,0.0,0.0,43.6591,-70.2568,2022,12,30,0
2022-12-30 01:00:00,0.0,0.0,0.0,0.0,-1.1,88,4.7,261,1019.7,15,15,0,0,0.0,0.0,43.6591,-70.2568,2022,12,30,1
2022-12-30 02:00:00,0.0,0.0,0.0,0.0,-0.9,84,5.8,263,1019.6,13,13,0,0,0.0,0.0,43.6591,-70.2568,2022,12,30,2
2022-12-30 03:00:00,0.0,0.0,0.0,0.0,-1.2,85,5.4,266,1019.7,4,4,0,0,0.0,0.0,43.6591,-70.2568,2022,12,30,3
2022-12-30 04:00:00,0.0,0.0,0.0,0.0,-1.3,86,4.9,287,1019.6,5,5,0,0,0.0,0.0,43.6591,-70.2568,2022,12,30,4
2022-12-30 05:00:00,0.0,0.0,0.0,0.0,-1.1,84,4.2,301,1019.5,15,15,0,0,0.0,0.0,43.6591,-70.2568,2022,12,30,5
2022-12-30 06:00:00,0.0,0.0,0.0,0.0,-1.2,85,6.6,319,1019.4,15,15,0,0,0.0,0.0,43.6591,-70.2568,2022,12,30,6
2022-12-30 07:00:00,0.0,0.0,0.0,0.0,0.2,78,4.6,315,1019.8,50,50,0,0,0.0,0.0,43.6591,-70.2568,2022,12,30,7
2022-12-30 08:00:00,0.0,0.0,0.0,0.0,-0.9,85,4.9,324,1020.4,10,3,0,0,0.0,0.0,43.6591,-70.2568,2022,12,30,8
2022-12-30 09:00:00,19.0,10.0,9.0,150.2,-0.4,86,4.3,312,1020.3,21,2,0,19,0.0,2391.93,43.6591,-70.2568,2022,12,30,9
2022-12-30 10:00:00,127.0,86.0,41.0,510.8,2.4,74,5.4,250,1020.3,98,2,3,98,0.0,3600.0,43.6591,-70.2568,2022,12,30,10
2022-12-30 11:00:00,221.0,134.0,87.0,475.5,5.0,73,4.1,218,1020.3,99,0,0,99,0.0,3600.0,43.6591,-70.2568,2022,12,30,11
2022-12-30 12:00:00,310.0,219.0,91.0,612.6,7.9,66,3.7,191,1019.5,99,1,0,99,0.0,3600.0,43.6591,-70.2568,2022,12,30,12
2022-12-30 13:00:00,337.0,225.0,112.0,576.3,10.0,60,3.9,158,1018.3,100,6,4,100,0.0,3600.0,43.6591,-70.2568,2022,12,30,13
2022-12-30 14:00:00,296.0,160.0,136.0,423.0,10.0,62,6.6,158,1017.5,100,1,0,100,0.0,3600.0,43.6591,-70.2568,2022,12,30,14
2022-12-30 15:00:00,245.0,125.0,120.0,388.4,8.7,71,7.3,160,1017.3,97,27,1,96,0.0,3600.0,43.6591,-70.2568,2022,12,30,15
2022-12-30 16:00:00,134.0,42.0,92.0,186.7,7.5,80,8.7,173,1017.0,99,53,5,97,0.0,3600.0,43.6591,-70.2568,2022,12,30,16
2022-12-30 17:00:00,46.0,13.0,33.0,130.2,5.9,90,10.9,189,1016.7,100,4,2,100,0.0,2332.91,43.6591,-70.2568,2022,12,30,17
2022-12-30 18:00:00,1.0,0.0,1.0,0.0,5.2,93,13.1,212,1016.5,99,0,0,99,0.0,0.0,43.6591,-70.2568,2022,12,30,18
2022-12-30 19:00:00,0.0,0.0,0.0,0.0,5.5,93,13.2,225,1016.6,100,6,5,100,0.0,0.0,43.6591,-70.2568,2022,12,30,19
2022-12-30 20:00:00,0.0,0.0,0.0,0.0,5.0,90,12.6,233,1016.5,98,3,2,98,0.0,0.0,43.6591,-70.2568,2022,12,30,20
2022-12-30 21:00:00,0.0,0.0,0.0,0.0,5.6,91,13.0,236,1016.4,97,0,2,97,0.0,0.0,43.6591,-70.2568,2022,12,30,21
2022-12-30 22:00:00,0.0,0.0,0.0,0.0,5.9,91,12.3,230,1015.7,95,0,2,95,0.0,0.0,43.6591,-70.2568,2022,12,30,22
2022-12-30 23:00:00,0.0,0.0,0.0,0.0,6.1,90,13.3,232,1015.4,100,0,4,100,0.0,0.0,43.6591,-70.2568,2022,12,30,23
2022-12-31 00:00:00,0.0,0.0,0.0,0.0,6.8,89,15.1,230,1015.0,90,0,0,90,0.0,0.0,43.6591,-70.2568,2022,12,31,0
2022-12-31 01:00:00,0.0,0.0,0.0,0.0,7.0,90,15.0,235,1014.7,100,0,0,100,0.0,0.0,43.6591,-70.2568,2022,12,31,1
2022-12-31 02:00:00,0.0,0.0,0.0,0.0,7.1,90,15.2,239,1014.4,100,1,19,100,0.0,0.0,43.6591,-70.2568,2022,12,31,2
2022-12-31 03:00:00,0.0,0.0,0.0,0.0,7.3,89,14.8,241,1014.5,100,0,0,100,0.0,0.0,43.6591,-70.2568,2022,12,31,3
2022-12-31 04:00:00,0.0,0.0,0.0,0.0,7.2,89,15.1,237,1014.3,100,0,0,100,0.0,0.0,43.6591,-70.2568,2022,12,31,4
2022-12-31 05:00:00,0.0,0.0,0.0,0.0,6.8,89,15.1,230,1014.0,100,0,0,100,0.0,0.0,43.6591,-70.2568,2022,12,31,5
2022-12-31 06:00:00,0.0,0.0,0.0,0.0,6.1,91,14.3,227,1013.3,100,0,0,100,0.0,0.0,43.6591,-70.2568,2022,12,31,6
2022-12-31 07:00:00,0.0,0.0,0.0,0.0,5.8,90,14.3,231,1013.5,100,0,0,100,0.0,0.0,43.6591,-70.2568,2022,12,31,7
2022-12-31 08:00:00,0.0,0.0,0.0,0.0,6.5,88,15.8,227,1013.4,100,0,0,100,0.0,0.0,43.6591,-70.2568,2022,12,31,8
2022-12-31 09:00:00,16.0,2.0,14.0,30.1,6.7,89,15.9,231,1013.0,100,0,0,100,0.0,0.0,43.6591,-70.2568,2022,12,31,9
2022-12-31 10:00:00,90.0,14.0,76.0,83.1,8.2,89,15.6,230,1013.0,100,0,0,100,0.0,693.89,43.6591,-70.2568,2022,12,31,10
2022-12-31 11:00:00,188.0,69.0,119.0,244.6,10.2,86,13.3,218,1012.5,100,0,0,100,0.0,3600.0,43.6591,-70.2568,2022,12,31,11
2022-12-31 12:00:00,244.0,83.0,161.0,231.7,12.4,81,12.5,219,1011.5,100,0,3,100,0.0,3600.0,43.6591,-70.2568,2022,12,31,12
2022-12-31 13:00:00,211.0,33.0,178.0,84.3,13.3,80,12.8,218,1010.5,100,0,96,100,0.0,728.79,43.6591,-70.2568,2022,12,31,13
2022-12-31 14:00:00,117.0,2.0,115.0,5.3,12.3,86,13.2,197,1009.6,100,0,90,100,0.0,0.0,43.6591,-70.2568,2022,12,31,14
2022-12-31 15:00:00,144.0,18.0,126.0,55.6,12.0,88,13.2,206,1009.3,100,0,67,100,0.0,0.0,43.6591,-70.2568,2022,12,31,15
2022-12-31 16:00:00,109.0,18.0,91.0,79.3,12.0,89,11.1,209,1008.7,100,0,99,100,0.0,579.24,43.6591,-70.2568,2022,12,31,16
2022-12-31 17:00:00,21.0,0.0,21.0,0.0,10.6,96,12.6,200,1008.2,100,12,100,100,0.0,0.0,43.6591,-70.2568,2022,12,31,17
2022-12-31 18:00:00,0.0,0.0,0.0,0.0,9.9,97,12.3,201,1007.5,100,6,100,100,0.1,0.0,43.6591,-70.2568,2022,12,31,18
2022-12-31 19:00:00,0.0,0.0,0.0,0.0,9.1,98,11.5,200,1006.7,100,3,95,100,0.3,0.0,43.6591,-70.2568,2022,12,31,19
2022-12-31 20:00:00,0.0,0.0,0.0,0.0,8.0,100,10.6,204,1006.3,100,63,100,100,0.6,0.0,43.6591,-70.2568,2022,12,31,20
2022-12-31 21:00:00,0.0,0.0,0.0,0.0,8.4,100,8.7,222,1005.3,100,94,100,100,1.0,0.0,43.6591,-70.2568,2022,12,31,21
2022-12-31 22:00:00,0.0,0.0,0.0,0.0,8.4,100,10.1,215,1004.3,100,100,98,100,0.5,0.0,43.6591,-70.2568,2022,12,31,22
2022-12-31 23:00:00,0.0,0.0,0.0,0.0,8.0,100,7.8,214,1003.0,100,100,100,100,0.5,0.0,43.6591,-70.2568,2022,12,31,23
