timestamp,ghi,direct_horizontal,dhi,dni,temperature,humidity,wind_speed,wind_direction,pressure,cloud_type,cloud_low,cloud_mid,cloud_high,precipitable_water,sunshine_duration,latitude,longitude,year,month,day,hour
2021-01-01 00:00:00,0.0,0.0,0.0,0.0,-2.5,73,10.0,291,1023.0,4,4,0,0,0.0,0.0,43.6591,-70.2568,2021,1,1,0
2021-01-01 01:00:00,0.0,0.0,0.0,0.0,-2.5,74,8.7,287,1023.7,39,18,0,34,0.0,0.0,43.6591,-70.2568,2021,1,1,1
2021-01-01 02:00:00,0.0,0.0,0.0,0.0,-2.4,74,6.9,279,1024.4,17,17,0,0,0.0,0.0,43.6591,-70.2568,2021,1,1,2
2021-01-01 03:00:00,0.0,0.0,0.0,0.0,-2.4,74,6.6,279,1025.4,9,9,0,0,0.0,0.0,43.6591,-70.2568,2021,1,1,3
2021-01-01 04:00:00,0.0,0.0,0.0,0.0,-2.7,76,5.9,281,1026.0,1,1,0,0,0.0,0.0,43.6591,-70.2568,2021,1,1,4
2021-01-01 05:00:00,0.0,0.0,0.0,0.0,-3.5,81,4.9,306,1026.2,0,0,0,0,0.0,0.0,43.6591,-70.2568,2021,1,1,5
2021-01-01 06:00:00,0.0,0.0,0.0,0.0,-4.0,83,6.3,329,1027.0,0,0,0,0,0.0,0.0,43.6591,-70.2568,2021,1,1,6
2021-01-01 07:00:00,0.0,0.0,0.0,0.0,-4.0,81,4.6,342,1027.9,0,0,0,0,0.0,0.0,43.6591,-70.2568,2021,1,1,7
2021-01-01 08:00:00,0.0,0.0,0.0,0.0,-4.6,88,4.0,333,1028.8,0,0,0,0,0.0,0.0,43.6591,-70.2568,2021,1,1,8
2021-01-01 09:00:00,22.0,12.0,10.0,180.3,-3.1,78,8.3,5,1029.3,0,0,0,0,0.0,2377.83,43.6591,-70.2568,2021,1,1,9
2021-01-01 10:00:00,142.0,101.0,41.0,598.9,-1.2,56,8.1,13,1029.6,1,0,0,1,0.0,3600.0,43.6591,-70.2568,2021,1,1,10
2021-01-01 11:00:00,268.0,213.0,55.0,752.8,0.1,53,3.9,22,1029.8,0,0,0,0,0.0,3600.0,43.6591,-70.2568,2021,1,1,11
2021-01-01 12:00:00,360.0,298.0,62.0,828.5,1.1,51,2.6,164,1029.3,0,0,0,0,0.0,3600.0,43.6591,-70.2568,2021,1,1,12
2021-01-01 13:00:00,400.0,335.0,65.0,851.2,1.7,51,4.8,138,1027.5,29,1,0,28,0.0,3600.0,43.6591,-70.2568,2021,1,1,13
2021-01-01 14:00:00,384.0,319.0,65.0,834.3,1.9,55,9.0,164,1027.3,100,1,0,100,0.0,3600.0,43.6591,-70.2568,2021,1,1,14
2021-01-01 15:00:00,297.0,206.0,91.0,630.4,1.7,62,9.1,171,1027.0,100,0,0,100,0.0,3600.0,43.6591,-70.2568,2021,1,1,15
2021-01-01 16:00:00,172.0,84.0,88.0,364.3,1.3,68,8.0,162,1026.7,100,0,0,100,0.0,3600.0,43.6591,-70.2568,2021,1,1,16
2021-01-01 17:00:00,50.0,7.0,43.0,67.9,0.0,77,8.6,147,1025.9,100,0,0,100,0.0,291.36,43.6591,-70.2568,2021,1,1,17
2021-01-01 18:00:00,1.0,0.0,1.0,0.0,0.1,81,8.1,159,1025.3,100,0,0,100,0.0,0.0,43.6591,-70.2568,2021,1,1,18
2021-01-01 19:00:00,0.0,0.0,0.0,0.0,0.2,84,9.3,208,1024.9,100,0,57,100,0.0,0.0,43.6591,-70.2568,2021,1,1,19
2021-01-01 20:00:00,0.0,0.0,0.0,0.0,-0.3,83,5.0,201,1025.1,100,0,98,100,0.0,0.0,43.6591,-70.2568,2021,1,1,20
2021-01-01 21:00:00,0.0,0.0,0.0,0.0,-0.3,85,3.7,209,1024.0,100,0,99,100,0.0,0.0,43.6591,-70.2568,2021,1,1,21
2021-01-01 22:00:00,0.0,0.0,0.0,0.0,-0.1,81,6.4,223,1023.7,100,2,99,100,0.0,0.0,43.6591,-70.2568,2021,1,1,22
2021-01-01 23:00:00,0.0,0.0,0.0,0.0,0.1,82,4.2,200,1021.7,100,7,99,100,0.0,0.0,43.6591,-70.2568,2021,1,1,23
2021-01-02 00:00:00,0.0,0.0,0.0,0.0,0.8,83,7.9,204,1020.4,100,5,99,100,0.1,0.0,43.6591,-70.2568,2021,1,2,0
2021-01-02 01:00:00,0.0,0.0,0.0,0.0,0.5,86,6.1,242,1019.2,100,16,100,88,0.2,0.0,43.6591,-70.2568,2021,1,2,1
2021-01-02 02:00:00,0.0,0.0,0.0,0.0,-0.3,91,2.8,310,1018.0,100,92,100,100,1.3,0.0,43.6591,-70.2568,2021,1,2,2
2021-01-02 03:00:00,0.0,0.0,0.0,0.0,-0.2,95,1.8,79,1017.2,100,99,100,22,2.4,0.0,43.6591,-70.2568,2021,1,2,3
2021-01-02 04:00:00,0.0,0.0,0.0,0.0,0.7,99,9.2,132,1015.5,100,100,100,13,2.4,0.0,43.6591,-70.2568,2021,1,2,4
2021-01-02 05:00:00,0.0,0.0,0.0,0.0,1.6,99,16.8,133,1013.2,100,100,100,8,1.4,0.0,43.6591,-70.2568,2021,1,2,5
2021-01-02 06:00:00,0.0,0.0,0.0,0.0,2.1,100,20.7,121,1010.4,100,100,100,36,0.6,0.0,43.6591,-70.2568,2021,1,2,6
2021-01-02 07:00:00,0.0,0.0,0.0,0.0,2.3,100,20.1,111,1008.1,100,100,100,16,1.9,0.0,43.6591,-70.2568,2021,1,2,7
2021-01-02 08:00:00,0.0,0.0,0.0,0.0,2.1,100,21.3,93,1005.5,100,100,100,30,1.7,0.0,43.6591,-70.2568,2021,1,2,8
2021-01-02 09:00:00,2.0,0.0,2.0,0.0,2.5,100,20.2,93,1004.6,100,100,100,65,1.8,0.0,43.6591,-70.2568,2021,1,2,9
2021-01-02 10:00:00,9.0,0.0,9.0,0.0,2.5,100,16.1,74,1002.9,100,100,100,82,1.7,0.0,43.6591,-70.2568,2021,1,2,10
2021-01-02 11:00:00,19.0,0.0,19.0,0.0,1.3,100,12.8,10,1002.8,100,100,96,96,2.1,0.0,43.6591,-70.2568,2021,1,2,11
2021-01-02 12:00:00,27.0,0.0,27.0,0.0,0.9,100,16.3,14,999.8,100,99,97,32,1.7,0.0,43.6591,-70.2568,2021,1,2,12
2021-01-02 13:00:00,105.0,4.0,101.0,10.1,1.5,100,17.1,352,999.0,100,100,100,0,0.5,0.0,43.6591,-70.2568,2021,1,2,13
2021-01-02 14:00:00,57.0,0.0,57.0,0.0,1.6,92,17.9,335,1000.4,100,100,100,0,0.1,0.0,43.6591,-70.2568,2021,1,2,14
2021-01-02 15:00:00,35.0,0.0,35.0,0.0,1.2,90,16.8,332,1001.3,100,100,62,0,0.1,0.0,43.6591,-70.2568,2021,1,2,15
2021-01-02 16:00:00,87.0,4.0,83.0,17.2,1.5,86,18.8,334,1003.0,99,98,95,0,0.0,0.0,43.6591,-70.2568,2021,1,2,16
2021-01-02 17:00:00,21.0,1.0,20.0,9.6,1.4,83,16.2,343,1004.3,22,0,22,0,0.0,0.0,43.6591,-70.2568,2021,1,2,17
2021-01-02 18:00:00,1.0,0.0,1.0,0.0,0.8,83,16.1,333,1006.1,10,10,0,0,0.0,0.0,43.6591,-70.2568,2021,1,2,18
2021-01-02 19:00:00,0.0,0.0,0.0,0.0,1.1,80,16.4,331,1008.0,46,46,0,0,0.0,0.0,43.6591,-70.2568,2021,1,2,19
2021-01-02 20:00:00,0.0,0.0,0.0,0.0,1.7,80,15.6,322,1010.0,89,10,0,0,0.0,0.0,43.6591,-70.2568,2021,1,2,20
2021-01-02 21:00:00,0.0,0.0,0.0,0.0,0.8,84,16.8,325,1011.1,37,37,0,0,0.0,0.0,43.6591,-70.2568,2021,1,2,21
2021-01-02 22:00:00,0.0,0.0,0.0,0.0,0.4,83,15.5,324,1012.7,54,54,0,0,0.0,0.0,43.6591,-70.2568,2021,1,2,22
2021-01-02 23:00:00,0.0,0.0,0.0,0.0,-0.1,78,18.4,329,1014.0,17,17,0,0,0.0,0.0,43.6591,-70.2568,2021,1,2,23
2021-01-03 00:00:00,0.0,0.0,0.0,0.0,-1.3,77,17.4,330,1015.2,1,1,0,0,0.0,0.0,43.6591,-70.2568,2021,1,3,0
2021-01-03 01:00:00,0.0,0.0,0.0,0.0,-2.2,78,15.3,336,1015.9,0,0,0,0,0.0,0.0,43.6591,-70.2568,2021,1,3,1
2021-01-03 02:00:00,0.0,0.0,0.0,0.0,-2.7,79,14.1,347,1016.4,0,0,0,0,0.0,0.0,43.6591,-70.2568,2021,1,3,2
2021-01-03 03:00:00,0.0,0.0,0.0,0.0,-3.1,79,13.7,355,1016.6,0,0,0,0,0.0,0.0,43.6591,-70.2568,2021,1,3,3
2021-01-03 04:00:00,0.0,0.0,0.0,0.0,-3.5,80,11.9,355,1016.9,0,0,0,0,0.0,0.0,43.6591,-70.2568,2021,1,3,4
2021-01-03 05:00:00,0.0,0.0,0.0,0.0,-4.0,82,9.4,353,1017.4,0,0,0,0,0.0,0.0,43.6591,-70.2568,2021,1,3,5
2021-01-03 06:00:00,0.0,0.0,0.0,0.0,-4.2,84,7.1,336,1018.2,0,0,0,0,0.0,0.0,43.6591,-70.2568,2021,1,3,6
2021-01-03 07:00:00,0.0,0.0,0.0,0.0,-4.2,84,8.3,355,1018.5,0,0,0,0,0.0,0.0,43.6591,-70.2568,2021,1,3,7
2021-01-03 08:00:00,0.0,0.0,0.0,0.0,-3.9,87,5.1,352,1019.5,0,2,0,0,0.0,0.0,43.6591,-70.2568,2021,1,3,8
2021-01-03 09:00:00,20.0,11.0,9.0,164.8,-3.1,84,8.7,17,1019.4,1,1,0,0,0.0,2376.19,43.6591,-70.2568,2021,1,3,9
2021-01-03 10:00:00,129.0,85.0,44.0,502.2,-1.7,76,9.4,47,1019.7,64,13,0,59,0.0,3600.0,43.6591,-70.2568,2021,1,3,10
2021-01-03 11:00:00,218.0,127.0,91.0,446.8,-1.0,73,9.8,54,1019.5,96,74,0,85,0.0,3600.0,43.6591,-70.2568,2021,1,3,11
2021-01-03 12:00:00,266.0,155.0,111.0,428.5,-0.4,71,3.9,112,1020.3,100,100,0,100,0.0,3600.0,43.6591,-70.2568,2021,1,3,12
2021-01-03 13:00:00,161.0,5.0,156.0,12.6,-0.7,72,6.2,83,1018.4,100,100,0,100,0.0,0.0,43.6591,-70.2568,2021,1,3,13
2021-01-03 14:00:00,169.0,19.0,150.0,49.2,-0.5,72,6.5,87,1017.4,100,100,0,100,0.0,0.0,43.6591,-70.2568,2021,1,3,14
2021-01-03 15:00:00,131.0,11.0,120.0,33.2,-0.6,72,9.3,77,1015.6,100,97,0,100,0.0,0.0,43.6591,-70.2568,2021,1,3,15
2021-01-03 16:00:00,90.0,5.0,85.0,21.3,-0.6,73,6.1,90,1016.0,100,98,91,33,0.0,0.0,43.6591,-70.2568,2021,1,3,16
2021-01-03 17:00:00,23.0,1.0,22.0,9.5,-0.7,76,3.3,77,1016.3,100,99,80,0,0.0,0.0,43.6591,-70.2568,2021,1,3,17
2021-01-03 18:00:00,0.0,0.0,0.0,0.0,-0.8,78,4.8,27,1016.3,100,98,92,0,0.0,0.0,43.6591,-70.2568,2021,1,3,18
2021-01-03 19:00:00,0.0,0.0,0.0,0.0,-0.7,79,5.0,30,1016.4,100,99,82,1,0.0,0.0,43.6591,-70.2568,2021,1,3,19
2021-01-03 20:00:00,0.0,0.0,0.0,0.0,-1.3,75,7.1,15,1016.3,100,96,94,31,0.0,0.0,43.6591,-70.2568,2021,1,3,20
2021-01-03 21:00:00,0.0,0.0,0.0,0.0,-1.5,75,7.6,3,1016.5,92,82,73,54,0.3,0.0,43.6591,-70.2568,2021,1,3,21
2021-01-03 22:00:00,0.0,0.0,0.0,0.0,-2.1,77,9.4,4,1016.3,95,65,87,44,0.1,0.0,43.6591,-70.2568,2021,1,3,22
2021-01-03 23:00:00,0.0,0.0,0.0,0.0,-2.2,76,10.6,18,1015.5,100,2,100,84,0.1,0.0,43.6591,-70.2568,2021,1,3,23
2021-01-04 00:00:00,0.0,0.0,0.0,0.0,-2.2,76,11.1,13,1014.5,90,2,90,4,0.1,0.0,43.6591,-70.2568,2021,1,4,0
2021-01-04 01:00:00,0.0,0.0,0.0,0.0,-2.5,77,9.5,11,1014.0,98,34,97,12,0.0,0.0,43.6591,-70.2568,2021,1,4,1
2021-01-04 02:00:00,0.0,0.0,0.0,0.0,-2.4,75,10.8,2,1013.5,99,48,98,72,0.0,0.0,43.6591,-70.2568,2021,1,4,2
2021-01-04 03:00:00,0.0,0.0,0.0,0.0,-2.4,75,10.1,6,1013.8,99,97,90,97,0.0,0.0,43.6591,-70.2568,2021,1,4,3
2021-01-04 04:00:00,0.0,0.0,0.0,0.0,-2.3,75,11.2,6,1013.6,96,94,82,84,0.0,0.0,43.6591,-70.2568,2021,1,4,4
2021-01-04 05:00:00,0.0,0.0,0.0,0.0,-2.5,77,11.9,5,1013.3,100,99,89,93,0.0,0.0,43.6591,-70.2568,2021,1,4,5
2021-01-04 06:00:00,0.0,0.0,0.0,0.0,-2.6,77,12.6,360,1013.1,100,99,87,98,0.0,0.0,43.6591,-70.2568,2021,1,4,6
2021-01-04 07:00:00,0.0,0.0,0.0,0.0,-2.6,75,12.6,355,1013.2,99,87,82,97,0.0,0.0,43.6591,-70.2568,2021,1,4,7
2021-01-04 08:00:00,0.0,0.0,0.0,0.0,-2.4,81,11.9,358,1012.9,86,95,65,16,0.0,0.0,43.6591,-70.2568,2021,1,4,8
2021-01-04 09:00:00,9.0,1.0,8.0,14.9,-2.2,80,12.6,2,1013.5,92,86,61,4,0.0,0.0,43.6591,-70.2568,2021,1,4,9
2021-01-04 10:00:00,85.0,28.0,57.0,165.0,-1.5,79,11.6,7,1014.0,94,71,80,51,0.0,3148.71,43.6591,-70.2568,2021,1,4,10
2021-01-04 11:00:00,112.0,15.0,97.0,52.6,-0.6,77,11.3,9,1013.8,100,84,95,91,0.0,0.0,43.6591,-70.2568,2021,1,4,11
2021-01-04 12:00:00,84.0,4.0,80.0,11.0,-0.3,75,13.3,358,1012.7,100,73,98,100,0.0,0.0,43.6591,-70.2568,2021,1,4,12
2021-01-04 13:00:00,124.0,1.0,123.0,2.5,0.5,73,10.4,14,1012.3,95,58,83,81,0.0,0.0,43.6591,-70.2568,2021,1,4,13
2021-01-04 14:00:00,248.0,77.0,171.0,198.6,1.6,70,10.4,14,1011.6,100,11,88,99,0.0,3600.0,43.6591,-70.2568,2021,1,4,14
2021-01-04 15:00:00,205.0,53.0,152.0,159.1,1.8,69,10.5,16,1011.4,100,4,11,100,0.0,2973.31,43.6591,-70.2568,2021,1,4,15
2021-01-04 16:00:00,144.0,41.0,103.0,172.5,1.4,70,11.2,15,1011.4,100,2,25,100,0.0,3376.36,43.6591,-70.2568,2021,1,4,16
2021-01-04 17:00:00,54.0,11.0,43.0,102.0,0.3,76,11.4,13,1011.8,100,3,29,100,0.0,1259.73,43.6591,-70.2568,2021,1,4,17
2021-01-04 18:00:00,1.0,0.0,1.0,0.0,-0.6,80,14.8,4,1011.6,96,8,8,96,0.0,0.0,43.6591,-70.2568,2021,1,4,18
2021-01-04 19:00:00,0.0,0.0,0.0,0.0,-0.9,80,16.4,9,1011.6,99,22,39,97,0.0,0.0,43.6591,-70.2568,2021,1,4,19
2021-01-04 20:00:00,0.0,0.0,0.0,0.0,-1.1,84,14.8,1,1011.5,99,10,48,100,0.0,0.0,43.6591,-70.2568,2021,1,4,20
2021-01-04 21:00:00,0.0,0.0,0.0,0.0,-1.4,84,15.5,5,1011.7,100,10,58,100,0.0,0.0,43.6591,-70.2568,2021,1,4,21
2021-01-04 22:00:00,0.0,0.0,0.0,0.0,-1.5,82,16.3,6,1011.6,100,13,55,100,0.0,0.0,43.6591,-70.2568,2021,1,4,22
2021-01-04 23:00:00,0.0,0.0,0.0,0.0,-1.7,80,16.3,8,1011.3,98,34,85,97,0.0,0.0,43.6591,-70.2568,2021,1,4,23
2021-01-05 00:00:00,0.0,0.0,0.0,0.0,-1.9,80,16.0,9,1011.0,98,76,93,96,0.0,0.0,43.6591,-70.2568,2021,1,5,0
2021-01-05 01:00:00,0.0,0.0,0.0,0.0,-2.0,81,15.1,3,1010.8,99,94,88,83,0.0,0.0,43.6591,-70.2568,2021,1,5,1
2021-01-05 02:00:00,0.0,0.0,0.0,0.0,-2.1,81,15.9,3,1010.7,99,98,87,31,0.0,0.0,43.6591,-70.2568,2021,1,5,2
2021-01-05 03:00:00,0.0,0.0,0.0,0.0,-2.0,81,16.3,6,1010.9,99,96,91,3,0.0,0.0,43.6591,-70.2568,2021,1,5,3
2021-01-05 04:00:00,0.0,0.0,0.0,0.0,-1.9,80,15.9,6,1010.6,98,81,95,0,0.0,0.0,43.6591,-70.2568,2021,1,5,4
2021-01-05 05:00:00,0.0,0.0,0.0,0.0,-1.8,81,14.8,4,1010.3,94,19,93,0,0.0,0.0,43.6591,-70.2568,2021,1,5,5
2021-01-05 06:00:00,0.0,0.0,0.0,0.0,-1.8,81,15.5,5,1010.4,97,10,96,0,0.0,0.0,43.6591,-70.2568,2021,1,5,6
2021-01-05 07:00:00,0.0,0.0,0.0,0.0,-1.7,82,14.0,359,1010.5,98,17,98,0,0.0,0.0,43.6591,-70.2568,2021,1,5,7
2021-01-05 08:00:00,0.0,0.0,0.0,0.0,-1.6,83,14.4,1,1010.7,99,99,100,0,0.1,0.0,43.6591,-70.2568,2021,1,5,8
2021-01-05 09:00:00,3.0,0.0,3.0,0.0,-1.5,83,14.5,6,1011.2,100,100,100,0,0.3,0.0,43.6591,-70.2568,2021,1,5,9
2021-01-05 10:00:00,22.0,0.0,22.0,0.0,-1.3,82,15.7,9,1011.3,100,100,100,0,0.3,0.0,43.6591,-70.2568,2021,1,5,10
2021-01-05 11:00:00,36.0,0.0,36.0,0.0,-1.1,82,14.9,8,1011.0,100,98,100,0,0.3,0.0,43.6591,-70.2568,2021,1,5,11
2021-01-05 12:00:00,82.0,2.0,80.0,5.5,-0.5,80,15.5,13,1010.2,100,99,100,0,0.3,0.0,43.6591,-70.2568,2021,1,5,12
2021-01-05 13:00:00,91.0,2.0,89.0,5.0,-0.2,79,14.1,4,1009.4,100,100,99,0,0.2,0.0,43.6591,-70.2568,2021,1,5,13
2021-01-05 14:00:00,100.0,2.0,98.0,5.1,-0.0,78,15.2,5,1009.0,100,99,98,0,0.2,0.0,43.6591,-70.2568,2021,1,5,14
2021-01-05 15:00:00,92.0,6.0,86.0,17.9,0.0,78,14.8,359,1009.1,100,99,95,1,0.1,0.0,43.6591,-70.2568,2021,1,5,15
2021-01-05 16:00:00,44.0,1.0,43.0,4.2,-0.1,79,14.8,357,1009.6,99,99,98,0,0.2,0.0,43.6591,-70.2568,2021,1,5,16
2021-01-05 17:00:00,17.0,1.0,16.0,9.1,-0.3,80,15.5,360,1009.9,100,98,99,0,0.2,0.0,43.6591,-70.2568,2021,1,5,17
2021-01-05 18:00:00,1.0,0.0,1.0,0.0,-0.5,81,16.2,3,1010.1,100,95,100,0,0.2,0.0,43.6591,-70.2568,2021,1,5,18
2021-01-05 19:00:00,0.0,0.0,0.0,0.0,-0.7,83,16.2,3,1010.1,99,81,95,76,0.2,0.0,43.6591,-70.2568,2021,1,5,19
2021-01-05 20:00:00,0.0,0.0,0.0,0.0,-1.0,84,15.8,1,1010.2,100,62,100,59,0.2,0.0,43.6591,-70.2568,2021,1,5,20
2021-01-05 21:00:00,0.0,0.0,0.0,0.0,-0.9,83,15.8,1,1010.1,100,100,100,94,0.3,0.0,43.6591,-70.2568,2021,1,5,21
2021-01-05 22:00:00,0.0,0.0,0.0,0.0,-1.0,83,16.2,359,1009.8,100,100,100,0,0.3,0.0,43.6591,-70.2568,2021,1,5,22
2021-01-05 23:00:00,0.0,0.0,0.0,0.0,-1.1,82,16.3,354,1009.2,100,99,97,68,0.2,0.0,43.6591,-70.2568,2021,1,5,23
2021-01-06 00:00:00,0.0,0.0,0.0,0.0,-1.2,79,17.0,354,1008.8,98,93,95,0,0.0,0.0,43.6591,-70.2568,2021,1,6,0
2021-01-06 01:00:00,0.0,0.0,0.0,0.0,-1.2,77,17.4,354,1008.6,92,79,84,0,0.0,0.0,43.6591,-70.2568,2021,1,6,1
2021-01-06 02:00:00,0.0,0.0,0.0,0.0,-1.3,76,16.7,354,1008.6,94,76,60,63,0.0,0.0,43.6591,-70.2568,2021,1,6,2
2021-01-06 03:00:00,0.0,0.0,0.0,0.0,-1.3,75,16.6,356,1008.7,94,70,31,81,0.0,0.0,43.6591,-70.2568,2021,1,6,3
2021-01-06 04:00:00,0.0,0.0,0.0,0.0,-1.2,73,16.6,359,1008.5,93,70,79,75,0.0,0.0,43.6591,-70.2568,2021,1,6,4
2021-01-06 05:00:00,0.0,0.0,0.0,0.0,-1.1,72,16.9,360,1008.4,93,69,85,1,0.0,0.0,43.6591,-70.2568,2021,1,6,5
2021-01-06 06:00:00,0.0,0.0,0.0,0.0,-1.3,72,16.6,356,1008.2,90,57,79,1,0.0,0.0,43.6591,-70.2568,2021,1,6,6
2021-01-06 07:00:00,0.0,0.0,0.0,0.0,-1.6,72,16.2,356,1008.4,59,44,49,0,0.0,0.0,43.6591,-70.2568,2021,1,6,7
2021-01-06 08:00:00,0.0,0.0,0.0,0.0,-0.4,70,12.9,342,1007.6,69,23,93,5,0.0,0.0,43.6591,-70.2568,2021,1,6,8
2021-01-06 09:00:00,7.0,1.0,6.0,14.8,-0.5,69,14.8,346,1008.2,86,20,83,4,0.0,0.0,43.6591,-70.2568,2021,1,6,9
2021-01-06 10:00:00,94.0,32.0,62.0,187.0,-0.0,67,15.0,350,1008.4,79,18,22,71,0.0,3600.0,43.6591,-70.2568,2021,1,6,10
2021-01-06 11:00:00,214.0,136.0,78.0,473.6,0.6,62,18.2,352,1008.3,95,22,9,94,0.0,3600.0,43.6591,-70.2568,2021,1,6,11
2021-01-06 12:00:00,282.0,188.0,94.0,514.0,1.4,58,18.8,353,1007.9,93,17,31,90,0.0,3600.0,43.6591,-70.2568,2021,1,6,12
2021-01-06 13:00:00,326.0,219.0,107.0,545.5,2.2,53,18.6,350,1007.5,92,14,68,85,0.0,3600.0,43.6591,-70.2568,2021,1,6,13
2021-01-06 14:00:00,254.0,109.0,145.0,278.1,2.4,52,17.3,343,1007.4,98,16,96,70,0.0,3600.0,43.6591,-70.2568,2021,1,6,14
2021-01-06 15:00:00,147.0,12.0,135.0,35.5,2.4,53,15.8,339,1007.7,99,14,98,84,0.0,0.0,43.6591,-70.2568,2021,1,6,15
2021-01-06 16:00:00,72.0,5.0,67.0,20.6,2.1,58,14.5,330,1008.1,98,9,94,96,0.0,0.0,43.6591,-70.2568,2021,1,6,16
2021-01-06 17:00:00,44.0,3.0,41.0,26.5,1.4,60,16.0,329,1008.3,99,6,63,98,0.0,0.0,43.6591,-70.2568,2021,1,6,17
2021-01-06 18:00:00,2.0,0.0,2.0,0.0,0.5,61,17.1,330,1008.5,98,5,70,96,0.0,0.0,43.6591,-70.2568,2021,1,6,18
2021-01-06 19:00:00,0.0,0.0,0.0,0.0,-0.2,63,18.1,329,1008.6,96,7,20,95,0.0,0.0,43.6591,-70.2568,2021,1,6,19
2021-01-06 20:00:00,0.0,0.0,0.0,0.0,-0.1,61,18.5,327,1007.9,97,6,93,96,0.0,0.0,43.6591,-70.2568,2021,1,6,20
2021-01-06 21:00:00,0.0,0.0,0.0,0.0,0.1,60,18.0,331,1008.2,98,10,89,93,0.0,0.0,43.6591,-70.2568,2021,1,6,21
2021-01-06 22:00:00,0.0,0.0,0.0,0.0,-0.3,61,18.7,332,1008.5,100,6,99,88,0.0,0.0,43.6591,-70.2568,2021,1,6,22
2021-01-06 23:00:00,0.0,0.0,0.0,0.0,-0.5,58,19.7,332,1008.7,94,8,90,54,0.0,0.0,43.6591,-70.2568,2021,1,6,23
2021-01-07 00:00:00,0.0,0.0,0.0,0.0,-0.9,59,20.5,332,1008.8,98,68,96,6,0.0,0.0,43.6591,-70.2568,2021,1,7,0
2021-01-07 01:00:00,0.0,0.0,0.0,0.0,-0.9,59,19.2,332,1008.7,93,17,91,30,0.0,0.0,43.6591,-70.2568,2021,1,7,1
2021-01-07 02:00:00,0.0,0.0,0.0,0.0,-1.0,61,17.7,333,1009.0,100,88,100,57,0.0,0.0,43.6591,-70.2568,2021,1,7,2
2021-01-07 03:00:00,0.0,0.0,0.0,0.0,-0.8,59,16.6,333,1009.5,89,41,41,81,0.0,0.0,43.6591,-70.2568,2021,1,7,3
2021-01-07 04:00:00,0.0,0.0,0.0,0.0,-1.1,59,16.4,331,1009.5,91,2,76,76,0.0,0.0,43.6591,-70.2568,2021,1,7,4
2021-01-07 05:00:00,0.0,0.0,0.0,0.0,-1.1,59,16.8,332,1009.3,99,0,99,24,0.0,0.0,43.6591,-70.2568,2021,1,7,5
2021-01-07 06:00:00,0.0,0.0,0.0,0.0,-0.9,57,17.4,330,1009.5,100,6,100,88,0.0,0.0,43.6591,-70.2568,2021,1,7,6
2021-01-07 07:00:00,0.0,0.0,0.0,0.0,-1.1,57,18.5,331,1010.1,99,2,95,97,0.0,0.0,43.6591,-70.2568,2021,1,7,7
2021-01-07 08:00:00,0.0,0.0,0.0,0.0,-0.1,56,18.0,327,1010.3,97,0,79,93,0.0,0.0,43.6591,-70.2568,2021,1,7,8
2021-01-07 09:00:00,11.0,1.0,10.0,14.7,-0.5,57,17.6,334,1011.4,96,1,28,95,0.0,0.0,43.6591,-70.2568,2021,1,7,9
2021-01-07 10:00:00,96.0,31.0,65.0,180.3,-0.7,56,18.4,332,1011.7,88,2,0,87,0.0,3600.0,43.6591,-70.2568,2021,1,7,10
2021-01-07 11:00:00,253.0,170.0,83.0,589.5,-0.2,53,20.1,331,1011.7,77,1,2,76,0.0,3600.0,43.6591,-70.2568,2021,1,7,11
2021-01-07 12:00:00,329.0,214.0,115.0,582.6,0.6,50,18.2,335,1011.3,75,3,0,75,0.0,3600.0,43.6591,-70.2568,2021,1,7,12
2021-01-07 13:00:00,357.0,223.0,134.0,552.8,1.5,47,17.1,332,1010.9,69,2,0,69,0.0,3600.0,43.6591,-70.2568,2021,1,7,13
2021-01-07 14:00:00,363.0,247.0,116.0,626.7,2.1,46,17.5,328,1010.6,41,1,0,40,0.0,3600.0,43.6591,-70.2568,2021,1,7,14
2021-01-07 15:00:00,333.0,262.0,71.0,770.1,2.4,46,17.1,325,1010.7,8,0,0,8,0.0,3600.0,43.6591,-70.2568,2021,1,7,15
2021-01-07 16:00:00,224.0,173.0,51.0,705.2,1.8,50,16.2,323,1011.1,31,0,0,31,0.0,3600.0,43.6591,-70.2568,2021,1,7,16
2021-01-07 17:00:00,87.0,56.0,31.0,483.3,0.4,52,17.2,327,1011.4,46,0,0,45,0.0,3600.0,43.6591,-70.2568,2021,1,7,17
2021-01-07 18:00:00,3.0,1.0,2.0,19.1,-0.7,53,17.9,335,1012.0,43,0,0,43,0.0,0.0,43.6591,-70.2568,2021,1,7,18
2021-01-07 19:00:00,0.0,0.0,0.0,0.0,-1.6,56,18.3,340,1012.7,30,0,0,30,0.0,0.0,43.6591,-70.2568,2021,1,7,19
2021-01-07 20:00:00,0.0,0.0,0.0,0.0,-1.0,58,16.3,338,1011.7,9,0,0,0,0.0,0.0,43.6591,-70.2568,2021,1,7,20
2021-01-07 21:00:00,0.0,0.0,0.0,0.0,-1.6,61,15.9,342,1011.9,2,2,0,0,0.0,0.0,43.6591,-70.2568,2021,1,7,21
2021-01-07 22:00:00,0.0,0.0,0.0,0.0,-2.2,64,17.1,342,1012.1,17,15,0,2,0.0,0.0,43.6591,-70.2568,2021,1,7,22
2021-01-07 23:00:00,0.0,0.0,0.0,0.0,-2.8,67,17.3,337,1012.0,5,5,0,0,0.0,0.0,43.6591,-70.2568,2021,1,7,23
2021-01-08 00:00:00,0.0,0.0,0.0,0.0,-3.1,70,14.3,335,1011.9,29,29,0,0,0.0,0.0,43.6591,-70.2568,2021,1,8,0
2021-01-08 01:00:00,0.0,0.0,0.0,0.0,-3.3,72,10.8,323,1011.9,59,59,0,0,0.0,0.0,43.6591,-70.2568,2021,1,8,1
2021-01-08 02:00:00,0.0,0.0,0.0,0.0,-3.3,73,8.4,313,1012.0,57,57,0,0,0.0,0.0,43.6591,-70.2568,2021,1,8,2
2021-01-08 03:00:00,0.0,0.0,0.0,0.0,-3.4,74,7.7,311,1012.2,55,55,0,0,0.0,0.0,43.6591,-70.2568,2021,1,8,3
2021-01-08 04:00:00,0.0,0.0,0.0,0.0,-3.8,74,8.7,322,1012.4,49,49,0,0,0.0,0.0,43.6591,-70.2568,2021,1,8,4
2021-01-08 05:00:00,0.0,0.0,0.0,0.0,-3.8,72,10.5,329,1012.1,41,41,0,0,0.0,0.0,43.6591,-70.2568,2021,1,8,5
2021-01-08 06:00:00,0.0,0.0,0.0,0.0,-4.4,73,11.2,320,1011.9,20,20,0,0,0.0,0.0,43.6591,-70.2568,2021,1,8,6
2021-01-08 07:00:00,0.0,0.0,0.0,0.0,-4.9,75,10.5,311,1011.8,13,13,0,0,0.0,0.0,43.6591,-70.2568,2021,1,8,7
2021-01-08 08:00:00,0.0,0.0,0.0,0.0,-5.1,83,5.1,274,1010.2,14,14,0,0,0.0,0.0,43.6591,-70.2568,2021,1,8,8
2021-01-08 09:00:00,21.0,12.0,9.0,175.5,-4.0,79,6.6,279,1010.2,19,19,0,0,0.0,2419.62,43.6591,-70.2568,2021,1,8,9
2021-01-08 10:00:00,132.0,86.0,46.0,497.2,-2.4,72,5.6,310,1010.3,9,9,0,0,0.0,3600.0,43.6591,-70.2568,2021,1,8,10
2021-01-08 11:00:00,265.0,204.0,61.0,704.2,-1.0,62,8.1,315,1009.7,7,7,0,0,0.0,3600.0,43.6591,-70.2568,2021,1,8,11
2021-01-08 12:00:00,356.0,284.0,72.0,769.7,0.2,53,9.2,315,1008.8,6,6,0,0,0.0,3600.0,43.6591,-70.2568,2021,1,8,12
2021-01-08 13:00:00,403.0,327.0,76.0,806.6,0.9,49,11.5,316,1008.1,5,5,0,0,0.0,3600.0,43.6591,-70.2568,2021,1,8,13
2021-01-08 14:00:00,400.0,329.0,71.0,829.9,1.5,44,14.3,326,1007.2,2,2,0,0,0.0,3600.0,43.6591,-70.2568,2021,1,8,14
2021-01-08 15:00:00,344.0,282.0,62.0,822.7,1.4,44,14.1,328,1007.3,0,0,0,0,0.0,3600.0,43.6591,-70.2568,2021,1,8,15
2021-01-08 16:00:00,228.0,176.0,52.0,709.6,0.7,49,12.1,333,1007.7,0,0,0,0,0.0,3600.0,43.6591,-70.2568,2021,1,8,16
2021-01-08 17:00:00,89.0,58.0,31.0,488.8,-1.1,58,11.1,347,1008.0,0,0,0,0,0.0,3600.0,43.6591,-70.2568,2021,1,8,17
2021-01-08 18:00:00,3.0,1.0,2.0,19.1,-2.3,61,12.7,353,1008.6,21,0,21,0,0.0,0.0,43.6591,-70.2568,2021,1,8,18
2021-01-08 19:00:00,0.0,0.0,0.0,0.0,-2.6,60,14.5,353,1008.8,18,0,18,0,0.0,0.0,43.6591,-70.2568,2021,1,8,19
2021-01-08 20:00:00,0.0,0.0,0.0,0.0,-1.8,60,15.5,12,1007.9,28,49,70,0,0.0,0.0,43.6591,-70.2568,2021,1,8,20
2021-01-08 21:00:00,0.0,0.0,0.0,0.0,-2.3,60,19.5,348,1008.0,70,62,65,0,0.0,0.0,43.6591,-70.2568,2021,1,8,21
2021-01-08 22:00:00,0.0,0.0,0.0,0.0,-3.5,62,17.9,338,1008.4,63,53,59,0,0.0,0.0,43.6591,-70.2568,2021,1,8,22
2021-01-08 23:00:00,0.0,0.0,0.0,0.0,-4.1,63,18.4,337,1008.3,1,0,0,0,0.0,0.0,43.6591,-70.2568,2021,1,8,23
2021-01-09 00:00:00,0.0,0.0,0.0,0.0,-4.8,64,17.8,339,1008.0,25,0,25,0,0.0,0.0,43.6591,-70.2568,2021,1,9,0
2021-01-09 01:00:00,0.0,0.0,0.0,0.0,-4.9,65,15.8,339,1007.7,8,0,8,0,0.0,0.0,43.6591,-70.2568,2021,1,9,1
2021-01-09 02:00:00,0.0,0.0,0.0,0.0,-5.0,65,15.0,339,1007.5,9,0,9,0,0.0,0.0,43.6591,-70.2568,2021,1,9,2
2021-01-09 03:00:00,0.0,0.0,0.0,0.0,-5.0,66,14.2,339,1007.4,22,0,22,0,0.0,0.0,43.6591,-70.2568,2021,1,9,3
2021-01-09 04:00:00,0.0,0.0,0.0,0.0,-4.9,66,11.4,336,1007.5,42,5,23,27,0.0,0.0,43.6591,-70.2568,2021,1,9,4
2021-01-09 05:00:00,0.0,0.0,0.0,0.0,-5.1,68,10.2,337,1007.4,29,14,15,19,0.0,0.0,43.6591,-70.2568,2021,1,9,5
2021-01-09 06:00:00,0.0,0.0,0.0,0.0,-5.1,68,10.4,340,1007.4,19,17,4,2,0.0,0.0,43.6591,-70.2568,2021,1,9,6
2021-01-09 07:00:00,0.0,0.0,0.0,0.0,-5.1,68,11.6,338,1007.5,21,20,8,0,0.0,0.0,43.6591,-70.2568,2021,1,9,7
2021-01-09 08:00:00,0.0,0.0,0.0,0.0,-4.1,65,11.7,342,1007.3,31,91,69,0,0.0,0.0,43.6591,-70.2568,2021,1,9,8
2021-01-09 09:00:00,9.0,2.0,7.0,29.0,-3.8,64,12.1,343,1007.7,94,93,53,0,0.0,0.0,43.6591,-70.2568,2021,1,9,9
2021-01-09 10:00:00,50.0,10.0,40.0,57.4,-3.1,61,13.0,341,1007.7,89,84,67,0,0.0,0.0,43.6591,-70.2568,2021,1,9,10
2021-01-09 11:00:00,139.0,34.0,105.0,116.8,-2.0,58,13.4,346,1007.6,90,87,88,0,0.0,1703.18,43.6591,-70.2568,2021,1,9,11
2021-01-09 12:00:00,210.0,79.0,131.0,213.1,-1.0,56,13.5,344,1006.7,27,13,24,0,0.0,3600.0,43.6591,-70.2568,2021,1,9,12
2021-01-09 13:00:00,346.0,242.0,104.0,593.8,0.1,53,14.0,348,1005.7,28,10,27,0,0.0,3600.0,43.6591,-70.2568,2021,1,9,13
2021-01-09 14:00:00,347.0,246.0,101.0,616.7,1.4,52,15.2,356,1005.3,41,36,23,0,0.0,3600.0,43.6591,-70.2568,2021,1,9,14
2021-01-09 15:00:00,265.0,169.0,96.0,489.2,1.8,52,14.8,360,1005.4,82,81,31,0,0.0,3600.0,43.6591,-70.2568,2021,1,9,15
2021-01-09 16:00:00,114.0,44.0,70.0,175.4,1.7,54,12.6,3,1005.9,88,87,42,0,0.0,3461.65,43.6591,-70.2568,2021,1,9,16
2021-01-09 17:00:00,47.0,15.0,32.0,123.4,1.3,58,10.2,10,1006.5,99,99,92,0,0.0,1901.41,43.6591,-70.2568,2021,1,9,17
2021-01-09 18:00:00,1.0,0.0,1.0,0.0,0.9,62,10.1,6,1007.2,100,96,100,0,0.0,0.0,43.6591,-70.2568,2021,1,9,18
2021-01-09 19:00:00,0.0,0.0,0.0,0.0,0.7,64,10.8,356,1007.5,100,91,100,0,0.0,0.0,43.6591,-70.2568,2021,1,9,19
2021-01-09 20:00:00,0.0,0.0,0.0,0.0,0.0,67,12.6,333,1007.7,99,99,98,30,0.0,0.0,43.6591,-70.2568,2021,1,9,20
2021-01-09 21:00:00,0.0,0.0,0.0,0.0,-0.2,66,15.1,335,1008.2,82,61,77,20,0.0,0.0,43.6591,-70.2568,2021,1,9,21
2021-01-09 22:00:00,0.0,0.0,0.0,0.0,-0.7,68,17.2,340,1008.5,83,72,48,27,0.0,0.0,43.6591,-70.2568,2021,1,9,22
2021-01-09 23:00:00,0.0,0.0,0.0,0.0,-0.9,68,17.5,341,1008.8,92,90,30,23,0.0,0.0,43.6591,-70.2568,2021,1,9,23
2021-01-10 00:00:00,0.0,0.0,0.0,0.0,-0.9,66,17.7,340,1008.9,80,54,40,59,0.0,0.0,43.6591,-70.2568,2021,1,10,0
2021-01-10 01:00:00,0.0,0.0,0.0,0.0,-1.6,61,17.8,339,1009.5,54,7,46,24,0.0,0.0,43.6591,-70.2568,2021,1,10,1
2021-01-10 02:00:00,0.0,0.0,0.0,0.0,-2.3,56,18.0,340,1010.0,22,9,21,3,0.0,0.0,43.6591,-70.2568,2021,1,10,2
2021-01-10 03:00:00,0.0,0.0,0.0,0.0,-3.0,55,17.3,339,1011.0,6,6,0,0,0.0,0.0,43.6591,-70.2568,2021,1,10,3
2021-01-10 04:00:00,0.0,0.0,0.0,0.0,-3.6,57,14.9,340,1011.7,7,5,0,2,0.0,0.0,43.6591,-70.2568,2021,1,10,4
2021-01-10 05:00:00,0.0,0.0,0.0,0.0,-4.0,60,14.3,342,1012.4,47,2,0,45,0.0,0.0,43.6591,-70.2568,2021,1,10,5
2021-01-10 06:00:00,0.0,0.0,0.0,0.0,-4.2,63,15.4,344,1013.1,31,1,0,30,0.0,0.0,43.6591,-70.2568,2021,1,10,6
2021-01-10 07:00:00,0.0,0.0,0.0,0.0,-4.3,66,16.3,342,1014.1,11,0,0,10,0.0,0.0,43.6591,-70.2568,2021,1,10,7
2021-01-10 08:00:00,0.0,0.0,0.0,0.0,-4.2,67,14.5,333,1014.3,2,0,0,24,0.0,0.0,43.6591,-70.2568,2021,1,10,8
2021-01-10 09:00:00,24.0,13.0,11.0,187.1,-3.9,68,13.4,336,1015.2,60,0,0,60,0.0,2456.11,43.6591,-70.2568,2021,1,10,9
2021-01-10 10:00:00,149.0,105.0,44.0,598.9,-2.4,63,12.8,344,1015.8,71,0,0,71,0.0,3600.0,43.6591,-70.2568,2021,1,10,10
2021-01-10 11:00:00,282.0,222.0,60.0,758.3,-0.9,57,12.3,345,1016.3,44,0,0,44,0.0,3600.0,43.6591,-70.2568,2021,1,10,11
2021-01-10 12:00:00,378.0,311.0,67.0,834.4,0.5,54,12.6,340,1016.3,26,0,0,25,0.0,3600.0,43.6591,-70.2568,2021,1,10,12
2021-01-10 13:00:00,424.0,356.0,68.0,868.7,1.3,52,13.2,331,1016.3,12,1,0,11,0.0,3600.0,43.6591,-70.2568,2021,1,10,13
2021-01-10 14:00:00,412.0,343.0,69.0,854.4,1.8,49,13.0,326,1016.7,1,1,0,0,0.0,3600.0,43.6591,-70.2568,2021,1,10,14
2021-01-10 15:00:00,349.0,287.0,62.0,824.1,2.0,47,12.8,328,1017.3,4,1,0,3,0.0,3600.0,43.6591,-70.2568,2021,1,10,15
2021-01-10 16:00:00,237.0,185.0,52.0,728.9,1.6,50,10.8,330,1017.8,0,0,0,0,0.0,3600.0,43.6591,-70.2568,2021,1,10,16
2021-01-10 17:00:00,98.0,67.0,31.0,537.8,-0.1,59,9.2,334,1018.2,0,0,0,0,0.0,3600.0,43.6591,-70.2568,2021,1,10,17
2021-01-10 18:00:00,4.0,2.0,2.0,38.2,-1.5,62,10.7,340,1018.4,37,0,0,37,0.0,177.25,43.6591,-70.2568,2021,1,10,18
2021-01-10 19:00:00,0.0,0.0,0.0,0.0,-2.1,62,11.4,349,1018.7,12,0,0,12,0.0,0.0,43.6591,-70.2568,2021,1,10,19
2021-01-10 20:00:00,0.0,0.0,0.0,0.0,-2.0,60,11.8,337,1019.1,0,0,0,0,0.0,0.0,43.6591,-70.2568,2021,1,10,20
2021-01-10 21:00:00,0.0,0.0,0.0,0.0,-2.1,60,11.8,337,1020.0,6,0,0,6,0.0,0.0,43.6591,-70.2568,2021,1,10,21
2021-01-10 22:00:00,0.0,0.0,0.0,0.0,-2.7,62,10.7,340,1020.5,45,0,0,45,0.0,0.0,43.6591,-70.2568,2021,1,10,22
2021-01-10 23:00:00,0.0,0.0,0.0,0.0,-3.5,67,8.9,328,1020.6,97,0,0,97,0.0,0.0,43.6591,-70.2568,2021,1,10,23
2021-01-11 00:00:00,0.0,0.0,0.0,0.0,-4.2,73,7.7,311,1020.9,97,0,0,97,0.0,0.0,43.6591,-70.2568,2021,1,11,0
2021-01-11 01:00:00,0.0,0.0,0.0,0.0,-4.6,78,6.1,315,1021.2,96,0,0,96,0.0,0.0,43.6591,-70.2568,2021,1,11,1
2021-01-11 02:00:00,0.0,0.0,0.0,0.0,-4.5,80,4.3,318,1021.1,86,0,0,86,0.0,0.0,43.6591,-70.2568,2021,1,11,2
2021-01-11 03:00:00,0.0,0.0,0.0,0.0,-4.7,82,5.0,300,1021.5,86,0,0,86,0.0,0.0,43.6591,-70.2568,2021,1,11,3
2021-01-11 04:00:00,0.0,0.0,0.0,0.0,-4.9,83,5.0,291,1021.3,86,0,36,86,0.0,0.0,43.6591,-70.2568,2021,1,11,4
2021-01-11 05:00:00,0.0,0.0,0.0,0.0,-5.1,81,6.2,260,1021.2,31,0,0,31,0.0,0.0,43.6591,-70.2568,2021,1,11,5
2021-01-11 06:00:00,0.0,0.0,0.0,0.0,-5.4,79,5.9,259,1021.1,46,0,0,46,0.0,0.0,43.6591,-70.2568,2021,1,11,6
2021-01-11 07:00:00,0.0,0.0,0.0,0.0,-5.7,78,6.8,273,1021.5,48,0,0,48,0.0,0.0,43.6591,-70.2568,2021,1,11,7
2021-01-11 08:00:00,0.0,0.0,0.0,0.0,-6.3,76,8.4,301,1021.5,93,0,43,86,0.0,0.0,43.6591,-70.2568,2021,1,11,8
2021-01-11 09:00:00,21.0,6.0,15.0,85.6,-5.6,73,8.9,302,1021.9,95,0,0,95,0.0,1036.93,43.6591,-70.2568,2021,1,11,9
2021-01-11 10:00:00,129.0,61.0,68.0,345.2,-3.9,65,5.6,310,1021.7,94,0,0,94,0.0,3600.0,43.6591,-70.2568,2021,1,11,10
2021-01-11 11:00:00,262.0,175.0,87.0,594.3,-1.6,53,4.1,308,1021.8,99,0,0,99,0.0,3600.0,43.6591,-70.2568,2021,1,11,11
2021-01-11 12:00:00,322.0,181.0,141.0,482.9,0.3,45,3.2,333,1020.5,100,0,35,100,0.0,3600.0,43.6591,-70.2568,2021,1,11,12
2021-01-11 13:00:00,340.0,159.0,181.0,385.7,1.6,39,2.0,315,1019.5,100,1,99,100,0.0,3600.0,43.6591,-70.2568,2021,1,11,13
2021-01-11 14:00:00,208.0,14.0,194.0,34.6,1.6,39,1.8,259,1018.8,100,2,99,100,0.0,0.0,43.6591,-70.2568,2021,1,11,14
2021-01-11 15:00:00,178.0,14.0,164.0,39.9,1.8,38,4.0,260,1018.8,100,3,98,100,0.0,0.0,43.6591,-70.2568,2021,1,11,15
2021-01-11 16:00:00,94.0,1.0,93.0,3.9,1.0,41,2.7,293,1018.4,100,4,98,100,0.0,0.0,43.6591,-70.2568,2021,1,11,16
2021-01-11 17:00:00,39.0,1.0,38.0,7.8,-0.2,49,4.3,318,1018.2,100,1,100,100,0.0,0.0,43.6591,-70.2568,2021,1,11,17
2021-01-11 18:00:00,3.0,0.0,3.0,0.0,-1.1,57,4.1,308,1018.1,100,0,100,100,0.0,0.0,43.6591,-70.2568,2021,1,11,18
2021-01-11 19:00:00,0.0,0.0,0.0,0.0,-1.7,61,2.6,304,1017.6,100,0,100,68,0.0,0.0,43.6591,-70.2568,2021,1,11,19
2021-01-11 20:00:00,0.0,0.0,0.0,0.0,-2.1,68,4.7,302,1017.8,82,4,98,0,0.0,0.0,43.6591,-70.2568,2021,1,11,20
2021-01-11 21:00:00,0.0,0.0,0.0,0.0,-2.5,74,2.9,277,1017.5,49,0,49,0,0.0,0.0,43.6591,-70.2568,2021,1,11,21
2021-01-11 22:00:00,0.0,0.0,0.0,0.0,-3.5,77,3.2,270,1017.1,4,1,4,0,0.0,0.0,43.6591,-70.2568,2021,1,11,22
2021-01-11 23:00:00,0.0,0.0,0.0,0.0,-4.0,79,4.5,256,1016.5,4,1,4,0,0.0,0.0,43.6591,-70.2568,2021,1,11,23
2021-01-12 00:00:00,0.0,0.0,0.0,0.0,-4.4,81,7.6,270,1016.1,0,0,0,0,0.0,0.0,43.6591,-70.2568,2021,1,12,0
2021-01-12 01:00:00,0.0,0.0,0.0,0.0,-4.7,83,7.7,281,1015.7,1,1,0,0,0.0,0.0,43.6591,-70.2568,2021,1,12,1
2021-01-12 02:00:00,0.0,0.0,0.0,0.0,-4.9,84,8.7,287,1015.6,17,15,11,0,0.0,0.0,43.6591,-70.2568,2021,1,12,2
2021-01-12 03:00:00,0.0,0.0,0.0,0.0,-4.8,85,8.1,291,1015.6,2,2,0,0,0.0,0.0,43.6591,-70.2568,2021,1,12,3
2021-01-12 04:00:00,0.0,0.0,0.0,0.0,-5.0,87,8.8,289,1015.1,11,8,8,0,0.0,0.0,43.6591,-70.2568,2021,1,12,4
2021-01-12 05:00:00,0.0,0.0,0.0,0.0,-4.9,88,8.1,291,1014.6,34,12,32,0,0.0,0.0,43.6591,-70.2568,2021,1,12,5
2021-01-12 06:00:00,0.0,0.0,0.0,0.0,-4.7,86,8.1,302,1014.4,81,9,81,0,0.0,0.0,43.6591,-70.2568,2021,1,12,6
2021-01-12 07:00:00,0.0,0.0,0.0,0.0,-3.7,80,7.0,305,1014.2,97,18,97,0,0.0,0.0,43.6591,-70.2568,2021,1,12,7
2021-01-12 08:00:00,0.0,0.0,0.0,0.0,-3.5,77,6.7,306,1013.9,69,16,71,0,0.0,0.0,43.6591,-70.2568,2021,1,12,8
2021-01-12 09:00:00,16.0,5.0,11.0,70.6,-3.4,76,7.1,294,1014.1,55,7,54,0,0.0,640.62,43.6591,-70.2568,2021,1,12,9
2021-01-12 10:00:00,138.0,83.0,55.0,465.8,-1.6,65,6.9,332,1014.6,11,11,0,0,0.0,3600.0,43.6591,-70.2568,2021,1,12,10
2021-01-12 11:00:00,268.0,198.0,70.0,668.2,0.7,56,4.9,343,1014.6,33,32,7,0,0.0,3600.0,43.6591,-70.2568,2021,1,12,11
2021-01-12 12:00:00,318.0,215.0,103.0,570.3,2.2,55,5.5,337,1013.9,89,89,4,0,0.0,3600.0,43.6591,-70.2568,2021,1,12,12
2021-01-12 13:00:00,211.0,76.0,135.0,183.2,2.4,57,6.5,326,1013.3,96,96,0,0,0.0,3600.0,43.6591,-70.2568,2021,1,12,13
2021-01-12 14:00:00,211.0,43.0,168.0,105.7,3.0,50,8.7,315,1013.0,55,55,0,0,0.0,1369.77,43.6591,-70.2568,2021,1,12,14
2021-01-12 15:00:00,281.0,149.0,132.0,420.7,3.8,44,8.4,310,1013.0,25,25,0,0,0.0,3600.0,43.6591,-70.2568,2021,1,12,15
2021-01-12 16:00:00,215.0,146.0,69.0,561.4,3.5,44,7.4,299,1013.5,24,22,0,2,0.0,3600.0,43.6591,-70.2568,2021,1,12,16
2021-01-12 17:00:00,87.0,50.0,37.0,381.9,1.5,53,6.5,326,1013.5,66,63,2,8,0.0,3600.0,43.6591,-70.2568,2021,1,12,17
2021-01-12 18:00:00,4.0,1.0,3.0,19.1,0.4,59,10.7,348,1013.6,86,70,3,57,0.0,0.0,43.6591,-70.2568,2021,1,12,18
2021-01-12 19:00:00,0.0,0.0,0.0,0.0,-0.5,62,8.0,352,1013.6,83,71,4,43,0.0,0.0,43.6591,-70.2568,2021,1,12,19
2021-01-12 20:00:00,0.0,0.0,0.0,0.0,-0.9,75,3.1,306,1013.7,85,80,95,34,0.0,0.0,43.6591,-70.2568,2021,1,12,20
2021-01-12 21:00:00,0.0,0.0,0.0,0.0,0.2,70,2.9,300,1013.9,82,81,76,0,0.0,0.0,43.6591,-70.2568,2021,1,12,21
2021-01-12 22:00:00,0.0,0.0,0.0,0.0,-0.0,72,4.1,322,1013.6,92,91,61,0,0.0,0.0,43.6591,-70.2568,2021,1,12,22
2021-01-12 23:00:00,0.0,0.0,0.0,0.0,-0.3,74,6.9,332,1013.4,93,78,91,0,0.0,0.0,43.6591,-70.2568,2021,1,12,23
2021-01-13 00:00:00,0.0,0.0,0.0,0.0,-0.1,73,7.1,330,1013.6,92,78,91,0,0.0,0.0,43.6591,-70.2568,2021,1,13,0
2021-01-13 01:00:00,0.0,0.0,0.0,0.0,-0.3,75,6.9,332,1013.3,95,84,92,1,0.0,0.0,43.6591,-70.2568,2021,1,13,1
2021-01-13 02:00:00,0.0,0.0,0.0,0.0,-0.4,76,6.1,315,1013.1,99,90,98,93,0.0,0.0,43.6591,-70.2568,2021,1,13,2
2021-01-13 03:00:00,0.0,0.0,0.0,0.0,-0.7,79,5.9,308,1013.1,99,85,98,77,0.0,0.0,43.6591,-70.2568,2021,1,13,3
2021-01-13 04:00:00,0.0,0.0,0.0,0.0,-0.9,80,5.6,297,1012.6,49,49,4,0,0.0,0.0,43.6591,-70.2568,2021,1,13,4
2021-01-13 05:00:00,0.0,0.0,0.0,0.0,-1.8,82,7.9,294,1012.5,18,18,7,0,0.0,0.0,43.6591,-70.2568,2021,1,13,5
2021-01-13 06:00:00,0.0,0.0,0.0,0.0,-2.8,84,9.5,299,1012.6,0,0,0,0,0.0,0.0,43.6591,-70.2568,2021,1,13,6
2021-01-13 07:00:00,0.0,0.0,0.0,0.0,-3.6,85,9.2,301,1013.1,2,2,0,0,0.0,0.0,43.6591,-70.2568,2021,1,13,7
2021-01-13 08:00:00,0.0,0.0,0.0,0.0,-2.5,85,4.7,302,1012.9,0,66,17,0,0.0,0.0,43.6591,-70.2568,2021,1,13,8
2021-01-13 09:00:00,22.0,9.0,13.0,125.7,-2.0,83,4.8,297,1013.2,59,59,9,0,0.0,2132.0,43.6591,-70.2568,2021,1,13,9
2021-01-13 10:00:00,110.0,50.0,60.0,278.1,-0.4,73,3.2,297,1013.6,94,94,27,0,0.0,3600.0,43.6591,-70.2568,2021,1,13,10
2021-01-13 11:00:00,178.0,63.0,115.0,211.2,1.1,65,0.4,90,1013.2,76,65,3,34,0.0,3600.0,43.6591,-70.2568,2021,1,13,11
2021-01-13 12:00:00,305.0,169.0,136.0,445.5,2.3,60,4.6,162,1012.4,68,9,1,67,0.0,3600.0,43.6591,-70.2568,2021,1,13,12
2021-01-13 13:00:00,411.0,327.0,84.0,783.4,3.3,52,8.0,185,1011.3,95,92,1,90,0.0,3600.0,43.6591,-70.2568,2021,1,13,13
2021-01-13 14:00:00,228.0,73.0,155.0,178.1,3.2,52,9.1,171,1010.3,100,100,0,88,0.0,3542.86,43.6591,-70.2568,2021,1,13,14
2021-01-13 15:00:00,161.0,19.0,142.0,53.2,3.2,53,9.7,182,1010.1,98,94,0,96,0.0,0.0,43.6591,-70.2568,2021,1,13,15
2021-01-13 16:00:00,105.0,18.0,87.0,68.4,2.8,58,10.9,172,1009.8,96,96,0,0,0.0,250.78,43.6591,-70.2568,2021,1,13,16
2021-01-13 17:00:00,46.0,5.0,41.0,37.3,2.0,64,12.3,177,1009.7,96,91,10,52,0.0,0.0,43.6591,-70.2568,2021,1,13,17
2021-01-13 18:00:00,3.0,0.0,3.0,0.0,1.6,67,11.9,182,1009.6,99,83,14,98,0.0,0.0,43.6591,-70.2568,2021,1,13,18
2021-01-13 19:00:00,0.0,0.0,0.0,0.0,1.5,69,12.3,185,1008.9,99,72,22,96,0.0,0.0,43.6591,-70.2568,2021,1,13,19
2021-01-13 20:00:00,0.0,0.0,0.0,0.0,1.2,72,11.5,184,1009.0,98,73,49,93,0.0,0.0,43.6591,-70.2568,2021,1,13,20
2021-01-13 21:00:00,0.0,0.0,0.0,0.0,1.6,71,12.2,178,1008.8,94,57,14,87,0.0,0.0,43.6591,-70.2568,2021,1,13,21
2021-01-13 22:00:00,0.0,0.0,0.0,0.0,1.3,73,11.3,189,1008.8,95,70,34,84,0.0,0.0,43.6591,-70.2568,2021,1,13,22
2021-01-13 23:00:00,0.0,0.0,0.0,0.0,0.8,77,8.5,216,1008.4,99,49,45,98,0.0,0.0,43.6591,-70.2568,2021,1,13,23
2021-01-14 00:00:00,0.0,0.0,0.0,0.0,0.0,81,9.0,233,1008.1,97,31,81,95,0.0,0.0,43.6591,-70.2568,2021,1,14,0
2021-01-14 01:00:00,0.0,0.0,0.0,0.0,-0.4,75,11.3,233,1007.9,84,24,17,81,0.0,0.0,43.6591,-70.2568,2021,1,14,1
2021-01-14 02:00:00,0.0,0.0,0.0,0.0,-1.5,76,10.7,228,1007.6,79,0,33,74,0.0,0.0,43.6591,-70.2568,2021,1,14,2
2021-01-14 03:00:00,0.0,0.0,0.0,0.0,-2.3,78,9.7,239,1008.0,47,0,3,46,0.0,0.0,43.6591,-70.2568,2021,1,14,3
2021-01-14 04:00:00,0.0,0.0,0.0,0.0,-2.9,81,9.0,247,1007.8,92,0,53,87,0.0,0.0,43.6591,-70.2568,2021,1,14,4
2021-01-14 05:00:00,0.0,0.0,0.0,0.0,-3.1,82,8.0,252,1007.3,72,5,42,57,0.0,0.0,43.6591,-70.2568,2021,1,14,5
2021-01-14 06:00:00,0.0,0.0,0.0,0.0,-3.2,83,7.1,255,1007.2,82,6,16,81,0.0,0.0,43.6591,-70.2568,2021,1,14,6
2021-01-14 07:00:00,0.0,0.0,0.0,0.0,-3.3,84,5.9,256,1007.2,74,9,42,69,0.0,0.0,43.6591,-70.2568,2021,1,14,7
2021-01-14 08:00:00,0.0,0.0,0.0,0.0,-3.1,84,5.5,281,1007.4,97,3,92,97,0.0,0.0,43.6591,-70.2568,2021,1,14,8
2021-01-14 09:00:00,15.0,1.0,14.0,13.8,-1.8,80,4.5,299,1007.8,99,4,95,94,0.0,0.0,43.6591,-70.2568,2021,1,14,9
2021-01-14 10:00:00,71.0,6.0,65.0,33.0,-0.5,75,2.9,300,1008.4,98,9,95,86,0.0,0.0,43.6591,-70.2568,2021,1,14,10
2021-01-14 11:00:00,176.0,47.0,129.0,156.5,1.4,69,1.8,191,1008.8,99,10,97,98,0.0,2893.83,43.6591,-70.2568,2021,1,14,11
2021-01-14 12:00:00,206.0,34.0,172.0,89.1,2.4,64,2.2,171,1008.0,99,4,94,97,0.0,871.73,43.6591,-70.2568,2021,1,14,12
2021-01-14 13:00:00,222.0,31.0,191.0,73.8,3.1,62,1.9,158,1007.2,99,0,92,99,0.0,413.46,43.6591,-70.2568,2021,1,14,13
2021-01-14 14:00:00,220.0,40.0,180.0,96.9,3.4,62,2.6,146,1006.8,99,0,81,98,0.0,1106.1,43.6591,-70.2568,2021,1,14,14
2021-01-14 15:00:00,182.0,24.0,158.0,66.6,3.4,64,1.9,112,1006.7,99,0,96,99,0.0,196.81,43.6591,-70.2568,2021,1,14,15
2021-01-14 16:00:00,108.0,4.0,104.0,15.0,2.9,70,4.0,100,1006.9,100,12,98,99,0.0,0.0,43.6591,-70.2568,2021,1,14,16
2021-01-14 17:00:00,48.0,1.0,47.0,7.3,1.9,78,5.9,104,1007.0,100,2,94,99,0.0,0.0,43.6591,-70.2568,2021,1,14,17
2021-01-14 18:00:00,3.0,0.0,3.0,0.0,1.0,83,5.4,110,1007.3,99,53,98,96,0.0,0.0,43.6591,-70.2568,2021,1,14,18
2021-01-14 19:00:00,0.0,0.0,0.0,0.0,0.7,85,3.3,96,1007.5,99,93,99,27,0.0,0.0,43.6591,-70.2568,2021,1,14,19
2021-01-14 20:00:00,0.0,0.0,0.0,0.0,0.3,90,2.5,352,1008.2,99,97,100,45,0.0,0.0,43.6591,-70.2568,2021,1,14,20
2021-01-14 21:00:00,0.0,0.0,0.0,0.0,1.0,86,2.6,344,1008.5,100,98,100,17,0.0,0.0,43.6591,-70.2568,2021,1,14,21
2021-01-14 22:00:00,0.0,0.0,0.0,0.0,0.9,84,4.7,337,1009.3,99,99,98,0,0.0,0.0,43.6591,-70.2568,2021,1,14,22
2021-01-14 23:00:00,0.0,0.0,0.0,0.0,0.8,81,5.9,349,1009.7,100,98,100,0,0.0,0.0,43.6591,-70.2568,2021,1,14,23
2021-01-15 00:00:00,0.0,0.0,0.0,0.0,0.5,78,7.2,357,1009.8,100,99,100,0,0.0,0.0,43.6591,-70.2568,2021,1,15,0
2021-01-15 01:00:00,0.0,0.0,0.0,0.0,0.4,75,7.2,354,1010.0,96,89,95,0,0.0,0.0,43.6591,-70.2568,2021,1,15,1
2021-01-15 02:00:00,0.0,0.0,0.0,0.0,0.1,76,7.0,339,1010.5,96,92,95,0,0.0,0.0,43.6591,-70.2568,2021,1,15,2
2021-01-15 03:00:00,0.0,0.0,0.0,0.0,-0.0,77,7.6,335,1011.5,97,84,96,0,0.0,0.0,43.6591,-70.2568,2021,1,15,3
2021-01-15 04:00:00,0.0,0.0,0.0,0.0,-0.2,78,8.1,339,1011.9,92,85,91,0,0.0,0.0,43.6591,-70.2568,2021,1,15,4
2021-01-15 05:00:00,0.0,0.0,0.0,0.0,-0.3,78,8.2,345,1012.2,91,90,78,0,0.0,0.0,43.6591,-70.2568,2021,1,15,5
2021-01-15 06:00:00,0.0,0.0,0.0,0.0,-0.5,79,9.2,349,1012.5,83,82,52,0,0.0,0.0,43.6591,-70.2568,2021,1,15,6
2021-01-15 07:00:00,0.0,0.0,0.0,0.0,-1.0,80,10.1,360,1013.0,48,47,22,0,0.0,0.0,43.6591,-70.2568,2021,1,15,7
2021-01-15 08:00:00,0.0,0.0,0.0,0.0,-1.0,82,9.8,8,1013.4,4,66,3,0,0.0,0.0,43.6591,-70.2568,2021,1,15,8
2021-01-15 09:00:00,23.0,11.0,12.0,150.0,-0.6,81,8.2,15,1014.4,17,17,2,0,0.0,2590.62,43.6591,-70.2568,2021,1,15,9
2021-01-15 10:00:00,147.0,100.0,47.0,545.2,1.1,74,6.3,24,1015.4,4,4,0,0,0.0,3600.0,43.6591,-70.2568,2021,1,15,10
2021-01-15 11:00:00,285.0,227.0,58.0,750.2,2.4,69,6.6,45,1015.9,1,1,0,0,0.0,3600.0,43.6591,-70.2568,2021,1,15,11
2021-01-15 12:00:00,382.0,316.0,66.0,822.2,3.4,64,6.2,69,1015.8,3,3,0,0,0.0,3600.0,43.6591,-70.2568,2021,1,15,12
2021-01-15 13:00:00,426.0,353.0,73.0,834.5,4.0,60,8.0,82,1015.2,4,0,0,4,0.0,3600.0,43.6591,-70.2568,2021,1,15,13
2021-01-15 14:00:00,422.0,355.0,67.0,853.2,4.2,59,8.0,95,1015.1,54,0,0,54,0.0,3600.0,43.6591,-70.2568,2021,1,15,14
2021-01-15 15:00:00,360.0,296.0,64.0,813.4,4.1,60,7.8,124,1015.6,0,0,0,0,0.0,3600.0,43.6591,-70.2568,2021,1,15,15
2021-01-15 16:00:00,250.0,195.0,55.0,721.9,3.5,63,8.0,117,1015.8,98,0,0,98,0.0,3600.0,43.6591,-70.2568,2021,1,15,16
2021-01-15 17:00:00,100.0,50.0,50.0,354.4,2.1,74,5.8,120,1016.3,99,0,0,99,0.0,3600.0,43.6591,-70.2568,2021,1,15,17
2021-01-15 18:00:00,7.0,0.0,7.0,0.0,1.4,80,14.1,86,1015.5,100,0,0,100,0.0,0.0,43.6591,-70.2568,2021,1,15,18
2021-01-15 19:00:00,0.0,0.0,0.0,0.0,1.6,83,11.9,90,1015.5,99,23,0,99,0.0,0.0,43.6591,-70.2568,2021,1,15,19
2021-01-15 20:00:00,0.0,0.0,0.0,0.0,2.6,81,13.0,95,1015.9,100,95,18,99,0.0,0.0,43.6591,-70.2568,2021,1,15,20
2021-01-15 21:00:00,0.0,0.0,0.0,0.0,3.0,84,11.9,104,1016.5,100,79,0,99,0.0,0.0,43.6591,-70.2568,2021,1,15,21
2021-01-15 22:00:00,0.0,0.0,0.0,0.0,3.3,84,11.3,99,1016.7,100,94,0,100,0.0,0.0,43.6591,-70.2568,2021,1,15,22
2021-01-15 23:00:00,0.0,0.0,0.0,0.0,3.5,80,12.4,100,1015.5,100,82,0,100,0.0,0.0,43.6591,-70.2568,2021,1,15,23
2021-01-16 00:00:00,0.0,0.0,0.0,0.0,3.9,75,18.0,116,1014.4,99,73,0,98,0.0,0.0,43.6591,-70.2568,2021,1,16,0
2021-01-16 01:00:00,0.0,0.0,0.0,0.0,3.8,79,17.3,113,1013.9,97,60,0,94,0.0,0.0,43.6591,-70.2568,2021,1,16,1
2021-01-16 02:00:00,0.0,0.0,0.0,0.0,3.7,82,16.9,114,1013.3,99,82,0,95,0.0,0.0,43.6591,-70.2568,2021,1,16,2
2021-01-16 03:00:00,0.0,0.0,0.0,0.0,4.2,81,18.2,108,1012.5,100,64,1,100,0.0,0.0,43.6591,-70.2568,2021,1,16,3
2021-01-16 04:00:00,0.0,0.0,0.0,0.0,4.4,81,16.9,106,1011.1,100,90,47,100,0.0,0.0,43.6591,-70.2568,2021,1,16,4
2021-01-16 05:00:00,0.0,0.0,0.0,0.0,5.0,80,15.5,108,1010.3,100,83,100,100,0.0,0.0,43.6591,-70.2568,2021,1,16,5
2021-01-16 06:00:00,0.0,0.0,0.0,0.0,5.2,82,18.8,119,1009.6,100,85,99,100,0.1,0.0,43.6591,-70.2568,2021,1,16,6
2021-01-16 07:00:00,0.0,0.0,0.0,0.0,5.0,84,21.0,103,1008.1,100,39,100,100,0.1,0.0,43.6591,-70.2568,2021,1,16,7
2021-01-16 08:00:00,0.0,0.0,0.0,0.0,4.6,89,25.6,94,1007.1,100,100,100,100,0.0,0.0,43.6591,-70.2568,2021,1,16,8
2021-01-16 09:00:00,2.0,0.0,2.0,0.0,4.6,92,30.6,89,1005.0,100,100,98,100,0.3,0.0,43.6591,-70.2568,2021,1,16,9
2021-01-16 10:00:00,20.0,0.0,20.0,0.0,4.4,93,33.5,86,1002.9,100,100,100,100,0.5,0.0,43.6591,-70.2568,2021,1,16,10
2021-01-16 11:00:00,18.0,0.0,18.0,0.0,4.1,100,38.2,88,1000.9,100,100,100,100,2.8,0.0,43.6591,-70.2568,2021,1,16,11
2021-01-16 12:00:00,7.0,0.0,7.0,0.0,4.3,100,42.5,90,997.1,100,100,100,100,3.5,0.0,43.6591,-70.2568,2021,1,16,12
2021-01-16 13:00:00,16.0,0.0,16.0,0.0,4.9,100,38.3,95,994.8,100,100,100,100,4.3,0.0,43.6591,-70.2568,2021,1,16,13
2021-01-16 14:00:00,17.0,0.0,17.0,0.0,5.6,100,49.6,102,990.2,100,99,94,98,6.1,0.0,43.6591,-70.2568,2021,1,16,14
2021-01-16 15:00:00,28.0,0.0,28.0,0.0,6.2,100,37.4,106,988.8,100,100,100,100,2.9,0.0,43.6591,-70.2568,2021,1,16,15
2021-01-16 16:00:00,28.0,0.0,28.0,0.0,7.6,100,30.4,121,986.4,100,100,79,0,3.2,0.0,43.6591,-70.2568,2021,1,16,16
2021-01-16 17:00:00,11.0,0.0,11.0,0.0,7.7,100,19.5,177,985.9,100,100,19,0,0.5,0.0,43.6591,-70.2568,2021,1,16,17
2021-01-16 18:00:00,3.0,1.0,2.0,19.1,7.2,100,13.8,171,986.4,100,100,14,0,0.0,0.0,43.6591,-70.2568,2021,1,16,18
2021-01-16 19:00:00,0.0,0.0,0.0,0.0,6.7,100,9.7,176,985.4,100,100,7,0,0.0,0.0,43.6591,-70.2568,2021,1,16,19
2021-01-16 20:00:00,0.0,0.0,0.0,0.0,6.4,100,12.1,217,984.0,98,100,85,0,0.0,0.0,43.6591,-70.2568,2021,1,16,20
2021-01-16 21:00:00,0.0,0.0,0.0,0.0,6.3,99,15.6,218,983.8,91,91,27,0,0.0,0.0,43.6591,-70.2568,2021,1,16,21
2021-01-16 22:00:00,0.0,0.0,0.0,0.0,4.8,99,15.6,230,983.6,100,100,7,5,0.0,0.0,43.6591,-70.2568,2021,1,16,22
2021-01-16 23:00:00,0.0,0.0,0.0,0.0,3.9,97,13.6,248,983.3,100,100,44,28,0.0,0.0,43.6591,-70.2568,2021,1,16,23
2021-01-17 00:00:00,0.0,0.0,0.0,0.0,3.3,96,12.2,225,982.6,75,7,66,61,0.0,0.0,43.6591,-70.2568,2021,1,17,0
2021-01-17 01:00:00,0.0,0.0,0.0,0.0,2.3,95,17.3,234,982.1,100,100,18,7,0.0,0.0,43.6591,-70.2568,2021,1,17,1
2021-01-17 02:00:00,0.0,0.0,0.0,0.0,1.9,92,19.8,243,982.4,100,100,98,0,0.0,0.0,43.6591,-70.2568,2021,1,17,2
2021-01-17 03:00:00,0.0,0.0,0.0,0.0,2.0,89,20.4,253,983.0,95,73,95,0,0.0,0.0,43.6591,-70.2568,2021,1,17,3
2021-01-17 04:00:00,0.0,0.0,0.0,0.0,2.1,87,20.5,248,983.5,97,0,97,0,0.1,0.0,43.6591,-70.2568,2021,1,17,4
2021-01-17 05:00:00,0.0,0.0,0.0,0.0,2.1,83,21.6,244,983.9,98,0,98,1,0.1,0.0,43.6591,-70.2568,2021,1,17,5
2021-01-17 06:00:00,0.0,0.0,0.0,0.0,2.1,75,22.9,246,984.3,82,0,82,13,0.0,0.0,43.6591,-70.2568,2021,1,17,6
2021-01-17 07:00:00,0.0,0.0,0.0,0.0,2.0,70,23.9,249,984.8,92,0,89,70,0.0,0.0,43.6591,-70.2568,2021,1,17,7
2021-01-17 08:00:00,0.0,0.0,0.0,0.0,2.1,74,23.0,253,985.0,97,0,99,77,0.0,0.0,43.6591,-70.2568,2021,1,17,8
2021-01-17 09:00:00,11.0,1.0,10.0,13.3,2.4,67,25.3,253,985.9,76,0,76,0,0.0,0.0,43.6591,-70.2568,2021,1,17,9
2021-01-17 10:00:00,141.0,78.0,63.0,416.1,3.1,61,23.7,248,986.9,1,0,1,0,0.0,3600.0,43.6591,-70.2568,2021,1,17,10
2021-01-17 11:00:00,284.0,224.0,60.0,728.8,3.8,56,27.0,254,987.7,35,0,15,31,0.0,3600.0,43.6591,-70.2568,2021,1,17,11
2021-01-17 12:00:00,382.0,312.0,70.0,800.5,4.4,52,34.4,265,987.8,48,39,12,21,0.0,3600.0,43.6591,-70.2568,2021,1,17,12
2021-01-17 13:00:00,410.0,311.0,99.0,724.8,4.9,50,32.9,265,987.9,45,42,9,1,0.0,3600.0,43.6591,-70.2568,2021,1,17,13
2021-01-17 14:00:00,370.0,257.0,113.0,608.1,5.0,49,31.2,263,988.3,44,43,3,1,0.0,3600.0,43.6591,-70.2568,2021,1,17,14
2021-01-17 15:00:00,316.0,226.0,90.0,609.4,5.0,49,30.7,266,988.9,37,26,33,0,0.0,3600.0,43.6591,-70.2568,2021,1,17,15
2021-01-17 16:00:00,229.0,154.0,75.0,555.5,4.7,51,30.7,265,989.9,98,98,15,0,0.0,3600.0,43.6591,-70.2568,2021,1,17,16
2021-01-17 17:00:00,97.0,40.0,57.0,269.9,3.8,56,22.3,256,990.9,100,100,85,0,0.0,3600.0,43.6591,-70.2568,2021,1,17,17
2021-01-17 18:00:00,6.0,1.0,5.0,18.7,3.2,59,20.5,252,992.0,98,98,84,0,0.0,0.0,43.6591,-70.2568,2021,1,17,18
2021-01-17 19:00:00,0.0,0.0,0.0,0.0,2.5,61,19.7,252,992.8,34,0,34,0,0.0,0.0,43.6591,-70.2568,2021,1,17,19
2021-01-17 20:00:00,0.0,0.0,0.0,0.0,3.2,60,17.8,256,993.4,9,0,10,0,0.0,0.0,43.6591,-70.2568,2021,1,17,20
2021-01-17 21:00:00,0.0,0.0,0.0,0.0,2.3,62,17.4,252,994.0,20,19,1,0,0.0,0.0,43.6591,-70.2568,2021,1,17,21
2021-01-17 22:00:00,0.0,0.0,0.0,0.0,2.1,62,18.2,256,994.5,0,0,0,0,0.0,0.0,43.6591,-70.2568,2021,1,17,22
2021-01-17 23:00:00,0.0,0.0,0.0,0.0,1.6,64,18.6,248,995.5,0,0,0,0,0.0,0.0,43.6591,-70.2568,2021,1,17,23
2021-01-18 00:00:00,0.0,0.0,0.0,0.0,1.3,66,17.5,251,996.0,0,0,0,0,0.0,0.0,43.6591,-70.2568,2021,1,18,0
2021-01-18 01:00:00,0.0,0.0,0.0,0.0,0.9,67,15.1,245,996.3,0,0,0,0,0.0,0.0,43.6591,-70.2568,2021,1,18,1
2021-01-18 02:00:00,0.0,0.0,0.0,0.0,0.2,71,13.4,239,996.9,3,3,0,0,0.0,0.0,43.6591,-70.2568,2021,1,18,2
2021-01-18 03:00:00,0.0,0.0,0.0,0.0,-0.3,74,14.8,236,997.2,0,0,0,0,0.0,0.0,43.6591,-70.2568,2021,1,18,3
2021-01-18 04:00:00,0.0,0.0,0.0,0.0,-0.2,70,16.6,240,997.2,0,0,0,0,0.0,0.0,43.6591,-70.2568,2021,1,18,4
2021-01-18 05:00:00,0.0,0.0,0.0,0.0,-0.4,71,15.6,236,997.1,87,0,87,0,0.0,0.0,43.6591,-70.2568,2021,1,18,5
2021-01-18 06:00:00,0.0,0.0,0.0,0.0,0.1,72,16.2,233,997.2,95,0,95,0,0.0,0.0,43.6591,-70.2568,2021,1,18,6
2021-01-18 07:00:00,0.0,0.0,0.0,0.0,0.1,76,15.4,237,997.4,51,0,51,0,0.0,0.0,43.6591,-70.2568,2021,1,18,7
2021-01-18 08:00:00,0.0,0.0,0.0,0.0,1.8,66,17.7,243,996.8,66,5,58,0,0.0,0.0,43.6591,-70.2568,2021,1,18,8
2021-01-18 09:00:00,24.0,9.0,15.0,117.8,2.0,66,16.5,250,996.9,47,0,47,0,0.0,2001.24,43.6591,-70.2568,2021,1,18,9
2021-01-18 10:00:00,142.0,81.0,61.0,427.2,3.0,63,14.8,256,997.0,53,0,52,4,0.0,3600.0,43.6591,-70.2568,2021,1,18,10
2021-01-18 11:00:00,249.0,149.0,100.0,480.9,3.7,58,20.5,268,997.1,83,33,71,59,0.0,3600.0,43.6591,-70.2568,2021,1,18,11
2021-01-18 12:00:00,258.0,93.0,165.0,236.9,3.9,57,20.0,263,997.0,97,25,94,49,0.0,3600.0,43.6591,-70.2568,2021,1,18,12
2021-01-18 13:00:00,286.0,88.0,198.0,203.6,4.0,56,22.4,266,996.6,98,45,95,62,0.0,3600.0,43.6591,-70.2568,2021,1,18,13
2021-01-18 14:00:00,293.0,113.0,180.0,265.2,3.9,56,22.3,269,996.4,95,44,93,20,0.0,3600.0,43.6591,-70.2568,2021,1,18,14
2021-01-18 15:00:00,242.0,95.0,147.0,253.7,3.7,56,20.6,274,996.8,93,47,90,9,0.0,3600.0,43.6591,-70.2568,2021,1,18,15
2021-01-18 16:00:00,192.0,82.0,110.0,291.9,3.2,57,17.2,280,997.5,94,69,89,7,0.0,3600.0,43.6591,-70.2568,2021,1,18,16
2021-01-18 17:00:00,80.0,23.0,57.0,151.4,2.1,57,15.0,294,998.4,87,68,74,0,0.0,2742.62,43.6591,-70.2568,2021,1,18,17
2021-01-18 18:00:00,8.0,1.0,7.0,18.0,0.5,54,14.6,286,999.4,29,0,29,0,0.0,0.0,43.6591,-70.2568,2021,1,18,18
2021-01-18 19:00:00,0.0,0.0,0.0,0.0,-0.9,54,12.1,293,1000.3,43,4,37,8,0.0,0.0,43.6591,-70.2568,2021,1,18,19
2021-01-18 20:00:00,0.0,0.0,0.0,0.0,-0.9,59,12.2,289,1001.2,77,12,81,70,0.0,0.0,43.6591,-70.2568,2021,1,18,20
2021-01-18 21:00:00,0.0,0.0,0.0,0.0,-1.4,59,12.4,300,1002.2,84,15,61,80,0.0,0.0,43.6591,-70.2568,2021,1,18,21
2021-01-18 22:00:00,0.0,0.0,0.0,0.0,-2.5,65,8.7,308,1003.1,16,16,0,0,0.0,0.0,43.6591,-70.2568,2021,1,18,22
2021-01-18 23:00:00,0.0,0.0,0.0,0.0,-3.2,70,7.2,323,1003.8,15,15,0,0,0.0,0.0,43.6591,-70.2568,2021,1,18,23
2021-01-19 00:00:00,0.0,0.0,0.0,0.0,-3.8,74,6.3,329,1004.3,7,7,0,0,0.0,0.0,43.6591,-70.2568,2021,1,19,0
2021-01-19 01:00:00,0.0,0.0,0.0,0.0,-4.3,76,5.1,315,1004.9,1,1,0,0,0.0,0.0,43.6591,-70.2568,2021,1,19,1
2021-01-19 02:00:00,0.0,0.0,0.0,0.0,-4.7,79,2.6,286,1005.3,9,0,0,9,0.0,0.0,43.6591,-70.2568,2021,1,19,2
2021-01-19 03:00:00,0.0,0.0,0.0,0.0,-5.0,79,4.2,239,1006.5,1,0,0,0,0.0,0.0,43.6591,-70.2568,2021,1,19,3
2021-01-19 04:00:00,0.0,0.0,0.0,0.0,-5.3,74,6.0,237,1007.2,1,0,0,0,0.0,0.0,43.6591,-70.2568,2021,1,19,4
2021-01-19 05:00:00,0.0,0.0,0.0,0.0,-5.7,69,6.7,254,1007.6,39,0,0,39,0.0,0.0,43.6591,-70.2568,2021,1,19,5
2021-01-19 06:00:00,0.0,0.0,0.0,0.0,-6.1,66,6.9,276,1008.1,53,0,0,53,0.0,0.0,43.6591,-70.2568,2021,1,19,6
2021-01-19 07:00:00,0.0,0.0,0.0,0.0,-6.3,66,7.1,294,1008.6,12,0,9,4,0.0,0.0,43.6591,-70.2568,2021,1,19,7
2021-01-19 08:00:00,0.0,0.0,0.0,0.0,-5.9,69,4.0,297,1009.5,46,0,56,1,0.0,0.0,43.6591,-70.2568,2021,1,19,8
2021-01-19 09:00:00,28.0,14.0,14.0,180.6,-4.8,63,3.6,315,1010.4,88,0,88,0,0.0,2739.32,43.6591,-70.2568,2021,1,19,9
2021-01-19 10:00:00,138.0,64.0,74.0,333.5,-3.6,57,2.6,326,1011.2,85,0,85,0,0.0,3600.0,43.6591,-70.2568,2021,1,19,10
2021-01-19 11:00:00,287.0,209.0,78.0,668.8,-2.4,54,1.8,259,1011.4,89,0,89,0,0.0,3600.0,43.6591,-70.2568,2021,1,19,11
2021-01-19 12:00:00,378.0,282.0,96.0,712.9,-1.2,50,1.3,236,1010.9,49,0,45,7,0.0,3600.0,43.6591,-70.2568,2021,1,19,12
2021-01-19 13:00:00,437.0,355.0,82.0,815.2,-0.1,47,2.1,239,1010.1,80,0,80,0,0.0,3600.0,43.6591,-70.2568,2021,1,19,13
2021-01-19 14:00:00,401.0,276.0,125.0,642.6,0.5,45,2.4,297,1009.6,67,0,67,0,0.0,3600.0,43.6591,-70.2568,2021,1,19,14
2021-01-19 15:00:00,341.0,225.0,116.0,595.1,0.9,43,3.4,302,1009.5,47,0,36,21,0.0,3600.0,43.6591,-70.2568,2021,1,19,15
2021-01-19 16:00:00,262.0,202.0,60.0,709.6,0.9,42,3.8,287,1009.9,19,0,18,4,0.0,3600.0,43.6591,-70.2568,2021,1,19,16
2021-01-19 17:00:00,122.0,81.0,41.0,520.5,0.6,43,1.4,180,1010.2,36,0,35,3,0.0,3600.0,43.6591,-70.2568,2021,1,19,17
2021-01-19 18:00:00,12.0,5.0,7.0,87.2,-2.0,63,5.4,222,1010.9,15,0,15,1,0.0,929.57,43.6591,-70.2568,2021,1,19,18
2021-01-19 19:00:00,0.0,0.0,0.0,0.0,-2.0,57,6.9,279,1011.3,24,0,24,0,0.0,0.0,43.6591,-70.2568,2021,1,19,19
2021-01-19 20:00:00,0.0,0.0,0.0,0.0,-2.5,56,7.6,295,1011.8,34,15,63,27,0.0,0.0,43.6591,-70.2568,2021,1,19,20
2021-01-19 21:00:00,0.0,0.0,0.0,0.0,-2.9,63,4.2,290,1011.9,76,33,71,0,0.0,0.0,43.6591,-70.2568,2021,1,19,21
2021-01-19 22:00:00,0.0,0.0,0.0,0.0,-2.7,72,1.9,292,1011.3,34,16,28,0,0.0,0.0,43.6591,-70.2568,2021,1,19,22
2021-01-19 23:00:00,0.0,0.0,0.0,0.0,-3.4,73,3.1,225,1010.8,59,36,15,36,0.0,0.0,43.6591,-70.2568,2021,1,19,23
2021-01-20 00:00:00,0.0,0.0,0.0,0.0,-2.9,64,7.5,235,1010.4,10,8,2,0,0.0,0.0,43.6591,-70.2568,2021,1,20,0
2021-01-20 01:00:00,0.0,0.0,0.0,0.0,-3.6,71,9.4,238,1009.6,46,0,46,0,0.0,0.0,43.6591,-70.2568,2021,1,20,1
2021-01-20 02:00:00,0.0,0.0,0.0,0.0,-3.8,80,10.3,245,1009.3,6,0,6,0,0.0,0.0,43.6591,-70.2568,2021,1,20,2
2021-01-20 03:00:00,0.0,0.0,0.0,0.0,-3.7,83,9.5,245,1009.1,19,0,0,19,0.0,0.0,43.6591,-70.2568,2021,1,20,3
2021-01-20 04:00:00,0.0,0.0,0.0,0.0,-3.9,85,9.8,246,1008.5,42,0,42,5,0.0,0.0,43.6591,-70.2568,2021,1,20,4
2021-01-20 05:00:00,0.0,0.0,0.0,0.0,-3.8,84,10.3,245,1007.9,58,0,6,56,0.0,0.0,43.6591,-70.2568,2021,1,20,5
2021-01-20 06:00:00,0.0,0.0,0.0,0.0,-3.8,82,10.7,250,1007.5,88,0,48,84,0.0,0.0,43.6591,-70.2568,2021,1,20,6
2021-01-20 07:00:00,0.0,0.0,0.0,0.0,-3.6,79,11.3,263,1007.3,90,0,84,84,0.0,0.0,43.6591,-70.2568,2021,1,20,7
2021-01-20 08:00:00,0.0,0.0,0.0,0.0,-3.7,80,7.2,307,1007.2,91,0,84,90,0.0,0.0,43.6591,-70.2568,2021,1,20,8
2021-01-20 09:00:00,23.0,4.0,19.0,50.8,-3.2,79,6.8,357,1007.3,90,0,83,85,0.0,89.76,43.6591,-70.2568,2021,1,20,9
2021-01-20 10:00:00,123.0,39.0,84.0,200.7,-2.0,69,6.5,3,1007.4,92,0,91,84,0.0,3600.0,43.6591,-70.2568,2021,1,20,10
2021-01-20 11:00:00,214.0,76.0,138.0,241.1,-0.8,60,5.5,11,1007.0,91,0,90,83,0.0,3600.0,43.6591,-70.2568,2021,1,20,11
2021-01-20 12:00:00,313.0,136.0,177.0,341.2,0.3,53,5.4,20,1006.3,89,0,88,55,0.0,3600.0,43.6591,-70.2568,2021,1,20,12
2021-01-20 13:00:00,433.0,336.0,97.0,765.6,1.4,46,5.8,4,1005.2,16,4,16,0,0.0,3600.0,43.6591,-70.2568,2021,1,20,13
2021-01-20 14:00:00,419.0,335.0,84.0,773.5,2.0,42,7.0,348,1004.6,38,33,33,0,0.0,3600.0,43.6591,-70.2568,2021,1,20,14
2021-01-20 15:00:00,323.0,217.0,106.0,568.4,1.8,44,8.5,324,1004.6,72,42,71,0,0.0,3600.0,43.6591,-70.2568,2021,1,20,15
2021-01-20 16:00:00,191.0,105.0,86.0,364.0,1.1,46,10.0,319,1005.0,87,60,87,0,0.0,3600.0,43.6591,-70.2568,2021,1,20,16
2021-01-20 17:00:00,67.0,25.0,42.0,156.8,-0.0,53,11.0,328,1006.1,95,62,95,0,0.0,2905.26,43.6591,-70.2568,2021,1,20,17
2021-01-20 18:00:00,4.0,1.0,3.0,16.9,-0.8,57,13.9,329,1007.2,98,58,98,0,0.1,0.0,43.6591,-70.2568,2021,1,20,18
2021-01-20 19:00:00,0.0,0.0,0.0,0.0,-1.3,53,15.9,327,1007.8,71,2,71,0,0.0,0.0,43.6591,-70.2568,2021,1,20,19
2021-01-20 20:00:00,0.0,0.0,0.0,0.0,-3.2,63,13.9,335,1008.6,3,3,0,0,0.0,0.0,43.6591,-70.2568,2021,1,20,20
2021-01-20 21:00:00,0.0,0.0,0.0,0.0,-4.1,64,13.4,329,1009.1,7,7,0,0,0.0,0.0,43.6591,-70.2568,2021,1,20,21
2021-01-20 22:00:00,0.0,0.0,0.0,0.0,-4.8,63,13.4,329,1009.5,38,38,0,0,0.0,0.0,43.6591,-70.2568,2021,1,20,22
2021-01-20 23:00:00,0.0,0.0,0.0,0.0,-5.7,57,15.2,338,1009.7,7,7,0,0,0.0,0.0,43.6591,-70.2568,2021,1,20,23
2021-01-21 00:00:00,0.0,0.0,0.0,0.0,-6.7,56,13.7,330,1009.8,1,1,0,0,0.0,0.0,43.6591,-70.2568,2021,1,21,0
2021-01-21 01:00:00,0.0,0.0,0.0,0.0,-7.1,56,12.3,320,1009.6,1,1,0,0,0.0,0.0,43.6591,-70.2568,2021,1,21,1
2021-01-21 02:00:00,0.0,0.0,0.0,0.0,-7.5,56,11.3,323,1009.6,18,1,0,17,0.0,0.0,43.6591,-70.2568,2021,1,21,2
2021-01-21 03:00:00,0.0,0.0,0.0,0.0,-7.7,58,8.7,315,1009.7,49,1,0,48,0.0,0.0,43.6591,-70.2568,2021,1,21,3
2021-01-21 04:00:00,0.0,0.0,0.0,0.0,-7.8,60,6.4,297,1009.6,89,0,0,89,0.0,0.0,43.6591,-70.2568,2021,1,21,4
2021-01-21 05:00:00,0.0,0.0,0.0,0.0,-7.9,60,3.8,311,1008.8,86,0,0,86,0.0,0.0,43.6591,-70.2568,2021,1,21,5
2021-01-21 06:00:00,0.0,0.0,0.0,0.0,-7.9,58,1.8,281,1008.3,90,0,0,90,0.0,0.0,43.6591,-70.2568,2021,1,21,6
2021-01-21 07:00:00,0.0,0.0,0.0,0.0,-8.0,58,1.3,214,1007.7,92,0,7,92,0.0,0.0,43.6591,-70.2568,2021,1,21,7
2021-01-21 08:00:00,0.0,0.0,0.0,0.0,-7.7,62,1.8,79,1007.7,94,0,78,88,0.0,0.0,43.6591,-70.2568,2021,1,21,8
2021-01-21 09:00:00,24.0,5.0,19.0,62.5,-7.0,61,4.8,103,1007.0,84,2,8,82,0.0,432.29,43.6591,-70.2568,2021,1,21,9
2021-01-21 10:00:00,139.0,60.0,79.0,304.9,-5.7,58,8.8,125,1006.1,14,11,4,0,0.0,3600.0,43.6591,-70.2568,2021,1,21,10
2021-01-21 11:00:00,300.0,233.0,67.0,732.6,-4.3,55,11.1,144,1005.2,85,45,76,0,0.0,3600.0,43.6591,-70.2568,2021,1,21,11
2021-01-21 12:00:00,329.0,181.0,148.0,450.5,-3.4,49,10.9,186,1004.9,93,21,92,0,0.0,3600.0,43.6591,-70.2568,2021,1,21,12
2021-01-21 13:00:00,243.0,57.0,186.0,128.9,-3.4,43,12.4,188,1003.3,100,0,100,0,0.0,2066.34,43.6591,-70.2568,2021,1,21,13
2021-01-21 14:00:00,281.0,64.0,217.0,146.5,-2.8,46,12.7,195,1002.0,97,0,97,0,0.0,2596.09,43.6591,-70.2568,2021,1,21,14
2021-01-21 15:00:00,203.0,33.0,170.0,85.6,-2.7,47,10.8,201,1001.3,96,91,95,0,0.0,767.45,43.6591,-70.2568,2021,1,21,15
2021-01-21 16:00:00,186.0,65.0,121.0,222.4,-2.4,46,9.5,205,1000.5,27,23,14,0,0.0,3600.0,43.6591,-70.2568,2021,1,21,16
2021-01-21 17:00:00,125.0,80.0,45.0,490.1,-2.7,48,5.7,198,1000.1,38,8,36,0,0.0,3600.0,43.6591,-70.2568,2021,1,21,17
2021-01-21 18:00:00,12.0,5.0,7.0,81.6,-3.7,62,4.5,151,999.8,36,0,36,0,0.0,841.12,43.6591,-70.2568,2021,1,21,18
2021-01-21 19:00:00,0.0,0.0,0.0,0.0,-3.8,61,3.4,58,999.4,46,24,39,6,0.0,0.0,43.6591,-70.2568,2021,1,21,19
2021-01-21 20:00:00,0.0,0.0,0.0,0.0,-3.8,56,3.1,126,999.9,30,0,10,0,0.0,0.0,43.6591,-70.2568,2021,1,21,20
2021-01-21 21:00:00,0.0,0.0,0.0,0.0,-3.8,57,1.1,342,999.7,10,8,5,0,0.0,0.0,43.6591,-70.2568,2021,1,21,21
2021-01-21 22:00:00,0.0,0.0,0.0,0.0,-4.9,62,2.6,326,999.5,54,52,9,0,0.0,0.0,43.6591,-70.2568,2021,1,21,22
2021-01-21 23:00:00,0.0,0.0,0.0,0.0,-4.3,60,0.5,45,999.0,76,3,76,0,0.0,0.0,43.6591,-70.2568,2021,1,21,23
2021-01-22 00:00:00,0.0,0.0,0.0,0.0,-4.1,61,3.5,156,998.7,94,0,94,0,0.0,0.0,43.6591,-70.2568,2021,1,22,0
2021-01-22 01:00:00,0.0,0.0,0.0,0.0,-4.4,65,5.1,176,998.2,44,3,43,0,0.0,0.0,43.6591,-70.2568,2021,1,22,1
2021-01-22 02:00:00,0.0,0.0,0.0,0.0,-3.5,64,4.7,157,997.9,88,0,88,0,0.0,0.0,43.6591,-70.2568,2021,1,22,2
2021-01-22 03:00:00,0.0,0.0,0.0,0.0,-3.1,66,1.5,284,997.9,73,1,73,0,0.2,0.0,43.6591,-70.2568,2021,1,22,3
2021-01-22 04:00:00,0.0,0.0,0.0,0.0,-3.5,70,2.1,301,997.7,91,2,91,0,0.2,0.0,43.6591,-70.2568,2021,1,22,4
2021-01-22 05:00:00,0.0,0.0,0.0,0.0,-3.6,71,3.7,331,997.5,95,3,95,0,0.1,0.0,43.6591,-70.2568,2021,1,22,5
2021-01-22 06:00:00,0.0,0.0,0.0,0.0,-4.0,75,3.7,331,997.5,85,1,85,0,0.0,0.0,43.6591,-70.2568,2021,1,22,6
2021-01-22 07:00:00,0.0,0.0,0.0,0.0,-4.5,78,4.7,328,997.8,20,16,11,0,0.0,0.0,43.6591,-70.2568,2021,1,22,7
2021-01-22 08:00:00,0.0,0.0,0.0,0.0,-4.3,80,4.8,333,998.3,11,5,87,0,0.0,0.0,43.6591,-70.2568,2021,1,22,8
2021-01-22 09:00:00,25.0,6.0,19.0,73.9,-3.7,77,5.8,353,998.6,94,2,92,38,0.1,771.66,43.6591,-70.2568,2021,1,22,9
2021-01-22 10:00:00,113.0,29.0,84.0,145.5,-2.2,70,4.8,347,999.0,97,0,96,80,0.0,2563.68,43.6591,-70.2568,2021,1,22,10
2021-01-22 11:00:00,170.0,31.0,139.0,96.6,-1.1,65,4.7,337,999.5,98,0,97,84,0.2,1097.28,43.6591,-70.2568,2021,1,22,11
2021-01-22 12:00:00,249.0,52.0,197.0,128.4,0.1,60,3.6,354,999.1,95,0,95,0,0.1,2051.51,43.6591,-70.2568,2021,1,22,12
2021-01-22 13:00:00,346.0,161.0,185.0,361.2,1.5,55,2.6,34,998.3,7,0,7,0,0.0,3600.0,43.6591,-70.2568,2021,1,22,13
2021-01-22 14:00:00,442.0,365.0,77.0,828.7,2.9,51,1.3,56,998.3,17,3,16,0,0.0,3600.0,43.6591,-70.2568,2021,1,22,14
2021-01-22 15:00:00,375.0,297.0,78.0,762.6,3.2,50,1.8,127,998.5,16,0,16,0,0.0,3600.0,43.6591,-70.2568,2021,1,22,15
2021-01-22 16:00:00,268.0,202.0,66.0,682.0,2.9,52,3.4,122,998.9,35,30,17,0,0.0,3600.0,43.6591,-70.2568,2021,1,22,16
2021-01-22 17:00:00,113.0,62.0,51.0,371.1,0.8,69,7.9,120,999.4,27,14,23,6,0.0,3600.0,43.6591,-70.2568,2021,1,22,17
2021-01-22 18:00:00,14.0,5.0,9.0,79.1,-1.3,85,4.6,162,1000.2,92,77,83,70,0.0,796.54,43.6591,-70.2568,2021,1,22,18
2021-01-22 19:00:00,0.0,0.0,0.0,0.0,-1.1,87,3.2,270,1001.1,86,57,66,75,0.1,0.0,43.6591,-70.2568,2021,1,22,19
2021-01-22 20:00:00,0.0,0.0,0.0,0.0,-0.3,88,3.1,144,1002.2,96,58,98,38,0.1,0.0,43.6591,-70.2568,2021,1,22,20
2021-01-22 21:00:00,0.0,0.0,0.0,0.0,-0.1,89,1.4,270,1002.5,70,0,69,9,0.1,0.0,43.6591,-70.2568,2021,1,22,21
2021-01-22 22:00:00,0.0,0.0,0.0,0.0,-1.5,89,6.9,276,1002.8,2,0,2,0,0.0,0.0,43.6591,-70.2568,2021,1,22,22
2021-01-22 23:00:00,0.0,0.0,0.0,0.0,-2.4,87,6.9,279,1003.1,36,0,33,21,0.0,0.0,43.6591,-70.2568,2021,1,22,23
2021-01-23 00:00:00,0.0,0.0,0.0,0.0,-2.8,89,10.8,323,1003.6,53,46,33,1,0.0,0.0,43.6591,-70.2568,2021,1,23,0
2021-01-23 01:00:00,0.0,0.0,0.0,0.0,-2.7,78,12.0,344,1003.9,40,24,36,0,0.0,0.0,43.6591,-70.2568,2021,1,23,1
2021-01-23 02:00:00,0.0,0.0,0.0,0.0,-3.4,76,11.0,328,1004.2,64,56,44,0,0.0,0.0,43.6591,-70.2568,2021,1,23,2
2021-01-23 03:00:00,0.0,0.0,0.0,0.0,-3.4,74,10.7,315,1004.6,78,2,78,0,0.0,0.0,43.6591,-70.2568,2021,1,23,3
2021-01-23 04:00:00,0.0,0.0,0.0,0.0,-3.7,73,10.0,311,1004.6,71,0,71,0,0.0,0.0,43.6591,-70.2568,2021,1,23,4
2021-01-23 05:00:00,0.0,0.0,0.0,0.0,-4.3,71,9.8,306,1004.6,46,0,46,0,0.0,0.0,43.6591,-70.2568,2021,1,23,5
2021-01-23 06:00:00,0.0,0.0,0.0,0.0,-5.0,69,9.0,307,1004.8,15,4,14,0,0.0,0.0,43.6591,-70.2568,2021,1,23,6
2021-01-23 07:00:00,0.0,0.0,0.0,0.0,-5.7,69,8.9,310,1005.2,17,16,2,0,0.0,0.0,43.6591,-70.2568,2021,1,23,7
2021-01-23 08:00:00,0.0,0.0,0.0,0.0,-4.8,70,9.2,321,1005.8,31,28,47,0,0.0,0.0,43.6591,-70.2568,2021,1,23,8
2021-01-23 09:00:00,30.0,12.0,18.0,145.3,-4.6,64,9.2,312,1006.1,49,15,44,0,0.0,2921.18,43.6591,-70.2568,2021,1,23,9
2021-01-23 10:00:00,161.0,101.0,60.0,499.8,-4.0,57,13.0,316,1006.3,23,19,11,0,0.0,3600.0,43.6591,-70.2568,2021,1,23,10
2021-01-23 11:00:00,302.0,226.0,76.0,697.5,-3.5,51,14.5,318,1006.8,44,24,37,0,0.0,3600.0,43.6591,-70.2568,2021,1,23,11
2021-01-23 12:00:00,399.0,310.0,89.0,759.1,-3.5,47,16.5,316,1006.7,72,12,70,0,0.0,3600.0,43.6591,-70.2568,2021,1,23,12
2021-01-23 13:00:00,411.0,259.0,152.0,576.4,-3.7,44,18.6,316,1006.1,76,1,76,0,0.0,3600.0,43.6591,-70.2568,2021,1,23,13
2021-01-23 14:00:00,446.0,349.0,97.0,785.6,-4.1,41,19.9,316,1006.0,84,1,84,0,0.0,3600.0,43.6591,-70.2568,2021,1,23,14
2021-01-23 15:00:00,369.0,254.0,115.0,645.7,-4.6,39,20.1,316,1006.2,5,2,4,0,0.0,3600.0,43.6591,-70.2568,2021,1,23,15
2021-01-23 16:00:00,286.0,225.0,61.0,749.6,-5.1,37,20.6,317,1006.3,2,2,0,0,0.0,3600.0,43.6591,-70.2568,2021,1,23,16
2021-01-23 17:00:00,142.0,100.0,42.0,584.9,-6.3,39,20.1,313,1006.8,2,2,0,0,0.0,3600.0,43.6591,-70.2568,2021,1,23,17
2021-01-23 18:00:00,18.0,9.0,9.0,138.0,-7.5,42,19.7,305,1007.4,0,0,0,0,0.0,2129.11,43.6591,-70.2568,2021,1,23,18
2021-01-23 19:00:00,0.0,0.0,0.0,0.0,-8.5,45,20.6,303,1008.0,6,6,0,0,0.0,0.0,43.6591,-70.2568,2021,1,23,19
2021-01-23 20:00:00,0.0,0.0,0.0,0.0,-8.0,47,20.6,303,1008.0,20,25,0,0,0.0,0.0,43.6591,-70.2568,2021,1,23,20
2021-01-23 21:00:00,0.0,0.0,0.0,0.0,-8.8,48,21.2,302,1007.9,18,18,0,0,0.0,0.0,43.6591,-70.2568,2021,1,23,21
2021-01-23 22:00:00,0.0,0.0,0.0,0.0,-9.7,47,20.8,296,1007.8,34,3,32,0,0.0,0.0,43.6591,-70.2568,2021,1,23,22
2021-01-23 23:00:00,0.0,0.0,0.0,0.0,-10.1,46,21.3,292,1007.4,33,5,30,0,0.0,0.0,43.6591,-70.2568,2021,1,23,23
2021-01-24 00:00:00,0.0,0.0,0.0,0.0,-10.3,46,21.1,287,1007.0,37,37,0,0,0.0,0.0,43.6591,-70.2568,2021,1,24,0
2021-01-24 01:00:00,0.0,0.0,0.0,0.0,-10.3,46,20.6,286,1006.0,28,28,0,0,0.0,0.0,43.6591,-70.2568,2021,1,24,1
2021-01-24 02:00:00,0.0,0.0,0.0,0.0,-10.0,46,18.2,288,1005.5,8,8,0,0,0.0,0.0,43.6591,-70.2568,2021,1,24,2
2021-01-24 03:00:00,0.0,0.0,0.0,0.0,-9.8,46,17.3,287,1005.2,3,3,0,0,0.0,0.0,43.6591,-70.2568,2021,1,24,3
2021-01-24 04:00:00,0.0,0.0,0.0,0.0,-9.7,45,17.2,286,1004.8,1,1,0,0,0.0,0.0,43.6591,-70.2568,2021,1,24,4
2021-01-24 05:00:00,0.0,0.0,0.0,0.0,-9.7,44,19.7,288,1004.5,0,0,0,0,0.0,0.0,43.6591,-70.2568,2021,1,24,5
2021-01-24 06:00:00,0.0,0.0,0.0,0.0,-9.8,42,21.7,289,1004.4,0,0,0,0,0.0,0.0,43.6591,-70.2568,2021,1,24,6
2021-01-24 07:00:00,0.0,0.0,0.0,0.0,-10.1,43,20.9,289,1004.4,0,0,0,0,0.0,0.0,43.6591,-70.2568,2021,1,24,7
2021-01-24 08:00:00,0.0,0.0,0.0,0.0,-8.8,46,25.8,298,1004.6,1,0,0,0,0.0,0.0,43.6591,-70.2568,2021,1,24,8
2021-01-24 09:00:00,37.0,23.0,14.0,273.9,-8.7,45,23.5,302,1004.6,90,14,0,88,0.0,2971.5,43.6591,-70.2568,2021,1,24,9
2021-01-24 10:00:00,164.0,102.0,62.0,497.9,-7.4,42,23.4,307,1004.5,65,13,0,60,0.0,3600.0,43.6591,-70.2568,2021,1,24,10
2021-01-24 11:00:00,307.0,233.0,74.0,712.3,-5.5,39,19.4,320,1005.3,29,0,0,29,0.0,3600.0,43.6591,-70.2568,2021,1,24,11
2021-01-24 12:00:00,418.0,347.0,71.0,842.7,-4.9,38,21.9,318,1005.6,3,3,0,0,0.0,3600.0,43.6591,-70.2568,2021,1,24,12
2021-01-24 13:00:00,463.0,386.0,77.0,852.1,-4.2,37,22.7,317,1005.3,3,3,1,0,0.0,3600.0,43.6591,-70.2568,2021,1,24,13
2021-01-24 14:00:00,458.0,384.0,74.0,857.0,-3.6,37,20.1,324,1005.5,1,0,1,0,0.0,3600.0,43.6591,-70.2568,2021,1,24,14
2021-01-24 15:00:00,397.0,330.0,67.0,830.6,-3.4,38,18.0,327,1005.9,0,0,0,0,0.0,3600.0,43.6591,-70.2568,2021,1,24,15
2021-01-24 16:00:00,290.0,231.0,59.0,759.6,-3.5,39,16.3,325,1006.7,0,0,0,0,0.0,3600.0,43.6591,-70.2568,2021,1,24,16
2021-01-24 17:00:00,145.0,104.0,41.0,594.6,-4.1,42,13.6,323,1007.5,0,0,0,0,0.0,3600.0,43.6591,-70.2568,2021,1,24,17
2021-01-24 18:00:00,19.0,11.0,8.0,163.6,-5.3,46,11.2,312,1008.4,1,1,0,0,0.0,2209.5,43.6591,-70.2568,2021,1,24,18
2021-01-24 19:00:00,0.0,0.0,0.0,0.0,-6.0,49,12.9,306,1009.4,6,6,0,0,0.0,0.0,43.6591,-70.2568,2021,1,24,19
2021-01-24 20:00:00,0.0,0.0,0.0,0.0,-5.5,54,15.3,319,1009.5,6,1,0,0,0.0,0.0,43.6591,-70.2568,2021,1,24,20
2021-01-24 21:00:00,0.0,0.0,0.0,0.0,-6.1,57,17.2,323,1009.6,2,1,0,0,0.0,0.0,43.6591,-70.2568,2021,1,24,21
2021-01-24 22:00:00,0.0,0.0,0.0,0.0,-6.7,56,19.1,324,1009.7,1,1,0,0,0.0,0.0,43.6591,-70.2568,2021,1,24,22
2021-01-24 23:00:00,0.0,0.0,0.0,0.0,-7.1,55,20.3,327,1010.0,0,0,0,0,0.0,0.0,43.6591,-70.2568,2021,1,24,23
2021-01-25 00:00:00,0.0,0.0,0.0,0.0,-7.4,55,19.2,326,1009.9,0,0,0,0,0.0,0.0,43.6591,-70.2568,2021,1,25,0
2021-01-25 01:00:00,0.0,0.0,0.0,0.0,-7.5,55,17.5,323,1009.9,0,0,0,0,0.0,0.0,43.6591,-70.2568,2021,1,25,1
2021-01-25 02:00:00,0.0,0.0,0.0,0.0,-7.6,55,15.6,322,1010.1,0,0,0,0,0.0,0.0,43.6591,-70.2568,2021,1,25,2
2021-01-25 03:00:00,0.0,0.0,0.0,0.0,-7.7,56,14.1,320,1010.5,0,0,0,0,0.0,0.0,43.6591,-70.2568,2021,1,25,3
2021-01-25 04:00:00,0.0,0.0,0.0,0.0,-7.7,56,13.2,317,1010.7,2,2,0,0,0.0,0.0,43.6591,-70.2568,2021,1,25,4
2021-01-25 05:00:00,0.0,0.0,0.0,0.0,-7.7,56,12.5,314,1010.6,3,0,2,0,0.0,0.0,43.6591,-70.2568,2021,1,25,5
2021-01-25 06:00:00,0.0,0.0,0.0,0.0,-7.7,56,11.5,316,1010.8,0,0,0,0,0.0,0.0,43.6591,-70.2568,2021,1,25,6
2021-01-25 07:00:00,0.0,0.0,0.0,0.0,-7.5,56,10.7,315,1011.3,0,0,0,0,0.0,0.0,43.6591,-70.2568,2021,1,25,7
2021-01-25 08:00:00,0.0,0.0,0.0,0.0,-6.9,57,11.2,318,1011.4,0,1,0,0,0.0,0.0,43.6591,-70.2568,2021,1,25,8
2021-01-25 09:00:00,39.0,24.0,15.0,281.0,-6.0,55,9.2,318,1011.7,0,0,0,0,0.0,3023.67,43.6591,-70.2568,2021,1,25,9
2021-01-25 10:00:00,181.0,134.0,47.0,645.1,-4.4,49,10.2,315,1011.8,0,0,0,0,0.0,3600.0,43.6591,-70.2568,2021,1,25,10
2021-01-25 11:00:00,321.0,261.0,60.0,790.2,-2.6,44,13.5,318,1012.2,0,0,0,0,0.0,3600.0,43.6591,-70.2568,2021,1,25,11
2021-01-25 12:00:00,424.0,355.0,69.0,854.9,-1.1,40,15.3,317,1011.8,0,0,0,0,0.0,3600.0,43.6591,-70.2568,2021,1,25,12
2021-01-25 13:00:00,474.0,402.0,72.0,880.1,0.2,38,16.1,320,1010.8,0,0,0,0,0.0,3600.0,43.6591,-70.2568,2021,1,25,13
2021-01-25 14:00:00,467.0,396.0,71.0,876.1,0.9,36,17.1,318,1010.8,0,0,0,0,0.0,3600.0,43.6591,-70.2568,2021,1,25,14
2021-01-25 15:00:00,405.0,339.0,66.0,844.8,1.0,35,17.9,320,1011.1,3,0,0,2,0.0,3600.0,43.6591,-70.2568,2021,1,25,15
2021-01-25 16:00:00,295.0,236.0,59.0,765.9,0.5,35,17.7,322,1011.4,0,0,0,0,0.0,3600.0,43.6591,-70.2568,2021,1,25,16
2021-01-25 17:00:00,150.0,109.0,41.0,609.5,-0.8,36,15.9,322,1012.0,0,0,0,0,0.0,3600.0,43.6591,-70.2568,2021,1,25,17
2021-01-25 18:00:00,21.0,12.0,9.0,173.2,-2.7,40,14.5,318,1012.6,0,0,0,0,0.0,2289.88,43.6591,-70.2568,2021,1,25,18
2021-01-25 19:00:00,0.0,0.0,0.0,0.0,-3.7,43,14.1,320,1013.1,0,0,0,0,0.0,0.0,43.6591,-70.2568,2021,1,25,19
2021-01-25 20:00:00,0.0,0.0,0.0,0.0,-3.6,54,13.8,317,1012.9,0,0,0,0,0.0,0.0,43.6591,-70.2568,2021,1,25,20
2021-01-25 21:00:00,0.0,0.0,0.0,0.0,-4.0,54,13.5,312,1013.7,23,0,0,23,0.0,0.0,43.6591,-70.2568,2021,1,25,21
2021-01-25 22:00:00,0.0,0.0,0.0,0.0,-4.6,56,13.3,311,1013.6,8,0,0,8,0.0,0.0,43.6591,-70.2568,2021,1,25,22
2021-01-25 23:00:00,0.0,0.0,0.0,0.0,-4.9,57,14.2,306,1013.9,61,0,0,61,0.0,0.0,43.6591,-70.2568,2021,1,25,23
2021-01-26 00:00:00,0.0,0.0,0.0,0.0,-4.8,55,14.6,320,1014.2,86,0,0,86,0.0,0.0,43.6591,-70.2568,2021,1,26,0
2021-01-26 01:00:00,0.0,0.0,0.0,0.0,-4.9,54,14.6,327,1013.9,90,0,0,90,0.0,0.0,43.6591,-70.2568,2021,1,26,1
2021-01-26 02:00:00,0.0,0.0,0.0,0.0,-5.1,52,13.6,328,1013.8,89,0,0,89,0.0,0.0,43.6591,-70.2568,2021,1,26,2
2021-01-26 03:00:00,0.0,0.0,0.0,0.0,-5.5,53,12.4,330,1014.2,83,0,0,83,0.0,0.0,43.6591,-70.2568,2021,1,26,3
2021-01-26 04:00:00,0.0,0.0,0.0,0.0,-5.7,54,13.1,339,1013.9,0,0,0,0,0.0,0.0,43.6591,-70.2568,2021,1,26,4
2021-01-26 05:00:00,0.0,0.0,0.0,0.0,-5.9,56,12.6,340,1013.9,0,0,0,0,0.0,0.0,43.6591,-70.2568,2021,1,26,5
2021-01-26 06:00:00,0.0,0.0,0.0,0.0,-5.9,59,11.9,335,1014.4,0,0,0,0,0.0,0.0,43.6591,-70.2568,2021,1,26,6
2021-01-26 07:00:00,0.0,0.0,0.0,0.0,-6.1,63,11.1,331,1014.9,0,0,0,0,0.0,0.0,43.6591,-70.2568,2021,1,26,7
2021-01-26 08:00:00,0.0,0.0,0.0,0.0,-6.0,62,11.1,335,1015.2,0,0,0,0,0.0,0.0,43.6591,-70.2568,2021,1,26,8
2021-01-26 09:00:00,41.0,26.0,15.0,299.2,-5.1,59,10.2,342,1015.6,0,0,0,0,0.0,3077.68,43.6591,-70.2568,2021,1,26,9
2021-01-26 10:00:00,185.0,138.0,47.0,655.0,-3.2,52,9.8,352,1015.6,0,0,0,0,0.0,3600.0,43.6591,-70.2568,2021,1,26,10
2021-01-26 11:00:00,326.0,265.0,61.0,794.4,-1.1,44,7.9,357,1015.8,0,0,0,0,0.0,3600.0,43.6591,-70.2568,2021,1,26,11
2021-01-26 12:00:00,429.0,361.0,68.0,862.0,0.6,36,7.7,28,1014.6,6,0,0,6,0.0,3600.0,43.6591,-70.2568,2021,1,26,12
2021-01-26 13:00:00,479.0,407.0,72.0,883.8,1.7,32,4.7,67,1013.9,1,0,0,1,0.0,3600.0,43.6591,-70.2568,2021,1,26,13
2021-01-26 14:00:00,472.0,402.0,70.0,881.7,2.1,32,5.2,106,1013.0,8,0,0,8,0.0,3600.0,43.6591,-70.2568,2021,1,26,14
2021-01-26 15:00:00,405.0,336.0,69.0,829.0,1.8,36,8.0,126,1012.3,92,0,0,92,0.0,3600.0,43.6591,-70.2568,2021,1,26,15
2021-01-26 16:00:00,251.0,135.0,116.0,432.5,0.6,47,10.3,144,1012.3,91,0,48,87,0.0,3600.0,43.6591,-70.2568,2021,1,26,16
2021-01-26 17:00:00,105.0,27.0,78.0,147.7,-0.3,53,6.9,152,1012.5,100,0,80,100,0.0,2630.94,43.6591,-70.2568,2021,1,26,17
2021-01-26 18:00:00,9.0,0.0,9.0,0.0,-1.0,61,5.0,180,1012.5,99,0,97,98,0.0,0.0,43.6591,-70.2568,2021,1,26,18
2021-01-26 19:00:00,0.0,0.0,0.0,0.0,-1.1,65,5.0,180,1012.4,100,0,100,100,0.0,0.0,43.6591,-70.2568,2021,1,26,19
2021-01-26 20:00:00,0.0,0.0,0.0,0.0,-1.9,78,2.2,279,1012.5,99,0,100,100,0.1,0.0,43.6591,-70.2568,2021,1,26,20
2021-01-26 21:00:00,0.0,0.0,0.0,0.0,-2.0,79,3.8,343,1012.4,100,32,99,73,0.5,0.0,43.6591,-70.2568,2021,1,26,21
2021-01-26 22:00:00,0.0,0.0,0.0,0.0,-2.2,82,7.0,348,1012.1,100,78,100,98,0.7,0.0,43.6591,-70.2568,2021,1,26,22
2021-01-26 23:00:00,0.0,0.0,0.0,0.0,-2.3,84,9.0,5,1011.7,100,99,100,18,0.6,0.0,43.6591,-70.2568,2021,1,26,23
2021-01-27 00:00:00,0.0,0.0,0.0,0.0,-2.2,83,11.5,20,1011.0,100,86,100,0,0.3,0.0,43.6591,-70.2568,2021,1,27,0
2021-01-27 01:00:00,0.0,0.0,0.0,0.0,-2.2,83,11.4,18,1010.7,100,68,100,0,0.3,0.0,43.6591,-70.2568,2021,1,27,1
2021-01-27 02:00:00,0.0,0.0,0.0,0.0,-2.3,84,12.1,17,1009.9,98,93,98,0,0.4,0.0,43.6591,-70.2568,2021,1,27,2
2021-01-27 03:00:00,0.0,0.0,0.0,0.0,-2.3,85,13.1,21,1009.7,100,100,99,0,0.2,0.0,43.6591,-70.2568,2021,1,27,3
2021-01-27 04:00:00,0.0,0.0,0.0,0.0,-2.2,85,12.2,19,1009.6,98,94,98,0,0.2,0.0,43.6591,-70.2568,2021,1,27,4
2021-01-27 05:00:00,0.0,0.0,0.0,0.0,-2.2,84,12.3,15,1009.5,98,96,95,0,0.2,0.0,43.6591,-70.2568,2021,1,27,5
2021-01-27 06:00:00,0.0,0.0,0.0,0.0,-2.2,84,12.1,10,1009.7,98,97,97,0,0.1,0.0,43.6591,-70.2568,2021,1,27,6
2021-01-27 07:00:00,0.0,0.0,0.0,0.0,-2.2,83,11.6,5,1010.2,99,97,99,0,0.1,0.0,43.6591,-70.2568,2021,1,27,7
2021-01-27 08:00:00,0.0,0.0,0.0,0.0,-2.1,86,12.3,355,1011.2,99,99,99,0,0.1,0.0,43.6591,-70.2568,2021,1,27,8
2021-01-27 09:00:00,10.0,0.0,10.0,0.0,-1.8,85,12.0,353,1011.8,100,99,98,0,0.4,0.0,43.6591,-70.2568,2021,1,27,9
2021-01-27 10:00:00,73.0,2.0,71.0,9.4,-0.8,80,11.9,360,1011.9,100,98,99,0,0.2,0.0,43.6591,-70.2568,2021,1,27,10
2021-01-27 11:00:00,164.0,26.0,138.0,77.2,0.6,75,10.9,8,1012.3,93,88,90,0,0.1,514.95,43.6591,-70.2568,2021,1,27,11
2021-01-27 12:00:00,247.0,57.0,190.0,134.9,2.0,72,10.7,20,1012.3,100,97,99,0,0.0,2248.14,43.6591,-70.2568,2021,1,27,12
2021-01-27 13:00:00,175.0,16.0,159.0,34.5,2.0,74,9.6,13,1011.8,100,100,99,0,0.0,0.0,43.6591,-70.2568,2021,1,27,13
2021-01-27 14:00:00,85.0,5.0,80.0,10.9,1.5,77,9.0,360,1011.7,100,100,98,0,0.2,0.0,43.6591,-70.2568,2021,1,27,14
2021-01-27 15:00:00,65.0,1.0,64.0,2.4,1.2,78,9.1,353,1011.9,100,100,100,0,0.2,0.0,43.6591,-70.2568,2021,1,27,15
2021-01-27 16:00:00,47.0,0.0,47.0,0.0,0.9,80,9.4,360,1012.3,99,98,98,0,0.2,0.0,43.6591,-70.2568,2021,1,27,16
2021-01-27 17:00:00,21.0,1.0,20.0,5.4,0.4,84,10.5,356,1012.8,100,96,100,0,0.2,0.0,43.6591,-70.2568,2021,1,27,17
2021-01-27 18:00:00,5.0,0.0,5.0,0.0,-0.0,87,11.3,7,1013.2,99,99,99,0,0.2,0.0,43.6591,-70.2568,2021,1,27,18
2021-01-27 19:00:00,0.0,0.0,0.0,0.0,-0.2,88,10.2,10,1013.6,99,99,97,43,0.2,0.0,43.6591,-70.2568,2021,1,27,19
2021-01-27 20:00:00,0.0,0.0,0.0,0.0,-0.3,92,9.8,8,1014.2,100,100,99,84,0.2,0.0,43.6591,-70.2568,2021,1,27,20
2021-01-27 21:00:00,0.0,0.0,0.0,0.0,-0.2,92,8.8,12,1014.3,100,100,100,95,0.3,0.0,43.6591,-70.2568,2021,1,27,21
2021-01-27 22:00:00,0.0,0.0,0.0,0.0,-0.3,93,8.1,21,1014.1,100,99,100,95,0.3,0.0,43.6591,-70.2568,2021,1,27,22
2021-01-27 23:00:00,0.0,0.0,0.0,0.0,-0.4,94,7.4,29,1013.7,100,98,100,96,0.4,0.0,43.6591,-70.2568,2021,1,27,23
2021-01-28 00:00:00,0.0,0.0,0.0,0.0,-0.5,95,5.8,360,1013.8,100,99,100,70,0.2,0.0,43.6591,-70.2568,2021,1,28,0
2021-01-28 01:00:00,0.0,0.0,0.0,0.0,-0.6,95,6.2,350,1013.7,100,99,100,86,0.3,0.0,43.6591,-70.2568,2021,1,28,1
2021-01-28 02:00:00,0.0,0.0,0.0,0.0,-0.8,95,6.9,351,1013.4,100,98,100,82,0.4,0.0,43.6591,-70.2568,2021,1,28,2
2021-01-28 03:00:00,0.0,0.0,0.0,0.0,-0.8,94,8.0,355,1013.1,100,99,100,73,0.3,0.0,43.6591,-70.2568,2021,1,28,3
2021-01-28 04:00:00,0.0,0.0,0.0,0.0,-0.8,94,8.5,348,1012.7,100,100,100,72,0.2,0.0,43.6591,-70.2568,2021,1,28,4
2021-01-28 05:00:00,0.0,0.0,0.0,0.0,-0.8,92,10.1,343,1012.1,100,99,100,84,0.2,0.0,43.6591,-70.2568,2021,1,28,5
2021-01-28 06:00:00,0.0,0.0,0.0,0.0,-0.9,83,12.4,352,1011.6,100,97,100,93,0.1,0.0,43.6591,-70.2568,2021,1,28,6
2021-01-28 07:00:00,0.0,0.0,0.0,0.0,-1.4,77,12.4,350,1011.5,100,99,100,0,0.1,0.0,43.6591,-70.2568,2021,1,28,7
2021-01-28 08:00:00,0.0,0.0,0.0,0.0,-1.1,82,10.9,343,1012.1,100,98,100,4,0.1,0.0,43.6591,-70.2568,2021,1,28,8
2021-01-28 09:00:00,8.0,0.0,8.0,0.0,-1.4,79,11.0,337,1012.4,100,99,100,13,0.2,0.0,43.6591,-70.2568,2021,1,28,9
2021-01-28 10:00:00,33.0,0.0,33.0,0.0,-1.3,76,12.9,347,1012.4,100,93,100,4,0.3,0.0,43.6591,-70.2568,2021,1,28,10
2021-01-28 11:00:00,67.0,1.0,66.0,2.9,-1.0,72,12.8,350,1012.4,100,89,100,0,0.2,0.0,43.6591,-70.2568,2021,1,28,11
2021-01-28 12:00:00,131.0,15.0,116.0,35.2,-0.5,68,12.5,348,1011.9,100,75,100,0,0.1,0.0,43.6591,-70.2568,2021,1,28,12
2021-01-28 13:00:00,167.0,15.0,152.0,32.0,-0.1,64,12.9,342,1011.0,100,82,100,2,0.1,0.0,43.6591,-70.2568,2021,1,28,13
2021-01-28 14:00:00,213.0,47.0,166.0,101.3,0.2,61,13.0,341,1010.0,98,72,97,0,0.0,1239.04,43.6591,-70.2568,2021,1,28,14
2021-01-28 15:00:00,224.0,43.0,181.0,104.0,0.4,59,11.8,333,1009.9,99,90,99,0,0.0,1319.7,43.6591,-70.2568,2021,1,28,15
2021-01-28 16:00:00,117.0,5.0,112.0,15.6,0.1,58,13.3,327,1009.6,98,84,96,0,0.0,0.0,43.6591,-70.2568,2021,1,28,16
2021-01-28 17:00:00,50.0,6.0,44.0,31.4,-0.8,58,15.8,330,1009.7,97,96,92,0,0.0,0.0,43.6591,-70.2568,2021,1,28,17
2021-01-28 18:00:00,11.0,1.0,10.0,13.3,-1.9,58,17.5,323,1010.0,100,100,97,0,0.0,0.0,43.6591,-70.2568,2021,1,28,18
2021-01-28 19:00:00,0.0,0.0,0.0,0.0,-2.8,57,19.1,324,1009.8,98,97,75,1,0.0,0.0,43.6591,-70.2568,2021,1,28,19
2021-01-28 20:00:00,0.0,0.0,0.0,0.0,-3.0,59,19.1,328,1010.1,84,100,46,2,0.0,0.0,43.6591,-70.2568,2021,1,28,20
2021-01-28 21:00:00,0.0,0.0,0.0,0.0,-4.0,56,20.6,324,1010.4,99,99,81,0,0.0,0.0,43.6591,-70.2568,2021,1,28,21
2021-01-28 22:00:00,0.0,0.0,0.0,0.0,-5.3,55,22.6,329,1010.4,87,84,62,4,0.0,0.0,43.6591,-70.2568,2021,1,28,22
2021-01-28 23:00:00,0.0,0.0,0.0,0.0,-6.9,55,23.5,324,1010.1,72,25,71,5,0.0,0.0,43.6591,-70.2568,2021,1,28,23
2021-01-29 00:00:00,0.0,0.0,0.0,0.0,-8.1,54,22.8,321,1009.8,61,2,61,0,0.0,0.0,43.6591,-70.2568,2021,1,29,0
2021-01-29 01:00:00,0.0,0.0,0.0,0.0,-9.0,52,23.8,321,1009.2,58,1,58,0,0.0,0.0,43.6591,-70.2568,2021,1,29,1
2021-01-29 02:00:00,0.0,0.0,0.0,0.0,-9.6,51,22.7,317,1008.6,80,5,79,0,0.0,0.0,43.6591,-70.2568,2021,1,29,2
2021-01-29 03:00:00,0.0,0.0,0.0,0.0,-10.0,50,22.7,317,1008.2,83,8,83,0,0.0,0.0,43.6591,-70.2568,2021,1,29,3
2021-01-29 04:00:00,0.0,0.0,0.0,0.0,-10.4,50,22.4,316,1007.5,70,7,69,0,0.0,0.0,43.6591,-70.2568,2021,1,29,4
2021-01-29 05:00:00,0.0,0.0,0.0,0.0,-10.9,50,22.2,318,1006.9,48,4,47,0,0.0,0.0,43.6591,-70.2568,2021,1,29,5
2021-01-29 06:00:00,0.0,0.0,0.0,0.0,-11.3,51,22.9,318,1006.5,53,50,47,0,0.0,0.0,43.6591,-70.2568,2021,1,29,6
2021-01-29 07:00:00,0.0,0.0,0.0,0.0,-11.5,50,23.5,320,1006.5,94,93,63,0,0.0,0.0,43.6591,-70.2568,2021,1,29,7
2021-01-29 08:00:00,0.0,0.0,0.0,0.0,-11.9,49,23.1,326,1007.3,95,85,83,0,0.0,0.0,43.6591,-70.2568,2021,1,29,8
2021-01-29 09:00:00,30.0,8.0,22.0,87.3,-12.1,47,25.2,323,1007.6,57,55,47,0,0.0,1258.43,43.6591,-70.2568,2021,1,29,9
2021-01-29 10:00:00,174.0,98.0,76.0,445.1,-11.8,45,28.7,325,1007.3,95,38,95,0,0.0,3600.0,43.6591,-70.2568,2021,1,29,10
2021-01-29 11:00:00,244.0,85.0,159.0,247.1,-11.1,45,28.5,328,1007.4,100,10,100,0,0.1,3600.0,43.6591,-70.2568,2021,1,29,11
2021-01-29 12:00:00,234.0,26.0,208.0,60.5,-10.3,45,27.8,329,1007.0,100,34,100,0,0.2,14.24,43.6591,-70.2568,2021,1,29,12
2021-01-29 13:00:00,245.0,20.0,225.0,42.3,-9.0,43,28.0,332,1006.7,100,98,100,0,0.2,0.0,43.6591,-70.2568,2021,1,29,13
2021-01-29 14:00:00,166.0,4.0,162.0,8.5,-8.2,43,27.1,331,1006.6,100,58,100,0,0.2,0.0,43.6591,-70.2568,2021,1,29,14
2021-01-29 15:00:00,184.0,8.0,176.0,19.2,-7.2,41,26.4,332,1007.0,100,5,100,0,0.1,0.0,43.6591,-70.2568,2021,1,29,15
2021-01-29 16:00:00,209.0,55.0,154.0,169.5,-6.5,39,25.3,334,1007.9,33,0,1,32,0.0,3284.86,43.6591,-70.2568,2021,1,29,16
2021-01-29 17:00:00,168.0,117.0,51.0,600.5,-7.3,42,23.2,330,1009.3,58,0,0,58,0.0,3600.0,43.6591,-70.2568,2021,1,29,17
2021-01-29 18:00:00,28.0,15.0,13.0,193.5,-8.4,47,22.7,335,1010.7,79,0,6,77,0.0,2611.05,43.6591,-70.2568,2021,1,29,18
2021-01-29 19:00:00,0.0,0.0,0.0,0.0,-9.4,49,21.6,336,1012.2,75,0,3,74,0.0,0.0,43.6591,-70.2568,2021,1,29,19
2021-01-29 20:00:00,0.0,0.0,0.0,0.0,-9.0,50,21.3,334,1013.0,16,2,38,0,0.0,0.0,43.6591,-70.2568,2021,1,29,20
2021-01-29 21:00:00,0.0,0.0,0.0,0.0,-9.8,51,21.7,336,1013.7,6,0,6,0,0.0,0.0,43.6591,-70.2568,2021,1,29,21
2021-01-29 22:00:00,0.0,0.0,0.0,0.0,-10.7,53,22.7,337,1014.5,18,0,1,18,0.0,0.0,43.6591,-70.2568,2021,1,29,22
2021-01-29 23:00:00,0.0,0.0,0.0,0.0,-11.6,54,22.3,337,1014.8,78,0,74,74,0.0,0.0,43.6591,-70.2568,2021,1,29,23
2021-01-30 00:00:00,0.0,0.0,0.0,0.0,-11.9,53,21.0,338,1015.3,39,0,39,1,0.0,0.0,43.6591,-70.2568,2021,1,30,0
2021-01-30 01:00:00,0.0,0.0,0.0,0.0,-12.2,54,18.9,339,1015.5,72,0,41,66,0.0,0.0,43.6591,-70.2568,2021,1,30,1
2021-01-30 02:00:00,0.0,0.0,0.0,0.0,-12.2,54,17.6,334,1015.5,88,0,70,84,0.0,0.0,43.6591,-70.2568,2021,1,30,2
2021-01-30 03:00:00,0.0,0.0,0.0,0.0,-12.2,54,16.4,334,1015.6,76,0,67,71,0.0,0.0,43.6591,-70.2568,2021,1,30,3
2021-01-30 04:00:00,0.0,0.0,0.0,0.0,-12.2,54,13.9,335,1015.9,63,0,63,1,0.0,0.0,43.6591,-70.2568,2021,1,30,4
2021-01-30 05:00:00,0.0,0.0,0.0,0.0,-12.5,55,13.1,339,1016.0,84,0,83,7,0.0,0.0,43.6591,-70.2568,2021,1,30,5
2021-01-30 06:00:00,0.0,0.0,0.0,0.0,-12.5,54,12.1,343,1016.4,88,0,87,36,0.0,0.0,43.6591,-70.2568,2021,1,30,6
2021-01-30 07:00:00,0.0,0.0,0.0,0.0,-12.7,53,12.3,345,1017.0,91,0,90,49,0.0,0.0,43.6591,-70.2568,2021,1,30,7
2021-01-30 08:00:00,0.0,0.0,0.0,0.0,-12.8,56,10.0,334,1018.5,88,0,93,9,0.0,0.0,43.6591,-70.2568,2021,1,30,8
2021-01-30 09:00:00,38.0,10.0,28.0,107.1,-12.4,52,10.9,333,1018.8,91,0,91,1,0.0,1937.49,43.6591,-70.2568,2021,1,30,9
2021-01-30 10:00:00,165.0,72.0,93.0,322.0,-11.5,48,10.8,330,1018.8,79,0,79,0,0.0,3600.0,43.6591,-70.2568,2021,1,30,10
2021-01-30 11:00:00,309.0,184.0,125.0,529.3,-10.2,45,9.8,324,1019.1,35,0,35,0,0.0,3600.0,43.6591,-70.2568,2021,1,30,11
2021-01-30 12:00:00,448.0,355.0,93.0,818.2,-8.9,39,11.6,324,1018.9,0,0,0,0,0.0,3600.0,43.6591,-70.2568,2021,1,30,12
2021-01-30 13:00:00,515.0,437.0,78.0,917.3,-8.5,36,13.8,327,1018.5,0,0,0,0,0.0,3600.0,43.6591,-70.2568,2021,1,30,13
2021-01-30 14:00:00,509.0,429.0,80.0,908.3,-8.3,33,15.0,325,1018.0,0,0,0,0,0.0,3600.0,43.6591,-70.2568,2021,1,30,14
2021-01-30 15:00:00,446.0,372.0,74.0,881.6,-8.1,31,15.0,325,1017.9,0,0,0,0,0.0,3600.0,43.6591,-70.2568,2021,1,30,15
2021-01-30 16:00:00,331.0,266.0,65.0,809.2,-8.0,32,15.4,323,1018.2,0,0,0,0,0.0,3600.0,43.6591,-70.2568,2021,1,30,16
2021-01-30 17:00:00,178.0,131.0,47.0,658.4,-8.5,34,15.7,328,1018.6,0,0,0,0,0.0,3600.0,43.6591,-70.2568,2021,1,30,17
2021-01-30 18:00:00,32.0,20.0,12.0,251.2,-9.9,42,15.5,335,1019.2,0,0,0,0,0.0,2692.61,43.6591,-70.2568,2021,1,30,18
2021-01-30 19:00:00,0.0,0.0,0.0,0.0,-10.9,46,15.8,330,1020.0,0,0,0,0,0.0,0.0,43.6591,-70.2568,2021,1,30,19
2021-01-30 20:00:00,0.0,0.0,0.0,0.0,-10.9,50,14.8,347,1020.0,0,0,0,0,0.0,0.0,43.6591,-70.2568,2021,1,30,20
2021-01-30 21:00:00,0.0,0.0,0.0,0.0,-11.6,52,15.9,347,1020.8,0,0,0,0,0.0,0.0,43.6591,-70.2568,2021,1,30,21
2021-01-30 22:00:00,0.0,0.0,0.0,0.0,-12.6,55,15.8,348,1021.3,0,0,0,0,0.0,0.0,43.6591,-70.2568,2021,1,30,22
2021-01-30 23:00:00,0.0,0.0,0.0,0.0,-13.3,57,15.3,345,1021.7,0,0,0,0,0.0,0.0,43.6591,-70.2568,2021,1,30,23
2021-01-31 00:00:00,0.0,0.0,0.0,0.0,-13.9,57,14.9,345,1022.0,0,0,0,0,0.0,0.0,43.6591,-70.2568,2021,1,31,0
2021-01-31 01:00:00,0.0,0.0,0.0,0.0,-14.3,57,14.2,344,1022.0,0,0,0,0,0.0,0.0,43.6591,-70.2568,2021,1,31,1
2021-01-31 02:00:00,0.0,0.0,0.0,0.0,-14.5,57,12.8,338,1022.2,0,0,0,0,0.0,0.0,43.6591,-70.2568,2021,1,31,2
2021-01-31 03:00:00,0.0,0.0,0.0,0.0,-14.6,58,11.9,331,1022.6,0,0,0,0,0.0,0.0,43.6591,-70.2568,2021,1,31,3
2021-01-31 04:00:00,0.0,0.0,0.0,0.0,-14.5,57,11.5,328,1022.9,0,0,0,0,0.0,0.0,43.6591,-70.2568,2021,1,31,4
2021-01-31 05:00:00,0.0,0.0,0.0,0.0,-14.3,56,10.9,326,1023.0,0,0,0,0,0.0,0.0,43.6591,-70.2568,2021,1,31,5
2021-01-31 06:00:00,0.0,0.0,0.0,0.0,-14.2,57,9.9,314,1023.3,0,0,0,0,0.0,0.0,43.6591,-70.2568,2021,1,31,6
2021-01-31 07:00:00,0.0,0.0,0.0,0.0,-14.1,58,9.4,328,1023.2,0,0,0,0,0.0,0.0,43.6591,-70.2568,2021,1,31,7
2021-01-31 08:00:00,0.0,0.0,0.0,0.0,-14.7,65,6.1,332,1023.7,0,0,0,0,0.0,0.0,43.6591,-70.2568,2021,1,31,8
2021-01-31 09:00:00,54.0,35.0,19.0,367.7,-13.1,55,8.2,337,1024.3,0,0,0,0,0.0,3378.6,43.6591,-70.2568,2021,1,31,9
2021-01-31 10:00:00,210.0,159.0,51.0,700.1,-11.5,47,6.2,339,1024.3,0,0,0,0,0.0,3600.0,43.6591,-70.2568,2021,1,31,10
2021-01-31 11:00:00,358.0,293.0,65.0,833.7,-9.0,38,4.9,324,1024.4,0,0,0,0,0.0,3600.0,43.6591,-70.2568,2021,1,31,11
2021-01-31 12:00:00,467.0,394.0,73.0,899.8,-6.7,32,4.3,294,1024.0,0,0,0,0,0.0,3600.0,43.6591,-70.2568,2021,1,31,12
2021-01-31 13:00:00,521.0,445.0,76.0,925.9,-5.0,29,4.4,279,1023.2,0,0,0,0,0.0,3600.0,43.6591,-70.2568,2021,1,31,13
2021-01-31 14:00:00,515.0,439.0,76.0,921.0,-3.8,27,4.3,270,1022.5,0,0,0,0,0.0,3600.0,43.6591,-70.2568,2021,1,31,14
2021-01-31 15:00:00,452.0,380.0,72.0,891.4,-3.1,26,2.5,278,1021.9,54,0,0,54,0.0,3600.0,43.6591,-70.2568,2021,1,31,15
2021-01-31 16:00:00,336.0,274.0,62.0,822.7,-2.9,26,1.8,259,1021.8,0,0,0,0,0.0,3600.0,43.6591,-70.2568,2021,1,31,16
2021-01-31 17:00:00,183.0,136.0,47.0,669.4,-3.4,26,1.5,14,1021.6,17,0,0,17,0.0,3600.0,43.6591,-70.2568,2021,1,31,17
2021-01-31 18:00:00,35.0,21.0,14.0,256.8,-5.5,33,3.3,186,1022.1,26,0,0,26,0.0,2774.76,43.6591,-70.2568,2021,1,31,18
2021-01-31 19:00:00,0.0,0.0,0.0,0.0,-6.4,50,5.5,212,1022.6,79,0,0,79,0.0,0.0,43.6591,-70.2568,2021,1,31,19
2021-01-31 20:00:00,0.0,0.0,0.0,0.0,-8.5,71,7.2,217,1023.0,86,0,0,85,0.0,0.0,43.6591,-70.2568,2021,1,31,20
2021-01-31 21:00:00,0.0,0.0,0.0,0.0,-8.6,66,8.1,249,1023.2,77,0,0,77,0.0,0.0,43.6591,-70.2568,2021,1,31,21
2021-01-31 22:00:00,0.0,0.0,0.0,0.0,-9.5,63,7.3,281,1023.1,81,0,0,81,0.0,0.0,43.6591,-70.2568,2021,1,31,22
2021-01-31 23:00:00,0.0,0.0,0.0,0.0,-10.2,62,6.7,306,1023.1,59,0,0,59,0.0,0.0,43.6591,-70.2568,2021,1,31,23
2021-02-01 00:00:00,0.0,0.0,0.0,0.0,-10.5,61,6.7,324,1022.9,2,0,0,2,0.0,0.0,43.6591,-70.2568,2021,2,1,0
2021-02-01 01:00:00,0.0,0.0,0.0,0.0,-10.2,59,8.7,343,1022.6,0,0,0,0,0.0,0.0,43.6591,-70.2568,2021,2,1,1
2021-02-01 02:00:00,0.0,0.0,0.0,0.0,-9.5,53,10.5,4,1022.4,20,0,0,20,0.0,0.0,43.6591,-70.2568,2021,2,1,2
2021-02-01 03:00:00,0.0,0.0,0.0,0.0,-9.1,48,12.2,14,1022.4,35,0,0,35,0.0,0.0,43.6591,-70.2568,2021,2,1,3
2021-02-01 04:00:00,0.0,0.0,0.0,0.0,-9.3,48,13.8,15,1022.2,0,0,0,0,0.0,0.0,43.6591,-70.2568,2021,2,1,4
2021-02-01 05:00:00,0.0,0.0,0.0,0.0,-9.8,48,13.2,11,1022.0,0,0,0,0,0.0,0.0,43.6591,-70.2568,2021,2,1,5
2021-02-01 06:00:00,0.0,0.0,0.0,0.0,-10.3,52,13.0,6,1022.2,4,4,0,0,0.0,0.0,43.6591,-70.2568,2021,2,1,6
2021-02-01 07:00:00,0.0,0.0,0.0,0.0,-10.5,56,14.9,7,1022.0,90,90,0,0,0.0,0.0,43.6591,-70.2568,2021,2,1,7
2021-02-01 08:00:00,0.0,0.0,0.0,0.0,-10.5,60,14.2,9,1022.5,99,94,64,0,0.0,0.0,43.6591,-70.2568,2021,2,1,8
2021-02-01 09:00:00,31.0,6.0,25.0,61.8,-9.5,59,15.5,13,1022.8,94,86,67,0,0.0,420.99,43.6591,-70.2568,2021,2,1,9
2021-02-01 10:00:00,119.0,33.0,86.0,143.0,-7.9,56,15.3,15,1022.6,98,93,65,50,0.0,2490.09,43.6591,-70.2568,2021,2,1,10
2021-02-01 11:00:00,167.0,23.0,144.0,64.7,-6.0,52,15.9,13,1022.4,99,98,64,3,0.0,141.75,43.6591,-70.2568,2021,2,1,11
2021-02-01 12:00:00,128.0,8.0,120.0,18.1,-4.9,52,16.2,12,1021.5,97,96,42,1,0.0,0.0,43.6591,-70.2568,2021,2,1,12
2021-02-01 13:00:00,197.0,32.0,165.0,66.0,-3.1,56,16.6,27,1020.4,99,99,4,27,0.0,179.79,43.6591,-70.2568,2021,2,1,13
2021-02-01 14:00:00,144.0,7.0,137.0,14.6,-2.3,56,17.5,32,1018.9,100,98,49,95,0.0,0.0,43.6591,-70.2568,2021,2,1,14
2021-02-01 15:00:00,101.0,6.0,95.0,13.9,-2.0,61,17.9,38,1018.2,100,98,37,100,0.0,0.0,43.6591,-70.2568,2021,2,1,15
2021-02-01 16:00:00,53.0,0.0,53.0,0.0,-1.9,66,19.5,39,1017.7,100,100,90,100,0.0,0.0,43.6591,-70.2568,2021,2,1,16
2021-02-01 17:00:00,26.0,0.0,26.0,0.0,-1.8,77,22.5,39,1017.1,100,100,100,100,0.1,0.0,43.6591,-70.2568,2021,2,1,17
2021-02-01 18:00:00,5.0,0.0,5.0,0.0,-1.7,80,23.8,32,1016.4,100,100,100,100,0.1,0.0,43.6591,-70.2568,2021,2,1,18
2021-02-01 19:00:00,0.0,0.0,0.0,0.0,-1.6,80,24.2,28,1016.1,100,100,100,100,0.2,0.0,43.6591,-70.2568,2021,2,1,19
2021-02-01 20:00:00,0.0,0.0,0.0,0.0,-1.9,76,26.2,34,1015.6,100,99,100,100,0.3,0.0,43.6591,-70.2568,2021,2,1,20
2021-02-01 21:00:00,0.0,0.0,0.0,0.0,-1.9,78,27.6,33,1014.5,100,99,100,94,0.3,0.0,43.6591,-70.2568,2021,2,1,21
2021-02-01 22:00:00,0.0,0.0,0.0,0.0,-1.6,80,27.4,33,1013.6,100,86,100,100,0.4,0.0,43.6591,-70.2568,2021,2,1,22
2021-02-01 23:00:00,0.0,0.0,0.0,0.0,-1.3,82,28.3,34,1012.5,100,93,100,100,0.7,0.0,43.6591,-70.2568,2021,2,1,23
2021-02-02 00:00:00,0.0,0.0,0.0,0.0,-1.0,84,28.9,31,1011.3,100,81,100,96,1.2,0.0,43.6591,-70.2568,2021,2,2,0
2021-02-02 01:00:00,0.0,0.0,0.0,0.0,-0.8,86,30.5,30,1010.1,100,99,100,92,1.5,0.0,43.6591,-70.2568,2021,2,2,1
2021-02-02 02:00:00,0.0,0.0,0.0,0.0,-0.7,86,31.7,32,1008.2,100,57,100,27,1.7,0.0,43.6591,-70.2568,2021,2,2,2
2021-02-02 03:00:00,0.0,0.0,0.0,0.0,-0.8,87,31.9,28,1006.7,100,99,100,72,1.9,0.0,43.6591,-70.2568,2021,2,2,3
2021-02-02 04:00:00,0.0,0.0,0.0,0.0,-0.9,87,33.7,23,1005.1,93,74,77,68,2.3,0.0,43.6591,-70.2568,2021,2,2,4
2021-02-02 05:00:00,0.0,0.0,0.0,0.0,-0.8,86,36.7,26,1003.2,100,74,100,0,2.4,0.0,43.6591,-70.2568,2021,2,2,5
2021-02-02 06:00:00,0.0,0.0,0.0,0.0,-0.9,86,37.9,24,1001.5,100,83,100,0,2.1,0.0,43.6591,-70.2568,2021,2,2,6
2021-02-02 07:00:00,0.0,0.0,0.0,0.0,-1.2,85,36.7,24,1000.6,100,99,100,0,1.4,0.0,43.6591,-70.2568,2021,2,2,7
2021-02-02 08:00:00,0.0,0.0,0.0,0.0,-2.5,83,33.2,20,1001.7,100,100,99,91,0.7,0.0,43.6591,-70.2568,2021,2,2,8
2021-02-02 09:00:00,7.0,0.0,7.0,0.0,-2.1,81,33.2,21,1000.9,100,100,94,28,0.3,0.0,43.6591,-70.2568,2021,2,2,9
2021-02-02 10:00:00,27.0,0.0,27.0,0.0,-1.1,82,33.7,20,999.3,100,100,100,100,0.3,0.0,43.6591,-70.2568,2021,2,2,10
2021-02-02 11:00:00,52.0,0.0,52.0,0.0,-1.8,84,25.5,9,998.3,100,100,100,49,0.7,0.0,43.6591,-70.2568,2021,2,2,11
2021-02-02 12:00:00,63.0,0.0,63.0,0.0,-2.6,85,28.1,9,997.1,100,100,92,51,1.1,0.0,43.6591,-70.2568,2021,2,2,12
2021-02-02 13:00:00,92.0,0.0,92.0,0.0,-2.2,81,28.5,9,995.0,100,100,93,29,0.5,0.0,43.6591,-70.2568,2021,2,2,13
2021-02-02 14:00:00,88.0,0.0,88.0,0.0,-2.0,80,27.9,6,993.6,100,100,97,39,0.3,0.0,43.6591,-70.2568,2021,2,2,14
2021-02-02 15:00:00,62.0,0.0,62.0,0.0,-2.0,83,27.8,5,992.7,100,100,97,61,1.4,0.0,43.6591,-70.2568,2021,2,2,15
2021-02-02 16:00:00,57.0,0.0,57.0,0.0,-1.5,84,27.8,357,991.5,100,100,100,57,1.1,0.0,43.6591,-70.2568,2021,2,2,16
2021-02-02 17:00:00,35.0,0.0,35.0,0.0,-0.7,81,32.4,2,990.6,100,100,100,19,0.6,0.0,43.6591,-70.2568,2021,2,2,17
2021-02-02 18:00:00,6.0,0.0,6.0,0.0,-0.5,81,27.8,357,989.6,100,100,39,0,0.3,0.0,43.6591,-70.2568,2021,2,2,18
2021-02-02 19:00:00,0.0,0.0,0.0,0.0,-0.3,82,24.7,352,989.0,100,100,0,14,0.1,0.0,43.6591,-70.2568,2021,2,2,19
2021-02-02 20:00:00,0.0,0.0,0.0,0.0,-0.1,82,22.7,360,990.1,100,100,97,95,0.1,0.0,43.6591,-70.2568,2021,2,2,20
2021-02-02 21:00:00,0.0,0.0,0.0,0.0,-0.4,80,21.6,358,990.2,100,100,25,66,0.0,0.0,43.6591,-70.2568,2021,2,2,21
2021-02-02 22:00:00,0.0,0.0,0.0,0.0,-0.5,79,21.4,353,989.6,100,100,54,76,0.0,0.0,43.6591,-70.2568,2021,2,2,22
2021-02-02 23:00:00,0.0,0.0,0.0,0.0,-0.4,79,20.1,350,989.1,100,100,37,82,0.0,0.0,43.6591,-70.2568,2021,2,2,23
2021-02-03 00:00:00,0.0,0.0,0.0,0.0,-0.4,79,18.2,342,989.0,100,100,38,91,0.0,0.0,43.6591,-70.2568,2021,2,3,0
2021-02-03 01:00:00,0.0,0.0,0.0,0.0,-0.3,78,19.1,344,988.2,100,100,0,99,0.0,0.0,43.6591,-70.2568,2021,2,3,1
2021-02-03 02:00:00,0.0,0.0,0.0,0.0,-0.1,76,18.4,343,987.8,100,100,0,99,0.0,0.0,43.6591,-70.2568,2021,2,3,2
2021-02-03 03:00:00,0.0,0.0,0.0,0.0,-0.0,75,17.1,342,987.5,100,98,0,99,0.0,0.0,43.6591,-70.2568,2021,2,3,3
2021-02-03 04:00:00,0.0,0.0,0.0,0.0,-0.0,75,13.5,331,987.7,100,94,12,100,0.0,0.0,43.6591,-70.2568,2021,2,3,4
2021-02-03 05:00:00,0.0,0.0,0.0,0.0,0.1,75,13.6,328,987.8,99,97,82,97,0.0,0.0,43.6591,-70.2568,2021,2,3,5
2021-02-03 06:00:00,0.0,0.0,0.0,0.0,0.2,75,12.9,324,988.1,99,98,90,91,0.0,0.0,43.6591,-70.2568,2021,2,3,6
2021-02-03 07:00:00,0.0,0.0,0.0,0.0,0.1,76,11.5,319,988.7,99,98,79,66,0.0,0.0,43.6591,-70.2568,2021,2,3,7
2021-02-03 08:00:00,0.0,0.0,0.0,0.0,-0.2,78,13.8,317,989.3,98,73,96,92,0.0,0.0,43.6591,-70.2568,2021,2,3,8
2021-02-03 09:00:00,17.0,1.0,16.0,9.9,-0.3,76,14.2,324,989.6,98,80,96,47,0.0,0.0,43.6591,-70.2568,2021,2,3,9
2021-02-03 10:00:00,90.0,9.0,81.0,37.8,0.0,73,13.4,324,989.7,98,90,92,0,0.0,0.0,43.6591,-70.2568,2021,2,3,10
2021-02-03 11:00:00,187.0,40.0,147.0,110.1,0.4,69,14.5,325,989.9,98,97,68,0,0.0,1501.5,43.6591,-70.2568,2021,2,3,11
2021-02-03 12:00:00,245.0,41.0,204.0,91.0,0.8,67,14.3,326,990.1,86,84,31,0,0.0,929.86,43.6591,-70.2568,2021,2,3,12
2021-02-03 13:00:00,218.0,53.0,165.0,107.3,0.9,66,11.2,320,990.6,100,100,81,0,0.0,1420.28,43.6591,-70.2568,2021,2,3,13
2021-02-03 14:00:00,108.0,0.0,108.0,0.0,0.6,66,11.7,313,991.0,99,99,96,0,0.0,0.0,43.6591,-70.2568,2021,2,3,14
2021-02-03 15:00:00,102.0,7.0,95.0,15.9,0.7,66,13.2,313,991.4,99,99,94,0,0.0,0.0,43.6591,-70.2568,2021,2,3,15
2021-02-03 16:00:00,74.0,4.0,70.0,11.6,0.8,67,12.3,310,991.7,98,98,97,0,0.0,0.0,43.6591,-70.2568,2021,2,3,16
2021-02-03 17:00:00,49.0,5.0,44.0,23.2,0.7,68,12.5,309,992.5,97,96,96,0,0.0,0.0,43.6591,-70.2568,2021,2,3,17
2021-02-03 18:00:00,11.0,2.0,9.0,22.6,0.3,70,13.0,316,993.1,96,87,94,0,0.0,0.0,43.6591,-70.2568,2021,2,3,18
2021-02-03 19:00:00,0.0,0.0,0.0,0.0,-0.0,71,12.5,314,993.9,96,76,95,0,0.0,0.0,43.6591,-70.2568,2021,2,3,19
2021-02-03 20:00:00,0.0,0.0,0.0,0.0,0.6,74,11.0,322,994.7,99,76,95,0,0.0,0.0,43.6591,-70.2568,2021,2,3,20
2021-02-03 21:00:00,0.0,0.0,0.0,0.0,0.3,76,10.5,319,995.2,97,84,97,0,0.0,0.0,43.6591,-70.2568,2021,2,3,21
2021-02-03 22:00:00,0.0,0.0,0.0,0.0,-0.0,78,10.2,315,995.6,95,90,93,0,0.0,0.0,43.6591,-70.2568,2021,2,3,22
2021-02-03 23:00:00,0.0,0.0,0.0,0.0,-0.3,80,10.9,314,996.1,97,92,95,0,0.0,0.0,43.6591,-70.2568,2021,2,3,23
2021-02-04 00:00:00,0.0,0.0,0.0,0.0,-0.7,81,11.2,312,996.5,97,82,97,0,0.0,0.0,43.6591,-70.2568,2021,2,4,0
2021-02-04 01:00:00,0.0,0.0,0.0,0.0,-0.7,81,10.7,312,997.0,94,76,93,0,0.0,0.0,43.6591,-70.2568,2021,2,4,1
2021-02-04 02:00:00,0.0,0.0,0.0,0.0,-0.9,81,12.0,316,997.3,89,73,86,0,0.0,0.0,43.6591,-70.2568,2021,2,4,2
2021-02-04 03:00:00,0.0,0.0,0.0,0.0,-1.2,81,13.5,318,997.6,82,49,78,0,0.0,0.0,43.6591,-70.2568,2021,2,4,3
2021-02-04 04:00:00,0.0,0.0,0.0,0.0,-1.9,83,14.3,319,998.0,25,0,25,0,0.0,0.0,43.6591,-70.2568,2021,2,4,4
2021-02-04 05:00:00,0.0,0.0,0.0,0.0,-2.6,85,12.0,321,998.7,16,2,15,0,0.0,0.0,43.6591,-70.2568,2021,2,4,5
2021-02-04 06:00:00,0.0,0.0,0.0,0.0,-3.2,88,11.2,320,999.5,41,23,34,0,0.0,0.0,43.6591,-70.2568,2021,2,4,6
2021-02-04 07:00:00,0.0,0.0,0.0,0.0,-3.1,87,12.2,317,1000.3,89,88,21,0,0.0,0.0,43.6591,-70.2568,2021,2,4,7
2021-02-04 08:00:00,0.0,0.0,0.0,0.0,-1.3,82,12.6,323,1000.9,100,57,86,0,0.0,0.0,43.6591,-70.2568,2021,2,4,8
2021-02-04 09:00:00,33.0,7.0,26.0,68.0,-0.3,78,11.2,327,1001.9,100,62,100,0,0.0,600.82,43.6591,-70.2568,2021,2,4,9
2021-02-04 10:00:00,105.0,7.0,98.0,28.9,0.5,74,13.0,332,1002.3,97,34,97,0,0.0,0.0,43.6591,-70.2568,2021,2,4,10
2021-02-04 11:00:00,204.0,30.0,174.0,81.6,1.1,69,13.2,331,1002.7,94,6,94,0,0.0,647.84,43.6591,-70.2568,2021,2,4,11
2021-02-04 12:00:00,287.0,71.0,216.0,156.1,1.6,66,12.8,328,1002.5,80,1,80,0,0.0,2881.62,43.6591,-70.2568,2021,2,4,12
2021-02-04 13:00:00,379.0,160.0,219.0,321.1,2.0,62,14.7,324,1002.3,57,51,34,0,0.0,3600.0,43.6591,-70.2568,2021,2,4,13
2021-02-04 14:00:00,445.0,281.0,164.0,568.1,2.3,60,15.0,318,1002.3,96,95,92,0,0.0,3600.0,43.6591,-70.2568,2021,2,4,14
2021-02-04 15:00:00,310.0,105.0,205.0,236.3,2.1,61,14.1,322,1002.7,92,78,80,63,0.0,3600.0,43.6591,-70.2568,2021,2,4,15
2021-02-04 16:00:00,246.0,110.0,136.0,313.6,2.0,60,12.3,322,1003.0,97,93,41,65,0.0,3600.0,43.6591,-70.2568,2021,2,4,16
2021-02-04 17:00:00,119.0,26.0,93.0,118.0,1.7,61,9.2,321,1003.4,95,93,2,35,0.0,1740.05,43.6591,-70.2568,2021,2,4,17
2021-02-04 18:00:00,32.0,9.0,23.0,99.3,0.3,72,6.5,304,1004.1,70,70,1,0,0.0,1611.22,43.6591,-70.2568,2021,2,4,18
2021-02-04 19:00:00,0.0,0.0,0.0,0.0,-0.7,77,8.5,306,1004.7,31,31,1,0,0.0,0.0,43.6591,-70.2568,2021,2,4,19
2021-02-04 20:00:00,0.0,0.0,0.0,0.0,-1.2,82,9.7,321,1005.2,28,57,0,0,0.0,0.0,43.6591,-70.2568,2021,2,4,20
2021-02-04 21:00:00,0.0,0.0,0.0,0.0,-2.4,80,7.1,330,1005.5,11,11,0,0,0.0,0.0,43.6591,-70.2568,2021,2,4,21
2021-02-04 22:00:00,0.0,0.0,0.0,0.0,-3.4,78,8.9,328,1005.7,5,5,0,0,0.0,0.0,43.6591,-70.2568,2021,2,4,22
2021-02-04 23:00:00,0.0,0.0,0.0,0.0,-4.5,80,10.5,311,1006.0,4,4,0,0,0.0,0.0,43.6591,-70.2568,2021,2,4,23
2021-02-05 00:00:00,0.0,0.0,0.0,0.0,-5.7,84,10.6,294,1006.4,1,1,0,0,0.0,0.0,43.6591,-70.2568,2021,2,5,0
2021-02-05 01:00:00,0.0,0.0,0.0,0.0,-6.9,84,10.0,291,1006.1,0,0,0,0,0.0,0.0,43.6591,-70.2568,2021,2,5,1
2021-02-05 02:00:00,0.0,0.0,0.0,0.0,-8.3,84,9.3,286,1006.1,0,0,0,0,0.0,0.0,43.6591,-70.2568,2021,2,5,2
2021-02-05 03:00:00,0.0,0.0,0.0,0.0,-9.4,84,8.6,285,1006.1,0,0,0,0,0.0,0.0,43.6591,-70.2568,2021,2,5,3
2021-02-05 04:00:00,0.0,0.0,0.0,0.0,-9.8,85,9.7,272,1006.1,0,0,0,0,0.0,0.0,43.6591,-70.2568,2021,2,5,4
2021-02-05 05:00:00,0.0,0.0,0.0,0.0,-9.3,83,10.5,262,1006.2,16,0,0,16,0.0,0.0,43.6591,-70.2568,2021,2,5,5
2021-02-05 06:00:00,0.0,0.0,0.0,0.0,-8.6,81,8.0,262,1006.0,100,0,0,100,0.0,0.0,43.6591,-70.2568,2021,2,5,6
2021-02-05 07:00:00,0.0,0.0,0.0,0.0,-8.2,82,8.2,247,1005.9,100,1,0,100,0.0,0.0,43.6591,-70.2568,2021,2,5,7
2021-02-05 08:00:00,0.0,0.0,0.0,0.0,-9.7,83,6.2,260,1005.8,100,2,90,100,0.0,0.0,43.6591,-70.2568,2021,2,5,8
2021-02-05 09:00:00,49.0,8.0,41.0,76.2,-6.5,75,5.8,158,1005.7,100,4,88,100,0.0,830.26,43.6591,-70.2568,2021,2,5,9
2021-02-05 10:00:00,153.0,32.0,121.0,129.9,-2.1,78,4.8,153,1005.1,100,0,90,100,0.0,2096.53,43.6591,-70.2568,2021,2,5,10
2021-02-05 11:00:00,274.0,79.0,195.0,212.4,1.7,77,12.7,165,1004.7,100,1,100,100,0.0,3600.0,43.6591,-70.2568,2021,2,5,11
2021-02-05 12:00:00,122.0,0.0,122.0,0.0,1.7,80,14.4,177,1004.4,100,33,99,100,0.3,0.0,43.6591,-70.2568,2021,2,5,12
2021-02-05 13:00:00,135.0,0.0,135.0,0.0,1.5,91,13.9,170,1003.4,99,13,96,94,1.0,0.0,43.6591,-70.2568,2021,2,5,13
2021-02-05 14:00:00,130.0,14.0,116.0,28.0,1.9,91,14.5,166,1001.8,100,97,100,4,0.5,0.0,43.6591,-70.2568,2021,2,5,14
2021-02-05 15:00:00,83.0,1.0,82.0,2.2,2.8,87,15.7,171,1001.1,100,99,100,0,0.7,0.0,43.6591,-70.2568,2021,2,5,15
2021-02-05 16:00:00,45.0,0.0,45.0,0.0,4.0,83,13.7,177,1000.3,100,100,90,0,0.2,0.0,43.6591,-70.2568,2021,2,5,16
2021-02-05 17:00:00,41.0,1.0,40.0,4.4,4.3,87,11.9,194,999.8,55,49,2,11,0.0,0.0,43.6591,-70.2568,2021,2,5,17
2021-02-05 18:00:00,32.0,12.0,20.0,129.3,3.1,91,7.7,217,999.5,82,17,0,78,0.0,2612.44,43.6591,-70.2568,2021,2,5,18
2021-02-05 19:00:00,0.0,0.0,0.0,0.0,0.3,94,7.3,281,999.3,84,7,0,83,0.0,0.0,43.6591,-70.2568,2021,2,5,19
2021-02-05 20:00:00,0.0,0.0,0.0,0.0,-0.3,93,8.7,312,1000.3,13,28,0,0,0.0,0.0,43.6591,-70.2568,2021,2,5,20
2021-02-05 21:00:00,0.0,0.0,0.0,0.0,-1.6,94,10.0,319,1000.1,61,6,0,59,0.0,0.0,43.6591,-70.2568,2021,2,5,21
2021-02-05 22:00:00,0.0,0.0,0.0,0.0,-2.6,93,6.9,313,1000.2,86,1,0,86,0.0,0.0,43.6591,-70.2568,2021,2,5,22
2021-02-05 23:00:00,0.0,0.0,0.0,0.0,-3.6,93,8.5,306,999.9,0,0,0,0,0.0,0.0,43.6591,-70.2568,2021,2,5,23
2021-02-06 00:00:00,0.0,0.0,0.0,0.0,-4.5,92,10.1,305,999.7,0,0,0,0,0.0,0.0,43.6591,-70.2568,2021,2,6,0
2021-02-06 01:00:00,0.0,0.0,0.0,0.0,-5.0,90,8.9,284,1000.1,0,0,0,0,0.0,0.0,43.6591,-70.2568,2021,2,6,1
2021-02-06 02:00:00,0.0,0.0,0.0,0.0,-5.6,91,10.8,272,1000.4,88,43,87,0,0.0,0.0,43.6591,-70.2568,2021,2,6,2
2021-02-06 03:00:00,0.0,0.0,0.0,0.0,-3.6,93,11.1,257,1000.4,100,81,100,0,0.0,0.0,43.6591,-70.2568,2021,2,6,3
2021-02-06 04:00:00,0.0,0.0,0.0,0.0,-1.5,90,11.5,256,1000.3,86,85,74,0,0.1,0.0,43.6591,-70.2568,2021,2,6,4
2021-02-06 05:00:00,0.0,0.0,0.0,0.0,-0.9,88,15.9,264,1001.3,5,4,5,0,0.0,0.0,43.6591,-70.2568,2021,2,6,5
2021-02-06 06:00:00,0.0,0.0,0.0,0.0,-1.6,84,16.2,274,1002.6,7,7,0,0,0.0,0.0,43.6591,-70.2568,2021,2,6,6
2021-02-06 07:00:00,0.0,0.0,0.0,0.0,-2.5,87,14.7,259,1003.7,1,0,1,0,0.0,0.0,43.6591,-70.2568,2021,2,6,7
2021-02-06 08:00:00,0.0,0.0,0.0,0.0,-0.6,73,19.2,264,1004.3,0,17,5,0,0.0,0.0,43.6591,-70.2568,2021,2,6,8
2021-02-06 09:00:00,64.0,38.0,26.0,354.8,-0.9,65,17.3,265,1005.7,0,0,0,0,0.0,3600.0,43.6591,-70.2568,2021,2,6,9
2021-02-06 10:00:00,234.0,177.0,57.0,706.6,-0.4,59,16.8,260,1006.6,0,0,0,0,0.0,3600.0,43.6591,-70.2568,2021,2,6,10
2021-02-06 11:00:00,383.0,309.0,74.0,821.1,0.3,45,19.7,261,1007.3,0,0,0,0,0.0,3600.0,43.6591,-70.2568,2021,2,6,11
2021-02-06 12:00:00,493.0,411.0,82.0,885.8,1.1,42,19.6,256,1007.5,0,0,0,0,0.0,3600.0,43.6591,-70.2568,2021,2,6,12
2021-02-06 13:00:00,548.0,462.0,86.0,910.3,1.9,40,26.1,255,1007.2,93,93,46,0,0.0,3600.0,43.6591,-70.2568,2021,2,6,13
2021-02-06 14:00:00,478.0,320.0,158.0,634.9,2.4,42,24.1,250,1007.0,87,77,86,0,0.0,3600.0,43.6591,-70.2568,2021,2,6,14
2021-02-06 15:00:00,256.0,72.0,184.0,158.7,2.4,44,22.2,253,1007.5,23,13,22,0,0.0,2961.35,43.6591,-70.2568,2021,2,6,15
2021-02-06 16:00:00,332.0,222.0,110.0,616.8,2.3,46,22.1,251,1008.0,39,25,38,0,0.0,3600.0,43.6591,-70.2568,2021,2,6,16
2021-02-06 17:00:00,187.0,118.0,69.0,515.0,1.9,48,16.3,256,1008.7,46,23,45,0,0.0,3600.0,43.6591,-70.2568,2021,2,6,17
2021-02-06 18:00:00,46.0,24.0,22.0,252.4,0.6,53,16.5,260,1010.2,29,0,29,0,0.0,3275.15,43.6591,-70.2568,2021,2,6,18
2021-02-06 19:00:00,0.0,0.0,0.0,0.0,-0.3,54,19.9,265,1011.8,2,0,2,0,0.0,0.0,43.6591,-70.2568,2021,2,6,19
2021-02-06 20:00:00,0.0,0.0,0.0,0.0,-2.7,73,13.4,262,1012.9,1,0,0,0,0.0,0.0,43.6591,-70.2568,2021,2,6,20
2021-02-06 21:00:00,0.0,0.0,0.0,0.0,-2.4,64,15.7,279,1014.8,0,0,0,0,0.0,0.0,43.6591,-70.2568,2021,2,6,21
2021-02-06 22:00:00,0.0,0.0,0.0,0.0,-3.5,61,14.1,264,1015.5,0,0,0,0,0.0,0.0,43.6591,-70.2568,2021,2,6,22
2021-02-06 23:00:00,0.0,0.0,0.0,0.0,-4.7,65,13.0,264,1016.1,0,0,0,0,0.0,0.0,43.6591,-70.2568,2021,2,6,23
2021-02-07 00:00:00,0.0,0.0,0.0,0.0,-5.6,67,13.0,270,1017.1,0,0,0,0,0.0,0.0,43.6591,-70.2568,2021,2,7,0
2021-02-07 01:00:00,0.0,0.0,0.0,0.0,-6.5,71,12.3,275,1017.9,97,0,0,97,0.0,0.0,43.6591,-70.2568,2021,2,7,1
2021-02-07 02:00:00,0.0,0.0,0.0,0.0,-7.1,73,10.9,287,1018.2,96,0,0,96,0.0,0.0,43.6591,-70.2568,2021,2,7,2
2021-02-07 03:00:00,0.0,0.0,0.0,0.0,-7.8,73,6.9,309,1018.1,98,0,0,98,0.0,0.0,43.6591,-70.2568,2021,2,7,3
2021-02-07 04:00:00,0.0,0.0,0.0,0.0,-10.8,76,6.6,261,1018.5,100,0,0,100,0.0,0.0,43.6591,-70.2568,2021,2,7,4
2021-02-07 05:00:00,0.0,0.0,0.0,0.0,-9.7,74,4.4,261,1019.1,100,0,0,100,0.0,0.0,43.6591,-70.2568,2021,2,7,5
2021-02-07 06:00:00,0.0,0.0,0.0,0.0,-10.9,75,2.8,320,1019.4,100,0,0,100,0.0,0.0,43.6591,-70.2568,2021,2,7,6
2021-02-07 07:00:00,0.0,0.0,0.0,0.0,-9.7,74,7.7,11,1018.4,100,0,0,100,0.0,0.0,43.6591,-70.2568,2021,2,7,7
2021-02-07 08:00:00,0.0,0.0,0.0,0.0,-6.3,76,9.2,59,1018.4,100,0,0,100,0.0,0.0,43.6591,-70.2568,2021,2,7,8
2021-02-07 09:00:00,42.0,1.0,41.0,9.2,-4.2,73,12.6,66,1018.0,99,0,25,99,0.0,0.0,43.6591,-70.2568,2021,2,7,9
2021-02-07 10:00:00,152.0,23.0,129.0,90.3,-2.2,67,12.1,73,1017.8,100,1,91,99,0.0,908.82,43.6591,-70.2568,2021,2,7,10
2021-02-07 11:00:00,206.0,18.0,188.0,47.3,-0.9,65,13.4,85,1016.3,99,2,98,99,0.0,0.0,43.6591,-70.2568,2021,2,7,11
2021-02-07 12:00:00,258.0,25.0,233.0,53.4,0.9,63,14.9,110,1015.6,100,28,100,100,0.0,0.0,43.6591,-70.2568,2021,2,7,12
2021-02-07 13:00:00,149.0,1.0,148.0,2.0,1.6,65,15.7,127,1013.9,100,42,100,96,0.1,0.0,43.6591,-70.2568,2021,2,7,13
2021-02-07 14:00:00,210.0,4.0,206.0,7.9,1.7,70,17.1,129,1011.9,100,78,100,99,0.3,0.0,43.6591,-70.2568,2021,2,7,14
2021-02-07 15:00:00,123.0,0.0,123.0,0.0,1.5,78,13.7,120,1010.6,100,92,100,100,0.5,0.0,43.6591,-70.2568,2021,2,7,15
2021-02-07 16:00:00,65.0,0.0,65.0,0.0,1.1,87,12.5,102,1009.1,100,65,100,100,0.8,0.0,43.6591,-70.2568,2021,2,7,16
2021-02-07 17:00:00,30.0,0.0,30.0,0.0,0.8,92,13.4,84,1007.8,100,74,100,100,1.1,0.0,43.6591,-70.2568,2021,2,7,17
2021-02-07 18:00:00,8.0,0.0,8.0,0.0,0.6,94,12.8,58,1007.0,100,90,100,100,1.3,0.0,43.6591,-70.2568,2021,2,7,18
2021-02-07 19:00:00,0.0,0.0,0.0,0.0,0.1,95,14.3,34,1005.7,100,91,100,100,1.1,0.0,43.6591,-70.2568,2021,2,7,19
2021-02-07 20:00:00,0.0,0.0,0.0,0.0,-2.7,91,15.9,3,1006.1,100,69,100,100,0.8,0.0,43.6591,-70.2568,2021,2,7,20
2021-02-07 21:00:00,0.0,0.0,0.0,0.0,-3.3,89,15.5,356,1005.9,100,78,100,100,0.7,0.0,43.6591,-70.2568,2021,2,7,21
2021-02-07 22:00:00,0.0,0.0,0.0,0.0,-3.8,88,14.8,347,1006.1,100,3,98,100,0.6,0.0,43.6591,-70.2568,2021,2,7,22
2021-02-07 23:00:00,0.0,0.0,0.0,0.0,-4.3,88,13.9,335,1005.9,100,16,56,100,0.2,0.0,43.6591,-70.2568,2021,2,7,23
2021-02-08 00:00:00,0.0,0.0,0.0,0.0,-5.0,89,14.8,319,1006.8,97,90,97,5,0.0,0.0,43.6591,-70.2568,2021,2,8,0
2021-02-08 01:00:00,0.0,0.0,0.0,0.0,-4.5,85,12.5,311,1008.0,99,97,99,0,0.1,0.0,43.6591,-70.2568,2021,2,8,1
2021-02-08 02:00:00,0.0,0.0,0.0,0.0,-4.5,86,11.7,315,1009.0,91,89,76,0,0.0,0.0,43.6591,-70.2568,2021,2,8,2
2021-02-08 03:00:00,0.0,0.0,0.0,0.0,-4.3,80,15.3,313,1010.1,18,15,5,0,0.0,0.0,43.6591,-70.2568,2021,2,8,3
2021-02-08 04:00:00,0.0,0.0,0.0,0.0,-4.7,67,18.4,309,1011.3,1,0,1,0,0.0,0.0,43.6591,-70.2568,2021,2,8,4
2021-02-08 05:00:00,0.0,0.0,0.0,0.0,-5.7,62,20.4,302,1012.7,0,0,0,0,0.0,0.0,43.6591,-70.2568,2021,2,8,5
2021-02-08 06:00:00,0.0,0.0,0.0,0.0,-6.9,63,17.7,297,1014.7,0,0,0,0,0.0,0.0,43.6591,-70.2568,2021,2,8,6
2021-02-08 07:00:00,0.0,0.0,0.0,0.0,-8.2,68,14.6,286,1016.0,0,0,0,0,0.0,0.0,43.6591,-70.2568,2021,2,8,7
2021-02-08 08:00:00,0.0,0.0,0.0,0.0,-8.9,68,11.7,288,1017.4,0,0,0,0,0.0,0.0,43.6591,-70.2568,2021,2,8,8
2021-02-08 09:00:00,80.0,53.0,27.0,475.5,-9.4,69,7.6,275,1019.1,0,0,0,0,0.0,3600.0,43.6591,-70.2568,2021,2,8,9
2021-02-08 10:00:00,248.0,190.0,58.0,733.5,-7.9,56,6.4,286,1020.3,1,1,0,0,0.0,3600.0,43.6591,-70.2568,2021,2,8,10
2021-02-08 11:00:00,401.0,325.0,76.0,843.6,-6.9,48,6.0,287,1021.1,1,1,0,0,0.0,3600.0,43.6591,-70.2568,2021,2,8,11
2021-02-08 12:00:00,513.0,428.0,85.0,904.4,-6.0,43,6.9,298,1021.6,27,0,0,27,0.0,3600.0,43.6591,-70.2568,2021,2,8,12
2021-02-08 13:00:00,561.0,457.0,104.0,883.9,-5.4,42,8.7,300,1021.4,84,0,0,84,0.0,3600.0,43.6591,-70.2568,2021,2,8,13
2021-02-08 14:00:00,548.0,431.0,117.0,839.3,-4.9,41,11.8,301,1021.9,73,0,0,73,0.0,3600.0,43.6591,-70.2568,2021,2,8,14
2021-02-08 15:00:00,473.0,346.0,127.0,747.1,-4.7,40,10.5,308,1021.9,0,0,0,0,0.0,3600.0,43.6591,-70.2568,2021,2,8,15
2021-02-08 16:00:00,376.0,302.0,74.0,818.1,-4.8,40,10.4,304,1022.6,0,0,0,0,0.0,3600.0,43.6591,-70.2568,2021,2,8,16
2021-02-08 17:00:00,219.0,164.0,55.0,689.0,-5.2,45,8.3,304,1023.2,0,0,0,0,0.0,3600.0,43.6591,-70.2568,2021,2,8,17
2021-02-08 18:00:00,57.0,36.0,21.0,361.2,-7.0,61,6.8,302,1024.1,0,0,0,0,0.0,3442.83,43.6591,-70.2568,2021,2,8,18
2021-02-08 19:00:00,0.0,0.0,0.0,0.0,-8.5,67,5.7,305,1024.5,0,0,0,0,0.0,0.0,43.6591,-70.2568,2021,2,8,19
2021-02-08 20:00:00,0.0,0.0,0.0,0.0,-10.0,69,5.6,333,1024.7,0,0,0,0,0.0,0.0,43.6591,-70.2568,2021,2,8,20
2021-02-08 21:00:00,0.0,0.0,0.0,0.0,-10.3,69,7.2,323,1025.5,0,0,0,0,0.0,0.0,43.6591,-70.2568,2021,2,8,21
2021-02-08 22:00:00,0.0,0.0,0.0,0.0,-11.2,70,7.9,321,1025.9,0,0,0,0,0.0,0.0,43.6591,-70.2568,2021,2,8,22
2021-02-08 23:00:00,0.0,0.0,0.0,0.0,-11.8,69,7.3,327,1026.0,0,0,0,0,0.0,0.0,43.6591,-70.2568,2021,2,8,23
2021-02-09 00:00:00,0.0,0.0,0.0,0.0,-12.6,70,7.0,325,1026.3,83,0,65,80,0.0,0.0,43.6591,-70.2568,2021,2,9,0
2021-02-09 01:00:00,0.0,0.0,0.0,0.0,-13.1,70,6.9,332,1026.3,79,0,79,0,0.0,0.0,43.6591,-70.2568,2021,2,9,1
2021-02-09 02:00:00,0.0,0.0,0.0,0.0,-13.4,69,5.9,346,1026.2,86,0,85,11,0.0,0.0,43.6591,-70.2568,2021,2,9,2
2021-02-09 03:00:00,0.0,0.0,0.0,0.0,-13.4,69,4.2,329,1026.8,98,0,96,91,0.0,0.0,43.6591,-70.2568,2021,2,9,3
2021-02-09 04:00:00,0.0,0.0,0.0,0.0,-13.2,72,8.3,342,1026.8,99,0,97,95,0.0,0.0,43.6591,-70.2568,2021,2,9,4
2021-02-09 05:00:00,0.0,0.0,0.0,0.0,-12.5,73,6.9,354,1026.4,100,0,100,97,0.1,0.0,43.6591,-70.2568,2021,2,9,5
2021-02-09 06:00:00,0.0,0.0,0.0,0.0,-11.5,73,6.9,6,1026.2,100,0,94,98,0.1,0.0,43.6591,-70.2568,2021,2,9,6
2021-02-09 07:00:00,0.0,0.0,0.0,0.0,-11.2,76,7.6,8,1025.7,99,7,87,97,0.0,0.0,43.6591,-70.2568,2021,2,9,7
2021-02-09 08:00:00,0.0,0.0,0.0,0.0,-11.3,83,5.5,337,1025.9,99,56,92,97,0.0,0.0,43.6591,-70.2568,2021,2,9,8
2021-02-09 09:00:00,33.0,2.0,31.0,17.6,-10.0,81,4.3,5,1025.7,100,84,93,98,0.1,0.0,43.6591,-70.2568,2021,2,9,9
2021-02-09 10:00:00,132.0,14.0,118.0,53.2,-7.9,77,3.3,41,1025.3,100,89,95,97,0.1,0.0,43.6591,-70.2568,2021,2,9,10
2021-02-09 11:00:00,197.0,18.0,179.0,46.2,-6.2,79,5.0,60,1024.4,100,89,92,99,0.1,0.0,43.6591,-70.2568,2021,2,9,11
2021-02-09 12:00:00,204.0,16.0,188.0,33.5,-5.4,80,4.7,81,1023.7,100,85,94,100,0.1,0.0,43.6591,-70.2568,2021,2,9,12
2021-02-09 13:00:00,188.0,4.0,184.0,7.7,-4.9,79,3.6,53,1022.6,100,97,99,99,0.2,0.0,43.6591,-70.2568,2021,2,9,13
2021-02-09 14:00:00,170.0,7.0,163.0,13.5,-4.7,80,5.4,53,1021.2,100,99,98,99,0.4,0.0,43.6591,-70.2568,2021,2,9,14
2021-02-09 15:00:00,111.0,2.0,109.0,4.3,-4.6,81,5.6,40,1020.5,100,100,99,98,0.3,0.0,43.6591,-70.2568,2021,2,9,15
2021-02-09 16:00:00,84.0,1.0,83.0,2.7,-4.5,81,5.5,23,1020.1,100,100,100,92,0.3,0.0,43.6591,-70.2568,2021,2,9,16
2021-02-09 17:00:00,59.0,0.0,59.0,0.0,-4.6,82,5.6,27,1019.2,99,0,99,40,0.4,0.0,43.6591,-70.2568,2021,2,9,17
2021-02-09 18:00:00,25.0,2.0,23.0,19.6,-4.9,87,7.3,9,1018.8,99,4,99,12,0.3,0.0,43.6591,-70.2568,2021,2,9,18
2021-02-09 19:00:00,0.0,0.0,0.0,0.0,-5.5,89,10.8,4,1018.7,100,40,100,59,0.2,0.0,43.6591,-70.2568,2021,2,9,19
2021-02-09 20:00:00,0.0,0.0,0.0,0.0,-6.1,88,10.9,8,1018.6,82,7,77,0,0.2,0.0,43.6591,-70.2568,2021,2,9,20
2021-02-09 21:00:00,0.0,0.0,0.0,0.0,-7.0,90,11.6,5,1018.5,33,33,0,0,0.0,0.0,43.6591,-70.2568,2021,2,9,21
2021-02-09 22:00:00,0.0,0.0,0.0,0.0,-7.7,88,10.1,343,1018.6,31,31,1,0,0.0,0.0,43.6591,-70.2568,2021,2,9,22
2021-02-09 23:00:00,0.0,0.0,0.0,0.0,-8.4,89,10.4,346,1018.5,29,29,0,0,0.0,0.0,43.6591,-70.2568,2021,2,9,23
2021-02-10 00:00:00,0.0,0.0,0.0,0.0,-9.0,88,11.8,333,1018.6,10,10,0,0,0.0,0.0,43.6591,-70.2568,2021,2,10,0
2021-02-10 01:00:00,0.0,0.0,0.0,0.0,-9.4,88,11.6,334,1018.5,13,13,0,0,0.0,0.0,43.6591,-70.2568,2021,2,10,1
2021-02-10 02:00:00,0.0,0.0,0.0,0.0,-9.9,87,11.2,327,1018.6,5,5,0,0,0.0,0.0,43.6591,-70.2568,2021,2,10,2
2021-02-10 03:00:00,0.0,0.0,0.0,0.0,-10.5,86,11.4,325,1018.5,2,1,0,0,0.0,0.0,43.6591,-70.2568,2021,2,10,3
2021-02-10 04:00:00,0.0,0.0,0.0,0.0,-11.0,86,11.8,322,1018.4,0,0,0,0,0.0,0.0,43.6591,-70.2568,2021,2,10,4
2021-02-10 05:00:00,0.0,0.0,0.0,0.0,-11.2,84,11.8,322,1018.7,2,0,1,0,0.0,0.0,43.6591,-70.2568,2021,2,10,5
2021-02-10 06:00:00,0.0,0.0,0.0,0.0,-11.7,85,12.3,322,1019.4,5,5,0,0,0.0,0.0,43.6591,-70.2568,2021,2,10,6
2021-02-10 07:00:00,0.0,0.0,0.0,0.0,-11.9,84,12.3,322,1019.6,21,21,0,0,0.0,0.0,43.6591,-70.2568,2021,2,10,7
2021-02-10 08:00:00,1.0,0.0,1.0,0.0,-12.5,81,10.0,319,1020.4,21,6,1,0,0.0,0.0,43.6591,-70.2568,2021,2,10,8
2021-02-10 09:00:00,82.0,50.0,32.0,431.1,-11.4,79,7.4,309,1021.0,1,1,0,0,0.0,3600.0,43.6591,-70.2568,2021,2,10,9
2021-02-10 10:00:00,252.0,190.0,62.0,709.5,-8.3,69,4.3,312,1021.5,2,2,0,0,0.0,3600.0,43.6591,-70.2568,2021,2,10,10
2021-02-10 11:00:00,404.0,324.0,80.0,821.4,-5.6,62,3.8,311,1021.2,1,1,0,0,0.0,3600.0,43.6591,-70.2568,2021,2,10,11
2021-02-10 12:00:00,515.0,425.0,90.0,880.4,-3.7,53,6.2,260,1020.6,0,0,0,0,0.0,3600.0,43.6591,-70.2568,2021,2,10,12
2021-02-10 13:00:00,572.0,478.0,94.0,907.6,-2.6,45,10.4,284,1019.8,26,26,0,0,0.0,3600.0,43.6591,-70.2568,2021,2,10,13
2021-02-10 14:00:00,548.0,414.0,134.0,791.2,-2.2,45,13.0,298,1019.0,100,100,88,0,0.0,3600.0,43.6591,-70.2568,2021,2,10,14
2021-02-10 15:00:00,294.0,59.0,235.0,124.8,-2.6,44,16.8,301,1019.1,89,89,55,0,0.0,1944.72,43.6591,-70.2568,2021,2,10,15
2021-02-10 16:00:00,225.0,53.0,172.0,140.0,-3.0,43,16.7,295,1019.7,94,94,88,0,0.0,2401.49,43.6591,-70.2568,2021,2,10,16
2021-02-10 17:00:00,130.0,26.0,104.0,105.3,-3.3,45,14.8,299,1020.0,84,74,47,37,0.0,1358.3,43.6591,-70.2568,2021,2,10,17
2021-02-10 18:00:00,52.0,20.0,32.0,191.9,-5.0,53,11.3,297,1020.4,31,1,2,30,0.0,3600.0,43.6591,-70.2568,2021,2,10,18
2021-02-10 19:00:00,0.0,0.0,0.0,0.0,-7.2,66,11.9,275,1021.2,2,0,2,0,0.0,0.0,43.6591,-70.2568,2021,2,10,19
2021-02-10 20:00:00,0.0,0.0,0.0,0.0,-7.7,69,11.6,292,1021.2,1,1,2,0,0.0,0.0,43.6591,-70.2568,2021,2,10,20
2021-02-10 21:00:00,0.0,0.0,0.0,0.0,-8.9,74,10.5,297,1021.0,0,0,0,0,0.0,0.0,43.6591,-70.2568,2021,2,10,21
2021-02-10 22:00:00,0.0,0.0,0.0,0.0,-10.0,76,10.5,297,1021.2,7,0,6,1,0.0,0.0,43.6591,-70.2568,2021,2,10,22
2021-02-10 23:00:00,0.0,0.0,0.0,0.0,-11.0,77,10.2,302,1021.2,82,0,67,55,0.0,0.0,43.6591,-70.2568,2021,2,10,23
2021-02-11 00:00:00,0.0,0.0,0.0,0.0,-11.5,78,8.7,315,1021.4,83,0,79,29,0.0,0.0,43.6591,-70.2568,2021,2,11,0
2021-02-11 01:00:00,0.0,0.0,0.0,0.0,-11.8,78,9.0,331,1021.8,75,0,41,66,0.0,0.0,43.6591,-70.2568,2021,2,11,1
2021-02-11 02:00:00,0.0,0.0,0.0,0.0,-12.2,75,7.9,321,1021.5,92,0,28,91,0.0,0.0,43.6591,-70.2568,2021,2,11,2
2021-02-11 03:00:00,0.0,0.0,0.0,0.0,-12.8,77,7.9,309,1021.3,81,0,33,75,0.0,0.0,43.6591,-70.2568,2021,2,11,3
2021-02-11 04:00:00,0.0,0.0,0.0,0.0,-13.8,77,8.1,302,1021.0,55,0,48,21,0.0,0.0,43.6591,-70.2568,2021,2,11,4
2021-02-11 05:00:00,0.0,0.0,0.0,0.0,-14.2,78,7.4,293,1021.0,31,0,30,1,0.0,0.0,43.6591,-70.2568,2021,2,11,5
2021-02-11 06:00:00,0.0,0.0,0.0,0.0,-14.9,78,8.0,288,1020.8,31,0,31,0,0.0,0.0,43.6591,-70.2568,2021,2,11,6
2021-02-11 07:00:00,0.0,0.0,0.0,0.0,-15.3,79,8.2,293,1020.5,34,0,34,0,0.0,0.0,43.6591,-70.2568,2021,2,11,7
2021-02-11 08:00:00,1.0,0.0,1.0,0.0,-13.9,79,9.4,310,1020.7,62,0,83,0,0.0,0.0,43.6591,-70.2568,2021,2,11,8
2021-02-11 09:00:00,68.0,23.0,45.0,194.4,-11.6,71,8.2,319,1020.7,67,0,67,0,0.0,3600.0,43.6591,-70.2568,2021,2,11,9
2021-02-11 10:00:00,249.0,177.0,72.0,650.0,-8.8,60,5.1,309,1020.3,44,0,44,0,0.0,3600.0,43.6591,-70.2568,2021,2,11,10
2021-02-11 11:00:00,402.0,313.0,89.0,784.2,-6.3,51,4.2,301,1019.8,61,0,61,0,0.0,3600.0,43.6591,-70.2568,2021,2,11,11
2021-02-11 12:00:00,513.0,413.0,100.0,847.1,-4.9,46,6.2,277,1019.3,20,1,19,0,0.0,3600.0,43.6591,-70.2568,2021,2,11,12
2021-02-11 13:00:00,571.0,472.0,99.0,888.0,-3.9,44,9.9,280,1018.4,1,0,1,0,0.0,3600.0,43.6591,-70.2568,2021,2,11,13
2021-02-11 14:00:00,572.0,478.0,94.0,905.1,-3.6,45,12.9,297,1017.6,5,5,0,0,0.0,3600.0,43.6591,-70.2568,2021,2,11,14
2021-02-11 15:00:00,509.0,420.0,89.0,879.6,-3.2,42,16.6,304,1017.1,63,63,14,0,0.0,3600.0,43.6591,-70.2568,2021,2,11,15
2021-02-11 16:00:00,360.0,236.0,124.0,616.0,-4.0,42,20.3,307,1017.5,78,78,11,0,0.0,3600.0,43.6591,-70.2568,2021,2,11,16
2021-02-11 17:00:00,184.0,76.0,108.0,302.2,-4.9,45,17.9,310,1017.9,65,65,10,0,0.0,3600.0,43.6591,-70.2568,2021,2,11,17
2021-02-11 18:00:00,61.0,29.0,32.0,272.2,-6.7,51,16.3,305,1018.3,5,4,1,0,0.0,3600.0,43.6591,-70.2568,2021,2,11,18
2021-02-11 19:00:00,0.0,0.0,0.0,0.0,-8.7,64,13.2,296,1018.5,0,0,0,0,0.0,0.0,43.6591,-70.2568,2021,2,11,19
2021-02-11 20:00:00,0.0,0.0,0.0,0.0,-9.3,71,9.9,289,1018.7,0,0,0,0,0.0,0.0,43.6591,-70.2568,2021,2,11,20
2021-02-11 21:00:00,0.0,0.0,0.0,0.0,-10.1,72,11.3,277,1018.8,0,0,0,0,0.0,0.0,43.6591,-70.2568,2021,2,11,21
2021-02-11 22:00:00,0.0,0.0,0.0,0.0,-11.1,72,11.3,263,1018.9,0,0,0,0,0.0,0.0,43.6591,-70.2568,2021,2,11,22
2021-02-11 23:00:00,0.0,0.0,0.0,0.0,-12.1,75,11.5,268,1019.2,0,0,0,0,0.0,0.0,43.6591,-70.2568,2021,2,11,23
2021-02-12 00:00:00,0.0,0.0,0.0,0.0,-13.3,77,11.6,275,1019.0,1,1,0,0,0.0,0.0,43.6591,-70.2568,2021,2,12,0
2021-02-12 01:00:00,0.0,0.0,0.0,0.0,-14.3,77,9.7,285,1019.6,0,0,0,0,0.0,0.0,43.6591,-70.2568,2021,2,12,1
2021-02-12 02:00:00,0.0,0.0,0.0,0.0,-15.3,74,6.1,315,1019.9,0,0,0,0,0.0,0.0,43.6591,-70.2568,2021,2,12,2
2021-02-12 03:00:00,0.0,0.0,0.0,0.0,-16.2,74,5.8,330,1020.1,0,0,0,0,0.0,0.0,43.6591,-70.2568,2021,2,12,3
2021-02-12 04:00:00,0.0,0.0,0.0,0.0,-17.4,73,6.0,303,1020.5,0,0,0,0,0.0,0.0,43.6591,-70.2568,2021,2,12,4
2021-02-12 05:00:00,0.0,0.0,0.0,0.0,-17.3,71,7.6,301,1020.0,0,0,0,0,0.0,0.0,43.6591,-70.2568,2021,2,12,5
2021-02-12 06:00:00,0.0,0.0,0.0,0.0,-17.9,72,7.6,295,1020.6,0,0,0,0,0.0,0.0,43.6591,-70.2568,2021,2,12,6
2021-02-12 07:00:00,0.0,0.0,0.0,0.0,-18.5,71,6.6,292,1021.2,0,0,0,0,0.0,0.0,43.6591,-70.2568,2021,2,12,7
2021-02-12 08:00:00,2.0,0.0,2.0,0.0,-18.0,66,8.9,313,1021.8,0,0,11,0,0.0,0.0,43.6591,-70.2568,2021,2,12,8
2021-02-12 09:00:00,91.0,58.0,33.0,480.8,-15.9,65,7.7,319,1022.5,0,0,0,0,0.0,3600.0,43.6591,-70.2568,2021,2,12,9
2021-02-12 10:00:00,263.0,201.0,62.0,726.0,-13.7,54,11.0,319,1022.5,0,0,0,0,0.0,3600.0,43.6591,-70.2568,2021,2,12,10
2021-02-12 11:00:00,416.0,337.0,79.0,834.5,-11.9,50,11.3,323,1022.4,91,0,69,89,0.0,3600.0,43.6591,-70.2568,2021,2,12,11
2021-02-12 12:00:00,470.0,286.0,184.0,580.8,-10.3,48,10.4,314,1022.8,93,0,92,65,0.0,3600.0,43.6591,-70.2568,2021,2,12,12
2021-02-12 13:00:00,486.0,246.0,240.0,458.6,-8.8,47,8.7,322,1022.0,99,0,97,83,0.0,3600.0,43.6591,-70.2568,2021,2,12,13
2021-02-12 14:00:00,432.0,141.0,291.0,264.5,-7.6,46,8.6,327,1021.5,99,0,96,78,0.0,3600.0,43.6591,-70.2568,2021,2,12,14
2021-02-12 15:00:00,360.0,111.0,249.0,230.2,-6.9,46,6.4,322,1020.8,84,0,84,0,0.0,3600.0,43.6591,-70.2568,2021,2,12,15
2021-02-12 16:00:00,329.0,170.0,159.0,438.4,-6.4,47,6.1,298,1021.4,83,0,83,0,0.0,3600.0,43.6591,-70.2568,2021,2,12,16
2021-02-12 17:00:00,215.0,129.0,86.0,504.0,-6.4,49,5.0,291,1021.3,96,0,96,0,0.0,3600.0,43.6591,-70.2568,2021,2,12,17
2021-02-12 18:00:00,57.0,17.0,40.0,156.2,-9.0,65,7.8,304,1021.7,92,0,91,15,0.0,3527.51,43.6591,-70.2568,2021,2,12,18
2021-02-12 19:00:00,0.0,0.0,0.0,0.0,-9.2,67,7.3,281,1022.0,50,0,49,1,0.0,0.0,43.6591,-70.2568,2021,2,12,19
2021-02-12 20:00:00,0.0,0.0,0.0,0.0,-7.8,65,8.0,262,1021.7,33,0,81,4,0.0,0.0,43.6591,-70.2568,2021,2,12,20
2021-02-12 21:00:00,0.0,0.0,0.0,0.0,-10.3,72,6.8,288,1021.3,40,0,38,3,0.0,0.0,43.6591,-70.2568,2021,2,12,21
2021-02-12 22:00:00,0.0,0.0,0.0,0.0,-11.1,74,7.2,342,1021.0,60,0,12,55,0.0,0.0,43.6591,-70.2568,2021,2,12,22
2021-02-12 23:00:00,0.0,0.0,0.0,0.0,-12.6,76,9.9,341,1021.5,45,0,18,34,0.0,0.0,43.6591,-70.2568,2021,2,12,23
2021-02-13 00:00:00,0.0,0.0,0.0,0.0,-13.2,77,12.0,327,1022.1,46,0,11,39,0.0,0.0,43.6591,-70.2568,2021,2,13,0
2021-02-13 01:00:00,0.0,0.0,0.0,0.0,-13.4,76,11.9,335,1022.5,75,0,0,75,0.0,0.0,43.6591,-70.2568,2021,2,13,1
2021-02-13 02:00:00,0.0,0.0,0.0,0.0,-13.7,75,9.8,336,1023.1,89,0,0,89,0.0,0.0,43.6591,-70.2568,2021,2,13,2
2021-02-13 03:00:00,0.0,0.0,0.0,0.0,-14.0,75,9.4,342,1023.2,63,0,0,63,0.0,0.0,43.6591,-70.2568,2021,2,13,3
2021-02-13 04:00:00,0.0,0.0,0.0,0.0,-14.5,74,10.0,345,1023.2,72,0,0,72,0.0,0.0,43.6591,-70.2568,2021,2,13,4
2021-02-13 05:00:00,0.0,0.0,0.0,0.0,-14.8,73,8.3,342,1023.4,77,0,0,77,0.0,0.0,43.6591,-70.2568,2021,2,13,5
2021-02-13 06:00:00,0.0,0.0,0.0,0.0,-15.3,74,7.9,344,1023.8,13,0,0,13,0.0,0.0,43.6591,-70.2568,2021,2,13,6
2021-02-13 07:00:00,0.0,0.0,0.0,0.0,-15.8,74,10.0,345,1024.0,51,0,1,51,0.0,0.0,43.6591,-70.2568,2021,2,13,7
2021-02-13 08:00:00,2.0,1.0,1.0,19.1,-14.4,67,12.0,7,1024.4,74,0,24,34,0.0,0.0,43.6591,-70.2568,2021,2,13,8
2021-02-13 09:00:00,94.0,59.0,35.0,474.3,-13.6,63,7.6,352,1025.3,91,0,0,91,0.0,3600.0,43.6591,-70.2568,2021,2,13,9
2021-02-13 10:00:00,251.0,164.0,87.0,582.7,-11.4,53,7.0,348,1025.3,97,0,46,97,0.0,3600.0,43.6591,-70.2568,2021,2,13,10
2021-02-13 11:00:00,358.0,182.0,176.0,445.4,-9.1,47,6.4,344,1025.2,93,0,55,91,0.0,3600.0,43.6591,-70.2568,2021,2,13,11
2021-02-13 12:00:00,520.0,410.0,110.0,824.5,-7.2,42,6.9,351,1024.8,91,0,1,91,0.0,3600.0,43.6591,-70.2568,2021,2,13,12
2021-02-13 13:00:00,579.0,472.0,107.0,871.9,-5.8,40,7.6,341,1024.4,98,0,76,98,0.0,3600.0,43.6591,-70.2568,2021,2,13,13
2021-02-13 14:00:00,534.0,354.0,180.0,658.1,-4.7,39,6.4,333,1023.8,97,0,82,96,0.0,3600.0,43.6591,-70.2568,2021,2,13,14
2021-02-13 15:00:00,422.0,184.0,238.0,377.7,-4.2,39,5.5,337,1023.6,98,0,32,98,0.0,3600.0,43.6591,-70.2568,2021,2,13,15
2021-02-13 16:00:00,332.0,164.0,168.0,417.9,-4.1,43,3.3,319,1023.7,97,0,88,88,0.0,3600.0,43.6591,-70.2568,2021,2,13,16
2021-02-13 17:00:00,180.0,61.0,119.0,234.2,-5.6,56,4.2,329,1023.6,96,0,84,86,0.0,3600.0,43.6591,-70.2568,2021,2,13,17
2021-02-13 18:00:00,60.0,20.0,40.0,180.0,-7.2,58,6.5,3,1023.3,97,0,89,87,0.0,3600.0,43.6591,-70.2568,2021,2,13,18
2021-02-13 19:00:00,0.0,0.0,0.0,0.0,-8.4,64,8.4,7,1023.4,94,0,76,91,0.0,0.0,43.6591,-70.2568,2021,2,13,19
2021-02-13 20:00:00,0.0,0.0,0.0,0.0,-6.9,61,8.7,24,1023.3,92,0,5,91,0.0,0.0,43.6591,-70.2568,2021,2,13,20
2021-02-13 21:00:00,0.0,0.0,0.0,0.0,-6.7,69,8.2,41,1023.1,92,0,2,92,0.0,0.0,43.6591,-70.2568,2021,2,13,21
2021-02-13 22:00:00,0.0,0.0,0.0,0.0,-7.2,72,7.6,31,1023.1,92,0,11,91,0.0,0.0,43.6591,-70.2568,2021,2,13,22
2021-02-13 23:00:00,0.0,0.0,0.0,0.0,-7.9,75,9.6,20,1022.7,95,0,12,94,0.0,0.0,43.6591,-70.2568,2021,2,13,23
2021-02-14 00:00:00,0.0,0.0,0.0,0.0,-8.5,77,10.6,18,1022.5,97,0,35,96,0.0,0.0,43.6591,-70.2568,2021,2,14,0
2021-02-14 01:00:00,0.0,0.0,0.0,0.0,-8.4,74,10.5,22,1022.6,99,0,74,96,0.0,0.0,43.6591,-70.2568,2021,2,14,1
2021-02-14 02:00:00,0.0,0.0,0.0,0.0,-8.0,71,10.8,37,1022.3,97,0,92,94,0.0,0.0,43.6591,-70.2568,2021,2,14,2
2021-02-14 03:00:00,0.0,0.0,0.0,0.0,-7.4,69,10.3,29,1021.5,86,1,86,0,0.0,0.0,43.6591,-70.2568,2021,2,14,3
2021-02-14 04:00:00,0.0,0.0,0.0,0.0,-8.0,70,9.9,10,1021.2,83,2,83,0,0.0,0.0,43.6591,-70.2568,2021,2,14,4
2021-02-14 05:00:00,0.0,0.0,0.0,0.0,-8.2,70,9.3,13,1020.7,83,26,82,0,0.0,0.0,43.6591,-70.2568,2021,2,14,5
2021-02-14 06:00:00,0.0,0.0,0.0,0.0,-8.4,71,10.5,356,1020.7,95,44,94,0,0.0,0.0,43.6591,-70.2568,2021,2,14,6
2021-02-14 07:00:00,0.0,0.0,0.0,0.0,-8.6,71,11.6,353,1020.9,97,81,95,0,0.0,0.0,43.6591,-70.2568,2021,2,14,7
2021-02-14 08:00:00,1.0,0.0,1.0,0.0,-7.4,69,11.6,344,1021.2,95,82,91,0,0.0,0.0,43.6591,-70.2568,2021,2,14,8
2021-02-14 09:00:00,31.0,8.0,23.0,62.1,-7.0,69,9.7,358,1021.3,94,85,94,0,0.0,63.06,43.6591,-70.2568,2021,2,14,9
2021-02-14 10:00:00,90.0,15.0,75.0,52.4,-5.9,68,8.0,350,1021.5,97,96,96,0,0.0,0.0,43.6591,-70.2568,2021,2,14,10
2021-02-14 11:00:00,81.0,6.0,75.0,14.5,-5.3,68,6.6,347,1021.2,96,94,95,0,0.0,0.0,43.6591,-70.2568,2021,2,14,11
2021-02-14 12:00:00,152.0,23.0,129.0,45.8,-4.3,67,5.7,342,1021.2,99,98,98,0,0.0,0.0,43.6591,-70.2568,2021,2,14,12
2021-02-14 13:00:00,216.0,19.0,197.0,34.8,-3.3,66,4.8,333,1020.8,100,100,100,0,0.0,0.0,43.6591,-70.2568,2021,2,14,13
2021-02-14 14:00:00,202.0,15.0,187.0,27.6,-2.6,66,3.6,323,1020.5,100,100,86,0,0.0,0.0,43.6591,-70.2568,2021,2,14,14
2021-02-14 15:00:00,275.0,50.0,225.0,101.6,-1.5,64,1.3,304,1020.2,97,91,45,60,0.0,1249.34,43.6591,-70.2568,2021,2,14,15
2021-02-14 16:00:00,285.0,122.0,163.0,307.2,-0.9,67,0.8,153,1019.8,73,19,20,66,0.0,3600.0,43.6591,-70.2568,2021,2,14,16
2021-02-14 17:00:00,210.0,129.0,81.0,487.0,-2.5,76,3.8,163,1020.0,31,1,1,30,0.0,3600.0,43.6591,-70.2568,2021,2,14,17
2021-02-14 18:00:00,72.0,41.0,31.0,361.6,-4.4,78,6.6,135,1020.3,73,0,0,73,0.0,3600.0,43.6591,-70.2568,2021,2,14,18
2021-02-14 19:00:00,0.0,0.0,0.0,0.0,-5.3,82,7.9,133,1021.0,98,0,0,98,0.0,0.0,43.6591,-70.2568,2021,2,14,19
2021-02-14 20:00:00,0.0,0.0,0.0,0.0,-5.3,79,6.0,73,1021.9,99,21,0,100,0.0,0.0,43.6591,-70.2568,2021,2,14,20
2021-02-14 21:00:00,0.0,0.0,0.0,0.0,-4.3,76,6.6,49,1021.7,100,0,0,100,0.0,0.0,43.6591,-70.2568,2021,2,14,21
2021-02-14 22:00:00,0.0,0.0,0.0,0.0,-4.6,77,9.3,28,1021.9,99,0,0,99,0.0,0.0,43.6591,-70.2568,2021,2,14,22
2021-02-14 23:00:00,0.0,0.0,0.0,0.0,-5.3,77,6.6,13,1022.2,100,0,0,100,0.0,0.0,43.6591,-70.2568,2021,2,14,23
2021-02-15 00:00:00,0.0,0.0,0.0,0.0,-6.0,77,9.4,358,1021.9,100,0,0,100,0.0,0.0,43.6591,-70.2568,2021,2,15,0
2021-02-15 01:00:00,0.0,0.0,0.0,0.0,-6.7,78,11.5,358,1021.9,100,0,0,100,0.0,0.0,43.6591,-70.2568,2021,2,15,1
2021-02-15 02:00:00,0.0,0.0,0.0,0.0,-7.0,79,11.2,6,1022.6,100,0,0,100,0.0,0.0,43.6591,-70.2568,2021,2,15,2
2021-02-15 03:00:00,0.0,0.0,0.0,0.0,-7.2,80,11.3,7,1022.8,100,0,8,100,0.0,0.0,43.6591,-70.2568,2021,2,15,3
2021-02-15 04:00:00,0.0,0.0,0.0,0.0,-7.2,79,12.8,10,1021.9,100,0,69,100,0.0,0.0,43.6591,-70.2568,2021,2,15,4
2021-02-15 05:00:00,0.0,0.0,0.0,0.0,-7.0,77,11.7,9,1021.8,54,0,22,50,0.0,0.0,43.6591,-70.2568,2021,2,15,5
2021-02-15 06:00:00,0.0,0.0,0.0,0.0,-7.8,80,11.9,5,1022.1,17,0,17,0,0.0,0.0,43.6591,-70.2568,2021,2,15,6
2021-02-15 07:00:00,0.0,0.0,0.0,0.0,-8.3,81,11.9,5,1022.4,0,0,0,0,0.0,0.0,43.6591,-70.2568,2021,2,15,7
2021-02-15 08:00:00,3.0,1.0,2.0,19.1,-7.9,83,12.0,16,1022.6,17,0,27,0,0.0,0.0,43.6591,-70.2568,2021,2,15,8
2021-02-15 09:00:00,83.0,47.0,36.0,352.6,-6.6,76,10.0,26,1022.8,58,5,57,3,0.0,3600.0,43.6591,-70.2568,2021,2,15,9
2021-02-15 10:00:00,158.0,87.0,71.0,299.2,-5.4,70,10.3,25,1022.3,88,4,36,81,0.0,3600.0,43.6591,-70.2568,2021,2,15,10
2021-02-15 11:00:00,322.0,192.0,130.0,459.1,-3.9,63,8.1,32,1022.5,99,1,94,86,0.0,3600.0,43.6591,-70.2568,2021,2,15,11
2021-02-15 12:00:00,223.0,36.0,187.0,71.0,-3.2,62,6.6,49,1021.6,100,0,100,93,0.0,329.82,43.6591,-70.2568,2021,2,15,12
2021-02-15 13:00:00,122.0,1.0,121.0,1.8,-3.1,63,4.4,55,1021.2,100,0,100,90,0.0,0.0,43.6591,-70.2568,2021,2,15,13
2021-02-15 14:00:00,131.0,0.0,131.0,0.0,-2.8,64,3.6,37,1020.6,98,31,98,0,0.0,0.0,43.6591,-70.2568,2021,2,15,14
2021-02-15 15:00:00,110.0,8.0,102.0,16.1,-2.8,66,3.8,17,1020.3,99,64,99,26,0.1,0.0,43.6591,-70.2568,2021,2,15,15
2021-02-15 16:00:00,87.0,5.0,82.0,12.4,-2.9,69,3.3,354,1020.3,100,87,100,0,0.2,0.0,43.6591,-70.2568,2021,2,15,16
2021-02-15 17:00:00,63.0,8.0,55.0,29.7,-3.1,73,2.9,360,1020.1,99,89,98,0,0.2,0.0,43.6591,-70.2568,2021,2,15,17
2021-02-15 18:00:00,16.0,2.0,14.0,17.3,-3.4,80,4.0,355,1019.6,97,86,97,4,0.1,0.0,43.6591,-70.2568,2021,2,15,18
2021-02-15 19:00:00,0.0,0.0,0.0,0.0,-3.5,84,3.8,343,1020.4,99,80,99,0,0.0,0.0,43.6591,-70.2568,2021,2,15,19
2021-02-15 20:00:00,0.0,0.0,0.0,0.0,-3.8,87,5.8,7,1020.8,99,59,100,36,0.2,0.0,43.6591,-70.2568,2021,2,15,20
2021-02-15 21:00:00,0.0,0.0,0.0,0.0,-3.5,85,4.0,27,1020.3,100,63,100,62,0.2,0.0,43.6591,-70.2568,2021,2,15,21
2021-02-15 22:00:00,0.0,0.0,0.0,0.0,-3.4,86,5.2,34,1020.0,100,67,100,82,0.1,0.0,43.6591,-70.2568,2021,2,15,22
2021-02-15 23:00:00,0.0,0.0,0.0,0.0,-3.2,87,6.6,49,1019.0,100,76,100,0,0.1,0.0,43.6591,-70.2568,2021,2,15,23
2021-02-16 00:00:00,0.0,0.0,0.0,0.0,-3.1,87,6.3,59,1018.5,100,98,100,2,0.0,0.0,43.6591,-70.2568,2021,2,16,0
2021-02-16 01:00:00,0.0,0.0,0.0,0.0,-2.8,88,9.2,69,1017.1,100,100,99,100,0.0,0.0,43.6591,-70.2568,2021,2,16,1
2021-02-16 02:00:00,0.0,0.0,0.0,0.0,-2.1,88,9.5,65,1016.1,100,100,100,100,0.1,0.0,43.6591,-70.2568,2021,2,16,2
2021-02-16 03:00:00,0.0,0.0,0.0,0.0,-1.7,89,12.1,67,1014.8,100,100,100,100,0.2,0.0,43.6591,-70.2568,2021,2,16,3
2021-02-16 04:00:00,0.0,0.0,0.0,0.0,-1.0,91,13.6,79,1012.6,100,100,100,100,0.8,0.0,43.6591,-70.2568,2021,2,16,4
2021-02-16 05:00:00,0.0,0.0,0.0,0.0,0.1,90,14.1,93,1011.2,100,100,100,100,0.8,0.0,43.6591,-70.2568,2021,2,16,5
2021-02-16 06:00:00,0.0,0.0,0.0,0.0,0.8,91,15.1,89,1010.0,100,100,100,100,1.6,0.0,43.6591,-70.2568,2021,2,16,6
2021-02-16 07:00:00,0.0,0.0,0.0,0.0,1.1,93,19.2,85,1008.7,100,100,100,100,2.4,0.0,43.6591,-70.2568,2021,2,16,7
2021-02-16 08:00:00,1.0,0.0,1.0,0.0,-1.2,93,14.4,37,1008.2,100,100,100,100,1.6,0.0,43.6591,-70.2568,2021,2,16,8
2021-02-16 09:00:00,10.0,0.0,10.0,0.0,-1.2,92,16.9,40,1006.2,100,100,100,100,2.5,0.0,43.6591,-70.2568,2021,2,16,9
2021-02-16 10:00:00,39.0,0.0,39.0,0.0,-0.6,92,17.8,42,1003.5,100,100,100,100,2.2,0.0,43.6591,-70.2568,2021,2,16,10
2021-02-16 11:00:00,58.0,0.0,58.0,0.0,-0.5,91,17.0,21,1001.4,100,100,100,54,4.5,0.0,43.6591,-70.2568,2021,2,16,11
2021-02-16 12:00:00,137.0,11.0,126.0,21.5,0.1,85,16.7,14,1000.3,100,100,100,0,2.0,0.0,43.6591,-70.2568,2021,2,16,12
2021-02-16 13:00:00,121.0,0.0,121.0,0.0,0.8,83,15.7,9,997.7,73,71,23,0,0.1,0.0,43.6591,-70.2568,2021,2,16,13
2021-02-16 14:00:00,347.0,124.0,223.0,224.4,2.1,77,11.9,360,996.5,100,100,32,0,0.0,3600.0,43.6591,-70.2568,2021,2,16,14
2021-02-16 15:00:00,154.0,5.0,149.0,10.0,1.7,78,12.6,336,995.6,100,100,23,0,0.0,0.0,43.6591,-70.2568,2021,2,16,15
2021-02-16 16:00:00,142.0,16.0,126.0,39.4,1.6,78,9.7,338,995.5,100,100,2,0,0.0,0.0,43.6591,-70.2568,2021,2,16,16
2021-02-16 17:00:00,91.0,2.0,89.0,7.3,1.6,78,5.4,323,995.7,100,100,5,0,0.0,0.0,43.6591,-70.2568,2021,2,16,17
2021-02-16 18:00:00,30.0,3.0,27.0,25.4,1.3,82,4.4,305,995.6,100,100,11,0,0.0,0.0,43.6591,-70.2568,2021,2,16,18
2021-02-16 19:00:00,0.0,0.0,0.0,0.0,1.0,86,5.6,297,995.7,80,75,49,0,0.0,0.0,43.6591,-70.2568,2021,2,16,19
2021-02-16 20:00:00,0.0,0.0,0.0,0.0,-0.3,90,7.4,284,997.3,44,100,30,0,0.0,0.0,43.6591,-70.2568,2021,2,16,20
2021-02-16 21:00:00,0.0,0.0,0.0,0.0,-0.8,91,6.8,270,997.5,88,87,33,0,0.0,0.0,43.6591,-70.2568,2021,2,16,21
2021-02-16 22:00:00,0.0,0.0,0.0,0.0,-0.4,89,10.6,235,997.7,21,21,3,0,0.0,0.0,43.6591,-70.2568,2021,2,16,22
2021-02-16 23:00:00,0.0,0.0,0.0,0.0,1.3,84,20.7,263,998.5,3,3,1,0,0.0,0.0,43.6591,-70.2568,2021,2,16,23
2021-02-17 00:00:00,0.0,0.0,0.0,0.0,1.8,78,19.6,276,1000.2,65,65,0,0,0.0,0.0,43.6591,-70.2568,2021,2,17,0
2021-02-17 01:00:00,0.0,0.0,0.0,0.0,-0.2,62,25.3,287,1002.5,8,8,0,0,0.0,0.0,43.6591,-70.2568,2021,2,17,1
2021-02-17 02:00:00,0.0,0.0,0.0,0.0,-2.7,62,22.5,286,1004.9,14,14,0,0,0.0,0.0,43.6591,-70.2568,2021,2,17,2
2021-02-17 03:00:00,0.0,0.0,0.0,0.0,-4.8,64,20.0,284,1007.3,7,7,0,0,0.0,0.0,43.6591,-70.2568,2021,2,17,3
2021-02-17 04:00:00,0.0,0.0,0.0,0.0,-6.3,67,18.6,285,1008.5,1,1,0,0,0.0,0.0,43.6591,-70.2568,2021,2,17,4
2021-02-17 05:00:00,0.0,0.0,0.0,0.0,-7.6,70,15.8,282,1009.8,0,0,0,0,0.0,0.0,43.6591,-70.2568,2021,2,17,5
2021-02-17 06:00:00,0.0,0.0,0.0,0.0,-8.6,73,14.1,273,1011.8,1,1,0,0,0.0,0.0,43.6591,-70.2568,2021,2,17,6
2021-02-17 07:00:00,0.0,0.0,0.0,0.0,-9.5,75,14.5,284,1013.0,0,0,0,0,0.0,0.0,43.6591,-70.2568,2021,2,17,7
2021-02-17 08:00:00,5.0,2.0,3.0,38.2,-8.7,72,16.2,273,1015.1,0,2,1,0,0.0,104.69,43.6591,-70.2568,2021,2,17,8
2021-02-17 09:00:00,113.0,75.0,38.0,526.7,-7.8,64,15.2,275,1017.3,0,0,0,0,0.0,3600.0,43.6591,-70.2568,2021,2,17,9
2021-02-17 10:00:00,291.0,225.0,66.0,749.5,-7.0,55,17.1,288,1018.1,0,0,0,0,0.0,3600.0,43.6591,-70.2568,2021,2,17,10
2021-02-17 11:00:00,449.0,368.0,81.0,859.9,-6.2,51,14.5,293,1019.5,0,0,0,0,0.0,3600.0,43.6591,-70.2568,2021,2,17,11
2021-02-17 12:00:00,563.0,472.0,91.0,913.0,-5.6,47,14.2,306,1020.1,0,0,0,0,0.0,3600.0,43.6591,-70.2568,2021,2,17,12
2021-02-17 13:00:00,621.0,528.0,93.0,940.9,-4.8,43,14.3,311,1020.4,0,0,0,0,0.0,3600.0,43.6591,-70.2568,2021,2,17,13
2021-02-17 14:00:00,618.0,525.0,93.0,941.7,-4.2,39,13.0,312,1020.8,0,0,0,0,0.0,3600.0,43.6591,-70.2568,2021,2,17,14
2021-02-17 15:00:00,553.0,466.0,87.0,920.4,-3.8,37,13.5,316,1020.9,2,0,0,2,0.0,3600.0,43.6591,-70.2568,2021,2,17,15
2021-02-17 16:00:00,432.0,355.0,77.0,863.7,-3.6,36,12.0,311,1022.0,35,0,0,35,0.0,3600.0,43.6591,-70.2568,2021,2,17,16
2021-02-17 17:00:00,266.0,201.0,65.0,722.5,-3.9,39,9.4,317,1022.6,0,0,0,0,0.0,3600.0,43.6591,-70.2568,2021,2,17,17
2021-02-17 18:00:00,92.0,61.0,31.0,507.5,-7.4,60,6.7,306,1023.9,0,0,0,0,0.0,3600.0,43.6591,-70.2568,2021,2,17,18
2021-02-17 19:00:00,1.0,0.0,1.0,0.0,-7.7,65,7.6,295,1025.0,0,0,0,0,0.0,0.0,43.6591,-70.2568,2021,2,17,19
2021-02-17 20:00:00,0.0,0.0,0.0,0.0,-8.5,69,11.3,307,1025.3,0,0,0,34,0.0,0.0,43.6591,-70.2568,2021,2,17,20
2021-02-17 21:00:00,0.0,0.0,0.0,0.0,-9.0,75,9.6,304,1025.9,64,0,52,46,0.0,0.0,43.6591,-70.2568,2021,2,17,21
2021-02-17 22:00:00,0.0,0.0,0.0,0.0,-9.8,78,9.9,303,1026.6,99,0,53,97,0.0,0.0,43.6591,-70.2568,2021,2,17,22
2021-02-17 23:00:00,0.0,0.0,0.0,0.0,-10.2,78,9.4,310,1027.4,100,0,0,100,0.0,0.0,43.6591,-70.2568,2021,2,17,23
2021-02-18 00:00:00,0.0,0.0,0.0,0.0,-10.4,78,8.7,315,1027.7,100,0,0,100,0.0,0.0,43.6591,-70.2568,2021,2,18,0
2021-02-18 01:00:00,0.0,0.0,0.0,0.0,-10.6,78,8.7,318,1028.4,100,0,1,100,0.0,0.0,43.6591,-70.2568,2021,2,18,1
2021-02-18 02:00:00,0.0,0.0,0.0,0.0,-10.6,78,7.1,336,1028.1,100,0,19,100,0.0,0.0,43.6591,-70.2568,2021,2,18,2
2021-02-18 03:00:00,0.0,0.0,0.0,0.0,-10.5,77,6.6,351,1028.1,99,0,40,99,0.0,0.0,43.6591,-70.2568,2021,2,18,3
2021-02-18 04:00:00,0.0,0.0,0.0,0.0,-10.5,75,5.0,339,1027.9,100,0,82,100,0.0,0.0,43.6591,-70.2568,2021,2,18,4
2021-02-18 05:00:00,0.0,0.0,0.0,0.0,-10.4,76,6.2,324,1028.5,99,0,79,98,0.0,0.0,43.6591,-70.2568,2021,2,18,5
2021-02-18 06:00:00,0.0,0.0,0.0,0.0,-11.1,79,6.7,324,1029.3,100,0,21,100,0.0,0.0,43.6591,-70.2568,2021,2,18,6
2021-02-18 07:00:00,0.0,0.0,0.0,0.0,-11.4,78,7.2,323,1029.1,99,0,79,99,0.0,0.0,43.6591,-70.2568,2021,2,18,7
2021-02-18 08:00:00,4.0,0.0,4.0,0.0,-10.2,73,7.0,339,1029.7,100,0,90,100,0.0,0.0,43.6591,-70.2568,2021,2,18,8
2021-02-18 09:00:00,50.0,1.0,49.0,6.8,-8.7,68,4.3,5,1030.2,100,0,94,100,0.0,0.0,43.6591,-70.2568,2021,2,18,9
2021-02-18 10:00:00,99.0,0.0,99.0,0.0,-7.2,61,4.3,24,1030.2,100,0,90,100,0.0,0.0,43.6591,-70.2568,2021,2,18,10
2021-02-18 11:00:00,219.0,11.0,208.0,25.4,-5.9,55,6.4,38,1029.0,100,0,6,100,0.0,0.0,43.6591,-70.2568,2021,2,18,11
2021-02-18 12:00:00,440.0,182.0,258.0,348.7,-4.4,49,3.8,49,1029.3,100,0,44,100,0.0,3600.0,43.6591,-70.2568,2021,2,18,12
2021-02-18 13:00:00,495.0,227.0,268.0,400.9,-3.5,47,3.6,84,1028.2,100,0,1,100,0.0,3600.0,43.6591,-70.2568,2021,2,18,13
2021-02-18 14:00:00,404.0,91.0,313.0,161.8,-3.3,49,4.6,135,1027.2,100,0,12,100,0.0,3053.59,43.6591,-70.2568,2021,2,18,14
2021-02-18 15:00:00,284.0,21.0,263.0,41.1,-3.5,54,4.7,148,1026.7,100,0,67,100,0.0,0.0,43.6591,-70.2568,2021,2,18,15
2021-02-18 16:00:00,238.0,17.0,221.0,40.9,-3.4,57,2.5,172,1026.3,100,0,65,100,0.0,0.0,43.6591,-70.2568,2021,2,18,16
2021-02-18 17:00:00,122.0,9.0,113.0,31.8,-3.7,61,2.3,198,1026.6,82,0,68,68,0.0,0.0,43.6591,-70.2568,2021,2,18,17
2021-02-18 18:00:00,58.0,15.0,43.0,122.5,-4.5,70,7.2,207,1027.4,99,0,99,10,0.0,1916.61,43.6591,-70.2568,2021,2,18,18
2021-02-18 19:00:00,0.0,0.0,0.0,0.0,-5.0,79,4.3,185,1026.7,93,0,89,71,0.0,0.0,43.6591,-70.2568,2021,2,18,19
2021-02-18 20:00:00,0.0,0.0,0.0,0.0,-4.1,58,1.1,270,1026.7,97,0,86,84,0.0,0.0,43.6591,-70.2568,2021,2,18,20
2021-02-18 21:00:00,0.0,0.0,0.0,0.0,-5.6,70,4.5,14,1025.8,86,0,86,10,0.0,0.0,43.6591,-70.2568,2021,2,18,21
2021-02-18 22:00:00,0.0,0.0,0.0,0.0,-5.6,71,4.5,14,1025.5,93,0,92,18,0.0,0.0,43.6591,-70.2568,2021,2,18,22
2021-02-18 23:00:00,0.0,0.0,0.0,0.0,-4.8,70,6.3,13,1025.0,100,0,97,99,0.0,0.0,43.6591,-70.2568,2021,2,18,23
2021-02-19 00:00:00,0.0,0.0,0.0,0.0,-4.9,71,7.3,20,1024.5,99,0,98,93,0.0,0.0,43.6591,-70.2568,2021,2,19,0
2021-02-19 01:00:00,0.0,0.0,0.0,0.0,-4.9,75,7.0,21,1024.0,99,0,99,39,0.0,0.0,43.6591,-70.2568,2021,2,19,1
2021-02-19 02:00:00,0.0,0.0,0.0,0.0,-4.9,77,7.8,13,1024.3,100,0,99,86,0.1,0.0,43.6591,-70.2568,2021,2,19,2
2021-02-19 03:00:00,0.0,0.0,0.0,0.0,-5.2,78,10.0,15,1024.1,98,5,98,53,0.2,0.0,43.6591,-70.2568,2021,2,19,3
2021-02-19 04:00:00,0.0,0.0,0.0,0.0,-5.4,77,11.0,23,1023.2,99,13,99,1,0.1,0.0,43.6591,-70.2568,2021,2,19,4
2021-02-19 05:00:00,0.0,0.0,0.0,0.0,-5.5,77,10.5,22,1023.1,100,30,100,0,0.1,0.0,43.6591,-70.2568,2021,2,19,5
2021-02-19 06:00:00,0.0,0.0,0.0,0.0,-5.7,78,11.1,25,1022.7,100,0,100,0,0.1,0.0,43.6591,-70.2568,2021,2,19,6
2021-02-19 07:00:00,0.0,0.0,0.0,0.0,-5.8,79,11.8,23,1022.6,98,0,98,0,0.2,0.0,43.6591,-70.2568,2021,2,19,7
2021-02-19 08:00:00,2.0,0.0,2.0,0.0,-6.0,84,10.5,22,1022.5,97,1,98,5,0.2,0.0,43.6591,-70.2568,2021,2,19,8
2021-02-19 09:00:00,43.0,2.0,41.0,13.2,-5.6,81,10.8,21,1022.7,98,6,98,0,0.2,0.0,43.6591,-70.2568,2021,2,19,9
2021-02-19 10:00:00,104.0,5.0,99.0,16.1,-5.0,77,10.8,30,1022.2,99,13,99,0,0.1,0.0,43.6591,-70.2568,2021,2,19,10
2021-02-19 11:00:00,201.0,25.0,176.0,57.1,-4.3,75,11.0,38,1021.9,95,57,91,0,0.2,0.0,43.6591,-70.2568,2021,2,19,11
2021-02-19 12:00:00,243.0,83.0,160.0,157.5,-3.6,72,12.0,41,1020.8,95,83,86,0,0.2,2924.17,43.6591,-70.2568,2021,2,19,12
2021-02-19 13:00:00,284.0,72.0,212.0,126.0,-3.0,70,10.4,46,1020.1,96,62,94,0,0.1,1981.23,43.6591,-70.2568,2021,2,19,13
2021-02-19 14:00:00,280.0,62.0,218.0,109.3,-2.6,69,9.7,45,1019.1,99,91,96,89,0.1,1477.74,43.6591,-70.2568,2021,2,19,14
2021-02-19 15:00:00,190.0,14.0,176.0,27.1,-2.6,69,10.0,38,1018.4,100,99,97,86,0.1,0.0,43.6591,-70.2568,2021,2,19,15
2021-02-19 16:00:00,189.0,14.0,175.0,33.3,-2.3,68,9.7,48,1017.6,99,97,86,37,0.1,0.0,43.6591,-70.2568,2021,2,19,16
2021-02-19 17:00:00,131.0,44.0,87.0,153.2,-2.4,70,9.7,45,1017.0,99,87,99,0,0.0,2797.4,43.6591,-70.2568,2021,2,19,17
2021-02-19 18:00:00,25.0,2.0,23.0,16.0,-2.8,75,9.9,44,1015.7,97,0,97,1,0.1,0.0,43.6591,-70.2568,2021,2,19,18
2021-02-19 19:00:00,1.0,0.0,1.0,0.0,-3.4,82,8.3,18,1015.9,100,15,100,15,0.1,0.0,43.6591,-70.2568,2021,2,19,19
2021-02-19 20:00:00,0.0,0.0,0.0,0.0,-3.9,88,11.0,23,1015.8,100,5,100,86,0.2,0.0,43.6591,-70.2568,2021,2,19,20
2021-02-19 21:00:00,0.0,0.0,0.0,0.0,-4.1,89,11.1,25,1014.9,100,3,99,79,0.3,0.0,43.6591,-70.2568,2021,2,19,21
2021-02-19 22:00:00,0.0,0.0,0.0,0.0,-4.4,90,9.7,22,1014.9,99,16,99,0,0.2,0.0,43.6591,-70.2568,2021,2,19,22
2021-02-19 23:00:00,0.0,0.0,0.0,0.0,-4.6,90,10.4,20,1014.3,100,13,100,0,0.2,0.0,43.6591,-70.2568,2021,2,19,23
2021-02-20 00:00:00,0.0,0.0,0.0,0.0,-4.6,89,8.8,19,1013.6,92,22,94,0,0.2,0.0,43.6591,-70.2568,2021,2,20,0
2021-02-20 01:00:00,0.0,0.0,0.0,0.0,-5.0,90,8.7,5,1013.2,90,61,89,0,0.2,0.0,43.6591,-70.2568,2021,2,20,1
2021-02-20 02:00:00,0.0,0.0,0.0,0.0,-5.2,90,9.7,2,1012.6,96,83,95,0,0.1,0.0,43.6591,-70.2568,2021,2,20,2
2021-02-20 03:00:00,0.0,0.0,0.0,0.0,-5.5,89,10.1,356,1011.9,97,93,96,0,0.0,0.0,43.6591,-70.2568,2021,2,20,3
2021-02-20 04:00:00,0.0,0.0,0.0,0.0,-6.0,89,9.0,355,1011.2,70,6,69,0,0.0,0.0,43.6591,-70.2568,2021,2,20,4
2021-02-20 05:00:00,0.0,0.0,0.0,0.0,-6.9,88,7.8,347,1011.3,47,16,43,0,0.0,0.0,43.6591,-70.2568,2021,2,20,5
2021-02-20 06:00:00,0.0,0.0,0.0,0.0,-7.5,88,9.4,337,1011.1,65,62,43,0,0.0,0.0,43.6591,-70.2568,2021,2,20,6
2021-02-20 07:00:00,0.0,0.0,0.0,0.0,-7.6,88,8.7,336,1011.0,94,93,63,0,0.0,0.0,43.6591,-70.2568,2021,2,20,7
2021-02-20 08:00:00,5.0,0.0,5.0,0.0,-5.5,85,7.3,340,1011.2,92,93,100,0,0.0,0.0,43.6591,-70.2568,2021,2,20,8
2021-02-20 09:00:00,37.0,2.0,35.0,12.8,-4.9,80,5.4,340,1011.2,100,88,100,0,0.1,0.0,43.6591,-70.2568,2021,2,20,9
2021-02-20 10:00:00,118.0,4.0,114.0,12.7,-4.2,73,5.2,344,1010.8,96,86,95,0,0.0,0.0,43.6591,-70.2568,2021,2,20,10
2021-02-20 11:00:00,319.0,83.0,236.0,187.3,-2.8,67,6.0,335,1010.4,80,78,72,0,0.0,3600.0,43.6591,-70.2568,2021,2,20,11
2021-02-20 12:00:00,512.0,342.0,170.0,642.6,-1.6,62,11.0,328,1010.2,100,100,18,0,0.0,3600.0,43.6591,-70.2568,2021,2,20,12
2021-02-20 13:00:00,385.0,82.0,303.0,142.3,-1.0,61,11.5,321,1010.0,97,97,10,0,0.0,2468.16,43.6591,-70.2568,2021,2,20,13
2021-02-20 14:00:00,312.0,71.0,241.0,124.0,-1.0,58,10.9,316,1009.7,94,94,7,0,0.0,1920.58,43.6591,-70.2568,2021,2,20,14
2021-02-20 15:00:00,282.0,60.0,222.0,115.2,-0.9,54,10.7,320,1009.9,100,100,47,0,0.0,1655.63,43.6591,-70.2568,2021,2,20,15
2021-02-20 16:00:00,230.0,47.0,183.0,110.6,-0.8,52,10.7,327,1010.0,100,100,100,0,0.0,1517.05,43.6591,-70.2568,2021,2,20,16
2021-02-20 17:00:00,86.0,2.0,84.0,6.9,-1.5,54,13.7,342,1010.6,100,89,100,0,0.0,0.0,43.6591,-70.2568,2021,2,20,17
2021-02-20 18:00:00,44.0,5.0,39.0,38.6,-2.4,55,17.1,332,1011.3,97,97,97,0,0.0,0.0,43.6591,-70.2568,2021,2,20,18
2021-02-20 19:00:00,2.0,0.0,2.0,0.0,-3.6,58,16.9,326,1012.4,65,62,43,0,0.0,0.0,43.6591,-70.2568,2021,2,20,19
2021-02-20 20:00:00,0.0,0.0,0.0,0.0,-4.2,67,15.5,314,1013.5,69,43,62,0,0.0,0.0,43.6591,-70.2568,2021,2,20,20
2021-02-20 21:00:00,0.0,0.0,0.0,0.0,-4.8,67,16.3,319,1014.0,63,58,60,0,0.0,0.0,43.6591,-70.2568,2021,2,20,21
2021-02-20 22:00:00,0.0,0.0,0.0,0.0,-5.3,68,17.2,323,1015.0,83,71,82,0,0.0,0.0,43.6591,-70.2568,2021,2,20,22
2021-02-20 23:00:00,0.0,0.0,0.0,0.0,-5.9,70,17.8,324,1015.9,88,70,87,0,0.0,0.0,43.6591,-70.2568,2021,2,20,23
2021-02-21 00:00:00,0.0,0.0,0.0,0.0,-6.5,71,16.9,320,1016.4,91,75,90,0,0.0,0.0,43.6591,-70.2568,2021,2,21,0
2021-02-21 01:00:00,0.0,0.0,0.0,0.0,-6.5,69,16.9,322,1017.0,91,78,90,0,0.0,0.0,43.6591,-70.2568,2021,2,21,1
2021-02-21 02:00:00,0.0,0.0,0.0,0.0,-6.6,69,18.2,326,1017.9,98,61,98,0,0.0,0.0,43.6591,-70.2568,2021,2,21,2
2021-02-21 03:00:00,0.0,0.0,0.0,0.0,-7.3,72,17.5,328,1018.8,2,2,0,0,0.0,0.0,43.6591,-70.2568,2021,2,21,3
2021-02-21 04:00:00,0.0,0.0,0.0,0.0,-7.9,75,16.5,328,1019.4,2,0,2,0,0.0,0.0,43.6591,-70.2568,2021,2,21,4
2021-02-21 05:00:00,0.0,0.0,0.0,0.0,-8.4,77,15.4,327,1020.1,0,0,0,0,0.0,0.0,43.6591,-70.2568,2021,2,21,5
2021-02-21 06:00:00,0.0,0.0,0.0,0.0,-8.9,79,14.4,323,1021.1,0,0,0,0,0.0,0.0,43.6591,-70.2568,2021,2,21,6
2021-02-21 07:00:00,0.0,0.0,0.0,0.0,-9.6,80,14.0,318,1022.0,0,0,0,0,0.0,0.0,43.6591,-70.2568,2021,2,21,7
2021-02-21 08:00:00,9.0,4.0,5.0,71.8,-8.8,78,15.4,323,1023.4,0,0,0,0,0.0,575.11,43.6591,-70.2568,2021,2,21,8
2021-02-21 09:00:00,131.0,87.0,44.0,538.1,-7.5,70,14.2,324,1024.2,0,0,0,0,0.0,3600.0,43.6591,-70.2568,2021,2,21,9
2021-02-21 10:00:00,311.0,240.0,71.0,749.8,-6.0,62,15.4,327,1024.9,0,0,0,0,0.0,3600.0,43.6591,-70.2568,2021,2,21,10
2021-02-21 11:00:00,469.0,383.0,86.0,854.4,-4.4,54,13.9,329,1025.2,0,0,0,0,0.0,3600.0,43.6591,-70.2568,2021,2,21,11
2021-02-21 12:00:00,582.0,488.0,94.0,908.0,-2.9,48,13.0,326,1025.5,0,0,0,0,0.0,3600.0,43.6591,-70.2568,2021,2,21,12
2021-02-21 13:00:00,639.0,542.0,97.0,932.0,-1.8,44,12.3,320,1025.6,0,0,0,0,0.0,3600.0,43.6591,-70.2568,2021,2,21,13
2021-02-21 14:00:00,634.0,538.0,96.0,931.5,-1.1,41,12.5,321,1025.2,0,0,0,0,0.0,3600.0,43.6591,-70.2568,2021,2,21,14
2021-02-21 15:00:00,568.0,477.0,91.0,907.2,-0.6,40,12.0,321,1025.1,0,0,0,0,0.0,3600.0,43.6591,-70.2568,2021,2,21,15
2021-02-21 16:00:00,448.0,367.0,81.0,853.9,-0.5,40,10.7,318,1025.3,0,0,0,0,0.0,3600.0,43.6591,-70.2568,2021,2,21,16
2021-02-21 17:00:00,285.0,220.0,65.0,743.1,-1.0,43,8.4,313,1025.5,0,0,0,0,0.0,3600.0,43.6591,-70.2568,2021,2,21,17
2021-02-21 18:00:00,106.0,70.0,36.0,523.2,-5.6,64,10.0,319,1025.7,0,0,0,0,0.0,3600.0,43.6591,-70.2568,2021,2,21,18
2021-02-21 19:00:00,3.0,1.0,2.0,19.1,-7.2,67,8.9,317,1026.0,0,0,0,0,0.0,0.0,43.6591,-70.2568,2021,2,21,19
2021-02-21 20:00:00,0.0,0.0,0.0,0.0,-5.9,69,8.0,278,1026.5,0,0,0,0,0.0,0.0,43.6591,-70.2568,2021,2,21,20
2021-02-21 21:00:00,0.0,0.0,0.0,0.0,-6.7,73,8.4,295,1026.6,0,0,0,0,0.0,0.0,43.6591,-70.2568,2021,2,21,21
2021-02-21 22:00:00,0.0,0.0,0.0,0.0,-7.7,76,6.9,298,1026.6,0,0,0,0,0.0,0.0,43.6591,-70.2568,2021,2,21,22
2021-02-21 23:00:00,0.0,0.0,0.0,0.0,-8.6,78,7.6,289,1026.3,0,0,0,0,0.0,0.0,43.6591,-70.2568,2021,2,21,23
2021-02-22 00:00:00,0.0,0.0,0.0,0.0,-9.7,79,7.9,286,1025.7,0,0,0,0,0.0,0.0,43.6591,-70.2568,2021,2,22,0
2021-02-22 01:00:00,0.0,0.0,0.0,0.0,-10.7,80,8.2,285,1025.3,0,0,0,0,0.0,0.0,43.6591,-70.2568,2021,2,22,1
2021-02-22 02:00:00,0.0,0.0,0.0,0.0,-11.4,78,9.5,279,1025.1,0,0,0,0,0.0,0.0,43.6591,-70.2568,2021,2,22,2
2021-02-22 03:00:00,0.0,0.0,0.0,0.0,-12.0,77,7.6,289,1024.7,26,0,0,26,0.0,0.0,43.6591,-70.2568,2021,2,22,3
2021-02-22 04:00:00,0.0,0.0,0.0,0.0,-12.2,77,11.6,277,1024.7,100,0,0,100,0.0,0.0,43.6591,-70.2568,2021,2,22,4
2021-02-22 05:00:00,0.0,0.0,0.0,0.0,-12.0,75,5.0,291,1023.2,100,0,25,100,0.0,0.0,43.6591,-70.2568,2021,2,22,5
2021-02-22 06:00:00,0.0,0.0,0.0,0.0,-11.2,73,8.2,247,1023.2,100,0,91,100,0.0,0.0,43.6591,-70.2568,2021,2,22,6
2021-02-22 07:00:00,0.0,0.0,0.0,0.0,-10.3,72,7.1,225,1022.0,100,0,96,100,0.0,0.0,43.6591,-70.2568,2021,2,22,7
2021-02-22 08:00:00,5.0,0.0,5.0,0.0,-9.5,69,7.2,217,1021.5,100,0,95,100,0.0,0.0,43.6591,-70.2568,2021,2,22,8
2021-02-22 09:00:00,55.0,0.0,55.0,0.0,-6.9,64,8.5,216,1021.6,100,0,99,100,0.0,0.0,43.6591,-70.2568,2021,2,22,9
2021-02-22 10:00:00,111.0,0.0,111.0,0.0,-4.7,64,8.2,218,1020.6,100,0,99,100,0.0,0.0,43.6591,-70.2568,2021,2,22,10
2021-02-22 11:00:00,163.0,1.0,162.0,2.2,-2.9,64,9.0,209,1019.6,100,0,100,100,0.0,0.0,43.6591,-70.2568,2021,2,22,11
2021-02-22 12:00:00,227.0,1.0,226.0,1.8,-1.2,66,12.3,201,1017.9,100,0,97,100,0.1,0.0,43.6591,-70.2568,2021,2,22,12
2021-02-22 13:00:00,277.0,6.0,271.0,10.2,0.7,68,19.9,193,1015.4,100,49,44,100,0.0,0.0,43.6591,-70.2568,2021,2,22,13
2021-02-22 14:00:00,485.0,226.0,259.0,387.9,2.0,65,26.2,189,1013.2,100,94,99,100,0.0,3600.0,43.6591,-70.2568,2021,2,22,14
2021-02-22 15:00:00,241.0,16.0,225.0,30.1,1.9,71,27.2,188,1011.7,100,100,100,100,0.1,0.0,43.6591,-70.2568,2021,2,22,15
2021-02-22 16:00:00,93.0,0.0,93.0,0.0,2.0,75,21.1,189,1009.9,100,7,100,100,0.2,0.0,43.6591,-70.2568,2021,2,22,16
2021-02-22 17:00:00,59.0,0.0,59.0,0.0,1.8,86,18.8,183,1007.9,100,95,100,100,0.2,0.0,43.6591,-70.2568,2021,2,22,17
2021-02-22 18:00:00,11.0,0.0,11.0,0.0,1.5,94,18.1,186,1006.7,100,99,100,100,1.0,0.0,43.6591,-70.2568,2021,2,22,18
2021-02-22 19:00:00,0.0,0.0,0.0,0.0,1.4,98,14.6,171,1004.5,100,100,100,100,1.5,0.0,43.6591,-70.2568,2021,2,22,19
2021-02-22 20:00:00,0.0,0.0,0.0,0.0,2.1,97,20.9,183,1002.1,100,100,100,100,2.2,0.0,43.6591,-70.2568,2021,2,22,20
2021-02-22 21:00:00,0.0,0.0,0.0,0.0,2.3,95,14.9,200,1000.2,100,100,100,77,2.0,0.0,43.6591,-70.2568,2021,2,22,21
2021-02-22 22:00:00,0.0,0.0,0.0,0.0,1.3,98,8.1,302,998.4,100,100,99,0,1.8,0.0,43.6591,-70.2568,2021,2,22,22
2021-02-22 23:00:00,0.0,0.0,0.0,0.0,1.1,96,11.1,306,996.7,83,83,5,0,0.3,0.0,43.6591,-70.2568,2021,2,22,23
2021-02-23 00:00:00,0.0,0.0,0.0,0.0,0.8,96,14.8,296,996.1,3,2,1,0,0.0,0.0,43.6591,-70.2568,2021,2,23,0
2021-02-23 01:00:00,0.0,0.0,0.0,0.0,-0.7,96,14.6,290,996.1,2,0,2,0,0.0,0.0,43.6591,-70.2568,2021,2,23,1
2021-02-23 02:00:00,0.0,0.0,0.0,0.0,-1.5,96,14.4,283,996.6,1,0,0,0,0.0,0.0,43.6591,-70.2568,2021,2,23,2
2021-02-23 03:00:00,0.0,0.0,0.0,0.0,-1.7,95,13.7,272,996.7,4,4,0,0,0.0,0.0,43.6591,-70.2568,2021,2,23,3
2021-02-23 04:00:00,0.0,0.0,0.0,0.0,-1.2,91,13.7,270,996.5,71,68,0,10,0.0,0.0,43.6591,-70.2568,2021,2,23,4
2021-02-23 05:00:00,0.0,0.0,0.0,0.0,-0.7,86,13.0,273,996.6,0,0,0,0,0.0,0.0,43.6591,-70.2568,2021,2,23,5
2021-02-23 06:00:00,0.0,0.0,0.0,0.0,-1.5,91,12.6,265,996.9,0,0,0,0,0.0,0.0,43.6591,-70.2568,2021,2,23,6
2021-02-23 07:00:00,0.0,0.0,0.0,0.0,-1.7,92,13.5,261,997.4,0,0,0,0,0.0,0.0,43.6591,-70.2568,2021,2,23,7
2021-02-23 08:00:00,11.0,5.0,6.0,82.2,-1.6,91,13.9,260,997.6,62,43,0,64,0.0,802.12,43.6591,-70.2568,2021,2,23,8
2021-02-23 09:00:00,95.0,37.0,58.0,215.3,0.7,81,12.7,263,997.7,90,18,0,88,0.0,3600.0,43.6591,-70.2568,2021,2,23,9
2021-02-23 10:00:00,280.0,157.0,123.0,475.0,2.6,72,9.0,268,997.7,75,0,1,75,0.0,3600.0,43.6591,-70.2568,2021,2,23,10
2021-02-23 11:00:00,456.0,354.0,102.0,771.6,3.8,61,10.6,288,997.2,39,22,3,25,0.0,3600.0,43.6591,-70.2568,2021,2,23,11
2021-02-23 12:00:00,558.0,444.0,114.0,810.3,4.7,57,9.5,281,997.0,72,72,0,0,0.0,3600.0,43.6591,-70.2568,2021,2,23,12
2021-02-23 13:00:00,533.0,305.0,228.0,515.3,5.1,57,5.8,277,995.8,76,76,1,2,0.0,3600.0,43.6591,-70.2568,2021,2,23,13
2021-02-23 14:00:00,486.0,212.0,274.0,360.7,5.2,57,4.7,238,995.2,99,93,4,90,0.0,3600.0,43.6591,-70.2568,2021,2,23,14
2021-02-23 15:00:00,330.0,64.0,266.0,119.5,5.4,53,6.0,213,994.8,99,82,54,93,0.0,1784.51,43.6591,-70.2568,2021,2,23,15
2021-02-23 16:00:00,234.0,41.0,193.0,93.3,5.0,62,8.6,165,994.4,99,18,90,96,0.0,1000.43,43.6591,-70.2568,2021,2,23,16
2021-02-23 17:00:00,173.0,52.0,121.0,170.5,4.2,72,6.8,177,994.1,88,27,81,58,0.0,3313.89,43.6591,-70.2568,2021,2,23,17
2021-02-23 18:00:00,59.0,13.0,46.0,91.4,3.0,76,5.6,230,994.3,79,39,73,24,0.0,940.83,43.6591,-70.2568,2021,2,23,18
2021-02-23 19:00:00,3.0,0.0,3.0,0.0,1.6,75,7.6,265,994.6,79,10,74,20,0.0,0.0,43.6591,-70.2568,2021,2,23,19
2021-02-23 20:00:00,0.0,0.0,0.0,0.0,2.4,78,14.1,255,996.5,87,0,95,86,0.0,0.0,43.6591,-70.2568,2021,2,23,20
2021-02-23 21:00:00,0.0,0.0,0.0,0.0,1.7,81,13.7,270,997.0,96,1,93,81,0.0,0.0,43.6591,-70.2568,2021,2,23,21
2021-02-23 22:00:00,0.0,0.0,0.0,0.0,1.2,85,13.5,279,997.5,80,0,47,71,0.0,0.0,43.6591,-70.2568,2021,2,23,22
2021-02-23 23:00:00,0.0,0.0,0.0,0.0,0.3,89,14.0,288,998.5,41,3,30,26,0.0,0.0,43.6591,-70.2568,2021,2,23,23
2021-02-24 00:00:00,0.0,0.0,0.0,0.0,-0.0,90,13.4,290,999.4,67,21,65,7,0.0,0.0,43.6591,-70.2568,2021,2,24,0
2021-02-24 01:00:00,0.0,0.0,0.0,0.0,-0.2,91,12.5,282,1000.1,37,2,37,0,0.0,0.0,43.6591,-70.2568,2021,2,24,1
2021-02-24 02:00:00,0.0,0.0,0.0,0.0,-0.5,92,12.6,270,1001.2,61,0,61,0,0.0,0.0,43.6591,-70.2568,2021,2,24,2
2021-02-24 03:00:00,0.0,0.0,0.0,0.0,0.3,88,12.6,265,1002.0,22,20,20,0,0.0,0.0,43.6591,-70.2568,2021,2,24,3
2021-02-24 04:00:00,0.0,0.0,0.0,0.0,-0.3,91,12.6,270,1002.5,2,0,2,0,0.0,0.0,43.6591,-70.2568,2021,2,24,4
2021-02-24 05:00:00,0.0,0.0,0.0,0.0,-0.6,92,12.3,273,1003.8,2,0,2,0,0.0,0.0,43.6591,-70.2568,2021,2,24,5
2021-02-24 06:00:00,0.0,0.0,0.0,0.0,-0.4,91,12.8,260,1005.1,34,32,29,0,0.0,0.0,43.6591,-70.2568,2021,2,24,6
2021-02-24 07:00:00,0.0,0.0,0.0,0.0,-0.5,89,11.2,237,1005.6,98,98,5,0,0.0,0.0,43.6591,-70.2568,2021,2,24,7
2021-02-24 08:00:00,11.0,3.0,8.0,47.3,2.1,80,12.0,237,1006.8,81,73,3,0,0.0,94.32,43.6591,-70.2568,2021,2,24,8
2021-02-24 09:00:00,82.0,38.0,44.0,214.7,2.8,76,9.6,236,1008.2,38,38,0,0,0.0,3600.0,43.6591,-70.2568,2021,2,24,9
2021-02-24 10:00:00,242.0,149.0,93.0,443.7,4.5,67,10.6,242,1009.1,28,28,0,0,0.0,3600.0,43.6591,-70.2568,2021,2,24,10
2021-02-24 11:00:00,384.0,274.0,110.0,590.4,5.4,56,13.1,278,1009.2,57,45,1,25,0.0,3600.0,43.6591,-70.2568,2021,2,24,11
2021-02-24 12:00:00,527.0,348.0,179.0,629.0,6.3,53,10.1,276,1008.9,62,0,27,52,0.0,3600.0,43.6591,-70.2568,2021,2,24,12
2021-02-24 13:00:00,618.0,470.0,148.0,787.0,6.8,50,7.9,240,1008.1,74,5,19,69,0.0,3600.0,43.6591,-70.2568,2021,2,24,13
2021-02-24 14:00:00,590.0,411.0,179.0,693.3,7.1,48,12.7,241,1006.9,61,0,1,61,0.0,3600.0,43.6591,-70.2568,2021,2,24,14
2021-02-24 15:00:00,543.0,404.0,139.0,747.4,7.6,45,13.4,246,1006.9,95,0,88,95,0.0,3600.0,43.6591,-70.2568,2021,2,24,15
2021-02-24 16:00:00,358.0,159.0,199.0,358.2,6.9,51,6.9,227,1006.6,99,0,97,97,0.0,3600.0,43.6591,-70.2568,2021,2,24,16
2021-02-24 17:00:00,119.0,9.0,110.0,29.1,4.7,66,5.8,187,1005.7,99,0,97,97,0.0,0.0,43.6591,-70.2568,2021,2,24,17
2021-02-24 18:00:00,63.0,7.0,56.0,47.8,3.9,74,12.7,187,1005.2,98,0,76,97,0.0,0.0,43.6591,-70.2568,2021,2,24,18
2021-02-24 19:00:00,3.0,0.0,3.0,0.0,3.4,73,13.6,191,1004.1,95,0,61,95,0.0,0.0,43.6591,-70.2568,2021,2,24,19
2021-02-24 20:00:00,0.0,0.0,0.0,0.0,3.6,78,15.6,195,1002.2,95,0,90,85,0.0,0.0,43.6591,-70.2568,2021,2,24,20
2021-02-24 21:00:00,0.0,0.0,0.0,0.0,3.3,78,13.4,194,1001.9,100,0,99,83,0.0,0.0,43.6591,-70.2568,2021,2,24,21
2021-02-24 22:00:00,0.0,0.0,0.0,0.0,4.1,71,18.4,208,1000.6,84,0,1,83,0.0,0.0,43.6591,-70.2568,2021,2,24,22
2021-02-24 23:00:00,0.0,0.0,0.0,0.0,3.6,71,18.1,211,999.2,88,0,9,87,0.0,0.0,43.6591,-70.2568,2021,2,24,23
2021-02-25 00:00:00,0.0,0.0,0.0,0.0,4.1,69,18.9,220,997.8,66,0,66,0,0.0,0.0,43.6591,-70.2568,2021,2,25,0
2021-02-25 01:00:00,0.0,0.0,0.0,0.0,4.8,66,17.9,232,997.0,96,35,95,0,0.0,0.0,43.6591,-70.2568,2021,2,25,1
2021-02-25 02:00:00,0.0,0.0,0.0,0.0,6.4,61,20.5,239,996.5,93,0,93,0,0.0,0.0,43.6591,-70.2568,2021,2,25,2
2021-02-25 03:00:00,0.0,0.0,0.0,0.0,6.6,62,21.5,247,996.0,64,56,48,0,0.0,0.0,43.6591,-70.2568,2021,2,25,3
2021-02-25 04:00:00,0.0,0.0,0.0,0.0,6.2,65,24.2,252,995.5,1,0,1,0,0.0,0.0,43.6591,-70.2568,2021,2,25,4
2021-02-25 05:00:00,0.0,0.0,0.0,0.0,5.3,65,24.9,256,996.2,0,0,0,0,0.0,0.0,43.6591,-70.2568,2021,2,25,5
2021-02-25 06:00:00,0.0,0.0,0.0,0.0,4.4,68,24.5,273,997.9,3,3,0,0,0.0,0.0,43.6591,-70.2568,2021,2,25,6
2021-02-25 07:00:00,0.0,0.0,0.0,0.0,2.7,67,24.0,300,1001.1,0,0,0,0,0.0,0.0,43.6591,-70.2568,2021,2,25,7
2021-02-25 08:00:00,14.0,7.0,7.0,105.9,2.3,66,23.5,297,1003.4,0,0,0,0,0.0,1351.96,43.6591,-70.2568,2021,2,25,8
2021-02-25 09:00:00,150.0,103.0,47.0,565.2,1.1,62,23.7,300,1005.6,0,0,0,0,0.0,3600.0,43.6591,-70.2568,2021,2,25,9
2021-02-25 10:00:00,333.0,262.0,71.0,768.0,0.9,55,23.2,300,1007.0,1,1,0,0,0.0,3600.0,43.6591,-70.2568,2021,2,25,10
2021-02-25 11:00:00,492.0,407.0,85.0,866.9,1.3,51,21.9,297,1008.1,0,0,0,0,0.0,3600.0,43.6591,-70.2568,2021,2,25,11
2021-02-25 12:00:00,605.0,512.0,93.0,916.5,1.7,48,24.0,289,1008.9,0,0,0,0,0.0,3600.0,43.6591,-70.2568,2021,2,25,12
2021-02-25 13:00:00,659.0,562.0,97.0,932.9,2.2,46,29.7,291,1009.1,5,4,2,0,0.0,3600.0,43.6591,-70.2568,2021,2,25,13
2021-02-25 14:00:00,649.0,546.0,103.0,913.1,2.3,43,31.4,288,1009.0,52,50,46,0,0.0,3600.0,43.6591,-70.2568,2021,2,25,14
2021-02-25 15:00:00,534.0,364.0,170.0,667.3,2.0,44,28.6,289,1009.4,44,43,16,0,0.0,3600.0,43.6591,-70.2568,2021,2,25,15
2021-02-25 16:00:00,446.0,336.0,110.0,748.9,1.6,43,27.3,291,1010.3,0,0,0,0,0.0,3600.0,43.6591,-70.2568,2021,2,25,16
2021-02-25 17:00:00,305.0,239.0,66.0,761.1,0.5,48,22.5,292,1011.4,2,2,0,0,0.0,3600.0,43.6591,-70.2568,2021,2,25,17
2021-02-25 18:00:00,121.0,81.0,40.0,537.2,-0.8,52,19.7,294,1012.6,1,1,0,0,0.0,3600.0,43.6591,-70.2568,2021,2,25,18
2021-02-25 19:00:00,6.0,2.0,4.0,38.2,-2.5,58,13.8,303,1014.0,0,0,0,0,0.0,39.55,43.6591,-70.2568,2021,2,25,19
2021-02-25 20:00:00,0.0,0.0,0.0,0.0,-1.1,51,16.7,303,1014.5,0,0,0,0,0.0,0.0,43.6591,-70.2568,2021,2,25,20
2021-02-25 21:00:00,0.0,0.0,0.0,0.0,-2.9,55,12.8,302,1015.4,0,0,0,0,0.0,0.0,43.6591,-70.2568,2021,2,25,21
2021-02-25 22:00:00,0.0,0.0,0.0,0.0,-4.8,66,11.5,309,1016.0,0,0,0,0,0.0,0.0,43.6591,-70.2568,2021,2,25,22
2021-02-25 23:00:00,0.0,0.0,0.0,0.0,-6.0,69,12.2,304,1016.9,0,0,0,0,0.0,0.0,43.6591,-70.2568,2021,2,25,23
2021-02-26 00:00:00,0.0,0.0,0.0,0.0,-7.1,71,11.7,304,1017.5,0,0,0,0,0.0,0.0,43.6591,-70.2568,2021,2,26,0
2021-02-26 01:00:00,0.0,0.0,0.0,0.0,-8.0,73,10.5,308,1018.1,0,0,0,0,0.0,0.0,43.6591,-70.2568,2021,2,26,1
2021-02-26 02:00:00,0.0,0.0,0.0,0.0,-9.1,72,6.9,321,1019.0,0,0,0,0,0.0,0.0,43.6591,-70.2568,2021,2,26,2
2021-02-26 03:00:00,0.0,0.0,0.0,0.0,-11.1,74,8.0,333,1019.5,0,0,0,0,0.0,0.0,43.6591,-70.2568,2021,2,26,3
2021-02-26 04:00:00,0.0,0.0,0.0,0.0,-9.7,70,5.4,323,1020.1,0,0,0,0,0.0,0.0,43.6591,-70.2568,2021,2,26,4
2021-02-26 05:00:00,0.0,0.0,0.0,0.0,-10.4,70,4.9,324,1020.9,0,0,0,0,0.0,0.0,43.6591,-70.2568,2021,2,26,5
2021-02-26 06:00:00,0.0,0.0,0.0,0.0,-11.4,71,5.4,312,1021.8,0,0,0,0,0.0,0.0,43.6591,-70.2568,2021,2,26,6
2021-02-26 07:00:00,0.0,0.0,0.0,0.0,-14.3,75,5.6,297,1022.6,0,0,0,0,0.0,0.0,43.6591,-70.2568,2021,2,26,7
2021-02-26 08:00:00,17.0,9.0,8.0,130.9,-12.3,71,4.8,318,1023.9,0,0,0,0,0.0,1951.2,43.6591,-70.2568,2021,2,26,8
2021-02-26 09:00:00,160.0,112.0,48.0,597.2,-9.0,66,4.1,322,1025.3,0,0,0,0,0.0,3600.0,43.6591,-70.2568,2021,2,26,9
2021-02-26 10:00:00,345.0,274.0,71.0,790.8,-6.6,58,6.9,317,1026.5,0,0,0,0,0.0,3600.0,43.6591,-70.2568,2021,2,26,10
2021-02-26 11:00:00,506.0,421.0,85.0,886.5,-4.9,51,8.0,306,1027.0,0,0,0,0,0.0,3600.0,43.6591,-70.2568,2021,2,26,11
2021-02-26 12:00:00,621.0,528.0,93.0,936.2,-3.8,43,10.2,312,1027.0,0,0,0,0,0.0,3600.0,43.6591,-70.2568,2021,2,26,12
2021-02-26 13:00:00,677.0,580.0,97.0,954.4,-2.8,40,10.7,310,1027.4,0,0,0,0,0.0,3600.0,43.6591,-70.2568,2021,2,26,13
2021-02-26 14:00:00,671.0,575.0,96.0,953.4,-1.9,38,8.9,310,1026.6,0,0,0,0,0.0,3600.0,43.6591,-70.2568,2021,2,26,14
2021-02-26 15:00:00,603.0,513.0,90.0,932.0,-1.1,37,5.9,308,1026.2,0,0,0,0,0.0,3600.0,43.6591,-70.2568,2021,2,26,15
2021-02-26 16:00:00,479.0,399.0,80.0,880.1,-0.6,38,3.9,304,1026.5,0,0,0,0,0.0,3600.0,43.6591,-70.2568,2021,2,26,16
2021-02-26 17:00:00,312.0,247.0,65.0,775.5,-1.7,51,3.9,292,1027.6,0,0,0,0,0.0,3600.0,43.6591,-70.2568,2021,2,26,17
2021-02-26 18:00:00,127.0,88.0,39.0,567.6,-0.4,33,3.8,253,1028.6,0,0,0,0,0.0,3600.0,43.6591,-70.2568,2021,2,26,18
2021-02-26 19:00:00,7.0,3.0,4.0,57.3,-5.6,57,9.8,234,1029.3,0,0,0,0,0.0,324.2,43.6591,-70.2568,2021,2,26,19
2021-02-26 20:00:00,0.0,0.0,0.0,0.0,-6.6,69,9.1,288,1029.4,0,0,0,0,0.0,0.0,43.6591,-70.2568,2021,2,26,20
2021-02-26 21:00:00,0.0,0.0,0.0,0.0,-7.9,68,8.4,20,1028.4,0,0,0,0,0.0,0.0,43.6591,-70.2568,2021,2,26,21
2021-02-26 22:00:00,0.0,0.0,0.0,0.0,-7.1,68,9.7,105,1028.0,0,0,0,0,0.0,0.0,43.6591,-70.2568,2021,2,26,22
2021-02-26 23:00:00,0.0,0.0,0.0,0.0,-5.1,66,8.9,201,1028.9,98,0,0,98,0.0,0.0,43.6591,-70.2568,2021,2,26,23
2021-02-27 00:00:00,0.0,0.0,0.0,0.0,-6.2,70,8.7,246,1029.3,86,0,0,86,0.0,0.0,43.6591,-70.2568,2021,2,27,0
2021-02-27 01:00:00,0.0,0.0,0.0,0.0,-9.2,70,12.5,224,1028.4,13,0,0,13,0.0,0.0,43.6591,-70.2568,2021,2,27,1
2021-02-27 02:00:00,0.0,0.0,0.0,0.0,-2.6,71,12.6,193,1027.8,29,29,0,0,0.0,0.0,43.6591,-70.2568,2021,2,27,2
2021-02-27 03:00:00,0.0,0.0,0.0,0.0,-1.0,78,15.8,201,1027.9,29,28,0,1,0.0,0.0,43.6591,-70.2568,2021,2,27,3
2021-02-27 04:00:00,0.0,0.0,0.0,0.0,-0.9,84,15.3,214,1027.4,54,7,50,17,0.0,0.0,43.6591,-70.2568,2021,2,27,4
2021-02-27 05:00:00,0.0,0.0,0.0,0.0,-2.1,92,13.2,223,1026.8,17,0,17,0,0.0,0.0,43.6591,-70.2568,2021,2,27,5
2021-02-27 06:00:00,0.0,0.0,0.0,0.0,-3.6,93,12.1,233,1026.8,0,0,0,0,0.0,0.0,43.6591,-70.2568,2021,2,27,6
2021-02-27 07:00:00,0.0,0.0,0.0,0.0,-4.2,92,11.8,232,1026.3,5,0,0,5,0.0,0.0,43.6591,-70.2568,2021,2,27,7
2021-02-27 08:00:00,18.0,9.0,9.0,126.0,-3.0,92,10.0,229,1025.6,38,3,89,0,0.0,1895.74,43.6591,-70.2568,2021,2,27,8
2021-02-27 09:00:00,98.0,20.0,78.0,103.7,-0.3,82,8.4,211,1025.2,100,2,100,0,0.0,1310.87,43.6591,-70.2568,2021,2,27,9
2021-02-27 10:00:00,164.0,20.0,144.0,56.8,2.0,77,12.7,188,1024.1,100,45,100,0,0.1,0.0,43.6591,-70.2568,2021,2,27,10
2021-02-27 11:00:00,120.0,0.0,120.0,0.0,1.7,90,14.5,174,1023.0,100,37,100,0,0.5,0.0,43.6591,-70.2568,2021,2,27,11
2021-02-27 12:00:00,98.0,2.0,96.0,3.5,1.8,93,17.7,168,1021.7,100,100,100,0,0.8,0.0,43.6591,-70.2568,2021,2,27,12
2021-02-27 13:00:00,76.0,1.0,75.0,1.6,2.4,92,21.9,166,1019.7,100,100,100,90,1.0,0.0,43.6591,-70.2568,2021,2,27,13
2021-02-27 14:00:00,65.0,1.0,64.0,1.6,2.4,94,19.1,158,1017.5,100,100,98,80,3.5,0.0,43.6591,-70.2568,2021,2,27,14
2021-02-27 15:00:00,67.0,0.0,67.0,0.0,4.0,87,22.4,165,1015.3,100,100,100,0,1.8,0.0,43.6591,-70.2568,2021,2,27,15
2021-02-27 16:00:00,48.0,0.0,48.0,0.0,4.2,90,20.3,168,1013.2,100,100,100,0,1.0,0.0,43.6591,-70.2568,2021,2,27,16
2021-02-27 17:00:00,26.0,0.0,26.0,0.0,5.0,92,19.5,183,1010.9,100,100,100,14,2.2,0.0,43.6591,-70.2568,2021,2,27,17
2021-02-27 18:00:00,15.0,0.0,15.0,0.0,4.8,100,16.0,203,1009.6,100,100,100,50,1.3,0.0,43.6591,-70.2568,2021,2,27,18
2021-02-27 19:00:00,1.0,0.0,1.0,0.0,3.6,100,10.2,252,1009.1,100,100,1,0,0.1,0.0,43.6591,-70.2568,2021,2,27,19
2021-02-27 20:00:00,0.0,0.0,0.0,0.0,1.1,96,13.7,267,1009.6,0,1,0,0,0.0,0.0,43.6591,-70.2568,2021,2,27,20
2021-02-27 21:00:00,0.0,0.0,0.0,0.0,0.3,100,14.0,258,1010.0,0,0,0,0,0.0,0.0,43.6591,-70.2568,2021,2,27,21
2021-02-27 22:00:00,0.0,0.0,0.0,0.0,3.3,85,21.3,276,1011.2,0,0,0,0,0.0,0.0,43.6591,-70.2568,2021,2,27,22
2021-02-27 23:00:00,0.0,0.0,0.0,0.0,3.4,81,20.2,286,1012.1,0,0,0,0,0.0,0.0,43.6591,-70.2568,2021,2,27,23
2021-02-28 00:00:00,0.0,0.0,0.0,0.0,4.0,70,22.7,299,1013.1,0,0,0,0,0.0,0.0,43.6591,-70.2568,2021,2,28,0
2021-02-28 01:00:00,0.0,0.0,0.0,0.0,3.6,65,24.1,305,1014.1,0,0,0,0,0.0,0.0,43.6591,-70.2568,2021,2,28,1
2021-02-28 02:00:00,0.0,0.0,0.0,0.0,2.7,67,22.3,301,1015.7,0,0,0,0,0.0,0.0,43.6591,-70.2568,2021,2,28,2
2021-02-28 03:00:00,0.0,0.0,0.0,0.0,2.0,70,20.1,303,1016.9,0,0,0,0,0.0,0.0,43.6591,-70.2568,2021,2,28,3
2021-02-28 04:00:00,0.0,0.0,0.0,0.0,1.5,73,16.8,305,1017.1,1,1,0,0,0.0,0.0,43.6591,-70.2568,2021,2,28,4
2021-02-28 05:00:00,0.0,0.0,0.0,0.0,0.6,77,10.9,304,1017.9,2,1,0,1,0.0,0.0,43.6591,-70.2568,2021,2,28,5
2021-02-28 06:00:00,0.0,0.0,0.0,0.0,-1.2,79,9.3,324,1019.5,100,3,0,100,0.0,0.0,43.6591,-70.2568,2021,2,28,6
2021-02-28 07:00:00,0.0,0.0,0.0,0.0,-2.3,80,5.4,86,1020.1,100,6,0,100,0.0,0.0,43.6591,-70.2568,2021,2,28,7
2021-02-28 08:00:00,16.0,2.0,14.0,27.0,-0.6,82,4.1,165,1021.0,100,2,0,100,0.0,0.0,43.6591,-70.2568,2021,2,28,8
2021-02-28 09:00:00,120.0,27.0,93.0,136.2,0.7,84,4.9,253,1022.1,100,1,0,100,0.0,2285.74,43.6591,-70.2568,2021,2,28,9
2021-02-28 10:00:00,216.0,38.0,178.0,106.3,3.7,64,0.4,180,1022.6,100,1,0,100,0.0,1390.01,43.6591,-70.2568,2021,2,28,10
2021-02-28 11:00:00,332.0,77.0,255.0,158.5,4.3,59,1.8,11,1022.6,100,0,0,100,0.0,2955.14,43.6591,-70.2568,2021,2,28,11
2021-02-28 12:00:00,415.0,122.0,293.0,212.3,5.1,55,0.8,63,1022.9,100,0,0,100,0.0,3600.0,43.6591,-70.2568,2021,2,28,12
2021-02-28 13:00:00,467.0,155.0,312.0,250.7,4.5,66,2.4,153,1022.1,100,0,0,100,0.0,3600.0,43.6591,-70.2568,2021,2,28,13
2021-02-28 14:00:00,489.0,162.0,327.0,264.1,5.2,62,6.9,174,1021.7,100,0,0,100,0.0,3600.0,43.6591,-70.2568,2021,2,28,14
2021-02-28 15:00:00,406.0,109.0,297.0,194.5,5.6,61,11.7,171,1020.9,100,0,0,100,0.0,3600.0,43.6591,-70.2568,2021,2,28,15
2021-02-28 16:00:00,283.0,38.0,245.0,82.1,4.9,62,10.1,180,1020.5,100,0,0,100,0.0,663.47,43.6591,-70.2568,2021,2,28,16
2021-02-28 17:00:00,163.0,15.0,148.0,45.8,4.2,71,7.1,156,1020.0,100,0,1,100,0.0,0.0,43.6591,-70.2568,2021,2,28,17
2021-02-28 18:00:00,61.0,5.0,56.0,30.6,2.8,80,9.4,148,1019.2,100,0,43,100,0.0,0.0,43.6591,-70.2568,2021,2,28,18
2021-02-28 19:00:00,5.0,0.0,5.0,0.0,2.3,86,11.2,138,1019.0,100,0,71,100,0.0,0.0,43.6591,-70.2568,2021,2,28,19
2021-02-28 20:00:00,0.0,0.0,0.0,0.0,2.1,87,13.2,135,1018.4,99,0,5,95,0.0,0.0,43.6591,-70.2568,2021,2,28,20
2021-02-28 21:00:00,0.0,0.0,0.0,0.0,2.3,89,14.0,145,1018.1,5,0,1,4,0.0,0.0,43.6591,-70.2568,2021,2,28,21
2021-02-28 22:00:00,0.0,0.0,0.0,0.0,2.0,92,15.5,149,1017.3,40,0,40,0,0.0,0.0,43.6591,-70.2568,2021,2,28,22
2021-02-28 23:00:00,0.0,0.0,0.0,0.0,2.6,90,15.6,151,1016.3,98,20,93,89,0.0,0.0,43.6591,-70.2568,2021,2,28,23
2021-03-01 00:00:00,0.0,0.0,0.0,0.0,3.4,86,15.3,156,1015.0,100,36,100,99,0.0,0.0,43.6591,-70.2568,2021,3,1,0
2021-03-01 01:00:00,0.0,0.0,0.0,0.0,3.5,86,14.9,160,1014.0,99,37,92,97,0.0,0.0,43.6591,-70.2568,2021,3,1,1
2021-03-01 02:00:00,0.0,0.0,0.0,0.0,3.6,87,16.3,158,1012.4,100,51,97,92,0.0,0.0,43.6591,-70.2568,2021,3,1,2
2021-03-01 03:00:00,0.0,0.0,0.0,0.0,3.6,89,17.6,157,1011.4,100,89,97,100,0.1,0.0,43.6591,-70.2568,2021,3,1,3
2021-03-01 04:00:00,0.0,0.0,0.0,0.0,3.5,89,17.7,156,1009.6,100,92,100,100,0.2,0.0,43.6591,-70.2568,2021,3,1,4
2021-03-01 05:00:00,0.0,0.0,0.0,0.0,3.3,92,17.0,148,1007.4,100,100,100,100,0.4,0.0,43.6591,-70.2568,2021,3,1,5
2021-03-01 06:00:00,0.0,0.0,0.0,0.0,3.1,100,16.2,143,1005.7,100,100,100,100,0.6,0.0,43.6591,-70.2568,2021,3,1,6
2021-03-01 07:00:00,0.0,0.0,0.0,0.0,3.4,100,16.6,146,1003.9,100,100,100,100,0.7,0.0,43.6591,-70.2568,2021,3,1,7
2021-03-01 08:00:00,3.0,0.0,3.0,0.0,4.0,95,13.8,129,1002.0,100,100,100,100,0.7,0.0,43.6591,-70.2568,2021,3,1,8
2021-03-01 09:00:00,16.0,0.0,16.0,0.0,3.9,100,10.0,128,1000.3,100,100,100,100,1.0,0.0,43.6591,-70.2568,2021,3,1,9
2021-03-01 10:00:00,65.0,0.0,65.0,0.0,5.0,100,6.4,153,997.7,100,100,96,100,0.9,0.0,43.6591,-70.2568,2021,3,1,10
2021-03-01 11:00:00,71.0,0.0,71.0,0.0,5.3,100,7.2,217,996.0,100,100,99,100,0.5,0.0,43.6591,-70.2568,2021,3,1,11
2021-03-01 12:00:00,122.0,0.0,122.0,0.0,5.5,100,10.8,268,994.5,100,99,99,100,0.4,0.0,43.6591,-70.2568,2021,3,1,12
2021-03-01 13:00:00,124.0,0.0,124.0,0.0,4.7,99,12.8,286,993.5,100,85,100,100,0.7,0.0,43.6591,-70.2568,2021,3,1,13
2021-03-01 14:00:00,48.0,0.0,48.0,0.0,4.4,90,13.0,272,991.7,100,0,99,100,0.5,0.0,43.6591,-70.2568,2021,3,1,14
2021-03-01 15:00:00,81.0,0.0,81.0,0.0,5.4,86,14.4,267,990.5,100,0,95,100,0.0,0.0,43.6591,-70.2568,2021,3,1,15
2021-03-01 16:00:00,88.0,2.0,86.0,4.3,5.9,81,15.1,269,989.8,100,0,100,100,0.0,0.0,43.6591,-70.2568,2021,3,1,16
2021-03-01 17:00:00,43.0,0.0,43.0,0.0,5.7,78,15.5,274,989.7,99,0,97,77,0.0,0.0,43.6591,-70.2568,2021,3,1,17
2021-03-01 18:00:00,38.0,5.0,33.0,29.8,6.0,61,22.2,295,990.7,65,64,33,0,0.0,0.0,43.6591,-70.2568,2021,3,1,18
2021-03-01 19:00:00,7.0,2.0,5.0,34.4,4.3,58,20.4,284,991.6,5,5,0,0,0.0,0.0,43.6591,-70.2568,2021,3,1,19
2021-03-01 20:00:00,0.0,0.0,0.0,0.0,3.2,60,22.9,289,993.8,58,8,36,0,0.0,0.0,43.6591,-70.2568,2021,3,1,20
2021-03-01 21:00:00,0.0,0.0,0.0,0.0,1.4,58,20.5,288,993.9,12,12,0,0,0.0,0.0,43.6591,-70.2568,2021,3,1,21
2021-03-01 22:00:00,0.0,0.0,0.0,0.0,-0.7,51,26.7,302,994.9,16,15,4,0,0.0,0.0,43.6591,-70.2568,2021,3,1,22
2021-03-01 23:00:00,0.0,0.0,0.0,0.0,-2.4,51,20.5,292,995.0,53,4,53,0,0.0,0.0,43.6591,-70.2568,2021,3,1,23
2021-03-02 00:00:00,0.0,0.0,0.0,0.0,-3.5,55,25.3,298,995.5,99,3,99,0,0.0,0.0,43.6591,-70.2568,2021,3,2,0
2021-03-02 01:00:00,0.0,0.0,0.0,0.0,-6.4,44,30.9,311,998.1,76,1,76,0,0.1,0.0,43.6591,-70.2568,2021,3,2,1
2021-03-02 02:00:00,0.0,0.0,0.0,0.0,-8.4,46,27.7,300,999.6,1,1,0,0,0.0,0.0,43.6591,-70.2568,2021,3,2,2
2021-03-02 03:00:00,0.0,0.0,0.0,0.0,-10.1,45,31.2,296,1000.4,48,0,48,0,0.0,0.0,43.6591,-70.2568,2021,3,2,3
2021-03-02 04:00:00,0.0,0.0,0.0,0.0,-11.6,42,32.4,294,1001.1,1,0,1,0,0.0,0.0,43.6591,-70.2568,2021,3,2,4
2021-03-02 05:00:00,0.0,0.0,0.0,0.0,-13.6,42,32.5,296,1002.6,98,98,0,0,0.0,0.0,43.6591,-70.2568,2021,3,2,5
2021-03-02 06:00:00,0.0,0.0,0.0,0.0,-14.3,42,30.6,288,1003.1,1,0,1,0,0.0,0.0,43.6591,-70.2568,2021,3,2,6
2021-03-02 07:00:00,0.0,0.0,0.0,0.0,-14.4,41,31.5,292,1003.4,1,0,1,0,0.0,0.0,43.6591,-70.2568,2021,3,2,7
2021-03-02 08:00:00,27.0,15.0,12.0,188.3,-13.9,43,30.9,287,1004.3,49,0,6,0,0.0,2385.04,43.6591,-70.2568,2021,3,2,8
2021-03-02 09:00:00,185.0,134.0,51.0,640.8,-14.5,41,33.4,288,1003.7,21,19,4,0,0.0,3600.0,43.6591,-70.2568,2021,3,2,9
2021-03-02 10:00:00,372.0,300.0,72.0,814.5,-14.0,39,34.7,289,1003.9,72,72,1,0,0.0,3600.0,43.6591,-70.2568,2021,3,2,10
2021-03-02 11:00:00,527.0,435.0,92.0,875.7,-12.7,34,35.2,290,1003.4,50,46,21,0,0.0,3600.0,43.6591,-70.2568,2021,3,2,11
2021-03-02 12:00:00,641.0,548.0,93.0,935.8,-11.0,32,31.9,290,1003.9,28,28,1,0,0.0,3600.0,43.6591,-70.2568,2021,3,2,12
2021-03-02 13:00:00,693.0,587.0,106.0,933.5,-9.7,31,31.3,294,1004.1,3,3,0,0,0.0,3600.0,43.6591,-70.2568,2021,3,2,13
2021-03-02 14:00:00,691.0,597.0,94.0,957.5,-8.5,30,29.5,297,1003.9,1,1,0,0,0.0,3600.0,43.6591,-70.2568,2021,3,2,14
2021-03-02 15:00:00,626.0,541.0,85.0,949.0,-7.7,30,31.1,298,1003.6,0,0,0,0,0.0,3600.0,43.6591,-70.2568,2021,3,2,15
2021-03-02 16:00:00,505.0,428.0,77.0,906.6,-7.5,31,31.1,298,1004.2,0,0,0,0,0.0,3600.0,43.6591,-70.2568,2021,3,2,16
2021-03-02 17:00:00,337.0,272.0,65.0,808.8,-7.8,33,26.7,296,1005.2,0,0,0,0,0.0,3600.0,43.6591,-70.2568,2021,3,2,17
2021-03-02 18:00:00,147.0,105.0,42.0,610.7,-8.7,37,24.0,294,1005.7,0,0,0,0,0.0,3600.0,43.6591,-70.2568,2021,3,2,18
2021-03-02 19:00:00,11.0,6.0,5.0,99.7,-9.3,39,22.6,292,1006.8,0,0,0,0,0.0,1131.08,43.6591,-70.2568,2021,3,2,19
2021-03-02 20:00:00,0.0,0.0,0.0,0.0,-7.3,36,15.9,276,1007.3,0,0,0,0,0.0,0.0,43.6591,-70.2568,2021,3,2,20
2021-03-02 21:00:00,0.0,0.0,0.0,0.0,-8.1,42,13.3,273,1008.1,0,0,0,0,0.0,0.0,43.6591,-70.2568,2021,3,2,21
2021-03-02 22:00:00,0.0,0.0,0.0,0.0,-8.3,42,13.5,261,1008.4,0,0,0,0,0.0,0.0,43.6591,-70.2568,2021,3,2,22
2021-03-02 23:00:00,0.0,0.0,0.0,0.0,-8.3,43,14.8,252,1008.0,0,0,0,0,0.0,0.0,43.6591,-70.2568,2021,3,2,23
2021-03-03 00:00:00,0.0,0.0,0.0,0.0,-8.6,45,13.4,243,1007.7,0,0,0,0,0.0,0.0,43.6591,-70.2568,2021,3,3,0
2021-03-03 01:00:00,0.0,0.0,0.0,0.0,-8.6,45,13.1,238,1007.7,0,0,0,0,0.0,0.0,43.6591,-70.2568,2021,3,3,1
2021-03-03 02:00:00,0.0,0.0,0.0,0.0,-8.5,46,11.3,243,1007.2,0,0,0,0,0.0,0.0,43.6591,-70.2568,2021,3,3,2
2021-03-03 03:00:00,0.0,0.0,0.0,0.0,-8.2,46,10.0,232,1007.0,1,1,0,0,0.0,0.0,43.6591,-70.2568,2021,3,3,3
2021-03-03 04:00:00,0.0,0.0,0.0,0.0,-8.1,49,11.0,221,1006.2,3,3,0,0,0.0,0.0,43.6591,-70.2568,2021,3,3,4
2021-03-03 05:00:00,0.0,0.0,0.0,0.0,-8.2,57,13.2,227,1006.0,18,1,17,0,0.0,0.0,43.6591,-70.2568,2021,3,3,5
2021-03-03 06:00:00,0.0,0.0,0.0,0.0,-7.9,64,13.6,233,1005.9,32,19,20,0,0.0,0.0,43.6591,-70.2568,2021,3,3,6
2021-03-03 07:00:00,0.0,0.0,0.0,0.0,-7.1,65,13.3,237,1005.7,68,63,23,0,0.0,0.0,43.6591,-70.2568,2021,3,3,7
2021-03-03 08:00:00,19.0,7.0,12.0,84.9,-6.9,60,12.1,260,1006.0,57,11,0,0,0.0,1024.82,43.6591,-70.2568,2021,3,3,8
2021-03-03 09:00:00,176.0,120.0,56.0,559.3,-4.7,54,10.5,274,1005.8,33,31,15,0,0.0,3600.0,43.6591,-70.2568,2021,3,3,9
2021-03-03 10:00:00,317.0,226.0,91.0,604.6,-2.1,47,9.4,277,1005.5,8,8,1,0,0.0,3600.0,43.6591,-70.2568,2021,3,3,10
2021-03-03 11:00:00,511.0,422.0,89.0,840.3,0.4,41,8.7,275,1004.9,10,9,8,0,0.0,3600.0,43.6591,-70.2568,2021,3,3,11
2021-03-03 12:00:00,601.0,496.0,105.0,839.3,2.0,38,11.4,288,1004.1,65,63,22,0,0.0,3600.0,43.6591,-70.2568,2021,3,3,12
2021-03-03 13:00:00,624.0,483.0,141.0,761.7,2.7,38,13.4,284,1003.7,54,54,6,0,0.0,3600.0,43.6591,-70.2568,2021,3,3,13
2021-03-03 14:00:00,565.0,373.0,192.0,593.4,3.3,39,13.0,276,1003.0,62,62,13,0,0.0,3600.0,43.6591,-70.2568,2021,3,3,14
2021-03-03 15:00:00,546.0,376.0,170.0,654.0,4.6,39,16.3,275,1002.6,83,83,19,0,0.0,3600.0,43.6591,-70.2568,2021,3,3,15
2021-03-03 16:00:00,343.0,143.0,200.0,300.0,3.9,43,19.7,279,1003.1,97,97,21,0,0.0,3600.0,43.6591,-70.2568,2021,3,3,16
2021-03-03 17:00:00,189.0,51.0,138.0,149.7,3.4,46,19.7,294,1003.2,71,71,3,0,0.0,2690.88,43.6591,-70.2568,2021,3,3,17
2021-03-03 18:00:00,134.0,87.0,47.0,494.0,1.9,54,12.9,300,1003.7,87,87,0,0,0.0,3600.0,43.6591,-70.2568,2021,3,3,18
2021-03-03 19:00:00,11.0,5.0,6.0,80.3,-0.4,67,12.1,300,1004.2,7,7,0,0,0.0,766.94,43.6591,-70.2568,2021,3,3,19
2021-03-03 20:00:00,0.0,0.0,0.0,0.0,-0.3,73,10.5,301,1004.6,1,13,0,0,0.0,0.0,43.6591,-70.2568,2021,3,3,20
2021-03-03 21:00:00,0.0,0.0,0.0,0.0,-1.7,80,9.5,295,1004.5,3,3,1,0,0.0,0.0,43.6591,-70.2568,2021,3,3,21
2021-03-03 22:00:00,0.0,0.0,0.0,0.0,-2.2,82,11.5,290,1004.4,5,3,0,2,0.0,0.0,43.6591,-70.2568,2021,3,3,22
2021-03-03 23:00:00,0.0,0.0,0.0,0.0,-2.4,81,10.2,302,1004.2,30,1,0,30,0.0,0.0,43.6591,-70.2568,2021,3,3,23
2021-03-04 00:00:00,0.0,0.0,0.0,0.0,-3.0,83,8.4,301,1003.9,1,1,0,0,0.0,0.0,43.6591,-70.2568,2021,3,4,0
2021-03-04 01:00:00,0.0,0.0,0.0,0.0,-3.6,82,7.2,297,1003.8,0,0,0,0,0.0,0.0,43.6591,-70.2568,2021,3,4,1
2021-03-04 02:00:00,0.0,0.0,0.0,0.0,-4.1,81,6.8,273,1003.5,0,0,0,0,0.0,0.0,43.6591,-70.2568,2021,3,4,2
2021-03-04 03:00:00,0.0,0.0,0.0,0.0,-4.6,81,8.0,262,1003.1,1,1,0,0,0.0,0.0,43.6591,-70.2568,2021,3,4,3
2021-03-04 04:00:00,0.0,0.0,0.0,0.0,-5.0,81,9.4,272,1002.6,0,0,0,0,0.0,0.0,43.6591,-70.2568,2021,3,4,4
2021-03-04 05:00:00,0.0,0.0,0.0,0.0,-5.3,79,9.8,276,1002.5,0,0,0,0,0.0,0.0,43.6591,-70.2568,2021,3,4,5
2021-03-04 06:00:00,0.0,0.0,0.0,0.0,-5.5,77,10.5,278,1002.2,1,1,0,0,0.0,0.0,43.6591,-70.2568,2021,3,4,6
2021-03-04 07:00:00,0.0,0.0,0.0,0.0,-5.7,73,13.0,272,1001.9,0,0,0,0,0.0,0.0,43.6591,-70.2568,2021,3,4,7
2021-03-04 08:00:00,30.0,18.0,12.0,211.3,-4.5,69,11.4,283,1002.0,0,0,0,0,0.0,2591.19,43.6591,-70.2568,2021,3,4,8
2021-03-04 09:00:00,189.0,138.0,51.0,627.2,-2.5,54,13.5,286,1001.9,0,0,0,0,0.0,3600.0,43.6591,-70.2568,2021,3,4,9
2021-03-04 10:00:00,374.0,305.0,69.0,804.1,-1.6,41,17.7,297,1001.3,0,0,0,0,0.0,3600.0,43.6591,-70.2568,2021,3,4,10
2021-03-04 11:00:00,533.0,453.0,80.0,892.3,-0.8,36,19.8,299,1000.7,0,0,0,0,0.0,3600.0,43.6591,-70.2568,2021,3,4,11
2021-03-04 12:00:00,646.0,560.0,86.0,939.1,-0.2,33,21.4,297,1000.1,0,0,0,0,0.0,3600.0,43.6591,-70.2568,2021,3,4,12
2021-03-04 13:00:00,702.0,613.0,89.0,958.9,0.4,30,23.6,289,999.2,40,0,0,40,0.0,3600.0,43.6591,-70.2568,2021,3,4,13
2021-03-04 14:00:00,692.0,595.0,97.0,939.0,0.8,29,24.0,289,998.4,55,0,0,55,0.0,3600.0,43.6591,-70.2568,2021,3,4,14
2021-03-04 15:00:00,624.0,527.0,97.0,909.0,0.9,30,23.0,290,997.7,38,0,0,38,0.0,3600.0,43.6591,-70.2568,2021,3,4,15
2021-03-04 16:00:00,504.0,428.0,76.0,889.2,0.6,33,21.1,290,997.6,0,0,0,0,0.0,3600.0,43.6591,-70.2568,2021,3,4,16
2021-03-04 17:00:00,336.0,271.0,65.0,785.3,-0.2,37,19.9,287,997.7,0,0,0,0,0.0,3600.0,43.6591,-70.2568,2021,3,4,17
2021-03-04 18:00:00,149.0,105.0,44.0,582.4,-1.8,44,17.5,284,998.1,8,8,0,0,0.0,3600.0,43.6591,-70.2568,2021,3,4,18
2021-03-04 19:00:00,13.0,6.0,7.0,93.3,-3.8,50,16.5,280,998.6,21,21,1,0,0.0,1048.48,43.6591,-70.2568,2021,3,4,19
2021-03-04 20:00:00,0.0,0.0,0.0,0.0,-2.8,52,15.3,294,998.2,34,24,60,0,0.0,0.0,43.6591,-70.2568,2021,3,4,20
2021-03-04 21:00:00,0.0,0.0,0.0,0.0,-4.1,55,14.1,285,998.5,61,20,57,0,0.0,0.0,43.6591,-70.2568,2021,3,4,21
2021-03-04 22:00:00,0.0,0.0,0.0,0.0,-5.3,60,12.2,284,998.8,69,26,64,0,0.0,0.0,43.6591,-70.2568,2021,3,4,22
2021-03-04 23:00:00,0.0,0.0,0.0,0.0,-6.3,61,11.5,274,999.1,94,25,92,0,0.0,0.0,43.6591,-70.2568,2021,3,4,23
2021-03-05 00:00:00,0.0,0.0,0.0,0.0,-6.9,60,8.3,270,999.5,96,30,95,0,0.0,0.0,43.6591,-70.2568,2021,3,5,0
2021-03-05 01:00:00,0.0,0.0,0.0,0.0,-7.1,60,7.3,261,999.7,94,44,92,0,0.0,0.0,43.6591,-70.2568,2021,3,5,1
2021-03-05 02:00:00,0.0,0.0,0.0,0.0,-7.3,59,6.9,261,1000.0,97,43,95,0,0.0,0.0,43.6591,-70.2568,2021,3,5,2
2021-03-05 03:00:00,0.0,0.0,0.0,0.0,-7.4,60,8.0,260,1000.2,98,37,97,0,0.0,0.0,43.6591,-70.2568,2021,3,5,3
2021-03-05 04:00:00,0.0,0.0,0.0,0.0,-7.8,62,9.8,264,1000.2,96,17,95,0,0.1,0.0,43.6591,-70.2568,2021,3,5,4
2021-03-05 05:00:00,0.0,0.0,0.0,0.0,-8.1,61,11.6,275,1000.5,96,5,96,0,0.1,0.0,43.6591,-70.2568,2021,3,5,5
2021-03-05 06:00:00,0.0,0.0,0.0,0.0,-8.5,58,12.6,283,1000.5,99,1,99,0,0.1,0.0,43.6591,-70.2568,2021,3,5,6
2021-03-05 07:00:00,0.0,0.0,0.0,0.0,-8.9,56,13.6,292,1000.9,100,0,100,0,0.0,0.0,43.6591,-70.2568,2021,3,5,7
2021-03-05 08:00:00,16.0,1.0,15.0,11.4,-8.1,52,20.0,296,1000.8,99,0,100,100,0.0,0.0,43.6591,-70.2568,2021,3,5,8
2021-03-05 09:00:00,102.0,13.0,89.0,57.7,-8.2,49,20.5,298,1001.0,99,0,99,88,0.0,0.0,43.6591,-70.2568,2021,3,5,9
2021-03-05 10:00:00,302.0,159.0,143.0,413.2,-7.4,46,20.9,297,1000.8,91,0,91,0,0.0,3600.0,43.6591,-70.2568,2021,3,5,10
2021-03-05 11:00:00,468.0,287.0,181.0,559.3,-6.6,43,20.3,297,1000.6,73,0,73,0,0.0,3600.0,43.6591,-70.2568,2021,3,5,11
2021-03-05 12:00:00,576.0,397.0,179.0,659.8,-5.7,42,19.3,297,1000.2,77,0,77,0,0.0,3600.0,43.6591,-70.2568,2021,3,5,12
2021-03-05 13:00:00,617.0,408.0,209.0,633.1,-4.7,40,18.4,296,1000.0,88,0,88,0,0.0,3600.0,43.6591,-70.2568,2021,3,5,13
2021-03-05 14:00:00,597.0,364.0,233.0,569.9,-4.0,37,17.7,294,999.5,87,0,87,0,0.0,3600.0,43.6591,-70.2568,2021,3,5,14
2021-03-05 15:00:00,568.0,394.0,174.0,674.0,-3.5,36,18.9,291,999.4,84,7,83,0,0.0,3600.0,43.6591,-70.2568,2021,3,5,15
2021-03-05 16:00:00,464.0,325.0,139.0,668.9,-3.6,35,20.9,297,999.9,77,0,77,0,0.0,3600.0,43.6591,-70.2568,2021,3,5,16
2021-03-05 17:00:00,326.0,242.0,84.0,692.6,-4.5,36,21.3,304,1000.7,54,0,52,38,0.0,3600.0,43.6591,-70.2568,2021,3,5,17
2021-03-05 18:00:00,140.0,82.0,58.0,444.6,-6.0,40,19.8,307,1002.1,66,0,27,60,0.0,3600.0,43.6591,-70.2568,2021,3,5,18
2021-03-05 19:00:00,13.0,4.0,9.0,60.2,-7.2,45,18.8,302,1003.2,87,1,29,85,0.0,364.01,43.6591,-70.2568,2021,3,5,19
2021-03-05 20:00:00,0.0,0.0,0.0,0.0,-6.9,54,16.6,309,1004.1,76,0,23,61,0.0,0.0,43.6591,-70.2568,2021,3,5,20
2021-03-05 21:00:00,0.0,0.0,0.0,0.0,-7.9,54,17.0,306,1004.3,51,0,0,51,0.0,0.0,43.6591,-70.2568,2021,3,5,21
2021-03-05 22:00:00,0.0,0.0,0.0,0.0,-8.6,58,12.9,306,1004.6,42,1,0,42,0.0,0.0,43.6591,-70.2568,2021,3,5,22
2021-03-05 23:00:00,0.0,0.0,0.0,0.0,-9.2,62,10.6,305,1005.0,13,13,0,0,0.0,0.0,43.6591,-70.2568,2021,3,5,23
2021-03-06 00:00:00,0.0,0.0,0.0,0.0,-9.6,63,9.2,301,1005.4,23,21,0,3,0.0,0.0,43.6591,-70.2568,2021,3,6,0
2021-03-06 01:00:00,0.0,0.0,0.0,0.0,-9.7,63,7.6,289,1005.8,7,7,0,0,0.0,0.0,43.6591,-70.2568,2021,3,6,1
2021-03-06 02:00:00,0.0,0.0,0.0,0.0,-10.0,63,7.2,264,1006.3,2,0,0,1,0.0,0.0,43.6591,-70.2568,2021,3,6,2
2021-03-06 03:00:00,0.0,0.0,0.0,0.0,-10.2,61,8.7,246,1006.6,0,0,0,0,0.0,0.0,43.6591,-70.2568,2021,3,6,3
2021-03-06 04:00:00,0.0,0.0,0.0,0.0,-10.4,58,9.4,247,1006.8,0,0,0,0,0.0,0.0,43.6591,-70.2568,2021,3,6,4
2021-03-06 05:00:00,0.0,0.0,0.0,0.0,-10.7,56,9.5,241,1007.3,0,0,0,0,0.0,0.0,43.6591,-70.2568,2021,3,6,5
2021-03-06 06:00:00,0.0,0.0,0.0,0.0,-11.2,57,9.4,247,1007.8,0,0,0,0,0.0,0.0,43.6591,-70.2568,2021,3,6,6
2021-03-06 07:00:00,0.0,0.0,0.0,0.0,-11.6,58,7.3,261,1008.1,0,0,0,0,0.0,0.0,43.6591,-70.2568,2021,3,6,7
2021-03-06 08:00:00,37.0,22.0,15.0,242.4,-10.0,57,8.3,270,1008.8,0,0,0,0,0.0,2797.77,43.6591,-70.2568,2021,3,6,8
2021-03-06 09:00:00,202.0,147.0,55.0,636.5,-7.8,53,6.8,267,1009.3,2,2,0,0,0.0,3600.0,43.6591,-70.2568,2021,3,6,9
2021-03-06 10:00:00,386.0,310.0,76.0,794.3,-5.8,48,5.9,256,1009.5,0,0,0,0,0.0,3600.0,43.6591,-70.2568,2021,3,6,10
2021-03-06 11:00:00,545.0,461.0,84.0,889.1,-4.0,46,6.6,261,1009.5,0,0,0,0,0.0,3600.0,43.6591,-70.2568,2021,3,6,11
2021-03-06 12:00:00,656.0,565.0,91.0,930.8,-2.3,44,7.1,255,1009.5,0,0,0,0,0.0,3600.0,43.6591,-70.2568,2021,3,6,12
2021-03-06 13:00:00,710.0,617.0,93.0,949.7,-1.0,42,8.2,255,1009.4,0,0,0,0,0.0,3600.0,43.6591,-70.2568,2021,3,6,13
2021-03-06 14:00:00,703.0,610.0,93.0,947.7,-0.1,39,9.3,254,1009.0,0,0,0,0,0.0,3600.0,43.6591,-70.2568,2021,3,6,14
2021-03-06 15:00:00,634.0,546.0,88.0,926.5,0.3,37,10.9,264,1009.0,0,0,0,0,0.0,3600.0,43.6591,-70.2568,2021,3,6,15
2021-03-06 16:00:00,511.0,431.0,80.0,878.8,0.4,36,12.6,273,1009.3,0,0,0,0,0.0,3600.0,43.6591,-70.2568,2021,3,6,16
2021-03-06 17:00:00,344.0,277.0,67.0,783.0,-0.3,37,14.4,274,1009.8,0,0,0,0,0.0,3600.0,43.6591,-70.2568,2021,3,6,17
2021-03-06 18:00:00,158.0,112.0,46.0,593.9,-1.8,43,13.7,270,1010.7,0,0,0,0,0.0,3600.0,43.6591,-70.2568,2021,3,6,18
2021-03-06 19:00:00,16.0,8.0,8.0,116.8,-3.8,51,14.0,269,1012.1,0,0,0,0,0.0,1609.94,43.6591,-70.2568,2021,3,6,19
2021-03-06 20:00:00,0.0,0.0,0.0,0.0,-4.5,59,9.7,285,1013.4,0,0,48,0,0.0,0.0,43.6591,-70.2568,2021,3,6,20
2021-03-06 21:00:00,0.0,0.0,0.0,0.0,-5.1,66,11.3,301,1014.3,3,0,3,0,0.0,0.0,43.6591,-70.2568,2021,3,6,21
2021-03-06 22:00:00,0.0,0.0,0.0,0.0,-5.9,65,11.5,302,1015.3,27,0,27,0,0.0,0.0,43.6591,-70.2568,2021,3,6,22
2021-03-06 23:00:00,0.0,0.0,0.0,0.0,-6.8,68,10.7,318,1015.7,23,0,23,0,0.0,0.0,43.6591,-70.2568,2021,3,6,23
2021-03-07 00:00:00,0.0,0.0,0.0,0.0,-7.5,69,9.8,332,1015.7,13,0,13,0,0.0,0.0,43.6591,-70.2568,2021,3,7,0
2021-03-07 01:00:00,0.0,0.0,0.0,0.0,-7.9,68,7.5,325,1016.1,0,0,0,0,0.0,0.0,43.6591,-70.2568,2021,3,7,1
2021-03-07 02:00:00,0.0,0.0,0.0,0.0,-8.3,69,5.4,307,1016.8,0,0,0,0,0.0,0.0,43.6591,-70.2568,2021,3,7,2
2021-03-07 03:00:00,0.0,0.0,0.0,0.0,-8.6,69,4.1,285,1017.4,0,0,0,0,0.0,0.0,43.6591,-70.2568,2021,3,7,3
2021-03-07 04:00:00,0.0,0.0,0.0,0.0,-9.0,71,4.7,274,1017.8,0,0,0,0,0.0,0.0,43.6591,-70.2568,2021,3,7,4
2021-03-07 05:00:00,0.0,0.0,0.0,0.0,-9.4,71,5.1,278,1018.4,0,0,0,0,0.0,0.0,43.6591,-70.2568,2021,3,7,5
2021-03-07 06:00:00,0.0,0.0,0.0,0.0,-10.0,71,6.8,288,1019.0,0,0,0,0,0.0,0.0,43.6591,-70.2568,2021,3,7,6
2021-03-07 07:00:00,0.0,0.0,0.0,0.0,-10.4,68,6.6,292,1019.6,0,0,0,0,0.0,0.0,43.6591,-70.2568,2021,3,7,7
2021-03-07 08:00:00,40.0,23.0,17.0,245.9,-9.1,66,5.6,315,1020.1,2,28,0,17,0.0,2900.92,43.6591,-70.2568,2021,3,7,8
2021-03-07 09:00:00,192.0,124.0,68.0,524.5,-6.3,58,6.1,315,1020.8,83,55,0,65,0.0,3600.0,43.6591,-70.2568,2021,3,7,9
2021-03-07 10:00:00,345.0,209.0,136.0,528.1,-4.6,54,5.9,308,1021.1,88,67,0,64,0.0,3600.0,43.6591,-70.2568,2021,3,7,10
2021-03-07 11:00:00,509.0,361.0,148.0,689.0,-3.3,51,5.4,278,1021.2,21,0,0,21,0.0,3600.0,43.6591,-70.2568,2021,3,7,11
2021-03-07 12:00:00,646.0,533.0,113.0,870.5,-1.9,46,4.5,284,1021.1,13,0,0,13,0.0,3600.0,43.6591,-70.2568,2021,3,7,12
2021-03-07 13:00:00,708.0,610.0,98.0,931.6,-0.7,43,4.6,309,1021.0,0,0,0,0,0.0,3600.0,43.6591,-70.2568,2021,3,7,13
2021-03-07 14:00:00,700.0,606.0,94.0,934.3,0.0,41,5.7,325,1020.6,0,0,0,0,0.0,3600.0,43.6591,-70.2568,2021,3,7,14
2021-03-07 15:00:00,631.0,540.0,91.0,909.0,0.4,40,6.9,332,1020.6,0,0,0,0,0.0,3600.0,43.6591,-70.2568,2021,3,7,15
2021-03-07 16:00:00,508.0,425.0,83.0,858.6,0.7,40,6.8,328,1020.3,0,0,0,0,0.0,3600.0,43.6591,-70.2568,2021,3,7,16
2021-03-07 17:00:00,343.0,274.0,69.0,765.2,0.6,40,7.1,330,1020.2,0,0,0,0,0.0,3600.0,43.6591,-70.2568,2021,3,7,17
2021-03-07 18:00:00,158.0,111.0,47.0,576.0,-0.5,58,2.9,330,1020.5,0,0,0,0,0.0,3600.0,43.6591,-70.2568,2021,3,7,18
2021-03-07 19:00:00,17.0,9.0,8.0,127.6,-1.5,53,3.5,294,1021.1,0,0,0,0,0.0,1890.06,43.6591,-70.2568,2021,3,7,19
2021-03-07 20:00:00,0.0,0.0,0.0,0.0,-3.9,59,7.8,283,1021.6,0,0,0,0,0.0,0.0,43.6591,-70.2568,2021,3,7,20
2021-03-07 21:00:00,0.0,0.0,0.0,0.0,-3.6,59,10.8,330,1022.1,0,0,0,0,0.0,0.0,43.6591,-70.2568,2021,3,7,21
2021-03-07 22:00:00,0.0,0.0,0.0,0.0,-4.3,59,12.6,336,1022.6,0,0,0,0,0.0,0.0,43.6591,-70.2568,2021,3,7,22
2021-03-07 23:00:00,0.0,0.0,0.0,0.0,-5.1,62,13.3,341,1022.8,0,0,0,0,0.0,0.0,43.6591,-70.2568,2021,3,7,23
2021-03-08 00:00:00,0.0,0.0,0.0,0.0,-5.7,63,13.6,343,1022.9,0,0,0,0,0.0,0.0,43.6591,-70.2568,2021,3,8,0
2021-03-08 01:00:00,0.0,0.0,0.0,0.0,-6.3,64,12.7,352,1023.2,1,0,1,0,0.0,0.0,43.6591,-70.2568,2021,3,8,1
2021-03-08 02:00:00,0.0,0.0,0.0,0.0,-6.9,67,12.3,355,1023.3,5,0,5,0,0.0,0.0,43.6591,-70.2568,2021,3,8,2
2021-03-08 03:00:00,0.0,0.0,0.0,0.0,-7.3,67,13.4,352,1023.6,51,0,51,0,0.0,0.0,43.6591,-70.2568,2021,3,8,3
2021-03-08 04:00:00,0.0,0.0,0.0,0.0,-7.2,65,14.6,351,1023.7,61,0,61,0,0.0,0.0,43.6591,-70.2568,2021,3,8,4
2021-03-08 05:00:00,0.0,0.0,0.0,0.0,-7.2,64,14.2,351,1023.8,36,0,36,0,0.0,0.0,43.6591,-70.2568,2021,3,8,5
2021-03-08 06:00:00,0.0,0.0,0.0,0.0,-7.4,65,12.5,348,1024.1,3,0,3,0,0.0,0.0,43.6591,-70.2568,2021,3,8,6
2021-03-08 07:00:00,0.0,0.0,0.0,0.0,-7.7,65,11.2,339,1024.5,2,0,2,0,0.0,0.0,43.6591,-70.2568,2021,3,8,7
2021-03-08 08:00:00,42.0,25.0,17.0,259.6,-6.1,59,9.2,334,1024.9,0,0,0,0,0.0,3003.85,43.6591,-70.2568,2021,3,8,8
2021-03-08 09:00:00,209.0,153.0,56.0,632.6,-4.3,54,11.3,343,1025.4,11,11,1,0,0.0,3600.0,43.6591,-70.2568,2021,3,8,9
2021-03-08 10:00:00,381.0,292.0,89.0,727.9,-2.7,49,10.8,334,1025.4,0,0,0,0,0.0,3600.0,43.6591,-70.2568,2021,3,8,10
2021-03-08 11:00:00,551.0,463.0,88.0,874.7,-0.8,45,10.0,334,1025.3,0,0,0,0,0.0,3600.0,43.6591,-70.2568,2021,3,8,11
2021-03-08 12:00:00,662.0,569.0,93.0,921.4,0.8,41,8.3,326,1024.9,0,0,0,0,0.0,3600.0,43.6591,-70.2568,2021,3,8,12
2021-03-08 13:00:00,716.0,621.0,95.0,941.0,1.8,40,7.5,305,1024.1,0,0,0,0,0.0,3600.0,43.6591,-70.2568,2021,3,8,13
2021-03-08 14:00:00,709.0,616.0,93.0,942.6,2.5,39,6.1,298,1023.2,0,0,0,0,0.0,3600.0,43.6591,-70.2568,2021,3,8,14
2021-03-08 15:00:00,641.0,552.0,89.0,921.9,3.1,39,4.0,260,1022.6,0,0,0,0,0.0,3600.0,43.6591,-70.2568,2021,3,8,15
2021-03-08 16:00:00,518.0,436.0,82.0,873.0,2.9,42,5.8,184,1022.6,0,0,0,0,0.0,3600.0,43.6591,-70.2568,2021,3,8,16
2021-03-08 17:00:00,351.0,282.0,69.0,778.3,2.0,54,8.3,180,1022.2,0,0,0,0,0.0,3600.0,43.6591,-70.2568,2021,3,8,17
2021-03-08 18:00:00,164.0,117.0,47.0,594.6,0.5,67,9.7,182,1022.5,0,0,0,0,0.0,3600.0,43.6591,-70.2568,2021,3,8,18
2021-03-08 19:00:00,18.0,10.0,8.0,137.8,-1.2,73,11.1,193,1022.8,0,0,0,0,0.0,2073.68,43.6591,-70.2568,2021,3,8,19
2021-03-08 20:00:00,0.0,0.0,0.0,0.0,-2.3,75,12.1,203,1023.2,84,0,0,48,0.0,0.0,43.6591,-70.2568,2021,3,8,20
2021-03-08 21:00:00,0.0,0.0,0.0,0.0,-2.6,76,11.3,211,1022.9,4,0,0,4,0.0,0.0,43.6591,-70.2568,2021,3,8,21
2021-03-08 22:00:00,0.0,0.0,0.0,0.0,-3.3,75,10.4,226,1022.8,33,0,0,33,0.0,0.0,43.6591,-70.2568,2021,3,8,22
2021-03-08 23:00:00,0.0,0.0,0.0,0.0,-4.0,69,10.1,235,1022.3,29,0,28,2,0.0,0.0,43.6591,-70.2568,2021,3,8,23
2021-03-09 00:00:00,0.0,0.0,0.0,0.0,-3.9,62,10.2,231,1021.7,72,0,72,0,0.0,0.0,43.6591,-70.2568,2021,3,9,0
2021-03-09 01:00:00,0.0,0.0,0.0,0.0,-3.5,53,10.9,236,1021.8,100,0,100,18,0.0,0.0,43.6591,-70.2568,2021,3,9,1
2021-03-09 02:00:00,0.0,0.0,0.0,0.0,-2.0,49,9.7,231,1021.4,99,44,94,86,0.0,0.0,43.6591,-70.2568,2021,3,9,2
2021-03-09 03:00:00,0.0,0.0,0.0,0.0,-1.4,47,9.7,219,1020.6,91,4,67,79,0.0,0.0,43.6591,-70.2568,2021,3,9,3
2021-03-09 04:00:00,0.0,0.0,0.0,0.0,-1.7,47,10.5,218,1019.8,94,16,90,51,0.0,0.0,43.6591,-70.2568,2021,3,9,4
2021-03-09 05:00:00,0.0,0.0,0.0,0.0,-1.2,47,10.5,221,1019.2,97,24,91,68,0.0,0.0,43.6591,-70.2568,2021,3,9,5
2021-03-09 06:00:00,0.0,0.0,0.0,0.0,-1.2,50,11.0,221,1018.6,60,35,27,38,0.0,0.0,43.6591,-70.2568,2021,3,9,6
2021-03-09 07:00:00,0.0,0.0,0.0,0.0,-2.0,58,10.2,219,1018.0,91,32,90,2,0.0,0.0,43.6591,-70.2568,2021,3,9,7
2021-03-09 08:00:00,16.0,5.0,11.0,50.5,-0.7,52,10.2,247,1018.3,93,26,97,11,0.0,55.61,43.6591,-70.2568,2021,3,9,8
2021-03-09 09:00:00,36.0,3.0,33.0,12.1,0.1,53,9.3,254,1017.8,99,86,98,0,0.0,0.0,43.6591,-70.2568,2021,3,9,9
2021-03-09 10:00:00,116.0,11.0,105.0,27.1,2.2,53,9.4,277,1017.7,56,54,31,0,0.0,0.0,43.6591,-70.2568,2021,3,9,10
2021-03-09 11:00:00,450.0,313.0,137.0,585.4,6.7,45,11.0,289,1017.5,1,0,1,0,0.0,3600.0,43.6591,-70.2568,2021,3,9,11
2021-03-09 12:00:00,651.0,560.0,91.0,899.2,9.3,44,11.0,289,1017.3,7,5,6,0,0.0,3600.0,43.6591,-70.2568,2021,3,9,12
2021-03-09 13:00:00,691.0,585.0,106.0,879.7,10.1,44,14.3,295,1017.4,81,64,80,0,0.0,3600.0,43.6591,-70.2568,2021,3,9,13
2021-03-09 14:00:00,482.0,242.0,240.0,367.6,10.1,43,21.9,303,1017.4,77,67,75,0,0.0,3600.0,43.6591,-70.2568,2021,3,9,14
2021-03-09 15:00:00,300.0,111.0,189.0,184.0,8.4,48,19.2,300,1018.0,4,3,3,0,0.0,3600.0,43.6591,-70.2568,2021,3,9,15
2021-03-09 16:00:00,495.0,410.0,85.0,813.7,8.7,45,20.7,305,1018.6,0,0,0,0,0.0,3600.0,43.6591,-70.2568,2021,3,9,16
2021-03-09 17:00:00,343.0,272.0,71.0,742.0,7.7,49,18.5,303,1019.3,1,1,0,0,0.0,3600.0,43.6591,-70.2568,2021,3,9,17
2021-03-09 18:00:00,159.0,111.0,48.0,552.6,5.9,56,15.1,303,1020.6,1,1,0,0,0.0,3600.0,43.6591,-70.2568,2021,3,9,18
2021-03-09 19:00:00,19.0,10.0,9.0,134.1,3.1,67,12.5,309,1021.9,2,2,0,0,0.0,2129.04,43.6591,-70.2568,2021,3,9,19
2021-03-09 20:00:00,0.0,0.0,0.0,0.0,2.1,66,16.1,340,1023.7,4,4,2,0,0.0,0.0,43.6591,-70.2568,2021,3,9,20
2021-03-09 21:00:00,0.0,0.0,0.0,0.0,1.1,71,12.2,341,1024.4,1,1,0,0,0.0,0.0,43.6591,-70.2568,2021,3,9,21
2021-03-09 22:00:00,0.0,0.0,0.0,0.0,-0.0,77,10.2,337,1025.2,0,0,0,0,0.0,0.0,43.6591,-70.2568,2021,3,9,22
2021-03-09 23:00:00,0.0,0.0,0.0,0.0,-0.8,81,9.1,342,1026.1,0,0,0,0,0.0,0.0,43.6591,-70.2568,2021,3,9,23
2021-03-10 00:00:00,0.0,0.0,0.0,0.0,-1.2,81,8.1,339,1026.9,0,0,0,0,0.0,0.0,43.6591,-70.2568,2021,3,10,0
2021-03-10 01:00:00,0.0,0.0,0.0,0.0,-1.5,81,8.9,333,1027.6,0,0,0,0,0.0,0.0,43.6591,-70.2568,2021,3,10,1
2021-03-10 02:00:00,0.0,0.0,0.0,0.0,-2.0,81,9.4,313,1028.2,0,0,0,0,0.0,0.0,43.6591,-70.2568,2021,3,10,2
2021-03-10 03:00:00,0.0,0.0,0.0,0.0,-2.3,82,10.5,319,1028.5,0,0,0,0,0.0,0.0,43.6591,-70.2568,2021,3,10,3
2021-03-10 04:00:00,0.0,0.0,0.0,0.0,-2.6,82,11.2,327,1028.8,3,0,0,3,0.0,0.0,43.6591,-70.2568,2021,3,10,4
2021-03-10 05:00:00,0.0,0.0,0.0,0.0,-2.8,82,11.0,328,1029.2,87,0,0,87,0.0,0.0,43.6591,-70.2568,2021,3,10,5
2021-03-10 06:00:00,0.0,0.0,0.0,0.0,-3.1,82,9.6,326,1029.4,81,0,0,81,0.0,0.0,43.6591,-70.2568,2021,3,10,6
2021-03-10 07:00:00,0.0,0.0,0.0,0.0,-3.6,84,8.5,324,1030.0,78,0,0,78,0.0,0.0,43.6591,-70.2568,2021,3,10,7
2021-03-10 08:00:00,46.0,22.0,24.0,216.0,-1.9,79,5.7,342,1030.3,58,0,0,30,0.0,3210.44,43.6591,-70.2568,2021,3,10,8
2021-03-10 09:00:00,216.0,158.0,58.0,625.0,0.5,71,3.5,336,1031.3,5,0,0,5,0.0,3600.0,43.6591,-70.2568,2021,3,10,9
2021-03-10 10:00:00,397.0,323.0,74.0,783.9,3.0,64,1.1,108,1031.5,0,0,0,0,0.0,3600.0,43.6591,-70.2568,2021,3,10,10
2021-03-10 11:00:00,550.0,465.0,85.0,861.1,4.4,59,5.4,143,1031.3,18,0,0,18,0.0,3600.0,43.6591,-70.2568,2021,3,10,11
2021-03-10 12:00:00,657.0,565.0,92.0,899.6,5.1,58,9.0,143,1030.8,14,0,0,14,0.0,3600.0,43.6591,-70.2568,2021,3,10,12
2021-03-10 13:00:00,708.0,612.0,96.0,913.4,5.4,60,11.9,151,1030.4,33,0,0,33,0.0,3600.0,43.6591,-70.2568,2021,3,10,13
2021-03-10 14:00:00,701.0,608.0,93.0,916.7,5.6,62,13.8,160,1029.4,45,0,0,45,0.0,3600.0,43.6591,-70.2568,2021,3,10,14
2021-03-10 15:00:00,633.0,540.0,93.0,888.1,5.6,63,14.2,171,1028.8,37,0,0,37,0.0,3600.0,43.6591,-70.2568,2021,3,10,15
2021-03-10 16:00:00,513.0,430.0,83.0,845.9,5.4,65,14.4,177,1028.1,8,0,0,8,0.0,3600.0,43.6591,-70.2568,2021,3,10,16
2021-03-10 17:00:00,351.0,282.0,69.0,760.5,4.8,70,14.8,181,1027.3,30,0,0,30,0.0,3600.0,43.6591,-70.2568,2021,3,10,17
2021-03-10 18:00:00,167.0,119.0,48.0,580.7,3.6,78,13.0,186,1027.2,81,0,0,81,0.0,3600.0,43.6591,-70.2568,2021,3,10,18
2021-03-10 19:00:00,20.0,8.0,12.0,104.4,2.0,87,13.3,193,1027.1,46,0,0,46,0.0,1448.43,43.6591,-70.2568,2021,3,10,19
2021-03-10 20:00:00,0.0,0.0,0.0,0.0,1.9,92,14.3,192,1026.8,17,0,0,37,0.0,0.0,43.6591,-70.2568,2021,3,10,20
2021-03-10 21:00:00,0.0,0.0,0.0,0.0,2.2,92,13.7,194,1026.3,16,0,0,16,0.0,0.0,43.6591,-70.2568,2021,3,10,21
2021-03-10 22:00:00,0.0,0.0,0.0,0.0,2.3,92,13.6,202,1026.0,24,0,0,24,0.0,0.0,43.6591,-70.2568,2021,3,10,22
2021-03-10 23:00:00,0.0,0.0,0.0,0.0,2.0,92,13.8,208,1025.4,45,0,0,45,0.0,0.0,43.6591,-70.2568,2021,3,10,23
2021-03-11 00:00:00,0.0,0.0,0.0,0.0,1.4,90,13.0,214,1025.1,60,0,0,60,0.0,0.0,43.6591,-70.2568,2021,3,11,0
2021-03-11 01:00:00,0.0,0.0,0.0,0.0,1.0,90,14.6,213,1024.2,13,0,0,13,0.0,0.0,43.6591,-70.2568,2021,3,11,1
2021-03-11 02:00:00,0.0,0.0,0.0,0.0,0.8,89,16.3,215,1023.5,13,0,0,13,0.0,0.0,43.6591,-70.2568,2021,3,11,2
2021-03-11 03:00:00,0.0,0.0,0.0,0.0,0.8,87,16.3,221,1023.1,58,0,0,58,0.0,0.0,43.6591,-70.2568,2021,3,11,3
2021-03-11 04:00:00,0.0,0.0,0.0,0.0,1.1,88,16.4,220,1022.3,81,0,0,81,0.0,0.0,43.6591,-70.2568,2021,3,11,4
2021-03-11 05:00:00,0.0,0.0,0.0,0.0,1.4,90,16.4,220,1021.9,43,1,0,42,0.0,0.0,43.6591,-70.2568,2021,3,11,5
2021-03-11 06:00:00,0.0,0.0,0.0,0.0,1.5,93,16.5,216,1021.3,94,7,0,94,0.0,0.0,43.6591,-70.2568,2021,3,11,6
2021-03-11 07:00:00,0.0,0.0,0.0,0.0,1.7,94,15.9,218,1020.8,95,21,0,95,0.0,0.0,43.6591,-70.2568,2021,3,11,7
2021-03-11 08:00:00,39.0,11.0,28.0,105.1,3.0,91,14.6,220,1020.8,92,38,1,95,0.0,1875.28,43.6591,-70.2568,2021,3,11,8
2021-03-11 09:00:00,139.0,28.0,111.0,108.4,4.9,84,12.4,216,1020.5,90,1,19,90,0.0,1451.58,43.6591,-70.2568,2021,3,11,9
2021-03-11 10:00:00,294.0,129.0,165.0,308.9,7.4,75,12.6,217,1019.8,54,2,24,46,0.0,3600.0,43.6591,-70.2568,2021,3,11,10
2021-03-11 11:00:00,525.0,423.0,102.0,775.5,10.7,64,11.6,210,1018.6,90,3,89,4,0.0,3600.0,43.6591,-70.2568,2021,3,11,11
2021-03-11 12:00:00,629.0,508.0,121.0,802.2,13.0,58,11.6,196,1017.4,48,1,25,33,0.0,3600.0,43.6591,-70.2568,2021,3,11,12
2021-03-11 13:00:00,650.0,497.0,153.0,736.2,14.1,58,13.7,183,1016.3,21,0,6,17,0.0,3600.0,43.6591,-70.2568,2021,3,11,13
2021-03-11 14:00:00,655.0,539.0,116.0,806.8,14.9,59,13.4,186,1014.7,21,0,12,11,0.0,3600.0,43.6591,-70.2568,2021,3,11,14
2021-03-11 15:00:00,591.0,484.0,107.0,789.9,15.7,58,13.4,186,1013.7,66,0,66,0,0.0,3600.0,43.6591,-70.2568,2021,3,11,15
2021-03-11 16:00:00,409.0,239.0,170.0,466.1,15.4,62,12.4,188,1013.0,4,0,4,0,0.0,3600.0,43.6591,-70.2568,2021,3,11,16
2021-03-11 17:00:00,337.0,268.0,69.0,714.6,14.7,66,13.1,188,1012.2,0,0,0,0,0.0,3600.0,43.6591,-70.2568,2021,3,11,17
2021-03-11 18:00:00,162.0,115.0,47.0,550.3,13.2,68,14.6,196,1011.4,87,0,0,87,0.0,3600.0,43.6591,-70.2568,2021,3,11,18
2021-03-11 19:00:00,20.0,7.0,13.0,89.0,11.8,67,16.1,204,1010.9,93,0,0,93,0.0,1089.03,43.6591,-70.2568,2021,3,11,19
2021-03-11 20:00:00,0.0,0.0,0.0,0.0,10.0,68,18.3,202,1010.2,70,0,5,97,0.0,0.0,43.6591,-70.2568,2021,3,11,20
2021-03-11 21:00:00,0.0,0.0,0.0,0.0,12.1,58,21.5,220,1009.7,91,0,0,91,0.0,0.0,43.6591,-70.2568,2021,3,11,21
2021-03-11 22:00:00,0.0,0.0,0.0,0.0,12.5,55,21.0,218,1008.8,84,0,0,84,0.0,0.0,43.6591,-70.2568,2021,3,11,22
2021-03-11 23:00:00,0.0,0.0,0.0,0.0,11.7,59,19.4,211,1007.9,92,0,0,92,0.0,0.0,43.6591,-70.2568,2021,3,11,23
2021-03-12 00:00:00,0.0,0.0,0.0,0.0,12.0,58,18.1,221,1007.6,0,0,0,0,0.0,0.0,43.6591,-70.2568,2021,3,12,0
2021-03-12 01:00:00,0.0,0.0,0.0,0.0,12.3,59,18.3,223,1007.0,5,0,5,0,0.0,0.0,43.6591,-70.2568,2021,3,12,1
2021-03-12 02:00:00,0.0,0.0,0.0,0.0,12.3,60,17.1,229,1006.5,2,0,2,0,0.0,0.0,43.6591,-70.2568,2021,3,12,2
2021-03-12 03:00:00,0.0,0.0,0.0,0.0,12.0,64,18.1,235,1006.5,1,0,1,0,0.0,0.0,43.6591,-70.2568,2021,3,12,3
2021-03-12 04:00:00,0.0,0.0,0.0,0.0,13.2,64,20.5,252,1006.4,2,1,1,0,0.0,0.0,43.6591,-70.2568,2021,3,12,4
2021-03-12 05:00:00,0.0,0.0,0.0,0.0,12.3,69,20.7,253,1007.0,2,0,2,0,0.0,0.0,43.6591,-70.2568,2021,3,12,5
2021-03-12 06:00:00,0.0,0.0,0.0,0.0,12.1,60,26.5,263,1007.4,0,0,0,0,0.0,0.0,43.6591,-70.2568,2021,3,12,6
2021-03-12 07:00:00,0.0,0.0,0.0,0.0,10.7,53,23.6,262,1008.3,0,0,0,0,0.0,0.0,43.6591,-70.2568,2021,3,12,7
2021-03-12 08:00:00,57.0,37.0,20.0,344.2,11.7,34,26.0,264,1007.8,0,0,0,16,0.0,3421.3,43.6591,-70.2568,2021,3,12,8
2021-03-12 09:00:00,233.0,178.0,55.0,674.5,11.0,41,20.6,276,1008.9,88,0,0,88,0.0,3600.0,43.6591,-70.2568,2021,3,12,9
2021-03-12 10:00:00,377.0,247.0,130.0,583.8,10.8,39,22.6,292,1009.7,0,0,0,0,0.0,3600.0,43.6591,-70.2568,2021,3,12,10
2021-03-12 11:00:00,573.0,494.0,79.0,896.8,11.1,39,23.3,297,1009.7,0,0,0,0,0.0,3600.0,43.6591,-70.2568,2021,3,12,11
2021-03-12 12:00:00,680.0,596.0,84.0,933.4,11.8,37,20.3,290,1010.0,0,0,0,0,0.0,3600.0,43.6591,-70.2568,2021,3,12,12
2021-03-12 13:00:00,734.0,647.0,87.0,951.2,12.4,35,19.4,281,1009.9,0,0,0,0,0.0,3600.0,43.6591,-70.2568,2021,3,12,13
2021-03-12 14:00:00,726.0,639.0,87.0,949.6,12.6,34,19.8,272,1009.1,0,0,0,0,0.0,3600.0,43.6591,-70.2568,2021,3,12,14
2021-03-12 15:00:00,655.0,572.0,83.0,926.6,12.5,33,20.6,265,1008.3,0,0,0,0,0.0,3600.0,43.6591,-70.2568,2021,3,12,15
2021-03-12 16:00:00,531.0,455.0,76.0,879.8,12.4,30,22.1,263,1007.4,0,0,0,0,0.0,3600.0,43.6591,-70.2568,2021,3,12,16
2021-03-12 17:00:00,366.0,300.0,66.0,791.1,12.0,29,20.1,255,1006.3,0,0,0,0,0.0,3600.0,43.6591,-70.2568,2021,3,12,17
2021-03-12 18:00:00,180.0,133.0,47.0,624.4,10.8,31,20.1,255,1006.3,0,0,0,0,0.0,3600.0,43.6591,-70.2568,2021,3,12,18
2021-03-12 19:00:00,26.0,15.0,11.0,186.0,9.0,35,16.8,255,1006.2,0,0,0,0,0.0,2372.67,43.6591,-70.2568,2021,3,12,19
2021-03-12 20:00:00,0.0,0.0,0.0,0.0,8.2,35,18.0,267,1006.0,11,0,8,0,0.0,0.0,43.6591,-70.2568,2021,3,12,20
2021-03-12 21:00:00,0.0,0.0,0.0,0.0,8.6,28,27.4,270,1006.4,1,0,1,0,0.0,0.0,43.6591,-70.2568,2021,3,12,21
2021-03-12 22:00:00,0.0,0.0,0.0,0.0,7.5,34,19.1,273,1006.1,20,0,20,0,0.0,0.0,43.6591,-70.2568,2021,3,12,22
2021-03-12 23:00:00,0.0,0.0,0.0,0.0,6.3,42,20.3,282,1005.8,0,0,0,0,0.0,0.0,43.6591,-70.2568,2021,3,12,23
2021-03-13 00:00:00,0.0,0.0,0.0,0.0,5.1,47,21.5,280,1005.7,10,0,10,0,0.0,0.0,43.6591,-70.2568,2021,3,13,0
2021-03-13 01:00:00,0.0,0.0,0.0,0.0,3.9,53,21.3,292,1006.0,2,1,2,0,0.0,0.0,43.6591,-70.2568,2021,3,13,1
2021-03-13 02:00:00,0.0,0.0,0.0,0.0,2.4,53,26.9,290,1006.7,43,41,26,0,0.0,0.0,43.6591,-70.2568,2021,3,13,2
2021-03-13 03:00:00,0.0,0.0,0.0,0.0,0.7,52,27.4,297,1007.6,33,0,33,0,0.0,0.0,43.6591,-70.2568,2021,3,13,3
2021-03-13 04:00:00,0.0,0.0,0.0,0.0,-1.0,50,29.5,298,1008.3,11,10,0,0,0.0,0.0,43.6591,-70.2568,2021,3,13,4
2021-03-13 05:00:00,0.0,0.0,0.0,0.0,-2.2,54,26.1,303,1009.5,21,21,0,0,0.0,0.0,43.6591,-70.2568,2021,3,13,5
2021-03-13 06:00:00,0.0,0.0,0.0,0.0,-2.0,55,26.1,308,1010.7,0,0,0,0,0.0,0.0,43.6591,-70.2568,2021,3,13,6
2021-03-13 07:00:00,0.0,0.0,0.0,0.0,-2.2,58,27.0,312,1012.2,0,0,0,0,0.0,0.0,43.6591,-70.2568,2021,3,13,7
2021-03-13 08:00:00,62.0,39.0,23.0,353.4,-1.9,54,22.0,308,1014.2,0,1,0,0,0.0,3528.12,43.6591,-70.2568,2021,3,13,8
2021-03-13 09:00:00,243.0,185.0,58.0,686.4,-1.3,49,25.9,309,1014.7,33,33,0,0,0.0,3600.0,43.6591,-70.2568,2021,3,13,9
2021-03-13 10:00:00,420.0,340.0,80.0,793.2,-0.6,47,25.5,315,1015.2,1,1,0,0,0.0,3600.0,43.6591,-70.2568,2021,3,13,10
2021-03-13 11:00:00,584.0,499.0,85.0,897.0,0.7,43,22.9,315,1015.2,1,1,0,0,0.0,3600.0,43.6591,-70.2568,2021,3,13,11
2021-03-13 12:00:00,694.0,604.0,90.0,938.1,2.1,40,19.5,308,1015.2,1,1,0,0,0.0,3600.0,43.6591,-70.2568,2021,3,13,12
2021-03-13 13:00:00,745.0,654.0,91.0,954.4,3.5,38,17.2,303,1014.7,0,0,0,0,0.0,3600.0,43.6591,-70.2568,2021,3,13,13
2021-03-13 14:00:00,736.0,647.0,89.0,954.6,4.7,34,16.6,300,1013.7,0,0,0,0,0.0,3600.0,43.6591,-70.2568,2021,3,13,14
2021-03-13 15:00:00,664.0,579.0,85.0,931.0,5.0,32,16.1,294,1013.0,33,0,0,33,0.0,3600.0,43.6591,-70.2568,2021,3,13,15
2021-03-13 16:00:00,529.0,434.0,95.0,832.2,4.4,33,17.9,279,1012.8,33,0,6,31,0.0,3600.0,43.6591,-70.2568,2021,3,13,16
2021-03-13 17:00:00,361.0,280.0,81.0,730.3,3.7,34,17.7,275,1012.4,19,0,0,19,0.0,3600.0,43.6591,-70.2568,2021,3,13,17
2021-03-13 18:00:00,179.0,125.0,54.0,576.0,2.5,37,16.6,271,1012.5,12,0,0,12,0.0,3600.0,43.6591,-70.2568,2021,3,13,18
2021-03-13 19:00:00,27.0,15.0,12.0,181.5,0.8,39,14.8,270,1013.0,0,0,0,0,0.0,2446.96,43.6591,-70.2568,2021,3,13,19
2021-03-13 20:00:00,0.0,0.0,0.0,0.0,-0.1,47,11.2,272,1012.0,0,0,15,60,0.0,0.0,43.6591,-70.2568,2021,3,13,20
2021-03-13 21:00:00,0.0,0.0,0.0,0.0,-0.8,53,7.9,313,1011.4,26,0,16,13,0.0,0.0,43.6591,-70.2568,2021,3,13,21
2021-03-13 22:00:00,0.0,0.0,0.0,0.0,-1.7,61,5.4,318,1010.8,0,0,0,0,0.0,0.0,43.6591,-70.2568,2021,3,13,22
2021-03-13 23:00:00,0.0,0.0,0.0,0.0,-2.7,66,5.3,298,1010.3,22,0,22,0,0.0,0.0,43.6591,-70.2568,2021,3,13,23
2021-03-14 00:00:00,0.0,0.0,0.0,0.0,-3.3,68,7.3,281,1009.8,99,0,99,0,0.0,0.0,43.6591,-70.2568,2021,3,14,0
2021-03-14 01:00:00,0.0,0.0,0.0,0.0,-2.0,59,9.0,270,1009.3,54,32,49,0,0.0,0.0,43.6591,-70.2568,2021,3,14,1
2021-03-14 02:00:00,0.0,0.0,0.0,0.0,-2.3,55,10.1,268,1008.9,39,9,36,0,0.0,0.0,43.6591,-70.2568,2021,3,14,2
2021-03-14 03:00:00,0.0,0.0,0.0,0.0,-2.6,56,11.0,251,1008.4,80,80,4,0,0.0,0.0,43.6591,-70.2568,2021,3,14,3
2021-03-14 04:00:00,0.0,0.0,0.0,0.0,-2.9,58,12.4,248,1007.8,80,80,0,0,0.0,0.0,43.6591,-70.2568,2021,3,14,4
2021-03-14 05:00:00,0.0,0.0,0.0,0.0,-3.2,63,12.9,252,1007.2,88,88,0,0,0.0,0.0,43.6591,-70.2568,2021,3,14,5
2021-03-14 06:00:00,0.0,0.0,0.0,0.0,-3.4,68,12.0,261,1007.1,87,87,0,0,0.0,0.0,43.6591,-70.2568,2021,3,14,6
2021-03-14 07:00:00,0.0,0.0,0.0,0.0,-3.9,73,11.9,270,1006.8,2,2,0,0,0.0,0.0,43.6591,-70.2568,2021,3,14,7
2021-03-14 08:00:00,66.0,41.0,25.0,362.1,-1.6,66,13.7,267,1006.4,0,0,0,0,0.0,3600.0,43.6591,-70.2568,2021,3,14,8
2021-03-14 09:00:00,247.0,188.0,59.0,683.2,1.1,56,14.5,277,1006.2,5,0,5,0,0.0,3600.0,43.6591,-70.2568,2021,3,14,9
2021-03-14 10:00:00,430.0,354.0,76.0,815.3,2.4,48,22.1,296,1006.0,12,11,5,0,0.0,3600.0,43.6591,-70.2568,2021,3,14,10
2021-03-14 11:00:00,525.0,390.0,135.0,694.3,2.8,46,22.3,301,1005.8,35,7,33,0,0.0,3600.0,43.6591,-70.2568,2021,3,14,11
2021-03-14 12:00:00,548.0,405.0,143.0,623.9,3.2,41,22.3,304,1005.1,29,13,28,0,0.0,3600.0,43.6591,-70.2568,2021,3,14,12
2021-03-14 13:00:00,659.0,504.0,155.0,730.1,3.5,37,24.6,302,1004.7,43,1,43,0,0.1,3600.0,43.6591,-70.2568,2021,3,14,13
2021-03-14 14:00:00,565.0,402.0,163.0,588.9,3.4,38,22.4,314,1004.2,58,2,58,0,0.0,3600.0,43.6591,-70.2568,2021,3,14,14
2021-03-14 15:00:00,529.0,355.0,174.0,566.6,2.1,41,26.3,318,1004.5,96,4,95,0,0.1,3600.0,43.6591,-70.2568,2021,3,14,15
2021-03-14 16:00:00,264.0,81.0,183.0,154.0,0.2,38,29.0,315,1005.0,48,12,48,0,0.0,2820.71,43.6591,-70.2568,2021,3,14,16
2021-03-14 17:00:00,311.0,195.0,116.0,503.1,-1.4,42,30.0,327,1006.0,36,8,33,0,0.0,3600.0,43.6591,-70.2568,2021,3,14,17
2021-03-14 18:00:00,165.0,96.0,69.0,434.3,-3.0,41,27.7,325,1007.2,9,0,9,0,0.0,3600.0,43.6591,-70.2568,2021,3,14,18
2021-03-14 19:00:00,29.0,16.0,13.0,189.0,-4.2,43,26.2,326,1008.5,5,2,4,0,0.0,2521.05,43.6591,-70.2568,2021,3,14,19
2021-03-14 20:00:00,0.0,0.0,0.0,0.0,-5.1,45,27.2,323,1010.8,0,1,0,0,0.0,0.0,43.6591,-70.2568,2021,3,14,20
2021-03-14 21:00:00,0.0,0.0,0.0,0.0,-6.0,46,26.7,323,1011.5,0,0,0,0,0.0,0.0,43.6591,-70.2568,2021,3,14,21
2021-03-14 22:00:00,0.0,0.0,0.0,0.0,-6.6,47,26.2,326,1012.4,1,1,0,0,0.0,0.0,43.6591,-70.2568,2021,3,14,22
2021-03-14 23:00:00,0.0,0.0,0.0,0.0,-7.2,44,26.9,328,1013.2,2,2,0,0,0.0,0.0,43.6591,-70.2568,2021,3,14,23
2021-03-15 00:00:00,0.0,0.0,0.0,0.0,-8.3,43,27.0,329,1013.7,1,1,0,0,0.0,0.0,43.6591,-70.2568,2021,3,15,0
2021-03-15 01:00:00,0.0,0.0,0.0,0.0,-8.9,43,24.5,332,1014.2,100,100,1,0,0.0,0.0,43.6591,-70.2568,2021,3,15,1
2021-03-15 02:00:00,0.0,0.0,0.0,0.0,-9.4,41,24.5,336,1014.5,100,100,33,0,0.0,0.0,43.6591,-70.2568,2021,3,15,2
2021-03-15 03:00:00,0.0,0.0,0.0,0.0,-9.8,37,27.4,335,1015.1,100,100,26,0,0.0,0.0,43.6591,-70.2568,2021,3,15,3
2021-03-15 04:00:00,0.0,0.0,0.0,0.0,-10.4,37,27.5,334,1015.3,99,99,17,0,0.0,0.0,43.6591,-70.2568,2021,3,15,4
2021-03-15 05:00:00,0.0,0.0,0.0,0.0,-11.3,38,27.7,334,1015.9,97,97,8,0,0.0,0.0,43.6591,-70.2568,2021,3,15,5
2021-03-15 06:00:00,0.0,0.0,0.0,0.0,-12.1,37,27.7,332,1016.6,0,0,0,0,0.0,0.0,43.6591,-70.2568,2021,3,15,6
2021-03-15 07:00:00,0.0,0.0,0.0,0.0,-12.7,36,28.5,332,1017.4,94,94,0,0,0.0,0.0,43.6591,-70.2568,2021,3,15,7
2021-03-15 08:00:00,72.0,42.0,30.0,361.7,-12.2,39,26.1,327,1018.9,90,0,0,0,0.0,3600.0,43.6591,-70.2568,2021,3,15,8
2021-03-15 09:00:00,263.0,201.0,62.0,715.7,-11.9,36,29.2,327,1019.4,0,0,0,0,0.0,3600.0,43.6591,-70.2568,2021,3,15,9
2021-03-15 10:00:00,455.0,376.0,79.0,854.9,-11.4,33,28.3,329,1019.7,0,0,0,0,0.0,3600.0,43.6591,-70.2568,2021,3,15,10
2021-03-15 11:00:00,615.0,526.0,89.0,927.4,-10.5,30,28.8,326,1019.6,0,0,0,0,0.0,3600.0,43.6591,-70.2568,2021,3,15,11
2021-03-15 12:00:00,726.0,634.0,92.0,968.9,-9.6,27,27.9,324,1019.4,0,0,0,0,0.0,3600.0,43.6591,-70.2568,2021,3,15,12
2021-03-15 13:00:00,778.0,685.0,93.0,985.1,-8.6,25,28.1,324,1019.1,0,0,0,0,0.0,3600.0,43.6591,-70.2568,2021,3,15,13
2021-03-15 14:00:00,768.0,675.0,93.0,981.9,-7.7,24,27.3,324,1018.4,0,0,0,0,0.0,3600.0,43.6591,-70.2568,2021,3,15,14
2021-03-15 15:00:00,695.0,608.0,87.0,963.4,-6.9,24,27.2,325,1017.9,0,0,0,0,0.0,3600.0,43.6591,-70.2568,2021,3,15,15
2021-03-15 16:00:00,567.0,487.0,80.0,918.5,-6.7,24,26.7,328,1018.2,0,0,0,0,0.0,3600.0,43.6591,-70.2568,2021,3,15,16
2021-03-15 17:00:00,396.0,326.0,70.0,832.2,-7.0,25,24.8,327,1018.5,0,0,0,0,0.0,3600.0,43.6591,-70.2568,2021,3,15,17
2021-03-15 18:00:00,199.0,149.0,50.0,662.1,-7.7,28,22.3,326,1019.5,0,0,0,0,0.0,3600.0,43.6591,-70.2568,2021,3,15,18
2021-03-15 19:00:00,32.0,19.0,13.0,219.3,-8.5,32,19.8,327,1020.7,0,0,0,0,0.0,2594.97,43.6591,-70.2568,2021,3,15,19
2021-03-15 20:00:00,0.0,0.0,0.0,0.0,-9.0,33,22.2,324,1021.9,0,0,0,0,0.0,0.0,43.6591,-70.2568,2021,3,15,20
2021-03-15 21:00:00,0.0,0.0,0.0,0.0,-9.3,36,19.7,322,1021.8,0,0,0,0,0.0,0.0,43.6591,-70.2568,2021,3,15,21
2021-03-15 22:00:00,0.0,0.0,0.0,0.0,-9.4,38,17.8,313,1022.5,0,0,0,0,0.0,0.0,43.6591,-70.2568,2021,3,15,22
2021-03-15 23:00:00,0.0,0.0,0.0,0.0,-9.4,39,16.5,314,1022.4,0,0,0,0,0.0,0.0,43.6591,-70.2568,2021,3,15,23
2021-03-16 00:00:00,0.0,0.0,0.0,0.0,-9.3,38,16.0,314,1022.0,0,0,0,0,0.0,0.0,43.6591,-70.2568,2021,3,16,0
2021-03-16 01:00:00,0.0,0.0,0.0,0.0,-9.2,38,13.8,317,1021.5,0,0,0,0,0.0,0.0,43.6591,-70.2568,2021,3,16,1
2021-03-16 02:00:00,0.0,0.0,0.0,0.0,-9.0,38,13.0,321,1021.7,0,0,0,0,0.0,0.0,43.6591,-70.2568,2021,3,16,2
2021-03-16 03:00:00,0.0,0.0,0.0,0.0,-8.8,38,13.8,319,1022.1,0,0,0,0,0.0,0.0,43.6591,-70.2568,2021,3,16,3
2021-03-16 04:00:00,0.0,0.0,0.0,0.0,-8.8,39,11.5,309,1022.2,0,0,0,0,0.0,0.0,43.6591,-70.2568,2021,3,16,4
2021-03-16 05:00:00,0.0,0.0,0.0,0.0,-8.8,39,10.2,302,1022.4,0,0,0,0,0.0,0.0,43.6591,-70.2568,2021,3,16,5
2021-03-16 06:00:00,0.0,0.0,0.0,0.0,-8.9,39,9.8,306,1022.7,0,0,0,0,0.0,0.0,43.6591,-70.2568,2021,3,16,6
2021-03-16 07:00:00,0.0,0.0,0.0,0.0,-8.9,39,9.6,304,1023.1,0,0,0,0,0.0,0.0,43.6591,-70.2568,2021,3,16,7
2021-03-16 08:00:00,76.0,50.0,26.0,420.1,-8.4,35,9.9,289,1023.5,31,0,0,8,0.0,3600.0,43.6591,-70.2568,2021,3,16,8
2021-03-16 09:00:00,260.0,202.0,58.0,705.0,-5.9,27,10.7,310,1023.2,6,0,0,6,0.0,3600.0,43.6591,-70.2568,2021,3,16,9
2021-03-16 10:00:00,447.0,373.0,74.0,837.5,-3.9,21,12.1,330,1022.7,55,0,0,55,0.0,3600.0,43.6591,-70.2568,2021,3,16,10
2021-03-16 11:00:00,596.0,500.0,96.0,873.2,-2.1,19,9.7,333,1022.3,87,0,0,87,0.0,3600.0,43.6591,-70.2568,2021,3,16,11
2021-03-16 12:00:00,708.0,617.0,91.0,935.4,-0.3,18,7.3,327,1021.2,66,0,0,66,0.0,3600.0,43.6591,-70.2568,2021,3,16,12
2021-03-16 13:00:00,718.0,553.0,165.0,789.6,1.1,17,6.5,289,1020.4,86,0,0,86,0.0,3600.0,43.6591,-70.2568,2021,3,16,13
2021-03-16 14:00:00,657.0,418.0,239.0,603.9,2.3,16,3.6,264,1018.9,93,0,0,93,0.0,3600.0,43.6591,-70.2568,2021,3,16,14
2021-03-16 15:00:00,499.0,227.0,272.0,357.1,1.5,22,11.4,169,1018.6,99,0,0,99,0.0,3600.0,43.6591,-70.2568,2021,3,16,15
2021-03-16 16:00:00,444.0,221.0,223.0,413.4,0.5,38,16.1,170,1018.3,92,0,0,92,0.0,3600.0,43.6591,-70.2568,2021,3,16,16
2021-03-16 17:00:00,339.0,216.0,123.0,545.7,0.0,37,16.3,175,1017.7,6,0,0,6,0.0,3600.0,43.6591,-70.2568,2021,3,16,17
2021-03-16 18:00:00,190.0,133.0,57.0,580.8,-1.0,43,14.9,187,1017.6,16,0,0,16,0.0,3600.0,43.6591,-70.2568,2021,3,16,18
2021-03-16 19:00:00,32.0,17.0,15.0,191.9,-2.1,53,14.0,203,1017.6,73,0,0,73,0.0,2668.7,43.6591,-70.2568,2021,3,16,19
2021-03-16 20:00:00,0.0,0.0,0.0,0.0,-2.8,58,12.8,218,1017.5,70,0,0,59,0.0,0.0,43.6591,-70.2568,2021,3,16,20
2021-03-16 21:00:00,0.0,0.0,0.0,0.0,-3.0,60,10.9,226,1017.8,55,0,0,55,0.0,0.0,43.6591,-70.2568,2021,3,16,21
2021-03-16 22:00:00,0.0,0.0,0.0,0.0,-2.9,64,10.4,226,1017.9,42,0,0,42,0.0,0.0,43.6591,-70.2568,2021,3,16,22
2021-03-16 23:00:00,0.0,0.0,0.0,0.0,-2.8,67,10.7,225,1017.8,45,0,6,42,0.0,0.0,43.6591,-70.2568,2021,3,16,23
2021-03-17 00:00:00,0.0,0.0,0.0,0.0,-3.0,66,9.8,234,1017.5,47,0,6,45,0.0,0.0,43.6591,-70.2568,2021,3,17,0
2021-03-17 01:00:00,0.0,0.0,0.0,0.0,-3.4,58,9.2,239,1017.3,17,0,0,17,0.0,0.0,43.6591,-70.2568,2021,3,17,1
2021-03-17 02:00:00,0.0,0.0,0.0,0.0,-3.6,50,9.3,234,1017.0,2,0,0,2,0.0,0.0,43.6591,-70.2568,2021,3,17,2
2021-03-17 03:00:00,0.0,0.0,0.0,0.0,-3.6,47,9.1,236,1016.8,0,0,0,0,0.0,0.0,43.6591,-70.2568,2021,3,17,3
2021-03-17 04:00:00,0.0,0.0,0.0,0.0,-3.7,46,8.8,251,1016.5,0,0,0,0,0.0,0.0,43.6591,-70.2568,2021,3,17,4
2021-03-17 05:00:00,0.0,0.0,0.0,0.0,-3.8,48,8.3,270,1016.8,0,0,0,0,0.0,0.0,43.6591,-70.2568,2021,3,17,5
2021-03-17 06:00:00,0.0,0.0,0.0,0.0,-4.0,51,8.0,275,1017.2,0,0,0,0,0.0,0.0,43.6591,-70.2568,2021,3,17,6
2021-03-17 07:00:00,0.0,0.0,0.0,0.0,-4.0,53,8.8,289,1017.6,0,0,0,0,0.0,0.0,43.6591,-70.2568,2021,3,17,7
2021-03-17 08:00:00,78.0,51.0,27.0,418.2,-2.8,39,6.1,298,1018.1,0,0,0,0,0.0,3600.0,43.6591,-70.2568,2021,3,17,8
2021-03-17 09:00:00,260.0,201.0,59.0,687.8,1.0,31,2.6,304,1018.0,0,0,0,0,0.0,3600.0,43.6591,-70.2568,2021,3,17,9
2021-03-17 10:00:00,443.0,369.0,74.0,818.2,4.3,24,2.6,164,1018.1,0,0,0,0,0.0,3600.0,43.6591,-70.2568,2021,3,17,10
2021-03-17 11:00:00,596.0,513.0,83.0,887.5,6.6,21,5.0,150,1017.6,0,0,0,0,0.0,3600.0,43.6591,-70.2568,2021,3,17,11
2021-03-17 12:00:00,702.0,614.0,88.0,923.6,8.0,21,8.7,150,1016.9,0,0,0,0,0.0,3600.0,43.6591,-70.2568,2021,3,17,12
2021-03-17 13:00:00,751.0,662.0,89.0,938.5,8.3,24,11.4,152,1016.3,0,0,0,0,0.0,3600.0,43.6591,-70.2568,2021,3,17,13
2021-03-17 14:00:00,740.0,651.0,89.0,934.1,8.3,30,12.6,156,1015.7,0,0,0,0,0.0,3600.0,43.6591,-70.2568,2021,3,17,14
2021-03-17 15:00:00,670.0,584.0,86.0,912.3,7.9,36,13.8,165,1015.7,0,0,0,0,0.0,3600.0,43.6591,-70.2568,2021,3,17,15
2021-03-17 16:00:00,546.0,467.0,79.0,866.7,6.8,42,14.6,164,1014.7,0,0,0,0,0.0,3600.0,43.6591,-70.2568,2021,3,17,16
2021-03-17 17:00:00,381.0,312.0,69.0,780.1,5.7,55,14.1,177,1014.2,0,0,0,0,0.0,3600.0,43.6591,-70.2568,2021,3,17,17
2021-03-17 18:00:00,193.0,143.0,50.0,613.8,4.1,74,13.6,191,1015.1,0,0,0,0,0.0,3600.0,43.6591,-70.2568,2021,3,17,18
2021-03-17 19:00:00,34.0,19.0,15.0,209.8,2.0,90,14.2,196,1015.7,97,0,0,97,0.0,2742.26,43.6591,-70.2568,2021,3,17,19
2021-03-17 20:00:00,0.0,0.0,0.0,0.0,1.9,93,14.3,198,1016.0,99,0,1,100,0.0,0.0,43.6591,-70.2568,2021,3,17,20
2021-03-17 21:00:00,0.0,0.0,0.0,0.0,2.2,92,12.1,192,1015.5,98,0,0,98,0.0,0.0,43.6591,-70.2568,2021,3,17,21
2021-03-17 22:00:00,0.0,0.0,0.0,0.0,2.6,91,14.2,201,1014.9,98,0,0,98,0.0,0.0,43.6591,-70.2568,2021,3,17,22
2021-03-17 23:00:00,0.0,0.0,0.0,0.0,2.6,91,14.2,210,1014.7,99,0,1,99,0.0,0.0,43.6591,-70.2568,2021,3,17,23
2021-03-18 00:00:00,0.0,0.0,0.0,0.0,1.6,93,11.7,223,1014.1,100,0,1,100,0.0,0.0,43.6591,-70.2568,2021,3,18,0
2021-03-18 01:00:00,0.0,0.0,0.0,0.0,1.0,94,12.3,218,1013.1,97,0,11,96,0.0,0.0,43.6591,-70.2568,2021,3,18,1
2021-03-18 02:00:00,0.0,0.0,0.0,0.0,0.9,93,13.0,231,1013.5,16,0,0,16,0.0,0.0,43.6591,-70.2568,2021,3,18,2
2021-03-18 03:00:00,0.0,0.0,0.0,0.0,0.4,95,13.3,213,1013.4,90,0,39,87,0.0,0.0,43.6591,-70.2568,2021,3,18,3
2021-03-18 04:00:00,0.0,0.0,0.0,0.0,0.4,95,12.3,218,1012.7,83,0,77,68,0.0,0.0,43.6591,-70.2568,2021,3,18,4
2021-03-18 05:00:00,0.0,0.0,0.0,0.0,0.7,93,13.0,214,1012.1,7,0,5,3,0.0,0.0,43.6591,-70.2568,2021,3,18,5
2021-03-18 06:00:00,0.0,0.0,0.0,0.0,0.1,96,12.5,231,1012.1,99,0,85,93,0.0,0.0,43.6591,-70.2568,2021,3,18,6
2021-03-18 07:00:00,1.0,0.0,1.0,0.0,0.2,95,10.0,232,1011.9,100,0,2,100,0.0,0.0,43.6591,-70.2568,2021,3,18,7
2021-03-18 08:00:00,71.0,29.0,42.0,232.3,2.6,86,9.7,225,1011.6,100,5,98,100,0.0,3600.0,43.6591,-70.2568,2021,3,18,8
2021-03-18 09:00:00,65.0,1.0,64.0,3.4,3.6,82,7.4,227,1011.6,100,2,97,100,0.0,0.0,43.6591,-70.2568,2021,3,18,9
2021-03-18 10:00:00,165.0,15.0,150.0,32.9,5.8,74,5.9,223,1011.4,100,0,98,100,0.0,0.0,43.6591,-70.2568,2021,3,18,10
2021-03-18 11:00:00,196.0,15.0,181.0,25.7,7.1,71,5.9,218,1011.3,100,0,100,100,0.0,0.0,43.6591,-70.2568,2021,3,18,11
2021-03-18 12:00:00,189.0,12.0,177.0,17.9,7.4,74,4.4,215,1011.5,100,0,100,100,0.2,0.0,43.6591,-70.2568,2021,3,18,12
2021-03-18 13:00:00,198.0,5.0,193.0,7.0,7.2,90,3.5,204,1011.2,100,0,100,100,0.5,0.0,43.6591,-70.2568,2021,3,18,13
2021-03-18 14:00:00,306.0,32.0,274.0,45.6,8.0,85,3.3,276,1010.0,100,11,100,100,0.3,0.0,43.6591,-70.2568,2021,3,18,14
2021-03-18 15:00:00,160.0,1.0,159.0,1.6,7.7,89,1.8,270,1009.4,100,7,100,100,0.2,0.0,43.6591,-70.2568,2021,3,18,15
2021-03-18 16:00:00,145.0,2.0,143.0,3.7,7.4,100,3.9,158,1009.4,100,81,100,100,0.5,0.0,43.6591,-70.2568,2021,3,18,16
2021-03-18 17:00:00,74.0,0.0,74.0,0.0,6.7,100,1.1,90,1009.1,100,90,100,100,0.7,0.0,43.6591,-70.2568,2021,3,18,17
2021-03-18 18:00:00,33.0,0.0,33.0,0.0,5.5,100,5.4,37,1009.0,100,100,100,100,0.9,0.0,43.6591,-70.2568,2021,3,18,18
2021-03-18 19:00:00,7.0,0.0,7.0,0.0,4.3,100,5.4,42,1009.0,100,28,100,99,0.7,0.0,43.6591,-70.2568,2021,3,18,19
2021-03-18 20:00:00,0.0,0.0,0.0,0.0,4.4,96,9.3,344,1009.5,100,59,100,100,0.4,0.0,43.6591,-70.2568,2021,3,18,20
2021-03-18 21:00:00,0.0,0.0,0.0,0.0,3.3,99,17.8,353,1009.8,100,2,100,99,0.6,0.0,43.6591,-70.2568,2021,3,18,21
2021-03-18 22:00:00,0.0,0.0,0.0,0.0,2.4,100,16.8,351,1009.8,100,0,100,93,0.4,0.0,43.6591,-70.2568,2021,3,18,22
2021-03-18 23:00:00,0.0,0.0,0.0,0.0,2.2,91,19.3,346,1009.9,100,0,99,100,0.2,0.0,43.6591,-70.2568,2021,3,18,23
2021-03-19 00:00:00,0.0,0.0,0.0,0.0,1.3,87,19.1,356,1009.5,99,1,94,99,0.1,0.0,43.6591,-70.2568,2021,3,19,0
2021-03-19 01:00:00,0.0,0.0,0.0,0.0,0.3,71,19.9,354,1010.2,100,5,83,98,0.0,0.0,43.6591,-70.2568,2021,3,19,1
2021-03-19 02:00:00,0.0,0.0,0.0,0.0,-0.4,53,23.4,360,1010.3,100,0,78,100,0.0,0.0,43.6591,-70.2568,2021,3,19,2
2021-03-19 03:00:00,0.0,0.0,0.0,0.0,-1.9,50,24.5,1,1011.4,100,0,21,100,0.0,0.0,43.6591,-70.2568,2021,3,19,3
2021-03-19 04:00:00,0.0,0.0,0.0,0.0,-3.5,50,25.2,1,1012.0,100,0,4,100,0.0,0.0,43.6591,-70.2568,2021,3,19,4
2021-03-19 05:00:00,0.0,0.0,0.0,0.0,-4.9,53,24.3,353,1013.1,100,0,10,100,0.0,0.0,43.6591,-70.2568,2021,3,19,5
2021-03-19 06:00:00,0.0,0.0,0.0,0.0,-5.7,52,22.6,352,1013.9,82,2,18,80,0.0,0.0,43.6591,-70.2568,2021,3,19,6
2021-03-19 07:00:00,1.0,0.0,1.0,0.0,-6.9,54,20.9,357,1015.1,53,0,38,50,0.0,0.0,43.6591,-70.2568,2021,3,19,7
2021-03-19 08:00:00,83.0,43.0,40.0,336.6,-6.1,42,24.0,347,1016.5,70,0,6,40,0.0,3600.0,43.6591,-70.2568,2021,3,19,8
2021-03-19 09:00:00,279.0,208.0,71.0,685.1,-5.8,42,25.0,354,1017.5,76,0,0,76,0.0,3600.0,43.6591,-70.2568,2021,3,19,9
2021-03-19 10:00:00,455.0,341.0,114.0,737.9,-4.7,40,24.5,350,1018.2,1,0,0,1,0.0,3600.0,43.6591,-70.2568,2021,3,19,10
2021-03-19 11:00:00,635.0,546.0,89.0,927.2,-3.1,36,23.6,344,1018.8,0,0,0,0,0.0,3600.0,43.6591,-70.2568,2021,3,19,11
2021-03-19 12:00:00,746.0,656.0,90.0,971.6,-1.4,32,22.3,346,1019.1,0,0,0,0,0.0,3600.0,43.6591,-70.2568,2021,3,19,12
2021-03-19 13:00:00,796.0,705.0,91.0,985.7,0.2,29,21.2,342,1019.2,0,0,0,0,0.0,3600.0,43.6591,-70.2568,2021,3,19,13
2021-03-19 14:00:00,784.0,695.0,89.0,984.0,1.1,27,21.7,341,1018.7,0,0,0,0,0.0,3600.0,43.6591,-70.2568,2021,3,19,14
2021-03-19 15:00:00,711.0,625.0,86.0,963.0,1.8,26,21.2,339,1018.8,0,0,0,0,0.0,3600.0,43.6591,-70.2568,2021,3,19,15
2021-03-19 16:00:00,582.0,503.0,79.0,919.1,2.0,26,20.0,337,1019.5,0,0,0,0,0.0,3600.0,43.6591,-70.2568,2021,3,19,16
2021-03-19 17:00:00,410.0,341.0,69.0,835.7,1.7,27,18.2,333,1020.1,0,0,0,0,0.0,3600.0,43.6591,-70.2568,2021,3,19,17
2021-03-19 18:00:00,215.0,163.0,52.0,676.8,0.9,31,14.0,325,1021.0,0,0,0,0,0.0,3600.0,43.6591,-70.2568,2021,3,19,18
2021-03-19 19:00:00,41.0,26.0,15.0,275.2,-1.5,38,10.2,328,1022.2,0,0,0,0,0.0,2888.81,43.6591,-70.2568,2021,3,19,19
2021-03-19 20:00:00,0.0,0.0,0.0,0.0,-2.0,38,10.6,325,1022.4,0,0,0,0,0.0,0.0,43.6591,-70.2568,2021,3,19,20
2021-03-19 21:00:00,0.0,0.0,0.0,0.0,-1.6,35,12.2,341,1023.3,0,0,0,0,0.0,0.0,43.6591,-70.2568,2021,3,19,21
2021-03-19 22:00:00,0.0,0.0,0.0,0.0,-2.4,37,12.7,352,1024.1,0,0,0,0,0.0,0.0,43.6591,-70.2568,2021,3,19,22
2021-03-19 23:00:00,0.0,0.0,0.0,0.0,-3.4,43,10.6,336,1024.8,0,0,0,0,0.0,0.0,43.6591,-70.2568,2021,3,19,23
2021-03-20 00:00:00,0.0,0.0,0.0,0.0,-4.2,49,8.2,331,1025.4,0,0,0,0,0.0,0.0,43.6591,-70.2568,2021,3,20,0
2021-03-20 01:00:00,0.0,0.0,0.0,0.0,-4.6,54,7.9,294,1025.9,0,0,0,0,0.0,0.0,43.6591,-70.2568,2021,3,20,1
2021-03-20 02:00:00,0.0,0.0,0.0,0.0,-4.8,57,5.9,281,1026.0,0,0,0,0,0.0,0.0,43.6591,-70.2568,2021,3,20,2
2021-03-20 03:00:00,0.0,0.0,0.0,0.0,-5.0,57,7.7,259,1025.8,0,0,0,0,0.0,0.0,43.6591,-70.2568,2021,3,20,3
2021-03-20 04:00:00,0.0,0.0,0.0,0.0,-4.9,53,8.7,253,1025.7,0,0,0,0,0.0,0.0,43.6591,-70.2568,2021,3,20,4
2021-03-20 05:00:00,0.0,0.0,0.0,0.0,-4.8,53,9.0,247,1025.9,0,0,0,0,0.0,0.0,43.6591,-70.2568,2021,3,20,5
2021-03-20 06:00:00,0.0,0.0,0.0,0.0,-4.6,52,9.5,245,1026.0,0,0,0,0,0.0,0.0,43.6591,-70.2568,2021,3,20,6
2021-03-20 07:00:00,2.0,0.0,2.0,0.0,-4.2,51,9.6,250,1026.0,0,0,0,0,0.0,0.0,43.6591,-70.2568,2021,3,20,7
2021-03-20 08:00:00,95.0,63.0,32.0,482.2,-1.2,40,9.8,264,1026.7,0,0,0,0,0.0,3600.0,43.6591,-70.2568,2021,3,20,8
2021-03-20 09:00:00,284.0,224.0,60.0,724.2,2.8,31,8.4,263,1026.4,0,0,0,0,0.0,3600.0,43.6591,-70.2568,2021,3,20,9
2021-03-20 10:00:00,467.0,393.0,74.0,840.3,6.1,27,8.0,260,1026.4,0,0,0,0,0.0,3600.0,43.6591,-70.2568,2021,3,20,10
2021-03-20 11:00:00,619.0,536.0,83.0,902.0,8.6,25,9.2,259,1026.1,0,0,0,0,0.0,3600.0,43.6591,-70.2568,2021,3,20,11
2021-03-20 12:00:00,723.0,636.0,87.0,934.8,10.5,24,8.8,258,1025.5,0,0,0,0,0.0,3600.0,43.6591,-70.2568,2021,3,20,12
2021-03-20 13:00:00,772.0,683.0,89.0,948.4,11.8,24,10.1,253,1025.0,0,0,0,0,0.0,3600.0,43.6591,-70.2568,2021,3,20,13
2021-03-20 14:00:00,763.0,674.0,89.0,948.0,12.1,24,13.1,261,1024.6,0,0,0,0,0.0,3600.0,43.6591,-70.2568,2021,3,20,14
2021-03-20 15:00:00,693.0,607.0,86.0,928.9,12.4,26,12.9,252,1024.4,0,0,0,0,0.0,3600.0,43.6591,-70.2568,2021,3,20,15
2021-03-20 16:00:00,566.0,487.0,79.0,883.1,12.3,27,12.2,246,1024.3,0,0,0,0,0.0,3600.0,43.6591,-70.2568,2021,3,20,16
2021-03-20 17:00:00,400.0,330.0,70.0,800.8,11.2,38,8.6,237,1024.5,0,0,0,0,0.0,3600.0,43.6591,-70.2568,2021,3,20,17
2021-03-20 18:00:00,210.0,158.0,52.0,645.6,8.1,55,6.4,254,1024.9,0,0,0,0,0.0,3600.0,43.6591,-70.2568,2021,3,20,18
2021-03-20 19:00:00,42.0,26.0,16.0,269.6,4.5,62,8.3,275,1025.3,0,0,0,0,0.0,2961.83,43.6591,-70.2568,2021,3,20,19
2021-03-20 20:00:00,0.0,0.0,0.0,0.0,3.3,63,10.2,293,1026.2,0,0,0,0,0.0,0.0,43.6591,-70.2568,2021,3,20,20
2021-03-20 21:00:00,0.0,0.0,0.0,0.0,2.5,64,11.0,302,1026.8,0,0,0,0,0.0,0.0,43.6591,-70.2568,2021,3,20,21
2021-03-20 22:00:00,0.0,0.0,0.0,0.0,1.4,67,10.9,304,1027.3,0,0,0,0,0.0,0.0,43.6591,-70.2568,2021,3,20,22
2021-03-20 23:00:00,0.0,0.0,0.0,0.0,0.4,69,9.6,304,1027.5,0,0,0,0,0.0,0.0,43.6591,-70.2568,2021,3,20,23
2021-03-21 00:00:00,0.0,0.0,0.0,0.0,-0.2,70,11.0,302,1027.5,0,0,0,0,0.0,0.0,43.6591,-70.2568,2021,3,21,0
2021-03-21 01:00:00,0.0,0.0,0.0,0.0,-0.8,71,10.3,306,1027.8,0,0,0,0,0.0,0.0,43.6591,-70.2568,2021,3,21,1
2021-03-21 02:00:00,0.0,0.0,0.0,0.0,-1.1,72,10.2,309,1028.2,0,0,0,0,0.0,0.0,43.6591,-70.2568,2021,3,21,2
2021-03-21 03:00:00,0.0,0.0,0.0,0.0,-1.5,74,9.7,309,1028.1,0,0,0,0,0.0,0.0,43.6591,-70.2568,2021,3,21,3
2021-03-21 04:00:00,0.0,0.0,0.0,0.0,-2.1,78,9.2,312,1028.2,0,0,0,0,0.0,0.0,43.6591,-70.2568,2021,3,21,4
2021-03-21 05:00:00,0.0,0.0,0.0,0.0,-2.6,81,8.7,315,1028.8,0,0,0,0,0.0,0.0,43.6591,-70.2568,2021,3,21,5
2021-03-21 06:00:00,0.0,0.0,0.0,0.0,-2.9,83,8.4,313,1029.2,0,0,0,0,0.0,0.0,43.6591,-70.2568,2021,3,21,6
2021-03-21 07:00:00,2.0,1.0,1.0,19.1,-3.1,85,7.9,309,1029.4,0,0,0,0,0.0,0.0,43.6591,-70.2568,2021,3,21,7
2021-03-21 08:00:00,101.0,68.0,33.0,501.3,0.4,71,7.1,294,1030.4,0,0,0,0,0.0,3600.0,43.6591,-70.2568,2021,3,21,8
2021-03-21 09:00:00,289.0,229.0,60.0,727.1,5.2,59,5.5,293,1030.9,0,0,0,0,0.0,3600.0,43.6591,-70.2568,2021,3,21,9
2021-03-21 10:00:00,475.0,401.0,74.0,847.4,9.6,48,4.0,243,1031.0,0,0,0,0,0.0,3600.0,43.6591,-70.2568,2021,3,21,10
2021-03-21 11:00:00,629.0,546.0,83.0,910.7,11.8,40,6.2,190,1030.9,0,0,0,0,0.0,3600.0,43.6591,-70.2568,2021,3,21,11
2021-03-21 12:00:00,735.0,647.0,88.0,943.9,12.8,37,7.9,177,1030.6,0,0,0,0,0.0,3600.0,43.6591,-70.2568,2021,3,21,12
2021-03-21 13:00:00,782.0,693.0,89.0,955.9,13.5,36,10.5,174,1030.0,0,0,0,0,0.0,3600.0,43.6591,-70.2568,2021,3,21,13
2021-03-21 14:00:00,769.0,679.0,90.0,948.9,13.5,38,13.5,171,1029.3,0,0,0,0,0.0,3600.0,43.6591,-70.2568,2021,3,21,14
2021-03-21 15:00:00,697.0,611.0,86.0,928.9,13.3,38,14.6,171,1028.7,0,0,0,0,0.0,3600.0,43.6591,-70.2568,2021,3,21,15
2021-03-21 16:00:00,573.0,493.0,80.0,887.3,12.0,37,15.5,176,1028.5,0,0,0,0,0.0,3600.0,43.6591,-70.2568,2021,3,21,16
2021-03-21 17:00:00,407.0,337.0,70.0,810.0,10.2,44,13.4,185,1028.3,0,0,0,0,0.0,3600.0,43.6591,-70.2568,2021,3,21,17
2021-03-21 18:00:00,216.0,163.0,53.0,655.7,8.3,52,12.0,196,1028.4,0,0,0,0,0.0,3600.0,43.6591,-70.2568,2021,3,21,18
2021-03-21 19:00:00,45.0,28.0,17.0,284.7,5.7,60,12.2,204,1028.2,0,0,0,0,0.0,3034.66,43.6591,-70.2568,2021,3,21,19
2021-03-21 20:00:00,0.0,0.0,0.0,0.0,4.6,60,13.8,213,1028.5,0,0,0,0,0.0,0.0,43.6591,-70.2568,2021,3,21,20
2021-03-21 21:00:00,0.0,0.0,0.0,0.0,4.4,58,13.0,219,1028.7,0,0,0,0,0.0,0.0,43.6591,-70.2568,2021,3,21,21
2021-03-21 22:00:00,0.0,0.0,0.0,0.0,3.9,59,12.5,229,1028.5,0,0,0,0,0.0,0.0,43.6591,-70.2568,2021,3,21,22
2021-03-21 23:00:00,0.0,0.0,0.0,0.0,3.4,62,11.7,236,1028.2,0,0,0,0,0.0,0.0,43.6591,-70.2568,2021,3,21,23
2021-03-22 00:00:00,0.0,0.0,0.0,0.0,2.6,69,10.5,254,1028.0,0,0,0,0,0.0,0.0,43.6591,-70.2568,2021,3,22,0
2021-03-22 01:00:00,0.0,0.0,0.0,0.0,1.7,75,9.4,270,1027.6,0,0,0,0,0.0,0.0,43.6591,-70.2568,2021,3,22,1
2021-03-22 02:00:00,0.0,0.0,0.0,0.0,0.9,79,7.6,275,1027.4,0,0,0,0,0.0,0.0,43.6591,-70.2568,2021,3,22,2
2021-03-22 03:00:00,0.0,0.0,0.0,0.0,0.0,83,6.2,291,1026.9,0,0,0,0,0.0,0.0,43.6591,-70.2568,2021,3,22,3
2021-03-22 04:00:00,0.0,0.0,0.0,0.0,-0.6,84,5.5,281,1026.6,0,0,0,0,0.0,0.0,43.6591,-70.2568,2021,3,22,4
2021-03-22 05:00:00,0.0,0.0,0.0,0.0,-1.3,86,4.3,265,1026.9,0,0,0,0,0.0,0.0,43.6591,-70.2568,2021,3,22,5
2021-03-22 06:00:00,0.0,0.0,0.0,0.0,-1.8,88,3.7,281,1026.8,0,0,0,0,0.0,0.0,43.6591,-70.2568,2021,3,22,6
2021-03-22 07:00:00,3.0,1.0,2.0,19.1,-1.5,87,4.1,255,1027.0,0,0,0,0,0.0,0.0,43.6591,-70.2568,2021,3,22,7
2021-03-22 08:00:00,107.0,72.0,35.0,509.3,0.9,79,3.0,284,1027.6,0,0,0,0,0.0,3600.0,43.6591,-70.2568,2021,3,22,8
2021-03-22 09:00:00,298.0,237.0,61.0,739.2,5.3,58,1.1,180,1027.6,0,0,0,0,0.0,3600.0,43.6591,-70.2568,2021,3,22,9
2021-03-22 10:00:00,485.0,411.0,74.0,858.6,9.4,44,2.7,157,1027.3,0,0,0,0,0.0,3600.0,43.6591,-70.2568,2021,3,22,10
2021-03-22 11:00:00,640.0,557.0,83.0,920.9,12.3,37,5.7,145,1026.8,0,0,0,0,0.0,3600.0,43.6591,-70.2568,2021,3,22,11
2021-03-22 12:00:00,746.0,658.0,88.0,953.0,12.7,41,10.9,146,1026.2,0,0,0,0,0.0,3600.0,43.6591,-70.2568,2021,3,22,12
2021-03-22 13:00:00,794.0,704.0,90.0,964.7,12.5,45,12.8,158,1025.6,0,0,0,0,0.0,3600.0,43.6591,-70.2568,2021,3,22,13
2021-03-22 14:00:00,784.0,694.0,90.0,963.7,12.2,48,12.9,167,1024.9,0,0,0,0,0.0,3600.0,43.6591,-70.2568,2021,3,22,14
2021-03-22 15:00:00,715.0,628.0,87.0,948.5,12.0,44,13.1,171,1024.3,0,0,0,0,0.0,3600.0,43.6591,-70.2568,2021,3,22,15
2021-03-22 16:00:00,588.0,508.0,80.0,907.6,10.9,48,13.4,172,1024.0,0,0,0,0,0.0,3600.0,43.6591,-70.2568,2021,3,22,16
2021-03-22 17:00:00,416.0,346.0,70.0,823.8,9.0,55,14.0,179,1024.0,0,0,0,0,0.0,3600.0,43.6591,-70.2568,2021,3,22,17
2021-03-22 18:00:00,221.0,168.0,53.0,665.5,7.1,63,13.0,185,1024.0,1,1,0,0,0.0,3600.0,43.6591,-70.2568,2021,3,22,18
2021-03-22 19:00:00,47.0,29.0,18.0,289.2,4.5,74,12.4,190,1023.9,1,1,0,0,0.0,3107.32,43.6591,-70.2568,2021,3,22,19
2021-03-22 20:00:00,0.0,0.0,0.0,0.0,3.8,80,11.7,189,1023.6,0,1,0,0,0.0,0.0,43.6591,-70.2568,2021,3,22,20
2021-03-22 21:00:00,0.0,0.0,0.0,0.0,3.6,89,11.2,195,1023.8,1,1,0,0,0.0,0.0,43.6591,-70.2568,2021,3,22,21
2021-03-22 22:00:00,0.0,0.0,0.0,0.0,3.5,93,11.4,191,1023.7,1,1,0,0,0.0,0.0,43.6591,-70.2568,2021,3,22,22
2021-03-22 23:00:00,0.0,0.0,0.0,0.0,3.3,93,11.1,205,1023.5,0,0,0,0,0.0,0.0,43.6591,-70.2568,2021,3,22,23
2021-03-23 00:00:00,0.0,0.0,0.0,0.0,3.0,93,8.9,227,1023.5,0,0,0,0,0.0,0.0,43.6591,-70.2568,2021,3,23,0
2021-03-23 01:00:00,0.0,0.0,0.0,0.0,2.4,95,7.8,248,1023.5,0,0,0,0,0.0,0.0,43.6591,-70.2568,2021,3,23,1
2021-03-23 02:00:00,0.0,0.0,0.0,0.0,1.6,94,5.8,248,1023.1,0,0,0,0,0.0,0.0,43.6591,-70.2568,2021,3,23,2
2021-03-23 03:00:00,0.0,0.0,0.0,0.0,1.1,94,6.2,260,1023.0,0,0,0,0,0.0,0.0,43.6591,-70.2568,2021,3,23,3
2021-03-23 04:00:00,0.0,0.0,0.0,0.0,0.5,93,5.4,228,1023.1,1,0,0,1,0.0,0.0,43.6591,-70.2568,2021,3,23,4
2021-03-23 05:00:00,0.0,0.0,0.0,0.0,0.3,92,7.0,201,1022.9,0,0,0,0,0.0,0.0,43.6591,-70.2568,2021,3,23,5
2021-03-23 06:00:00,0.0,0.0,0.0,0.0,-0.0,92,6.4,227,1023.0,0,0,0,0,0.0,0.0,43.6591,-70.2568,2021,3,23,6
2021-03-23 07:00:00,4.0,1.0,3.0,19.1,-0.2,92,7.6,251,1023.2,0,0,0,0,0.0,0.0,43.6591,-70.2568,2021,3,23,7
2021-03-23 08:00:00,109.0,73.0,36.0,496.4,1.6,90,4.8,283,1023.2,0,0,0,0,0.0,3600.0,43.6591,-70.2568,2021,3,23,8
2021-03-23 09:00:00,299.0,237.0,62.0,726.5,5.4,77,2.3,288,1023.4,0,0,0,0,0.0,3600.0,43.6591,-70.2568,2021,3,23,9
2021-03-23 10:00:00,483.0,408.0,75.0,842.8,9.6,57,1.8,169,1023.5,0,0,0,0,0.0,3600.0,43.6591,-70.2568,2021,3,23,10
2021-03-23 11:00:00,635.0,552.0,83.0,904.8,11.7,53,5.9,142,1023.5,0,0,0,0,0.0,3600.0,43.6591,-70.2568,2021,3,23,11
2021-03-23 12:00:00,739.0,650.0,89.0,934.6,12.0,56,9.2,138,1023.0,0,0,0,0,0.0,3600.0,43.6591,-70.2568,2021,3,23,12
2021-03-23 13:00:00,786.0,696.0,90.0,947.5,12.7,51,10.3,151,1022.9,0,0,0,0,0.0,3600.0,43.6591,-70.2568,2021,3,23,13
2021-03-23 14:00:00,773.0,682.0,91.0,941.2,13.5,44,10.6,156,1022.4,0,0,0,0,0.0,3600.0,43.6591,-70.2568,2021,3,23,14
2021-03-23 15:00:00,703.0,616.0,87.0,924.4,13.5,42,11.3,158,1022.0,0,0,0,0,0.0,3600.0,43.6591,-70.2568,2021,3,23,15
2021-03-23 16:00:00,580.0,499.0,81.0,885.1,12.3,51,12.0,159,1021.5,10,0,0,10,0.0,3600.0,43.6591,-70.2568,2021,3,23,16
2021-03-23 17:00:00,414.0,342.0,72.0,806.7,10.7,67,11.4,169,1021.4,0,0,0,0,0.0,3600.0,43.6591,-70.2568,2021,3,23,17
2021-03-23 18:00:00,223.0,169.0,54.0,659.4,8.8,83,10.8,176,1021.3,0,0,0,0,0.0,3600.0,43.6591,-70.2568,2021,3,23,18
2021-03-23 19:00:00,49.0,31.0,18.0,303.4,6.3,95,11.3,189,1021.4,2,2,0,0,0.0,3179.81,43.6591,-70.2568,2021,3,23,19
2021-03-23 20:00:00,0.0,0.0,0.0,0.0,5.5,96,10.2,198,1020.8,2,1,0,94,0.0,0.0,43.6591,-70.2568,2021,3,23,20
2021-03-23 21:00:00,0.0,0.0,0.0,0.0,5.2,97,10.5,207,1021.3,100,0,0,100,0.0,0.0,43.6591,-70.2568,2021,3,23,21
2021-03-23 22:00:00,0.0,0.0,0.0,0.0,5.2,97,10.2,203,1021.3,85,2,0,85,0.0,0.0,43.6591,-70.2568,2021,3,23,22
2021-03-23 23:00:00,0.0,0.0,0.0,0.0,5.1,97,10.0,210,1021.1,96,0,0,96,0.0,0.0,43.6591,-70.2568,2021,3,23,23
2021-03-24 00:00:00,0.0,0.0,0.0,0.0,4.7,97,9.3,216,1021.2,100,0,0,100,0.0,0.0,43.6591,-70.2568,2021,3,24,0
2021-03-24 01:00:00,0.0,0.0,0.0,0.0,4.1,96,5.8,248,1021.3,97,0,0,97,0.0,0.0,43.6591,-70.2568,2021,3,24,1
2021-03-24 02:00:00,0.0,0.0,0.0,0.0,3.3,97,7.4,209,1020.7,86,0,0,86,0.0,0.0,43.6591,-70.2568,2021,3,24,2
2021-03-24 03:00:00,0.0,0.0,0.0,0.0,3.6,96,5.2,192,1020.3,95,0,0,95,0.0,0.0,43.6591,-70.2568,2021,3,24,3
2021-03-24 04:00:00,0.0,0.0,0.0,0.0,3.3,95,6.8,212,1020.4,91,0,0,91,0.0,0.0,43.6591,-70.2568,2021,3,24,4
2021-03-24 05:00:00,0.0,0.0,0.0,0.0,3.0,95,5.9,227,1020.5,97,0,0,97,0.0,0.0,43.6591,-70.2568,2021,3,24,5
2021-03-24 06:00:00,0.0,0.0,0.0,0.0,3.1,95,7.3,213,1020.7,96,0,0,96,0.0,0.0,43.6591,-70.2568,2021,3,24,6
2021-03-24 07:00:00,3.0,0.0,3.0,0.0,3.0,96,8.1,201,1021.0,81,0,0,81,0.0,0.0,43.6591,-70.2568,2021,3,24,7
2021-03-24 08:00:00,104.0,56.0,48.0,366.6,4.5,96,6.2,201,1021.3,97,1,0,100,0.0,3600.0,43.6591,-70.2568,2021,3,24,8
2021-03-24 09:00:00,255.0,141.0,114.0,425.0,7.3,90,5.0,210,1021.4,100,0,0,100,0.0,3600.0,43.6591,-70.2568,2021,3,24,9
2021-03-24 10:00:00,404.0,237.0,167.0,484.1,9.9,81,6.8,183,1021.7,100,0,0,100,0.0,3600.0,43.6591,-70.2568,2021,3,24,10
2021-03-24 11:00:00,494.0,253.0,241.0,411.2,11.5,75,9.3,164,1021.5,100,0,0,100,0.0,3600.0,43.6591,-70.2568,2021,3,24,11
2021-03-24 12:00:00,463.0,125.0,338.0,178.5,11.5,76,11.5,160,1021.0,100,0,3,100,0.0,3553.83,43.6591,-70.2568,2021,3,24,12
2021-03-24 13:00:00,415.0,80.0,335.0,108.2,11.6,72,12.0,173,1020.9,100,0,0,100,0.0,1446.56,43.6591,-70.2568,2021,3,24,13
2021-03-24 14:00:00,329.0,32.0,297.0,43.9,11.2,68,11.4,167,1020.2,100,1,77,100,0.0,0.0,43.6591,-70.2568,2021,3,24,14
2021-03-24 15:00:00,341.0,53.0,288.0,79.0,11.1,67,10.7,166,1020.2,100,0,96,100,0.0,571.05,43.6591,-70.2568,2021,3,24,15
2021-03-24 16:00:00,205.0,11.0,194.0,19.4,10.0,75,8.9,166,1020.0,100,0,61,100,0.0,0.0,43.6591,-70.2568,2021,3,24,16
2021-03-24 17:00:00,175.0,15.0,160.0,35.1,9.5,78,7.6,161,1019.6,99,0,76,99,0.0,0.0,43.6591,-70.2568,2021,3,24,17
2021-03-24 18:00:00,94.0,11.0,83.0,42.3,8.3,85,7.7,139,1019.1,100,0,64,100,0.0,0.0,43.6591,-70.2568,2021,3,24,18
2021-03-24 19:00:00,29.0,2.0,27.0,19.2,6.2,94,8.4,133,1018.8,100,0,69,100,0.0,0.0,43.6591,-70.2568,2021,3,24,19
2021-03-24 20:00:00,0.0,0.0,0.0,0.0,4.8,96,7.4,137,1019.1,100,0,73,100,0.0,0.0,43.6591,-70.2568,2021,3,24,20
2021-03-24 21:00:00,0.0,0.0,0.0,0.0,5.7,93,8.4,140,1019.1,100,0,89,100,0.0,0.0,43.6591,-70.2568,2021,3,24,21
2021-03-24 22:00:00,0.0,0.0,0.0,0.0,5.6,96,7.8,158,1019.3,100,36,99,100,0.0,0.0,43.6591,-70.2568,2021,3,24,22
2021-03-24 23:00:00,0.0,0.0,0.0,0.0,6.0,96,7.8,158,1018.5,100,100,100,100,0.0,0.0,43.6591,-70.2568,2021,3,24,23
2021-03-25 00:00:00,0.0,0.0,0.0,0.0,6.3,98,7.2,177,1018.2,100,100,100,100,0.0,0.0,43.6591,-70.2568,2021,3,25,0
2021-03-25 01:00:00,0.0,0.0,0.0,0.0,6.1,100,7.1,150,1017.7,100,100,100,100,0.1,0.0,43.6591,-70.2568,2021,3,25,1
2021-03-25 02:00:00,0.0,0.0,0.0,0.0,6.0,100,6.5,146,1017.3,100,100,100,100,0.3,0.0,43.6591,-70.2568,2021,3,25,2
2021-03-25 03:00:00,0.0,0.0,0.0,0.0,6.0,100,7.1,150,1016.9,100,100,100,100,0.1,0.0,43.6591,-70.2568,2021,3,25,3
2021-03-25 04:00:00,0.0,0.0,0.0,0.0,6.0,100,2.9,180,1016.5,100,100,90,100,0.0,0.0,43.6591,-70.2568,2021,3,25,4
2021-03-25 05:00:00,0.0,0.0,0.0,0.0,6.0,100,2.8,140,1016.0,100,100,89,99,0.0,0.0,43.6591,-70.2568,2021,3,25,5
2021-03-25 06:00:00,0.0,0.0,0.0,0.0,6.4,99,2.9,90,1015.9,100,87,100,3,0.0,0.0,43.6591,-70.2568,2021,3,25,6
2021-03-25 07:00:00,1.0,0.0,1.0,0.0,6.4,99,5.4,127,1015.9,100,72,100,0,0.1,0.0,43.6591,-70.2568,2021,3,25,7
2021-03-25 08:00:00,23.0,2.0,21.0,12.6,7.1,100,3.1,135,1016.3,100,100,80,0,0.3,0.0,43.6591,-70.2568,2021,3,25,8
2021-03-25 09:00:00,68.0,4.0,64.0,11.9,8.1,100,4.1,135,1016.2,100,100,100,0,0.2,0.0,43.6591,-70.2568,2021,3,25,9
2021-03-25 10:00:00,91.0,1.0,90.0,2.0,8.7,99,5.3,152,1015.7,100,100,54,0,0.1,0.0,43.6591,-70.2568,2021,3,25,10
2021-03-25 11:00:00,215.0,22.0,193.0,35.5,9.8,97,9.9,161,1015.0,100,100,5,0,0.0,0.0,43.6591,-70.2568,2021,3,25,11
2021-03-25 12:00:00,245.0,8.0,237.0,11.3,10.7,95,9.4,184,1015.1,100,100,43,0,0.1,0.0,43.6591,-70.2568,2021,3,25,12
2021-03-25 13:00:00,166.0,28.0,138.0,37.6,10.8,96,10.1,184,1014.9,100,100,0,0,0.3,0.0,43.6591,-70.2568,2021,3,25,13
2021-03-25 14:00:00,223.0,12.0,211.0,16.4,11.3,95,10.8,180,1014.0,100,100,0,0,0.1,0.0,43.6591,-70.2568,2021,3,25,14
2021-03-25 15:00:00,286.0,37.0,249.0,54.8,12.3,91,10.1,184,1013.9,98,96,0,41,0.0,0.0,43.6591,-70.2568,2021,3,25,15
2021-03-25 16:00:00,322.0,79.0,243.0,138.2,13.8,86,9.4,198,1013.5,100,100,0,54,0.0,2344.65,43.6591,-70.2568,2021,3,25,16
2021-03-25 17:00:00,165.0,28.0,137.0,64.9,13.6,88,8.1,159,1012.8,98,94,2,96,0.0,145.93,43.6591,-70.2568,2021,3,25,17
2021-03-25 18:00:00,118.0,22.0,96.0,83.4,12.1,92,9.3,152,1012.2,75,2,1,74,0.0,701.21,43.6591,-70.2568,2021,3,25,18
2021-03-25 19:00:00,48.0,24.0,24.0,226.5,9.5,100,10.9,174,1011.6,100,16,0,100,0.0,3324.27,43.6591,-70.2568,2021,3,25,19
2021-03-25 20:00:00,0.0,0.0,0.0,0.0,8.2,100,10.4,200,1012.3,100,100,0,100,0.0,0.0,43.6591,-70.2568,2021,3,25,20
2021-03-25 21:00:00,0.0,0.0,0.0,0.0,8.7,99,11.0,199,1012.4,100,100,0,100,0.0,0.0,43.6591,-70.2568,2021,3,25,21
2021-03-25 22:00:00,0.0,0.0,0.0,0.0,8.8,99,12.0,196,1011.8,100,100,0,100,0.0,0.0,43.6591,-70.2568,2021,3,25,22
2021-03-25 23:00:00,0.0,0.0,0.0,0.0,8.8,99,9.8,197,1011.5,100,100,0,99,0.0,0.0,43.6591,-70.2568,2021,3,25,23
2021-03-26 00:00:00,0.0,0.0,0.0,0.0,8.9,100,8.3,182,1010.9,100,100,0,98,0.0,0.0,43.6591,-70.2568,2021,3,26,0
2021-03-26 01:00:00,0.0,0.0,0.0,0.0,8.6,100,9.4,176,1010.8,100,100,27,96,0.0,0.0,43.6591,-70.2568,2021,3,26,1
2021-03-26 02:00:00,0.0,0.0,0.0,0.0,8.0,100,7.7,169,1009.9,100,100,99,99,0.0,0.0,43.6591,-70.2568,2021,3,26,2
2021-03-26 03:00:00,0.0,0.0,0.0,0.0,7.8,100,6.2,159,1009.0,100,100,100,100,0.0,0.0,43.6591,-70.2568,2021,3,26,3
2021-03-26 04:00:00,0.0,0.0,0.0,0.0,7.7,99,6.1,177,1008.2,100,100,98,100,0.0,0.0,43.6591,-70.2568,2021,3,26,4
2021-03-26 05:00:00,0.0,0.0,0.0,0.0,7.8,99,5.8,173,1007.6,100,100,100,100,0.0,0.0,43.6591,-70.2568,2021,3,26,5
2021-03-26 06:00:00,0.0,0.0,0.0,0.0,7.9,100,6.3,149,1006.5,100,100,99,100,0.4,0.0,43.6591,-70.2568,2021,3,26,6
2021-03-26 07:00:00,1.0,0.0,1.0,0.0,8.2,100,9.0,164,1006.0,100,100,100,99,2.0,0.0,43.6591,-70.2568,2021,3,26,7
2021-03-26 08:00:00,17.0,0.0,17.0,0.0,9.3,99,10.4,180,1004.9,100,100,65,100,3.5,0.0,43.6591,-70.2568,2021,3,26,8
2021-03-26 09:00:00,64.0,1.0,63.0,2.9,9.8,99,14.4,180,1003.9,100,100,31,95,0.0,0.0,43.6591,-70.2568,2021,3,26,9
2021-03-26 10:00:00,159.0,3.0,156.0,6.0,11.1,98,13.0,186,1002.6,100,100,83,31,0.0,0.0,43.6591,-70.2568,2021,3,26,10
2021-03-26 11:00:00,148.0,5.0,143.0,8.0,11.6,98,14.9,188,1001.5,100,100,75,41,0.0,0.0,43.6591,-70.2568,2021,3,26,11
2021-03-26 12:00:00,200.0,16.0,184.0,22.5,12.3,98,19.1,183,1000.0,100,100,22,73,0.6,0.0,43.6591,-70.2568,2021,3,26,12
2021-03-26 13:00:00,224.0,13.0,211.0,17.4,12.7,98,22.3,190,998.5,100,100,41,36,4.3,0.0,43.6591,-70.2568,2021,3,26,13
2021-03-26 14:00:00,225.0,18.0,207.0,24.4,12.7,98,24.1,189,996.7,100,100,32,34,1.5,0.0,43.6591,-70.2568,2021,3,26,14
2021-03-26 15:00:00,128.0,0.0,128.0,0.0,12.6,98,24.4,193,994.8,100,100,34,4,1.1,0.0,43.6591,-70.2568,2021,3,26,15
2021-03-26 16:00:00,218.0,65.0,153.0,112.9,13.4,96,20.9,195,993.7,93,91,20,22,0.0,1586.8,43.6591,-70.2568,2021,3,26,16
2021-03-26 17:00:00,272.0,139.0,133.0,319.2,14.3,95,17.9,195,992.4,52,20,30,20,0.0,3600.0,43.6591,-70.2568,2021,3,26,17
2021-03-26 18:00:00,149.0,74.0,75.0,276.5,14.8,95,14.5,210,992.0,42,10,16,29,0.0,3600.0,43.6591,-70.2568,2021,3,26,18
2021-03-26 19:00:00,39.0,18.0,21.0,166.9,15.2,95,15.9,257,992.6,65,40,44,22,0.4,3396.25,43.6591,-70.2568,2021,3,26,19
2021-03-26 20:00:00,0.0,0.0,0.0,0.0,15.9,71,24.5,267,994.6,94,0,0,0,0.7,0.0,43.6591,-70.2568,2021,3,26,20
2021-03-26 21:00:00,0.0,0.0,0.0,0.0,14.3,64,28.8,272,995.4,13,0,13,0,0.0,0.0,43.6591,-70.2568,2021,3,26,21
2021-03-26 22:00:00,0.0,0.0,0.0,0.0,12.9,62,28.2,276,996.8,8,0,8,0,0.0,0.0,43.6591,-70.2568,2021,3,26,22
2021-03-26 23:00:00,0.0,0.0,0.0,0.0,11.5,64,26.2,286,997.5,11,1,11,0,0.0,0.0,43.6591,-70.2568,2021,3,26,23
2021-03-27 00:00:00,0.0,0.0,0.0,0.0,9.1,60,30.4,297,999.3,32,29,9,0,0.0,0.0,43.6591,-70.2568,2021,3,27,0
2021-03-27 01:00:00,0.0,0.0,0.0,0.0,7.5,63,22.4,294,1001.5,96,96,2,0,0.0,0.0,43.6591,-70.2568,2021,3,27,1
2021-03-27 02:00:00,0.0,0.0,0.0,0.0,7.5,64,20.4,306,1003.6,98,98,0,0,0.0,0.0,43.6591,-70.2568,2021,3,27,2
2021-03-27 03:00:00,0.0,0.0,0.0,0.0,6.8,64,22.4,323,1005.4,99,99,0,0,0.0,0.0,43.6591,-70.2568,2021,3,27,3
2021-03-27 04:00:00,0.0,0.0,0.0,0.0,5.4,66,24.1,328,1007.5,78,78,0,0,0.0,0.0,43.6591,-70.2568,2021,3,27,4
2021-03-27 05:00:00,0.0,0.0,0.0,0.0,4.9,67,19.8,327,1009.4,24,24,0,0,0.0,0.0,43.6591,-70.2568,2021,3,27,5
2021-03-27 06:00:00,0.0,0.0,0.0,0.0,4.3,68,17.4,333,1010.9,8,8,0,0,0.0,0.0,43.6591,-70.2568,2021,3,27,6
2021-03-27 07:00:00,7.0,2.0,5.0,35.2,3.8,68,15.9,342,1012.2,0,0,0,0,0.0,0.0,43.6591,-70.2568,2021,3,27,7
2021-03-27 08:00:00,119.0,75.0,44.0,442.4,5.6,63,13.6,338,1013.1,12,0,0,0,0.0,3600.0,43.6591,-70.2568,2021,3,27,8
2021-03-27 09:00:00,307.0,237.0,70.0,680.7,6.8,58,14.7,338,1014.4,6,6,0,0,0.0,3600.0,43.6591,-70.2568,2021,3,27,9
2021-03-27 10:00:00,480.0,384.0,96.0,759.8,8.0,57,12.6,329,1015.2,12,12,0,0,0.0,3600.0,43.6591,-70.2568,2021,3,27,10
2021-03-27 11:00:00,610.0,485.0,125.0,769.3,9.5,56,9.9,327,1015.3,31,30,2,1,0.0,3600.0,43.6591,-70.2568,2021,3,27,11
2021-03-27 12:00:00,678.0,530.0,148.0,741.3,10.7,55,6.0,343,1015.0,97,97,3,0,0.0,3600.0,43.6591,-70.2568,2021,3,27,12
2021-03-27 13:00:00,538.0,235.0,303.0,312.1,11.0,54,2.1,59,1015.2,100,100,18,0,0.0,3600.0,43.6591,-70.2568,2021,3,27,13
2021-03-27 14:00:00,407.0,103.0,304.0,138.8,9.8,59,10.9,153,1015.4,100,100,97,0,0.0,2364.07,43.6591,-70.2568,2021,3,27,14
2021-03-27 15:00:00,351.0,98.0,253.0,143.5,8.6,59,14.8,167,1016.1,40,27,35,2,0.0,2504.89,43.6591,-70.2568,2021,3,27,15
2021-03-27 16:00:00,459.0,299.0,160.0,515.8,9.1,59,11.3,171,1016.5,41,15,39,0,0.0,3600.0,43.6591,-70.2568,2021,3,27,16
2021-03-27 17:00:00,337.0,222.0,115.0,505.4,8.2,62,9.8,156,1016.8,38,36,32,0,0.0,3600.0,43.6591,-70.2568,2021,3,27,17
2021-03-27 18:00:00,187.0,119.0,68.0,438.5,7.0,71,9.2,141,1017.5,6,5,5,0,0.0,3600.0,43.6591,-70.2568,2021,3,27,18
2021-03-27 19:00:00,56.0,33.0,23.0,300.8,5.0,87,8.7,138,1018.3,35,0,0,34,0.0,3468.05,43.6591,-70.2568,2021,3,27,19
2021-03-27 20:00:00,0.0,0.0,0.0,0.0,3.9,92,10.2,138,1019.6,17,12,3,2,0.0,0.0,43.6591,-70.2568,2021,3,27,20
2021-03-27 21:00:00,0.0,0.0,0.0,0.0,4.0,90,10.8,143,1020.9,48,35,26,14,0.0,0.0,43.6591,-70.2568,2021,3,27,21
2021-03-27 22:00:00,0.0,0.0,0.0,0.0,4.4,87,10.7,138,1021.2,68,23,51,29,0.0,0.0,43.6591,-70.2568,2021,3,27,22
2021-03-27 23:00:00,0.0,0.0,0.0,0.0,4.3,86,11.2,130,1021.3,74,25,71,0,0.0,0.0,43.6591,-70.2568,2021,3,27,23
2021-03-28 00:00:00,0.0,0.0,0.0,0.0,4.4,85,13.7,135,1021.1,69,50,59,0,0.0,0.0,43.6591,-70.2568,2021,3,28,0
2021-03-28 01:00:00,0.0,0.0,0.0,0.0,4.6,84,15.5,138,1020.9,64,49,6,29,0.0,0.0,43.6591,-70.2568,2021,3,28,1
2021-03-28 02:00:00,0.0,0.0,0.0,0.0,4.7,83,17.3,144,1020.4,95,94,1,14,0.0,0.0,43.6591,-70.2568,2021,3,28,2
2021-03-28 03:00:00,0.0,0.0,0.0,0.0,4.9,83,18.2,146,1019.8,100,100,31,0,0.0,0.0,43.6591,-70.2568,2021,3,28,3
2021-03-28 04:00:00,0.0,0.0,0.0,0.0,4.8,85,17.7,142,1019.5,100,100,46,0,0.0,0.0,43.6591,-70.2568,2021,3,28,4
2021-03-28 05:00:00,0.0,0.0,0.0,0.0,4.8,85,16.6,141,1019.6,100,100,93,28,0.0,0.0,43.6591,-70.2568,2021,3,28,5
2021-03-28 06:00:00,0.0,0.0,0.0,0.0,4.7,86,16.5,136,1019.4,100,100,90,10,0.0,0.0,43.6591,-70.2568,2021,3,28,6
2021-03-28 07:00:00,2.0,0.0,2.0,0.0,4.6,85,17.8,132,1018.5,98,98,75,0,0.0,0.0,43.6591,-70.2568,2021,3,28,7
2021-03-28 08:00:00,44.0,6.0,38.0,34.3,4.4,82,18.4,140,1019.6,100,100,97,96,0.0,0.0,43.6591,-70.2568,2021,3,28,8
2021-03-28 09:00:00,68.0,1.0,67.0,2.8,4.8,84,20.2,139,1018.7,100,100,98,97,0.0,0.0,43.6591,-70.2568,2021,3,28,9
2021-03-28 10:00:00,112.0,3.0,109.0,5.9,5.1,84,21.6,134,1017.3,100,100,88,100,0.0,0.0,43.6591,-70.2568,2021,3,28,10
2021-03-28 11:00:00,121.0,0.0,121.0,0.0,5.3,84,22.9,138,1016.3,100,98,93,100,0.0,0.0,43.6591,-70.2568,2021,3,28,11
2021-03-28 12:00:00,138.0,1.0,137.0,1.4,5.5,85,22.4,136,1015.3,100,98,100,100,0.1,0.0,43.6591,-70.2568,2021,3,28,12
2021-03-28 13:00:00,115.0,0.0,115.0,0.0,5.3,88,22.4,127,1012.6,100,55,100,100,0.3,0.0,43.6591,-70.2568,2021,3,28,13
2021-03-28 14:00:00,141.0,1.0,140.0,1.3,5.5,92,25.1,125,1010.0,100,99,100,100,0.6,0.0,43.6591,-70.2568,2021,3,28,14
2021-03-28 15:00:00,126.0,0.0,126.0,0.0,5.3,100,26.1,123,1007.9,100,100,100,100,3.4,0.0,43.6591,-70.2568,2021,3,28,15
2021-03-28 16:00:00,28.0,0.0,28.0,0.0,5.2,100,25.8,115,1004.3,100,100,100,100,5.7,0.0,43.6591,-70.2568,2021,3,28,16
2021-03-28 17:00:00,34.0,0.0,34.0,0.0,6.1,100,10.3,119,1001.9,100,100,100,100,8.0,0.0,43.6591,-70.2568,2021,3,28,17
2021-03-28 18:00:00,12.0,0.0,12.0,0.0,6.2,100,20.7,49,997.0,100,100,100,100,11.4,0.0,43.6591,-70.2568,2021,3,28,18
2021-03-28 19:00:00,6.0,0.0,6.0,0.0,6.4,100,16.3,59,994.0,100,100,100,100,5.1,0.0,43.6591,-70.2568,2021,3,28,19
2021-03-28 20:00:00,0.0,0.0,0.0,0.0,5.6,99,9.8,28,992.6,100,53,100,100,1.2,0.0,43.6591,-70.2568,2021,3,28,20
2021-03-28 21:00:00,0.0,0.0,0.0,0.0,5.5,99,11.2,315,993.0,100,100,14,98,0.0,0.0,43.6591,-70.2568,2021,3,28,21
2021-03-28 22:00:00,0.0,0.0,0.0,0.0,4.8,98,12.5,309,992.8,100,99,38,100,0.0,0.0,43.6591,-70.2568,2021,3,28,22
2021-03-28 23:00:00,0.0,0.0,0.0,0.0,4.1,98,12.9,293,992.5,100,93,100,78,0.0,0.0,43.6591,-70.2568,2021,3,28,23
2021-03-29 00:00:00,0.0,0.0,0.0,0.0,3.9,100,5.9,281,991.4,100,34,100,100,0.6,0.0,43.6591,-70.2568,2021,3,29,0
2021-03-29 01:00:00,0.0,0.0,0.0,0.0,3.8,100,10.2,260,991.4,100,0,100,100,1.1,0.0,43.6591,-70.2568,2021,3,29,1
2021-03-29 02:00:00,0.0,0.0,0.0,0.0,4.2,100,9.3,257,990.1,100,0,99,98,0.7,0.0,43.6591,-70.2568,2021,3,29,2
2021-03-29 03:00:00,0.0,0.0,0.0,0.0,5.1,96,14.2,240,989.3,100,0,97,100,0.2,0.0,43.6591,-70.2568,2021,3,29,3
2021-03-29 04:00:00,0.0,0.0,0.0,0.0,5.7,90,23.6,251,989.1,100,1,100,100,0.0,0.0,43.6591,-70.2568,2021,3,29,4
2021-03-29 05:00:00,0.0,0.0,0.0,0.0,4.1,82,25.4,263,989.5,1,0,0,0,0.0,0.0,43.6591,-70.2568,2021,3,29,5
2021-03-29 06:00:00,0.0,0.0,0.0,0.0,3.1,73,21.8,261,990.0,0,0,0,0,0.0,0.0,43.6591,-70.2568,2021,3,29,6
2021-03-29 07:00:00,10.0,4.0,6.0,64.1,3.6,67,22.3,256,990.8,10,0,10,0,0.0,442.19,43.6591,-70.2568,2021,3,29,7
2021-03-29 08:00:00,123.0,79.0,44.0,437.9,6.2,57,23.6,262,992.2,39,33,48,0,0.0,3600.0,43.6591,-70.2568,2021,3,29,8
2021-03-29 09:00:00,234.0,139.0,95.0,387.4,6.1,51,34.1,284,993.6,94,93,35,0,0.0,3600.0,43.6591,-70.2568,2021,3,29,9
2021-03-29 10:00:00,490.0,385.0,105.0,746.7,5.3,45,36.2,291,995.8,47,41,23,2,0.0,3600.0,43.6591,-70.2568,2021,3,29,10
2021-03-29 11:00:00,659.0,565.0,94.0,882.4,5.5,42,34.1,292,997.6,41,15,12,29,0.0,3600.0,43.6591,-70.2568,2021,3,29,11
2021-03-29 12:00:00,742.0,613.0,129.0,846.4,5.7,40,32.4,294,999.5,56,36,0,33,0.0,3600.0,43.6591,-70.2568,2021,3,29,12
2021-03-29 13:00:00,746.0,572.0,174.0,750.9,5.8,40,30.9,295,1001.5,11,11,2,0,0.0,3600.0,43.6591,-70.2568,2021,3,29,13
2021-03-29 14:00:00,769.0,650.0,119.0,866.2,5.9,39,30.6,295,1003.3,16,16,0,0,0.0,3600.0,43.6591,-70.2568,2021,3,29,14
2021-03-29 15:00:00,726.0,622.0,104.0,900.2,6.2,37,28.3,297,1004.9,4,4,1,0,0.0,3600.0,43.6591,-70.2568,2021,3,29,15
2021-03-29 16:00:00,604.0,514.0,90.0,875.1,6.1,33,26.9,300,1006.6,3,3,0,0,0.0,3600.0,43.6591,-70.2568,2021,3,29,16
2021-03-29 17:00:00,444.0,369.0,75.0,826.0,6.1,29,23.5,297,1008.2,1,1,0,0,0.0,3600.0,43.6591,-70.2568,2021,3,29,17
2021-03-29 18:00:00,251.0,194.0,57.0,696.0,5.5,31,17.9,292,1010.2,1,1,0,0,0.0,3600.0,43.6591,-70.2568,2021,3,29,18
2021-03-29 19:00:00,67.0,44.0,23.0,388.1,3.7,35,13.7,293,1012.3,0,0,0,0,0.0,3600.0,43.6591,-70.2568,2021,3,29,19
2021-03-29 20:00:00,0.0,0.0,0.0,0.0,3.2,42,13.8,285,1014.1,11,0,0,2,0.0,0.0,43.6591,-70.2568,2021,3,29,20
2021-03-29 21:00:00,0.0,0.0,0.0,0.0,2.0,41,11.8,282,1015.6,21,0,0,21,0.0,0.0,43.6591,-70.2568,2021,3,29,21
2021-03-29 22:00:00,0.0,0.0,0.0,0.0,0.8,46,10.1,270,1017.3,0,0,0,0,0.0,0.0,43.6591,-70.2568,2021,3,29,22
2021-03-29 23:00:00,0.0,0.0,0.0,0.0,0.3,48,11.2,276,1018.7,0,0,0,0,0.0,0.0,43.6591,-70.2568,2021,3,29,23
2021-03-30 00:00:00,0.0,0.0,0.0,0.0,-0.3,50,10.9,278,1019.8,2,0,0,2,0.0,0.0,43.6591,-70.2568,2021,3,30,0
2021-03-30 01:00:00,0.0,0.0,0.0,0.0,-1.0,54,9.6,290,1020.3,0,0,0,0,0.0,0.0,43.6591,-70.2568,2021,3,30,1
2021-03-30 02:00:00,0.0,0.0,0.0,0.0,-1.5,58,9.5,307,1021.2,0,0,0,0,0.0,0.0,43.6591,-70.2568,2021,3,30,2
2021-03-30 03:00:00,0.0,0.0,0.0,0.0,-1.7,64,6.5,276,1021.8,0,0,0,0,0.0,0.0,43.6591,-70.2568,2021,3,30,3
2021-03-30 04:00:00,0.0,0.0,0.0,0.0,-2.3,66,9.3,257,1022.9,0,0,0,0,0.0,0.0,43.6591,-70.2568,2021,3,30,4
2021-03-30 05:00:00,0.0,0.0,0.0,0.0,-2.7,68,7.6,267,1023.6,0,0,0,0,0.0,0.0,43.6591,-70.2568,2021,3,30,5
2021-03-30 06:00:00,0.0,0.0,0.0,0.0,-2.8,70,8.5,258,1024.2,0,0,0,0,0.0,0.0,43.6591,-70.2568,2021,3,30,6
2021-03-30 07:00:00,12.0,6.0,6.0,92.2,-2.5,70,7.7,259,1025.2,0,0,0,0,0.0,1026.0,43.6591,-70.2568,2021,3,30,7
2021-03-30 08:00:00,145.0,102.0,43.0,548.8,0.5,61,4.2,239,1026.0,0,0,0,0,0.0,3600.0,43.6591,-70.2568,2021,3,30,8
2021-03-30 09:00:00,334.0,267.0,67.0,733.4,3.5,52,3.3,174,1026.2,0,0,0,0,0.0,3600.0,43.6591,-70.2568,2021,3,30,9
2021-03-30 10:00:00,514.0,435.0,79.0,835.4,5.5,47,7.6,155,1026.3,0,0,0,0,0.0,3600.0,43.6591,-70.2568,2021,3,30,10
2021-03-30 11:00:00,662.0,574.0,88.0,889.8,6.7,45,12.7,155,1026.5,0,0,0,0,0.0,3600.0,43.6591,-70.2568,2021,3,30,11
2021-03-30 12:00:00,761.0,668.0,93.0,916.5,7.2,45,16.4,161,1026.3,0,0,0,0,0.0,3600.0,43.6591,-70.2568,2021,3,30,12
2021-03-30 13:00:00,807.0,712.0,95.0,929.3,7.5,44,18.4,168,1025.7,0,0,0,0,0.0,3600.0,43.6591,-70.2568,2021,3,30,13
2021-03-30 14:00:00,795.0,701.0,94.0,929.0,7.7,46,20.0,173,1025.4,0,0,0,0,0.0,3600.0,43.6591,-70.2568,2021,3,30,14
2021-03-30 15:00:00,722.0,632.0,90.0,909.5,7.8,48,19.5,176,1024.8,0,0,0,0,0.0,3600.0,43.6591,-70.2568,2021,3,30,15
2021-03-30 16:00:00,598.0,513.0,85.0,867.9,7.8,52,19.1,177,1024.0,0,0,0,0,0.0,3600.0,43.6591,-70.2568,2021,3,30,16
2021-03-30 17:00:00,432.0,358.0,74.0,794.8,7.5,59,17.0,175,1023.2,10,0,0,10,0.0,3600.0,43.6591,-70.2568,2021,3,30,17
2021-03-30 18:00:00,242.0,184.0,58.0,651.5,7.3,65,13.8,174,1022.6,26,0,0,26,0.0,3600.0,43.6591,-70.2568,2021,3,30,18
2021-03-30 19:00:00,65.0,41.0,24.0,355.9,6.4,64,16.6,182,1022.3,1,0,0,1,0.0,3600.0,43.6591,-70.2568,2021,3,30,19
2021-03-30 20:00:00,0.0,0.0,0.0,0.0,5.8,67,17.3,181,1021.7,18,0,0,53,0.0,0.0,43.6591,-70.2568,2021,3,30,20
2021-03-30 21:00:00,0.0,0.0,0.0,0.0,6.1,63,17.5,188,1021.6,79,0,0,79,0.0,0.0,43.6591,-70.2568,2021,3,30,21
2021-03-30 22:00:00,0.0,0.0,0.0,0.0,6.2,61,18.7,199,1021.5,61,0,0,61,0.0,0.0,43.6591,-70.2568,2021,3,30,22
2021-03-30 23:00:00,0.0,0.0,0.0,0.0,5.9,68,18.3,202,1021.5,47,0,0,47,0.0,0.0,43.6591,-70.2568,2021,3,30,23
2021-03-31 00:00:00,0.0,0.0,0.0,0.0,5.4,71,17.3,203,1021.7,83,0,0,83,0.0,0.0,43.6591,-70.2568,2021,3,31,0
2021-03-31 01:00:00,0.0,0.0,0.0,0.0,5.2,72,17.3,203,1021.3,69,0,0,69,0.0,0.0,43.6591,-70.2568,2021,3,31,1
2021-03-31 02:00:00,0.0,0.0,0.0,0.0,5.1,78,16.4,206,1020.9,51,0,0,51,0.0,0.0,43.6591,-70.2568,2021,3,31,2
2021-03-31 03:00:00,0.0,0.0,0.0,0.0,5.0,84,15.8,204,1020.2,98,0,0,98,0.0,0.0,43.6591,-70.2568,2021,3,31,3
2021-03-31 04:00:00,0.0,0.0,0.0,0.0,4.7,88,14.0,203,1019.6,100,0,0,100,0.0,0.0,43.6591,-70.2568,2021,3,31,4
2021-03-31 05:00:00,0.0,0.0,0.0,0.0,4.6,90,12.2,204,1019.5,97,0,0,97,0.0,0.0,43.6591,-70.2568,2021,3,31,5
2021-03-31 06:00:00,0.0,0.0,0.0,0.0,4.3,91,12.6,207,1019.3,99,0,0,99,0.0,0.0,43.6591,-70.2568,2021,3,31,6
2021-03-31 07:00:00,11.0,1.0,10.0,14.7,4.8,90,13.2,206,1019.0,97,0,0,97,0.0,0.0,43.6591,-70.2568,2021,3,31,7
2021-03-31 08:00:00,119.0,47.0,72.0,245.7,6.9,88,13.7,203,1018.9,8,0,0,8,0.0,3600.0,43.6591,-70.2568,2021,3,31,8
2021-03-31 09:00:00,326.0,253.0,73.0,685.0,9.7,81,16.2,193,1017.8,93,0,0,93,0.0,3600.0,43.6591,-70.2568,2021,3,31,9
2021-03-31 10:00:00,468.0,320.0,148.0,608.6,11.5,78,18.1,187,1017.1,100,0,0,100,0.0,3600.0,43.6591,-70.2568,2021,3,31,10
2021-03-31 11:00:00,614.0,466.0,148.0,717.0,13.2,75,20.4,189,1016.2,100,32,0,100,0.0,3600.0,43.6591,-70.2568,2021,3,31,11
2021-03-31 12:00:00,629.0,363.0,266.0,494.9,14.0,74,21.3,186,1015.3,100,61,1,100,0.0,3600.0,43.6591,-70.2568,2021,3,31,12
2021-03-31 13:00:00,625.0,299.0,326.0,388.1,14.5,72,22.0,185,1014.3,100,100,0,100,0.0,3600.0,43.6591,-70.2568,2021,3,31,13
2021-03-31 14:00:00,388.0,61.0,327.0,80.4,13.7,73,23.8,183,1013.2,100,62,6,100,0.0,612.16,43.6591,-70.2568,2021,3,31,14
2021-03-31 15:00:00,361.0,54.0,307.0,77.3,13.5,73,24.9,185,1012.4,100,88,7,100,0.0,518.42,43.6591,-70.2568,2021,3,31,15
2021-03-31 16:00:00,356.0,105.0,251.0,176.5,13.8,72,25.7,185,1011.7,100,100,100,100,0.0,3495.31,43.6591,-70.2568,2021,3,31,16
2021-03-31 17:00:00,54.0,1.0,53.0,2.2,11.6,78,22.0,191,1011.2,100,100,94,100,0.1,0.0,43.6591,-70.2568,2021,3,31,17
2021-03-31 18:00:00,57.0,8.0,49.0,28.0,11.8,77,22.3,194,1010.6,100,100,100,100,0.0,0.0,43.6591,-70.2568,2021,3,31,18
2021-03-31 19:00:00,10.0,0.0,10.0,0.0,11.4,80,21.7,195,1010.3,100,81,100,100,0.1,0.0,43.6591,-70.2568,2021,3,31,19
2021-03-31 20:00:00,0.0,0.0,0.0,0.0,11.3,81,20.6,192,1009.9,100,83,100,100,0.2,0.0,43.6591,-70.2568,2021,3,31,20
2021-03-31 21:00:00,0.0,0.0,0.0,0.0,10.7,86,19.8,190,1009.9,100,100,91,100,0.1,0.0,43.6591,-70.2568,2021,3,31,21
2021-03-31 22:00:00,0.0,0.0,0.0,0.0,10.7,87,17.5,194,1009.5,100,10,100,100,0.0,0.0,43.6591,-70.2568,2021,3,31,22
2021-03-31 23:00:00,0.0,0.0,0.0,0.0,10.3,91,15.6,195,1008.5,100,12,100,100,0.1,0.0,43.6591,-70.2568,2021,3,31,23
2021-04-01 00:00:00,0.0,0.0,0.0,0.0,9.9,95,12.0,189,1007.4,100,19,100,100,0.1,0.0,43.6591,-70.2568,2021,4,1,0
2021-04-01 01:00:00,0.0,0.0,0.0,0.0,9.3,100,12.2,182,1006.5,100,52,100,100,0.8,0.0,43.6591,-70.2568,2021,4,1,1
2021-04-01 02:00:00,0.0,0.0,0.0,0.0,9.2,100,9.8,174,1005.2,100,88,100,100,2.5,0.0,43.6591,-70.2568,2021,4,1,2
2021-04-01 03:00:00,0.0,0.0,0.0,0.0,8.7,100,6.7,164,1003.6,100,100,100,100,3.2,0.0,43.6591,-70.2568,2021,4,1,3
2021-04-01 04:00:00,0.0,0.0,0.0,0.0,8.4,100,4.1,105,1001.7,100,100,100,100,3.6,0.0,43.6591,-70.2568,2021,4,1,4
2021-04-01 05:00:00,0.0,0.0,0.0,0.0,8.6,100,10.3,306,1001.3,100,100,100,100,6.8,0.0,43.6591,-70.2568,2021,4,1,5
2021-04-01 06:00:00,0.0,0.0,0.0,0.0,8.3,100,21.6,357,999.1,100,1,100,100,4.1,0.0,43.6591,-70.2568,2021,4,1,6
2021-04-01 07:00:00,2.0,0.0,2.0,0.0,7.9,100,10.4,2,1000.3,100,100,100,100,2.6,0.0,43.6591,-70.2568,2021,4,1,7
2021-04-01 08:00:00,16.0,0.0,16.0,0.0,8.3,96,22.7,349,998.7,100,100,100,100,1.0,0.0,43.6591,-70.2568,2021,4,1,8
2021-04-01 09:00:00,27.0,0.0,27.0,0.0,6.2,100,23.9,337,999.1,100,100,100,100,1.0,0.0,43.6591,-70.2568,2021,4,1,9
2021-04-01 10:00:00,51.0,1.0,50.0,1.9,4.6,100,25.7,329,999.6,100,100,100,100,0.7,0.0,43.6591,-70.2568,2021,4,1,10
2021-04-01 11:00:00,96.0,1.0,95.0,1.5,4.7,92,24.6,328,999.9,100,100,100,99,0.4,0.0,43.6591,-70.2568,2021,4,1,11
2021-04-01 12:00:00,122.0,3.0,119.0,4.1,4.9,89,22.9,334,999.0,100,62,71,100,0.2,0.0,43.6591,-70.2568,2021,4,1,12
2021-04-01 13:00:00,554.0,235.0,319.0,303.3,7.6,66,27.9,330,1000.1,100,100,100,100,0.0,3600.0,43.6591,-70.2568,2021,4,1,13
2021-04-01 14:00:00,130.0,0.0,130.0,0.0,6.1,71,19.7,332,1000.0,100,0,94,100,0.1,0.0,43.6591,-70.2568,2021,4,1,14
2021-04-01 15:00:00,215.0,29.0,186.0,41.3,6.6,65,19.5,321,1001.0,100,15,89,100,0.0,0.0,43.6591,-70.2568,2021,4,1,15
2021-04-01 16:00:00,265.0,58.0,207.0,96.9,6.9,59,20.0,326,1001.3,100,2,90,100,0.0,1106.84,43.6591,-70.2568,2021,4,1,16
2021-04-01 17:00:00,252.0,69.0,183.0,150.7,6.6,55,22.7,318,1002.0,100,55,29,100,0.0,2722.22,43.6591,-70.2568,2021,4,1,17
2021-04-01 18:00:00,128.0,39.0,89.0,134.6,5.2,55,22.7,319,1003.6,86,80,78,0,0.0,2238.84,43.6591,-70.2568,2021,4,1,18
2021-04-01 19:00:00,25.0,7.0,18.0,58.9,3.4,54,24.7,323,1005.2,98,79,93,57,0.0,182.97,43.6591,-70.2568,2021,4,1,19
2021-04-01 20:00:00,0.0,0.0,0.0,0.0,2.3,71,22.6,329,1006.1,99,99,100,0,0.0,0.0,43.6591,-70.2568,2021,4,1,20
2021-04-01 21:00:00,0.0,0.0,0.0,0.0,1.0,69,23.0,333,1007.1,100,97,100,0,0.6,0.0,43.6591,-70.2568,2021,4,1,21
2021-04-01 22:00:00,0.0,0.0,0.0,0.0,0.1,66,21.6,332,1007.3,97,28,97,0,0.4,0.0,43.6591,-70.2568,2021,4,1,22
2021-04-01 23:00:00,0.0,0.0,0.0,0.0,-0.5,62,20.5,326,1007.8,97,24,97,0,0.1,0.0,43.6591,-70.2568,2021,4,1,23
2021-04-02 00:00:00,0.0,0.0,0.0,0.0,-0.8,58,20.3,323,1008.2,91,16,91,0,0.1,0.0,43.6591,-70.2568,2021,4,2,0
2021-04-02 01:00:00,0.0,0.0,0.0,0.0,-1.2,55,19.1,328,1008.8,88,15,88,0,0.0,0.0,43.6591,-70.2568,2021,4,2,1
2021-04-02 02:00:00,0.0,0.0,0.0,0.0,-1.9,53,18.5,333,1009.4,91,20,91,0,0.0,0.0,43.6591,-70.2568,2021,4,2,2
2021-04-02 03:00:00,0.0,0.0,0.0,0.0,-2.5,53,17.7,333,1009.8,99,24,99,0,0.0,0.0,43.6591,-70.2568,2021,4,2,3
2021-04-02 04:00:00,0.0,0.0,0.0,0.0,-2.8,52,17.1,330,1010.3,95,6,95,0,0.0,0.0,43.6591,-70.2568,2021,4,2,4
2021-04-02 05:00:00,0.0,0.0,0.0,0.0,-3.0,51,15.5,329,1011.4,81,4,81,0,0.0,0.0,43.6591,-70.2568,2021,4,2,5
2021-04-02 06:00:00,0.0,0.0,0.0,0.0,-3.4,51,16.7,327,1011.8,71,13,71,0,0.0,0.0,43.6591,-70.2568,2021,4,2,6
2021-04-02 07:00:00,12.0,4.0,8.0,54.6,-3.6,51,16.9,322,1012.3,56,48,54,0,0.0,233.41,43.6591,-70.2568,2021,4,2,7
2021-04-02 08:00:00,134.0,65.0,69.0,321.5,-3.1,52,15.9,332,1013.5,28,44,40,0,0.0,3600.0,43.6591,-70.2568,2021,4,2,8
2021-04-02 09:00:00,338.0,243.0,95.0,639.7,-1.8,49,14.0,334,1013.8,9,9,6,0,0.0,3600.0,43.6591,-70.2568,2021,4,2,9
2021-04-02 10:00:00,541.0,449.0,92.0,837.9,-0.3,47,11.1,324,1014.4,16,16,0,0,0.0,3600.0,43.6591,-70.2568,2021,4,2,10
2021-04-02 11:00:00,652.0,505.0,147.0,765.7,1.1,46,8.2,308,1014.3,72,72,0,0,0.0,3600.0,43.6591,-70.2568,2021,4,2,11
2021-04-02 12:00:00,632.0,357.0,275.0,480.8,2.0,44,6.6,299,1014.1,86,86,0,0,0.0,3600.0,43.6591,-70.2568,2021,4,2,12
2021-04-02 13:00:00,634.0,349.0,285.0,448.0,2.9,44,4.0,270,1013.9,100,100,0,0,0.0,3600.0,43.6591,-70.2568,2021,4,2,13
2021-04-02 14:00:00,547.0,246.0,301.0,320.8,3.2,43,2.5,172,1013.5,100,93,100,0,0.0,3600.0,43.6591,-70.2568,2021,4,2,14
2021-04-02 15:00:00,395.0,78.0,317.0,110.4,2.9,45,4.7,157,1013.5,91,74,89,0,0.0,1512.36,43.6591,-70.2568,2021,4,2,15
2021-04-02 16:00:00,459.0,219.0,240.0,363.6,2.9,50,9.5,169,1013.5,82,44,82,0,0.0,3600.0,43.6591,-70.2568,2021,4,2,16
2021-04-02 17:00:00,382.0,249.0,133.0,539.7,2.1,56,13.7,185,1013.6,74,33,73,0,0.0,3600.0,43.6591,-70.2568,2021,4,2,17
2021-04-02 18:00:00,229.0,150.0,79.0,511.4,1.8,53,13.1,196,1014.0,65,7,65,0,0.0,3600.0,43.6591,-70.2568,2021,4,2,18
2021-04-02 19:00:00,60.0,26.0,34.0,215.6,1.0,61,9.0,217,1014.9,74,2,74,0,0.0,3600.0,43.6591,-70.2568,2021,4,2,19
2021-04-02 20:00:00,0.0,0.0,0.0,0.0,-0.3,48,17.3,339,1017.4,79,83,84,0,0.0,0.0,43.6591,-70.2568,2021,4,2,20
2021-04-02 21:00:00,0.0,0.0,0.0,0.0,-1.7,52,15.8,343,1018.4,44,40,40,0,0.0,0.0,43.6591,-70.2568,2021,4,2,21
2021-04-02 22:00:00,0.0,0.0,0.0,0.0,-1.9,53,13.4,340,1018.9,75,70,70,0,0.0,0.0,43.6591,-70.2568,2021,4,2,22
2021-04-02 23:00:00,0.0,0.0,0.0,0.0,-2.1,55,11.8,337,1019.3,97,55,97,0,0.0,0.0,43.6591,-70.2568,2021,4,2,23
2021-04-03 00:00:00,0.0,0.0,0.0,0.0,-2.1,56,10.5,329,1019.4,95,35,95,0,0.0,0.0,43.6591,-70.2568,2021,4,3,0
2021-04-03 01:00:00,0.0,0.0,0.0,0.0,-2.7,60,9.9,327,1019.4,49,0,49,0,0.0,0.0,43.6591,-70.2568,2021,4,3,1
2021-04-03 02:00:00,0.0,0.0,0.0,0.0,-3.3,67,8.9,320,1019.2,68,1,68,0,0.0,0.0,43.6591,-70.2568,2021,4,3,2
2021-04-03 03:00:00,0.0,0.0,0.0,0.0,-3.5,71,8.7,312,1019.1,3,0,3,0,0.0,0.0,43.6591,-70.2568,2021,4,3,3
2021-04-03 04:00:00,0.0,0.0,0.0,0.0,-3.6,74,8.6,292,1019.2,0,0,0,0,0.0,0.0,43.6591,-70.2568,2021,4,3,4
2021-04-03 05:00:00,0.0,0.0,0.0,0.0,-3.6,76,7.6,289,1019.5,0,0,0,0,0.0,0.0,43.6591,-70.2568,2021,4,3,5
2021-04-03 06:00:00,0.0,0.0,0.0,0.0,-3.5,77,5.5,281,1020.0,0,0,0,0,0.0,0.0,43.6591,-70.2568,2021,4,3,6
2021-04-03 07:00:00,20.0,10.0,10.0,131.5,-3.2,77,6.1,267,1020.6,0,0,0,0,0.0,2094.36,43.6591,-70.2568,2021,4,3,7
2021-04-03 08:00:00,168.0,118.0,50.0,568.5,-1.2,63,2.2,270,1021.7,0,0,0,0,0.0,3600.0,43.6591,-70.2568,2021,4,3,8
2021-04-03 09:00:00,362.0,289.0,73.0,750.5,1.2,45,3.8,287,1021.5,0,0,0,0,0.0,3600.0,43.6591,-70.2568,2021,4,3,9
2021-04-03 10:00:00,549.0,464.0,85.0,857.9,2.8,34,8.9,328,1021.0,0,0,0,0,0.0,3600.0,43.6591,-70.2568,2021,4,3,10
2021-04-03 11:00:00,704.0,613.0,91.0,922.8,4.1,29,13.8,321,1020.2,0,0,0,0,0.0,3600.0,43.6591,-70.2568,2021,4,3,11
2021-04-03 12:00:00,813.0,720.0,93.0,963.9,5.2,26,14.5,312,1019.4,0,0,0,0,0.0,3600.0,43.6591,-70.2568,2021,4,3,12
2021-04-03 13:00:00,862.0,768.0,94.0,980.5,6.2,26,13.6,310,1018.7,0,0,0,0,0.0,3600.0,43.6591,-70.2568,2021,4,3,13
2021-04-03 14:00:00,849.0,756.0,93.0,980.9,7.4,22,12.0,316,1017.9,0,0,0,0,0.0,3600.0,43.6591,-70.2568,2021,4,3,14
2021-04-03 15:00:00,775.0,686.0,89.0,965.9,7.9,21,7.6,301,1017.2,0,0,0,0,0.0,3600.0,43.6591,-70.2568,2021,4,3,15
2021-04-03 16:00:00,645.0,561.0,84.0,925.8,8.3,20,7.2,288,1016.4,0,0,0,0,0.0,3600.0,43.6591,-70.2568,2021,4,3,16
2021-04-03 17:00:00,471.0,397.0,74.0,853.9,8.1,22,5.0,249,1016.0,0,0,0,0,0.0,3600.0,43.6591,-70.2568,2021,4,3,17
2021-04-03 18:00:00,272.0,213.0,59.0,717.5,6.0,51,5.4,188,1016.2,0,0,0,0,0.0,3600.0,43.6591,-70.2568,2021,4,3,18
2021-04-03 19:00:00,82.0,54.0,28.0,441.2,2.9,72,9.5,189,1016.7,0,0,0,0,0.0,3600.0,43.6591,-70.2568,2021,4,3,19
2021-04-03 20:00:00,0.0,0.0,0.0,0.0,2.4,49,10.6,342,1017.6,0,0,0,0,0.0,0.0,43.6591,-70.2568,2021,4,3,20
2021-04-03 21:00:00,0.0,0.0,0.0,0.0,1.6,52,11.7,342,1018.3,0,0,0,0,0.0,0.0,43.6591,-70.2568,2021,4,3,21
2021-04-03 22:00:00,0.0,0.0,0.0,0.0,0.9,53,11.8,337,1018.2,0,0,0,0,0.0,0.0,43.6591,-70.2568,2021,4,3,22
2021-04-03 23:00:00,0.0,0.0,0.0,0.0,0.3,55,10.6,336,1018.2,0,0,0,0,0.0,0.0,43.6591,-70.2568,2021,4,3,23
2021-04-04 00:00:00,0.0,0.0,0.0,0.0,-0.2,60,8.2,345,1018.2,0,0,0,0,0.0,0.0,43.6591,-70.2568,2021,4,4,0
2021-04-04 01:00:00,0.0,0.0,0.0,0.0,-0.6,62,9.0,331,1017.7,0,0,0,0,0.0,0.0,43.6591,-70.2568,2021,4,4,1
2021-04-04 02:00:00,0.0,0.0,0.0,0.0,-1.0,65,8.3,326,1017.3,0,0,0,0,0.0,0.0,43.6591,-70.2568,2021,4,4,2
2021-04-04 03:00:00,0.0,0.0,0.0,0.0,-1.4,69,7.7,319,1017.0,0,0,0,0,0.0,0.0,43.6591,-70.2568,2021,4,4,3
2021-04-04 04:00:00,0.0,0.0,0.0,0.0,-1.9,74,9.7,309,1016.6,0,0,0,0,0.0,0.0,43.6591,-70.2568,2021,4,4,4
2021-04-04 05:00:00,0.0,0.0,0.0,0.0,-2.1,78,7.7,323,1016.4,0,0,0,0,0.0,0.0,43.6591,-70.2568,2021,4,4,5
2021-04-04 06:00:00,0.0,0.0,0.0,0.0,-2.3,80,9.7,318,1015.9,0,0,0,0,0.0,0.0,43.6591,-70.2568,2021,4,4,6
2021-04-04 07:00:00,23.0,13.0,10.0,165.1,-1.9,80,8.0,333,1016.3,0,0,0,0,0.0,2295.35,43.6591,-70.2568,2021,4,4,7
2021-04-04 08:00:00,175.0,127.0,48.0,596.3,1.4,61,7.4,317,1015.5,0,0,0,0,0.0,3600.0,43.6591,-70.2568,2021,4,4,8
2021-04-04 09:00:00,372.0,304.0,68.0,778.9,5.7,38,8.0,333,1014.7,1,0,0,1,0.0,3600.0,43.6591,-70.2568,2021,4,4,9
2021-04-04 10:00:00,554.0,475.0,79.0,870.3,8.2,32,9.0,337,1014.1,8,0,0,8,0.0,3600.0,43.6591,-70.2568,2021,4,4,10
2021-04-04 11:00:00,702.0,613.0,89.0,916.3,10.1,29,9.6,347,1013.1,0,0,0,0,0.0,3600.0,43.6591,-70.2568,2021,4,4,11
2021-04-04 12:00:00,802.0,712.0,90.0,947.6,11.4,28,12.8,328,1011.6,46,0,0,46,0.0,3600.0,43.6591,-70.2568,2021,4,4,12
2021-04-04 13:00:00,841.0,741.0,100.0,941.1,12.5,27,17.9,326,1010.1,6,0,0,6,0.0,3600.0,43.6591,-70.2568,2021,4,4,13
2021-04-04 14:00:00,826.0,735.0,91.0,948.8,13.5,26,19.7,325,1008.8,87,0,0,87,0.0,3600.0,43.6591,-70.2568,2021,4,4,14
2021-04-04 15:00:00,741.0,635.0,106.0,889.4,13.8,27,20.8,330,1007.8,96,0,0,96,0.0,3600.0,43.6591,-70.2568,2021,4,4,15
2021-04-04 16:00:00,613.0,515.0,98.0,844.9,13.8,28,21.4,327,1006.9,96,0,0,96,0.0,3600.0,43.6591,-70.2568,2021,4,4,16
2021-04-04 17:00:00,446.0,358.0,88.0,764.2,13.2,30,20.4,334,1006.7,99,0,0,99,0.0,3600.0,43.6591,-70.2568,2021,4,4,17
2021-04-04 18:00:00,237.0,142.0,95.0,472.6,11.8,35,18.4,334,1007.0,99,0,0,99,0.0,3600.0,43.6591,-70.2568,2021,4,4,18
2021-04-04 19:00:00,64.0,16.0,48.0,128.9,10.0,36,19.5,330,1007.4,100,0,0,100,0.0,2307.09,43.6591,-70.2568,2021,4,4,19
2021-04-04 20:00:00,1.0,0.0,1.0,0.0,9.6,40,21.4,319,1007.1,100,0,47,100,0.0,0.0,43.6591,-70.2568,2021,4,4,20
2021-04-04 21:00:00,0.0,0.0,0.0,0.0,8.8,42,22.0,320,1007.4,100,0,37,100,0.0,0.0,43.6591,-70.2568,2021,4,4,21
2021-04-04 22:00:00,0.0,0.0,0.0,0.0,8.0,46,22.1,323,1007.1,100,4,51,100,0.0,0.0,43.6591,-70.2568,2021,4,4,22
2021-04-04 23:00:00,0.0,0.0,0.0,0.0,7.6,49,22.3,326,1006.6,100,0,92,100,0.0,0.0,43.6591,-70.2568,2021,4,4,23
2021-04-05 00:00:00,0.0,0.0,0.0,0.0,7.3,51,20.6,333,1006.1,100,0,96,100,0.0,0.0,43.6591,-70.2568,2021,4,5,0
2021-04-05 01:00:00,0.0,0.0,0.0,0.0,7.1,52,19.1,340,1005.9,100,0,100,100,0.0,0.0,43.6591,-70.2568,2021,4,5,1
2021-04-05 02:00:00,0.0,0.0,0.0,0.0,6.1,52,21.4,353,1005.8,100,81,100,100,0.1,0.0,43.6591,-70.2568,2021,4,5,2
2021-04-05 03:00:00,0.0,0.0,0.0,0.0,4.2,62,19.8,344,1006.0,100,98,100,96,0.2,0.0,43.6591,-70.2568,2021,4,5,3
2021-04-05 04:00:00,0.0,0.0,0.0,0.0,2.9,74,19.3,336,1006.0,100,93,100,99,0.4,0.0,43.6591,-70.2568,2021,4,5,4
2021-04-05 05:00:00,0.0,0.0,0.0,0.0,2.6,74,19.6,334,1005.9,100,96,100,99,0.4,0.0,43.6591,-70.2568,2021,4,5,5
2021-04-05 06:00:00,0.0,0.0,0.0,0.0,2.7,71,19.3,331,1005.9,100,88,100,17,0.3,0.0,43.6591,-70.2568,2021,4,5,6
2021-04-05 07:00:00,5.0,0.0,5.0,0.0,2.9,69,19.0,331,1006.2,100,0,100,0,0.2,0.0,43.6591,-70.2568,2021,4,5,7
2021-04-05 08:00:00,33.0,0.0,33.0,0.0,4.5,65,16.4,322,1005.1,97,97,79,70,0.1,0.0,43.6591,-70.2568,2021,4,5,8
2021-04-05 09:00:00,89.0,5.0,84.0,12.6,5.0,58,19.8,323,1004.9,100,93,99,48,0.0,0.0,43.6591,-70.2568,2021,4,5,9
2021-04-05 10:00:00,52.0,0.0,52.0,0.0,4.6,63,16.1,321,1004.8,74,38,67,13,0.9,0.0,43.6591,-70.2568,2021,4,5,10
2021-04-05 11:00:00,397.0,196.0,201.0,291.0,6.3,64,21.6,330,1004.6,75,48,47,52,0.5,3600.0,43.6591,-70.2568,2021,4,5,11
2021-04-05 12:00:00,417.0,200.0,217.0,264.6,6.1,68,21.7,331,1004.6,100,37,100,95,0.6,3600.0,43.6591,-70.2568,2021,4,5,12
2021-04-05 13:00:00,130.0,14.0,116.0,17.7,4.7,77,21.0,325,1004.8,98,0,96,90,0.5,0.0,43.6591,-70.2568,2021,4,5,13
2021-04-05 14:00:00,171.0,17.0,154.0,21.8,4.2,86,23.4,323,1004.7,72,1,59,57,0.4,0.0,43.6591,-70.2568,2021,4,5,14
2021-04-05 15:00:00,380.0,162.0,218.0,225.7,4.9,89,24.7,323,1004.7,100,62,99,67,1.2,3600.0,43.6591,-70.2568,2021,4,5,15
2021-04-05 16:00:00,135.0,15.0,120.0,24.5,4.8,84,24.2,323,1004.6,57,1,57,2,0.1,0.0,43.6591,-70.2568,2021,4,5,16
2021-04-05 17:00:00,278.0,176.0,102.0,372.9,6.3,76,25.4,321,1004.4,16,13,9,0,0.0,3600.0,43.6591,-70.2568,2021,4,5,17
2021-04-05 18:00:00,240.0,165.0,75.0,542.8,6.4,71,26.6,327,1004.6,58,49,36,0,0.0,3600.0,43.6591,-70.2568,2021,4,5,18
2021-04-05 19:00:00,68.0,32.0,36.0,254.1,6.2,68,26.1,334,1005.1,78,71,39,0,0.0,3600.0,43.6591,-70.2568,2021,4,5,19
2021-04-05 20:00:00,1.0,0.0,1.0,0.0,5.9,67,23.5,331,1005.6,89,16,40,0,0.0,0.0,43.6591,-70.2568,2021,4,5,20
2021-04-05 21:00:00,0.0,0.0,0.0,0.0,5.7,68,23.0,333,1006.1,64,35,49,12,0.0,0.0,43.6591,-70.2568,2021,4,5,21
2021-04-05 22:00:00,0.0,0.0,0.0,0.0,5.6,67,22.2,333,1006.3,66,57,17,21,0.0,0.0,43.6591,-70.2568,2021,4,5,22
2021-04-05 23:00:00,0.0,0.0,0.0,0.0,5.5,67,21.4,333,1006.1,88,30,39,81,0.0,0.0,43.6591,-70.2568,2021,4,5,23
2021-04-06 00:00:00,0.0,0.0,0.0,0.0,5.4,69,21.1,333,1006.1,91,43,50,81,0.0,0.0,43.6591,-70.2568,2021,4,6,0
2021-04-06 01:00:00,0.0,0.0,0.0,0.0,5.2,71,20.1,336,1006.1,89,12,87,14,0.0,0.0,43.6591,-70.2568,2021,4,6,1
2021-04-06 02:00:00,0.0,0.0,0.0,0.0,5.4,71,18.8,340,1005.8,100,96,99,46,0.0,0.0,43.6591,-70.2568,2021,4,6,2
2021-04-06 03:00:00,0.0,0.0,0.0,0.0,5.4,72,18.3,345,1005.8,100,85,100,28,0.0,0.0,43.6591,-70.2568,2021,4,6,3
2021-04-06 04:00:00,0.0,0.0,0.0,0.0,5.5,73,17.5,351,1005.9,100,95,100,26,0.0,0.0,43.6591,-70.2568,2021,4,6,4
2021-04-06 05:00:00,0.0,0.0,0.0,0.0,5.7,73,17.4,354,1006.1,97,82,94,55,0.0,0.0,43.6591,-70.2568,2021,4,6,5
2021-04-06 06:00:00,0.0,0.0,0.0,0.0,5.0,77,16.3,355,1006.7,85,42,68,55,0.0,0.0,43.6591,-70.2568,2021,4,6,6
2021-04-06 07:00:00,14.0,3.0,11.0,35.7,5.4,76,14.4,347,1007.5,91,15,58,78,0.0,0.0,43.6591,-70.2568,2021,4,6,7
2021-04-06 08:00:00,113.0,36.0,77.0,160.9,6.4,70,12.2,332,1007.5,99,2,77,69,0.0,3027.98,43.6591,-70.2568,2021,4,6,8
2021-04-06 09:00:00,280.0,142.0,138.0,354.5,8.4,65,14.8,334,1007.7,82,5,28,75,0.0,3600.0,43.6591,-70.2568,2021,4,6,9
2021-04-06 10:00:00,416.0,245.0,171.0,440.9,9.9,61,15.6,341,1008.2,48,19,8,35,0.0,3600.0,43.6591,-70.2568,2021,4,6,10
2021-04-06 11:00:00,625.0,487.0,138.0,718.0,12.1,54,18.2,351,1008.1,97,89,3,95,0.0,3600.0,43.6591,-70.2568,2021,4,6,11
2021-04-06 12:00:00,432.0,103.0,329.0,135.5,12.3,53,18.2,342,1008.0,93,72,49,84,0.0,2265.39,43.6591,-70.2568,2021,4,6,12
2021-04-06 13:00:00,505.0,223.0,282.0,280.3,12.8,52,19.5,341,1007.8,89,82,72,0,0.0,3600.0,43.6591,-70.2568,2021,4,6,13
2021-04-06 14:00:00,343.0,117.0,226.0,149.5,12.2,55,20.3,348,1007.7,95,92,90,0,0.0,2686.33,43.6591,-70.2568,2021,4,6,14
2021-04-06 15:00:00,132.0,23.0,109.0,31.9,10.9,61,17.7,348,1007.8,99,98,84,0,0.0,0.0,43.6591,-70.2568,2021,4,6,15
2021-04-06 16:00:00,347.0,86.0,261.0,139.5,11.0,60,20.3,353,1008.0,71,2,65,19,0.0,2383.75,43.6591,-70.2568,2021,4,6,16
2021-04-06 17:00:00,357.0,207.0,150.0,435.3,10.7,60,19.6,353,1008.1,87,0,87,0,0.0,3600.0,43.6591,-70.2568,2021,4,6,17
2021-04-06 18:00:00,171.0,68.0,103.0,221.1,10.0,63,14.5,346,1008.7,13,2,13,0,0.0,3600.0,43.6591,-70.2568,2021,4,6,18
2021-04-06 19:00:00,74.0,41.0,33.0,321.1,8.7,69,12.1,337,1009.1,42,40,6,0,0.0,3600.0,43.6591,-70.2568,2021,4,6,19
2021-04-06 20:00:00,1.0,0.0,1.0,0.0,7.7,76,10.9,8,1009.9,80,26,3,0,0.0,0.0,43.6591,-70.2568,2021,4,6,20
2021-04-06 21:00:00,0.0,0.0,0.0,0.0,7.4,77,10.1,358,1010.6,34,33,1,0,0.0,0.0,43.6591,-70.2568,2021,4,6,21
2021-04-06 22:00:00,0.0,0.0,0.0,0.0,6.9,80,10.6,350,1011.1,7,7,1,0,0.0,0.0,43.6591,-70.2568,2021,4,6,22
2021-04-06 23:00:00,0.0,0.0,0.0,0.0,6.2,83,11.5,340,1011.1,2,1,1,0,0.0,0.0,43.6591,-70.2568,2021,4,6,23
2021-04-07 00:00:00,0.0,0.0,0.0,0.0,5.7,86,12.3,328,1011.1,3,2,2,0,0.0,0.0,43.6591,-70.2568,2021,4,7,0
2021-04-07 01:00:00,0.0,0.0,0.0,0.0,5.3,89,12.6,329,1011.0,5,4,3,0,0.0,0.0,43.6591,-70.2568,2021,4,7,1
2021-04-07 02:00:00,0.0,0.0,0.0,0.0,5.1,91,12.2,332,1010.6,6,6,2,0,0.0,0.0,43.6591,-70.2568,2021,4,7,2
2021-04-07 03:00:00,0.0,0.0,0.0,0.0,4.7,93,12.0,327,1010.5,2,2,2,0,0.0,0.0,43.6591,-70.2568,2021,4,7,3
2021-04-07 04:00:00,0.0,0.0,0.0,0.0,4.6,94,12.1,323,1010.6,9,8,4,0,0.0,0.0,43.6591,-70.2568,2021,4,7,4
2021-04-07 05:00:00,0.0,0.0,0.0,0.0,4.7,94,12.1,333,1010.9,57,2,57,0,0.0,0.0,43.6591,-70.2568,2021,4,7,5
2021-04-07 06:00:00,0.0,0.0,0.0,0.0,4.7,94,12.2,336,1011.1,10,6,8,0,0.0,0.0,43.6591,-70.2568,2021,4,7,6
2021-04-07 07:00:00,25.0,10.0,15.0,115.2,5.5,90,11.8,329,1011.9,38,32,31,0,0.0,1894.05,43.6591,-70.2568,2021,4,7,7
2021-04-07 08:00:00,121.0,60.0,61.0,262.0,8.1,79,11.4,336,1012.1,87,62,9,0,0.0,3600.0,43.6591,-70.2568,2021,4,7,8
2021-04-07 09:00:00,259.0,131.0,128.0,322.9,10.2,71,13.1,351,1012.1,43,43,2,0,0.0,3600.0,43.6591,-70.2568,2021,4,7,9
2021-04-07 10:00:00,464.0,312.0,152.0,556.7,12.1,66,14.0,12,1012.2,100,100,72,0,0.0,3600.0,43.6591,-70.2568,2021,4,7,10
2021-04-07 11:00:00,383.0,92.0,291.0,134.7,12.8,63,15.2,22,1012.3,100,100,86,0,0.0,2242.28,43.6591,-70.2568,2021,4,7,11
2021-04-07 12:00:00,268.0,65.0,203.0,85.0,12.9,65,15.3,24,1012.3,100,100,86,0,0.0,751.19,43.6591,-70.2568,2021,4,7,12
2021-04-07 13:00:00,245.0,13.0,232.0,16.3,13.0,64,13.9,25,1012.2,100,100,69,0,0.0,0.0,43.6591,-70.2568,2021,4,7,13
2021-04-07 14:00:00,339.0,63.0,276.0,80.1,13.9,61,14.0,29,1012.1,100,100,99,0,0.0,604.08,43.6591,-70.2568,2021,4,7,14
2021-04-07 15:00:00,284.0,30.0,254.0,41.4,14.1,61,12.3,40,1012.1,100,100,80,0,0.0,0.0,43.6591,-70.2568,2021,4,7,15
2021-04-07 16:00:00,276.0,29.0,247.0,46.8,13.8,65,8.2,61,1012.4,98,98,72,0,0.0,0.0,43.6591,-70.2568,2021,4,7,16
2021-04-07 17:00:00,192.0,28.0,164.0,58.5,13.2,71,4.7,99,1012.5,89,87,78,0,0.0,0.0,43.6591,-70.2568,2021,4,7,17
2021-04-07 18:00:00,123.0,34.0,89.0,109.3,12.5,77,4.5,104,1012.8,95,93,94,0,0.0,1479.79,43.6591,-70.2568,2021,4,7,18
2021-04-07 19:00:00,32.0,6.0,26.0,46.4,10.8,82,6.7,106,1013.2,91,90,88,0,0.0,0.0,43.6591,-70.2568,2021,4,7,19
2021-04-07 20:00:00,1.0,0.0,1.0,0.0,9.4,91,6.9,152,1013.2,100,100,99,0,0.0,0.0,43.6591,-70.2568,2021,4,7,20
2021-04-07 21:00:00,0.0,0.0,0.0,0.0,9.8,86,3.1,201,1013.9,100,100,100,0,0.0,0.0,43.6591,-70.2568,2021,4,7,21
2021-04-07 22:00:00,0.0,0.0,0.0,0.0,10.0,85,5.4,262,1014.1,76,73,43,0,0.0,0.0,43.6591,-70.2568,2021,4,7,22
2021-04-07 23:00:00,0.0,0.0,0.0,0.0,9.2,90,8.2,293,1014.2,62,25,59,0,0.0,0.0,43.6591,-70.2568,2021,4,7,23
2021-04-08 00:00:00,0.0,0.0,0.0,0.0,8.9,89,10.0,308,1014.2,68,22,66,0,0.0,0.0,43.6591,-70.2568,2021,4,8,0
2021-04-08 01:00:00,0.0,0.0,0.0,0.0,8.8,88,9.5,335,1014.2,71,69,43,0,0.0,0.0,43.6591,-70.2568,2021,4,8,1
2021-04-08 02:00:00,0.0,0.0,0.0,0.0,8.3,91,9.7,2,1014.2,41,28,38,0,0.0,0.0,43.6591,-70.2568,2021,4,8,2
2021-04-08 03:00:00,0.0,0.0,0.0,0.0,7.7,95,9.5,11,1014.5,66,65,14,0,0.0,0.0,43.6591,-70.2568,2021,4,8,3
2021-04-08 04:00:00,0.0,0.0,0.0,0.0,7.2,96,10.1,17,1014.7,12,10,8,0,0.0,0.0,43.6591,-70.2568,2021,4,8,4
2021-04-08 05:00:00,0.0,0.0,0.0,0.0,6.7,97,10.8,15,1015.1,15,12,10,0,0.0,0.0,43.6591,-70.2568,2021,4,8,5
2021-04-08 06:00:00,0.0,0.0,0.0,0.0,6.4,97,11.2,6,1015.9,75,15,73,0,0.0,0.0,43.6591,-70.2568,2021,4,8,6
2021-04-08 07:00:00,19.0,6.0,13.0,67.1,7.5,91,10.2,8,1016.7,84,36,83,0,0.0,562.89,43.6591,-70.2568,2021,4,8,7
2021-04-08 08:00:00,105.0,30.0,75.0,128.1,9.8,82,7.7,349,1016.6,81,26,49,10,0.0,2041.76,43.6591,-70.2568,2021,4,8,8
2021-04-08 09:00:00,301.0,189.0,112.0,460.2,12.2,71,8.2,29,1016.9,40,6,10,33,0.0,3600.0,43.6591,-70.2568,2021,4,8,9
2021-04-08 10:00:00,496.0,369.0,127.0,652.8,13.5,65,10.2,51,1016.9,50,28,18,28,0.0,3600.0,43.6591,-70.2568,2021,4,8,10
2021-04-08 11:00:00,663.0,530.0,133.0,771.2,14.9,61,11.2,57,1016.7,100,100,4,0,0.0,3600.0,43.6591,-70.2568,2021,4,8,11
2021-04-08 12:00:00,543.0,282.0,261.0,366.9,14.2,65,11.1,103,1016.4,83,83,0,0,0.0,3600.0,43.6591,-70.2568,2021,4,8,12
2021-04-08 13:00:00,597.0,315.0,282.0,392.0,13.5,69,10.9,134,1016.2,83,83,0,0,0.0,3600.0,43.6591,-70.2568,2021,4,8,13
2021-04-08 14:00:00,514.0,240.0,274.0,303.8,12.3,73,12.1,127,1016.2,81,81,0,0,0.0,3600.0,43.6591,-70.2568,2021,4,8,14
2021-04-08 15:00:00,517.0,285.0,232.0,391.2,12.1,72,8.8,125,1016.1,65,65,1,0,0.0,3600.0,43.6591,-70.2568,2021,4,8,15
2021-04-08 16:00:00,572.0,409.0,163.0,655.8,12.7,69,7.5,125,1016.0,13,12,3,0,0.0,3600.0,43.6591,-70.2568,2021,4,8,16
2021-04-08 17:00:00,426.0,332.0,94.0,688.2,12.3,70,7.7,139,1015.9,5,5,1,0,0.0,3600.0,43.6591,-70.2568,2021,4,8,17
2021-04-08 18:00:00,260.0,194.0,66.0,616.9,11.2,74,8.8,161,1015.9,22,1,0,21,0.0,3600.0,43.6591,-70.2568,2021,4,8,18
2021-04-08 19:00:00,85.0,52.0,33.0,396.1,9.0,84,7.3,191,1015.8,31,1,0,30,0.0,3600.0,43.6591,-70.2568,2021,4,8,19
2021-04-08 20:00:00,2.0,0.0,2.0,0.0,7.5,93,10.5,188,1016.2,27,0,0,31,0.0,0.0,43.6591,-70.2568,2021,4,8,20
2021-04-08 21:00:00,0.0,0.0,0.0,0.0,7.2,92,10.4,214,1016.7,77,0,0,77,0.0,0.0,43.6591,-70.2568,2021,4,8,21
2021-04-08 22:00:00,0.0,0.0,0.0,0.0,6.7,93,8.4,223,1016.9,71,0,0,71,0.0,0.0,43.6591,-70.2568,2021,4,8,22
2021-04-08 23:00:00,0.0,0.0,0.0,0.0,6.5,94,4.2,290,1016.9,88,0,0,88,0.0,0.0,43.6591,-70.2568,2021,4,8,23
2021-04-09 00:00:00,0.0,0.0,0.0,0.0,6.4,94,5.9,284,1016.9,96,0,0,96,0.0,0.0,43.6591,-70.2568,2021,4,9,0
2021-04-09 01:00:00,0.0,0.0,0.0,0.0,6.1,95,9.6,283,1017.3,94,1,0,94,0.0,0.0,43.6591,-70.2568,2021,4,9,1
2021-04-09 02:00:00,0.0,0.0,0.0,0.0,5.9,95,6.8,302,1017.3,92,3,0,91,0.0,0.0,43.6591,-70.2568,2021,4,9,2
2021-04-09 03:00:00,0.0,0.0,0.0,0.0,4.6,98,5.6,320,1017.0,91,0,0,91,0.0,0.0,43.6591,-70.2568,2021,4,9,3
2021-04-09 04:00:00,0.0,0.0,0.0,0.0,4.7,98,4.0,280,1017.0,82,0,0,82,0.0,0.0,43.6591,-70.2568,2021,4,9,4
2021-04-09 05:00:00,0.0,0.0,0.0,0.0,5.2,98,4.8,283,1017.2,0,0,0,0,0.0,0.0,43.6591,-70.2568,2021,4,9,5
2021-04-09 06:00:00,0.0,0.0,0.0,0.0,5.2,98,3.3,276,1017.6,2,0,0,2,0.0,0.0,43.6591,-70.2568,2021,4,9,6
2021-04-09 07:00:00,32.0,16.0,16.0,173.7,5.1,98,3.6,264,1018.2,0,0,0,0,0.0,2825.24,43.6591,-70.2568,2021,4,9,7
2021-04-09 08:00:00,179.0,121.0,58.0,505.3,8.1,88,1.9,158,1018.8,13,3,2,25,0.0,3600.0,43.6591,-70.2568,2021,4,9,8
2021-04-09 09:00:00,360.0,274.0,86.0,659.1,10.8,78,4.3,138,1018.8,20,0,0,20,0.0,3600.0,43.6591,-70.2568,2021,4,9,9
2021-04-09 10:00:00,539.0,447.0,92.0,784.3,12.6,71,7.4,141,1018.9,44,0,3,42,0.0,3600.0,43.6591,-70.2568,2021,4,9,10
2021-04-09 11:00:00,672.0,554.0,118.0,800.9,13.4,67,10.5,142,1018.6,65,0,7,62,0.0,3600.0,43.6591,-70.2568,2021,4,9,11
2021-04-09 12:00:00,773.0,663.0,110.0,858.0,14.2,65,11.6,154,1017.8,79,0,6,78,0.0,3600.0,43.6591,-70.2568,2021,4,9,12
2021-04-09 13:00:00,810.0,702.0,108.0,869.4,15.0,62,12.7,165,1017.2,80,0,1,80,0.0,3600.0,43.6591,-70.2568,2021,4,9,13
2021-04-09 14:00:00,798.0,692.0,106.0,872.0,15.5,61,13.5,171,1016.6,86,0,0,86,0.0,3600.0,43.6591,-70.2568,2021,4,9,14
2021-04-09 15:00:00,720.0,610.0,110.0,833.3,15.5,61,13.8,173,1016.0,75,0,0,75,0.0,3600.0,43.6591,-70.2568,2021,4,9,15
2021-04-09 16:00:00,602.0,505.0,97.0,805.4,14.6,64,14.0,168,1015.4,94,0,0,94,0.0,3600.0,43.6591,-70.2568,2021,4,9,16
2021-04-09 17:00:00,443.0,359.0,84.0,739.0,12.9,70,11.8,157,1015.4,94,0,3,94,0.0,3600.0,43.6591,-70.2568,2021,4,9,17
2021-04-09 18:00:00,247.0,170.0,77.0,534.7,10.9,78,10.0,150,1015.8,12,6,12,0,0.0,3600.0,43.6591,-70.2568,2021,4,9,18
2021-04-09 19:00:00,83.0,49.0,34.0,363.4,9.0,85,11.7,171,1015.5,12,0,12,0,0.0,3600.0,43.6591,-70.2568,2021,4,9,19
2021-04-09 20:00:00,2.0,0.0,2.0,0.0,7.7,89,12.6,178,1015.4,6,0,6,0,0.0,0.0,43.6591,-70.2568,2021,4,9,20
2021-04-09 21:00:00,0.0,0.0,0.0,0.0,7.8,88,11.9,185,1015.8,7,0,7,0,0.0,0.0,43.6591,-70.2568,2021,4,9,21
2021-04-09 22:00:00,0.0,0.0,0.0,0.0,7.7,89,11.1,193,1015.7,8,1,8,0,0.0,0.0,43.6591,-70.2568,2021,4,9,22
2021-04-09 23:00:00,0.0,0.0,0.0,0.0,7.5,92,8.6,202,1015.1,10,3,8,0,0.0,0.0,43.6591,-70.2568,2021,4,9,23
2021-04-10 00:00:00,0.0,0.0,0.0,0.0,7.1,94,4.7,212,1014.7,14,4,12,0,0.0,0.0,43.6591,-70.2568,2021,4,10,0
2021-04-10 01:00:00,0.0,0.0,0.0,0.0,6.7,95,3.8,163,1014.2,11,4,9,0,0.0,0.0,43.6591,-70.2568,2021,4,10,1
2021-04-10 02:00:00,0.0,0.0,0.0,0.0,6.6,96,6.2,187,1013.7,4,3,1,0,0.0,0.0,43.6591,-70.2568,2021,4,10,2
2021-04-10 03:00:00,0.0,0.0,0.0,0.0,6.4,96,9.6,214,1013.1,1,1,0,0,0.0,0.0,43.6591,-70.2568,2021,4,10,3
2021-04-10 04:00:00,0.0,0.0,0.0,0.0,6.3,96,9.7,239,1012.5,6,0,6,1,0.0,0.0,43.6591,-70.2568,2021,4,10,4
2021-04-10 05:00:00,0.0,0.0,0.0,0.0,6.3,96,8.0,260,1012.2,15,0,6,9,0.0,0.0,43.6591,-70.2568,2021,4,10,5
2021-04-10 06:00:00,0.0,0.0,0.0,0.0,5.9,96,4.4,305,1012.2,17,0,5,12,0.0,0.0,43.6591,-70.2568,2021,4,10,6
2021-04-10 07:00:00,34.0,18.0,16.0,190.1,6.7,96,4.6,315,1012.3,14,0,13,0,0.0,2929.77,43.6591,-70.2568,2021,4,10,7
2021-04-10 08:00:00,179.0,121.0,58.0,494.6,9.0,89,1.9,248,1011.3,16,0,15,0,0.0,3600.0,43.6591,-70.2568,2021,4,10,8
2021-04-10 09:00:00,351.0,259.0,92.0,615.7,12.4,77,2.9,263,1011.2,6,0,6,0,0.0,3600.0,43.6591,-70.2568,2021,4,10,9
2021-04-10 10:00:00,546.0,456.0,90.0,793.6,15.5,67,1.8,191,1011.1,0,0,0,0,0.0,3600.0,43.6591,-70.2568,2021,4,10,10
2021-04-10 11:00:00,688.0,590.0,98.0,847.6,17.7,61,2.4,117,1010.5,50,0,0,50,0.0,3600.0,43.6591,-70.2568,2021,4,10,11
2021-04-10 12:00:00,780.0,665.0,115.0,856.1,17.8,63,8.9,140,1009.5,33,0,0,33,0.0,3600.0,43.6591,-70.2568,2021,4,10,12
2021-04-10 13:00:00,825.0,719.0,106.0,886.2,18.0,63,10.0,139,1008.8,43,0,8,42,0.0,3600.0,43.6591,-70.2568,2021,4,10,13
2021-04-10 14:00:00,802.0,686.0,116.0,860.5,18.4,60,10.7,140,1007.6,5,0,5,0,0.0,3600.0,43.6591,-70.2568,2021,4,10,14
2021-04-10 15:00:00,732.0,636.0,96.0,864.7,18.2,58,10.6,156,1006.8,3,0,3,0,0.0,3600.0,43.6591,-70.2568,2021,4,10,15
2021-04-10 16:00:00,594.0,499.0,95.0,791.5,18.4,57,11.2,178,1006.5,37,0,37,0,0.0,3600.0,43.6591,-70.2568,2021,4,10,16
2021-04-10 17:00:00,341.0,253.0,88.0,517.2,17.0,64,10.1,180,1005.7,73,0,73,0,0.0,3600.0,43.6591,-70.2568,2021,4,10,17
2021-04-10 18:00:00,149.0,68.0,81.0,211.6,15.3,72,11.8,200,1005.3,48,0,48,0,0.0,3600.0,43.6591,-70.2568,2021,4,10,18
2021-04-10 19:00:00,66.0,33.0,33.0,238.4,13.8,77,10.5,196,1004.9,26,0,26,0,0.0,3600.0,43.6591,-70.2568,2021,4,10,19
2021-04-10 20:00:00,2.0,0.0,2.0,0.0,11.4,84,4.3,114,1004.1,30,0,50,0,0.0,0.0,43.6591,-70.2568,2021,4,10,20
2021-04-10 21:00:00,0.0,0.0,0.0,0.0,9.2,90,15.9,87,1004.4,33,1,33,0,0.1,0.0,43.6591,-70.2568,2021,4,10,21
2021-04-10 22:00:00,0.0,0.0,0.0,0.0,8.2,92,14.4,68,1004.0,13,5,9,0,0.0,0.0,43.6591,-70.2568,2021,4,10,22
2021-04-10 23:00:00,0.0,0.0,0.0,0.0,7.4,95,15.1,65,1003.6,81,9,6,78,0.0,0.0,43.6591,-70.2568,2021,4,10,23
2021-04-11 00:00:00,0.0,0.0,0.0,0.0,7.2,96,13.0,51,1003.5,58,11,4,53,0.0,0.0,43.6591,-70.2568,2021,4,11,0
2021-04-11 01:00:00,0.0,0.0,0.0,0.0,7.2,94,15.1,28,1004.6,93,17,7,92,0.0,0.0,43.6591,-70.2568,2021,4,11,1
2021-04-11 02:00:00,0.0,0.0,0.0,0.0,6.6,96,16.0,31,1004.5,84,19,1,82,0.0,0.0,43.6591,-70.2568,2021,4,11,2
2021-04-11 03:00:00,0.0,0.0,0.0,0.0,6.8,92,15.6,40,1004.9,77,15,2,73,0.0,0.0,43.6591,-70.2568,2021,4,11,3
2021-04-11 04:00:00,0.0,0.0,0.0,0.0,6.5,84,14.3,43,1005.1,76,8,2,73,0.0,0.0,43.6591,-70.2568,2021,4,11,4
2021-04-11 05:00:00,0.0,0.0,0.0,0.0,5.8,80,13.6,37,1004.8,5,4,1,1,0.0,0.0,43.6591,-70.2568,2021,4,11,5
2021-04-11 06:00:00,0.0,0.0,0.0,0.0,5.0,82,10.8,26,1005.2,4,3,0,1,0.0,0.0,43.6591,-70.2568,2021,4,11,6
2021-04-11 07:00:00,37.0,20.0,17.0,205.6,5.6,80,12.7,29,1005.8,57,57,0,1,0.0,3033.56,43.6591,-70.2568,2021,4,11,7
2021-04-11 08:00:00,146.0,73.0,73.0,292.3,6.2,83,12.7,47,1006.6,100,100,1,0,0.0,3600.0,43.6591,-70.2568,2021,4,11,8
2021-04-11 09:00:00,146.0,13.0,133.0,30.6,6.4,85,15.7,58,1006.4,100,100,0,9,0.0,0.0,43.6591,-70.2568,2021,4,11,9
2021-04-11 10:00:00,220.0,24.0,196.0,41.4,6.8,82,17.5,71,1007.3,100,100,0,94,0.0,0.0,43.6591,-70.2568,2021,4,11,10
2021-04-11 11:00:00,217.0,27.0,190.0,38.6,6.8,80,15.7,74,1007.5,100,100,5,91,0.0,0.0,43.6591,-70.2568,2021,4,11,11
2021-04-11 12:00:00,365.0,75.0,290.0,96.1,7.5,77,15.3,75,1006.7,99,97,2,67,0.0,1081.53,43.6591,-70.2568,2021,4,11,12
2021-04-11 13:00:00,603.0,271.0,332.0,332.5,8.5,72,15.2,85,1006.4,74,56,0,62,0.0,3600.0,43.6591,-70.2568,2021,4,11,13
2021-04-11 14:00:00,656.0,416.0,240.0,519.5,9.0,70,13.0,95,1005.6,87,28,2,82,0.0,3600.0,43.6591,-70.2568,2021,4,11,14
2021-04-11 15:00:00,656.0,460.0,196.0,622.5,8.8,71,11.6,116,1005.3,96,17,4,96,0.0,3600.0,43.6591,-70.2568,2021,4,11,15
2021-04-11 16:00:00,569.0,456.0,113.0,719.5,8.3,73,10.4,124,1005.3,31,4,1,28,0.0,3600.0,43.6591,-70.2568,2021,4,11,16
2021-04-11 17:00:00,464.0,374.0,90.0,759.4,7.9,74,10.2,129,1005.2,70,3,0,69,0.0,3600.0,43.6591,-70.2568,2021,4,11,17
2021-04-11 18:00:00,280.0,207.0,73.0,637.5,6.8,77,9.2,132,1005.5,96,0,0,96,0.0,3600.0,43.6591,-70.2568,2021,4,11,18
2021-04-11 19:00:00,97.0,56.0,41.0,394.6,5.4,85,3.6,143,1005.8,97,0,0,97,0.0,3600.0,43.6591,-70.2568,2021,4,11,19
2021-04-11 20:00:00,3.0,0.0,3.0,0.0,4.7,92,6.8,183,1005.4,99,0,0,97,0.0,0.0,43.6591,-70.2568,2021,4,11,20
2021-04-11 21:00:00,0.0,0.0,0.0,0.0,4.7,94,5.5,203,1005.8,98,0,0,98,0.0,0.0,43.6591,-70.2568,2021,4,11,21
2021-04-11 22:00:00,0.0,0.0,0.0,0.0,4.2,96,3.4,252,1005.8,98,0,0,98,0.0,0.0,43.6591,-70.2568,2021,4,11,22
2021-04-11 23:00:00,0.0,0.0,0.0,0.0,4.0,98,6.5,276,1005.9,97,0,0,97,0.0,0.0,43.6591,-70.2568,2021,4,11,23
2021-04-12 00:00:00,0.0,0.0,0.0,0.0,3.6,97,7.4,313,1005.8,99,1,0,99,0.0,0.0,43.6591,-70.2568,2021,4,12,0
2021-04-12 01:00:00,0.0,0.0,0.0,0.0,3.3,97,9.6,340,1006.0,98,9,4,97,0.0,0.0,43.6591,-70.2568,2021,4,12,1
2021-04-12 02:00:00,0.0,0.0,0.0,0.0,3.9,96,11.5,4,1005.9,96,10,1,96,0.0,0.0,43.6591,-70.2568,2021,4,12,2
2021-04-12 03:00:00,0.0,0.0,0.0,0.0,5.1,86,13.4,27,1006.3,98,64,1,96,0.0,0.0,43.6591,-70.2568,2021,4,12,3
2021-04-12 04:00:00,0.0,0.0,0.0,0.0,6.2,81,14.0,26,1006.5,100,100,1,95,0.0,0.0,43.6591,-70.2568,2021,4,12,4
2021-04-12 05:00:00,0.0,0.0,0.0,0.0,6.6,82,15.4,33,1006.6,100,100,0,46,0.0,0.0,43.6591,-70.2568,2021,4,12,5
2021-04-12 06:00:00,0.0,0.0,0.0,0.0,6.9,85,13.9,37,1006.9,100,100,0,11,0.1,0.0,43.6591,-70.2568,2021,4,12,6
2021-04-12 07:00:00,11.0,1.0,10.0,10.0,7.3,85,13.9,37,1007.3,100,100,0,1,0.0,0.0,43.6591,-70.2568,2021,4,12,7
2021-04-12 08:00:00,54.0,3.0,51.0,11.8,8.8,83,11.6,30,1006.9,100,100,9,0,0.0,0.0,43.6591,-70.2568,2021,4,12,8
2021-04-12 09:00:00,98.0,1.0,97.0,2.3,9.4,82,17.1,41,1007.3,100,100,0,0,0.0,0.0,43.6591,-70.2568,2021,4,12,9
2021-04-12 10:00:00,198.0,30.0,168.0,51.4,9.9,76,20.4,58,1008.0,100,100,0,0,0.1,0.0,43.6591,-70.2568,2021,4,12,10
2021-04-12 11:00:00,194.0,7.0,187.0,9.9,9.5,76,19.8,74,1008.4,100,100,0,0,0.0,0.0,43.6591,-70.2568,2021,4,12,11
2021-04-12 12:00:00,210.0,9.0,201.0,11.5,9.3,74,17.0,86,1008.9,100,100,2,0,0.0,0.0,43.6591,-70.2568,2021,4,12,12
2021-04-12 13:00:00,255.0,16.0,239.0,19.5,9.1,74,18.1,103,1009.3,66,66,9,0,0.0,0.0,43.6591,-70.2568,2021,4,12,13
2021-04-12 14:00:00,520.0,284.0,236.0,353.1,9.1,68,22.3,104,1009.5,32,32,0,0,0.0,3600.0,43.6591,-70.2568,2021,4,12,14
2021-04-12 15:00:00,674.0,486.0,188.0,654.7,8.7,70,21.8,103,1009.3,56,56,0,0,0.0,3600.0,43.6591,-70.2568,2021,4,12,15
2021-04-12 16:00:00,507.0,301.0,206.0,472.5,8.1,73,19.5,95,1009.5,74,74,0,0,0.0,3600.0,43.6591,-70.2568,2021,4,12,16
2021-04-12 17:00:00,340.0,173.0,167.0,349.0,7.9,74,17.3,91,1009.7,79,79,0,0,0.0,3600.0,43.6591,-70.2568,2021,4,12,17
2021-04-12 18:00:00,166.0,59.0,107.0,179.8,7.4,76,12.6,90,1010.1,75,75,0,0,0.0,3595.13,43.6591,-70.2568,2021,4,12,18
2021-04-12 19:00:00,61.0,21.0,40.0,144.4,7.0,79,7.9,93,1010.4,47,47,0,0,0.0,2532.19,43.6591,-70.2568,2021,4,12,19
2021-04-12 20:00:00,3.0,1.0,2.0,19.1,5.4,88,4.1,232,1010.8,46,32,3,0,0.0,0.0,43.6591,-70.2568,2021,4,12,20
2021-04-12 21:00:00,0.0,0.0,0.0,0.0,5.6,88,6.5,289,1011.5,60,60,3,0,0.0,0.0,43.6591,-70.2568,2021,4,12,21
2021-04-12 22:00:00,0.0,0.0,0.0,0.0,5.4,87,8.4,310,1011.7,50,50,0,0,0.0,0.0,43.6591,-70.2568,2021,4,12,22
2021-04-12 23:00:00,0.0,0.0,0.0,0.0,5.1,88,9.9,327,1011.7,25,25,0,0,0.0,0.0,43.6591,-70.2568,2021,4,12,23
2021-04-13 00:00:00,0.0,0.0,0.0,0.0,5.3,86,12.0,351,1011.8,84,83,16,0,0.0,0.0,43.6591,-70.2568,2021,4,13,0
2021-04-13 01:00:00,0.0,0.0,0.0,0.0,7.2,78,12.9,27,1011.8,45,44,16,0,0.0,0.0,43.6591,-70.2568,2021,4,13,1
2021-04-13 02:00:00,0.0,0.0,0.0,0.0,7.0,78,12.8,16,1011.6,34,34,12,0,0.0,0.0,43.6591,-70.2568,2021,4,13,2
2021-04-13 03:00:00,0.0,0.0,0.0,0.0,6.7,78,13.9,10,1011.7,21,20,14,0,0.0,0.0,43.6591,-70.2568,2021,4,13,3
2021-04-13 04:00:00,0.0,0.0,0.0,0.0,6.2,79,13.7,2,1011.9,17,15,14,0,0.0,0.0,43.6591,-70.2568,2021,4,13,4
2021-04-13 05:00:00,0.0,0.0,0.0,0.0,5.8,79,13.8,354,1012.2,22,20,17,0,0.0,0.0,43.6591,-70.2568,2021,4,13,5
2021-04-13 06:00:00,0.0,0.0,0.0,0.0,5.7,78,13.7,355,1012.8,29,22,23,0,0.0,0.0,43.6591,-70.2568,2021,4,13,6
2021-04-13 07:00:00,37.0,18.0,19.0,176.0,6.4,76,13.8,354,1013.4,34,27,27,0,0.0,3238.47,43.6591,-70.2568,2021,4,13,7
2021-04-13 08:00:00,153.0,93.0,60.0,358.1,9.0,67,13.0,6,1013.1,38,62,92,0,0.0,3600.0,43.6591,-70.2568,2021,4,13,8
2021-04-13 09:00:00,183.0,61.0,122.0,140.2,9.9,62,15.8,21,1013.5,48,42,35,0,0.0,2407.1,43.6591,-70.2568,2021,4,13,9
2021-04-13 10:00:00,401.0,257.0,144.0,437.0,11.3,58,16.1,27,1013.8,41,36,20,0,0.0,3600.0,43.6591,-70.2568,2021,4,13,10
2021-04-13 11:00:00,566.0,396.0,170.0,558.7,13.2,55,16.8,42,1013.6,100,99,12,0,0.0,3600.0,43.6591,-70.2568,2021,4,13,11
2021-04-13 12:00:00,581.0,269.0,312.0,341.1,13.8,54,15.4,57,1013.6,100,100,26,0,0.0,3600.0,43.6591,-70.2568,2021,4,13,12
2021-04-13 13:00:00,454.0,105.0,349.0,127.7,14.2,54,10.5,52,1013.2,100,100,33,0,0.0,2030.21,43.6591,-70.2568,2021,4,13,13
2021-04-13 14:00:00,399.0,135.0,264.0,167.1,14.5,53,10.0,52,1013.1,99,99,15,0,0.0,3214.17,43.6591,-70.2568,2021,4,13,14
2021-04-13 15:00:00,510.0,240.0,270.0,321.9,14.7,55,7.9,90,1012.6,100,100,20,0,0.0,3600.0,43.6591,-70.2568,2021,4,13,15
2021-04-13 16:00:00,357.0,119.0,238.0,185.9,14.3,60,4.3,156,1012.5,94,52,93,0,0.0,3600.0,43.6591,-70.2568,2021,4,13,16
2021-04-13 17:00:00,254.0,58.0,196.0,116.2,13.1,69,8.4,137,1012.2,92,11,91,0,0.0,1686.86,43.6591,-70.2568,2021,4,13,17
2021-04-13 18:00:00,131.0,43.0,88.0,129.7,11.1,74,10.3,168,1012.4,91,60,91,0,0.0,2092.48,43.6591,-70.2568,2021,4,13,18
2021-04-13 19:00:00,55.0,13.0,42.0,87.3,10.1,77,6.3,211,1012.3,87,3,87,0,0.0,819.11,43.6591,-70.2568,2021,4,13,19
2021-04-13 20:00:00,2.0,0.0,2.0,0.0,9.2,77,7.3,160,1013.1,76,12,75,0,0.0,0.0,43.6591,-70.2568,2021,4,13,20
2021-04-13 21:00:00,0.0,0.0,0.0,0.0,8.6,79,9.1,162,1013.9,66,21,65,0,0.0,0.0,43.6591,-70.2568,2021,4,13,21
2021-04-13 22:00:00,0.0,0.0,0.0,0.0,7.8,83,12.3,142,1014.5,48,15,48,0,0.0,0.0,43.6591,-70.2568,2021,4,13,22
2021-04-13 23:00:00,0.0,0.0,0.0,0.0,7.0,85,10.8,143,1014.8,62,16,62,0,0.0,0.0,43.6591,-70.2568,2021,4,13,23
2021-04-14 00:00:00,0.0,0.0,0.0,0.0,6.7,86,8.5,152,1015.0,41,13,39,0,0.0,0.0,43.6591,-70.2568,2021,4,14,0
2021-04-14 01:00:00,0.0,0.0,0.0,0.0,6.2,89,7.3,160,1014.8,38,32,25,0,0.0,0.0,43.6591,-70.2568,2021,4,14,1
2021-04-14 02:00:00,0.0,0.0,0.0,0.0,6.0,90,4.9,216,1014.7,37,29,30,0,0.0,0.0,43.6591,-70.2568,2021,4,14,2
2021-04-14 03:00:00,0.0,0.0,0.0,0.0,5.5,93,3.1,111,1015.1,37,31,32,0,0.0,0.0,43.6591,-70.2568,2021,4,14,3
2021-04-14 04:00:00,0.0,0.0,0.0,0.0,5.7,93,3.7,101,1015.2,47,44,23,0,0.0,0.0,43.6591,-70.2568,2021,4,14,4
2021-04-14 05:00:00,0.0,0.0,0.0,0.0,5.1,94,4.3,138,1015.3,43,38,23,0,0.0,0.0,43.6591,-70.2568,2021,4,14,5
2021-04-14 06:00:00,0.0,0.0,0.0,0.0,5.7,91,3.9,158,1015.6,50,37,16,19,0.0,0.0,43.6591,-70.2568,2021,4,14,6
2021-04-14 07:00:00,38.0,18.0,20.0,171.8,5.7,94,1.8,37,1016.1,76,46,3,56,0.0,3339.37,43.6591,-70.2568,2021,4,14,7
2021-04-14 08:00:00,156.0,84.0,72.0,317.4,6.5,82,6.9,28,1016.1,100,48,7,62,0.0,3600.0,43.6591,-70.2568,2021,4,14,8
2021-04-14 09:00:00,288.0,167.0,121.0,379.9,8.0,73,5.9,14,1015.9,58,47,13,18,0.0,3600.0,43.6591,-70.2568,2021,4,14,9
2021-04-14 10:00:00,456.0,291.0,165.0,491.2,9.3,69,4.8,63,1015.4,71,66,6,16,0.0,3600.0,43.6591,-70.2568,2021,4,14,10
2021-04-14 11:00:00,517.0,295.0,222.0,413.8,9.9,67,4.1,105,1014.9,100,100,2,0,0.0,3600.0,43.6591,-70.2568,2021,4,14,11
2021-04-14 12:00:00,555.0,220.0,335.0,277.6,10.5,65,5.6,135,1014.1,100,100,0,0,0.0,3600.0,43.6591,-70.2568,2021,4,14,12
2021-04-14 13:00:00,526.0,149.0,377.0,180.4,10.7,61,9.5,151,1013.3,94,94,0,0,0.0,3600.0,43.6591,-70.2568,2021,4,14,13
2021-04-14 14:00:00,788.0,565.0,223.0,696.6,11.6,57,12.5,162,1012.7,36,36,0,0,0.0,3600.0,43.6591,-70.2568,2021,4,14,14
2021-04-14 15:00:00,713.0,549.0,164.0,733.1,10.8,62,15.0,156,1011.9,0,0,0,0,0.0,3600.0,43.6591,-70.2568,2021,4,14,15
2021-04-14 16:00:00,638.0,542.0,96.0,842.3,9.5,66,14.5,150,1011.4,0,0,0,0,0.0,3600.0,43.6591,-70.2568,2021,4,14,16
2021-04-14 17:00:00,477.0,394.0,83.0,784.5,8.5,68,12.7,155,1011.2,2,1,2,0,0.0,3600.0,43.6591,-70.2568,2021,4,14,17
2021-04-14 18:00:00,287.0,218.0,69.0,651.3,7.5,74,10.9,171,1011.0,16,10,15,0,0.0,3600.0,43.6591,-70.2568,2021,4,14,18
2021-04-14 19:00:00,101.0,60.0,41.0,393.8,6.4,80,9.4,176,1010.8,1,0,1,0,0.0,3600.0,43.6591,-70.2568,2021,4,14,19
2021-04-14 20:00:00,4.0,1.0,3.0,19.1,5.5,88,11.1,167,1010.8,6,1,1,0,0.0,0.0,43.6591,-70.2568,2021,4,14,20
2021-04-14 21:00:00,0.0,0.0,0.0,0.0,5.2,87,11.0,191,1011.1,3,0,3,0,0.0,0.0,43.6591,-70.2568,2021,4,14,21
2021-04-14 22:00:00,0.0,0.0,0.0,0.0,4.8,89,10.5,207,1011.1,15,9,13,0,0.0,0.0,43.6591,-70.2568,2021,4,14,22
2021-04-14 23:00:00,0.0,0.0,0.0,0.0,4.7,89,9.7,219,1011.3,49,28,47,0,0.0,0.0,43.6591,-70.2568,2021,4,14,23
2021-04-15 00:00:00,0.0,0.0,0.0,0.0,4.9,86,6.9,227,1011.0,46,23,44,0,0.0,0.0,43.6591,-70.2568,2021,4,15,0
2021-04-15 01:00:00,0.0,0.0,0.0,0.0,5.1,85,5.4,222,1010.4,45,29,43,0,0.0,0.0,43.6591,-70.2568,2021,4,15,1
2021-04-15 02:00:00,0.0,0.0,0.0,0.0,5.1,85,5.6,230,1010.1,41,33,39,0,0.0,0.0,43.6591,-70.2568,2021,4,15,2
2021-04-15 03:00:00,0.0,0.0,0.0,0.0,4.9,87,5.0,240,1009.9,35,33,31,0,0.0,0.0,43.6591,-70.2568,2021,4,15,3
2021-04-15 04:00:00,0.0,0.0,0.0,0.0,3.7,93,5.9,232,1009.5,33,31,27,0,0.0,0.0,43.6591,-70.2568,2021,4,15,4
2021-04-15 05:00:00,0.0,0.0,0.0,0.0,3.7,93,5.1,184,1009.1,3,2,0,0,0.0,0.0,43.6591,-70.2568,2021,4,15,5
2021-04-15 06:00:00,0.0,0.0,0.0,0.0,4.2,92,5.4,188,1009.0,41,6,0,37,0.0,0.0,43.6591,-70.2568,2021,4,15,6
2021-04-15 07:00:00,50.0,27.0,23.0,252.0,4.8,92,4.1,105,1009.1,80,9,0,78,0.0,3439.07,43.6591,-70.2568,2021,4,15,7
2021-04-15 08:00:00,216.0,155.0,61.0,575.3,7.3,75,5.4,132,1009.3,6,0,0,8,0.0,3600.0,43.6591,-70.2568,2021,4,15,8
2021-04-15 09:00:00,406.0,326.0,80.0,734.0,9.0,62,8.7,128,1009.3,27,1,0,26,0.0,3600.0,43.6591,-70.2568,2021,4,15,9
2021-04-15 10:00:00,579.0,479.0,100.0,802.7,9.7,59,11.8,130,1009.2,84,0,0,84,0.0,3600.0,43.6591,-70.2568,2021,4,15,10
2021-04-15 11:00:00,665.0,462.0,203.0,644.5,9.9,57,13.0,132,1009.0,95,0,39,93,0.0,3600.0,43.6591,-70.2568,2021,4,15,11
2021-04-15 12:00:00,701.0,441.0,260.0,553.9,10.0,56,13.7,135,1009.0,97,0,77,96,0.0,3600.0,43.6591,-70.2568,2021,4,15,12
2021-04-15 13:00:00,721.0,419.0,302.0,505.1,9.8,59,14.8,131,1008.5,97,0,85,96,0.0,3600.0,43.6591,-70.2568,2021,4,15,13
2021-04-15 14:00:00,619.0,252.0,367.0,309.4,9.2,63,14.3,131,1008.3,99,0,70,99,0.0,3600.0,43.6591,-70.2568,2021,4,15,14
2021-04-15 15:00:00,591.0,276.0,315.0,367.0,9.0,65,13.2,135,1008.1,95,0,80,94,0.0,3600.0,43.6591,-70.2568,2021,4,15,15
2021-04-15 16:00:00,539.0,326.0,213.0,504.1,8.7,67,13.3,123,1007.5,100,0,100,84,0.0,3600.0,43.6591,-70.2568,2021,4,15,16
2021-04-15 17:00:00,194.0,14.0,180.0,27.7,7.3,78,11.8,113,1007.3,100,1,100,97,0.0,0.0,43.6591,-70.2568,2021,4,15,17
2021-04-15 18:00:00,110.0,3.0,107.0,8.9,6.8,84,11.4,108,1007.3,100,16,100,95,0.0,0.0,43.6591,-70.2568,2021,4,15,18
2021-04-15 19:00:00,25.0,0.0,25.0,0.0,6.2,86,11.6,106,1007.2,100,34,99,99,0.0,0.0,43.6591,-70.2568,2021,4,15,19
2021-04-15 20:00:00,1.0,0.0,1.0,0.0,6.3,86,11.2,96,1006.7,100,3,92,97,0.0,0.0,43.6591,-70.2568,2021,4,15,20
2021-04-15 21:00:00,0.0,0.0,0.0,0.0,6.0,79,13.7,93,1006.6,100,1,99,99,0.0,0.0,43.6591,-70.2568,2021,4,15,21
2021-04-15 22:00:00,0.0,0.0,0.0,0.0,5.8,77,12.1,100,1006.5,100,0,100,100,0.0,0.0,43.6591,-70.2568,2021,4,15,22
2021-04-15 23:00:00,0.0,0.0,0.0,0.0,5.6,76,11.7,101,1005.6,100,0,98,100,0.0,0.0,43.6591,-70.2568,2021,4,15,23
2021-04-16 00:00:00,0.0,0.0,0.0,0.0,5.3,79,12.8,101,1005.4,100,0,97,100,0.0,0.0,43.6591,-70.2568,2021,4,16,0
2021-04-16 01:00:00,0.0,0.0,0.0,0.0,5.0,80,12.7,83,1004.8,100,0,100,66,0.0,0.0,43.6591,-70.2568,2021,4,16,1
2021-04-16 02:00:00,0.0,0.0,0.0,0.0,5.0,81,12.6,70,1004.4,100,1,100,93,0.0,0.0,43.6591,-70.2568,2021,4,16,2
2021-04-16 03:00:00,0.0,0.0,0.0,0.0,4.8,81,14.5,60,1003.7,99,2,94,96,0.1,0.0,43.6591,-70.2568,2021,4,16,3
2021-04-16 04:00:00,0.0,0.0,0.0,0.0,4.6,78,17.0,58,1003.1,99,2,98,96,0.0,0.0,43.6591,-70.2568,2021,4,16,4
2021-04-16 05:00:00,0.0,0.0,0.0,0.0,4.5,81,20.1,61,1002.4,100,3,60,99,0.9,0.0,43.6591,-70.2568,2021,4,16,5
2021-04-16 06:00:00,0.0,0.0,0.0,0.0,4.6,87,23.0,70,1002.0,100,30,100,100,0.3,0.0,43.6591,-70.2568,2021,4,16,6
2021-04-16 07:00:00,7.0,0.0,7.0,0.0,3.6,99,25.2,71,1001.9,100,93,100,100,1.0,0.0,43.6591,-70.2568,2021,4,16,7
2021-04-16 08:00:00,15.0,0.0,15.0,0.0,3.9,94,23.5,65,1001.8,100,100,100,100,1.9,0.0,43.6591,-70.2568,2021,4,16,8
2021-04-16 09:00:00,28.0,0.0,28.0,0.0,3.1,100,23.4,59,1000.7,100,100,100,100,2.6,0.0,43.6591,-70.2568,2021,4,16,9
2021-04-16 10:00:00,30.0,0.0,30.0,0.0,2.6,100,24.2,44,999.9,100,100,100,100,3.1,0.0,43.6591,-70.2568,2021,4,16,10
2021-04-16 11:00:00,35.0,0.0,35.0,0.0,2.4,100,25.5,42,999.0,100,100,100,100,3.5,0.0,43.6591,-70.2568,2021,4,16,11
2021-04-16 12:00:00,46.0,0.0,46.0,0.0,2.3,100,21.4,41,998.7,100,99,100,81,3.2,0.0,43.6591,-70.2568,2021,4,16,12
2021-04-16 13:00:00,61.0,1.0,60.0,1.2,2.2,100,24.2,41,998.8,100,100,100,70,3.3,0.0,43.6591,-70.2568,2021,4,16,13
2021-04-16 14:00:00,100.0,0.0,100.0,0.0,2.2,100,26.3,41,998.8,100,100,100,68,2.3,0.0,43.6591,-70.2568,2021,4,16,14
2021-04-16 15:00:00,101.0,0.0,101.0,0.0,2.2,100,26.2,34,998.5,100,100,100,70,1.4,0.0,43.6591,-70.2568,2021,4,16,15
2021-04-16 16:00:00,94.0,1.0,93.0,1.5,2.2,100,27.1,33,998.3,100,100,99,46,0.9,0.0,43.6591,-70.2568,2021,4,16,16
2021-04-16 17:00:00,73.0,0.0,73.0,0.0,2.2,100,27.9,33,998.2,100,100,98,96,0.8,0.0,43.6591,-70.2568,2021,4,16,17
2021-04-16 18:00:00,37.0,0.0,37.0,0.0,2.2,100,32.0,36,998.3,100,100,96,90,0.7,0.0,43.6591,-70.2568,2021,4,16,18
2021-04-16 19:00:00,12.0,0.0,12.0,0.0,2.3,99,31.6,37,998.4,100,100,97,54,0.6,0.0,43.6591,-70.2568,2021,4,16,19
2021-04-16 20:00:00,1.0,0.0,1.0,0.0,2.1,95,26.5,31,999.7,100,100,100,0,0.4,0.0,43.6591,-70.2568,2021,4,16,20
2021-04-16 21:00:00,0.0,0.0,0.0,0.0,2.2,100,27.7,26,1000.0,100,100,99,0,0.8,0.0,43.6591,-70.2568,2021,4,16,21
2021-04-16 22:00:00,0.0,0.0,0.0,0.0,2.3,100,25.6,35,999.9,100,100,51,0,0.6,0.0,43.6591,-70.2568,2021,4,16,22
2021-04-16 23:00:00,0.0,0.0,0.0,0.0,2.6,100,24.7,43,1000.1,100,100,89,0,0.5,0.0,43.6591,-70.2568,2021,4,16,23
2021-04-17 00:00:00,0.0,0.0,0.0,0.0,2.9,96,23.6,31,1000.2,100,100,89,0,0.1,0.0,43.6591,-70.2568,2021,4,17,0
2021-04-17 01:00:00,0.0,0.0,0.0,0.0,2.6,96,23.2,28,1000.5,100,100,86,0,0.1,0.0,43.6591,-70.2568,2021,4,17,1
2021-04-17 02:00:00,0.0,0.0,0.0,0.0,2.4,96,22.1,22,1000.1,100,100,96,0,0.2,0.0,43.6591,-70.2568,2021,4,17,2
2021-04-17 03:00:00,0.0,0.0,0.0,0.0,2.3,96,22.0,21,1000.2,100,100,100,97,0.2,0.0,43.6591,-70.2568,2021,4,17,3
2021-04-17 04:00:00,0.0,0.0,0.0,0.0,2.3,96,20.3,20,1000.2,100,100,100,19,0.1,0.0,43.6591,-70.2568,2021,4,17,4
2021-04-17 05:00:00,0.0,0.0,0.0,0.0,2.3,96,18.9,14,1000.4,100,100,100,2,0.2,0.0,43.6591,-70.2568,2021,4,17,5
2021-04-17 06:00:00,0.0,0.0,0.0,0.0,1.8,100,17.7,2,1000.7,100,100,100,27,0.5,0.0,43.6591,-70.2568,2021,4,17,6
2021-04-17 07:00:00,8.0,0.0,8.0,0.0,1.8,100,17.3,355,1000.9,100,100,100,5,0.5,0.0,43.6591,-70.2568,2021,4,17,7
2021-04-17 08:00:00,29.0,1.0,28.0,3.6,2.1,95,19.5,3,1001.7,100,100,99,0,0.4,0.0,43.6591,-70.2568,2021,4,17,8
2021-04-17 09:00:00,106.0,1.0,105.0,2.2,2.6,93,20.5,360,1001.9,99,88,98,0,0.2,0.0,43.6591,-70.2568,2021,4,17,9
2021-04-17 10:00:00,114.0,2.0,112.0,3.3,2.9,90,20.9,1,1002.5,100,99,100,0,0.2,0.0,43.6591,-70.2568,2021,4,17,10
2021-04-17 11:00:00,95.0,1.0,94.0,1.4,3.0,91,18.4,358,1002.6,100,99,100,0,0.2,0.0,43.6591,-70.2568,2021,4,17,11
2021-04-17 12:00:00,181.0,7.0,174.0,8.7,3.9,83,20.9,360,1002.6,100,100,100,0,0.2,0.0,43.6591,-70.2568,2021,4,17,12
2021-04-17 13:00:00,146.0,2.0,144.0,2.4,4.4,78,19.5,2,1002.7,100,100,100,0,0.1,0.0,43.6591,-70.2568,2021,4,17,13
2021-04-17 14:00:00,209.0,8.0,201.0,9.7,5.8,66,16.3,6,1002.8,100,100,100,0,0.0,0.0,43.6591,-70.2568,2021,4,17,14
2021-04-17 15:00:00,164.0,5.0,159.0,6.6,6.0,65,18.1,5,1003.1,100,100,98,0,0.0,0.0,43.6591,-70.2568,2021,4,17,15
2021-04-17 16:00:00,248.0,24.0,224.0,36.8,6.8,60,18.4,358,1003.1,100,100,58,0,0.0,0.0,43.6591,-70.2568,2021,4,17,16
2021-04-17 17:00:00,201.0,22.0,179.0,43.0,7.0,58,15.6,353,1003.4,100,100,53,0,0.0,0.0,43.6591,-70.2568,2021,4,17,17
2021-04-17 18:00:00,79.0,6.0,73.0,17.4,6.6,62,10.4,358,1004.0,100,100,82,4,0.0,0.0,43.6591,-70.2568,2021,4,17,18
2021-04-17 19:00:00,28.0,1.0,27.0,6.1,6.1,65,8.3,5,1004.3,100,99,97,5,0.0,0.0,43.6591,-70.2568,2021,4,17,19
2021-04-17 20:00:00,2.0,0.0,2.0,0.0,6.5,71,9.7,338,1004.4,100,100,84,0,0.0,0.0,43.6591,-70.2568,2021,4,17,20
2021-04-17 21:00:00,0.0,0.0,0.0,0.0,6.3,71,9.2,334,1004.4,99,99,28,0,0.0,0.0,43.6591,-70.2568,2021,4,17,21
2021-04-17 22:00:00,0.0,0.0,0.0,0.0,5.3,73,9.8,324,1004.3,75,74,24,0,0.0,0.0,43.6591,-70.2568,2021,4,17,22
2021-04-17 23:00:00,0.0,0.0,0.0,0.0,4.5,75,11.2,312,1003.9,79,79,26,0,0.0,0.0,43.6591,-70.2568,2021,4,17,23
2021-04-18 00:00:00,0.0,0.0,0.0,0.0,4.6,73,11.3,323,1003.9,84,83,45,0,0.0,0.0,43.6591,-70.2568,2021,4,18,0
2021-04-18 01:00:00,0.0,0.0,0.0,0.0,4.4,74,10.0,330,1003.7,75,73,42,0,0.0,0.0,43.6591,-70.2568,2021,4,18,1
2021-04-18 02:00:00,0.0,0.0,0.0,0.0,3.5,79,9.2,321,1003.6,85,84,56,0,0.0,0.0,43.6591,-70.2568,2021,4,18,2
2021-04-18 03:00:00,0.0,0.0,0.0,0.0,4.0,78,6.7,324,1003.6,98,98,77,0,0.0,0.0,43.6591,-70.2568,2021,4,18,3
2021-04-18 04:00:00,0.0,0.0,0.0,0.0,4.2,78,6.6,351,1003.9,99,99,70,0,0.0,0.0,43.6591,-70.2568,2021,4,18,4
2021-04-18 05:00:00,0.0,0.0,0.0,0.0,4.2,80,4.1,315,1004.1,98,97,31,0,0.0,0.0,43.6591,-70.2568,2021,4,18,5
2021-04-18 06:00:00,0.0,0.0,0.0,0.0,3.8,82,4.9,287,1004.3,97,97,60,6,0.0,0.0,43.6591,-70.2568,2021,4,18,6
2021-04-18 07:00:00,26.0,4.0,22.0,35.0,4.5,80,5.2,295,1004.6,94,91,89,1,0.0,0.0,43.6591,-70.2568,2021,4,18,7
2021-04-18 08:00:00,87.0,14.0,73.0,49.4,6.0,72,4.2,301,1004.2,95,88,87,0,0.0,0.0,43.6591,-70.2568,2021,4,18,8
2021-04-18 09:00:00,273.0,99.0,174.0,216.5,7.7,64,5.4,312,1004.2,64,3,64,0,0.0,3600.0,43.6591,-70.2568,2021,4,18,9
2021-04-18 10:00:00,543.0,381.0,162.0,625.6,9.7,55,7.9,330,1004.2,72,62,38,3,0.0,3600.0,43.6591,-70.2568,2021,4,18,10
2021-04-18 11:00:00,451.0,191.0,260.0,262.3,9.9,53,6.3,329,1004.0,100,100,94,24,0.0,3600.0,43.6591,-70.2568,2021,4,18,11
2021-04-18 12:00:00,239.0,19.0,220.0,23.5,9.3,55,1.9,68,1003.8,92,87,75,39,0.0,0.0,43.6591,-70.2568,2021,4,18,12
2021-04-18 13:00:00,437.0,155.0,282.0,184.6,10.3,53,1.5,166,1003.6,99,98,84,55,0.0,3600.0,43.6591,-70.2568,2021,4,18,13
2021-04-18 14:00:00,287.0,37.0,250.0,44.9,10.0,56,3.3,186,1003.4,99,97,89,68,0.0,0.0,43.6591,-70.2568,2021,4,18,14
2021-04-18 15:00:00,308.0,55.0,253.0,72.2,10.6,56,2.6,214,1003.5,98,96,96,59,0.0,367.36,43.6591,-70.2568,2021,4,18,15
2021-04-18 16:00:00,318.0,55.0,263.0,83.9,11.1,52,3.7,259,1003.3,99,81,97,51,0.0,715.94,43.6591,-70.2568,2021,4,18,16
2021-04-18 17:00:00,153.0,13.0,140.0,25.3,10.1,65,3.3,167,1003.5,88,75,87,4,0.0,0.0,43.6591,-70.2568,2021,4,18,17
2021-04-18 18:00:00,119.0,32.0,87.0,92.0,9.3,78,6.2,159,1003.9,80,51,79,0,0.0,961.44,43.6591,-70.2568,2021,4,18,18
2021-04-18 19:00:00,58.0,19.0,39.0,114.5,7.9,87,7.6,175,1004.2,68,45,66,0,0.0,1634.07,43.6591,-70.2568,2021,4,18,19
2021-04-18 20:00:00,4.0,1.0,3.0,18.2,7.4,81,8.4,200,1004.9,41,30,64,0,0.0,0.0,43.6591,-70.2568,2021,4,18,20
2021-04-18 21:00:00,0.0,0.0,0.0,0.0,6.7,80,7.1,221,1005.4,48,27,45,0,0.0,0.0,43.6591,-70.2568,2021,4,18,21
2021-04-18 22:00:00,0.0,0.0,0.0,0.0,5.8,86,6.6,261,1005.6,21,20,19,0,0.0,0.0,43.6591,-70.2568,2021,4,18,22
2021-04-18 23:00:00,0.0,0.0,0.0,0.0,4.9,88,8.2,285,1005.8,8,3,8,0,0.0,0.0,43.6591,-70.2568,2021,4,18,23
2021-04-19 00:00:00,0.0,0.0,0.0,0.0,4.3,86,8.5,298,1005.9,2,1,2,0,0.0,0.0,43.6591,-70.2568,2021,4,19,0
2021-04-19 01:00:00,0.0,0.0,0.0,0.0,3.9,85,9.4,310,1006.0,0,0,0,0,0.0,0.0,43.6591,-70.2568,2021,4,19,1
2021-04-19 02:00:00,0.0,0.0,0.0,0.0,3.3,86,10.8,296,1005.8,3,2,1,0,0.0,0.0,43.6591,-70.2568,2021,4,19,2
2021-04-19 03:00:00,0.0,0.0,0.0,0.0,2.7,89,10.0,296,1005.7,2,1,2,0,0.0,0.0,43.6591,-70.2568,2021,4,19,3
2021-04-19 04:00:00,0.0,0.0,0.0,0.0,2.2,91,10.1,287,1006.1,0,0,0,0,0.0,0.0,43.6591,-70.2568,2021,4,19,4
2021-04-19 05:00:00,0.0,0.0,0.0,0.0,1.9,91,10.4,284,1006.3,0,0,0,0,0.0,0.0,43.6591,-70.2568,2021,4,19,5
2021-04-19 06:00:00,0.0,0.0,0.0,0.0,2.0,90,10.0,283,1006.9,0,0,0,0,0.0,0.0,43.6591,-70.2568,2021,4,19,6
2021-04-19 07:00:00,65.0,38.0,27.0,326.5,4.1,82,9.1,279,1007.1,38,0,0,38,0.0,3600.0,43.6591,-70.2568,2021,4,19,7
2021-04-19 08:00:00,234.0,167.0,67.0,580.4,7.6,74,5.6,297,1007.3,54,0,0,51,0.0,3600.0,43.6591,-70.2568,2021,4,19,8
2021-04-19 09:00:00,420.0,326.0,94.0,706.5,11.6,59,4.2,301,1007.1,86,0,0,86,0.0,3600.0,43.6591,-70.2568,2021,4,19,9
2021-04-19 10:00:00,582.0,451.0,131.0,735.8,13.0,50,0.7,180,1006.8,92,0,0,92,0.0,3600.0,43.6591,-70.2568,2021,4,19,10
2021-04-19 11:00:00,721.0,579.0,142.0,791.1,13.8,47,2.6,164,1006.4,85,0,0,85,0.0,3600.0,43.6591,-70.2568,2021,4,19,11
2021-04-19 12:00:00,820.0,673.0,147.0,830.6,14.5,45,4.5,166,1005.8,20,1,20,0,0.0,3600.0,43.6591,-70.2568,2021,4,19,12
2021-04-19 13:00:00,857.0,740.0,117.0,878.1,15.0,45,9.2,159,1005.4,21,3,21,0,0.0,3600.0,43.6591,-70.2568,2021,4,19,13
2021-04-19 14:00:00,788.0,645.0,143.0,779.9,14.2,51,17.4,162,1005.1,47,7,46,0,0.0,3600.0,43.6591,-70.2568,2021,4,19,14
2021-04-19 15:00:00,707.0,563.0,144.0,736.6,13.6,51,16.6,175,1005.0,27,0,27,0,0.0,3600.0,43.6591,-70.2568,2021,4,19,15
2021-04-19 16:00:00,582.0,450.0,132.0,683.1,13.4,53,15.9,176,1004.5,32,2,32,2,0.0,3600.0,43.6591,-70.2568,2021,4,19,16
2021-04-19 17:00:00,425.0,321.0,104.0,620.0,12.8,58,14.4,183,1004.5,60,1,58,19,0.0,3600.0,43.6591,-70.2568,2021,4,19,17
2021-04-19 18:00:00,276.0,187.0,89.0,533.0,12.1,64,12.4,202,1004.9,92,5,90,20,0.0,3600.0,43.6591,-70.2568,2021,4,19,18
2021-04-19 19:00:00,75.0,17.0,58.0,100.4,11.2,71,8.0,216,1004.8,42,0,7,39,0.0,1211.55,43.6591,-70.2568,2021,4,19,19
2021-04-19 20:00:00,7.0,3.0,4.0,52.9,10.1,76,5.7,288,1005.7,65,0,59,8,0.0,228.88,43.6591,-70.2568,2021,4,19,20
2021-04-19 21:00:00,0.0,0.0,0.0,0.0,10.7,70,4.1,315,1006.0,23,0,14,18,0.0,0.0,43.6591,-70.2568,2021,4,19,21
2021-04-19 22:00:00,0.0,0.0,0.0,0.0,8.0,85,4.7,212,1006.0,56,0,0,56,0.0,0.0,43.6591,-70.2568,2021,4,19,22
2021-04-19 23:00:00,0.0,0.0,0.0,0.0,7.4,87,5.2,254,1005.9,60,0,0,60,0.0,0.0,43.6591,-70.2568,2021,4,19,23
2021-04-20 00:00:00,0.0,0.0,0.0,0.0,6.3,91,7.6,289,1006.0,74,0,0,74,0.0,0.0,43.6591,-70.2568,2021,4,20,0
2021-04-20 01:00:00,0.0,0.0,0.0,0.0,5.5,93,7.0,282,1006.0,18,0,0,18,0.0,0.0,43.6591,-70.2568,2021,4,20,1
2021-04-20 02:00:00,0.0,0.0,0.0,0.0,5.1,92,10.7,290,1006.0,0,0,0,0,0.0,0.0,43.6591,-70.2568,2021,4,20,2
2021-04-20 03:00:00,0.0,0.0,0.0,0.0,4.7,92,10.2,293,1005.8,0,0,0,0,0.0,0.0,43.6591,-70.2568,2021,4,20,3
2021-04-20 04:00:00,0.0,0.0,0.0,0.0,4.4,92,10.0,296,1005.9,0,0,0,0,0.0,0.0,43.6591,-70.2568,2021,4,20,4
2021-04-20 05:00:00,0.0,0.0,0.0,0.0,4.2,92,9.3,286,1006.0,0,0,0,0,0.0,0.0,43.6591,-70.2568,2021,4,20,5
2021-04-20 06:00:00,0.0,0.0,0.0,0.0,4.1,92,10.6,280,1006.2,0,0,0,0,0.0,0.0,43.6591,-70.2568,2021,4,20,6
2021-04-20 07:00:00,70.0,43.0,27.0,362.6,5.8,89,8.8,279,1006.5,47,0,0,47,0.0,3600.0,43.6591,-70.2568,2021,4,20,7
2021-04-20 08:00:00,241.0,176.0,65.0,602.4,8.3,83,3.9,236,1007.0,0,0,0,13,0.0,3600.0,43.6591,-70.2568,2021,4,20,8
2021-04-20 09:00:00,432.0,352.0,80.0,756.0,11.8,69,5.4,217,1007.0,28,0,28,0,0.0,3600.0,43.6591,-70.2568,2021,4,20,9
2021-04-20 10:00:00,598.0,491.0,107.0,796.0,14.7,57,6.8,180,1006.7,28,0,1,28,0.0,3600.0,43.6591,-70.2568,2021,4,20,10
2021-04-20 11:00:00,746.0,648.0,98.0,881.0,16.3,49,12.4,172,1006.3,100,0,100,99,0.0,3600.0,43.6591,-70.2568,2021,4,20,11
2021-04-20 12:00:00,643.0,294.0,349.0,361.3,15.9,55,16.0,171,1005.5,99,0,84,97,0.0,3600.0,43.6591,-70.2568,2021,4,20,12
2021-04-20 13:00:00,609.0,275.0,334.0,325.1,15.7,54,18.7,178,1005.2,99,5,72,98,0.0,3600.0,43.6591,-70.2568,2021,4,20,13
2021-04-20 14:00:00,725.0,447.0,278.0,538.5,15.9,53,19.4,179,1004.7,83,4,70,70,0.0,3600.0,43.6591,-70.2568,2021,4,20,14
2021-04-20 15:00:00,595.0,391.0,204.0,509.6,17.2,56,14.3,219,1005.1,92,20,39,90,0.2,3600.0,43.6591,-70.2568,2021,4,20,15
2021-04-20 16:00:00,454.0,224.0,230.0,338.5,17.8,45,18.3,255,1004.9,30,1,22,21,0.0,3600.0,43.6591,-70.2568,2021,4,20,16
2021-04-20 17:00:00,390.0,287.0,103.0,551.1,17.0,48,18.1,283,1005.2,19,1,19,0,0.0,3600.0,43.6591,-70.2568,2021,4,20,17
2021-04-20 18:00:00,298.0,226.0,72.0,638.5,15.7,52,17.0,275,1006.3,33,5,2,29,0.0,3600.0,43.6591,-70.2568,2021,4,20,18
2021-04-20 19:00:00,115.0,69.0,46.0,399.5,13.5,55,17.5,279,1007.3,15,0,0,15,0.0,3600.0,43.6591,-70.2568,2021,4,20,19
2021-04-20 20:00:00,8.0,3.0,5.0,51.4,13.3,48,21.0,283,1007.6,10,0,0,0,0.0,195.45,43.6591,-70.2568,2021,4,20,20
2021-04-20 21:00:00,0.0,0.0,0.0,0.0,12.0,50,17.5,284,1008.1,2,0,2,0,0.0,0.0,43.6591,-70.2568,2021,4,20,21
2021-04-20 22:00:00,0.0,0.0,0.0,0.0,10.9,51,15.5,288,1008.4,26,0,14,15,0.0,0.0,43.6591,-70.2568,2021,4,20,22
2021-04-20 23:00:00,0.0,0.0,0.0,0.0,8.9,61,10.9,224,1009.3,61,0,49,33,0.1,0.0,43.6591,-70.2568,2021,4,20,23
2021-04-21 00:00:00,0.0,0.0,0.0,0.0,8.5,64,11.0,281,1009.0,89,0,53,83,0.1,0.0,43.6591,-70.2568,2021,4,21,0
2021-04-21 01:00:00,0.0,0.0,0.0,0.0,7.5,75,9.0,299,1008.8,90,0,53,85,1.0,0.0,43.6591,-70.2568,2021,4,21,1
2021-04-21 02:00:00,0.0,0.0,0.0,0.0,6.4,87,4.3,275,1009.0,36,25,30,0,0.6,0.0,43.6591,-70.2568,2021,4,21,2
2021-04-21 03:00:00,0.0,0.0,0.0,0.0,5.9,89,3.8,343,1009.2,36,34,18,1,0.0,0.0,43.6591,-70.2568,2021,4,21,3
2021-04-21 04:00:00,0.0,0.0,0.0,0.0,5.5,91,6.5,19,1008.7,20,16,11,0,0.0,0.0,43.6591,-70.2568,2021,4,21,4
2021-04-21 05:00:00,0.0,0.0,0.0,0.0,5.2,90,9.0,61,1008.1,23,9,7,13,0.0,0.0,43.6591,-70.2568,2021,4,21,5
2021-04-21 06:00:00,0.0,0.0,0.0,0.0,4.9,92,10.1,55,1007.7,41,8,0,36,0.0,0.0,43.6591,-70.2568,2021,4,21,6
2021-04-21 07:00:00,69.0,36.0,33.0,298.0,6.1,91,11.4,62,1007.2,74,2,9,72,0.0,3600.0,43.6591,-70.2568,2021,4,21,7
2021-04-21 08:00:00,200.0,108.0,92.0,364.2,8.7,80,7.5,73,1006.3,82,0,30,82,0.0,3600.0,43.6591,-70.2568,2021,4,21,8
2021-04-21 09:00:00,343.0,207.0,136.0,440.7,10.5,73,6.5,87,1005.1,83,0,8,82,0.0,3600.0,43.6591,-70.2568,2021,4,21,9
2021-04-21 10:00:00,549.0,378.0,171.0,609.0,11.5,68,9.8,107,1004.0,60,0,4,59,0.0,3600.0,43.6591,-70.2568,2021,4,21,10
2021-04-21 11:00:00,717.0,566.0,151.0,765.8,12.7,65,11.0,142,1003.0,52,0,20,42,0.0,3600.0,43.6591,-70.2568,2021,4,21,11
2021-04-21 12:00:00,788.0,638.0,150.0,780.9,14.0,66,14.1,167,1001.8,70,0,60,33,0.0,3600.0,43.6591,-70.2568,2021,4,21,12
2021-04-21 13:00:00,620.0,364.0,256.0,428.7,14.0,74,15.0,159,1000.3,49,8,44,9,0.0,3600.0,43.6591,-70.2568,2021,4,21,13
2021-04-21 14:00:00,596.0,407.0,189.0,488.6,14.4,70,18.3,170,998.9,100,22,100,100,0.1,3600.0,43.6591,-70.2568,2021,4,21,14
2021-04-21 15:00:00,167.0,0.0,167.0,0.0,12.3,83,24.3,187,997.7,96,7,93,48,0.4,0.0,43.6591,-70.2568,2021,4,21,15
2021-04-21 16:00:00,293.0,105.0,188.0,158.0,12.0,92,21.3,183,996.4,94,9,85,73,1.1,2939.08,43.6591,-70.2568,2021,4,21,16
2021-04-21 17:00:00,150.0,30.0,120.0,57.3,11.2,96,20.6,184,995.4,94,14,65,91,0.7,0.0,43.6591,-70.2568,2021,4,21,17
2021-04-21 18:00:00,91.0,3.0,88.0,8.4,10.5,100,17.0,176,994.1,100,81,100,100,2.4,0.0,43.6591,-70.2568,2021,4,21,18
2021-04-21 19:00:00,25.0,1.0,24.0,5.7,10.7,97,23.6,187,992.9,99,46,67,97,0.4,0.0,43.6591,-70.2568,2021,4,21,19
2021-04-21 20:00:00,2.0,0.0,2.0,0.0,9.8,98,14.8,186,993.6,98,38,95,2,0.6,0.0,43.6591,-70.2568,2021,4,21,20
2021-04-21 21:00:00,0.0,0.0,0.0,0.0,9.7,100,10.1,272,993.5,100,100,100,50,0.5,0.0,43.6591,-70.2568,2021,4,21,21
2021-04-21 22:00:00,0.0,0.0,0.0,0.0,3.8,97,19.4,329,994.2,75,23,73,0,1.0,0.0,43.6591,-70.2568,2021,4,21,22
2021-04-21 23:00:00,0.0,0.0,0.0,0.0,2.8,93,24.6,321,994.3,100,100,95,0,0.2,0.0,43.6591,-70.2568,2021,4,21,23
2021-04-22 00:00:00,0.0,0.0,0.0,0.0,1.5,89,25.7,317,994.3,100,100,90,0,0.1,0.0,43.6591,-70.2568,2021,4,22,0
2021-04-22 01:00:00,0.0,0.0,0.0,0.0,1.0,79,25.2,313,994.6,100,100,89,0,0.0,0.0,43.6591,-70.2568,2021,4,22,1
2021-04-22 02:00:00,0.0,0.0,0.0,0.0,0.9,71,21.1,307,994.5,100,100,100,0,0.1,0.0,43.6591,-70.2568,2021,4,22,2
2021-04-22 03:00:00,0.0,0.0,0.0,0.0,0.7,70,16.9,297,994.2,99,89,98,0,0.2,0.0,43.6591,-70.2568,2021,4,22,3
2021-04-22 04:00:00,0.0,0.0,0.0,0.0,0.7,68,15.2,292,994.0,99,74,98,0,0.1,0.0,43.6591,-70.2568,2021,4,22,4
2021-04-22 05:00:00,0.0,0.0,0.0,0.0,0.7,59,15.2,284,994.2,26,25,9,0,0.0,0.0,43.6591,-70.2568,2021,4,22,5
2021-04-22 06:00:00,1.0,0.0,1.0,0.0,-0.4,57,17.5,278,994.8,44,32,36,0,0.0,0.0,43.6591,-70.2568,2021,4,22,6
2021-04-22 07:00:00,55.0,27.0,28.0,219.6,-0.2,52,21.5,279,995.3,46,19,41,0,0.0,3600.0,43.6591,-70.2568,2021,4,22,7
2021-04-22 08:00:00,187.0,101.0,86.0,335.7,0.7,49,22.3,288,995.5,55,15,91,0,0.0,3600.0,43.6591,-70.2568,2021,4,22,8
2021-04-22 09:00:00,228.0,79.0,149.0,166.7,0.6,45,26.9,288,995.7,31,24,22,0,0.0,3202.28,43.6591,-70.2568,2021,4,22,9
2021-04-22 10:00:00,609.0,453.0,156.0,725.5,1.9,41,30.7,292,995.9,77,76,18,0,0.0,3600.0,43.6591,-70.2568,2021,4,22,10
2021-04-22 11:00:00,689.0,437.0,252.0,588.5,2.4,38,30.6,290,996.5,82,81,59,0,0.0,3600.0,43.6591,-70.2568,2021,4,22,11
2021-04-22 12:00:00,799.0,534.0,265.0,651.0,3.3,34,32.8,293,996.3,61,57,59,0,0.0,3600.0,43.6591,-70.2568,2021,4,22,12
2021-04-22 13:00:00,892.0,725.0,167.0,850.8,4.3,32,32.1,290,996.0,99,0,99,0,0.0,3600.0,43.6591,-70.2568,2021,4,22,13
2021-04-22 14:00:00,740.0,524.0,216.0,626.8,4.5,34,30.6,285,996.2,96,5,96,0,0.0,3600.0,43.6591,-70.2568,2021,4,22,14
2021-04-22 15:00:00,389.0,103.0,286.0,133.2,4.0,35,30.5,287,996.3,94,0,94,0,0.0,2197.11,43.6591,-70.2568,2021,4,22,15
2021-04-22 16:00:00,437.0,242.0,195.0,362.5,4.1,37,29.8,290,997.0,95,37,95,0,0.0,3600.0,43.6591,-70.2568,2021,4,22,16
2021-04-22 17:00:00,303.0,93.0,210.0,176.5,3.4,40,28.5,291,997.8,91,47,91,0,0.0,3496.46,43.6591,-70.2568,2021,4,22,17
2021-04-22 18:00:00,150.0,36.0,114.0,99.9,2.9,38,26.4,294,998.8,78,45,77,0,0.0,1197.99,43.6591,-70.2568,2021,4,22,18
2021-04-22 19:00:00,113.0,55.0,58.0,306.6,2.6,46,20.4,278,999.7,100,94,100,0,0.0,3600.0,43.6591,-70.2568,2021,4,22,19
2021-04-22 20:00:00,5.0,0.0,5.0,0.0,2.9,48,16.9,269,999.6,89,18,88,0,0.0,0.0,43.6591,-70.2568,2021,4,22,20
2021-04-22 21:00:00,0.0,0.0,0.0,0.0,2.7,48,17.3,272,1000.5,78,50,76,20,0.0,0.0,43.6591,-70.2568,2021,4,22,21
2021-04-22 22:00:00,0.0,0.0,0.0,0.0,2.5,52,14.2,263,1000.8,84,44,83,18,0.0,0.0,43.6591,-70.2568,2021,4,22,22
2021-04-22 23:00:00,0.0,0.0,0.0,0.0,2.4,54,15.0,253,1000.7,79,37,65,59,0.0,0.0,43.6591,-70.2568,2021,4,22,23
2021-04-23 00:00:00,0.0,0.0,0.0,0.0,2.4,55,17.2,250,1000.7,78,1,74,62,0.0,0.0,43.6591,-70.2568,2021,4,23,0
2021-04-23 01:00:00,0.0,0.0,0.0,0.0,2.6,51,18.9,252,1000.5,80,0,78,54,0.0,0.0,43.6591,-70.2568,2021,4,23,1
2021-04-23 02:00:00,0.0,0.0,0.0,0.0,2.8,47,19.7,255,1000.2,85,0,68,80,0.0,0.0,43.6591,-70.2568,2021,4,23,2
2021-04-23 03:00:00,0.0,0.0,0.0,0.0,2.6,47,20.4,256,1000.1,47,0,25,44,0.0,0.0,43.6591,-70.2568,2021,4,23,3
2021-04-23 04:00:00,0.0,0.0,0.0,0.0,2.3,49,20.9,255,1000.6,53,0,22,47,0.0,0.0,43.6591,-70.2568,2021,4,23,4
2021-04-23 05:00:00,0.0,0.0,0.0,0.0,2.2,50,21.7,255,1000.8,100,0,78,100,0.0,0.0,43.6591,-70.2568,2021,4,23,5
2021-04-23 06:00:00,1.0,0.0,1.0,0.0,2.4,50,21.7,258,1001.2,99,0,91,99,0.0,0.0,43.6591,-70.2568,2021,4,23,6
2021-04-23 07:00:00,48.0,7.0,41.0,55.9,3.1,51,22.9,263,1001.7,92,0,91,87,0.0,0.0,43.6591,-70.2568,2021,4,23,7
2021-04-23 08:00:00,162.0,41.0,121.0,134.3,5.3,46,24.6,265,1001.2,89,0,36,0,0.0,2230.37,43.6591,-70.2568,2021,4,23,8
2021-04-23 09:00:00,436.0,329.0,107.0,688.6,6.3,45,27.0,271,1000.6,32,0,32,0,0.0,3600.0,43.6591,-70.2568,2021,4,23,9
2021-04-23 10:00:00,631.0,529.0,102.0,842.1,8.1,38,28.7,285,1000.5,39,0,39,0,0.0,3600.0,43.6591,-70.2568,2021,4,23,10
2021-04-23 11:00:00,779.0,680.0,99.0,911.4,9.5,36,28.0,290,1000.7,10,0,10,0,0.0,3600.0,43.6591,-70.2568,2021,4,23,11
2021-04-23 12:00:00,856.0,722.0,134.0,876.8,11.5,29,29.7,293,1000.2,74,0,74,0,0.0,3600.0,43.6591,-70.2568,2021,4,23,12
2021-04-23 13:00:00,857.0,639.0,218.0,747.2,12.1,29,30.4,294,1000.1,57,0,57,0,0.0,3600.0,43.6591,-70.2568,2021,4,23,13
2021-04-23 14:00:00,872.0,730.0,142.0,870.2,12.6,30,29.8,295,1000.3,8,0,8,0,0.0,3600.0,43.6591,-70.2568,2021,4,23,14
2021-04-23 15:00:00,805.0,691.0,114.0,890.6,12.9,29,27.4,293,1000.3,0,0,0,0,0.0,3600.0,43.6591,-70.2568,2021,4,23,15
2021-04-23 16:00:00,691.0,604.0,87.0,900.9,13.2,29,25.3,294,1000.3,14,0,14,0,0.0,3600.0,43.6591,-70.2568,2021,4,23,16
2021-04-23 17:00:00,508.0,415.0,93.0,783.4,12.7,32,24.8,294,1000.8,0,0,0,0,0.0,3600.0,43.6591,-70.2568,2021,4,23,17
2021-04-23 18:00:00,327.0,259.0,68.0,712.8,12.2,35,21.3,296,1001.6,2,0,2,0,0.0,3600.0,43.6591,-70.2568,2021,4,23,18
2021-04-23 19:00:00,137.0,93.0,44.0,509.1,10.6,40,18.4,296,1002.3,0,0,0,0,0.0,3600.0,43.6591,-70.2568,2021,4,23,19
2021-04-23 20:00:00,12.0,5.0,7.0,78.8,8.8,48,13.4,264,1002.9,0,0,0,0,0.0,755.93,43.6591,-70.2568,2021,4,23,20
2021-04-23 21:00:00,0.0,0.0,0.0,0.0,8.5,47,15.2,256,1003.9,0,0,0,0,0.0,0.0,43.6591,-70.2568,2021,4,23,21
2021-04-23 22:00:00,0.0,0.0,0.0,0.0,8.8,44,16.7,263,1004.4,0,0,0,0,0.0,0.0,43.6591,-70.2568,2021,4,23,22
2021-04-23 23:00:00,0.0,0.0,0.0,0.0,7.8,47,15.0,249,1004.4,0,0,0,0,0.0,0.0,43.6591,-70.2568,2021,4,23,23
2021-04-24 00:00:00,0.0,0.0,0.0,0.0,6.9,51,15.6,241,1004.4,0,0,0,0,0.0,0.0,43.6591,-70.2568,2021,4,24,0
2021-04-24 01:00:00,0.0,0.0,0.0,0.0,6.7,52,15.5,245,1004.3,0,0,0,0,0.0,0.0,43.6591,-70.2568,2021,4,24,1
2021-04-24 02:00:00,0.0,0.0,0.0,0.0,6.6,53,15.8,249,1003.7,0,0,0,0,0.0,0.0,43.6591,-70.2568,2021,4,24,2
2021-04-24 03:00:00,0.0,0.0,0.0,0.0,6.4,56,16.1,250,1003.4,61,0,0,61,0.0,0.0,43.6591,-70.2568,2021,4,24,3
2021-04-24 04:00:00,0.0,0.0,0.0,0.0,6.5,58,17.0,253,1003.9,77,0,0,77,0.0,0.0,43.6591,-70.2568,2021,4,24,4
2021-04-24 05:00:00,0.0,0.0,0.0,0.0,6.8,58,17.9,255,1004.3,55,0,0,55,0.0,0.0,43.6591,-70.2568,2021,4,24,5
2021-04-24 06:00:00,1.0,0.0,1.0,0.0,7.1,58,18.8,258,1005.2,0,0,0,0,0.0,0.0,43.6591,-70.2568,2021,4,24,6
2021-04-24 07:00:00,85.0,53.0,32.0,416.5,8.5,57,19.2,264,1006.1,0,0,0,0,0.0,3600.0,43.6591,-70.2568,2021,4,24,7
2021-04-24 08:00:00,263.0,201.0,62.0,649.6,11.8,51,16.9,270,1006.5,0,0,0,32,0.0,3600.0,43.6591,-70.2568,2021,4,24,8
2021-04-24 09:00:00,449.0,359.0,90.0,745.2,14.1,45,15.6,277,1006.0,48,0,0,48,0.0,3600.0,43.6591,-70.2568,2021,4,24,9
2021-04-24 10:00:00,613.0,489.0,124.0,774.0,16.3,40,14.4,274,1006.1,11,0,0,11,0.0,3600.0,43.6591,-70.2568,2021,4,24,10
2021-04-24 11:00:00,767.0,667.0,100.0,890.0,18.3,36,15.9,266,1006.2,44,0,0,44,0.0,3600.0,43.6591,-70.2568,2021,4,24,11
2021-04-24 12:00:00,858.0,745.0,113.0,901.2,19.6,30,19.4,269,1006.3,86,0,77,81,0.0,3600.0,43.6591,-70.2568,2021,4,24,12
2021-04-24 13:00:00,744.0,483.0,261.0,562.9,19.4,30,20.2,269,1006.3,44,0,42,13,0.0,3600.0,43.6591,-70.2568,2021,4,24,13
2021-04-24 14:00:00,687.0,494.0,193.0,586.9,19.6,31,16.7,264,1006.1,35,0,35,0,0.0,3600.0,43.6591,-70.2568,2021,4,24,14
2021-04-24 15:00:00,686.0,520.0,166.0,667.8,19.9,30,14.3,260,1005.8,51,0,51,0,0.0,3600.0,43.6591,-70.2568,2021,4,24,15
2021-04-24 16:00:00,507.0,339.0,168.0,503.5,19.4,33,13.6,258,1005.7,49,0,49,0,0.0,3600.0,43.6591,-70.2568,2021,4,24,16
2021-04-24 17:00:00,452.0,340.0,112.0,638.3,19.1,34,14.1,264,1005.8,40,0,40,0,0.0,3600.0,43.6591,-70.2568,2021,4,24,17
2021-04-24 18:00:00,249.0,163.0,86.0,444.9,17.4,44,9.2,281,1005.9,1,0,0,1,0.0,3600.0,43.6591,-70.2568,2021,4,24,18
2021-04-24 19:00:00,135.0,91.0,44.0,489.4,14.9,55,10.0,244,1006.4,0,0,0,0,0.0,3600.0,43.6591,-70.2568,2021,4,24,19
2021-04-24 20:00:00,12.0,5.0,7.0,76.8,14.2,43,14.6,260,1006.2,0,0,30,0,0.0,723.97,43.6591,-70.2568,2021,4,24,20
2021-04-24 21:00:00,0.0,0.0,0.0,0.0,12.4,49,10.5,278,1006.7,17,0,17,0,0.0,0.0,43.6591,-70.2568,2021,4,24,21
2021-04-24 22:00:00,0.0,0.0,0.0,0.0,10.7,57,10.4,268,1007.2,100,0,18,100,0.0,0.0,43.6591,-70.2568,2021,4,24,22
2021-04-24 23:00:00,0.0,0.0,0.0,0.0,9.6,61,11.5,272,1007.0,100,0,1,100,0.0,0.0,43.6591,-70.2568,2021,4,24,23
2021-04-25 00:00:00,0.0,0.0,0.0,0.0,9.8,60,11.2,291,1006.7,99,0,13,99,0.0,0.0,43.6591,-70.2568,2021,4,25,0
2021-04-25 01:00:00,0.0,0.0,0.0,0.0,9.1,64,8.9,320,1006.3,100,0,1,100,0.0,0.0,43.6591,-70.2568,2021,4,25,1
2021-04-25 02:00:00,0.0,0.0,0.0,0.0,8.0,73,3.8,197,1006.0,100,0,5,100,0.0,0.0,43.6591,-70.2568,2021,4,25,2
2021-04-25 03:00:00,0.0,0.0,0.0,0.0,8.3,71,5.0,249,1005.8,100,0,39,100,0.0,0.0,43.6591,-70.2568,2021,4,25,3
2021-04-25 04:00:00,0.0,0.0,0.0,0.0,7.8,73,5.7,325,1005.3,100,0,26,100,0.0,0.0,43.6591,-70.2568,2021,4,25,4
2021-04-25 05:00:00,0.0,0.0,0.0,0.0,6.5,81,6.1,357,1004.8,100,0,53,100,0.0,0.0,43.6591,-70.2568,2021,4,25,5
2021-04-25 06:00:00,2.0,0.0,2.0,0.0,5.7,89,5.2,56,1004.7,72,0,68,18,0.0,0.0,43.6591,-70.2568,2021,4,25,6
2021-04-25 07:00:00,64.0,24.0,40.0,183.2,8.4,77,6.6,151,1005.2,99,0,97,82,0.0,3600.0,43.6591,-70.2568,2021,4,25,7
2021-04-25 08:00:00,178.0,54.0,124.0,172.2,10.8,69,4.0,90,1004.5,100,0,69,99,0.0,3366.38,43.6591,-70.2568,2021,4,25,8
2021-04-25 09:00:00,244.0,32.0,212.0,65.9,11.5,66,8.4,137,1004.5,100,0,95,100,0.0,176.89,43.6591,-70.2568,2021,4,25,9
2021-04-25 10:00:00,337.0,47.0,290.0,74.0,12.5,59,9.7,178,1004.2,100,0,100,100,0.0,419.01,43.6591,-70.2568,2021,4,25,10
2021-04-25 11:00:00,281.0,11.0,270.0,14.6,12.7,59,10.1,178,1004.1,100,0,100,100,0.0,0.0,43.6591,-70.2568,2021,4,25,11
2021-04-25 12:00:00,255.0,11.0,244.0,13.3,12.6,64,11.5,184,1003.8,100,0,100,100,0.0,0.0,43.6591,-70.2568,2021,4,25,12
2021-04-25 13:00:00,257.0,4.0,253.0,4.6,12.6,69,14.7,205,1003.8,100,0,100,100,0.2,0.0,43.6591,-70.2568,2021,4,25,13
2021-04-25 14:00:00,215.0,19.0,196.0,22.5,11.9,70,12.1,197,1003.7,100,1,100,100,0.3,0.0,43.6591,-70.2568,2021,4,25,14
2021-04-25 15:00:00,163.0,1.0,162.0,1.3,11.0,70,7.6,183,1003.2,100,57,100,95,0.4,0.0,43.6591,-70.2568,2021,4,25,15
2021-04-25 16:00:00,123.0,6.0,117.0,8.9,9.9,86,1.1,342,1002.3,100,100,99,53,0.1,0.0,43.6591,-70.2568,2021,4,25,16
2021-04-25 17:00:00,163.0,3.0,160.0,5.6,10.3,69,3.6,45,1002.0,100,100,99,0,0.0,0.0,43.6591,-70.2568,2021,4,25,17
2021-04-25 18:00:00,89.0,6.0,83.0,16.2,10.0,66,4.1,52,1002.0,100,100,92,0,0.0,0.0,43.6591,-70.2568,2021,4,25,18
2021-04-25 19:00:00,38.0,3.0,35.0,15.9,9.4,73,4.6,51,1001.8,98,97,31,0,0.0,0.0,43.6591,-70.2568,2021,4,25,19
2021-04-25 20:00:00,8.0,1.0,7.0,15.0,8.7,83,3.1,324,1002.2,4,1,17,0,0.0,0.0,43.6591,-70.2568,2021,4,25,20
2021-04-25 21:00:00,0.0,0.0,0.0,0.0,7.7,82,3.4,342,1002.3,7,0,7,0,0.0,0.0,43.6591,-70.2568,2021,4,25,21
2021-04-25 22:00:00,0.0,0.0,0.0,0.0,7.8,80,1.8,349,1001.9,99,5,99,0,0.0,0.0,43.6591,-70.2568,2021,4,25,22
2021-04-25 23:00:00,0.0,0.0,0.0,0.0,5.6,90,2.6,304,1001.4,100,79,100,0,0.0,0.0,43.6591,-70.2568,2021,4,25,23
2021-04-26 00:00:00,0.0,0.0,0.0,0.0,7.3,84,6.5,273,1001.4,100,98,100,0,0.0,0.0,43.6591,-70.2568,2021,4,26,0
2021-04-26 01:00:00,0.0,0.0,0.0,0.0,7.6,80,5.8,248,1001.1,72,63,64,0,0.0,0.0,43.6591,-70.2568,2021,4,26,1
2021-04-26 02:00:00,0.0,0.0,0.0,0.0,7.6,82,6.8,273,1000.8,47,17,42,0,0.0,0.0,43.6591,-70.2568,2021,4,26,2
2021-04-26 03:00:00,0.0,0.0,0.0,0.0,7.5,87,13.0,309,1000.8,40,38,9,0,0.0,0.0,43.6591,-70.2568,2021,4,26,3
2021-04-26 04:00:00,0.0,0.0,0.0,0.0,7.6,83,15.1,308,1001.3,32,31,3,0,0.0,0.0,43.6591,-70.2568,2021,4,26,4
2021-04-26 05:00:00,0.0,0.0,0.0,0.0,6.6,79,15.9,308,1002.0,23,21,6,0,0.0,0.0,43.6591,-70.2568,2021,4,26,5
2021-04-26 06:00:00,2.0,0.0,2.0,0.0,5.4,74,16.6,311,1003.1,100,100,3,0,0.0,0.0,43.6591,-70.2568,2021,4,26,6
2021-04-26 07:00:00,57.0,13.0,44.0,96.0,4.5,64,20.9,316,1004.2,59,59,1,0,0.0,1081.42,43.6591,-70.2568,2021,4,26,7
2021-04-26 08:00:00,227.0,144.0,83.0,453.3,5.0,58,23.1,323,1004.6,16,44,1,0,0.0,3600.0,43.6591,-70.2568,2021,4,26,8
2021-04-26 09:00:00,435.0,318.0,117.0,649.7,5.5,53,22.9,316,1004.9,33,32,2,0,0.0,3600.0,43.6591,-70.2568,2021,4,26,9
2021-04-26 10:00:00,609.0,489.0,120.0,765.3,6.1,48,23.1,309,1005.0,2,2,0,0,0.0,3600.0,43.6591,-70.2568,2021,4,26,10
2021-04-26 11:00:00,784.0,679.0,105.0,898.1,6.9,43,23.7,306,1005.2,0,0,0,0,0.0,3600.0,43.6591,-70.2568,2021,4,26,11
2021-04-26 12:00:00,883.0,780.0,103.0,936.6,7.9,40,24.4,307,1005.3,0,0,0,0,0.0,3600.0,43.6591,-70.2568,2021,4,26,12
2021-04-26 13:00:00,922.0,819.0,103.0,948.0,8.7,38,24.8,310,1005.2,1,1,0,0,0.0,3600.0,43.6591,-70.2568,2021,4,26,13
2021-04-26 14:00:00,901.0,799.0,102.0,943.0,9.1,37,25.5,312,1005.5,1,1,1,0,0.0,3600.0,43.6591,-70.2568,2021,4,26,14
2021-04-26 15:00:00,821.0,721.0,100.0,919.5,9.0,38,25.5,312,1005.8,1,1,1,0,0.0,3600.0,43.6591,-70.2568,2021,4,26,15
2021-04-26 16:00:00,694.0,599.0,95.0,882.5,8.7,39,25.0,310,1006.1,1,1,1,0,0.0,3600.0,43.6591,-70.2568,2021,4,26,16
2021-04-26 17:00:00,527.0,443.0,84.0,822.9,8.3,41,24.5,313,1006.6,1,0,1,0,0.0,3600.0,43.6591,-70.2568,2021,4,26,17
2021-04-26 18:00:00,335.0,264.0,71.0,708.8,7.4,44,21.9,311,1007.2,2,1,1,0,0.0,3600.0,43.6591,-70.2568,2021,4,26,18
2021-04-26 19:00:00,143.0,96.0,47.0,498.8,6.4,49,16.7,303,1007.9,0,0,0,0,0.0,3600.0,43.6591,-70.2568,2021,4,26,19
2021-04-26 20:00:00,15.0,6.0,9.0,87.8,5.7,52,13.6,307,1009.2,0,7,3,0,0.0,992.88,43.6591,-70.2568,2021,4,26,20
2021-04-26 21:00:00,0.0,0.0,0.0,0.0,4.8,56,12.3,291,1010.0,6,6,0,0,0.0,0.0,43.6591,-70.2568,2021,4,26,21
2021-04-26 22:00:00,0.0,0.0,0.0,0.0,3.9,61,8.4,290,1009.5,4,4,0,0,0.0,0.0,43.6591,-70.2568,2021,4,26,22
2021-04-26 23:00:00,0.0,0.0,0.0,0.0,3.3,65,9.7,268,1009.7,2,2,0,0,0.0,0.0,43.6591,-70.2568,2021,4,26,23
2021-04-27 00:00:00,0.0,0.0,0.0,0.0,2.8,66,10.9,253,1010.0,1,1,0,0,0.0,0.0,43.6591,-70.2568,2021,4,27,0
2021-04-27 01:00:00,0.0,0.0,0.0,0.0,2.9,64,11.2,255,1009.7,20,1,0,20,0.0,0.0,43.6591,-70.2568,2021,4,27,1
2021-04-27 02:00:00,0.0,0.0,0.0,0.0,2.6,66,10.4,256,1009.5,82,1,0,82,0.0,0.0,43.6591,-70.2568,2021,4,27,2
2021-04-27 03:00:00,0.0,0.0,0.0,0.0,2.5,65,11.8,258,1010.0,73,1,0,73,0.0,0.0,43.6591,-70.2568,2021,4,27,3
2021-04-27 04:00:00,0.0,0.0,0.0,0.0,2.5,64,10.9,261,1010.5,1,1,0,0,0.0,0.0,43.6591,-70.2568,2021,4,27,4
2021-04-27 05:00:00,0.0,0.0,0.0,0.0,1.6,68,11.6,254,1010.3,37,0,0,37,0.0,0.0,43.6591,-70.2568,2021,4,27,5
2021-04-27 06:00:00,3.0,1.0,2.0,19.1,1.6,68,13.2,259,1011.3,44,0,0,44,0.0,0.0,43.6591,-70.2568,2021,4,27,6
2021-04-27 07:00:00,97.0,59.0,38.0,422.5,3.5,64,13.0,265,1011.7,0,0,0,0,0.0,3600.0,43.6591,-70.2568,2021,4,27,7
2021-04-27 08:00:00,282.0,218.0,64.0,677.7,6.3,53,11.5,272,1011.1,0,0,0,87,0.0,3600.0,43.6591,-70.2568,2021,4,27,8
2021-04-27 09:00:00,429.0,278.0,151.0,563.7,8.7,42,16.3,288,1010.2,59,0,0,59,0.0,3600.0,43.6591,-70.2568,2021,4,27,9
2021-04-27 10:00:00,639.0,527.0,112.0,820.4,10.8,37,18.2,295,1009.9,51,0,0,51,0.0,3600.0,43.6591,-70.2568,2021,4,27,10
2021-04-27 11:00:00,779.0,658.0,121.0,866.6,12.8,34,18.1,291,1009.3,57,0,12,55,0.0,3600.0,43.6591,-70.2568,2021,4,27,11
2021-04-27 12:00:00,847.0,682.0,165.0,816.0,14.6,30,17.7,287,1008.6,61,0,0,61,0.0,3600.0,43.6591,-70.2568,2021,4,27,12
2021-04-27 13:00:00,875.0,676.0,199.0,780.0,16.1,27,18.1,291,1007.9,47,0,0,47,0.0,3600.0,43.6591,-70.2568,2021,4,27,13
2021-04-27 14:00:00,866.0,693.0,173.0,815.3,17.1,25,18.2,297,1007.4,43,0,0,43,0.0,3600.0,43.6591,-70.2568,2021,4,27,14
2021-04-27 15:00:00,805.0,675.0,130.0,857.9,17.8,23,17.5,302,1006.7,28,0,9,24,0.0,3600.0,43.6591,-70.2568,2021,4,27,15
2021-04-27 16:00:00,682.0,576.0,106.0,845.2,17.9,22,17.2,296,1006.4,86,0,7,85,0.0,3600.0,43.6591,-70.2568,2021,4,27,16
2021-04-27 17:00:00,521.0,432.0,89.0,798.3,17.6,24,15.0,294,1006.4,25,0,0,25,0.0,3600.0,43.6591,-70.2568,2021,4,27,17
2021-04-27 18:00:00,336.0,267.0,69.0,711.1,16.3,33,10.8,285,1006.7,0,0,0,0,0.0,3600.0,43.6591,-70.2568,2021,4,27,18
2021-04-27 19:00:00,147.0,101.0,46.0,516.1,13.2,45,11.6,277,1007.6,0,0,0,0,0.0,3600.0,43.6591,-70.2568,2021,4,27,19
2021-04-27 20:00:00,16.0,8.0,8.0,114.4,10.5,60,9.9,303,1008.2,1,0,0,12,0.0,1628.47,43.6591,-70.2568,2021,4,27,20
2021-04-27 21:00:00,0.0,0.0,0.0,0.0,9.7,57,11.3,301,1009.1,0,0,0,0,0.0,0.0,43.6591,-70.2568,2021,4,27,21
2021-04-27 22:00:00,0.0,0.0,0.0,0.0,8.4,58,11.1,306,1009.4,16,0,0,16,0.0,0.0,43.6591,-70.2568,2021,4,27,22
2021-04-27 23:00:00,0.0,0.0,0.0,0.0,7.8,55,11.8,320,1009.6,93,0,0,93,0.0,0.0,43.6591,-70.2568,2021,4,27,23
2021-04-28 00:00:00,0.0,0.0,0.0,0.0,7.8,51,11.0,328,1009.4,99,0,0,99,0.0,0.0,43.6591,-70.2568,2021,4,28,0
2021-04-28 01:00:00,0.0,0.0,0.0,0.0,7.0,56,10.2,309,1009.5,99,0,4,99,0.0,0.0,43.6591,-70.2568,2021,4,28,1
2021-04-28 02:00:00,0.0,0.0,0.0,0.0,6.0,62,9.9,303,1009.3,99,0,13,99,0.0,0.0,43.6591,-70.2568,2021,4,28,2
2021-04-28 03:00:00,0.0,0.0,0.0,0.0,5.6,67,7.9,309,1009.2,100,0,67,100,0.0,0.0,43.6591,-70.2568,2021,4,28,3
2021-04-28 04:00:00,0.0,0.0,0.0,0.0,6.3,67,5.9,322,1009.0,100,0,100,100,0.0,0.0,43.6591,-70.2568,2021,4,28,4
2021-04-28 05:00:00,0.0,0.0,0.0,0.0,6.2,70,5.7,288,1009.5,100,0,100,100,0.0,0.0,43.6591,-70.2568,2021,4,28,5
2021-04-28 06:00:00,1.0,0.0,1.0,0.0,6.3,75,4.8,283,1009.7,100,0,100,100,0.3,0.0,43.6591,-70.2568,2021,4,28,6
2021-04-28 07:00:00,13.0,0.0,13.0,0.0,6.0,93,3.7,259,1009.9,100,0,100,98,0.4,0.0,43.6591,-70.2568,2021,4,28,7
2021-04-28 08:00:00,29.0,0.0,29.0,0.0,8.6,67,4.0,260,1010.0,100,0,100,1,0.7,0.0,43.6591,-70.2568,2021,4,28,8
2021-04-28 09:00:00,103.0,3.0,100.0,6.0,10.0,64,4.6,225,1010.0,100,0,100,0,0.0,0.0,43.6591,-70.2568,2021,4,28,9
2021-04-28 10:00:00,110.0,0.0,110.0,0.0,10.4,70,5.4,228,1010.1,95,5,95,0,0.0,0.0,43.6591,-70.2568,2021,4,28,10
2021-04-28 11:00:00,387.0,104.0,283.0,136.4,12.8,69,5.8,210,1010.0,93,4,93,0,0.0,2292.51,43.6591,-70.2568,2021,4,28,11
2021-04-28 12:00:00,412.0,111.0,301.0,132.4,13.6,69,8.3,198,1009.4,98,0,98,0,0.0,2170.69,43.6591,-70.2568,2021,4,28,12
2021-04-28 13:00:00,405.0,70.0,335.0,80.5,13.9,69,8.4,187,1008.8,89,0,53,81,0.0,615.37,43.6591,-70.2568,2021,4,28,13
2021-04-28 14:00:00,776.0,536.0,240.0,628.6,15.9,64,10.1,180,1007.9,99,9,7,99,0.0,3600.0,43.6591,-70.2568,2021,4,28,14
2021-04-28 15:00:00,735.0,564.0,171.0,714.4,16.0,61,13.3,161,1006.9,100,42,21,100,0.0,3600.0,43.6591,-70.2568,2021,4,28,15
2021-04-28 16:00:00,487.0,209.0,278.0,305.5,13.4,67,13.5,164,1006.5,100,6,8,100,0.0,3600.0,43.6591,-70.2568,2021,4,28,16
2021-04-28 17:00:00,246.0,35.0,211.0,64.3,12.3,73,9.5,171,1006.3,100,9,77,100,0.0,130.28,43.6591,-70.2568,2021,4,28,17
2021-04-28 18:00:00,100.0,1.0,99.0,2.6,11.4,83,7.7,152,1006.1,100,0,100,100,0.8,0.0,43.6591,-70.2568,2021,4,28,18
2021-04-28 19:00:00,20.0,3.0,17.0,15.1,9.1,100,9.7,182,1006.3,100,6,100,100,1.5,0.0,43.6591,-70.2568,2021,4,28,19
2021-04-28 20:00:00,1.0,0.0,1.0,0.0,9.5,98,3.9,158,1007.4,100,81,100,100,2.7,0.0,43.6591,-70.2568,2021,4,28,20
2021-04-28 21:00:00,0.0,0.0,0.0,0.0,9.2,100,5.5,157,1007.5,100,100,100,48,1.1,0.0,43.6591,-70.2568,2021,4,28,21
2021-04-28 22:00:00,0.0,0.0,0.0,0.0,8.7,100,5.8,176,1007.5,100,100,100,5,0.4,0.0,43.6591,-70.2568,2021,4,28,22
2021-04-28 23:00:00,0.0,0.0,0.0,0.0,8.5,100,5.1,188,1007.2,100,100,100,0,0.1,0.0,43.6591,-70.2568,2021,4,28,23
2021-04-29 00:00:00,0.0,0.0,0.0,0.0,8.5,98,5.5,203,1006.9,100,100,100,0,0.0,0.0,43.6591,-70.2568,2021,4,29,0
2021-04-29 01:00:00,0.0,0.0,0.0,0.0,8.5,98,7.1,210,1006.6,100,100,100,0,0.0,0.0,43.6591,-70.2568,2021,4,29,1
2021-04-29 02:00:00,0.0,0.0,0.0,0.0,8.3,100,4.2,250,1006.3,100,100,100,0,0.1,0.0,43.6591,-70.2568,2021,4,29,2
2021-04-29 03:00:00,0.0,0.0,0.0,0.0,8.7,96,2.3,198,1005.7,100,100,100,17,0.2,0.0,43.6591,-70.2568,2021,4,29,3
2021-04-29 04:00:00,0.0,0.0,0.0,0.0,8.3,100,1.8,191,1005.8,100,99,100,99,0.1,0.0,43.6591,-70.2568,2021,4,29,4
2021-04-29 05:00:00,0.0,0.0,0.0,0.0,8.3,100,3.1,234,1006.1,100,100,100,100,0.1,0.0,43.6591,-70.2568,2021,4,29,5
2021-04-29 06:00:00,1.0,0.0,1.0,0.0,8.4,100,1.1,108,1005.8,100,97,99,100,0.0,0.0,43.6591,-70.2568,2021,4,29,6
2021-04-29 07:00:00,20.0,0.0,20.0,0.0,8.8,97,2.3,162,1006.2,100,98,98,100,0.0,0.0,43.6591,-70.2568,2021,4,29,7
2021-04-29 08:00:00,76.0,1.0,75.0,3.0,8.9,98,5.4,180,1006.3,100,100,7,100,0.0,0.0,43.6591,-70.2568,2021,4,29,8
2021-04-29 09:00:00,159.0,6.0,153.0,12.0,9.9,95,5.1,172,1006.4,100,100,32,1,0.0,0.0,43.6591,-70.2568,2021,4,29,9
2021-04-29 10:00:00,309.0,60.0,249.0,92.4,10.9,88,5.0,150,1005.8,100,100,100,62,0.0,973.12,43.6591,-70.2568,2021,4,29,10
2021-04-29 11:00:00,335.0,90.0,245.0,117.6,11.7,81,7.0,145,1005.9,100,45,82,100,0.0,1727.48,43.6591,-70.2568,2021,4,29,11
2021-04-29 12:00:00,429.0,167.0,262.0,198.5,12.0,78,10.2,138,1005.6,99,26,15,99,0.0,3600.0,43.6591,-70.2568,2021,4,29,12
2021-04-29 13:00:00,660.0,311.0,349.0,356.6,12.3,75,11.5,136,1004.6,100,100,20,100,0.0,3600.0,43.6591,-70.2568,2021,4,29,13
2021-04-29 14:00:00,297.0,14.0,283.0,16.4,10.4,82,9.7,141,1004.2,100,63,93,100,0.0,0.0,43.6591,-70.2568,2021,4,29,14
2021-04-29 15:00:00,285.0,15.0,270.0,18.9,10.4,83,7.1,139,1003.5,100,44,85,100,0.1,0.0,43.6591,-70.2568,2021,4,29,15
2021-04-29 16:00:00,184.0,7.0,177.0,10.2,9.5,92,7.0,111,1002.4,100,100,100,100,0.7,0.0,43.6591,-70.2568,2021,4,29,16
2021-04-29 17:00:00,70.0,0.0,70.0,0.0,8.2,100,7.6,109,1001.4,100,99,100,100,1.7,0.0,43.6591,-70.2568,2021,4,29,17
2021-04-29 18:00:00,37.0,0.0,37.0,0.0,7.9,100,6.5,87,1000.8,100,100,100,100,2.1,0.0,43.6591,-70.2568,2021,4,29,18
2021-04-29 19:00:00,11.0,0.0,11.0,0.0,7.6,100,7.2,84,999.9,100,100,100,100,2.0,0.0,43.6591,-70.2568,2021,4,29,19
2021-04-29 20:00:00,2.0,0.0,2.0,0.0,7.6,98,6.5,71,999.5,100,100,100,100,1.1,0.0,43.6591,-70.2568,2021,4,29,20
2021-04-29 21:00:00,0.0,0.0,0.0,0.0,7.4,100,9.2,64,999.0,100,99,95,99,1.6,0.0,43.6591,-70.2568,2021,4,29,21
2021-04-29 22:00:00,0.0,0.0,0.0,0.0,7.1,100,12.6,63,997.2,100,100,100,100,1.3,0.0,43.6591,-70.2568,2021,4,29,22
2021-04-29 23:00:00,0.0,0.0,0.0,0.0,7.2,100,10.7,57,996.3,100,100,100,99,2.4,0.0,43.6591,-70.2568,2021,4,29,23
2021-04-30 00:00:00,0.0,0.0,0.0,0.0,7.2,100,12.8,74,994.7,100,100,100,96,1.8,0.0,43.6591,-70.2568,2021,4,30,0
2021-04-30 01:00:00,0.0,0.0,0.0,0.0,7.1,100,13.7,67,993.2,100,100,100,96,0.3,0.0,43.6591,-70.2568,2021,4,30,1
2021-04-30 02:00:00,0.0,0.0,0.0,0.0,7.0,100,13.1,58,991.6,100,100,97,98,0.2,0.0,43.6591,-70.2568,2021,4,30,2
2021-04-30 03:00:00,0.0,0.0,0.0,0.0,7.2,100,12.5,41,990.2,100,100,100,99,0.6,0.0,43.6591,-70.2568,2021,4,30,3
2021-04-30 04:00:00,0.0,0.0,0.0,0.0,7.4,100,10.7,14,989.1,100,100,100,97,1.1,0.0,43.6591,-70.2568,2021,4,30,4
2021-04-30 05:00:00,0.0,0.0,0.0,0.0,7.5,100,10.8,360,988.0,100,100,100,97,0.5,0.0,43.6591,-70.2568,2021,4,30,5
2021-04-30 06:00:00,1.0,0.0,1.0,0.0,7.8,100,10.7,346,987.8,100,100,100,71,0.8,0.0,43.6591,-70.2568,2021,4,30,6
2021-04-30 07:00:00,17.0,0.0,17.0,0.0,8.1,100,9.5,349,987.3,100,100,100,0,0.4,0.0,43.6591,-70.2568,2021,4,30,7
2021-04-30 08:00:00,59.0,0.0,59.0,0.0,9.5,97,13.9,323,986.2,100,100,100,0,0.2,0.0,43.6591,-70.2568,2021,4,30,8
2021-04-30 09:00:00,70.0,0.0,70.0,0.0,9.9,96,14.7,349,984.8,10,0,10,0,0.2,0.0,43.6591,-70.2568,2021,4,30,9
2021-04-30 10:00:00,586.0,406.0,180.0,622.4,13.0,77,13.1,352,985.0,92,81,90,0,0.1,3600.0,43.6591,-70.2568,2021,4,30,10
2021-04-30 11:00:00,382.0,157.0,225.0,204.3,13.2,75,11.1,299,984.9,100,100,100,0,0.4,3600.0,43.6591,-70.2568,2021,4,30,11
2021-04-30 12:00:00,91.0,2.0,89.0,2.4,11.9,89,7.9,286,984.2,100,99,100,1,0.3,0.0,43.6591,-70.2568,2021,4,30,12
2021-04-30 13:00:00,226.0,10.0,216.0,11.4,12.6,84,8.7,275,983.9,100,46,100,0,0.1,0.0,43.6591,-70.2568,2021,4,30,13
2021-04-30 14:00:00,177.0,28.0,149.0,32.6,13.0,86,8.3,272,983.5,81,27,79,0,0.1,0.0,43.6591,-70.2568,2021,4,30,14
2021-04-30 15:00:00,266.0,115.0,151.0,144.7,14.3,76,9.7,272,983.0,97,89,97,1,0.2,2542.19,43.6591,-70.2568,2021,4,30,15
2021-04-30 16:00:00,114.0,13.0,101.0,18.9,11.3,99,13.7,284,983.1,100,74,100,2,1.2,0.0,43.6591,-70.2568,2021,4,30,16
2021-04-30 17:00:00,107.0,28.0,79.0,51.0,11.9,86,16.4,285,983.4,96,9,96,0,0.4,0.0,43.6591,-70.2568,2021,4,30,17
2021-04-30 18:00:00,105.0,22.0,83.0,57.2,11.6,84,17.5,289,983.9,100,71,100,2,0.4,0.0,43.6591,-70.2568,2021,4,30,18
2021-04-30 19:00:00,23.0,0.0,23.0,0.0,9.5,100,11.0,337,985.0,100,98,99,84,0.8,0.0,43.6591,-70.2568,2021,4,30,19
2021-04-30 20:00:00,4.0,0.0,4.0,0.0,7.8,95,15.5,3,988.0,100,100,100,99,2.4,0.0,43.6591,-70.2568,2021,4,30,20
2021-04-30 21:00:00,0.0,0.0,0.0,0.0,7.2,100,10.9,343,989.5,100,100,100,100,1.1,0.0,43.6591,-70.2568,2021,4,30,21
2021-04-30 22:00:00,0.0,0.0,0.0,0.0,7.2,100,14.7,335,990.4,100,99,100,99,1.1,0.0,43.6591,-70.2568,2021,4,30,22
2021-04-30 23:00:00,0.0,0.0,0.0,0.0,7.0,100,10.8,334,991.0,100,100,100,35,0.8,0.0,43.6591,-70.2568,2021,4,30,23
2021-05-01 00:00:00,0.0,0.0,0.0,0.0,7.1,100,10.0,300,991.5,100,97,100,4,0.5,0.0,43.6591,-70.2568,2021,5,1,0
2021-05-01 01:00:00,0.0,0.0,0.0,0.0,7.3,95,12.1,297,992.0,98,49,97,26,0.3,0.0,43.6591,-70.2568,2021,5,1,1
2021-05-01 02:00:00,0.0,0.0,0.0,0.0,6.8,100,13.4,290,992.6,100,19,100,99,0.2,0.0,43.6591,-70.2568,2021,5,1,2
2021-05-01 03:00:00,0.0,0.0,0.0,0.0,6.9,96,15.2,292,993.0,98,23,77,96,0.1,0.0,43.6591,-70.2568,2021,5,1,3
2021-05-01 04:00:00,0.0,0.0,0.0,0.0,6.4,94,16.1,299,993.9,100,18,68,100,0.0,0.0,43.6591,-70.2568,2021,5,1,4
2021-05-01 05:00:00,0.0,0.0,0.0,0.0,5.9,92,17.3,301,995.0,100,2,52,100,0.0,0.0,43.6591,-70.2568,2021,5,1,5
2021-05-01 06:00:00,4.0,0.0,4.0,0.0,6.0,90,19.0,303,996.2,100,2,55,100,0.0,0.0,43.6591,-70.2568,2021,5,1,6
2021-05-01 07:00:00,67.0,10.0,57.0,64.1,7.0,83,21.4,306,997.5,73,3,32,65,0.0,122.78,43.6591,-70.2568,2021,5,1,7
2021-05-01 08:00:00,225.0,112.0,113.0,332.4,6.8,84,19.0,307,999.2,30,1,15,5,0.0,3600.0,43.6591,-70.2568,2021,5,1,8
2021-05-01 09:00:00,438.0,323.0,115.0,636.7,8.5,65,27.0,313,1000.0,0,0,0,0,0.0,3600.0,43.6591,-70.2568,2021,5,1,9
2021-05-01 10:00:00,630.0,526.0,104.0,802.5,9.6,59,26.7,313,1000.3,0,0,0,0,0.0,3600.0,43.6591,-70.2568,2021,5,1,10
2021-05-01 11:00:00,779.0,666.0,113.0,863.5,10.6,54,26.3,311,1000.9,1,1,0,0,0.0,3600.0,43.6591,-70.2568,2021,5,1,11
2021-05-01 12:00:00,873.0,755.0,118.0,891.4,11.4,51,26.6,311,1001.7,35,35,0,0,0.0,3600.0,43.6591,-70.2568,2021,5,1,12
2021-05-01 13:00:00,900.0,748.0,152.0,852.6,12.1,48,24.6,309,1001.7,1,1,0,0,0.0,3600.0,43.6591,-70.2568,2021,5,1,13
2021-05-01 14:00:00,910.0,806.0,104.0,937.0,12.6,41,23.9,307,1001.8,1,1,0,0,0.0,3600.0,43.6591,-70.2568,2021,5,1,14
2021-05-01 15:00:00,836.0,736.0,100.0,923.5,12.7,36,22.5,302,1001.8,0,0,0,0,0.0,3600.0,43.6591,-70.2568,2021,5,1,15
2021-05-01 16:00:00,711.0,620.0,91.0,896.1,13.0,34,20.9,297,1002.0,29,0,0,29,0.0,3600.0,43.6591,-70.2568,2021,5,1,16
2021-05-01 17:00:00,539.0,454.0,85.0,822.3,13.3,32,17.2,280,1002.2,91,0,0,91,0.0,3600.0,43.6591,-70.2568,2021,5,1,17
2021-05-01 18:00:00,231.0,85.0,146.0,219.6,12.3,37,13.3,272,1002.4,58,0,47,53,0.0,3600.0,43.6591,-70.2568,2021,5,1,18
2021-05-01 19:00:00,142.0,80.0,62.0,384.0,10.8,42,13.4,262,1003.0,20,0,2,18,0.0,3600.0,43.6591,-70.2568,2021,5,1,19
2021-05-01 20:00:00,21.0,10.0,11.0,131.1,9.1,43,15.4,259,1003.9,35,0,5,12,0.0,2185.26,43.6591,-70.2568,2021,5,1,20
2021-05-01 21:00:00,0.0,0.0,0.0,0.0,8.1,40,15.5,269,1004.3,0,0,0,0,0.0,0.0,43.6591,-70.2568,2021,5,1,21
2021-05-01 22:00:00,0.0,0.0,0.0,0.0,6.9,44,12.3,275,1004.6,0,0,0,0,0.0,0.0,43.6591,-70.2568,2021,5,1,22
2021-05-01 23:00:00,0.0,0.0,0.0,0.0,5.6,51,11.2,276,1004.9,26,0,26,0,0.0,0.0,43.6591,-70.2568,2021,5,1,23
2021-05-02 00:00:00,0.0,0.0,0.0,0.0,5.4,54,9.8,276,1004.6,97,0,74,93,0.0,0.0,43.6591,-70.2568,2021,5,2,0
2021-05-02 01:00:00,0.0,0.0,0.0,0.0,6.0,56,8.1,257,1003.8,88,0,84,68,0.0,0.0,43.6591,-70.2568,2021,5,2,1
2021-05-02 02:00:00,0.0,0.0,0.0,0.0,5.9,60,10.3,245,1003.4,99,0,99,9,0.0,0.0,43.6591,-70.2568,2021,5,2,2
2021-05-02 03:00:00,0.0,0.0,0.0,0.0,7.3,55,13.7,256,1003.0,86,6,84,53,0.0,0.0,43.6591,-70.2568,2021,5,2,3
2021-05-02 04:00:00,0.0,0.0,0.0,0.0,7.5,55,11.9,256,1002.4,69,3,63,40,0.3,0.0,43.6591,-70.2568,2021,5,2,4
2021-05-02 05:00:00,0.0,0.0,0.0,0.0,6.6,65,8.6,248,1002.1,99,0,99,0,0.0,0.0,43.6591,-70.2568,2021,5,2,5
2021-05-02 06:00:00,2.0,0.0,2.0,0.0,6.5,67,9.7,207,1002.0,93,0,93,0,0.0,0.0,43.6591,-70.2568,2021,5,2,6
2021-05-02 07:00:00,32.0,9.0,23.0,56.3,6.9,70,8.5,208,1001.7,77,0,77,0,0.0,0.0,43.6591,-70.2568,2021,5,2,7
2021-05-02 08:00:00,137.0,58.0,79.0,170.3,9.2,67,9.0,209,1000.8,31,2,57,0,0.0,3308.69,43.6591,-70.2568,2021,5,2,8
2021-05-02 09:00:00,338.0,195.0,143.0,381.9,11.6,60,11.8,220,999.9,27,0,17,16,0.0,3600.0,43.6591,-70.2568,2021,5,2,9
2021-05-02 10:00:00,593.0,467.0,126.0,709.2,14.6,52,13.2,227,998.9,10,0,10,0,0.0,3600.0,43.6591,-70.2568,2021,5,2,10
2021-05-02 11:00:00,766.0,647.0,119.0,835.8,17.0,47,15.2,234,998.1,93,0,91,82,0.0,3600.0,43.6591,-70.2568,2021,5,2,11
2021-05-02 12:00:00,597.0,221.0,376.0,260.1,18.0,45,17.4,243,997.2,51,0,51,0,0.0,3600.0,43.6591,-70.2568,2021,5,2,12
2021-05-02 13:00:00,874.0,725.0,149.0,824.1,20.1,41,20.7,262,996.6,99,2,96,91,0.0,3600.0,43.6591,-70.2568,2021,5,2,13
2021-05-02 14:00:00,668.0,285.0,383.0,330.4,20.4,41,23.4,270,996.7,100,0,100,99,0.0,3600.0,43.6591,-70.2568,2021,5,2,14
2021-05-02 15:00:00,287.0,22.0,265.0,27.5,18.7,47,20.0,263,996.9,98,0,55,97,0.0,0.0,43.6591,-70.2568,2021,5,2,15
2021-05-02 16:00:00,433.0,124.0,309.0,178.6,19.2,44,22.4,274,997.2,98,0,69,97,0.0,3557.23,43.6591,-70.2568,2021,5,2,16
2021-05-02 17:00:00,284.0,45.0,239.0,81.1,18.5,46,19.5,275,997.9,2,1,1,0,0.0,633.6,43.6591,-70.2568,2021,5,2,17
2021-05-02 18:00:00,343.0,271.0,72.0,694.9,18.0,49,17.7,282,998.8,0,0,0,0,0.0,3600.0,43.6591,-70.2568,2021,5,2,18
2021-05-02 19:00:00,160.0,112.0,48.0,529.8,16.2,53,15.1,288,1000.1,0,0,0,0,0.0,3600.0,43.6591,-70.2568,2021,5,2,19
2021-05-02 20:00:00,22.0,11.0,11.0,141.4,14.5,58,15.1,269,1001.0,0,0,0,24,0.0,2425.3,43.6591,-70.2568,2021,5,2,20
2021-05-02 21:00:00,0.0,0.0,0.0,0.0,12.7,65,10.7,284,1002.0,86,0,0,86,0.0,0.0,43.6591,-70.2568,2021,5,2,21
2021-05-02 22:00:00,0.0,0.0,0.0,0.0,11.5,67,10.6,294,1003.1,93,0,0,93,0.0,0.0,43.6591,-70.2568,2021,5,2,22
2021-05-02 23:00:00,0.0,0.0,0.0,0.0,10.7,68,7.9,309,1003.4,94,0,0,94,0.0,0.0,43.6591,-70.2568,2021,5,2,23
2021-05-03 00:00:00,0.0,0.0,0.0,0.0,9.9,72,6.0,287,1004.0,98,0,33,98,0.0,0.0,43.6591,-70.2568,2021,5,3,0
2021-05-03 01:00:00,0.0,0.0,0.0,0.0,9.7,73,6.2,291,1004.5,100,0,99,100,0.0,0.0,43.6591,-70.2568,2021,5,3,1
2021-05-03 02:00:00,0.0,0.0,0.0,0.0,9.8,72,7.0,282,1005.2,100,0,100,85,0.0,0.0,43.6591,-70.2568,2021,5,3,2
2021-05-03 03:00:00,0.0,0.0,0.0,0.0,9.5,74,7.1,255,1006.1,100,0,100,22,0.0,0.0,43.6591,-70.2568,2021,5,3,3
2021-05-03 04:00:00,0.0,0.0,0.0,0.0,9.0,77,6.7,324,1007.3,84,0,84,9,0.0,0.0,43.6591,-70.2568,2021,5,3,4
2021-05-03 05:00:00,0.0,0.0,0.0,0.0,8.5,76,9.9,10,1008.0,91,0,91,1,0.0,0.0,43.6591,-70.2568,2021,5,3,5
2021-05-03 06:00:00,3.0,0.0,3.0,0.0,9.1,60,12.7,8,1008.6,100,0,100,94,0.0,0.0,43.6591,-70.2568,2021,5,3,6
2021-05-03 07:00:00,18.0,0.0,18.0,0.0,8.9,51,10.0,15,1009.3,100,0,100,78,0.0,0.0,43.6591,-70.2568,2021,5,3,7
2021-05-03 08:00:00,53.0,0.0,53.0,0.0,11.0,59,8.4,20,1009.5,99,0,99,15,0.0,0.0,43.6591,-70.2568,2021,5,3,8
2021-05-03 09:00:00,118.0,25.0,93.0,48.6,10.9,58,7.4,47,1010.1,95,0,92,48,0.0,0.0,43.6591,-70.2568,2021,5,3,9
2021-05-03 10:00:00,420.0,176.0,244.0,266.1,12.4,48,6.8,65,1010.1,97,0,76,92,0.0,3600.0,43.6591,-70.2568,2021,5,3,10
2021-05-03 11:00:00,472.0,129.0,343.0,166.1,12.5,51,6.4,106,1010.0,92,0,78,86,0.0,3181.69,43.6591,-70.2568,2021,5,3,11
2021-05-03 12:00:00,666.0,296.0,370.0,347.4,13.1,51,7.9,133,1010.1,100,0,99,78,0.0,3600.0,43.6591,-70.2568,2021,5,3,12
2021-05-03 13:00:00,313.0,23.0,290.0,26.1,11.2,58,11.4,156,1010.5,100,0,100,62,0.0,0.0,43.6591,-70.2568,2021,5,3,13
2021-05-03 14:00:00,185.0,6.0,179.0,6.9,10.2,58,10.0,167,1010.4,100,0,100,77,0.0,0.0,43.6591,-70.2568,2021,5,3,14
2021-05-03 15:00:00,164.0,16.0,148.0,20.0,10.5,58,7.3,169,1010.2,100,0,100,67,0.0,0.0,43.6591,-70.2568,2021,5,3,15
2021-05-03 16:00:00,138.0,0.0,138.0,0.0,10.4,61,7.2,162,1009.8,100,0,100,81,0.0,0.0,43.6591,-70.2568,2021,5,3,16
2021-05-03 17:00:00,147.0,22.0,125.0,39.5,10.3,61,7.1,165,1009.3,100,0,100,100,0.0,0.0,43.6591,-70.2568,2021,5,3,17
2021-05-03 18:00:00,119.0,15.0,104.0,38.2,10.2,63,6.3,167,1009.1,100,0,39,100,0.0,0.0,43.6591,-70.2568,2021,5,3,18
2021-05-03 19:00:00,100.0,23.0,77.0,107.3,9.3,71,5.9,166,1008.8,100,0,11,100,0.0,1417.79,43.6591,-70.2568,2021,5,3,19
2021-05-03 20:00:00,19.0,4.0,15.0,50.4,8.9,64,7.4,209,1009.2,99,0,97,98,0.0,104.4,43.6591,-70.2568,2021,5,3,20
2021-05-03 21:00:00,0.0,0.0,0.0,0.0,8.8,65,5.5,203,1009.5,99,0,98,89,0.0,0.0,43.6591,-70.2568,2021,5,3,21
2021-05-03 22:00:00,0.0,0.0,0.0,0.0,8.6,68,4.8,207,1009.4,98,0,98,42,0.0,0.0,43.6591,-70.2568,2021,5,3,22
2021-05-03 23:00:00,0.0,0.0,0.0,0.0,8.0,70,6.7,216,1009.3,98,2,96,76,0.0,0.0,43.6591,-70.2568,2021,5,3,23
2021-05-04 00:00:00,0.0,0.0,0.0,0.0,7.8,75,3.3,221,1009.0,97,0,85,96,0.0,0.0,43.6591,-70.2568,2021,5,4,0
2021-05-04 01:00:00,0.0,0.0,0.0,0.0,8.2,69,2.4,297,1008.5,99,0,93,97,0.0,0.0,43.6591,-70.2568,2021,5,4,1
2021-05-04 02:00:00,0.0,0.0,0.0,0.0,7.6,85,0.8,63,1007.8,100,0,100,99,0.0,0.0,43.6591,-70.2568,2021,5,4,2
2021-05-04 03:00:00,0.0,0.0,0.0,0.0,7.5,80,6.2,36,1007.2,100,0,100,95,0.1,0.0,43.6591,-70.2568,2021,5,4,3
2021-05-04 04:00:00,0.0,0.0,0.0,0.0,7.5,76,7.3,33,1007.2,100,4,99,100,0.1,0.0,43.6591,-70.2568,2021,5,4,4
2021-05-04 05:00:00,0.0,0.0,0.0,0.0,7.0,83,9.8,36,1007.0,100,0,26,100,0.7,0.0,43.6591,-70.2568,2021,5,4,5
2021-05-04 06:00:00,2.0,0.0,2.0,0.0,6.0,99,9.7,45,1007.3,100,2,100,90,1.2,0.0,43.6591,-70.2568,2021,5,4,6
2021-05-04 07:00:00,31.0,1.0,30.0,6.0,6.2,99,10.4,46,1007.5,100,5,100,3,0.4,0.0,43.6591,-70.2568,2021,5,4,7
2021-05-04 08:00:00,48.0,0.0,48.0,0.0,9.2,77,6.2,54,1007.5,100,18,100,0,0.1,0.0,43.6591,-70.2568,2021,5,4,8
2021-05-04 09:00:00,169.0,8.0,161.0,15.5,9.8,68,8.2,52,1007.2,96,17,96,0,0.0,0.0,43.6591,-70.2568,2021,5,4,9
2021-05-04 10:00:00,291.0,51.0,240.0,76.8,11.0,58,10.4,56,1007.1,100,7,100,1,0.0,502.92,43.6591,-70.2568,2021,5,4,10
2021-05-04 11:00:00,277.0,18.0,259.0,23.1,11.5,53,9.3,74,1007.8,100,19,100,49,0.0,0.0,43.6591,-70.2568,2021,5,4,11
2021-05-04 12:00:00,219.0,17.0,202.0,19.9,11.0,55,10.4,90,1007.5,100,14,100,25,0.0,0.0,43.6591,-70.2568,2021,5,4,12
2021-05-04 13:00:00,308.0,36.0,272.0,40.7,10.8,54,9.5,99,1007.6,100,1,100,0,0.0,0.0,43.6591,-70.2568,2021,5,4,13
2021-05-04 14:00:00,166.0,11.0,155.0,12.7,9.7,58,8.7,97,1006.9,100,0,100,0,0.0,0.0,43.6591,-70.2568,2021,5,4,14
2021-05-04 15:00:00,200.0,17.0,183.0,21.1,9.9,57,5.1,98,1007.0,60,6,60,0,0.0,0.0,43.6591,-70.2568,2021,5,4,15
2021-05-04 16:00:00,578.0,362.0,216.0,517.7,12.2,47,5.4,86,1006.7,67,1,67,0,0.0,3600.0,43.6591,-70.2568,2021,5,4,16
2021-05-04 17:00:00,404.0,239.0,165.0,426.9,12.1,50,4.0,117,1006.4,11,5,9,0,0.0,3600.0,43.6591,-70.2568,2021,5,4,17
2021-05-04 18:00:00,315.0,221.0,94.0,558.7,11.6,54,5.3,118,1006.1,1,0,1,0,0.0,3600.0,43.6591,-70.2568,2021,5,4,18
2021-05-04 19:00:00,150.0,95.0,55.0,436.9,9.6,69,6.0,147,1006.3,2,0,2,0,0.0,3600.0,43.6591,-70.2568,2021,5,4,19
2021-05-04 20:00:00,22.0,10.0,12.0,123.7,7.6,73,6.1,135,1007.0,18,12,36,0,0.0,2105.29,43.6591,-70.2568,2021,5,4,20
2021-05-04 21:00:00,0.0,0.0,0.0,0.0,8.0,72,6.0,147,1007.7,89,8,68,66,0.0,0.0,43.6591,-70.2568,2021,5,4,21
2021-05-04 22:00:00,0.0,0.0,0.0,0.0,8.1,74,5.8,184,1007.6,95,3,72,87,0.0,0.0,43.6591,-70.2568,2021,5,4,22
2021-05-04 23:00:00,0.0,0.0,0.0,0.0,7.9,76,4.3,204,1007.3,95,1,93,85,0.0,0.0,43.6591,-70.2568,2021,5,4,23
2021-05-05 00:00:00,0.0,0.0,0.0,0.0,8.0,74,4.8,228,1007.9,100,9,99,96,0.0,0.0,43.6591,-70.2568,2021,5,5,0
2021-05-05 01:00:00,0.0,0.0,0.0,0.0,8.1,76,3.3,193,1006.8,100,5,95,99,0.0,0.0,43.6591,-70.2568,2021,5,5,1
2021-05-05 02:00:00,0.0,0.0,0.0,0.0,8.1,76,3.9,214,1006.5,98,40,96,93,0.0,0.0,43.6591,-70.2568,2021,5,5,2
2021-05-05 03:00:00,0.0,0.0,0.0,0.0,7.9,79,3.0,166,1005.8,100,0,96,99,0.0,0.0,43.6591,-70.2568,2021,5,5,3
2021-05-05 04:00:00,0.0,0.0,0.0,0.0,7.7,80,3.5,114,1005.4,100,0,99,100,0.1,0.0,43.6591,-70.2568,2021,5,5,4
2021-05-05 05:00:00,0.0,0.0,0.0,0.0,6.8,99,4.3,85,1004.6,100,0,100,100,1.7,0.0,43.6591,-70.2568,2021,5,5,5
2021-05-05 06:00:00,1.0,0.0,1.0,0.0,7.0,100,3.6,264,1005.9,100,0,89,100,5.0,0.0,43.6591,-70.2568,2021,5,5,6
2021-05-05 07:00:00,11.0,0.0,11.0,0.0,7.0,100,5.7,125,1005.6,100,2,100,99,6.1,0.0,43.6591,-70.2568,2021,5,5,7
2021-05-05 08:00:00,31.0,0.0,31.0,0.0,7.4,96,6.2,111,1006.7,100,100,100,100,3.5,0.0,43.6591,-70.2568,2021,5,5,8
2021-05-05 09:00:00,57.0,0.0,57.0,0.0,7.2,100,7.7,101,1006.5,100,100,100,100,0.6,0.0,43.6591,-70.2568,2021,5,5,9
2021-05-05 10:00:00,111.0,2.0,109.0,3.0,7.4,94,9.8,96,1006.2,100,100,100,98,0.2,0.0,43.6591,-70.2568,2021,5,5,10
2021-05-05 11:00:00,100.0,0.0,100.0,0.0,7.3,94,11.5,88,1005.4,100,100,100,100,0.2,0.0,43.6591,-70.2568,2021,5,5,11
2021-05-05 12:00:00,193.0,6.0,187.0,7.0,7.8,90,9.7,86,1005.3,100,100,100,100,0.2,0.0,43.6591,-70.2568,2021,5,5,12
2021-05-05 13:00:00,129.0,0.0,129.0,0.0,7.7,91,8.9,76,1004.8,100,100,89,100,0.3,0.0,43.6591,-70.2568,2021,5,5,13
2021-05-05 14:00:00,180.0,3.0,177.0,3.5,8.0,89,9.8,73,1004.2,100,100,100,39,0.1,0.0,43.6591,-70.2568,2021,5,5,14
2021-05-05 15:00:00,209.0,3.0,206.0,3.7,8.4,88,9.8,73,1003.7,100,100,100,100,0.1,0.0,43.6591,-70.2568,2021,5,5,15
2021-05-05 16:00:00,139.0,1.0,138.0,1.4,8.2,89,9.4,67,1002.8,100,100,100,100,0.2,0.0,43.6591,-70.2568,2021,5,5,16
2021-05-05 17:00:00,118.0,2.0,116.0,3.6,8.3,92,9.2,64,1002.2,100,100,100,100,0.6,0.0,43.6591,-70.2568,2021,5,5,17
2021-05-05 18:00:00,59.0,0.0,59.0,0.0,7.8,100,9.7,59,1001.8,100,100,100,100,0.9,0.0,43.6591,-70.2568,2021,5,5,18
2021-05-05 19:00:00,19.0,0.0,19.0,0.0,7.7,100,7.8,34,1001.4,100,94,100,99,1.0,0.0,43.6591,-70.2568,2021,5,5,19
2021-05-05 20:00:00,4.0,0.0,4.0,0.0,7.6,97,9.3,13,1002.5,100,100,100,93,0.8,0.0,43.6591,-70.2568,2021,5,5,20
2021-05-05 21:00:00,0.0,0.0,0.0,0.0,7.1,100,9.0,358,1002.7,100,91,100,64,1.0,0.0,43.6591,-70.2568,2021,5,5,21
2021-05-05 22:00:00,0.0,0.0,0.0,0.0,6.8,100,9.0,355,1002.2,100,8,100,0,0.4,0.0,43.6591,-70.2568,2021,5,5,22
2021-05-05 23:00:00,0.0,0.0,0.0,0.0,6.8,100,8.4,320,1002.5,100,100,100,1,0.1,0.0,43.6591,-70.2568,2021,5,5,23
2021-05-06 00:00:00,0.0,0.0,0.0,0.0,6.9,98,7.8,326,1002.0,100,53,100,1,0.1,0.0,43.6591,-70.2568,2021,5,6,0
2021-05-06 01:00:00,0.0,0.0,0.0,0.0,6.8,100,6.1,310,1001.7,100,27,100,12,0.1,0.0,43.6591,-70.2568,2021,5,6,1
2021-05-06 02:00:00,0.0,0.0,0.0,0.0,6.9,100,6.2,306,1001.3,100,0,100,20,0.2,0.0,43.6591,-70.2568,2021,5,6,2
2021-05-06 03:00:00,0.0,0.0,0.0,0.0,6.9,100,6.7,286,1001.2,100,2,100,0,0.1,0.0,43.6591,-70.2568,2021,5,6,3
2021-05-06 04:00:00,0.0,0.0,0.0,0.0,7.1,97,8.0,278,1001.4,99,2,99,0,0.0,0.0,43.6591,-70.2568,2021,5,6,4
2021-05-06 05:00:00,0.0,0.0,0.0,0.0,7.6,96,11.7,281,1001.7,24,18,20,0,0.0,0.0,43.6591,-70.2568,2021,5,6,5
2021-05-06 06:00:00,7.0,2.0,5.0,33.6,7.5,96,12.5,288,1002.5,20,15,15,5,0.0,0.0,43.6591,-70.2568,2021,5,6,6
2021-05-06 07:00:00,106.0,61.0,45.0,349.6,8.5,95,11.3,292,1003.0,24,2,14,12,0.0,3600.0,43.6591,-70.2568,2021,5,6,7
2021-05-06 08:00:00,273.0,194.0,79.0,547.9,10.3,91,10.2,288,1002.8,13,3,10,0,0.0,3600.0,43.6591,-70.2568,2021,5,6,8
2021-05-06 09:00:00,462.0,369.0,93.0,705.5,12.1,74,18.4,301,1003.3,18,16,5,0,0.0,3600.0,43.6591,-70.2568,2021,5,6,9
2021-05-06 10:00:00,622.0,518.0,104.0,773.3,13.1,61,20.3,303,1003.8,8,5,6,0,0.0,3600.0,43.6591,-70.2568,2021,5,6,10
2021-05-06 11:00:00,754.0,627.0,127.0,799.2,14.0,53,23.5,310,1004.5,43,41,6,0,0.0,3600.0,43.6591,-70.2568,2021,5,6,11
2021-05-06 12:00:00,727.0,514.0,213.0,598.2,14.1,48,23.7,313,1004.8,25,24,2,0,0.0,3600.0,43.6591,-70.2568,2021,5,6,12
2021-05-06 13:00:00,858.0,681.0,177.0,766.0,14.8,44,24.4,316,1004.8,52,51,15,0,0.0,3600.0,43.6591,-70.2568,2021,5,6,13
2021-05-06 14:00:00,873.0,712.0,161.0,816.8,15.1,41,22.7,318,1005.1,32,32,9,0,0.0,3600.0,43.6591,-70.2568,2021,5,6,14
2021-05-06 15:00:00,793.0,644.0,149.0,796.5,15.0,40,21.4,324,1005.3,52,23,52,0,0.0,3600.0,43.6591,-70.2568,2021,5,6,15
2021-05-06 16:00:00,645.0,453.0,192.0,643.5,14.8,41,19.3,327,1005.5,34,1,34,0,0.0,3600.0,43.6591,-70.2568,2021,5,6,16
2021-05-06 17:00:00,519.0,412.0,107.0,729.4,14.3,41,18.3,338,1006.0,53,0,53,0,0.0,3600.0,43.6591,-70.2568,2021,5,6,17
2021-05-06 18:00:00,353.0,271.0,82.0,675.9,13.1,46,16.6,347,1006.8,1,0,1,0,0.0,3600.0,43.6591,-70.2568,2021,5,6,18
2021-05-06 19:00:00,169.0,116.0,53.0,519.4,11.5,51,13.9,343,1008.2,14,4,14,0,0.0,3600.0,43.6591,-70.2568,2021,5,6,19
2021-05-06 20:00:00,27.0,13.0,14.0,155.1,10.8,49,15.6,337,1008.8,61,0,1,80,0.0,2698.36,43.6591,-70.2568,2021,5,6,20
2021-05-06 21:00:00,0.0,0.0,0.0,0.0,10.0,46,14.9,340,1009.9,87,0,0,87,0.0,0.0,43.6591,-70.2568,2021,5,6,21
2021-05-06 22:00:00,0.0,0.0,0.0,0.0,9.3,48,12.6,340,1010.5,90,0,0,90,0.0,0.0,43.6591,-70.2568,2021,5,6,22
2021-05-06 23:00:00,0.0,0.0,0.0,0.0,7.9,56,10.8,339,1010.0,97,0,32,97,0.0,0.0,43.6591,-70.2568,2021,5,6,23
2021-05-07 00:00:00,0.0,0.0,0.0,0.0,6.9,64,8.4,329,1010.2,96,0,0,96,0.0,0.0,43.6591,-70.2568,2021,5,7,0
2021-05-07 01:00:00,0.0,0.0,0.0,0.0,5.9,73,9.5,323,1010.7,65,0,0,64,0.0,0.0,43.6591,-70.2568,2021,5,7,1
2021-05-07 02:00:00,0.0,0.0,0.0,0.0,5.3,77,10.1,325,1011.2,96,0,24,96,0.0,0.0,43.6591,-70.2568,2021,5,7,2
2021-05-07 03:00:00,0.0,0.0,0.0,0.0,5.2,77,9.7,356,1011.3,96,0,18,95,0.0,0.0,43.6591,-70.2568,2021,5,7,3
2021-05-07 04:00:00,0.0,0.0,0.0,0.0,4.8,76,9.4,356,1011.3,68,0,64,44,0.0,0.0,43.6591,-70.2568,2021,5,7,4
2021-05-07 05:00:00,0.0,0.0,0.0,0.0,4.4,78,7.9,344,1011.6,92,0,86,90,0.0,0.0,43.6591,-70.2568,2021,5,7,5
2021-05-07 06:00:00,8.0,1.0,7.0,16.3,4.6,79,6.8,342,1012.2,94,0,92,92,0.0,0.0,43.6591,-70.2568,2021,5,7,6
2021-05-07 07:00:00,85.0,19.0,66.0,106.8,5.8,75,5.4,8,1012.5,95,0,92,86,0.0,1404.98,43.6591,-70.2568,2021,5,7,7
2021-05-07 08:00:00,271.0,155.0,116.0,434.0,7.9,61,2.9,30,1012.8,61,0,40,9,0.0,3600.0,43.6591,-70.2568,2021,5,7,8
2021-05-07 09:00:00,494.0,394.0,100.0,749.2,10.0,49,5.5,67,1013.0,37,0,36,2,0.0,3600.0,43.6591,-70.2568,2021,5,7,9
2021-05-07 10:00:00,672.0,575.0,97.0,855.1,11.2,45,5.0,90,1013.1,47,0,0,47,0.0,3600.0,43.6591,-70.2568,2021,5,7,10
2021-05-07 11:00:00,807.0,703.0,104.0,893.3,12.3,43,5.7,108,1013.0,46,0,0,46,0.0,3600.0,43.6591,-70.2568,2021,5,7,11
2021-05-07 12:00:00,896.0,789.0,107.0,915.8,12.9,42,8.6,123,1012.6,48,0,31,26,0.0,3600.0,43.6591,-70.2568,2021,5,7,12
2021-05-07 13:00:00,913.0,775.0,138.0,869.6,13.0,41,13.0,134,1012.1,82,0,82,0,0.0,3600.0,43.6591,-70.2568,2021,5,7,13
2021-05-07 14:00:00,694.0,345.0,349.0,394.8,12.2,40,14.7,155,1011.7,81,0,81,0,0.0,3600.0,43.6591,-70.2568,2021,5,7,14
2021-05-07 15:00:00,801.0,665.0,136.0,820.2,12.5,42,15.0,170,1011.3,55,0,1,55,0.0,3600.0,43.6591,-70.2568,2021,5,7,15
2021-05-07 16:00:00,709.0,612.0,97.0,866.6,12.7,43,14.4,180,1010.9,69,0,0,69,0.0,3600.0,43.6591,-70.2568,2021,5,7,16
2021-05-07 17:00:00,547.0,455.0,92.0,802.0,12.2,49,13.1,188,1010.7,18,0,0,18,0.0,3600.0,43.6591,-70.2568,2021,5,7,17
2021-05-07 18:00:00,358.0,282.0,76.0,698.7,11.2,54,11.2,180,1010.7,0,0,0,0,0.0,3600.0,43.6591,-70.2568,2021,5,7,18
2021-05-07 19:00:00,172.0,118.0,54.0,521.6,9.4,68,7.8,167,1010.6,92,0,0,92,0.0,3600.0,43.6591,-70.2568,2021,5,7,19
2021-05-07 20:00:00,28.0,13.0,15.0,152.5,7.4,74,10.5,184,1010.8,94,0,13,94,0.0,2765.22,43.6591,-70.2568,2021,5,7,20
2021-05-07 21:00:00,0.0,0.0,0.0,0.0,6.9,77,9.0,185,1011.0,71,0,20,65,0.0,0.0,43.6591,-70.2568,2021,5,7,21
2021-05-07 22:00:00,0.0,0.0,0.0,0.0,5.6,88,7.0,168,1010.8,2,0,0,2,0.0,0.0,43.6591,-70.2568,2021,5,7,22
2021-05-07 23:00:00,0.0,0.0,0.0,0.0,5.5,86,1.8,349,1010.2,69,0,0,69,0.0,0.0,43.6591,-70.2568,2021,5,7,23
2021-05-08 00:00:00,0.0,0.0,0.0,0.0,4.6,92,5.1,82,1010.7,94,0,0,94,0.0,0.0,43.6591,-70.2568,2021,5,8,0
2021-05-08 01:00:00,0.0,0.0,0.0,0.0,6.0,88,7.7,62,1010.2,99,0,0,99,0.0,0.0,43.6591,-70.2568,2021,5,8,1
2021-05-08 02:00:00,0.0,0.0,0.0,0.0,5.6,91,7.9,24,1009.9,100,0,0,100,0.0,0.0,43.6591,-70.2568,2021,5,8,2
2021-05-08 03:00:00,0.0,0.0,0.0,0.0,4.5,95,10.5,6,1009.0,100,0,0,100,0.0,0.0,43.6591,-70.2568,2021,5,8,3
2021-05-08 04:00:00,0.0,0.0,0.0,0.0,4.0,86,11.9,2,1008.3,100,0,0,100,0.0,0.0,43.6591,-70.2568,2021,5,8,4
2021-05-08 05:00:00,0.0,0.0,0.0,0.0,4.3,78,12.3,5,1007.7,100,0,0,100,0.0,0.0,43.6591,-70.2568,2021,5,8,5
2021-05-08 06:00:00,10.0,1.0,9.0,15.9,4.6,76,12.6,3,1007.9,99,0,0,99,0.0,0.0,43.6591,-70.2568,2021,5,8,6
2021-05-08 07:00:00,95.0,20.0,75.0,110.4,6.2,72,12.1,12,1008.5,99,1,1,99,0.0,1512.8,43.6591,-70.2568,2021,5,8,7
2021-05-08 08:00:00,227.0,79.0,148.0,219.3,8.0,66,13.1,8,1007.6,100,1,69,100,0.0,3600.0,43.6591,-70.2568,2021,5,8,8
2021-05-08 09:00:00,290.0,53.0,237.0,100.3,9.3,63,12.5,18,1007.8,100,1,82,100,0.0,1207.79,43.6591,-70.2568,2021,5,8,9
2021-05-08 10:00:00,435.0,115.0,320.0,170.4,10.7,60,11.9,29,1007.6,100,10,92,100,0.0,3311.34,43.6591,-70.2568,2021,5,8,10
2021-05-08 11:00:00,434.0,86.0,348.0,109.0,11.1,57,12.1,30,1007.7,100,16,100,100,0.0,1468.93,43.6591,-70.2568,2021,5,8,11
2021-05-08 12:00:00,439.0,68.0,371.0,78.7,11.3,54,14.5,30,1007.3,100,13,98,100,0.0,561.95,43.6591,-70.2568,2021,5,8,12
2021-05-08 13:00:00,411.0,60.0,351.0,67.2,11.5,52,15.3,30,1006.9,100,26,96,100,0.0,215.13,43.6591,-70.2568,2021,5,8,13
2021-05-08 14:00:00,351.0,41.0,310.0,46.8,11.5,51,13.6,22,1006.3,100,79,97,100,0.0,0.0,43.6591,-70.2568,2021,5,8,14
2021-05-08 15:00:00,305.0,12.0,293.0,14.8,11.7,49,11.7,11,1005.9,100,46,99,100,0.0,0.0,43.6591,-70.2568,2021,5,8,15
2021-05-08 16:00:00,371.0,57.0,314.0,80.5,12.4,46,10.5,356,1005.3,100,30,99,100,0.0,613.87,43.6591,-70.2568,2021,5,8,16
2021-05-08 17:00:00,207.0,13.0,194.0,22.8,12.1,52,4.3,312,1005.0,100,0,96,100,0.0,0.0,43.6591,-70.2568,2021,5,8,17
2021-05-08 18:00:00,149.0,16.0,133.0,39.4,11.4,72,3.6,180,1005.2,100,17,97,100,0.0,0.0,43.6591,-70.2568,2021,5,8,18
2021-05-08 19:00:00,64.0,2.0,62.0,8.7,10.0,78,7.3,169,1005.5,100,4,100,100,0.0,0.0,43.6591,-70.2568,2021,5,8,19
2021-05-08 20:00:00,12.0,0.0,12.0,0.0,8.8,74,5.5,212,1005.3,100,0,96,100,0.0,0.0,43.6591,-70.2568,2021,5,8,20
2021-05-08 21:00:00,0.0,0.0,0.0,0.0,9.1,72,9.5,217,1005.5,100,0,95,100,0.0,0.0,43.6591,-70.2568,2021,5,8,21
2021-05-08 22:00:00,0.0,0.0,0.0,0.0,8.7,75,6.6,229,1005.4,100,0,96,100,0.0,0.0,43.6591,-70.2568,2021,5,8,22
2021-05-08 23:00:00,0.0,0.0,0.0,0.0,8.7,74,6.2,324,1005.6,100,0,97,100,0.0,0.0,43.6591,-70.2568,2021,5,8,23
2021-05-09 00:00:00,0.0,0.0,0.0,0.0,8.3,73,10.5,308,1005.7,100,0,98,100,0.0,0.0,43.6591,-70.2568,2021,5,9,0
2021-05-09 01:00:00,0.0,0.0,0.0,0.0,8.1,71,13.1,302,1005.7,100,0,98,100,0.0,0.0,43.6591,-70.2568,2021,5,9,1
2021-05-09 02:00:00,0.0,0.0,0.0,0.0,8.1,67,14.1,308,1005.9,100,0,95,100,0.0,0.0,43.6591,-70.2568,2021,5,9,2
2021-05-09 03:00:00,0.0,0.0,0.0,0.0,7.8,66,14.0,299,1006.0,100,0,90,99,0.0,0.0,43.6591,-70.2568,2021,5,9,3
2021-05-09 04:00:00,0.0,0.0,0.0,0.0,7.3,66,15.0,297,1006.5,98,0,58,96,0.0,0.0,43.6591,-70.2568,2021,5,9,4
2021-05-09 05:00:00,0.0,0.0,0.0,0.0,6.8,67,14.8,293,1006.9,92,0,17,91,0.0,0.0,43.6591,-70.2568,2021,5,9,5
2021-05-09 06:00:00,12.0,3.0,9.0,46.6,6.5,69,15.3,294,1007.8,90,1,1,89,0.0,64.04,43.6591,-70.2568,2021,5,9,6
2021-05-09 07:00:00,125.0,71.0,54.0,385.2,8.0,68,14.7,295,1008.8,62,2,0,61,0.0,3600.0,43.6591,-70.2568,2021,5,9,7
2021-05-09 08:00:00,305.0,228.0,77.0,627.9,10.3,57,12.1,300,1009.2,1,3,0,0,0.0,3600.0,43.6591,-70.2568,2021,5,9,8
2021-05-09 09:00:00,493.0,404.0,89.0,760.4,12.1,52,14.1,310,1009.0,0,0,0,0,0.0,3600.0,43.6591,-70.2568,2021,5,9,9
2021-05-09 10:00:00,668.0,571.0,97.0,842.9,13.7,52,15.6,310,1009.0,31,31,2,0,0.0,3600.0,43.6591,-70.2568,2021,5,9,10
2021-05-09 11:00:00,724.0,559.0,165.0,706.3,15.4,43,15.9,298,1008.5,52,43,46,0,0.0,3600.0,43.6591,-70.2568,2021,5,9,11
2021-05-09 12:00:00,748.0,542.0,206.0,626.0,16.1,42,15.5,288,1008.6,35,2,35,0,0.1,3600.0,43.6591,-70.2568,2021,5,9,12
2021-05-09 13:00:00,704.0,542.0,162.0,605.4,16.5,42,12.6,273,1008.1,48,7,46,2,0.0,3600.0,43.6591,-70.2568,2021,5,9,13
2021-05-09 14:00:00,704.0,507.0,197.0,577.5,16.7,40,14.0,258,1007.8,53,3,48,10,0.0,3600.0,43.6591,-70.2568,2021,5,9,14
2021-05-09 15:00:00,671.0,465.0,206.0,570.6,16.5,40,13.4,256,1007.2,100,0,43,100,0.0,3600.0,43.6591,-70.2568,2021,5,9,15
2021-05-09 16:00:00,478.0,248.0,230.0,349.0,15.9,44,10.2,231,1007.0,100,0,35,100,0.0,3600.0,43.6591,-70.2568,2021,5,9,16
2021-05-09 17:00:00,353.0,167.0,186.0,291.9,14.9,58,9.7,202,1006.8,100,13,29,100,0.0,3600.0,43.6591,-70.2568,2021,5,9,17
2021-05-09 18:00:00,219.0,48.0,171.0,117.4,14.3,67,10.4,214,1007.1,100,15,59,100,0.0,1722.31,43.6591,-70.2568,2021,5,9,18
2021-05-09 19:00:00,101.0,13.0,88.0,56.0,13.0,70,9.2,225,1007.4,100,1,77,100,0.0,0.0,43.6591,-70.2568,2021,5,9,19
2021-05-09 20:00:00,15.0,0.0,15.0,0.0,12.2,72,10.0,210,1007.1,100,0,88,100,0.0,0.0,43.6591,-70.2568,2021,5,9,20
2021-05-09 21:00:00,0.0,0.0,0.0,0.0,11.9,64,10.0,240,1007.6,99,0,93,98,0.0,0.0,43.6591,-70.2568,2021,5,9,21
2021-05-09 22:00:00,0.0,0.0,0.0,0.0,11.5,57,10.1,270,1008.0,100,0,95,100,0.0,0.0,43.6591,-70.2568,2021,5,9,22
2021-05-09 23:00:00,0.0,0.0,0.0,0.0,11.1,57,10.2,280,1007.9,100,0,84,100,0.0,0.0,43.6591,-70.2568,2021,5,9,23
2021-05-10 00:00:00,0.0,0.0,0.0,0.0,10.4,62,8.4,280,1007.8,97,0,89,94,0.0,0.0,43.6591,-70.2568,2021,5,10,0
2021-05-10 01:00:00,0.0,0.0,0.0,0.0,9.5,69,6.2,277,1007.1,98,0,88,97,0.0,0.0,43.6591,-70.2568,2021,5,10,1
2021-05-10 02:00:00,0.0,0.0,0.0,0.0,8.8,73,5.0,291,1006.6,100,0,99,100,0.0,0.0,43.6591,-70.2568,2021,5,10,2
2021-05-10 03:00:00,0.0,0.0,0.0,0.0,8.7,74,5.3,242,1006.0,100,8,97,100,0.0,0.0,43.6591,-70.2568,2021,5,10,3
2021-05-10 04:00:00,0.0,0.0,0.0,0.0,8.3,76,6.5,276,1005.6,100,15,98,100,0.1,0.0,43.6591,-70.2568,2021,5,10,4
2021-05-10 05:00:00,0.0,0.0,0.0,0.0,7.8,83,5.6,285,1005.5,100,6,100,100,0.2,0.0,43.6591,-70.2568,2021,5,10,5
2021-05-10 06:00:00,2.0,0.0,2.0,0.0,7.6,90,5.7,288,1006.2,100,49,100,100,0.5,0.0,43.6591,-70.2568,2021,5,10,6
2021-05-10 07:00:00,13.0,0.0,13.0,0.0,7.6,100,5.2,326,1005.8,99,14,96,99,0.6,0.0,43.6591,-70.2568,2021,5,10,7
2021-05-10 08:00:00,94.0,6.0,88.0,16.4,9.2,97,8.9,313,1006.7,95,79,99,0,0.1,0.0,43.6591,-70.2568,2021,5,10,8
2021-05-10 09:00:00,109.0,7.0,102.0,13.1,10.1,94,8.2,319,1006.8,94,1,94,0,0.0,0.0,43.6591,-70.2568,2021,5,10,9
2021-05-10 10:00:00,359.0,100.0,259.0,147.1,12.5,74,9.1,342,1006.3,7,6,3,0,0.0,2613.25,43.6591,-70.2568,2021,5,10,10
2021-05-10 11:00:00,770.0,647.0,123.0,815.2,14.9,53,6.2,21,1006.3,6,4,3,0,0.0,3600.0,43.6591,-70.2568,2021,5,10,11
2021-05-10 12:00:00,868.0,745.0,123.0,858.4,16.1,46,6.5,56,1006.0,78,73,23,16,0.0,3600.0,43.6591,-70.2568,2021,5,10,12
2021-05-10 13:00:00,728.0,504.0,224.0,561.7,15.8,49,7.9,141,1005.9,97,2,92,67,0.0,3600.0,43.6591,-70.2568,2021,5,10,13
2021-05-10 14:00:00,474.0,181.0,293.0,205.7,15.0,53,12.8,170,1006.1,85,0,85,1,0.0,3600.0,43.6591,-70.2568,2021,5,10,14
2021-05-10 15:00:00,329.0,82.0,247.0,100.4,14.5,58,11.5,180,1006.0,76,0,76,0,0.0,1211.12,43.6591,-70.2568,2021,5,10,15
2021-05-10 16:00:00,588.0,380.0,208.0,533.1,16.0,54,10.6,190,1005.8,59,0,11,54,0.0,3600.0,43.6591,-70.2568,2021,5,10,16
2021-05-10 17:00:00,514.0,400.0,114.0,696.3,15.6,56,11.6,185,1005.5,94,0,20,92,0.0,3600.0,43.6591,-70.2568,2021,5,10,17
2021-05-10 18:00:00,308.0,190.0,118.0,461.8,14.5,67,10.1,182,1005.9,99,0,12,99,0.0,3600.0,43.6591,-70.2568,2021,5,10,18
2021-05-10 19:00:00,122.0,41.0,81.0,174.6,12.5,73,11.9,185,1006.5,19,0,6,15,0.0,3439.05,43.6591,-70.2568,2021,5,10,19
2021-05-10 20:00:00,31.0,16.0,15.0,178.8,10.9,65,15.5,183,1007.6,64,0,69,83,0.0,2964.88,43.6591,-70.2568,2021,5,10,20
2021-05-10 21:00:00,0.0,0.0,0.0,0.0,10.6,67,12.9,193,1008.1,84,0,75,54,0.0,0.0,43.6591,-70.2568,2021,5,10,21
2021-05-10 22:00:00,0.0,0.0,0.0,0.0,10.5,72,14.0,203,1008.6,78,0,78,0,0.0,0.0,43.6591,-70.2568,2021,5,10,22
2021-05-10 23:00:00,0.0,0.0,0.0,0.0,10.1,78,9.2,222,1008.3,45,0,45,0,0.0,0.0,43.6591,-70.2568,2021,5,10,23
2021-05-11 00:00:00,0.0,0.0,0.0,0.0,9.6,82,6.4,232,1007.9,62,0,51,23,0.0,0.0,43.6591,-70.2568,2021,5,11,0
2021-05-11 01:00:00,0.0,0.0,0.0,0.0,9.0,83,10.9,279,1007.8,99,0,57,98,0.0,0.0,43.6591,-70.2568,2021,5,11,1
2021-05-11 02:00:00,0.0,0.0,0.0,0.0,9.9,75,13.1,291,1007.3,94,1,45,89,0.0,0.0,43.6591,-70.2568,2021,5,11,2
2021-05-11 03:00:00,0.0,0.0,0.0,0.0,9.4,76,14.3,282,1007.2,99,0,55,99,0.0,0.0,43.6591,-70.2568,2021,5,11,3
2021-05-11 04:00:00,0.0,0.0,0.0,0.0,9.1,77,13.9,295,1007.5,99,0,72,97,0.1,0.0,43.6591,-70.2568,2021,5,11,4
2021-05-11 05:00:00,0.0,0.0,0.0,0.0,8.7,81,10.7,315,1007.7,98,7,95,60,0.2,0.0,43.6591,-70.2568,2021,5,11,5
2021-05-11 06:00:00,5.0,1.0,4.0,14.8,8.7,83,9.3,283,1008.3,98,23,97,45,0.0,0.0,43.6591,-70.2568,2021,5,11,6
2021-05-11 07:00:00,31.0,7.0,24.0,36.8,8.9,83,9.5,281,1008.7,79,44,17,71,0.1,0.0,43.6591,-70.2568,2021,5,11,7
2021-05-11 08:00:00,202.0,93.0,109.0,252.2,10.7,75,9.6,283,1007.9,87,16,3,93,0.0,3600.0,43.6591,-70.2568,2021,5,11,8
2021-05-11 09:00:00,448.0,283.0,165.0,527.6,13.1,60,11.2,276,1007.6,3,3,0,0,0.0,3600.0,43.6591,-70.2568,2021,5,11,9
2021-05-11 10:00:00,659.0,554.0,105.0,812.2,14.5,48,13.4,278,1007.1,16,16,0,0,0.0,3600.0,43.6591,-70.2568,2021,5,11,10
2021-05-11 11:00:00,786.0,663.0,123.0,833.1,15.7,42,14.5,276,1007.1,38,10,37,0,0.0,3600.0,43.6591,-70.2568,2021,5,11,11
2021-05-11 12:00:00,769.0,594.0,175.0,682.9,15.1,43,18.4,271,1007.0,71,25,70,0,0.1,3600.0,43.6591,-70.2568,2021,5,11,12
2021-05-11 13:00:00,740.0,537.0,203.0,597.2,13.8,48,20.4,278,1007.3,54,6,53,0,0.1,3600.0,43.6591,-70.2568,2021,5,11,13
2021-05-11 14:00:00,651.0,454.0,197.0,514.8,13.8,49,20.4,287,1007.3,50,0,50,0,0.2,3600.0,43.6591,-70.2568,2021,5,11,14
2021-05-11 15:00:00,654.0,486.0,168.0,593.4,14.7,38,20.7,293,1006.7,51,0,51,0,0.0,3600.0,43.6591,-70.2568,2021,5,11,15
2021-05-11 16:00:00,520.0,342.0,178.0,478.4,14.0,37,24.1,279,1006.4,36,0,36,0,0.0,3600.0,43.6591,-70.2568,2021,5,11,16
2021-05-11 17:00:00,477.0,328.0,149.0,568.7,14.0,38,22.0,273,1006.4,18,0,18,0,0.0,3600.0,43.6591,-70.2568,2021,5,11,17
2021-05-11 18:00:00,340.0,250.0,90.0,603.9,13.5,40,18.8,266,1006.7,10,0,10,0,0.0,3600.0,43.6591,-70.2568,2021,5,11,18
2021-05-11 19:00:00,178.0,120.0,58.0,505.1,12.2,43,17.7,257,1007.4,4,0,4,0,0.0,3600.0,43.6591,-70.2568,2021,5,11,19
2021-05-11 20:00:00,36.0,19.0,17.0,209.0,10.4,48,12.3,267,1008.3,10,0,9,0,0.0,3031.26,43.6591,-70.2568,2021,5,11,20
2021-05-11 21:00:00,0.0,0.0,0.0,0.0,8.9,51,10.2,280,1009.0,0,0,0,0,0.0,0.0,43.6591,-70.2568,2021,5,11,21
2021-05-11 22:00:00,0.0,0.0,0.0,0.0,8.0,51,12.4,278,1008.9,0,0,0,0,0.0,0.0,43.6591,-70.2568,2021,5,11,22
2021-05-11 23:00:00,0.0,0.0,0.0,0.0,7.6,52,12.1,293,1009.1,0,0,0,0,0.0,0.0,43.6591,-70.2568,2021,5,11,23
2021-05-12 00:00:00,0.0,0.0,0.0,0.0,6.4,60,11.2,276,1009.1,0,0,0,0,0.0,0.0,43.6591,-70.2568,2021,5,12,0
2021-05-12 01:00:00,0.0,0.0,0.0,0.0,5.9,62,13.0,270,1009.1,0,0,0,0,0.0,0.0,43.6591,-70.2568,2021,5,12,1
2021-05-12 02:00:00,0.0,0.0,0.0,0.0,5.3,63,13.3,268,1009.0,0,0,0,0,0.0,0.0,43.6591,-70.2568,2021,5,12,2
2021-05-12 03:00:00,0.0,0.0,0.0,0.0,5.1,65,13.3,272,1009.0,1,0,1,0,0.0,0.0,43.6591,-70.2568,2021,5,12,3
2021-05-12 04:00:00,0.0,0.0,0.0,0.0,5.1,67,14.4,269,1008.8,1,0,0,0,0.0,0.0,43.6591,-70.2568,2021,5,12,4
2021-05-12 05:00:00,0.0,0.0,0.0,0.0,5.0,71,14.0,271,1009.2,7,1,6,4,0.0,0.0,43.6591,-70.2568,2021,5,12,5
2021-05-12 06:00:00,15.0,6.0,9.0,87.0,5.4,74,14.8,276,1009.7,100,1,100,0,0.0,1006.36,43.6591,-70.2568,2021,5,12,6
2021-05-12 07:00:00,122.0,53.0,69.0,274.1,7.2,72,14.7,281,1010.3,18,10,10,6,0.0,3600.0,43.6591,-70.2568,2021,5,12,7
2021-05-12 08:00:00,312.0,231.0,81.0,622.0,9.3,67,16.4,308,1010.9,14,0,36,0,0.0,3600.0,43.6591,-70.2568,2021,5,12,8
2021-05-12 09:00:00,456.0,330.0,126.0,612.4,11.8,58,17.3,317,1011.3,0,0,0,0,0.0,3600.0,43.6591,-70.2568,2021,5,12,9
2021-05-12 10:00:00,679.0,583.0,96.0,852.0,14.1,50,17.0,324,1011.5,15,3,15,0,0.0,3600.0,43.6591,-70.2568,2021,5,12,10
2021-05-12 11:00:00,734.0,604.0,130.0,757.0,14.9,45,17.4,326,1012.0,21,5,21,0,0.0,3600.0,43.6591,-70.2568,2021,5,12,11
2021-05-12 12:00:00,733.0,582.0,151.0,667.6,15.7,43,18.9,318,1012.3,32,6,32,0,0.0,3600.0,43.6591,-70.2568,2021,5,12,12
2021-05-12 13:00:00,740.0,558.0,182.0,619.3,16.1,38,19.6,317,1012.3,39,3,37,3,0.0,3600.0,43.6591,-70.2568,2021,5,12,13
2021-05-12 14:00:00,743.0,564.0,179.0,638.2,16.2,38,18.6,314,1012.3,36,3,35,0,0.0,3600.0,43.6591,-70.2568,2021,5,12,14
2021-05-12 15:00:00,674.0,497.0,177.0,605.4,16.1,38,16.2,302,1012.5,31,5,27,7,0.0,3600.0,43.6591,-70.2568,2021,5,12,15
2021-05-12 16:00:00,659.0,525.0,134.0,732.2,16.5,37,15.4,307,1012.2,31,0,31,0,0.0,3600.0,43.6591,-70.2568,2021,5,12,16
2021-05-12 17:00:00,467.0,352.0,115.0,607.8,13.5,55,17.6,316,1013.3,82,16,82,0,0.1,3600.0,43.6591,-70.2568,2021,5,12,17
2021-05-12 18:00:00,317.0,220.0,97.0,528.2,13.9,53,12.8,322,1013.7,12,10,9,0,0.0,3600.0,43.6591,-70.2568,2021,5,12,18
2021-05-12 19:00:00,160.0,103.0,57.0,428.5,12.9,59,11.5,319,1014.3,25,1,25,0,0.0,3600.0,43.6591,-70.2568,2021,5,12,19
2021-05-12 20:00:00,33.0,16.0,17.0,173.4,11.3,67,7.4,299,1016.0,2,2,36,0,0.0,3097.43,43.6591,-70.2568,2021,5,12,20
2021-05-12 21:00:00,0.0,0.0,0.0,0.0,10.4,73,8.4,317,1016.6,52,12,51,0,0.1,0.0,43.6591,-70.2568,2021,5,12,21
2021-05-12 22:00:00,0.0,0.0,0.0,0.0,9.7,77,9.3,298,1016.8,28,0,28,0,0.0,0.0,43.6591,-70.2568,2021,5,12,22
2021-05-12 23:00:00,0.0,0.0,0.0,0.0,8.4,83,10.2,293,1016.8,8,0,8,0,0.0,0.0,43.6591,-70.2568,2021,5,12,23
2021-05-13 00:00:00,0.0,0.0,0.0,0.0,7.6,85,10.7,290,1016.8,19,0,19,0,0.0,0.0,43.6591,-70.2568,2021,5,13,0
2021-05-13 01:00:00,0.0,0.0,0.0,0.0,7.1,85,10.5,292,1016.8,0,0,0,0,0.0,0.0,43.6591,-70.2568,2021,5,13,1
2021-05-13 02:00:00,0.0,0.0,0.0,0.0,6.6,86,10.6,298,1016.5,0,0,0,0,0.0,0.0,43.6591,-70.2568,2021,5,13,2
2021-05-13 03:00:00,0.0,0.0,0.0,0.0,6.1,88,10.8,300,1016.3,0,0,0,0,0.0,0.0,43.6591,-70.2568,2021,5,13,3
2021-05-13 04:00:00,0.0,0.0,0.0,0.0,5.8,88,10.8,300,1016.1,0,0,0,0,0.0,0.0,43.6591,-70.2568,2021,5,13,4
2021-05-13 05:00:00,0.0,0.0,0.0,0.0,5.4,90,10.8,300,1016.1,0,0,0,0,0.0,0.0,43.6591,-70.2568,2021,5,13,5
2021-05-13 06:00:00,17.0,8.0,9.0,113.6,5.5,88,10.8,300,1016.4,0,0,0,0,0.0,1672.24,43.6591,-70.2568,2021,5,13,6
2021-05-13 07:00:00,144.0,97.0,47.0,494.3,8.0,77,9.3,306,1016.7,0,0,0,0,0.0,3600.0,43.6591,-70.2568,2021,5,13,7
2021-05-13 08:00:00,329.0,259.0,70.0,692.5,11.6,63,7.0,305,1017.2,0,0,8,0,0.0,3600.0,43.6591,-70.2568,2021,5,13,8
2021-05-13 09:00:00,512.0,424.0,88.0,783.4,14.9,49,8.1,315,1017.2,7,0,7,0,0.0,3600.0,43.6591,-70.2568,2021,5,13,9
2021-05-13 10:00:00,678.0,576.0,102.0,839.1,16.7,35,11.0,328,1016.9,42,0,42,0,0.0,3600.0,43.6591,-70.2568,2021,5,13,10
2021-05-13 11:00:00,675.0,491.0,184.0,613.9,17.2,31,12.2,332,1016.9,32,0,32,0,0.0,3600.0,43.6591,-70.2568,2021,5,13,11
2021-05-13 12:00:00,808.0,629.0,179.0,720.0,17.9,28,12.3,328,1016.5,59,0,59,0,0.1,3600.0,43.6591,-70.2568,2021,5,13,12
2021-05-13 13:00:00,745.0,516.0,229.0,571.5,17.8,29,11.3,338,1016.2,55,0,55,0,0.1,3600.0,43.6591,-70.2568,2021,5,13,13
2021-05-13 14:00:00,683.0,416.0,267.0,469.7,17.9,30,7.5,305,1016.0,34,0,34,0,0.0,3600.0,43.6591,-70.2568,2021,5,13,14
2021-05-13 15:00:00,715.0,525.0,190.0,638.0,18.4,29,6.5,276,1015.1,35,0,35,0,0.0,3600.0,43.6591,-70.2568,2021,5,13,15
2021-05-13 16:00:00,644.0,522.0,122.0,725.9,18.7,30,5.9,259,1014.4,20,0,20,0,0.1,3600.0,43.6591,-70.2568,2021,5,13,16
2021-05-13 17:00:00,517.0,407.0,110.0,700.0,18.5,36,5.1,219,1013.7,29,0,29,0,0.1,3600.0,43.6591,-70.2568,2021,5,13,17
2021-05-13 18:00:00,344.0,262.0,82.0,625.2,17.0,59,3.7,191,1013.9,22,0,22,0,0.0,3600.0,43.6591,-70.2568,2021,5,13,18
2021-05-13 19:00:00,161.0,106.0,55.0,435.9,15.3,78,3.4,238,1014.3,46,0,46,0,0.0,3600.0,43.6591,-70.2568,2021,5,13,19
2021-05-13 20:00:00,27.0,12.0,15.0,128.1,14.3,51,5.9,281,1014.6,13,0,22,0,0.0,2567.71,43.6591,-70.2568,2021,5,13,20
2021-05-13 21:00:00,0.0,0.0,0.0,0.0,13.0,52,8.5,282,1015.0,31,0,31,0,0.0,0.0,43.6591,-70.2568,2021,5,13,21
2021-05-13 22:00:00,0.0,0.0,0.0,0.0,11.9,57,12.4,300,1015.6,0,0,0,0,0.0,0.0,43.6591,-70.2568,2021,5,13,22
2021-05-13 23:00:00,0.0,0.0,0.0,0.0,10.9,61,12.1,297,1015.7,0,0,0,0,0.0,0.0,43.6591,-70.2568,2021,5,13,23
2021-05-14 00:00:00,0.0,0.0,0.0,0.0,9.8,65,11.5,284,1015.6,0,0,0,0,0.0,0.0,43.6591,-70.2568,2021,5,14,0
2021-05-14 01:00:00,0.0,0.0,0.0,0.0,9.6,63,11.9,284,1015.5,0,0,0,0,0.0,0.0,43.6591,-70.2568,2021,5,14,1
2021-05-14 02:00:00,0.0,0.0,0.0,0.0,9.3,64,12.4,278,1015.4,23,0,23,0,0.0,0.0,43.6591,-70.2568,2021,5,14,2
2021-05-14 03:00:00,0.0,0.0,0.0,0.0,9.1,64,13.2,287,1015.4,0,0,0,0,0.0,0.0,43.6591,-70.2568,2021,5,14,3
2021-05-14 04:00:00,0.0,0.0,0.0,0.0,8.7,66,12.6,307,1015.7,32,0,32,0,0.0,0.0,43.6591,-70.2568,2021,5,14,4
2021-05-14 05:00:00,0.0,0.0,0.0,0.0,8.2,70,11.6,306,1015.8,46,0,46,0,0.0,0.0,43.6591,-70.2568,2021,5,14,5
2021-05-14 06:00:00,17.0,7.0,10.0,97.5,8.0,73,10.2,302,1016.1,0,0,0,0,0.0,1298.37,43.6591,-70.2568,2021,5,14,6
2021-05-14 07:00:00,143.0,94.0,49.0,472.3,10.3,69,8.9,302,1016.6,0,0,0,0,0.0,3600.0,43.6591,-70.2568,2021,5,14,7
2021-05-14 08:00:00,325.0,254.0,71.0,674.6,13.8,63,6.6,279,1017.3,0,0,0,0,0.0,3600.0,43.6591,-70.2568,2021,5,14,8
2021-05-14 09:00:00,513.0,428.0,85.0,787.5,17.0,48,8.4,277,1017.3,0,0,0,0,0.0,3600.0,43.6591,-70.2568,2021,5,14,9
2021-05-14 10:00:00,679.0,586.0,93.0,851.1,18.8,41,9.2,291,1016.8,0,0,0,0,0.0,3600.0,43.6591,-70.2568,2021,5,14,10
2021-05-14 11:00:00,812.0,712.0,100.0,888.1,20.4,36,9.1,288,1016.5,11,0,11,0,0.0,3600.0,43.6591,-70.2568,2021,5,14,11
2021-05-14 12:00:00,854.0,742.0,112.0,847.5,21.2,36,11.4,305,1016.2,24,0,24,0,0.0,3600.0,43.6591,-70.2568,2021,5,14,12
2021-05-14 13:00:00,845.0,697.0,148.0,770.4,21.3,33,13.6,302,1015.6,29,0,29,0,0.0,3600.0,43.6591,-70.2568,2021,5,14,13
2021-05-14 14:00:00,706.0,550.0,156.0,619.8,21.4,29,15.8,294,1015.4,41,0,41,0,0.0,3600.0,43.6591,-70.2568,2021,5,14,14
2021-05-14 15:00:00,699.0,501.0,198.0,607.4,21.9,29,16.6,304,1015.1,34,0,34,0,0.0,3600.0,43.6591,-70.2568,2021,5,14,15
2021-05-14 16:00:00,578.0,436.0,142.0,604.5,21.5,30,15.6,310,1014.9,42,0,42,0,0.0,3600.0,43.6591,-70.2568,2021,5,14,16
2021-05-14 17:00:00,458.0,330.0,128.0,565.4,21.2,35,8.8,282,1014.6,24,0,24,0,0.0,3600.0,43.6591,-70.2568,2021,5,14,17
2021-05-14 18:00:00,314.0,220.0,94.0,521.9,19.4,52,6.3,294,1015.1,32,0,32,3,0.0,3600.0,43.6591,-70.2568,2021,5,14,18
2021-05-14 19:00:00,149.0,92.0,57.0,374.1,17.1,79,0.5,135,1015.4,49,0,49,0,0.0,3600.0,43.6591,-70.2568,2021,5,14,19
2021-05-14 20:00:00,29.0,15.0,14.0,157.8,13.6,82,6.6,171,1015.8,32,0,25,0,0.0,3228.75,43.6591,-70.2568,2021,5,14,20
2021-05-14 21:00:00,0.0,0.0,0.0,0.0,12.8,74,7.2,198,1016.6,14,0,14,0,0.0,0.0,43.6591,-70.2568,2021,5,14,21
2021-05-14 22:00:00,0.0,0.0,0.0,0.0,12.1,77,4.1,255,1016.9,49,0,49,0,0.0,0.0,43.6591,-70.2568,2021,5,14,22
2021-05-14 23:00:00,0.0,0.0,0.0,0.0,11.6,84,2.6,286,1016.7,5,0,5,0,0.0,0.0,43.6591,-70.2568,2021,5,14,23
2021-05-15 00:00:00,0.0,0.0,0.0,0.0,11.2,84,3.8,319,1016.7,1,0,1,0,0.0,0.0,43.6591,-70.2568,2021,5,15,0
2021-05-15 01:00:00,0.0,0.0,0.0,0.0,10.1,86,8.1,347,1016.7,2,0,2,0,0.0,0.0,43.6591,-70.2568,2021,5,15,1
2021-05-15 02:00:00,0.0,0.0,0.0,0.0,9.5,85,6.4,313,1016.6,11,0,11,0,0.0,0.0,43.6591,-70.2568,2021,5,15,2
2021-05-15 03:00:00,0.0,0.0,0.0,0.0,8.6,87,9.5,299,1016.6,0,0,0,0,0.0,0.0,43.6591,-70.2568,2021,5,15,3
2021-05-15 04:00:00,0.0,0.0,0.0,0.0,8.3,85,10.2,312,1017.1,0,0,0,0,0.0,0.0,43.6591,-70.2568,2021,5,15,4
2021-05-15 05:00:00,0.0,0.0,0.0,0.0,7.9,85,10.2,309,1017.1,0,0,0,0,0.0,0.0,43.6591,-70.2568,2021,5,15,5
2021-05-15 06:00:00,19.0,9.0,10.0,123.0,8.2,83,10.0,308,1017.7,0,0,0,0,0.0,1969.89,43.6591,-70.2568,2021,5,15,6
2021-05-15 07:00:00,146.0,99.0,47.0,490.8,11.0,73,7.0,325,1018.1,0,0,0,0,0.0,3600.0,43.6591,-70.2568,2021,5,15,7
2021-05-15 08:00:00,327.0,257.0,70.0,678.1,13.8,67,4.0,27,1019.2,11,0,0,0,0.0,3600.0,43.6591,-70.2568,2021,5,15,8
2021-05-15 09:00:00,513.0,429.0,84.0,786.1,17.3,54,2.9,83,1019.3,25,0,0,25,0.0,3600.0,43.6591,-70.2568,2021,5,15,9
2021-05-15 10:00:00,680.0,585.0,95.0,847.2,19.0,48,4.2,121,1019.2,50,0,0,50,0.0,3600.0,43.6591,-70.2568,2021,5,15,10
2021-05-15 11:00:00,809.0,705.0,104.0,877.3,19.4,47,8.1,135,1019.3,66,0,9,63,0.0,3600.0,43.6591,-70.2568,2021,5,15,11
2021-05-15 12:00:00,828.0,684.0,144.0,779.7,18.8,47,13.0,161,1019.4,50,0,25,43,0.0,3600.0,43.6591,-70.2568,2021,5,15,12
2021-05-15 13:00:00,901.0,756.0,145.0,834.1,20.3,40,7.7,169,1019.1,52,0,18,45,0.0,3600.0,43.6591,-70.2568,2021,5,15,13
2021-05-15 14:00:00,819.0,631.0,188.0,709.7,20.0,42,13.0,156,1018.6,33,0,28,16,0.0,3600.0,43.6591,-70.2568,2021,5,15,14
2021-05-15 15:00:00,775.0,615.0,160.0,743.9,20.4,39,14.1,177,1018.2,71,0,24,65,0.0,3600.0,43.6591,-70.2568,2021,5,15,15
2021-05-15 16:00:00,632.0,499.0,133.0,690.0,19.7,45,14.3,170,1017.9,53,0,19,45,0.0,3600.0,43.6591,-70.2568,2021,5,15,16
2021-05-15 17:00:00,525.0,411.0,114.0,701.5,18.3,49,14.4,177,1017.3,65,0,19,60,0.0,3600.0,43.6591,-70.2568,2021,5,15,17
2021-05-15 18:00:00,339.0,244.0,95.0,575.5,16.9,58,11.9,178,1017.1,67,0,6,66,0.0,3600.0,43.6591,-70.2568,2021,5,15,18
2021-05-15 19:00:00,184.0,122.0,62.0,490.7,15.2,63,12.4,190,1017.0,73,0,0,73,0.0,3600.0,43.6591,-70.2568,2021,5,15,19
2021-05-15 20:00:00,39.0,16.0,23.0,166.0,13.5,65,12.6,178,1017.0,86,0,2,83,0.0,3293.76,43.6591,-70.2568,2021,5,15,20
2021-05-15 21:00:00,0.0,0.0,0.0,0.0,13.0,66,11.2,186,1017.2,80,0,1,80,0.0,0.0,43.6591,-70.2568,2021,5,15,21
2021-05-15 22:00:00,0.0,0.0,0.0,0.0,13.0,68,11.4,198,1017.3,65,0,5,63,0.0,0.0,43.6591,-70.2568,2021,5,15,22
2021-05-15 23:00:00,0.0,0.0,0.0,0.0,12.7,71,7.4,219,1017.3,86,0,16,84,0.0,0.0,43.6591,-70.2568,2021,5,15,23
2021-05-16 00:00:00,0.0,0.0,0.0,0.0,12.7,69,7.1,300,1017.3,91,0,21,89,0.0,0.0,43.6591,-70.2568,2021,5,16,0
2021-05-16 01:00:00,0.0,0.0,0.0,0.0,11.8,73,6.3,336,1017.2,98,0,15,98,0.0,0.0,43.6591,-70.2568,2021,5,16,1
2021-05-16 02:00:00,0.0,0.0,0.0,0.0,10.3,82,8.9,328,1017.2,97,0,12,97,0.0,0.0,43.6591,-70.2568,2021,5,16,2
2021-05-16 03:00:00,0.0,0.0,0.0,0.0,8.8,91,8.4,335,1017.1,98,0,5,98,0.0,0.0,43.6591,-70.2568,2021,5,16,3
2021-05-16 04:00:00,0.0,0.0,0.0,0.0,8.1,95,9.5,323,1017.4,98,0,0,98,0.0,0.0,43.6591,-70.2568,2021,5,16,4
2021-05-16 05:00:00,0.0,0.0,0.0,0.0,8.3,92,10.5,333,1017.7,99,0,0,99,0.0,0.0,43.6591,-70.2568,2021,5,16,5
2021-05-16 06:00:00,15.0,2.0,13.0,26.9,9.1,89,8.8,341,1018.1,97,0,0,97,0.0,0.0,43.6591,-70.2568,2021,5,16,6
2021-05-16 07:00:00,96.0,13.0,83.0,63.6,11.0,81,7.4,299,1018.7,95,0,74,92,0.0,108.62,43.6591,-70.2568,2021,5,16,7
2021-05-16 08:00:00,204.0,59.0,145.0,154.7,14.3,69,3.4,342,1019.2,99,0,59,92,0.0,2841.44,43.6591,-70.2568,2021,5,16,8
2021-05-16 09:00:00,407.0,192.0,215.0,350.5,17.0,59,4.7,302,1019.4,90,0,71,85,0.0,3600.0,43.6591,-70.2568,2021,5,16,9
2021-05-16 10:00:00,580.0,332.0,248.0,479.4,19.3,48,3.3,264,1019.4,90,0,73,85,0.0,3600.0,43.6591,-70.2568,2021,5,16,10
2021-05-16 11:00:00,683.0,407.0,276.0,505.3,20.7,42,1.1,198,1019.2,90,0,68,82,0.0,3600.0,43.6591,-70.2568,2021,5,16,11
2021-05-16 12:00:00,670.0,352.0,318.0,400.5,20.8,41,2.1,149,1018.7,75,0,54,67,0.0,3600.0,43.6591,-70.2568,2021,5,16,12
2021-05-16 13:00:00,757.0,463.0,294.0,509.9,20.5,46,7.9,129,1018.3,36,0,28,21,0.0,3600.0,43.6591,-70.2568,2021,5,16,13
2021-05-16 14:00:00,824.0,658.0,166.0,738.6,19.9,54,12.0,131,1017.9,40,0,19,33,0.6,3600.0,43.6591,-70.2568,2021,5,16,14
2021-05-16 15:00:00,626.0,447.0,179.0,539.5,18.6,54,10.4,214,1018.4,86,0,40,79,0.0,3600.0,43.6591,-70.2568,2021,5,16,15
2021-05-16 16:00:00,390.0,161.0,229.0,222.0,18.8,58,6.9,317,1018.2,79,0,14,77,0.2,3600.0,43.6591,-70.2568,2021,5,16,16
2021-05-16 17:00:00,436.0,236.0,200.0,401.3,18.8,53,8.8,189,1018.2,78,0,9,76,0.0,3600.0,43.6591,-70.2568,2021,5,16,17
2021-05-16 18:00:00,296.0,154.0,142.0,361.2,18.0,65,4.8,228,1018.1,95,0,5,95,0.0,3600.0,43.6591,-70.2568,2021,5,16,18
2021-05-16 19:00:00,139.0,36.0,103.0,143.3,16.7,80,2.6,344,1018.1,86,0,4,86,0.0,2498.06,43.6591,-70.2568,2021,5,16,19
2021-05-16 20:00:00,37.0,12.0,25.0,122.8,13.7,66,8.4,160,1018.7,70,0,51,72,0.0,2498.62,43.6591,-70.2568,2021,5,16,20
2021-05-16 21:00:00,0.0,0.0,0.0,0.0,12.7,75,4.5,299,1019.3,67,0,3,66,0.0,0.0,43.6591,-70.2568,2021,5,16,21
2021-05-16 22:00:00,0.0,0.0,0.0,0.0,11.7,79,9.1,9,1019.2,81,0,19,80,0.0,0.0,43.6591,-70.2568,2021,5,16,22
2021-05-16 23:00:00,0.0,0.0,0.0,0.0,10.8,82,7.3,33,1019.2,42,0,30,25,0.0,0.0,43.6591,-70.2568,2021,5,16,23
2021-05-17 00:00:00,0.0,0.0,0.0,0.0,10.6,83,2.7,337,1019.7,31,0,31,1,0.0,0.0,43.6591,-70.2568,2021,5,17,0
2021-05-17 01:00:00,0.0,0.0,0.0,0.0,9.4,90,7.9,313,1019.6,0,0,0,0,0.0,0.0,43.6591,-70.2568,2021,5,17,1
2021-05-17 02:00:00,0.0,0.0,0.0,0.0,8.7,91,11.4,325,1019.5,0,0,0,0,0.0,0.0,43.6591,-70.2568,2021,5,17,2
2021-05-17 03:00:00,0.0,0.0,0.0,0.0,8.7,91,10.5,344,1019.5,0,0,0,0,0.0,0.0,43.6591,-70.2568,2021,5,17,3
2021-05-17 04:00:00,0.0,0.0,0.0,0.0,8.3,93,9.9,350,1019.6,0,0,0,0,0.0,0.0,43.6591,-70.2568,2021,5,17,4
2021-05-17 05:00:00,0.0,0.0,0.0,0.0,8.2,93,9.5,349,1019.8,0,0,0,0,0.0,0.0,43.6591,-70.2568,2021,5,17,5
2021-05-17 06:00:00,21.0,10.0,11.0,132.1,8.7,91,10.1,360,1020.1,0,0,0,0,0.0,2273.85,43.6591,-70.2568,2021,5,17,6
2021-05-17 07:00:00,149.0,100.0,49.0,483.4,11.4,81,7.6,360,1020.6,0,0,0,0,0.0,3600.0,43.6591,-70.2568,2021,5,17,7
2021-05-17 08:00:00,328.0,255.0,73.0,664.7,13.4,71,5.8,360,1021.8,0,0,0,0,0.0,3600.0,43.6591,-70.2568,2021,5,17,8
2021-05-17 09:00:00,509.0,422.0,87.0,767.4,16.0,63,5.0,21,1022.0,0,0,0,0,0.0,3600.0,43.6591,-70.2568,2021,5,17,9
2021-05-17 10:00:00,674.0,578.0,96.0,832.5,17.5,59,5.5,79,1021.9,0,0,0,0,0.0,3600.0,43.6591,-70.2568,2021,5,17,10
2021-05-17 11:00:00,805.0,701.0,104.0,868.5,17.8,61,8.4,110,1021.7,0,0,0,0,0.0,3600.0,43.6591,-70.2568,2021,5,17,11
2021-05-17 12:00:00,890.0,784.0,106.0,890.3,17.5,63,11.1,119,1021.5,19,0,1,18,0.0,3600.0,43.6591,-70.2568,2021,5,17,12
2021-05-17 13:00:00,904.0,762.0,142.0,837.6,17.0,62,12.6,114,1021.3,13,0,1,12,0.0,3600.0,43.6591,-70.2568,2021,5,17,13
2021-05-17 14:00:00,890.0,761.0,129.0,852.6,17.1,61,8.7,107,1021.2,61,0,10,57,0.0,3600.0,43.6591,-70.2568,2021,5,17,14
2021-05-17 15:00:00,687.0,443.0,244.0,533.5,15.7,66,11.5,104,1021.0,34,0,9,30,0.0,3600.0,43.6591,-70.2568,2021,5,17,15
2021-05-17 16:00:00,649.0,487.0,162.0,669.7,15.5,66,7.3,101,1020.6,49,0,7,45,0.0,3600.0,43.6591,-70.2568,2021,5,17,16
2021-05-17 17:00:00,479.0,324.0,155.0,548.9,15.0,70,5.8,112,1020.4,67,0,2,67,0.0,3600.0,43.6591,-70.2568,2021,5,17,17
2021-05-17 18:00:00,328.0,203.0,125.0,473.4,14.6,74,4.1,128,1020.4,86,0,2,86,0.0,3600.0,43.6591,-70.2568,2021,5,17,18
2021-05-17 19:00:00,146.0,57.0,89.0,224.5,13.6,85,2.6,124,1020.3,84,0,2,84,0.0,3600.0,43.6591,-70.2568,2021,5,17,19
2021-05-17 20:00:00,37.0,10.0,27.0,101.0,12.1,89,7.6,172,1020.2,68,0,3,89,0.0,1778.22,43.6591,-70.2568,2021,5,17,20
2021-05-17 21:00:00,0.0,0.0,0.0,0.0,12.3,82,7.3,191,1020.5,28,0,16,18,0.0,0.0,43.6591,-70.2568,2021,5,17,21
2021-05-17 22:00:00,0.0,0.0,0.0,0.0,11.2,85,6.6,225,1020.7,17,0,13,5,0.0,0.0,43.6591,-70.2568,2021,5,17,22
2021-05-17 23:00:00,0.0,0.0,0.0,0.0,11.9,80,8.4,227,1020.6,1,0,1,0,0.0,0.0,43.6591,-70.2568,2021,5,17,23
2021-05-18 00:00:00,0.0,0.0,0.0,0.0,11.4,80,6.9,231,1020.2,8,0,0,8,0.0,0.0,43.6591,-70.2568,2021,5,18,0
2021-05-18 01:00:00,0.0,0.0,0.0,0.0,11.0,81,6.9,242,1019.7,100,0,0,100,0.0,0.0,43.6591,-70.2568,2021,5,18,1
2021-05-18 02:00:00,0.0,0.0,0.0,0.0,10.5,85,7.3,250,1019.0,56,0,0,56,0.0,0.0,43.6591,-70.2568,2021,5,18,2
2021-05-18 03:00:00,0.0,0.0,0.0,0.0,10.3,88,6.6,261,1018.5,100,0,0,100,0.0,0.0,43.6591,-70.2568,2021,5,18,3
2021-05-18 04:00:00,0.0,0.0,0.0,0.0,10.1,90,7.4,256,1018.4,98,0,0,98,0.0,0.0,43.6591,-70.2568,2021,5,18,4
2021-05-18 05:00:00,0.0,0.0,0.0,0.0,10.2,88,6.5,264,1018.3,100,0,0,100,0.0,0.0,43.6591,-70.2568,2021,5,18,5
2021-05-18 06:00:00,14.0,0.0,14.0,0.0,11.5,77,8.7,275,1018.4,100,0,35,100,0.0,0.0,43.6591,-70.2568,2021,5,18,6
2021-05-18 07:00:00,74.0,9.0,65.0,43.0,13.7,69,10.5,301,1018.6,100,0,85,99,0.0,0.0,43.6591,-70.2568,2021,5,18,7
2021-05-18 08:00:00,245.0,100.0,145.0,259.2,16.2,69,8.9,302,1019.1,91,0,76,79,0.0,3600.0,43.6591,-70.2568,2021,5,18,8
2021-05-18 09:00:00,430.0,238.0,192.0,431.3,19.2,57,8.0,306,1019.1,63,0,55,30,0.0,3600.0,43.6591,-70.2568,2021,5,18,9
2021-05-18 10:00:00,632.0,453.0,179.0,650.8,21.1,46,6.4,317,1019.0,77,0,25,74,0.0,3600.0,43.6591,-70.2568,2021,5,18,10
2021-05-18 11:00:00,772.0,619.0,153.0,765.4,22.2,41,5.5,281,1018.7,84,0,0,84,0.0,3600.0,43.6591,-70.2568,2021,5,18,11
2021-05-18 12:00:00,869.0,715.0,154.0,810.5,23.1,38,5.2,282,1018.2,75,0,19,69,0.0,3600.0,43.6591,-70.2568,2021,5,18,12
2021-05-18 13:00:00,852.0,698.0,154.0,765.9,23.3,37,4.6,309,1017.5,31,0,27,8,0.0,3600.0,43.6591,-70.2568,2021,5,18,13
2021-05-18 14:00:00,791.0,645.0,146.0,721.3,23.5,37,5.6,310,1017.0,47,0,44,8,0.0,3600.0,43.6591,-70.2568,2021,5,18,14
2021-05-18 15:00:00,712.0,543.0,169.0,652.6,23.9,36,8.5,306,1016.6,77,0,43,67,0.0,3600.0,43.6591,-70.2568,2021,5,18,15
2021-05-18 16:00:00,597.0,407.0,190.0,558.2,24.0,35,12.0,303,1015.9,76,0,27,69,0.0,3600.0,43.6591,-70.2568,2021,5,18,16
2021-05-18 17:00:00,507.0,383.0,124.0,646.6,24.1,35,13.8,303,1015.3,84,0,29,80,0.0,3600.0,43.6591,-70.2568,2021,5,18,17
2021-05-18 18:00:00,349.0,252.0,97.0,584.5,23.1,40,12.3,302,1015.7,96,0,38,95,0.0,3600.0,43.6591,-70.2568,2021,5,18,18
2021-05-18 19:00:00,164.0,79.0,85.0,308.0,20.6,53,9.9,289,1015.6,99,0,5,99,0.0,3600.0,43.6591,-70.2568,2021,5,18,19
2021-05-18 20:00:00,38.0,8.0,30.0,79.8,18.5,54,12.2,341,1016.3,99,0,2,99,0.0,1055.0,43.6591,-70.2568,2021,5,18,20
2021-05-18 21:00:00,0.0,0.0,0.0,0.0,17.7,52,11.4,347,1017.1,100,0,1,100,0.0,0.0,43.6591,-70.2568,2021,5,18,21
2021-05-18 22:00:00,0.0,0.0,0.0,0.0,16.3,56,8.6,327,1017.3,100,0,0,100,0.0,0.0,43.6591,-70.2568,2021,5,18,22
2021-05-18 23:00:00,0.0,0.0,0.0,0.0,14.7,65,10.1,297,1017.4,100,0,43,100,0.0,0.0,43.6591,-70.2568,2021,5,18,23
2021-05-19 00:00:00,0.0,0.0,0.0,0.0,13.9,70,9.8,298,1017.5,100,0,100,83,0.0,0.0,43.6591,-70.2568,2021,5,19,0
2021-05-19 01:00:00,0.0,0.0,0.0,0.0,14.5,67,10.5,322,1017.6,100,0,100,88,0.0,0.0,43.6591,-70.2568,2021,5,19,1
2021-05-19 02:00:00,0.0,0.0,0.0,0.0,15.2,63,11.2,327,1017.7,95,0,92,82,0.0,0.0,43.6591,-70.2568,2021,5,19,2
2021-05-19 03:00:00,0.0,0.0,0.0,0.0,14.8,63,11.5,358,1017.9,96,0,86,76,0.0,0.0,43.6591,-70.2568,2021,5,19,3
2021-05-19 04:00:00,0.0,0.0,0.0,0.0,14.5,60,11.2,358,1018.8,94,0,80,90,0.0,0.0,43.6591,-70.2568,2021,5,19,4
2021-05-19 05:00:00,0.0,0.0,0.0,0.0,13.7,58,10.1,2,1019.4,87,0,58,73,0.0,0.0,43.6591,-70.2568,2021,5,19,5
2021-05-19 06:00:00,15.0,3.0,12.0,38.4,13.0,58,11.2,356,1020.1,38,0,15,29,0.0,0.0,43.6591,-70.2568,2021,5,19,6
2021-05-19 07:00:00,141.0,84.0,57.0,396.9,14.0,57,10.5,356,1020.8,29,0,18,15,0.0,3600.0,43.6591,-70.2568,2021,5,19,7
2021-05-19 08:00:00,298.0,210.0,88.0,541.4,16.4,47,9.4,2,1021.9,16,0,3,17,0.0,3600.0,43.6591,-70.2568,2021,5,19,8
2021-05-19 09:00:00,511.0,420.0,91.0,758.5,18.3,38,8.3,18,1022.1,51,0,0,51,0.0,3600.0,43.6591,-70.2568,2021,5,19,9
2021-05-19 10:00:00,679.0,580.0,99.0,831.1,19.6,33,6.3,31,1022.2,53,0,0,53,0.0,3600.0,43.6591,-70.2568,2021,5,19,10
2021-05-19 11:00:00,807.0,702.0,105.0,866.3,20.8,30,5.6,15,1022.4,61,0,0,61,0.0,3600.0,43.6591,-70.2568,2021,5,19,11
2021-05-19 12:00:00,890.0,778.0,112.0,880.4,21.7,29,4.8,27,1022.1,0,0,0,0,0.0,3600.0,43.6591,-70.2568,2021,5,19,12
2021-05-19 13:00:00,927.0,819.0,108.0,897.2,22.0,31,4.0,85,1021.7,0,0,0,0,0.0,3600.0,43.6591,-70.2568,2021,5,19,13
2021-05-19 14:00:00,903.0,797.0,106.0,889.7,21.8,36,7.2,143,1021.4,0,0,0,0,0.0,3600.0,43.6591,-70.2568,2021,5,19,14
2021-05-19 15:00:00,827.0,723.0,104.0,867.2,21.7,37,11.3,158,1021.1,0,0,0,0,0.0,3600.0,43.6591,-70.2568,2021,5,19,15
2021-05-19 16:00:00,706.0,607.0,99.0,830.4,21.5,36,12.2,161,1021.1,5,0,5,0,0.0,3600.0,43.6591,-70.2568,2021,5,19,16
2021-05-19 17:00:00,532.0,427.0,105.0,718.3,20.1,39,11.9,180,1021.2,58,0,58,0,0.0,3600.0,43.6591,-70.2568,2021,5,19,17
2021-05-19 18:00:00,320.0,210.0,110.0,484.5,19.1,46,7.1,195,1021.7,10,0,10,0,0.0,3600.0,43.6591,-70.2568,2021,5,19,18
2021-05-19 19:00:00,175.0,111.0,64.0,428.5,17.2,63,7.7,152,1022.3,12,0,12,0,0.0,3600.0,43.6591,-70.2568,2021,5,19,19
2021-05-19 20:00:00,44.0,23.0,21.0,226.5,15.2,65,5.9,169,1022.9,11,0,7,12,0.0,3547.31,43.6591,-70.2568,2021,5,19,20
2021-05-19 21:00:00,0.0,0.0,0.0,0.0,13.8,70,8.7,175,1023.9,45,0,12,38,0.0,0.0,43.6591,-70.2568,2021,5,19,21
2021-05-19 22:00:00,0.0,0.0,0.0,0.0,13.3,70,6.6,209,1024.5,16,0,0,16,0.0,0.0,43.6591,-70.2568,2021,5,19,22
2021-05-19 23:00:00,0.0,0.0,0.0,0.0,12.6,74,6.5,146,1025.0,0,0,0,0,0.0,0.0,43.6591,-70.2568,2021,5,19,23
2021-05-20 00:00:00,0.0,0.0,0.0,0.0,11.5,85,11.3,107,1025.8,1,1,0,1,0.0,0.0,43.6591,-70.2568,2021,5,20,0
2021-05-20 01:00:00,0.0,0.0,0.0,0.0,10.9,90,8.7,128,1026.3,1,1,0,0,0.0,0.0,43.6591,-70.2568,2021,5,20,1
2021-05-20 02:00:00,0.0,0.0,0.0,0.0,11.0,90,5.8,176,1026.4,1,1,0,0,0.0,0.0,43.6591,-70.2568,2021,5,20,2
2021-05-20 03:00:00,0.0,0.0,0.0,0.0,10.0,92,6.3,149,1026.6,1,0,0,1,0.0,0.0,43.6591,-70.2568,2021,5,20,3
2021-05-20 04:00:00,0.0,0.0,0.0,0.0,10.8,90,4.7,99,1027.1,10,0,0,10,0.0,0.0,43.6591,-70.2568,2021,5,20,4
2021-05-20 05:00:00,0.0,0.0,0.0,0.0,10.7,90,5.8,90,1027.6,1,0,0,1,0.0,0.0,43.6591,-70.2568,2021,5,20,5
2021-05-20 06:00:00,23.0,11.0,12.0,138.8,10.9,89,6.8,93,1028.2,22,0,0,22,0.0,2565.48,43.6591,-70.2568,2021,5,20,6
2021-05-20 07:00:00,151.0,101.0,50.0,472.2,12.3,79,5.2,106,1028.8,56,0,0,56,0.0,3600.0,43.6591,-70.2568,2021,5,20,7
2021-05-20 08:00:00,325.0,248.0,77.0,636.0,13.5,73,7.2,117,1029.5,65,0,0,55,0.0,3600.0,43.6591,-70.2568,2021,5,20,8
2021-05-20 09:00:00,502.0,406.0,96.0,730.8,14.7,68,7.9,114,1030.0,70,0,0,70,0.0,3600.0,43.6591,-70.2568,2021,5,20,9
2021-05-20 10:00:00,664.0,554.0,110.0,792.0,15.5,67,9.3,118,1030.1,85,0,0,85,0.0,3600.0,43.6591,-70.2568,2021,5,20,10
2021-05-20 11:00:00,793.0,678.0,115.0,835.1,16.0,66,10.7,123,1029.9,80,1,0,80,0.0,3600.0,43.6591,-70.2568,2021,5,20,11
2021-05-20 12:00:00,878.0,755.0,123.0,853.0,16.5,64,11.6,126,1029.7,72,11,0,68,0.0,3600.0,43.6591,-70.2568,2021,5,20,12
2021-05-20 13:00:00,912.0,784.0,128.0,857.5,16.8,64,12.2,133,1029.5,52,4,0,50,0.0,3600.0,43.6591,-70.2568,2021,5,20,13
2021-05-20 14:00:00,887.0,758.0,129.0,844.8,16.9,64,12.7,137,1029.3,44,1,0,43,0.0,3600.0,43.6591,-70.2568,2021,5,20,14
2021-05-20 15:00:00,825.0,715.0,110.0,855.9,16.6,66,13.0,141,1029.2,33,1,0,32,0.0,3600.0,43.6591,-70.2568,2021,5,20,15
2021-05-20 16:00:00,700.0,587.0,113.0,801.1,16.3,67,13.2,151,1029.0,34,0,0,34,0.0,3600.0,43.6591,-70.2568,2021,5,20,16
2021-05-20 17:00:00,552.0,461.0,91.0,772.9,15.7,69,13.8,160,1028.8,36,0,0,36,0.0,3600.0,43.6591,-70.2568,2021,5,20,17
2021-05-20 18:00:00,374.0,295.0,79.0,677.0,14.9,72,12.9,167,1028.6,79,0,0,79,0.0,3600.0,43.6591,-70.2568,2021,5,20,18
2021-05-20 19:00:00,195.0,137.0,58.0,523.8,13.7,79,11.6,175,1028.7,65,1,0,65,0.0,3600.0,43.6591,-70.2568,2021,5,20,19
2021-05-20 20:00:00,47.0,23.0,24.0,223.7,12.3,90,11.5,184,1028.4,82,6,1,100,0.0,3600.0,43.6591,-70.2568,2021,5,20,20
2021-05-20 21:00:00,0.0,0.0,0.0,0.0,11.9,91,10.2,188,1028.8,98,5,1,98,0.0,0.0,43.6591,-70.2568,2021,5,20,21
2021-05-20 22:00:00,0.0,0.0,0.0,0.0,11.6,92,10.2,190,1029.2,58,3,1,57,0.0,0.0,43.6591,-70.2568,2021,5,20,22
2021-05-20 23:00:00,0.0,0.0,0.0,0.0,11.0,94,9.4,203,1029.3,37,4,3,34,0.0,0.0,43.6591,-70.2568,2021,5,20,23
2021-05-21 00:00:00,0.0,0.0,0.0,0.0,10.8,94,9.9,199,1029.2,77,3,16,74,0.0,0.0,43.6591,-70.2568,2021,5,21,0
2021-05-21 01:00:00,0.0,0.0,0.0,0.0,10.8,94,9.8,204,1029.0,85,2,17,84,0.0,0.0,43.6591,-70.2568,2021,5,21,1
2021-05-21 02:00:00,0.0,0.0,0.0,0.0,10.8,93,7.1,225,1028.8,69,2,53,48,0.0,0.0,43.6591,-70.2568,2021,5,21,2
2021-05-21 03:00:00,0.0,0.0,0.0,0.0,10.9,93,7.9,204,1028.3,70,1,69,5,0.0,0.0,43.6591,-70.2568,2021,5,21,3
2021-05-21 04:00:00,0.0,0.0,0.0,0.0,10.7,95,9.1,198,1028.0,91,1,91,1,0.0,0.0,43.6591,-70.2568,2021,5,21,4
2021-05-21 05:00:00,0.0,0.0,0.0,0.0,11.3,93,8.4,200,1027.7,98,1,98,0,0.0,0.0,43.6591,-70.2568,2021,5,21,5
2021-05-21 06:00:00,15.0,1.0,14.0,12.5,11.7,91,8.5,208,1027.9,98,0,98,0,0.0,0.0,43.6591,-70.2568,2021,5,21,6
2021-05-21 07:00:00,51.0,6.0,45.0,27.8,12.5,85,9.6,200,1027.9,65,0,65,0,0.0,0.0,43.6591,-70.2568,2021,5,21,7
2021-05-21 08:00:00,186.0,73.0,113.0,186.3,13.3,85,4.9,234,1028.6,97,0,97,0,0.0,3600.0,43.6591,-70.2568,2021,5,21,8
2021-05-21 09:00:00,209.0,33.0,176.0,59.2,15.2,77,0.5,135,1028.5,73,0,73,0,0.0,0.0,43.6591,-70.2568,2021,5,21,9
2021-05-21 10:00:00,463.0,228.0,235.0,325.2,17.0,71,6.4,133,1028.3,43,0,43,0,0.0,3600.0,43.6591,-70.2568,2021,5,21,10
2021-05-21 11:00:00,659.0,483.0,176.0,593.8,18.4,67,7.1,135,1028.0,84,0,75,36,0.0,3600.0,43.6591,-70.2568,2021,5,21,11
2021-05-21 12:00:00,732.0,454.0,278.0,512.1,19.1,64,9.4,140,1027.4,79,0,46,61,0.0,3600.0,43.6591,-70.2568,2021,5,21,12
2021-05-21 13:00:00,877.0,747.0,130.0,815.8,19.9,61,11.5,148,1026.7,78,0,0,78,0.0,3600.0,43.6591,-70.2568,2021,5,21,13
2021-05-21 14:00:00,838.0,717.0,121.0,797.7,20.0,60,12.2,156,1026.0,88,0,0,88,0.0,3600.0,43.6591,-70.2568,2021,5,21,14
2021-05-21 15:00:00,801.0,668.0,133.0,798.1,20.4,58,12.6,167,1025.3,93,0,3,93,0.0,3600.0,43.6591,-70.2568,2021,5,21,15
2021-05-21 16:00:00,672.0,547.0,125.0,744.7,20.1,59,13.2,169,1024.5,94,0,4,94,0.0,3600.0,43.6591,-70.2568,2021,5,21,16
2021-05-21 17:00:00,539.0,444.0,95.0,741.9,19.3,62,14.2,171,1024.1,97,0,4,97,0.0,3600.0,43.6591,-70.2568,2021,5,21,17
2021-05-21 18:00:00,339.0,230.0,109.0,525.2,17.8,68,13.7,178,1023.8,98,0,13,98,0.0,3600.0,43.6591,-70.2568,2021,5,21,18
2021-05-21 19:00:00,135.0,45.0,90.0,170.4,16.4,75,11.2,180,1023.7,99,0,31,99,0.0,3313.22,43.6591,-70.2568,2021,5,21,19
2021-05-21 20:00:00,32.0,6.0,26.0,57.7,15.9,77,7.6,185,1023.5,100,0,39,47,0.0,233.74,43.6591,-70.2568,2021,5,21,20
2021-05-21 21:00:00,0.0,0.0,0.0,0.0,15.4,79,7.6,149,1023.6,94,0,61,89,0.0,0.0,43.6591,-70.2568,2021,5,21,21
2021-05-21 22:00:00,0.0,0.0,0.0,0.0,15.5,79,8.4,160,1023.4,99,0,91,98,0.0,0.0,43.6591,-70.2568,2021,5,21,22
2021-05-21 23:00:00,0.0,0.0,0.0,0.0,15.3,80,8.7,173,1022.8,100,0,49,100,0.0,0.0,43.6591,-70.2568,2021,5,21,23
2021-05-22 00:00:00,0.0,0.0,0.0,0.0,15.0,81,7.9,180,1022.0,100,0,96,100,0.0,0.0,43.6591,-70.2568,2021,5,22,0
2021-05-22 01:00:00,0.0,0.0,0.0,0.0,14.4,86,3.7,169,1021.4,99,0,94,96,0.0,0.0,43.6591,-70.2568,2021,5,22,1
2021-05-22 02:00:00,0.0,0.0,0.0,0.0,14.3,86,6.8,148,1020.6,99,0,98,98,0.0,0.0,43.6591,-70.2568,2021,5,22,2
2021-05-22 03:00:00,0.0,0.0,0.0,0.0,14.4,85,8.7,187,1019.7,99,0,66,99,0.0,0.0,43.6591,-70.2568,2021,5,22,3
2021-05-22 04:00:00,0.0,0.0,0.0,0.0,14.1,87,8.2,209,1019.0,100,0,14,100,0.0,0.0,43.6591,-70.2568,2021,5,22,4
2021-05-22 05:00:00,0.0,0.0,0.0,0.0,13.7,89,4.7,203,1018.3,100,0,68,100,0.0,0.0,43.6591,-70.2568,2021,5,22,5
2021-05-22 06:00:00,15.0,1.0,14.0,12.3,14.0,89,4.7,203,1018.2,100,0,100,100,0.0,0.0,43.6591,-70.2568,2021,5,22,6
2021-05-22 07:00:00,91.0,9.0,82.0,41.3,15.4,83,2.3,219,1017.7,99,0,61,99,0.0,0.0,43.6591,-70.2568,2021,5,22,7
2021-05-22 08:00:00,157.0,13.0,144.0,33.0,16.8,81,2.5,172,1018.1,100,0,26,100,0.0,0.0,43.6591,-70.2568,2021,5,22,8
2021-05-22 09:00:00,322.0,92.0,230.0,164.6,18.7,74,4.7,171,1017.5,100,0,93,100,0.0,3138.03,43.6591,-70.2568,2021,5,22,9
2021-05-22 10:00:00,302.0,41.0,261.0,58.4,19.9,72,4.7,180,1016.7,99,0,35,99,0.0,0.0,43.6591,-70.2568,2021,5,22,10
2021-05-22 11:00:00,526.0,159.0,367.0,195.2,23.0,65,4.0,185,1015.9,99,0,31,99,0.0,3600.0,43.6591,-70.2568,2021,5,22,11
2021-05-22 12:00:00,584.0,231.0,353.0,260.2,24.6,62,1.6,153,1014.9,100,0,97,100,0.0,3600.0,43.6591,-70.2568,2021,5,22,12
2021-05-22 13:00:00,367.0,61.0,306.0,66.5,23.4,71,6.1,140,1014.0,100,0,42,100,0.0,195.54,43.6591,-70.2568,2021,5,22,13
2021-05-22 14:00:00,666.0,362.0,304.0,402.1,24.9,69,7.2,153,1012.9,100,0,76,100,0.0,3600.0,43.6591,-70.2568,2021,5,22,14
2021-05-22 15:00:00,459.0,135.0,324.0,161.0,24.6,76,7.2,162,1011.9,99,0,56,99,0.0,3029.67,43.6591,-70.2568,2021,5,22,15
2021-05-22 16:00:00,322.0,59.0,263.0,80.1,24.3,81,6.9,186,1011.1,100,1,91,100,0.0,603.91,43.6591,-70.2568,2021,5,22,16
2021-05-22 17:00:00,202.0,18.0,184.0,30.0,24.4,81,6.4,254,1010.6,100,1,93,98,0.0,0.0,43.6591,-70.2568,2021,5,22,17
2021-05-22 18:00:00,106.0,22.0,84.0,50.0,23.8,82,3.7,331,1010.3,98,0,95,83,0.1,0.0,43.6591,-70.2568,2021,5,22,18
2021-05-22 19:00:00,41.0,4.0,37.0,15.0,22.8,82,4.3,222,1009.9,90,0,90,0,0.0,0.0,43.6591,-70.2568,2021,5,22,19
2021-05-22 20:00:00,22.0,8.0,14.0,76.0,21.5,81,9.4,212,1009.9,42,4,50,3,0.0,833.74,43.6591,-70.2568,2021,5,22,20
2021-05-22 21:00:00,0.0,0.0,0.0,0.0,20.6,85,10.0,232,1009.9,29,0,29,0,0.0,0.0,43.6591,-70.2568,2021,5,22,21
2021-05-22 22:00:00,0.0,0.0,0.0,0.0,19.8,87,11.3,253,1009.6,15,0,15,0,0.0,0.0,43.6591,-70.2568,2021,5,22,22
2021-05-22 23:00:00,0.0,0.0,0.0,0.0,19.6,85,12.2,284,1009.4,23,0,23,0,0.0,0.0,43.6591,-70.2568,2021,5,22,23
2021-05-23 00:00:00,0.0,0.0,0.0,0.0,19.3,85,11.5,290,1008.9,21,0,19,2,0.0,0.0,43.6591,-70.2568,2021,5,23,0
2021-05-23 01:00:00,0.0,0.0,0.0,0.0,19.0,86,12.0,286,1008.2,10,0,10,0,0.0,0.0,43.6591,-70.2568,2021,5,23,1
2021-05-23 02:00:00,0.0,0.0,0.0,0.0,18.9,87,12.7,285,1007.4,5,0,5,0,0.0,0.0,43.6591,-70.2568,2021,5,23,2
2021-05-23 03:00:00,0.0,0.0,0.0,0.0,18.6,89,12.4,280,1006.8,4,0,4,1,0.0,0.0,43.6591,-70.2568,2021,5,23,3
2021-05-23 04:00:00,0.0,0.0,0.0,0.0,18.3,90,12.7,285,1006.6,2,0,2,0,0.0,0.0,43.6591,-70.2568,2021,5,23,4
2021-05-23 05:00:00,0.0,0.0,0.0,0.0,18.0,92,12.1,280,1006.2,3,0,3,0,0.0,0.0,43.6591,-70.2568,2021,5,23,5
2021-05-23 06:00:00,24.0,11.0,13.0,133.6,18.5,90,12.2,284,1006.4,45,2,12,37,0.0,2514.12,43.6591,-70.2568,2021,5,23,6
2021-05-23 07:00:00,133.0,77.0,56.0,349.9,20.3,85,10.4,272,1005.9,66,1,1,65,0.0,3600.0,43.6591,-70.2568,2021,5,23,7
2021-05-23 08:00:00,306.0,212.0,94.0,536.1,22.8,76,9.4,268,1005.6,45,0,0,26,0.0,3600.0,43.6591,-70.2568,2021,5,23,8
2021-05-23 09:00:00,490.0,390.0,100.0,695.8,25.2,64,12.3,263,1005.0,1,0,0,0,0.0,3600.0,43.6591,-70.2568,2021,5,23,9
2021-05-23 10:00:00,653.0,553.0,100.0,785.6,26.4,58,12.2,270,1004.0,23,1,2,21,0.0,3600.0,43.6591,-70.2568,2021,5,23,10
2021-05-23 11:00:00,762.0,636.0,126.0,779.4,28.2,51,15.1,282,1003.2,90,17,76,84,0.0,3600.0,43.6591,-70.2568,2021,5,23,11
2021-05-23 12:00:00,776.0,537.0,239.0,603.9,29.0,47,17.0,283,1002.6,99,3,23,99,0.0,3600.0,43.6591,-70.2568,2021,5,23,12
2021-05-23 13:00:00,550.0,226.0,324.0,246.1,27.4,52,23.1,301,1002.5,97,20,85,91,0.0,3600.0,43.6591,-70.2568,2021,5,23,13
2021-05-23 14:00:00,476.0,197.0,279.0,218.5,25.0,69,21.6,327,1003.2,90,32,76,58,1.4,3600.0,43.6591,-70.2568,2021,5,23,14
2021-05-23 15:00:00,280.0,83.0,197.0,98.8,22.2,69,17.5,323,1004.2,98,2,98,0,0.0,1164.0,43.6591,-70.2568,2021,5,23,15
2021-05-23 16:00:00,342.0,60.0,282.0,81.3,23.5,53,18.3,328,1004.5,20,0,19,0,0.0,639.05,43.6591,-70.2568,2021,5,23,16
2021-05-23 17:00:00,506.0,389.0,117.0,645.9,24.3,44,22.9,338,1005.2,11,11,1,0,0.0,3600.0,43.6591,-70.2568,2021,5,23,17
2021-05-23 18:00:00,362.0,269.0,93.0,608.3,22.6,50,19.8,2,1006.8,61,43,59,0,0.0,3600.0,43.6591,-70.2568,2021,5,23,18
2021-05-23 19:00:00,139.0,55.0,84.0,204.6,19.7,52,22.3,14,1008.9,100,100,87,0,0.0,3600.0,43.6591,-70.2568,2021,5,23,19
2021-05-23 20:00:00,35.0,11.0,24.0,103.4,17.6,51,16.0,351,1011.3,0,0,0,0,0.0,1722.54,43.6591,-70.2568,2021,5,23,20
2021-05-23 21:00:00,0.0,0.0,0.0,0.0,15.5,60,11.2,2,1013.0,6,6,0,0,0.0,0.0,43.6591,-70.2568,2021,5,23,21
2021-05-23 22:00:00,0.0,0.0,0.0,0.0,14.7,56,14.9,8,1014.4,7,7,0,0,0.0,0.0,43.6591,-70.2568,2021,5,23,22
2021-05-23 23:00:00,0.0,0.0,0.0,0.0,14.4,49,15.3,15,1015.2,0,0,0,0,0.0,0.0,43.6591,-70.2568,2021,5,23,23
2021-05-24 00:00:00,0.0,0.0,0.0,0.0,13.2,54,11.9,2,1016.2,2,2,0,0,0.0,0.0,43.6591,-70.2568,2021,5,24,0
2021-05-24 01:00:00,0.0,0.0,0.0,0.0,11.9,62,10.2,342,1016.9,0,0,0,0,0.0,0.0,43.6591,-70.2568,2021,5,24,1
2021-05-24 02:00:00,0.0,0.0,0.0,0.0,11.1,67,10.6,342,1017.0,0,0,0,0,0.0,0.0,43.6591,-70.2568,2021,5,24,2
2021-05-24 03:00:00,0.0,0.0,0.0,0.0,10.6,67,10.5,354,1017.8,0,0,0,0,0.0,0.0,43.6591,-70.2568,2021,5,24,3
2021-05-24 04:00:00,0.0,0.0,0.0,0.0,9.9,71,9.5,11,1018.4,0,0,0,0,0.0,0.0,43.6591,-70.2568,2021,5,24,4
2021-05-24 05:00:00,0.0,0.0,0.0,0.0,9.4,75,8.0,18,1019.2,0,0,0,0,0.0,0.0,43.6591,-70.2568,2021,5,24,5
2021-05-24 06:00:00,29.0,15.0,14.0,180.2,9.5,74,8.7,5,1020.1,0,0,0,0,0.0,2831.42,43.6591,-70.2568,2021,5,24,6
2021-05-24 07:00:00,168.0,116.0,52.0,522.6,11.5,65,7.6,360,1021.0,0,0,0,0,0.0,3600.0,43.6591,-70.2568,2021,5,24,7
2021-05-24 08:00:00,351.0,278.0,73.0,700.0,12.7,57,7.7,41,1022.4,0,0,0,0,0.0,3600.0,43.6591,-70.2568,2021,5,24,8
2021-05-24 09:00:00,536.0,450.0,86.0,800.8,14.2,48,7.9,90,1023.0,0,0,0,0,0.0,3600.0,43.6591,-70.2568,2021,5,24,9
2021-05-24 10:00:00,702.0,606.0,96.0,859.2,14.5,45,11.3,117,1023.2,0,0,0,0,0.0,3600.0,43.6591,-70.2568,2021,5,24,10
2021-05-24 11:00:00,834.0,733.0,101.0,896.9,14.6,43,12.5,129,1023.4,2,2,0,0,0.0,3600.0,43.6591,-70.2568,2021,5,24,11
2021-05-24 12:00:00,919.0,809.0,110.0,908.6,15.3,43,12.3,142,1023.1,60,40,59,0,0.0,3600.0,43.6591,-70.2568,2021,5,24,12
2021-05-24 13:00:00,943.0,821.0,122.0,892.8,15.4,47,15.3,137,1022.2,43,0,43,0,0.0,3600.0,43.6591,-70.2568,2021,5,24,13
2021-05-24 14:00:00,924.0,804.0,120.0,890.4,15.5,52,17.6,145,1021.2,0,0,0,0,0.0,3600.0,43.6591,-70.2568,2021,5,24,14
2021-05-24 15:00:00,839.0,724.0,115.0,860.3,15.7,55,17.0,159,1020.6,0,0,0,0,0.0,3600.0,43.6591,-70.2568,2021,5,24,15
2021-05-24 16:00:00,730.0,631.0,99.0,853.1,16.1,53,15.8,168,1020.2,0,0,0,0,0.0,3600.0,43.6591,-70.2568,2021,5,24,16
2021-05-24 17:00:00,570.0,478.0,92.0,791.2,15.5,51,17.4,173,1019.5,0,0,0,0,0.0,3600.0,43.6591,-70.2568,2021,5,24,17
2021-05-24 18:00:00,395.0,317.0,78.0,713.4,14.4,58,19.1,178,1019.3,0,0,0,0,0.0,3600.0,43.6591,-70.2568,2021,5,24,18
2021-05-24 19:00:00,211.0,153.0,58.0,564.5,13.2,70,20.8,189,1019.2,0,0,0,0,0.0,3600.0,43.6591,-70.2568,2021,5,24,19
2021-05-24 20:00:00,56.0,32.0,24.0,297.7,12.4,75,19.1,192,1019.5,1,0,0,0,0.0,3600.0,43.6591,-70.2568,2021,5,24,20
2021-05-24 21:00:00,0.0,0.0,0.0,0.0,12.2,73,16.4,199,1019.7,0,0,0,0,0.0,0.0,43.6591,-70.2568,2021,5,24,21
2021-05-24 22:00:00,0.0,0.0,0.0,0.0,12.3,75,18.0,206,1019.6,0,0,0,0,0.0,0.0,43.6591,-70.2568,2021,5,24,22
2021-05-24 23:00:00,0.0,0.0,0.0,0.0,12.3,71,19.2,210,1019.3,0,0,0,0,0.0,0.0,43.6591,-70.2568,2021,5,24,23
2021-05-25 00:00:00,0.0,0.0,0.0,0.0,12.0,67,18.2,214,1019.2,9,0,0,9,0.0,0.0,43.6591,-70.2568,2021,5,25,0
2021-05-25 01:00:00,0.0,0.0,0.0,0.0,11.9,64,17.2,217,1018.9,42,0,0,42,0.0,0.0,43.6591,-70.2568,2021,5,25,1
2021-05-25 02:00:00,0.0,0.0,0.0,0.0,11.5,64,15.9,219,1018.5,83,0,0,83,0.0,0.0,43.6591,-70.2568,2021,5,25,2
2021-05-25 03:00:00,0.0,0.0,0.0,0.0,11.0,66,14.8,221,1018.6,76,0,0,76,0.0,0.0,43.6591,-70.2568,2021,5,25,3
2021-05-25 04:00:00,0.0,0.0,0.0,0.0,10.5,68,14.6,220,1018.5,81,0,0,81,0.0,0.0,43.6591,-70.2568,2021,5,25,4
2021-05-25 05:00:00,0.0,0.0,0.0,0.0,10.2,70,15.0,222,1018.2,85,0,0,85,0.0,0.0,43.6591,-70.2568,2021,5,25,5
2021-05-25 06:00:00,28.0,12.0,16.0,142.6,10.5,70,14.8,221,1018.1,72,0,0,72,0.0,2840.74,43.6591,-70.2568,2021,5,25,6
2021-05-25 07:00:00,162.0,107.0,55.0,478.2,12.1,68,14.3,225,1018.4,73,0,0,73,0.0,3600.0,43.6591,-70.2568,2021,5,25,7
2021-05-25 08:00:00,339.0,259.0,80.0,649.6,14.2,65,11.5,226,1018.0,30,0,0,61,0.0,3600.0,43.6591,-70.2568,2021,5,25,8
2021-05-25 09:00:00,522.0,423.0,99.0,750.9,17.0,60,12.3,218,1017.5,74,0,0,74,0.0,3600.0,43.6591,-70.2568,2021,5,25,9
2021-05-25 10:00:00,670.0,537.0,133.0,760.0,19.1,56,13.5,209,1016.7,33,0,0,33,0.0,3600.0,43.6591,-70.2568,2021,5,25,10
2021-05-25 11:00:00,806.0,688.0,118.0,840.6,20.6,52,15.8,197,1016.2,51,0,0,51,0.0,3600.0,43.6591,-70.2568,2021,5,25,11
2021-05-25 12:00:00,882.0,760.0,122.0,852.5,21.6,50,18.4,191,1015.7,84,0,0,84,0.0,3600.0,43.6591,-70.2568,2021,5,25,12
2021-05-25 13:00:00,827.0,548.0,279.0,595.1,21.4,51,21.3,185,1014.9,91,0,0,91,0.0,3600.0,43.6591,-70.2568,2021,5,25,13
2021-05-25 14:00:00,559.0,196.0,363.0,216.8,19.8,56,22.0,182,1013.9,66,0,0,66,0.0,3600.0,43.6591,-70.2568,2021,5,25,14
2021-05-25 15:00:00,645.0,385.0,260.0,456.7,20.3,55,21.6,184,1013.2,74,0,0,74,0.0,3600.0,43.6591,-70.2568,2021,5,25,15
2021-05-25 16:00:00,575.0,332.0,243.0,447.9,19.9,56,22.3,183,1012.4,34,0,0,34,0.0,3600.0,43.6591,-70.2568,2021,5,25,16
2021-05-25 17:00:00,523.0,393.0,130.0,648.6,19.7,57,22.0,183,1011.5,88,0,0,88,0.0,3600.0,43.6591,-70.2568,2021,5,25,17
2021-05-25 18:00:00,313.0,171.0,142.0,383.1,18.7,63,20.4,188,1011.0,90,0,0,90,0.0,3600.0,43.6591,-70.2568,2021,5,25,18
2021-05-25 19:00:00,167.0,71.0,96.0,259.8,18.0,67,20.3,197,1010.9,96,0,0,96,0.0,3600.0,43.6591,-70.2568,2021,5,25,19
2021-05-25 20:00:00,43.0,7.0,36.0,64.5,19.0,69,18.2,198,1011.4,100,0,0,98,0.0,329.89,43.6591,-70.2568,2021,5,25,20
2021-05-25 21:00:00,0.0,0.0,0.0,0.0,20.2,65,17.7,213,1011.6,93,0,0,93,0.0,0.0,43.6591,-70.2568,2021,5,25,21
2021-05-25 22:00:00,0.0,0.0,0.0,0.0,20.2,66,16.3,215,1011.6,76,0,0,76,0.0,0.0,43.6591,-70.2568,2021,5,25,22
2021-05-25 23:00:00,0.0,0.0,0.0,0.0,20.2,67,16.6,228,1011.4,23,0,0,23,0.0,0.0,43.6591,-70.2568,2021,5,25,23
2021-05-26 00:00:00,0.0,0.0,0.0,0.0,20.4,67,17.0,238,1011.4,92,0,0,92,0.0,0.0,43.6591,-70.2568,2021,5,26,0
2021-05-26 01:00:00,0.0,0.0,0.0,0.0,19.9,68,16.6,236,1011.1,44,0,0,44,0.0,0.0,43.6591,-70.2568,2021,5,26,1
2021-05-26 02:00:00,0.0,0.0,0.0,0.0,19.4,70,16.2,238,1010.8,57,0,40,35,0.0,0.0,43.6591,-70.2568,2021,5,26,2
2021-05-26 03:00:00,0.0,0.0,0.0,0.0,19.4,70,14.9,238,1010.4,29,0,25,7,0.0,0.0,43.6591,-70.2568,2021,5,26,3
2021-05-26 04:00:00,0.0,0.0,0.0,0.0,19.0,72,13.7,240,1010.3,51,0,29,35,0.0,0.0,43.6591,-70.2568,2021,5,26,4
2021-05-26 05:00:00,0.0,0.0,0.0,0.0,18.6,75,13.2,241,1010.1,1,0,0,1,0.0,0.0,43.6591,-70.2568,2021,5,26,5
2021-05-26 06:00:00,27.0,13.0,14.0,153.0,18.5,78,14.0,235,1010.1,72,0,67,20,0.0,2919.64,43.6591,-70.2568,2021,5,26,6
2021-05-26 07:00:00,156.0,103.0,53.0,456.9,20.3,74,13.7,235,1009.9,62,0,0,62,0.0,3600.0,43.6591,-70.2568,2021,5,26,7
2021-05-26 08:00:00,313.0,216.0,97.0,539.8,22.1,71,11.7,227,1009.6,53,0,26,71,0.0,3600.0,43.6591,-70.2568,2021,5,26,8
2021-05-26 09:00:00,411.0,228.0,183.0,403.8,24.4,64,12.0,229,1009.3,63,0,0,63,0.0,3600.0,43.6591,-70.2568,2021,5,26,9
2021-05-26 10:00:00,632.0,480.0,152.0,678.2,26.9,56,13.0,226,1008.8,23,0,0,23,0.0,3600.0,43.6591,-70.2568,2021,5,26,10
2021-05-26 11:00:00,782.0,670.0,112.0,817.5,28.5,52,14.5,207,1008.1,7,0,0,7,0.0,3600.0,43.6591,-70.2568,2021,5,26,11
2021-05-26 12:00:00,866.0,755.0,111.0,845.8,29.4,50,17.1,202,1007.3,27,5,27,1,0.0,3600.0,43.6591,-70.2568,2021,5,26,12
2021-05-26 13:00:00,738.0,567.0,171.0,615.0,28.6,55,16.3,194,1006.3,16,0,12,6,0.0,3600.0,43.6591,-70.2568,2021,5,26,13
2021-05-26 14:00:00,819.0,663.0,156.0,732.2,29.3,51,18.7,196,1005.2,22,0,22,0,0.0,3600.0,43.6591,-70.2568,2021,5,26,14
2021-05-26 15:00:00,683.0,539.0,144.0,638.4,28.5,53,17.0,197,1004.5,33,0,33,0,0.0,3600.0,43.6591,-70.2568,2021,5,26,15
2021-05-26 16:00:00,561.0,427.0,134.0,574.9,28.1,54,16.9,192,1003.6,29,0,29,0,0.0,3600.0,43.6591,-70.2568,2021,5,26,16
2021-05-26 17:00:00,443.0,331.0,112.0,544.7,26.1,60,17.1,187,1003.0,41,0,40,3,0.0,3600.0,43.6591,-70.2568,2021,5,26,17
2021-05-26 18:00:00,294.0,200.0,94.0,446.1,25.0,65,15.5,192,1002.9,33,0,33,0,0.0,3600.0,43.6591,-70.2568,2021,5,26,18
2021-05-26 19:00:00,143.0,86.0,57.0,312.2,23.5,68,14.7,197,1002.9,59,0,59,8,0.0,3600.0,43.6591,-70.2568,2021,5,26,19
2021-05-26 20:00:00,45.0,16.0,29.0,145.9,26.7,53,18.2,261,1003.7,32,2,36,58,0.0,2954.92,43.6591,-70.2568,2021,5,26,20
2021-05-26 21:00:00,0.0,0.0,0.0,0.0,24.3,63,14.6,230,1003.9,90,0,82,78,0.0,0.0,43.6591,-70.2568,2021,5,26,21
2021-05-26 22:00:00,0.0,0.0,0.0,0.0,23.9,63,16.8,225,1004.1,100,0,65,100,0.0,0.0,43.6591,-70.2568,2021,5,26,22
2021-05-26 23:00:00,0.0,0.0,0.0,0.0,22.9,65,16.1,220,1004.0,100,1,77,100,0.0,0.0,43.6591,-70.2568,2021,5,26,23
2021-05-27 00:00:00,0.0,0.0,0.0,0.0,22.5,67,16.8,227,1003.8,100,1,100,100,0.0,0.0,43.6591,-70.2568,2021,5,27,0
2021-05-27 01:00:00,0.0,0.0,0.0,0.0,21.7,72,15.2,234,1003.5,100,0,90,100,0.0,0.0,43.6591,-70.2568,2021,5,27,1
2021-05-27 02:00:00,0.0,0.0,0.0,0.0,21.4,74,14.7,245,1003.3,99,0,94,92,0.0,0.0,43.6591,-70.2568,2021,5,27,2
2021-05-27 03:00:00,0.0,0.0,0.0,0.0,21.7,73,16.4,261,1003.4,99,0,91,98,0.0,0.0,43.6591,-70.2568,2021,5,27,3
2021-05-27 04:00:00,0.0,0.0,0.0,0.0,21.1,75,15.9,264,1003.4,100,0,99,89,0.0,0.0,43.6591,-70.2568,2021,5,27,4
2021-05-27 05:00:00,0.0,0.0,0.0,0.0,20.8,74,16.3,276,1003.9,97,0,21,97,0.0,0.0,43.6591,-70.2568,2021,5,27,5
2021-05-27 06:00:00,19.0,2.0,17.0,23.3,20.1,76,14.6,286,1004.9,94,0,0,94,0.0,0.0,43.6591,-70.2568,2021,5,27,6
2021-05-27 07:00:00,120.0,36.0,84.0,158.6,20.4,68,13.5,295,1005.4,85,0,0,85,0.0,2957.8,43.6591,-70.2568,2021,5,27,7
2021-05-27 08:00:00,296.0,164.0,132.0,408.4,21.5,59,13.5,286,1005.4,34,0,0,34,0.0,3600.0,43.6591,-70.2568,2021,5,27,8
2021-05-27 09:00:00,500.0,379.0,121.0,669.7,22.6,52,15.9,303,1005.8,48,3,0,47,0.0,3600.0,43.6591,-70.2568,2021,5,27,9
2021-05-27 10:00:00,601.0,455.0,146.0,641.9,22.9,50,17.1,316,1006.3,68,47,64,0,0.0,3600.0,43.6591,-70.2568,2021,5,27,10
2021-05-27 11:00:00,579.0,311.0,268.0,379.0,22.7,51,17.4,320,1007.3,65,0,65,0,0.0,3600.0,43.6591,-70.2568,2021,5,27,11
2021-05-27 12:00:00,726.0,465.0,261.0,520.3,23.0,46,18.0,323,1007.7,76,26,75,0,0.0,3600.0,43.6591,-70.2568,2021,5,27,12
2021-05-27 13:00:00,774.0,487.0,287.0,527.6,23.6,40,18.8,315,1007.6,1,0,1,0,0.0,3600.0,43.6591,-70.2568,2021,5,27,13
2021-05-27 14:00:00,862.0,695.0,167.0,766.6,23.0,38,18.4,310,1007.5,2,0,2,0,0.0,3600.0,43.6591,-70.2568,2021,5,27,14
2021-05-27 15:00:00,840.0,722.0,118.0,853.8,22.5,36,18.6,313,1007.2,2,2,1,0,0.0,3600.0,43.6591,-70.2568,2021,5,27,15
2021-05-27 16:00:00,732.0,631.0,101.0,847.8,22.4,33,16.6,311,1007.2,0,0,0,0,0.0,3600.0,43.6591,-70.2568,2021,5,27,16
2021-05-27 17:00:00,576.0,484.0,92.0,794.3,22.2,31,16.3,313,1007.5,1,0,1,0,0.0,3600.0,43.6591,-70.2568,2021,5,27,17
2021-05-27 18:00:00,400.0,321.0,79.0,713.0,20.8,34,15.9,322,1008.3,0,0,0,0,0.0,3600.0,43.6591,-70.2568,2021,5,27,18
2021-05-27 19:00:00,220.0,161.0,59.0,580.1,18.9,40,12.9,330,1009.2,37,0,0,37,0.0,3600.0,43.6591,-70.2568,2021,5,27,19
2021-05-27 20:00:00,61.0,32.0,29.0,289.1,16.4,43,13.6,338,1010.4,49,0,0,69,0.0,3600.0,43.6591,-70.2568,2021,5,27,20
2021-05-27 21:00:00,0.0,0.0,0.0,0.0,14.9,44,13.2,349,1011.9,16,0,0,16,0.0,0.0,43.6591,-70.2568,2021,5,27,21
2021-05-27 22:00:00,0.0,0.0,0.0,0.0,14.0,44,14.6,351,1013.1,66,0,0,66,0.0,0.0,43.6591,-70.2568,2021,5,27,22
2021-05-27 23:00:00,0.0,0.0,0.0,0.0,13.2,44,16.5,350,1013.5,94,0,2,94,0.0,0.0,43.6591,-70.2568,2021,5,27,23
2021-05-28 00:00:00,0.0,0.0,0.0,0.0,12.6,43,15.4,349,1014.1,82,0,66,80,0.0,0.0,43.6591,-70.2568,2021,5,28,0
2021-05-28 01:00:00,0.0,0.0,0.0,0.0,12.0,44,12.4,350,1014.6,66,0,20,60,0.0,0.0,43.6591,-70.2568,2021,5,28,1
2021-05-28 02:00:00,0.0,0.0,0.0,0.0,10.9,48,10.0,347,1014.7,28,0,20,19,0.0,0.0,43.6591,-70.2568,2021,5,28,2
2021-05-28 03:00:00,0.0,0.0,0.0,0.0,10.3,51,10.0,339,1015.1,97,0,68,95,0.0,0.0,43.6591,-70.2568,2021,5,28,3
2021-05-28 04:00:00,0.0,0.0,0.0,0.0,10.3,49,10.5,344,1015.3,89,0,46,84,0.0,0.0,43.6591,-70.2568,2021,5,28,4
2021-05-28 05:00:00,0.0,0.0,0.0,0.0,9.9,50,10.9,6,1015.8,30,0,5,26,0.0,0.0,43.6591,-70.2568,2021,5,28,5
2021-05-28 06:00:00,31.0,16.0,15.0,185.0,9.1,54,11.2,360,1016.7,81,0,0,81,0.0,2999.01,43.6591,-70.2568,2021,5,28,6
2021-05-28 07:00:00,163.0,99.0,64.0,433.3,9.6,43,11.2,2,1017.4,91,0,0,91,0.0,3600.0,43.6591,-70.2568,2021,5,28,7
2021-05-28 08:00:00,337.0,241.0,96.0,598.2,9.0,43,9.7,358,1017.8,88,0,1,95,0.0,3600.0,43.6591,-70.2568,2021,5,28,8
2021-05-28 09:00:00,516.0,388.0,128.0,684.3,10.8,39,8.0,342,1018.1,92,0,11,92,0.0,3600.0,43.6591,-70.2568,2021,5,28,9
2021-05-28 10:00:00,611.0,373.0,238.0,525.5,11.8,37,7.1,330,1017.9,100,0,74,100,0.0,3600.0,43.6591,-70.2568,2021,5,28,10
2021-05-28 11:00:00,570.0,174.0,396.0,211.8,12.3,37,7.2,307,1017.4,99,0,0,99,0.0,3600.0,43.6591,-70.2568,2021,5,28,11
2021-05-28 12:00:00,657.0,259.0,398.0,289.5,13.3,36,4.7,302,1016.8,79,0,0,79,0.0,3600.0,43.6591,-70.2568,2021,5,28,12
2021-05-28 13:00:00,924.0,762.0,162.0,824.7,14.9,34,2.8,140,1015.9,68,0,0,68,0.0,3600.0,43.6591,-70.2568,2021,5,28,13
2021-05-28 14:00:00,901.0,751.0,150.0,827.3,14.2,42,12.6,149,1015.3,95,0,0,95,0.0,3600.0,43.6591,-70.2568,2021,5,28,14
2021-05-28 15:00:00,741.0,437.0,304.0,516.0,13.0,44,18.0,160,1015.0,93,0,71,91,0.0,3600.0,43.6591,-70.2568,2021,5,28,15
2021-05-28 16:00:00,492.0,184.0,308.0,246.7,11.8,51,15.6,172,1014.8,100,0,36,100,0.0,3600.0,43.6591,-70.2568,2021,5,28,16
2021-05-28 17:00:00,240.0,26.0,214.0,42.6,11.3,57,11.3,189,1014.2,99,0,10,99,0.0,0.0,43.6591,-70.2568,2021,5,28,17
2021-05-28 18:00:00,176.0,9.0,167.0,19.9,11.3,60,11.8,192,1014.4,100,0,46,100,0.0,0.0,43.6591,-70.2568,2021,5,28,18
2021-05-28 19:00:00,116.0,31.0,85.0,110.9,10.9,64,9.4,187,1014.9,100,0,84,100,0.0,1526.32,43.6591,-70.2568,2021,5,28,19
2021-05-28 20:00:00,17.0,0.0,17.0,0.0,10.2,64,11.3,187,1014.9,100,0,98,100,0.0,0.0,43.6591,-70.2568,2021,5,28,20
2021-05-28 21:00:00,0.0,0.0,0.0,0.0,10.1,67,11.1,193,1015.2,100,0,100,100,0.0,0.0,43.6591,-70.2568,2021,5,28,21
2021-05-28 22:00:00,0.0,0.0,0.0,0.0,9.9,75,11.0,203,1015.9,100,0,100,100,0.1,0.0,43.6591,-70.2568,2021,5,28,22
2021-05-28 23:00:00,0.0,0.0,0.0,0.0,9.7,81,9.5,217,1015.9,100,0,100,100,0.4,0.0,43.6591,-70.2568,2021,5,28,23
2021-05-29 00:00:00,0.0,0.0,0.0,0.0,9.4,88,9.1,214,1016.2,100,0,97,100,0.6,0.0,43.6591,-70.2568,2021,5,29,0
2021-05-29 01:00:00,0.0,0.0,0.0,0.0,9.2,94,5.6,207,1016.2,100,1,100,100,0.6,0.0,43.6591,-70.2568,2021,5,29,1
2021-05-29 02:00:00,0.0,0.0,0.0,0.0,8.9,99,4.6,141,1016.3,100,0,100,100,0.8,0.0,43.6591,-70.2568,2021,5,29,2
2021-05-29 03:00:00,0.0,0.0,0.0,0.0,8.0,99,6.6,99,1016.0,100,0,99,100,0.9,0.0,43.6591,-70.2568,2021,5,29,3
2021-05-29 04:00:00,0.0,0.0,0.0,0.0,7.2,99,8.6,88,1016.0,100,0,94,100,1.0,0.0,43.6591,-70.2568,2021,5,29,4
2021-05-29 05:00:00,0.0,0.0,0.0,0.0,6.7,99,12.0,83,1016.0,100,0,100,100,1.0,0.0,43.6591,-70.2568,2021,5,29,5
2021-05-29 06:00:00,3.0,0.0,3.0,0.0,6.5,100,12.6,85,1016.7,100,100,100,100,1.3,0.0,43.6591,-70.2568,2021,5,29,6
2021-05-29 07:00:00,13.0,0.0,13.0,0.0,6.3,100,13.9,69,1017.0,100,94,100,98,1.5,0.0,43.6591,-70.2568,2021,5,29,7
2021-05-29 08:00:00,60.0,0.0,60.0,0.0,6.7,91,22.4,71,1016.8,100,82,100,99,1.1,0.0,43.6591,-70.2568,2021,5,29,8
2021-05-29 09:00:00,73.0,0.0,73.0,0.0,6.8,90,20.6,61,1018.1,100,94,100,77,0.5,0.0,43.6591,-70.2568,2021,5,29,9
2021-05-29 10:00:00,99.0,0.0,99.0,0.0,6.8,90,19.6,58,1018.6,100,93,100,99,0.6,0.0,43.6591,-70.2568,2021,5,29,10
2021-05-29 11:00:00,102.0,0.0,102.0,0.0,6.7,90,19.4,55,1018.8,100,93,100,99,0.3,0.0,43.6591,-70.2568,2021,5,29,11
2021-05-29 12:00:00,360.0,43.0,317.0,48.0,7.8,79,20.7,55,1019.1,100,99,100,99,0.1,0.0,43.6591,-70.2568,2021,5,29,12
2021-05-29 13:00:00,169.0,3.0,166.0,3.2,7.9,76,18.7,52,1019.1,100,84,100,100,0.0,0.0,43.6591,-70.2568,2021,5,29,13
2021-05-29 14:00:00,207.0,0.0,207.0,0.0,8.5,72,17.8,54,1018.8,100,88,99,100,0.0,0.0,43.6591,-70.2568,2021,5,29,14
2021-05-29 15:00:00,335.0,19.0,316.0,22.4,9.6,64,16.2,53,1018.8,100,48,96,100,0.0,0.0,43.6591,-70.2568,2021,5,29,15
2021-05-29 16:00:00,331.0,29.0,302.0,38.8,10.0,61,14.6,52,1018.9,100,5,76,100,0.0,0.0,43.6591,-70.2568,2021,5,29,16
2021-05-29 17:00:00,332.0,61.0,271.0,99.6,10.4,58,14.0,61,1019.1,100,1,91,99,0.0,1187.12,43.6591,-70.2568,2021,5,29,17
2021-05-29 18:00:00,145.0,8.0,137.0,17.6,10.2,59,11.4,77,1019.8,98,1,83,96,0.0,0.0,43.6591,-70.2568,2021,5,29,18
2021-05-29 19:00:00,84.0,6.0,78.0,21.3,9.8,62,9.7,88,1019.7,100,0,89,99,0.0,0.0,43.6591,-70.2568,2021,5,29,19
2021-05-29 20:00:00,36.0,2.0,34.0,17.8,9.0,70,10.5,96,1020.5,100,1,86,100,0.0,0.0,43.6591,-70.2568,2021,5,29,20
2021-05-29 21:00:00,0.0,0.0,0.0,0.0,8.8,72,12.7,83,1020.8,100,1,48,100,0.0,0.0,43.6591,-70.2568,2021,5,29,21
2021-05-29 22:00:00,0.0,0.0,0.0,0.0,8.5,72,10.1,73,1020.9,82,0,6,81,0.0,0.0,43.6591,-70.2568,2021,5,29,22
2021-05-29 23:00:00,0.0,0.0,0.0,0.0,8.0,77,8.4,40,1021.0,99,0,15,99,0.0,0.0,43.6591,-70.2568,2021,5,29,23
2021-05-30 00:00:00,0.0,0.0,0.0,0.0,7.6,81,9.1,9,1021.4,100,0,52,100,0.0,0.0,43.6591,-70.2568,2021,5,30,0
2021-05-30 01:00:00,0.0,0.0,0.0,0.0,7.5,81,10.0,15,1021.3,100,0,44,100,0.0,0.0,43.6591,-70.2568,2021,5,30,1
2021-05-30 02:00:00,0.0,0.0,0.0,0.0,7.5,78,10.6,18,1021.5,100,0,96,100,0.0,0.0,43.6591,-70.2568,2021,5,30,2
2021-05-30 03:00:00,0.0,0.0,0.0,0.0,8.2,74,11.3,27,1021.7,100,0,100,99,0.0,0.0,43.6591,-70.2568,2021,5,30,3
2021-05-30 04:00:00,0.0,0.0,0.0,0.0,8.5,72,10.9,27,1022.2,100,0,99,100,0.0,0.0,43.6591,-70.2568,2021,5,30,4
2021-05-30 05:00:00,0.0,0.0,0.0,0.0,8.7,72,12.8,32,1022.4,100,0,92,99,0.0,0.0,43.6591,-70.2568,2021,5,30,5
2021-05-30 06:00:00,16.0,0.0,16.0,0.0,9.0,70,13.7,45,1022.7,100,2,55,100,0.0,0.0,43.6591,-70.2568,2021,5,30,6
2021-05-30 07:00:00,81.0,5.0,76.0,21.6,9.5,70,12.7,45,1023.5,100,0,100,100,0.0,0.0,43.6591,-70.2568,2021,5,30,7
2021-05-30 08:00:00,81.0,4.0,77.0,9.9,9.9,66,15.6,50,1023.4,100,0,100,99,0.1,0.0,43.6591,-70.2568,2021,5,30,8
2021-05-30 09:00:00,121.0,2.0,119.0,3.5,9.8,68,16.6,60,1024.1,100,2,100,98,0.0,0.0,43.6591,-70.2568,2021,5,30,9
2021-05-30 10:00:00,249.0,29.0,220.0,40.7,10.2,64,19.3,66,1024.3,98,13,87,94,0.0,0.0,43.6591,-70.2568,2021,5,30,10
2021-05-30 11:00:00,362.0,80.0,282.0,97.2,10.8,61,20.3,65,1024.3,99,24,95,94,0.0,1114.96,43.6591,-70.2568,2021,5,30,11
2021-05-30 12:00:00,307.0,60.0,247.0,66.9,10.6,65,20.2,71,1023.8,100,36,100,85,0.3,208.03,43.6591,-70.2568,2021,5,30,12
2021-05-30 13:00:00,248.0,15.0,233.0,16.2,10.2,72,18.8,73,1023.9,100,97,100,97,0.6,0.0,43.6591,-70.2568,2021,5,30,13
2021-05-30 14:00:00,115.0,0.0,115.0,0.0,9.5,84,17.9,71,1023.7,100,100,100,98,0.7,0.0,43.6591,-70.2568,2021,5,30,14
2021-05-30 15:00:00,166.0,1.0,165.0,1.2,9.6,85,21.6,66,1023.1,100,100,100,99,0.3,0.0,43.6591,-70.2568,2021,5,30,15
2021-05-30 16:00:00,138.0,0.0,138.0,0.0,9.4,88,20.3,65,1022.7,100,100,100,100,0.7,0.0,43.6591,-70.2568,2021,5,30,16
2021-05-30 17:00:00,63.0,0.0,63.0,0.0,8.6,100,20.0,62,1022.0,100,100,100,100,1.6,0.0,43.6591,-70.2568,2021,5,30,17
2021-05-30 18:00:00,50.0,0.0,50.0,0.0,8.9,100,16.8,59,1021.9,100,100,100,100,2.2,0.0,43.6591,-70.2568,2021,5,30,18
2021-05-30 19:00:00,19.0,0.0,19.0,0.0,8.8,100,20.0,56,1021.0,100,100,100,100,1.6,0.0,43.6591,-70.2568,2021,5,30,19
2021-05-30 20:00:00,11.0,0.0,11.0,0.0,8.8,96,16.7,53,1021.4,100,100,100,100,1.8,0.0,43.6591,-70.2568,2021,5,30,20
2021-05-30 21:00:00,0.0,0.0,0.0,0.0,8.7,100,17.4,56,1021.3,100,100,100,100,0.9,0.0,43.6591,-70.2568,2021,5,30,21
2021-05-30 22:00:00,0.0,0.0,0.0,0.0,8.7,100,15.6,50,1021.0,100,100,100,100,1.0,0.0,43.6591,-70.2568,2021,5,30,22
2021-05-30 23:00:00,0.0,0.0,0.0,0.0,8.7,100,13.6,37,1020.4,100,100,100,100,2.4,0.0,43.6591,-70.2568,2021,5,30,23
2021-05-31 00:00:00,0.0,0.0,0.0,0.0,8.8,100,9.7,15,1020.4,100,100,100,93,5.8,0.0,43.6591,-70.2568,2021,5,31,0
2021-05-31 01:00:00,0.0,0.0,0.0,0.0,8.8,100,14.3,12,1019.0,100,13,100,86,3.1,0.0,43.6591,-70.2568,2021,5,31,1
2021-05-31 02:00:00,0.0,0.0,0.0,0.0,8.8,100,13.8,9,1018.0,100,12,100,44,0.3,0.0,43.6591,-70.2568,2021,5,31,2
2021-05-31 03:00:00,0.0,0.0,0.0,0.0,8.9,100,13.0,3,1017.5,100,29,100,100,0.4,0.0,43.6591,-70.2568,2021,5,31,3
2021-05-31 04:00:00,0.0,0.0,0.0,0.0,9.0,100,12.4,8,1017.2,100,17,100,100,0.8,0.0,43.6591,-70.2568,2021,5,31,4
2021-05-31 05:00:00,0.0,0.0,0.0,0.0,9.1,100,10.9,9,1017.0,100,100,100,100,0.9,0.0,43.6591,-70.2568,2021,5,31,5
2021-05-31 06:00:00,8.0,0.0,8.0,0.0,9.4,100,11.5,4,1017.0,100,100,100,100,0.8,0.0,43.6591,-70.2568,2021,5,31,6
2021-05-31 07:00:00,33.0,0.0,33.0,0.0,9.8,100,13.3,2,1016.7,100,93,100,100,1.6,0.0,43.6591,-70.2568,2021,5,31,7
2021-05-31 08:00:00,37.0,0.0,37.0,0.0,9.5,98,11.9,2,1016.8,100,100,99,100,2.3,0.0,43.6591,-70.2568,2021,5,31,8
2021-05-31 09:00:00,105.0,6.0,99.0,10.5,10.3,97,11.3,353,1016.8,100,100,57,90,0.1,0.0,43.6591,-70.2568,2021,5,31,9
2021-05-31 10:00:00,159.0,3.0,156.0,4.2,10.8,100,9.8,332,1016.8,100,100,100,71,0.5,0.0,43.6591,-70.2568,2021,5,31,10
2021-05-31 11:00:00,152.0,0.0,152.0,0.0,11.4,100,12.0,339,1016.3,100,75,69,100,2.2,0.0,43.6591,-70.2568,2021,5,31,11
2021-05-31 12:00:00,360.0,73.0,287.0,81.4,12.9,92,10.9,351,1015.9,100,100,3,100,0.4,640.9,43.6591,-70.2568,2021,5,31,12
2021-05-31 13:00:00,526.0,114.0,412.0,123.0,14.3,86,12.2,346,1015.2,100,100,18,100,0.0,1890.14,43.6591,-70.2568,2021,5,31,13
2021-05-31 14:00:00,405.0,56.0,349.0,61.5,14.8,82,13.4,336,1014.5,100,100,27,93,0.0,44.4,43.6591,-70.2568,2021,5,31,14
2021-05-31 15:00:00,305.0,49.0,256.0,57.6,14.9,80,14.7,329,1014.1,100,100,21,98,0.0,0.0,43.6591,-70.2568,2021,5,31,15
2021-05-31 16:00:00,160.0,5.0,155.0,6.7,14.5,82,13.6,323,1013.6,100,100,55,6,0.2,0.0,43.6591,-70.2568,2021,5,31,16
2021-05-31 17:00:00,191.0,25.0,166.0,40.6,15.0,81,12.8,308,1013.5,100,100,41,6,0.6,0.0,43.6591,-70.2568,2021,5,31,17
2021-05-31 18:00:00,93.0,0.0,93.0,0.0,13.9,92,12.4,296,1014.2,100,100,37,71,1.8,0.0,43.6591,-70.2568,2021,5,31,18
2021-05-31 19:00:00,48.0,0.0,48.0,0.0,13.3,94,13.7,305,1014.3,67,55,39,12,0.8,0.0,43.6591,-70.2568,2021,5,31,19
2021-05-31 20:00:00,40.0,14.0,26.0,122.2,13.4,93,16.1,321,1014.3,23,76,35,34,0.0,1953.62,43.6591,-70.2568,2021,5,31,20
2021-05-31 21:00:00,1.0,0.0,1.0,0.0,12.2,92,15.2,306,1014.9,33,33,0,0,0.0,0.0,43.6591,-70.2568,2021,5,31,21
2021-05-31 22:00:00,0.0,0.0,0.0,0.0,11.4,95,11.2,285,1015.6,3,3,1,0,0.0,0.0,43.6591,-70.2568,2021,5,31,22
2021-05-31 23:00:00,0.0,0.0,0.0,0.0,10.6,96,9.4,270,1015.8,1,0,0,0,0.0,0.0,43.6591,-70.2568,2021,5,31,23
2021-06-01 00:00:00,0.0,0.0,0.0,0.0,9.9,96,9.5,259,1015.7,0,0,0,0,0.0,0.0,43.6591,-70.2568,2021,6,1,0
2021-06-01 01:00:00,0.0,0.0,0.0,0.0,9.4,96,10.4,268,1016.3,47,0,0,47,0.0,0.0,43.6591,-70.2568,2021,6,1,1
2021-06-01 02:00:00,0.0,0.0,0.0,0.0,8.9,95,10.4,270,1016.2,97,0,0,97,0.0,0.0,43.6591,-70.2568,2021,6,1,2
2021-06-01 03:00:00,0.0,0.0,0.0,0.0,9.0,94,11.3,263,1016.5,94,0,0,94,0.0,0.0,43.6591,-70.2568,2021,6,1,3
2021-06-01 04:00:00,0.0,0.0,0.0,0.0,9.3,93,13.0,268,1016.7,96,0,0,96,0.0,0.0,43.6591,-70.2568,2021,6,1,4
2021-06-01 05:00:00,0.0,0.0,0.0,0.0,9.5,92,13.0,272,1016.8,90,0,0,90,0.0,0.0,43.6591,-70.2568,2021,6,1,5
2021-06-01 06:00:00,31.0,11.0,20.0,123.7,10.0,90,12.2,270,1017.1,91,0,0,91,0.0,2407.59,43.6591,-70.2568,2021,6,1,6
2021-06-01 07:00:00,154.0,77.0,77.0,329.9,12.0,86,11.1,257,1017.2,98,0,0,98,0.0,3600.0,43.6591,-70.2568,2021,6,1,7
2021-06-01 08:00:00,316.0,193.0,123.0,474.1,14.6,79,14.1,276,1017.8,99,0,0,99,0.0,3600.0,43.6591,-70.2568,2021,6,1,8
2021-06-01 09:00:00,472.0,302.0,170.0,529.1,17.5,66,13.2,281,1017.7,99,0,1,99,0.0,3600.0,43.6591,-70.2568,2021,6,1,9
2021-06-01 10:00:00,638.0,445.0,193.0,623.9,19.7,55,12.7,285,1017.8,100,0,80,99,0.0,3600.0,43.6591,-70.2568,2021,6,1,10
2021-06-01 11:00:00,680.0,368.0,312.0,446.2,20.9,51,13.3,283,1017.8,100,0,99,96,0.0,3600.0,43.6591,-70.2568,2021,6,1,11
2021-06-01 12:00:00,366.0,41.0,325.0,45.7,19.6,57,12.8,280,1017.8,93,0,12,93,0.0,0.0,43.6591,-70.2568,2021,6,1,12
2021-06-01 13:00:00,874.0,619.0,255.0,667.3,22.5,42,13.4,275,1017.1,64,0,1,64,0.0,3600.0,43.6591,-70.2568,2021,6,1,13
2021-06-01 14:00:00,905.0,774.0,131.0,848.8,23.4,37,16.8,255,1016.3,13,0,0,13,0.0,3600.0,43.6591,-70.2568,2021,6,1,14
2021-06-01 15:00:00,841.0,728.0,113.0,854.8,23.4,36,20.5,259,1016.1,27,0,13,16,0.0,3600.0,43.6591,-70.2568,2021,6,1,15
2021-06-01 16:00:00,599.0,468.0,131.0,623.0,22.9,40,18.0,268,1016.0,32,0,21,14,0.0,3600.0,43.6591,-70.2568,2021,6,1,16
2021-06-01 17:00:00,496.0,366.0,130.0,592.9,22.4,43,17.7,264,1015.9,4,0,4,0,0.0,3600.0,43.6591,-70.2568,2021,6,1,17
2021-06-01 18:00:00,390.0,305.0,85.0,664.3,21.5,51,12.6,270,1016.2,0,0,0,0,0.0,3600.0,43.6591,-70.2568,2021,6,1,18
2021-06-01 19:00:00,220.0,159.0,61.0,553.1,19.5,61,12.3,255,1016.5,1,0,1,0,0.0,3600.0,43.6591,-70.2568,2021,6,1,19
2021-06-01 20:00:00,67.0,37.0,30.0,320.2,18.5,63,14.8,244,1016.6,0,0,5,0,0.0,3600.0,43.6591,-70.2568,2021,6,1,20
2021-06-01 21:00:00,1.0,0.0,1.0,0.0,18.0,55,15.5,266,1017.2,0,0,0,0,0.0,0.0,43.6591,-70.2568,2021,6,1,21
2021-06-01 22:00:00,0.0,0.0,0.0,0.0,16.6,61,13.3,267,1017.7,0,0,0,0,0.0,0.0,43.6591,-70.2568,2021,6,1,22
2021-06-01 23:00:00,0.0,0.0,0.0,0.0,14.9,69,11.3,263,1017.7,0,0,0,0,0.0,0.0,43.6591,-70.2568,2021,6,1,23
2021-06-02 00:00:00,0.0,0.0,0.0,0.0,14.0,73,11.5,266,1017.7,0,0,0,0,0.0,0.0,43.6591,-70.2568,2021,6,2,0
2021-06-02 01:00:00,0.0,0.0,0.0,0.0,13.8,73,11.5,270,1017.7,1,0,1,0,0.0,0.0,43.6591,-70.2568,2021,6,2,1
2021-06-02 02:00:00,0.0,0.0,0.0,0.0,13.5,73,11.9,268,1017.6,0,0,0,0,0.0,0.0,43.6591,-70.2568,2021,6,2,2
2021-06-02 03:00:00,0.0,0.0,0.0,0.0,13.3,72,12.3,273,1017.6,0,0,0,0,0.0,0.0,43.6591,-70.2568,2021,6,2,3
2021-06-02 04:00:00,0.0,0.0,0.0,0.0,12.9,72,12.6,275,1017.7,0,0,0,0,0.0,0.0,43.6591,-70.2568,2021,6,2,4
2021-06-02 05:00:00,0.0,0.0,0.0,0.0,12.8,72,13.0,276,1017.8,0,0,0,0,0.0,0.0,43.6591,-70.2568,2021,6,2,5
2021-06-02 06:00:00,35.0,19.0,16.0,212.4,13.2,72,13.0,276,1018.1,0,0,0,0,0.0,3158.79,43.6591,-70.2568,2021,6,2,6
2021-06-02 07:00:00,175.0,122.0,53.0,520.6,15.2,71,11.9,275,1018.2,0,0,0,0,0.0,3600.0,43.6591,-70.2568,2021,6,2,7
2021-06-02 08:00:00,354.0,281.0,73.0,688.9,17.5,68,8.1,291,1018.7,0,0,0,0,0.0,3600.0,43.6591,-70.2568,2021,6,2,8
2021-06-02 09:00:00,531.0,445.0,86.0,778.7,20.4,62,5.4,274,1019.0,18,0,0,18,0.0,3600.0,43.6591,-70.2568,2021,6,2,9
2021-06-02 10:00:00,691.0,594.0,97.0,832.1,22.4,55,3.6,233,1019.0,81,0,0,81,0.0,3600.0,43.6591,-70.2568,2021,6,2,10
2021-06-02 11:00:00,819.0,715.0,104.0,866.2,23.5,47,3.6,186,1018.8,90,0,23,87,0.0,3600.0,43.6591,-70.2568,2021,6,2,11
2021-06-02 12:00:00,784.0,622.0,162.0,692.1,23.5,46,7.4,166,1018.3,95,0,52,91,0.0,3600.0,43.6591,-70.2568,2021,6,2,12
2021-06-02 13:00:00,749.0,503.0,246.0,541.8,23.5,50,9.5,171,1018.0,98,0,55,97,0.0,3600.0,43.6591,-70.2568,2021,6,2,13
2021-06-02 14:00:00,740.0,524.0,216.0,574.1,23.2,56,13.5,164,1017.4,92,0,11,91,0.0,3600.0,43.6591,-70.2568,2021,6,2,14
2021-06-02 15:00:00,802.0,615.0,187.0,721.2,23.2,59,16.3,172,1017.2,98,0,5,97,0.0,3600.0,43.6591,-70.2568,2021,6,2,15
2021-06-02 16:00:00,657.0,458.0,199.0,608.6,21.3,57,18.8,183,1016.9,97,0,0,97,0.0,3600.0,43.6591,-70.2568,2021,6,2,16
2021-06-02 17:00:00,522.0,376.0,146.0,607.6,20.2,58,16.1,190,1016.8,100,0,4,100,0.0,3600.0,43.6591,-70.2568,2021,6,2,17
2021-06-02 18:00:00,349.0,197.0,152.0,427.5,19.4,65,15.9,184,1016.6,99,0,7,99,0.0,3600.0,43.6591,-70.2568,2021,6,2,18
2021-06-02 19:00:00,180.0,72.0,108.0,248.8,18.5,68,16.2,192,1016.5,100,0,0,100,0.0,3600.0,43.6591,-70.2568,2021,6,2,19
2021-06-02 20:00:00,49.0,4.0,45.0,34.3,18.1,67,14.3,198,1016.8,100,0,14,100,0.0,0.0,43.6591,-70.2568,2021,6,2,20
2021-06-02 21:00:00,1.0,0.0,1.0,0.0,18.1,67,15.6,206,1016.9,100,0,51,100,0.0,0.0,43.6591,-70.2568,2021,6,2,21
2021-06-02 22:00:00,0.0,0.0,0.0,0.0,18.0,69,16.6,210,1017.1,100,0,99,100,0.0,0.0,43.6591,-70.2568,2021,6,2,22
2021-06-02 23:00:00,0.0,0.0,0.0,0.0,17.4,76,13.8,213,1016.9,100,0,99,100,0.0,0.0,43.6591,-70.2568,2021,6,2,23
2021-06-03 00:00:00,0.0,0.0,0.0,0.0,17.1,80,12.7,223,1016.6,99,0,14,99,0.0,0.0,43.6591,-70.2568,2021,6,3,0
2021-06-03 01:00:00,0.0,0.0,0.0,0.0,16.6,81,11.0,229,1016.3,100,0,99,88,0.0,0.0,43.6591,-70.2568,2021,6,3,1
2021-06-03 02:00:00,0.0,0.0,0.0,0.0,16.9,78,9.9,224,1016.4,97,0,90,92,0.0,0.0,43.6591,-70.2568,2021,6,3,2
2021-06-03 03:00:00,0.0,0.0,0.0,0.0,16.7,79,9.5,217,1016.2,100,0,100,92,0.0,0.0,43.6591,-70.2568,2021,6,3,3
2021-06-03 04:00:00,0.0,0.0,0.0,0.0,16.5,82,7.0,201,1015.9,100,0,99,95,0.0,0.0,43.6591,-70.2568,2021,6,3,4
2021-06-03 05:00:00,0.0,0.0,0.0,0.0,15.8,88,11.6,187,1015.9,98,0,66,96,0.0,0.0,43.6591,-70.2568,2021,6,3,5
2021-06-03 06:00:00,22.0,2.0,20.0,22.3,15.3,90,11.5,200,1016.1,98,0,9,98,0.0,0.0,43.6591,-70.2568,2021,6,3,6
2021-06-03 07:00:00,122.0,32.0,90.0,136.0,16.1,87,10.6,198,1016.2,99,0,0,99,0.0,2280.8,43.6591,-70.2568,2021,6,3,7
2021-06-03 08:00:00,259.0,107.0,152.0,261.8,18.0,80,10.5,196,1015.9,98,0,2,99,0.0,3600.0,43.6591,-70.2568,2021,6,3,8
2021-06-03 09:00:00,484.0,345.0,139.0,603.0,19.3,75,10.9,171,1015.4,98,0,30,98,0.0,3600.0,43.6591,-70.2568,2021,6,3,9
2021-06-03 10:00:00,573.0,309.0,264.0,432.5,18.4,73,17.2,170,1015.1,94,0,31,94,0.0,3600.0,43.6591,-70.2568,2021,6,3,10
2021-06-03 11:00:00,715.0,454.0,261.0,549.6,18.9,65,17.0,174,1014.7,94,0,15,90,0.0,3600.0,43.6591,-70.2568,2021,6,3,11
2021-06-03 12:00:00,775.0,493.0,282.0,548.2,19.1,68,18.1,174,1013.8,92,0,68,91,0.0,3600.0,43.6591,-70.2568,2021,6,3,12
2021-06-03 13:00:00,748.0,399.0,349.0,429.4,19.1,68,18.5,173,1012.9,88,0,4,87,0.0,3600.0,43.6591,-70.2568,2021,6,3,13
2021-06-03 14:00:00,881.0,732.0,149.0,801.2,19.8,66,18.2,172,1011.7,99,0,12,99,0.0,3600.0,43.6591,-70.2568,2021,6,3,14
2021-06-03 15:00:00,796.0,636.0,160.0,744.9,20.1,68,18.4,178,1010.7,99,0,9,99,0.0,3600.0,43.6591,-70.2568,2021,6,3,15
2021-06-03 16:00:00,678.0,515.0,163.0,683.2,20.1,73,17.3,182,1009.8,100,0,0,100,0.0,3600.0,43.6591,-70.2568,2021,6,3,16
2021-06-03 17:00:00,509.0,327.0,182.0,527.2,18.9,81,17.3,181,1009.1,99,0,3,99,0.0,3600.0,43.6591,-70.2568,2021,6,3,17
2021-06-03 18:00:00,297.0,119.0,178.0,257.3,18.3,86,17.7,185,1008.5,99,0,66,99,0.0,3600.0,43.6591,-70.2568,2021,6,3,18
2021-06-03 19:00:00,116.0,20.0,96.0,68.7,17.3,92,17.8,188,1008.2,99,6,79,99,0.0,260.74,43.6591,-70.2568,2021,6,3,19
2021-06-03 20:00:00,29.0,2.0,27.0,17.0,17.0,99,19.3,189,1008.0,100,71,47,89,0.0,0.0,43.6591,-70.2568,2021,6,3,20
2021-06-03 21:00:00,1.0,0.0,1.0,0.0,17.5,97,17.9,202,1008.3,99,77,89,87,0.0,0.0,43.6591,-70.2568,2021,6,3,21
2021-06-03 22:00:00,0.0,0.0,0.0,0.0,18.2,95,16.6,207,1008.4,100,40,100,99,0.2,0.0,43.6591,-70.2568,2021,6,3,22
2021-06-03 23:00:00,0.0,0.0,0.0,0.0,18.5,95,16.1,214,1007.9,100,9,100,99,0.2,0.0,43.6591,-70.2568,2021,6,3,23
2021-06-04 00:00:00,0.0,0.0,0.0,0.0,18.5,95,15.8,223,1007.5,100,2,100,100,0.2,0.0,43.6591,-70.2568,2021,6,4,0
2021-06-04 01:00:00,0.0,0.0,0.0,0.0,18.4,94,14.9,233,1007.3,100,0,100,96,0.5,0.0,43.6591,-70.2568,2021,6,4,1
2021-06-04 02:00:00,0.0,0.0,0.0,0.0,18.0,96,13.5,228,1006.8,100,0,100,96,0.6,0.0,43.6591,-70.2568,2021,6,4,2
2021-06-04 03:00:00,0.0,0.0,0.0,0.0,17.9,97,13.3,221,1006.7,100,0,100,95,0.2,0.0,43.6591,-70.2568,2021,6,4,3
2021-06-04 04:00:00,0.0,0.0,0.0,0.0,17.6,98,12.3,218,1006.5,93,4,84,85,0.0,0.0,43.6591,-70.2568,2021,6,4,4
2021-06-04 05:00:00,0.0,0.0,0.0,0.0,17.5,98,11.5,226,1006.5,95,4,42,94,0.0,0.0,43.6591,-70.2568,2021,6,4,5
2021-06-04 06:00:00,24.0,3.0,21.0,33.2,17.8,98,12.8,238,1006.5,99,6,18,99,0.0,0.0,43.6591,-70.2568,2021,6,4,6
2021-06-04 07:00:00,90.0,13.0,77.0,55.1,18.4,97,12.2,246,1006.7,97,0,19,96,0.0,0.0,43.6591,-70.2568,2021,6,4,7
2021-06-04 08:00:00,215.0,56.0,159.0,136.8,19.4,97,13.5,241,1006.8,97,10,45,99,0.0,2304.4,43.6591,-70.2568,2021,6,4,8
2021-06-04 09:00:00,333.0,116.0,217.0,202.6,20.8,94,11.3,248,1006.9,100,47,41,99,0.1,3600.0,43.6591,-70.2568,2021,6,4,9
2021-06-04 10:00:00,423.0,148.0,275.0,207.0,21.8,88,10.2,252,1006.7,100,24,38,100,0.1,3600.0,43.6591,-70.2568,2021,6,4,10
2021-06-04 11:00:00,558.0,233.0,325.0,281.9,23.2,71,9.7,270,1006.7,99,11,87,96,0.0,3600.0,43.6591,-70.2568,2021,6,4,11
2021-06-04 12:00:00,322.0,57.0,265.0,63.3,22.8,71,8.7,275,1006.5,100,9,94,100,0.0,100.19,43.6591,-70.2568,2021,6,4,12
2021-06-04 13:00:00,674.0,254.0,420.0,273.1,24.3,61,7.9,267,1006.3,100,6,13,100,0.0,3600.0,43.6591,-70.2568,2021,6,4,13
2021-06-04 14:00:00,663.0,305.0,358.0,333.5,24.5,58,7.3,237,1006.0,99,4,33,99,0.0,3600.0,43.6591,-70.2568,2021,6,4,14
2021-06-04 15:00:00,508.0,145.0,363.0,169.6,23.9,64,7.5,197,1005.8,100,2,28,100,0.0,3288.43,43.6591,-70.2568,2021,6,4,15
2021-06-04 16:00:00,361.0,73.0,288.0,96.7,23.1,76,10.8,184,1005.6,100,6,15,100,0.0,1100.63,43.6591,-70.2568,2021,6,4,16
2021-06-04 17:00:00,297.0,37.0,260.0,59.5,22.8,79,11.1,193,1005.3,99,6,15,99,0.0,0.0,43.6591,-70.2568,2021,6,4,17
2021-06-04 18:00:00,191.0,29.0,162.0,62.5,22.4,83,9.9,199,1005.1,95,0,13,94,0.0,74.51,43.6591,-70.2568,2021,6,4,18
2021-06-04 19:00:00,150.0,44.0,106.0,150.2,22.1,84,10.2,203,1005.3,96,0,17,95,0.0,2706.13,43.6591,-70.2568,2021,6,4,19
2021-06-04 20:00:00,47.0,5.0,42.0,41.7,20.9,85,11.5,212,1006.0,94,0,29,76,0.0,0.0,43.6591,-70.2568,2021,6,4,20
2021-06-04 21:00:00,1.0,0.0,1.0,0.0,20.5,85,11.2,220,1006.7,25,0,24,1,0.0,0.0,43.6591,-70.2568,2021,6,4,21
2021-06-04 22:00:00,0.0,0.0,0.0,0.0,19.8,86,10.3,241,1007.0,48,0,27,30,0.0,0.0,43.6591,-70.2568,2021,6,4,22
2021-06-04 23:00:00,0.0,0.0,0.0,0.0,19.1,86,11.0,247,1006.5,23,0,9,15,0.0,0.0,43.6591,-70.2568,2021,6,4,23
2021-06-05 00:00:00,0.0,0.0,0.0,0.0,18.3,87,12.1,258,1006.5,3,0,3,0,0.0,0.0,43.6591,-70.2568,2021,6,5,0
2021-06-05 01:00:00,0.0,0.0,0.0,0.0,17.8,84,11.2,272,1006.3,0,0,0,0,0.0,0.0,43.6591,-70.2568,2021,6,5,1
2021-06-05 02:00:00,0.0,0.0,0.0,0.0,17.4,84,11.2,270,1006.1,0,0,0,0,0.0,0.0,43.6591,-70.2568,2021,6,5,2
2021-06-05 03:00:00,0.0,0.0,0.0,0.0,17.3,84,11.2,266,1006.2,0,0,0,0,0.0,0.0,43.6591,-70.2568,2021,6,5,3
2021-06-05 04:00:00,0.0,0.0,0.0,0.0,17.2,85,11.3,263,1006.3,10,0,10,0,0.0,0.0,43.6591,-70.2568,2021,6,5,4
2021-06-05 05:00:00,0.0,0.0,0.0,0.0,17.1,86,11.0,259,1006.4,1,0,1,0,0.0,0.0,43.6591,-70.2568,2021,6,5,5
2021-06-05 06:00:00,35.0,18.0,17.0,198.6,17.5,86,10.8,249,1006.5,0,0,0,0,0.0,3228.83,43.6591,-70.2568,2021,6,5,6
2021-06-05 07:00:00,168.0,114.0,54.0,481.5,19.5,80,10.5,239,1006.4,7,0,0,7,0.0,3600.0,43.6591,-70.2568,2021,6,5,7
2021-06-05 08:00:00,342.0,267.0,75.0,651.4,21.9,73,9.1,236,1006.3,29,0,0,90,0.0,3600.0,43.6591,-70.2568,2021,6,5,8
2021-06-05 09:00:00,512.0,412.0,100.0,718.8,24.1,64,11.1,216,1006.1,34,0,0,34,0.0,3600.0,43.6591,-70.2568,2021,6,5,9
2021-06-05 10:00:00,676.0,577.0,99.0,806.5,25.7,58,13.3,213,1005.7,72,0,0,72,0.0,3600.0,43.6591,-70.2568,2021,6,5,10
2021-06-05 11:00:00,800.0,692.0,108.0,836.7,26.7,54,15.0,204,1005.3,24,0,0,24,0.0,3600.0,43.6591,-70.2568,2021,6,5,11
2021-06-05 12:00:00,884.0,774.0,110.0,859.6,27.3,55,16.2,201,1004.6,79,11,9,78,0.0,3600.0,43.6591,-70.2568,2021,6,5,12
2021-06-05 13:00:00,803.0,636.0,167.0,683.5,26.6,63,18.4,181,1003.8,23,0,18,12,0.0,3600.0,43.6591,-70.2568,2021,6,5,13
2021-06-05 14:00:00,825.0,670.0,155.0,732.0,26.4,66,18.1,185,1003.2,73,0,35,60,0.1,3600.0,43.6591,-70.2568,2021,6,5,14
2021-06-05 15:00:00,651.0,466.0,185.0,544.5,26.1,64,19.2,186,1002.8,56,0,16,51,0.0,3600.0,43.6591,-70.2568,2021,6,5,15
2021-06-05 16:00:00,609.0,452.0,157.0,597.7,26.1,63,19.3,189,1002.4,62,0,20,55,0.0,3600.0,43.6591,-70.2568,2021,6,5,16
2021-06-05 17:00:00,431.0,286.0,145.0,459.0,25.6,67,15.5,192,1002.0,79,0,21,73,0.0,3600.0,43.6591,-70.2568,2021,6,5,17
2021-06-05 18:00:00,338.0,194.0,144.0,416.6,26.1,72,10.9,214,1002.4,94,0,55,89,0.0,3600.0,43.6591,-70.2568,2021,6,5,18
2021-06-05 19:00:00,123.0,55.0,68.0,186.7,25.5,73,11.1,234,1002.6,98,0,26,98,0.0,3600.0,43.6591,-70.2568,2021,6,5,19
2021-06-05 20:00:00,52.0,11.0,41.0,90.4,26.3,55,16.4,261,1004.2,47,0,29,98,0.0,912.08,43.6591,-70.2568,2021,6,5,20
2021-06-05 21:00:00,1.0,0.0,1.0,0.0,25.0,58,14.8,271,1005.0,97,0,44,94,0.0,0.0,43.6591,-70.2568,2021,6,5,21
2021-06-05 22:00:00,0.0,0.0,0.0,0.0,24.9,60,14.9,277,1005.9,96,0,22,95,0.0,0.0,43.6591,-70.2568,2021,6,5,22
2021-06-05 23:00:00,0.0,0.0,0.0,0.0,24.0,64,13.4,278,1006.2,100,0,52,100,0.0,0.0,43.6591,-70.2568,2021,6,5,23
2021-06-06 00:00:00,0.0,0.0,0.0,0.0,23.0,69,10.8,291,1006.8,100,0,77,100,0.0,0.0,43.6591,-70.2568,2021,6,6,0
2021-06-06 01:00:00,0.0,0.0,0.0,0.0,21.9,75,9.4,317,1007.2,99,0,97,91,0.0,0.0,43.6591,-70.2568,2021,6,6,1
2021-06-06 02:00:00,0.0,0.0,0.0,0.0,21.3,78,7.9,313,1007.6,97,0,94,87,0.0,0.0,43.6591,-70.2568,2021,6,6,2
2021-06-06 03:00:00,0.0,0.0,0.0,0.0,20.5,82,8.3,275,1007.8,54,0,43,34,0.0,0.0,43.6591,-70.2568,2021,6,6,3
2021-06-06 04:00:00,0.0,0.0,0.0,0.0,19.8,87,9.8,253,1008.1,33,0,33,1,0.1,0.0,43.6591,-70.2568,2021,6,6,4
2021-06-06 05:00:00,0.0,0.0,0.0,0.0,20.0,84,11.0,259,1008.4,13,0,11,3,0.0,0.0,43.6591,-70.2568,2021,6,6,5
2021-06-06 06:00:00,31.0,15.0,16.0,164.9,20.4,81,10.9,262,1008.9,4,0,4,0,0.0,3247.96,43.6591,-70.2568,2021,6,6,6
2021-06-06 07:00:00,158.0,103.0,55.0,433.9,21.6,78,10.6,260,1009.8,0,0,0,0,0.0,3600.0,43.6591,-70.2568,2021,6,6,7
2021-06-06 08:00:00,332.0,255.0,77.0,621.3,23.2,72,12.0,261,1010.3,0,0,10,0,0.0,3600.0,43.6591,-70.2568,2021,6,6,8
2021-06-06 09:00:00,490.0,390.0,100.0,679.9,26.0,62,9.7,272,1010.7,0,0,0,0,0.0,3600.0,43.6591,-70.2568,2021,6,6,9
2021-06-06 10:00:00,658.0,554.0,104.0,773.9,27.9,54,6.1,267,1010.6,2,0,2,0,0.0,3600.0,43.6591,-70.2568,2021,6,6,10
2021-06-06 11:00:00,772.0,657.0,115.0,793.9,28.9,51,5.2,236,1010.6,6,0,6,0,0.0,3600.0,43.6591,-70.2568,2021,6,6,11
2021-06-06 12:00:00,854.0,730.0,124.0,810.2,29.4,50,8.0,190,1010.4,6,0,5,1,0.0,3600.0,43.6591,-70.2568,2021,6,6,12
2021-06-06 13:00:00,893.0,766.0,127.0,822.6,29.3,54,13.3,177,1009.8,8,0,8,0,0.0,3600.0,43.6591,-70.2568,2021,6,6,13
2021-06-06 14:00:00,857.0,736.0,121.0,803.4,29.5,55,14.5,186,1009.4,28,0,28,0,0.0,3600.0,43.6591,-70.2568,2021,6,6,14
2021-06-06 15:00:00,670.0,517.0,153.0,603.4,28.6,54,15.5,184,1009.3,50,0,50,0,0.0,3600.0,43.6591,-70.2568,2021,6,6,15
2021-06-06 16:00:00,472.0,290.0,182.0,382.9,26.2,60,16.9,179,1009.3,46,0,45,0,0.0,3600.0,43.6591,-70.2568,2021,6,6,16
2021-06-06 17:00:00,421.0,283.0,138.0,453.2,25.8,62,15.4,191,1008.8,37,0,37,0,0.0,3600.0,43.6591,-70.2568,2021,6,6,17
2021-06-06 18:00:00,310.0,207.0,103.0,443.1,25.2,68,10.5,196,1008.6,30,0,28,4,0.0,3600.0,43.6591,-70.2568,2021,6,6,18
2021-06-06 19:00:00,185.0,121.0,64.0,408.3,25.1,75,8.7,218,1009.0,11,0,10,0,0.0,3600.0,43.6591,-70.2568,2021,6,6,19
2021-06-06 20:00:00,65.0,35.0,30.0,283.5,25.5,72,13.7,225,1009.4,9,0,13,1,0.0,3600.0,43.6591,-70.2568,2021,6,6,20
2021-06-06 21:00:00,2.0,0.0,2.0,0.0,25.1,73,11.8,243,1010.0,12,0,11,0,0.0,0.0,43.6591,-70.2568,2021,6,6,21
2021-06-06 22:00:00,0.0,0.0,0.0,0.0,25.2,65,13.7,256,1010.5,29,0,13,18,0.0,0.0,43.6591,-70.2568,2021,6,6,22
2021-06-06 23:00:00,0.0,0.0,0.0,0.0,25.5,59,13.8,263,1010.8,14,0,12,2,0.0,0.0,43.6591,-70.2568,2021,6,6,23
2021-06-07 00:00:00,0.0,0.0,0.0,0.0,24.7,61,12.2,268,1011.1,15,0,15,0,0.0,0.0,43.6591,-70.2568,2021,6,7,0
2021-06-07 01:00:00,0.0,0.0,0.0,0.0,23.8,64,12.2,256,1011.3,17,0,17,0,0.0,0.0,43.6591,-70.2568,2021,6,7,1
2021-06-07 02:00:00,0.0,0.0,0.0,0.0,23.4,65,12.1,258,1011.4,10,0,8,2,0.0,0.0,43.6591,-70.2568,2021,6,7,2
2021-06-07 03:00:00,0.0,0.0,0.0,0.0,22.8,68,11.3,261,1011.3,17,0,5,13,0.0,0.0,43.6591,-70.2568,2021,6,7,3
2021-06-07 04:00:00,0.0,0.0,0.0,0.0,21.9,71,11.1,245,1011.3,50,0,2,49,0.0,0.0,43.6591,-70.2568,2021,6,7,4
2021-06-07 05:00:00,0.0,0.0,0.0,0.0,21.5,72,11.5,256,1011.4,49,0,0,49,0.0,0.0,43.6591,-70.2568,2021,6,7,5
2021-06-07 06:00:00,34.0,17.0,17.0,186.3,21.8,73,12.0,254,1011.7,1,0,0,1,0.0,3265.0,43.6591,-70.2568,2021,6,7,6
2021-06-07 07:00:00,166.0,112.0,54.0,470.7,23.5,71,11.5,256,1012.2,0,0,0,0,0.0,3600.0,43.6591,-70.2568,2021,6,7,7
2021-06-07 08:00:00,336.0,261.0,75.0,635.3,25.5,68,8.0,265,1012.7,0,0,0,0,0.0,3600.0,43.6591,-70.2568,2021,6,7,8
2021-06-07 09:00:00,509.0,421.0,88.0,733.5,27.9,61,7.5,253,1012.9,0,0,0,0,0.0,3600.0,43.6591,-70.2568,2021,6,7,9
2021-06-07 10:00:00,666.0,567.0,99.0,791.7,29.8,53,8.9,249,1012.7,0,0,0,0,0.0,3600.0,43.6591,-70.2568,2021,6,7,10
2021-06-07 11:00:00,791.0,686.0,105.0,828.6,31.4,44,10.9,236,1012.2,0,0,0,0,0.0,3600.0,43.6591,-70.2568,2021,6,7,11
2021-06-07 12:00:00,875.0,767.0,108.0,850.9,32.2,39,14.2,234,1011.6,0,0,0,0,0.0,3600.0,43.6591,-70.2568,2021,6,7,12
2021-06-07 13:00:00,912.0,803.0,109.0,861.8,32.5,37,13.8,223,1011.0,5,0,5,0,0.0,3600.0,43.6591,-70.2568,2021,6,7,13
2021-06-07 14:00:00,882.0,764.0,118.0,833.3,31.4,49,13.5,189,1010.5,22,0,22,0,0.0,3600.0,43.6591,-70.2568,2021,6,7,14
2021-06-07 15:00:00,747.0,599.0,148.0,698.3,30.3,53,16.6,185,1009.9,2,0,2,0,0.0,3600.0,43.6591,-70.2568,2021,6,7,15
2021-06-07 16:00:00,709.0,607.0,102.0,800.3,29.1,54,19.5,183,1009.3,41,0,41,0,0.0,3600.0,43.6591,-70.2568,2021,6,7,16
2021-06-07 17:00:00,533.0,417.0,116.0,666.4,27.4,60,19.2,193,1008.7,1,0,1,0,0.0,3600.0,43.6591,-70.2568,2021,6,7,17
2021-06-07 18:00:00,396.0,317.0,79.0,676.4,25.8,65,18.7,199,1008.9,0,0,0,0,0.0,3600.0,43.6591,-70.2568,2021,6,7,18
2021-06-07 19:00:00,223.0,162.0,61.0,543.7,24.6,71,15.9,198,1008.9,0,0,0,0,0.0,3600.0,43.6591,-70.2568,2021,6,7,19
2021-06-07 20:00:00,72.0,41.0,31.0,327.6,26.8,62,13.6,230,1009.4,0,0,0,0,0.0,3600.0,43.6591,-70.2568,2021,6,7,20
2021-06-07 21:00:00,2.0,0.0,2.0,0.0,26.0,56,12.1,247,1009.8,29,0,1,28,0.0,0.0,43.6591,-70.2568,2021,6,7,21
2021-06-07 22:00:00,0.0,0.0,0.0,0.0,24.9,60,11.7,252,1010.0,28,0,2,27,0.0,0.0,43.6591,-70.2568,2021,6,7,22
2021-06-07 23:00:00,0.0,0.0,0.0,0.0,24.9,60,12.8,248,1009.9,90,0,4,90,0.0,0.0,43.6591,-70.2568,2021,6,7,23
2021-06-08 00:00:00,0.0,0.0,0.0,0.0,25.4,59,13.2,244,1010.1,52,0,3,51,0.0,0.0,43.6591,-70.2568,2021,6,8,0
2021-06-08 01:00:00,0.0,0.0,0.0,0.0,24.6,64,12.9,234,1010.1,11,0,0,11,0.0,0.0,43.6591,-70.2568,2021,6,8,1
2021-06-08 02:00:00,0.0,0.0,0.0,0.0,24.2,66,13.5,241,1010.2,0,0,0,0,0.0,0.0,43.6591,-70.2568,2021,6,8,2
2021-06-08 03:00:00,0.0,0.0,0.0,0.0,24.0,69,13.7,247,1010.1,27,0,0,27,0.0,0.0,43.6591,-70.2568,2021,6,8,3
2021-06-08 04:00:00,0.0,0.0,0.0,0.0,23.7,71,14.0,252,1010.3,6,0,5,1,0.0,0.0,43.6591,-70.2568,2021,6,8,4
2021-06-08 05:00:00,0.0,0.0,0.0,0.0,23.5,72,13.5,261,1010.3,10,0,10,0,0.0,0.0,43.6591,-70.2568,2021,6,8,5
2021-06-08 06:00:00,33.0,15.0,18.0,164.0,23.7,74,13.8,264,1010.7,11,0,11,0,0.0,3279.97,43.6591,-70.2568,2021,6,8,6
2021-06-08 07:00:00,151.0,93.0,58.0,390.1,25.1,72,13.2,259,1010.9,35,0,26,22,0.0,3600.0,43.6591,-70.2568,2021,6,8,7
2021-06-08 08:00:00,294.0,196.0,98.0,476.7,27.1,66,13.0,276,1010.9,98,0,81,68,0.0,3600.0,43.6591,-70.2568,2021,6,8,8
2021-06-08 09:00:00,447.0,310.0,137.0,539.8,28.6,60,12.9,288,1011.0,80,0,36,70,0.0,3600.0,43.6591,-70.2568,2021,6,8,9
2021-06-08 10:00:00,632.0,486.0,146.0,678.3,30.0,55,11.1,283,1010.7,95,0,11,95,0.0,3600.0,43.6591,-70.2568,2021,6,8,10
2021-06-08 11:00:00,736.0,557.0,179.0,672.5,31.2,51,12.2,272,1010.8,95,0,11,94,0.0,3600.0,43.6591,-70.2568,2021,6,8,11
2021-06-08 12:00:00,727.0,454.0,273.0,503.4,32.1,46,13.0,275,1010.6,88,2,5,87,0.0,3600.0,43.6591,-70.2568,2021,6,8,12
2021-06-08 13:00:00,713.0,384.0,329.0,411.9,32.3,45,12.9,283,1010.2,97,11,16,97,0.0,3600.0,43.6591,-70.2568,2021,6,8,13
2021-06-08 14:00:00,576.0,253.0,323.0,275.7,31.8,45,15.1,270,1009.9,99,1,63,98,0.0,3600.0,43.6591,-70.2568,2021,6,8,14
2021-06-08 15:00:00,345.0,117.0,228.0,136.3,30.9,50,14.8,266,1009.7,99,0,67,97,0.0,2287.95,43.6591,-70.2568,2021,6,8,15
2021-06-08 16:00:00,416.0,131.0,285.0,172.5,30.7,51,14.9,278,1009.6,99,0,83,99,0.0,3374.35,43.6591,-70.2568,2021,6,8,16
2021-06-08 17:00:00,353.0,110.0,243.0,175.4,30.2,55,13.7,284,1009.6,100,0,87,99,0.0,3463.24,43.6591,-70.2568,2021,6,8,17
2021-06-08 18:00:00,158.0,24.0,134.0,51.1,28.2,64,10.2,260,1009.6,100,0,78,100,0.0,0.0,43.6591,-70.2568,2021,6,8,18
2021-06-08 19:00:00,71.0,5.0,66.0,16.7,26.9,71,9.2,259,1009.9,100,0,85,100,0.0,0.0,43.6591,-70.2568,2021,6,8,19
2021-06-08 20:00:00,29.0,0.0,29.0,0.0,28.1,61,13.0,273,1009.3,100,0,76,100,0.0,0.0,43.6591,-70.2568,2021,6,8,20
2021-06-08 21:00:00,1.0,0.0,1.0,0.0,26.5,65,12.0,249,1009.8,100,0,100,100,0.0,0.0,43.6591,-70.2568,2021,6,8,21
2021-06-08 22:00:00,0.0,0.0,0.0,0.0,26.0,65,14.3,258,1010.4,100,0,100,100,0.2,0.0,43.6591,-70.2568,2021,6,8,22
2021-06-08 23:00:00,0.0,0.0,0.0,0.0,24.3,73,14.3,258,1010.4,100,0,100,100,0.6,0.0,43.6591,-70.2568,2021,6,8,23
2021-06-09 00:00:00,0.0,0.0,0.0,0.0,22.6,85,14.3,258,1010.4,100,0,82,100,0.7,0.0,43.6591,-70.2568,2021,6,9,0
2021-06-09 01:00:00,0.0,0.0,0.0,0.0,22.0,90,11.5,274,1009.9,100,0,100,100,0.4,0.0,43.6591,-70.2568,2021,6,9,1
2021-06-09 02:00:00,0.0,0.0,0.0,0.0,21.1,100,8.3,252,1009.5,100,0,100,100,0.7,0.0,43.6591,-70.2568,2021,6,9,2
2021-06-09 03:00:00,0.0,0.0,0.0,0.0,21.3,97,8.8,251,1009.1,100,0,91,100,0.2,0.0,43.6591,-70.2568,2021,6,9,3
2021-06-09 04:00:00,0.0,0.0,0.0,0.0,21.1,98,9.3,242,1008.7,100,0,95,100,0.0,0.0,43.6591,-70.2568,2021,6,9,4
2021-06-09 05:00:00,0.0,0.0,0.0,0.0,21.0,98,8.1,257,1008.7,99,2,4,99,0.0,0.0,43.6591,-70.2568,2021,6,9,5
2021-06-09 06:00:00,22.0,1.0,21.0,10.9,20.9,99,5.1,309,1009.1,96,1,12,96,0.0,0.0,43.6591,-70.2568,2021,6,9,6
2021-06-09 07:00:00,127.0,50.0,77.0,209.4,21.7,99,5.0,21,1009.4,99,96,19,96,0.0,3600.0,43.6591,-70.2568,2021,6,9,7
2021-06-09 08:00:00,259.0,136.0,123.0,330.5,23.3,92,5.2,304,1009.1,96,1,1,98,0.0,3600.0,43.6591,-70.2568,2021,6,9,8
2021-06-09 09:00:00,429.0,232.0,197.0,403.9,25.6,80,11.0,341,1009.6,99,7,28,98,0.1,3600.0,43.6591,-70.2568,2021,6,9,9
2021-06-09 10:00:00,430.0,157.0,273.0,219.1,26.3,73,14.2,351,1009.4,96,24,1,96,0.1,3600.0,43.6591,-70.2568,2021,6,9,10
2021-06-09 11:00:00,649.0,429.0,220.0,517.8,27.8,69,9.8,8,1009.6,95,17,11,94,0.0,3600.0,43.6591,-70.2568,2021,6,9,11
2021-06-09 12:00:00,681.0,442.0,239.0,489.9,27.8,69,6.3,31,1009.6,94,27,17,91,0.2,3600.0,43.6591,-70.2568,2021,6,9,12
2021-06-09 13:00:00,706.0,396.0,310.0,424.5,27.7,67,3.6,84,1009.5,100,11,15,99,0.1,3600.0,43.6591,-70.2568,2021,6,9,13
2021-06-09 14:00:00,723.0,472.0,251.0,514.0,28.4,59,1.4,180,1009.0,92,1,11,91,0.1,3600.0,43.6591,-70.2568,2021,6,9,14
2021-06-09 15:00:00,740.0,501.0,239.0,582.9,29.7,41,6.0,287,1008.5,96,0,17,96,0.0,3600.0,43.6591,-70.2568,2021,6,9,15
2021-06-09 16:00:00,671.0,507.0,164.0,666.6,29.6,36,5.5,349,1008.3,92,0,3,92,0.0,3600.0,43.6591,-70.2568,2021,6,9,16
2021-06-09 17:00:00,538.0,374.0,164.0,595.4,27.9,48,4.0,333,1008.4,97,0,0,97,0.0,3600.0,43.6591,-70.2568,2021,6,9,17
2021-06-09 18:00:00,381.0,251.0,130.0,532.4,27.8,38,12.4,324,1008.5,61,0,0,61,0.0,3600.0,43.6591,-70.2568,2021,6,9,18
2021-06-09 19:00:00,228.0,153.0,75.0,508.4,27.0,34,16.1,340,1009.1,45,0,0,45,0.0,3600.0,43.6591,-70.2568,2021,6,9,19
2021-06-09 20:00:00,78.0,44.0,34.0,342.8,23.8,41,15.1,335,1009.9,0,0,0,2,0.0,3600.0,43.6591,-70.2568,2021,6,9,20
2021-06-09 21:00:00,2.0,1.0,1.0,19.1,22.0,43,14.2,330,1010.9,0,0,0,0,0.0,0.0,43.6591,-70.2568,2021,6,9,21
2021-06-09 22:00:00,0.0,0.0,0.0,0.0,21.4,43,15.1,327,1011.6,0,0,0,0,0.0,0.0,43.6591,-70.2568,2021,6,9,22
2021-06-09 23:00:00,0.0,0.0,0.0,0.0,20.8,45,15.3,333,1011.5,81,0,0,81,0.0,0.0,43.6591,-70.2568,2021,6,9,23
2021-06-10 00:00:00,0.0,0.0,0.0,0.0,19.9,48,13.7,337,1011.4,92,0,0,92,0.0,0.0,43.6591,-70.2568,2021,6,10,0
2021-06-10 01:00:00,0.0,0.0,0.0,0.0,18.7,54,13.4,333,1011.4,90,0,0,90,0.0,0.0,43.6591,-70.2568,2021,6,10,1
2021-06-10 02:00:00,0.0,0.0,0.0,0.0,18.3,55,13.0,332,1011.5,86,0,0,86,0.0,0.0,43.6591,-70.2568,2021,6,10,2
2021-06-10 03:00:00,0.0,0.0,0.0,0.0,17.9,54,13.0,332,1011.8,95,0,0,95,0.0,0.0,43.6591,-70.2568,2021,6,10,3
2021-06-10 04:00:00,0.0,0.0,0.0,0.0,17.2,53,11.8,337,1012.1,24,0,0,24,0.0,0.0,43.6591,-70.2568,2021,6,10,4
2021-06-10 05:00:00,0.0,0.0,0.0,0.0,15.9,57,10.3,335,1012.6,87,0,0,87,0.0,0.0,43.6591,-70.2568,2021,6,10,5
2021-06-10 06:00:00,37.0,17.0,20.0,185.2,15.6,61,10.5,338,1013.5,91,0,0,91,0.0,3303.74,43.6591,-70.2568,2021,6,10,6
2021-06-10 07:00:00,165.0,96.0,69.0,401.6,17.0,59,9.1,353,1014.0,93,0,0,93,0.0,3600.0,43.6591,-70.2568,2021,6,10,7
2021-06-10 08:00:00,317.0,185.0,132.0,449.4,17.9,42,13.1,16,1014.6,92,0,0,93,0.0,3600.0,43.6591,-70.2568,2021,6,10,8
2021-06-10 09:00:00,475.0,290.0,185.0,504.7,18.6,38,12.6,24,1015.1,93,0,0,93,0.0,3600.0,43.6591,-70.2568,2021,6,10,9
2021-06-10 10:00:00,632.0,424.0,208.0,591.5,19.3,37,9.5,29,1015.5,92,0,0,92,0.0,3600.0,43.6591,-70.2568,2021,6,10,10
2021-06-10 11:00:00,795.0,612.0,183.0,738.5,20.2,36,5.5,58,1015.5,70,0,0,70,0.0,3600.0,43.6591,-70.2568,2021,6,10,11
2021-06-10 12:00:00,892.0,742.0,150.0,822.2,20.9,36,4.3,114,1015.5,31,0,0,31,0.0,3600.0,43.6591,-70.2568,2021,6,10,12
2021-06-10 13:00:00,936.0,811.0,125.0,869.0,20.9,38,9.4,137,1015.2,2,0,0,2,0.0,3600.0,43.6591,-70.2568,2021,6,10,13
2021-06-10 14:00:00,923.0,811.0,112.0,882.7,20.7,39,11.5,134,1014.8,0,0,0,0,0.0,3600.0,43.6591,-70.2568,2021,6,10,14
2021-06-10 15:00:00,851.0,742.0,109.0,862.6,20.3,38,14.3,139,1014.2,0,0,0,0,0.0,3600.0,43.6591,-70.2568,2021,6,10,15
2021-06-10 16:00:00,738.0,636.0,102.0,835.2,19.2,43,15.5,149,1014.1,25,0,0,25,0.0,3600.0,43.6591,-70.2568,2021,6,10,16
2021-06-10 17:00:00,585.0,488.0,97.0,775.4,18.8,48,13.6,158,1013.9,0,0,0,0,0.0,3600.0,43.6591,-70.2568,2021,6,10,17
2021-06-10 18:00:00,413.0,332.0,81.0,702.3,17.2,56,12.4,172,1013.9,0,0,0,0,0.0,3600.0,43.6591,-70.2568,2021,6,10,18
2021-06-10 19:00:00,234.0,169.0,65.0,558.9,16.8,60,10.5,164,1014.3,8,0,0,8,0.0,3600.0,43.6591,-70.2568,2021,6,10,19
2021-06-10 20:00:00,77.0,43.0,34.0,331.1,15.1,75,10.0,159,1015.7,6,0,15,57,0.0,3600.0,43.6591,-70.2568,2021,6,10,20
2021-06-10 21:00:00,2.0,0.0,2.0,0.0,14.5,81,8.2,157,1016.2,80,0,3,80,0.0,0.0,43.6591,-70.2568,2021,6,10,21
2021-06-10 22:00:00,0.0,0.0,0.0,0.0,14.3,82,8.6,178,1016.5,79,0,70,63,0.0,0.0,43.6591,-70.2568,2021,6,10,22
2021-06-10 23:00:00,0.0,0.0,0.0,0.0,14.7,77,7.7,191,1016.7,90,0,83,81,0.0,0.0,43.6591,-70.2568,2021,6,10,23
2021-06-11 00:00:00,0.0,0.0,0.0,0.0,14.6,77,7.4,203,1016.7,93,0,84,80,0.0,0.0,43.6591,-70.2568,2021,6,11,0
2021-06-11 01:00:00,0.0,0.0,0.0,0.0,14.3,80,7.4,231,1016.7,100,0,71,100,0.0,0.0,43.6591,-70.2568,2021,6,11,1
2021-06-11 02:00:00,0.0,0.0,0.0,0.0,14.1,81,6.1,242,1016.3,88,2,74,74,0.0,0.0,43.6591,-70.2568,2021,6,11,2
2021-06-11 03:00:00,0.0,0.0,0.0,0.0,13.7,82,5.5,247,1015.9,99,2,95,93,0.0,0.0,43.6591,-70.2568,2021,6,11,3
2021-06-11 04:00:00,0.0,0.0,0.0,0.0,13.8,79,5.5,247,1015.9,99,0,97,82,0.0,0.0,43.6591,-70.2568,2021,6,11,4
2021-06-11 05:00:00,0.0,0.0,0.0,0.0,13.6,79,5.5,238,1016.0,100,0,100,97,0.0,0.0,43.6591,-70.2568,2021,6,11,5
2021-06-11 06:00:00,8.0,0.0,8.0,0.0,13.6,78,5.9,218,1016.0,100,0,100,100,0.1,0.0,43.6591,-70.2568,2021,6,11,6
2021-06-11 07:00:00,25.0,0.0,25.0,0.0,13.3,82,5.8,202,1015.8,100,0,100,95,0.3,0.0,43.6591,-70.2568,2021,6,11,7
2021-06-11 08:00:00,55.0,0.0,55.0,0.0,14.9,66,6.8,180,1015.7,98,0,100,8,0.1,0.0,43.6591,-70.2568,2021,6,11,8
2021-06-11 09:00:00,120.0,5.0,115.0,8.7,15.2,56,10.4,178,1015.6,97,0,97,0,0.0,0.0,43.6591,-70.2568,2021,6,11,9
2021-06-11 10:00:00,294.0,53.0,241.0,73.9,16.1,46,11.2,174,1015.3,95,0,95,0,0.0,417.66,43.6591,-70.2568,2021,6,11,10
2021-06-11 11:00:00,185.0,34.0,151.0,41.0,15.5,51,11.8,168,1014.8,97,0,97,0,0.0,0.0,43.6591,-70.2568,2021,6,11,11
2021-06-11 12:00:00,254.0,27.0,227.0,29.9,15.6,54,11.1,167,1014.3,99,1,99,0,0.0,0.0,43.6591,-70.2568,2021,6,11,12
2021-06-11 13:00:00,277.0,36.0,241.0,38.6,15.7,55,11.6,173,1013.6,100,10,100,4,0.0,0.0,43.6591,-70.2568,2021,6,11,13
2021-06-11 14:00:00,329.0,57.0,272.0,62.0,15.9,57,12.2,178,1012.9,100,0,100,63,0.0,59.98,43.6591,-70.2568,2021,6,11,14
2021-06-11 15:00:00,183.0,6.0,177.0,7.0,15.3,61,11.5,182,1012.6,100,0,100,74,0.0,0.0,43.6591,-70.2568,2021,6,11,15
2021-06-11 16:00:00,113.0,0.0,113.0,0.0,15.0,63,12.0,189,1011.9,100,0,99,78,0.0,0.0,43.6591,-70.2568,2021,6,11,16
2021-06-11 17:00:00,65.0,2.0,63.0,3.2,14.7,66,9.5,191,1011.2,100,0,99,90,0.0,0.0,43.6591,-70.2568,2021,6,11,17
2021-06-11 18:00:00,80.0,7.0,73.0,14.8,14.9,67,8.0,188,1011.1,100,11,99,90,0.0,0.0,43.6591,-70.2568,2021,6,11,18
2021-06-11 19:00:00,45.0,0.0,45.0,0.0,14.7,73,7.3,171,1011.0,100,81,100,100,0.0,0.0,43.6591,-70.2568,2021,6,11,19
2021-06-11 20:00:00,10.0,0.0,10.0,0.0,13.8,87,2.2,270,1011.3,100,9,100,100,0.0,0.0,43.6591,-70.2568,2021,6,11,20
2021-06-11 21:00:00,1.0,0.0,1.0,0.0,13.6,95,1.8,90,1011.2,100,6,100,99,0.0,0.0,43.6591,-70.2568,2021,6,11,21
2021-06-11 22:00:00,0.0,0.0,0.0,0.0,13.8,91,4.8,167,1011.1,100,3,100,96,0.0,0.0,43.6591,-70.2568,2021,6,11,22
2021-06-11 23:00:00,0.0,0.0,0.0,0.0,14.0,91,4.8,167,1010.5,54,0,53,5,0.0,0.0,43.6591,-70.2568,2021,6,11,23
2021-06-12 00:00:00,0.0,0.0,0.0,0.0,13.3,96,3.7,169,1010.4,18,4,13,5,0.0,0.0,43.6591,-70.2568,2021,6,12,0
2021-06-12 01:00:00,0.0,0.0,0.0,0.0,12.9,97,5.4,172,1009.8,13,9,5,0,0.0,0.0,43.6591,-70.2568,2021,6,12,1
2021-06-12 02:00:00,0.0,0.0,0.0,0.0,13.2,99,2.8,130,1009.6,18,17,2,0,0.0,0.0,43.6591,-70.2568,2021,6,12,2
2021-06-12 03:00:00,0.0,0.0,0.0,0.0,13.0,100,2.9,83,1009.3,100,100,4,0,0.0,0.0,43.6591,-70.2568,2021,6,12,3
2021-06-12 04:00:00,0.0,0.0,0.0,0.0,11.6,100,4.7,113,1008.5,100,100,0,0,0.0,0.0,43.6591,-70.2568,2021,6,12,4
2021-06-12 05:00:00,0.0,0.0,0.0,0.0,11.6,100,4.3,185,1007.9,100,100,0,8,0.0,0.0,43.6591,-70.2568,2021,6,12,5
2021-06-12 06:00:00,30.0,13.0,17.0,141.3,12.6,99,5.5,238,1008.2,100,100,0,0,0.0,3103.55,43.6591,-70.2568,2021,6,12,6
2021-06-12 07:00:00,139.0,58.0,81.0,242.3,14.2,93,3.9,292,1008.6,35,35,1,0,0.0,3600.0,43.6591,-70.2568,2021,6,12,7
2021-06-12 08:00:00,318.0,212.0,106.0,514.8,15.5,76,4.8,333,1008.8,40,0,3,0,0.0,3600.0,43.6591,-70.2568,2021,6,12,8
2021-06-12 09:00:00,516.0,417.0,99.0,725.5,17.6,64,2.0,45,1008.7,0,0,0,0,0.0,3600.0,43.6591,-70.2568,2021,6,12,9
2021-06-12 10:00:00,692.0,590.0,102.0,822.8,19.1,59,4.0,117,1008.4,0,0,0,0,0.0,3600.0,43.6591,-70.2568,2021,6,12,10
2021-06-12 11:00:00,822.0,714.0,108.0,861.3,20.0,60,6.7,126,1008.0,20,0,20,0,0.0,3600.0,43.6591,-70.2568,2021,6,12,11
2021-06-12 12:00:00,868.0,724.0,144.0,801.8,20.3,62,8.4,137,1007.6,43,3,42,0,0.0,3600.0,43.6591,-70.2568,2021,6,12,12
2021-06-12 13:00:00,729.0,497.0,232.0,532.1,20.4,64,8.9,153,1007.4,39,0,39,0,0.0,3600.0,43.6591,-70.2568,2021,6,12,13
2021-06-12 14:00:00,768.0,589.0,179.0,640.3,21.1,61,11.6,154,1006.6,26,0,26,0,0.0,3600.0,43.6591,-70.2568,2021,6,12,14
2021-06-12 15:00:00,737.0,559.0,178.0,648.8,20.7,60,13.0,156,1006.0,69,0,26,58,0.0,3600.0,43.6591,-70.2568,2021,6,12,15
2021-06-12 16:00:00,692.0,541.0,151.0,708.8,20.5,56,13.9,170,1005.7,51,0,3,49,0.0,3600.0,43.6591,-70.2568,2021,6,12,16
2021-06-12 17:00:00,577.0,469.0,108.0,742.8,20.5,54,13.8,186,1005.0,92,0,0,92,0.0,3600.0,43.6591,-70.2568,2021,6,12,17
2021-06-12 18:00:00,399.0,286.0,113.0,602.0,20.0,59,12.6,193,1004.8,93,0,5,92,0.0,3600.0,43.6591,-70.2568,2021,6,12,18
2021-06-12 19:00:00,215.0,119.0,96.0,390.2,18.6,67,13.9,201,1005.0,81,0,11,79,0.0,3600.0,43.6591,-70.2568,2021,6,12,19
2021-06-12 20:00:00,73.0,31.0,42.0,233.8,18.3,65,14.9,217,1005.0,69,0,36,77,0.0,3600.0,43.6591,-70.2568,2021,6,12,20
2021-06-12 21:00:00,2.0,0.0,2.0,0.0,17.8,67,12.5,231,1005.4,81,0,26,74,0.0,0.0,43.6591,-70.2568,2021,6,12,21
2021-06-12 22:00:00,0.0,0.0,0.0,0.0,17.4,69,12.6,239,1006.1,67,0,2,66,0.0,0.0,43.6591,-70.2568,2021,6,12,22
2021-06-12 23:00:00,0.0,0.0,0.0,0.0,16.5,73,12.9,247,1006.4,82,0,4,81,0.0,0.0,43.6591,-70.2568,2021,6,12,23
2021-06-13 00:00:00,0.0,0.0,0.0,0.0,15.9,76,11.2,266,1006.7,95,0,4,95,0.0,0.0,43.6591,-70.2568,2021,6,13,0
2021-06-13 01:00:00,0.0,0.0,0.0,0.0,15.1,80,10.1,276,1006.8,95,0,0,95,0.0,0.0,43.6591,-70.2568,2021,6,13,1
2021-06-13 02:00:00,0.0,0.0,0.0,0.0,14.5,82,9.5,279,1006.5,90,0,0,90,0.0,0.0,43.6591,-70.2568,2021,6,13,2
2021-06-13 03:00:00,0.0,0.0,0.0,0.0,13.8,83,9.2,291,1006.4,24,0,0,24,0.0,0.0,43.6591,-70.2568,2021,6,13,3
2021-06-13 04:00:00,0.0,0.0,0.0,0.0,13.3,85,8.9,291,1006.2,0,0,0,0,0.0,0.0,43.6591,-70.2568,2021,6,13,4
2021-06-13 05:00:00,0.0,0.0,0.0,0.0,12.8,86,9.0,286,1006.2,17,0,0,17,0.0,0.0,43.6591,-70.2568,2021,6,13,5
2021-06-13 06:00:00,38.0,18.0,20.0,195.6,13.5,83,9.9,289,1006.5,75,0,0,75,0.0,3324.25,43.6591,-70.2568,2021,6,13,6
2021-06-13 07:00:00,155.0,79.0,76.0,329.9,16.5,73,9.0,275,1007.0,69,0,0,69,0.0,3600.0,43.6591,-70.2568,2021,6,13,7
2021-06-13 08:00:00,294.0,152.0,142.0,369.1,19.6,60,8.3,275,1007.6,67,0,0,56,0.0,3600.0,43.6591,-70.2568,2021,6,13,8
2021-06-13 09:00:00,505.0,379.0,126.0,659.4,22.6,48,8.3,275,1007.6,43,0,0,43,0.0,3600.0,43.6591,-70.2568,2021,6,13,9
2021-06-13 10:00:00,665.0,526.0,139.0,733.6,24.8,35,8.0,278,1007.2,48,0,0,48,0.0,3600.0,43.6591,-70.2568,2021,6,13,10
2021-06-13 11:00:00,808.0,665.0,143.0,802.1,26.2,27,6.5,270,1007.3,70,0,0,70,0.0,3600.0,43.6591,-70.2568,2021,6,13,11
2021-06-13 12:00:00,825.0,563.0,262.0,623.4,26.2,27,4.8,222,1007.2,86,0,0,86,0.0,3600.0,43.6591,-70.2568,2021,6,13,12
2021-06-13 13:00:00,909.0,711.0,198.0,761.0,26.7,26,5.5,191,1006.7,84,0,38,75,0.0,3600.0,43.6591,-70.2568,2021,6,13,13
2021-06-13 14:00:00,814.0,542.0,272.0,588.9,25.7,39,15.5,175,1006.6,83,0,54,68,0.0,3600.0,43.6591,-70.2568,2021,6,13,14
2021-06-13 15:00:00,776.0,538.0,238.0,623.9,24.8,39,19.5,175,1006.5,56,0,0,56,0.0,3600.0,43.6591,-70.2568,2021,6,13,15
2021-06-13 16:00:00,685.0,482.0,203.0,630.8,23.9,47,17.3,180,1006.2,73,0,12,70,0.0,3600.0,43.6591,-70.2568,2021,6,13,16
2021-06-13 17:00:00,514.0,325.0,189.0,513.9,23.3,52,16.2,177,1005.8,76,0,0,76,0.0,3600.0,43.6591,-70.2568,2021,6,13,17
2021-06-13 18:00:00,386.0,258.0,128.0,541.8,22.0,58,16.2,179,1005.7,19,0,0,19,0.0,3600.0,43.6591,-70.2568,2021,6,13,18
2021-06-13 19:00:00,237.0,175.0,62.0,571.7,20.3,65,15.9,184,1005.8,1,0,1,0,0.0,3600.0,43.6591,-70.2568,2021,6,13,19
2021-06-13 20:00:00,79.0,45.0,34.0,336.3,18.1,73,11.8,157,1006.8,4,0,32,0,0.0,3600.0,43.6591,-70.2568,2021,6,13,20
2021-06-13 21:00:00,3.0,1.0,2.0,19.1,17.4,76,9.9,170,1006.8,3,0,3,0,0.0,0.0,43.6591,-70.2568,2021,6,13,21
2021-06-13 22:00:00,0.0,0.0,0.0,0.0,17.0,78,8.9,194,1007.1,6,0,2,4,0.0,0.0,43.6591,-70.2568,2021,6,13,22
2021-06-13 23:00:00,0.0,0.0,0.0,0.0,17.2,80,11.8,203,1007.1,30,0,8,24,0.0,0.0,43.6591,-70.2568,2021,6,13,23
2021-06-14 00:00:00,0.0,0.0,0.0,0.0,18.0,76,14.0,209,1007.4,43,0,6,40,0.0,0.0,43.6591,-70.2568,2021,6,14,0
2021-06-14 01:00:00,0.0,0.0,0.0,0.0,18.1,71,14.5,215,1007.4,34,0,4,33,0.0,0.0,43.6591,-70.2568,2021,6,14,1
2021-06-14 02:00:00,0.0,0.0,0.0,0.0,17.4,73,14.2,207,1007.3,16,0,1,15,0.0,0.0,43.6591,-70.2568,2021,6,14,2
2021-06-14 03:00:00,0.0,0.0,0.0,0.0,17.1,74,14.1,212,1007.8,67,0,11,63,0.0,0.0,43.6591,-70.2568,2021,6,14,3
2021-06-14 04:00:00,0.0,0.0,0.0,0.0,16.6,76,12.0,213,1007.9,95,0,20,94,0.0,0.0,43.6591,-70.2568,2021,6,14,4
2021-06-14 05:00:00,0.0,0.0,0.0,0.0,16.2,79,10.9,214,1008.2,97,0,7,97,0.0,0.0,43.6591,-70.2568,2021,6,14,5
2021-06-14 06:00:00,32.0,7.0,25.0,76.1,15.9,82,11.2,201,1008.4,100,0,2,100,0.0,905.34,43.6591,-70.2568,2021,6,14,6
2021-06-14 07:00:00,138.0,49.0,89.0,204.7,16.8,79,13.1,188,1008.6,100,0,2,100,0.0,3600.0,43.6591,-70.2568,2021,6,14,7
2021-06-14 08:00:00,270.0,119.0,151.0,289.0,18.4,72,11.9,178,1009.3,99,1,24,100,0.0,3600.0,43.6591,-70.2568,2021,6,14,8
2021-06-14 09:00:00,399.0,218.0,181.0,379.4,18.6,72,16.7,174,1009.8,100,0,46,100,0.0,3600.0,43.6591,-70.2568,2021,6,14,9
2021-06-14 10:00:00,437.0,134.0,303.0,186.9,18.5,73,18.0,181,1009.9,100,0,55,100,0.0,3600.0,43.6591,-70.2568,2021,6,14,10
2021-06-14 11:00:00,372.0,72.0,300.0,86.8,18.3,77,19.7,172,1009.6,100,0,98,100,0.0,805.36,43.6591,-70.2568,2021,6,14,11
2021-06-14 12:00:00,192.0,0.0,192.0,0.0,17.0,87,20.3,174,1009.3,98,1,78,97,0.1,0.0,43.6591,-70.2568,2021,6,14,12
2021-06-14 13:00:00,581.0,190.0,391.0,203.3,19.1,69,25.2,182,1009.3,77,67,41,5,0.0,3600.0,43.6591,-70.2568,2021,6,14,13
2021-06-14 14:00:00,639.0,284.0,355.0,308.4,19.6,67,22.8,175,1008.8,63,60,10,2,0.0,3600.0,43.6591,-70.2568,2021,6,14,14
2021-06-14 15:00:00,686.0,417.0,269.0,483.3,19.5,71,20.5,169,1008.6,77,26,16,70,0.0,3600.0,43.6591,-70.2568,2021,6,14,15
2021-06-14 16:00:00,562.0,306.0,256.0,400.1,18.9,72,18.9,162,1008.3,100,100,76,32,0.1,3600.0,43.6591,-70.2568,2021,6,14,16
2021-06-14 17:00:00,185.0,14.0,171.0,22.1,16.9,86,14.0,157,1007.8,100,100,100,19,1.1,0.0,43.6591,-70.2568,2021,6,14,17
2021-06-14 18:00:00,61.0,5.0,56.0,10.5,15.9,93,15.0,150,1007.3,100,100,100,66,0.7,0.0,43.6591,-70.2568,2021,6,14,18
2021-06-14 19:00:00,41.0,1.0,40.0,3.3,15.3,100,13.0,141,1007.1,100,100,100,51,1.3,0.0,43.6591,-70.2568,2021,6,14,19
2021-06-14 20:00:00,16.0,1.0,15.0,7.4,15.2,98,10.2,135,1008.3,100,100,96,72,0.8,0.0,43.6591,-70.2568,2021,6,14,20
2021-06-14 21:00:00,1.0,0.0,1.0,0.0,14.8,100,11.7,135,1008.1,100,100,97,25,1.4,0.0,43.6591,-70.2568,2021,6,14,21
2021-06-14 22:00:00,0.0,0.0,0.0,0.0,14.7,100,9.5,127,1007.8,100,100,91,44,0.7,0.0,43.6591,-70.2568,2021,6,14,22
2021-06-14 23:00:00,0.0,0.0,0.0,0.0,14.6,100,8.8,109,1007.3,100,100,78,44,1.2,0.0,43.6591,-70.2568,2021,6,14,23
2021-06-15 00:00:00,0.0,0.0,0.0,0.0,14.6,100,8.9,117,1006.7,100,100,69,43,0.8,0.0,43.6591,-70.2568,2021,6,15,0
2021-06-15 01:00:00,0.0,0.0,0.0,0.0,14.8,99,8.6,112,1006.2,100,100,4,16,0.3,0.0,43.6591,-70.2568,2021,6,15,1
2021-06-15 02:00:00,0.0,0.0,0.0,0.0,15.0,99,5.6,117,1005.8,100,100,5,5,0.0,0.0,43.6591,-70.2568,2021,6,15,2
2021-06-15 03:00:00,0.0,0.0,0.0,0.0,15.2,99,4.8,153,1005.1,90,90,3,1,0.0,0.0,43.6591,-70.2568,2021,6,15,3
2021-06-15 04:00:00,0.0,0.0,0.0,0.0,15.3,99,3.0,166,1004.7,40,36,6,4,0.0,0.0,43.6591,-70.2568,2021,6,15,4
2021-06-15 05:00:00,0.0,0.0,0.0,0.0,14.7,100,2.3,342,1004.5,100,100,6,89,0.0,0.0,43.6591,-70.2568,2021,6,15,5
2021-06-15 06:00:00,22.0,3.0,19.0,32.6,15.4,99,1.3,326,1004.7,100,100,7,95,0.0,0.0,43.6591,-70.2568,2021,6,15,6
2021-06-15 07:00:00,57.0,0.0,57.0,0.0,15.9,98,1.1,72,1004.6,100,100,13,100,0.0,0.0,43.6591,-70.2568,2021,6,15,7
2021-06-15 08:00:00,92.0,1.0,91.0,2.4,16.6,95,4.0,90,1004.6,100,100,65,89,0.0,0.0,43.6591,-70.2568,2021,6,15,8
2021-06-15 09:00:00,187.0,23.0,164.0,40.0,16.6,96,9.3,118,1004.7,100,100,32,95,0.1,0.0,43.6591,-70.2568,2021,6,15,9
2021-06-15 10:00:00,170.0,5.0,165.0,7.0,16.6,97,8.2,105,1004.5,99,98,44,97,0.3,0.0,43.6591,-70.2568,2021,6,15,10
2021-06-15 11:00:00,291.0,52.0,239.0,62.7,17.0,92,7.6,95,1004.0,100,100,18,9,0.1,81.71,43.6591,-70.2568,2021,6,15,11
2021-06-15 12:00:00,609.0,264.0,345.0,292.2,19.4,81,7.7,127,1003.7,100,100,5,0,0.0,3600.0,43.6591,-70.2568,2021,6,15,12
2021-06-15 13:00:00,523.0,172.0,351.0,184.0,19.2,84,9.7,138,1003.3,100,100,28,1,0.1,3600.0,43.6591,-70.2568,2021,6,15,13
2021-06-15 14:00:00,379.0,96.0,283.0,104.2,18.4,89,11.1,126,1002.6,48,26,38,15,0.0,1326.55,43.6591,-70.2568,2021,6,15,14
2021-06-15 15:00:00,587.0,370.0,217.0,428.5,19.9,82,9.4,148,1002.1,75,62,50,21,0.0,3600.0,43.6591,-70.2568,2021,6,15,15
2021-06-15 16:00:00,445.0,244.0,201.0,318.8,19.8,82,8.8,145,1001.6,37,11,35,1,0.0,3600.0,43.6591,-70.2568,2021,6,15,16
2021-06-15 17:00:00,417.0,287.0,130.0,452.6,19.3,86,11.3,149,1001.2,42,8,15,32,0.0,3600.0,43.6591,-70.2568,2021,6,15,17
2021-06-15 18:00:00,322.0,203.0,119.0,424.6,19.7,84,9.9,190,1001.1,78,58,31,52,0.0,3600.0,43.6591,-70.2568,2021,6,15,18
2021-06-15 19:00:00,120.0,42.0,78.0,136.3,19.5,89,5.4,188,1001.0,55,1,32,40,0.1,2288.28,43.6591,-70.2568,2021,6,15,19
2021-06-15 20:00:00,59.0,22.0,37.0,161.8,16.3,100,8.3,146,1001.6,28,100,40,16,0.0,3054.35,43.6591,-70.2568,2021,6,15,20
2021-06-15 21:00:00,2.0,0.0,2.0,0.0,16.0,100,8.6,165,1001.9,100,100,13,7,0.0,0.0,43.6591,-70.2568,2021,6,15,21
2021-06-15 22:00:00,0.0,0.0,0.0,0.0,16.1,100,9.2,201,1001.8,100,100,5,9,0.0,0.0,43.6591,-70.2568,2021,6,15,22
2021-06-15 23:00:00,0.0,0.0,0.0,0.0,16.2,100,7.9,210,1001.6,100,100,2,0,0.0,0.0,43.6591,-70.2568,2021,6,15,23
2021-06-16 00:00:00,0.0,0.0,0.0,0.0,16.4,100,4.5,284,1001.3,100,100,3,0,0.0,0.0,43.6591,-70.2568,2021,6,16,0
2021-06-16 01:00:00,0.0,0.0,0.0,0.0,16.5,100,6.9,321,1001.3,100,100,6,0,0.0,0.0,43.6591,-70.2568,2021,6,16,1
2021-06-16 02:00:00,0.0,0.0,0.0,0.0,16.4,97,11.5,319,1000.9,27,27,1,0,0.0,0.0,43.6591,-70.2568,2021,6,16,2
2021-06-16 03:00:00,0.0,0.0,0.0,0.0,15.7,85,17.9,326,1000.8,1,0,0,0,0.0,0.0,43.6591,-70.2568,2021,6,16,3
2021-06-16 04:00:00,0.0,0.0,0.0,0.0,14.6,83,18.4,329,1001.1,0,0,0,0,0.0,0.0,43.6591,-70.2568,2021,6,16,4
2021-06-16 05:00:00,0.0,0.0,0.0,0.0,14.0,81,16.3,329,1002.0,7,2,6,0,0.0,0.0,43.6591,-70.2568,2021,6,16,5
2021-06-16 06:00:00,35.0,16.0,19.0,174.1,14.2,78,14.8,326,1002.6,28,0,28,0,0.0,3326.99,43.6591,-70.2568,2021,6,16,6
2021-06-16 07:00:00,144.0,84.0,60.0,351.2,15.3,73,13.8,321,1002.8,11,0,11,0,0.0,3600.0,43.6591,-70.2568,2021,6,16,7
2021-06-16 08:00:00,325.0,241.0,84.0,585.8,16.6,64,14.3,321,1003.0,0,0,4,0,0.0,3600.0,43.6591,-70.2568,2021,6,16,8
2021-06-16 09:00:00,521.0,424.0,97.0,738.3,18.2,51,16.9,326,1003.0,0,0,0,0,0.0,3600.0,43.6591,-70.2568,2021,6,16,9
2021-06-16 10:00:00,700.0,600.0,100.0,837.2,19.1,43,17.9,322,1003.0,0,0,0,0,0.0,3600.0,43.6591,-70.2568,2021,6,16,10
2021-06-16 11:00:00,834.0,728.0,106.0,878.2,19.8,40,19.4,320,1003.3,7,7,0,0,0.0,3600.0,43.6591,-70.2568,2021,6,16,11
2021-06-16 12:00:00,918.0,802.0,116.0,887.8,20.2,40,17.8,318,1003.6,17,17,4,0,0.0,3600.0,43.6591,-70.2568,2021,6,16,12
2021-06-16 13:00:00,920.0,760.0,160.0,812.9,21.4,34,14.2,306,1003.4,16,0,16,0,0.0,3600.0,43.6591,-70.2568,2021,6,16,13
2021-06-16 14:00:00,870.0,690.0,180.0,748.8,22.8,28,15.6,304,1003.0,84,0,84,0,0.0,3600.0,43.6591,-70.2568,2021,6,16,14
2021-06-16 15:00:00,695.0,387.0,308.0,448.0,22.5,28,19.6,316,1003.3,87,0,87,0,0.0,3600.0,43.6591,-70.2568,2021,6,16,15
2021-06-16 16:00:00,540.0,240.0,300.0,313.3,21.8,32,15.7,323,1003.5,94,0,94,0,0.0,3600.0,43.6591,-70.2568,2021,6,16,16
2021-06-16 17:00:00,447.0,221.0,226.0,348.1,21.4,33,12.5,321,1003.3,73,0,73,0,0.0,3600.0,43.6591,-70.2568,2021,6,16,17
2021-06-16 18:00:00,346.0,205.0,141.0,428.0,21.1,36,12.0,314,1003.5,0,0,0,0,0.0,3600.0,43.6591,-70.2568,2021,6,16,18
2021-06-16 19:00:00,244.0,178.0,66.0,575.9,19.4,44,12.0,311,1004.1,24,0,24,0,0.0,3600.0,43.6591,-70.2568,2021,6,16,19
2021-06-16 20:00:00,78.0,43.0,35.0,314.1,17.5,54,12.4,278,1005.5,13,0,22,0,0.0,3600.0,43.6591,-70.2568,2021,6,16,20
2021-06-16 21:00:00,3.0,1.0,2.0,19.1,16.4,53,11.3,279,1006.3,19,0,19,0,0.0,0.0,43.6591,-70.2568,2021,6,16,21
2021-06-16 22:00:00,0.0,0.0,0.0,0.0,15.6,55,12.6,275,1007.0,9,0,9,0,0.0,0.0,43.6591,-70.2568,2021,6,16,22
2021-06-16 23:00:00,0.0,0.0,0.0,0.0,14.9,57,13.0,276,1007.4,5,0,5,0,0.0,0.0,43.6591,-70.2568,2021,6,16,23
2021-06-17 00:00:00,0.0,0.0,0.0,0.0,14.1,60,11.5,268,1007.5,4,0,4,0,0.0,0.0,43.6591,-70.2568,2021,6,17,0
2021-06-17 01:00:00,0.0,0.0,0.0,0.0,13.1,65,11.3,261,1007.4,2,0,2,0,0.0,0.0,43.6591,-70.2568,2021,6,17,1
2021-06-17 02:00:00,0.0,0.0,0.0,0.0,12.7,67,12.0,263,1007.2,2,0,2,1,0.0,0.0,43.6591,-70.2568,2021,6,17,2
2021-06-17 03:00:00,0.0,0.0,0.0,0.0,12.6,66,12.3,265,1007.3,1,0,1,0,0.0,0.0,43.6591,-70.2568,2021,6,17,3
2021-06-17 04:00:00,0.0,0.0,0.0,0.0,12.5,66,12.6,267,1007.5,1,0,0,1,0.0,0.0,43.6591,-70.2568,2021,6,17,4
2021-06-17 05:00:00,0.0,0.0,0.0,0.0,12.5,65,13.3,268,1007.6,1,0,0,1,0.0,0.0,43.6591,-70.2568,2021,6,17,5
2021-06-17 06:00:00,38.0,20.0,18.0,217.9,13.1,64,14.0,271,1007.8,0,0,0,0,0.0,3323.99,43.6591,-70.2568,2021,6,17,6
2021-06-17 07:00:00,177.0,122.0,55.0,510.6,14.8,62,12.6,267,1007.9,0,0,0,0,0.0,3600.0,43.6591,-70.2568,2021,6,17,7
2021-06-17 08:00:00,354.0,278.0,76.0,676.1,16.8,58,10.4,256,1008.4,0,0,0,0,0.0,3600.0,43.6591,-70.2568,2021,6,17,8
2021-06-17 09:00:00,533.0,443.0,90.0,771.7,19.4,47,11.4,252,1008.8,0,0,0,0,0.0,3600.0,43.6591,-70.2568,2021,6,17,9
2021-06-17 10:00:00,694.0,593.0,101.0,827.6,20.9,35,14.0,270,1008.5,0,0,0,0,0.0,3600.0,43.6591,-70.2568,2021,6,17,10
2021-06-17 11:00:00,824.0,718.0,106.0,866.3,22.0,31,14.1,274,1008.2,58,0,0,58,0.0,3600.0,43.6591,-70.2568,2021,6,17,11
2021-06-17 12:00:00,913.0,802.0,111.0,887.8,22.9,31,14.7,287,1008.0,82,0,41,70,0.0,3600.0,43.6591,-70.2568,2021,6,17,12
2021-06-17 13:00:00,917.0,744.0,173.0,795.7,24.5,27,13.5,304,1007.5,67,0,67,0,0.0,3600.0,43.6591,-70.2568,2021,6,17,13
2021-06-17 14:00:00,804.0,545.0,259.0,591.3,24.3,26,10.9,262,1006.8,97,0,97,0,0.0,3600.0,43.6591,-70.2568,2021,6,17,14
2021-06-17 15:00:00,640.0,278.0,362.0,321.6,24.4,26,12.3,255,1006.6,74,0,74,0,0.0,3600.0,43.6591,-70.2568,2021,6,17,15
2021-06-17 16:00:00,663.0,450.0,213.0,587.0,25.0,24,10.2,238,1006.4,75,0,75,0,0.0,3600.0,43.6591,-70.2568,2021,6,17,16
2021-06-17 17:00:00,565.0,460.0,105.0,723.9,23.3,37,9.4,230,1006.7,27,0,27,0,0.0,3600.0,43.6591,-70.2568,2021,6,17,17
2021-06-17 18:00:00,380.0,274.0,106.0,571.2,21.8,52,9.3,196,1007.1,11,0,11,0,0.0,3600.0,43.6591,-70.2568,2021,6,17,18
2021-06-17 19:00:00,236.0,167.0,69.0,538.8,20.0,67,10.0,193,1007.8,19,0,19,0,0.0,3600.0,43.6591,-70.2568,2021,6,17,19
2021-06-17 20:00:00,80.0,43.0,37.0,312.2,18.9,53,16.4,195,1008.9,12,0,33,0,0.0,3600.0,43.6591,-70.2568,2021,6,17,20
2021-06-17 21:00:00,3.0,1.0,2.0,19.1,17.2,61,11.6,210,1009.5,17,0,17,0,0.0,0.0,43.6591,-70.2568,2021,6,17,21
2021-06-17 22:00:00,0.0,0.0,0.0,0.0,16.0,69,10.7,228,1010.0,17,0,0,16,0.0,0.0,43.6591,-70.2568,2021,6,17,22
2021-06-17 23:00:00,0.0,0.0,0.0,0.0,15.0,72,9.5,259,1010.2,1,0,0,1,0.0,0.0,43.6591,-70.2568,2021,6,17,23
2021-06-18 00:00:00,0.0,0.0,0.0,0.0,14.8,71,9.2,291,1010.3,1,0,0,1,0.0,0.0,43.6591,-70.2568,2021,6,18,0
2021-06-18 01:00:00,0.0,0.0,0.0,0.0,14.5,74,9.0,299,1010.5,0,0,0,0,0.0,0.0,43.6591,-70.2568,2021,6,18,1
2021-06-18 02:00:00,0.0,0.0,0.0,0.0,13.9,77,11.0,293,1010.6,0,0,0,0,0.0,0.0,43.6591,-70.2568,2021,6,18,2
2021-06-18 03:00:00,0.0,0.0,0.0,0.0,13.4,77,10.5,292,1010.7,0,0,0,0,0.0,0.0,43.6591,-70.2568,2021,6,18,3
2021-06-18 04:00:00,0.0,0.0,0.0,0.0,12.9,77,10.6,288,1010.8,0,0,0,0,0.0,0.0,43.6591,-70.2568,2021,6,18,4
2021-06-18 05:00:00,0.0,0.0,0.0,0.0,12.2,79,9.2,281,1011.2,0,0,0,0,0.0,0.0,43.6591,-70.2568,2021,6,18,5
2021-06-18 06:00:00,38.0,21.0,17.0,229.2,12.6,79,8.3,275,1011.8,0,0,0,0,0.0,3318.54,43.6591,-70.2568,2021,6,18,6
2021-06-18 07:00:00,177.0,123.0,54.0,515.5,15.0,72,4.7,270,1011.5,0,0,0,0,0.0,3600.0,43.6591,-70.2568,2021,6,18,7
2021-06-18 08:00:00,354.0,280.0,74.0,681.6,17.4,67,3.3,264,1012.0,0,0,0,0,0.0,3600.0,43.6591,-70.2568,2021,6,18,8
2021-06-18 09:00:00,532.0,445.0,87.0,775.6,20.8,54,3.2,180,1011.6,0,0,0,0,0.0,3600.0,43.6591,-70.2568,2021,6,18,9
2021-06-18 10:00:00,693.0,597.0,96.0,833.5,22.3,48,6.7,164,1010.9,0,0,0,0,0.0,3600.0,43.6591,-70.2568,2021,6,18,10
2021-06-18 11:00:00,820.0,717.0,103.0,865.2,23.0,48,11.6,150,1010.6,9,0,6,4,0.0,3600.0,43.6591,-70.2568,2021,6,18,11
2021-06-18 12:00:00,901.0,789.0,112.0,873.4,23.2,47,15.8,159,1009.9,18,0,0,18,0.0,3600.0,43.6591,-70.2568,2021,6,18,12
2021-06-18 13:00:00,936.0,824.0,112.0,881.1,23.5,41,19.6,166,1009.2,0,0,0,0,0.0,3600.0,43.6591,-70.2568,2021,6,18,13
2021-06-18 14:00:00,921.0,811.0,110.0,879.6,23.4,39,20.7,172,1008.6,0,0,0,0,0.0,3600.0,43.6591,-70.2568,2021,6,18,14
2021-06-18 15:00:00,853.0,747.0,106.0,863.9,23.1,43,20.2,176,1008.2,93,0,0,93,0.0,3600.0,43.6591,-70.2568,2021,6,18,15
2021-06-18 16:00:00,731.0,612.0,119.0,797.7,23.0,44,19.8,181,1007.4,94,0,0,94,0.0,3600.0,43.6591,-70.2568,2021,6,18,16
2021-06-18 17:00:00,586.0,484.0,102.0,760.9,22.2,48,18.4,183,1006.8,7,0,0,7,0.0,3600.0,43.6591,-70.2568,2021,6,18,17
2021-06-18 18:00:00,413.0,331.0,82.0,689.0,21.3,57,15.2,184,1006.1,70,0,68,51,0.0,3600.0,43.6591,-70.2568,2021,6,18,18
2021-06-18 19:00:00,215.0,132.0,83.0,424.8,20.3,63,16.4,189,1005.6,100,0,0,100,0.0,3600.0,43.6591,-70.2568,2021,6,18,19
2021-06-18 20:00:00,64.0,12.0,52.0,86.6,19.3,64,13.8,189,1005.9,100,0,25,100,0.0,798.92,43.6591,-70.2568,2021,6,18,20
2021-06-18 21:00:00,2.0,0.0,2.0,0.0,19.2,63,15.0,197,1005.8,100,0,58,100,0.0,0.0,43.6591,-70.2568,2021,6,18,21
2021-06-18 22:00:00,0.0,0.0,0.0,0.0,18.6,68,14.3,198,1005.9,100,0,89,100,0.0,0.0,43.6591,-70.2568,2021,6,18,22
2021-06-18 23:00:00,0.0,0.0,0.0,0.0,18.4,70,13.1,201,1005.3,100,0,70,100,0.0,0.0,43.6591,-70.2568,2021,6,18,23
2021-06-19 00:00:00,0.0,0.0,0.0,0.0,19.6,62,16.1,231,1005.1,100,0,98,100,0.0,0.0,43.6591,-70.2568,2021,6,19,0
2021-06-19 01:00:00,0.0,0.0,0.0,0.0,21.1,52,14.3,242,1004.5,99,0,98,71,0.0,0.0,43.6591,-70.2568,2021,6,19,1
2021-06-19 02:00:00,0.0,0.0,0.0,0.0,20.3,58,13.3,218,1004.4,100,0,100,21,0.0,0.0,43.6591,-70.2568,2021,6,19,2
2021-06-19 03:00:00,0.0,0.0,0.0,0.0,19.9,64,14.5,222,1004.2,100,0,100,12,0.0,0.0,43.6591,-70.2568,2021,6,19,3
2021-06-19 04:00:00,0.0,0.0,0.0,0.0,18.7,73,13.7,210,1003.8,90,0,84,37,0.4,0.0,43.6591,-70.2568,2021,6,19,4
2021-06-19 05:00:00,0.0,0.0,0.0,0.0,17.7,81,14.8,198,1003.5,72,11,54,43,0.0,0.0,43.6591,-70.2568,2021,6,19,5
2021-06-19 06:00:00,23.0,7.0,16.0,76.6,17.7,81,15.5,202,1003.3,60,0,48,27,0.0,919.61,43.6591,-70.2568,2021,6,19,6
2021-06-19 07:00:00,102.0,45.0,57.0,188.9,18.3,80,15.4,201,1002.6,48,0,42,23,0.0,3600.0,43.6591,-70.2568,2021,6,19,7
2021-06-19 08:00:00,218.0,131.0,87.0,319.2,20.5,73,10.7,225,1002.1,30,0,71,0,0.5,3600.0,43.6591,-70.2568,2021,6,19,8
2021-06-19 09:00:00,196.0,71.0,125.0,123.8,20.8,76,8.0,188,1001.5,50,3,50,0,0.1,1915.27,43.6591,-70.2568,2021,6,19,9
2021-06-19 10:00:00,536.0,366.0,170.0,511.2,23.3,66,8.9,207,1001.4,19,0,19,0,0.0,3600.0,43.6591,-70.2568,2021,6,19,10
2021-06-19 11:00:00,685.0,544.0,141.0,656.7,25.5,56,10.2,228,1001.2,25,21,9,0,0.0,3600.0,43.6591,-70.2568,2021,6,19,11
2021-06-19 12:00:00,754.0,558.0,196.0,617.8,26.8,50,9.5,205,1000.6,22,3,15,15,0.0,3600.0,43.6591,-70.2568,2021,6,19,12
2021-06-19 13:00:00,837.0,686.0,151.0,733.5,27.6,48,10.8,201,1000.2,84,0,40,75,0.0,3600.0,43.6591,-70.2568,2021,6,19,13
2021-06-19 14:00:00,618.0,404.0,214.0,438.1,27.3,49,11.6,210,999.9,85,0,47,75,0.0,3600.0,43.6591,-70.2568,2021,6,19,14
2021-06-19 15:00:00,614.0,400.0,214.0,462.4,28.4,37,15.2,234,999.7,50,0,46,10,0.0,3600.0,43.6591,-70.2568,2021,6,19,15
2021-06-19 16:00:00,522.0,376.0,146.0,489.8,28.5,35,14.8,247,999.6,90,0,24,88,0.0,3600.0,43.6591,-70.2568,2021,6,19,16
2021-06-19 17:00:00,463.0,321.0,142.0,504.1,27.6,40,13.8,237,999.2,93,0,18,92,0.0,3600.0,43.6591,-70.2568,2021,6,19,17
2021-06-19 18:00:00,358.0,218.0,140.0,453.1,27.2,41,13.5,236,999.2,79,0,0,79,0.0,3600.0,43.6591,-70.2568,2021,6,19,18
2021-06-19 19:00:00,205.0,99.0,106.0,317.9,26.3,37,14.7,248,999.4,71,0,1,71,0.0,3600.0,43.6591,-70.2568,2021,6,19,19
2021-06-19 20:00:00,73.0,30.0,43.0,215.5,23.3,65,5.9,232,1000.0,96,0,21,88,0.0,3600.0,43.6591,-70.2568,2021,6,19,20
2021-06-19 21:00:00,3.0,0.0,3.0,0.0,22.0,70,6.9,261,1000.5,98,0,19,98,0.0,0.0,43.6591,-70.2568,2021,6,19,21
2021-06-19 22:00:00,0.0,0.0,0.0,0.0,22.5,55,9.0,247,1000.9,100,0,6,100,0.0,0.0,43.6591,-70.2568,2021,6,19,22
2021-06-19 23:00:00,0.0,0.0,0.0,0.0,21.5,59,10.7,256,1000.9,100,0,1,100,0.0,0.0,43.6591,-70.2568,2021,6,19,23
2021-06-20 00:00:00,0.0,0.0,0.0,0.0,20.7,62,10.7,258,1001.1,100,0,32,100,0.0,0.0,43.6591,-70.2568,2021,6,20,0
2021-06-20 01:00:00,0.0,0.0,0.0,0.0,20.5,65,9.4,268,1000.8,100,0,12,100,0.0,0.0,43.6591,-70.2568,2021,6,20,1
2021-06-20 02:00:00,0.0,0.0,0.0,0.0,19.8,67,9.8,298,1001.4,100,0,20,100,0.0,0.0,43.6591,-70.2568,2021,6,20,2
2021-06-20 03:00:00,0.0,0.0,0.0,0.0,19.1,72,9.2,296,1001.2,100,0,1,100,0.0,0.0,43.6591,-70.2568,2021,6,20,3
2021-06-20 04:00:00,0.0,0.0,0.0,0.0,18.8,72,10.2,278,1001.4,90,0,2,90,0.0,0.0,43.6591,-70.2568,2021,6,20,4
2021-06-20 05:00:00,0.0,0.0,0.0,0.0,18.3,74,10.8,274,1001.8,74,0,4,73,0.0,0.0,43.6591,-70.2568,2021,6,20,5
2021-06-20 06:00:00,33.0,13.0,20.0,142.6,19.0,72,12.4,278,1002.3,10,0,10,0,0.0,3132.78,43.6591,-70.2568,2021,6,20,6
2021-06-20 07:00:00,159.0,104.0,55.0,437.6,20.7,68,12.7,278,1002.8,3,0,3,0,0.0,3600.0,43.6591,-70.2568,2021,6,20,7
2021-06-20 08:00:00,330.0,252.0,78.0,614.9,22.0,64,10.5,274,1003.6,0,0,0,0,0.0,3600.0,43.6591,-70.2568,2021,6,20,8
2021-06-20 09:00:00,515.0,423.0,92.0,738.4,24.4,54,9.8,278,1004.1,0,0,0,0,0.0,3600.0,43.6591,-70.2568,2021,6,20,9
2021-06-20 10:00:00,673.0,572.0,101.0,799.4,26.0,45,8.6,285,1003.9,0,0,0,0,0.0,3600.0,43.6591,-70.2568,2021,6,20,10
2021-06-20 11:00:00,802.0,694.0,108.0,838.0,27.4,39,8.6,272,1003.7,20,0,20,0,0.0,3600.0,43.6591,-70.2568,2021,6,20,11
2021-06-20 12:00:00,795.0,666.0,129.0,737.5,27.6,38,7.2,243,1003.3,0,0,0,0,0.0,3600.0,43.6591,-70.2568,2021,6,20,12
2021-06-20 13:00:00,932.0,823.0,109.0,880.0,28.5,35,8.7,240,1002.6,43,0,27,28,0.0,3600.0,43.6591,-70.2568,2021,6,20,13
2021-06-20 14:00:00,817.0,650.0,167.0,704.7,29.1,32,12.5,213,1002.1,85,0,77,34,0.0,3600.0,43.6591,-70.2568,2021,6,20,14
2021-06-20 15:00:00,383.0,141.0,242.0,162.9,26.3,50,12.5,192,1002.4,67,0,46,40,0.0,3088.23,43.6591,-70.2568,2021,6,20,15
2021-06-20 16:00:00,443.0,227.0,216.0,295.5,26.5,54,11.1,193,1002.3,52,0,52,0,0.0,3600.0,43.6591,-70.2568,2021,6,20,16
2021-06-20 17:00:00,443.0,293.0,150.0,459.8,24.6,60,15.5,177,1002.2,100,0,100,0,0.0,3600.0,43.6591,-70.2568,2021,6,20,17
2021-06-20 18:00:00,236.0,77.0,159.0,159.8,22.3,66,16.2,180,1002.3,96,0,96,0,0.0,2995.34,43.6591,-70.2568,2021,6,20,18
2021-06-20 19:00:00,152.0,46.0,106.0,147.4,22.0,69,13.9,190,1002.6,48,0,48,0,0.0,2622.13,43.6591,-70.2568,2021,6,20,19
2021-06-20 20:00:00,63.0,30.0,33.0,214.5,21.2,76,14.2,204,1003.4,24,0,37,0,0.0,3600.0,43.6591,-70.2568,2021,6,20,20
2021-06-20 21:00:00,3.0,1.0,2.0,19.1,21.1,74,11.8,207,1003.9,28,0,28,0,0.0,0.0,43.6591,-70.2568,2021,6,20,21
2021-06-20 22:00:00,0.0,0.0,0.0,0.0,20.6,76,9.8,208,1004.3,23,0,23,0,0.0,0.0,43.6591,-70.2568,2021,6,20,22
2021-06-20 23:00:00,0.0,0.0,0.0,0.0,19.7,82,9.4,223,1004.1,22,0,3,20,0.0,0.0,43.6591,-70.2568,2021,6,20,23
2021-06-21 00:00:00,0.0,0.0,0.0,0.0,19.4,85,10.0,240,1004.3,12,0,3,9,0.0,0.0,43.6591,-70.2568,2021,6,21,0
2021-06-21 01:00:00,0.0,0.0,0.0,0.0,19.5,85,8.7,240,1004.0,80,0,0,80,0.0,0.0,43.6591,-70.2568,2021,6,21,1
2021-06-21 02:00:00,0.0,0.0,0.0,0.0,19.1,83,12.3,218,1004.0,54,0,0,54,0.0,0.0,43.6591,-70.2568,2021,6,21,2
2021-06-21 03:00:00,0.0,0.0,0.0,0.0,19.2,75,11.7,236,1004.1,38,1,0,37,0.0,0.0,43.6591,-70.2568,2021,6,21,3
2021-06-21 04:00:00,0.0,0.0,0.0,0.0,18.8,77,10.2,238,1003.7,67,0,1,67,0.0,0.0,43.6591,-70.2568,2021,6,21,4
2021-06-21 05:00:00,0.0,0.0,0.0,0.0,18.4,81,9.1,236,1003.6,12,0,0,12,0.0,0.0,43.6591,-70.2568,2021,6,21,5
2021-06-21 06:00:00,34.0,16.0,18.0,176.1,18.8,85,8.8,215,1004.0,30,0,3,28,0.0,3287.53,43.6591,-70.2568,2021,6,21,6
2021-06-21 07:00:00,155.0,94.0,61.0,396.6,20.8,83,7.6,188,1004.2,54,0,9,51,0.0,3600.0,43.6591,-70.2568,2021,6,21,7
2021-06-21 08:00:00,293.0,189.0,104.0,461.8,19.8,88,10.8,159,1004.0,90,1,45,94,0.0,3600.0,43.6591,-70.2568,2021,6,21,8
2021-06-21 09:00:00,257.0,102.0,155.0,178.2,21.8,86,8.3,185,1004.2,98,4,30,97,0.0,3547.13,43.6591,-70.2568,2021,6,21,9
2021-06-21 10:00:00,498.0,306.0,192.0,428.0,24.1,78,10.2,157,1003.7,96,2,7,95,0.0,3600.0,43.6591,-70.2568,2021,6,21,10
2021-06-21 11:00:00,738.0,586.0,152.0,707.9,24.7,74,16.8,157,1003.3,92,19,4,91,0.0,3600.0,43.6591,-70.2568,2021,6,21,11
2021-06-21 12:00:00,799.0,556.0,243.0,615.8,24.3,74,18.2,162,1002.7,59,26,14,47,0.0,3600.0,43.6591,-70.2568,2021,6,21,12
2021-06-21 13:00:00,792.0,571.0,221.0,610.6,24.1,75,19.7,165,1001.7,45,19,10,32,0.0,3600.0,43.6591,-70.2568,2021,6,21,13
2021-06-21 14:00:00,821.0,658.0,163.0,713.3,24.4,76,21.4,172,1000.5,50,1,25,36,0.0,3600.0,43.6591,-70.2568,2021,6,21,14
2021-06-21 15:00:00,651.0,470.0,181.0,543.0,24.1,77,22.4,175,999.9,43,0,22,31,0.0,3600.0,43.6591,-70.2568,2021,6,21,15
2021-06-21 16:00:00,604.0,473.0,131.0,615.5,23.8,79,23.1,177,999.3,34,0,21,18,0.0,3600.0,43.6591,-70.2568,2021,6,21,16
2021-06-21 17:00:00,481.0,361.0,120.0,566.0,23.2,82,23.1,177,998.6,11,0,11,0,0.0,3600.0,43.6591,-70.2568,2021,6,21,17
2021-06-21 18:00:00,373.0,283.0,90.0,586.8,22.3,86,22.7,180,998.4,10,0,10,0,0.0,3600.0,43.6591,-70.2568,2021,6,21,18
2021-06-21 19:00:00,210.0,143.0,67.0,457.4,21.9,88,22.4,185,998.2,14,0,12,2,0.0,3600.0,43.6591,-70.2568,2021,6,21,19
2021-06-21 20:00:00,72.0,38.0,34.0,270.6,21.9,89,23.4,191,997.2,30,8,15,60,0.0,3600.0,43.6591,-70.2568,2021,6,21,20
2021-06-21 21:00:00,3.0,1.0,2.0,19.1,21.4,91,22.9,193,997.9,22,10,6,9,0.0,0.0,43.6591,-70.2568,2021,6,21,21
2021-06-21 22:00:00,0.0,0.0,0.0,0.0,21.3,92,20.5,195,998.3,41,10,4,34,0.0,0.0,43.6591,-70.2568,2021,6,21,22
2021-06-21 23:00:00,0.0,0.0,0.0,0.0,21.6,92,17.8,201,998.5,85,11,2,83,0.0,0.0,43.6591,-70.2568,2021,6,21,23
2021-06-22 00:00:00,0.0,0.0,0.0,0.0,21.6,93,16.5,196,998.4,65,9,3,61,0.0,0.0,43.6591,-70.2568,2021,6,22,0
2021-06-22 01:00:00,0.0,0.0,0.0,0.0,21.1,96,15.2,194,997.9,99,10,2,99,0.0,0.0,43.6591,-70.2568,2021,6,22,1
2021-06-22 02:00:00,0.0,0.0,0.0,0.0,20.4,99,13.8,187,997.3,100,16,2,100,0.0,0.0,43.6591,-70.2568,2021,6,22,2
2021-06-22 03:00:00,0.0,0.0,0.0,0.0,19.6,99,15.2,185,996.9,100,79,3,100,0.0,0.0,43.6591,-70.2568,2021,6,22,3
2021-06-22 04:00:00,0.0,0.0,0.0,0.0,19.2,99,16.8,190,997.3,86,82,8,37,0.0,0.0,43.6591,-70.2568,2021,6,22,4
2021-06-22 05:00:00,0.0,0.0,0.0,0.0,19.3,99,16.2,192,997.3,98,98,2,6,0.0,0.0,43.6591,-70.2568,2021,6,22,5
2021-06-22 06:00:00,20.0,0.0,20.0,0.0,20.0,97,13.9,201,997.6,71,44,60,26,0.0,0.0,43.6591,-70.2568,2021,6,22,6
2021-06-22 07:00:00,96.0,28.0,68.0,118.5,21.5,93,11.0,203,997.9,99,4,99,22,0.0,1754.34,43.6591,-70.2568,2021,6,22,7
2021-06-22 08:00:00,177.0,35.0,142.0,85.7,23.0,86,8.6,213,999.1,40,0,82,87,0.0,770.07,43.6591,-70.2568,2021,6,22,8
2021-06-22 09:00:00,263.0,92.0,171.0,160.9,23.9,86,7.9,196,999.5,96,0,88,88,0.4,3028.18,43.6591,-70.2568,2021,6,22,9
2021-06-22 10:00:00,208.0,29.0,179.0,40.6,23.8,89,8.2,195,999.8,59,11,16,50,0.0,0.0,43.6591,-70.2568,2021,6,22,10
2021-06-22 11:00:00,682.0,469.0,213.0,566.8,27.3,61,7.9,219,999.6,73,14,65,29,0.0,3600.0,43.6591,-70.2568,2021,6,22,11
2021-06-22 12:00:00,621.0,333.0,288.0,368.9,27.8,48,10.7,237,999.8,100,10,100,0,0.0,3600.0,43.6591,-70.2568,2021,6,22,12
2021-06-22 13:00:00,256.0,19.0,237.0,20.3,25.5,55,17.7,283,1000.3,99,1,98,71,0.0,0.0,43.6591,-70.2568,2021,6,22,13
2021-06-22 14:00:00,416.0,120.0,296.0,130.1,25.7,47,15.3,279,1000.3,100,0,100,20,0.0,2102.33,43.6591,-70.2568,2021,6,22,14
2021-06-22 15:00:00,351.0,140.0,211.0,161.7,23.5,59,15.0,294,1000.6,100,1,100,41,0.0,3050.82,43.6591,-70.2568,2021,6,22,15
2021-06-22 16:00:00,132.0,0.0,132.0,0.0,20.5,84,7.6,295,1000.7,98,37,98,85,1.1,0.0,43.6591,-70.2568,2021,6,22,16
2021-06-22 17:00:00,131.0,15.0,116.0,23.5,20.2,100,8.0,275,1000.5,99,0,98,93,5.9,0.0,43.6591,-70.2568,2021,6,22,17
2021-06-22 18:00:00,77.0,2.0,75.0,4.1,19.4,100,12.7,317,1001.0,100,5,100,89,2.6,0.0,43.6591,-70.2568,2021,6,22,18
2021-06-22 19:00:00,38.0,0.0,38.0,0.0,17.9,100,15.6,331,1001.6,100,13,98,100,1.9,0.0,43.6591,-70.2568,2021,6,22,19
2021-06-22 20:00:00,18.0,0.0,18.0,0.0,17.4,95,12.4,330,1003.9,100,0,100,100,0.9,0.0,43.6591,-70.2568,2021,6,22,20
2021-06-22 21:00:00,1.0,0.0,1.0,0.0,16.6,100,11.6,5,1002.9,100,0,100,100,1.7,0.0,43.6591,-70.2568,2021,6,22,21
2021-06-22 22:00:00,0.0,0.0,0.0,0.0,16.1,100,9.7,358,1004.1,100,0,100,100,2.3,0.0,43.6591,-70.2568,2021,6,22,22
2021-06-22 23:00:00,0.0,0.0,0.0,0.0,15.3,95,15.4,339,1004.5,100,0,0,100,0.7,0.0,43.6591,-70.2568,2021,6,22,23
2021-06-23 00:00:00,0.0,0.0,0.0,0.0,14.6,93,16.3,332,1005.6,99,0,2,99,0.0,0.0,43.6591,-70.2568,2021,6,23,0
2021-06-23 01:00:00,0.0,0.0,0.0,0.0,13.8,93,14.6,327,1006.5,97,3,1,97,0.0,0.0,43.6591,-70.2568,2021,6,23,1
2021-06-23 02:00:00,0.0,0.0,0.0,0.0,13.4,92,12.6,329,1006.7,97,1,3,97,0.0,0.0,43.6591,-70.2568,2021,6,23,2
2021-06-23 03:00:00,0.0,0.0,0.0,0.0,13.3,92,9.9,314,1007.6,98,0,12,98,0.0,0.0,43.6591,-70.2568,2021,6,23,3
2021-06-23 04:00:00,0.0,0.0,0.0,0.0,12.9,94,9.7,301,1008.4,99,0,13,99,0.0,0.0,43.6591,-70.2568,2021,6,23,4
2021-06-23 05:00:00,0.0,0.0,0.0,0.0,12.6,95,9.5,295,1009.4,100,0,1,100,0.0,0.0,43.6591,-70.2568,2021,6,23,5
2021-06-23 06:00:00,30.0,5.0,25.0,55.5,12.6,94,9.6,290,1010.9,98,0,0,98,0.0,211.97,43.6591,-70.2568,2021,6,23,6
2021-06-23 07:00:00,144.0,54.0,90.0,229.3,13.7,87,9.2,291,1012.0,19,0,0,19,0.0,3600.0,43.6591,-70.2568,2021,6,23,7
2021-06-23 08:00:00,348.0,265.0,83.0,649.8,15.1,74,9.2,296,1013.1,0,9,0,0,0.0,3600.0,43.6591,-70.2568,2021,6,23,8
2021-06-23 09:00:00,529.0,432.0,97.0,756.6,16.8,59,10.9,304,1013.8,17,17,0,0,0.0,3600.0,43.6591,-70.2568,2021,6,23,9
2021-06-23 10:00:00,675.0,544.0,131.0,762.0,18.0,50,14.5,316,1014.4,15,15,0,0,0.0,3600.0,43.6591,-70.2568,2021,6,23,10
2021-06-23 11:00:00,735.0,539.0,196.0,651.8,19.0,43,14.2,306,1015.2,76,19,75,0,0.0,3600.0,43.6591,-70.2568,2021,6,23,11
2021-06-23 12:00:00,694.0,385.0,309.0,426.7,20.1,38,13.9,301,1015.2,93,0,93,0,0.0,3600.0,43.6591,-70.2568,2021,6,23,12
2021-06-23 13:00:00,761.0,403.0,358.0,431.0,21.6,33,10.1,297,1015.1,69,0,69,0,0.0,3600.0,43.6591,-70.2568,2021,6,23,13
2021-06-23 14:00:00,761.0,467.0,294.0,506.2,21.7,31,7.6,183,1015.2,79,0,79,0,0.0,3600.0,43.6591,-70.2568,2021,6,23,14
2021-06-23 15:00:00,523.0,240.0,283.0,277.1,19.5,58,14.8,162,1015.8,93,0,93,0,0.0,3600.0,43.6591,-70.2568,2021,6,23,15
2021-06-23 16:00:00,496.0,221.0,275.0,287.3,19.9,62,10.3,155,1015.8,68,0,68,0,0.0,3600.0,43.6591,-70.2568,2021,6,23,16
2021-06-23 17:00:00,544.0,378.0,166.0,591.9,20.5,60,9.3,164,1016.4,27,0,27,0,0.0,3600.0,43.6591,-70.2568,2021,6,23,17
2021-06-23 18:00:00,362.0,241.0,121.0,498.7,20.3,59,6.1,183,1016.9,2,0,2,0,0.0,3600.0,43.6591,-70.2568,2021,6,23,18
2021-06-23 19:00:00,242.0,174.0,68.0,554.8,19.4,71,5.2,205,1017.8,0,0,0,0,0.0,3600.0,43.6591,-70.2568,2021,6,23,19
2021-06-23 20:00:00,89.0,53.0,36.0,375.0,17.7,71,9.2,201,1019.1,0,0,8,0,0.0,3600.0,43.6591,-70.2568,2021,6,23,20
2021-06-23 21:00:00,4.0,1.0,3.0,19.1,16.6,70,7.8,236,1020.1,19,0,19,0,0.0,0.0,43.6591,-70.2568,2021,6,23,21
2021-06-23 22:00:00,0.0,0.0,0.0,0.0,16.0,65,9.4,268,1020.9,13,0,13,0,0.0,0.0,43.6591,-70.2568,2021,6,23,22
2021-06-23 23:00:00,0.0,0.0,0.0,0.0,15.2,69,6.2,263,1021.5,0,0,0,0,0.0,0.0,43.6591,-70.2568,2021,6,23,23
2021-06-24 00:00:00,0.0,0.0,0.0,0.0,14.1,76,7.3,250,1022.3,0,0,0,0,0.0,0.0,43.6591,-70.2568,2021,6,24,0
2021-06-24 01:00:00,0.0,0.0,0.0,0.0,13.1,79,8.6,255,1022.6,0,0,0,0,0.0,0.0,43.6591,-70.2568,2021,6,24,1
2021-06-24 02:00:00,0.0,0.0,0.0,0.0,12.7,80,7.2,288,1022.5,0,0,0,0,0.0,0.0,43.6591,-70.2568,2021,6,24,2
2021-06-24 03:00:00,0.0,0.0,0.0,0.0,12.4,83,5.8,277,1023.0,0,0,0,0,0.0,0.0,43.6591,-70.2568,2021,6,24,3
2021-06-24 04:00:00,0.0,0.0,0.0,0.0,11.6,89,4.0,280,1023.3,0,0,0,0,0.0,0.0,43.6591,-70.2568,2021,6,24,4
2021-06-24 05:00:00,0.0,0.0,0.0,0.0,11.9,88,4.5,284,1023.8,0,0,0,0,0.0,0.0,43.6591,-70.2568,2021,6,24,5
2021-06-24 06:00:00,36.0,19.0,17.0,211.8,12.5,90,2.6,236,1024.5,0,0,0,0,0.0,3236.14,43.6591,-70.2568,2021,6,24,6
2021-06-24 07:00:00,170.0,112.0,58.0,477.3,14.8,81,4.2,211,1025.1,2,2,0,0,0.0,3600.0,43.6591,-70.2568,2021,6,24,7
2021-06-24 08:00:00,348.0,272.0,76.0,668.4,16.3,78,2.6,146,1026.5,0,1,0,0,0.0,3600.0,43.6591,-70.2568,2021,6,24,8
2021-06-24 09:00:00,526.0,437.0,89.0,766.4,18.7,69,6.4,133,1026.8,0,0,0,0,0.0,3600.0,43.6591,-70.2568,2021,6,24,9
2021-06-24 10:00:00,689.0,591.0,98.0,828.6,19.7,67,10.3,144,1026.7,0,0,0,0,0.0,3600.0,43.6591,-70.2568,2021,6,24,10
2021-06-24 11:00:00,821.0,716.0,105.0,866.4,20.5,62,14.8,151,1026.8,0,0,0,0,0.0,3600.0,43.6591,-70.2568,2021,6,24,11
2021-06-24 12:00:00,910.0,801.0,109.0,888.0,21.0,53,17.7,160,1026.6,0,0,0,0,0.0,3600.0,43.6591,-70.2568,2021,6,24,12
2021-06-24 13:00:00,951.0,840.0,111.0,898.6,21.2,50,17.9,165,1026.4,0,0,0,0,0.0,3600.0,43.6591,-70.2568,2021,6,24,13
2021-06-24 14:00:00,937.0,828.0,109.0,897.5,21.1,52,18.7,169,1026.6,0,0,0,0,0.0,3600.0,43.6591,-70.2568,2021,6,24,14
2021-06-24 15:00:00,870.0,764.0,106.0,882.1,20.9,54,18.6,171,1026.4,0,0,0,0,0.0,3600.0,43.6591,-70.2568,2021,6,24,15
2021-06-24 16:00:00,759.0,659.0,100.0,856.5,20.2,59,18.6,170,1026.2,0,0,0,0,0.0,3600.0,43.6591,-70.2568,2021,6,24,16
2021-06-24 17:00:00,610.0,518.0,92.0,810.7,19.5,57,17.8,172,1025.8,0,0,0,0,0.0,3600.0,43.6591,-70.2568,2021,6,24,17
2021-06-24 18:00:00,437.0,357.0,80.0,738.2,18.5,62,16.8,171,1025.5,0,0,0,0,0.0,3600.0,43.6591,-70.2568,2021,6,24,18
2021-06-24 19:00:00,256.0,193.0,63.0,614.6,17.3,70,14.8,179,1025.4,0,0,0,0,0.0,3600.0,43.6591,-70.2568,2021,6,24,19
2021-06-24 20:00:00,92.0,57.0,35.0,402.3,15.9,71,14.9,172,1025.5,0,0,0,0,0.0,3600.0,43.6591,-70.2568,2021,6,24,20
2021-06-24 21:00:00,4.0,1.0,3.0,19.1,15.0,73,14.1,176,1025.9,0,0,0,0,0.0,0.0,43.6591,-70.2568,2021,6,24,21
2021-06-24 22:00:00,0.0,0.0,0.0,0.0,14.5,76,12.0,187,1026.7,0,0,0,0,0.0,0.0,43.6591,-70.2568,2021,6,24,22
2021-06-24 23:00:00,0.0,0.0,0.0,0.0,13.9,82,10.9,186,1026.8,0,0,0,0,0.0,0.0,43.6591,-70.2568,2021,6,24,23
2021-06-25 00:00:00,0.0,0.0,0.0,0.0,13.7,87,10.1,180,1026.4,0,0,0,0,0.0,0.0,43.6591,-70.2568,2021,6,25,0
2021-06-25 01:00:00,0.0,0.0,0.0,0.0,13.4,89,5.4,188,1025.7,0,0,0,0,0.0,0.0,43.6591,-70.2568,2021,6,25,1
2021-06-25 02:00:00,0.0,0.0,0.0,0.0,13.6,89,4.3,265,1025.4,26,1,25,0,0.0,0.0,43.6591,-70.2568,2021,6,25,2
2021-06-25 03:00:00,0.0,0.0,0.0,0.0,13.5,91,1.8,11,1025.0,16,1,16,0,0.0,0.0,43.6591,-70.2568,2021,6,25,3
2021-06-25 04:00:00,0.0,0.0,0.0,0.0,12.8,93,2.3,18,1024.4,16,15,9,0,0.0,0.0,43.6591,-70.2568,2021,6,25,4
2021-06-25 05:00:00,0.0,0.0,0.0,0.0,12.8,95,2.9,360,1024.7,100,100,66,9,0.0,0.0,43.6591,-70.2568,2021,6,25,5
2021-06-25 06:00:00,9.0,0.0,9.0,0.0,14.1,90,4.3,24,1024.9,100,100,24,22,0.0,0.0,43.6591,-70.2568,2021,6,25,6
2021-06-25 07:00:00,61.0,7.0,54.0,29.9,15.3,86,4.9,36,1024.7,100,100,100,5,0.0,0.0,43.6591,-70.2568,2021,6,25,7
2021-06-25 08:00:00,82.0,7.0,75.0,17.2,15.5,86,3.4,58,1025.1,100,92,81,87,0.4,0.0,43.6591,-70.2568,2021,6,25,8
2021-06-25 09:00:00,199.0,19.0,180.0,33.4,16.3,85,6.1,62,1025.3,100,100,49,15,0.7,0.0,43.6591,-70.2568,2021,6,25,9
2021-06-25 10:00:00,198.0,18.0,180.0,25.3,16.4,85,8.4,65,1024.7,100,100,46,0,0.2,0.0,43.6591,-70.2568,2021,6,25,10
2021-06-25 11:00:00,199.0,0.0,199.0,0.0,16.4,86,8.0,82,1024.5,96,83,95,0,0.3,0.0,43.6591,-70.2568,2021,6,25,11
2021-06-25 12:00:00,330.0,93.0,237.0,103.1,16.9,84,10.2,98,1023.7,68,66,38,1,0.1,1294.46,43.6591,-70.2568,2021,6,25,12
2021-06-25 13:00:00,748.0,465.0,283.0,497.6,18.7,75,11.8,102,1023.2,87,85,8,11,0.0,3600.0,43.6591,-70.2568,2021,6,25,13
2021-06-25 14:00:00,761.0,511.0,250.0,553.9,18.6,78,13.2,107,1022.5,99,95,13,84,0.0,3600.0,43.6591,-70.2568,2021,6,25,14
2021-06-25 15:00:00,541.0,279.0,262.0,322.1,18.1,83,8.8,99,1022.0,100,100,5,93,0.0,3600.0,43.6591,-70.2568,2021,6,25,15
2021-06-25 16:00:00,408.0,112.0,296.0,145.5,18.3,84,7.2,108,1021.3,99,99,12,90,0.0,2565.77,43.6591,-70.2568,2021,6,25,16
2021-06-25 17:00:00,243.0,33.0,210.0,51.6,17.7,88,6.0,115,1020.9,100,100,28,94,0.0,0.0,43.6591,-70.2568,2021,6,25,17
2021-06-25 18:00:00,133.0,8.0,125.0,16.5,17.3,91,4.9,107,1020.3,97,91,4,95,0.0,0.0,43.6591,-70.2568,2021,6,25,18
2021-06-25 19:00:00,159.0,34.0,125.0,108.2,17.5,91,4.1,128,1020.2,98,10,0,98,0.0,1445.13,43.6591,-70.2568,2021,6,25,19
2021-06-25 20:00:00,74.0,27.0,47.0,190.2,15.7,98,8.7,128,1020.8,100,9,0,98,0.0,3600.0,43.6591,-70.2568,2021,6,25,20
2021-06-25 21:00:00,4.0,0.0,4.0,0.0,15.0,99,8.6,178,1020.9,100,62,0,100,0.0,0.0,43.6591,-70.2568,2021,6,25,21
2021-06-25 22:00:00,0.0,0.0,0.0,0.0,15.5,99,8.4,200,1021.2,100,100,0,100,0.0,0.0,43.6591,-70.2568,2021,6,25,22
2021-06-25 23:00:00,0.0,0.0,0.0,0.0,15.6,99,8.4,190,1020.8,99,88,0,99,0.0,0.0,43.6591,-70.2568,2021,6,25,23
2021-06-26 00:00:00,0.0,0.0,0.0,0.0,15.4,99,9.5,191,1020.7,100,100,0,99,0.0,0.0,43.6591,-70.2568,2021,6,26,0
2021-06-26 01:00:00,0.0,0.0,0.0,0.0,15.5,99,7.9,204,1020.5,100,100,0,8,0.0,0.0,43.6591,-70.2568,2021,6,26,1
2021-06-26 02:00:00,0.0,0.0,0.0,0.0,16.4,98,7.4,203,1020.2,100,100,0,95,0.0,0.0,43.6591,-70.2568,2021,6,26,2
2021-06-26 03:00:00,0.0,0.0,0.0,0.0,16.8,98,7.9,210,1019.9,85,43,0,74,0.0,0.0,43.6591,-70.2568,2021,6,26,3
2021-06-26 04:00:00,0.0,0.0,0.0,0.0,16.6,99,8.9,212,1019.9,100,51,1,100,0.0,0.0,43.6591,-70.2568,2021,6,26,4
2021-06-26 05:00:00,0.0,0.0,0.0,0.0,16.5,100,8.4,211,1020.1,99,94,19,98,0.0,0.0,43.6591,-70.2568,2021,6,26,5
2021-06-26 06:00:00,16.0,0.0,16.0,0.0,17.1,99,9.2,201,1020.2,99,37,10,99,0.0,0.0,43.6591,-70.2568,2021,6,26,6
2021-06-26 07:00:00,108.0,17.0,91.0,73.1,18.1,93,9.4,198,1020.1,99,21,0,98,0.0,391.57,43.6591,-70.2568,2021,6,26,7
2021-06-26 08:00:00,220.0,55.0,165.0,135.8,18.3,90,12.3,195,1020.7,100,70,2,98,0.0,2273.19,43.6591,-70.2568,2021,6,26,8
2021-06-26 09:00:00,253.0,33.0,220.0,58.0,19.9,83,13.9,205,1020.6,98,62,0,96,0.0,0.0,43.6591,-70.2568,2021,6,26,9
2021-06-26 10:00:00,510.0,268.0,242.0,376.5,23.1,70,15.6,195,1019.8,71,43,0,49,0.0,3600.0,43.6591,-70.2568,2021,6,26,10
2021-06-26 11:00:00,667.0,460.0,207.0,557.4,23.2,74,16.8,171,1019.5,88,87,0,6,0.0,3600.0,43.6591,-70.2568,2021,6,26,11
2021-06-26 12:00:00,612.0,287.0,325.0,318.5,22.6,77,20.0,172,1019.4,100,100,6,95,0.0,3600.0,43.6591,-70.2568,2021,6,26,12
2021-06-26 13:00:00,592.0,173.0,419.0,185.2,22.8,80,18.8,175,1018.7,100,21,15,100,0.0,3600.0,43.6591,-70.2568,2021,6,26,13
2021-06-26 14:00:00,694.0,438.0,256.0,474.8,23.4,78,20.2,176,1017.7,100,1,29,99,0.0,3600.0,43.6591,-70.2568,2021,6,26,14
2021-06-26 15:00:00,558.0,314.0,244.0,362.5,23.8,77,20.5,182,1016.8,100,8,60,100,0.0,3600.0,43.6591,-70.2568,2021,6,26,15
2021-06-26 16:00:00,418.0,108.0,310.0,140.3,23.6,79,22.1,187,1016.3,100,4,64,100,0.0,2409.01,43.6591,-70.2568,2021,6,26,16
2021-06-26 17:00:00,286.0,43.0,243.0,67.2,23.3,79,21.3,191,1015.7,100,0,58,100,0.0,217.35,43.6591,-70.2568,2021,6,26,17
2021-06-26 18:00:00,162.0,13.0,149.0,26.8,22.7,81,20.8,189,1015.3,100,0,100,100,0.0,0.0,43.6591,-70.2568,2021,6,26,18
2021-06-26 19:00:00,57.0,0.0,57.0,0.0,22.0,83,21.5,194,1015.0,100,1,98,100,0.0,0.0,43.6591,-70.2568,2021,6,26,19
2021-06-26 20:00:00,26.0,0.0,26.0,0.0,21.8,85,17.1,198,1016.0,100,4,80,96,0.0,0.0,43.6591,-70.2568,2021,6,26,20
2021-06-26 21:00:00,1.0,0.0,1.0,0.0,21.2,88,17.4,193,1015.9,100,5,88,100,0.0,0.0,43.6591,-70.2568,2021,6,26,21
2021-06-26 22:00:00,0.0,0.0,0.0,0.0,21.0,90,17.5,199,1016.3,100,8,84,99,0.0,0.0,43.6591,-70.2568,2021,6,26,22
2021-06-26 23:00:00,0.0,0.0,0.0,0.0,21.2,90,16.9,200,1015.9,100,7,73,100,0.0,0.0,43.6591,-70.2568,2021,6,26,23
2021-06-27 00:00:00,0.0,0.0,0.0,0.0,21.6,88,16.6,204,1015.7,100,4,47,100,0.0,0.0,43.6591,-70.2568,2021,6,27,0
2021-06-27 01:00:00,0.0,0.0,0.0,0.0,21.7,88,16.3,208,1015.5,97,2,0,97,0.0,0.0,43.6591,-70.2568,2021,6,27,1
2021-06-27 02:00:00,0.0,0.0,0.0,0.0,21.2,91,15.9,205,1015.4,61,2,11,56,0.0,0.0,43.6591,-70.2568,2021,6,27,2
2021-06-27 03:00:00,0.0,0.0,0.0,0.0,20.9,93,15.9,205,1014.8,59,2,1,58,0.0,0.0,43.6591,-70.2568,2021,6,27,3
2021-06-27 04:00:00,0.0,0.0,0.0,0.0,20.9,94,14.7,211,1014.8,42,3,0,41,0.0,0.0,43.6591,-70.2568,2021,6,27,4
2021-06-27 05:00:00,0.0,0.0,0.0,0.0,20.8,95,15.5,208,1014.8,76,2,0,75,0.0,0.0,43.6591,-70.2568,2021,6,27,5
2021-06-27 06:00:00,28.0,8.0,20.0,90.7,21.2,93,15.3,210,1015.0,98,3,7,97,0.0,1356.79,43.6591,-70.2568,2021,6,27,6
2021-06-27 07:00:00,130.0,45.0,85.0,194.3,22.4,89,14.0,206,1014.9,99,0,9,99,0.0,3600.0,43.6591,-70.2568,2021,6,27,7
2021-06-27 08:00:00,263.0,116.0,147.0,287.1,24.1,82,15.7,212,1015.1,98,0,0,91,0.0,3600.0,43.6591,-70.2568,2021,6,27,8
2021-06-27 09:00:00,422.0,236.0,186.0,415.8,25.3,76,16.5,212,1015.1,80,11,0,78,0.0,3600.0,43.6591,-70.2568,2021,6,27,9
2021-06-27 10:00:00,628.0,487.0,141.0,684.9,26.8,69,16.4,199,1014.7,46,7,0,42,0.0,3600.0,43.6591,-70.2568,2021,6,27,10
2021-06-27 11:00:00,767.0,638.0,129.0,773.6,27.6,67,17.8,188,1014.5,85,1,0,85,0.0,3600.0,43.6591,-70.2568,2021,6,27,11
2021-06-27 12:00:00,848.0,692.0,156.0,768.3,28.2,64,19.5,184,1014.1,57,0,0,57,0.0,3600.0,43.6591,-70.2568,2021,6,27,12
2021-06-27 13:00:00,896.0,760.0,136.0,813.7,28.9,62,20.2,185,1013.4,78,0,0,78,0.0,3600.0,43.6591,-70.2568,2021,6,27,13
2021-06-27 14:00:00,879.0,737.0,142.0,799.1,29.7,59,21.2,190,1012.6,90,0,0,90,0.0,3600.0,43.6591,-70.2568,2021,6,27,14
2021-06-27 15:00:00,784.0,611.0,173.0,705.3,29.0,61,22.8,186,1012.2,93,0,1,93,0.0,3600.0,43.6591,-70.2568,2021,6,27,15
2021-06-27 16:00:00,685.0,517.0,168.0,671.5,28.4,62,22.8,186,1011.9,97,0,0,97,0.0,3600.0,43.6591,-70.2568,2021,6,27,16
2021-06-27 17:00:00,528.0,364.0,164.0,569.1,27.7,64,20.3,186,1011.5,98,0,1,98,0.0,3600.0,43.6591,-70.2568,2021,6,27,17
2021-06-27 18:00:00,335.0,161.0,174.0,332.4,27.2,66,19.5,192,1011.3,98,0,0,98,0.0,3600.0,43.6591,-70.2568,2021,6,27,18
2021-06-27 19:00:00,176.0,52.0,124.0,165.2,25.8,68,17.5,194,1011.3,94,0,0,94,0.0,3157.04,43.6591,-70.2568,2021,6,27,19
2021-06-27 20:00:00,70.0,21.0,49.0,147.7,26.1,71,16.6,207,1012.2,87,0,1,96,0.0,2630.76,43.6591,-70.2568,2021,6,27,20
2021-06-27 21:00:00,4.0,0.0,4.0,0.0,25.4,72,15.6,209,1012.5,88,0,2,88,0.0,0.0,43.6591,-70.2568,2021,6,27,21
2021-06-27 22:00:00,0.0,0.0,0.0,0.0,25.5,71,16.4,213,1012.8,78,0,2,77,0.0,0.0,43.6591,-70.2568,2021,6,27,22
2021-06-27 23:00:00,0.0,0.0,0.0,0.0,25.4,71,16.1,219,1012.9,88,0,1,87,0.0,0.0,43.6591,-70.2568,2021,6,27,23
2021-06-28 00:00:00,0.0,0.0,0.0,0.0,25.5,71,16.5,224,1013.1,88,0,0,88,0.0,0.0,43.6591,-70.2568,2021,6,28,0
2021-06-28 01:00:00,0.0,0.0,0.0,0.0,25.2,74,16.9,230,1013.3,86,0,0,86,0.0,0.0,43.6591,-70.2568,2021,6,28,1
2021-06-28 02:00:00,0.0,0.0,0.0,0.0,24.9,77,17.0,234,1013.3,87,0,0,87,0.0,0.0,43.6591,-70.2568,2021,6,28,2
2021-06-28 03:00:00,0.0,0.0,0.0,0.0,24.7,79,16.9,236,1013.5,86,0,0,86,0.0,0.0,43.6591,-70.2568,2021,6,28,3
2021-06-28 04:00:00,0.0,0.0,0.0,0.0,24.5,80,15.9,237,1013.7,73,0,0,73,0.0,0.0,43.6591,-70.2568,2021,6,28,4
2021-06-28 05:00:00,0.0,0.0,0.0,0.0,24.2,81,14.8,241,1014.1,81,0,0,81,0.0,0.0,43.6591,-70.2568,2021,6,28,5
2021-06-28 06:00:00,30.0,12.0,18.0,136.9,24.3,80,13.9,245,1014.6,58,0,0,58,0.0,2838.01,43.6591,-70.2568,2021,6,28,6
2021-06-28 07:00:00,148.0,86.0,62.0,373.2,25.6,76,12.0,249,1014.9,42,0,0,42,0.0,3600.0,43.6591,-70.2568,2021,6,28,7
2021-06-28 08:00:00,314.0,235.0,79.0,583.2,27.4,72,11.9,235,1015.0,34,0,30,36,0.0,3600.0,43.6591,-70.2568,2021,6,28,8
2021-06-28 09:00:00,398.0,281.0,117.0,495.9,29.1,64,12.6,243,1015.2,61,0,28,46,0.0,3600.0,43.6591,-70.2568,2021,6,28,9
2021-06-28 10:00:00,517.0,388.0,129.0,546.3,30.7,56,13.4,243,1014.9,53,0,32,32,0.0,3600.0,43.6591,-70.2568,2021,6,28,10
2021-06-28 11:00:00,651.0,483.0,168.0,586.2,32.1,49,15.0,249,1014.7,62,0,17,54,0.0,3600.0,43.6591,-70.2568,2021,6,28,11
2021-06-28 12:00:00,833.0,679.0,154.0,754.3,33.4,44,16.4,251,1014.3,29,0,9,24,0.0,3600.0,43.6591,-70.2568,2021,6,28,12
2021-06-28 13:00:00,828.0,693.0,135.0,742.2,33.8,42,15.5,245,1013.6,18,1,9,10,0.0,3600.0,43.6591,-70.2568,2021,6,28,13
2021-06-28 14:00:00,815.0,676.0,139.0,733.1,34.0,41,13.8,229,1013.2,8,2,8,0,0.0,3600.0,43.6591,-70.2568,2021,6,28,14
2021-06-28 15:00:00,770.0,639.0,131.0,737.7,33.7,47,11.6,210,1013.0,18,1,17,2,0.0,3600.0,43.6591,-70.2568,2021,6,28,15
2021-06-28 16:00:00,640.0,510.0,130.0,662.4,32.9,53,11.1,205,1012.7,28,0,27,2,0.0,3600.0,43.6591,-70.2568,2021,6,28,16
2021-06-28 17:00:00,483.0,357.0,126.0,558.1,31.6,59,12.2,204,1012.4,35,0,15,27,0.0,3600.0,43.6591,-70.2568,2021,6,28,17
2021-06-28 18:00:00,347.0,245.0,102.0,505.7,30.7,64,10.4,214,1012.5,94,0,22,93,0.0,3600.0,43.6591,-70.2568,2021,6,28,18
2021-06-28 19:00:00,166.0,66.0,100.0,209.7,28.9,73,8.5,216,1012.6,96,0,7,95,0.0,3600.0,43.6591,-70.2568,2021,6,28,19
2021-06-28 20:00:00,66.0,20.0,46.0,140.7,29.2,66,10.8,244,1014.1,70,0,15,96,0.0,2419.93,43.6591,-70.2568,2021,6,28,20
2021-06-28 21:00:00,4.0,0.0,4.0,0.0,28.6,64,9.1,263,1014.4,54,0,11,50,0.0,0.0,43.6591,-70.2568,2021,6,28,21
2021-06-28 22:00:00,0.0,0.0,0.0,0.0,27.4,70,7.8,236,1014.7,22,0,20,4,0.0,0.0,43.6591,-70.2568,2021,6,28,22
2021-06-28 23:00:00,0.0,0.0,0.0,0.0,26.5,72,10.4,236,1014.6,6,0,3,4,0.0,0.0,43.6591,-70.2568,2021,6,28,23
2021-06-29 00:00:00,0.0,0.0,0.0,0.0,27.1,66,12.6,246,1014.6,5,0,3,4,0.0,0.0,43.6591,-70.2568,2021,6,29,0
2021-06-29 01:00:00,0.0,0.0,0.0,0.0,26.6,68,12.6,250,1014.8,7,0,7,1,0.0,0.0,43.6591,-70.2568,2021,6,29,1
2021-06-29 02:00:00,0.0,0.0,0.0,0.0,26.3,69,13.7,256,1014.7,8,0,8,0,0.0,0.0,43.6591,-70.2568,2021,6,29,2
2021-06-29 03:00:00,0.0,0.0,0.0,0.0,26.0,71,13.7,265,1014.7,1,0,1,0,0.0,0.0,43.6591,-70.2568,2021,6,29,3
2021-06-29 04:00:00,0.0,0.0,0.0,0.0,25.6,74,14.4,271,1014.8,3,0,3,0,0.0,0.0,43.6591,-70.2568,2021,6,29,4
2021-06-29 05:00:00,0.0,0.0,0.0,0.0,25.0,77,13.7,275,1015.0,6,0,6,0,0.0,0.0,43.6591,-70.2568,2021,6,29,5
2021-06-29 06:00:00,28.0,13.0,15.0,149.3,25.0,79,13.0,275,1015.6,3,0,3,0,0.0,3111.12,43.6591,-70.2568,2021,6,29,6
2021-06-29 07:00:00,150.0,97.0,53.0,423.1,26.2,77,11.5,274,1015.9,5,0,5,0,0.0,3600.0,43.6591,-70.2568,2021,6,29,7
2021-06-29 08:00:00,309.0,235.0,74.0,584.8,28.2,70,10.4,270,1016.2,3,0,4,0,0.0,3600.0,43.6591,-70.2568,2021,6,29,8
2021-06-29 09:00:00,474.0,382.0,92.0,675.4,29.9,59,9.7,268,1016.0,4,0,4,0,0.0,3600.0,43.6591,-70.2568,2021,6,29,9
2021-06-29 10:00:00,627.0,523.0,104.0,737.3,31.4,51,9.5,259,1015.5,2,0,2,0,0.0,3600.0,43.6591,-70.2568,2021,6,29,10
2021-06-29 11:00:00,761.0,650.0,111.0,789.5,32.5,47,10.4,268,1015.2,10,9,4,0,0.0,3600.0,43.6591,-70.2568,2021,6,29,11
2021-06-29 12:00:00,824.0,690.0,134.0,766.9,33.3,46,10.9,264,1014.6,27,22,9,1,0.0,3600.0,43.6591,-70.2568,2021,6,29,12
2021-06-29 13:00:00,790.0,638.0,152.0,683.6,33.5,45,11.4,246,1013.8,55,54,7,0,0.0,3600.0,43.6591,-70.2568,2021,6,29,13
2021-06-29 14:00:00,782.0,580.0,202.0,629.2,33.8,44,10.9,226,1013.0,27,12,26,1,0.0,3600.0,43.6591,-70.2568,2021,6,29,14
2021-06-29 15:00:00,731.0,573.0,158.0,661.6,33.6,46,11.1,205,1012.6,31,8,30,1,0.0,3600.0,43.6591,-70.2568,2021,6,29,15
2021-06-29 16:00:00,593.0,435.0,158.0,565.0,32.5,56,11.2,186,1012.1,54,5,52,10,0.0,3600.0,43.6591,-70.2568,2021,6,29,16
2021-06-29 17:00:00,463.0,305.0,158.0,476.7,31.2,65,11.8,207,1012.0,53,2,46,23,0.1,3600.0,43.6591,-70.2568,2021,6,29,17
2021-06-29 18:00:00,312.0,202.0,110.0,416.9,31.5,58,11.5,231,1011.8,18,0,12,8,0.0,3600.0,43.6591,-70.2568,2021,6,29,18
2021-06-29 19:00:00,209.0,135.0,74.0,428.9,31.5,54,11.8,243,1011.9,67,0,16,63,0.0,3600.0,43.6591,-70.2568,2021,6,29,19
2021-06-29 20:00:00,67.0,25.0,42.0,176.0,27.1,83,9.4,203,1013.0,41,0,12,68,0.0,3478.52,43.6591,-70.2568,2021,6,29,20
2021-06-29 21:00:00,4.0,1.0,3.0,19.1,26.9,81,9.1,236,1013.4,27,0,14,19,0.0,0.0,43.6591,-70.2568,2021,6,29,21
2021-06-29 22:00:00,0.0,0.0,0.0,0.0,27.2,70,10.0,255,1013.3,12,0,5,8,0.0,0.0,43.6591,-70.2568,2021,6,29,22
2021-06-29 23:00:00,0.0,0.0,0.0,0.0,26.7,68,11.1,257,1012.7,8,0,2,6,0.0,0.0,43.6591,-70.2568,2021,6,29,23
2021-06-30 00:00:00,0.0,0.0,0.0,0.0,26.0,73,11.4,257,1012.5,4,0,1,4,0.0,0.0,43.6591,-70.2568,2021,6,30,0
2021-06-30 01:00:00,0.0,0.0,0.0,0.0,25.5,77,12.8,260,1012.2,0,0,0,0,0.0,0.0,43.6591,-70.2568,2021,6,30,1
2021-06-30 02:00:00,0.0,0.0,0.0,0.0,25.1,79,12.8,260,1011.8,2,0,1,0,0.0,0.0,43.6591,-70.2568,2021,6,30,2
2021-06-30 03:00:00,0.0,0.0,0.0,0.0,24.7,81,11.9,267,1011.5,43,0,2,41,0.0,0.0,43.6591,-70.2568,2021,6,30,3
2021-06-30 04:00:00,0.0,0.0,0.0,0.0,24.2,83,9.9,260,1011.2,66,0,5,64,0.0,0.0,43.6591,-70.2568,2021,6,30,4
2021-06-30 05:00:00,0.0,0.0,0.0,0.0,23.8,85,9.2,249,1010.9,19,0,8,14,0.0,0.0,43.6591,-70.2568,2021,6,30,5
2021-06-30 06:00:00,28.0,13.0,15.0,150.4,24.2,85,9.7,243,1010.9,9,0,7,4,0.0,3080.96,43.6591,-70.2568,2021,6,30,6
2021-06-30 07:00:00,145.0,90.0,55.0,394.8,26.0,79,9.4,247,1010.6,46,0,17,39,0.0,3600.0,43.6591,-70.2568,2021,6,30,7
2021-06-30 08:00:00,286.0,200.0,86.0,499.2,27.8,72,11.8,232,1009.9,55,0,4,7,0.0,3600.0,43.6591,-70.2568,2021,6,30,8
2021-06-30 09:00:00,475.0,371.0,104.0,657.2,30.1,62,12.3,230,1009.5,42,0,8,38,0.0,3600.0,43.6591,-70.2568,2021,6,30,9
2021-06-30 10:00:00,612.0,471.0,141.0,664.9,31.6,53,14.1,238,1008.9,22,0,20,2,0.0,3600.0,43.6591,-70.2568,2021,6,30,10
2021-06-30 11:00:00,724.0,574.0,150.0,697.9,33.1,40,17.2,254,1008.6,98,2,97,26,0.0,3600.0,43.6591,-70.2568,2021,6,30,11
2021-06-30 12:00:00,528.0,171.0,357.0,190.2,32.3,44,14.2,254,1008.0,9,1,8,2,0.0,3600.0,43.6591,-70.2568,2021,6,30,12
2021-06-30 13:00:00,859.0,724.0,135.0,776.1,34.0,41,17.7,257,1007.2,25,12,9,15,0.0,3600.0,43.6591,-70.2568,2021,6,30,13
2021-06-30 14:00:00,776.0,615.0,161.0,667.3,34.2,41,16.3,264,1006.5,38,0,17,28,0.0,3600.0,43.6591,-70.2568,2021,6,30,14
2021-06-30 15:00:00,748.0,585.0,163.0,675.5,31.7,50,18.3,260,1006.5,55,5,14,50,0.0,3600.0,43.6591,-70.2568,2021,6,30,15
2021-06-30 16:00:00,507.0,303.0,204.0,393.6,31.6,52,15.1,258,1006.4,91,12,7,89,0.0,3600.0,43.6591,-70.2568,2021,6,30,16
2021-06-30 17:00:00,422.0,203.0,219.0,317.3,31.7,53,13.9,253,1005.5,99,0,6,99,0.0,3600.0,43.6591,-70.2568,2021,6,30,17
2021-06-30 18:00:00,292.0,135.0,157.0,278.7,30.8,57,14.4,257,1005.6,100,2,28,100,0.1,3600.0,43.6591,-70.2568,2021,6,30,18
2021-06-30 19:00:00,118.0,6.0,112.0,19.1,29.5,61,14.8,264,1005.7,98,0,5,98,0.0,0.0,43.6591,-70.2568,2021,6,30,19
2021-06-30 20:00:00,48.0,5.0,43.0,35.2,26.1,79,13.8,237,1006.2,100,0,97,100,0.0,0.0,43.6591,-70.2568,2021,6,30,20
2021-06-30 21:00:00,1.0,0.0,1.0,0.0,26.3,74,14.1,238,1006.2,100,0,54,100,0.0,0.0,43.6591,-70.2568,2021,6,30,21
2021-06-30 22:00:00,0.0,0.0,0.0,0.0,25.6,76,12.2,223,1006.0,100,0,16,100,0.0,0.0,43.6591,-70.2568,2021,6,30,22
2021-06-30 23:00:00,0.0,0.0,0.0,0.0,25.5,73,13.5,245,1005.7,100,0,16,100,0.0,0.0,43.6591,-70.2568,2021,6,30,23
2021-07-01 00:00:00,0.0,0.0,0.0,0.0,25.5,67,16.5,259,1005.3,100,0,0,100,0.0,0.0,43.6591,-70.2568,2021,7,1,0
2021-07-01 01:00:00,0.0,0.0,0.0,0.0,24.9,68,16.0,261,1004.7,99,0,22,99,0.0,0.0,43.6591,-70.2568,2021,7,1,1
2021-07-01 02:00:00,0.0,0.0,0.0,0.0,24.4,71,14.6,261,1004.3,98,0,90,97,0.0,0.0,43.6591,-70.2568,2021,7,1,2
2021-07-01 03:00:00,0.0,0.0,0.0,0.0,24.0,74,14.8,267,1004.3,100,0,100,100,0.0,0.0,43.6591,-70.2568,2021,7,1,3
2021-07-01 04:00:00,0.0,0.0,0.0,0.0,23.4,78,14.1,264,1004.2,100,0,100,89,0.1,0.0,43.6591,-70.2568,2021,7,1,4
2021-07-01 05:00:00,0.0,0.0,0.0,0.0,23.1,80,12.3,263,1004.3,100,0,99,100,0.0,0.0,43.6591,-70.2568,2021,7,1,5
2021-07-01 06:00:00,8.0,0.0,8.0,0.0,22.9,81,11.6,265,1004.9,99,4,77,99,0.0,0.0,43.6591,-70.2568,2021,7,1,6
2021-07-01 07:00:00,57.0,3.0,54.0,13.2,23.2,80,10.4,272,1005.2,99,0,80,99,0.0,0.0,43.6591,-70.2568,2021,7,1,7
2021-07-01 08:00:00,147.0,18.0,129.0,45.1,23.8,81,6.2,280,1006.0,88,2,64,86,0.0,0.0,43.6591,-70.2568,2021,7,1,8
2021-07-01 09:00:00,312.0,107.0,205.0,189.9,25.1,70,4.4,305,1006.4,95,9,79,94,0.0,3600.0,43.6591,-70.2568,2021,7,1,9
2021-07-01 10:00:00,321.0,89.0,232.0,125.8,25.2,66,1.6,333,1006.2,95,19,80,93,0.0,1974.18,43.6591,-70.2568,2021,7,1,10
2021-07-01 11:00:00,508.0,241.0,267.0,293.3,25.8,61,1.5,14,1006.3,97,12,8,97,0.0,3600.0,43.6591,-70.2568,2021,7,1,11
2021-07-01 12:00:00,748.0,445.0,303.0,495.3,26.8,55,1.8,79,1006.1,100,14,49,100,0.0,3600.0,43.6591,-70.2568,2021,7,1,12
2021-07-01 13:00:00,398.0,85.0,313.0,91.2,24.4,71,8.7,107,1006.1,100,18,62,100,0.0,934.83,43.6591,-70.2568,2021,7,1,13
2021-07-01 14:00:00,387.0,70.0,317.0,76.0,23.8,78,8.4,130,1006.1,100,10,54,100,0.1,479.47,43.6591,-70.2568,2021,7,1,14
2021-07-01 15:00:00,402.0,48.0,354.0,55.4,23.8,79,8.3,146,1005.9,100,4,67,100,0.1,0.0,43.6591,-70.2568,2021,7,1,15
2021-07-01 16:00:00,268.0,19.0,249.0,24.7,23.1,82,8.0,153,1005.9,100,3,77,100,0.0,0.0,43.6591,-70.2568,2021,7,1,16
2021-07-01 17:00:00,168.0,9.0,159.0,14.1,22.4,84,7.4,166,1005.8,100,0,80,100,0.0,0.0,43.6591,-70.2568,2021,7,1,17
2021-07-01 18:00:00,103.0,2.0,101.0,4.1,21.4,88,7.5,163,1005.6,100,2,83,100,0.0,0.0,43.6591,-70.2568,2021,7,1,18
2021-07-01 19:00:00,51.0,0.0,51.0,0.0,20.5,91,7.1,165,1005.9,100,1,93,100,0.1,0.0,43.6591,-70.2568,2021,7,1,19
2021-07-01 20:00:00,23.0,1.0,22.0,7.1,21.4,90,8.8,55,1006.9,100,31,100,100,0.1,0.0,43.6591,-70.2568,2021,7,1,20
2021-07-01 21:00:00,1.0,0.0,1.0,0.0,20.8,88,9.9,57,1007.1,100,39,100,100,0.5,0.0,43.6591,-70.2568,2021,7,1,21
2021-07-01 22:00:00,0.0,0.0,0.0,0.0,19.7,95,10.7,57,1007.1,100,24,100,100,0.5,0.0,43.6591,-70.2568,2021,7,1,22
2021-07-01 23:00:00,0.0,0.0,0.0,0.0,19.2,99,12.7,55,1007.0,100,30,100,100,0.7,0.0,43.6591,-70.2568,2021,7,1,23
2021-07-02 00:00:00,0.0,0.0,0.0,0.0,18.7,100,14.1,77,1006.6,100,100,100,100,2.0,0.0,43.6591,-70.2568,2021,7,2,0
2021-07-02 01:00:00,0.0,0.0,0.0,0.0,18.1,100,15.0,79,1006.2,100,99,100,100,2.6,0.0,43.6591,-70.2568,2021,7,2,1
2021-07-02 02:00:00,0.0,0.0,0.0,0.0,17.4,100,19.8,92,1005.6,100,30,100,100,3.2,0.0,43.6591,-70.2568,2021,7,2,2
2021-07-02 03:00:00,0.0,0.0,0.0,0.0,16.5,100,21.2,75,1005.9,100,81,100,100,3.5,0.0,43.6591,-70.2568,2021,7,2,3
2021-07-02 04:00:00,0.0,0.0,0.0,0.0,15.7,100,19.2,67,1005.8,100,90,100,100,3.9,0.0,43.6591,-70.2568,2021,7,2,4
2021-07-02 05:00:00,0.0,0.0,0.0,0.0,15.4,100,18.0,57,1006.1,100,75,93,98,3.3,0.0,43.6591,-70.2568,2021,7,2,5
2021-07-02 06:00:00,5.0,0.0,5.0,0.0,15.1,100,18.4,62,1006.3,100,54,100,100,1.7,0.0,43.6591,-70.2568,2021,7,2,6
2021-07-02 07:00:00,23.0,0.0,23.0,0.0,15.3,100,20.4,49,1005.9,100,49,100,99,1.4,0.0,43.6591,-70.2568,2021,7,2,7
2021-07-02 08:00:00,80.0,0.0,80.0,0.0,15.6,96,17.4,52,1007.8,100,99,100,100,0.6,0.0,43.6591,-70.2568,2021,7,2,8
2021-07-02 09:00:00,60.0,0.0,60.0,0.0,14.8,100,17.1,44,1007.9,100,92,97,100,0.9,0.0,43.6591,-70.2568,2021,7,2,9
2021-07-02 10:00:00,175.0,0.0,175.0,0.0,15.3,95,17.3,42,1008.2,100,92,95,100,0.5,0.0,43.6591,-70.2568,2021,7,2,10
2021-07-02 11:00:00,232.0,4.0,228.0,4.9,15.3,93,20.4,45,1008.4,100,41,100,100,0.4,0.0,43.6591,-70.2568,2021,7,2,11
2021-07-02 12:00:00,211.0,0.0,211.0,0.0,15.3,92,20.1,46,1008.0,100,34,100,100,0.6,0.0,43.6591,-70.2568,2021,7,2,12
2021-07-02 13:00:00,238.0,2.0,236.0,2.1,15.6,90,18.4,48,1008.2,100,68,97,100,0.7,0.0,43.6591,-70.2568,2021,7,2,13
2021-07-02 14:00:00,169.0,0.0,169.0,0.0,15.7,92,13.7,35,1008.2,100,85,80,100,0.6,0.0,43.6591,-70.2568,2021,7,2,14
2021-07-02 15:00:00,203.0,7.0,196.0,8.1,16.0,90,12.7,29,1008.1,100,98,41,100,0.3,0.0,43.6591,-70.2568,2021,7,2,15
2021-07-02 16:00:00,331.0,36.0,295.0,46.8,16.6,83,14.8,39,1007.8,100,89,96,100,0.2,0.0,43.6591,-70.2568,2021,7,2,16
2021-07-02 17:00:00,177.0,3.0,174.0,4.7,16.4,84,13.6,40,1007.4,100,88,90,100,0.1,0.0,43.6591,-70.2568,2021,7,2,17
2021-07-02 18:00:00,98.0,0.0,98.0,0.0,16.2,85,10.2,39,1007.4,100,100,83,100,0.1,0.0,43.6591,-70.2568,2021,7,2,18
2021-07-02 19:00:00,49.0,0.0,49.0,0.0,16.0,88,8.5,36,1007.6,100,100,91,100,0.2,0.0,43.6591,-70.2568,2021,7,2,19
2021-07-02 20:00:00,17.0,0.0,17.0,0.0,14.5,93,12.1,30,1008.8,100,100,100,100,0.3,0.0,43.6591,-70.2568,2021,7,2,20
2021-07-02 21:00:00,1.0,0.0,1.0,0.0,14.4,93,11.4,11,1009.7,100,100,100,100,0.0,0.0,43.6591,-70.2568,2021,7,2,21
2021-07-02 22:00:00,0.0,0.0,0.0,0.0,14.3,92,12.8,16,1009.6,100,33,99,89,0.2,0.0,43.6591,-70.2568,2021,7,2,22
2021-07-02 23:00:00,0.0,0.0,0.0,0.0,14.1,92,13.0,19,1009.2,99,6,90,97,0.0,0.0,43.6591,-70.2568,2021,7,2,23
2021-07-03 00:00:00,0.0,0.0,0.0,0.0,13.9,92,11.8,23,1009.3,100,5,100,99,0.0,0.0,43.6591,-70.2568,2021,7,3,0
2021-07-03 01:00:00,0.0,0.0,0.0,0.0,14.0,91,11.9,25,1008.9,100,9,98,99,0.0,0.0,43.6591,-70.2568,2021,7,3,1
2021-07-03 02:00:00,0.0,0.0,0.0,0.0,13.8,92,11.6,16,1008.5,97,17,12,97,0.0,0.0,43.6591,-70.2568,2021,7,3,2
2021-07-03 03:00:00,0.0,0.0,0.0,0.0,13.4,94,11.3,17,1008.2,99,42,14,98,0.0,0.0,43.6591,-70.2568,2021,7,3,3
2021-07-03 04:00:00,0.0,0.0,0.0,0.0,13.5,94,10.6,18,1008.0,98,90,69,71,0.0,0.0,43.6591,-70.2568,2021,7,3,4
2021-07-03 05:00:00,0.0,0.0,0.0,0.0,13.7,93,10.8,30,1008.1,100,100,88,94,0.0,0.0,43.6591,-70.2568,2021,7,3,5
2021-07-03 06:00:00,8.0,0.0,8.0,0.0,13.8,93,10.8,37,1008.1,100,100,65,89,0.0,0.0,43.6591,-70.2568,2021,7,3,6
2021-07-03 07:00:00,34.0,0.0,34.0,0.0,13.9,92,11.7,34,1008.2,100,100,66,97,0.1,0.0,43.6591,-70.2568,2021,7,3,7
2021-07-03 08:00:00,56.0,0.0,56.0,0.0,13.7,88,14.6,40,1008.6,100,100,87,99,0.2,0.0,43.6591,-70.2568,2021,7,3,8
2021-07-03 09:00:00,76.0,0.0,76.0,0.0,14.1,87,13.8,51,1008.9,100,100,97,90,0.2,0.0,43.6591,-70.2568,2021,7,3,9
2021-07-03 10:00:00,80.0,0.0,80.0,0.0,14.3,86,11.9,55,1008.7,100,100,95,85,0.3,0.0,43.6591,-70.2568,2021,7,3,10
2021-07-03 11:00:00,147.0,2.0,145.0,2.4,14.6,86,10.8,64,1008.9,100,100,70,30,0.4,0.0,43.6591,-70.2568,2021,7,3,11
2021-07-03 12:00:00,210.0,9.0,201.0,10.0,14.9,86,9.2,64,1008.5,100,100,98,9,0.6,0.0,43.6591,-70.2568,2021,7,3,12
2021-07-03 13:00:00,195.0,2.0,193.0,2.1,14.9,88,8.2,67,1008.0,100,100,100,33,0.8,0.0,43.6591,-70.2568,2021,7,3,13
2021-07-03 14:00:00,193.0,12.0,181.0,13.0,14.9,93,7.0,55,1007.4,100,100,63,91,1.9,0.0,43.6591,-70.2568,2021,7,3,14
2021-07-03 15:00:00,160.0,3.0,157.0,3.5,15.0,94,5.7,35,1007.3,100,100,83,98,0.8,0.0,43.6591,-70.2568,2021,7,3,15
2021-07-03 16:00:00,74.0,0.0,74.0,0.0,14.6,100,5.8,22,1007.1,100,100,88,100,0.9,0.0,43.6591,-70.2568,2021,7,3,16
2021-07-03 17:00:00,123.0,1.0,122.0,1.6,14.8,100,7.2,6,1006.6,100,100,62,98,0.9,0.0,43.6591,-70.2568,2021,7,3,17
2021-07-03 18:00:00,127.0,12.0,115.0,24.8,15.1,94,9.5,11,1006.6,100,100,72,96,0.4,0.0,43.6591,-70.2568,2021,7,3,18
2021-07-03 19:00:00,55.0,1.0,54.0,3.2,14.7,94,11.1,13,1006.6,100,100,70,53,0.2,0.0,43.6591,-70.2568,2021,7,3,19
2021-07-03 20:00:00,19.0,0.0,19.0,0.0,13.8,94,11.3,353,1006.9,100,100,100,100,0.2,0.0,43.6591,-70.2568,2021,7,3,20
2021-07-03 21:00:00,1.0,0.0,1.0,0.0,13.3,100,9.1,353,1007.3,100,100,100,100,1.3,0.0,43.6591,-70.2568,2021,7,3,21
2021-07-03 22:00:00,0.0,0.0,0.0,0.0,13.3,100,8.8,351,1007.5,100,100,100,100,2.0,0.0,43.6591,-70.2568,2021,7,3,22
2021-07-03 23:00:00,0.0,0.0,0.0,0.0,13.2,100,10.4,358,1007.1,100,100,100,98,3.5,0.0,43.6591,-70.2568,2021,7,3,23
2021-07-04 00:00:00,0.0,0.0,0.0,0.0,13.1,100,11.9,357,1006.7,100,52,100,100,3.1,0.0,43.6591,-70.2568,2021,7,4,0
2021-07-04 01:00:00,0.0,0.0,0.0,0.0,13.0,100,9.5,349,1006.6,100,100,100,99,1.6,0.0,43.6591,-70.2568,2021,7,4,1
2021-07-04 02:00:00,0.0,0.0,0.0,0.0,13.1,100,9.6,347,1006.3,100,100,100,78,0.8,0.0,43.6591,-70.2568,2021,7,4,2
2021-07-04 03:00:00,0.0,0.0,0.0,0.0,13.0,100,10.5,352,1006.1,100,100,100,86,0.4,0.0,43.6591,-70.2568,2021,7,4,3
2021-07-04 04:00:00,0.0,0.0,0.0,0.0,13.0,100,11.2,358,1005.8,100,100,100,89,0.2,0.0,43.6591,-70.2568,2021,7,4,4
2021-07-04 05:00:00,0.0,0.0,0.0,0.0,12.9,100,11.2,356,1006.0,100,100,100,95,0.3,0.0,43.6591,-70.2568,2021,7,4,5
2021-07-04 06:00:00,4.0,0.0,4.0,0.0,12.9,100,10.8,360,1006.3,100,100,100,98,0.4,0.0,43.6591,-70.2568,2021,7,4,6
2021-07-04 07:00:00,21.0,0.0,21.0,0.0,13.0,100,9.7,356,1006.6,100,100,100,100,0.4,0.0,43.6591,-70.2568,2021,7,4,7
2021-07-04 08:00:00,29.0,0.0,29.0,0.0,13.4,97,10.7,12,1006.7,100,94,100,98,0.5,0.0,43.6591,-70.2568,2021,7,4,8
2021-07-04 09:00:00,109.0,0.0,109.0,0.0,13.5,100,10.5,16,1007.1,100,99,100,100,0.7,0.0,43.6591,-70.2568,2021,7,4,9
2021-07-04 10:00:00,109.0,0.0,109.0,0.0,13.5,100,9.8,8,1007.4,100,100,100,100,1.0,0.0,43.6591,-70.2568,2021,7,4,10
2021-07-04 11:00:00,116.0,0.0,116.0,0.0,13.5,100,10.8,358,1007.8,100,89,100,99,1.3,0.0,43.6591,-70.2568,2021,7,4,11
2021-07-04 12:00:00,124.0,1.0,123.0,1.1,13.7,100,10.8,358,1008.1,100,92,100,98,1.6,0.0,43.6591,-70.2568,2021,7,4,12
2021-07-04 13:00:00,227.0,5.0,222.0,5.4,14.2,99,12.0,9,1008.4,100,66,100,100,0.9,0.0,43.6591,-70.2568,2021,7,4,13
2021-07-04 14:00:00,219.0,3.0,216.0,3.3,14.7,92,13.6,17,1008.8,100,35,100,100,0.5,0.0,43.6591,-70.2568,2021,7,4,14
2021-07-04 15:00:00,171.0,3.0,168.0,3.5,14.4,100,10.1,4,1008.9,100,32,100,100,0.6,0.0,43.6591,-70.2568,2021,7,4,15
2021-07-04 16:00:00,302.0,32.0,270.0,41.6,15.3,91,13.4,6,1009.3,100,72,12,100,0.4,0.0,43.6591,-70.2568,2021,7,4,16
2021-07-04 17:00:00,396.0,143.0,253.0,223.8,15.8,84,14.8,3,1009.4,100,55,77,100,0.1,3600.0,43.6591,-70.2568,2021,7,4,17
2021-07-04 18:00:00,250.0,50.0,200.0,103.4,15.8,84,14.0,1,1010.0,99,93,68,94,0.0,1302.45,43.6591,-70.2568,2021,7,4,18
2021-07-04 19:00:00,105.0,10.0,95.0,31.9,15.4,86,10.7,348,1010.6,100,42,82,100,0.0,0.0,43.6591,-70.2568,2021,7,4,19
2021-07-04 20:00:00,51.0,6.0,45.0,42.8,14.1,87,12.3,357,1011.8,98,1,99,87,0.0,0.0,43.6591,-70.2568,2021,7,4,20
2021-07-04 21:00:00,2.0,0.0,2.0,0.0,13.9,87,11.6,7,1012.3,98,3,92,90,0.0,0.0,43.6591,-70.2568,2021,7,4,21
2021-07-04 22:00:00,0.0,0.0,0.0,0.0,13.8,88,11.6,5,1012.9,96,0,68,90,0.0,0.0,43.6591,-70.2568,2021,7,4,22
2021-07-04 23:00:00,0.0,0.0,0.0,0.0,13.3,90,9.1,353,1013.1,94,0,55,87,0.0,0.0,43.6591,-70.2568,2021,7,4,23
2021-07-05 00:00:00,0.0,0.0,0.0,0.0,13.0,92,8.2,331,1013.5,45,0,5,42,0.0,0.0,43.6591,-70.2568,2021,7,5,0
2021-07-05 01:00:00,0.0,0.0,0.0,0.0,12.5,93,6.5,326,1013.3,59,0,0,59,0.0,0.0,43.6591,-70.2568,2021,7,5,1
2021-07-05 02:00:00,0.0,0.0,0.0,0.0,12.3,93,5.3,332,1013.2,96,0,0,96,0.0,0.0,43.6591,-70.2568,2021,7,5,2
2021-07-05 03:00:00,0.0,0.0,0.0,0.0,12.3,93,6.1,332,1013.2,18,0,0,18,0.0,0.0,43.6591,-70.2568,2021,7,5,3
2021-07-05 04:00:00,0.0,0.0,0.0,0.0,12.0,93,5.0,330,1013.3,1,0,1,0,0.0,0.0,43.6591,-70.2568,2021,7,5,4
2021-07-05 05:00:00,0.0,0.0,0.0,0.0,10.8,95,4.9,306,1013.7,0,0,0,0,0.0,0.0,43.6591,-70.2568,2021,7,5,5
2021-07-05 06:00:00,27.0,12.0,15.0,144.7,12.0,95,6.5,264,1014.3,0,0,0,0,0.0,2909.07,43.6591,-70.2568,2021,7,5,6
2021-07-05 07:00:00,144.0,85.0,59.0,385.0,13.4,92,5.7,252,1014.7,0,0,0,0,0.0,3600.0,43.6591,-70.2568,2021,7,5,7
2021-07-05 08:00:00,317.0,228.0,89.0,578.7,15.0,87,1.1,252,1015.7,0,1,11,0,0.0,3600.0,43.6591,-70.2568,2021,7,5,8
2021-07-05 09:00:00,485.0,378.0,107.0,676.7,16.8,76,2.9,240,1015.8,14,0,7,8,0.0,3600.0,43.6591,-70.2568,2021,7,5,9
2021-07-05 10:00:00,666.0,559.0,107.0,794.9,18.5,65,5.0,201,1015.6,94,0,0,94,0.0,3600.0,43.6591,-70.2568,2021,7,5,10
2021-07-05 11:00:00,787.0,648.0,139.0,792.0,19.6,60,8.3,180,1015.7,91,0,0,91,0.0,3600.0,43.6591,-70.2568,2021,7,5,11
2021-07-05 12:00:00,876.0,721.0,155.0,805.0,20.3,60,11.7,171,1015.4,98,0,0,98,0.0,3600.0,43.6591,-70.2568,2021,7,5,12
2021-07-05 13:00:00,914.0,764.0,150.0,821.3,20.7,61,12.6,167,1015.0,93,24,3,90,0.0,3600.0,43.6591,-70.2568,2021,7,5,13
2021-07-05 14:00:00,847.0,662.0,185.0,719.9,20.0,64,15.6,165,1014.3,82,81,57,0,0.0,3600.0,43.6591,-70.2568,2021,7,5,14
2021-07-05 15:00:00,532.0,226.0,306.0,261.5,19.1,68,13.0,175,1014.2,99,99,56,0,0.0,3600.0,43.6591,-70.2568,2021,7,5,15
2021-07-05 16:00:00,588.0,283.0,305.0,368.2,19.8,70,14.0,181,1013.7,93,1,62,82,0.0,3600.0,43.6591,-70.2568,2021,7,5,16
2021-07-05 17:00:00,455.0,210.0,245.0,328.9,19.4,75,13.7,180,1013.1,86,9,42,75,0.0,3600.0,43.6591,-70.2568,2021,7,5,17
2021-07-05 18:00:00,368.0,237.0,131.0,490.7,18.8,78,14.5,186,1012.8,88,1,2,87,0.0,3600.0,43.6591,-70.2568,2021,7,5,18
2021-07-05 19:00:00,220.0,129.0,91.0,412.4,17.8,84,14.2,189,1012.5,86,2,0,85,0.0,3600.0,43.6591,-70.2568,2021,7,5,19
2021-07-05 20:00:00,81.0,40.0,41.0,286.8,16.6,88,14.3,192,1012.5,79,2,0,80,0.0,3600.0,43.6591,-70.2568,2021,7,5,20
2021-07-05 21:00:00,3.0,0.0,3.0,0.0,16.2,91,12.3,195,1012.6,95,4,0,95,0.0,0.0,43.6591,-70.2568,2021,7,5,21
2021-07-05 22:00:00,0.0,0.0,0.0,0.0,16.3,94,12.8,202,1012.7,54,0,0,53,0.0,0.0,43.6591,-70.2568,2021,7,5,22
2021-07-05 23:00:00,0.0,0.0,0.0,0.0,16.6,96,13.5,209,1012.5,52,2,0,51,0.0,0.0,43.6591,-70.2568,2021,7,5,23
2021-07-06 00:00:00,0.0,0.0,0.0,0.0,16.9,98,13.0,208,1012.0,79,10,10,75,0.0,0.0,43.6591,-70.2568,2021,7,6,0
2021-07-06 01:00:00,0.0,0.0,0.0,0.0,17.2,99,12.4,206,1011.3,61,14,34,36,0.0,0.0,43.6591,-70.2568,2021,7,6,1
2021-07-06 02:00:00,0.0,0.0,0.0,0.0,17.3,99,12.1,203,1010.7,84,79,24,8,0.0,0.0,43.6591,-70.2568,2021,7,6,2
2021-07-06 03:00:00,0.0,0.0,0.0,0.0,17.3,100,11.8,200,1010.0,100,100,17,0,0.0,0.0,43.6591,-70.2568,2021,7,6,3
2021-07-06 04:00:00,0.0,0.0,0.0,0.0,17.4,99,11.3,197,1009.3,100,100,24,32,0.6,0.0,43.6591,-70.2568,2021,7,6,4
2021-07-06 05:00:00,0.0,0.0,0.0,0.0,17.5,100,11.6,206,1009.0,100,100,36,56,1.4,0.0,43.6591,-70.2568,2021,7,6,5
2021-07-06 06:00:00,11.0,2.0,9.0,24.3,17.8,100,12.8,212,1008.4,60,43,28,27,1.4,0.0,43.6591,-70.2568,2021,7,6,6
2021-07-06 07:00:00,102.0,50.0,52.0,228.1,18.7,97,14.7,216,1008.1,47,31,4,32,0.0,3600.0,43.6591,-70.2568,2021,7,6,7
2021-07-06 08:00:00,260.0,144.0,116.0,366.8,19.1,98,10.2,225,1007.9,96,33,0,99,0.0,3600.0,43.6591,-70.2568,2021,7,6,8
2021-07-06 09:00:00,292.0,80.0,212.0,143.6,21.5,93,8.2,229,1007.3,98,5,0,98,0.0,2506.71,43.6591,-70.2568,2021,7,6,9
2021-07-06 10:00:00,412.0,125.0,287.0,178.0,23.3,87,11.8,232,1007.1,98,0,72,96,0.0,3540.85,43.6591,-70.2568,2021,7,6,10
2021-07-06 11:00:00,545.0,232.0,313.0,283.9,24.8,78,14.2,243,1007.0,99,1,98,89,0.0,3600.0,43.6591,-70.2568,2021,7,6,11
2021-07-06 12:00:00,219.0,28.0,191.0,31.3,23.9,83,12.3,230,1006.5,66,1,33,57,0.0,0.0,43.6591,-70.2568,2021,7,6,12
2021-07-06 13:00:00,629.0,310.0,319.0,333.5,26.5,73,13.0,236,1005.8,66,32,10,55,0.1,3600.0,43.6591,-70.2568,2021,7,6,13
2021-07-06 14:00:00,739.0,475.0,264.0,516.9,27.4,71,12.4,216,1005.1,78,14,24,72,0.1,3600.0,43.6591,-70.2568,2021,7,6,14
2021-07-06 15:00:00,577.0,363.0,214.0,420.2,27.0,80,10.3,205,1005.0,91,29,28,88,0.3,3600.0,43.6591,-70.2568,2021,7,6,15
2021-07-06 16:00:00,552.0,335.0,217.0,436.2,27.0,83,10.6,204,1004.5,44,30,15,22,0.5,3600.0,43.6591,-70.2568,2021,7,6,16
2021-07-06 17:00:00,451.0,336.0,115.0,526.7,26.6,89,10.7,213,1004.1,89,5,17,87,0.1,3600.0,43.6591,-70.2568,2021,7,6,17
2021-07-06 18:00:00,283.0,112.0,171.0,232.1,26.8,82,13.6,230,1003.7,90,4,10,89,0.0,3600.0,43.6591,-70.2568,2021,7,6,18
2021-07-06 19:00:00,199.0,111.0,88.0,355.6,26.6,79,14.5,251,1003.6,98,0,24,97,0.0,3600.0,43.6591,-70.2568,2021,7,6,19
2021-07-06 20:00:00,64.0,18.0,46.0,129.8,23.7,94,12.0,221,1003.8,82,0,15,98,0.0,2094.29,43.6591,-70.2568,2021,7,6,20
2021-07-06 21:00:00,3.0,0.0,3.0,0.0,24.4,88,15.0,243,1004.4,98,2,14,98,0.0,0.0,43.6591,-70.2568,2021,7,6,21
2021-07-06 22:00:00,0.0,0.0,0.0,0.0,23.7,88,15.3,262,1004.8,10,3,10,0,0.0,0.0,43.6591,-70.2568,2021,7,6,22
2021-07-06 23:00:00,0.0,0.0,0.0,0.0,23.3,89,14.8,266,1004.9,9,0,9,0,0.0,0.0,43.6591,-70.2568,2021,7,6,23
2021-07-07 00:00:00,0.0,0.0,0.0,0.0,22.8,91,14.4,266,1005.0,11,0,11,0,0.0,0.0,43.6591,-70.2568,2021,7,7,0
2021-07-07 01:00:00,0.0,0.0,0.0,0.0,22.2,93,13.3,272,1005.0,4,0,4,0,0.0,0.0,43.6591,-70.2568,2021,7,7,1
2021-07-07 02:00:00,0.0,0.0,0.0,0.0,21.7,95,13.1,279,1005.1,2,0,2,0,0.0,0.0,43.6591,-70.2568,2021,7,7,2
2021-07-07 03:00:00,0.0,0.0,0.0,0.0,21.2,96,12.0,277,1005.7,16,0,6,11,0.0,0.0,43.6591,-70.2568,2021,7,7,3
2021-07-07 04:00:00,0.0,0.0,0.0,0.0,20.8,96,11.4,283,1006.3,43,0,0,43,0.0,0.0,43.6591,-70.2568,2021,7,7,4
2021-07-07 05:00:00,0.0,0.0,0.0,0.0,20.2,96,11.1,283,1006.8,28,0,1,28,0.0,0.0,43.6591,-70.2568,2021,7,7,5
2021-07-07 06:00:00,24.0,11.0,13.0,135.2,20.3,95,9.5,279,1007.2,43,0,1,42,0.0,2591.2,43.6591,-70.2568,2021,7,7,6
2021-07-07 07:00:00,143.0,89.0,54.0,409.0,21.6,91,7.6,278,1007.4,84,0,0,84,0.0,3600.0,43.6591,-70.2568,2021,7,7,7
2021-07-07 08:00:00,303.0,214.0,89.0,547.2,23.1,86,6.8,270,1007.9,80,0,0,74,0.0,3600.0,43.6591,-70.2568,2021,7,7,8
2021-07-07 09:00:00,473.0,364.0,109.0,654.7,25.0,78,7.2,273,1008.3,58,2,0,57,0.0,3600.0,43.6591,-70.2568,2021,7,7,9
2021-07-07 10:00:00,600.0,462.0,138.0,659.1,26.0,65,7.0,291,1008.4,52,18,0,42,0.0,3600.0,43.6591,-70.2568,2021,7,7,10
2021-07-07 11:00:00,750.0,622.0,128.0,762.0,26.4,63,4.8,333,1008.7,59,12,0,53,0.0,3600.0,43.6591,-70.2568,2021,7,7,11
2021-07-07 12:00:00,809.0,634.0,175.0,709.2,26.2,65,3.1,45,1008.8,47,11,0,42,0.0,3600.0,43.6591,-70.2568,2021,7,7,12
2021-07-07 13:00:00,798.0,596.0,202.0,641.7,25.6,75,7.8,112,1008.6,88,41,56,72,0.0,3600.0,43.6591,-70.2568,2021,7,7,13
2021-07-07 14:00:00,771.0,565.0,206.0,615.2,25.1,80,13.8,133,1008.2,89,54,51,82,0.2,3600.0,43.6591,-70.2568,2021,7,7,14
2021-07-07 15:00:00,657.0,386.0,271.0,447.1,24.7,84,11.2,123,1008.3,95,16,82,83,0.5,3600.0,43.6591,-70.2568,2021,7,7,15
2021-07-07 16:00:00,228.0,82.0,146.0,106.8,22.6,94,11.1,144,1008.4,100,2,100,58,0.0,1405.05,43.6591,-70.2568,2021,7,7,16
2021-07-07 17:00:00,142.0,3.0,139.0,4.7,22.5,93,4.8,117,1008.1,96,0,93,57,0.0,0.0,43.6591,-70.2568,2021,7,7,17
2021-07-07 18:00:00,165.0,29.0,136.0,60.2,23.0,93,2.6,146,1008.8,98,27,96,64,0.1,5.61,43.6591,-70.2568,2021,7,7,18
2021-07-07 19:00:00,134.0,62.0,72.0,199.1,23.3,94,6.8,205,1009.2,79,45,73,51,0.1,3600.0,43.6591,-70.2568,2021,7,7,19
2021-07-07 20:00:00,46.0,17.0,29.0,123.4,20.9,97,5.5,11,1011.0,100,44,46,9,0.1,1902.03,43.6591,-70.2568,2021,7,7,20
2021-07-07 21:00:00,2.0,0.0,2.0,0.0,20.6,88,5.6,45,1011.7,82,75,51,9,0.4,0.0,43.6591,-70.2568,2021,7,7,21
2021-07-07 22:00:00,0.0,0.0,0.0,0.0,19.9,88,4.2,59,1011.9,44,34,31,17,0.0,0.0,43.6591,-70.2568,2021,7,7,22
2021-07-07 23:00:00,0.0,0.0,0.0,0.0,19.2,89,7.9,360,1012.1,57,21,16,45,0.0,0.0,43.6591,-70.2568,2021,7,7,23
2021-07-08 00:00:00,0.0,0.0,0.0,0.0,18.6,84,9.5,9,1012.3,46,17,10,36,0.0,0.0,43.6591,-70.2568,2021,7,8,0
2021-07-08 01:00:00,0.0,0.0,0.0,0.0,17.8,81,9.8,6,1012.6,97,49,39,95,0.0,0.0,43.6591,-70.2568,2021,7,8,1
2021-07-08 02:00:00,0.0,0.0,0.0,0.0,17.9,74,10.2,10,1012.6,88,14,35,84,0.0,0.0,43.6591,-70.2568,2021,7,8,2
2021-07-08 03:00:00,0.0,0.0,0.0,0.0,17.7,72,11.4,18,1013.0,100,100,23,96,0.0,0.0,43.6591,-70.2568,2021,7,8,3
2021-07-08 04:00:00,0.0,0.0,0.0,0.0,17.5,70,11.5,20,1013.3,100,100,13,98,0.0,0.0,43.6591,-70.2568,2021,7,8,4
2021-07-08 05:00:00,0.0,0.0,0.0,0.0,17.7,69,10.8,30,1014.0,100,100,73,94,0.0,0.0,43.6591,-70.2568,2021,7,8,5
2021-07-08 06:00:00,10.0,0.0,10.0,0.0,17.4,71,12.8,40,1014.4,98,87,5,90,0.0,0.0,43.6591,-70.2568,2021,7,8,6
2021-07-08 07:00:00,81.0,10.0,71.0,46.3,17.6,76,13.8,57,1014.6,94,0,7,94,0.0,0.0,43.6591,-70.2568,2021,7,8,7
2021-07-08 08:00:00,256.0,133.0,123.0,341.4,16.4,80,15.3,75,1015.4,97,0,2,24,0.0,3600.0,43.6591,-70.2568,2021,7,8,8
2021-07-08 09:00:00,457.0,349.0,108.0,629.3,17.5,73,13.4,70,1016.5,70,3,52,48,0.3,3600.0,43.6591,-70.2568,2021,7,8,9
2021-07-08 10:00:00,312.0,169.0,143.0,241.5,16.6,84,11.9,76,1016.9,100,58,100,94,1.6,3600.0,43.6591,-70.2568,2021,7,8,10
2021-07-08 11:00:00,162.0,18.0,144.0,22.1,15.9,91,12.1,78,1017.2,100,100,88,30,0.8,0.0,43.6591,-70.2568,2021,7,8,11
2021-07-08 12:00:00,241.0,14.0,227.0,15.7,16.3,85,13.5,74,1017.3,100,100,37,83,0.0,0.0,43.6591,-70.2568,2021,7,8,12
2021-07-08 13:00:00,330.0,45.0,285.0,48.5,16.8,76,14.0,78,1017.1,100,100,74,100,0.0,0.0,43.6591,-70.2568,2021,7,8,13
2021-07-08 14:00:00,290.0,30.0,260.0,32.7,16.7,75,15.3,82,1016.6,100,97,97,100,0.0,0.0,43.6591,-70.2568,2021,7,8,14
2021-07-08 15:00:00,154.0,7.0,147.0,8.1,16.0,78,14.9,83,1016.4,99,85,81,98,0.1,0.0,43.6591,-70.2568,2021,7,8,15
2021-07-08 16:00:00,174.0,13.0,161.0,17.0,15.4,84,14.6,81,1016.0,100,100,63,100,0.4,0.0,43.6591,-70.2568,2021,7,8,16
2021-07-08 17:00:00,215.0,20.0,195.0,31.4,15.4,87,12.4,80,1015.5,100,100,67,100,0.2,0.0,43.6591,-70.2568,2021,7,8,17
2021-07-08 18:00:00,64.0,1.0,63.0,2.1,15.2,90,10.7,76,1015.0,100,100,72,100,0.2,0.0,43.6591,-70.2568,2021,7,8,18
2021-07-08 19:00:00,42.0,0.0,42.0,0.0,15.2,92,11.5,76,1014.9,100,100,100,100,0.5,0.0,43.6591,-70.2568,2021,7,8,19
2021-07-08 20:00:00,11.0,0.0,11.0,0.0,15.7,95,9.4,83,1014.9,100,74,100,99,0.9,0.0,43.6591,-70.2568,2021,7,8,20
2021-07-08 21:00:00,1.0,0.0,1.0,0.0,15.1,96,10.1,84,1014.8,100,95,98,100,0.1,0.0,43.6591,-70.2568,2021,7,8,21
2021-07-08 22:00:00,0.0,0.0,0.0,0.0,14.5,100,8.8,81,1014.7,100,98,73,99,0.5,0.0,43.6591,-70.2568,2021,7,8,22
2021-07-08 23:00:00,0.0,0.0,0.0,0.0,14.4,100,6.9,81,1014.1,100,100,100,100,0.9,0.0,43.6591,-70.2568,2021,7,8,23
2021-07-09 00:00:00,0.0,0.0,0.0,0.0,14.5,100,3.9,68,1013.6,100,46,99,100,0.7,0.0,43.6591,-70.2568,2021,7,9,0
2021-07-09 01:00:00,0.0,0.0,0.0,0.0,14.7,100,1.9,202,1013.0,100,98,19,100,0.1,0.0,43.6591,-70.2568,2021,7,9,1
2021-07-09 02:00:00,0.0,0.0,0.0,0.0,14.7,100,2.2,189,1011.7,100,71,100,100,0.5,0.0,43.6591,-70.2568,2021,7,9,2
2021-07-09 03:00:00,0.0,0.0,0.0,0.0,14.8,99,2.8,230,1011.4,100,100,94,100,0.2,0.0,43.6591,-70.2568,2021,7,9,3
2021-07-09 04:00:00,0.0,0.0,0.0,0.0,15.1,99,6.1,220,1011.4,100,80,95,100,0.0,0.0,43.6591,-70.2568,2021,7,9,4
2021-07-09 05:00:00,0.0,0.0,0.0,0.0,15.5,100,5.6,207,1011.3,100,67,99,100,0.3,0.0,43.6591,-70.2568,2021,7,9,5
2021-07-09 06:00:00,3.0,0.0,3.0,0.0,15.9,100,4.7,212,1011.4,100,26,100,100,0.8,0.0,43.6591,-70.2568,2021,7,9,6
2021-07-09 07:00:00,23.0,0.0,23.0,0.0,16.5,100,6.2,187,1011.3,100,22,100,100,0.7,0.0,43.6591,-70.2568,2021,7,9,7
2021-07-09 08:00:00,47.0,0.0,47.0,0.0,16.4,100,3.8,287,1011.5,100,99,100,100,0.4,0.0,43.6591,-70.2568,2021,7,9,8
2021-07-09 09:00:00,59.0,0.0,59.0,0.0,16.9,100,5.4,127,1011.0,100,100,99,100,2.6,0.0,43.6591,-70.2568,2021,7,9,9
2021-07-09 10:00:00,91.0,0.0,91.0,0.0,17.4,100,6.3,103,1010.4,100,100,100,100,2.2,0.0,43.6591,-70.2568,2021,7,9,10
2021-07-09 11:00:00,91.0,0.0,91.0,0.0,17.5,100,9.4,97,1009.9,100,100,85,100,0.9,0.0,43.6591,-70.2568,2021,7,9,11
2021-07-09 12:00:00,145.0,2.0,143.0,2.2,18.1,100,11.8,70,1009.0,100,100,72,100,1.5,0.0,43.6591,-70.2568,2021,7,9,12
2021-07-09 13:00:00,142.0,4.0,138.0,4.3,18.7,100,10.4,76,1008.3,100,100,65,100,2.8,0.0,43.6591,-70.2568,2021,7,9,13
2021-07-09 14:00:00,56.0,0.0,56.0,0.0,18.8,100,12.5,33,1006.8,100,100,67,100,7.3,0.0,43.6591,-70.2568,2021,7,9,14
2021-07-09 15:00:00,59.0,3.0,56.0,3.5,19.0,100,18.2,38,1004.8,100,100,100,100,9.1,0.0,43.6591,-70.2568,2021,7,9,15
2021-07-09 16:00:00,23.0,0.0,23.0,0.0,19.5,100,18.4,28,1003.4,100,93,100,99,20.0,0.0,43.6591,-70.2568,2021,7,9,16
2021-07-09 17:00:00,49.0,0.0,49.0,0.0,19.6,100,21.2,40,1001.6,100,100,100,100,13.6,0.0,43.6591,-70.2568,2021,7,9,17
2021-07-09 18:00:00,73.0,0.0,73.0,0.0,19.8,100,19.5,358,1001.1,100,100,54,100,3.1,0.0,43.6591,-70.2568,2021,7,9,18
2021-07-09 19:00:00,77.0,2.0,75.0,6.5,20.1,97,24.3,335,1002.3,99,0,56,97,0.5,0.0,43.6591,-70.2568,2021,7,9,19
2021-07-09 20:00:00,47.0,7.0,40.0,51.6,19.4,97,21.1,307,1002.8,94,0,1,88,0.0,0.0,43.6591,-70.2568,2021,7,9,20
2021-07-09 21:00:00,3.0,0.0,3.0,0.0,19.2,95,17.4,304,1004.3,5,0,3,2,0.0,0.0,43.6591,-70.2568,2021,7,9,21
2021-07-09 22:00:00,0.0,0.0,0.0,0.0,19.0,96,14.2,279,1005.8,90,0,2,90,0.0,0.0,43.6591,-70.2568,2021,7,9,22
2021-07-09 23:00:00,0.0,0.0,0.0,0.0,18.9,96,11.9,284,1006.7,54,0,2,53,0.0,0.0,43.6591,-70.2568,2021,7,9,23
2021-07-10 00:00:00,0.0,0.0,0.0,0.0,18.6,96,9.6,283,1008.0,9,7,2,2,0.0,0.0,43.6591,-70.2568,2021,7,10,0
2021-07-10 01:00:00,0.0,0.0,0.0,0.0,18.1,96,8.7,294,1009.0,11,11,0,0,0.0,0.0,43.6591,-70.2568,2021,7,10,1
2021-07-10 02:00:00,0.0,0.0,0.0,0.0,17.8,97,10.2,328,1009.4,14,6,5,8,0.0,0.0,43.6591,-70.2568,2021,7,10,2
2021-07-10 03:00:00,0.0,0.0,0.0,0.0,17.4,94,12.0,339,1009.6,11,1,5,7,0.0,0.0,43.6591,-70.2568,2021,7,10,3
2021-07-10 04:00:00,0.0,0.0,0.0,0.0,16.7,93,13.1,344,1010.0,15,2,13,2,0.0,0.0,43.6591,-70.2568,2021,7,10,4
2021-07-10 05:00:00,0.0,0.0,0.0,0.0,16.2,92,14.0,348,1010.3,17,1,17,1,0.0,0.0,43.6591,-70.2568,2021,7,10,5
2021-07-10 06:00:00,19.0,8.0,11.0,101.6,16.0,92,12.1,350,1010.7,23,0,23,2,0.0,1550.13,43.6591,-70.2568,2021,7,10,6
2021-07-10 07:00:00,115.0,69.0,46.0,325.0,16.8,90,10.7,348,1011.4,15,0,14,2,0.0,3600.0,43.6591,-70.2568,2021,7,10,7
2021-07-10 08:00:00,269.0,190.0,79.0,491.9,17.7,84,9.0,5,1011.9,11,0,25,0,0.0,3600.0,43.6591,-70.2568,2021,7,10,8
2021-07-10 09:00:00,425.0,313.0,112.0,567.4,19.2,76,8.4,25,1012.4,18,0,18,0,0.0,3600.0,43.6591,-70.2568,2021,7,10,9
2021-07-10 10:00:00,582.0,457.0,125.0,655.5,20.3,72,7.3,33,1012.7,21,5,18,0,0.0,3600.0,43.6591,-70.2568,2021,7,10,10
2021-07-10 11:00:00,685.0,542.0,143.0,666.6,21.4,65,6.9,43,1012.8,69,53,14,28,0.0,3600.0,43.6591,-70.2568,2021,7,10,11
2021-07-10 12:00:00,758.0,559.0,199.0,627.2,22.2,63,4.7,99,1012.9,85,82,15,9,0.0,3600.0,43.6591,-70.2568,2021,7,10,12
2021-07-10 13:00:00,640.0,360.0,280.0,388.6,21.6,70,7.2,117,1012.8,76,74,8,0,0.0,3600.0,43.6591,-70.2568,2021,7,10,13
2021-07-10 14:00:00,728.0,432.0,296.0,471.5,22.1,71,2.6,124,1012.5,2,0,2,0,0.0,3600.0,43.6591,-70.2568,2021,7,10,14
2021-07-10 15:00:00,822.0,703.0,119.0,816.1,23.1,67,1.6,117,1012.2,4,1,1,3,0.0,3600.0,43.6591,-70.2568,2021,7,10,15
2021-07-10 16:00:00,708.0,590.0,118.0,770.7,22.7,74,7.9,120,1011.8,2,0,1,1,0.0,3600.0,43.6591,-70.2568,2021,7,10,16
2021-07-10 17:00:00,566.0,463.0,103.0,728.8,21.2,79,10.3,126,1011.9,0,0,0,0,0.0,3600.0,43.6591,-70.2568,2021,7,10,17
2021-07-10 18:00:00,399.0,309.0,90.0,644.5,20.0,81,6.8,162,1011.8,0,0,0,0,0.0,3600.0,43.6591,-70.2568,2021,7,10,18
2021-07-10 19:00:00,231.0,164.0,67.0,531.4,19.6,84,3.6,186,1012.1,0,0,0,0,0.0,3600.0,43.6591,-70.2568,2021,7,10,19
2021-07-10 20:00:00,79.0,44.0,35.0,327.2,18.1,89,7.6,175,1012.9,0,0,0,0,0.0,3600.0,43.6591,-70.2568,2021,7,10,20
2021-07-10 21:00:00,3.0,1.0,2.0,19.1,17.1,91,7.7,191,1013.3,2,0,2,0,0.0,0.0,43.6591,-70.2568,2021,7,10,21
2021-07-10 22:00:00,0.0,0.0,0.0,0.0,16.6,93,8.2,221,1013.8,3,0,3,0,0.0,0.0,43.6591,-70.2568,2021,7,10,22
2021-07-10 23:00:00,0.0,0.0,0.0,0.0,16.2,95,9.0,247,1014.0,2,0,2,0,0.0,0.0,43.6591,-70.2568,2021,7,10,23
2021-07-11 00:00:00,0.0,0.0,0.0,0.0,16.0,96,8.7,277,1014.0,1,0,1,0,0.0,0.0,43.6591,-70.2568,2021,7,11,0
2021-07-11 01:00:00,0.0,0.0,0.0,0.0,16.0,97,9.1,288,1014.1,0,0,0,0,0.0,0.0,43.6591,-70.2568,2021,7,11,1
2021-07-11 02:00:00,0.0,0.0,0.0,0.0,16.0,97,8.6,292,1014.1,0,0,0,0,0.0,0.0,43.6591,-70.2568,2021,7,11,2
2021-07-11 03:00:00,0.0,0.0,0.0,0.0,16.1,97,9.4,288,1014.6,1,0,1,0,0.0,0.0,43.6591,-70.2568,2021,7,11,3
2021-07-11 04:00:00,0.0,0.0,0.0,0.0,16.3,97,8.7,294,1014.5,1,0,1,0,0.0,0.0,43.6591,-70.2568,2021,7,11,4
2021-07-11 05:00:00,0.0,0.0,0.0,0.0,15.8,98,4.8,318,1014.4,1,0,1,0,0.0,0.0,43.6591,-70.2568,2021,7,11,5
2021-07-11 06:00:00,22.0,10.0,12.0,128.5,16.5,99,4.1,285,1014.8,3,3,0,0,0.0,2293.09,43.6591,-70.2568,2021,7,11,6
2021-07-11 07:00:00,141.0,89.0,52.0,423.0,18.2,96,3.3,257,1015.3,97,5,3,97,0.0,3600.0,43.6591,-70.2568,2021,7,11,7
2021-07-11 08:00:00,288.0,182.0,106.0,473.3,19.9,91,2.1,239,1015.9,98,0,0,98,0.0,3600.0,43.6591,-70.2568,2021,7,11,8
2021-07-11 09:00:00,447.0,288.0,159.0,523.5,21.6,86,2.5,180,1015.8,99,0,0,99,0.0,3600.0,43.6591,-70.2568,2021,7,11,9
2021-07-11 10:00:00,538.0,278.0,260.0,399.5,22.6,80,5.8,176,1015.8,97,1,0,97,0.0,3600.0,43.6591,-70.2568,2021,7,11,10
2021-07-11 11:00:00,642.0,349.0,293.0,429.9,23.2,77,7.5,163,1015.6,99,6,34,98,0.1,3600.0,43.6591,-70.2568,2021,7,11,11
2021-07-11 12:00:00,641.0,293.0,348.0,329.1,23.4,77,8.7,163,1015.5,90,18,26,86,0.1,3600.0,43.6591,-70.2568,2021,7,11,12
2021-07-11 13:00:00,723.0,403.0,320.0,435.4,24.0,73,10.6,170,1015.2,71,7,47,54,0.1,3600.0,43.6591,-70.2568,2021,7,11,13
2021-07-11 14:00:00,796.0,546.0,250.0,596.4,24.4,73,12.3,175,1015.1,69,9,35,59,0.1,3600.0,43.6591,-70.2568,2021,7,11,14
2021-07-11 15:00:00,702.0,435.0,267.0,505.5,24.2,76,14.1,176,1015.0,100,0,28,100,0.0,3600.0,43.6591,-70.2568,2021,7,11,15
2021-07-11 16:00:00,608.0,331.0,277.0,432.8,23.7,75,14.8,181,1014.7,100,2,37,100,0.0,3600.0,43.6591,-70.2568,2021,7,11,16
2021-07-11 17:00:00,397.0,125.0,272.0,197.0,22.7,80,13.7,185,1014.7,100,3,48,100,0.0,3600.0,43.6591,-70.2568,2021,7,11,17
2021-07-11 18:00:00,199.0,40.0,159.0,83.6,21.9,84,13.9,197,1014.8,100,13,99,100,0.0,708.06,43.6591,-70.2568,2021,7,11,18
2021-07-11 19:00:00,68.0,3.0,65.0,9.8,21.1,86,13.9,197,1014.8,100,2,100,100,0.0,0.0,43.6591,-70.2568,2021,7,11,19
2021-07-11 20:00:00,19.0,0.0,19.0,0.0,21.0,86,15.9,208,1015.2,100,0,100,100,0.0,0.0,43.6591,-70.2568,2021,7,11,20
2021-07-11 21:00:00,1.0,0.0,1.0,0.0,20.6,91,13.8,213,1015.3,100,0,100,100,0.4,0.0,43.6591,-70.2568,2021,7,11,21
2021-07-11 22:00:00,0.0,0.0,0.0,0.0,20.4,92,13.0,219,1015.7,100,0,100,100,0.2,0.0,43.6591,-70.2568,2021,7,11,22
2021-07-11 23:00:00,0.0,0.0,0.0,0.0,20.0,94,11.2,225,1015.9,100,0,100,100,0.5,0.0,43.6591,-70.2568,2021,7,11,23
2021-07-12 00:00:00,0.0,0.0,0.0,0.0,19.5,96,9.7,243,1016.2,100,0,100,100,0.7,0.0,43.6591,-70.2568,2021,7,12,0
2021-07-12 01:00:00,0.0,0.0,0.0,0.0,18.9,100,7.0,235,1015.8,100,0,100,100,0.6,0.0,43.6591,-70.2568,2021,7,12,1
2021-07-12 02:00:00,0.0,0.0,0.0,0.0,18.7,100,8.2,229,1016.1,100,0,100,100,0.3,0.0,43.6591,-70.2568,2021,7,12,2
2021-07-12 03:00:00,0.0,0.0,0.0,0.0,18.5,100,4.2,250,1016.4,100,0,100,100,0.7,0.0,43.6591,-70.2568,2021,7,12,3
2021-07-12 04:00:00,0.0,0.0,0.0,0.0,18.2,100,3.9,292,1016.4,100,0,100,99,0.5,0.0,43.6591,-70.2568,2021,7,12,4
2021-07-12 05:00:00,0.0,0.0,0.0,0.0,18.0,100,3.1,216,1016.7,100,0,100,100,0.4,0.0,43.6591,-70.2568,2021,7,12,5
2021-07-12 06:00:00,4.0,0.0,4.0,0.0,18.1,100,1.1,108,1016.9,100,100,100,100,0.3,0.0,43.6591,-70.2568,2021,7,12,6
2021-07-12 07:00:00,19.0,0.0,19.0,0.0,18.5,100,3.1,111,1017.2,100,99,100,100,0.3,0.0,43.6591,-70.2568,2021,7,12,7
2021-07-12 08:00:00,46.0,0.0,46.0,0.0,17.8,99,4.1,285,1017.8,100,100,100,100,0.1,0.0,43.6591,-70.2568,2021,7,12,8
2021-07-12 09:00:00,102.0,1.0,101.0,1.8,18.8,100,2.4,297,1018.1,100,32,100,100,1.3,0.0,43.6591,-70.2568,2021,7,12,9
2021-07-12 10:00:00,58.0,0.0,58.0,0.0,18.9,100,4.1,75,1018.4,100,18,100,95,0.7,0.0,43.6591,-70.2568,2021,7,12,10
2021-07-12 11:00:00,304.0,24.0,280.0,29.6,20.0,95,4.2,121,1018.8,98,67,71,97,0.1,0.0,43.6591,-70.2568,2021,7,12,11
2021-07-12 12:00:00,516.0,189.0,327.0,212.6,20.7,89,5.9,137,1018.9,99,31,94,97,0.0,3600.0,43.6591,-70.2568,2021,7,12,12
2021-07-12 13:00:00,441.0,118.0,323.0,127.6,21.0,85,2.9,90,1019.0,100,2,99,41,0.0,2028.71,43.6591,-70.2568,2021,7,12,13
2021-07-12 14:00:00,345.0,88.0,257.0,96.2,21.0,87,3.9,124,1019.3,100,1,100,39,0.0,1086.55,43.6591,-70.2568,2021,7,12,14
2021-07-12 15:00:00,193.0,15.0,178.0,17.4,20.4,89,4.6,129,1019.6,100,12,99,88,0.0,0.0,43.6591,-70.2568,2021,7,12,15
2021-07-12 16:00:00,244.0,0.0,244.0,0.0,20.6,87,4.8,138,1019.4,100,11,99,79,0.0,0.0,43.6591,-70.2568,2021,7,12,16
2021-07-12 17:00:00,355.0,111.0,244.0,175.2,21.2,84,4.3,138,1019.1,93,4,82,83,0.0,3456.57,43.6591,-70.2568,2021,7,12,17
2021-07-12 18:00:00,281.0,128.0,153.0,268.1,20.8,87,5.1,135,1019.2,68,1,2,68,0.0,3600.0,43.6591,-70.2568,2021,7,12,18
2021-07-12 19:00:00,186.0,93.0,93.0,303.6,19.4,91,7.1,114,1019.6,59,2,0,58,0.0,3600.0,43.6591,-70.2568,2021,7,12,19
2021-07-12 20:00:00,72.0,36.0,36.0,273.2,17.9,94,7.6,115,1021.2,74,3,0,42,0.0,3600.0,43.6591,-70.2568,2021,7,12,20
2021-07-12 21:00:00,2.0,0.0,2.0,0.0,16.7,99,5.4,132,1021.9,59,4,0,58,0.0,0.0,43.6591,-70.2568,2021,7,12,21
2021-07-12 22:00:00,0.0,0.0,0.0,0.0,16.6,99,1.9,68,1022.0,100,2,79,99,0.0,0.0,43.6591,-70.2568,2021,7,12,22
2021-07-12 23:00:00,0.0,0.0,0.0,0.0,16.6,98,3.1,54,1021.9,100,28,97,98,0.0,0.0,43.6591,-70.2568,2021,7,12,23
2021-07-13 00:00:00,0.0,0.0,0.0,0.0,16.5,98,3.3,49,1022.0,100,36,100,77,0.0,0.0,43.6591,-70.2568,2021,7,13,0
2021-07-13 01:00:00,0.0,0.0,0.0,0.0,16.3,99,1.5,45,1022.2,99,60,98,44,0.0,0.0,43.6591,-70.2568,2021,7,13,1
2021-07-13 02:00:00,0.0,0.0,0.0,0.0,16.2,100,3.7,29,1022.0,100,100,95,77,0.0,0.0,43.6591,-70.2568,2021,7,13,2
2021-07-13 03:00:00,0.0,0.0,0.0,0.0,16.1,100,4.8,27,1021.6,100,100,95,92,0.0,0.0,43.6591,-70.2568,2021,7,13,3
2021-07-13 04:00:00,0.0,0.0,0.0,0.0,16.2,100,5.4,48,1021.5,100,100,49,97,0.0,0.0,43.6591,-70.2568,2021,7,13,4
2021-07-13 05:00:00,0.0,0.0,0.0,0.0,16.3,100,3.1,69,1021.9,100,100,33,97,0.0,0.0,43.6591,-70.2568,2021,7,13,5
2021-07-13 06:00:00,11.0,1.0,10.0,13.2,16.4,99,2.7,67,1022.3,100,100,37,69,0.0,0.0,43.6591,-70.2568,2021,7,13,6
2021-07-13 07:00:00,75.0,3.0,72.0,14.5,16.9,96,3.8,73,1022.6,95,67,67,89,0.0,0.0,43.6591,-70.2568,2021,7,13,7
2021-07-13 08:00:00,187.0,40.0,147.0,105.0,17.3,91,6.1,93,1023.2,100,5,69,71,0.0,1350.69,43.6591,-70.2568,2021,7,13,8
2021-07-13 09:00:00,182.0,50.0,132.0,91.4,17.3,87,7.6,93,1023.5,99,1,76,98,0.0,943.08,43.6591,-70.2568,2021,7,13,9
2021-07-13 10:00:00,267.0,58.0,209.0,83.7,16.7,93,9.7,92,1024.0,99,18,84,99,6.3,710.89,43.6591,-70.2568,2021,7,13,10
2021-07-13 11:00:00,166.0,12.0,154.0,14.8,15.5,99,8.3,85,1024.1,100,18,99,86,1.5,0.0,43.6591,-70.2568,2021,7,13,11
2021-07-13 12:00:00,233.0,59.0,174.0,66.4,16.0,93,8.4,83,1024.1,100,27,100,67,1.1,193.2,43.6591,-70.2568,2021,7,13,12
2021-07-13 13:00:00,517.0,168.0,349.0,181.9,17.3,84,8.8,99,1023.7,100,7,100,84,0.0,3600.0,43.6591,-70.2568,2021,7,13,13
2021-07-13 14:00:00,363.0,29.0,334.0,31.7,17.2,82,7.2,108,1023.3,100,0,100,52,0.0,0.0,43.6591,-70.2568,2021,7,13,14
2021-07-13 15:00:00,451.0,110.0,341.0,128.1,17.7,79,7.5,107,1023.1,100,4,100,12,0.0,2042.17,43.6591,-70.2568,2021,7,13,15
2021-07-13 16:00:00,446.0,164.0,282.0,214.9,18.0,78,7.4,104,1022.7,98,25,98,0,0.0,3600.0,43.6591,-70.2568,2021,7,13,16
2021-07-13 17:00:00,307.0,96.0,211.0,151.8,17.4,81,6.6,99,1022.2,69,4,68,1,0.0,2753.42,43.6591,-70.2568,2021,7,13,17
2021-07-13 18:00:00,269.0,123.0,146.0,258.2,17.2,85,6.6,99,1022.2,49,1,48,2,0.0,3600.0,43.6591,-70.2568,2021,7,13,18
2021-07-13 19:00:00,161.0,74.0,87.0,242.6,16.7,90,6.9,99,1022.2,83,54,79,16,0.0,3600.0,43.6591,-70.2568,2021,7,13,19
2021-07-13 20:00:00,50.0,15.0,35.0,115.1,16.2,93,8.9,111,1022.4,97,99,94,38,0.0,1653.37,43.6591,-70.2568,2021,7,13,20
2021-07-13 21:00:00,1.0,0.0,1.0,0.0,15.9,97,10.0,103,1022.3,100,100,45,45,0.0,0.0,43.6591,-70.2568,2021,7,13,21
2021-07-13 22:00:00,0.0,0.0,0.0,0.0,16.1,97,7.4,104,1022.6,100,100,32,89,0.0,0.0,43.6591,-70.2568,2021,7,13,22
2021-07-13 23:00:00,0.0,0.0,0.0,0.0,16.3,97,7.5,107,1022.1,100,100,20,90,0.1,0.0,43.6591,-70.2568,2021,7,13,23
2021-07-14 00:00:00,0.0,0.0,0.0,0.0,16.4,96,7.6,115,1021.9,100,100,20,92,0.1,0.0,43.6591,-70.2568,2021,7,14,0
2021-07-14 01:00:00,0.0,0.0,0.0,0.0,16.4,95,6.8,122,1021.4,100,100,21,91,0.1,0.0,43.6591,-70.2568,2021,7,14,1
2021-07-14 02:00:00,0.0,0.0,0.0,0.0,16.5,95,7.7,131,1020.7,100,100,32,82,0.1,0.0,43.6591,-70.2568,2021,7,14,2
2021-07-14 03:00:00,0.0,0.0,0.0,0.0,16.5,96,8.1,135,1020.3,100,100,94,22,0.3,0.0,43.6591,-70.2568,2021,7,14,3
2021-07-14 04:00:00,0.0,0.0,0.0,0.0,16.6,97,7.4,133,1020.0,100,100,90,42,0.5,0.0,43.6591,-70.2568,2021,7,14,4
2021-07-14 05:00:00,0.0,0.0,0.0,0.0,16.7,98,7.9,129,1019.3,100,100,43,56,0.3,0.0,43.6591,-70.2568,2021,7,14,5
2021-07-14 06:00:00,5.0,0.0,5.0,0.0,16.9,99,9.0,143,1019.2,100,100,32,17,0.2,0.0,43.6591,-70.2568,2021,7,14,6
2021-07-14 07:00:00,24.0,0.0,24.0,0.0,17.4,99,9.3,152,1019.1,100,100,100,1,0.2,0.0,43.6591,-70.2568,2021,7,14,7
2021-07-14 08:00:00,49.0,0.0,49.0,0.0,17.8,97,9.7,153,1019.6,100,100,22,15,0.8,0.0,43.6591,-70.2568,2021,7,14,8
2021-07-14 09:00:00,171.0,16.0,155.0,29.4,18.7,96,11.4,162,1019.1,100,100,8,9,0.0,0.0,43.6591,-70.2568,2021,7,14,9
2021-07-14 10:00:00,140.0,11.0,129.0,15.9,18.8,95,11.6,173,1019.1,100,100,13,17,0.1,0.0,43.6591,-70.2568,2021,7,14,10
2021-07-14 11:00:00,186.0,8.0,178.0,9.9,19.4,95,10.5,164,1018.7,100,100,17,65,0.2,0.0,43.6591,-70.2568,2021,7,14,11
2021-07-14 12:00:00,286.0,21.0,265.0,23.7,19.9,94,12.2,152,1018.1,100,100,6,41,0.2,0.0,43.6591,-70.2568,2021,7,14,12
2021-07-14 13:00:00,287.0,10.0,277.0,10.8,19.8,95,12.1,157,1017.6,100,100,19,30,0.1,0.0,43.6591,-70.2568,2021,7,14,13
2021-07-14 14:00:00,302.0,15.0,287.0,16.4,20.2,93,11.8,160,1016.9,100,100,9,19,0.0,0.0,43.6591,-70.2568,2021,7,14,14
2021-07-14 15:00:00,185.0,13.0,172.0,15.2,19.9,94,9.5,155,1016.4,100,100,2,9,0.0,0.0,43.6591,-70.2568,2021,7,14,15
2021-07-14 16:00:00,248.0,17.0,231.0,22.3,20.2,94,10.9,171,1015.7,100,100,1,33,0.0,0.0,43.6591,-70.2568,2021,7,14,16
2021-07-14 17:00:00,227.0,22.0,205.0,34.8,20.9,93,9.0,182,1015.3,100,100,5,49,0.0,0.0,43.6591,-70.2568,2021,7,14,17
2021-07-14 18:00:00,119.0,11.0,108.0,23.2,21.1,94,7.0,168,1015.1,100,100,5,95,0.0,0.0,43.6591,-70.2568,2021,7,14,18
2021-07-14 19:00:00,92.0,8.0,84.0,26.3,20.5,96,6.6,151,1015.4,98,20,5,98,0.0,0.0,43.6591,-70.2568,2021,7,14,19
2021-07-14 20:00:00,38.0,3.0,35.0,23.3,18.9,100,5.8,180,1015.7,100,100,3,81,0.0,0.0,43.6591,-70.2568,2021,7,14,20
2021-07-14 21:00:00,1.0,0.0,1.0,0.0,18.7,100,5.1,172,1015.7,100,100,10,80,3.3,0.0,43.6591,-70.2568,2021,7,14,21
2021-07-14 22:00:00,0.0,0.0,0.0,0.0,18.6,100,7.1,139,1015.6,100,100,16,82,0.1,0.0,43.6591,-70.2568,2021,7,14,22
2021-07-14 23:00:00,0.0,0.0,0.0,0.0,18.4,100,1.6,117,1015.5,100,100,2,91,0.0,0.0,43.6591,-70.2568,2021,7,14,23
2021-07-15 00:00:00,0.0,0.0,0.0,0.0,18.4,100,2.5,82,1015.5,100,100,10,42,0.0,0.0,43.6591,-70.2568,2021,7,15,0
2021-07-15 01:00:00,0.0,0.0,0.0,0.0,18.2,100,3.2,63,1015.4,100,100,13,20,0.0,0.0,43.6591,-70.2568,2021,7,15,1
2021-07-15 02:00:00,0.0,0.0,0.0,0.0,18.2,100,4.1,52,1015.3,100,100,6,16,0.0,0.0,43.6591,-70.2568,2021,7,15,2
2021-07-15 03:00:00,0.0,0.0,0.0,0.0,18.1,100,2.7,23,1015.3,100,100,3,0,0.0,0.0,43.6591,-70.2568,2021,7,15,3
2021-07-15 04:00:00,0.0,0.0,0.0,0.0,18.2,100,3.4,342,1014.9,100,100,4,0,0.0,0.0,43.6591,-70.2568,2021,7,15,4
2021-07-15 05:00:00,0.0,0.0,0.0,0.0,18.5,100,5.4,352,1014.9,100,100,10,0,0.0,0.0,43.6591,-70.2568,2021,7,15,5
2021-07-15 06:00:00,8.0,0.0,8.0,0.0,19.1,99,5.5,23,1015.5,100,100,16,0,0.0,0.0,43.6591,-70.2568,2021,7,15,6
2021-07-15 07:00:00,46.0,1.0,45.0,4.9,19.7,100,4.8,63,1015.5,100,100,0,0,0.0,0.0,43.6591,-70.2568,2021,7,15,7
2021-07-15 08:00:00,107.0,1.0,106.0,2.7,19.4,99,3.1,126,1015.7,100,100,0,47,0.0,0.0,43.6591,-70.2568,2021,7,15,8
2021-07-15 09:00:00,201.0,26.0,175.0,47.8,20.6,95,1.6,117,1015.9,100,100,0,22,0.0,0.0,43.6591,-70.2568,2021,7,15,9
2021-07-15 10:00:00,306.0,52.0,254.0,75.4,22.0,92,1.5,135,1015.9,100,100,0,0,0.1,461.1,43.6591,-70.2568,2021,7,15,10
2021-07-15 11:00:00,326.0,66.0,260.0,81.8,22.1,93,4.9,126,1015.6,100,100,0,0,0.0,654.52,43.6591,-70.2568,2021,7,15,11
2021-07-15 12:00:00,420.0,85.0,335.0,96.0,22.6,92,5.6,135,1015.4,100,100,2,66,0.0,1079.23,43.6591,-70.2568,2021,7,15,12
2021-07-15 13:00:00,518.0,172.0,346.0,186.7,23.0,91,7.2,143,1014.8,100,100,12,81,0.0,3600.0,43.6591,-70.2568,2021,7,15,13
2021-07-15 14:00:00,517.0,125.0,392.0,137.1,23.2,91,8.0,144,1014.4,98,90,12,76,0.0,2313.31,43.6591,-70.2568,2021,7,15,14
2021-07-15 15:00:00,507.0,204.0,303.0,238.1,22.8,92,9.5,127,1014.1,88,69,18,78,0.0,3600.0,43.6591,-70.2568,2021,7,15,15
2021-07-15 16:00:00,551.0,318.0,233.0,417.9,22.7,92,9.4,130,1013.2,98,77,15,90,0.0,3600.0,43.6591,-70.2568,2021,7,15,16
2021-07-15 17:00:00,499.0,347.0,152.0,550.6,22.6,90,9.3,144,1012.7,100,58,16,100,0.0,3600.0,43.6591,-70.2568,2021,7,15,17
2021-07-15 18:00:00,308.0,174.0,134.0,367.3,21.7,93,8.0,153,1012.4,80,13,29,71,0.0,3600.0,43.6591,-70.2568,2021,7,15,18
2021-07-15 19:00:00,170.0,96.0,74.0,317.7,20.8,96,7.8,146,1012.1,90,10,20,87,0.0,3600.0,43.6591,-70.2568,2021,7,15,19
2021-07-15 20:00:00,59.0,27.0,32.0,212.5,19.9,100,12.3,177,1011.7,100,100,2,72,0.0,3600.0,43.6591,-70.2568,2021,7,15,20
2021-07-15 21:00:00,1.0,0.0,1.0,0.0,19.8,100,11.5,184,1012.0,100,100,1,68,0.0,0.0,43.6591,-70.2568,2021,7,15,21
2021-07-15 22:00:00,0.0,0.0,0.0,0.0,20.0,100,12.0,187,1011.8,100,100,1,21,0.0,0.0,43.6591,-70.2568,2021,7,15,22
2021-07-15 23:00:00,0.0,0.0,0.0,0.0,20.2,100,12.2,194,1011.2,100,100,2,95,0.0,0.0,43.6591,-70.2568,2021,7,15,23
2021-07-16 00:00:00,0.0,0.0,0.0,0.0,20.6,99,10.8,210,1011.0,100,100,1,99,0.0,0.0,43.6591,-70.2568,2021,7,16,0
2021-07-16 01:00:00,0.0,0.0,0.0,0.0,21.0,98,12.6,207,1010.5,100,98,1,96,0.0,0.0,43.6591,-70.2568,2021,7,16,1
2021-07-16 02:00:00,0.0,0.0,0.0,0.0,21.4,96,13.7,210,1009.9,93,81,0,72,0.0,0.0,43.6591,-70.2568,2021,7,16,2
2021-07-16 03:00:00,0.0,0.0,0.0,0.0,21.5,96,13.4,216,1009.8,91,40,3,85,0.0,0.0,43.6591,-70.2568,2021,7,16,3
2021-07-16 04:00:00,0.0,0.0,0.0,0.0,21.3,96,12.3,220,1009.6,77,9,0,74,0.0,0.0,43.6591,-70.2568,2021,7,16,4
2021-07-16 05:00:00,0.0,0.0,0.0,0.0,21.1,98,12.0,221,1009.5,91,0,1,91,0.0,0.0,43.6591,-70.2568,2021,7,16,5
2021-07-16 06:00:00,16.0,4.0,12.0,55.1,21.3,98,12.0,219,1009.6,92,0,0,92,0.0,233.43,43.6591,-70.2568,2021,7,16,6
2021-07-16 07:00:00,111.0,43.0,68.0,215.0,22.7,94,12.5,221,1009.7,93,0,0,93,0.0,3600.0,43.6591,-70.2568,2021,7,16,7
2021-07-16 08:00:00,277.0,181.0,96.0,482.7,24.3,88,12.7,223,1009.6,70,0,1,92,0.0,3600.0,43.6591,-70.2568,2021,7,16,8
2021-07-16 09:00:00,447.0,325.0,122.0,600.1,26.1,80,13.2,223,1009.4,91,0,0,91,0.0,3600.0,43.6591,-70.2568,2021,7,16,9
2021-07-16 10:00:00,620.0,509.0,111.0,739.5,27.5,74,13.8,219,1009.1,92,0,0,92,0.0,3600.0,43.6591,-70.2568,2021,7,16,10
2021-07-16 11:00:00,732.0,582.0,150.0,722.7,28.5,70,14.3,221,1008.9,94,0,0,94,0.0,3600.0,43.6591,-70.2568,2021,7,16,11
2021-07-16 12:00:00,792.0,596.0,196.0,673.9,29.4,66,15.4,237,1009.2,76,14,10,73,0.0,3600.0,43.6591,-70.2568,2021,7,16,12
2021-07-16 13:00:00,844.0,684.0,160.0,743.2,28.9,68,16.9,246,1009.3,82,12,19,79,0.9,3600.0,43.6591,-70.2568,2021,7,16,13
2021-07-16 14:00:00,638.0,341.0,297.0,374.5,28.2,72,14.5,240,1009.5,59,0,15,55,0.1,3600.0,43.6591,-70.2568,2021,7,16,14
2021-07-16 15:00:00,649.0,421.0,228.0,491.9,28.7,69,16.3,235,1009.4,76,11,18,70,0.0,3600.0,43.6591,-70.2568,2021,7,16,15
2021-07-16 16:00:00,532.0,350.0,182.0,460.6,28.1,75,12.1,253,1009.6,80,4,13,77,1.1,3600.0,43.6591,-70.2568,2021,7,16,16
2021-07-16 17:00:00,448.0,332.0,116.0,527.8,27.5,75,13.0,268,1009.8,90,22,27,86,0.4,3600.0,43.6591,-70.2568,2021,7,16,17
2021-07-16 18:00:00,231.0,112.0,119.0,237.1,26.6,80,9.9,260,1009.8,33,4,7,27,0.0,3600.0,43.6591,-70.2568,2021,7,16,18
2021-07-16 19:00:00,201.0,129.0,72.0,429.1,26.0,87,7.7,259,1010.1,6,5,4,0,0.0,3600.0,43.6591,-70.2568,2021,7,16,19
2021-07-16 20:00:00,66.0,35.0,31.0,279.3,24.9,88,9.7,360,1011.2,12,10,18,4,0.0,3600.0,43.6591,-70.2568,2021,7,16,20
2021-07-16 21:00:00,2.0,0.0,2.0,0.0,23.4,88,9.4,360,1011.9,41,18,25,28,0.0,0.0,43.6591,-70.2568,2021,7,16,21
2021-07-16 22:00:00,0.0,0.0,0.0,0.0,23.2,80,12.3,7,1012.6,47,9,13,36,0.0,0.0,43.6591,-70.2568,2021,7,16,22
2021-07-16 23:00:00,0.0,0.0,0.0,0.0,22.3,74,13.3,358,1013.1,59,5,1,56,0.0,0.0,43.6591,-70.2568,2021,7,16,23
2021-07-17 00:00:00,0.0,0.0,0.0,0.0,21.4,73,12.4,350,1013.5,83,7,4,82,0.0,0.0,43.6591,-70.2568,2021,7,17,0
2021-07-17 01:00:00,0.0,0.0,0.0,0.0,20.5,76,11.2,4,1013.7,40,21,27,15,0.0,0.0,43.6591,-70.2568,2021,7,17,1
2021-07-17 02:00:00,0.0,0.0,0.0,0.0,19.9,80,10.2,8,1013.9,79,22,45,72,0.0,0.0,43.6591,-70.2568,2021,7,17,2
2021-07-17 03:00:00,0.0,0.0,0.0,0.0,19.6,82,9.0,358,1014.3,100,23,99,83,0.0,0.0,43.6591,-70.2568,2021,7,17,3
2021-07-17 04:00:00,0.0,0.0,0.0,0.0,19.6,83,7.6,360,1014.5,85,19,16,82,0.0,0.0,43.6591,-70.2568,2021,7,17,4
2021-07-17 05:00:00,0.0,0.0,0.0,0.0,19.0,86,8.3,360,1014.6,98,6,72,95,0.0,0.0,43.6591,-70.2568,2021,7,17,5
2021-07-17 06:00:00,7.0,1.0,6.0,14.0,19.3,86,6.6,347,1015.2,94,3,59,90,0.0,0.0,43.6591,-70.2568,2021,7,17,6
2021-07-17 07:00:00,80.0,28.0,52.0,141.6,20.1,85,5.9,349,1015.5,90,2,67,76,0.0,2448.63,43.6591,-70.2568,2021,7,17,7
2021-07-17 08:00:00,123.0,47.0,76.0,126.0,20.6,83,5.8,4,1015.8,100,5,98,81,0.0,1980.61,43.6591,-70.2568,2021,7,17,8
2021-07-17 09:00:00,122.0,0.0,122.0,0.0,21.1,82,3.6,6,1016.1,98,29,90,87,0.0,0.0,43.6591,-70.2568,2021,7,17,9
2021-07-17 10:00:00,339.0,106.0,233.0,154.4,22.5,73,3.2,63,1016.3,96,27,57,93,0.0,2830.75,43.6591,-70.2568,2021,7,17,10
2021-07-17 11:00:00,606.0,343.0,263.0,426.7,23.7,65,4.0,90,1016.3,99,29,90,90,0.0,3600.0,43.6591,-70.2568,2021,7,17,11
2021-07-17 12:00:00,470.0,172.0,298.0,194.8,23.3,69,4.7,99,1016.2,99,0,91,96,0.0,3600.0,43.6591,-70.2568,2021,7,17,12
2021-07-17 13:00:00,494.0,133.0,361.0,144.7,23.2,73,4.6,108,1015.9,98,0,69,96,0.0,2540.95,43.6591,-70.2568,2021,7,17,13
2021-07-17 14:00:00,461.0,131.0,330.0,144.0,23.0,77,3.9,124,1015.4,99,3,96,89,0.0,2521.18,43.6591,-70.2568,2021,7,17,14
2021-07-17 15:00:00,304.0,82.0,222.0,95.9,21.6,92,2.8,140,1015.5,98,4,96,94,0.7,1078.1,43.6591,-70.2568,2021,7,17,15
2021-07-17 16:00:00,197.0,31.0,166.0,40.9,20.9,93,2.8,130,1015.3,100,50,100,44,0.2,0.0,43.6591,-70.2568,2021,7,17,16
2021-07-17 17:00:00,270.0,103.0,167.0,164.1,21.2,91,1.9,68,1015.2,100,100,96,99,0.0,3122.36,43.6591,-70.2568,2021,7,17,17
2021-07-17 18:00:00,98.0,10.0,88.0,21.2,20.5,98,3.5,114,1015.2,100,98,98,100,0.6,0.0,43.6591,-70.2568,2021,7,17,18
2021-07-17 19:00:00,33.0,0.0,33.0,0.0,19.8,99,3.3,41,1015.2,99,39,34,98,0.1,0.0,43.6591,-70.2568,2021,7,17,19
2021-07-17 20:00:00,44.0,7.0,37.0,56.7,20.4,98,3.2,360,1015.4,100,0,77,71,0.0,0.0,43.6591,-70.2568,2021,7,17,20
2021-07-17 21:00:00,1.0,0.0,1.0,0.0,20.0,100,1.1,180,1015.8,100,99,99,97,0.1,0.0,43.6591,-70.2568,2021,7,17,21
2021-07-17 22:00:00,0.0,0.0,0.0,0.0,19.8,98,1.1,198,1015.9,100,56,100,97,0.4,0.0,43.6591,-70.2568,2021,7,17,22
2021-07-17 23:00:00,0.0,0.0,0.0,0.0,19.6,100,1.1,180,1016.0,100,100,99,100,0.3,0.0,43.6591,-70.2568,2021,7,17,23
2021-07-18 00:00:00,0.0,0.0,0.0,0.0,19.3,100,3.0,104,1015.8,100,100,88,100,2.1,0.0,43.6591,-70.2568,2021,7,18,0
2021-07-18 01:00:00,0.0,0.0,0.0,0.0,18.8,100,5.4,82,1015.2,100,93,94,100,0.6,0.0,43.6591,-70.2568,2021,7,18,1
2021-07-18 02:00:00,0.0,0.0,0.0,0.0,18.6,100,6.2,69,1014.6,100,99,100,100,0.3,0.0,43.6591,-70.2568,2021,7,18,2
2021-07-18 03:00:00,0.0,0.0,0.0,0.0,18.5,100,7.1,60,1014.1,100,11,37,100,0.7,0.0,43.6591,-70.2568,2021,7,18,3
2021-07-18 04:00:00,0.0,0.0,0.0,0.0,18.3,100,6.6,68,1013.9,100,34,96,100,1.6,0.0,43.6591,-70.2568,2021,7,18,4
2021-07-18 05:00:00,0.0,0.0,0.0,0.0,18.3,100,9.8,66,1013.5,100,53,95,100,3.1,0.0,43.6591,-70.2568,2021,7,18,5
2021-07-18 06:00:00,1.0,0.0,1.0,0.0,17.9,100,13.0,88,1013.5,100,100,93,100,3.7,0.0,43.6591,-70.2568,2021,7,18,6
2021-07-18 07:00:00,7.0,0.0,7.0,0.0,17.3,100,15.5,86,1013.3,100,100,86,100,3.9,0.0,43.6591,-70.2568,2021,7,18,7
2021-07-18 08:00:00,15.0,0.0,15.0,0.0,17.7,100,14.6,74,1014.0,100,100,99,100,5.1,0.0,43.6591,-70.2568,2021,7,18,8
2021-07-18 09:00:00,35.0,0.0,35.0,0.0,17.1,100,19.6,84,1013.2,100,100,91,100,5.4,0.0,43.6591,-70.2568,2021,7,18,9
2021-07-18 10:00:00,79.0,0.0,79.0,0.0,17.4,100,4.6,39,1014.4,100,100,100,100,5.2,0.0,43.6591,-70.2568,2021,7,18,10
2021-07-18 11:00:00,108.0,4.0,104.0,5.0,17.8,100,11.0,38,1014.0,100,100,94,100,3.7,0.0,43.6591,-70.2568,2021,7,18,11
2021-07-18 12:00:00,207.0,1.0,206.0,1.1,18.7,93,15.3,30,1013.3,99,79,91,97,0.2,0.0,43.6591,-70.2568,2021,7,18,12
2021-07-18 13:00:00,351.0,60.0,291.0,65.4,19.6,88,16.8,35,1012.6,100,62,98,100,0.0,160.94,43.6591,-70.2568,2021,7,18,13
2021-07-18 14:00:00,324.0,27.0,297.0,29.7,20.1,83,12.1,30,1012.3,100,100,96,90,0.0,0.0,43.6591,-70.2568,2021,7,18,14
2021-07-18 15:00:00,250.0,30.0,220.0,35.1,20.7,82,7.5,35,1012.2,100,100,50,28,0.0,0.0,43.6591,-70.2568,2021,7,18,15
2021-07-18 16:00:00,299.0,44.0,255.0,58.1,21.3,84,4.3,48,1012.0,100,100,23,37,0.0,0.0,43.6591,-70.2568,2021,7,18,16
2021-07-18 17:00:00,248.0,33.0,215.0,52.7,21.4,83,6.4,27,1011.8,100,100,19,12,0.0,0.0,43.6591,-70.2568,2021,7,18,17
2021-07-18 18:00:00,218.0,43.0,175.0,91.6,21.5,82,6.5,6,1011.8,89,87,20,1,0.0,948.06,43.6591,-70.2568,2021,7,18,18
2021-07-18 19:00:00,146.0,58.0,88.0,195.1,21.1,83,7.1,15,1011.8,49,39,28,0,0.0,3600.0,43.6591,-70.2568,2021,7,18,19
2021-07-18 20:00:00,58.0,26.0,32.0,214.0,18.6,97,8.7,38,1012.5,24,16,37,7,0.0,3600.0,43.6591,-70.2568,2021,7,18,20
2021-07-18 21:00:00,1.0,0.0,1.0,0.0,18.1,98,7.1,49,1012.6,52,6,32,36,0.0,0.0,43.6591,-70.2568,2021,7,18,21
2021-07-18 22:00:00,0.0,0.0,0.0,0.0,17.9,97,4.5,29,1012.8,62,18,50,21,0.0,0.0,43.6591,-70.2568,2021,7,18,22
2021-07-18 23:00:00,0.0,0.0,0.0,0.0,17.8,98,6.8,18,1012.5,100,0,100,1,0.1,0.0,43.6591,-70.2568,2021,7,18,23
2021-07-19 00:00:00,0.0,0.0,0.0,0.0,17.6,100,3.4,32,1012.4,50,8,47,1,0.2,0.0,43.6591,-70.2568,2021,7,19,0
2021-07-19 01:00:00,0.0,0.0,0.0,0.0,17.4,100,4.0,350,1011.8,100,67,100,6,0.1,0.0,43.6591,-70.2568,2021,7,19,1
2021-07-19 02:00:00,0.0,0.0,0.0,0.0,17.5,100,4.8,13,1011.2,88,80,80,7,0.0,0.0,43.6591,-70.2568,2021,7,19,2
2021-07-19 03:00:00,0.0,0.0,0.0,0.0,17.6,99,6.0,17,1010.8,77,72,23,8,0.0,0.0,43.6591,-70.2568,2021,7,19,3
2021-07-19 04:00:00,0.0,0.0,0.0,0.0,17.4,99,7.2,3,1010.5,100,100,30,41,0.0,0.0,43.6591,-70.2568,2021,7,19,4
2021-07-19 05:00:00,0.0,0.0,0.0,0.0,17.5,99,7.1,15,1010.4,100,100,24,73,0.0,0.0,43.6591,-70.2568,2021,7,19,5
2021-07-19 06:00:00,6.0,0.0,6.0,0.0,17.5,99,7.2,6,1010.5,100,100,13,65,0.0,0.0,43.6591,-70.2568,2021,7,19,6
2021-07-19 07:00:00,47.0,2.0,45.0,10.4,17.9,96,8.4,20,1010.7,100,100,7,63,0.0,0.0,43.6591,-70.2568,2021,7,19,7
2021-07-19 08:00:00,76.0,3.0,73.0,8.1,18.0,97,5.4,360,1011.3,100,100,8,94,0.1,0.0,43.6591,-70.2568,2021,7,19,8
2021-07-19 09:00:00,126.0,0.0,126.0,0.0,18.7,93,6.9,9,1011.1,99,96,20,89,0.1,0.0,43.6591,-70.2568,2021,7,19,9
2021-07-19 10:00:00,305.0,48.0,257.0,70.2,19.8,87,9.0,37,1010.9,96,94,43,56,0.1,307.26,43.6591,-70.2568,2021,7,19,10
2021-07-19 11:00:00,336.0,51.0,285.0,63.7,20.2,87,6.5,90,1010.9,100,100,56,12,0.1,110.49,43.6591,-70.2568,2021,7,19,11
2021-07-19 12:00:00,270.0,27.0,243.0,30.7,20.0,89,4.2,121,1010.7,100,100,69,3,0.0,0.0,43.6591,-70.2568,2021,7,19,12
2021-07-19 13:00:00,438.0,138.0,300.0,150.5,21.2,84,2.4,63,1010.1,87,53,80,12,0.0,2716.42,43.6591,-70.2568,2021,7,19,13
2021-07-19 14:00:00,534.0,273.0,261.0,301.0,22.0,83,3.3,77,1009.6,96,93,45,20,0.1,3600.0,43.6591,-70.2568,2021,7,19,14
2021-07-19 15:00:00,425.0,177.0,248.0,207.7,21.8,86,2.7,67,1009.3,100,100,39,19,0.1,3600.0,43.6591,-70.2568,2021,7,19,15
2021-07-19 16:00:00,284.0,35.0,249.0,46.3,21.4,90,3.8,131,1008.9,51,2,45,11,0.1,0.0,43.6591,-70.2568,2021,7,19,16
2021-07-19 17:00:00,397.0,246.0,151.0,393.6,21.8,90,1.5,135,1008.6,62,28,55,6,0.0,3600.0,43.6591,-70.2568,2021,7,19,17
2021-07-19 18:00:00,240.0,123.0,117.0,262.9,21.4,94,3.8,163,1008.4,59,13,32,37,0.0,3600.0,43.6591,-70.2568,2021,7,19,18
2021-07-19 19:00:00,152.0,73.0,79.0,247.1,20.8,97,4.7,157,1008.3,41,16,28,16,0.0,3600.0,43.6591,-70.2568,2021,7,19,19
2021-07-19 20:00:00,53.0,22.0,31.0,184.2,19.9,100,2.9,210,1008.8,28,100,100,29,0.0,3600.0,43.6591,-70.2568,2021,7,19,20
2021-07-19 21:00:00,1.0,0.0,1.0,0.0,19.7,99,6.1,242,1008.9,52,38,34,18,0.0,0.0,43.6591,-70.2568,2021,7,19,21
2021-07-19 22:00:00,0.0,0.0,0.0,0.0,19.3,98,7.7,221,1009.2,12,6,5,6,0.0,0.0,43.6591,-70.2568,2021,7,19,22
2021-07-19 23:00:00,0.0,0.0,0.0,0.0,18.9,98,8.4,239,1009.2,45,32,8,23,0.0,0.0,43.6591,-70.2568,2021,7,19,23
2021-07-20 00:00:00,0.0,0.0,0.0,0.0,18.6,99,9.1,236,1009.0,55,13,24,39,0.0,0.0,43.6591,-70.2568,2021,7,20,0
2021-07-20 01:00:00,0.0,0.0,0.0,0.0,18.5,99,8.8,251,1008.4,36,0,24,17,0.0,0.0,43.6591,-70.2568,2021,7,20,1
2021-07-20 02:00:00,0.0,0.0,0.0,0.0,18.2,99,8.5,258,1007.6,27,0,27,0,0.0,0.0,43.6591,-70.2568,2021,7,20,2
2021-07-20 03:00:00,0.0,0.0,0.0,0.0,18.0,98,8.4,260,1007.0,12,0,12,0,0.0,0.0,43.6591,-70.2568,2021,7,20,3
2021-07-20 04:00:00,0.0,0.0,0.0,0.0,17.7,98,8.3,268,1006.8,9,0,9,0,0.0,0.0,43.6591,-70.2568,2021,7,20,4
2021-07-20 05:00:00,0.0,0.0,0.0,0.0,17.7,97,6.6,279,1006.9,3,1,3,0,0.0,0.0,43.6591,-70.2568,2021,7,20,5
2021-07-20 06:00:00,14.0,5.0,9.0,73.5,18.1,97,6.1,298,1007.3,20,4,2,16,0.0,689.01,43.6591,-70.2568,2021,7,20,6
2021-07-20 07:00:00,117.0,68.0,49.0,356.6,19.5,95,4.2,290,1007.3,12,3,3,8,0.0,3600.0,43.6591,-70.2568,2021,7,20,7
2021-07-20 08:00:00,272.0,195.0,77.0,531.9,21.3,88,5.4,318,1007.4,13,3,2,9,0.0,3600.0,43.6591,-70.2568,2021,7,20,8
2021-07-20 09:00:00,448.0,353.0,95.0,661.0,23.0,84,3.6,315,1007.5,3,2,1,0,0.0,3600.0,43.6591,-70.2568,2021,7,20,9
2021-07-20 10:00:00,608.0,502.0,106.0,736.5,24.6,77,3.6,307,1007.5,33,4,1,30,0.0,3600.0,43.6591,-70.2568,2021,7,20,10
2021-07-20 11:00:00,722.0,591.0,131.0,739.4,25.7,73,2.7,247,1007.6,22,7,2,18,0.0,3600.0,43.6591,-70.2568,2021,7,20,11
2021-07-20 12:00:00,799.0,634.0,165.0,721.3,26.2,73,1.1,180,1007.4,23,17,12,6,0.1,3600.0,43.6591,-70.2568,2021,7,20,12
2021-07-20 13:00:00,754.0,609.0,145.0,665.3,24.8,83,2.2,180,1007.1,70,17,22,61,0.3,3600.0,43.6591,-70.2568,2021,7,20,13
2021-07-20 14:00:00,581.0,371.0,210.0,409.6,24.0,88,10.5,211,1007.0,67,29,26,52,1.5,3600.0,43.6591,-70.2568,2021,7,20,14
2021-07-20 15:00:00,468.0,263.0,205.0,309.1,24.6,87,5.5,203,1006.5,47,21,17,28,0.1,3600.0,43.6591,-70.2568,2021,7,20,15
2021-07-20 16:00:00,606.0,462.0,144.0,612.2,25.5,81,6.6,189,1006.1,43,7,22,29,0.2,3600.0,43.6591,-70.2568,2021,7,20,16
2021-07-20 17:00:00,420.0,269.0,151.0,431.5,23.2,92,8.2,322,1006.5,76,53,20,59,3.6,3600.0,43.6591,-70.2568,2021,7,20,17
2021-07-20 18:00:00,305.0,176.0,129.0,377.6,23.2,92,1.8,281,1006.1,45,4,9,41,0.1,3600.0,43.6591,-70.2568,2021,7,20,18
2021-07-20 19:00:00,188.0,105.0,83.0,357.8,22.9,97,2.1,211,1006.3,16,3,7,11,0.0,3600.0,43.6591,-70.2568,2021,7,20,19
2021-07-20 20:00:00,61.0,30.0,31.0,253.1,22.0,100,5.8,180,1006.5,96,99,8,15,0.0,3600.0,43.6591,-70.2568,2021,7,20,20
2021-07-20 21:00:00,1.0,0.0,1.0,0.0,20.7,100,5.0,201,1006.9,9,1,5,5,0.0,0.0,43.6591,-70.2568,2021,7,20,21
2021-07-20 22:00:00,0.0,0.0,0.0,0.0,20.0,100,5.0,240,1006.9,33,0,13,29,0.0,0.0,43.6591,-70.2568,2021,7,20,22
2021-07-20 23:00:00,0.0,0.0,0.0,0.0,20.2,100,4.1,218,1006.8,51,0,33,39,0.0,0.0,43.6591,-70.2568,2021,7,20,23
2021-07-21 00:00:00,0.0,0.0,0.0,0.0,19.3,100,2.5,262,1007.1,69,11,40,58,0.0,0.0,43.6591,-70.2568,2021,7,21,0
2021-07-21 01:00:00,0.0,0.0,0.0,0.0,19.2,98,6.4,254,1006.9,100,13,49,99,0.0,0.0,43.6591,-70.2568,2021,7,21,1
2021-07-21 02:00:00,0.0,0.0,0.0,0.0,20.0,97,3.8,131,1006.2,100,2,25,100,0.7,0.0,43.6591,-70.2568,2021,7,21,2
2021-07-21 03:00:00,0.0,0.0,0.0,0.0,18.3,100,5.6,310,1006.0,100,100,22,99,0.1,0.0,43.6591,-70.2568,2021,7,21,3
2021-07-21 04:00:00,0.0,0.0,0.0,0.0,18.6,100,4.8,243,1005.4,69,66,2,29,0.0,0.0,43.6591,-70.2568,2021,7,21,4
2021-07-21 05:00:00,0.0,0.0,0.0,0.0,17.3,100,4.7,212,1005.1,100,100,3,83,0.0,0.0,43.6591,-70.2568,2021,7,21,5
2021-07-21 06:00:00,11.0,1.0,10.0,15.0,18.1,100,3.9,248,1005.6,100,100,1,47,0.0,0.0,43.6591,-70.2568,2021,7,21,6
2021-07-21 07:00:00,90.0,25.0,65.0,132.8,19.7,98,5.8,266,1005.6,75,57,0,44,0.0,2183.51,43.6591,-70.2568,2021,7,21,7
2021-07-21 08:00:00,247.0,145.0,102.0,397.9,19.4,95,7.9,246,1006.2,74,98,21,76,0.0,3600.0,43.6591,-70.2568,2021,7,21,8
2021-07-21 09:00:00,270.0,69.0,201.0,129.7,21.0,86,8.5,282,1006.1,93,93,7,0,0.0,2090.53,43.6591,-70.2568,2021,7,21,9
2021-07-21 10:00:00,386.0,83.0,303.0,122.1,22.4,80,8.7,277,1006.2,96,96,9,0,0.0,1862.5,43.6591,-70.2568,2021,7,21,10
2021-07-21 11:00:00,446.0,138.0,308.0,173.0,23.2,78,7.6,275,1006.4,79,79,2,0,0.1,3389.84,43.6591,-70.2568,2021,7,21,11
2021-07-21 12:00:00,517.0,203.0,314.0,231.3,24.1,70,8.4,250,1006.2,74,72,2,9,0.0,3600.0,43.6591,-70.2568,2021,7,21,12
2021-07-21 13:00:00,672.0,335.0,337.0,366.5,25.2,64,11.0,238,1005.9,26,25,7,3,0.0,3600.0,43.6591,-70.2568,2021,7,21,13
2021-07-21 14:00:00,667.0,439.0,228.0,485.4,25.6,60,12.2,251,1005.2,32,18,24,9,0.0,3600.0,43.6591,-70.2568,2021,7,21,14
2021-07-21 15:00:00,694.0,511.0,183.0,601.4,25.9,59,12.7,241,1004.8,56,5,9,52,0.0,3600.0,43.6591,-70.2568,2021,7,21,15
2021-07-21 16:00:00,609.0,450.0,159.0,597.4,25.9,59,14.3,260,1004.9,49,8,15,42,0.0,3600.0,43.6591,-70.2568,2021,7,21,16
2021-07-21 17:00:00,432.0,312.0,120.0,501.8,23.9,69,10.6,288,1005.5,72,16,21,66,0.2,3600.0,43.6591,-70.2568,2021,7,21,17
2021-07-21 18:00:00,248.0,110.0,138.0,236.9,23.0,81,6.4,313,1005.5,73,18,13,67,0.0,3600.0,43.6591,-70.2568,2021,7,21,18
2021-07-21 19:00:00,169.0,79.0,90.0,271.0,22.5,81,9.3,324,1005.7,82,13,17,77,0.0,3600.0,43.6591,-70.2568,2021,7,21,19
2021-07-21 20:00:00,56.0,22.0,34.0,187.2,20.3,84,14.8,317,1007.3,56,4,9,59,0.0,3600.0,43.6591,-70.2568,2021,7,21,20
2021-07-21 21:00:00,1.0,0.0,1.0,0.0,19.2,84,14.8,319,1007.5,39,1,6,37,0.0,0.0,43.6591,-70.2568,2021,7,21,21
2021-07-21 22:00:00,0.0,0.0,0.0,0.0,18.7,87,12.5,342,1008.2,26,3,7,21,0.0,0.0,43.6591,-70.2568,2021,7,21,22
2021-07-21 23:00:00,0.0,0.0,0.0,0.0,17.9,86,14.2,353,1008.7,14,10,3,3,0.0,0.0,43.6591,-70.2568,2021,7,21,23
2021-07-22 00:00:00,0.0,0.0,0.0,0.0,17.3,85,13.7,357,1009.1,25,0,5,21,0.0,0.0,43.6591,-70.2568,2021,7,22,0
2021-07-22 01:00:00,0.0,0.0,0.0,0.0,16.7,86,11.9,355,1009.2,21,1,18,4,0.0,0.0,43.6591,-70.2568,2021,7,22,1
2021-07-22 02:00:00,0.0,0.0,0.0,0.0,16.3,88,11.5,346,1009.3,13,0,12,1,0.0,0.0,43.6591,-70.2568,2021,7,22,2
2021-07-22 03:00:00,0.0,0.0,0.0,0.0,16.1,88,12.1,337,1009.4,16,1,16,0,0.0,0.0,43.6591,-70.2568,2021,7,22,3
2021-07-22 04:00:00,0.0,0.0,0.0,0.0,15.8,86,12.9,330,1009.6,2,2,1,0,0.0,0.0,43.6591,-70.2568,2021,7,22,4
2021-07-22 05:00:00,0.0,0.0,0.0,0.0,15.4,84,13.4,329,1010.4,3,2,1,0,0.0,0.0,43.6591,-70.2568,2021,7,22,5
2021-07-22 06:00:00,13.0,5.0,8.0,76.2,15.2,83,13.9,335,1010.9,1,1,0,0,0.0,739.16,43.6591,-70.2568,2021,7,22,6
2021-07-22 07:00:00,123.0,77.0,46.0,414.4,16.0,82,12.2,336,1011.3,0,0,0,0,0.0,3600.0,43.6591,-70.2568,2021,7,22,7
2021-07-22 08:00:00,294.0,222.0,72.0,613.0,17.1,76,11.4,336,1011.7,0,0,0,0,0.0,3600.0,43.6591,-70.2568,2021,7,22,8
2021-07-22 09:00:00,475.0,388.0,87.0,732.0,18.7,68,12.8,338,1012.2,1,1,0,0,0.0,3600.0,43.6591,-70.2568,2021,7,22,9
2021-07-22 10:00:00,641.0,543.0,98.0,800.8,20.1,63,11.7,349,1012.2,28,0,0,28,0.0,3600.0,43.6591,-70.2568,2021,7,22,10
2021-07-22 11:00:00,773.0,666.0,107.0,836.6,21.5,59,9.8,352,1012.3,1,0,0,1,0.0,3600.0,43.6591,-70.2568,2021,7,22,11
2021-07-22 12:00:00,863.0,750.0,113.0,856.1,22.7,55,8.8,348,1012.2,31,4,25,7,0.0,3600.0,43.6591,-70.2568,2021,7,22,12
2021-07-22 13:00:00,742.0,574.0,168.0,629.0,22.9,54,6.6,347,1011.9,33,6,32,1,0.0,3600.0,43.6591,-70.2568,2021,7,22,13
2021-07-22 14:00:00,733.0,566.0,167.0,626.8,23.3,52,3.4,302,1011.6,39,6,39,0,0.0,3600.0,43.6591,-70.2568,2021,7,22,14
2021-07-22 15:00:00,678.0,477.0,201.0,562.4,23.5,52,3.5,294,1011.6,44,10,44,0,0.0,3600.0,43.6591,-70.2568,2021,7,22,15
2021-07-22 16:00:00,514.0,372.0,142.0,494.9,23.0,63,2.1,211,1011.4,38,6,38,0,0.0,3600.0,43.6591,-70.2568,2021,7,22,16
2021-07-22 17:00:00,444.0,320.0,124.0,516.0,22.6,70,1.8,217,1011.2,33,6,32,0,0.1,3600.0,43.6591,-70.2568,2021,7,22,17
2021-07-22 18:00:00,324.0,218.0,106.0,471.4,21.9,82,0.8,153,1011.5,39,12,39,0,0.0,3600.0,43.6591,-70.2568,2021,7,22,18
2021-07-22 19:00:00,159.0,99.0,60.0,342.1,21.0,94,1.5,194,1012.2,46,10,21,33,0.0,3600.0,43.6591,-70.2568,2021,7,22,19
2021-07-22 20:00:00,55.0,27.0,28.0,231.8,19.7,92,6.5,236,1012.8,78,0,17,96,0.0,3600.0,43.6591,-70.2568,2021,7,22,20
2021-07-22 21:00:00,1.0,0.0,1.0,0.0,20.2,85,9.8,262,1013.3,80,0,34,72,0.0,0.0,43.6591,-70.2568,2021,7,22,21
2021-07-22 22:00:00,0.0,0.0,0.0,0.0,19.1,91,10.7,315,1013.9,26,1,24,2,0.0,0.0,43.6591,-70.2568,2021,7,22,22
2021-07-22 23:00:00,0.0,0.0,0.0,0.0,19.2,86,8.4,313,1013.9,11,0,10,2,0.0,0.0,43.6591,-70.2568,2021,7,22,23
2021-07-23 00:00:00,0.0,0.0,0.0,0.0,18.8,84,9.0,323,1014.0,7,0,6,1,0.0,0.0,43.6591,-70.2568,2021,7,23,0
2021-07-23 01:00:00,0.0,0.0,0.0,0.0,17.9,86,7.9,321,1013.7,12,0,7,6,0.0,0.0,43.6591,-70.2568,2021,7,23,1
2021-07-23 02:00:00,0.0,0.0,0.0,0.0,17.3,89,7.5,305,1013.4,9,0,7,3,0.0,0.0,43.6591,-70.2568,2021,7,23,2
2021-07-23 03:00:00,0.0,0.0,0.0,0.0,16.7,91,7.9,300,1013.3,5,0,2,4,0.0,0.0,43.6591,-70.2568,2021,7,23,3
2021-07-23 04:00:00,0.0,0.0,0.0,0.0,16.4,91,8.0,297,1013.1,1,0,0,1,0.0,0.0,43.6591,-70.2568,2021,7,23,4
2021-07-23 05:00:00,0.0,0.0,0.0,0.0,16.0,92,9.8,298,1013.4,14,0,8,13,0.0,0.0,43.6591,-70.2568,2021,7,23,5
2021-07-23 06:00:00,12.0,4.0,8.0,62.1,15.9,94,9.4,310,1013.9,24,0,23,3,0.0,410.65,43.6591,-70.2568,2021,7,23,6
2021-07-23 07:00:00,112.0,61.0,51.0,332.7,17.6,89,8.1,315,1014.3,31,0,31,0,0.0,3600.0,43.6591,-70.2568,2021,7,23,7
2021-07-23 08:00:00,260.0,173.0,87.0,480.7,18.9,84,6.3,329,1015.2,14,0,9,12,0.0,3600.0,43.6591,-70.2568,2021,7,23,8
2021-07-23 09:00:00,456.0,356.0,100.0,674.2,20.9,71,7.0,339,1015.5,7,0,7,1,0.0,3600.0,43.6591,-70.2568,2021,7,23,9
2021-07-23 10:00:00,617.0,505.0,112.0,746.8,22.3,64,6.0,335,1015.2,3,0,3,0,0.0,3600.0,43.6591,-70.2568,2021,7,23,10
2021-07-23 11:00:00,741.0,618.0,123.0,777.9,23.2,56,5.5,328,1015.1,15,2,1,13,0.0,3600.0,43.6591,-70.2568,2021,7,23,11
2021-07-23 12:00:00,818.0,686.0,132.0,784.4,23.7,51,6.5,326,1015.0,31,10,8,22,0.0,3600.0,43.6591,-70.2568,2021,7,23,12
2021-07-23 13:00:00,831.0,665.0,166.0,729.9,24.0,50,4.8,312,1014.5,45,0,23,31,0.0,3600.0,43.6591,-70.2568,2021,7,23,13
2021-07-23 14:00:00,754.0,555.0,199.0,615.6,23.2,54,10.1,270,1014.2,64,0,40,43,0.0,3600.0,43.6591,-70.2568,2021,7,23,14
2021-07-23 15:00:00,544.0,338.0,206.0,399.2,22.4,60,12.4,296,1014.5,92,9,22,90,0.3,3600.0,43.6591,-70.2568,2021,7,23,15
2021-07-23 16:00:00,369.0,140.0,229.0,186.6,21.3,70,8.4,317,1014.3,29,0,5,27,0.0,3600.0,43.6591,-70.2568,2021,7,23,16
2021-07-23 17:00:00,528.0,400.0,128.0,646.9,22.2,67,7.7,281,1014.0,66,0,4,65,0.0,3600.0,43.6591,-70.2568,2021,7,23,17
2021-07-23 18:00:00,344.0,217.0,127.0,471.2,21.9,72,7.6,315,1014.2,69,4,12,65,0.0,3600.0,43.6591,-70.2568,2021,7,23,18
2021-07-23 19:00:00,184.0,110.0,74.0,383.0,20.8,80,6.6,311,1014.4,25,1,15,15,0.0,3600.0,43.6591,-70.2568,2021,7,23,19
2021-07-23 20:00:00,59.0,31.0,28.0,268.6,19.0,94,2.5,8,1015.1,23,0,20,83,0.0,3600.0,43.6591,-70.2568,2021,7,23,20
2021-07-23 21:00:00,0.0,0.0,0.0,0.0,18.6,93,5.4,318,1015.3,13,0,12,1,0.0,0.0,43.6591,-70.2568,2021,7,23,21
2021-07-23 22:00:00,0.0,0.0,0.0,0.0,17.9,91,5.3,298,1015.4,3,0,3,0,0.0,0.0,43.6591,-70.2568,2021,7,23,22
2021-07-23 23:00:00,0.0,0.0,0.0,0.0,17.4,90,7.7,298,1015.4,1,0,1,0,0.0,0.0,43.6591,-70.2568,2021,7,23,23
2021-07-24 00:00:00,0.0,0.0,0.0,0.0,17.0,90,10.2,309,1015.3,1,0,1,0,0.0,0.0,43.6591,-70.2568,2021,7,24,0
2021-07-24 01:00:00,0.0,0.0,0.0,0.0,16.7,92,10.2,315,1015.1,0,0,0,0,0.0,0.0,43.6591,-70.2568,2021,7,24,1
2021-07-24 02:00:00,0.0,0.0,0.0,0.0,16.4,94,10.2,318,1014.9,0,0,0,0,0.0,0.0,43.6591,-70.2568,2021,7,24,2
2021-07-24 03:00:00,0.0,0.0,0.0,0.0,16.0,95,9.4,317,1014.8,0,0,0,0,0.0,0.0,43.6591,-70.2568,2021,7,24,3
2021-07-24 04:00:00,0.0,0.0,0.0,0.0,15.7,96,9.0,323,1014.8,0,0,0,0,0.0,0.0,43.6591,-70.2568,2021,7,24,4
2021-07-24 05:00:00,0.0,0.0,0.0,0.0,15.4,95,8.5,324,1014.9,0,0,0,0,0.0,0.0,43.6591,-70.2568,2021,7,24,5
2021-07-24 06:00:00,11.0,4.0,7.0,63.4,15.6,94,8.4,335,1015.3,1,1,0,0,0.0,436.99,43.6591,-70.2568,2021,7,24,6
2021-07-24 07:00:00,115.0,66.0,49.0,364.9,17.0,89,6.3,347,1015.8,1,1,0,0,0.0,3600.0,43.6591,-70.2568,2021,7,24,7
2021-07-24 08:00:00,288.0,217.0,71.0,606.7,17.9,85,4.0,355,1016.0,0,0,0,0,0.0,3600.0,43.6591,-70.2568,2021,7,24,8
2021-07-24 09:00:00,467.0,381.0,86.0,724.3,19.9,77,4.3,360,1016.6,0,0,0,0,0.0,3600.0,43.6591,-70.2568,2021,7,24,9
2021-07-24 10:00:00,631.0,533.0,98.0,790.3,21.5,66,3.9,34,1016.7,0,0,0,0,0.0,3600.0,43.6591,-70.2568,2021,7,24,10
2021-07-24 11:00:00,764.0,659.0,105.0,831.2,22.6,61,2.7,67,1016.7,4,2,4,0,0.0,3600.0,43.6591,-70.2568,2021,7,24,11
2021-07-24 12:00:00,839.0,726.0,113.0,831.6,23.1,59,4.6,108,1016.2,9,6,8,0,0.0,3600.0,43.6591,-70.2568,2021,7,24,12
2021-07-24 13:00:00,880.0,753.0,127.0,827.8,23.2,60,7.2,127,1015.9,26,12,22,0,0.0,3600.0,43.6591,-70.2568,2021,7,24,13
2021-07-24 14:00:00,782.0,624.0,158.0,693.2,22.4,67,10.7,138,1015.5,16,9,15,0,0.0,3600.0,43.6591,-70.2568,2021,7,24,14
2021-07-24 15:00:00,735.0,596.0,139.0,705.2,22.1,68,10.3,151,1015.3,14,7,13,0,0.0,3600.0,43.6591,-70.2568,2021,7,24,15
2021-07-24 16:00:00,658.0,539.0,119.0,720.2,22.0,66,9.0,157,1014.8,13,2,13,0,0.0,3600.0,43.6591,-70.2568,2021,7,24,16
2021-07-24 17:00:00,539.0,437.0,102.0,708.8,21.6,68,8.9,159,1014.2,11,1,11,0,0.0,3600.0,43.6591,-70.2568,2021,7,24,17
2021-07-24 18:00:00,373.0,294.0,79.0,641.3,20.7,74,8.0,162,1014.0,13,2,12,0,0.0,3600.0,43.6591,-70.2568,2021,7,24,18
2021-07-24 19:00:00,206.0,146.0,60.0,512.4,19.4,84,8.5,168,1013.8,25,0,6,21,0.0,3600.0,43.6591,-70.2568,2021,7,24,19
2021-07-24 20:00:00,62.0,35.0,27.0,306.2,18.4,84,10.6,198,1014.1,97,0,5,2,0.0,3600.0,43.6591,-70.2568,2021,7,24,20
2021-07-24 21:00:00,0.0,0.0,0.0,0.0,17.5,86,10.1,180,1013.7,100,0,3,100,0.0,0.0,43.6591,-70.2568,2021,7,24,21
2021-07-24 22:00:00,0.0,0.0,0.0,0.0,17.2,88,10.0,193,1013.7,100,0,2,100,0.0,0.0,43.6591,-70.2568,2021,7,24,22
2021-07-24 23:00:00,0.0,0.0,0.0,0.0,17.0,90,9.9,199,1013.6,100,0,1,100,0.0,0.0,43.6591,-70.2568,2021,7,24,23
2021-07-25 00:00:00,0.0,0.0,0.0,0.0,16.8,91,10.9,207,1013.4,100,0,0,100,0.0,0.0,43.6591,-70.2568,2021,7,25,0
2021-07-25 01:00:00,0.0,0.0,0.0,0.0,17.0,90,10.0,195,1012.9,100,0,0,100,0.0,0.0,43.6591,-70.2568,2021,7,25,1
2021-07-25 02:00:00,0.0,0.0,0.0,0.0,17.0,93,10.9,189,1012.3,100,0,0,100,0.0,0.0,43.6591,-70.2568,2021,7,25,2
2021-07-25 03:00:00,0.0,0.0,0.0,0.0,17.2,94,10.4,194,1011.7,100,0,0,100,0.0,0.0,43.6591,-70.2568,2021,7,25,3
2021-07-25 04:00:00,0.0,0.0,0.0,0.0,17.1,96,10.5,196,1011.1,100,0,0,100,0.0,0.0,43.6591,-70.2568,2021,7,25,4
2021-07-25 05:00:00,0.0,0.0,0.0,0.0,17.2,95,10.7,192,1010.4,100,0,0,100,0.0,0.0,43.6591,-70.2568,2021,7,25,5
2021-07-25 06:00:00,6.0,0.0,6.0,0.0,17.4,94,10.5,188,1010.5,100,0,7,100,0.0,0.0,43.6591,-70.2568,2021,7,25,6
2021-07-25 07:00:00,61.0,2.0,59.0,11.2,18.5,90,13.7,185,1010.0,100,0,93,100,0.0,0.0,43.6591,-70.2568,2021,7,25,7
2021-07-25 08:00:00,48.0,0.0,48.0,0.0,18.8,90,15.1,183,1010.1,100,1,100,98,0.5,0.0,43.6591,-70.2568,2021,7,25,8
2021-07-25 09:00:00,57.0,2.0,55.0,3.8,18.8,94,17.7,185,1009.8,99,0,98,93,0.5,0.0,43.6591,-70.2568,2021,7,25,9
2021-07-25 10:00:00,197.0,42.0,155.0,62.4,19.6,93,19.0,190,1009.2,99,7,99,2,0.3,73.43,43.6591,-70.2568,2021,7,25,10
2021-07-25 11:00:00,259.0,60.0,199.0,75.8,20.5,90,20.6,184,1008.8,94,16,93,0,0.0,475.34,43.6591,-70.2568,2021,7,25,11
2021-07-25 12:00:00,223.0,55.0,168.0,63.1,20.6,90,18.5,187,1008.7,91,81,73,0,0.1,93.43,43.6591,-70.2568,2021,7,25,12
2021-07-25 13:00:00,432.0,197.0,235.0,216.9,20.9,88,22.3,189,1008.0,91,64,89,0,0.8,3600.0,43.6591,-70.2568,2021,7,25,13
2021-07-25 14:00:00,310.0,87.0,223.0,96.8,20.2,91,20.6,185,1007.1,100,100,44,0,0.5,1104.5,43.6591,-70.2568,2021,7,25,14
2021-07-25 15:00:00,302.0,45.0,257.0,53.3,20.5,90,21.6,191,1006.6,99,99,9,0,0.1,0.0,43.6591,-70.2568,2021,7,25,15
2021-07-25 16:00:00,268.0,58.0,210.0,77.7,20.9,89,18.1,187,1006.0,86,86,11,0,0.0,530.23,43.6591,-70.2568,2021,7,25,16
2021-07-25 17:00:00,410.0,225.0,185.0,366.1,22.4,86,15.0,190,1005.3,43,41,21,0,0.0,3600.0,43.6591,-70.2568,2021,7,25,17
2021-07-25 18:00:00,280.0,179.0,101.0,392.2,22.4,89,11.2,184,1005.0,32,26,20,0,0.0,3600.0,43.6591,-70.2568,2021,7,25,18
2021-07-25 19:00:00,167.0,101.0,66.0,357.4,21.9,92,10.9,188,1005.1,20,11,18,0,0.0,3600.0,43.6591,-70.2568,2021,7,25,19
2021-07-25 20:00:00,50.0,25.0,25.0,221.0,20.6,95,11.5,182,1006.1,37,0,15,0,0.0,3600.0,43.6591,-70.2568,2021,7,25,20
2021-07-25 21:00:00,0.0,0.0,0.0,0.0,19.8,98,11.4,193,1006.7,26,1,25,0,0.0,0.0,43.6591,-70.2568,2021,7,25,21
2021-07-25 22:00:00,0.0,0.0,0.0,0.0,19.5,98,10.1,197,1007.0,40,0,40,0,0.0,0.0,43.6591,-70.2568,2021,7,25,22
2021-07-25 23:00:00,0.0,0.0,0.0,0.0,19.5,98,9.8,197,1006.6,10,0,10,0,0.0,0.0,43.6591,-70.2568,2021,7,25,23
2021-07-26 00:00:00,0.0,0.0,0.0,0.0,19.4,98,9.2,222,1006.5,5,3,4,0,0.0,0.0,43.6591,-70.2568,2021,7,26,0
2021-07-26 01:00:00,0.0,0.0,0.0,0.0,19.4,98,9.5,233,1006.4,7,7,0,0,0.0,0.0,43.6591,-70.2568,2021,7,26,1
2021-07-26 02:00:00,0.0,0.0,0.0,0.0,19.3,98,9.8,253,1006.2,3,2,1,0,0.0,0.0,43.6591,-70.2568,2021,7,26,2
2021-07-26 03:00:00,0.0,0.0,0.0,0.0,19.1,98,8.7,265,1006.0,3,0,3,0,0.0,0.0,43.6591,-70.2568,2021,7,26,3
2021-07-26 04:00:00,0.0,0.0,0.0,0.0,18.9,98,6.9,264,1005.8,4,0,4,0,0.0,0.0,43.6591,-70.2568,2021,7,26,4
2021-07-26 05:00:00,0.0,0.0,0.0,0.0,18.9,98,5.2,335,1005.8,3,0,3,0,0.0,0.0,43.6591,-70.2568,2021,7,26,5
2021-07-26 06:00:00,10.0,3.0,7.0,49.5,18.5,99,3.9,22,1006.3,29,27,5,0,0.0,138.42,43.6591,-70.2568,2021,7,26,6
2021-07-26 07:00:00,109.0,66.0,43.0,375.4,19.9,97,4.0,280,1006.5,4,0,4,0,0.0,3600.0,43.6591,-70.2568,2021,7,26,7
2021-07-26 08:00:00,274.0,205.0,69.0,580.6,21.2,91,2.0,225,1006.6,1,1,3,0,0.0,3600.0,43.6591,-70.2568,2021,7,26,8
2021-07-26 09:00:00,447.0,361.0,86.0,691.7,23.0,86,2.6,236,1006.7,1,0,1,0,0.0,3600.0,43.6591,-70.2568,2021,7,26,9
2021-07-26 10:00:00,614.0,516.0,98.0,769.4,24.6,81,1.8,143,1006.4,1,1,0,0,0.0,3600.0,43.6591,-70.2568,2021,7,26,10
2021-07-26 11:00:00,754.0,650.0,104.0,823.4,25.3,76,3.5,156,1006.5,24,8,23,0,0.2,3600.0,43.6591,-70.2568,2021,7,26,11
2021-07-26 12:00:00,741.0,607.0,134.0,697.8,25.0,81,4.8,132,1006.3,28,9,27,0,0.1,3600.0,43.6591,-70.2568,2021,7,26,12
2021-07-26 13:00:00,741.0,584.0,157.0,644.2,25.0,82,5.4,132,1006.1,36,4,35,1,0.0,3600.0,43.6591,-70.2568,2021,7,26,13
2021-07-26 14:00:00,675.0,502.0,173.0,559.6,25.1,84,4.1,142,1006.1,44,2,43,2,0.1,3600.0,43.6591,-70.2568,2021,7,26,14
2021-07-26 15:00:00,609.0,416.0,193.0,494.1,25.6,83,3.6,180,1005.9,46,5,45,2,0.3,3600.0,43.6591,-70.2568,2021,7,26,15
2021-07-26 16:00:00,531.0,370.0,161.0,496.7,26.5,69,6.7,234,1005.7,40,10,40,0,0.1,3600.0,43.6591,-70.2568,2021,7,26,16
2021-07-26 17:00:00,401.0,286.0,115.0,466.8,26.5,72,7.2,233,1005.3,35,10,34,0,0.0,3600.0,43.6591,-70.2568,2021,7,26,17
2021-07-26 18:00:00,306.0,201.0,105.0,442.6,25.9,76,8.4,220,1005.4,21,2,20,0,0.0,3600.0,43.6591,-70.2568,2021,7,26,18
2021-07-26 19:00:00,181.0,120.0,61.0,428.3,24.8,75,11.2,237,1005.7,18,0,18,0,0.0,3600.0,43.6591,-70.2568,2021,7,26,19
2021-07-26 20:00:00,50.0,27.0,23.0,241.2,23.6,84,10.7,237,1006.1,18,0,36,0,0.0,3600.0,43.6591,-70.2568,2021,7,26,20
2021-07-26 21:00:00,0.0,0.0,0.0,0.0,22.6,79,11.0,251,1006.7,25,0,25,0,0.0,0.0,43.6591,-70.2568,2021,7,26,21
2021-07-26 22:00:00,0.0,0.0,0.0,0.0,21.5,81,11.0,259,1007.1,21,0,21,0,0.0,0.0,43.6591,-70.2568,2021,7,26,22
2021-07-26 23:00:00,0.0,0.0,0.0,0.0,20.7,84,10.9,261,1007.2,24,0,24,0,0.0,0.0,43.6591,-70.2568,2021,7,26,23
2021-07-27 00:00:00,0.0,0.0,0.0,0.0,20.4,84,11.3,263,1007.3,29,0,26,5,0.0,0.0,43.6591,-70.2568,2021,7,27,0
2021-07-27 01:00:00,0.0,0.0,0.0,0.0,20.3,83,12.0,279,1007.3,21,0,7,16,0.0,0.0,43.6591,-70.2568,2021,7,27,1
2021-07-27 02:00:00,0.0,0.0,0.0,0.0,20.0,84,12.1,282,1007.2,1,0,1,0,0.0,0.0,43.6591,-70.2568,2021,7,27,2
2021-07-27 03:00:00,0.0,0.0,0.0,0.0,19.5,86,11.5,284,1007.1,36,0,5,33,0.0,0.0,43.6591,-70.2568,2021,7,27,3
2021-07-27 04:00:00,0.0,0.0,0.0,0.0,19.2,87,11.2,285,1007.2,3,0,3,0,0.0,0.0,43.6591,-70.2568,2021,7,27,4
2021-07-27 05:00:00,0.0,0.0,0.0,0.0,19.0,87,11.4,288,1007.5,1,0,1,0,0.0,0.0,43.6591,-70.2568,2021,7,27,5
2021-07-27 06:00:00,9.0,3.0,6.0,50.6,18.8,88,10.7,284,1008.1,0,0,0,0,0.0,165.82,43.6591,-70.2568,2021,7,27,6
2021-07-27 07:00:00,112.0,69.0,43.0,398.3,20.2,86,10.1,287,1008.4,0,0,0,0,0.0,3600.0,43.6591,-70.2568,2021,7,27,7
2021-07-27 08:00:00,279.0,210.0,69.0,598.7,22.2,79,7.7,298,1008.8,44,0,0,99,0.0,3600.0,43.6591,-70.2568,2021,7,27,8
2021-07-27 09:00:00,452.0,354.0,98.0,681.1,23.8,72,7.1,300,1009.0,64,0,0,64,0.0,3600.0,43.6591,-70.2568,2021,7,27,9
2021-07-27 10:00:00,623.0,523.0,100.0,782.0,25.2,65,6.4,297,1009.1,60,0,0,60,0.0,3600.0,43.6591,-70.2568,2021,7,27,10
2021-07-27 11:00:00,759.0,657.0,102.0,834.2,26.5,50,7.9,300,1009.2,23,2,6,18,0.0,3600.0,43.6591,-70.2568,2021,7,27,11
2021-07-27 12:00:00,837.0,727.0,110.0,837.4,26.9,47,5.5,281,1009.0,31,0,7,26,0.0,3600.0,43.6591,-70.2568,2021,7,27,12
2021-07-27 13:00:00,852.0,729.0,123.0,805.6,26.7,48,2.6,214,1008.5,98,2,29,97,0.0,3600.0,43.6591,-70.2568,2021,7,27,13
2021-07-27 14:00:00,718.0,525.0,193.0,586.3,26.0,57,5.8,173,1008.5,41,0,40,0,0.1,3600.0,43.6591,-70.2568,2021,7,27,14
2021-07-27 15:00:00,657.0,516.0,141.0,614.2,25.5,70,7.9,150,1008.4,30,2,30,0,0.1,3600.0,43.6591,-70.2568,2021,7,27,15
2021-07-27 16:00:00,597.0,459.0,138.0,617.7,25.6,72,8.6,147,1008.2,97,0,57,94,0.0,3600.0,43.6591,-70.2568,2021,7,27,16
2021-07-27 17:00:00,347.0,219.0,128.0,358.7,24.5,85,4.0,85,1008.0,93,0,44,90,0.4,3600.0,43.6591,-70.2568,2021,7,27,17
2021-07-27 18:00:00,268.0,147.0,121.0,325.3,22.8,94,12.3,21,1008.8,100,7,88,100,1.3,3600.0,43.6591,-70.2568,2021,7,27,18
2021-07-27 19:00:00,79.0,4.0,75.0,14.4,21.9,91,9.7,4,1008.8,100,0,94,100,0.0,0.0,43.6591,-70.2568,2021,7,27,19
2021-07-27 20:00:00,26.0,0.0,26.0,0.0,18.4,100,10.6,350,1009.8,100,0,100,100,0.3,0.0,43.6591,-70.2568,2021,7,27,20
2021-07-27 21:00:00,0.0,0.0,0.0,0.0,18.1,100,6.9,9,1010.1,100,4,100,100,2.0,0.0,43.6591,-70.2568,2021,7,27,21
2021-07-27 22:00:00,0.0,0.0,0.0,0.0,18.0,94,9.1,7,1010.6,100,9,100,94,0.2,0.0,43.6591,-70.2568,2021,7,27,22
2021-07-27 23:00:00,0.0,0.0,0.0,0.0,17.8,94,7.2,357,1010.4,100,58,100,95,0.2,0.0,43.6591,-70.2568,2021,7,27,23
2021-07-28 00:00:00,0.0,0.0,0.0,0.0,17.6,94,6.8,357,1010.3,100,100,100,85,0.0,0.0,43.6591,-70.2568,2021,7,28,0
2021-07-28 01:00:00,0.0,0.0,0.0,0.0,17.5,94,8.0,342,1010.4,100,100,84,24,0.0,0.0,43.6591,-70.2568,2021,7,28,1
2021-07-28 02:00:00,0.0,0.0,0.0,0.0,17.1,95,10.2,342,1010.2,28,4,21,14,0.0,0.0,43.6591,-70.2568,2021,7,28,2
2021-07-28 03:00:00,0.0,0.0,0.0,0.0,16.1,96,10.7,340,1010.3,11,5,8,2,0.0,0.0,43.6591,-70.2568,2021,7,28,3
2021-07-28 04:00:00,0.0,0.0,0.0,0.0,15.7,96,11.3,343,1010.5,9,0,8,1,0.0,0.0,43.6591,-70.2568,2021,7,28,4
2021-07-28 05:00:00,0.0,0.0,0.0,0.0,15.4,96,11.2,345,1010.9,4,1,4,0,0.0,0.0,43.6591,-70.2568,2021,7,28,5
2021-07-28 06:00:00,8.0,3.0,5.0,51.7,15.2,96,11.3,351,1011.2,11,0,7,4,0.0,193.56,43.6591,-70.2568,2021,7,28,6
2021-07-28 07:00:00,105.0,62.0,43.0,363.3,16.0,93,11.2,358,1011.7,12,0,11,1,0.0,3600.0,43.6591,-70.2568,2021,7,28,7
2021-07-28 08:00:00,265.0,190.0,75.0,545.4,16.1,90,10.5,4,1012.7,5,13,99,0,0.0,3600.0,43.6591,-70.2568,2021,7,28,8
2021-07-28 09:00:00,286.0,93.0,193.0,179.7,17.4,79,9.5,9,1013.1,94,0,94,0,0.0,3589.79,43.6591,-70.2568,2021,7,28,9
2021-07-28 10:00:00,413.0,142.0,271.0,212.9,18.6,70,8.5,12,1013.1,27,0,9,21,0.0,3600.0,43.6591,-70.2568,2021,7,28,10
2021-07-28 11:00:00,717.0,578.0,139.0,735.5,20.2,60,7.7,11,1013.0,83,1,3,83,0.0,3600.0,43.6591,-70.2568,2021,7,28,11
2021-07-28 12:00:00,794.0,552.0,242.0,637.1,21.2,55,5.9,11,1012.8,95,3,1,95,0.0,3600.0,43.6591,-70.2568,2021,7,28,12
2021-07-28 13:00:00,891.0,742.0,149.0,821.5,22.2,49,6.8,360,1012.5,73,39,67,15,0.0,3600.0,43.6591,-70.2568,2021,7,28,13
2021-07-28 14:00:00,594.0,309.0,285.0,345.8,21.7,52,2.1,31,1012.3,73,2,73,0,0.0,3600.0,43.6591,-70.2568,2021,7,28,14
2021-07-28 15:00:00,606.0,285.0,321.0,340.0,21.7,59,2.7,157,1011.7,65,1,65,0,0.0,3600.0,43.6591,-70.2568,2021,7,28,15
2021-07-28 16:00:00,546.0,292.0,254.0,394.0,21.5,68,5.7,162,1011.4,71,4,70,0,0.0,3600.0,43.6591,-70.2568,2021,7,28,16
2021-07-28 17:00:00,413.0,229.0,184.0,376.4,21.1,75,6.5,177,1011.4,100,1,100,0,0.0,3600.0,43.6591,-70.2568,2021,7,28,17
2021-07-28 18:00:00,214.0,61.0,153.0,135.7,20.5,80,8.3,182,1011.7,56,0,56,0,0.0,2271.69,43.6591,-70.2568,2021,7,28,18
2021-07-28 19:00:00,146.0,72.0,74.0,261.8,19.5,80,10.4,194,1011.8,17,0,17,0,0.0,3600.0,43.6591,-70.2568,2021,7,28,19
2021-07-28 20:00:00,51.0,27.0,24.0,246.9,19.0,92,6.9,223,1012.2,23,0,38,0,0.0,3600.0,43.6591,-70.2568,2021,7,28,20
2021-07-28 21:00:00,0.0,0.0,0.0,0.0,18.1,92,5.2,254,1012.6,33,0,33,0,0.0,0.0,43.6591,-70.2568,2021,7,28,21
2021-07-28 22:00:00,0.0,0.0,0.0,0.0,17.5,88,5.8,300,1012.7,14,0,14,0,0.0,0.0,43.6591,-70.2568,2021,7,28,22
2021-07-28 23:00:00,0.0,0.0,0.0,0.0,16.4,78,5.4,340,1012.6,3,0,3,0,0.0,0.0,43.6591,-70.2568,2021,7,28,23
2021-07-29 00:00:00,0.0,0.0,0.0,0.0,16.2,74,6.2,324,1013.1,0,0,0,0,0.0,0.0,43.6591,-70.2568,2021,7,29,0
2021-07-29 01:00:00,0.0,0.0,0.0,0.0,15.7,75,7.1,330,1013.0,83,0,0,83,0.0,0.0,43.6591,-70.2568,2021,7,29,1
2021-07-29 02:00:00,0.0,0.0,0.0,0.0,15.4,77,7.6,335,1013.1,84,0,0,84,0.0,0.0,43.6591,-70.2568,2021,7,29,2
2021-07-29 03:00:00,0.0,0.0,0.0,0.0,14.3,84,6.4,333,1012.8,78,0,0,78,0.0,0.0,43.6591,-70.2568,2021,7,29,3
2021-07-29 04:00:00,0.0,0.0,0.0,0.0,15.2,84,5.2,295,1012.7,12,0,0,12,0.0,0.0,43.6591,-70.2568,2021,7,29,4
2021-07-29 05:00:00,0.0,0.0,0.0,0.0,13.6,91,5.6,285,1012.4,0,0,0,0,0.0,0.0,43.6591,-70.2568,2021,7,29,5
2021-07-29 06:00:00,8.0,3.0,5.0,52.9,13.8,93,4.1,285,1012.3,2,0,2,0,0.0,221.71,43.6591,-70.2568,2021,7,29,6
2021-07-29 07:00:00,111.0,69.0,42.0,410.7,15.7,89,4.0,280,1012.7,9,1,9,0,0.0,3600.0,43.6591,-70.2568,2021,7,29,7
2021-07-29 08:00:00,262.0,187.0,75.0,540.5,17.3,85,1.1,198,1013.4,35,6,82,8,0.0,3600.0,43.6591,-70.2568,2021,7,29,8
2021-07-29 09:00:00,265.0,109.0,156.0,211.5,18.4,77,2.9,150,1013.1,100,99,100,1,0.0,3600.0,43.6591,-70.2568,2021,7,29,9
2021-07-29 10:00:00,291.0,86.0,205.0,129.4,18.9,72,5.6,153,1012.6,79,3,36,67,0.0,2080.5,43.6591,-70.2568,2021,7,29,10
2021-07-29 11:00:00,509.0,337.0,172.0,429.9,20.1,67,6.1,135,1012.3,99,5,12,99,0.0,3600.0,43.6591,-70.2568,2021,7,29,11
2021-07-29 12:00:00,754.0,508.0,246.0,587.5,20.9,67,11.9,145,1011.4,100,3,21,100,0.0,3600.0,43.6591,-70.2568,2021,7,29,12
2021-07-29 13:00:00,777.0,604.0,173.0,670.0,21.5,79,10.8,165,1010.5,100,23,58,100,0.0,3600.0,43.6591,-70.2568,2021,7,29,13
2021-07-29 14:00:00,421.0,115.0,306.0,128.9,20.7,81,15.2,184,1009.9,100,15,46,100,0.2,2068.23,43.6591,-70.2568,2021,7,29,14
2021-07-29 15:00:00,461.0,172.0,289.0,205.6,20.4,83,16.2,184,1009.1,100,42,43,100,0.4,3600.0,43.6591,-70.2568,2021,7,29,15
2021-07-29 16:00:00,471.0,256.0,215.0,346.4,20.6,80,12.4,170,1008.5,100,79,88,100,0.2,3600.0,43.6591,-70.2568,2021,7,29,16
2021-07-29 17:00:00,134.0,2.0,132.0,3.3,19.0,90,16.0,194,1008.0,100,73,96,100,1.2,0.0,43.6591,-70.2568,2021,7,29,17
2021-07-29 18:00:00,65.0,0.0,65.0,0.0,18.0,100,12.8,191,1007.3,100,75,100,100,2.1,0.0,43.6591,-70.2568,2021,7,29,18
2021-07-29 19:00:00,19.0,0.0,19.0,0.0,17.5,100,18.1,185,1006.5,100,79,100,100,3.2,0.0,43.6591,-70.2568,2021,7,29,19
2021-07-29 20:00:00,3.0,0.0,3.0,0.0,17.3,100,16.3,186,1006.2,100,98,100,100,3.5,0.0,43.6591,-70.2568,2021,7,29,20
2021-07-29 21:00:00,0.0,0.0,0.0,0.0,17.0,100,14.8,177,1006.2,100,22,95,100,2.5,0.0,43.6591,-70.2568,2021,7,29,21
2021-07-29 22:00:00,0.0,0.0,0.0,0.0,17.2,100,17.7,184,1005.1,100,46,100,100,3.3,0.0,43.6591,-70.2568,2021,7,29,22
2021-07-29 23:00:00,0.0,0.0,0.0,0.0,17.1,100,19.7,165,1004.3,100,3,98,100,3.9,0.0,43.6591,-70.2568,2021,7,29,23
2021-07-30 00:00:00,0.0,0.0,0.0,0.0,16.5,100,17.6,131,1003.4,100,4,100,100,5.6,0.0,43.6591,-70.2568,2021,7,30,0
2021-07-30 01:00:00,0.0,0.0,0.0,0.0,16.4,100,21.5,111,1001.2,100,100,100,100,13.3,0.0,43.6591,-70.2568,2021,7,30,1
2021-07-30 02:00:00,0.0,0.0,0.0,0.0,16.5,100,18.5,77,998.3,100,100,100,11,15.6,0.0,43.6591,-70.2568,2021,7,30,2
2021-07-30 03:00:00,0.0,0.0,0.0,0.0,16.7,100,13.7,3,995.6,100,100,6,0,7.4,0.0,43.6591,-70.2568,2021,7,30,3
2021-07-30 04:00:00,0.0,0.0,0.0,0.0,15.7,97,23.9,348,996.8,35,34,0,1,0.2,0.0,43.6591,-70.2568,2021,7,30,4
2021-07-30 05:00:00,0.0,0.0,0.0,0.0,15.7,97,19.4,320,998.2,39,32,0,11,0.0,0.0,43.6591,-70.2568,2021,7,30,5
2021-07-30 06:00:00,6.0,1.0,5.0,18.1,15.7,96,15.6,322,999.3,38,28,0,17,0.0,0.0,43.6591,-70.2568,2021,7,30,6
2021-07-30 07:00:00,90.0,45.0,45.0,272.2,16.5,95,13.6,323,1000.0,44,22,1,29,0.0,3600.0,43.6591,-70.2568,2021,7,30,7
2021-07-30 08:00:00,237.0,146.0,91.0,425.0,17.9,93,12.7,352,1000.6,49,84,23,12,0.0,3600.0,43.6591,-70.2568,2021,7,30,8
2021-07-30 09:00:00,274.0,132.0,142.0,257.2,19.1,87,10.1,356,1000.4,87,81,15,33,0.0,3600.0,43.6591,-70.2568,2021,7,30,9
2021-07-30 10:00:00,424.0,236.0,188.0,356.0,20.4,78,11.9,335,1000.6,45,37,22,1,0.1,3600.0,43.6591,-70.2568,2021,7,30,10
2021-07-30 11:00:00,546.0,380.0,166.0,485.9,21.3,73,13.0,326,1000.6,52,18,39,18,0.1,3600.0,43.6591,-70.2568,2021,7,30,11
2021-07-30 12:00:00,669.0,467.0,202.0,541.2,22.4,68,12.0,311,1000.8,52,20,39,27,0.0,3600.0,43.6591,-70.2568,2021,7,30,12
2021-07-30 13:00:00,626.0,385.0,241.0,427.9,22.9,67,11.4,294,1000.5,68,10,53,46,0.1,3600.0,43.6591,-70.2568,2021,7,30,13
2021-07-30 14:00:00,672.0,434.0,238.0,487.6,22.4,66,11.0,308,1000.8,68,19,55,29,1.1,3600.0,43.6591,-70.2568,2021,7,30,14
2021-07-30 15:00:00,556.0,359.0,197.0,430.2,20.5,87,6.4,322,1001.1,45,15,38,18,5.6,3600.0,43.6591,-70.2568,2021,7,30,15
2021-07-30 16:00:00,490.0,344.0,146.0,466.8,21.1,87,5.2,245,1001.0,31,13,25,1,0.1,3600.0,43.6591,-70.2568,2021,7,30,16
2021-07-30 17:00:00,453.0,341.0,112.0,564.8,21.6,70,9.7,285,1001.4,42,11,40,1,0.2,3600.0,43.6591,-70.2568,2021,7,30,17
2021-07-30 18:00:00,260.0,178.0,82.0,400.6,20.8,63,15.4,303,1001.8,33,17,33,0,0.0,3600.0,43.6591,-70.2568,2021,7,30,18
2021-07-30 19:00:00,149.0,97.0,52.0,360.1,19.0,68,16.1,309,1002.7,23,1,23,0,0.0,3600.0,43.6591,-70.2568,2021,7,30,19
2021-07-30 20:00:00,45.0,24.0,21.0,225.2,18.5,63,17.7,309,1004.0,19,4,24,0,0.0,3600.0,43.6591,-70.2568,2021,7,30,20
2021-07-30 21:00:00,0.0,0.0,0.0,0.0,17.2,64,17.1,311,1005.1,24,0,24,0,0.0,0.0,43.6591,-70.2568,2021,7,30,21
2021-07-30 22:00:00,0.0,0.0,0.0,0.0,16.2,66,14.4,307,1006.0,0,0,0,0,0.0,0.0,43.6591,-70.2568,2021,7,30,22
2021-07-30 23:00:00,0.0,0.0,0.0,0.0,15.0,71,10.8,296,1006.2,0,0,0,0,0.0,0.0,43.6591,-70.2568,2021,7,30,23
2021-07-31 00:00:00,0.0,0.0,0.0,0.0,14.3,74,11.7,279,1006.9,0,0,0,0,0.0,0.0,43.6591,-70.2568,2021,7,31,0
2021-07-31 01:00:00,0.0,0.0,0.0,0.0,14.1,69,13.2,281,1007.1,0,0,0,0,0.0,0.0,43.6591,-70.2568,2021,7,31,1
2021-07-31 02:00:00,0.0,0.0,0.0,0.0,13.6,70,12.0,286,1006.9,0,0,0,0,0.0,0.0,43.6591,-70.2568,2021,7,31,2
2021-07-31 03:00:00,0.0,0.0,0.0,0.0,12.9,73,12.6,270,1006.7,23,0,0,23,0.0,0.0,43.6591,-70.2568,2021,7,31,3
2021-07-31 04:00:00,0.0,0.0,0.0,0.0,12.8,72,14.6,279,1006.5,29,0,0,29,0.0,0.0,43.6591,-70.2568,2021,7,31,4
2021-07-31 05:00:00,0.0,0.0,0.0,0.0,13.1,69,16.9,286,1006.7,37,0,0,37,0.0,0.0,43.6591,-70.2568,2021,7,31,5
2021-07-31 06:00:00,7.0,2.0,5.0,37.1,13.2,69,17.8,291,1007.3,52,0,0,52,0.0,0.0,43.6591,-70.2568,2021,7,31,6
2021-07-31 07:00:00,102.0,55.0,47.0,338.3,13.9,70,18.2,295,1007.6,59,0,0,59,0.0,3600.0,43.6591,-70.2568,2021,7,31,7
2021-07-31 08:00:00,268.0,184.0,84.0,539.5,15.1,73,10.1,272,1007.8,66,0,13,88,0.0,3600.0,43.6591,-70.2568,2021,7,31,8
2021-07-31 09:00:00,324.0,141.0,183.0,275.9,16.4,68,10.5,292,1008.0,70,0,46,65,0.0,3600.0,43.6591,-70.2568,2021,7,31,9
2021-07-31 10:00:00,603.0,466.0,137.0,705.2,18.2,61,11.0,308,1008.0,29,0,29,0,0.0,3600.0,43.6591,-70.2568,2021,7,31,10
2021-07-31 11:00:00,755.0,644.0,111.0,825.5,19.5,58,10.9,297,1008.2,0,0,0,0,0.0,3600.0,43.6591,-70.2568,2021,7,31,11
2021-07-31 12:00:00,855.0,746.0,109.0,866.4,20.6,55,9.1,288,1008.0,2,2,0,0,0.0,3600.0,43.6591,-70.2568,2021,7,31,12
2021-07-31 13:00:00,892.0,774.0,118.0,862.0,21.9,49,9.9,289,1007.6,76,52,74,0,0.0,3600.0,43.6591,-70.2568,2021,7,31,13
2021-07-31 14:00:00,783.0,521.0,262.0,586.6,22.3,47,7.3,259,1007.2,76,3,76,0,0.0,3600.0,43.6591,-70.2568,2021,7,31,14
2021-07-31 15:00:00,410.0,137.0,273.0,164.6,21.5,61,5.5,238,1007.1,32,12,31,0,0.0,3137.22,43.6591,-70.2568,2021,7,31,15
2021-07-31 16:00:00,585.0,428.0,157.0,582.6,22.4,49,9.5,279,1007.2,61,3,61,0,0.0,3600.0,43.6591,-70.2568,2021,7,31,16
2021-07-31 17:00:00,467.0,338.0,129.0,562.1,21.8,53,10.9,278,1007.3,95,0,95,0,0.0,3600.0,43.6591,-70.2568,2021,7,31,17
2021-07-31 18:00:00,252.0,131.0,121.0,296.6,20.4,63,11.8,258,1007.8,30,0,30,0,0.0,3600.0,43.6591,-70.2568,2021,7,31,18
2021-07-31 19:00:00,174.0,105.0,69.0,394.1,18.9,69,12.2,246,1008.3,28,0,28,0,0.0,3600.0,43.6591,-70.2568,2021,7,31,19
2021-07-31 20:00:00,45.0,22.0,23.0,209.3,17.8,77,8.7,275,1008.5,14,0,25,0,0.0,3600.0,43.6591,-70.2568,2021,7,31,20
2021-07-31 21:00:00,0.0,0.0,0.0,0.0,16.8,80,5.9,281,1008.9,85,0,1,85,0.0,0.0,43.6591,-70.2568,2021,7,31,21
2021-07-31 22:00:00,0.0,0.0,0.0,0.0,15.5,81,8.4,263,1009.4,86,0,0,86,0.0,0.0,43.6591,-70.2568,2021,7,31,22
2021-07-31 23:00:00,0.0,0.0,0.0,0.0,15.0,74,11.2,276,1009.5,52,0,1,52,0.0,0.0,43.6591,-70.2568,2021,7,31,23
2021-08-01 00:00:00,0.0,0.0,0.0,0.0,14.5,72,10.7,284,1009.4,17,0,1,16,0.0,0.0,43.6591,-70.2568,2021,8,1,0
2021-08-01 01:00:00,0.0,0.0,0.0,0.0,14.2,75,11.3,279,1009.3,69,0,30,63,0.0,0.0,43.6591,-70.2568,2021,8,1,1
2021-08-01 02:00:00,0.0,0.0,0.0,0.0,14.4,78,10.5,274,1009.3,79,0,77,27,0.0,0.0,43.6591,-70.2568,2021,8,1,2
2021-08-01 03:00:00,0.0,0.0,0.0,0.0,14.8,78,10.9,278,1009.3,86,0,86,0,0.0,0.0,43.6591,-70.2568,2021,8,1,3
2021-08-01 04:00:00,0.0,0.0,0.0,0.0,14.6,79,10.2,280,1009.2,96,0,95,28,0.0,0.0,43.6591,-70.2568,2021,8,1,4
2021-08-01 05:00:00,0.0,0.0,0.0,0.0,15.5,77,8.3,288,1009.2,80,0,80,0,0.0,0.0,43.6591,-70.2568,2021,8,1,5
2021-08-01 06:00:00,4.0,1.0,3.0,19.0,15.4,80,6.8,288,1009.7,42,0,42,0,0.0,0.0,43.6591,-70.2568,2021,8,1,6
2021-08-01 07:00:00,79.0,31.0,48.0,194.0,16.0,84,5.1,266,1009.9,28,0,28,0,0.0,3600.0,43.6591,-70.2568,2021,8,1,7
2021-08-01 08:00:00,258.0,182.0,76.0,537.6,17.3,80,2.9,187,1010.4,100,0,100,20,0.0,3600.0,43.6591,-70.2568,2021,8,1,8
2021-08-01 09:00:00,180.0,2.0,178.0,3.9,17.7,80,2.2,171,1010.6,55,0,36,33,0.0,0.0,43.6591,-70.2568,2021,8,1,9
2021-08-01 10:00:00,538.0,322.0,216.0,488.9,19.9,67,4.1,135,1010.4,4,0,0,4,0.0,3600.0,43.6591,-70.2568,2021,8,1,10
2021-08-01 11:00:00,748.0,642.0,106.0,825.0,20.9,61,9.2,149,1010.4,18,0,11,8,0.0,3600.0,43.6591,-70.2568,2021,8,1,11
2021-08-01 12:00:00,823.0,682.0,141.0,793.8,21.3,58,10.6,156,1010.1,1,1,0,1,0.0,3600.0,43.6591,-70.2568,2021,8,1,12
2021-08-01 13:00:00,880.0,760.0,120.0,848.3,21.8,57,12.6,160,1009.7,41,41,4,0,0.0,3600.0,43.6591,-70.2568,2021,8,1,13
2021-08-01 14:00:00,792.0,626.0,166.0,706.4,21.7,57,15.8,163,1009.4,83,69,75,7,0.0,3600.0,43.6591,-70.2568,2021,8,1,14
2021-08-01 15:00:00,581.0,268.0,313.0,322.8,20.9,59,15.6,165,1009.1,84,0,80,26,0.0,3600.0,43.6591,-70.2568,2021,8,1,15
2021-08-01 16:00:00,541.0,281.0,260.0,383.7,20.5,63,13.7,166,1008.8,53,0,39,28,0.0,3600.0,43.6591,-70.2568,2021,8,1,16
2021-08-01 17:00:00,469.0,320.0,149.0,534.4,20.2,68,9.6,160,1008.3,53,1,42,28,0.0,3600.0,43.6591,-70.2568,2021,8,1,17
2021-08-01 18:00:00,307.0,174.0,133.0,396.5,19.2,76,10.6,156,1008.4,39,2,25,28,0.0,3600.0,43.6591,-70.2568,2021,8,1,18
2021-08-01 19:00:00,162.0,93.0,69.0,353.2,18.1,83,8.7,163,1008.4,51,5,22,42,0.0,3600.0,43.6591,-70.2568,2021,8,1,19
2021-08-01 20:00:00,36.0,15.0,21.0,144.8,17.1,87,9.7,149,1008.6,57,1,59,42,0.0,3367.03,43.6591,-70.2568,2021,8,1,20
2021-08-01 21:00:00,0.0,0.0,0.0,0.0,17.0,86,9.4,173,1009.1,64,2,46,44,0.0,0.0,43.6591,-70.2568,2021,8,1,21
2021-08-01 22:00:00,0.0,0.0,0.0,0.0,16.7,89,7.9,164,1008.9,89,0,68,71,0.0,0.0,43.6591,-70.2568,2021,8,1,22
2021-08-01 23:00:00,0.0,0.0,0.0,0.0,16.8,89,8.6,158,1008.3,96,0,89,77,0.0,0.0,43.6591,-70.2568,2021,8,1,23
2021-08-02 00:00:00,0.0,0.0,0.0,0.0,17.0,88,7.6,155,1007.7,87,9,47,81,0.0,0.0,43.6591,-70.2568,2021,8,2,0
2021-08-02 01:00:00,0.0,0.0,0.0,0.0,16.6,88,8.2,165,1007.2,94,23,48,90,0.0,0.0,43.6591,-70.2568,2021,8,2,1
2021-08-02 02:00:00,0.0,0.0,0.0,0.0,16.7,88,5.1,172,1006.6,98,89,88,87,0.0,0.0,43.6591,-70.2568,2021,8,2,2
2021-08-02 03:00:00,0.0,0.0,0.0,0.0,16.8,91,3.7,169,1006.1,98,26,75,96,0.0,0.0,43.6591,-70.2568,2021,8,2,3
2021-08-02 04:00:00,0.0,0.0,0.0,0.0,16.8,93,5.7,162,1005.9,95,12,90,70,0.1,0.0,43.6591,-70.2568,2021,8,2,4
2021-08-02 05:00:00,0.0,0.0,0.0,0.0,16.6,95,6.8,180,1005.8,98,1,98,21,0.3,0.0,43.6591,-70.2568,2021,8,2,5
2021-08-02 06:00:00,2.0,0.0,2.0,0.0,16.5,96,6.6,229,1005.7,76,2,69,28,0.0,0.0,43.6591,-70.2568,2021,8,2,6
2021-08-02 07:00:00,48.0,14.0,34.0,89.2,16.8,94,5.6,255,1005.8,44,7,38,12,0.0,875.35,43.6591,-70.2568,2021,8,2,7
2021-08-02 08:00:00,195.0,109.0,86.0,324.4,17.9,91,7.8,257,1005.7,48,26,8,1,0.0,3600.0,43.6591,-70.2568,2021,8,2,8
2021-08-02 09:00:00,375.0,249.0,126.0,491.7,19.4,83,10.7,303,1005.5,89,89,8,2,0.0,3600.0,43.6591,-70.2568,2021,8,2,9
2021-08-02 10:00:00,457.0,274.0,183.0,417.4,20.3,83,11.6,306,1005.7,60,57,7,3,0.1,3600.0,43.6591,-70.2568,2021,8,2,10
2021-08-02 11:00:00,545.0,331.0,214.0,426.5,20.9,79,12.2,317,1006.0,18,8,14,0,0.1,3600.0,43.6591,-70.2568,2021,8,2,11
2021-08-02 12:00:00,732.0,585.0,147.0,682.5,22.0,64,15.0,316,1006.3,31,15,26,0,0.0,3600.0,43.6591,-70.2568,2021,8,2,12
2021-08-02 13:00:00,710.0,539.0,171.0,602.9,22.5,55,16.6,319,1006.4,41,18,39,1,0.0,3600.0,43.6591,-70.2568,2021,8,2,13
2021-08-02 14:00:00,629.0,447.0,182.0,505.6,22.5,55,15.1,322,1006.8,38,3,37,1,0.0,3600.0,43.6591,-70.2568,2021,8,2,14
2021-08-02 15:00:00,686.0,521.0,165.0,629.1,22.9,54,13.1,323,1007.1,13,1,13,0,0.0,3600.0,43.6591,-70.2568,2021,8,2,15
2021-08-02 16:00:00,632.0,509.0,123.0,697.3,23.2,54,13.0,316,1007.4,20,6,20,0,0.0,3600.0,43.6591,-70.2568,2021,8,2,16
2021-08-02 17:00:00,482.0,373.0,109.0,625.6,22.9,59,10.4,316,1008.0,15,1,15,0,0.0,3600.0,43.6591,-70.2568,2021,8,2,17
2021-08-02 18:00:00,342.0,257.0,85.0,589.5,22.2,67,8.7,315,1008.7,15,4,14,0,0.0,3600.0,43.6591,-70.2568,2021,8,2,18
2021-08-02 19:00:00,179.0,118.0,61.0,453.5,21.2,77,5.0,291,1009.5,10,1,10,0,0.0,3600.0,43.6591,-70.2568,2021,8,2,19
2021-08-02 20:00:00,43.0,24.0,19.0,235.3,18.7,87,5.7,288,1010.6,6,10,16,0,0.0,3454.85,43.6591,-70.2568,2021,8,2,20
2021-08-02 21:00:00,0.0,0.0,0.0,0.0,18.6,88,6.4,286,1011.6,34,32,24,0,0.0,0.0,43.6591,-70.2568,2021,8,2,21
2021-08-02 22:00:00,0.0,0.0,0.0,0.0,17.8,88,8.0,306,1012.3,9,9,3,0,0.0,0.0,43.6591,-70.2568,2021,8,2,22
2021-08-02 23:00:00,0.0,0.0,0.0,0.0,16.8,88,7.3,290,1012.8,0,0,0,0,0.0,0.0,43.6591,-70.2568,2021,8,2,23
2021-08-03 00:00:00,0.0,0.0,0.0,0.0,15.9,87,9.2,281,1013.5,0,0,0,0,0.0,0.0,43.6591,-70.2568,2021,8,3,0
2021-08-03 01:00:00,0.0,0.0,0.0,0.0,15.1,86,10.7,284,1013.8,0,0,0,0,0.0,0.0,43.6591,-70.2568,2021,8,3,1
2021-08-03 02:00:00,0.0,0.0,0.0,0.0,14.4,88,10.5,276,1013.9,0,0,0,0,0.0,0.0,43.6591,-70.2568,2021,8,3,2
2021-08-03 03:00:00,0.0,0.0,0.0,0.0,14.0,90,10.8,272,1014.1,0,0,0,0,0.0,0.0,43.6591,-70.2568,2021,8,3,3
2021-08-03 04:00:00,0.0,0.0,0.0,0.0,13.8,90,10.8,268,1014.2,0,0,0,0,0.0,0.0,43.6591,-70.2568,2021,8,3,4
2021-08-03 05:00:00,0.0,0.0,0.0,0.0,13.7,90,10.8,272,1014.5,0,0,0,0,0.0,0.0,43.6591,-70.2568,2021,8,3,5
2021-08-03 06:00:00,5.0,2.0,3.0,38.2,13.9,90,10.8,272,1015.0,0,0,0,0,0.0,22.67,43.6591,-70.2568,2021,8,3,6
2021-08-03 07:00:00,102.0,64.0,38.0,415.2,15.5,87,10.1,266,1015.2,0,0,0,0,0.0,3600.0,43.6591,-70.2568,2021,8,3,7
2021-08-03 08:00:00,275.0,210.0,65.0,629.9,17.5,83,6.5,264,1015.6,0,0,0,0,0.0,3600.0,43.6591,-70.2568,2021,8,3,8
2021-08-03 09:00:00,458.0,378.0,80.0,750.0,19.9,73,5.5,247,1015.8,22,0,0,22,0.0,3600.0,43.6591,-70.2568,2021,8,3,9
2021-08-03 10:00:00,623.0,526.0,97.0,803.9,21.6,64,6.5,236,1015.8,98,0,0,98,0.0,3600.0,43.6591,-70.2568,2021,8,3,10
2021-08-03 11:00:00,724.0,542.0,182.0,700.2,22.8,55,7.9,223,1015.9,100,0,0,100,0.0,3600.0,43.6591,-70.2568,2021,8,3,11
2021-08-03 12:00:00,765.0,488.0,277.0,570.7,23.5,51,10.0,218,1015.6,100,0,0,100,0.0,3600.0,43.6591,-70.2568,2021,8,3,12
2021-08-03 13:00:00,778.0,449.0,329.0,503.4,23.9,51,11.3,211,1015.0,100,2,0,100,0.0,3600.0,43.6591,-70.2568,2021,8,3,13
2021-08-03 14:00:00,759.0,443.0,316.0,502.3,24.0,53,12.6,200,1014.5,100,0,0,100,0.0,3600.0,43.6591,-70.2568,2021,8,3,14
2021-08-03 15:00:00,706.0,404.0,302.0,489.2,23.8,60,13.3,193,1014.1,100,0,0,100,0.0,3600.0,43.6591,-70.2568,2021,8,3,15
2021-08-03 16:00:00,551.0,237.0,314.0,325.8,23.1,67,15.0,190,1014.1,100,1,0,100,0.0,3600.0,43.6591,-70.2568,2021,8,3,16
2021-08-03 17:00:00,361.0,97.0,264.0,163.4,22.1,72,14.8,193,1014.1,100,0,0,100,0.0,3103.2,43.6591,-70.2568,2021,8,3,17
2021-08-03 18:00:00,231.0,40.0,191.0,92.4,21.2,74,14.1,199,1013.9,100,0,0,100,0.0,971.4,43.6591,-70.2568,2021,8,3,18
2021-08-03 19:00:00,92.0,4.0,88.0,15.6,19.8,77,14.0,203,1014.0,100,0,0,100,0.0,0.0,43.6591,-70.2568,2021,8,3,19
2021-08-03 20:00:00,22.0,0.0,22.0,0.0,19.1,81,13.4,211,1014.8,98,0,0,99,0.0,0.0,43.6591,-70.2568,2021,8,3,20
2021-08-03 21:00:00,0.0,0.0,0.0,0.0,18.3,82,11.8,211,1015.2,100,0,0,100,0.0,0.0,43.6591,-70.2568,2021,8,3,21
2021-08-03 22:00:00,0.0,0.0,0.0,0.0,17.8,85,10.8,217,1015.4,100,0,0,100,0.0,0.0,43.6591,-70.2568,2021,8,3,22
2021-08-03 23:00:00,0.0,0.0,0.0,0.0,17.4,87,9.9,226,1015.4,100,0,0,100,0.0,0.0,43.6591,-70.2568,2021,8,3,23
2021-08-04 00:00:00,0.0,0.0,0.0,0.0,17.1,89,9.4,252,1015.3,100,0,0,100,0.0,0.0,43.6591,-70.2568,2021,8,4,0
2021-08-04 01:00:00,0.0,0.0,0.0,0.0,16.8,89,9.5,261,1015.3,100,0,0,100,0.0,0.0,43.6591,-70.2568,2021,8,4,1
2021-08-04 02:00:00,0.0,0.0,0.0,0.0,16.6,87,8.3,265,1015.1,100,0,0,100,0.0,0.0,43.6591,-70.2568,2021,8,4,2
2021-08-04 03:00:00,0.0,0.0,0.0,0.0,16.2,87,6.7,254,1015.2,100,0,0,100,0.0,0.0,43.6591,-70.2568,2021,8,4,3
2021-08-04 04:00:00,0.0,0.0,0.0,0.0,16.0,88,5.8,263,1014.9,99,0,0,99,0.0,0.0,43.6591,-70.2568,2021,8,4,4
2021-08-04 05:00:00,0.0,0.0,0.0,0.0,15.9,88,6.7,286,1015.2,100,0,0,100,0.0,0.0,43.6591,-70.2568,2021,8,4,5
2021-08-04 06:00:00,2.0,0.0,2.0,0.0,16.0,89,5.5,302,1015.6,100,0,0,100,0.0,0.0,43.6591,-70.2568,2021,8,4,6
2021-08-04 07:00:00,41.0,1.0,40.0,6.6,16.8,90,5.2,304,1015.9,99,0,0,99,0.0,0.0,43.6591,-70.2568,2021,8,4,7
2021-08-04 08:00:00,147.0,31.0,116.0,93.7,18.5,88,3.5,336,1016.9,99,6,0,100,0.0,1011.75,43.6591,-70.2568,2021,8,4,8
2021-08-04 09:00:00,318.0,96.0,222.0,191.4,20.3,82,2.5,98,1017.4,100,5,0,100,0.0,3600.0,43.6591,-70.2568,2021,8,4,9
2021-08-04 10:00:00,455.0,164.0,291.0,251.5,21.5,77,3.6,143,1018.1,100,1,0,100,0.0,3600.0,43.6591,-70.2568,2021,8,4,10
2021-08-04 11:00:00,522.0,151.0,371.0,195.6,22.3,75,3.1,126,1018.1,100,0,0,100,0.0,3600.0,43.6591,-70.2568,2021,8,4,11
2021-08-04 12:00:00,619.0,233.0,386.0,273.1,22.9,73,5.4,132,1018.6,100,0,0,100,0.0,3600.0,43.6591,-70.2568,2021,8,4,12
2021-08-04 13:00:00,664.0,266.0,398.0,298.9,23.0,72,7.9,129,1018.5,100,0,0,100,0.0,3600.0,43.6591,-70.2568,2021,8,4,13
2021-08-04 14:00:00,541.0,145.0,396.0,164.8,22.2,73,9.2,135,1018.4,100,0,0,100,0.0,3144.31,43.6591,-70.2568,2021,8,4,14
2021-08-04 15:00:00,496.0,128.0,368.0,155.4,21.6,72,10.4,146,1018.3,100,0,0,100,0.0,2862.71,43.6591,-70.2568,2021,8,4,15
2021-08-04 16:00:00,394.0,86.0,308.0,118.6,21.1,75,8.7,150,1018.0,100,0,0,100,0.0,1758.85,43.6591,-70.2568,2021,8,4,16
2021-08-04 17:00:00,261.0,27.0,234.0,45.7,20.5,82,6.1,152,1017.9,100,0,0,100,0.0,0.0,43.6591,-70.2568,2021,8,4,17
2021-08-04 18:00:00,155.0,9.0,146.0,20.9,19.7,90,6.4,142,1018.1,100,0,0,100,0.0,0.0,43.6591,-70.2568,2021,8,4,18
2021-08-04 19:00:00,55.0,0.0,55.0,0.0,18.6,95,5.9,133,1018.1,100,0,0,100,0.0,0.0,43.6591,-70.2568,2021,8,4,19
2021-08-04 20:00:00,17.0,0.0,17.0,0.0,18.2,97,9.1,146,1019.0,100,13,0,100,0.0,0.0,43.6591,-70.2568,2021,8,4,20
2021-08-04 21:00:00,0.0,0.0,0.0,0.0,17.8,99,8.9,148,1019.0,100,6,10,100,0.0,0.0,43.6591,-70.2568,2021,8,4,21
2021-08-04 22:00:00,0.0,0.0,0.0,0.0,17.6,100,8.5,152,1019.1,100,100,100,99,0.1,0.0,43.6591,-70.2568,2021,8,4,22
2021-08-04 23:00:00,0.0,0.0,0.0,0.0,17.6,98,7.3,171,1019.4,100,40,98,100,0.4,0.0,43.6591,-70.2568,2021,8,4,23
2021-08-05 00:00:00,0.0,0.0,0.0,0.0,17.2,99,7.1,156,1019.6,100,23,99,99,0.3,0.0,43.6591,-70.2568,2021,8,5,0
2021-08-05 01:00:00,0.0,0.0,0.0,0.0,17.2,98,4.0,85,1018.8,100,16,98,97,0.3,0.0,43.6591,-70.2568,2021,8,5,1
2021-08-05 02:00:00,0.0,0.0,0.0,0.0,16.9,99,6.6,68,1018.2,99,16,61,99,0.1,0.0,43.6591,-70.2568,2021,8,5,2
2021-08-05 03:00:00,0.0,0.0,0.0,0.0,16.8,99,7.7,37,1017.5,100,9,99,97,0.1,0.0,43.6591,-70.2568,2021,8,5,3
2021-08-05 04:00:00,0.0,0.0,0.0,0.0,16.7,99,8.7,17,1016.6,100,19,93,99,0.4,0.0,43.6591,-70.2568,2021,8,5,4
2021-08-05 05:00:00,0.0,0.0,0.0,0.0,16.8,99,7.6,360,1017.0,100,41,86,99,0.4,0.0,43.6591,-70.2568,2021,8,5,5
2021-08-05 06:00:00,2.0,0.0,2.0,0.0,16.8,99,11.2,2,1016.8,100,8,78,100,0.1,0.0,43.6591,-70.2568,2021,8,5,6
2021-08-05 07:00:00,48.0,8.0,40.0,53.9,17.2,97,10.9,6,1016.9,100,6,73,99,0.1,0.0,43.6591,-70.2568,2021,8,5,7
2021-08-05 08:00:00,92.0,3.0,89.0,9.1,17.6,100,10.7,33,1017.3,100,100,77,100,0.3,0.0,43.6591,-70.2568,2021,8,5,8
2021-08-05 09:00:00,89.0,3.0,86.0,6.0,17.6,100,10.7,50,1017.5,100,96,76,100,0.3,0.0,43.6591,-70.2568,2021,8,5,9
2021-08-05 10:00:00,100.0,0.0,100.0,0.0,17.5,100,10.7,40,1017.4,100,78,18,100,0.8,0.0,43.6591,-70.2568,2021,8,5,10
2021-08-05 11:00:00,310.0,32.0,278.0,41.6,18.5,91,15.6,50,1016.7,100,91,80,100,0.7,0.0,43.6591,-70.2568,2021,8,5,11
2021-08-05 12:00:00,181.0,0.0,181.0,0.0,18.0,100,15.3,43,1016.3,100,100,62,100,0.8,0.0,43.6591,-70.2568,2021,8,5,12
2021-08-05 13:00:00,211.0,3.0,208.0,3.4,18.1,100,14.3,43,1015.4,100,100,91,100,1.2,0.0,43.6591,-70.2568,2021,8,5,13
2021-08-05 14:00:00,203.0,6.0,197.0,6.8,18.4,100,12.6,24,1014.8,100,25,96,100,1.6,0.0,43.6591,-70.2568,2021,8,5,14
2021-08-05 15:00:00,169.0,1.0,168.0,1.2,18.5,100,10.4,34,1014.4,100,93,80,100,2.0,0.0,43.6591,-70.2568,2021,8,5,15
2021-08-05 16:00:00,152.0,6.0,146.0,8.3,18.7,100,9.7,4,1014.0,100,15,95,100,0.9,0.0,43.6591,-70.2568,2021,8,5,16
2021-08-05 17:00:00,112.0,14.0,98.0,23.8,19.0,97,8.0,8,1014.0,100,2,95,100,0.1,0.0,43.6591,-70.2568,2021,8,5,17
2021-08-05 18:00:00,61.0,1.0,60.0,2.3,18.8,97,8.3,355,1014.0,100,0,11,100,0.0,0.0,43.6591,-70.2568,2021,8,5,18
2021-08-05 19:00:00,152.0,59.0,93.0,235.8,19.0,95,9.5,349,1013.7,96,0,2,96,0.0,3600.0,43.6591,-70.2568,2021,8,5,19
2021-08-05 20:00:00,32.0,8.0,24.0,82.5,18.2,100,4.9,343,1014.8,73,7,41,93,0.0,1100.24,43.6591,-70.2568,2021,8,5,20
2021-08-05 21:00:00,0.0,0.0,0.0,0.0,18.0,100,4.7,32,1014.8,99,29,40,98,0.4,0.0,43.6591,-70.2568,2021,8,5,21
2021-08-05 22:00:00,0.0,0.0,0.0,0.0,17.4,100,4.4,9,1014.7,98,10,3,98,0.0,0.0,43.6591,-70.2568,2021,8,5,22
2021-08-05 23:00:00,0.0,0.0,0.0,0.0,16.9,100,5.0,300,1014.7,55,2,2,54,0.0,0.0,43.6591,-70.2568,2021,8,5,23
2021-08-06 00:00:00,0.0,0.0,0.0,0.0,17.2,100,9.9,303,1014.8,6,3,3,3,0.0,0.0,43.6591,-70.2568,2021,8,6,0
2021-08-06 01:00:00,0.0,0.0,0.0,0.0,17.2,100,10.1,305,1014.6,3,0,2,2,0.0,0.0,43.6591,-70.2568,2021,8,6,1
2021-08-06 02:00:00,0.0,0.0,0.0,0.0,17.2,100,9.3,298,1014.8,14,12,2,2,0.0,0.0,43.6591,-70.2568,2021,8,6,2
2021-08-06 03:00:00,0.0,0.0,0.0,0.0,17.1,100,8.0,288,1014.8,22,21,2,0,0.0,0.0,43.6591,-70.2568,2021,8,6,3
2021-08-06 04:00:00,0.0,0.0,0.0,0.0,16.8,100,8.0,265,1014.8,31,30,11,0,0.0,0.0,43.6591,-70.2568,2021,8,6,4
2021-08-06 05:00:00,0.0,0.0,0.0,0.0,17.0,100,8.8,261,1014.9,32,30,8,0,0.0,0.0,43.6591,-70.2568,2021,8,6,5
2021-08-06 06:00:00,3.0,1.0,2.0,19.1,17.2,100,9.0,265,1015.5,61,60,5,0,0.0,0.0,43.6591,-70.2568,2021,8,6,6
2021-08-06 07:00:00,64.0,22.0,42.0,151.3,18.3,98,9.0,265,1016.0,88,88,2,0,0.0,2739.55,43.6591,-70.2568,2021,8,6,7
2021-08-06 08:00:00,212.0,107.0,105.0,328.8,19.4,98,5.8,274,1016.3,80,100,1,0,0.0,3600.0,43.6591,-70.2568,2021,8,6,8
2021-08-06 09:00:00,397.0,253.0,144.0,509.4,21.5,93,4.3,275,1016.5,79,79,0,0,0.0,3600.0,43.6591,-70.2568,2021,8,6,9
2021-08-06 10:00:00,578.0,444.0,134.0,685.7,23.1,90,2.3,231,1016.4,7,7,0,0,0.0,3600.0,43.6591,-70.2568,2021,8,6,10
2021-08-06 11:00:00,728.0,624.0,104.0,812.9,24.7,79,1.8,180,1016.6,4,4,1,0,0.0,3600.0,43.6591,-70.2568,2021,8,6,11
2021-08-06 12:00:00,800.0,684.0,116.0,805.8,25.5,71,4.7,157,1016.5,31,28,25,0,0.1,3600.0,43.6591,-70.2568,2021,8,6,12
2021-08-06 13:00:00,698.0,525.0,173.0,592.9,25.3,74,8.1,167,1016.3,29,13,29,0,0.1,3600.0,43.6591,-70.2568,2021,8,6,13
2021-08-06 14:00:00,686.0,486.0,200.0,555.3,25.7,70,10.7,168,1016.0,38,12,36,0,0.0,3600.0,43.6591,-70.2568,2021,8,6,14
2021-08-06 15:00:00,624.0,474.0,150.0,579.0,25.4,76,11.7,169,1015.6,23,1,23,0,0.0,3600.0,43.6591,-70.2568,2021,8,6,15
2021-08-06 16:00:00,591.0,459.0,132.0,637.8,24.9,78,12.3,175,1015.4,10,4,10,0,0.0,3600.0,43.6591,-70.2568,2021,8,6,16
2021-08-06 17:00:00,445.0,343.0,102.0,586.4,23.8,78,12.3,173,1014.9,7,2,7,0,0.0,3600.0,43.6591,-70.2568,2021,8,6,17
2021-08-06 18:00:00,328.0,252.0,76.0,595.0,23.0,82,12.6,180,1014.7,3,1,3,0,0.0,3600.0,43.6591,-70.2568,2021,8,6,18
2021-08-06 19:00:00,174.0,119.0,55.0,482.4,22.2,86,13.3,193,1014.4,1,0,1,0,0.0,3600.0,43.6591,-70.2568,2021,8,6,19
2021-08-06 20:00:00,36.0,19.0,17.0,199.5,20.8,88,13.0,199,1014.6,0,0,7,0,0.0,3143.93,43.6591,-70.2568,2021,8,6,20
2021-08-06 21:00:00,0.0,0.0,0.0,0.0,20.6,87,11.8,207,1014.8,6,0,6,0,0.0,0.0,43.6591,-70.2568,2021,8,6,21
2021-08-06 22:00:00,0.0,0.0,0.0,0.0,20.4,88,10.9,214,1014.8,61,0,7,58,0.0,0.0,43.6591,-70.2568,2021,8,6,22
2021-08-06 23:00:00,0.0,0.0,0.0,0.0,20.3,90,10.2,225,1014.6,83,0,11,81,0.0,0.0,43.6591,-70.2568,2021,8,6,23
2021-08-07 00:00:00,0.0,0.0,0.0,0.0,20.3,92,10.0,232,1014.5,12,3,3,8,0.0,0.0,43.6591,-70.2568,2021,8,7,0
2021-08-07 01:00:00,0.0,0.0,0.0,0.0,19.8,94,10.6,242,1014.5,1,1,0,0,0.0,0.0,43.6591,-70.2568,2021,8,7,1
2021-08-07 02:00:00,0.0,0.0,0.0,0.0,19.5,93,10.7,250,1013.9,3,0,0,3,0.0,0.0,43.6591,-70.2568,2021,8,7,2
2021-08-07 03:00:00,0.0,0.0,0.0,0.0,19.0,93,11.7,252,1013.8,16,1,8,9,0.0,0.0,43.6591,-70.2568,2021,8,7,3
2021-08-07 04:00:00,0.0,0.0,0.0,0.0,19.0,88,11.8,258,1013.4,97,2,3,96,0.0,0.0,43.6591,-70.2568,2021,8,7,4
2021-08-07 05:00:00,0.0,0.0,0.0,0.0,18.7,87,11.2,255,1013.2,79,0,0,79,0.0,0.0,43.6591,-70.2568,2021,8,7,5
2021-08-07 06:00:00,3.0,0.0,3.0,0.0,18.2,89,10.9,261,1013.1,93,0,0,93,0.0,0.0,43.6591,-70.2568,2021,8,7,6
2021-08-07 07:00:00,79.0,30.0,49.0,210.7,19.3,87,9.8,262,1013.3,96,0,0,96,0.0,3600.0,43.6591,-70.2568,2021,8,7,7
2021-08-07 08:00:00,185.0,59.0,126.0,182.8,21.1,84,6.5,251,1013.6,92,0,3,93,0.0,3600.0,43.6591,-70.2568,2021,8,7,8
2021-08-07 09:00:00,353.0,181.0,172.0,366.3,23.1,79,4.1,225,1013.5,92,0,5,91,0.0,3600.0,43.6591,-70.2568,2021,8,7,9
2021-08-07 10:00:00,492.0,264.0,228.0,409.2,25.0,73,3.3,193,1013.2,69,0,3,69,0.0,3600.0,43.6591,-70.2568,2021,8,7,10
2021-08-07 11:00:00,723.0,616.0,107.0,804.8,26.7,69,5.6,165,1012.8,98,0,2,98,0.0,3600.0,43.6591,-70.2568,2021,8,7,11
2021-08-07 12:00:00,759.0,568.0,191.0,670.9,27.1,71,8.1,159,1012.4,93,0,6,93,0.0,3600.0,43.6591,-70.2568,2021,8,7,12
2021-08-07 13:00:00,766.0,507.0,259.0,574.0,27.0,76,11.1,167,1011.7,100,1,9,100,0.0,3600.0,43.6591,-70.2568,2021,8,7,13
2021-08-07 14:00:00,765.0,540.0,225.0,618.6,27.1,78,12.3,177,1011.0,99,2,12,99,0.0,3600.0,43.6591,-70.2568,2021,8,7,14
2021-08-07 15:00:00,642.0,365.0,277.0,447.2,27.2,76,11.7,189,1010.6,99,13,42,98,0.0,3600.0,43.6591,-70.2568,2021,8,7,15
2021-08-07 16:00:00,441.0,226.0,215.0,315.3,26.7,79,13.2,202,1010.7,91,14,60,86,0.1,3600.0,43.6591,-70.2568,2021,8,7,16
2021-08-07 17:00:00,351.0,220.0,131.0,378.1,26.5,80,10.5,196,1010.3,66,2,15,62,0.2,3600.0,43.6591,-70.2568,2021,8,7,17
2021-08-07 18:00:00,330.0,257.0,73.0,611.5,26.4,83,10.5,196,1010.2,100,2,14,100,0.0,3600.0,43.6591,-70.2568,2021,8,7,18
2021-08-07 19:00:00,149.0,86.0,63.0,353.8,25.6,84,12.0,213,1010.4,99,0,27,99,0.0,3600.0,43.6591,-70.2568,2021,8,7,19
2021-08-07 20:00:00,25.0,5.0,20.0,53.5,25.0,84,12.8,212,1010.4,99,5,30,100,0.0,156.12,43.6591,-70.2568,2021,8,7,20
2021-08-07 21:00:00,0.0,0.0,0.0,0.0,24.2,84,12.0,226,1011.0,99,0,39,99,0.0,0.0,43.6591,-70.2568,2021,8,7,21
2021-08-07 22:00:00,0.0,0.0,0.0,0.0,23.6,83,10.2,247,1011.1,97,0,12,97,0.0,0.0,43.6591,-70.2568,2021,8,7,22
2021-08-07 23:00:00,0.0,0.0,0.0,0.0,22.7,84,10.1,266,1011.5,99,0,2,99,0.0,0.0,43.6591,-70.2568,2021,8,7,23
2021-08-08 00:00:00,0.0,0.0,0.0,0.0,22.0,85,9.5,281,1011.7,98,0,4,98,0.0,0.0,43.6591,-70.2568,2021,8,8,0
2021-08-08 01:00:00,0.0,0.0,0.0,0.0,21.5,88,10.2,309,1011.8,99,0,1,99,0.0,0.0,43.6591,-70.2568,2021,8,8,1
2021-08-08 02:00:00,0.0,0.0,0.0,0.0,21.4,89,9.8,336,1011.7,99,0,1,99,0.0,0.0,43.6591,-70.2568,2021,8,8,2
2021-08-08 03:00:00,0.0,0.0,0.0,0.0,21.0,89,9.8,343,1011.8,100,0,1,100,0.0,0.0,43.6591,-70.2568,2021,8,8,3
2021-08-08 04:00:00,0.0,0.0,0.0,0.0,20.8,89,9.1,342,1011.9,100,0,0,100,0.0,0.0,43.6591,-70.2568,2021,8,8,4
2021-08-08 05:00:00,0.0,0.0,0.0,0.0,20.5,91,8.7,336,1012.2,100,0,0,100,0.0,0.0,43.6591,-70.2568,2021,8,8,5
2021-08-08 06:00:00,2.0,0.0,2.0,0.0,20.4,91,8.3,342,1012.7,100,0,0,100,0.0,0.0,43.6591,-70.2568,2021,8,8,6
2021-08-08 07:00:00,42.0,0.0,42.0,0.0,21.0,89,7.6,3,1013.5,100,0,0,100,0.0,0.0,43.6591,-70.2568,2021,8,8,7
2021-08-08 08:00:00,131.0,16.0,115.0,50.0,22.3,87,5.0,21,1014.3,100,12,0,99,0.0,0.0,43.6591,-70.2568,2021,8,8,8
2021-08-08 09:00:00,252.0,50.0,202.0,101.7,23.3,83,6.4,47,1014.4,97,11,0,97,0.0,1250.98,43.6591,-70.2568,2021,8,8,9
2021-08-08 10:00:00,480.0,265.0,215.0,412.3,24.7,77,5.8,60,1014.8,97,15,0,96,0.0,3600.0,43.6591,-70.2568,2021,8,8,10
2021-08-08 11:00:00,634.0,421.0,213.0,551.7,25.8,73,4.7,81,1015.2,88,17,1,87,0.0,3600.0,43.6591,-70.2568,2021,8,8,11
2021-08-08 12:00:00,757.0,607.0,150.0,718.9,26.2,73,5.7,108,1015.3,20,14,2,9,0.0,3600.0,43.6591,-70.2568,2021,8,8,12
2021-08-08 13:00:00,751.0,571.0,180.0,648.1,25.6,75,9.9,134,1015.2,74,66,13,28,0.5,3600.0,43.6591,-70.2568,2021,8,8,13
2021-08-08 14:00:00,607.0,302.0,305.0,346.9,24.4,80,9.9,136,1015.2,49,18,12,38,0.2,3600.0,43.6591,-70.2568,2021,8,8,14
2021-08-08 15:00:00,562.0,331.0,231.0,406.9,24.5,80,8.4,137,1015.6,66,32,15,58,0.1,3600.0,43.6591,-70.2568,2021,8,8,15
2021-08-08 16:00:00,435.0,257.0,178.0,359.9,23.4,85,6.9,133,1015.7,93,15,22,91,0.0,3600.0,43.6591,-70.2568,2021,8,8,16
2021-08-08 17:00:00,295.0,134.0,161.0,231.5,22.6,87,8.1,148,1015.9,60,9,7,56,0.0,3600.0,43.6591,-70.2568,2021,8,8,17
2021-08-08 18:00:00,240.0,141.0,99.0,338.2,22.4,89,4.4,125,1016.0,57,1,5,55,0.0,3600.0,43.6591,-70.2568,2021,8,8,18
2021-08-08 19:00:00,139.0,69.0,70.0,288.2,21.7,93,4.5,76,1016.4,23,2,8,19,0.0,3600.0,43.6591,-70.2568,2021,8,8,19
2021-08-08 20:00:00,28.0,12.0,16.0,131.0,19.9,97,6.6,131,1017.2,36,6,33,37,0.0,2550.82,43.6591,-70.2568,2021,8,8,20
2021-08-08 21:00:00,0.0,0.0,0.0,0.0,19.4,99,5.2,106,1018.0,70,7,45,55,0.1,0.0,43.6591,-70.2568,2021,8,8,21
2021-08-08 22:00:00,0.0,0.0,0.0,0.0,19.0,99,8.0,82,1018.3,80,38,34,65,0.0,0.0,43.6591,-70.2568,2021,8,8,22
2021-08-08 23:00:00,0.0,0.0,0.0,0.0,18.5,98,10.6,80,1018.2,100,100,14,27,0.0,0.0,43.6591,-70.2568,2021,8,8,23
2021-08-09 00:00:00,0.0,0.0,0.0,0.0,18.3,97,10.1,84,1018.1,100,100,10,27,0.0,0.0,43.6591,-70.2568,2021,8,9,0
2021-08-09 01:00:00,0.0,0.0,0.0,0.0,18.0,98,8.0,82,1018.3,100,100,16,15,0.0,0.0,43.6591,-70.2568,2021,8,9,1
2021-08-09 02:00:00,0.0,0.0,0.0,0.0,17.8,97,6.0,57,1018.6,100,100,30,6,0.0,0.0,43.6591,-70.2568,2021,8,9,2
2021-08-09 03:00:00,0.0,0.0,0.0,0.0,17.8,97,6.9,51,1018.5,100,100,62,7,0.0,0.0,43.6591,-70.2568,2021,8,9,3
2021-08-09 04:00:00,0.0,0.0,0.0,0.0,18.0,96,6.9,62,1018.5,83,63,50,28,0.0,0.0,43.6591,-70.2568,2021,8,9,4
2021-08-09 05:00:00,0.0,0.0,0.0,0.0,18.1,97,4.5,61,1018.9,86,13,52,69,0.0,0.0,43.6591,-70.2568,2021,8,9,5
2021-08-09 06:00:00,2.0,0.0,2.0,0.0,18.3,97,5.4,53,1019.2,96,11,83,79,0.0,0.0,43.6591,-70.2568,2021,8,9,6
2021-08-09 07:00:00,32.0,7.0,25.0,51.3,18.8,94,8.2,52,1019.3,97,18,81,85,0.0,0.0,43.6591,-70.2568,2021,8,9,7
2021-08-09 08:00:00,112.0,33.0,79.0,104.0,19.3,91,11.6,68,1020.2,100,100,56,86,0.0,1321.28,43.6591,-70.2568,2021,8,9,8
2021-08-09 09:00:00,147.0,21.0,126.0,42.9,19.3,91,12.8,80,1020.3,100,100,62,91,0.0,0.0,43.6591,-70.2568,2021,8,9,9
2021-08-09 10:00:00,171.0,13.0,158.0,20.3,19.2,91,11.6,85,1020.7,100,100,55,92,0.1,0.0,43.6591,-70.2568,2021,8,9,10
2021-08-09 11:00:00,261.0,17.0,244.0,22.3,19.2,91,11.9,88,1021.0,100,100,41,72,0.0,0.0,43.6591,-70.2568,2021,8,9,11
2021-08-09 12:00:00,288.0,38.0,250.0,45.1,19.2,91,12.6,90,1020.9,100,100,13,61,0.0,0.0,43.6591,-70.2568,2021,8,9,12
2021-08-09 13:00:00,359.0,48.0,311.0,54.6,19.4,89,14.5,97,1020.6,100,100,0,0,0.0,0.0,43.6591,-70.2568,2021,8,9,13
2021-08-09 14:00:00,456.0,135.0,321.0,155.5,19.6,88,13.9,100,1020.3,100,100,1,39,0.0,2865.9,43.6591,-70.2568,2021,8,9,14
2021-08-09 15:00:00,258.0,20.0,238.0,24.7,18.9,92,12.0,99,1020.1,100,100,2,56,0.0,0.0,43.6591,-70.2568,2021,8,9,15
2021-08-09 16:00:00,269.0,39.0,230.0,54.8,18.9,90,13.2,107,1019.7,100,100,5,61,0.0,0.0,43.6591,-70.2568,2021,8,9,16
2021-08-09 17:00:00,241.0,34.0,207.0,59.1,18.8,91,11.4,101,1019.2,100,100,4,2,0.0,0.0,43.6591,-70.2568,2021,8,9,17
2021-08-09 18:00:00,148.0,7.0,141.0,16.9,18.5,92,10.2,98,1019.2,100,100,2,0,0.0,0.0,43.6591,-70.2568,2021,8,9,18
2021-08-09 19:00:00,64.0,7.0,57.0,29.7,18.0,94,9.0,90,1019.1,100,100,2,0,0.0,0.0,43.6591,-70.2568,2021,8,9,19
2021-08-09 20:00:00,12.0,2.0,10.0,22.3,17.7,94,9.3,77,1019.9,100,100,4,0,0.0,0.0,43.6591,-70.2568,2021,8,9,20
2021-08-09 21:00:00,0.0,0.0,0.0,0.0,17.6,94,8.0,82,1020.3,100,100,9,0,0.0,0.0,43.6591,-70.2568,2021,8,9,21
2021-08-09 22:00:00,0.0,0.0,0.0,0.0,17.6,94,8.0,80,1020.2,100,100,8,0,0.0,0.0,43.6591,-70.2568,2021,8,9,22
2021-08-09 23:00:00,0.0,0.0,0.0,0.0,17.6,94,7.9,90,1020.0,100,100,11,0,0.0,0.0,43.6591,-70.2568,2021,8,9,23
2021-08-10 00:00:00,0.0,0.0,0.0,0.0,17.5,95,7.6,87,1019.9,100,100,6,0,0.0,0.0,43.6591,-70.2568,2021,8,10,0
2021-08-10 01:00:00,0.0,0.0,0.0,0.0,17.4,95,6.7,74,1019.6,100,100,8,0,0.0,0.0,43.6591,-70.2568,2021,8,10,1
2021-08-10 02:00:00,0.0,0.0,0.0,0.0,17.5,94,7.1,66,1019.1,100,100,28,5,0.0,0.0,43.6591,-70.2568,2021,8,10,2
2021-08-10 03:00:00,0.0,0.0,0.0,0.0,17.4,95,6.6,61,1018.9,100,100,55,17,0.0,0.0,43.6591,-70.2568,2021,8,10,3
2021-08-10 04:00:00,0.0,0.0,0.0,0.0,17.4,95,5.6,45,1018.7,100,100,28,17,0.0,0.0,43.6591,-70.2568,2021,8,10,4
2021-08-10 05:00:00,0.0,0.0,0.0,0.0,17.3,96,5.4,37,1018.8,100,100,20,10,0.0,0.0,43.6591,-70.2568,2021,8,10,5
2021-08-10 06:00:00,1.0,0.0,1.0,0.0,17.5,95,5.3,28,1018.9,100,100,36,4,0.0,0.0,43.6591,-70.2568,2021,8,10,6
2021-08-10 07:00:00,20.0,0.0,20.0,0.0,17.7,94,6.0,17,1019.0,100,100,38,0,0.0,0.0,43.6591,-70.2568,2021,8,10,7
2021-08-10 08:00:00,108.0,7.0,101.0,22.3,18.4,92,4.8,48,1018.8,100,100,8,0,0.0,0.0,43.6591,-70.2568,2021,8,10,8
2021-08-10 09:00:00,255.0,85.0,170.0,174.7,19.7,87,4.4,81,1018.9,100,100,13,0,0.0,3441.4,43.6591,-70.2568,2021,8,10,9
2021-08-10 10:00:00,235.0,28.0,207.0,43.9,20.0,87,2.3,108,1019.0,100,100,18,0,0.0,0.0,43.6591,-70.2568,2021,8,10,10
2021-08-10 11:00:00,209.0,48.0,161.0,63.3,20.2,87,4.6,135,1019.0,100,100,24,0,0.0,98.57,43.6591,-70.2568,2021,8,10,11
2021-08-10 12:00:00,238.0,6.0,232.0,7.1,20.3,87,6.2,126,1018.6,100,100,2,0,0.0,0.0,43.6591,-70.2568,2021,8,10,12
2021-08-10 13:00:00,336.0,68.0,268.0,77.6,20.9,85,4.9,107,1017.9,100,100,2,0,0.0,528.14,43.6591,-70.2568,2021,8,10,13
2021-08-10 14:00:00,446.0,112.0,334.0,129.4,21.8,83,6.0,123,1017.1,100,100,2,0,0.0,2082.31,43.6591,-70.2568,2021,8,10,14
2021-08-10 15:00:00,425.0,100.0,325.0,123.7,21.3,85,9.2,132,1016.6,100,100,5,0,0.0,1912.22,43.6591,-70.2568,2021,8,10,15
2021-08-10 16:00:00,391.0,137.0,254.0,193.5,20.8,86,10.7,123,1016.0,26,25,3,0,0.0,3600.0,43.6591,-70.2568,2021,8,10,16
2021-08-10 17:00:00,440.0,285.0,155.0,498.0,20.8,86,9.3,126,1015.5,31,31,0,0,0.0,3600.0,43.6591,-70.2568,2021,8,10,17
2021-08-10 18:00:00,306.0,206.0,100.0,502.6,20.3,88,8.8,145,1015.4,83,83,0,0,0.0,3600.0,43.6591,-70.2568,2021,8,10,18
2021-08-10 19:00:00,108.0,37.0,71.0,159.6,19.6,91,7.3,171,1015.4,92,92,0,0,0.0,2987.63,43.6591,-70.2568,2021,8,10,19
2021-08-10 20:00:00,17.0,4.0,13.0,45.5,19.2,94,7.3,169,1015.3,29,100,0,0,0.0,0.0,43.6591,-70.2568,2021,8,10,20
2021-08-10 21:00:00,0.0,0.0,0.0,0.0,19.0,95,6.2,126,1015.3,23,23,1,0,0.0,0.0,43.6591,-70.2568,2021,8,10,21
2021-08-10 22:00:00,0.0,0.0,0.0,0.0,18.4,99,8.0,170,1015.4,31,30,0,6,0.0,0.0,43.6591,-70.2568,2021,8,10,22
2021-08-10 23:00:00,0.0,0.0,0.0,0.0,18.3,99,6.9,171,1015.3,32,19,1,16,0.0,0.0,43.6591,-70.2568,2021,8,10,23
2021-08-11 00:00:00,0.0,0.0,0.0,0.0,18.4,98,6.1,177,1015.2,92,89,4,63,0.0,0.0,43.6591,-70.2568,2021,8,11,0
2021-08-11 01:00:00,0.0,0.0,0.0,0.0,18.7,98,5.2,155,1014.9,100,100,1,95,0.0,0.0,43.6591,-70.2568,2021,8,11,1
2021-08-11 02:00:00,0.0,0.0,0.0,0.0,19.2,97,5.5,148,1014.2,100,100,4,95,0.0,0.0,43.6591,-70.2568,2021,8,11,2
2021-08-11 03:00:00,0.0,0.0,0.0,0.0,19.4,97,6.3,156,1013.9,100,100,4,92,0.0,0.0,43.6591,-70.2568,2021,8,11,3
2021-08-11 04:00:00,0.0,0.0,0.0,0.0,19.5,98,5.3,152,1013.2,100,100,3,83,0.0,0.0,43.6591,-70.2568,2021,8,11,4
2021-08-11 05:00:00,0.0,0.0,0.0,0.0,19.7,99,5.7,162,1012.6,100,100,3,9,0.0,0.0,43.6591,-70.2568,2021,8,11,5
2021-08-11 06:00:00,1.0,0.0,1.0,0.0,20.1,100,6.6,171,1012.7,100,100,9,25,0.0,0.0,43.6591,-70.2568,2021,8,11,6
2021-08-11 07:00:00,18.0,0.0,18.0,0.0,20.8,99,9.4,173,1012.5,100,100,14,3,0.0,0.0,43.6591,-70.2568,2021,8,11,7
2021-08-11 08:00:00,75.0,3.0,72.0,9.6,21.3,96,9.5,189,1012.6,100,100,9,63,0.0,0.0,43.6591,-70.2568,2021,8,11,8
2021-08-11 09:00:00,123.0,5.0,118.0,10.3,22.1,94,9.7,178,1012.5,100,100,11,87,0.0,0.0,43.6591,-70.2568,2021,8,11,9
2021-08-11 10:00:00,189.0,10.0,179.0,15.7,22.7,93,11.2,176,1012.2,100,100,11,84,0.0,0.0,43.6591,-70.2568,2021,8,11,10
2021-08-11 11:00:00,280.0,33.0,247.0,43.6,23.6,90,11.2,184,1012.1,100,100,4,84,0.0,0.0,43.6591,-70.2568,2021,8,11,11
2021-08-11 12:00:00,345.0,54.0,291.0,64.5,24.7,86,9.6,167,1011.7,100,100,7,62,0.1,134.66,43.6591,-70.2568,2021,8,11,12
2021-08-11 13:00:00,346.0,64.0,282.0,73.2,24.6,88,10.0,142,1010.8,55,15,9,49,0.0,397.34,43.6591,-70.2568,2021,8,11,13
2021-08-11 14:00:00,785.0,639.0,146.0,740.5,26.4,81,12.6,167,1010.8,50,23,44,6,0.1,3600.0,43.6591,-70.2568,2021,8,11,14
2021-08-11 15:00:00,521.0,346.0,175.0,429.6,25.7,84,11.1,167,1010.1,57,32,49,0,0.1,3600.0,43.6591,-70.2568,2021,8,11,15
2021-08-11 16:00:00,485.0,314.0,171.0,445.3,25.9,82,10.1,153,1009.6,28,19,21,0,0.0,3600.0,43.6591,-70.2568,2021,8,11,16
2021-08-11 17:00:00,420.0,301.0,119.0,529.0,25.1,85,9.4,148,1009.0,31,16,26,0,0.0,3600.0,43.6591,-70.2568,2021,8,11,17
2021-08-11 18:00:00,275.0,194.0,81.0,477.5,24.3,89,7.1,120,1009.0,21,8,20,0,0.0,3600.0,43.6591,-70.2568,2021,8,11,18
2021-08-11 19:00:00,138.0,85.0,53.0,372.9,23.3,93,5.4,110,1009.0,26,6,25,0,0.0,3600.0,43.6591,-70.2568,2021,8,11,19
2021-08-11 20:00:00,23.0,11.0,12.0,128.0,21.7,97,5.6,117,1009.1,7,0,14,3,0.0,2316.76,43.6591,-70.2568,2021,8,11,20
2021-08-11 21:00:00,0.0,0.0,0.0,0.0,21.8,95,6.3,149,1009.4,14,0,7,8,0.0,0.0,43.6591,-70.2568,2021,8,11,21
2021-08-11 22:00:00,0.0,0.0,0.0,0.0,22.3,93,6.2,187,1009.6,13,0,7,7,0.0,0.0,43.6591,-70.2568,2021,8,11,22
2021-08-11 23:00:00,0.0,0.0,0.0,0.0,23.6,91,9.2,231,1009.6,36,4,33,6,0.0,0.0,43.6591,-70.2568,2021,8,11,23
2021-08-12 00:00:00,0.0,0.0,0.0,0.0,24.3,91,11.9,256,1009.8,37,4,15,29,0.6,0.0,43.6591,-70.2568,2021,8,12,0
2021-08-12 01:00:00,0.0,0.0,0.0,0.0,23.8,93,9.5,261,1009.3,18,1,14,8,0.0,0.0,43.6591,-70.2568,2021,8,12,1
2021-08-12 02:00:00,0.0,0.0,0.0,0.0,23.1,95,6.6,225,1008.8,44,0,11,39,0.0,0.0,43.6591,-70.2568,2021,8,12,2
2021-08-12 03:00:00,0.0,0.0,0.0,0.0,22.7,96,6.6,225,1008.7,73,0,1,73,0.0,0.0,43.6591,-70.2568,2021,8,12,3
2021-08-12 04:00:00,0.0,0.0,0.0,0.0,22.4,97,6.1,220,1008.8,74,1,0,73,0.0,0.0,43.6591,-70.2568,2021,8,12,4
2021-08-12 05:00:00,0.0,0.0,0.0,0.0,22.0,99,6.1,220,1009.1,69,1,0,69,0.0,0.0,43.6591,-70.2568,2021,8,12,5
2021-08-12 06:00:00,1.0,0.0,1.0,0.0,21.7,100,7.4,227,1009.5,98,97,0,49,0.0,0.0,43.6591,-70.2568,2021,8,12,6
2021-08-12 07:00:00,69.0,30.0,39.0,235.8,22.8,97,8.9,223,1009.9,41,35,0,10,0.0,3600.0,43.6591,-70.2568,2021,8,12,7
2021-08-12 08:00:00,232.0,170.0,62.0,550.6,24.3,92,6.2,234,1010.0,8,0,0,0,0.0,3600.0,43.6591,-70.2568,2021,8,12,8
2021-08-12 09:00:00,405.0,325.0,80.0,675.3,26.3,86,3.8,253,1010.0,4,0,0,4,0.0,3600.0,43.6591,-70.2568,2021,8,12,9
2021-08-12 10:00:00,571.0,483.0,88.0,763.0,27.8,82,3.2,180,1009.8,36,0,0,36,0.0,3600.0,43.6591,-70.2568,2021,8,12,10
2021-08-12 11:00:00,701.0,602.0,99.0,798.8,29.2,78,2.5,172,1009.8,56,0,0,55,0.0,3600.0,43.6591,-70.2568,2021,8,12,11
2021-08-12 12:00:00,785.0,678.0,107.0,812.0,29.3,79,7.4,137,1009.5,54,7,1,51,0.2,3600.0,43.6591,-70.2568,2021,8,12,12
2021-08-12 13:00:00,781.0,615.0,166.0,705.9,28.5,83,10.5,142,1009.0,70,7,2,68,0.0,3600.0,43.6591,-70.2568,2021,8,12,13
2021-08-12 14:00:00,748.0,541.0,207.0,628.9,29.0,81,10.6,162,1008.9,78,35,8,72,0.1,3600.0,43.6591,-70.2568,2021,8,12,14
2021-08-12 15:00:00,609.0,421.0,188.0,524.6,28.8,83,10.4,160,1008.4,70,9,10,67,0.0,3600.0,43.6591,-70.2568,2021,8,12,15
2021-08-12 16:00:00,578.0,462.0,116.0,658.1,28.8,81,10.9,172,1008.0,60,12,18,52,0.0,3600.0,43.6591,-70.2568,2021,8,12,16
2021-08-12 17:00:00,445.0,337.0,108.0,595.8,28.7,81,10.5,172,1007.7,62,9,13,59,0.0,3600.0,43.6591,-70.2568,2021,8,12,17
2021-08-12 18:00:00,272.0,189.0,83.0,469.5,27.7,84,10.5,184,1007.6,68,0,9,65,0.0,3600.0,43.6591,-70.2568,2021,8,12,18
2021-08-12 19:00:00,138.0,79.0,59.0,352.7,27.0,87,9.3,193,1007.7,74,0,4,73,0.0,3600.0,43.6591,-70.2568,2021,8,12,19
2021-08-12 20:00:00,22.0,8.0,14.0,95.3,28.3,79,13.5,241,1007.8,80,0,27,79,0.0,1350.63,43.6591,-70.2568,2021,8,12,20
2021-08-12 21:00:00,0.0,0.0,0.0,0.0,26.8,77,10.5,266,1008.0,72,0,6,71,0.0,0.0,43.6591,-70.2568,2021,8,12,21
2021-08-12 22:00:00,0.0,0.0,0.0,0.0,26.0,79,11.5,272,1008.2,72,0,10,70,0.0,0.0,43.6591,-70.2568,2021,8,12,22
2021-08-12 23:00:00,0.0,0.0,0.0,0.0,25.6,82,12.0,263,1008.4,70,0,1,70,0.0,0.0,43.6591,-70.2568,2021,8,12,23
2021-08-13 00:00:00,0.0,0.0,0.0,0.0,25.2,85,13.0,265,1008.8,8,0,7,1,0.0,0.0,43.6591,-70.2568,2021,8,13,0
2021-08-13 01:00:00,0.0,0.0,0.0,0.0,24.8,86,13.7,270,1008.9,34,0,34,1,0.0,0.0,43.6591,-70.2568,2021,8,13,1
2021-08-13 02:00:00,0.0,0.0,0.0,0.0,24.7,85,13.7,267,1009.0,5,0,4,1,0.0,0.0,43.6591,-70.2568,2021,8,13,2
2021-08-13 03:00:00,0.0,0.0,0.0,0.0,24.2,86,13.3,268,1009.4,3,0,1,2,0.0,0.0,43.6591,-70.2568,2021,8,13,3
2021-08-13 04:00:00,0.0,0.0,0.0,0.0,23.6,89,12.2,272,1009.8,1,0,1,0,0.0,0.0,43.6591,-70.2568,2021,8,13,4
2021-08-13 05:00:00,0.0,0.0,0.0,0.0,23.1,92,11.4,281,1010.3,2,0,2,0,0.0,0.0,43.6591,-70.2568,2021,8,13,5
2021-08-13 06:00:00,1.0,0.0,1.0,0.0,22.7,94,10.4,290,1010.8,1,0,1,0,0.0,0.0,43.6591,-70.2568,2021,8,13,6
2021-08-13 07:00:00,71.0,41.0,30.0,327.0,23.7,90,9.8,306,1011.5,0,0,0,0,0.0,3600.0,43.6591,-70.2568,2021,8,13,7
2021-08-13 08:00:00,231.0,170.0,61.0,555.7,25.3,84,5.6,310,1011.9,0,0,1,0,0.0,3600.0,43.6591,-70.2568,2021,8,13,8
2021-08-13 09:00:00,409.0,330.0,79.0,689.5,26.9,76,4.3,318,1012.6,20,0,0,20,0.0,3600.0,43.6591,-70.2568,2021,8,13,9
2021-08-13 10:00:00,574.0,484.0,90.0,767.6,28.0,68,1.8,11,1012.8,61,0,0,61,0.0,3600.0,43.6591,-70.2568,2021,8,13,10
2021-08-13 11:00:00,702.0,588.0,114.0,782.7,28.6,64,2.4,153,1012.9,78,0,0,78,0.0,3600.0,43.6591,-70.2568,2021,8,13,11
2021-08-13 12:00:00,794.0,676.0,118.0,812.0,29.0,66,6.2,159,1012.8,76,0,0,76,0.0,3600.0,43.6591,-70.2568,2021,8,13,12
2021-08-13 13:00:00,835.0,715.0,120.0,823.0,29.1,69,9.2,154,1012.4,85,0,0,85,0.0,3600.0,43.6591,-70.2568,2021,8,13,13
2021-08-13 14:00:00,819.0,698.0,121.0,814.0,29.0,67,12.4,150,1012.0,91,0,0,91,0.0,3600.0,43.6591,-70.2568,2021,8,13,14
2021-08-13 15:00:00,755.0,645.0,110.0,806.7,28.7,60,13.4,156,1011.9,81,0,0,81,0.0,3600.0,43.6591,-70.2568,2021,8,13,15
2021-08-13 16:00:00,648.0,553.0,95.0,791.3,28.0,65,11.7,162,1011.4,69,0,0,69,0.0,3600.0,43.6591,-70.2568,2021,8,13,16
2021-08-13 17:00:00,497.0,411.0,86.0,731.1,27.1,74,11.0,169,1011.0,55,0,0,55,0.0,3600.0,43.6591,-70.2568,2021,8,13,17
2021-08-13 18:00:00,325.0,254.0,71.0,636.8,26.1,82,10.1,176,1010.9,41,0,0,41,0.0,3600.0,43.6591,-70.2568,2021,8,13,18
2021-08-13 19:00:00,152.0,102.0,50.0,463.6,24.8,85,9.4,182,1011.1,50,0,0,50,0.0,3600.0,43.6591,-70.2568,2021,8,13,19
2021-08-13 20:00:00,22.0,11.0,11.0,134.3,23.9,91,9.4,176,1011.2,64,0,0,11,0.0,2388.18,43.6591,-70.2568,2021,8,13,20
2021-08-13 21:00:00,0.0,0.0,0.0,0.0,23.0,91,8.6,182,1011.9,1,0,0,1,0.0,0.0,43.6591,-70.2568,2021,8,13,21
2021-08-13 22:00:00,0.0,0.0,0.0,0.0,22.5,92,8.7,187,1012.2,5,0,1,5,0.0,0.0,43.6591,-70.2568,2021,8,13,22
2021-08-13 23:00:00,0.0,0.0,0.0,0.0,22.4,92,8.8,192,1012.1,31,0,1,30,0.0,0.0,43.6591,-70.2568,2021,8,13,23
2021-08-14 00:00:00,0.0,0.0,0.0,0.0,22.3,93,7.8,202,1011.9,30,0,1,29,0.0,0.0,43.6591,-70.2568,2021,8,14,0
2021-08-14 01:00:00,0.0,0.0,0.0,0.0,22.2,95,7.1,221,1011.8,3,1,2,1,0.0,0.0,43.6591,-70.2568,2021,8,14,1
2021-08-14 02:00:00,0.0,0.0,0.0,0.0,22.1,96,4.6,219,1011.0,3,1,2,0,0.0,0.0,43.6591,-70.2568,2021,8,14,2
2021-08-14 03:00:00,0.0,0.0,0.0,0.0,21.7,98,3.6,217,1010.7,4,1,3,1,0.0,0.0,43.6591,-70.2568,2021,8,14,3
2021-08-14 04:00:00,0.0,0.0,0.0,0.0,21.9,98,5.1,219,1010.4,14,0,5,9,0.0,0.0,43.6591,-70.2568,2021,8,14,4
2021-08-14 05:00:00,0.0,0.0,0.0,0.0,22.0,98,6.4,243,1010.6,9,0,3,7,0.0,0.0,43.6591,-70.2568,2021,8,14,5
2021-08-14 06:00:00,1.0,0.0,1.0,0.0,22.2,97,7.0,258,1011.1,82,1,82,2,0.0,0.0,43.6591,-70.2568,2021,8,14,6
2021-08-14 07:00:00,46.0,17.0,29.0,137.1,23.7,92,8.3,275,1011.6,31,6,28,1,0.0,2412.53,43.6591,-70.2568,2021,8,14,7
2021-08-14 08:00:00,172.0,109.0,63.0,359.7,24.6,89,4.6,225,1011.1,11,0,41,0,0.0,3600.0,43.6591,-70.2568,2021,8,14,8
2021-08-14 09:00:00,288.0,192.0,96.0,403.4,26.6,81,8.0,260,1011.1,43,0,20,29,0.0,3600.0,43.6591,-70.2568,2021,8,14,9
2021-08-14 10:00:00,486.0,367.0,119.0,584.4,28.4,73,5.1,231,1011.3,65,0,18,58,0.0,3600.0,43.6591,-70.2568,2021,8,14,10
2021-08-14 11:00:00,591.0,449.0,142.0,599.7,29.2,70,5.5,203,1011.1,73,1,30,63,0.0,3600.0,43.6591,-70.2568,2021,8,14,11
2021-08-14 12:00:00,723.0,568.0,155.0,684.4,30.2,63,7.3,213,1010.5,20,1,14,8,0.1,3600.0,43.6591,-70.2568,2021,8,14,12
2021-08-14 13:00:00,785.0,649.0,136.0,749.3,31.1,52,16.1,250,1010.6,38,9,23,25,0.0,3600.0,43.6591,-70.2568,2021,8,14,13
2021-08-14 14:00:00,651.0,506.0,145.0,592.0,29.2,63,18.3,255,1010.9,94,0,73,86,0.2,3600.0,43.6591,-70.2568,2021,8,14,14
2021-08-14 15:00:00,545.0,246.0,299.0,308.8,28.9,66,15.2,265,1010.7,44,0,10,38,0.1,3600.0,43.6591,-70.2568,2021,8,14,15
2021-08-14 16:00:00,563.0,402.0,161.0,577.9,29.3,61,14.8,271,1010.3,64,4,22,56,0.0,3600.0,43.6591,-70.2568,2021,8,14,16
2021-08-14 17:00:00,417.0,291.0,126.0,520.9,28.9,62,12.8,281,1010.4,38,1,12,32,0.0,3600.0,43.6591,-70.2568,2021,8,14,17
2021-08-14 18:00:00,286.0,204.0,82.0,516.4,28.1,65,11.2,285,1010.9,37,4,4,34,0.0,3600.0,43.6591,-70.2568,2021,8,14,18
2021-08-14 19:00:00,142.0,89.0,53.0,412.2,26.1,65,12.2,304,1011.4,4,0,1,3,0.0,3600.0,43.6591,-70.2568,2021,8,14,19
2021-08-14 20:00:00,21.0,10.0,11.0,125.2,23.8,63,12.4,330,1013.2,0,0,0,0,0.0,2092.16,43.6591,-70.2568,2021,8,14,20
2021-08-14 21:00:00,0.0,0.0,0.0,0.0,22.3,64,11.4,336,1014.4,0,0,0,0,0.0,0.0,43.6591,-70.2568,2021,8,14,21
2021-08-14 22:00:00,0.0,0.0,0.0,0.0,21.7,65,11.4,342,1015.0,0,0,0,0,0.0,0.0,43.6591,-70.2568,2021,8,14,22
2021-08-14 23:00:00,0.0,0.0,0.0,0.0,20.9,67,10.8,334,1015.4,0,0,0,0,0.0,0.0,43.6591,-70.2568,2021,8,14,23
2021-08-15 00:00:00,0.0,0.0,0.0,0.0,20.4,68,11.3,329,1015.9,0,0,0,0,0.0,0.0,43.6591,-70.2568,2021,8,15,0
2021-08-15 01:00:00,0.0,0.0,0.0,0.0,19.9,69,11.5,319,1016.0,0,0,0,0,0.0,0.0,43.6591,-70.2568,2021,8,15,1
2021-08-15 02:00:00,0.0,0.0,0.0,0.0,18.9,77,10.5,308,1016.0,0,0,0,0,0.0,0.0,43.6591,-70.2568,2021,8,15,2
2021-08-15 03:00:00,0.0,0.0,0.0,0.0,18.1,83,10.5,301,1016.2,0,0,0,0,0.0,0.0,43.6591,-70.2568,2021,8,15,3
2021-08-15 04:00:00,0.0,0.0,0.0,0.0,17.4,83,10.8,300,1016.4,0,0,0,0,0.0,0.0,43.6591,-70.2568,2021,8,15,4
2021-08-15 05:00:00,0.0,0.0,0.0,0.0,17.1,81,11.1,306,1016.5,16,0,0,16,0.0,0.0,43.6591,-70.2568,2021,8,15,5
2021-08-15 06:00:00,1.0,0.0,1.0,0.0,17.0,80,11.5,309,1017.0,28,0,0,28,0.0,0.0,43.6591,-70.2568,2021,8,15,6
2021-08-15 07:00:00,73.0,41.0,32.0,334.5,17.9,77,12.0,311,1017.5,33,0,0,33,0.0,3600.0,43.6591,-70.2568,2021,8,15,7
2021-08-15 08:00:00,238.0,172.0,66.0,572.9,19.6,67,13.2,325,1018.2,43,0,0,36,0.0,3600.0,43.6591,-70.2568,2021,8,15,8
2021-08-15 09:00:00,430.0,354.0,76.0,747.9,20.9,58,14.8,331,1018.7,33,0,0,33,0.0,3600.0,43.6591,-70.2568,2021,8,15,9
2021-08-15 10:00:00,601.0,514.0,87.0,821.8,22.0,51,15.5,332,1018.7,7,0,0,7,0.0,3600.0,43.6591,-70.2568,2021,8,15,10
2021-08-15 11:00:00,742.0,648.0,94.0,868.4,23.0,47,14.5,333,1018.8,66,0,0,66,0.0,3600.0,43.6591,-70.2568,2021,8,15,11
2021-08-15 12:00:00,835.0,735.0,100.0,888.3,23.9,44,13.3,327,1018.4,63,0,0,63,0.0,3600.0,43.6591,-70.2568,2021,8,15,12
2021-08-15 13:00:00,876.0,770.0,106.0,891.7,24.6,41,13.6,323,1018.0,72,0,0,72,0.0,3600.0,43.6591,-70.2568,2021,8,15,13
2021-08-15 14:00:00,863.0,762.0,101.0,894.4,25.1,39,13.0,318,1017.4,76,0,0,76,0.0,3600.0,43.6591,-70.2568,2021,8,15,14
2021-08-15 15:00:00,792.0,690.0,102.0,869.5,25.3,39,13.0,318,1016.9,90,0,0,90,0.0,3600.0,43.6591,-70.2568,2021,8,15,15
2021-08-15 16:00:00,675.0,581.0,94.0,839.2,25.2,40,12.8,322,1016.5,91,0,0,91,0.0,3600.0,43.6591,-70.2568,2021,8,15,16
2021-08-15 17:00:00,519.0,436.0,83.0,785.5,24.8,42,13.0,332,1016.4,85,0,0,85,0.0,3600.0,43.6591,-70.2568,2021,8,15,17
2021-08-15 18:00:00,336.0,265.0,71.0,677.4,23.7,49,10.0,339,1016.6,88,0,0,88,0.0,3600.0,43.6591,-70.2568,2021,8,15,18
2021-08-15 19:00:00,152.0,103.0,49.0,486.3,21.6,58,7.6,335,1017.1,84,0,0,84,0.0,3600.0,43.6591,-70.2568,2021,8,15,19
2021-08-15 20:00:00,20.0,9.0,11.0,115.6,19.1,72,8.1,347,1017.7,95,0,0,96,0.0,1798.03,43.6591,-70.2568,2021,8,15,20
2021-08-15 21:00:00,0.0,0.0,0.0,0.0,19.1,65,6.9,351,1018.3,88,2,0,88,0.0,0.0,43.6591,-70.2568,2021,8,15,21
2021-08-15 22:00:00,0.0,0.0,0.0,0.0,18.4,66,9.5,349,1018.5,33,0,0,33,0.0,0.0,43.6591,-70.2568,2021,8,15,22
2021-08-15 23:00:00,0.0,0.0,0.0,0.0,17.6,65,11.1,335,1018.8,3,3,0,0,0.0,0.0,43.6591,-70.2568,2021,8,15,23
2021-08-16 00:00:00,0.0,0.0,0.0,0.0,17.0,68,11.2,345,1019.4,0,0,0,0,0.0,0.0,43.6591,-70.2568,2021,8,16,0
2021-08-16 01:00:00,0.0,0.0,0.0,0.0,16.4,72,10.7,346,1019.5,11,0,0,11,0.0,0.0,43.6591,-70.2568,2021,8,16,1
2021-08-16 02:00:00,0.0,0.0,0.0,0.0,15.9,75,10.6,350,1019.3,0,0,0,0,0.0,0.0,43.6591,-70.2568,2021,8,16,2
2021-08-16 03:00:00,0.0,0.0,0.0,0.0,15.6,77,10.4,346,1019.1,0,0,0,0,0.0,0.0,43.6591,-70.2568,2021,8,16,3
2021-08-16 04:00:00,0.0,0.0,0.0,0.0,15.4,80,9.8,343,1019.2,0,0,0,0,0.0,0.0,43.6591,-70.2568,2021,8,16,4
2021-08-16 05:00:00,0.0,0.0,0.0,0.0,15.2,83,9.9,341,1019.3,0,0,0,0,0.0,0.0,43.6591,-70.2568,2021,8,16,5
2021-08-16 06:00:00,1.0,0.0,1.0,0.0,15.1,86,9.8,343,1019.4,0,0,0,0,0.0,0.0,43.6591,-70.2568,2021,8,16,6
2021-08-16 07:00:00,72.0,44.0,28.0,363.2,16.3,83,8.8,341,1019.7,0,0,0,0,0.0,3600.0,43.6591,-70.2568,2021,8,16,7
2021-08-16 08:00:00,239.0,180.0,59.0,605.4,18.1,72,6.2,353,1020.8,0,0,0,0,0.0,3600.0,43.6591,-70.2568,2021,8,16,8
2021-08-16 09:00:00,423.0,347.0,76.0,737.3,20.4,61,4.7,9,1021.0,0,0,0,0,0.0,3600.0,43.6591,-70.2568,2021,8,16,9
2021-08-16 10:00:00,594.0,508.0,86.0,815.6,21.9,53,2.5,45,1020.9,0,0,0,0,0.0,3600.0,43.6591,-70.2568,2021,8,16,10
2021-08-16 11:00:00,733.0,640.0,93.0,860.6,23.0,49,1.6,117,1020.7,0,0,0,0,0.0,3600.0,43.6591,-70.2568,2021,8,16,11
2021-08-16 12:00:00,828.0,731.0,97.0,886.2,23.6,48,3.8,139,1020.3,0,0,0,0,0.0,3600.0,43.6591,-70.2568,2021,8,16,12
2021-08-16 13:00:00,868.0,769.0,99.0,893.3,24.0,49,6.7,144,1019.8,0,0,0,0,0.0,3600.0,43.6591,-70.2568,2021,8,16,13
2021-08-16 14:00:00,853.0,755.0,98.0,889.2,23.9,51,11.0,148,1019.3,0,0,0,0,0.0,3600.0,43.6591,-70.2568,2021,8,16,14
2021-08-16 15:00:00,783.0,687.0,96.0,869.1,23.4,52,13.6,158,1018.9,0,0,0,0,0.0,3600.0,43.6591,-70.2568,2021,8,16,15
2021-08-16 16:00:00,666.0,577.0,89.0,837.5,22.9,53,13.8,165,1018.5,96,0,0,96,0.0,3600.0,43.6591,-70.2568,2021,8,16,16
2021-08-16 17:00:00,508.0,421.0,87.0,763.5,22.3,56,11.9,175,1018.1,99,0,0,99,0.0,3600.0,43.6591,-70.2568,2021,8,16,17
2021-08-16 18:00:00,319.0,233.0,86.0,601.7,21.6,64,10.1,184,1017.8,95,0,0,95,0.0,3600.0,43.6591,-70.2568,2021,8,16,18
2021-08-16 19:00:00,139.0,79.0,60.0,380.6,20.3,76,10.0,193,1018.1,95,0,0,95,0.0,3600.0,43.6591,-70.2568,2021,8,16,19
2021-08-16 20:00:00,18.0,5.0,13.0,66.0,19.1,80,10.8,206,1018.4,91,0,0,95,0.0,512.52,43.6591,-70.2568,2021,8,16,20
2021-08-16 21:00:00,0.0,0.0,0.0,0.0,18.4,82,10.9,214,1018.6,71,0,0,71,0.0,0.0,43.6591,-70.2568,2021,8,16,21
2021-08-16 22:00:00,0.0,0.0,0.0,0.0,17.7,82,10.7,228,1018.6,69,0,0,69,0.0,0.0,43.6591,-70.2568,2021,8,16,22
2021-08-16 23:00:00,0.0,0.0,0.0,0.0,17.2,84,10.4,236,1018.6,95,0,0,95,0.0,0.0,43.6591,-70.2568,2021,8,16,23
2021-08-17 00:00:00,0.0,0.0,0.0,0.0,16.7,87,9.7,243,1018.5,95,0,0,95,0.0,0.0,43.6591,-70.2568,2021,8,17,0
2021-08-17 01:00:00,0.0,0.0,0.0,0.0,16.5,89,9.2,244,1018.5,95,0,0,95,0.0,0.0,43.6591,-70.2568,2021,8,17,1
2021-08-17 02:00:00,0.0,0.0,0.0,0.0,16.3,90,9.4,247,1018.4,80,0,0,80,0.0,0.0,43.6591,-70.2568,2021,8,17,2
2021-08-17 03:00:00,0.0,0.0,0.0,0.0,16.0,91,9.7,243,1018.4,27,0,0,27,0.0,0.0,43.6591,-70.2568,2021,8,17,3
2021-08-17 04:00:00,0.0,0.0,0.0,0.0,15.7,93,9.7,248,1018.5,73,0,0,73,0.0,0.0,43.6591,-70.2568,2021,8,17,4
2021-08-17 05:00:00,0.0,0.0,0.0,0.0,15.5,94,8.9,256,1018.6,51,0,0,51,0.0,0.0,43.6591,-70.2568,2021,8,17,5
2021-08-17 06:00:00,0.0,0.0,0.0,0.0,15.4,93,7.2,264,1018.7,90,0,0,90,0.0,0.0,43.6591,-70.2568,2021,8,17,6
2021-08-17 07:00:00,66.0,35.0,31.0,292.4,16.6,90,5.4,270,1018.8,92,0,0,92,0.0,3600.0,43.6591,-70.2568,2021,8,17,7
2021-08-17 08:00:00,209.0,118.0,91.0,400.8,18.6,85,1.8,281,1019.6,98,0,0,94,0.0,3600.0,43.6591,-70.2568,2021,8,17,8
2021-08-17 09:00:00,376.0,238.0,138.0,508.7,21.0,76,1.1,162,1019.8,85,0,0,85,0.0,3600.0,43.6591,-70.2568,2021,8,17,9
2021-08-17 10:00:00,566.0,449.0,117.0,723.9,22.9,67,5.0,159,1019.6,96,0,0,96,0.0,3600.0,43.6591,-70.2568,2021,8,17,10
2021-08-17 11:00:00,685.0,521.0,164.0,703.0,23.9,64,7.2,153,1019.4,95,0,0,95,0.0,3600.0,43.6591,-70.2568,2021,8,17,11
2021-08-17 12:00:00,756.0,543.0,213.0,660.4,24.5,65,9.8,152,1018.8,97,1,0,97,0.0,3600.0,43.6591,-70.2568,2021,8,17,12
2021-08-17 13:00:00,773.0,517.0,256.0,602.5,24.8,66,11.6,154,1018.4,99,1,0,99,0.0,3600.0,43.6591,-70.2568,2021,8,17,13
2021-08-17 14:00:00,718.0,416.0,302.0,491.6,24.8,68,12.9,153,1017.8,97,0,34,96,0.0,3600.0,43.6591,-70.2568,2021,8,17,14
2021-08-17 15:00:00,644.0,368.0,276.0,467.4,24.8,68,12.3,159,1017.6,100,1,7,100,0.0,3600.0,43.6591,-70.2568,2021,8,17,15
2021-08-17 16:00:00,447.0,175.0,272.0,255.3,24.3,71,11.8,160,1017.2,100,2,0,100,0.0,3600.0,43.6591,-70.2568,2021,8,17,16
2021-08-17 17:00:00,229.0,36.0,193.0,65.7,23.1,77,12.7,173,1017.2,100,0,3,100,0.0,171.91,43.6591,-70.2568,2021,8,17,17
2021-08-17 18:00:00,128.0,10.0,118.0,26.1,22.6,79,13.6,191,1017.1,96,2,5,96,0.0,0.0,43.6591,-70.2568,2021,8,17,18
2021-08-17 19:00:00,94.0,21.0,73.0,103.3,22.0,83,10.5,186,1017.1,96,0,11,95,0.0,1299.19,43.6591,-70.2568,2021,8,17,19
2021-08-17 20:00:00,12.0,2.0,10.0,27.2,21.6,87,6.5,177,1017.7,99,0,98,96,0.0,0.0,43.6591,-70.2568,2021,8,17,20
2021-08-17 21:00:00,0.0,0.0,0.0,0.0,21.2,90,5.8,184,1018.2,99,16,89,97,0.0,0.0,43.6591,-70.2568,2021,8,17,21
2021-08-17 22:00:00,0.0,0.0,0.0,0.0,20.9,92,4.6,198,1018.0,52,5,23,42,0.0,0.0,43.6591,-70.2568,2021,8,17,22
2021-08-17 23:00:00,0.0,0.0,0.0,0.0,20.5,94,5.5,203,1018.0,47,6,24,30,0.0,0.0,43.6591,-70.2568,2021,8,17,23
2021-08-18 00:00:00,0.0,0.0,0.0,0.0,21.0,91,10.9,214,1018.0,99,2,94,90,0.0,0.0,43.6591,-70.2568,2021,8,18,0
2021-08-18 01:00:00,0.0,0.0,0.0,0.0,21.3,88,10.9,226,1017.9,93,1,68,85,0.4,0.0,43.6591,-70.2568,2021,8,18,1
2021-08-18 02:00:00,0.0,0.0,0.0,0.0,20.9,90,10.7,230,1017.9,100,4,70,100,0.0,0.0,43.6591,-70.2568,2021,8,18,2
2021-08-18 03:00:00,0.0,0.0,0.0,0.0,20.8,90,9.7,222,1017.9,100,0,99,94,0.0,0.0,43.6591,-70.2568,2021,8,18,3
2021-08-18 04:00:00,0.0,0.0,0.0,0.0,20.6,91,10.2,219,1018.1,98,1,92,96,0.0,0.0,43.6591,-70.2568,2021,8,18,4
2021-08-18 05:00:00,0.0,0.0,0.0,0.0,20.5,91,9.4,230,1018.2,90,8,77,63,0.0,0.0,43.6591,-70.2568,2021,8,18,5
2021-08-18 06:00:00,0.0,0.0,0.0,0.0,20.3,92,8.1,225,1018.3,94,8,68,89,0.1,0.0,43.6591,-70.2568,2021,8,18,6
2021-08-18 07:00:00,46.0,16.0,30.0,135.3,20.9,90,9.0,209,1018.6,99,8,85,98,0.0,2620.29,43.6591,-70.2568,2021,8,18,7
2021-08-18 08:00:00,109.0,16.0,93.0,54.9,21.7,88,8.5,216,1019.2,99,6,78,98,0.0,0.0,43.6591,-70.2568,2021,8,18,8
2021-08-18 09:00:00,182.0,33.0,149.0,70.9,22.1,88,8.7,204,1019.2,91,3,76,82,0.5,328.44,43.6591,-70.2568,2021,8,18,9
2021-08-18 10:00:00,310.0,136.0,174.0,220.2,23.2,85,7.1,204,1019.1,88,1,14,86,0.0,3600.0,43.6591,-70.2568,2021,8,18,10
2021-08-18 11:00:00,587.0,371.0,216.0,502.4,25.1,79,8.7,187,1018.8,96,0,27,96,0.0,3600.0,43.6591,-70.2568,2021,8,18,11
2021-08-18 12:00:00,680.0,450.0,230.0,549.1,26.7,72,9.0,196,1018.4,96,23,10,94,0.0,3600.0,43.6591,-70.2568,2021,8,18,12
2021-08-18 13:00:00,579.0,252.0,327.0,294.6,27.2,71,10.1,174,1017.7,95,13,50,94,0.0,3600.0,43.6591,-70.2568,2021,8,18,13
2021-08-18 14:00:00,575.0,240.0,335.0,284.6,26.7,75,13.6,169,1017.3,100,5,97,99,0.0,3600.0,43.6591,-70.2568,2021,8,18,14
2021-08-18 15:00:00,233.0,43.0,190.0,54.8,24.8,82,10.1,174,1017.1,99,16,97,95,0.0,0.0,43.6591,-70.2568,2021,8,18,15
2021-08-18 16:00:00,141.0,21.0,120.0,30.8,24.0,83,11.2,184,1016.8,96,8,95,32,0.0,0.0,43.6591,-70.2568,2021,8,18,16
2021-08-18 17:00:00,162.0,23.0,139.0,42.3,23.8,79,11.4,193,1016.5,98,12,98,0,0.0,0.0,43.6591,-70.2568,2021,8,18,17
2021-08-18 18:00:00,114.0,8.0,106.0,21.1,23.5,80,10.2,198,1016.5,97,3,97,32,0.0,0.0,43.6591,-70.2568,2021,8,18,18
2021-08-18 19:00:00,32.0,7.0,25.0,35.2,22.8,83,10.0,193,1016.4,100,4,100,95,0.0,0.0,43.6591,-70.2568,2021,8,18,19
2021-08-18 20:00:00,4.0,0.0,4.0,0.0,23.7,91,9.8,204,1016.6,41,7,45,72,0.0,0.0,43.6591,-70.2568,2021,8,18,20
2021-08-18 21:00:00,0.0,0.0,0.0,0.0,23.0,95,9.5,205,1016.8,100,0,88,99,0.0,0.0,43.6591,-70.2568,2021,8,18,21
2021-08-18 22:00:00,0.0,0.0,0.0,0.0,23.1,94,9.0,217,1016.9,100,0,98,99,0.0,0.0,43.6591,-70.2568,2021,8,18,22
2021-08-18 23:00:00,0.0,0.0,0.0,0.0,22.9,96,7.6,225,1016.6,99,1,94,95,0.0,0.0,43.6591,-70.2568,2021,8,18,23
2021-08-19 00:00:00,0.0,0.0,0.0,0.0,22.8,97,7.9,240,1016.1,93,0,31,91,0.0,0.0,43.6591,-70.2568,2021,8,19,0
2021-08-19 01:00:00,0.0,0.0,0.0,0.0,22.4,98,9.2,249,1016.0,38,3,36,8,0.0,0.0,43.6591,-70.2568,2021,8,19,1
2021-08-19 02:00:00,0.0,0.0,0.0,0.0,22.2,98,6.3,257,1014.9,70,0,29,67,0.0,0.0,43.6591,-70.2568,2021,8,19,2
2021-08-19 03:00:00,0.0,0.0,0.0,0.0,21.7,98,7.0,235,1014.7,99,0,9,99,0.0,0.0,43.6591,-70.2568,2021,8,19,3
2021-08-19 04:00:00,0.0,0.0,0.0,0.0,21.2,99,7.7,233,1014.7,99,0,14,99,0.0,0.0,43.6591,-70.2568,2021,8,19,4
2021-08-19 05:00:00,0.0,0.0,0.0,0.0,20.9,99,5.6,230,1014.2,99,0,1,99,0.0,0.0,43.6591,-70.2568,2021,8,19,5
2021-08-19 06:00:00,0.0,0.0,0.0,0.0,20.6,99,7.4,231,1014.4,100,1,12,100,0.0,0.0,43.6591,-70.2568,2021,8,19,6
2021-08-19 07:00:00,33.0,2.0,31.0,17.1,21.3,97,6.0,245,1014.4,100,0,33,100,0.0,0.0,43.6591,-70.2568,2021,8,19,7
2021-08-19 08:00:00,87.0,5.0,82.0,17.3,23.0,93,0.4,180,1014.6,100,9,12,100,0.0,0.0,43.6591,-70.2568,2021,8,19,8
2021-08-19 09:00:00,251.0,70.0,181.0,151.4,24.5,87,2.7,113,1014.1,100,0,85,100,0.0,2742.1,43.6591,-70.2568,2021,8,19,9
2021-08-19 10:00:00,245.0,73.0,172.0,118.7,24.0,89,7.9,129,1013.7,100,1,94,100,0.0,1761.61,43.6591,-70.2568,2021,8,19,10
2021-08-19 11:00:00,222.0,15.0,207.0,20.4,23.7,88,6.1,152,1013.8,100,5,6,100,0.0,0.0,43.6591,-70.2568,2021,8,19,11
2021-08-19 12:00:00,285.0,10.0,275.0,12.2,24.1,85,7.4,137,1013.2,100,0,64,100,0.1,0.0,43.6591,-70.2568,2021,8,19,12
2021-08-19 13:00:00,148.0,0.0,148.0,0.0,22.0,100,8.7,138,1012.5,100,29,57,100,2.5,0.0,43.6591,-70.2568,2021,8,19,13
2021-08-19 14:00:00,83.0,4.0,79.0,4.8,21.3,100,10.4,124,1012.1,100,100,98,100,6.8,0.0,43.6591,-70.2568,2021,8,19,14
2021-08-19 15:00:00,32.0,0.0,32.0,0.0,20.8,100,14.2,97,1010.9,100,52,100,100,7.1,0.0,43.6591,-70.2568,2021,8,19,15
2021-08-19 16:00:00,50.0,2.0,48.0,2.9,20.9,100,16.7,83,1009.6,100,100,100,96,14.9,0.0,43.6591,-70.2568,2021,8,19,16
2021-08-19 17:00:00,73.0,0.0,73.0,0.0,21.0,100,11.9,119,1008.5,100,100,98,71,17.3,0.0,43.6591,-70.2568,2021,8,19,17
2021-08-19 18:00:00,35.0,0.0,35.0,0.0,21.6,100,20.5,178,1007.5,100,100,62,97,2.7,0.0,43.6591,-70.2568,2021,8,19,18
2021-08-19 19:00:00,22.0,0.0,22.0,0.0,21.7,100,17.5,172,1007.2,100,100,59,72,0.3,0.0,43.6591,-70.2568,2021,8,19,19
2021-08-19 20:00:00,4.0,0.0,4.0,0.0,20.8,100,5.7,125,1007.8,100,100,92,97,0.3,0.0,43.6591,-70.2568,2021,8,19,20
2021-08-19 21:00:00,0.0,0.0,0.0,0.0,21.2,100,2.8,320,1007.8,100,100,70,91,0.5,0.0,43.6591,-70.2568,2021,8,19,21
2021-08-19 22:00:00,0.0,0.0,0.0,0.0,21.1,100,5.0,330,1007.5,100,99,100,90,0.1,0.0,43.6591,-70.2568,2021,8,19,22
2021-08-19 23:00:00,0.0,0.0,0.0,0.0,21.0,100,6.4,333,1007.2,100,100,98,31,0.1,0.0,43.6591,-70.2568,2021,8,19,23
2021-08-20 00:00:00,0.0,0.0,0.0,0.0,20.9,100,8.2,331,1006.6,86,57,73,19,0.2,0.0,43.6591,-70.2568,2021,8,20,0
2021-08-20 01:00:00,0.0,0.0,0.0,0.0,20.7,100,9.1,326,1006.2,100,100,22,10,0.1,0.0,43.6591,-70.2568,2021,8,20,1
2021-08-20 02:00:00,0.0,0.0,0.0,0.0,20.6,99,9.9,327,1005.9,100,100,16,11,0.0,0.0,43.6591,-70.2568,2021,8,20,2
2021-08-20 03:00:00,0.0,0.0,0.0,0.0,20.3,99,10.7,320,1005.7,100,100,12,12,0.0,0.0,43.6591,-70.2568,2021,8,20,3
2021-08-20 04:00:00,0.0,0.0,0.0,0.0,20.2,98,11.1,324,1005.6,100,100,15,49,0.0,0.0,43.6591,-70.2568,2021,8,20,4
2021-08-20 05:00:00,0.0,0.0,0.0,0.0,20.1,98,11.3,329,1005.5,100,100,12,93,0.0,0.0,43.6591,-70.2568,2021,8,20,5
2021-08-20 06:00:00,0.0,0.0,0.0,0.0,20.1,98,12.1,337,1006.0,100,100,12,95,0.0,0.0,43.6591,-70.2568,2021,8,20,6
2021-08-20 07:00:00,16.0,0.0,16.0,0.0,20.3,97,12.7,345,1006.3,100,100,11,89,0.1,0.0,43.6591,-70.2568,2021,8,20,7
2021-08-20 08:00:00,39.0,0.0,39.0,0.0,21.4,97,10.9,351,1006.8,96,99,26,88,0.0,0.0,43.6591,-70.2568,2021,8,20,8
2021-08-20 09:00:00,136.0,23.0,113.0,50.1,22.2,94,13.4,354,1007.0,100,100,28,91,0.0,0.0,43.6591,-70.2568,2021,8,20,9
2021-08-20 10:00:00,199.0,22.0,177.0,35.9,22.7,91,11.9,355,1007.2,99,94,69,96,0.0,0.0,43.6591,-70.2568,2021,8,20,10
2021-08-20 11:00:00,373.0,82.0,291.0,111.9,24.1,84,9.4,7,1007.3,98,0,24,97,0.0,1555.75,43.6591,-70.2568,2021,8,20,11
2021-08-20 12:00:00,499.0,223.0,276.0,274.0,25.6,78,6.5,19,1007.0,96,1,14,95,0.0,3600.0,43.6591,-70.2568,2021,8,20,12
2021-08-20 13:00:00,595.0,254.0,341.0,299.0,26.4,76,4.2,70,1006.9,96,1,9,96,0.0,3600.0,43.6591,-70.2568,2021,8,20,13
2021-08-20 14:00:00,675.0,390.0,285.0,466.0,26.7,77,5.6,135,1006.9,94,2,5,93,0.0,3600.0,43.6591,-70.2568,2021,8,20,14
2021-08-20 15:00:00,604.0,363.0,241.0,467.0,26.6,80,7.4,157,1007.1,93,10,7,92,0.0,3600.0,43.6591,-70.2568,2021,8,20,15
2021-08-20 16:00:00,465.0,227.0,238.0,336.5,26.1,83,10.3,168,1007.1,90,6,1,90,0.0,3600.0,43.6591,-70.2568,2021,8,20,16
2021-08-20 17:00:00,275.0,129.0,146.0,240.7,25.1,86,8.0,185,1006.9,46,4,1,45,0.0,3600.0,43.6591,-70.2568,2021,8,20,17
2021-08-20 18:00:00,278.0,191.0,87.0,515.5,25.4,86,6.5,199,1006.9,86,2,2,85,0.0,3600.0,43.6591,-70.2568,2021,8,20,18
2021-08-20 19:00:00,111.0,57.0,54.0,300.4,24.2,92,7.0,201,1007.1,89,5,4,89,0.0,3600.0,43.6591,-70.2568,2021,8,20,19
2021-08-20 20:00:00,11.0,3.0,8.0,44.9,23.1,97,9.7,195,1007.0,83,0,11,71,0.0,30.51,43.6591,-70.2568,2021,8,20,20
2021-08-20 21:00:00,0.0,0.0,0.0,0.0,22.5,97,8.2,195,1008.2,87,4,14,85,0.0,0.0,43.6591,-70.2568,2021,8,20,21
2021-08-20 22:00:00,0.0,0.0,0.0,0.0,22.2,96,8.1,212,1008.4,43,5,10,36,0.0,0.0,43.6591,-70.2568,2021,8,20,22
2021-08-20 23:00:00,0.0,0.0,0.0,0.0,22.1,96,8.7,222,1008.7,48,24,23,27,0.0,0.0,43.6591,-70.2568,2021,8,20,23
2021-08-21 00:00:00,0.0,0.0,0.0,0.0,22.1,96,8.5,216,1009.0,73,24,23,63,0.0,0.0,43.6591,-70.2568,2021,8,21,0
2021-08-21 01:00:00,0.0,0.0,0.0,0.0,21.8,98,7.9,231,1009.2,92,20,36,86,0.0,0.0,43.6591,-70.2568,2021,8,21,1
2021-08-21 02:00:00,0.0,0.0,0.0,0.0,21.8,99,7.0,258,1009.1,96,29,47,91,0.1,0.0,43.6591,-70.2568,2021,8,21,2
2021-08-21 03:00:00,0.0,0.0,0.0,0.0,21.9,100,6.4,308,1008.8,100,48,18,100,0.0,0.0,43.6591,-70.2568,2021,8,21,3
2021-08-21 04:00:00,0.0,0.0,0.0,0.0,21.6,100,3.3,311,1009.0,100,100,9,94,0.0,0.0,43.6591,-70.2568,2021,8,21,4
2021-08-21 05:00:00,0.0,0.0,0.0,0.0,21.3,100,1.9,202,1009.8,100,100,20,91,0.0,0.0,43.6591,-70.2568,2021,8,21,5
2021-08-21 06:00:00,0.0,0.0,0.0,0.0,21.3,100,2.9,187,1010.5,100,100,33,92,0.1,0.0,43.6591,-70.2568,2021,8,21,6
2021-08-21 07:00:00,28.0,0.0,28.0,0.0,22.0,99,2.9,7,1010.4,100,100,25,89,0.0,0.0,43.6591,-70.2568,2021,8,21,7
2021-08-21 08:00:00,147.0,38.0,109.0,134.5,22.5,98,2.3,18,1011.1,81,88,68,10,0.0,2234.15,43.6591,-70.2568,2021,8,21,8
2021-08-21 09:00:00,236.0,101.0,135.0,221.2,24.4,92,4.1,38,1011.1,96,5,96,0,0.0,3600.0,43.6591,-70.2568,2021,8,21,9
2021-08-21 10:00:00,399.0,233.0,166.0,382.4,25.4,88,4.2,121,1011.6,57,12,55,3,0.0,3600.0,43.6591,-70.2568,2021,8,21,10
2021-08-21 11:00:00,597.0,437.0,160.0,598.4,25.4,84,9.5,119,1012.1,21,10,18,0,0.1,3600.0,43.6591,-70.2568,2021,8,21,11
2021-08-21 12:00:00,641.0,506.0,135.0,623.8,24.7,86,11.4,125,1012.1,36,11,6,26,0.0,3600.0,43.6591,-70.2568,2021,8,21,12
2021-08-21 13:00:00,733.0,580.0,153.0,685.2,24.0,86,12.5,108,1012.1,45,16,15,29,0.0,3600.0,43.6591,-70.2568,2021,8,21,13
2021-08-21 14:00:00,731.0,543.0,188.0,651.3,23.3,88,13.0,96,1012.1,35,31,10,0,0.0,3600.0,43.6591,-70.2568,2021,8,21,14
2021-08-21 15:00:00,670.0,539.0,131.0,696.6,22.4,88,13.4,98,1012.1,100,100,3,6,0.0,3600.0,43.6591,-70.2568,2021,8,21,15
2021-08-21 16:00:00,514.0,271.0,243.0,404.0,21.7,90,12.7,98,1012.0,100,100,3,0,0.0,3600.0,43.6591,-70.2568,2021,8,21,16
2021-08-21 17:00:00,355.0,168.0,187.0,315.9,20.8,92,12.6,90,1012.0,100,100,1,0,0.0,3600.0,43.6591,-70.2568,2021,8,21,17
2021-08-21 18:00:00,144.0,24.0,120.0,65.6,19.7,95,11.2,90,1012.5,100,100,5,0,0.0,166.78,43.6591,-70.2568,2021,8,21,18
2021-08-21 19:00:00,49.0,6.0,43.0,32.4,19.2,97,10.5,82,1012.5,100,100,7,0,0.0,0.0,43.6591,-70.2568,2021,8,21,19
2021-08-21 20:00:00,4.0,0.0,4.0,0.0,18.8,98,12.9,77,1012.5,100,100,14,0,0.0,0.0,43.6591,-70.2568,2021,8,21,20
2021-08-21 21:00:00,0.0,0.0,0.0,0.0,18.7,98,10.8,69,1012.9,100,100,10,11,0.0,0.0,43.6591,-70.2568,2021,8,21,21
2021-08-21 22:00:00,0.0,0.0,0.0,0.0,18.6,98,9.9,71,1013.2,100,100,21,12,0.0,0.0,43.6591,-70.2568,2021,8,21,22
2021-08-21 23:00:00,0.0,0.0,0.0,0.0,18.6,99,9.7,68,1013.3,100,100,23,17,0.0,0.0,43.6591,-70.2568,2021,8,21,23
2021-08-22 00:00:00,0.0,0.0,0.0,0.0,18.6,99,10.8,69,1013.3,100,100,19,2,0.0,0.0,43.6591,-70.2568,2021,8,22,0
2021-08-22 01:00:00,0.0,0.0,0.0,0.0,18.7,98,11.4,66,1012.7,100,100,12,0,0.0,0.0,43.6591,-70.2568,2021,8,22,1
2021-08-22 02:00:00,0.0,0.0,0.0,0.0,18.6,99,12.9,60,1012.2,100,100,3,15,0.0,0.0,43.6591,-70.2568,2021,8,22,2
2021-08-22 03:00:00,0.0,0.0,0.0,0.0,18.6,98,12.4,73,1012.3,100,100,1,0,0.0,0.0,43.6591,-70.2568,2021,8,22,3
2021-08-22 04:00:00,0.0,0.0,0.0,0.0,18.6,98,13.0,93,1012.3,100,100,8,0,0.0,0.0,43.6591,-70.2568,2021,8,22,4
2021-08-22 05:00:00,0.0,0.0,0.0,0.0,18.3,98,13.2,73,1012.1,100,100,11,1,0.1,0.0,43.6591,-70.2568,2021,8,22,5
2021-08-22 06:00:00,0.0,0.0,0.0,0.0,18.4,98,12.1,63,1012.0,100,100,12,9,0.0,0.0,43.6591,-70.2568,2021,8,22,6
2021-08-22 07:00:00,16.0,2.0,14.0,17.8,18.6,97,13.1,74,1012.6,100,100,10,20,0.0,0.0,43.6591,-70.2568,2021,8,22,7
2021-08-22 08:00:00,50.0,1.0,49.0,3.6,19.2,96,15.3,51,1012.0,100,100,13,86,0.1,0.0,43.6591,-70.2568,2021,8,22,8
2021-08-22 09:00:00,136.0,10.0,126.0,22.0,19.9,93,15.8,55,1011.9,100,100,0,84,0.0,0.0,43.6591,-70.2568,2021,8,22,9
2021-08-22 10:00:00,194.0,18.0,176.0,29.7,20.2,92,16.9,61,1012.2,100,100,0,42,0.0,0.0,43.6591,-70.2568,2021,8,22,10
2021-08-22 11:00:00,232.0,29.0,203.0,39.9,20.4,91,21.2,58,1011.8,100,100,1,9,0.0,0.0,43.6591,-70.2568,2021,8,22,11
2021-08-22 12:00:00,336.0,85.0,251.0,105.2,21.0,88,24.5,62,1011.4,100,100,17,22,0.0,1355.03,43.6591,-70.2568,2021,8,22,12
2021-08-22 13:00:00,203.0,22.0,181.0,26.1,20.7,89,25.6,61,1011.2,100,100,92,25,0.3,0.0,43.6591,-70.2568,2021,8,22,13
2021-08-22 14:00:00,178.0,0.0,178.0,0.0,19.8,100,24.2,57,1010.6,100,100,100,95,2.9,0.0,43.6591,-70.2568,2021,8,22,14
2021-08-22 15:00:00,98.0,0.0,98.0,0.0,19.5,100,23.4,65,1010.1,100,100,91,100,7.3,0.0,43.6591,-70.2568,2021,8,22,15
2021-08-22 16:00:00,80.0,0.0,80.0,0.0,19.2,100,26.1,70,1009.4,100,100,8,97,1.9,0.0,43.6591,-70.2568,2021,8,22,16
2021-08-22 17:00:00,82.0,2.0,80.0,3.8,19.2,100,25.7,70,1009.2,100,100,17,83,0.6,0.0,43.6591,-70.2568,2021,8,22,17
2021-08-22 18:00:00,64.0,2.0,62.0,5.5,19.1,100,24.1,70,1009.0,100,100,55,88,2.3,0.0,43.6591,-70.2568,2021,8,22,18
2021-08-22 19:00:00,29.0,0.0,29.0,0.0,19.0,100,22.0,72,1009.1,100,100,18,99,1.0,0.0,43.6591,-70.2568,2021,8,22,19
2021-08-22 20:00:00,3.0,0.0,3.0,0.0,19.2,100,19.2,62,1009.8,100,100,0,99,0.6,0.0,43.6591,-70.2568,2021,8,22,20
2021-08-22 21:00:00,0.0,0.0,0.0,0.0,19.1,100,18.1,67,1010.1,100,100,0,91,0.2,0.0,43.6591,-70.2568,2021,8,22,21
2021-08-22 22:00:00,0.0,0.0,0.0,0.0,19.4,100,16.5,79,1010.1,100,100,45,92,0.5,0.0,43.6591,-70.2568,2021,8,22,22
2021-08-22 23:00:00,0.0,0.0,0.0,0.0,19.7,100,14.4,90,1010.0,100,100,63,86,1.2,0.0,43.6591,-70.2568,2021,8,22,23
2021-08-23 00:00:00,0.0,0.0,0.0,0.0,20.1,100,13.4,104,1010.1,100,100,0,76,0.6,0.0,43.6591,-70.2568,2021,8,23,0
2021-08-23 01:00:00,0.0,0.0,0.0,0.0,20.2,100,12.4,126,1010.0,96,88,4,74,0.2,0.0,43.6591,-70.2568,2021,8,23,1
2021-08-23 02:00:00,0.0,0.0,0.0,0.0,20.2,100,11.0,139,1009.8,100,100,22,3,0.4,0.0,43.6591,-70.2568,2021,8,23,2
2021-08-23 03:00:00,0.0,0.0,0.0,0.0,20.2,100,10.4,136,1009.5,100,100,22,0,0.2,0.0,43.6591,-70.2568,2021,8,23,3
2021-08-23 04:00:00,0.0,0.0,0.0,0.0,20.5,98,10.5,149,1009.8,100,100,2,0,0.1,0.0,43.6591,-70.2568,2021,8,23,4
2021-08-23 05:00:00,0.0,0.0,0.0,0.0,20.4,99,9.1,162,1009.8,100,100,0,0,0.1,0.0,43.6591,-70.2568,2021,8,23,5
2021-08-23 06:00:00,0.0,0.0,0.0,0.0,20.2,100,5.4,138,1009.6,100,100,0,0,0.0,0.0,43.6591,-70.2568,2021,8,23,6
2021-08-23 07:00:00,29.0,4.0,25.0,36.1,20.6,99,6.3,121,1010.2,100,100,0,1,0.0,0.0,43.6591,-70.2568,2021,8,23,7
2021-08-23 08:00:00,127.0,30.0,97.0,108.5,20.1,99,8.8,99,1010.9,100,100,91,13,0.0,1454.81,43.6591,-70.2568,2021,8,23,8
2021-08-23 09:00:00,106.0,4.0,102.0,8.9,20.3,99,11.5,86,1010.8,100,100,43,13,0.1,0.0,43.6591,-70.2568,2021,8,23,9
2021-08-23 10:00:00,130.0,9.0,121.0,14.9,20.2,98,13.1,74,1010.8,100,100,87,76,0.1,0.0,43.6591,-70.2568,2021,8,23,10
2021-08-23 11:00:00,179.0,6.0,173.0,8.3,20.2,98,14.2,81,1010.7,100,100,68,83,0.1,0.0,43.6591,-70.2568,2021,8,23,11
2021-08-23 12:00:00,195.0,4.0,191.0,5.0,20.1,98,16.3,84,1010.5,100,100,50,91,0.0,0.0,43.6591,-70.2568,2021,8,23,12
2021-08-23 13:00:00,146.0,0.0,146.0,0.0,19.9,98,18.2,82,1010.2,100,100,39,85,0.0,0.0,43.6591,-70.2568,2021,8,23,13
2021-08-23 14:00:00,192.0,10.0,182.0,12.1,20.3,98,19.2,84,1009.8,100,100,100,98,0.0,0.0,43.6591,-70.2568,2021,8,23,14
2021-08-23 15:00:00,177.0,0.0,177.0,0.0,20.4,97,16.9,79,1009.3,100,100,77,57,0.1,0.0,43.6591,-70.2568,2021,8,23,15
2021-08-23 16:00:00,166.0,13.0,153.0,19.6,20.5,98,13.6,73,1008.8,100,100,87,2,0.7,0.0,43.6591,-70.2568,2021,8,23,16
2021-08-23 17:00:00,125.0,7.0,118.0,13.4,20.5,97,11.4,66,1008.3,100,100,26,0,0.0,0.0,43.6591,-70.2568,2021,8,23,17
2021-08-23 18:00:00,141.0,38.0,103.0,106.4,20.8,98,8.4,65,1008.1,100,100,14,0,0.0,1393.28,43.6591,-70.2568,2021,8,23,18
2021-08-23 19:00:00,53.0,2.0,51.0,11.4,20.6,98,6.7,74,1008.0,100,100,6,3,0.0,0.0,43.6591,-70.2568,2021,8,23,19
2021-08-23 20:00:00,4.0,0.0,4.0,0.0,19.6,100,6.9,141,1008.3,100,100,16,8,0.0,0.0,43.6591,-70.2568,2021,8,23,20
2021-08-23 21:00:00,0.0,0.0,0.0,0.0,19.2,100,6.9,118,1008.1,100,100,9,40,0.0,0.0,43.6591,-70.2568,2021,8,23,21
2021-08-23 22:00:00,0.0,0.0,0.0,0.0,19.2,100,5.1,98,1007.7,100,100,26,47,0.0,0.0,43.6591,-70.2568,2021,8,23,22
2021-08-23 23:00:00,0.0,0.0,0.0,0.0,19.2,99,5.1,86,1007.4,100,100,87,46,0.2,0.0,43.6591,-70.2568,2021,8,23,23
2021-08-24 00:00:00,0.0,0.0,0.0,0.0,19.0,100,5.1,98,1007.3,100,100,88,55,0.6,0.0,43.6591,-70.2568,2021,8,24,0
2021-08-24 01:00:00,0.0,0.0,0.0,0.0,19.0,100,4.7,67,1007.0,100,100,88,69,0.2,0.0,43.6591,-70.2568,2021,8,24,1
2021-08-24 02:00:00,0.0,0.0,0.0,0.0,19.0,100,3.4,32,1006.6,100,100,68,81,0.0,0.0,43.6591,-70.2568,2021,8,24,2
2021-08-24 03:00:00,0.0,0.0,0.0,0.0,19.1,100,5.4,352,1006.3,100,100,40,89,0.0,0.0,43.6591,-70.2568,2021,8,24,3
2021-08-24 04:00:00,0.0,0.0,0.0,0.0,19.2,100,5.8,7,1006.1,100,100,17,63,0.0,0.0,43.6591,-70.2568,2021,8,24,4
2021-08-24 05:00:00,0.0,0.0,0.0,0.0,19.5,100,9.3,347,1005.8,88,71,10,73,0.0,0.0,43.6591,-70.2568,2021,8,24,5
2021-08-24 06:00:00,0.0,0.0,0.0,0.0,19.6,100,4.1,15,1005.9,43,37,13,3,0.0,0.0,43.6591,-70.2568,2021,8,24,6
2021-08-24 07:00:00,39.0,17.0,22.0,155.6,20.2,99,6.4,47,1006.0,100,100,14,0,0.0,3540.51,43.6591,-70.2568,2021,8,24,7
2021-08-24 08:00:00,136.0,38.0,98.0,139.0,21.2,96,5.9,346,1006.4,100,84,26,1,0.0,2369.06,43.6591,-70.2568,2021,8,24,8
2021-08-24 09:00:00,266.0,105.0,161.0,234.4,22.9,92,4.5,331,1007.1,69,65,47,2,0.0,3600.0,43.6591,-70.2568,2021,8,24,9
2021-08-24 10:00:00,284.0,90.0,194.0,149.8,23.3,92,1.8,101,1007.3,43,35,17,0,0.1,2693.72,43.6591,-70.2568,2021,8,24,10
2021-08-24 11:00:00,502.0,335.0,167.0,464.2,24.2,87,2.5,98,1007.4,41,41,1,0,0.2,3600.0,43.6591,-70.2568,2021,8,24,11
2021-08-24 12:00:00,615.0,457.0,158.0,569.7,25.1,82,1.8,90,1007.5,38,37,5,0,0.1,3600.0,43.6591,-70.2568,2021,8,24,12
2021-08-24 13:00:00,641.0,450.0,191.0,537.6,26.0,79,2.3,141,1007.5,36,32,15,0,0.1,3600.0,43.6591,-70.2568,2021,8,24,13
2021-08-24 14:00:00,656.0,491.0,165.0,596.2,26.3,81,6.6,158,1007.3,28,19,24,0,0.1,3600.0,43.6591,-70.2568,2021,8,24,14
2021-08-24 15:00:00,610.0,472.0,138.0,618.8,26.3,85,8.6,165,1007.2,17,11,14,0,0.0,3600.0,43.6591,-70.2568,2021,8,24,15
2021-08-24 16:00:00,538.0,410.0,128.0,622.2,26.7,86,8.8,171,1007.1,22,16,18,0,0.0,3600.0,43.6591,-70.2568,2021,8,24,16
2021-08-24 17:00:00,417.0,320.0,97.0,616.7,26.4,90,9.0,180,1007.2,18,1,17,0,0.0,3600.0,43.6591,-70.2568,2021,8,24,17
2021-08-24 18:00:00,253.0,178.0,75.0,505.2,25.7,92,9.8,188,1007.4,7,0,7,0,0.0,3600.0,43.6591,-70.2568,2021,8,24,18
2021-08-24 19:00:00,105.0,64.0,41.0,375.2,24.6,92,9.6,200,1007.9,8,0,8,0,0.0,3600.0,43.6591,-70.2568,2021,8,24,19
2021-08-24 20:00:00,7.0,2.0,5.0,35.0,25.2,86,11.3,239,1008.6,17,7,9,0,0.0,0.0,43.6591,-70.2568,2021,8,24,20
2021-08-24 21:00:00,0.0,0.0,0.0,0.0,24.6,85,10.4,284,1009.2,10,8,4,0,0.0,0.0,43.6591,-70.2568,2021,8,24,21
2021-08-24 22:00:00,0.0,0.0,0.0,0.0,24.2,87,10.5,311,1010.1,3,0,3,0,0.0,0.0,43.6591,-70.2568,2021,8,24,22
2021-08-24 23:00:00,0.0,0.0,0.0,0.0,23.4,89,10.2,302,1010.7,4,0,4,0,0.0,0.0,43.6591,-70.2568,2021,8,24,23
2021-08-25 00:00:00,0.0,0.0,0.0,0.0,22.7,90,10.5,292,1011.3,4,0,4,0,0.0,0.0,43.6591,-70.2568,2021,8,25,0
2021-08-25 01:00:00,0.0,0.0,0.0,0.0,22.3,90,10.8,291,1011.7,4,0,4,0,0.0,0.0,43.6591,-70.2568,2021,8,25,1
2021-08-25 02:00:00,0.0,0.0,0.0,0.0,21.9,89,11.0,293,1011.8,0,0,0,0,0.0,0.0,43.6591,-70.2568,2021,8,25,2
2021-08-25 03:00:00,0.0,0.0,0.0,0.0,21.4,90,11.4,294,1012.0,0,0,0,0,0.0,0.0,43.6591,-70.2568,2021,8,25,3
2021-08-25 04:00:00,0.0,0.0,0.0,0.0,21.2,90,11.0,293,1012.4,0,0,0,0,0.0,0.0,43.6591,-70.2568,2021,8,25,4
2021-08-25 05:00:00,0.0,0.0,0.0,0.0,20.9,91,10.8,296,1012.6,0,0,0,0,0.0,0.0,43.6591,-70.2568,2021,8,25,5
2021-08-25 06:00:00,0.0,0.0,0.0,0.0,20.7,91,11.1,295,1013.2,0,0,0,0,0.0,0.0,43.6591,-70.2568,2021,8,25,6
2021-08-25 07:00:00,49.0,29.0,20.0,269.2,21.8,87,11.1,295,1013.7,1,0,0,1,0.0,3473.57,43.6591,-70.2568,2021,8,25,7
2021-08-25 08:00:00,205.0,149.0,56.0,551.1,23.5,83,9.5,299,1014.3,1,14,9,44,0.0,3600.0,43.6591,-70.2568,2021,8,25,8
2021-08-25 09:00:00,365.0,278.0,87.0,624.8,25.4,78,6.3,301,1014.3,53,10,2,48,0.0,3600.0,43.6591,-70.2568,2021,8,25,9
2021-08-25 10:00:00,502.0,391.0,111.0,653.9,26.9,73,5.2,304,1014.7,64,5,1,63,0.0,3600.0,43.6591,-70.2568,2021,8,25,10
2021-08-25 11:00:00,679.0,572.0,107.0,795.8,28.3,63,5.6,310,1014.9,62,1,1,61,0.0,3600.0,43.6591,-70.2568,2021,8,25,11
2021-08-25 12:00:00,772.0,653.0,119.0,817.1,29.1,55,4.6,321,1014.6,82,0,0,82,0.0,3600.0,43.6591,-70.2568,2021,8,25,12
2021-08-25 13:00:00,816.0,703.0,113.0,843.2,29.5,51,2.3,252,1014.3,64,1,0,63,0.0,3600.0,43.6591,-70.2568,2021,8,25,13
2021-08-25 14:00:00,799.0,694.0,105.0,846.3,29.2,56,1.8,180,1014.1,28,3,0,26,0.0,3600.0,43.6591,-70.2568,2021,8,25,14
2021-08-25 15:00:00,690.0,567.0,123.0,747.0,28.6,68,4.9,163,1013.8,67,1,33,51,0.0,3600.0,43.6591,-70.2568,2021,8,25,15
2021-08-25 16:00:00,569.0,414.0,155.0,632.3,28.1,76,8.5,168,1013.6,79,2,9,77,0.0,3600.0,43.6591,-70.2568,2021,8,25,16
2021-08-25 17:00:00,452.0,363.0,89.0,705.6,27.4,82,10.9,174,1013.1,54,2,4,52,0.0,3600.0,43.6591,-70.2568,2021,8,25,17
2021-08-25 18:00:00,277.0,209.0,68.0,601.2,26.5,85,10.9,186,1013.1,29,1,1,28,0.0,3600.0,43.6591,-70.2568,2021,8,25,18
2021-08-25 19:00:00,107.0,67.0,40.0,404.6,24.7,83,10.0,195,1013.3,35,0,0,35,0.0,3600.0,43.6591,-70.2568,2021,8,25,19
2021-08-25 20:00:00,6.0,2.0,4.0,36.6,23.8,85,11.0,203,1013.6,34,2,0,82,0.0,0.0,43.6591,-70.2568,2021,8,25,20
2021-08-25 21:00:00,0.0,0.0,0.0,0.0,23.5,82,10.4,214,1014.3,83,3,0,82,0.0,0.0,43.6591,-70.2568,2021,8,25,21
2021-08-25 22:00:00,0.0,0.0,0.0,0.0,23.2,82,10.6,215,1014.2,22,0,0,21,0.0,0.0,43.6591,-70.2568,2021,8,25,22
2021-08-25 23:00:00,0.0,0.0,0.0,0.0,22.8,86,10.2,222,1014.2,8,0,1,7,0.0,0.0,43.6591,-70.2568,2021,8,25,23
2021-08-26 00:00:00,0.0,0.0,0.0,0.0,22.2,90,9.7,243,1014.3,92,0,1,92,0.0,0.0,43.6591,-70.2568,2021,8,26,0
2021-08-26 01:00:00,0.0,0.0,0.0,0.0,21.9,91,9.3,257,1014.3,92,0,1,92,0.0,0.0,43.6591,-70.2568,2021,8,26,1
2021-08-26 02:00:00,0.0,0.0,0.0,0.0,21.7,90,9.1,261,1014.0,82,0,0,81,0.0,0.0,43.6591,-70.2568,2021,8,26,2
2021-08-26 03:00:00,0.0,0.0,0.0,0.0,21.5,89,9.3,254,1013.9,92,0,0,92,0.0,0.0,43.6591,-70.2568,2021,8,26,3
2021-08-26 04:00:00,0.0,0.0,0.0,0.0,21.2,91,9.0,265,1013.7,61,1,0,61,0.0,0.0,43.6591,-70.2568,2021,8,26,4
2021-08-26 05:00:00,0.0,0.0,0.0,0.0,21.1,91,9.5,281,1013.8,95,2,0,95,0.0,0.0,43.6591,-70.2568,2021,8,26,5
2021-08-26 06:00:00,0.0,0.0,0.0,0.0,21.2,93,9.5,281,1014.1,69,0,0,69,0.0,0.0,43.6591,-70.2568,2021,8,26,6
2021-08-26 07:00:00,45.0,22.0,23.0,207.2,22.2,92,9.0,270,1014.4,64,0,0,64,0.0,3406.61,43.6591,-70.2568,2021,8,26,7
2021-08-26 08:00:00,184.0,117.0,67.0,437.8,23.7,88,5.8,274,1015.1,11,1,0,12,0.0,3600.0,43.6591,-70.2568,2021,8,26,8
2021-08-26 09:00:00,369.0,290.0,79.0,656.1,25.9,82,3.4,252,1014.8,51,0,0,51,0.0,3600.0,43.6591,-70.2568,2021,8,26,9
2021-08-26 10:00:00,535.0,447.0,88.0,751.3,27.6,77,2.1,211,1015.0,83,0,0,83,0.0,3600.0,43.6591,-70.2568,2021,8,26,10
2021-08-26 11:00:00,663.0,559.0,104.0,781.0,28.7,75,3.3,167,1014.7,75,0,0,75,0.0,3600.0,43.6591,-70.2568,2021,8,26,11
2021-08-26 12:00:00,744.0,620.0,124.0,778.9,29.1,75,5.7,162,1014.2,70,0,5,70,0.0,3600.0,43.6591,-70.2568,2021,8,26,12
2021-08-26 13:00:00,685.0,466.0,219.0,561.2,29.1,79,8.8,161,1013.6,74,0,72,52,0.0,3600.0,43.6591,-70.2568,2021,8,26,13
2021-08-26 14:00:00,646.0,369.0,277.0,452.0,29.6,78,10.4,178,1013.0,57,0,45,51,0.0,3600.0,43.6591,-70.2568,2021,8,26,14
2021-08-26 15:00:00,633.0,435.0,198.0,576.0,30.1,74,11.3,189,1012.4,46,0,18,44,0.0,3600.0,43.6591,-70.2568,2021,8,26,15
2021-08-26 16:00:00,512.0,330.0,182.0,507.2,29.7,78,10.8,195,1011.9,45,0,23,42,0.0,3600.0,43.6591,-70.2568,2021,8,26,16
2021-08-26 17:00:00,409.0,306.0,103.0,600.0,29.4,81,9.5,205,1011.5,20,2,5,18,0.0,3600.0,43.6591,-70.2568,2021,8,26,17
2021-08-26 18:00:00,253.0,185.0,68.0,539.6,28.5,84,9.6,214,1011.5,34,6,14,26,0.0,3600.0,43.6591,-70.2568,2021,8,26,18
2021-08-26 19:00:00,91.0,52.0,39.0,323.9,27.2,87,9.7,222,1011.6,16,0,6,13,0.0,3600.0,43.6591,-70.2568,2021,8,26,19
2021-08-26 20:00:00,5.0,2.0,3.0,38.2,26.6,79,12.2,225,1011.8,12,0,3,44,0.0,0.0,43.6591,-70.2568,2021,8,26,20
2021-08-26 21:00:00,0.0,0.0,0.0,0.0,26.0,81,10.7,237,1011.9,6,1,4,3,0.0,0.0,43.6591,-70.2568,2021,8,26,21
2021-08-26 22:00:00,0.0,0.0,0.0,0.0,25.6,82,10.2,262,1012.2,8,2,4,3,0.0,0.0,43.6591,-70.2568,2021,8,26,22
2021-08-26 23:00:00,0.0,0.0,0.0,0.0,25.1,83,9.9,280,1012.2,10,3,8,3,0.0,0.0,43.6591,-70.2568,2021,8,26,23
2021-08-27 00:00:00,0.0,0.0,0.0,0.0,24.5,87,9.0,293,1012.2,5,0,5,0,0.0,0.0,43.6591,-70.2568,2021,8,27,0
2021-08-27 01:00:00,0.0,0.0,0.0,0.0,23.9,90,9.2,301,1012.3,5,0,5,0,0.0,0.0,43.6591,-70.2568,2021,8,27,1
2021-08-27 02:00:00,0.0,0.0,0.0,0.0,23.4,93,9.0,307,1012.2,8,0,2,6,0.0,0.0,43.6591,-70.2568,2021,8,27,2
2021-08-27 03:00:00,0.0,0.0,0.0,0.0,23.1,94,9.2,309,1012.4,77,0,1,77,0.0,0.0,43.6591,-70.2568,2021,8,27,3
2021-08-27 04:00:00,0.0,0.0,0.0,0.0,22.7,94,8.8,305,1012.4,5,0,0,5,0.0,0.0,43.6591,-70.2568,2021,8,27,4
2021-08-27 05:00:00,0.0,0.0,0.0,0.0,22.2,96,9.7,329,1012.7,21,0,0,21,0.0,0.0,43.6591,-70.2568,2021,8,27,5
2021-08-27 06:00:00,0.0,0.0,0.0,0.0,21.9,95,9.5,331,1013.2,24,0,0,24,0.0,0.0,43.6591,-70.2568,2021,8,27,6
2021-08-27 07:00:00,45.0,25.0,20.0,239.0,22.5,91,9.3,332,1013.6,37,0,1,36,0.0,3339.64,43.6591,-70.2568,2021,8,27,7
2021-08-27 08:00:00,195.0,138.0,57.0,522.5,24.3,79,9.8,332,1014.1,69,0,3,67,0.0,3600.0,43.6591,-70.2568,2021,8,27,8
2021-08-27 09:00:00,364.0,275.0,89.0,626.5,25.4,68,10.7,340,1014.3,23,0,2,21,0.0,3600.0,43.6591,-70.2568,2021,8,27,9
2021-08-27 10:00:00,530.0,445.0,85.0,751.7,26.3,62,10.7,346,1014.9,7,2,7,0,0.0,3600.0,43.6591,-70.2568,2021,8,27,10
2021-08-27 11:00:00,657.0,550.0,107.0,771.7,27.3,57,9.6,347,1015.2,15,8,15,0,0.0,3600.0,43.6591,-70.2568,2021,8,27,11
2021-08-27 12:00:00,731.0,599.0,132.0,755.5,28.0,53,8.0,333,1015.3,4,0,4,0,0.0,3600.0,43.6591,-70.2568,2021,8,27,12
2021-08-27 13:00:00,798.0,693.0,105.0,837.9,28.6,52,4.9,306,1014.8,58,0,0,58,0.0,3600.0,43.6591,-70.2568,2021,8,27,13
2021-08-27 14:00:00,777.0,671.0,106.0,825.5,28.8,51,6.0,303,1014.8,95,31,38,92,0.0,3600.0,43.6591,-70.2568,2021,8,27,14
2021-08-27 15:00:00,625.0,436.0,189.0,580.4,28.1,61,2.4,153,1014.6,84,2,29,78,0.0,3600.0,43.6591,-70.2568,2021,8,27,15
2021-08-27 16:00:00,560.0,447.0,113.0,691.6,27.3,74,8.4,160,1014.3,97,12,27,96,0.0,3600.0,43.6591,-70.2568,2021,8,27,16
2021-08-27 17:00:00,365.0,250.0,115.0,494.6,26.4,81,4.8,117,1014.6,28,10,27,0,0.1,3600.0,43.6591,-70.2568,2021,8,27,17
2021-08-27 18:00:00,236.0,160.0,76.0,473.4,25.4,90,1.6,297,1015.2,15,5,15,0,0.0,3600.0,43.6591,-70.2568,2021,8,27,18
2021-08-27 19:00:00,94.0,55.0,39.0,353.8,24.1,81,11.8,12,1016.2,24,6,6,19,0.0,3600.0,43.6591,-70.2568,2021,8,27,19
2021-08-27 20:00:00,4.0,1.0,3.0,19.1,22.3,61,13.8,20,1018.1,3,5,2,9,0.0,0.0,43.6591,-70.2568,2021,8,27,20
2021-08-27 21:00:00,0.0,0.0,0.0,0.0,20.9,61,12.1,23,1019.1,12,1,0,11,0.0,0.0,43.6591,-70.2568,2021,8,27,21
2021-08-27 22:00:00,0.0,0.0,0.0,0.0,20.0,66,13.0,28,1019.8,66,0,0,66,0.0,0.0,43.6591,-70.2568,2021,8,27,22
2021-08-27 23:00:00,0.0,0.0,0.0,0.0,19.4,64,12.1,23,1020.5,76,0,0,76,0.0,0.0,43.6591,-70.2568,2021,8,27,23
2021-08-28 00:00:00,0.0,0.0,0.0,0.0,18.5,66,11.5,14,1021.2,41,0,0,41,0.0,0.0,43.6591,-70.2568,2021,8,28,0
2021-08-28 01:00:00,0.0,0.0,0.0,0.0,17.9,68,12.1,23,1021.6,34,0,0,34,0.0,0.0,43.6591,-70.2568,2021,8,28,1
2021-08-28 02:00:00,0.0,0.0,0.0,0.0,17.4,72,10.5,27,1021.7,30,0,0,30,0.0,0.0,43.6591,-70.2568,2021,8,28,2
2021-08-28 03:00:00,0.0,0.0,0.0,0.0,17.1,76,11.0,32,1022.4,78,0,3,78,0.0,0.0,43.6591,-70.2568,2021,8,28,3
2021-08-28 04:00:00,0.0,0.0,0.0,0.0,16.8,76,11.0,32,1022.6,77,0,11,76,0.0,0.0,43.6591,-70.2568,2021,8,28,4
2021-08-28 05:00:00,0.0,0.0,0.0,0.0,16.2,77,10.6,24,1022.9,83,0,66,71,0.0,0.0,43.6591,-70.2568,2021,8,28,5
2021-08-28 06:00:00,0.0,0.0,0.0,0.0,16.0,74,10.6,24,1023.4,99,0,93,99,0.0,0.0,43.6591,-70.2568,2021,8,28,6
2021-08-28 07:00:00,20.0,2.0,18.0,19.4,16.4,71,10.5,31,1023.7,97,0,87,93,0.0,0.0,43.6591,-70.2568,2021,8,28,7
2021-08-28 08:00:00,108.0,29.0,79.0,111.1,16.4,75,7.8,34,1025.0,91,0,85,60,0.0,1534.05,43.6591,-70.2568,2021,8,28,8
2021-08-28 09:00:00,252.0,123.0,129.0,282.2,17.6,64,8.1,58,1025.4,30,0,28,4,0.0,3600.0,43.6591,-70.2568,2021,8,28,9
2021-08-28 10:00:00,518.0,396.0,122.0,672.4,18.7,51,10.5,82,1025.2,91,0,71,82,0.0,3600.0,43.6591,-70.2568,2021,8,28,10
2021-08-28 11:00:00,456.0,206.0,250.0,290.3,18.7,50,9.7,92,1025.3,95,0,89,74,0.0,3600.0,43.6591,-70.2568,2021,8,28,11
2021-08-28 12:00:00,430.0,153.0,277.0,193.8,18.7,50,8.6,92,1025.1,94,0,69,90,0.0,3600.0,43.6591,-70.2568,2021,8,28,12
2021-08-28 13:00:00,537.0,268.0,269.0,325.4,19.1,49,8.0,98,1025.0,67,0,67,0,0.0,3600.0,43.6591,-70.2568,2021,8,28,13
2021-08-28 14:00:00,569.0,312.0,257.0,385.6,19.4,48,7.9,106,1024.6,99,0,97,96,0.0,3600.0,43.6591,-70.2568,2021,8,28,14
2021-08-28 15:00:00,469.0,196.0,273.0,262.3,19.2,49,6.8,108,1024.2,88,0,81,74,0.0,3600.0,43.6591,-70.2568,2021,8,28,15
2021-08-28 16:00:00,289.0,135.0,154.0,210.3,18.4,54,7.5,107,1023.9,93,0,92,19,0.0,3600.0,43.6591,-70.2568,2021,8,28,16
2021-08-28 17:00:00,214.0,70.0,144.0,139.8,18.0,57,7.2,108,1023.4,81,0,78,30,0.0,2393.12,43.6591,-70.2568,2021,8,28,17
2021-08-28 18:00:00,107.0,38.0,69.0,114.1,17.4,65,5.7,125,1023.2,95,0,95,15,0.0,1622.42,43.6591,-70.2568,2021,8,28,18
2021-08-28 19:00:00,22.0,5.0,17.0,33.3,17.1,67,4.1,142,1023.2,100,0,100,94,0.0,0.0,43.6591,-70.2568,2021,8,28,19
2021-08-28 20:00:00,1.0,0.0,1.0,0.0,17.0,69,1.3,56,1023.8,97,0,100,54,0.0,0.0,43.6591,-70.2568,2021,8,28,20
2021-08-28 21:00:00,0.0,0.0,0.0,0.0,15.7,84,7.1,41,1024.2,100,0,100,51,0.6,0.0,43.6591,-70.2568,2021,8,28,21
2021-08-28 22:00:00,0.0,0.0,0.0,0.0,15.0,86,6.9,47,1024.0,100,6,100,3,0.4,0.0,43.6591,-70.2568,2021,8,28,22
2021-08-28 23:00:00,0.0,0.0,0.0,0.0,14.5,87,8.2,61,1023.9,100,97,100,10,0.4,0.0,43.6591,-70.2568,2021,8,28,23
2021-08-29 00:00:00,0.0,0.0,0.0,0.0,14.3,84,7.7,79,1023.6,100,100,100,4,0.1,0.0,43.6591,-70.2568,2021,8,29,0
2021-08-29 01:00:00,0.0,0.0,0.0,0.0,14.5,82,6.5,96,1023.2,100,100,100,3,0.0,0.0,43.6591,-70.2568,2021,8,29,1
2021-08-29 02:00:00,0.0,0.0,0.0,0.0,14.8,79,6.6,112,1022.9,100,100,98,1,0.0,0.0,43.6591,-70.2568,2021,8,29,2
2021-08-29 03:00:00,0.0,0.0,0.0,0.0,14.9,82,5.9,128,1022.6,100,100,86,82,0.0,0.0,43.6591,-70.2568,2021,8,29,3
2021-08-29 04:00:00,0.0,0.0,0.0,0.0,15.5,76,7.4,137,1021.8,100,100,65,1,0.0,0.0,43.6591,-70.2568,2021,8,29,4
2021-08-29 05:00:00,0.0,0.0,0.0,0.0,16.2,72,7.2,143,1021.0,89,87,47,0,0.0,0.0,43.6591,-70.2568,2021,8,29,5
2021-08-29 06:00:00,0.0,0.0,0.0,0.0,16.6,75,5.9,137,1020.9,100,100,4,4,0.0,0.0,43.6591,-70.2568,2021,8,29,6
2021-08-29 07:00:00,17.0,0.0,17.0,0.0,17.0,82,5.4,188,1021.0,88,84,10,25,0.0,0.0,43.6591,-70.2568,2021,8,29,7
2021-08-29 08:00:00,91.0,17.0,74.0,66.0,17.4,81,8.7,142,1021.4,87,92,28,51,0.0,178.52,43.6591,-70.2568,2021,8,29,8
2021-08-29 09:00:00,150.0,12.0,138.0,27.7,18.0,79,4.7,176,1021.5,98,97,25,39,0.0,0.0,43.6591,-70.2568,2021,8,29,9
2021-08-29 10:00:00,288.0,73.0,215.0,124.6,18.8,74,4.8,193,1021.2,94,92,32,11,0.0,1938.02,43.6591,-70.2568,2021,8,29,10
2021-08-29 11:00:00,332.0,104.0,228.0,147.2,19.4,71,7.3,169,1020.7,100,100,62,0,0.0,2616.35,43.6591,-70.2568,2021,8,29,11
2021-08-29 12:00:00,293.0,38.0,255.0,48.3,19.4,71,10.4,182,1020.1,95,89,91,7,0.0,0.0,43.6591,-70.2568,2021,8,29,12
2021-08-29 13:00:00,291.0,93.0,198.0,113.4,19.4,72,10.3,192,1019.4,100,100,78,19,0.0,1601.98,43.6591,-70.2568,2021,8,29,13
2021-08-29 14:00:00,347.0,109.0,238.0,135.3,19.8,75,10.4,182,1018.8,100,100,49,3,0.0,2260.17,43.6591,-70.2568,2021,8,29,14
2021-08-29 15:00:00,223.0,6.0,217.0,8.1,19.2,79,11.0,169,1017.8,95,95,18,0,0.0,0.0,43.6591,-70.2568,2021,8,29,15
2021-08-29 16:00:00,316.0,86.0,230.0,134.9,19.8,77,11.1,167,1016.9,100,100,14,32,0.0,2245.76,43.6591,-70.2568,2021,8,29,16
2021-08-29 17:00:00,202.0,38.0,164.0,76.6,19.4,76,12.0,164,1016.0,100,100,7,87,0.0,497.69,43.6591,-70.2568,2021,8,29,17
2021-08-29 18:00:00,118.0,6.0,112.0,18.3,19.2,76,11.2,165,1015.5,100,100,3,63,0.0,0.0,43.6591,-70.2568,2021,8,29,18
2021-08-29 19:00:00,39.0,5.0,34.0,34.4,18.7,79,10.3,168,1014.8,100,100,1,81,0.0,0.0,43.6591,-70.2568,2021,8,29,19
2021-08-29 20:00:00,1.0,0.0,1.0,0.0,17.9,85,9.7,184,1015.3,100,100,10,82,0.0,0.0,43.6591,-70.2568,2021,8,29,20
2021-08-29 21:00:00,0.0,0.0,0.0,0.0,17.7,88,8.6,182,1015.4,100,100,16,88,0.0,0.0,43.6591,-70.2568,2021,8,29,21
2021-08-29 22:00:00,0.0,0.0,0.0,0.0,17.9,89,7.6,188,1015.0,100,100,21,39,0.1,0.0,43.6591,-70.2568,2021,8,29,22
2021-08-29 23:00:00,0.0,0.0,0.0,0.0,18.0,90,7.2,183,1014.2,100,100,21,92,0.0,0.0,43.6591,-70.2568,2021,8,29,23
2021-08-30 00:00:00,0.0,0.0,0.0,0.0,18.1,92,7.9,183,1013.5,100,96,16,97,0.0,0.0,43.6591,-70.2568,2021,8,30,0
2021-08-30 01:00:00,0.0,0.0,0.0,0.0,18.4,94,8.6,195,1013.1,97,26,9,96,0.0,0.0,43.6591,-70.2568,2021,8,30,1
2021-08-30 02:00:00,0.0,0.0,0.0,0.0,18.2,97,9.6,200,1011.8,98,6,3,97,0.0,0.0,43.6591,-70.2568,2021,8,30,2
2021-08-30 03:00:00,0.0,0.0,0.0,0.0,18.1,98,9.0,217,1011.0,96,5,4,95,0.0,0.0,43.6591,-70.2568,2021,8,30,3
2021-08-30 04:00:00,0.0,0.0,0.0,0.0,18.0,98,9.3,216,1010.2,91,4,4,90,0.0,0.0,43.6591,-70.2568,2021,8,30,4
2021-08-30 05:00:00,0.0,0.0,0.0,0.0,18.2,98,10.7,213,1009.3,56,12,2,52,0.0,0.0,43.6591,-70.2568,2021,8,30,5
2021-08-30 06:00:00,0.0,0.0,0.0,0.0,18.6,99,12.0,213,1008.8,71,27,1,67,0.0,0.0,43.6591,-70.2568,2021,8,30,6
2021-08-30 07:00:00,32.0,11.0,21.0,110.1,19.7,97,14.2,216,1008.5,99,99,1,21,0.0,1973.27,43.6591,-70.2568,2021,8,30,7
2021-08-30 08:00:00,129.0,32.0,97.0,125.7,20.9,91,15.3,221,1008.3,100,75,2,62,0.0,1970.99,43.6591,-70.2568,2021,8,30,8
2021-08-30 09:00:00,280.0,135.0,145.0,314.2,22.9,84,16.3,229,1007.6,100,100,2,54,0.0,3600.0,43.6591,-70.2568,2021,8,30,9
2021-08-30 10:00:00,304.0,69.0,235.0,118.4,24.0,80,15.3,225,1007.1,100,100,19,71,0.0,1751.97,43.6591,-70.2568,2021,8,30,10
2021-08-30 11:00:00,374.0,84.0,290.0,119.4,25.1,76,15.1,218,1006.7,100,100,5,66,0.0,1783.13,43.6591,-70.2568,2021,8,30,11
2021-08-30 12:00:00,356.0,45.0,311.0,57.5,25.3,79,14.0,198,1005.7,100,100,3,63,0.0,0.0,43.6591,-70.2568,2021,8,30,12
2021-08-30 13:00:00,471.0,147.0,324.0,180.0,26.1,76,15.3,210,1004.8,98,94,22,77,0.1,3600.0,43.6591,-70.2568,2021,8,30,13
2021-08-30 14:00:00,472.0,209.0,263.0,260.7,26.5,77,12.3,195,1003.8,97,36,39,95,0.2,3600.0,43.6591,-70.2568,2021,8,30,14
2021-08-30 15:00:00,564.0,341.0,223.0,461.4,27.0,77,13.1,196,1002.7,74,6,13,71,0.2,3600.0,43.6591,-70.2568,2021,8,30,15
2021-08-30 16:00:00,380.0,214.0,166.0,337.9,25.9,83,13.8,200,1002.0,84,23,25,80,0.0,3600.0,43.6591,-70.2568,2021,8,30,16
2021-08-30 17:00:00,315.0,180.0,135.0,366.3,25.9,82,13.9,211,1001.7,49,4,16,39,0.0,3600.0,43.6591,-70.2568,2021,8,30,17
2021-08-30 18:00:00,203.0,129.0,74.0,399.2,25.6,82,15.5,226,1001.3,72,0,12,68,0.0,3600.0,43.6591,-70.2568,2021,8,30,18
2021-08-30 19:00:00,73.0,37.0,36.0,264.4,24.8,85,14.5,240,1001.4,74,0,10,72,0.0,3600.0,43.6591,-70.2568,2021,8,30,19
2021-08-30 20:00:00,2.0,0.0,2.0,0.0,23.9,90,10.6,242,1002.3,65,2,17,91,0.0,0.0,43.6591,-70.2568,2021,8,30,20
2021-08-30 21:00:00,0.0,0.0,0.0,0.0,23.1,92,9.8,262,1002.8,58,0,11,53,0.0,0.0,43.6591,-70.2568,2021,8,30,21
2021-08-30 22:00:00,0.0,0.0,0.0,0.0,22.0,96,9.4,277,1002.9,32,2,32,0,0.0,0.0,43.6591,-70.2568,2021,8,30,22
2021-08-30 23:00:00,0.0,0.0,0.0,0.0,21.7,96,10.1,274,1002.9,28,0,10,21,0.0,0.0,43.6591,-70.2568,2021,8,30,23
2021-08-31 00:00:00,0.0,0.0,0.0,0.0,21.2,96,11.3,277,1002.6,76,0,1,75,0.0,0.0,43.6591,-70.2568,2021,8,31,0
2021-08-31 01:00:00,0.0,0.0,0.0,0.0,20.5,96,10.8,272,1002.3,34,0,0,34,0.0,0.0,43.6591,-70.2568,2021,8,31,1
2021-08-31 02:00:00,0.0,0.0,0.0,0.0,19.7,96,11.5,270,1002.2,1,1,0,0,0.0,0.0,43.6591,-70.2568,2021,8,31,2
2021-08-31 03:00:00,0.0,0.0,0.0,0.0,19.2,94,11.7,279,1002.3,0,0,0,0,0.0,0.0,43.6591,-70.2568,2021,8,31,3
2021-08-31 04:00:00,0.0,0.0,0.0,0.0,18.7,93,10.9,278,1002.4,0,0,0,0,0.0,0.0,43.6591,-70.2568,2021,8,31,4
2021-08-31 05:00:00,0.0,0.0,0.0,0.0,18.1,94,11.2,274,1002.5,2,0,0,2,0.0,0.0,43.6591,-70.2568,2021,8,31,5
2021-08-31 06:00:00,0.0,0.0,0.0,0.0,17.8,92,10.8,270,1002.7,2,0,0,2,0.0,0.0,43.6591,-70.2568,2021,8,31,6
2021-08-31 07:00:00,38.0,21.0,17.0,213.7,18.4,88,11.2,270,1002.9,91,0,0,91,0.0,3072.0,43.6591,-70.2568,2021,8,31,7
2021-08-31 08:00:00,166.0,80.0,86.0,318.3,19.9,90,10.9,276,1003.1,97,6,10,41,0.0,3600.0,43.6591,-70.2568,2021,8,31,8
2021-08-31 09:00:00,346.0,244.0,102.0,572.0,22.3,82,8.7,265,1002.8,97,4,2,96,0.0,3600.0,43.6591,-70.2568,2021,8,31,9
2021-08-31 10:00:00,466.0,270.0,196.0,465.8,24.1,75,9.7,266,1002.9,92,0,0,92,0.0,3600.0,43.6591,-70.2568,2021,8,31,10
2021-08-31 11:00:00,562.0,308.0,254.0,439.9,25.3,64,11.6,263,1002.5,71,0,7,69,0.0,3600.0,43.6591,-70.2568,2021,8,31,11
2021-08-31 12:00:00,626.0,373.0,253.0,478.4,26.1,51,14.0,258,1002.0,91,0,1,91,0.0,3600.0,43.6591,-70.2568,2021,8,31,12
2021-08-31 13:00:00,716.0,537.0,179.0,660.5,26.8,45,14.8,257,1001.5,81,0,0,81,0.0,3600.0,43.6591,-70.2568,2021,8,31,13
2021-08-31 14:00:00,761.0,605.0,156.0,758.4,27.3,43,15.6,263,1001.1,0,0,0,0,0.0,3600.0,43.6591,-70.2568,2021,8,31,14
2021-08-31 15:00:00,728.0,645.0,83.0,877.6,27.5,46,15.5,266,1000.8,4,2,0,2,0.0,3600.0,43.6591,-70.2568,2021,8,31,15
2021-08-31 16:00:00,504.0,424.0,80.0,674.3,27.0,49,15.8,258,1000.6,15,0,15,0,0.0,3600.0,43.6591,-70.2568,2021,8,31,16
2021-08-31 17:00:00,388.0,252.0,136.0,517.8,26.3,53,14.3,252,1000.3,2,0,2,0,0.0,3600.0,43.6591,-70.2568,2021,8,31,17
2021-08-31 18:00:00,257.0,196.0,61.0,616.1,24.9,61,12.7,262,1000.5,0,0,0,0,0.0,3600.0,43.6591,-70.2568,2021,8,31,18
2021-08-31 19:00:00,87.0,55.0,32.0,408.4,22.9,69,11.9,268,1000.9,2,0,2,0,0.0,3600.0,43.6591,-70.2568,2021,8,31,19
2021-08-31 20:00:00,2.0,0.0,2.0,0.0,21.7,75,13.1,261,1001.6,94,11,81,81,0.0,0.0,43.6591,-70.2568,2021,8,31,20
2021-08-31 21:00:00,0.0,0.0,0.0,0.0,22.1,67,10.0,291,1002.3,95,9,33,93,0.0,0.0,43.6591,-70.2568,2021,8,31,21
2021-08-31 22:00:00,0.0,0.0,0.0,0.0,21.1,73,8.7,300,1002.7,63,1,41,38,0.0,0.0,43.6591,-70.2568,2021,8,31,22
2021-08-31 23:00:00,0.0,0.0,0.0,0.0,20.0,79,9.5,295,1003.0,91,1,84,45,0.0,0.0,43.6591,-70.2568,2021,8,31,23
2021-09-01 00:00:00,0.0,0.0,0.0,0.0,19.7,81,9.1,304,1003.4,43,2,42,2,0.0,0.0,43.6591,-70.2568,2021,9,1,0
2021-09-01 01:00:00,0.0,0.0,0.0,0.0,19.5,83,8.7,322,1003.6,27,0,27,0,0.0,0.0,43.6591,-70.2568,2021,9,1,1
2021-09-01 02:00:00,0.0,0.0,0.0,0.0,18.9,83,9.6,304,1003.6,77,0,9,75,0.0,0.0,43.6591,-70.2568,2021,9,1,2
2021-09-01 03:00:00,0.0,0.0,0.0,0.0,18.5,81,10.3,295,1003.9,95,0,2,95,0.0,0.0,43.6591,-70.2568,2021,9,1,3
2021-09-01 04:00:00,0.0,0.0,0.0,0.0,17.8,81,10.5,286,1004.2,95,0,0,95,0.0,0.0,43.6591,-70.2568,2021,9,1,4
2021-09-01 05:00:00,0.0,0.0,0.0,0.0,17.3,82,10.9,287,1004.5,99,0,1,99,0.0,0.0,43.6591,-70.2568,2021,9,1,5
2021-09-01 06:00:00,0.0,0.0,0.0,0.0,17.0,84,11.3,297,1005.0,97,0,0,97,0.0,0.0,43.6591,-70.2568,2021,9,1,6
2021-09-01 07:00:00,32.0,9.0,23.0,93.1,17.6,84,10.3,295,1005.6,98,0,0,98,0.0,1388.37,43.6591,-70.2568,2021,9,1,7
2021-09-01 08:00:00,131.0,28.0,103.0,112.8,18.9,79,9.5,279,1006.3,100,0,0,100,0.0,1585.24,43.6591,-70.2568,2021,9,1,8
2021-09-01 09:00:00,299.0,131.0,168.0,309.4,20.7,69,8.9,291,1006.3,100,0,0,100,0.0,3600.0,43.6591,-70.2568,2021,9,1,9
2021-09-01 10:00:00,375.0,117.0,258.0,203.0,21.5,62,9.6,290,1006.9,100,0,0,100,0.0,3600.0,43.6591,-70.2568,2021,9,1,10
2021-09-01 11:00:00,482.0,172.0,310.0,246.8,22.5,56,9.8,278,1007.1,100,0,0,100,0.0,3600.0,43.6591,-70.2568,2021,9,1,11
2021-09-01 12:00:00,594.0,266.0,328.0,342.7,23.6,50,9.6,290,1006.6,100,0,0,100,0.0,3600.0,43.6591,-70.2568,2021,9,1,12
2021-09-01 13:00:00,409.0,59.0,350.0,72.9,23.4,51,7.4,284,1006.4,100,0,29,100,0.0,386.89,43.6591,-70.2568,2021,9,1,13
2021-09-01 14:00:00,426.0,105.0,321.0,132.3,23.7,50,5.8,266,1006.4,100,0,65,100,0.0,2168.08,43.6591,-70.2568,2021,9,1,14
2021-09-01 15:00:00,341.0,46.0,295.0,63.0,23.3,55,5.6,230,1006.2,100,0,77,100,0.0,88.53,43.6591,-70.2568,2021,9,1,15
2021-09-01 16:00:00,205.0,18.0,187.0,28.8,22.5,66,8.2,229,1006.2,100,0,96,100,0.0,0.0,43.6591,-70.2568,2021,9,1,16
2021-09-01 17:00:00,111.0,1.0,110.0,2.1,21.4,67,9.9,237,1006.1,100,0,100,100,0.0,0.0,43.6591,-70.2568,2021,9,1,17
2021-09-01 18:00:00,57.0,0.0,57.0,0.0,20.5,70,8.7,240,1006.8,100,0,100,100,0.0,0.0,43.6591,-70.2568,2021,9,1,18
2021-09-01 19:00:00,14.0,0.0,14.0,0.0,19.4,77,8.7,228,1007.2,100,0,100,100,0.4,0.0,43.6591,-70.2568,2021,9,1,19
2021-09-01 20:00:00,0.0,0.0,0.0,0.0,17.4,99,9.7,270,1008.7,100,1,100,100,0.7,0.0,43.6591,-70.2568,2021,9,1,20
2021-09-01 21:00:00,0.0,0.0,0.0,0.0,17.4,100,4.4,235,1008.6,100,9,100,100,2.5,0.0,43.6591,-70.2568,2021,9,1,21
2021-09-01 22:00:00,0.0,0.0,0.0,0.0,17.4,100,4.0,265,1008.6,100,1,100,100,2.5,0.0,43.6591,-70.2568,2021,9,1,22
2021-09-01 23:00:00,0.0,0.0,0.0,0.0,17.0,100,10.8,2,1007.8,100,0,100,100,2.5,0.0,43.6591,-70.2568,2021,9,1,23
2021-09-02 00:00:00,0.0,0.0,0.0,0.0,15.7,99,9.8,24,1006.9,100,0,99,100,2.0,0.0,43.6591,-70.2568,2021,9,2,0
2021-09-02 01:00:00,0.0,0.0,0.0,0.0,15.2,99,15.1,25,1005.4,100,0,100,100,3.7,0.0,43.6591,-70.2568,2021,9,2,1
2021-09-02 02:00:00,0.0,0.0,0.0,0.0,15.0,99,13.6,40,1004.9,100,0,100,100,7.1,0.0,43.6591,-70.2568,2021,9,2,2
2021-09-02 03:00:00,0.0,0.0,0.0,0.0,14.9,99,19.5,38,1003.2,100,0,100,100,5.6,0.0,43.6591,-70.2568,2021,9,2,3
2021-09-02 04:00:00,0.0,0.0,0.0,0.0,14.9,100,12.1,350,1004.4,100,2,100,100,4.1,0.0,43.6591,-70.2568,2021,9,2,4
2021-09-02 05:00:00,0.0,0.0,0.0,0.0,14.7,100,18.6,22,1002.5,100,0,98,100,6.0,0.0,43.6591,-70.2568,2021,9,2,5
2021-09-02 06:00:00,0.0,0.0,0.0,0.0,14.6,100,22.7,25,1001.3,100,0,100,100,8.8,0.0,43.6591,-70.2568,2021,9,2,6
2021-09-02 07:00:00,1.0,0.0,1.0,0.0,14.7,100,23.3,22,1000.3,100,0,100,100,9.6,0.0,43.6591,-70.2568,2021,9,2,7
2021-09-02 08:00:00,8.0,0.0,8.0,0.0,14.9,100,14.4,1,1001.9,100,2,95,69,4.6,0.0,43.6591,-70.2568,2021,9,2,8
2021-09-02 09:00:00,89.0,7.0,82.0,16.7,15.1,96,20.8,346,1002.2,95,95,27,1,0.4,0.0,43.6591,-70.2568,2021,9,2,9
2021-09-02 10:00:00,347.0,130.0,217.0,226.8,16.3,89,24.3,353,1002.3,97,91,84,0,0.1,3600.0,43.6591,-70.2568,2021,9,2,10
2021-09-02 11:00:00,287.0,72.0,215.0,103.8,16.5,83,20.9,349,1002.7,99,54,99,0,0.0,1314.36,43.6591,-70.2568,2021,9,2,11
2021-09-02 12:00:00,305.0,55.0,250.0,71.2,17.2,76,20.3,354,1003.1,43,12,40,0,0.0,335.0,43.6591,-70.2568,2021,9,2,12
2021-09-02 13:00:00,585.0,414.0,171.0,513.8,18.9,63,22.3,358,1003.7,65,53,48,0,0.0,3600.0,43.6591,-70.2568,2021,9,2,13
2021-09-02 14:00:00,497.0,287.0,210.0,363.3,19.1,60,18.4,357,1004.0,44,21,41,0,0.0,3600.0,43.6591,-70.2568,2021,9,2,14
2021-09-02 15:00:00,548.0,380.0,168.0,523.1,19.9,57,11.9,14,1003.9,29,0,29,0,0.0,3600.0,43.6591,-70.2568,2021,9,2,15
2021-09-02 16:00:00,573.0,444.0,129.0,716.4,20.5,57,10.4,14,1004.4,53,1,53,0,0.0,3600.0,43.6591,-70.2568,2021,9,2,16
2021-09-02 17:00:00,345.0,223.0,122.0,467.5,19.9,64,6.8,18,1004.9,32,1,32,0,0.0,3600.0,43.6591,-70.2568,2021,9,2,17
2021-09-02 18:00:00,212.0,137.0,75.0,444.8,19.2,74,5.1,4,1005.4,19,2,18,0,0.0,3600.0,43.6591,-70.2568,2021,9,2,18
2021-09-02 19:00:00,69.0,40.0,29.0,313.6,17.4,81,10.5,292,1006.5,56,33,51,0,0.0,3600.0,43.6591,-70.2568,2021,9,2,19
2021-09-02 20:00:00,1.0,0.0,1.0,0.0,18.1,62,17.9,322,1006.9,38,0,28,0,0.0,0.0,43.6591,-70.2568,2021,9,2,20
2021-09-02 21:00:00,0.0,0.0,0.0,0.0,17.2,63,17.0,324,1007.7,33,0,33,0,0.0,0.0,43.6591,-70.2568,2021,9,2,21
2021-09-02 22:00:00,0.0,0.0,0.0,0.0,17.0,64,15.5,316,1007.7,43,0,43,0,0.0,0.0,43.6591,-70.2568,2021,9,2,22
2021-09-02 23:00:00,0.0,0.0,0.0,0.0,16.6,66,15.3,313,1007.9,25,0,25,0,0.0,0.0,43.6591,-70.2568,2021,9,2,23
2021-09-03 00:00:00,0.0,0.0,0.0,0.0,16.1,69,13.3,311,1008.3,35,0,35,0,0.0,0.0,43.6591,-70.2568,2021,9,3,0
2021-09-03 01:00:00,0.0,0.0,0.0,0.0,15.7,71,13.3,308,1008.3,35,0,35,0,0.0,0.0,43.6591,-70.2568,2021,9,3,1
2021-09-03 02:00:00,0.0,0.0,0.0,0.0,15.4,73,12.8,308,1008.4,32,0,32,0,0.0,0.0,43.6591,-70.2568,2021,9,3,2
2021-09-03 03:00:00,0.0,0.0,0.0,0.0,14.9,76,11.8,301,1008.5,22,0,22,0,0.0,0.0,43.6591,-70.2568,2021,9,3,3
2021-09-03 04:00:00,0.0,0.0,0.0,0.0,14.3,80,11.5,302,1008.8,11,0,11,0,0.0,0.0,43.6591,-70.2568,2021,9,3,4
2021-09-03 05:00:00,0.0,0.0,0.0,0.0,13.9,83,12.1,300,1008.8,9,0,9,0,0.0,0.0,43.6591,-70.2568,2021,9,3,5
2021-09-03 06:00:00,0.0,0.0,0.0,0.0,13.6,85,12.1,300,1009.1,5,0,5,0,0.0,0.0,43.6591,-70.2568,2021,9,3,6
2021-09-03 07:00:00,33.0,18.0,15.0,192.7,14.1,84,12.2,313,1009.3,4,0,4,0,0.0,2871.84,43.6591,-70.2568,2021,9,3,7
2021-09-03 08:00:00,181.0,126.0,55.0,521.5,16.2,78,10.7,315,1009.9,12,0,53,0,0.0,3600.0,43.6591,-70.2568,2021,9,3,8
2021-09-03 09:00:00,234.0,140.0,94.0,335.7,17.0,72,13.6,323,1010.2,68,0,68,0,0.0,3600.0,43.6591,-70.2568,2021,9,3,9
2021-09-03 10:00:00,320.0,147.0,173.0,257.9,17.8,69,14.7,324,1010.6,76,0,76,0,0.0,3600.0,43.6591,-70.2568,2021,9,3,10
2021-09-03 11:00:00,457.0,212.0,245.0,307.1,18.8,63,17.6,332,1010.5,84,69,78,0,0.0,3600.0,43.6591,-70.2568,2021,9,3,11
2021-09-03 12:00:00,525.0,328.0,197.0,426.3,19.6,63,15.0,330,1010.1,18,14,9,0,0.0,3600.0,43.6591,-70.2568,2021,9,3,12
2021-09-03 13:00:00,728.0,598.0,130.0,745.6,21.0,59,15.2,324,1009.6,26,17,25,0,0.0,3600.0,43.6591,-70.2568,2021,9,3,13
2021-09-03 14:00:00,701.0,555.0,146.0,706.2,21.3,57,13.7,325,1009.2,41,8,41,0,0.0,3600.0,43.6591,-70.2568,2021,9,3,14
2021-09-03 15:00:00,587.0,419.0,168.0,580.2,21.3,56,12.0,314,1008.8,37,9,36,0,0.0,3600.0,43.6591,-70.2568,2021,9,3,15
2021-09-03 16:00:00,457.0,327.0,130.0,531.5,21.1,59,10.8,300,1008.5,34,7,31,2,0.0,3600.0,43.6591,-70.2568,2021,9,3,16
2021-09-03 17:00:00,340.0,241.0,99.0,510.4,20.1,68,10.9,279,1008.6,59,15,54,27,0.0,3600.0,43.6591,-70.2568,2021,9,3,17
2021-09-03 18:00:00,168.0,95.0,73.0,313.7,18.9,77,8.9,291,1009.1,36,1,33,7,0.1,3600.0,43.6591,-70.2568,2021,9,3,18
2021-09-03 19:00:00,57.0,29.0,28.0,232.1,17.8,82,9.1,279,1009.3,44,0,35,16,0.0,3600.0,43.6591,-70.2568,2021,9,3,19
2021-09-03 20:00:00,0.0,0.0,0.0,0.0,17.8,79,8.0,265,1009.6,29,0,55,56,0.0,0.0,43.6591,-70.2568,2021,9,3,20
2021-09-03 21:00:00,0.0,0.0,0.0,0.0,17.0,82,10.4,268,1009.8,42,0,27,24,0.0,0.0,43.6591,-70.2568,2021,9,3,21
2021-09-03 22:00:00,0.0,0.0,0.0,0.0,16.9,77,12.8,286,1009.8,49,0,40,21,0.0,0.0,43.6591,-70.2568,2021,9,3,22
2021-09-03 23:00:00,0.0,0.0,0.0,0.0,16.8,76,12.6,283,1009.6,34,0,28,10,0.0,0.0,43.6591,-70.2568,2021,9,3,23
2021-09-04 00:00:00,0.0,0.0,0.0,0.0,16.3,78,12.8,280,1009.4,17,0,16,1,0.0,0.0,43.6591,-70.2568,2021,9,4,0
2021-09-04 01:00:00,0.0,0.0,0.0,0.0,15.9,80,13.7,275,1009.3,4,0,4,0,0.0,0.0,43.6591,-70.2568,2021,9,4,1
2021-09-04 02:00:00,0.0,0.0,0.0,0.0,15.4,82,14.2,279,1009.0,0,0,0,0,0.0,0.0,43.6591,-70.2568,2021,9,4,2
2021-09-04 03:00:00,0.0,0.0,0.0,0.0,15.2,83,13.8,279,1008.9,0,0,0,0,0.0,0.0,43.6591,-70.2568,2021,9,4,3
2021-09-04 04:00:00,0.0,0.0,0.0,0.0,15.0,84,14.2,277,1008.8,0,0,0,0,0.0,0.0,43.6591,-70.2568,2021,9,4,4
2021-09-04 05:00:00,0.0,0.0,0.0,0.0,14.8,85,14.5,276,1008.8,0,0,0,0,0.0,0.0,43.6591,-70.2568,2021,9,4,5
2021-09-04 06:00:00,0.0,0.0,0.0,0.0,14.7,86,14.1,274,1009.1,0,0,0,0,0.0,0.0,43.6591,-70.2568,2021,9,4,6
2021-09-04 07:00:00,32.0,18.0,14.0,196.1,15.2,85,14.2,277,1009.4,0,0,0,0,0.0,2805.29,43.6591,-70.2568,2021,9,4,7
2021-09-04 08:00:00,185.0,134.0,51.0,562.2,17.2,80,11.7,279,1009.5,0,1,0,0,0.0,3600.0,43.6591,-70.2568,2021,9,4,8
2021-09-04 09:00:00,367.0,296.0,71.0,715.3,18.7,73,11.4,288,1009.7,2,2,0,0,0.0,3600.0,43.6591,-70.2568,2021,9,4,9
2021-09-04 10:00:00,529.0,438.0,91.0,772.7,19.8,62,12.0,311,1009.9,2,2,0,0,0.0,3600.0,43.6591,-70.2568,2021,9,4,10
2021-09-04 11:00:00,677.0,587.0,90.0,854.6,21.1,51,14.0,314,1009.7,0,0,0,0,0.0,3600.0,43.6591,-70.2568,2021,9,4,11
2021-09-04 12:00:00,777.0,687.0,90.0,897.1,22.0,45,15.8,313,1009.3,1,1,0,0,0.0,3600.0,43.6591,-70.2568,2021,9,4,12
2021-09-04 13:00:00,817.0,723.0,94.0,905.7,22.8,41,15.6,308,1008.6,0,0,0,0,0.0,3600.0,43.6591,-70.2568,2021,9,4,13
2021-09-04 14:00:00,802.0,712.0,90.0,910.6,23.3,42,14.6,308,1008.2,0,0,0,0,0.0,3600.0,43.6591,-70.2568,2021,9,4,14
2021-09-04 15:00:00,724.0,637.0,87.0,887.3,23.7,42,13.1,307,1007.9,0,0,0,0,0.0,3600.0,43.6591,-70.2568,2021,9,4,15
2021-09-04 16:00:00,597.0,516.0,81.0,845.1,23.7,46,10.0,308,1007.7,1,0,0,1,0.0,3600.0,43.6591,-70.2568,2021,9,4,16
2021-09-04 17:00:00,433.0,362.0,71.0,774.7,23.2,58,4.9,306,1007.6,78,0,0,78,0.0,3600.0,43.6591,-70.2568,2021,9,4,17
2021-09-04 18:00:00,243.0,178.0,65.0,597.9,21.0,88,0.5,135,1008.1,60,0,0,60,0.0,3600.0,43.6591,-70.2568,2021,9,4,18
2021-09-04 19:00:00,71.0,38.0,33.0,310.5,18.4,96,4.9,197,1008.2,1,0,0,1,0.0,3600.0,43.6591,-70.2568,2021,9,4,19
2021-09-04 20:00:00,0.0,0.0,0.0,0.0,17.6,76,6.9,321,1009.1,47,0,0,18,0.0,0.0,43.6591,-70.2568,2021,9,4,20
2021-09-04 21:00:00,0.0,0.0,0.0,0.0,17.2,68,10.0,330,1009.8,13,0,0,13,0.0,0.0,43.6591,-70.2568,2021,9,4,21
2021-09-04 22:00:00,0.0,0.0,0.0,0.0,16.5,65,9.7,333,1010.0,5,0,0,5,0.0,0.0,43.6591,-70.2568,2021,9,4,22
2021-09-04 23:00:00,0.0,0.0,0.0,0.0,16.0,66,10.0,339,1009.8,0,0,0,0,0.0,0.0,43.6591,-70.2568,2021,9,4,23
2021-09-05 00:00:00,0.0,0.0,0.0,0.0,15.3,70,9.7,4,1009.5,0,0,0,0,0.0,0.0,43.6591,-70.2568,2021,9,5,0
2021-09-05 01:00:00,0.0,0.0,0.0,0.0,14.1,75,11.7,18,1009.5,0,0,0,0,0.0,0.0,43.6591,-70.2568,2021,9,5,1
2021-09-05 02:00:00,0.0,0.0,0.0,0.0,13.3,78,10.3,25,1009.3,41,0,0,41,0.0,0.0,43.6591,-70.2568,2021,9,5,2
2021-09-05 03:00:00,0.0,0.0,0.0,0.0,13.5,83,8.7,38,1009.3,98,0,0,98,0.0,0.0,43.6591,-70.2568,2021,9,5,3
2021-09-05 04:00:00,0.0,0.0,0.0,0.0,13.9,88,4.9,73,1009.0,91,0,0,91,0.0,0.0,43.6591,-70.2568,2021,9,5,4
2021-09-05 05:00:00,0.0,0.0,0.0,0.0,13.9,90,7.6,82,1008.7,57,0,0,57,0.0,0.0,43.6591,-70.2568,2021,9,5,5
2021-09-05 06:00:00,0.0,0.0,0.0,0.0,14.9,88,6.1,87,1008.7,100,0,0,100,0.0,0.0,43.6591,-70.2568,2021,9,5,6
2021-09-05 07:00:00,25.0,4.0,21.0,44.4,14.9,93,5.1,94,1008.8,100,0,27,100,0.0,0.0,43.6591,-70.2568,2021,9,5,7
2021-09-05 08:00:00,91.0,17.0,74.0,72.3,16.3,91,4.0,90,1008.9,100,0,60,100,0.0,369.55,43.6591,-70.2568,2021,9,5,8
2021-09-05 09:00:00,170.0,8.0,162.0,19.5,17.3,87,4.1,105,1009.0,100,2,100,100,0.0,0.0,43.6591,-70.2568,2021,9,5,9
2021-09-05 10:00:00,257.0,23.0,234.0,40.8,18.3,80,3.9,124,1009.0,97,1,88,95,0.0,0.0,43.6591,-70.2568,2021,9,5,10
2021-09-05 11:00:00,238.0,57.0,181.0,83.4,18.6,78,3.6,135,1008.9,87,39,77,46,0.0,701.79,43.6591,-70.2568,2021,9,5,11
2021-09-05 12:00:00,379.0,131.0,248.0,171.9,19.7,73,6.1,135,1008.2,85,5,82,21,0.0,3355.68,43.6591,-70.2568,2021,9,5,12
2021-09-05 13:00:00,444.0,165.0,279.0,207.7,19.9,73,9.2,138,1007.7,98,0,98,1,0.0,3600.0,43.6591,-70.2568,2021,9,5,13
2021-09-05 14:00:00,340.0,57.0,283.0,73.3,19.5,80,9.9,161,1007.2,100,2,100,33,0.0,398.44,43.6591,-70.2568,2021,9,5,14
2021-09-05 15:00:00,242.0,33.0,209.0,46.2,19.7,84,11.2,176,1006.6,100,0,100,2,0.0,0.0,43.6591,-70.2568,2021,9,5,15
2021-09-05 16:00:00,118.0,1.0,117.0,1.7,19.3,88,11.5,178,1006.0,100,0,100,0,0.0,0.0,43.6591,-70.2568,2021,9,5,16
2021-09-05 17:00:00,156.0,17.0,139.0,36.8,19.7,88,12.6,180,1005.7,93,11,92,5,0.0,0.0,43.6591,-70.2568,2021,9,5,17
2021-09-05 18:00:00,150.0,58.0,92.0,198.3,19.7,87,15.5,184,1005.6,71,27,60,21,0.0,3600.0,43.6591,-70.2568,2021,9,5,18
2021-09-05 19:00:00,35.0,14.0,21.0,116.9,19.2,87,15.9,185,1005.2,99,45,98,16,0.0,2084.88,43.6591,-70.2568,2021,9,5,19
2021-09-05 20:00:00,0.0,0.0,0.0,0.0,17.9,100,15.5,184,1006.0,72,100,100,8,0.0,0.0,43.6591,-70.2568,2021,9,5,20
2021-09-05 21:00:00,0.0,0.0,0.0,0.0,17.9,100,18.8,184,1005.8,100,100,100,4,1.7,0.0,43.6591,-70.2568,2021,9,5,21
2021-09-05 22:00:00,0.0,0.0,0.0,0.0,17.5,100,17.7,186,1005.5,100,100,99,0,0.4,0.0,43.6591,-70.2568,2021,9,5,22
2021-09-05 23:00:00,0.0,0.0,0.0,0.0,17.5,100,15.5,185,1005.3,100,100,87,82,0.4,0.0,43.6591,-70.2568,2021,9,5,23
2021-09-06 00:00:00,0.0,0.0,0.0,0.0,17.6,100,14.1,195,1005.0,100,100,38,92,0.6,0.0,43.6591,-70.2568,2021,9,6,0
2021-09-06 01:00:00,0.0,0.0,0.0,0.0,17.8,100,10.9,197,1004.6,100,100,35,77,0.2,0.0,43.6591,-70.2568,2021,9,6,1
2021-09-06 02:00:00,0.0,0.0,0.0,0.0,17.9,100,7.8,202,1004.0,100,100,36,77,0.1,0.0,43.6591,-70.2568,2021,9,6,2
2021-09-06 03:00:00,0.0,0.0,0.0,0.0,17.9,100,6.8,212,1003.6,100,100,28,72,0.0,0.0,43.6591,-70.2568,2021,9,6,3
2021-09-06 04:00:00,0.0,0.0,0.0,0.0,17.8,100,6.2,216,1003.1,39,19,25,12,0.0,0.0,43.6591,-70.2568,2021,9,6,4
2021-09-06 05:00:00,0.0,0.0,0.0,0.0,17.1,100,6.1,225,1002.9,33,6,31,0,0.0,0.0,43.6591,-70.2568,2021,9,6,5
2021-09-06 06:00:00,0.0,0.0,0.0,0.0,17.0,100,6.1,230,1003.2,13,5,11,0,0.0,0.0,43.6591,-70.2568,2021,9,6,6
2021-09-06 07:00:00,25.0,12.0,13.0,135.6,17.3,99,7.7,242,1003.6,7,5,6,0,0.0,2497.38,43.6591,-70.2568,2021,9,6,7
2021-09-06 08:00:00,164.0,112.0,52.0,483.2,18.4,98,4.7,247,1003.5,60,100,4,0,0.0,3600.0,43.6591,-70.2568,2021,9,6,8
2021-09-06 09:00:00,192.0,44.0,148.0,108.0,19.9,91,4.9,287,1003.2,100,100,1,0,0.0,1440.68,43.6591,-70.2568,2021,9,6,9
2021-09-06 10:00:00,282.0,90.0,192.0,160.6,20.8,90,3.6,276,1003.7,100,100,3,0,0.0,3019.38,43.6591,-70.2568,2021,9,6,10
2021-09-06 11:00:00,341.0,115.0,226.0,169.1,21.4,89,4.6,288,1003.5,97,97,9,0,0.1,3272.97,43.6591,-70.2568,2021,9,6,11
2021-09-06 12:00:00,447.0,154.0,293.0,203.0,22.0,87,2.3,252,1002.8,20,11,17,0,0.1,3600.0,43.6591,-70.2568,2021,9,6,12
2021-09-06 13:00:00,697.0,532.0,165.0,672.9,22.9,76,5.6,165,1002.1,24,9,22,0,0.2,3600.0,43.6591,-70.2568,2021,9,6,13
2021-09-06 14:00:00,653.0,500.0,153.0,646.3,23.0,73,10.8,159,1001.5,32,3,32,0,0.3,3600.0,43.6591,-70.2568,2021,9,6,14
2021-09-06 15:00:00,625.0,507.0,118.0,715.0,23.3,72,13.0,185,1000.9,34,1,34,0,0.0,3600.0,43.6591,-70.2568,2021,9,6,15
2021-09-06 16:00:00,434.0,322.0,112.0,535.6,23.5,71,12.2,227,1001.0,46,4,44,3,0.0,3600.0,43.6591,-70.2568,2021,9,6,16
2021-09-06 17:00:00,277.0,186.0,91.0,406.7,21.9,68,15.0,253,1001.4,42,0,41,6,0.5,3600.0,43.6591,-70.2568,2021,9,6,17
2021-09-06 18:00:00,194.0,120.0,74.0,417.7,20.8,75,13.4,250,1001.4,3,0,3,0,0.0,3600.0,43.6591,-70.2568,2021,9,6,18
2021-09-06 19:00:00,63.0,39.0,24.0,333.1,19.2,77,13.8,250,1001.7,1,0,1,0,0.0,3600.0,43.6591,-70.2568,2021,9,6,19
2021-09-06 20:00:00,0.0,0.0,0.0,0.0,18.7,69,14.0,269,1002.7,0,0,1,0,0.0,0.0,43.6591,-70.2568,2021,9,6,20
2021-09-06 21:00:00,0.0,0.0,0.0,0.0,17.4,76,12.3,265,1003.3,0,0,0,0,0.0,0.0,43.6591,-70.2568,2021,9,6,21
2021-09-06 22:00:00,0.0,0.0,0.0,0.0,16.9,82,12.8,254,1003.9,0,0,0,0,0.0,0.0,43.6591,-70.2568,2021,9,6,22
2021-09-06 23:00:00,0.0,0.0,0.0,0.0,16.5,81,13.1,261,1004.6,0,0,0,0,0.0,0.0,43.6591,-70.2568,2021,9,6,23
2021-09-07 00:00:00,0.0,0.0,0.0,0.0,15.9,79,12.0,263,1005.0,0,0,0,0,0.0,0.0,43.6591,-70.2568,2021,9,7,0
2021-09-07 01:00:00,0.0,0.0,0.0,0.0,15.3,79,12.1,260,1005.1,0,0,0,0,0.0,0.0,43.6591,-70.2568,2021,9,7,1
2021-09-07 02:00:00,0.0,0.0,0.0,0.0,15.0,80,12.4,253,1005.4,0,0,0,0,0.0,0.0,43.6591,-70.2568,2021,9,7,2
2021-09-07 03:00:00,0.0,0.0,0.0,0.0,14.9,82,13.1,249,1005.9,0,0,0,0,0.0,0.0,43.6591,-70.2568,2021,9,7,3
2021-09-07 04:00:00,0.0,0.0,0.0,0.0,14.9,83,12.7,255,1006.0,0,0,0,0,0.0,0.0,43.6591,-70.2568,2021,9,7,4
2021-09-07 05:00:00,0.0,0.0,0.0,0.0,14.9,83,13.0,265,1006.2,0,0,0,0,0.0,0.0,43.6591,-70.2568,2021,9,7,5
2021-09-07 06:00:00,0.0,0.0,0.0,0.0,14.9,83,13.0,270,1006.8,0,0,0,0,0.0,0.0,43.6591,-70.2568,2021,9,7,6
2021-09-07 07:00:00,27.0,15.0,12.0,172.7,15.2,84,13.0,272,1007.3,0,0,0,0,0.0,2605.71,43.6591,-70.2568,2021,9,7,7
2021-09-07 08:00:00,173.0,122.0,51.0,534.1,17.0,81,13.0,267,1008.2,0,0,0,0,0.0,3600.0,43.6591,-70.2568,2021,9,7,8
2021-09-07 09:00:00,355.0,286.0,69.0,707.9,19.0,73,12.2,270,1008.4,0,0,0,0,0.0,3600.0,43.6591,-70.2568,2021,9,7,9
2021-09-07 10:00:00,524.0,443.0,81.0,795.5,20.7,65,11.2,270,1008.6,0,0,0,0,0.0,3600.0,43.6591,-70.2568,2021,9,7,10
2021-09-07 11:00:00,663.0,576.0,87.0,851.3,21.8,58,12.4,278,1008.7,18,18,0,0,0.0,3600.0,43.6591,-70.2568,2021,9,7,11
2021-09-07 12:00:00,721.0,603.0,118.0,798.7,22.5,54,14.5,289,1008.6,82,82,0,0,0.0,3600.0,43.6591,-70.2568,2021,9,7,12
2021-09-07 13:00:00,539.0,284.0,255.0,361.0,22.8,52,11.8,282,1008.6,74,73,42,0,0.0,3600.0,43.6591,-70.2568,2021,9,7,13
2021-09-07 14:00:00,627.0,380.0,247.0,493.9,23.6,48,11.2,268,1008.4,75,20,75,0,0.0,3600.0,43.6591,-70.2568,2021,9,7,14
2021-09-07 15:00:00,533.0,319.0,214.0,452.8,23.5,49,12.7,245,1008.0,79,3,78,0,0.0,3600.0,43.6591,-70.2568,2021,9,7,15
2021-09-07 16:00:00,369.0,144.0,225.0,241.5,22.8,55,14.6,237,1007.7,62,3,62,0,0.0,3600.0,43.6591,-70.2568,2021,9,7,16
2021-09-07 17:00:00,313.0,160.0,153.0,353.8,22.3,55,16.2,249,1007.9,4,4,1,0,0.0,3600.0,43.6591,-70.2568,2021,9,7,17
2021-09-07 18:00:00,219.0,157.0,62.0,556.8,21.0,60,14.3,252,1008.3,1,0,1,0,0.0,3600.0,43.6591,-70.2568,2021,9,7,18
2021-09-07 19:00:00,60.0,37.0,23.0,323.5,19.0,68,12.3,249,1008.5,0,0,0,0,0.0,3600.0,43.6591,-70.2568,2021,9,7,19
2021-09-07 20:00:00,0.0,0.0,0.0,0.0,18.7,66,9.2,309,1009.4,0,0,3,0,0.0,0.0,43.6591,-70.2568,2021,9,7,20
2021-09-07 21:00:00,0.0,0.0,0.0,0.0,17.3,73,7.6,267,1009.6,1,1,0,0,0.0,0.0,43.6591,-70.2568,2021,9,7,21
2021-09-07 22:00:00,0.0,0.0,0.0,0.0,17.0,76,8.0,216,1009.9,0,0,0,0,0.0,0.0,43.6591,-70.2568,2021,9,7,22
2021-09-07 23:00:00,0.0,0.0,0.0,0.0,16.3,85,7.7,217,1009.9,3,3,1,0,0.0,0.0,43.6591,-70.2568,2021,9,7,23
2021-09-08 00:00:00,0.0,0.0,0.0,0.0,16.6,85,6.2,216,1009.8,9,9,1,0,0.0,0.0,43.6591,-70.2568,2021,9,8,0
2021-09-08 01:00:00,0.0,0.0,0.0,0.0,16.8,87,7.6,211,1009.8,3,3,0,0,0.0,0.0,43.6591,-70.2568,2021,9,8,1
2021-09-08 02:00:00,0.0,0.0,0.0,0.0,16.4,89,8.4,223,1009.5,0,0,0,0,0.0,0.0,43.6591,-70.2568,2021,9,8,2
2021-09-08 03:00:00,0.0,0.0,0.0,0.0,15.4,92,10.2,222,1009.8,0,0,0,0,0.0,0.0,43.6591,-70.2568,2021,9,8,3
2021-09-08 04:00:00,0.0,0.0,0.0,0.0,15.1,91,9.5,217,1009.4,0,0,0,0,0.0,0.0,43.6591,-70.2568,2021,9,8,4
2021-09-08 05:00:00,0.0,0.0,0.0,0.0,15.0,92,11.5,212,1009.3,0,0,0,0,0.0,0.0,43.6591,-70.2568,2021,9,8,5
2021-09-08 06:00:00,0.0,0.0,0.0,0.0,14.9,93,9.9,213,1009.3,1,0,0,1,0.0,0.0,43.6591,-70.2568,2021,9,8,6
2021-09-08 07:00:00,25.0,14.0,11.0,164.4,15.5,92,9.7,202,1009.4,46,0,0,46,0.0,2539.06,43.6591,-70.2568,2021,9,8,7
2021-09-08 08:00:00,166.0,116.0,50.0,515.4,18.2,89,13.3,193,1009.5,58,20,2,43,0.0,3600.0,43.6591,-70.2568,2021,9,8,8
2021-09-08 09:00:00,304.0,209.0,95.0,521.6,19.9,82,15.6,187,1009.2,59,25,7,45,0.0,3600.0,43.6591,-70.2568,2021,9,8,9
2021-09-08 10:00:00,422.0,281.0,141.0,507.7,21.1,78,16.6,185,1009.1,63,2,35,44,0.0,3600.0,43.6591,-70.2568,2021,9,8,10
2021-09-08 11:00:00,529.0,389.0,140.0,578.0,21.9,76,18.4,181,1008.8,83,0,64,55,0.0,3600.0,43.6591,-70.2568,2021,9,8,11
2021-09-08 12:00:00,558.0,352.0,206.0,468.6,22.2,78,18.7,178,1008.1,63,4,13,58,0.0,3600.0,43.6591,-70.2568,2021,9,8,12
2021-09-08 13:00:00,736.0,607.0,129.0,775.6,23.3,76,19.5,176,1007.5,65,0,3,64,0.0,3600.0,43.6591,-70.2568,2021,9,8,13
2021-09-08 14:00:00,722.0,615.0,107.0,803.7,23.8,76,19.1,182,1007.4,58,9,57,0,0.0,3600.0,43.6591,-70.2568,2021,9,8,14
2021-09-08 15:00:00,481.0,317.0,164.0,452.9,23.4,79,17.6,179,1006.8,36,7,35,0,0.0,3600.0,43.6591,-70.2568,2021,9,8,15
2021-09-08 16:00:00,422.0,294.0,128.0,497.1,23.2,77,20.9,176,1006.2,14,0,14,0,0.0,3600.0,43.6591,-70.2568,2021,9,8,16
2021-09-08 17:00:00,359.0,281.0,78.0,628.6,22.8,76,22.7,179,1005.8,8,2,8,0,0.0,3600.0,43.6591,-70.2568,2021,9,8,17
2021-09-08 18:00:00,198.0,139.0,59.0,502.6,22.0,72,24.5,182,1005.9,12,0,12,0,0.0,3600.0,43.6591,-70.2568,2021,9,8,18
2021-09-08 19:00:00,50.0,29.0,21.0,259.7,21.8,68,24.8,189,1005.9,31,0,13,20,0.0,3552.89,43.6591,-70.2568,2021,9,8,19
2021-09-08 20:00:00,0.0,0.0,0.0,0.0,21.9,72,22.6,188,1006.2,26,8,18,0,0.0,0.0,43.6591,-70.2568,2021,9,8,20
2021-09-08 21:00:00,0.0,0.0,0.0,0.0,21.3,74,21.3,191,1006.9,10,4,9,0,0.0,0.0,43.6591,-70.2568,2021,9,8,21
2021-09-08 22:00:00,0.0,0.0,0.0,0.0,21.0,77,19.1,192,1006.7,11,3,7,3,0.0,0.0,43.6591,-70.2568,2021,9,8,22
2021-09-08 23:00:00,0.0,0.0,0.0,0.0,20.8,81,18.2,194,1006.8,36,22,16,20,0.0,0.0,43.6591,-70.2568,2021,9,8,23
2021-09-09 00:00:00,0.0,0.0,0.0,0.0,20.8,82,19.4,190,1006.4,80,21,19,75,0.0,0.0,43.6591,-70.2568,2021,9,9,0
2021-09-09 01:00:00,0.0,0.0,0.0,0.0,20.9,84,21.3,192,1006.0,34,2,27,14,0.0,0.0,43.6591,-70.2568,2021,9,9,1
2021-09-09 02:00:00,0.0,0.0,0.0,0.0,20.7,85,19.5,196,1005.8,64,7,56,16,0.0,0.0,43.6591,-70.2568,2021,9,9,2
2021-09-09 03:00:00,0.0,0.0,0.0,0.0,20.7,85,16.2,201,1005.8,59,12,53,12,0.0,0.0,43.6591,-70.2568,2021,9,9,3
2021-09-09 04:00:00,0.0,0.0,0.0,0.0,20.3,86,13.2,197,1005.8,98,84,30,96,0.0,0.0,43.6591,-70.2568,2021,9,9,4
2021-09-09 05:00:00,0.0,0.0,0.0,0.0,19.9,89,10.3,192,1005.5,100,100,33,95,0.2,0.0,43.6591,-70.2568,2021,9,9,5
2021-09-09 06:00:00,0.0,0.0,0.0,0.0,19.9,89,12.3,183,1005.3,100,100,20,100,0.1,0.0,43.6591,-70.2568,2021,9,9,6
2021-09-09 07:00:00,6.0,0.0,6.0,0.0,20.0,91,13.5,189,1005.5,100,70,14,100,0.0,0.0,43.6591,-70.2568,2021,9,9,7
2021-09-09 08:00:00,61.0,4.0,57.0,18.0,19.2,99,5.5,148,1005.7,99,16,51,98,0.0,0.0,43.6591,-70.2568,2021,9,9,8
2021-09-09 09:00:00,176.0,42.0,134.0,105.7,20.2,94,11.7,162,1005.8,99,77,15,97,0.0,1371.19,43.6591,-70.2568,2021,9,9,9
2021-09-09 10:00:00,252.0,80.0,172.0,145.4,20.7,98,13.0,178,1006.5,100,99,22,100,0.5,2563.19,43.6591,-70.2568,2021,9,9,10
2021-09-09 11:00:00,138.0,6.0,132.0,9.0,20.1,100,13.3,167,1006.2,100,100,86,100,0.9,0.0,43.6591,-70.2568,2021,9,9,11
2021-09-09 12:00:00,212.0,5.0,207.0,6.7,20.2,100,15.2,176,1005.8,100,100,99,99,0.5,0.0,43.6591,-70.2568,2021,9,9,12
2021-09-09 13:00:00,203.0,1.0,202.0,1.3,20.2,100,14.4,184,1005.4,100,68,99,100,0.5,0.0,43.6591,-70.2568,2021,9,9,13
2021-09-09 14:00:00,228.0,21.0,207.0,27.6,20.7,100,13.0,182,1005.1,100,100,99,100,0.9,0.0,43.6591,-70.2568,2021,9,9,14
2021-09-09 15:00:00,165.0,5.0,160.0,7.2,20.6,100,13.4,185,1004.8,100,100,99,100,2.0,0.0,43.6591,-70.2568,2021,9,9,15
2021-09-09 16:00:00,62.0,0.0,62.0,0.0,20.1,100,11.5,176,1004.2,100,100,99,100,1.7,0.0,43.6591,-70.2568,2021,9,9,16
2021-09-09 17:00:00,76.0,4.0,72.0,9.1,20.1,100,9.7,182,1003.8,100,92,100,100,0.9,0.0,43.6591,-70.2568,2021,9,9,17
2021-09-09 18:00:00,43.0,0.0,43.0,0.0,20.0,100,8.6,182,1003.7,100,100,100,100,0.9,0.0,43.6591,-70.2568,2021,9,9,18
2021-09-09 19:00:00,5.0,0.0,5.0,0.0,19.7,100,7.1,204,1003.5,100,100,100,100,1.3,0.0,43.6591,-70.2568,2021,9,9,19
2021-09-09 20:00:00,0.0,0.0,0.0,0.0,19.2,100,1.5,76,1003.5,100,100,100,100,1.4,0.0,43.6591,-70.2568,2021,9,9,20
2021-09-09 21:00:00,0.0,0.0,0.0,0.0,19.1,100,6.6,131,1003.3,100,100,99,100,1.9,0.0,43.6591,-70.2568,2021,9,9,21
2021-09-09 22:00:00,0.0,0.0,0.0,0.0,18.9,100,3.6,323,1002.6,100,100,100,100,3.2,0.0,43.6591,-70.2568,2021,9,9,22
2021-09-09 23:00:00,0.0,0.0,0.0,0.0,18.8,100,5.7,342,1002.2,100,8,99,100,2.9,0.0,43.6591,-70.2568,2021,9,9,23
2021-09-10 00:00:00,0.0,0.0,0.0,0.0,18.6,100,5.4,360,1001.9,100,3,98,100,2.4,0.0,43.6591,-70.2568,2021,9,10,0
2021-09-10 01:00:00,0.0,0.0,0.0,0.0,18.5,100,8.0,342,1001.2,100,6,99,100,1.8,0.0,43.6591,-70.2568,2021,9,10,1
2021-09-10 02:00:00,0.0,0.0,0.0,0.0,18.4,100,7.7,319,1000.8,100,5,100,98,1.5,0.0,43.6591,-70.2568,2021,9,10,2
2021-09-10 03:00:00,0.0,0.0,0.0,0.0,18.2,100,9.2,312,1000.8,100,6,99,100,1.6,0.0,43.6591,-70.2568,2021,9,10,3
2021-09-10 04:00:00,0.0,0.0,0.0,0.0,18.0,100,9.4,320,1000.5,100,0,96,100,0.7,0.0,43.6591,-70.2568,2021,9,10,4
2021-09-10 05:00:00,0.0,0.0,0.0,0.0,17.7,100,9.0,307,1000.9,100,0,97,100,0.4,0.0,43.6591,-70.2568,2021,9,10,5
2021-09-10 06:00:00,0.0,0.0,0.0,0.0,17.8,97,9.2,315,1001.4,95,0,94,21,0.1,0.0,43.6591,-70.2568,2021,9,10,6
2021-09-10 07:00:00,7.0,2.0,5.0,24.4,17.8,97,8.9,310,1001.9,97,15,92,95,0.0,0.0,43.6591,-70.2568,2021,9,10,7
2021-09-10 08:00:00,62.0,13.0,49.0,59.5,17.9,97,7.2,323,1002.9,0,0,5,0,0.0,0.0,43.6591,-70.2568,2021,9,10,8
2021-09-10 09:00:00,326.0,251.0,75.0,637.2,19.5,91,8.1,315,1003.0,22,22,6,0,0.0,3600.0,43.6591,-70.2568,2021,9,10,9
2021-09-10 10:00:00,468.0,371.0,97.0,678.8,20.5,80,11.7,317,1003.2,23,18,6,4,0.0,3600.0,43.6591,-70.2568,2021,9,10,10
2021-09-10 11:00:00,600.0,487.0,113.0,731.4,21.8,68,13.3,322,1003.0,20,8,14,5,0.0,3600.0,43.6591,-70.2568,2021,9,10,11
2021-09-10 12:00:00,652.0,542.0,110.0,728.9,22.3,62,14.8,321,1003.0,39,11,36,0,0.1,3600.0,43.6591,-70.2568,2021,9,10,12
2021-09-10 13:00:00,560.0,409.0,151.0,528.1,22.3,64,14.6,310,1003.2,48,9,30,32,0.0,3600.0,43.6591,-70.2568,2021,9,10,13
2021-09-10 14:00:00,522.0,370.0,152.0,489.2,22.2,60,14.6,308,1003.1,31,13,24,3,0.0,3600.0,43.6591,-70.2568,2021,9,10,14
2021-09-10 15:00:00,516.0,385.0,131.0,557.5,22.0,56,16.4,310,1003.1,58,15,34,43,0.0,3600.0,43.6591,-70.2568,2021,9,10,15
2021-09-10 16:00:00,433.0,309.0,124.0,531.4,21.7,56,15.3,311,1003.3,50,14,34,27,0.1,3600.0,43.6591,-70.2568,2021,9,10,16
2021-09-10 17:00:00,296.0,204.0,92.0,467.3,20.8,63,13.4,306,1003.7,33,10,30,5,0.0,3600.0,43.6591,-70.2568,2021,9,10,17
2021-09-10 18:00:00,158.0,105.0,53.0,395.4,19.6,65,14.4,302,1004.5,24,4,24,0,0.0,3600.0,43.6591,-70.2568,2021,9,10,18
2021-09-10 19:00:00,41.0,23.0,18.0,216.8,18.4,66,14.7,301,1005.4,29,0,29,0,0.0,3334.6,43.6591,-70.2568,2021,9,10,19
2021-09-10 20:00:00,0.0,0.0,0.0,0.0,17.2,73,11.4,305,1007.5,24,5,27,0,0.0,0.0,43.6591,-70.2568,2021,9,10,20
2021-09-10 21:00:00,0.0,0.0,0.0,0.0,16.6,73,11.4,294,1008.4,24,4,22,0,0.0,0.0,43.6591,-70.2568,2021,9,10,21
2021-09-10 22:00:00,0.0,0.0,0.0,0.0,15.8,74,11.0,289,1009.2,3,0,3,0,0.0,0.0,43.6591,-70.2568,2021,9,10,22
2021-09-10 23:00:00,0.0,0.0,0.0,0.0,14.6,78,10.8,268,1009.8,0,0,0,0,0.0,0.0,43.6591,-70.2568,2021,9,10,23
2021-09-11 00:00:00,0.0,0.0,0.0,0.0,13.9,79,12.0,261,1010.5,0,0,0,0,0.0,0.0,43.6591,-70.2568,2021,9,11,0
2021-09-11 01:00:00,0.0,0.0,0.0,0.0,13.6,78,12.6,265,1011.2,0,0,0,0,0.0,0.0,43.6591,-70.2568,2021,9,11,1
2021-09-11 02:00:00,0.0,0.0,0.0,0.0,13.5,77,13.0,270,1011.5,0,0,0,0,0.0,0.0,43.6591,-70.2568,2021,9,11,2
2021-09-11 03:00:00,0.0,0.0,0.0,0.0,13.2,77,12.6,270,1012.2,0,0,0,0,0.0,0.0,43.6591,-70.2568,2021,9,11,3
2021-09-11 04:00:00,0.0,0.0,0.0,0.0,13.0,78,12.6,268,1012.8,0,0,0,0,0.0,0.0,43.6591,-70.2568,2021,9,11,4
2021-09-11 05:00:00,0.0,0.0,0.0,0.0,12.8,78,11.2,266,1013.3,0,0,0,0,0.0,0.0,43.6591,-70.2568,2021,9,11,5
2021-09-11 06:00:00,0.0,0.0,0.0,0.0,12.3,81,10.4,268,1013.7,4,0,0,4,0.0,0.0,43.6591,-70.2568,2021,9,11,6
2021-09-11 07:00:00,22.0,11.0,11.0,137.3,12.6,81,11.2,266,1014.5,0,0,0,0,0.0,2330.7,43.6591,-70.2568,2021,9,11,7
2021-09-11 08:00:00,163.0,116.0,47.0,539.7,14.4,78,11.5,266,1015.3,1,0,0,30,0.0,3600.0,43.6591,-70.2568,2021,9,11,8
2021-09-11 09:00:00,345.0,276.0,69.0,706.8,16.8,71,9.8,264,1015.7,28,0,0,28,0.0,3600.0,43.6591,-70.2568,2021,9,11,9
2021-09-11 10:00:00,515.0,434.0,81.0,799.2,18.8,63,9.8,262,1015.9,40,0,0,40,0.0,3600.0,43.6591,-70.2568,2021,9,11,10
2021-09-11 11:00:00,648.0,557.0,91.0,841.2,20.4,55,10.6,260,1016.0,0,0,0,0,0.0,3600.0,43.6591,-70.2568,2021,9,11,11
2021-09-11 12:00:00,739.0,647.0,92.0,874.7,21.5,51,11.6,248,1015.6,11,0,0,11,0.0,3600.0,43.6591,-70.2568,2021,9,11,12
2021-09-11 13:00:00,774.0,682.0,92.0,885.4,22.4,48,15.4,254,1015.3,58,33,17,37,0.0,3600.0,43.6591,-70.2568,2021,9,11,13
2021-09-11 14:00:00,655.0,488.0,167.0,649.0,22.6,46,16.8,255,1014.7,77,12,61,44,0.0,3600.0,43.6591,-70.2568,2021,9,11,14
2021-09-11 15:00:00,417.0,160.0,257.0,233.3,22.2,53,12.9,247,1014.4,50,0,5,47,0.0,3600.0,43.6591,-70.2568,2021,9,11,15
2021-09-11 16:00:00,498.0,360.0,138.0,624.6,22.4,54,10.7,228,1014.0,60,2,26,55,0.0,3600.0,43.6591,-70.2568,2021,9,11,16
2021-09-11 17:00:00,328.0,224.0,104.0,519.5,21.0,71,9.8,204,1013.8,38,6,25,17,0.0,3600.0,43.6591,-70.2568,2021,9,11,17
2021-09-11 18:00:00,170.0,112.0,58.0,430.7,19.8,80,11.5,194,1013.6,5,5,3,0,0.0,3600.0,43.6591,-70.2568,2021,9,11,18
2021-09-11 19:00:00,44.0,25.0,19.0,242.1,18.8,79,13.7,215,1013.8,3,3,0,0,0.0,3224.51,43.6591,-70.2568,2021,9,11,19
2021-09-11 20:00:00,0.0,0.0,0.0,0.0,18.5,78,13.2,225,1014.1,0,2,3,0,0.0,0.0,43.6591,-70.2568,2021,9,11,20
2021-09-11 21:00:00,0.0,0.0,0.0,0.0,17.6,82,12.5,231,1014.5,0,0,0,0,0.0,0.0,43.6591,-70.2568,2021,9,11,21
2021-09-11 22:00:00,0.0,0.0,0.0,0.0,17.0,84,12.0,226,1014.4,0,0,0,0,0.0,0.0,43.6591,-70.2568,2021,9,11,22
2021-09-11 23:00:00,0.0,0.0,0.0,0.0,16.5,86,12.3,218,1014.4,2,0,0,2,0.0,0.0,43.6591,-70.2568,2021,9,11,23
2021-09-12 00:00:00,0.0,0.0,0.0,0.0,16.4,86,14.1,220,1014.6,18,0,0,18,0.0,0.0,43.6591,-70.2568,2021,9,12,0
2021-09-12 01:00:00,0.0,0.0,0.0,0.0,16.3,85,15.1,220,1014.2,9,0,0,9,0.0,0.0,43.6591,-70.2568,2021,9,12,1
2021-09-12 02:00:00,0.0,0.0,0.0,0.0,16.2,85,16.1,220,1013.7,0,0,0,0,0.0,0.0,43.6591,-70.2568,2021,9,12,2
2021-09-12 03:00:00,0.0,0.0,0.0,0.0,16.0,87,15.8,223,1013.4,0,0,0,0,0.0,0.0,43.6591,-70.2568,2021,9,12,3
2021-09-12 04:00:00,0.0,0.0,0.0,0.0,15.7,88,14.8,223,1013.0,0,0,0,0,0.0,0.0,43.6591,-70.2568,2021,9,12,4
2021-09-12 05:00:00,0.0,0.0,0.0,0.0,15.6,89,15.6,214,1012.3,71,0,0,71,0.0,0.0,43.6591,-70.2568,2021,9,12,5
2021-09-12 06:00:00,0.0,0.0,0.0,0.0,15.9,87,15.6,218,1011.9,91,0,0,91,0.0,0.0,43.6591,-70.2568,2021,9,12,6
2021-09-12 07:00:00,15.0,2.0,13.0,25.5,16.4,84,16.1,214,1011.4,34,0,5,31,0.0,0.0,43.6591,-70.2568,2021,9,12,7
2021-09-12 08:00:00,149.0,97.0,52.0,458.6,17.5,84,15.3,214,1011.3,76,0,4,87,0.0,3600.0,43.6591,-70.2568,2021,9,12,8
2021-09-12 09:00:00,299.0,203.0,96.0,524.5,19.3,76,17.6,224,1011.1,68,12,17,64,0.0,3600.0,43.6591,-70.2568,2021,9,12,9
2021-09-12 10:00:00,436.0,331.0,105.0,613.5,21.0,71,19.1,224,1010.7,50,1,33,28,0.0,3600.0,43.6591,-70.2568,2021,9,12,10
2021-09-12 11:00:00,534.0,380.0,154.0,577.1,22.4,68,18.6,229,1010.2,100,0,100,18,0.0,3600.0,43.6591,-70.2568,2021,9,12,11
2021-09-12 12:00:00,250.0,23.0,227.0,31.3,22.1,74,16.3,221,1009.5,87,0,7,86,0.0,0.0,43.6591,-70.2568,2021,9,12,12
2021-09-12 13:00:00,686.0,507.0,179.0,661.8,24.2,66,19.9,226,1008.7,24,0,14,19,0.0,3600.0,43.6591,-70.2568,2021,9,12,13
2021-09-12 14:00:00,690.0,571.0,119.0,764.0,25.5,62,23.5,245,1008.3,85,41,81,13,0.0,3600.0,43.6591,-70.2568,2021,9,12,14
2021-09-12 15:00:00,408.0,214.0,194.0,314.3,25.4,66,18.8,238,1007.7,42,19,25,19,0.0,3600.0,43.6591,-70.2568,2021,9,12,15
2021-09-12 16:00:00,433.0,318.0,115.0,556.7,25.4,67,20.3,243,1007.4,54,16,45,7,0.0,3600.0,43.6591,-70.2568,2021,9,12,16
2021-09-12 17:00:00,288.0,178.0,110.0,418.1,24.7,72,17.7,246,1007.3,29,21,24,4,0.0,3600.0,43.6591,-70.2568,2021,9,12,17
2021-09-12 18:00:00,160.0,104.0,56.0,408.8,23.9,75,15.8,246,1007.6,65,9,13,61,0.0,3600.0,43.6591,-70.2568,2021,9,12,18
2021-09-12 19:00:00,33.0,14.0,19.0,139.4,22.6,79,12.7,241,1007.7,2,0,0,1,0.0,2896.87,43.6591,-70.2568,2021,9,12,19
2021-09-12 20:00:00,0.0,0.0,0.0,0.0,21.6,87,13.8,227,1008.6,7,0,0,0,0.0,0.0,43.6591,-70.2568,2021,9,12,20
2021-09-12 21:00:00,0.0,0.0,0.0,0.0,21.1,88,14.6,237,1009.2,0,0,0,0,0.0,0.0,43.6591,-70.2568,2021,9,12,21
2021-09-12 22:00:00,0.0,0.0,0.0,0.0,20.8,89,14.2,254,1009.6,11,0,0,11,0.0,0.0,43.6591,-70.2568,2021,9,12,22
2021-09-12 23:00:00,0.0,0.0,0.0,0.0,20.1,91,12.0,263,1009.7,100,0,0,100,0.0,0.0,43.6591,-70.2568,2021,9,12,23
2021-09-13 00:00:00,0.0,0.0,0.0,0.0,19.0,95,8.3,326,1009.9,54,0,0,54,0.0,0.0,43.6591,-70.2568,2021,9,13,0
2021-09-13 01:00:00,0.0,0.0,0.0,0.0,18.4,97,5.8,356,1010.1,80,34,1,77,0.0,0.0,43.6591,-70.2568,2021,9,13,1
2021-09-13 02:00:00,0.0,0.0,0.0,0.0,18.3,96,7.1,41,1009.7,100,100,21,99,0.0,0.0,43.6591,-70.2568,2021,9,13,2
2021-09-13 03:00:00,0.0,0.0,0.0,0.0,18.3,92,6.6,45,1009.6,99,93,96,86,0.0,0.0,43.6591,-70.2568,2021,9,13,3
2021-09-13 04:00:00,0.0,0.0,0.0,0.0,18.2,88,5.2,12,1009.9,100,94,69,100,0.0,0.0,43.6591,-70.2568,2021,9,13,4
2021-09-13 05:00:00,0.0,0.0,0.0,0.0,17.9,86,5.0,30,1009.6,100,91,4,100,0.0,0.0,43.6591,-70.2568,2021,9,13,5
2021-09-13 06:00:00,0.0,0.0,0.0,0.0,17.8,88,2.9,30,1009.9,100,32,56,100,0.2,0.0,43.6591,-70.2568,2021,9,13,6
2021-09-13 07:00:00,7.0,0.0,7.0,0.0,17.8,90,1.3,304,1010.4,96,12,75,91,0.0,0.0,43.6591,-70.2568,2021,9,13,7
2021-09-13 08:00:00,78.0,20.0,58.0,96.1,17.5,86,6.9,332,1010.4,100,0,23,86,0.0,1083.98,43.6591,-70.2568,2021,9,13,8
2021-09-13 09:00:00,285.0,178.0,107.0,464.0,19.0,77,6.4,322,1010.9,76,0,1,76,0.0,3600.0,43.6591,-70.2568,2021,9,13,9
2021-09-13 10:00:00,491.0,406.0,85.0,757.5,20.6,65,8.0,333,1010.9,35,1,1,34,0.0,3600.0,43.6591,-70.2568,2021,9,13,10
2021-09-13 11:00:00,630.0,540.0,90.0,824.8,21.7,57,7.4,317,1010.8,3,0,2,2,0.0,3600.0,43.6591,-70.2568,2021,9,13,11
2021-09-13 12:00:00,720.0,627.0,93.0,856.9,22.7,52,11.3,307,1010.7,87,86,68,0,0.0,3600.0,43.6591,-70.2568,2021,9,13,12
2021-09-13 13:00:00,403.0,151.0,252.0,198.2,22.3,55,10.5,308,1010.3,71,71,29,0,0.0,3600.0,43.6591,-70.2568,2021,9,13,13
2021-09-13 14:00:00,583.0,332.0,251.0,447.0,23.1,49,10.5,301,1009.7,88,87,46,0,0.0,3600.0,43.6591,-70.2568,2021,9,13,14
2021-09-13 15:00:00,477.0,228.0,249.0,337.3,23.3,51,8.9,297,1009.5,49,0,49,0,0.0,3600.0,43.6591,-70.2568,2021,9,13,15
2021-09-13 16:00:00,412.0,265.0,147.0,468.2,22.5,64,6.6,331,1009.9,44,3,44,0,0.0,3600.0,43.6591,-70.2568,2021,9,13,16
2021-09-13 17:00:00,312.0,225.0,87.0,535.3,21.9,67,8.8,341,1010.2,40,17,39,0,0.0,3600.0,43.6591,-70.2568,2021,9,13,17
2021-09-13 18:00:00,158.0,101.0,57.0,406.0,20.4,71,8.3,342,1010.6,8,7,5,0,0.0,3600.0,43.6591,-70.2568,2021,9,13,18
2021-09-13 19:00:00,37.0,21.0,16.0,215.2,18.5,75,7.5,325,1011.4,1,1,0,0,0.0,3002.97,43.6591,-70.2568,2021,9,13,19
2021-09-13 20:00:00,0.0,0.0,0.0,0.0,18.1,71,12.6,340,1012.9,3,0,0,0,0.0,0.0,43.6591,-70.2568,2021,9,13,20
2021-09-13 21:00:00,0.0,0.0,0.0,0.0,16.7,72,10.6,336,1013.4,0,0,0,0,0.0,0.0,43.6591,-70.2568,2021,9,13,21
2021-09-13 22:00:00,0.0,0.0,0.0,0.0,16.1,73,11.4,349,1013.5,0,0,0,0,0.0,0.0,43.6591,-70.2568,2021,9,13,22
2021-09-13 23:00:00,0.0,0.0,0.0,0.0,15.7,76,10.1,354,1013.5,0,0,0,0,0.0,0.0,43.6591,-70.2568,2021,9,13,23
2021-09-14 00:00:00,0.0,0.0,0.0,0.0,15.7,77,8.0,355,1013.4,86,0,0,86,0.0,0.0,43.6591,-70.2568,2021,9,14,0
2021-09-14 01:00:00,0.0,0.0,0.0,0.0,15.8,77,6.3,329,1013.7,13,0,0,13,0.0,0.0,43.6591,-70.2568,2021,9,14,1
2021-09-14 02:00:00,0.0,0.0,0.0,0.0,15.4,81,5.4,307,1013.5,73,0,0,73,0.0,0.0,43.6591,-70.2568,2021,9,14,2
2021-09-14 03:00:00,0.0,0.0,0.0,0.0,14.9,84,7.9,300,1013.8,98,0,0,98,0.0,0.0,43.6591,-70.2568,2021,9,14,3
2021-09-14 04:00:00,0.0,0.0,0.0,0.0,14.6,86,8.7,300,1014.0,31,0,0,31,0.0,0.0,43.6591,-70.2568,2021,9,14,4
2021-09-14 05:00:00,0.0,0.0,0.0,0.0,13.9,90,8.4,301,1014.3,1,0,0,0,0.0,0.0,43.6591,-70.2568,2021,9,14,5
2021-09-14 06:00:00,0.0,0.0,0.0,0.0,13.8,91,7.0,325,1014.6,0,0,0,0,0.0,0.0,43.6591,-70.2568,2021,9,14,6
2021-09-14 07:00:00,17.0,9.0,8.0,120.1,14.1,92,7.1,330,1015.1,0,0,0,0,0.0,1790.27,43.6591,-70.2568,2021,9,14,7
2021-09-14 08:00:00,151.0,105.0,46.0,513.2,15.5,86,4.8,312,1015.8,0,2,0,0,0.0,3600.0,43.6591,-70.2568,2021,9,14,8
2021-09-14 09:00:00,331.0,263.0,68.0,691.9,17.5,74,3.8,319,1016.3,0,0,0,0,0.0,3600.0,43.6591,-70.2568,2021,9,14,9
2021-09-14 10:00:00,495.0,414.0,81.0,777.7,18.9,63,3.3,347,1016.5,0,0,0,0,0.0,3600.0,43.6591,-70.2568,2021,9,14,10
2021-09-14 11:00:00,632.0,545.0,87.0,837.3,19.9,57,0.0,270,1016.3,0,0,0,0,0.0,3600.0,43.6591,-70.2568,2021,9,14,11
2021-09-14 12:00:00,718.0,626.0,92.0,860.3,20.4,56,4.1,165,1015.6,81,65,0,46,0.0,3600.0,43.6591,-70.2568,2021,9,14,12
2021-09-14 13:00:00,683.0,530.0,153.0,699.7,20.3,60,9.4,148,1015.6,94,90,44,35,0.0,3600.0,43.6591,-70.2568,2021,9,14,13
2021-09-14 14:00:00,434.0,141.0,293.0,191.0,18.8,64,14.1,140,1015.1,93,83,0,58,0.0,3600.0,43.6591,-70.2568,2021,9,14,14
2021-09-14 15:00:00,553.0,313.0,240.0,466.4,19.1,60,13.4,144,1014.9,43,1,2,41,0.0,3600.0,43.6591,-70.2568,2021,9,14,15
2021-09-14 16:00:00,518.0,426.0,92.0,759.7,18.9,69,13.2,151,1014.6,46,3,0,44,0.0,3600.0,43.6591,-70.2568,2021,9,14,16
2021-09-14 17:00:00,363.0,290.0,73.0,699.1,18.2,75,13.9,163,1014.1,77,2,0,76,0.0,3600.0,43.6591,-70.2568,2021,9,14,17
2021-09-14 18:00:00,182.0,127.0,55.0,522.5,17.4,81,11.8,160,1014.0,78,2,0,78,0.0,3600.0,43.6591,-70.2568,2021,9,14,18
2021-09-14 19:00:00,32.0,13.0,19.0,137.3,16.4,85,11.3,163,1014.0,7,7,2,0,0.0,2686.19,43.6591,-70.2568,2021,9,14,19
2021-09-14 20:00:00,0.0,0.0,0.0,0.0,16.5,85,12.7,172,1014.5,23,4,26,58,0.0,0.0,43.6591,-70.2568,2021,9,14,20
2021-09-14 21:00:00,0.0,0.0,0.0,0.0,16.6,84,14.1,177,1014.4,30,21,19,4,0.0,0.0,43.6591,-70.2568,2021,9,14,21
2021-09-14 22:00:00,0.0,0.0,0.0,0.0,16.9,81,15.2,173,1014.0,80,78,46,3,0.0,0.0,43.6591,-70.2568,2021,9,14,22
2021-09-14 23:00:00,0.0,0.0,0.0,0.0,17.2,81,14.4,181,1014.3,100,100,72,80,0.0,0.0,43.6591,-70.2568,2021,9,14,23
2021-09-15 00:00:00,0.0,0.0,0.0,0.0,17.2,85,15.8,181,1014.0,83,38,45,72,0.8,0.0,43.6591,-70.2568,2021,9,15,0
2021-09-15 01:00:00,0.0,0.0,0.0,0.0,17.1,86,15.9,175,1013.2,84,56,9,69,0.1,0.0,43.6591,-70.2568,2021,9,15,1
2021-09-15 02:00:00,0.0,0.0,0.0,0.0,17.2,87,15.5,179,1012.6,66,47,12,52,0.0,0.0,43.6591,-70.2568,2021,9,15,2
2021-09-15 03:00:00,0.0,0.0,0.0,0.0,17.3,89,14.2,187,1012.6,100,100,9,65,0.0,0.0,43.6591,-70.2568,2021,9,15,3
2021-09-15 04:00:00,0.0,0.0,0.0,0.0,17.5,90,14.1,183,1012.0,75,70,30,3,0.0,0.0,43.6591,-70.2568,2021,9,15,4
2021-09-15 05:00:00,0.0,0.0,0.0,0.0,17.6,93,15.6,187,1011.5,100,100,13,28,0.1,0.0,43.6591,-70.2568,2021,9,15,5
2021-09-15 06:00:00,0.0,0.0,0.0,0.0,17.5,96,16.2,197,1011.4,100,58,23,100,1.2,0.0,43.6591,-70.2568,2021,9,15,6
2021-09-15 07:00:00,8.0,0.0,8.0,0.0,17.8,97,15.3,195,1011.5,100,98,2,100,0.0,0.0,43.6591,-70.2568,2021,9,15,7
2021-09-15 08:00:00,44.0,0.0,44.0,0.0,18.6,98,16.2,193,1011.2,100,38,40,98,0.0,0.0,43.6591,-70.2568,2021,9,15,8
2021-09-15 09:00:00,213.0,77.0,136.0,204.5,20.0,93,17.8,188,1011.0,99,99,7,97,0.0,3600.0,43.6591,-70.2568,2021,9,15,9
2021-09-15 10:00:00,271.0,49.0,222.0,92.7,21.3,92,20.4,189,1010.7,100,100,10,9,0.0,980.57,43.6591,-70.2568,2021,9,15,10
2021-09-15 11:00:00,363.0,131.0,232.0,202.5,22.5,89,23.2,192,1010.2,100,100,8,81,0.0,3600.0,43.6591,-70.2568,2021,9,15,11
2021-09-15 12:00:00,321.0,82.0,239.0,113.3,22.6,89,23.4,191,1009.5,100,100,8,90,0.0,1599.82,43.6591,-70.2568,2021,9,15,12
2021-09-15 13:00:00,376.0,150.0,226.0,199.2,23.5,86,19.4,190,1008.7,91,46,24,82,0.0,3600.0,43.6591,-70.2568,2021,9,15,13
2021-09-15 14:00:00,430.0,221.0,209.0,301.3,24.3,84,16.3,188,1008.2,90,20,34,86,0.0,3600.0,43.6591,-70.2568,2021,9,15,14
2021-09-15 15:00:00,442.0,293.0,149.0,439.9,24.5,82,16.6,182,1007.9,98,10,20,98,0.0,3600.0,43.6591,-70.2568,2021,9,15,15
2021-09-15 16:00:00,395.0,218.0,177.0,392.4,24.9,82,16.0,189,1007.9,89,4,13,88,0.0,3600.0,43.6591,-70.2568,2021,9,15,16
2021-09-15 17:00:00,271.0,132.0,139.0,322.5,24.9,84,17.0,197,1008.2,99,9,10,99,0.0,3600.0,43.6591,-70.2568,2021,9,15,17
2021-09-15 18:00:00,85.0,17.0,68.0,71.6,22.9,93,10.5,274,1009.4,99,11,10,99,2.0,348.74,43.6591,-70.2568,2021,9,15,18
2021-09-15 19:00:00,10.0,0.0,10.0,0.0,20.8,100,8.1,212,1010.2,100,5,14,100,1.9,0.0,43.6591,-70.2568,2021,9,15,19
2021-09-15 20:00:00,0.0,0.0,0.0,0.0,20.6,95,5.4,262,1011.0,100,99,25,100,0.0,0.0,43.6591,-70.2568,2021,9,15,20
2021-09-15 21:00:00,0.0,0.0,0.0,0.0,20.6,97,6.0,237,1012.4,100,1,44,100,1.0,0.0,43.6591,-70.2568,2021,9,15,21
2021-09-15 22:00:00,0.0,0.0,0.0,0.0,20.1,97,6.9,227,1012.4,99,0,30,99,0.0,0.0,43.6591,-70.2568,2021,9,15,22
2021-09-15 23:00:00,0.0,0.0,0.0,0.0,19.6,98,9.7,228,1012.5,95,0,22,94,0.0,0.0,43.6591,-70.2568,2021,9,15,23
2021-09-16 00:00:00,0.0,0.0,0.0,0.0,19.2,95,10.4,270,1013.0,100,0,19,100,0.0,0.0,43.6591,-70.2568,2021,9,16,0
2021-09-16 01:00:00,0.0,0.0,0.0,0.0,18.7,95,10.0,291,1013.8,100,0,61,100,0.0,0.0,43.6591,-70.2568,2021,9,16,1
2021-09-16 02:00:00,0.0,0.0,0.0,0.0,18.8,95,7.6,301,1014.5,100,6,100,96,0.0,0.0,43.6591,-70.2568,2021,9,16,2
2021-09-16 03:00:00,0.0,0.0,0.0,0.0,18.7,97,8.3,5,1015.0,100,100,87,100,0.1,0.0,43.6591,-70.2568,2021,9,16,3
2021-09-16 04:00:00,0.0,0.0,0.0,0.0,18.0,94,10.3,12,1015.7,100,100,100,100,0.2,0.0,43.6591,-70.2568,2021,9,16,4
2021-09-16 05:00:00,0.0,0.0,0.0,0.0,17.4,94,10.9,17,1016.3,100,19,99,100,0.2,0.0,43.6591,-70.2568,2021,9,16,5
2021-09-16 06:00:00,0.0,0.0,0.0,0.0,16.8,94,9.3,16,1017.3,100,61,77,100,0.0,0.0,43.6591,-70.2568,2021,9,16,6
2021-09-16 07:00:00,5.0,0.0,5.0,0.0,16.6,94,8.8,19,1018.7,100,4,0,100,0.0,0.0,43.6591,-70.2568,2021,9,16,7
2021-09-16 08:00:00,59.0,1.0,58.0,5.1,17.2,94,9.2,11,1019.9,100,99,4,100,0.0,0.0,43.6591,-70.2568,2021,9,16,8
2021-09-16 09:00:00,151.0,12.0,139.0,32.2,18.2,91,8.7,30,1020.5,100,97,1,100,0.0,0.0,43.6591,-70.2568,2021,9,16,9
2021-09-16 10:00:00,191.0,8.0,183.0,15.2,18.6,82,9.7,48,1021.8,100,100,3,97,0.0,0.0,43.6591,-70.2568,2021,9,16,10
2021-09-16 11:00:00,227.0,8.0,219.0,12.4,18.7,73,10.2,45,1022.1,100,92,1,100,0.0,0.0,43.6591,-70.2568,2021,9,16,11
2021-09-16 12:00:00,333.0,15.0,318.0,20.8,19.2,65,9.2,39,1022.3,71,71,0,0,0.0,0.0,43.6591,-70.2568,2021,9,16,12
2021-09-16 13:00:00,660.0,443.0,217.0,591.8,20.7,57,9.1,56,1022.0,0,0,0,0,0.0,3600.0,43.6591,-70.2568,2021,9,16,13
2021-09-16 14:00:00,726.0,636.0,90.0,872.8,21.0,56,8.7,95,1021.9,0,0,0,0,0.0,3600.0,43.6591,-70.2568,2021,9,16,14
2021-09-16 15:00:00,646.0,559.0,87.0,845.7,20.1,63,11.8,130,1022.0,4,4,0,0,0.0,3600.0,43.6591,-70.2568,2021,9,16,15
2021-09-16 16:00:00,521.0,441.0,80.0,801.6,18.9,69,12.0,139,1022.6,5,5,0,0,0.0,3600.0,43.6591,-70.2568,2021,9,16,16
2021-09-16 17:00:00,353.0,281.0,72.0,696.0,18.1,74,10.0,142,1022.8,4,4,0,0,0.0,3600.0,43.6591,-70.2568,2021,9,16,17
2021-09-16 18:00:00,176.0,124.0,52.0,535.4,16.9,84,6.1,130,1022.9,7,7,0,0,0.0,3600.0,43.6591,-70.2568,2021,9,16,18
2021-09-16 19:00:00,29.0,15.0,14.0,168.7,15.7,91,3.1,69,1023.0,7,7,0,0,0.0,2668.99,43.6591,-70.2568,2021,9,16,19
2021-09-16 20:00:00,0.0,0.0,0.0,0.0,15.5,91,5.7,108,1024.1,6,8,2,0,0.0,0.0,43.6591,-70.2568,2021,9,16,20
2021-09-16 21:00:00,0.0,0.0,0.0,0.0,15.5,92,9.0,119,1024.8,18,17,2,0,0.0,0.0,43.6591,-70.2568,2021,9,16,21
2021-09-16 22:00:00,0.0,0.0,0.0,0.0,15.3,93,8.7,128,1024.8,25,25,0,0,0.0,0.0,43.6591,-70.2568,2021,9,16,22
2021-09-16 23:00:00,0.0,0.0,0.0,0.0,15.3,93,6.8,122,1024.6,25,25,2,0,0.0,0.0,43.6591,-70.2568,2021,9,16,23
2021-09-17 00:00:00,0.0,0.0,0.0,0.0,15.3,94,4.0,95,1024.3,11,11,3,0,0.0,0.0,43.6591,-70.2568,2021,9,17,0
2021-09-17 01:00:00,0.0,0.0,0.0,0.0,14.2,97,4.1,38,1023.7,0,0,0,0,0.0,0.0,43.6591,-70.2568,2021,9,17,1
2021-09-17 02:00:00,0.0,0.0,0.0,0.0,14.5,98,5.0,21,1023.3,0,0,0,0,0.0,0.0,43.6591,-70.2568,2021,9,17,2
2021-09-17 03:00:00,0.0,0.0,0.0,0.0,14.3,98,6.7,36,1023.1,0,0,0,0,0.0,0.0,43.6591,-70.2568,2021,9,17,3
2021-09-17 04:00:00,0.0,0.0,0.0,0.0,14.2,97,7.5,35,1023.5,2,1,1,0,0.0,0.0,43.6591,-70.2568,2021,9,17,4
2021-09-17 05:00:00,0.0,0.0,0.0,0.0,14.0,97,6.4,38,1024.0,1,0,1,0,0.0,0.0,43.6591,-70.2568,2021,9,17,5
2021-09-17 06:00:00,0.0,0.0,0.0,0.0,13.8,96,7.4,29,1024.2,0,0,0,0,0.0,0.0,43.6591,-70.2568,2021,9,17,6
2021-09-17 07:00:00,14.0,6.0,8.0,86.0,13.8,96,8.2,15,1024.7,2,2,0,0,0.0,936.34,43.6591,-70.2568,2021,9,17,7
2021-09-17 08:00:00,138.0,93.0,45.0,479.2,15.4,88,6.2,36,1025.8,8,19,5,0,0.0,3600.0,43.6591,-70.2568,2021,9,17,8
2021-09-17 09:00:00,278.0,197.0,81.0,533.3,16.8,82,5.6,40,1025.6,37,37,2,0,0.0,3600.0,43.6591,-70.2568,2021,9,17,9
2021-09-17 10:00:00,412.0,286.0,126.0,548.7,18.2,77,4.8,42,1025.1,24,23,10,0,0.0,3600.0,43.6591,-70.2568,2021,9,17,10
2021-09-17 11:00:00,545.0,412.0,133.0,644.5,19.6,75,4.7,86,1024.5,25,21,20,0,0.0,3600.0,43.6591,-70.2568,2021,9,17,11
2021-09-17 12:00:00,584.0,445.0,139.0,622.2,19.5,73,10.4,124,1024.3,80,80,9,0,0.0,3600.0,43.6591,-70.2568,2021,9,17,12
2021-09-17 13:00:00,595.0,344.0,251.0,462.3,19.0,71,9.2,111,1023.8,99,99,1,0,0.0,3600.0,43.6591,-70.2568,2021,9,17,13
2021-09-17 14:00:00,496.0,200.0,296.0,276.3,18.7,71,8.4,100,1023.0,100,100,0,0,0.0,3600.0,43.6591,-70.2568,2021,9,17,14
2021-09-17 15:00:00,325.0,68.0,257.0,103.7,18.2,73,7.9,106,1022.4,86,86,1,0,0.0,1310.08,43.6591,-70.2568,2021,9,17,15
2021-09-17 16:00:00,396.0,194.0,202.0,356.1,18.4,72,7.9,114,1022.1,86,86,2,0,0.0,3600.0,43.6591,-70.2568,2021,9,17,16
2021-09-17 17:00:00,211.0,68.0,143.0,170.8,17.4,78,6.8,122,1021.6,81,80,1,0,0.0,3323.81,43.6591,-70.2568,2021,9,17,17
2021-09-17 18:00:00,121.0,44.0,77.0,194.8,16.8,82,6.3,121,1021.0,88,88,0,0,0.0,3600.0,43.6591,-70.2568,2021,9,17,18
2021-09-17 19:00:00,16.0,4.0,12.0,46.5,16.2,88,5.2,78,1020.4,100,100,0,0,0.0,0.0,43.6591,-70.2568,2021,9,17,19
2021-09-17 20:00:00,0.0,0.0,0.0,0.0,15.8,92,4.7,99,1020.3,69,42,52,0,0.0,0.0,43.6591,-70.2568,2021,9,17,20
2021-09-17 21:00:00,0.0,0.0,0.0,0.0,15.5,97,2.5,45,1020.0,98,97,67,0,1.0,0.0,43.6591,-70.2568,2021,9,17,21
2021-09-17 22:00:00,0.0,0.0,0.0,0.0,15.5,100,2.1,59,1019.5,100,100,98,0,0.7,0.0,43.6591,-70.2568,2021,9,17,22
2021-09-17 23:00:00,0.0,0.0,0.0,0.0,15.9,98,3.8,73,1018.9,100,100,96,0,0.1,0.0,43.6591,-70.2568,2021,9,17,23
2021-09-18 00:00:00,0.0,0.0,0.0,0.0,16.1,98,3.0,76,1018.3,100,100,25,0,0.0,0.0,43.6591,-70.2568,2021,9,18,0
2021-09-18 01:00:00,0.0,0.0,0.0,0.0,16.3,98,1.1,342,1017.6,100,100,0,0,0.0,0.0,43.6591,-70.2568,2021,9,18,1
2021-09-18 02:00:00,0.0,0.0,0.0,0.0,16.3,99,2.5,352,1016.6,100,100,0,4,0.0,0.0,43.6591,-70.2568,2021,9,18,2
2021-09-18 03:00:00,0.0,0.0,0.0,0.0,16.3,100,1.8,360,1016.1,100,100,0,12,0.0,0.0,43.6591,-70.2568,2021,9,18,3
2021-09-18 04:00:00,0.0,0.0,0.0,0.0,16.4,100,2.1,329,1015.7,100,100,0,0,0.0,0.0,43.6591,-70.2568,2021,9,18,4
2021-09-18 05:00:00,0.0,0.0,0.0,0.0,16.5,100,5.6,320,1015.7,100,100,0,0,0.0,0.0,43.6591,-70.2568,2021,9,18,5
2021-09-18 06:00:00,0.0,0.0,0.0,0.0,16.9,98,2.5,352,1015.5,100,100,0,0,0.0,0.0,43.6591,-70.2568,2021,9,18,6
2021-09-18 07:00:00,6.0,0.0,6.0,0.0,17.0,99,3.1,54,1015.2,100,100,0,0,0.0,0.0,43.6591,-70.2568,2021,9,18,7
2021-09-18 08:00:00,62.0,7.0,55.0,36.7,17.2,98,2.5,135,1015.6,100,100,1,0,0.0,0.0,43.6591,-70.2568,2021,9,18,8
2021-09-18 09:00:00,125.0,20.0,105.0,54.7,17.9,95,6.2,159,1015.5,100,100,1,0,0.0,0.0,43.6591,-70.2568,2021,9,18,9
2021-09-18 10:00:00,198.0,58.0,140.0,112.1,18.6,92,5.6,165,1015.1,100,100,9,0,0.0,1562.3,43.6591,-70.2568,2021,9,18,10
2021-09-18 11:00:00,324.0,77.0,247.0,121.2,20.1,89,4.7,266,1015.0,97,97,3,0,0.0,1836.34,43.6591,-70.2568,2021,9,18,11
2021-09-18 12:00:00,482.0,192.0,290.0,270.0,21.9,82,3.7,241,1014.1,96,95,5,0,0.0,3600.0,43.6591,-70.2568,2021,9,18,12
2021-09-18 13:00:00,498.0,211.0,287.0,285.3,22.9,78,2.9,187,1013.2,70,69,4,0,0.0,3600.0,43.6591,-70.2568,2021,9,18,13
2021-09-18 14:00:00,607.0,394.0,213.0,547.9,23.6,76,3.6,135,1012.1,65,62,11,0,0.0,3600.0,43.6591,-70.2568,2021,9,18,14
2021-09-18 15:00:00,458.0,262.0,196.0,402.6,22.9,84,5.3,118,1011.3,46,40,20,0,0.0,3600.0,43.6591,-70.2568,2021,9,18,15
2021-09-18 16:00:00,369.0,176.0,193.0,326.3,22.4,88,5.6,135,1011.0,27,8,23,0,0.0,3600.0,43.6591,-70.2568,2021,9,18,16
2021-09-18 17:00:00,277.0,199.0,78.0,506.9,21.7,92,4.8,138,1010.7,48,9,19,35,0.0,3600.0,43.6591,-70.2568,2021,9,18,17
2021-09-18 18:00:00,129.0,68.0,61.0,308.9,20.6,96,5.0,159,1010.8,71,12,30,58,0.0,3600.0,43.6591,-70.2568,2021,9,18,18
2021-09-18 19:00:00,16.0,5.0,11.0,60.2,19.1,99,3.0,166,1011.1,85,16,26,81,0.0,364.4,43.6591,-70.2568,2021,9,18,19
2021-09-18 20:00:00,0.0,0.0,0.0,0.0,19.0,100,6.3,336,1012.0,93,0,67,96,0.4,0.0,43.6591,-70.2568,2021,9,18,20
2021-09-18 21:00:00,0.0,0.0,0.0,0.0,19.3,97,13.1,344,1012.8,100,99,26,92,1.2,0.0,43.6591,-70.2568,2021,9,18,21
2021-09-18 22:00:00,0.0,0.0,0.0,0.0,18.8,97,12.2,336,1012.8,98,19,18,97,1.5,0.0,43.6591,-70.2568,2021,9,18,22
2021-09-18 23:00:00,0.0,0.0,0.0,0.0,18.6,95,14.3,342,1012.6,39,16,20,17,0.0,0.0,43.6591,-70.2568,2021,9,18,23
2021-09-19 00:00:00,0.0,0.0,0.0,0.0,18.1,94,15.1,348,1013.1,49,17,21,35,0.0,0.0,43.6591,-70.2568,2021,9,19,0
2021-09-19 01:00:00,0.0,0.0,0.0,0.0,16.9,94,14.8,356,1013.4,86,86,4,0,0.0,0.0,43.6591,-70.2568,2021,9,19,1
2021-09-19 02:00:00,0.0,0.0,0.0,0.0,16.4,92,13.7,355,1013.5,89,89,0,0,0.0,0.0,43.6591,-70.2568,2021,9,19,2
2021-09-19 03:00:00,0.0,0.0,0.0,0.0,15.8,90,15.5,356,1013.6,30,30,0,0,0.0,0.0,43.6591,-70.2568,2021,9,19,3
2021-09-19 04:00:00,0.0,0.0,0.0,0.0,14.8,88,15.3,352,1013.8,9,9,0,0,0.0,0.0,43.6591,-70.2568,2021,9,19,4
2021-09-19 05:00:00,0.0,0.0,0.0,0.0,13.9,88,15.2,353,1014.4,4,4,0,0,0.0,0.0,43.6591,-70.2568,2021,9,19,5
2021-09-19 06:00:00,0.0,0.0,0.0,0.0,13.3,86,15.9,356,1015.4,0,0,0,0,0.0,0.0,43.6591,-70.2568,2021,9,19,6
2021-09-19 07:00:00,12.0,6.0,6.0,90.6,13.1,85,14.8,357,1016.2,0,0,0,0,0.0,1003.35,43.6591,-70.2568,2021,9,19,7
2021-09-19 08:00:00,140.0,98.0,42.0,524.1,14.0,80,13.0,354,1017.2,0,0,0,0,0.0,3600.0,43.6591,-70.2568,2021,9,19,8
2021-09-19 09:00:00,322.0,258.0,64.0,712.4,15.6,70,14.8,356,1017.5,0,0,0,0,0.0,3600.0,43.6591,-70.2568,2021,9,19,9
2021-09-19 10:00:00,492.0,417.0,75.0,811.7,17.1,61,14.4,1,1017.8,0,0,0,0,0.0,3600.0,43.6591,-70.2568,2021,9,19,10
2021-09-19 11:00:00,629.0,547.0,82.0,866.5,18.5,54,13.7,2,1017.8,0,0,0,0,0.0,3600.0,43.6591,-70.2568,2021,9,19,11
2021-09-19 12:00:00,718.0,632.0,86.0,894.2,19.6,49,15.5,360,1017.6,0,0,0,0,0.0,3600.0,43.6591,-70.2568,2021,9,19,12
2021-09-19 13:00:00,752.0,665.0,87.0,904.7,20.4,46,15.5,359,1017.4,0,0,0,0,0.0,3600.0,43.6591,-70.2568,2021,9,19,13
2021-09-19 14:00:00,726.0,641.0,85.0,897.4,20.8,45,14.0,359,1016.9,0,0,0,0,0.0,3600.0,43.6591,-70.2568,2021,9,19,14
2021-09-19 15:00:00,645.0,563.0,82.0,871.9,21.1,46,10.8,360,1016.5,0,0,0,0,0.0,3600.0,43.6591,-70.2568,2021,9,19,15
2021-09-19 16:00:00,514.0,438.0,76.0,820.1,21.0,49,8.0,10,1016.3,0,0,0,0,0.0,3600.0,43.6591,-70.2568,2021,9,19,16
2021-09-19 17:00:00,346.0,281.0,65.0,726.2,20.3,65,4.3,66,1016.5,0,0,0,0,0.0,3600.0,43.6591,-70.2568,2021,9,19,17
2021-09-19 18:00:00,165.0,118.0,47.0,550.4,18.8,74,5.8,97,1016.9,0,0,0,0,0.0,3600.0,43.6591,-70.2568,2021,9,19,18
2021-09-19 19:00:00,23.0,12.0,11.0,149.6,16.3,80,6.5,93,1017.6,0,0,0,0,0.0,2335.64,43.6591,-70.2568,2021,9,19,19
2021-09-19 20:00:00,0.0,0.0,0.0,0.0,17.3,71,4.7,81,1018.9,0,0,0,0,0.0,0.0,43.6591,-70.2568,2021,9,19,20
2021-09-19 21:00:00,0.0,0.0,0.0,0.0,14.1,88,2.5,278,1019.7,0,0,0,0,0.0,0.0,43.6591,-70.2568,2021,9,19,21
2021-09-19 22:00:00,0.0,0.0,0.0,0.0,14.0,92,5.0,291,1020.3,2,2,0,0,0.0,0.0,43.6591,-70.2568,2021,9,19,22
2021-09-19 23:00:00,0.0,0.0,0.0,0.0,13.3,95,4.6,309,1020.9,3,3,0,0,0.0,0.0,43.6591,-70.2568,2021,9,19,23
2021-09-20 00:00:00,0.0,0.0,0.0,0.0,13.5,91,5.3,332,1021.3,2,2,0,0,0.0,0.0,43.6591,-70.2568,2021,9,20,0
2021-09-20 01:00:00,0.0,0.0,0.0,0.0,13.6,87,5.6,345,1021.3,0,0,0,0,0.0,0.0,43.6591,-70.2568,2021,9,20,1
2021-09-20 02:00:00,0.0,0.0,0.0,0.0,13.5,85,5.8,353,1021.6,0,0,0,0,0.0,0.0,43.6591,-70.2568,2021,9,20,2
2021-09-20 03:00:00,0.0,0.0,0.0,0.0,13.2,86,5.4,4,1021.8,0,0,0,0,0.0,0.0,43.6591,-70.2568,2021,9,20,3
2021-09-20 04:00:00,0.0,0.0,0.0,0.0,12.9,89,5.7,18,1021.9,1,0,0,1,0.0,0.0,43.6591,-70.2568,2021,9,20,4
2021-09-20 05:00:00,0.0,0.0,0.0,0.0,12.6,91,7.0,12,1022.2,0,0,0,0,0.0,0.0,43.6591,-70.2568,2021,9,20,5
2021-09-20 06:00:00,0.0,0.0,0.0,0.0,12.3,90,8.6,15,1022.6,2,0,0,2,0.0,0.0,43.6591,-70.2568,2021,9,20,6
2021-09-20 07:00:00,11.0,5.0,6.0,77.6,12.2,91,10.0,21,1023.4,0,0,0,0,0.0,719.87,43.6591,-70.2568,2021,9,20,7
2021-09-20 08:00:00,135.0,93.0,42.0,507.1,13.2,86,5.9,14,1024.9,0,0,0,0,0.0,3600.0,43.6591,-70.2568,2021,9,20,8
2021-09-20 09:00:00,312.0,250.0,62.0,697.3,15.3,77,3.4,32,1025.5,0,0,0,0,0.0,3600.0,43.6591,-70.2568,2021,9,20,9
2021-09-20 10:00:00,480.0,405.0,75.0,794.3,17.0,68,3.2,90,1025.9,0,0,0,0,0.0,3600.0,43.6591,-70.2568,2021,9,20,10
2021-09-20 11:00:00,614.0,532.0,82.0,848.2,18.1,64,6.3,121,1026.0,0,0,0,0,0.0,3600.0,43.6591,-70.2568,2021,9,20,11
2021-09-20 12:00:00,701.0,615.0,86.0,875.5,18.3,65,9.7,129,1025.8,0,0,0,0,0.0,3600.0,43.6591,-70.2568,2021,9,20,12
2021-09-20 13:00:00,733.0,645.0,88.0,883.0,18.4,67,10.7,132,1025.7,0,0,0,0,0.0,3600.0,43.6591,-70.2568,2021,9,20,13
2021-09-20 14:00:00,703.0,613.0,90.0,864.1,18.5,68,10.9,136,1025.4,1,1,0,0,0.0,3600.0,43.6591,-70.2568,2021,9,20,14
2021-09-20 15:00:00,628.0,544.0,84.0,849.3,18.3,69,11.5,139,1025.4,0,0,0,0,0.0,3600.0,43.6591,-70.2568,2021,9,20,15
2021-09-20 16:00:00,498.0,419.0,79.0,792.6,18.0,71,11.5,148,1025.2,0,0,0,0,0.0,3600.0,43.6591,-70.2568,2021,9,20,16
2021-09-20 17:00:00,338.0,273.0,65.0,715.9,17.4,75,11.0,157,1025.0,0,0,0,0,0.0,3600.0,43.6591,-70.2568,2021,9,20,17
2021-09-20 18:00:00,158.0,112.0,46.0,536.8,16.4,82,9.3,167,1025.2,0,0,0,0,0.0,3600.0,43.6591,-70.2568,2021,9,20,18
2021-09-20 19:00:00,20.0,11.0,9.0,142.3,15.2,87,10.5,176,1025.5,0,0,0,0,0.0,2225.17,43.6591,-70.2568,2021,9,20,19
2021-09-20 20:00:00,0.0,0.0,0.0,0.0,15.1,90,11.1,167,1026.4,0,0,0,0,0.0,0.0,43.6591,-70.2568,2021,9,20,20
2021-09-20 21:00:00,0.0,0.0,0.0,0.0,14.8,92,10.4,166,1026.7,0,0,0,0,0.0,0.0,43.6591,-70.2568,2021,9,20,21
2021-09-20 22:00:00,0.0,0.0,0.0,0.0,14.8,93,10.1,174,1026.5,0,0,0,0,0.0,0.0,43.6591,-70.2568,2021,9,20,22
2021-09-20 23:00:00,0.0,0.0,0.0,0.0,14.7,94,10.4,180,1026.6,1,1,0,0,0.0,0.0,43.6591,-70.2568,2021,9,20,23
2021-09-21 00:00:00,0.0,0.0,0.0,0.0,14.6,94,10.5,184,1026.8,1,1,0,0,0.0,0.0,43.6591,-70.2568,2021,9,21,0
2021-09-21 01:00:00,0.0,0.0,0.0,0.0,14.5,93,10.6,190,1026.7,0,0,0,0,0.0,0.0,43.6591,-70.2568,2021,9,21,1
2021-09-21 02:00:00,0.0,0.0,0.0,0.0,14.3,92,10.1,186,1026.6,3,3,0,0,0.0,0.0,43.6591,-70.2568,2021,9,21,2
2021-09-21 03:00:00,0.0,0.0,0.0,0.0,14.3,90,10.7,192,1026.5,7,7,0,0,0.0,0.0,43.6591,-70.2568,2021,9,21,3
2021-09-21 04:00:00,0.0,0.0,0.0,0.0,14.2,89,8.6,195,1026.3,3,3,0,0,0.0,0.0,43.6591,-70.2568,2021,9,21,4
2021-09-21 05:00:00,0.0,0.0,0.0,0.0,14.0,90,7.6,211,1026.2,0,0,0,0,0.0,0.0,43.6591,-70.2568,2021,9,21,5
2021-09-21 06:00:00,0.0,0.0,0.0,0.0,13.2,92,5.2,245,1026.2,8,8,0,0,0.0,0.0,43.6591,-70.2568,2021,9,21,6
2021-09-21 07:00:00,10.0,4.0,6.0,63.9,12.6,95,3.3,276,1026.4,13,13,0,0,0.0,436.58,43.6591,-70.2568,2021,9,21,7
2021-09-21 08:00:00,124.0,78.0,46.0,433.8,14.5,91,1.8,270,1027.0,15,45,0,0,0.0,3600.0,43.6591,-70.2568,2021,9,21,8
2021-09-21 09:00:00,268.0,180.0,88.0,507.3,16.5,83,4.6,198,1027.2,38,38,0,0,0.0,3600.0,43.6591,-70.2568,2021,9,21,9
2021-09-21 10:00:00,404.0,282.0,122.0,557.2,17.7,69,10.5,186,1027.4,84,84,0,0,0.0,3600.0,43.6591,-70.2568,2021,9,21,10
2021-09-21 11:00:00,459.0,249.0,210.0,399.6,18.4,66,11.9,180,1027.1,86,86,0,0,0.0,3600.0,43.6591,-70.2568,2021,9,21,11
2021-09-21 12:00:00,468.0,203.0,265.0,290.8,18.8,67,12.8,170,1026.8,72,72,0,0,0.0,3600.0,43.6591,-70.2568,2021,9,21,12
2021-09-21 13:00:00,545.0,274.0,271.0,377.5,19.4,67,13.6,168,1026.3,100,100,0,0,0.0,3600.0,43.6591,-70.2568,2021,9,21,13
2021-09-21 14:00:00,506.0,222.0,284.0,315.1,19.5,71,13.9,155,1025.8,94,94,0,0,0.0,3600.0,43.6591,-70.2568,2021,9,21,14
2021-09-21 15:00:00,426.0,178.0,248.0,280.2,19.0,79,13.2,145,1025.2,95,95,0,0,0.0,3600.0,43.6591,-70.2568,2021,9,21,15
2021-09-21 16:00:00,322.0,129.0,193.0,246.5,18.7,81,13.4,153,1024.6,68,68,0,0,0.0,3600.0,43.6591,-70.2568,2021,9,21,16
2021-09-21 17:00:00,261.0,147.0,114.0,391.2,18.4,85,10.2,148,1024.3,100,100,0,0,0.0,3600.0,43.6591,-70.2568,2021,9,21,17
2021-09-21 18:00:00,87.0,26.0,61.0,128.1,17.8,91,7.3,147,1024.2,100,100,0,0,0.0,2043.79,43.6591,-70.2568,2021,9,21,18
2021-09-21 19:00:00,11.0,2.0,9.0,26.9,17.1,94,8.6,165,1023.9,94,94,0,0,0.0,0.0,43.6591,-70.2568,2021,9,21,19
2021-09-21 20:00:00,0.0,0.0,0.0,0.0,17.1,96,11.2,165,1024.2,97,100,0,24,0.0,0.0,43.6591,-70.2568,2021,9,21,20
2021-09-21 21:00:00,0.0,0.0,0.0,0.0,17.4,93,10.5,176,1024.2,95,94,0,23,0.0,0.0,43.6591,-70.2568,2021,9,21,21
2021-09-21 22:00:00,0.0,0.0,0.0,0.0,17.4,94,10.1,180,1023.9,77,53,0,51,0.0,0.0,43.6591,-70.2568,2021,9,21,22
2021-09-21 23:00:00,0.0,0.0,0.0,0.0,17.1,96,10.8,184,1023.6,90,10,0,89,0.0,0.0,43.6591,-70.2568,2021,9,21,23
2021-09-22 00:00:00,0.0,0.0,0.0,0.0,16.6,97,10.5,188,1023.2,90,4,0,90,0.0,0.0,43.6591,-70.2568,2021,9,22,0
2021-09-22 01:00:00,0.0,0.0,0.0,0.0,16.5,97,9.7,195,1022.6,56,9,1,52,0.0,0.0,43.6591,-70.2568,2021,9,22,1
2021-09-22 02:00:00,0.0,0.0,0.0,0.0,16.4,97,9.1,198,1022.1,92,27,2,89,0.0,0.0,43.6591,-70.2568,2021,9,22,2
2021-09-22 03:00:00,0.0,0.0,0.0,0.0,16.9,96,9.5,191,1021.4,100,100,4,92,0.0,0.0,43.6591,-70.2568,2021,9,22,3
2021-09-22 04:00:00,0.0,0.0,0.0,0.0,17.6,94,10.1,186,1020.7,100,100,6,96,0.0,0.0,43.6591,-70.2568,2021,9,22,4
2021-09-22 05:00:00,0.0,0.0,0.0,0.0,17.8,93,10.8,182,1020.5,100,100,2,86,0.0,0.0,43.6591,-70.2568,2021,9,22,5
2021-09-22 06:00:00,0.0,0.0,0.0,0.0,17.9,94,10.5,186,1020.4,100,100,6,92,0.0,0.0,43.6591,-70.2568,2021,9,22,6
2021-09-22 07:00:00,5.0,0.0,5.0,0.0,18.1,94,11.2,184,1020.2,98,62,6,96,0.0,0.0,43.6591,-70.2568,2021,9,22,7
2021-09-22 08:00:00,83.0,29.0,54.0,164.6,18.8,94,10.4,180,1020.2,95,9,82,92,0.0,3137.46,43.6591,-70.2568,2021,9,22,8
2021-09-22 09:00:00,185.0,68.0,117.0,193.7,19.7,90,15.6,187,1020.3,91,48,9,81,0.0,3600.0,43.6591,-70.2568,2021,9,22,9
2021-09-22 10:00:00,362.0,208.0,154.0,414.2,20.7,85,17.4,187,1020.3,60,57,8,30,0.0,3600.0,43.6591,-70.2568,2021,9,22,10
2021-09-22 11:00:00,443.0,273.0,170.0,441.0,21.4,80,16.6,180,1019.9,52,13,7,45,0.0,3600.0,43.6591,-70.2568,2021,9,22,11
2021-09-22 12:00:00,581.0,423.0,158.0,609.7,21.9,77,15.8,180,1019.6,93,21,9,91,0.0,3600.0,43.6591,-70.2568,2021,9,22,12
2021-09-22 13:00:00,627.0,488.0,139.0,676.6,22.2,75,16.2,176,1019.2,100,15,100,92,0.0,3600.0,43.6591,-70.2568,2021,9,22,13
2021-09-22 14:00:00,297.0,47.0,250.0,67.2,20.8,81,14.7,169,1018.4,100,87,100,67,0.0,215.54,43.6591,-70.2568,2021,9,22,14
2021-09-22 15:00:00,181.0,24.0,157.0,38.1,20.1,84,14.5,166,1017.8,100,75,100,50,0.0,0.0,43.6591,-70.2568,2021,9,22,15
2021-09-22 16:00:00,194.0,18.0,176.0,34.8,20.2,85,14.6,171,1017.2,100,100,96,80,0.0,0.0,43.6591,-70.2568,2021,9,22,16
2021-09-22 17:00:00,156.0,33.0,123.0,89.2,20.1,87,13.6,169,1016.6,100,100,99,96,0.0,874.51,43.6591,-70.2568,2021,9,22,17
2021-09-22 18:00:00,52.0,7.0,45.0,35.5,19.4,90,14.1,161,1016.3,100,4,99,98,0.0,0.0,43.6591,-70.2568,2021,9,22,18
2021-09-22 19:00:00,7.0,0.0,7.0,0.0,19.2,91,14.5,166,1016.4,95,3,34,93,0.0,0.0,43.6591,-70.2568,2021,9,22,19
2021-09-22 20:00:00,0.0,0.0,0.0,0.0,19.1,96,15.2,173,1016.5,81,39,85,95,0.0,0.0,43.6591,-70.2568,2021,9,22,20
2021-09-22 21:00:00,0.0,0.0,0.0,0.0,19.2,96,15.5,175,1016.8,95,90,37,87,0.2,0.0,43.6591,-70.2568,2021,9,22,21
2021-09-22 22:00:00,0.0,0.0,0.0,0.0,19.0,97,14.4,177,1016.9,49,17,12,43,0.0,0.0,43.6591,-70.2568,2021,9,22,22
2021-09-22 23:00:00,0.0,0.0,0.0,0.0,18.8,97,13.3,180,1016.9,74,18,0,71,0.0,0.0,43.6591,-70.2568,2021,9,22,23
2021-09-23 00:00:00,0.0,0.0,0.0,0.0,18.7,98,13.3,180,1016.9,79,20,0,75,0.0,0.0,43.6591,-70.2568,2021,9,23,0
2021-09-23 01:00:00,0.0,0.0,0.0,0.0,18.6,98,13.7,182,1016.6,76,13,0,73,0.0,0.0,43.6591,-70.2568,2021,9,23,1
2021-09-23 02:00:00,0.0,0.0,0.0,0.0,18.5,96,14.0,181,1016.6,53,27,0,42,0.0,0.0,43.6591,-70.2568,2021,9,23,2
2021-09-23 03:00:00,0.0,0.0,0.0,0.0,18.4,95,14.4,179,1016.3,87,81,0,35,0.1,0.0,43.6591,-70.2568,2021,9,23,3
2021-09-23 04:00:00,0.0,0.0,0.0,0.0,18.5,95,13.3,182,1015.9,81,68,0,42,0.0,0.0,43.6591,-70.2568,2021,9,23,4
2021-09-23 05:00:00,0.0,0.0,0.0,0.0,18.5,95,13.3,183,1015.7,100,100,0,24,0.0,0.0,43.6591,-70.2568,2021,9,23,5
2021-09-23 06:00:00,0.0,0.0,0.0,0.0,18.7,94,13.0,185,1015.9,86,72,0,52,0.0,0.0,43.6591,-70.2568,2021,9,23,6
2021-09-23 07:00:00,5.0,1.0,4.0,16.9,18.8,93,12.6,185,1016.1,53,18,0,43,0.0,0.0,43.6591,-70.2568,2021,9,23,7
2021-09-23 08:00:00,115.0,70.0,45.0,405.6,19.2,95,11.2,174,1016.5,54,12,0,26,0.0,3600.0,43.6591,-70.2568,2021,9,23,8
2021-09-23 09:00:00,261.0,181.0,80.0,521.0,20.3,91,14.0,168,1016.6,47,35,1,19,0.0,3600.0,43.6591,-70.2568,2021,9,23,9
2021-09-23 10:00:00,348.0,216.0,132.0,433.5,21.0,86,13.0,161,1016.9,38,30,24,8,0.1,3600.0,43.6591,-70.2568,2021,9,23,10
2021-09-23 11:00:00,460.0,330.0,130.0,536.6,21.5,82,14.5,157,1017.0,25,25,2,0,0.0,3600.0,43.6591,-70.2568,2021,9,23,11
2021-09-23 12:00:00,555.0,430.0,125.0,623.7,22.1,79,15.6,154,1016.9,26,26,4,0,0.0,3600.0,43.6591,-70.2568,2021,9,23,12
2021-09-23 13:00:00,589.0,460.0,129.0,641.9,22.1,78,16.3,149,1016.8,18,18,10,0,0.0,3600.0,43.6591,-70.2568,2021,9,23,13
2021-09-23 14:00:00,615.0,495.0,120.0,712.6,22.1,78,16.8,149,1016.5,20,20,2,0,0.0,3600.0,43.6591,-70.2568,2021,9,23,14
2021-09-23 15:00:00,531.0,421.0,110.0,673.6,21.9,80,15.8,150,1016.2,15,12,6,0,0.0,3600.0,43.6591,-70.2568,2021,9,23,15
2021-09-23 16:00:00,443.0,350.0,93.0,683.0,21.6,82,15.3,150,1015.9,12,0,12,0,0.0,3600.0,43.6591,-70.2568,2021,9,23,16
2021-09-23 17:00:00,295.0,221.0,74.0,606.2,20.9,86,14.0,151,1015.8,7,0,7,0,0.0,3600.0,43.6591,-70.2568,2021,9,23,17
2021-09-23 18:00:00,132.0,88.0,44.0,459.4,19.7,92,13.2,145,1015.8,6,0,6,0,0.0,3600.0,43.6591,-70.2568,2021,9,23,18
2021-09-23 19:00:00,13.0,6.0,7.0,87.4,18.8,96,13.8,141,1015.9,14,1,14,0,0.0,956.9,43.6591,-70.2568,2021,9,23,19
2021-09-23 20:00:00,0.0,0.0,0.0,0.0,19.4,94,13.5,136,1016.9,29,7,51,0,0.0,0.0,43.6591,-70.2568,2021,9,23,20
2021-09-23 21:00:00,0.0,0.0,0.0,0.0,19.0,95,13.5,136,1017.2,61,26,56,0,0.1,0.0,43.6591,-70.2568,2021,9,23,21
2021-09-23 22:00:00,0.0,0.0,0.0,0.0,18.9,96,14.5,134,1017.1,26,21,20,0,0.1,0.0,43.6591,-70.2568,2021,9,23,22
2021-09-23 23:00:00,0.0,0.0,0.0,0.0,18.9,96,16.0,136,1016.7,36,14,32,0,0.0,0.0,43.6591,-70.2568,2021,9,23,23
2021-09-24 00:00:00,0.0,0.0,0.0,0.0,19.0,95,18.4,141,1016.2,52,18,49,0,0.0,0.0,43.6591,-70.2568,2021,9,24,0
2021-09-24 01:00:00,0.0,0.0,0.0,0.0,19.2,94,19.7,145,1015.9,57,17,54,0,0.0,0.0,43.6591,-70.2568,2021,9,24,1
2021-09-24 02:00:00,0.0,0.0,0.0,0.0,19.3,94,19.2,152,1015.7,31,27,21,0,0.0,0.0,43.6591,-70.2568,2021,9,24,2
2021-09-24 03:00:00,0.0,0.0,0.0,0.0,19.1,95,17.9,152,1015.5,33,30,16,0,0.0,0.0,43.6591,-70.2568,2021,9,24,3
2021-09-24 04:00:00,0.0,0.0,0.0,0.0,19.1,96,18.6,148,1015.0,29,28,8,0,0.0,0.0,43.6591,-70.2568,2021,9,24,4
2021-09-24 05:00:00,0.0,0.0,0.0,0.0,19.1,96,19.7,156,1014.7,90,84,63,0,0.4,0.0,43.6591,-70.2568,2021,9,24,5
2021-09-24 06:00:00,0.0,0.0,0.0,0.0,19.5,96,21.2,159,1014.4,32,25,17,2,0.1,0.0,43.6591,-70.2568,2021,9,24,6
2021-09-24 07:00:00,6.0,2.0,4.0,34.9,19.5,96,20.2,161,1014.7,93,92,2,0,0.1,0.0,43.6591,-70.2568,2021,9,24,7
2021-09-24 08:00:00,60.0,13.0,47.0,76.9,19.9,96,18.9,156,1014.6,100,16,19,8,0.0,508.4,43.6591,-70.2568,2021,9,24,8
2021-09-24 09:00:00,231.0,150.0,81.0,436.5,20.9,92,19.7,152,1014.4,100,11,53,100,0.0,3600.0,43.6591,-70.2568,2021,9,24,9
2021-09-24 10:00:00,265.0,133.0,132.0,269.0,21.2,89,20.0,154,1014.7,97,23,56,93,0.1,3600.0,43.6591,-70.2568,2021,9,24,10
2021-09-24 11:00:00,361.0,157.0,204.0,257.0,21.0,94,20.4,159,1014.7,99,46,59,99,1.1,3600.0,43.6591,-70.2568,2021,9,24,11
2021-09-24 12:00:00,310.0,66.0,244.0,96.3,20.8,96,19.5,161,1014.4,100,97,52,100,1.0,1090.37,43.6591,-70.2568,2021,9,24,12
2021-09-24 13:00:00,171.0,15.0,156.0,21.1,20.4,95,22.5,160,1013.8,100,100,53,100,0.5,0.0,43.6591,-70.2568,2021,9,24,13
2021-09-24 14:00:00,161.0,1.0,160.0,1.4,20.3,96,23.9,164,1013.6,100,96,26,100,2.6,0.0,43.6591,-70.2568,2021,9,24,14
2021-09-24 15:00:00,130.0,1.0,129.0,1.6,20.2,95,23.0,160,1012.8,100,71,59,100,1.0,0.0,43.6591,-70.2568,2021,9,24,15
2021-09-24 16:00:00,152.0,9.0,143.0,17.8,20.2,96,23.9,168,1012.6,100,100,45,99,1.0,0.0,43.6591,-70.2568,2021,9,24,16
2021-09-24 17:00:00,44.0,0.0,44.0,0.0,19.5,100,20.7,172,1012.2,100,100,27,99,1.6,0.0,43.6591,-70.2568,2021,9,24,17
2021-09-24 18:00:00,19.0,0.0,19.0,0.0,19.3,99,20.1,170,1012.1,100,100,37,100,2.3,0.0,43.6591,-70.2568,2021,9,24,18
2021-09-24 19:00:00,2.0,0.0,2.0,0.0,19.3,99,19.2,175,1012.2,100,100,34,98,0.3,0.0,43.6591,-70.2568,2021,9,24,19
2021-09-24 20:00:00,0.0,0.0,0.0,0.0,19.1,100,15.6,195,1013.2,100,100,40,94,0.2,0.0,43.6591,-70.2568,2021,9,24,20
2021-09-24 21:00:00,0.0,0.0,0.0,0.0,19.2,100,12.9,198,1013.6,100,100,51,96,1.2,0.0,43.6591,-70.2568,2021,9,24,21
2021-09-24 22:00:00,0.0,0.0,0.0,0.0,19.3,100,8.7,204,1013.7,100,97,67,96,0.6,0.0,43.6591,-70.2568,2021,9,24,22
2021-09-24 23:00:00,0.0,0.0,0.0,0.0,19.2,100,6.9,174,1013.5,99,93,42,96,0.0,0.0,43.6591,-70.2568,2021,9,24,23
2021-09-25 00:00:00,0.0,0.0,0.0,0.0,19.1,100,7.0,168,1013.4,99,74,54,97,0.0,0.0,43.6591,-70.2568,2021,9,25,0
2021-09-25 01:00:00,0.0,0.0,0.0,0.0,18.7,100,5.1,219,1013.5,98,79,44,94,0.0,0.0,43.6591,-70.2568,2021,9,25,1
2021-09-25 02:00:00,0.0,0.0,0.0,0.0,18.0,100,5.4,270,1013.3,99,96,49,66,0.9,0.0,43.6591,-70.2568,2021,9,25,2
2021-09-25 03:00:00,0.0,0.0,0.0,0.0,18.0,98,6.6,279,1013.4,100,100,46,1,0.1,0.0,43.6591,-70.2568,2021,9,25,3
2021-09-25 04:00:00,0.0,0.0,0.0,0.0,17.7,98,7.1,294,1013.4,99,99,31,14,0.0,0.0,43.6591,-70.2568,2021,9,25,4
2021-09-25 05:00:00,0.0,0.0,0.0,0.0,17.5,99,7.4,317,1013.3,97,97,19,0,0.0,0.0,43.6591,-70.2568,2021,9,25,5
2021-09-25 06:00:00,0.0,0.0,0.0,0.0,17.4,98,8.1,339,1013.4,23,18,15,0,0.0,0.0,43.6591,-70.2568,2021,9,25,6
2021-09-25 07:00:00,6.0,2.0,4.0,36.1,16.7,97,9.1,351,1013.6,21,19,16,0,0.0,0.0,43.6591,-70.2568,2021,9,25,7
2021-09-25 08:00:00,99.0,58.0,41.0,350.9,16.4,94,9.8,352,1014.2,26,71,31,0,0.0,3600.0,43.6591,-70.2568,2021,9,25,8
2021-09-25 09:00:00,168.0,66.0,102.0,194.2,17.7,91,9.4,358,1014.4,100,100,84,0,0.0,3600.0,43.6591,-70.2568,2021,9,25,9
2021-09-25 10:00:00,158.0,19.0,139.0,38.7,18.5,90,9.8,28,1014.4,100,100,100,0,0.0,0.0,43.6591,-70.2568,2021,9,25,10
2021-09-25 11:00:00,254.0,42.0,212.0,69.2,19.5,87,7.9,51,1014.2,96,62,94,0,0.1,276.97,43.6591,-70.2568,2021,9,25,11
2021-09-25 12:00:00,294.0,69.0,225.0,101.4,20.1,82,6.2,100,1013.7,86,81,50,2,0.0,1241.39,43.6591,-70.2568,2021,9,25,12
2021-09-25 13:00:00,432.0,239.0,193.0,337.9,20.7,79,5.5,113,1013.1,54,44,33,0,0.0,3600.0,43.6591,-70.2568,2021,9,25,13
2021-09-25 14:00:00,528.0,380.0,148.0,554.9,21.1,75,9.2,116,1012.3,61,48,47,0,0.0,3600.0,43.6591,-70.2568,2021,9,25,14
2021-09-25 15:00:00,439.0,253.0,186.0,411.6,20.3,76,10.3,119,1011.8,49,17,47,0,0.0,3600.0,43.6591,-70.2568,2021,9,25,15
2021-09-25 16:00:00,370.0,232.0,138.0,462.5,19.4,77,10.6,118,1011.7,27,13,23,0,0.0,3600.0,43.6591,-70.2568,2021,9,25,16
2021-09-25 17:00:00,250.0,175.0,75.0,495.1,18.7,84,8.8,125,1011.1,44,32,34,9,0.0,3600.0,43.6591,-70.2568,2021,9,25,17
2021-09-25 18:00:00,97.0,53.0,44.0,294.0,17.7,92,7.2,127,1010.7,62,6,61,1,0.3,3600.0,43.6591,-70.2568,2021,9,25,18
2021-09-25 19:00:00,7.0,2.0,5.0,31.8,16.9,97,6.9,133,1010.3,64,7,63,0,0.2,0.0,43.6591,-70.2568,2021,9,25,19
2021-09-25 20:00:00,0.0,0.0,0.0,0.0,16.9,97,8.4,137,1010.2,84,77,99,1,2.5,0.0,43.6591,-70.2568,2021,9,25,20
2021-09-25 21:00:00,0.0,0.0,0.0,0.0,16.9,96,5.9,133,1009.7,18,14,8,0,0.0,0.0,43.6591,-70.2568,2021,9,25,21
2021-09-25 22:00:00,0.0,0.0,0.0,0.0,16.0,98,4.0,185,1009.2,45,10,35,10,0.0,0.0,43.6591,-70.2568,2021,9,25,22
2021-09-25 23:00:00,0.0,0.0,0.0,0.0,15.6,99,3.6,270,1009.0,81,14,81,0,0.0,0.0,43.6591,-70.2568,2021,9,25,23
2021-09-26 00:00:00,0.0,0.0,0.0,0.0,16.0,100,0.8,27,1008.6,100,4,100,21,0.2,0.0,43.6591,-70.2568,2021,9,26,0
2021-09-26 01:00:00,0.0,0.0,0.0,0.0,16.3,100,2.5,352,1008.1,100,11,100,64,0.8,0.0,43.6591,-70.2568,2021,9,26,1
2021-09-26 02:00:00,0.0,0.0,0.0,0.0,16.2,100,3.2,333,1007.2,100,98,97,77,2.7,0.0,43.6591,-70.2568,2021,9,26,2
2021-09-26 03:00:00,0.0,0.0,0.0,0.0,16.0,100,7.0,305,1006.7,100,100,100,79,4.9,0.0,43.6591,-70.2568,2021,9,26,3
2021-09-26 04:00:00,0.0,0.0,0.0,0.0,15.7,100,5.4,340,1005.5,100,100,93,95,6.1,0.0,43.6591,-70.2568,2021,9,26,4
2021-09-26 05:00:00,0.0,0.0,0.0,0.0,15.7,100,4.7,4,1004.7,100,60,91,99,2.1,0.0,43.6591,-70.2568,2021,9,26,5
2021-09-26 06:00:00,0.0,0.0,0.0,0.0,15.9,100,3.0,14,1004.7,100,86,95,100,2.3,0.0,43.6591,-70.2568,2021,9,26,6
2021-09-26 07:00:00,1.0,0.0,1.0,0.0,16.0,100,2.8,40,1004.4,100,94,98,100,2.2,0.0,43.6591,-70.2568,2021,9,26,7
2021-09-26 08:00:00,11.0,0.0,11.0,0.0,16.5,100,5.4,323,1004.5,100,0,100,100,2.7,0.0,43.6591,-70.2568,2021,9,26,8
2021-09-26 09:00:00,33.0,0.0,33.0,0.0,16.7,100,8.4,329,1003.6,100,0,100,99,2.0,0.0,43.6591,-70.2568,2021,9,26,9
2021-09-26 10:00:00,92.0,1.0,91.0,2.1,17.6,98,10.9,297,1003.2,89,3,76,78,0.3,0.0,43.6591,-70.2568,2021,9,26,10
2021-09-26 11:00:00,272.0,64.0,208.0,106.2,18.7,92,11.3,297,1003.0,95,21,93,32,0.1,1387.03,43.6591,-70.2568,2021,9,26,11
2021-09-26 12:00:00,277.0,103.0,174.0,152.3,19.2,82,12.5,314,1002.6,23,18,4,6,0.1,2770.07,43.6591,-70.2568,2021,9,26,12
2021-09-26 13:00:00,601.0,488.0,113.0,694.7,21.3,61,14.1,310,1002.2,33,18,28,0,0.0,3600.0,43.6591,-70.2568,2021,9,26,13
2021-09-26 14:00:00,552.0,428.0,124.0,629.7,21.8,55,15.9,303,1001.5,34,26,27,0,0.0,3600.0,43.6591,-70.2568,2021,9,26,14
2021-09-26 15:00:00,479.0,376.0,103.0,617.0,21.5,54,16.9,297,1001.3,28,16,26,0,0.0,3600.0,43.6591,-70.2568,2021,9,26,15
2021-09-26 16:00:00,367.0,272.0,95.0,548.2,20.8,55,16.0,293,1001.5,29,19,28,0,0.0,3600.0,43.6591,-70.2568,2021,9,26,16
2021-09-26 17:00:00,247.0,175.0,72.0,503.0,19.8,55,15.7,286,1001.8,9,0,9,0,0.0,3600.0,43.6591,-70.2568,2021,9,26,17
2021-09-26 18:00:00,122.0,82.0,40.0,469.6,18.1,55,13.9,280,1002.8,1,0,1,0,0.0,3600.0,43.6591,-70.2568,2021,9,26,18
2021-09-26 19:00:00,9.0,4.0,5.0,66.5,16.1,62,11.9,272,1003.5,0,0,0,0,0.0,484.6,43.6591,-70.2568,2021,9,26,19
2021-09-26 20:00:00,0.0,0.0,0.0,0.0,15.0,67,13.8,263,1005.1,0,0,2,0,0.0,0.0,43.6591,-70.2568,2021,9,26,20
2021-09-26 21:00:00,0.0,0.0,0.0,0.0,14.7,65,13.3,267,1005.7,1,0,1,0,0.0,0.0,43.6591,-70.2568,2021,9,26,21
2021-09-26 22:00:00,0.0,0.0,0.0,0.0,14.2,68,12.3,265,1006.0,0,0,0,0,0.0,0.0,43.6591,-70.2568,2021,9,26,22
2021-09-26 23:00:00,0.0,0.0,0.0,0.0,13.8,73,12.7,255,1006.2,0,0,0,0,0.0,0.0,43.6591,-70.2568,2021,9,26,23
2021-09-27 00:00:00,0.0,0.0,0.0,0.0,13.8,71,14.3,258,1006.5,0,0,0,0,0.0,0.0,43.6591,-70.2568,2021,9,27,0
2021-09-27 01:00:00,0.0,0.0,0.0,0.0,13.6,71,13.8,261,1006.9,0,0,0,0,0.0,0.0,43.6591,-70.2568,2021,9,27,1
2021-09-27 02:00:00,0.0,0.0,0.0,0.0,13.0,75,12.7,255,1007.3,0,0,0,0,0.0,0.0,43.6591,-70.2568,2021,9,27,2
2021-09-27 03:00:00,0.0,0.0,0.0,0.0,12.5,79,12.5,252,1007.5,0,0,0,0,0.0,0.0,43.6591,-70.2568,2021,9,27,3
2021-09-27 04:00:00,0.0,0.0,0.0,0.0,12.2,82,11.8,250,1007.7,0,0,0,0,0.0,0.0,43.6591,-70.2568,2021,9,27,4
2021-09-27 05:00:00,0.0,0.0,0.0,0.0,11.9,84,11.7,252,1007.9,0,0,0,0,0.0,0.0,43.6591,-70.2568,2021,9,27,5
2021-09-27 06:00:00,0.0,0.0,0.0,0.0,11.7,86,10.8,255,1008.2,0,0,0,0,0.0,0.0,43.6591,-70.2568,2021,9,27,6
2021-09-27 07:00:00,5.0,2.0,3.0,38.2,11.7,87,10.5,243,1008.5,0,0,0,0,0.0,8.38,43.6591,-70.2568,2021,9,27,7
2021-09-27 08:00:00,113.0,76.0,37.0,481.2,13.5,80,10.6,242,1008.7,22,0,1,14,0.0,3600.0,43.6591,-70.2568,2021,9,27,8
2021-09-27 09:00:00,285.0,221.0,64.0,665.1,15.7,70,10.4,236,1008.8,1,0,1,0,0.0,3600.0,43.6591,-70.2568,2021,9,27,9
2021-09-27 10:00:00,450.0,375.0,75.0,777.3,17.9,62,10.4,224,1008.6,3,0,3,0,0.0,3600.0,43.6591,-70.2568,2021,9,27,10
2021-09-27 11:00:00,572.0,484.0,88.0,809.1,19.4,57,12.4,216,1008.0,7,0,7,0,0.0,3600.0,43.6591,-70.2568,2021,9,27,11
2021-09-27 12:00:00,650.0,555.0,95.0,826.4,20.3,55,13.2,197,1006.9,92,0,18,91,0.0,3600.0,43.6591,-70.2568,2021,9,27,12
2021-09-27 13:00:00,552.0,325.0,227.0,465.8,20.1,60,16.8,203,1006.5,100,0,99,90,0.0,3600.0,43.6591,-70.2568,2021,9,27,13
2021-09-27 14:00:00,314.0,110.0,204.0,163.0,19.1,69,15.4,196,1005.2,93,0,67,87,0.0,3091.21,43.6591,-70.2568,2021,9,27,14
2021-09-27 15:00:00,462.0,261.0,201.0,432.1,20.3,65,15.5,211,1004.6,3,2,1,1,0.0,3600.0,43.6591,-70.2568,2021,9,27,15
2021-09-27 16:00:00,448.0,367.0,81.0,747.9,21.0,62,18.3,234,1004.1,64,59,25,1,0.0,3600.0,43.6591,-70.2568,2021,9,27,16
2021-09-27 17:00:00,195.0,88.0,107.0,257.1,20.3,69,13.2,223,1003.8,69,63,11,35,0.0,3600.0,43.6591,-70.2568,2021,9,27,17
2021-09-27 18:00:00,96.0,42.0,54.0,248.7,19.3,73,12.8,218,1003.8,94,22,1,93,0.0,3600.0,43.6591,-70.2568,2021,9,27,18
2021-09-27 19:00:00,6.0,1.0,5.0,17.5,18.4,77,11.2,222,1003.7,79,13,3,77,0.0,0.0,43.6591,-70.2568,2021,9,27,19
2021-09-27 20:00:00,0.0,0.0,0.0,0.0,17.6,81,10.6,235,1004.9,97,0,10,86,0.0,0.0,43.6591,-70.2568,2021,9,27,20
2021-09-27 21:00:00,0.0,0.0,0.0,0.0,16.4,87,9.4,238,1004.9,87,3,5,86,0.0,0.0,43.6591,-70.2568,2021,9,27,21
2021-09-27 22:00:00,0.0,0.0,0.0,0.0,16.1,89,9.8,242,1004.9,95,1,84,77,0.0,0.0,43.6591,-70.2568,2021,9,27,22
2021-09-27 23:00:00,0.0,0.0,0.0,0.0,16.6,86,9.0,241,1004.6,90,0,34,88,0.0,0.0,43.6591,-70.2568,2021,9,27,23
2021-09-28 00:00:00,0.0,0.0,0.0,0.0,16.2,88,9.1,252,1004.6,88,0,45,87,0.0,0.0,43.6591,-70.2568,2021,9,28,0
2021-09-28 01:00:00,0.0,0.0,0.0,0.0,15.8,90,9.1,261,1004.3,65,0,29,55,0.0,0.0,43.6591,-70.2568,2021,9,28,1
2021-09-28 02:00:00,0.0,0.0,0.0,0.0,15.4,93,8.7,263,1004.0,50,0,20,40,0.0,0.0,43.6591,-70.2568,2021,9,28,2
2021-09-28 03:00:00,0.0,0.0,0.0,0.0,15.3,93,9.3,254,1004.1,85,3,27,80,0.0,0.0,43.6591,-70.2568,2021,9,28,3
2021-09-28 04:00:00,0.0,0.0,0.0,0.0,15.3,93,9.0,268,1003.9,77,5,19,72,0.0,0.0,43.6591,-70.2568,2021,9,28,4
2021-09-28 05:00:00,0.0,0.0,0.0,0.0,15.3,93,7.1,285,1003.9,57,11,28,45,0.0,0.0,43.6591,-70.2568,2021,9,28,5
2021-09-28 06:00:00,0.0,0.0,0.0,0.0,15.0,95,4.8,347,1004.4,39,15,30,12,0.0,0.0,43.6591,-70.2568,2021,9,28,6
2021-09-28 07:00:00,4.0,1.0,3.0,19.1,14.9,96,3.5,24,1005.1,33,25,26,2,0.0,0.0,43.6591,-70.2568,2021,9,28,7
2021-09-28 08:00:00,81.0,45.0,36.0,291.8,16.1,92,6.7,36,1005.5,55,11,75,43,0.0,3600.0,43.6591,-70.2568,2021,9,28,8
2021-09-28 09:00:00,156.0,72.0,84.0,219.2,16.6,85,8.9,47,1005.6,100,10,100,48,0.6,3600.0,43.6591,-70.2568,2021,9,28,9
2021-09-28 10:00:00,179.0,26.0,153.0,54.4,16.6,86,7.7,28,1005.8,97,86,86,73,0.3,0.0,43.6591,-70.2568,2021,9,28,10
2021-09-28 11:00:00,280.0,64.0,216.0,107.8,17.4,82,8.0,27,1005.7,99,70,44,97,0.3,1432.94,43.6591,-70.2568,2021,9,28,11
2021-09-28 12:00:00,245.0,31.0,214.0,46.5,17.1,89,6.4,52,1006.0,100,100,35,97,0.9,0.0,43.6591,-70.2568,2021,9,28,12
2021-09-28 13:00:00,211.0,24.0,187.0,34.6,16.8,91,6.7,54,1005.8,100,100,92,99,0.7,0.0,43.6591,-70.2568,2021,9,28,13
2021-09-28 14:00:00,152.0,3.0,149.0,4.5,16.5,95,6.3,31,1005.4,100,77,98,98,0.7,0.0,43.6591,-70.2568,2021,9,28,14
2021-09-28 15:00:00,199.0,33.0,166.0,55.1,16.5,91,5.9,43,1005.1,96,43,82,90,0.1,0.0,43.6591,-70.2568,2021,9,28,15
2021-09-28 16:00:00,264.0,97.0,167.0,199.9,17.0,87,5.6,75,1004.7,99,5,90,95,0.0,3600.0,43.6591,-70.2568,2021,9,28,16
2021-09-28 17:00:00,157.0,31.0,126.0,92.1,16.6,87,7.3,101,1004.6,100,43,27,100,0.0,962.87,43.6591,-70.2568,2021,9,28,17
2021-09-28 18:00:00,52.0,3.0,49.0,18.4,15.8,92,5.2,106,1004.8,100,33,29,100,0.0,0.0,43.6591,-70.2568,2021,9,28,18
2021-09-28 19:00:00,4.0,0.0,4.0,0.0,15.1,94,3.1,69,1005.3,100,20,31,100,0.0,0.0,43.6591,-70.2568,2021,9,28,19
2021-09-28 20:00:00,0.0,0.0,0.0,0.0,15.2,93,4.3,336,1006.1,99,92,88,90,0.0,0.0,43.6591,-70.2568,2021,9,28,20
2021-09-28 21:00:00,0.0,0.0,0.0,0.0,15.4,91,3.2,333,1006.4,100,100,100,90,0.3,0.0,43.6591,-70.2568,2021,9,28,21
2021-09-28 22:00:00,0.0,0.0,0.0,0.0,14.6,76,13.7,342,1006.9,100,100,92,81,0.0,0.0,43.6591,-70.2568,2021,9,28,22
2021-09-28 23:00:00,0.0,0.0,0.0,0.0,13.5,70,15.6,341,1007.4,100,100,100,35,0.0,0.0,43.6591,-70.2568,2021,9,28,23
2021-09-29 00:00:00,0.0,0.0,0.0,0.0,13.3,65,15.9,347,1007.6,100,100,92,78,0.0,0.0,43.6591,-70.2568,2021,9,29,0
2021-09-29 01:00:00,0.0,0.0,0.0,0.0,13.2,62,15.0,350,1007.4,99,99,60,0,0.0,0.0,43.6591,-70.2568,2021,9,29,1
2021-09-29 02:00:00,0.0,0.0,0.0,0.0,13.0,62,14.3,350,1007.3,57,54,45,0,0.0,0.0,43.6591,-70.2568,2021,9,29,2
2021-09-29 03:00:00,0.0,0.0,0.0,0.0,12.6,64,12.7,345,1007.6,93,92,58,0,0.0,0.0,43.6591,-70.2568,2021,9,29,3
2021-09-29 04:00:00,0.0,0.0,0.0,0.0,12.4,66,12.0,344,1008.1,94,93,91,0,0.0,0.0,43.6591,-70.2568,2021,9,29,4
2021-09-29 05:00:00,0.0,0.0,0.0,0.0,12.2,67,13.1,344,1008.5,82,19,70,46,0.0,0.0,43.6591,-70.2568,2021,9,29,5
2021-09-29 06:00:00,0.0,0.0,0.0,0.0,11.8,69,13.8,340,1008.9,69,19,67,5,0.0,0.0,43.6591,-70.2568,2021,9,29,6
2021-09-29 07:00:00,3.0,0.0,3.0,0.0,11.5,71,13.4,340,1009.2,69,18,68,0,0.0,0.0,43.6591,-70.2568,2021,9,29,7
2021-09-29 08:00:00,70.0,28.0,42.0,186.1,11.6,73,12.9,342,1009.9,44,11,47,0,0.0,3600.0,43.6591,-70.2568,2021,9,29,8
2021-09-29 09:00:00,192.0,114.0,78.0,351.3,12.5,69,12.9,347,1010.3,37,13,33,0,0.0,3600.0,43.6591,-70.2568,2021,9,29,9
2021-09-29 10:00:00,349.0,246.0,103.0,518.7,14.0,62,11.9,357,1010.2,49,5,49,0,0.0,3600.0,43.6591,-70.2568,2021,9,29,10
2021-09-29 11:00:00,462.0,301.0,161.0,510.6,15.2,58,10.8,356,1010.1,36,18,33,0,0.0,3600.0,43.6591,-70.2568,2021,9,29,11
2021-09-29 12:00:00,554.0,425.0,129.0,641.6,16.2,52,9.2,349,1009.9,21,19,8,0,0.0,3600.0,43.6591,-70.2568,2021,9,29,12
2021-09-29 13:00:00,641.0,531.0,110.0,771.8,17.0,47,9.5,349,1009.6,26,15,24,0,0.0,3600.0,43.6591,-70.2568,2021,9,29,13
2021-09-29 14:00:00,569.0,396.0,173.0,596.0,17.2,43,10.9,354,1009.1,100,29,100,0,0.0,3600.0,43.6591,-70.2568,2021,9,29,14
2021-09-29 15:00:00,239.0,95.0,144.0,160.1,16.2,52,9.8,354,1009.2,79,6,79,0,0.0,3003.27,43.6591,-70.2568,2021,9,29,15
2021-09-29 16:00:00,261.0,117.0,144.0,244.0,16.4,53,7.5,343,1009.3,85,8,85,0,0.0,3600.0,43.6591,-70.2568,2021,9,29,16
2021-09-29 17:00:00,113.0,39.0,74.0,117.9,14.9,61,12.0,339,1009.9,89,2,89,0,0.0,1735.63,43.6591,-70.2568,2021,9,29,17
2021-09-29 18:00:00,42.0,13.0,29.0,82.6,14.2,64,10.8,345,1010.4,99,11,99,0,0.0,677.34,43.6591,-70.2568,2021,9,29,18
2021-09-29 19:00:00,1.0,0.0,1.0,0.0,13.5,68,9.9,341,1011.1,100,100,100,0,0.0,0.0,43.6591,-70.2568,2021,9,29,19
2021-09-29 20:00:00,0.0,0.0,0.0,0.0,13.4,65,14.4,338,1011.3,92,2,99,0,0.0,0.0,43.6591,-70.2568,2021,9,29,20
2021-09-29 21:00:00,0.0,0.0,0.0,0.0,12.5,69,11.8,340,1011.5,99,5,99,0,0.0,0.0,43.6591,-70.2568,2021,9,29,21
2021-09-29 22:00:00,0.0,0.0,0.0,0.0,12.2,71,11.0,341,1011.7,99,1,99,0,0.0,0.0,43.6591,-70.2568,2021,9,29,22
2021-09-29 23:00:00,0.0,0.0,0.0,0.0,11.8,74,10.7,340,1011.8,77,0,77,0,0.0,0.0,43.6591,-70.2568,2021,9,29,23
2021-09-30 00:00:00,0.0,0.0,0.0,0.0,11.2,77,10.2,337,1011.6,46,1,46,0,0.0,0.0,43.6591,-70.2568,2021,9,30,0
2021-09-30 01:00:00,0.0,0.0,0.0,0.0,10.7,80,9.9,327,1011.5,23,1,23,0,0.0,0.0,43.6591,-70.2568,2021,9,30,1
2021-09-30 02:00:00,0.0,0.0,0.0,0.0,10.3,83,10.0,322,1011.3,60,15,58,0,0.0,0.0,43.6591,-70.2568,2021,9,30,2
2021-09-30 03:00:00,0.0,0.0,0.0,0.0,10.1,83,9.7,321,1011.4,34,15,29,0,0.0,0.0,43.6591,-70.2568,2021,9,30,3
2021-09-30 04:00:00,0.0,0.0,0.0,0.0,9.8,84,10.4,316,1011.5,35,23,27,0,0.0,0.0,43.6591,-70.2568,2021,9,30,4
2021-09-30 05:00:00,0.0,0.0,0.0,0.0,9.8,84,10.7,315,1011.8,47,24,39,0,0.0,0.0,43.6591,-70.2568,2021,9,30,5
2021-09-30 06:00:00,0.0,0.0,0.0,0.0,10.0,82,10.9,326,1011.9,72,15,71,0,0.0,0.0,43.6591,-70.2568,2021,9,30,6
2021-09-30 07:00:00,2.0,0.0,2.0,0.0,10.1,81,11.1,335,1012.3,66,18,65,0,0.0,0.0,43.6591,-70.2568,2021,9,30,7
2021-09-30 08:00:00,69.0,33.0,36.0,224.9,10.3,90,11.4,336,1012.9,48,1,83,0,0.0,3600.0,43.6591,-70.2568,2021,9,30,8
2021-09-30 09:00:00,165.0,59.0,106.0,184.0,11.2,85,12.4,343,1013.0,91,28,90,0,0.1,3600.0,43.6591,-70.2568,2021,9,30,9
2021-09-30 10:00:00,220.0,79.0,141.0,168.0,11.9,82,12.8,350,1013.0,73,25,70,0,0.2,3240.79,43.6591,-70.2568,2021,9,30,10
2021-09-30 11:00:00,279.0,132.0,147.0,225.6,12.8,73,12.0,351,1012.9,78,42,75,0,0.0,3600.0,43.6591,-70.2568,2021,9,30,11
2021-09-30 12:00:00,508.0,320.0,188.0,486.5,14.1,63,11.7,342,1012.7,53,42,47,0,0.0,3600.0,43.6591,-70.2568,2021,9,30,12
2021-09-30 13:00:00,463.0,278.0,185.0,407.0,14.4,66,12.1,337,1012.8,75,61,70,1,0.0,3600.0,43.6591,-70.2568,2021,9,30,13
2021-09-30 14:00:00,419.0,206.0,213.0,312.5,14.7,64,10.1,333,1012.5,54,33,46,34,0.0,3600.0,43.6591,-70.2568,2021,9,30,14
2021-09-30 15:00:00,487.0,314.0,173.0,534.1,15.4,62,9.3,324,1012.3,28,2,27,4,0.0,3600.0,43.6591,-70.2568,2021,9,30,15
2021-09-30 16:00:00,368.0,251.0,117.0,529.5,14.7,67,10.7,346,1012.3,72,55,39,21,0.3,3600.0,43.6591,-70.2568,2021,9,30,16
2021-09-30 17:00:00,193.0,105.0,88.0,322.9,13.3,83,8.2,319,1013.0,61,35,53,29,0.5,3600.0,43.6591,-70.2568,2021,9,30,17
2021-09-30 18:00:00,66.0,29.0,37.0,191.2,12.3,85,11.2,320,1013.4,60,15,59,0,0.0,3600.0,43.6591,-70.2568,2021,9,30,18
2021-09-30 19:00:00,4.0,1.0,3.0,19.1,11.3,86,9.8,306,1014.0,7,1,6,0,0.0,0.0,43.6591,-70.2568,2021,9,30,19
2021-09-30 20:00:00,0.0,0.0,0.0,0.0,11.1,90,10.2,302,1015.1,1,13,22,0,0.0,0.0,43.6591,-70.2568,2021,9,30,20
2021-09-30 21:00:00,0.0,0.0,0.0,0.0,10.5,90,12.9,306,1015.3,12,7,11,0,0.0,0.0,43.6591,-70.2568,2021,9,30,21
2021-09-30 22:00:00,0.0,0.0,0.0,0.0,10.0,90,12.6,307,1015.3,0,0,0,0,0.0,0.0,43.6591,-70.2568,2021,9,30,22
2021-09-30 23:00:00,0.0,0.0,0.0,0.0,9.5,91,11.6,306,1015.4,0,0,0,0,0.0,0.0,43.6591,-70.2568,2021,9,30,23
2021-10-01 00:00:00,0.0,0.0,0.0,0.0,9.2,93,11.3,307,1015.4,0,0,0,0,0.0,0.0,43.6591,-70.2568,2021,10,1,0
2021-10-01 01:00:00,0.0,0.0,0.0,0.0,8.9,93,10.6,298,1015.2,0,0,0,0,0.0,0.0,43.6591,-70.2568,2021,10,1,1
2021-10-01 02:00:00,0.0,0.0,0.0,0.0,8.6,94,10.8,291,1015.4,0,0,0,0,0.0,0.0,43.6591,-70.2568,2021,10,1,2
2021-10-01 03:00:00,0.0,0.0,0.0,0.0,8.5,93,11.0,289,1015.4,0,0,0,0,0.0,0.0,43.6591,-70.2568,2021,10,1,3
2021-10-01 04:00:00,0.0,0.0,0.0,0.0,8.3,93,11.1,283,1015.4,0,0,0,0,0.0,0.0,43.6591,-70.2568,2021,10,1,4
2021-10-01 05:00:00,0.0,0.0,0.0,0.0,8.2,93,10.9,279,1015.5,0,0,0,0,0.0,0.0,43.6591,-70.2568,2021,10,1,5
2021-10-01 06:00:00,0.0,0.0,0.0,0.0,8.1,93,11.6,277,1015.7,4,0,4,0,0.0,0.0,43.6591,-70.2568,2021,10,1,6
2021-10-01 07:00:00,3.0,1.0,2.0,19.1,8.4,92,11.9,284,1016.2,25,0,25,0,0.0,0.0,43.6591,-70.2568,2021,10,1,7
2021-10-01 08:00:00,89.0,53.0,36.0,370.7,9.9,86,12.1,282,1016.4,42,0,0,32,0.0,3600.0,43.6591,-70.2568,2021,10,1,8
2021-10-01 09:00:00,262.0,185.0,77.0,584.2,12.2,78,10.6,280,1016.6,73,0,70,10,0.0,3600.0,43.6591,-70.2568,2021,10,1,9
2021-10-01 10:00:00,315.0,150.0,165.0,321.9,13.9,69,10.0,291,1016.5,84,0,84,0,0.0,3600.0,43.6591,-70.2568,2021,10,1,10
2021-10-01 11:00:00,291.0,109.0,182.0,187.7,14.7,61,11.6,306,1016.6,46,26,38,0,0.0,3600.0,43.6591,-70.2568,2021,10,1,11
2021-10-01 12:00:00,496.0,336.0,160.0,514.5,15.7,55,13.5,299,1016.3,66,47,64,0,0.0,3600.0,43.6591,-70.2568,2021,10,1,12
2021-10-01 13:00:00,464.0,277.0,187.0,408.5,16.0,50,13.7,305,1015.9,82,56,78,0,0.0,3600.0,43.6591,-70.2568,2021,10,1,13
2021-10-01 14:00:00,362.0,174.0,188.0,266.1,16.0,49,13.2,315,1015.4,74,57,72,0,0.0,3600.0,43.6591,-70.2568,2021,10,1,14
2021-10-01 15:00:00,267.0,60.0,207.0,103.0,16.1,49,12.0,303,1015.3,94,8,94,0,0.0,1290.22,43.6591,-70.2568,2021,10,1,15
2021-10-01 16:00:00,197.0,59.0,138.0,126.0,16.0,55,6.5,304,1015.3,78,3,78,0,0.0,1978.92,43.6591,-70.2568,2021,10,1,16
2021-10-01 17:00:00,123.0,48.0,75.0,150.2,15.4,62,5.6,255,1015.4,76,5,75,0,0.0,2707.23,43.6591,-70.2568,2021,10,1,17
2021-10-01 18:00:00,50.0,21.0,29.0,143.9,14.2,66,8.2,241,1015.5,66,2,66,0,0.0,2517.5,43.6591,-70.2568,2021,10,1,18
2021-10-01 19:00:00,2.0,0.0,2.0,0.0,13.0,67,10.4,256,1016.0,60,4,60,0,0.0,0.0,43.6591,-70.2568,2021,10,1,19
2021-10-01 20:00:00,0.0,0.0,0.0,0.0,12.7,76,7.6,267,1016.9,38,20,56,0,0.0,0.0,43.6591,-70.2568,2021,10,1,20
2021-10-01 21:00:00,0.0,0.0,0.0,0.0,12.3,77,6.8,273,1017.3,60,11,59,0,0.0,0.0,43.6591,-70.2568,2021,10,1,21
2021-10-01 22:00:00,0.0,0.0,0.0,0.0,11.8,79,7.2,273,1017.2,40,0,39,1,0.0,0.0,43.6591,-70.2568,2021,10,1,22
2021-10-01 23:00:00,0.0,0.0,0.0,0.0,11.1,82,6.8,270,1017.0,73,0,22,66,0.0,0.0,43.6591,-70.2568,2021,10,1,23
2021-10-02 00:00:00,0.0,0.0,0.0,0.0,10.5,82,7.9,267,1016.8,62,1,31,58,0.0,0.0,43.6591,-70.2568,2021,10,2,0
2021-10-02 01:00:00,0.0,0.0,0.0,0.0,10.2,83,7.9,273,1016.6,98,3,97,40,0.0,0.0,43.6591,-70.2568,2021,10,2,1
2021-10-02 02:00:00,0.0,0.0,0.0,0.0,10.1,83,8.6,270,1016.3,89,0,89,0,0.0,0.0,43.6591,-70.2568,2021,10,2,2
2021-10-02 03:00:00,0.0,0.0,0.0,0.0,10.7,81,8.6,268,1015.9,100,0,100,1,0.0,0.0,43.6591,-70.2568,2021,10,2,3
2021-10-02 04:00:00,0.0,0.0,0.0,0.0,11.5,78,8.3,252,1015.9,86,2,86,0,0.0,0.0,43.6591,-70.2568,2021,10,2,4
2021-10-02 05:00:00,0.0,0.0,0.0,0.0,11.5,79,8.2,255,1015.8,88,1,82,51,0.0,0.0,43.6591,-70.2568,2021,10,2,5
2021-10-02 06:00:00,0.0,0.0,0.0,0.0,11.1,81,9.7,266,1015.8,100,0,100,74,0.0,0.0,43.6591,-70.2568,2021,10,2,6
2021-10-02 07:00:00,1.0,0.0,1.0,0.0,11.7,78,7.9,267,1015.9,97,0,97,22,0.0,0.0,43.6591,-70.2568,2021,10,2,7
2021-10-02 08:00:00,39.0,5.0,34.0,35.9,12.2,78,9.4,288,1015.7,100,1,100,1,0.0,0.0,43.6591,-70.2568,2021,10,2,8
2021-10-02 09:00:00,51.0,9.0,42.0,28.8,12.8,78,6.3,294,1015.5,99,0,99,0,0.0,0.0,43.6591,-70.2568,2021,10,2,9
2021-10-02 10:00:00,83.0,6.0,77.0,13.0,13.3,77,4.0,275,1015.3,84,0,84,0,0.0,0.0,43.6591,-70.2568,2021,10,2,10
2021-10-02 11:00:00,313.0,108.0,205.0,187.4,15.0,68,2.3,231,1014.6,45,0,43,7,0.0,3600.0,43.6591,-70.2568,2021,10,2,11
2021-10-02 12:00:00,577.0,428.0,149.0,660.1,16.7,62,3.6,180,1013.9,100,100,97,53,0.0,3600.0,43.6591,-70.2568,2021,10,2,12
2021-10-02 13:00:00,276.0,37.0,239.0,55.0,16.1,66,5.2,155,1013.3,100,100,100,39,0.0,0.0,43.6591,-70.2568,2021,10,2,13
2021-10-02 14:00:00,383.0,73.0,310.0,112.5,16.6,66,6.2,187,1012.8,100,100,100,65,0.0,1575.72,43.6591,-70.2568,2021,10,2,14
2021-10-02 15:00:00,279.0,42.0,237.0,72.8,16.3,74,5.5,169,1012.2,100,100,96,1,0.3,383.66,43.6591,-70.2568,2021,10,2,15
2021-10-02 16:00:00,165.0,9.0,156.0,19.4,15.6,86,3.2,153,1012.1,100,100,95,0,0.2,0.0,43.6591,-70.2568,2021,10,2,16
2021-10-02 17:00:00,73.0,3.0,70.0,9.6,15.1,87,4.6,108,1011.6,100,100,100,99,0.1,0.0,43.6591,-70.2568,2021,10,2,17
2021-10-02 18:00:00,18.0,0.0,18.0,0.0,14.5,89,4.7,113,1011.8,100,100,100,38,0.0,0.0,43.6591,-70.2568,2021,10,2,18
2021-10-02 19:00:00,1.0,0.0,1.0,0.0,14.2,89,5.5,101,1012.0,100,99,100,1,0.0,0.0,43.6591,-70.2568,2021,10,2,19
2021-10-02 20:00:00,0.0,0.0,0.0,0.0,13.0,92,5.8,22,1012.4,100,36,68,21,0.5,0.0,43.6591,-70.2568,2021,10,2,20
2021-10-02 21:00:00,0.0,0.0,0.0,0.0,12.6,93,6.5,19,1012.5,100,82,100,17,0.0,0.0,43.6591,-70.2568,2021,10,2,21
2021-10-02 22:00:00,0.0,0.0,0.0,0.0,12.7,92,5.5,11,1012.8,98,11,97,10,0.0,0.0,43.6591,-70.2568,2021,10,2,22
2021-10-02 23:00:00,0.0,0.0,0.0,0.0,12.4,94,6.6,9,1013.0,98,21,97,0,0.0,0.0,43.6591,-70.2568,2021,10,2,23
2021-10-03 00:00:00,0.0,0.0,0.0,0.0,12.5,94,7.4,14,1012.9,99,99,78,16,0.0,0.0,43.6591,-70.2568,2021,10,3,0
2021-10-03 01:00:00,0.0,0.0,0.0,0.0,12.2,95,8.2,15,1012.9,100,82,100,1,0.0,0.0,43.6591,-70.2568,2021,10,3,1
2021-10-03 02:00:00,0.0,0.0,0.0,0.0,12.4,91,6.6,13,1013.1,100,100,100,58,0.0,0.0,43.6591,-70.2568,2021,10,3,2
2021-10-03 03:00:00,0.0,0.0,0.0,0.0,12.4,88,7.0,12,1012.7,100,100,63,0,0.0,0.0,43.6591,-70.2568,2021,10,3,3
2021-10-03 04:00:00,0.0,0.0,0.0,0.0,12.3,88,7.3,11,1012.4,100,100,94,0,0.0,0.0,43.6591,-70.2568,2021,10,3,4
2021-10-03 05:00:00,0.0,0.0,0.0,0.0,12.3,88,5.9,11,1012.7,100,100,100,3,0.0,0.0,43.6591,-70.2568,2021,10,3,5
2021-10-03 06:00:00,0.0,0.0,0.0,0.0,12.1,91,5.5,11,1012.9,100,100,100,0,0.6,0.0,43.6591,-70.2568,2021,10,3,6
2021-10-03 07:00:00,0.0,0.0,0.0,0.0,11.6,100,6.4,16,1012.8,100,100,100,0,0.7,0.0,43.6591,-70.2568,2021,10,3,7
2021-10-03 08:00:00,22.0,0.0,22.0,0.0,12.0,100,7.1,30,1013.0,100,100,100,9,0.3,0.0,43.6591,-70.2568,2021,10,3,8
2021-10-03 09:00:00,65.0,0.0,65.0,0.0,12.7,100,7.8,34,1013.2,100,100,100,11,0.4,0.0,43.6591,-70.2568,2021,10,3,9
2021-10-03 10:00:00,59.0,0.0,59.0,0.0,12.9,100,6.1,40,1013.7,100,100,100,45,0.3,0.0,43.6591,-70.2568,2021,10,3,10
2021-10-03 11:00:00,70.0,0.0,70.0,0.0,13.2,96,7.2,72,1013.5,99,19,99,70,0.2,0.0,43.6591,-70.2568,2021,10,3,11
2021-10-03 12:00:00,120.0,8.0,112.0,12.4,13.6,94,7.6,95,1013.3,100,13,100,62,0.1,0.0,43.6591,-70.2568,2021,10,3,12
2021-10-03 13:00:00,212.0,48.0,164.0,71.8,13.9,88,8.0,100,1012.9,100,72,100,74,0.1,355.5,43.6591,-70.2568,2021,10,3,13
2021-10-03 14:00:00,152.0,4.0,148.0,6.2,13.8,87,8.0,95,1012.5,100,87,100,74,0.1,0.0,43.6591,-70.2568,2021,10,3,14
2021-10-03 15:00:00,142.0,11.0,131.0,19.2,13.9,85,7.2,93,1012.5,100,100,100,72,0.0,0.0,43.6591,-70.2568,2021,10,3,15
2021-10-03 16:00:00,88.0,6.0,82.0,13.1,13.5,88,8.3,88,1012.0,100,99,98,10,0.2,0.0,43.6591,-70.2568,2021,10,3,16
2021-10-03 17:00:00,53.0,3.0,50.0,9.7,13.3,89,7.2,90,1011.9,100,100,95,0,0.0,0.0,43.6591,-70.2568,2021,10,3,17
2021-10-03 18:00:00,25.0,0.0,25.0,0.0,13.2,89,6.1,90,1012.2,100,100,28,35,0.0,0.0,43.6591,-70.2568,2021,10,3,18
2021-10-03 19:00:00,1.0,0.0,1.0,0.0,13.0,89,6.8,87,1012.3,99,98,29,73,0.0,0.0,43.6591,-70.2568,2021,10,3,19
2021-10-03 20:00:00,0.0,0.0,0.0,0.0,12.7,92,9.6,70,1013.3,99,100,98,91,0.0,0.0,43.6591,-70.2568,2021,10,3,20
2021-10-03 21:00:00,0.0,0.0,0.0,0.0,12.6,93,8.8,78,1013.6,100,100,100,100,0.1,0.0,43.6591,-70.2568,2021,10,3,21
2021-10-03 22:00:00,0.0,0.0,0.0,0.0,12.6,93,8.1,77,1013.7,100,100,100,90,0.2,0.0,43.6591,-70.2568,2021,10,3,22
2021-10-03 23:00:00,0.0,0.0,0.0,0.0,12.6,93,7.0,55,1014.0,100,93,99,91,0.1,0.0,43.6591,-70.2568,2021,10,3,23
2021-10-04 00:00:00,0.0,0.0,0.0,0.0,12.5,94,8.7,45,1014.2,100,100,94,92,0.0,0.0,43.6591,-70.2568,2021,10,4,0
2021-10-04 01:00:00,0.0,0.0,0.0,0.0,12.3,95,8.2,49,1014.1,97,83,90,69,0.0,0.0,43.6591,-70.2568,2021,10,4,1
2021-10-04 02:00:00,0.0,0.0,0.0,0.0,12.3,94,9.0,53,1014.0,97,78,89,74,0.0,0.0,43.6591,-70.2568,2021,10,4,2
2021-10-04 03:00:00,0.0,0.0,0.0,0.0,12.2,94,8.7,45,1014.3,96,85,82,70,0.0,0.0,43.6591,-70.2568,2021,10,4,3
2021-10-04 04:00:00,0.0,0.0,0.0,0.0,12.2,95,9.2,42,1014.3,100,98,99,61,0.0,0.0,43.6591,-70.2568,2021,10,4,4
2021-10-04 05:00:00,0.0,0.0,0.0,0.0,12.0,95,10.6,35,1014.8,100,12,56,99,0.0,0.0,43.6591,-70.2568,2021,10,4,5
2021-10-04 06:00:00,0.0,0.0,0.0,0.0,11.2,97,10.9,27,1015.3,100,37,34,99,0.0,0.0,43.6591,-70.2568,2021,10,4,6
2021-10-04 07:00:00,1.0,0.0,1.0,0.0,10.8,97,10.9,34,1015.8,100,52,19,99,0.0,0.0,43.6591,-70.2568,2021,10,4,7
2021-10-04 08:00:00,41.0,3.0,38.0,22.8,11.2,95,9.7,45,1016.8,100,100,100,100,0.0,0.0,43.6591,-70.2568,2021,10,4,8
2021-10-04 09:00:00,47.0,0.0,47.0,0.0,11.1,94,10.9,34,1017.1,100,92,98,98,0.0,0.0,43.6591,-70.2568,2021,10,4,9
2021-10-04 10:00:00,152.0,22.0,130.0,48.5,11.8,88,10.7,40,1017.4,100,60,100,73,0.0,0.0,43.6591,-70.2568,2021,10,4,10
2021-10-04 11:00:00,251.0,44.0,207.0,77.6,12.7,82,9.1,56,1017.7,96,72,43,91,0.0,526.66,43.6591,-70.2568,2021,10,4,11
2021-10-04 12:00:00,421.0,164.0,257.0,256.7,13.9,74,7.5,73,1017.7,98,36,25,97,0.0,3600.0,43.6591,-70.2568,2021,10,4,12
2021-10-04 13:00:00,541.0,289.0,252.0,435.9,14.6,69,8.3,90,1017.8,99,15,0,99,0.0,3600.0,43.6591,-70.2568,2021,10,4,13
2021-10-04 14:00:00,552.0,363.0,189.0,568.8,14.8,66,9.4,94,1017.3,99,17,0,99,0.0,3600.0,43.6591,-70.2568,2021,10,4,14
2021-10-04 15:00:00,481.0,307.0,174.0,542.4,14.5,67,9.5,99,1017.3,99,17,5,99,0.0,3600.0,43.6591,-70.2568,2021,10,4,15
2021-10-04 16:00:00,390.0,272.0,118.0,602.5,14.1,71,9.2,111,1017.3,100,7,7,100,0.0,3600.0,43.6591,-70.2568,2021,10,4,16
2021-10-04 17:00:00,186.0,64.0,122.0,211.7,13.1,76,8.8,109,1017.3,100,1,2,100,0.0,3600.0,43.6591,-70.2568,2021,10,4,17
2021-10-04 18:00:00,58.0,8.0,50.0,62.0,12.5,80,7.0,111,1017.4,100,0,0,100,0.0,64.82,43.6591,-70.2568,2021,10,4,18
2021-10-04 19:00:00,1.0,0.0,1.0,0.0,12.1,81,7.0,125,1017.8,100,1,3,100,0.0,0.0,43.6591,-70.2568,2021,10,4,19
2021-10-04 20:00:00,0.0,0.0,0.0,0.0,12.9,79,4.4,125,1018.8,100,39,100,100,0.0,0.0,43.6591,-70.2568,2021,10,4,20
2021-10-04 21:00:00,0.0,0.0,0.0,0.0,12.9,80,3.6,127,1019.1,100,5,100,100,0.0,0.0,43.6591,-70.2568,2021,10,4,21
2021-10-04 22:00:00,0.0,0.0,0.0,0.0,12.9,81,4.5,119,1019.3,100,1,93,100,0.0,0.0,43.6591,-70.2568,2021,10,4,22
2021-10-04 23:00:00,0.0,0.0,0.0,0.0,12.7,84,3.1,111,1019.3,100,0,96,100,0.0,0.0,43.6591,-70.2568,2021,10,4,23
2021-10-05 00:00:00,0.0,0.0,0.0,0.0,12.7,84,3.3,77,1019.2,100,0,100,100,0.0,0.0,43.6591,-70.2568,2021,10,5,0
2021-10-05 01:00:00,0.0,0.0,0.0,0.0,12.7,85,3.1,69,1019.2,100,0,100,100,0.0,0.0,43.6591,-70.2568,2021,10,5,1
2021-10-05 02:00:00,0.0,0.0,0.0,0.0,12.8,82,3.5,66,1019.2,100,0,100,100,0.0,0.0,43.6591,-70.2568,2021,10,5,2
2021-10-05 03:00:00,0.0,0.0,0.0,0.0,12.6,84,3.4,58,1019.2,100,0,100,100,0.0,0.0,43.6591,-70.2568,2021,10,5,3
2021-10-05 04:00:00,0.0,0.0,0.0,0.0,12.4,87,6.4,27,1019.2,100,0,100,99,0.0,0.0,43.6591,-70.2568,2021,10,5,4
2021-10-05 05:00:00,0.0,0.0,0.0,0.0,12.2,89,8.4,25,1019.6,100,1,100,99,0.0,0.0,43.6591,-70.2568,2021,10,5,5
2021-10-05 06:00:00,0.0,0.0,0.0,0.0,11.9,87,7.9,24,1019.8,99,1,89,99,0.0,0.0,43.6591,-70.2568,2021,10,5,6
2021-10-05 07:00:00,1.0,0.0,1.0,0.0,11.6,85,8.2,23,1020.3,99,0,50,99,0.0,0.0,43.6591,-70.2568,2021,10,5,7
2021-10-05 08:00:00,45.0,8.0,37.0,62.2,11.5,94,7.7,11,1021.3,100,2,62,95,0.0,78.42,43.6591,-70.2568,2021,10,5,8
2021-10-05 09:00:00,117.0,36.0,81.0,119.7,12.3,92,8.9,14,1021.6,96,0,66,92,0.0,1791.29,43.6591,-70.2568,2021,10,5,9
2021-10-05 10:00:00,312.0,159.0,153.0,354.0,14.1,80,7.9,43,1021.8,92,0,26,90,0.0,3600.0,43.6591,-70.2568,2021,10,5,10
2021-10-05 11:00:00,469.0,312.0,157.0,554.4,15.4,70,8.7,73,1022.0,95,0,13,94,0.0,3600.0,43.6591,-70.2568,2021,10,5,11
2021-10-05 12:00:00,578.0,411.0,167.0,648.2,16.2,64,8.3,85,1022.0,88,0,24,86,0.0,3600.0,43.6591,-70.2568,2021,10,5,12
2021-10-05 13:00:00,578.0,408.0,170.0,620.1,16.7,62,7.3,99,1021.8,83,0,62,75,0.0,3600.0,43.6591,-70.2568,2021,10,5,13
2021-10-05 14:00:00,556.0,392.0,164.0,619.4,16.8,62,6.9,118,1021.5,93,0,91,24,0.0,3600.0,43.6591,-70.2568,2021,10,5,14
2021-10-05 15:00:00,380.0,188.0,192.0,335.4,16.3,65,6.9,129,1021.5,31,1,31,0,0.0,3600.0,43.6591,-70.2568,2021,10,5,15
2021-10-05 16:00:00,314.0,201.0,113.0,450.8,15.8,69,6.6,139,1021.5,58,0,58,0,0.0,3600.0,43.6591,-70.2568,2021,10,5,16
2021-10-05 17:00:00,169.0,90.0,79.0,303.4,15.0,75,5.8,150,1021.3,47,0,47,0,0.0,3600.0,43.6591,-70.2568,2021,10,5,17
2021-10-05 18:00:00,67.0,36.0,31.0,285.4,13.6,85,3.5,156,1021.6,24,1,24,0,0.0,3600.0,43.6591,-70.2568,2021,10,5,18
2021-10-05 19:00:00,1.0,0.0,1.0,0.0,13.3,84,4.0,175,1022.2,13,0,13,0,0.0,0.0,43.6591,-70.2568,2021,10,5,19
2021-10-05 20:00:00,0.0,0.0,0.0,0.0,13.4,88,4.6,129,1022.9,7,0,29,0,0.0,0.0,43.6591,-70.2568,2021,10,5,20
2021-10-05 21:00:00,0.0,0.0,0.0,0.0,13.1,86,3.9,214,1023.5,30,0,30,0,0.0,0.0,43.6591,-70.2568,2021,10,5,21
2021-10-05 22:00:00,0.0,0.0,0.0,0.0,12.2,91,3.4,252,1023.6,27,0,27,0,0.0,0.0,43.6591,-70.2568,2021,10,5,22
2021-10-05 23:00:00,0.0,0.0,0.0,0.0,11.8,92,7.1,285,1023.8,24,0,24,0,0.0,0.0,43.6591,-70.2568,2021,10,5,23
2021-10-06 00:00:00,0.0,0.0,0.0,0.0,11.5,91,6.6,279,1023.6,51,0,51,0,0.0,0.0,43.6591,-70.2568,2021,10,6,0
2021-10-06 01:00:00,0.0,0.0,0.0,0.0,12.0,90,7.3,281,1023.5,96,0,96,0,0.0,0.0,43.6591,-70.2568,2021,10,6,1
2021-10-06 02:00:00,0.0,0.0,0.0,0.0,12.4,88,6.2,277,1023.3,95,0,95,0,0.0,0.0,43.6591,-70.2568,2021,10,6,2
2021-10-06 03:00:00,0.0,0.0,0.0,0.0,12.4,89,5.8,274,1023.1,97,1,97,0,0.0,0.0,43.6591,-70.2568,2021,10,6,3
2021-10-06 04:00:00,0.0,0.0,0.0,0.0,12.8,89,5.1,274,1022.9,100,0,100,0,0.0,0.0,43.6591,-70.2568,2021,10,6,4
2021-10-06 05:00:00,0.0,0.0,0.0,0.0,13.2,89,5.5,281,1023.0,96,0,96,0,0.0,0.0,43.6591,-70.2568,2021,10,6,5
2021-10-06 06:00:00,0.0,0.0,0.0,0.0,13.6,89,5.5,293,1023.3,94,0,94,0,0.0,0.0,43.6591,-70.2568,2021,10,6,6
2021-10-06 07:00:00,1.0,0.0,1.0,0.0,13.6,89,6.4,313,1023.8,67,0,67,0,0.0,0.0,43.6591,-70.2568,2021,10,6,7
2021-10-06 08:00:00,49.0,20.0,29.0,158.1,14.0,89,4.9,324,1024.8,53,0,81,0,0.0,3041.45,43.6591,-70.2568,2021,10,6,8
2021-10-06 09:00:00,188.0,103.0,85.0,347.2,15.6,82,4.8,333,1025.2,9,1,9,0,0.0,3600.0,43.6591,-70.2568,2021,10,6,9
2021-10-06 10:00:00,392.0,305.0,87.0,685.6,17.5,72,5.1,352,1025.4,4,3,2,0,0.0,3600.0,43.6591,-70.2568,2021,10,6,10
2021-10-06 11:00:00,521.0,433.0,88.0,775.6,19.0,65,3.4,18,1025.2,1,0,1,0,0.0,3600.0,43.6591,-70.2568,2021,10,6,11
2021-10-06 12:00:00,617.0,533.0,84.0,847.1,19.9,60,2.9,60,1024.8,1,0,1,0,0.0,3600.0,43.6591,-70.2568,2021,10,6,12
2021-10-06 13:00:00,647.0,562.0,85.0,860.8,20.4,59,2.2,99,1024.1,0,0,0,0,0.0,3600.0,43.6591,-70.2568,2021,10,6,13
2021-10-06 14:00:00,620.0,539.0,81.0,858.9,20.6,59,2.5,135,1023.2,0,0,0,0,0.0,3600.0,43.6591,-70.2568,2021,10,6,14
2021-10-06 15:00:00,535.0,457.0,78.0,823.4,20.4,64,3.7,151,1022.9,4,4,0,0,0.0,3600.0,43.6591,-70.2568,2021,10,6,15
2021-10-06 16:00:00,401.0,326.0,75.0,740.5,19.7,71,5.5,169,1022.4,1,1,0,0,0.0,3600.0,43.6591,-70.2568,2021,10,6,16
2021-10-06 17:00:00,243.0,185.0,58.0,635.9,18.5,80,9.1,173,1021.8,1,1,0,0,0.0,3600.0,43.6591,-70.2568,2021,10,6,17
2021-10-06 18:00:00,78.0,49.0,29.0,397.7,15.9,82,9.8,197,1021.9,0,0,0,0,0.0,3600.0,43.6591,-70.2568,2021,10,6,18
2021-10-06 19:00:00,1.0,0.0,1.0,0.0,14.2,85,10.2,228,1022.3,0,0,0,0,0.0,0.0,43.6591,-70.2568,2021,10,6,19
2021-10-06 20:00:00,0.0,0.0,0.0,0.0,14.0,89,10.1,243,1022.7,2,2,0,0,0.0,0.0,43.6591,-70.2568,2021,10,6,20
2021-10-06 21:00:00,0.0,0.0,0.0,0.0,13.4,91,10.5,248,1023.0,3,3,0,0,0.0,0.0,43.6591,-70.2568,2021,10,6,21
2021-10-06 22:00:00,0.0,0.0,0.0,0.0,13.3,90,10.4,250,1022.9,2,2,0,0,0.0,0.0,43.6591,-70.2568,2021,10,6,22
2021-10-06 23:00:00,0.0,0.0,0.0,0.0,12.9,92,9.8,262,1023.0,2,2,0,0,0.0,0.0,43.6591,-70.2568,2021,10,6,23
2021-10-07 00:00:00,0.0,0.0,0.0,0.0,12.6,96,9.3,286,1022.8,0,0,0,0,0.0,0.0,43.6591,-70.2568,2021,10,7,0
2021-10-07 01:00:00,0.0,0.0,0.0,0.0,12.8,96,8.9,291,1022.7,0,0,0,0,0.0,0.0,43.6591,-70.2568,2021,10,7,1
2021-10-07 02:00:00,0.0,0.0,0.0,0.0,13.4,94,7.1,294,1022.4,1,1,0,0,0.0,0.0,43.6591,-70.2568,2021,10,7,2
2021-10-07 03:00:00,0.0,0.0,0.0,0.0,13.5,94,7.7,332,1022.1,3,3,0,0,0.0,0.0,43.6591,-70.2568,2021,10,7,3
2021-10-07 04:00:00,0.0,0.0,0.0,0.0,12.8,92,8.8,348,1021.9,6,6,0,0,0.0,0.0,43.6591,-70.2568,2021,10,7,4
2021-10-07 05:00:00,0.0,0.0,0.0,0.0,12.0,91,8.8,351,1021.9,11,11,0,0,0.0,0.0,43.6591,-70.2568,2021,10,7,5
2021-10-07 06:00:00,0.0,0.0,0.0,0.0,11.7,90,7.4,346,1021.8,31,31,0,0,0.0,0.0,43.6591,-70.2568,2021,10,7,6
2021-10-07 07:00:00,1.0,0.0,1.0,0.0,11.9,89,6.3,336,1022.0,61,61,0,0,0.0,0.0,43.6591,-70.2568,2021,10,7,7
2021-10-07 08:00:00,62.0,30.0,32.0,241.0,12.8,87,6.6,331,1022.9,63,35,0,7,0.0,3600.0,43.6591,-70.2568,2021,10,7,8
2021-10-07 09:00:00,195.0,119.0,76.0,406.7,14.6,83,4.9,343,1022.8,42,42,0,0,0.0,3600.0,43.6591,-70.2568,2021,10,7,9
2021-10-07 10:00:00,323.0,199.0,124.0,451.7,16.7,76,3.7,11,1022.6,45,44,0,1,0.0,3600.0,43.6591,-70.2568,2021,10,7,10
2021-10-07 11:00:00,436.0,295.0,141.0,532.8,18.4,68,2.8,50,1022.3,40,37,0,4,0.0,3600.0,43.6591,-70.2568,2021,10,7,11
2021-10-07 12:00:00,536.0,379.0,157.0,607.0,19.5,65,1.6,117,1021.7,32,32,0,0,0.0,3600.0,43.6591,-70.2568,2021,10,7,12
2021-10-07 13:00:00,572.0,421.0,151.0,649.9,20.0,66,3.6,127,1020.9,22,22,0,0,0.0,3600.0,43.6591,-70.2568,2021,10,7,13
2021-10-07 14:00:00,586.0,473.0,113.0,760.2,20.0,70,6.4,137,1019.6,2,2,0,0,0.0,3600.0,43.6591,-70.2568,2021,10,7,14
2021-10-07 15:00:00,529.0,449.0,80.0,817.1,19.5,74,8.7,138,1018.9,1,1,0,0,0.0,3600.0,43.6591,-70.2568,2021,10,7,15
2021-10-07 16:00:00,403.0,334.0,69.0,768.5,18.7,77,9.1,146,1018.4,2,2,0,0,0.0,3600.0,43.6591,-70.2568,2021,10,7,16
2021-10-07 17:00:00,240.0,185.0,55.0,648.5,17.3,81,9.0,157,1017.9,0,0,0,0,0.0,3600.0,43.6591,-70.2568,2021,10,7,17
2021-10-07 18:00:00,75.0,48.0,27.0,399.0,15.4,88,9.4,178,1017.8,0,0,0,0,0.0,3600.0,43.6591,-70.2568,2021,10,7,18
2021-10-07 19:00:00,0.0,0.0,0.0,0.0,14.5,94,10.5,207,1017.7,0,0,0,0,0.0,0.0,43.6591,-70.2568,2021,10,7,19
2021-10-07 20:00:00,0.0,0.0,0.0,0.0,14.3,96,9.4,223,1017.5,0,0,0,0,0.0,0.0,43.6591,-70.2568,2021,10,7,20
2021-10-07 21:00:00,0.0,0.0,0.0,0.0,14.0,96,9.4,238,1017.4,0,0,0,0,0.0,0.0,43.6591,-70.2568,2021,10,7,21
2021-10-07 22:00:00,0.0,0.0,0.0,0.0,13.5,95,9.7,270,1017.2,0,0,0,0,0.0,0.0,43.6591,-70.2568,2021,10,7,22
2021-10-07 23:00:00,0.0,0.0,0.0,0.0,13.1,92,8.3,288,1017.2,0,0,0,0,0.0,0.0,43.6591,-70.2568,2021,10,7,23
2021-10-08 00:00:00,0.0,0.0,0.0,0.0,13.4,89,8.2,308,1016.9,0,0,0,0,0.0,0.0,43.6591,-70.2568,2021,10,8,0
2021-10-08 01:00:00,0.0,0.0,0.0,0.0,13.3,87,9.5,323,1016.6,0,0,0,0,0.0,0.0,43.6591,-70.2568,2021,10,8,1
2021-10-08 02:00:00,0.0,0.0,0.0,0.0,13.0,85,10.3,331,1016.3,0,0,0,0,0.0,0.0,43.6591,-70.2568,2021,10,8,2
2021-10-08 03:00:00,0.0,0.0,0.0,0.0,12.8,83,12.2,336,1016.1,0,0,0,0,0.0,0.0,43.6591,-70.2568,2021,10,8,3
2021-10-08 04:00:00,0.0,0.0,0.0,0.0,12.6,83,12.0,339,1016.0,0,0,0,0,0.0,0.0,43.6591,-70.2568,2021,10,8,4
2021-10-08 05:00:00,0.0,0.0,0.0,0.0,12.2,86,11.9,335,1016.4,0,0,0,0,0.0,0.0,43.6591,-70.2568,2021,10,8,5
2021-10-08 06:00:00,0.0,0.0,0.0,0.0,11.9,88,11.4,332,1016.8,1,0,0,1,0.0,0.0,43.6591,-70.2568,2021,10,8,6
2021-10-08 07:00:00,1.0,0.0,1.0,0.0,11.7,89,11.3,329,1017.0,3,0,0,3,0.0,0.0,43.6591,-70.2568,2021,10,8,7
2021-10-08 08:00:00,79.0,51.0,28.0,416.4,13.6,83,11.0,337,1018.0,0,0,0,22,0.0,3600.0,43.6591,-70.2568,2021,10,8,8
2021-10-08 09:00:00,244.0,189.0,55.0,655.0,16.1,75,8.9,346,1018.1,2,0,0,2,0.0,3600.0,43.6591,-70.2568,2021,10,8,9
2021-10-08 10:00:00,406.0,337.0,69.0,772.6,18.4,68,8.3,360,1018.5,0,0,0,0,0.0,3600.0,43.6591,-70.2568,2021,10,8,10
2021-10-08 11:00:00,535.0,460.0,75.0,837.7,20.0,61,8.8,35,1018.8,0,0,0,0,0.0,3600.0,43.6591,-70.2568,2021,10,8,11
2021-10-08 12:00:00,616.0,536.0,80.0,865.2,20.7,58,9.8,66,1018.8,0,0,0,0,0.0,3600.0,43.6591,-70.2568,2021,10,8,12
2021-10-08 13:00:00,641.0,561.0,80.0,872.9,20.3,60,13.0,93,1019.1,0,0,0,0,0.0,3600.0,43.6591,-70.2568,2021,10,8,13
2021-10-08 14:00:00,609.0,530.0,79.0,859.1,17.2,73,20.9,109,1019.3,9,9,0,0,0.0,3600.0,43.6591,-70.2568,2021,10,8,14
2021-10-08 15:00:00,526.0,451.0,75.0,829.0,16.4,73,20.2,93,1019.7,5,5,0,0,0.0,3600.0,43.6591,-70.2568,2021,10,8,15
2021-10-08 16:00:00,377.0,298.0,79.0,694.6,15.3,78,17.2,100,1020.0,5,5,1,0,0.0,3600.0,43.6591,-70.2568,2021,10,8,16
2021-10-08 17:00:00,224.0,168.0,56.0,600.7,14.6,82,14.9,97,1020.2,6,6,1,0,0.0,3600.0,43.6591,-70.2568,2021,10,8,17
2021-10-08 18:00:00,67.0,41.0,26.0,349.2,13.6,86,11.6,97,1020.7,15,15,0,0,0.0,3600.0,43.6591,-70.2568,2021,10,8,18
2021-10-08 19:00:00,0.0,0.0,0.0,0.0,13.4,84,12.6,95,1021.0,21,21,1,0,0.0,0.0,43.6591,-70.2568,2021,10,8,19
2021-10-08 20:00:00,0.0,0.0,0.0,0.0,13.2,84,13.3,103,1022.4,18,17,1,0,0.0,0.0,43.6591,-70.2568,2021,10,8,20
2021-10-08 21:00:00,0.0,0.0,0.0,0.0,13.0,81,13.2,101,1022.8,32,32,2,0,0.0,0.0,43.6591,-70.2568,2021,10,8,21
2021-10-08 22:00:00,0.0,0.0,0.0,0.0,13.1,77,13.8,96,1023.4,49,49,1,0,0.0,0.0,43.6591,-70.2568,2021,10,8,22
2021-10-08 23:00:00,0.0,0.0,0.0,0.0,13.0,75,14.0,90,1023.7,43,42,2,0,0.0,0.0,43.6591,-70.2568,2021,10,8,23
2021-10-09 00:00:00,0.0,0.0,0.0,0.0,12.6,75,13.4,85,1023.6,28,27,2,0,0.0,0.0,43.6591,-70.2568,2021,10,9,0
2021-10-09 01:00:00,0.0,0.0,0.0,0.0,12.1,76,12.4,80,1023.6,19,18,2,0,0.0,0.0,43.6591,-70.2568,2021,10,9,1
2021-10-09 02:00:00,0.0,0.0,0.0,0.0,11.7,78,11.6,68,1023.6,16,16,1,0,0.0,0.0,43.6591,-70.2568,2021,10,9,2
2021-10-09 03:00:00,0.0,0.0,0.0,0.0,11.4,82,10.8,53,1023.8,45,45,1,0,0.0,0.0,43.6591,-70.2568,2021,10,9,3
2021-10-09 04:00:00,0.0,0.0,0.0,0.0,11.4,83,10.7,45,1023.6,35,35,2,0,0.0,0.0,43.6591,-70.2568,2021,10,9,4
2021-10-09 05:00:00,0.0,0.0,0.0,0.0,11.2,84,11.4,35,1023.8,73,73,2,0,0.0,0.0,43.6591,-70.2568,2021,10,9,5
2021-10-09 06:00:00,0.0,0.0,0.0,0.0,11.1,83,11.4,28,1024.2,95,95,2,0,0.0,0.0,43.6591,-70.2568,2021,10,9,6
2021-10-09 07:00:00,0.0,0.0,0.0,0.0,11.3,82,10.6,28,1024.8,67,67,2,0,0.0,0.0,43.6591,-70.2568,2021,10,9,7
2021-10-09 08:00:00,49.0,20.0,29.0,166.1,12.1,82,10.8,53,1025.5,68,100,3,0,0.0,3540.22,43.6591,-70.2568,2021,10,9,8
2021-10-09 09:00:00,89.0,5.0,84.0,17.6,12.8,79,13.5,74,1025.9,100,100,3,0,0.0,0.0,43.6591,-70.2568,2021,10,9,9
2021-10-09 10:00:00,124.0,3.0,121.0,6.9,13.2,76,14.2,83,1026.0,100,100,3,9,0.0,0.0,43.6591,-70.2568,2021,10,9,10
2021-10-09 11:00:00,141.0,0.0,141.0,0.0,13.2,76,14.4,86,1025.9,100,100,2,1,0.0,0.0,43.6591,-70.2568,2021,10,9,11
2021-10-09 12:00:00,314.0,71.0,243.0,115.5,14.0,73,13.7,95,1025.7,100,100,2,0,0.0,1665.34,43.6591,-70.2568,2021,10,9,12
2021-10-09 13:00:00,241.0,41.0,200.0,64.3,13.7,74,13.4,96,1025.4,100,100,1,0,0.0,129.27,43.6591,-70.2568,2021,10,9,13
2021-10-09 14:00:00,259.0,31.0,228.0,50.7,13.7,73,12.5,102,1024.9,100,100,1,6,0.0,0.0,43.6591,-70.2568,2021,10,9,14
2021-10-09 15:00:00,213.0,34.0,179.0,63.1,13.5,72,12.2,104,1024.7,100,100,0,98,0.0,93.84,43.6591,-70.2568,2021,10,9,15
2021-10-09 16:00:00,173.0,17.0,156.0,40.1,13.3,73,11.6,106,1024.6,100,100,0,98,0.0,0.0,43.6591,-70.2568,2021,10,9,16
2021-10-09 17:00:00,124.0,41.0,83.0,149.6,13.1,74,10.0,116,1024.6,100,100,0,99,0.0,2687.86,43.6591,-70.2568,2021,10,9,17
2021-10-09 18:00:00,38.0,9.0,29.0,78.6,12.7,77,7.3,123,1024.6,96,71,0,95,0.0,884.25,43.6591,-70.2568,2021,10,9,18
2021-10-09 19:00:00,0.0,0.0,0.0,0.0,12.4,79,6.1,118,1024.6,95,53,0,94,0.0,0.0,43.6591,-70.2568,2021,10,9,19
2021-10-09 20:00:00,0.0,0.0,0.0,0.0,12.6,83,8.1,122,1025.2,90,63,0,91,0.0,0.0,43.6591,-70.2568,2021,10,9,20
2021-10-09 21:00:00,0.0,0.0,0.0,0.0,12.0,85,7.6,121,1025.3,97,40,0,95,0.0,0.0,43.6591,-70.2568,2021,10,9,21
2021-10-09 22:00:00,0.0,0.0,0.0,0.0,12.0,86,9.2,116,1025.2,79,14,0,76,0.0,0.0,43.6591,-70.2568,2021,10,9,22
2021-10-09 23:00:00,0.0,0.0,0.0,0.0,11.7,86,7.2,117,1025.0,96,27,0,94,0.0,0.0,43.6591,-70.2568,2021,10,9,23
2021-10-10 00:00:00,0.0,0.0,0.0,0.0,12.0,83,7.6,115,1024.7,99,31,0,98,0.0,0.0,43.6591,-70.2568,2021,10,10,0
2021-10-10 01:00:00,0.0,0.0,0.0,0.0,12.1,81,7.1,135,1024.5,99,42,0,99,0.0,0.0,43.6591,-70.2568,2021,10,10,1
2021-10-10 02:00:00,0.0,0.0,0.0,0.0,12.0,82,6.4,137,1024.2,99,40,0,99,0.0,0.0,43.6591,-70.2568,2021,10,10,2
2021-10-10 03:00:00,0.0,0.0,0.0,0.0,12.0,82,6.5,146,1024.1,100,33,0,100,0.0,0.0,43.6591,-70.2568,2021,10,10,3
2021-10-10 04:00:00,0.0,0.0,0.0,0.0,12.0,81,8.2,131,1023.6,100,21,0,100,0.0,0.0,43.6591,-70.2568,2021,10,10,4
2021-10-10 05:00:00,0.0,0.0,0.0,0.0,12.0,83,10.1,125,1023.4,100,5,0,100,0.0,0.0,43.6591,-70.2568,2021,10,10,5
2021-10-10 06:00:00,0.0,0.0,0.0,0.0,11.9,86,9.0,127,1023.3,75,5,5,73,0.0,0.0,43.6591,-70.2568,2021,10,10,6
2021-10-10 07:00:00,0.0,0.0,0.0,0.0,12.0,87,7.8,124,1023.2,90,18,14,88,0.0,0.0,43.6591,-70.2568,2021,10,10,7
2021-10-10 08:00:00,60.0,25.0,35.0,211.2,12.8,91,6.8,115,1024.0,100,100,6,99,0.0,3600.0,43.6591,-70.2568,2021,10,10,8
2021-10-10 09:00:00,63.0,1.0,62.0,3.6,13.4,91,5.8,112,1024.2,100,96,0,99,0.1,0.0,43.6591,-70.2568,2021,10,10,9
2021-10-10 10:00:00,130.0,14.0,116.0,32.7,14.1,87,11.0,122,1024.3,100,99,0,98,0.1,0.0,43.6591,-70.2568,2021,10,10,10
2021-10-10 11:00:00,225.0,21.0,204.0,38.9,14.9,83,10.0,116,1024.1,100,100,0,100,0.0,0.0,43.6591,-70.2568,2021,10,10,11
2021-10-10 12:00:00,217.0,15.0,202.0,24.6,15.0,83,9.9,109,1023.7,100,98,0,100,0.0,0.0,43.6591,-70.2568,2021,10,10,12
2021-10-10 13:00:00,199.0,15.0,184.0,23.7,15.1,85,10.7,104,1023.0,100,100,0,100,0.1,0.0,43.6591,-70.2568,2021,10,10,13
2021-10-10 14:00:00,210.0,4.0,206.0,6.6,15.4,84,11.1,115,1022.6,100,100,0,100,0.1,0.0,43.6591,-70.2568,2021,10,10,14
2021-10-10 15:00:00,119.0,2.0,117.0,3.8,15.3,86,12.2,135,1022.3,100,100,61,100,0.0,0.0,43.6591,-70.2568,2021,10,10,15
2021-10-10 16:00:00,83.0,0.0,83.0,0.0,15.4,86,9.3,144,1021.8,100,99,93,100,0.0,0.0,43.6591,-70.2568,2021,10,10,16
2021-10-10 17:00:00,68.0,0.0,68.0,0.0,15.3,86,8.6,147,1021.2,100,90,100,100,0.0,0.0,43.6591,-70.2568,2021,10,10,17
2021-10-10 18:00:00,18.0,0.0,18.0,0.0,14.5,89,7.5,145,1020.9,100,79,98,94,0.0,0.0,43.6591,-70.2568,2021,10,10,18
2021-10-10 19:00:00,0.0,0.0,0.0,0.0,14.3,90,8.4,149,1020.8,100,27,100,90,0.0,0.0,43.6591,-70.2568,2021,10,10,19
2021-10-10 20:00:00,0.0,0.0,0.0,0.0,14.2,90,8.6,147,1021.1,91,10,37,42,0.0,0.0,43.6591,-70.2568,2021,10,10,20
2021-10-10 21:00:00,0.0,0.0,0.0,0.0,13.7,92,8.2,139,1020.9,15,13,6,0,0.0,0.0,43.6591,-70.2568,2021,10,10,21
2021-10-10 22:00:00,0.0,0.0,0.0,0.0,13.5,92,7.4,133,1020.6,45,45,11,0,0.0,0.0,43.6591,-70.2568,2021,10,10,22
2021-10-10 23:00:00,0.0,0.0,0.0,0.0,13.6,92,7.7,127,1020.4,100,100,57,0,0.0,0.0,43.6591,-70.2568,2021,10,10,23
2021-10-11 00:00:00,0.0,0.0,0.0,0.0,14.0,91,6.6,131,1020.0,100,100,26,0,0.0,0.0,43.6591,-70.2568,2021,10,11,0
2021-10-11 01:00:00,0.0,0.0,0.0,0.0,13.9,92,6.9,129,1019.5,100,100,1,0,0.0,0.0,43.6591,-70.2568,2021,10,11,1
2021-10-11 02:00:00,0.0,0.0,0.0,0.0,13.8,93,5.4,132,1018.8,82,82,1,0,0.0,0.0,43.6591,-70.2568,2021,10,11,2
2021-10-11 03:00:00,0.0,0.0,0.0,0.0,12.9,95,4.0,90,1018.0,14,14,4,0,0.0,0.0,43.6591,-70.2568,2021,10,11,3
2021-10-11 04:00:00,0.0,0.0,0.0,0.0,11.7,96,5.6,40,1017.9,23,23,4,0,0.0,0.0,43.6591,-70.2568,2021,10,11,4
2021-10-11 05:00:00,0.0,0.0,0.0,0.0,12.4,96,7.0,12,1017.9,37,37,1,0,0.0,0.0,43.6591,-70.2568,2021,10,11,5
2021-10-11 06:00:00,0.0,0.0,0.0,0.0,12.0,98,8.4,10,1017.8,30,30,1,0,0.0,0.0,43.6591,-70.2568,2021,10,11,6
2021-10-11 07:00:00,0.0,0.0,0.0,0.0,11.5,98,7.3,11,1018.2,43,41,10,0,0.0,0.0,43.6591,-70.2568,2021,10,11,7
2021-10-11 08:00:00,57.0,31.0,26.0,266.5,12.8,96,6.5,6,1019.0,48,100,55,0,0.0,3600.0,43.6591,-70.2568,2021,10,11,8
2021-10-11 09:00:00,100.0,14.0,86.0,50.7,13.9,91,4.8,42,1019.1,100,100,76,0,0.0,0.0,43.6591,-70.2568,2021,10,11,9
2021-10-11 10:00:00,139.0,24.0,115.0,56.7,14.6,87,3.6,37,1019.1,97,96,89,0,0.0,0.0,43.6591,-70.2568,2021,10,11,10
2021-10-11 11:00:00,275.0,102.0,173.0,190.6,15.9,82,0.8,63,1018.9,97,95,64,20,0.0,3600.0,43.6591,-70.2568,2021,10,11,11
2021-10-11 12:00:00,360.0,131.0,229.0,216.6,17.3,77,1.8,143,1018.1,95,78,0,76,0.0,3600.0,43.6591,-70.2568,2021,10,11,12
2021-10-11 13:00:00,472.0,281.0,191.0,447.9,18.6,72,3.1,144,1017.4,96,70,0,88,0.0,3600.0,43.6591,-70.2568,2021,10,11,13
2021-10-11 14:00:00,303.0,192.0,111.0,319.4,18.3,76,3.1,126,1016.8,95,32,0,92,0.0,3600.0,43.6591,-70.2568,2021,10,11,14
2021-10-11 15:00:00,385.0,214.0,171.0,405.5,18.6,77,2.3,129,1016.8,97,65,0,92,0.0,3600.0,43.6591,-70.2568,2021,10,11,15
2021-10-11 16:00:00,267.0,106.0,161.0,257.0,17.9,82,5.6,135,1016.5,100,93,0,95,0.0,3600.0,43.6591,-70.2568,2021,10,11,16
2021-10-11 17:00:00,136.0,35.0,101.0,133.0,16.6,86,7.5,145,1016.1,98,1,0,98,0.0,2191.33,43.6591,-70.2568,2021,10,11,17
2021-10-11 18:00:00,47.0,12.0,35.0,110.2,14.5,94,7.2,174,1015.9,98,3,0,98,0.0,2147.81,43.6591,-70.2568,2021,10,11,18
2021-10-11 19:00:00,0.0,0.0,0.0,0.0,13.8,96,8.6,202,1016.0,98,3,0,98,0.0,0.0,43.6591,-70.2568,2021,10,11,19
2021-10-11 20:00:00,0.0,0.0,0.0,0.0,13.9,98,9.2,211,1016.4,17,2,0,95,0.0,0.0,43.6591,-70.2568,2021,10,11,20
2021-10-11 21:00:00,0.0,0.0,0.0,0.0,13.6,98,7.1,221,1016.6,49,2,0,48,0.0,0.0,43.6591,-70.2568,2021,10,11,21
2021-10-11 22:00:00,0.0,0.0,0.0,0.0,13.4,98,7.6,205,1016.6,49,3,0,47,0.0,0.0,43.6591,-70.2568,2021,10,11,22
2021-10-11 23:00:00,0.0,0.0,0.0,0.0,13.3,98,7.7,208,1016.6,37,0,0,37,0.0,0.0,43.6591,-70.2568,2021,10,11,23
2021-10-12 00:00:00,0.0,0.0,0.0,0.0,13.0,99,8.4,230,1016.4,77,0,0,77,0.0,0.0,43.6591,-70.2568,2021,10,12,0
2021-10-12 01:00:00,0.0,0.0,0.0,0.0,12.8,99,8.6,255,1016.0,38,0,0,38,0.0,0.0,43.6591,-70.2568,2021,10,12,1
2021-10-12 02:00:00,0.0,0.0,0.0,0.0,12.7,98,8.4,263,1015.8,94,0,0,94,0.0,0.0,43.6591,-70.2568,2021,10,12,2
2021-10-12 03:00:00,0.0,0.0,0.0,0.0,12.6,97,8.7,263,1015.9,92,0,0,92,0.0,0.0,43.6591,-70.2568,2021,10,12,3
2021-10-12 04:00:00,0.0,0.0,0.0,0.0,12.6,97,8.3,265,1016.0,91,0,0,91,0.0,0.0,43.6591,-70.2568,2021,10,12,4
2021-10-12 05:00:00,0.0,0.0,0.0,0.0,12.5,97,7.4,256,1015.8,0,0,0,0,0.0,0.0,43.6591,-70.2568,2021,10,12,5
2021-10-12 06:00:00,0.0,0.0,0.0,0.0,12.3,97,6.6,257,1015.8,0,0,0,0,0.0,0.0,43.6591,-70.2568,2021,10,12,6
2021-10-12 07:00:00,0.0,0.0,0.0,0.0,12.1,97,5.5,259,1016.1,18,0,0,18,0.0,0.0,43.6591,-70.2568,2021,10,12,7
2021-10-12 08:00:00,64.0,40.0,24.0,350.1,13.6,94,7.7,281,1016.8,59,0,0,100,0.0,3600.0,43.6591,-70.2568,2021,10,12,8
2021-10-12 09:00:00,215.0,154.0,61.0,565.8,15.7,90,4.5,256,1016.7,98,0,0,98,0.0,3600.0,43.6591,-70.2568,2021,10,12,9
2021-10-12 10:00:00,366.0,284.0,82.0,678.1,17.6,86,2.6,254,1016.6,93,0,0,93,0.0,3600.0,43.6591,-70.2568,2021,10,12,10
2021-10-12 11:00:00,485.0,383.0,102.0,721.7,19.9,79,2.3,219,1016.4,99,0,0,99,0.0,3600.0,43.6591,-70.2568,2021,10,12,11
2021-10-12 12:00:00,555.0,427.0,128.0,711.6,21.4,72,4.0,175,1015.6,100,0,0,100,0.0,3600.0,43.6591,-70.2568,2021,10,12,12
2021-10-12 13:00:00,565.0,408.0,157.0,655.7,21.7,73,6.9,152,1014.8,100,0,0,100,0.0,3600.0,43.6591,-70.2568,2021,10,12,13
2021-10-12 14:00:00,486.0,270.0,216.0,453.2,21.4,78,7.9,156,1014.0,100,0,0,100,0.0,3600.0,43.6591,-70.2568,2021,10,12,14
2021-10-12 15:00:00,408.0,221.0,187.0,423.1,21.6,80,7.9,164,1013.9,100,0,0,100,0.0,3600.0,43.6591,-70.2568,2021,10,12,15
2021-10-12 16:00:00,291.0,142.0,149.0,348.9,21.3,84,7.7,169,1013.5,81,0,0,81,0.0,3600.0,43.6591,-70.2568,2021,10,12,16
2021-10-12 17:00:00,185.0,105.0,80.0,407.5,20.6,88,7.9,180,1013.3,19,0,0,19,0.0,3600.0,43.6591,-70.2568,2021,10,12,17
2021-10-12 18:00:00,51.0,30.0,21.0,282.6,18.9,87,8.9,194,1013.3,86,0,0,86,0.0,3460.29,43.6591,-70.2568,2021,10,12,18
2021-10-12 19:00:00,0.0,0.0,0.0,0.0,17.7,88,11.3,217,1013.1,69,0,0,69,0.0,0.0,43.6591,-70.2568,2021,10,12,19
2021-10-12 20:00:00,0.0,0.0,0.0,0.0,17.1,89,10.0,221,1013.4,10,0,0,32,0.0,0.0,43.6591,-70.2568,2021,10,12,20
2021-10-12 21:00:00,0.0,0.0,0.0,0.0,16.4,90,10.4,236,1013.4,23,0,0,23,0.0,0.0,43.6591,-70.2568,2021,10,12,21
2021-10-12 22:00:00,0.0,0.0,0.0,0.0,15.7,92,10.5,248,1013.6,29,0,0,29,0.0,0.0,43.6591,-70.2568,2021,10,12,22
2021-10-12 23:00:00,0.0,0.0,0.0,0.0,15.3,92,10.6,252,1013.6,50,0,2,49,0.0,0.0,43.6591,-70.2568,2021,10,12,23
2021-10-13 00:00:00,0.0,0.0,0.0,0.0,15.1,92,10.4,256,1013.3,93,0,8,93,0.0,0.0,43.6591,-70.2568,2021,10,13,0
2021-10-13 01:00:00,0.0,0.0,0.0,0.0,14.8,92,10.2,262,1013.0,11,0,11,0,0.0,0.0,43.6591,-70.2568,2021,10,13,1
2021-10-13 02:00:00,0.0,0.0,0.0,0.0,14.2,94,9.7,266,1012.7,10,0,0,10,0.0,0.0,43.6591,-70.2568,2021,10,13,2
2021-10-13 03:00:00,0.0,0.0,0.0,0.0,14.1,94,7.9,273,1012.5,98,0,39,98,0.0,0.0,43.6591,-70.2568,2021,10,13,3
2021-10-13 04:00:00,0.0,0.0,0.0,0.0,14.1,93,7.6,275,1012.2,100,0,46,100,0.0,0.0,43.6591,-70.2568,2021,10,13,4
2021-10-13 05:00:00,0.0,0.0,0.0,0.0,14.1,94,3.4,288,1011.9,100,0,0,100,0.0,0.0,43.6591,-70.2568,2021,10,13,5
2021-10-13 06:00:00,0.0,0.0,0.0,0.0,14.3,92,0.8,153,1012.1,99,0,40,99,0.0,0.0,43.6591,-70.2568,2021,10,13,6
2021-10-13 07:00:00,0.0,0.0,0.0,0.0,13.5,96,6.4,223,1012.6,49,0,16,44,0.0,0.0,43.6591,-70.2568,2021,10,13,7
2021-10-13 08:00:00,57.0,31.0,26.0,276.3,13.8,96,4.3,246,1012.8,61,0,11,2,0.0,3600.0,43.6591,-70.2568,2021,10,13,8
2021-10-13 09:00:00,214.0,157.0,57.0,585.7,16.4,91,1.6,297,1012.8,0,0,0,0,0.0,3600.0,43.6591,-70.2568,2021,10,13,9
2021-10-13 10:00:00,372.0,305.0,67.0,735.9,18.9,81,1.8,143,1012.8,0,0,0,0,0.0,3600.0,43.6591,-70.2568,2021,10,13,10
2021-10-13 11:00:00,498.0,424.0,74.0,806.0,20.7,74,4.5,151,1012.3,0,0,0,0,0.0,3600.0,43.6591,-70.2568,2021,10,13,11
2021-10-13 12:00:00,577.0,499.0,78.0,838.4,21.9,71,6.4,153,1011.7,21,0,0,21,0.0,3600.0,43.6591,-70.2568,2021,10,13,12
2021-10-13 13:00:00,600.0,518.0,82.0,839.2,22.4,71,8.7,156,1011.0,67,0,0,67,0.0,3600.0,43.6591,-70.2568,2021,10,13,13
2021-10-13 14:00:00,565.0,481.0,84.0,814.5,22.4,72,10.2,157,1010.3,99,0,0,99,0.0,3600.0,43.6591,-70.2568,2021,10,13,14
2021-10-13 15:00:00,420.0,250.0,170.0,483.5,21.5,74,11.3,163,1010.0,95,0,0,95,0.0,3600.0,43.6591,-70.2568,2021,10,13,15
2021-10-13 16:00:00,302.0,160.0,142.0,398.3,20.5,76,12.3,173,1009.7,71,0,0,71,0.0,3600.0,43.6591,-70.2568,2021,10,13,16
2021-10-13 17:00:00,191.0,126.0,65.0,499.4,19.2,79,13.8,189,1009.5,99,0,0,99,0.0,3600.0,43.6591,-70.2568,2021,10,13,17
2021-10-13 18:00:00,40.0,12.0,28.0,116.0,17.7,82,13.4,200,1009.4,9,0,0,9,0.0,2261.96,43.6591,-70.2568,2021,10,13,18
2021-10-13 19:00:00,0.0,0.0,0.0,0.0,16.7,87,13.2,206,1009.5,41,0,2,40,0.0,0.0,43.6591,-70.2568,2021,10,13,19
2021-10-13 20:00:00,0.0,0.0,0.0,0.0,16.5,88,13.1,212,1009.7,21,0,3,100,0.0,0.0,43.6591,-70.2568,2021,10,13,20
2021-10-13 21:00:00,0.0,0.0,0.0,0.0,16.3,90,11.3,217,1009.5,99,0,2,99,0.0,0.0,43.6591,-70.2568,2021,10,13,21
2021-10-13 22:00:00,0.0,0.0,0.0,0.0,15.8,93,9.4,223,1009.2,1,0,0,1,0.0,0.0,43.6591,-70.2568,2021,10,13,22
2021-10-13 23:00:00,0.0,0.0,0.0,0.0,15.3,94,8.6,237,1009.0,0,0,0,0,0.0,0.0,43.6591,-70.2568,2021,10,13,23
2021-10-14 00:00:00,0.0,0.0,0.0,0.0,15.0,93,7.7,242,1008.4,2,0,0,2,0.0,0.0,43.6591,-70.2568,2021,10,14,0
2021-10-14 01:00:00,0.0,0.0,0.0,0.0,14.7,94,6.5,273,1008.2,0,0,0,0,0.0,0.0,43.6591,-70.2568,2021,10,14,1
2021-10-14 02:00:00,0.0,0.0,0.0,0.0,14.3,95,4.9,306,1007.9,0,0,0,0,0.0,0.0,43.6591,-70.2568,2021,10,14,2
2021-10-14 03:00:00,0.0,0.0,0.0,0.0,14.9,92,8.3,342,1007.9,0,0,0,0,0.0,0.0,43.6591,-70.2568,2021,10,14,3
2021-10-14 04:00:00,0.0,0.0,0.0,0.0,14.7,92,11.2,356,1007.8,5,4,1,0,0.0,0.0,43.6591,-70.2568,2021,10,14,4
2021-10-14 05:00:00,0.0,0.0,0.0,0.0,14.5,93,10.9,354,1007.9,8,4,5,0,0.0,0.0,43.6591,-70.2568,2021,10,14,5
2021-10-14 06:00:00,0.0,0.0,0.0,0.0,14.6,93,11.1,347,1008.4,3,3,0,0,0.0,0.0,43.6591,-70.2568,2021,10,14,6
2021-10-14 07:00:00,0.0,0.0,0.0,0.0,14.6,94,11.5,346,1008.9,6,6,0,0,0.0,0.0,43.6591,-70.2568,2021,10,14,7
2021-10-14 08:00:00,56.0,33.0,23.0,299.7,16.3,91,11.2,358,1008.9,1,2,0,0,0.0,3600.0,43.6591,-70.2568,2021,10,14,8
2021-10-14 09:00:00,209.0,154.0,55.0,583.5,18.4,85,11.6,355,1009.3,1,1,0,0,0.0,3600.0,43.6591,-70.2568,2021,10,14,9
2021-10-14 10:00:00,363.0,294.0,69.0,716.9,20.3,77,12.7,345,1009.3,4,1,3,0,0.0,3600.0,43.6591,-70.2568,2021,10,14,10
2021-10-14 11:00:00,486.0,407.0,79.0,780.5,21.8,70,11.6,344,1008.9,21,0,6,16,0.0,3600.0,43.6591,-70.2568,2021,10,14,11
2021-10-14 12:00:00,561.0,472.0,89.0,799.5,23.1,64,9.8,352,1008.6,6,6,3,0,0.0,3600.0,43.6591,-70.2568,2021,10,14,12
2021-10-14 13:00:00,574.0,486.0,88.0,793.9,23.7,60,7.0,348,1007.9,13,10,0,3,0.0,3600.0,43.6591,-70.2568,2021,10,14,13
2021-10-14 14:00:00,551.0,468.0,83.0,799.5,23.9,59,6.3,329,1007.4,30,14,8,17,0.0,3600.0,43.6591,-70.2568,2021,10,14,14
2021-10-14 15:00:00,455.0,363.0,92.0,709.3,23.6,62,1.8,90,1007.2,31,11,22,8,0.0,3600.0,43.6591,-70.2568,2021,10,14,15
2021-10-14 16:00:00,273.0,175.0,98.0,441.5,21.9,80,6.0,107,1007.2,57,28,47,0,0.0,3600.0,43.6591,-70.2568,2021,10,14,16
2021-10-14 17:00:00,152.0,82.0,70.0,331.9,20.2,87,8.4,121,1007.5,100,29,48,100,0.0,3600.0,43.6591,-70.2568,2021,10,14,17
2021-10-14 18:00:00,30.0,7.0,23.0,69.5,18.2,90,6.9,141,1007.7,78,21,9,69,0.0,673.07,43.6591,-70.2568,2021,10,14,18
2021-10-14 19:00:00,0.0,0.0,0.0,0.0,16.3,95,9.4,113,1008.5,100,19,4,100,0.0,0.0,43.6591,-70.2568,2021,10,14,19
2021-10-14 20:00:00,0.0,0.0,0.0,0.0,17.0,96,4.0,90,1008.7,36,31,15,20,0.0,0.0,43.6591,-70.2568,2021,10,14,20
2021-10-14 21:00:00,0.0,0.0,0.0,0.0,16.4,98,7.7,131,1009.1,99,27,28,98,0.0,0.0,43.6591,-70.2568,2021,10,14,21
2021-10-14 22:00:00,0.0,0.0,0.0,0.0,16.3,97,8.0,144,1009.5,100,15,9,100,0.0,0.0,43.6591,-70.2568,2021,10,14,22
2021-10-14 23:00:00,0.0,0.0,0.0,0.0,15.7,97,3.1,249,1009.6,82,34,28,63,0.0,0.0,43.6591,-70.2568,2021,10,14,23
2021-10-15 00:00:00,0.0,0.0,0.0,0.0,15.9,96,4.1,135,1009.5,100,100,28,100,0.1,0.0,43.6591,-70.2568,2021,10,15,0
2021-10-15 01:00:00,0.0,0.0,0.0,0.0,15.8,96,9.0,85,1009.7,100,100,92,100,0.0,0.0,43.6591,-70.2568,2021,10,15,1
2021-10-15 02:00:00,0.0,0.0,0.0,0.0,15.3,97,8.7,73,1009.6,100,100,100,100,0.0,0.0,43.6591,-70.2568,2021,10,15,2
2021-10-15 03:00:00,0.0,0.0,0.0,0.0,15.1,97,7.2,84,1009.6,100,100,100,100,0.2,0.0,43.6591,-70.2568,2021,10,15,3
2021-10-15 04:00:00,0.0,0.0,0.0,0.0,14.9,98,5.4,98,1009.6,100,100,100,100,0.4,0.0,43.6591,-70.2568,2021,10,15,4
2021-10-15 05:00:00,0.0,0.0,0.0,0.0,15.0,98,4.4,99,1009.9,100,100,56,100,0.1,0.0,43.6591,-70.2568,2021,10,15,5
2021-10-15 06:00:00,0.0,0.0,0.0,0.0,14.9,98,5.1,98,1010.1,100,100,5,68,0.0,0.0,43.6591,-70.2568,2021,10,15,6
2021-10-15 07:00:00,0.0,0.0,0.0,0.0,14.8,98,5.1,86,1010.3,100,100,5,0,0.0,0.0,43.6591,-70.2568,2021,10,15,7
2021-10-15 08:00:00,29.0,6.0,23.0,55.5,14.8,97,6.7,106,1010.7,100,100,56,94,0.0,199.19,43.6591,-70.2568,2021,10,15,8
2021-10-15 09:00:00,80.0,2.0,78.0,7.7,15.1,95,9.1,124,1011.0,100,100,52,97,0.0,0.0,43.6591,-70.2568,2021,10,15,9
2021-10-15 10:00:00,117.0,1.0,116.0,2.5,15.4,92,8.2,142,1011.1,100,100,2,100,0.0,0.0,43.6591,-70.2568,2021,10,15,10
2021-10-15 11:00:00,162.0,7.0,155.0,13.5,16.1,88,7.9,164,1011.1,100,100,29,6,0.0,0.0,43.6591,-70.2568,2021,10,15,11
2021-10-15 12:00:00,142.0,2.0,140.0,3.4,16.4,87,7.8,167,1010.7,100,100,1,0,0.0,0.0,43.6591,-70.2568,2021,10,15,12
2021-10-15 13:00:00,262.0,38.0,224.0,62.6,17.4,82,9.3,167,1010.3,100,100,4,3,0.0,77.56,43.6591,-70.2568,2021,10,15,13
2021-10-15 14:00:00,249.0,31.0,218.0,53.4,17.5,81,9.8,152,1009.5,100,100,0,9,0.0,0.0,43.6591,-70.2568,2021,10,15,14
2021-10-15 15:00:00,205.0,37.0,168.0,73.0,17.2,84,9.1,146,1009.3,100,100,2,85,0.0,391.35,43.6591,-70.2568,2021,10,15,15
2021-10-15 16:00:00,156.0,19.0,137.0,48.6,16.9,87,9.0,157,1008.9,100,100,0,30,0.0,0.0,43.6591,-70.2568,2021,10,15,16
2021-10-15 17:00:00,56.0,0.0,56.0,0.0,16.3,91,9.7,153,1008.7,12,10,4,1,0.0,0.0,43.6591,-70.2568,2021,10,15,17
2021-10-15 18:00:00,38.0,18.0,20.0,183.5,15.3,98,9.0,143,1008.6,53,46,25,3,0.0,3162.21,43.6591,-70.2568,2021,10,15,18
2021-10-15 19:00:00,0.0,0.0,0.0,0.0,15.2,99,8.2,157,1008.6,100,100,9,2,0.0,0.0,43.6591,-70.2568,2021,10,15,19
2021-10-15 20:00:00,0.0,0.0,0.0,0.0,15.4,98,7.9,150,1009.6,100,100,100,97,0.0,0.0,43.6591,-70.2568,2021,10,15,20
2021-10-15 21:00:00,0.0,0.0,0.0,0.0,15.5,98,8.0,144,1009.7,99,98,76,9,2.8,0.0,43.6591,-70.2568,2021,10,15,21
2021-10-15 22:00:00,0.0,0.0,0.0,0.0,15.4,100,9.5,127,1009.2,100,100,29,10,0.2,0.0,43.6591,-70.2568,2021,10,15,22
2021-10-15 23:00:00,0.0,0.0,0.0,0.0,15.7,99,10.3,151,1008.8,100,100,93,29,0.0,0.0,43.6591,-70.2568,2021,10,15,23
2021-10-16 00:00:00,0.0,0.0,0.0,0.0,16.0,99,10.8,165,1008.1,100,100,100,100,0.0,0.0,43.6591,-70.2568,2021,10,16,0
2021-10-16 01:00:00,0.0,0.0,0.0,0.0,16.3,99,10.1,176,1007.6,100,100,100,50,0.1,0.0,43.6591,-70.2568,2021,10,16,1
2021-10-16 02:00:00,0.0,0.0,0.0,0.0,16.3,100,10.4,178,1007.1,100,100,100,94,0.2,0.0,43.6591,-70.2568,2021,10,16,2
2021-10-16 03:00:00,0.0,0.0,0.0,0.0,16.4,100,11.9,183,1006.8,100,100,100,100,0.5,0.0,43.6591,-70.2568,2021,10,16,3
2021-10-16 04:00:00,0.0,0.0,0.0,0.0,16.5,100,13.7,182,1006.5,100,100,99,100,0.4,0.0,43.6591,-70.2568,2021,10,16,4
2021-10-16 05:00:00,0.0,0.0,0.0,0.0,16.6,100,12.6,185,1006.0,100,100,35,96,0.6,0.0,43.6591,-70.2568,2021,10,16,5
2021-10-16 06:00:00,0.0,0.0,0.0,0.0,16.6,100,13.4,188,1005.6,100,100,51,87,0.2,0.0,43.6591,-70.2568,2021,10,16,6
2021-10-16 07:00:00,0.0,0.0,0.0,0.0,16.8,100,13.6,192,1005.4,100,100,35,61,0.1,0.0,43.6591,-70.2568,2021,10,16,7
2021-10-16 08:00:00,23.0,3.0,20.0,28.3,17.2,99,14.0,179,1005.6,100,100,13,100,0.1,0.0,43.6591,-70.2568,2021,10,16,8
2021-10-16 09:00:00,56.0,0.0,56.0,0.0,17.4,98,15.8,181,1005.2,100,100,8,97,0.0,0.0,43.6591,-70.2568,2021,10,16,9
2021-10-16 10:00:00,75.0,0.0,75.0,0.0,17.9,98,16.6,178,1005.2,100,100,40,98,0.0,0.0,43.6591,-70.2568,2021,10,16,10
2021-10-16 11:00:00,138.0,20.0,118.0,39.0,18.5,97,18.0,179,1004.7,100,100,22,48,0.0,0.0,43.6591,-70.2568,2021,10,16,11
2021-10-16 12:00:00,289.0,62.0,227.0,106.8,19.8,90,20.4,188,1003.8,100,100,26,100,0.0,1403.1,43.6591,-70.2568,2021,10,16,12
2021-10-16 13:00:00,243.0,32.0,211.0,53.1,20.0,87,21.4,188,1003.1,100,38,31,100,0.0,0.0,43.6591,-70.2568,2021,10,16,13
2021-10-16 14:00:00,362.0,117.0,245.0,203.5,20.7,82,22.4,184,1002.2,100,36,30,100,0.0,3600.0,43.6591,-70.2568,2021,10,16,14
2021-10-16 15:00:00,246.0,81.0,165.0,161.6,20.1,83,21.3,177,1001.6,54,35,5,24,0.0,3047.49,43.6591,-70.2568,2021,10,16,15
2021-10-16 16:00:00,284.0,181.0,103.0,469.1,20.1,82,22.1,174,1001.0,39,7,0,34,0.0,3600.0,43.6591,-70.2568,2021,10,16,16
2021-10-16 17:00:00,176.0,122.0,54.0,515.6,19.3,84,23.5,174,1000.3,100,15,9,100,0.0,3600.0,43.6591,-70.2568,2021,10,16,17
2021-10-16 18:00:00,29.0,4.0,25.0,41.9,18.9,84,24.5,181,1000.0,100,12,11,100,0.0,0.0,43.6591,-70.2568,2021,10,16,18
2021-10-16 19:00:00,0.0,0.0,0.0,0.0,19.2,86,25.6,183,1000.1,80,28,59,32,0.0,0.0,43.6591,-70.2568,2021,10,16,19
2021-10-16 20:00:00,0.0,0.0,0.0,0.0,18.7,89,23.4,180,1000.3,99,13,83,43,0.0,0.0,43.6591,-70.2568,2021,10,16,20
2021-10-16 21:00:00,0.0,0.0,0.0,0.0,18.9,90,22.3,179,1000.2,100,35,99,7,0.0,0.0,43.6591,-70.2568,2021,10,16,21
2021-10-16 22:00:00,0.0,0.0,0.0,0.0,18.7,92,22.0,179,999.4,100,100,93,43,0.1,0.0,43.6591,-70.2568,2021,10,16,22
2021-10-16 23:00:00,0.0,0.0,0.0,0.0,17.7,96,26.3,177,999.0,100,100,58,61,0.4,0.0,43.6591,-70.2568,2021,10,16,23
2021-10-17 00:00:00,0.0,0.0,0.0,0.0,17.0,100,22.3,178,997.8,100,100,92,61,5.8,0.0,43.6591,-70.2568,2021,10,17,0
2021-10-17 01:00:00,0.0,0.0,0.0,0.0,17.1,96,18.3,254,998.1,100,3,100,85,2.7,0.0,43.6591,-70.2568,2021,10,17,1
2021-10-17 02:00:00,0.0,0.0,0.0,0.0,15.2,99,14.0,270,998.9,100,14,100,38,0.8,0.0,43.6591,-70.2568,2021,10,17,2
2021-10-17 03:00:00,0.0,0.0,0.0,0.0,14.7,100,11.1,257,998.8,100,0,100,98,0.6,0.0,43.6591,-70.2568,2021,10,17,3
2021-10-17 04:00:00,0.0,0.0,0.0,0.0,14.0,100,10.2,262,998.2,100,0,100,40,0.7,0.0,43.6591,-70.2568,2021,10,17,4
2021-10-17 05:00:00,0.0,0.0,0.0,0.0,13.9,96,10.4,256,998.5,100,0,100,0,0.1,0.0,43.6591,-70.2568,2021,10,17,5
2021-10-17 06:00:00,0.0,0.0,0.0,0.0,13.6,96,9.8,278,999.0,48,20,35,0,0.0,0.0,43.6591,-70.2568,2021,10,17,6
2021-10-17 07:00:00,0.0,0.0,0.0,0.0,13.0,96,11.4,294,999.3,18,8,11,0,0.0,0.0,43.6591,-70.2568,2021,10,17,7
2021-10-17 08:00:00,45.0,24.0,21.0,231.1,13.4,94,13.0,316,999.3,0,100,3,0,0.0,3414.64,43.6591,-70.2568,2021,10,17,8
2021-10-17 09:00:00,88.0,16.0,72.0,63.6,13.7,88,13.5,316,999.7,23,21,3,0,0.0,108.72,43.6591,-70.2568,2021,10,17,9
2021-10-17 10:00:00,273.0,134.0,139.0,337.6,14.5,73,15.6,310,999.8,18,18,1,0,0.0,3600.0,43.6591,-70.2568,2021,10,17,10
2021-10-17 11:00:00,482.0,392.0,90.0,772.4,15.6,63,15.6,304,999.9,12,12,1,0,0.0,3600.0,43.6591,-70.2568,2021,10,17,11
2021-10-17 12:00:00,557.0,461.0,96.0,800.6,16.3,57,16.0,301,999.6,2,2,0,0,0.0,3600.0,43.6591,-70.2568,2021,10,17,12
2021-10-17 13:00:00,593.0,506.0,87.0,847.5,17.0,52,15.7,302,999.1,3,3,0,0,0.0,3600.0,43.6591,-70.2568,2021,10,17,13
2021-10-17 14:00:00,567.0,487.0,80.0,854.6,17.4,48,14.9,302,998.4,12,11,4,0,0.0,3600.0,43.6591,-70.2568,2021,10,17,14
2021-10-17 15:00:00,470.0,385.0,85.0,776.1,17.4,46,14.5,305,998.3,23,22,14,0,0.0,3600.0,43.6591,-70.2568,2021,10,17,15
2021-10-17 16:00:00,319.0,236.0,83.0,620.1,16.7,45,13.5,304,998.2,27,10,27,0,0.0,3600.0,43.6591,-70.2568,2021,10,17,16
2021-10-17 17:00:00,162.0,104.0,58.0,449.3,15.7,51,11.1,295,998.4,30,2,29,0,0.0,3600.0,43.6591,-70.2568,2021,10,17,17
2021-10-17 18:00:00,35.0,18.0,17.0,194.0,13.7,59,9.1,279,999.0,11,1,9,0,0.0,2966.21,43.6591,-70.2568,2021,10,17,18
2021-10-17 19:00:00,0.0,0.0,0.0,0.0,12.4,63,11.2,274,999.6,2,0,2,0,0.0,0.0,43.6591,-70.2568,2021,10,17,19
2021-10-17 20:00:00,0.0,0.0,0.0,0.0,11.5,73,8.9,284,1000.8,26,16,100,0,0.0,0.0,43.6591,-70.2568,2021,10,17,20
2021-10-17 21:00:00,0.0,0.0,0.0,0.0,11.4,73,9.0,286,1001.2,7,4,6,0,0.0,0.0,43.6591,-70.2568,2021,10,17,21
2021-10-17 22:00:00,0.0,0.0,0.0,0.0,10.9,74,10.4,290,1001.5,12,0,12,0,0.0,0.0,43.6591,-70.2568,2021,10,17,22
2021-10-17 23:00:00,0.0,0.0,0.0,0.0,10.3,77,10.6,294,1001.6,22,0,22,0,0.0,0.0,43.6591,-70.2568,2021,10,17,23
2021-10-18 00:00:00,0.0,0.0,0.0,0.0,10.0,79,9.7,292,1001.7,90,0,90,0,0.0,0.0,43.6591,-70.2568,2021,10,18,0
2021-10-18 01:00:00,0.0,0.0,0.0,0.0,9.8,82,9.7,292,1001.7,68,0,68,0,0.0,0.0,43.6591,-70.2568,2021,10,18,1
2021-10-18 02:00:00,0.0,0.0,0.0,0.0,9.4,83,10.0,285,1001.3,33,0,33,0,0.0,0.0,43.6591,-70.2568,2021,10,18,2
2021-10-18 03:00:00,0.0,0.0,0.0,0.0,9.0,85,10.9,287,1000.9,7,0,5,2,0.0,0.0,43.6591,-70.2568,2021,10,18,3
2021-10-18 04:00:00,0.0,0.0,0.0,0.0,8.7,85,11.3,287,1000.8,26,0,2,25,0.0,0.0,43.6591,-70.2568,2021,10,18,4
2021-10-18 05:00:00,0.0,0.0,0.0,0.0,8.6,86,11.1,283,1001.1,87,0,33,85,0.0,0.0,43.6591,-70.2568,2021,10,18,5
2021-10-18 06:00:00,0.0,0.0,0.0,0.0,8.5,86,10.5,278,1001.4,89,4,44,80,0.0,0.0,43.6591,-70.2568,2021,10,18,6
2021-10-18 07:00:00,0.0,0.0,0.0,0.0,8.3,87,10.1,276,1001.4,100,12,100,4,0.0,0.0,43.6591,-70.2568,2021,10,18,7
2021-10-18 08:00:00,22.0,4.0,18.0,39.3,9.9,81,10.5,286,1001.7,92,13,74,5,0.0,0.0,43.6591,-70.2568,2021,10,18,8
2021-10-18 09:00:00,127.0,38.0,89.0,153.7,11.1,76,11.0,293,1001.7,100,2,73,100,0.0,2810.07,43.6591,-70.2568,2021,10,18,9
2021-10-18 10:00:00,239.0,80.0,159.0,203.8,12.2,68,13.3,308,1001.7,79,5,70,26,0.0,3600.0,43.6591,-70.2568,2021,10,18,10
2021-10-18 11:00:00,462.0,335.0,127.0,666.2,13.2,62,13.8,317,1001.6,86,8,79,26,0.0,3600.0,43.6591,-70.2568,2021,10,18,11
2021-10-18 12:00:00,490.0,364.0,126.0,637.6,13.6,60,14.3,319,1001.4,98,22,96,39,0.0,3600.0,43.6591,-70.2568,2021,10,18,12
2021-10-18 13:00:00,438.0,228.0,210.0,385.1,13.8,58,14.3,319,1001.1,96,48,92,28,0.0,3600.0,43.6591,-70.2568,2021,10,18,13
2021-10-18 14:00:00,342.0,108.0,234.0,191.3,12.3,63,16.6,319,1001.0,69,35,54,0,0.3,3600.0,43.6591,-70.2568,2021,10,18,14
2021-10-18 15:00:00,246.0,118.0,128.0,240.4,11.8,69,14.5,300,1001.1,70,13,64,3,0.2,3600.0,43.6591,-70.2568,2021,10,18,15
2021-10-18 16:00:00,235.0,128.0,107.0,341.0,12.6,61,14.6,308,1001.1,30,3,29,0,0.0,3600.0,43.6591,-70.2568,2021,10,18,16
2021-10-18 17:00:00,162.0,99.0,63.0,437.5,12.1,61,14.0,305,1001.3,23,3,23,0,0.0,3600.0,43.6591,-70.2568,2021,10,18,17
2021-10-18 18:00:00,33.0,17.0,16.0,188.6,10.8,65,14.3,311,1002.2,90,1,90,0,0.0,2868.64,43.6591,-70.2568,2021,10,18,18
2021-10-18 19:00:00,0.0,0.0,0.0,0.0,10.3,67,14.1,308,1003.1,100,1,100,0,0.0,0.0,43.6591,-70.2568,2021,10,18,19
2021-10-18 20:00:00,0.0,0.0,0.0,0.0,10.5,69,14.0,314,1003.5,99,0,100,0,0.0,0.0,43.6591,-70.2568,2021,10,18,20
2021-10-18 21:00:00,0.0,0.0,0.0,0.0,9.7,69,12.8,302,1003.9,23,7,18,0,0.0,0.0,43.6591,-70.2568,2021,10,18,21
2021-10-18 22:00:00,0.0,0.0,0.0,0.0,8.9,71,13.0,294,1004.3,15,14,1,0,0.0,0.0,43.6591,-70.2568,2021,10,18,22
2021-10-18 23:00:00,0.0,0.0,0.0,0.0,8.4,73,13.4,294,1004.4,13,2,12,0,0.0,0.0,43.6591,-70.2568,2021,10,18,23
2021-10-19 00:00:00,0.0,0.0,0.0,0.0,8.3,74,13.7,288,1004.6,27,12,14,4,0.0,0.0,43.6591,-70.2568,2021,10,19,0
2021-10-19 01:00:00,0.0,0.0,0.0,0.0,8.4,72,14.2,286,1004.5,56,3,45,27,0.0,0.0,43.6591,-70.2568,2021,10,19,1
2021-10-19 02:00:00,0.0,0.0,0.0,0.0,8.2,71,13.6,282,1004.4,40,1,25,31,0.0,0.0,43.6591,-70.2568,2021,10,19,2
2021-10-19 03:00:00,0.0,0.0,0.0,0.0,7.8,73,13.9,280,1004.4,32,1,13,20,0.0,0.0,43.6591,-70.2568,2021,10,19,3
2021-10-19 04:00:00,0.0,0.0,0.0,0.0,7.6,74,14.1,283,1004.4,40,3,36,11,0.0,0.0,43.6591,-70.2568,2021,10,19,4
2021-10-19 05:00:00,0.0,0.0,0.0,0.0,7.3,75,13.1,278,1004.6,4,1,3,0,0.0,0.0,43.6591,-70.2568,2021,10,19,5
2021-10-19 06:00:00,0.0,0.0,0.0,0.0,6.9,78,13.7,272,1004.8,54,0,52,4,0.0,0.0,43.6591,-70.2568,2021,10,19,6
2021-10-19 07:00:00,0.0,0.0,0.0,0.0,7.0,76,14.8,276,1005.1,36,12,27,0,0.0,0.0,43.6591,-70.2568,2021,10,19,7
2021-10-19 08:00:00,43.0,21.0,22.0,210.8,7.8,75,13.4,262,1005.3,15,19,34,1,0.0,3263.71,43.6591,-70.2568,2021,10,19,8
2021-10-19 09:00:00,188.0,124.0,64.0,510.1,9.4,69,13.1,261,1005.3,93,11,91,28,0.0,3600.0,43.6591,-70.2568,2021,10,19,9
2021-10-19 10:00:00,329.0,225.0,104.0,579.9,10.6,58,18.5,294,1004.9,93,50,84,37,0.0,3600.0,43.6591,-70.2568,2021,10,19,10
2021-10-19 11:00:00,353.0,151.0,202.0,303.1,11.1,55,21.0,301,1004.7,72,50,25,29,0.0,3600.0,43.6591,-70.2568,2021,10,19,11
2021-10-19 12:00:00,430.0,276.0,154.0,487.6,11.8,52,22.5,302,1004.1,44,43,7,2,0.0,3600.0,43.6591,-70.2568,2021,10,19,12
2021-10-19 13:00:00,481.0,325.0,156.0,553.7,12.1,52,23.3,297,1003.5,90,81,47,0,0.0,3600.0,43.6591,-70.2568,2021,10,19,13
2021-10-19 14:00:00,297.0,85.0,212.0,151.9,12.1,51,20.8,296,1002.8,64,36,48,8,0.0,2757.8,43.6591,-70.2568,2021,10,19,14
2021-10-19 15:00:00,347.0,175.0,172.0,360.4,13.0,45,20.0,300,1002.2,85,29,84,22,0.0,3600.0,43.6591,-70.2568,2021,10,19,15
2021-10-19 16:00:00,194.0,69.0,125.0,186.4,12.5,47,20.4,306,1002.3,100,87,100,99,0.0,3600.0,43.6591,-70.2568,2021,10,19,16
2021-10-19 17:00:00,42.0,0.0,42.0,0.0,11.7,51,17.9,304,1002.8,100,43,100,1,0.0,0.0,43.6591,-70.2568,2021,10,19,17
2021-10-19 18:00:00,13.0,1.0,12.0,11.4,10.8,56,16.4,296,1003.7,17,0,12,5,0.0,0.0,43.6591,-70.2568,2021,10,19,18
2021-10-19 19:00:00,0.0,0.0,0.0,0.0,9.3,62,14.1,283,1004.4,89,71,80,41,0.0,0.0,43.6591,-70.2568,2021,10,19,19
2021-10-19 20:00:00,0.0,0.0,0.0,0.0,9.4,62,15.8,294,1004.6,36,13,0,37,0.0,0.0,43.6591,-70.2568,2021,10,19,20
2021-10-19 21:00:00,0.0,0.0,0.0,0.0,8.5,68,11.2,291,1004.8,100,1,54,100,0.0,0.0,43.6591,-70.2568,2021,10,19,21
2021-10-19 22:00:00,0.0,0.0,0.0,0.0,8.5,72,7.5,287,1005.0,100,4,88,100,0.0,0.0,43.6591,-70.2568,2021,10,19,22
2021-10-19 23:00:00,0.0,0.0,0.0,0.0,8.1,80,4.0,265,1004.6,100,0,94,100,0.0,0.0,43.6591,-70.2568,2021,10,19,23
2021-10-20 00:00:00,0.0,0.0,0.0,0.0,8.3,76,9.7,228,1004.7,97,4,92,88,0.0,0.0,43.6591,-70.2568,2021,10,20,0
2021-10-20 01:00:00,0.0,0.0,0.0,0.0,8.0,77,8.1,225,1004.7,98,3,86,90,0.0,0.0,43.6591,-70.2568,2021,10,20,1
2021-10-20 02:00:00,0.0,0.0,0.0,0.0,8.2,79,8.0,234,1004.5,100,5,100,99,0.0,0.0,43.6591,-70.2568,2021,10,20,2
2021-10-20 03:00:00,0.0,0.0,0.0,0.0,8.8,79,8.9,249,1004.6,100,1,100,53,0.0,0.0,43.6591,-70.2568,2021,10,20,3
2021-10-20 04:00:00,0.0,0.0,0.0,0.0,9.0,79,10.1,268,1004.7,100,3,100,75,0.0,0.0,43.6591,-70.2568,2021,10,20,4
2021-10-20 05:00:00,0.0,0.0,0.0,0.0,9.3,79,8.9,291,1005.3,100,6,100,100,0.0,0.0,43.6591,-70.2568,2021,10,20,5
2021-10-20 06:00:00,0.0,0.0,0.0,0.0,9.4,80,7.5,305,1005.8,100,7,100,100,0.0,0.0,43.6591,-70.2568,2021,10,20,6
2021-10-20 07:00:00,0.0,0.0,0.0,0.0,9.6,83,7.2,333,1006.5,100,7,100,56,0.0,0.0,43.6591,-70.2568,2021,10,20,7
2021-10-20 08:00:00,12.0,0.0,12.0,0.0,10.3,79,7.9,317,1007.5,100,0,100,61,0.0,0.0,43.6591,-70.2568,2021,10,20,8
2021-10-20 09:00:00,64.0,5.0,59.0,20.9,11.1,77,5.8,338,1008.1,85,0,80,27,0.0,0.0,43.6591,-70.2568,2021,10,20,9
2021-10-20 10:00:00,185.0,67.0,118.0,174.7,12.4,66,6.2,353,1008.5,48,0,41,11,0.0,3440.92,43.6591,-70.2568,2021,10,20,10
2021-10-20 11:00:00,462.0,357.0,105.0,723.5,14.2,59,5.9,349,1008.6,18,1,17,1,0.0,3600.0,43.6591,-70.2568,2021,10,20,11
2021-10-20 12:00:00,540.0,448.0,92.0,798.5,15.2,55,5.7,325,1008.6,2,1,2,0,0.0,3600.0,43.6591,-70.2568,2021,10,20,12
2021-10-20 13:00:00,578.0,496.0,82.0,852.5,16.2,51,7.1,336,1008.3,3,3,0,0,0.0,3600.0,43.6591,-70.2568,2021,10,20,13
2021-10-20 14:00:00,535.0,429.0,106.0,774.0,16.7,49,10.2,315,1008.1,7,0,0,7,0.0,3600.0,43.6591,-70.2568,2021,10,20,14
2021-10-20 15:00:00,467.0,398.0,69.0,828.6,17.1,49,7.6,289,1008.6,2,0,0,2,0.0,3600.0,43.6591,-70.2568,2021,10,20,15
2021-10-20 16:00:00,330.0,267.0,63.0,731.6,16.4,55,5.1,176,1008.8,0,0,0,0,0.0,3600.0,43.6591,-70.2568,2021,10,20,16
2021-10-20 17:00:00,171.0,124.0,47.0,574.0,13.8,76,12.2,166,1009.2,15,0,0,15,0.0,3600.0,43.6591,-70.2568,2021,10,20,17
2021-10-20 18:00:00,29.0,17.0,12.0,200.2,11.5,83,9.0,175,1009.1,90,0,0,90,0.0,2674.89,43.6591,-70.2568,2021,10,20,18
2021-10-20 19:00:00,0.0,0.0,0.0,0.0,11.3,85,8.7,185,1009.5,72,0,0,72,0.0,0.0,43.6591,-70.2568,2021,10,20,19
2021-10-20 20:00:00,0.0,0.0,0.0,0.0,11.1,85,8.9,201,1010.5,53,10,11,25,0.0,0.0,43.6591,-70.2568,2021,10,20,20
2021-10-20 21:00:00,0.0,0.0,0.0,0.0,11.0,90,10.8,201,1010.8,49,15,24,31,0.0,0.0,43.6591,-70.2568,2021,10,20,21
2021-10-20 22:00:00,0.0,0.0,0.0,0.0,11.1,91,7.6,211,1011.0,100,15,100,3,0.0,0.0,43.6591,-70.2568,2021,10,20,22
2021-10-20 23:00:00,0.0,0.0,0.0,0.0,11.6,91,7.7,208,1011.0,100,13,100,0,0.0,0.0,43.6591,-70.2568,2021,10,20,23
2021-10-21 00:00:00,0.0,0.0,0.0,0.0,12.1,90,8.1,238,1011.1,100,13,100,5,0.4,0.0,43.6591,-70.2568,2021,10,21,0
2021-10-21 01:00:00,0.0,0.0,0.0,0.0,12.0,92,5.4,250,1010.9,64,21,62,0,0.1,0.0,43.6591,-70.2568,2021,10,21,1
2021-10-21 02:00:00,0.0,0.0,0.0,0.0,12.6,88,2.9,60,1010.5,3,0,3,0,0.0,0.0,43.6591,-70.2568,2021,10,21,2
2021-10-21 03:00:00,0.0,0.0,0.0,0.0,11.4,91,3.4,18,1010.3,2,2,0,0,0.0,0.0,43.6591,-70.2568,2021,10,21,3
2021-10-21 04:00:00,0.0,0.0,0.0,0.0,10.7,93,3.1,21,1010.0,5,0,5,0,0.0,0.0,43.6591,-70.2568,2021,10,21,4
2021-10-21 05:00:00,0.0,0.0,0.0,0.0,9.8,95,2.9,353,1010.2,3,0,0,3,0.0,0.0,43.6591,-70.2568,2021,10,21,5
2021-10-21 06:00:00,0.0,0.0,0.0,0.0,10.1,95,3.6,315,1010.5,18,17,1,0,0.0,0.0,43.6591,-70.2568,2021,10,21,6
2021-10-21 07:00:00,0.0,0.0,0.0,0.0,9.4,96,3.1,306,1010.6,35,34,2,0,0.0,0.0,43.6591,-70.2568,2021,10,21,7
2021-10-21 08:00:00,38.0,20.0,18.0,209.7,9.5,97,5.6,297,1011.3,100,1,77,2,0.0,3111.04,43.6591,-70.2568,2021,10,21,8
2021-10-21 09:00:00,161.0,90.0,71.0,383.6,11.7,93,1.4,270,1011.9,94,58,60,66,0.0,3600.0,43.6591,-70.2568,2021,10,21,9
2021-10-21 10:00:00,232.0,91.0,141.0,240.1,13.0,92,2.6,214,1012.2,100,54,10,100,0.0,3600.0,43.6591,-70.2568,2021,10,21,10
2021-10-21 11:00:00,414.0,267.0,147.0,546.3,14.8,88,2.3,141,1011.3,96,42,13,93,0.0,3600.0,43.6591,-70.2568,2021,10,21,11
2021-10-21 12:00:00,485.0,334.0,151.0,600.6,15.9,82,5.1,129,1010.9,68,18,49,47,0.0,3600.0,43.6591,-70.2568,2021,10,21,12
2021-10-21 13:00:00,536.0,414.0,122.0,717.8,16.7,78,6.2,126,1010.3,100,10,100,81,0.0,3600.0,43.6591,-70.2568,2021,10,21,13
2021-10-21 14:00:00,274.0,68.0,206.0,123.8,15.6,82,8.6,123,1009.9,85,15,48,67,0.0,1915.09,43.6591,-70.2568,2021,10,21,14
2021-10-21 15:00:00,415.0,301.0,114.0,633.5,15.1,88,10.3,119,1009.5,100,5,35,100,1.3,3600.0,43.6591,-70.2568,2021,10,21,15
2021-10-21 16:00:00,209.0,83.0,126.0,230.7,14.2,88,9.4,122,1008.9,99,2,23,99,0.0,3600.0,43.6591,-70.2568,2021,10,21,16
2021-10-21 17:00:00,132.0,63.0,69.0,298.7,14.4,88,10.2,129,1008.3,100,0,28,100,0.0,3600.0,43.6591,-70.2568,2021,10,21,17
2021-10-21 18:00:00,18.0,2.0,16.0,24.3,14.1,87,10.6,152,1007.5,100,0,46,100,0.0,0.0,43.6591,-70.2568,2021,10,21,18
2021-10-21 19:00:00,0.0,0.0,0.0,0.0,14.9,84,9.7,180,1007.5,99,0,24,99,0.5,0.0,43.6591,-70.2568,2021,10,21,19
2021-10-21 20:00:00,0.0,0.0,0.0,0.0,13.7,92,5.9,101,1008.3,71,0,27,90,0.0,0.0,43.6591,-70.2568,2021,10,21,20
2021-10-21 21:00:00,0.0,0.0,0.0,0.0,13.7,93,10.5,106,1007.6,74,10,27,60,0.0,0.0,43.6591,-70.2568,2021,10,21,21
2021-10-21 22:00:00,0.0,0.0,0.0,0.0,13.0,93,7.4,166,1007.2,53,1,41,31,0.0,0.0,43.6591,-70.2568,2021,10,21,22
2021-10-21 23:00:00,0.0,0.0,0.0,0.0,11.8,99,8.2,203,1006.6,27,0,11,18,0.0,0.0,43.6591,-70.2568,2021,10,21,23
2021-10-22 00:00:00,0.0,0.0,0.0,0.0,12.2,100,10.4,200,1006.2,38,0,0,38,0.0,0.0,43.6591,-70.2568,2021,10,22,0
2021-10-22 01:00:00,0.0,0.0,0.0,0.0,12.1,100,10.6,204,1005.5,8,0,0,8,0.0,0.0,43.6591,-70.2568,2021,10,22,1
2021-10-22 02:00:00,0.0,0.0,0.0,0.0,12.1,100,11.4,208,1005.0,19,0,0,19,0.0,0.0,43.6591,-70.2568,2021,10,22,2
2021-10-22 03:00:00,0.0,0.0,0.0,0.0,12.3,100,10.6,204,1004.0,82,0,0,82,0.0,0.0,43.6591,-70.2568,2021,10,22,3
2021-10-22 04:00:00,0.0,0.0,0.0,0.0,12.5,100,9.8,208,1003.2,92,1,5,92,0.0,0.0,43.6591,-70.2568,2021,10,22,4
2021-10-22 05:00:00,0.0,0.0,0.0,0.0,12.5,100,8.7,210,1002.9,71,6,40,48,0.0,0.0,43.6591,-70.2568,2021,10,22,5
2021-10-22 06:00:00,0.0,0.0,0.0,0.0,12.4,100,9.9,213,1002.6,87,32,54,57,0.0,0.0,43.6591,-70.2568,2021,10,22,6
2021-10-22 07:00:00,0.0,0.0,0.0,0.0,13.2,100,13.2,209,1002.1,38,16,29,0,0.0,0.0,43.6591,-70.2568,2021,10,22,7
2021-10-22 08:00:00,33.0,16.0,17.0,171.6,13.3,97,11.8,211,1003.3,92,46,33,11,0.0,3034.12,43.6591,-70.2568,2021,10,22,8
2021-10-22 09:00:00,148.0,78.0,70.0,338.6,14.8,97,11.2,228,1003.4,1,1,0,0,0.1,3600.0,43.6591,-70.2568,2021,10,22,9
2021-10-22 10:00:00,331.0,263.0,68.0,702.2,16.3,89,15.0,240,1003.7,100,100,0,0,0.0,3600.0,43.6591,-70.2568,2021,10,22,10
2021-10-22 11:00:00,315.0,102.0,213.0,210.8,17.7,79,15.2,248,1004.0,42,42,1,0,0.0,3600.0,43.6591,-70.2568,2021,10,22,11
2021-10-22 12:00:00,476.0,343.0,133.0,622.3,19.5,66,13.6,248,1003.9,10,9,0,1,0.0,3600.0,43.6591,-70.2568,2021,10,22,12
2021-10-22 13:00:00,557.0,471.0,86.0,823.9,20.4,61,15.7,259,1004.2,11,10,0,1,0.0,3600.0,43.6591,-70.2568,2021,10,22,13
2021-10-22 14:00:00,507.0,409.0,98.0,751.9,20.6,57,16.3,265,1004.4,27,25,9,0,0.0,3600.0,43.6591,-70.2568,2021,10,22,14
2021-10-22 15:00:00,415.0,325.0,90.0,691.6,20.6,55,15.1,270,1004.5,35,29,8,0,0.0,3600.0,43.6591,-70.2568,2021,10,22,15
2021-10-22 16:00:00,280.0,203.0,77.0,572.4,19.9,58,13.4,276,1004.9,21,20,10,0,0.0,3600.0,43.6591,-70.2568,2021,10,22,16
2021-10-22 17:00:00,139.0,87.0,52.0,422.5,18.3,64,12.8,280,1005.1,38,14,26,15,0.0,3600.0,43.6591,-70.2568,2021,10,22,17
2021-10-22 18:00:00,21.0,9.0,12.0,112.8,16.2,71,12.2,268,1005.8,83,5,13,80,0.0,1766.52,43.6591,-70.2568,2021,10,22,18
2021-10-22 19:00:00,0.0,0.0,0.0,0.0,15.0,75,12.3,273,1006.6,94,3,13,93,0.0,0.0,43.6591,-70.2568,2021,10,22,19
2021-10-22 20:00:00,0.0,0.0,0.0,0.0,14.7,72,11.9,284,1007.6,100,21,100,93,0.0,0.0,43.6591,-70.2568,2021,10,22,20
2021-10-22 21:00:00,0.0,0.0,0.0,0.0,13.7,77,8.2,322,1008.3,61,26,44,20,0.0,0.0,43.6591,-70.2568,2021,10,22,21
2021-10-22 22:00:00,0.0,0.0,0.0,0.0,12.7,77,11.7,351,1008.8,10,0,0,9,0.0,0.0,43.6591,-70.2568,2021,10,22,22
2021-10-22 23:00:00,0.0,0.0,0.0,0.0,11.0,75,13.0,357,1008.9,14,3,0,11,0.0,0.0,43.6591,-70.2568,2021,10,22,23
2021-10-23 00:00:00,0.0,0.0,0.0,0.0,9.9,78,12.3,345,1009.3,16,16,0,0,0.0,0.0,43.6591,-70.2568,2021,10,23,0
2021-10-23 01:00:00,0.0,0.0,0.0,0.0,9.2,78,12.8,349,1009.9,16,16,0,0,0.0,0.0,43.6591,-70.2568,2021,10,23,1
2021-10-23 02:00:00,0.0,0.0,0.0,0.0,8.4,75,13.6,348,1009.8,17,12,0,6,0.0,0.0,43.6591,-70.2568,2021,10,23,2
2021-10-23 03:00:00,0.0,0.0,0.0,0.0,7.5,73,12.4,350,1010.2,14,13,0,1,0.0,0.0,43.6591,-70.2568,2021,10,23,3
2021-10-23 04:00:00,0.0,0.0,0.0,0.0,6.8,73,11.6,355,1010.5,33,14,1,22,0.0,0.0,43.6591,-70.2568,2021,10,23,4
2021-10-23 05:00:00,0.0,0.0,0.0,0.0,6.2,74,11.6,353,1010.8,20,8,12,0,0.0,0.0,43.6591,-70.2568,2021,10,23,5
2021-10-23 06:00:00,0.0,0.0,0.0,0.0,5.8,75,11.8,348,1010.8,100,15,100,1,0.0,0.0,43.6591,-70.2568,2021,10,23,6
2021-10-23 07:00:00,0.0,0.0,0.0,0.0,6.3,72,10.5,344,1010.6,100,21,100,7,0.0,0.0,43.6591,-70.2568,2021,10,23,7
2021-10-23 08:00:00,16.0,5.0,11.0,54.9,7.3,72,10.5,344,1010.4,93,1,41,67,0.0,201.5,43.6591,-70.2568,2021,10,23,8
2021-10-23 09:00:00,116.0,56.0,60.0,247.7,7.8,71,9.4,342,1010.8,80,0,15,77,0.0,3600.0,43.6591,-70.2568,2021,10,23,9
2021-10-23 10:00:00,285.0,161.0,124.0,435.1,9.4,65,9.2,334,1010.5,100,0,5,100,0.0,3600.0,43.6591,-70.2568,2021,10,23,10
2021-10-23 11:00:00,379.0,191.0,188.0,398.5,10.9,60,6.8,335,1010.2,99,1,0,99,0.0,3600.0,43.6591,-70.2568,2021,10,23,11
2021-10-23 12:00:00,415.0,182.0,233.0,333.2,11.9,57,5.4,312,1009.9,100,35,99,91,0.0,3600.0,43.6591,-70.2568,2021,10,23,12
2021-10-23 13:00:00,414.0,182.0,232.0,321.2,12.6,55,3.6,315,1008.9,100,33,100,100,0.0,3600.0,43.6591,-70.2568,2021,10,23,13
2021-10-23 14:00:00,221.0,24.0,197.0,44.5,12.6,56,4.0,270,1008.2,59,59,0,0,0.0,0.0,43.6591,-70.2568,2021,10,23,14
2021-10-23 15:00:00,373.0,244.0,129.0,525.0,13.8,53,5.9,223,1007.7,100,100,13,0,0.0,3600.0,43.6591,-70.2568,2021,10,23,15
2021-10-23 16:00:00,211.0,102.0,109.0,291.8,13.2,54,7.3,191,1007.6,34,33,0,0,0.0,3600.0,43.6591,-70.2568,2021,10,23,16
2021-10-23 17:00:00,134.0,80.0,54.0,398.1,11.6,71,5.4,180,1007.6,43,43,0,0,0.0,3600.0,43.6591,-70.2568,2021,10,23,17
2021-10-23 18:00:00,20.0,9.0,11.0,116.5,10.2,69,11.1,245,1007.9,14,14,0,0,0.0,1820.4,43.6591,-70.2568,2021,10,23,18
2021-10-23 19:00:00,0.0,0.0,0.0,0.0,9.1,57,13.3,268,1008.6,41,1,41,0,0.0,0.0,43.6591,-70.2568,2021,10,23,19
2021-10-23 20:00:00,0.0,0.0,0.0,0.0,9.4,63,8.9,284,1009.0,100,37,82,3,0.0,0.0,43.6591,-70.2568,2021,10,23,20
2021-10-23 21:00:00,0.0,0.0,0.0,0.0,9.1,67,10.7,318,1009.5,72,68,16,0,0.0,0.0,43.6591,-70.2568,2021,10,23,21
2021-10-23 22:00:00,0.0,0.0,0.0,0.0,8.6,59,12.7,345,1009.8,98,84,14,83,0.0,0.0,43.6591,-70.2568,2021,10,23,22
2021-10-23 23:00:00,0.0,0.0,0.0,0.0,8.1,61,10.9,333,1009.7,59,27,17,37,0.0,0.0,43.6591,-70.2568,2021,10,23,23
2021-10-24 00:00:00,0.0,0.0,0.0,0.0,7.0,67,10.5,329,1010.0,4,0,4,0,0.0,0.0,43.6591,-70.2568,2021,10,24,0
2021-10-24 01:00:00,0.0,0.0,0.0,0.0,6.2,73,8.7,318,1010.7,1,1,0,0,0.0,0.0,43.6591,-70.2568,2021,10,24,1
2021-10-24 02:00:00,0.0,0.0,0.0,0.0,5.6,80,7.1,311,1011.1,3,3,0,0,0.0,0.0,43.6591,-70.2568,2021,10,24,2
2021-10-24 03:00:00,0.0,0.0,0.0,0.0,5.3,84,6.2,291,1011.7,1,1,0,0,0.0,0.0,43.6591,-70.2568,2021,10,24,3
2021-10-24 04:00:00,0.0,0.0,0.0,0.0,5.1,84,7.1,285,1012.1,1,1,0,0,0.0,0.0,43.6591,-70.2568,2021,10,24,4
2021-10-24 05:00:00,0.0,0.0,0.0,0.0,4.7,83,9.4,277,1012.7,0,0,0,0,0.0,0.0,43.6591,-70.2568,2021,10,24,5
2021-10-24 06:00:00,0.0,0.0,0.0,0.0,4.2,80,11.5,274,1013.1,0,0,0,0,0.0,0.0,43.6591,-70.2568,2021,10,24,6
2021-10-24 07:00:00,0.0,0.0,0.0,0.0,3.9,77,12.2,272,1013.5,0,0,0,0,0.0,0.0,43.6591,-70.2568,2021,10,24,7
2021-10-24 08:00:00,37.0,22.0,15.0,247.3,4.9,71,11.5,270,1014.5,0,0,0,0,0.0,2879.33,43.6591,-70.2568,2021,10,24,8
2021-10-24 09:00:00,188.0,139.0,49.0,626.5,6.3,63,11.9,273,1015.1,0,0,0,0,0.0,3600.0,43.6591,-70.2568,2021,10,24,9
2021-10-24 10:00:00,349.0,285.0,64.0,779.7,7.6,54,14.7,287,1015.5,0,0,0,0,0.0,3600.0,43.6591,-70.2568,2021,10,24,10
2021-10-24 11:00:00,477.0,406.0,71.0,855.6,9.1,49,15.1,295,1015.1,0,0,0,0,0.0,3600.0,43.6591,-70.2568,2021,10,24,11
2021-10-24 12:00:00,558.0,483.0,75.0,892.2,10.3,46,15.5,298,1014.7,3,3,0,0,0.0,3600.0,43.6591,-70.2568,2021,10,24,12
2021-10-24 13:00:00,580.0,503.0,77.0,895.7,11.2,45,15.3,297,1014.5,0,0,0,0,0.0,3600.0,43.6591,-70.2568,2021,10,24,13
2021-10-24 14:00:00,546.0,472.0,74.0,884.4,11.9,43,13.9,295,1014.4,0,0,0,0,0.0,3600.0,43.6591,-70.2568,2021,10,24,14
2021-10-24 15:00:00,457.0,387.0,70.0,842.0,12.2,42,13.2,292,1014.4,0,0,0,0,0.0,3600.0,43.6591,-70.2568,2021,10,24,15
2021-10-24 16:00:00,321.0,261.0,60.0,757.7,12.2,42,13.0,284,1015.0,0,0,0,0,0.0,3600.0,43.6591,-70.2568,2021,10,24,16
2021-10-24 17:00:00,159.0,115.0,44.0,586.7,11.1,49,10.1,270,1015.2,0,0,0,0,0.0,3600.0,43.6591,-70.2568,2021,10,24,17
2021-10-24 18:00:00,22.0,12.0,10.0,160.5,9.0,57,9.8,242,1015.5,0,0,0,0,0.0,2295.99,43.6591,-70.2568,2021,10,24,18
2021-10-24 19:00:00,0.0,0.0,0.0,0.0,7.8,59,10.9,253,1016.2,80,0,0,80,0.0,0.0,43.6591,-70.2568,2021,10,24,19
2021-10-24 20:00:00,0.0,0.0,0.0,0.0,6.9,69,7.2,252,1017.1,88,0,0,30,0.0,0.0,43.6591,-70.2568,2021,10,24,20
2021-10-24 21:00:00,0.0,0.0,0.0,0.0,6.4,72,7.2,276,1017.4,91,0,44,91,0.0,0.0,43.6591,-70.2568,2021,10,24,21
2021-10-24 22:00:00,0.0,0.0,0.0,0.0,6.4,73,5.5,293,1017.9,94,0,90,36,0.0,0.0,43.6591,-70.2568,2021,10,24,22
2021-10-24 23:00:00,0.0,0.0,0.0,0.0,5.6,82,5.4,307,1017.9,99,0,98,19,0.0,0.0,43.6591,-70.2568,2021,10,24,23
2021-10-25 00:00:00,0.0,0.0,0.0,0.0,7.1,80,4.2,329,1018.1,100,0,100,0,0.0,0.0,43.6591,-70.2568,2021,10,25,0
2021-10-25 01:00:00,0.0,0.0,0.0,0.0,7.6,80,4.3,336,1018.6,100,0,100,57,0.0,0.0,43.6591,-70.2568,2021,10,25,1
2021-10-25 02:00:00,0.0,0.0,0.0,0.0,7.2,84,1.6,243,1019.4,100,0,100,69,0.0,0.0,43.6591,-70.2568,2021,10,25,2
2021-10-25 03:00:00,0.0,0.0,0.0,0.0,7.2,86,2.0,225,1019.2,100,0,100,40,0.0,0.0,43.6591,-70.2568,2021,10,25,3
2021-10-25 04:00:00,0.0,0.0,0.0,0.0,7.8,77,2.8,220,1018.5,100,0,100,67,0.0,0.0,43.6591,-70.2568,2021,10,25,4
2021-10-25 05:00:00,0.0,0.0,0.0,0.0,7.5,87,2.4,27,1018.6,100,0,100,97,0.0,0.0,43.6591,-70.2568,2021,10,25,5
2021-10-25 06:00:00,0.0,0.0,0.0,0.0,8.2,81,4.7,32,1018.4,100,0,100,97,0.0,0.0,43.6591,-70.2568,2021,10,25,6
2021-10-25 07:00:00,0.0,0.0,0.0,0.0,8.3,83,7.9,47,1018.2,100,0,100,100,0.2,0.0,43.6591,-70.2568,2021,10,25,7
2021-10-25 08:00:00,5.0,0.0,5.0,0.0,7.5,93,9.7,51,1018.4,100,0,100,100,0.4,0.0,43.6591,-70.2568,2021,10,25,8
2021-10-25 09:00:00,32.0,0.0,32.0,0.0,7.4,93,12.5,44,1018.3,100,98,100,20,0.8,0.0,43.6591,-70.2568,2021,10,25,9
2021-10-25 10:00:00,31.0,0.0,31.0,0.0,6.9,100,11.2,48,1017.9,100,100,100,0,0.5,0.0,43.6591,-70.2568,2021,10,25,10
2021-10-25 11:00:00,52.0,0.0,52.0,0.0,7.5,93,12.4,54,1017.5,100,100,100,0,0.2,0.0,43.6591,-70.2568,2021,10,25,11
2021-10-25 12:00:00,95.0,0.0,95.0,0.0,8.1,90,13.4,70,1016.7,100,100,100,0,0.1,0.0,43.6591,-70.2568,2021,10,25,12
2021-10-25 13:00:00,90.0,0.0,90.0,0.0,8.3,90,12.8,79,1016.2,100,100,100,37,1.5,0.0,43.6591,-70.2568,2021,10,25,13
2021-10-25 14:00:00,87.0,1.0,86.0,1.9,8.4,91,13.5,65,1015.9,100,100,100,100,0.1,0.0,43.6591,-70.2568,2021,10,25,14
2021-10-25 15:00:00,68.0,1.0,67.0,2.2,8.3,90,15.8,63,1015.2,100,100,8,100,0.1,0.0,43.6591,-70.2568,2021,10,25,15
2021-10-25 16:00:00,79.0,9.0,70.0,26.5,8.4,89,17.4,63,1014.6,100,100,7,1,0.1,0.0,43.6591,-70.2568,2021,10,25,16
2021-10-25 17:00:00,27.0,0.0,27.0,0.0,8.3,88,15.8,63,1014.8,100,100,31,43,0.1,0.0,43.6591,-70.2568,2021,10,25,17
2021-10-25 18:00:00,4.0,0.0,4.0,0.0,8.1,91,17.1,55,1014.1,100,100,0,95,0.2,0.0,43.6591,-70.2568,2021,10,25,18
2021-10-25 19:00:00,0.0,0.0,0.0,0.0,8.2,91,17.5,58,1014.4,100,100,2,100,0.1,0.0,43.6591,-70.2568,2021,10,25,19
2021-10-25 20:00:00,0.0,0.0,0.0,0.0,7.6,94,16.0,46,1014.2,100,100,16,7,0.1,0.0,43.6591,-70.2568,2021,10,25,20
2021-10-25 21:00:00,0.0,0.0,0.0,0.0,7.4,95,15.3,43,1014.3,100,100,97,98,0.1,0.0,43.6591,-70.2568,2021,10,25,21
2021-10-25 22:00:00,0.0,0.0,0.0,0.0,7.4,94,16.1,39,1014.1,100,100,98,53,0.1,0.0,43.6591,-70.2568,2021,10,25,22
2021-10-25 23:00:00,0.0,0.0,0.0,0.0,7.6,94,15.3,45,1013.6,100,100,27,70,0.0,0.0,43.6591,-70.2568,2021,10,25,23
2021-10-26 00:00:00,0.0,0.0,0.0,0.0,7.8,94,14.6,40,1012.6,100,100,3,100,0.1,0.0,43.6591,-70.2568,2021,10,26,0
2021-10-26 01:00:00,0.0,0.0,0.0,0.0,7.7,94,14.7,22,1012.4,100,100,78,100,0.1,0.0,43.6591,-70.2568,2021,10,26,1
2021-10-26 02:00:00,0.0,0.0,0.0,0.0,7.6,95,17.7,13,1011.4,100,100,100,100,0.2,0.0,43.6591,-70.2568,2021,10,26,2
2021-10-26 03:00:00,0.0,0.0,0.0,0.0,7.8,95,19.5,25,1010.1,100,100,99,100,0.1,0.0,43.6591,-70.2568,2021,10,26,3
2021-10-26 04:00:00,0.0,0.0,0.0,0.0,8.0,96,19.0,29,1009.1,100,100,100,100,1.4,0.0,43.6591,-70.2568,2021,10,26,4
2021-10-26 05:00:00,0.0,0.0,0.0,0.0,7.9,100,20.2,35,1008.6,100,100,100,100,2.0,0.0,43.6591,-70.2568,2021,10,26,5
2021-10-26 06:00:00,0.0,0.0,0.0,0.0,8.1,100,19.7,35,1007.5,100,100,100,100,1.5,0.0,43.6591,-70.2568,2021,10,26,6
2021-10-26 07:00:00,0.0,0.0,0.0,0.0,8.2,100,20.6,27,1006.8,100,100,100,100,1.7,0.0,43.6591,-70.2568,2021,10,26,7
2021-10-26 08:00:00,3.0,0.0,3.0,0.0,7.2,98,21.9,27,1007.6,100,100,68,100,0.6,0.0,43.6591,-70.2568,2021,10,26,8
2021-10-26 09:00:00,26.0,0.0,26.0,0.0,8.0,97,21.9,33,1007.1,100,100,51,100,0.2,0.0,43.6591,-70.2568,2021,10,26,9
2021-10-26 10:00:00,44.0,0.0,44.0,0.0,8.6,100,22.1,37,1006.6,100,100,100,100,0.5,0.0,43.6591,-70.2568,2021,10,26,10
2021-10-26 11:00:00,63.0,0.0,63.0,0.0,9.8,100,24.0,41,1005.6,100,100,100,98,1.4,0.0,43.6591,-70.2568,2021,10,26,11
2021-10-26 12:00:00,90.0,0.0,90.0,0.0,10.7,100,25.7,46,1004.5,100,100,100,100,1.5,0.0,43.6591,-70.2568,2021,10,26,12
2021-10-26 13:00:00,62.0,0.0,62.0,0.0,11.4,100,25.9,52,1003.2,100,100,100,100,2.0,0.0,43.6591,-70.2568,2021,10,26,13
2021-10-26 14:00:00,41.0,0.0,41.0,0.0,11.5,100,26.0,48,1002.4,100,100,100,99,1.7,0.0,43.6591,-70.2568,2021,10,26,14
2021-10-26 15:00:00,34.0,0.0,34.0,0.0,11.2,100,25.8,40,1001.9,100,100,100,100,1.1,0.0,43.6591,-70.2568,2021,10,26,15
2021-10-26 16:00:00,32.0,0.0,32.0,0.0,11.0,100,26.2,37,1001.4,100,100,100,100,1.0,0.0,43.6591,-70.2568,2021,10,26,16
2021-10-26 17:00:00,22.0,0.0,22.0,0.0,10.9,100,25.6,32,1001.0,100,100,100,100,0.6,0.0,43.6591,-70.2568,2021,10,26,17
2021-10-26 18:00:00,3.0,0.0,3.0,0.0,10.7,100,25.1,29,1000.8,100,100,100,100,1.2,0.0,43.6591,-70.2568,2021,10,26,18
2021-10-26 19:00:00,0.0,0.0,0.0,0.0,10.6,100,26.4,28,1000.6,100,100,100,100,1.0,0.0,43.6591,-70.2568,2021,10,26,19
2021-10-26 20:00:00,0.0,0.0,0.0,0.0,8.8,100,27.1,19,1000.1,100,100,100,100,1.1,0.0,43.6591,-70.2568,2021,10,26,20
2021-10-26 21:00:00,0.0,0.0,0.0,0.0,8.8,100,29.2,22,1000.3,100,100,100,100,0.7,0.0,43.6591,-70.2568,2021,10,26,21
2021-10-26 22:00:00,0.0,0.0,0.0,0.0,8.4,100,30.1,19,999.8,100,100,100,100,0.8,0.0,43.6591,-70.2568,2021,10,26,22
2021-10-26 23:00:00,0.0,0.0,0.0,0.0,8.3,100,31.5,19,999.8,100,100,100,100,1.7,0.0,43.6591,-70.2568,2021,10,26,23
2021-10-27 00:00:00,0.0,0.0,0.0,0.0,8.3,100,34.6,14,998.6,100,60,100,98,1.0,0.0,43.6591,-70.2568,2021,10,27,0
2021-10-27 01:00:00,0.0,0.0,0.0,0.0,8.0,100,34.4,16,998.4,100,7,100,100,1.2,0.0,43.6591,-70.2568,2021,10,27,1
2021-10-27 02:00:00,0.0,0.0,0.0,0.0,7.8,100,33.8,17,998.5,100,24,100,100,1.4,0.0,43.6591,-70.2568,2021,10,27,2
2021-10-27 03:00:00,0.0,0.0,0.0,0.0,8.1,93,35.9,16,998.4,100,22,100,100,0.7,0.0,43.6591,-70.2568,2021,10,27,3
2021-10-27 04:00:00,0.0,0.0,0.0,0.0,8.0,92,37.4,16,998.4,100,18,100,99,0.4,0.0,43.6591,-70.2568,2021,10,27,4
2021-10-27 05:00:00,0.0,0.0,0.0,0.0,7.9,91,37.0,19,998.9,100,73,100,100,0.3,0.0,43.6591,-70.2568,2021,10,27,5
2021-10-27 06:00:00,0.0,0.0,0.0,0.0,7.7,89,36.3,18,999.3,100,54,100,97,0.4,0.0,43.6591,-70.2568,2021,10,27,6
2021-10-27 07:00:00,0.0,0.0,0.0,0.0,7.2,91,34.7,17,1000.2,100,100,100,99,0.7,0.0,43.6591,-70.2568,2021,10,27,7
2021-10-27 08:00:00,2.0,0.0,2.0,0.0,6.8,94,34.2,17,1001.4,100,100,100,89,0.8,0.0,43.6591,-70.2568,2021,10,27,8
2021-10-27 09:00:00,24.0,0.0,24.0,0.0,6.4,100,31.9,18,1002.3,100,100,100,98,0.7,0.0,43.6591,-70.2568,2021,10,27,9
2021-10-27 10:00:00,39.0,0.0,39.0,0.0,6.4,99,29.4,15,1002.8,100,73,100,82,2.3,0.0,43.6591,-70.2568,2021,10,27,10
2021-10-27 11:00:00,58.0,1.0,57.0,2.2,6.3,100,26.9,12,1003.4,100,13,100,31,2.0,0.0,43.6591,-70.2568,2021,10,27,11
2021-10-27 12:00:00,53.0,0.0,53.0,0.0,6.9,94,26.8,12,1003.8,100,17,100,23,0.8,0.0,43.6591,-70.2568,2021,10,27,12
2021-10-27 13:00:00,34.0,0.0,34.0,0.0,7.4,92,24.6,12,1004.0,100,8,100,16,0.4,0.0,43.6591,-70.2568,2021,10,27,13
2021-10-27 14:00:00,32.0,0.0,32.0,0.0,8.0,89,24.0,17,1004.4,100,11,100,36,0.2,0.0,43.6591,-70.2568,2021,10,27,14
2021-10-27 15:00:00,70.0,2.0,68.0,4.5,9.2,79,23.3,20,1004.8,100,13,100,20,0.0,0.0,43.6591,-70.2568,2021,10,27,15
2021-10-27 16:00:00,61.0,1.0,60.0,3.0,10.8,67,22.9,22,1004.8,100,8,100,3,0.0,0.0,43.6591,-70.2568,2021,10,27,16
2021-10-27 17:00:00,57.0,2.0,55.0,11.0,11.6,62,20.4,21,1005.1,100,11,100,0,0.0,0.0,43.6591,-70.2568,2021,10,27,17
2021-10-27 18:00:00,4.0,0.0,4.0,0.0,12.1,57,23.0,20,1005.7,100,14,100,0,0.0,0.0,43.6591,-70.2568,2021,10,27,18
2021-10-27 19:00:00,0.0,0.0,0.0,0.0,11.7,58,25.2,19,1006.5,100,14,100,0,0.0,0.0,43.6591,-70.2568,2021,10,27,19
2021-10-27 20:00:00,0.0,0.0,0.0,0.0,10.0,63,25.5,9,1007.1,92,9,100,0,0.0,0.0,43.6591,-70.2568,2021,10,27,20
2021-10-27 21:00:00,0.0,0.0,0.0,0.0,8.8,66,24.4,9,1007.6,71,14,68,0,0.0,0.0,43.6591,-70.2568,2021,10,27,21
2021-10-27 22:00:00,0.0,0.0,0.0,0.0,7.9,68,22.7,10,1008.0,100,14,100,32,0.0,0.0,43.6591,-70.2568,2021,10,27,22
2021-10-27 23:00:00,0.0,0.0,0.0,0.0,7.5,70,20.1,9,1008.6,65,17,63,0,0.0,0.0,43.6591,-70.2568,2021,10,27,23
2021-10-28 00:00:00,0.0,0.0,0.0,0.0,7.2,70,19.1,11,1008.9,75,22,71,0,0.0,0.0,43.6591,-70.2568,2021,10,28,0
2021-10-28 01:00:00,0.0,0.0,0.0,0.0,6.8,73,19.4,10,1008.9,10,7,2,1,0.0,0.0,43.6591,-70.2568,2021,10,28,1
2021-10-28 02:00:00,0.0,0.0,0.0,0.0,6.4,75,19.5,5,1009.0,85,4,0,84,0.0,0.0,43.6591,-70.2568,2021,10,28,2
2021-10-28 03:00:00,0.0,0.0,0.0,0.0,6.2,75,19.1,3,1009.4,100,0,6,100,0.0,0.0,43.6591,-70.2568,2021,10,28,3
2021-10-28 04:00:00,0.0,0.0,0.0,0.0,6.3,74,19.2,6,1010.0,100,0,16,100,0.0,0.0,43.6591,-70.2568,2021,10,28,4
2021-10-28 05:00:00,0.0,0.0,0.0,0.0,6.2,73,18.8,7,1010.7,100,2,13,100,0.0,0.0,43.6591,-70.2568,2021,10,28,5
2021-10-28 06:00:00,0.0,0.0,0.0,0.0,6.0,74,18.4,4,1010.9,100,1,4,100,0.0,0.0,43.6591,-70.2568,2021,10,28,6
2021-10-28 07:00:00,0.0,0.0,0.0,0.0,5.8,74,17.3,1,1011.0,100,0,0,100,0.0,0.0,43.6591,-70.2568,2021,10,28,7
2021-10-28 08:00:00,24.0,8.0,16.0,99.5,5.9,74,18.1,6,1011.7,100,1,0,100,0.0,1438.07,43.6591,-70.2568,2021,10,28,8
2021-10-28 09:00:00,142.0,72.0,70.0,351.4,6.8,72,16.2,360,1012.1,88,0,0,88,0.0,3600.0,43.6591,-70.2568,2021,10,28,9
2021-10-28 10:00:00,299.0,216.0,83.0,621.4,8.2,66,18.5,13,1012.3,89,2,0,88,0.0,3600.0,43.6591,-70.2568,2021,10,28,10
2021-10-28 11:00:00,431.0,334.0,97.0,732.9,9.3,61,17.1,7,1012.5,49,3,0,48,0.0,3600.0,43.6591,-70.2568,2021,10,28,11
2021-10-28 12:00:00,515.0,424.0,91.0,812.4,10.3,57,14.8,3,1012.3,12,2,0,10,0.0,3600.0,43.6591,-70.2568,2021,10,28,12
2021-10-28 13:00:00,549.0,469.0,80.0,865.9,11.0,55,13.7,360,1011.4,5,1,0,5,0.0,3600.0,43.6591,-70.2568,2021,10,28,13
2021-10-28 14:00:00,518.0,443.0,75.0,862.5,11.3,54,12.6,5,1011.1,4,4,0,0,0.0,3600.0,43.6591,-70.2568,2021,10,28,14
2021-10-28 15:00:00,427.0,353.0,74.0,802.9,11.4,54,11.8,12,1011.1,7,7,0,0,0.0,3600.0,43.6591,-70.2568,2021,10,28,15
2021-10-28 16:00:00,292.0,226.0,66.0,695.7,11.0,56,11.8,20,1011.2,2,2,0,0,0.0,3600.0,43.6591,-70.2568,2021,10,28,16
2021-10-28 17:00:00,140.0,98.0,42.0,553.6,9.8,64,9.4,18,1011.6,1,1,0,0,0.0,3600.0,43.6591,-70.2568,2021,10,28,17
2021-10-28 18:00:00,15.0,8.0,7.0,122.8,8.4,71,6.8,357,1011.6,5,5,0,0,0.0,1744.55,43.6591,-70.2568,2021,10,28,18
2021-10-28 19:00:00,0.0,0.0,0.0,0.0,7.7,73,9.5,351,1012.1,4,4,0,0,0.0,0.0,43.6591,-70.2568,2021,10,28,19
2021-10-28 20:00:00,0.0,0.0,0.0,0.0,7.3,73,12.7,8,1012.5,0,2,0,0,0.0,0.0,43.6591,-70.2568,2021,10,28,20
2021-10-28 21:00:00,0.0,0.0,0.0,0.0,6.3,77,12.6,5,1013.0,0,0,0,0,0.0,0.0,43.6591,-70.2568,2021,10,28,21
2021-10-28 22:00:00,0.0,0.0,0.0,0.0,5.7,80,12.6,5,1013.2,0,0,0,0,0.0,0.0,43.6591,-70.2568,2021,10,28,22
2021-10-28 23:00:00,0.0,0.0,0.0,0.0,5.3,81,13.0,358,1013.0,0,0,0,0,0.0,0.0,43.6591,-70.2568,2021,10,28,23
2021-10-29 00:00:00,0.0,0.0,0.0,0.0,5.0,81,12.6,355,1012.8,0,0,0,0,0.0,0.0,43.6591,-70.2568,2021,10,29,0
2021-10-29 01:00:00,0.0,0.0,0.0,0.0,4.7,82,12.6,357,1012.8,0,0,0,0,0.0,0.0,43.6591,-70.2568,2021,10,29,1
2021-10-29 02:00:00,0.0,0.0,0.0,0.0,4.6,81,13.7,3,1012.5,0,0,0,0,0.0,0.0,43.6591,-70.2568,2021,10,29,2
2021-10-29 03:00:00,0.0,0.0,0.0,0.0,4.6,82,13.4,8,1012.4,0,0,0,0,0.0,0.0,43.6591,-70.2568,2021,10,29,3
2021-10-29 04:00:00,0.0,0.0,0.0,0.0,4.4,84,11.5,4,1012.6,0,0,0,0,0.0,0.0,43.6591,-70.2568,2021,10,29,4
2021-10-29 05:00:00,0.0,0.0,0.0,0.0,4.0,87,11.9,2,1012.8,0,0,0,0,0.0,0.0,43.6591,-70.2568,2021,10,29,5
2021-10-29 06:00:00,0.0,0.0,0.0,0.0,3.7,89,12.6,5,1012.8,0,0,0,0,0.0,0.0,43.6591,-70.2568,2021,10,29,6
2021-10-29 07:00:00,0.0,0.0,0.0,0.0,3.6,90,12.7,8,1012.9,0,0,0,0,0.0,0.0,43.6591,-70.2568,2021,10,29,7
2021-10-29 08:00:00,26.0,15.0,11.0,191.6,4.1,91,11.5,360,1013.4,0,26,0,0,0.0,2488.52,43.6591,-70.2568,2021,10,29,8
2021-10-29 09:00:00,141.0,83.0,58.0,413.6,5.9,83,9.8,8,1013.8,26,26,0,0,0.0,3600.0,43.6591,-70.2568,2021,10,29,9
2021-10-29 10:00:00,293.0,202.0,91.0,588.7,7.7,75,11.8,23,1013.5,14,14,0,0,0.0,3600.0,43.6591,-70.2568,2021,10,29,10
2021-10-29 11:00:00,441.0,363.0,78.0,804.8,9.3,66,11.6,36,1013.4,2,2,0,0,0.0,3600.0,43.6591,-70.2568,2021,10,29,11
2021-10-29 12:00:00,511.0,425.0,86.0,821.9,10.3,62,8.9,47,1013.2,13,13,0,0,0.0,3600.0,43.6591,-70.2568,2021,10,29,12
2021-10-29 13:00:00,527.0,430.0,97.0,801.1,10.9,60,6.8,65,1012.4,10,10,0,0,0.0,3600.0,43.6591,-70.2568,2021,10,29,13
2021-10-29 14:00:00,508.0,429.0,79.0,843.3,11.3,60,6.9,81,1011.7,1,1,0,0,0.0,3600.0,43.6591,-70.2568,2021,10,29,14
2021-10-29 15:00:00,423.0,356.0,67.0,818.7,11.2,61,6.6,99,1011.4,0,0,0,0,0.0,3600.0,43.6591,-70.2568,2021,10,29,15
2021-10-29 16:00:00,291.0,233.0,58.0,727.8,10.5,66,8.9,104,1011.1,0,0,0,0,0.0,3600.0,43.6591,-70.2568,2021,10,29,16
2021-10-29 17:00:00,134.0,94.0,40.0,545.0,9.0,76,9.8,126,1011.4,0,0,0,0,0.0,3600.0,43.6591,-70.2568,2021,10,29,17
2021-10-29 18:00:00,13.0,6.0,7.0,95.4,7.8,83,11.0,109,1011.8,1,1,0,0,0.0,1115.01,43.6591,-70.2568,2021,10,29,18
2021-10-29 19:00:00,0.0,0.0,0.0,0.0,8.0,83,10.8,111,1012.3,15,15,0,0,0.0,0.0,43.6591,-70.2568,2021,10,29,19
2021-10-29 20:00:00,0.0,0.0,0.0,0.0,7.9,85,11.3,107,1012.2,7,8,0,0,0.0,0.0,43.6591,-70.2568,2021,10,29,20
2021-10-29 21:00:00,0.0,0.0,0.0,0.0,8.1,82,12.8,101,1012.1,7,7,0,0,0.0,0.0,43.6591,-70.2568,2021,10,29,21
2021-10-29 22:00:00,0.0,0.0,0.0,0.0,8.7,78,14.0,89,1011.8,72,72,0,0,0.0,0.0,43.6591,-70.2568,2021,10,29,22
2021-10-29 23:00:00,0.0,0.0,0.0,0.0,9.2,75,14.8,86,1011.1,80,80,0,0,0.0,0.0,43.6591,-70.2568,2021,10,29,23
2021-10-30 00:00:00,0.0,0.0,0.0,0.0,9.4,75,11.5,90,1010.9,100,100,0,0,0.0,0.0,43.6591,-70.2568,2021,10,30,0
2021-10-30 01:00:00,0.0,0.0,0.0,0.0,9.3,81,12.5,57,1010.2,100,100,0,0,0.0,0.0,43.6591,-70.2568,2021,10,30,1
2021-10-30 02:00:00,0.0,0.0,0.0,0.0,8.6,87,13.5,34,1009.6,100,100,1,1,0.0,0.0,43.6591,-70.2568,2021,10,30,2
2021-10-30 03:00:00,0.0,0.0,0.0,0.0,8.7,85,14.6,40,1009.4,100,100,6,30,0.0,0.0,43.6591,-70.2568,2021,10,30,3
2021-10-30 04:00:00,0.0,0.0,0.0,0.0,9.2,86,10.6,66,1010.1,100,100,68,98,0.1,0.0,43.6591,-70.2568,2021,10,30,4
2021-10-30 05:00:00,0.0,0.0,0.0,0.0,9.7,93,9.3,103,1010.3,100,100,68,27,1.6,0.0,43.6591,-70.2568,2021,10,30,5
2021-10-30 06:00:00,0.0,0.0,0.0,0.0,10.1,95,10.0,105,1010.3,100,100,60,0,0.1,0.0,43.6591,-70.2568,2021,10,30,6
2021-10-30 07:00:00,0.0,0.0,0.0,0.0,10.1,100,12.5,102,1010.1,100,100,40,49,0.2,0.0,43.6591,-70.2568,2021,10,30,7
2021-10-30 08:00:00,5.0,0.0,5.0,0.0,10.0,97,18.4,79,1009.7,100,100,95,0,1.1,0.0,43.6591,-70.2568,2021,10,30,8
2021-10-30 09:00:00,16.0,0.0,16.0,0.0,10.8,95,18.8,93,1009.8,100,100,97,0,0.3,0.0,43.6591,-70.2568,2021,10,30,9
2021-10-30 10:00:00,37.0,0.0,37.0,0.0,11.4,94,19.6,96,1009.7,100,100,100,0,0.2,0.0,43.6591,-70.2568,2021,10,30,10
2021-10-30 11:00:00,49.0,0.0,49.0,0.0,11.6,94,21.3,95,1009.9,100,100,100,12,0.3,0.0,43.6591,-70.2568,2021,10,30,11
2021-10-30 12:00:00,50.0,0.0,50.0,0.0,11.1,100,21.3,92,1009.8,100,100,100,1,0.7,0.0,43.6591,-70.2568,2021,10,30,12
2021-10-30 13:00:00,70.0,0.0,70.0,0.0,11.3,100,22.3,81,1008.6,100,100,100,100,1.1,0.0,43.6591,-70.2568,2021,10,30,13
2021-10-30 14:00:00,65.0,0.0,65.0,0.0,11.4,100,21.4,77,1007.9,100,100,100,76,2.5,0.0,43.6591,-70.2568,2021,10,30,14
2021-10-30 15:00:00,78.0,0.0,78.0,0.0,11.6,100,22.4,85,1007.5,100,100,27,50,1.6,0.0,43.6591,-70.2568,2021,10,30,15
2021-10-30 16:00:00,41.0,3.0,38.0,9.5,11.6,100,23.8,87,1007.4,100,100,99,13,2.9,0.0,43.6591,-70.2568,2021,10,30,16
2021-10-30 17:00:00,11.0,0.0,11.0,0.0,11.7,100,25.2,93,1007.3,100,100,100,44,0.4,0.0,43.6591,-70.2568,2021,10,30,17
2021-10-30 18:00:00,1.0,0.0,1.0,0.0,12.1,96,26.0,87,1006.7,100,100,61,100,0.7,0.0,43.6591,-70.2568,2021,10,30,18
2021-10-30 19:00:00,0.0,0.0,0.0,0.0,12.2,95,26.0,84,1006.2,100,100,79,99,0.3,0.0,43.6591,-70.2568,2021,10,30,19
2021-10-30 20:00:00,0.0,0.0,0.0,0.0,11.3,100,27.2,83,1005.9,100,100,100,96,1.8,0.0,43.6591,-70.2568,2021,10,30,20
2021-10-30 21:00:00,0.0,0.0,0.0,0.0,11.4,100,27.9,76,1005.1,100,100,100,73,6.2,0.0,43.6591,-70.2568,2021,10,30,21
2021-10-30 22:00:00,0.0,0.0,0.0,0.0,11.5,100,28.8,77,1003.9,100,100,100,62,1.4,0.0,43.6591,-70.2568,2021,10,30,22
2021-10-30 23:00:00,0.0,0.0,0.0,0.0,11.6,100,28.7,78,1002.8,100,100,100,51,1.1,0.0,43.6591,-70.2568,2021,10,30,23
2021-10-31 00:00:00,0.0,0.0,0.0,0.0,11.6,100,27.1,68,1001.5,100,100,100,68,8.8,0.0,43.6591,-70.2568,2021,10,31,0
2021-10-31 01:00:00,0.0,0.0,0.0,0.0,11.6,100,28.6,67,999.8,100,100,100,83,7.6,0.0,43.6591,-70.2568,2021,10,31,1
2021-10-31 02:00:00,0.0,0.0,0.0,0.0,11.8,100,27.2,66,998.1,100,100,100,100,6.7,0.0,43.6591,-70.2568,2021,10,31,2
2021-10-31 03:00:00,0.0,0.0,0.0,0.0,12.5,100,22.6,65,996.2,100,100,100,100,9.2,0.0,43.6591,-70.2568,2021,10,31,3
2021-10-31 04:00:00,0.0,0.0,0.0,0.0,13.5,100,27.1,85,993.7,100,100,100,100,7.0,0.0,43.6591,-70.2568,2021,10,31,4
2021-10-31 05:00:00,0.0,0.0,0.0,0.0,14.2,100,27.7,106,991.8,100,100,100,100,6.8,0.0,43.6591,-70.2568,2021,10,31,5
2021-10-31 06:00:00,0.0,0.0,0.0,0.0,14.5,100,30.1,105,989.4,100,100,100,99,3.5,0.0,43.6591,-70.2568,2021,10,31,6
2021-10-31 07:00:00,0.0,0.0,0.0,0.0,14.3,100,21.4,107,987.1,100,100,38,84,7.9,0.0,43.6591,-70.2568,2021,10,31,7
2021-10-31 08:00:00,3.0,0.0,3.0,0.0,14.2,100,19.5,161,982.7,100,100,79,97,9.4,0.0,43.6591,-70.2568,2021,10,31,8
2021-10-31 09:00:00,31.0,2.0,29.0,10.4,11.1,91,30.8,247,988.2,24,2,2,21,0.2,0.0,43.6591,-70.2568,2021,10,31,9
2021-10-31 10:00:00,284.0,204.0,80.0,610.2,13.8,86,20.3,213,990.3,0,0,0,0,0.0,3600.0,43.6591,-70.2568,2021,10,31,10
2021-10-31 11:00:00,416.0,347.0,69.0,785.3,15.7,74,21.4,221,992.0,42,12,0,35,0.0,3600.0,43.6591,-70.2568,2021,10,31,11
2021-10-31 12:00:00,475.0,385.0,90.0,758.4,16.7,70,19.9,212,993.0,100,100,1,15,0.0,3600.0,43.6591,-70.2568,2021,10,31,12
2021-10-31 13:00:00,169.0,2.0,167.0,3.8,16.1,75,14.8,194,993.0,49,23,7,29,0.0,0.0,43.6591,-70.2568,2021,10,31,13
2021-10-31 14:00:00,443.0,321.0,122.0,643.1,17.6,64,14.1,218,993.0,91,48,8,83,0.0,3600.0,43.6591,-70.2568,2021,10,31,14
2021-10-31 15:00:00,290.0,139.0,151.0,326.8,17.4,63,11.7,214,993.8,39,8,25,11,0.0,3600.0,43.6591,-70.2568,2021,10,31,15
2021-10-31 16:00:00,239.0,161.0,78.0,517.7,16.7,73,10.1,207,994.5,36,22,22,0,0.1,3600.0,43.6591,-70.2568,2021,10,31,16
2021-10-31 17:00:00,94.0,55.0,39.0,336.0,15.7,70,10.8,233,995.0,24,8,17,0,0.0,3600.0,43.6591,-70.2568,2021,10,31,17
2021-10-31 18:00:00,10.0,4.0,6.0,68.4,13.9,74,12.0,229,995.7,0,0,0,0,0.0,526.36,43.6591,-70.2568,2021,10,31,18
2021-10-31 19:00:00,0.0,0.0,0.0,0.0,12.9,76,12.0,237,996.4,100,0,85,100,0.0,0.0,43.6591,-70.2568,2021,10,31,19
2021-10-31 20:00:00,0.0,0.0,0.0,0.0,14.1,73,15.1,242,997.0,100,0,100,100,0.0,0.0,43.6591,-70.2568,2021,10,31,20
2021-10-31 21:00:00,0.0,0.0,0.0,0.0,13.7,74,15.8,246,997.6,100,0,100,100,0.0,0.0,43.6591,-70.2568,2021,10,31,21
2021-10-31 22:00:00,0.0,0.0,0.0,0.0,13.4,78,16.5,247,998.2,100,0,99,97,0.0,0.0,43.6591,-70.2568,2021,10,31,22
2021-10-31 23:00:00,0.0,0.0,0.0,0.0,13.0,80,17.1,252,998.6,86,0,82,51,0.1,0.0,43.6591,-70.2568,2021,10,31,23
2021-11-01 00:00:00,0.0,0.0,0.0,0.0,12.7,79,17.3,258,999.0,72,2,64,23,0.0,0.0,43.6591,-70.2568,2021,11,1,0
2021-11-01 01:00:00,0.0,0.0,0.0,0.0,12.2,78,17.2,259,999.4,82,4,0,81,0.0,0.0,43.6591,-70.2568,2021,11,1,1
2021-11-01 02:00:00,0.0,0.0,0.0,0.0,11.7,79,16.9,259,999.7,8,8,0,0,0.0,0.0,43.6591,-70.2568,2021,11,1,2
2021-11-01 03:00:00,0.0,0.0,0.0,0.0,11.1,80,15.5,252,1000.1,0,0,0,0,0.0,0.0,43.6591,-70.2568,2021,11,1,3
2021-11-01 04:00:00,0.0,0.0,0.0,0.0,10.8,80,15.9,252,1001.0,1,1,0,0,0.0,0.0,43.6591,-70.2568,2021,11,1,4
2021-11-01 05:00:00,0.0,0.0,0.0,0.0,10.5,80,14.5,247,1001.9,2,2,0,0,0.0,0.0,43.6591,-70.2568,2021,11,1,5
2021-11-01 06:00:00,0.0,0.0,0.0,0.0,9.8,82,13.0,236,1002.6,1,1,0,0,0.0,0.0,43.6591,-70.2568,2021,11,1,6
2021-11-01 07:00:00,0.0,0.0,0.0,0.0,9.7,80,14.1,251,1003.1,1,1,0,0,0.0,0.0,43.6591,-70.2568,2021,11,1,7
2021-11-01 08:00:00,20.0,11.0,9.0,152.8,11.3,73,17.2,250,1004.1,3,11,1,0,0.0,2253.12,43.6591,-70.2568,2021,11,1,8
2021-11-01 09:00:00,144.0,98.0,46.0,520.8,12.5,71,14.0,244,1005.3,10,8,3,0,0.0,3600.0,43.6591,-70.2568,2021,11,1,9
2021-11-01 10:00:00,291.0,223.0,68.0,675.9,13.6,57,23.1,266,1005.8,1,1,0,0,0.0,3600.0,43.6591,-70.2568,2021,11,1,10
2021-11-01 11:00:00,429.0,360.0,69.0,823.2,13.8,51,22.0,272,1006.5,4,1,3,0,0.0,3600.0,43.6591,-70.2568,2021,11,1,11
2021-11-01 12:00:00,505.0,428.0,77.0,850.9,14.2,49,19.1,272,1007.3,2,1,2,0,0.0,3600.0,43.6591,-70.2568,2021,11,1,12
2021-11-01 13:00:00,527.0,450.0,77.0,861.3,14.3,43,18.1,275,1007.6,1,1,1,0,0.0,3600.0,43.6591,-70.2568,2021,11,1,13
2021-11-01 14:00:00,497.0,423.0,74.0,855.5,14.3,39,17.8,278,1007.8,1,0,0,0,0.0,3600.0,43.6591,-70.2568,2021,11,1,14
2021-11-01 15:00:00,412.0,345.0,67.0,819.9,14.0,34,17.2,281,1008.7,1,1,0,0,0.0,3600.0,43.6591,-70.2568,2021,11,1,15
2021-11-01 16:00:00,281.0,224.0,57.0,730.7,13.3,39,14.4,270,1009.4,4,0,4,0,0.0,3600.0,43.6591,-70.2568,2021,11,1,16
2021-11-01 17:00:00,122.0,84.0,38.0,526.8,11.6,48,11.3,253,1010.3,2,0,2,0,0.0,3600.0,43.6591,-70.2568,2021,11,1,17
2021-11-01 18:00:00,10.0,5.0,5.0,88.8,9.8,53,10.9,236,1011.2,20,0,0,20,0.0,912.9,43.6591,-70.2568,2021,11,1,18
2021-11-01 19:00:00,0.0,0.0,0.0,0.0,8.8,53,13.0,242,1012.1,19,0,0,19,0.0,0.0,43.6591,-70.2568,2021,11,1,19
2021-11-01 20:00:00,0.0,0.0,0.0,0.0,9.2,48,15.3,255,1013.4,22,0,0,44,0.0,0.0,43.6591,-70.2568,2021,11,1,20
2021-11-01 21:00:00,0.0,0.0,0.0,0.0,8.5,52,13.9,260,1014.1,61,0,0,61,0.0,0.0,43.6591,-70.2568,2021,11,1,21
2021-11-01 22:00:00,0.0,0.0,0.0,0.0,8.0,56,13.3,251,1015.0,95,0,0,95,0.0,0.0,43.6591,-70.2568,2021,11,1,22
2021-11-01 23:00:00,0.0,0.0,0.0,0.0,7.7,58,14.0,247,1015.5,99,0,0,99,0.0,0.0,43.6591,-70.2568,2021,11,1,23
2021-11-02 00:00:00,0.0,0.0,0.0,0.0,7.4,62,13.7,252,1015.7,100,0,13,100,0.0,0.0,43.6591,-70.2568,2021,11,2,0
2021-11-02 01:00:00,0.0,0.0,0.0,0.0,7.1,65,13.4,262,1015.7,90,0,7,90,0.0,0.0,43.6591,-70.2568,2021,11,2,1
2021-11-02 02:00:00,0.0,0.0,0.0,0.0,6.7,67,13.3,267,1015.8,94,0,4,94,0.0,0.0,43.6591,-70.2568,2021,11,2,2
2021-11-02 03:00:00,0.0,0.0,0.0,0.0,6.4,68,12.2,270,1015.8,37,0,30,17,0.0,0.0,43.6591,-70.2568,2021,11,2,3
2021-11-02 04:00:00,0.0,0.0,0.0,0.0,5.8,72,11.9,268,1016.1,100,0,100,100,0.0,0.0,43.6591,-70.2568,2021,11,2,4
2021-11-02 05:00:00,0.0,0.0,0.0,0.0,6.4,70,10.1,266,1016.3,100,0,100,99,0.0,0.0,43.6591,-70.2568,2021,11,2,5
2021-11-02 06:00:00,0.0,0.0,0.0,0.0,6.4,71,8.8,258,1016.5,100,0,99,66,0.0,0.0,43.6591,-70.2568,2021,11,2,6
2021-11-02 07:00:00,0.0,0.0,0.0,0.0,6.1,74,9.1,252,1016.6,99,0,97,65,0.0,0.0,43.6591,-70.2568,2021,11,2,7
2021-11-02 08:00:00,14.0,1.0,13.0,14.3,6.4,73,9.7,248,1017.1,100,0,98,100,0.0,0.0,43.6591,-70.2568,2021,11,2,8
2021-11-02 09:00:00,69.0,4.0,65.0,21.7,7.2,72,7.9,240,1017.4,77,0,72,20,0.0,0.0,43.6591,-70.2568,2021,11,2,9
2021-11-02 10:00:00,292.0,225.0,67.0,691.0,9.1,61,10.0,249,1017.4,94,0,8,94,0.0,3600.0,43.6591,-70.2568,2021,11,2,10
2021-11-02 11:00:00,404.0,312.0,92.0,720.8,10.4,54,9.2,244,1017.3,79,0,13,75,0.0,3600.0,43.6591,-70.2568,2021,11,2,11
2021-11-02 12:00:00,481.0,382.0,99.0,766.4,11.2,49,11.2,237,1016.9,47,0,33,21,0.0,3600.0,43.6591,-70.2568,2021,11,2,12
2021-11-02 13:00:00,502.0,399.0,103.0,770.5,11.8,44,14.3,242,1015.8,68,19,31,46,0.0,3600.0,43.6591,-70.2568,2021,11,2,13
2021-11-02 14:00:00,422.0,286.0,136.0,583.8,11.8,43,19.6,253,1015.2,100,29,100,88,0.0,3600.0,43.6591,-70.2568,2021,11,2,14
2021-11-02 15:00:00,195.0,37.0,158.0,88.9,11.0,46,17.0,253,1015.2,100,0,15,100,0.0,866.32,43.6591,-70.2568,2021,11,2,15
2021-11-02 16:00:00,191.0,63.0,128.0,208.5,10.5,51,12.5,258,1015.0,93,0,60,88,0.0,3600.0,43.6591,-70.2568,2021,11,2,16
2021-11-02 17:00:00,81.0,19.0,62.0,122.3,9.5,58,9.3,254,1015.1,90,0,65,87,0.0,1869.43,43.6591,-70.2568,2021,11,2,17
2021-11-02 18:00:00,7.0,1.0,6.0,18.4,8.3,62,9.4,272,1015.4,99,0,99,81,0.0,0.0,43.6591,-70.2568,2021,11,2,18
2021-11-02 19:00:00,0.0,0.0,0.0,0.0,7.8,63,9.6,283,1015.4,100,5,100,100,0.0,0.0,43.6591,-70.2568,2021,11,2,19
2021-11-02 20:00:00,0.0,0.0,0.0,0.0,7.9,66,8.1,283,1016.0,100,0,90,99,0.0,0.0,43.6591,-70.2568,2021,11,2,20
2021-11-02 21:00:00,0.0,0.0,0.0,0.0,7.3,67,8.2,293,1016.0,100,0,88,100,0.0,0.0,43.6591,-70.2568,2021,11,2,21
2021-11-02 22:00:00,0.0,0.0,0.0,0.0,6.5,72,8.4,301,1016.4,58,0,0,58,0.0,0.0,43.6591,-70.2568,2021,11,2,22
2021-11-02 23:00:00,0.0,0.0,0.0,0.0,5.8,76,9.0,293,1016.2,87,0,87,0,0.0,0.0,43.6591,-70.2568,2021,11,2,23
2021-11-03 00:00:00,0.0,0.0,0.0,0.0,5.4,78,9.2,291,1016.1,94,0,94,0,0.0,0.0,43.6591,-70.2568,2021,11,3,0
2021-11-03 01:00:00,0.0,0.0,0.0,0.0,5.1,78,7.2,288,1016.0,0,0,0,0,0.0,0.0,43.6591,-70.2568,2021,11,3,1
2021-11-03 02:00:00,0.0,0.0,0.0,0.0,4.4,80,5.9,281,1016.0,8,0,8,0,0.0,0.0,43.6591,-70.2568,2021,11,3,2
2021-11-03 03:00:00,0.0,0.0,0.0,0.0,3.9,82,5.4,274,1016.1,5,0,5,0,0.0,0.0,43.6591,-70.2568,2021,11,3,3
2021-11-03 04:00:00,0.0,0.0,0.0,0.0,3.4,84,5.5,281,1016.1,2,0,2,0,0.0,0.0,43.6591,-70.2568,2021,11,3,4
2021-11-03 05:00:00,0.0,0.0,0.0,0.0,3.0,86,5.2,304,1016.1,1,1,0,0,0.0,0.0,43.6591,-70.2568,2021,11,3,5
2021-11-03 06:00:00,0.0,0.0,0.0,0.0,2.8,87,4.8,297,1016.7,2,1,1,0,0.0,0.0,43.6591,-70.2568,2021,11,3,6
2021-11-03 07:00:00,0.0,0.0,0.0,0.0,2.8,87,6.3,301,1016.7,1,1,0,0,0.0,0.0,43.6591,-70.2568,2021,11,3,7
2021-11-03 08:00:00,17.0,9.0,8.0,132.7,3.2,89,8.2,299,1016.8,7,4,0,8,0.0,2061.62,43.6591,-70.2568,2021,11,3,8
2021-11-03 09:00:00,141.0,94.0,47.0,522.4,5.0,84,7.7,307,1017.4,95,3,0,94,0.0,3600.0,43.6591,-70.2568,2021,11,3,9
2021-11-03 10:00:00,280.0,198.0,82.0,616.2,6.9,72,5.7,325,1017.3,9,0,0,9,0.0,3600.0,43.6591,-70.2568,2021,11,3,10
2021-11-03 11:00:00,421.0,351.0,70.0,819.4,8.4,61,4.0,333,1017.4,17,12,12,0,0.0,3600.0,43.6591,-70.2568,2021,11,3,11
2021-11-03 12:00:00,480.0,401.0,79.0,812.0,9.0,53,2.4,333,1017.2,25,15,16,0,0.1,3600.0,43.6591,-70.2568,2021,11,3,12
2021-11-03 13:00:00,465.0,365.0,100.0,711.1,9.3,52,4.1,285,1016.6,30,15,21,0,0.1,3600.0,43.6591,-70.2568,2021,11,3,13
2021-11-03 14:00:00,413.0,310.0,103.0,638.7,9.3,50,6.6,292,1016.3,26,18,17,0,0.0,3600.0,43.6591,-70.2568,2021,11,3,14
2021-11-03 15:00:00,346.0,253.0,93.0,614.2,9.2,51,7.6,301,1016.4,34,15,28,0,0.0,3600.0,43.6591,-70.2568,2021,11,3,15
2021-11-03 16:00:00,242.0,163.0,79.0,547.0,7.9,58,11.3,297,1016.9,59,17,56,0,0.0,3600.0,43.6591,-70.2568,2021,11,3,16
2021-11-03 17:00:00,87.0,45.0,42.0,297.4,6.0,75,9.7,318,1017.2,5,0,5,0,0.1,3600.0,43.6591,-70.2568,2021,11,3,17
2021-11-03 18:00:00,7.0,3.0,4.0,57.3,4.8,81,13.2,315,1018.2,18,16,8,0,0.0,311.56,43.6591,-70.2568,2021,11,3,18
2021-11-03 19:00:00,0.0,0.0,0.0,0.0,4.6,79,10.8,330,1019.0,0,0,0,0,0.0,0.0,43.6591,-70.2568,2021,11,3,19
2021-11-03 20:00:00,0.0,0.0,0.0,0.0,4.2,91,8.9,310,1020.1,0,0,3,0,0.0,0.0,43.6591,-70.2568,2021,11,3,20
2021-11-03 21:00:00,0.0,0.0,0.0,0.0,4.0,91,9.1,304,1020.2,1,1,0,0,0.0,0.0,43.6591,-70.2568,2021,11,3,21
2021-11-03 22:00:00,0.0,0.0,0.0,0.0,3.7,91,9.4,313,1020.8,0,0,0,0,0.0,0.0,43.6591,-70.2568,2021,11,3,22
2021-11-03 23:00:00,0.0,0.0,0.0,0.0,3.3,91,9.4,320,1021.4,0,0,0,0,0.0,0.0,43.6591,-70.2568,2021,11,3,23
2021-11-04 00:00:00,0.0,0.0,0.0,0.0,2.9,90,9.7,321,1021.9,0,0,0,0,0.0,0.0,43.6591,-70.2568,2021,11,4,0
2021-11-04 01:00:00,0.0,0.0,0.0,0.0,2.7,89,9.6,326,1022.0,0,0,0,0,0.0,0.0,43.6591,-70.2568,2021,11,4,1
2021-11-04 02:00:00,0.0,0.0,0.0,0.0,2.4,89,7.7,319,1022.3,0,0,0,0,0.0,0.0,43.6591,-70.2568,2021,11,4,2
2021-11-04 03:00:00,0.0,0.0,0.0,0.0,2.2,89,7.9,317,1022.3,0,0,0,0,0.0,0.0,43.6591,-70.2568,2021,11,4,3
2021-11-04 04:00:00,0.0,0.0,0.0,0.0,2.1,89,6.9,332,1022.1,0,0,0,0,0.0,0.0,43.6591,-70.2568,2021,11,4,4
2021-11-04 05:00:00,0.0,0.0,0.0,0.0,1.8,90,5.4,323,1022.7,4,2,0,3,0.0,0.0,43.6591,-70.2568,2021,11,4,5
2021-11-04 06:00:00,0.0,0.0,0.0,0.0,1.6,91,4.6,309,1023.2,14,1,0,13,0.0,0.0,43.6591,-70.2568,2021,11,4,6
2021-11-04 07:00:00,0.0,0.0,0.0,0.0,1.3,91,4.7,302,1023.6,25,0,0,25,0.0,0.0,43.6591,-70.2568,2021,11,4,7
2021-11-04 08:00:00,16.0,8.0,8.0,121.6,1.0,94,3.0,284,1024.5,49,0,5,8,0.0,1762.29,43.6591,-70.2568,2021,11,4,8
2021-11-04 09:00:00,138.0,93.0,45.0,528.8,2.7,89,4.7,293,1025.1,33,0,4,32,0.0,3600.0,43.6591,-70.2568,2021,11,4,9
2021-11-04 10:00:00,282.0,208.0,74.0,656.1,4.1,79,3.4,302,1025.1,38,0,30,20,0.0,3600.0,43.6591,-70.2568,2021,11,4,10
2021-11-04 11:00:00,412.0,334.0,78.0,787.8,5.1,65,1.8,307,1024.8,29,0,28,13,0.0,3600.0,43.6591,-70.2568,2021,11,4,11
2021-11-04 12:00:00,482.0,392.0,90.0,801.0,6.2,56,3.2,207,1024.5,0,0,0,0,0.0,3600.0,43.6591,-70.2568,2021,11,4,12
2021-11-04 13:00:00,514.0,437.0,77.0,858.9,7.1,48,5.6,225,1023.8,49,49,0,0,0.0,3600.0,43.6591,-70.2568,2021,11,4,13
2021-11-04 14:00:00,451.0,339.0,112.0,704.9,7.8,43,6.5,251,1023.0,48,42,37,3,0.0,3600.0,43.6591,-70.2568,2021,11,4,14
2021-11-04 15:00:00,334.0,231.0,103.0,566.7,7.8,42,5.7,252,1022.6,89,67,78,49,0.0,3600.0,43.6591,-70.2568,2021,11,4,15
2021-11-04 16:00:00,195.0,90.0,105.0,306.3,7.4,44,4.5,241,1022.4,94,14,73,78,0.0,3600.0,43.6591,-70.2568,2021,11,4,16
2021-11-04 17:00:00,76.0,22.0,54.0,149.2,6.0,65,4.5,151,1022.4,78,21,60,44,0.0,2676.79,43.6591,-70.2568,2021,11,4,17
2021-11-04 18:00:00,5.0,1.0,4.0,19.1,4.9,74,8.1,167,1022.6,97,17,47,95,0.0,0.0,43.6591,-70.2568,2021,11,4,18
2021-11-04 19:00:00,0.0,0.0,0.0,0.0,4.1,78,9.9,190,1022.8,85,2,53,69,0.0,0.0,43.6591,-70.2568,2021,11,4,19
2021-11-04 20:00:00,0.0,0.0,0.0,0.0,5.1,70,5.9,194,1022.9,100,6,36,68,0.0,0.0,43.6591,-70.2568,2021,11,4,20
2021-11-04 21:00:00,0.0,0.0,0.0,0.0,3.7,78,3.3,319,1022.6,100,18,73,98,0.0,0.0,43.6591,-70.2568,2021,11,4,21
2021-11-04 22:00:00,0.0,0.0,0.0,0.0,3.3,82,10.5,308,1023.0,100,99,100,100,0.0,0.0,43.6591,-70.2568,2021,11,4,22
2021-11-04 23:00:00,0.0,0.0,0.0,0.0,4.0,70,7.3,303,1022.8,91,3,50,82,0.0,0.0,43.6591,-70.2568,2021,11,4,23
2021-11-05 00:00:00,0.0,0.0,0.0,0.0,3.3,72,5.7,325,1022.3,12,1,7,5,0.0,0.0,43.6591,-70.2568,2021,11,5,0
2021-11-05 01:00:00,0.0,0.0,0.0,0.0,2.9,78,5.8,330,1021.9,7,7,0,0,0.0,0.0,43.6591,-70.2568,2021,11,5,1
2021-11-05 02:00:00,0.0,0.0,0.0,0.0,2.5,83,5.0,339,1022.1,37,34,21,0,0.0,0.0,43.6591,-70.2568,2021,11,5,2
2021-11-05 03:00:00,0.0,0.0,0.0,0.0,2.2,86,10.4,346,1021.8,30,24,11,0,0.0,0.0,43.6591,-70.2568,2021,11,5,3
2021-11-05 04:00:00,0.0,0.0,0.0,0.0,1.7,88,10.0,347,1021.5,0,0,0,0,0.0,0.0,43.6591,-70.2568,2021,11,5,4
2021-11-05 05:00:00,0.0,0.0,0.0,0.0,1.6,87,10.0,345,1021.6,0,0,0,0,0.0,0.0,43.6591,-70.2568,2021,11,5,5
2021-11-05 06:00:00,0.0,0.0,0.0,0.0,1.3,87,9.8,352,1021.7,0,0,0,0,0.0,0.0,43.6591,-70.2568,2021,11,5,6
2021-11-05 07:00:00,0.0,0.0,0.0,0.0,0.5,87,10.9,351,1022.2,0,0,0,0,0.0,0.0,43.6591,-70.2568,2021,11,5,7
2021-11-05 08:00:00,14.0,7.0,7.0,109.9,0.9,82,12.0,344,1023.7,0,0,0,0,0.0,1461.53,43.6591,-70.2568,2021,11,5,8
2021-11-05 09:00:00,136.0,94.0,42.0,547.2,2.8,74,10.2,350,1024.3,0,0,0,0,0.0,3600.0,43.6591,-70.2568,2021,11,5,9
2021-11-05 10:00:00,288.0,227.0,61.0,725.8,4.8,66,11.7,351,1024.5,0,0,0,0,0.0,3600.0,43.6591,-70.2568,2021,11,5,10
2021-11-05 11:00:00,413.0,343.0,70.0,817.5,6.1,52,12.4,352,1024.4,0,0,0,0,0.0,3600.0,43.6591,-70.2568,2021,11,5,11
2021-11-05 12:00:00,494.0,420.0,74.0,866.1,7.0,43,11.4,342,1023.8,0,0,0,0,0.0,3600.0,43.6591,-70.2568,2021,11,5,12
2021-11-05 13:00:00,519.0,445.0,74.0,882.3,7.7,38,11.6,338,1022.9,0,0,0,0,0.0,3600.0,43.6591,-70.2568,2021,11,5,13
2021-11-05 14:00:00,487.0,417.0,70.0,875.1,8.0,37,15.3,326,1022.3,42,31,40,0,0.0,3600.0,43.6591,-70.2568,2021,11,5,14
2021-11-05 15:00:00,355.0,244.0,111.0,605.0,8.2,36,15.4,323,1022.0,38,0,38,0,0.0,3600.0,43.6591,-70.2568,2021,11,5,15
2021-11-05 16:00:00,247.0,177.0,70.0,610.8,7.8,40,10.8,330,1022.0,0,0,0,0,0.0,3600.0,43.6591,-70.2568,2021,11,5,16
2021-11-05 17:00:00,111.0,75.0,36.0,522.3,6.1,52,8.1,339,1022.4,0,0,0,0,0.0,3600.0,43.6591,-70.2568,2021,11,5,17
2021-11-05 18:00:00,6.0,3.0,3.0,57.3,4.7,54,10.7,340,1022.9,0,0,0,0,0.0,391.67,43.6591,-70.2568,2021,11,5,18
2021-11-05 19:00:00,0.0,0.0,0.0,0.0,4.0,61,6.3,329,1023.4,0,0,0,0,0.0,0.0,43.6591,-70.2568,2021,11,5,19
2021-11-05 20:00:00,0.0,0.0,0.0,0.0,2.3,71,6.3,283,1024.3,0,0,0,0,0.0,0.0,43.6591,-70.2568,2021,11,5,20
2021-11-05 21:00:00,0.0,0.0,0.0,0.0,1.4,78,4.4,261,1024.7,0,0,0,0,0.0,0.0,43.6591,-70.2568,2021,11,5,21
2021-11-05 22:00:00,0.0,0.0,0.0,0.0,1.5,77,5.1,274,1025.4,0,0,0,0,0.0,0.0,43.6591,-70.2568,2021,11,5,22
2021-11-05 23:00:00,0.0,0.0,0.0,0.0,0.9,78,6.8,295,1025.4,0,0,0,0,0.0,0.0,43.6591,-70.2568,2021,11,5,23
2021-11-06 00:00:00,0.0,0.0,0.0,0.0,0.7,77,7.0,291,1025.1,0,0,0,0,0.0,0.0,43.6591,-70.2568,2021,11,6,0
2021-11-06 01:00:00,0.0,0.0,0.0,0.0,0.5,78,6.2,291,1024.8,0,0,0,0,0.0,0.0,43.6591,-70.2568,2021,11,6,1
2021-11-06 02:00:00,0.0,0.0,0.0,0.0,0.3,81,6.5,289,1024.6,0,0,0,0,0.0,0.0,43.6591,-70.2568,2021,11,6,2
2021-11-06 03:00:00,0.0,0.0,0.0,0.0,0.1,84,7.4,284,1024.9,0,0,0,0,0.0,0.0,43.6591,-70.2568,2021,11,6,3
2021-11-06 04:00:00,0.0,0.0,0.0,0.0,-0.1,84,7.9,286,1024.9,16,0,0,16,0.0,0.0,43.6591,-70.2568,2021,11,6,4
2021-11-06 05:00:00,0.0,0.0,0.0,0.0,-0.2,84,8.1,283,1025.0,43,0,0,43,0.0,0.0,43.6591,-70.2568,2021,11,6,5
2021-11-06 06:00:00,0.0,0.0,0.0,0.0,-0.5,87,10.1,270,1025.5,66,0,0,66,0.0,0.0,43.6591,-70.2568,2021,11,6,6
2021-11-06 07:00:00,0.0,0.0,0.0,0.0,-0.4,89,10.1,276,1025.8,24,0,0,24,0.0,0.0,43.6591,-70.2568,2021,11,6,7
2021-11-06 08:00:00,12.0,5.0,7.0,81.1,-1.1,86,9.8,276,1027.1,1,0,0,0,0.0,810.95,43.6591,-70.2568,2021,11,6,8
2021-11-06 09:00:00,119.0,73.0,46.0,435.3,0.9,75,8.4,280,1027.3,1,0,0,1,0.0,3600.0,43.6591,-70.2568,2021,11,6,9
2021-11-06 10:00:00,262.0,183.0,79.0,593.2,4.2,62,7.6,275,1026.9,0,0,0,0,0.0,3600.0,43.6591,-70.2568,2021,11,6,10
2021-11-06 11:00:00,397.0,315.0,82.0,758.7,7.7,43,5.8,263,1026.6,0,0,0,0,0.0,3600.0,43.6591,-70.2568,2021,11,6,11
2021-11-06 12:00:00,484.0,411.0,73.0,855.4,9.1,34,5.5,247,1025.9,0,0,0,0,0.0,3600.0,43.6591,-70.2568,2021,11,6,12
2021-11-06 13:00:00,508.0,435.0,73.0,870.2,9.8,32,4.5,241,1024.4,0,0,0,0,0.0,3600.0,43.6591,-70.2568,2021,11,6,13
2021-11-06 14:00:00,475.0,404.0,71.0,855.7,10.1,34,6.3,211,1023.7,0,0,0,0,0.0,3600.0,43.6591,-70.2568,2021,11,6,14
2021-11-06 15:00:00,388.0,323.0,65.0,809.3,9.8,37,6.6,202,1023.1,1,0,0,1,0.0,3600.0,43.6591,-70.2568,2021,11,6,15
2021-11-06 16:00:00,257.0,202.0,55.0,706.9,8.4,45,5.9,194,1022.7,0,0,0,0,0.0,3600.0,43.6591,-70.2568,2021,11,6,16
2021-11-06 17:00:00,105.0,71.0,34.0,507.8,5.9,59,9.9,190,1022.4,0,0,0,0,0.0,3600.0,43.6591,-70.2568,2021,11,6,17
2021-11-06 18:00:00,5.0,2.0,3.0,38.2,4.4,75,12.8,202,1022.1,0,0,0,0,0.0,84.03,43.6591,-70.2568,2021,11,6,18
2021-11-06 19:00:00,0.0,0.0,0.0,0.0,3.3,79,11.8,220,1021.9,0,0,0,0,0.0,0.0,43.6591,-70.2568,2021,11,6,19
2021-11-06 20:00:00,0.0,0.0,0.0,0.0,4.3,80,10.7,230,1021.9,0,0,0,0,0.0,0.0,43.6591,-70.2568,2021,11,6,20
2021-11-06 21:00:00,0.0,0.0,0.0,0.0,2.9,79,11.6,248,1021.5,0,0,0,0,0.0,0.0,43.6591,-70.2568,2021,11,6,21
2021-11-06 22:00:00,0.0,0.0,0.0,0.0,2.4,76,11.9,241,1021.6,10,0,0,10,0.0,0.0,43.6591,-70.2568,2021,11,6,22
2021-11-06 23:00:00,0.0,0.0,0.0,0.0,2.7,75,12.8,238,1021.6,8,0,0,8,0.0,0.0,43.6591,-70.2568,2021,11,6,23
2021-11-07 00:00:00,0.0,0.0,0.0,0.0,2.6,75,11.3,239,1021.2,0,0,0,0,0.0,0.0,43.6591,-70.2568,2021,11,7,0
2021-11-07 01:00:00,0.0,0.0,0.0,0.0,2.0,78,10.5,248,1021.2,0,0,0,0,0.0,0.0,43.6591,-70.2568,2021,11,7,1
2021-11-07 02:00:00,0.0,0.0,0.0,0.0,1.5,79,10.7,258,1020.7,3,0,0,3,0.0,0.0,43.6591,-70.2568,2021,11,7,2
2021-11-07 03:00:00,0.0,0.0,0.0,0.0,1.2,81,10.8,255,1020.4,0,0,0,0,0.0,0.0,43.6591,-70.2568,2021,11,7,3
2021-11-07 04:00:00,0.0,0.0,0.0,0.0,0.9,83,8.6,255,1020.0,0,0,0,0,0.0,0.0,43.6591,-70.2568,2021,11,7,4
2021-11-07 05:00:00,0.0,0.0,0.0,0.0,0.7,84,7.0,249,1019.9,0,0,0,0,0.0,0.0,43.6591,-70.2568,2021,11,7,5
2021-11-07 06:00:00,0.0,0.0,0.0,0.0,0.2,86,6.6,257,1019.7,0,0,0,0,0.0,0.0,43.6591,-70.2568,2021,11,7,6
2021-11-07 07:00:00,0.0,0.0,0.0,0.0,0.1,87,6.9,276,1019.7,0,0,0,0,0.0,0.0,43.6591,-70.2568,2021,11,7,7
2021-11-07 08:00:00,12.0,6.0,6.0,100.7,-0.0,91,4.0,280,1020.2,0,1,0,0,0.0,1204.57,43.6591,-70.2568,2021,11,7,8
2021-11-07 09:00:00,126.0,82.0,44.0,501.1,2.2,82,5.7,305,1020.4,2,2,0,0,0.0,3600.0,43.6591,-70.2568,2021,11,7,9
2021-11-07 10:00:00,278.0,214.0,64.0,703.4,5.8,67,3.1,324,1020.1,0,0,0,0,0.0,3600.0,43.6591,-70.2568,2021,11,7,10
2021-11-07 11:00:00,409.0,342.0,67.0,832.5,8.2,56,1.1,360,1019.7,0,0,0,0,0.0,3600.0,43.6591,-70.2568,2021,11,7,11
2021-11-07 12:00:00,488.0,417.0,71.0,876.0,9.9,47,2.6,164,1019.1,0,0,0,0,0.0,3600.0,43.6591,-70.2568,2021,11,7,12
2021-11-07 13:00:00,512.0,441.0,71.0,890.0,10.7,42,4.2,160,1018.4,0,0,0,0,0.0,3600.0,43.6591,-70.2568,2021,11,7,13
2021-11-07 14:00:00,479.0,409.0,70.0,874.3,10.9,44,5.6,153,1017.7,0,0,0,0,0.0,3600.0,43.6591,-70.2568,2021,11,7,14
2021-11-07 15:00:00,390.0,325.0,65.0,822.9,10.1,57,7.6,149,1017.3,0,0,0,0,0.0,3600.0,43.6591,-70.2568,2021,11,7,15
2021-11-07 16:00:00,257.0,202.0,55.0,716.8,8.4,71,8.9,153,1017.2,0,0,0,0,0.0,3600.0,43.6591,-70.2568,2021,11,7,16
2021-11-07 17:00:00,103.0,70.0,33.0,514.3,5.8,83,11.5,178,1017.3,30,0,0,30,0.0,3600.0,43.6591,-70.2568,2021,11,7,17
2021-11-07 18:00:00,4.0,2.0,2.0,38.2,4.4,81,7.9,210,1017.2,1,0,0,1,0.0,121.77,43.6591,-70.2568,2021,11,7,18
2021-11-07 19:00:00,0.0,0.0,0.0,0.0,3.2,82,6.6,248,1016.9,44,0,0,44,0.0,0.0,43.6591,-70.2568,2021,11,7,19
2021-11-07 20:00:00,0.0,0.0,0.0,0.0,2.7,87,6.7,254,1016.7,31,0,0,100,0.0,0.0,43.6591,-70.2568,2021,11,7,20
2021-11-07 21:00:00,0.0,0.0,0.0,0.0,3.4,85,4.4,261,1016.9,100,0,0,100,0.0,0.0,43.6591,-70.2568,2021,11,7,21
2021-11-07 22:00:00,0.0,0.0,0.0,0.0,3.3,84,6.2,280,1016.8,100,0,0,100,0.0,0.0,43.6591,-70.2568,2021,11,7,22
2021-11-07 23:00:00,0.0,0.0,0.0,0.0,2.6,87,5.6,297,1016.4,100,0,0,100,0.0,0.0,43.6591,-70.2568,2021,11,7,23
2021-11-08 00:00:00,0.0,0.0,0.0,0.0,1.3,90,5.8,292,1016.2,100,0,0,100,0.0,0.0,43.6591,-70.2568,2021,11,8,0
2021-11-08 01:00:00,0.0,0.0,0.0,0.0,1.1,90,3.9,304,1016.2,100,0,0,100,0.0,0.0,43.6591,-70.2568,2021,11,8,1
2021-11-08 02:00:00,0.0,0.0,0.0,0.0,2.1,89,4.6,315,1015.7,100,0,0,100,0.0,0.0,43.6591,-70.2568,2021,11,8,2
2021-11-08 03:00:00,0.0,0.0,0.0,0.0,2.1,91,4.6,321,1015.5,100,0,0,100,0.0,0.0,43.6591,-70.2568,2021,11,8,3
2021-11-08 04:00:00,0.0,0.0,0.0,0.0,2.8,90,7.3,327,1015.3,100,4,0,100,0.0,0.0,43.6591,-70.2568,2021,11,8,4
2021-11-08 05:00:00,0.0,0.0,0.0,0.0,2.9,92,10.5,333,1015.4,100,33,0,100,0.0,0.0,43.6591,-70.2568,2021,11,8,5
2021-11-08 06:00:00,0.0,0.0,0.0,0.0,2.3,93,10.2,337,1015.5,84,34,0,77,0.0,0.0,43.6591,-70.2568,2021,11,8,6
2021-11-08 07:00:00,0.0,0.0,0.0,0.0,2.5,85,10.1,343,1015.6,17,17,0,0,0.0,0.0,43.6591,-70.2568,2021,11,8,7
2021-11-08 08:00:00,10.0,5.0,5.0,86.9,3.6,75,8.6,338,1017.1,0,26,13,0,0.0,899.98,43.6591,-70.2568,2021,11,8,8
2021-11-08 09:00:00,110.0,65.0,45.0,407.4,5.5,74,10.0,345,1017.7,15,15,0,0,0.0,3600.0,43.6591,-70.2568,2021,11,8,9
2021-11-08 10:00:00,258.0,192.0,66.0,640.0,8.7,67,8.4,340,1017.6,0,0,0,0,0.0,3600.0,43.6591,-70.2568,2021,11,8,10
2021-11-08 11:00:00,382.0,314.0,68.0,772.6,11.0,63,7.6,357,1017.1,0,0,0,0,0.0,3600.0,43.6591,-70.2568,2021,11,8,11
2021-11-08 12:00:00,459.0,387.0,72.0,820.6,12.7,61,7.0,348,1016.9,0,0,0,0,0.0,3600.0,43.6591,-70.2568,2021,11,8,12
2021-11-08 13:00:00,483.0,409.0,74.0,832.8,13.8,60,6.6,347,1016.3,0,0,0,0,0.0,3600.0,43.6591,-70.2568,2021,11,8,13
2021-11-08 14:00:00,451.0,380.0,71.0,819.7,14.2,59,5.8,353,1015.7,0,0,0,0,0.0,3600.0,43.6591,-70.2568,2021,11,8,14
2021-11-08 15:00:00,367.0,301.0,66.0,770.1,14.2,59,4.7,337,1015.4,0,0,0,0,0.0,3600.0,43.6591,-70.2568,2021,11,8,15
2021-11-08 16:00:00,241.0,186.0,55.0,669.2,13.4,71,3.1,324,1015.4,0,0,0,0,0.0,3600.0,43.6591,-70.2568,2021,11,8,16
2021-11-08 17:00:00,95.0,62.0,33.0,467.9,11.4,74,5.6,310,1015.2,0,0,0,0,0.0,3600.0,43.6591,-70.2568,2021,11,8,17
2021-11-08 18:00:00,4.0,1.0,3.0,19.1,8.6,82,4.7,293,1015.1,0,0,0,0,0.0,0.0,43.6591,-70.2568,2021,11,8,18
2021-11-08 19:00:00,0.0,0.0,0.0,0.0,6.7,86,3.2,297,1015.2,0,0,0,0,0.0,0.0,43.6591,-70.2568,2021,11,8,19
2021-11-08 20:00:00,0.0,0.0,0.0,0.0,7.0,83,7.4,317,1015.4,0,0,0,0,0.0,0.0,43.6591,-70.2568,2021,11,8,20
2021-11-08 21:00:00,0.0,0.0,0.0,0.0,6.4,85,6.1,298,1015.5,0,0,0,0,0.0,0.0,43.6591,-70.2568,2021,11,8,21
2021-11-08 22:00:00,0.0,0.0,0.0,0.0,5.8,86,4.2,301,1015.6,0,0,0,0,0.0,0.0,43.6591,-70.2568,2021,11,8,22
2021-11-08 23:00:00,0.0,0.0,0.0,0.0,4.7,88,3.1,315,1015.3,0,0,0,0,0.0,0.0,43.6591,-70.2568,2021,11,8,23
2021-11-09 00:00:00,0.0,0.0,0.0,0.0,4.3,90,2.3,321,1015.1,0,0,0,0,0.0,0.0,43.6591,-70.2568,2021,11,9,0
2021-11-09 01:00:00,0.0,0.0,0.0,0.0,4.2,91,2.9,300,1014.8,0,0,0,0,0.0,0.0,43.6591,-70.2568,2021,11,9,1
2021-11-09 02:00:00,0.0,0.0,0.0,0.0,4.1,92,3.4,302,1014.3,0,0,0,0,0.0,0.0,43.6591,-70.2568,2021,11,9,2
2021-11-09 03:00:00,0.0,0.0,0.0,0.0,3.1,95,3.0,284,1014.2,0,0,0,0,0.0,0.0,43.6591,-70.2568,2021,11,9,3
2021-11-09 04:00:00,0.0,0.0,0.0,0.0,3.1,95,6.8,270,1013.6,0,0,0,0,0.0,0.0,43.6591,-70.2568,2021,11,9,4
2021-11-09 05:00:00,0.0,0.0,0.0,0.0,2.6,98,9.0,270,1013.1,0,0,0,0,0.0,0.0,43.6591,-70.2568,2021,11,9,5
2021-11-09 06:00:00,0.0,0.0,0.0,0.0,2.9,97,9.0,272,1013.0,0,0,0,0,0.0,0.0,43.6591,-70.2568,2021,11,9,6
2021-11-09 07:00:00,0.0,0.0,0.0,0.0,3.6,92,7.6,275,1012.8,2,2,0,0,0.0,0.0,43.6591,-70.2568,2021,11,9,7
2021-11-09 08:00:00,9.0,4.0,5.0,72.1,4.0,90,8.0,297,1013.7,0,1,0,0,0.0,593.62,43.6591,-70.2568,2021,11,9,8
2021-11-09 09:00:00,115.0,78.0,37.0,501.7,6.5,86,6.9,332,1013.9,0,0,0,0,0.0,3600.0,43.6591,-70.2568,2021,11,9,9
2021-11-09 10:00:00,257.0,201.0,56.0,679.6,9.1,84,3.0,346,1013.6,0,0,0,0,0.0,3600.0,43.6591,-70.2568,2021,11,9,10
2021-11-09 11:00:00,375.0,309.0,66.0,768.5,11.6,75,2.5,270,1013.2,12,0,0,12,0.0,3600.0,43.6591,-70.2568,2021,11,9,11
2021-11-09 12:00:00,449.0,378.0,71.0,809.0,14.0,68,2.4,297,1012.5,37,0,1,37,0.0,3600.0,43.6591,-70.2568,2021,11,9,12
2021-11-09 13:00:00,469.0,393.0,76.0,807.3,15.4,62,3.0,14,1012.0,77,0,2,77,0.0,3600.0,43.6591,-70.2568,2021,11,9,13
2021-11-09 14:00:00,433.0,352.0,81.0,766.3,16.0,60,0.8,27,1011.6,0,0,0,0,0.0,3600.0,43.6591,-70.2568,2021,11,9,14
2021-11-09 15:00:00,354.0,288.0,66.0,744.5,16.1,63,0.5,135,1011.5,4,0,0,4,0.0,3600.0,43.6591,-70.2568,2021,11,9,15
2021-11-09 16:00:00,230.0,175.0,55.0,638.4,14.9,81,0.8,117,1011.7,9,9,0,0,0.0,3600.0,43.6591,-70.2568,2021,11,9,16
2021-11-09 17:00:00,87.0,54.0,33.0,418.7,13.6,84,2.9,97,1012.2,13,13,1,0,0.0,3600.0,43.6591,-70.2568,2021,11,9,17
2021-11-09 18:00:00,3.0,1.0,2.0,19.1,11.0,91,5.6,320,1012.8,43,0,43,4,0.0,0.0,43.6591,-70.2568,2021,11,9,18
2021-11-09 19:00:00,0.0,0.0,0.0,0.0,9.8,89,6.0,327,1013.1,15,1,13,2,0.0,0.0,43.6591,-70.2568,2021,11,9,19
2021-11-09 20:00:00,0.0,0.0,0.0,0.0,10.0,79,8.0,324,1013.1,26,24,32,41,0.0,0.0,43.6591,-70.2568,2021,11,9,20
2021-11-09 21:00:00,0.0,0.0,0.0,0.0,9.8,81,9.9,341,1012.9,93,14,58,89,0.0,0.0,43.6591,-70.2568,2021,11,9,21
2021-11-09 22:00:00,0.0,0.0,0.0,0.0,9.6,82,11.2,339,1013.2,100,40,100,100,0.0,0.0,43.6591,-70.2568,2021,11,9,22
2021-11-09 23:00:00,0.0,0.0,0.0,0.0,10.2,79,9.7,345,1013.0,100,100,100,44,0.0,0.0,43.6591,-70.2568,2021,11,9,23
2021-11-10 00:00:00,0.0,0.0,0.0,0.0,10.3,78,8.7,5,1012.6,100,98,100,100,0.0,0.0,43.6591,-70.2568,2021,11,10,0
2021-11-10 01:00:00,0.0,0.0,0.0,0.0,10.2,78,8.3,358,1012.8,100,100,100,100,0.0,0.0,43.6591,-70.2568,2021,11,10,1
2021-11-10 02:00:00,0.0,0.0,0.0,0.0,9.8,80,8.6,360,1012.5,100,100,100,100,0.0,0.0,43.6591,-70.2568,2021,11,10,2
2021-11-10 03:00:00,0.0,0.0,0.0,0.0,9.3,85,10.2,8,1012.4,100,100,100,100,0.4,0.0,43.6591,-70.2568,2021,11,10,3
2021-11-10 04:00:00,0.0,0.0,0.0,0.0,8.6,92,11.4,11,1011.7,100,100,100,100,0.3,0.0,43.6591,-70.2568,2021,11,10,4
2021-11-10 05:00:00,0.0,0.0,0.0,0.0,8.3,92,11.4,13,1011.7,100,100,100,91,0.0,0.0,43.6591,-70.2568,2021,11,10,5
2021-11-10 06:00:00,0.0,0.0,0.0,0.0,7.4,99,10.4,14,1011.6,100,100,100,100,0.7,0.0,43.6591,-70.2568,2021,11,10,6
2021-11-10 07:00:00,0.0,0.0,0.0,0.0,6.9,100,12.4,8,1011.3,100,100,100,100,0.9,0.0,43.6591,-70.2568,2021,11,10,7
2021-11-10 08:00:00,1.0,0.0,1.0,0.0,7.6,100,8.5,12,1011.6,100,100,100,64,1.3,0.0,43.6591,-70.2568,2021,11,10,8
2021-11-10 09:00:00,7.0,0.0,7.0,0.0,7.7,100,8.7,343,1012.0,100,100,100,9,2.0,0.0,43.6591,-70.2568,2021,11,10,9
2021-11-10 10:00:00,19.0,0.0,19.0,0.0,7.9,100,7.2,354,1011.9,100,100,100,59,1.7,0.0,43.6591,-70.2568,2021,11,10,10
2021-11-10 11:00:00,55.0,0.0,55.0,0.0,8.3,100,5.1,4,1011.8,100,100,100,0,0.9,0.0,43.6591,-70.2568,2021,11,10,11
2021-11-10 12:00:00,82.0,0.0,82.0,0.0,8.9,94,2.8,320,1011.4,100,7,100,0,0.1,0.0,43.6591,-70.2568,2021,11,10,12
2021-11-10 13:00:00,138.0,0.0,138.0,0.0,9.6,92,5.4,278,1011.2,100,36,100,0,0.0,0.0,43.6591,-70.2568,2021,11,10,13
2021-11-10 14:00:00,161.0,23.0,138.0,50.5,10.5,88,9.2,259,1011.0,96,96,4,0,0.0,0.0,43.6591,-70.2568,2021,11,10,14
2021-11-10 15:00:00,221.0,74.0,147.0,193.3,12.0,82,7.9,273,1011.0,34,23,15,0,0.0,3600.0,43.6591,-70.2568,2021,11,10,15
2021-11-10 16:00:00,199.0,130.0,69.0,480.8,12.4,72,10.3,306,1011.4,15,8,12,0,0.1,3600.0,43.6591,-70.2568,2021,11,10,16
2021-11-10 17:00:00,81.0,48.0,33.0,382.5,10.7,69,10.5,311,1012.3,0,0,0,0,0.0,3600.0,43.6591,-70.2568,2021,11,10,17
2021-11-10 18:00:00,3.0,1.0,2.0,19.1,8.5,71,12.0,303,1013.4,0,0,0,0,0.0,0.0,43.6591,-70.2568,2021,11,10,18
2021-11-10 19:00:00,0.0,0.0,0.0,0.0,7.4,70,10.7,303,1014.6,0,0,0,0,0.0,0.0,43.6591,-70.2568,2021,11,10,19
2021-11-10 20:00:00,0.0,0.0,0.0,0.0,6.6,60,11.4,288,1016.3,17,0,2,0,0.0,0.0,43.6591,-70.2568,2021,11,10,20
2021-11-10 21:00:00,0.0,0.0,0.0,0.0,6.0,58,12.2,289,1017.1,38,0,29,28,0.0,0.0,43.6591,-70.2568,2021,11,10,21
2021-11-10 22:00:00,0.0,0.0,0.0,0.0,5.7,58,12.0,291,1018.1,3,0,2,3,0.0,0.0,43.6591,-70.2568,2021,11,10,22
2021-11-10 23:00:00,0.0,0.0,0.0,0.0,5.3,60,11.8,282,1018.3,39,0,0,39,0.0,0.0,43.6591,-70.2568,2021,11,10,23
2021-11-11 00:00:00,0.0,0.0,0.0,0.0,4.9,62,12.3,277,1018.5,45,0,0,45,0.0,0.0,43.6591,-70.2568,2021,11,11,0
2021-11-11 01:00:00,0.0,0.0,0.0,0.0,4.5,65,12.6,283,1019.0,86,0,0,86,0.0,0.0,43.6591,-70.2568,2021,11,11,1
2021-11-11 02:00:00,0.0,0.0,0.0,0.0,4.5,67,12.2,289,1019.8,45,0,0,45,0.0,0.0,43.6591,-70.2568,2021,11,11,2
2021-11-11 03:00:00,0.0,0.0,0.0,0.0,4.2,70,11.2,291,1020.4,14,0,0,14,0.0,0.0,43.6591,-70.2568,2021,11,11,3
2021-11-11 04:00:00,0.0,0.0,0.0,0.0,3.6,74,10.4,290,1020.5,9,0,0,9,0.0,0.0,43.6591,-70.2568,2021,11,11,4
2021-11-11 05:00:00,0.0,0.0,0.0,0.0,3.2,78,10.3,295,1020.6,30,0,0,30,0.0,0.0,43.6591,-70.2568,2021,11,11,5
2021-11-11 06:00:00,0.0,0.0,0.0,0.0,3.2,81,10.3,306,1021.3,89,0,0,89,0.0,0.0,43.6591,-70.2568,2021,11,11,6
2021-11-11 07:00:00,0.0,0.0,0.0,0.0,3.2,85,10.0,311,1021.7,100,0,0,100,0.0,0.0,43.6591,-70.2568,2021,11,11,7
2021-11-11 08:00:00,7.0,2.0,5.0,38.2,3.0,86,9.1,304,1023.2,100,0,0,100,0.0,0.0,43.6591,-70.2568,2021,11,11,8
2021-11-11 09:00:00,100.0,47.0,53.0,318.9,4.6,82,8.8,325,1023.9,100,0,0,100,0.0,3600.0,43.6591,-70.2568,2021,11,11,9
2021-11-11 10:00:00,245.0,169.0,76.0,588.1,7.3,70,6.6,347,1024.3,90,0,0,90,0.0,3600.0,43.6591,-70.2568,2021,11,11,10
2021-11-11 11:00:00,380.0,312.0,68.0,792.9,9.1,52,7.6,5,1024.7,26,0,0,26,0.0,3600.0,43.6591,-70.2568,2021,11,11,11
2021-11-11 12:00:00,456.0,384.0,72.0,837.3,9.9,47,5.8,22,1024.5,40,0,0,40,0.0,3600.0,43.6591,-70.2568,2021,11,11,12
2021-11-11 13:00:00,478.0,405.0,73.0,846.8,10.3,46,2.4,63,1023.9,57,0,0,57,0.0,3600.0,43.6591,-70.2568,2021,11,11,13
2021-11-11 14:00:00,445.0,373.0,72.0,826.9,10.4,46,4.6,108,1023.4,80,0,0,80,0.0,3600.0,43.6591,-70.2568,2021,11,11,14
2021-11-11 15:00:00,358.0,289.0,69.0,762.6,10.0,49,7.7,143,1024.1,50,1,0,50,0.0,3600.0,43.6591,-70.2568,2021,11,11,15
2021-11-11 16:00:00,232.0,177.0,55.0,663.5,8.8,57,10.1,145,1024.7,100,4,0,100,0.0,3600.0,43.6591,-70.2568,2021,11,11,16
2021-11-11 17:00:00,83.0,46.0,37.0,376.7,7.2,66,6.6,139,1025.0,100,0,77,100,0.0,3600.0,43.6591,-70.2568,2021,11,11,17
2021-11-11 18:00:00,2.0,0.0,2.0,0.0,6.9,67,9.4,148,1025.2,100,0,56,100,0.0,0.0,43.6591,-70.2568,2021,11,11,18
2021-11-11 19:00:00,0.0,0.0,0.0,0.0,7.0,67,10.2,141,1025.6,100,0,0,100,0.0,0.0,43.6591,-70.2568,2021,11,11,19
2021-11-11 20:00:00,0.0,0.0,0.0,0.0,7.4,65,11.5,141,1026.0,100,0,7,100,0.0,0.0,43.6591,-70.2568,2021,11,11,20
2021-11-11 21:00:00,0.0,0.0,0.0,0.0,7.4,66,12.5,147,1026.4,100,0,4,100,0.0,0.0,43.6591,-70.2568,2021,11,11,21
2021-11-11 22:00:00,0.0,0.0,0.0,0.0,7.8,65,13.1,143,1026.6,100,0,60,100,0.0,0.0,43.6591,-70.2568,2021,11,11,22
2021-11-11 23:00:00,0.0,0.0,0.0,0.0,8.2,65,15.0,134,1026.3,100,0,100,100,0.0,0.0,43.6591,-70.2568,2021,11,11,23
2021-11-12 00:00:00,0.0,0.0,0.0,0.0,8.8,63,16.8,138,1025.8,100,0,57,100,0.0,0.0,43.6591,-70.2568,2021,11,12,0
2021-11-12 01:00:00,0.0,0.0,0.0,0.0,8.7,65,16.6,139,1025.5,100,0,34,100,0.0,0.0,43.6591,-70.2568,2021,11,12,1
2021-11-12 02:00:00,0.0,0.0,0.0,0.0,8.4,70,16.4,147,1025.6,100,0,13,100,0.0,0.0,43.6591,-70.2568,2021,11,12,2
2021-11-12 03:00:00,0.0,0.0,0.0,0.0,8.4,72,16.3,145,1025.4,100,5,0,100,0.0,0.0,43.6591,-70.2568,2021,11,12,3
2021-11-12 04:00:00,0.0,0.0,0.0,0.0,8.5,74,17.5,143,1024.6,100,11,86,100,0.0,0.0,43.6591,-70.2568,2021,11,12,4
2021-11-12 05:00:00,0.0,0.0,0.0,0.0,9.2,73,18.9,140,1023.9,100,2,28,100,0.0,0.0,43.6591,-70.2568,2021,11,12,5
2021-11-12 06:00:00,0.0,0.0,0.0,0.0,9.2,74,18.4,138,1023.6,100,0,41,100,0.0,0.0,43.6591,-70.2568,2021,11,12,6
2021-11-12 07:00:00,0.0,0.0,0.0,0.0,9.3,75,19.1,131,1022.9,100,0,98,100,0.0,0.0,43.6591,-70.2568,2021,11,12,7
2021-11-12 08:00:00,2.0,0.0,2.0,0.0,9.9,73,23.4,124,1022.8,100,100,99,100,0.1,0.0,43.6591,-70.2568,2021,11,12,8
2021-11-12 09:00:00,26.0,0.0,26.0,0.0,9.6,76,24.7,124,1022.2,100,100,100,100,0.1,0.0,43.6591,-70.2568,2021,11,12,9
2021-11-12 10:00:00,52.0,0.0,52.0,0.0,9.7,79,24.9,121,1021.5,100,100,100,100,0.1,0.0,43.6591,-70.2568,2021,11,12,10
2021-11-12 11:00:00,80.0,9.0,71.0,23.1,9.4,88,25.0,117,1020.5,100,100,100,100,0.7,0.0,43.6591,-70.2568,2021,11,12,11
2021-11-12 12:00:00,61.0,0.0,61.0,0.0,9.4,92,25.3,110,1018.4,100,100,99,100,0.7,0.0,43.6591,-70.2568,2021,11,12,12
2021-11-12 13:00:00,55.0,0.0,55.0,0.0,9.3,100,23.8,110,1015.9,100,100,100,100,0.9,0.0,43.6591,-70.2568,2021,11,12,13
2021-11-12 14:00:00,22.0,0.0,22.0,0.0,10.4,99,30.8,135,1013.7,100,100,100,100,4.9,0.0,43.6591,-70.2568,2021,11,12,14
2021-11-12 15:00:00,23.0,0.0,23.0,0.0,11.2,100,35.7,143,1010.7,100,100,100,100,1.3,0.0,43.6591,-70.2568,2021,11,12,15
2021-11-12 16:00:00,19.0,0.0,19.0,0.0,12.2,99,40.0,151,1008.0,100,100,100,100,1.8,0.0,43.6591,-70.2568,2021,11,12,16
2021-11-12 17:00:00,8.0,0.0,8.0,0.0,12.7,100,34.5,160,1007.4,100,100,100,100,3.9,0.0,43.6591,-70.2568,2021,11,12,17
2021-11-12 18:00:00,0.0,0.0,0.0,0.0,13.3,100,34.0,170,1005.9,100,100,100,100,9.4,0.0,43.6591,-70.2568,2021,11,12,18
2021-11-12 19:00:00,0.0,0.0,0.0,0.0,13.4,100,29.5,189,1006.0,100,100,93,17,11.4,0.0,43.6591,-70.2568,2021,11,12,19
2021-11-12 20:00:00,0.0,0.0,0.0,0.0,12.8,100,14.6,190,1006.2,100,33,8,0,0.1,0.0,43.6591,-70.2568,2021,11,12,20
2021-11-12 21:00:00,0.0,0.0,0.0,0.0,12.3,100,11.2,213,1006.2,100,100,2,0,0.0,0.0,43.6591,-70.2568,2021,11,12,21
2021-11-12 22:00:00,0.0,0.0,0.0,0.0,12.6,100,12.6,239,1006.7,45,45,0,0,0.0,0.0,43.6591,-70.2568,2021,11,12,22
2021-11-12 23:00:00,0.0,0.0,0.0,0.0,11.8,95,18.1,265,1007.0,13,13,0,0,0.0,0.0,43.6591,-70.2568,2021,11,12,23
2021-11-13 00:00:00,0.0,0.0,0.0,0.0,10.1,94,18.7,272,1007.4,3,3,0,0,0.0,0.0,43.6591,-70.2568,2021,11,13,0
2021-11-13 01:00:00,0.0,0.0,0.0,0.0,9.0,95,14.1,285,1008.1,2,2,0,0,0.0,0.0,43.6591,-70.2568,2021,11,13,1
2021-11-13 02:00:00,0.0,0.0,0.0,0.0,8.1,96,10.1,287,1008.3,2,2,0,0,0.0,0.0,43.6591,-70.2568,2021,11,13,2
2021-11-13 03:00:00,0.0,0.0,0.0,0.0,7.0,96,7.8,283,1008.5,2,2,0,0,0.0,0.0,43.6591,-70.2568,2021,11,13,3
2021-11-13 04:00:00,0.0,0.0,0.0,0.0,6.1,95,3.8,253,1008.5,1,1,0,0,0.0,0.0,43.6591,-70.2568,2021,11,13,4
2021-11-13 05:00:00,0.0,0.0,0.0,0.0,4.4,97,3.6,270,1008.3,1,1,0,0,0.0,0.0,43.6591,-70.2568,2021,11,13,5
2021-11-13 06:00:00,0.0,0.0,0.0,0.0,3.7,98,2.8,310,1008.3,1,1,0,0,0.0,0.0,43.6591,-70.2568,2021,11,13,6
2021-11-13 07:00:00,0.0,0.0,0.0,0.0,5.3,95,2.0,315,1008.4,1,1,0,0,0.0,0.0,43.6591,-70.2568,2021,11,13,7
2021-11-13 08:00:00,6.0,2.0,4.0,38.2,4.3,94,3.6,264,1009.1,0,0,0,0,0.0,59.48,43.6591,-70.2568,2021,11,13,8
2021-11-13 09:00:00,98.0,60.0,38.0,430.4,5.3,96,2.3,288,1009.1,0,0,0,0,0.0,3600.0,43.6591,-70.2568,2021,11,13,9
2021-11-13 10:00:00,239.0,173.0,66.0,619.9,7.7,93,0.5,315,1008.3,2,2,0,0,0.0,3600.0,43.6591,-70.2568,2021,11,13,10
2021-11-13 11:00:00,369.0,304.0,65.0,789.5,9.7,84,2.6,124,1007.7,3,3,0,0,0.0,3600.0,43.6591,-70.2568,2021,11,13,11
2021-11-13 12:00:00,445.0,375.0,70.0,833.0,11.1,72,7.0,125,1006.3,1,1,0,0,0.0,3600.0,43.6591,-70.2568,2021,11,13,12
2021-11-13 13:00:00,468.0,399.0,69.0,848.9,11.3,67,10.0,120,1004.5,1,1,0,0,0.0,3600.0,43.6591,-70.2568,2021,11,13,13
2021-11-13 14:00:00,438.0,370.0,68.0,835.0,11.1,69,10.3,119,1003.2,0,0,0,0,0.0,3600.0,43.6591,-70.2568,2021,11,13,14
2021-11-13 15:00:00,354.0,291.0,63.0,783.5,10.7,70,10.5,117,1002.1,6,0,5,1,0.0,3600.0,43.6591,-70.2568,2021,11,13,15
2021-11-13 16:00:00,226.0,173.0,53.0,666.1,10.2,75,10.2,122,1000.9,69,0,69,1,0.0,3600.0,43.6591,-70.2568,2021,11,13,16
2021-11-13 17:00:00,72.0,33.0,39.0,285.3,9.1,83,10.0,131,999.9,99,0,87,98,0.0,3600.0,43.6591,-70.2568,2021,11,13,17
2021-11-13 18:00:00,1.0,0.0,1.0,0.0,8.6,88,11.4,125,998.9,100,0,100,100,0.0,0.0,43.6591,-70.2568,2021,11,13,18
2021-11-13 19:00:00,0.0,0.0,0.0,0.0,9.5,83,12.9,120,997.2,100,0,100,100,0.0,0.0,43.6591,-70.2568,2021,11,13,19
2021-11-13 20:00:00,0.0,0.0,0.0,0.0,9.9,91,10.5,121,996.5,100,60,100,100,0.0,0.0,43.6591,-70.2568,2021,11,13,20
2021-11-13 21:00:00,0.0,0.0,0.0,0.0,8.5,100,4.6,162,994.9,100,100,100,0,1.6,0.0,43.6591,-70.2568,2021,11,13,21
2021-11-13 22:00:00,0.0,0.0,0.0,0.0,8.2,95,13.0,284,993.6,100,84,99,0,1.1,0.0,43.6591,-70.2568,2021,11,13,22
2021-11-13 23:00:00,0.0,0.0,0.0,0.0,7.1,94,23.7,296,994.0,73,73,1,0,0.2,0.0,43.6591,-70.2568,2021,11,13,23
2021-11-14 00:00:00,0.0,0.0,0.0,0.0,5.6,95,25.8,300,995.6,100,100,18,0,0.3,0.0,43.6591,-70.2568,2021,11,14,0
2021-11-14 01:00:00,0.0,0.0,0.0,0.0,5.2,89,22.2,290,997.0,9,7,2,0,0.0,0.0,43.6591,-70.2568,2021,11,14,1
2021-11-14 02:00:00,0.0,0.0,0.0,0.0,4.2,85,19.9,274,998.9,32,12,23,0,0.0,0.0,43.6591,-70.2568,2021,11,14,2
2021-11-14 03:00:00,0.0,0.0,0.0,0.0,4.1,80,19.2,275,1000.0,16,16,0,0,0.0,0.0,43.6591,-70.2568,2021,11,14,3
2021-11-14 04:00:00,0.0,0.0,0.0,0.0,3.8,78,18.4,264,1001.2,7,7,0,0,0.0,0.0,43.6591,-70.2568,2021,11,14,4
2021-11-14 05:00:00,0.0,0.0,0.0,0.0,3.5,79,17.7,264,1002.2,1,1,0,0,0.0,0.0,43.6591,-70.2568,2021,11,14,5
2021-11-14 06:00:00,0.0,0.0,0.0,0.0,3.3,80,16.8,261,1003.0,2,2,0,0,0.0,0.0,43.6591,-70.2568,2021,11,14,6
2021-11-14 07:00:00,0.0,0.0,0.0,0.0,3.2,81,14.6,260,1003.5,1,1,0,0,0.0,0.0,43.6591,-70.2568,2021,11,14,7
2021-11-14 08:00:00,5.0,2.0,3.0,38.2,3.9,79,14.6,250,1004.3,2,2,0,0,0.0,101.32,43.6591,-70.2568,2021,11,14,8
2021-11-14 09:00:00,101.0,66.0,35.0,487.3,5.3,76,11.8,250,1005.2,1,1,0,0,0.0,3600.0,43.6591,-70.2568,2021,11,14,9
2021-11-14 10:00:00,247.0,191.0,56.0,694.6,7.0,67,17.0,264,1005.8,3,0,0,3,0.0,3600.0,43.6591,-70.2568,2021,11,14,10
2021-11-14 11:00:00,369.0,304.0,65.0,798.1,8.1,60,16.9,268,1005.9,9,2,1,6,0.0,3600.0,43.6591,-70.2568,2021,11,14,11
2021-11-14 12:00:00,445.0,372.0,73.0,834.0,9.1,50,16.6,266,1006.0,31,8,0,24,0.0,3600.0,43.6591,-70.2568,2021,11,14,12
2021-11-14 13:00:00,464.0,384.0,80.0,824.1,9.6,46,16.6,268,1005.8,35,19,2,17,0.0,3600.0,43.6591,-70.2568,2021,11,14,13
2021-11-14 14:00:00,407.0,311.0,96.0,708.0,9.8,42,17.3,270,1005.7,86,38,44,74,0.0,3600.0,43.6591,-70.2568,2021,11,14,14
2021-11-14 15:00:00,310.0,203.0,107.0,552.0,9.7,42,15.9,265,1005.8,100,10,47,100,0.0,3600.0,43.6591,-70.2568,2021,11,14,15
2021-11-14 16:00:00,126.0,14.0,112.0,54.6,8.9,48,9.4,266,1006.0,100,0,68,100,0.0,0.0,43.6591,-70.2568,2021,11,14,16
2021-11-14 17:00:00,41.0,3.0,38.0,26.5,7.7,58,5.8,266,1006.3,100,1,97,100,0.0,0.0,43.6591,-70.2568,2021,11,14,17
2021-11-14 18:00:00,1.0,0.0,1.0,0.0,6.8,69,4.4,261,1006.8,100,54,100,100,0.0,0.0,43.6591,-70.2568,2021,11,14,18
2021-11-14 19:00:00,0.0,0.0,0.0,0.0,6.9,71,3.6,225,1007.0,97,92,97,0,0.0,0.0,43.6591,-70.2568,2021,11,14,19
2021-11-14 20:00:00,0.0,0.0,0.0,0.0,5.5,71,12.2,214,1007.4,69,0,2,0,0.0,0.0,43.6591,-70.2568,2021,11,14,20
2021-11-14 21:00:00,0.0,0.0,0.0,0.0,4.5,74,9.7,228,1007.6,100,18,31,100,0.0,0.0,43.6591,-70.2568,2021,11,14,21
2021-11-14 22:00:00,0.0,0.0,0.0,0.0,4.4,77,8.1,212,1007.6,100,14,98,100,0.0,0.0,43.6591,-70.2568,2021,11,14,22
2021-11-14 23:00:00,0.0,0.0,0.0,0.0,5.3,76,5.3,208,1007.1,100,29,100,57,0.0,0.0,43.6591,-70.2568,2021,11,14,23
2021-11-15 00:00:00,0.0,0.0,0.0,0.0,5.8,76,1.6,27,1006.2,100,27,100,100,0.0,0.0,43.6591,-70.2568,2021,11,15,0
2021-11-15 01:00:00,0.0,0.0,0.0,0.0,6.1,79,7.2,174,1005.5,100,37,100,100,0.0,0.0,43.6591,-70.2568,2021,11,15,1
2021-11-15 02:00:00,0.0,0.0,0.0,0.0,7.1,80,11.0,191,1004.5,100,14,100,100,0.2,0.0,43.6591,-70.2568,2021,11,15,2
2021-11-15 03:00:00,0.0,0.0,0.0,0.0,6.7,84,6.0,205,1003.3,100,100,100,100,0.2,0.0,43.6591,-70.2568,2021,11,15,3
2021-11-15 04:00:00,0.0,0.0,0.0,0.0,5.4,99,9.6,250,1002.8,100,100,100,100,1.0,0.0,43.6591,-70.2568,2021,11,15,4
2021-11-15 05:00:00,0.0,0.0,0.0,0.0,5.0,100,9.3,234,1002.1,100,9,100,100,0.8,0.0,43.6591,-70.2568,2021,11,15,5
2021-11-15 06:00:00,0.0,0.0,0.0,0.0,5.0,96,9.7,239,1001.4,100,69,100,100,0.3,0.0,43.6591,-70.2568,2021,11,15,6
2021-11-15 07:00:00,0.0,0.0,0.0,0.0,4.5,97,10.6,242,1000.9,100,2,45,100,0.0,0.0,43.6591,-70.2568,2021,11,15,7
2021-11-15 08:00:00,3.0,0.0,3.0,0.0,3.8,98,10.7,250,1000.3,59,4,0,100,0.0,0.0,43.6591,-70.2568,2021,11,15,8
2021-11-15 09:00:00,80.0,30.0,50.0,228.1,4.0,97,11.7,261,1000.1,19,19,0,0,0.0,3600.0,43.6591,-70.2568,2021,11,15,9
2021-11-15 10:00:00,223.0,156.0,67.0,575.8,5.1,88,14.8,276,999.6,53,53,0,0,0.0,3600.0,43.6591,-70.2568,2021,11,15,10
2021-11-15 11:00:00,298.0,193.0,105.0,512.2,6.2,73,14.0,270,999.4,26,26,0,0,0.0,3600.0,43.6591,-70.2568,2021,11,15,11
2021-11-15 12:00:00,410.0,313.0,97.0,708.1,7.3,61,17.7,265,999.2,97,97,0,0,0.0,3600.0,43.6591,-70.2568,2021,11,15,12
2021-11-15 13:00:00,215.0,51.0,164.0,110.4,7.2,59,17.3,269,998.8,69,68,6,0,0.0,1511.73,43.6591,-70.2568,2021,11,15,13
2021-11-15 14:00:00,308.0,180.0,128.0,413.4,7.6,55,17.3,269,998.3,16,10,11,0,0.1,3600.0,43.6591,-70.2568,2021,11,15,14
2021-11-15 15:00:00,304.0,220.0,84.0,604.1,7.8,53,17.3,271,997.8,17,16,1,0,0.0,3600.0,43.6591,-70.2568,2021,11,15,15
2021-11-15 16:00:00,203.0,143.0,60.0,565.1,7.5,54,16.7,277,998.0,33,29,22,0,0.0,3600.0,43.6591,-70.2568,2021,11,15,16
2021-11-15 17:00:00,69.0,38.0,31.0,340.6,6.4,60,18.0,271,998.6,2,1,1,0,0.0,3600.0,43.6591,-70.2568,2021,11,15,17
2021-11-15 18:00:00,1.0,0.0,1.0,0.0,5.1,67,17.3,275,999.2,22,5,18,5,0.0,0.0,43.6591,-70.2568,2021,11,15,18
2021-11-15 19:00:00,0.0,0.0,0.0,0.0,4.6,72,16.7,276,1000.0,69,15,5,64,0.0,0.0,43.6591,-70.2568,2021,11,15,19
2021-11-15 20:00:00,0.0,0.0,0.0,0.0,4.1,77,15.5,265,1000.8,71,10,9,2,0.0,0.0,43.6591,-70.2568,2021,11,15,20
2021-11-15 21:00:00,0.0,0.0,0.0,0.0,3.7,77,14.8,269,1001.3,6,6,0,0,0.0,0.0,43.6591,-70.2568,2021,11,15,21
2021-11-15 22:00:00,0.0,0.0,0.0,0.0,3.5,78,15.1,267,1002.1,30,14,17,10,0.0,0.0,43.6591,-70.2568,2021,11,15,22
2021-11-15 23:00:00,0.0,0.0,0.0,0.0,3.3,78,15.5,267,1002.5,9,7,2,0,0.0,0.0,43.6591,-70.2568,2021,11,15,23
2021-11-16 00:00:00,0.0,0.0,0.0,0.0,3.0,77,16.2,266,1003.1,2,2,0,0,0.0,0.0,43.6591,-70.2568,2021,11,16,0
2021-11-16 01:00:00,0.0,0.0,0.0,0.0,2.7,77,16.6,271,1003.6,1,1,0,0,0.0,0.0,43.6591,-70.2568,2021,11,16,1
2021-11-16 02:00:00,0.0,0.0,0.0,0.0,2.4,75,17.0,275,1004.0,2,2,0,0,0.0,0.0,43.6591,-70.2568,2021,11,16,2
2021-11-16 03:00:00,0.0,0.0,0.0,0.0,2.1,73,16.3,276,1004.8,0,0,0,0,0.0,0.0,43.6591,-70.2568,2021,11,16,3
2021-11-16 04:00:00,0.0,0.0,0.0,0.0,1.7,72,14.8,273,1005.4,6,6,0,0,0.0,0.0,43.6591,-70.2568,2021,11,16,4
2021-11-16 05:00:00,0.0,0.0,0.0,0.0,1.4,70,15.1,271,1006.1,0,0,0,0,0.0,0.0,43.6591,-70.2568,2021,11,16,5
2021-11-16 06:00:00,0.0,0.0,0.0,0.0,1.1,67,15.2,277,1007.0,2,2,0,0,0.0,0.0,43.6591,-70.2568,2021,11,16,6
2021-11-16 07:00:00,0.0,0.0,0.0,0.0,0.9,63,14.6,286,1007.7,0,0,0,0,0.0,0.0,43.6591,-70.2568,2021,11,16,7
2021-11-16 08:00:00,4.0,1.0,3.0,19.1,1.7,66,12.4,280,1008.4,0,2,0,0,0.0,0.0,43.6591,-70.2568,2021,11,16,8
2021-11-16 09:00:00,95.0,62.0,33.0,485.6,2.9,64,10.4,268,1009.3,1,1,0,0,0.0,3600.0,43.6591,-70.2568,2021,11,16,9
2021-11-16 10:00:00,240.0,185.0,55.0,693.0,4.3,55,15.4,281,1009.7,1,1,0,0,0.0,3600.0,43.6591,-70.2568,2021,11,16,10
2021-11-16 11:00:00,361.0,296.0,65.0,794.0,5.2,50,16.6,288,1010.1,0,0,0,0,0.0,3600.0,43.6591,-70.2568,2021,11,16,11
2021-11-16 12:00:00,441.0,372.0,69.0,849.3,6.0,47,20.1,294,1010.3,23,23,0,0,0.0,3600.0,43.6591,-70.2568,2021,11,16,12
2021-11-16 13:00:00,445.0,357.0,88.0,779.3,6.5,43,19.0,295,1009.9,1,1,0,0,0.0,3600.0,43.6591,-70.2568,2021,11,16,13
2021-11-16 14:00:00,422.0,341.0,81.0,789.8,7.2,41,19.9,290,1009.7,40,38,34,0,0.0,3600.0,43.6591,-70.2568,2021,11,16,14
2021-11-16 15:00:00,301.0,200.0,101.0,554.4,7.4,39,19.8,286,1009.6,6,0,6,0,0.0,3600.0,43.6591,-70.2568,2021,11,16,15
2021-11-16 16:00:00,214.0,160.0,54.0,640.3,6.9,43,19.1,282,1010.1,56,6,54,4,0.0,3600.0,43.6591,-70.2568,2021,11,16,16
2021-11-16 17:00:00,66.0,34.0,32.0,309.2,5.7,50,16.9,269,1011.1,15,5,15,0,0.0,3600.0,43.6591,-70.2568,2021,11,16,17
2021-11-16 18:00:00,1.0,0.0,1.0,0.0,4.4,57,17.3,265,1012.0,6,2,4,0,0.0,0.0,43.6591,-70.2568,2021,11,16,18
2021-11-16 19:00:00,0.0,0.0,0.0,0.0,3.8,62,14.6,279,1013.2,1,1,0,0,0.0,0.0,43.6591,-70.2568,2021,11,16,19
2021-11-16 20:00:00,0.0,0.0,0.0,0.0,4.1,56,18.9,291,1014.4,2,12,0,0,0.0,0.0,43.6591,-70.2568,2021,11,16,20
2021-11-16 21:00:00,0.0,0.0,0.0,0.0,2.9,55,17.4,294,1015.3,4,4,0,0,0.0,0.0,43.6591,-70.2568,2021,11,16,21
2021-11-16 22:00:00,0.0,0.0,0.0,0.0,2.0,55,14.9,285,1016.0,0,0,0,0,0.0,0.0,43.6591,-70.2568,2021,11,16,22
2021-11-16 23:00:00,0.0,0.0,0.0,0.0,1.2,60,12.3,275,1016.8,0,0,0,0,0.0,0.0,43.6591,-70.2568,2021,11,16,23
2021-11-17 00:00:00,0.0,0.0,0.0,0.0,0.3,65,10.5,266,1017.4,24,0,0,24,0.0,0.0,43.6591,-70.2568,2021,11,17,0
2021-11-17 01:00:00,0.0,0.0,0.0,0.0,-0.3,69,12.1,260,1018.3,18,0,0,18,0.0,0.0,43.6591,-70.2568,2021,11,17,1
2021-11-17 02:00:00,0.0,0.0,0.0,0.0,-0.6,70,12.4,262,1019.2,0,0,0,0,0.0,0.0,43.6591,-70.2568,2021,11,17,2
2021-11-17 03:00:00,0.0,0.0,0.0,0.0,-1.0,72,10.8,270,1019.6,1,0,0,1,0.0,0.0,43.6591,-70.2568,2021,11,17,3
2021-11-17 04:00:00,0.0,0.0,0.0,0.0,-1.3,74,11.2,272,1020.2,5,0,0,5,0.0,0.0,43.6591,-70.2568,2021,11,17,4
2021-11-17 05:00:00,0.0,0.0,0.0,0.0,-1.6,75,11.2,276,1020.6,0,0,0,0,0.0,0.0,43.6591,-70.2568,2021,11,17,5
2021-11-17 06:00:00,0.0,0.0,0.0,0.0,-1.8,76,10.9,276,1021.6,0,0,0,0,0.0,0.0,43.6591,-70.2568,2021,11,17,6
2021-11-17 07:00:00,0.0,0.0,0.0,0.0,-2.1,77,9.7,268,1022.1,26,0,0,26,0.0,0.0,43.6591,-70.2568,2021,11,17,7
2021-11-17 08:00:00,3.0,1.0,2.0,19.1,-1.5,79,8.1,291,1023.1,43,0,0,37,0.0,0.0,43.6591,-70.2568,2021,11,17,8
2021-11-17 09:00:00,92.0,60.0,32.0,484.5,-0.0,78,4.8,312,1023.6,90,0,0,90,0.0,3600.0,43.6591,-70.2568,2021,11,17,9
2021-11-17 10:00:00,232.0,170.0,62.0,646.3,1.6,65,3.6,354,1023.7,94,0,0,94,0.0,3600.0,43.6591,-70.2568,2021,11,17,10
2021-11-17 11:00:00,336.0,237.0,99.0,642.6,2.8,58,1.5,346,1023.8,100,0,1,100,0.0,3600.0,43.6591,-70.2568,2021,11,17,11
2021-11-17 12:00:00,418.0,324.0,94.0,746.4,3.7,53,3.4,198,1023.6,100,0,0,100,0.0,3600.0,43.6591,-70.2568,2021,11,17,12
2021-11-17 13:00:00,439.0,343.0,96.0,755.0,4.3,52,5.5,169,1022.3,100,0,33,100,0.0,3600.0,43.6591,-70.2568,2021,11,17,13
2021-11-17 14:00:00,364.0,213.0,151.0,497.5,4.4,54,7.0,159,1021.5,100,0,8,100,0.0,3600.0,43.6591,-70.2568,2021,11,17,14
2021-11-17 15:00:00,311.0,213.0,98.0,596.0,4.3,59,7.8,158,1021.2,100,0,99,100,0.0,3600.0,43.6591,-70.2568,2021,11,17,15
2021-11-17 16:00:00,167.0,67.0,100.0,271.5,3.9,63,8.4,160,1021.3,100,0,79,100,0.0,3600.0,43.6591,-70.2568,2021,11,17,16
2021-11-17 17:00:00,35.0,1.0,34.0,9.2,3.3,67,9.4,180,1021.7,100,0,24,100,0.0,0.0,43.6591,-70.2568,2021,11,17,17
2021-11-17 18:00:00,1.0,0.0,1.0,0.0,3.0,69,8.7,175,1021.3,100,0,99,100,0.0,0.0,43.6591,-70.2568,2021,11,17,18
2021-11-17 19:00:00,0.0,0.0,0.0,0.0,3.8,68,9.6,160,1021.0,100,1,100,100,0.0,0.0,43.6591,-70.2568,2021,11,17,19
2021-11-17 20:00:00,0.0,0.0,0.0,0.0,4.9,77,13.7,162,1020.8,100,42,99,100,0.0,0.0,43.6591,-70.2568,2021,11,17,20
2021-11-17 21:00:00,0.0,0.0,0.0,0.0,5.8,82,14.5,173,1020.4,100,100,100,100,0.0,0.0,43.6591,-70.2568,2021,11,17,21
2021-11-17 22:00:00,0.0,0.0,0.0,0.0,7.1,79,15.5,181,1019.7,100,100,82,97,0.0,0.0,43.6591,-70.2568,2021,11,17,22
2021-11-17 23:00:00,0.0,0.0,0.0,0.0,7.4,77,14.6,190,1019.0,100,100,100,96,0.0,0.0,43.6591,-70.2568,2021,11,17,23
2021-11-18 00:00:00,0.0,0.0,0.0,0.0,7.9,83,15.0,191,1018.3,100,100,100,97,0.2,0.0,43.6591,-70.2568,2021,11,18,0
2021-11-18 01:00:00,0.0,0.0,0.0,0.0,8.5,83,15.0,190,1017.5,100,100,100,66,0.0,0.0,43.6591,-70.2568,2021,11,18,1
2021-11-18 02:00:00,0.0,0.0,0.0,0.0,9.0,85,14.0,192,1016.5,100,100,100,78,0.0,0.0,43.6591,-70.2568,2021,11,18,2
2021-11-18 03:00:00,0.0,0.0,0.0,0.0,9.2,86,13.8,200,1015.6,100,100,92,92,0.0,0.0,43.6591,-70.2568,2021,11,18,3
2021-11-18 04:00:00,0.0,0.0,0.0,0.0,9.1,89,9.5,205,1014.9,100,100,0,44,0.0,0.0,43.6591,-70.2568,2021,11,18,4
2021-11-18 05:00:00,0.0,0.0,0.0,0.0,8.8,91,7.4,219,1014.0,100,100,13,26,0.0,0.0,43.6591,-70.2568,2021,11,18,5
2021-11-18 06:00:00,0.0,0.0,0.0,0.0,8.6,92,7.7,217,1013.3,69,21,1,61,0.0,0.0,43.6591,-70.2568,2021,11,18,6
2021-11-18 07:00:00,0.0,0.0,0.0,0.0,7.3,95,9.2,231,1012.9,76,12,3,72,0.0,0.0,43.6591,-70.2568,2021,11,18,7
2021-11-18 08:00:00,2.0,0.0,2.0,0.0,6.6,97,8.7,225,1012.9,67,9,15,100,0.0,0.0,43.6591,-70.2568,2021,11,18,8
2021-11-18 09:00:00,67.0,24.0,43.0,199.9,7.8,95,8.6,213,1012.6,100,5,0,100,0.0,3600.0,43.6591,-70.2568,2021,11,18,9
2021-11-18 10:00:00,169.0,67.0,102.0,258.5,10.0,91,5.5,191,1011.9,99,11,0,99,0.0,3600.0,43.6591,-70.2568,2021,11,18,10
2021-11-18 11:00:00,288.0,167.0,121.0,457.6,12.7,86,9.3,196,1011.4,85,3,0,84,0.0,3600.0,43.6591,-70.2568,2021,11,18,11
2021-11-18 12:00:00,377.0,264.0,113.0,613.6,14.4,81,12.5,198,1010.2,90,1,3,90,0.0,3600.0,43.6591,-70.2568,2021,11,18,12
2021-11-18 13:00:00,420.0,336.0,84.0,745.7,15.6,78,13.8,195,1008.7,81,0,0,81,0.0,3600.0,43.6591,-70.2568,2021,11,18,13
2021-11-18 14:00:00,375.0,271.0,104.0,638.2,16.0,77,14.9,188,1007.6,96,0,0,96,0.0,3600.0,43.6591,-70.2568,2021,11,18,14
2021-11-18 15:00:00,287.0,178.0,109.0,502.6,16.1,79,15.1,192,1006.6,95,0,0,95,0.0,3600.0,43.6591,-70.2568,2021,11,18,15
2021-11-18 16:00:00,188.0,122.0,66.0,500.3,16.2,77,18.9,201,1006.4,98,0,0,98,0.0,3600.0,43.6591,-70.2568,2021,11,18,16
2021-11-18 17:00:00,63.0,31.0,32.0,290.0,14.9,81,18.4,197,1006.2,97,0,1,97,0.0,3600.0,43.6591,-70.2568,2021,11,18,17
2021-11-18 18:00:00,0.0,0.0,0.0,0.0,13.8,85,18.0,196,1005.7,99,1,5,99,0.0,0.0,43.6591,-70.2568,2021,11,18,18
2021-11-18 19:00:00,0.0,0.0,0.0,0.0,14.0,81,20.4,201,1005.3,100,5,4,100,0.0,0.0,43.6591,-70.2568,2021,11,18,19
2021-11-18 20:00:00,0.0,0.0,0.0,0.0,14.4,76,25.3,203,1004.8,96,3,2,95,0.0,0.0,43.6591,-70.2568,2021,11,18,20
2021-11-18 21:00:00,0.0,0.0,0.0,0.0,14.1,76,21.1,217,1005.0,100,4,91,100,0.0,0.0,43.6591,-70.2568,2021,11,18,21
2021-11-18 22:00:00,0.0,0.0,0.0,0.0,14.6,74,16.3,225,1005.2,100,64,92,100,0.0,0.0,43.6591,-70.2568,2021,11,18,22
2021-11-18 23:00:00,0.0,0.0,0.0,0.0,13.0,90,13.9,280,1005.9,100,100,77,100,0.8,0.0,43.6591,-70.2568,2021,11,18,23
2021-11-19 00:00:00,0.0,0.0,0.0,0.0,8.9,93,15.0,333,1007.6,100,100,100,100,0.5,0.0,43.6591,-70.2568,2021,11,19,0
2021-11-19 01:00:00,0.0,0.0,0.0,0.0,8.8,94,14.5,318,1008.1,100,100,100,100,0.3,0.0,43.6591,-70.2568,2021,11,19,1
2021-11-19 02:00:00,0.0,0.0,0.0,0.0,6.0,99,15.5,306,1008.5,100,0,100,100,2.5,0.0,43.6591,-70.2568,2021,11,19,2
2021-11-19 03:00:00,0.0,0.0,0.0,0.0,5.2,99,10.5,308,1009.0,100,1,100,100,1.5,0.0,43.6591,-70.2568,2021,11,19,3
2021-11-19 04:00:00,0.0,0.0,0.0,0.0,5.0,99,8.1,283,1009.1,100,0,100,100,0.6,0.0,43.6591,-70.2568,2021,11,19,4
2021-11-19 05:00:00,0.0,0.0,0.0,0.0,4.7,99,5.1,266,1008.9,100,1,100,100,0.9,0.0,43.6591,-70.2568,2021,11,19,5
2021-11-19 06:00:00,0.0,0.0,0.0,0.0,5.4,93,8.2,221,1009.3,100,0,89,100,0.0,0.0,43.6591,-70.2568,2021,11,19,6
2021-11-19 07:00:00,0.0,0.0,0.0,0.0,5.4,95,12.3,265,1009.8,0,0,0,0,0.0,0.0,43.6591,-70.2568,2021,11,19,7
2021-11-19 08:00:00,2.0,1.0,1.0,19.1,4.1,91,14.0,270,1010.6,0,0,0,0,0.0,0.0,43.6591,-70.2568,2021,11,19,8
2021-11-19 09:00:00,86.0,56.0,30.0,481.2,4.0,85,14.8,273,1011.3,0,0,0,0,0.0,3600.0,43.6591,-70.2568,2021,11,19,9
2021-11-19 10:00:00,230.0,177.0,53.0,693.2,6.1,73,11.0,259,1011.8,4,0,4,0,0.0,3600.0,43.6591,-70.2568,2021,11,19,10
2021-11-19 11:00:00,347.0,282.0,65.0,780.9,6.6,52,18.0,273,1012.2,65,18,63,0,0.2,3600.0,43.6591,-70.2568,2021,11,19,11
2021-11-19 12:00:00,384.0,280.0,104.0,656.5,7.2,47,19.4,281,1012.0,14,3,12,0,0.0,3600.0,43.6591,-70.2568,2021,11,19,12
2021-11-19 13:00:00,422.0,337.0,85.0,753.9,7.6,45,21.0,283,1012.1,22,8,20,0,0.0,3600.0,43.6591,-70.2568,2021,11,19,13
2021-11-19 14:00:00,366.0,272.0,94.0,645.7,7.7,42,21.8,286,1012.0,13,5,11,0,0.0,3600.0,43.6591,-70.2568,2021,11,19,14
2021-11-19 15:00:00,305.0,219.0,86.0,624.0,7.5,43,22.3,288,1012.5,23,14,18,0,0.0,3600.0,43.6591,-70.2568,2021,11,19,15
2021-11-19 16:00:00,192.0,131.0,61.0,543.6,6.9,44,19.9,287,1013.5,38,22,36,0,0.0,3600.0,43.6591,-70.2568,2021,11,19,16
2021-11-19 17:00:00,63.0,34.0,29.0,322.5,5.6,48,17.3,291,1014.8,1,1,0,0,0.0,3600.0,43.6591,-70.2568,2021,11,19,17
2021-11-19 18:00:00,0.0,0.0,0.0,0.0,4.4,52,17.6,296,1016.5,0,0,0,0,0.0,0.0,43.6591,-70.2568,2021,11,19,18
2021-11-19 19:00:00,0.0,0.0,0.0,0.0,3.7,52,17.3,293,1017.9,1,1,0,0,0.0,0.0,43.6591,-70.2568,2021,11,19,19
2021-11-19 20:00:00,0.0,0.0,0.0,0.0,3.2,57,16.8,285,1019.4,1,1,5,0,0.0,0.0,43.6591,-70.2568,2021,11,19,20
2021-11-19 21:00:00,0.0,0.0,0.0,0.0,2.4,59,14.2,294,1020.4,0,0,0,0,0.0,0.0,43.6591,-70.2568,2021,11,19,21
2021-11-19 22:00:00,0.0,0.0,0.0,0.0,1.9,61,13.4,290,1021.5,1,1,0,0,0.0,0.0,43.6591,-70.2568,2021,11,19,22
2021-11-19 23:00:00,0.0,0.0,0.0,0.0,1.7,61,13.9,280,1022.3,0,0,0,0,0.0,0.0,43.6591,-70.2568,2021,11,19,23
2021-11-20 00:00:00,0.0,0.0,0.0,0.0,1.4,61,13.8,276,1023.1,3,3,0,0,0.0,0.0,43.6591,-70.2568,2021,11,20,0
2021-11-20 01:00:00,0.0,0.0,0.0,0.0,1.0,64,12.7,278,1023.8,0,0,0,0,0.0,0.0,43.6591,-70.2568,2021,11,20,1
2021-11-20 02:00:00,0.0,0.0,0.0,0.0,0.5,68,11.2,276,1024.6,0,0,0,0,0.0,0.0,43.6591,-70.2568,2021,11,20,2
2021-11-20 03:00:00,0.0,0.0,0.0,0.0,0.0,71,10.8,274,1025.6,0,0,0,0,0.0,0.0,43.6591,-70.2568,2021,11,20,3
2021-11-20 04:00:00,0.0,0.0,0.0,0.0,-0.4,75,10.5,276,1026.4,0,0,0,0,0.0,0.0,43.6591,-70.2568,2021,11,20,4
2021-11-20 05:00:00,0.0,0.0,0.0,0.0,-0.6,76,11.0,281,1026.9,0,0,0,0,0.0,0.0,43.6591,-70.2568,2021,11,20,5
2021-11-20 06:00:00,0.0,0.0,0.0,0.0,-0.6,77,11.0,293,1027.6,0,0,0,0,0.0,0.0,43.6591,-70.2568,2021,11,20,6
2021-11-20 07:00:00,0.0,0.0,0.0,0.0,-0.7,80,11.0,308,1028.0,0,0,0,0,0.0,0.0,43.6591,-70.2568,2021,11,20,7
2021-11-20 08:00:00,2.0,1.0,1.0,19.1,-0.4,83,11.5,314,1028.8,0,0,0,0,0.0,0.0,43.6591,-70.2568,2021,11,20,8
2021-11-20 09:00:00,83.0,54.0,29.0,479.0,0.9,79,9.3,306,1029.4,6,0,0,6,0.0,3600.0,43.6591,-70.2568,2021,11,20,9
2021-11-20 10:00:00,225.0,171.0,54.0,679.6,2.6,64,8.7,318,1029.8,59,0,25,55,0.0,3600.0,43.6591,-70.2568,2021,11,20,10
2021-11-20 11:00:00,343.0,271.0,72.0,758.3,3.8,56,7.4,321,1029.9,55,0,26,53,0.0,3600.0,43.6591,-70.2568,2021,11,20,11
2021-11-20 12:00:00,421.0,346.0,75.0,818.3,4.9,50,6.1,315,1029.7,23,0,22,7,0.0,3600.0,43.6591,-70.2568,2021,11,20,12
2021-11-20 13:00:00,447.0,374.0,73.0,843.3,5.6,46,4.3,294,1029.2,3,0,3,0,0.0,3600.0,43.6591,-70.2568,2021,11,20,13
2021-11-20 14:00:00,418.0,349.0,69.0,835.0,6.0,44,2.5,188,1028.4,11,0,0,11,0.0,3600.0,43.6591,-70.2568,2021,11,20,14
2021-11-20 15:00:00,333.0,271.0,62.0,778.8,5.9,46,7.2,174,1028.1,3,0,0,3,0.0,3600.0,43.6591,-70.2568,2021,11,20,15
2021-11-20 16:00:00,208.0,156.0,52.0,654.7,5.1,54,10.1,176,1028.0,0,0,0,0,0.0,3600.0,43.6591,-70.2568,2021,11,20,16
2021-11-20 17:00:00,67.0,42.0,25.0,403.6,3.4,65,11.2,186,1028.0,84,0,9,83,0.0,3600.0,43.6591,-70.2568,2021,11,20,17
2021-11-20 18:00:00,0.0,0.0,0.0,0.0,2.7,68,11.5,194,1028.0,99,0,88,99,0.0,0.0,43.6591,-70.2568,2021,11,20,18
2021-11-20 19:00:00,0.0,0.0,0.0,0.0,3.0,69,11.4,198,1027.8,100,0,28,100,0.0,0.0,43.6591,-70.2568,2021,11,20,19
2021-11-20 20:00:00,0.0,0.0,0.0,0.0,3.2,72,11.5,200,1027.5,100,0,100,100,0.0,0.0,43.6591,-70.2568,2021,11,20,20
2021-11-20 21:00:00,0.0,0.0,0.0,0.0,3.5,75,11.5,200,1027.3,100,0,100,100,0.0,0.0,43.6591,-70.2568,2021,11,20,21
2021-11-20 22:00:00,0.0,0.0,0.0,0.0,3.9,74,12.4,202,1026.9,100,0,96,100,0.0,0.0,43.6591,-70.2568,2021,11,20,22
2021-11-20 23:00:00,0.0,0.0,0.0,0.0,3.9,70,12.4,216,1026.3,100,0,99,100,0.0,0.0,43.6591,-70.2568,2021,11,20,23
2021-11-21 00:00:00,0.0,0.0,0.0,0.0,3.5,71,14.0,224,1026.0,100,0,90,100,0.0,0.0,43.6591,-70.2568,2021,11,21,0
2021-11-21 01:00:00,0.0,0.0,0.0,0.0,2.6,67,14.3,221,1025.9,100,0,48,100,0.0,0.0,43.6591,-70.2568,2021,11,21,1
2021-11-21 02:00:00,0.0,0.0,0.0,0.0,2.0,67,14.4,212,1025.2,100,0,97,100,0.0,0.0,43.6591,-70.2568,2021,11,21,2
2021-11-21 03:00:00,0.0,0.0,0.0,0.0,2.5,69,14.7,216,1024.9,100,0,63,100,0.0,0.0,43.6591,-70.2568,2021,11,21,3
2021-11-21 04:00:00,0.0,0.0,0.0,0.0,2.6,73,14.3,223,1024.5,100,0,93,100,0.0,0.0,43.6591,-70.2568,2021,11,21,4
2021-11-21 05:00:00,0.0,0.0,0.0,0.0,2.8,74,14.3,229,1024.2,100,0,99,94,0.0,0.0,43.6591,-70.2568,2021,11,21,5
2021-11-21 06:00:00,0.0,0.0,0.0,0.0,2.6,77,12.5,226,1023.8,100,2,100,98,0.0,0.0,43.6591,-70.2568,2021,11,21,6
2021-11-21 07:00:00,0.0,0.0,0.0,0.0,2.9,78,12.2,225,1023.8,100,0,100,100,0.0,0.0,43.6591,-70.2568,2021,11,21,7
2021-11-21 08:00:00,0.0,0.0,0.0,0.0,3.2,78,10.6,235,1023.8,100,0,100,100,0.0,0.0,43.6591,-70.2568,2021,11,21,8
2021-11-21 09:00:00,24.0,0.0,24.0,0.0,3.6,78,8.4,239,1023.7,100,0,100,100,0.0,0.0,43.6591,-70.2568,2021,11,21,9
2021-11-21 10:00:00,105.0,5.0,100.0,20.2,4.7,77,6.9,227,1023.7,100,0,90,100,0.1,0.0,43.6591,-70.2568,2021,11,21,10
2021-11-21 11:00:00,113.0,4.0,109.0,11.3,4.8,79,5.4,250,1023.5,100,0,100,37,0.4,0.0,43.6591,-70.2568,2021,11,21,11
2021-11-21 12:00:00,141.0,17.0,124.0,40.5,5.4,78,4.9,216,1022.7,100,0,100,74,0.0,0.0,43.6591,-70.2568,2021,11,21,12
2021-11-21 13:00:00,313.0,121.0,192.0,274.9,7.0,70,4.2,200,1021.6,92,0,92,0,0.0,3600.0,43.6591,-70.2568,2021,11,21,13
2021-11-21 14:00:00,235.0,68.0,167.0,163.9,7.4,66,3.3,167,1020.9,94,0,94,2,0.0,3118.2,43.6591,-70.2568,2021,11,21,14
2021-11-21 15:00:00,222.0,86.0,136.0,249.2,7.5,68,6.6,135,1019.8,69,0,64,14,0.0,3600.0,43.6591,-70.2568,2021,11,21,15
2021-11-21 16:00:00,188.0,123.0,65.0,521.9,7.3,75,7.6,155,1019.3,40,0,23,22,0.0,3600.0,43.6591,-70.2568,2021,11,21,16
2021-11-21 17:00:00,58.0,31.0,27.0,301.7,5.9,85,4.3,156,1018.6,99,4,22,99,0.0,3600.0,43.6591,-70.2568,2021,11,21,17
2021-11-21 18:00:00,0.0,0.0,0.0,0.0,6.2,83,6.2,173,1018.1,100,100,18,100,0.0,0.0,43.6591,-70.2568,2021,11,21,18
2021-11-21 19:00:00,0.0,0.0,0.0,0.0,7.5,83,8.3,180,1017.2,100,46,96,100,0.0,0.0,43.6591,-70.2568,2021,11,21,19
2021-11-21 20:00:00,0.0,0.0,0.0,0.0,5.0,89,7.2,27,1016.8,100,18,98,100,0.0,0.0,43.6591,-70.2568,2021,11,21,20
2021-11-21 21:00:00,0.0,0.0,0.0,0.0,5.5,91,4.2,20,1015.6,100,36,100,100,0.0,0.0,43.6591,-70.2568,2021,11,21,21
2021-11-21 22:00:00,0.0,0.0,0.0,0.0,6.2,91,10.7,213,1014.4,100,0,100,100,0.3,0.0,43.6591,-70.2568,2021,11,21,22
2021-11-21 23:00:00,0.0,0.0,0.0,0.0,8.3,100,18.6,202,1013.2,100,100,100,100,0.7,0.0,43.6591,-70.2568,2021,11,21,23
2021-11-22 00:00:00,0.0,0.0,0.0,0.0,8.4,100,14.3,205,1012.3,100,47,100,100,1.0,0.0,43.6591,-70.2568,2021,11,22,0
2021-11-22 01:00:00,0.0,0.0,0.0,0.0,8.2,100,13.0,204,1011.3,100,44,100,100,3.4,0.0,43.6591,-70.2568,2021,11,22,1
2021-11-22 02:00:00,0.0,0.0,0.0,0.0,8.1,100,12.3,187,1009.6,100,36,100,100,1.1,0.0,43.6591,-70.2568,2021,11,22,2
2021-11-22 03:00:00,0.0,0.0,0.0,0.0,9.5,100,19.8,181,1008.4,100,9,100,100,0.6,0.0,43.6591,-70.2568,2021,11,22,3
2021-11-22 04:00:00,0.0,0.0,0.0,0.0,10.8,94,26.9,188,1007.0,100,1,100,100,0.4,0.0,43.6591,-70.2568,2021,11,22,4
2021-11-22 05:00:00,0.0,0.0,0.0,0.0,10.2,100,22.7,207,1006.4,100,100,100,100,0.9,0.0,43.6591,-70.2568,2021,11,22,5
2021-11-22 06:00:00,0.0,0.0,0.0,0.0,10.1,100,20.6,205,1005.7,100,46,100,100,2.4,0.0,43.6591,-70.2568,2021,11,22,6
2021-11-22 07:00:00,0.0,0.0,0.0,0.0,9.6,100,15.8,207,1005.4,100,100,100,100,0.1,0.0,43.6591,-70.2568,2021,11,22,7
2021-11-22 08:00:00,0.0,0.0,0.0,0.0,9.5,100,13.5,205,1004.8,100,26,100,100,0.2,0.0,43.6591,-70.2568,2021,11,22,8
2021-11-22 09:00:00,12.0,0.0,12.0,0.0,9.9,100,12.6,204,1004.5,100,5,100,100,0.3,0.0,43.6591,-70.2568,2021,11,22,9
2021-11-22 10:00:00,46.0,0.0,46.0,0.0,10.1,100,10.9,207,1003.9,100,24,100,100,0.9,0.0,43.6591,-70.2568,2021,11,22,10
2021-11-22 11:00:00,39.0,0.0,39.0,0.0,9.8,100,13.6,230,1003.8,100,61,100,100,1.0,0.0,43.6591,-70.2568,2021,11,22,11
2021-11-22 12:00:00,85.0,1.0,84.0,2.4,10.0,96,12.6,243,1003.3,100,1,100,100,0.2,0.0,43.6591,-70.2568,2021,11,22,12
2021-11-22 13:00:00,153.0,4.0,149.0,9.2,10.0,91,11.9,241,1003.0,100,2,100,100,0.0,0.0,43.6591,-70.2568,2021,11,22,13
2021-11-22 14:00:00,126.0,3.0,123.0,7.3,9.9,86,10.1,243,1002.8,100,7,100,100,0.0,0.0,43.6591,-70.2568,2021,11,22,14
2021-11-22 15:00:00,138.0,7.0,131.0,20.5,10.1,79,10.4,256,1002.4,100,7,92,100,0.0,0.0,43.6591,-70.2568,2021,11,22,15
2021-11-22 16:00:00,104.0,6.0,98.0,25.7,9.9,72,10.7,250,1002.7,100,0,54,100,0.0,0.0,43.6591,-70.2568,2021,11,22,16
2021-11-22 17:00:00,38.0,3.0,35.0,29.6,8.7,69,10.1,268,1003.1,100,0,67,100,0.0,0.0,43.6591,-70.2568,2021,11,22,17
2021-11-22 18:00:00,0.0,0.0,0.0,0.0,8.0,62,12.5,282,1003.9,100,8,83,100,0.0,0.0,43.6591,-70.2568,2021,11,22,18
2021-11-22 19:00:00,0.0,0.0,0.0,0.0,6.6,64,15.0,318,1004.8,100,20,46,100,0.0,0.0,43.6591,-70.2568,2021,11,22,19
2021-11-22 20:00:00,0.0,0.0,0.0,0.0,6.0,72,14.1,328,1005.0,100,0,83,100,0.0,0.0,43.6591,-70.2568,2021,11,22,20
2021-11-22 21:00:00,0.0,0.0,0.0,0.0,5.2,60,16.4,334,1005.5,100,0,17,100,0.0,0.0,43.6591,-70.2568,2021,11,22,21
2021-11-22 22:00:00,0.0,0.0,0.0,0.0,4.1,53,17.3,324,1006.0,48,0,0,48,0.0,0.0,43.6591,-70.2568,2021,11,22,22
2021-11-22 23:00:00,0.0,0.0,0.0,0.0,2.9,54,14.1,320,1006.6,85,0,0,85,0.0,0.0,43.6591,-70.2568,2021,11,22,23
2021-11-23 00:00:00,0.0,0.0,0.0,0.0,2.0,58,11.7,315,1006.7,100,0,1,100,0.0,0.0,43.6591,-70.2568,2021,11,23,0
2021-11-23 01:00:00,0.0,0.0,0.0,0.0,1.9,60,11.0,308,1006.3,100,0,2,100,0.0,0.0,43.6591,-70.2568,2021,11,23,1
2021-11-23 02:00:00,0.0,0.0,0.0,0.0,1.7,60,9.3,306,1006.7,94,0,9,94,0.0,0.0,43.6591,-70.2568,2021,11,23,2
2021-11-23 03:00:00,0.0,0.0,0.0,0.0,0.8,65,8.7,318,1006.9,99,0,16,99,0.0,0.0,43.6591,-70.2568,2021,11,23,3
2021-11-23 04:00:00,0.0,0.0,0.0,0.0,0.3,69,10.5,329,1006.5,98,0,0,98,0.0,0.0,43.6591,-70.2568,2021,11,23,4
2021-11-23 05:00:00,0.0,0.0,0.0,0.0,0.1,69,8.8,341,1007.1,96,0,4,96,0.0,0.0,43.6591,-70.2568,2021,11,23,5
2021-11-23 06:00:00,0.0,0.0,0.0,0.0,-0.2,70,10.2,350,1007.7,93,2,0,93,0.0,0.0,43.6591,-70.2568,2021,11,23,6
2021-11-23 07:00:00,0.0,0.0,0.0,0.0,-0.4,64,13.8,340,1007.5,97,0,1,97,0.0,0.0,43.6591,-70.2568,2021,11,23,7
2021-11-23 08:00:00,1.0,0.0,1.0,0.0,-0.4,60,14.9,340,1007.7,52,0,0,6,0.0,0.0,43.6591,-70.2568,2021,11,23,8
2021-11-23 09:00:00,75.0,48.0,27.0,451.2,-0.0,57,15.5,335,1008.0,10,0,0,10,0.0,3600.0,43.6591,-70.2568,2021,11,23,9
2021-11-23 10:00:00,217.0,165.0,52.0,684.9,0.5,49,18.7,335,1007.8,53,0,20,52,0.0,3600.0,43.6591,-70.2568,2021,11,23,10
2021-11-23 11:00:00,340.0,275.0,65.0,793.1,1.2,47,17.3,329,1007.9,77,0,2,77,0.0,3600.0,43.6591,-70.2568,2021,11,23,11
2021-11-23 12:00:00,418.0,346.0,72.0,838.8,1.8,48,17.3,324,1007.2,99,0,21,99,0.0,3600.0,43.6591,-70.2568,2021,11,23,12
2021-11-23 13:00:00,404.0,271.0,133.0,624.9,2.2,47,17.6,317,1007.1,98,6,54,97,0.0,3600.0,43.6591,-70.2568,2021,11,23,13
2021-11-23 14:00:00,381.0,266.0,115.0,650.7,2.3,46,19.1,324,1007.2,79,0,4,79,0.0,3600.0,43.6591,-70.2568,2021,11,23,14
2021-11-23 15:00:00,308.0,211.0,97.0,621.2,1.8,45,20.9,318,1007.2,0,0,0,0,0.0,3600.0,43.6591,-70.2568,2021,11,23,15
2021-11-23 16:00:00,207.0,158.0,49.0,684.4,1.1,44,21.8,321,1007.6,0,0,0,0,0.0,3600.0,43.6591,-70.2568,2021,11,23,16
2021-11-23 17:00:00,65.0,42.0,23.0,418.6,-0.0,46,20.2,320,1008.4,0,0,0,0,0.0,3600.0,43.6591,-70.2568,2021,11,23,17
2021-11-23 18:00:00,0.0,0.0,0.0,0.0,-1.0,48,19.6,324,1009.3,0,0,0,0,0.0,0.0,43.6591,-70.2568,2021,11,23,18
2021-11-23 19:00:00,0.0,0.0,0.0,0.0,-1.6,50,18.6,324,1010.7,5,5,0,0,0.0,0.0,43.6591,-70.2568,2021,11,23,19
2021-11-23 20:00:00,0.0,0.0,0.0,0.0,-2.0,54,18.8,324,1011.2,1,0,0,0,0.0,0.0,43.6591,-70.2568,2021,11,23,20
2021-11-23 21:00:00,0.0,0.0,0.0,0.0,-2.6,55,18.7,320,1011.5,16,16,0,0,0.0,0.0,43.6591,-70.2568,2021,11,23,21
2021-11-23 22:00:00,0.0,0.0,0.0,0.0,-3.1,56,18.8,317,1011.8,0,0,0,0,0.0,0.0,43.6591,-70.2568,2021,11,23,22
2021-11-23 23:00:00,0.0,0.0,0.0,0.0,-3.3,56,18.3,313,1012.1,14,8,13,0,0.0,0.0,43.6591,-70.2568,2021,11,23,23
2021-11-24 00:00:00,0.0,0.0,0.0,0.0,-3.3,56,18.9,312,1012.0,4,4,0,0,0.0,0.0,43.6591,-70.2568,2021,11,24,0
2021-11-24 01:00:00,0.0,0.0,0.0,0.0,-3.2,56,19.6,314,1012.2,2,1,1,0,0.0,0.0,43.6591,-70.2568,2021,11,24,1
2021-11-24 02:00:00,0.0,0.0,0.0,0.0,-3.0,55,19.7,320,1012.9,45,45,0,0,0.0,0.0,43.6591,-70.2568,2021,11,24,2
2021-11-24 03:00:00,0.0,0.0,0.0,0.0,-2.9,56,19.3,327,1013.6,39,39,0,0,0.0,0.0,43.6591,-70.2568,2021,11,24,3
2021-11-24 04:00:00,0.0,0.0,0.0,0.0,-2.8,57,19.6,328,1014.4,0,0,0,0,0.0,0.0,43.6591,-70.2568,2021,11,24,4
2021-11-24 05:00:00,0.0,0.0,0.0,0.0,-2.7,58,20.2,325,1014.9,5,5,0,0,0.0,0.0,43.6591,-70.2568,2021,11,24,5
2021-11-24 06:00:00,0.0,0.0,0.0,0.0,-2.6,59,20.1,324,1015.5,16,16,0,0,0.0,0.0,43.6591,-70.2568,2021,11,24,6
2021-11-24 07:00:00,0.0,0.0,0.0,0.0,-2.5,60,20.4,319,1016.3,3,3,0,0,0.0,0.0,43.6591,-70.2568,2021,11,24,7
2021-11-24 08:00:00,1.0,0.0,1.0,0.0,-2.1,62,21.6,316,1016.9,10,0,0,0,0.0,0.0,43.6591,-70.2568,2021,11,24,8
2021-11-24 09:00:00,73.0,48.0,25.0,459.0,-1.5,61,20.6,314,1017.7,0,0,0,0,0.0,3600.0,43.6591,-70.2568,2021,11,24,9
2021-11-24 10:00:00,215.0,165.0,50.0,694.7,-0.1,56,19.9,312,1018.0,0,0,0,0,0.0,3600.0,43.6591,-70.2568,2021,11,24,10
2021-11-24 11:00:00,339.0,278.0,61.0,809.6,1.5,51,20.9,316,1018.0,0,0,0,0,0.0,3600.0,43.6591,-70.2568,2021,11,24,11
2021-11-24 12:00:00,419.0,353.0,66.0,862.6,2.6,47,19.6,317,1017.8,0,0,0,0,0.0,3600.0,43.6591,-70.2568,2021,11,24,12
2021-11-24 13:00:00,445.0,378.0,67.0,877.9,3.6,42,20.1,316,1017.6,0,0,0,0,0.0,3600.0,43.6591,-70.2568,2021,11,24,13
2021-11-24 14:00:00,415.0,349.0,66.0,859.6,4.1,38,20.4,319,1017.4,0,0,0,0,0.0,3600.0,43.6591,-70.2568,2021,11,24,14
2021-11-24 15:00:00,332.0,273.0,59.0,809.8,4.1,37,18.7,322,1017.5,0,0,0,0,0.0,3600.0,43.6591,-70.2568,2021,11,24,15
2021-11-24 16:00:00,206.0,158.0,48.0,691.0,3.6,40,15.1,322,1017.9,0,0,0,0,0.0,3600.0,43.6591,-70.2568,2021,11,24,16
2021-11-24 17:00:00,64.0,42.0,22.0,423.2,2.2,44,11.8,322,1018.3,0,0,0,0,0.0,3600.0,43.6591,-70.2568,2021,11,24,17
2021-11-24 18:00:00,0.0,0.0,0.0,0.0,0.9,50,8.9,320,1018.6,0,0,0,0,0.0,0.0,43.6591,-70.2568,2021,11,24,18
2021-11-24 19:00:00,0.0,0.0,0.0,0.0,0.4,54,8.7,322,1019.0,0,0,0,0,0.0,0.0,43.6591,-70.2568,2021,11,24,19
2021-11-24 20:00:00,0.0,0.0,0.0,0.0,0.6,53,10.1,333,1018.3,0,0,0,0,0.0,0.0,43.6591,-70.2568,2021,11,24,20
2021-11-24 21:00:00,0.0,0.0,0.0,0.0,0.0,52,8.4,335,1018.4,0,0,0,0,0.0,0.0,43.6591,-70.2568,2021,11,24,21
2021-11-24 22:00:00,0.0,0.0,0.0,0.0,-0.4,53,7.3,340,1018.1,0,0,0,0,0.0,0.0,43.6591,-70.2568,2021,11,24,22
2021-11-24 23:00:00,0.0,0.0,0.0,0.0,-0.6,51,8.6,338,1017.5,0,0,0,0,0.0,0.0,43.6591,-70.2568,2021,11,24,23
2021-11-25 00:00:00,0.0,0.0,0.0,0.0,-0.7,50,11.0,328,1016.9,0,0,0,0,0.0,0.0,43.6591,-70.2568,2021,11,25,0
2021-11-25 01:00:00,0.0,0.0,0.0,0.0,-0.8,54,9.7,309,1016.3,0,0,0,0,0.0,0.0,43.6591,-70.2568,2021,11,25,1
2021-11-25 02:00:00,0.0,0.0,0.0,0.0,-1.0,63,9.1,288,1015.8,0,0,0,0,0.0,0.0,43.6591,-70.2568,2021,11,25,2
2021-11-25 03:00:00,0.0,0.0,0.0,0.0,-1.1,70,4.6,288,1016.2,33,0,0,33,0.0,0.0,43.6591,-70.2568,2021,11,25,3
2021-11-25 04:00:00,0.0,0.0,0.0,0.0,-1.9,79,5.0,291,1015.9,0,0,0,0,0.0,0.0,43.6591,-70.2568,2021,11,25,4
2021-11-25 05:00:00,0.0,0.0,0.0,0.0,-1.9,80,3.2,297,1015.4,10,0,0,10,0.0,0.0,43.6591,-70.2568,2021,11,25,5
2021-11-25 06:00:00,0.0,0.0,0.0,0.0,-1.3,77,5.2,295,1014.9,0,0,0,0,0.0,0.0,43.6591,-70.2568,2021,11,25,6
2021-11-25 07:00:00,0.0,0.0,0.0,0.0,-1.1,79,6.1,298,1014.1,11,0,5,8,0.0,0.0,43.6591,-70.2568,2021,11,25,7
2021-11-25 08:00:00,0.0,0.0,0.0,0.0,-1.0,80,6.0,287,1013.2,8,0,12,0,0.0,0.0,43.6591,-70.2568,2021,11,25,8
2021-11-25 09:00:00,65.0,41.0,24.0,398.9,0.7,72,8.8,289,1013.8,24,0,11,14,0.0,3600.0,43.6591,-70.2568,2021,11,25,9
2021-11-25 10:00:00,197.0,147.0,50.0,627.8,4.0,56,5.4,307,1013.1,33,0,0,33,0.0,3600.0,43.6591,-70.2568,2021,11,25,10
2021-11-25 11:00:00,315.0,254.0,61.0,746.9,6.9,43,4.3,294,1012.2,7,0,0,7,0.0,3600.0,43.6591,-70.2568,2021,11,25,11
2021-11-25 12:00:00,391.0,325.0,66.0,800.4,8.9,38,3.8,311,1010.5,8,0,0,8,0.0,3600.0,43.6591,-70.2568,2021,11,25,12
2021-11-25 13:00:00,418.0,353.0,65.0,825.5,10.4,37,4.5,299,1009.5,46,0,32,21,0.0,3600.0,43.6591,-70.2568,2021,11,25,13
2021-11-25 14:00:00,365.0,284.0,81.0,704.2,10.7,39,4.0,265,1008.4,100,0,92,96,0.0,3600.0,43.6591,-70.2568,2021,11,25,14
2021-11-25 15:00:00,245.0,118.0,127.0,352.5,9.7,43,4.4,261,1008.1,100,0,100,100,0.0,3600.0,43.6591,-70.2568,2021,11,25,15
2021-11-25 16:00:00,97.0,12.0,85.0,53.0,7.0,56,4.7,279,1007.6,100,0,58,100,0.0,0.0,43.6591,-70.2568,2021,11,25,16
2021-11-25 17:00:00,37.0,4.0,33.0,40.7,4.2,61,6.1,298,1007.2,100,0,9,100,0.0,0.0,43.6591,-70.2568,2021,11,25,17
2021-11-25 18:00:00,0.0,0.0,0.0,0.0,3.4,62,9.3,286,1007.0,99,0,6,99,0.0,0.0,43.6591,-70.2568,2021,11,25,18
2021-11-25 19:00:00,0.0,0.0,0.0,0.0,2.4,68,8.5,282,1006.4,100,0,3,100,0.0,0.0,43.6591,-70.2568,2021,11,25,19
2021-11-25 20:00:00,0.0,0.0,0.0,0.0,3.2,83,11.9,284,1005.3,95,0,8,99,0.0,0.0,43.6591,-70.2568,2021,11,25,20
2021-11-25 21:00:00,0.0,0.0,0.0,0.0,3.1,83,8.4,313,1004.9,99,0,0,99,0.0,0.0,43.6591,-70.2568,2021,11,25,21
2021-11-25 22:00:00,0.0,0.0,0.0,0.0,2.8,86,10.2,312,1004.2,18,0,13,5,0.0,0.0,43.6591,-70.2568,2021,11,25,22
2021-11-25 23:00:00,0.0,0.0,0.0,0.0,2.6,87,10.0,311,1003.4,96,0,45,94,0.0,0.0,43.6591,-70.2568,2021,11,25,23
2021-11-26 00:00:00,0.0,0.0,0.0,0.0,2.6,85,5.7,325,1002.9,100,1,100,99,0.0,0.0,43.6591,-70.2568,2021,11,26,0
2021-11-26 01:00:00,0.0,0.0,0.0,0.0,3.6,77,5.3,332,1002.6,100,5,100,100,0.0,0.0,43.6591,-70.2568,2021,11,26,1
2021-11-26 02:00:00,0.0,0.0,0.0,0.0,3.8,73,6.9,351,1001.8,100,20,100,100,0.0,0.0,43.6591,-70.2568,2021,11,26,2
2021-11-26 03:00:00,0.0,0.0,0.0,0.0,4.0,70,8.0,18,1001.3,100,96,100,100,0.0,0.0,43.6591,-70.2568,2021,11,26,3
2021-11-26 04:00:00,0.0,0.0,0.0,0.0,4.0,71,7.5,17,1000.8,100,99,100,100,0.0,0.0,43.6591,-70.2568,2021,11,26,4
2021-11-26 05:00:00,0.0,0.0,0.0,0.0,3.9,71,6.5,19,1000.2,100,14,100,100,0.0,0.0,43.6591,-70.2568,2021,11,26,5
2021-11-26 06:00:00,0.0,0.0,0.0,0.0,3.8,71,7.2,6,999.5,100,34,77,100,0.0,0.0,43.6591,-70.2568,2021,11,26,6
2021-11-26 07:00:00,0.0,0.0,0.0,0.0,3.4,72,6.8,357,999.0,100,9,88,100,0.0,0.0,43.6591,-70.2568,2021,11,26,7
2021-11-26 08:00:00,0.0,0.0,0.0,0.0,4.4,79,8.7,17,997.9,100,68,99,100,0.0,0.0,43.6591,-70.2568,2021,11,26,8
2021-11-26 09:00:00,19.0,0.0,19.0,0.0,4.4,85,7.9,336,998.3,100,100,100,100,0.2,0.0,43.6591,-70.2568,2021,11,26,9
2021-11-26 10:00:00,26.0,0.0,26.0,0.0,4.1,90,9.2,349,997.0,100,100,100,100,0.2,0.0,43.6591,-70.2568,2021,11,26,10
2021-11-26 11:00:00,58.0,0.0,58.0,0.0,4.5,91,8.2,331,996.1,100,100,100,100,0.1,0.0,43.6591,-70.2568,2021,11,26,11
2021-11-26 12:00:00,53.0,0.0,53.0,0.0,4.6,94,8.9,310,995.0,100,100,100,100,0.4,0.0,43.6591,-70.2568,2021,11,26,12
2021-11-26 13:00:00,46.0,0.0,46.0,0.0,4.4,100,7.7,311,993.8,100,100,100,100,0.4,0.0,43.6591,-70.2568,2021,11,26,13
2021-11-26 14:00:00,39.0,0.0,39.0,0.0,4.3,100,7.3,303,993.1,100,100,100,100,0.7,0.0,43.6591,-70.2568,2021,11,26,14
2021-11-26 15:00:00,22.0,0.0,22.0,0.0,4.1,100,7.4,317,992.4,100,100,100,92,0.5,0.0,43.6591,-70.2568,2021,11,26,15
2021-11-26 16:00:00,37.0,0.0,37.0,0.0,4.0,100,8.4,329,991.9,100,100,100,0,0.3,0.0,43.6591,-70.2568,2021,11,26,16
2021-11-26 17:00:00,7.0,0.0,7.0,0.0,3.4,100,10.1,343,990.8,100,100,75,0,0.1,0.0,43.6591,-70.2568,2021,11,26,17
2021-11-26 18:00:00,0.0,0.0,0.0,0.0,2.8,100,7.1,330,990.9,100,100,100,0,0.2,0.0,43.6591,-70.2568,2021,11,26,18
2021-11-26 19:00:00,0.0,0.0,0.0,0.0,2.8,100,8.4,317,990.6,100,100,100,0,0.1,0.0,43.6591,-70.2568,2021,11,26,19
2021-11-26 20:00:00,0.0,0.0,0.0,0.0,2.3,100,8.5,332,990.2,100,100,100,0,0.3,0.0,43.6591,-70.2568,2021,11,26,20
2021-11-26 21:00:00,0.0,0.0,0.0,0.0,2.3,100,9.7,309,989.7,100,100,100,27,0.3,0.0,43.6591,-70.2568,2021,11,26,21
2021-11-26 22:00:00,0.0,0.0,0.0,0.0,1.9,100,9.3,306,989.1,100,100,100,0,1.0,0.0,43.6591,-70.2568,2021,11,26,22
2021-11-26 23:00:00,0.0,0.0,0.0,0.0,1.7,100,13.2,305,988.5,100,100,100,22,0.8,0.0,43.6591,-70.2568,2021,11,26,23
2021-11-27 00:00:00,0.0,0.0,0.0,0.0,1.9,100,15.9,303,988.1,100,96,100,83,0.6,0.0,43.6591,-70.2568,2021,11,27,0
2021-11-27 01:00:00,0.0,0.0,0.0,0.0,2.2,93,20.6,313,988.4,100,100,100,89,0.2,0.0,43.6591,-70.2568,2021,11,27,1
2021-11-27 02:00:00,0.0,0.0,0.0,0.0,1.7,94,20.1,306,989.0,100,100,100,75,0.3,0.0,43.6591,-70.2568,2021,11,27,2
2021-11-27 03:00:00,0.0,0.0,0.0,0.0,1.4,94,19.9,305,990.0,100,95,100,100,0.7,0.0,43.6591,-70.2568,2021,11,27,3
2021-11-27 04:00:00,0.0,0.0,0.0,0.0,1.3,91,17.7,299,990.8,100,8,100,100,0.5,0.0,43.6591,-70.2568,2021,11,27,4
2021-11-27 05:00:00,0.0,0.0,0.0,0.0,1.2,88,16.4,289,991.5,100,44,100,100,0.4,0.0,43.6591,-70.2568,2021,11,27,5
2021-11-27 06:00:00,0.0,0.0,0.0,0.0,1.1,78,17.8,284,992.2,100,36,100,100,0.1,0.0,43.6591,-70.2568,2021,11,27,6
2021-11-27 07:00:00,0.0,0.0,0.0,0.0,1.0,66,18.4,282,993.2,100,45,100,100,0.0,0.0,43.6591,-70.2568,2021,11,27,7
2021-11-27 08:00:00,0.0,0.0,0.0,0.0,0.3,73,18.8,267,994.3,100,36,100,100,0.0,0.0,43.6591,-70.2568,2021,11,27,8
2021-11-27 09:00:00,15.0,0.0,15.0,0.0,0.3,60,20.6,276,995.7,97,28,95,0,0.0,0.0,43.6591,-70.2568,2021,11,27,9
2021-11-27 10:00:00,120.0,23.0,97.0,101.1,-0.3,54,22.7,281,996.7,100,26,99,88,0.0,1232.15,43.6591,-70.2568,2021,11,27,10
2021-11-27 11:00:00,206.0,54.0,152.0,161.9,-0.4,52,21.8,286,997.1,100,38,100,99,0.0,3056.07,43.6591,-70.2568,2021,11,27,11
2021-11-27 12:00:00,343.0,198.0,145.0,495.1,-0.0,49,21.7,289,997.4,51,45,4,11,0.0,3600.0,43.6591,-70.2568,2021,11,27,12
2021-11-27 13:00:00,421.0,347.0,74.0,822.5,0.9,47,21.9,297,997.8,71,50,1,41,0.0,3600.0,43.6591,-70.2568,2021,11,27,13
2021-11-27 14:00:00,375.0,279.0,96.0,700.8,1.0,48,19.1,290,998.2,27,27,2,0,0.0,3600.0,43.6591,-70.2568,2021,11,27,14
2021-11-27 15:00:00,308.0,238.0,70.0,720.8,1.0,49,18.8,287,998.8,30,30,0,0,0.0,3600.0,43.6591,-70.2568,2021,11,27,15
2021-11-27 16:00:00,181.0,121.0,60.0,543.3,0.4,52,18.6,279,999.5,6,6,0,0,0.0,3600.0,43.6591,-70.2568,2021,11,27,16
2021-11-27 17:00:00,58.0,37.0,21.0,384.2,-0.6,56,15.2,275,1000.3,6,6,0,0,0.0,3600.0,43.6591,-70.2568,2021,11,27,17
2021-11-27 18:00:00,0.0,0.0,0.0,0.0,-1.5,61,12.0,261,1001.0,1,1,0,0,0.0,0.0,43.6591,-70.2568,2021,11,27,18
2021-11-27 19:00:00,0.0,0.0,0.0,0.0,-2.3,65,12.7,245,1001.7,4,4,0,0,0.0,0.0,43.6591,-70.2568,2021,11,27,19
2021-11-27 20:00:00,0.0,0.0,0.0,0.0,-1.9,59,17.9,261,1002.1,0,0,0,0,0.0,0.0,43.6591,-70.2568,2021,11,27,20
2021-11-27 21:00:00,0.0,0.0,0.0,0.0,-2.3,60,16.3,265,1002.8,4,4,0,0,0.0,0.0,43.6591,-70.2568,2021,11,27,21
2021-11-27 22:00:00,0.0,0.0,0.0,0.0,-2.7,61,13.7,268,1003.2,8,8,0,0,0.0,0.0,43.6591,-70.2568,2021,11,27,22
2021-11-27 23:00:00,0.0,0.0,0.0,0.0,-3.0,61,13.1,262,1003.4,9,9,0,0,0.0,0.0,43.6591,-70.2568,2021,11,27,23
2021-11-28 00:00:00,0.0,0.0,0.0,0.0,-3.1,61,13.7,265,1003.8,25,25,0,0,0.0,0.0,43.6591,-70.2568,2021,11,28,0
2021-11-28 01:00:00,0.0,0.0,0.0,0.0,-3.3,61,13.3,268,1004.2,3,3,0,0,0.0,0.0,43.6591,-70.2568,2021,11,28,1
2021-11-28 02:00:00,0.0,0.0,0.0,0.0,-3.7,62,12.6,267,1004.8,0,0,0,0,0.0,0.0,43.6591,-70.2568,2021,11,28,2
2021-11-28 03:00:00,0.0,0.0,0.0,0.0,-4.1,64,11.2,266,1005.2,2,0,0,2,0.0,0.0,43.6591,-70.2568,2021,11,28,3
2021-11-28 04:00:00,0.0,0.0,0.0,0.0,-4.4,65,11.2,255,1005.6,2,0,0,2,0.0,0.0,43.6591,-70.2568,2021,11,28,4
2021-11-28 05:00:00,0.0,0.0,0.0,0.0,-4.9,68,11.1,245,1005.9,0,0,0,0,0.0,0.0,43.6591,-70.2568,2021,11,28,5
2021-11-28 06:00:00,0.0,0.0,0.0,0.0,-5.1,70,12.2,242,1006.3,49,0,0,49,0.0,0.0,43.6591,-70.2568,2021,11,28,6
2021-11-28 07:00:00,0.0,0.0,0.0,0.0,-5.1,70,10.7,256,1006.7,91,0,0,91,0.0,0.0,43.6591,-70.2568,2021,11,28,7
2021-11-28 08:00:00,0.0,0.0,0.0,0.0,-4.7,67,11.6,277,1006.1,29,0,40,0,0.0,0.0,43.6591,-70.2568,2021,11,28,8
2021-11-28 09:00:00,62.0,39.0,23.0,400.0,-3.4,61,9.4,293,1006.5,24,0,24,0,0.0,3600.0,43.6591,-70.2568,2021,11,28,9
2021-11-28 10:00:00,201.0,152.0,49.0,677.6,-1.6,55,8.4,310,1006.8,16,0,1,15,0.0,3600.0,43.6591,-70.2568,2021,11,28,10
2021-11-28 11:00:00,322.0,259.0,63.0,783.8,-0.2,50,4.1,285,1007.3,23,0,0,23,0.0,3600.0,43.6591,-70.2568,2021,11,28,11
2021-11-28 12:00:00,403.0,336.0,67.0,846.5,1.0,43,3.7,241,1007.0,10,0,0,10,0.0,3600.0,43.6591,-70.2568,2021,11,28,12
2021-11-28 13:00:00,429.0,360.0,69.0,858.9,1.9,38,5.1,231,1006.4,35,0,5,32,0.0,3600.0,43.6591,-70.2568,2021,11,28,13
2021-11-28 14:00:00,387.0,304.0,83.0,768.3,2.4,38,4.8,257,1006.2,100,0,40,100,0.0,3600.0,43.6591,-70.2568,2021,11,28,14
2021-11-28 15:00:00,288.0,186.0,102.0,567.0,2.5,38,4.9,253,1006.2,27,0,27,0,0.0,3600.0,43.6591,-70.2568,2021,11,28,15
2021-11-28 16:00:00,190.0,137.0,53.0,620.1,1.8,49,4.3,265,1006.6,90,0,89,17,0.0,3600.0,43.6591,-70.2568,2021,11,28,16
2021-11-28 17:00:00,42.0,14.0,28.0,146.7,0.2,55,5.5,247,1006.8,25,0,25,0,0.0,3348.51,43.6591,-70.2568,2021,11,28,17
2021-11-28 18:00:00,0.0,0.0,0.0,0.0,-0.6,57,6.6,248,1007.0,5,0,5,0,0.0,0.0,43.6591,-70.2568,2021,11,28,18
2021-11-28 19:00:00,0.0,0.0,0.0,0.0,-1.4,58,6.1,270,1007.4,73,0,73,0,0.0,0.0,43.6591,-70.2568,2021,11,28,19
2021-11-28 20:00:00,0.0,0.0,0.0,0.0,-1.0,56,6.1,270,1007.4,85,0,99,0,0.0,0.0,43.6591,-70.2568,2021,11,28,20
2021-11-28 21:00:00,0.0,0.0,0.0,0.0,-1.1,59,5.8,277,1007.5,99,2,99,0,0.0,0.0,43.6591,-70.2568,2021,11,28,21
2021-11-28 22:00:00,0.0,0.0,0.0,0.0,-0.7,58,6.3,283,1007.7,100,6,100,38,0.0,0.0,43.6591,-70.2568,2021,11,28,22
2021-11-28 23:00:00,0.0,0.0,0.0,0.0,-0.4,61,5.0,291,1007.8,100,77,100,100,0.0,0.0,43.6591,-70.2568,2021,11,28,23
2021-11-29 00:00:00,0.0,0.0,0.0,0.0,-0.3,69,2.3,309,1007.6,100,100,100,99,0.0,0.0,43.6591,-70.2568,2021,11,29,0
2021-11-29 01:00:00,0.0,0.0,0.0,0.0,-0.2,69,4.8,333,1007.4,100,99,96,100,0.0,0.0,43.6591,-70.2568,2021,11,29,1
2021-11-29 02:00:00,0.0,0.0,0.0,0.0,-0.3,72,6.0,343,1007.4,100,100,99,99,0.0,0.0,43.6591,-70.2568,2021,11,29,2
2021-11-29 03:00:00,0.0,0.0,0.0,0.0,-0.4,71,7.3,349,1007.4,100,100,100,100,0.1,0.0,43.6591,-70.2568,2021,11,29,3
2021-11-29 04:00:00,0.0,0.0,0.0,0.0,-0.8,68,8.7,5,1007.5,100,99,100,100,0.2,0.0,43.6591,-70.2568,2021,11,29,4
2021-11-29 05:00:00,0.0,0.0,0.0,0.0,-0.9,65,10.6,10,1007.2,100,100,95,100,0.0,0.0,43.6591,-70.2568,2021,11,29,5
2021-11-29 06:00:00,0.0,0.0,0.0,0.0,-1.1,66,11.2,6,1007.3,100,100,97,94,0.0,0.0,43.6591,-70.2568,2021,11,29,6
2021-11-29 07:00:00,0.0,0.0,0.0,0.0,-1.3,66,12.0,9,1007.2,100,12,100,3,0.0,0.0,43.6591,-70.2568,2021,11,29,7
2021-11-29 08:00:00,0.0,0.0,0.0,0.0,-1.2,64,13.0,5,1007.6,96,0,87,27,0.0,0.0,43.6591,-70.2568,2021,11,29,8
2021-11-29 09:00:00,52.0,28.0,24.0,292.3,-1.5,65,12.4,352,1008.1,60,13,39,26,0.0,3600.0,43.6591,-70.2568,2021,11,29,9
2021-11-29 10:00:00,172.0,106.0,66.0,479.3,-0.7,61,12.2,346,1008.3,33,2,20,15,0.0,3600.0,43.6591,-70.2568,2021,11,29,10
2021-11-29 11:00:00,310.0,246.0,64.0,751.4,0.7,54,13.6,349,1008.0,14,0,14,0,0.0,3600.0,43.6591,-70.2568,2021,11,29,11
2021-11-29 12:00:00,391.0,324.0,67.0,822.3,1.7,50,13.1,352,1007.2,0,0,0,0,0.0,3600.0,43.6591,-70.2568,2021,11,29,12
2021-11-29 13:00:00,418.0,350.0,68.0,840.3,2.3,48,12.1,350,1006.3,0,0,0,0,0.0,3600.0,43.6591,-70.2568,2021,11,29,13
2021-11-29 14:00:00,391.0,325.0,66.0,826.3,2.8,46,10.9,343,1005.8,0,0,0,0,0.0,3600.0,43.6591,-70.2568,2021,11,29,14
2021-11-29 15:00:00,313.0,252.0,61.0,772.9,2.9,45,10.5,338,1005.6,0,0,0,0,0.0,3600.0,43.6591,-70.2568,2021,11,29,15
2021-11-29 16:00:00,192.0,143.0,49.0,652.2,2.6,47,9.2,334,1005.5,0,0,0,0,0.0,3600.0,43.6591,-70.2568,2021,11,29,16
2021-11-29 17:00:00,56.0,36.0,20.0,380.5,0.8,55,10.6,325,1005.7,0,0,0,0,0.0,3600.0,43.6591,-70.2568,2021,11,29,17
2021-11-29 18:00:00,0.0,0.0,0.0,0.0,0.0,54,13.3,319,1006.2,0,0,0,0,0.0,0.0,43.6591,-70.2568,2021,11,29,18
2021-11-29 19:00:00,0.0,0.0,0.0,0.0,-0.3,53,17.2,327,1006.6,0,0,0,0,0.0,0.0,43.6591,-70.2568,2021,11,29,19
2021-11-29 20:00:00,0.0,0.0,0.0,0.0,-1.0,53,18.0,331,1006.9,0,0,0,0,0.0,0.0,43.6591,-70.2568,2021,11,29,20
2021-11-29 21:00:00,0.0,0.0,0.0,0.0,-2.1,58,15.9,335,1007.5,0,0,0,0,0.0,0.0,43.6591,-70.2568,2021,11,29,21
2021-11-29 22:00:00,0.0,0.0,0.0,0.0,-3.1,62,15.3,333,1008.0,0,0,0,0,0.0,0.0,43.6591,-70.2568,2021,11,29,22
2021-11-29 23:00:00,0.0,0.0,0.0,0.0,-3.8,63,14.8,331,1008.2,1,1,0,0,0.0,0.0,43.6591,-70.2568,2021,11,29,23
2021-11-30 00:00:00,0.0,0.0,0.0,0.0,-4.3,64,14.6,327,1008.2,0,0,0,0,0.0,0.0,43.6591,-70.2568,2021,11,30,0
2021-11-30 01:00:00,0.0,0.0,0.0,0.0,-4.5,64,13.6,328,1008.1,0,0,0,0,0.0,0.0,43.6591,-70.2568,2021,11,30,1
2021-11-30 02:00:00,0.0,0.0,0.0,0.0,-4.6,63,13.0,326,1008.2,0,0,0,0,0.0,0.0,43.6591,-70.2568,2021,11,30,2
2021-11-30 03:00:00,0.0,0.0,0.0,0.0,-4.7,63,11.9,325,1008.4,0,0,0,0,0.0,0.0,43.6591,-70.2568,2021,11,30,3
2021-11-30 04:00:00,0.0,0.0,0.0,0.0,-4.8,65,9.4,317,1008.5,0,0,0,0,0.0,0.0,43.6591,-70.2568,2021,11,30,4
2021-11-30 05:00:00,0.0,0.0,0.0,0.0,-5.0,69,8.1,283,1008.6,6,0,6,0,0.0,0.0,43.6591,-70.2568,2021,11,30,5
2021-11-30 06:00:00,0.0,0.0,0.0,0.0,-5.3,69,8.8,258,1008.9,28,0,28,0,0.0,0.0,43.6591,-70.2568,2021,11,30,6
2021-11-30 07:00:00,0.0,0.0,0.0,0.0,-5.3,65,9.4,247,1009.1,21,0,21,0,0.0,0.0,43.6591,-70.2568,2021,11,30,7
2021-11-30 08:00:00,0.0,0.0,0.0,0.0,-3.2,62,6.9,261,1008.9,0,0,11,0,0.0,0.0,43.6591,-70.2568,2021,11,30,8
2021-11-30 09:00:00,55.0,33.0,22.0,350.6,-3.0,61,8.2,255,1009.3,0,0,0,0,0.0,3600.0,43.6591,-70.2568,2021,11,30,9
2021-11-30 10:00:00,192.0,143.0,49.0,655.9,-1.4,55,8.3,265,1009.4,11,0,0,11,0.0,3600.0,43.6591,-70.2568,2021,11,30,10
2021-11-30 11:00:00,314.0,253.0,61.0,780.0,0.3,49,8.6,268,1009.2,0,0,0,0,0.0,3600.0,43.6591,-70.2568,2021,11,30,11
2021-11-30 12:00:00,395.0,328.0,67.0,838.5,1.7,45,10.5,266,1008.6,0,0,0,0,0.0,3600.0,43.6591,-70.2568,2021,11,30,12
2021-11-30 13:00:00,421.0,353.0,68.0,852.8,2.6,42,12.0,261,1008.1,48,0,0,48,0.0,3600.0,43.6591,-70.2568,2021,11,30,13
2021-11-30 14:00:00,388.0,317.0,71.0,810.6,3.0,43,19.4,270,1007.8,45,45,0,1,0.0,3600.0,43.6591,-70.2568,2021,11,30,14
2021-11-30 15:00:00,254.0,152.0,102.0,468.9,2.8,45,19.8,269,1007.8,55,49,7,11,0.0,3600.0,43.6591,-70.2568,2021,11,30,15
2021-11-30 16:00:00,144.0,65.0,79.0,298.5,2.5,48,14.0,269,1007.8,100,100,48,94,0.0,3600.0,43.6591,-70.2568,2021,11,30,16
2021-11-30 17:00:00,28.0,0.0,28.0,0.0,1.6,54,8.3,268,1007.8,100,74,78,99,0.0,0.0,43.6591,-70.2568,2021,11,30,17
2021-11-30 18:00:00,0.0,0.0,0.0,0.0,0.6,58,8.2,241,1007.8,100,39,99,100,0.0,0.0,43.6591,-70.2568,2021,11,30,18
2021-11-30 19:00:00,0.0,0.0,0.0,0.0,0.5,61,10.1,235,1008.2,100,56,99,100,0.0,0.0,43.6591,-70.2568,2021,11,30,19
2021-11-30 20:00:00,0.0,0.0,0.0,0.0,0.2,65,13.2,244,1008.4,100,0,100,100,0.0,0.0,43.6591,-70.2568,2021,11,30,20
2021-11-30 21:00:00,0.0,0.0,0.0,0.0,-0.0,70,11.4,246,1009.0,100,1,100,100,0.0,0.0,43.6591,-70.2568,2021,11,30,21
2021-11-30 22:00:00,0.0,0.0,0.0,0.0,-0.2,74,9.2,239,1009.2,100,8,100,99,0.0,0.0,43.6591,-70.2568,2021,11,30,22
2021-11-30 23:00:00,0.0,0.0,0.0,0.0,-0.6,80,8.2,232,1008.8,100,0,100,97,0.1,0.0,43.6591,-70.2568,2021,11,30,23
2021-12-01 00:00:00,0.0,0.0,0.0,0.0,-1.0,82,8.5,234,1008.6,99,0,99,0,0.1,0.0,43.6591,-70.2568,2021,12,1,0
2021-12-01 01:00:00,0.0,0.0,0.0,0.0,-1.7,84,10.1,243,1008.5,100,0,100,0,0.0,0.0,43.6591,-70.2568,2021,12,1,1
2021-12-01 02:00:00,0.0,0.0,0.0,0.0,-1.8,83,10.0,249,1008.6,61,0,61,0,0.0,0.0,43.6591,-70.2568,2021,12,1,2
2021-12-01 03:00:00,0.0,0.0,0.0,0.0,-2.1,83,9.7,255,1009.1,20,0,20,0,0.0,0.0,43.6591,-70.2568,2021,12,1,3
2021-12-01 04:00:00,0.0,0.0,0.0,0.0,-2.4,85,10.0,249,1009.3,20,0,20,0,0.0,0.0,43.6591,-70.2568,2021,12,1,4
2021-12-01 05:00:00,0.0,0.0,0.0,0.0,-2.7,86,10.1,243,1009.8,24,10,24,0,0.0,0.0,43.6591,-70.2568,2021,12,1,5
2021-12-01 06:00:00,0.0,0.0,0.0,0.0,-2.6,87,9.6,236,1010.3,19,19,0,0,0.0,0.0,43.6591,-70.2568,2021,12,1,6
2021-12-01 07:00:00,0.0,0.0,0.0,0.0,-2.4,87,9.9,237,1010.7,14,4,12,0,0.0,0.0,43.6591,-70.2568,2021,12,1,7
2021-12-01 08:00:00,0.0,0.0,0.0,0.0,-0.9,83,11.5,226,1011.2,10,0,60,1,0.0,0.0,43.6591,-70.2568,2021,12,1,8
2021-12-01 09:00:00,45.0,19.0,26.0,205.5,-0.7,83,10.8,233,1011.9,31,0,0,31,0.0,3566.63,43.6591,-70.2568,2021,12,1,9
2021-12-01 10:00:00,181.0,130.0,51.0,604.7,1.3,77,10.6,235,1012.2,98,0,0,98,0.0,3600.0,43.6591,-70.2568,2021,12,1,10
2021-12-01 11:00:00,269.0,161.0,108.0,500.9,3.4,71,9.6,236,1012.7,74,0,0,74,0.0,3600.0,43.6591,-70.2568,2021,12,1,11
2021-12-01 12:00:00,378.0,305.0,73.0,785.2,5.8,65,12.0,249,1012.3,100,3,0,100,0.0,3600.0,43.6591,-70.2568,2021,12,1,12
2021-12-01 13:00:00,376.0,254.0,122.0,617.3,6.7,55,21.2,269,1012.2,100,32,0,100,0.0,3600.0,43.6591,-70.2568,2021,12,1,13
2021-12-01 14:00:00,339.0,214.0,125.0,550.2,6.7,52,21.3,274,1012.3,100,86,0,100,0.0,3600.0,43.6591,-70.2568,2021,12,1,14
2021-12-01 15:00:00,189.0,42.0,147.0,130.3,6.1,53,16.2,270,1013.0,100,26,0,99,0.0,2108.63,43.6591,-70.2568,2021,12,1,15
2021-12-01 16:00:00,149.0,57.0,92.0,263.5,5.5,53,12.8,259,1013.6,78,3,0,78,0.0,3600.0,43.6591,-70.2568,2021,12,1,16
2021-12-01 17:00:00,53.0,32.0,21.0,343.4,3.3,59,12.0,237,1014.4,84,0,0,84,0.0,3600.0,43.6591,-70.2568,2021,12,1,17
2021-12-01 18:00:00,0.0,0.0,0.0,0.0,2.0,60,14.8,244,1015.7,100,0,0,100,0.0,0.0,43.6591,-70.2568,2021,12,1,18
2021-12-01 19:00:00,0.0,0.0,0.0,0.0,1.0,62,11.0,251,1016.3,97,0,0,97,0.0,0.0,43.6591,-70.2568,2021,12,1,19
2021-12-01 20:00:00,0.0,0.0,0.0,0.0,1.0,62,13.8,261,1016.6,100,0,9,100,0.0,0.0,43.6591,-70.2568,2021,12,1,20
2021-12-01 21:00:00,0.0,0.0,0.0,0.0,0.7,63,8.9,291,1016.9,100,0,100,100,0.0,0.0,43.6591,-70.2568,2021,12,1,21
2021-12-01 22:00:00,0.0,0.0,0.0,0.0,0.7,67,6.6,283,1017.6,100,0,100,100,0.0,0.0,43.6591,-70.2568,2021,12,1,22
2021-12-01 23:00:00,0.0,0.0,0.0,0.0,0.4,78,4.0,265,1016.9,100,0,100,100,0.0,0.0,43.6591,-70.2568,2021,12,1,23
2021-12-02 00:00:00,0.0,0.0,0.0,0.0,0.2,76,3.6,186,1016.5,100,0,100,100,0.0,0.0,43.6591,-70.2568,2021,12,2,0
2021-12-02 01:00:00,0.0,0.0,0.0,0.0,0.5,70,3.7,169,1015.4,32,0,28,5,0.0,0.0,43.6591,-70.2568,2021,12,2,1
2021-12-02 02:00:00,0.0,0.0,0.0,0.0,-0.3,74,4.5,194,1014.6,49,0,20,36,0.0,0.0,43.6591,-70.2568,2021,12,2,2
2021-12-02 03:00:00,0.0,0.0,0.0,0.0,-0.8,73,3.9,236,1014.2,58,0,43,34,0.0,0.0,43.6591,-70.2568,2021,12,2,3
2021-12-02 04:00:00,0.0,0.0,0.0,0.0,-0.8,70,3.3,283,1013.8,100,0,91,100,0.0,0.0,43.6591,-70.2568,2021,12,2,4
2021-12-02 05:00:00,0.0,0.0,0.0,0.0,-0.3,71,0.8,333,1012.8,100,0,99,100,0.3,0.0,43.6591,-70.2568,2021,12,2,5
2021-12-02 06:00:00,0.0,0.0,0.0,0.0,0.2,72,0.8,333,1012.1,100,29,100,100,0.0,0.0,43.6591,-70.2568,2021,12,2,6
2021-12-02 07:00:00,0.0,0.0,0.0,0.0,1.3,75,1.8,323,1010.7,100,97,100,100,0.2,0.0,43.6591,-70.2568,2021,12,2,7
2021-12-02 08:00:00,0.0,0.0,0.0,0.0,0.2,100,1.5,346,1010.4,100,100,100,92,0.6,0.0,43.6591,-70.2568,2021,12,2,8
2021-12-02 09:00:00,5.0,0.0,5.0,0.0,2.5,86,5.1,39,1009.0,100,99,100,100,1.8,0.0,43.6591,-70.2568,2021,12,2,9
2021-12-02 10:00:00,22.0,0.0,22.0,0.0,3.4,99,12.3,177,1007.3,100,100,100,100,0.9,0.0,43.6591,-70.2568,2021,12,2,10
2021-12-02 11:00:00,33.0,0.0,33.0,0.0,5.9,99,20.9,178,1006.1,100,100,100,99,0.2,0.0,43.6591,-70.2568,2021,12,2,11
2021-12-02 12:00:00,33.0,0.0,33.0,0.0,7.5,93,22.7,176,1003.8,100,100,100,99,0.2,0.0,43.6591,-70.2568,2021,12,2,12
2021-12-02 13:00:00,32.0,0.0,32.0,0.0,8.1,94,22.1,186,1001.2,100,100,82,45,0.0,0.0,43.6591,-70.2568,2021,12,2,13
2021-12-02 14:00:00,84.0,0.0,84.0,0.0,8.8,94,21.9,203,999.6,27,7,12,11,0.0,0.0,43.6591,-70.2568,2021,12,2,14
2021-12-02 15:00:00,238.0,137.0,101.0,427.2,9.8,92,19.0,205,997.9,100,7,3,100,0.0,3600.0,43.6591,-70.2568,2021,12,2,15
2021-12-02 16:00:00,156.0,87.0,69.0,404.7,9.5,93,15.5,208,996.4,100,5,92,100,0.0,3600.0,43.6591,-70.2568,2021,12,2,16
2021-12-02 17:00:00,21.0,1.0,20.0,10.8,9.0,94,15.9,219,995.7,100,10,100,100,0.0,0.0,43.6591,-70.2568,2021,12,2,17
2021-12-02 18:00:00,0.0,0.0,0.0,0.0,8.5,95,14.2,216,994.9,100,13,100,100,0.3,0.0,43.6591,-70.2568,2021,12,2,18
2021-12-02 19:00:00,0.0,0.0,0.0,0.0,8.4,96,15.4,213,993.9,100,1,96,98,0.5,0.0,43.6591,-70.2568,2021,12,2,19
2021-12-02 20:00:00,0.0,0.0,0.0,0.0,8.3,93,18.1,215,993.7,100,99,100,47,0.0,0.0,43.6591,-70.2568,2021,12,2,20
2021-12-02 21:00:00,0.0,0.0,0.0,0.0,8.6,91,18.2,219,992.6,92,1,89,55,0.0,0.0,43.6591,-70.2568,2021,12,2,21
2021-12-02 22:00:00,0.0,0.0,0.0,0.0,8.2,90,17.3,225,992.0,46,3,45,0,0.0,0.0,43.6591,-70.2568,2021,12,2,22
2021-12-02 23:00:00,0.0,0.0,0.0,0.0,7.2,94,14.3,260,992.2,100,100,99,10,0.5,0.0,43.6591,-70.2568,2021,12,2,23
2021-12-03 00:00:00,0.0,0.0,0.0,0.0,7.1,94,13.5,245,991.7,100,0,100,99,0.0,0.0,43.6591,-70.2568,2021,12,3,0
2021-12-03 01:00:00,0.0,0.0,0.0,0.0,6.5,90,16.3,256,991.5,99,0,96,82,0.0,0.0,43.6591,-70.2568,2021,12,3,1
2021-12-03 02:00:00,0.0,0.0,0.0,0.0,5.7,86,19.8,271,992.0,19,2,18,4,0.0,0.0,43.6591,-70.2568,2021,12,3,2
2021-12-03 03:00:00,0.0,0.0,0.0,0.0,4.4,83,19.8,273,992.7,64,62,6,0,0.0,0.0,43.6591,-70.2568,2021,12,3,3
2021-12-03 04:00:00,0.0,0.0,0.0,0.0,4.1,80,19.1,267,993.3,43,40,34,0,0.0,0.0,43.6591,-70.2568,2021,12,3,4
2021-12-03 05:00:00,0.0,0.0,0.0,0.0,3.7,78,18.4,270,994.1,63,60,48,0,0.0,0.0,43.6591,-70.2568,2021,12,3,5
2021-12-03 06:00:00,0.0,0.0,0.0,0.0,3.5,73,18.8,273,995.1,67,64,52,0,0.0,0.0,43.6591,-70.2568,2021,12,3,6
2021-12-03 07:00:00,0.0,0.0,0.0,0.0,2.7,66,20.0,284,996.4,71,70,9,0,0.0,0.0,43.6591,-70.2568,2021,12,3,7
2021-12-03 08:00:00,0.0,0.0,0.0,0.0,2.7,60,21.4,287,998.1,29,38,5,0,0.0,0.0,43.6591,-70.2568,2021,12,3,8
2021-12-03 09:00:00,41.0,19.0,22.0,212.8,1.9,56,20.4,287,999.6,15,11,7,0,0.0,3433.77,43.6591,-70.2568,2021,12,3,9
2021-12-03 10:00:00,178.0,130.0,48.0,621.8,1.8,51,20.8,298,1000.8,36,36,0,0,0.0,3600.0,43.6591,-70.2568,2021,12,3,10
2021-12-03 11:00:00,292.0,220.0,72.0,696.6,1.8,49,23.5,297,1002.2,25,25,0,0,0.0,3600.0,43.6591,-70.2568,2021,12,3,11
2021-12-03 12:00:00,380.0,306.0,74.0,798.4,1.6,47,23.3,302,1002.1,24,24,0,0,0.0,3600.0,43.6591,-70.2568,2021,12,3,12
2021-12-03 13:00:00,412.0,339.0,73.0,833.2,1.7,44,21.3,304,1002.4,11,11,0,0,0.0,3600.0,43.6591,-70.2568,2021,12,3,13
2021-12-03 14:00:00,391.0,327.0,64.0,849.4,1.7,42,19.7,294,1003.2,16,16,0,0,0.0,3600.0,43.6591,-70.2568,2021,12,3,14
2021-12-03 15:00:00,309.0,247.0,62.0,774.0,1.4,41,19.7,291,1003.7,4,4,0,0,0.0,3600.0,43.6591,-70.2568,2021,12,3,15
2021-12-03 16:00:00,185.0,134.0,51.0,626.9,0.7,42,18.0,290,1004.5,2,2,0,0,0.0,3600.0,43.6591,-70.2568,2021,12,3,16
2021-12-03 17:00:00,54.0,35.0,19.0,380.4,-0.5,46,15.7,286,1005.6,0,0,0,0,0.0,3571.46,43.6591,-70.2568,2021,12,3,17
2021-12-03 18:00:00,0.0,0.0,0.0,0.0,-1.3,49,15.0,287,1006.8,0,0,0,0,0.0,0.0,43.6591,-70.2568,2021,12,3,18
2021-12-03 19:00:00,0.0,0.0,0.0,0.0,-1.8,48,16.4,289,1008.1,0,0,0,0,0.0,0.0,43.6591,-70.2568,2021,12,3,19
2021-12-03 20:00:00,0.0,0.0,0.0,0.0,-1.5,40,15.3,285,1009.0,0,0,0,0,0.0,0.0,43.6591,-70.2568,2021,12,3,20
2021-12-03 21:00:00,0.0,0.0,0.0,0.0,-2.5,46,10.5,278,1009.4,0,0,0,0,0.0,0.0,43.6591,-70.2568,2021,12,3,21
2021-12-03 22:00:00,0.0,0.0,0.0,0.0,-3.2,54,8.2,247,1009.5,1,0,1,0,0.0,0.0,43.6591,-70.2568,2021,12,3,22
2021-12-03 23:00:00,0.0,0.0,0.0,0.0,-3.6,55,9.3,242,1010.0,46,0,11,45,0.0,0.0,43.6591,-70.2568,2021,12,3,23
2021-12-04 00:00:00,0.0,0.0,0.0,0.0,-3.7,53,11.1,245,1010.9,100,0,93,100,0.0,0.0,43.6591,-70.2568,2021,12,4,0
2021-12-04 01:00:00,0.0,0.0,0.0,0.0,-3.5,48,11.2,255,1011.2,97,0,97,0,0.0,0.0,43.6591,-70.2568,2021,12,4,1
2021-12-04 02:00:00,0.0,0.0,0.0,0.0,-3.5,47,10.4,256,1011.6,38,0,38,2,0.0,0.0,43.6591,-70.2568,2021,12,4,2
2021-12-04 03:00:00,0.0,0.0,0.0,0.0,-4.0,49,9.3,257,1012.0,17,0,17,0,0.0,0.0,43.6591,-70.2568,2021,12,4,3
2021-12-04 04:00:00,0.0,0.0,0.0,0.0,-4.2,49,11.1,257,1012.8,0,0,0,0,0.0,0.0,43.6591,-70.2568,2021,12,4,4
2021-12-04 05:00:00,0.0,0.0,0.0,0.0,-4.4,50,10.5,264,1013.2,0,0,0,0,0.0,0.0,43.6591,-70.2568,2021,12,4,5
2021-12-04 06:00:00,0.0,0.0,0.0,0.0,-4.6,51,9.4,270,1013.6,0,0,0,0,0.0,0.0,43.6591,-70.2568,2021,12,4,6
2021-12-04 07:00:00,0.0,0.0,0.0,0.0,-4.6,54,7.2,297,1014.1,0,0,0,0,0.0,0.0,43.6591,-70.2568,2021,12,4,7
2021-12-04 08:00:00,0.0,0.0,0.0,0.0,-4.5,44,9.8,276,1014.8,0,0,0,0,0.0,0.0,43.6591,-70.2568,2021,12,4,8
2021-12-04 09:00:00,47.0,30.0,17.0,341.8,-4.1,45,5.5,328,1015.6,48,0,0,48,0.0,3369.24,43.6591,-70.2568,2021,12,4,9
2021-12-04 10:00:00,173.0,118.0,55.0,572.2,-3.0,38,5.0,21,1015.9,0,0,0,0,0.0,3600.0,43.6591,-70.2568,2021,12,4,10
2021-12-04 11:00:00,301.0,242.0,59.0,772.9,-2.0,35,1.5,45,1016.3,0,0,0,0,0.0,3600.0,43.6591,-70.2568,2021,12,4,11
2021-12-04 12:00:00,381.0,317.0,64.0,832.4,-1.1,33,1.8,127,1015.7,1,0,1,0,0.0,3600.0,43.6591,-70.2568,2021,12,4,12
2021-12-04 13:00:00,410.0,343.0,67.0,847.6,-0.2,30,3.0,166,1014.7,3,0,3,0,0.0,3600.0,43.6591,-70.2568,2021,12,4,13
2021-12-04 14:00:00,385.0,320.0,65.0,835.2,0.7,28,4.1,165,1013.9,61,0,14,55,0.0,3600.0,43.6591,-70.2568,2021,12,4,14
2021-12-04 15:00:00,307.0,247.0,60.0,777.6,1.1,28,4.6,162,1013.6,1,0,1,0,0.0,3600.0,43.6591,-70.2568,2021,12,4,15
2021-12-04 16:00:00,187.0,141.0,46.0,663.0,0.6,42,2.6,146,1013.2,39,0,0,39,0.0,3600.0,43.6591,-70.2568,2021,12,4,16
2021-12-04 17:00:00,52.0,33.0,19.0,360.7,-2.3,55,8.3,180,1013.5,59,0,8,55,0.0,3557.6,43.6591,-70.2568,2021,12,4,17
2021-12-04 18:00:00,0.0,0.0,0.0,0.0,-0.6,44,10.7,194,1013.3,73,0,72,3,0.0,0.0,43.6591,-70.2568,2021,12,4,18
2021-12-04 19:00:00,0.0,0.0,0.0,0.0,-0.6,58,6.8,205,1013.2,31,0,31,0,0.0,0.0,43.6591,-70.2568,2021,12,4,19
2021-12-04 20:00:00,0.0,0.0,0.0,0.0,0.7,61,8.4,211,1013.4,100,17,100,74,0.0,0.0,43.6591,-70.2568,2021,12,4,20
2021-12-04 21:00:00,0.0,0.0,0.0,0.0,0.5,72,6.6,257,1012.9,86,13,85,7,1.0,0.0,43.6591,-70.2568,2021,12,4,21
2021-12-04 22:00:00,0.0,0.0,0.0,0.0,-0.3,67,13.7,243,1013.3,45,0,30,21,0.0,0.0,43.6591,-70.2568,2021,12,4,22
2021-12-04 23:00:00,0.0,0.0,0.0,0.0,-0.8,72,15.1,245,1013.5,60,0,60,0,0.0,0.0,43.6591,-70.2568,2021,12,4,23
2021-12-05 00:00:00,0.0,0.0,0.0,0.0,-0.4,74,15.1,258,1014.3,60,0,60,0,0.0,0.0,43.6591,-70.2568,2021,12,5,0
2021-12-05 01:00:00,0.0,0.0,0.0,0.0,-0.6,77,13.0,265,1014.7,8,0,0,8,0.0,0.0,43.6591,-70.2568,2021,12,5,1
2021-12-05 02:00:00,0.0,0.0,0.0,0.0,-1.2,82,13.1,261,1016.0,0,0,0,0,0.0,0.0,43.6591,-70.2568,2021,12,5,2
2021-12-05 03:00:00,0.0,0.0,0.0,0.0,-1.7,86,11.9,273,1017.3,22,0,0,22,0.0,0.0,43.6591,-70.2568,2021,12,5,3
2021-12-05 04:00:00,0.0,0.0,0.0,0.0,-1.9,87,10.9,276,1017.8,50,0,0,50,0.0,0.0,43.6591,-70.2568,2021,12,5,4
2021-12-05 05:00:00,0.0,0.0,0.0,0.0,-2.2,87,12.2,268,1018.6,76,0,0,76,0.0,0.0,43.6591,-70.2568,2021,12,5,5
2021-12-05 06:00:00,0.0,0.0,0.0,0.0,-2.2,88,12.6,272,1019.5,93,0,0,93,0.0,0.0,43.6591,-70.2568,2021,12,5,6
2021-12-05 07:00:00,0.0,0.0,0.0,0.0,-2.1,86,10.9,276,1020.3,98,0,1,98,0.0,0.0,43.6591,-70.2568,2021,12,5,7
2021-12-05 08:00:00,0.0,0.0,0.0,0.0,-2.3,83,9.4,272,1021.5,98,16,1,56,0.0,0.0,43.6591,-70.2568,2021,12,5,8
2021-12-05 09:00:00,41.0,21.0,20.0,243.4,-1.5,80,10.1,264,1022.6,83,6,1,82,0.0,3306.18,43.6591,-70.2568,2021,12,5,9
2021-12-05 10:00:00,163.0,103.0,60.0,506.2,1.0,67,9.1,263,1023.5,100,0,3,100,0.0,3600.0,43.6591,-70.2568,2021,12,5,10
2021-12-05 11:00:00,245.0,125.0,120.0,402.5,3.0,55,10.4,270,1024.3,100,0,1,100,0.0,3600.0,43.6591,-70.2568,2021,12,5,11
2021-12-05 12:00:00,317.0,178.0,139.0,470.3,3.7,46,11.5,274,1024.3,100,0,26,100,0.0,3600.0,43.6591,-70.2568,2021,12,5,12
2021-12-05 13:00:00,315.0,139.0,176.0,345.2,4.3,40,15.1,271,1024.0,100,41,17,100,0.0,3600.0,43.6591,-70.2568,2021,12,5,13
2021-12-05 14:00:00,296.0,137.0,159.0,359.2,4.3,39,13.8,276,1024.2,92,26,0,89,0.0,3600.0,43.6591,-70.2568,2021,12,5,14
2021-12-05 15:00:00,270.0,181.0,89.0,572.2,4.1,39,13.0,276,1024.8,100,30,12,100,0.0,3600.0,43.6591,-70.2568,2021,12,5,15
2021-12-05 16:00:00,149.0,72.0,77.0,340.2,3.1,45,7.3,281,1025.3,100,14,2,100,0.0,3600.0,43.6591,-70.2568,2021,12,5,16
2021-12-05 17:00:00,39.0,9.0,30.0,98.9,0.3,61,5.9,313,1025.9,35,0,3,33,0.0,1735.72,43.6591,-70.2568,2021,12,5,17
2021-12-05 18:00:00,0.0,0.0,0.0,0.0,-0.8,65,5.2,348,1026.3,100,0,29,100,0.0,0.0,43.6591,-70.2568,2021,12,5,18
2021-12-05 19:00:00,0.0,0.0,0.0,0.0,0.0,66,5.4,20,1026.8,100,0,94,100,0.0,0.0,43.6591,-70.2568,2021,12,5,19
2021-12-05 20:00:00,0.0,0.0,0.0,0.0,-0.1,68,8.9,50,1026.9,99,0,25,100,0.0,0.0,43.6591,-70.2568,2021,12,5,20
2021-12-05 21:00:00,0.0,0.0,0.0,0.0,0.1,72,9.2,64,1027.0,100,0,0,100,0.0,0.0,43.6591,-70.2568,2021,12,5,21
2021-12-05 22:00:00,0.0,0.0,0.0,0.0,0.6,72,9.7,68,1026.9,100,0,4,100,0.0,0.0,43.6591,-70.2568,2021,12,5,22
2021-12-05 23:00:00,0.0,0.0,0.0,0.0,1.3,71,11.0,101,1026.1,100,5,39,100,0.0,0.0,43.6591,-70.2568,2021,12,5,23
2021-12-06 00:00:00,0.0,0.0,0.0,0.0,2.6,64,13.3,131,1025.2,100,29,100,100,0.0,0.0,43.6591,-70.2568,2021,12,6,0
2021-12-06 01:00:00,0.0,0.0,0.0,0.0,4.7,57,17.4,140,1023.6,100,51,100,100,0.0,0.0,43.6591,-70.2568,2021,12,6,1
2021-12-06 02:00:00,0.0,0.0,0.0,0.0,5.5,57,21.7,151,1022.5,100,72,100,100,0.0,0.0,43.6591,-70.2568,2021,12,6,2
2021-12-06 03:00:00,0.0,0.0,0.0,0.0,5.7,59,21.8,158,1021.6,100,93,100,100,0.0,0.0,43.6591,-70.2568,2021,12,6,3
2021-12-06 04:00:00,0.0,0.0,0.0,0.0,6.3,62,22.2,160,1021.1,100,100,100,100,0.0,0.0,43.6591,-70.2568,2021,12,6,4
2021-12-06 05:00:00,0.0,0.0,0.0,0.0,6.9,63,22.1,168,1020.0,100,100,100,82,0.0,0.0,43.6591,-70.2568,2021,12,6,5
2021-12-06 06:00:00,0.0,0.0,0.0,0.0,7.2,70,21.4,163,1018.4,100,100,100,85,0.0,0.0,43.6591,-70.2568,2021,12,6,6
2021-12-06 07:00:00,0.0,0.0,0.0,0.0,7.7,72,20.6,164,1016.9,100,100,100,19,0.0,0.0,43.6591,-70.2568,2021,12,6,7
2021-12-06 08:00:00,0.0,0.0,0.0,0.0,5.9,100,14.8,141,1015.6,100,100,100,54,0.2,0.0,43.6591,-70.2568,2021,12,6,8
2021-12-06 09:00:00,10.0,0.0,10.0,0.0,7.1,100,16.5,134,1013.4,100,100,100,2,0.6,0.0,43.6591,-70.2568,2021,12,6,9
2021-12-06 10:00:00,18.0,0.0,18.0,0.0,7.7,100,14.8,129,1011.7,100,100,100,31,1.7,0.0,43.6591,-70.2568,2021,12,6,10
2021-12-06 11:00:00,38.0,0.0,38.0,0.0,8.7,100,11.8,160,1009.5,100,100,83,44,0.4,0.0,43.6591,-70.2568,2021,12,6,11
2021-12-06 12:00:00,55.0,0.0,55.0,0.0,9.6,99,15.4,196,1006.9,100,100,12,22,0.4,0.0,43.6591,-70.2568,2021,12,6,12
2021-12-06 13:00:00,93.0,6.0,87.0,15.0,10.9,99,18.8,197,1004.3,100,100,1,0,0.0,0.0,43.6591,-70.2568,2021,12,6,13
2021-12-06 14:00:00,75.0,2.0,73.0,5.3,11.6,100,20.8,189,1002.1,100,100,0,56,0.2,0.0,43.6591,-70.2568,2021,12,6,14
2021-12-06 15:00:00,96.0,4.0,92.0,12.7,12.7,98,23.7,197,1001.0,100,100,0,44,0.0,0.0,43.6591,-70.2568,2021,12,6,15
2021-12-06 16:00:00,61.0,7.0,54.0,33.2,12.6,96,24.6,195,999.9,100,100,0,33,0.0,0.0,43.6591,-70.2568,2021,12,6,16
2021-12-06 17:00:00,21.0,2.0,19.0,22.1,12.3,94,29.1,195,998.8,100,100,79,75,0.0,0.0,43.6591,-70.2568,2021,12,6,17
2021-12-06 18:00:00,0.0,0.0,0.0,0.0,12.6,88,31.7,195,997.9,68,33,9,47,0.0,0.0,43.6591,-70.2568,2021,12,6,18
2021-12-06 19:00:00,0.0,0.0,0.0,0.0,12.5,83,31.0,195,996.5,100,7,79,100,0.0,0.0,43.6591,-70.2568,2021,12,6,19
2021-12-06 20:00:00,0.0,0.0,0.0,0.0,12.1,90,29.4,202,996.0,100,81,100,100,0.0,0.0,43.6591,-70.2568,2021,12,6,20
2021-12-06 21:00:00,0.0,0.0,0.0,0.0,12.7,89,27.4,203,994.5,100,100,98,85,0.1,0.0,43.6591,-70.2568,2021,12,6,21
2021-12-06 22:00:00,0.0,0.0,0.0,0.0,12.8,91,24.8,210,993.4,100,33,100,56,0.3,0.0,43.6591,-70.2568,2021,12,6,22
2021-12-06 23:00:00,0.0,0.0,0.0,0.0,12.0,100,26.7,235,993.2,100,100,100,65,2.7,0.0,43.6591,-70.2568,2021,12,6,23
2021-12-07 00:00:00,0.0,0.0,0.0,0.0,6.4,85,29.8,278,996.9,98,18,95,46,1.9,0.0,43.6591,-70.2568,2021,12,7,0
2021-12-07 01:00:00,0.0,0.0,0.0,0.0,5.6,76,25.2,269,998.3,100,1,100,0,0.2,0.0,43.6591,-70.2568,2021,12,7,1
2021-12-07 02:00:00,0.0,0.0,0.0,0.0,5.1,65,28.8,269,999.3,100,17,100,0,0.2,0.0,43.6591,-70.2568,2021,12,7,2
2021-12-07 03:00:00,0.0,0.0,0.0,0.0,4.5,53,25.2,272,1001.5,3,3,0,0,0.0,0.0,43.6591,-70.2568,2021,12,7,3
2021-12-07 04:00:00,0.0,0.0,0.0,0.0,3.1,55,25.7,275,1003.0,3,3,0,0,0.0,0.0,43.6591,-70.2568,2021,12,7,4
2021-12-07 05:00:00,0.0,0.0,0.0,0.0,2.7,57,20.9,267,1004.8,9,9,0,0,0.0,0.0,43.6591,-70.2568,2021,12,7,5
2021-12-07 06:00:00,0.0,0.0,0.0,0.0,2.3,58,19.8,269,1006.4,1,1,0,0,0.0,0.0,43.6591,-70.2568,2021,12,7,6
2021-12-07 07:00:00,0.0,0.0,0.0,0.0,1.8,56,18.7,270,1008.0,0,0,0,0,0.0,0.0,43.6591,-70.2568,2021,12,7,7
2021-12-07 08:00:00,0.0,0.0,0.0,0.0,2.9,48,17.3,271,1009.2,0,2,0,0,0.0,0.0,43.6591,-70.2568,2021,12,7,8
2021-12-07 09:00:00,41.0,26.0,15.0,311.6,2.5,46,16.8,280,1010.5,0,0,0,0,0.0,3185.01,43.6591,-70.2568,2021,12,7,9
2021-12-07 10:00:00,174.0,129.0,45.0,650.6,2.7,39,17.8,284,1011.9,0,0,0,0,0.0,3600.0,43.6591,-70.2568,2021,12,7,10
2021-12-07 11:00:00,297.0,241.0,56.0,788.5,3.0,36,16.3,284,1013.1,0,0,0,0,0.0,3600.0,43.6591,-70.2568,2021,12,7,11
2021-12-07 12:00:00,380.0,318.0,62.0,850.1,3.3,34,14.1,276,1013.6,88,0,0,88,0.0,3600.0,43.6591,-70.2568,2021,12,7,12
2021-12-07 13:00:00,407.0,340.0,67.0,852.4,3.4,34,13.3,273,1013.6,99,0,0,99,0.0,3600.0,43.6591,-70.2568,2021,12,7,13
2021-12-07 14:00:00,377.0,307.0,70.0,811.3,3.5,33,14.0,270,1014.5,100,0,0,100,0.0,3600.0,43.6591,-70.2568,2021,12,7,14
2021-12-07 15:00:00,258.0,141.0,117.0,449.1,3.0,34,14.8,271,1014.6,100,0,0,100,0.0,3600.0,43.6591,-70.2568,2021,12,7,15
2021-12-07 16:00:00,142.0,48.0,94.0,228.5,2.6,38,10.8,272,1015.2,100,0,66,100,0.0,3600.0,43.6591,-70.2568,2021,12,7,16
2021-12-07 17:00:00,34.0,2.0,32.0,22.1,1.5,45,7.9,294,1015.7,100,0,92,100,0.0,0.0,43.6591,-70.2568,2021,12,7,17
2021-12-07 18:00:00,0.0,0.0,0.0,0.0,1.4,47,7.9,300,1016.5,100,0,100,84,0.0,0.0,43.6591,-70.2568,2021,12,7,18
2021-12-07 19:00:00,0.0,0.0,0.0,0.0,1.2,50,7.1,294,1016.7,100,0,100,66,0.0,0.0,43.6591,-70.2568,2021,12,7,19
2021-12-07 20:00:00,0.0,0.0,0.0,0.0,1.1,61,4.7,266,1017.2,100,0,79,100,0.0,0.0,43.6591,-70.2568,2021,12,7,20
2021-12-07 21:00:00,0.0,0.0,0.0,0.0,0.4,62,5.6,255,1017.4,100,0,56,100,0.0,0.0,43.6591,-70.2568,2021,12,7,21
2021-12-07 22:00:00,0.0,0.0,0.0,0.0,-0.2,63,8.4,280,1017.8,100,0,99,97,0.0,0.0,43.6591,-70.2568,2021,12,7,22
2021-12-07 23:00:00,0.0,0.0,0.0,0.0,-1.0,71,9.2,339,1018.1,92,0,15,91,0.0,0.0,43.6591,-70.2568,2021,12,7,23
2021-12-08 00:00:00,0.0,0.0,0.0,0.0,-1.7,70,9.4,7,1018.5,96,0,0,96,0.0,0.0,43.6591,-70.2568,2021,12,8,0
2021-12-08 01:00:00,0.0,0.0,0.0,0.0,-2.3,67,9.0,360,1019.0,100,0,0,100,0.0,0.0,43.6591,-70.2568,2021,12,8,1
2021-12-08 02:00:00,0.0,0.0,0.0,0.0,-2.7,67,9.2,11,1018.9,100,0,0,100,0.0,0.0,43.6591,-70.2568,2021,12,8,2
2021-12-08 03:00:00,0.0,0.0,0.0,0.0,-3.1,65,10.7,20,1018.9,100,0,0,100,0.0,0.0,43.6591,-70.2568,2021,12,8,3
2021-12-08 04:00:00,0.0,0.0,0.0,0.0,-3.4,61,11.4,18,1019.1,100,0,5,100,0.0,0.0,43.6591,-70.2568,2021,12,8,4
2021-12-08 05:00:00,0.0,0.0,0.0,0.0,-3.8,61,12.1,17,1019.0,100,0,91,100,0.0,0.0,43.6591,-70.2568,2021,12,8,5
2021-12-08 06:00:00,0.0,0.0,0.0,0.0,-3.4,58,11.0,23,1018.7,100,0,100,100,0.0,0.0,43.6591,-70.2568,2021,12,8,6
2021-12-08 07:00:00,0.0,0.0,0.0,0.0,-3.4,58,9.9,19,1019.2,100,0,100,100,0.0,0.0,43.6591,-70.2568,2021,12,8,7
2021-12-08 08:00:00,0.0,0.0,0.0,0.0,-3.1,61,10.3,25,1019.1,100,17,100,100,0.0,0.0,43.6591,-70.2568,2021,12,8,8
2021-12-08 09:00:00,16.0,0.0,16.0,0.0,-2.9,56,10.0,15,1019.5,100,100,100,100,0.0,0.0,43.6591,-70.2568,2021,12,8,9
2021-12-08 10:00:00,41.0,0.0,41.0,0.0,-2.7,56,11.4,28,1019.1,100,46,100,100,0.1,0.0,43.6591,-70.2568,2021,12,8,10
2021-12-08 11:00:00,94.0,0.0,94.0,0.0,-2.4,61,10.7,45,1018.4,100,98,100,100,0.3,0.0,43.6591,-70.2568,2021,12,8,11
2021-12-08 12:00:00,84.0,0.0,84.0,0.0,-2.2,68,11.1,61,1017.5,100,100,100,100,0.3,0.0,43.6591,-70.2568,2021,12,8,12
2021-12-08 13:00:00,114.0,0.0,114.0,0.0,-2.1,70,12.2,47,1016.4,100,100,100,100,0.4,0.0,43.6591,-70.2568,2021,12,8,13
2021-12-08 14:00:00,104.0,0.0,104.0,0.0,-2.1,71,14.5,48,1015.7,100,100,100,100,0.5,0.0,43.6591,-70.2568,2021,12,8,14
2021-12-08 15:00:00,74.0,0.0,74.0,0.0,-2.5,71,13.5,29,1015.1,100,100,100,99,0.5,0.0,43.6591,-70.2568,2021,12,8,15
2021-12-08 16:00:00,73.0,1.0,72.0,4.8,-2.7,68,15.0,30,1014.2,100,87,98,4,0.3,0.0,43.6591,-70.2568,2021,12,8,16
2021-12-08 17:00:00,35.0,7.0,28.0,77.7,-3.3,68,15.8,21,1013.1,100,15,0,100,0.0,982.49,43.6591,-70.2568,2021,12,8,17
2021-12-08 18:00:00,0.0,0.0,0.0,0.0,-3.9,69,17.3,21,1012.2,100,0,12,100,0.0,0.0,43.6591,-70.2568,2021,12,8,18
2021-12-08 19:00:00,0.0,0.0,0.0,0.0,-4.2,71,18.2,18,1011.8,100,17,96,100,0.0,0.0,43.6591,-70.2568,2021,12,8,19
2021-12-08 20:00:00,0.0,0.0,0.0,0.0,-4.8,75,14.9,15,1011.7,100,15,100,100,0.0,0.0,43.6591,-70.2568,2021,12,8,20
2021-12-08 21:00:00,0.0,0.0,0.0,0.0,-5.0,73,15.9,6,1011.0,100,17,97,100,0.0,0.0,43.6591,-70.2568,2021,12,8,21
2021-12-08 22:00:00,0.0,0.0,0.0,0.0,-5.3,73,16.6,358,1010.2,100,22,100,100,0.0,0.0,43.6591,-70.2568,2021,12,8,22
2021-12-08 23:00:00,0.0,0.0,0.0,0.0,-5.5,71,15.1,357,1009.8,100,18,100,100,0.0,0.0,43.6591,-70.2568,2021,12,8,23
2021-12-09 00:00:00,0.0,0.0,0.0,0.0,-5.4,69,14.7,349,1009.6,100,37,100,100,0.0,0.0,43.6591,-70.2568,2021,12,9,0
2021-12-09 01:00:00,0.0,0.0,0.0,0.0,-5.4,69,14.8,342,1009.0,100,22,99,100,0.0,0.0,43.6591,-70.2568,2021,12,9,1
2021-12-09 02:00:00,0.0,0.0,0.0,0.0,-5.4,68,14.2,339,1009.2,100,18,100,96,0.0,0.0,43.6591,-70.2568,2021,12,9,2
2021-12-09 03:00:00,0.0,0.0,0.0,0.0,-5.1,67,13.5,335,1009.8,100,100,78,0,0.0,0.0,43.6591,-70.2568,2021,12,9,3
2021-12-09 04:00:00,0.0,0.0,0.0,0.0,-4.7,66,11.6,334,1010.5,97,92,56,0,0.0,0.0,43.6591,-70.2568,2021,12,9,4
2021-12-09 05:00:00,0.0,0.0,0.0,0.0,-4.5,66,12.2,332,1010.9,86,86,0,0,0.0,0.0,43.6591,-70.2568,2021,12,9,5
2021-12-09 06:00:00,0.0,0.0,0.0,0.0,-4.7,67,10.4,326,1011.6,18,2,16,0,0.0,0.0,43.6591,-70.2568,2021,12,9,6
2021-12-09 07:00:00,0.0,0.0,0.0,0.0,-5.5,73,8.7,322,1012.3,10,1,9,0,0.0,0.0,43.6591,-70.2568,2021,12,9,7
2021-12-09 08:00:00,0.0,0.0,0.0,0.0,-6.5,80,6.0,343,1013.6,3,7,13,0,0.0,0.0,43.6591,-70.2568,2021,12,9,8
2021-12-09 09:00:00,36.0,20.0,16.0,247.4,-5.8,77,4.1,345,1014.0,20,2,18,0,0.0,3071.39,43.6591,-70.2568,2021,12,9,9
2021-12-09 10:00:00,161.0,112.0,49.0,579.0,-3.8,64,2.9,360,1014.8,1,0,1,0,0.0,3600.0,43.6591,-70.2568,2021,12,9,10
2021-12-09 11:00:00,284.0,223.0,61.0,740.4,-1.8,58,3.3,319,1015.4,0,0,0,0,0.0,3600.0,43.6591,-70.2568,2021,12,9,11
2021-12-09 12:00:00,369.0,304.0,65.0,821.3,0.1,52,8.1,302,1015.3,57,57,0,0,0.0,3600.0,43.6591,-70.2568,2021,12,9,12
2021-12-09 13:00:00,359.0,246.0,113.0,621.9,1.5,42,15.3,304,1015.0,76,75,14,0,0.0,3600.0,43.6591,-70.2568,2021,12,9,13
2021-12-09 14:00:00,221.0,91.0,130.0,242.2,1.3,38,17.0,306,1015.4,80,76,8,15,0.0,3600.0,43.6591,-70.2568,2021,12,9,14
2021-12-09 15:00:00,197.0,75.0,122.0,240.3,1.0,35,17.6,305,1016.4,77,56,0,49,0.0,3600.0,43.6591,-70.2568,2021,12,9,15
2021-12-09 16:00:00,161.0,86.0,75.0,411.7,-0.0,36,15.3,311,1017.4,100,8,0,100,0.0,3600.0,43.6591,-70.2568,2021,12,9,16
2021-12-09 17:00:00,43.0,14.0,29.0,155.8,-1.8,44,11.2,318,1018.4,100,0,100,100,0.0,3524.33,43.6591,-70.2568,2021,12,9,17
2021-12-09 18:00:00,0.0,0.0,0.0,0.0,-2.0,47,10.1,325,1019.6,100,0,100,100,0.0,0.0,43.6591,-70.2568,2021,12,9,18
2021-12-09 19:00:00,0.0,0.0,0.0,0.0,-2.3,50,9.1,342,1020.2,100,0,100,100,0.0,0.0,43.6591,-70.2568,2021,12,9,19
2021-12-09 20:00:00,0.0,0.0,0.0,0.0,-2.6,55,10.5,354,1020.7,100,0,100,100,0.0,0.0,43.6591,-70.2568,2021,12,9,20
2021-12-09 21:00:00,0.0,0.0,0.0,0.0,-3.2,55,11.1,13,1021.2,100,0,95,100,0.0,0.0,43.6591,-70.2568,2021,12,9,21
2021-12-09 22:00:00,0.0,0.0,0.0,0.0,-4.0,58,9.2,21,1022.1,100,0,99,100,0.0,0.0,43.6591,-70.2568,2021,12,9,22
2021-12-09 23:00:00,0.0,0.0,0.0,0.0,-4.1,59,9.4,23,1022.4,100,0,44,100,0.0,0.0,43.6591,-70.2568,2021,12,9,23
2021-12-10 00:00:00,0.0,0.0,0.0,0.0,-4.7,60,10.8,26,1022.3,69,0,26,60,0.0,0.0,43.6591,-70.2568,2021,12,10,0
2021-12-10 01:00:00,0.0,0.0,0.0,0.0,-5.3,66,10.1,27,1022.4,61,10,22,44,0.0,0.0,43.6591,-70.2568,2021,12,10,1
2021-12-10 02:00:00,0.0,0.0,0.0,0.0,-5.4,70,9.9,33,1022.5,88,82,0,33,0.0,0.0,43.6591,-70.2568,2021,12,10,2
2021-12-10 03:00:00,0.0,0.0,0.0,0.0,-5.1,71,10.0,41,1022.7,100,100,36,2,0.0,0.0,43.6591,-70.2568,2021,12,10,3
2021-12-10 04:00:00,0.0,0.0,0.0,0.0,-4.3,68,10.0,49,1022.4,100,100,100,100,0.0,0.0,43.6591,-70.2568,2021,12,10,4
2021-12-10 05:00:00,0.0,0.0,0.0,0.0,-3.8,68,10.7,50,1022.0,100,100,100,100,0.0,0.0,43.6591,-70.2568,2021,12,10,5
2021-12-10 06:00:00,0.0,0.0,0.0,0.0,-3.9,69,11.8,40,1021.7,100,93,100,50,0.0,0.0,43.6591,-70.2568,2021,12,10,6
2021-12-10 07:00:00,0.0,0.0,0.0,0.0,-4.3,68,13.0,24,1021.6,100,17,100,100,0.0,0.0,43.6591,-70.2568,2021,12,10,7
2021-12-10 08:00:00,0.0,0.0,0.0,0.0,-4.6,64,7.9,16,1022.1,100,24,100,90,0.0,0.0,43.6591,-70.2568,2021,12,10,8
2021-12-10 09:00:00,5.0,0.0,5.0,0.0,-4.5,64,8.4,10,1022.0,100,25,100,53,0.1,0.0,43.6591,-70.2568,2021,12,10,9
2021-12-10 10:00:00,34.0,1.0,33.0,5.2,-3.5,66,7.5,17,1021.9,100,78,100,95,0.1,0.0,43.6591,-70.2568,2021,12,10,10
2021-12-10 11:00:00,66.0,1.0,65.0,3.3,-2.6,66,6.8,3,1021.8,100,95,100,31,0.0,0.0,43.6591,-70.2568,2021,12,10,11
2021-12-10 12:00:00,75.0,0.0,75.0,0.0,-1.9,65,5.6,320,1020.8,100,100,100,68,0.0,0.0,43.6591,-70.2568,2021,12,10,12
2021-12-10 13:00:00,101.0,1.0,100.0,2.5,-0.6,64,5.4,290,1019.7,100,100,83,59,0.0,0.0,43.6591,-70.2568,2021,12,10,13
2021-12-10 14:00:00,113.0,2.0,111.0,5.3,0.4,63,4.0,275,1019.1,100,100,37,89,0.0,0.0,43.6591,-70.2568,2021,12,10,14
2021-12-10 15:00:00,143.0,17.0,126.0,54.6,1.6,61,1.5,225,1018.0,100,60,0,100,0.0,0.0,43.6591,-70.2568,2021,12,10,15
2021-12-10 16:00:00,133.0,52.0,81.0,249.4,1.3,64,2.8,220,1017.8,96,9,1,96,0.0,3600.0,43.6591,-70.2568,2021,12,10,16
2021-12-10 17:00:00,45.0,20.0,25.0,222.9,-1.5,76,7.0,282,1018.1,100,15,4,100,0.0,3524.92,43.6591,-70.2568,2021,12,10,17
2021-12-10 18:00:00,0.0,0.0,0.0,0.0,-0.4,74,4.9,306,1018.4,100,11,15,100,0.0,0.0,43.6591,-70.2568,2021,12,10,18
2021-12-10 19:00:00,0.0,0.0,0.0,0.0,-1.6,80,6.9,279,1017.9,100,0,0,100,0.0,0.0,43.6591,-70.2568,2021,12,10,19
2021-12-10 20:00:00,0.0,0.0,0.0,0.0,-1.9,86,3.3,354,1019.1,100,13,24,100,0.0,0.0,43.6591,-70.2568,2021,12,10,20
2021-12-10 21:00:00,0.0,0.0,0.0,0.0,-2.4,86,4.7,351,1019.2,99,5,15,99,0.0,0.0,43.6591,-70.2568,2021,12,10,21
2021-12-10 22:00:00,0.0,0.0,0.0,0.0,-2.4,85,5.1,356,1019.1,100,9,2,100,0.0,0.0,43.6591,-70.2568,2021,12,10,22
2021-12-10 23:00:00,0.0,0.0,0.0,0.0,-2.7,85,3.7,349,1019.1,62,0,0,62,0.0,0.0,43.6591,-70.2568,2021,12,10,23
2021-12-11 00:00:00,0.0,0.0,0.0,0.0,-3.1,86,3.4,342,1018.8,97,15,0,97,0.0,0.0,43.6591,-70.2568,2021,12,11,0
2021-12-11 01:00:00,0.0,0.0,0.0,0.0,-2.9,86,6.8,357,1018.5,82,37,1,72,0.0,0.0,43.6591,-70.2568,2021,12,11,1
2021-12-11 02:00:00,0.0,0.0,0.0,0.0,-2.9,89,8.6,15,1017.5,82,41,1,69,0.0,0.0,43.6591,-70.2568,2021,12,11,2
2021-12-11 03:00:00,0.0,0.0,0.0,0.0,-3.0,90,8.9,14,1017.6,93,57,1,84,0.0,0.0,43.6591,-70.2568,2021,12,11,3
2021-12-11 04:00:00,0.0,0.0,0.0,0.0,-3.1,90,8.6,2,1017.2,100,65,11,100,0.0,0.0,43.6591,-70.2568,2021,12,11,4
2021-12-11 05:00:00,0.0,0.0,0.0,0.0,-2.5,89,8.7,17,1015.9,100,85,27,100,0.0,0.0,43.6591,-70.2568,2021,12,11,5
2021-12-11 06:00:00,0.0,0.0,0.0,0.0,-1.7,90,8.4,7,1015.2,100,100,20,100,0.0,0.0,43.6591,-70.2568,2021,12,11,6
2021-12-11 07:00:00,0.0,0.0,0.0,0.0,-0.3,87,8.8,19,1014.2,100,100,100,100,0.0,0.0,43.6591,-70.2568,2021,12,11,7
2021-12-11 08:00:00,0.0,0.0,0.0,0.0,-0.3,86,9.8,24,1013.9,100,100,100,100,0.0,0.0,43.6591,-70.2568,2021,12,11,8
2021-12-11 09:00:00,6.0,0.0,6.0,0.0,0.6,89,11.8,20,1012.3,100,100,100,100,0.1,0.0,43.6591,-70.2568,2021,12,11,9
2021-12-11 10:00:00,19.0,0.0,19.0,0.0,3.8,92,11.3,63,1009.8,100,100,100,100,0.6,0.0,43.6591,-70.2568,2021,12,11,10
2021-12-11 11:00:00,23.0,0.0,23.0,0.0,6.2,100,12.5,139,1008.3,100,100,100,100,2.4,0.0,43.6591,-70.2568,2021,12,11,11
2021-12-11 12:00:00,29.0,0.0,29.0,0.0,7.0,100,13.5,151,1005.1,100,100,100,100,1.5,0.0,43.6591,-70.2568,2021,12,11,12
2021-12-11 13:00:00,45.0,0.0,45.0,0.0,7.0,100,10.1,186,1002.3,100,100,100,100,3.5,0.0,43.6591,-70.2568,2021,12,11,13
2021-12-11 14:00:00,55.0,0.0,55.0,0.0,6.4,100,10.8,233,1000.3,100,100,92,100,2.0,0.0,43.6591,-70.2568,2021,12,11,14
2021-12-11 15:00:00,39.0,0.0,39.0,0.0,5.7,100,11.8,247,999.1,100,100,71,100,0.1,0.0,43.6591,-70.2568,2021,12,11,15
2021-12-11 16:00:00,37.0,0.0,37.0,0.0,4.2,100,7.1,255,998.5,100,100,39,100,0.0,0.0,43.6591,-70.2568,2021,12,11,16
2021-12-11 17:00:00,8.0,0.0,8.0,0.0,4.0,100,11.2,213,997.1,100,100,82,100,0.0,0.0,43.6591,-70.2568,2021,12,11,17
2021-12-11 18:00:00,0.0,0.0,0.0,0.0,11.1,100,24.6,207,995.7,100,100,99,100,0.0,0.0,43.6591,-70.2568,2021,12,11,18
2021-12-11 19:00:00,0.0,0.0,0.0,0.0,11.5,100,25.6,208,995.0,100,100,51,100,0.0,0.0,43.6591,-70.2568,2021,12,11,19
2021-12-11 20:00:00,0.0,0.0,0.0,0.0,8.9,100,23.0,207,994.1,100,100,80,100,0.5,0.0,43.6591,-70.2568,2021,12,11,20
2021-12-11 21:00:00,0.0,0.0,0.0,0.0,11.0,100,25.4,207,993.3,100,100,100,100,0.0,0.0,43.6591,-70.2568,2021,12,11,21
2021-12-11 22:00:00,0.0,0.0,0.0,0.0,11.2,100,25.0,207,992.5,100,100,86,100,0.0,0.0,43.6591,-70.2568,2021,12,11,22
2021-12-11 23:00:00,0.0,0.0,0.0,0.0,11.8,100,26.7,206,991.3,100,100,100,100,0.0,0.0,43.6591,-70.2568,2021,12,11,23
2021-12-12 00:00:00,0.0,0.0,0.0,0.0,12.7,100,26.9,206,990.0,100,68,100,100,0.3,0.0,43.6591,-70.2568,2021,12,12,0
2021-12-12 01:00:00,0.0,0.0,0.0,0.0,13.0,100,23.2,242,990.3,100,100,100,100,7.5,0.0,43.6591,-70.2568,2021,12,12,1
2021-12-12 02:00:00,0.0,0.0,0.0,0.0,8.5,86,31.3,269,993.1,100,0,100,100,2.2,0.0,43.6591,-70.2568,2021,12,12,2
2021-12-12 03:00:00,0.0,0.0,0.0,0.0,7.2,69,27.7,268,995.6,100,11,27,100,0.1,0.0,43.6591,-70.2568,2021,12,12,3
2021-12-12 04:00:00,0.0,0.0,0.0,0.0,6.7,56,23.8,267,997.1,100,6,0,100,0.0,0.0,43.6591,-70.2568,2021,12,12,4
2021-12-12 05:00:00,0.0,0.0,0.0,0.0,5.9,53,23.1,274,997.9,100,2,0,100,0.0,0.0,43.6591,-70.2568,2021,12,12,5
2021-12-12 06:00:00,0.0,0.0,0.0,0.0,4.7,53,22.5,282,1000.1,100,18,0,100,0.0,0.0,43.6591,-70.2568,2021,12,12,6
2021-12-12 07:00:00,0.0,0.0,0.0,0.0,3.2,52,23.9,282,1002.5,100,40,0,100,0.0,0.0,43.6591,-70.2568,2021,12,12,7
2021-12-12 08:00:00,0.0,0.0,0.0,0.0,4.6,48,24.0,283,1004.3,95,34,0,100,0.0,0.0,43.6591,-70.2568,2021,12,12,8
2021-12-12 09:00:00,23.0,2.0,21.0,25.9,3.4,50,22.0,288,1005.6,19,0,0,18,0.0,0.0,43.6591,-70.2568,2021,12,12,9
2021-12-12 10:00:00,154.0,105.0,49.0,561.3,3.5,48,20.7,290,1007.0,2,2,0,0,0.0,3600.0,43.6591,-70.2568,2021,12,12,10
2021-12-12 11:00:00,284.0,229.0,55.0,775.2,4.1,43,17.8,288,1008.4,0,0,0,0,0.0,3600.0,43.6591,-70.2568,2021,12,12,11
2021-12-12 12:00:00,368.0,307.0,61.0,840.7,4.8,40,15.0,260,1008.8,0,0,0,0,0.0,3600.0,43.6591,-70.2568,2021,12,12,12
2021-12-12 13:00:00,399.0,337.0,62.0,860.6,5.3,39,19.7,252,1008.7,0,0,0,0,0.0,3600.0,43.6591,-70.2568,2021,12,12,13
2021-12-12 14:00:00,375.0,314.0,61.0,842.1,5.7,37,22.3,260,1009.1,0,0,0,0,0.0,3600.0,43.6591,-70.2568,2021,12,12,14
2021-12-12 15:00:00,299.0,243.0,56.0,783.2,5.8,39,20.4,261,1009.8,0,0,0,0,0.0,3600.0,43.6591,-70.2568,2021,12,12,15
2021-12-12 16:00:00,183.0,138.0,45.0,663.3,5.2,41,17.4,257,1010.6,0,0,0,0,0.0,3600.0,43.6591,-70.2568,2021,12,12,16
2021-12-12 17:00:00,51.0,33.0,18.0,368.2,3.9,44,17.1,242,1011.4,0,0,0,0,0.0,3533.35,43.6591,-70.2568,2021,12,12,17
2021-12-12 18:00:00,0.0,0.0,0.0,0.0,2.6,49,15.1,230,1012.3,0,0,0,0,0.0,0.0,43.6591,-70.2568,2021,12,12,18
2021-12-12 19:00:00,0.0,0.0,0.0,0.0,1.7,52,16.8,227,1013.0,0,0,0,0,0.0,0.0,43.6591,-70.2568,2021,12,12,19
2021-12-12 20:00:00,0.0,0.0,0.0,0.0,2.7,49,19.2,230,1013.3,0,0,0,0,0.0,0.0,43.6591,-70.2568,2021,12,12,20
2021-12-12 21:00:00,0.0,0.0,0.0,0.0,2.3,51,18.9,228,1013.4,0,0,0,0,0.0,0.0,43.6591,-70.2568,2021,12,12,21
2021-12-12 22:00:00,0.0,0.0,0.0,0.0,1.7,52,17.8,225,1013.1,0,0,0,0,0.0,0.0,43.6591,-70.2568,2021,12,12,22
2021-12-12 23:00:00,0.0,0.0,0.0,0.0,1.4,49,18.1,229,1013.0,2,0,2,0,0.0,0.0,43.6591,-70.2568,2021,12,12,23
2021-12-13 00:00:00,0.0,0.0,0.0,0.0,1.0,47,17.6,227,1012.9,1,0,1,0,0.0,0.0,43.6591,-70.2568,2021,12,13,0
2021-12-13 01:00:00,0.0,0.0,0.0,0.0,0.8,45,17.3,228,1012.3,0,0,0,0,0.0,0.0,43.6591,-70.2568,2021,12,13,1
2021-12-13 02:00:00,0.0,0.0,0.0,0.0,1.0,45,17.8,234,1012.2,0,0,0,0,0.0,0.0,43.6591,-70.2568,2021,12,13,2
2021-12-13 03:00:00,0.0,0.0,0.0,0.0,1.3,45,17.5,238,1012.5,0,0,0,0,0.0,0.0,43.6591,-70.2568,2021,12,13,3
2021-12-13 04:00:00,0.0,0.0,0.0,0.0,1.6,46,17.9,242,1012.7,23,0,6,21,0.0,0.0,43.6591,-70.2568,2021,12,13,4
2021-12-13 05:00:00,0.0,0.0,0.0,0.0,1.3,48,17.3,239,1012.8,78,0,0,78,0.0,0.0,43.6591,-70.2568,2021,12,13,5
2021-12-13 06:00:00,0.0,0.0,0.0,0.0,1.3,50,17.2,237,1013.6,100,0,45,100,0.0,0.0,43.6591,-70.2568,2021,12,13,6
2021-12-13 07:00:00,0.0,0.0,0.0,0.0,1.6,51,15.7,238,1013.9,93,0,17,93,0.0,0.0,43.6591,-70.2568,2021,12,13,7
2021-12-13 08:00:00,0.0,0.0,0.0,0.0,2.7,52,15.0,246,1013.6,97,0,83,100,0.0,0.0,43.6591,-70.2568,2021,12,13,8
2021-12-13 09:00:00,15.0,0.0,15.0,0.0,3.5,52,15.3,251,1014.0,100,0,97,100,0.0,0.0,43.6591,-70.2568,2021,12,13,9
2021-12-13 10:00:00,50.0,0.0,50.0,0.0,4.3,52,15.7,250,1014.2,99,0,87,99,0.0,0.0,43.6591,-70.2568,2021,12,13,10
2021-12-13 11:00:00,80.0,6.0,74.0,20.4,5.3,51,15.7,250,1014.4,100,0,100,100,0.0,0.0,43.6591,-70.2568,2021,12,13,11
2021-12-13 12:00:00,74.0,0.0,74.0,0.0,5.7,51,14.6,250,1013.6,100,0,100,100,0.0,0.0,43.6591,-70.2568,2021,12,13,12
2021-12-13 13:00:00,91.0,6.0,85.0,15.4,6.6,50,14.7,239,1012.9,100,0,100,86,0.0,0.0,43.6591,-70.2568,2021,12,13,13
2021-12-13 14:00:00,71.0,1.0,70.0,2.7,6.9,51,13.3,229,1012.0,86,0,86,0,0.0,0.0,43.6591,-70.2568,2021,12,13,14
2021-12-13 15:00:00,113.0,24.0,89.0,77.4,7.6,51,12.8,232,1011.8,48,0,48,0,0.0,523.44,43.6591,-70.2568,2021,12,13,15
2021-12-13 16:00:00,152.0,85.0,67.0,408.7,7.8,52,12.7,241,1011.7,28,0,28,0,0.0,3600.0,43.6591,-70.2568,2021,12,13,16
2021-12-13 17:00:00,44.0,25.0,19.0,278.8,6.4,54,13.7,240,1011.9,0,0,0,0,0.0,3541.22,43.6591,-70.2568,2021,12,13,17
2021-12-13 18:00:00,0.0,0.0,0.0,0.0,4.7,60,13.6,238,1012.4,0,0,0,0,0.0,0.0,43.6591,-70.2568,2021,12,13,18
2021-12-13 19:00:00,0.0,0.0,0.0,0.0,3.7,62,14.3,236,1012.3,0,0,0,0,0.0,0.0,43.6591,-70.2568,2021,12,13,19
2021-12-13 20:00:00,0.0,0.0,0.0,0.0,5.0,53,17.4,240,1012.2,0,0,0,0,0.0,0.0,43.6591,-70.2568,2021,12,13,20
2021-12-13 21:00:00,0.0,0.0,0.0,0.0,4.5,52,16.4,241,1012.3,0,0,0,0,0.0,0.0,43.6591,-70.2568,2021,12,13,21
2021-12-13 22:00:00,0.0,0.0,0.0,0.0,4.2,52,15.6,241,1012.1,0,0,0,0,0.0,0.0,43.6591,-70.2568,2021,12,13,22
2021-12-13 23:00:00,0.0,0.0,0.0,0.0,4.5,51,16.6,248,1012.1,0,0,0,0,0.0,0.0,43.6591,-70.2568,2021,12,13,23
2021-12-14 00:00:00,0.0,0.0,0.0,0.0,5.3,49,17.5,256,1012.4,0,0,0,0,0.0,0.0,43.6591,-70.2568,2021,12,14,0
2021-12-14 01:00:00,0.0,0.0,0.0,0.0,5.3,51,17.2,254,1013.0,4,0,0,4,0.0,0.0,43.6591,-70.2568,2021,12,14,1
2021-12-14 02:00:00,0.0,0.0,0.0,0.0,4.7,55,15.5,257,1013.6,3,1,0,3,0.0,0.0,43.6591,-70.2568,2021,12,14,2
2021-12-14 03:00:00,0.0,0.0,0.0,0.0,3.9,60,13.8,264,1014.9,90,90,0,0,0.0,0.0,43.6591,-70.2568,2021,12,14,3
2021-12-14 04:00:00,0.0,0.0,0.0,0.0,4.7,61,12.3,267,1016.0,47,47,0,0,0.0,0.0,43.6591,-70.2568,2021,12,14,4
2021-12-14 05:00:00,0.0,0.0,0.0,0.0,4.0,66,11.2,264,1016.8,8,8,0,0,0.0,0.0,43.6591,-70.2568,2021,12,14,5
2021-12-14 06:00:00,0.0,0.0,0.0,0.0,3.3,69,9.8,278,1018.1,7,5,0,3,0.0,0.0,43.6591,-70.2568,2021,12,14,6
2021-12-14 07:00:00,0.0,0.0,0.0,0.0,2.7,71,10.1,274,1019.6,8,8,0,0,0.0,0.0,43.6591,-70.2568,2021,12,14,7
2021-12-14 08:00:00,0.0,0.0,0.0,0.0,3.0,68,10.8,285,1020.9,1,6,0,0,0.0,0.0,43.6591,-70.2568,2021,12,14,8
2021-12-14 09:00:00,30.0,17.0,13.0,225.6,2.7,71,10.4,270,1022.3,4,3,1,0,0.0,2827.72,43.6591,-70.2568,2021,12,14,9
2021-12-14 10:00:00,151.0,108.0,43.0,588.8,4.6,69,10.1,266,1023.3,0,0,0,0,0.0,3600.0,43.6591,-70.2568,2021,12,14,10
2021-12-14 11:00:00,272.0,215.0,57.0,735.7,6.5,58,11.0,293,1024.4,21,2,19,0,0.0,3600.0,43.6591,-70.2568,2021,12,14,11
2021-12-14 12:00:00,350.0,282.0,68.0,777.8,6.1,50,16.8,329,1025.3,6,6,0,0,0.0,3600.0,43.6591,-70.2568,2021,12,14,12
2021-12-14 13:00:00,381.0,310.0,71.0,795.7,5.6,46,16.6,330,1026.0,0,0,0,0,0.0,3600.0,43.6591,-70.2568,2021,12,14,13
2021-12-14 14:00:00,370.0,307.0,63.0,826.2,5.2,42,16.3,332,1026.7,0,0,0,0,0.0,3600.0,43.6591,-70.2568,2021,12,14,14
2021-12-14 15:00:00,298.0,241.0,57.0,778.3,4.5,40,15.0,336,1027.6,0,0,0,0,0.0,3600.0,43.6591,-70.2568,2021,12,14,15
2021-12-14 16:00:00,183.0,138.0,45.0,663.2,3.7,42,11.3,338,1028.8,0,0,0,0,0.0,3600.0,43.6591,-70.2568,2021,12,14,16
2021-12-14 17:00:00,52.0,34.0,18.0,378.7,1.7,49,9.5,351,1030.0,0,0,0,0,0.0,3551.78,43.6591,-70.2568,2021,12,14,17
2021-12-14 18:00:00,0.0,0.0,0.0,0.0,0.7,49,12.2,358,1031.1,15,0,0,14,0.0,0.0,43.6591,-70.2568,2021,12,14,18
2021-12-14 19:00:00,0.0,0.0,0.0,0.0,-0.0,49,11.3,351,1031.9,28,0,0,28,0.0,0.0,43.6591,-70.2568,2021,12,14,19
2021-12-14 20:00:00,0.0,0.0,0.0,0.0,0.4,48,11.9,358,1032.9,97,0,0,21,0.0,0.0,43.6591,-70.2568,2021,12,14,20
2021-12-14 21:00:00,0.0,0.0,0.0,0.0,-0.5,51,10.1,356,1033.2,61,0,0,61,0.0,0.0,43.6591,-70.2568,2021,12,14,21
2021-12-14 22:00:00,0.0,0.0,0.0,0.0,-1.2,56,10.4,340,1033.7,75,0,1,75,0.0,0.0,43.6591,-70.2568,2021,12,14,22
2021-12-14 23:00:00,0.0,0.0,0.0,0.0,-1.8,61,10.6,332,1034.2,87,0,0,87,0.0,0.0,43.6591,-70.2568,2021,12,14,23
2021-12-15 00:00:00,0.0,0.0,0.0,0.0,-2.1,65,10.7,318,1034.3,96,0,0,96,0.0,0.0,43.6591,-70.2568,2021,12,15,0
2021-12-15 01:00:00,0.0,0.0,0.0,0.0,-2.3,69,9.7,315,1034.3,87,0,10,87,0.0,0.0,43.6591,-70.2568,2021,12,15,1
2021-12-15 02:00:00,0.0,0.0,0.0,0.0,-2.8,72,9.4,317,1034.5,84,0,57,82,0.0,0.0,43.6591,-70.2568,2021,12,15,2
2021-12-15 03:00:00,0.0,0.0,0.0,0.0,-2.6,73,8.1,315,1034.7,99,0,89,99,0.0,0.0,43.6591,-70.2568,2021,12,15,3
2021-12-15 04:00:00,0.0,0.0,0.0,0.0,-2.6,75,8.6,303,1034.7,99,0,96,80,0.0,0.0,43.6591,-70.2568,2021,12,15,4
2021-12-15 05:00:00,0.0,0.0,0.0,0.0,-2.5,77,6.1,310,1034.9,100,0,96,89,0.0,0.0,43.6591,-70.2568,2021,12,15,5
2021-12-15 06:00:00,0.0,0.0,0.0,0.0,-3.1,83,5.1,309,1035.3,95,0,89,58,0.0,0.0,43.6591,-70.2568,2021,12,15,6
2021-12-15 07:00:00,0.0,0.0,0.0,0.0,-2.9,81,2.6,254,1035.3,76,0,61,40,0.0,0.0,43.6591,-70.2568,2021,12,15,7
2021-12-15 08:00:00,0.0,0.0,0.0,0.0,-3.6,85,4.4,279,1036.1,98,0,87,74,0.0,0.0,43.6591,-70.2568,2021,12,15,8
2021-12-15 09:00:00,26.0,9.0,17.0,120.9,-2.5,81,2.4,297,1036.3,94,0,87,90,0.0,2133.34,43.6591,-70.2568,2021,12,15,9
2021-12-15 10:00:00,148.0,100.0,48.0,550.2,-0.3,60,2.8,40,1036.1,100,0,17,100,0.0,3600.0,43.6591,-70.2568,2021,12,15,10
2021-12-15 11:00:00,258.0,181.0,77.0,622.5,1.5,48,3.8,73,1035.9,100,0,8,100,0.0,3600.0,43.6591,-70.2568,2021,12,15,11
2021-12-15 12:00:00,331.0,233.0,98.0,644.7,2.6,42,4.5,119,1034.9,100,0,5,100,0.0,3600.0,43.6591,-70.2568,2021,12,15,12
2021-12-15 13:00:00,334.0,192.0,142.0,493.8,2.9,43,7.1,131,1033.4,100,0,0,100,0.0,3600.0,43.6591,-70.2568,2021,12,15,13
2021-12-15 14:00:00,276.0,111.0,165.0,299.1,2.8,52,8.3,146,1032.5,100,0,6,100,0.0,3600.0,43.6591,-70.2568,2021,12,15,14
2021-12-15 15:00:00,210.0,63.0,147.0,203.5,3.1,65,8.4,160,1032.2,100,0,0,100,0.0,3600.0,43.6591,-70.2568,2021,12,15,15
2021-12-15 16:00:00,111.0,14.0,97.0,67.2,2.9,70,8.4,170,1031.2,100,0,0,100,0.0,216.39,43.6591,-70.2568,2021,12,15,16
2021-12-15 17:00:00,21.0,0.0,21.0,0.0,2.0,72,11.4,191,1030.6,100,0,87,100,0.0,0.0,43.6591,-70.2568,2021,12,15,17
2021-12-15 18:00:00,0.0,0.0,0.0,0.0,2.0,73,10.6,198,1029.8,100,0,100,100,0.0,0.0,43.6591,-70.2568,2021,12,15,18
2021-12-15 19:00:00,0.0,0.0,0.0,0.0,2.2,76,10.2,228,1029.2,100,20,100,100,0.0,0.0,43.6591,-70.2568,2021,12,15,19
2021-12-15 20:00:00,0.0,0.0,0.0,0.0,2.9,74,12.9,216,1028.2,100,17,100,100,0.0,0.0,43.6591,-70.2568,2021,12,15,20
2021-12-15 21:00:00,0.0,0.0,0.0,0.0,3.6,77,12.0,201,1027.1,100,3,100,100,0.0,0.0,43.6591,-70.2568,2021,12,15,21
2021-12-15 22:00:00,0.0,0.0,0.0,0.0,4.5,77,16.2,197,1025.6,100,100,100,100,0.1,0.0,43.6591,-70.2568,2021,12,15,22
2021-12-15 23:00:00,0.0,0.0,0.0,0.0,4.6,82,18.8,187,1024.1,100,100,100,100,0.4,0.0,43.6591,-70.2568,2021,12,15,23
2021-12-16 00:00:00,0.0,0.0,0.0,0.0,4.6,90,19.5,185,1022.7,100,100,100,100,2.1,0.0,43.6591,-70.2568,2021,12,16,0
2021-12-16 01:00:00,0.0,0.0,0.0,0.0,5.2,92,17.9,195,1021.2,100,100,100,100,0.2,0.0,43.6591,-70.2568,2021,12,16,1
2021-12-16 02:00:00,0.0,0.0,0.0,0.0,5.0,100,11.0,203,1019.9,100,100,100,100,0.7,0.0,43.6591,-70.2568,2021,12,16,2
2021-12-16 03:00:00,0.0,0.0,0.0,0.0,5.0,100,7.4,209,1018.8,100,100,100,100,0.5,0.0,43.6591,-70.2568,2021,12,16,3
2021-12-16 04:00:00,0.0,0.0,0.0,0.0,4.7,100,5.4,250,1017.7,100,100,100,100,0.5,0.0,43.6591,-70.2568,2021,12,16,4
2021-12-16 05:00:00,0.0,0.0,0.0,0.0,4.3,100,4.6,252,1016.4,100,100,100,100,1.3,0.0,43.6591,-70.2568,2021,12,16,5
2021-12-16 06:00:00,0.0,0.0,0.0,0.0,4.8,100,6.5,251,1015.3,100,100,100,100,0.9,0.0,43.6591,-70.2568,2021,12,16,6
2021-12-16 07:00:00,0.0,0.0,0.0,0.0,4.8,100,5.1,262,1014.7,100,100,49,100,0.0,0.0,43.6591,-70.2568,2021,12,16,7
2021-12-16 08:00:00,0.0,0.0,0.0,0.0,3.2,100,5.1,315,1014.5,100,76,100,100,0.0,0.0,43.6591,-70.2568,2021,12,16,8
2021-12-16 09:00:00,6.0,0.0,6.0,0.0,3.6,97,5.9,322,1014.2,100,17,100,100,0.2,0.0,43.6591,-70.2568,2021,12,16,9
2021-12-16 10:00:00,44.0,0.0,44.0,0.0,4.5,95,1.3,146,1013.7,100,22,38,100,0.0,0.0,43.6591,-70.2568,2021,12,16,10
2021-12-16 11:00:00,105.0,16.0,89.0,55.3,5.8,95,3.6,180,1013.3,100,66,53,100,0.0,0.0,43.6591,-70.2568,2021,12,16,11
2021-12-16 12:00:00,181.0,16.0,165.0,44.4,7.5,95,4.0,190,1012.1,100,83,93,100,0.0,0.0,43.6591,-70.2568,2021,12,16,12
2021-12-16 13:00:00,119.0,0.0,119.0,0.0,8.2,98,7.4,133,1010.3,100,11,98,100,0.8,0.0,43.6591,-70.2568,2021,12,16,13
2021-12-16 14:00:00,129.0,5.0,124.0,13.5,9.4,97,8.7,175,1009.3,99,1,8,99,0.0,0.0,43.6591,-70.2568,2021,12,16,14
2021-12-16 15:00:00,259.0,184.0,75.0,594.4,10.7,94,9.8,197,1007.8,100,2,0,100,0.0,3600.0,43.6591,-70.2568,2021,12,16,15
2021-12-16 16:00:00,148.0,81.0,67.0,388.2,10.5,93,11.4,204,1006.8,100,0,0,100,0.0,3600.0,43.6591,-70.2568,2021,12,16,16
2021-12-16 17:00:00,41.0,13.0,28.0,144.1,9.5,93,11.2,213,1006.4,100,0,0,100,0.0,3365.72,43.6591,-70.2568,2021,12,16,17
2021-12-16 18:00:00,0.0,0.0,0.0,0.0,8.6,93,12.4,210,1005.6,100,0,0,100,0.0,0.0,43.6591,-70.2568,2021,12,16,18
2021-12-16 19:00:00,0.0,0.0,0.0,0.0,8.5,90,14.5,215,1005.1,100,0,0,100,0.0,0.0,43.6591,-70.2568,2021,12,16,19
2021-12-16 20:00:00,0.0,0.0,0.0,0.0,7.1,91,9.8,216,1005.0,100,0,0,100,0.0,0.0,43.6591,-70.2568,2021,12,16,20
2021-12-16 21:00:00,0.0,0.0,0.0,0.0,7.6,90,11.8,218,1003.9,100,3,0,100,0.0,0.0,43.6591,-70.2568,2021,12,16,21
2021-12-16 22:00:00,0.0,0.0,0.0,0.0,8.3,88,15.1,232,1003.3,100,0,3,100,0.0,0.0,43.6591,-70.2568,2021,12,16,22
2021-12-16 23:00:00,0.0,0.0,0.0,0.0,9.5,83,17.0,234,1002.9,100,5,26,100,0.0,0.0,43.6591,-70.2568,2021,12,16,23
2021-12-17 00:00:00,0.0,0.0,0.0,0.0,10.8,77,18.6,229,1002.0,100,1,0,100,0.0,0.0,43.6591,-70.2568,2021,12,17,0
2021-12-17 01:00:00,0.0,0.0,0.0,0.0,11.5,74,20.1,224,1001.1,100,1,0,100,0.0,0.0,43.6591,-70.2568,2021,12,17,1
2021-12-17 02:00:00,0.0,0.0,0.0,0.0,11.9,72,19.7,218,1000.5,100,5,2,100,0.0,0.0,43.6591,-70.2568,2021,12,17,2
2021-12-17 03:00:00,0.0,0.0,0.0,0.0,12.3,70,17.8,225,1000.7,91,33,3,86,0.0,0.0,43.6591,-70.2568,2021,12,17,3
2021-12-17 04:00:00,0.0,0.0,0.0,0.0,12.7,70,15.5,242,1000.8,28,27,1,0,0.0,0.0,43.6591,-70.2568,2021,12,17,4
2021-12-17 05:00:00,0.0,0.0,0.0,0.0,13.5,70,19.5,265,1001.5,52,50,24,0,0.0,0.0,43.6591,-70.2568,2021,12,17,5
2021-12-17 06:00:00,0.0,0.0,0.0,0.0,13.4,55,27.0,272,1002.9,0,0,0,0,0.0,0.0,43.6591,-70.2568,2021,12,17,6
2021-12-17 07:00:00,0.0,0.0,0.0,0.0,10.6,43,25.7,275,1004.8,0,0,0,0,0.0,0.0,43.6591,-70.2568,2021,12,17,7
2021-12-17 08:00:00,0.0,0.0,0.0,0.0,12.1,36,28.1,268,1003.5,0,0,0,0,0.0,0.0,43.6591,-70.2568,2021,12,17,8
2021-12-17 09:00:00,28.0,17.0,11.0,233.8,10.0,40,24.9,265,1005.1,0,0,0,0,0.0,2706.0,43.6591,-70.2568,2021,12,17,9
2021-12-17 10:00:00,150.0,110.0,40.0,615.7,9.5,42,20.9,266,1006.3,0,0,0,0,0.0,3600.0,43.6591,-70.2568,2021,12,17,10
2021-12-17 11:00:00,272.0,219.0,53.0,759.9,9.6,42,20.9,272,1006.9,0,0,0,0,0.0,3600.0,43.6591,-70.2568,2021,12,17,11
2021-12-17 12:00:00,356.0,297.0,59.0,826.3,9.7,43,19.6,283,1006.8,0,0,0,0,0.0,3600.0,43.6591,-70.2568,2021,12,17,12
2021-12-17 13:00:00,388.0,325.0,63.0,838.6,9.8,44,17.7,282,1006.9,2,2,0,0,0.0,3600.0,43.6591,-70.2568,2021,12,17,13
2021-12-17 14:00:00,363.0,297.0,66.0,801.5,9.9,44,16.2,274,1007.3,1,1,0,0,0.0,3600.0,43.6591,-70.2568,2021,12,17,14
2021-12-17 15:00:00,293.0,237.0,56.0,765.2,9.5,46,16.9,270,1007.9,2,2,0,0,0.0,3600.0,43.6591,-70.2568,2021,12,17,15
2021-12-17 16:00:00,179.0,134.0,45.0,640.8,8.7,49,15.2,277,1008.4,0,0,0,0,0.0,3600.0,43.6591,-70.2568,2021,12,17,16
2021-12-17 17:00:00,52.0,34.0,18.0,375.4,7.2,51,14.1,276,1009.1,0,0,0,0,0.0,3600.0,43.6591,-70.2568,2021,12,17,17
2021-12-17 18:00:00,0.0,0.0,0.0,0.0,5.9,54,10.8,272,1010.4,0,0,0,0,0.0,0.0,43.6591,-70.2568,2021,12,17,18
2021-12-17 19:00:00,0.0,0.0,0.0,0.0,4.8,58,9.0,265,1012.0,5,0,0,5,0.0,0.0,43.6591,-70.2568,2021,12,17,19
2021-12-17 20:00:00,0.0,0.0,0.0,0.0,4.6,56,10.3,324,1012.5,63,0,0,31,0.0,0.0,43.6591,-70.2568,2021,12,17,20
2021-12-17 21:00:00,0.0,0.0,0.0,0.0,5.0,53,12.0,311,1013.6,79,2,0,79,0.0,0.0,43.6591,-70.2568,2021,12,17,21
2021-12-17 22:00:00,0.0,0.0,0.0,0.0,4.0,59,7.1,300,1014.3,99,0,0,99,0.0,0.0,43.6591,-70.2568,2021,12,17,22
2021-12-17 23:00:00,0.0,0.0,0.0,0.0,3.4,63,5.7,288,1014.9,100,4,0,100,0.0,0.0,43.6591,-70.2568,2021,12,17,23
2021-12-18 00:00:00,0.0,0.0,0.0,0.0,2.0,75,5.4,318,1015.8,100,1,0,100,0.0,0.0,43.6591,-70.2568,2021,12,18,0
2021-12-18 01:00:00,0.0,0.0,0.0,0.0,2.1,73,5.1,356,1016.7,100,0,0,100,0.0,0.0,43.6591,-70.2568,2021,12,18,1
2021-12-18 02:00:00,0.0,0.0,0.0,0.0,1.8,72,9.4,2,1017.3,100,0,0,100,0.0,0.0,43.6591,-70.2568,2021,12,18,2
2021-12-18 03:00:00,0.0,0.0,0.0,0.0,1.4,65,9.4,360,1018.2,100,0,0,100,0.0,0.0,43.6591,-70.2568,2021,12,18,3
2021-12-18 04:00:00,0.0,0.0,0.0,0.0,0.9,63,8.4,353,1018.8,100,0,0,100,0.0,0.0,43.6591,-70.2568,2021,12,18,4
2021-12-18 05:00:00,0.0,0.0,0.0,0.0,0.7,62,10.8,358,1018.9,99,0,0,99,0.0,0.0,43.6591,-70.2568,2021,12,18,5
2021-12-18 06:00:00,0.0,0.0,0.0,0.0,0.6,58,15.1,1,1019.3,98,0,0,98,0.0,0.0,43.6591,-70.2568,2021,12,18,6
2021-12-18 07:00:00,0.0,0.0,0.0,0.0,-0.1,59,15.8,359,1020.0,100,0,34,100,0.0,0.0,43.6591,-70.2568,2021,12,18,7
2021-12-18 08:00:00,0.0,0.0,0.0,0.0,0.6,62,14.8,360,1019.6,100,0,100,100,0.0,0.0,43.6591,-70.2568,2021,12,18,8
2021-12-18 09:00:00,9.0,0.0,9.0,0.0,0.7,60,12.6,360,1019.9,100,0,100,100,0.0,0.0,43.6591,-70.2568,2021,12,18,9
2021-12-18 10:00:00,46.0,0.0,46.0,0.0,0.7,55,13.0,2,1019.8,100,0,100,100,0.0,0.0,43.6591,-70.2568,2021,12,18,10
2021-12-18 11:00:00,67.0,0.0,67.0,0.0,0.8,54,9.7,360,1019.7,100,0,100,100,0.0,0.0,43.6591,-70.2568,2021,12,18,11
2021-12-18 12:00:00,151.0,4.0,147.0,11.2,1.4,52,7.3,20,1018.9,100,0,92,100,0.0,0.0,43.6591,-70.2568,2021,12,18,12
2021-12-18 13:00:00,210.0,34.0,176.0,87.8,2.0,53,5.9,38,1017.9,100,0,100,100,0.0,835.15,43.6591,-70.2568,2021,12,18,13
2021-12-18 14:00:00,90.0,0.0,90.0,0.0,1.6,57,4.7,67,1017.9,100,0,100,100,0.1,0.0,43.6591,-70.2568,2021,12,18,14
2021-12-18 15:00:00,43.0,0.0,43.0,0.0,1.0,64,6.2,83,1017.3,100,0,100,100,0.2,0.0,43.6591,-70.2568,2021,12,18,15
2021-12-18 16:00:00,33.0,0.0,33.0,0.0,0.5,69,8.7,66,1016.7,100,3,100,100,0.4,0.0,43.6591,-70.2568,2021,12,18,16
2021-12-18 17:00:00,8.0,0.0,8.0,0.0,-0.4,74,11.8,59,1016.8,100,62,100,100,0.7,0.0,43.6591,-70.2568,2021,12,18,17
2021-12-18 18:00:00,0.0,0.0,0.0,0.0,-1.0,77,12.1,60,1016.6,100,47,100,100,0.9,0.0,43.6591,-70.2568,2021,12,18,18
2021-12-18 19:00:00,0.0,0.0,0.0,0.0,-1.0,83,12.5,57,1015.8,100,100,100,100,1.0,0.0,43.6591,-70.2568,2021,12,18,19
2021-12-18 20:00:00,0.0,0.0,0.0,0.0,-0.9,87,14.5,55,1014.8,100,100,100,100,0.8,0.0,43.6591,-70.2568,2021,12,18,20
2021-12-18 21:00:00,0.0,0.0,0.0,0.0,-0.8,89,16.1,56,1014.1,100,100,100,99,1.0,0.0,43.6591,-70.2568,2021,12,18,21
2021-12-18 22:00:00,0.0,0.0,0.0,0.0,-0.8,90,15.4,57,1012.7,100,100,100,100,1.1,0.0,43.6591,-70.2568,2021,12,18,22
2021-12-18 23:00:00,0.0,0.0,0.0,0.0,-0.5,89,14.8,61,1011.8,100,100,100,93,1.0,0.0,43.6591,-70.2568,2021,12,18,23
2021-12-19 00:00:00,0.0,0.0,0.0,0.0,-0.5,91,13.3,49,1011.1,100,100,100,78,1.6,0.0,43.6591,-70.2568,2021,12,19,0
2021-12-19 01:00:00,0.0,0.0,0.0,0.0,-1.4,88,15.4,21,1010.5,100,100,100,100,2.0,0.0,43.6591,-70.2568,2021,12,19,1
2021-12-19 02:00:00,0.0,0.0,0.0,0.0,-2.4,89,15.0,10,1009.8,100,100,100,100,1.7,0.0,43.6591,-70.2568,2021,12,19,2
2021-12-19 03:00:00,0.0,0.0,0.0,0.0,-2.2,91,13.9,25,1008.3,100,100,100,100,1.2,0.0,43.6591,-70.2568,2021,12,19,3
2021-12-19 04:00:00,0.0,0.0,0.0,0.0,-1.4,91,11.3,37,1007.5,100,100,100,100,1.3,0.0,43.6591,-70.2568,2021,12,19,4
2021-12-19 05:00:00,0.0,0.0,0.0,0.0,-1.4,90,13.6,11,1007.0,100,100,100,98,1.5,0.0,43.6591,-70.2568,2021,12,19,5
2021-12-19 06:00:00,0.0,0.0,0.0,0.0,-2.9,92,17.0,356,1007.1,100,100,100,96,1.3,0.0,43.6591,-70.2568,2021,12,19,6
2021-12-19 07:00:00,0.0,0.0,0.0,0.0,-2.2,86,16.6,360,1007.5,100,100,100,100,0.7,0.0,43.6591,-70.2568,2021,12,19,7
2021-12-19 08:00:00,0.0,0.0,0.0,0.0,-3.3,88,17.4,354,1009.0,100,100,100,99,0.2,0.0,43.6591,-70.2568,2021,12,19,8
2021-12-19 09:00:00,4.0,0.0,4.0,0.0,-2.9,85,18.2,342,1009.6,100,100,100,100,0.3,0.0,43.6591,-70.2568,2021,12,19,9
2021-12-19 10:00:00,14.0,0.0,14.0,0.0,-3.3,84,17.6,349,1010.7,100,100,100,99,0.4,0.0,43.6591,-70.2568,2021,12,19,10
2021-12-19 11:00:00,33.0,0.0,33.0,0.0,-2.7,81,14.4,360,1011.1,100,100,100,99,0.3,0.0,43.6591,-70.2568,2021,12,19,11
2021-12-19 12:00:00,60.0,0.0,60.0,0.0,-2.0,78,12.7,352,1011.4,69,48,39,3,0.0,0.0,43.6591,-70.2568,2021,12,19,12
2021-12-19 13:00:00,346.0,230.0,116.0,594.7,0.5,64,16.5,349,1011.0,18,17,3,0,0.0,3600.0,43.6591,-70.2568,2021,12,19,13
2021-12-19 14:00:00,365.0,279.0,86.0,752.9,1.0,59,20.5,336,1011.4,36,36,0,0,0.0,3600.0,43.6591,-70.2568,2021,12,19,14
2021-12-19 15:00:00,287.0,203.0,84.0,653.9,-0.2,60,20.4,334,1012.1,8,8,0,0,0.0,3600.0,43.6591,-70.2568,2021,12,19,15
2021-12-19 16:00:00,186.0,134.0,52.0,636.7,-1.4,63,18.4,329,1013.3,8,8,0,0,0.0,3600.0,43.6591,-70.2568,2021,12,19,16
2021-12-19 17:00:00,55.0,34.0,21.0,371.9,-2.8,66,18.2,330,1014.8,2,2,0,0,0.0,3600.0,43.6591,-70.2568,2021,12,19,17
2021-12-19 18:00:00,0.0,0.0,0.0,0.0,-3.8,67,19.2,332,1016.2,2,2,0,0,0.0,0.0,43.6591,-70.2568,2021,12,19,18
2021-12-19 19:00:00,0.0,0.0,0.0,0.0,-4.6,68,19.9,338,1017.1,2,2,0,0,0.0,0.0,43.6591,-70.2568,2021,12,19,19
2021-12-19 20:00:00,0.0,0.0,0.0,0.0,-4.7,70,20.6,341,1017.7,15,0,0,0,0.0,0.0,43.6591,-70.2568,2021,12,19,20
2021-12-19 21:00:00,0.0,0.0,0.0,0.0,-5.6,71,18.7,341,1018.8,0,0,0,0,0.0,0.0,43.6591,-70.2568,2021,12,19,21
2021-12-19 22:00:00,0.0,0.0,0.0,0.0,-6.2,72,17.6,345,1019.1,0,0,0,0,0.0,0.0,43.6591,-70.2568,2021,12,19,22
2021-12-19 23:00:00,0.0,0.0,0.0,0.0,-6.7,73,16.2,343,1019.5,0,0,0,0,0.0,0.0,43.6591,-70.2568,2021,12,19,23
2021-12-20 00:00:00,0.0,0.0,0.0,0.0,-7.3,75,15.3,345,1019.6,0,0,0,0,0.0,0.0,43.6591,-70.2568,2021,12,20,0
2021-12-20 01:00:00,0.0,0.0,0.0,0.0,-7.8,77,14.8,346,1020.1,0,0,0,0,0.0,0.0,43.6591,-70.2568,2021,12,20,1
2021-12-20 02:00:00,0.0,0.0,0.0,0.0,-8.2,77,13.6,348,1020.5,0,0,0,0,0.0,0.0,43.6591,-70.2568,2021,12,20,2
2021-12-20 03:00:00,0.0,0.0,0.0,0.0,-8.8,78,13.4,352,1021.1,0,0,0,0,0.0,0.0,43.6591,-70.2568,2021,12,20,3
2021-12-20 04:00:00,0.0,0.0,0.0,0.0,-9.2,78,12.0,351,1021.5,0,0,0,0,0.0,0.0,43.6591,-70.2568,2021,12,20,4
2021-12-20 05:00:00,0.0,0.0,0.0,0.0,-9.6,80,11.5,356,1021.4,0,0,0,0,0.0,0.0,43.6591,-70.2568,2021,12,20,5
2021-12-20 06:00:00,0.0,0.0,0.0,0.0,-9.7,78,12.3,355,1021.9,0,0,0,0,0.0,0.0,43.6591,-70.2568,2021,12,20,6
2021-12-20 07:00:00,0.0,0.0,0.0,0.0,-10.0,79,12.4,352,1022.6,0,0,0,0,0.0,0.0,43.6591,-70.2568,2021,12,20,7
2021-12-20 08:00:00,0.0,0.0,0.0,0.0,-9.2,76,8.6,358,1022.7,18,0,0,0,0.0,0.0,43.6591,-70.2568,2021,12,20,8
2021-12-20 09:00:00,27.0,15.0,12.0,212.9,-9.4,74,8.1,347,1023.2,57,0,0,57,0.0,2599.64,43.6591,-70.2568,2021,12,20,9
2021-12-20 10:00:00,152.0,106.0,46.0,606.7,-8.3,70,4.7,337,1024.0,96,0,0,96,0.0,3600.0,43.6591,-70.2568,2021,12,20,10
2021-12-20 11:00:00,254.0,153.0,101.0,536.7,-7.1,66,3.0,346,1024.0,100,0,0,100,0.0,3600.0,43.6591,-70.2568,2021,12,20,11
2021-12-20 12:00:00,319.0,177.0,142.0,495.4,-4.6,50,1.4,270,1023.4,95,0,55,89,0.0,3600.0,43.6591,-70.2568,2021,12,20,12
2021-12-20 13:00:00,352.0,210.0,142.0,543.3,-4.4,57,2.6,196,1022.3,0,0,0,0,0.0,3600.0,43.6591,-70.2568,2021,12,20,13
2021-12-20 14:00:00,378.0,306.0,72.0,825.4,-3.8,54,4.7,189,1021.4,0,0,0,0,0.0,3600.0,43.6591,-70.2568,2021,12,20,14
2021-12-20 15:00:00,306.0,240.0,66.0,771.8,-3.4,58,6.6,189,1020.6,28,0,25,4,0.0,3600.0,43.6591,-70.2568,2021,12,20,15
2021-12-20 16:00:00,188.0,135.0,53.0,638.8,-3.5,65,5.9,191,1020.1,11,0,11,0,0.0,3600.0,43.6591,-70.2568,2021,12,20,16
2021-12-20 17:00:00,56.0,34.0,22.0,369.8,-4.2,75,9.7,202,1019.2,13,0,0,13,0.0,3600.0,43.6591,-70.2568,2021,12,20,17
2021-12-20 18:00:00,0.0,0.0,0.0,0.0,-4.6,73,13.4,211,1019.0,11,0,0,11,0.0,0.0,43.6591,-70.2568,2021,12,20,18
2021-12-20 19:00:00,0.0,0.0,0.0,0.0,-4.8,68,12.0,224,1018.2,71,0,4,69,0.0,0.0,43.6591,-70.2568,2021,12,20,19
2021-12-20 20:00:00,0.0,0.0,0.0,0.0,-5.4,71,14.0,222,1018.3,98,0,78,97,0.0,0.0,43.6591,-70.2568,2021,12,20,20
2021-12-20 21:00:00,0.0,0.0,0.0,0.0,-5.6,66,12.6,233,1018.1,99,0,98,54,0.0,0.0,43.6591,-70.2568,2021,12,20,21
2021-12-20 22:00:00,0.0,0.0,0.0,0.0,-3.7,60,14.5,224,1017.0,100,0,100,11,0.0,0.0,43.6591,-70.2568,2021,12,20,22
2021-12-20 23:00:00,0.0,0.0,0.0,0.0,-2.5,61,16.4,218,1015.9,100,0,100,80,0.0,0.0,43.6591,-70.2568,2021,12,20,23
2021-12-21 00:00:00,0.0,0.0,0.0,0.0,-2.2,61,17.2,217,1014.6,100,0,100,94,0.0,0.0,43.6591,-70.2568,2021,12,21,0
2021-12-21 01:00:00,0.0,0.0,0.0,0.0,-2.7,62,16.8,225,1014.0,100,0,97,93,0.0,0.0,43.6591,-70.2568,2021,12,21,1
2021-12-21 02:00:00,0.0,0.0,0.0,0.0,-3.2,65,18.3,225,1012.9,100,0,94,100,0.0,0.0,43.6591,-70.2568,2021,12,21,2
2021-12-21 03:00:00,0.0,0.0,0.0,0.0,-3.4,68,17.3,225,1012.4,99,0,78,98,0.0,0.0,43.6591,-70.2568,2021,12,21,3
2021-12-21 04:00:00,0.0,0.0,0.0,0.0,-3.3,70,16.3,225,1011.8,100,0,61,100,0.0,0.0,43.6591,-70.2568,2021,12,21,4
2021-12-21 05:00:00,0.0,0.0,0.0,0.0,-3.3,72,16.0,226,1010.7,100,0,74,100,0.0,0.0,43.6591,-70.2568,2021,12,21,5
2021-12-21 06:00:00,0.0,0.0,0.0,0.0,-3.0,70,16.8,228,1010.5,100,3,100,100,0.0,0.0,43.6591,-70.2568,2021,12,21,6
2021-12-21 07:00:00,0.0,0.0,0.0,0.0,-2.2,67,15.4,233,1010.5,100,1,97,100,0.0,0.0,43.6591,-70.2568,2021,12,21,7
2021-12-21 08:00:00,0.0,0.0,0.0,0.0,-1.7,69,14.8,236,1011.2,100,9,54,100,0.0,0.0,43.6591,-70.2568,2021,12,21,8
2021-12-21 09:00:00,18.0,2.0,16.0,28.6,-1.9,70,13.8,237,1011.8,100,6,12,100,0.0,0.0,43.6591,-70.2568,2021,12,21,9
2021-12-21 10:00:00,122.0,46.0,76.0,265.0,-0.8,67,10.7,230,1012.6,100,5,0,100,0.0,3600.0,43.6591,-70.2568,2021,12,21,10
2021-12-21 11:00:00,242.0,136.0,106.0,478.5,0.9,63,10.7,220,1013.1,86,1,0,86,0.0,3600.0,43.6591,-70.2568,2021,12,21,11
2021-12-21 12:00:00,347.0,253.0,94.0,709.0,2.5,59,10.6,215,1013.0,85,0,0,85,0.0,3600.0,43.6591,-70.2568,2021,12,21,12
2021-12-21 13:00:00,392.0,310.0,82.0,802.2,3.5,57,8.9,230,1012.1,86,2,0,86,0.0,3600.0,43.6591,-70.2568,2021,12,21,13
2021-12-21 14:00:00,373.0,291.0,82.0,784.4,4.0,56,8.1,257,1012.4,43,0,0,43,0.0,3600.0,43.6591,-70.2568,2021,12,21,14
2021-12-21 15:00:00,303.0,236.0,67.0,757.4,3.9,57,5.5,259,1012.8,27,4,0,24,0.0,3600.0,43.6591,-70.2568,2021,12,21,15
2021-12-21 16:00:00,188.0,136.0,52.0,640.6,1.2,69,8.4,230,1013.0,0,0,0,0,0.0,3600.0,43.6591,-70.2568,2021,12,21,16
2021-12-21 17:00:00,57.0,35.0,22.0,378.3,-1.6,78,10.6,215,1013.0,0,0,0,0,0.0,3600.0,43.6591,-70.2568,2021,12,21,17
2021-12-21 18:00:00,0.0,0.0,0.0,0.0,-2.1,79,10.0,240,1012.8,0,0,0,0,0.0,0.0,43.6591,-70.2568,2021,12,21,18
2021-12-21 19:00:00,0.0,0.0,0.0,0.0,-4.5,81,5.9,317,1012.6,0,0,0,0,0.0,0.0,43.6591,-70.2568,2021,12,21,19
2021-12-21 20:00:00,0.0,0.0,0.0,0.0,-3.3,83,6.4,344,1012.7,0,0,0,100,0.0,0.0,43.6591,-70.2568,2021,12,21,20
2021-12-21 21:00:00,0.0,0.0,0.0,0.0,-2.7,85,7.7,28,1012.5,97,0,0,97,0.0,0.0,43.6591,-70.2568,2021,12,21,21
2021-12-21 22:00:00,0.0,0.0,0.0,0.0,-1.4,85,7.4,47,1012.0,8,0,4,5,0.0,0.0,43.6591,-70.2568,2021,12,21,22
2021-12-21 23:00:00,0.0,0.0,0.0,0.0,-5.9,92,12.2,28,1011.6,67,2,0,66,0.0,0.0,43.6591,-70.2568,2021,12,21,23
2021-12-22 00:00:00,0.0,0.0,0.0,0.0,-5.6,91,11.8,23,1010.6,99,30,0,98,0.0,0.0,43.6591,-70.2568,2021,12,22,0
2021-12-22 01:00:00,0.0,0.0,0.0,0.0,0.3,78,7.1,114,1009.3,100,44,0,100,0.0,0.0,43.6591,-70.2568,2021,12,22,1
2021-12-22 02:00:00,0.0,0.0,0.0,0.0,-0.9,77,7.3,169,1008.0,100,69,0,100,0.0,0.0,43.6591,-70.2568,2021,12,22,2
2021-12-22 03:00:00,0.0,0.0,0.0,0.0,0.8,79,9.7,178,1006.7,95,65,40,77,0.0,0.0,43.6591,-70.2568,2021,12,22,3
2021-12-22 04:00:00,0.0,0.0,0.0,0.0,0.7,85,5.9,223,1005.8,100,100,100,91,0.0,0.0,43.6591,-70.2568,2021,12,22,4
2021-12-22 05:00:00,0.0,0.0,0.0,0.0,0.8,84,1.8,270,1003.8,100,100,100,66,0.1,0.0,43.6591,-70.2568,2021,12,22,5
2021-12-22 06:00:00,0.0,0.0,0.0,0.0,1.4,82,3.4,302,1002.2,100,100,100,85,0.6,0.0,43.6591,-70.2568,2021,12,22,6
2021-12-22 07:00:00,0.0,0.0,0.0,0.0,1.6,86,6.6,311,1001.3,100,100,100,100,0.6,0.0,43.6591,-70.2568,2021,12,22,7
2021-12-22 08:00:00,0.0,0.0,0.0,0.0,-1.7,98,19.0,350,1001.1,100,100,100,100,1.0,0.0,43.6591,-70.2568,2021,12,22,8
2021-12-22 09:00:00,2.0,0.0,2.0,0.0,-0.5,92,15.5,5,999.9,100,100,100,100,0.5,0.0,43.6591,-70.2568,2021,12,22,9
2021-12-22 10:00:00,29.0,0.0,29.0,0.0,0.5,88,11.2,354,998.2,100,100,100,100,0.2,0.0,43.6591,-70.2568,2021,12,22,10
2021-12-22 11:00:00,34.0,0.0,34.0,0.0,-0.8,91,17.6,329,997.2,100,100,100,100,0.2,0.0,43.6591,-70.2568,2021,12,22,11
2021-12-22 12:00:00,41.0,1.0,40.0,2.8,0.1,88,10.3,324,994.9,100,100,100,99,0.3,0.0,43.6591,-70.2568,2021,12,22,12
2021-12-22 13:00:00,59.0,0.0,59.0,0.0,0.5,89,14.5,330,993.8,100,100,100,83,1.4,0.0,43.6591,-70.2568,2021,12,22,13
2021-12-22 14:00:00,32.0,0.0,32.0,0.0,0.9,89,10.9,326,993.2,100,100,100,4,1.0,0.0,43.6591,-70.2568,2021,12,22,14
2021-12-22 15:00:00,43.0,2.0,41.0,6.4,1.5,88,11.7,326,992.5,100,100,100,0,0.6,0.0,43.6591,-70.2568,2021,12,22,15
2021-12-22 16:00:00,37.0,1.0,36.0,4.7,2.1,89,9.7,321,992.5,100,100,100,0,0.9,0.0,43.6591,-70.2568,2021,12,22,16
2021-12-22 17:00:00,8.0,2.0,6.0,21.5,1.9,90,11.2,315,992.8,13,11,3,0,0.1,0.0,43.6591,-70.2568,2021,12,22,17
2021-12-22 18:00:00,0.0,0.0,0.0,0.0,0.2,95,11.8,293,993.3,0,0,0,0,0.0,0.0,43.6591,-70.2568,2021,12,22,18
2021-12-22 19:00:00,0.0,0.0,0.0,0.0,-0.3,94,12.4,287,993.9,6,6,0,0,0.0,0.0,43.6591,-70.2568,2021,12,22,19
2021-12-22 20:00:00,0.0,0.0,0.0,0.0,1.4,91,13.1,302,995.8,10,44,61,0,0.0,0.0,43.6591,-70.2568,2021,12,22,20
2021-12-22 21:00:00,0.0,0.0,0.0,0.0,1.6,76,19.0,297,997.1,4,0,4,0,0.0,0.0,43.6591,-70.2568,2021,12,22,21
2021-12-22 22:00:00,0.0,0.0,0.0,0.0,0.2,71,18.5,297,998.2,2,2,0,0,0.0,0.0,43.6591,-70.2568,2021,12,22,22
2021-12-22 23:00:00,0.0,0.0,0.0,0.0,-1.2,77,16.2,274,999.0,1,1,0,0,0.0,0.0,43.6591,-70.2568,2021,12,22,23
2021-12-23 00:00:00,0.0,0.0,0.0,0.0,-2.4,76,15.9,264,999.4,1,1,0,0,0.0,0.0,43.6591,-70.2568,2021,12,23,0
2021-12-23 01:00:00,0.0,0.0,0.0,0.0,-3.0,74,17.0,265,999.9,25,25,0,0,0.0,0.0,43.6591,-70.2568,2021,12,23,1
2021-12-23 02:00:00,0.0,0.0,0.0,0.0,-2.8,71,18.6,285,1001.7,1,1,0,0,0.0,0.0,43.6591,-70.2568,2021,12,23,2
2021-12-23 03:00:00,0.0,0.0,0.0,0.0,-4.2,65,18.9,288,1003.5,17,17,0,0,0.0,0.0,43.6591,-70.2568,2021,12,23,3
2021-12-23 04:00:00,0.0,0.0,0.0,0.0,-5.6,68,15.2,277,1005.1,4,4,0,0,0.0,0.0,43.6591,-70.2568,2021,12,23,4
2021-12-23 05:00:00,0.0,0.0,0.0,0.0,-6.8,71,14.4,266,1006.3,3,3,0,0,0.0,0.0,43.6591,-70.2568,2021,12,23,5
2021-12-23 06:00:00,0.0,0.0,0.0,0.0,-7.7,73,15.5,257,1007.5,0,0,0,0,0.0,0.0,43.6591,-70.2568,2021,12,23,6
2021-12-23 07:00:00,0.0,0.0,0.0,0.0,-8.4,73,16.2,266,1008.7,0,0,0,0,0.0,0.0,43.6591,-70.2568,2021,12,23,7
2021-12-23 08:00:00,0.0,0.0,0.0,0.0,-7.3,69,16.2,267,1009.9,32,0,0,37,0.0,0.0,43.6591,-70.2568,2021,12,23,8
2021-12-23 09:00:00,25.0,14.0,11.0,203.8,-7.9,71,15.3,262,1011.7,69,0,0,69,0.0,2511.12,43.6591,-70.2568,2021,12,23,9
2021-12-23 10:00:00,148.0,99.0,49.0,576.8,-6.9,66,12.3,267,1013.1,1,0,0,1,0.0,3600.0,43.6591,-70.2568,2021,12,23,10
2021-12-23 11:00:00,281.0,219.0,62.0,774.1,-6.1,55,13.7,300,1013.9,0,0,0,0,0.0,3600.0,43.6591,-70.2568,2021,12,23,11
2021-12-23 12:00:00,371.0,300.0,71.0,842.2,-5.8,49,13.1,302,1013.8,3,0,0,3,0.0,3600.0,43.6591,-70.2568,2021,12,23,12
2021-12-23 13:00:00,409.0,336.0,73.0,869.2,-5.5,45,15.0,291,1013.8,22,0,0,22,0.0,3600.0,43.6591,-70.2568,2021,12,23,13
2021-12-23 14:00:00,390.0,318.0,72.0,855.0,-5.1,43,14.9,290,1013.7,72,0,0,72,0.0,3600.0,43.6591,-70.2568,2021,12,23,14
2021-12-23 15:00:00,291.0,189.0,102.0,603.3,-5.0,43,14.7,292,1014.0,100,0,24,100,0.0,3600.0,43.6591,-70.2568,2021,12,23,15
2021-12-23 16:00:00,122.0,18.0,104.0,83.9,-5.3,47,15.4,291,1015.0,100,0,84,100,0.0,716.44,43.6591,-70.2568,2021,12,23,16
2021-12-23 17:00:00,49.0,14.0,35.0,149.1,-6.3,51,15.1,295,1016.0,88,0,67,87,0.0,3284.33,43.6591,-70.2568,2021,12,23,17
2021-12-23 18:00:00,0.0,0.0,0.0,0.0,-7.3,56,14.3,298,1016.9,97,0,29,97,0.0,0.0,43.6591,-70.2568,2021,12,23,18
2021-12-23 19:00:00,0.0,0.0,0.0,0.0,-8.0,61,12.4,306,1017.6,100,0,20,100,0.0,0.0,43.6591,-70.2568,2021,12,23,19
2021-12-23 20:00:00,0.0,0.0,0.0,0.0,-7.7,63,12.7,299,1017.6,98,0,0,99,0.0,0.0,43.6591,-70.2568,2021,12,23,20
2021-12-23 21:00:00,0.0,0.0,0.0,0.0,-9.1,70,8.6,303,1018.0,100,0,56,100,0.0,0.0,43.6591,-70.2568,2021,12,23,21
2021-12-23 22:00:00,0.0,0.0,0.0,0.0,-9.1,69,7.9,286,1017.9,97,0,89,86,0.0,0.0,43.6591,-70.2568,2021,12,23,22
2021-12-23 23:00:00,0.0,0.0,0.0,0.0,-9.4,68,6.3,283,1017.9,93,0,93,7,0.0,0.0,43.6591,-70.2568,2021,12,23,23
2021-12-24 00:00:00,0.0,0.0,0.0,0.0,-12.2,72,7.6,278,1017.9,100,0,100,77,0.0,0.0,43.6591,-70.2568,2021,12,24,0
2021-12-24 01:00:00,0.0,0.0,0.0,0.0,-13.4,74,8.6,270,1017.5,100,0,30,100,0.0,0.0,43.6591,-70.2568,2021,12,24,1
2021-12-24 02:00:00,0.0,0.0,0.0,0.0,-12.4,71,6.6,257,1018.2,70,0,38,51,0.0,0.0,43.6591,-70.2568,2021,12,24,2
2021-12-24 03:00:00,0.0,0.0,0.0,0.0,-13.2,70,8.7,275,1018.0,70,0,67,8,0.0,0.0,43.6591,-70.2568,2021,12,24,3
2021-12-24 04:00:00,0.0,0.0,0.0,0.0,-14.4,71,9.4,266,1018.2,100,0,67,100,0.0,0.0,43.6591,-70.2568,2021,12,24,4
2021-12-24 05:00:00,0.0,0.0,0.0,0.0,-13.9,70,8.6,270,1018.0,51,0,36,24,0.0,0.0,43.6591,-70.2568,2021,12,24,5
2021-12-24 06:00:00,0.0,0.0,0.0,0.0,-14.5,72,9.4,266,1017.8,100,0,100,55,0.0,0.0,43.6591,-70.2568,2021,12,24,6
2021-12-24 07:00:00,0.0,0.0,0.0,0.0,-12.1,68,6.2,263,1017.5,100,0,100,100,0.0,0.0,43.6591,-70.2568,2021,12,24,7
2021-12-24 08:00:00,0.0,0.0,0.0,0.0,-12.5,71,9.2,281,1017.9,98,0,39,73,0.0,0.0,43.6591,-70.2568,2021,12,24,8
2021-12-24 09:00:00,22.0,8.0,14.0,117.3,-11.7,68,7.0,291,1018.1,99,0,99,15,0.0,1884.68,43.6591,-70.2568,2021,12,24,9
2021-12-24 10:00:00,100.0,20.0,80.0,117.1,-8.7,70,3.1,306,1018.2,30,2,30,0,0.0,1712.61,43.6591,-70.2568,2021,12,24,10
2021-12-24 11:00:00,270.0,203.0,67.0,718.9,-6.3,66,2.2,279,1018.2,83,29,82,0,0.0,3600.0,43.6591,-70.2568,2021,12,24,11
2021-12-24 12:00:00,354.0,268.0,86.0,752.7,-4.1,52,3.4,238,1017.1,0,0,0,0,0.0,3600.0,43.6591,-70.2568,2021,12,24,12
2021-12-24 13:00:00,382.0,287.0,95.0,741.9,-2.8,47,6.3,239,1015.6,0,0,0,0,0.0,3600.0,43.6591,-70.2568,2021,12,24,13
2021-12-24 14:00:00,379.0,306.0,73.0,821.3,-2.1,46,6.8,245,1014.6,0,0,0,0,0.0,3600.0,43.6591,-70.2568,2021,12,24,14
2021-12-24 15:00:00,308.0,242.0,66.0,770.0,-1.7,46,7.8,257,1014.3,0,0,0,0,0.0,3600.0,43.6591,-70.2568,2021,12,24,15
2021-12-24 16:00:00,192.0,140.0,52.0,648.5,-3.0,56,5.2,254,1012.9,0,0,0,0,0.0,3600.0,43.6591,-70.2568,2021,12,24,16
2021-12-24 17:00:00,60.0,37.0,23.0,390.9,-4.0,58,8.4,250,1013.4,0,0,0,0,0.0,3600.0,43.6591,-70.2568,2021,12,24,17
2021-12-24 18:00:00,0.0,0.0,0.0,0.0,-4.5,64,9.5,261,1014.1,2,0,0,2,0.0,0.0,43.6591,-70.2568,2021,12,24,18
2021-12-24 19:00:00,0.0,0.0,0.0,0.0,-5.8,68,6.8,270,1013.3,34,0,0,34,0.0,0.0,43.6591,-70.2568,2021,12,24,19
2021-12-24 20:00:00,0.0,0.0,0.0,0.0,-7.3,75,9.4,277,1012.4,0,0,0,0,0.0,0.0,43.6591,-70.2568,2021,12,24,20
2021-12-24 21:00:00,0.0,0.0,0.0,0.0,-7.2,79,10.7,290,1012.3,0,0,0,0,0.0,0.0,43.6591,-70.2568,2021,12,24,21
2021-12-24 22:00:00,0.0,0.0,0.0,0.0,-7.0,77,8.0,288,1011.9,72,0,0,72,0.0,0.0,43.6591,-70.2568,2021,12,24,22
2021-12-24 23:00:00,0.0,0.0,0.0,0.0,-7.0,78,10.9,276,1011.4,100,0,0,100,0.0,0.0,43.6591,-70.2568,2021,12,24,23
2021-12-25 00:00:00,0.0,0.0,0.0,0.0,-7.2,80,9.2,281,1010.9,87,0,0,87,0.0,0.0,43.6591,-70.2568,2021,12,25,0
2021-12-25 01:00:00,0.0,0.0,0.0,0.0,-7.4,80,10.8,268,1009.9,100,0,0,100,0.0,0.0,43.6591,-70.2568,2021,12,25,1
2021-12-25 02:00:00,0.0,0.0,0.0,0.0,-7.0,80,7.6,289,1008.9,100,0,71,100,0.0,0.0,43.6591,-70.2568,2021,12,25,2
2021-12-25 03:00:00,0.0,0.0,0.0,0.0,-6.6,81,4.7,279,1008.0,100,0,100,100,0.0,0.0,43.6591,-70.2568,2021,12,25,3
2021-12-25 04:00:00,0.0,0.0,0.0,0.0,-7.0,84,5.4,312,1007.4,100,0,97,100,0.0,0.0,43.6591,-70.2568,2021,12,25,4
2021-12-25 05:00:00,0.0,0.0,0.0,0.0,-7.1,85,6.2,280,1007.0,100,1,100,100,0.0,0.0,43.6591,-70.2568,2021,12,25,5
2021-12-25 06:00:00,0.0,0.0,0.0,0.0,-5.7,86,3.3,319,1006.4,100,0,100,100,0.0,0.0,43.6591,-70.2568,2021,12,25,6
2021-12-25 07:00:00,0.0,0.0,0.0,0.0,-6.3,86,4.0,275,1005.4,100,0,100,100,0.0,0.0,43.6591,-70.2568,2021,12,25,7
2021-12-25 08:00:00,0.0,0.0,0.0,0.0,-5.2,85,2.5,262,1004.0,100,89,100,100,0.0,0.0,43.6591,-70.2568,2021,12,25,8
2021-12-25 09:00:00,3.0,0.0,3.0,0.0,-4.6,85,4.3,312,1003.9,100,100,100,100,0.3,0.0,43.6591,-70.2568,2021,12,25,9
2021-12-25 10:00:00,13.0,0.0,13.0,0.0,-4.1,85,2.9,353,1003.3,100,100,100,100,0.6,0.0,43.6591,-70.2568,2021,12,25,10
2021-12-25 11:00:00,42.0,0.0,42.0,0.0,-3.4,84,2.2,360,1002.4,100,100,100,100,0.6,0.0,43.6591,-70.2568,2021,12,25,11
2021-12-25 12:00:00,61.0,0.0,61.0,0.0,-2.8,85,2.5,8,1001.4,100,100,100,100,0.7,0.0,43.6591,-70.2568,2021,12,25,12
2021-12-25 13:00:00,48.0,0.0,48.0,0.0,-2.5,87,2.5,360,1000.0,100,100,100,100,1.1,0.0,43.6591,-70.2568,2021,12,25,13
2021-12-25 14:00:00,52.0,0.0,52.0,0.0,-2.2,89,3.7,11,999.0,100,100,100,100,1.0,0.0,43.6591,-70.2568,2021,12,25,14
2021-12-25 15:00:00,51.0,0.0,51.0,0.0,-1.9,89,4.8,13,998.1,100,100,100,100,0.9,0.0,43.6591,-70.2568,2021,12,25,15
2021-12-25 16:00:00,27.0,0.0,27.0,0.0,-1.8,90,5.7,18,997.7,100,100,100,100,0.8,0.0,43.6591,-70.2568,2021,12,25,16
2021-12-25 17:00:00,12.0,0.0,12.0,0.0,-2.0,91,8.8,9,997.5,100,100,100,100,0.6,0.0,43.6591,-70.2568,2021,12,25,17
2021-12-25 18:00:00,0.0,0.0,0.0,0.0,-2.2,91,8.3,355,997.6,100,100,100,82,0.5,0.0,43.6591,-70.2568,2021,12,25,18
2021-12-25 19:00:00,0.0,0.0,0.0,0.0,-2.3,91,9.0,5,997.8,100,100,100,29,0.4,0.0,43.6591,-70.2568,2021,12,25,19
2021-12-25 20:00:00,0.0,0.0,0.0,0.0,-2.6,90,9.1,351,997.9,100,100,63,100,0.2,0.0,43.6591,-70.2568,2021,12,25,20
2021-12-25 21:00:00,0.0,0.0,0.0,0.0,-2.7,90,9.5,349,998.1,100,100,100,100,0.0,0.0,43.6591,-70.2568,2021,12,25,21
2021-12-25 22:00:00,0.0,0.0,0.0,0.0,-2.5,88,10.1,360,998.3,100,100,100,96,0.0,0.0,43.6591,-70.2568,2021,12,25,22
2021-12-25 23:00:00,0.0,0.0,0.0,0.0,-2.4,87,10.1,356,998.3,100,100,100,100,0.1,0.0,43.6591,-70.2568,2021,12,25,23
2021-12-26 00:00:00,0.0,0.0,0.0,0.0,-2.5,89,11.2,354,998.8,100,100,100,100,0.7,0.0,43.6591,-70.2568,2021,12,26,0
2021-12-26 01:00:00,0.0,0.0,0.0,0.0,-2.7,90,10.8,4,998.6,100,100,100,100,0.7,0.0,43.6591,-70.2568,2021,12,26,1
2021-12-26 02:00:00,0.0,0.0,0.0,0.0,-2.8,90,10.1,356,999.1,100,100,100,100,0.6,0.0,43.6591,-70.2568,2021,12,26,2
2021-12-26 03:00:00,0.0,0.0,0.0,0.0,-3.0,91,10.7,348,999.8,100,100,100,100,1.2,0.0,43.6591,-70.2568,2021,12,26,3
2021-12-26 04:00:00,0.0,0.0,0.0,0.0,-3.0,89,10.5,352,1000.2,100,100,100,100,1.5,0.0,43.6591,-70.2568,2021,12,26,4
2021-12-26 05:00:00,0.0,0.0,0.0,0.0,-2.9,87,9.9,350,1000.5,100,100,100,100,0.5,0.0,43.6591,-70.2568,2021,12,26,5
2021-12-26 06:00:00,0.0,0.0,0.0,0.0,-2.9,86,10.1,354,1001.0,100,100,100,100,0.3,0.0,43.6591,-70.2568,2021,12,26,6
2021-12-26 07:00:00,0.0,0.0,0.0,0.0,-2.6,83,10.8,360,1001.5,100,74,100,20,0.1,0.0,43.6591,-70.2568,2021,12,26,7
2021-12-26 08:00:00,0.0,0.0,0.0,0.0,-1.7,83,9.0,2,1002.0,100,98,100,100,0.0,0.0,43.6591,-70.2568,2021,12,26,8
2021-12-26 09:00:00,10.0,0.0,10.0,0.0,-1.6,82,9.4,358,1002.7,100,99,30,100,0.0,0.0,43.6591,-70.2568,2021,12,26,9
2021-12-26 10:00:00,84.0,6.0,78.0,35.4,-1.0,78,5.2,335,1003.7,100,46,100,74,0.0,0.0,43.6591,-70.2568,2021,12,26,10
2021-12-26 11:00:00,77.0,0.0,77.0,0.0,-0.2,77,4.1,322,1004.4,98,4,56,96,0.0,0.0,43.6591,-70.2568,2021,12,26,11
2021-12-26 12:00:00,263.0,86.0,177.0,241.5,1.2,75,3.9,304,1004.4,99,0,89,89,0.0,3600.0,43.6591,-70.2568,2021,12,26,12
2021-12-26 13:00:00,271.0,77.0,194.0,198.6,2.5,69,7.4,321,1004.2,100,0,100,71,0.0,3600.0,43.6591,-70.2568,2021,12,26,13
2021-12-26 14:00:00,149.0,5.0,144.0,13.4,2.7,62,10.9,326,1004.0,27,2,27,0,0.0,0.0,43.6591,-70.2568,2021,12,26,14
2021-12-26 15:00:00,291.0,203.0,88.0,641.2,2.9,58,11.6,324,1004.6,96,8,96,0,0.0,3600.0,43.6591,-70.2568,2021,12,26,15
2021-12-26 16:00:00,128.0,40.0,88.0,182.8,2.4,63,8.9,333,1005.0,100,0,100,0,0.0,3600.0,43.6591,-70.2568,2021,12,26,16
2021-12-26 17:00:00,30.0,4.0,26.0,41.5,1.6,68,11.6,338,1005.6,92,0,92,0,0.0,0.0,43.6591,-70.2568,2021,12,26,17
2021-12-26 18:00:00,0.0,0.0,0.0,0.0,0.6,69,15.8,336,1006.3,88,0,88,0,0.0,0.0,43.6591,-70.2568,2021,12,26,18
2021-12-26 19:00:00,0.0,0.0,0.0,0.0,-0.3,73,15.4,327,1007.1,58,18,56,0,0.0,0.0,43.6591,-70.2568,2021,12,26,19
2021-12-26 20:00:00,0.0,0.0,0.0,0.0,0.3,75,17.1,321,1007.3,97,4,94,0,0.0,0.0,43.6591,-70.2568,2021,12,26,20
2021-12-26 21:00:00,0.0,0.0,0.0,0.0,-0.6,78,15.5,316,1007.9,100,11,100,3,0.0,0.0,43.6591,-70.2568,2021,12,26,21
2021-12-26 22:00:00,0.0,0.0,0.0,0.0,-0.4,77,14.8,315,1008.5,100,66,100,100,0.0,0.0,43.6591,-70.2568,2021,12,26,22
2021-12-26 23:00:00,0.0,0.0,0.0,0.0,-0.3,73,16.2,328,1009.3,100,91,100,100,0.0,0.0,43.6591,-70.2568,2021,12,26,23
2021-12-27 00:00:00,0.0,0.0,0.0,0.0,-0.8,69,19.8,333,1010.0,100,67,100,91,0.0,0.0,43.6591,-70.2568,2021,12,27,0
2021-12-27 01:00:00,0.0,0.0,0.0,0.0,-1.4,69,20.0,332,1010.2,100,66,100,0,0.0,0.0,43.6591,-70.2568,2021,12,27,1
2021-12-27 02:00:00,0.0,0.0,0.0,0.0,-1.6,70,18.2,333,1010.7,91,35,91,0,0.0,0.0,43.6591,-70.2568,2021,12,27,2
2021-12-27 03:00:00,0.0,0.0,0.0,0.0,-2.2,71,16.6,336,1011.3,89,35,88,0,0.0,0.0,43.6591,-70.2568,2021,12,27,3
2021-12-27 04:00:00,0.0,0.0,0.0,0.0,-2.2,71,16.1,333,1011.6,61,10,58,0,0.0,0.0,43.6591,-70.2568,2021,12,27,4
2021-12-27 05:00:00,0.0,0.0,0.0,0.0,-3.2,75,14.6,327,1012.3,36,11,34,0,0.0,0.0,43.6591,-70.2568,2021,12,27,5
2021-12-27 06:00:00,0.0,0.0,0.0,0.0,-3.8,77,14.8,331,1013.0,12,12,2,0,0.0,0.0,43.6591,-70.2568,2021,12,27,6
2021-12-27 07:00:00,0.0,0.0,0.0,0.0,-4.3,79,14.4,338,1013.1,0,0,0,0,0.0,0.0,43.6591,-70.2568,2021,12,27,7
2021-12-27 08:00:00,0.0,0.0,0.0,0.0,-3.8,80,15.5,348,1013.8,10,0,0,0,0.0,0.0,43.6591,-70.2568,2021,12,27,8
2021-12-27 09:00:00,22.0,11.0,11.0,164.0,-4.2,78,15.0,350,1014.1,95,0,0,95,0.0,2424.82,43.6591,-70.2568,2021,12,27,9
2021-12-27 10:00:00,139.0,92.0,47.0,544.3,-3.6,74,12.2,360,1014.3,98,0,0,98,0.0,3600.0,43.6591,-70.2568,2021,12,27,10
2021-12-27 11:00:00,252.0,166.0,86.0,589.5,-2.8,70,7.9,336,1013.8,100,0,0,100,0.0,3600.0,43.6591,-70.2568,2021,12,27,11
2021-12-27 12:00:00,312.0,173.0,139.0,485.5,-1.4,66,7.8,304,1013.6,100,0,0,100,0.0,3600.0,43.6591,-70.2568,2021,12,27,12
2021-12-27 13:00:00,343.0,186.0,157.0,479.0,-0.3,64,5.9,313,1012.8,100,0,0,100,0.0,3600.0,43.6591,-70.2568,2021,12,27,13
2021-12-27 14:00:00,298.0,114.0,184.0,303.9,0.2,64,4.6,288,1012.6,100,0,0,100,0.0,3600.0,43.6591,-70.2568,2021,12,27,14
2021-12-27 15:00:00,214.0,48.0,166.0,151.0,0.1,67,3.5,294,1012.8,100,0,0,100,0.0,2729.32,43.6591,-70.2568,2021,12,27,15
2021-12-27 16:00:00,130.0,21.0,109.0,95.3,0.8,61,2.9,330,1012.2,100,0,3,100,0.0,1058.03,43.6591,-70.2568,2021,12,27,16
2021-12-27 17:00:00,43.0,4.0,39.0,41.1,0.3,65,1.1,18,1012.0,100,0,100,100,0.0,0.0,43.6591,-70.2568,2021,12,27,17
2021-12-27 18:00:00,0.0,0.0,0.0,0.0,-0.3,66,0.4,360,1012.2,97,0,97,0,0.0,0.0,43.6591,-70.2568,2021,12,27,18
2021-12-27 19:00:00,0.0,0.0,0.0,0.0,-1.1,68,1.9,292,1012.1,85,0,82,15,0.0,0.0,43.6591,-70.2568,2021,12,27,19
2021-12-27 20:00:00,0.0,0.0,0.0,0.0,-4.7,78,6.1,273,1011.5,95,0,92,65,0.0,0.0,43.6591,-70.2568,2021,12,27,20
2021-12-27 21:00:00,0.0,0.0,0.0,0.0,-5.1,79,5.2,295,1010.9,100,0,1,100,0.0,0.0,43.6591,-70.2568,2021,12,27,21
2021-12-27 22:00:00,0.0,0.0,0.0,0.0,-8.7,85,7.9,294,1010.2,100,0,3,100,0.0,0.0,43.6591,-70.2568,2021,12,27,22
2021-12-27 23:00:00,0.0,0.0,0.0,0.0,-8.9,85,5.5,302,1009.7,100,0,9,100,0.0,0.0,43.6591,-70.2568,2021,12,27,23
2021-12-28 00:00:00,0.0,0.0,0.0,0.0,-8.5,84,3.9,304,1009.3,100,1,6,100,0.0,0.0,43.6591,-70.2568,2021,12,28,0
2021-12-28 01:00:00,0.0,0.0,0.0,0.0,-8.9,86,3.1,315,1008.6,100,31,79,100,0.0,0.0,43.6591,-70.2568,2021,12,28,1
2021-12-28 02:00:00,0.0,0.0,0.0,0.0,-6.9,82,3.5,336,1008.4,100,94,100,100,0.0,0.0,43.6591,-70.2568,2021,12,28,2
2021-12-28 03:00:00,0.0,0.0,0.0,0.0,-5.8,81,5.5,349,1008.4,100,75,100,98,0.2,0.0,43.6591,-70.2568,2021,12,28,3
2021-12-28 04:00:00,0.0,0.0,0.0,0.0,-4.9,83,6.8,357,1007.8,100,100,100,73,0.3,0.0,43.6591,-70.2568,2021,12,28,4
2021-12-28 05:00:00,0.0,0.0,0.0,0.0,-3.8,84,4.7,4,1007.0,100,100,100,85,0.2,0.0,43.6591,-70.2568,2021,12,28,5
2021-12-28 06:00:00,0.0,0.0,0.0,0.0,-3.2,83,3.6,354,1006.7,100,100,100,94,0.1,0.0,43.6591,-70.2568,2021,12,28,6
2021-12-28 07:00:00,0.0,0.0,0.0,0.0,-2.8,86,4.4,35,1006.0,100,100,100,12,0.1,0.0,43.6591,-70.2568,2021,12,28,7
2021-12-28 08:00:00,0.0,0.0,0.0,0.0,-2.2,90,2.6,16,1006.4,100,100,99,86,0.1,0.0,43.6591,-70.2568,2021,12,28,8
2021-12-28 09:00:00,4.0,0.0,4.0,0.0,-2.2,89,3.8,253,1005.8,100,100,100,100,0.1,0.0,43.6591,-70.2568,2021,12,28,9
2021-12-28 10:00:00,14.0,0.0,14.0,0.0,-1.5,89,6.3,257,1005.3,100,100,100,91,0.1,0.0,43.6591,-70.2568,2021,12,28,10
2021-12-28 11:00:00,30.0,0.0,30.0,0.0,-1.0,88,8.7,265,1005.0,100,100,100,100,0.1,0.0,43.6591,-70.2568,2021,12,28,11
2021-12-28 12:00:00,35.0,0.0,35.0,0.0,-0.1,88,11.8,230,1003.9,100,100,68,100,0.1,0.0,43.6591,-70.2568,2021,12,28,12
2021-12-28 13:00:00,112.0,5.0,107.0,12.9,1.7,83,8.7,222,1002.8,95,46,0,90,0.0,0.0,43.6591,-70.2568,2021,12,28,13
2021-12-28 14:00:00,326.0,188.0,138.0,499.6,3.8,72,15.2,274,1002.3,85,72,0,48,0.0,3600.0,43.6591,-70.2568,2021,12,28,14
2021-12-28 15:00:00,277.0,168.0,109.0,526.1,4.4,68,13.3,273,1002.5,3,3,0,0,0.0,3600.0,43.6591,-70.2568,2021,12,28,15
2021-12-28 16:00:00,197.0,144.0,53.0,648.2,3.9,69,11.1,283,1002.9,100,1,0,100,0.0,3600.0,43.6591,-70.2568,2021,12,28,16
2021-12-28 17:00:00,63.0,35.0,28.0,356.3,2.0,77,8.3,272,1004.0,99,0,3,99,0.0,3600.0,43.6591,-70.2568,2021,12,28,17
2021-12-28 18:00:00,0.0,0.0,0.0,0.0,0.5,82,6.2,280,1004.5,97,3,11,96,0.0,0.0,43.6591,-70.2568,2021,12,28,18
2021-12-28 19:00:00,0.0,0.0,0.0,0.0,0.2,83,5.6,320,1006.0,100,3,82,100,0.0,0.0,43.6591,-70.2568,2021,12,28,19
2021-12-28 20:00:00,0.0,0.0,0.0,0.0,2.5,75,14.5,284,1007.1,100,0,100,100,0.0,0.0,43.6591,-70.2568,2021,12,28,20
2021-12-28 21:00:00,0.0,0.0,0.0,0.0,1.2,80,10.6,288,1006.6,100,0,100,100,0.0,0.0,43.6591,-70.2568,2021,12,28,21
2021-12-28 22:00:00,0.0,0.0,0.0,0.0,0.7,84,9.4,293,1007.0,100,0,100,100,0.0,0.0,43.6591,-70.2568,2021,12,28,22
2021-12-28 23:00:00,0.0,0.0,0.0,0.0,0.1,87,9.4,310,1006.6,100,0,100,100,0.0,0.0,43.6591,-70.2568,2021,12,28,23
2021-12-29 00:00:00,0.0,0.0,0.0,0.0,-0.2,91,8.9,313,1006.8,89,0,76,55,0.0,0.0,43.6591,-70.2568,2021,12,29,0
2021-12-29 01:00:00,0.0,0.0,0.0,0.0,-0.9,91,9.5,323,1007.0,100,0,100,91,0.0,0.0,43.6591,-70.2568,2021,12,29,1
2021-12-29 02:00:00,0.0,0.0,0.0,0.0,-0.4,87,9.3,347,1007.8,100,0,100,94,0.0,0.0,43.6591,-70.2568,2021,12,29,2
2021-12-29 03:00:00,0.0,0.0,0.0,0.0,-0.5,83,7.6,352,1008.4,100,0,100,100,0.0,0.0,43.6591,-70.2568,2021,12,29,3
2021-12-29 04:00:00,0.0,0.0,0.0,0.0,-0.6,82,8.0,5,1008.4,100,0,100,7,0.0,0.0,43.6591,-70.2568,2021,12,29,4
2021-12-29 05:00:00,0.0,0.0,0.0,0.0,-0.7,83,7.0,21,1008.1,100,0,100,0,0.0,0.0,43.6591,-70.2568,2021,12,29,5
2021-12-29 06:00:00,0.0,0.0,0.0,0.0,-0.8,84,7.0,12,1008.5,100,0,100,0,0.0,0.0,43.6591,-70.2568,2021,12,29,6
2021-12-29 07:00:00,0.0,0.0,0.0,0.0,-1.2,86,5.4,352,1009.1,48,0,48,0,0.0,0.0,43.6591,-70.2568,2021,12,29,7
2021-12-29 08:00:00,0.0,0.0,0.0,0.0,-0.9,85,6.5,19,1008.8,18,18,8,0,0.0,0.0,43.6591,-70.2568,2021,12,29,8
2021-12-29 09:00:00,20.0,10.0,10.0,150.1,-1.3,88,7.0,12,1009.8,29,19,4,8,0.0,2396.78,43.6591,-70.2568,2021,12,29,9
2021-12-29 10:00:00,132.0,82.0,50.0,486.9,-0.4,85,5.4,20,1010.5,37,36,2,0,0.0,3600.0,43.6591,-70.2568,2021,12,29,10
2021-12-29 11:00:00,259.0,192.0,67.0,681.7,1.1,70,4.9,36,1010.7,5,5,0,0,0.0,3600.0,43.6591,-70.2568,2021,12,29,11
2021-12-29 12:00:00,347.0,272.0,75.0,761.6,1.6,67,4.1,52,1010.5,19,19,0,0,0.0,3600.0,43.6591,-70.2568,2021,12,29,12
2021-12-29 13:00:00,380.0,293.0,87.0,751.6,1.9,67,3.4,72,1010.2,26,26,0,0,0.0,3600.0,43.6591,-70.2568,2021,12,29,13
2021-12-29 14:00:00,367.0,283.0,84.0,749.7,2.0,68,3.3,96,1009.9,61,43,0,32,0.0,3600.0,43.6591,-70.2568,2021,12,29,14
2021-12-29 15:00:00,284.0,190.0,94.0,592.1,2.0,70,3.3,96,1010.4,97,96,0,25,0.0,3600.0,43.6591,-70.2568,2021,12,29,15
2021-12-29 16:00:00,172.0,94.0,78.0,419.8,1.4,74,5.4,98,1010.8,87,67,24,47,0.0,3600.0,43.6591,-70.2568,2021,12,29,16
2021-12-29 17:00:00,57.0,27.0,30.0,272.0,0.6,82,9.8,84,1011.5,100,0,100,100,0.0,3600.0,43.6591,-70.2568,2021,12,29,17
2021-12-29 18:00:00,0.0,0.0,0.0,0.0,1.2,82,9.4,92,1011.9,100,5,100,100,0.0,0.0,43.6591,-70.2568,2021,12,29,18
2021-12-29 19:00:00,0.0,0.0,0.0,0.0,1.4,83,8.4,97,1012.5,100,15,97,100,0.0,0.0,43.6591,-70.2568,2021,12,29,19
2021-12-29 20:00:00,0.0,0.0,0.0,0.0,1.6,85,7.4,104,1012.9,100,100,99,100,0.0,0.0,43.6591,-70.2568,2021,12,29,20
2021-12-29 21:00:00,0.0,0.0,0.0,0.0,1.7,86,6.2,111,1013.1,100,100,100,100,0.0,0.0,43.6591,-70.2568,2021,12,29,21
2021-12-29 22:00:00,0.0,0.0,0.0,0.0,1.9,86,7.9,106,1012.9,100,100,100,100,0.0,0.0,43.6591,-70.2568,2021,12,29,22
2021-12-29 23:00:00,0.0,0.0,0.0,0.0,2.2,87,8.7,128,1013.4,100,100,100,100,0.0,0.0,43.6591,-70.2568,2021,12,29,23
2021-12-30 00:00:00,0.0,0.0,0.0,0.0,2.5,87,7.9,141,1013.4,100,100,100,100,0.1,0.0,43.6591,-70.2568,2021,12,30,0
2021-12-30 01:00:00,0.0,0.0,0.0,0.0,2.8,86,8.4,149,1012.6,100,100,100,100,0.1,0.0,43.6591,-70.2568,2021,12,30,1
2021-12-30 02:00:00,0.0,0.0,0.0,0.0,3.3,86,10.3,151,1012.6,100,100,100,94,0.1,0.0,43.6591,-70.2568,2021,12,30,2
2021-12-30 03:00:00,0.0,0.0,0.0,0.0,3.9,85,13.0,136,1011.8,100,100,66,100,0.1,0.0,43.6591,-70.2568,2021,12,30,3
2021-12-30 04:00:00,0.0,0.0,0.0,0.0,3.1,90,5.4,176,1011.3,100,100,50,82,0.1,0.0,43.6591,-70.2568,2021,12,30,4
2021-12-30 05:00:00,0.0,0.0,0.0,0.0,2.5,92,6.6,261,1010.6,100,100,56,100,0.0,0.0,43.6591,-70.2568,2021,12,30,5
2021-12-30 06:00:00,0.0,0.0,0.0,0.0,1.5,93,7.0,291,1010.8,100,100,100,100,0.0,0.0,43.6591,-70.2568,2021,12,30,6
2021-12-30 07:00:00,0.0,0.0,0.0,0.0,1.0,93,6.9,313,1011.4,100,100,66,28,0.0,0.0,43.6591,-70.2568,2021,12,30,7
2021-12-30 08:00:00,0.0,0.0,0.0,0.0,-0.3,92,9.9,341,1012.0,100,100,100,7,0.0,0.0,43.6591,-70.2568,2021,12,30,8
2021-12-30 09:00:00,4.0,0.0,4.0,0.0,-0.4,92,7.4,346,1012.4,100,100,65,20,0.1,0.0,43.6591,-70.2568,2021,12,30,9
2021-12-30 10:00:00,33.0,1.0,32.0,5.9,0.0,89,6.0,335,1012.6,100,100,100,57,0.0,0.0,43.6591,-70.2568,2021,12,30,10
2021-12-30 11:00:00,31.0,0.0,31.0,0.0,0.2,89,1.9,338,1011.9,100,100,100,100,0.0,0.0,43.6591,-70.2568,2021,12,30,11
2021-12-30 12:00:00,87.0,1.0,86.0,2.8,1.2,85,2.8,310,1011.2,100,100,100,66,0.0,0.0,43.6591,-70.2568,2021,12,30,12
2021-12-30 13:00:00,97.0,0.0,97.0,0.0,2.0,81,4.8,318,1010.6,100,100,100,14,0.0,0.0,43.6591,-70.2568,2021,12,30,13
2021-12-30 14:00:00,100.0,0.0,100.0,0.0,2.2,82,2.9,330,1009.9,100,100,100,0,0.0,0.0,43.6591,-70.2568,2021,12,30,14
2021-12-30 15:00:00,120.0,3.0,117.0,9.3,2.2,84,3.1,315,1009.7,100,100,98,0,0.0,0.0,43.6591,-70.2568,2021,12,30,15
2021-12-30 16:00:00,77.0,1.0,76.0,4.4,2.1,85,3.8,319,1010.2,100,100,100,0,0.0,0.0,43.6591,-70.2568,2021,12,30,16
2021-12-30 17:00:00,14.0,0.0,14.0,0.0,2.0,85,4.4,351,1010.5,100,72,100,0,0.0,0.0,43.6591,-70.2568,2021,12,30,17
2021-12-30 18:00:00,0.0,0.0,0.0,0.0,1.7,86,8.2,23,1010.4,61,30,44,0,0.0,0.0,43.6591,-70.2568,2021,12,30,18
2021-12-30 19:00:00,0.0,0.0,0.0,0.0,0.9,88,5.5,23,1010.5,34,22,16,0,0.0,0.0,43.6591,-70.2568,2021,12,30,19
2021-12-30 20:00:00,0.0,0.0,0.0,0.0,-0.4,90,9.7,333,1011.1,100,38,99,0,0.0,0.0,43.6591,-70.2568,2021,12,30,20
2021-12-30 21:00:00,0.0,0.0,0.0,0.0,0.0,92,9.7,356,1011.3,83,59,59,0,0.0,0.0,43.6591,-70.2568,2021,12,30,21
2021-12-30 22:00:00,0.0,0.0,0.0,0.0,0.0,92,7.9,3,1011.1,99,69,98,0,0.0,0.0,43.6591,-70.2568,2021,12,30,22
2021-12-30 23:00:00,0.0,0.0,0.0,0.0,0.3,91,6.9,6,1010.8,100,37,100,0,0.0,0.0,43.6591,-70.2568,2021,12,30,23
2021-12-31 00:00:00,0.0,0.0,0.0,0.0,-0.0,93,4.0,360,1010.5,94,38,88,11,0.0,0.0,43.6591,-70.2568,2021,12,31,0
2021-12-31 01:00:00,0.0,0.0,0.0,0.0,-0.9,92,2.9,300,1010.5,100,66,96,86,0.0,0.0,43.6591,-70.2568,2021,12,31,1
2021-12-31 02:00:00,0.0,0.0,0.0,0.0,-0.6,92,4.2,329,1010.2,100,80,100,100,0.0,0.0,43.6591,-70.2568,2021,12,31,2
2021-12-31 03:00:00,0.0,0.0,0.0,0.0,-0.2,92,7.1,336,1010.7,100,100,100,100,0.0,0.0,43.6591,-70.2568,2021,12,31,3
2021-12-31 04:00:00,0.0,0.0,0.0,0.0,-0.1,92,6.0,343,1010.8,100,100,100,100,0.0,0.0,43.6591,-70.2568,2021,12,31,4
2021-12-31 05:00:00,0.0,0.0,0.0,0.0,0.1,92,5.4,4,1010.4,100,100,98,10,0.0,0.0,43.6591,-70.2568,2021,12,31,5
2021-12-31 06:00:00,0.0,0.0,0.0,0.0,0.3,91,5.6,15,1010.6,100,100,100,0,0.0,0.0,43.6591,-70.2568,2021,12,31,6
2021-12-31 07:00:00,0.0,0.0,0.0,0.0,0.3,92,3.9,22,1010.6,100,100,100,0,0.0,0.0,43.6591,-70.2568,2021,12,31,7
2021-12-31 08:00:00,0.0,0.0,0.0,0.0,0.4,93,6.2,7,1011.2,100,91,100,0,0.0,0.0,43.6591,-70.2568,2021,12,31,8
2021-12-31 09:00:00,10.0,1.0,9.0,15.0,0.5,94,5.7,18,1011.6,100,13,100,0,0.0,0.0,43.6591,-70.2568,2021,12,31,9
2021-12-31 10:00:00,71.0,5.0,66.0,29.7,1.1,90,3.3,6,1011.9,96,2,96,0,0.0,0.0,43.6591,-70.2568,2021,12,31,10
2021-12-31 11:00:00,154.0,25.0,129.0,88.6,2.0,86,2.2,9,1012.2,98,94,65,0,0.0,857.88,43.6591,-70.2568,2021,12,31,11
2021-12-31 12:00:00,213.0,50.0,163.0,139.5,3.3,79,2.1,59,1012.0,100,99,85,0,0.0,2384.81,43.6591,-70.2568,2021,12,31,12
2021-12-31 13:00:00,167.0,0.0,167.0,0.0,2.9,84,2.8,130,1011.3,100,100,55,0,0.0,0.0,43.6591,-70.2568,2021,12,31,13
2021-12-31 14:00:00,185.0,7.0,178.0,18.4,3.4,82,2.5,135,1011.1,100,100,3,0,0.0,0.0,43.6591,-70.2568,2021,12,31,14
2021-12-31 15:00:00,236.0,92.0,144.0,283.7,3.4,83,3.1,135,1010.8,96,96,0,0,0.0,3600.0,43.6591,-70.2568,2021,12,31,15
2021-12-31 16:00:00,145.0,46.0,99.0,201.9,2.8,88,3.8,131,1010.8,50,46,8,0,0.0,3600.0,43.6591,-70.2568,2021,12,31,16
2021-12-31 17:00:00,59.0,29.0,30.0,285.9,0.6,93,7.1,135,1010.6,28,23,10,0,0.0,3600.0,43.6591,-70.2568,2021,12,31,17
2021-12-31 18:00:00,1.0,0.0,1.0,0.0,0.1,93,8.4,140,1010.3,98,17,97,0,0.0,0.0,43.6591,-70.2568,2021,12,31,18
2021-12-31 19:00:00,0.0,0.0,0.0,0.0,2.6,90,5.6,243,1011.0,100,100,100,0,0.0,0.0,43.6591,-70.2568,2021,12,31,19
2021-12-31 20:00:00,0.0,0.0,0.0,0.0,2.1,95,3.6,307,1011.4,100,100,99,0,0.6,0.0,43.6591,-70.2568,2021,12,31,20
2021-12-31 21:00:00,0.0,0.0,0.0,0.0,1.8,96,1.6,333,1011.4,100,100,85,0,0.0,0.0,43.6591,-70.2568,2021,12,31,21
2021-12-31 22:00:00,0.0,0.0,0.0,0.0,3.2,92,1.4,360,1011.2,98,95,69,0,0.0,0.0,43.6591,-70.2568,2021,12,31,22
2021-12-31 23:00:00,0.0,0.0,0.0,0.0,2.7,94,3.5,294,1011.0,100,100,100,0,0.0,0.0,43.6591,-70.2568,2021,12,31,23
