timestamp,ghi,direct_horizontal,dhi,dni,temperature,humidity,wind_speed,wind_direction,pressure,cloud_type,cloud_low,cloud_mid,cloud_high,precipitable_water,sunshine_duration,latitude,longitude,year,month,day,hour
2024-01-01 00:00:00,0.0,0.0,0.0,0.0,-2.1,81,6.6,315,1014.2,100,0,82,100,0.0,0.0,41.824,-71.4128,2024,1,1,0
2024-01-01 01:00:00,0.0,0.0,0.0,0.0,-2.1,83,5.9,317,1014.4,17,3,1,13,0.0,0.0,41.824,-71.4128,2024,1,1,1
2024-01-01 02:00:00,0.0,0.0,0.0,0.0,-2.8,86,4.8,312,1014.6,8,0,7,2,0.0,0.0,41.824,-71.4128,2024,1,1,2
2024-01-01 03:00:00,0.0,0.0,0.0,0.0,-3.1,88,3.9,304,1015.0,20,0,17,5,0.0,0.0,41.824,-71.4128,2024,1,1,3
2024-01-01 04:00:00,0.0,0.0,0.0,0.0,-2.8,86,4.6,309,1015.0,9,6,3,0,0.0,0.0,41.824,-71.4128,2024,1,1,4
2024-01-01 05:00:00,0.0,0.0,0.0,0.0,-3.1,88,3.7,349,1014.9,33,30,4,0,0.0,0.0,41.824,-71.4128,2024,1,1,5
2024-01-01 06:00:00,0.0,0.0,0.0,0.0,-3.2,89,5.4,8,1014.7,49,48,19,0,0.0,0.0,41.824,-71.4128,2024,1,1,6
2024-01-01 07:00:00,0.0,0.0,0.0,0.0,-3.4,89,5.0,360,1015.2,73,44,63,0,0.0,0.0,41.824,-71.4128,2024,1,1,7
2024-01-01 08:00:00,0.0,0.0,0.0,0.0,-3.5,88,4.3,5,1015.7,9,6,3,0,0.0,0.0,41.824,-71.4128,2024,1,1,8
2024-01-01 09:00:00,21.0,10.0,11.0,139.3,-1.4,86,5.4,340,1015.2,7,4,3,0,0.0,2473.35,41.824,-71.4128,2024,1,1,9
2024-01-01 10:00:00,143.0,98.0,45.0,542.5,0.6,77,3.6,354,1015.8,21,7,15,2,0.0,3600.0,41.824,-71.4128,2024,1,1,10
2024-01-01 11:00:00,276.0,218.0,58.0,724.9,2.4,67,4.3,360,1016.1,38,0,38,1,0.0,3600.0,41.824,-71.4128,2024,1,1,11
2024-01-01 12:00:00,370.0,303.0,67.0,792.0,3.5,61,5.4,340,1015.8,10,0,10,0,0.0,3600.0,41.824,-71.4128,2024,1,1,12
2024-01-01 13:00:00,411.0,336.0,75.0,798.9,4.9,55,11.0,308,1015.1,35,35,0,0,0.0,3600.0,41.824,-71.4128,2024,1,1,13
2024-01-01 14:00:00,374.0,272.0,102.0,659.8,5.5,50,13.1,302,1014.5,20,20,0,0,0.0,3600.0,41.824,-71.4128,2024,1,1,14
2024-01-01 15:00:00,320.0,236.0,84.0,659.1,5.6,50,11.6,306,1014.5,19,17,2,0,0.0,3600.0,41.824,-71.4128,2024,1,1,15
2024-01-01 16:00:00,208.0,135.0,73.0,515.8,5.0,52,9.4,320,1014.8,6,2,4,0,0.0,3600.0,41.824,-71.4128,2024,1,1,16
2024-01-01 17:00:00,92.0,57.0,35.0,439.1,3.1,65,4.9,343,1015.3,10,7,4,0,0.0,3600.0,41.824,-71.4128,2024,1,1,17
2024-01-01 18:00:00,4.0,2.0,2.0,38.2,1.1,72,4.6,18,1015.6,1,0,1,0,0.0,132.7,41.824,-71.4128,2024,1,1,18
2024-01-01 19:00:00,0.0,0.0,0.0,0.0,-0.2,77,5.9,11,1016.0,23,7,4,17,0.0,0.0,41.824,-71.4128,2024,1,1,19
2024-01-01 20:00:00,0.0,0.0,0.0,0.0,-1.1,78,8.3,360,1016.5,26,9,0,19,0.0,0.0,41.824,-71.4128,2024,1,1,20
2024-01-01 21:00:00,0.0,0.0,0.0,0.0,-1.7,82,7.7,332,1016.7,0,0,0,0,0.0,0.0,41.824,-71.4128,2024,1,1,21
2024-01-01 22:00:00,0.0,0.0,0.0,0.0,-2.6,85,8.4,353,1016.9,3,3,0,0,0.0,0.0,41.824,-71.4128,2024,1,1,22
2024-01-01 23:00:00,0.0,0.0,0.0,0.0,-3.5,87,10.0,347,1017.1,0,0,0,0,0.0,0.0,41.824,-71.4128,2024,1,1,23
2024-01-02 00:00:00,0.0,0.0,0.0,0.0,-4.0,82,9.5,349,1017.2,0,0,0,0,0.0,0.0,41.824,-71.4128,2024,1,2,0
2024-01-02 01:00:00,0.0,0.0,0.0,0.0,-4.4,78,9.6,347,1017.1,0,0,0,0,0.0,0.0,41.824,-71.4128,2024,1,2,1
2024-01-02 02:00:00,0.0,0.0,0.0,0.0,-4.7,80,9.3,344,1017.0,0,0,0,0,0.0,0.0,41.824,-71.4128,2024,1,2,2
2024-01-02 03:00:00,0.0,0.0,0.0,0.0,-4.9,81,8.9,339,1017.3,0,0,0,0,0.0,0.0,41.824,-71.4128,2024,1,2,3
2024-01-02 04:00:00,0.0,0.0,0.0,0.0,-5.1,83,7.8,338,1017.3,0,0,0,0,0.0,0.0,41.824,-71.4128,2024,1,2,4
2024-01-02 05:00:00,0.0,0.0,0.0,0.0,-5.1,83,7.1,330,1017.0,0,0,0,0,0.0,0.0,41.824,-71.4128,2024,1,2,5
2024-01-02 06:00:00,0.0,0.0,0.0,0.0,-5.2,82,6.9,321,1017.0,0,0,0,0,0.0,0.0,41.824,-71.4128,2024,1,2,6
2024-01-02 07:00:00,0.0,0.0,0.0,0.0,-5.1,81,7.4,313,1017.1,0,0,0,0,0.0,0.0,41.824,-71.4128,2024,1,2,7
2024-01-02 08:00:00,0.0,0.0,0.0,0.0,-5.2,81,8.0,306,1017.3,0,0,0,0,0.0,0.0,41.824,-71.4128,2024,1,2,8
2024-01-02 09:00:00,24.0,14.0,10.0,195.1,-4.6,79,9.3,306,1017.3,0,0,0,0,0.0,2482.51,41.824,-71.4128,2024,1,2,9
2024-01-02 10:00:00,150.0,109.0,41.0,603.0,-2.4,66,7.6,315,1017.4,0,0,0,0,0.0,3600.0,41.824,-71.4128,2024,1,2,10
2024-01-02 11:00:00,283.0,228.0,55.0,757.0,-0.4,53,7.9,321,1017.1,0,0,0,0,0.0,3600.0,41.824,-71.4128,2024,1,2,11
2024-01-02 12:00:00,380.0,318.0,62.0,829.4,1.7,44,6.4,317,1016.0,0,0,0,0,0.0,3600.0,41.824,-71.4128,2024,1,2,12
2024-01-02 13:00:00,425.0,360.0,65.0,853.4,3.3,38,5.4,307,1015.2,0,0,0,0,0.0,3600.0,41.824,-71.4128,2024,1,2,13
2024-01-02 14:00:00,414.0,349.0,65.0,843.3,4.3,37,5.3,298,1014.2,0,0,0,0,0.0,3600.0,41.824,-71.4128,2024,1,2,14
2024-01-02 15:00:00,348.0,288.0,60.0,800.0,4.8,37,4.3,275,1013.7,0,0,0,0,0.0,3600.0,41.824,-71.4128,2024,1,2,15
2024-01-02 16:00:00,237.0,186.0,51.0,704.7,4.4,52,2.1,239,1013.3,0,0,0,0,0.0,3600.0,41.824,-71.4128,2024,1,2,16
2024-01-02 17:00:00,99.0,67.0,32.0,506.7,2.0,54,5.9,227,1013.2,0,0,0,0,0.0,3600.0,41.824,-71.4128,2024,1,2,17
2024-01-02 18:00:00,5.0,2.0,3.0,38.2,-0.5,63,7.4,256,1013.2,0,0,0,0,0.0,105.4,41.824,-71.4128,2024,1,2,18
2024-01-02 19:00:00,0.0,0.0,0.0,0.0,-0.6,60,7.6,275,1013.3,0,0,0,0,0.0,0.0,41.824,-71.4128,2024,1,2,19
2024-01-02 20:00:00,0.0,0.0,0.0,0.0,-1.2,62,9.7,270,1013.4,0,0,0,0,0.0,0.0,41.824,-71.4128,2024,1,2,20
2024-01-02 21:00:00,0.0,0.0,0.0,0.0,-1.6,72,9.5,279,1013.3,0,0,0,0,0.0,0.0,41.824,-71.4128,2024,1,2,21
2024-01-02 22:00:00,0.0,0.0,0.0,0.0,-1.7,76,9.8,276,1013.2,0,0,0,0,0.0,0.0,41.824,-71.4128,2024,1,2,22
2024-01-02 23:00:00,0.0,0.0,0.0,0.0,-1.9,76,10.2,280,1013.1,0,0,0,0,0.0,0.0,41.824,-71.4128,2024,1,2,23
2024-01-03 00:00:00,0.0,0.0,0.0,0.0,-1.8,71,12.1,287,1013.0,0,0,0,0,0.0,0.0,41.824,-71.4128,2024,1,3,0
2024-01-03 01:00:00,0.0,0.0,0.0,0.0,-1.7,69,11.8,293,1012.7,0,0,0,0,0.0,0.0,41.824,-71.4128,2024,1,3,1
2024-01-03 02:00:00,0.0,0.0,0.0,0.0,-1.7,69,11.1,299,1012.6,0,0,0,0,0.0,0.0,41.824,-71.4128,2024,1,3,2
2024-01-03 03:00:00,0.0,0.0,0.0,0.0,-1.8,71,11.3,307,1012.8,29,0,0,29,0.0,0.0,41.824,-71.4128,2024,1,3,3
2024-01-03 04:00:00,0.0,0.0,0.0,0.0,-1.9,74,10.5,311,1012.8,11,0,0,11,0.0,0.0,41.824,-71.4128,2024,1,3,4
2024-01-03 05:00:00,0.0,0.0,0.0,0.0,-1.9,76,9.9,314,1012.7,76,0,0,76,0.0,0.0,41.824,-71.4128,2024,1,3,5
2024-01-03 06:00:00,0.0,0.0,0.0,0.0,-2.1,79,9.7,309,1012.9,99,0,0,99,0.0,0.0,41.824,-71.4128,2024,1,3,6
2024-01-03 07:00:00,0.0,0.0,0.0,0.0,-2.2,81,9.4,302,1013.2,43,0,9,40,0.0,0.0,41.824,-71.4128,2024,1,3,7
2024-01-03 08:00:00,0.0,0.0,0.0,0.0,-2.4,83,9.8,298,1013.4,56,0,32,35,0.0,0.0,41.824,-71.4128,2024,1,3,8
2024-01-03 09:00:00,23.0,11.0,12.0,153.2,-1.7,79,11.7,313,1014.0,86,0,44,84,0.0,2479.4,41.824,-71.4128,2024,1,3,9
2024-01-03 10:00:00,133.0,74.0,59.0,408.9,0.8,67,10.0,311,1014.3,40,0,29,19,0.0,3600.0,41.824,-71.4128,2024,1,3,10
2024-01-03 11:00:00,269.0,201.0,68.0,666.1,3.0,60,10.8,323,1014.6,3,0,3,0,0.0,3600.0,41.824,-71.4128,2024,1,3,11
2024-01-03 12:00:00,373.0,306.0,67.0,796.1,4.3,55,8.9,328,1014.0,0,0,0,0,0.0,3600.0,41.824,-71.4128,2024,1,3,12
2024-01-03 13:00:00,420.0,353.0,67.0,834.1,5.2,51,7.8,326,1013.1,0,0,0,0,0.0,3600.0,41.824,-71.4128,2024,1,3,13
2024-01-03 14:00:00,409.0,342.0,67.0,822.9,5.8,50,6.4,317,1012.4,0,0,0,0,0.0,3600.0,41.824,-71.4128,2024,1,3,14
2024-01-03 15:00:00,347.0,286.0,61.0,789.9,6.1,50,6.4,297,1012.1,4,4,0,0,0.0,3600.0,41.824,-71.4128,2024,1,3,15
2024-01-03 16:00:00,234.0,177.0,57.0,664.8,5.5,58,4.0,275,1012.3,41,41,0,0,0.0,3600.0,41.824,-71.4128,2024,1,3,16
2024-01-03 17:00:00,94.0,59.0,35.0,438.0,2.0,69,7.7,221,1012.4,39,39,0,0,0.0,3600.0,41.824,-71.4128,2024,1,3,17
2024-01-03 18:00:00,5.0,2.0,3.0,38.2,0.4,74,6.5,267,1012.5,84,84,0,0,0.0,77.19,41.824,-71.4128,2024,1,3,18
2024-01-03 19:00:00,0.0,0.0,0.0,0.0,-0.2,78,5.5,293,1012.7,13,13,0,0,0.0,0.0,41.824,-71.4128,2024,1,3,19
2024-01-03 20:00:00,0.0,0.0,0.0,0.0,-0.6,80,5.9,284,1013.5,81,81,0,0,0.0,0.0,41.824,-71.4128,2024,1,3,20
2024-01-03 21:00:00,0.0,0.0,0.0,0.0,-0.5,84,8.0,288,1014.2,100,100,0,3,0.0,0.0,41.824,-71.4128,2024,1,3,21
2024-01-03 22:00:00,0.0,0.0,0.0,0.0,-0.3,84,7.5,287,1013.8,89,0,0,89,0.0,0.0,41.824,-71.4128,2024,1,3,22
2024-01-03 23:00:00,0.0,0.0,0.0,0.0,-1.0,86,8.0,288,1013.4,100,0,0,100,0.0,0.0,41.824,-71.4128,2024,1,3,23
2024-01-04 00:00:00,0.0,0.0,0.0,0.0,-1.4,86,8.1,283,1013.1,100,1,5,100,0.0,0.0,41.824,-71.4128,2024,1,4,0
2024-01-04 01:00:00,0.0,0.0,0.0,0.0,-1.5,86,9.0,272,1013.0,100,2,42,100,0.0,0.0,41.824,-71.4128,2024,1,4,1
2024-01-04 02:00:00,0.0,0.0,0.0,0.0,-1.0,83,9.4,270,1013.0,100,4,60,100,0.0,0.0,41.824,-71.4128,2024,1,4,2
2024-01-04 03:00:00,0.0,0.0,0.0,0.0,-0.8,81,9.4,274,1013.0,100,7,100,100,0.0,0.0,41.824,-71.4128,2024,1,4,3
2024-01-04 04:00:00,0.0,0.0,0.0,0.0,-0.6,80,8.3,272,1012.7,100,4,100,100,0.0,0.0,41.824,-71.4128,2024,1,4,4
2024-01-04 05:00:00,0.0,0.0,0.0,0.0,-0.7,80,7.6,278,1011.8,100,1,100,100,0.0,0.0,41.824,-71.4128,2024,1,4,5
2024-01-04 06:00:00,0.0,0.0,0.0,0.0,-0.6,80,8.0,260,1011.9,100,7,100,100,0.0,0.0,41.824,-71.4128,2024,1,4,6
2024-01-04 07:00:00,0.0,0.0,0.0,0.0,-0.4,79,7.5,287,1011.3,100,0,100,100,0.0,0.0,41.824,-71.4128,2024,1,4,7
2024-01-04 08:00:00,0.0,0.0,0.0,0.0,-0.7,81,6.8,273,1011.2,100,5,100,100,0.1,0.0,41.824,-71.4128,2024,1,4,8
2024-01-04 09:00:00,9.0,0.0,9.0,0.0,0.4,77,8.0,278,1011.5,100,0,100,100,0.1,0.0,41.824,-71.4128,2024,1,4,9
2024-01-04 10:00:00,64.0,0.0,64.0,0.0,1.4,76,6.2,260,1011.9,100,7,100,100,0.0,0.0,41.824,-71.4128,2024,1,4,10
2024-01-04 11:00:00,143.0,14.0,129.0,46.3,2.7,69,6.5,264,1012.0,100,0,79,100,0.0,0.0,41.824,-71.4128,2024,1,4,11
2024-01-04 12:00:00,289.0,123.0,166.0,319.1,4.5,59,9.9,280,1011.4,100,0,89,100,0.0,3600.0,41.824,-71.4128,2024,1,4,12
2024-01-04 13:00:00,323.0,142.0,181.0,334.4,5.4,52,12.1,293,1010.3,96,0,23,96,0.0,3600.0,41.824,-71.4128,2024,1,4,13
2024-01-04 14:00:00,368.0,236.0,132.0,565.3,6.3,47,16.7,307,1009.6,46,46,1,0,0.0,3600.0,41.824,-71.4128,2024,1,4,14
2024-01-04 15:00:00,281.0,171.0,110.0,469.5,6.1,49,20.4,316,1009.6,87,86,31,0,0.0,3600.0,41.824,-71.4128,2024,1,4,15
2024-01-04 16:00:00,150.0,65.0,85.0,241.9,5.6,51,19.0,323,1010.1,74,72,8,0,0.0,3600.0,41.824,-71.4128,2024,1,4,16
2024-01-04 17:00:00,83.0,38.0,45.0,276.9,4.3,58,15.3,326,1010.9,53,51,4,0,0.0,3600.0,41.824,-71.4128,2024,1,4,17
2024-01-04 18:00:00,5.0,1.0,4.0,19.1,3.0,57,20.0,332,1012.3,16,16,0,0,0.0,0.0,41.824,-71.4128,2024,1,4,18
2024-01-04 19:00:00,0.0,0.0,0.0,0.0,1.1,51,22.2,328,1013.9,0,0,0,0,0.0,0.0,41.824,-71.4128,2024,1,4,19
2024-01-04 20:00:00,0.0,0.0,0.0,0.0,-1.0,42,21.6,330,1015.2,0,0,0,0,0.0,0.0,41.824,-71.4128,2024,1,4,20
2024-01-04 21:00:00,0.0,0.0,0.0,0.0,-0.8,43,20.2,329,1015.4,0,0,0,0,0.0,0.0,41.824,-71.4128,2024,1,4,21
2024-01-04 22:00:00,0.0,0.0,0.0,0.0,-2.4,41,19.3,331,1016.4,0,0,0,0,0.0,0.0,41.824,-71.4128,2024,1,4,22
2024-01-04 23:00:00,0.0,0.0,0.0,0.0,-3.6,43,18.5,327,1017.1,0,0,0,0,0.0,0.0,41.824,-71.4128,2024,1,4,23
2024-01-05 00:00:00,0.0,0.0,0.0,0.0,-4.4,46,18.4,325,1017.8,0,0,0,0,0.0,0.0,41.824,-71.4128,2024,1,5,0
2024-01-05 01:00:00,0.0,0.0,0.0,0.0,-5.0,48,17.5,323,1018.3,0,0,0,0,0.0,0.0,41.824,-71.4128,2024,1,5,1
2024-01-05 02:00:00,0.0,0.0,0.0,0.0,-5.4,48,16.4,322,1018.8,0,0,0,0,0.0,0.0,41.824,-71.4128,2024,1,5,2
2024-01-05 03:00:00,0.0,0.0,0.0,0.0,-5.6,49,16.6,326,1019.2,0,0,0,0,0.0,0.0,41.824,-71.4128,2024,1,5,3
2024-01-05 04:00:00,0.0,0.0,0.0,0.0,-5.9,49,16.6,321,1019.9,7,0,0,7,0.0,0.0,41.824,-71.4128,2024,1,5,4
2024-01-05 05:00:00,0.0,0.0,0.0,0.0,-6.0,50,16.3,319,1020.3,65,0,0,65,0.0,0.0,41.824,-71.4128,2024,1,5,5
2024-01-05 06:00:00,0.0,0.0,0.0,0.0,-6.2,50,15.3,317,1020.4,30,0,0,30,0.0,0.0,41.824,-71.4128,2024,1,5,6
2024-01-05 07:00:00,0.0,0.0,0.0,0.0,-6.3,50,15.5,318,1020.8,5,0,0,5,0.0,0.0,41.824,-71.4128,2024,1,5,7
2024-01-05 08:00:00,0.0,0.0,0.0,0.0,-6.4,49,16.1,318,1021.4,10,0,2,10,0.0,0.0,41.824,-71.4128,2024,1,5,8
2024-01-05 09:00:00,25.0,14.0,11.0,194.2,-5.6,48,17.9,310,1022.0,0,0,0,0,0.0,2480.02,41.824,-71.4128,2024,1,5,9
2024-01-05 10:00:00,155.0,113.0,42.0,621.7,-4.5,43,20.7,310,1022.4,0,0,0,0,0.0,3600.0,41.824,-71.4128,2024,1,5,10
2024-01-05 11:00:00,291.0,234.0,57.0,771.6,-2.8,40,18.4,312,1022.5,0,0,0,0,0.0,3600.0,41.824,-71.4128,2024,1,5,11
2024-01-05 12:00:00,388.0,324.0,64.0,837.9,-1.2,37,17.1,309,1021.9,0,0,0,0,0.0,3600.0,41.824,-71.4128,2024,1,5,12
2024-01-05 13:00:00,435.0,368.0,67.0,863.3,-0.1,37,17.9,308,1020.8,0,0,0,0,0.0,3600.0,41.824,-71.4128,2024,1,5,13
2024-01-05 14:00:00,427.0,361.0,66.0,860.7,0.4,39,16.5,302,1020.1,3,3,0,0,0.0,3600.0,41.824,-71.4128,2024,1,5,14
2024-01-05 15:00:00,361.0,299.0,62.0,815.9,0.9,39,16.1,297,1019.8,8,8,0,0,0.0,3600.0,41.824,-71.4128,2024,1,5,15
2024-01-05 16:00:00,247.0,191.0,56.0,704.4,1.0,42,13.7,293,1019.7,0,0,0,0,0.0,3600.0,41.824,-71.4128,2024,1,5,16
2024-01-05 17:00:00,108.0,73.0,35.0,521.8,0.1,49,7.2,288,1019.8,0,0,0,0,0.0,3600.0,41.824,-71.4128,2024,1,5,17
2024-01-05 18:00:00,7.0,3.0,4.0,57.3,-1.8,56,6.5,276,1020.1,0,0,0,0,0.0,382.9,41.824,-71.4128,2024,1,5,18
2024-01-05 19:00:00,0.0,0.0,0.0,0.0,-2.6,61,8.8,251,1020.5,1,0,0,1,0.0,0.0,41.824,-71.4128,2024,1,5,19
2024-01-05 20:00:00,0.0,0.0,0.0,0.0,-3.1,65,9.3,254,1021.1,64,0,0,64,0.0,0.0,41.824,-71.4128,2024,1,5,20
2024-01-05 21:00:00,0.0,0.0,0.0,0.0,-3.0,70,8.3,268,1021.7,89,0,0,89,0.0,0.0,41.824,-71.4128,2024,1,5,21
2024-01-05 22:00:00,0.0,0.0,0.0,0.0,-3.0,73,8.0,243,1021.6,60,0,0,60,0.0,0.0,41.824,-71.4128,2024,1,5,22
2024-01-05 23:00:00,0.0,0.0,0.0,0.0,-3.2,75,8.0,234,1021.3,4,0,0,4,0.0,0.0,41.824,-71.4128,2024,1,5,23
2024-01-06 00:00:00,0.0,0.0,0.0,0.0,-3.5,77,9.0,241,1021.2,2,0,0,2,0.0,0.0,41.824,-71.4128,2024,1,6,0
2024-01-06 01:00:00,0.0,0.0,0.0,0.0,-3.5,77,9.1,261,1021.4,0,0,0,0,0.0,0.0,41.824,-71.4128,2024,1,6,1
2024-01-06 02:00:00,0.0,0.0,0.0,0.0,-3.5,76,9.0,268,1020.7,0,0,0,0,0.0,0.0,41.824,-71.4128,2024,1,6,2
2024-01-06 03:00:00,0.0,0.0,0.0,0.0,-3.5,75,10.6,260,1021.2,4,0,0,4,0.0,0.0,41.824,-71.4128,2024,1,6,3
2024-01-06 04:00:00,0.0,0.0,0.0,0.0,-3.6,74,9.8,276,1021.6,24,0,0,24,0.0,0.0,41.824,-71.4128,2024,1,6,4
2024-01-06 05:00:00,0.0,0.0,0.0,0.0,-3.7,74,9.5,279,1021.9,47,0,0,47,0.0,0.0,41.824,-71.4128,2024,1,6,5
2024-01-06 06:00:00,0.0,0.0,0.0,0.0,-3.9,75,8.8,305,1021.7,65,0,0,65,0.0,0.0,41.824,-71.4128,2024,1,6,6
2024-01-06 07:00:00,0.0,0.0,0.0,0.0,-4.2,76,8.4,301,1021.9,100,0,0,100,0.0,0.0,41.824,-71.4128,2024,1,6,7
2024-01-06 08:00:00,0.0,0.0,0.0,0.0,-4.2,77,8.2,299,1022.8,100,0,0,100,0.0,0.0,41.824,-71.4128,2024,1,6,8
2024-01-06 09:00:00,21.0,6.0,15.0,83.0,-3.5,78,7.2,323,1022.2,85,0,39,76,0.0,969.53,41.824,-71.4128,2024,1,6,9
2024-01-06 10:00:00,146.0,99.0,47.0,543.0,-1.1,70,2.3,288,1022.7,100,0,99,100,0.0,3600.0,41.824,-71.4128,2024,1,6,10
2024-01-06 11:00:00,236.0,116.0,120.0,381.3,0.9,61,1.8,53,1023.1,100,0,80,100,0.0,3600.0,41.824,-71.4128,2024,1,6,11
2024-01-06 12:00:00,291.0,123.0,168.0,317.0,1.7,57,6.4,74,1021.6,100,0,98,100,0.0,3600.0,41.824,-71.4128,2024,1,6,12
2024-01-06 13:00:00,240.0,34.0,206.0,79.4,1.9,56,6.5,87,1021.0,100,0,100,100,0.0,583.24,41.824,-71.4128,2024,1,6,13
2024-01-06 14:00:00,213.0,14.0,199.0,33.2,2.0,55,8.7,97,1019.7,100,0,100,100,0.0,0.0,41.824,-71.4128,2024,1,6,14
2024-01-06 15:00:00,144.0,2.0,142.0,5.4,1.7,57,9.8,98,1019.4,100,0,94,100,0.0,0.0,41.824,-71.4128,2024,1,6,15
2024-01-06 16:00:00,158.0,29.0,129.0,105.9,1.7,59,9.9,100,1019.0,100,0,100,99,0.0,1378.35,41.824,-71.4128,2024,1,6,16
2024-01-06 17:00:00,54.0,1.0,53.0,7.0,1.2,65,8.4,97,1018.7,100,5,100,99,0.0,0.0,41.824,-71.4128,2024,1,6,17
2024-01-06 18:00:00,5.0,0.0,5.0,0.0,-0.2,72,8.8,71,1017.8,100,0,37,100,0.0,0.0,41.824,-71.4128,2024,1,6,18
2024-01-06 19:00:00,0.0,0.0,0.0,0.0,-0.6,75,9.1,72,1017.6,100,0,100,100,0.0,0.0,41.824,-71.4128,2024,1,6,19
2024-01-06 20:00:00,0.0,0.0,0.0,0.0,-0.1,74,8.9,76,1017.2,100,0,100,100,0.0,0.0,41.824,-71.4128,2024,1,6,20
2024-01-06 21:00:00,0.0,0.0,0.0,0.0,-0.7,80,10.9,56,1015.7,100,3,100,100,0.1,0.0,41.824,-71.4128,2024,1,6,21
2024-01-06 22:00:00,0.0,0.0,0.0,0.0,-0.2,82,15.0,73,1013.8,100,0,100,100,0.3,0.0,41.824,-71.4128,2024,1,6,22
2024-01-06 23:00:00,0.0,0.0,0.0,0.0,0.5,84,16.2,78,1011.9,100,100,100,100,0.3,0.0,41.824,-71.4128,2024,1,6,23
2024-01-07 00:00:00,0.0,0.0,0.0,0.0,0.9,87,16.1,74,1010.0,100,84,100,100,1.2,0.0,41.824,-71.4128,2024,1,7,0
2024-01-07 01:00:00,0.0,0.0,0.0,0.0,0.8,93,15.8,73,1009.2,100,100,100,59,1.7,0.0,41.824,-71.4128,2024,1,7,1
2024-01-07 02:00:00,0.0,0.0,0.0,0.0,0.8,97,17.5,82,1008.5,100,100,100,37,2.1,0.0,41.824,-71.4128,2024,1,7,2
2024-01-07 03:00:00,0.0,0.0,0.0,0.0,1.0,98,17.9,68,1007.6,100,100,100,36,2.2,0.0,41.824,-71.4128,2024,1,7,3
2024-01-07 04:00:00,0.0,0.0,0.0,0.0,1.0,99,17.2,61,1006.9,100,100,100,16,1.1,0.0,41.824,-71.4128,2024,1,7,4
2024-01-07 05:00:00,0.0,0.0,0.0,0.0,1.1,98,18.2,63,1006.0,100,100,100,0,1.0,0.0,41.824,-71.4128,2024,1,7,5
2024-01-07 06:00:00,0.0,0.0,0.0,0.0,1.1,98,18.6,58,1005.2,100,100,100,0,0.7,0.0,41.824,-71.4128,2024,1,7,6
2024-01-07 07:00:00,0.0,0.0,0.0,0.0,1.3,97,18.7,60,1004.3,100,100,100,0,0.3,0.0,41.824,-71.4128,2024,1,7,7
2024-01-07 08:00:00,0.0,0.0,0.0,0.0,1.4,97,17.5,53,1003.4,100,100,100,0,0.3,0.0,41.824,-71.4128,2024,1,7,8
2024-01-07 09:00:00,3.0,0.0,3.0,0.0,0.8,97,17.4,52,1003.4,100,100,100,0,0.7,0.0,41.824,-71.4128,2024,1,7,9
2024-01-07 10:00:00,23.0,0.0,23.0,0.0,1.1,96,18.4,48,1002.6,100,100,100,0,0.6,0.0,41.824,-71.4128,2024,1,7,10
2024-01-07 11:00:00,59.0,0.0,59.0,0.0,1.4,95,20.1,54,1001.4,100,100,100,0,0.5,0.0,41.824,-71.4128,2024,1,7,11
2024-01-07 12:00:00,68.0,0.0,68.0,0.0,1.2,95,18.4,50,999.7,100,100,100,1,0.8,0.0,41.824,-71.4128,2024,1,7,12
2024-01-07 13:00:00,70.0,0.0,70.0,0.0,1.3,95,18.8,32,998.5,100,100,100,27,1.5,0.0,41.824,-71.4128,2024,1,7,13
2024-01-07 14:00:00,53.0,0.0,53.0,0.0,1.2,95,19.9,20,997.8,100,100,100,31,1.5,0.0,41.824,-71.4128,2024,1,7,14
2024-01-07 15:00:00,45.0,0.0,45.0,0.0,1.5,92,22.3,18,997.9,100,100,100,100,1.7,0.0,41.824,-71.4128,2024,1,7,15
2024-01-07 16:00:00,34.0,0.0,34.0,0.0,-3.5,87,25.9,339,1000.2,100,100,100,62,2.2,0.0,41.824,-71.4128,2024,1,7,16
2024-01-07 17:00:00,28.0,0.0,28.0,0.0,-2.8,85,22.4,354,1001.0,100,55,100,22,1.2,0.0,41.824,-71.4128,2024,1,7,17
2024-01-07 18:00:00,4.0,0.0,4.0,0.0,-2.9,86,22.4,355,1002.0,100,58,100,100,0.4,0.0,41.824,-71.4128,2024,1,7,18
2024-01-07 19:00:00,0.0,0.0,0.0,0.0,-3.3,85,20.9,349,1003.7,100,70,100,100,0.2,0.0,41.824,-71.4128,2024,1,7,19
2024-01-07 20:00:00,0.0,0.0,0.0,0.0,-3.9,84,18.1,337,1005.9,100,89,100,100,0.1,0.0,41.824,-71.4128,2024,1,7,20
2024-01-07 21:00:00,0.0,0.0,0.0,0.0,-3.9,82,18.7,332,1007.4,100,78,100,96,0.0,0.0,41.824,-71.4128,2024,1,7,21
2024-01-07 22:00:00,0.0,0.0,0.0,0.0,-4.1,81,16.8,329,1008.8,100,100,100,20,0.0,0.0,41.824,-71.4128,2024,1,7,22
2024-01-07 23:00:00,0.0,0.0,0.0,0.0,-4.2,81,14.9,328,1009.9,53,0,53,0,0.0,0.0,41.824,-71.4128,2024,1,7,23
2024-01-08 00:00:00,0.0,0.0,0.0,0.0,-5.3,84,11.3,323,1010.6,7,2,5,0,0.0,0.0,41.824,-71.4128,2024,1,8,0
2024-01-08 01:00:00,0.0,0.0,0.0,0.0,-6.0,86,10.4,314,1011.6,12,9,2,1,0.0,0.0,41.824,-71.4128,2024,1,8,1
2024-01-08 02:00:00,0.0,0.0,0.0,0.0,-6.1,86,9.3,306,1012.8,97,97,3,0,0.0,0.0,41.824,-71.4128,2024,1,8,2
2024-01-08 03:00:00,0.0,0.0,0.0,0.0,-5.0,86,10.0,308,1014.1,82,82,1,0,0.0,0.0,41.824,-71.4128,2024,1,8,3
2024-01-08 04:00:00,0.0,0.0,0.0,0.0,-4.3,86,12.3,310,1015.2,69,69,0,0,0.0,0.0,41.824,-71.4128,2024,1,8,4
2024-01-08 05:00:00,0.0,0.0,0.0,0.0,-3.8,86,13.2,313,1015.9,11,11,0,0,0.0,0.0,41.824,-71.4128,2024,1,8,5
2024-01-08 06:00:00,0.0,0.0,0.0,0.0,-4.0,85,14.0,312,1017.4,5,4,2,0,0.0,0.0,41.824,-71.4128,2024,1,8,6
2024-01-08 07:00:00,0.0,0.0,0.0,0.0,-4.3,84,14.8,311,1018.9,1,1,0,0,0.0,0.0,41.824,-71.4128,2024,1,8,7
2024-01-08 08:00:00,0.0,0.0,0.0,0.0,-4.8,84,14.0,312,1020.0,1,1,0,0,0.0,0.0,41.824,-71.4128,2024,1,8,8
2024-01-08 09:00:00,25.0,13.0,12.0,178.3,-3.9,83,15.2,306,1021.9,0,0,0,0,0.0,2498.57,41.824,-71.4128,2024,1,8,9
2024-01-08 10:00:00,155.0,105.0,50.0,571.4,-3.0,76,9.2,315,1023.0,0,0,0,0,0.0,3600.0,41.824,-71.4128,2024,1,8,10
2024-01-08 11:00:00,298.0,229.0,69.0,747.4,-1.6,66,14.4,323,1023.7,0,0,0,0,0.0,3600.0,41.824,-71.4128,2024,1,8,11
2024-01-08 12:00:00,402.0,323.0,79.0,826.2,-0.5,61,14.0,318,1024.2,0,0,0,0,0.0,3600.0,41.824,-71.4128,2024,1,8,12
2024-01-08 13:00:00,455.0,371.0,84.0,859.4,0.6,57,13.0,321,1024.2,0,0,0,0,0.0,3600.0,41.824,-71.4128,2024,1,8,13
2024-01-08 14:00:00,448.0,366.0,82.0,859.5,1.4,55,10.9,316,1024.2,0,0,0,0,0.0,3600.0,41.824,-71.4128,2024,1,8,14
2024-01-08 15:00:00,384.0,307.0,77.0,821.3,1.7,55,10.8,307,1025.1,0,0,0,0,0.0,3600.0,41.824,-71.4128,2024,1,8,15
2024-01-08 16:00:00,269.0,204.0,65.0,730.9,1.3,57,9.1,304,1026.0,0,0,0,0,0.0,3600.0,41.824,-71.4128,2024,1,8,16
2024-01-08 17:00:00,121.0,80.0,41.0,539.8,-1.3,69,7.2,307,1026.6,0,0,0,0,0.0,3600.0,41.824,-71.4128,2024,1,8,17
2024-01-08 18:00:00,9.0,4.0,5.0,75.2,-4.3,79,8.7,294,1027.2,0,0,0,0,0.0,651.32,41.824,-71.4128,2024,1,8,18
2024-01-08 19:00:00,0.0,0.0,0.0,0.0,-4.8,82,8.7,287,1028.0,0,0,0,0,0.0,0.0,41.824,-71.4128,2024,1,8,19
2024-01-08 20:00:00,0.0,0.0,0.0,0.0,-4.4,81,9.8,287,1028.6,0,0,0,0,0.0,0.0,41.824,-71.4128,2024,1,8,20
2024-01-08 21:00:00,0.0,0.0,0.0,0.0,-3.9,83,9.7,285,1029.2,15,0,0,15,0.0,0.0,41.824,-71.4128,2024,1,8,21
2024-01-08 22:00:00,0.0,0.0,0.0,0.0,-5.4,84,8.6,285,1029.2,0,0,0,0,0.0,0.0,41.824,-71.4128,2024,1,8,22
2024-01-08 23:00:00,0.0,0.0,0.0,0.0,-5.7,86,8.3,288,1029.0,0,0,0,0,0.0,0.0,41.824,-71.4128,2024,1,8,23
2024-01-09 00:00:00,0.0,0.0,0.0,0.0,-5.0,86,9.7,297,1028.9,20,0,0,20,0.0,0.0,41.824,-71.4128,2024,1,9,0
2024-01-09 01:00:00,0.0,0.0,0.0,0.0,-5.2,86,9.2,301,1028.6,15,0,0,15,0.0,0.0,41.824,-71.4128,2024,1,9,1
2024-01-09 02:00:00,0.0,0.0,0.0,0.0,-5.7,86,8.7,308,1028.8,15,0,0,15,0.0,0.0,41.824,-71.4128,2024,1,9,2
2024-01-09 03:00:00,0.0,0.0,0.0,0.0,-6.9,87,7.4,309,1029.9,79,0,0,79,0.0,0.0,41.824,-71.4128,2024,1,9,3
2024-01-09 04:00:00,0.0,0.0,0.0,0.0,-9.1,90,11.9,325,1030.0,52,0,0,52,0.0,0.0,41.824,-71.4128,2024,1,9,4
2024-01-09 05:00:00,0.0,0.0,0.0,0.0,-10.3,91,11.4,336,1029.6,77,0,13,77,0.0,0.0,41.824,-71.4128,2024,1,9,5
2024-01-09 06:00:00,0.0,0.0,0.0,0.0,-10.5,90,11.4,342,1028.8,100,0,16,100,0.0,0.0,41.824,-71.4128,2024,1,9,6
2024-01-09 07:00:00,0.0,0.0,0.0,0.0,-10.5,89,8.9,313,1029.8,100,0,100,100,0.0,0.0,41.824,-71.4128,2024,1,9,7
2024-01-09 08:00:00,0.0,0.0,0.0,0.0,-7.7,86,6.2,339,1029.8,100,0,49,100,0.0,0.0,41.824,-71.4128,2024,1,9,8
2024-01-09 09:00:00,14.0,0.0,14.0,0.0,-7.0,88,6.1,360,1029.0,100,0,91,100,0.0,0.0,41.824,-71.4128,2024,1,9,9
2024-01-09 10:00:00,82.0,1.0,81.0,5.4,-4.8,87,5.0,60,1028.5,100,0,23,100,0.0,0.0,41.824,-71.4128,2024,1,9,10
2024-01-09 11:00:00,160.0,7.0,153.0,22.8,-2.6,80,2.5,90,1027.7,100,0,51,100,0.0,0.0,41.824,-71.4128,2024,1,9,11
2024-01-09 12:00:00,252.0,30.0,222.0,76.4,-0.5,73,2.6,146,1028.1,100,0,100,100,0.0,492.43,41.824,-71.4128,2024,1,9,12
2024-01-09 13:00:00,225.0,7.0,218.0,16.1,0.6,71,5.6,135,1026.6,100,13,100,100,0.0,0.0,41.824,-71.4128,2024,1,9,13
2024-01-09 14:00:00,206.0,4.0,202.0,9.3,1.4,73,8.5,118,1024.7,100,4,100,100,0.0,0.0,41.824,-71.4128,2024,1,9,14
2024-01-09 15:00:00,164.0,0.0,164.0,0.0,2.4,76,11.5,122,1022.9,100,29,100,100,0.0,0.0,41.824,-71.4128,2024,1,9,15
2024-01-09 16:00:00,64.0,0.0,64.0,0.0,2.6,79,13.6,127,1021.3,100,0,100,100,0.1,0.0,41.824,-71.4128,2024,1,9,16
2024-01-09 17:00:00,43.0,0.0,43.0,0.0,2.7,81,14.8,119,1020.0,100,25,100,100,0.1,0.0,41.824,-71.4128,2024,1,9,17
2024-01-09 18:00:00,3.0,0.0,3.0,0.0,2.5,83,16.8,105,1017.3,100,93,100,100,0.2,0.0,41.824,-71.4128,2024,1,9,18
2024-01-09 19:00:00,0.0,0.0,0.0,0.0,2.5,86,17.1,108,1015.7,100,100,100,100,1.3,0.0,41.824,-71.4128,2024,1,9,19
2024-01-09 20:00:00,0.0,0.0,0.0,0.0,3.1,88,19.2,107,1014.2,100,100,100,100,1.3,0.0,41.824,-71.4128,2024,1,9,20
2024-01-09 21:00:00,0.0,0.0,0.0,0.0,3.8,92,23.7,120,1011.2,100,100,100,100,2.6,0.0,41.824,-71.4128,2024,1,9,21
2024-01-09 22:00:00,0.0,0.0,0.0,0.0,4.9,91,27.8,127,1008.1,100,100,100,100,2.8,0.0,41.824,-71.4128,2024,1,9,22
2024-01-09 23:00:00,0.0,0.0,0.0,0.0,6.0,91,27.4,129,1005.3,100,100,100,100,3.6,0.0,41.824,-71.4128,2024,1,9,23
2024-01-10 00:00:00,0.0,0.0,0.0,0.0,7.2,92,29.4,130,1001.7,100,100,100,100,5.3,0.0,41.824,-71.4128,2024,1,10,0
2024-01-10 01:00:00,0.0,0.0,0.0,0.0,8.6,92,28.6,139,998.4,100,100,100,100,5.3,0.0,41.824,-71.4128,2024,1,10,1
2024-01-10 02:00:00,0.0,0.0,0.0,0.0,10.4,92,36.6,147,994.5,100,100,100,100,7.0,0.0,41.824,-71.4128,2024,1,10,2
2024-01-10 03:00:00,0.0,0.0,0.0,0.0,11.1,93,43.3,149,992.0,100,100,100,100,7.8,0.0,41.824,-71.4128,2024,1,10,3
2024-01-10 04:00:00,0.0,0.0,0.0,0.0,11.0,94,23.7,152,989.3,100,100,100,100,8.8,0.0,41.824,-71.4128,2024,1,10,4
2024-01-10 05:00:00,0.0,0.0,0.0,0.0,11.8,94,37.4,155,983.6,100,100,100,100,14.2,0.0,41.824,-71.4128,2024,1,10,5
2024-01-10 06:00:00,0.0,0.0,0.0,0.0,12.9,94,36.0,178,982.6,100,35,100,100,5.6,0.0,41.824,-71.4128,2024,1,10,6
2024-01-10 07:00:00,0.0,0.0,0.0,0.0,12.5,95,24.6,191,981.6,100,100,16,99,2.5,0.0,41.824,-71.4128,2024,1,10,7
2024-01-10 08:00:00,0.0,0.0,0.0,0.0,11.5,95,22.7,207,981.3,100,100,0,0,0.0,0.0,41.824,-71.4128,2024,1,10,8
2024-01-10 09:00:00,8.0,0.0,8.0,0.0,11.3,96,22.5,220,980.5,100,100,2,0,0.0,0.0,41.824,-71.4128,2024,1,10,9
2024-01-10 10:00:00,43.0,1.0,42.0,5.4,10.9,91,19.3,237,982.3,13,1,13,0,0.0,0.0,41.824,-71.4128,2024,1,10,10
2024-01-10 11:00:00,260.0,189.0,71.0,611.6,11.2,81,17.3,253,983.5,69,0,31,55,0.0,3600.0,41.824,-71.4128,2024,1,10,11
2024-01-10 12:00:00,335.0,237.0,98.0,601.0,10.8,71,23.6,254,984.5,100,2,96,100,0.0,3600.0,41.824,-71.4128,2024,1,10,12
2024-01-10 13:00:00,150.0,9.0,141.0,20.7,9.0,75,21.7,251,985.4,83,3,80,12,0.3,0.0,41.824,-71.4128,2024,1,10,13
2024-01-10 14:00:00,376.0,260.0,116.0,603.8,9.9,61,26.1,252,986.6,6,1,5,0,0.0,3600.0,41.824,-71.4128,2024,1,10,14
2024-01-10 15:00:00,343.0,271.0,72.0,714.9,9.6,52,24.9,256,987.4,1,0,0,0,0.0,3600.0,41.824,-71.4128,2024,1,10,15
2024-01-10 16:00:00,259.0,206.0,53.0,723.4,9.2,50,21.4,245,989.2,4,3,0,0,0.0,3600.0,41.824,-71.4128,2024,1,10,16
2024-01-10 17:00:00,114.0,76.0,38.0,493.3,8.4,50,20.2,251,991.1,80,80,8,0,0.0,3600.0,41.824,-71.4128,2024,1,10,17
2024-01-10 18:00:00,8.0,3.0,5.0,53.4,7.1,52,20.4,253,993.0,7,6,3,0,0.0,222.48,41.824,-71.4128,2024,1,10,18
2024-01-10 19:00:00,0.0,0.0,0.0,0.0,6.2,54,19.9,248,994.8,3,2,2,0,0.0,0.0,41.824,-71.4128,2024,1,10,19
2024-01-10 20:00:00,0.0,0.0,0.0,0.0,5.6,57,19.8,245,996.0,19,1,19,0,0.0,0.0,41.824,-71.4128,2024,1,10,20
2024-01-10 21:00:00,0.0,0.0,0.0,0.0,5.8,53,20.1,243,996.8,1,0,0,0,0.0,0.0,41.824,-71.4128,2024,1,10,21
2024-01-10 22:00:00,0.0,0.0,0.0,0.0,5.4,54,18.9,246,998.0,16,2,8,8,0.0,0.0,41.824,-71.4128,2024,1,10,22
2024-01-10 23:00:00,0.0,0.0,0.0,0.0,4.9,57,17.3,249,998.7,73,12,1,70,0.0,0.0,41.824,-71.4128,2024,1,10,23
2024-01-11 00:00:00,0.0,0.0,0.0,0.0,4.4,59,17.3,253,999.6,87,35,0,80,0.0,0.0,41.824,-71.4128,2024,1,11,0
2024-01-11 01:00:00,0.0,0.0,0.0,0.0,4.0,62,16.3,256,1000.6,47,31,3,23,0.0,0.0,41.824,-71.4128,2024,1,11,1
2024-01-11 02:00:00,0.0,0.0,0.0,0.0,3.4,67,13.7,256,1002.0,87,86,4,4,0.0,0.0,41.824,-71.4128,2024,1,11,2
2024-01-11 03:00:00,0.0,0.0,0.0,0.0,3.2,69,12.1,260,1003.3,52,52,0,1,0.0,0.0,41.824,-71.4128,2024,1,11,3
2024-01-11 04:00:00,0.0,0.0,0.0,0.0,2.1,74,10.2,262,1004.2,8,8,0,0,0.0,0.0,41.824,-71.4128,2024,1,11,4
2024-01-11 05:00:00,0.0,0.0,0.0,0.0,1.0,80,9.7,266,1005.0,0,0,0,0,0.0,0.0,41.824,-71.4128,2024,1,11,5
2024-01-11 06:00:00,0.0,0.0,0.0,0.0,0.7,78,11.9,273,1006.0,0,0,0,0,0.0,0.0,41.824,-71.4128,2024,1,11,6
2024-01-11 07:00:00,0.0,0.0,0.0,0.0,0.3,70,12.2,268,1006.8,0,0,0,0,0.0,0.0,41.824,-71.4128,2024,1,11,7
2024-01-11 08:00:00,0.0,0.0,0.0,0.0,-0.4,73,10.6,260,1007.6,1,1,0,0,0.0,0.0,41.824,-71.4128,2024,1,11,8
2024-01-11 09:00:00,26.0,15.0,11.0,201.8,0.6,71,12.7,277,1007.8,0,0,0,0,0.0,2539.12,41.824,-71.4128,2024,1,11,9
2024-01-11 10:00:00,155.0,112.0,43.0,599.5,2.8,64,8.3,270,1008.6,0,0,0,0,0.0,3600.0,41.824,-71.4128,2024,1,11,10
2024-01-11 11:00:00,293.0,233.0,60.0,750.3,4.5,53,11.2,264,1008.7,0,0,0,0,0.0,3600.0,41.824,-71.4128,2024,1,11,11
2024-01-11 12:00:00,393.0,326.0,67.0,822.8,5.4,49,14.5,263,1008.0,18,0,2,16,0.0,3600.0,41.824,-71.4128,2024,1,11,12
2024-01-11 13:00:00,427.0,332.0,95.0,758.0,6.1,48,15.9,257,1007.3,13,13,0,0,0.0,3600.0,41.824,-71.4128,2024,1,11,13
2024-01-11 14:00:00,401.0,305.0,96.0,704.2,6.6,47,17.7,258,1007.1,32,32,1,0,0.0,3600.0,41.824,-71.4128,2024,1,11,14
2024-01-11 15:00:00,330.0,231.0,99.0,605.0,6.7,46,17.8,263,1007.2,71,70,7,0,0.0,3600.0,41.824,-71.4128,2024,1,11,15
2024-01-11 16:00:00,184.0,81.0,103.0,281.6,6.4,48,13.6,258,1007.5,43,43,7,0,0.0,3600.0,41.824,-71.4128,2024,1,11,16
2024-01-11 17:00:00,96.0,49.0,47.0,312.0,5.4,56,7.6,251,1008.0,6,6,4,0,0.0,3600.0,41.824,-71.4128,2024,1,11,17
2024-01-11 18:00:00,11.0,5.0,6.0,86.6,2.8,68,6.9,227,1008.6,19,10,9,0,0.0,911.75,41.824,-71.4128,2024,1,11,18
2024-01-11 19:00:00,0.0,0.0,0.0,0.0,1.6,74,11.5,229,1009.5,5,0,5,0,0.0,0.0,41.824,-71.4128,2024,1,11,19
2024-01-11 20:00:00,0.0,0.0,0.0,0.0,1.4,76,11.5,238,1010.3,13,1,13,0,0.0,0.0,41.824,-71.4128,2024,1,11,20
2024-01-11 21:00:00,0.0,0.0,0.0,0.0,0.8,78,11.3,243,1011.1,21,12,15,0,0.0,0.0,41.824,-71.4128,2024,1,11,21
2024-01-11 22:00:00,0.0,0.0,0.0,0.0,1.4,73,11.8,243,1011.8,48,18,37,0,0.0,0.0,41.824,-71.4128,2024,1,11,22
2024-01-11 23:00:00,0.0,0.0,0.0,0.0,1.8,71,9.6,236,1011.9,89,88,52,0,0.0,0.0,41.824,-71.4128,2024,1,11,23
2024-01-12 00:00:00,0.0,0.0,0.0,0.0,2.1,72,9.7,231,1012.5,36,35,20,0,0.0,0.0,41.824,-71.4128,2024,1,12,0
2024-01-12 01:00:00,0.0,0.0,0.0,0.0,2.4,73,10.3,245,1012.9,0,0,0,0,0.0,0.0,41.824,-71.4128,2024,1,12,1
2024-01-12 02:00:00,0.0,0.0,0.0,0.0,1.4,79,10.4,268,1013.9,0,0,0,0,0.0,0.0,41.824,-71.4128,2024,1,12,2
2024-01-12 03:00:00,0.0,0.0,0.0,0.0,0.7,83,10.8,274,1015.1,0,0,0,0,0.0,0.0,41.824,-71.4128,2024,1,12,3
2024-01-12 04:00:00,0.0,0.0,0.0,0.0,0.3,85,12.3,273,1016.1,0,0,0,0,0.0,0.0,41.824,-71.4128,2024,1,12,4
2024-01-12 05:00:00,0.0,0.0,0.0,0.0,0.3,85,12.9,283,1017.1,0,0,0,0,0.0,0.0,41.824,-71.4128,2024,1,12,5
2024-01-12 06:00:00,0.0,0.0,0.0,0.0,0.0,87,11.2,291,1017.6,0,0,0,0,0.0,0.0,41.824,-71.4128,2024,1,12,6
2024-01-12 07:00:00,0.0,0.0,0.0,0.0,-0.5,89,10.7,282,1017.8,0,0,0,0,0.0,0.0,41.824,-71.4128,2024,1,12,7
2024-01-12 08:00:00,0.0,0.0,0.0,0.0,-0.5,89,11.7,288,1018.9,0,0,0,0,0.0,0.0,41.824,-71.4128,2024,1,12,8
2024-01-12 09:00:00,26.0,15.0,11.0,200.2,1.0,80,9.5,299,1019.7,23,0,0,23,0.0,2557.69,41.824,-71.4128,2024,1,12,9
2024-01-12 10:00:00,154.0,111.0,43.0,590.2,3.7,74,10.8,274,1020.6,7,0,0,7,0.0,3600.0,41.824,-71.4128,2024,1,12,10
2024-01-12 11:00:00,293.0,234.0,59.0,749.7,5.9,64,9.5,299,1021.4,6,0,0,6,0.0,3600.0,41.824,-71.4128,2024,1,12,11
2024-01-12 12:00:00,396.0,330.0,66.0,828.8,6.8,54,8.7,322,1021.3,4,0,0,4,0.0,3600.0,41.824,-71.4128,2024,1,12,12
2024-01-12 13:00:00,447.0,379.0,68.0,860.7,7.5,51,5.7,305,1021.2,16,0,0,16,0.0,3600.0,41.824,-71.4128,2024,1,12,13
2024-01-12 14:00:00,440.0,371.0,69.0,851.5,8.0,48,3.4,342,1020.7,57,0,0,57,0.0,3600.0,41.824,-71.4128,2024,1,12,14
2024-01-12 15:00:00,378.0,312.0,66.0,811.1,8.2,48,2.3,108,1020.4,92,0,0,92,0.0,3600.0,41.824,-71.4128,2024,1,12,15
2024-01-12 16:00:00,263.0,201.0,62.0,691.5,7.6,52,7.1,131,1020.0,17,0,0,17,0.0,3600.0,41.824,-71.4128,2024,1,12,16
2024-01-12 17:00:00,126.0,88.0,38.0,549.7,5.6,64,7.3,147,1019.7,39,0,0,39,0.0,3600.0,41.824,-71.4128,2024,1,12,17
2024-01-12 18:00:00,12.0,6.0,6.0,101.1,3.2,74,7.3,160,1019.5,82,0,0,82,0.0,1237.49,41.824,-71.4128,2024,1,12,18
2024-01-12 19:00:00,0.0,0.0,0.0,0.0,2.0,82,10.0,131,1018.9,100,0,0,100,0.0,0.0,41.824,-71.4128,2024,1,12,19
2024-01-12 20:00:00,0.0,0.0,0.0,0.0,0.8,89,9.7,112,1018.7,100,0,1,100,0.0,0.0,41.824,-71.4128,2024,1,12,20
2024-01-12 21:00:00,0.0,0.0,0.0,0.0,2.2,82,12.0,129,1017.7,100,0,19,100,0.0,0.0,41.824,-71.4128,2024,1,12,21
2024-01-12 22:00:00,0.0,0.0,0.0,0.0,2.5,84,14.5,113,1016.3,100,0,87,100,0.0,0.0,41.824,-71.4128,2024,1,12,22
2024-01-12 23:00:00,0.0,0.0,0.0,0.0,2.9,86,9.3,103,1017.5,100,0,100,100,0.0,0.0,41.824,-71.4128,2024,1,12,23
2024-01-13 00:00:00,0.0,0.0,0.0,0.0,3.1,86,15.0,111,1015.2,100,1,70,100,0.0,0.0,41.824,-71.4128,2024,1,13,0
2024-01-13 01:00:00,0.0,0.0,0.0,0.0,3.0,88,17.3,102,1014.2,100,100,100,100,0.5,0.0,41.824,-71.4128,2024,1,13,1
2024-01-13 02:00:00,0.0,0.0,0.0,0.0,3.7,90,21.4,107,1012.0,100,100,100,100,0.9,0.0,41.824,-71.4128,2024,1,13,2
2024-01-13 03:00:00,0.0,0.0,0.0,0.0,4.0,93,20.4,99,1009.2,100,100,100,100,0.6,0.0,41.824,-71.4128,2024,1,13,3
2024-01-13 04:00:00,0.0,0.0,0.0,0.0,4.5,94,23.6,102,1006.1,100,100,100,100,1.4,0.0,41.824,-71.4128,2024,1,13,4
2024-01-13 05:00:00,0.0,0.0,0.0,0.0,5.3,94,22.0,105,1005.4,100,100,100,100,3.9,0.0,41.824,-71.4128,2024,1,13,5
2024-01-13 06:00:00,0.0,0.0,0.0,0.0,6.0,94,24.1,104,1003.4,100,100,100,97,5.6,0.0,41.824,-71.4128,2024,1,13,6
2024-01-13 07:00:00,0.0,0.0,0.0,0.0,6.8,93,30.6,111,999.9,100,100,100,89,4.9,0.0,41.824,-71.4128,2024,1,13,7
2024-01-13 08:00:00,0.0,0.0,0.0,0.0,7.0,94,34.4,97,995.6,99,7,23,98,3.6,0.0,41.824,-71.4128,2024,1,13,8
2024-01-13 09:00:00,4.0,0.0,4.0,0.0,7.8,97,15.2,97,993.2,100,100,99,98,11.2,0.0,41.824,-71.4128,2024,1,13,9
2024-01-13 10:00:00,23.0,0.0,23.0,0.0,10.3,96,26.5,137,991.0,100,100,48,92,1.2,0.0,41.824,-71.4128,2024,1,13,10
2024-01-13 11:00:00,111.0,21.0,90.0,66.9,11.7,99,17.6,157,989.8,100,100,43,100,0.5,207.16,41.824,-71.4128,2024,1,13,11
2024-01-13 12:00:00,122.0,9.0,113.0,22.5,12.2,98,16.6,156,987.3,100,100,12,0,1.3,0.0,41.824,-71.4128,2024,1,13,12
2024-01-13 13:00:00,114.0,0.0,114.0,0.0,14.6,94,26.5,201,985.3,48,48,0,0,0.0,0.0,41.824,-71.4128,2024,1,13,13
2024-01-13 14:00:00,308.0,163.0,145.0,371.8,15.2,85,26.9,212,984.8,17,7,16,0,0.1,3600.0,41.824,-71.4128,2024,1,13,14
2024-01-13 15:00:00,329.0,254.0,75.0,655.4,14.9,73,27.6,216,984.9,28,10,27,0,0.1,3600.0,41.824,-71.4128,2024,1,13,15
2024-01-13 16:00:00,213.0,148.0,65.0,503.9,13.7,65,21.8,231,985.9,24,3,22,0,0.0,3600.0,41.824,-71.4128,2024,1,13,16
2024-01-13 17:00:00,108.0,70.0,38.0,429.0,11.0,74,20.8,244,987.5,38,2,36,0,0.8,3600.0,41.824,-71.4128,2024,1,13,17
2024-01-13 18:00:00,11.0,5.0,6.0,82.0,9.4,71,19.1,238,989.1,8,2,6,0,0.0,841.09,41.824,-71.4128,2024,1,13,18
2024-01-13 19:00:00,0.0,0.0,0.0,0.0,7.8,45,25.7,250,991.3,8,8,0,0,0.0,0.0,41.824,-71.4128,2024,1,13,19
2024-01-13 20:00:00,0.0,0.0,0.0,0.0,6.0,51,24.1,250,993.3,5,2,3,0,0.0,0.0,41.824,-71.4128,2024,1,13,20
2024-01-13 21:00:00,0.0,0.0,0.0,0.0,5.5,50,20.8,242,994.5,2,2,0,0,0.0,0.0,41.824,-71.4128,2024,1,13,21
2024-01-13 22:00:00,0.0,0.0,0.0,0.0,4.9,45,21.8,239,996.0,1,1,1,0,0.0,0.0,41.824,-71.4128,2024,1,13,22
2024-01-13 23:00:00,0.0,0.0,0.0,0.0,3.8,46,21.1,247,997.7,0,0,0,0,0.0,0.0,41.824,-71.4128,2024,1,13,23
2024-01-14 00:00:00,0.0,0.0,0.0,0.0,2.6,49,24.9,252,999.4,3,3,0,0,0.0,0.0,41.824,-71.4128,2024,1,14,0
2024-01-14 01:00:00,0.0,0.0,0.0,0.0,1.3,49,24.6,255,1001.5,0,0,0,0,0.0,0.0,41.824,-71.4128,2024,1,14,1
2024-01-14 02:00:00,0.0,0.0,0.0,0.0,0.6,48,23.2,258,1003.1,0,0,0,0,0.0,0.0,41.824,-71.4128,2024,1,14,2
2024-01-14 03:00:00,0.0,0.0,0.0,0.0,0.2,50,20.3,253,1004.6,0,0,0,0,0.0,0.0,41.824,-71.4128,2024,1,14,3
2024-01-14 04:00:00,0.0,0.0,0.0,0.0,-0.4,53,20.2,251,1005.8,0,0,0,0,0.0,0.0,41.824,-71.4128,2024,1,14,4
2024-01-14 05:00:00,0.0,0.0,0.0,0.0,-0.9,53,20.7,250,1006.5,0,0,0,0,0.0,0.0,41.824,-71.4128,2024,1,14,5
2024-01-14 06:00:00,0.0,0.0,0.0,0.0,-1.3,53,19.2,247,1007.2,0,0,0,0,0.0,0.0,41.824,-71.4128,2024,1,14,6
2024-01-14 07:00:00,0.0,0.0,0.0,0.0,-1.7,54,18.7,242,1007.9,0,0,0,0,0.0,0.0,41.824,-71.4128,2024,1,14,7
2024-01-14 08:00:00,0.0,0.0,0.0,0.0,-2.0,55,17.9,236,1008.6,0,0,0,0,0.0,0.0,41.824,-71.4128,2024,1,14,8
2024-01-14 09:00:00,28.0,16.0,12.0,209.7,-0.3,53,19.2,230,1008.3,0,0,0,0,0.0,2602.52,41.824,-71.4128,2024,1,14,9
2024-01-14 10:00:00,160.0,117.0,43.0,612.6,1.2,53,19.1,221,1008.7,31,0,31,0,0.0,3600.0,41.824,-71.4128,2024,1,14,10
2024-01-14 11:00:00,293.0,228.0,65.0,722.1,2.6,53,22.2,222,1008.8,15,0,15,0,0.0,3600.0,41.824,-71.4128,2024,1,14,11
2024-01-14 12:00:00,396.0,323.0,73.0,802.5,3.8,47,26.3,228,1008.2,51,51,0,0,0.0,3600.0,41.824,-71.4128,2024,1,14,12
2024-01-14 13:00:00,366.0,233.0,133.0,523.3,4.4,45,30.8,232,1006.6,58,55,51,0,0.0,3600.0,41.824,-71.4128,2024,1,14,13
2024-01-14 14:00:00,250.0,119.0,131.0,269.7,4.5,46,27.9,231,1005.7,100,100,100,0,0.0,3600.0,41.824,-71.4128,2024,1,14,14
2024-01-14 15:00:00,98.0,14.0,84.0,35.8,4.7,49,25.9,218,1004.7,100,67,100,0,0.0,0.0,41.824,-71.4128,2024,1,14,15
2024-01-14 16:00:00,54.0,0.0,54.0,0.0,2.8,72,26.4,235,1005.0,46,6,43,0,1.4,0.0,41.824,-71.4128,2024,1,14,16
2024-01-14 17:00:00,116.0,62.0,54.0,372.7,2.4,62,20.5,246,1005.0,100,1,100,0,0.3,3600.0,41.824,-71.4128,2024,1,14,17
2024-01-14 18:00:00,7.0,1.0,6.0,16.0,1.7,49,29.2,260,1006.8,2,0,2,0,0.1,0.0,41.824,-71.4128,2024,1,14,18
2024-01-14 19:00:00,0.0,0.0,0.0,0.0,-0.3,32,28.5,272,1009.7,0,0,0,0,0.0,0.0,41.824,-71.4128,2024,1,14,19
2024-01-14 20:00:00,0.0,0.0,0.0,0.0,-1.6,34,23.4,280,1012.6,0,0,0,0,0.0,0.0,41.824,-71.4128,2024,1,14,20
2024-01-14 21:00:00,0.0,0.0,0.0,0.0,-2.1,38,20.2,286,1014.8,0,0,0,0,0.0,0.0,41.824,-71.4128,2024,1,14,21
2024-01-14 22:00:00,0.0,0.0,0.0,0.0,-2.8,39,19.0,285,1015.8,0,0,0,0,0.0,0.0,41.824,-71.4128,2024,1,14,22
2024-01-14 23:00:00,0.0,0.0,0.0,0.0,-3.3,40,17.3,291,1016.2,0,0,0,0,0.0,0.0,41.824,-71.4128,2024,1,14,23
2024-01-15 00:00:00,0.0,0.0,0.0,0.0,-3.8,42,12.9,288,1016.9,0,0,0,0,0.0,0.0,41.824,-71.4128,2024,1,15,0
2024-01-15 01:00:00,0.0,0.0,0.0,0.0,-4.4,47,9.2,291,1017.6,8,0,0,8,0.0,0.0,41.824,-71.4128,2024,1,15,1
2024-01-15 02:00:00,0.0,0.0,0.0,0.0,-4.7,49,8.3,270,1018.3,4,0,0,4,0.0,0.0,41.824,-71.4128,2024,1,15,2
2024-01-15 03:00:00,0.0,0.0,0.0,0.0,-5.2,52,9.4,263,1019.2,0,0,0,0,0.0,0.0,41.824,-71.4128,2024,1,15,3
2024-01-15 04:00:00,0.0,0.0,0.0,0.0,-5.5,52,10.2,262,1020.0,30,0,0,30,0.0,0.0,41.824,-71.4128,2024,1,15,4
2024-01-15 05:00:00,0.0,0.0,0.0,0.0,-5.7,52,9.7,268,1020.4,33,0,1,32,0.0,0.0,41.824,-71.4128,2024,1,15,5
2024-01-15 06:00:00,0.0,0.0,0.0,0.0,-6.0,53,9.7,274,1020.5,66,0,3,65,0.0,0.0,41.824,-71.4128,2024,1,15,6
2024-01-15 07:00:00,0.0,0.0,0.0,0.0,-6.1,53,9.0,272,1020.8,10,0,1,9,0.0,0.0,41.824,-71.4128,2024,1,15,7
2024-01-15 08:00:00,0.0,0.0,0.0,0.0,-6.3,55,8.0,260,1021.3,1,0,1,0,0.0,0.0,41.824,-71.4128,2024,1,15,8
2024-01-15 09:00:00,29.0,17.0,12.0,220.6,-5.7,53,9.7,266,1022.2,5,0,0,5,0.0,2628.68,41.824,-71.4128,2024,1,15,9
2024-01-15 10:00:00,164.0,120.0,44.0,623.0,-4.3,45,10.5,274,1022.5,2,0,2,0,0.0,3600.0,41.824,-71.4128,2024,1,15,10
2024-01-15 11:00:00,305.0,246.0,59.0,774.2,-2.9,39,9.4,263,1022.7,18,0,18,0,0.0,3600.0,41.824,-71.4128,2024,1,15,11
2024-01-15 12:00:00,406.0,336.0,70.0,830.0,-1.8,38,9.7,248,1022.2,31,0,31,0,0.0,3600.0,41.824,-71.4128,2024,1,15,12
2024-01-15 13:00:00,453.0,371.0,82.0,828.2,-0.9,35,11.3,233,1021.5,46,0,46,0,0.0,3600.0,41.824,-71.4128,2024,1,15,13
2024-01-15 14:00:00,434.0,332.0,102.0,747.5,-0.1,33,11.5,231,1021.1,23,0,5,18,0.0,3600.0,41.824,-71.4128,2024,1,15,14
2024-01-15 15:00:00,395.0,329.0,66.0,835.6,0.4,31,11.5,231,1020.5,96,0,5,95,0.0,3600.0,41.824,-71.4128,2024,1,15,15
2024-01-15 16:00:00,270.0,195.0,75.0,649.8,0.2,31,11.0,232,1020.6,100,0,5,100,0.0,3600.0,41.824,-71.4128,2024,1,15,16
2024-01-15 17:00:00,111.0,38.0,73.0,224.0,-0.8,40,5.9,223,1020.4,100,0,3,100,0.0,3600.0,41.824,-71.4128,2024,1,15,17
2024-01-15 18:00:00,13.0,2.0,11.0,31.1,-2.2,45,8.6,213,1020.7,100,0,95,100,0.0,0.0,41.824,-71.4128,2024,1,15,18
2024-01-15 19:00:00,0.0,0.0,0.0,0.0,-2.7,50,10.8,210,1021.2,100,0,49,100,0.0,0.0,41.824,-71.4128,2024,1,15,19
2024-01-15 20:00:00,0.0,0.0,0.0,0.0,-3.0,54,9.7,225,1021.3,100,0,100,100,0.0,0.0,41.824,-71.4128,2024,1,15,20
2024-01-15 21:00:00,0.0,0.0,0.0,0.0,-3.6,53,6.8,245,1020.9,99,0,99,24,0.0,0.0,41.824,-71.4128,2024,1,15,21
2024-01-15 22:00:00,0.0,0.0,0.0,0.0,-3.0,52,7.3,250,1021.4,100,0,100,100,0.0,0.0,41.824,-71.4128,2024,1,15,22
2024-01-15 23:00:00,0.0,0.0,0.0,0.0,-2.6,52,5.0,249,1021.2,100,5,100,100,0.0,0.0,41.824,-71.4128,2024,1,15,23
2024-01-16 00:00:00,0.0,0.0,0.0,0.0,-2.5,54,3.7,281,1020.9,100,2,100,100,0.1,0.0,41.824,-71.4128,2024,1,16,0
2024-01-16 01:00:00,0.0,0.0,0.0,0.0,-2.9,63,2.3,231,1020.4,100,14,100,100,0.7,0.0,41.824,-71.4128,2024,1,16,1
2024-01-16 02:00:00,0.0,0.0,0.0,0.0,-2.9,67,1.1,270,1019.8,100,18,100,100,0.3,0.0,41.824,-71.4128,2024,1,16,2
2024-01-16 03:00:00,0.0,0.0,0.0,0.0,-3.0,72,1.1,18,1019.8,100,98,100,82,0.4,0.0,41.824,-71.4128,2024,1,16,3
2024-01-16 04:00:00,0.0,0.0,0.0,0.0,-3.1,77,3.8,49,1019.5,100,100,100,22,0.6,0.0,41.824,-71.4128,2024,1,16,4
2024-01-16 05:00:00,0.0,0.0,0.0,0.0,-3.3,80,5.7,72,1018.7,100,100,100,98,0.5,0.0,41.824,-71.4128,2024,1,16,5
2024-01-16 06:00:00,0.0,0.0,0.0,0.0,-3.5,80,6.4,63,1017.9,100,100,100,100,0.2,0.0,41.824,-71.4128,2024,1,16,6
2024-01-16 07:00:00,0.0,0.0,0.0,0.0,-3.4,79,7.8,56,1017.3,100,100,100,100,0.0,0.0,41.824,-71.4128,2024,1,16,7
2024-01-16 08:00:00,0.0,0.0,0.0,0.0,-3.6,82,8.1,58,1016.4,100,100,100,100,0.3,0.0,41.824,-71.4128,2024,1,16,8
2024-01-16 09:00:00,4.0,0.0,4.0,0.0,-3.3,82,8.3,34,1015.4,100,98,100,100,0.3,0.0,41.824,-71.4128,2024,1,16,9
2024-01-16 10:00:00,20.0,0.0,20.0,0.0,-2.6,85,9.2,42,1014.1,100,100,100,100,0.2,0.0,41.824,-71.4128,2024,1,16,10
2024-01-16 11:00:00,26.0,0.0,26.0,0.0,-2.0,89,9.7,48,1013.2,100,100,100,100,1.0,0.0,41.824,-71.4128,2024,1,16,11
2024-01-16 12:00:00,29.0,0.0,29.0,0.0,-1.2,92,11.0,38,1010.9,100,100,100,100,1.9,0.0,41.824,-71.4128,2024,1,16,12
2024-01-16 13:00:00,47.0,0.0,47.0,0.0,-0.1,94,11.0,49,1007.9,100,100,100,100,2.2,0.0,41.824,-71.4128,2024,1,16,13
2024-01-16 14:00:00,43.0,0.0,43.0,0.0,0.7,95,10.8,64,1005.4,100,100,100,100,4.0,0.0,41.824,-71.4128,2024,1,16,14
2024-01-16 15:00:00,51.0,0.0,51.0,0.0,1.3,95,10.2,42,1003.1,100,100,100,100,2.5,0.0,41.824,-71.4128,2024,1,16,15
2024-01-16 16:00:00,33.0,0.0,33.0,0.0,1.7,95,8.9,40,1001.3,100,100,100,100,0.3,0.0,41.824,-71.4128,2024,1,16,16
2024-01-16 17:00:00,13.0,0.0,13.0,0.0,1.6,95,10.8,345,1000.5,100,100,83,100,1.5,0.0,41.824,-71.4128,2024,1,16,17
2024-01-16 18:00:00,4.0,0.0,4.0,0.0,0.2,94,23.0,320,1001.4,100,100,99,100,1.4,0.0,41.824,-71.4128,2024,1,16,18
2024-01-16 19:00:00,0.0,0.0,0.0,0.0,-0.8,89,22.5,325,1001.3,100,100,99,100,0.1,0.0,41.824,-71.4128,2024,1,16,19
2024-01-16 20:00:00,0.0,0.0,0.0,0.0,-1.5,87,17.6,329,1002.0,100,100,96,100,0.0,0.0,41.824,-71.4128,2024,1,16,20
2024-01-16 21:00:00,0.0,0.0,0.0,0.0,-2.2,81,21.4,319,1001.7,100,16,0,100,0.0,0.0,41.824,-71.4128,2024,1,16,21
2024-01-16 22:00:00,0.0,0.0,0.0,0.0,-3.1,78,21.9,315,1002.1,100,0,0,100,0.0,0.0,41.824,-71.4128,2024,1,16,22
2024-01-16 23:00:00,0.0,0.0,0.0,0.0,-3.8,72,20.1,313,1003.1,51,0,0,51,0.0,0.0,41.824,-71.4128,2024,1,16,23
2024-01-17 00:00:00,0.0,0.0,0.0,0.0,-5.0,71,20.4,311,1004.0,0,0,0,0,0.0,0.0,41.824,-71.4128,2024,1,17,0
2024-01-17 01:00:00,0.0,0.0,0.0,0.0,-5.7,69,20.2,310,1005.0,1,1,0,0,0.0,0.0,41.824,-71.4128,2024,1,17,1
2024-01-17 02:00:00,0.0,0.0,0.0,0.0,-6.2,67,19.5,309,1005.4,0,0,0,0,0.0,0.0,41.824,-71.4128,2024,1,17,2
2024-01-17 03:00:00,0.0,0.0,0.0,0.0,-6.9,69,17.8,306,1006.1,0,0,0,0,0.0,0.0,41.824,-71.4128,2024,1,17,3
2024-01-17 04:00:00,0.0,0.0,0.0,0.0,-7.3,70,17.2,303,1006.9,0,0,0,0,0.0,0.0,41.824,-71.4128,2024,1,17,4
2024-01-17 05:00:00,0.0,0.0,0.0,0.0,-7.8,72,16.0,306,1007.4,0,0,0,0,0.0,0.0,41.824,-71.4128,2024,1,17,5
2024-01-17 06:00:00,0.0,0.0,0.0,0.0,-8.3,72,15.0,305,1008.0,0,0,0,0,0.0,0.0,41.824,-71.4128,2024,1,17,6
2024-01-17 07:00:00,0.0,0.0,0.0,0.0,-8.7,74,13.4,301,1008.7,0,0,0,0,0.0,0.0,41.824,-71.4128,2024,1,17,7
2024-01-17 08:00:00,0.0,0.0,0.0,0.0,-9.0,76,13.2,296,1009.1,0,0,0,0,0.0,0.0,41.824,-71.4128,2024,1,17,8
2024-01-17 09:00:00,31.0,19.0,12.0,241.0,-7.7,67,15.0,291,1009.4,0,0,0,0,0.0,2688.15,41.824,-71.4128,2024,1,17,9
2024-01-17 10:00:00,173.0,126.0,47.0,642.0,-6.7,63,15.8,282,1010.1,0,0,0,0,0.0,3600.0,41.824,-71.4128,2024,1,17,10
2024-01-17 11:00:00,319.0,254.0,65.0,788.6,-5.8,56,16.3,284,1010.9,0,0,0,0,0.0,3600.0,41.824,-71.4128,2024,1,17,11
2024-01-17 12:00:00,426.0,352.0,74.0,858.8,-5.0,51,15.1,282,1010.7,0,0,0,0,0.0,3600.0,41.824,-71.4128,2024,1,17,12
2024-01-17 13:00:00,481.0,404.0,77.0,890.6,-4.3,48,14.2,277,1010.2,0,0,0,0,0.0,3600.0,41.824,-71.4128,2024,1,17,13
2024-01-17 14:00:00,477.0,400.0,77.0,888.2,-3.8,47,13.0,265,1009.4,0,0,0,0,0.0,3600.0,41.824,-71.4128,2024,1,17,14
2024-01-17 15:00:00,415.0,342.0,73.0,854.3,-3.3,45,13.3,257,1009.4,0,0,0,0,0.0,3600.0,41.824,-71.4128,2024,1,17,15
2024-01-17 16:00:00,301.0,239.0,62.0,778.7,-3.2,44,13.2,253,1009.8,2,2,0,0,0.0,3600.0,41.824,-71.4128,2024,1,17,16
2024-01-17 17:00:00,152.0,108.0,44.0,611.9,-4.1,49,11.8,247,1010.3,0,0,0,0,0.0,3600.0,41.824,-71.4128,2024,1,17,17
2024-01-17 18:00:00,20.0,11.0,9.0,162.1,-5.6,54,13.0,256,1011.5,0,0,0,0,0.0,2194.19,41.824,-71.4128,2024,1,17,18
2024-01-17 19:00:00,0.0,0.0,0.0,0.0,-6.5,56,12.8,259,1012.7,0,0,0,0,0.0,0.0,41.824,-71.4128,2024,1,17,19
2024-01-17 20:00:00,0.0,0.0,0.0,0.0,-7.1,56,14.4,257,1013.6,0,0,0,0,0.0,0.0,41.824,-71.4128,2024,1,17,20
2024-01-17 21:00:00,0.0,0.0,0.0,0.0,-7.1,56,15.7,261,1014.1,0,0,0,0,0.0,0.0,41.824,-71.4128,2024,1,17,21
2024-01-17 22:00:00,0.0,0.0,0.0,0.0,-7.5,54,15.6,262,1014.9,0,0,0,0,0.0,0.0,41.824,-71.4128,2024,1,17,22
2024-01-17 23:00:00,0.0,0.0,0.0,0.0,-7.7,50,14.4,267,1015.4,0,0,0,0,0.0,0.0,41.824,-71.4128,2024,1,17,23
2024-01-18 00:00:00,0.0,0.0,0.0,0.0,-8.1,52,13.6,259,1015.8,0,0,0,0,0.0,0.0,41.824,-71.4128,2024,1,18,0
2024-01-18 01:00:00,0.0,0.0,0.0,0.0,-8.0,54,16.2,257,1016.2,0,0,0,0,0.0,0.0,41.824,-71.4128,2024,1,18,1
2024-01-18 02:00:00,0.0,0.0,0.0,0.0,-7.9,55,15.5,252,1016.7,0,0,0,0,0.0,0.0,41.824,-71.4128,2024,1,18,2
2024-01-18 03:00:00,0.0,0.0,0.0,0.0,-8.1,56,13.4,250,1017.3,45,0,0,45,0.0,0.0,41.824,-71.4128,2024,1,18,3
2024-01-18 04:00:00,0.0,0.0,0.0,0.0,-8.2,58,14.4,248,1018.0,17,0,0,17,0.0,0.0,41.824,-71.4128,2024,1,18,4
2024-01-18 05:00:00,0.0,0.0,0.0,0.0,-8.2,59,14.3,252,1018.1,89,0,0,89,0.0,0.0,41.824,-71.4128,2024,1,18,5
2024-01-18 06:00:00,0.0,0.0,0.0,0.0,-8.3,60,13.8,255,1018.9,82,0,1,82,0.0,0.0,41.824,-71.4128,2024,1,18,6
2024-01-18 07:00:00,0.0,0.0,0.0,0.0,-8.3,61,11.6,265,1018.8,67,0,29,64,0.0,0.0,41.824,-71.4128,2024,1,18,7
2024-01-18 08:00:00,0.0,0.0,0.0,0.0,-8.6,64,9.4,266,1018.6,88,0,76,54,0.0,0.0,41.824,-71.4128,2024,1,18,8
2024-01-18 09:00:00,29.0,12.0,17.0,150.3,-8.1,60,9.7,255,1019.0,100,0,38,100,0.0,2721.33,41.824,-71.4128,2024,1,18,9
2024-01-18 10:00:00,121.0,25.0,96.0,126.1,-6.4,54,9.8,246,1019.6,100,0,56,100,0.0,1982.59,41.824,-71.4128,2024,1,18,10
2024-01-18 11:00:00,201.0,34.0,167.0,104.8,-4.9,49,10.5,248,1019.8,100,0,97,100,0.0,1343.76,41.824,-71.4128,2024,1,18,11
2024-01-18 12:00:00,237.0,26.0,211.0,63.0,-3.7,46,11.4,242,1019.4,100,0,68,100,0.0,90.6,41.824,-71.4128,2024,1,18,12
2024-01-18 13:00:00,339.0,106.0,233.0,232.1,-2.6,44,11.3,243,1017.9,100,0,79,100,0.0,3600.0,41.824,-71.4128,2024,1,18,13
2024-01-18 14:00:00,348.0,124.0,224.0,273.4,-1.7,43,12.4,248,1017.0,100,0,80,100,0.0,3600.0,41.824,-71.4128,2024,1,18,14
2024-01-18 15:00:00,307.0,110.0,197.0,272.4,-1.5,42,13.4,243,1016.5,100,0,67,100,0.0,3600.0,41.824,-71.4128,2024,1,18,15
2024-01-18 16:00:00,255.0,137.0,118.0,441.3,-1.5,43,12.6,239,1016.4,100,0,21,100,0.0,3600.0,41.824,-71.4128,2024,1,18,16
2024-01-18 17:00:00,132.0,67.0,65.0,372.1,-2.3,49,8.8,235,1016.3,100,4,51,100,0.0,3600.0,41.824,-71.4128,2024,1,18,17
2024-01-18 18:00:00,17.0,4.0,13.0,57.4,-4.6,62,7.7,233,1016.4,100,0,58,100,0.0,292.82,41.824,-71.4128,2024,1,18,18
2024-01-18 19:00:00,0.0,0.0,0.0,0.0,-6.0,69,8.7,232,1016.5,98,0,98,14,0.0,0.0,41.824,-71.4128,2024,1,18,19
2024-01-18 20:00:00,0.0,0.0,0.0,0.0,-5.8,72,7.1,240,1016.8,99,0,97,77,0.0,0.0,41.824,-71.4128,2024,1,18,20
2024-01-18 21:00:00,0.0,0.0,0.0,0.0,-5.4,72,7.1,246,1016.8,100,0,99,100,0.0,0.0,41.824,-71.4128,2024,1,18,21
2024-01-18 22:00:00,0.0,0.0,0.0,0.0,-4.5,72,5.8,266,1017.0,100,0,100,94,0.0,0.0,41.824,-71.4128,2024,1,18,22
2024-01-18 23:00:00,0.0,0.0,0.0,0.0,-3.6,72,6.1,270,1016.9,100,0,100,95,0.0,0.0,41.824,-71.4128,2024,1,18,23
2024-01-19 00:00:00,0.0,0.0,0.0,0.0,-3.7,74,6.0,287,1016.3,100,2,100,97,0.0,0.0,41.824,-71.4128,2024,1,19,0
2024-01-19 01:00:00,0.0,0.0,0.0,0.0,-3.7,76,6.2,291,1015.6,100,1,99,99,0.0,0.0,41.824,-71.4128,2024,1,19,1
2024-01-19 02:00:00,0.0,0.0,0.0,0.0,-3.5,77,5.2,295,1014.8,100,0,100,28,0.0,0.0,41.824,-71.4128,2024,1,19,2
2024-01-19 03:00:00,0.0,0.0,0.0,0.0,-3.7,78,3.9,304,1014.5,98,0,44,97,0.0,0.0,41.824,-71.4128,2024,1,19,3
2024-01-19 04:00:00,0.0,0.0,0.0,0.0,-7.0,84,9.7,309,1014.1,100,0,91,100,0.0,0.0,41.824,-71.4128,2024,1,19,4
2024-01-19 05:00:00,0.0,0.0,0.0,0.0,-6.3,83,6.7,324,1013.3,100,0,5,100,0.0,0.0,41.824,-71.4128,2024,1,19,5
2024-01-19 06:00:00,0.0,0.0,0.0,0.0,-6.4,83,5.5,337,1012.9,100,0,2,100,0.0,0.0,41.824,-71.4128,2024,1,19,6
2024-01-19 07:00:00,0.0,0.0,0.0,0.0,-6.0,82,5.9,346,1012.3,100,0,100,100,0.0,0.0,41.824,-71.4128,2024,1,19,7
2024-01-19 08:00:00,0.0,0.0,0.0,0.0,-5.6,80,5.8,360,1012.2,100,0,100,100,0.0,0.0,41.824,-71.4128,2024,1,19,8
2024-01-19 09:00:00,17.0,0.0,17.0,0.0,-5.0,78,4.3,5,1011.8,100,0,100,100,0.0,0.0,41.824,-71.4128,2024,1,19,9
2024-01-19 10:00:00,81.0,2.0,79.0,10.0,-3.9,70,7.1,24,1011.1,100,0,100,96,0.0,0.0,41.824,-71.4128,2024,1,19,10
2024-01-19 11:00:00,229.0,80.0,149.0,244.7,-2.8,64,10.2,23,1010.4,100,0,100,55,0.0,3600.0,41.824,-71.4128,2024,1,19,11
2024-01-19 12:00:00,163.0,14.0,149.0,33.7,-2.9,62,10.0,21,1010.1,100,5,100,79,0.0,0.0,41.824,-71.4128,2024,1,19,12
2024-01-19 13:00:00,152.0,5.0,147.0,10.9,-3.2,63,11.5,14,1008.1,100,1,100,83,0.1,0.0,41.824,-71.4128,2024,1,19,13
2024-01-19 14:00:00,198.0,10.0,188.0,21.9,-2.9,60,12.7,7,1006.7,100,0,100,100,0.1,0.0,41.824,-71.4128,2024,1,19,14
2024-01-19 15:00:00,170.0,7.0,163.0,17.2,-2.8,59,13.4,6,1005.6,100,0,100,95,0.1,0.0,41.824,-71.4128,2024,1,19,15
2024-01-19 16:00:00,132.0,5.0,127.0,15.9,-2.8,59,12.3,3,1005.1,100,0,100,63,0.1,0.0,41.824,-71.4128,2024,1,19,16
2024-01-19 17:00:00,69.0,0.0,69.0,0.0,-3.4,61,11.9,355,1005.3,100,0,100,100,0.1,0.0,41.824,-71.4128,2024,1,19,17
2024-01-19 18:00:00,8.0,0.0,8.0,0.0,-4.0,66,11.2,345,1005.7,100,0,100,100,0.2,0.0,41.824,-71.4128,2024,1,19,18
2024-01-19 19:00:00,0.0,0.0,0.0,0.0,-4.6,68,12.1,350,1006.1,100,0,100,100,0.2,0.0,41.824,-71.4128,2024,1,19,19
2024-01-19 20:00:00,0.0,0.0,0.0,0.0,-5.0,70,13.6,343,1006.3,100,0,100,100,0.1,0.0,41.824,-71.4128,2024,1,19,20
2024-01-19 21:00:00,0.0,0.0,0.0,0.0,-4.7,67,13.8,321,1005.9,100,0,100,100,0.0,0.0,41.824,-71.4128,2024,1,19,21
2024-01-19 22:00:00,0.0,0.0,0.0,0.0,-5.1,66,14.3,319,1006.2,100,0,100,100,0.0,0.0,41.824,-71.4128,2024,1,19,22
2024-01-19 23:00:00,0.0,0.0,0.0,0.0,-5.8,64,15.5,318,1006.3,100,0,100,100,0.0,0.0,41.824,-71.4128,2024,1,19,23
2024-01-20 00:00:00,0.0,0.0,0.0,0.0,-6.8,56,17.2,323,1006.3,99,0,93,95,0.0,0.0,41.824,-71.4128,2024,1,20,0
2024-01-20 01:00:00,0.0,0.0,0.0,0.0,-8.0,55,15.1,322,1006.7,100,0,80,100,0.0,0.0,41.824,-71.4128,2024,1,20,1
2024-01-20 02:00:00,0.0,0.0,0.0,0.0,-8.8,56,13.5,318,1007.2,100,0,98,100,0.0,0.0,41.824,-71.4128,2024,1,20,2
2024-01-20 03:00:00,0.0,0.0,0.0,0.0,-8.9,56,13.5,314,1007.8,100,0,100,100,0.0,0.0,41.824,-71.4128,2024,1,20,3
2024-01-20 04:00:00,0.0,0.0,0.0,0.0,-9.4,58,13.3,311,1008.2,98,0,11,97,0.0,0.0,41.824,-71.4128,2024,1,20,4
2024-01-20 05:00:00,0.0,0.0,0.0,0.0,-9.9,60,14.3,313,1008.5,31,0,16,24,0.0,0.0,41.824,-71.4128,2024,1,20,5
2024-01-20 06:00:00,0.0,0.0,0.0,0.0,-10.5,63,14.1,310,1008.9,28,0,27,1,0.0,0.0,41.824,-71.4128,2024,1,20,6
2024-01-20 07:00:00,0.0,0.0,0.0,0.0,-11.0,67,13.8,303,1009.3,80,0,67,41,0.0,0.0,41.824,-71.4128,2024,1,20,7
2024-01-20 08:00:00,0.0,0.0,0.0,0.0,-11.3,68,12.9,300,1009.8,100,0,100,71,0.0,0.0,41.824,-71.4128,2024,1,20,8
2024-01-20 09:00:00,22.0,3.0,19.0,36.6,-10.2,61,14.8,299,1009.5,100,0,97,98,0.0,0.0,41.824,-71.4128,2024,1,20,9
2024-01-20 10:00:00,113.0,14.0,99.0,69.1,-9.8,57,16.1,304,1009.8,100,0,100,100,0.0,272.76,41.824,-71.4128,2024,1,20,10
2024-01-20 11:00:00,214.0,40.0,174.0,121.4,-9.3,55,15.6,304,1009.5,100,0,100,100,0.0,1841.79,41.824,-71.4128,2024,1,20,11
2024-01-20 12:00:00,325.0,118.0,207.0,282.1,-8.3,51,14.5,305,1009.1,100,0,100,100,0.0,3600.0,41.824,-71.4128,2024,1,20,12
2024-01-20 13:00:00,375.0,154.0,221.0,332.6,-7.5,49,14.2,306,1008.6,100,0,99,100,0.0,3600.0,41.824,-71.4128,2024,1,20,13
2024-01-20 14:00:00,373.0,168.0,205.0,364.9,-6.9,49,14.8,304,1008.3,100,1,100,62,0.0,3600.0,41.824,-71.4128,2024,1,20,14
2024-01-20 15:00:00,337.0,161.0,176.0,391.8,-6.6,50,16.6,311,1008.5,100,94,100,100,0.0,3600.0,41.824,-71.4128,2024,1,20,15
2024-01-20 16:00:00,185.0,36.0,149.0,113.3,-7.0,54,18.0,307,1009.1,100,100,100,100,0.0,1598.77,41.824,-71.4128,2024,1,20,16
2024-01-20 17:00:00,79.0,4.0,75.0,21.4,-7.6,59,17.8,306,1009.7,100,84,100,100,0.1,0.0,41.824,-71.4128,2024,1,20,17
2024-01-20 18:00:00,14.0,0.0,14.0,0.0,-8.3,63,15.4,307,1010.6,100,97,100,100,0.1,0.0,41.824,-71.4128,2024,1,20,18
2024-01-20 19:00:00,0.0,0.0,0.0,0.0,-8.6,66,15.9,308,1011.3,100,66,100,100,0.1,0.0,41.824,-71.4128,2024,1,20,19
2024-01-20 20:00:00,0.0,0.0,0.0,0.0,-8.8,66,14.1,308,1011.9,100,76,100,0,0.1,0.0,41.824,-71.4128,2024,1,20,20
2024-01-20 21:00:00,0.0,0.0,0.0,0.0,-9.5,66,17.1,321,1012.0,100,21,100,0,0.0,0.0,41.824,-71.4128,2024,1,20,21
2024-01-20 22:00:00,0.0,0.0,0.0,0.0,-10.2,66,18.0,323,1012.5,53,6,51,0,0.0,0.0,41.824,-71.4128,2024,1,20,22
2024-01-20 23:00:00,0.0,0.0,0.0,0.0,-10.8,66,17.9,322,1013.1,69,10,66,1,0.0,0.0,41.824,-71.4128,2024,1,20,23
2024-01-21 00:00:00,0.0,0.0,0.0,0.0,-10.9,65,18.2,322,1013.7,58,9,58,0,0.0,0.0,41.824,-71.4128,2024,1,21,0
2024-01-21 01:00:00,0.0,0.0,0.0,0.0,-11.0,66,18.5,323,1014.4,32,2,32,0,0.0,0.0,41.824,-71.4128,2024,1,21,1
2024-01-21 02:00:00,0.0,0.0,0.0,0.0,-11.2,66,17.7,322,1015.2,0,0,0,0,0.0,0.0,41.824,-71.4128,2024,1,21,2
2024-01-21 03:00:00,0.0,0.0,0.0,0.0,-11.5,67,16.9,322,1016.2,4,1,3,0,0.0,0.0,41.824,-71.4128,2024,1,21,3
2024-01-21 04:00:00,0.0,0.0,0.0,0.0,-11.6,68,16.6,319,1016.8,1,1,0,0,0.0,0.0,41.824,-71.4128,2024,1,21,4
2024-01-21 05:00:00,0.0,0.0,0.0,0.0,-11.8,68,16.8,318,1017.4,0,0,0,0,0.0,0.0,41.824,-71.4128,2024,1,21,5
2024-01-21 06:00:00,0.0,0.0,0.0,0.0,-11.9,67,16.8,318,1018.2,0,0,0,0,0.0,0.0,41.824,-71.4128,2024,1,21,6
2024-01-21 07:00:00,0.0,0.0,0.0,0.0,-12.0,66,16.6,318,1019.1,9,0,9,0,0.0,0.0,41.824,-71.4128,2024,1,21,7
2024-01-21 08:00:00,0.0,0.0,0.0,0.0,-12.1,65,16.8,315,1020.1,0,0,0,0,0.0,0.0,41.824,-71.4128,2024,1,21,8
2024-01-21 09:00:00,34.0,20.0,14.0,240.6,-11.2,62,13.5,312,1020.9,2,0,2,0,0.0,2833.86,41.824,-71.4128,2024,1,21,9
2024-01-21 10:00:00,177.0,128.0,49.0,624.5,-10.5,56,16.6,318,1021.6,0,0,0,0,0.0,3600.0,41.824,-71.4128,2024,1,21,10
2024-01-21 11:00:00,325.0,259.0,66.0,779.7,-9.4,51,15.8,313,1022.1,0,0,0,0,0.0,3600.0,41.824,-71.4128,2024,1,21,11
2024-01-21 12:00:00,434.0,360.0,74.0,854.5,-7.9,47,16.4,310,1022.1,0,0,0,0,0.0,3600.0,41.824,-71.4128,2024,1,21,12
2024-01-21 13:00:00,491.0,413.0,78.0,885.8,-6.4,44,16.0,314,1021.6,0,0,0,0,0.0,3600.0,41.824,-71.4128,2024,1,21,13
2024-01-21 14:00:00,489.0,412.0,77.0,888.0,-5.0,41,14.3,315,1021.5,0,0,0,0,0.0,3600.0,41.824,-71.4128,2024,1,21,14
2024-01-21 15:00:00,428.0,356.0,72.0,858.6,-4.3,40,13.2,313,1021.7,0,0,0,0,0.0,3600.0,41.824,-71.4128,2024,1,21,15
2024-01-21 16:00:00,318.0,255.0,63.0,793.1,-4.1,40,14.3,313,1022.5,0,0,0,0,0.0,3600.0,41.824,-71.4128,2024,1,21,16
2024-01-21 17:00:00,166.0,121.0,45.0,633.3,-4.8,45,10.7,310,1023.6,0,0,0,0,0.0,3600.0,41.824,-71.4128,2024,1,21,17
2024-01-21 18:00:00,26.0,16.0,10.0,212.2,-6.5,52,10.0,308,1024.6,0,0,0,0,0.0,2488.35,41.824,-71.4128,2024,1,21,18
2024-01-21 19:00:00,0.0,0.0,0.0,0.0,-7.3,57,10.8,307,1025.7,0,0,0,0,0.0,0.0,41.824,-71.4128,2024,1,21,19
2024-01-21 20:00:00,0.0,0.0,0.0,0.0,-7.8,60,11.2,310,1026.7,0,0,0,0,0.0,0.0,41.824,-71.4128,2024,1,21,20
2024-01-21 21:00:00,0.0,0.0,0.0,0.0,-6.7,56,16.1,312,1026.5,0,0,0,0,0.0,0.0,41.824,-71.4128,2024,1,21,21
2024-01-21 22:00:00,0.0,0.0,0.0,0.0,-6.9,57,16.3,319,1027.1,0,0,0,0,0.0,0.0,41.824,-71.4128,2024,1,21,22
2024-01-21 23:00:00,0.0,0.0,0.0,0.0,-7.3,60,15.3,317,1027.6,0,0,0,0,0.0,0.0,41.824,-71.4128,2024,1,21,23
2024-01-22 00:00:00,0.0,0.0,0.0,0.0,-7.6,62,14.0,316,1028.4,2,0,0,2,0.0,0.0,41.824,-71.4128,2024,1,22,0
2024-01-22 01:00:00,0.0,0.0,0.0,0.0,-7.9,64,13.0,316,1028.8,0,0,0,0,0.0,0.0,41.824,-71.4128,2024,1,22,1
2024-01-22 02:00:00,0.0,0.0,0.0,0.0,-8.2,66,11.2,315,1029.1,2,0,0,2,0.0,0.0,41.824,-71.4128,2024,1,22,2
2024-01-22 03:00:00,0.0,0.0,0.0,0.0,-8.6,68,9.7,312,1029.5,0,0,0,0,0.0,0.0,41.824,-71.4128,2024,1,22,3
2024-01-22 04:00:00,0.0,0.0,0.0,0.0,-9.1,69,8.5,306,1029.9,0,0,0,0,0.0,0.0,41.824,-71.4128,2024,1,22,4
2024-01-22 05:00:00,0.0,0.0,0.0,0.0,-9.4,69,8.1,302,1030.1,0,0,0,0,0.0,0.0,41.824,-71.4128,2024,1,22,5
2024-01-22 06:00:00,0.0,0.0,0.0,0.0,-9.9,69,6.8,288,1030.2,0,0,0,0,0.0,0.0,41.824,-71.4128,2024,1,22,6
2024-01-22 07:00:00,0.0,0.0,0.0,0.0,-9.9,68,7.8,283,1030.6,0,0,0,0,0.0,0.0,41.824,-71.4128,2024,1,22,7
2024-01-22 08:00:00,0.0,0.0,0.0,0.0,-9.3,64,9.1,288,1031.3,5,0,0,5,0.0,0.0,41.824,-71.4128,2024,1,22,8
2024-01-22 09:00:00,36.0,22.0,14.0,260.9,-7.5,50,11.6,296,1031.7,0,0,0,0,0.0,2875.49,41.824,-71.4128,2024,1,22,9
2024-01-22 10:00:00,179.0,131.0,48.0,631.6,-4.7,43,6.9,276,1031.9,0,0,0,0,0.0,3600.0,41.824,-71.4128,2024,1,22,10
2024-01-22 11:00:00,324.0,261.0,63.0,779.1,-1.8,38,6.5,264,1031.5,0,0,0,0,0.0,3600.0,41.824,-71.4128,2024,1,22,11
2024-01-22 12:00:00,429.0,357.0,72.0,841.1,1.0,34,8.2,255,1030.7,0,0,0,0,0.0,3600.0,41.824,-71.4128,2024,1,22,12
2024-01-22 13:00:00,483.0,408.0,75.0,868.7,3.0,30,10.0,244,1029.2,51,0,0,51,0.0,3600.0,41.824,-71.4128,2024,1,22,13
2024-01-22 14:00:00,475.0,392.0,83.0,838.3,4.4,26,13.1,249,1028.9,99,0,5,99,0.0,3600.0,41.824,-71.4128,2024,1,22,14
2024-01-22 15:00:00,395.0,279.0,116.0,666.9,4.3,25,13.5,245,1028.2,74,0,6,73,0.0,3600.0,41.824,-71.4128,2024,1,22,15
2024-01-22 16:00:00,297.0,216.0,81.0,663.9,3.9,26,13.4,243,1028.1,100,0,44,100,0.0,3600.0,41.824,-71.4128,2024,1,22,16
2024-01-22 17:00:00,105.0,11.0,94.0,56.4,2.4,32,10.5,232,1028.0,100,0,99,100,0.0,0.0,41.824,-71.4128,2024,1,22,17
2024-01-22 18:00:00,13.0,0.0,13.0,0.0,0.9,39,12.3,232,1028.3,100,0,100,100,0.0,0.0,41.824,-71.4128,2024,1,22,18
2024-01-22 19:00:00,0.0,0.0,0.0,0.0,0.3,45,13.4,234,1028.4,100,0,100,100,0.0,0.0,41.824,-71.4128,2024,1,22,19
2024-01-22 20:00:00,0.0,0.0,0.0,0.0,0.1,47,13.8,237,1028.6,100,0,100,99,0.0,0.0,41.824,-71.4128,2024,1,22,20
2024-01-22 21:00:00,0.0,0.0,0.0,0.0,-0.2,53,12.7,223,1027.6,100,0,88,98,0.0,0.0,41.824,-71.4128,2024,1,22,21
2024-01-22 22:00:00,0.0,0.0,0.0,0.0,0.1,53,14.0,226,1027.1,96,0,96,0,0.0,0.0,41.824,-71.4128,2024,1,22,22
2024-01-22 23:00:00,0.0,0.0,0.0,0.0,0.2,54,15.6,230,1026.7,82,0,82,2,0.0,0.0,41.824,-71.4128,2024,1,22,23
2024-01-23 00:00:00,0.0,0.0,0.0,0.0,0.5,54,17.7,237,1026.5,78,0,76,10,0.0,0.0,41.824,-71.4128,2024,1,23,0
2024-01-23 01:00:00,0.0,0.0,0.0,0.0,0.9,51,18.2,243,1026.3,99,8,45,98,0.0,0.0,41.824,-71.4128,2024,1,23,1
2024-01-23 02:00:00,0.0,0.0,0.0,0.0,0.8,49,16.6,246,1026.2,97,56,73,87,0.0,0.0,41.824,-71.4128,2024,1,23,2
2024-01-23 03:00:00,0.0,0.0,0.0,0.0,0.9,48,15.8,246,1026.0,100,4,28,100,0.0,0.0,41.824,-71.4128,2024,1,23,3
2024-01-23 04:00:00,0.0,0.0,0.0,0.0,0.7,49,13.7,247,1026.0,31,23,19,2,0.0,0.0,41.824,-71.4128,2024,1,23,4
2024-01-23 05:00:00,0.0,0.0,0.0,0.0,0.1,52,10.6,252,1026.4,90,18,30,84,0.0,0.0,41.824,-71.4128,2024,1,23,5
2024-01-23 06:00:00,0.0,0.0,0.0,0.0,0.1,55,8.0,262,1026.6,63,12,25,47,0.0,0.0,41.824,-71.4128,2024,1,23,6
2024-01-23 07:00:00,0.0,0.0,0.0,0.0,-0.4,58,8.5,258,1027.2,39,18,11,23,0.0,0.0,41.824,-71.4128,2024,1,23,7
2024-01-23 08:00:00,0.0,0.0,0.0,0.0,-0.8,63,8.3,252,1028.1,81,18,61,74,0.0,0.0,41.824,-71.4128,2024,1,23,8
2024-01-23 09:00:00,32.0,14.0,18.0,163.6,0.1,60,9.8,276,1028.4,100,1,100,76,0.0,2919.09,41.824,-71.4128,2024,1,23,9
2024-01-23 10:00:00,117.0,25.0,92.0,119.1,2.4,56,8.9,284,1028.7,100,0,98,87,0.0,1771.98,41.824,-71.4128,2024,1,23,10
2024-01-23 11:00:00,182.0,21.0,161.0,62.2,3.5,55,12.1,307,1029.4,100,0,100,89,0.0,64.53,41.824,-71.4128,2024,1,23,11
2024-01-23 12:00:00,115.0,4.0,111.0,9.4,3.2,58,10.5,292,1029.7,100,0,100,92,0.0,0.0,41.824,-71.4128,2024,1,23,12
2024-01-23 13:00:00,126.0,2.0,124.0,4.2,3.4,58,11.1,306,1029.7,100,1,100,100,0.0,0.0,41.824,-71.4128,2024,1,23,13
2024-01-23 14:00:00,129.0,1.0,128.0,2.1,3.4,60,9.0,307,1029.8,100,1,100,100,0.1,0.0,41.824,-71.4128,2024,1,23,14
2024-01-23 15:00:00,72.0,0.0,72.0,0.0,2.7,69,6.4,313,1030.2,100,0,100,100,0.2,0.0,41.824,-71.4128,2024,1,23,15
2024-01-23 16:00:00,47.0,2.0,45.0,6.1,2.1,75,5.4,307,1030.6,100,3,100,100,0.4,0.0,41.824,-71.4128,2024,1,23,16
2024-01-23 17:00:00,19.0,0.0,19.0,0.0,1.4,82,5.9,308,1031.5,100,15,100,100,0.2,0.0,41.824,-71.4128,2024,1,23,17
2024-01-23 18:00:00,3.0,0.0,3.0,0.0,0.9,86,5.7,325,1032.3,100,26,100,100,0.2,0.0,41.824,-71.4128,2024,1,23,18
2024-01-23 19:00:00,0.0,0.0,0.0,0.0,0.5,90,4.1,345,1033.2,100,4,100,100,0.3,0.0,41.824,-71.4128,2024,1,23,19
2024-01-23 20:00:00,0.0,0.0,0.0,0.0,0.3,92,4.3,355,1033.6,100,5,97,100,0.2,0.0,41.824,-71.4128,2024,1,23,20
2024-01-23 21:00:00,0.0,0.0,0.0,0.0,0.2,96,2.3,231,1033.6,100,100,100,100,0.1,0.0,41.824,-71.4128,2024,1,23,21
2024-01-23 22:00:00,0.0,0.0,0.0,0.0,0.1,97,2.6,236,1034.0,100,100,100,100,0.1,0.0,41.824,-71.4128,2024,1,23,22
2024-01-23 23:00:00,0.0,0.0,0.0,0.0,0.3,96,2.0,315,1034.3,100,100,100,100,0.2,0.0,41.824,-71.4128,2024,1,23,23
2024-01-24 00:00:00,0.0,0.0,0.0,0.0,-0.2,99,3.1,36,1034.4,100,100,100,100,0.3,0.0,41.824,-71.4128,2024,1,24,0
2024-01-24 01:00:00,0.0,0.0,0.0,0.0,-0.2,99,3.1,45,1034.4,100,100,100,100,0.8,0.0,41.824,-71.4128,2024,1,24,1
2024-01-24 02:00:00,0.0,0.0,0.0,0.0,-0.3,99,5.3,62,1034.0,100,43,100,88,0.9,0.0,41.824,-71.4128,2024,1,24,2
2024-01-24 03:00:00,0.0,0.0,0.0,0.0,-0.3,99,3.6,53,1034.6,100,100,100,100,0.6,0.0,41.824,-71.4128,2024,1,24,3
2024-01-24 04:00:00,0.0,0.0,0.0,0.0,-0.4,99,3.6,53,1034.6,100,100,100,99,0.2,0.0,41.824,-71.4128,2024,1,24,4
2024-01-24 05:00:00,0.0,0.0,0.0,0.0,-0.4,99,3.5,66,1034.3,100,100,100,91,0.1,0.0,41.824,-71.4128,2024,1,24,5
2024-01-24 06:00:00,0.0,0.0,0.0,0.0,-0.5,99,3.9,68,1034.2,100,99,100,31,0.0,0.0,41.824,-71.4128,2024,1,24,6
2024-01-24 07:00:00,0.0,0.0,0.0,0.0,-0.5,99,5.2,102,1034.2,100,99,100,65,0.0,0.0,41.824,-71.4128,2024,1,24,7
2024-01-24 08:00:00,0.0,0.0,0.0,0.0,-0.4,99,5.0,111,1034.0,100,92,100,90,0.0,0.0,41.824,-71.4128,2024,1,24,8
2024-01-24 09:00:00,5.0,0.0,5.0,0.0,-0.2,97,3.7,101,1034.2,100,100,100,100,0.3,0.0,41.824,-71.4128,2024,1,24,9
2024-01-24 10:00:00,19.0,0.0,19.0,0.0,0.2,96,2.3,141,1034.1,100,100,100,59,0.4,0.0,41.824,-71.4128,2024,1,24,10
2024-01-24 11:00:00,35.0,0.0,35.0,0.0,0.5,95,3.4,148,1034.2,100,80,100,22,0.3,0.0,41.824,-71.4128,2024,1,24,11
2024-01-24 12:00:00,58.0,1.0,57.0,2.3,0.9,95,5.0,159,1033.6,100,85,100,92,0.3,0.0,41.824,-71.4128,2024,1,24,12
2024-01-24 13:00:00,102.0,7.0,95.0,14.7,1.8,92,5.3,152,1032.4,100,100,100,98,0.2,0.0,41.824,-71.4128,2024,1,24,13
2024-01-24 14:00:00,102.0,0.0,102.0,0.0,2.3,91,4.4,145,1031.9,100,100,100,100,0.0,0.0,41.824,-71.4128,2024,1,24,14
2024-01-24 15:00:00,62.0,0.0,62.0,0.0,2.3,93,5.2,124,1030.7,100,100,100,100,0.0,0.0,41.824,-71.4128,2024,1,24,15
2024-01-24 16:00:00,64.0,0.0,64.0,0.0,2.5,95,3.8,131,1030.4,100,100,100,97,0.1,0.0,41.824,-71.4128,2024,1,24,16
2024-01-24 17:00:00,33.0,0.0,33.0,0.0,2.3,96,4.6,141,1030.1,100,100,100,100,0.0,0.0,41.824,-71.4128,2024,1,24,17
2024-01-24 18:00:00,3.0,0.0,3.0,0.0,2.4,96,7.6,155,1029.0,100,100,100,100,0.3,0.0,41.824,-71.4128,2024,1,24,18
2024-01-24 19:00:00,0.0,0.0,0.0,0.0,2.6,98,8.7,163,1028.5,100,100,100,100,0.1,0.0,41.824,-71.4128,2024,1,24,19
2024-01-24 20:00:00,0.0,0.0,0.0,0.0,3.0,98,9.1,171,1028.0,100,100,100,100,0.2,0.0,41.824,-71.4128,2024,1,24,20
2024-01-24 21:00:00,0.0,0.0,0.0,0.0,3.0,99,9.1,173,1026.8,100,100,100,100,0.3,0.0,41.824,-71.4128,2024,1,24,21
2024-01-24 22:00:00,0.0,0.0,0.0,0.0,3.6,99,9.4,178,1025.7,100,100,100,100,0.8,0.0,41.824,-71.4128,2024,1,24,22
2024-01-24 23:00:00,0.0,0.0,0.0,0.0,3.9,99,10.2,188,1024.7,100,99,100,100,1.8,0.0,41.824,-71.4128,2024,1,24,23
2024-01-25 00:00:00,0.0,0.0,0.0,0.0,4.3,99,9.9,190,1023.5,100,39,100,100,1.6,0.0,41.824,-71.4128,2024,1,25,0
2024-01-25 01:00:00,0.0,0.0,0.0,0.0,4.8,99,10.4,194,1022.3,100,100,100,100,1.8,0.0,41.824,-71.4128,2024,1,25,1
2024-01-25 02:00:00,0.0,0.0,0.0,0.0,5.7,98,10.8,201,1020.6,100,97,100,100,0.7,0.0,41.824,-71.4128,2024,1,25,2
2024-01-25 03:00:00,0.0,0.0,0.0,0.0,7.9,97,17.5,217,1019.3,100,62,100,100,0.4,0.0,41.824,-71.4128,2024,1,25,3
2024-01-25 04:00:00,0.0,0.0,0.0,0.0,9.0,94,20.1,223,1018.0,100,59,100,100,0.8,0.0,41.824,-71.4128,2024,1,25,4
2024-01-25 05:00:00,0.0,0.0,0.0,0.0,9.4,93,20.4,234,1017.5,100,73,100,100,1.0,0.0,41.824,-71.4128,2024,1,25,5
2024-01-25 06:00:00,0.0,0.0,0.0,0.0,9.6,93,21.4,241,1017.0,100,100,100,100,0.7,0.0,41.824,-71.4128,2024,1,25,6
2024-01-25 07:00:00,0.0,0.0,0.0,0.0,9.7,94,21.6,240,1017.0,100,97,100,100,0.3,0.0,41.824,-71.4128,2024,1,25,7
2024-01-25 08:00:00,0.0,0.0,0.0,0.0,9.6,94,16.6,252,1017.4,100,76,100,100,0.4,0.0,41.824,-71.4128,2024,1,25,8
2024-01-25 09:00:00,9.0,0.0,9.0,0.0,8.2,97,7.4,256,1017.7,100,17,100,100,0.2,0.0,41.824,-71.4128,2024,1,25,9
2024-01-25 10:00:00,30.0,0.0,30.0,0.0,8.8,96,9.8,264,1018.0,100,7,100,100,0.1,0.0,41.824,-71.4128,2024,1,25,10
2024-01-25 11:00:00,105.0,6.0,99.0,17.4,9.6,95,9.2,281,1018.4,100,5,100,100,0.1,0.0,41.824,-71.4128,2024,1,25,11
2024-01-25 12:00:00,83.0,0.0,83.0,0.0,9.2,96,9.1,304,1019.0,100,10,100,100,0.0,0.0,41.824,-71.4128,2024,1,25,12
2024-01-25 13:00:00,98.0,0.0,98.0,0.0,9.5,94,10.2,312,1018.5,100,1,99,100,0.0,0.0,41.824,-71.4128,2024,1,25,13
2024-01-25 14:00:00,225.0,42.0,183.0,87.7,10.9,91,5.5,337,1018.4,100,4,92,100,0.0,830.84,41.824,-71.4128,2024,1,25,14
2024-01-25 15:00:00,218.0,47.0,171.0,109.3,11.6,86,5.6,15,1018.4,100,27,42,100,0.0,1478.38,41.824,-71.4128,2024,1,25,15
2024-01-25 16:00:00,168.0,24.0,144.0,71.2,11.5,82,7.3,33,1018.7,100,15,100,100,0.0,335.31,41.824,-71.4128,2024,1,25,16
2024-01-25 17:00:00,83.0,6.0,77.0,29.0,10.3,84,6.1,45,1019.4,100,5,100,100,0.0,0.0,41.824,-71.4128,2024,1,25,17
2024-01-25 18:00:00,10.0,0.0,10.0,0.0,8.5,88,10.5,49,1020.3,100,5,24,100,0.0,0.0,41.824,-71.4128,2024,1,25,18
2024-01-25 19:00:00,0.0,0.0,0.0,0.0,5.7,93,9.8,66,1021.1,100,1,4,100,0.0,0.0,41.824,-71.4128,2024,1,25,19
2024-01-25 20:00:00,0.0,0.0,0.0,0.0,3.5,92,7.4,47,1022.5,100,10,6,100,0.0,0.0,41.824,-71.4128,2024,1,25,20
2024-01-25 21:00:00,0.0,0.0,0.0,0.0,2.4,93,8.7,52,1023.3,100,17,1,100,0.0,0.0,41.824,-71.4128,2024,1,25,21
2024-01-25 22:00:00,0.0,0.0,0.0,0.0,1.9,94,8.1,58,1023.8,100,16,0,100,0.0,0.0,41.824,-71.4128,2024,1,25,22
2024-01-25 23:00:00,0.0,0.0,0.0,0.0,1.6,95,8.2,49,1024.1,100,23,1,100,0.0,0.0,41.824,-71.4128,2024,1,25,23
2024-01-26 00:00:00,0.0,0.0,0.0,0.0,1.4,95,8.7,45,1024.8,100,41,3,100,0.0,0.0,41.824,-71.4128,2024,1,26,0
2024-01-26 01:00:00,0.0,0.0,0.0,0.0,1.6,95,8.8,55,1024.3,100,46,10,100,0.0,0.0,41.824,-71.4128,2024,1,26,1
2024-01-26 02:00:00,0.0,0.0,0.0,0.0,1.8,95,8.7,66,1023.5,100,4,100,94,0.0,0.0,41.824,-71.4128,2024,1,26,2
2024-01-26 03:00:00,0.0,0.0,0.0,0.0,1.8,95,8.2,61,1022.9,100,3,100,36,0.0,0.0,41.824,-71.4128,2024,1,26,3
2024-01-26 04:00:00,0.0,0.0,0.0,0.0,1.9,95,9.7,63,1022.1,100,46,100,100,0.0,0.0,41.824,-71.4128,2024,1,26,4
2024-01-26 05:00:00,0.0,0.0,0.0,0.0,2.3,95,10.0,69,1021.3,100,91,100,100,0.0,0.0,41.824,-71.4128,2024,1,26,5
2024-01-26 06:00:00,0.0,0.0,0.0,0.0,2.3,96,9.2,59,1021.1,100,100,100,100,0.8,0.0,41.824,-71.4128,2024,1,26,6
2024-01-26 07:00:00,0.0,0.0,0.0,0.0,2.3,96,10.5,74,1020.4,100,100,100,100,2.7,0.0,41.824,-71.4128,2024,1,26,7
2024-01-26 08:00:00,0.0,0.0,0.0,0.0,2.3,97,9.1,83,1020.6,100,100,100,100,1.5,0.0,41.824,-71.4128,2024,1,26,8
2024-01-26 09:00:00,3.0,0.0,3.0,0.0,2.2,96,9.2,64,1020.1,100,100,100,92,3.7,0.0,41.824,-71.4128,2024,1,26,9
2024-01-26 10:00:00,23.0,0.0,23.0,0.0,2.7,97,10.6,55,1019.5,100,100,100,98,0.3,0.0,41.824,-71.4128,2024,1,26,10
2024-01-26 11:00:00,28.0,0.0,28.0,0.0,2.9,97,11.0,32,1019.6,100,100,100,98,1.5,0.0,41.824,-71.4128,2024,1,26,11
2024-01-26 12:00:00,30.0,0.0,30.0,0.0,3.1,97,12.1,37,1018.4,100,100,100,95,0.9,0.0,41.824,-71.4128,2024,1,26,12
2024-01-26 13:00:00,64.0,1.0,63.0,2.1,3.9,97,10.5,59,1016.5,100,100,100,97,0.3,0.0,41.824,-71.4128,2024,1,26,13
2024-01-26 14:00:00,99.0,3.0,96.0,6.2,4.6,97,9.5,65,1015.0,100,100,0,75,0.2,0.0,41.824,-71.4128,2024,1,26,14
2024-01-26 15:00:00,144.0,2.0,142.0,4.6,5.7,94,7.6,65,1014.4,100,100,0,98,0.0,0.0,41.824,-71.4128,2024,1,26,15
2024-01-26 16:00:00,76.0,0.0,76.0,0.0,5.7,94,5.8,30,1014.0,100,100,0,34,0.0,0.0,41.824,-71.4128,2024,1,26,16
2024-01-26 17:00:00,35.0,0.0,35.0,0.0,5.4,96,6.1,3,1014.6,100,100,0,70,0.0,0.0,41.824,-71.4128,2024,1,26,17
2024-01-26 18:00:00,10.0,0.0,10.0,0.0,4.7,98,8.3,2,1014.8,100,100,5,97,0.0,0.0,41.824,-71.4128,2024,1,26,18
2024-01-26 19:00:00,0.0,0.0,0.0,0.0,4.2,99,8.6,358,1015.2,100,100,2,100,0.0,0.0,41.824,-71.4128,2024,1,26,19
2024-01-26 20:00:00,0.0,0.0,0.0,0.0,3.8,99,9.7,360,1016.1,100,100,3,99,0.0,0.0,41.824,-71.4128,2024,1,26,20
2024-01-26 21:00:00,0.0,0.0,0.0,0.0,3.2,98,8.1,339,1016.9,100,100,100,15,0.0,0.0,41.824,-71.4128,2024,1,26,21
2024-01-26 22:00:00,0.0,0.0,0.0,0.0,3.0,98,8.0,342,1017.5,100,100,96,0,0.0,0.0,41.824,-71.4128,2024,1,26,22
2024-01-26 23:00:00,0.0,0.0,0.0,0.0,2.7,98,8.0,350,1017.4,100,100,57,0,0.0,0.0,41.824,-71.4128,2024,1,26,23
2024-01-27 00:00:00,0.0,0.0,0.0,0.0,2.3,99,10.6,350,1018.0,100,100,57,0,0.0,0.0,41.824,-71.4128,2024,1,27,0
2024-01-27 01:00:00,0.0,0.0,0.0,0.0,2.2,98,11.2,360,1018.0,100,100,0,19,0.0,0.0,41.824,-71.4128,2024,1,27,1
2024-01-27 02:00:00,0.0,0.0,0.0,0.0,1.9,98,11.2,4,1017.9,100,100,1,0,0.0,0.0,41.824,-71.4128,2024,1,27,2
2024-01-27 03:00:00,0.0,0.0,0.0,0.0,1.7,98,10.1,4,1018.5,100,100,21,0,0.0,0.0,41.824,-71.4128,2024,1,27,3
2024-01-27 04:00:00,0.0,0.0,0.0,0.0,1.5,98,10.4,2,1018.4,100,100,37,0,0.0,0.0,41.824,-71.4128,2024,1,27,4
2024-01-27 05:00:00,0.0,0.0,0.0,0.0,1.3,98,10.1,4,1018.8,100,100,25,0,0.0,0.0,41.824,-71.4128,2024,1,27,5
2024-01-27 06:00:00,0.0,0.0,0.0,0.0,1.2,98,10.4,358,1019.1,100,100,22,0,0.0,0.0,41.824,-71.4128,2024,1,27,6
2024-01-27 07:00:00,0.0,0.0,0.0,0.0,1.1,98,11.2,2,1019.6,100,100,15,0,0.0,0.0,41.824,-71.4128,2024,1,27,7
2024-01-27 08:00:00,0.0,0.0,0.0,0.0,1.0,98,10.4,360,1020.2,100,100,10,0,0.0,0.0,41.824,-71.4128,2024,1,27,8
2024-01-27 09:00:00,9.0,0.0,9.0,0.0,1.5,95,11.3,353,1021.9,100,100,21,0,0.0,0.0,41.824,-71.4128,2024,1,27,9
2024-01-27 10:00:00,48.0,1.0,47.0,4.5,1.7,93,11.9,358,1022.3,100,100,8,0,0.0,0.0,41.824,-71.4128,2024,1,27,10
2024-01-27 11:00:00,94.0,4.0,90.0,11.4,2.3,91,10.5,6,1022.5,100,100,0,30,0.0,0.0,41.824,-71.4128,2024,1,27,11
2024-01-27 12:00:00,168.0,11.0,157.0,24.9,3.2,86,9.4,7,1022.2,99,98,0,49,0.0,0.0,41.824,-71.4128,2024,1,27,12
2024-01-27 13:00:00,200.0,19.0,181.0,38.9,4.1,80,10.5,352,1021.8,100,100,1,42,0.0,0.0,41.824,-71.4128,2024,1,27,13
2024-01-27 14:00:00,211.0,18.0,193.0,37.0,4.7,74,11.3,353,1021.6,100,100,0,1,0.0,0.0,41.824,-71.4128,2024,1,27,14
2024-01-27 15:00:00,164.0,9.0,155.0,20.5,4.9,72,9.7,358,1021.3,100,100,0,42,0.0,0.0,41.824,-71.4128,2024,1,27,15
2024-01-27 16:00:00,129.0,12.0,117.0,34.8,4.9,72,7.0,12,1021.0,100,100,0,10,0.0,0.0,41.824,-71.4128,2024,1,27,16
2024-01-27 17:00:00,86.0,9.0,77.0,42.0,4.6,73,3.9,34,1021.2,83,81,0,8,0.0,0.0,41.824,-71.4128,2024,1,27,17
2024-01-27 18:00:00,30.0,13.0,17.0,148.5,2.1,83,5.3,28,1021.8,100,93,0,100,0.0,2948.3,41.824,-71.4128,2024,1,27,18
2024-01-27 19:00:00,0.0,0.0,0.0,0.0,1.6,88,5.4,37,1022.1,100,100,0,96,0.0,0.0,41.824,-71.4128,2024,1,27,19
2024-01-27 20:00:00,0.0,0.0,0.0,0.0,1.8,88,5.6,130,1022.5,100,98,0,99,0.0,0.0,41.824,-71.4128,2024,1,27,20
2024-01-27 21:00:00,0.0,0.0,0.0,0.0,1.0,89,3.5,24,1022.4,93,17,0,92,0.0,0.0,41.824,-71.4128,2024,1,27,21
2024-01-27 22:00:00,0.0,0.0,0.0,0.0,0.6,91,4.7,90,1021.9,81,0,0,81,0.0,0.0,41.824,-71.4128,2024,1,27,22
2024-01-27 23:00:00,0.0,0.0,0.0,0.0,-0.5,95,5.2,192,1021.7,100,0,0,100,0.0,0.0,41.824,-71.4128,2024,1,27,23
2024-01-28 00:00:00,0.0,0.0,0.0,0.0,-0.6,95,5.7,215,1021.7,100,5,4,100,0.0,0.0,41.824,-71.4128,2024,1,28,0
2024-01-28 01:00:00,0.0,0.0,0.0,0.0,-0.9,95,5.2,192,1021.1,100,14,93,100,0.0,0.0,41.824,-71.4128,2024,1,28,1
2024-01-28 02:00:00,0.0,0.0,0.0,0.0,-1.6,95,7.9,204,1020.6,100,20,100,100,0.0,0.0,41.824,-71.4128,2024,1,28,2
2024-01-28 03:00:00,0.0,0.0,0.0,0.0,-0.2,95,5.4,200,1020.4,100,29,100,100,0.0,0.0,41.824,-71.4128,2024,1,28,3
2024-01-28 04:00:00,0.0,0.0,0.0,0.0,-0.1,95,4.5,256,1020.0,100,0,100,100,0.0,0.0,41.824,-71.4128,2024,1,28,4
2024-01-28 05:00:00,0.0,0.0,0.0,0.0,0.6,93,2.3,51,1018.7,100,0,100,100,0.0,0.0,41.824,-71.4128,2024,1,28,5
2024-01-28 06:00:00,0.0,0.0,0.0,0.0,0.1,96,3.3,49,1018.1,100,0,100,100,0.2,0.0,41.824,-71.4128,2024,1,28,6
2024-01-28 07:00:00,0.0,0.0,0.0,0.0,-0.1,98,4.7,67,1017.4,100,0,100,100,0.2,0.0,41.824,-71.4128,2024,1,28,7
2024-01-28 08:00:00,0.0,0.0,0.0,0.0,0.0,98,5.0,90,1016.9,100,4,62,100,0.4,0.0,41.824,-71.4128,2024,1,28,8
2024-01-28 09:00:00,9.0,0.0,9.0,0.0,0.6,97,6.8,115,1016.0,100,9,100,100,0.9,0.0,41.824,-71.4128,2024,1,28,9
2024-01-28 10:00:00,15.0,0.0,15.0,0.0,0.6,99,6.8,90,1015.4,100,5,100,100,1.6,0.0,41.824,-71.4128,2024,1,28,10
2024-01-28 11:00:00,29.0,0.0,29.0,0.0,0.8,98,7.6,71,1014.8,100,100,100,100,1.9,0.0,41.824,-71.4128,2024,1,28,11
2024-01-28 12:00:00,25.0,0.0,25.0,0.0,0.8,99,7.9,60,1014.6,100,100,100,92,3.9,0.0,41.824,-71.4128,2024,1,28,12
2024-01-28 13:00:00,45.0,0.0,45.0,0.0,0.9,99,13.4,63,1011.9,100,100,100,14,3.8,0.0,41.824,-71.4128,2024,1,28,13
2024-01-28 14:00:00,118.0,1.0,117.0,2.0,1.4,98,15.9,62,1010.0,100,100,100,0,1.4,0.0,41.824,-71.4128,2024,1,28,14
2024-01-28 15:00:00,76.0,0.0,76.0,0.0,1.4,97,15.3,60,1008.1,100,100,100,0,0.3,0.0,41.824,-71.4128,2024,1,28,15
2024-01-28 16:00:00,48.0,0.0,48.0,0.0,1.4,97,15.8,43,1006.8,100,100,100,0,0.2,0.0,41.824,-71.4128,2024,1,28,16
2024-01-28 17:00:00,22.0,0.0,22.0,0.0,1.6,97,16.6,48,1006.4,100,100,100,0,0.3,0.0,41.824,-71.4128,2024,1,28,17
2024-01-28 18:00:00,4.0,0.0,4.0,0.0,1.8,97,17.7,38,1005.5,100,100,100,0,0.5,0.0,41.824,-71.4128,2024,1,28,18
2024-01-28 19:00:00,0.0,0.0,0.0,0.0,2.0,97,19.5,30,1004.6,100,100,97,0,0.9,0.0,41.824,-71.4128,2024,1,28,19
2024-01-28 20:00:00,0.0,0.0,0.0,0.0,1.8,97,20.5,31,1004.1,100,100,100,0,1.3,0.0,41.824,-71.4128,2024,1,28,20
2024-01-28 21:00:00,0.0,0.0,0.0,0.0,1.4,96,22.1,19,1003.3,100,100,100,0,0.6,0.0,41.824,-71.4128,2024,1,28,21
2024-01-28 22:00:00,0.0,0.0,0.0,0.0,1.1,96,21.7,15,1002.8,100,100,100,0,0.4,0.0,41.824,-71.4128,2024,1,28,22
2024-01-28 23:00:00,0.0,0.0,0.0,0.0,1.1,96,22.5,16,1002.2,100,100,100,1,1.1,0.0,41.824,-71.4128,2024,1,28,23
2024-01-29 00:00:00,0.0,0.0,0.0,0.0,1.0,95,23.1,14,1001.6,100,100,100,100,0.9,0.0,41.824,-71.4128,2024,1,29,0
2024-01-29 01:00:00,0.0,0.0,0.0,0.0,0.9,95,23.7,14,1001.4,100,100,100,13,0.5,0.0,41.824,-71.4128,2024,1,29,1
2024-01-29 02:00:00,0.0,0.0,0.0,0.0,0.8,94,23.0,14,1001.2,100,100,100,8,0.2,0.0,41.824,-71.4128,2024,1,29,2
2024-01-29 03:00:00,0.0,0.0,0.0,0.0,0.7,95,21.8,9,1001.3,100,100,100,32,0.4,0.0,41.824,-71.4128,2024,1,29,3
2024-01-29 04:00:00,0.0,0.0,0.0,0.0,0.6,93,21.7,5,1001.1,100,100,100,89,0.2,0.0,41.824,-71.4128,2024,1,29,4
2024-01-29 05:00:00,0.0,0.0,0.0,0.0,0.6,91,21.6,3,1001.1,100,100,100,11,0.0,0.0,41.824,-71.4128,2024,1,29,5
2024-01-29 06:00:00,0.0,0.0,0.0,0.0,0.4,91,21.6,360,1001.5,100,100,100,0,0.0,0.0,41.824,-71.4128,2024,1,29,6
2024-01-29 07:00:00,0.0,0.0,0.0,0.0,0.2,90,21.6,358,1002.3,100,100,79,0,0.0,0.0,41.824,-71.4128,2024,1,29,7
2024-01-29 08:00:00,0.0,0.0,0.0,0.0,-0.1,88,21.3,357,1003.1,100,99,76,0,0.0,0.0,41.824,-71.4128,2024,1,29,8
2024-01-29 09:00:00,23.0,2.0,21.0,21.2,0.5,86,20.7,352,1004.3,100,100,95,13,0.0,0.0,41.824,-71.4128,2024,1,29,9
2024-01-29 10:00:00,108.0,23.0,85.0,101.2,1.0,81,21.0,353,1005.0,100,100,99,86,0.0,1235.84,41.824,-71.4128,2024,1,29,10
2024-01-29 11:00:00,147.0,13.0,134.0,36.4,1.0,77,24.1,360,1005.9,100,78,100,99,0.0,0.0,41.824,-71.4128,2024,1,29,11
2024-01-29 12:00:00,304.0,67.0,237.0,149.3,1.9,70,26.3,2,1006.2,100,80,89,96,0.0,2679.69,41.824,-71.4128,2024,1,29,12
2024-01-29 13:00:00,368.0,107.0,261.0,215.9,2.5,67,23.4,2,1006.6,99,97,19,57,0.0,3600.0,41.824,-71.4128,2024,1,29,13
2024-01-29 14:00:00,357.0,112.0,245.0,226.3,2.9,64,22.3,2,1007.0,100,100,2,0,0.0,3600.0,41.824,-71.4128,2024,1,29,14
2024-01-29 15:00:00,214.0,12.0,202.0,26.9,3.0,61,20.6,4,1007.6,100,100,0,0,0.0,0.0,41.824,-71.4128,2024,1,29,15
2024-01-29 16:00:00,123.0,8.0,115.0,22.6,3.0,63,15.2,4,1008.4,100,100,0,0,0.0,0.0,41.824,-71.4128,2024,1,29,16
2024-01-29 17:00:00,96.0,20.0,76.0,89.8,2.8,64,13.3,358,1009.4,100,100,0,0,0.0,895.38,41.824,-71.4128,2024,1,29,17
2024-01-29 18:00:00,17.0,3.0,14.0,32.7,2.1,69,11.6,353,1010.8,100,100,59,0,0.0,0.0,41.824,-71.4128,2024,1,29,18
2024-01-29 19:00:00,0.0,0.0,0.0,0.0,1.5,73,10.1,358,1012.2,100,100,95,0,0.0,0.0,41.824,-71.4128,2024,1,29,19
2024-01-29 20:00:00,0.0,0.0,0.0,0.0,1.3,71,11.3,7,1013.4,100,100,100,0,0.0,0.0,41.824,-71.4128,2024,1,29,20
2024-01-29 21:00:00,0.0,0.0,0.0,0.0,0.1,71,14.1,357,1014.6,100,100,1,0,0.0,0.0,41.824,-71.4128,2024,1,29,21
2024-01-29 22:00:00,0.0,0.0,0.0,0.0,0.1,71,14.1,357,1015.5,99,99,0,0,0.0,0.0,41.824,-71.4128,2024,1,29,22
2024-01-29 23:00:00,0.0,0.0,0.0,0.0,-0.4,74,13.8,353,1016.1,100,100,0,0,0.0,0.0,41.824,-71.4128,2024,1,29,23
2024-01-30 00:00:00,0.0,0.0,0.0,0.0,-1.2,77,13.8,354,1016.7,72,72,0,0,0.0,0.0,41.824,-71.4128,2024,1,30,0
2024-01-30 01:00:00,0.0,0.0,0.0,0.0,-2.5,81,11.9,357,1017.4,3,3,0,0,0.0,0.0,41.824,-71.4128,2024,1,30,1
2024-01-30 02:00:00,0.0,0.0,0.0,0.0,-3.6,86,10.9,354,1017.8,12,12,0,0,0.0,0.0,41.824,-71.4128,2024,1,30,2
2024-01-30 03:00:00,0.0,0.0,0.0,0.0,-4.0,86,12.0,353,1018.5,0,0,0,0,0.0,0.0,41.824,-71.4128,2024,1,30,3
2024-01-30 04:00:00,0.0,0.0,0.0,0.0,-4.3,88,12.6,357,1018.9,2,2,0,0,0.0,0.0,41.824,-71.4128,2024,1,30,4
2024-01-30 05:00:00,0.0,0.0,0.0,0.0,-4.6,90,12.2,358,1019.5,47,47,0,0,0.0,0.0,41.824,-71.4128,2024,1,30,5
2024-01-30 06:00:00,0.0,0.0,0.0,0.0,-4.4,89,12.2,2,1020.1,70,70,0,0,0.0,0.0,41.824,-71.4128,2024,1,30,6
2024-01-30 07:00:00,0.0,0.0,0.0,0.0,-3.9,82,12.9,13,1021.1,93,93,0,0,0.0,0.0,41.824,-71.4128,2024,1,30,7
2024-01-30 08:00:00,0.0,0.0,0.0,0.0,-4.1,80,11.6,22,1021.9,96,96,0,0,0.0,0.0,41.824,-71.4128,2024,1,30,8
2024-01-30 09:00:00,28.0,3.0,25.0,31.3,-2.2,84,4.8,347,1022.4,100,100,0,0,0.0,0.0,41.824,-71.4128,2024,1,30,9
2024-01-30 10:00:00,104.0,10.0,94.0,43.4,-0.9,74,7.9,30,1022.9,99,99,0,0,0.0,0.0,41.824,-71.4128,2024,1,30,10
2024-01-30 11:00:00,202.0,25.0,177.0,69.3,-0.2,65,9.2,39,1023.3,100,100,0,0,0.0,279.6,41.824,-71.4128,2024,1,30,11
2024-01-30 12:00:00,206.0,23.0,183.0,50.8,-0.2,63,11.1,36,1023.4,100,100,0,0,0.0,0.0,41.824,-71.4128,2024,1,30,12
2024-01-30 13:00:00,215.0,11.0,204.0,22.0,-0.5,63,11.1,36,1023.0,100,100,0,29,0.0,0.0,41.824,-71.4128,2024,1,30,13
2024-01-30 14:00:00,263.0,31.0,232.0,62.1,-0.6,63,11.0,38,1022.5,100,99,0,86,0.0,63.69,41.824,-71.4128,2024,1,30,14
2024-01-30 15:00:00,268.0,44.0,224.0,97.6,-0.9,65,10.2,39,1022.3,93,89,0,35,0.0,1129.46,41.824,-71.4128,2024,1,30,15
2024-01-30 16:00:00,241.0,72.0,169.0,201.3,-1.0,64,9.2,39,1022.5,91,78,0,59,0.0,3600.0,41.824,-71.4128,2024,1,30,16
2024-01-30 17:00:00,148.0,73.0,75.0,322.1,-2.0,65,9.4,50,1022.7,100,40,0,100,0.0,3600.0,41.824,-71.4128,2024,1,30,17
2024-01-30 18:00:00,32.0,8.0,24.0,85.3,-4.0,74,7.5,55,1022.9,99,51,0,99,0.0,1179.18,41.824,-71.4128,2024,1,30,18
2024-01-30 19:00:00,0.0,0.0,0.0,0.0,-5.0,79,6.5,56,1023.2,98,63,0,95,0.0,0.0,41.824,-71.4128,2024,1,30,19
2024-01-30 20:00:00,0.0,0.0,0.0,0.0,-5.8,82,5.8,60,1023.4,99,73,0,95,0.0,0.0,41.824,-71.4128,2024,1,30,20
2024-01-30 21:00:00,0.0,0.0,0.0,0.0,-6.8,83,8.2,49,1023.5,100,14,0,100,0.0,0.0,41.824,-71.4128,2024,1,30,21
2024-01-30 22:00:00,0.0,0.0,0.0,0.0,-7.5,84,8.9,58,1023.3,58,3,37,30,0.0,0.0,41.824,-71.4128,2024,1,30,22
2024-01-30 23:00:00,0.0,0.0,0.0,0.0,-5.7,81,7.4,61,1022.8,87,8,78,36,0.0,0.0,41.824,-71.4128,2024,1,30,23
2024-01-31 00:00:00,0.0,0.0,0.0,0.0,-5.3,81,6.4,38,1022.5,99,4,57,97,0.0,0.0,41.824,-71.4128,2024,1,31,0
2024-01-31 01:00:00,0.0,0.0,0.0,0.0,-5.2,80,4.7,23,1022.5,100,9,73,100,0.0,0.0,41.824,-71.4128,2024,1,31,1
2024-01-31 02:00:00,0.0,0.0,0.0,0.0,-5.6,82,4.4,351,1022.4,100,27,100,74,0.0,0.0,41.824,-71.4128,2024,1,31,2
2024-01-31 03:00:00,0.0,0.0,0.0,0.0,-6.7,85,6.1,360,1022.6,100,41,59,100,0.0,0.0,41.824,-71.4128,2024,1,31,3
2024-01-31 04:00:00,0.0,0.0,0.0,0.0,-5.1,80,5.2,12,1022.3,100,71,85,100,0.0,0.0,41.824,-71.4128,2024,1,31,4
2024-01-31 05:00:00,0.0,0.0,0.0,0.0,-4.7,77,2.0,45,1021.9,100,100,50,100,0.0,0.0,41.824,-71.4128,2024,1,31,5
2024-01-31 06:00:00,0.0,0.0,0.0,0.0,-4.8,79,2.6,56,1021.6,100,99,97,100,0.0,0.0,41.824,-71.4128,2024,1,31,6
2024-01-31 07:00:00,0.0,0.0,0.0,0.0,-4.5,77,2.2,351,1021.4,100,95,94,93,0.0,0.0,41.824,-71.4128,2024,1,31,7
2024-01-31 08:00:00,0.0,0.0,0.0,0.0,-4.3,75,1.0,315,1021.3,100,100,76,72,0.0,0.0,41.824,-71.4128,2024,1,31,8
2024-01-31 09:00:00,34.0,4.0,30.0,41.0,-3.7,73,0.8,297,1020.7,100,23,97,100,0.0,0.0,41.824,-71.4128,2024,1,31,9
2024-01-31 10:00:00,156.0,49.0,107.0,209.6,-2.8,73,2.2,180,1020.3,100,0,100,97,0.0,3600.0,41.824,-71.4128,2024,1,31,10
2024-01-31 11:00:00,285.0,125.0,160.0,343.2,-0.8,58,2.5,172,1020.2,98,19,7,98,0.0,3600.0,41.824,-71.4128,2024,1,31,11
2024-01-31 12:00:00,388.0,199.0,189.0,436.1,0.4,56,3.2,180,1019.8,100,74,3,100,0.0,3600.0,41.824,-71.4128,2024,1,31,12
2024-01-31 13:00:00,406.0,150.0,256.0,297.8,1.2,58,3.3,193,1018.6,91,87,3,27,0.0,3600.0,41.824,-71.4128,2024,1,31,13
2024-01-31 14:00:00,467.0,287.0,180.0,570.4,2.0,61,3.1,216,1018.0,73,68,15,14,0.0,3600.0,41.824,-71.4128,2024,1,31,14
2024-01-31 15:00:00,410.0,250.0,160.0,549.7,2.7,59,4.2,250,1017.3,100,100,0,0,0.0,3600.0,41.824,-71.4128,2024,1,31,15
2024-01-31 16:00:00,233.0,60.0,173.0,165.8,2.7,59,5.1,231,1016.9,91,91,0,0,0.0,3174.11,41.824,-71.4128,2024,1,31,16
2024-01-31 17:00:00,127.0,28.0,99.0,121.4,1.4,69,4.7,171,1017.0,77,77,0,0,0.0,1840.66,41.824,-71.4128,2024,1,31,17
2024-01-31 18:00:00,33.0,10.0,23.0,104.3,-0.9,78,5.6,153,1017.0,42,42,0,0,0.0,1824.19,41.824,-71.4128,2024,1,31,18
2024-01-31 19:00:00,0.0,0.0,0.0,0.0,-3.3,84,9.0,180,1017.1,15,15,0,0,0.0,0.0,41.824,-71.4128,2024,1,31,19
2024-01-31 20:00:00,0.0,0.0,0.0,0.0,-3.5,84,7.4,219,1017.4,43,35,0,11,0.0,0.0,41.824,-71.4128,2024,1,31,20
2024-01-31 21:00:00,0.0,0.0,0.0,0.0,-3.9,85,6.6,248,1017.6,44,44,0,0,0.0,0.0,41.824,-71.4128,2024,1,31,21
2024-01-31 22:00:00,0.0,0.0,0.0,0.0,-3.7,88,6.8,252,1017.3,3,3,0,0,0.0,0.0,41.824,-71.4128,2024,1,31,22
2024-01-31 23:00:00,0.0,0.0,0.0,0.0,-4.1,90,7.0,258,1017.1,3,3,0,0,0.0,0.0,41.824,-71.4128,2024,1,31,23
2024-02-01 00:00:00,0.0,0.0,0.0,0.0,-4.5,90,6.9,261,1017.0,0,0,0,0,0.0,0.0,41.824,-71.4128,2024,2,1,0
2024-02-01 01:00:00,0.0,0.0,0.0,0.0,-5.2,91,7.3,250,1016.5,0,0,0,0,0.0,0.0,41.824,-71.4128,2024,2,1,1
2024-02-01 02:00:00,0.0,0.0,0.0,0.0,-5.3,91,7.1,246,1016.2,0,0,0,0,0.0,0.0,41.824,-71.4128,2024,2,1,2
2024-02-01 03:00:00,0.0,0.0,0.0,0.0,-5.0,91,6.9,242,1015.8,38,0,0,38,0.0,0.0,41.824,-71.4128,2024,2,1,3
2024-02-01 04:00:00,0.0,0.0,0.0,0.0,-4.4,91,7.4,247,1015.6,99,0,0,99,0.0,0.0,41.824,-71.4128,2024,2,1,4
2024-02-01 05:00:00,0.0,0.0,0.0,0.0,-4.4,92,7.0,249,1015.7,98,0,0,98,0.0,0.0,41.824,-71.4128,2024,2,1,5
2024-02-01 06:00:00,0.0,0.0,0.0,0.0,-3.5,92,7.6,239,1015.6,100,0,0,100,0.0,0.0,41.824,-71.4128,2024,2,1,6
2024-02-01 07:00:00,0.0,0.0,0.0,0.0,-3.5,93,7.1,221,1015.2,99,0,0,99,0.0,0.0,41.824,-71.4128,2024,2,1,7
2024-02-01 08:00:00,0.0,0.0,0.0,0.0,-3.1,93,8.4,227,1015.7,100,0,0,100,0.0,0.0,41.824,-71.4128,2024,2,1,8
2024-02-01 09:00:00,37.0,4.0,33.0,40.3,-1.8,92,9.7,231,1016.3,100,2,65,100,0.0,0.0,41.824,-71.4128,2024,2,1,9
2024-02-01 10:00:00,147.0,36.0,111.0,151.8,0.8,81,8.0,207,1015.9,97,0,86,80,0.0,2754.85,41.824,-71.4128,2024,2,1,10
2024-02-01 11:00:00,161.0,31.0,130.0,84.3,1.5,83,5.7,198,1015.6,58,0,26,47,0.0,728.2,41.824,-71.4128,2024,2,1,11
2024-02-01 12:00:00,437.0,327.0,110.0,710.6,3.8,71,9.6,214,1015.2,84,10,78,19,0.0,3600.0,41.824,-71.4128,2024,2,1,12
2024-02-01 13:00:00,476.0,333.0,143.0,655.9,5.6,61,11.3,233,1013.9,86,18,51,80,0.0,3600.0,41.824,-71.4128,2024,2,1,13
2024-02-01 14:00:00,443.0,257.0,186.0,506.6,6.4,59,13.0,228,1012.7,72,70,1,6,0.0,3600.0,41.824,-71.4128,2024,2,1,14
2024-02-01 15:00:00,339.0,158.0,181.0,344.2,6.5,59,12.8,230,1011.7,100,67,87,99,0.0,3600.0,41.824,-71.4128,2024,2,1,15
2024-02-01 16:00:00,227.0,61.0,166.0,166.6,6.0,63,11.7,225,1011.3,100,90,95,97,0.0,3199.22,41.824,-71.4128,2024,2,1,16
2024-02-01 17:00:00,97.0,12.0,85.0,51.1,4.7,71,8.3,214,1011.2,100,98,98,98,0.0,0.0,41.824,-71.4128,2024,2,1,17
2024-02-01 18:00:00,14.0,0.0,14.0,0.0,3.4,79,9.0,196,1010.9,100,100,98,100,0.0,0.0,41.824,-71.4128,2024,2,1,18
2024-02-01 19:00:00,0.0,0.0,0.0,0.0,2.5,85,8.6,202,1011.5,95,33,90,79,0.0,0.0,41.824,-71.4128,2024,2,1,19
2024-02-01 20:00:00,0.0,0.0,0.0,0.0,2.0,90,9.5,209,1011.6,92,86,45,0,0.0,0.0,41.824,-71.4128,2024,2,1,20
2024-02-01 21:00:00,0.0,0.0,0.0,0.0,0.9,93,8.4,227,1011.5,96,28,94,0,0.0,0.0,41.824,-71.4128,2024,2,1,21
2024-02-01 22:00:00,0.0,0.0,0.0,0.0,0.7,93,8.0,243,1011.5,100,99,62,0,0.0,0.0,41.824,-71.4128,2024,2,1,22
2024-02-01 23:00:00,0.0,0.0,0.0,0.0,0.8,93,8.0,252,1011.5,98,98,20,0,0.0,0.0,41.824,-71.4128,2024,2,1,23
2024-02-02 00:00:00,0.0,0.0,0.0,0.0,0.4,93,8.3,252,1011.3,100,48,35,100,0.0,0.0,41.824,-71.4128,2024,2,2,0
2024-02-02 01:00:00,0.0,0.0,0.0,0.0,0.0,92,8.0,260,1010.9,100,57,94,100,0.0,0.0,41.824,-71.4128,2024,2,2,1
2024-02-02 02:00:00,0.0,0.0,0.0,0.0,0.7,90,6.9,261,1010.4,97,42,73,84,0.1,0.0,41.824,-71.4128,2024,2,2,2
2024-02-02 03:00:00,0.0,0.0,0.0,0.0,-0.4,92,5.9,284,1010.1,100,30,100,100,0.0,0.0,41.824,-71.4128,2024,2,2,3
2024-02-02 04:00:00,0.0,0.0,0.0,0.0,-0.2,92,7.2,273,1009.4,77,75,24,0,0.0,0.0,41.824,-71.4128,2024,2,2,4
2024-02-02 05:00:00,0.0,0.0,0.0,0.0,-0.6,92,6.1,270,1009.1,88,79,33,39,0.0,0.0,41.824,-71.4128,2024,2,2,5
2024-02-02 06:00:00,0.0,0.0,0.0,0.0,-1.7,94,9.1,263,1008.9,100,32,80,100,0.0,0.0,41.824,-71.4128,2024,2,2,6
2024-02-02 07:00:00,0.0,0.0,0.0,0.0,-0.8,92,6.2,263,1009.1,100,100,60,100,0.0,0.0,41.824,-71.4128,2024,2,2,7
2024-02-02 08:00:00,0.0,0.0,0.0,0.0,-1.2,94,4.0,360,1009.6,100,91,49,100,0.0,0.0,41.824,-71.4128,2024,2,2,8
2024-02-02 09:00:00,27.0,2.0,25.0,19.8,0.6,89,6.8,328,1009.8,100,77,93,100,0.0,0.0,41.824,-71.4128,2024,2,2,9
2024-02-02 10:00:00,77.0,0.0,77.0,0.0,2.1,82,5.2,286,1010.1,100,80,100,91,0.1,0.0,41.824,-71.4128,2024,2,2,10
2024-02-02 11:00:00,128.0,3.0,125.0,8.1,3.6,76,5.5,328,1010.2,99,98,74,0,0.0,0.0,41.824,-71.4128,2024,2,2,11
2024-02-02 12:00:00,266.0,46.0,220.0,99.1,5.6,69,9.4,353,1010.3,92,89,47,1,0.0,1173.52,41.824,-71.4128,2024,2,2,12
2024-02-02 13:00:00,420.0,220.0,200.0,429.8,6.6,64,12.6,360,1009.5,52,28,25,28,0.0,3600.0,41.824,-71.4128,2024,2,2,13
2024-02-02 14:00:00,438.0,254.0,184.0,496.5,7.2,59,13.3,360,1009.0,34,33,5,0,0.0,3600.0,41.824,-71.4128,2024,2,2,14
2024-02-02 15:00:00,382.0,246.0,136.0,531.0,7.0,60,13.8,9,1008.8,100,100,1,0,0.0,3600.0,41.824,-71.4128,2024,2,2,15
2024-02-02 16:00:00,193.0,65.0,128.0,175.5,6.5,62,10.9,17,1009.0,100,100,0,0,0.0,3466.47,41.824,-71.4128,2024,2,2,16
2024-02-02 17:00:00,100.0,13.0,87.0,54.4,5.5,66,8.9,32,1009.4,56,54,5,0,0.0,0.0,41.824,-71.4128,2024,2,2,17
2024-02-02 18:00:00,39.0,16.0,23.0,159.9,2.0,81,8.1,32,1009.9,50,34,24,0,0.0,3409.24,41.824,-71.4128,2024,2,2,18
2024-02-02 19:00:00,0.0,0.0,0.0,0.0,1.1,85,10.1,358,1010.9,100,100,92,0,0.0,0.0,41.824,-71.4128,2024,2,2,19
2024-02-02 20:00:00,0.0,0.0,0.0,0.0,1.8,88,10.1,6,1011.6,100,100,100,0,0.2,0.0,41.824,-71.4128,2024,2,2,20
2024-02-02 21:00:00,0.0,0.0,0.0,0.0,0.8,93,10.9,352,1012.3,65,65,1,0,0.0,0.0,41.824,-71.4128,2024,2,2,21
2024-02-02 22:00:00,0.0,0.0,0.0,0.0,0.7,90,14.5,354,1012.7,100,100,8,0,0.0,0.0,41.824,-71.4128,2024,2,2,22
2024-02-02 23:00:00,0.0,0.0,0.0,0.0,0.6,85,17.8,352,1012.9,100,100,100,0,0.0,0.0,41.824,-71.4128,2024,2,2,23
2024-02-03 00:00:00,0.0,0.0,0.0,0.0,0.4,87,16.7,353,1013.2,100,100,97,0,0.1,0.0,41.824,-71.4128,2024,2,3,0
2024-02-03 01:00:00,0.0,0.0,0.0,0.0,0.2,81,16.6,356,1013.3,100,100,10,0,0.0,0.0,41.824,-71.4128,2024,2,3,1
2024-02-03 02:00:00,0.0,0.0,0.0,0.0,-0.4,79,16.9,360,1013.3,99,99,0,0,0.0,0.0,41.824,-71.4128,2024,2,3,2
2024-02-03 03:00:00,0.0,0.0,0.0,0.0,-1.0,79,17.7,2,1013.8,37,37,0,0,0.0,0.0,41.824,-71.4128,2024,2,3,3
2024-02-03 04:00:00,0.0,0.0,0.0,0.0,-2.5,83,16.9,358,1014.1,3,3,0,0,0.0,0.0,41.824,-71.4128,2024,2,3,4
2024-02-03 05:00:00,0.0,0.0,0.0,0.0,-3.6,82,16.4,351,1014.4,6,6,0,0,0.0,0.0,41.824,-71.4128,2024,2,3,5
2024-02-03 06:00:00,0.0,0.0,0.0,0.0,-4.3,81,16.0,351,1014.6,10,6,0,4,0.0,0.0,41.824,-71.4128,2024,2,3,6
2024-02-03 07:00:00,0.0,0.0,0.0,0.0,-4.8,80,16.1,344,1015.2,58,46,0,23,0.0,0.0,41.824,-71.4128,2024,2,3,7
2024-02-03 08:00:00,0.0,0.0,0.0,0.0,-5.0,79,15.2,346,1015.7,3,2,0,1,0.0,0.0,41.824,-71.4128,2024,2,3,8
2024-02-03 09:00:00,53.0,30.0,23.0,292.1,-2.6,73,12.7,331,1016.0,31,31,0,0,0.0,3513.69,41.824,-71.4128,2024,2,3,9
2024-02-03 10:00:00,201.0,137.0,64.0,561.2,-1.1,61,15.7,344,1016.1,1,0,0,1,0.0,3600.0,41.824,-71.4128,2024,2,3,10
2024-02-03 11:00:00,362.0,293.0,69.0,780.5,0.2,53,17.4,354,1015.8,1,0,1,0,0.0,3600.0,41.824,-71.4128,2024,2,3,11
2024-02-03 12:00:00,475.0,399.0,76.0,852.3,1.2,47,18.0,358,1015.6,1,0,1,0,0.0,3600.0,41.824,-71.4128,2024,2,3,12
2024-02-03 13:00:00,535.0,456.0,79.0,883.6,2.1,44,16.6,1,1014.9,0,0,0,0,0.0,3600.0,41.824,-71.4128,2024,2,3,13
2024-02-03 14:00:00,534.0,454.0,80.0,880.1,2.7,42,15.9,3,1014.4,1,1,0,0,0.0,3600.0,41.824,-71.4128,2024,2,3,14
2024-02-03 15:00:00,476.0,401.0,75.0,857.6,2.8,41,14.4,357,1013.7,0,0,0,0,0.0,3600.0,41.824,-71.4128,2024,2,3,15
2024-02-03 16:00:00,363.0,297.0,66.0,793.0,2.6,40,14.9,353,1013.6,0,0,0,0,0.0,3600.0,41.824,-71.4128,2024,2,3,16
2024-02-03 17:00:00,212.0,159.0,53.0,654.3,1.8,44,13.0,354,1013.7,0,0,0,0,0.0,3600.0,41.824,-71.4128,2024,2,3,17
2024-02-03 18:00:00,56.0,36.0,20.0,352.2,-0.6,51,9.7,2,1014.0,5,0,5,0,0.0,3485.94,41.824,-71.4128,2024,2,3,18
2024-02-03 19:00:00,0.0,0.0,0.0,0.0,-1.8,54,11.8,348,1014.3,2,0,2,0,0.0,0.0,41.824,-71.4128,2024,2,3,19
2024-02-03 20:00:00,0.0,0.0,0.0,0.0,-1.9,52,15.7,344,1014.7,14,0,14,0,0.0,0.0,41.824,-71.4128,2024,2,3,20
2024-02-03 21:00:00,0.0,0.0,0.0,0.0,-1.8,52,14.9,340,1014.7,1,0,1,0,0.0,0.0,41.824,-71.4128,2024,2,3,21
2024-02-03 22:00:00,0.0,0.0,0.0,0.0,-2.2,53,15.5,347,1015.1,4,0,4,0,0.0,0.0,41.824,-71.4128,2024,2,3,22
2024-02-03 23:00:00,0.0,0.0,0.0,0.0,-2.8,56,15.1,348,1015.1,1,0,1,0,0.0,0.0,41.824,-71.4128,2024,2,3,23
2024-02-04 00:00:00,0.0,0.0,0.0,0.0,-3.4,59,15.5,348,1015.1,0,0,0,0,0.0,0.0,41.824,-71.4128,2024,2,4,0
2024-02-04 01:00:00,0.0,0.0,0.0,0.0,-3.8,61,14.9,352,1015.1,0,0,0,0,0.0,0.0,41.824,-71.4128,2024,2,4,1
2024-02-04 02:00:00,0.0,0.0,0.0,0.0,-4.2,64,14.9,353,1014.8,0,0,0,0,0.0,0.0,41.824,-71.4128,2024,2,4,2
2024-02-04 03:00:00,0.0,0.0,0.0,0.0,-4.5,65,14.9,353,1014.9,0,0,0,0,0.0,0.0,41.824,-71.4128,2024,2,4,3
2024-02-04 04:00:00,0.0,0.0,0.0,0.0,-4.8,65,14.5,353,1014.7,0,0,0,0,0.0,0.0,41.824,-71.4128,2024,2,4,4
2024-02-04 05:00:00,0.0,0.0,0.0,0.0,-5.1,65,14.6,351,1014.8,0,0,0,0,0.0,0.0,41.824,-71.4128,2024,2,4,5
2024-02-04 06:00:00,0.0,0.0,0.0,0.0,-5.4,64,15.0,349,1014.8,0,0,0,0,0.0,0.0,41.824,-71.4128,2024,2,4,6
2024-02-04 07:00:00,0.0,0.0,0.0,0.0,-5.6,64,14.3,350,1015.0,0,0,0,0,0.0,0.0,41.824,-71.4128,2024,2,4,7
2024-02-04 08:00:00,0.0,0.0,0.0,0.0,-5.7,63,14.0,348,1015.2,0,0,0,0,0.0,0.0,41.824,-71.4128,2024,2,4,8
2024-02-04 09:00:00,61.0,40.0,21.0,382.5,-4.2,63,12.1,330,1014.9,0,0,0,0,0.0,3578.56,41.824,-71.4128,2024,2,4,9
2024-02-04 10:00:00,223.0,171.0,52.0,690.1,-2.3,54,13.7,333,1014.6,0,0,0,0,0.0,3600.0,41.824,-71.4128,2024,2,4,10
2024-02-04 11:00:00,377.0,311.0,66.0,819.9,-0.3,45,15.0,343,1014.1,1,0,1,0,0.0,3600.0,41.824,-71.4128,2024,2,4,11
2024-02-04 12:00:00,490.0,417.0,73.0,882.9,1.5,41,13.6,349,1013.1,0,0,0,0,0.0,3600.0,41.824,-71.4128,2024,2,4,12
2024-02-04 13:00:00,550.0,475.0,75.0,912.8,3.0,37,12.3,345,1012.0,0,0,0,0,0.0,3600.0,41.824,-71.4128,2024,2,4,13
2024-02-04 14:00:00,550.0,475.0,75.0,913.0,4.1,35,12.5,342,1011.3,0,0,0,0,0.0,3600.0,41.824,-71.4128,2024,2,4,14
2024-02-04 15:00:00,489.0,418.0,71.0,885.6,4.7,33,13.0,341,1010.7,0,0,0,0,0.0,3600.0,41.824,-71.4128,2024,2,4,15
2024-02-04 16:00:00,375.0,311.0,64.0,820.9,4.9,32,13.7,342,1010.2,0,0,0,0,0.0,3600.0,41.824,-71.4128,2024,2,4,16
2024-02-04 17:00:00,221.0,170.0,51.0,687.7,4.1,38,10.5,344,1010.1,0,0,0,0,0.0,3600.0,41.824,-71.4128,2024,2,4,17
2024-02-04 18:00:00,60.0,40.0,20.0,383.3,1.3,46,10.0,345,1010.2,0,0,0,0,0.0,3563.03,41.824,-71.4128,2024,2,4,18
2024-02-04 19:00:00,0.0,0.0,0.0,0.0,-0.2,50,12.5,342,1010.7,0,0,0,0,0.0,0.0,41.824,-71.4128,2024,2,4,19
2024-02-04 20:00:00,0.0,0.0,0.0,0.0,-0.5,51,14.1,347,1011.1,0,0,0,0,0.0,0.0,41.824,-71.4128,2024,2,4,20
2024-02-04 21:00:00,0.0,0.0,0.0,0.0,-0.5,54,14.7,338,1010.3,0,0,0,0,0.0,0.0,41.824,-71.4128,2024,2,4,21
2024-02-04 22:00:00,0.0,0.0,0.0,0.0,-0.9,57,16.3,342,1010.5,0,0,0,0,0.0,0.0,41.824,-71.4128,2024,2,4,22
2024-02-04 23:00:00,0.0,0.0,0.0,0.0,-1.4,59,16.7,341,1010.2,0,0,0,0,0.0,0.0,41.824,-71.4128,2024,2,4,23
2024-02-05 00:00:00,0.0,0.0,0.0,0.0,-2.0,61,15.6,337,1010.2,0,0,0,0,0.0,0.0,41.824,-71.4128,2024,2,5,0
2024-02-05 01:00:00,0.0,0.0,0.0,0.0,-2.5,63,14.7,338,1010.2,0,0,0,0,0.0,0.0,41.824,-71.4128,2024,2,5,1
2024-02-05 02:00:00,0.0,0.0,0.0,0.0,-3.0,64,14.3,342,1010.3,0,0,0,0,0.0,0.0,41.824,-71.4128,2024,2,5,2
2024-02-05 03:00:00,0.0,0.0,0.0,0.0,-3.4,63,14.5,346,1010.5,0,0,0,0,0.0,0.0,41.824,-71.4128,2024,2,5,3
2024-02-05 04:00:00,0.0,0.0,0.0,0.0,-3.8,62,14.0,342,1010.5,0,0,0,0,0.0,0.0,41.824,-71.4128,2024,2,5,4
2024-02-05 05:00:00,0.0,0.0,0.0,0.0,-4.1,61,13.8,340,1010.6,0,0,0,0,0.0,0.0,41.824,-71.4128,2024,2,5,5
2024-02-05 06:00:00,0.0,0.0,0.0,0.0,-4.4,60,14.3,342,1010.6,0,0,0,0,0.0,0.0,41.824,-71.4128,2024,2,5,6
2024-02-05 07:00:00,0.0,0.0,0.0,0.0,-4.6,58,13.9,343,1010.8,0,0,0,0,0.0,0.0,41.824,-71.4128,2024,2,5,7
2024-02-05 08:00:00,0.0,0.0,0.0,0.0,-4.9,57,13.2,343,1011.1,0,0,0,0,0.0,0.0,41.824,-71.4128,2024,2,5,8
2024-02-05 09:00:00,67.0,45.0,22.0,422.5,-2.9,45,13.0,341,1011.5,0,0,0,0,0.0,3600.0,41.824,-71.4128,2024,2,5,9
2024-02-05 10:00:00,234.0,182.0,52.0,723.4,-0.8,37,14.6,344,1011.4,0,0,0,0,0.0,3600.0,41.824,-71.4128,2024,2,5,10
2024-02-05 11:00:00,393.0,328.0,65.0,855.6,1.2,30,17.2,350,1011.3,0,0,0,0,0.0,3600.0,41.824,-71.4128,2024,2,5,11
2024-02-05 12:00:00,509.0,437.0,72.0,917.0,2.5,22,19.5,357,1011.0,0,0,0,0,0.0,3600.0,41.824,-71.4128,2024,2,5,12
2024-02-05 13:00:00,570.0,495.0,75.0,943.3,3.6,20,18.4,356,1010.7,0,0,0,0,0.0,3600.0,41.824,-71.4128,2024,2,5,13
2024-02-05 14:00:00,570.0,495.0,75.0,943.3,4.3,21,17.7,356,1010.2,0,0,0,0,0.0,3600.0,41.824,-71.4128,2024,2,5,14
2024-02-05 15:00:00,508.0,436.0,72.0,915.1,4.5,24,16.3,355,1010.0,0,0,0,0,0.0,3600.0,41.824,-71.4128,2024,2,5,15
2024-02-05 16:00:00,392.0,328.0,64.0,855.9,4.2,24,15.2,356,1010.5,0,0,0,0,0.0,3600.0,41.824,-71.4128,2024,2,5,16
2024-02-05 17:00:00,235.0,183.0,52.0,727.8,3.1,29,11.5,360,1011.1,0,0,0,0,0.0,3600.0,41.824,-71.4128,2024,2,5,17
2024-02-05 18:00:00,67.0,45.0,22.0,422.4,0.1,36,10.5,354,1012.1,0,0,0,0,0.0,3600.0,41.824,-71.4128,2024,2,5,18
2024-02-05 19:00:00,0.0,0.0,0.0,0.0,-1.2,39,14.2,344,1013.1,0,0,0,0,0.0,0.0,41.824,-71.4128,2024,2,5,19
2024-02-05 20:00:00,0.0,0.0,0.0,0.0,-1.8,40,14.7,349,1013.8,18,18,1,0,0.0,0.0,41.824,-71.4128,2024,2,5,20
2024-02-05 21:00:00,0.0,0.0,0.0,0.0,-1.8,40,13.8,345,1014.0,36,10,35,0,0.0,0.0,41.824,-71.4128,2024,2,5,21
2024-02-05 22:00:00,0.0,0.0,0.0,0.0,-1.8,39,14.3,350,1014.8,4,4,0,0,0.0,0.0,41.824,-71.4128,2024,2,5,22
2024-02-05 23:00:00,0.0,0.0,0.0,0.0,-2.8,44,14.4,347,1015.3,1,1,1,0,0.0,0.0,41.824,-71.4128,2024,2,5,23
2024-02-06 00:00:00,0.0,0.0,0.0,0.0,-3.0,48,14.2,353,1015.5,0,0,0,0,0.0,0.0,41.824,-71.4128,2024,2,6,0
2024-02-06 01:00:00,0.0,0.0,0.0,0.0,-3.2,52,14.0,359,1015.9,0,0,0,0,0.0,0.0,41.824,-71.4128,2024,2,6,1
2024-02-06 02:00:00,0.0,0.0,0.0,0.0,-3.4,55,14.0,359,1016.4,0,0,0,0,0.0,0.0,41.824,-71.4128,2024,2,6,2
2024-02-06 03:00:00,0.0,0.0,0.0,0.0,-3.7,58,14.4,1,1017.0,3,0,3,0,0.0,0.0,41.824,-71.4128,2024,2,6,3
2024-02-06 04:00:00,0.0,0.0,0.0,0.0,-4.0,62,13.3,2,1017.5,7,0,7,0,0.0,0.0,41.824,-71.4128,2024,2,6,4
2024-02-06 05:00:00,0.0,0.0,0.0,0.0,-4.4,65,13.0,358,1017.9,6,0,0,5,0.0,0.0,41.824,-71.4128,2024,2,6,5
2024-02-06 06:00:00,0.0,0.0,0.0,0.0,-4.6,67,14.1,357,1018.4,2,2,0,0,0.0,0.0,41.824,-71.4128,2024,2,6,6
2024-02-06 07:00:00,0.0,0.0,0.0,0.0,-4.8,69,14.8,359,1019.2,23,23,0,0,0.0,0.0,41.824,-71.4128,2024,2,6,7
2024-02-06 08:00:00,0.0,0.0,0.0,0.0,-4.8,69,14.8,360,1020.1,8,8,0,0,0.0,0.0,41.824,-71.4128,2024,2,6,8
2024-02-06 09:00:00,62.0,37.0,25.0,341.0,-3.0,61,14.1,356,1020.7,4,4,0,0,0.0,3600.0,41.824,-71.4128,2024,2,6,9
2024-02-06 10:00:00,216.0,155.0,61.0,606.7,-1.4,55,15.8,1,1020.6,1,1,0,0,0.0,3600.0,41.824,-71.4128,2024,2,6,10
2024-02-06 11:00:00,365.0,285.0,80.0,735.4,0.3,51,16.0,8,1020.7,0,0,0,0,0.0,3600.0,41.824,-71.4128,2024,2,6,11
2024-02-06 12:00:00,481.0,396.0,85.0,823.5,1.8,49,15.9,13,1020.8,6,6,0,0,0.0,3600.0,41.824,-71.4128,2024,2,6,12
2024-02-06 13:00:00,534.0,447.0,87.0,844.6,3.2,47,17.1,22,1020.1,81,81,0,0,0.0,3600.0,41.824,-71.4128,2024,2,6,13
2024-02-06 14:00:00,420.0,213.0,207.0,402.5,3.5,48,17.7,29,1019.7,71,71,0,0,0.0,3600.0,41.824,-71.4128,2024,2,6,14
2024-02-06 15:00:00,422.0,261.0,161.0,542.7,3.8,49,17.8,32,1019.7,84,84,0,0,0.0,3600.0,41.824,-71.4128,2024,2,6,15
2024-02-06 16:00:00,287.0,146.0,141.0,376.6,2.9,54,16.0,46,1020.1,58,58,0,0,0.0,3600.0,41.824,-71.4128,2024,2,6,16
2024-02-06 17:00:00,191.0,105.0,86.0,410.7,1.7,61,13.3,49,1020.7,2,2,1,0,0.0,3600.0,41.824,-71.4128,2024,2,6,17
2024-02-06 18:00:00,63.0,38.0,25.0,349.5,-0.4,72,9.8,54,1021.2,3,3,0,0,0.0,3600.0,41.824,-71.4128,2024,2,6,18
2024-02-06 19:00:00,0.0,0.0,0.0,0.0,-1.7,78,9.6,56,1022.1,6,4,6,0,0.0,0.0,41.824,-71.4128,2024,2,6,19
2024-02-06 20:00:00,0.0,0.0,0.0,0.0,-2.3,82,7.0,35,1022.7,5,4,5,0,0.0,0.0,41.824,-71.4128,2024,2,6,20
2024-02-06 21:00:00,0.0,0.0,0.0,0.0,-2.4,80,3.7,331,1022.8,99,99,0,0,0.0,0.0,41.824,-71.4128,2024,2,6,21
2024-02-06 22:00:00,0.0,0.0,0.0,0.0,-1.6,78,6.2,350,1022.9,100,100,0,0,0.0,0.0,41.824,-71.4128,2024,2,6,22
2024-02-06 23:00:00,0.0,0.0,0.0,0.0,-0.9,76,9.1,342,1022.8,85,85,0,0,0.0,0.0,41.824,-71.4128,2024,2,6,23
2024-02-07 00:00:00,0.0,0.0,0.0,0.0,-1.3,78,11.5,346,1022.7,22,22,0,0,0.0,0.0,41.824,-71.4128,2024,2,7,0
2024-02-07 01:00:00,0.0,0.0,0.0,0.0,-2.5,83,11.4,347,1022.8,0,0,0,0,0.0,0.0,41.824,-71.4128,2024,2,7,1
2024-02-07 02:00:00,0.0,0.0,0.0,0.0,-3.0,83,11.0,349,1022.9,0,0,0,0,0.0,0.0,41.824,-71.4128,2024,2,7,2
2024-02-07 03:00:00,0.0,0.0,0.0,0.0,-3.4,82,12.0,351,1023.1,3,0,0,3,0.0,0.0,41.824,-71.4128,2024,2,7,3
2024-02-07 04:00:00,0.0,0.0,0.0,0.0,-3.5,79,12.2,358,1023.2,2,0,0,2,0.0,0.0,41.824,-71.4128,2024,2,7,4
2024-02-07 05:00:00,0.0,0.0,0.0,0.0,-3.6,78,12.2,358,1023.4,45,0,0,45,0.0,0.0,41.824,-71.4128,2024,2,7,5
2024-02-07 06:00:00,0.0,0.0,0.0,0.0,-3.7,79,13.0,355,1023.8,21,1,0,20,0.0,0.0,41.824,-71.4128,2024,2,7,6
2024-02-07 07:00:00,0.0,0.0,0.0,0.0,-3.9,81,13.0,358,1024.2,88,13,0,86,0.0,0.0,41.824,-71.4128,2024,2,7,7
2024-02-07 08:00:00,0.0,0.0,0.0,0.0,-4.0,83,12.5,348,1024.7,49,33,0,24,0.0,0.0,41.824,-71.4128,2024,2,7,8
2024-02-07 09:00:00,57.0,28.0,29.0,253.3,-2.3,76,12.3,345,1025.4,47,47,0,0,0.0,3600.0,41.824,-71.4128,2024,2,7,9
2024-02-07 10:00:00,197.0,116.0,81.0,447.0,0.1,65,11.3,353,1025.3,0,0,0,0,0.0,3600.0,41.824,-71.4128,2024,2,7,10
2024-02-07 11:00:00,374.0,300.0,74.0,765.8,2.4,58,12.2,2,1025.2,7,1,0,6,0.0,3600.0,41.824,-71.4128,2024,2,7,11
2024-02-07 12:00:00,482.0,400.0,82.0,824.2,3.9,53,13.5,9,1025.0,24,0,0,24,0.0,3600.0,41.824,-71.4128,2024,2,7,12
2024-02-07 13:00:00,541.0,459.0,82.0,859.9,4.9,49,12.9,18,1024.2,71,0,0,71,0.0,3600.0,41.824,-71.4128,2024,2,7,13
2024-02-07 14:00:00,541.0,444.0,97.0,831.7,5.5,47,11.6,30,1023.4,100,0,0,100,0.0,3600.0,41.824,-71.4128,2024,2,7,14
2024-02-07 15:00:00,466.0,349.0,117.0,718.8,5.4,49,10.5,41,1022.9,40,0,0,40,0.0,3600.0,41.824,-71.4128,2024,2,7,15
2024-02-07 16:00:00,370.0,291.0,79.0,742.1,5.0,52,9.7,48,1023.1,93,0,34,93,0.0,3600.0,41.824,-71.4128,2024,2,7,16
2024-02-07 17:00:00,198.0,108.0,90.0,415.4,3.7,61,7.9,60,1023.6,87,0,86,32,0.0,3600.0,41.824,-71.4128,2024,2,7,17
2024-02-07 18:00:00,61.0,28.0,33.0,252.4,0.6,75,8.2,61,1024.1,54,0,34,31,0.0,3600.0,41.824,-71.4128,2024,2,7,18
2024-02-07 19:00:00,0.0,0.0,0.0,0.0,-1.0,80,7.9,60,1024.7,91,0,53,85,0.0,0.0,41.824,-71.4128,2024,2,7,19
2024-02-07 20:00:00,0.0,0.0,0.0,0.0,-1.7,83,5.4,37,1024.9,100,0,100,99,0.0,0.0,41.824,-71.4128,2024,2,7,20
2024-02-07 21:00:00,0.0,0.0,0.0,0.0,-1.4,85,3.8,343,1024.6,25,0,25,0,0.0,0.0,41.824,-71.4128,2024,2,7,21
2024-02-07 22:00:00,0.0,0.0,0.0,0.0,-1.5,83,3.2,333,1024.8,0,0,0,0,0.0,0.0,41.824,-71.4128,2024,2,7,22
2024-02-07 23:00:00,0.0,0.0,0.0,0.0,-2.1,86,3.0,346,1024.8,0,0,0,0,0.0,0.0,41.824,-71.4128,2024,2,7,23
2024-02-08 00:00:00,0.0,0.0,0.0,0.0,-2.5,87,2.6,344,1024.8,0,0,0,0,0.0,0.0,41.824,-71.4128,2024,2,8,0
2024-02-08 01:00:00,0.0,0.0,0.0,0.0,-3.0,89,2.4,333,1024.8,0,0,0,0,0.0,0.0,41.824,-71.4128,2024,2,8,1
2024-02-08 02:00:00,0.0,0.0,0.0,0.0,-2.6,86,3.9,304,1024.9,1,0,1,0,0.0,0.0,41.824,-71.4128,2024,2,8,2
2024-02-08 03:00:00,0.0,0.0,0.0,0.0,-3.1,87,6.2,306,1025.1,0,0,0,0,0.0,0.0,41.824,-71.4128,2024,2,8,3
2024-02-08 04:00:00,0.0,0.0,0.0,0.0,-3.6,89,6.8,302,1025.4,6,0,6,0,0.0,0.0,41.824,-71.4128,2024,2,8,4
2024-02-08 05:00:00,0.0,0.0,0.0,0.0,-3.8,90,6.7,306,1025.4,0,0,0,0,0.0,0.0,41.824,-71.4128,2024,2,8,5
2024-02-08 06:00:00,0.0,0.0,0.0,0.0,-4.0,90,5.9,313,1025.4,0,0,0,0,0.0,0.0,41.824,-71.4128,2024,2,8,6
2024-02-08 07:00:00,0.0,0.0,0.0,0.0,-4.2,91,3.9,304,1025.3,0,0,0,0,0.0,0.0,41.824,-71.4128,2024,2,8,7
2024-02-08 08:00:00,0.0,0.0,0.0,0.0,-4.3,92,3.4,302,1025.5,0,0,0,0,0.0,0.0,41.824,-71.4128,2024,2,8,8
2024-02-08 09:00:00,68.0,42.0,26.0,372.9,-1.5,82,7.9,294,1026.2,0,0,0,0,0.0,3600.0,41.824,-71.4128,2024,2,8,9
2024-02-08 10:00:00,226.0,169.0,57.0,641.2,2.7,65,2.6,304,1026.2,0,0,0,0,0.0,3600.0,41.824,-71.4128,2024,2,8,10
2024-02-08 11:00:00,376.0,305.0,71.0,770.0,5.1,53,1.5,346,1026.0,0,0,0,0,0.0,3600.0,41.824,-71.4128,2024,2,8,11
2024-02-08 12:00:00,487.0,409.0,78.0,835.0,6.8,46,1.3,56,1025.5,0,0,0,0,0.0,3600.0,41.824,-71.4128,2024,2,8,12
2024-02-08 13:00:00,546.0,465.0,81.0,863.7,7.9,42,1.4,90,1024.6,0,0,0,0,0.0,3600.0,41.824,-71.4128,2024,2,8,13
2024-02-08 14:00:00,547.0,467.0,80.0,867.2,8.5,44,2.3,108,1023.9,0,0,0,0,0.0,3600.0,41.824,-71.4128,2024,2,8,14
2024-02-08 15:00:00,490.0,413.0,77.0,842.6,8.6,45,2.7,157,1023.5,0,0,0,0,0.0,3600.0,41.824,-71.4128,2024,2,8,15
2024-02-08 16:00:00,379.0,309.0,70.0,779.1,8.1,49,4.7,157,1023.6,0,0,0,0,0.0,3600.0,41.824,-71.4128,2024,2,8,16
2024-02-08 17:00:00,228.0,173.0,55.0,654.5,6.5,61,5.9,169,1023.4,0,0,0,0,0.0,3600.0,41.824,-71.4128,2024,2,8,17
2024-02-08 18:00:00,70.0,44.0,26.0,388.9,3.0,74,9.0,164,1023.5,0,0,0,0,0.0,3600.0,41.824,-71.4128,2024,2,8,18
2024-02-08 19:00:00,0.0,0.0,0.0,0.0,0.6,88,8.2,151,1024.4,0,0,0,0,0.0,0.0,41.824,-71.4128,2024,2,8,19
2024-02-08 20:00:00,0.0,0.0,0.0,0.0,-0.2,90,6.6,158,1024.9,3,0,0,3,0.0,0.0,41.824,-71.4128,2024,2,8,20
2024-02-08 21:00:00,0.0,0.0,0.0,0.0,-0.6,92,5.3,152,1024.3,42,0,0,42,0.0,0.0,41.824,-71.4128,2024,2,8,21
2024-02-08 22:00:00,0.0,0.0,0.0,0.0,-1.3,93,5.8,210,1024.3,35,0,0,35,0.0,0.0,41.824,-71.4128,2024,2,8,22
2024-02-08 23:00:00,0.0,0.0,0.0,0.0,-1.1,92,4.8,222,1024.0,1,0,0,1,0.0,0.0,41.824,-71.4128,2024,2,8,23
2024-02-09 00:00:00,0.0,0.0,0.0,0.0,-1.5,92,5.5,212,1023.7,52,0,0,52,0.0,0.0,41.824,-71.4128,2024,2,9,0
2024-02-09 01:00:00,0.0,0.0,0.0,0.0,-1.2,94,5.1,219,1023.5,3,0,0,3,0.0,0.0,41.824,-71.4128,2024,2,9,1
2024-02-09 02:00:00,0.0,0.0,0.0,0.0,-2.1,96,8.5,216,1023.1,18,0,0,18,0.0,0.0,41.824,-71.4128,2024,2,9,2
2024-02-09 03:00:00,0.0,0.0,0.0,0.0,-1.1,96,6.4,232,1023.3,1,0,0,1,0.0,0.0,41.824,-71.4128,2024,2,9,3
2024-02-09 04:00:00,0.0,0.0,0.0,0.0,-2.1,96,7.1,229,1022.8,26,0,0,26,0.0,0.0,41.824,-71.4128,2024,2,9,4
2024-02-09 05:00:00,0.0,0.0,0.0,0.0,-2.6,97,9.4,223,1022.4,63,0,0,63,0.0,0.0,41.824,-71.4128,2024,2,9,5
2024-02-09 06:00:00,0.0,0.0,0.0,0.0,-1.8,96,6.8,180,1021.7,100,0,31,100,0.0,0.0,41.824,-71.4128,2024,2,9,6
2024-02-09 07:00:00,0.0,0.0,0.0,0.0,-0.8,95,9.7,239,1021.9,100,0,1,100,0.0,0.0,41.824,-71.4128,2024,2,9,7
2024-02-09 08:00:00,0.0,0.0,0.0,0.0,-1.1,96,7.1,195,1021.7,100,0,100,100,0.0,0.0,41.824,-71.4128,2024,2,9,8
2024-02-09 09:00:00,25.0,0.0,25.0,0.0,0.9,94,8.7,187,1021.7,100,0,100,100,0.0,0.0,41.824,-71.4128,2024,2,9,9
2024-02-09 10:00:00,51.0,0.0,51.0,0.0,2.1,90,9.8,188,1021.3,100,0,75,100,0.0,0.0,41.824,-71.4128,2024,2,9,10
2024-02-09 11:00:00,112.0,0.0,112.0,0.0,3.4,85,8.6,178,1021.2,100,0,49,100,0.0,0.0,41.824,-71.4128,2024,2,9,11
2024-02-09 12:00:00,204.0,15.0,189.0,30.3,5.1,80,12.6,182,1020.6,100,16,100,100,0.0,0.0,41.824,-71.4128,2024,2,9,12
2024-02-09 13:00:00,337.0,70.0,267.0,128.9,6.7,73,14.0,180,1019.1,100,8,0,100,0.0,2067.02,41.824,-71.4128,2024,2,9,13
2024-02-09 14:00:00,455.0,248.0,207.0,456.6,8.0,66,14.8,184,1018.2,0,0,0,0,0.0,3600.0,41.824,-71.4128,2024,2,9,14
2024-02-09 15:00:00,496.0,419.0,77.0,846.8,8.5,61,15.9,184,1017.1,0,0,0,0,0.0,3600.0,41.824,-71.4128,2024,2,9,15
2024-02-09 16:00:00,385.0,316.0,69.0,787.7,8.4,62,13.5,189,1016.6,89,2,89,0,0.0,3600.0,41.824,-71.4128,2024,2,9,16
2024-02-09 17:00:00,149.0,48.0,101.0,178.7,6.9,73,11.5,176,1016.1,4,1,3,0,0.0,3559.92,41.824,-71.4128,2024,2,9,17
2024-02-09 18:00:00,72.0,45.0,27.0,390.0,4.2,87,11.5,178,1015.5,0,0,0,0,0.0,3600.0,41.824,-71.4128,2024,2,9,18
2024-02-09 19:00:00,0.0,0.0,0.0,0.0,2.8,92,12.0,189,1015.6,16,0,0,16,0.0,0.0,41.824,-71.4128,2024,2,9,19
2024-02-09 20:00:00,0.0,0.0,0.0,0.0,2.1,95,10.0,195,1015.3,99,6,14,99,0.0,0.0,41.824,-71.4128,2024,2,9,20
2024-02-09 21:00:00,0.0,0.0,0.0,0.0,1.5,95,8.6,202,1015.0,100,4,9,100,0.0,0.0,41.824,-71.4128,2024,2,9,21
2024-02-09 22:00:00,0.0,0.0,0.0,0.0,0.8,96,7.2,207,1014.6,100,1,0,100,0.0,0.0,41.824,-71.4128,2024,2,9,22
2024-02-09 23:00:00,0.0,0.0,0.0,0.0,1.0,97,6.9,208,1014.3,100,0,10,100,0.0,0.0,41.824,-71.4128,2024,2,9,23
2024-02-10 00:00:00,0.0,0.0,0.0,0.0,1.4,96,7.7,221,1013.6,42,0,0,42,0.0,0.0,41.824,-71.4128,2024,2,10,0
2024-02-10 01:00:00,0.0,0.0,0.0,0.0,1.5,97,8.7,225,1013.2,100,0,0,100,0.0,0.0,41.824,-71.4128,2024,2,10,1
2024-02-10 02:00:00,0.0,0.0,0.0,0.0,2.0,97,7.3,237,1012.6,100,0,0,100,0.0,0.0,41.824,-71.4128,2024,2,10,2
2024-02-10 03:00:00,0.0,0.0,0.0,0.0,0.5,98,9.7,222,1012.3,100,0,0,100,0.0,0.0,41.824,-71.4128,2024,2,10,3
2024-02-10 04:00:00,0.0,0.0,0.0,0.0,0.4,98,9.3,216,1011.3,100,0,0,100,0.0,0.0,41.824,-71.4128,2024,2,10,4
2024-02-10 05:00:00,0.0,0.0,0.0,0.0,0.3,98,9.0,209,1010.8,25,0,0,25,0.0,0.0,41.824,-71.4128,2024,2,10,5
2024-02-10 06:00:00,0.0,0.0,0.0,0.0,-0.4,98,10.5,221,1010.4,1,0,0,1,0.0,0.0,41.824,-71.4128,2024,2,10,6
2024-02-10 07:00:00,0.0,0.0,0.0,0.0,0.3,97,8.2,221,1010.5,18,0,0,18,0.0,0.0,41.824,-71.4128,2024,2,10,7
2024-02-10 08:00:00,0.0,0.0,0.0,0.0,1.4,96,9.0,217,1010.4,0,0,0,0,0.0,0.0,41.824,-71.4128,2024,2,10,8
2024-02-10 09:00:00,74.0,47.0,27.0,401.9,3.8,92,11.0,232,1010.5,12,0,0,12,0.0,3600.0,41.824,-71.4128,2024,2,10,9
2024-02-10 10:00:00,230.0,169.0,61.0,621.2,7.0,83,10.4,214,1010.1,99,0,0,99,0.0,3600.0,41.824,-71.4128,2024,2,10,10
2024-02-10 11:00:00,346.0,221.0,125.0,545.7,9.8,75,8.1,201,1009.5,100,0,0,100,0.0,3600.0,41.824,-71.4128,2024,2,10,11
2024-02-10 12:00:00,435.0,271.0,164.0,543.1,11.8,69,9.5,209,1008.6,100,0,0,100,0.0,3600.0,41.824,-71.4128,2024,2,10,12
2024-02-10 13:00:00,437.0,199.0,238.0,363.3,12.8,66,10.8,217,1007.7,100,0,57,100,0.0,3600.0,41.824,-71.4128,2024,2,10,13
2024-02-10 14:00:00,394.0,134.0,260.0,244.6,13.3,65,10.5,218,1006.8,100,0,53,100,0.0,3600.0,41.824,-71.4128,2024,2,10,14
2024-02-10 15:00:00,315.0,69.0,246.0,138.1,13.1,67,9.2,211,1005.9,100,0,76,100,0.0,2344.4,41.824,-71.4128,2024,2,10,15
2024-02-10 16:00:00,245.0,56.0,189.0,138.0,12.8,69,8.2,209,1005.2,99,0,79,97,0.0,2340.94,41.824,-71.4128,2024,2,10,16
2024-02-10 17:00:00,169.0,48.0,121.0,175.8,11.8,72,9.9,224,1004.8,100,0,100,90,0.0,3474.13,41.824,-71.4128,2024,2,10,17
2024-02-10 18:00:00,45.0,2.0,43.0,17.0,10.2,77,11.8,232,1005.1,100,0,100,0,0.0,0.0,41.824,-71.4128,2024,2,10,18
2024-02-10 19:00:00,0.0,0.0,0.0,0.0,9.6,80,12.6,243,1005.4,100,0,100,0,0.0,0.0,41.824,-71.4128,2024,2,10,19
2024-02-10 20:00:00,0.0,0.0,0.0,0.0,9.9,79,12.6,257,1005.9,100,0,100,82,0.0,0.0,41.824,-71.4128,2024,2,10,20
2024-02-10 21:00:00,0.0,0.0,0.0,0.0,9.3,84,18.1,265,1006.5,100,2,100,89,0.4,0.0,41.824,-71.4128,2024,2,10,21
2024-02-10 22:00:00,0.0,0.0,0.0,0.0,8.0,92,11.3,277,1006.7,100,0,97,100,0.3,0.0,41.824,-71.4128,2024,2,10,22
2024-02-10 23:00:00,0.0,0.0,0.0,0.0,7.5,93,13.3,267,1006.8,100,0,0,100,0.0,0.0,41.824,-71.4128,2024,2,10,23
2024-02-11 00:00:00,0.0,0.0,0.0,0.0,6.6,94,13.0,272,1006.6,100,0,0,100,0.0,0.0,41.824,-71.4128,2024,2,11,0
2024-02-11 01:00:00,0.0,0.0,0.0,0.0,6.3,93,13.2,281,1007.1,100,0,0,100,0.0,0.0,41.824,-71.4128,2024,2,11,1
2024-02-11 02:00:00,0.0,0.0,0.0,0.0,6.1,93,12.4,292,1007.5,100,0,0,100,0.0,0.0,41.824,-71.4128,2024,2,11,2
2024-02-11 03:00:00,0.0,0.0,0.0,0.0,5.9,92,14.1,302,1007.8,100,0,0,100,0.0,0.0,41.824,-71.4128,2024,2,11,3
2024-02-11 04:00:00,0.0,0.0,0.0,0.0,5.3,88,16.4,303,1008.2,100,2,0,100,0.0,0.0,41.824,-71.4128,2024,2,11,4
2024-02-11 05:00:00,0.0,0.0,0.0,0.0,4.3,86,16.4,303,1008.8,100,1,0,100,0.0,0.0,41.824,-71.4128,2024,2,11,5
2024-02-11 06:00:00,0.0,0.0,0.0,0.0,3.5,84,15.8,300,1009.4,100,0,0,100,0.0,0.0,41.824,-71.4128,2024,2,11,6
2024-02-11 07:00:00,0.0,0.0,0.0,0.0,2.9,82,16.1,297,1009.5,97,0,0,97,0.0,0.0,41.824,-71.4128,2024,2,11,7
2024-02-11 08:00:00,1.0,0.0,1.0,0.0,2.4,80,16.3,301,1010.0,100,0,0,100,0.0,0.0,41.824,-71.4128,2024,2,11,8
2024-02-11 09:00:00,68.0,24.0,44.0,201.4,4.2,72,16.4,289,1010.5,100,0,0,100,0.0,3600.0,41.824,-71.4128,2024,2,11,9
2024-02-11 10:00:00,234.0,161.0,73.0,582.5,5.8,64,16.1,294,1010.6,100,0,0,100,0.0,3600.0,41.824,-71.4128,2024,2,11,10
2024-02-11 11:00:00,323.0,147.0,176.0,358.9,6.6,55,17.2,303,1010.3,100,0,15,100,0.0,3600.0,41.824,-71.4128,2024,2,11,11
2024-02-11 12:00:00,400.0,171.0,229.0,339.5,7.5,52,16.7,295,1010.8,100,0,94,100,0.0,3600.0,41.824,-71.4128,2024,2,11,12
2024-02-11 13:00:00,375.0,95.0,280.0,171.9,7.9,50,16.1,299,1009.8,100,0,72,100,0.0,3357.88,41.824,-71.4128,2024,2,11,13
2024-02-11 14:00:00,343.0,58.0,285.0,104.9,8.0,51,13.9,295,1009.2,100,0,85,100,0.0,1348.13,41.824,-71.4128,2024,2,11,14
2024-02-11 15:00:00,305.0,57.0,248.0,113.1,8.4,51,12.9,293,1008.9,100,0,46,100,0.0,1591.64,41.824,-71.4128,2024,2,11,15
2024-02-11 16:00:00,320.0,151.0,169.0,368.0,8.5,51,13.2,292,1009.0,100,0,93,100,0.0,3600.0,41.824,-71.4128,2024,2,11,16
2024-02-11 17:00:00,162.0,27.0,135.0,97.3,7.7,55,11.1,299,1009.3,14,0,14,0,0.0,1119.78,41.824,-71.4128,2024,2,11,17
2024-02-11 18:00:00,80.0,48.0,32.0,400.4,5.6,62,8.9,302,1009.6,93,0,93,0,0.0,3600.0,41.824,-71.4128,2024,2,11,18
2024-02-11 19:00:00,1.0,0.0,1.0,0.0,4.2,67,10.4,304,1010.3,100,0,100,0,0.0,0.0,41.824,-71.4128,2024,2,11,19
2024-02-11 20:00:00,0.0,0.0,0.0,0.0,3.8,69,9.5,299,1011.0,97,0,97,0,0.0,0.0,41.824,-71.4128,2024,2,11,20
2024-02-11 21:00:00,0.0,0.0,0.0,0.0,3.0,70,10.6,298,1010.2,54,0,54,0,0.0,0.0,41.824,-71.4128,2024,2,11,21
2024-02-11 22:00:00,0.0,0.0,0.0,0.0,2.2,72,10.8,300,1010.5,87,0,87,0,0.0,0.0,41.824,-71.4128,2024,2,11,22
2024-02-11 23:00:00,0.0,0.0,0.0,0.0,1.6,74,11.3,307,1010.6,5,0,5,0,0.0,0.0,41.824,-71.4128,2024,2,11,23
2024-02-12 00:00:00,0.0,0.0,0.0,0.0,0.5,79,11.2,310,1010.7,17,0,0,17,0.0,0.0,41.824,-71.4128,2024,2,12,0
2024-02-12 01:00:00,0.0,0.0,0.0,0.0,-0.3,82,11.8,310,1011.2,49,0,0,49,0.0,0.0,41.824,-71.4128,2024,2,12,1
2024-02-12 02:00:00,0.0,0.0,0.0,0.0,-0.6,83,11.5,316,1011.5,91,0,0,91,0.0,0.0,41.824,-71.4128,2024,2,12,2
2024-02-12 03:00:00,0.0,0.0,0.0,0.0,-0.8,83,9.9,314,1011.4,23,0,0,23,0.0,0.0,41.824,-71.4128,2024,2,12,3
2024-02-12 04:00:00,0.0,0.0,0.0,0.0,-1.5,87,11.1,324,1011.1,0,0,0,0,0.0,0.0,41.824,-71.4128,2024,2,12,4
2024-02-12 05:00:00,0.0,0.0,0.0,0.0,-1.9,87,9.4,320,1010.8,41,0,0,41,0.0,0.0,41.824,-71.4128,2024,2,12,5
2024-02-12 06:00:00,0.0,0.0,0.0,0.0,-2.3,88,9.4,317,1011.4,100,0,0,100,0.0,0.0,41.824,-71.4128,2024,2,12,6
2024-02-12 07:00:00,0.0,0.0,0.0,0.0,-2.6,89,9.2,315,1011.5,43,0,0,43,0.0,0.0,41.824,-71.4128,2024,2,12,7
2024-02-12 08:00:00,1.0,0.0,1.0,0.0,-2.8,89,8.9,310,1012.3,98,0,0,98,0.0,0.0,41.824,-71.4128,2024,2,12,8
2024-02-12 09:00:00,81.0,46.0,35.0,378.8,-0.4,81,9.4,317,1012.2,91,0,0,91,0.0,3600.0,41.824,-71.4128,2024,2,12,9
2024-02-12 10:00:00,246.0,182.0,64.0,648.1,2.6,69,7.1,336,1011.8,79,0,0,79,0.0,3600.0,41.824,-71.4128,2024,2,12,10
2024-02-12 11:00:00,403.0,328.0,75.0,792.0,4.7,60,4.2,340,1012.1,100,0,0,100,0.0,3600.0,41.824,-71.4128,2024,2,12,11
2024-02-12 12:00:00,490.0,364.0,126.0,715.9,6.1,55,2.1,301,1011.8,93,0,0,93,0.0,3600.0,41.824,-71.4128,2024,2,12,12
2024-02-12 13:00:00,577.0,495.0,82.0,888.1,7.3,53,1.8,259,1010.3,16,0,0,16,0.0,3600.0,41.824,-71.4128,2024,2,12,13
2024-02-12 14:00:00,578.0,497.0,81.0,891.4,8.2,52,3.9,214,1009.3,100,0,0,100,0.0,3600.0,41.824,-71.4128,2024,2,12,14
2024-02-12 15:00:00,510.0,418.0,92.0,821.4,8.5,52,7.2,183,1008.7,100,0,0,100,0.0,3600.0,41.824,-71.4128,2024,2,12,15
2024-02-12 16:00:00,369.0,242.0,127.0,583.3,7.7,57,11.0,169,1008.9,100,0,0,100,0.0,3600.0,41.824,-71.4128,2024,2,12,16
2024-02-12 17:00:00,187.0,63.0,124.0,223.5,5.6,68,10.0,142,1008.5,100,0,0,100,0.0,3600.0,41.824,-71.4128,2024,2,12,17
2024-02-12 18:00:00,62.0,10.0,52.0,81.9,3.3,80,9.4,137,1008.4,100,0,0,100,0.0,725.05,41.824,-71.4128,2024,2,12,18
2024-02-12 19:00:00,1.0,0.0,1.0,0.0,2.1,86,5.5,169,1008.8,100,0,0,100,0.0,0.0,41.824,-71.4128,2024,2,12,19
2024-02-12 20:00:00,0.0,0.0,0.0,0.0,0.9,88,7.4,247,1009.1,100,0,4,100,0.0,0.0,41.824,-71.4128,2024,2,12,20
2024-02-12 21:00:00,0.0,0.0,0.0,0.0,2.0,74,8.3,326,1009.0,100,0,24,100,0.0,0.0,41.824,-71.4128,2024,2,12,21
2024-02-12 22:00:00,0.0,0.0,0.0,0.0,0.9,75,9.6,326,1008.5,100,0,89,100,0.0,0.0,41.824,-71.4128,2024,2,12,22
2024-02-12 23:00:00,0.0,0.0,0.0,0.0,1.1,70,10.2,337,1009.0,100,0,89,99,0.0,0.0,41.824,-71.4128,2024,2,12,23
2024-02-13 00:00:00,0.0,0.0,0.0,0.0,0.8,69,11.2,354,1007.8,100,0,20,100,0.0,0.0,41.824,-71.4128,2024,2,13,0
2024-02-13 01:00:00,0.0,0.0,0.0,0.0,-0.1,71,10.1,360,1007.1,95,0,72,84,0.0,0.0,41.824,-71.4128,2024,2,13,1
2024-02-13 02:00:00,0.0,0.0,0.0,0.0,-0.4,70,10.8,358,1006.3,100,0,100,75,0.0,0.0,41.824,-71.4128,2024,2,13,2
2024-02-13 03:00:00,0.0,0.0,0.0,0.0,-0.2,68,12.6,3,1005.5,100,0,100,100,0.0,0.0,41.824,-71.4128,2024,2,13,3
2024-02-13 04:00:00,0.0,0.0,0.0,0.0,-0.4,69,12.7,8,1004.6,100,0,96,100,0.0,0.0,41.824,-71.4128,2024,2,13,4
2024-02-13 05:00:00,0.0,0.0,0.0,0.0,-0.9,75,10.2,23,1003.4,100,0,100,100,0.0,0.0,41.824,-71.4128,2024,2,13,5
2024-02-13 06:00:00,0.0,0.0,0.0,0.0,-0.5,83,9.8,6,1003.1,100,52,100,100,0.6,0.0,41.824,-71.4128,2024,2,13,6
2024-02-13 07:00:00,0.0,0.0,0.0,0.0,0.4,93,14.2,21,1001.8,100,100,100,100,0.9,0.0,41.824,-71.4128,2024,2,13,7
2024-02-13 08:00:00,0.0,0.0,0.0,0.0,1.0,96,16.5,36,1000.4,100,100,100,100,1.7,0.0,41.824,-71.4128,2024,2,13,8
2024-02-13 09:00:00,6.0,0.0,6.0,0.0,1.1,99,16.6,41,1000.2,100,100,100,100,1.6,0.0,41.824,-71.4128,2024,2,13,9
2024-02-13 10:00:00,20.0,0.0,20.0,0.0,1.2,99,18.5,33,997.7,100,100,100,100,2.1,0.0,41.824,-71.4128,2024,2,13,10
2024-02-13 11:00:00,29.0,0.0,29.0,0.0,1.1,100,19.8,33,996.9,100,100,100,100,1.8,0.0,41.824,-71.4128,2024,2,13,11
2024-02-13 12:00:00,42.0,0.0,42.0,0.0,1.1,99,25.8,28,996.0,100,100,100,100,2.3,0.0,41.824,-71.4128,2024,2,13,12
2024-02-13 13:00:00,40.0,0.0,40.0,0.0,1.0,98,30.1,34,996.2,100,100,100,100,2.7,0.0,41.824,-71.4128,2024,2,13,13
2024-02-13 14:00:00,35.0,0.0,35.0,0.0,0.9,94,25.6,24,995.2,100,100,100,100,2.5,0.0,41.824,-71.4128,2024,2,13,14
2024-02-13 15:00:00,151.0,0.0,151.0,0.0,1.1,90,25.1,12,995.7,100,100,100,100,1.2,0.0,41.824,-71.4128,2024,2,13,15
2024-02-13 16:00:00,93.0,2.0,91.0,4.8,0.3,85,22.3,358,997.9,100,97,95,100,0.4,0.0,41.824,-71.4128,2024,2,13,16
2024-02-13 17:00:00,106.0,1.0,105.0,3.5,-0.2,77,20.3,354,999.5,100,89,100,100,0.1,0.0,41.824,-71.4128,2024,2,13,17
2024-02-13 18:00:00,52.0,4.0,48.0,32.2,-0.2,74,14.0,342,1001.2,99,90,66,83,0.0,0.0,41.824,-71.4128,2024,2,13,18
2024-02-13 19:00:00,1.0,0.0,1.0,0.0,-0.5,75,12.4,330,1002.6,97,5,55,92,0.0,0.0,41.824,-71.4128,2024,2,13,19
2024-02-13 20:00:00,0.0,0.0,0.0,0.0,-1.8,78,9.2,315,1003.5,77,76,35,0,0.0,0.0,41.824,-71.4128,2024,2,13,20
2024-02-13 21:00:00,0.0,0.0,0.0,0.0,-0.6,78,8.8,289,1003.7,63,63,17,0,0.0,0.0,41.824,-71.4128,2024,2,13,21
2024-02-13 22:00:00,0.0,0.0,0.0,0.0,-1.8,83,12.2,284,1004.1,6,5,3,0,0.0,0.0,41.824,-71.4128,2024,2,13,22
2024-02-13 23:00:00,0.0,0.0,0.0,0.0,-2.6,85,12.2,289,1004.4,7,7,4,0,0.0,0.0,41.824,-71.4128,2024,2,13,23
2024-02-14 00:00:00,0.0,0.0,0.0,0.0,-3.2,86,12.4,280,1004.5,9,9,0,0,0.0,0.0,41.824,-71.4128,2024,2,14,0
2024-02-14 01:00:00,0.0,0.0,0.0,0.0,-3.5,86,12.8,280,1004.8,1,1,0,0,0.0,0.0,41.824,-71.4128,2024,2,14,1
2024-02-14 02:00:00,0.0,0.0,0.0,0.0,-3.6,84,13.9,280,1005.0,0,0,0,0,0.0,0.0,41.824,-71.4128,2024,2,14,2
2024-02-14 03:00:00,0.0,0.0,0.0,0.0,-3.2,81,15.2,277,1005.1,1,1,0,0,0.0,0.0,41.824,-71.4128,2024,2,14,3
2024-02-14 04:00:00,0.0,0.0,0.0,0.0,-2.4,77,18.2,279,1004.9,1,0,1,0,0.0,0.0,41.824,-71.4128,2024,2,14,4
2024-02-14 05:00:00,0.0,0.0,0.0,0.0,-2.4,76,18.1,275,1004.8,3,3,0,0,0.0,0.0,41.824,-71.4128,2024,2,14,5
2024-02-14 06:00:00,0.0,0.0,0.0,0.0,-2.6,75,20.9,281,1005.1,10,10,0,0,0.0,0.0,41.824,-71.4128,2024,2,14,6
2024-02-14 07:00:00,0.0,0.0,0.0,0.0,-2.6,70,24.2,295,1005.9,19,19,0,0,0.0,0.0,41.824,-71.4128,2024,2,14,7
2024-02-14 08:00:00,2.0,0.0,2.0,0.0,-3.3,67,22.8,305,1007.3,5,5,0,0,0.0,0.0,41.824,-71.4128,2024,2,14,8
2024-02-14 09:00:00,98.0,62.0,36.0,491.3,-2.6,60,24.5,303,1008.1,0,0,0,0,0.0,3600.0,41.824,-71.4128,2024,2,14,9
2024-02-14 10:00:00,279.0,212.0,67.0,731.3,-2.6,54,25.9,305,1008.8,0,0,0,0,0.0,3600.0,41.824,-71.4128,2024,2,14,10
2024-02-14 11:00:00,444.0,360.0,84.0,850.0,-2.8,52,24.7,304,1009.5,0,0,0,0,0.0,3600.0,41.824,-71.4128,2024,2,14,11
2024-02-14 12:00:00,564.0,471.0,93.0,909.1,-2.6,50,23.9,301,1010.0,0,0,0,0,0.0,3600.0,41.824,-71.4128,2024,2,14,12
2024-02-14 13:00:00,627.0,529.0,98.0,932.8,-2.5,48,24.1,302,1010.1,0,0,0,0,0.0,3600.0,41.824,-71.4128,2024,2,14,13
2024-02-14 14:00:00,627.0,528.0,99.0,930.9,-2.4,46,23.5,302,1009.9,1,1,0,0,0.0,3600.0,41.824,-71.4128,2024,2,14,14
2024-02-14 15:00:00,566.0,474.0,92.0,914.3,-2.0,43,23.4,301,1009.6,4,4,0,0,0.0,3600.0,41.824,-71.4128,2024,2,14,15
2024-02-14 16:00:00,446.0,363.0,83.0,855.9,-2.1,42,22.9,300,1010.0,0,0,0,0,0.0,3600.0,41.824,-71.4128,2024,2,14,16
2024-02-14 17:00:00,283.0,218.0,65.0,750.1,-2.3,45,20.2,301,1010.5,0,0,0,0,0.0,3600.0,41.824,-71.4128,2024,2,14,17
2024-02-14 18:00:00,101.0,66.0,35.0,519.1,-3.2,47,20.0,296,1010.9,0,0,0,0,0.0,3600.0,41.824,-71.4128,2024,2,14,18
2024-02-14 19:00:00,2.0,1.0,1.0,19.1,-3.9,49,19.2,300,1012.1,0,0,0,0,0.0,0.0,41.824,-71.4128,2024,2,14,19
2024-02-14 20:00:00,0.0,0.0,0.0,0.0,-4.6,54,18.2,295,1013.0,0,0,0,0,0.0,0.0,41.824,-71.4128,2024,2,14,20
2024-02-14 21:00:00,0.0,0.0,0.0,0.0,-4.1,55,20.3,293,1012.7,0,0,0,0,0.0,0.0,41.824,-71.4128,2024,2,14,21
2024-02-14 22:00:00,0.0,0.0,0.0,0.0,-4.7,56,21.9,297,1013.3,0,0,0,0,0.0,0.0,41.824,-71.4128,2024,2,14,22
2024-02-14 23:00:00,0.0,0.0,0.0,0.0,-5.0,56,21.7,306,1013.6,0,0,0,0,0.0,0.0,41.824,-71.4128,2024,2,14,23
2024-02-15 00:00:00,0.0,0.0,0.0,0.0,-5.3,57,20.2,311,1013.9,0,0,0,0,0.0,0.0,41.824,-71.4128,2024,2,15,0
2024-02-15 01:00:00,0.0,0.0,0.0,0.0,-5.7,59,17.8,313,1014.8,0,0,0,0,0.0,0.0,41.824,-71.4128,2024,2,15,1
2024-02-15 02:00:00,0.0,0.0,0.0,0.0,-6.0,61,16.3,313,1015.5,0,0,0,0,0.0,0.0,41.824,-71.4128,2024,2,15,2
2024-02-15 03:00:00,0.0,0.0,0.0,0.0,-6.3,63,15.5,312,1016.1,1,0,1,0,0.0,0.0,41.824,-71.4128,2024,2,15,3
2024-02-15 04:00:00,0.0,0.0,0.0,0.0,-6.5,64,15.3,309,1016.4,0,0,0,0,0.0,0.0,41.824,-71.4128,2024,2,15,4
2024-02-15 05:00:00,0.0,0.0,0.0,0.0,-6.6,64,16.1,309,1016.8,0,0,0,0,0.0,0.0,41.824,-71.4128,2024,2,15,5
2024-02-15 06:00:00,0.0,0.0,0.0,0.0,-6.8,65,15.5,312,1017.0,0,0,0,0,0.0,0.0,41.824,-71.4128,2024,2,15,6
2024-02-15 07:00:00,0.0,0.0,0.0,0.0,-7.1,67,14.9,307,1017.4,0,0,0,0,0.0,0.0,41.824,-71.4128,2024,2,15,7
2024-02-15 08:00:00,2.0,1.0,1.0,19.1,-7.5,69,13.4,301,1018.1,0,0,0,0,0.0,0.0,41.824,-71.4128,2024,2,15,8
2024-02-15 09:00:00,102.0,66.0,36.0,505.4,-5.9,66,14.0,296,1018.7,0,0,0,0,0.0,3600.0,41.824,-71.4128,2024,2,15,9
2024-02-15 10:00:00,283.0,216.0,67.0,733.5,-4.4,60,14.7,295,1018.6,0,0,0,0,0.0,3600.0,41.824,-71.4128,2024,2,15,10
2024-02-15 11:00:00,446.0,364.0,82.0,849.8,-2.6,51,15.6,296,1018.3,0,0,0,0,0.0,3600.0,41.824,-71.4128,2024,2,15,11
2024-02-15 12:00:00,566.0,474.0,92.0,906.3,-1.0,45,15.3,297,1018.0,0,0,0,0,0.0,3600.0,41.824,-71.4128,2024,2,15,12
2024-02-15 13:00:00,627.0,532.0,95.0,930.0,0.3,40,14.2,297,1017.6,36,0,35,3,0.0,3600.0,41.824,-71.4128,2024,2,15,13
2024-02-15 14:00:00,619.0,510.0,109.0,891.5,1.2,39,11.8,293,1016.8,95,0,94,35,0.0,3600.0,41.824,-71.4128,2024,2,15,14
2024-02-15 15:00:00,493.0,283.0,210.0,540.9,1.5,40,8.3,288,1015.5,56,0,55,3,0.0,3600.0,41.824,-71.4128,2024,2,15,15
2024-02-15 16:00:00,423.0,308.0,115.0,718.4,1.2,45,5.1,274,1013.8,94,0,93,24,0.0,3600.0,41.824,-71.4128,2024,2,15,16
2024-02-15 17:00:00,233.0,107.0,126.0,362.7,-0.2,55,5.7,235,1013.0,97,0,91,66,0.0,3600.0,41.824,-71.4128,2024,2,15,17
2024-02-15 18:00:00,70.0,20.0,50.0,152.3,-1.5,62,6.6,209,1012.2,100,0,100,100,0.0,2768.98,41.824,-71.4128,2024,2,15,18
2024-02-15 19:00:00,2.0,0.0,2.0,0.0,-2.2,72,6.5,214,1011.7,100,0,100,100,0.0,0.0,41.824,-71.4128,2024,2,15,19
2024-02-15 20:00:00,0.0,0.0,0.0,0.0,-2.2,73,8.7,204,1011.2,100,0,100,100,0.0,0.0,41.824,-71.4128,2024,2,15,20
2024-02-15 21:00:00,0.0,0.0,0.0,0.0,-2.0,74,10.4,200,1009.7,100,0,100,100,0.0,0.0,41.824,-71.4128,2024,2,15,21
2024-02-15 22:00:00,0.0,0.0,0.0,0.0,-1.6,72,13.0,208,1009.3,100,35,100,100,0.2,0.0,41.824,-71.4128,2024,2,15,22
2024-02-15 23:00:00,0.0,0.0,0.0,0.0,-1.3,78,12.1,203,1007.8,100,100,100,0,0.3,0.0,41.824,-71.4128,2024,2,15,23
2024-02-16 00:00:00,0.0,0.0,0.0,0.0,-0.6,80,11.6,202,1006.1,100,100,76,0,0.0,0.0,41.824,-71.4128,2024,2,16,0
2024-02-16 01:00:00,0.0,0.0,0.0,0.0,-0.4,81,14.2,216,1004.4,100,79,100,0,0.0,0.0,41.824,-71.4128,2024,2,16,1
2024-02-16 02:00:00,0.0,0.0,0.0,0.0,0.8,81,16.1,228,1003.0,4,3,1,0,0.0,0.0,41.824,-71.4128,2024,2,16,2
2024-02-16 03:00:00,0.0,0.0,0.0,0.0,-0.1,85,17.3,239,1001.6,34,32,2,0,0.0,0.0,41.824,-71.4128,2024,2,16,3
2024-02-16 04:00:00,0.0,0.0,0.0,0.0,-0.2,80,18.9,256,1000.7,8,7,2,0,0.0,0.0,41.824,-71.4128,2024,2,16,4
2024-02-16 05:00:00,0.0,0.0,0.0,0.0,-0.8,79,18.6,260,1000.9,17,17,1,0,0.0,0.0,41.824,-71.4128,2024,2,16,5
2024-02-16 06:00:00,0.0,0.0,0.0,0.0,-0.6,73,21.3,266,1001.4,40,40,0,0,0.0,0.0,41.824,-71.4128,2024,2,16,6
2024-02-16 07:00:00,0.0,0.0,0.0,0.0,-0.9,68,19.3,261,1001.5,9,9,0,0,0.0,0.0,41.824,-71.4128,2024,2,16,7
2024-02-16 08:00:00,3.0,1.0,2.0,19.1,-1.2,67,21.2,269,1001.9,8,8,0,0,0.0,0.0,41.824,-71.4128,2024,2,16,8
2024-02-16 09:00:00,104.0,67.0,37.0,496.1,0.3,58,21.1,278,1003.3,11,11,1,0,0.0,3600.0,41.824,-71.4128,2024,2,16,9
2024-02-16 10:00:00,278.0,205.0,73.0,685.3,0.6,56,27.9,294,1003.9,66,59,19,0,0.0,3600.0,41.824,-71.4128,2024,2,16,10
2024-02-16 11:00:00,411.0,273.0,138.0,630.3,0.5,53,27.7,302,1004.8,50,50,0,0,0.0,3600.0,41.824,-71.4128,2024,2,16,11
2024-02-16 12:00:00,532.0,385.0,147.0,729.3,0.5,48,28.3,307,1005.8,8,7,1,0,0.0,3600.0,41.824,-71.4128,2024,2,16,12
2024-02-16 13:00:00,624.0,515.0,109.0,892.6,0.9,40,31.1,311,1006.5,5,4,1,0,0.0,3600.0,41.824,-71.4128,2024,2,16,13
2024-02-16 14:00:00,630.0,535.0,95.0,927.2,1.5,41,26.1,308,1006.9,20,15,18,0,0.0,3600.0,41.824,-71.4128,2024,2,16,14
2024-02-16 15:00:00,572.0,489.0,83.0,926.1,2.0,42,25.7,312,1007.2,54,39,52,0,0.0,3600.0,41.824,-71.4128,2024,2,16,15
2024-02-16 16:00:00,411.0,303.0,108.0,699.2,2.0,41,23.8,309,1007.6,31,9,30,0,0.0,3600.0,41.824,-71.4128,2024,2,16,16
2024-02-16 17:00:00,275.0,194.0,81.0,647.8,1.3,46,15.6,304,1008.4,17,11,11,0,0.0,3600.0,41.824,-71.4128,2024,2,16,17
2024-02-16 18:00:00,104.0,66.0,38.0,487.1,-0.4,53,11.5,290,1009.7,11,0,0,11,0.0,3600.0,41.824,-71.4128,2024,2,16,18
2024-02-16 19:00:00,3.0,1.0,2.0,19.1,-3.0,65,10.3,282,1010.7,11,0,2,10,0.0,0.0,41.824,-71.4128,2024,2,16,19
2024-02-16 20:00:00,0.0,0.0,0.0,0.0,-4.2,71,10.6,280,1011.7,56,0,8,52,0.0,0.0,41.824,-71.4128,2024,2,16,20
2024-02-16 21:00:00,0.0,0.0,0.0,0.0,-3.1,66,11.3,277,1011.8,100,0,14,100,0.0,0.0,41.824,-71.4128,2024,2,16,21
2024-02-16 22:00:00,0.0,0.0,0.0,0.0,-3.6,68,9.4,274,1012.0,100,0,69,100,0.0,0.0,41.824,-71.4128,2024,2,16,22
2024-02-16 23:00:00,0.0,0.0,0.0,0.0,-3.6,69,9.0,272,1011.5,100,0,87,100,0.0,0.0,41.824,-71.4128,2024,2,16,23
2024-02-17 00:00:00,0.0,0.0,0.0,0.0,-3.4,64,10.9,276,1011.3,100,0,100,100,0.0,0.0,41.824,-71.4128,2024,2,17,0
2024-02-17 01:00:00,0.0,0.0,0.0,0.0,-2.5,58,10.0,283,1010.8,100,0,100,100,0.0,0.0,41.824,-71.4128,2024,2,17,1
2024-02-17 02:00:00,0.0,0.0,0.0,0.0,-2.4,58,8.9,291,1010.8,100,0,100,100,0.0,0.0,41.824,-71.4128,2024,2,17,2
2024-02-17 03:00:00,0.0,0.0,0.0,0.0,-2.4,62,7.1,300,1010.4,100,0,100,100,0.1,0.0,41.824,-71.4128,2024,2,17,3
2024-02-17 04:00:00,0.0,0.0,0.0,0.0,-2.6,67,4.1,285,1009.7,100,2,100,100,0.1,0.0,41.824,-71.4128,2024,2,17,4
2024-02-17 05:00:00,0.0,0.0,0.0,0.0,-2.9,71,2.1,149,1008.7,100,0,100,100,0.1,0.0,41.824,-71.4128,2024,2,17,5
2024-02-17 06:00:00,0.0,0.0,0.0,0.0,-3.1,77,3.6,143,1008.6,100,23,100,100,0.2,0.0,41.824,-71.4128,2024,2,17,6
2024-02-17 07:00:00,0.0,0.0,0.0,0.0,-3.3,81,4.1,128,1007.6,100,23,100,20,0.3,0.0,41.824,-71.4128,2024,2,17,7
2024-02-17 08:00:00,2.0,0.0,2.0,0.0,-3.3,83,2.9,90,1007.1,100,100,100,0,0.2,0.0,41.824,-71.4128,2024,2,17,8
2024-02-17 09:00:00,61.0,6.0,55.0,43.0,-3.1,88,3.0,346,1007.1,100,98,100,0,0.1,0.0,41.824,-71.4128,2024,2,17,9
2024-02-17 10:00:00,90.0,5.0,85.0,16.5,-2.0,80,2.9,360,1006.8,100,100,100,17,0.2,0.0,41.824,-71.4128,2024,2,17,10
2024-02-17 11:00:00,154.0,5.0,149.0,11.4,-1.1,75,3.1,324,1006.2,100,100,100,0,0.2,0.0,41.824,-71.4128,2024,2,17,11
2024-02-17 12:00:00,336.0,73.0,263.0,137.0,0.1,68,6.4,313,1005.6,100,99,100,0,0.1,2310.26,41.824,-71.4128,2024,2,17,12
2024-02-17 13:00:00,338.0,48.0,290.0,82.5,0.6,66,6.5,289,1004.1,98,97,23,0,0.1,674.68,41.824,-71.4128,2024,2,17,13
2024-02-17 14:00:00,425.0,150.0,275.0,257.8,1.2,63,8.8,289,1003.1,94,72,87,0,0.0,3600.0,41.824,-71.4128,2024,2,17,14
2024-02-17 15:00:00,373.0,150.0,223.0,281.5,1.0,63,11.8,293,1002.5,100,89,100,0,0.1,3600.0,41.824,-71.4128,2024,2,17,15
2024-02-17 16:00:00,318.0,144.0,174.0,328.8,1.3,58,12.9,297,1002.6,99,45,99,0,0.1,3600.0,41.824,-71.4128,2024,2,17,16
2024-02-17 17:00:00,188.0,49.0,139.0,161.3,0.5,54,16.0,306,1003.1,100,18,100,0,0.0,3037.77,41.824,-71.4128,2024,2,17,17
2024-02-17 18:00:00,81.0,25.0,56.0,179.0,-0.4,52,10.5,311,1003.6,35,0,35,0,0.0,3570.65,41.824,-71.4128,2024,2,17,18
2024-02-17 19:00:00,3.0,1.0,2.0,19.1,-3.0,57,10.1,305,1004.4,1,0,1,0,0.0,0.0,41.824,-71.4128,2024,2,17,19
2024-02-17 20:00:00,0.0,0.0,0.0,0.0,-4.0,57,12.8,302,1005.7,1,0,1,0,0.0,0.0,41.824,-71.4128,2024,2,17,20
2024-02-17 21:00:00,0.0,0.0,0.0,0.0,-3.7,49,17.1,292,1006.7,0,0,0,0,0.0,0.0,41.824,-71.4128,2024,2,17,21
2024-02-17 22:00:00,0.0,0.0,0.0,0.0,-4.1,47,16.5,290,1007.7,0,0,0,0,0.0,0.0,41.824,-71.4128,2024,2,17,22
2024-02-17 23:00:00,0.0,0.0,0.0,0.0,-4.9,49,15.0,287,1008.3,0,0,0,0,0.0,0.0,41.824,-71.4128,2024,2,17,23
2024-02-18 00:00:00,0.0,0.0,0.0,0.0,-5.4,51,15.4,281,1009.0,0,0,0,0,0.0,0.0,41.824,-71.4128,2024,2,18,0
2024-02-18 01:00:00,0.0,0.0,0.0,0.0,-5.8,56,14.6,279,1009.7,3,3,0,0,0.0,0.0,41.824,-71.4128,2024,2,18,1
2024-02-18 02:00:00,0.0,0.0,0.0,0.0,-6.2,59,12.6,275,1010.2,0,0,0,0,0.0,0.0,41.824,-71.4128,2024,2,18,2
2024-02-18 03:00:00,0.0,0.0,0.0,0.0,-6.8,65,9.5,261,1010.6,0,0,0,0,0.0,0.0,41.824,-71.4128,2024,2,18,3
2024-02-18 04:00:00,0.0,0.0,0.0,0.0,-7.4,70,10.2,252,1010.8,0,0,0,0,0.0,0.0,41.824,-71.4128,2024,2,18,4
2024-02-18 05:00:00,0.0,0.0,0.0,0.0,-7.4,69,11.7,252,1011.1,0,0,0,0,0.0,0.0,41.824,-71.4128,2024,2,18,5
2024-02-18 06:00:00,0.0,0.0,0.0,0.0,-7.5,67,11.3,239,1011.4,1,0,1,0,0.0,0.0,41.824,-71.4128,2024,2,18,6
2024-02-18 07:00:00,0.0,0.0,0.0,0.0,-7.7,69,11.5,226,1011.5,23,0,2,23,0.0,0.0,41.824,-71.4128,2024,2,18,7
2024-02-18 08:00:00,4.0,1.0,3.0,19.1,-7.6,70,12.2,214,1011.5,35,0,33,18,0.0,0.0,41.824,-71.4128,2024,2,18,8
2024-02-18 09:00:00,107.0,67.0,40.0,464.9,-5.4,61,11.2,201,1010.6,57,0,57,0,0.0,3600.0,41.824,-71.4128,2024,2,18,9
2024-02-18 10:00:00,271.0,186.0,85.0,602.7,-2.2,45,16.3,211,1009.7,46,0,46,0,0.0,3600.0,41.824,-71.4128,2024,2,18,10
2024-02-18 11:00:00,440.0,355.0,85.0,801.6,-0.1,42,21.9,222,1009.0,24,0,24,0,0.0,3600.0,41.824,-71.4128,2024,2,18,11
2024-02-18 12:00:00,560.0,470.0,90.0,874.0,0.9,39,25.3,240,1008.3,36,34,3,0,0.0,3600.0,41.824,-71.4128,2024,2,18,12
2024-02-18 13:00:00,602.0,479.0,123.0,816.2,2.1,36,23.1,233,1007.0,17,17,0,0,0.0,3600.0,41.824,-71.4128,2024,2,18,13
2024-02-18 14:00:00,607.0,491.0,116.0,836.8,2.4,37,22.4,228,1005.9,1,1,0,0,0.0,3600.0,41.824,-71.4128,2024,2,18,14
2024-02-18 15:00:00,559.0,470.0,89.0,874.3,2.2,40,24.8,234,1005.4,38,38,0,0,0.0,3600.0,41.824,-71.4128,2024,2,18,15
2024-02-18 16:00:00,443.0,362.0,81.0,818.0,2.0,40,25.8,240,1005.3,67,67,0,0,0.0,3600.0,41.824,-71.4128,2024,2,18,16
2024-02-18 17:00:00,252.0,153.0,99.0,496.4,1.3,43,23.8,245,1005.3,8,8,0,0,0.0,3600.0,41.824,-71.4128,2024,2,18,17
2024-02-18 18:00:00,109.0,71.0,38.0,493.8,0.5,46,14.9,238,1005.8,0,0,0,0,0.0,3600.0,41.824,-71.4128,2024,2,18,18
2024-02-18 19:00:00,4.0,1.0,3.0,19.1,-0.9,52,11.5,231,1006.2,0,0,0,0,0.0,0.0,41.824,-71.4128,2024,2,18,19
2024-02-18 20:00:00,0.0,0.0,0.0,0.0,-2.0,58,10.5,243,1007.1,0,0,0,0,0.0,0.0,41.824,-71.4128,2024,2,18,20
2024-02-18 21:00:00,0.0,0.0,0.0,0.0,-2.1,53,13.5,245,1008.0,4,1,4,0,0.0,0.0,41.824,-71.4128,2024,2,18,21
2024-02-18 22:00:00,0.0,0.0,0.0,0.0,-2.5,57,12.5,237,1008.6,1,0,1,0,0.0,0.0,41.824,-71.4128,2024,2,18,22
2024-02-18 23:00:00,0.0,0.0,0.0,0.0,-3.0,60,11.8,243,1009.1,1,0,1,0,0.0,0.0,41.824,-71.4128,2024,2,18,23
2024-02-19 00:00:00,0.0,0.0,0.0,0.0,-3.0,61,13.6,253,1009.5,3,0,3,0,0.0,0.0,41.824,-71.4128,2024,2,19,0
2024-02-19 01:00:00,0.0,0.0,0.0,0.0,-2.5,59,14.8,257,1009.8,0,0,0,0,0.0,0.0,41.824,-71.4128,2024,2,19,1
2024-02-19 02:00:00,0.0,0.0,0.0,0.0,-2.5,60,14.3,258,1010.1,0,0,0,0,0.0,0.0,41.824,-71.4128,2024,2,19,2
2024-02-19 03:00:00,0.0,0.0,0.0,0.0,-2.9,63,13.5,261,1010.7,0,0,0,0,0.0,0.0,41.824,-71.4128,2024,2,19,3
2024-02-19 04:00:00,0.0,0.0,0.0,0.0,-3.0,65,13.6,258,1011.2,0,0,0,0,0.0,0.0,41.824,-71.4128,2024,2,19,4
2024-02-19 05:00:00,0.0,0.0,0.0,0.0,-3.3,67,13.3,257,1011.8,0,0,0,0,0.0,0.0,41.824,-71.4128,2024,2,19,5
2024-02-19 06:00:00,0.0,0.0,0.0,0.0,-3.6,69,12.8,260,1012.8,0,0,0,0,0.0,0.0,41.824,-71.4128,2024,2,19,6
2024-02-19 07:00:00,0.0,0.0,0.0,0.0,-3.9,72,12.8,259,1014.4,2,2,0,0,0.0,0.0,41.824,-71.4128,2024,2,19,7
2024-02-19 08:00:00,5.0,2.0,3.0,38.2,-3.9,73,14.0,258,1015.9,0,0,0,0,0.0,72.77,41.824,-71.4128,2024,2,19,8
2024-02-19 09:00:00,106.0,61.0,45.0,410.2,-0.7,60,13.4,264,1016.3,0,0,0,0,0.0,3600.0,41.824,-71.4128,2024,2,19,9
2024-02-19 10:00:00,298.0,234.0,64.0,746.7,0.6,39,20.4,287,1016.6,0,0,0,0,0.0,3600.0,41.824,-71.4128,2024,2,19,10
2024-02-19 11:00:00,462.0,386.0,76.0,862.1,1.0,34,19.8,299,1017.4,0,0,0,0,0.0,3600.0,41.824,-71.4128,2024,2,19,11
2024-02-19 12:00:00,584.0,501.0,83.0,923.1,1.4,29,19.2,308,1018.0,0,0,0,0,0.0,3600.0,41.824,-71.4128,2024,2,19,12
2024-02-19 13:00:00,649.0,564.0,85.0,953.0,1.8,28,17.4,310,1018.5,0,0,0,0,0.0,3600.0,41.824,-71.4128,2024,2,19,13
2024-02-19 14:00:00,649.0,563.0,86.0,951.5,2.0,27,15.8,311,1018.5,0,0,0,0,0.0,3600.0,41.824,-71.4128,2024,2,19,14
2024-02-19 15:00:00,585.0,504.0,81.0,929.3,2.1,27,14.5,312,1018.7,0,0,0,0,0.0,3600.0,41.824,-71.4128,2024,2,19,15
2024-02-19 16:00:00,465.0,391.0,74.0,874.4,1.9,27,13.5,312,1019.1,0,0,0,0,0.0,3600.0,41.824,-71.4128,2024,2,19,16
2024-02-19 17:00:00,301.0,240.0,61.0,767.7,1.2,27,12.5,311,1019.8,0,0,0,0,0.0,3600.0,41.824,-71.4128,2024,2,19,17
2024-02-19 18:00:00,119.0,82.0,37.0,554.3,-0.8,37,8.1,315,1020.7,0,0,0,0,0.0,3600.0,41.824,-71.4128,2024,2,19,18
2024-02-19 19:00:00,5.0,2.0,3.0,38.2,-3.1,45,9.8,306,1021.9,0,0,0,0,0.0,78.3,41.824,-71.4128,2024,2,19,19
2024-02-19 20:00:00,0.0,0.0,0.0,0.0,-4.2,49,10.2,302,1023.1,0,0,0,0,0.0,0.0,41.824,-71.4128,2024,2,19,20
2024-02-19 21:00:00,0.0,0.0,0.0,0.0,-4.1,44,12.6,294,1023.5,0,0,0,0,0.0,0.0,41.824,-71.4128,2024,2,19,21
2024-02-19 22:00:00,0.0,0.0,0.0,0.0,-4.7,46,13.4,294,1024.5,0,0,0,0,0.0,0.0,41.824,-71.4128,2024,2,19,22
2024-02-19 23:00:00,0.0,0.0,0.0,0.0,-4.9,45,13.4,301,1025.2,0,0,0,0,0.0,0.0,41.824,-71.4128,2024,2,19,23
2024-02-20 00:00:00,0.0,0.0,0.0,0.0,-5.4,48,13.1,307,1025.6,0,0,0,0,0.0,0.0,41.824,-71.4128,2024,2,20,0
2024-02-20 01:00:00,0.0,0.0,0.0,0.0,-5.8,50,13.5,314,1026.4,0,0,0,0,0.0,0.0,41.824,-71.4128,2024,2,20,1
2024-02-20 02:00:00,0.0,0.0,0.0,0.0,-6.0,52,13.6,323,1027.1,0,0,0,0,0.0,0.0,41.824,-71.4128,2024,2,20,2
2024-02-20 03:00:00,0.0,0.0,0.0,0.0,-6.3,53,13.4,333,1027.5,0,0,0,0,0.0,0.0,41.824,-71.4128,2024,2,20,3
2024-02-20 04:00:00,0.0,0.0,0.0,0.0,-6.5,52,13.0,341,1028.0,0,0,0,0,0.0,0.0,41.824,-71.4128,2024,2,20,4
2024-02-20 05:00:00,0.0,0.0,0.0,0.0,-7.1,54,10.9,351,1028.5,0,0,0,0,0.0,0.0,41.824,-71.4128,2024,2,20,5
2024-02-20 06:00:00,0.0,0.0,0.0,0.0,-7.4,54,10.5,356,1029.3,0,0,0,0,0.0,0.0,41.824,-71.4128,2024,2,20,6
2024-02-20 07:00:00,0.0,0.0,0.0,0.0,-7.6,52,9.7,4,1030.0,0,0,0,0,0.0,0.0,41.824,-71.4128,2024,2,20,7
2024-02-20 08:00:00,6.0,2.0,4.0,38.2,-7.6,50,8.7,5,1031.0,0,0,0,0,0.0,28.79,41.824,-71.4128,2024,2,20,8
2024-02-20 09:00:00,120.0,81.0,39.0,528.2,-5.3,40,8.6,360,1031.7,0,0,0,0,0.0,3600.0,41.824,-71.4128,2024,2,20,9
2024-02-20 10:00:00,300.0,235.0,65.0,738.6,-3.5,33,10.5,6,1032.0,0,0,0,0,0.0,3600.0,41.824,-71.4128,2024,2,20,10
2024-02-20 11:00:00,462.0,384.0,78.0,848.3,-1.6,29,9.2,21,1032.0,0,0,0,0,0.0,3600.0,41.824,-71.4128,2024,2,20,11
2024-02-20 12:00:00,580.0,495.0,85.0,903.8,-0.1,26,5.9,38,1031.9,0,0,0,0,0.0,3600.0,41.824,-71.4128,2024,2,20,12
2024-02-20 13:00:00,642.0,554.0,88.0,928.3,1.2,24,3.1,54,1031.3,0,0,0,0,0.0,3600.0,41.824,-71.4128,2024,2,20,13
2024-02-20 14:00:00,642.0,554.0,88.0,928.7,2.1,24,1.0,135,1030.7,0,0,0,0,0.0,3600.0,41.824,-71.4128,2024,2,20,14
2024-02-20 15:00:00,580.0,496.0,84.0,906.6,2.5,24,2.3,198,1030.0,0,0,0,0,0.0,3600.0,41.824,-71.4128,2024,2,20,15
2024-02-20 16:00:00,462.0,387.0,75.0,856.7,2.6,25,3.8,197,1029.8,0,0,0,0,0.0,3600.0,41.824,-71.4128,2024,2,20,16
2024-02-20 17:00:00,301.0,238.0,63.0,750.8,2.1,28,5.8,173,1030.2,0,0,0,0,0.0,3600.0,41.824,-71.4128,2024,2,20,17
2024-02-20 18:00:00,120.0,82.0,38.0,539.3,-0.7,40,9.4,157,1030.7,0,0,0,0,0.0,3600.0,41.824,-71.4128,2024,2,20,18
2024-02-20 19:00:00,5.0,2.0,3.0,38.2,-3.0,50,9.7,180,1031.4,0,0,0,0,0.0,39.59,41.824,-71.4128,2024,2,20,19
2024-02-20 20:00:00,0.0,0.0,0.0,0.0,-3.6,60,11.3,207,1032.1,0,0,0,0,0.0,0.0,41.824,-71.4128,2024,2,20,20
2024-02-20 21:00:00,0.0,0.0,0.0,0.0,-4.3,61,10.3,234,1031.6,0,0,0,0,0.0,0.0,41.824,-71.4128,2024,2,20,21
2024-02-20 22:00:00,0.0,0.0,0.0,0.0,-4.9,65,6.3,257,1032.1,0,0,0,0,0.0,0.0,41.824,-71.4128,2024,2,20,22
2024-02-20 23:00:00,0.0,0.0,0.0,0.0,-5.6,69,4.0,260,1032.3,0,0,0,0,0.0,0.0,41.824,-71.4128,2024,2,20,23
2024-02-21 00:00:00,0.0,0.0,0.0,0.0,-5.8,69,5.4,262,1032.3,0,0,0,0,0.0,0.0,41.824,-71.4128,2024,2,21,0
2024-02-21 01:00:00,0.0,0.0,0.0,0.0,-5.8,67,4.4,261,1032.5,0,0,0,0,0.0,0.0,41.824,-71.4128,2024,2,21,1
2024-02-21 02:00:00,0.0,0.0,0.0,0.0,-5.7,66,4.7,293,1032.3,0,0,0,0,0.0,0.0,41.824,-71.4128,2024,2,21,2
2024-02-21 03:00:00,0.0,0.0,0.0,0.0,-6.2,69,5.9,313,1031.8,11,0,0,11,0.0,0.0,41.824,-71.4128,2024,2,21,3
2024-02-21 04:00:00,0.0,0.0,0.0,0.0,-6.6,72,6.1,332,1031.5,36,0,0,36,0.0,0.0,41.824,-71.4128,2024,2,21,4
2024-02-21 05:00:00,0.0,0.0,0.0,0.0,-6.8,73,5.8,330,1031.4,7,0,0,7,0.0,0.0,41.824,-71.4128,2024,2,21,5
2024-02-21 06:00:00,0.0,0.0,0.0,0.0,-7.1,74,4.7,328,1031.8,5,0,0,5,0.0,0.0,41.824,-71.4128,2024,2,21,6
2024-02-21 07:00:00,0.0,0.0,0.0,0.0,-7.3,75,6.3,336,1032.2,98,0,0,98,0.0,0.0,41.824,-71.4128,2024,2,21,7
2024-02-21 08:00:00,6.0,2.0,4.0,37.9,-7.1,73,4.6,342,1032.8,87,0,0,87,0.0,0.0,41.824,-71.4128,2024,2,21,8
2024-02-21 09:00:00,116.0,64.0,52.0,405.0,-5.8,63,5.4,360,1033.3,100,0,0,100,0.0,3600.0,41.824,-71.4128,2024,2,21,9
2024-02-21 10:00:00,290.0,203.0,87.0,628.5,-1.0,44,3.3,77,1033.5,97,1,0,97,0.0,3600.0,41.824,-71.4128,2024,2,21,10
2024-02-21 11:00:00,454.0,359.0,95.0,784.6,1.6,46,8.1,122,1032.9,100,9,0,100,0.0,3600.0,41.824,-71.4128,2024,2,21,11
2024-02-21 12:00:00,562.0,440.0,122.0,796.2,2.8,44,7.6,135,1031.8,100,4,0,100,0.0,3600.0,41.824,-71.4128,2024,2,21,12
2024-02-21 13:00:00,631.0,520.0,111.0,864.2,3.7,41,5.7,145,1030.3,100,1,0,100,0.0,3600.0,41.824,-71.4128,2024,2,21,13
2024-02-21 14:00:00,635.0,531.0,104.0,882.9,4.5,39,6.5,161,1028.9,91,0,0,91,0.0,3600.0,41.824,-71.4128,2024,2,21,14
2024-02-21 15:00:00,577.0,485.0,92.0,878.9,4.5,40,7.8,167,1027.8,65,0,0,65,0.0,3600.0,41.824,-71.4128,2024,2,21,15
2024-02-21 16:00:00,460.0,377.0,83.0,826.3,4.2,42,8.0,170,1027.0,60,0,0,60,0.0,3600.0,41.824,-71.4128,2024,2,21,16
2024-02-21 17:00:00,298.0,230.0,68.0,715.8,3.2,47,10.1,178,1027.0,26,15,0,13,0.0,3600.0,41.824,-71.4128,2024,2,21,17
2024-02-21 18:00:00,119.0,77.0,42.0,493.1,0.6,61,12.2,180,1027.1,46,19,0,34,0.0,3600.0,41.824,-71.4128,2024,2,21,18
2024-02-21 19:00:00,6.0,2.0,4.0,38.2,-1.8,78,10.2,172,1027.2,34,34,0,0,0.0,1.2,41.824,-71.4128,2024,2,21,19
2024-02-21 20:00:00,0.0,0.0,0.0,0.0,-2.3,81,7.8,167,1027.2,6,5,0,1,0.0,0.0,41.824,-71.4128,2024,2,21,20
2024-02-21 21:00:00,0.0,0.0,0.0,0.0,-3.8,84,6.3,156,1026.7,25,2,0,23,0.0,0.0,41.824,-71.4128,2024,2,21,21
2024-02-21 22:00:00,0.0,0.0,0.0,0.0,-4.5,87,6.4,137,1026.3,82,0,0,82,0.0,0.0,41.824,-71.4128,2024,2,21,22
2024-02-21 23:00:00,0.0,0.0,0.0,0.0,-3.8,83,5.7,125,1025.7,77,0,0,77,0.0,0.0,41.824,-71.4128,2024,2,21,23
2024-02-22 00:00:00,0.0,0.0,0.0,0.0,-4.9,88,1.3,326,1024.7,2,0,0,2,0.0,0.0,41.824,-71.4128,2024,2,22,0
2024-02-22 01:00:00,0.0,0.0,0.0,0.0,-5.1,88,1.6,333,1023.9,0,0,0,0,0.0,0.0,41.824,-71.4128,2024,2,22,1
2024-02-22 02:00:00,0.0,0.0,0.0,0.0,-5.6,90,1.8,323,1023.1,0,0,0,0,0.0,0.0,41.824,-71.4128,2024,2,22,2
2024-02-22 03:00:00,0.0,0.0,0.0,0.0,-5.9,89,3.2,333,1022.6,11,0,0,11,0.0,0.0,41.824,-71.4128,2024,2,22,3
2024-02-22 04:00:00,0.0,0.0,0.0,0.0,-6.2,90,2.3,342,1021.7,0,0,0,0,0.0,0.0,41.824,-71.4128,2024,2,22,4
2024-02-22 05:00:00,0.0,0.0,0.0,0.0,-6.2,90,1.8,323,1021.1,0,0,0,0,0.0,0.0,41.824,-71.4128,2024,2,22,5
2024-02-22 06:00:00,0.0,0.0,0.0,0.0,-6.3,90,0.5,315,1020.3,0,0,0,0,0.0,0.0,41.824,-71.4128,2024,2,22,6
2024-02-22 07:00:00,0.0,0.0,0.0,0.0,-6.3,89,1.8,259,1019.8,0,0,0,0,0.0,0.0,41.824,-71.4128,2024,2,22,7
2024-02-22 08:00:00,7.0,3.0,4.0,54.4,-5.8,87,4.0,243,1019.3,0,0,0,0,0.0,259.27,41.824,-71.4128,2024,2,22,8
2024-02-22 09:00:00,125.0,84.0,41.0,516.3,-2.2,74,3.6,217,1019.1,0,0,0,0,0.0,3600.0,41.824,-71.4128,2024,2,22,9
2024-02-22 10:00:00,301.0,235.0,66.0,716.8,0.1,60,6.6,158,1018.4,0,0,0,0,0.0,3600.0,41.824,-71.4128,2024,2,22,10
2024-02-22 11:00:00,459.0,380.0,79.0,821.6,1.5,55,8.0,170,1017.4,18,0,0,18,0.0,3600.0,41.824,-71.4128,2024,2,22,11
2024-02-22 12:00:00,572.0,485.0,87.0,869.8,2.7,52,9.1,173,1016.0,58,0,0,58,0.0,3600.0,41.824,-71.4128,2024,2,22,12
2024-02-22 13:00:00,630.0,537.0,93.0,885.2,4.3,49,9.0,180,1014.7,99,1,0,99,0.0,3600.0,41.824,-71.4128,2024,2,22,13
2024-02-22 14:00:00,613.0,492.0,121.0,811.5,5.3,48,11.5,166,1012.5,100,1,0,100,0.0,3600.0,41.824,-71.4128,2024,2,22,14
2024-02-22 15:00:00,564.0,472.0,92.0,848.1,5.7,52,12.3,177,1011.7,35,0,0,35,0.0,3600.0,41.824,-71.4128,2024,2,22,15
2024-02-22 16:00:00,448.0,365.0,83.0,792.1,5.8,54,11.8,192,1010.5,16,0,4,12,0.0,3600.0,41.824,-71.4128,2024,2,22,16
2024-02-22 17:00:00,289.0,219.0,70.0,672.6,4.7,58,11.8,200,1009.8,14,0,1,13,0.0,3600.0,41.824,-71.4128,2024,2,22,17
2024-02-22 18:00:00,118.0,77.0,41.0,480.5,2.2,71,9.0,185,1009.2,100,0,100,52,0.0,3600.0,41.824,-71.4128,2024,2,22,18
2024-02-22 19:00:00,4.0,0.0,4.0,0.0,1.2,78,10.3,192,1009.2,100,0,95,100,0.0,0.0,41.824,-71.4128,2024,2,22,19
2024-02-22 20:00:00,0.0,0.0,0.0,0.0,-0.2,86,10.3,192,1009.0,100,0,93,100,0.0,0.0,41.824,-71.4128,2024,2,22,20
2024-02-22 21:00:00,0.0,0.0,0.0,0.0,-0.8,89,10.8,206,1008.6,100,0,100,44,0.0,0.0,41.824,-71.4128,2024,2,22,21
2024-02-22 22:00:00,0.0,0.0,0.0,0.0,0.1,86,10.9,197,1008.1,100,0,100,16,0.0,0.0,41.824,-71.4128,2024,2,22,22
2024-02-22 23:00:00,0.0,0.0,0.0,0.0,0.6,87,12.3,201,1007.6,100,0,100,54,0.0,0.0,41.824,-71.4128,2024,2,22,23
2024-02-23 00:00:00,0.0,0.0,0.0,0.0,1.0,88,11.6,196,1006.7,100,2,100,100,0.0,0.0,41.824,-71.4128,2024,2,23,0
2024-02-23 01:00:00,0.0,0.0,0.0,0.0,1.2,90,12.5,192,1005.9,100,61,100,100,0.0,0.0,41.824,-71.4128,2024,2,23,1
2024-02-23 02:00:00,0.0,0.0,0.0,0.0,1.1,92,11.7,189,1005.3,100,100,100,98,0.1,0.0,41.824,-71.4128,2024,2,23,2
2024-02-23 03:00:00,0.0,0.0,0.0,0.0,1.2,93,11.3,189,1004.8,100,100,100,100,0.2,0.0,41.824,-71.4128,2024,2,23,3
2024-02-23 04:00:00,0.0,0.0,0.0,0.0,1.2,97,9.5,189,1004.0,100,100,100,78,0.8,0.0,41.824,-71.4128,2024,2,23,4
2024-02-23 05:00:00,0.0,0.0,0.0,0.0,1.0,98,5.8,176,1002.4,100,42,100,94,1.0,0.0,41.824,-71.4128,2024,2,23,5
2024-02-23 06:00:00,0.0,0.0,0.0,0.0,1.1,99,5.4,160,1001.7,100,63,100,99,0.4,0.0,41.824,-71.4128,2024,2,23,6
2024-02-23 07:00:00,0.0,0.0,0.0,0.0,1.6,99,6.9,141,1000.8,99,88,86,74,0.5,0.0,41.824,-71.4128,2024,2,23,7
2024-02-23 08:00:00,3.0,0.0,3.0,0.0,1.1,100,7.8,112,1000.5,100,94,100,100,0.3,0.0,41.824,-71.4128,2024,2,23,8
2024-02-23 09:00:00,35.0,0.0,35.0,0.0,2.4,100,3.2,63,999.4,100,20,99,100,0.0,0.0,41.824,-71.4128,2024,2,23,9
2024-02-23 10:00:00,137.0,9.0,128.0,27.0,4.6,95,5.0,360,999.1,84,9,69,43,0.0,0.0,41.824,-71.4128,2024,2,23,10
2024-02-23 11:00:00,361.0,169.0,192.0,361.5,6.9,89,4.7,356,998.5,100,54,100,0,0.0,3600.0,41.824,-71.4128,2024,2,23,11
2024-02-23 12:00:00,145.0,15.0,130.0,26.7,6.6,90,3.3,13,998.1,100,59,100,93,0.0,0.0,41.824,-71.4128,2024,2,23,12
2024-02-23 13:00:00,167.0,11.0,156.0,18.0,6.8,89,4.4,351,997.6,100,62,36,100,0.0,0.0,41.824,-71.4128,2024,2,23,13
2024-02-23 14:00:00,469.0,195.0,274.0,319.1,8.7,81,4.8,318,996.9,100,100,100,95,0.0,3600.0,41.824,-71.4128,2024,2,23,14
2024-02-23 15:00:00,200.0,14.0,186.0,24.9,8.2,83,7.4,337,996.5,100,100,100,100,0.0,0.0,41.824,-71.4128,2024,2,23,15
2024-02-23 16:00:00,234.0,49.0,185.0,105.3,8.1,82,9.4,342,996.2,100,100,100,100,0.0,1358.96,41.824,-71.4128,2024,2,23,16
2024-02-23 17:00:00,100.0,0.0,100.0,0.0,6.9,84,7.6,355,996.2,100,81,100,100,0.1,0.0,41.824,-71.4128,2024,2,23,17
2024-02-23 18:00:00,25.0,0.0,25.0,0.0,5.3,93,9.1,9,995.7,100,0,99,100,0.2,0.0,41.824,-71.4128,2024,2,23,18
2024-02-23 19:00:00,3.0,0.0,3.0,0.0,3.6,98,8.0,18,996.0,100,14,100,100,0.2,0.0,41.824,-71.4128,2024,2,23,19
2024-02-23 20:00:00,0.0,0.0,0.0,0.0,3.0,98,3.9,338,996.4,100,4,100,100,0.3,0.0,41.824,-71.4128,2024,2,23,20
2024-02-23 21:00:00,0.0,0.0,0.0,0.0,2.1,100,8.4,350,996.2,100,94,100,100,0.6,0.0,41.824,-71.4128,2024,2,23,21
2024-02-23 22:00:00,0.0,0.0,0.0,0.0,1.9,99,8.7,336,996.3,100,100,100,100,0.3,0.0,41.824,-71.4128,2024,2,23,22
2024-02-23 23:00:00,0.0,0.0,0.0,0.0,1.7,99,8.9,346,995.8,100,100,100,100,0.2,0.0,41.824,-71.4128,2024,2,23,23
2024-02-24 00:00:00,0.0,0.0,0.0,0.0,1.8,99,10.3,335,995.5,100,100,100,42,0.1,0.0,41.824,-71.4128,2024,2,24,0
2024-02-24 01:00:00,0.0,0.0,0.0,0.0,1.9,99,11.1,331,995.0,100,100,100,7,0.0,0.0,41.824,-71.4128,2024,2,24,1
2024-02-24 02:00:00,0.0,0.0,0.0,0.0,1.8,99,10.9,326,995.0,100,96,98,3,0.0,0.0,41.824,-71.4128,2024,2,24,2
2024-02-24 03:00:00,0.0,0.0,0.0,0.0,1.4,98,10.6,325,995.1,100,34,98,71,0.0,0.0,41.824,-71.4128,2024,2,24,3
2024-02-24 04:00:00,0.0,0.0,0.0,0.0,1.3,94,12.7,317,995.5,100,22,99,100,0.0,0.0,41.824,-71.4128,2024,2,24,4
2024-02-24 05:00:00,0.0,0.0,0.0,0.0,1.3,91,16.1,320,996.0,100,5,100,100,0.0,0.0,41.824,-71.4128,2024,2,24,5
2024-02-24 06:00:00,0.0,0.0,0.0,0.0,1.4,91,16.1,331,996.6,100,3,65,100,0.0,0.0,41.824,-71.4128,2024,2,24,6
2024-02-24 07:00:00,0.0,0.0,0.0,0.0,0.8,93,15.9,335,997.7,100,10,0,100,0.0,0.0,41.824,-71.4128,2024,2,24,7
2024-02-24 08:00:00,7.0,0.0,7.0,0.0,0.3,92,17.1,335,999.1,92,28,1,88,0.0,0.0,41.824,-71.4128,2024,2,24,8
2024-02-24 09:00:00,89.0,16.0,73.0,92.8,2.4,87,16.2,323,999.1,100,100,26,38,0.0,984.44,41.824,-71.4128,2024,2,24,9
2024-02-24 10:00:00,157.0,33.0,124.0,97.7,3.1,80,15.4,323,1000.3,47,45,4,0,0.0,1130.96,41.824,-71.4128,2024,2,24,10
2024-02-24 11:00:00,447.0,342.0,105.0,723.6,5.0,61,16.4,327,1000.4,41,6,3,35,0.0,3600.0,41.824,-71.4128,2024,2,24,11
2024-02-24 12:00:00,579.0,487.0,92.0,857.8,5.7,50,17.5,323,1000.9,40,15,29,2,0.0,3600.0,41.824,-71.4128,2024,2,24,12
2024-02-24 13:00:00,624.0,509.0,115.0,825.4,5.4,44,18.0,323,1001.5,13,6,7,0,0.0,3600.0,41.824,-71.4128,2024,2,24,13
2024-02-24 14:00:00,631.0,531.0,100.0,861.9,5.0,37,17.3,318,1002.1,21,0,21,0,0.0,3600.0,41.824,-71.4128,2024,2,24,14
2024-02-24 15:00:00,572.0,470.0,102.0,830.4,4.5,30,16.1,321,1002.8,12,0,12,0,0.0,3600.0,41.824,-71.4128,2024,2,24,15
2024-02-24 16:00:00,467.0,384.0,83.0,817.2,4.0,26,15.0,330,1003.8,4,0,0,4,0.0,3600.0,41.824,-71.4128,2024,2,24,16
2024-02-24 17:00:00,317.0,255.0,62.0,762.8,2.8,25,15.8,333,1004.6,6,0,0,6,0.0,3600.0,41.824,-71.4128,2024,2,24,17
2024-02-24 18:00:00,136.0,97.0,39.0,576.0,0.8,29,14.0,331,1006.2,4,0,0,4,0.0,3600.0,41.824,-71.4128,2024,2,24,18
2024-02-24 19:00:00,9.0,4.0,5.0,68.8,-1.7,32,13.9,329,1008.3,0,0,0,0,0.0,521.91,41.824,-71.4128,2024,2,24,19
2024-02-24 20:00:00,0.0,0.0,0.0,0.0,-3.2,34,15.5,329,1010.2,36,0,0,36,0.0,0.0,41.824,-71.4128,2024,2,24,20
2024-02-24 21:00:00,0.0,0.0,0.0,0.0,-3.5,35,18.8,331,1010.7,1,0,0,1,0.0,0.0,41.824,-71.4128,2024,2,24,21
2024-02-24 22:00:00,0.0,0.0,0.0,0.0,-4.5,38,16.9,336,1012.0,0,0,0,0,0.0,0.0,41.824,-71.4128,2024,2,24,22
2024-02-24 23:00:00,0.0,0.0,0.0,0.0,-5.3,40,14.6,340,1012.9,0,0,0,0,0.0,0.0,41.824,-71.4128,2024,2,24,23
2024-02-25 00:00:00,0.0,0.0,0.0,0.0,-6.1,42,13.5,344,1013.6,0,0,0,0,0.0,0.0,41.824,-71.4128,2024,2,25,0
2024-02-25 01:00:00,0.0,0.0,0.0,0.0,-6.8,42,12.6,347,1014.4,0,0,0,0,0.0,0.0,41.824,-71.4128,2024,2,25,1
2024-02-25 02:00:00,0.0,0.0,0.0,0.0,-7.4,41,11.4,349,1015.4,0,0,0,0,0.0,0.0,41.824,-71.4128,2024,2,25,2
2024-02-25 03:00:00,0.0,0.0,0.0,0.0,-7.7,41,10.5,354,1015.9,0,0,0,0,0.0,0.0,41.824,-71.4128,2024,2,25,3
2024-02-25 04:00:00,0.0,0.0,0.0,0.0,-8.1,42,9.4,353,1016.6,0,0,0,0,0.0,0.0,41.824,-71.4128,2024,2,25,4
2024-02-25 05:00:00,0.0,0.0,0.0,0.0,-8.3,43,8.7,355,1017.4,0,0,0,0,0.0,0.0,41.824,-71.4128,2024,2,25,5
2024-02-25 06:00:00,0.0,0.0,0.0,0.0,-8.6,44,8.1,347,1017.8,0,0,0,0,0.0,0.0,41.824,-71.4128,2024,2,25,6
2024-02-25 07:00:00,0.0,0.0,0.0,0.0,-8.8,45,7.4,337,1018.4,0,0,0,0,0.0,0.0,41.824,-71.4128,2024,2,25,7
2024-02-25 08:00:00,12.0,6.0,6.0,95.9,-8.4,44,6.3,329,1019.2,0,0,0,0,0.0,1071.82,41.824,-71.4128,2024,2,25,8
2024-02-25 09:00:00,146.0,104.0,42.0,586.4,-6.4,35,6.2,324,1020.2,0,0,0,0,0.0,3600.0,41.824,-71.4128,2024,2,25,9
2024-02-25 10:00:00,332.0,269.0,63.0,784.6,-4.4,29,4.9,324,1020.2,0,0,0,0,0.0,3600.0,41.824,-71.4128,2024,2,25,10
2024-02-25 11:00:00,496.0,422.0,74.0,883.3,-2.2,24,3.6,307,1019.8,0,0,0,0,0.0,3600.0,41.824,-71.4128,2024,2,25,11
2024-02-25 12:00:00,614.0,534.0,80.0,932.1,-0.2,22,3.3,276,1019.4,0,0,0,0,0.0,3600.0,41.824,-71.4128,2024,2,25,12
2024-02-25 13:00:00,674.0,592.0,82.0,952.1,1.6,20,4.0,243,1018.9,0,0,0,0,0.0,3600.0,41.824,-71.4128,2024,2,25,13
2024-02-25 14:00:00,673.0,591.0,82.0,951.6,2.9,20,5.2,205,1018.0,0,0,0,0,0.0,3600.0,41.824,-71.4128,2024,2,25,14
2024-02-25 15:00:00,610.0,531.0,79.0,930.3,3.5,20,7.9,177,1017.3,0,0,0,0,0.0,3600.0,41.824,-71.4128,2024,2,25,15
2024-02-25 16:00:00,491.0,418.0,73.0,881.0,2.4,28,13.0,156,1017.0,0,0,0,0,0.0,3600.0,41.824,-71.4128,2024,2,25,16
2024-02-25 17:00:00,327.0,265.0,62.0,782.6,0.2,46,15.1,140,1017.1,0,0,0,0,0.0,3600.0,41.824,-71.4128,2024,2,25,17
2024-02-25 18:00:00,141.0,100.0,41.0,579.7,-1.5,56,13.0,138,1017.4,0,0,0,0,0.0,3600.0,41.824,-71.4128,2024,2,25,18
2024-02-25 19:00:00,10.0,5.0,5.0,83.1,-2.9,56,12.3,175,1017.8,0,0,0,0,0.0,799.84,41.824,-71.4128,2024,2,25,19
2024-02-25 20:00:00,0.0,0.0,0.0,0.0,-3.7,55,10.9,197,1018.2,0,0,0,0,0.0,0.0,41.824,-71.4128,2024,2,25,20
2024-02-25 21:00:00,0.0,0.0,0.0,0.0,-4.1,59,10.6,204,1017.9,0,0,0,0,0.0,0.0,41.824,-71.4128,2024,2,25,21
2024-02-25 22:00:00,0.0,0.0,0.0,0.0,-4.2,65,11.3,207,1018.2,35,0,0,35,0.0,0.0,41.824,-71.4128,2024,2,25,22
2024-02-25 23:00:00,0.0,0.0,0.0,0.0,-3.9,76,11.8,203,1018.0,44,0,0,44,0.0,0.0,41.824,-71.4128,2024,2,25,23
2024-02-26 00:00:00,0.0,0.0,0.0,0.0,-3.6,77,11.8,207,1017.8,84,0,0,84,0.0,0.0,41.824,-71.4128,2024,2,26,0
2024-02-26 01:00:00,0.0,0.0,0.0,0.0,-3.5,76,10.8,206,1017.5,99,0,0,99,0.0,0.0,41.824,-71.4128,2024,2,26,1
2024-02-26 02:00:00,0.0,0.0,0.0,0.0,-3.1,81,11.7,198,1017.0,100,0,0,100,0.0,0.0,41.824,-71.4128,2024,2,26,2
2024-02-26 03:00:00,0.0,0.0,0.0,0.0,-2.4,85,11.3,202,1017.0,100,0,0,100,0.0,0.0,41.824,-71.4128,2024,2,26,3
2024-02-26 04:00:00,0.0,0.0,0.0,0.0,-1.7,87,9.4,212,1017.0,100,0,97,97,0.0,0.0,41.824,-71.4128,2024,2,26,4
2024-02-26 05:00:00,0.0,0.0,0.0,0.0,-0.8,86,13.2,202,1016.1,100,0,77,100,0.0,0.0,41.824,-71.4128,2024,2,26,5
2024-02-26 06:00:00,0.0,0.0,0.0,0.0,-0.4,83,12.9,207,1015.6,99,0,98,97,0.0,0.0,41.824,-71.4128,2024,2,26,6
2024-02-26 07:00:00,0.0,0.0,0.0,0.0,-0.1,81,13.5,214,1015.4,59,0,35,50,0.0,0.0,41.824,-71.4128,2024,2,26,7
2024-02-26 08:00:00,11.0,3.0,8.0,46.1,0.1,82,13.3,218,1015.4,20,0,19,1,0.0,72.03,41.824,-71.4128,2024,2,26,8
2024-02-26 09:00:00,136.0,90.0,46.0,493.4,2.7,79,9.0,209,1015.9,100,0,93,100,0.0,3600.0,41.824,-71.4128,2024,2,26,9
2024-02-26 10:00:00,249.0,118.0,131.0,339.1,4.3,73,13.0,226,1016.1,100,2,97,97,0.6,3600.0,41.824,-71.4128,2024,2,26,10
2024-02-26 11:00:00,208.0,54.0,154.0,111.8,4.9,67,13.5,222,1015.8,96,0,96,53,0.2,1554.3,41.824,-71.4128,2024,2,26,11
2024-02-26 12:00:00,485.0,300.0,185.0,519.0,6.9,61,13.8,223,1015.5,51,0,51,0,0.0,3600.0,41.824,-71.4128,2024,2,26,12
2024-02-26 13:00:00,625.0,499.0,126.0,796.0,8.8,55,14.0,224,1015.1,0,0,0,0,0.0,3600.0,41.824,-71.4128,2024,2,26,13
2024-02-26 14:00:00,645.0,557.0,88.0,889.8,10.2,52,15.1,220,1014.1,40,0,0,40,0.0,3600.0,41.824,-71.4128,2024,2,26,14
2024-02-26 15:00:00,584.0,497.0,87.0,863.5,10.7,52,16.1,219,1013.5,0,0,0,0,0.0,3600.0,41.824,-71.4128,2024,2,26,15
2024-02-26 16:00:00,471.0,395.0,76.0,824.6,10.8,53,15.0,215,1013.2,0,0,0,0,0.0,3600.0,41.824,-71.4128,2024,2,26,16
2024-02-26 17:00:00,314.0,249.0,65.0,726.1,10.1,57,13.2,209,1013.4,0,0,0,0,0.0,3600.0,41.824,-71.4128,2024,2,26,17
2024-02-26 18:00:00,136.0,94.0,42.0,532.3,7.7,64,12.8,218,1013.9,4,0,0,4,0.0,3600.0,41.824,-71.4128,2024,2,26,18
2024-02-26 19:00:00,11.0,5.0,6.0,80.4,5.1,74,12.0,226,1014.8,45,0,0,45,0.0,760.51,41.824,-71.4128,2024,2,26,19
2024-02-26 20:00:00,0.0,0.0,0.0,0.0,3.8,80,11.5,231,1015.4,94,0,0,94,0.0,0.0,41.824,-71.4128,2024,2,26,20
2024-02-26 21:00:00,0.0,0.0,0.0,0.0,2.9,85,11.3,233,1015.9,99,0,0,99,0.0,0.0,41.824,-71.4128,2024,2,26,21
2024-02-26 22:00:00,0.0,0.0,0.0,0.0,2.2,87,8.8,235,1016.8,94,0,0,94,0.0,0.0,41.824,-71.4128,2024,2,26,22
2024-02-26 23:00:00,0.0,0.0,0.0,0.0,1.4,89,6.1,242,1017.3,97,0,0,97,0.0,0.0,41.824,-71.4128,2024,2,26,23
2024-02-27 00:00:00,0.0,0.0,0.0,0.0,0.0,93,8.5,258,1017.6,96,0,0,96,0.0,0.0,41.824,-71.4128,2024,2,27,0
2024-02-27 01:00:00,0.0,0.0,0.0,0.0,-0.6,94,7.6,289,1017.7,2,0,0,2,0.0,0.0,41.824,-71.4128,2024,2,27,1
2024-02-27 02:00:00,0.0,0.0,0.0,0.0,-0.7,94,5.4,262,1018.0,7,0,0,7,0.0,0.0,41.824,-71.4128,2024,2,27,2
2024-02-27 03:00:00,0.0,0.0,0.0,0.0,-1.1,95,1.8,323,1018.0,23,0,0,23,0.0,0.0,41.824,-71.4128,2024,2,27,3
2024-02-27 04:00:00,0.0,0.0,0.0,0.0,-1.6,96,0.8,333,1017.8,63,0,0,63,0.0,0.0,41.824,-71.4128,2024,2,27,4
2024-02-27 05:00:00,0.0,0.0,0.0,0.0,-1.7,97,5.6,63,1017.7,19,0,0,19,0.0,0.0,41.824,-71.4128,2024,2,27,5
2024-02-27 06:00:00,0.0,0.0,0.0,0.0,-1.3,100,6.6,135,1018.0,99,96,0,78,0.0,0.0,41.824,-71.4128,2024,2,27,6
2024-02-27 07:00:00,0.0,0.0,0.0,0.0,-0.7,100,6.2,190,1017.9,99,97,0,78,0.0,0.0,41.824,-71.4128,2024,2,27,7
2024-02-27 08:00:00,13.0,4.0,9.0,59.1,-0.7,100,6.4,164,1018.0,100,100,0,87,0.0,339.89,41.824,-71.4128,2024,2,27,8
2024-02-27 09:00:00,94.0,21.0,73.0,112.0,1.9,96,4.0,170,1019.0,100,100,0,28,0.0,1559.61,41.824,-71.4128,2024,2,27,9
2024-02-27 10:00:00,189.0,33.0,156.0,93.4,3.6,97,8.7,163,1019.1,100,100,0,23,0.0,1002.76,41.824,-71.4128,2024,2,27,10
2024-02-27 11:00:00,299.0,80.0,219.0,163.9,6.6,86,8.6,158,1018.6,78,14,0,74,0.0,3115.96,41.824,-71.4128,2024,2,27,11
2024-02-27 12:00:00,571.0,465.0,106.0,797.2,9.8,76,11.1,151,1017.9,47,0,0,47,0.0,3600.0,41.824,-71.4128,2024,2,27,12
2024-02-27 13:00:00,630.0,528.0,102.0,835.5,11.5,71,14.2,153,1016.9,31,0,4,28,0.0,3600.0,41.824,-71.4128,2024,2,27,13
2024-02-27 14:00:00,621.0,518.0,103.0,821.0,12.2,71,15.8,156,1016.1,41,0,1,40,0.0,3600.0,41.824,-71.4128,2024,2,27,14
2024-02-27 15:00:00,569.0,477.0,92.0,821.9,12.8,73,16.3,158,1015.6,4,0,4,0,0.0,3600.0,41.824,-71.4128,2024,2,27,15
2024-02-27 16:00:00,451.0,366.0,85.0,756.9,12.8,72,17.0,163,1015.2,9,0,9,0,0.0,3600.0,41.824,-71.4128,2024,2,27,16
2024-02-27 17:00:00,289.0,219.0,70.0,630.7,11.4,75,15.0,156,1014.8,5,0,1,5,0.0,3600.0,41.824,-71.4128,2024,2,27,17
2024-02-27 18:00:00,133.0,90.0,43.0,498.1,9.4,79,14.9,173,1014.9,6,0,0,6,0.0,3600.0,41.824,-71.4128,2024,2,27,18
2024-02-27 19:00:00,11.0,5.0,6.0,77.9,7.3,89,15.5,177,1015.0,47,0,0,47,0.0,721.37,41.824,-71.4128,2024,2,27,19
2024-02-27 20:00:00,0.0,0.0,0.0,0.0,7.2,94,15.1,183,1015.1,100,16,3,100,0.0,0.0,41.824,-71.4128,2024,2,27,20
2024-02-27 21:00:00,0.0,0.0,0.0,0.0,7.4,95,15.5,185,1014.7,100,0,94,100,0.0,0.0,41.824,-71.4128,2024,2,27,21
2024-02-27 22:00:00,0.0,0.0,0.0,0.0,9.7,94,17.5,199,1014.9,100,20,80,100,0.0,0.0,41.824,-71.4128,2024,2,27,22
2024-02-27 23:00:00,0.0,0.0,0.0,0.0,10.1,93,15.8,197,1014.5,100,42,99,100,0.3,0.0,41.824,-71.4128,2024,2,27,23
2024-02-28 00:00:00,0.0,0.0,0.0,0.0,9.9,93,20.0,194,1014.1,100,48,99,55,1.2,0.0,41.824,-71.4128,2024,2,28,0
2024-02-28 01:00:00,0.0,0.0,0.0,0.0,9.9,95,20.2,184,1013.5,100,100,97,97,1.7,0.0,41.824,-71.4128,2024,2,28,1
2024-02-28 02:00:00,0.0,0.0,0.0,0.0,9.8,96,20.4,188,1012.7,100,100,100,0,0.4,0.0,41.824,-71.4128,2024,2,28,2
2024-02-28 03:00:00,0.0,0.0,0.0,0.0,9.5,97,18.0,180,1012.3,100,100,100,37,0.9,0.0,41.824,-71.4128,2024,2,28,3
2024-02-28 04:00:00,0.0,0.0,0.0,0.0,9.0,97,15.6,173,1011.3,100,100,100,99,1.5,0.0,41.824,-71.4128,2024,2,28,4
2024-02-28 05:00:00,0.0,0.0,0.0,0.0,9.3,97,17.3,181,1010.3,100,100,100,96,0.6,0.0,41.824,-71.4128,2024,2,28,5
2024-02-28 06:00:00,0.0,0.0,0.0,0.0,10.1,96,19.8,192,1009.3,100,100,100,84,0.3,0.0,41.824,-71.4128,2024,2,28,6
2024-02-28 07:00:00,0.0,0.0,0.0,0.0,10.1,96,19.1,182,1009.1,100,100,100,63,0.7,0.0,41.824,-71.4128,2024,2,28,7
2024-02-28 08:00:00,2.0,0.0,2.0,0.0,10.2,96,20.5,182,1008.7,100,100,100,100,1.0,0.0,41.824,-71.4128,2024,2,28,8
2024-02-28 09:00:00,25.0,0.0,25.0,0.0,11.1,96,20.6,184,1007.7,100,100,30,99,1.3,0.0,41.824,-71.4128,2024,2,28,9
2024-02-28 10:00:00,60.0,0.0,60.0,0.0,11.0,97,21.3,184,1007.0,100,100,91,100,0.2,0.0,41.824,-71.4128,2024,2,28,10
2024-02-28 11:00:00,70.0,0.0,70.0,0.0,11.2,97,19.2,188,1006.3,100,100,99,100,0.3,0.0,41.824,-71.4128,2024,2,28,11
2024-02-28 12:00:00,168.0,7.0,161.0,11.9,12.1,93,24.5,190,1005.7,100,100,12,99,0.2,0.0,41.824,-71.4128,2024,2,28,12
2024-02-28 13:00:00,238.0,22.0,216.0,34.5,13.1,89,24.1,194,1005.3,100,100,22,100,0.0,0.0,41.824,-71.4128,2024,2,28,13
2024-02-28 14:00:00,389.0,91.0,298.0,143.1,14.8,79,26.6,196,1003.9,100,27,9,100,0.1,2492.8,41.824,-71.4128,2024,2,28,14
2024-02-28 15:00:00,466.0,234.0,232.0,399.9,14.8,78,23.9,186,1003.2,100,68,100,100,0.1,3600.0,41.824,-71.4128,2024,2,28,15
2024-02-28 16:00:00,94.0,0.0,94.0,0.0,13.0,81,28.6,197,1002.8,100,17,63,99,0.1,0.0,41.824,-71.4128,2024,2,28,16
2024-02-28 17:00:00,169.0,35.0,134.0,99.6,13.8,80,26.1,198,1002.1,100,10,90,100,0.1,1186.65,41.824,-71.4128,2024,2,28,17
2024-02-28 18:00:00,56.0,6.0,50.0,32.5,12.7,83,25.9,190,1001.3,100,18,59,100,0.1,0.0,41.824,-71.4128,2024,2,28,18
2024-02-28 19:00:00,6.0,0.0,6.0,0.0,11.9,86,26.9,200,1001.1,100,98,85,100,0.2,0.0,41.824,-71.4128,2024,2,28,19
2024-02-28 20:00:00,0.0,0.0,0.0,0.0,11.4,88,27.2,198,1000.6,100,32,100,100,0.2,0.0,41.824,-71.4128,2024,2,28,20
2024-02-28 21:00:00,0.0,0.0,0.0,0.0,11.0,95,22.0,195,998.4,100,10,9,100,0.4,0.0,41.824,-71.4128,2024,2,28,21
2024-02-28 22:00:00,0.0,0.0,0.0,0.0,11.4,93,25.8,205,998.6,100,89,97,100,0.0,0.0,41.824,-71.4128,2024,2,28,22
2024-02-28 23:00:00,0.0,0.0,0.0,0.0,11.9,93,27.9,213,997.4,100,70,100,100,0.2,0.0,41.824,-71.4128,2024,2,28,23
2024-02-29 00:00:00,0.0,0.0,0.0,0.0,10.6,95,35.2,288,999.4,100,61,37,100,2.4,0.0,41.824,-71.4128,2024,2,29,0
2024-02-29 01:00:00,0.0,0.0,0.0,0.0,2.5,93,30.3,298,1003.6,100,2,100,100,1.4,0.0,41.824,-71.4128,2024,2,29,1
2024-02-29 02:00:00,0.0,0.0,0.0,0.0,1.2,80,29.5,297,1005.0,100,5,100,100,1.7,0.0,41.824,-71.4128,2024,2,29,2
2024-02-29 03:00:00,0.0,0.0,0.0,0.0,0.0,55,30.1,299,1007.2,100,3,100,0,0.2,0.0,41.824,-71.4128,2024,2,29,3
2024-02-29 04:00:00,0.0,0.0,0.0,0.0,-1.6,41,32.4,302,1009.6,2,2,0,0,0.0,0.0,41.824,-71.4128,2024,2,29,4
2024-02-29 05:00:00,0.0,0.0,0.0,0.0,-3.2,40,23.0,299,1012.0,0,0,0,0,0.0,0.0,41.824,-71.4128,2024,2,29,5
2024-02-29 06:00:00,0.0,0.0,0.0,0.0,-4.3,41,18.2,300,1014.2,0,0,0,0,0.0,0.0,41.824,-71.4128,2024,2,29,6
2024-02-29 07:00:00,0.0,0.0,0.0,0.0,-4.9,42,18.1,301,1016.1,0,0,0,0,0.0,0.0,41.824,-71.4128,2024,2,29,7
2024-02-29 08:00:00,19.0,11.0,8.0,150.8,-5.0,41,18.5,303,1018.4,0,0,0,0,0.0,2041.1,41.824,-71.4128,2024,2,29,8
2024-02-29 09:00:00,166.0,119.0,47.0,601.2,-2.2,39,21.1,295,1019.3,0,0,0,0,0.0,3600.0,41.824,-71.4128,2024,2,29,9
2024-02-29 10:00:00,355.0,287.0,68.0,788.9,-1.6,39,24.5,296,1020.7,1,1,0,0,0.0,3600.0,41.824,-71.4128,2024,2,29,10
2024-02-29 11:00:00,519.0,436.0,83.0,874.1,-0.2,33,28.2,289,1021.0,26,26,4,0,0.0,3600.0,41.824,-71.4128,2024,2,29,11
2024-02-29 12:00:00,643.0,559.0,84.0,941.4,0.2,35,28.0,290,1021.2,78,62,74,0,0.0,3600.0,41.824,-71.4128,2024,2,29,12
2024-02-29 13:00:00,431.0,233.0,198.0,362.8,0.2,36,24.7,278,1021.4,100,80,100,0,0.0,3600.0,41.824,-71.4128,2024,2,29,13
2024-02-29 14:00:00,272.0,6.0,266.0,9.4,-0.2,39,22.0,281,1021.6,78,74,76,0,0.0,0.0,41.824,-71.4128,2024,2,29,14
2024-02-29 15:00:00,410.0,187.0,223.0,317.0,0.6,35,26.1,281,1021.0,71,34,70,0,0.0,3600.0,41.824,-71.4128,2024,2,29,15
2024-02-29 16:00:00,380.0,168.0,212.0,341.0,0.9,33,24.8,279,1021.1,64,7,64,0,0.0,3600.0,41.824,-71.4128,2024,2,29,16
2024-02-29 17:00:00,318.0,215.0,103.0,604.2,0.5,35,23.3,278,1021.9,88,16,88,0,0.0,3600.0,41.824,-71.4128,2024,2,29,17
2024-02-29 18:00:00,133.0,66.0,67.0,349.5,-0.3,37,18.2,278,1022.8,5,0,5,0,0.0,3600.0,41.824,-71.4128,2024,2,29,18
2024-02-29 19:00:00,15.0,8.0,7.0,117.2,-1.7,40,14.6,290,1024.3,1,0,1,0,0.0,1588.01,41.824,-71.4128,2024,2,29,19
2024-02-29 20:00:00,0.0,0.0,0.0,0.0,-2.6,41,16.8,298,1025.6,0,0,0,0,0.0,0.0,41.824,-71.4128,2024,2,29,20
2024-02-29 21:00:00,0.0,0.0,0.0,0.0,-2.4,44,18.7,300,1026.0,0,0,0,0,0.0,0.0,41.824,-71.4128,2024,2,29,21
2024-02-29 22:00:00,0.0,0.0,0.0,0.0,-2.8,43,18.8,299,1026.9,3,3,0,0,0.0,0.0,41.824,-71.4128,2024,2,29,22
2024-02-29 23:00:00,0.0,0.0,0.0,0.0,-3.3,45,16.9,297,1027.8,1,1,0,0,0.0,0.0,41.824,-71.4128,2024,2,29,23
2024-03-01 00:00:00,0.0,0.0,0.0,0.0,-3.7,47,13.0,294,1028.3,2,2,1,0,0.0,0.0,41.824,-71.4128,2024,3,1,0
2024-03-01 01:00:00,0.0,0.0,0.0,0.0,-4.0,49,12.4,296,1029.0,15,15,0,0,0.0,0.0,41.824,-71.4128,2024,3,1,1
2024-03-01 02:00:00,0.0,0.0,0.0,0.0,-4.3,51,11.3,292,1030.1,14,14,0,0,0.0,0.0,41.824,-71.4128,2024,3,1,2
2024-03-01 03:00:00,0.0,0.0,0.0,0.0,-4.5,54,10.0,291,1030.7,10,10,0,0,0.0,0.0,41.824,-71.4128,2024,3,1,3
2024-03-01 04:00:00,0.0,0.0,0.0,0.0,-4.8,57,9.5,299,1031.0,2,2,0,0,0.0,0.0,41.824,-71.4128,2024,3,1,4
2024-03-01 05:00:00,0.0,0.0,0.0,0.0,-5.3,61,8.6,303,1031.8,0,0,0,0,0.0,0.0,41.824,-71.4128,2024,3,1,5
2024-03-01 06:00:00,0.0,0.0,0.0,0.0,-5.4,64,6.4,297,1032.6,0,0,0,0,0.0,0.0,41.824,-71.4128,2024,3,1,6
2024-03-01 07:00:00,0.0,0.0,0.0,0.0,-5.4,69,3.7,259,1033.6,68,0,7,67,0.0,0.0,41.824,-71.4128,2024,3,1,7
2024-03-01 08:00:00,18.0,7.0,11.0,92.6,-4.8,68,5.4,217,1034.5,96,0,10,96,0.0,1134.86,41.824,-71.4128,2024,3,1,8
2024-03-01 09:00:00,127.0,45.0,82.0,221.4,-2.6,53,7.3,237,1035.4,100,1,17,100,0.0,3600.0,41.824,-71.4128,2024,3,1,9
2024-03-01 10:00:00,225.0,49.0,176.0,132.7,-1.3,44,9.2,249,1035.5,98,0,7,98,0.0,2182.16,41.824,-71.4128,2024,3,1,10
2024-03-01 11:00:00,388.0,169.0,219.0,335.2,0.4,40,10.6,246,1035.6,94,0,10,93,0.0,3600.0,41.824,-71.4128,2024,3,1,11
2024-03-01 12:00:00,529.0,307.0,222.0,512.5,1.9,38,12.1,243,1035.5,71,0,0,71,0.0,3600.0,41.824,-71.4128,2024,3,1,12
2024-03-01 13:00:00,652.0,517.0,135.0,798.6,3.5,38,13.1,238,1034.8,32,0,1,32,0.0,3600.0,41.824,-71.4128,2024,3,1,13
2024-03-01 14:00:00,668.0,569.0,99.0,880.9,4.8,35,14.0,235,1033.9,7,0,0,7,0.0,3600.0,41.824,-71.4128,2024,3,1,14
2024-03-01 15:00:00,609.0,520.0,89.0,874.4,5.6,36,13.8,227,1033.1,0,0,0,0,0.0,3600.0,41.824,-71.4128,2024,3,1,15
2024-03-01 16:00:00,491.0,411.0,80.0,826.6,5.3,40,15.3,219,1032.9,2,0,0,2,0.0,3600.0,41.824,-71.4128,2024,3,1,16
2024-03-01 17:00:00,330.0,262.0,68.0,727.5,4.5,43,15.9,219,1032.8,0,0,0,0,0.0,3600.0,41.824,-71.4128,2024,3,1,17
2024-03-01 18:00:00,150.0,104.0,46.0,539.2,2.9,52,13.8,208,1033.3,0,0,0,0,0.0,3600.0,41.824,-71.4128,2024,3,1,18
2024-03-01 19:00:00,15.0,7.0,8.0,99.6,0.6,61,12.4,206,1033.6,96,0,0,96,0.0,1233.77,41.824,-71.4128,2024,3,1,19
2024-03-01 20:00:00,0.0,0.0,0.0,0.0,-0.4,66,11.9,209,1034.1,85,0,0,85,0.0,0.0,41.824,-71.4128,2024,3,1,20
2024-03-01 21:00:00,0.0,0.0,0.0,0.0,-0.9,73,11.1,209,1034.0,100,0,0,100,0.0,0.0,41.824,-71.4128,2024,3,1,21
2024-03-01 22:00:00,0.0,0.0,0.0,0.0,-0.9,76,11.1,209,1034.1,100,0,0,100,0.0,0.0,41.824,-71.4128,2024,3,1,22
2024-03-01 23:00:00,0.0,0.0,0.0,0.0,-0.9,76,10.9,214,1033.8,100,0,0,100,0.0,0.0,41.824,-71.4128,2024,3,1,23
2024-03-02 00:00:00,0.0,0.0,0.0,0.0,-0.7,75,11.2,220,1033.7,100,0,0,100,0.0,0.0,41.824,-71.4128,2024,3,2,0
2024-03-02 01:00:00,0.0,0.0,0.0,0.0,-0.3,77,11.0,221,1033.5,100,0,0,100,0.0,0.0,41.824,-71.4128,2024,3,2,1
2024-03-02 02:00:00,0.0,0.0,0.0,0.0,-0.1,81,10.3,216,1033.5,100,0,0,100,0.0,0.0,41.824,-71.4128,2024,3,2,2
2024-03-02 03:00:00,0.0,0.0,0.0,0.0,-0.1,85,8.7,204,1032.9,100,0,76,100,0.0,0.0,41.824,-71.4128,2024,3,2,3
2024-03-02 04:00:00,0.0,0.0,0.0,0.0,0.2,88,9.2,206,1032.5,100,0,95,100,0.0,0.0,41.824,-71.4128,2024,3,2,4
2024-03-02 05:00:00,0.0,0.0,0.0,0.0,0.4,89,8.7,204,1032.4,100,9,97,100,0.0,0.0,41.824,-71.4128,2024,3,2,5
2024-03-02 06:00:00,0.0,0.0,0.0,0.0,1.2,90,9.0,196,1032.2,100,82,100,100,0.0,0.0,41.824,-71.4128,2024,3,2,6
2024-03-02 07:00:00,0.0,0.0,0.0,0.0,1.9,91,8.8,199,1032.2,100,25,100,100,0.0,0.0,41.824,-71.4128,2024,3,2,7
2024-03-02 08:00:00,4.0,0.0,4.0,0.0,2.3,92,8.0,185,1032.1,100,0,100,100,0.0,0.0,41.824,-71.4128,2024,3,2,8
2024-03-02 09:00:00,47.0,1.0,46.0,4.8,3.3,93,10.0,167,1032.1,100,1,80,100,0.0,0.0,41.824,-71.4128,2024,3,2,9
2024-03-02 10:00:00,195.0,26.0,169.0,69.4,5.6,87,9.8,156,1031.2,100,25,100,100,0.1,282.63,41.824,-71.4128,2024,3,2,10
2024-03-02 11:00:00,212.0,4.0,208.0,7.9,6.7,84,14.1,161,1030.8,100,54,74,100,0.1,0.0,41.824,-71.4128,2024,3,2,11
2024-03-02 12:00:00,319.0,56.0,263.0,92.7,7.9,81,16.2,163,1030.0,100,100,100,100,0.2,979.84,41.824,-71.4128,2024,3,2,12
2024-03-02 13:00:00,198.0,10.0,188.0,15.3,7.4,87,11.8,157,1029.3,100,100,100,100,0.3,0.0,41.824,-71.4128,2024,3,2,13
2024-03-02 14:00:00,103.0,0.0,103.0,0.0,6.9,93,10.8,150,1028.4,100,100,100,100,0.5,0.0,41.824,-71.4128,2024,3,2,14
2024-03-02 15:00:00,99.0,0.0,99.0,0.0,7.1,94,10.5,142,1027.3,100,100,100,100,0.6,0.0,41.824,-71.4128,2024,3,2,15
2024-03-02 16:00:00,94.0,0.0,94.0,0.0,7.4,95,11.0,148,1026.3,100,100,100,100,0.4,0.0,41.824,-71.4128,2024,3,2,16
2024-03-02 17:00:00,93.0,0.0,93.0,0.0,7.7,96,12.1,150,1025.9,100,100,100,100,0.7,0.0,41.824,-71.4128,2024,3,2,17
2024-03-02 18:00:00,19.0,0.0,19.0,0.0,7.2,97,12.3,142,1025.5,100,100,100,100,1.6,0.0,41.824,-71.4128,2024,3,2,18
2024-03-02 19:00:00,2.0,0.0,2.0,0.0,7.0,97,10.5,142,1025.0,100,100,100,95,2.2,0.0,41.824,-71.4128,2024,3,2,19
2024-03-02 20:00:00,0.0,0.0,0.0,0.0,7.1,97,9.2,129,1024.2,100,100,100,100,1.7,0.0,41.824,-71.4128,2024,3,2,20
2024-03-02 21:00:00,0.0,0.0,0.0,0.0,7.8,97,10.7,110,1022.4,100,100,100,87,3.2,0.0,41.824,-71.4128,2024,3,2,21
2024-03-02 22:00:00,0.0,0.0,0.0,0.0,8.4,96,15.6,119,1020.7,100,100,100,54,4.4,0.0,41.824,-71.4128,2024,3,2,22
2024-03-02 23:00:00,0.0,0.0,0.0,0.0,8.7,97,21.5,140,1019.2,100,100,100,23,6.6,0.0,41.824,-71.4128,2024,3,2,23
2024-03-03 00:00:00,0.0,0.0,0.0,0.0,8.6,98,17.0,159,1018.4,100,100,100,0,6.3,0.0,41.824,-71.4128,2024,3,3,0
2024-03-03 01:00:00,0.0,0.0,0.0,0.0,8.7,98,14.4,183,1017.9,100,100,100,0,3.1,0.0,41.824,-71.4128,2024,3,3,1
2024-03-03 02:00:00,0.0,0.0,0.0,0.0,8.5,99,13.6,168,1017.5,100,100,32,0,1.2,0.0,41.824,-71.4128,2024,3,3,2
2024-03-03 03:00:00,0.0,0.0,0.0,0.0,8.3,99,10.0,159,1016.6,100,100,62,0,0.2,0.0,41.824,-71.4128,2024,3,3,3
2024-03-03 04:00:00,0.0,0.0,0.0,0.0,7.8,100,4.6,135,1015.9,100,100,0,0,0.1,0.0,41.824,-71.4128,2024,3,3,4
2024-03-03 05:00:00,0.0,0.0,0.0,0.0,7.3,100,1.5,14,1016.1,100,100,0,0,0.0,0.0,41.824,-71.4128,2024,3,3,5
2024-03-03 06:00:00,0.0,0.0,0.0,0.0,7.8,99,8.3,360,1016.1,100,100,0,0,0.0,0.0,41.824,-71.4128,2024,3,3,6
2024-03-03 07:00:00,0.0,0.0,0.0,0.0,7.4,98,13.6,343,1016.6,100,100,0,0,0.0,0.0,41.824,-71.4128,2024,3,3,7
2024-03-03 08:00:00,5.0,0.0,5.0,0.0,6.8,98,14.5,341,1017.1,100,100,1,0,0.0,0.0,41.824,-71.4128,2024,3,3,8
2024-03-03 09:00:00,53.0,1.0,52.0,4.7,7.6,96,16.1,331,1017.9,100,100,4,0,0.0,0.0,41.824,-71.4128,2024,3,3,9
2024-03-03 10:00:00,94.0,0.0,94.0,0.0,7.8,93,16.1,331,1018.5,100,100,0,0,0.0,0.0,41.824,-71.4128,2024,3,3,10
2024-03-03 11:00:00,202.0,18.0,184.0,35.0,8.6,88,19.9,338,1018.7,100,100,0,0,0.0,0.0,41.824,-71.4128,2024,3,3,11
2024-03-03 12:00:00,311.0,46.0,265.0,75.5,10.2,80,19.2,343,1018.8,100,100,0,0,0.0,463.62,41.824,-71.4128,2024,3,3,12
2024-03-03 13:00:00,276.0,45.0,231.0,68.4,11.3,76,18.9,346,1019.1,100,100,0,0,0.0,252.57,41.824,-71.4128,2024,3,3,13
2024-03-03 14:00:00,312.0,34.0,278.0,51.8,12.4,71,19.2,347,1019.1,100,100,0,0,0.0,0.0,41.824,-71.4128,2024,3,3,14
2024-03-03 15:00:00,268.0,22.0,246.0,36.4,13.5,65,17.9,345,1018.9,100,100,0,0,0.0,0.0,41.824,-71.4128,2024,3,3,15
2024-03-03 16:00:00,259.0,70.0,189.0,138.3,14.4,62,16.8,345,1019.1,100,100,0,0,0.0,2348.35,41.824,-71.4128,2024,3,3,16
2024-03-03 17:00:00,184.0,48.0,136.0,130.2,14.4,62,13.9,350,1019.3,64,64,0,0,0.0,2105.65,41.824,-71.4128,2024,3,3,17
2024-03-03 18:00:00,104.0,24.0,80.0,119.4,13.3,69,7.8,13,1019.8,100,100,0,0,0.0,1782.62,41.824,-71.4128,2024,3,3,18
2024-03-03 19:00:00,12.0,1.0,11.0,13.5,11.5,76,5.4,8,1020.5,13,13,0,0,0.0,0.0,41.824,-71.4128,2024,3,3,19
2024-03-03 20:00:00,0.0,0.0,0.0,0.0,9.6,83,10.9,44,1021.8,3,3,0,0,0.0,0.0,41.824,-71.4128,2024,3,3,20
2024-03-03 21:00:00,0.0,0.0,0.0,0.0,8.2,90,7.4,166,1022.2,13,13,0,0,0.0,0.0,41.824,-71.4128,2024,3,3,21
2024-03-03 22:00:00,0.0,0.0,0.0,0.0,7.9,91,6.4,227,1023.0,54,54,0,0,0.0,0.0,41.824,-71.4128,2024,3,3,22
2024-03-03 23:00:00,0.0,0.0,0.0,0.0,6.9,93,4.3,265,1023.5,100,100,0,0,0.0,0.0,41.824,-71.4128,2024,3,3,23
2024-03-04 00:00:00,0.0,0.0,0.0,0.0,7.3,94,6.2,306,1023.7,38,38,0,0,0.0,0.0,41.824,-71.4128,2024,3,4,0
2024-03-04 01:00:00,0.0,0.0,0.0,0.0,6.0,97,6.9,313,1023.8,3,3,0,0,0.0,0.0,41.824,-71.4128,2024,3,4,1
2024-03-04 02:00:00,0.0,0.0,0.0,0.0,4.7,98,6.9,317,1024.3,0,0,0,0,0.0,0.0,41.824,-71.4128,2024,3,4,2
2024-03-04 03:00:00,0.0,0.0,0.0,0.0,4.6,97,8.6,327,1024.6,0,0,0,0,0.0,0.0,41.824,-71.4128,2024,3,4,3
2024-03-04 04:00:00,0.0,0.0,0.0,0.0,4.4,96,8.1,328,1024.8,0,0,0,0,0.0,0.0,41.824,-71.4128,2024,3,4,4
2024-03-04 05:00:00,0.0,0.0,0.0,0.0,3.9,97,7.3,349,1025.4,0,0,0,0,0.0,0.0,41.824,-71.4128,2024,3,4,5
2024-03-04 06:00:00,0.0,0.0,0.0,0.0,3.7,97,8.6,15,1026.1,4,4,0,0,0.0,0.0,41.824,-71.4128,2024,3,4,6
2024-03-04 07:00:00,0.0,0.0,0.0,0.0,3.5,97,8.5,12,1027.0,22,22,0,0,0.0,0.0,41.824,-71.4128,2024,3,4,7
2024-03-04 08:00:00,24.0,11.0,13.0,131.4,4.2,97,8.6,2,1027.8,84,84,0,0,0.0,2232.91,41.824,-71.4128,2024,3,4,8
2024-03-04 09:00:00,91.0,11.0,80.0,50.2,7.5,89,5.1,356,1028.7,100,100,0,0,0.0,0.0,41.824,-71.4128,2024,3,4,9
2024-03-04 10:00:00,258.0,108.0,150.0,280.3,9.6,82,4.5,29,1029.2,94,94,0,0,0.0,3600.0,41.824,-71.4128,2024,3,4,10
2024-03-04 11:00:00,439.0,268.0,171.0,515.1,12.0,72,9.2,45,1029.3,96,96,0,0,0.0,3600.0,41.824,-71.4128,2024,3,4,11
2024-03-04 12:00:00,513.0,304.0,209.0,494.4,13.2,67,10.2,51,1029.2,92,92,0,0,0.0,3600.0,41.824,-71.4128,2024,3,4,12
2024-03-04 13:00:00,449.0,215.0,234.0,324.4,13.8,63,10.4,56,1028.6,93,93,0,0,0.0,3600.0,41.824,-71.4128,2024,3,4,13
2024-03-04 14:00:00,488.0,267.0,221.0,404.1,14.2,61,11.1,61,1028.1,99,99,0,0,0.0,3600.0,41.824,-71.4128,2024,3,4,14
2024-03-04 15:00:00,460.0,199.0,261.0,326.8,14.0,61,11.9,65,1028.0,99,99,0,0,0.0,3600.0,41.824,-71.4128,2024,3,4,15
2024-03-04 16:00:00,338.0,114.0,224.0,223.2,13.0,64,12.0,69,1028.0,100,100,0,0,0.0,3600.0,41.824,-71.4128,2024,3,4,16
2024-03-04 17:00:00,223.0,57.0,166.0,152.8,11.6,71,13.3,71,1028.1,100,100,0,0,0.0,2785.2,41.824,-71.4128,2024,3,4,17
2024-03-04 18:00:00,72.0,7.0,65.0,34.1,9.4,80,13.1,58,1028.7,100,100,0,0,0.0,0.0,41.824,-71.4128,2024,3,4,18
2024-03-04 19:00:00,7.0,1.0,6.0,13.1,7.5,87,11.7,43,1029.1,100,100,0,46,0.0,0.0,41.824,-71.4128,2024,3,4,19
2024-03-04 20:00:00,0.0,0.0,0.0,0.0,6.8,88,10.2,39,1029.2,100,100,0,100,0.0,0.0,41.824,-71.4128,2024,3,4,20
2024-03-04 21:00:00,0.0,0.0,0.0,0.0,4.9,86,12.0,39,1029.1,100,100,0,100,0.0,0.0,41.824,-71.4128,2024,3,4,21
2024-03-04 22:00:00,0.0,0.0,0.0,0.0,4.7,88,10.1,55,1029.2,100,100,0,100,0.0,0.0,41.824,-71.4128,2024,3,4,22
2024-03-04 23:00:00,0.0,0.0,0.0,0.0,4.7,90,8.3,56,1029.0,100,100,0,93,0.0,0.0,41.824,-71.4128,2024,3,4,23
2024-03-05 00:00:00,0.0,0.0,0.0,0.0,4.7,90,7.4,47,1028.5,100,100,0,100,0.0,0.0,41.824,-71.4128,2024,3,5,0
2024-03-05 01:00:00,0.0,0.0,0.0,0.0,4.6,91,6.4,52,1028.0,100,100,0,96,0.0,0.0,41.824,-71.4128,2024,3,5,1
2024-03-05 02:00:00,0.0,0.0,0.0,0.0,4.6,91,6.4,47,1027.7,100,100,0,100,0.0,0.0,41.824,-71.4128,2024,3,5,2
2024-03-05 03:00:00,0.0,0.0,0.0,0.0,4.7,90,6.9,47,1026.9,100,100,0,100,0.0,0.0,41.824,-71.4128,2024,3,5,3
2024-03-05 04:00:00,0.0,0.0,0.0,0.0,4.7,91,6.4,47,1026.5,100,100,0,91,0.0,0.0,41.824,-71.4128,2024,3,5,4
2024-03-05 05:00:00,0.0,0.0,0.0,0.0,4.7,92,7.1,45,1026.1,100,100,1,14,0.0,0.0,41.824,-71.4128,2024,3,5,5
2024-03-05 06:00:00,0.0,0.0,0.0,0.0,4.6,94,6.9,51,1025.7,100,100,51,95,0.0,0.0,41.824,-71.4128,2024,3,5,6
2024-03-05 07:00:00,0.0,0.0,0.0,0.0,4.7,95,7.7,49,1025.6,100,100,100,100,0.0,0.0,41.824,-71.4128,2024,3,5,7
2024-03-05 08:00:00,4.0,0.0,4.0,0.0,4.9,94,6.1,40,1026.0,100,100,100,100,0.0,0.0,41.824,-71.4128,2024,3,5,8
2024-03-05 09:00:00,42.0,0.0,42.0,0.0,4.5,90,8.7,52,1026.0,100,100,100,100,0.0,0.0,41.824,-71.4128,2024,3,5,9
2024-03-05 10:00:00,74.0,0.0,74.0,0.0,5.2,88,9.7,59,1025.4,100,100,100,99,0.0,0.0,41.824,-71.4128,2024,3,5,10
2024-03-05 11:00:00,156.0,8.0,148.0,15.2,6.5,83,10.8,60,1024.5,100,100,100,100,0.1,0.0,41.824,-71.4128,2024,3,5,11
2024-03-05 12:00:00,77.0,0.0,77.0,0.0,6.3,88,11.1,61,1023.7,100,100,100,100,0.4,0.0,41.824,-71.4128,2024,3,5,12
2024-03-05 13:00:00,156.0,2.0,154.0,3.0,7.1,87,12.7,65,1022.7,100,100,100,100,0.0,0.0,41.824,-71.4128,2024,3,5,13
2024-03-05 14:00:00,153.0,1.0,152.0,1.5,7.4,90,11.0,71,1021.7,100,100,100,100,0.5,0.0,41.824,-71.4128,2024,3,5,14
2024-03-05 15:00:00,128.0,2.0,126.0,3.3,7.4,95,11.3,83,1020.5,100,100,99,72,0.3,0.0,41.824,-71.4128,2024,3,5,15
2024-03-05 16:00:00,91.0,7.0,84.0,13.6,7.4,95,9.6,77,1019.4,100,100,98,100,0.2,0.0,41.824,-71.4128,2024,3,5,16
2024-03-05 17:00:00,57.0,1.0,56.0,2.7,7.4,98,8.1,77,1018.7,100,100,1,69,0.2,0.0,41.824,-71.4128,2024,3,5,17
2024-03-05 18:00:00,23.0,0.0,23.0,0.0,7.4,98,8.7,73,1018.0,100,100,0,7,0.1,0.0,41.824,-71.4128,2024,3,5,18
2024-03-05 19:00:00,4.0,0.0,4.0,0.0,7.5,99,7.7,79,1017.0,100,100,0,99,0.1,0.0,41.824,-71.4128,2024,3,5,19
2024-03-05 20:00:00,0.0,0.0,0.0,0.0,7.7,100,5.4,98,1016.7,100,100,76,100,0.1,0.0,41.824,-71.4128,2024,3,5,20
2024-03-05 21:00:00,0.0,0.0,0.0,0.0,6.6,100,6.7,54,1015.7,100,100,86,40,0.0,0.0,41.824,-71.4128,2024,3,5,21
2024-03-05 22:00:00,0.0,0.0,0.0,0.0,7.3,100,9.5,127,1015.0,100,100,93,53,0.5,0.0,41.824,-71.4128,2024,3,5,22
2024-03-05 23:00:00,0.0,0.0,0.0,0.0,8.2,99,14.1,193,1015.1,100,100,95,89,0.5,0.0,41.824,-71.4128,2024,3,5,23
2024-03-06 00:00:00,0.0,0.0,0.0,0.0,7.9,97,11.1,209,1014.8,100,100,82,72,0.2,0.0,41.824,-71.4128,2024,3,6,0
2024-03-06 01:00:00,0.0,0.0,0.0,0.0,7.7,97,9.4,230,1014.9,100,100,33,100,0.0,0.0,41.824,-71.4128,2024,3,6,1
2024-03-06 02:00:00,0.0,0.0,0.0,0.0,7.5,97,8.2,229,1015.3,100,100,12,0,0.0,0.0,41.824,-71.4128,2024,3,6,2
2024-03-06 03:00:00,0.0,0.0,0.0,0.0,7.3,98,7.9,231,1015.5,100,100,3,0,0.0,0.0,41.824,-71.4128,2024,3,6,3
2024-03-06 04:00:00,0.0,0.0,0.0,0.0,7.1,98,7.1,240,1015.6,100,100,0,0,0.0,0.0,41.824,-71.4128,2024,3,6,4
2024-03-06 05:00:00,0.0,0.0,0.0,0.0,7.0,98,6.1,242,1015.7,100,100,0,91,0.0,0.0,41.824,-71.4128,2024,3,6,5
2024-03-06 06:00:00,0.0,0.0,0.0,0.0,6.5,98,4.6,225,1016.1,100,100,0,100,0.0,0.0,41.824,-71.4128,2024,3,6,6
2024-03-06 07:00:00,0.0,0.0,0.0,0.0,6.3,99,5.5,212,1016.8,100,100,0,100,0.0,0.0,41.824,-71.4128,2024,3,6,7
2024-03-06 08:00:00,16.0,1.0,15.0,11.2,6.7,97,7.1,221,1017.1,100,99,0,100,0.0,0.0,41.824,-71.4128,2024,3,6,8
2024-03-06 09:00:00,104.0,15.0,89.0,65.2,7.7,95,7.5,253,1017.3,100,100,0,100,0.0,154.99,41.824,-71.4128,2024,3,6,9
2024-03-06 10:00:00,199.0,27.0,172.0,68.1,9.0,90,4.9,234,1017.3,100,100,2,100,0.0,244.26,41.824,-71.4128,2024,3,6,10
2024-03-06 11:00:00,277.0,46.0,231.0,86.6,10.5,87,4.7,157,1016.9,100,100,1,100,0.0,798.57,41.824,-71.4128,2024,3,6,11
2024-03-06 12:00:00,453.0,154.0,299.0,246.2,12.0,83,9.7,158,1016.9,100,100,5,100,0.0,3600.0,41.824,-71.4128,2024,3,6,12
2024-03-06 13:00:00,415.0,87.0,328.0,129.3,12.0,83,9.7,158,1016.7,100,48,78,100,0.0,2077.7,41.824,-71.4128,2024,3,6,13
2024-03-06 14:00:00,274.0,13.0,261.0,19.4,11.3,85,8.5,144,1016.3,100,64,99,100,0.0,0.0,41.824,-71.4128,2024,3,6,14
2024-03-06 15:00:00,260.0,15.0,245.0,24.3,11.2,85,9.4,133,1015.6,100,38,100,100,0.0,0.0,41.824,-71.4128,2024,3,6,15
2024-03-06 16:00:00,106.0,1.0,105.0,1.9,9.0,91,9.2,135,1015.6,100,70,100,100,0.2,0.0,41.824,-71.4128,2024,3,6,16
2024-03-06 17:00:00,39.0,0.0,39.0,0.0,7.8,98,9.7,138,1015.5,100,64,100,100,1.6,0.0,41.824,-71.4128,2024,3,6,17
2024-03-06 18:00:00,13.0,0.0,13.0,0.0,7.3,99,8.9,140,1014.8,100,96,100,100,1.8,0.0,41.824,-71.4128,2024,3,6,18
2024-03-06 19:00:00,4.0,0.0,4.0,0.0,7.1,99,6.6,139,1014.6,100,100,100,100,0.5,0.0,41.824,-71.4128,2024,3,6,19
2024-03-06 20:00:00,0.0,0.0,0.0,0.0,7.1,99,5.4,132,1014.2,100,100,100,100,0.4,0.0,41.824,-71.4128,2024,3,6,20
2024-03-06 21:00:00,0.0,0.0,0.0,0.0,6.8,99,8.0,95,1013.9,100,100,100,100,0.1,0.0,41.824,-71.4128,2024,3,6,21
2024-03-06 22:00:00,0.0,0.0,0.0,0.0,7.4,99,9.9,71,1013.2,100,100,100,100,0.3,0.0,41.824,-71.4128,2024,3,6,22
2024-03-06 23:00:00,0.0,0.0,0.0,0.0,7.9,98,10.7,40,1012.0,100,100,100,100,1.3,0.0,41.824,-71.4128,2024,3,6,23
2024-03-07 00:00:00,0.0,0.0,0.0,0.0,8.1,98,10.8,26,1011.0,100,100,100,100,4.9,0.0,41.824,-71.4128,2024,3,7,0
2024-03-07 01:00:00,0.0,0.0,0.0,0.0,8.1,98,16.1,48,1009.1,100,100,100,100,4.0,0.0,41.824,-71.4128,2024,3,7,1
2024-03-07 02:00:00,0.0,0.0,0.0,0.0,7.7,98,15.3,47,1007.4,100,100,100,100,5.5,0.0,41.824,-71.4128,2024,3,7,2
2024-03-07 03:00:00,0.0,0.0,0.0,0.0,7.3,98,11.6,22,1006.5,100,100,100,100,6.6,0.0,41.824,-71.4128,2024,3,7,3
2024-03-07 04:00:00,0.0,0.0,0.0,0.0,6.8,97,15.5,356,1006.2,100,100,100,100,1.1,0.0,41.824,-71.4128,2024,3,7,4
2024-03-07 05:00:00,0.0,0.0,0.0,0.0,6.1,95,18.0,1,1006.4,100,100,92,100,0.2,0.0,41.824,-71.4128,2024,3,7,5
2024-03-07 06:00:00,0.0,0.0,0.0,0.0,5.6,96,22.3,360,1006.4,100,100,100,100,0.1,0.0,41.824,-71.4128,2024,3,7,6
2024-03-07 07:00:00,0.0,0.0,0.0,0.0,5.0,97,19.8,12,1007.1,100,100,100,100,0.1,0.0,41.824,-71.4128,2024,3,7,7
2024-03-07 08:00:00,4.0,0.0,4.0,0.0,5.2,96,21.0,12,1007.7,100,100,100,100,0.2,0.0,41.824,-71.4128,2024,3,7,8
2024-03-07 09:00:00,20.0,0.0,20.0,0.0,6.3,96,22.6,14,1007.9,100,100,93,100,0.7,0.0,41.824,-71.4128,2024,3,7,9
2024-03-07 10:00:00,43.0,0.0,43.0,0.0,6.7,93,20.7,13,1008.6,100,100,100,100,0.1,0.0,41.824,-71.4128,2024,3,7,10
2024-03-07 11:00:00,59.0,0.0,59.0,0.0,6.6,95,23.0,17,1009.6,100,100,100,100,0.7,0.0,41.824,-71.4128,2024,3,7,11
2024-03-07 12:00:00,104.0,1.0,103.0,1.6,6.8,94,22.6,14,1010.2,100,100,100,100,0.4,0.0,41.824,-71.4128,2024,3,7,12
2024-03-07 13:00:00,152.0,0.0,152.0,0.0,7.1,90,25.3,20,1010.7,100,100,100,100,0.1,0.0,41.824,-71.4128,2024,3,7,13
2024-03-07 14:00:00,104.0,3.0,101.0,4.4,6.8,89,23.1,15,1011.3,100,100,100,100,0.0,0.0,41.824,-71.4128,2024,3,7,14
2024-03-07 15:00:00,100.0,0.0,100.0,0.0,6.6,86,24.5,14,1011.8,100,100,100,100,0.0,0.0,41.824,-71.4128,2024,3,7,15
2024-03-07 16:00:00,83.0,0.0,83.0,0.0,6.2,84,25.9,16,1012.7,100,100,100,100,0.0,0.0,41.824,-71.4128,2024,3,7,16
2024-03-07 17:00:00,84.0,0.0,84.0,0.0,6.0,83,25.2,14,1013.7,100,100,100,100,0.1,0.0,41.824,-71.4128,2024,3,7,17
2024-03-07 18:00:00,27.0,0.0,27.0,0.0,5.6,83,24.2,11,1014.5,100,100,100,100,0.1,0.0,41.824,-71.4128,2024,3,7,18
2024-03-07 19:00:00,5.0,0.0,5.0,0.0,5.5,79,25.1,16,1015.4,100,81,100,100,0.0,0.0,41.824,-71.4128,2024,3,7,19
2024-03-07 20:00:00,0.0,0.0,0.0,0.0,5.4,76,24.4,19,1016.1,100,22,100,100,0.0,0.0,41.824,-71.4128,2024,3,7,20
2024-03-07 21:00:00,0.0,0.0,0.0,0.0,5.2,75,23.4,14,1016.4,100,29,87,100,0.0,0.0,41.824,-71.4128,2024,3,7,21
2024-03-07 22:00:00,0.0,0.0,0.0,0.0,5.4,66,23.0,14,1017.3,100,26,52,100,0.0,0.0,41.824,-71.4128,2024,3,7,22
2024-03-07 23:00:00,0.0,0.0,0.0,0.0,5.1,68,22.3,9,1017.8,100,11,0,100,0.0,0.0,41.824,-71.4128,2024,3,7,23
2024-03-08 00:00:00,0.0,0.0,0.0,0.0,4.8,67,22.0,11,1018.4,100,22,0,100,0.0,0.0,41.824,-71.4128,2024,3,8,0
2024-03-08 01:00:00,0.0,0.0,0.0,0.0,4.2,66,20.9,11,1019.0,100,13,0,100,0.0,0.0,41.824,-71.4128,2024,3,8,1
2024-03-08 02:00:00,0.0,0.0,0.0,0.0,3.8,67,20.3,12,1019.8,100,0,0,100,0.0,0.0,41.824,-71.4128,2024,3,8,2
2024-03-08 03:00:00,0.0,0.0,0.0,0.0,3.2,67,19.8,12,1019.8,100,0,0,100,0.0,0.0,41.824,-71.4128,2024,3,8,3
2024-03-08 04:00:00,0.0,0.0,0.0,0.0,2.8,66,20.1,10,1019.7,100,0,0,100,0.0,0.0,41.824,-71.4128,2024,3,8,4
2024-03-08 05:00:00,0.0,0.0,0.0,0.0,2.3,62,19.5,12,1020.6,0,0,0,0,0.0,0.0,41.824,-71.4128,2024,3,8,5
2024-03-08 06:00:00,0.0,0.0,0.0,0.0,1.7,63,18.4,12,1021.4,0,0,0,0,0.0,0.0,41.824,-71.4128,2024,3,8,6
2024-03-08 07:00:00,0.0,0.0,0.0,0.0,1.2,66,17.2,11,1022.3,0,0,0,0,0.0,0.0,41.824,-71.4128,2024,3,8,7
2024-03-08 08:00:00,38.0,22.0,16.0,232.2,1.5,67,17.5,8,1022.8,0,0,0,0,0.0,2830.66,41.824,-71.4128,2024,3,8,8
2024-03-08 09:00:00,205.0,150.0,55.0,622.2,3.4,63,17.0,356,1023.8,0,0,0,0,0.0,3600.0,41.824,-71.4128,2024,3,8,9
2024-03-08 10:00:00,394.0,320.0,74.0,786.0,5.0,58,18.7,2,1024.5,0,0,0,0,0.0,3600.0,41.824,-71.4128,2024,3,8,10
2024-03-08 11:00:00,556.0,471.0,85.0,869.3,6.5,55,16.9,11,1024.7,0,0,0,0,0.0,3600.0,41.824,-71.4128,2024,3,8,11
2024-03-08 12:00:00,672.0,582.0,90.0,915.2,8.0,51,16.3,18,1024.9,0,0,0,0,0.0,3600.0,41.824,-71.4128,2024,3,8,12
2024-03-08 13:00:00,732.0,640.0,92.0,936.8,9.1,47,15.9,25,1024.5,1,0,0,1,0.0,3600.0,41.824,-71.4128,2024,3,8,13
2024-03-08 14:00:00,729.0,638.0,91.0,937.8,9.8,41,15.7,37,1023.9,26,0,0,26,0.0,3600.0,41.824,-71.4128,2024,3,8,14
2024-03-08 15:00:00,664.0,577.0,87.0,919.5,9.7,40,14.8,45,1023.9,11,0,0,11,0.0,3600.0,41.824,-71.4128,2024,3,8,15
2024-03-08 16:00:00,542.0,459.0,83.0,868.7,9.0,39,14.4,53,1024.1,82,0,0,82,0.0,3600.0,41.824,-71.4128,2024,3,8,16
2024-03-08 17:00:00,374.0,298.0,76.0,764.7,7.9,39,13.9,59,1024.4,12,0,0,12,0.0,3600.0,41.824,-71.4128,2024,3,8,17
2024-03-08 18:00:00,187.0,136.0,51.0,615.6,6.2,45,10.0,60,1024.7,0,0,0,0,0.0,3600.0,41.824,-71.4128,2024,3,8,18
2024-03-08 19:00:00,28.0,16.0,12.0,190.0,3.3,55,8.3,56,1024.9,0,0,0,0,0.0,2428.94,41.824,-71.4128,2024,3,8,19
2024-03-08 20:00:00,0.0,0.0,0.0,0.0,1.4,73,7.2,53,1025.6,0,0,0,0,0.0,0.0,41.824,-71.4128,2024,3,8,20
2024-03-08 21:00:00,0.0,0.0,0.0,0.0,1.4,71,5.9,79,1026.4,53,0,0,53,0.0,0.0,41.824,-71.4128,2024,3,8,21
2024-03-08 22:00:00,0.0,0.0,0.0,0.0,0.8,74,6.1,93,1026.2,99,0,0,99,0.0,0.0,41.824,-71.4128,2024,3,8,22
2024-03-08 23:00:00,0.0,0.0,0.0,0.0,1.4,68,4.7,148,1026.8,94,0,0,94,0.0,0.0,41.824,-71.4128,2024,3,8,23
2024-03-09 00:00:00,0.0,0.0,0.0,0.0,0.8,71,2.3,252,1027.1,58,0,0,58,0.0,0.0,41.824,-71.4128,2024,3,9,0
2024-03-09 01:00:00,0.0,0.0,0.0,0.0,0.3,72,0.5,315,1026.9,96,0,0,96,0.0,0.0,41.824,-71.4128,2024,3,9,1
2024-03-09 02:00:00,0.0,0.0,0.0,0.0,-1.4,81,7.4,39,1025.8,100,0,0,100,0.0,0.0,41.824,-71.4128,2024,3,9,2
2024-03-09 03:00:00,0.0,0.0,0.0,0.0,-0.8,78,5.9,52,1025.1,100,0,0,100,0.0,0.0,41.824,-71.4128,2024,3,9,3
2024-03-09 04:00:00,0.0,0.0,0.0,0.0,-1.2,82,7.9,66,1025.2,100,0,11,100,0.0,0.0,41.824,-71.4128,2024,3,9,4
2024-03-09 05:00:00,0.0,0.0,0.0,0.0,-1.0,83,6.6,81,1025.4,100,0,73,100,0.0,0.0,41.824,-71.4128,2024,3,9,5
2024-03-09 06:00:00,0.0,0.0,0.0,0.0,-0.6,84,8.1,77,1024.6,100,0,100,100,0.0,0.0,41.824,-71.4128,2024,3,9,6
2024-03-09 07:00:00,0.0,0.0,0.0,0.0,-0.6,89,7.2,84,1024.1,100,2,53,100,0.0,0.0,41.824,-71.4128,2024,3,9,7
2024-03-09 08:00:00,20.0,0.0,20.0,0.0,0.2,91,6.5,96,1024.4,100,19,60,100,0.0,0.0,41.824,-71.4128,2024,3,9,8
2024-03-09 09:00:00,98.0,4.0,94.0,16.2,1.8,86,5.7,108,1024.9,100,62,100,100,0.0,0.0,41.824,-71.4128,2024,3,9,9
2024-03-09 10:00:00,110.0,0.0,110.0,0.0,2.7,82,13.0,136,1024.7,100,100,92,100,0.0,0.0,41.824,-71.4128,2024,3,9,10
2024-03-09 11:00:00,116.0,0.0,116.0,0.0,3.4,78,14.1,140,1023.6,100,100,14,99,0.0,0.0,41.824,-71.4128,2024,3,9,11
2024-03-09 12:00:00,188.0,8.0,180.0,12.5,4.1,76,15.1,140,1023.0,100,100,100,90,0.0,0.0,41.824,-71.4128,2024,3,9,12
2024-03-09 13:00:00,157.0,4.0,153.0,5.8,4.3,75,17.7,142,1021.9,100,100,100,100,0.0,0.0,41.824,-71.4128,2024,3,9,13
2024-03-09 14:00:00,202.0,6.0,196.0,8.8,4.8,75,19.0,147,1021.0,100,100,100,74,0.0,0.0,41.824,-71.4128,2024,3,9,14
2024-03-09 15:00:00,210.0,9.0,201.0,14.2,5.0,75,20.1,147,1019.8,100,100,100,99,0.0,0.0,41.824,-71.4128,2024,3,9,15
2024-03-09 16:00:00,116.0,1.0,115.0,1.9,4.6,78,20.2,149,1018.9,100,100,100,100,0.0,0.0,41.824,-71.4128,2024,3,9,16
2024-03-09 17:00:00,93.0,0.0,93.0,0.0,4.4,81,19.2,146,1017.8,100,100,100,100,0.0,0.0,41.824,-71.4128,2024,3,9,17
2024-03-09 18:00:00,20.0,0.0,20.0,0.0,3.9,84,14.3,131,1017.2,100,100,100,100,0.0,0.0,41.824,-71.4128,2024,3,9,18
2024-03-09 19:00:00,2.0,0.0,2.0,0.0,3.7,85,13.8,133,1016.7,100,100,100,100,0.0,0.0,41.824,-71.4128,2024,3,9,19
2024-03-09 20:00:00,0.0,0.0,0.0,0.0,3.6,86,14.0,116,1015.3,100,96,100,100,0.0,0.0,41.824,-71.4128,2024,3,9,20
2024-03-09 21:00:00,0.0,0.0,0.0,0.0,2.6,91,13.7,92,1012.6,100,100,100,100,0.1,0.0,41.824,-71.4128,2024,3,9,21
2024-03-09 22:00:00,0.0,0.0,0.0,0.0,3.0,92,16.3,108,1011.5,100,100,100,100,0.3,0.0,41.824,-71.4128,2024,3,9,22
2024-03-09 23:00:00,0.0,0.0,0.0,0.0,3.4,96,14.5,97,1009.6,100,100,100,100,1.7,0.0,41.824,-71.4128,2024,3,9,23
2024-03-10 00:00:00,0.0,0.0,0.0,0.0,3.7,98,12.8,74,1007.9,100,100,100,100,4.9,0.0,41.824,-71.4128,2024,3,10,0
2024-03-10 01:00:00,0.0,0.0,0.0,0.0,4.6,97,17.2,106,1004.5,100,100,100,99,6.1,0.0,41.824,-71.4128,2024,3,10,1
2024-03-10 02:00:00,0.0,0.0,0.0,0.0,6.1,97,23.4,127,1001.3,100,100,100,100,6.0,0.0,41.824,-71.4128,2024,3,10,2
2024-03-10 03:00:00,0.0,0.0,0.0,0.0,7.7,97,29.5,134,997.8,100,100,100,97,5.5,0.0,41.824,-71.4128,2024,3,10,3
2024-03-10 04:00:00,0.0,0.0,0.0,0.0,8.8,97,29.3,152,994.9,100,100,99,79,2.2,0.0,41.824,-71.4128,2024,3,10,4
2024-03-10 05:00:00,0.0,0.0,0.0,0.0,9.0,97,27.3,157,993.5,100,100,95,0,3.7,0.0,41.824,-71.4128,2024,3,10,5
2024-03-10 06:00:00,0.0,0.0,0.0,0.0,9.3,97,28.1,159,991.0,100,100,36,0,1.3,0.0,41.824,-71.4128,2024,3,10,6
2024-03-10 07:00:00,0.0,0.0,0.0,0.0,9.5,98,18.7,181,990.1,100,100,6,0,0.4,0.0,41.824,-71.4128,2024,3,10,7
2024-03-10 08:00:00,8.0,0.0,8.0,0.0,9.5,98,13.9,205,990.1,100,100,0,0,0.0,0.0,41.824,-71.4128,2024,3,10,8
2024-03-10 09:00:00,77.0,3.0,74.0,11.9,9.8,95,17.0,257,989.3,100,100,1,5,0.0,0.0,41.824,-71.4128,2024,3,10,9
2024-03-10 10:00:00,180.0,24.0,156.0,57.4,8.2,88,21.0,286,990.0,100,100,0,27,0.0,0.0,41.824,-71.4128,2024,3,10,10
2024-03-10 11:00:00,299.0,44.0,255.0,79.6,8.8,77,19.7,285,990.3,40,40,0,0,0.0,589.48,41.824,-71.4128,2024,3,10,11
2024-03-10 12:00:00,581.0,412.0,169.0,637.5,10.6,61,20.2,286,990.4,35,17,21,0,0.0,3600.0,41.824,-71.4128,2024,3,10,12
2024-03-10 13:00:00,643.0,468.0,175.0,675.1,11.7,53,21.3,286,990.3,68,11,64,0,0.0,3600.0,41.824,-71.4128,2024,3,10,13
2024-03-10 14:00:00,529.0,271.0,258.0,392.8,10.6,55,21.9,284,989.9,9,9,0,0,0.0,3600.0,41.824,-71.4128,2024,3,10,14
2024-03-10 15:00:00,639.0,534.0,105.0,838.8,11.2,51,22.4,285,989.0,27,27,0,0,0.0,3600.0,41.824,-71.4128,2024,3,10,15
2024-03-10 16:00:00,488.0,371.0,117.0,690.9,10.5,51,22.2,287,988.8,88,88,0,0,0.0,3600.0,41.824,-71.4128,2024,3,10,16
2024-03-10 17:00:00,236.0,73.0,163.0,183.5,9.3,51,20.7,287,988.8,92,92,5,0,0.0,3600.0,41.824,-71.4128,2024,3,10,17
2024-03-10 18:00:00,102.0,22.0,80.0,96.2,8.1,52,17.1,292,989.2,76,30,66,0,0.0,1085.39,41.824,-71.4128,2024,3,10,18
2024-03-10 19:00:00,19.0,5.0,14.0,56.7,6.9,52,17.2,290,989.6,100,0,100,0,0.0,270.16,41.824,-71.4128,2024,3,10,19
2024-03-10 20:00:00,0.0,0.0,0.0,0.0,6.3,53,18.8,299,989.9,100,0,100,0,0.0,0.0,41.824,-71.4128,2024,3,10,20
2024-03-10 21:00:00,0.0,0.0,0.0,0.0,5.0,56,21.5,305,989.9,100,0,100,0,0.0,0.0,41.824,-71.4128,2024,3,10,21
2024-03-10 22:00:00,0.0,0.0,0.0,0.0,4.2,56,20.1,291,990.3,55,0,55,0,0.0,0.0,41.824,-71.4128,2024,3,10,22
2024-03-10 23:00:00,0.0,0.0,0.0,0.0,2.8,58,19.5,275,990.7,26,9,19,0,0.0,0.0,41.824,-71.4128,2024,3,10,23
2024-03-11 00:00:00,0.0,0.0,0.0,0.0,1.2,63,20.3,276,991.1,9,6,3,0,0.0,0.0,41.824,-71.4128,2024,3,11,0
2024-03-11 01:00:00,0.0,0.0,0.0,0.0,0.3,64,22.0,280,991.2,100,20,100,0,0.0,0.0,41.824,-71.4128,2024,3,11,1
2024-03-11 02:00:00,0.0,0.0,0.0,0.0,0.2,64,22.9,283,991.5,100,23,100,0,0.0,0.0,41.824,-71.4128,2024,3,11,2
2024-03-11 03:00:00,0.0,0.0,0.0,0.0,0.2,65,21.9,287,991.6,100,1,100,94,0.1,0.0,41.824,-71.4128,2024,3,11,3
2024-03-11 04:00:00,0.0,0.0,0.0,0.0,-0.3,67,20.8,280,991.5,100,3,100,7,0.2,0.0,41.824,-71.4128,2024,3,11,4
2024-03-11 05:00:00,0.0,0.0,0.0,0.0,-0.6,62,23.5,291,992.0,100,26,100,47,0.1,0.0,41.824,-71.4128,2024,3,11,5
2024-03-11 06:00:00,0.0,0.0,0.0,0.0,-0.9,61,21.7,291,992.3,97,39,92,44,0.0,0.0,41.824,-71.4128,2024,3,11,6
2024-03-11 07:00:00,0.0,0.0,0.0,0.0,-0.9,58,24.4,301,992.8,93,9,25,92,0.0,0.0,41.824,-71.4128,2024,3,11,7
2024-03-11 08:00:00,38.0,11.0,27.0,106.8,-0.6,57,23.6,301,993.8,45,18,1,33,0.0,1859.66,41.824,-71.4128,2024,3,11,8
2024-03-11 09:00:00,172.0,66.0,106.0,256.5,0.6,53,28.3,296,994.8,91,9,6,90,0.0,3600.0,41.824,-71.4128,2024,3,11,9
2024-03-11 10:00:00,355.0,212.0,143.0,500.9,2.1,50,32.7,302,994.8,54,41,8,16,0.0,3600.0,41.824,-71.4128,2024,3,11,10
2024-03-11 11:00:00,559.0,460.0,99.0,824.8,4.0,46,38.3,307,995.1,64,53,4,21,0.0,3600.0,41.824,-71.4128,2024,3,11,11
2024-03-11 12:00:00,591.0,366.0,225.0,561.8,5.0,45,35.7,305,995.6,59,54,9,3,0.0,3600.0,41.824,-71.4128,2024,3,11,12
2024-03-11 13:00:00,647.0,459.0,188.0,657.5,6.0,42,36.0,307,996.0,55,41,36,8,0.0,3600.0,41.824,-71.4128,2024,3,11,13
2024-03-11 14:00:00,644.0,443.0,201.0,637.8,5.7,44,36.7,301,996.6,83,81,24,0,0.0,3600.0,41.824,-71.4128,2024,3,11,14
2024-03-11 15:00:00,531.0,274.0,257.0,427.4,4.8,46,35.8,302,997.3,82,81,22,0,0.0,3600.0,41.824,-71.4128,2024,3,11,15
2024-03-11 16:00:00,374.0,191.0,183.0,352.9,4.5,46,34.7,304,997.7,95,95,18,0,0.0,3600.0,41.824,-71.4128,2024,3,11,16
2024-03-11 17:00:00,262.0,121.0,141.0,301.0,5.3,43,33.1,307,998.0,51,41,23,0,0.0,3600.0,41.824,-71.4128,2024,3,11,17
2024-03-11 18:00:00,161.0,84.0,77.0,361.1,5.8,41,26.9,308,998.4,23,23,0,0,0.0,3600.0,41.824,-71.4128,2024,3,11,18
2024-03-11 19:00:00,31.0,17.0,14.0,188.8,5.0,37,27.7,300,999.7,5,5,2,0,0.0,2637.12,41.824,-71.4128,2024,3,11,19
2024-03-11 20:00:00,0.0,0.0,0.0,0.0,4.3,37,26.9,302,1001.2,0,0,0,0,0.0,0.0,41.824,-71.4128,2024,3,11,20
2024-03-11 21:00:00,0.0,0.0,0.0,0.0,3.8,39,23.8,295,1002.7,0,0,0,0,0.0,0.0,41.824,-71.4128,2024,3,11,21
2024-03-11 22:00:00,0.0,0.0,0.0,0.0,3.0,43,25.0,298,1003.5,0,0,0,0,0.0,0.0,41.824,-71.4128,2024,3,11,22
2024-03-11 23:00:00,0.0,0.0,0.0,0.0,2.5,45,24.4,301,1003.7,4,0,4,3,0.0,0.0,41.824,-71.4128,2024,3,11,23
2024-03-12 00:00:00,0.0,0.0,0.0,0.0,2.1,46,21.3,298,1004.0,12,0,12,0,0.0,0.0,41.824,-71.4128,2024,3,12,0
2024-03-12 01:00:00,0.0,0.0,0.0,0.0,1.9,47,18.8,296,1004.6,12,0,12,1,0.0,0.0,41.824,-71.4128,2024,3,12,1
2024-03-12 02:00:00,0.0,0.0,0.0,0.0,2.0,47,17.6,296,1005.0,5,0,5,0,0.0,0.0,41.824,-71.4128,2024,3,12,2
2024-03-12 03:00:00,0.0,0.0,0.0,0.0,2.0,47,15.5,292,1004.6,7,0,7,0,0.0,0.0,41.824,-71.4128,2024,3,12,3
2024-03-12 04:00:00,0.0,0.0,0.0,0.0,1.7,49,13.2,287,1004.4,21,0,21,0,0.0,0.0,41.824,-71.4128,2024,3,12,4
2024-03-12 05:00:00,0.0,0.0,0.0,0.0,1.4,52,12.4,287,1004.4,23,0,23,0,0.0,0.0,41.824,-71.4128,2024,3,12,5
2024-03-12 06:00:00,0.0,0.0,0.0,0.0,1.5,52,13.0,284,1004.8,7,0,7,0,0.0,0.0,41.824,-71.4128,2024,3,12,6
2024-03-12 07:00:00,0.0,0.0,0.0,0.0,1.5,51,13.6,287,1005.4,2,1,1,0,0.0,0.0,41.824,-71.4128,2024,3,12,7
2024-03-12 08:00:00,49.0,30.0,19.0,283.7,2.5,50,14.6,290,1006.2,0,0,0,0,0.0,3228.62,41.824,-71.4128,2024,3,12,8
2024-03-12 09:00:00,224.0,168.0,56.0,639.5,5.4,46,14.5,284,1006.0,1,0,1,0,0.0,3600.0,41.824,-71.4128,2024,3,12,9
2024-03-12 10:00:00,412.0,338.0,74.0,788.6,6.9,39,19.2,300,1005.8,0,0,0,0,0.0,3600.0,41.824,-71.4128,2024,3,12,10
2024-03-12 11:00:00,573.0,490.0,83.0,870.5,8.2,38,18.7,304,1005.7,0,0,0,0,0.0,3600.0,41.824,-71.4128,2024,3,12,11
2024-03-12 12:00:00,688.0,600.0,88.0,913.9,9.3,37,18.3,313,1005.6,0,0,0,0,0.0,3600.0,41.824,-71.4128,2024,3,12,12
2024-03-12 13:00:00,746.0,656.0,90.0,933.1,10.3,35,18.1,311,1005.4,0,0,0,0,0.0,3600.0,41.824,-71.4128,2024,3,12,13
2024-03-12 14:00:00,743.0,654.0,89.0,935.3,11.1,33,19.2,304,1004.9,0,0,0,0,0.0,3600.0,41.824,-71.4128,2024,3,12,14
2024-03-12 15:00:00,678.0,592.0,86.0,917.1,11.6,32,20.9,302,1004.5,0,0,0,0,0.0,3600.0,41.824,-71.4128,2024,3,12,15
2024-03-12 16:00:00,554.0,475.0,79.0,870.8,11.8,34,21.0,301,1004.4,0,0,0,0,0.0,3600.0,41.824,-71.4128,2024,3,12,16
2024-03-12 17:00:00,386.0,316.0,70.0,778.4,11.7,36,20.5,301,1004.5,0,0,0,0,0.0,3600.0,41.824,-71.4128,2024,3,12,17
2024-03-12 18:00:00,197.0,145.0,52.0,613.2,10.6,41,15.2,301,1005.1,0,0,0,0,0.0,3600.0,41.824,-71.4128,2024,3,12,18
2024-03-12 19:00:00,34.0,20.0,14.0,217.5,8.2,49,9.5,307,1005.8,0,0,0,0,0.0,2705.83,41.824,-71.4128,2024,3,12,19
2024-03-12 20:00:00,0.0,0.0,0.0,0.0,6.4,55,9.8,306,1007.1,0,0,0,0,0.0,0.0,41.824,-71.4128,2024,3,12,20
2024-03-12 21:00:00,0.0,0.0,0.0,0.0,6.5,52,12.9,300,1007.7,0,0,0,0,0.0,0.0,41.824,-71.4128,2024,3,12,21
2024-03-12 22:00:00,0.0,0.0,0.0,0.0,6.3,51,11.3,307,1008.2,0,0,0,0,0.0,0.0,41.824,-71.4128,2024,3,12,22
2024-03-12 23:00:00,0.0,0.0,0.0,0.0,5.1,55,10.2,312,1008.7,0,0,0,0,0.0,0.0,41.824,-71.4128,2024,3,12,23
2024-03-13 00:00:00,0.0,0.0,0.0,0.0,4.0,59,10.0,322,1009.3,0,0,0,0,0.0,0.0,41.824,-71.4128,2024,3,13,0
2024-03-13 01:00:00,0.0,0.0,0.0,0.0,3.0,64,9.9,316,1009.8,0,0,0,0,0.0,0.0,41.824,-71.4128,2024,3,13,1
2024-03-13 02:00:00,0.0,0.0,0.0,0.0,2.4,66,10.7,312,1010.2,0,0,0,0,0.0,0.0,41.824,-71.4128,2024,3,13,2
2024-03-13 03:00:00,0.0,0.0,0.0,0.0,2.2,67,9.8,324,1010.2,1,0,0,1,0.0,0.0,41.824,-71.4128,2024,3,13,3
2024-03-13 04:00:00,0.0,0.0,0.0,0.0,1.6,69,9.0,355,1010.3,48,0,0,48,0.0,0.0,41.824,-71.4128,2024,3,13,4
2024-03-13 05:00:00,0.0,0.0,0.0,0.0,1.0,71,9.0,337,1011.0,99,0,0,99,0.0,0.0,41.824,-71.4128,2024,3,13,5
2024-03-13 06:00:00,0.0,0.0,0.0,0.0,0.5,73,9.2,318,1011.8,98,0,1,98,0.0,0.0,41.824,-71.4128,2024,3,13,6
2024-03-13 07:00:00,0.0,0.0,0.0,0.0,0.6,68,10.2,312,1012.1,18,0,1,18,0.0,0.0,41.824,-71.4128,2024,3,13,7
2024-03-13 08:00:00,53.0,32.0,21.0,295.0,1.9,63,8.7,318,1012.5,4,0,1,3,0.0,3327.43,41.824,-71.4128,2024,3,13,8
2024-03-13 09:00:00,230.0,172.0,58.0,641.6,6.0,55,5.1,315,1012.8,0,0,0,0,0.0,3600.0,41.824,-71.4128,2024,3,13,9
2024-03-13 10:00:00,420.0,349.0,71.0,804.3,8.5,43,5.7,342,1013.3,1,0,1,0,0.0,3600.0,41.824,-71.4128,2024,3,13,10
2024-03-13 11:00:00,581.0,501.0,80.0,881.9,10.2,36,6.1,357,1013.4,3,0,0,3,0.0,3600.0,41.824,-71.4128,2024,3,13,11
2024-03-13 12:00:00,692.0,606.0,86.0,916.0,11.9,33,5.0,360,1013.0,0,0,0,0,0.0,3600.0,41.824,-71.4128,2024,3,13,12
2024-03-13 13:00:00,742.0,652.0,90.0,921.1,13.4,33,1.1,18,1012.5,1,0,0,1,0.0,3600.0,41.824,-71.4128,2024,3,13,13
2024-03-13 14:00:00,732.0,641.0,91.0,910.7,14.1,35,5.5,157,1011.7,0,0,0,0,0.0,3600.0,41.824,-71.4128,2024,3,13,14
2024-03-13 15:00:00,664.0,576.0,88.0,886.3,13.9,39,12.1,150,1011.3,0,0,0,0,0.0,3600.0,41.824,-71.4128,2024,3,13,15
2024-03-13 16:00:00,542.0,459.0,83.0,835.1,11.3,44,17.7,147,1011.7,58,0,0,58,0.0,3600.0,41.824,-71.4128,2024,3,13,16
2024-03-13 17:00:00,376.0,298.0,78.0,726.9,10.0,49,15.0,145,1011.8,19,0,5,15,0.0,3600.0,41.824,-71.4128,2024,3,13,17
2024-03-13 18:00:00,187.0,129.0,58.0,536.8,8.2,56,13.4,153,1012.4,12,0,12,0,0.0,3600.0,41.824,-71.4128,2024,3,13,18
2024-03-13 19:00:00,33.0,17.0,16.0,181.1,5.9,62,12.7,165,1012.8,16,0,9,7,0.0,2774.27,41.824,-71.4128,2024,3,13,19
2024-03-13 20:00:00,0.0,0.0,0.0,0.0,4.6,67,10.3,168,1013.5,45,0,7,41,0.0,0.0,41.824,-71.4128,2024,3,13,20
2024-03-13 21:00:00,0.0,0.0,0.0,0.0,4.1,69,7.8,158,1014.2,80,0,3,79,0.0,0.0,41.824,-71.4128,2024,3,13,21
2024-03-13 22:00:00,0.0,0.0,0.0,0.0,3.5,75,7.8,158,1014.6,61,0,7,58,0.0,0.0,41.824,-71.4128,2024,3,13,22
2024-03-13 23:00:00,0.0,0.0,0.0,0.0,3.1,82,8.1,159,1014.7,38,0,24,18,0.0,0.0,41.824,-71.4128,2024,3,13,23
2024-03-14 00:00:00,0.0,0.0,0.0,0.0,3.0,87,7.0,168,1014.8,40,0,40,0,0.0,0.0,41.824,-71.4128,2024,3,14,0
2024-03-14 01:00:00,0.0,0.0,0.0,0.0,3.2,87,6.9,171,1014.7,60,0,41,33,0.0,0.0,41.824,-71.4128,2024,3,14,1
2024-03-14 02:00:00,0.0,0.0,0.0,0.0,3.1,87,8.9,166,1014.6,1,0,1,0,0.0,0.0,41.824,-71.4128,2024,3,14,2
2024-03-14 03:00:00,0.0,0.0,0.0,0.0,2.7,88,8.6,165,1014.3,2,0,0,2,0.0,0.0,41.824,-71.4128,2024,3,14,3
2024-03-14 04:00:00,0.0,0.0,0.0,0.0,2.6,89,8.0,172,1014.0,11,0,0,11,0.0,0.0,41.824,-71.4128,2024,3,14,4
2024-03-14 05:00:00,0.0,0.0,0.0,0.0,1.7,92,9.0,164,1014.2,84,0,0,84,0.0,0.0,41.824,-71.4128,2024,3,14,5
2024-03-14 06:00:00,0.0,0.0,0.0,0.0,1.6,92,8.7,150,1014.5,80,0,0,80,0.0,0.0,41.824,-71.4128,2024,3,14,6
2024-03-14 07:00:00,0.0,0.0,0.0,0.0,3.1,87,5.5,122,1015.0,85,0,0,85,0.0,0.0,41.824,-71.4128,2024,3,14,7
2024-03-14 08:00:00,53.0,28.0,25.0,251.8,3.4,88,2.8,50,1015.5,99,0,0,99,0.0,3427.1,41.824,-71.4128,2024,3,14,8
2024-03-14 09:00:00,228.0,166.0,62.0,607.0,6.0,84,0.4,360,1016.0,85,0,0,85,0.0,3600.0,41.824,-71.4128,2024,3,14,9
2024-03-14 10:00:00,416.0,336.0,80.0,765.0,8.8,76,1.1,90,1016.2,71,0,0,71,0.0,3600.0,41.824,-71.4128,2024,3,14,10
2024-03-14 11:00:00,575.0,483.0,92.0,842.5,11.7,67,1.5,104,1016.0,94,0,0,94,0.0,3600.0,41.824,-71.4128,2024,3,14,11
2024-03-14 12:00:00,684.0,580.0,104.0,870.1,14.2,59,1.8,360,1015.8,11,0,0,11,0.0,3600.0,41.824,-71.4128,2024,3,14,12
2024-03-14 13:00:00,744.0,650.0,94.0,912.0,16.1,52,2.9,353,1015.4,19,0,0,19,0.0,3600.0,41.824,-71.4128,2024,3,14,13
2024-03-14 14:00:00,737.0,644.0,93.0,909.0,17.4,47,4.3,355,1015.1,9,0,0,9,0.0,3600.0,41.824,-71.4128,2024,3,14,14
2024-03-14 15:00:00,669.0,579.0,90.0,884.9,18.1,44,2.6,16,1014.6,17,0,0,17,0.0,3600.0,41.824,-71.4128,2024,3,14,15
2024-03-14 16:00:00,546.0,462.0,84.0,834.2,18.6,41,1.4,90,1014.2,11,0,0,11,0.0,3600.0,41.824,-71.4128,2024,3,14,16
2024-03-14 17:00:00,380.0,308.0,72.0,744.1,17.1,52,9.7,158,1014.5,20,0,0,20,0.0,3600.0,41.824,-71.4128,2024,3,14,17
2024-03-14 18:00:00,195.0,140.0,55.0,573.5,13.3,72,13.6,168,1015.2,8,0,0,8,0.0,3600.0,41.824,-71.4128,2024,3,14,18
2024-03-14 19:00:00,36.0,20.0,16.0,208.8,10.3,78,6.1,135,1015.4,7,0,1,6,0.0,2842.51,41.824,-71.4128,2024,3,14,19
2024-03-14 20:00:00,0.0,0.0,0.0,0.0,8.6,87,11.9,93,1016.0,27,0,2,26,0.0,0.0,41.824,-71.4128,2024,3,14,20
2024-03-14 21:00:00,0.0,0.0,0.0,0.0,7.5,89,8.4,140,1016.0,64,0,31,47,0.0,0.0,41.824,-71.4128,2024,3,14,21
2024-03-14 22:00:00,0.0,0.0,0.0,0.0,6.2,92,7.9,156,1016.1,91,0,58,78,0.0,0.0,41.824,-71.4128,2024,3,14,22
2024-03-14 23:00:00,0.0,0.0,0.0,0.0,5.6,93,8.9,133,1014.6,100,0,63,100,0.0,0.0,41.824,-71.4128,2024,3,14,23
2024-03-15 00:00:00,0.0,0.0,0.0,0.0,5.6,92,6.4,164,1014.6,99,1,93,90,0.0,0.0,41.824,-71.4128,2024,3,15,0
2024-03-15 01:00:00,0.0,0.0,0.0,0.0,5.9,90,9.2,135,1013.7,100,2,100,62,0.0,0.0,41.824,-71.4128,2024,3,15,1
2024-03-15 02:00:00,0.0,0.0,0.0,0.0,6.0,89,8.8,145,1013.0,100,1,100,97,0.0,0.0,41.824,-71.4128,2024,3,15,2
2024-03-15 03:00:00,0.0,0.0,0.0,0.0,6.0,89,11.2,138,1010.9,100,1,87,100,0.0,0.0,41.824,-71.4128,2024,3,15,3
2024-03-15 04:00:00,0.0,0.0,0.0,0.0,6.0,89,10.5,149,1009.6,100,0,100,100,0.0,0.0,41.824,-71.4128,2024,3,15,4
2024-03-15 05:00:00,0.0,0.0,0.0,0.0,6.3,88,12.1,157,1008.5,100,0,100,100,0.0,0.0,41.824,-71.4128,2024,3,15,5
2024-03-15 06:00:00,0.0,0.0,0.0,0.0,6.3,89,5.7,18,1008.2,100,0,79,100,1.7,0.0,41.824,-71.4128,2024,3,15,6
2024-03-15 07:00:00,0.0,0.0,0.0,0.0,5.5,94,5.8,94,1006.2,100,0,1,100,0.0,0.0,41.824,-71.4128,2024,3,15,7
2024-03-15 08:00:00,45.0,12.0,33.0,105.3,5.7,95,3.6,84,1005.8,100,1,18,100,0.0,1961.94,41.824,-71.4128,2024,3,15,8
2024-03-15 09:00:00,121.0,19.0,102.0,68.1,8.2,84,3.3,6,1004.7,100,0,100,100,0.1,243.77,41.824,-71.4128,2024,3,15,9
2024-03-15 10:00:00,146.0,10.0,136.0,22.5,9.5,81,7.7,349,1005.0,100,7,3,100,0.0,0.0,41.824,-71.4128,2024,3,15,10
2024-03-15 11:00:00,461.0,242.0,219.0,418.3,12.0,72,9.7,358,1004.3,98,5,3,98,0.0,3600.0,41.824,-71.4128,2024,3,15,11
2024-03-15 12:00:00,611.0,411.0,200.0,611.9,13.1,68,12.3,355,1003.6,98,16,24,96,0.0,3600.0,41.824,-71.4128,2024,3,15,12
2024-03-15 13:00:00,633.0,445.0,188.0,620.2,13.8,65,11.7,349,1003.3,100,21,72,100,0.0,3600.0,41.824,-71.4128,2024,3,15,13
2024-03-15 14:00:00,458.0,155.0,303.0,217.4,12.8,67,16.8,350,1003.6,100,67,59,97,0.0,3600.0,41.824,-71.4128,2024,3,15,14
2024-03-15 15:00:00,449.0,190.0,259.0,288.5,11.8,67,19.2,352,1003.8,100,100,11,69,0.0,3600.0,41.824,-71.4128,2024,3,15,15
2024-03-15 16:00:00,239.0,33.0,206.0,59.1,9.7,72,18.4,1,1004.4,99,81,10,93,0.0,0.0,41.824,-71.4128,2024,3,15,16
2024-03-15 17:00:00,240.0,91.0,149.0,217.8,9.1,71,19.5,3,1005.0,100,98,2,100,0.0,3600.0,41.824,-71.4128,2024,3,15,17
2024-03-15 18:00:00,121.0,26.0,95.0,104.9,7.6,74,18.4,4,1005.7,100,98,0,95,0.0,1346.14,41.824,-71.4128,2024,3,15,18
2024-03-15 19:00:00,21.0,8.0,13.0,81.9,6.3,78,15.4,11,1006.7,82,82,0,0,0.0,1022.22,41.824,-71.4128,2024,3,15,19
2024-03-15 20:00:00,0.0,0.0,0.0,0.0,5.6,80,15.3,9,1007.3,100,100,0,87,0.0,0.0,41.824,-71.4128,2024,3,15,20
2024-03-15 21:00:00,0.0,0.0,0.0,0.0,5.0,82,12.0,7,1007.9,100,100,0,0,0.0,0.0,41.824,-71.4128,2024,3,15,21
2024-03-15 22:00:00,0.0,0.0,0.0,0.0,5.0,82,10.5,8,1007.8,47,43,0,7,0.0,0.0,41.824,-71.4128,2024,3,15,22
2024-03-15 23:00:00,0.0,0.0,0.0,0.0,4.1,87,7.7,11,1007.7,11,10,0,0,0.0,0.0,41.824,-71.4128,2024,3,15,23
2024-03-16 00:00:00,0.0,0.0,0.0,0.0,3.0,92,4.7,356,1007.3,7,0,1,6,0.0,0.0,41.824,-71.4128,2024,3,16,0
2024-03-16 01:00:00,0.0,0.0,0.0,0.0,2.5,93,4.8,318,1007.6,11,1,10,0,0.0,0.0,41.824,-71.4128,2024,3,16,1
2024-03-16 02:00:00,0.0,0.0,0.0,0.0,2.1,94,7.8,326,1007.7,10,10,0,0,0.0,0.0,41.824,-71.4128,2024,3,16,2
2024-03-16 03:00:00,0.0,0.0,0.0,0.0,1.8,95,9.7,329,1007.9,11,11,0,0,0.0,0.0,41.824,-71.4128,2024,3,16,3
2024-03-16 04:00:00,0.0,0.0,0.0,0.0,1.4,96,7.5,325,1007.6,0,0,0,0,0.0,0.0,41.824,-71.4128,2024,3,16,4
2024-03-16 05:00:00,0.0,0.0,0.0,0.0,1.1,95,7.1,315,1007.7,0,0,0,0,0.0,0.0,41.824,-71.4128,2024,3,16,5
2024-03-16 06:00:00,0.0,0.0,0.0,0.0,0.5,96,6.3,301,1008.0,0,0,0,0,0.0,0.0,41.824,-71.4128,2024,3,16,6
2024-03-16 07:00:00,0.0,0.0,0.0,0.0,0.4,96,7.9,294,1008.3,0,0,0,0,0.0,0.0,41.824,-71.4128,2024,3,16,7
2024-03-16 08:00:00,64.0,39.0,25.0,334.0,2.4,91,8.6,285,1008.7,0,0,0,0,0.0,3600.0,41.824,-71.4128,2024,3,16,8
2024-03-16 09:00:00,241.0,179.0,62.0,629.5,6.4,81,5.5,259,1008.9,0,0,0,0,0.0,3600.0,41.824,-71.4128,2024,3,16,9
2024-03-16 10:00:00,428.0,348.0,80.0,773.4,8.9,69,6.3,246,1008.9,0,0,0,0,0.0,3600.0,41.824,-71.4128,2024,3,16,10
2024-03-16 11:00:00,584.0,494.0,90.0,846.2,11.1,56,6.8,267,1008.7,54,54,0,0,0.0,3600.0,41.824,-71.4128,2024,3,16,11
2024-03-16 12:00:00,618.0,458.0,160.0,676.8,12.2,52,8.0,275,1008.1,100,100,65,0,0.0,3600.0,41.824,-71.4128,2024,3,16,12
2024-03-16 13:00:00,333.0,68.0,265.0,94.1,12.1,49,8.1,257,1007.7,100,77,100,0,0.1,1024.18,41.824,-71.4128,2024,3,16,13
2024-03-16 14:00:00,579.0,367.0,212.0,511.4,13.3,45,9.7,228,1006.7,100,1,100,0,0.1,3600.0,41.824,-71.4128,2024,3,16,14
2024-03-16 15:00:00,450.0,249.0,201.0,375.6,13.1,43,10.5,221,1006.2,84,14,78,25,0.0,3600.0,41.824,-71.4128,2024,3,16,15
2024-03-16 16:00:00,284.0,87.0,197.0,154.8,12.8,43,9.9,224,1005.6,100,13,100,45,0.0,2843.47,41.824,-71.4128,2024,3,16,16
2024-03-16 17:00:00,202.0,53.0,149.0,125.7,11.8,53,13.3,229,1005.5,92,32,91,0,0.1,1969.67,41.824,-71.4128,2024,3,16,17
2024-03-16 18:00:00,106.0,48.0,58.0,190.7,11.1,55,10.4,214,1005.7,98,14,97,0,0.0,3600.0,41.824,-71.4128,2024,3,16,18
2024-03-16 19:00:00,26.0,8.0,18.0,80.4,9.5,64,14.2,216,1006.2,9,0,9,0,0.0,986.94,41.824,-71.4128,2024,3,16,19
2024-03-16 20:00:00,0.0,0.0,0.0,0.0,7.6,74,12.4,210,1006.6,88,0,88,0,0.0,0.0,41.824,-71.4128,2024,3,16,20
2024-03-16 21:00:00,0.0,0.0,0.0,0.0,6.4,81,14.3,219,1006.7,0,0,0,0,0.0,0.0,41.824,-71.4128,2024,3,16,21
2024-03-16 22:00:00,0.0,0.0,0.0,0.0,5.6,88,12.9,210,1006.4,3,0,3,0,0.0,0.0,41.824,-71.4128,2024,3,16,22
2024-03-16 23:00:00,0.0,0.0,0.0,0.0,5.0,92,12.7,205,1006.0,6,0,6,0,0.0,0.0,41.824,-71.4128,2024,3,16,23
2024-03-17 00:00:00,0.0,0.0,0.0,0.0,4.7,94,12.0,189,1005.4,69,0,6,67,0.0,0.0,41.824,-71.4128,2024,3,17,0
2024-03-17 01:00:00,0.0,0.0,0.0,0.0,4.4,95,10.8,184,1004.9,38,0,0,38,0.0,0.0,41.824,-71.4128,2024,3,17,1
2024-03-17 02:00:00,0.0,0.0,0.0,0.0,3.9,96,8.7,175,1004.5,15,0,1,14,0.0,0.0,41.824,-71.4128,2024,3,17,2
2024-03-17 03:00:00,0.0,0.0,0.0,0.0,3.7,96,8.3,178,1003.9,99,0,98,59,0.0,0.0,41.824,-71.4128,2024,3,17,3
2024-03-17 04:00:00,0.0,0.0,0.0,0.0,4.3,94,10.8,184,1003.1,100,0,100,99,0.0,0.0,41.824,-71.4128,2024,3,17,4
2024-03-17 05:00:00,0.0,0.0,0.0,0.0,5.5,92,11.7,171,1001.8,100,0,100,100,0.0,0.0,41.824,-71.4128,2024,3,17,5
2024-03-17 06:00:00,0.0,0.0,0.0,0.0,5.8,92,16.2,177,1001.4,100,2,100,99,0.1,0.0,41.824,-71.4128,2024,3,17,6
2024-03-17 07:00:00,0.0,0.0,0.0,0.0,5.9,93,17.9,190,1001.0,96,64,95,29,1.4,0.0,41.824,-71.4128,2024,3,17,7
2024-03-17 08:00:00,25.0,7.0,18.0,58.6,6.4,91,19.1,196,1000.9,60,17,52,0,1.5,223.61,41.824,-71.4128,2024,3,17,8
2024-03-17 09:00:00,189.0,89.0,100.0,307.0,8.7,82,16.9,218,1000.9,87,5,87,0,0.0,3600.0,41.824,-71.4128,2024,3,17,9
2024-03-17 10:00:00,245.0,90.0,155.0,197.6,10.0,82,13.8,187,999.7,84,0,84,0,0.0,3600.0,41.824,-71.4128,2024,3,17,10
2024-03-17 11:00:00,367.0,180.0,187.0,305.6,11.9,71,13.7,203,998.7,89,0,89,0,0.0,3600.0,41.824,-71.4128,2024,3,17,11
2024-03-17 12:00:00,500.0,286.0,214.0,419.5,13.9,50,18.8,238,998.0,20,2,20,0,0.0,3600.0,41.824,-71.4128,2024,3,17,12
2024-03-17 13:00:00,675.0,559.0,116.0,768.8,14.2,45,25.6,259,997.6,44,6,43,0,0.2,3600.0,41.824,-71.4128,2024,3,17,13
2024-03-17 14:00:00,576.0,406.0,170.0,562.1,14.8,42,23.1,274,997.1,15,5,15,0,0.0,3600.0,41.824,-71.4128,2024,3,17,14
2024-03-17 15:00:00,639.0,509.0,130.0,762.8,15.0,38,23.8,270,996.7,5,0,5,0,0.0,3600.0,41.824,-71.4128,2024,3,17,15
2024-03-17 16:00:00,561.0,469.0,92.0,828.4,14.7,36,22.0,273,996.8,35,0,12,26,0.0,3600.0,41.824,-71.4128,2024,3,17,16
2024-03-17 17:00:00,384.0,294.0,90.0,690.6,13.9,35,20.7,278,997.0,31,0,20,15,0.0,3600.0,41.824,-71.4128,2024,3,17,17
2024-03-17 18:00:00,190.0,120.0,70.0,469.7,12.2,40,14.9,285,998.3,30,0,30,0,0.0,3600.0,41.824,-71.4128,2024,3,17,18
2024-03-17 19:00:00,41.0,22.0,19.0,216.9,9.1,55,8.7,322,999.6,1,1,0,0,0.0,3046.14,41.824,-71.4128,2024,3,17,19
2024-03-17 20:00:00,0.0,0.0,0.0,0.0,7.2,61,9.9,316,1000.7,1,0,1,0,0.0,0.0,41.824,-71.4128,2024,3,17,20
2024-03-17 21:00:00,0.0,0.0,0.0,0.0,7.6,57,10.7,315,1002.1,84,0,5,83,0.0,0.0,41.824,-71.4128,2024,3,17,21
2024-03-17 22:00:00,0.0,0.0,0.0,0.0,5.8,61,8.7,312,1002.7,67,0,7,64,0.0,0.0,41.824,-71.4128,2024,3,17,22
2024-03-17 23:00:00,0.0,0.0,0.0,0.0,4.7,64,8.6,285,1002.9,100,0,6,100,0.0,0.0,41.824,-71.4128,2024,3,17,23
2024-03-18 00:00:00,0.0,0.0,0.0,0.0,3.7,68,9.1,279,1003.2,100,0,16,100,0.0,0.0,41.824,-71.4128,2024,3,18,0
2024-03-18 01:00:00,0.0,0.0,0.0,0.0,3.3,67,9.7,292,1003.5,100,0,100,0,0.0,0.0,41.824,-71.4128,2024,3,18,1
2024-03-18 02:00:00,0.0,0.0,0.0,0.0,4.4,62,7.6,289,1003.5,100,0,100,0,0.0,0.0,41.824,-71.4128,2024,3,18,2
2024-03-18 03:00:00,0.0,0.0,0.0,0.0,4.2,61,8.1,291,1003.3,100,0,100,0,0.0,0.0,41.824,-71.4128,2024,3,18,3
2024-03-18 04:00:00,0.0,0.0,0.0,0.0,4.1,60,8.5,282,1003.3,100,0,100,0,0.0,0.0,41.824,-71.4128,2024,3,18,4
2024-03-18 05:00:00,0.0,0.0,0.0,0.0,3.9,61,9.5,281,1003.2,100,0,100,0,0.0,0.0,41.824,-71.4128,2024,3,18,5
2024-03-18 06:00:00,0.0,0.0,0.0,0.0,3.9,63,10.5,274,1003.6,100,0,100,0,0.0,0.0,41.824,-71.4128,2024,3,18,6
2024-03-18 07:00:00,0.0,0.0,0.0,0.0,3.7,64,9.4,272,1003.7,100,0,100,0,0.0,0.0,41.824,-71.4128,2024,3,18,7
2024-03-18 08:00:00,35.0,5.0,30.0,40.9,4.2,64,7.6,270,1003.8,100,0,100,3,0.0,0.0,41.824,-71.4128,2024,3,18,8
2024-03-18 09:00:00,113.0,9.0,104.0,30.5,5.4,60,13.9,295,1003.8,92,88,8,24,0.0,0.0,41.824,-71.4128,2024,3,18,9
2024-03-18 10:00:00,330.0,171.0,159.0,371.1,6.4,53,15.1,288,1003.4,30,1,15,17,0.0,3600.0,41.824,-71.4128,2024,3,18,10
2024-03-18 11:00:00,572.0,445.0,127.0,748.9,7.9,37,18.5,283,1003.1,40,0,40,0,0.0,3600.0,41.824,-71.4128,2024,3,18,11
2024-03-18 12:00:00,665.0,488.0,177.0,710.6,8.4,35,21.6,281,1002.8,29,0,28,1,0.0,3600.0,41.824,-71.4128,2024,3,18,12
2024-03-18 13:00:00,728.0,577.0,151.0,788.3,9.0,33,20.8,280,1001.9,43,0,43,0,0.0,3600.0,41.824,-71.4128,2024,3,18,13
2024-03-18 14:00:00,720.0,531.0,189.0,730.6,9.4,32,19.7,285,1001.2,54,0,54,0,0.0,3600.0,41.824,-71.4128,2024,3,18,14
2024-03-18 15:00:00,652.0,470.0,182.0,699.8,9.5,32,18.8,290,1000.7,24,0,24,0,0.0,3600.0,41.824,-71.4128,2024,3,18,15
2024-03-18 16:00:00,533.0,402.0,131.0,705.0,9.0,32,18.4,293,1000.5,4,0,4,0,0.0,3600.0,41.824,-71.4128,2024,3,18,16
2024-03-18 17:00:00,387.0,287.0,100.0,668.1,8.5,33,17.0,291,1000.0,32,0,32,0,0.0,3600.0,41.824,-71.4128,2024,3,18,17
2024-03-18 18:00:00,218.0,154.0,64.0,594.1,7.5,36,13.5,299,1000.1,32,0,11,23,0.0,3600.0,41.824,-71.4128,2024,3,18,18
2024-03-18 19:00:00,47.0,28.0,19.0,271.1,5.1,44,9.9,303,1000.9,29,0,7,24,0.0,3113.65,41.824,-71.4128,2024,3,18,19
2024-03-18 20:00:00,0.0,0.0,0.0,0.0,3.8,47,13.1,307,1001.8,81,0,0,81,0.0,0.0,41.824,-71.4128,2024,3,18,20
2024-03-18 21:00:00,0.0,0.0,0.0,0.0,3.1,49,15.8,315,1002.5,2,0,0,2,0.0,0.0,41.824,-71.4128,2024,3,18,21
2024-03-18 22:00:00,0.0,0.0,0.0,0.0,2.5,50,17.7,309,1002.5,0,0,0,0,0.0,0.0,41.824,-71.4128,2024,3,18,22
2024-03-18 23:00:00,0.0,0.0,0.0,0.0,1.9,50,17.7,299,1002.2,0,0,0,0,0.0,0.0,41.824,-71.4128,2024,3,18,23
2024-03-19 00:00:00,0.0,0.0,0.0,0.0,1.4,53,17.6,293,1002.2,0,0,0,0,0.0,0.0,41.824,-71.4128,2024,3,19,0
2024-03-19 01:00:00,0.0,0.0,0.0,0.0,0.9,58,17.0,287,1002.3,32,1,31,0,0.0,0.0,41.824,-71.4128,2024,3,19,1
2024-03-19 02:00:00,0.0,0.0,0.0,0.0,0.7,61,16.1,280,1002.6,54,1,54,0,0.0,0.0,41.824,-71.4128,2024,3,19,2
2024-03-19 03:00:00,0.0,0.0,0.0,0.0,0.4,64,15.0,281,1002.2,48,0,48,0,0.0,0.0,41.824,-71.4128,2024,3,19,3
2024-03-19 04:00:00,0.0,0.0,0.0,0.0,0.1,67,14.8,283,1001.7,53,0,53,0,0.0,0.0,41.824,-71.4128,2024,3,19,4
2024-03-19 05:00:00,0.0,0.0,0.0,0.0,0.0,68,14.7,287,1001.5,58,0,58,0,0.0,0.0,41.824,-71.4128,2024,3,19,5
2024-03-19 06:00:00,0.0,0.0,0.0,0.0,0.1,70,13.7,293,1001.5,29,0,29,0,0.0,0.0,41.824,-71.4128,2024,3,19,6
2024-03-19 07:00:00,0.0,0.0,0.0,0.0,-0.5,73,12.9,293,1001.9,0,0,0,0,0.0,0.0,41.824,-71.4128,2024,3,19,7
2024-03-19 08:00:00,78.0,48.0,30.0,383.4,0.7,71,12.2,289,1002.6,0,0,0,0,0.0,3600.0,41.824,-71.4128,2024,3,19,8
2024-03-19 09:00:00,266.0,203.0,63.0,674.6,2.7,56,20.8,296,1002.6,21,21,0,0,0.0,3600.0,41.824,-71.4128,2024,3,19,9
2024-03-19 10:00:00,431.0,316.0,115.0,677.9,3.6,50,24.5,298,1003.1,65,65,0,0,0.0,3600.0,41.824,-71.4128,2024,3,19,10
2024-03-19 11:00:00,496.0,304.0,192.0,507.1,4.2,48,21.1,295,1003.4,59,59,0,0,0.0,3600.0,41.824,-71.4128,2024,3,19,11
2024-03-19 12:00:00,626.0,416.0,210.0,601.4,5.3,41,21.6,298,1003.2,54,30,48,8,0.0,3600.0,41.824,-71.4128,2024,3,19,12
2024-03-19 13:00:00,671.0,462.0,209.0,627.1,6.3,36,21.9,290,1003.0,43,16,43,0,0.0,3600.0,41.824,-71.4128,2024,3,19,13
2024-03-19 14:00:00,676.0,500.0,176.0,683.7,6.8,34,21.5,291,1002.6,78,0,75,25,0.0,3600.0,41.824,-71.4128,2024,3,19,14
2024-03-19 15:00:00,604.0,415.0,189.0,614.0,6.9,32,20.5,294,1002.0,54,0,52,5,0.0,3600.0,41.824,-71.4128,2024,3,19,15
2024-03-19 16:00:00,533.0,395.0,138.0,687.8,6.9,31,20.4,291,1002.0,79,0,72,25,0.0,3600.0,41.824,-71.4128,2024,3,19,16
2024-03-19 17:00:00,293.0,126.0,167.0,290.7,6.2,32,18.3,286,1002.0,77,0,71,24,0.0,3600.0,41.824,-71.4128,2024,3,19,17
2024-03-19 18:00:00,181.0,106.0,75.0,403.1,5.4,36,14.3,280,1002.5,53,0,36,30,0.0,3600.0,41.824,-71.4128,2024,3,19,18
2024-03-19 19:00:00,38.0,14.0,24.0,133.2,3.9,42,10.8,268,1003.4,100,0,68,100,0.0,2737.47,41.824,-71.4128,2024,3,19,19
2024-03-19 20:00:00,0.0,0.0,0.0,0.0,3.2,44,10.9,261,1004.0,100,0,83,100,0.0,0.0,41.824,-71.4128,2024,3,19,20
2024-03-19 21:00:00,0.0,0.0,0.0,0.0,3.0,52,8.0,243,1004.3,100,3,99,100,0.0,0.0,41.824,-71.4128,2024,3,19,21
2024-03-19 22:00:00,0.0,0.0,0.0,0.0,2.9,51,8.3,252,1005.0,100,0,91,100,0.0,0.0,41.824,-71.4128,2024,3,19,22
2024-03-19 23:00:00,0.0,0.0,0.0,0.0,2.4,54,6.6,248,1005.1,100,0,92,100,0.0,0.0,41.824,-71.4128,2024,3,19,23
2024-03-20 00:00:00,0.0,0.0,0.0,0.0,2.0,55,8.9,223,1005.1,100,0,88,100,0.0,0.0,41.824,-71.4128,2024,3,20,0
2024-03-20 01:00:00,0.0,0.0,0.0,0.0,2.0,57,11.3,243,1005.2,65,0,65,0,0.0,0.0,41.824,-71.4128,2024,3,20,1
2024-03-20 02:00:00,0.0,0.0,0.0,0.0,1.2,66,8.4,223,1004.9,33,0,33,0,0.0,0.0,41.824,-71.4128,2024,3,20,2
2024-03-20 03:00:00,0.0,0.0,0.0,0.0,0.4,72,11.9,215,1004.6,31,6,30,0,0.0,0.0,41.824,-71.4128,2024,3,20,3
2024-03-20 04:00:00,0.0,0.0,0.0,0.0,0.4,76,9.9,213,1004.5,100,3,100,0,0.0,0.0,41.824,-71.4128,2024,3,20,4
2024-03-20 05:00:00,0.0,0.0,0.0,0.0,1.5,79,8.9,194,1004.3,87,35,87,0,0.1,0.0,41.824,-71.4128,2024,3,20,5
2024-03-20 06:00:00,0.0,0.0,0.0,0.0,1.4,83,8.3,182,1004.3,100,28,100,0,0.0,0.0,41.824,-71.4128,2024,3,20,6
2024-03-20 07:00:00,0.0,0.0,0.0,0.0,2.5,82,10.8,176,1003.9,44,12,38,0,0.0,0.0,41.824,-71.4128,2024,3,20,7
2024-03-20 08:00:00,69.0,29.0,40.0,226.6,4.2,81,11.7,191,1003.5,97,3,97,0,0.0,3600.0,41.824,-71.4128,2024,3,20,8
2024-03-20 09:00:00,259.0,182.0,77.0,593.9,5.8,84,8.5,208,1003.2,77,1,76,0,0.0,3600.0,41.824,-71.4128,2024,3,20,9
2024-03-20 10:00:00,412.0,269.0,143.0,570.4,8.5,71,8.7,210,1002.6,84,1,84,0,0.0,3600.0,41.824,-71.4128,2024,3,20,10
2024-03-20 11:00:00,486.0,280.0,206.0,463.1,9.2,53,16.3,229,1002.3,2,2,0,0,0.0,3600.0,41.824,-71.4128,2024,3,20,11
2024-03-20 12:00:00,730.0,628.0,102.0,901.4,11.0,43,23.5,241,1001.4,39,5,38,0,0.1,3600.0,41.824,-71.4128,2024,3,20,12
2024-03-20 13:00:00,731.0,553.0,178.0,745.9,11.2,37,24.9,248,1001.5,98,1,98,0,0.0,3600.0,41.824,-71.4128,2024,3,20,13
2024-03-20 14:00:00,524.0,200.0,324.0,271.8,10.8,39,16.1,243,1000.4,95,1,95,0,0.0,3600.0,41.824,-71.4128,2024,3,20,14
2024-03-20 15:00:00,516.0,264.0,252.0,388.2,9.8,49,18.3,234,1000.2,100,3,100,0,0.1,3600.0,41.824,-71.4128,2024,3,20,15
2024-03-20 16:00:00,242.0,64.0,178.0,110.7,8.4,62,14.3,245,1000.0,100,24,100,0,0.7,1520.24,41.824,-71.4128,2024,3,20,16
2024-03-20 17:00:00,127.0,8.0,119.0,18.3,7.7,74,7.9,180,999.2,96,20,96,0,0.5,0.0,41.824,-71.4128,2024,3,20,17
2024-03-20 18:00:00,152.0,47.0,105.0,176.3,7.0,74,13.6,191,999.1,100,17,100,0,0.0,3488.03,41.824,-71.4128,2024,3,20,18
2024-03-20 19:00:00,12.0,0.0,12.0,0.0,5.6,82,11.2,182,999.0,99,13,99,0,0.2,0.0,41.824,-71.4128,2024,3,20,19
2024-03-20 20:00:00,0.0,0.0,0.0,0.0,4.7,87,8.2,209,999.0,100,5,100,0,0.1,0.0,41.824,-71.4128,2024,3,20,20
2024-03-20 21:00:00,0.0,0.0,0.0,0.0,3.2,94,23.6,291,1003.2,74,46,73,0,1.3,0.0,41.824,-71.4128,2024,3,20,21
2024-03-20 22:00:00,0.0,0.0,0.0,0.0,0.9,79,22.9,294,1004.1,69,0,69,0,0.2,0.0,41.824,-71.4128,2024,3,20,22
2024-03-20 23:00:00,0.0,0.0,0.0,0.0,-0.2,67,21.5,288,1004.7,0,0,0,0,0.0,0.0,41.824,-71.4128,2024,3,20,23
2024-03-21 00:00:00,0.0,0.0,0.0,0.0,-0.9,53,20.6,282,1005.8,0,0,0,0,0.0,0.0,41.824,-71.4128,2024,3,21,0
2024-03-21 01:00:00,0.0,0.0,0.0,0.0,-1.4,48,20.8,280,1006.3,0,0,0,0,0.0,0.0,41.824,-71.4128,2024,3,21,1
2024-03-21 02:00:00,0.0,0.0,0.0,0.0,-1.8,48,21.3,276,1006.7,0,0,0,0,0.0,0.0,41.824,-71.4128,2024,3,21,2
2024-03-21 03:00:00,0.0,0.0,0.0,0.0,-2.4,46,21.3,275,1007.2,0,0,0,0,0.0,0.0,41.824,-71.4128,2024,3,21,3
2024-03-21 04:00:00,0.0,0.0,0.0,0.0,-3.0,48,21.6,271,1007.8,0,0,0,0,0.0,0.0,41.824,-71.4128,2024,3,21,4
2024-03-21 05:00:00,0.0,0.0,0.0,0.0,-3.4,50,22.0,272,1008.6,0,0,0,0,0.0,0.0,41.824,-71.4128,2024,3,21,5
2024-03-21 06:00:00,0.0,0.0,0.0,0.0,-3.7,51,20.5,268,1009.4,0,0,0,0,0.0,0.0,41.824,-71.4128,2024,3,21,6
2024-03-21 07:00:00,1.0,0.0,1.0,0.0,-4.0,53,20.5,270,1010.6,0,0,0,0,0.0,0.0,41.824,-71.4128,2024,3,21,7
2024-03-21 08:00:00,91.0,59.0,32.0,451.0,-3.4,49,25.6,281,1011.8,14,14,0,0,0.0,3600.0,41.824,-71.4128,2024,3,21,8
2024-03-21 09:00:00,284.0,220.0,64.0,705.2,-2.0,43,29.7,284,1011.9,0,0,0,0,0.0,3600.0,41.824,-71.4128,2024,3,21,9
2024-03-21 10:00:00,481.0,402.0,79.0,842.9,-1.1,43,29.2,283,1012.6,2,2,0,0,0.0,3600.0,41.824,-71.4128,2024,3,21,10
2024-03-21 11:00:00,640.0,548.0,92.0,898.6,0.4,38,27.5,281,1012.7,4,4,0,0,0.0,3600.0,41.824,-71.4128,2024,3,21,11
2024-03-21 12:00:00,752.0,651.0,101.0,927.8,1.6,36,27.8,280,1012.7,0,0,0,0,0.0,3600.0,41.824,-71.4128,2024,3,21,12
2024-03-21 13:00:00,813.0,719.0,94.0,963.7,2.8,32,27.9,281,1012.9,1,1,0,0,0.0,3600.0,41.824,-71.4128,2024,3,21,13
2024-03-21 14:00:00,807.0,714.0,93.0,964.6,3.4,30,28.7,282,1013.1,1,1,0,0,0.0,3600.0,41.824,-71.4128,2024,3,21,14
2024-03-21 15:00:00,744.0,663.0,81.0,968.9,3.8,28,29.2,279,1013.1,1,1,1,0,0.0,3600.0,41.824,-71.4128,2024,3,21,15
2024-03-21 16:00:00,612.0,528.0,84.0,906.8,3.7,29,29.4,285,1013.6,12,9,12,0,0.0,3600.0,41.824,-71.4128,2024,3,21,16
2024-03-21 17:00:00,439.0,363.0,76.0,823.0,3.2,30,25.8,289,1014.2,6,0,6,0,0.0,3600.0,41.824,-71.4128,2024,3,21,17
2024-03-21 18:00:00,234.0,170.0,64.0,628.9,2.2,31,21.6,288,1015.3,0,0,0,0,0.0,3600.0,41.824,-71.4128,2024,3,21,18
2024-03-21 19:00:00,56.0,36.0,20.0,330.9,0.7,33,16.5,286,1016.6,0,0,0,0,0.0,3315.25,41.824,-71.4128,2024,3,21,19
2024-03-21 20:00:00,0.0,0.0,0.0,0.0,-0.3,32,18.6,292,1018.1,0,0,0,0,0.0,0.0,41.824,-71.4128,2024,3,21,20
2024-03-21 21:00:00,0.0,0.0,0.0,0.0,-1.5,35,20.0,288,1019.3,0,0,0,0,0.0,0.0,41.824,-71.4128,2024,3,21,21
2024-03-21 22:00:00,0.0,0.0,0.0,0.0,-2.6,40,18.5,294,1020.5,3,3,0,0,0.0,0.0,41.824,-71.4128,2024,3,21,22
2024-03-21 23:00:00,0.0,0.0,0.0,0.0,-3.3,46,16.5,290,1021.2,1,1,0,0,0.0,0.0,41.824,-71.4128,2024,3,21,23
2024-03-22 00:00:00,0.0,0.0,0.0,0.0,-3.6,51,14.1,289,1022.0,2,2,0,0,0.0,0.0,41.824,-71.4128,2024,3,22,0
2024-03-22 01:00:00,0.0,0.0,0.0,0.0,-3.7,53,14.1,283,1022.7,2,2,0,0,0.0,0.0,41.824,-71.4128,2024,3,22,1
2024-03-22 02:00:00,0.0,0.0,0.0,0.0,-4.0,56,14.4,283,1023.5,1,1,0,0,0.0,0.0,41.824,-71.4128,2024,3,22,2
2024-03-22 03:00:00,0.0,0.0,0.0,0.0,-4.2,57,14.8,284,1023.7,0,0,0,0,0.0,0.0,41.824,-71.4128,2024,3,22,3
2024-03-22 04:00:00,0.0,0.0,0.0,0.0,-4.3,57,14.6,290,1024.0,0,0,0,0,0.0,0.0,41.824,-71.4128,2024,3,22,4
2024-03-22 05:00:00,0.0,0.0,0.0,0.0,-4.5,57,12.3,291,1024.7,0,0,0,0,0.0,0.0,41.824,-71.4128,2024,3,22,5
2024-03-22 06:00:00,0.0,0.0,0.0,0.0,-4.9,58,10.4,290,1025.6,0,0,0,0,0.0,0.0,41.824,-71.4128,2024,3,22,6
2024-03-22 07:00:00,1.0,0.0,1.0,0.0,-5.2,60,8.4,277,1026.6,0,0,0,0,0.0,0.0,41.824,-71.4128,2024,3,22,7
2024-03-22 08:00:00,97.0,63.0,34.0,471.4,-3.7,55,8.0,275,1027.8,0,0,0,0,0.0,3600.0,41.824,-71.4128,2024,3,22,8
2024-03-22 09:00:00,294.0,229.0,65.0,721.3,-1.6,40,12.0,291,1027.5,0,0,0,0,0.0,3600.0,41.824,-71.4128,2024,3,22,9
2024-03-22 10:00:00,489.0,410.0,79.0,850.1,-0.3,37,10.0,296,1027.5,18,0,3,18,0.0,3600.0,41.824,-71.4128,2024,3,22,10
2024-03-22 11:00:00,648.0,560.0,88.0,910.5,1.2,35,9.2,281,1027.2,47,0,2,46,0.0,3600.0,41.824,-71.4128,2024,3,22,11
2024-03-22 12:00:00,754.0,654.0,100.0,925.6,2.8,32,9.5,281,1026.6,18,0,13,6,0.0,3600.0,41.824,-71.4128,2024,3,22,12
2024-03-22 13:00:00,804.0,701.0,103.0,933.7,4.4,30,8.3,275,1026.1,82,0,77,21,0.0,3600.0,41.824,-71.4128,2024,3,22,13
2024-03-22 14:00:00,723.0,484.0,239.0,650.0,5.4,29,8.3,272,1025.6,91,0,86,37,0.0,3600.0,41.824,-71.4128,2024,3,22,14
2024-03-22 15:00:00,532.0,267.0,265.0,387.8,5.7,28,7.6,265,1024.9,95,0,35,93,0.0,3600.0,41.824,-71.4128,2024,3,22,15
2024-03-22 16:00:00,559.0,417.0,142.0,711.4,6.2,28,7.9,254,1024.8,84,0,44,71,0.0,3600.0,41.824,-71.4128,2024,3,22,16
2024-03-22 17:00:00,408.0,302.0,106.0,678.9,5.9,29,4.8,222,1024.5,65,0,11,61,0.0,3600.0,41.824,-71.4128,2024,3,22,17
2024-03-22 18:00:00,224.0,153.0,71.0,558.4,5.3,30,1.1,108,1024.8,24,0,20,5,0.0,3600.0,41.824,-71.4128,2024,3,22,18
2024-03-22 19:00:00,53.0,30.0,23.0,271.2,2.6,62,6.3,156,1025.5,72,0,72,0,0.0,3382.15,41.824,-71.4128,2024,3,22,19
2024-03-22 20:00:00,0.0,0.0,0.0,0.0,2.0,48,11.3,211,1026.3,100,0,100,9,0.0,0.0,41.824,-71.4128,2024,3,22,20
2024-03-22 21:00:00,0.0,0.0,0.0,0.0,2.4,46,8.5,208,1025.7,100,100,100,0,0.0,0.0,41.824,-71.4128,2024,3,22,21
2024-03-22 22:00:00,0.0,0.0,0.0,0.0,2.0,50,7.6,211,1025.6,100,100,100,0,0.0,0.0,41.824,-71.4128,2024,3,22,22
2024-03-22 23:00:00,0.0,0.0,0.0,0.0,1.9,57,5.0,180,1025.1,100,100,100,0,0.0,0.0,41.824,-71.4128,2024,3,22,23
2024-03-23 00:00:00,0.0,0.0,0.0,0.0,1.8,62,5.4,176,1025.1,100,100,100,0,0.0,0.0,41.824,-71.4128,2024,3,23,0
2024-03-23 01:00:00,0.0,0.0,0.0,0.0,1.7,67,5.2,164,1024.6,100,100,100,84,0.0,0.0,41.824,-71.4128,2024,3,23,1
2024-03-23 02:00:00,0.0,0.0,0.0,0.0,1.7,73,4.8,117,1023.9,100,100,100,99,0.0,0.0,41.824,-71.4128,2024,3,23,2
2024-03-23 03:00:00,0.0,0.0,0.0,0.0,1.8,75,6.6,103,1022.9,100,100,100,100,0.0,0.0,41.824,-71.4128,2024,3,23,3
2024-03-23 04:00:00,0.0,0.0,0.0,0.0,1.8,76,8.1,103,1022.0,100,100,100,100,0.0,0.0,41.824,-71.4128,2024,3,23,4
2024-03-23 05:00:00,0.0,0.0,0.0,0.0,1.8,74,11.1,103,1020.9,100,100,100,100,0.3,0.0,41.824,-71.4128,2024,3,23,5
2024-03-23 06:00:00,0.0,0.0,0.0,0.0,1.4,87,13.4,117,1020.3,100,100,100,100,0.8,0.0,41.824,-71.4128,2024,3,23,6
2024-03-23 07:00:00,0.0,0.0,0.0,0.0,2.1,91,12.7,119,1019.4,100,100,100,100,0.9,0.0,41.824,-71.4128,2024,3,23,7
2024-03-23 08:00:00,9.0,0.0,9.0,0.0,3.6,94,12.0,129,1018.4,100,100,100,100,2.1,0.0,41.824,-71.4128,2024,3,23,8
2024-03-23 09:00:00,24.0,0.0,24.0,0.0,2.6,98,10.7,50,1018.0,100,94,100,100,1.7,0.0,41.824,-71.4128,2024,3,23,9
2024-03-23 10:00:00,39.0,0.0,39.0,0.0,3.7,98,10.0,60,1016.9,100,100,100,100,1.9,0.0,41.824,-71.4128,2024,3,23,10
2024-03-23 11:00:00,101.0,0.0,101.0,0.0,5.7,97,6.5,56,1016.0,100,100,100,100,1.8,0.0,41.824,-71.4128,2024,3,23,11
2024-03-23 12:00:00,227.0,5.0,222.0,7.0,8.9,92,10.9,146,1015.2,100,13,100,100,1.7,0.0,41.824,-71.4128,2024,3,23,12
2024-03-23 13:00:00,187.0,1.0,186.0,1.3,8.2,87,10.9,117,1013.9,100,5,100,100,1.1,0.0,41.824,-71.4128,2024,3,23,13
2024-03-23 14:00:00,261.0,12.0,249.0,16.0,8.8,91,9.9,123,1011.6,100,6,100,100,0.9,0.0,41.824,-71.4128,2024,3,23,14
2024-03-23 15:00:00,121.0,1.0,120.0,1.4,8.8,89,11.4,156,1009.6,100,22,100,100,1.9,0.0,41.824,-71.4128,2024,3,23,15
2024-03-23 16:00:00,33.0,0.0,33.0,0.0,8.3,88,6.1,140,1007.7,100,76,100,100,4.2,0.0,41.824,-71.4128,2024,3,23,16
2024-03-23 17:00:00,35.0,0.0,35.0,0.0,9.0,95,14.4,103,1004.9,100,52,100,100,3.8,0.0,41.824,-71.4128,2024,3,23,17
2024-03-23 18:00:00,8.0,0.0,8.0,0.0,10.0,95,20.9,134,1002.1,100,100,100,100,4.6,0.0,41.824,-71.4128,2024,3,23,18
2024-03-23 19:00:00,3.0,0.0,3.0,0.0,10.8,92,24.6,173,1000.7,100,100,100,100,8.7,0.0,41.824,-71.4128,2024,3,23,19
2024-03-23 20:00:00,0.0,0.0,0.0,0.0,10.5,98,9.8,234,1000.7,100,100,100,100,10.6,0.0,41.824,-71.4128,2024,3,23,20
2024-03-23 21:00:00,0.0,0.0,0.0,0.0,2.3,95,26.8,340,1002.7,100,100,100,100,2.7,0.0,41.824,-71.4128,2024,3,23,21
2024-03-23 22:00:00,0.0,0.0,0.0,0.0,1.7,96,25.3,337,1003.8,100,100,100,100,1.6,0.0,41.824,-71.4128,2024,3,23,22
2024-03-23 23:00:00,0.0,0.0,0.0,0.0,1.4,91,27.7,337,1004.0,100,18,9,100,0.2,0.0,41.824,-71.4128,2024,3,23,23
2024-03-24 00:00:00,0.0,0.0,0.0,0.0,0.4,87,29.5,333,1004.7,100,16,0,100,0.0,0.0,41.824,-71.4128,2024,3,24,0
2024-03-24 01:00:00,0.0,0.0,0.0,0.0,-0.7,82,27.4,327,1006.6,100,5,0,100,0.0,0.0,41.824,-71.4128,2024,3,24,1
2024-03-24 02:00:00,0.0,0.0,0.0,0.0,-1.9,73,28.8,328,1008.4,100,4,0,100,0.0,0.0,41.824,-71.4128,2024,3,24,2
2024-03-24 03:00:00,0.0,0.0,0.0,0.0,-2.7,67,25.1,331,1010.0,100,5,0,100,0.0,0.0,41.824,-71.4128,2024,3,24,3
2024-03-24 04:00:00,0.0,0.0,0.0,0.0,-2.8,64,24.1,333,1012.0,100,0,0,100,0.0,0.0,41.824,-71.4128,2024,3,24,4
2024-03-24 05:00:00,0.0,0.0,0.0,0.0,-2.9,60,24.3,336,1014.0,100,0,0,100,0.0,0.0,41.824,-71.4128,2024,3,24,5
2024-03-24 06:00:00,0.0,0.0,0.0,0.0,-3.1,58,23.5,337,1016.0,100,1,0,100,0.0,0.0,41.824,-71.4128,2024,3,24,6
2024-03-24 07:00:00,2.0,0.0,2.0,0.0,-3.4,56,23.6,341,1017.6,100,0,0,100,0.0,0.0,41.824,-71.4128,2024,3,24,7
2024-03-24 08:00:00,79.0,12.0,67.0,83.9,-2.8,53,20.7,337,1018.7,100,0,0,100,0.0,718.22,41.824,-71.4128,2024,3,24,8
2024-03-24 09:00:00,244.0,102.0,142.0,310.5,-1.3,46,23.0,335,1020.4,100,0,0,100,0.0,3600.0,41.824,-71.4128,2024,3,24,9
2024-03-24 10:00:00,398.0,190.0,208.0,385.4,0.6,39,21.5,339,1021.4,100,0,0,100,0.0,3600.0,41.824,-71.4128,2024,3,24,10
2024-03-24 11:00:00,550.0,290.0,260.0,463.8,2.4,33,22.6,351,1022.5,100,0,0,100,0.0,3600.0,41.824,-71.4128,2024,3,24,11
2024-03-24 12:00:00,653.0,349.0,304.0,487.2,4.2,29,20.5,357,1022.9,100,0,0,100,0.0,3600.0,41.824,-71.4128,2024,3,24,12
2024-03-24 13:00:00,741.0,474.0,267.0,623.7,5.2,26,22.3,360,1023.2,100,0,0,100,0.0,3600.0,41.824,-71.4128,2024,3,24,13
2024-03-24 14:00:00,730.0,469.0,261.0,622.7,6.0,27,19.5,12,1023.0,100,0,0,100,0.0,3600.0,41.824,-71.4128,2024,3,24,14
2024-03-24 15:00:00,666.0,437.0,229.0,627.3,6.5,26,17.9,9,1022.9,100,0,0,100,0.0,3600.0,41.824,-71.4128,2024,3,24,15
2024-03-24 16:00:00,543.0,336.0,207.0,565.7,6.5,26,16.5,10,1023.1,100,0,0,100,0.0,3600.0,41.824,-71.4128,2024,3,24,16
2024-03-24 17:00:00,407.0,271.0,136.0,599.2,6.1,28,15.1,12,1023.9,100,0,0,100,0.0,3600.0,41.824,-71.4128,2024,3,24,17
2024-03-24 18:00:00,209.0,103.0,106.0,366.2,5.1,33,11.5,4,1025.3,100,0,0,100,0.0,3600.0,41.824,-71.4128,2024,3,24,18
2024-03-24 19:00:00,52.0,15.0,37.0,131.3,2.9,40,10.8,360,1026.5,100,0,0,100,0.0,2876.3,41.824,-71.4128,2024,3,24,19
2024-03-24 20:00:00,0.0,0.0,0.0,0.0,1.5,45,9.1,18,1027.4,100,0,0,100,0.0,0.0,41.824,-71.4128,2024,3,24,20
2024-03-24 21:00:00,0.0,0.0,0.0,0.0,0.4,51,10.2,10,1028.6,100,0,0,100,0.0,0.0,41.824,-71.4128,2024,3,24,21
2024-03-24 22:00:00,0.0,0.0,0.0,0.0,0.0,52,10.2,8,1029.0,100,0,0,100,0.0,0.0,41.824,-71.4128,2024,3,24,22
2024-03-24 23:00:00,0.0,0.0,0.0,0.0,-0.5,55,9.9,10,1029.1,100,0,0,100,0.0,0.0,41.824,-71.4128,2024,3,24,23
2024-03-25 00:00:00,0.0,0.0,0.0,0.0,-1.2,57,12.1,10,1029.2,99,0,0,99,0.0,0.0,41.824,-71.4128,2024,3,25,0
2024-03-25 01:00:00,0.0,0.0,0.0,0.0,-1.5,59,13.0,360,1029.3,100,0,0,100,0.0,0.0,41.824,-71.4128,2024,3,25,1
2024-03-25 02:00:00,0.0,0.0,0.0,0.0,-1.7,60,13.2,11,1029.8,100,0,0,100,0.0,0.0,41.824,-71.4128,2024,3,25,2
2024-03-25 03:00:00,0.0,0.0,0.0,0.0,-1.6,63,14.5,14,1029.8,100,0,0,100,0.0,0.0,41.824,-71.4128,2024,3,25,3
2024-03-25 04:00:00,0.0,0.0,0.0,0.0,-1.6,67,15.9,4,1030.0,100,0,0,100,0.0,0.0,41.824,-71.4128,2024,3,25,4
2024-03-25 05:00:00,0.0,0.0,0.0,0.0,-1.6,67,17.3,1,1030.6,100,0,0,100,0.0,0.0,41.824,-71.4128,2024,3,25,5
2024-03-25 06:00:00,0.0,0.0,0.0,0.0,-1.5,68,16.3,14,1030.7,100,0,0,100,0.0,0.0,41.824,-71.4128,2024,3,25,6
2024-03-25 07:00:00,3.0,0.0,3.0,0.0,-1.3,71,16.5,16,1031.3,100,0,0,100,0.0,0.0,41.824,-71.4128,2024,3,25,7
2024-03-25 08:00:00,84.0,20.0,64.0,134.6,0.1,71,13.4,8,1031.6,100,0,0,100,0.0,2239.47,41.824,-71.4128,2024,3,25,8
2024-03-25 09:00:00,233.0,93.0,140.0,278.5,2.3,66,17.5,19,1031.4,100,3,0,100,0.0,3600.0,41.824,-71.4128,2024,3,25,9
2024-03-25 10:00:00,396.0,186.0,210.0,373.3,4.1,53,22.9,45,1031.2,100,2,0,100,0.0,3600.0,41.824,-71.4128,2024,3,25,10
2024-03-25 11:00:00,527.0,269.0,258.0,426.8,5.0,50,23.9,45,1031.5,100,0,0,100,0.0,3600.0,41.824,-71.4128,2024,3,25,11
2024-03-25 12:00:00,621.0,324.0,297.0,449.3,5.5,49,24.0,41,1031.8,100,0,0,100,0.0,3600.0,41.824,-71.4128,2024,3,25,12
2024-03-25 13:00:00,683.0,376.0,307.0,491.8,5.7,48,25.2,42,1031.5,100,0,0,100,0.0,3600.0,41.824,-71.4128,2024,3,25,13
2024-03-25 14:00:00,666.0,367.0,299.0,484.5,5.7,49,24.4,37,1031.0,100,0,0,100,0.0,3600.0,41.824,-71.4128,2024,3,25,14
2024-03-25 15:00:00,561.0,232.0,329.0,331.1,5.3,50,24.7,34,1030.6,100,1,0,100,0.0,3600.0,41.824,-71.4128,2024,3,25,15
2024-03-25 16:00:00,468.0,204.0,264.0,341.3,5.0,51,24.3,32,1029.9,100,0,0,100,0.0,3600.0,41.824,-71.4128,2024,3,25,16
2024-03-25 17:00:00,352.0,159.0,193.0,348.7,4.4,51,23.1,34,1029.3,89,0,0,89,0.0,3600.0,41.824,-71.4128,2024,3,25,17
2024-03-25 18:00:00,244.0,179.0,65.0,628.4,3.2,59,21.9,33,1029.1,100,0,0,100,0.0,3600.0,41.824,-71.4128,2024,3,25,18
2024-03-25 19:00:00,56.0,22.0,34.0,189.6,1.8,68,19.2,26,1029.3,100,0,0,100,0.0,3582.03,41.824,-71.4128,2024,3,25,19
2024-03-25 20:00:00,0.0,0.0,0.0,0.0,1.1,72,19.9,20,1029.2,100,0,0,100,0.0,0.0,41.824,-71.4128,2024,3,25,20
2024-03-25 21:00:00,0.0,0.0,0.0,0.0,0.8,74,19.9,17,1029.2,100,0,0,100,0.0,0.0,41.824,-71.4128,2024,3,25,21
2024-03-25 22:00:00,0.0,0.0,0.0,0.0,0.5,74,19.4,22,1028.8,99,0,0,99,0.0,0.0,41.824,-71.4128,2024,3,25,22
2024-03-25 23:00:00,0.0,0.0,0.0,0.0,0.5,70,19.6,20,1028.0,78,22,0,71,0.0,0.0,41.824,-71.4128,2024,3,25,23
2024-03-26 00:00:00,0.0,0.0,0.0,0.0,0.8,66,19.3,21,1027.7,98,84,0,86,0.0,0.0,41.824,-71.4128,2024,3,26,0
2024-03-26 01:00:00,0.0,0.0,0.0,0.0,1.7,62,19.7,21,1026.6,97,4,0,97,0.0,0.0,41.824,-71.4128,2024,3,26,1
2024-03-26 02:00:00,0.0,0.0,0.0,0.0,1.4,64,19.5,25,1025.6,19,3,0,17,0.0,0.0,41.824,-71.4128,2024,3,26,2
2024-03-26 03:00:00,0.0,0.0,0.0,0.0,1.2,67,19.6,20,1024.8,22,3,0,19,0.0,0.0,41.824,-71.4128,2024,3,26,3
2024-03-26 04:00:00,0.0,0.0,0.0,0.0,1.3,70,21.2,21,1023.8,17,12,0,6,0.0,0.0,41.824,-71.4128,2024,3,26,4
2024-03-26 05:00:00,0.0,0.0,0.0,0.0,1.4,71,21.0,22,1023.4,100,100,0,0,0.0,0.0,41.824,-71.4128,2024,3,26,5
2024-03-26 06:00:00,0.0,0.0,0.0,0.0,2.1,70,20.7,17,1023.6,100,100,0,0,0.0,0.0,41.824,-71.4128,2024,3,26,6
2024-03-26 07:00:00,2.0,0.0,2.0,0.0,2.2,70,20.6,12,1023.8,100,100,0,0,0.0,0.0,41.824,-71.4128,2024,3,26,7
2024-03-26 08:00:00,48.0,6.0,42.0,38.9,3.2,70,21.1,14,1024.0,100,100,1,0,0.0,0.0,41.824,-71.4128,2024,3,26,8
2024-03-26 09:00:00,192.0,66.0,126.0,194.5,2.3,61,21.8,9,1024.4,100,100,23,0,0.0,3600.0,41.824,-71.4128,2024,3,26,9
2024-03-26 10:00:00,162.0,17.0,145.0,33.8,2.7,63,21.7,12,1024.0,100,100,1,9,0.0,0.0,41.824,-71.4128,2024,3,26,10
2024-03-26 11:00:00,349.0,82.0,267.0,129.1,4.2,63,22.4,19,1024.0,100,100,5,11,0.0,2072.24,41.824,-71.4128,2024,3,26,11
2024-03-26 12:00:00,419.0,90.0,329.0,124.0,5.2,63,22.5,32,1023.2,100,100,0,43,0.0,1919.85,41.824,-71.4128,2024,3,26,12
2024-03-26 13:00:00,422.0,80.0,342.0,104.0,5.8,66,23.3,39,1022.2,100,100,0,14,0.0,1321.17,41.824,-71.4128,2024,3,26,13
2024-03-26 14:00:00,321.0,31.0,290.0,40.7,6.0,71,22.3,39,1021.8,100,100,2,1,0.0,0.0,41.824,-71.4128,2024,3,26,14
2024-03-26 15:00:00,263.0,30.0,233.0,42.6,5.6,73,21.3,34,1021.5,100,100,5,0,0.0,0.0,41.824,-71.4128,2024,3,26,15
2024-03-26 16:00:00,112.0,1.0,111.0,1.7,4.7,77,19.2,26,1021.5,100,100,28,0,0.0,0.0,41.824,-71.4128,2024,3,26,16
2024-03-26 17:00:00,75.0,1.0,74.0,2.2,4.5,81,19.5,23,1021.2,100,100,26,0,0.0,0.0,41.824,-71.4128,2024,3,26,17
2024-03-26 18:00:00,38.0,0.0,38.0,0.0,4.0,83,17.9,15,1020.9,100,100,3,0,0.0,0.0,41.824,-71.4128,2024,3,26,18
2024-03-26 19:00:00,10.0,0.0,10.0,0.0,3.5,87,17.3,23,1020.0,100,100,0,0,0.1,0.0,41.824,-71.4128,2024,3,26,19
2024-03-26 20:00:00,0.0,0.0,0.0,0.0,3.4,89,15.7,9,1020.1,100,100,0,0,0.0,0.0,41.824,-71.4128,2024,3,26,20
2024-03-26 21:00:00,0.0,0.0,0.0,0.0,2.3,86,14.6,16,1020.6,100,100,0,17,0.0,0.0,41.824,-71.4128,2024,3,26,21
2024-03-26 22:00:00,0.0,0.0,0.0,0.0,2.7,88,14.2,16,1020.6,100,100,0,94,0.0,0.0,41.824,-71.4128,2024,3,26,22
2024-03-26 23:00:00,0.0,0.0,0.0,0.0,2.9,90,12.3,3,1020.5,100,100,0,99,0.0,0.0,41.824,-71.4128,2024,3,26,23
2024-03-27 00:00:00,0.0,0.0,0.0,0.0,3.1,91,12.6,13,1019.7,100,100,0,100,0.0,0.0,41.824,-71.4128,2024,3,27,0
2024-03-27 01:00:00,0.0,0.0,0.0,0.0,3.3,92,11.3,7,1018.8,100,100,1,99,0.0,0.0,41.824,-71.4128,2024,3,27,1
2024-03-27 02:00:00,0.0,0.0,0.0,0.0,3.5,93,10.8,360,1018.1,100,100,53,100,0.0,0.0,41.824,-71.4128,2024,3,27,2
2024-03-27 03:00:00,0.0,0.0,0.0,0.0,3.6,94,10.9,8,1017.5,100,100,78,80,0.0,0.0,41.824,-71.4128,2024,3,27,3
2024-03-27 04:00:00,0.0,0.0,0.0,0.0,3.7,94,10.2,10,1017.0,100,100,100,74,0.1,0.0,41.824,-71.4128,2024,3,27,4
2024-03-27 05:00:00,0.0,0.0,0.0,0.0,3.8,95,9.7,356,1016.9,100,100,10,1,0.1,0.0,41.824,-71.4128,2024,3,27,5
2024-03-27 06:00:00,0.0,0.0,0.0,0.0,3.8,95,10.7,348,1017.4,100,100,0,0,0.1,0.0,41.824,-71.4128,2024,3,27,6
2024-03-27 07:00:00,1.0,0.0,1.0,0.0,3.7,95,10.3,331,1017.9,100,100,8,0,0.1,0.0,41.824,-71.4128,2024,3,27,7
2024-03-27 08:00:00,22.0,2.0,20.0,12.5,4.0,93,10.5,338,1018.6,100,100,0,0,0.0,0.0,41.824,-71.4128,2024,3,27,8
2024-03-27 09:00:00,54.0,2.0,52.0,5.8,4.1,88,8.1,347,1019.0,100,100,0,39,0.0,0.0,41.824,-71.4128,2024,3,27,9
2024-03-27 10:00:00,119.0,6.0,113.0,11.8,5.3,86,7.2,342,1018.9,100,100,0,0,0.0,0.0,41.824,-71.4128,2024,3,27,10
2024-03-27 11:00:00,192.0,6.0,186.0,9.4,7.0,82,7.4,346,1019.1,100,100,0,0,0.0,0.0,41.824,-71.4128,2024,3,27,11
2024-03-27 12:00:00,207.0,8.0,199.0,11.0,8.0,81,6.4,333,1018.7,100,100,0,0,0.0,0.0,41.824,-71.4128,2024,3,27,12
2024-03-27 13:00:00,269.0,26.0,243.0,33.6,9.7,77,5.0,360,1017.9,100,100,0,31,0.0,0.0,41.824,-71.4128,2024,3,27,13
2024-03-27 14:00:00,324.0,53.0,271.0,69.2,11.7,74,3.3,49,1017.3,100,100,0,0,0.0,276.15,41.824,-71.4128,2024,3,27,14
2024-03-27 15:00:00,248.0,40.0,208.0,56.5,13.1,73,1.1,90,1016.7,100,100,0,12,0.0,0.0,41.824,-71.4128,2024,3,27,15
2024-03-27 16:00:00,250.0,43.0,207.0,71.0,14.0,73,4.7,113,1016.1,100,100,5,99,0.0,331.31,41.824,-71.4128,2024,3,27,16
2024-03-27 17:00:00,152.0,13.0,139.0,28.1,13.6,77,6.0,147,1016.5,100,99,71,98,0.0,0.0,41.824,-71.4128,2024,3,27,17
2024-03-27 18:00:00,67.0,3.0,64.0,10.3,12.6,84,7.6,177,1016.5,100,84,14,100,0.0,0.0,41.824,-71.4128,2024,3,27,18
2024-03-27 19:00:00,25.0,3.0,22.0,25.1,10.6,90,10.1,176,1016.7,100,73,16,100,0.0,0.0,41.824,-71.4128,2024,3,27,19
2024-03-27 20:00:00,0.0,0.0,0.0,0.0,9.3,93,7.0,201,1017.1,100,100,36,99,0.0,0.0,41.824,-71.4128,2024,3,27,20
2024-03-27 21:00:00,0.0,0.0,0.0,0.0,9.7,97,3.4,148,1017.7,100,100,100,100,0.2,0.0,41.824,-71.4128,2024,3,27,21
2024-03-27 22:00:00,0.0,0.0,0.0,0.0,9.3,99,2.8,140,1017.2,100,13,100,100,1.7,0.0,41.824,-71.4128,2024,3,27,22
2024-03-27 23:00:00,0.0,0.0,0.0,0.0,8.7,99,3.3,139,1016.6,100,37,100,67,0.8,0.0,41.824,-71.4128,2024,3,27,23
2024-03-28 00:00:00,0.0,0.0,0.0,0.0,8.3,99,2.4,153,1016.0,99,64,93,77,0.1,0.0,41.824,-71.4128,2024,3,28,0
2024-03-28 01:00:00,0.0,0.0,0.0,0.0,8.1,99,4.1,218,1016.2,100,65,100,1,0.0,0.0,41.824,-71.4128,2024,3,28,1
2024-03-28 02:00:00,0.0,0.0,0.0,0.0,8.0,98,4.0,170,1015.7,100,68,100,87,0.0,0.0,41.824,-71.4128,2024,3,28,2
2024-03-28 03:00:00,0.0,0.0,0.0,0.0,7.8,99,3.1,234,1015.0,100,100,100,100,0.0,0.0,41.824,-71.4128,2024,3,28,3
2024-03-28 04:00:00,0.0,0.0,0.0,0.0,8.1,97,3.8,287,1014.7,100,100,100,100,0.0,0.0,41.824,-71.4128,2024,3,28,4
2024-03-28 05:00:00,0.0,0.0,0.0,0.0,8.1,98,3.9,326,1014.3,100,100,100,98,0.8,0.0,41.824,-71.4128,2024,3,28,5
2024-03-28 06:00:00,0.0,0.0,0.0,0.0,7.9,98,4.8,48,1014.3,100,84,100,99,1.1,0.0,41.824,-71.4128,2024,3,28,6
2024-03-28 07:00:00,1.0,0.0,1.0,0.0,7.6,99,3.6,323,1014.5,100,100,100,100,0.8,0.0,41.824,-71.4128,2024,3,28,7
2024-03-28 08:00:00,15.0,0.0,15.0,0.0,8.0,98,1.9,22,1014.4,100,100,100,100,1.3,0.0,41.824,-71.4128,2024,3,28,8
2024-03-28 09:00:00,45.0,0.0,45.0,0.0,9.1,97,4.7,32,1013.0,100,37,100,100,1.0,0.0,41.824,-71.4128,2024,3,28,9
2024-03-28 10:00:00,83.0,0.0,83.0,0.0,9.8,96,2.3,288,1012.9,100,15,100,100,0.9,0.0,41.824,-71.4128,2024,3,28,10
2024-03-28 11:00:00,74.0,0.0,74.0,0.0,10.3,95,6.6,315,1013.1,100,62,100,100,1.2,0.0,41.824,-71.4128,2024,3,28,11
2024-03-28 12:00:00,58.0,0.0,58.0,0.0,10.6,96,4.4,35,1012.5,100,100,100,100,2.3,0.0,41.824,-71.4128,2024,3,28,12
2024-03-28 13:00:00,75.0,0.0,75.0,0.0,10.5,97,8.3,358,1011.4,100,58,100,100,1.7,0.0,41.824,-71.4128,2024,3,28,13
2024-03-28 14:00:00,67.0,0.0,67.0,0.0,10.5,97,6.5,3,1010.8,100,29,100,100,2.2,0.0,41.824,-71.4128,2024,3,28,14
2024-03-28 15:00:00,47.0,0.0,47.0,0.0,10.4,98,7.1,15,1009.8,100,60,100,100,3.1,0.0,41.824,-71.4128,2024,3,28,15
2024-03-28 16:00:00,36.0,0.0,36.0,0.0,10.1,99,8.2,38,1009.2,100,100,100,100,3.3,0.0,41.824,-71.4128,2024,3,28,16
2024-03-28 17:00:00,34.0,0.0,34.0,0.0,10.0,98,11.6,355,1008.2,100,100,100,100,1.5,0.0,41.824,-71.4128,2024,3,28,17
2024-03-28 18:00:00,30.0,0.0,30.0,0.0,9.9,97,15.2,338,1007.8,100,100,100,100,1.2,0.0,41.824,-71.4128,2024,3,28,18
2024-03-28 19:00:00,5.0,0.0,5.0,0.0,9.5,96,15.1,348,1007.3,100,100,100,100,1.5,0.0,41.824,-71.4128,2024,3,28,19
2024-03-28 20:00:00,0.0,0.0,0.0,0.0,8.8,95,16.1,336,1007.7,100,100,100,100,1.8,0.0,41.824,-71.4128,2024,3,28,20
2024-03-28 21:00:00,0.0,0.0,0.0,0.0,8.7,95,17.2,349,1007.3,100,94,100,100,2.2,0.0,41.824,-71.4128,2024,3,28,21
2024-03-28 22:00:00,0.0,0.0,0.0,0.0,8.1,95,16.2,343,1007.5,100,100,100,100,2.3,0.0,41.824,-71.4128,2024,3,28,22
2024-03-28 23:00:00,0.0,0.0,0.0,0.0,7.7,96,15.9,347,1006.3,100,100,100,100,2.7,0.0,41.824,-71.4128,2024,3,28,23
2024-03-29 00:00:00,0.0,0.0,0.0,0.0,7.3,96,18.2,342,1005.9,100,100,100,100,2.2,0.0,41.824,-71.4128,2024,3,29,0
2024-03-29 01:00:00,0.0,0.0,0.0,0.0,6.8,95,19.3,339,1005.1,100,100,100,100,2.0,0.0,41.824,-71.4128,2024,3,29,1
2024-03-29 02:00:00,0.0,0.0,0.0,0.0,6.2,94,21.1,340,1003.9,100,100,100,100,2.0,0.0,41.824,-71.4128,2024,3,29,2
2024-03-29 03:00:00,0.0,0.0,0.0,0.0,5.5,94,21.9,330,1004.0,100,100,100,100,1.5,0.0,41.824,-71.4128,2024,3,29,3
2024-03-29 04:00:00,0.0,0.0,0.0,0.0,4.8,93,24.8,332,1003.3,100,100,100,100,1.5,0.0,41.824,-71.4128,2024,3,29,4
2024-03-29 05:00:00,0.0,0.0,0.0,0.0,3.5,93,24.3,335,1002.9,100,100,100,96,1.1,0.0,41.824,-71.4128,2024,3,29,5
2024-03-29 06:00:00,0.0,0.0,0.0,0.0,3.0,93,24.4,338,1002.3,100,100,100,27,0.7,0.0,41.824,-71.4128,2024,3,29,6
2024-03-29 07:00:00,1.0,0.0,1.0,0.0,2.9,92,22.1,336,1002.8,100,24,100,100,0.5,0.0,41.824,-71.4128,2024,3,29,7
2024-03-29 08:00:00,11.0,0.0,11.0,0.0,2.8,92,21.7,336,1002.1,100,0,100,100,0.6,0.0,41.824,-71.4128,2024,3,29,8
2024-03-29 09:00:00,30.0,0.0,30.0,0.0,3.0,92,22.2,335,1001.6,100,4,100,100,0.8,0.0,41.824,-71.4128,2024,3,29,9
2024-03-29 10:00:00,89.0,0.0,89.0,0.0,2.9,96,18.8,328,1001.3,100,30,100,100,0.9,0.0,41.824,-71.4128,2024,3,29,10
2024-03-29 11:00:00,167.0,5.0,162.0,7.7,3.7,93,19.9,325,1000.2,100,0,100,100,0.7,0.0,41.824,-71.4128,2024,3,29,11
2024-03-29 12:00:00,269.0,15.0,254.0,20.3,5.0,82,18.8,324,999.4,100,0,96,100,0.3,0.0,41.824,-71.4128,2024,3,29,12
2024-03-29 13:00:00,458.0,119.0,339.0,152.2,8.3,51,24.8,324,998.4,100,0,73,100,0.1,2765.2,41.824,-71.4128,2024,3,29,13
2024-03-29 14:00:00,466.0,123.0,343.0,158.9,9.4,41,26.5,323,998.0,100,0,90,100,0.0,2967.57,41.824,-71.4128,2024,3,29,14
2024-03-29 15:00:00,398.0,70.0,328.0,97.7,9.8,40,27.5,314,997.4,100,0,60,100,0.0,1132.16,41.824,-71.4128,2024,3,29,15
2024-03-29 16:00:00,456.0,172.0,284.0,280.8,10.4,35,28.0,313,997.5,100,0,15,100,0.0,3600.0,41.824,-71.4128,2024,3,29,16
2024-03-29 17:00:00,365.0,179.0,186.0,380.6,10.3,36,25.1,308,997.8,100,0,0,100,0.0,3600.0,41.824,-71.4128,2024,3,29,17
2024-03-29 18:00:00,216.0,100.0,116.0,334.5,9.3,37,22.5,302,998.4,100,0,0,100,0.0,3600.0,41.824,-71.4128,2024,3,29,18
2024-03-29 19:00:00,57.0,11.0,46.0,89.4,8.2,37,20.8,304,999.0,100,1,0,100,0.0,1191.7,41.824,-71.4128,2024,3,29,19
2024-03-29 20:00:00,0.0,0.0,0.0,0.0,7.0,42,23.3,302,1000.3,59,1,0,58,0.0,0.0,41.824,-71.4128,2024,3,29,20
2024-03-29 21:00:00,0.0,0.0,0.0,0.0,6.2,43,25.0,300,1000.3,49,3,0,48,0.0,0.0,41.824,-71.4128,2024,3,29,21
2024-03-29 22:00:00,0.0,0.0,0.0,0.0,4.8,47,23.8,302,1001.0,2,0,0,1,0.0,0.0,41.824,-71.4128,2024,3,29,22
2024-03-29 23:00:00,0.0,0.0,0.0,0.0,3.9,49,23.8,299,1001.3,14,14,0,0,0.0,0.0,41.824,-71.4128,2024,3,29,23
2024-03-30 00:00:00,0.0,0.0,0.0,0.0,3.2,52,22.7,293,1001.7,43,43,0,0,0.0,0.0,41.824,-71.4128,2024,3,30,0
2024-03-30 01:00:00,0.0,0.0,0.0,0.0,3.0,57,22.7,295,1001.9,72,72,0,0,0.0,0.0,41.824,-71.4128,2024,3,30,1
2024-03-30 02:00:00,0.0,0.0,0.0,0.0,3.0,60,19.2,293,1001.9,78,77,0,0,0.0,0.0,41.824,-71.4128,2024,3,30,2
2024-03-30 03:00:00,0.0,0.0,0.0,0.0,2.6,63,17.4,292,1001.8,32,32,0,0,0.0,0.0,41.824,-71.4128,2024,3,30,3
2024-03-30 04:00:00,0.0,0.0,0.0,0.0,2.2,64,16.3,288,1002.0,49,49,0,0,0.0,0.0,41.824,-71.4128,2024,3,30,4
2024-03-30 05:00:00,0.0,0.0,0.0,0.0,1.7,64,15.3,297,1002.6,59,59,0,0,0.0,0.0,41.824,-71.4128,2024,3,30,5
2024-03-30 06:00:00,0.0,0.0,0.0,0.0,1.1,64,13.8,290,1003.0,47,47,0,0,0.0,0.0,41.824,-71.4128,2024,3,30,6
2024-03-30 07:00:00,8.0,3.0,5.0,50.7,0.9,64,14.8,288,1003.4,7,7,0,0,0.0,190.63,41.824,-71.4128,2024,3,30,7
2024-03-30 08:00:00,130.0,86.0,44.0,489.0,2.3,58,16.7,289,1004.0,23,23,0,0,0.0,3600.0,41.824,-71.4128,2024,3,30,8
2024-03-30 09:00:00,316.0,237.0,79.0,657.3,4.7,46,25.3,300,1003.0,18,18,0,0,0.0,3600.0,41.824,-71.4128,2024,3,30,9
2024-03-30 10:00:00,521.0,437.0,84.0,834.2,6.1,45,23.7,294,1003.4,1,1,0,0,0.0,3600.0,41.824,-71.4128,2024,3,30,10
2024-03-30 11:00:00,675.0,575.0,100.0,878.3,7.8,43,23.5,288,1003.7,1,1,0,0,0.0,3600.0,41.824,-71.4128,2024,3,30,11
2024-03-30 12:00:00,790.0,695.0,95.0,933.9,8.8,42,22.8,288,1003.7,0,0,0,0,0.0,3600.0,41.824,-71.4128,2024,3,30,12
2024-03-30 13:00:00,843.0,745.0,98.0,947.6,10.1,41,20.7,283,1003.8,0,0,0,0,0.0,3600.0,41.824,-71.4128,2024,3,30,13
2024-03-30 14:00:00,833.0,736.0,97.0,946.1,11.2,40,18.3,286,1003.2,0,0,0,0,0.0,3600.0,41.824,-71.4128,2024,3,30,14
2024-03-30 15:00:00,763.0,671.0,92.0,932.0,12.1,38,16.6,283,1002.6,0,0,0,0,0.0,3600.0,41.824,-71.4128,2024,3,30,15
2024-03-30 16:00:00,637.0,552.0,85.0,895.8,12.4,37,17.0,274,1002.2,0,0,0,0,0.0,3600.0,41.824,-71.4128,2024,3,30,16
2024-03-30 17:00:00,464.0,388.0,76.0,818.9,12.3,38,16.2,273,1002.0,2,0,0,2,0.0,3600.0,41.824,-71.4128,2024,3,30,17
2024-03-30 18:00:00,266.0,206.0,60.0,681.2,11.5,43,13.8,264,1002.6,23,0,0,23,0.0,3600.0,41.824,-71.4128,2024,3,30,18
2024-03-30 19:00:00,77.0,48.0,29.0,384.7,9.2,52,9.4,263,1003.3,37,0,0,37,0.0,3600.0,41.824,-71.4128,2024,3,30,19
2024-03-30 20:00:00,0.0,0.0,0.0,0.0,7.1,59,9.0,270,1003.8,94,0,0,94,0.0,0.0,41.824,-71.4128,2024,3,30,20
2024-03-30 21:00:00,0.0,0.0,0.0,0.0,7.0,59,9.4,272,1003.9,100,0,0,100,0.0,0.0,41.824,-71.4128,2024,3,30,21
2024-03-30 22:00:00,0.0,0.0,0.0,0.0,6.4,59,10.4,290,1004.1,98,0,0,98,0.0,0.0,41.824,-71.4128,2024,3,30,22
2024-03-30 23:00:00,0.0,0.0,0.0,0.0,6.4,53,10.8,296,1004.1,100,0,98,100,0.0,0.0,41.824,-71.4128,2024,3,30,23
2024-03-31 00:00:00,0.0,0.0,0.0,0.0,6.7,50,10.1,297,1004.1,100,0,100,75,0.0,0.0,41.824,-71.4128,2024,3,31,0
2024-03-31 01:00:00,0.0,0.0,0.0,0.0,6.6,50,10.0,308,1004.6,100,0,100,100,0.0,0.0,41.824,-71.4128,2024,3,31,1
2024-03-31 02:00:00,0.0,0.0,0.0,0.0,6.2,53,8.9,310,1005.1,100,0,100,100,0.0,0.0,41.824,-71.4128,2024,3,31,2
2024-03-31 03:00:00,0.0,0.0,0.0,0.0,5.6,57,6.6,319,1005.5,100,0,100,100,0.0,0.0,41.824,-71.4128,2024,3,31,3
2024-03-31 04:00:00,0.0,0.0,0.0,0.0,5.0,61,6.0,343,1006.0,66,0,63,10,0.0,0.0,41.824,-71.4128,2024,3,31,4
2024-03-31 05:00:00,0.0,0.0,0.0,0.0,3.3,68,7.3,349,1006.6,15,0,15,0,0.0,0.0,41.824,-71.4128,2024,3,31,5
2024-03-31 06:00:00,0.0,0.0,0.0,0.0,2.2,76,5.3,332,1006.6,99,0,3,99,0.0,0.0,41.824,-71.4128,2024,3,31,6
2024-03-31 07:00:00,9.0,3.0,6.0,48.5,1.8,78,8.5,306,1008.1,55,0,16,46,0.0,140.93,41.824,-71.4128,2024,3,31,7
2024-03-31 08:00:00,122.0,72.0,50.0,397.3,4.4,71,7.9,286,1009.0,85,0,68,53,0.0,3600.0,41.824,-71.4128,2024,3,31,8
2024-03-31 09:00:00,295.0,189.0,106.0,516.8,8.6,54,7.3,303,1008.5,97,0,91,63,0.0,3600.0,41.824,-71.4128,2024,3,31,9
2024-03-31 10:00:00,483.0,347.0,136.0,656.2,10.3,43,8.9,291,1008.6,13,0,0,12,0.0,3600.0,41.824,-71.4128,2024,3,31,10
2024-03-31 11:00:00,668.0,571.0,97.0,866.0,11.6,44,12.8,292,1008.7,100,19,0,100,0.0,3600.0,41.824,-71.4128,2024,3,31,11
2024-03-31 12:00:00,708.0,490.0,218.0,654.5,13.3,40,20.7,301,1008.3,100,0,15,100,0.0,3600.0,41.824,-71.4128,2024,3,31,12
2024-03-31 13:00:00,720.0,455.0,265.0,575.7,13.3,39,19.8,303,1008.6,92,18,25,89,0.0,3600.0,41.824,-71.4128,2024,3,31,13
2024-03-31 14:00:00,703.0,430.0,273.0,550.0,14.0,35,19.5,309,1008.2,100,0,0,100,0.0,3600.0,41.824,-71.4128,2024,3,31,14
2024-03-31 15:00:00,639.0,373.0,266.0,515.4,13.9,37,17.0,306,1008.4,100,0,19,100,0.0,3600.0,41.824,-71.4128,2024,3,31,15
2024-03-31 16:00:00,483.0,208.0,275.0,335.6,13.7,38,15.8,294,1008.6,45,0,0,45,0.0,3600.0,41.824,-71.4128,2024,3,31,16
2024-03-31 17:00:00,445.0,345.0,100.0,722.9,13.5,38,15.3,294,1008.8,6,0,0,5,0.0,3600.0,41.824,-71.4128,2024,3,31,17
2024-03-31 18:00:00,264.0,202.0,62.0,660.4,12.4,43,11.4,294,1009.5,0,0,0,0,0.0,3600.0,41.824,-71.4128,2024,3,31,18
2024-03-31 19:00:00,79.0,50.0,29.0,395.3,9.6,53,8.5,282,1010.4,0,0,0,0,0.0,3600.0,41.824,-71.4128,2024,3,31,19
2024-03-31 20:00:00,0.0,0.0,0.0,0.0,7.9,57,10.5,274,1011.2,0,0,0,0,0.0,0.0,41.824,-71.4128,2024,3,31,20
2024-03-31 21:00:00,0.0,0.0,0.0,0.0,7.1,58,10.0,285,1012.4,0,0,0,0,0.0,0.0,41.824,-71.4128,2024,3,31,21
2024-03-31 22:00:00,0.0,0.0,0.0,0.0,6.6,57,11.5,309,1012.9,71,0,0,71,0.0,0.0,41.824,-71.4128,2024,3,31,22
2024-03-31 23:00:00,0.0,0.0,0.0,0.0,5.8,59,11.0,322,1013.2,100,0,0,100,0.0,0.0,41.824,-71.4128,2024,3,31,23
2024-04-01 00:00:00,0.0,0.0,0.0,0.0,5.3,61,10.8,330,1013.5,100,0,0,100,0.0,0.0,41.824,-71.4128,2024,4,1,0
2024-04-01 01:00:00,0.0,0.0,0.0,0.0,4.5,64,8.1,315,1014.2,100,0,0,100,0.0,0.0,41.824,-71.4128,2024,4,1,1
2024-04-01 02:00:00,0.0,0.0,0.0,0.0,3.7,68,9.4,313,1014.7,100,0,0,100,0.0,0.0,41.824,-71.4128,2024,4,1,2
2024-04-01 03:00:00,0.0,0.0,0.0,0.0,3.1,70,8.5,324,1014.8,25,0,2,24,0.0,0.0,41.824,-71.4128,2024,4,1,3
2024-04-01 04:00:00,0.0,0.0,0.0,0.0,2.3,73,7.7,319,1014.8,100,0,19,100,0.0,0.0,41.824,-71.4128,2024,4,1,4
2024-04-01 05:00:00,0.0,0.0,0.0,0.0,1.2,85,6.8,3,1014.6,100,0,17,100,0.0,0.0,41.824,-71.4128,2024,4,1,5
2024-04-01 06:00:00,0.0,0.0,0.0,0.0,1.4,84,4.3,336,1015.2,100,0,17,100,0.0,0.0,41.824,-71.4128,2024,4,1,6
2024-04-01 07:00:00,7.0,0.0,7.0,0.0,1.9,78,5.1,321,1015.4,100,0,68,100,0.0,0.0,41.824,-71.4128,2024,4,1,7
2024-04-01 08:00:00,72.0,6.0,66.0,32.2,3.9,73,3.8,343,1015.5,100,0,80,100,0.0,0.0,41.824,-71.4128,2024,4,1,8
2024-04-01 09:00:00,203.0,45.0,158.0,121.4,7.0,63,2.3,108,1015.3,100,0,31,100,0.0,1841.15,41.824,-71.4128,2024,4,1,9
2024-04-01 10:00:00,274.0,38.0,236.0,71.2,8.7,58,2.7,113,1015.6,100,0,97,100,0.0,336.27,41.824,-71.4128,2024,4,1,10
2024-04-01 11:00:00,212.0,9.0,203.0,13.6,9.2,56,5.1,141,1015.1,100,0,40,100,0.0,0.0,41.824,-71.4128,2024,4,1,11
2024-04-01 12:00:00,397.0,65.0,332.0,86.3,10.7,52,5.5,148,1014.3,100,0,26,100,0.0,789.78,41.824,-71.4128,2024,4,1,12
2024-04-01 13:00:00,420.0,50.0,370.0,62.9,11.6,50,6.1,152,1013.7,100,0,8,100,0.0,88.04,41.824,-71.4128,2024,4,1,13
2024-04-01 14:00:00,352.0,26.0,326.0,33.1,11.5,50,7.6,155,1012.9,100,0,8,100,0.0,0.0,41.824,-71.4128,2024,4,1,14
2024-04-01 15:00:00,455.0,130.0,325.0,178.7,12.1,51,8.1,159,1011.4,95,0,72,80,0.0,3562.02,41.824,-71.4128,2024,4,1,15
2024-04-01 16:00:00,568.0,384.0,184.0,616.1,12.9,50,7.8,167,1010.9,39,0,39,0,0.0,3600.0,41.824,-71.4128,2024,4,1,16
2024-04-01 17:00:00,388.0,255.0,133.0,530.5,12.4,55,7.3,169,1011.1,5,1,5,0,0.0,3600.0,41.824,-71.4128,2024,4,1,17
2024-04-01 18:00:00,250.0,182.0,68.0,588.4,11.4,65,9.4,148,1011.1,28,8,25,3,0.0,3600.0,41.824,-71.4128,2024,4,1,18
2024-04-01 19:00:00,73.0,41.0,32.0,319.8,8.1,83,8.5,152,1011.5,57,20,34,34,0.0,3600.0,41.824,-71.4128,2024,4,1,19
2024-04-01 20:00:00,1.0,0.0,1.0,0.0,6.5,92,8.7,185,1012.1,100,4,28,100,0.0,0.0,41.824,-71.4128,2024,4,1,20
2024-04-01 21:00:00,0.0,0.0,0.0,0.0,6.2,89,10.2,228,1013.2,67,1,0,67,0.0,0.0,41.824,-71.4128,2024,4,1,21
2024-04-01 22:00:00,0.0,0.0,0.0,0.0,5.6,89,8.7,246,1013.6,9,1,1,8,0.0,0.0,41.824,-71.4128,2024,4,1,22
2024-04-01 23:00:00,0.0,0.0,0.0,0.0,4.9,87,8.8,261,1013.3,2,0,0,2,0.0,0.0,41.824,-71.4128,2024,4,1,23
2024-04-02 00:00:00,0.0,0.0,0.0,0.0,4.4,87,8.3,268,1013.2,0,0,0,0,0.0,0.0,41.824,-71.4128,2024,4,2,0
2024-04-02 01:00:00,0.0,0.0,0.0,0.0,3.9,87,8.0,278,1013.7,51,6,35,25,0.0,0.0,41.824,-71.4128,2024,4,2,1
2024-04-02 02:00:00,0.0,0.0,0.0,0.0,3.5,90,8.7,322,1013.8,68,10,12,64,0.0,0.0,41.824,-71.4128,2024,4,2,2
2024-04-02 03:00:00,0.0,0.0,0.0,0.0,3.2,91,6.7,324,1014.1,100,0,14,100,0.0,0.0,41.824,-71.4128,2024,4,2,3
2024-04-02 04:00:00,0.0,0.0,0.0,0.0,2.9,93,10.9,8,1014.0,100,0,19,100,0.0,0.0,41.824,-71.4128,2024,4,2,4
2024-04-02 05:00:00,0.0,0.0,0.0,0.0,2.9,95,11.9,3,1014.3,100,0,91,100,0.0,0.0,41.824,-71.4128,2024,4,2,5
2024-04-02 06:00:00,0.0,0.0,0.0,0.0,2.8,95,11.2,2,1015.0,100,0,100,100,0.0,0.0,41.824,-71.4128,2024,4,2,6
2024-04-02 07:00:00,5.0,0.0,5.0,0.0,2.9,91,10.5,8,1015.7,100,0,57,100,0.0,0.0,41.824,-71.4128,2024,4,2,7
2024-04-02 08:00:00,77.0,12.0,65.0,62.6,3.8,84,11.4,13,1016.3,100,0,71,100,0.0,78.53,41.824,-71.4128,2024,4,2,8
2024-04-02 09:00:00,144.0,10.0,134.0,26.6,5.2,80,11.0,19,1016.0,100,0,5,100,0.0,0.0,41.824,-71.4128,2024,4,2,9
2024-04-02 10:00:00,408.0,183.0,225.0,339.9,7.7,71,11.4,28,1016.2,100,1,61,100,0.0,3600.0,41.824,-71.4128,2024,4,2,10
2024-04-02 11:00:00,469.0,171.0,298.0,255.8,9.5,64,10.8,37,1016.8,100,1,98,100,0.0,3600.0,41.824,-71.4128,2024,4,2,11
2024-04-02 12:00:00,530.0,187.0,343.0,247.0,10.6,61,11.8,50,1015.3,100,1,41,100,0.0,3600.0,41.824,-71.4128,2024,4,2,12
2024-04-02 13:00:00,704.0,391.0,313.0,489.7,12.0,58,10.4,56,1014.5,100,2,100,100,0.0,3600.0,41.824,-71.4128,2024,4,2,13
2024-04-02 14:00:00,397.0,67.0,330.0,84.9,11.5,59,11.6,64,1014.0,100,8,100,100,0.0,745.83,41.824,-71.4128,2024,4,2,14
2024-04-02 15:00:00,296.0,17.0,279.0,23.3,10.9,63,14.2,74,1012.8,100,54,100,100,0.0,0.0,41.824,-71.4128,2024,4,2,15
2024-04-02 16:00:00,264.0,27.0,237.0,43.1,10.2,68,13.7,60,1013.0,100,91,100,100,0.1,0.0,41.824,-71.4128,2024,4,2,16
2024-04-02 17:00:00,49.0,0.0,49.0,0.0,7.9,79,14.5,46,1013.4,100,88,100,100,0.6,0.0,41.824,-71.4128,2024,4,2,17
2024-04-02 18:00:00,25.0,0.0,25.0,0.0,6.4,93,11.8,52,1013.1,100,15,100,100,1.3,0.0,41.824,-71.4128,2024,4,2,18
2024-04-02 19:00:00,13.0,0.0,13.0,0.0,6.0,96,10.0,52,1013.6,100,12,100,100,1.3,0.0,41.824,-71.4128,2024,4,2,19
2024-04-02 20:00:00,0.0,0.0,0.0,0.0,5.6,98,10.2,39,1014.3,100,33,100,54,0.9,0.0,41.824,-71.4128,2024,4,2,20
2024-04-02 21:00:00,0.0,0.0,0.0,0.0,5.2,97,9.7,51,1014.5,100,33,100,100,0.5,0.0,41.824,-71.4128,2024,4,2,21
2024-04-02 22:00:00,0.0,0.0,0.0,0.0,5.1,97,7.9,60,1014.7,100,49,100,100,0.3,0.0,41.824,-71.4128,2024,4,2,22
2024-04-02 23:00:00,0.0,0.0,0.0,0.0,5.0,98,8.9,69,1014.4,100,47,100,100,0.2,0.0,41.824,-71.4128,2024,4,2,23
2024-04-03 00:00:00,0.0,0.0,0.0,0.0,4.5,97,10.2,72,1013.8,100,15,100,100,0.1,0.0,41.824,-71.4128,2024,4,3,0
2024-04-03 01:00:00,0.0,0.0,0.0,0.0,3.8,96,10.8,64,1013.6,100,8,100,100,0.1,0.0,41.824,-71.4128,2024,4,3,1
2024-04-03 02:00:00,0.0,0.0,0.0,0.0,3.3,94,10.2,58,1012.9,100,4,100,100,0.0,0.0,41.824,-71.4128,2024,4,3,2
2024-04-03 03:00:00,0.0,0.0,0.0,0.0,3.2,93,9.6,56,1012.5,100,9,100,100,0.0,0.0,41.824,-71.4128,2024,4,3,3
2024-04-03 04:00:00,0.0,0.0,0.0,0.0,3.2,94,12.5,72,1011.0,69,4,62,15,0.0,0.0,41.824,-71.4128,2024,4,3,4
2024-04-03 05:00:00,0.0,0.0,0.0,0.0,2.5,87,12.3,52,1011.7,100,8,100,100,0.0,0.0,41.824,-71.4128,2024,4,3,5
2024-04-03 06:00:00,0.0,0.0,0.0,0.0,3.1,82,13.0,66,1011.8,100,5,100,100,0.0,0.0,41.824,-71.4128,2024,4,3,6
2024-04-03 07:00:00,4.0,0.0,4.0,0.0,3.6,75,14.1,71,1012.0,100,6,100,100,0.0,0.0,41.824,-71.4128,2024,4,3,7
2024-04-03 08:00:00,40.0,0.0,40.0,0.0,4.4,69,14.5,76,1012.4,100,19,100,100,0.0,0.0,41.824,-71.4128,2024,4,3,8
2024-04-03 09:00:00,62.0,0.0,62.0,0.0,5.0,68,17.4,66,1012.4,100,0,100,100,0.3,0.0,41.824,-71.4128,2024,4,3,9
2024-04-03 10:00:00,48.0,0.0,48.0,0.0,4.0,79,20.4,73,1011.8,100,9,100,100,1.1,0.0,41.824,-71.4128,2024,4,3,10
2024-04-03 11:00:00,62.0,0.0,62.0,0.0,3.9,87,18.8,73,1012.5,100,9,100,100,1.7,0.0,41.824,-71.4128,2024,4,3,11
2024-04-03 12:00:00,188.0,1.0,187.0,1.3,4.8,85,22.0,69,1011.8,100,10,100,100,0.5,0.0,41.824,-71.4128,2024,4,3,12
2024-04-03 13:00:00,155.0,0.0,155.0,0.0,4.8,84,18.0,70,1011.1,100,8,100,100,0.1,0.0,41.824,-71.4128,2024,4,3,13
2024-04-03 14:00:00,164.0,0.0,164.0,0.0,5.4,83,21.9,65,1009.5,100,92,100,100,0.4,0.0,41.824,-71.4128,2024,4,3,14
2024-04-03 15:00:00,147.0,0.0,147.0,0.0,5.0,87,23.4,79,1008.7,100,100,100,88,0.5,0.0,41.824,-71.4128,2024,4,3,15
2024-04-03 16:00:00,96.0,4.0,92.0,6.3,4.5,91,23.6,78,1007.7,100,99,100,97,1.4,0.0,41.824,-71.4128,2024,4,3,16
2024-04-03 17:00:00,88.0,0.0,88.0,0.0,4.0,95,23.9,85,1006.7,100,100,100,92,1.2,0.0,41.824,-71.4128,2024,4,3,17
2024-04-03 18:00:00,27.0,0.0,27.0,0.0,3.5,94,25.7,84,1006.9,100,100,100,100,1.4,0.0,41.824,-71.4128,2024,4,3,18
2024-04-03 19:00:00,9.0,0.0,9.0,0.0,3.2,95,25.1,82,1005.3,100,100,100,99,1.1,0.0,41.824,-71.4128,2024,4,3,19
2024-04-03 20:00:00,0.0,0.0,0.0,0.0,3.1,95,24.4,81,1005.5,100,100,100,100,1.5,0.0,41.824,-71.4128,2024,4,3,20
2024-04-03 21:00:00,0.0,0.0,0.0,0.0,2.7,94,24.7,77,1005.2,100,100,100,18,1.2,0.0,41.824,-71.4128,2024,4,3,21
2024-04-03 22:00:00,0.0,0.0,0.0,0.0,2.9,94,24.6,78,1004.3,100,100,100,10,1.7,0.0,41.824,-71.4128,2024,4,3,22
2024-04-03 23:00:00,0.0,0.0,0.0,0.0,3.1,95,24.4,71,1002.9,100,100,100,30,3.7,0.0,41.824,-71.4128,2024,4,3,23
2024-04-04 00:00:00,0.0,0.0,0.0,0.0,3.1,96,26.2,63,1001.0,100,100,100,91,1.9,0.0,41.824,-71.4128,2024,4,4,0
2024-04-04 01:00:00,0.0,0.0,0.0,0.0,3.0,95,26.6,60,999.2,100,100,100,65,4.3,0.0,41.824,-71.4128,2024,4,4,1
2024-04-04 02:00:00,0.0,0.0,0.0,0.0,2.9,96,21.4,41,998.0,100,100,100,41,4.8,0.0,41.824,-71.4128,2024,4,4,2
2024-04-04 03:00:00,0.0,0.0,0.0,0.0,2.7,96,25.7,42,996.0,100,100,100,87,2.7,0.0,41.824,-71.4128,2024,4,4,3
2024-04-04 04:00:00,0.0,0.0,0.0,0.0,2.6,96,26.2,46,994.9,100,100,100,0,2.1,0.0,41.824,-71.4128,2024,4,4,4
2024-04-04 05:00:00,0.0,0.0,0.0,0.0,2.4,96,27.5,47,993.1,100,100,100,0,1.0,0.0,41.824,-71.4128,2024,4,4,5
2024-04-04 06:00:00,0.0,0.0,0.0,0.0,2.3,96,28.9,51,991.2,100,100,100,0,0.3,0.0,41.824,-71.4128,2024,4,4,6
2024-04-04 07:00:00,3.0,0.0,3.0,0.0,2.3,96,28.3,50,989.6,100,100,93,0,0.2,0.0,41.824,-71.4128,2024,4,4,7
2024-04-04 08:00:00,22.0,0.0,22.0,0.0,2.4,97,25.5,45,989.0,100,100,98,0,1.0,0.0,41.824,-71.4128,2024,4,4,8
2024-04-04 09:00:00,28.0,0.0,28.0,0.0,2.3,95,26.2,37,989.2,100,100,100,0,1.2,0.0,41.824,-71.4128,2024,4,4,9
2024-04-04 10:00:00,54.0,0.0,54.0,0.0,2.8,96,22.1,22,988.7,100,100,100,0,1.1,0.0,41.824,-71.4128,2024,4,4,10
2024-04-04 11:00:00,112.0,1.0,111.0,1.5,2.7,98,22.0,359,988.4,100,100,100,0,1.3,0.0,41.824,-71.4128,2024,4,4,11
2024-04-04 12:00:00,98.0,0.0,98.0,0.0,2.4,99,26.4,355,988.2,100,100,85,0,0.8,0.0,41.824,-71.4128,2024,4,4,12
2024-04-04 13:00:00,165.0,4.0,161.0,5.0,2.5,97,28.9,356,988.1,100,100,0,0,0.4,0.0,41.824,-71.4128,2024,4,4,13
2024-04-04 14:00:00,224.0,15.0,209.0,18.8,3.1,92,28.4,352,989.3,100,100,45,0,0.2,0.0,41.824,-71.4128,2024,4,4,14
2024-04-04 15:00:00,176.0,5.0,171.0,6.8,3.4,89,27.5,346,990.6,100,100,100,0,0.1,0.0,41.824,-71.4128,2024,4,4,15
2024-04-04 16:00:00,124.0,2.0,122.0,3.2,3.2,88,25.7,329,991.8,100,100,100,0,0.1,0.0,41.824,-71.4128,2024,4,4,16
2024-04-04 17:00:00,96.0,4.0,92.0,8.1,3.1,83,25.5,316,993.2,100,100,100,0,0.1,0.0,41.824,-71.4128,2024,4,4,17
2024-04-04 18:00:00,44.0,0.0,44.0,0.0,2.7,80,20.8,307,994.8,100,100,100,0,0.0,0.0,41.824,-71.4128,2024,4,4,18
2024-04-04 19:00:00,18.0,4.0,14.0,30.0,2.5,76,18.8,306,995.7,100,100,100,32,0.0,0.0,41.824,-71.4128,2024,4,4,19
2024-04-04 20:00:00,1.0,0.0,1.0,0.0,2.1,75,18.1,313,995.8,73,1,4,71,0.0,0.0,41.824,-71.4128,2024,4,4,20
2024-04-04 21:00:00,0.0,0.0,0.0,0.0,1.8,82,17.4,310,995.7,91,5,12,90,0.0,0.0,41.824,-71.4128,2024,4,4,21
2024-04-04 22:00:00,0.0,0.0,0.0,0.0,1.3,83,15.2,306,995.9,97,0,45,97,0.0,0.0,41.824,-71.4128,2024,4,4,22
2024-04-04 23:00:00,0.0,0.0,0.0,0.0,1.0,83,13.2,296,996.3,96,2,75,96,0.0,0.0,41.824,-71.4128,2024,4,4,23
2024-04-05 00:00:00,0.0,0.0,0.0,0.0,0.7,84,12.6,290,996.6,99,8,89,99,0.0,0.0,41.824,-71.4128,2024,4,5,0
2024-04-05 01:00:00,0.0,0.0,0.0,0.0,0.5,85,13.6,287,996.7,100,0,24,100,0.0,0.0,41.824,-71.4128,2024,4,5,1
2024-04-05 02:00:00,0.0,0.0,0.0,0.0,0.4,84,14.4,283,996.7,100,0,12,100,0.0,0.0,41.824,-71.4128,2024,4,5,2
2024-04-05 03:00:00,0.0,0.0,0.0,0.0,0.0,85,14.2,279,996.6,100,0,17,100,0.0,0.0,41.824,-71.4128,2024,4,5,3
2024-04-05 04:00:00,0.0,0.0,0.0,0.0,-0.3,85,13.7,273,996.7,100,0,67,100,0.0,0.0,41.824,-71.4128,2024,4,5,4
2024-04-05 05:00:00,0.0,0.0,0.0,0.0,-0.7,87,14.4,270,997.0,16,0,11,5,0.0,0.0,41.824,-71.4128,2024,4,5,5
2024-04-05 06:00:00,0.0,0.0,0.0,0.0,-0.9,88,15.5,274,997.0,58,0,15,52,0.0,0.0,41.824,-71.4128,2024,4,5,6
2024-04-05 07:00:00,16.0,6.0,10.0,80.1,-0.4,84,16.6,272,997.4,78,0,15,77,0.0,827.48,41.824,-71.4128,2024,4,5,7
2024-04-05 08:00:00,146.0,82.0,64.0,395.8,1.8,75,16.6,275,997.4,41,0,12,33,0.0,3600.0,41.824,-71.4128,2024,4,5,8
2024-04-05 09:00:00,336.0,235.0,101.0,601.5,4.2,65,18.4,281,997.6,94,2,13,93,0.0,3600.0,41.824,-71.4128,2024,4,5,9
2024-04-05 10:00:00,513.0,375.0,138.0,678.6,6.3,53,20.5,298,997.5,99,41,0,98,0.0,3600.0,41.824,-71.4128,2024,4,5,10
2024-04-05 11:00:00,625.0,415.0,210.0,608.5,7.4,49,19.9,290,997.8,100,88,6,100,0.0,3600.0,41.824,-71.4128,2024,4,5,11
2024-04-05 12:00:00,478.0,129.0,349.0,167.6,7.5,48,20.5,288,998.0,93,92,23,11,0.0,3226.85,41.824,-71.4128,2024,4,5,12
2024-04-05 13:00:00,458.0,149.0,309.0,183.9,7.7,47,20.4,287,998.2,92,92,47,0,0.0,3600.0,41.824,-71.4128,2024,4,5,13
2024-04-05 14:00:00,440.0,69.0,371.0,86.2,7.8,46,21.2,288,998.6,100,100,79,0,0.0,785.25,41.824,-71.4128,2024,4,5,14
2024-04-05 15:00:00,356.0,94.0,262.0,126.8,7.6,47,22.5,292,998.8,100,100,95,0,0.0,2002.77,41.824,-71.4128,2024,4,5,15
2024-04-05 16:00:00,260.0,35.0,225.0,54.9,7.3,49,20.8,298,999.2,100,100,62,0,0.0,0.0,41.824,-71.4128,2024,4,5,16
2024-04-05 17:00:00,220.0,52.0,168.0,105.2,7.0,51,20.6,297,999.6,100,62,100,1,0.0,1356.91,41.824,-71.4128,2024,4,5,17
2024-04-05 18:00:00,116.0,11.0,105.0,34.1,6.6,52,17.3,293,1000.5,100,66,100,70,0.0,0.0,41.824,-71.4128,2024,4,5,18
2024-04-05 19:00:00,31.0,0.0,31.0,0.0,5.8,57,15.0,294,1001.2,100,100,100,1,0.0,0.0,41.824,-71.4128,2024,4,5,19
2024-04-05 20:00:00,1.0,0.0,1.0,0.0,5.2,62,15.3,289,1001.6,100,62,100,0,0.0,0.0,41.824,-71.4128,2024,4,5,20
2024-04-05 21:00:00,0.0,0.0,0.0,0.0,4.8,69,15.3,285,1001.6,79,16,78,0,0.0,0.0,41.824,-71.4128,2024,4,5,21
2024-04-05 22:00:00,0.0,0.0,0.0,0.0,4.0,74,14.2,291,1001.7,98,8,98,0,0.0,0.0,41.824,-71.4128,2024,4,5,22
2024-04-05 23:00:00,0.0,0.0,0.0,0.0,3.4,78,13.5,295,1001.7,98,17,98,0,0.0,0.0,41.824,-71.4128,2024,4,5,23
2024-04-06 00:00:00,0.0,0.0,0.0,0.0,2.9,80,14.0,299,1001.8,48,34,20,0,0.0,0.0,41.824,-71.4128,2024,4,6,0
2024-04-06 01:00:00,0.0,0.0,0.0,0.0,2.3,83,13.3,303,1001.9,43,29,19,0,0.0,0.0,41.824,-71.4128,2024,4,6,1
2024-04-06 02:00:00,0.0,0.0,0.0,0.0,1.7,86,12.2,304,1001.8,37,10,30,0,0.0,0.0,41.824,-71.4128,2024,4,6,2
2024-04-06 03:00:00,0.0,0.0,0.0,0.0,1.3,88,11.5,302,1001.9,46,11,39,0,0.0,0.0,41.824,-71.4128,2024,4,6,3
2024-04-06 04:00:00,0.0,0.0,0.0,0.0,0.9,89,12.6,307,1002.0,100,100,31,0,0.0,0.0,41.824,-71.4128,2024,4,6,4
2024-04-06 05:00:00,0.0,0.0,0.0,0.0,1.9,83,14.8,317,1002.3,100,100,91,0,0.0,0.0,41.824,-71.4128,2024,4,6,5
2024-04-06 06:00:00,0.0,0.0,0.0,0.0,2.3,79,14.3,326,1002.9,100,100,99,0,0.0,0.0,41.824,-71.4128,2024,4,6,6
2024-04-06 07:00:00,4.0,0.0,4.0,0.0,2.2,80,13.4,329,1003.5,100,100,99,0,0.0,0.0,41.824,-71.4128,2024,4,6,7
2024-04-06 08:00:00,45.0,0.0,45.0,0.0,2.5,75,13.7,330,1003.9,95,92,93,0,0.0,0.0,41.824,-71.4128,2024,4,6,8
2024-04-06 09:00:00,238.0,97.0,141.0,245.2,4.4,65,18.3,345,1004.0,82,70,37,6,0.0,3600.0,41.824,-71.4128,2024,4,6,9
2024-04-06 10:00:00,433.0,224.0,209.0,401.9,5.9,58,20.4,351,1004.2,100,100,77,0,0.0,3600.0,41.824,-71.4128,2024,4,6,10
2024-04-06 11:00:00,318.0,41.0,277.0,59.7,6.1,57,22.0,349,1004.8,100,100,100,0,0.0,0.0,41.824,-71.4128,2024,4,6,11
2024-04-06 12:00:00,293.0,47.0,246.0,60.7,6.3,56,21.0,347,1004.9,100,100,97,40,0.0,21.71,41.824,-71.4128,2024,4,6,12
2024-04-06 13:00:00,295.0,34.0,261.0,41.8,5.6,66,21.0,347,1005.3,100,84,100,58,0.2,0.0,41.824,-71.4128,2024,4,6,13
2024-04-06 14:00:00,230.0,0.0,230.0,0.0,5.7,64,19.0,350,1005.8,100,97,100,72,0.1,0.0,41.824,-71.4128,2024,4,6,14
2024-04-06 15:00:00,273.0,60.0,213.0,80.5,5.9,67,16.2,357,1006.2,100,26,100,74,0.1,616.02,41.824,-71.4128,2024,4,6,15
2024-04-06 16:00:00,415.0,166.0,249.0,259.2,7.0,66,17.8,352,1006.3,100,41,100,50,0.1,3600.0,41.824,-71.4128,2024,4,6,16
2024-04-06 17:00:00,172.0,8.0,164.0,16.1,5.4,76,13.3,2,1006.9,100,38,100,4,0.3,0.0,41.824,-71.4128,2024,4,6,17
2024-04-06 18:00:00,67.0,0.0,67.0,0.0,4.9,80,15.5,1,1007.9,100,77,100,15,0.1,0.0,41.824,-71.4128,2024,4,6,18
2024-04-06 19:00:00,42.0,3.0,39.0,21.7,4.0,86,16.2,348,1008.8,100,97,100,22,0.4,0.0,41.824,-71.4128,2024,4,6,19
2024-04-06 20:00:00,1.0,0.0,1.0,0.0,3.2,92,17.6,349,1009.7,100,52,100,15,0.4,0.0,41.824,-71.4128,2024,4,6,20
2024-04-06 21:00:00,0.0,0.0,0.0,0.0,3.0,94,17.1,345,1009.9,96,47,91,22,0.5,0.0,41.824,-71.4128,2024,4,6,21
2024-04-06 22:00:00,0.0,0.0,0.0,0.0,2.9,93,17.3,348,1010.2,100,84,100,44,0.1,0.0,41.824,-71.4128,2024,4,6,22
2024-04-06 23:00:00,0.0,0.0,0.0,0.0,2.8,92,17.7,354,1010.7,48,8,17,32,0.0,0.0,41.824,-71.4128,2024,4,6,23
2024-04-07 00:00:00,0.0,0.0,0.0,0.0,2.0,93,17.0,355,1010.9,78,24,66,29,0.0,0.0,41.824,-71.4128,2024,4,7,0
2024-04-07 01:00:00,0.0,0.0,0.0,0.0,1.6,92,17.0,356,1011.3,77,50,35,45,0.0,0.0,41.824,-71.4128,2024,4,7,1
2024-04-07 02:00:00,0.0,0.0,0.0,0.0,1.6,90,16.3,355,1011.5,100,100,24,84,0.0,0.0,41.824,-71.4128,2024,4,7,2
2024-04-07 03:00:00,0.0,0.0,0.0,0.0,2.0,88,15.9,355,1011.7,100,100,36,91,0.0,0.0,41.824,-71.4128,2024,4,7,3
2024-04-07 04:00:00,0.0,0.0,0.0,0.0,2.1,87,16.2,357,1011.9,85,85,1,1,0.0,0.0,41.824,-71.4128,2024,4,7,4
2024-04-07 05:00:00,0.0,0.0,0.0,0.0,1.5,86,15.5,356,1012.5,63,62,6,0,0.0,0.0,41.824,-71.4128,2024,4,7,5
2024-04-07 06:00:00,0.0,0.0,0.0,0.0,1.1,86,14.2,353,1013.0,9,7,2,0,0.0,0.0,41.824,-71.4128,2024,4,7,6
2024-04-07 07:00:00,20.0,8.0,12.0,99.9,0.9,85,14.9,352,1014.0,9,9,0,0,0.0,1353.65,41.824,-71.4128,2024,4,7,7
2024-04-07 08:00:00,155.0,89.0,66.0,409.3,2.3,77,18.8,356,1014.6,100,100,0,0,0.0,3600.0,41.824,-71.4128,2024,4,7,8
2024-04-07 09:00:00,309.0,178.0,131.0,444.4,4.7,62,22.3,2,1015.0,40,40,0,0,0.0,3600.0,41.824,-71.4128,2024,4,7,9
2024-04-07 10:00:00,479.0,311.0,168.0,553.4,5.9,56,21.3,6,1015.4,56,56,0,0,0.0,3600.0,41.824,-71.4128,2024,4,7,10
2024-04-07 11:00:00,569.0,333.0,236.0,482.1,7.1,52,19.8,3,1015.5,62,62,0,0,0.0,3600.0,41.824,-71.4128,2024,4,7,11
2024-04-07 12:00:00,611.0,340.0,271.0,437.0,7.9,50,19.8,2,1015.7,100,100,0,0,0.0,3600.0,41.824,-71.4128,2024,4,7,12
2024-04-07 13:00:00,511.0,167.0,344.0,204.1,8.2,48,19.4,360,1015.6,100,100,37,0,0.0,3600.0,41.824,-71.4128,2024,4,7,13
2024-04-07 14:00:00,441.0,112.0,329.0,138.6,8.4,48,18.4,359,1015.8,100,100,45,0,0.0,2358.73,41.824,-71.4128,2024,4,7,14
2024-04-07 15:00:00,328.0,50.0,278.0,66.8,8.3,48,18.4,357,1015.6,100,100,19,0,0.0,204.15,41.824,-71.4128,2024,4,7,15
2024-04-07 16:00:00,280.0,44.0,236.0,68.4,8.5,48,18.7,358,1015.6,100,100,67,0,0.0,250.79,41.824,-71.4128,2024,4,7,16
2024-04-07 17:00:00,225.0,29.0,196.0,57.9,8.7,48,18.7,359,1015.8,100,100,76,0,0.0,0.0,41.824,-71.4128,2024,4,7,17
2024-04-07 18:00:00,118.0,7.0,111.0,21.3,8.4,51,11.5,358,1016.2,46,28,45,0,0.0,0.0,41.824,-71.4128,2024,4,7,18
2024-04-07 19:00:00,82.0,35.0,47.0,247.6,6.1,71,6.6,331,1016.4,54,13,53,0,0.0,3600.0,41.824,-71.4128,2024,4,7,19
2024-04-07 20:00:00,2.0,0.0,2.0,0.0,5.0,68,5.8,292,1016.7,11,6,10,0,0.0,0.0,41.824,-71.4128,2024,4,7,20
2024-04-07 21:00:00,0.0,0.0,0.0,0.0,4.1,74,5.1,278,1017.2,1,1,0,0,0.0,0.0,41.824,-71.4128,2024,4,7,21
2024-04-07 22:00:00,0.0,0.0,0.0,0.0,2.7,81,8.9,284,1017.4,0,0,0,0,0.0,0.0,41.824,-71.4128,2024,4,7,22
2024-04-07 23:00:00,0.0,0.0,0.0,0.0,2.6,79,11.0,289,1017.7,0,0,0,0,0.0,0.0,41.824,-71.4128,2024,4,7,23
2024-04-08 00:00:00,0.0,0.0,0.0,0.0,2.7,77,13.0,312,1017.9,0,0,0,0,0.0,0.0,41.824,-71.4128,2024,4,8,0
2024-04-08 01:00:00,0.0,0.0,0.0,0.0,2.7,73,12.7,317,1017.9,0,0,0,0,0.0,0.0,41.824,-71.4128,2024,4,8,1
2024-04-08 02:00:00,0.0,0.0,0.0,0.0,2.3,74,13.0,314,1017.9,0,0,0,0,0.0,0.0,41.824,-71.4128,2024,4,8,2
2024-04-08 03:00:00,0.0,0.0,0.0,0.0,2.0,75,12.2,315,1017.9,0,0,0,0,0.0,0.0,41.824,-71.4128,2024,4,8,3
2024-04-08 04:00:00,0.0,0.0,0.0,0.0,1.5,76,11.7,315,1017.7,0,0,0,0,0.0,0.0,41.824,-71.4128,2024,4,8,4
2024-04-08 05:00:00,0.0,0.0,0.0,0.0,0.9,77,10.9,316,1018.0,0,0,0,0,0.0,0.0,41.824,-71.4128,2024,4,8,5
2024-04-08 06:00:00,0.0,0.0,0.0,0.0,0.5,78,10.9,314,1018.5,0,0,0,0,0.0,0.0,41.824,-71.4128,2024,4,8,6
2024-04-08 07:00:00,24.0,13.0,11.0,157.3,1.2,76,10.9,316,1019.2,0,0,0,0,0.0,2365.38,41.824,-71.4128,2024,4,8,7
2024-04-08 08:00:00,178.0,128.0,50.0,575.2,4.3,70,10.0,311,1019.2,0,0,0,0,0.0,3600.0,41.824,-71.4128,2024,4,8,8
2024-04-08 09:00:00,383.0,311.0,72.0,767.1,8.9,57,7.7,311,1019.2,0,0,0,0,0.0,3600.0,41.824,-71.4128,2024,4,8,9
2024-04-08 10:00:00,572.0,489.0,83.0,863.1,12.3,42,7.4,321,1019.0,0,0,0,0,0.0,3600.0,41.824,-71.4128,2024,4,8,10
2024-04-08 11:00:00,725.0,634.0,91.0,912.1,14.3,33,7.6,329,1018.6,9,0,0,9,0.0,3600.0,41.824,-71.4128,2024,4,8,11
2024-04-08 12:00:00,828.0,730.0,98.0,933.4,15.9,31,8.9,313,1018.2,93,0,0,93,0.0,3600.0,41.824,-71.4128,2024,4,8,12
2024-04-08 13:00:00,870.0,761.0,109.0,926.0,17.0,31,9.2,309,1017.6,100,0,0,100,0.0,3600.0,41.824,-71.4128,2024,4,8,13
2024-04-08 14:00:00,831.0,671.0,160.0,826.9,18.0,31,9.9,303,1016.8,100,0,0,100,0.0,3600.0,41.824,-71.4128,2024,4,8,14
2024-04-08 15:00:00,756.0,601.0,155.0,799.4,18.6,29,8.6,292,1016.1,90,0,0,90,0.0,3600.0,41.824,-71.4128,2024,4,8,15
2024-04-08 16:00:00,617.0,456.0,161.0,704.9,18.4,29,6.3,294,1015.3,4,0,0,4,0.0,3600.0,41.824,-71.4128,2024,4,8,16
2024-04-08 17:00:00,489.0,412.0,77.0,817.5,18.1,32,6.0,295,1014.8,100,0,0,100,0.0,3600.0,41.824,-71.4128,2024,4,8,17
2024-04-08 18:00:00,264.0,166.0,98.0,499.0,16.5,50,2.9,270,1014.5,100,0,0,100,0.0,3600.0,41.824,-71.4128,2024,4,8,18
2024-04-08 19:00:00,62.0,5.0,57.0,34.5,12.9,62,8.5,242,1014.9,100,0,0,100,0.0,0.0,41.824,-71.4128,2024,4,8,19
2024-04-08 20:00:00,2.0,0.0,2.0,0.0,11.8,54,10.9,243,1015.2,100,0,0,100,0.0,0.0,41.824,-71.4128,2024,4,8,20
2024-04-08 21:00:00,0.0,0.0,0.0,0.0,10.9,54,10.8,266,1015.7,100,0,86,100,0.0,0.0,41.824,-71.4128,2024,4,8,21
2024-04-08 22:00:00,0.0,0.0,0.0,0.0,10.1,56,11.6,275,1015.5,85,0,84,21,0.0,0.0,41.824,-71.4128,2024,4,8,22
2024-04-08 23:00:00,0.0,0.0,0.0,0.0,9.3,55,11.8,282,1015.4,40,0,40,0,0.0,0.0,41.824,-71.4128,2024,4,8,23
2024-04-09 00:00:00,0.0,0.0,0.0,0.0,8.6,56,11.5,274,1015.6,56,0,56,0,0.0,0.0,41.824,-71.4128,2024,4,9,0
2024-04-09 01:00:00,0.0,0.0,0.0,0.0,7.9,59,12.3,273,1015.6,95,0,95,0,0.0,0.0,41.824,-71.4128,2024,4,9,1
2024-04-09 02:00:00,0.0,0.0,0.0,0.0,8.8,54,11.5,284,1015.3,83,0,83,0,0.0,0.0,41.824,-71.4128,2024,4,9,2
2024-04-09 03:00:00,0.0,0.0,0.0,0.0,7.8,56,10.8,291,1014.9,0,0,0,0,0.0,0.0,41.824,-71.4128,2024,4,9,3
2024-04-09 04:00:00,0.0,0.0,0.0,0.0,6.5,60,10.9,297,1014.9,8,0,8,0,0.0,0.0,41.824,-71.4128,2024,4,9,4
2024-04-09 05:00:00,0.0,0.0,0.0,0.0,6.3,60,11.0,302,1014.7,7,0,7,0,0.0,0.0,41.824,-71.4128,2024,4,9,5
2024-04-09 06:00:00,0.0,0.0,0.0,0.0,5.8,62,10.7,310,1014.6,0,0,0,0,0.0,0.0,41.824,-71.4128,2024,4,9,6
2024-04-09 07:00:00,25.0,13.0,12.0,152.6,6.3,62,11.0,311,1015.1,0,0,0,0,0.0,2464.36,41.824,-71.4128,2024,4,9,7
2024-04-09 08:00:00,176.0,125.0,51.0,549.2,9.4,61,10.4,314,1015.6,0,0,0,0,0.0,3600.0,41.824,-71.4128,2024,4,9,8
2024-04-09 09:00:00,376.0,303.0,73.0,738.6,14.5,51,7.4,317,1015.5,0,0,0,0,0.0,3600.0,41.824,-71.4128,2024,4,9,9
2024-04-09 10:00:00,565.0,481.0,84.0,842.2,17.3,36,8.8,348,1015.6,4,0,0,4,0.0,3600.0,41.824,-71.4128,2024,4,9,10
2024-04-09 11:00:00,722.0,630.0,92.0,900.8,18.6,29,8.3,5,1015.5,14,0,0,14,0.0,3600.0,41.824,-71.4128,2024,4,9,11
2024-04-09 12:00:00,825.0,724.0,101.0,921.0,19.5,28,7.5,17,1015.1,76,0,0,76,0.0,3600.0,41.824,-71.4128,2024,4,9,12
2024-04-09 13:00:00,871.0,770.0,101.0,932.7,20.3,28,6.3,24,1015.3,3,0,0,3,0.0,3600.0,41.824,-71.4128,2024,4,9,13
2024-04-09 14:00:00,854.0,756.0,98.0,927.6,20.9,28,5.6,50,1015.2,0,0,0,0,0.0,3600.0,41.824,-71.4128,2024,4,9,14
2024-04-09 15:00:00,777.0,681.0,96.0,901.8,20.9,29,6.5,93,1015.0,24,0,0,24,0.0,3600.0,41.824,-71.4128,2024,4,9,15
2024-04-09 16:00:00,646.0,553.0,93.0,850.6,20.4,32,9.3,103,1014.8,17,0,0,17,0.0,3600.0,41.824,-71.4128,2024,4,9,16
2024-04-09 17:00:00,475.0,390.0,85.0,769.0,17.8,42,15.8,137,1015.2,1,0,0,1,0.0,3600.0,41.824,-71.4128,2024,4,9,17
2024-04-09 18:00:00,284.0,218.0,66.0,648.9,15.2,52,9.8,144,1016.3,82,0,0,82,0.0,3600.0,41.824,-71.4128,2024,4,9,18
2024-04-09 19:00:00,96.0,56.0,40.0,378.0,12.4,62,7.9,133,1016.7,98,0,0,98,0.0,3600.0,41.824,-71.4128,2024,4,9,19
2024-04-09 20:00:00,3.0,1.0,2.0,19.1,9.8,70,9.0,127,1017.1,26,0,0,26,0.0,0.0,41.824,-71.4128,2024,4,9,20
2024-04-09 21:00:00,0.0,0.0,0.0,0.0,8.7,72,8.5,152,1017.5,85,0,0,85,0.0,0.0,41.824,-71.4128,2024,4,9,21
2024-04-09 22:00:00,0.0,0.0,0.0,0.0,7.7,78,7.6,155,1017.9,100,0,0,100,0.0,0.0,41.824,-71.4128,2024,4,9,22
2024-04-09 23:00:00,0.0,0.0,0.0,0.0,6.8,79,7.6,149,1018.1,100,0,0,100,0.0,0.0,41.824,-71.4128,2024,4,9,23
2024-04-10 00:00:00,0.0,0.0,0.0,0.0,5.9,80,7.4,129,1018.2,96,0,0,96,0.0,0.0,41.824,-71.4128,2024,4,10,0
2024-04-10 01:00:00,0.0,0.0,0.0,0.0,5.1,84,4.4,125,1018.5,16,0,0,16,0.0,0.0,41.824,-71.4128,2024,4,10,1
2024-04-10 02:00:00,0.0,0.0,0.0,0.0,4.5,85,7.8,77,1018.4,33,0,0,33,0.0,0.0,41.824,-71.4128,2024,4,10,2
2024-04-10 03:00:00,0.0,0.0,0.0,0.0,3.8,88,8.3,90,1018.3,51,0,0,51,0.0,0.0,41.824,-71.4128,2024,4,10,3
2024-04-10 04:00:00,0.0,0.0,0.0,0.0,3.5,91,7.9,114,1018.0,100,0,0,100,0.0,0.0,41.824,-71.4128,2024,4,10,4
2024-04-10 05:00:00,0.0,0.0,0.0,0.0,3.7,91,7.9,133,1018.0,55,0,1,54,0.0,0.0,41.824,-71.4128,2024,4,10,5
2024-04-10 06:00:00,0.0,0.0,0.0,0.0,3.9,91,8.9,133,1018.2,41,0,2,41,0.0,0.0,41.824,-71.4128,2024,4,10,6
2024-04-10 07:00:00,26.0,13.0,13.0,148.2,4.7,89,7.1,135,1019.1,69,0,36,67,0.0,2562.99,41.824,-71.4128,2024,4,10,7
2024-04-10 08:00:00,163.0,91.0,72.0,391.2,7.1,80,8.7,150,1019.2,97,0,49,94,0.0,3600.0,41.824,-71.4128,2024,4,10,8
2024-04-10 09:00:00,314.0,164.0,150.0,395.2,9.1,71,8.9,153,1019.4,54,0,0,54,0.0,3600.0,41.824,-71.4128,2024,4,10,9
2024-04-10 10:00:00,542.0,432.0,110.0,750.5,11.2,65,11.1,151,1019.5,33,0,16,23,0.0,3600.0,41.824,-71.4128,2024,4,10,10
2024-04-10 11:00:00,695.0,587.0,108.0,834.3,12.8,62,13.7,150,1019.1,98,0,51,97,0.0,3600.0,41.824,-71.4128,2024,4,10,11
2024-04-10 12:00:00,767.0,584.0,183.0,739.2,13.9,61,14.8,157,1019.0,100,0,90,100,0.0,3600.0,41.824,-71.4128,2024,4,10,12
2024-04-10 13:00:00,597.0,212.0,385.0,255.7,13.7,64,15.3,153,1018.8,100,0,100,100,0.0,3600.0,41.824,-71.4128,2024,4,10,13
2024-04-10 14:00:00,601.0,219.0,382.0,267.6,14.0,65,16.1,151,1018.3,100,0,100,100,0.0,3600.0,41.824,-71.4128,2024,4,10,14
2024-04-10 15:00:00,450.0,87.0,363.0,114.7,13.5,68,15.9,155,1017.9,100,0,100,100,0.0,1641.22,41.824,-71.4128,2024,4,10,15
2024-04-10 16:00:00,357.0,101.0,256.0,154.6,12.9,72,14.7,155,1017.4,100,0,99,100,0.0,2837.59,41.824,-71.4128,2024,4,10,16
2024-04-10 17:00:00,313.0,79.0,234.0,154.8,12.8,72,12.9,153,1017.0,100,0,97,99,0.0,2843.99,41.824,-71.4128,2024,4,10,17
2024-04-10 18:00:00,76.0,0.0,76.0,0.0,11.4,77,10.3,151,1017.1,100,1,100,100,0.0,0.0,41.824,-71.4128,2024,4,10,18
2024-04-10 19:00:00,28.0,0.0,28.0,0.0,10.6,80,8.9,153,1017.1,100,28,100,100,0.0,0.0,41.824,-71.4128,2024,4,10,19
2024-04-10 20:00:00,1.0,0.0,1.0,0.0,10.0,82,8.8,145,1017.7,100,100,100,100,0.0,0.0,41.824,-71.4128,2024,4,10,20
2024-04-10 21:00:00,0.0,0.0,0.0,0.0,10.8,83,7.9,93,1018.2,100,100,33,88,0.0,0.0,41.824,-71.4128,2024,4,10,21
2024-04-10 22:00:00,0.0,0.0,0.0,0.0,10.4,85,8.6,92,1018.1,100,100,100,99,0.0,0.0,41.824,-71.4128,2024,4,10,22
2024-04-10 23:00:00,0.0,0.0,0.0,0.0,10.2,87,7.9,90,1018.1,100,100,20,100,0.0,0.0,41.824,-71.4128,2024,4,10,23
2024-04-11 00:00:00,0.0,0.0,0.0,0.0,10.0,88,8.0,100,1017.3,100,100,9,100,0.0,0.0,41.824,-71.4128,2024,4,11,0
2024-04-11 01:00:00,0.0,0.0,0.0,0.0,9.8,90,7.0,102,1017.1,100,100,4,99,0.0,0.0,41.824,-71.4128,2024,4,11,1
2024-04-11 02:00:00,0.0,0.0,0.0,0.0,9.7,91,4.3,85,1017.2,100,100,7,100,0.0,0.0,41.824,-71.4128,2024,4,11,2
2024-04-11 03:00:00,0.0,0.0,0.0,0.0,9.6,92,5.2,56,1016.6,100,100,4,84,0.0,0.0,41.824,-71.4128,2024,4,11,3
2024-04-11 04:00:00,0.0,0.0,0.0,0.0,9.5,93,4.6,72,1016.2,100,100,8,100,0.0,0.0,41.824,-71.4128,2024,4,11,4
2024-04-11 05:00:00,0.0,0.0,0.0,0.0,9.5,93,4.1,45,1016.3,100,100,86,100,0.0,0.0,41.824,-71.4128,2024,4,11,5
2024-04-11 06:00:00,0.0,0.0,0.0,0.0,9.4,94,5.9,38,1016.0,100,100,0,100,0.0,0.0,41.824,-71.4128,2024,4,11,6
2024-04-11 07:00:00,11.0,0.0,11.0,0.0,9.7,92,6.3,31,1016.5,100,100,25,100,0.0,0.0,41.824,-71.4128,2024,4,11,7
2024-04-11 08:00:00,74.0,4.0,70.0,16.8,10.6,89,8.0,54,1016.7,100,100,85,100,0.0,0.0,41.824,-71.4128,2024,4,11,8
2024-04-11 09:00:00,104.0,0.0,104.0,0.0,10.0,86,7.6,45,1017.4,100,100,97,100,0.1,0.0,41.824,-71.4128,2024,4,11,9
2024-04-11 10:00:00,143.0,1.0,142.0,1.7,10.9,85,9.3,74,1017.4,100,100,100,100,0.2,0.0,41.824,-71.4128,2024,4,11,10
2024-04-11 11:00:00,106.0,0.0,106.0,0.0,11.1,91,8.4,100,1017.2,100,100,99,100,0.8,0.0,41.824,-71.4128,2024,4,11,11
2024-04-11 12:00:00,227.0,12.0,215.0,15.1,12.2,90,11.3,117,1016.5,100,100,100,100,0.5,0.0,41.824,-71.4128,2024,4,11,12
2024-04-11 13:00:00,172.0,1.0,171.0,1.2,12.5,94,9.9,136,1016.4,100,100,100,100,1.8,0.0,41.824,-71.4128,2024,4,11,13
2024-04-11 14:00:00,136.0,2.0,134.0,2.4,12.3,94,9.2,135,1015.7,100,100,63,100,0.7,0.0,41.824,-71.4128,2024,4,11,14
2024-04-11 15:00:00,327.0,33.0,294.0,43.3,13.3,90,11.8,142,1015.0,100,100,33,100,0.0,0.0,41.824,-71.4128,2024,4,11,15
2024-04-11 16:00:00,266.0,30.0,236.0,45.7,13.6,90,12.4,150,1014.6,100,100,57,100,0.0,0.0,41.824,-71.4128,2024,4,11,16
2024-04-11 17:00:00,105.0,1.0,104.0,1.9,12.7,93,11.5,148,1014.2,100,100,95,100,0.0,0.0,41.824,-71.4128,2024,4,11,17
2024-04-11 18:00:00,50.0,0.0,50.0,0.0,11.9,96,11.0,142,1013.6,100,100,98,31,0.0,0.0,41.824,-71.4128,2024,4,11,18
2024-04-11 19:00:00,25.0,0.0,25.0,0.0,11.6,97,12.1,143,1013.1,100,100,100,8,0.2,0.0,41.824,-71.4128,2024,4,11,19
2024-04-11 20:00:00,1.0,0.0,1.0,0.0,11.3,99,14.2,156,1013.0,100,100,98,4,0.1,0.0,41.824,-71.4128,2024,4,11,20
2024-04-11 21:00:00,0.0,0.0,0.0,0.0,11.7,99,14.0,154,1012.8,100,100,100,4,0.0,0.0,41.824,-71.4128,2024,4,11,21
2024-04-11 22:00:00,0.0,0.0,0.0,0.0,11.6,100,16.7,155,1012.3,100,100,100,2,0.0,0.0,41.824,-71.4128,2024,4,11,22
2024-04-11 23:00:00,0.0,0.0,0.0,0.0,11.7,100,17.1,155,1011.5,100,100,100,1,0.0,0.0,41.824,-71.4128,2024,4,11,23
2024-04-12 00:00:00,0.0,0.0,0.0,0.0,11.8,99,16.9,151,1010.5,100,100,100,0,0.1,0.0,41.824,-71.4128,2024,4,12,0
2024-04-12 01:00:00,0.0,0.0,0.0,0.0,11.9,97,17.2,154,1009.9,100,99,100,0,0.0,0.0,41.824,-71.4128,2024,4,12,1
2024-04-12 02:00:00,0.0,0.0,0.0,0.0,11.9,96,19.5,157,1008.6,100,100,87,6,0.1,0.0,41.824,-71.4128,2024,4,12,2
2024-04-12 03:00:00,0.0,0.0,0.0,0.0,12.3,97,22.7,157,1007.0,100,100,97,60,1.7,0.0,41.824,-71.4128,2024,4,12,3
2024-04-12 04:00:00,0.0,0.0,0.0,0.0,12.6,97,23.8,155,1005.5,100,100,100,88,1.8,0.0,41.824,-71.4128,2024,4,12,4
2024-04-12 05:00:00,0.0,0.0,0.0,0.0,12.4,97,23.7,156,1004.2,100,100,100,93,2.4,0.0,41.824,-71.4128,2024,4,12,5
2024-04-12 06:00:00,0.0,0.0,0.0,0.0,12.8,96,28.8,156,1002.7,100,100,100,52,1.7,0.0,41.824,-71.4128,2024,4,12,6
2024-04-12 07:00:00,5.0,0.0,5.0,0.0,13.3,96,28.8,160,1001.8,100,100,59,68,0.4,0.0,41.824,-71.4128,2024,4,12,7
2024-04-12 08:00:00,25.0,0.0,25.0,0.0,13.5,96,31.8,162,1000.5,100,100,100,32,13.9,0.0,41.824,-71.4128,2024,4,12,8
2024-04-12 09:00:00,31.0,0.0,31.0,0.0,13.7,96,31.3,163,999.9,100,100,100,100,8.5,0.0,41.824,-71.4128,2024,4,12,9
2024-04-12 10:00:00,48.0,0.0,48.0,0.0,13.3,97,31.1,167,998.7,100,100,8,100,2.7,0.0,41.824,-71.4128,2024,4,12,10
2024-04-12 11:00:00,215.0,22.0,193.0,30.9,14.8,93,25.8,165,997.6,100,100,55,3,0.3,0.0,41.824,-71.4128,2024,4,12,11
2024-04-12 12:00:00,206.0,10.0,196.0,12.5,14.9,92,22.4,161,996.3,100,100,42,0,0.2,0.0,41.824,-71.4128,2024,4,12,12
2024-04-12 13:00:00,376.0,52.0,324.0,62.2,15.9,87,25.2,166,995.5,100,100,54,0,0.2,65.15,41.824,-71.4128,2024,4,12,13
2024-04-12 14:00:00,322.0,46.0,276.0,55.7,15.9,83,23.6,164,994.8,100,100,32,0,0.1,0.0,41.824,-71.4128,2024,4,12,14
2024-04-12 15:00:00,300.0,22.0,278.0,28.8,15.9,83,22.6,171,994.1,71,45,54,2,0.0,0.0,41.824,-71.4128,2024,4,12,15
2024-04-12 16:00:00,426.0,225.0,201.0,341.1,16.0,79,27.7,179,993.4,100,100,57,1,0.1,3600.0,41.824,-71.4128,2024,4,12,16
2024-04-12 17:00:00,133.0,0.0,133.0,0.0,14.1,82,21.3,182,993.5,12,11,3,0,0.0,0.0,41.824,-71.4128,2024,4,12,17
2024-04-12 18:00:00,275.0,193.0,82.0,558.5,14.6,78,17.7,174,994.0,6,2,4,0,0.0,3600.0,41.824,-71.4128,2024,4,12,18
2024-04-12 19:00:00,106.0,65.0,41.0,410.9,14.3,72,21.3,202,995.4,6,5,2,0,0.0,3600.0,41.824,-71.4128,2024,4,12,19
2024-04-12 20:00:00,4.0,1.0,3.0,19.1,12.9,73,19.1,200,996.6,6,4,2,2,0.0,0.0,41.824,-71.4128,2024,4,12,20
2024-04-12 21:00:00,0.0,0.0,0.0,0.0,12.0,71,17.1,195,998.2,1,0,0,0,0.0,0.0,41.824,-71.4128,2024,4,12,21
2024-04-12 22:00:00,0.0,0.0,0.0,0.0,10.7,76,17.1,188,998.8,4,0,4,0,0.0,0.0,41.824,-71.4128,2024,4,12,22
2024-04-12 23:00:00,0.0,0.0,0.0,0.0,10.4,74,15.4,201,998.7,4,1,4,0,0.0,0.0,41.824,-71.4128,2024,4,12,23
2024-04-13 00:00:00,0.0,0.0,0.0,0.0,10.2,75,14.0,198,998.5,0,0,0,0,0.0,0.0,41.824,-71.4128,2024,4,13,0
2024-04-13 01:00:00,0.0,0.0,0.0,0.0,9.7,74,11.4,193,998.2,0,0,0,0,0.0,0.0,41.824,-71.4128,2024,4,13,1
2024-04-13 02:00:00,0.0,0.0,0.0,0.0,9.1,75,12.6,177,998.0,2,0,2,0,0.0,0.0,41.824,-71.4128,2024,4,13,2
2024-04-13 03:00:00,0.0,0.0,0.0,0.0,8.4,81,13.0,178,997.6,0,0,0,0,0.0,0.0,41.824,-71.4128,2024,4,13,3
2024-04-13 04:00:00,0.0,0.0,0.0,0.0,8.3,80,13.5,189,997.0,0,0,0,0,0.0,0.0,41.824,-71.4128,2024,4,13,4
2024-04-13 05:00:00,0.0,0.0,0.0,0.0,8.5,78,15.4,201,996.7,4,1,4,0,0.0,0.0,41.824,-71.4128,2024,4,13,5
2024-04-13 06:00:00,0.0,0.0,0.0,0.0,8.4,80,14.5,199,996.5,14,12,3,0,0.0,0.0,41.824,-71.4128,2024,4,13,6
2024-04-13 07:00:00,31.0,14.0,17.0,147.1,8.7,81,13.9,197,996.6,94,23,94,0,0.0,2855.91,41.824,-71.4128,2024,4,13,7
2024-04-13 08:00:00,129.0,53.0,76.0,214.2,10.1,76,15.8,207,996.3,100,10,100,0,0.0,3600.0,41.824,-71.4128,2024,4,13,8
2024-04-13 09:00:00,370.0,276.0,94.0,643.3,12.1,60,17.9,245,996.6,37,12,24,17,0.0,3600.0,41.824,-71.4128,2024,4,13,9
2024-04-13 10:00:00,490.0,355.0,135.0,602.9,12.4,51,20.2,254,996.8,96,10,95,51,0.0,3600.0,41.824,-71.4128,2024,4,13,10
2024-04-13 11:00:00,546.0,319.0,227.0,445.6,12.7,48,19.5,258,996.7,53,11,47,14,0.0,3600.0,41.824,-71.4128,2024,4,13,11
2024-04-13 12:00:00,623.0,371.0,252.0,462.9,13.0,45,21.1,262,996.5,81,13,81,0,0.0,3600.0,41.824,-71.4128,2024,4,13,12
2024-04-13 13:00:00,391.0,72.0,319.0,85.7,11.9,48,21.6,274,996.9,100,95,100,5,0.0,771.76,41.824,-71.4128,2024,4,13,13
2024-04-13 14:00:00,340.0,40.0,300.0,48.3,11.6,49,22.7,268,997.3,100,82,96,100,0.0,0.0,41.824,-71.4128,2024,4,13,14
2024-04-13 15:00:00,450.0,126.0,324.0,164.1,11.2,49,26.0,273,997.5,100,99,99,77,0.0,3121.68,41.824,-71.4128,2024,4,13,15
2024-04-13 16:00:00,304.0,40.0,264.0,60.4,10.7,48,25.8,277,997.7,100,100,100,57,0.0,10.79,41.824,-71.4128,2024,4,13,16
2024-04-13 17:00:00,187.0,24.0,163.0,46.2,10.0,49,26.4,276,998.2,100,97,99,100,0.0,0.0,41.824,-71.4128,2024,4,13,17
2024-04-13 18:00:00,97.0,13.0,84.0,37.3,9.0,50,27.8,280,999.6,94,63,65,56,0.0,0.0,41.824,-71.4128,2024,4,13,18
2024-04-13 19:00:00,75.0,20.0,55.0,123.9,8.0,58,25.9,279,1000.8,100,29,99,35,0.0,1915.55,41.824,-71.4128,2024,4,13,19
2024-04-13 20:00:00,2.0,0.0,2.0,0.0,7.4,65,24.0,278,1002.3,96,4,93,36,0.0,0.0,41.824,-71.4128,2024,4,13,20
2024-04-13 21:00:00,0.0,0.0,0.0,0.0,7.9,64,22.8,275,1003.5,98,67,95,0,0.0,0.0,41.824,-71.4128,2024,4,13,21
2024-04-13 22:00:00,0.0,0.0,0.0,0.0,7.3,67,22.0,274,1004.5,100,100,100,0,0.0,0.0,41.824,-71.4128,2024,4,13,22
2024-04-13 23:00:00,0.0,0.0,0.0,0.0,7.5,68,19.9,274,1004.9,100,100,100,0,0.0,0.0,41.824,-71.4128,2024,4,13,23
2024-04-14 00:00:00,0.0,0.0,0.0,0.0,7.7,65,19.1,274,1005.4,100,100,100,0,0.0,0.0,41.824,-71.4128,2024,4,14,0
2024-04-14 01:00:00,0.0,0.0,0.0,0.0,8.0,60,19.9,283,1005.9,94,94,6,0,0.0,0.0,41.824,-71.4128,2024,4,14,1
2024-04-14 02:00:00,0.0,0.0,0.0,0.0,8.0,59,17.7,290,1006.4,61,32,21,33,0.0,0.0,41.824,-71.4128,2024,4,14,2
2024-04-14 03:00:00,0.0,0.0,0.0,0.0,7.7,61,15.5,292,1007.1,39,4,1,36,0.0,0.0,41.824,-71.4128,2024,4,14,3
2024-04-14 04:00:00,0.0,0.0,0.0,0.0,6.9,63,14.7,287,1008.0,5,5,0,0,0.0,0.0,41.824,-71.4128,2024,4,14,4
2024-04-14 05:00:00,0.0,0.0,0.0,0.0,6.4,64,15.0,281,1008.7,1,1,0,0,0.0,0.0,41.824,-71.4128,2024,4,14,5
2024-04-14 06:00:00,0.0,0.0,0.0,0.0,5.8,67,13.3,273,1009.6,27,0,0,27,0.0,0.0,41.824,-71.4128,2024,4,14,6
2024-04-14 07:00:00,38.0,21.0,17.0,215.2,6.0,68,13.0,265,1010.4,58,0,0,58,0.0,2952.21,41.824,-71.4128,2024,4,14,7
2024-04-14 08:00:00,188.0,112.0,76.0,444.1,7.7,64,11.8,250,1010.7,13,0,0,13,0.0,3600.0,41.824,-71.4128,2024,4,14,8
2024-04-14 09:00:00,386.0,291.0,95.0,671.1,10.2,55,16.3,265,1011.0,15,0,6,10,0.0,3600.0,41.824,-71.4128,2024,4,14,9
2024-04-14 10:00:00,576.0,472.0,104.0,795.8,11.9,50,15.7,261,1010.8,97,0,17,97,0.0,3600.0,41.824,-71.4128,2024,4,14,10
2024-04-14 11:00:00,687.0,512.0,175.0,711.3,13.4,45,17.4,257,1010.6,100,0,40,100,0.0,3600.0,41.824,-71.4128,2024,4,14,11
2024-04-14 12:00:00,724.0,445.0,279.0,552.7,14.4,40,17.4,248,1009.8,99,0,99,63,0.0,3600.0,41.824,-71.4128,2024,4,14,12
2024-04-14 13:00:00,757.0,518.0,239.0,614.2,15.2,39,19.8,251,1009.4,100,0,100,90,0.0,3600.0,41.824,-71.4128,2024,4,14,13
2024-04-14 14:00:00,194.0,5.0,189.0,6.0,13.3,49,15.9,242,1008.9,100,0,100,16,0.1,0.0,41.824,-71.4128,2024,4,14,14
2024-04-14 15:00:00,309.0,156.0,153.0,202.3,15.1,46,14.8,223,1007.2,92,0,74,69,0.0,3600.0,41.824,-71.4128,2024,4,14,15
2024-04-14 16:00:00,482.0,236.0,246.0,354.5,16.3,43,17.6,206,1005.6,100,0,40,100,0.0,3600.0,41.824,-71.4128,2024,4,14,16
2024-04-14 17:00:00,423.0,272.0,151.0,520.4,15.0,48,22.3,214,1006.0,96,0,40,93,0.0,3600.0,41.824,-71.4128,2024,4,14,17
2024-04-14 18:00:00,175.0,57.0,118.0,162.0,12.3,65,14.5,199,1005.3,83,1,72,41,0.0,3060.22,41.824,-71.4128,2024,4,14,18
2024-04-14 19:00:00,73.0,31.0,42.0,188.1,10.5,77,17.3,182,1005.4,62,2,47,27,0.0,3600.0,41.824,-71.4128,2024,4,14,19
2024-04-14 20:00:00,4.0,1.0,3.0,18.7,9.3,78,14.1,183,1005.3,100,0,36,100,0.0,0.0,41.824,-71.4128,2024,4,14,20
2024-04-14 21:00:00,0.0,0.0,0.0,0.0,8.6,84,9.0,180,1005.3,100,0,76,100,0.0,0.0,41.824,-71.4128,2024,4,14,21
2024-04-14 22:00:00,0.0,0.0,0.0,0.0,9.4,77,6.6,221,1005.3,100,0,100,100,0.0,0.0,41.824,-71.4128,2024,4,14,22
2024-04-14 23:00:00,0.0,0.0,0.0,0.0,8.9,81,7.1,204,1004.9,100,2,30,100,0.0,0.0,41.824,-71.4128,2024,4,14,23
2024-04-15 00:00:00,0.0,0.0,0.0,0.0,9.4,73,5.1,184,1004.6,100,4,14,100,0.0,0.0,41.824,-71.4128,2024,4,15,0
2024-04-15 01:00:00,0.0,0.0,0.0,0.0,7.9,84,6.9,219,1004.7,98,8,2,97,0.0,0.0,41.824,-71.4128,2024,4,15,1
2024-04-15 02:00:00,0.0,0.0,0.0,0.0,7.1,86,7.3,259,1004.3,100,0,0,100,0.0,0.0,41.824,-71.4128,2024,4,15,2
2024-04-15 03:00:00,0.0,0.0,0.0,0.0,7.7,86,8.6,270,1004.3,98,0,0,98,0.0,0.0,41.824,-71.4128,2024,4,15,3
2024-04-15 04:00:00,0.0,0.0,0.0,0.0,7.6,90,10.0,296,1004.7,0,0,0,0,0.0,0.0,41.824,-71.4128,2024,4,15,4
2024-04-15 05:00:00,0.0,0.0,0.0,0.0,7.3,92,10.0,308,1005.0,1,0,1,0,0.0,0.0,41.824,-71.4128,2024,4,15,5
2024-04-15 06:00:00,0.0,0.0,0.0,0.0,7.1,93,8.9,297,1005.7,1,0,1,0,0.0,0.0,41.824,-71.4128,2024,4,15,6
2024-04-15 07:00:00,39.0,21.0,18.0,210.0,7.9,92,8.6,292,1006.5,8,0,8,0,0.0,3047.66,41.824,-71.4128,2024,4,15,7
2024-04-15 08:00:00,191.0,129.0,62.0,502.0,10.6,87,3.2,243,1007.2,10,0,4,6,0.0,3600.0,41.824,-71.4128,2024,4,15,8
2024-04-15 09:00:00,346.0,232.0,114.0,529.6,13.0,82,3.9,214,1008.3,90,89,10,0,0.0,3600.0,41.824,-71.4128,2024,4,15,9
2024-04-15 10:00:00,488.0,324.0,164.0,542.5,15.5,71,2.4,243,1008.5,45,21,40,0,0.0,3600.0,41.824,-71.4128,2024,4,15,10
2024-04-15 11:00:00,558.0,375.0,183.0,518.2,17.4,61,4.0,265,1008.4,36,30,23,0,0.0,3600.0,41.824,-71.4128,2024,4,15,11
2024-04-15 12:00:00,729.0,534.0,195.0,660.3,19.7,54,12.1,243,1007.6,20,14,8,0,0.0,3600.0,41.824,-71.4128,2024,4,15,12
2024-04-15 13:00:00,761.0,585.0,176.0,690.9,21.3,44,13.0,246,1006.7,33,1,33,0,0.0,3600.0,41.824,-71.4128,2024,4,15,13
2024-04-15 14:00:00,726.0,574.0,152.0,687.5,22.1,37,22.3,280,1006.4,25,0,25,0,0.1,3600.0,41.824,-71.4128,2024,4,15,14
2024-04-15 15:00:00,685.0,544.0,141.0,702.7,22.6,33,22.8,275,1006.2,6,0,6,0,0.0,3600.0,41.824,-71.4128,2024,4,15,15
2024-04-15 16:00:00,636.0,525.0,111.0,785.1,21.9,35,25.4,282,1006.5,38,0,38,0,0.0,3600.0,41.824,-71.4128,2024,4,15,16
2024-04-15 17:00:00,422.0,304.0,118.0,578.3,20.6,38,19.7,294,1006.8,34,0,34,0,0.0,3600.0,41.824,-71.4128,2024,4,15,17
2024-04-15 18:00:00,260.0,178.0,82.0,501.5,18.7,48,13.0,316,1007.7,13,0,13,0,0.0,3600.0,41.824,-71.4128,2024,4,15,18
2024-04-15 19:00:00,111.0,68.0,43.0,404.7,16.7,51,16.1,326,1009.0,4,0,4,0,0.0,3600.0,41.824,-71.4128,2024,4,15,19
2024-04-15 20:00:00,6.0,2.0,4.0,36.2,13.9,56,10.9,343,1010.5,1,0,1,0,0.0,0.0,41.824,-71.4128,2024,4,15,20
2024-04-15 21:00:00,0.0,0.0,0.0,0.0,12.7,70,7.7,349,1012.2,45,0,45,0,0.1,0.0,41.824,-71.4128,2024,4,15,21
2024-04-15 22:00:00,0.0,0.0,0.0,0.0,12.0,66,9.9,316,1012.9,77,1,77,0,0.0,0.0,41.824,-71.4128,2024,4,15,22
2024-04-15 23:00:00,0.0,0.0,0.0,0.0,11.0,70,12.8,344,1013.3,55,0,55,0,0.3,0.0,41.824,-71.4128,2024,4,15,23
2024-04-16 00:00:00,0.0,0.0,0.0,0.0,9.5,79,8.0,352,1013.5,75,0,75,0,0.2,0.0,41.824,-71.4128,2024,4,16,0
2024-04-16 01:00:00,0.0,0.0,0.0,0.0,8.7,86,5.4,360,1013.9,77,0,77,0,0.1,0.0,41.824,-71.4128,2024,4,16,1
2024-04-16 02:00:00,0.0,0.0,0.0,0.0,8.2,90,4.9,306,1014.2,36,0,36,0,0.0,0.0,41.824,-71.4128,2024,4,16,2
2024-04-16 03:00:00,0.0,0.0,0.0,0.0,7.2,92,4.8,312,1014.3,17,0,17,0,0.0,0.0,41.824,-71.4128,2024,4,16,3
2024-04-16 04:00:00,0.0,0.0,0.0,0.0,6.5,91,7.8,304,1014.6,0,0,0,0,0.0,0.0,41.824,-71.4128,2024,4,16,4
2024-04-16 05:00:00,0.0,0.0,0.0,0.0,5.8,91,8.5,298,1014.9,0,0,0,0,0.0,0.0,41.824,-71.4128,2024,4,16,5
2024-04-16 06:00:00,0.0,0.0,0.0,0.0,5.2,92,9.0,293,1015.6,0,0,0,0,0.0,0.0,41.824,-71.4128,2024,4,16,6
2024-04-16 07:00:00,43.0,24.0,19.0,234.5,5.9,87,12.0,291,1016.5,0,0,0,0,0.0,3142.16,41.824,-71.4128,2024,4,16,7
2024-04-16 08:00:00,209.0,151.0,58.0,577.2,8.6,80,10.3,295,1017.1,0,0,0,0,0.0,3600.0,41.824,-71.4128,2024,4,16,8
2024-04-16 09:00:00,408.0,330.0,78.0,745.8,12.6,57,12.3,302,1017.4,0,0,0,0,0.0,3600.0,41.824,-71.4128,2024,4,16,9
2024-04-16 10:00:00,593.0,502.0,91.0,834.7,14.7,46,12.3,322,1017.5,0,0,0,0,0.0,3600.0,41.824,-71.4128,2024,4,16,10
2024-04-16 11:00:00,744.0,646.0,98.0,887.9,16.0,40,11.2,318,1017.2,0,0,0,0,0.0,3600.0,41.824,-71.4128,2024,4,16,11
2024-04-16 12:00:00,848.0,746.0,102.0,918.4,17.0,35,13.1,307,1016.7,0,0,0,0,0.0,3600.0,41.824,-71.4128,2024,4,16,12
2024-04-16 13:00:00,894.0,793.0,101.0,933.0,17.9,32,15.9,303,1016.8,36,0,36,0,0.0,3600.0,41.824,-71.4128,2024,4,16,13
2024-04-16 14:00:00,795.0,624.0,171.0,744.6,18.3,32,17.7,303,1016.8,53,0,53,0,0.0,3600.0,41.824,-71.4128,2024,4,16,14
2024-04-16 15:00:00,669.0,414.0,255.0,532.7,18.4,31,17.1,311,1016.7,39,0,39,0,0.0,3600.0,41.824,-71.4128,2024,4,16,15
2024-04-16 16:00:00,538.0,325.0,213.0,483.9,18.5,29,16.9,310,1016.2,60,0,60,0,0.0,3600.0,41.824,-71.4128,2024,4,16,16
2024-04-16 17:00:00,412.0,232.0,180.0,438.8,18.3,29,17.8,312,1016.1,20,0,20,0,0.0,3600.0,41.824,-71.4128,2024,4,16,17
2024-04-16 18:00:00,292.0,202.0,90.0,564.2,17.0,35,15.7,323,1016.7,0,0,0,0,0.0,3600.0,41.824,-71.4128,2024,4,16,18
2024-04-16 19:00:00,121.0,79.0,42.0,461.2,14.4,46,10.0,330,1017.2,0,0,0,0,0.0,3600.0,41.824,-71.4128,2024,4,16,19
2024-04-16 20:00:00,7.0,3.0,4.0,52.8,12.3,49,11.1,299,1017.6,0,0,0,0,0.0,230.78,41.824,-71.4128,2024,4,16,20
2024-04-16 21:00:00,0.0,0.0,0.0,0.0,11.9,49,11.8,308,1018.2,0,0,0,0,0.0,0.0,41.824,-71.4128,2024,4,16,21
2024-04-16 22:00:00,0.0,0.0,0.0,0.0,11.2,50,12.3,310,1018.6,0,0,0,0,0.0,0.0,41.824,-71.4128,2024,4,16,22
2024-04-16 23:00:00,0.0,0.0,0.0,0.0,10.0,55,11.2,320,1019.1,0,0,0,0,0.0,0.0,41.824,-71.4128,2024,4,16,23
2024-04-17 00:00:00,0.0,0.0,0.0,0.0,8.9,59,14.2,344,1020.1,0,0,0,0,0.0,0.0,41.824,-71.4128,2024,4,17,0
2024-04-17 01:00:00,0.0,0.0,0.0,0.0,8.1,63,14.2,353,1020.8,15,0,0,15,0.0,0.0,41.824,-71.4128,2024,4,17,1
2024-04-17 02:00:00,0.0,0.0,0.0,0.0,7.2,67,12.1,12,1021.1,60,0,0,60,0.0,0.0,41.824,-71.4128,2024,4,17,2
2024-04-17 03:00:00,0.0,0.0,0.0,0.0,6.0,72,9.9,10,1021.3,28,0,0,28,0.0,0.0,41.824,-71.4128,2024,4,17,3
2024-04-17 04:00:00,0.0,0.0,0.0,0.0,5.1,77,9.9,10,1021.5,15,0,0,15,0.0,0.0,41.824,-71.4128,2024,4,17,4
2024-04-17 05:00:00,0.0,0.0,0.0,0.0,4.4,81,9.4,7,1022.0,3,0,0,3,0.0,0.0,41.824,-71.4128,2024,4,17,5
2024-04-17 06:00:00,0.0,0.0,0.0,0.0,3.8,81,10.6,10,1022.5,11,0,0,11,0.0,0.0,41.824,-71.4128,2024,4,17,6
2024-04-17 07:00:00,46.0,26.0,20.0,248.4,4.4,77,10.1,4,1022.9,55,0,0,55,0.0,3235.6,41.824,-71.4128,2024,4,17,7
2024-04-17 08:00:00,208.0,137.0,71.0,514.6,6.3,65,9.4,18,1022.9,55,0,0,55,0.0,3600.0,41.824,-71.4128,2024,4,17,8
2024-04-17 09:00:00,409.0,328.0,81.0,734.1,9.8,60,6.4,47,1022.7,10,0,0,10,0.0,3600.0,41.824,-71.4128,2024,4,17,9
2024-04-17 10:00:00,593.0,500.0,93.0,825.9,11.6,55,4.9,73,1022.1,85,0,0,85,0.0,3600.0,41.824,-71.4128,2024,4,17,10
2024-04-17 11:00:00,732.0,613.0,119.0,838.3,13.1,53,3.3,131,1021.8,94,0,0,94,0.0,3600.0,41.824,-71.4128,2024,4,17,11
2024-04-17 12:00:00,809.0,646.0,163.0,791.9,14.3,51,4.7,148,1021.0,95,0,0,95,0.0,3600.0,41.824,-71.4128,2024,4,17,12
2024-04-17 13:00:00,844.0,668.0,176.0,782.9,15.3,50,6.4,153,1020.2,94,0,0,94,0.0,3600.0,41.824,-71.4128,2024,4,17,13
2024-04-17 14:00:00,849.0,706.0,143.0,839.4,15.7,49,9.4,157,1019.8,59,5,0,57,0.0,3600.0,41.824,-71.4128,2024,4,17,14
2024-04-17 15:00:00,726.0,545.0,181.0,698.6,15.8,50,12.5,162,1019.2,100,96,28,100,0.0,3600.0,41.824,-71.4128,2024,4,17,15
2024-04-17 16:00:00,348.0,105.0,243.0,155.7,12.0,58,19.1,158,1018.9,100,17,2,100,0.0,2869.76,41.824,-71.4128,2024,4,17,16
2024-04-17 17:00:00,412.0,202.0,210.0,380.0,12.3,54,16.6,179,1018.2,100,1,6,100,0.0,3600.0,41.824,-71.4128,2024,4,17,17
2024-04-17 18:00:00,167.0,29.0,138.0,80.3,9.5,61,15.6,173,1018.4,100,2,21,100,0.0,609.53,41.824,-71.4128,2024,4,17,18
2024-04-17 19:00:00,73.0,13.0,60.0,74.5,8.8,65,11.6,154,1018.8,100,9,29,100,0.0,434.71,41.824,-71.4128,2024,4,17,19
2024-04-17 20:00:00,4.0,0.0,4.0,0.0,8.2,70,10.5,158,1019.1,100,4,95,100,0.0,0.0,41.824,-71.4128,2024,4,17,20
2024-04-17 21:00:00,0.0,0.0,0.0,0.0,7.9,71,8.7,150,1019.7,100,0,100,100,0.0,0.0,41.824,-71.4128,2024,4,17,21
2024-04-17 22:00:00,0.0,0.0,0.0,0.0,7.8,72,10.0,154,1020.5,100,0,100,100,0.0,0.0,41.824,-71.4128,2024,4,17,22
2024-04-17 23:00:00,0.0,0.0,0.0,0.0,7.5,73,9.3,152,1020.7,100,0,100,100,0.1,0.0,41.824,-71.4128,2024,4,17,23
2024-04-18 00:00:00,0.0,0.0,0.0,0.0,7.1,77,10.6,108,1020.1,100,3,100,100,0.1,0.0,41.824,-71.4128,2024,4,18,0
2024-04-18 01:00:00,0.0,0.0,0.0,0.0,6.9,77,9.0,127,1019.7,99,2,96,86,0.0,0.0,41.824,-71.4128,2024,4,18,1
2024-04-18 02:00:00,0.0,0.0,0.0,0.0,6.8,76,9.5,101,1018.9,100,71,100,99,0.0,0.0,41.824,-71.4128,2024,4,18,2
2024-04-18 03:00:00,0.0,0.0,0.0,0.0,6.8,76,8.2,113,1018.7,100,97,100,86,0.1,0.0,41.824,-71.4128,2024,4,18,3
2024-04-18 04:00:00,0.0,0.0,0.0,0.0,7.0,73,9.3,74,1017.9,100,100,94,100,0.0,0.0,41.824,-71.4128,2024,4,18,4
2024-04-18 05:00:00,0.0,0.0,0.0,0.0,7.1,63,11.0,71,1017.8,100,100,100,100,0.0,0.0,41.824,-71.4128,2024,4,18,5
2024-04-18 06:00:00,0.0,0.0,0.0,0.0,7.0,61,11.2,75,1018.1,100,100,100,97,0.0,0.0,41.824,-71.4128,2024,4,18,6
2024-04-18 07:00:00,5.0,0.0,5.0,0.0,7.3,58,12.3,85,1018.9,100,99,100,98,0.0,0.0,41.824,-71.4128,2024,4,18,7
2024-04-18 08:00:00,31.0,0.0,31.0,0.0,7.5,60,10.7,76,1019.5,100,100,100,95,0.0,0.0,41.824,-71.4128,2024,4,18,8
2024-04-18 09:00:00,94.0,3.0,91.0,6.7,8.0,63,14.2,63,1019.4,100,98,100,79,0.0,0.0,41.824,-71.4128,2024,4,18,9
2024-04-18 10:00:00,126.0,1.0,125.0,1.6,7.9,62,15.5,68,1019.4,100,100,100,25,0.0,0.0,41.824,-71.4128,2024,4,18,10
2024-04-18 11:00:00,200.0,19.0,181.0,25.9,8.2,61,15.4,74,1019.8,100,100,100,100,0.0,0.0,41.824,-71.4128,2024,4,18,11
2024-04-18 12:00:00,215.0,2.0,213.0,2.4,8.6,60,14.7,68,1019.2,100,96,100,100,0.0,0.0,41.824,-71.4128,2024,4,18,12
2024-04-18 13:00:00,256.0,29.0,227.0,33.9,9.2,60,11.7,72,1019.4,100,99,100,99,0.1,0.0,41.824,-71.4128,2024,4,18,13
2024-04-18 14:00:00,152.0,1.0,151.0,1.2,8.7,64,11.9,61,1019.7,100,100,100,100,0.5,0.0,41.824,-71.4128,2024,4,18,14
2024-04-18 15:00:00,157.0,0.0,157.0,0.0,8.6,65,12.4,54,1019.6,100,100,100,100,0.1,0.0,41.824,-71.4128,2024,4,18,15
2024-04-18 16:00:00,132.0,0.0,132.0,0.0,8.2,68,12.0,41,1019.8,100,89,100,97,0.2,0.0,41.824,-71.4128,2024,4,18,16
2024-04-18 17:00:00,52.0,0.0,52.0,0.0,7.6,75,11.3,37,1019.8,100,99,100,80,0.2,0.0,41.824,-71.4128,2024,4,18,17
2024-04-18 18:00:00,52.0,0.0,52.0,0.0,7.4,78,10.6,35,1020.1,100,100,100,13,0.1,0.0,41.824,-71.4128,2024,4,18,18
2024-04-18 19:00:00,17.0,0.0,17.0,0.0,7.1,81,9.0,23,1020.6,100,1,100,0,0.0,0.0,41.824,-71.4128,2024,4,18,19
2024-04-18 20:00:00,1.0,0.0,1.0,0.0,6.6,85,12.6,70,1020.1,100,0,100,0,0.3,0.0,41.824,-71.4128,2024,4,18,20
2024-04-18 21:00:00,0.0,0.0,0.0,0.0,5.9,94,7.9,24,1020.9,22,7,21,0,0.0,0.0,41.824,-71.4128,2024,4,18,21
2024-04-18 22:00:00,0.0,0.0,0.0,0.0,5.0,98,7.3,9,1021.4,41,30,39,0,0.0,0.0,41.824,-71.4128,2024,4,18,22
2024-04-18 23:00:00,0.0,0.0,0.0,0.0,4.7,98,6.8,3,1021.5,85,30,42,71,0.0,0.0,41.824,-71.4128,2024,4,18,23
2024-04-19 00:00:00,0.0,0.0,0.0,0.0,4.8,97,7.4,23,1021.1,93,20,93,8,0.0,0.0,41.824,-71.4128,2024,4,19,0
2024-04-19 01:00:00,0.0,0.0,0.0,0.0,4.8,97,7.0,21,1021.2,100,97,100,0,0.0,0.0,41.824,-71.4128,2024,4,19,1
2024-04-19 02:00:00,0.0,0.0,0.0,0.0,5.4,97,6.0,57,1020.6,100,2,100,0,0.0,0.0,41.824,-71.4128,2024,4,19,2
2024-04-19 03:00:00,0.0,0.0,0.0,0.0,5.3,96,7.9,30,1020.7,55,35,31,0,0.0,0.0,41.824,-71.4128,2024,4,19,3
2024-04-19 04:00:00,0.0,0.0,0.0,0.0,4.3,97,5.8,30,1021.1,89,60,72,0,0.0,0.0,41.824,-71.4128,2024,4,19,4
2024-04-19 05:00:00,0.0,0.0,0.0,0.0,4.6,96,6.1,40,1021.0,100,99,100,0,0.0,0.0,41.824,-71.4128,2024,4,19,5
2024-04-19 06:00:00,0.0,0.0,0.0,0.0,5.0,95,5.5,58,1021.1,98,89,88,0,0.0,0.0,41.824,-71.4128,2024,4,19,6
2024-04-19 07:00:00,23.0,4.0,19.0,36.6,5.5,95,5.4,20,1021.6,100,66,100,0,0.0,0.0,41.824,-71.4128,2024,4,19,7
2024-04-19 08:00:00,100.0,15.0,85.0,54.5,6.5,90,5.6,40,1021.7,97,82,94,0,0.0,0.0,41.824,-71.4128,2024,4,19,8
2024-04-19 09:00:00,182.0,13.0,169.0,28.6,8.0,81,6.6,77,1021.5,70,0,70,0,0.0,0.0,41.824,-71.4128,2024,4,19,9
2024-04-19 10:00:00,487.0,316.0,171.0,515.3,10.3,67,9.0,119,1021.2,20,0,0,19,0.0,3600.0,41.824,-71.4128,2024,4,19,10
2024-04-19 11:00:00,726.0,608.0,118.0,823.3,12.1,54,11.5,136,1020.7,18,5,2,13,0.0,3600.0,41.824,-71.4128,2024,4,19,11
2024-04-19 12:00:00,831.0,715.0,116.0,869.3,13.2,49,13.7,157,1020.3,99,15,12,99,0.0,3600.0,41.824,-71.4128,2024,4,19,12
2024-04-19 13:00:00,829.0,616.0,213.0,716.7,13.5,43,17.3,157,1019.5,100,0,1,100,0.0,3600.0,41.824,-71.4128,2024,4,19,13
2024-04-19 14:00:00,819.0,617.0,202.0,728.5,13.4,46,18.1,159,1019.0,100,2,1,100,0.0,3600.0,41.824,-71.4128,2024,4,19,14
2024-04-19 15:00:00,663.0,353.0,310.0,449.2,12.7,49,17.0,167,1019.0,100,3,4,100,0.0,3600.0,41.824,-71.4128,2024,4,19,15
2024-04-19 16:00:00,457.0,151.0,306.0,222.0,11.7,53,17.3,163,1018.3,100,0,2,100,0.0,3600.0,41.824,-71.4128,2024,4,19,16
2024-04-19 17:00:00,312.0,64.0,248.0,119.1,10.8,58,17.8,162,1017.5,100,0,0,100,0.0,1772.8,41.824,-71.4128,2024,4,19,17
2024-04-19 18:00:00,193.0,37.0,156.0,100.8,9.7,65,16.0,171,1017.4,21,0,9,13,0.0,1223.84,41.824,-71.4128,2024,4,19,18
2024-04-19 19:00:00,123.0,76.0,47.0,420.1,8.3,74,13.4,172,1017.4,87,0,87,0,0.0,3600.0,41.824,-71.4128,2024,4,19,19
2024-04-19 20:00:00,6.0,1.0,5.0,16.2,7.5,80,13.8,173,1016.9,99,0,99,0,0.0,0.0,41.824,-71.4128,2024,4,19,20
2024-04-19 21:00:00,0.0,0.0,0.0,0.0,7.6,77,9.7,182,1018.2,99,0,69,97,0.0,0.0,41.824,-71.4128,2024,4,19,21
2024-04-19 22:00:00,0.0,0.0,0.0,0.0,6.8,84,10.4,180,1017.8,100,4,13,100,0.0,0.0,41.824,-71.4128,2024,4,19,22
2024-04-19 23:00:00,0.0,0.0,0.0,0.0,6.1,89,9.3,193,1017.2,99,13,18,99,0.0,0.0,41.824,-71.4128,2024,4,19,23
2024-04-20 00:00:00,0.0,0.0,0.0,0.0,5.8,91,9.6,200,1016.8,100,100,71,91,0.0,0.0,41.824,-71.4128,2024,4,20,0
2024-04-20 01:00:00,0.0,0.0,0.0,0.0,6.6,88,11.0,191,1016.3,100,100,100,88,0.0,0.0,41.824,-71.4128,2024,4,20,1
2024-04-20 02:00:00,0.0,0.0,0.0,0.0,7.0,86,9.2,191,1015.5,100,100,100,100,0.0,0.0,41.824,-71.4128,2024,4,20,2
2024-04-20 03:00:00,0.0,0.0,0.0,0.0,7.2,87,9.4,198,1015.0,100,100,100,100,0.0,0.0,41.824,-71.4128,2024,4,20,3
2024-04-20 04:00:00,0.0,0.0,0.0,0.0,7.4,87,10.5,196,1014.6,100,100,100,99,0.1,0.0,41.824,-71.4128,2024,4,20,4
2024-04-20 05:00:00,0.0,0.0,0.0,0.0,7.6,89,8.5,208,1013.9,100,100,100,99,0.1,0.0,41.824,-71.4128,2024,4,20,5
2024-04-20 06:00:00,0.0,0.0,0.0,0.0,7.8,89,6.7,196,1013.7,100,100,100,100,0.0,0.0,41.824,-71.4128,2024,4,20,6
2024-04-20 07:00:00,6.0,0.0,6.0,0.0,8.1,90,6.8,183,1013.3,100,100,100,94,0.0,0.0,41.824,-71.4128,2024,4,20,7
2024-04-20 08:00:00,23.0,0.0,23.0,0.0,8.3,94,7.1,225,1013.3,100,100,100,100,1.3,0.0,41.824,-71.4128,2024,4,20,8
2024-04-20 09:00:00,84.0,0.0,84.0,0.0,9.2,94,5.9,218,1013.3,100,100,100,96,0.9,0.0,41.824,-71.4128,2024,4,20,9
2024-04-20 10:00:00,81.0,0.0,81.0,0.0,9.4,95,6.5,214,1013.0,100,100,100,93,2.0,0.0,41.824,-71.4128,2024,4,20,10
2024-04-20 11:00:00,62.0,0.0,62.0,0.0,9.5,96,5.9,232,1012.2,100,100,100,64,1.5,0.0,41.824,-71.4128,2024,4,20,11
2024-04-20 12:00:00,129.0,0.0,129.0,0.0,10.1,94,6.2,234,1011.2,100,66,100,61,0.4,0.0,41.824,-71.4128,2024,4,20,12
2024-04-20 13:00:00,293.0,51.0,242.0,59.1,12.1,84,7.9,286,1010.5,100,100,100,66,0.0,0.0,41.824,-71.4128,2024,4,20,13
2024-04-20 14:00:00,310.0,17.0,293.0,20.0,13.9,72,7.8,248,1009.7,86,47,50,46,0.0,0.0,41.824,-71.4128,2024,4,20,14
2024-04-20 15:00:00,467.0,198.0,269.0,251.1,15.3,62,11.8,232,1008.2,84,78,49,0,0.1,3600.0,41.824,-71.4128,2024,4,20,15
2024-04-20 16:00:00,468.0,232.0,236.0,339.7,16.4,53,12.9,247,1007.1,95,77,94,0,0.0,3600.0,41.824,-71.4128,2024,4,20,16
2024-04-20 17:00:00,251.0,63.0,188.0,116.6,16.3,52,11.4,252,1006.8,50,12,48,0,0.0,1698.55,41.824,-71.4128,2024,4,20,17
2024-04-20 18:00:00,180.0,93.0,87.0,251.3,13.9,60,11.0,281,1007.6,99,27,99,0,0.0,3600.0,41.824,-71.4128,2024,4,20,18
2024-04-20 19:00:00,82.0,29.0,53.0,157.5,12.1,77,4.4,305,1008.0,90,6,90,0,0.1,2926.44,41.824,-71.4128,2024,4,20,19
2024-04-20 20:00:00,5.0,1.0,4.0,15.8,10.8,81,7.9,267,1009.1,33,16,31,0,0.0,0.0,41.824,-71.4128,2024,4,20,20
2024-04-20 21:00:00,0.0,0.0,0.0,0.0,9.8,63,19.4,318,1010.8,2,0,2,0,0.0,0.0,41.824,-71.4128,2024,4,20,21
2024-04-20 22:00:00,0.0,0.0,0.0,0.0,8.5,59,17.3,318,1012.2,0,0,0,0,0.0,0.0,41.824,-71.4128,2024,4,20,22
2024-04-20 23:00:00,0.0,0.0,0.0,0.0,7.3,58,13.0,309,1013.1,0,0,0,0,0.0,0.0,41.824,-71.4128,2024,4,20,23
2024-04-21 00:00:00,0.0,0.0,0.0,0.0,6.2,57,13.8,309,1013.6,0,0,0,0,0.0,0.0,41.824,-71.4128,2024,4,21,0
2024-04-21 01:00:00,0.0,0.0,0.0,0.0,5.1,53,13.8,309,1013.8,0,0,0,0,0.0,0.0,41.824,-71.4128,2024,4,21,1
2024-04-21 02:00:00,0.0,0.0,0.0,0.0,4.2,56,12.3,310,1013.8,0,0,0,0,0.0,0.0,41.824,-71.4128,2024,4,21,2
2024-04-21 03:00:00,0.0,0.0,0.0,0.0,3.5,60,12.0,311,1013.9,0,0,0,0,0.0,0.0,41.824,-71.4128,2024,4,21,3
2024-04-21 04:00:00,0.0,0.0,0.0,0.0,2.8,64,10.9,314,1013.4,0,0,0,0,0.0,0.0,41.824,-71.4128,2024,4,21,4
2024-04-21 05:00:00,0.0,0.0,0.0,0.0,2.1,69,9.3,298,1013.8,0,0,0,0,0.0,0.0,41.824,-71.4128,2024,4,21,5
2024-04-21 06:00:00,0.0,0.0,0.0,0.0,1.7,73,10.0,300,1014.0,84,0,0,84,0.0,0.0,41.824,-71.4128,2024,4,21,6
2024-04-21 07:00:00,56.0,25.0,31.0,220.3,2.9,72,10.1,287,1014.8,100,0,0,100,0.0,3596.61,41.824,-71.4128,2024,4,21,7
2024-04-21 08:00:00,223.0,141.0,82.0,497.0,5.2,65,8.4,295,1014.8,95,0,0,95,0.0,3600.0,41.824,-71.4128,2024,4,21,8
2024-04-21 09:00:00,403.0,272.0,131.0,587.2,8.0,54,10.1,305,1014.4,100,0,0,100,0.0,3600.0,41.824,-71.4128,2024,4,21,9
2024-04-21 10:00:00,572.0,399.0,173.0,642.9,9.6,47,7.8,304,1013.7,100,0,0,100,0.0,3600.0,41.824,-71.4128,2024,4,21,10
2024-04-21 11:00:00,682.0,425.0,257.0,570.2,10.6,44,7.8,248,1013.2,100,0,1,100,0.0,3600.0,41.824,-71.4128,2024,4,21,11
2024-04-21 12:00:00,664.0,275.0,389.0,331.8,11.3,41,12.5,237,1013.0,100,1,1,100,0.0,3600.0,41.824,-71.4128,2024,4,21,12
2024-04-21 13:00:00,581.0,178.0,403.0,205.7,11.5,38,16.1,246,1012.3,100,8,18,100,0.0,3600.0,41.824,-71.4128,2024,4,21,13
2024-04-21 14:00:00,469.0,81.0,388.0,95.0,11.5,37,14.7,253,1011.5,100,0,68,100,0.0,1050.09,41.824,-71.4128,2024,4,21,14
2024-04-21 15:00:00,508.0,141.0,367.0,178.2,11.8,37,18.2,261,1010.7,100,0,53,100,0.0,3545.6,41.824,-71.4128,2024,4,21,15
2024-04-21 16:00:00,386.0,79.0,307.0,115.2,11.3,39,18.8,275,1010.0,100,0,56,100,0.0,1656.3,41.824,-71.4128,2024,4,21,16
2024-04-21 17:00:00,283.0,38.0,245.0,70.0,10.7,42,17.8,288,1009.9,100,2,0,100,0.0,299.38,41.824,-71.4128,2024,4,21,17
2024-04-21 18:00:00,197.0,29.0,168.0,77.8,9.7,44,15.6,296,1010.0,100,0,0,100,0.0,532.54,41.824,-71.4128,2024,4,21,18
2024-04-21 19:00:00,80.0,6.0,74.0,32.0,8.6,50,10.2,293,1010.6,100,0,1,100,0.0,0.0,41.824,-71.4128,2024,4,21,19
2024-04-21 20:00:00,7.0,0.0,7.0,0.0,7.3,55,6.5,264,1011.1,100,0,0,100,0.0,0.0,41.824,-71.4128,2024,4,21,20
2024-04-21 21:00:00,0.0,0.0,0.0,0.0,6.1,58,9.1,277,1011.5,100,0,0,100,0.0,0.0,41.824,-71.4128,2024,4,21,21
2024-04-21 22:00:00,0.0,0.0,0.0,0.0,5.6,58,10.2,288,1011.9,100,0,0,100,0.0,0.0,41.824,-71.4128,2024,4,21,22
2024-04-21 23:00:00,0.0,0.0,0.0,0.0,5.1,58,10.8,291,1012.0,100,0,0,100,0.0,0.0,41.824,-71.4128,2024,4,21,23
2024-04-22 00:00:00,0.0,0.0,0.0,0.0,4.3,61,10.5,292,1012.2,1,0,0,1,0.0,0.0,41.824,-71.4128,2024,4,22,0
2024-04-22 01:00:00,0.0,0.0,0.0,0.0,3.5,64,12.0,291,1012.3,3,0,0,3,0.0,0.0,41.824,-71.4128,2024,4,22,1
2024-04-22 02:00:00,0.0,0.0,0.0,0.0,3.2,65,11.9,284,1012.2,64,0,0,64,0.0,0.0,41.824,-71.4128,2024,4,22,2
2024-04-22 03:00:00,0.0,0.0,0.0,0.0,2.7,67,12.0,279,1012.2,8,0,0,8,0.0,0.0,41.824,-71.4128,2024,4,22,3
2024-04-22 04:00:00,0.0,0.0,0.0,0.0,2.3,69,11.2,276,1012.6,7,0,0,7,0.0,0.0,41.824,-71.4128,2024,4,22,4
2024-04-22 05:00:00,0.0,0.0,0.0,0.0,1.9,71,11.6,275,1012.9,0,0,0,0,0.0,0.0,41.824,-71.4128,2024,4,22,5
2024-04-22 06:00:00,0.0,0.0,0.0,0.0,1.7,73,11.8,293,1013.5,0,0,0,0,0.0,0.0,41.824,-71.4128,2024,4,22,6
2024-04-22 07:00:00,63.0,38.0,25.0,328.9,3.2,70,14.0,296,1014.2,0,0,0,0,0.0,3600.0,41.824,-71.4128,2024,4,22,7
2024-04-22 08:00:00,242.0,180.0,62.0,625.4,5.6,64,12.5,314,1014.8,0,0,0,0,0.0,3600.0,41.824,-71.4128,2024,4,22,8
2024-04-22 09:00:00,442.0,362.0,80.0,775.1,7.7,49,15.1,327,1015.1,0,0,0,0,0.0,3600.0,41.824,-71.4128,2024,4,22,9
2024-04-22 10:00:00,629.0,538.0,91.0,861.9,8.8,42,13.9,329,1015.4,0,0,0,0,0.0,3600.0,41.824,-71.4128,2024,4,22,10
2024-04-22 11:00:00,782.0,684.0,98.0,913.6,10.1,37,12.8,322,1015.4,0,0,0,0,0.0,3600.0,41.824,-71.4128,2024,4,22,11
2024-04-22 12:00:00,885.0,784.0,101.0,942.4,11.1,33,14.1,320,1015.4,0,0,0,0,0.0,3600.0,41.824,-71.4128,2024,4,22,12
2024-04-22 13:00:00,932.0,830.0,102.0,955.9,11.8,29,13.8,321,1015.9,0,0,0,0,0.0,3600.0,41.824,-71.4128,2024,4,22,13
2024-04-22 14:00:00,917.0,817.0,100.0,955.2,12.4,30,12.6,323,1016.1,0,0,0,0,0.0,3600.0,41.824,-71.4128,2024,4,22,14
2024-04-22 15:00:00,840.0,742.0,98.0,934.5,12.8,32,10.2,315,1016.0,0,0,0,0,0.0,3600.0,41.824,-71.4128,2024,4,22,15
2024-04-22 16:00:00,709.0,617.0,92.0,896.3,12.9,31,9.7,318,1015.7,0,0,0,0,0.0,3600.0,41.824,-71.4128,2024,4,22,16
2024-04-22 17:00:00,537.0,454.0,83.0,831.8,12.8,30,10.2,337,1015.7,0,0,0,0,0.0,3600.0,41.824,-71.4128,2024,4,22,17
2024-04-22 18:00:00,340.0,270.0,70.0,718.3,12.2,31,8.7,355,1016.1,0,0,0,0,0.0,3600.0,41.824,-71.4128,2024,4,22,18
2024-04-22 19:00:00,144.0,99.0,45.0,520.2,10.0,49,5.7,35,1016.7,0,0,0,0,0.0,3600.0,41.824,-71.4128,2024,4,22,19
2024-04-22 20:00:00,12.0,6.0,6.0,90.3,6.7,65,6.5,56,1017.7,0,0,0,0,0.0,1004.09,41.824,-71.4128,2024,4,22,20
2024-04-22 21:00:00,0.0,0.0,0.0,0.0,6.5,79,5.6,195,1018.4,0,0,0,0,0.0,0.0,41.824,-71.4128,2024,4,22,21
2024-04-22 22:00:00,0.0,0.0,0.0,0.0,5.8,81,5.4,188,1019.1,0,0,0,0,0.0,0.0,41.824,-71.4128,2024,4,22,22
2024-04-22 23:00:00,0.0,0.0,0.0,0.0,4.2,89,6.6,135,1019.1,0,0,0,0,0.0,0.0,41.824,-71.4128,2024,4,22,23
2024-04-23 00:00:00,0.0,0.0,0.0,0.0,4.1,89,7.3,189,1019.5,0,0,0,0,0.0,0.0,41.824,-71.4128,2024,4,23,0
2024-04-23 01:00:00,0.0,0.0,0.0,0.0,3.5,90,6.9,223,1019.4,0,0,0,0,0.0,0.0,41.824,-71.4128,2024,4,23,1
2024-04-23 02:00:00,0.0,0.0,0.0,0.0,3.6,87,4.3,275,1018.8,0,0,0,0,0.0,0.0,41.824,-71.4128,2024,4,23,2
2024-04-23 03:00:00,0.0,0.0,0.0,0.0,4.6,79,2.4,297,1019.0,0,0,0,0,0.0,0.0,41.824,-71.4128,2024,4,23,3
2024-04-23 04:00:00,0.0,0.0,0.0,0.0,1.7,90,6.2,291,1019.4,0,0,0,0,0.0,0.0,41.824,-71.4128,2024,4,23,4
2024-04-23 05:00:00,0.0,0.0,0.0,0.0,3.0,82,1.1,360,1020.1,1,1,0,0,0.0,0.0,41.824,-71.4128,2024,4,23,5
2024-04-23 06:00:00,0.0,0.0,0.0,0.0,1.7,87,0.4,360,1020.2,2,2,0,0,0.0,0.0,41.824,-71.4128,2024,4,23,6
2024-04-23 07:00:00,66.0,40.0,26.0,340.1,3.4,82,1.0,315,1020.9,2,2,0,0,0.0,3600.0,41.824,-71.4128,2024,4,23,7
2024-04-23 08:00:00,245.0,185.0,60.0,633.7,6.9,79,1.1,18,1021.1,3,3,0,0,0.0,3600.0,41.824,-71.4128,2024,4,23,8
2024-04-23 09:00:00,444.0,365.0,79.0,775.2,9.5,68,6.2,159,1021.7,0,0,0,0,0.0,3600.0,41.824,-71.4128,2024,4,23,9
2024-04-23 10:00:00,626.0,536.0,90.0,853.9,11.9,57,8.2,157,1021.5,0,0,0,0,0.0,3600.0,41.824,-71.4128,2024,4,23,10
2024-04-23 11:00:00,774.0,676.0,98.0,899.1,13.1,45,12.6,156,1021.0,0,0,0,0,0.0,3600.0,41.824,-71.4128,2024,4,23,11
2024-04-23 12:00:00,874.0,772.0,102.0,924.7,13.6,42,15.8,153,1020.3,0,0,0,0,0.0,3600.0,41.824,-71.4128,2024,4,23,12
2024-04-23 13:00:00,919.0,815.0,104.0,935.6,13.8,40,17.7,153,1019.5,0,0,0,0,0.0,3600.0,41.824,-71.4128,2024,4,23,13
2024-04-23 14:00:00,902.0,800.0,102.0,932.4,13.3,39,20.8,154,1018.8,0,0,0,0,0.0,3600.0,41.824,-71.4128,2024,4,23,14
2024-04-23 15:00:00,826.0,727.0,99.0,912.6,12.3,40,22.9,158,1018.0,0,0,0,0,0.0,3600.0,41.824,-71.4128,2024,4,23,15
2024-04-23 16:00:00,701.0,607.0,94.0,878.4,11.4,42,21.7,161,1017.5,0,0,0,0,0.0,3600.0,41.824,-71.4128,2024,4,23,16
2024-04-23 17:00:00,533.0,448.0,85.0,816.7,10.8,45,18.7,164,1017.2,0,0,0,0,0.0,3600.0,41.824,-71.4128,2024,4,23,17
2024-04-23 18:00:00,338.0,268.0,70.0,707.5,9.8,49,16.6,167,1016.8,0,0,0,0,0.0,3600.0,41.824,-71.4128,2024,4,23,18
2024-04-23 19:00:00,144.0,98.0,46.0,506.6,8.3,55,10.9,188,1017.0,3,0,0,3,0.0,3600.0,41.824,-71.4128,2024,4,23,19
2024-04-23 20:00:00,13.0,6.0,7.0,88.2,6.1,61,10.2,170,1016.5,2,0,0,2,0.0,975.26,41.824,-71.4128,2024,4,23,20
2024-04-23 21:00:00,0.0,0.0,0.0,0.0,5.7,65,10.1,184,1016.4,6,0,0,6,0.0,0.0,41.824,-71.4128,2024,4,23,21
2024-04-23 22:00:00,0.0,0.0,0.0,0.0,4.8,70,10.4,200,1016.4,86,0,0,86,0.0,0.0,41.824,-71.4128,2024,4,23,22
2024-04-23 23:00:00,0.0,0.0,0.0,0.0,4.2,74,10.1,207,1015.7,44,0,0,44,0.0,0.0,41.824,-71.4128,2024,4,23,23
2024-04-24 00:00:00,0.0,0.0,0.0,0.0,3.8,74,10.2,212,1015.0,15,0,2,14,0.0,0.0,41.824,-71.4128,2024,4,24,0
2024-04-24 01:00:00,0.0,0.0,0.0,0.0,3.7,73,11.1,216,1014.2,25,0,0,25,0.0,0.0,41.824,-71.4128,2024,4,24,1
2024-04-24 02:00:00,0.0,0.0,0.0,0.0,3.8,70,10.3,216,1013.5,100,0,100,38,0.0,0.0,41.824,-71.4128,2024,4,24,2
2024-04-24 03:00:00,0.0,0.0,0.0,0.0,5.1,64,9.3,216,1012.6,99,0,70,98,0.0,0.0,41.824,-71.4128,2024,4,24,3
2024-04-24 04:00:00,0.0,0.0,0.0,0.0,4.8,65,8.7,204,1011.9,100,0,87,100,0.0,0.0,41.824,-71.4128,2024,4,24,4
2024-04-24 05:00:00,0.0,0.0,0.0,0.0,5.4,65,10.4,200,1011.1,100,0,77,100,0.0,0.0,41.824,-71.4128,2024,4,24,5
2024-04-24 06:00:00,0.0,0.0,0.0,0.0,5.6,67,9.6,193,1010.5,100,0,78,100,0.0,0.0,41.824,-71.4128,2024,4,24,6
2024-04-24 07:00:00,24.0,0.0,24.0,0.0,6.5,67,10.5,184,1010.4,100,0,60,100,0.0,0.0,41.824,-71.4128,2024,4,24,7
2024-04-24 08:00:00,106.0,12.0,94.0,40.5,7.9,69,11.4,169,1009.5,100,0,97,100,0.0,0.0,41.824,-71.4128,2024,4,24,8
2024-04-24 09:00:00,171.0,23.0,148.0,48.5,9.7,67,9.8,188,1009.2,100,0,100,100,0.0,0.0,41.824,-71.4128,2024,4,24,9
2024-04-24 10:00:00,174.0,8.0,166.0,12.7,10.6,65,10.6,208,1009.3,100,0,100,100,0.0,0.0,41.824,-71.4128,2024,4,24,10
2024-04-24 11:00:00,276.0,24.0,252.0,31.8,11.6,65,11.2,222,1009.1,100,0,100,90,0.0,0.0,41.824,-71.4128,2024,4,24,11
2024-04-24 12:00:00,167.0,0.0,167.0,0.0,11.2,70,9.7,239,1008.6,83,4,83,0,0.3,0.0,41.824,-71.4128,2024,4,24,12
2024-04-24 13:00:00,528.0,194.0,334.0,222.0,13.5,65,7.8,236,1008.0,7,0,7,0,0.0,3600.0,41.824,-71.4128,2024,4,24,13
2024-04-24 14:00:00,888.0,775.0,113.0,900.4,16.8,51,10.9,264,1007.6,40,31,24,3,0.0,3600.0,41.824,-71.4128,2024,4,24,14
2024-04-24 15:00:00,624.0,431.0,193.0,539.3,17.6,49,12.8,254,1007.0,29,16,7,12,0.0,3600.0,41.824,-71.4128,2024,4,24,15
2024-04-24 16:00:00,639.0,506.0,133.0,729.5,14.6,67,24.9,284,1008.1,100,12,84,100,0.5,3600.0,41.824,-71.4128,2024,4,24,16
2024-04-24 17:00:00,215.0,34.0,181.0,61.7,14.1,73,9.0,247,1008.4,33,18,20,13,0.0,50.35,41.824,-71.4128,2024,4,24,17
2024-04-24 18:00:00,283.0,199.0,84.0,521.4,15.2,65,11.8,293,1009.3,29,18,20,4,0.0,3600.0,41.824,-71.4128,2024,4,24,18
2024-04-24 19:00:00,118.0,70.0,48.0,356.2,13.6,63,15.0,336,1010.9,6,3,3,0,0.0,3600.0,41.824,-71.4128,2024,4,24,19
2024-04-24 20:00:00,13.0,5.0,8.0,71.9,11.2,68,18.9,339,1012.9,0,0,0,0,0.0,625.75,41.824,-71.4128,2024,4,24,20
2024-04-24 21:00:00,0.0,0.0,0.0,0.0,9.8,70,18.4,334,1015.0,0,0,0,0,0.0,0.0,41.824,-71.4128,2024,4,24,21
2024-04-24 22:00:00,0.0,0.0,0.0,0.0,8.2,63,21.1,337,1016.6,0,0,0,0,0.0,0.0,41.824,-71.4128,2024,4,24,22
2024-04-24 23:00:00,0.0,0.0,0.0,0.0,6.1,54,21.1,346,1018.1,0,0,0,0,0.0,0.0,41.824,-71.4128,2024,4,24,23
2024-04-25 00:00:00,0.0,0.0,0.0,0.0,3.8,51,20.1,351,1019.9,0,0,0,0,0.0,0.0,41.824,-71.4128,2024,4,25,0
2024-04-25 01:00:00,0.0,0.0,0.0,0.0,2.5,54,16.3,355,1021.0,0,0,0,0,0.0,0.0,41.824,-71.4128,2024,4,25,1
2024-04-25 02:00:00,0.0,0.0,0.0,0.0,1.5,55,15.8,360,1021.5,0,0,0,0,0.0,0.0,41.824,-71.4128,2024,4,25,2
2024-04-25 03:00:00,0.0,0.0,0.0,0.0,0.8,55,15.5,3,1022.3,0,0,0,0,0.0,0.0,41.824,-71.4128,2024,4,25,3
2024-04-25 04:00:00,0.0,0.0,0.0,0.0,0.1,54,14.9,7,1022.8,0,0,0,0,0.0,0.0,41.824,-71.4128,2024,4,25,4
2024-04-25 05:00:00,0.0,0.0,0.0,0.0,-0.6,52,13.5,9,1023.6,0,0,0,0,0.0,0.0,41.824,-71.4128,2024,4,25,5
2024-04-25 06:00:00,0.0,0.0,0.0,0.0,-1.0,50,13.0,6,1024.4,0,0,0,0,0.0,0.0,41.824,-71.4128,2024,4,25,6
2024-04-25 07:00:00,76.0,48.0,28.0,394.7,-0.3,51,10.5,4,1025.5,0,0,0,0,0.0,3600.0,41.824,-71.4128,2024,4,25,7
2024-04-25 08:00:00,263.0,202.0,61.0,673.5,1.3,45,12.1,10,1026.3,0,0,0,0,0.0,3600.0,41.824,-71.4128,2024,4,25,8
2024-04-25 09:00:00,466.0,387.0,79.0,809.2,3.9,41,10.1,17,1026.8,0,0,0,0,0.0,3600.0,41.824,-71.4128,2024,4,25,9
2024-04-25 10:00:00,654.0,563.0,91.0,887.2,5.6,40,8.8,12,1027.2,0,0,0,0,0.0,3600.0,41.824,-71.4128,2024,4,25,10
2024-04-25 11:00:00,804.0,707.0,97.0,932.4,7.4,37,8.4,7,1027.0,0,0,0,0,0.0,3600.0,41.824,-71.4128,2024,4,25,11
2024-04-25 12:00:00,905.0,803.0,102.0,955.1,9.1,35,8.3,5,1026.7,0,0,0,0,0.0,3600.0,41.824,-71.4128,2024,4,25,12
2024-04-25 13:00:00,948.0,845.0,103.0,964.0,10.5,33,6.8,360,1026.1,0,0,0,0,0.0,3600.0,41.824,-71.4128,2024,4,25,13
2024-04-25 14:00:00,930.0,827.0,103.0,958.0,11.6,30,6.1,357,1025.3,0,0,0,0,0.0,3600.0,41.824,-71.4128,2024,4,25,14
2024-04-25 15:00:00,852.0,753.0,99.0,939.2,12.2,29,2.6,16,1024.6,0,0,0,0,0.0,3600.0,41.824,-71.4128,2024,4,25,15
2024-04-25 16:00:00,720.0,627.0,93.0,900.5,12.2,30,1.8,127,1024.0,0,0,0,0,0.0,3600.0,41.824,-71.4128,2024,4,25,16
2024-04-25 17:00:00,547.0,463.0,84.0,835.8,12.3,29,2.5,98,1023.8,0,0,0,0,0.0,3600.0,41.824,-71.4128,2024,4,25,17
2024-04-25 18:00:00,333.0,249.0,84.0,647.5,8.9,57,18.2,155,1024.4,18,0,18,0,0.0,3600.0,41.824,-71.4128,2024,4,25,18
2024-04-25 19:00:00,148.0,100.0,48.0,500.9,6.3,67,14.9,172,1025.1,0,0,0,0,0.0,3600.0,41.824,-71.4128,2024,4,25,19
2024-04-25 20:00:00,15.0,7.0,8.0,98.4,5.0,73,14.4,176,1025.6,1,0,0,1,0.0,1239.09,41.824,-71.4128,2024,4,25,20
2024-04-25 21:00:00,0.0,0.0,0.0,0.0,4.1,77,10.1,197,1026.5,0,0,0,0,0.0,0.0,41.824,-71.4128,2024,4,25,21
2024-04-25 22:00:00,0.0,0.0,0.0,0.0,3.2,82,8.7,232,1027.5,0,0,0,0,0.0,0.0,41.824,-71.4128,2024,4,25,22
2024-04-25 23:00:00,0.0,0.0,0.0,0.0,2.5,86,8.4,227,1027.6,0,0,0,0,0.0,0.0,41.824,-71.4128,2024,4,25,23
2024-04-26 00:00:00,0.0,0.0,0.0,0.0,2.2,88,8.1,238,1028.1,0,0,0,0,0.0,0.0,41.824,-71.4128,2024,4,26,0
2024-04-26 01:00:00,0.0,0.0,0.0,0.0,2.0,89,6.1,230,1028.2,0,0,0,0,0.0,0.0,41.824,-71.4128,2024,4,26,1
2024-04-26 02:00:00,0.0,0.0,0.0,0.0,1.9,90,5.4,250,1028.0,0,0,0,0,0.0,0.0,41.824,-71.4128,2024,4,26,2
2024-04-26 03:00:00,0.0,0.0,0.0,0.0,1.5,92,7.9,286,1028.4,0,0,0,0,0.0,0.0,41.824,-71.4128,2024,4,26,3
2024-04-26 04:00:00,0.0,0.0,0.0,0.0,1.2,93,8.1,302,1028.7,0,0,0,0,0.0,0.0,41.824,-71.4128,2024,4,26,4
2024-04-26 05:00:00,0.0,0.0,0.0,0.0,1.0,94,8.5,306,1029.0,0,0,0,0,0.0,0.0,41.824,-71.4128,2024,4,26,5
2024-04-26 06:00:00,0.0,0.0,0.0,0.0,0.3,94,9.3,324,1029.6,0,0,0,0,0.0,0.0,41.824,-71.4128,2024,4,26,6
2024-04-26 07:00:00,74.0,44.0,30.0,356.0,1.7,86,10.6,342,1030.3,0,0,0,0,0.0,3600.0,41.824,-71.4128,2024,4,26,7
2024-04-26 08:00:00,255.0,190.0,65.0,625.3,4.5,74,9.0,360,1030.8,0,0,0,0,0.0,3600.0,41.824,-71.4128,2024,4,26,8
2024-04-26 09:00:00,455.0,373.0,82.0,774.0,7.4,59,9.7,22,1031.4,0,0,0,0,0.0,3600.0,41.824,-71.4128,2024,4,26,9
2024-04-26 10:00:00,639.0,546.0,93.0,855.9,9.6,47,10.0,38,1031.6,0,0,0,0,0.0,3600.0,41.824,-71.4128,2024,4,26,10
2024-04-26 11:00:00,787.0,686.0,101.0,901.1,11.2,41,8.9,43,1031.4,0,0,0,0,0.0,3600.0,41.824,-71.4128,2024,4,26,11
2024-04-26 12:00:00,886.0,780.0,106.0,924.6,12.4,36,6.9,39,1030.8,0,0,0,0,0.0,3600.0,41.824,-71.4128,2024,4,26,12
2024-04-26 13:00:00,930.0,824.0,106.0,937.1,13.2,34,5.5,23,1030.4,0,0,0,0,0.0,3600.0,41.824,-71.4128,2024,4,26,13
2024-04-26 14:00:00,912.0,807.0,105.0,932.0,13.9,32,4.7,32,1030.1,0,0,0,0,0.0,3600.0,41.824,-71.4128,2024,4,26,14
2024-04-26 15:00:00,839.0,740.0,99.0,920.0,14.5,32,4.2,31,1029.6,23,0,0,23,0.0,3600.0,41.824,-71.4128,2024,4,26,15
2024-04-26 16:00:00,705.0,601.0,104.0,860.0,14.5,32,1.5,346,1029.2,45,0,15,36,0.0,3600.0,41.824,-71.4128,2024,4,26,16
2024-04-26 17:00:00,528.0,429.0,99.0,770.7,13.6,35,7.9,177,1029.6,74,0,73,3,0.0,3600.0,41.824,-71.4128,2024,4,26,17
2024-04-26 18:00:00,283.0,163.0,120.0,420.8,9.4,57,19.0,170,1030.4,24,0,24,0,0.0,3600.0,41.824,-71.4128,2024,4,26,18
2024-04-26 19:00:00,136.0,79.0,57.0,389.7,8.8,59,10.8,154,1030.5,2,0,2,0,0.0,3600.0,41.824,-71.4128,2024,4,26,19
2024-04-26 20:00:00,16.0,7.0,9.0,96.3,6.7,59,11.6,154,1031.2,0,0,0,0,0.0,1211.0,41.824,-71.4128,2024,4,26,20
2024-04-26 21:00:00,0.0,0.0,0.0,0.0,6.0,71,10.6,170,1030.9,0,0,0,0,0.0,0.0,41.824,-71.4128,2024,4,26,21
2024-04-26 22:00:00,0.0,0.0,0.0,0.0,5.0,77,8.5,208,1031.4,0,0,0,0,0.0,0.0,41.824,-71.4128,2024,4,26,22
2024-04-26 23:00:00,0.0,0.0,0.0,0.0,4.2,80,9.2,231,1032.0,0,0,0,0,0.0,0.0,41.824,-71.4128,2024,4,26,23
2024-04-27 00:00:00,0.0,0.0,0.0,0.0,3.6,78,10.0,229,1032.3,0,0,0,0,0.0,0.0,41.824,-71.4128,2024,4,27,0
2024-04-27 01:00:00,0.0,0.0,0.0,0.0,3.4,80,10.8,233,1032.3,0,0,0,0,0.0,0.0,41.824,-71.4128,2024,4,27,1
2024-04-27 02:00:00,0.0,0.0,0.0,0.0,3.2,81,10.1,243,1031.9,0,0,0,0,0.0,0.0,41.824,-71.4128,2024,4,27,2
2024-04-27 03:00:00,0.0,0.0,0.0,0.0,3.0,84,8.9,243,1031.8,0,0,0,0,0.0,0.0,41.824,-71.4128,2024,4,27,3
2024-04-27 04:00:00,0.0,0.0,0.0,0.0,2.8,87,9.7,248,1031.9,0,0,0,0,0.0,0.0,41.824,-71.4128,2024,4,27,4
2024-04-27 05:00:00,0.0,0.0,0.0,0.0,2.8,87,9.9,251,1032.2,0,0,0,0,0.0,0.0,41.824,-71.4128,2024,4,27,5
2024-04-27 06:00:00,1.0,0.0,1.0,0.0,2.7,86,9.4,252,1032.5,1,0,0,1,0.0,0.0,41.824,-71.4128,2024,4,27,6
2024-04-27 07:00:00,77.0,47.0,30.0,374.5,4.3,81,9.7,255,1033.0,78,0,0,78,0.0,3600.0,41.824,-71.4128,2024,4,27,7
2024-04-27 08:00:00,257.0,191.0,66.0,620.8,7.1,71,5.5,247,1033.0,8,0,0,8,0.0,3600.0,41.824,-71.4128,2024,4,27,8
2024-04-27 09:00:00,455.0,372.0,83.0,766.3,10.1,62,4.7,238,1033.0,34,0,0,34,0.0,3600.0,41.824,-71.4128,2024,4,27,9
2024-04-27 10:00:00,636.0,542.0,94.0,845.3,12.5,52,5.6,230,1032.7,69,0,0,69,0.0,3600.0,41.824,-71.4128,2024,4,27,10
2024-04-27 11:00:00,779.0,669.0,110.0,875.3,14.5,42,6.1,225,1032.2,99,0,0,99,0.0,3600.0,41.824,-71.4128,2024,4,27,11
2024-04-27 12:00:00,863.0,712.0,151.0,841.2,15.8,38,6.3,204,1031.2,100,0,0,100,0.0,3600.0,41.824,-71.4128,2024,4,27,12
2024-04-27 13:00:00,875.0,663.0,212.0,751.8,16.5,37,9.0,185,1030.6,100,0,0,100,0.0,3600.0,41.824,-71.4128,2024,4,27,13
2024-04-27 14:00:00,878.0,698.0,180.0,803.8,16.9,37,10.8,178,1029.6,100,0,0,100,0.0,3600.0,41.824,-71.4128,2024,4,27,14
2024-04-27 15:00:00,780.0,556.0,224.0,689.1,17.0,34,13.1,212,1028.6,100,1,1,100,0.0,3600.0,41.824,-71.4128,2024,4,27,15
2024-04-27 16:00:00,652.0,445.0,207.0,634.5,16.2,35,16.6,222,1027.8,100,0,1,100,0.0,3600.0,41.824,-71.4128,2024,4,27,16
2024-04-27 17:00:00,427.0,193.0,234.0,345.1,14.8,39,16.6,221,1027.3,100,0,0,100,0.0,3600.0,41.824,-71.4128,2024,4,27,17
2024-04-27 18:00:00,266.0,101.0,165.0,258.8,13.4,42,16.4,220,1027.6,100,0,0,100,0.0,3600.0,41.824,-71.4128,2024,4,27,18
2024-04-27 19:00:00,110.0,24.0,86.0,116.6,11.4,47,13.8,213,1027.2,100,0,0,100,0.0,1699.06,41.824,-71.4128,2024,4,27,19
2024-04-27 20:00:00,10.0,0.0,10.0,0.0,9.7,49,12.6,217,1027.1,100,0,18,100,0.0,0.0,41.824,-71.4128,2024,4,27,20
2024-04-27 21:00:00,0.0,0.0,0.0,0.0,9.2,47,14.0,224,1026.9,99,0,1,99,0.0,0.0,41.824,-71.4128,2024,4,27,21
2024-04-27 22:00:00,0.0,0.0,0.0,0.0,8.4,47,13.6,230,1027.1,100,0,50,100,0.0,0.0,41.824,-71.4128,2024,4,27,22
2024-04-27 23:00:00,0.0,0.0,0.0,0.0,7.8,48,13.6,233,1026.6,100,0,100,92,0.0,0.0,41.824,-71.4128,2024,4,27,23
2024-04-28 00:00:00,0.0,0.0,0.0,0.0,7.7,50,12.8,238,1026.1,100,0,97,84,0.0,0.0,41.824,-71.4128,2024,4,28,0
2024-04-28 01:00:00,0.0,0.0,0.0,0.0,7.6,56,12.8,238,1026.0,100,5,100,59,0.1,0.0,41.824,-71.4128,2024,4,28,1
2024-04-28 02:00:00,0.0,0.0,0.0,0.0,7.1,68,11.6,234,1025.8,100,16,100,100,0.4,0.0,41.824,-71.4128,2024,4,28,2
2024-04-28 03:00:00,0.0,0.0,0.0,0.0,6.3,88,9.5,209,1024.9,100,9,100,39,1.0,0.0,41.824,-71.4128,2024,4,28,3
2024-04-28 04:00:00,0.0,0.0,0.0,0.0,6.3,92,9.8,204,1024.1,100,22,100,62,0.3,0.0,41.824,-71.4128,2024,4,28,4
2024-04-28 05:00:00,0.0,0.0,0.0,0.0,6.5,92,8.2,203,1024.0,100,97,100,57,0.3,0.0,41.824,-71.4128,2024,4,28,5
2024-04-28 06:00:00,0.0,0.0,0.0,0.0,6.8,91,9.9,199,1023.5,100,74,100,82,0.1,0.0,41.824,-71.4128,2024,4,28,6
2024-04-28 07:00:00,25.0,1.0,24.0,7.8,7.3,93,9.0,203,1023.8,95,80,83,65,0.0,0.0,41.824,-71.4128,2024,4,28,7
2024-04-28 08:00:00,177.0,90.0,87.0,288.9,8.7,89,8.9,194,1023.5,62,14,26,42,0.0,3600.0,41.824,-71.4128,2024,4,28,8
2024-04-28 09:00:00,329.0,154.0,175.0,314.9,10.5,83,14.4,212,1022.3,95,92,12,37,0.0,3600.0,41.824,-71.4128,2024,4,28,9
2024-04-28 10:00:00,385.0,116.0,269.0,180.0,12.1,78,13.8,223,1021.7,100,100,2,53,0.0,3600.0,41.824,-71.4128,2024,4,28,10
2024-04-28 11:00:00,331.0,40.0,291.0,52.1,13.0,77,11.2,225,1021.0,100,100,35,31,0.0,0.0,41.824,-71.4128,2024,4,28,11
2024-04-28 12:00:00,470.0,122.0,348.0,143.7,14.9,72,9.5,209,1019.9,100,100,1,98,0.0,2510.22,41.824,-71.4128,2024,4,28,12
2024-04-28 13:00:00,576.0,190.0,386.0,214.8,16.7,67,9.5,191,1018.9,100,100,0,100,0.0,3600.0,41.824,-71.4128,2024,4,28,13
2024-04-28 14:00:00,650.0,263.0,387.0,302.0,18.1,64,9.1,173,1017.9,100,3,0,100,0.0,3600.0,41.824,-71.4128,2024,4,28,14
2024-04-28 15:00:00,783.0,646.0,137.0,798.3,19.1,63,9.8,163,1016.6,99,2,0,99,0.0,3600.0,41.824,-71.4128,2024,4,28,15
2024-04-28 16:00:00,625.0,442.0,183.0,628.0,18.2,67,12.4,144,1015.4,97,0,1,97,0.0,3600.0,41.824,-71.4128,2024,4,28,16
2024-04-28 17:00:00,463.0,319.0,144.0,567.7,17.9,69,11.1,151,1015.0,100,0,2,100,0.0,3600.0,41.824,-71.4128,2024,4,28,17
2024-04-28 18:00:00,232.0,73.0,159.0,185.7,17.3,73,8.4,160,1014.8,100,0,100,100,0.0,3600.0,41.824,-71.4128,2024,4,28,18
2024-04-28 19:00:00,24.0,0.0,24.0,0.0,15.8,80,8.6,195,1014.8,100,0,100,100,0.5,0.0,41.824,-71.4128,2024,4,28,19
2024-04-28 20:00:00,3.0,0.0,3.0,0.0,14.5,92,9.4,220,1014.6,100,0,100,100,0.9,0.0,41.824,-71.4128,2024,4,28,20
2024-04-28 21:00:00,0.0,0.0,0.0,0.0,15.6,88,11.1,245,1014.4,100,0,100,100,0.0,0.0,41.824,-71.4128,2024,4,28,21
2024-04-28 22:00:00,0.0,0.0,0.0,0.0,15.8,89,13.8,263,1014.0,100,0,100,99,0.0,0.0,41.824,-71.4128,2024,4,28,22
2024-04-28 23:00:00,0.0,0.0,0.0,0.0,16.2,89,16.6,268,1013.4,100,0,100,40,0.0,0.0,41.824,-71.4128,2024,4,28,23
2024-04-29 00:00:00,0.0,0.0,0.0,0.0,16.7,88,17.3,274,1012.9,33,0,19,22,0.0,0.0,41.824,-71.4128,2024,4,29,0
2024-04-29 01:00:00,0.0,0.0,0.0,0.0,16.2,91,16.0,279,1012.8,77,0,13,77,0.0,0.0,41.824,-71.4128,2024,4,29,1
2024-04-29 02:00:00,0.0,0.0,0.0,0.0,16.1,91,15.8,287,1012.2,83,0,13,81,0.0,0.0,41.824,-71.4128,2024,4,29,2
2024-04-29 03:00:00,0.0,0.0,0.0,0.0,15.9,92,15.3,297,1012.0,88,0,1,88,0.0,0.0,41.824,-71.4128,2024,4,29,3
2024-04-29 04:00:00,0.0,0.0,0.0,0.0,15.5,94,14.8,304,1012.0,42,0,7,38,0.0,0.0,41.824,-71.4128,2024,4,29,4
2024-04-29 05:00:00,0.0,0.0,0.0,0.0,15.2,95,13.5,312,1012.3,73,0,1,73,0.0,0.0,41.824,-71.4128,2024,4,29,5
2024-04-29 06:00:00,1.0,0.0,1.0,0.0,14.8,96,13.5,318,1013.1,92,1,4,92,0.0,0.0,41.824,-71.4128,2024,4,29,6
2024-04-29 07:00:00,73.0,37.0,36.0,286.2,15.9,92,13.7,330,1014.0,99,6,76,98,0.0,3600.0,41.824,-71.4128,2024,4,29,7
2024-04-29 08:00:00,227.0,138.0,89.0,437.8,17.6,83,14.8,342,1014.7,99,12,85,94,0.0,3600.0,41.824,-71.4128,2024,4,29,8
2024-04-29 09:00:00,166.0,10.0,156.0,20.3,18.3,89,8.3,326,1014.2,99,17,69,97,0.0,0.0,41.824,-71.4128,2024,4,29,9
2024-04-29 10:00:00,367.0,156.0,211.0,240.9,19.7,81,10.0,345,1014.4,53,38,27,5,0.0,3600.0,41.824,-71.4128,2024,4,29,10
2024-04-29 11:00:00,649.0,433.0,216.0,562.2,21.7,68,13.2,349,1014.6,86,80,19,25,0.0,3600.0,41.824,-71.4128,2024,4,29,11
2024-04-29 12:00:00,539.0,218.0,321.0,255.9,22.2,63,12.3,339,1014.2,84,53,54,36,0.0,3600.0,41.824,-71.4128,2024,4,29,12
2024-04-29 13:00:00,608.0,307.0,301.0,346.1,23.6,55,14.2,339,1014.1,72,26,57,17,0.0,3600.0,41.824,-71.4128,2024,4,29,13
2024-04-29 14:00:00,697.0,377.0,320.0,431.7,24.2,50,13.1,344,1014.1,37,16,25,0,0.0,3600.0,41.824,-71.4128,2024,4,29,14
2024-04-29 15:00:00,674.0,450.0,224.0,554.4,23.6,48,6.9,9,1014.1,84,11,82,0,0.0,3600.0,41.824,-71.4128,2024,4,29,15
2024-04-29 16:00:00,527.0,269.0,258.0,380.9,22.9,47,5.4,82,1013.8,91,19,91,0,0.0,3600.0,41.824,-71.4128,2024,4,29,16
2024-04-29 17:00:00,247.0,25.0,222.0,44.3,19.9,61,10.2,138,1014.3,100,89,100,1,0.0,0.0,41.824,-71.4128,2024,4,29,17
2024-04-29 18:00:00,181.0,38.0,143.0,96.0,18.0,70,10.8,178,1014.7,85,18,21,81,0.0,1080.14,41.824,-71.4128,2024,4,29,18
2024-04-29 19:00:00,121.0,58.0,63.0,273.8,16.0,75,10.2,190,1015.5,98,60,15,96,0.0,3600.0,41.824,-71.4128,2024,4,29,19
2024-04-29 20:00:00,13.0,2.0,11.0,25.9,13.6,76,10.1,180,1015.8,53,30,7,28,0.0,0.0,41.824,-71.4128,2024,4,29,20
2024-04-29 21:00:00,0.0,0.0,0.0,0.0,12.8,79,8.1,167,1016.7,54,10,4,47,0.0,0.0,41.824,-71.4128,2024,4,29,21
2024-04-29 22:00:00,0.0,0.0,0.0,0.0,11.5,82,7.6,175,1016.9,95,58,1,88,0.0,0.0,41.824,-71.4128,2024,4,29,22
2024-04-29 23:00:00,0.0,0.0,0.0,0.0,11.2,82,6.9,186,1016.7,100,100,8,17,0.0,0.0,41.824,-71.4128,2024,4,29,23
2024-04-30 00:00:00,0.0,0.0,0.0,0.0,11.7,78,4.7,180,1016.6,100,100,36,8,0.0,0.0,41.824,-71.4128,2024,4,30,0
2024-04-30 01:00:00,0.0,0.0,0.0,0.0,11.7,77,3.8,163,1016.4,100,100,55,46,0.0,0.0,41.824,-71.4128,2024,4,30,1
2024-04-30 02:00:00,0.0,0.0,0.0,0.0,11.7,77,4.3,185,1016.0,100,100,67,81,0.1,0.0,41.824,-71.4128,2024,4,30,2
2024-04-30 03:00:00,0.0,0.0,0.0,0.0,11.2,80,5.8,180,1016.0,100,100,50,4,0.3,0.0,41.824,-71.4128,2024,4,30,3
2024-04-30 04:00:00,0.0,0.0,0.0,0.0,10.8,83,5.7,162,1015.9,100,100,82,42,0.1,0.0,41.824,-71.4128,2024,4,30,4
2024-04-30 05:00:00,0.0,0.0,0.0,0.0,10.5,88,2.5,225,1016.2,100,100,100,100,6.0,0.0,41.824,-71.4128,2024,4,30,5
2024-04-30 06:00:00,0.0,0.0,0.0,0.0,10.3,93,6.1,118,1016.0,100,100,41,79,9.4,0.0,41.824,-71.4128,2024,4,30,6
2024-04-30 07:00:00,20.0,0.0,20.0,0.0,10.6,92,7.4,51,1016.6,100,100,16,56,0.0,0.0,41.824,-71.4128,2024,4,30,7
2024-04-30 08:00:00,69.0,3.0,66.0,9.4,11.0,90,5.6,75,1016.5,100,100,5,74,0.0,0.0,41.824,-71.4128,2024,4,30,8
2024-04-30 09:00:00,218.0,34.0,184.0,68.6,12.1,79,9.5,99,1016.5,100,74,10,99,0.0,257.42,41.824,-71.4128,2024,4,30,9
2024-04-30 10:00:00,492.0,246.0,246.0,378.1,14.1,69,11.2,111,1016.3,100,34,1,100,0.0,3600.0,41.824,-71.4128,2024,4,30,10
2024-04-30 11:00:00,658.0,395.0,263.0,511.0,15.8,61,11.3,121,1015.9,100,38,2,100,0.0,3600.0,41.824,-71.4128,2024,4,30,11
2024-04-30 12:00:00,689.0,345.0,344.0,403.8,16.9,55,11.2,132,1015.1,100,34,4,100,0.0,3600.0,41.824,-71.4128,2024,4,30,12
2024-04-30 13:00:00,772.0,433.0,339.0,486.8,17.5,52,14.8,151,1014.4,100,75,0,99,0.0,3600.0,41.824,-71.4128,2024,4,30,13
2024-04-30 14:00:00,777.0,475.0,302.0,542.5,16.8,52,18.2,153,1013.7,100,98,0,99,0.0,3600.0,41.824,-71.4128,2024,4,30,14
2024-04-30 15:00:00,547.0,209.0,338.0,256.8,15.7,54,17.0,148,1013.3,91,85,0,44,0.0,3600.0,41.824,-71.4128,2024,4,30,15
2024-04-30 16:00:00,429.0,113.0,316.0,159.4,14.9,57,15.9,147,1012.6,100,97,0,100,0.0,2983.14,41.824,-71.4128,2024,4,30,16
2024-04-30 17:00:00,274.0,51.0,223.0,89.9,13.8,60,14.4,143,1011.9,100,92,0,100,0.0,898.23,41.824,-71.4128,2024,4,30,17
2024-04-30 18:00:00,183.0,26.0,157.0,65.2,13.1,62,12.5,141,1011.8,100,98,0,100,0.0,157.0,41.824,-71.4128,2024,4,30,18
2024-04-30 19:00:00,55.0,0.0,55.0,0.0,12.1,66,10.2,132,1011.9,100,100,1,100,0.0,0.0,41.824,-71.4128,2024,4,30,19
2024-04-30 20:00:00,8.0,0.0,8.0,0.0,11.5,68,7.4,113,1012.1,100,100,2,100,0.0,0.0,41.824,-71.4128,2024,4,30,20
2024-04-30 21:00:00,0.0,0.0,0.0,0.0,10.8,69,8.0,117,1012.4,100,99,9,85,0.0,0.0,41.824,-71.4128,2024,4,30,21
2024-04-30 22:00:00,0.0,0.0,0.0,0.0,10.2,71,8.3,108,1012.3,100,100,100,100,0.0,0.0,41.824,-71.4128,2024,4,30,22
2024-04-30 23:00:00,0.0,0.0,0.0,0.0,9.9,73,6.8,93,1012.0,100,100,100,100,0.0,0.0,41.824,-71.4128,2024,4,30,23
2024-05-01 00:00:00,0.0,0.0,0.0,0.0,9.4,78,5.7,72,1011.9,100,51,100,100,3.3,0.0,41.824,-71.4128,2024,5,1,0
2024-05-01 01:00:00,0.0,0.0,0.0,0.0,8.9,89,5.9,76,1011.0,100,10,100,100,0.6,0.0,41.824,-71.4128,2024,5,1,1
2024-05-01 02:00:00,0.0,0.0,0.0,0.0,8.6,92,7.4,29,1010.7,100,7,75,100,0.1,0.0,41.824,-71.4128,2024,5,1,2
2024-05-01 03:00:00,0.0,0.0,0.0,0.0,8.5,94,8.4,7,1010.7,100,98,83,100,0.0,0.0,41.824,-71.4128,2024,5,1,3
2024-05-01 04:00:00,0.0,0.0,0.0,0.0,8.2,96,8.8,12,1010.5,100,23,100,100,0.0,0.0,41.824,-71.4128,2024,5,1,4
2024-05-01 05:00:00,0.0,0.0,0.0,0.0,7.9,98,9.5,11,1010.9,100,33,100,100,0.2,0.0,41.824,-71.4128,2024,5,1,5
2024-05-01 06:00:00,0.0,0.0,0.0,0.0,7.6,98,10.1,6,1011.8,100,52,100,100,0.3,0.0,41.824,-71.4128,2024,5,1,6
2024-05-01 07:00:00,14.0,0.0,14.0,0.0,7.5,95,10.6,18,1012.5,100,52,92,93,0.3,0.0,41.824,-71.4128,2024,5,1,7
2024-05-01 08:00:00,105.0,8.0,97.0,24.8,8.1,90,12.1,37,1012.6,97,97,0,0,0.0,0.0,41.824,-71.4128,2024,5,1,8
2024-05-01 09:00:00,177.0,17.0,160.0,34.1,9.0,88,12.7,15,1013.3,100,100,1,0,0.0,0.0,41.824,-71.4128,2024,5,1,9
2024-05-01 10:00:00,229.0,10.0,219.0,15.3,9.9,86,10.5,22,1013.3,100,100,0,0,0.0,0.0,41.824,-71.4128,2024,5,1,10
2024-05-01 11:00:00,308.0,17.0,291.0,21.9,11.4,81,8.6,22,1013.2,100,100,0,0,0.0,0.0,41.824,-71.4128,2024,5,1,11
2024-05-01 12:00:00,481.0,115.0,366.0,134.2,13.5,75,8.5,12,1012.9,100,100,0,0,0.0,2225.8,41.824,-71.4128,2024,5,1,12
2024-05-01 13:00:00,617.0,200.0,417.0,224.3,15.7,68,7.6,8,1012.5,99,99,0,0,0.0,3600.0,41.824,-71.4128,2024,5,1,13
2024-05-01 14:00:00,555.0,179.0,376.0,203.9,16.6,64,8.0,10,1012.5,100,100,0,0,0.0,3600.0,41.824,-71.4128,2024,5,1,14
2024-05-01 15:00:00,449.0,83.0,366.0,101.7,16.8,62,6.5,34,1012.7,100,100,0,11,0.0,1250.27,41.824,-71.4128,2024,5,1,15
2024-05-01 16:00:00,311.0,33.0,278.0,46.4,16.3,62,7.2,72,1012.6,100,100,2,30,0.0,0.0,41.824,-71.4128,2024,5,1,16
2024-05-01 17:00:00,222.0,16.0,206.0,28.1,15.4,62,8.9,76,1012.7,100,68,16,100,0.0,0.0,41.824,-71.4128,2024,5,1,17
2024-05-01 18:00:00,207.0,41.0,166.0,102.2,14.8,63,9.4,86,1013.2,77,10,10,72,0.0,1265.04,41.824,-71.4128,2024,5,1,18
2024-05-01 19:00:00,123.0,51.0,72.0,234.2,13.6,69,7.7,101,1013.8,55,54,2,0,0.0,3600.0,41.824,-71.4128,2024,5,1,19
2024-05-01 20:00:00,19.0,7.0,12.0,87.2,11.2,79,8.4,110,1014.2,7,5,3,0,0.0,1072.06,41.824,-71.4128,2024,5,1,20
2024-05-01 21:00:00,0.0,0.0,0.0,0.0,9.5,85,6.9,99,1015.4,12,4,9,0,0.0,0.0,41.824,-71.4128,2024,5,1,21
2024-05-01 22:00:00,0.0,0.0,0.0,0.0,8.7,88,6.0,107,1015.8,1,0,1,0,0.0,0.0,41.824,-71.4128,2024,5,1,22
2024-05-01 23:00:00,0.0,0.0,0.0,0.0,8.1,92,4.6,129,1015.7,2,2,0,0,0.0,0.0,41.824,-71.4128,2024,5,1,23
2024-05-02 00:00:00,0.0,0.0,0.0,0.0,7.6,96,4.2,200,1016.2,27,18,10,0,0.0,0.0,41.824,-71.4128,2024,5,2,0
2024-05-02 01:00:00,0.0,0.0,0.0,0.0,7.7,96,6.6,202,1016.1,31,27,5,0,0.0,0.0,41.824,-71.4128,2024,5,2,1
2024-05-02 02:00:00,0.0,0.0,0.0,0.0,7.3,96,8.5,208,1015.3,98,11,98,0,0.0,0.0,41.824,-71.4128,2024,5,2,2
2024-05-02 03:00:00,0.0,0.0,0.0,0.0,7.6,94,9.4,223,1015.1,86,7,83,12,0.0,0.0,41.824,-71.4128,2024,5,2,3
2024-05-02 04:00:00,0.0,0.0,0.0,0.0,7.6,91,8.4,200,1014.9,14,0,13,0,0.0,0.0,41.824,-71.4128,2024,5,2,4
2024-05-02 05:00:00,0.0,0.0,0.0,0.0,6.9,94,8.4,205,1014.6,39,0,39,0,0.0,0.0,41.824,-71.4128,2024,5,2,5
2024-05-02 06:00:00,2.0,0.0,2.0,0.0,7.1,94,9.0,196,1014.5,27,0,27,0,0.0,0.0,41.824,-71.4128,2024,5,2,6
2024-05-02 07:00:00,74.0,37.0,37.0,265.1,8.6,88,12.7,188,1014.1,4,1,3,0,0.0,3600.0,41.824,-71.4128,2024,5,2,7
2024-05-02 08:00:00,254.0,179.0,75.0,549.2,10.8,82,14.1,184,1013.6,0,0,0,0,0.0,3600.0,41.824,-71.4128,2024,5,2,8
2024-05-02 09:00:00,356.0,142.0,214.0,282.7,12.6,79,15.9,205,1013.8,100,100,6,0,0.0,3600.0,41.824,-71.4128,2024,5,2,9
2024-05-02 10:00:00,413.0,143.0,270.0,217.8,14.6,76,16.3,221,1013.5,100,100,36,0,0.0,3600.0,41.824,-71.4128,2024,5,2,10
2024-05-02 11:00:00,404.0,74.0,330.0,95.1,15.1,76,13.5,228,1013.3,79,70,35,0,0.4,1051.9,41.824,-71.4128,2024,5,2,11
2024-05-02 12:00:00,606.0,316.0,290.0,367.7,17.0,70,12.4,240,1012.5,46,39,4,11,0.1,3600.0,41.824,-71.4128,2024,5,2,12
2024-05-02 13:00:00,746.0,438.0,308.0,489.8,19.4,64,10.5,196,1011.1,95,1,0,95,0.0,3600.0,41.824,-71.4128,2024,5,2,13
2024-05-02 14:00:00,885.0,749.0,136.0,850.9,21.4,58,7.9,223,1010.7,59,58,33,0,0.0,3600.0,41.824,-71.4128,2024,5,2,14
2024-05-02 15:00:00,551.0,358.0,193.0,437.3,22.1,53,6.0,163,1009.5,65,1,65,0,0.0,3600.0,41.824,-71.4128,2024,5,2,15
2024-05-02 16:00:00,581.0,435.0,146.0,609.7,21.7,59,5.2,124,1009.3,15,0,15,0,0.0,3600.0,41.824,-71.4128,2024,5,2,16
2024-05-02 17:00:00,471.0,356.0,115.0,622.3,21.2,65,4.2,70,1009.4,35,0,35,0,0.0,3600.0,41.824,-71.4128,2024,5,2,17
2024-05-02 18:00:00,307.0,210.0,97.0,519.8,21.1,58,6.5,3,1009.9,17,0,17,0,0.0,3600.0,41.824,-71.4128,2024,5,2,18
2024-05-02 19:00:00,142.0,84.0,58.0,380.5,19.4,55,7.2,18,1010.6,25,0,25,0,0.0,3600.0,41.824,-71.4128,2024,5,2,19
2024-05-02 20:00:00,20.0,8.0,12.0,97.9,15.0,83,13.3,33,1012.7,41,11,34,0,0.0,1370.92,41.824,-71.4128,2024,5,2,20
2024-05-02 21:00:00,0.0,0.0,0.0,0.0,11.5,88,15.0,27,1015.5,55,15,31,31,0.0,0.0,41.824,-71.4128,2024,5,2,21
2024-05-02 22:00:00,0.0,0.0,0.0,0.0,9.8,90,14.5,23,1016.5,57,41,26,3,0.0,0.0,41.824,-71.4128,2024,5,2,22
2024-05-02 23:00:00,0.0,0.0,0.0,0.0,8.4,90,15.8,21,1017.2,100,100,0,0,0.0,0.0,41.824,-71.4128,2024,5,2,23
2024-05-03 00:00:00,0.0,0.0,0.0,0.0,7.9,90,15.1,18,1017.5,100,100,0,12,0.0,0.0,41.824,-71.4128,2024,5,3,0
2024-05-03 01:00:00,0.0,0.0,0.0,0.0,7.7,88,17.1,22,1017.7,100,100,0,19,0.0,0.0,41.824,-71.4128,2024,5,3,1
2024-05-03 02:00:00,0.0,0.0,0.0,0.0,7.6,88,17.1,25,1017.9,100,100,0,18,0.0,0.0,41.824,-71.4128,2024,5,3,2
2024-05-03 03:00:00,0.0,0.0,0.0,0.0,7.6,87,17.6,26,1018.2,100,100,0,0,0.0,0.0,41.824,-71.4128,2024,5,3,3
2024-05-03 04:00:00,0.0,0.0,0.0,0.0,7.6,87,16.5,23,1018.4,100,100,0,0,0.0,0.0,41.824,-71.4128,2024,5,3,4
2024-05-03 05:00:00,0.0,0.0,0.0,0.0,7.6,86,15.5,25,1018.7,100,100,0,49,0.0,0.0,41.824,-71.4128,2024,5,3,5
2024-05-03 06:00:00,1.0,0.0,1.0,0.0,7.7,86,12.8,16,1019.9,26,19,0,9,0.0,0.0,41.824,-71.4128,2024,5,3,6
2024-05-03 07:00:00,81.0,38.0,43.0,265.2,8.0,84,12.6,20,1020.5,74,16,0,69,0.0,3600.0,41.824,-71.4128,2024,5,3,7
2024-05-03 08:00:00,253.0,165.0,88.0,501.0,9.7,76,14.1,32,1021.3,91,60,0,77,0.0,3600.0,41.824,-71.4128,2024,5,3,8
2024-05-03 09:00:00,389.0,219.0,170.0,433.3,11.4,71,13.0,42,1022.2,100,100,0,98,0.0,3600.0,41.824,-71.4128,2024,5,3,9
2024-05-03 10:00:00,364.0,119.0,245.0,180.5,12.1,69,13.5,48,1022.2,100,100,0,85,0.0,3600.0,41.824,-71.4128,2024,5,3,10
2024-05-03 11:00:00,512.0,145.0,367.0,185.6,13.5,65,12.0,41,1022.3,100,100,0,100,0.0,3600.0,41.824,-71.4128,2024,5,3,11
2024-05-03 12:00:00,487.0,119.0,368.0,138.1,14.5,61,12.1,37,1022.3,100,100,0,100,0.0,2342.15,41.824,-71.4128,2024,5,3,12
2024-05-03 13:00:00,447.0,67.0,380.0,74.7,14.7,62,13.7,45,1021.6,100,79,0,100,0.0,442.17,41.824,-71.4128,2024,5,3,13
2024-05-03 14:00:00,618.0,324.0,294.0,367.2,15.6,59,12.7,45,1021.2,97,90,0,75,0.0,3600.0,41.824,-71.4128,2024,5,3,14
2024-05-03 15:00:00,520.0,258.0,262.0,314.3,15.8,57,11.1,36,1021.2,89,88,0,10,0.0,3600.0,41.824,-71.4128,2024,5,3,15
2024-05-03 16:00:00,523.0,310.0,213.0,433.1,16.4,53,11.0,38,1021.2,72,44,0,50,0.0,3600.0,41.824,-71.4128,2024,5,3,16
2024-05-03 17:00:00,442.0,255.0,187.0,443.8,16.2,54,12.2,43,1021.2,86,17,0,83,0.0,3600.0,41.824,-71.4128,2024,5,3,17
2024-05-03 18:00:00,325.0,221.0,104.0,543.4,14.5,57,12.6,53,1021.4,4,1,0,3,0.0,3600.0,41.824,-71.4128,2024,5,3,18
2024-05-03 19:00:00,162.0,108.0,54.0,482.8,13.1,64,6.8,65,1021.7,28,0,0,28,0.0,3600.0,41.824,-71.4128,2024,5,3,19
2024-05-03 20:00:00,24.0,11.0,13.0,132.2,11.1,74,5.1,86,1021.9,90,0,0,90,0.0,2325.37,41.824,-71.4128,2024,5,3,20
2024-05-03 21:00:00,0.0,0.0,0.0,0.0,10.2,77,8.0,117,1022.1,100,0,0,100,0.0,0.0,41.824,-71.4128,2024,5,3,21
2024-05-03 22:00:00,0.0,0.0,0.0,0.0,9.1,84,4.4,145,1022.6,99,0,0,99,0.0,0.0,41.824,-71.4128,2024,5,3,22
2024-05-03 23:00:00,0.0,0.0,0.0,0.0,8.9,82,5.4,180,1022.8,35,0,0,35,0.0,0.0,41.824,-71.4128,2024,5,3,23
2024-05-04 00:00:00,0.0,0.0,0.0,0.0,7.9,88,2.3,288,1023.0,3,0,0,3,0.0,0.0,41.824,-71.4128,2024,5,4,0
2024-05-04 01:00:00,0.0,0.0,0.0,0.0,7.5,91,2.9,300,1023.0,11,0,0,11,0.0,0.0,41.824,-71.4128,2024,5,4,1
2024-05-04 02:00:00,0.0,0.0,0.0,0.0,6.7,95,4.9,306,1023.3,32,3,0,30,0.0,0.0,41.824,-71.4128,2024,5,4,2
2024-05-04 03:00:00,0.0,0.0,0.0,0.0,6.3,96,3.9,326,1023.4,40,1,0,39,0.0,0.0,41.824,-71.4128,2024,5,4,3
2024-05-04 04:00:00,0.0,0.0,0.0,0.0,6.2,96,6.0,335,1023.8,89,0,0,89,0.0,0.0,41.824,-71.4128,2024,5,4,4
2024-05-04 05:00:00,0.0,0.0,0.0,0.0,5.9,96,5.8,7,1023.9,1,0,0,1,0.0,0.0,41.824,-71.4128,2024,5,4,5
2024-05-04 06:00:00,3.0,1.0,2.0,19.1,5.9,94,6.2,36,1024.3,63,0,0,63,0.0,0.0,41.824,-71.4128,2024,5,4,6
2024-05-04 07:00:00,92.0,52.0,40.0,354.0,7.7,87,5.1,39,1025.3,90,0,0,90,0.0,3600.0,41.824,-71.4128,2024,5,4,7
2024-05-04 08:00:00,262.0,184.0,78.0,553.1,10.1,76,5.4,70,1025.9,97,0,0,97,0.0,3600.0,41.824,-71.4128,2024,5,4,8
2024-05-04 09:00:00,440.0,323.0,117.0,635.3,11.7,70,8.4,70,1025.9,87,0,0,87,0.0,3600.0,41.824,-71.4128,2024,5,4,9
2024-05-04 10:00:00,614.0,480.0,134.0,724.8,14.0,62,9.4,58,1026.1,100,87,0,99,0.0,3600.0,41.824,-71.4128,2024,5,4,10
2024-05-04 11:00:00,604.0,282.0,322.0,359.9,15.3,59,11.2,48,1026.1,88,85,0,24,0.0,3600.0,41.824,-71.4128,2024,5,4,11
2024-05-04 12:00:00,678.0,404.0,274.0,467.5,16.1,57,11.7,47,1025.8,91,56,0,80,0.0,3600.0,41.824,-71.4128,2024,5,4,12
2024-05-04 13:00:00,661.0,387.0,274.0,430.6,16.5,56,12.1,53,1025.6,90,57,6,75,0.0,3600.0,41.824,-71.4128,2024,5,4,13
2024-05-04 14:00:00,686.0,443.0,243.0,500.8,16.6,56,12.1,53,1025.6,91,59,22,72,0.0,3600.0,41.824,-71.4128,2024,5,4,14
2024-05-04 15:00:00,643.0,399.0,244.0,484.8,16.5,56,12.7,47,1025.7,97,95,41,12,0.0,3600.0,41.824,-71.4128,2024,5,4,15
2024-05-04 16:00:00,505.0,240.0,265.0,334.2,15.4,58,14.8,47,1025.8,88,60,19,62,0.0,3600.0,41.824,-71.4128,2024,5,4,16
2024-05-04 17:00:00,409.0,234.0,175.0,405.6,13.7,63,14.9,53,1026.0,70,41,0,49,0.0,3600.0,41.824,-71.4128,2024,5,4,17
2024-05-04 18:00:00,303.0,163.0,140.0,398.2,11.8,70,14.5,60,1026.3,100,71,1,100,0.0,3600.0,41.824,-71.4128,2024,5,4,18
2024-05-04 19:00:00,107.0,25.0,82.0,110.3,9.9,77,12.8,74,1026.5,100,100,0,97,0.0,1510.26,41.824,-71.4128,2024,5,4,19
2024-05-04 20:00:00,13.0,0.0,13.0,0.0,9.1,80,11.7,81,1026.6,99,98,0,56,0.0,0.0,41.824,-71.4128,2024,5,4,20
2024-05-04 21:00:00,0.0,0.0,0.0,0.0,8.2,84,8.8,81,1027.2,83,69,0,43,0.0,0.0,41.824,-71.4128,2024,5,4,21
2024-05-04 22:00:00,0.0,0.0,0.0,0.0,8.0,86,6.1,87,1027.6,74,63,0,30,0.0,0.0,41.824,-71.4128,2024,5,4,22
2024-05-04 23:00:00,0.0,0.0,0.0,0.0,7.4,90,6.5,71,1027.4,99,90,0,93,0.0,0.0,41.824,-71.4128,2024,5,4,23
2024-05-05 00:00:00,0.0,0.0,0.0,0.0,7.4,90,7.3,70,1027.2,99,97,3,79,0.0,0.0,41.824,-71.4128,2024,5,5,0
2024-05-05 01:00:00,0.0,0.0,0.0,0.0,7.5,90,8.1,77,1026.9,100,100,0,85,0.0,0.0,41.824,-71.4128,2024,5,5,1
2024-05-05 02:00:00,0.0,0.0,0.0,0.0,7.6,90,7.7,79,1026.6,100,100,0,97,0.0,0.0,41.824,-71.4128,2024,5,5,2
2024-05-05 03:00:00,0.0,0.0,0.0,0.0,7.7,89,7.2,96,1026.6,100,100,0,98,0.0,0.0,41.824,-71.4128,2024,5,5,3
2024-05-05 04:00:00,0.0,0.0,0.0,0.0,7.7,89,6.3,103,1026.2,100,100,0,100,0.0,0.0,41.824,-71.4128,2024,5,5,4
2024-05-05 05:00:00,0.0,0.0,0.0,0.0,7.7,90,6.7,106,1026.2,100,100,0,100,0.0,0.0,41.824,-71.4128,2024,5,5,5
2024-05-05 06:00:00,2.0,0.0,2.0,0.0,7.8,90,8.7,120,1026.4,100,100,2,90,0.0,0.0,41.824,-71.4128,2024,5,5,6
2024-05-05 07:00:00,33.0,0.0,33.0,0.0,8.0,89,10.0,128,1026.7,100,100,52,75,0.0,0.0,41.824,-71.4128,2024,5,5,7
2024-05-05 08:00:00,91.0,0.0,91.0,0.0,8.4,88,11.5,129,1026.5,100,100,100,100,0.0,0.0,41.824,-71.4128,2024,5,5,8
2024-05-05 09:00:00,107.0,0.0,107.0,0.0,8.5,85,11.2,132,1026.5,100,100,99,100,0.0,0.0,41.824,-71.4128,2024,5,5,9
2024-05-05 10:00:00,224.0,17.0,207.0,25.6,9.5,80,12.5,139,1026.2,100,100,100,88,0.0,0.0,41.824,-71.4128,2024,5,5,10
2024-05-05 11:00:00,173.0,2.0,171.0,2.5,10.0,78,14.1,140,1025.6,100,96,100,7,0.0,0.0,41.824,-71.4128,2024,5,5,11
2024-05-05 12:00:00,176.0,1.0,175.0,1.2,10.4,77,14.2,159,1025.4,100,100,100,66,0.0,0.0,41.824,-71.4128,2024,5,5,12
2024-05-05 13:00:00,230.0,10.0,220.0,11.1,10.4,78,15.4,164,1025.0,100,93,100,100,0.0,0.0,41.824,-71.4128,2024,5,5,13
2024-05-05 14:00:00,246.0,27.0,219.0,30.4,10.2,81,16.2,163,1024.5,100,100,99,100,0.0,0.0,41.824,-71.4128,2024,5,5,14
2024-05-05 15:00:00,215.0,0.0,215.0,0.0,10.1,84,16.0,172,1024.1,100,100,98,100,0.0,0.0,41.824,-71.4128,2024,5,5,15
2024-05-05 16:00:00,170.0,0.0,170.0,0.0,10.1,85,16.0,171,1023.4,100,100,100,100,0.0,0.0,41.824,-71.4128,2024,5,5,16
2024-05-05 17:00:00,100.0,0.0,100.0,0.0,9.7,88,15.0,169,1022.7,100,100,100,100,0.5,0.0,41.824,-71.4128,2024,5,5,17
2024-05-05 18:00:00,72.0,0.0,72.0,0.0,9.3,94,13.6,169,1022.2,100,100,100,100,0.8,0.0,41.824,-71.4128,2024,5,5,18
2024-05-05 19:00:00,23.0,0.0,23.0,0.0,9.1,96,12.8,169,1021.8,100,100,100,100,0.9,0.0,41.824,-71.4128,2024,5,5,19
2024-05-05 20:00:00,5.0,0.0,5.0,0.0,8.9,97,12.0,171,1021.8,100,100,100,100,0.7,0.0,41.824,-71.4128,2024,5,5,20
2024-05-05 21:00:00,0.0,0.0,0.0,0.0,8.7,98,10.9,172,1021.5,100,100,100,100,3.0,0.0,41.824,-71.4128,2024,5,5,21
2024-05-05 22:00:00,0.0,0.0,0.0,0.0,8.8,98,9.8,172,1021.1,100,100,100,100,1.8,0.0,41.824,-71.4128,2024,5,5,22
2024-05-05 23:00:00,0.0,0.0,0.0,0.0,9.1,98,5.9,194,1020.6,100,100,100,100,2.6,0.0,41.824,-71.4128,2024,5,5,23
2024-05-06 00:00:00,0.0,0.0,0.0,0.0,9.4,98,8.1,193,1019.9,100,100,100,100,1.8,0.0,41.824,-71.4128,2024,5,6,0
2024-05-06 01:00:00,0.0,0.0,0.0,0.0,9.5,98,8.1,193,1019.0,100,100,100,15,0.4,0.0,41.824,-71.4128,2024,5,6,1
2024-05-06 02:00:00,0.0,0.0,0.0,0.0,9.7,98,6.9,186,1018.1,100,100,100,0,0.1,0.0,41.824,-71.4128,2024,5,6,2
2024-05-06 03:00:00,0.0,0.0,0.0,0.0,10.0,98,5.6,207,1017.5,100,100,100,0,0.0,0.0,41.824,-71.4128,2024,5,6,3
2024-05-06 04:00:00,0.0,0.0,0.0,0.0,10.3,98,4.4,215,1017.0,100,100,80,0,0.1,0.0,41.824,-71.4128,2024,5,6,4
2024-05-06 05:00:00,0.0,0.0,0.0,0.0,10.5,98,6.1,220,1016.7,100,100,52,0,0.1,0.0,41.824,-71.4128,2024,5,6,5
2024-05-06 06:00:00,1.0,0.0,1.0,0.0,10.8,97,6.9,227,1016.6,100,100,60,0,0.2,0.0,41.824,-71.4128,2024,5,6,6
2024-05-06 07:00:00,16.0,0.0,16.0,0.0,11.4,97,8.2,221,1016.3,100,100,46,0,0.2,0.0,41.824,-71.4128,2024,5,6,7
2024-05-06 08:00:00,55.0,0.0,55.0,0.0,12.5,95,6.2,234,1016.1,100,100,1,93,0.0,0.0,41.824,-71.4128,2024,5,6,8
2024-05-06 09:00:00,299.0,128.0,171.0,248.9,15.0,87,4.3,265,1015.5,100,100,1,100,0.0,3600.0,41.824,-71.4128,2024,5,6,9
2024-05-06 10:00:00,400.0,117.0,283.0,175.3,17.1,81,7.5,235,1015.3,100,100,1,82,0.0,3458.12,41.824,-71.4128,2024,5,6,10
2024-05-06 11:00:00,475.0,148.0,327.0,187.7,19.1,76,8.2,241,1014.7,100,100,0,100,0.0,3600.0,41.824,-71.4128,2024,5,6,11
2024-05-06 12:00:00,558.0,173.0,385.0,199.1,20.6,72,8.6,255,1013.6,100,99,0,100,0.0,3600.0,41.824,-71.4128,2024,5,6,12
2024-05-06 13:00:00,549.0,166.0,383.0,183.8,21.5,69,10.1,253,1012.8,100,100,1,100,0.0,3600.0,41.824,-71.4128,2024,5,6,13
2024-05-06 14:00:00,488.0,113.0,375.0,127.1,21.8,69,8.3,236,1011.9,100,100,1,50,0.1,2014.25,41.824,-71.4128,2024,5,6,14
2024-05-06 15:00:00,373.0,65.0,308.0,78.6,20.9,76,8.7,163,1011.2,93,66,23,77,0.0,557.3,41.824,-71.4128,2024,5,6,15
2024-05-06 16:00:00,386.0,146.0,240.0,202.1,20.9,80,8.2,157,1010.3,100,35,14,100,0.1,3600.0,41.824,-71.4128,2024,5,6,16
2024-05-06 17:00:00,405.0,240.0,165.0,412.6,21.7,78,6.2,170,1009.6,100,37,16,100,0.1,3600.0,41.824,-71.4128,2024,5,6,17
2024-05-06 18:00:00,231.0,81.0,150.0,195.4,21.4,76,6.3,193,1009.3,100,33,3,100,0.1,3600.0,41.824,-71.4128,2024,5,6,18
2024-05-06 19:00:00,86.0,7.0,79.0,30.1,19.9,83,6.9,208,1009.2,100,24,17,100,0.0,0.0,41.824,-71.4128,2024,5,6,19
2024-05-06 20:00:00,17.0,0.0,17.0,0.0,18.2,89,9.2,219,1009.5,100,18,9,100,0.0,0.0,41.824,-71.4128,2024,5,6,20
2024-05-06 21:00:00,0.0,0.0,0.0,0.0,17.2,91,10.5,229,1009.1,100,1,2,100,0.0,0.0,41.824,-71.4128,2024,5,6,21
2024-05-06 22:00:00,0.0,0.0,0.0,0.0,16.2,93,10.5,248,1009.3,100,3,0,100,0.0,0.0,41.824,-71.4128,2024,5,6,22
2024-05-06 23:00:00,0.0,0.0,0.0,0.0,15.8,94,11.5,266,1008.8,100,7,0,100,0.0,0.0,41.824,-71.4128,2024,5,6,23
2024-05-07 00:00:00,0.0,0.0,0.0,0.0,15.3,94,10.9,287,1008.5,35,3,0,32,0.0,0.0,41.824,-71.4128,2024,5,7,0
2024-05-07 01:00:00,0.0,0.0,0.0,0.0,14.4,90,12.9,293,1008.2,53,0,0,53,0.0,0.0,41.824,-71.4128,2024,5,7,1
2024-05-07 02:00:00,0.0,0.0,0.0,0.0,13.7,80,12.1,297,1007.8,100,0,1,100,0.0,0.0,41.824,-71.4128,2024,5,7,2
2024-05-07 03:00:00,0.0,0.0,0.0,0.0,13.5,72,13.2,317,1007.5,100,0,1,100,0.0,0.0,41.824,-71.4128,2024,5,7,3
2024-05-07 04:00:00,0.0,0.0,0.0,0.0,13.1,70,11.8,329,1007.5,100,0,0,100,0.0,0.0,41.824,-71.4128,2024,5,7,4
2024-05-07 05:00:00,0.0,0.0,0.0,0.0,12.5,69,10.2,337,1007.5,26,0,0,26,0.0,0.0,41.824,-71.4128,2024,5,7,5
2024-05-07 06:00:00,5.0,1.0,4.0,19.1,11.2,75,9.7,338,1007.8,0,0,0,0,0.0,0.0,41.824,-71.4128,2024,5,7,6
2024-05-07 07:00:00,106.0,67.0,39.0,426.2,12.9,72,11.9,346,1008.2,0,0,0,0,0.0,3600.0,41.824,-71.4128,2024,5,7,7
2024-05-07 08:00:00,288.0,221.0,67.0,645.9,15.5,68,9.2,349,1008.2,0,0,0,0,0.0,3600.0,41.824,-71.4128,2024,5,7,8
2024-05-07 09:00:00,478.0,395.0,83.0,763.9,17.5,61,12.1,10,1008.2,0,0,0,0,0.0,3600.0,41.824,-71.4128,2024,5,7,9
2024-05-07 10:00:00,654.0,560.0,94.0,835.7,19.7,55,10.5,27,1007.9,0,0,0,0,0.0,3600.0,41.824,-71.4128,2024,5,7,10
2024-05-07 11:00:00,797.0,696.0,101.0,880.2,21.2,49,8.0,36,1007.6,0,0,0,0,0.0,3600.0,41.824,-71.4128,2024,5,7,11
2024-05-07 12:00:00,892.0,787.0,105.0,903.7,22.3,44,3.1,36,1006.9,0,0,0,0,0.0,3600.0,41.824,-71.4128,2024,5,7,12
2024-05-07 13:00:00,932.0,825.0,107.0,911.6,23.2,41,2.5,262,1006.2,0,0,0,0,0.0,3600.0,41.824,-71.4128,2024,5,7,13
2024-05-07 14:00:00,899.0,785.0,114.0,881.3,23.9,38,5.2,286,1005.3,4,3,3,0,0.0,3600.0,41.824,-71.4128,2024,5,7,14
2024-05-07 15:00:00,820.0,697.0,123.0,840.5,24.6,35,8.8,289,1004.2,7,0,2,6,0.0,3600.0,41.824,-71.4128,2024,5,7,15
2024-05-07 16:00:00,714.0,615.0,99.0,848.7,25.0,31,9.7,268,1003.3,33,0,0,33,0.0,3600.0,41.824,-71.4128,2024,5,7,16
2024-05-07 17:00:00,552.0,457.0,95.0,782.5,24.0,31,7.1,240,1003.5,76,0,0,76,0.0,3600.0,41.824,-71.4128,2024,5,7,17
2024-05-07 18:00:00,366.0,287.0,79.0,688.2,21.9,43,3.1,135,1003.8,96,0,0,96,0.0,3600.0,41.824,-71.4128,2024,5,7,18
2024-05-07 19:00:00,175.0,117.0,58.0,497.8,18.7,72,7.4,119,1004.2,60,5,0,57,0.0,3600.0,41.824,-71.4128,2024,5,7,19
2024-05-07 20:00:00,30.0,15.0,15.0,168.7,15.3,92,10.6,162,1004.6,84,12,0,82,0.0,2797.6,41.824,-71.4128,2024,5,7,20
2024-05-07 21:00:00,0.0,0.0,0.0,0.0,15.1,79,8.8,199,1004.7,93,2,0,93,0.0,0.0,41.824,-71.4128,2024,5,7,21
2024-05-07 22:00:00,0.0,0.0,0.0,0.0,14.5,78,6.6,225,1005.2,100,0,0,100,0.0,0.0,41.824,-71.4128,2024,5,7,22
2024-05-07 23:00:00,0.0,0.0,0.0,0.0,13.7,79,6.2,216,1004.7,100,0,0,100,0.0,0.0,41.824,-71.4128,2024,5,7,23
2024-05-08 00:00:00,0.0,0.0,0.0,0.0,12.9,81,8.3,236,1004.6,100,0,0,100,0.0,0.0,41.824,-71.4128,2024,5,8,0
2024-05-08 01:00:00,0.0,0.0,0.0,0.0,12.4,82,9.4,263,1005.2,30,0,0,30,0.0,0.0,41.824,-71.4128,2024,5,8,1
2024-05-08 02:00:00,0.0,0.0,0.0,0.0,12.3,79,7.5,287,1005.0,79,0,0,79,0.0,0.0,41.824,-71.4128,2024,5,8,2
2024-05-08 03:00:00,0.0,0.0,0.0,0.0,10.7,87,4.6,342,1004.9,57,0,0,57,0.0,0.0,41.824,-71.4128,2024,5,8,3
2024-05-08 04:00:00,0.0,0.0,0.0,0.0,9.6,93,3.1,36,1004.4,14,0,12,3,0.0,0.0,41.824,-71.4128,2024,5,8,4
2024-05-08 05:00:00,0.0,0.0,0.0,0.0,10.2,89,5.4,217,1004.3,7,0,1,7,0.0,0.0,41.824,-71.4128,2024,5,8,5
2024-05-08 06:00:00,5.0,2.0,3.0,38.2,10.5,89,5.9,194,1004.5,90,0,49,80,0.0,0.0,41.824,-71.4128,2024,5,8,6
2024-05-08 07:00:00,94.0,41.0,53.0,255.5,12.8,82,8.4,170,1004.7,78,0,63,39,0.0,3600.0,41.824,-71.4128,2024,5,8,7
2024-05-08 08:00:00,183.0,71.0,112.0,205.7,14.0,77,8.1,159,1004.2,92,0,4,91,0.0,3600.0,41.824,-71.4128,2024,5,8,8
2024-05-08 09:00:00,131.0,1.0,130.0,1.9,15.3,76,8.0,153,1003.2,100,0,100,100,0.7,0.0,41.824,-71.4128,2024,5,8,9
2024-05-08 10:00:00,102.0,0.0,102.0,0.0,14.9,92,11.3,153,1002.4,100,39,100,100,4.4,0.0,41.824,-71.4128,2024,5,8,10
2024-05-08 11:00:00,142.0,0.0,142.0,0.0,15.6,96,14.6,189,1002.2,100,60,68,98,3.4,0.0,41.824,-71.4128,2024,5,8,11
2024-05-08 12:00:00,471.0,142.0,329.0,162.7,17.7,90,17.0,176,1001.4,97,42,36,93,0.8,3080.22,41.824,-71.4128,2024,5,8,12
2024-05-08 13:00:00,635.0,344.0,291.0,379.3,18.2,92,17.4,187,1000.3,100,100,38,100,14.0,3600.0,41.824,-71.4128,2024,5,8,13
2024-05-08 14:00:00,404.0,71.0,333.0,79.5,18.3,88,17.6,191,999.7,100,100,22,81,3.2,585.98,41.824,-71.4128,2024,5,8,14
2024-05-08 15:00:00,321.0,32.0,289.0,38.5,18.1,87,14.8,193,999.0,98,98,12,15,0.0,0.0,41.824,-71.4128,2024,5,8,15
2024-05-08 16:00:00,311.0,63.0,248.0,86.7,18.8,85,9.4,180,998.8,100,100,17,40,0.0,800.72,41.824,-71.4128,2024,5,8,16
2024-05-08 17:00:00,250.0,53.0,197.0,90.4,18.9,85,8.2,142,998.2,100,100,19,12,0.0,911.99,41.824,-71.4128,2024,5,8,17
2024-05-08 18:00:00,195.0,41.0,154.0,97.7,17.8,87,8.7,114,998.1,100,100,26,18,0.0,1131.92,41.824,-71.4128,2024,5,8,18
2024-05-08 19:00:00,107.0,35.0,72.0,147.2,16.3,91,8.1,21,999.2,100,100,22,48,3.2,2615.49,41.824,-71.4128,2024,5,8,19
2024-05-08 20:00:00,9.0,0.0,9.0,0.0,15.6,90,5.6,297,999.2,47,20,21,17,5.8,0.0,41.824,-71.4128,2024,5,8,20
2024-05-08 21:00:00,0.0,0.0,0.0,0.0,15.4,97,12.2,315,1000.9,100,100,25,44,0.0,0.0,41.824,-71.4128,2024,5,8,21
2024-05-08 22:00:00,0.0,0.0,0.0,0.0,14.9,91,14.4,307,1000.3,4,4,0,0,0.3,0.0,41.824,-71.4128,2024,5,8,22
2024-05-08 23:00:00,0.0,0.0,0.0,0.0,13.6,94,5.8,277,1000.7,1,0,1,0,0.0,0.0,41.824,-71.4128,2024,5,8,23
2024-05-09 00:00:00,0.0,0.0,0.0,0.0,12.9,96,6.1,267,1001.0,1,1,0,0,0.0,0.0,41.824,-71.4128,2024,5,9,0
2024-05-09 01:00:00,0.0,0.0,0.0,0.0,11.2,99,4.7,238,1001.4,2,1,1,0,0.0,0.0,41.824,-71.4128,2024,5,9,1
2024-05-09 02:00:00,0.0,0.0,0.0,0.0,11.8,96,11.4,259,1001.6,0,0,0,0,0.0,0.0,41.824,-71.4128,2024,5,9,2
2024-05-09 03:00:00,0.0,0.0,0.0,0.0,12.1,92,12.3,277,1001.6,92,0,0,92,0.0,0.0,41.824,-71.4128,2024,5,9,3
2024-05-09 04:00:00,0.0,0.0,0.0,0.0,11.7,92,12.2,294,1002.1,95,2,0,95,0.0,0.0,41.824,-71.4128,2024,5,9,4
2024-05-09 05:00:00,0.0,0.0,0.0,0.0,11.2,94,12.7,317,1002.8,97,43,0,95,0.0,0.0,41.824,-71.4128,2024,5,9,5
2024-05-09 06:00:00,5.0,1.0,4.0,18.7,11.2,92,12.8,322,1003.5,2,2,0,1,0.0,0.0,41.824,-71.4128,2024,5,9,6
2024-05-09 07:00:00,107.0,63.0,44.0,385.1,11.0,86,16.1,321,1004.4,3,2,0,0,0.0,3600.0,41.824,-71.4128,2024,5,9,7
2024-05-09 08:00:00,290.0,219.0,71.0,629.4,11.4,81,16.1,321,1005.3,62,26,0,48,0.0,3600.0,41.824,-71.4128,2024,5,9,8
2024-05-09 09:00:00,482.0,396.0,86.0,758.1,14.3,69,17.2,327,1005.1,60,18,0,52,0.0,3600.0,41.824,-71.4128,2024,5,9,9
2024-05-09 10:00:00,639.0,522.0,117.0,773.5,15.5,61,18.9,336,1005.1,97,41,0,94,0.0,3600.0,41.824,-71.4128,2024,5,9,10
2024-05-09 11:00:00,690.0,470.0,220.0,591.1,16.8,53,17.3,337,1005.5,96,69,0,88,0.0,3600.0,41.824,-71.4128,2024,5,9,11
2024-05-09 12:00:00,764.0,448.0,316.0,512.1,18.2,48,16.6,338,1005.2,100,14,0,100,0.0,3600.0,41.824,-71.4128,2024,5,9,12
2024-05-09 13:00:00,799.0,488.0,311.0,537.0,19.3,43,15.5,338,1005.2,99,26,37,99,0.0,3600.0,41.824,-71.4128,2024,5,9,13
2024-05-09 14:00:00,733.0,387.0,346.0,432.6,20.1,40,14.5,337,1004.9,100,100,97,100,0.0,3600.0,41.824,-71.4128,2024,5,9,14
2024-05-09 15:00:00,592.0,257.0,335.0,308.5,19.7,41,15.5,347,1004.8,95,1,70,89,0.0,3600.0,41.824,-71.4128,2024,5,9,15
2024-05-09 16:00:00,481.0,248.0,233.0,340.3,18.9,43,12.3,353,1005.0,88,9,42,79,0.0,3600.0,41.824,-71.4128,2024,5,9,16
2024-05-09 17:00:00,493.0,350.0,143.0,594.7,19.1,43,7.2,357,1005.6,86,2,86,0,0.0,3600.0,41.824,-71.4128,2024,5,9,17
2024-05-09 18:00:00,257.0,141.0,116.0,334.1,16.8,57,13.9,59,1006.2,95,5,95,0,0.0,3600.0,41.824,-71.4128,2024,5,9,18
2024-05-09 19:00:00,69.0,4.0,65.0,16.6,14.0,72,11.6,112,1007.3,100,14,100,4,0.0,0.0,41.824,-71.4128,2024,5,9,19
2024-05-09 20:00:00,14.0,0.0,14.0,0.0,12.7,73,11.2,105,1007.9,95,26,94,0,0.0,0.0,41.824,-71.4128,2024,5,9,20
2024-05-09 21:00:00,0.0,0.0,0.0,0.0,11.0,79,11.7,79,1008.9,100,100,100,0,0.0,0.0,41.824,-71.4128,2024,5,9,21
2024-05-09 22:00:00,0.0,0.0,0.0,0.0,10.2,82,10.5,86,1009.2,100,100,100,2,0.0,0.0,41.824,-71.4128,2024,5,9,22
2024-05-09 23:00:00,0.0,0.0,0.0,0.0,9.6,84,8.2,75,1009.2,100,42,100,0,0.0,0.0,41.824,-71.4128,2024,5,9,23
2024-05-10 00:00:00,0.0,0.0,0.0,0.0,9.0,85,9.2,64,1009.0,100,53,100,3,0.0,0.0,41.824,-71.4128,2024,5,10,0
2024-05-10 01:00:00,0.0,0.0,0.0,0.0,8.9,83,8.2,52,1008.6,100,0,100,0,0.0,0.0,41.824,-71.4128,2024,5,10,1
2024-05-10 02:00:00,0.0,0.0,0.0,0.0,8.8,82,9.2,48,1008.5,100,0,100,46,0.0,0.0,41.824,-71.4128,2024,5,10,2
2024-05-10 03:00:00,0.0,0.0,0.0,0.0,8.5,82,12.0,44,1008.0,100,0,100,100,0.1,0.0,41.824,-71.4128,2024,5,10,3
2024-05-10 04:00:00,0.0,0.0,0.0,0.0,8.3,81,8.7,60,1007.8,100,2,100,100,0.0,0.0,41.824,-71.4128,2024,5,10,4
2024-05-10 05:00:00,0.0,0.0,0.0,0.0,8.2,81,8.5,36,1008.1,100,0,100,100,0.0,0.0,41.824,-71.4128,2024,5,10,5
2024-05-10 06:00:00,1.0,0.0,1.0,0.0,8.1,82,7.4,29,1008.6,100,0,100,100,0.4,0.0,41.824,-71.4128,2024,5,10,6
2024-05-10 07:00:00,13.0,0.0,13.0,0.0,7.9,88,8.9,43,1009.2,100,1,99,100,1.5,0.0,41.824,-71.4128,2024,5,10,7
2024-05-10 08:00:00,37.0,0.0,37.0,0.0,7.7,88,11.6,60,1009.3,100,45,100,89,1.1,0.0,41.824,-71.4128,2024,5,10,8
2024-05-10 09:00:00,254.0,70.0,184.0,133.4,9.3,83,16.3,65,1008.6,99,35,98,36,0.2,2201.08,41.824,-71.4128,2024,5,10,9
2024-05-10 10:00:00,341.0,111.0,230.0,163.9,10.0,75,13.2,68,1008.7,88,30,82,0,0.0,3117.86,41.824,-71.4128,2024,5,10,10
2024-05-10 11:00:00,691.0,470.0,221.0,589.6,12.0,59,18.2,76,1008.4,54,47,13,0,0.0,3600.0,41.824,-71.4128,2024,5,10,11
2024-05-10 12:00:00,665.0,397.0,268.0,452.8,13.0,52,18.7,74,1007.9,78,76,10,0,0.0,3600.0,41.824,-71.4128,2024,5,10,12
2024-05-10 13:00:00,729.0,366.0,363.0,401.9,14.0,47,18.0,70,1007.6,99,96,78,0,0.0,3600.0,41.824,-71.4128,2024,5,10,13
2024-05-10 14:00:00,518.0,136.0,382.0,151.7,13.9,47,17.1,62,1007.4,70,36,57,38,0.0,2751.38,41.824,-71.4128,2024,5,10,14
2024-05-10 15:00:00,707.0,466.0,241.0,558.0,14.7,45,17.5,58,1007.0,100,64,100,99,0.0,3600.0,41.824,-71.4128,2024,5,10,15
2024-05-10 16:00:00,259.0,18.0,241.0,24.6,13.3,48,17.0,54,1007.2,97,29,94,84,0.0,0.0,41.824,-71.4128,2024,5,10,16
2024-05-10 17:00:00,365.0,161.0,204.0,272.5,13.0,52,16.2,58,1007.6,95,21,81,89,0.0,3600.0,41.824,-71.4128,2024,5,10,17
2024-05-10 18:00:00,219.0,79.0,140.0,186.1,11.6,58,14.0,67,1008.3,84,0,76,58,0.0,3600.0,41.824,-71.4128,2024,5,10,18
2024-05-10 19:00:00,110.0,32.0,78.0,131.6,10.3,63,11.2,75,1008.8,96,0,68,90,0.0,2147.57,41.824,-71.4128,2024,5,10,19
2024-05-10 20:00:00,24.0,5.0,19.0,53.8,8.7,68,8.0,72,1009.4,100,0,100,74,0.0,168.9,41.824,-71.4128,2024,5,10,20
2024-05-10 21:00:00,0.0,0.0,0.0,0.0,8.7,64,8.6,57,1009.8,81,0,77,19,0.2,0.0,41.824,-71.4128,2024,5,10,21
2024-05-10 22:00:00,0.0,0.0,0.0,0.0,7.2,73,5.9,47,1010.0,84,0,78,24,0.0,0.0,41.824,-71.4128,2024,5,10,22
2024-05-10 23:00:00,0.0,0.0,0.0,0.0,7.0,78,8.0,27,1009.7,75,0,74,2,0.0,0.0,41.824,-71.4128,2024,5,10,23
2024-05-11 00:00:00,0.0,0.0,0.0,0.0,6.1,84,7.6,8,1009.7,17,0,17,2,0.0,0.0,41.824,-71.4128,2024,5,11,0
2024-05-11 01:00:00,0.0,0.0,0.0,0.0,5.3,89,9.4,2,1009.7,11,0,0,11,0.0,0.0,41.824,-71.4128,2024,5,11,1
2024-05-11 02:00:00,0.0,0.0,0.0,0.0,4.8,92,10.8,360,1009.5,1,0,0,1,0.0,0.0,41.824,-71.4128,2024,5,11,2
2024-05-11 03:00:00,0.0,0.0,0.0,0.0,4.7,94,10.1,356,1009.7,19,0,19,0,0.0,0.0,41.824,-71.4128,2024,5,11,3
2024-05-11 04:00:00,0.0,0.0,0.0,0.0,4.6,94,10.1,360,1010.0,0,0,0,0,0.0,0.0,41.824,-71.4128,2024,5,11,4
2024-05-11 05:00:00,0.0,0.0,0.0,0.0,4.1,95,10.1,4,1009.8,0,0,0,0,0.0,0.0,41.824,-71.4128,2024,5,11,5
2024-05-11 06:00:00,7.0,2.0,5.0,35.4,4.1,95,10.8,356,1010.1,1,1,0,0,0.0,0.0,41.824,-71.4128,2024,5,11,6
2024-05-11 07:00:00,114.0,70.0,44.0,412.9,5.8,89,9.5,351,1010.5,2,2,0,0,0.0,3600.0,41.824,-71.4128,2024,5,11,7
2024-05-11 08:00:00,296.0,221.0,75.0,625.4,8.2,81,13.1,21,1010.2,35,35,0,0,0.0,3600.0,41.824,-71.4128,2024,5,11,8
2024-05-11 09:00:00,484.0,387.0,97.0,734.0,10.8,64,14.4,37,1010.4,47,47,0,0,0.0,3600.0,41.824,-71.4128,2024,5,11,9
2024-05-11 10:00:00,528.0,338.0,190.0,497.6,11.8,59,17.4,40,1010.0,100,100,0,0,0.0,3600.0,41.824,-71.4128,2024,5,11,10
2024-05-11 11:00:00,483.0,166.0,317.0,207.7,12.1,59,18.9,42,1010.2,71,52,52,0,0.0,3600.0,41.824,-71.4128,2024,5,11,11
2024-05-11 12:00:00,593.0,317.0,276.0,360.8,12.6,56,17.7,39,1009.7,100,100,52,0,0.0,3600.0,41.824,-71.4128,2024,5,11,12
2024-05-11 13:00:00,503.0,196.0,307.0,214.8,12.7,54,17.3,36,1009.3,100,100,62,0,0.0,3600.0,41.824,-71.4128,2024,5,11,13
2024-05-11 14:00:00,429.0,124.0,305.0,138.1,12.7,53,16.5,36,1009.2,89,88,38,0,0.0,2341.6,41.824,-71.4128,2024,5,11,14
2024-05-11 15:00:00,604.0,356.0,248.0,425.4,13.5,51,17.5,37,1008.8,61,60,18,1,0.0,3600.0,41.824,-71.4128,2024,5,11,15
2024-05-11 16:00:00,522.0,300.0,222.0,409.4,13.5,50,15.4,37,1008.8,86,85,67,0,0.0,3600.0,41.824,-71.4128,2024,5,11,16
2024-05-11 17:00:00,308.0,121.0,187.0,204.1,12.7,53,13.5,44,1009.0,66,64,49,0,0.0,3600.0,41.824,-71.4128,2024,5,11,17
2024-05-11 18:00:00,291.0,179.0,112.0,419.4,11.8,57,12.7,55,1009.3,17,8,10,0,0.0,3600.0,41.824,-71.4128,2024,5,11,18
2024-05-11 19:00:00,150.0,84.0,66.0,341.7,10.4,63,10.0,69,1009.6,15,2,9,7,0.0,3600.0,41.824,-71.4128,2024,5,11,19
2024-05-11 20:00:00,34.0,17.0,17.0,180.3,8.5,73,7.5,73,1009.8,92,0,0,92,0.0,3043.64,41.824,-71.4128,2024,5,11,20
2024-05-11 21:00:00,0.0,0.0,0.0,0.0,7.5,76,8.2,52,1010.7,99,0,0,99,0.0,0.0,41.824,-71.4128,2024,5,11,21
2024-05-11 22:00:00,0.0,0.0,0.0,0.0,6.0,88,6.4,63,1010.9,100,0,0,100,0.0,0.0,41.824,-71.4128,2024,5,11,22
2024-05-11 23:00:00,0.0,0.0,0.0,0.0,6.2,85,2.1,239,1011.3,100,0,0,100,0.0,0.0,41.824,-71.4128,2024,5,11,23
2024-05-12 00:00:00,0.0,0.0,0.0,0.0,6.1,85,1.0,315,1011.4,87,0,0,87,0.0,0.0,41.824,-71.4128,2024,5,12,0
2024-05-12 01:00:00,0.0,0.0,0.0,0.0,5.3,90,3.1,21,1011.0,100,0,0,100,0.0,0.0,41.824,-71.4128,2024,5,12,1
2024-05-12 02:00:00,0.0,0.0,0.0,0.0,6.0,86,1.9,22,1010.7,98,0,0,98,0.0,0.0,41.824,-71.4128,2024,5,12,2
2024-05-12 03:00:00,0.0,0.0,0.0,0.0,5.3,93,3.9,56,1010.8,100,0,70,100,0.0,0.0,41.824,-71.4128,2024,5,12,3
2024-05-12 04:00:00,0.0,0.0,0.0,0.0,5.2,94,3.3,103,1010.7,100,1,93,100,0.0,0.0,41.824,-71.4128,2024,5,12,4
2024-05-12 05:00:00,0.0,0.0,0.0,0.0,4.7,98,1.4,270,1010.5,100,2,76,100,0.0,0.0,41.824,-71.4128,2024,5,12,5
2024-05-12 06:00:00,6.0,0.0,6.0,0.0,4.9,99,4.0,265,1010.4,100,25,83,100,0.0,0.0,41.824,-71.4128,2024,5,12,6
2024-05-12 07:00:00,73.0,5.0,68.0,29.0,6.6,93,1.8,217,1010.8,100,31,98,100,0.0,0.0,41.824,-71.4128,2024,5,12,7
2024-05-12 08:00:00,230.0,83.0,147.0,233.2,8.9,82,1.8,217,1011.1,100,19,83,100,0.0,3600.0,41.824,-71.4128,2024,5,12,8
2024-05-12 09:00:00,387.0,183.0,204.0,345.6,10.6,70,0.5,135,1011.5,100,51,51,100,0.0,3600.0,41.824,-71.4128,2024,5,12,9
2024-05-12 10:00:00,494.0,211.0,283.0,309.7,11.8,62,3.3,84,1011.2,100,24,6,100,0.0,3600.0,41.824,-71.4128,2024,5,12,10
2024-05-12 11:00:00,601.0,306.0,295.0,382.0,12.6,57,4.6,108,1011.5,99,37,33,97,0.1,3600.0,41.824,-71.4128,2024,5,12,11
2024-05-12 12:00:00,761.0,499.0,262.0,566.8,13.2,53,4.2,110,1011.2,100,9,38,100,0.1,3600.0,41.824,-71.4128,2024,5,12,12
2024-05-12 13:00:00,687.0,408.0,279.0,446.3,13.4,51,5.0,111,1011.0,100,31,56,100,0.0,3600.0,41.824,-71.4128,2024,5,12,13
2024-05-12 14:00:00,651.0,333.0,318.0,370.0,13.6,51,5.5,122,1010.8,100,23,83,100,0.0,3600.0,41.824,-71.4128,2024,5,12,14
2024-05-12 15:00:00,443.0,146.0,297.0,174.1,13.0,55,5.4,138,1011.1,100,25,98,100,0.0,3422.32,41.824,-71.4128,2024,5,12,15
2024-05-12 16:00:00,316.0,65.0,251.0,88.5,13.0,57,4.8,132,1010.8,100,2,69,100,0.0,854.16,41.824,-71.4128,2024,5,12,16
2024-05-12 17:00:00,440.0,217.0,223.0,364.7,13.5,54,3.6,135,1010.8,100,53,36,100,0.0,3600.0,41.824,-71.4128,2024,5,12,17
2024-05-12 18:00:00,314.0,171.0,143.0,398.5,13.4,56,3.4,148,1011.0,100,60,33,100,0.0,3600.0,41.824,-71.4128,2024,5,12,18
2024-05-12 19:00:00,133.0,47.0,86.0,189.2,12.4,64,8.0,172,1011.4,97,0,15,97,0.0,3600.0,41.824,-71.4128,2024,5,12,19
2024-05-12 20:00:00,29.0,6.0,23.0,62.8,10.3,77,9.4,212,1012.0,100,1,7,100,0.0,449.28,41.824,-71.4128,2024,5,12,20
2024-05-12 21:00:00,0.0,0.0,0.0,0.0,9.6,88,10.1,253,1013.1,59,5,37,33,0.0,0.0,41.824,-71.4128,2024,5,12,21
2024-05-12 22:00:00,0.0,0.0,0.0,0.0,9.0,91,8.7,253,1013.5,98,0,98,0,0.0,0.0,41.824,-71.4128,2024,5,12,22
2024-05-12 23:00:00,0.0,0.0,0.0,0.0,9.2,89,8.7,263,1013.5,70,9,68,3,0.0,0.0,41.824,-71.4128,2024,5,12,23
2024-05-13 00:00:00,0.0,0.0,0.0,0.0,8.3,93,9.4,268,1013.7,11,8,9,0,0.0,0.0,41.824,-71.4128,2024,5,13,0
2024-05-13 01:00:00,0.0,0.0,0.0,0.0,7.7,94,10.1,274,1013.9,9,4,5,3,0.0,0.0,41.824,-71.4128,2024,5,13,1
2024-05-13 02:00:00,0.0,0.0,0.0,0.0,7.4,95,10.2,280,1014.1,0,0,0,0,0.0,0.0,41.824,-71.4128,2024,5,13,2
2024-05-13 03:00:00,0.0,0.0,0.0,0.0,7.4,95,10.5,278,1014.6,17,16,9,1,0.0,0.0,41.824,-71.4128,2024,5,13,3
2024-05-13 04:00:00,0.0,0.0,0.0,0.0,7.4,93,10.2,280,1015.2,16,15,6,0,0.0,0.0,41.824,-71.4128,2024,5,13,4
2024-05-13 05:00:00,0.0,0.0,0.0,0.0,7.0,92,9.6,283,1015.3,2,2,0,0,0.0,0.0,41.824,-71.4128,2024,5,13,5
2024-05-13 06:00:00,9.0,3.0,6.0,50.6,6.9,91,10.2,280,1015.8,5,2,4,0,0.0,174.02,41.824,-71.4128,2024,5,13,6
2024-05-13 07:00:00,115.0,70.0,45.0,399.7,8.8,85,9.3,283,1016.2,0,0,0,0,0.0,3600.0,41.824,-71.4128,2024,5,13,7
2024-05-13 08:00:00,297.0,224.0,73.0,624.9,11.5,77,5.5,293,1016.6,0,0,0,0,0.0,3600.0,41.824,-71.4128,2024,5,13,8
2024-05-13 09:00:00,485.0,392.0,93.0,737.1,14.2,69,4.6,309,1016.3,0,0,0,0,0.0,3600.0,41.824,-71.4128,2024,5,13,9
2024-05-13 10:00:00,661.0,560.0,101.0,819.5,16.1,57,2.5,352,1016.0,15,0,0,15,0.0,3600.0,41.824,-71.4128,2024,5,13,10
2024-05-13 11:00:00,803.0,697.0,106.0,868.1,17.5,52,1.4,90,1015.9,0,0,0,0,0.0,3600.0,41.824,-71.4128,2024,5,13,11
2024-05-13 12:00:00,883.0,763.0,120.0,864.9,18.8,46,3.1,159,1015.6,100,87,100,0,0.0,3600.0,41.824,-71.4128,2024,5,13,12
2024-05-13 13:00:00,489.0,112.0,377.0,122.3,17.9,51,9.6,160,1015.4,98,3,98,0,0.0,1868.79,41.824,-71.4128,2024,5,13,13
2024-05-13 14:00:00,459.0,141.0,318.0,156.4,17.2,56,14.0,157,1015.3,100,5,100,1,0.0,2891.61,41.824,-71.4128,2024,5,13,14
2024-05-13 15:00:00,385.0,75.0,310.0,89.2,17.1,56,14.5,161,1015.1,100,1,100,81,0.0,877.06,41.824,-71.4128,2024,5,13,15
2024-05-13 16:00:00,398.0,122.0,276.0,165.6,17.7,52,13.0,178,1014.6,100,2,7,100,0.0,3168.72,41.824,-71.4128,2024,5,13,16
2024-05-13 17:00:00,483.0,286.0,197.0,479.0,18.0,51,11.9,183,1014.5,6,4,4,1,0.0,3600.0,41.824,-71.4128,2024,5,13,17
2024-05-13 18:00:00,361.0,271.0,90.0,628.1,17.3,56,12.2,166,1014.5,17,1,17,0,0.0,3600.0,41.824,-71.4128,2024,5,13,18
2024-05-13 19:00:00,177.0,114.0,63.0,454.2,15.5,67,10.9,172,1014.8,27,0,27,0,0.0,3600.0,41.824,-71.4128,2024,5,13,19
2024-05-13 20:00:00,35.0,16.0,19.0,165.1,13.4,76,9.7,178,1015.1,2,0,2,0,0.0,3163.8,41.824,-71.4128,2024,5,13,20
2024-05-13 21:00:00,0.0,0.0,0.0,0.0,13.2,79,9.4,176,1016.3,0,0,0,0,0.0,0.0,41.824,-71.4128,2024,5,13,21
2024-05-13 22:00:00,0.0,0.0,0.0,0.0,11.3,89,8.7,173,1016.3,9,0,9,0,0.0,0.0,41.824,-71.4128,2024,5,13,22
2024-05-13 23:00:00,0.0,0.0,0.0,0.0,10.3,93,9.1,189,1016.4,13,0,13,0,0.0,0.0,41.824,-71.4128,2024,5,13,23
2024-05-14 00:00:00,0.0,0.0,0.0,0.0,9.9,93,9.2,206,1016.6,8,0,7,1,0.0,0.0,41.824,-71.4128,2024,5,14,0
2024-05-14 01:00:00,0.0,0.0,0.0,0.0,9.6,92,8.7,204,1016.6,6,0,6,0,0.0,0.0,41.824,-71.4128,2024,5,14,1
2024-05-14 02:00:00,0.0,0.0,0.0,0.0,9.4,91,8.7,197,1016.4,1,1,1,0,0.0,0.0,41.824,-71.4128,2024,5,14,2
2024-05-14 03:00:00,0.0,0.0,0.0,0.0,9.1,92,9.2,191,1016.1,10,2,8,0,0.0,0.0,41.824,-71.4128,2024,5,14,3
2024-05-14 04:00:00,0.0,0.0,0.0,0.0,9.0,92,9.4,203,1015.9,13,9,11,0,0.0,0.0,41.824,-71.4128,2024,5,14,4
2024-05-14 05:00:00,0.0,0.0,0.0,0.0,9.0,91,8.7,197,1015.8,31,9,29,0,0.0,0.0,41.824,-71.4128,2024,5,14,5
2024-05-14 06:00:00,8.0,2.0,6.0,33.0,9.3,90,9.4,182,1015.4,85,2,72,46,0.0,0.0,41.824,-71.4128,2024,5,14,6
2024-05-14 07:00:00,91.0,33.0,58.0,185.6,11.1,85,9.0,182,1015.8,25,0,4,22,0.0,3600.0,41.824,-71.4128,2024,5,14,7
2024-05-14 08:00:00,286.0,205.0,81.0,568.1,13.2,78,10.1,186,1016.0,70,0,0,70,0.0,3600.0,41.824,-71.4128,2024,5,14,8
2024-05-14 09:00:00,460.0,344.0,116.0,644.3,16.0,73,9.4,180,1016.2,34,0,22,15,0.0,3600.0,41.824,-71.4128,2024,5,14,9
2024-05-14 10:00:00,623.0,491.0,132.0,716.5,18.2,68,12.3,183,1015.9,93,0,37,89,0.0,3600.0,41.824,-71.4128,2024,5,14,10
2024-05-14 11:00:00,696.0,478.0,218.0,594.0,19.9,62,13.4,185,1015.6,53,0,17,44,0.0,3600.0,41.824,-71.4128,2024,5,14,11
2024-05-14 12:00:00,850.0,674.0,176.0,762.6,21.2,58,14.8,181,1015.0,65,0,0,65,0.0,3600.0,41.824,-71.4128,2024,5,14,12
2024-05-14 13:00:00,901.0,737.0,164.0,803.3,22.1,55,15.8,181,1014.2,28,0,0,28,0.0,3600.0,41.824,-71.4128,2024,5,14,13
2024-05-14 14:00:00,908.0,794.0,114.0,879.0,22.4,55,17.3,180,1013.5,10,0,0,10,0.0,3600.0,41.824,-71.4128,2024,5,14,14
2024-05-14 15:00:00,839.0,733.0,106.0,870.3,22.3,55,18.4,182,1013.0,0,0,0,0,0.0,3600.0,41.824,-71.4128,2024,5,14,15
2024-05-14 16:00:00,721.0,624.0,97.0,845.0,21.7,57,18.4,180,1012.5,7,0,1,6,0.0,3600.0,41.824,-71.4128,2024,5,14,16
2024-05-14 17:00:00,551.0,450.0,101.0,751.0,20.5,60,17.7,182,1012.3,7,0,1,7,0.0,3600.0,41.824,-71.4128,2024,5,14,17
2024-05-14 18:00:00,374.0,296.0,78.0,682.4,19.1,66,15.9,186,1012.3,100,0,2,100,0.0,3600.0,41.824,-71.4128,2024,5,14,18
2024-05-14 19:00:00,179.0,107.0,72.0,421.9,17.3,75,12.7,188,1012.6,100,0,1,100,0.0,3600.0,41.824,-71.4128,2024,5,14,19
2024-05-14 20:00:00,34.0,8.0,26.0,81.5,15.3,81,11.6,196,1012.8,100,0,0,100,0.0,1067.76,41.824,-71.4128,2024,5,14,20
2024-05-14 21:00:00,0.0,0.0,0.0,0.0,15.2,83,12.3,212,1013.0,100,0,0,100,0.0,0.0,41.824,-71.4128,2024,5,14,21
2024-05-14 22:00:00,0.0,0.0,0.0,0.0,15.1,83,14.6,218,1013.3,100,0,4,100,0.0,0.0,41.824,-71.4128,2024,5,14,22
2024-05-14 23:00:00,0.0,0.0,0.0,0.0,15.0,83,14.5,224,1013.0,100,0,29,100,0.0,0.0,41.824,-71.4128,2024,5,14,23
2024-05-15 00:00:00,0.0,0.0,0.0,0.0,14.8,83,12.8,230,1012.9,100,0,85,100,0.0,0.0,41.824,-71.4128,2024,5,15,0
2024-05-15 01:00:00,0.0,0.0,0.0,0.0,14.8,83,11.8,232,1012.7,100,0,100,100,0.0,0.0,41.824,-71.4128,2024,5,15,1
2024-05-15 02:00:00,0.0,0.0,0.0,0.0,15.0,83,9.6,236,1012.1,100,0,100,100,0.0,0.0,41.824,-71.4128,2024,5,15,2
2024-05-15 03:00:00,0.0,0.0,0.0,0.0,14.8,85,10.0,229,1012.0,100,0,100,100,0.0,0.0,41.824,-71.4128,2024,5,15,3
2024-05-15 04:00:00,0.0,0.0,0.0,0.0,14.6,86,7.1,240,1011.5,100,0,100,100,0.0,0.0,41.824,-71.4128,2024,5,15,4
2024-05-15 05:00:00,0.0,0.0,0.0,0.0,14.4,87,6.1,230,1011.7,100,0,100,100,0.0,0.0,41.824,-71.4128,2024,5,15,5
2024-05-15 06:00:00,3.0,0.0,3.0,0.0,14.2,88,4.5,194,1011.6,100,1,79,100,0.0,0.0,41.824,-71.4128,2024,5,15,6
2024-05-15 07:00:00,42.0,0.0,42.0,0.0,14.5,89,5.7,162,1011.6,100,52,71,100,0.0,0.0,41.824,-71.4128,2024,5,15,7
2024-05-15 08:00:00,166.0,20.0,146.0,55.1,16.1,82,6.2,159,1011.9,100,8,96,100,0.0,0.0,41.824,-71.4128,2024,5,15,8
2024-05-15 09:00:00,335.0,139.0,196.0,259.3,18.7,74,3.2,153,1011.6,100,0,74,100,0.0,3600.0,41.824,-71.4128,2024,5,15,9
2024-05-15 10:00:00,417.0,102.0,315.0,148.4,19.4,72,8.2,157,1011.6,100,21,97,100,0.0,2652.95,41.824,-71.4128,2024,5,15,10
2024-05-15 11:00:00,352.0,35.0,317.0,43.4,18.2,75,7.4,157,1011.8,100,3,96,100,0.6,0.0,41.824,-71.4128,2024,5,15,11
2024-05-15 12:00:00,288.0,14.0,274.0,15.8,17.7,78,12.1,170,1011.9,100,37,97,100,0.1,0.0,41.824,-71.4128,2024,5,15,12
2024-05-15 13:00:00,274.0,11.0,263.0,12.0,17.0,82,5.1,176,1011.5,100,9,100,100,1.3,0.0,41.824,-71.4128,2024,5,15,13
2024-05-15 14:00:00,205.0,8.0,197.0,8.8,16.9,85,4.5,119,1011.0,100,2,100,100,0.4,0.0,41.824,-71.4128,2024,5,15,14
2024-05-15 15:00:00,284.0,11.0,273.0,13.0,17.4,85,5.2,124,1010.6,100,15,80,100,0.3,0.0,41.824,-71.4128,2024,5,15,15
2024-05-15 16:00:00,300.0,23.0,277.0,31.1,18.0,81,8.9,122,1009.6,100,50,93,100,0.4,0.0,41.824,-71.4128,2024,5,15,16
2024-05-15 17:00:00,251.0,17.0,234.0,28.3,18.0,84,8.7,107,1009.1,100,30,100,100,0.3,0.0,41.824,-71.4128,2024,5,15,17
2024-05-15 18:00:00,137.0,6.0,131.0,13.8,17.6,86,8.1,69,1008.6,100,0,100,100,0.1,0.0,41.824,-71.4128,2024,5,15,18
2024-05-15 19:00:00,33.0,0.0,33.0,0.0,16.5,91,8.7,97,1008.8,100,20,100,100,0.1,0.0,41.824,-71.4128,2024,5,15,19
2024-05-15 20:00:00,11.0,0.0,11.0,0.0,15.6,96,8.1,103,1008.8,100,11,100,100,0.5,0.0,41.824,-71.4128,2024,5,15,20
2024-05-15 21:00:00,0.0,0.0,0.0,0.0,14.7,99,11.0,49,1009.0,100,24,100,100,1.8,0.0,41.824,-71.4128,2024,5,15,21
2024-05-15 22:00:00,0.0,0.0,0.0,0.0,14.8,97,12.6,63,1008.9,100,100,100,100,5.8,0.0,41.824,-71.4128,2024,5,15,22
2024-05-15 23:00:00,0.0,0.0,0.0,0.0,14.7,97,15.1,65,1008.0,100,8,100,100,3.5,0.0,41.824,-71.4128,2024,5,15,23
2024-05-16 00:00:00,0.0,0.0,0.0,0.0,14.3,96,16.1,63,1007.6,100,22,100,100,2.7,0.0,41.824,-71.4128,2024,5,16,0
2024-05-16 01:00:00,0.0,0.0,0.0,0.0,13.8,96,17.6,55,1006.8,100,100,100,100,3.0,0.0,41.824,-71.4128,2024,5,16,1
2024-05-16 02:00:00,0.0,0.0,0.0,0.0,13.9,96,19.6,46,1005.9,100,100,100,100,3.3,0.0,41.824,-71.4128,2024,5,16,2
2024-05-16 03:00:00,0.0,0.0,0.0,0.0,13.8,97,21.0,52,1005.3,100,100,100,100,2.4,0.0,41.824,-71.4128,2024,5,16,3
2024-05-16 04:00:00,0.0,0.0,0.0,0.0,13.3,97,19.7,50,1005.3,100,100,100,64,3.7,0.0,41.824,-71.4128,2024,5,16,4
2024-05-16 05:00:00,0.0,0.0,0.0,0.0,13.0,98,19.1,41,1004.8,100,100,88,99,1.8,0.0,41.824,-71.4128,2024,5,16,5
2024-05-16 06:00:00,2.0,0.0,2.0,0.0,12.9,98,18.9,39,1005.1,100,100,90,100,1.7,0.0,41.824,-71.4128,2024,5,16,6
2024-05-16 07:00:00,21.0,0.0,21.0,0.0,12.8,97,19.4,35,1005.5,100,100,97,100,1.9,0.0,41.824,-71.4128,2024,5,16,7
2024-05-16 08:00:00,49.0,0.0,49.0,0.0,12.6,98,17.1,30,1005.7,100,100,98,100,1.9,0.0,41.824,-71.4128,2024,5,16,8
2024-05-16 09:00:00,40.0,0.0,40.0,0.0,13.4,97,21.7,43,1006.5,100,100,100,100,4.7,0.0,41.824,-71.4128,2024,5,16,9
2024-05-16 10:00:00,75.0,0.0,75.0,0.0,13.6,97,21.9,42,1006.9,100,100,100,100,2.0,0.0,41.824,-71.4128,2024,5,16,10
2024-05-16 11:00:00,182.0,1.0,181.0,1.2,14.3,97,19.1,36,1007.2,100,100,100,100,1.4,0.0,41.824,-71.4128,2024,5,16,11
2024-05-16 12:00:00,280.0,13.0,267.0,14.7,15.3,93,20.6,44,1007.5,100,54,40,100,0.1,0.0,41.824,-71.4128,2024,5,16,12
2024-05-16 13:00:00,367.0,24.0,343.0,26.1,16.0,87,23.3,52,1007.6,100,32,100,100,0.0,0.0,41.824,-71.4128,2024,5,16,13
2024-05-16 14:00:00,289.0,24.0,265.0,26.5,16.1,86,21.9,49,1007.9,100,42,100,100,0.0,0.0,41.824,-71.4128,2024,5,16,14
2024-05-16 15:00:00,274.0,12.0,262.0,14.2,16.4,83,18.7,40,1008.0,97,40,55,90,0.0,0.0,41.824,-71.4128,2024,5,16,15
2024-05-16 16:00:00,362.0,85.0,277.0,114.5,17.0,78,19.4,50,1008.2,62,31,44,2,0.0,1635.74,41.824,-71.4128,2024,5,16,16
2024-05-16 17:00:00,305.0,72.0,233.0,119.3,17.1,75,18.6,43,1008.2,91,32,87,0,0.0,1780.31,41.824,-71.4128,2024,5,16,17
2024-05-16 18:00:00,304.0,144.0,160.0,328.5,16.8,76,19.9,48,1008.7,31,27,6,0,0.0,3600.0,41.824,-71.4128,2024,5,16,18
2024-05-16 19:00:00,174.0,103.0,71.0,398.2,15.2,79,16.7,37,1009.3,5,0,4,0,0.0,3600.0,41.824,-71.4128,2024,5,16,19
2024-05-16 20:00:00,39.0,18.0,21.0,178.7,13.5,83,15.2,31,1010.3,6,4,2,0,0.0,3342.8,41.824,-71.4128,2024,5,16,20
2024-05-16 21:00:00,0.0,0.0,0.0,0.0,13.0,89,14.9,32,1011.2,1,0,0,1,0.0,0.0,41.824,-71.4128,2024,5,16,21
2024-05-16 22:00:00,0.0,0.0,0.0,0.0,12.2,92,14.8,29,1011.4,0,0,0,0,0.0,0.0,41.824,-71.4128,2024,5,16,22
2024-05-16 23:00:00,0.0,0.0,0.0,0.0,11.7,93,12.9,30,1011.9,3,3,0,0,0.0,0.0,41.824,-71.4128,2024,5,16,23
2024-05-17 00:00:00,0.0,0.0,0.0,0.0,11.3,94,12.8,22,1011.9,5,5,1,0,0.0,0.0,41.824,-71.4128,2024,5,17,0
2024-05-17 01:00:00,0.0,0.0,0.0,0.0,10.9,95,13.4,6,1011.8,6,6,2,0,0.0,0.0,41.824,-71.4128,2024,5,17,1
2024-05-17 02:00:00,0.0,0.0,0.0,0.0,10.7,95,14.3,12,1011.4,5,4,4,0,0.0,0.0,41.824,-71.4128,2024,5,17,2
2024-05-17 03:00:00,0.0,0.0,0.0,0.0,10.6,95,14.1,15,1010.9,3,1,2,0,0.0,0.0,41.824,-71.4128,2024,5,17,3
2024-05-17 04:00:00,0.0,0.0,0.0,0.0,10.4,95,14.8,6,1011.0,11,6,8,0,0.0,0.0,41.824,-71.4128,2024,5,17,4
2024-05-17 05:00:00,0.0,0.0,0.0,0.0,10.3,95,15.2,4,1011.6,17,9,13,0,0.0,0.0,41.824,-71.4128,2024,5,17,5
2024-05-17 06:00:00,10.0,3.0,7.0,46.6,10.6,94,15.2,4,1012.7,23,13,13,0,0.0,68.79,41.824,-71.4128,2024,5,17,6
2024-05-17 07:00:00,111.0,58.0,53.0,313.2,12.0,89,13.3,360,1013.8,19,3,17,0,0.0,3600.0,41.824,-71.4128,2024,5,17,7
2024-05-17 08:00:00,271.0,173.0,98.0,470.7,14.0,81,14.6,10,1014.2,33,3,23,10,0.0,3600.0,41.824,-71.4128,2024,5,17,8
2024-05-17 09:00:00,232.0,33.0,199.0,61.1,15.0,79,13.2,17,1014.3,39,0,28,15,0.0,33.6,41.824,-71.4128,2024,5,17,9
2024-05-17 10:00:00,566.0,394.0,172.0,570.4,17.8,68,16.1,29,1013.8,92,3,0,92,0.0,3600.0,41.824,-71.4128,2024,5,17,10
2024-05-17 11:00:00,776.0,643.0,133.0,794.2,19.6,62,18.5,37,1013.1,100,1,0,100,0.0,3600.0,41.824,-71.4128,2024,5,17,11
2024-05-17 12:00:00,868.0,724.0,144.0,814.9,20.6,59,19.9,41,1012.9,18,3,1,15,0.0,3600.0,41.824,-71.4128,2024,5,17,12
2024-05-17 13:00:00,918.0,782.0,136.0,848.1,21.3,57,21.4,46,1012.4,78,13,0,75,0.0,3600.0,41.824,-71.4128,2024,5,17,13
2024-05-17 14:00:00,898.0,774.0,124.0,852.5,21.6,57,20.0,51,1012.5,95,11,4,94,0.0,3600.0,41.824,-71.4128,2024,5,17,14
2024-05-17 15:00:00,811.0,652.0,159.0,769.6,21.4,59,16.6,56,1012.6,100,5,15,100,0.0,3600.0,41.824,-71.4128,2024,5,17,15
2024-05-17 16:00:00,670.0,502.0,168.0,674.7,20.1,59,16.4,61,1012.7,100,1,23,100,0.0,3600.0,41.824,-71.4128,2024,5,17,16
2024-05-17 17:00:00,496.0,301.0,195.0,497.3,19.1,62,14.3,56,1012.8,100,0,25,100,0.0,3600.0,41.824,-71.4128,2024,5,17,17
2024-05-17 18:00:00,312.0,154.0,158.0,349.5,17.6,68,13.7,55,1012.8,98,0,5,98,0.0,3600.0,41.824,-71.4128,2024,5,17,18
2024-05-17 19:00:00,174.0,95.0,79.0,363.7,16.0,72,11.2,50,1013.5,100,4,48,100,0.0,3600.0,41.824,-71.4128,2024,5,17,19
2024-05-17 20:00:00,33.0,10.0,23.0,98.1,14.1,79,9.4,32,1014.2,99,10,7,99,0.0,1669.8,41.824,-71.4128,2024,5,17,20
2024-05-17 21:00:00,0.0,0.0,0.0,0.0,12.6,81,11.0,19,1014.2,100,2,3,100,0.0,0.0,41.824,-71.4128,2024,5,17,21
2024-05-17 22:00:00,0.0,0.0,0.0,0.0,11.8,84,12.2,14,1014.6,100,11,38,100,0.0,0.0,41.824,-71.4128,2024,5,17,22
2024-05-17 23:00:00,0.0,0.0,0.0,0.0,11.7,84,13.0,24,1014.3,100,13,18,100,0.0,0.0,41.824,-71.4128,2024,5,17,23
2024-05-18 00:00:00,0.0,0.0,0.0,0.0,11.3,87,12.8,22,1014.1,100,8,5,100,0.0,0.0,41.824,-71.4128,2024,5,18,0
2024-05-18 01:00:00,0.0,0.0,0.0,0.0,10.9,88,13.0,14,1013.7,100,14,9,100,0.0,0.0,41.824,-71.4128,2024,5,18,1
2024-05-18 02:00:00,0.0,0.0,0.0,0.0,10.7,89,12.1,10,1013.6,99,49,6,99,0.0,0.0,41.824,-71.4128,2024,5,18,2
2024-05-18 03:00:00,0.0,0.0,0.0,0.0,10.9,87,12.9,13,1013.5,100,100,41,100,0.0,0.0,41.824,-71.4128,2024,5,18,3
2024-05-18 04:00:00,0.0,0.0,0.0,0.0,11.5,84,12.0,353,1013.7,100,100,52,100,0.0,0.0,41.824,-71.4128,2024,5,18,4
2024-05-18 05:00:00,0.0,0.0,0.0,0.0,11.8,82,12.3,15,1013.9,100,100,100,100,0.0,0.0,41.824,-71.4128,2024,5,18,5
2024-05-18 06:00:00,4.0,0.0,4.0,0.0,11.5,84,13.7,18,1014.4,100,100,64,100,1.3,0.0,41.824,-71.4128,2024,5,18,6
2024-05-18 07:00:00,44.0,2.0,42.0,10.7,11.6,88,15.2,22,1014.9,100,100,73,100,0.6,0.0,41.824,-71.4128,2024,5,18,7
2024-05-18 08:00:00,61.0,0.0,61.0,0.0,11.9,86,14.2,21,1015.4,100,100,59,98,0.1,0.0,41.824,-71.4128,2024,5,18,8
2024-05-18 09:00:00,144.0,0.0,144.0,0.0,13.8,77,14.1,15,1015.0,100,100,100,96,0.0,0.0,41.824,-71.4128,2024,5,18,9
2024-05-18 10:00:00,116.0,1.0,115.0,1.4,14.1,79,17.6,28,1015.0,100,100,100,98,0.0,0.0,41.824,-71.4128,2024,5,18,10
2024-05-18 11:00:00,125.0,1.0,124.0,1.2,13.6,84,16.5,32,1015.3,100,100,98,100,0.1,0.0,41.824,-71.4128,2024,5,18,11
2024-05-18 12:00:00,117.0,0.0,117.0,0.0,12.9,91,14.7,22,1015.7,100,100,100,10,1.1,0.0,41.824,-71.4128,2024,5,18,12
2024-05-18 13:00:00,119.0,0.0,119.0,0.0,12.8,95,16.7,25,1015.4,100,100,100,91,1.2,0.0,41.824,-71.4128,2024,5,18,13
2024-05-18 14:00:00,210.0,4.0,206.0,4.4,13.3,89,18.8,32,1014.9,100,100,98,100,0.2,0.0,41.824,-71.4128,2024,5,18,14
2024-05-18 15:00:00,211.0,7.0,204.0,8.2,13.3,89,15.9,28,1014.9,100,100,100,100,0.1,0.0,41.824,-71.4128,2024,5,18,15
2024-05-18 16:00:00,104.0,0.0,104.0,0.0,12.9,91,14.3,28,1014.5,100,100,100,100,0.0,0.0,41.824,-71.4128,2024,5,18,16
2024-05-18 17:00:00,98.0,0.0,98.0,0.0,12.9,90,14.5,27,1014.6,100,100,100,100,0.0,0.0,41.824,-71.4128,2024,5,18,17
2024-05-18 18:00:00,73.0,0.0,73.0,0.0,12.6,89,14.3,25,1014.4,100,100,88,100,0.0,0.0,41.824,-71.4128,2024,5,18,18
2024-05-18 19:00:00,52.0,0.0,52.0,0.0,12.2,89,15.0,30,1014.3,100,100,86,100,0.0,0.0,41.824,-71.4128,2024,5,18,19
2024-05-18 20:00:00,11.0,0.0,11.0,0.0,11.7,91,14.8,26,1014.8,100,100,62,100,0.0,0.0,41.824,-71.4128,2024,5,18,20
2024-05-18 21:00:00,0.0,0.0,0.0,0.0,11.4,97,14.8,26,1014.6,100,100,100,100,0.3,0.0,41.824,-71.4128,2024,5,18,21
2024-05-18 22:00:00,0.0,0.0,0.0,0.0,11.3,97,14.6,16,1014.9,100,100,100,100,0.2,0.0,41.824,-71.4128,2024,5,18,22
2024-05-18 23:00:00,0.0,0.0,0.0,0.0,11.2,97,15.3,15,1014.7,100,100,32,100,0.2,0.0,41.824,-71.4128,2024,5,18,23
2024-05-19 00:00:00,0.0,0.0,0.0,0.0,11.1,96,15.6,23,1014.2,100,100,7,100,0.1,0.0,41.824,-71.4128,2024,5,19,0
2024-05-19 01:00:00,0.0,0.0,0.0,0.0,11.0,96,16.1,24,1013.9,100,100,11,57,0.0,0.0,41.824,-71.4128,2024,5,19,1
2024-05-19 02:00:00,0.0,0.0,0.0,0.0,11.0,96,15.3,30,1014.0,100,100,94,84,0.0,0.0,41.824,-71.4128,2024,5,19,2
2024-05-19 03:00:00,0.0,0.0,0.0,0.0,10.9,96,14.7,25,1014.0,100,100,98,20,0.0,0.0,41.824,-71.4128,2024,5,19,3
2024-05-19 04:00:00,0.0,0.0,0.0,0.0,11.0,97,14.9,20,1013.9,100,100,26,0,0.0,0.0,41.824,-71.4128,2024,5,19,4
2024-05-19 05:00:00,0.0,0.0,0.0,0.0,11.1,97,13.9,17,1014.0,100,100,47,0,0.0,0.0,41.824,-71.4128,2024,5,19,5
2024-05-19 06:00:00,5.0,0.0,5.0,0.0,11.4,96,14.3,18,1014.4,100,100,100,0,0.0,0.0,41.824,-71.4128,2024,5,19,6
2024-05-19 07:00:00,34.0,0.0,34.0,0.0,11.7,94,15.0,21,1014.6,100,100,100,0,0.0,0.0,41.824,-71.4128,2024,5,19,7
2024-05-19 08:00:00,114.0,2.0,112.0,5.4,12.1,91,19.0,27,1015.0,100,100,99,0,0.0,0.0,41.824,-71.4128,2024,5,19,8
2024-05-19 09:00:00,132.0,3.0,129.0,5.5,12.6,90,16.5,23,1015.2,100,100,23,0,0.0,0.0,41.824,-71.4128,2024,5,19,9
2024-05-19 10:00:00,272.0,35.0,237.0,50.4,13.4,85,21.4,25,1015.3,100,100,3,0,0.0,0.0,41.824,-71.4128,2024,5,19,10
2024-05-19 11:00:00,271.0,50.0,221.0,61.5,13.8,84,19.2,28,1015.5,100,100,25,0,0.0,46.02,41.824,-71.4128,2024,5,19,11
2024-05-19 12:00:00,335.0,48.0,287.0,53.9,14.3,81,20.9,27,1015.6,100,100,51,0,0.0,0.0,41.824,-71.4128,2024,5,19,12
2024-05-19 13:00:00,390.0,49.0,341.0,53.0,14.8,78,18.4,35,1015.4,100,100,22,0,0.0,0.0,41.824,-71.4128,2024,5,19,13
2024-05-19 14:00:00,362.0,33.0,329.0,36.2,14.6,78,18.3,36,1015.3,100,100,32,0,0.0,0.0,41.824,-71.4128,2024,5,19,14
2024-05-19 15:00:00,336.0,16.0,320.0,18.8,14.7,77,20.6,29,1014.8,100,100,100,0,0.0,0.0,41.824,-71.4128,2024,5,19,15
2024-05-19 16:00:00,278.0,26.0,252.0,34.8,14.5,78,17.5,32,1014.7,100,100,100,0,0.0,0.0,41.824,-71.4128,2024,5,19,16
2024-05-19 17:00:00,205.0,7.0,198.0,11.5,13.7,79,16.6,34,1015.2,100,100,100,0,0.0,0.0,41.824,-71.4128,2024,5,19,17
2024-05-19 18:00:00,86.0,1.0,85.0,2.2,12.7,82,15.5,31,1015.4,100,100,99,0,0.0,0.0,41.824,-71.4128,2024,5,19,18
2024-05-19 19:00:00,44.0,1.0,43.0,3.8,11.9,85,14.2,27,1015.6,100,100,35,0,0.0,0.0,41.824,-71.4128,2024,5,19,19
2024-05-19 20:00:00,10.0,0.0,10.0,0.0,11.5,86,12.8,22,1016.3,100,100,4,0,0.0,0.0,41.824,-71.4128,2024,5,19,20
2024-05-19 21:00:00,0.0,0.0,0.0,0.0,11.9,88,11.8,20,1016.8,100,100,3,0,0.0,0.0,41.824,-71.4128,2024,5,19,21
2024-05-19 22:00:00,0.0,0.0,0.0,0.0,11.7,88,11.2,21,1016.9,100,100,0,0,0.0,0.0,41.824,-71.4128,2024,5,19,22
2024-05-19 23:00:00,0.0,0.0,0.0,0.0,11.3,89,9.8,24,1016.6,100,100,0,0,0.0,0.0,41.824,-71.4128,2024,5,19,23
2024-05-20 00:00:00,0.0,0.0,0.0,0.0,11.2,90,8.9,32,1016.2,70,70,0,0,0.0,0.0,41.824,-71.4128,2024,5,20,0
2024-05-20 01:00:00,0.0,0.0,0.0,0.0,10.1,95,7.6,19,1016.0,7,7,0,0,0.0,0.0,41.824,-71.4128,2024,5,20,1
2024-05-20 02:00:00,0.0,0.0,0.0,0.0,9.6,97,10.1,358,1016.1,74,74,0,0,0.0,0.0,41.824,-71.4128,2024,5,20,2
2024-05-20 03:00:00,0.0,0.0,0.0,0.0,9.7,97,9.4,2,1015.8,100,100,0,0,0.0,0.0,41.824,-71.4128,2024,5,20,3
2024-05-20 04:00:00,0.0,0.0,0.0,0.0,10.3,94,10.1,2,1015.8,100,100,0,0,0.0,0.0,41.824,-71.4128,2024,5,20,4
2024-05-20 05:00:00,0.0,0.0,0.0,0.0,10.6,93,10.5,4,1016.3,100,100,0,0,0.0,0.0,41.824,-71.4128,2024,5,20,5
2024-05-20 06:00:00,3.0,0.0,3.0,0.0,10.6,93,10.5,4,1016.6,100,100,0,0,0.0,0.0,41.824,-71.4128,2024,5,20,6
2024-05-20 07:00:00,30.0,0.0,30.0,0.0,11.0,91,9.9,19,1016.7,100,100,0,0,0.0,0.0,41.824,-71.4128,2024,5,20,7
2024-05-20 08:00:00,117.0,8.0,109.0,21.4,12.2,87,10.7,33,1017.2,100,100,0,0,0.0,0.0,41.824,-71.4128,2024,5,20,8
2024-05-20 09:00:00,221.0,22.0,199.0,40.4,13.6,84,10.9,17,1017.1,100,100,0,0,0.0,0.0,41.824,-71.4128,2024,5,20,9
2024-05-20 10:00:00,385.0,77.0,308.0,110.7,15.2,80,8.6,33,1016.7,100,100,0,0,0.0,1521.62,41.824,-71.4128,2024,5,20,10
2024-05-20 11:00:00,579.0,221.0,358.0,271.5,17.2,75,7.2,27,1016.5,100,100,0,0,0.0,3600.0,41.824,-71.4128,2024,5,20,11
2024-05-20 12:00:00,661.0,253.0,408.0,283.4,19.0,68,7.2,18,1016.5,91,69,0,70,0.0,3600.0,41.824,-71.4128,2024,5,20,12
2024-05-20 13:00:00,728.0,350.0,378.0,377.9,20.6,63,7.4,23,1016.1,100,100,0,99,0.0,3600.0,41.824,-71.4128,2024,5,20,13
2024-05-20 14:00:00,681.0,246.0,435.0,269.6,21.7,59,8.0,27,1015.5,100,100,0,100,0.0,3600.0,41.824,-71.4128,2024,5,20,14
2024-05-20 15:00:00,437.0,88.0,349.0,103.3,21.6,59,7.7,37,1015.3,100,100,0,78,0.0,1298.77,41.824,-71.4128,2024,5,20,15
2024-05-20 16:00:00,555.0,230.0,325.0,307.0,21.9,59,7.4,47,1014.6,99,99,0,1,0.0,3600.0,41.824,-71.4128,2024,5,20,16
2024-05-20 17:00:00,450.0,247.0,203.0,404.1,21.6,59,6.8,93,1014.4,100,66,0,100,0.0,3600.0,41.824,-71.4128,2024,5,20,17
2024-05-20 18:00:00,352.0,222.0,130.0,496.4,20.7,62,7.9,133,1014.1,100,3,0,100,0.0,3600.0,41.824,-71.4128,2024,5,20,18
2024-05-20 19:00:00,167.0,68.0,99.0,253.2,18.4,75,9.6,146,1014.1,99,0,0,99,0.0,3600.0,41.824,-71.4128,2024,5,20,19
2024-05-20 20:00:00,46.0,19.0,27.0,179.9,16.0,86,8.0,175,1014.6,17,0,0,17,0.0,3575.59,41.824,-71.4128,2024,5,20,20
2024-05-20 21:00:00,0.0,0.0,0.0,0.0,14.4,94,9.0,185,1014.8,86,0,0,86,0.0,0.0,41.824,-71.4128,2024,5,20,21
2024-05-20 22:00:00,0.0,0.0,0.0,0.0,13.2,96,9.8,216,1015.8,25,0,0,25,0.0,0.0,41.824,-71.4128,2024,5,20,22
2024-05-20 23:00:00,0.0,0.0,0.0,0.0,12.2,96,7.6,211,1015.7,4,0,0,4,0.0,0.0,41.824,-71.4128,2024,5,20,23
2024-05-21 00:00:00,0.0,0.0,0.0,0.0,11.6,97,7.1,225,1015.7,62,0,0,62,0.0,0.0,41.824,-71.4128,2024,5,21,0
2024-05-21 01:00:00,0.0,0.0,0.0,0.0,11.1,97,7.1,204,1015.3,92,0,0,92,0.0,0.0,41.824,-71.4128,2024,5,21,1
2024-05-21 02:00:00,0.0,0.0,0.0,0.0,10.7,98,7.4,203,1015.0,76,0,0,76,0.0,0.0,41.824,-71.4128,2024,5,21,2
2024-05-21 03:00:00,0.0,0.0,0.0,0.0,10.4,98,7.8,202,1014.7,80,1,0,80,0.0,0.0,41.824,-71.4128,2024,5,21,3
2024-05-21 04:00:00,0.0,0.0,0.0,0.0,10.2,98,8.2,203,1014.8,99,69,0,96,0.0,0.0,41.824,-71.4128,2024,5,21,4
2024-05-21 05:00:00,0.0,0.0,0.0,0.0,10.0,99,8.0,207,1014.9,100,100,0,47,0.0,0.0,41.824,-71.4128,2024,5,21,5
2024-05-21 06:00:00,10.0,1.0,9.0,14.5,10.5,97,9.7,211,1015.1,100,100,0,99,0.0,0.0,41.824,-71.4128,2024,5,21,6
2024-05-21 07:00:00,80.0,10.0,70.0,51.6,11.8,94,10.4,214,1015.2,100,100,0,100,0.0,0.0,41.824,-71.4128,2024,5,21,7
2024-05-21 08:00:00,225.0,77.0,148.0,205.2,14.4,85,10.2,222,1015.4,99,5,0,99,0.0,3600.0,41.824,-71.4128,2024,5,21,8
2024-05-21 09:00:00,477.0,364.0,113.0,665.7,17.9,81,6.3,204,1014.9,82,0,0,82,0.0,3600.0,41.824,-71.4128,2024,5,21,9
2024-05-21 10:00:00,653.0,543.0,110.0,779.2,20.6,75,6.1,208,1014.5,100,0,0,100,0.0,3600.0,41.824,-71.4128,2024,5,21,10
2024-05-21 11:00:00,789.0,671.0,118.0,823.0,23.1,70,6.6,202,1014.2,83,0,0,83,0.0,3600.0,41.824,-71.4128,2024,5,21,11
2024-05-21 12:00:00,879.0,757.0,122.0,846.8,24.8,67,8.3,180,1013.5,10,0,0,10,0.0,3600.0,41.824,-71.4128,2024,5,21,12
2024-05-21 13:00:00,917.0,798.0,119.0,860.4,25.5,67,10.5,164,1012.7,4,0,1,3,0.0,3600.0,41.824,-71.4128,2024,5,21,13
2024-05-21 14:00:00,887.0,768.0,119.0,840.6,25.6,68,11.0,148,1012.2,21,7,15,6,0.0,3600.0,41.824,-71.4128,2024,5,21,14
2024-05-21 15:00:00,781.0,647.0,134.0,758.1,25.2,70,12.2,146,1012.1,73,15,25,61,0.0,3600.0,41.824,-71.4128,2024,5,21,15
2024-05-21 16:00:00,646.0,523.0,123.0,696.5,24.4,72,12.8,158,1011.9,93,1,40,88,0.0,3600.0,41.824,-71.4128,2024,5,21,16
2024-05-21 17:00:00,456.0,313.0,143.0,510.5,23.5,73,11.8,157,1011.9,69,5,23,60,0.0,3600.0,41.824,-71.4128,2024,5,21,17
2024-05-21 18:00:00,357.0,261.0,96.0,580.8,21.7,78,11.1,155,1012.4,32,10,18,16,0.0,3600.0,41.824,-71.4128,2024,5,21,18
2024-05-21 19:00:00,172.0,108.0,64.0,398.7,19.8,84,9.2,154,1012.8,81,0,8,79,0.0,3600.0,41.824,-71.4128,2024,5,21,19
2024-05-21 20:00:00,43.0,17.0,26.0,159.2,17.8,90,9.1,173,1013.2,8,0,7,1,0.0,3600.0,41.824,-71.4128,2024,5,21,20
2024-05-21 21:00:00,0.0,0.0,0.0,0.0,17.4,93,5.5,113,1013.5,100,0,3,100,0.0,0.0,41.824,-71.4128,2024,5,21,21
2024-05-21 22:00:00,0.0,0.0,0.0,0.0,16.6,92,10.6,190,1013.5,98,1,2,98,0.0,0.0,41.824,-71.4128,2024,5,21,22
2024-05-21 23:00:00,0.0,0.0,0.0,0.0,15.8,91,10.2,203,1013.3,56,0,3,55,0.0,0.0,41.824,-71.4128,2024,5,21,23
2024-05-22 00:00:00,0.0,0.0,0.0,0.0,15.0,93,8.8,215,1013.3,3,0,3,0,0.0,0.0,41.824,-71.4128,2024,5,22,0
2024-05-22 01:00:00,0.0,0.0,0.0,0.0,14.5,95,7.6,205,1013.3,2,0,1,1,0.0,0.0,41.824,-71.4128,2024,5,22,1
2024-05-22 02:00:00,0.0,0.0,0.0,0.0,14.2,96,7.6,199,1013.3,1,0,1,0,0.0,0.0,41.824,-71.4128,2024,5,22,2
2024-05-22 03:00:00,0.0,0.0,0.0,0.0,13.9,96,8.7,204,1012.9,1,1,0,0,0.0,0.0,41.824,-71.4128,2024,5,22,3
2024-05-22 04:00:00,0.0,0.0,0.0,0.0,13.8,97,9.5,217,1012.9,18,18,0,0,0.0,0.0,41.824,-71.4128,2024,5,22,4
2024-05-22 05:00:00,0.0,0.0,0.0,0.0,13.6,97,9.2,228,1013.3,4,4,0,0,0.0,0.0,41.824,-71.4128,2024,5,22,5
2024-05-22 06:00:00,13.0,5.0,8.0,71.7,14.0,96,10.7,237,1014.0,13,13,0,0,0.0,641.13,41.824,-71.4128,2024,5,22,6
2024-05-22 07:00:00,118.0,61.0,57.0,311.4,15.6,90,8.8,235,1014.3,6,6,0,0,0.0,3600.0,41.824,-71.4128,2024,5,22,7
2024-05-22 08:00:00,312.0,238.0,74.0,631.3,18.3,83,6.5,214,1014.3,0,0,0,0,0.0,3600.0,41.824,-71.4128,2024,5,22,8
2024-05-22 09:00:00,505.0,421.0,84.0,767.8,22.9,73,7.5,215,1013.5,0,0,0,0,0.0,3600.0,41.824,-71.4128,2024,5,22,9
2024-05-22 10:00:00,673.0,579.0,94.0,829.2,25.5,63,9.7,219,1013.0,0,0,0,0,0.0,3600.0,41.824,-71.4128,2024,5,22,10
2024-05-22 11:00:00,809.0,708.0,101.0,867.1,27.2,49,14.1,230,1012.8,0,0,0,0,0.0,3600.0,41.824,-71.4128,2024,5,22,11
2024-05-22 12:00:00,899.0,793.0,106.0,885.9,28.3,47,12.8,232,1012.3,0,0,0,0,0.0,3600.0,41.824,-71.4128,2024,5,22,12
2024-05-22 13:00:00,934.0,826.0,108.0,889.4,28.9,47,11.2,220,1011.4,0,0,0,0,0.0,3600.0,41.824,-71.4128,2024,5,22,13
2024-05-22 14:00:00,920.0,816.0,104.0,891.8,29.0,48,13.1,201,1010.8,19,0,8,12,0.0,3600.0,41.824,-71.4128,2024,5,22,14
2024-05-22 15:00:00,780.0,661.0,119.0,773.2,28.3,50,15.0,204,1010.4,16,0,10,6,0.0,3600.0,41.824,-71.4128,2024,5,22,15
2024-05-22 16:00:00,664.0,525.0,139.0,697.6,27.1,55,17.0,201,1010.1,11,0,5,6,0.0,3600.0,41.824,-71.4128,2024,5,22,16
2024-05-22 17:00:00,543.0,436.0,107.0,709.0,25.5,58,17.6,203,1010.1,9,0,9,0,0.0,3600.0,41.824,-71.4128,2024,5,22,17
2024-05-22 18:00:00,378.0,294.0,84.0,651.2,23.4,62,15.8,201,1010.4,7,0,7,0,0.0,3600.0,41.824,-71.4128,2024,5,22,18
2024-05-22 19:00:00,198.0,138.0,60.0,505.1,21.1,69,15.1,205,1010.8,6,0,6,0,0.0,3600.0,41.824,-71.4128,2024,5,22,19
2024-05-22 20:00:00,50.0,28.0,22.0,259.3,19.0,70,14.1,212,1011.3,5,0,5,0,0.0,3600.0,41.824,-71.4128,2024,5,22,20
2024-05-22 21:00:00,0.0,0.0,0.0,0.0,18.5,71,12.1,210,1010.8,2,0,2,0,0.0,0.0,41.824,-71.4128,2024,5,22,21
2024-05-22 22:00:00,0.0,0.0,0.0,0.0,17.7,72,13.2,223,1011.2,2,2,0,0,0.0,0.0,41.824,-71.4128,2024,5,22,22
2024-05-22 23:00:00,0.0,0.0,0.0,0.0,17.2,77,11.8,220,1010.5,1,1,0,0,0.0,0.0,41.824,-71.4128,2024,5,22,23
2024-05-23 00:00:00,0.0,0.0,0.0,0.0,16.7,81,11.6,216,1010.5,9,1,0,8,0.0,0.0,41.824,-71.4128,2024,5,23,0
2024-05-23 01:00:00,0.0,0.0,0.0,0.0,16.3,84,12.2,223,1010.9,2,2,0,0,0.0,0.0,41.824,-71.4128,2024,5,23,1
2024-05-23 02:00:00,0.0,0.0,0.0,0.0,15.8,88,10.1,215,1010.5,85,0,0,85,0.0,0.0,41.824,-71.4128,2024,5,23,2
2024-05-23 03:00:00,0.0,0.0,0.0,0.0,15.7,91,10.2,219,1010.2,39,0,0,39,0.0,0.0,41.824,-71.4128,2024,5,23,3
2024-05-23 04:00:00,0.0,0.0,0.0,0.0,15.5,93,9.5,205,1009.9,81,0,0,81,0.0,0.0,41.824,-71.4128,2024,5,23,4
2024-05-23 05:00:00,0.0,0.0,0.0,0.0,15.3,94,9.6,200,1009.8,98,0,0,98,0.0,0.0,41.824,-71.4128,2024,5,23,5
2024-05-23 06:00:00,14.0,4.0,10.0,56.6,15.6,93,9.3,208,1010.3,25,0,0,25,0.0,278.43,41.824,-71.4128,2024,5,23,6
2024-05-23 07:00:00,125.0,73.0,52.0,369.1,17.4,88,8.4,187,1010.0,96,0,0,96,0.0,3600.0,41.824,-71.4128,2024,5,23,7
2024-05-23 08:00:00,274.0,162.0,112.0,427.9,19.3,82,8.8,199,1010.2,71,0,0,71,0.0,3600.0,41.824,-71.4128,2024,5,23,8
2024-05-23 09:00:00,411.0,224.0,187.0,407.4,21.3,77,5.4,188,1009.0,100,0,1,100,0.0,3600.0,41.824,-71.4128,2024,5,23,9
2024-05-23 10:00:00,501.0,224.0,277.0,320.2,22.6,77,11.3,171,1009.6,95,0,10,95,0.0,3600.0,41.824,-71.4128,2024,5,23,10
2024-05-23 11:00:00,704.0,475.0,229.0,580.9,24.5,74,7.7,191,1009.5,100,0,78,100,0.0,3600.0,41.824,-71.4128,2024,5,23,11
2024-05-23 12:00:00,377.0,69.0,308.0,77.0,23.3,77,15.6,199,1010.3,100,64,93,100,0.6,509.47,41.824,-71.4128,2024,5,23,12
2024-05-23 13:00:00,154.0,1.0,153.0,1.1,21.5,92,13.1,249,1009.8,100,0,100,100,2.1,0.0,41.824,-71.4128,2024,5,23,13
2024-05-23 14:00:00,97.0,0.0,97.0,0.0,21.2,94,9.1,261,1008.7,100,0,33,100,1.5,0.0,41.824,-71.4128,2024,5,23,14
2024-05-23 15:00:00,428.0,86.0,342.0,100.4,23.3,87,10.9,226,1007.9,100,7,25,100,0.0,1212.88,41.824,-71.4128,2024,5,23,15
2024-05-23 16:00:00,605.0,346.0,259.0,458.8,25.0,78,12.0,249,1007.7,100,18,1,100,0.0,3600.0,41.824,-71.4128,2024,5,23,16
2024-05-23 17:00:00,408.0,164.0,244.0,265.9,24.9,75,12.9,247,1007.2,100,6,8,100,0.1,3600.0,41.824,-71.4128,2024,5,23,17
2024-05-23 18:00:00,244.0,72.0,172.0,158.8,24.3,76,11.0,247,1006.9,99,6,3,99,0.0,2962.77,41.824,-71.4128,2024,5,23,18
2024-05-23 19:00:00,153.0,50.0,103.0,181.5,23.5,81,10.1,243,1007.2,99,1,3,99,0.0,3600.0,41.824,-71.4128,2024,5,23,19
2024-05-23 20:00:00,42.0,11.0,31.0,100.8,21.8,89,8.5,234,1007.6,92,0,4,92,0.0,1676.34,41.824,-71.4128,2024,5,23,20
2024-05-23 21:00:00,0.0,0.0,0.0,0.0,20.8,84,11.0,251,1008.2,100,0,0,100,0.0,0.0,41.824,-71.4128,2024,5,23,21
2024-05-23 22:00:00,0.0,0.0,0.0,0.0,20.0,84,11.6,254,1008.9,13,2,0,11,0.0,0.0,41.824,-71.4128,2024,5,23,22
2024-05-23 23:00:00,0.0,0.0,0.0,0.0,19.0,85,11.3,277,1008.9,17,1,0,17,0.0,0.0,41.824,-71.4128,2024,5,23,23
2024-05-24 00:00:00,0.0,0.0,0.0,0.0,18.3,86,11.6,275,1009.1,92,1,0,92,0.0,0.0,41.824,-71.4128,2024,5,24,0
2024-05-24 01:00:00,0.0,0.0,0.0,0.0,17.5,89,10.0,285,1009.2,6,0,0,6,0.0,0.0,41.824,-71.4128,2024,5,24,1
2024-05-24 02:00:00,0.0,0.0,0.0,0.0,16.4,91,8.9,291,1009.3,0,0,0,0,0.0,0.0,41.824,-71.4128,2024,5,24,2
2024-05-24 03:00:00,0.0,0.0,0.0,0.0,15.4,91,8.3,288,1009.1,0,0,0,0,0.0,0.0,41.824,-71.4128,2024,5,24,3
2024-05-24 04:00:00,0.0,0.0,0.0,0.0,14.6,91,8.6,285,1009.0,0,0,0,0,0.0,0.0,41.824,-71.4128,2024,5,24,4
2024-05-24 05:00:00,0.0,0.0,0.0,0.0,14.4,89,9.9,289,1008.9,0,0,0,0,0.0,0.0,41.824,-71.4128,2024,5,24,5
2024-05-24 06:00:00,17.0,8.0,9.0,111.7,14.9,84,10.1,287,1009.2,59,0,0,59,0.0,1637.76,41.824,-71.4128,2024,5,24,6
2024-05-24 07:00:00,142.0,94.0,48.0,471.1,17.2,77,10.0,285,1009.6,44,0,0,44,0.0,3600.0,41.824,-71.4128,2024,5,24,7
2024-05-24 08:00:00,322.0,249.0,73.0,654.9,20.4,71,6.9,276,1009.4,84,0,0,84,0.0,3600.0,41.824,-71.4128,2024,5,24,8
2024-05-24 09:00:00,497.0,389.0,108.0,705.8,23.0,54,6.7,286,1009.5,12,0,0,12,0.0,3600.0,41.824,-71.4128,2024,5,24,9
2024-05-24 10:00:00,673.0,562.0,111.0,802.0,24.9,40,8.6,272,1009.0,93,0,0,93,0.0,3600.0,41.824,-71.4128,2024,5,24,10
2024-05-24 11:00:00,799.0,658.0,141.0,803.5,26.0,36,12.3,263,1008.4,25,0,0,25,0.0,3600.0,41.824,-71.4128,2024,5,24,11
2024-05-24 12:00:00,911.0,801.0,110.0,892.6,26.9,34,15.8,253,1007.4,7,0,0,7,0.0,3600.0,41.824,-71.4128,2024,5,24,12
2024-05-24 13:00:00,954.0,850.0,104.0,912.9,27.6,34,16.8,255,1007.0,0,0,0,0,0.0,3600.0,41.824,-71.4128,2024,5,24,13
2024-05-24 14:00:00,926.0,819.0,107.0,892.6,28.1,33,15.8,249,1006.4,0,0,0,0,0.0,3600.0,41.824,-71.4128,2024,5,24,14
2024-05-24 15:00:00,862.0,760.0,102.0,886.1,28.5,30,14.8,256,1005.6,0,0,0,0,0.0,3600.0,41.824,-71.4128,2024,5,24,15
2024-05-24 16:00:00,749.0,657.0,92.0,869.4,28.2,27,14.7,295,1005.3,1,0,1,0,0.0,3600.0,41.824,-71.4128,2024,5,24,16
2024-05-24 17:00:00,586.0,500.0,86.0,808.3,28.3,29,12.0,263,1005.0,44,0,44,0,0.0,3600.0,41.824,-71.4128,2024,5,24,17
2024-05-24 18:00:00,371.0,284.0,87.0,623.5,26.8,36,9.1,261,1005.2,17,0,17,0,0.0,3600.0,41.824,-71.4128,2024,5,24,18
2024-05-24 19:00:00,196.0,128.0,68.0,460.8,24.1,49,9.2,228,1005.3,1,0,1,0,0.0,3600.0,41.824,-71.4128,2024,5,24,19
2024-05-24 20:00:00,56.0,33.0,23.0,299.4,21.1,62,9.0,254,1006.0,0,0,0,0,0.0,3600.0,41.824,-71.4128,2024,5,24,20
2024-05-24 21:00:00,0.0,0.0,0.0,0.0,19.5,62,8.9,291,1006.9,0,0,0,0,0.0,0.0,41.824,-71.4128,2024,5,24,21
2024-05-24 22:00:00,0.0,0.0,0.0,0.0,18.3,63,9.8,294,1007.7,0,0,0,0,0.0,0.0,41.824,-71.4128,2024,5,24,22
2024-05-24 23:00:00,0.0,0.0,0.0,0.0,18.2,56,13.2,305,1007.8,0,0,0,0,0.0,0.0,41.824,-71.4128,2024,5,24,23
2024-05-25 00:00:00,0.0,0.0,0.0,0.0,18.4,49,14.6,310,1008.2,0,0,0,0,0.0,0.0,41.824,-71.4128,2024,5,25,0
2024-05-25 01:00:00,0.0,0.0,0.0,0.0,16.9,52,12.3,320,1008.9,0,0,0,0,0.0,0.0,41.824,-71.4128,2024,5,25,1
2024-05-25 02:00:00,0.0,0.0,0.0,0.0,15.5,56,11.3,353,1009.8,0,0,0,0,0.0,0.0,41.824,-71.4128,2024,5,25,2
2024-05-25 03:00:00,0.0,0.0,0.0,0.0,14.5,65,10.8,2,1010.2,9,0,0,9,0.0,0.0,41.824,-71.4128,2024,5,25,3
2024-05-25 04:00:00,0.0,0.0,0.0,0.0,13.6,72,10.4,358,1010.3,0,0,0,0,0.0,0.0,41.824,-71.4128,2024,5,25,4
2024-05-25 05:00:00,0.0,0.0,0.0,0.0,12.7,76,8.7,355,1010.4,3,0,0,3,0.0,0.0,41.824,-71.4128,2024,5,25,5
2024-05-25 06:00:00,17.0,8.0,9.0,110.4,12.5,78,8.2,337,1011.2,38,0,0,38,0.0,1622.62,41.824,-71.4128,2024,5,25,6
2024-05-25 07:00:00,142.0,94.0,48.0,467.1,14.2,75,6.1,357,1011.3,44,0,0,44,0.0,3600.0,41.824,-71.4128,2024,5,25,7
2024-05-25 08:00:00,324.0,250.0,74.0,655.0,16.2,62,4.7,4,1011.8,15,0,0,15,0.0,3600.0,41.824,-71.4128,2024,5,25,8
2024-05-25 09:00:00,513.0,424.0,89.0,767.5,18.1,53,3.9,22,1011.8,4,0,0,4,0.0,3600.0,41.824,-71.4128,2024,5,25,9
2024-05-25 10:00:00,685.0,588.0,97.0,837.7,19.8,50,0.8,27,1011.5,2,0,0,2,0.0,3600.0,41.824,-71.4128,2024,5,25,10
2024-05-25 11:00:00,822.0,719.0,103.0,876.9,21.3,47,2.4,243,1011.6,19,0,0,19,0.0,3600.0,41.824,-71.4128,2024,5,25,11
2024-05-25 12:00:00,912.0,802.0,110.0,892.6,22.7,45,5.6,230,1011.3,21,0,0,21,0.0,3600.0,41.824,-71.4128,2024,5,25,12
2024-05-25 13:00:00,949.0,838.0,111.0,899.0,24.0,43,6.5,214,1010.3,22,0,0,22,0.0,3600.0,41.824,-71.4128,2024,5,25,13
2024-05-25 14:00:00,931.0,821.0,110.0,893.7,24.8,43,9.1,189,1009.7,21,0,0,21,0.0,3600.0,41.824,-71.4128,2024,5,25,14
2024-05-25 15:00:00,856.0,748.0,108.0,870.7,24.2,48,11.8,157,1009.8,96,0,0,96,0.0,3600.0,41.824,-71.4128,2024,5,25,15
2024-05-25 16:00:00,719.0,586.0,133.0,773.8,24.0,50,13.1,143,1009.3,94,3,1,94,0.0,3600.0,41.824,-71.4128,2024,5,25,16
2024-05-25 17:00:00,565.0,449.0,116.0,723.8,23.5,52,14.7,163,1009.1,86,0,8,84,0.0,3600.0,41.824,-71.4128,2024,5,25,17
2024-05-25 18:00:00,380.0,272.0,108.0,594.5,22.3,54,14.0,179,1009.2,100,0,0,100,0.0,3600.0,41.824,-71.4128,2024,5,25,18
2024-05-25 19:00:00,142.0,31.0,111.0,110.7,20.2,59,11.2,186,1009.5,100,0,0,100,0.0,1521.97,41.824,-71.4128,2024,5,25,19
2024-05-25 20:00:00,39.0,3.0,36.0,27.0,18.2,60,10.0,195,1009.8,79,0,0,79,0.0,0.0,41.824,-71.4128,2024,5,25,20
2024-05-25 21:00:00,0.0,0.0,0.0,0.0,16.4,66,7.6,199,1010.8,100,0,1,100,0.0,0.0,41.824,-71.4128,2024,5,25,21
2024-05-25 22:00:00,0.0,0.0,0.0,0.0,15.5,67,8.5,192,1011.1,89,0,0,89,0.0,0.0,41.824,-71.4128,2024,5,25,22
2024-05-25 23:00:00,0.0,0.0,0.0,0.0,14.7,71,9.2,191,1011.0,72,0,2,72,0.0,0.0,41.824,-71.4128,2024,5,25,23
2024-05-26 00:00:00,0.0,0.0,0.0,0.0,14.2,73,7.5,197,1011.2,86,0,41,79,0.0,0.0,41.824,-71.4128,2024,5,26,0
2024-05-26 01:00:00,0.0,0.0,0.0,0.0,13.8,75,7.2,207,1010.9,65,0,20,58,0.0,0.0,41.824,-71.4128,2024,5,26,1
2024-05-26 02:00:00,0.0,0.0,0.0,0.0,13.6,78,7.1,221,1010.7,100,0,0,100,0.0,0.0,41.824,-71.4128,2024,5,26,2
2024-05-26 03:00:00,0.0,0.0,0.0,0.0,13.9,80,5.0,270,1011.1,100,0,31,100,0.0,0.0,41.824,-71.4128,2024,5,26,3
2024-05-26 04:00:00,0.0,0.0,0.0,0.0,13.7,82,5.2,168,1010.5,100,0,100,100,0.2,0.0,41.824,-71.4128,2024,5,26,4
2024-05-26 05:00:00,0.0,0.0,0.0,0.0,14.1,84,5.8,176,1010.5,100,0,100,100,0.0,0.0,41.824,-71.4128,2024,5,26,5
2024-05-26 06:00:00,5.0,0.0,5.0,0.0,14.5,86,4.3,275,1011.3,71,7,47,45,0.0,0.0,41.824,-71.4128,2024,5,26,6
2024-05-26 07:00:00,85.0,33.0,52.0,162.7,15.5,82,5.0,240,1011.9,68,7,45,48,0.2,3080.69,41.824,-71.4128,2024,5,26,7
2024-05-26 08:00:00,199.0,89.0,110.0,232.3,17.6,78,9.4,180,1011.9,74,0,74,0,0.1,3600.0,41.824,-71.4128,2024,5,26,8
2024-05-26 09:00:00,470.0,361.0,109.0,652.0,19.5,74,6.1,93,1012.8,26,9,11,11,0.0,3600.0,41.824,-71.4128,2024,5,26,9
2024-05-26 10:00:00,578.0,441.0,137.0,627.3,20.6,72,5.8,97,1012.6,24,7,23,0,1.1,3600.0,41.824,-71.4128,2024,5,26,10
2024-05-26 11:00:00,724.0,560.0,164.0,682.1,22.2,71,6.4,164,1012.6,17,17,0,0,0.0,3600.0,41.824,-71.4128,2024,5,26,11
2024-05-26 12:00:00,844.0,692.0,152.0,769.3,24.9,64,6.3,193,1012.3,65,60,6,7,0.0,3600.0,41.824,-71.4128,2024,5,26,12
2024-05-26 13:00:00,790.0,527.0,263.0,564.7,25.6,63,9.1,162,1012.0,70,40,17,40,0.0,3600.0,41.824,-71.4128,2024,5,26,13
2024-05-26 14:00:00,774.0,609.0,165.0,662.1,22.5,78,12.7,135,1012.4,93,20,51,82,3.2,3600.0,41.824,-71.4128,2024,5,26,14
2024-05-26 15:00:00,511.0,315.0,196.0,366.1,22.8,80,10.6,125,1012.0,53,6,49,3,0.0,3600.0,41.824,-71.4128,2024,5,26,15
2024-05-26 16:00:00,466.0,293.0,173.0,386.2,22.2,80,13.2,137,1012.0,60,25,34,21,0.0,3600.0,41.824,-71.4128,2024,5,26,16
2024-05-26 17:00:00,432.0,281.0,151.0,451.8,21.7,83,14.0,145,1012.1,59,27,20,31,0.0,3600.0,41.824,-71.4128,2024,5,26,17
2024-05-26 18:00:00,294.0,153.0,141.0,333.0,20.8,86,12.8,148,1012.4,44,19,27,5,0.0,3600.0,41.824,-71.4128,2024,5,26,18
2024-05-26 19:00:00,169.0,88.0,81.0,312.0,19.8,90,11.8,142,1012.6,83,27,9,74,0.0,3600.0,41.824,-71.4128,2024,5,26,19
2024-05-26 20:00:00,47.0,17.0,30.0,151.3,18.3,96,10.8,150,1013.6,98,54,8,94,0.0,3194.57,41.824,-71.4128,2024,5,26,20
2024-05-26 21:00:00,0.0,0.0,0.0,0.0,18.7,99,11.8,153,1014.0,100,100,10,94,0.0,0.0,41.824,-71.4128,2024,5,26,21
2024-05-26 22:00:00,0.0,0.0,0.0,0.0,18.2,99,12.4,158,1014.4,100,100,1,89,0.0,0.0,41.824,-71.4128,2024,5,26,22
2024-05-26 23:00:00,0.0,0.0,0.0,0.0,17.9,99,10.0,150,1014.3,100,100,15,100,0.0,0.0,41.824,-71.4128,2024,5,26,23
2024-05-27 00:00:00,0.0,0.0,0.0,0.0,17.7,100,8.1,135,1014.0,100,100,5,100,0.0,0.0,41.824,-71.4128,2024,5,27,0
2024-05-27 01:00:00,0.0,0.0,0.0,0.0,17.3,100,8.6,147,1014.1,100,100,21,100,0.0,0.0,41.824,-71.4128,2024,5,27,1
2024-05-27 02:00:00,0.0,0.0,0.0,0.0,17.2,100,7.3,147,1014.5,100,100,45,100,0.0,0.0,41.824,-71.4128,2024,5,27,2
2024-05-27 03:00:00,0.0,0.0,0.0,0.0,17.2,99,8.2,139,1014.2,100,100,22,100,0.1,0.0,41.824,-71.4128,2024,5,27,3
2024-05-27 04:00:00,0.0,0.0,0.0,0.0,17.1,99,11.4,118,1013.5,100,100,0,92,0.0,0.0,41.824,-71.4128,2024,5,27,4
2024-05-27 05:00:00,0.0,0.0,0.0,0.0,16.5,99,11.9,125,1013.1,100,100,0,98,0.0,0.0,41.824,-71.4128,2024,5,27,5
2024-05-27 06:00:00,4.0,0.0,4.0,0.0,16.2,98,9.7,132,1014.1,100,100,0,100,0.0,0.0,41.824,-71.4128,2024,5,27,6
2024-05-27 07:00:00,29.0,0.0,29.0,0.0,16.3,97,8.2,128,1014.3,100,100,0,100,0.0,0.0,41.824,-71.4128,2024,5,27,7
2024-05-27 08:00:00,76.0,0.0,76.0,0.0,16.6,95,9.7,135,1014.0,100,100,0,100,0.0,0.0,41.824,-71.4128,2024,5,27,8
2024-05-27 09:00:00,116.0,1.0,115.0,1.8,18.4,93,10.8,111,1014.5,100,100,56,99,0.3,0.0,41.824,-71.4128,2024,5,27,9
2024-05-27 10:00:00,201.0,16.0,185.0,22.7,18.8,93,13.0,132,1014.0,100,100,26,97,0.9,0.0,41.824,-71.4128,2024,5,27,10
2024-05-27 11:00:00,475.0,100.0,375.0,121.7,19.8,88,16.8,133,1013.8,100,100,38,51,0.2,1849.97,41.824,-71.4128,2024,5,27,11
2024-05-27 12:00:00,459.0,83.0,376.0,92.2,20.8,85,17.6,136,1013.4,100,100,51,41,0.1,965.4,41.824,-71.4128,2024,5,27,12
2024-05-27 13:00:00,457.0,71.0,386.0,76.0,21.7,82,18.9,145,1012.9,100,100,98,74,0.1,480.08,41.824,-71.4128,2024,5,27,13
2024-05-27 14:00:00,275.0,9.0,266.0,9.8,20.4,91,18.4,149,1012.5,100,100,49,74,0.0,0.0,41.824,-71.4128,2024,5,27,14
2024-05-27 15:00:00,331.0,24.0,307.0,27.9,19.8,91,19.5,152,1011.8,100,100,13,99,0.1,0.0,41.824,-71.4128,2024,5,27,15
2024-05-27 16:00:00,241.0,8.0,233.0,10.5,19.4,91,17.9,152,1011.1,100,100,60,100,0.4,0.0,41.824,-71.4128,2024,5,27,16
2024-05-27 17:00:00,275.0,36.0,239.0,57.7,19.3,90,18.8,151,1010.2,100,100,99,100,0.6,0.0,41.824,-71.4128,2024,5,27,17
2024-05-27 18:00:00,109.0,1.0,108.0,2.2,18.5,93,17.6,152,1009.2,100,100,72,100,0.3,0.0,41.824,-71.4128,2024,5,27,18
2024-05-27 19:00:00,49.0,0.0,49.0,0.0,18.1,94,16.1,151,1008.6,100,100,100,100,0.0,0.0,41.824,-71.4128,2024,5,27,19
2024-05-27 20:00:00,12.0,0.0,12.0,0.0,17.8,95,17.9,158,1008.6,100,100,100,100,0.0,0.0,41.824,-71.4128,2024,5,27,20
2024-05-27 21:00:00,0.0,0.0,0.0,0.0,17.6,100,18.0,160,1007.4,100,100,65,64,0.0,0.0,41.824,-71.4128,2024,5,27,21
2024-05-27 22:00:00,0.0,0.0,0.0,0.0,17.3,100,14.7,155,1007.6,100,100,100,100,1.6,0.0,41.824,-71.4128,2024,5,27,22
2024-05-27 23:00:00,0.0,0.0,0.0,0.0,16.9,100,17.9,161,1007.1,100,100,100,99,3.4,0.0,41.824,-71.4128,2024,5,27,23
2024-05-28 00:00:00,0.0,0.0,0.0,0.0,17.2,99,17.5,171,1006.6,100,100,100,100,2.1,0.0,41.824,-71.4128,2024,5,28,0
2024-05-28 01:00:00,0.0,0.0,0.0,0.0,17.2,99,16.2,179,1006.1,100,97,100,100,2.0,0.0,41.824,-71.4128,2024,5,28,1
2024-05-28 02:00:00,0.0,0.0,0.0,0.0,17.1,98,15.3,171,1005.2,100,100,99,100,2.3,0.0,41.824,-71.4128,2024,5,28,2
2024-05-28 03:00:00,0.0,0.0,0.0,0.0,16.8,99,11.2,165,1004.3,100,100,59,100,1.1,0.0,41.824,-71.4128,2024,5,28,3
2024-05-28 04:00:00,0.0,0.0,0.0,0.0,16.8,98,8.3,180,1003.6,100,100,98,100,0.1,0.0,41.824,-71.4128,2024,5,28,4
2024-05-28 05:00:00,0.0,0.0,0.0,0.0,17.0,98,6.9,208,1003.3,100,100,14,52,0.0,0.0,41.824,-71.4128,2024,5,28,5
2024-05-28 06:00:00,10.0,0.0,10.0,0.0,17.3,98,10.0,218,1003.6,100,100,1,0,0.0,0.0,41.824,-71.4128,2024,5,28,6
2024-05-28 07:00:00,64.0,3.0,61.0,14.6,18.1,96,11.6,234,1004.0,100,100,0,0,0.0,0.0,41.824,-71.4128,2024,5,28,7
2024-05-28 08:00:00,118.0,15.0,103.0,38.9,19.0,93,14.9,255,1004.1,100,100,0,0,0.0,0.0,41.824,-71.4128,2024,5,28,8
2024-05-28 09:00:00,379.0,185.0,194.0,332.8,22.3,82,14.8,271,1003.8,51,51,0,0,0.0,3600.0,41.824,-71.4128,2024,5,28,9
2024-05-28 10:00:00,597.0,410.0,187.0,581.6,24.3,70,13.0,264,1003.5,34,34,0,0,0.0,3600.0,41.824,-71.4128,2024,5,28,10
2024-05-28 11:00:00,676.0,466.0,210.0,566.3,25.0,67,12.9,247,1003.5,22,13,11,0,0.3,3600.0,41.824,-71.4128,2024,5,28,11
2024-05-28 12:00:00,794.0,635.0,159.0,704.5,25.9,62,15.4,233,1003.4,18,9,13,0,0.1,3600.0,41.824,-71.4128,2024,5,28,12
2024-05-28 13:00:00,857.0,695.0,162.0,743.2,26.4,58,20.6,227,1003.4,31,12,26,0,0.1,3600.0,41.824,-71.4128,2024,5,28,13
2024-05-28 14:00:00,824.0,659.0,165.0,714.8,26.6,54,20.5,232,1003.0,13,4,10,0,0.0,3600.0,41.824,-71.4128,2024,5,28,14
2024-05-28 15:00:00,786.0,643.0,143.0,745.3,26.5,54,19.0,241,1002.7,19,8,12,0,0.0,3600.0,41.824,-71.4128,2024,5,28,15
2024-05-28 16:00:00,646.0,498.0,148.0,653.9,26.3,53,17.3,253,1002.3,17,7,13,0,0.0,3600.0,41.824,-71.4128,2024,5,28,16
2024-05-28 17:00:00,530.0,408.0,122.0,652.6,25.8,52,17.4,246,1002.1,54,8,6,48,0.0,3600.0,41.824,-71.4128,2024,5,28,17
2024-05-28 18:00:00,381.0,285.0,96.0,615.4,25.3,52,16.4,255,1002.6,7,2,3,2,0.0,3600.0,41.824,-71.4128,2024,5,28,18
2024-05-28 19:00:00,201.0,138.0,63.0,482.2,23.7,57,12.6,267,1003.5,22,5,21,0,0.0,3600.0,41.824,-71.4128,2024,5,28,19
2024-05-28 20:00:00,55.0,27.0,28.0,236.0,21.6,64,9.7,248,1004.3,14,3,12,0,0.0,3600.0,41.824,-71.4128,2024,5,28,20
2024-05-28 21:00:00,0.0,0.0,0.0,0.0,20.7,65,10.5,278,1005.6,6,0,6,0,0.0,0.0,41.824,-71.4128,2024,5,28,21
2024-05-28 22:00:00,0.0,0.0,0.0,0.0,19.1,71,10.1,268,1006.3,0,0,0,0,0.0,0.0,41.824,-71.4128,2024,5,28,22
2024-05-28 23:00:00,0.0,0.0,0.0,0.0,18.0,76,11.5,274,1006.8,0,0,0,0,0.0,0.0,41.824,-71.4128,2024,5,28,23
2024-05-29 00:00:00,0.0,0.0,0.0,0.0,17.1,82,11.2,266,1007.1,0,0,0,0,0.0,0.0,41.824,-71.4128,2024,5,29,0
2024-05-29 01:00:00,0.0,0.0,0.0,0.0,16.4,85,12.0,263,1007.6,0,0,0,0,0.0,0.0,41.824,-71.4128,2024,5,29,1
2024-05-29 02:00:00,0.0,0.0,0.0,0.0,15.9,87,12.2,272,1007.8,0,0,0,0,0.0,0.0,41.824,-71.4128,2024,5,29,2
2024-05-29 03:00:00,0.0,0.0,0.0,0.0,15.4,87,12.7,277,1008.0,0,0,0,0,0.0,0.0,41.824,-71.4128,2024,5,29,3
2024-05-29 04:00:00,0.0,0.0,0.0,0.0,14.9,88,12.0,279,1008.4,0,0,0,0,0.0,0.0,41.824,-71.4128,2024,5,29,4
2024-05-29 05:00:00,0.0,0.0,0.0,0.0,14.3,90,11.2,285,1008.7,0,0,0,0,0.0,0.0,41.824,-71.4128,2024,5,29,5
2024-05-29 06:00:00,19.0,8.0,11.0,106.1,14.3,89,10.6,288,1009.4,0,0,0,0,0.0,1570.38,41.824,-71.4128,2024,5,29,6
2024-05-29 07:00:00,140.0,89.0,51.0,429.8,15.6,84,8.7,294,1009.8,0,0,0,0,0.0,3600.0,41.824,-71.4128,2024,5,29,7
2024-05-29 08:00:00,317.0,240.0,77.0,620.6,17.4,77,9.7,315,1010.3,0,0,0,0,0.0,3600.0,41.824,-71.4128,2024,5,29,8
2024-05-29 09:00:00,498.0,403.0,95.0,723.7,19.8,66,7.1,336,1010.5,0,0,0,0,0.0,3600.0,41.824,-71.4128,2024,5,29,9
2024-05-29 10:00:00,665.0,559.0,106.0,791.9,21.2,57,6.4,317,1010.6,26,24,8,0,0.0,3600.0,41.824,-71.4128,2024,5,29,10
2024-05-29 11:00:00,738.0,600.0,138.0,728.5,22.1,53,7.4,309,1011.0,28,20,21,0,0.0,3600.0,41.824,-71.4128,2024,5,29,11
2024-05-29 12:00:00,802.0,621.0,181.0,688.4,22.8,50,5.1,278,1011.2,48,11,46,0,0.1,3600.0,41.824,-71.4128,2024,5,29,12
2024-05-29 13:00:00,761.0,555.0,206.0,592.9,23.1,49,4.7,279,1011.0,62,13,57,0,0.2,3600.0,41.824,-71.4128,2024,5,29,13
2024-05-29 14:00:00,743.0,527.0,216.0,571.0,23.4,48,6.6,283,1010.5,42,2,40,3,0.2,3600.0,41.824,-71.4128,2024,5,29,14
2024-05-29 15:00:00,665.0,429.0,236.0,496.6,23.6,47,7.3,279,1010.0,36,1,34,2,0.2,3600.0,41.824,-71.4128,2024,5,29,15
2024-05-29 16:00:00,545.0,346.0,199.0,453.5,23.1,47,4.6,231,1009.7,35,7,31,5,0.2,3600.0,41.824,-71.4128,2024,5,29,16
2024-05-29 17:00:00,526.0,407.0,119.0,649.4,22.9,51,6.6,167,1009.2,24,12,18,4,0.1,3600.0,41.824,-71.4128,2024,5,29,17
2024-05-29 18:00:00,345.0,252.0,93.0,542.1,22.4,57,7.1,165,1009.4,27,1,19,15,0.0,3600.0,41.824,-71.4128,2024,5,29,18
2024-05-29 19:00:00,196.0,126.0,70.0,437.3,21.5,66,6.6,139,1009.8,19,1,10,10,0.0,3600.0,41.824,-71.4128,2024,5,29,19
2024-05-29 20:00:00,57.0,29.0,28.0,251.4,19.6,76,6.5,174,1010.0,28,5,22,7,0.0,3600.0,41.824,-71.4128,2024,5,29,20
2024-05-29 21:00:00,0.0,0.0,0.0,0.0,18.0,83,7.8,214,1010.5,20,0,4,16,0.0,0.0,41.824,-71.4128,2024,5,29,21
2024-05-29 22:00:00,0.0,0.0,0.0,0.0,16.9,88,8.0,288,1011.0,57,3,27,41,0.0,0.0,41.824,-71.4128,2024,5,29,22
2024-05-29 23:00:00,0.0,0.0,0.0,0.0,16.1,87,8.7,343,1010.9,76,5,19,70,0.0,0.0,41.824,-71.4128,2024,5,29,23
2024-05-30 00:00:00,0.0,0.0,0.0,0.0,15.5,87,3.0,284,1011.0,100,9,47,100,0.0,0.0,41.824,-71.4128,2024,5,30,0
2024-05-30 01:00:00,0.0,0.0,0.0,0.0,15.0,88,6.0,327,1011.1,99,3,62,98,0.2,0.0,41.824,-71.4128,2024,5,30,1
2024-05-30 02:00:00,0.0,0.0,0.0,0.0,14.8,88,4.6,321,1010.9,100,0,100,97,0.3,0.0,41.824,-71.4128,2024,5,30,2
2024-05-30 03:00:00,0.0,0.0,0.0,0.0,14.7,90,2.7,23,1010.9,100,9,98,100,0.2,0.0,41.824,-71.4128,2024,5,30,3
2024-05-30 04:00:00,0.0,0.0,0.0,0.0,14.3,94,9.3,347,1010.1,100,10,99,99,0.7,0.0,41.824,-71.4128,2024,5,30,4
2024-05-30 05:00:00,0.0,0.0,0.0,0.0,14.0,98,6.7,36,1010.3,100,100,100,59,1.8,0.0,41.824,-71.4128,2024,5,30,5
2024-05-30 06:00:00,2.0,0.0,2.0,0.0,13.9,98,9.7,358,1010.4,100,100,98,83,4.3,0.0,41.824,-71.4128,2024,5,30,6
2024-05-30 07:00:00,14.0,0.0,14.0,0.0,13.5,96,11.6,355,1011.2,100,100,100,100,4.2,0.0,41.824,-71.4128,2024,5,30,7
2024-05-30 08:00:00,33.0,0.0,33.0,0.0,12.6,95,15.4,349,1011.7,100,100,100,94,2.6,0.0,41.824,-71.4128,2024,5,30,8
2024-05-30 09:00:00,72.0,0.0,72.0,0.0,13.3,96,16.5,349,1011.4,100,100,100,59,1.4,0.0,41.824,-71.4128,2024,5,30,9
2024-05-30 10:00:00,180.0,14.0,166.0,19.8,13.2,92,16.5,349,1011.8,100,100,95,42,1.1,0.0,41.824,-71.4128,2024,5,30,10
2024-05-30 11:00:00,340.0,55.0,285.0,66.7,13.8,87,17.3,4,1011.9,100,92,100,7,0.4,201.42,41.824,-71.4128,2024,5,30,11
2024-05-30 12:00:00,298.0,65.0,233.0,72.0,13.4,88,21.3,3,1012.0,100,100,100,0,1.2,359.68,41.824,-71.4128,2024,5,30,12
2024-05-30 13:00:00,215.0,1.0,214.0,1.1,13.7,86,19.8,3,1012.2,100,66,100,0,0.2,0.0,41.824,-71.4128,2024,5,30,13
2024-05-30 14:00:00,243.0,19.0,224.0,20.6,14.2,80,20.6,6,1012.3,100,42,100,0,0.1,0.0,41.824,-71.4128,2024,5,30,14
2024-05-30 15:00:00,175.0,0.0,175.0,0.0,14.3,79,19.5,3,1012.1,99,7,99,0,0.2,0.0,41.824,-71.4128,2024,5,30,15
2024-05-30 16:00:00,527.0,229.0,298.0,299.7,15.8,71,20.2,4,1012.3,100,15,100,0,0.0,3600.0,41.824,-71.4128,2024,5,30,16
2024-05-30 17:00:00,162.0,13.0,149.0,20.7,14.7,76,13.9,10,1012.4,100,4,100,0,0.0,0.0,41.824,-71.4128,2024,5,30,17
2024-05-30 18:00:00,133.0,9.0,124.0,19.3,14.7,77,8.9,14,1012.5,96,5,96,0,0.0,0.0,41.824,-71.4128,2024,5,30,18
2024-05-30 19:00:00,113.0,25.0,88.0,86.2,14.8,78,7.0,348,1013.1,100,0,100,0,0.0,785.91,41.824,-71.4128,2024,5,30,19
2024-05-30 20:00:00,19.0,0.0,19.0,0.0,14.2,82,7.7,349,1013.9,83,1,83,0,0.0,0.0,41.824,-71.4128,2024,5,30,20
2024-05-30 21:00:00,0.0,0.0,0.0,0.0,14.1,81,6.7,324,1014.3,83,0,83,0,0.0,0.0,41.824,-71.4128,2024,5,30,21
2024-05-30 22:00:00,0.0,0.0,0.0,0.0,13.3,83,8.4,310,1014.8,59,0,59,0,0.0,0.0,41.824,-71.4128,2024,5,30,22
2024-05-30 23:00:00,0.0,0.0,0.0,0.0,12.9,83,7.8,304,1014.7,45,0,45,0,0.0,0.0,41.824,-71.4128,2024,5,30,23
2024-05-31 00:00:00,0.0,0.0,0.0,0.0,12.4,84,7.9,294,1015.0,26,0,26,0,0.0,0.0,41.824,-71.4128,2024,5,31,0
2024-05-31 01:00:00,0.0,0.0,0.0,0.0,11.9,84,9.8,294,1015.1,16,0,16,0,0.0,0.0,41.824,-71.4128,2024,5,31,1
2024-05-31 02:00:00,0.0,0.0,0.0,0.0,11.5,72,10.8,334,1015.2,1,0,1,0,0.0,0.0,41.824,-71.4128,2024,5,31,2
2024-05-31 03:00:00,0.0,0.0,0.0,0.0,10.7,65,10.8,330,1015.3,0,0,0,0,0.0,0.0,41.824,-71.4128,2024,5,31,3
2024-05-31 04:00:00,0.0,0.0,0.0,0.0,10.4,61,11.4,332,1015.5,0,0,0,0,0.0,0.0,41.824,-71.4128,2024,5,31,4
2024-05-31 05:00:00,0.0,0.0,0.0,0.0,10.1,61,11.6,334,1015.9,0,0,0,0,0.0,0.0,41.824,-71.4128,2024,5,31,5
2024-05-31 06:00:00,21.0,10.0,11.0,130.5,10.3,62,12.3,328,1016.7,0,0,0,0,0.0,2247.21,41.824,-71.4128,2024,5,31,6
2024-05-31 07:00:00,149.0,99.0,50.0,472.6,12.1,65,13.3,327,1017.5,2,0,2,0,0.0,3600.0,41.824,-71.4128,2024,5,31,7
2024-05-31 08:00:00,329.0,254.0,75.0,653.3,14.7,61,10.9,326,1017.9,0,0,0,0,0.0,3600.0,41.824,-71.4128,2024,5,31,8
2024-05-31 09:00:00,516.0,426.0,90.0,762.6,17.3,55,10.5,338,1018.1,0,0,0,0,0.0,3600.0,41.824,-71.4128,2024,5,31,9
2024-05-31 10:00:00,686.0,586.0,100.0,828.3,19.5,42,11.4,349,1018.0,6,0,6,0,0.0,3600.0,41.824,-71.4128,2024,5,31,10
2024-05-31 11:00:00,800.0,689.0,111.0,835.0,20.6,35,11.4,342,1018.0,25,0,25,0,0.0,3600.0,41.824,-71.4128,2024,5,31,11
2024-05-31 12:00:00,835.0,657.0,178.0,727.1,21.4,33,12.8,338,1017.5,23,0,23,0,0.0,3600.0,41.824,-71.4128,2024,5,31,12
2024-05-31 13:00:00,837.0,652.0,185.0,695.4,21.9,31,15.3,333,1017.2,83,0,83,0,0.0,3600.0,41.824,-71.4128,2024,5,31,13
2024-05-31 14:00:00,707.0,429.0,278.0,463.9,22.4,30,14.8,321,1016.5,96,0,96,0,0.0,3600.0,41.824,-71.4128,2024,5,31,14
2024-05-31 15:00:00,512.0,241.0,271.0,278.3,21.9,31,15.3,319,1016.0,81,0,81,0,0.0,3600.0,41.824,-71.4128,2024,5,31,15
2024-05-31 16:00:00,391.0,93.0,298.0,121.5,22.1,32,11.2,320,1015.2,92,0,92,0,0.0,1845.01,41.824,-71.4128,2024,5,31,16
2024-05-31 17:00:00,313.0,126.0,187.0,200.1,21.8,38,8.1,315,1015.0,54,0,52,4,0.0,3600.0,41.824,-71.4128,2024,5,31,17
2024-05-31 18:00:00,297.0,164.0,133.0,350.3,21.4,46,8.1,291,1015.2,17,0,17,0,0.0,3600.0,41.824,-71.4128,2024,5,31,18
2024-05-31 19:00:00,204.0,131.0,73.0,448.9,19.8,54,8.7,287,1015.6,18,0,18,0,0.0,3600.0,41.824,-71.4128,2024,5,31,19
2024-05-31 20:00:00,64.0,36.0,28.0,307.2,17.1,60,10.7,284,1015.8,33,0,33,0,0.0,3600.0,41.824,-71.4128,2024,5,31,20
2024-05-31 21:00:00,1.0,0.0,1.0,0.0,16.1,57,10.4,290,1016.7,5,0,5,0,0.0,0.0,41.824,-71.4128,2024,5,31,21
2024-05-31 22:00:00,0.0,0.0,0.0,0.0,15.0,62,10.5,286,1017.3,2,0,2,0,0.0,0.0,41.824,-71.4128,2024,5,31,22
2024-05-31 23:00:00,0.0,0.0,0.0,0.0,14.4,64,12.2,298,1017.5,30,0,30,0,0.0,0.0,41.824,-71.4128,2024,5,31,23
2024-06-01 00:00:00,0.0,0.0,0.0,0.0,14.7,59,13.8,313,1017.5,0,0,0,0,0.0,0.0,41.824,-71.4128,2024,6,1,0
2024-06-01 01:00:00,0.0,0.0,0.0,0.0,13.8,61,11.0,311,1017.1,0,0,0,0,0.0,0.0,41.824,-71.4128,2024,6,1,1
2024-06-01 02:00:00,0.0,0.0,0.0,0.0,12.8,64,11.3,307,1017.2,0,0,0,0,0.0,0.0,41.824,-71.4128,2024,6,1,2
2024-06-01 03:00:00,0.0,0.0,0.0,0.0,12.2,66,11.5,302,1017.2,0,0,0,0,0.0,0.0,41.824,-71.4128,2024,6,1,3
2024-06-01 04:00:00,0.0,0.0,0.0,0.0,12.0,66,11.8,301,1017.1,0,0,0,0,0.0,0.0,41.824,-71.4128,2024,6,1,4
2024-06-01 05:00:00,0.0,0.0,0.0,0.0,11.8,68,12.8,302,1017.6,0,0,0,0,0.0,0.0,41.824,-71.4128,2024,6,1,5
2024-06-01 06:00:00,21.0,10.0,11.0,129.6,12.3,69,13.2,305,1018.3,0,0,0,0,0.0,2239.11,41.824,-71.4128,2024,6,1,6
2024-06-01 07:00:00,150.0,101.0,49.0,479.8,13.9,71,10.0,330,1019.0,0,0,0,0,0.0,3600.0,41.824,-71.4128,2024,6,1,7
2024-06-01 08:00:00,331.0,258.0,73.0,662.1,16.5,66,7.7,323,1019.0,0,0,0,0,0.0,3600.0,41.824,-71.4128,2024,6,1,8
2024-06-01 09:00:00,518.0,430.0,88.0,768.7,19.0,54,9.4,342,1019.5,0,0,0,0,0.0,3600.0,41.824,-71.4128,2024,6,1,9
2024-06-01 10:00:00,689.0,591.0,98.0,834.6,21.0,45,7.6,360,1019.1,0,0,0,0,0.0,3600.0,41.824,-71.4128,2024,6,1,10
2024-06-01 11:00:00,828.0,724.0,104.0,876.8,22.6,39,6.2,7,1018.8,0,0,0,0,0.0,3600.0,41.824,-71.4128,2024,6,1,11
2024-06-01 12:00:00,922.0,815.0,107.0,901.2,23.8,32,8.4,350,1018.5,0,0,0,0,0.0,3600.0,41.824,-71.4128,2024,6,1,12
2024-06-01 13:00:00,962.0,853.0,109.0,909.0,24.4,30,9.9,350,1018.2,0,0,0,0,0.0,3600.0,41.824,-71.4128,2024,6,1,13
2024-06-01 14:00:00,945.0,836.0,109.0,903.1,24.8,30,8.7,355,1017.7,0,0,0,0,0.0,3600.0,41.824,-71.4128,2024,6,1,14
2024-06-01 15:00:00,874.0,768.0,106.0,885.7,25.1,30,7.3,340,1017.0,3,0,3,1,0.0,3600.0,41.824,-71.4128,2024,6,1,15
2024-06-01 16:00:00,755.0,655.0,100.0,854.4,25.3,31,2.9,270,1016.6,35,0,1,34,0.0,3600.0,41.824,-71.4128,2024,6,1,16
2024-06-01 17:00:00,569.0,458.0,111.0,725.7,25.8,30,4.6,321,1016.0,93,0,25,90,0.0,3600.0,41.824,-71.4128,2024,6,1,17
2024-06-01 18:00:00,327.0,184.0,143.0,391.7,25.0,38,6.4,243,1015.9,19,0,1,18,0.0,3600.0,41.824,-71.4128,2024,6,1,18
2024-06-01 19:00:00,222.0,157.0,65.0,534.7,21.9,55,10.5,174,1015.9,21,0,1,20,0.0,3600.0,41.824,-71.4128,2024,6,1,19
2024-06-01 20:00:00,66.0,37.0,29.0,313.4,18.4,62,11.6,202,1016.6,27,0,5,22,0.0,3600.0,41.824,-71.4128,2024,6,1,20
2024-06-01 21:00:00,1.0,0.0,1.0,0.0,17.2,63,11.0,232,1016.7,12,0,1,10,0.0,0.0,41.824,-71.4128,2024,6,1,21
2024-06-01 22:00:00,0.0,0.0,0.0,0.0,16.6,68,8.7,228,1017.2,14,0,3,11,0.0,0.0,41.824,-71.4128,2024,6,1,22
2024-06-01 23:00:00,0.0,0.0,0.0,0.0,16.3,70,10.6,242,1016.8,33,0,0,33,0.0,0.0,41.824,-71.4128,2024,6,1,23
2024-06-02 00:00:00,0.0,0.0,0.0,0.0,15.7,74,8.3,268,1016.5,83,0,0,83,0.0,0.0,41.824,-71.4128,2024,6,2,0
2024-06-02 01:00:00,0.0,0.0,0.0,0.0,15.1,78,7.1,311,1016.2,67,0,0,67,0.0,0.0,41.824,-71.4128,2024,6,2,1
2024-06-02 02:00:00,0.0,0.0,0.0,0.0,13.2,90,6.2,7,1016.4,86,0,0,86,0.0,0.0,41.824,-71.4128,2024,6,2,2
2024-06-02 03:00:00,0.0,0.0,0.0,0.0,12.9,90,6.2,324,1016.4,100,0,0,100,0.0,0.0,41.824,-71.4128,2024,6,2,3
2024-06-02 04:00:00,0.0,0.0,0.0,0.0,12.3,91,10.1,325,1016.4,100,0,0,100,0.0,0.0,41.824,-71.4128,2024,6,2,4
2024-06-02 05:00:00,0.0,0.0,0.0,0.0,11.5,97,10.2,337,1016.5,2,0,0,2,0.0,0.0,41.824,-71.4128,2024,6,2,5
2024-06-02 06:00:00,21.0,10.0,11.0,128.8,11.6,98,10.2,352,1016.6,7,0,0,7,0.0,2231.92,41.824,-71.4128,2024,6,2,6
2024-06-02 07:00:00,147.0,95.0,52.0,449.3,13.4,90,6.6,351,1017.0,0,0,0,0,0.0,3600.0,41.824,-71.4128,2024,6,2,7
2024-06-02 08:00:00,329.0,255.0,74.0,653.1,16.1,81,4.3,355,1017.0,1,0,0,1,0.0,3600.0,41.824,-71.4128,2024,6,2,8
2024-06-02 09:00:00,511.0,417.0,94.0,744.6,18.6,74,4.0,360,1017.4,81,0,0,81,0.0,3600.0,41.824,-71.4128,2024,6,2,9
2024-06-02 10:00:00,677.0,568.0,109.0,801.4,21.3,66,1.3,214,1017.1,76,0,0,76,0.0,3600.0,41.824,-71.4128,2024,6,2,10
2024-06-02 11:00:00,814.0,703.0,111.0,850.7,23.8,56,1.9,202,1016.8,88,0,0,88,0.0,3600.0,41.824,-71.4128,2024,6,2,11
2024-06-02 12:00:00,890.0,737.0,153.0,814.4,25.9,46,3.1,201,1016.0,42,0,0,42,0.0,3600.0,41.824,-71.4128,2024,6,2,12
2024-06-02 13:00:00,944.0,831.0,113.0,884.9,27.2,40,4.1,195,1015.0,100,0,0,100,0.0,3600.0,41.824,-71.4128,2024,6,2,13
2024-06-02 14:00:00,875.0,650.0,225.0,701.5,27.7,37,6.9,186,1014.1,100,0,0,100,0.0,3600.0,41.824,-71.4128,2024,6,2,14
2024-06-02 15:00:00,706.0,377.0,329.0,434.3,26.7,45,10.0,165,1013.5,100,0,1,100,0.0,3600.0,41.824,-71.4128,2024,6,2,15
2024-06-02 16:00:00,495.0,167.0,328.0,217.5,25.4,59,7.9,141,1012.9,58,0,0,58,0.0,3600.0,41.824,-71.4128,2024,6,2,16
2024-06-02 17:00:00,566.0,436.0,130.0,689.4,26.8,49,4.5,194,1012.3,97,0,0,97,0.0,3600.0,41.824,-71.4128,2024,6,2,17
2024-06-02 18:00:00,385.0,264.0,121.0,560.1,26.6,36,8.4,239,1011.8,100,0,26,100,0.0,3600.0,41.824,-71.4128,2024,6,2,18
2024-06-02 19:00:00,181.0,68.0,113.0,230.2,23.5,48,12.5,224,1012.1,48,0,43,20,0.0,3600.0,41.824,-71.4128,2024,6,2,19
2024-06-02 20:00:00,67.0,34.0,33.0,285.9,20.7,59,10.5,232,1012.4,88,0,52,87,0.0,3600.0,41.824,-71.4128,2024,6,2,20
2024-06-02 21:00:00,1.0,0.0,1.0,0.0,19.7,61,11.8,243,1012.7,85,0,59,67,0.0,0.0,41.824,-71.4128,2024,6,2,21
2024-06-02 22:00:00,0.0,0.0,0.0,0.0,19.2,63,12.8,248,1013.0,100,0,100,55,0.0,0.0,41.824,-71.4128,2024,6,2,22
2024-06-02 23:00:00,0.0,0.0,0.0,0.0,19.0,66,12.6,250,1012.6,100,0,95,100,0.0,0.0,41.824,-71.4128,2024,6,2,23
2024-06-03 00:00:00,0.0,0.0,0.0,0.0,18.7,68,13.1,254,1012.3,99,0,53,99,0.0,0.0,41.824,-71.4128,2024,6,3,0
2024-06-03 01:00:00,0.0,0.0,0.0,0.0,18.6,69,12.6,268,1012.1,100,0,91,100,0.0,0.0,41.824,-71.4128,2024,6,3,1
2024-06-03 02:00:00,0.0,0.0,0.0,0.0,18.3,71,11.5,270,1011.9,90,0,52,79,0.0,0.0,41.824,-71.4128,2024,6,3,2
2024-06-03 03:00:00,0.0,0.0,0.0,0.0,17.5,75,11.6,277,1011.6,100,0,65,99,0.0,0.0,41.824,-71.4128,2024,6,3,3
2024-06-03 04:00:00,0.0,0.0,0.0,0.0,16.8,79,11.3,287,1011.1,98,0,98,13,0.0,0.0,41.824,-71.4128,2024,6,3,4
2024-06-03 05:00:00,0.0,0.0,0.0,0.0,16.8,79,10.6,294,1010.9,100,0,100,83,0.0,0.0,41.824,-71.4128,2024,6,3,5
2024-06-03 06:00:00,6.0,0.0,6.0,0.0,17.5,77,10.3,299,1011.2,100,0,100,48,0.0,0.0,41.824,-71.4128,2024,6,3,6
2024-06-03 07:00:00,50.0,4.0,46.0,18.8,18.2,76,9.0,299,1011.7,94,0,93,5,0.0,0.0,41.824,-71.4128,2024,6,3,7
2024-06-03 08:00:00,108.0,19.0,89.0,48.6,19.0,76,6.9,298,1011.7,96,0,96,0,0.0,0.0,41.824,-71.4128,2024,6,3,8
2024-06-03 09:00:00,454.0,298.0,156.0,531.6,23.5,52,8.8,341,1011.6,30,0,30,0,0.0,3600.0,41.824,-71.4128,2024,6,3,9
2024-06-03 10:00:00,581.0,380.0,201.0,535.8,24.9,39,10.1,6,1011.6,21,0,21,0,0.0,3600.0,41.824,-71.4128,2024,6,3,10
2024-06-03 11:00:00,773.0,607.0,166.0,734.1,26.3,32,11.1,29,1011.6,0,0,0,0,0.0,3600.0,41.824,-71.4128,2024,6,3,11
2024-06-03 12:00:00,902.0,790.0,112.0,872.5,27.5,30,7.9,30,1011.6,21,0,21,0,0.0,3600.0,41.824,-71.4128,2024,6,3,12
2024-06-03 13:00:00,927.0,781.0,146.0,831.1,28.3,29,7.0,21,1011.4,18,0,18,0,0.0,3600.0,41.824,-71.4128,2024,6,3,13
2024-06-03 14:00:00,918.0,785.0,133.0,846.5,28.9,29,8.2,23,1010.7,0,0,0,0,0.0,3600.0,41.824,-71.4128,2024,6,3,14
2024-06-03 15:00:00,853.0,745.0,108.0,857.2,28.6,32,13.0,48,1010.5,0,0,0,0,0.0,3600.0,41.824,-71.4128,2024,6,3,15
2024-06-03 16:00:00,739.0,637.0,102.0,828.4,26.8,38,15.5,68,1010.7,0,0,0,0,0.0,3600.0,41.824,-71.4128,2024,6,3,16
2024-06-03 17:00:00,585.0,492.0,93.0,776.2,26.4,38,12.1,80,1010.5,0,0,0,0,0.0,3600.0,41.824,-71.4128,2024,6,3,17
2024-06-03 18:00:00,415.0,336.0,79.0,710.6,24.7,44,13.0,96,1010.9,0,0,0,0,0.0,3600.0,41.824,-71.4128,2024,6,3,18
2024-06-03 19:00:00,230.0,169.0,61.0,568.9,22.2,53,11.9,104,1011.6,0,0,0,0,0.0,3600.0,41.824,-71.4128,2024,6,3,19
2024-06-03 20:00:00,70.0,41.0,29.0,342.3,19.5,66,6.6,131,1012.3,1,0,1,0,0.0,3600.0,41.824,-71.4128,2024,6,3,20
2024-06-03 21:00:00,1.0,0.0,1.0,0.0,18.4,74,8.1,167,1012.4,1,0,1,0,0.0,0.0,41.824,-71.4128,2024,6,3,21
2024-06-03 22:00:00,0.0,0.0,0.0,0.0,17.0,87,6.9,189,1013.4,0,0,0,0,0.0,0.0,41.824,-71.4128,2024,6,3,22
2024-06-03 23:00:00,0.0,0.0,0.0,0.0,16.8,86,9.2,211,1013.3,0,0,0,0,0.0,0.0,41.824,-71.4128,2024,6,3,23
2024-06-04 00:00:00,0.0,0.0,0.0,0.0,15.9,86,7.6,183,1013.5,17,0,17,0,0.0,0.0,41.824,-71.4128,2024,6,4,0
2024-06-04 01:00:00,0.0,0.0,0.0,0.0,15.2,90,7.2,90,1014.1,4,0,4,0,0.0,0.0,41.824,-71.4128,2024,6,4,1
2024-06-04 02:00:00,0.0,0.0,0.0,0.0,14.3,95,8.4,80,1014.9,4,0,0,4,0.0,0.0,41.824,-71.4128,2024,6,4,2
2024-06-04 03:00:00,0.0,0.0,0.0,0.0,13.2,97,7.2,84,1015.1,0,0,0,0,0.0,0.0,41.824,-71.4128,2024,6,4,3
2024-06-04 04:00:00,0.0,0.0,0.0,0.0,12.5,97,4.5,76,1015.2,0,0,0,0,0.0,0.0,41.824,-71.4128,2024,6,4,4
2024-06-04 05:00:00,0.0,0.0,0.0,0.0,12.6,95,4.2,70,1015.4,0,0,0,0,0.0,0.0,41.824,-71.4128,2024,6,4,5
2024-06-04 06:00:00,21.0,9.0,12.0,114.8,12.8,94,4.8,48,1015.9,0,0,0,0,0.0,1869.35,41.824,-71.4128,2024,6,4,6
2024-06-04 07:00:00,144.0,92.0,52.0,431.9,14.7,87,1.9,22,1016.2,0,0,0,0,0.0,3600.0,41.824,-71.4128,2024,6,4,7
2024-06-04 08:00:00,318.0,241.0,77.0,615.2,16.9,78,2.1,59,1016.4,0,0,0,0,0.0,3600.0,41.824,-71.4128,2024,6,4,8
2024-06-04 09:00:00,498.0,403.0,95.0,718.2,18.8,71,3.8,107,1016.6,0,0,0,0,0.0,3600.0,41.824,-71.4128,2024,6,4,9
2024-06-04 10:00:00,663.0,558.0,105.0,786.2,20.8,62,4.8,138,1017.0,0,0,0,0,0.0,3600.0,41.824,-71.4128,2024,6,4,10
2024-06-04 11:00:00,797.0,682.0,115.0,824.3,22.3,56,6.2,144,1017.2,0,0,0,0,0.0,3600.0,41.824,-71.4128,2024,6,4,11
2024-06-04 12:00:00,886.0,766.0,120.0,845.5,23.4,52,7.6,155,1016.7,56,0,0,55,0.0,3600.0,41.824,-71.4128,2024,6,4,12
2024-06-04 13:00:00,917.0,783.0,134.0,832.7,24.1,51,9.6,160,1016.2,90,0,0,90,0.0,3600.0,41.824,-71.4128,2024,6,4,13
2024-06-04 14:00:00,900.0,752.0,148.0,810.3,24.2,50,10.5,149,1015.7,100,4,0,100,0.0,3600.0,41.824,-71.4128,2024,6,4,14
2024-06-04 15:00:00,798.0,612.0,186.0,703.4,24.2,50,10.2,157,1015.0,93,0,4,93,0.0,3600.0,41.824,-71.4128,2024,6,4,15
2024-06-04 16:00:00,680.0,525.0,155.0,681.7,24.0,51,11.9,166,1014.6,42,0,5,38,0.0,3600.0,41.824,-71.4128,2024,6,4,16
2024-06-04 17:00:00,548.0,432.0,116.0,680.2,23.0,54,14.2,164,1014.1,98,0,7,98,0.0,3600.0,41.824,-71.4128,2024,6,4,17
2024-06-04 18:00:00,382.0,275.0,107.0,579.7,21.6,61,14.3,162,1014.2,98,0,8,98,0.0,3600.0,41.824,-71.4128,2024,6,4,18
2024-06-04 19:00:00,197.0,116.0,81.0,388.3,19.6,70,13.9,155,1014.2,56,0,9,52,0.0,3600.0,41.824,-71.4128,2024,6,4,19
2024-06-04 20:00:00,67.0,37.0,30.0,306.8,17.8,77,12.1,163,1014.5,100,0,1,100,0.0,3600.0,41.824,-71.4128,2024,6,4,20
2024-06-04 21:00:00,1.0,0.0,1.0,0.0,17.1,80,10.1,182,1014.7,46,0,1,45,0.0,0.0,41.824,-71.4128,2024,6,4,21
2024-06-04 22:00:00,0.0,0.0,0.0,0.0,16.0,82,8.7,197,1015.1,17,0,2,15,0.0,0.0,41.824,-71.4128,2024,6,4,22
2024-06-04 23:00:00,0.0,0.0,0.0,0.0,15.0,85,8.7,204,1015.1,1,0,0,1,0.0,0.0,41.824,-71.4128,2024,6,4,23
2024-06-05 00:00:00,0.0,0.0,0.0,0.0,14.4,85,10.3,209,1015.1,2,0,2,0,0.0,0.0,41.824,-71.4128,2024,6,5,0
2024-06-05 01:00:00,0.0,0.0,0.0,0.0,14.1,85,10.0,221,1014.6,58,0,3,57,0.0,0.0,41.824,-71.4128,2024,6,5,1
2024-06-05 02:00:00,0.0,0.0,0.0,0.0,13.9,86,8.9,227,1014.4,61,0,0,61,0.0,0.0,41.824,-71.4128,2024,6,5,2
2024-06-05 03:00:00,0.0,0.0,0.0,0.0,13.7,87,8.8,215,1014.0,5,0,1,4,0.0,0.0,41.824,-71.4128,2024,6,5,3
2024-06-05 04:00:00,0.0,0.0,0.0,0.0,13.7,89,9.3,216,1013.9,0,0,0,0,0.0,0.0,41.824,-71.4128,2024,6,5,4
2024-06-05 05:00:00,0.0,0.0,0.0,0.0,13.6,91,8.8,215,1013.9,5,0,5,0,0.0,0.0,41.824,-71.4128,2024,6,5,5
2024-06-05 06:00:00,21.0,9.0,12.0,114.3,14.0,91,9.6,214,1013.9,4,0,4,0,0.0,1864.41,41.824,-71.4128,2024,6,5,6
2024-06-05 07:00:00,140.0,86.0,54.0,402.5,15.9,85,7.3,213,1014.0,30,0,15,17,0.0,3600.0,41.824,-71.4128,2024,6,5,7
2024-06-05 08:00:00,272.0,184.0,88.0,469.1,18.1,79,7.1,210,1014.0,53,0,52,2,0.0,3600.0,41.824,-71.4128,2024,6,5,8
2024-06-05 09:00:00,362.0,238.0,124.0,423.8,20.6,73,4.0,265,1013.2,63,0,63,1,0.0,3600.0,41.824,-71.4128,2024,6,5,9
2024-06-05 10:00:00,468.0,290.0,178.0,408.4,22.6,66,5.2,236,1012.8,45,0,31,20,0.0,3600.0,41.824,-71.4128,2024,6,5,10
2024-06-05 11:00:00,695.0,515.0,180.0,622.2,25.1,55,8.7,225,1012.3,39,0,37,3,0.0,3600.0,41.824,-71.4128,2024,6,5,11
2024-06-05 12:00:00,829.0,624.0,205.0,688.4,27.0,45,8.9,230,1011.7,38,0,37,2,0.0,3600.0,41.824,-71.4128,2024,6,5,12
2024-06-05 13:00:00,886.0,687.0,199.0,730.1,28.3,41,9.7,225,1010.7,3,0,0,3,0.0,3600.0,41.824,-71.4128,2024,6,5,13
2024-06-05 14:00:00,909.0,788.0,121.0,848.4,29.1,38,12.7,215,1009.7,43,0,42,2,0.0,3600.0,41.824,-71.4128,2024,6,5,14
2024-06-05 15:00:00,604.0,451.0,153.0,517.9,28.5,38,14.3,214,1009.1,47,0,26,29,0.0,3600.0,41.824,-71.4128,2024,6,5,15
2024-06-05 16:00:00,661.0,492.0,169.0,638.0,28.0,41,18.7,208,1008.5,20,0,8,13,0.0,3600.0,41.824,-71.4128,2024,6,5,16
2024-06-05 17:00:00,572.0,462.0,110.0,725.9,26.2,51,17.9,205,1008.2,20,2,3,17,0.0,3600.0,41.824,-71.4128,2024,6,5,17
2024-06-05 18:00:00,381.0,284.0,97.0,596.8,24.4,63,16.4,206,1008.1,63,2,9,59,0.0,3600.0,41.824,-71.4128,2024,6,5,18
2024-06-05 19:00:00,200.0,134.0,66.0,446.1,22.7,72,14.3,208,1008.2,100,2,6,100,0.0,3600.0,41.824,-71.4128,2024,6,5,19
2024-06-05 20:00:00,63.0,28.0,35.0,229.6,21.0,79,13.8,213,1008.4,87,1,5,86,0.0,3600.0,41.824,-71.4128,2024,6,5,20
2024-06-05 21:00:00,1.0,0.0,1.0,0.0,20.0,88,12.8,212,1008.5,52,1,2,51,0.0,0.0,41.824,-71.4128,2024,6,5,21
2024-06-05 22:00:00,0.0,0.0,0.0,0.0,19.0,92,10.5,211,1008.5,96,0,2,96,0.0,0.0,41.824,-71.4128,2024,6,5,22
2024-06-05 23:00:00,0.0,0.0,0.0,0.0,18.5,94,9.8,208,1008.0,100,1,1,100,0.0,0.0,41.824,-71.4128,2024,6,5,23
2024-06-06 00:00:00,0.0,0.0,0.0,0.0,18.2,97,8.9,194,1007.6,99,3,0,99,0.0,0.0,41.824,-71.4128,2024,6,6,0
2024-06-06 01:00:00,0.0,0.0,0.0,0.0,17.9,98,8.6,182,1006.9,100,85,0,100,0.0,0.0,41.824,-71.4128,2024,6,6,1
2024-06-06 02:00:00,0.0,0.0,0.0,0.0,18.3,98,8.3,175,1006.2,100,100,0,100,0.0,0.0,41.824,-71.4128,2024,6,6,2
2024-06-06 03:00:00,0.0,0.0,0.0,0.0,18.9,97,8.4,170,1005.5,100,100,0,100,0.0,0.0,41.824,-71.4128,2024,6,6,3
2024-06-06 04:00:00,0.0,0.0,0.0,0.0,18.8,98,8.7,175,1004.6,100,100,4,100,0.1,0.0,41.824,-71.4128,2024,6,6,4
2024-06-06 05:00:00,0.0,0.0,0.0,0.0,18.4,99,9.2,159,1003.7,100,100,2,100,0.0,0.0,41.824,-71.4128,2024,6,6,5
2024-06-06 06:00:00,10.0,0.0,10.0,0.0,18.4,97,10.6,156,1003.8,100,100,6,100,0.0,0.0,41.824,-71.4128,2024,6,6,6
2024-06-06 07:00:00,38.0,0.0,38.0,0.0,18.6,96,10.2,162,1003.6,100,100,36,100,0.0,0.0,41.824,-71.4128,2024,6,6,7
2024-06-06 08:00:00,80.0,1.0,79.0,2.5,18.6,99,7.5,125,1002.9,100,100,100,100,6.5,0.0,41.824,-71.4128,2024,6,6,8
2024-06-06 09:00:00,61.0,0.0,61.0,0.0,19.3,98,8.6,105,1002.8,100,100,100,100,3.5,0.0,41.824,-71.4128,2024,6,6,9
2024-06-06 10:00:00,102.0,0.0,102.0,0.0,19.4,98,10.7,138,1002.3,100,100,50,100,1.5,0.0,41.824,-71.4128,2024,6,6,10
2024-06-06 11:00:00,330.0,22.0,308.0,26.6,20.2,90,17.4,146,1002.0,100,100,77,100,0.8,0.0,41.824,-71.4128,2024,6,6,11
2024-06-06 12:00:00,377.0,47.0,330.0,51.8,20.1,94,14.9,127,1001.2,100,100,100,100,1.0,0.0,41.824,-71.4128,2024,6,6,12
2024-06-06 13:00:00,688.0,268.0,420.0,284.7,21.4,86,18.6,133,999.9,100,100,61,100,1.1,3600.0,41.824,-71.4128,2024,6,6,13
2024-06-06 14:00:00,431.0,186.0,245.0,200.1,21.1,86,13.8,141,999.0,100,100,74,98,0.1,3600.0,41.824,-71.4128,2024,6,6,14
2024-06-06 15:00:00,290.0,6.0,284.0,6.9,20.5,87,12.3,140,998.4,100,100,24,100,0.0,0.0,41.824,-71.4128,2024,6,6,15
2024-06-06 16:00:00,191.0,0.0,191.0,0.0,20.4,88,10.7,147,997.9,100,100,3,99,0.0,0.0,41.824,-71.4128,2024,6,6,16
2024-06-06 17:00:00,80.0,0.0,80.0,0.0,19.8,92,7.3,171,997.6,100,100,3,40,0.4,0.0,41.824,-71.4128,2024,6,6,17
2024-06-06 18:00:00,83.0,0.0,83.0,0.0,20.2,91,5.4,172,997.6,100,100,3,84,0.0,0.0,41.824,-71.4128,2024,6,6,18
2024-06-06 19:00:00,116.0,12.0,104.0,39.7,20.8,88,5.2,245,997.7,100,98,20,100,0.0,0.0,41.824,-71.4128,2024,6,6,19
2024-06-06 20:00:00,35.0,5.0,30.0,40.4,20.3,92,3.9,146,997.8,76,4,14,71,0.0,0.0,41.824,-71.4128,2024,6,6,20
2024-06-06 21:00:00,1.0,0.0,1.0,0.0,18.8,98,3.8,163,998.7,99,87,42,88,1.2,0.0,41.824,-71.4128,2024,6,6,21
2024-06-06 22:00:00,0.0,0.0,0.0,0.0,19.0,98,6.2,249,998.8,89,54,35,69,0.2,0.0,41.824,-71.4128,2024,6,6,22
2024-06-06 23:00:00,0.0,0.0,0.0,0.0,18.7,98,5.2,304,998.1,9,5,4,0,0.5,0.0,41.824,-71.4128,2024,6,6,23
2024-06-07 00:00:00,0.0,0.0,0.0,0.0,17.6,99,4.1,315,998.8,21,17,6,0,0.0,0.0,41.824,-71.4128,2024,6,7,0
2024-06-07 01:00:00,0.0,0.0,0.0,0.0,17.4,99,5.0,330,998.8,21,8,14,0,0.0,0.0,41.824,-71.4128,2024,6,7,1
2024-06-07 02:00:00,0.0,0.0,0.0,0.0,17.0,100,6.7,344,998.9,100,100,12,0,0.0,0.0,41.824,-71.4128,2024,6,7,2
2024-06-07 03:00:00,0.0,0.0,0.0,0.0,16.6,100,3.4,342,998.9,100,100,7,0,0.0,0.0,41.824,-71.4128,2024,6,7,3
2024-06-07 04:00:00,0.0,0.0,0.0,0.0,16.6,100,3.4,342,998.8,100,100,1,0,0.0,0.0,41.824,-71.4128,2024,6,7,4
2024-06-07 05:00:00,0.0,0.0,0.0,0.0,16.5,100,3.1,324,999.3,100,100,3,0,0.0,0.0,41.824,-71.4128,2024,6,7,5
2024-06-07 06:00:00,14.0,3.0,11.0,37.8,17.1,100,3.7,299,999.7,100,100,1,0,0.0,0.0,41.824,-71.4128,2024,6,7,6
2024-06-07 07:00:00,66.0,8.0,58.0,37.3,17.7,99,5.1,315,999.9,100,100,3,0,0.0,0.0,41.824,-71.4128,2024,6,7,7
2024-06-07 08:00:00,195.0,57.0,138.0,145.0,19.2,91,6.4,322,1000.2,100,100,40,0,0.0,2551.0,41.824,-71.4128,2024,6,7,8
2024-06-07 09:00:00,430.0,259.0,171.0,460.7,21.8,81,3.1,21,1000.8,24,4,21,0,0.0,3600.0,41.824,-71.4128,2024,6,7,9
2024-06-07 10:00:00,585.0,407.0,178.0,572.7,23.1,78,1.1,342,1000.7,28,8,21,0,0.0,3600.0,41.824,-71.4128,2024,6,7,10
2024-06-07 11:00:00,694.0,518.0,176.0,625.3,24.6,71,1.1,270,1000.4,26,7,20,0,0.0,3600.0,41.824,-71.4128,2024,6,7,11
2024-06-07 12:00:00,832.0,671.0,161.0,739.6,26.0,61,5.9,223,1000.0,44,1,43,0,0.0,3600.0,41.824,-71.4128,2024,6,7,12
2024-06-07 13:00:00,695.0,508.0,187.0,539.3,26.0,58,11.8,220,999.8,78,15,76,0,0.1,3600.0,41.824,-71.4128,2024,6,7,13
2024-06-07 14:00:00,561.0,258.0,303.0,277.4,24.7,62,12.6,211,1000.0,15,6,12,0,0.2,3600.0,41.824,-71.4128,2024,6,7,14
2024-06-07 15:00:00,799.0,637.0,162.0,730.0,25.9,60,11.5,194,999.5,21,6,16,0,0.0,3600.0,41.824,-71.4128,2024,6,7,15
2024-06-07 16:00:00,645.0,517.0,128.0,668.6,25.7,59,12.7,215,999.1,79,33,70,0,0.0,3600.0,41.824,-71.4128,2024,6,7,16
2024-06-07 17:00:00,361.0,204.0,157.0,319.3,24.8,57,10.7,228,998.7,11,1,10,0,0.0,3600.0,41.824,-71.4128,2024,6,7,17
2024-06-07 18:00:00,392.0,304.0,88.0,635.1,24.9,56,12.2,204,998.6,15,0,15,0,0.0,3600.0,41.824,-71.4128,2024,6,7,18
2024-06-07 19:00:00,211.0,143.0,68.0,471.1,23.3,68,11.0,199,999.0,21,0,21,0,0.0,3600.0,41.824,-71.4128,2024,6,7,19
2024-06-07 20:00:00,63.0,32.0,31.0,255.3,21.4,76,9.6,214,1000.0,38,2,38,0,0.0,3600.0,41.824,-71.4128,2024,6,7,20
2024-06-07 21:00:00,1.0,0.0,1.0,0.0,21.1,68,10.1,266,1001.3,100,0,100,0,0.0,0.0,41.824,-71.4128,2024,6,7,21
2024-06-07 22:00:00,0.0,0.0,0.0,0.0,19.7,74,9.7,248,1002.2,100,0,100,0,0.0,0.0,41.824,-71.4128,2024,6,7,22
2024-06-07 23:00:00,0.0,0.0,0.0,0.0,19.4,68,11.2,291,1002.3,100,0,100,0,0.0,0.0,41.824,-71.4128,2024,6,7,23
2024-06-08 00:00:00,0.0,0.0,0.0,0.0,18.3,71,10.9,287,1002.5,0,0,0,0,0.0,0.0,41.824,-71.4128,2024,6,8,0
2024-06-08 01:00:00,0.0,0.0,0.0,0.0,16.7,79,12.5,282,1002.5,0,0,0,0,0.0,0.0,41.824,-71.4128,2024,6,8,1
2024-06-08 02:00:00,0.0,0.0,0.0,0.0,16.1,80,13.8,277,1002.5,0,0,0,0,0.0,0.0,41.824,-71.4128,2024,6,8,2
2024-06-08 03:00:00,0.0,0.0,0.0,0.0,15.3,79,13.8,279,1002.2,0,0,0,0,0.0,0.0,41.824,-71.4128,2024,6,8,3
2024-06-08 04:00:00,0.0,0.0,0.0,0.0,14.6,78,13.8,277,1002.3,0,0,0,0,0.0,0.0,41.824,-71.4128,2024,6,8,4
2024-06-08 05:00:00,0.0,0.0,0.0,0.0,14.2,79,14.1,273,1002.8,0,0,0,0,0.0,0.0,41.824,-71.4128,2024,6,8,5
2024-06-08 06:00:00,22.0,10.0,12.0,125.8,14.3,79,14.8,271,1003.4,0,0,0,0,0.0,2207.56,41.824,-71.4128,2024,6,8,6
2024-06-08 07:00:00,147.0,94.0,53.0,437.1,15.6,77,12.2,268,1004.0,0,0,0,0,0.0,3600.0,41.824,-71.4128,2024,6,8,7
2024-06-08 08:00:00,320.0,241.0,79.0,612.8,17.1,72,12.2,270,1004.1,0,0,0,0,0.0,3600.0,41.824,-71.4128,2024,6,8,8
2024-06-08 09:00:00,505.0,409.0,96.0,727.3,19.1,64,13.7,275,1003.8,2,2,0,0,0.0,3600.0,41.824,-71.4128,2024,6,8,9
2024-06-08 10:00:00,658.0,541.0,117.0,761.1,20.6,55,17.5,278,1003.6,40,37,9,0,0.0,3600.0,41.824,-71.4128,2024,6,8,10
2024-06-08 11:00:00,692.0,490.0,202.0,591.4,21.4,50,19.5,275,1003.8,21,16,12,0,0.1,3600.0,41.824,-71.4128,2024,6,8,11
2024-06-08 12:00:00,813.0,655.0,158.0,721.7,22.3,48,21.6,272,1003.7,28,19,24,0,0.1,3600.0,41.824,-71.4128,2024,6,8,12
2024-06-08 13:00:00,770.0,572.0,198.0,606.9,22.8,47,22.0,272,1003.4,36,8,34,0,0.1,3600.0,41.824,-71.4128,2024,6,8,13
2024-06-08 14:00:00,788.0,631.0,157.0,677.9,23.4,47,19.5,273,1003.4,29,6,22,5,0.0,3600.0,41.824,-71.4128,2024,6,8,14
2024-06-08 15:00:00,718.0,564.0,154.0,645.7,23.8,46,16.9,272,1003.2,22,0,21,2,0.0,3600.0,41.824,-71.4128,2024,6,8,15
2024-06-08 16:00:00,651.0,517.0,134.0,667.7,23.8,46,20.0,278,1003.2,11,4,11,0,0.0,3600.0,41.824,-71.4128,2024,6,8,16
2024-06-08 17:00:00,554.0,443.0,111.0,692.1,23.7,43,19.6,276,1003.3,19,1,18,0,0.0,3600.0,41.824,-71.4128,2024,6,8,17
2024-06-08 18:00:00,359.0,275.0,84.0,572.9,23.0,48,16.7,277,1003.4,80,0,6,79,0.0,3600.0,41.824,-71.4128,2024,6,8,18
2024-06-08 19:00:00,210.0,123.0,87.0,403.3,21.8,53,13.3,270,1003.8,40,0,0,40,0.0,3600.0,41.824,-71.4128,2024,6,8,19
2024-06-08 20:00:00,71.0,34.0,37.0,267.9,20.1,59,12.2,270,1004.5,1,0,0,0,0.0,3600.0,41.824,-71.4128,2024,6,8,20
2024-06-08 21:00:00,2.0,0.0,2.0,0.0,17.7,68,8.7,300,1005.6,31,0,0,31,0.0,0.0,41.824,-71.4128,2024,6,8,21
2024-06-08 22:00:00,0.0,0.0,0.0,0.0,17.1,70,7.6,278,1006.1,22,0,17,13,0.0,0.0,41.824,-71.4128,2024,6,8,22
2024-06-08 23:00:00,0.0,0.0,0.0,0.0,16.1,76,8.7,253,1006.1,4,0,2,1,0.0,0.0,41.824,-71.4128,2024,6,8,23
2024-06-09 00:00:00,0.0,0.0,0.0,0.0,15.7,78,8.4,263,1006.0,7,0,7,0,0.0,0.0,41.824,-71.4128,2024,6,9,0
2024-06-09 01:00:00,0.0,0.0,0.0,0.0,15.4,80,9.0,270,1006.0,99,0,99,1,0.0,0.0,41.824,-71.4128,2024,6,9,1
2024-06-09 02:00:00,0.0,0.0,0.0,0.0,16.3,76,8.4,260,1005.3,26,0,26,0,0.0,0.0,41.824,-71.4128,2024,6,9,2
2024-06-09 03:00:00,0.0,0.0,0.0,0.0,15.2,81,7.9,273,1004.8,1,0,1,0,0.0,0.0,41.824,-71.4128,2024,6,9,3
2024-06-09 04:00:00,0.0,0.0,0.0,0.0,14.6,83,9.0,272,1004.3,12,0,12,0,0.0,0.0,41.824,-71.4128,2024,6,9,4
2024-06-09 05:00:00,0.0,0.0,0.0,0.0,14.9,80,6.8,273,1004.0,21,0,21,0,0.0,0.0,41.824,-71.4128,2024,6,9,5
2024-06-09 06:00:00,20.0,7.0,13.0,87.9,15.0,82,4.3,228,1003.8,100,0,86,99,0.0,1146.93,41.824,-71.4128,2024,6,9,6
2024-06-09 07:00:00,76.0,12.0,64.0,55.7,16.0,82,1.6,153,1003.4,100,0,100,27,0.0,0.0,41.824,-71.4128,2024,6,9,7
2024-06-09 08:00:00,123.0,7.0,116.0,17.8,17.1,78,4.4,125,1002.6,100,0,100,8,0.0,0.0,41.824,-71.4128,2024,6,9,8
2024-06-09 09:00:00,132.0,12.0,120.0,21.3,17.6,82,4.7,67,1001.1,100,0,100,2,0.0,0.0,41.824,-71.4128,2024,6,9,9
2024-06-09 10:00:00,146.0,6.0,140.0,8.4,17.7,82,8.5,28,1000.2,100,0,100,33,0.1,0.0,41.824,-71.4128,2024,6,9,10
2024-06-09 11:00:00,147.0,1.0,146.0,1.2,16.3,89,12.3,15,999.8,100,100,100,100,2.5,0.0,41.824,-71.4128,2024,6,9,11
2024-06-09 12:00:00,104.0,0.0,104.0,0.0,15.2,94,12.2,360,999.3,100,98,100,95,1.3,0.0,41.824,-71.4128,2024,6,9,12
2024-06-09 13:00:00,271.0,0.0,271.0,0.0,16.4,90,8.7,355,998.8,100,15,100,91,0.5,0.0,41.824,-71.4128,2024,6,9,13
2024-06-09 14:00:00,367.0,27.0,340.0,29.0,16.6,83,15.3,336,999.3,100,100,38,0,0.1,0.0,41.824,-71.4128,2024,6,9,14
2024-06-09 15:00:00,483.0,127.0,356.0,145.3,17.6,72,8.0,352,999.0,1,0,1,0,0.0,2558.34,41.824,-71.4128,2024,6,9,15
2024-06-09 16:00:00,734.0,621.0,113.0,801.0,19.5,63,6.0,287,998.7,7,3,4,0,0.0,3600.0,41.824,-71.4128,2024,6,9,16
2024-06-09 17:00:00,577.0,465.0,112.0,725.1,20.8,54,16.1,294,998.4,59,58,2,0,0.0,3600.0,41.824,-71.4128,2024,6,9,17
2024-06-09 18:00:00,364.0,227.0,137.0,471.6,20.7,55,12.7,285,998.2,5,1,5,0,0.0,3600.0,41.824,-71.4128,2024,6,9,18
2024-06-09 19:00:00,227.0,160.0,67.0,522.1,19.8,63,9.5,259,998.4,8,4,7,0,0.0,3600.0,41.824,-71.4128,2024,6,9,19
2024-06-09 20:00:00,72.0,39.0,33.0,303.6,18.0,70,9.4,252,998.9,0,0,0,0,0.0,3600.0,41.824,-71.4128,2024,6,9,20
2024-06-09 21:00:00,2.0,0.0,2.0,0.0,16.2,74,10.2,247,1000.0,1,0,1,0,0.0,0.0,41.824,-71.4128,2024,6,9,21
2024-06-09 22:00:00,0.0,0.0,0.0,0.0,15.3,76,11.3,261,1000.5,0,0,0,0,0.0,0.0,41.824,-71.4128,2024,6,9,22
2024-06-09 23:00:00,0.0,0.0,0.0,0.0,14.8,71,11.2,276,1000.3,1,0,1,0,0.0,0.0,41.824,-71.4128,2024,6,9,23
2024-06-10 00:00:00,0.0,0.0,0.0,0.0,14.2,72,9.4,263,1000.2,1,0,1,0,0.0,0.0,41.824,-71.4128,2024,6,10,0
2024-06-10 01:00:00,0.0,0.0,0.0,0.0,13.8,74,10.6,246,999.8,7,0,7,0,0.0,0.0,41.824,-71.4128,2024,6,10,1
2024-06-10 02:00:00,0.0,0.0,0.0,0.0,13.7,74,10.7,258,999.8,7,0,7,0,0.0,0.0,41.824,-71.4128,2024,6,10,2
2024-06-10 03:00:00,0.0,0.0,0.0,0.0,13.6,74,8.5,258,999.6,16,0,16,0,0.0,0.0,41.824,-71.4128,2024,6,10,3
2024-06-10 04:00:00,0.0,0.0,0.0,0.0,13.3,76,9.4,238,999.7,77,11,75,0,0.0,0.0,41.824,-71.4128,2024,6,10,4
2024-06-10 05:00:00,0.0,0.0,0.0,0.0,12.8,79,8.0,243,1000.0,9,2,9,0,0.0,0.0,41.824,-71.4128,2024,6,10,5
2024-06-10 06:00:00,21.0,9.0,12.0,112.9,13.1,80,9.3,257,1000.2,3,0,3,0,0.0,1852.42,41.824,-71.4128,2024,6,10,6
2024-06-10 07:00:00,147.0,94.0,53.0,436.1,14.8,78,9.4,266,1000.5,0,0,0,0,0.0,3600.0,41.824,-71.4128,2024,6,10,7
2024-06-10 08:00:00,325.0,248.0,77.0,630.1,16.4,70,11.5,284,1000.8,0,0,0,0,0.0,3600.0,41.824,-71.4128,2024,6,10,8
2024-06-10 09:00:00,512.0,420.0,92.0,746.6,18.0,66,10.2,288,1000.7,0,0,0,0,0.0,3600.0,41.824,-71.4128,2024,6,10,9
2024-06-10 10:00:00,680.0,577.0,103.0,811.5,19.4,61,9.8,287,1000.7,1,1,0,0,0.0,3600.0,41.824,-71.4128,2024,6,10,10
2024-06-10 11:00:00,814.0,701.0,113.0,845.7,20.8,55,8.6,285,1000.7,6,5,0,1,0.0,3600.0,41.824,-71.4128,2024,6,10,11
2024-06-10 12:00:00,883.0,738.0,145.0,812.7,22.3,49,8.5,282,1000.5,61,34,57,3,0.0,3600.0,41.824,-71.4128,2024,6,10,12
2024-06-10 13:00:00,709.0,439.0,270.0,465.4,22.8,44,7.4,256,1000.4,100,4,100,0,0.0,3600.0,41.824,-71.4128,2024,6,10,13
2024-06-10 14:00:00,482.0,117.0,365.0,125.6,22.5,45,8.4,245,1000.7,93,5,93,0,0.0,1966.52,41.824,-71.4128,2024,6,10,14
2024-06-10 15:00:00,492.0,161.0,331.0,184.0,22.8,44,11.1,283,1000.7,89,7,89,0,0.0,3600.0,41.824,-71.4128,2024,6,10,15
2024-06-10 16:00:00,283.0,16.0,267.0,20.6,22.4,46,10.4,284,1000.9,25,0,25,0,0.0,0.0,41.824,-71.4128,2024,6,10,16
2024-06-10 17:00:00,532.0,374.0,158.0,582.2,23.4,41,13.5,279,1001.2,92,0,92,0,0.0,3600.0,41.824,-71.4128,2024,6,10,17
2024-06-10 18:00:00,285.0,133.0,152.0,275.6,22.2,50,13.0,289,1001.5,7,0,6,0,0.0,3600.0,41.824,-71.4128,2024,6,10,18
2024-06-10 19:00:00,223.0,147.0,76.0,477.5,20.8,57,13.1,307,1002.3,4,0,4,0,0.0,3600.0,41.824,-71.4128,2024,6,10,19
2024-06-10 20:00:00,73.0,38.0,35.0,292.5,18.7,66,10.7,315,1003.4,9,0,9,0,0.0,3600.0,41.824,-71.4128,2024,6,10,20
2024-06-10 21:00:00,2.0,0.0,2.0,0.0,17.2,71,10.9,304,1004.5,1,0,1,0,0.0,0.0,41.824,-71.4128,2024,6,10,21
2024-06-10 22:00:00,0.0,0.0,0.0,0.0,16.5,71,12.7,299,1005.4,0,0,0,0,0.0,0.0,41.824,-71.4128,2024,6,10,22
2024-06-10 23:00:00,0.0,0.0,0.0,0.0,15.7,73,11.8,301,1006.2,0,0,0,0,0.0,0.0,41.824,-71.4128,2024,6,10,23
2024-06-11 00:00:00,0.0,0.0,0.0,0.0,14.8,77,10.5,301,1007.0,0,0,0,0,0.0,0.0,41.824,-71.4128,2024,6,11,0
2024-06-11 01:00:00,0.0,0.0,0.0,0.0,14.0,80,9.2,296,1007.7,3,0,3,0,0.0,0.0,41.824,-71.4128,2024,6,11,1
2024-06-11 02:00:00,0.0,0.0,0.0,0.0,13.3,83,9.4,293,1008.1,10,1,10,0,0.0,0.0,41.824,-71.4128,2024,6,11,2
2024-06-11 03:00:00,0.0,0.0,0.0,0.0,12.9,84,10.2,293,1008.5,4,0,4,0,0.0,0.0,41.824,-71.4128,2024,6,11,3
2024-06-11 04:00:00,0.0,0.0,0.0,0.0,12.5,85,9.8,294,1008.8,3,3,1,0,0.0,0.0,41.824,-71.4128,2024,6,11,4
2024-06-11 05:00:00,0.0,0.0,0.0,0.0,12.2,87,9.4,293,1009.6,76,2,0,76,0.0,0.0,41.824,-71.4128,2024,6,11,5
2024-06-11 06:00:00,21.0,6.0,15.0,75.2,12.4,87,9.8,294,1010.1,100,3,0,100,0.0,790.91,41.824,-71.4128,2024,6,11,6
2024-06-11 07:00:00,135.0,69.0,66.0,319.9,14.1,84,7.4,299,1010.7,24,4,0,21,0.0,3600.0,41.824,-71.4128,2024,6,11,7
2024-06-11 08:00:00,315.0,230.0,85.0,584.3,16.2,75,7.7,319,1011.1,2,2,0,0,0.0,3600.0,41.824,-71.4128,2024,6,11,8
2024-06-11 09:00:00,463.0,325.0,138.0,577.7,18.2,68,6.1,332,1011.3,22,11,0,12,0.0,3600.0,41.824,-71.4128,2024,6,11,9
2024-06-11 10:00:00,584.0,369.0,215.0,518.9,19.4,63,6.1,320,1011.5,100,99,0,57,0.0,3600.0,41.824,-71.4128,2024,6,11,10
2024-06-11 11:00:00,558.0,261.0,297.0,314.8,20.1,59,7.9,309,1011.3,100,100,0,100,0.0,3600.0,41.824,-71.4128,2024,6,11,11
2024-06-11 12:00:00,478.0,120.0,358.0,132.1,20.5,57,6.6,292,1011.6,100,100,3,100,0.0,2163.59,41.824,-71.4128,2024,6,11,12
2024-06-11 13:00:00,441.0,69.0,372.0,73.1,20.9,56,6.4,286,1011.7,100,100,11,100,0.0,393.86,41.824,-71.4128,2024,6,11,13
2024-06-11 14:00:00,526.0,167.0,359.0,179.1,21.5,55,6.0,295,1011.6,100,97,34,100,0.0,3573.22,41.824,-71.4128,2024,6,11,14
2024-06-11 15:00:00,569.0,219.0,350.0,250.1,21.8,55,6.0,295,1011.6,98,13,36,97,0.0,3600.0,41.824,-71.4128,2024,6,11,15
2024-06-11 16:00:00,560.0,317.0,243.0,408.0,22.0,53,5.4,278,1011.4,53,36,33,17,0.2,3600.0,41.824,-71.4128,2024,6,11,16
2024-06-11 17:00:00,478.0,325.0,153.0,505.1,21.9,53,5.5,293,1011.0,44,28,37,5,0.1,3600.0,41.824,-71.4128,2024,6,11,17
2024-06-11 18:00:00,354.0,232.0,122.0,479.5,21.8,54,4.6,315,1010.7,49,45,20,0,0.0,3600.0,41.824,-71.4128,2024,6,11,18
2024-06-11 19:00:00,200.0,128.0,72.0,414.0,21.1,59,1.1,18,1011.3,47,42,16,0,0.0,3600.0,41.824,-71.4128,2024,6,11,19
2024-06-11 20:00:00,69.0,34.0,35.0,258.9,18.8,80,4.4,171,1012.0,27,17,15,0,0.0,3600.0,41.824,-71.4128,2024,6,11,20
2024-06-11 21:00:00,2.0,0.0,2.0,0.0,17.2,84,7.1,210,1012.7,31,21,22,2,0.0,0.0,41.824,-71.4128,2024,6,11,21
2024-06-11 22:00:00,0.0,0.0,0.0,0.0,16.4,87,8.0,234,1013.4,41,27,22,5,0.0,0.0,41.824,-71.4128,2024,6,11,22
2024-06-11 23:00:00,0.0,0.0,0.0,0.0,15.5,90,7.2,252,1013.4,39,33,10,3,0.0,0.0,41.824,-71.4128,2024,6,11,23
2024-06-12 00:00:00,0.0,0.0,0.0,0.0,15.1,92,8.3,272,1013.7,37,34,5,0,0.0,0.0,41.824,-71.4128,2024,6,12,0
2024-06-12 01:00:00,0.0,0.0,0.0,0.0,14.6,93,8.2,285,1013.9,36,33,5,0,0.0,0.0,41.824,-71.4128,2024,6,12,1
2024-06-12 02:00:00,0.0,0.0,0.0,0.0,14.7,91,8.7,294,1013.9,34,23,15,0,0.0,0.0,41.824,-71.4128,2024,6,12,2
2024-06-12 03:00:00,0.0,0.0,0.0,0.0,14.3,90,8.6,303,1013.7,29,3,29,0,0.0,0.0,41.824,-71.4128,2024,6,12,3
2024-06-12 04:00:00,0.0,0.0,0.0,0.0,13.9,92,8.0,306,1013.8,24,4,23,0,0.0,0.0,41.824,-71.4128,2024,6,12,4
2024-06-12 05:00:00,0.0,0.0,0.0,0.0,13.5,94,8.4,310,1014.0,32,23,13,0,0.0,0.0,41.824,-71.4128,2024,6,12,5
2024-06-12 06:00:00,21.0,7.0,14.0,87.7,13.6,93,8.7,318,1014.1,17,17,0,0,0.0,1144.8,41.824,-71.4128,2024,6,12,6
2024-06-12 07:00:00,134.0,70.0,64.0,324.5,15.4,88,5.6,315,1014.5,15,14,0,2,0.0,3600.0,41.824,-71.4128,2024,6,12,7
2024-06-12 08:00:00,302.0,205.0,97.0,520.9,17.7,79,3.6,323,1014.8,28,21,0,9,0.0,3600.0,41.824,-71.4128,2024,6,12,8
2024-06-12 09:00:00,429.0,294.0,135.0,522.7,20.2,73,0.8,333,1014.7,21,9,21,0,0.0,3600.0,41.824,-71.4128,2024,6,12,9
2024-06-12 10:00:00,651.0,528.0,123.0,742.6,21.7,64,2.2,261,1014.6,26,3,26,0,0.0,3600.0,41.824,-71.4128,2024,6,12,10
2024-06-12 11:00:00,695.0,517.0,178.0,623.6,22.4,59,2.1,329,1014.4,19,10,13,0,0.0,3600.0,41.824,-71.4128,2024,6,12,11
2024-06-12 12:00:00,799.0,628.0,171.0,691.3,23.2,58,0.8,243,1014.2,32,11,29,0,0.1,3600.0,41.824,-71.4128,2024,6,12,12
2024-06-12 13:00:00,817.0,617.0,200.0,653.7,23.9,56,3.5,204,1013.8,17,3,15,0,0.0,3600.0,41.824,-71.4128,2024,6,12,13
2024-06-12 14:00:00,801.0,625.0,176.0,670.0,24.5,53,6.7,216,1013.3,98,96,53,29,0.0,3600.0,41.824,-71.4128,2024,6,12,14
2024-06-12 15:00:00,583.0,251.0,332.0,286.4,23.3,55,4.0,190,1013.2,92,85,89,24,0.0,3600.0,41.824,-71.4128,2024,6,12,15
2024-06-12 16:00:00,520.0,337.0,183.0,433.2,23.6,55,3.8,163,1012.9,98,9,17,97,0.1,3600.0,41.824,-71.4128,2024,6,12,16
2024-06-12 17:00:00,509.0,358.0,151.0,555.5,23.9,53,3.6,180,1012.4,33,9,15,17,0.1,3600.0,41.824,-71.4128,2024,6,12,17
2024-06-12 18:00:00,350.0,239.0,111.0,492.8,23.8,50,4.0,207,1012.2,70,8,31,55,0.1,3600.0,41.824,-71.4128,2024,6,12,18
2024-06-12 19:00:00,188.0,99.0,89.0,318.9,22.4,61,8.0,188,1012.4,100,19,32,100,0.0,3600.0,41.824,-71.4128,2024,6,12,19
2024-06-12 20:00:00,59.0,12.0,47.0,90.5,19.9,71,11.9,205,1013.0,66,11,4,61,0.0,914.08,41.824,-71.4128,2024,6,12,20
2024-06-12 21:00:00,2.0,0.0,2.0,0.0,18.7,77,10.7,230,1013.3,11,2,6,4,0.0,0.0,41.824,-71.4128,2024,6,12,21
2024-06-12 22:00:00,0.0,0.0,0.0,0.0,18.3,72,12.5,252,1014.0,4,4,1,0,0.0,0.0,41.824,-71.4128,2024,6,12,22
2024-06-12 23:00:00,0.0,0.0,0.0,0.0,17.5,76,10.4,272,1014.5,2,0,1,0,0.0,0.0,41.824,-71.4128,2024,6,12,23
2024-06-13 00:00:00,0.0,0.0,0.0,0.0,16.6,79,9.9,280,1014.6,1,0,1,0,0.0,0.0,41.824,-71.4128,2024,6,13,0
2024-06-13 01:00:00,0.0,0.0,0.0,0.0,15.6,82,8.3,288,1014.6,4,0,0,4,0.0,0.0,41.824,-71.4128,2024,6,13,1
2024-06-13 02:00:00,0.0,0.0,0.0,0.0,14.7,85,8.3,270,1014.5,0,0,0,0,0.0,0.0,41.824,-71.4128,2024,6,13,2
2024-06-13 03:00:00,0.0,0.0,0.0,0.0,14.2,87,9.1,261,1014.4,0,0,0,0,0.0,0.0,41.824,-71.4128,2024,6,13,3
2024-06-13 04:00:00,0.0,0.0,0.0,0.0,14.0,87,9.4,266,1014.5,0,0,0,0,0.0,0.0,41.824,-71.4128,2024,6,13,4
2024-06-13 05:00:00,0.0,0.0,0.0,0.0,13.7,88,9.7,266,1014.7,0,0,0,0,0.0,0.0,41.824,-71.4128,2024,6,13,5
2024-06-13 06:00:00,23.0,10.0,13.0,125.3,14.1,86,10.1,266,1015.0,0,0,0,0,0.0,2208.87,41.824,-71.4128,2024,6,13,6
2024-06-13 07:00:00,149.0,97.0,52.0,449.8,16.2,82,7.9,273,1015.5,81,0,0,81,0.0,3600.0,41.824,-71.4128,2024,6,13,7
2024-06-13 08:00:00,311.0,216.0,95.0,549.0,18.7,75,4.7,238,1015.7,79,0,0,79,0.0,3600.0,41.824,-71.4128,2024,6,13,8
2024-06-13 09:00:00,504.0,405.0,99.0,720.1,21.6,66,3.0,256,1015.5,0,0,0,0,0.0,3600.0,41.824,-71.4128,2024,6,13,9
2024-06-13 10:00:00,672.0,568.0,104.0,798.9,23.4,60,6.4,227,1015.2,23,0,0,23,0.0,3600.0,41.824,-71.4128,2024,6,13,10
2024-06-13 11:00:00,803.0,690.0,113.0,832.3,25.0,51,8.4,230,1015.0,47,0,0,47,0.0,3600.0,41.824,-71.4128,2024,6,13,11
2024-06-13 12:00:00,885.0,746.0,139.0,821.1,26.1,45,7.4,227,1014.5,90,0,0,90,0.0,3600.0,41.824,-71.4128,2024,6,13,12
2024-06-13 13:00:00,920.0,757.0,163.0,801.8,26.9,43,6.5,199,1014.0,98,0,1,98,0.0,3600.0,41.824,-71.4128,2024,6,13,13
2024-06-13 14:00:00,860.0,649.0,211.0,695.4,27.0,45,8.8,161,1013.5,85,1,4,85,0.0,3600.0,41.824,-71.4128,2024,6,13,14
2024-06-13 15:00:00,803.0,622.0,181.0,709.3,27.4,44,11.3,171,1013.1,12,2,8,3,0.0,3600.0,41.824,-71.4128,2024,6,13,15
2024-06-13 16:00:00,698.0,548.0,150.0,703.8,26.0,55,18.4,191,1012.8,55,0,55,0,0.0,3600.0,41.824,-71.4128,2024,6,13,16
2024-06-13 17:00:00,486.0,315.0,171.0,488.1,25.7,56,18.3,200,1012.5,1,0,1,0,0.0,3600.0,41.824,-71.4128,2024,6,13,17
2024-06-13 18:00:00,409.0,318.0,91.0,654.2,24.4,59,18.7,208,1012.7,3,0,1,1,0.0,3600.0,41.824,-71.4128,2024,6,13,18
2024-06-13 19:00:00,234.0,167.0,67.0,535.9,23.4,64,16.1,204,1012.8,26,0,1,25,0.0,3600.0,41.824,-71.4128,2024,6,13,19
2024-06-13 20:00:00,77.0,43.0,34.0,321.2,21.4,70,15.3,214,1013.6,0,0,0,0,0.0,3600.0,41.824,-71.4128,2024,6,13,20
2024-06-13 21:00:00,2.0,0.0,2.0,0.0,20.9,71,13.7,225,1013.6,2,0,2,0,0.0,0.0,41.824,-71.4128,2024,6,13,21
2024-06-13 22:00:00,0.0,0.0,0.0,0.0,20.1,70,13.8,223,1013.4,0,0,0,0,0.0,0.0,41.824,-71.4128,2024,6,13,22
2024-06-13 23:00:00,0.0,0.0,0.0,0.0,19.2,76,14.5,224,1013.1,0,0,0,0,0.0,0.0,41.824,-71.4128,2024,6,13,23
2024-06-14 00:00:00,0.0,0.0,0.0,0.0,18.7,80,14.3,227,1013.0,0,0,0,0,0.0,0.0,41.824,-71.4128,2024,6,14,0
2024-06-14 01:00:00,0.0,0.0,0.0,0.0,18.5,80,15.0,226,1012.8,0,0,0,0,0.0,0.0,41.824,-71.4128,2024,6,14,1
2024-06-14 02:00:00,0.0,0.0,0.0,0.0,18.4,78,15.3,223,1012.1,0,0,0,0,0.0,0.0,41.824,-71.4128,2024,6,14,2
2024-06-14 03:00:00,0.0,0.0,0.0,0.0,18.2,79,15.0,222,1011.7,0,0,0,0,0.0,0.0,41.824,-71.4128,2024,6,14,3
2024-06-14 04:00:00,0.0,0.0,0.0,0.0,18.1,81,15.6,220,1011.7,0,0,0,0,0.0,0.0,41.824,-71.4128,2024,6,14,4
2024-06-14 05:00:00,0.0,0.0,0.0,0.0,18.1,83,15.4,217,1011.3,0,0,0,0,0.0,0.0,41.824,-71.4128,2024,6,14,5
2024-06-14 06:00:00,22.0,9.0,13.0,112.8,18.4,83,15.1,220,1011.5,0,0,0,0,0.0,1856.53,41.824,-71.4128,2024,6,14,6
2024-06-14 07:00:00,142.0,87.0,55.0,403.6,19.8,81,12.2,208,1011.5,1,0,0,1,0.0,3600.0,41.824,-71.4128,2024,6,14,7
2024-06-14 08:00:00,309.0,228.0,81.0,579.7,21.4,76,14.2,207,1011.5,86,0,0,86,0.0,3600.0,41.824,-71.4128,2024,6,14,8
2024-06-14 09:00:00,480.0,375.0,105.0,667.0,23.6,73,14.3,214,1011.0,46,0,43,6,0.0,3600.0,41.824,-71.4128,2024,6,14,9
2024-06-14 10:00:00,625.0,480.0,145.0,675.3,25.2,67,17.3,223,1010.8,19,4,16,0,0.0,3600.0,41.824,-71.4128,2024,6,14,10
2024-06-14 11:00:00,699.0,513.0,186.0,618.9,26.8,60,17.7,232,1010.7,49,46,5,0,0.0,3600.0,41.824,-71.4128,2024,6,14,11
2024-06-14 12:00:00,823.0,619.0,204.0,681.3,27.7,59,16.2,217,1010.5,12,7,4,0,0.0,3600.0,41.824,-71.4128,2024,6,14,12
2024-06-14 13:00:00,879.0,739.0,140.0,782.6,28.2,57,18.9,231,1010.2,55,18,40,13,0.0,3600.0,41.824,-71.4128,2024,6,14,13
2024-06-14 14:00:00,645.0,423.0,222.0,453.0,27.8,57,13.0,224,1009.7,100,1,100,11,0.1,3600.0,41.824,-71.4128,2024,6,14,14
2024-06-14 15:00:00,350.0,48.0,302.0,54.7,26.5,62,11.1,216,1009.2,100,11,100,93,0.4,0.0,41.824,-71.4128,2024,6,14,15
2024-06-14 16:00:00,145.0,6.0,139.0,7.7,25.5,70,8.6,195,1008.8,100,9,93,99,0.0,0.0,41.824,-71.4128,2024,6,14,16
2024-06-14 17:00:00,190.0,34.0,156.0,52.6,25.2,72,9.7,195,1008.5,100,4,69,100,0.2,0.0,41.824,-71.4128,2024,6,14,17
2024-06-14 18:00:00,191.0,19.0,172.0,39.0,24.5,76,9.4,203,1008.7,100,10,98,100,0.3,0.0,41.824,-71.4128,2024,6,14,18
2024-06-14 19:00:00,61.0,0.0,61.0,0.0,22.4,86,13.4,200,1009.0,100,10,100,100,0.2,0.0,41.824,-71.4128,2024,6,14,19
2024-06-14 20:00:00,27.0,0.0,27.0,0.0,21.0,89,12.7,215,1009.4,100,0,100,100,0.2,0.0,41.824,-71.4128,2024,6,14,20
2024-06-14 21:00:00,1.0,0.0,1.0,0.0,19.7,95,9.7,228,1010.6,100,89,67,98,3.9,0.0,41.824,-71.4128,2024,6,14,21
2024-06-14 22:00:00,0.0,0.0,0.0,0.0,19.4,95,8.8,192,1010.6,100,2,100,100,6.2,0.0,41.824,-71.4128,2024,6,14,22
2024-06-14 23:00:00,0.0,0.0,0.0,0.0,19.1,96,8.4,250,1009.9,100,0,99,100,2.4,0.0,41.824,-71.4128,2024,6,14,23
2024-06-15 00:00:00,0.0,0.0,0.0,0.0,18.6,97,6.8,198,1010.4,100,84,100,100,1.8,0.0,41.824,-71.4128,2024,6,15,0
2024-06-15 01:00:00,0.0,0.0,0.0,0.0,18.4,98,10.3,205,1009.9,100,1,100,100,3.0,0.0,41.824,-71.4128,2024,6,15,1
2024-06-15 02:00:00,0.0,0.0,0.0,0.0,18.1,97,7.9,240,1009.2,100,0,99,54,0.7,0.0,41.824,-71.4128,2024,6,15,2
2024-06-15 03:00:00,0.0,0.0,0.0,0.0,17.9,98,6.3,246,1008.9,99,5,53,97,0.0,0.0,41.824,-71.4128,2024,6,15,3
2024-06-15 04:00:00,0.0,0.0,0.0,0.0,17.7,98,8.2,285,1008.9,100,24,98,100,0.0,0.0,41.824,-71.4128,2024,6,15,4
2024-06-15 05:00:00,0.0,0.0,0.0,0.0,18.1,95,13.8,327,1009.1,38,0,32,9,0.0,0.0,41.824,-71.4128,2024,6,15,5
2024-06-15 06:00:00,19.0,7.0,12.0,87.8,16.9,88,18.0,348,1010.2,13,9,5,0,0.0,1149.46,41.824,-71.4128,2024,6,15,6
2024-06-15 07:00:00,134.0,75.0,59.0,348.2,17.0,89,18.2,346,1010.8,1,1,0,0,0.0,3600.0,41.824,-71.4128,2024,6,15,7
2024-06-15 08:00:00,311.0,228.0,83.0,580.1,18.5,83,16.2,348,1011.7,14,3,14,0,0.0,3600.0,41.824,-71.4128,2024,6,15,8
2024-06-15 09:00:00,496.0,399.0,97.0,710.0,20.1,73,18.4,348,1012.1,13,13,0,0,0.0,3600.0,41.824,-71.4128,2024,6,15,9
2024-06-15 10:00:00,649.0,523.0,126.0,736.0,21.1,65,16.7,353,1012.1,1,0,1,0,0.0,3600.0,41.824,-71.4128,2024,6,15,10
2024-06-15 11:00:00,796.0,677.0,119.0,816.8,22.3,58,17.3,348,1012.4,9,8,2,0,0.0,3600.0,41.824,-71.4128,2024,6,15,11
2024-06-15 12:00:00,866.0,723.0,143.0,795.7,23.3,45,15.6,345,1012.6,1,1,0,0,0.0,3600.0,41.824,-71.4128,2024,6,15,12
2024-06-15 13:00:00,937.0,815.0,122.0,862.9,23.9,37,15.9,335,1012.6,0,0,0,0,0.0,3600.0,41.824,-71.4128,2024,6,15,13
2024-06-15 14:00:00,943.0,828.0,115.0,886.5,24.1,34,16.3,332,1012.8,0,0,0,0,0.0,3600.0,41.824,-71.4128,2024,6,15,14
2024-06-15 15:00:00,885.0,775.0,110.0,882.7,24.2,34,16.6,333,1012.8,0,0,0,0,0.0,3600.0,41.824,-71.4128,2024,6,15,15
2024-06-15 16:00:00,768.0,664.0,104.0,851.2,24.0,34,16.4,334,1013.0,0,0,0,0,0.0,3600.0,41.824,-71.4128,2024,6,15,16
2024-06-15 17:00:00,613.0,518.0,95.0,800.5,23.5,35,15.8,333,1013.3,0,0,0,0,0.0,3600.0,41.824,-71.4128,2024,6,15,17
2024-06-15 18:00:00,433.0,350.0,83.0,717.1,22.6,39,13.7,330,1014.0,0,0,0,0,0.0,3600.0,41.824,-71.4128,2024,6,15,18
2024-06-15 19:00:00,247.0,181.0,66.0,576.9,20.9,50,9.8,324,1014.9,0,0,0,0,0.0,3600.0,41.824,-71.4128,2024,6,15,19
2024-06-15 20:00:00,83.0,48.0,35.0,352.6,18.8,58,8.1,347,1015.8,0,0,0,0,0.0,3600.0,41.824,-71.4128,2024,6,15,20
2024-06-15 21:00:00,3.0,1.0,2.0,19.1,17.6,59,9.4,353,1016.5,0,0,0,0,0.0,0.0,41.824,-71.4128,2024,6,15,21
2024-06-15 22:00:00,0.0,0.0,0.0,0.0,16.3,64,8.6,360,1017.3,0,0,0,0,0.0,0.0,41.824,-71.4128,2024,6,15,22
2024-06-15 23:00:00,0.0,0.0,0.0,0.0,15.4,67,10.5,4,1018.1,0,0,0,0,0.0,0.0,41.824,-71.4128,2024,6,15,23
2024-06-16 00:00:00,0.0,0.0,0.0,0.0,14.8,62,10.9,354,1019.1,0,0,0,0,0.0,0.0,41.824,-71.4128,2024,6,16,0
2024-06-16 01:00:00,0.0,0.0,0.0,0.0,14.2,60,11.0,349,1019.7,0,0,0,0,0.0,0.0,41.824,-71.4128,2024,6,16,1
2024-06-16 02:00:00,0.0,0.0,0.0,0.0,13.4,63,10.6,350,1020.0,0,0,0,0,0.0,0.0,41.824,-71.4128,2024,6,16,2
2024-06-16 03:00:00,0.0,0.0,0.0,0.0,12.6,65,10.9,352,1020.3,0,0,0,0,0.0,0.0,41.824,-71.4128,2024,6,16,3
2024-06-16 04:00:00,0.0,0.0,0.0,0.0,11.8,68,9.7,356,1020.6,0,0,0,0,0.0,0.0,41.824,-71.4128,2024,6,16,4
2024-06-16 05:00:00,0.0,0.0,0.0,0.0,11.0,72,9.1,351,1021.1,0,0,0,0,0.0,0.0,41.824,-71.4128,2024,6,16,5
2024-06-16 06:00:00,24.0,11.0,13.0,138.2,11.1,73,10.0,345,1021.9,1,0,0,1,0.0,2572.73,41.824,-71.4128,2024,6,16,6
2024-06-16 07:00:00,155.0,103.0,52.0,478.8,12.9,73,9.3,332,1022.7,29,0,0,29,0.0,3600.0,41.824,-71.4128,2024,6,16,7
2024-06-16 08:00:00,336.0,260.0,76.0,662.0,15.3,64,7.9,344,1023.5,10,0,0,10,0.0,3600.0,41.824,-71.4128,2024,6,16,8
2024-06-16 09:00:00,522.0,430.0,92.0,765.6,17.5,52,9.8,17,1023.9,51,0,0,51,0.0,3600.0,41.824,-71.4128,2024,6,16,9
2024-06-16 10:00:00,691.0,586.0,105.0,824.9,18.8,45,8.3,34,1023.7,100,0,0,100,0.0,3600.0,41.824,-71.4128,2024,6,16,10
2024-06-16 11:00:00,824.0,695.0,129.0,838.7,19.9,43,4.4,35,1023.8,99,0,0,99,0.0,3600.0,41.824,-71.4128,2024,6,16,11
2024-06-16 12:00:00,904.0,743.0,161.0,817.8,20.9,42,3.4,32,1023.6,98,0,0,98,0.0,3600.0,41.824,-71.4128,2024,6,16,12
2024-06-16 13:00:00,910.0,658.0,252.0,696.6,21.7,41,2.1,59,1023.0,75,0,0,75,0.0,3600.0,41.824,-71.4128,2024,6,16,13
2024-06-16 14:00:00,918.0,733.0,185.0,784.5,22.3,41,3.3,139,1022.3,71,0,0,71,0.0,3600.0,41.824,-71.4128,2024,6,16,14
2024-06-16 15:00:00,870.0,729.0,141.0,829.9,22.5,43,6.4,164,1021.8,88,0,0,88,0.0,3600.0,41.824,-71.4128,2024,6,16,15
2024-06-16 16:00:00,733.0,557.0,176.0,713.4,22.4,44,6.9,174,1021.9,100,0,0,100,0.0,3600.0,41.824,-71.4128,2024,6,16,16
2024-06-16 17:00:00,592.0,469.0,123.0,723.9,22.3,44,7.8,146,1021.6,100,0,0,100,0.0,3600.0,41.824,-71.4128,2024,6,16,17
2024-06-16 18:00:00,409.0,296.0,113.0,605.4,19.9,54,15.9,162,1021.5,100,0,0,100,0.0,3600.0,41.824,-71.4128,2024,6,16,18
2024-06-16 19:00:00,186.0,60.0,126.0,190.6,18.7,58,9.7,182,1021.9,100,0,0,100,0.0,3600.0,41.824,-71.4128,2024,6,16,19
2024-06-16 20:00:00,65.0,13.0,52.0,94.8,17.3,65,11.2,176,1022.1,79,0,6,79,0.0,1044.04,41.824,-71.4128,2024,6,16,20
2024-06-16 21:00:00,2.0,0.0,2.0,0.0,16.6,63,10.4,180,1022.6,63,0,44,33,0.0,0.0,41.824,-71.4128,2024,6,16,21
2024-06-16 22:00:00,0.0,0.0,0.0,0.0,15.2,70,9.4,198,1022.9,61,0,11,57,0.0,0.0,41.824,-71.4128,2024,6,16,22
2024-06-16 23:00:00,0.0,0.0,0.0,0.0,14.9,74,9.7,207,1022.7,100,0,52,99,0.0,0.0,41.824,-71.4128,2024,6,16,23
2024-06-17 00:00:00,0.0,0.0,0.0,0.0,14.4,80,9.2,222,1022.7,99,0,23,99,0.0,0.0,41.824,-71.4128,2024,6,17,0
2024-06-17 01:00:00,0.0,0.0,0.0,0.0,13.9,82,10.2,219,1022.4,99,0,11,99,0.0,0.0,41.824,-71.4128,2024,6,17,1
2024-06-17 02:00:00,0.0,0.0,0.0,0.0,13.7,83,7.9,223,1022.6,100,0,25,100,0.0,0.0,41.824,-71.4128,2024,6,17,2
2024-06-17 03:00:00,0.0,0.0,0.0,0.0,13.5,85,7.7,217,1022.5,100,0,19,100,0.0,0.0,41.824,-71.4128,2024,6,17,3
2024-06-17 04:00:00,0.0,0.0,0.0,0.0,13.4,87,8.1,225,1022.3,100,0,0,100,0.0,0.0,41.824,-71.4128,2024,6,17,4
2024-06-17 05:00:00,0.0,0.0,0.0,0.0,13.3,89,7.7,221,1022.5,99,0,0,99,0.0,0.0,41.824,-71.4128,2024,6,17,5
2024-06-17 06:00:00,20.0,4.0,16.0,50.4,13.7,90,7.9,219,1022.7,97,0,2,97,0.0,90.35,41.824,-71.4128,2024,6,17,6
2024-06-17 07:00:00,133.0,66.0,67.0,307.3,15.6,86,7.2,207,1023.1,100,0,0,100,0.0,3600.0,41.824,-71.4128,2024,6,17,7
2024-06-17 08:00:00,287.0,174.0,113.0,443.4,18.0,79,9.4,187,1023.0,73,0,0,73,0.0,3600.0,41.824,-71.4128,2024,6,17,8
2024-06-17 09:00:00,488.0,386.0,102.0,687.6,20.2,73,11.9,183,1022.9,91,6,3,91,0.0,3600.0,41.824,-71.4128,2024,6,17,9
2024-06-17 10:00:00,633.0,487.0,146.0,685.8,21.8,69,13.0,183,1022.5,82,6,6,80,0.0,3600.0,41.824,-71.4128,2024,6,17,10
2024-06-17 11:00:00,756.0,571.0,185.0,689.2,23.3,65,14.4,181,1021.8,91,2,0,91,0.0,3600.0,41.824,-71.4128,2024,6,17,11
2024-06-17 12:00:00,870.0,725.0,145.0,798.0,24.6,60,16.9,182,1020.9,87,1,4,87,0.0,3600.0,41.824,-71.4128,2024,6,17,12
2024-06-17 13:00:00,910.0,761.0,149.0,805.5,25.5,56,18.2,188,1020.1,95,3,89,62,0.0,3600.0,41.824,-71.4128,2024,6,17,13
2024-06-17 14:00:00,723.0,410.0,313.0,438.7,25.3,55,17.9,195,1020.1,66,2,51,36,0.0,3600.0,41.824,-71.4128,2024,6,17,14
2024-06-17 15:00:00,789.0,555.0,234.0,631.5,25.7,55,16.2,201,1019.6,100,7,100,96,0.0,3600.0,41.824,-71.4128,2024,6,17,15
2024-06-17 16:00:00,454.0,168.0,286.0,215.0,25.1,55,16.0,203,1019.5,94,4,14,94,0.0,3600.0,41.824,-71.4128,2024,6,17,16
2024-06-17 17:00:00,519.0,355.0,164.0,547.3,24.8,56,17.9,199,1018.9,91,0,3,90,0.0,3600.0,41.824,-71.4128,2024,6,17,17
2024-06-17 18:00:00,383.0,271.0,112.0,553.3,24.1,60,15.2,202,1018.9,31,0,1,30,0.0,3600.0,41.824,-71.4128,2024,6,17,18
2024-06-17 19:00:00,227.0,154.0,73.0,487.9,22.9,67,12.8,191,1019.3,32,0,3,30,0.0,3600.0,41.824,-71.4128,2024,6,17,19
2024-06-17 20:00:00,76.0,38.0,38.0,275.3,21.2,73,12.4,197,1019.6,26,0,2,25,0.0,3600.0,41.824,-71.4128,2024,6,17,20
2024-06-17 21:00:00,3.0,0.0,3.0,0.0,20.4,76,11.2,201,1020.5,50,0,27,32,0.0,0.0,41.824,-71.4128,2024,6,17,21
2024-06-17 22:00:00,0.0,0.0,0.0,0.0,19.9,78,10.2,203,1020.8,35,3,13,26,0.0,0.0,41.824,-71.4128,2024,6,17,22
2024-06-17 23:00:00,0.0,0.0,0.0,0.0,19.5,78,11.3,211,1020.6,23,1,0,22,0.0,0.0,41.824,-71.4128,2024,6,17,23
2024-06-18 00:00:00,0.0,0.0,0.0,0.0,19.2,79,11.1,216,1020.7,69,0,0,69,0.0,0.0,41.824,-71.4128,2024,6,18,0
2024-06-18 01:00:00,0.0,0.0,0.0,0.0,18.9,81,11.2,220,1020.5,99,0,0,99,0.0,0.0,41.824,-71.4128,2024,6,18,1
2024-06-18 02:00:00,0.0,0.0,0.0,0.0,18.8,83,11.2,225,1020.1,93,0,0,93,0.0,0.0,41.824,-71.4128,2024,6,18,2
2024-06-18 03:00:00,0.0,0.0,0.0,0.0,18.8,85,10.7,230,1020.1,87,0,0,87,0.0,0.0,41.824,-71.4128,2024,6,18,3
2024-06-18 04:00:00,0.0,0.0,0.0,0.0,18.6,88,10.2,228,1020.3,99,0,0,99,0.0,0.0,41.824,-71.4128,2024,6,18,4
2024-06-18 05:00:00,0.0,0.0,0.0,0.0,18.5,90,9.4,223,1020.7,100,0,0,100,0.0,0.0,41.824,-71.4128,2024,6,18,5
2024-06-18 06:00:00,21.0,7.0,14.0,88.3,18.9,90,9.4,230,1021.5,99,0,1,99,0.0,1160.3,41.824,-71.4128,2024,6,18,6
2024-06-18 07:00:00,135.0,79.0,56.0,368.5,20.6,86,7.7,221,1022.1,91,0,0,91,0.0,3600.0,41.824,-71.4128,2024,6,18,7
2024-06-18 08:00:00,300.0,214.0,86.0,545.9,22.6,81,7.7,221,1022.4,94,0,0,94,0.0,3600.0,41.824,-71.4128,2024,6,18,8
2024-06-18 09:00:00,475.0,370.0,105.0,659.6,25.2,75,6.4,223,1022.5,98,7,0,98,0.0,3600.0,41.824,-71.4128,2024,6,18,9
2024-06-18 10:00:00,632.0,509.0,123.0,717.1,27.3,70,6.6,209,1022.4,98,3,0,98,0.0,3600.0,41.824,-71.4128,2024,6,18,10
2024-06-18 11:00:00,763.0,627.0,136.0,757.0,29.3,65,7.7,208,1022.5,73,0,0,73,0.0,3600.0,41.824,-71.4128,2024,6,18,11
2024-06-18 12:00:00,858.0,725.0,133.0,798.1,30.9,58,9.7,202,1022.2,59,8,17,49,0.0,3600.0,41.824,-71.4128,2024,6,18,12
2024-06-18 13:00:00,837.0,686.0,151.0,726.1,31.6,53,11.0,199,1021.7,11,5,6,2,0.0,3600.0,41.824,-71.4128,2024,6,18,13
2024-06-18 14:00:00,850.0,709.0,141.0,758.4,31.7,52,13.1,196,1021.2,5,1,3,2,0.0,3600.0,41.824,-71.4128,2024,6,18,14
2024-06-18 15:00:00,822.0,698.0,124.0,793.9,31.6,52,14.3,205,1021.2,15,1,2,13,0.0,3600.0,41.824,-71.4128,2024,6,18,15
2024-06-18 16:00:00,717.0,599.0,118.0,766.1,31.0,54,14.8,209,1021.0,90,0,2,90,0.0,3600.0,41.824,-71.4128,2024,6,18,16
2024-06-18 17:00:00,570.0,463.0,107.0,713.1,30.0,57,14.7,205,1020.7,80,0,1,80,0.0,3600.0,41.824,-71.4128,2024,6,18,17
2024-06-18 18:00:00,405.0,316.0,89.0,644.2,28.5,63,14.5,207,1021.1,76,0,1,75,0.0,3600.0,41.824,-71.4128,2024,6,18,18
2024-06-18 19:00:00,229.0,160.0,69.0,505.7,26.4,69,12.9,198,1021.5,73,0,0,73,0.0,3600.0,41.824,-71.4128,2024,6,18,19
2024-06-18 20:00:00,76.0,40.0,36.0,288.1,24.0,73,12.6,207,1022.1,57,0,0,57,0.0,3600.0,41.824,-71.4128,2024,6,18,20
2024-06-18 21:00:00,3.0,0.0,3.0,0.0,23.1,75,14.2,216,1022.9,98,0,0,98,0.0,0.0,41.824,-71.4128,2024,6,18,21
2024-06-18 22:00:00,0.0,0.0,0.0,0.0,22.2,73,13.8,223,1023.6,100,0,1,100,0.0,0.0,41.824,-71.4128,2024,6,18,22
2024-06-18 23:00:00,0.0,0.0,0.0,0.0,21.7,70,13.8,229,1023.5,98,0,1,98,0.0,0.0,41.824,-71.4128,2024,6,18,23
2024-06-19 00:00:00,0.0,0.0,0.0,0.0,21.3,69,12.7,235,1023.9,94,0,0,94,0.0,0.0,41.824,-71.4128,2024,6,19,0
2024-06-19 01:00:00,0.0,0.0,0.0,0.0,20.9,69,12.1,233,1024.0,75,0,0,75,0.0,0.0,41.824,-71.4128,2024,6,19,1
2024-06-19 02:00:00,0.0,0.0,0.0,0.0,20.5,70,11.5,229,1023.9,32,1,0,31,0.0,0.0,41.824,-71.4128,2024,6,19,2
2024-06-19 03:00:00,0.0,0.0,0.0,0.0,20.1,71,9.7,207,1024.3,50,5,0,48,0.0,0.0,41.824,-71.4128,2024,6,19,3
2024-06-19 04:00:00,0.0,0.0,0.0,0.0,19.6,73,9.4,203,1024.9,96,5,0,96,0.0,0.0,41.824,-71.4128,2024,6,19,4
2024-06-19 05:00:00,0.0,0.0,0.0,0.0,19.2,76,11.0,212,1025.3,94,4,0,93,0.0,0.0,41.824,-71.4128,2024,6,19,5
2024-06-19 06:00:00,20.0,6.0,14.0,75.9,19.6,77,12.6,233,1025.5,99,0,0,99,0.0,809.73,41.824,-71.4128,2024,6,19,6
2024-06-19 07:00:00,128.0,62.0,66.0,289.8,21.1,77,10.2,238,1025.4,100,0,0,100,0.0,3600.0,41.824,-71.4128,2024,6,19,7
2024-06-19 08:00:00,292.0,199.0,93.0,508.3,23.0,73,9.5,241,1025.5,100,0,0,100,0.0,3600.0,41.824,-71.4128,2024,6,19,8
2024-06-19 09:00:00,377.0,156.0,221.0,278.3,25.0,71,7.5,235,1025.6,100,0,0,100,0.0,3600.0,41.824,-71.4128,2024,6,19,9
2024-06-19 10:00:00,583.0,381.0,202.0,537.1,27.4,66,7.4,223,1025.4,100,0,0,100,0.0,3600.0,41.824,-71.4128,2024,6,19,10
2024-06-19 11:00:00,730.0,536.0,194.0,647.3,29.6,61,9.3,216,1025.3,100,0,0,100,0.0,3600.0,41.824,-71.4128,2024,6,19,11
2024-06-19 12:00:00,823.0,631.0,192.0,694.7,31.2,58,10.9,214,1024.9,76,2,2,75,0.0,3600.0,41.824,-71.4128,2024,6,19,12
2024-06-19 13:00:00,833.0,646.0,187.0,683.7,32.0,55,11.9,209,1024.6,29,0,2,28,0.0,3600.0,41.824,-71.4128,2024,6,19,13
2024-06-19 14:00:00,869.0,734.0,135.0,785.0,32.5,54,13.8,200,1024.0,100,4,5,100,0.0,3600.0,41.824,-71.4128,2024,6,19,14
2024-06-19 15:00:00,719.0,528.0,191.0,600.3,31.8,55,16.2,197,1023.7,79,2,6,77,0.0,3600.0,41.824,-71.4128,2024,6,19,15
2024-06-19 16:00:00,686.0,559.0,127.0,714.5,31.1,56,16.9,196,1023.5,9,1,6,4,0.0,3600.0,41.824,-71.4128,2024,6,19,16
2024-06-19 17:00:00,555.0,446.0,109.0,686.3,29.3,59,18.1,201,1023.4,6,1,5,2,0.0,3600.0,41.824,-71.4128,2024,6,19,17
2024-06-19 18:00:00,379.0,291.0,88.0,592.5,27.5,59,18.4,208,1023.6,8,0,6,3,0.0,3600.0,41.824,-71.4128,2024,6,19,18
2024-06-19 19:00:00,218.0,149.0,69.0,469.8,25.7,62,15.2,216,1024.1,59,0,4,57,0.0,3600.0,41.824,-71.4128,2024,6,19,19
2024-06-19 20:00:00,75.0,38.0,37.0,272.3,23.9,63,13.5,222,1024.7,100,0,4,100,0.0,3600.0,41.824,-71.4128,2024,6,19,20
2024-06-19 21:00:00,3.0,0.0,3.0,0.0,23.6,71,13.0,222,1024.4,100,0,5,100,0.0,0.0,41.824,-71.4128,2024,6,19,21
2024-06-19 22:00:00,0.0,0.0,0.0,0.0,22.7,69,13.4,239,1024.8,100,0,7,100,0.0,0.0,41.824,-71.4128,2024,6,19,22
2024-06-19 23:00:00,0.0,0.0,0.0,0.0,22.1,68,13.6,238,1024.6,100,0,3,100,0.0,0.0,41.824,-71.4128,2024,6,19,23
2024-06-20 00:00:00,0.0,0.0,0.0,0.0,21.6,68,13.2,235,1024.2,1,0,1,0,0.0,0.0,41.824,-71.4128,2024,6,20,0
2024-06-20 01:00:00,0.0,0.0,0.0,0.0,21.2,69,12.5,231,1024.0,73,0,0,73,0.0,0.0,41.824,-71.4128,2024,6,20,1
2024-06-20 02:00:00,0.0,0.0,0.0,0.0,20.8,72,13.7,240,1024.0,79,0,4,78,0.0,0.0,41.824,-71.4128,2024,6,20,2
2024-06-20 03:00:00,0.0,0.0,0.0,0.0,20.5,73,12.6,243,1024.0,65,0,9,63,0.0,0.0,41.824,-71.4128,2024,6,20,3
2024-06-20 04:00:00,0.0,0.0,0.0,0.0,20.3,75,12.4,240,1023.7,24,0,0,24,0.0,0.0,41.824,-71.4128,2024,6,20,4
2024-06-20 05:00:00,0.0,0.0,0.0,0.0,20.2,77,12.0,249,1023.5,65,0,2,64,0.0,0.0,41.824,-71.4128,2024,6,20,5
2024-06-20 06:00:00,20.0,8.0,12.0,101.6,20.6,77,11.9,256,1023.4,99,0,0,99,0.0,1526.19,41.824,-71.4128,2024,6,20,6
2024-06-20 07:00:00,131.0,73.0,58.0,342.0,22.1,76,8.7,240,1023.4,89,0,3,89,0.0,3600.0,41.824,-71.4128,2024,6,20,7
2024-06-20 08:00:00,291.0,198.0,93.0,506.4,24.1,72,6.9,231,1023.7,62,0,0,62,0.0,3600.0,41.824,-71.4128,2024,6,20,8
2024-06-20 09:00:00,464.0,354.0,110.0,632.1,27.3,67,7.4,241,1023.6,100,0,4,100,0.0,3600.0,41.824,-71.4128,2024,6,20,9
2024-06-20 10:00:00,610.0,463.0,147.0,653.0,29.5,62,8.1,225,1023.4,100,2,4,100,0.0,3600.0,41.824,-71.4128,2024,6,20,10
2024-06-20 11:00:00,702.0,501.0,201.0,605.3,31.1,58,7.7,221,1023.4,100,7,9,100,0.0,3600.0,41.824,-71.4128,2024,6,20,11
2024-06-20 12:00:00,797.0,583.0,214.0,642.0,32.0,56,9.7,239,1023.4,100,5,43,100,0.0,3600.0,41.824,-71.4128,2024,6,20,12
2024-06-20 13:00:00,750.0,509.0,241.0,538.7,32.7,53,9.8,242,1022.9,79,3,6,77,0.0,3600.0,41.824,-71.4128,2024,6,20,13
2024-06-20 14:00:00,762.0,533.0,229.0,570.0,33.5,50,8.9,230,1022.0,67,7,7,63,0.0,3600.0,41.824,-71.4128,2024,6,20,14
2024-06-20 15:00:00,784.0,623.0,161.0,708.1,33.9,49,11.1,216,1021.0,33,2,6,29,0.0,3600.0,41.824,-71.4128,2024,6,20,15
2024-06-20 16:00:00,660.0,506.0,154.0,646.4,33.3,48,11.8,230,1020.6,54,13,23,40,0.0,3600.0,41.824,-71.4128,2024,6,20,16
2024-06-20 17:00:00,459.0,313.0,146.0,481.3,32.7,49,14.2,234,1020.2,98,0,11,98,0.0,3600.0,41.824,-71.4128,2024,6,20,17
2024-06-20 18:00:00,285.0,135.0,150.0,274.5,31.7,53,10.4,236,1020.5,67,1,8,64,0.0,3600.0,41.824,-71.4128,2024,6,20,18
2024-06-20 19:00:00,208.0,126.0,82.0,396.6,29.9,61,11.0,212,1020.3,53,0,5,50,0.0,3600.0,41.824,-71.4128,2024,6,20,19
2024-06-20 20:00:00,73.0,32.0,41.0,228.3,27.4,67,12.5,226,1020.7,96,0,4,96,0.0,3600.0,41.824,-71.4128,2024,6,20,20
2024-06-20 21:00:00,3.0,1.0,2.0,19.1,26.4,70,9.1,261,1021.3,10,0,10,0,0.0,0.0,41.824,-71.4128,2024,6,20,21
2024-06-20 22:00:00,0.0,0.0,0.0,0.0,25.0,78,5.6,15,1022.7,57,8,56,2,0.4,0.0,41.824,-71.4128,2024,6,20,22
2024-06-20 23:00:00,0.0,0.0,0.0,0.0,23.9,88,5.5,101,1022.5,30,0,1,29,0.0,0.0,41.824,-71.4128,2024,6,20,23
2024-06-21 00:00:00,0.0,0.0,0.0,0.0,22.9,90,5.9,169,1021.9,66,0,1,65,0.0,0.0,41.824,-71.4128,2024,6,21,0
2024-06-21 01:00:00,0.0,0.0,0.0,0.0,22.5,89,6.4,218,1021.4,66,0,0,66,0.0,0.0,41.824,-71.4128,2024,6,21,1
2024-06-21 02:00:00,0.0,0.0,0.0,0.0,21.9,88,8.4,250,1020.8,69,0,0,69,0.0,0.0,41.824,-71.4128,2024,6,21,2
2024-06-21 03:00:00,0.0,0.0,0.0,0.0,21.4,89,8.0,262,1020.4,3,0,3,0,0.0,0.0,41.824,-71.4128,2024,6,21,3
2024-06-21 04:00:00,0.0,0.0,0.0,0.0,20.9,89,5.8,277,1020.4,11,0,6,6,0.0,0.0,41.824,-71.4128,2024,6,21,4
2024-06-21 05:00:00,0.0,0.0,0.0,0.0,20.2,92,5.2,254,1020.4,4,0,2,2,0.0,0.0,41.824,-71.4128,2024,6,21,5
2024-06-21 06:00:00,20.0,8.0,12.0,101.9,20.8,89,5.8,248,1020.2,0,0,0,0,0.0,1532.26,41.824,-71.4128,2024,6,21,6
2024-06-21 07:00:00,134.0,80.0,54.0,375.9,22.0,86,3.4,252,1020.4,5,0,0,5,0.0,3600.0,41.824,-71.4128,2024,6,21,7
2024-06-21 08:00:00,299.0,219.0,80.0,560.9,24.1,81,0.0,270,1020.5,78,0,0,78,0.0,3600.0,41.824,-71.4128,2024,6,21,8
2024-06-21 09:00:00,444.0,299.0,145.0,534.4,27.4,72,3.3,354,1020.3,92,0,0,92,0.0,3600.0,41.824,-71.4128,2024,6,21,9
2024-06-21 10:00:00,623.0,493.0,130.0,695.8,29.5,64,4.3,355,1020.0,8,0,5,3,0.0,3600.0,41.824,-71.4128,2024,6,21,10
2024-06-21 11:00:00,754.0,622.0,132.0,751.8,30.7,59,5.8,4,1019.8,25,1,10,16,0.1,3600.0,41.824,-71.4128,2024,6,21,11
2024-06-21 12:00:00,780.0,600.0,180.0,660.8,31.3,58,7.5,35,1019.3,72,27,2,61,0.1,3600.0,41.824,-71.4128,2024,6,21,12
2024-06-21 13:00:00,548.0,279.0,269.0,295.3,24.7,89,15.4,53,1019.8,96,42,56,84,10.4,3600.0,41.824,-71.4128,2024,6,21,13
2024-06-21 14:00:00,386.0,124.0,262.0,132.6,26.2,84,7.6,65,1019.7,95,20,79,80,0.4,2177.6,41.824,-71.4128,2024,6,21,14
2024-06-21 15:00:00,375.0,121.0,254.0,137.5,26.8,76,6.4,52,1019.2,99,20,94,94,0.3,2324.51,41.824,-71.4128,2024,6,21,15
2024-06-21 16:00:00,296.0,53.0,243.0,67.7,25.9,81,4.1,105,1019.0,96,23,7,95,0.6,230.41,41.824,-71.4128,2024,6,21,16
2024-06-21 17:00:00,333.0,89.0,244.0,136.8,25.6,84,7.6,135,1018.2,99,30,9,99,0.9,2302.56,41.824,-71.4128,2024,6,21,17
2024-06-21 18:00:00,247.0,66.0,181.0,134.1,25.5,84,6.6,112,1018.1,100,24,3,100,0.2,2222.15,41.824,-71.4128,2024,6,21,18
2024-06-21 19:00:00,102.0,12.0,90.0,37.7,25.0,84,6.9,118,1017.9,100,10,1,100,0.0,0.0,41.824,-71.4128,2024,6,21,19
2024-06-21 20:00:00,56.0,8.0,48.0,56.9,24.0,90,3.2,90,1018.1,100,90,12,100,0.0,0.0,41.824,-71.4128,2024,6,21,20
2024-06-21 21:00:00,0.0,0.0,0.0,0.0,21.3,95,8.7,45,1019.4,100,6,100,100,3.9,0.0,41.824,-71.4128,2024,6,21,21
2024-06-21 22:00:00,0.0,0.0,0.0,0.0,20.5,95,6.0,65,1019.3,99,0,9,99,1.0,0.0,41.824,-71.4128,2024,6,21,22
2024-06-21 23:00:00,0.0,0.0,0.0,0.0,19.7,98,6.8,3,1019.2,68,42,5,43,0.0,0.0,41.824,-71.4128,2024,6,21,23
2024-06-22 00:00:00,0.0,0.0,0.0,0.0,19.3,98,5.0,21,1018.6,61,39,1,36,0.0,0.0,41.824,-71.4128,2024,6,22,0
2024-06-22 01:00:00,0.0,0.0,0.0,0.0,18.9,98,4.1,38,1018.2,99,99,1,22,0.0,0.0,41.824,-71.4128,2024,6,22,1
2024-06-22 02:00:00,0.0,0.0,0.0,0.0,18.6,99,4.7,23,1018.0,98,98,0,2,0.0,0.0,41.824,-71.4128,2024,6,22,2
2024-06-22 03:00:00,0.0,0.0,0.0,0.0,18.3,100,6.8,25,1017.8,100,100,2,100,0.0,0.0,41.824,-71.4128,2024,6,22,3
2024-06-22 04:00:00,0.0,0.0,0.0,0.0,18.3,99,3.6,53,1017.1,100,100,0,98,0.0,0.0,41.824,-71.4128,2024,6,22,4
2024-06-22 05:00:00,0.0,0.0,0.0,0.0,18.3,99,4.6,45,1017.0,100,100,5,97,0.0,0.0,41.824,-71.4128,2024,6,22,5
2024-06-22 06:00:00,10.0,0.0,10.0,0.0,18.6,99,4.3,66,1016.9,100,100,6,76,0.0,0.0,41.824,-71.4128,2024,6,22,6
2024-06-22 07:00:00,54.0,3.0,51.0,14.1,19.4,97,4.5,76,1016.9,100,100,4,39,0.0,0.0,41.824,-71.4128,2024,6,22,7
2024-06-22 08:00:00,140.0,39.0,101.0,100.1,20.6,94,4.8,103,1016.5,100,100,0,100,0.0,1201.7,41.824,-71.4128,2024,6,22,8
2024-06-22 09:00:00,181.0,11.0,170.0,19.7,21.1,95,3.1,45,1016.5,100,100,1,58,0.0,0.0,41.824,-71.4128,2024,6,22,9
2024-06-22 10:00:00,305.0,40.0,265.0,56.5,22.7,88,2.7,67,1016.5,100,100,17,12,0.1,0.0,41.824,-71.4128,2024,6,22,10
2024-06-22 11:00:00,338.0,55.0,283.0,66.5,23.9,85,1.0,45,1016.3,100,100,29,59,0.1,195.17,41.824,-71.4128,2024,6,22,11
2024-06-22 12:00:00,296.0,11.0,285.0,12.1,24.6,83,3.2,27,1015.5,100,100,19,100,0.1,0.0,41.824,-71.4128,2024,6,22,12
2024-06-22 13:00:00,387.0,30.0,357.0,31.8,25.8,78,2.6,34,1015.1,100,100,4,100,0.1,0.0,41.824,-71.4128,2024,6,22,13
2024-06-22 14:00:00,274.0,23.0,251.0,24.6,25.4,79,5.9,101,1014.6,100,100,29,99,0.0,0.0,41.824,-71.4128,2024,6,22,14
2024-06-22 15:00:00,248.0,2.0,246.0,2.3,25.6,79,4.8,103,1013.8,100,57,38,100,0.0,0.0,41.824,-71.4128,2024,6,22,15
2024-06-22 16:00:00,267.0,20.0,247.0,25.5,25.8,80,8.5,208,1014.1,100,84,51,98,0.3,0.0,41.824,-71.4128,2024,6,22,16
2024-06-22 17:00:00,158.0,15.0,143.0,23.0,24.8,84,7.4,231,1013.1,52,26,5,31,0.4,0.0,41.824,-71.4128,2024,6,22,17
2024-06-22 18:00:00,293.0,145.0,148.0,294.3,25.2,82,5.9,194,1012.6,94,8,6,93,0.0,3600.0,41.824,-71.4128,2024,6,22,18
2024-06-22 19:00:00,190.0,75.0,115.0,235.3,25.1,84,7.0,159,1012.6,71,62,13,14,0.0,3600.0,41.824,-71.4128,2024,6,22,19
2024-06-22 20:00:00,68.0,25.0,43.0,177.1,24.1,91,5.6,140,1012.8,43,21,9,20,0.0,3514.31,41.824,-71.4128,2024,6,22,20
2024-06-22 21:00:00,2.0,0.0,2.0,0.0,19.0,94,10.7,33,1014.6,100,100,0,1,0.0,0.0,41.824,-71.4128,2024,6,22,21
2024-06-22 22:00:00,0.0,0.0,0.0,0.0,18.7,93,7.7,37,1014.8,100,100,5,22,0.0,0.0,41.824,-71.4128,2024,6,22,22
2024-06-22 23:00:00,0.0,0.0,0.0,0.0,18.5,92,7.6,25,1014.7,100,100,3,39,0.0,0.0,41.824,-71.4128,2024,6,22,23
2024-06-23 00:00:00,0.0,0.0,0.0,0.0,18.2,91,6.4,27,1014.6,100,100,53,100,0.2,0.0,41.824,-71.4128,2024,6,23,0
2024-06-23 01:00:00,0.0,0.0,0.0,0.0,18.0,93,6.4,52,1013.9,100,100,76,100,0.0,0.0,41.824,-71.4128,2024,6,23,1
2024-06-23 02:00:00,0.0,0.0,0.0,0.0,17.7,95,5.5,67,1013.4,100,100,100,100,0.0,0.0,41.824,-71.4128,2024,6,23,2
2024-06-23 03:00:00,0.0,0.0,0.0,0.0,17.5,96,5.6,50,1012.7,100,100,99,99,0.0,0.0,41.824,-71.4128,2024,6,23,3
2024-06-23 04:00:00,0.0,0.0,0.0,0.0,17.6,96,5.9,104,1011.8,100,100,1,100,0.0,0.0,41.824,-71.4128,2024,6,23,4
2024-06-23 05:00:00,0.0,0.0,0.0,0.0,18.3,96,6.1,118,1011.2,100,100,14,100,0.0,0.0,41.824,-71.4128,2024,6,23,5
2024-06-23 06:00:00,10.0,0.0,10.0,0.0,19.5,96,7.9,156,1010.9,100,100,58,100,0.0,0.0,41.824,-71.4128,2024,6,23,6
2024-06-23 07:00:00,35.0,0.0,35.0,0.0,20.9,94,11.7,171,1010.1,100,100,100,100,0.0,0.0,41.824,-71.4128,2024,6,23,7
2024-06-23 08:00:00,99.0,0.0,99.0,0.0,21.8,91,13.5,189,1009.9,100,100,86,100,0.0,0.0,41.824,-71.4128,2024,6,23,8
2024-06-23 09:00:00,215.0,19.0,196.0,34.0,23.4,90,18.9,211,1008.4,100,57,98,97,0.1,0.0,41.824,-71.4128,2024,6,23,9
2024-06-23 10:00:00,276.0,63.0,213.0,89.1,24.0,90,18.2,219,1007.9,100,100,100,100,0.2,871.55,41.824,-71.4128,2024,6,23,10
2024-06-23 11:00:00,121.0,0.0,121.0,0.0,24.0,91,16.5,200,1006.8,95,18,15,93,0.2,0.0,41.824,-71.4128,2024,6,23,11
2024-06-23 12:00:00,692.0,431.0,261.0,475.0,28.4,73,21.6,213,1006.1,91,41,1,84,0.0,3600.0,41.824,-71.4128,2024,6,23,12
2024-06-23 13:00:00,782.0,542.0,240.0,573.9,30.0,68,18.3,202,1004.6,100,8,3,100,0.0,3600.0,41.824,-71.4128,2024,6,23,13
2024-06-23 14:00:00,816.0,534.0,282.0,570.9,30.4,65,21.1,188,1003.3,99,0,0,99,0.0,3600.0,41.824,-71.4128,2024,6,23,14
2024-06-23 15:00:00,724.0,443.0,281.0,503.1,29.7,67,21.3,191,1002.3,94,0,2,94,0.0,3600.0,41.824,-71.4128,2024,6,23,15
2024-06-23 16:00:00,676.0,494.0,182.0,630.4,29.5,65,22.4,191,1001.3,87,0,5,86,0.0,3600.0,41.824,-71.4128,2024,6,23,16
2024-06-23 17:00:00,517.0,357.0,160.0,547.9,28.8,67,19.9,200,1001.4,100,0,3,100,0.0,3600.0,41.824,-71.4128,2024,6,23,17
2024-06-23 18:00:00,141.0,20.0,121.0,40.6,26.8,73,21.0,202,1000.8,100,0,12,100,0.0,0.0,41.824,-71.4128,2024,6,23,18
2024-06-23 19:00:00,73.0,0.0,73.0,0.0,25.9,74,21.3,206,1000.6,100,0,84,100,0.0,0.0,41.824,-71.4128,2024,6,23,19
2024-06-23 20:00:00,18.0,0.0,18.0,0.0,25.2,75,22.7,209,1000.5,100,0,88,100,0.0,0.0,41.824,-71.4128,2024,6,23,20
2024-06-23 21:00:00,1.0,0.0,1.0,0.0,25.4,78,21.6,213,1000.2,100,0,95,100,0.0,0.0,41.824,-71.4128,2024,6,23,21
2024-06-23 22:00:00,0.0,0.0,0.0,0.0,25.3,79,20.8,210,999.9,100,0,12,100,0.0,0.0,41.824,-71.4128,2024,6,23,22
2024-06-23 23:00:00,0.0,0.0,0.0,0.0,25.2,79,22.3,214,999.5,100,0,4,100,0.0,0.0,41.824,-71.4128,2024,6,23,23
2024-06-24 00:00:00,0.0,0.0,0.0,0.0,25.1,77,19.9,222,999.6,100,0,2,100,0.0,0.0,41.824,-71.4128,2024,6,24,0
2024-06-24 01:00:00,0.0,0.0,0.0,0.0,24.7,77,22.3,218,999.5,94,0,2,94,0.0,0.0,41.824,-71.4128,2024,6,24,1
2024-06-24 02:00:00,0.0,0.0,0.0,0.0,23.9,82,21.2,222,999.2,97,0,1,97,0.0,0.0,41.824,-71.4128,2024,6,24,2
2024-06-24 03:00:00,0.0,0.0,0.0,0.0,23.8,83,19.6,224,998.9,34,2,0,32,0.0,0.0,41.824,-71.4128,2024,6,24,3
2024-06-24 04:00:00,0.0,0.0,0.0,0.0,23.6,84,17.3,222,998.6,63,1,4,62,0.0,0.0,41.824,-71.4128,2024,6,24,4
2024-06-24 05:00:00,0.0,0.0,0.0,0.0,23.3,86,15.3,225,998.2,45,1,3,43,0.0,0.0,41.824,-71.4128,2024,6,24,5
2024-06-24 06:00:00,19.0,6.0,13.0,77.5,23.5,85,14.2,234,998.2,2,0,0,2,0.0,844.86,41.824,-71.4128,2024,6,24,6
2024-06-24 07:00:00,133.0,79.0,54.0,375.2,24.5,80,15.5,252,998.7,12,0,0,11,0.0,3600.0,41.824,-71.4128,2024,6,24,7
2024-06-24 08:00:00,300.0,219.0,81.0,564.1,25.0,74,15.5,266,999.0,43,6,0,39,0.0,3600.0,41.824,-71.4128,2024,6,24,8
2024-06-24 09:00:00,420.0,264.0,156.0,473.6,25.9,70,16.9,272,998.7,89,83,7,36,0.1,3600.0,41.824,-71.4128,2024,6,24,9
2024-06-24 10:00:00,444.0,234.0,210.0,331.1,25.1,66,14.0,305,999.1,82,41,0,69,0.1,3600.0,41.824,-71.4128,2024,6,24,10
2024-06-24 11:00:00,741.0,562.0,179.0,680.3,26.1,61,13.5,299,999.3,71,64,11,13,0.0,3600.0,41.824,-71.4128,2024,6,24,11
2024-06-24 12:00:00,735.0,465.0,270.0,512.6,26.6,57,12.9,283,999.3,56,39,42,0,0.0,3600.0,41.824,-71.4128,2024,6,24,12
2024-06-24 13:00:00,671.0,417.0,254.0,441.6,26.4,57,13.3,272,999.1,34,12,26,0,0.1,3600.0,41.824,-71.4128,2024,6,24,13
2024-06-24 14:00:00,704.0,483.0,221.0,516.4,27.1,51,16.3,265,998.7,70,44,68,1,0.0,3600.0,41.824,-71.4128,2024,6,24,14
2024-06-24 15:00:00,531.0,210.0,321.0,238.5,26.2,50,18.0,269,998.6,100,71,100,11,0.0,3600.0,41.824,-71.4128,2024,6,24,15
2024-06-24 16:00:00,498.0,200.0,298.0,255.1,26.2,46,15.7,261,998.5,71,3,70,0,0.0,3600.0,41.824,-71.4128,2024,6,24,16
2024-06-24 17:00:00,356.0,131.0,225.0,201.0,25.6,47,14.8,270,998.6,100,21,100,0,0.0,3600.0,41.824,-71.4128,2024,6,24,17
2024-06-24 18:00:00,199.0,76.0,123.0,154.0,24.0,55,13.3,289,998.9,8,5,3,0,0.0,2820.07,41.824,-71.4128,2024,6,24,18
2024-06-24 19:00:00,234.0,161.0,73.0,503.9,22.8,59,14.3,295,999.4,22,4,22,0,0.0,3600.0,41.824,-71.4128,2024,6,24,19
2024-06-24 20:00:00,75.0,38.0,37.0,268.0,20.9,67,14.7,306,1000.2,25,5,23,0,0.0,3600.0,41.824,-71.4128,2024,6,24,20
2024-06-24 21:00:00,3.0,0.0,3.0,0.0,20.4,71,15.5,312,1001.3,12,3,9,0,0.0,0.0,41.824,-71.4128,2024,6,24,21
2024-06-24 22:00:00,0.0,0.0,0.0,0.0,19.8,74,18.2,322,1002.2,19,8,13,0,0.0,0.0,41.824,-71.4128,2024,6,24,22
2024-06-24 23:00:00,0.0,0.0,0.0,0.0,19.4,75,18.9,329,1002.9,36,26,15,0,0.0,0.0,41.824,-71.4128,2024,6,24,23
2024-06-25 00:00:00,0.0,0.0,0.0,0.0,18.7,78,18.0,334,1003.7,7,7,1,0,0.0,0.0,41.824,-71.4128,2024,6,25,0
2024-06-25 01:00:00,0.0,0.0,0.0,0.0,18.8,75,19.7,339,1004.2,65,21,56,0,0.0,0.0,41.824,-71.4128,2024,6,25,1
2024-06-25 02:00:00,0.0,0.0,0.0,0.0,18.8,74,16.6,336,1004.8,52,18,44,0,0.1,0.0,41.824,-71.4128,2024,6,25,2
2024-06-25 03:00:00,0.0,0.0,0.0,0.0,18.3,73,14.8,317,1005.1,0,0,0,0,0.0,0.0,41.824,-71.4128,2024,6,25,3
2024-06-25 04:00:00,0.0,0.0,0.0,0.0,17.8,70,14.3,313,1005.7,0,0,0,0,0.0,0.0,41.824,-71.4128,2024,6,25,4
2024-06-25 05:00:00,0.0,0.0,0.0,0.0,17.5,71,14.0,314,1006.2,0,0,0,0,0.0,0.0,41.824,-71.4128,2024,6,25,5
2024-06-25 06:00:00,20.0,9.0,11.0,117.0,17.5,73,14.4,307,1006.7,0,0,0,0,0.0,1920.64,41.824,-71.4128,2024,6,25,6
2024-06-25 07:00:00,143.0,92.0,51.0,438.9,19.2,69,15.8,305,1008.2,0,0,0,0,0.0,3600.0,41.824,-71.4128,2024,6,25,7
2024-06-25 08:00:00,317.0,242.0,75.0,624.8,21.3,66,12.6,301,1008.8,0,0,0,0,0.0,3600.0,41.824,-71.4128,2024,6,25,8
2024-06-25 09:00:00,502.0,413.0,89.0,741.9,24.0,60,13.3,311,1007.7,0,0,0,0,0.0,3600.0,41.824,-71.4128,2024,6,25,9
2024-06-25 10:00:00,668.0,568.0,100.0,804.4,26.3,52,14.0,316,1008.6,0,0,0,0,0.0,3600.0,41.824,-71.4128,2024,6,25,10
2024-06-25 11:00:00,803.0,694.0,109.0,840.7,28.0,42,15.3,321,1009.1,0,0,0,0,0.0,3600.0,41.824,-71.4128,2024,6,25,11
2024-06-25 12:00:00,894.0,781.0,113.0,861.4,29.2,36,15.4,323,1009.0,4,0,4,0,0.0,3600.0,41.824,-71.4128,2024,6,25,12
2024-06-25 13:00:00,936.0,821.0,115.0,869.6,30.0,34,14.3,313,1008.5,4,0,4,0,0.0,3600.0,41.824,-71.4128,2024,6,25,13
2024-06-25 14:00:00,918.0,794.0,124.0,849.0,30.7,33,15.9,308,1008.2,43,0,43,0,0.0,3600.0,41.824,-71.4128,2024,6,25,14
2024-06-25 15:00:00,728.0,523.0,205.0,593.9,30.7,31,15.5,306,1008.0,72,0,57,35,0.0,3600.0,41.824,-71.4128,2024,6,25,15
2024-06-25 16:00:00,577.0,345.0,232.0,440.0,30.2,34,12.5,288,1008.1,100,0,9,100,0.0,3600.0,41.824,-71.4128,2024,6,25,16
2024-06-25 17:00:00,582.0,446.0,136.0,683.9,30.3,34,11.5,270,1007.9,35,0,1,34,0.0,3600.0,41.824,-71.4128,2024,6,25,17
2024-06-25 18:00:00,415.0,316.0,99.0,639.9,29.6,38,7.8,257,1007.8,94,0,0,94,0.0,3600.0,41.824,-71.4128,2024,6,25,18
2024-06-25 19:00:00,237.0,153.0,84.0,478.4,27.3,52,6.9,231,1007.8,96,0,0,96,0.0,3600.0,41.824,-71.4128,2024,6,25,19
2024-06-25 20:00:00,83.0,42.0,41.0,295.7,24.7,63,6.7,216,1007.3,1,0,0,1,0.0,3600.0,41.824,-71.4128,2024,6,25,20
2024-06-25 21:00:00,3.0,1.0,2.0,19.1,22.7,65,11.4,198,1008.8,66,0,0,66,0.0,0.0,41.824,-71.4128,2024,6,25,21
2024-06-25 22:00:00,0.0,0.0,0.0,0.0,22.6,56,16.6,231,1009.1,92,0,44,91,0.0,0.0,41.824,-71.4128,2024,6,25,22
2024-06-25 23:00:00,0.0,0.0,0.0,0.0,22.4,55,14.8,223,1009.1,100,0,97,98,0.0,0.0,41.824,-71.4128,2024,6,25,23
2024-06-26 00:00:00,0.0,0.0,0.0,0.0,22.0,56,15.8,223,1008.8,100,0,23,100,0.0,0.0,41.824,-71.4128,2024,6,26,0
2024-06-26 01:00:00,0.0,0.0,0.0,0.0,21.6,59,16.8,223,1008.4,100,0,44,100,0.0,0.0,41.824,-71.4128,2024,6,26,1
2024-06-26 02:00:00,0.0,0.0,0.0,0.0,21.5,59,15.3,229,1008.0,100,0,1,100,0.0,0.0,41.824,-71.4128,2024,6,26,2
2024-06-26 03:00:00,0.0,0.0,0.0,0.0,21.2,61,14.3,221,1007.7,100,0,3,100,0.0,0.0,41.824,-71.4128,2024,6,26,3
2024-06-26 04:00:00,0.0,0.0,0.0,0.0,21.1,65,14.4,217,1007.4,97,0,6,97,0.0,0.0,41.824,-71.4128,2024,6,26,4
2024-06-26 05:00:00,0.0,0.0,0.0,0.0,21.0,69,14.8,219,1007.0,100,0,4,100,0.0,0.0,41.824,-71.4128,2024,6,26,5
2024-06-26 06:00:00,18.0,4.0,14.0,52.4,21.4,70,15.8,223,1007.0,100,0,3,100,0.0,154.59,41.824,-71.4128,2024,6,26,6
2024-06-26 07:00:00,120.0,50.0,70.0,239.7,22.4,68,16.0,224,1007.1,100,0,8,100,0.0,3600.0,41.824,-71.4128,2024,6,26,7
2024-06-26 08:00:00,275.0,178.0,97.0,460.7,23.9,66,12.7,215,1006.9,99,0,10,99,0.0,3600.0,41.824,-71.4128,2024,6,26,8
2024-06-26 09:00:00,443.0,296.0,147.0,532.6,25.5,64,13.2,227,1006.2,99,0,4,99,0.0,3600.0,41.824,-71.4128,2024,6,26,9
2024-06-26 10:00:00,570.0,352.0,218.0,499.0,27.0,60,13.6,220,1005.7,100,0,13,100,0.0,3600.0,41.824,-71.4128,2024,6,26,10
2024-06-26 11:00:00,716.0,510.0,206.0,618.3,28.6,55,13.8,229,1005.7,89,8,20,86,0.0,3600.0,41.824,-71.4128,2024,6,26,11
2024-06-26 12:00:00,778.0,557.0,221.0,614.6,29.7,52,16.8,228,1005.2,56,0,0,55,0.0,3600.0,41.824,-71.4128,2024,6,26,12
2024-06-26 13:00:00,912.0,791.0,121.0,838.1,30.7,49,21.7,246,1004.5,84,20,26,77,0.0,3600.0,41.824,-71.4128,2024,6,26,13
2024-06-26 14:00:00,787.0,612.0,175.0,654.5,30.5,51,20.5,242,1004.2,77,15,31,65,0.2,3600.0,41.824,-71.4128,2024,6,26,14
2024-06-26 15:00:00,737.0,568.0,169.0,645.0,31.0,50,19.7,239,1004.0,93,11,26,90,0.1,3600.0,41.824,-71.4128,2024,6,26,15
2024-06-26 16:00:00,635.0,459.0,176.0,585.3,30.6,52,18.7,232,1003.6,87,58,31,67,0.1,3600.0,41.824,-71.4128,2024,6,26,16
2024-06-26 17:00:00,417.0,201.0,216.0,308.1,30.2,53,17.3,222,1002.9,84,6,42,71,0.0,3600.0,41.824,-71.4128,2024,6,26,17
2024-06-26 18:00:00,227.0,64.0,163.0,129.5,28.0,65,14.8,206,1003.2,65,16,34,41,0.1,2086.37,41.824,-71.4128,2024,6,26,18
2024-06-26 19:00:00,164.0,77.0,87.0,240.6,27.1,70,12.6,207,1003.7,89,1,22,86,0.0,3600.0,41.824,-71.4128,2024,6,26,19
2024-06-26 20:00:00,55.0,11.0,44.0,77.4,25.5,77,9.2,211,1003.8,80,6,15,76,0.0,520.71,41.824,-71.4128,2024,6,26,20
2024-06-26 21:00:00,2.0,0.0,2.0,0.0,24.7,81,8.9,212,1004.0,84,3,15,81,0.0,0.0,41.824,-71.4128,2024,6,26,21
2024-06-26 22:00:00,0.0,0.0,0.0,0.0,24.1,82,10.5,207,1004.3,100,2,23,100,0.0,0.0,41.824,-71.4128,2024,6,26,22
2024-06-26 23:00:00,0.0,0.0,0.0,0.0,22.0,88,13.3,251,1004.2,100,63,48,99,7.1,0.0,41.824,-71.4128,2024,6,26,23
2024-06-27 00:00:00,0.0,0.0,0.0,0.0,20.9,94,7.8,158,1003.4,100,1,36,100,2.2,0.0,41.824,-71.4128,2024,6,27,0
2024-06-27 01:00:00,0.0,0.0,0.0,0.0,20.7,95,4.4,279,1003.5,100,29,51,100,0.1,0.0,41.824,-71.4128,2024,6,27,1
2024-06-27 02:00:00,0.0,0.0,0.0,0.0,20.7,95,7.0,168,1003.6,100,63,100,100,1.0,0.0,41.824,-71.4128,2024,6,27,2
2024-06-27 03:00:00,0.0,0.0,0.0,0.0,20.2,98,5.8,330,1002.1,100,0,69,100,2.2,0.0,41.824,-71.4128,2024,6,27,3
2024-06-27 04:00:00,0.0,0.0,0.0,0.0,20.3,97,8.0,207,1002.8,100,12,100,100,0.4,0.0,41.824,-71.4128,2024,6,27,4
2024-06-27 05:00:00,0.0,0.0,0.0,0.0,20.3,98,5.4,278,1002.3,100,99,100,100,1.2,0.0,41.824,-71.4128,2024,6,27,5
2024-06-27 06:00:00,2.0,0.0,2.0,0.0,19.8,97,7.9,330,1002.7,100,52,100,100,2.9,0.0,41.824,-71.4128,2024,6,27,6
2024-06-27 07:00:00,7.0,0.0,7.0,0.0,18.7,94,8.7,318,1003.8,100,0,98,100,2.0,0.0,41.824,-71.4128,2024,6,27,7
2024-06-27 08:00:00,68.0,0.0,68.0,0.0,19.0,91,7.6,278,1004.3,100,0,0,100,0.0,0.0,41.824,-71.4128,2024,6,27,8
2024-06-27 09:00:00,443.0,297.0,146.0,535.3,21.9,80,8.9,297,1005.0,100,3,0,100,0.0,3600.0,41.824,-71.4128,2024,6,27,9
2024-06-27 10:00:00,484.0,204.0,280.0,289.5,22.7,71,10.3,295,1005.0,24,1,0,23,0.0,3600.0,41.824,-71.4128,2024,6,27,10
2024-06-27 11:00:00,774.0,645.0,129.0,782.5,24.4,62,12.6,297,1005.1,6,6,0,0,0.0,3600.0,41.824,-71.4128,2024,6,27,11
2024-06-27 12:00:00,871.0,738.0,133.0,814.8,25.8,55,14.7,292,1005.3,21,21,0,0,0.0,3600.0,41.824,-71.4128,2024,6,27,12
2024-06-27 13:00:00,867.0,679.0,188.0,719.6,26.8,50,15.0,294,1005.0,9,9,5,0,0.0,3600.0,41.824,-71.4128,2024,6,27,13
2024-06-27 14:00:00,875.0,694.0,181.0,742.3,27.6,47,14.5,284,1004.9,27,9,26,0,0.0,3600.0,41.824,-71.4128,2024,6,27,14
2024-06-27 15:00:00,705.0,485.0,220.0,550.7,27.3,47,15.8,271,1004.9,51,6,51,0,0.0,3600.0,41.824,-71.4128,2024,6,27,15
2024-06-27 16:00:00,447.0,218.0,229.0,277.9,26.6,48,15.2,263,1005.0,37,1,37,0,0.0,3600.0,41.824,-71.4128,2024,6,27,16
2024-06-27 17:00:00,481.0,307.0,174.0,470.5,26.9,45,15.8,270,1004.7,53,0,53,0,0.0,3600.0,41.824,-71.4128,2024,6,27,17
2024-06-27 18:00:00,396.0,289.0,107.0,584.8,26.3,48,13.0,267,1005.1,29,4,26,0,0.0,3600.0,41.824,-71.4128,2024,6,27,18
2024-06-27 19:00:00,200.0,123.0,77.0,384.2,24.6,57,12.4,306,1006.0,12,6,11,0,0.0,3600.0,41.824,-71.4128,2024,6,27,19
2024-06-27 20:00:00,76.0,38.0,38.0,267.1,22.9,61,12.2,304,1007.4,18,9,17,0,0.0,3600.0,41.824,-71.4128,2024,6,27,20
2024-06-27 21:00:00,3.0,1.0,2.0,19.1,21.9,62,13.6,302,1008.6,35,21,33,0,0.0,0.0,41.824,-71.4128,2024,6,27,21
2024-06-27 22:00:00,0.0,0.0,0.0,0.0,20.7,60,13.7,305,1010.3,79,48,78,0,0.0,0.0,41.824,-71.4128,2024,6,27,22
2024-06-27 23:00:00,0.0,0.0,0.0,0.0,19.9,60,14.9,328,1011.1,2,1,1,0,0.0,0.0,41.824,-71.4128,2024,6,27,23
2024-06-28 00:00:00,0.0,0.0,0.0,0.0,18.2,53,15.0,333,1012.2,0,0,0,0,0.0,0.0,41.824,-71.4128,2024,6,28,0
2024-06-28 01:00:00,0.0,0.0,0.0,0.0,16.8,52,11.9,331,1012.6,0,0,0,0,0.0,0.0,41.824,-71.4128,2024,6,28,1
2024-06-28 02:00:00,0.0,0.0,0.0,0.0,15.9,55,11.6,330,1013.3,0,0,0,0,0.0,0.0,41.824,-71.4128,2024,6,28,2
2024-06-28 03:00:00,0.0,0.0,0.0,0.0,15.3,57,11.9,331,1014.0,0,0,0,0,0.0,0.0,41.824,-71.4128,2024,6,28,3
2024-06-28 04:00:00,0.0,0.0,0.0,0.0,14.6,61,12.4,338,1014.6,0,0,0,0,0.0,0.0,41.824,-71.4128,2024,6,28,4
2024-06-28 05:00:00,0.0,0.0,0.0,0.0,13.9,65,11.1,335,1015.4,3,0,0,3,0.0,0.0,41.824,-71.4128,2024,6,28,5
2024-06-28 06:00:00,20.0,9.0,11.0,119.5,13.5,69,10.8,323,1016.5,0,0,0,0,0.0,1953.18,41.824,-71.4128,2024,6,28,6
2024-06-28 07:00:00,146.0,97.0,49.0,470.2,14.8,68,9.7,318,1017.5,0,0,0,0,0.0,3600.0,41.824,-71.4128,2024,6,28,7
2024-06-28 08:00:00,328.0,254.0,74.0,661.1,16.4,57,11.8,329,1018.0,14,0,0,14,0.0,3600.0,41.824,-71.4128,2024,6,28,8
2024-06-28 09:00:00,514.0,420.0,94.0,758.3,17.3,47,15.1,342,1018.4,0,0,0,0,0.0,3600.0,41.824,-71.4128,2024,6,28,9
2024-06-28 10:00:00,688.0,588.0,100.0,835.6,18.6,46,13.8,340,1018.2,0,0,0,0,0.0,3600.0,41.824,-71.4128,2024,6,28,10
2024-06-28 11:00:00,829.0,721.0,108.0,875.5,20.2,43,12.3,339,1018.6,0,0,0,0,0.0,3600.0,41.824,-71.4128,2024,6,28,11
2024-06-28 12:00:00,922.0,809.0,113.0,893.7,21.5,40,10.4,346,1018.8,0,0,0,0,0.0,3600.0,41.824,-71.4128,2024,6,28,12
2024-06-28 13:00:00,963.0,848.0,115.0,899.1,22.6,37,9.0,355,1018.9,0,0,0,0,0.0,3600.0,41.824,-71.4128,2024,6,28,13
2024-06-28 14:00:00,950.0,836.0,114.0,894.3,23.4,34,5.2,12,1018.9,0,0,0,0,0.0,3600.0,41.824,-71.4128,2024,6,28,14
2024-06-28 15:00:00,883.0,773.0,110.0,877.8,23.9,33,0.4,90,1019.0,0,0,0,0,0.0,3600.0,41.824,-71.4128,2024,6,28,15
2024-06-28 16:00:00,767.0,662.0,105.0,844.0,24.1,33,2.8,130,1019.0,0,0,0,0,0.0,3600.0,41.824,-71.4128,2024,6,28,16
2024-06-28 17:00:00,612.0,515.0,97.0,789.1,23.9,35,6.3,156,1019.2,0,0,0,0,0.0,3600.0,41.824,-71.4128,2024,6,28,17
2024-06-28 18:00:00,432.0,346.0,86.0,699.9,21.7,49,16.1,196,1019.6,0,0,0,0,0.0,3600.0,41.824,-71.4128,2024,6,28,18
2024-06-28 19:00:00,245.0,177.0,68.0,552.7,20.3,53,11.8,200,1019.9,0,0,0,0,0.0,3600.0,41.824,-71.4128,2024,6,28,19
2024-06-28 20:00:00,84.0,48.0,36.0,337.4,18.3,59,12.3,185,1020.6,7,0,0,7,0.0,3600.0,41.824,-71.4128,2024,6,28,20
2024-06-28 21:00:00,3.0,1.0,2.0,19.1,16.7,64,9.5,189,1021.3,9,0,9,1,0.0,0.0,41.824,-71.4128,2024,6,28,21
2024-06-28 22:00:00,0.0,0.0,0.0,0.0,15.8,68,7.9,196,1021.9,99,0,9,99,0.0,0.0,41.824,-71.4128,2024,6,28,22
2024-06-28 23:00:00,0.0,0.0,0.0,0.0,15.2,69,9.0,209,1022.3,100,0,4,100,0.0,0.0,41.824,-71.4128,2024,6,28,23
2024-06-29 00:00:00,0.0,0.0,0.0,0.0,14.5,72,7.7,221,1022.5,100,0,77,100,0.0,0.0,41.824,-71.4128,2024,6,29,0
2024-06-29 01:00:00,0.0,0.0,0.0,0.0,14.6,72,7.2,217,1022.6,100,0,8,100,0.0,0.0,41.824,-71.4128,2024,6,29,1
2024-06-29 02:00:00,0.0,0.0,0.0,0.0,14.8,71,8.1,212,1022.8,100,0,100,100,0.0,0.0,41.824,-71.4128,2024,6,29,2
2024-06-29 03:00:00,0.0,0.0,0.0,0.0,15.1,72,7.6,211,1023.1,96,0,42,96,0.0,0.0,41.824,-71.4128,2024,6,29,3
2024-06-29 04:00:00,0.0,0.0,0.0,0.0,14.7,77,6.6,209,1023.3,100,0,3,100,0.0,0.0,41.824,-71.4128,2024,6,29,4
2024-06-29 05:00:00,0.0,0.0,0.0,0.0,14.6,80,7.5,197,1023.1,100,0,100,100,0.0,0.0,41.824,-71.4128,2024,6,29,5
2024-06-29 06:00:00,7.0,0.0,7.0,0.0,15.6,78,8.5,208,1023.3,100,0,99,100,0.0,0.0,41.824,-71.4128,2024,6,29,6
2024-06-29 07:00:00,65.0,2.0,63.0,9.8,16.7,79,9.2,191,1023.6,100,0,76,100,0.0,0.0,41.824,-71.4128,2024,6,29,7
2024-06-29 08:00:00,91.0,1.0,90.0,2.6,17.5,77,10.4,180,1023.6,100,1,71,99,0.0,0.0,41.824,-71.4128,2024,6,29,8
2024-06-29 09:00:00,119.0,3.0,116.0,5.4,18.6,69,12.3,165,1023.5,100,69,100,100,0.0,0.0,41.824,-71.4128,2024,6,29,9
2024-06-29 10:00:00,255.0,62.0,193.0,88.2,19.7,61,15.2,166,1023.1,99,81,26,95,0.0,846.49,41.824,-71.4128,2024,6,29,10
2024-06-29 11:00:00,542.0,207.0,335.0,251.6,21.0,54,17.5,171,1022.9,100,100,55,99,0.0,3600.0,41.824,-71.4128,2024,6,29,11
2024-06-29 12:00:00,442.0,108.0,334.0,119.4,20.8,54,17.7,168,1022.4,100,100,100,94,0.0,1781.31,41.824,-71.4128,2024,6,29,12
2024-06-29 13:00:00,435.0,46.0,389.0,48.8,21.2,55,18.2,171,1022.1,100,11,100,37,0.0,0.0,41.824,-71.4128,2024,6,29,13
2024-06-29 14:00:00,306.0,19.0,287.0,20.3,21.0,59,18.2,171,1021.4,91,10,67,71,0.0,0.0,41.824,-71.4128,2024,6,29,14
2024-06-29 15:00:00,669.0,358.0,311.0,406.6,22.5,58,19.5,176,1020.6,72,1,11,68,0.0,3600.0,41.824,-71.4128,2024,6,29,15
2024-06-29 16:00:00,677.0,468.0,209.0,596.6,23.0,61,20.6,175,1019.4,55,0,3,54,0.0,3600.0,41.824,-71.4128,2024,6,29,16
2024-06-29 17:00:00,570.0,435.0,135.0,666.5,23.4,60,22.3,177,1018.5,93,1,4,93,0.0,3600.0,41.824,-71.4128,2024,6,29,17
2024-06-29 18:00:00,364.0,208.0,156.0,420.7,22.8,69,20.9,184,1017.8,100,12,6,100,0.0,3600.0,41.824,-71.4128,2024,6,29,18
2024-06-29 19:00:00,164.0,43.0,121.0,134.3,21.9,78,15.6,173,1017.6,99,12,76,98,0.0,2228.09,41.824,-71.4128,2024,6,29,19
2024-06-29 20:00:00,42.0,8.0,34.0,56.3,21.6,82,19.9,184,1016.9,100,9,93,100,0.0,0.0,41.824,-71.4128,2024,6,29,20
2024-06-29 21:00:00,2.0,0.0,2.0,0.0,21.8,85,17.8,188,1016.8,100,10,60,100,0.0,0.0,41.824,-71.4128,2024,6,29,21
2024-06-29 22:00:00,0.0,0.0,0.0,0.0,21.6,87,16.2,193,1016.5,100,43,45,100,0.0,0.0,41.824,-71.4128,2024,6,29,22
2024-06-29 23:00:00,0.0,0.0,0.0,0.0,21.7,89,15.3,195,1016.0,100,100,13,100,0.0,0.0,41.824,-71.4128,2024,6,29,23
2024-06-30 00:00:00,0.0,0.0,0.0,0.0,22.1,89,17.8,198,1015.6,100,100,45,100,0.0,0.0,41.824,-71.4128,2024,6,30,0
2024-06-30 01:00:00,0.0,0.0,0.0,0.0,22.3,90,18.5,204,1014.7,100,62,90,97,1.0,0.0,41.824,-71.4128,2024,6,30,1
2024-06-30 02:00:00,0.0,0.0,0.0,0.0,21.9,95,17.7,207,1014.2,100,100,1,100,0.1,0.0,41.824,-71.4128,2024,6,30,2
2024-06-30 03:00:00,0.0,0.0,0.0,0.0,21.8,96,16.5,203,1013.4,100,100,1,98,0.0,0.0,41.824,-71.4128,2024,6,30,3
2024-06-30 04:00:00,0.0,0.0,0.0,0.0,22.1,96,16.8,208,1013.0,100,100,33,99,0.0,0.0,41.824,-71.4128,2024,6,30,4
2024-06-30 05:00:00,0.0,0.0,0.0,0.0,22.4,96,15.6,218,1012.5,100,41,83,100,0.5,0.0,41.824,-71.4128,2024,6,30,5
2024-06-30 06:00:00,5.0,0.0,5.0,0.0,22.3,94,21.0,232,1012.7,100,84,96,100,0.2,0.0,41.824,-71.4128,2024,6,30,6
2024-06-30 07:00:00,11.0,0.0,11.0,0.0,22.3,94,18.6,229,1012.6,100,55,33,100,0.1,0.0,41.824,-71.4128,2024,6,30,7
2024-06-30 08:00:00,69.0,2.0,67.0,5.2,22.7,93,15.8,229,1012.5,100,44,2,99,0.0,0.0,41.824,-71.4128,2024,6,30,8
2024-06-30 09:00:00,138.0,13.0,125.0,23.6,24.2,91,11.6,244,1011.7,100,24,28,100,0.1,0.0,41.824,-71.4128,2024,6,30,9
2024-06-30 10:00:00,448.0,166.0,282.0,236.5,26.5,82,16.0,247,1011.3,100,40,29,100,0.0,3600.0,41.824,-71.4128,2024,6,30,10
2024-06-30 11:00:00,512.0,181.0,331.0,220.2,27.6,77,15.5,224,1011.0,100,56,0,100,0.0,3600.0,41.824,-71.4128,2024,6,30,11
2024-06-30 12:00:00,679.0,366.0,313.0,404.8,29.2,68,16.0,224,1010.6,100,49,14,100,0.0,3600.0,41.824,-71.4128,2024,6,30,12
2024-06-30 13:00:00,638.0,281.0,357.0,298.2,29.7,66,16.5,224,1009.9,100,16,9,100,0.0,3600.0,41.824,-71.4128,2024,6,30,13
2024-06-30 14:00:00,633.0,257.0,376.0,275.1,29.8,64,18.6,221,1009.2,100,47,15,100,0.5,3600.0,41.824,-71.4128,2024,6,30,14
2024-06-30 15:00:00,449.0,109.0,340.0,123.8,29.4,69,17.3,211,1008.4,100,8,7,100,0.0,1914.25,41.824,-71.4128,2024,6,30,15
2024-06-30 16:00:00,439.0,114.0,325.0,145.3,29.0,71,18.0,217,1008.0,100,6,5,100,0.0,2560.38,41.824,-71.4128,2024,6,30,16
2024-06-30 17:00:00,376.0,122.0,254.0,186.9,28.6,72,16.8,203,1007.0,100,11,14,100,0.0,3600.0,41.824,-71.4128,2024,6,30,17
2024-06-30 18:00:00,230.0,40.0,190.0,80.9,26.5,79,14.8,231,1007.9,100,53,7,99,0.9,627.42,41.824,-71.4128,2024,6,30,18
2024-06-30 19:00:00,121.0,24.0,97.0,75.0,23.3,94,7.9,270,1009.2,100,99,63,100,9.5,448.76,41.824,-71.4128,2024,6,30,19
2024-06-30 20:00:00,10.0,0.0,10.0,0.0,23.3,94,8.7,218,1008.4,100,0,11,100,0.4,0.0,41.824,-71.4128,2024,6,30,20
2024-06-30 21:00:00,2.0,0.0,2.0,0.0,22.7,94,12.7,255,1008.5,100,74,16,100,0.0,0.0,41.824,-71.4128,2024,6,30,21
2024-06-30 22:00:00,0.0,0.0,0.0,0.0,21.9,93,11.3,287,1008.8,33,1,21,15,0.1,0.0,41.824,-71.4128,2024,6,30,22
2024-06-30 23:00:00,0.0,0.0,0.0,0.0,21.3,92,6.6,261,1009.2,100,10,5,100,0.0,0.0,41.824,-71.4128,2024,6,30,23
2024-07-01 00:00:00,0.0,0.0,0.0,0.0,20.7,93,5.2,286,1009.2,27,13,23,1,0.0,0.0,41.824,-71.4128,2024,7,1,0
2024-07-01 01:00:00,0.0,0.0,0.0,0.0,19.9,89,18.0,307,1008.6,1,0,1,0,0.0,0.0,41.824,-71.4128,2024,7,1,1
2024-07-01 02:00:00,0.0,0.0,0.0,0.0,18.2,87,17.6,313,1009.0,24,6,24,0,0.0,0.0,41.824,-71.4128,2024,7,1,2
2024-07-01 03:00:00,0.0,0.0,0.0,0.0,17.6,87,16.0,314,1009.1,100,0,100,0,0.0,0.0,41.824,-71.4128,2024,7,1,3
2024-07-01 04:00:00,0.0,0.0,0.0,0.0,17.9,85,15.1,320,1009.5,71,0,71,0,0.0,0.0,41.824,-71.4128,2024,7,1,4
2024-07-01 05:00:00,0.0,0.0,0.0,0.0,17.6,86,14.1,328,1010.1,42,0,42,0,0.0,0.0,41.824,-71.4128,2024,7,1,5
2024-07-01 06:00:00,15.0,4.0,11.0,54.5,17.6,87,15.3,336,1010.6,37,23,19,0,0.0,220.36,41.824,-71.4128,2024,7,1,6
2024-07-01 07:00:00,116.0,57.0,59.0,281.7,18.7,82,17.1,352,1011.1,23,23,1,0,0.0,3600.0,41.824,-71.4128,2024,7,1,7
2024-07-01 08:00:00,277.0,176.0,101.0,462.5,19.9,79,17.2,350,1011.7,43,30,19,0,0.0,3600.0,41.824,-71.4128,2024,7,1,8
2024-07-01 09:00:00,403.0,270.0,133.0,490.4,21.6,74,15.9,354,1012.3,33,13,26,0,0.2,3600.0,41.824,-71.4128,2024,7,1,9
2024-07-01 10:00:00,564.0,416.0,148.0,593.5,23.2,65,17.1,8,1012.7,37,2,36,0,0.1,3600.0,41.824,-71.4128,2024,7,1,10
2024-07-01 11:00:00,656.0,467.0,189.0,568.6,24.2,63,16.5,16,1013.0,19,5,14,0,0.0,3600.0,41.824,-71.4128,2024,7,1,11
2024-07-01 12:00:00,815.0,660.0,155.0,730.5,25.1,61,15.9,13,1013.3,17,7,12,0,0.0,3600.0,41.824,-71.4128,2024,7,1,12
2024-07-01 13:00:00,758.0,464.0,294.0,492.6,25.7,54,15.6,7,1013.2,100,94,100,15,0.1,3600.0,41.824,-71.4128,2024,7,1,13
2024-07-01 14:00:00,188.0,17.0,171.0,18.2,21.4,75,18.7,2,1014.2,67,4,52,51,1.1,0.0,41.824,-71.4128,2024,7,1,14
2024-07-01 15:00:00,677.0,440.0,237.0,499.9,23.1,68,15.5,22,1014.6,37,1,21,24,0.1,3600.0,41.824,-71.4128,2024,7,1,15
2024-07-01 16:00:00,613.0,432.0,181.0,550.9,23.6,64,11.5,32,1014.7,11,0,10,1,0.1,3600.0,41.824,-71.4128,2024,7,1,16
2024-07-01 17:00:00,538.0,404.0,134.0,619.1,22.8,64,13.3,19,1014.6,12,0,12,0,0.1,3600.0,41.824,-71.4128,2024,7,1,17
2024-07-01 18:00:00,377.0,278.0,99.0,562.5,22.7,66,12.2,14,1015.0,13,1,13,0,0.0,3600.0,41.824,-71.4128,2024,7,1,18
2024-07-01 19:00:00,214.0,143.0,71.0,446.8,21.9,70,9.7,4,1015.6,7,0,6,0,0.0,3600.0,41.824,-71.4128,2024,7,1,19
2024-07-01 20:00:00,79.0,41.0,38.0,289.3,20.5,75,9.7,4,1016.2,1,0,1,0,0.0,3600.0,41.824,-71.4128,2024,7,1,20
2024-07-01 21:00:00,3.0,1.0,2.0,19.1,20.1,85,4.2,329,1017.4,4,1,4,0,0.0,0.0,41.824,-71.4128,2024,7,1,21
2024-07-01 22:00:00,0.0,0.0,0.0,0.0,19.7,85,7.1,315,1018.3,2,0,2,0,0.0,0.0,41.824,-71.4128,2024,7,1,22
2024-07-01 23:00:00,0.0,0.0,0.0,0.0,18.5,87,9.7,312,1018.8,0,0,0,0,0.0,0.0,41.824,-71.4128,2024,7,1,23
2024-07-02 00:00:00,0.0,0.0,0.0,0.0,18.4,84,11.5,321,1019.2,1,0,1,0,0.0,0.0,41.824,-71.4128,2024,7,2,0
2024-07-02 01:00:00,0.0,0.0,0.0,0.0,18.4,75,13.5,331,1019.2,0,0,0,0,0.0,0.0,41.824,-71.4128,2024,7,2,1
2024-07-02 02:00:00,0.0,0.0,0.0,0.0,17.6,67,13.0,336,1019.1,0,0,0,0,0.0,0.0,41.824,-71.4128,2024,7,2,2
2024-07-02 03:00:00,0.0,0.0,0.0,0.0,17.0,65,13.5,344,1019.2,0,0,0,0,0.0,0.0,41.824,-71.4128,2024,7,2,3
2024-07-02 04:00:00,0.0,0.0,0.0,0.0,16.5,65,12.8,349,1019.4,0,0,0,0,0.0,0.0,41.824,-71.4128,2024,7,2,4
2024-07-02 05:00:00,0.0,0.0,0.0,0.0,16.0,67,11.8,348,1019.6,0,0,0,0,0.0,0.0,41.824,-71.4128,2024,7,2,5
2024-07-02 06:00:00,17.0,7.0,10.0,96.4,15.8,68,11.5,346,1020.2,0,0,0,0,0.0,1297.25,41.824,-71.4128,2024,7,2,6
2024-07-02 07:00:00,135.0,86.0,49.0,428.1,17.1,71,11.9,346,1021.0,0,0,0,0,0.0,3600.0,41.824,-71.4128,2024,7,2,7
2024-07-02 08:00:00,310.0,236.0,74.0,622.4,19.3,65,9.4,337,1021.7,0,0,0,0,0.0,3600.0,41.824,-71.4128,2024,7,2,8
2024-07-02 09:00:00,493.0,402.0,91.0,731.8,21.9,58,9.4,353,1022.5,0,0,0,0,0.0,3600.0,41.824,-71.4128,2024,7,2,9
2024-07-02 10:00:00,663.0,561.0,102.0,801.6,23.8,51,9.4,4,1023.2,0,0,0,0,0.0,3600.0,41.824,-71.4128,2024,7,2,10
2024-07-02 11:00:00,801.0,690.0,111.0,841.0,25.5,45,8.6,22,1023.2,1,0,0,1,0.0,3600.0,41.824,-71.4128,2024,7,2,11
2024-07-02 12:00:00,897.0,783.0,114.0,867.3,26.5,38,9.7,31,1022.6,57,0,0,57,0.0,3600.0,41.824,-71.4128,2024,7,2,12
2024-07-02 13:00:00,939.0,815.0,124.0,865.7,27.1,37,8.5,36,1022.0,0,0,0,0,0.0,3600.0,41.824,-71.4128,2024,7,2,13
2024-07-02 14:00:00,932.0,817.0,115.0,875.1,27.6,35,6.6,29,1021.4,0,0,0,0,0.0,3600.0,41.824,-71.4128,2024,7,2,14
2024-07-02 15:00:00,869.0,757.0,112.0,860.3,28.0,33,6.2,21,1021.4,6,0,1,5,0.0,3600.0,41.824,-71.4128,2024,7,2,15
2024-07-02 16:00:00,759.0,654.0,105.0,834.1,27.9,32,6.8,25,1021.2,0,0,0,0,0.0,3600.0,41.824,-71.4128,2024,7,2,16
2024-07-02 17:00:00,604.0,503.0,101.0,770.9,27.5,31,6.5,71,1020.7,8,0,8,0,0.0,3600.0,41.824,-71.4128,2024,7,2,17
2024-07-02 18:00:00,426.0,336.0,90.0,680.0,26.6,34,9.2,111,1020.5,12,0,12,0,0.0,3600.0,41.824,-71.4128,2024,7,2,18
2024-07-02 19:00:00,242.0,173.0,69.0,541.0,24.8,48,8.5,118,1020.8,0,0,0,0,0.0,3600.0,41.824,-71.4128,2024,7,2,19
2024-07-02 20:00:00,85.0,49.0,36.0,346.5,22.0,62,7.6,177,1021.8,2,0,2,0,0.0,3600.0,41.824,-71.4128,2024,7,2,20
2024-07-02 21:00:00,3.0,1.0,2.0,19.1,20.4,66,5.1,176,1022.4,71,0,2,71,0.0,0.0,41.824,-71.4128,2024,7,2,21
2024-07-02 22:00:00,0.0,0.0,0.0,0.0,19.1,73,5.8,248,1022.6,100,0,0,100,0.0,0.0,41.824,-71.4128,2024,7,2,22
2024-07-02 23:00:00,0.0,0.0,0.0,0.0,18.2,71,9.0,268,1022.6,100,0,0,100,0.0,0.0,41.824,-71.4128,2024,7,2,23
2024-07-03 00:00:00,0.0,0.0,0.0,0.0,17.8,69,7.9,270,1022.5,92,0,0,92,0.0,0.0,41.824,-71.4128,2024,7,3,0
2024-07-03 01:00:00,0.0,0.0,0.0,0.0,17.9,68,9.4,272,1022.5,0,0,0,0,0.0,0.0,41.824,-71.4128,2024,7,3,1
2024-07-03 02:00:00,0.0,0.0,0.0,0.0,17.4,73,9.0,272,1022.3,76,0,0,76,0.0,0.0,41.824,-71.4128,2024,7,3,2
2024-07-03 03:00:00,0.0,0.0,0.0,0.0,17.1,75,9.5,279,1022.2,63,0,0,63,0.0,0.0,41.824,-71.4128,2024,7,3,3
2024-07-03 04:00:00,0.0,0.0,0.0,0.0,16.9,76,9.6,283,1022.0,94,0,0,94,0.0,0.0,41.824,-71.4128,2024,7,3,4
2024-07-03 05:00:00,0.0,0.0,0.0,0.0,16.8,76,8.8,282,1021.9,89,0,0,89,0.0,0.0,41.824,-71.4128,2024,7,3,5
2024-07-03 06:00:00,16.0,4.0,12.0,55.6,16.9,76,7.8,283,1021.9,50,0,0,50,0.0,251.39,41.824,-71.4128,2024,7,3,6
2024-07-03 07:00:00,131.0,79.0,52.0,396.2,18.4,75,7.1,285,1021.9,9,0,0,9,0.0,3600.0,41.824,-71.4128,2024,7,3,7
2024-07-03 08:00:00,305.0,229.0,76.0,606.2,20.9,69,1.9,248,1021.9,22,0,0,22,0.0,3600.0,41.824,-71.4128,2024,7,3,8
2024-07-03 09:00:00,487.0,394.0,93.0,718.8,23.4,64,1.4,270,1022.3,50,0,0,50,0.0,3600.0,41.824,-71.4128,2024,7,3,9
2024-07-03 10:00:00,655.0,549.0,106.0,785.6,25.5,54,0.4,270,1021.9,78,0,0,78,0.0,3600.0,41.824,-71.4128,2024,7,3,10
2024-07-03 11:00:00,779.0,635.0,144.0,774.8,26.6,44,3.7,151,1021.3,41,0,0,41,0.0,3600.0,41.824,-71.4128,2024,7,3,11
2024-07-03 12:00:00,869.0,721.0,148.0,799.2,27.2,42,8.3,162,1021.0,26,0,2,25,0.0,3600.0,41.824,-71.4128,2024,7,3,12
2024-07-03 13:00:00,914.0,768.0,146.0,816.2,27.6,39,9.6,167,1020.5,92,0,0,92,0.0,3600.0,41.824,-71.4128,2024,7,3,13
2024-07-03 14:00:00,902.0,760.0,142.0,814.3,27.7,38,12.4,154,1019.7,100,1,3,100,0.0,3600.0,41.824,-71.4128,2024,7,3,14
2024-07-03 15:00:00,779.0,559.0,220.0,635.4,27.0,42,18.4,149,1019.2,71,8,28,60,0.0,3600.0,41.824,-71.4128,2024,7,3,15
2024-07-03 16:00:00,729.0,602.0,127.0,768.0,26.7,40,19.1,164,1018.5,19,3,0,16,0.0,3600.0,41.824,-71.4128,2024,7,3,16
2024-07-03 17:00:00,578.0,471.0,107.0,722.1,26.4,40,16.9,192,1017.8,26,0,0,26,0.0,3600.0,41.824,-71.4128,2024,7,3,17
2024-07-03 18:00:00,418.0,330.0,88.0,668.2,25.4,41,15.3,207,1017.8,100,0,0,100,0.0,3600.0,41.824,-71.4128,2024,7,3,18
2024-07-03 19:00:00,225.0,135.0,90.0,422.6,23.7,50,12.7,205,1017.8,100,0,0,100,0.0,3600.0,41.824,-71.4128,2024,7,3,19
2024-07-03 20:00:00,77.0,35.0,42.0,248.3,21.4,58,10.5,202,1018.0,99,0,0,99,0.0,3600.0,41.824,-71.4128,2024,7,3,20
2024-07-03 21:00:00,3.0,1.0,2.0,19.1,19.6,65,9.7,207,1017.9,87,0,0,87,0.0,0.0,41.824,-71.4128,2024,7,3,21
2024-07-03 22:00:00,0.0,0.0,0.0,0.0,18.4,65,10.6,215,1017.8,32,0,0,32,0.0,0.0,41.824,-71.4128,2024,7,3,22
2024-07-03 23:00:00,0.0,0.0,0.0,0.0,17.7,65,10.0,221,1017.5,80,0,0,80,0.0,0.0,41.824,-71.4128,2024,7,3,23
2024-07-04 00:00:00,0.0,0.0,0.0,0.0,17.3,66,9.7,222,1017.3,22,0,0,22,0.0,0.0,41.824,-71.4128,2024,7,4,0
2024-07-04 01:00:00,0.0,0.0,0.0,0.0,17.1,70,10.2,219,1017.2,11,0,0,11,0.0,0.0,41.824,-71.4128,2024,7,4,1
2024-07-04 02:00:00,0.0,0.0,0.0,0.0,17.1,76,10.8,217,1016.7,80,0,0,80,0.0,0.0,41.824,-71.4128,2024,7,4,2
2024-07-04 03:00:00,0.0,0.0,0.0,0.0,17.1,80,10.5,218,1016.2,95,0,0,95,0.0,0.0,41.824,-71.4128,2024,7,4,3
2024-07-04 04:00:00,0.0,0.0,0.0,0.0,17.2,82,11.1,216,1015.8,100,0,0,100,0.0,0.0,41.824,-71.4128,2024,7,4,4
2024-07-04 05:00:00,0.0,0.0,0.0,0.0,17.4,81,11.4,215,1015.5,92,2,18,90,0.0,0.0,41.824,-71.4128,2024,7,4,5
2024-07-04 06:00:00,14.0,3.0,11.0,42.2,17.9,80,11.4,215,1015.2,87,4,86,6,0.0,0.0,41.824,-71.4128,2024,7,4,6
2024-07-04 07:00:00,87.0,22.0,65.0,111.2,19.3,79,8.7,197,1015.1,99,8,77,96,0.0,1535.76,41.824,-71.4128,2024,7,4,7
2024-07-04 08:00:00,206.0,82.0,124.0,217.9,20.7,75,10.9,197,1014.6,100,8,14,100,0.0,3600.0,41.824,-71.4128,2024,7,4,8
2024-07-04 09:00:00,424.0,274.0,150.0,501.1,23.1,70,11.4,208,1014.3,30,7,16,13,0.0,3600.0,41.824,-71.4128,2024,7,4,9
2024-07-04 10:00:00,587.0,445.0,142.0,637.8,25.0,65,11.9,209,1013.6,76,7,13,71,0.0,3600.0,41.824,-71.4128,2024,7,4,10
2024-07-04 11:00:00,736.0,581.0,155.0,709.7,26.6,62,12.5,213,1012.8,100,2,0,100,0.0,3600.0,41.824,-71.4128,2024,7,4,11
2024-07-04 12:00:00,805.0,590.0,215.0,654.6,28.7,57,13.1,233,1012.5,100,89,5,100,0.0,3600.0,41.824,-71.4128,2024,7,4,12
2024-07-04 13:00:00,752.0,403.0,349.0,428.6,29.3,56,13.6,230,1011.7,100,83,2,100,0.0,3600.0,41.824,-71.4128,2024,7,4,13
2024-07-04 14:00:00,573.0,145.0,428.0,155.4,28.9,58,14.3,225,1011.2,100,100,2,34,0.0,2863.22,41.824,-71.4128,2024,7,4,14
2024-07-04 15:00:00,469.0,152.0,317.0,172.9,29.0,58,14.1,218,1010.5,100,100,1,14,0.0,3385.56,41.824,-71.4128,2024,7,4,15
2024-07-04 16:00:00,583.0,334.0,249.0,426.3,29.5,57,15.0,228,1010.1,96,92,32,14,0.0,3600.0,41.824,-71.4128,2024,7,4,16
2024-07-04 17:00:00,407.0,172.0,235.0,263.8,29.0,59,15.3,214,1009.7,100,4,40,100,0.0,3600.0,41.824,-71.4128,2024,7,4,17
2024-07-04 18:00:00,252.0,64.0,188.0,129.7,26.4,69,15.5,198,1009.3,100,1,100,97,0.0,2090.15,41.824,-71.4128,2024,7,4,18
2024-07-04 19:00:00,71.0,2.0,69.0,6.3,24.5,75,13.2,197,1009.7,100,0,100,86,0.0,0.0,41.824,-71.4128,2024,7,4,19
2024-07-04 20:00:00,29.0,2.0,27.0,14.2,23.4,79,12.2,199,1010.1,100,13,18,100,0.6,0.0,41.824,-71.4128,2024,7,4,20
2024-07-04 21:00:00,3.0,0.0,3.0,0.0,22.0,83,10.5,196,1010.6,84,8,9,81,0.0,0.0,41.824,-71.4128,2024,7,4,21
2024-07-04 22:00:00,0.0,0.0,0.0,0.0,21.2,86,10.8,201,1011.0,56,6,13,46,0.0,0.0,41.824,-71.4128,2024,7,4,22
2024-07-04 23:00:00,0.0,0.0,0.0,0.0,20.8,89,9.0,203,1010.8,99,9,87,93,0.0,0.0,41.824,-71.4128,2024,7,4,23
2024-07-05 00:00:00,0.0,0.0,0.0,0.0,20.8,89,8.4,205,1010.8,100,13,99,100,0.0,0.0,41.824,-71.4128,2024,7,5,0
2024-07-05 01:00:00,0.0,0.0,0.0,0.0,20.7,91,8.4,205,1010.7,100,13,96,98,0.1,0.0,41.824,-71.4128,2024,7,5,1
2024-07-05 02:00:00,0.0,0.0,0.0,0.0,20.7,92,8.6,195,1010.3,100,4,100,97,0.0,0.0,41.824,-71.4128,2024,7,5,2
2024-07-05 03:00:00,0.0,0.0,0.0,0.0,20.6,93,8.0,185,1009.7,92,5,86,56,0.0,0.0,41.824,-71.4128,2024,7,5,3
2024-07-05 04:00:00,0.0,0.0,0.0,0.0,20.3,95,9.0,175,1009.4,100,12,100,100,0.0,0.0,41.824,-71.4128,2024,7,5,4
2024-07-05 05:00:00,0.0,0.0,0.0,0.0,20.3,95,7.6,183,1009.4,100,20,100,100,0.0,0.0,41.824,-71.4128,2024,7,5,5
2024-07-05 06:00:00,3.0,0.0,3.0,0.0,20.5,95,6.8,183,1009.5,100,40,96,99,0.0,0.0,41.824,-71.4128,2024,7,5,6
2024-07-05 07:00:00,69.0,6.0,63.0,30.6,21.7,91,9.3,208,1009.6,100,100,100,91,0.0,0.0,41.824,-71.4128,2024,7,5,7
2024-07-05 08:00:00,173.0,39.0,134.0,104.0,23.0,87,9.2,206,1009.6,100,100,11,100,0.0,1320.97,41.824,-71.4128,2024,7,5,8
2024-07-05 09:00:00,137.0,8.0,129.0,14.7,22.6,97,7.1,204,1009.7,100,100,71,100,1.1,0.0,41.824,-71.4128,2024,7,5,9
2024-07-05 10:00:00,262.0,35.0,227.0,50.2,23.0,94,9.4,182,1009.9,100,42,11,100,1.2,0.0,41.824,-71.4128,2024,7,5,10
2024-07-05 11:00:00,533.0,222.0,311.0,271.5,25.0,84,4.3,228,1009.8,100,65,53,100,1.2,3600.0,41.824,-71.4128,2024,7,5,11
2024-07-05 12:00:00,518.0,195.0,323.0,216.5,26.7,78,9.4,184,1009.4,93,92,6,9,0.1,3600.0,41.824,-71.4128,2024,7,5,12
2024-07-05 13:00:00,549.0,208.0,341.0,221.3,27.6,78,11.1,193,1009.1,100,100,23,39,0.0,3600.0,41.824,-71.4128,2024,7,5,13
2024-07-05 14:00:00,522.0,203.0,319.0,217.7,28.3,75,13.4,175,1008.3,100,87,23,98,0.0,3600.0,41.824,-71.4128,2024,7,5,14
2024-07-05 15:00:00,445.0,137.0,308.0,155.9,28.2,74,14.1,176,1008.1,97,16,21,95,0.3,2875.85,41.824,-71.4128,2024,7,5,15
2024-07-05 16:00:00,611.0,392.0,219.0,500.5,28.5,71,16.6,182,1007.8,98,32,16,96,0.4,3600.0,41.824,-71.4128,2024,7,5,16
2024-07-05 17:00:00,355.0,175.0,180.0,268.5,27.5,78,14.8,184,1007.9,98,26,35,95,0.1,3600.0,41.824,-71.4128,2024,7,5,17
2024-07-05 18:00:00,277.0,106.0,171.0,214.9,27.0,79,14.4,180,1007.9,88,38,13,78,0.0,3600.0,41.824,-71.4128,2024,7,5,18
2024-07-05 19:00:00,167.0,67.0,100.0,210.3,25.8,84,12.8,170,1008.3,99,8,9,99,0.0,3600.0,41.824,-71.4128,2024,7,5,19
2024-07-05 20:00:00,66.0,19.0,47.0,135.9,24.4,89,12.4,172,1008.8,100,12,7,100,0.0,2277.37,41.824,-71.4128,2024,7,5,20
2024-07-05 21:00:00,3.0,0.0,3.0,0.0,23.1,93,13.2,169,1009.6,97,71,17,90,0.0,0.0,41.824,-71.4128,2024,7,5,21
2024-07-05 22:00:00,0.0,0.0,0.0,0.0,22.7,94,14.0,181,1010.2,100,100,11,100,0.0,0.0,41.824,-71.4128,2024,7,5,22
2024-07-05 23:00:00,0.0,0.0,0.0,0.0,22.7,94,16.1,190,1010.2,99,41,25,98,0.0,0.0,41.824,-71.4128,2024,7,5,23
2024-07-06 00:00:00,0.0,0.0,0.0,0.0,22.6,94,12.3,177,1010.5,100,100,51,14,1.5,0.0,41.824,-71.4128,2024,7,6,0
2024-07-06 01:00:00,0.0,0.0,0.0,0.0,22.5,95,12.8,196,1010.1,100,100,22,12,0.1,0.0,41.824,-71.4128,2024,7,6,1
2024-07-06 02:00:00,0.0,0.0,0.0,0.0,22.6,96,12.6,193,1009.2,100,100,12,100,0.0,0.0,41.824,-71.4128,2024,7,6,2
2024-07-06 03:00:00,0.0,0.0,0.0,0.0,22.6,96,13.9,190,1008.7,100,100,0,62,0.0,0.0,41.824,-71.4128,2024,7,6,3
2024-07-06 04:00:00,0.0,0.0,0.0,0.0,22.5,96,13.7,203,1009.0,100,100,9,54,0.0,0.0,41.824,-71.4128,2024,7,6,4
2024-07-06 05:00:00,0.0,0.0,0.0,0.0,22.5,96,13.5,205,1009.4,100,100,8,2,0.0,0.0,41.824,-71.4128,2024,7,6,5
2024-07-06 06:00:00,7.0,0.0,7.0,0.0,22.7,95,13.4,200,1009.5,100,100,84,43,0.0,0.0,41.824,-71.4128,2024,7,6,6
2024-07-06 07:00:00,40.0,0.0,40.0,0.0,23.2,93,13.8,200,1010.0,100,100,100,100,0.0,0.0,41.824,-71.4128,2024,7,6,7
2024-07-06 08:00:00,32.0,0.0,32.0,0.0,23.3,94,12.3,195,1010.3,100,98,100,100,0.2,0.0,41.824,-71.4128,2024,7,6,8
2024-07-06 09:00:00,127.0,4.0,123.0,7.4,23.6,85,19.2,197,1010.8,100,14,100,100,0.2,0.0,41.824,-71.4128,2024,7,6,9
2024-07-06 10:00:00,50.0,0.0,50.0,0.0,22.6,94,15.6,187,1011.1,100,3,100,100,1.0,0.0,41.824,-71.4128,2024,7,6,10
2024-07-06 11:00:00,163.0,1.0,162.0,1.2,23.0,94,17.7,174,1010.9,100,66,100,89,0.4,0.0,41.824,-71.4128,2024,7,6,11
2024-07-06 12:00:00,414.0,57.0,357.0,63.3,24.6,87,18.3,190,1010.6,100,100,21,16,0.1,100.39,41.824,-71.4128,2024,7,6,12
2024-07-06 13:00:00,615.0,165.0,450.0,175.7,26.4,81,24.9,200,1010.4,100,100,19,11,0.2,3471.05,41.824,-71.4128,2024,7,6,13
2024-07-06 14:00:00,313.0,41.0,272.0,44.0,26.2,84,21.4,200,1009.9,100,100,5,77,0.1,0.0,41.824,-71.4128,2024,7,6,14
2024-07-06 15:00:00,394.0,60.0,334.0,68.3,27.1,81,20.5,202,1009.4,100,100,6,12,0.0,248.82,41.824,-71.4128,2024,7,6,15
2024-07-06 16:00:00,357.0,53.0,304.0,67.7,27.7,78,19.7,208,1009.0,51,45,2,10,0.0,231.05,41.824,-71.4128,2024,7,6,16
2024-07-06 17:00:00,450.0,254.0,196.0,390.0,28.4,75,20.5,211,1008.8,32,28,1,4,0.0,3600.0,41.824,-71.4128,2024,7,6,17
2024-07-06 18:00:00,314.0,178.0,136.0,361.3,27.8,77,18.9,211,1008.9,42,15,23,19,0.0,3600.0,41.824,-71.4128,2024,7,6,18
2024-07-06 19:00:00,192.0,106.0,86.0,333.3,26.8,83,13.9,201,1009.3,15,5,7,7,0.0,3600.0,41.824,-71.4128,2024,7,6,19
2024-07-06 20:00:00,70.0,31.0,39.0,222.9,25.6,89,9.1,198,1010.1,30,9,3,22,0.0,3600.0,41.824,-71.4128,2024,7,6,20
2024-07-06 21:00:00,3.0,0.0,3.0,0.0,24.1,94,10.8,180,1010.2,46,3,4,42,0.0,0.0,41.824,-71.4128,2024,7,6,21
2024-07-06 22:00:00,0.0,0.0,0.0,0.0,23.3,96,8.7,187,1011.2,52,4,0,50,0.0,0.0,41.824,-71.4128,2024,7,6,22
2024-07-06 23:00:00,0.0,0.0,0.0,0.0,22.8,98,7.2,186,1011.5,100,100,0,3,0.0,0.0,41.824,-71.4128,2024,7,6,23
2024-07-07 00:00:00,0.0,0.0,0.0,0.0,22.9,97,4.7,212,1012.0,100,100,1,12,0.0,0.0,41.824,-71.4128,2024,7,7,0
2024-07-07 01:00:00,0.0,0.0,0.0,0.0,23.1,97,7.4,194,1012.0,100,100,0,9,0.0,0.0,41.824,-71.4128,2024,7,7,1
2024-07-07 02:00:00,0.0,0.0,0.0,0.0,23.0,97,6.1,242,1012.3,100,100,10,3,0.0,0.0,41.824,-71.4128,2024,7,7,2
2024-07-07 03:00:00,0.0,0.0,0.0,0.0,23.1,97,8.7,210,1011.8,80,78,2,5,0.0,0.0,41.824,-71.4128,2024,7,7,3
2024-07-07 04:00:00,0.0,0.0,0.0,0.0,22.7,98,4.7,238,1011.8,67,65,1,5,0.0,0.0,41.824,-71.4128,2024,7,7,4
2024-07-07 05:00:00,0.0,0.0,0.0,0.0,21.6,100,5.5,212,1012.2,90,86,0,31,0.0,0.0,41.824,-71.4128,2024,7,7,5
2024-07-07 06:00:00,12.0,2.0,10.0,29.1,22.3,100,3.9,202,1012.7,100,100,8,27,0.0,0.0,41.824,-71.4128,2024,7,7,6
2024-07-07 07:00:00,90.0,16.0,74.0,82.9,23.2,96,3.2,270,1013.2,55,25,16,38,0.0,688.1,41.824,-71.4128,2024,7,7,7
2024-07-07 08:00:00,258.0,148.0,110.0,398.0,24.9,88,0.8,243,1013.6,92,20,17,90,0.0,3600.0,41.824,-71.4128,2024,7,7,8
2024-07-07 09:00:00,269.0,51.0,218.0,94.0,26.3,82,3.1,339,1014.0,100,0,60,100,0.0,1018.7,41.824,-71.4128,2024,7,7,9
2024-07-07 10:00:00,287.0,41.0,246.0,59.1,27.0,76,2.9,7,1013.7,98,0,18,98,0.0,0.0,41.824,-71.4128,2024,7,7,10
2024-07-07 11:00:00,498.0,228.0,270.0,279.5,28.6,68,1.3,56,1014.0,100,0,59,99,0.0,3600.0,41.824,-71.4128,2024,7,7,11
2024-07-07 12:00:00,587.0,269.0,318.0,299.2,29.6,65,1.6,153,1014.1,87,0,56,80,0.0,3600.0,41.824,-71.4128,2024,7,7,12
2024-07-07 13:00:00,711.0,372.0,339.0,396.4,30.6,61,2.3,162,1013.9,53,0,41,32,0.0,3600.0,41.824,-71.4128,2024,7,7,13
2024-07-07 14:00:00,682.0,416.0,266.0,446.7,31.0,59,4.0,185,1013.6,99,1,95,98,0.0,3600.0,41.824,-71.4128,2024,7,7,14
2024-07-07 15:00:00,291.0,29.0,262.0,33.0,29.3,65,8.7,175,1013.7,83,16,44,72,0.0,0.0,41.824,-71.4128,2024,7,7,15
2024-07-07 16:00:00,377.0,187.0,190.0,239.0,27.1,78,5.9,232,1013.6,22,0,18,6,2.2,3600.0,41.824,-71.4128,2024,7,7,16
2024-07-07 17:00:00,558.0,424.0,134.0,651.5,28.6,73,2.7,203,1013.3,34,6,17,21,0.0,3600.0,41.824,-71.4128,2024,7,7,17
2024-07-07 18:00:00,357.0,239.0,118.0,485.6,28.7,72,5.4,176,1013.2,58,5,47,20,0.0,3600.0,41.824,-71.4128,2024,7,7,18
2024-07-07 19:00:00,183.0,104.0,79.0,327.7,28.2,76,6.0,213,1013.8,23,5,14,10,0.0,3600.0,41.824,-71.4128,2024,7,7,19
2024-07-07 20:00:00,62.0,27.0,35.0,195.3,26.7,85,6.3,167,1014.1,10,1,9,0,0.0,3600.0,41.824,-71.4128,2024,7,7,20
2024-07-07 21:00:00,2.0,0.0,2.0,0.0,24.4,93,6.9,152,1014.6,22,0,22,0,0.0,0.0,41.824,-71.4128,2024,7,7,21
2024-07-07 22:00:00,0.0,0.0,0.0,0.0,23.8,94,4.9,253,1014.9,8,3,8,0,0.0,0.0,41.824,-71.4128,2024,7,7,22
2024-07-07 23:00:00,0.0,0.0,0.0,0.0,23.4,95,7.2,252,1015.0,14,2,12,0,0.0,0.0,41.824,-71.4128,2024,7,7,23
2024-07-08 00:00:00,0.0,0.0,0.0,0.0,23.3,96,6.6,261,1015.0,10,7,2,0,0.0,0.0,41.824,-71.4128,2024,7,8,0
2024-07-08 01:00:00,0.0,0.0,0.0,0.0,22.8,98,5.2,304,1014.8,13,4,10,0,0.0,0.0,41.824,-71.4128,2024,7,8,1
2024-07-08 02:00:00,0.0,0.0,0.0,0.0,22.6,100,6.9,317,1014.9,11,1,10,0,0.0,0.0,41.824,-71.4128,2024,7,8,2
2024-07-08 03:00:00,0.0,0.0,0.0,0.0,22.6,100,7.7,311,1015.0,97,96,24,0,0.0,0.0,41.824,-71.4128,2024,7,8,3
2024-07-08 04:00:00,0.0,0.0,0.0,0.0,22.5,100,5.6,320,1014.8,96,95,27,0,0.0,0.0,41.824,-71.4128,2024,7,8,4
2024-07-08 05:00:00,0.0,0.0,0.0,0.0,21.7,99,5.8,300,1015.0,3,0,3,0,0.0,0.0,41.824,-71.4128,2024,7,8,5
2024-07-08 06:00:00,12.0,3.0,9.0,44.2,21.9,98,2.8,310,1015.4,5,2,4,0,0.0,0.0,41.824,-71.4128,2024,7,8,6
2024-07-08 07:00:00,108.0,53.0,55.0,277.2,22.5,92,3.7,331,1015.9,1,1,0,0,0.0,3600.0,41.824,-71.4128,2024,7,8,7
2024-07-08 08:00:00,278.0,192.0,86.0,518.6,24.0,85,3.5,336,1016.1,0,0,0,0,0.0,3600.0,41.824,-71.4128,2024,7,8,8
2024-07-08 09:00:00,436.0,317.0,119.0,585.5,26.4,75,5.4,340,1016.3,9,4,5,0,0.0,3600.0,41.824,-71.4128,2024,7,8,9
2024-07-08 10:00:00,588.0,453.0,135.0,653.7,28.4,66,3.6,6,1016.1,13,5,9,0,0.0,3600.0,41.824,-71.4128,2024,7,8,10
2024-07-08 11:00:00,729.0,578.0,151.0,709.5,30.3,52,3.3,6,1016.1,6,4,5,0,0.0,3600.0,41.824,-71.4128,2024,7,8,11
2024-07-08 12:00:00,825.0,666.0,159.0,741.5,31.5,48,2.1,301,1015.8,36,16,24,13,0.0,3600.0,41.824,-71.4128,2024,7,8,12
2024-07-08 13:00:00,818.0,651.0,167.0,694.3,32.1,46,1.6,243,1015.1,53,2,35,28,0.0,3600.0,41.824,-71.4128,2024,7,8,13
2024-07-08 14:00:00,839.0,682.0,157.0,732.8,32.6,43,3.6,186,1014.4,47,1,33,20,0.0,3600.0,41.824,-71.4128,2024,7,8,14
2024-07-08 15:00:00,768.0,606.0,162.0,690.6,32.9,42,5.8,173,1014.0,43,0,40,4,0.0,3600.0,41.824,-71.4128,2024,7,8,15
2024-07-08 16:00:00,649.0,514.0,135.0,657.4,32.1,48,11.2,174,1013.6,64,0,63,2,0.0,3600.0,41.824,-71.4128,2024,7,8,16
2024-07-08 17:00:00,453.0,322.0,131.0,495.2,29.4,64,16.4,171,1013.7,24,0,24,0,0.0,3600.0,41.824,-71.4128,2024,7,8,17
2024-07-08 18:00:00,304.0,183.0,121.0,372.3,29.2,63,10.9,186,1013.6,9,0,9,0,0.0,3600.0,41.824,-71.4128,2024,7,8,18
2024-07-08 19:00:00,212.0,142.0,70.0,448.6,28.4,68,8.6,182,1013.9,44,7,8,37,0.0,3600.0,41.824,-71.4128,2024,7,8,19
2024-07-08 20:00:00,71.0,34.0,37.0,247.6,26.6,76,8.3,182,1014.1,95,0,2,95,0.0,3600.0,41.824,-71.4128,2024,7,8,20
2024-07-08 21:00:00,2.0,0.0,2.0,0.0,26.0,81,5.6,207,1014.7,87,3,9,86,0.0,0.0,41.824,-71.4128,2024,7,8,21
2024-07-08 22:00:00,0.0,0.0,0.0,0.0,24.8,85,6.1,208,1014.8,100,0,2,100,0.0,0.0,41.824,-71.4128,2024,7,8,22
2024-07-08 23:00:00,0.0,0.0,0.0,0.0,24.2,87,6.9,231,1014.8,99,2,4,99,0.0,0.0,41.824,-71.4128,2024,7,8,23
2024-07-09 00:00:00,0.0,0.0,0.0,0.0,23.9,89,6.8,238,1015.0,100,0,4,100,0.0,0.0,41.824,-71.4128,2024,7,9,0
2024-07-09 01:00:00,0.0,0.0,0.0,0.0,23.5,91,6.4,232,1015.2,100,0,13,100,0.0,0.0,41.824,-71.4128,2024,7,9,1
2024-07-09 02:00:00,0.0,0.0,0.0,0.0,23.1,94,7.0,215,1015.0,85,1,0,85,0.0,0.0,41.824,-71.4128,2024,7,9,2
2024-07-09 03:00:00,0.0,0.0,0.0,0.0,22.5,97,6.1,220,1014.7,37,19,0,22,0.0,0.0,41.824,-71.4128,2024,7,9,3
2024-07-09 04:00:00,0.0,0.0,0.0,0.0,22.2,98,6.6,225,1014.5,91,51,0,82,0.0,0.0,41.824,-71.4128,2024,7,9,4
2024-07-09 05:00:00,0.0,0.0,0.0,0.0,22.0,98,5.9,227,1014.3,100,100,0,92,0.0,0.0,41.824,-71.4128,2024,7,9,5
2024-07-09 06:00:00,11.0,1.0,10.0,14.9,22.1,99,6.9,219,1014.5,100,100,0,99,0.0,0.0,41.824,-71.4128,2024,7,9,6
2024-07-09 07:00:00,78.0,9.0,69.0,47.5,23.1,95,8.4,223,1014.6,98,45,0,96,0.0,0.0,41.824,-71.4128,2024,7,9,7
2024-07-09 08:00:00,224.0,84.0,140.0,227.9,24.8,88,5.8,202,1014.7,61,1,0,61,0.0,3600.0,41.824,-71.4128,2024,7,9,8
2024-07-09 09:00:00,456.0,353.0,103.0,653.7,27.2,81,7.7,169,1014.1,98,1,6,98,0.0,3600.0,41.824,-71.4128,2024,7,9,9
2024-07-09 10:00:00,546.0,335.0,211.0,484.3,28.3,78,9.6,167,1013.9,99,1,13,99,0.0,3600.0,41.824,-71.4128,2024,7,9,10
2024-07-09 11:00:00,705.0,489.0,216.0,601.0,29.7,72,8.3,178,1014.1,100,1,17,100,0.0,3600.0,41.824,-71.4128,2024,7,9,11
2024-07-09 12:00:00,571.0,180.0,391.0,200.6,30.6,64,8.4,211,1013.9,100,0,100,100,0.0,3600.0,41.824,-71.4128,2024,7,9,12
2024-07-09 13:00:00,573.0,275.0,298.0,293.5,29.7,66,3.8,139,1013.5,100,11,36,100,0.2,3600.0,41.824,-71.4128,2024,7,9,13
2024-07-09 14:00:00,507.0,233.0,274.0,250.5,29.8,65,11.9,180,1012.9,99,5,6,99,0.2,3600.0,41.824,-71.4128,2024,7,9,14
2024-07-09 15:00:00,721.0,486.0,235.0,554.2,30.3,65,13.1,171,1012.2,72,4,14,66,0.0,3600.0,41.824,-71.4128,2024,7,9,15
2024-07-09 16:00:00,690.0,537.0,153.0,687.3,30.3,66,15.3,172,1011.4,88,3,8,87,0.1,3600.0,41.824,-71.4128,2024,7,9,16
2024-07-09 17:00:00,537.0,410.0,127.0,631.2,29.8,67,16.6,184,1010.9,77,1,20,71,0.0,3600.0,41.824,-71.4128,2024,7,9,17
2024-07-09 18:00:00,378.0,272.0,106.0,554.2,28.8,70,15.9,193,1010.7,89,9,8,87,0.0,3600.0,41.824,-71.4128,2024,7,9,18
2024-07-09 19:00:00,191.0,107.0,84.0,338.9,27.2,77,13.4,194,1011.0,100,1,10,100,0.0,3600.0,41.824,-71.4128,2024,7,9,19
2024-07-09 20:00:00,59.0,14.0,45.0,102.7,25.7,84,11.5,200,1011.4,100,2,1,100,0.0,1281.34,41.824,-71.4128,2024,7,9,20
2024-07-09 21:00:00,2.0,0.0,2.0,0.0,25.2,83,8.9,212,1011.7,100,0,0,100,0.0,0.0,41.824,-71.4128,2024,7,9,21
2024-07-09 22:00:00,0.0,0.0,0.0,0.0,24.7,84,9.9,213,1012.2,100,0,18,100,0.0,0.0,41.824,-71.4128,2024,7,9,22
2024-07-09 23:00:00,0.0,0.0,0.0,0.0,24.4,85,10.0,218,1012.1,100,0,64,100,0.0,0.0,41.824,-71.4128,2024,7,9,23
2024-07-10 00:00:00,0.0,0.0,0.0,0.0,24.4,86,9.7,219,1012.0,100,0,0,100,0.0,0.0,41.824,-71.4128,2024,7,10,0
2024-07-10 01:00:00,0.0,0.0,0.0,0.0,24.1,89,9.2,219,1011.9,100,0,8,100,0.0,0.0,41.824,-71.4128,2024,7,10,1
2024-07-10 02:00:00,0.0,0.0,0.0,0.0,23.7,92,9.2,211,1011.7,53,0,12,46,0.0,0.0,41.824,-71.4128,2024,7,10,2
2024-07-10 03:00:00,0.0,0.0,0.0,0.0,23.6,93,8.5,208,1011.5,63,0,1,63,0.0,0.0,41.824,-71.4128,2024,7,10,3
2024-07-10 04:00:00,0.0,0.0,0.0,0.0,23.2,96,7.3,200,1011.3,38,0,6,34,0.0,0.0,41.824,-71.4128,2024,7,10,4
2024-07-10 05:00:00,0.0,0.0,0.0,0.0,23.1,96,7.5,197,1011.5,15,0,13,3,0.0,0.0,41.824,-71.4128,2024,7,10,5
2024-07-10 06:00:00,11.0,3.0,8.0,45.4,23.2,96,8.4,190,1011.5,58,3,0,57,0.0,24.49,41.824,-71.4128,2024,7,10,6
2024-07-10 07:00:00,103.0,46.0,57.0,245.2,24.7,90,11.5,212,1011.6,100,26,0,100,0.0,3600.0,41.824,-71.4128,2024,7,10,7
2024-07-10 08:00:00,232.0,122.0,110.0,332.4,26.2,84,12.6,217,1012.0,100,43,0,100,0.0,3600.0,41.824,-71.4128,2024,7,10,8
2024-07-10 09:00:00,348.0,146.0,202.0,271.1,26.9,82,10.4,182,1011.8,100,65,35,100,0.4,3600.0,41.824,-71.4128,2024,7,10,9
2024-07-10 10:00:00,402.0,151.0,251.0,218.7,27.9,78,10.5,202,1012.2,100,99,10,99,0.3,3600.0,41.824,-71.4128,2024,7,10,10
2024-07-10 11:00:00,511.0,182.0,329.0,224.0,29.2,74,11.2,201,1012.1,100,29,9,100,0.1,3600.0,41.824,-71.4128,2024,7,10,11
2024-07-10 12:00:00,778.0,571.0,207.0,637.0,31.0,66,15.0,191,1011.5,100,12,8,100,0.1,3600.0,41.824,-71.4128,2024,7,10,12
2024-07-10 13:00:00,684.0,387.0,297.0,413.4,30.7,62,18.8,184,1010.9,69,9,2,66,0.0,3600.0,41.824,-71.4128,2024,7,10,13
2024-07-10 14:00:00,801.0,622.0,179.0,669.3,30.8,63,20.6,184,1010.4,30,8,7,21,0.2,3600.0,41.824,-71.4128,2024,7,10,14
2024-07-10 15:00:00,705.0,544.0,161.0,620.8,30.5,63,21.8,189,1010.1,93,13,6,92,0.0,3600.0,41.824,-71.4128,2024,7,10,15
2024-07-10 16:00:00,666.0,493.0,173.0,631.6,30.1,64,25.6,197,1009.3,75,23,1,67,0.0,3600.0,41.824,-71.4128,2024,7,10,16
2024-07-10 17:00:00,474.0,305.0,169.0,470.1,28.9,69,22.2,193,1009.0,100,12,1,100,0.0,3600.0,41.824,-71.4128,2024,7,10,17
2024-07-10 18:00:00,318.0,147.0,171.0,300.0,27.5,72,21.9,197,1009.3,31,6,2,25,0.0,3600.0,41.824,-71.4128,2024,7,10,18
2024-07-10 19:00:00,211.0,127.0,84.0,403.5,25.9,74,18.8,192,1009.9,22,1,2,20,0.0,3600.0,41.824,-71.4128,2024,7,10,19
2024-07-10 20:00:00,73.0,37.0,36.0,273.7,24.5,81,19.6,197,1010.0,14,2,2,11,0.0,3600.0,41.824,-71.4128,2024,7,10,20
2024-07-10 21:00:00,2.0,0.0,2.0,0.0,24.2,85,18.2,194,1009.7,25,16,4,8,0.0,0.0,41.824,-71.4128,2024,7,10,21
2024-07-10 22:00:00,0.0,0.0,0.0,0.0,23.8,84,18.6,198,1010.2,30,2,1,28,0.0,0.0,41.824,-71.4128,2024,7,10,22
2024-07-10 23:00:00,0.0,0.0,0.0,0.0,23.5,83,17.2,196,1010.3,65,1,0,65,0.0,0.0,41.824,-71.4128,2024,7,10,23
2024-07-11 00:00:00,0.0,0.0,0.0,0.0,23.5,83,17.8,198,1010.2,98,18,0,98,0.0,0.0,41.824,-71.4128,2024,7,11,0
2024-07-11 01:00:00,0.0,0.0,0.0,0.0,23.7,83,19.3,194,1009.7,19,19,0,0,0.0,0.0,41.824,-71.4128,2024,7,11,1
2024-07-11 02:00:00,0.0,0.0,0.0,0.0,23.7,85,19.0,195,1009.2,25,22,0,4,0.0,0.0,41.824,-71.4128,2024,7,11,2
2024-07-11 03:00:00,0.0,0.0,0.0,0.0,23.8,86,19.5,199,1009.1,30,6,25,2,0.0,0.0,41.824,-71.4128,2024,7,11,3
2024-07-11 04:00:00,0.0,0.0,0.0,0.0,23.8,88,21.5,201,1008.9,90,60,62,40,0.2,0.0,41.824,-71.4128,2024,7,11,4
2024-07-11 05:00:00,0.0,0.0,0.0,0.0,24.0,88,19.5,199,1009.3,99,98,44,41,0.1,0.0,41.824,-71.4128,2024,7,11,5
2024-07-11 06:00:00,6.0,0.0,6.0,0.0,24.1,88,18.7,199,1009.5,100,96,41,99,0.1,0.0,41.824,-71.4128,2024,7,11,6
2024-07-11 07:00:00,43.0,0.0,43.0,0.0,24.1,89,19.6,197,1009.5,98,74,24,92,0.3,0.0,41.824,-71.4128,2024,7,11,7
2024-07-11 08:00:00,115.0,19.0,96.0,52.0,24.7,88,19.7,204,1010.2,100,100,35,100,0.1,0.0,41.824,-71.4128,2024,7,11,8
2024-07-11 09:00:00,254.0,44.0,210.0,81.9,25.7,88,17.1,210,1010.5,100,100,56,6,1.3,657.83,41.824,-71.4128,2024,7,11,9
2024-07-11 10:00:00,280.0,94.0,186.0,136.4,25.7,88,18.1,203,1010.8,89,61,70,5,1.2,2291.68,41.824,-71.4128,2024,7,11,10
2024-07-11 11:00:00,324.0,56.0,268.0,69.0,26.3,86,17.1,198,1011.2,99,99,35,0,0.2,270.44,41.824,-71.4128,2024,7,11,11
2024-07-11 12:00:00,540.0,193.0,347.0,215.6,28.7,74,20.6,209,1011.5,20,19,1,0,0.2,3600.0,41.824,-71.4128,2024,7,11,12
2024-07-11 13:00:00,779.0,586.0,193.0,626.5,30.3,67,20.8,203,1011.4,12,7,3,3,0.0,3600.0,41.824,-71.4128,2024,7,11,13
2024-07-11 14:00:00,841.0,688.0,153.0,740.9,30.8,60,23.5,203,1011.3,34,2,0,33,0.0,3600.0,41.824,-71.4128,2024,7,11,14
2024-07-11 15:00:00,806.0,673.0,133.0,768.6,30.8,55,24.3,204,1011.5,0,0,0,0,0.0,3600.0,41.824,-71.4128,2024,7,11,15
2024-07-11 16:00:00,716.0,602.0,114.0,771.9,30.2,53,24.0,208,1011.7,0,0,0,0,0.0,3600.0,41.824,-71.4128,2024,7,11,16
2024-07-11 17:00:00,576.0,475.0,101.0,733.0,29.3,56,22.1,210,1012.0,1,0,1,0,0.0,3600.0,41.824,-71.4128,2024,7,11,17
2024-07-11 18:00:00,402.0,312.0,90.0,638.0,28.3,60,20.0,210,1012.6,0,0,0,0,0.0,3600.0,41.824,-71.4128,2024,7,11,18
2024-07-11 19:00:00,229.0,160.0,69.0,510.0,27.0,66,16.8,208,1013.4,0,0,0,0,0.0,3600.0,41.824,-71.4128,2024,7,11,19
2024-07-11 20:00:00,75.0,41.0,34.0,306.1,25.5,73,14.8,209,1014.3,0,0,0,0,0.0,3600.0,41.824,-71.4128,2024,7,11,20
2024-07-11 21:00:00,2.0,0.0,2.0,0.0,24.7,76,12.5,221,1015.6,0,0,0,0,0.0,0.0,41.824,-71.4128,2024,7,11,21
2024-07-11 22:00:00,0.0,0.0,0.0,0.0,23.9,80,10.7,220,1016.4,0,0,0,0,0.0,0.0,41.824,-71.4128,2024,7,11,22
2024-07-11 23:00:00,0.0,0.0,0.0,0.0,23.3,83,9.8,208,1016.9,10,3,9,0,0.0,0.0,41.824,-71.4128,2024,7,11,23
2024-07-12 00:00:00,0.0,0.0,0.0,0.0,23.0,85,10.0,206,1017.3,10,9,6,0,0.0,0.0,41.824,-71.4128,2024,7,12,0
2024-07-12 01:00:00,0.0,0.0,0.0,0.0,22.6,87,9.0,217,1017.3,9,5,6,0,0.0,0.0,41.824,-71.4128,2024,7,12,1
2024-07-12 02:00:00,0.0,0.0,0.0,0.0,22.3,90,8.0,216,1017.4,85,83,53,0,0.0,0.0,41.824,-71.4128,2024,7,12,2
2024-07-12 03:00:00,0.0,0.0,0.0,0.0,22.4,90,7.1,204,1017.6,19,16,8,0,0.0,0.0,41.824,-71.4128,2024,7,12,3
2024-07-12 04:00:00,0.0,0.0,0.0,0.0,22.0,93,7.1,204,1017.9,5,3,4,0,0.0,0.0,41.824,-71.4128,2024,7,12,4
2024-07-12 05:00:00,0.0,0.0,0.0,0.0,21.8,95,7.2,207,1018.5,15,2,14,0,0.0,0.0,41.824,-71.4128,2024,7,12,5
2024-07-12 06:00:00,10.0,2.0,8.0,31.2,21.9,94,8.2,209,1018.9,16,2,15,0,0.0,0.0,41.824,-71.4128,2024,7,12,6
2024-07-12 07:00:00,100.0,50.0,50.0,271.8,23.3,87,7.3,213,1019.5,29,1,29,0,0.0,3600.0,41.824,-71.4128,2024,7,12,7
2024-07-12 08:00:00,246.0,151.0,95.0,415.2,25.0,79,8.0,198,1019.8,24,1,17,8,0.0,3600.0,41.824,-71.4128,2024,7,12,8
2024-07-12 09:00:00,368.0,215.0,153.0,401.5,26.2,74,11.3,211,1020.3,39,4,35,2,0.0,3600.0,41.824,-71.4128,2024,7,12,9
2024-07-12 10:00:00,510.0,330.0,180.0,479.7,27.3,68,14.6,218,1020.3,47,27,33,0,0.0,3600.0,41.824,-71.4128,2024,7,12,10
2024-07-12 11:00:00,600.0,378.0,222.0,466.5,28.7,61,17.6,224,1020.2,57,44,25,0,0.0,3600.0,41.824,-71.4128,2024,7,12,11
2024-07-12 12:00:00,683.0,393.0,290.0,439.4,29.2,62,18.6,223,1020.2,61,55,47,0,0.2,3600.0,41.824,-71.4128,2024,7,12,12
2024-07-12 13:00:00,563.0,337.0,226.0,360.6,28.8,68,18.4,219,1020.0,46,38,30,0,0.6,3600.0,41.824,-71.4128,2024,7,12,13
2024-07-12 14:00:00,640.0,399.0,241.0,430.0,29.5,65,20.2,219,1019.8,41,26,29,0,0.1,3600.0,41.824,-71.4128,2024,7,12,14
2024-07-12 15:00:00,618.0,364.0,254.0,416.1,29.9,64,19.9,215,1019.6,53,38,39,0,0.1,3600.0,41.824,-71.4128,2024,7,12,15
2024-07-12 16:00:00,564.0,391.0,173.0,501.9,29.4,66,19.6,221,1019.2,49,36,37,0,0.3,3600.0,41.824,-71.4128,2024,7,12,16
2024-07-12 17:00:00,492.0,349.0,143.0,539.3,28.5,70,17.3,227,1019.1,39,19,16,13,1.0,3600.0,41.824,-71.4128,2024,7,12,17
2024-07-12 18:00:00,344.0,226.0,118.0,463.1,28.3,69,18.4,222,1019.3,47,37,17,4,0.0,3600.0,41.824,-71.4128,2024,7,12,18
2024-07-12 19:00:00,191.0,112.0,79.0,358.3,26.8,79,15.5,211,1019.8,20,15,5,0,0.2,3600.0,41.824,-71.4128,2024,7,12,19
2024-07-12 20:00:00,65.0,28.0,37.0,211.2,25.7,85,14.2,207,1020.3,20,17,4,0,0.0,3600.0,41.824,-71.4128,2024,7,12,20
2024-07-12 21:00:00,2.0,0.0,2.0,0.0,24.2,91,10.8,201,1021.2,28,2,14,16,0.0,0.0,41.824,-71.4128,2024,7,12,21
2024-07-12 22:00:00,0.0,0.0,0.0,0.0,24.1,93,12.9,203,1021.3,7,2,5,2,0.0,0.0,41.824,-71.4128,2024,7,12,22
2024-07-12 23:00:00,0.0,0.0,0.0,0.0,23.4,92,11.3,211,1021.6,58,43,9,20,2.2,0.0,41.824,-71.4128,2024,7,12,23
2024-07-13 00:00:00,0.0,0.0,0.0,0.0,23.6,95,14.6,196,1021.3,100,100,0,54,0.0,0.0,41.824,-71.4128,2024,7,13,0
2024-07-13 01:00:00,0.0,0.0,0.0,0.0,23.9,94,15.1,205,1021.0,100,100,2,1,0.0,0.0,41.824,-71.4128,2024,7,13,1
2024-07-13 02:00:00,0.0,0.0,0.0,0.0,23.8,94,13.4,204,1020.5,100,100,1,3,0.0,0.0,41.824,-71.4128,2024,7,13,2
2024-07-13 03:00:00,0.0,0.0,0.0,0.0,23.8,95,12.4,202,1020.3,100,100,90,100,0.0,0.0,41.824,-71.4128,2024,7,13,3
2024-07-13 04:00:00,0.0,0.0,0.0,0.0,23.7,95,14.1,199,1020.4,100,100,100,37,0.0,0.0,41.824,-71.4128,2024,7,13,4
2024-07-13 05:00:00,0.0,0.0,0.0,0.0,23.3,92,13.4,207,1020.5,100,10,100,44,0.0,0.0,41.824,-71.4128,2024,7,13,5
2024-07-13 06:00:00,2.0,0.0,2.0,0.0,22.2,92,13.2,209,1020.4,99,12,96,87,0.1,0.0,41.824,-71.4128,2024,7,13,6
2024-07-13 07:00:00,22.0,0.0,22.0,0.0,22.0,94,12.0,213,1020.5,95,6,80,82,2.1,0.0,41.824,-71.4128,2024,7,13,7
2024-07-13 08:00:00,110.0,23.0,87.0,63.6,22.5,94,13.0,219,1020.5,100,69,100,92,1.7,106.71,41.824,-71.4128,2024,7,13,8
2024-07-13 09:00:00,152.0,11.0,141.0,20.6,24.3,88,14.0,228,1021.0,100,27,63,100,0.6,0.0,41.824,-71.4128,2024,7,13,9
2024-07-13 10:00:00,274.0,25.0,249.0,36.4,24.2,91,10.0,240,1020.8,100,45,100,100,1.2,0.0,41.824,-71.4128,2024,7,13,10
2024-07-13 11:00:00,278.0,45.0,233.0,55.6,24.8,88,10.5,232,1020.5,100,34,98,100,0.3,0.0,41.824,-71.4128,2024,7,13,11
2024-07-13 12:00:00,282.0,31.0,251.0,34.7,23.5,94,10.2,222,1020.4,100,9,100,96,2.0,0.0,41.824,-71.4128,2024,7,13,12
2024-07-13 13:00:00,197.0,29.0,168.0,31.1,24.3,88,12.2,199,1019.3,99,43,90,86,0.6,0.0,41.824,-71.4128,2024,7,13,13
2024-07-13 14:00:00,358.0,85.0,273.0,91.7,24.4,91,13.7,182,1018.5,97,21,96,21,2.2,950.95,41.824,-71.4128,2024,7,13,14
2024-07-13 15:00:00,220.0,37.0,183.0,42.3,24.5,88,12.4,188,1018.0,91,47,79,18,0.0,0.0,41.824,-71.4128,2024,7,13,15
2024-07-13 16:00:00,361.0,120.0,241.0,154.2,25.6,83,13.0,208,1017.3,78,62,43,7,0.2,2825.81,41.824,-71.4128,2024,7,13,16
2024-07-13 17:00:00,310.0,65.0,245.0,100.6,25.5,82,13.6,212,1016.4,40,24,23,0,0.2,1217.41,41.824,-71.4128,2024,7,13,17
2024-07-13 18:00:00,322.0,189.0,133.0,388.1,25.9,80,13.5,222,1016.2,36,35,2,0,0.1,3600.0,41.824,-71.4128,2024,7,13,18
2024-07-13 19:00:00,176.0,86.0,90.0,276.3,25.3,83,10.0,218,1016.4,22,21,2,0,0.0,3600.0,41.824,-71.4128,2024,7,13,19
2024-07-13 20:00:00,63.0,27.0,36.0,205.8,24.1,89,8.2,209,1016.7,10,4,6,0,0.0,3600.0,41.824,-71.4128,2024,7,13,20
2024-07-13 21:00:00,2.0,0.0,2.0,0.0,23.2,95,8.6,202,1016.6,0,0,0,0,0.0,0.0,41.824,-71.4128,2024,7,13,21
2024-07-13 22:00:00,0.0,0.0,0.0,0.0,22.6,97,7.8,202,1016.8,2,0,2,0,0.0,0.0,41.824,-71.4128,2024,7,13,22
2024-07-13 23:00:00,0.0,0.0,0.0,0.0,22.2,98,7.8,214,1016.6,5,0,0,5,0.0,0.0,41.824,-71.4128,2024,7,13,23
2024-07-14 00:00:00,0.0,0.0,0.0,0.0,21.8,98,7.1,229,1016.6,1,0,0,1,0.0,0.0,41.824,-71.4128,2024,7,14,0
2024-07-14 01:00:00,0.0,0.0,0.0,0.0,21.7,97,8.2,255,1016.2,1,0,0,1,0.0,0.0,41.824,-71.4128,2024,7,14,1
2024-07-14 02:00:00,0.0,0.0,0.0,0.0,21.7,96,9.3,283,1015.5,0,0,0,0,0.0,0.0,41.824,-71.4128,2024,7,14,2
2024-07-14 03:00:00,0.0,0.0,0.0,0.0,21.4,95,9.2,291,1014.9,0,0,0,0,0.0,0.0,41.824,-71.4128,2024,7,14,3
2024-07-14 04:00:00,0.0,0.0,0.0,0.0,20.9,94,8.2,285,1015.4,0,0,0,0,0.0,0.0,41.824,-71.4128,2024,7,14,4
2024-07-14 05:00:00,0.0,0.0,0.0,0.0,20.6,94,10.0,291,1015.7,0,0,0,0,0.0,0.0,41.824,-71.4128,2024,7,14,5
2024-07-14 06:00:00,10.0,3.0,7.0,48.2,20.6,93,10.5,308,1015.7,0,0,0,0,0.0,106.62,41.824,-71.4128,2024,7,14,6
2024-07-14 07:00:00,112.0,67.0,45.0,372.3,22.1,88,10.5,311,1016.0,0,0,0,0,0.0,3600.0,41.824,-71.4128,2024,7,14,7
2024-07-14 08:00:00,280.0,206.0,74.0,572.1,24.2,81,6.1,320,1015.8,0,0,0,0,0.0,3600.0,41.824,-71.4128,2024,7,14,8
2024-07-14 09:00:00,456.0,362.0,94.0,680.0,26.5,74,4.4,351,1016.0,0,0,0,0,0.0,3600.0,41.824,-71.4128,2024,7,14,9
2024-07-14 10:00:00,626.0,520.0,106.0,759.0,28.0,64,1.8,11,1015.6,20,18,17,0,0.0,3600.0,41.824,-71.4128,2024,7,14,10
2024-07-14 11:00:00,698.0,533.0,165.0,659.8,29.1,56,2.3,252,1015.4,22,20,4,0,0.0,3600.0,41.824,-71.4128,2024,7,14,11
2024-07-14 12:00:00,819.0,674.0,145.0,755.4,30.2,52,4.2,250,1014.8,14,13,4,0,0.0,3600.0,41.824,-71.4128,2024,7,14,12
2024-07-14 13:00:00,860.0,709.0,151.0,760.2,31.1,45,4.9,253,1014.0,1,1,0,0,0.0,3600.0,41.824,-71.4128,2024,7,14,13
2024-07-14 14:00:00,894.0,768.0,126.0,829.3,31.9,38,6.1,267,1013.2,0,0,0,0,0.0,3600.0,41.824,-71.4128,2024,7,14,14
2024-07-14 15:00:00,848.0,734.0,114.0,840.7,32.6,32,8.6,272,1012.7,0,0,0,0,0.0,3600.0,41.824,-71.4128,2024,7,14,15
2024-07-14 16:00:00,748.0,645.0,103.0,829.8,32.8,30,9.7,266,1012.1,0,0,0,0,0.0,3600.0,41.824,-71.4128,2024,7,14,16
2024-07-14 17:00:00,597.0,503.0,94.0,779.6,32.2,33,10.1,264,1011.8,0,0,0,0,0.0,3600.0,41.824,-71.4128,2024,7,14,17
2024-07-14 18:00:00,417.0,334.0,83.0,687.5,31.4,38,8.3,270,1011.5,1,0,0,1,0.0,3600.0,41.824,-71.4128,2024,7,14,18
2024-07-14 19:00:00,232.0,166.0,66.0,535.5,30.2,50,3.6,180,1011.4,1,0,0,1,0.0,3600.0,41.824,-71.4128,2024,7,14,19
2024-07-14 20:00:00,74.0,41.0,33.0,316.3,26.7,60,15.5,216,1011.6,1,0,0,1,0.0,3600.0,41.824,-71.4128,2024,7,14,20
2024-07-14 21:00:00,2.0,0.0,2.0,0.0,25.1,70,12.8,218,1012.6,4,0,1,3,0.0,0.0,41.824,-71.4128,2024,7,14,21
2024-07-14 22:00:00,0.0,0.0,0.0,0.0,24.2,74,10.7,225,1012.8,1,0,1,0,0.0,0.0,41.824,-71.4128,2024,7,14,22
2024-07-14 23:00:00,0.0,0.0,0.0,0.0,23.5,77,9.9,226,1012.8,77,0,0,77,0.0,0.0,41.824,-71.4128,2024,7,14,23
2024-07-15 00:00:00,0.0,0.0,0.0,0.0,23.0,77,9.2,222,1012.5,84,0,3,83,0.0,0.0,41.824,-71.4128,2024,7,15,0
2024-07-15 01:00:00,0.0,0.0,0.0,0.0,22.5,79,8.9,220,1012.3,75,0,4,74,0.0,0.0,41.824,-71.4128,2024,7,15,1
2024-07-15 02:00:00,0.0,0.0,0.0,0.0,22.1,87,9.4,238,1012.1,78,0,0,78,0.0,0.0,41.824,-71.4128,2024,7,15,2
2024-07-15 03:00:00,0.0,0.0,0.0,0.0,22.0,94,8.1,238,1011.5,10,0,0,10,0.0,0.0,41.824,-71.4128,2024,7,15,3
2024-07-15 04:00:00,0.0,0.0,0.0,0.0,22.1,96,8.2,229,1011.5,92,0,0,92,0.0,0.0,41.824,-71.4128,2024,7,15,4
2024-07-15 05:00:00,0.0,0.0,0.0,0.0,22.2,96,9.3,234,1011.6,47,3,21,31,0.0,0.0,41.824,-71.4128,2024,7,15,5
2024-07-15 06:00:00,9.0,2.0,7.0,32.7,22.5,97,9.8,234,1011.7,30,13,16,5,0.0,0.0,41.824,-71.4128,2024,7,15,6
2024-07-15 07:00:00,97.0,43.0,54.0,241.7,23.8,92,9.7,239,1011.5,18,8,10,0,0.0,3600.0,41.824,-71.4128,2024,7,15,7
2024-07-15 08:00:00,254.0,164.0,90.0,457.9,25.5,86,7.2,217,1011.4,14,1,13,0,0.0,3600.0,41.824,-71.4128,2024,7,15,8
2024-07-15 09:00:00,379.0,226.0,153.0,425.9,27.8,78,14.2,243,1011.6,77,1,38,62,0.2,3600.0,41.824,-71.4128,2024,7,15,9
2024-07-15 10:00:00,552.0,381.0,171.0,557.3,29.2,71,12.0,231,1010.9,25,0,7,19,0.2,3600.0,41.824,-71.4128,2024,7,15,10
2024-07-15 11:00:00,732.0,599.0,133.0,742.7,31.1,60,13.4,234,1010.5,6,0,4,3,0.0,3600.0,41.824,-71.4128,2024,7,15,11
2024-07-15 12:00:00,836.0,710.0,126.0,796.7,32.8,50,14.4,233,1010.0,4,0,2,1,0.0,3600.0,41.824,-71.4128,2024,7,15,12
2024-07-15 13:00:00,863.0,736.0,127.0,790.1,31.9,46,20.4,238,1010.2,96,16,95,81,0.4,3600.0,41.824,-71.4128,2024,7,15,13
2024-07-15 14:00:00,463.0,196.0,267.0,211.9,30.5,54,16.1,222,1009.6,78,11,49,67,0.6,3600.0,41.824,-71.4128,2024,7,15,14
2024-07-15 15:00:00,638.0,413.0,225.0,473.5,31.3,58,14.3,214,1008.7,45,1,10,41,0.0,3600.0,41.824,-71.4128,2024,7,15,15
2024-07-15 16:00:00,670.0,540.0,130.0,695.6,31.4,58,13.7,225,1008.6,82,10,30,77,0.0,3600.0,41.824,-71.4128,2024,7,15,16
2024-07-15 17:00:00,406.0,239.0,167.0,371.0,30.6,60,11.2,213,1008.1,53,1,6,51,0.2,3600.0,41.824,-71.4128,2024,7,15,17
2024-07-15 18:00:00,339.0,220.0,119.0,454.0,29.3,68,11.8,218,1008.1,100,21,8,100,0.0,3600.0,41.824,-71.4128,2024,7,15,18
2024-07-15 19:00:00,81.0,0.0,81.0,0.0,27.8,78,9.8,204,1007.6,98,5,4,98,0.0,0.0,41.824,-71.4128,2024,7,15,19
2024-07-15 20:00:00,55.0,10.0,45.0,78.1,26.6,85,9.7,178,1007.5,10,1,0,9,0.0,543.57,41.824,-71.4128,2024,7,15,20
2024-07-15 21:00:00,1.0,0.0,1.0,0.0,25.7,91,10.1,180,1007.8,22,0,11,13,0.0,0.0,41.824,-71.4128,2024,7,15,21
2024-07-15 22:00:00,0.0,0.0,0.0,0.0,25.1,89,10.0,218,1007.9,39,0,3,36,0.0,0.0,41.824,-71.4128,2024,7,15,22
2024-07-15 23:00:00,0.0,0.0,0.0,0.0,24.3,89,9.2,206,1007.6,99,0,1,98,0.0,0.0,41.824,-71.4128,2024,7,15,23
2024-07-16 00:00:00,0.0,0.0,0.0,0.0,24.0,91,9.7,202,1007.3,94,1,1,94,0.0,0.0,41.824,-71.4128,2024,7,16,0
2024-07-16 01:00:00,0.0,0.0,0.0,0.0,23.6,94,7.8,202,1007.3,0,0,0,0,0.0,0.0,41.824,-71.4128,2024,7,16,1
2024-07-16 02:00:00,0.0,0.0,0.0,0.0,23.4,96,8.9,207,1007.1,0,0,0,0,0.0,0.0,41.824,-71.4128,2024,7,16,2
2024-07-16 03:00:00,0.0,0.0,0.0,0.0,23.3,95,6.7,234,1006.9,2,0,2,0,0.0,0.0,41.824,-71.4128,2024,7,16,3
2024-07-16 04:00:00,0.0,0.0,0.0,0.0,23.3,94,8.9,201,1006.6,0,0,0,0,0.0,0.0,41.824,-71.4128,2024,7,16,4
2024-07-16 05:00:00,0.0,0.0,0.0,0.0,23.1,93,10.1,207,1006.8,0,0,0,0,0.0,0.0,41.824,-71.4128,2024,7,16,5
2024-07-16 06:00:00,9.0,3.0,6.0,49.9,23.4,90,12.7,223,1007.0,0,0,0,0,0.0,151.43,41.824,-71.4128,2024,7,16,6
2024-07-16 07:00:00,108.0,65.0,43.0,369.9,24.7,81,15.3,251,1007.6,20,0,0,20,0.0,3600.0,41.824,-71.4128,2024,7,16,7
2024-07-16 08:00:00,274.0,201.0,73.0,564.2,25.6,73,14.1,257,1008.1,3,0,0,3,0.0,3600.0,41.824,-71.4128,2024,7,16,8
2024-07-16 09:00:00,438.0,326.0,112.0,616.3,27.6,67,12.4,253,1008.1,97,0,0,97,0.0,3600.0,41.824,-71.4128,2024,7,16,9
2024-07-16 10:00:00,604.0,470.0,134.0,689.1,28.9,62,12.2,246,1007.9,100,0,0,100,0.0,3600.0,41.824,-71.4128,2024,7,16,10
2024-07-16 11:00:00,747.0,613.0,134.0,761.3,30.3,57,11.9,235,1007.9,100,0,0,100,0.0,3600.0,41.824,-71.4128,2024,7,16,11
2024-07-16 12:00:00,847.0,718.0,129.0,806.8,31.7,51,13.5,236,1008.0,97,0,0,97,0.0,3600.0,41.824,-71.4128,2024,7,16,12
2024-07-16 13:00:00,890.0,756.0,134.0,812.5,33.2,45,14.6,232,1007.5,81,0,0,81,0.0,3600.0,41.824,-71.4128,2024,7,16,13
2024-07-16 14:00:00,887.0,760.0,127.0,822.4,34.1,39,18.6,227,1006.8,93,0,15,92,0.0,3600.0,41.824,-71.4128,2024,7,16,14
2024-07-16 15:00:00,782.0,653.0,129.0,749.6,34.3,37,20.5,219,1005.9,95,0,0,95,0.0,3600.0,41.824,-71.4128,2024,7,16,15
2024-07-16 16:00:00,715.0,601.0,114.0,775.2,34.0,40,22.3,218,1005.3,13,0,10,3,0.0,3600.0,41.824,-71.4128,2024,7,16,16
2024-07-16 17:00:00,541.0,428.0,113.0,665.7,33.0,45,22.0,212,1005.2,4,0,4,0,0.0,3600.0,41.824,-71.4128,2024,7,16,17
2024-07-16 18:00:00,384.0,295.0,89.0,610.4,31.3,57,18.4,208,1005.6,31,0,21,12,0.0,3600.0,41.824,-71.4128,2024,7,16,18
2024-07-16 19:00:00,200.0,126.0,74.0,410.4,29.2,69,15.0,204,1005.6,77,0,30,76,0.0,3600.0,41.824,-71.4128,2024,7,16,19
2024-07-16 20:00:00,59.0,20.0,39.0,158.4,28.1,71,17.2,217,1005.4,25,0,3,24,0.0,2951.21,41.824,-71.4128,2024,7,16,20
2024-07-16 21:00:00,1.0,0.0,1.0,0.0,26.7,74,18.6,216,1006.0,62,0,25,52,0.0,0.0,41.824,-71.4128,2024,7,16,21
2024-07-16 22:00:00,0.0,0.0,0.0,0.0,26.5,78,16.9,220,1006.3,96,0,11,95,0.2,0.0,41.824,-71.4128,2024,7,16,22
2024-07-16 23:00:00,0.0,0.0,0.0,0.0,26.9,79,15.4,233,1006.1,86,0,4,85,0.0,0.0,41.824,-71.4128,2024,7,16,23
2024-07-17 00:00:00,0.0,0.0,0.0,0.0,27.2,75,14.8,247,1006.4,100,0,0,100,0.0,0.0,41.824,-71.4128,2024,7,17,0
2024-07-17 01:00:00,0.0,0.0,0.0,0.0,26.5,73,13.1,279,1007.0,100,0,0,100,0.0,0.0,41.824,-71.4128,2024,7,17,1
2024-07-17 02:00:00,0.0,0.0,0.0,0.0,25.3,78,13.2,292,1007.4,100,0,5,100,0.0,0.0,41.824,-71.4128,2024,7,17,2
2024-07-17 03:00:00,0.0,0.0,0.0,0.0,24.4,77,12.2,289,1007.5,98,0,5,98,0.0,0.0,41.824,-71.4128,2024,7,17,3
2024-07-17 04:00:00,0.0,0.0,0.0,0.0,23.5,80,10.5,292,1007.7,100,0,5,100,0.0,0.0,41.824,-71.4128,2024,7,17,4
2024-07-17 05:00:00,0.0,0.0,0.0,0.0,22.7,83,7.7,298,1008.1,37,0,0,37,0.0,0.0,41.824,-71.4128,2024,7,17,5
2024-07-17 06:00:00,8.0,2.0,6.0,33.9,22.4,84,5.8,240,1008.8,0,0,0,0,0.0,0.0,41.824,-71.4128,2024,7,17,6
2024-07-17 07:00:00,105.0,62.0,43.0,357.3,23.5,83,5.5,212,1010.0,48,0,1,47,0.0,3600.0,41.824,-71.4128,2024,7,17,7
2024-07-17 08:00:00,266.0,189.0,77.0,533.5,25.3,73,4.6,219,1010.4,92,0,4,91,0.0,3600.0,41.824,-71.4128,2024,7,17,8
2024-07-17 09:00:00,423.0,307.0,116.0,582.3,27.1,64,4.7,184,1010.4,33,0,33,0,0.0,3600.0,41.824,-71.4128,2024,7,17,9
2024-07-17 10:00:00,461.0,317.0,144.0,465.8,28.2,60,7.3,171,1010.5,100,0,100,21,0.0,3600.0,41.824,-71.4128,2024,7,17,10
2024-07-17 11:00:00,279.0,42.0,237.0,52.2,28.2,60,4.4,171,1010.7,40,0,25,20,0.0,0.0,41.824,-71.4128,2024,7,17,11
2024-07-17 12:00:00,814.0,647.0,167.0,728.0,30.9,53,9.7,180,1010.2,19,0,3,17,0.0,3600.0,41.824,-71.4128,2024,7,17,12
2024-07-17 13:00:00,799.0,647.0,152.0,696.1,31.2,53,15.1,177,1009.6,95,12,31,93,0.1,3600.0,41.824,-71.4128,2024,7,17,13
2024-07-17 14:00:00,674.0,432.0,242.0,468.0,30.0,61,15.9,177,1009.1,100,1,6,100,0.4,3600.0,41.824,-71.4128,2024,7,17,14
2024-07-17 15:00:00,784.0,588.0,196.0,675.8,30.5,58,16.6,178,1008.5,96,0,4,96,0.0,3600.0,41.824,-71.4128,2024,7,17,15
2024-07-17 16:00:00,688.0,554.0,134.0,715.6,30.5,61,18.9,194,1007.8,87,25,5,82,0.0,3600.0,41.824,-71.4128,2024,7,17,16
2024-07-17 17:00:00,458.0,295.0,163.0,459.7,30.3,60,19.7,201,1007.2,66,49,5,31,0.0,3600.0,41.824,-71.4128,2024,7,17,17
2024-07-17 18:00:00,312.0,181.0,131.0,375.6,29.1,66,19.8,217,1007.8,79,62,15,34,0.0,3600.0,41.824,-71.4128,2024,7,17,18
2024-07-17 19:00:00,159.0,81.0,78.0,265.2,27.8,74,14.6,220,1008.3,100,12,4,100,0.0,3600.0,41.824,-71.4128,2024,7,17,19
2024-07-17 20:00:00,26.0,0.0,26.0,0.0,26.5,83,7.8,202,1008.2,100,1,7,100,0.1,0.0,41.824,-71.4128,2024,7,17,20
2024-07-17 21:00:00,1.0,0.0,1.0,0.0,24.1,93,7.0,282,1008.9,100,0,77,100,0.5,0.0,41.824,-71.4128,2024,7,17,21
2024-07-17 22:00:00,0.0,0.0,0.0,0.0,23.8,96,2.0,225,1008.3,100,0,14,100,0.2,0.0,41.824,-71.4128,2024,7,17,22
2024-07-17 23:00:00,0.0,0.0,0.0,0.0,23.4,96,12.7,245,1009.3,100,23,100,100,0.2,0.0,41.824,-71.4128,2024,7,17,23
2024-07-18 00:00:00,0.0,0.0,0.0,0.0,22.7,96,10.0,232,1008.8,100,0,39,100,1.7,0.0,41.824,-71.4128,2024,7,18,0
2024-07-18 01:00:00,0.0,0.0,0.0,0.0,22.3,96,6.3,204,1008.2,100,2,16,100,0.5,0.0,41.824,-71.4128,2024,7,18,1
2024-07-18 02:00:00,0.0,0.0,0.0,0.0,22.2,96,6.5,183,1007.5,100,2,100,100,0.5,0.0,41.824,-71.4128,2024,7,18,2
2024-07-18 03:00:00,0.0,0.0,0.0,0.0,22.2,97,5.3,242,1007.6,100,74,100,37,0.1,0.0,41.824,-71.4128,2024,7,18,3
2024-07-18 04:00:00,0.0,0.0,0.0,0.0,22.1,96,5.0,201,1007.4,100,50,100,4,0.1,0.0,41.824,-71.4128,2024,7,18,4
2024-07-18 05:00:00,0.0,0.0,0.0,0.0,22.1,98,5.0,270,1007.8,93,72,46,58,0.0,0.0,41.824,-71.4128,2024,7,18,5
2024-07-18 06:00:00,4.0,0.0,4.0,0.0,22.2,98,6.3,246,1008.5,86,68,48,15,0.0,0.0,41.824,-71.4128,2024,7,18,6
2024-07-18 07:00:00,70.0,16.0,54.0,93.4,22.9,94,11.1,283,1008.8,39,33,9,0,0.0,1002.17,41.824,-71.4128,2024,7,18,7
2024-07-18 08:00:00,230.0,129.0,101.0,366.2,24.1,89,11.0,311,1008.9,17,13,4,1,0.0,3600.0,41.824,-71.4128,2024,7,18,8
2024-07-18 09:00:00,382.0,262.0,120.0,498.7,25.5,83,12.2,304,1008.7,24,6,11,9,0.2,3600.0,41.824,-71.4128,2024,7,18,9
2024-07-18 10:00:00,557.0,409.0,148.0,602.4,27.0,62,12.6,323,1009.0,88,0,13,86,0.0,3600.0,41.824,-71.4128,2024,7,18,10
2024-07-18 11:00:00,612.0,311.0,301.0,387.6,28.3,51,12.0,321,1009.5,71,0,29,63,0.0,3600.0,41.824,-71.4128,2024,7,18,11
2024-07-18 12:00:00,781.0,557.0,224.0,627.6,29.4,46,13.2,325,1009.3,100,0,100,13,0.0,3600.0,41.824,-71.4128,2024,7,18,12
2024-07-18 13:00:00,396.0,98.0,298.0,105.6,28.2,49,13.0,316,1009.7,100,1,100,39,0.0,1367.23,41.824,-71.4128,2024,7,18,13
2024-07-18 14:00:00,405.0,61.0,344.0,66.2,28.2,49,10.0,308,1009.5,38,0,37,1,0.0,184.94,41.824,-71.4128,2024,7,18,14
2024-07-18 15:00:00,733.0,513.0,220.0,590.4,30.0,44,8.3,288,1009.4,27,0,5,25,0.0,3600.0,41.824,-71.4128,2024,7,18,15
2024-07-18 16:00:00,714.0,597.0,117.0,772.4,30.7,39,10.2,280,1009.0,70,0,6,69,0.0,3600.0,41.824,-71.4128,2024,7,18,16
2024-07-18 17:00:00,518.0,353.0,165.0,551.2,30.1,39,13.9,295,1008.9,100,0,5,100,0.0,3600.0,41.824,-71.4128,2024,7,18,17
2024-07-18 18:00:00,331.0,159.0,172.0,331.0,29.1,41,11.6,300,1009.3,100,3,4,100,0.0,3600.0,41.824,-71.4128,2024,7,18,18
2024-07-18 19:00:00,164.0,46.0,118.0,151.4,27.6,46,9.2,301,1010.0,86,0,4,86,0.0,2743.22,41.824,-71.4128,2024,7,18,19
2024-07-18 20:00:00,57.0,21.0,36.0,170.6,25.6,48,11.3,307,1010.7,100,0,2,100,0.0,3340.98,41.824,-71.4128,2024,7,18,20
2024-07-18 21:00:00,1.0,0.0,1.0,0.0,23.3,58,9.7,285,1012.1,56,0,0,55,0.0,0.0,41.824,-71.4128,2024,7,18,21
2024-07-18 22:00:00,0.0,0.0,0.0,0.0,22.1,61,10.0,285,1012.8,32,0,0,32,0.0,0.0,41.824,-71.4128,2024,7,18,22
2024-07-18 23:00:00,0.0,0.0,0.0,0.0,21.5,63,11.4,294,1013.1,96,0,0,96,0.0,0.0,41.824,-71.4128,2024,7,18,23
2024-07-19 00:00:00,0.0,0.0,0.0,0.0,21.4,62,12.2,304,1013.4,30,0,0,30,0.0,0.0,41.824,-71.4128,2024,7,19,0
2024-07-19 01:00:00,0.0,0.0,0.0,0.0,20.7,65,11.8,308,1014.0,2,0,0,2,0.0,0.0,41.824,-71.4128,2024,7,19,1
2024-07-19 02:00:00,0.0,0.0,0.0,0.0,20.0,68,13.0,326,1014.2,0,0,0,0,0.0,0.0,41.824,-71.4128,2024,7,19,2
2024-07-19 03:00:00,0.0,0.0,0.0,0.0,19.5,70,12.5,348,1014.3,31,0,0,31,0.0,0.0,41.824,-71.4128,2024,7,19,3
2024-07-19 04:00:00,0.0,0.0,0.0,0.0,18.8,73,13.2,349,1014.5,76,0,0,76,0.0,0.0,41.824,-71.4128,2024,7,19,4
2024-07-19 05:00:00,0.0,0.0,0.0,0.0,18.2,74,12.8,349,1014.7,36,0,0,36,0.0,0.0,41.824,-71.4128,2024,7,19,5
2024-07-19 06:00:00,7.0,2.0,5.0,35.3,17.8,75,11.1,347,1015.5,6,0,0,6,0.0,0.0,41.824,-71.4128,2024,7,19,6
2024-07-19 07:00:00,105.0,61.0,44.0,360.9,18.7,72,9.2,334,1016.1,2,0,0,2,0.0,3600.0,41.824,-71.4128,2024,7,19,7
2024-07-19 08:00:00,276.0,203.0,73.0,579.8,20.1,63,10.8,345,1016.7,0,0,0,0,0.0,3600.0,41.824,-71.4128,2024,7,19,8
2024-07-19 09:00:00,461.0,369.0,92.0,704.8,21.8,56,9.5,351,1017.5,0,0,0,0,0.0,3600.0,41.824,-71.4128,2024,7,19,9
2024-07-19 10:00:00,634.0,532.0,102.0,785.5,23.4,51,8.7,343,1017.5,0,0,0,0,0.0,3600.0,41.824,-71.4128,2024,7,19,10
2024-07-19 11:00:00,777.0,668.0,109.0,833.9,25.0,45,8.3,326,1017.4,0,0,0,0,0.0,3600.0,41.824,-71.4128,2024,7,19,11
2024-07-19 12:00:00,876.0,762.0,114.0,859.8,26.3,41,7.9,321,1017.2,0,0,0,0,0.0,3600.0,41.824,-71.4128,2024,7,19,12
2024-07-19 13:00:00,923.0,806.0,117.0,869.4,27.3,38,7.2,323,1016.8,0,0,0,0,0.0,3600.0,41.824,-71.4128,2024,7,19,13
2024-07-19 14:00:00,915.0,801.0,114.0,869.9,28.0,37,6.6,315,1016.4,1,0,0,0,0.0,3600.0,41.824,-71.4128,2024,7,19,14
2024-07-19 15:00:00,853.0,743.0,110.0,856.2,28.8,35,5.9,308,1016.0,33,1,33,0,0.0,3600.0,41.824,-71.4128,2024,7,19,15
2024-07-19 16:00:00,701.0,572.0,129.0,741.2,29.6,32,5.0,300,1015.5,52,0,52,0,0.0,3600.0,41.824,-71.4128,2024,7,19,16
2024-07-19 17:00:00,525.0,372.0,153.0,582.1,29.0,32,5.2,168,1015.3,93,0,93,0,0.0,3600.0,41.824,-71.4128,2024,7,19,17
2024-07-19 18:00:00,294.0,128.0,166.0,267.3,27.1,46,11.6,158,1015.6,20,0,20,0,0.0,3600.0,41.824,-71.4128,2024,7,19,18
2024-07-19 19:00:00,185.0,103.0,82.0,341.1,26.3,52,6.5,177,1015.9,26,0,26,0,0.0,3600.0,41.824,-71.4128,2024,7,19,19
2024-07-19 20:00:00,63.0,32.0,31.0,261.9,24.6,63,4.4,189,1016.4,1,1,0,0,0.0,3600.0,41.824,-71.4128,2024,7,19,20
2024-07-19 21:00:00,1.0,0.0,1.0,0.0,22.3,60,6.8,288,1017.8,0,0,0,0,0.0,0.0,41.824,-71.4128,2024,7,19,21
2024-07-19 22:00:00,0.0,0.0,0.0,0.0,20.9,72,5.4,274,1018.0,0,0,0,0,0.0,0.0,41.824,-71.4128,2024,7,19,22
2024-07-19 23:00:00,0.0,0.0,0.0,0.0,20.4,69,5.8,266,1018.0,0,0,0,0,0.0,0.0,41.824,-71.4128,2024,7,19,23
2024-07-20 00:00:00,0.0,0.0,0.0,0.0,19.8,70,9.6,257,1018.2,0,0,0,0,0.0,0.0,41.824,-71.4128,2024,7,20,0
2024-07-20 01:00:00,0.0,0.0,0.0,0.0,19.6,70,10.3,258,1018.3,0,0,0,0,0.0,0.0,41.824,-71.4128,2024,7,20,1
2024-07-20 02:00:00,0.0,0.0,0.0,0.0,19.0,73,10.2,262,1018.3,22,0,0,22,0.0,0.0,41.824,-71.4128,2024,7,20,2
2024-07-20 03:00:00,0.0,0.0,0.0,0.0,18.4,75,10.1,268,1018.1,95,0,0,95,0.0,0.0,41.824,-71.4128,2024,7,20,3
2024-07-20 04:00:00,0.0,0.0,0.0,0.0,18.2,74,10.1,274,1017.8,1,0,0,1,0.0,0.0,41.824,-71.4128,2024,7,20,4
2024-07-20 05:00:00,0.0,0.0,0.0,0.0,17.8,75,9.9,280,1017.9,100,0,0,100,0.0,0.0,41.824,-71.4128,2024,7,20,5
2024-07-20 06:00:00,7.0,1.0,6.0,18.0,17.8,75,9.5,281,1018.1,96,0,0,96,0.0,0.0,41.824,-71.4128,2024,7,20,6
2024-07-20 07:00:00,99.0,48.0,51.0,288.0,19.1,73,8.3,272,1018.4,98,0,0,98,0.0,3600.0,41.824,-71.4128,2024,7,20,7
2024-07-20 08:00:00,256.0,161.0,95.0,462.6,21.5,66,4.1,255,1018.7,99,0,0,99,0.0,3600.0,41.824,-71.4128,2024,7,20,8
2024-07-20 09:00:00,438.0,320.0,118.0,613.4,24.6,56,3.3,264,1018.3,100,0,0,100,0.0,3600.0,41.824,-71.4128,2024,7,20,9
2024-07-20 10:00:00,599.0,446.0,153.0,660.1,26.8,42,6.2,234,1018.0,100,0,0,100,0.0,3600.0,41.824,-71.4128,2024,7,20,10
2024-07-20 11:00:00,671.0,396.0,275.0,495.3,27.8,39,8.9,249,1017.8,100,0,0,100,0.0,3600.0,41.824,-71.4128,2024,7,20,11
2024-07-20 12:00:00,734.0,400.0,334.0,452.0,28.5,37,9.6,257,1017.4,100,0,0,100,0.0,3600.0,41.824,-71.4128,2024,7,20,12
2024-07-20 13:00:00,680.0,271.0,409.0,292.7,28.8,35,9.5,259,1016.8,100,0,0,100,0.0,3600.0,41.824,-71.4128,2024,7,20,13
2024-07-20 14:00:00,724.0,350.0,374.0,380.6,29.5,33,12.8,259,1016.4,100,1,49,100,0.0,3600.0,41.824,-71.4128,2024,7,20,14
2024-07-20 15:00:00,756.0,496.0,260.0,572.4,30.5,31,11.5,284,1015.6,99,0,21,99,0.0,3600.0,41.824,-71.4128,2024,7,20,15
2024-07-20 16:00:00,442.0,189.0,253.0,245.3,30.6,31,10.5,262,1014.7,100,0,87,99,0.0,3600.0,41.824,-71.4128,2024,7,20,16
2024-07-20 17:00:00,349.0,110.0,239.0,172.5,28.3,45,19.7,230,1014.8,78,0,40,63,0.0,3375.94,41.824,-71.4128,2024,7,20,17
2024-07-20 18:00:00,291.0,139.0,152.0,291.3,26.8,53,23.3,238,1014.9,76,0,24,69,0.0,3600.0,41.824,-71.4128,2024,7,20,18
2024-07-20 19:00:00,203.0,122.0,81.0,406.5,25.5,61,17.1,240,1014.9,98,0,4,98,0.0,3600.0,41.824,-71.4128,2024,7,20,19
2024-07-20 20:00:00,51.0,11.0,40.0,90.7,24.1,67,13.5,228,1015.0,100,0,4,100,0.0,986.39,41.824,-71.4128,2024,7,20,20
2024-07-20 21:00:00,1.0,0.0,1.0,0.0,24.0,71,9.7,222,1015.4,100,1,0,100,0.0,0.0,41.824,-71.4128,2024,7,20,21
2024-07-20 22:00:00,0.0,0.0,0.0,0.0,23.3,75,10.5,221,1015.7,100,0,3,100,0.0,0.0,41.824,-71.4128,2024,7,20,22
2024-07-20 23:00:00,0.0,0.0,0.0,0.0,23.0,73,11.2,230,1015.4,100,0,5,100,0.0,0.0,41.824,-71.4128,2024,7,20,23
2024-07-21 00:00:00,0.0,0.0,0.0,0.0,22.8,72,11.0,232,1015.2,100,0,0,100,0.0,0.0,41.824,-71.4128,2024,7,21,0
2024-07-21 01:00:00,0.0,0.0,0.0,0.0,22.4,73,10.9,243,1014.9,100,0,81,100,0.0,0.0,41.824,-71.4128,2024,7,21,1
2024-07-21 02:00:00,0.0,0.0,0.0,0.0,22.4,74,10.4,250,1014.7,100,0,100,100,0.0,0.0,41.824,-71.4128,2024,7,21,2
2024-07-21 03:00:00,0.0,0.0,0.0,0.0,22.3,75,12.6,246,1014.7,100,0,100,100,0.0,0.0,41.824,-71.4128,2024,7,21,3
2024-07-21 04:00:00,0.0,0.0,0.0,0.0,21.9,79,13.7,243,1014.1,100,0,100,100,0.1,0.0,41.824,-71.4128,2024,7,21,4
2024-07-21 05:00:00,0.0,0.0,0.0,0.0,21.8,81,13.1,261,1014.2,87,0,13,85,0.0,0.0,41.824,-71.4128,2024,7,21,5
2024-07-21 06:00:00,6.0,1.0,5.0,18.4,21.2,84,11.9,273,1014.2,15,0,15,0,0.0,0.0,41.824,-71.4128,2024,7,21,6
2024-07-21 07:00:00,92.0,49.0,43.0,298.3,21.9,82,9.0,286,1014.2,8,0,8,0,0.0,3600.0,41.824,-71.4128,2024,7,21,7
2024-07-21 08:00:00,253.0,174.0,79.0,503.1,23.6,73,7.6,295,1014.8,21,1,21,0,0.0,3600.0,41.824,-71.4128,2024,7,21,8
2024-07-21 09:00:00,257.0,88.0,169.0,169.3,24.5,69,6.4,308,1015.0,59,0,59,0,0.0,3279.61,41.824,-71.4128,2024,7,21,9
2024-07-21 10:00:00,542.0,347.0,195.0,514.9,26.5,52,5.6,320,1014.8,11,0,11,0,0.0,3600.0,41.824,-71.4128,2024,7,21,10
2024-07-21 11:00:00,754.0,639.0,115.0,800.7,28.2,43,5.1,321,1014.5,0,0,0,0,0.0,3600.0,41.824,-71.4128,2024,7,21,11
2024-07-21 12:00:00,859.0,745.0,114.0,843.2,29.5,38,5.7,305,1014.2,11,1,0,10,0.0,3600.0,41.824,-71.4128,2024,7,21,12
2024-07-21 13:00:00,906.0,790.0,116.0,854.5,30.5,35,6.7,286,1013.7,16,3,6,9,0.0,3600.0,41.824,-71.4128,2024,7,21,13
2024-07-21 14:00:00,844.0,717.0,127.0,780.8,31.1,33,9.8,287,1013.2,32,0,28,5,0.0,3600.0,41.824,-71.4128,2024,7,21,14
2024-07-21 15:00:00,773.0,576.0,197.0,665.7,31.3,32,13.5,295,1012.9,17,0,14,3,0.0,3600.0,41.824,-71.4128,2024,7,21,15
2024-07-21 16:00:00,684.0,548.0,136.0,712.6,31.1,32,13.9,301,1013.0,58,0,41,29,0.0,3600.0,41.824,-71.4128,2024,7,21,16
2024-07-21 17:00:00,505.0,371.0,134.0,583.3,30.6,33,11.7,315,1012.9,98,0,66,94,0.0,3600.0,41.824,-71.4128,2024,7,21,17
2024-07-21 18:00:00,387.0,287.0,100.0,603.7,29.8,36,12.2,332,1012.8,93,0,14,92,0.0,3600.0,41.824,-71.4128,2024,7,21,18
2024-07-21 19:00:00,169.0,92.0,77.0,308.6,28.3,43,8.0,8,1013.4,98,0,18,98,0.0,3600.0,41.824,-71.4128,2024,7,21,19
2024-07-21 20:00:00,56.0,16.0,40.0,133.0,25.9,57,3.4,18,1013.8,41,0,19,27,0.0,2329.41,41.824,-71.4128,2024,7,21,20
2024-07-21 21:00:00,1.0,0.0,1.0,0.0,24.1,66,7.5,305,1015.2,16,11,11,4,0.0,0.0,41.824,-71.4128,2024,7,21,21
2024-07-21 22:00:00,0.0,0.0,0.0,0.0,22.8,73,7.6,341,1015.8,43,6,9,37,0.0,0.0,41.824,-71.4128,2024,7,21,22
2024-07-21 23:00:00,0.0,0.0,0.0,0.0,22.0,78,4.7,337,1016.1,96,4,4,96,0.0,0.0,41.824,-71.4128,2024,7,21,23
2024-07-22 00:00:00,0.0,0.0,0.0,0.0,21.4,81,3.1,291,1016.3,50,8,12,42,0.0,0.0,41.824,-71.4128,2024,7,22,0
2024-07-22 01:00:00,0.0,0.0,0.0,0.0,20.7,85,6.5,264,1016.6,13,2,1,12,0.0,0.0,41.824,-71.4128,2024,7,22,1
2024-07-22 02:00:00,0.0,0.0,0.0,0.0,20.2,85,9.0,275,1016.5,63,0,0,63,0.0,0.0,41.824,-71.4128,2024,7,22,2
2024-07-22 03:00:00,0.0,0.0,0.0,0.0,19.9,83,10.0,285,1016.5,98,0,0,98,0.0,0.0,41.824,-71.4128,2024,7,22,3
2024-07-22 04:00:00,0.0,0.0,0.0,0.0,19.8,81,9.7,292,1016.3,93,0,0,93,0.0,0.0,41.824,-71.4128,2024,7,22,4
2024-07-22 05:00:00,0.0,0.0,0.0,0.0,19.6,82,8.4,295,1016.5,7,0,0,7,0.0,0.0,41.824,-71.4128,2024,7,22,5
2024-07-22 06:00:00,6.0,1.0,5.0,18.8,19.2,84,7.9,317,1016.9,99,2,2,99,0.0,0.0,41.824,-71.4128,2024,7,22,6
2024-07-22 07:00:00,95.0,47.0,48.0,290.4,20.3,82,6.2,353,1017.5,100,0,0,100,0.0,3600.0,41.824,-71.4128,2024,7,22,7
2024-07-22 08:00:00,251.0,159.0,92.0,462.6,22.2,74,4.7,9,1017.7,100,0,0,100,0.0,3600.0,41.824,-71.4128,2024,7,22,8
2024-07-22 09:00:00,398.0,241.0,157.0,465.5,24.5,70,3.6,45,1017.9,100,10,13,100,0.0,3600.0,41.824,-71.4128,2024,7,22,9
2024-07-22 10:00:00,545.0,338.0,207.0,502.8,26.7,59,1.8,90,1017.9,100,2,17,100,0.0,3600.0,41.824,-71.4128,2024,7,22,10
2024-07-22 11:00:00,639.0,374.0,265.0,469.6,27.8,53,3.7,209,1017.5,100,10,34,100,0.1,3600.0,41.824,-71.4128,2024,7,22,11
2024-07-22 12:00:00,655.0,378.0,277.0,428.5,28.7,51,6.7,196,1017.5,100,6,15,100,0.0,3600.0,41.824,-71.4128,2024,7,22,12
2024-07-22 13:00:00,642.0,359.0,283.0,388.9,27.5,56,12.4,197,1017.3,100,19,34,100,0.9,3600.0,41.824,-71.4128,2024,7,22,13
2024-07-22 14:00:00,503.0,170.0,333.0,185.4,28.1,55,9.4,187,1016.7,100,0,18,100,0.0,3600.0,41.824,-71.4128,2024,7,22,14
2024-07-22 15:00:00,537.0,217.0,320.0,251.2,26.7,61,14.3,225,1016.7,100,16,43,100,0.5,3600.0,41.824,-71.4128,2024,7,22,15
2024-07-22 16:00:00,451.0,174.0,277.0,226.7,25.8,71,10.7,228,1016.5,100,13,23,100,0.6,3600.0,41.824,-71.4128,2024,7,22,16
2024-07-22 17:00:00,221.0,48.0,173.0,75.7,25.4,71,13.9,233,1016.1,100,26,50,100,1.1,469.81,41.824,-71.4128,2024,7,22,17
2024-07-22 18:00:00,148.0,16.0,132.0,33.8,25.3,72,8.9,220,1015.8,100,0,0,100,0.0,0.0,41.824,-71.4128,2024,7,22,18
2024-07-22 19:00:00,106.0,6.0,100.0,20.3,25.0,75,11.4,204,1015.9,100,8,12,100,0.0,0.0,41.824,-71.4128,2024,7,22,19
2024-07-22 20:00:00,32.0,0.0,32.0,0.0,24.2,79,11.6,206,1016.1,100,1,32,100,0.0,0.0,41.824,-71.4128,2024,7,22,20
2024-07-22 21:00:00,0.0,0.0,0.0,0.0,23.7,86,9.2,191,1016.5,100,1,99,100,0.0,0.0,41.824,-71.4128,2024,7,22,21
2024-07-22 22:00:00,0.0,0.0,0.0,0.0,23.3,89,8.0,188,1016.9,100,0,100,100,0.0,0.0,41.824,-71.4128,2024,7,22,22
2024-07-22 23:00:00,0.0,0.0,0.0,0.0,23.0,91,6.9,171,1016.6,100,0,100,100,0.1,0.0,41.824,-71.4128,2024,7,22,23
2024-07-23 00:00:00,0.0,0.0,0.0,0.0,22.8,93,8.4,160,1016.0,100,11,100,100,0.8,0.0,41.824,-71.4128,2024,7,23,0
2024-07-23 01:00:00,0.0,0.0,0.0,0.0,22.5,94,9.8,163,1015.7,100,19,100,100,0.5,0.0,41.824,-71.4128,2024,7,23,1
2024-07-23 02:00:00,0.0,0.0,0.0,0.0,22.1,94,14.4,167,1015.0,100,11,100,100,0.3,0.0,41.824,-71.4128,2024,7,23,2
2024-07-23 03:00:00,0.0,0.0,0.0,0.0,21.5,95,14.2,150,1014.4,100,17,100,100,0.8,0.0,41.824,-71.4128,2024,7,23,3
2024-07-23 04:00:00,0.0,0.0,0.0,0.0,20.9,96,11.0,139,1014.2,100,42,100,100,1.7,0.0,41.824,-71.4128,2024,7,23,4
2024-07-23 05:00:00,0.0,0.0,0.0,0.0,20.4,98,7.6,71,1013.4,100,26,97,100,4.2,0.0,41.824,-71.4128,2024,7,23,5
2024-07-23 06:00:00,3.0,0.0,3.0,0.0,20.3,98,5.4,20,1013.4,100,44,99,100,2.1,0.0,41.824,-71.4128,2024,7,23,6
2024-07-23 07:00:00,22.0,0.0,22.0,0.0,20.3,96,7.6,360,1013.3,100,16,36,100,0.3,0.0,41.824,-71.4128,2024,7,23,7
2024-07-23 08:00:00,189.0,68.0,121.0,199.1,21.5,88,10.8,21,1013.6,68,55,1,27,0.0,3600.0,41.824,-71.4128,2024,7,23,8
2024-07-23 09:00:00,161.0,12.0,149.0,23.3,21.7,88,6.6,77,1015.7,100,100,97,100,0.1,0.0,41.824,-71.4128,2024,7,23,9
2024-07-23 10:00:00,207.0,8.0,199.0,11.9,22.2,84,7.8,68,1015.8,100,100,100,92,0.2,0.0,41.824,-71.4128,2024,7,23,10
2024-07-23 11:00:00,113.0,0.0,113.0,0.0,21.9,87,8.2,75,1016.1,100,100,72,93,0.1,0.0,41.824,-71.4128,2024,7,23,11
2024-07-23 12:00:00,353.0,43.0,310.0,48.8,23.3,78,8.7,85,1016.3,100,100,18,31,0.1,0.0,41.824,-71.4128,2024,7,23,12
2024-07-23 13:00:00,300.0,25.0,275.0,27.1,23.7,75,9.0,88,1016.2,100,100,50,89,0.2,0.0,41.824,-71.4128,2024,7,23,13
2024-07-23 14:00:00,171.0,0.0,171.0,0.0,23.4,78,8.0,72,1016.2,100,100,91,23,0.3,0.0,41.824,-71.4128,2024,7,23,14
2024-07-23 15:00:00,230.0,12.0,218.0,13.9,23.9,76,7.6,71,1016.3,100,100,25,100,0.2,0.0,41.824,-71.4128,2024,7,23,15
2024-07-23 16:00:00,268.0,42.0,226.0,54.8,24.6,72,5.7,72,1016.2,100,100,26,70,0.0,0.0,41.824,-71.4128,2024,7,23,16
2024-07-23 17:00:00,289.0,62.0,227.0,98.0,25.5,68,5.2,106,1015.9,100,100,21,64,0.0,1139.66,41.824,-71.4128,2024,7,23,17
2024-07-23 18:00:00,147.0,12.0,135.0,25.4,24.9,70,7.4,129,1016.3,100,70,46,98,0.0,0.0,41.824,-71.4128,2024,7,23,18
2024-07-23 19:00:00,90.0,14.0,76.0,47.6,23.9,77,8.9,148,1016.9,98,43,81,85,0.2,0.0,41.824,-71.4128,2024,7,23,19
2024-07-23 20:00:00,19.0,0.0,19.0,0.0,22.8,86,8.6,180,1017.7,100,100,100,100,0.6,0.0,41.824,-71.4128,2024,7,23,20
2024-07-23 21:00:00,0.0,0.0,0.0,0.0,22.4,80,7.0,125,1019.1,100,21,5,100,0.0,0.0,41.824,-71.4128,2024,7,23,21
2024-07-23 22:00:00,0.0,0.0,0.0,0.0,21.7,86,4.8,132,1019.8,99,71,23,97,0.0,0.0,41.824,-71.4128,2024,7,23,22
2024-07-23 23:00:00,0.0,0.0,0.0,0.0,21.4,88,5.0,120,1019.7,100,89,34,98,0.0,0.0,41.824,-71.4128,2024,7,23,23
2024-07-24 00:00:00,0.0,0.0,0.0,0.0,21.1,90,4.8,138,1019.9,100,35,16,100,0.0,0.0,41.824,-71.4128,2024,7,24,0
2024-07-24 01:00:00,0.0,0.0,0.0,0.0,20.8,93,4.0,117,1019.9,53,38,11,19,0.0,0.0,41.824,-71.4128,2024,7,24,1
2024-07-24 02:00:00,0.0,0.0,0.0,0.0,20.4,95,4.3,90,1019.6,82,34,1,73,0.0,0.0,41.824,-71.4128,2024,7,24,2
2024-07-24 03:00:00,0.0,0.0,0.0,0.0,20.0,96,7.2,90,1019.6,99,45,1,97,0.0,0.0,41.824,-71.4128,2024,7,24,3
2024-07-24 04:00:00,0.0,0.0,0.0,0.0,19.6,98,7.9,90,1020.0,100,40,13,100,0.0,0.0,41.824,-71.4128,2024,7,24,4
2024-07-24 05:00:00,0.0,0.0,0.0,0.0,19.8,98,7.9,93,1020.3,100,96,13,100,0.0,0.0,41.824,-71.4128,2024,7,24,5
2024-07-24 06:00:00,1.0,0.0,1.0,0.0,20.0,97,7.6,85,1020.1,100,100,3,100,0.0,0.0,41.824,-71.4128,2024,7,24,6
2024-07-24 07:00:00,41.0,0.0,41.0,0.0,20.5,93,8.6,105,1020.2,100,100,8,97,0.0,0.0,41.824,-71.4128,2024,7,24,7
2024-07-24 08:00:00,99.0,2.0,97.0,5.9,21.1,89,8.3,92,1020.1,100,100,4,100,0.0,0.0,41.824,-71.4128,2024,7,24,8
2024-07-24 09:00:00,84.0,0.0,84.0,0.0,21.3,87,8.3,95,1020.5,100,100,100,100,0.0,0.0,41.824,-71.4128,2024,7,24,9
2024-07-24 10:00:00,110.0,0.0,110.0,0.0,21.6,86,9.8,114,1020.8,100,100,100,100,0.1,0.0,41.824,-71.4128,2024,7,24,10
2024-07-24 11:00:00,118.0,3.0,115.0,3.8,21.9,85,9.9,123,1020.8,100,100,100,100,0.1,0.0,41.824,-71.4128,2024,7,24,11
2024-07-24 12:00:00,126.0,0.0,126.0,0.0,22.2,84,8.8,125,1020.6,100,100,100,99,0.1,0.0,41.824,-71.4128,2024,7,24,12
2024-07-24 13:00:00,126.0,1.0,125.0,1.1,22.7,82,9.8,126,1020.3,100,100,100,100,0.0,0.0,41.824,-71.4128,2024,7,24,13
2024-07-24 14:00:00,111.0,0.0,111.0,0.0,22.7,83,10.3,126,1019.6,100,100,98,68,0.2,0.0,41.824,-71.4128,2024,7,24,14
2024-07-24 15:00:00,243.0,6.0,237.0,7.0,23.8,80,10.5,131,1018.9,100,100,98,66,0.1,0.0,41.824,-71.4128,2024,7,24,15
2024-07-24 16:00:00,280.0,19.0,261.0,24.9,24.4,78,10.3,144,1018.2,100,100,47,100,0.1,0.0,41.824,-71.4128,2024,7,24,16
2024-07-24 17:00:00,153.0,11.0,142.0,17.4,23.9,81,9.7,149,1018.0,100,100,1,100,0.0,0.0,41.824,-71.4128,2024,7,24,17
2024-07-24 18:00:00,102.0,3.0,99.0,6.4,23.6,83,8.9,148,1017.5,100,100,2,100,0.0,0.0,41.824,-71.4128,2024,7,24,18
2024-07-24 19:00:00,74.0,0.0,74.0,0.0,23.4,83,7.3,147,1017.6,100,100,2,100,0.0,0.0,41.824,-71.4128,2024,7,24,19
2024-07-24 20:00:00,27.0,2.0,25.0,17.1,22.9,87,6.8,148,1017.6,100,100,3,100,0.0,0.0,41.824,-71.4128,2024,7,24,20
2024-07-24 21:00:00,0.0,0.0,0.0,0.0,20.6,98,6.8,65,1018.5,100,6,12,100,0.0,0.0,41.824,-71.4128,2024,7,24,21
2024-07-24 22:00:00,0.0,0.0,0.0,0.0,20.1,99,5.5,58,1018.5,100,23,2,100,0.0,0.0,41.824,-71.4128,2024,7,24,22
2024-07-24 23:00:00,0.0,0.0,0.0,0.0,19.7,99,6.0,57,1018.6,99,53,7,99,0.0,0.0,41.824,-71.4128,2024,7,24,23
2024-07-25 00:00:00,0.0,0.0,0.0,0.0,19.6,98,5.9,76,1018.4,100,100,0,100,0.0,0.0,41.824,-71.4128,2024,7,25,0
2024-07-25 01:00:00,0.0,0.0,0.0,0.0,19.5,99,5.1,86,1017.7,100,100,7,98,0.0,0.0,41.824,-71.4128,2024,7,25,1
2024-07-25 02:00:00,0.0,0.0,0.0,0.0,19.7,98,2.6,106,1017.3,100,100,0,100,0.1,0.0,41.824,-71.4128,2024,7,25,2
2024-07-25 03:00:00,0.0,0.0,0.0,0.0,20.1,98,2.6,74,1016.8,100,100,0,100,0.0,0.0,41.824,-71.4128,2024,7,25,3
2024-07-25 04:00:00,0.0,0.0,0.0,0.0,20.5,98,3.5,156,1016.6,100,100,4,100,0.0,0.0,41.824,-71.4128,2024,7,25,4
2024-07-25 05:00:00,0.0,0.0,0.0,0.0,20.9,98,6.5,177,1016.4,100,100,14,100,0.0,0.0,41.824,-71.4128,2024,7,25,5
2024-07-25 06:00:00,2.0,0.0,2.0,0.0,21.0,98,8.7,185,1016.2,100,100,11,34,0.0,0.0,41.824,-71.4128,2024,7,25,6
2024-07-25 07:00:00,32.0,0.0,32.0,0.0,21.3,96,10.5,188,1016.3,100,100,1,29,0.0,0.0,41.824,-71.4128,2024,7,25,7
2024-07-25 08:00:00,96.0,3.0,93.0,8.9,22.3,92,11.5,200,1016.2,100,100,0,96,0.0,0.0,41.824,-71.4128,2024,7,25,8
2024-07-25 09:00:00,186.0,18.0,168.0,35.2,23.9,86,10.9,207,1015.9,100,100,1,100,0.1,0.0,41.824,-71.4128,2024,7,25,9
2024-07-25 10:00:00,211.0,16.0,195.0,24.0,24.4,84,11.2,213,1016.0,100,100,14,100,0.1,0.0,41.824,-71.4128,2024,7,25,10
2024-07-25 11:00:00,165.0,1.0,164.0,1.3,24.1,86,9.4,238,1015.8,100,70,54,100,0.1,0.0,41.824,-71.4128,2024,7,25,11
2024-07-25 12:00:00,154.0,0.0,154.0,0.0,23.4,85,12.9,234,1015.5,100,16,4,100,0.3,0.0,41.824,-71.4128,2024,7,25,12
2024-07-25 13:00:00,316.0,16.0,300.0,17.4,24.5,82,11.1,234,1014.7,100,21,12,100,0.1,0.0,41.824,-71.4128,2024,7,25,13
2024-07-25 14:00:00,386.0,36.0,350.0,39.4,24.8,79,11.5,266,1014.3,100,6,12,100,0.0,0.0,41.824,-71.4128,2024,7,25,14
2024-07-25 15:00:00,308.0,24.0,284.0,27.9,22.1,85,17.0,264,1014.3,100,18,30,100,0.5,0.0,41.824,-71.4128,2024,7,25,15
2024-07-25 16:00:00,318.0,22.0,296.0,28.8,23.7,82,10.3,245,1013.3,96,1,5,96,0.0,0.0,41.824,-71.4128,2024,7,25,16
2024-07-25 17:00:00,484.0,296.0,188.0,470.5,25.7,75,10.5,248,1012.6,83,5,4,82,0.0,3600.0,41.824,-71.4128,2024,7,25,17
2024-07-25 18:00:00,317.0,192.0,125.0,410.5,25.8,73,11.6,254,1012.4,50,0,13,44,0.0,3600.0,41.824,-71.4128,2024,7,25,18
2024-07-25 19:00:00,202.0,135.0,67.0,466.4,24.9,75,10.2,247,1012.5,100,0,0,100,0.0,3600.0,41.824,-71.4128,2024,7,25,19
2024-07-25 20:00:00,40.0,2.0,38.0,17.2,23.4,83,7.6,270,1012.9,100,0,3,100,0.0,0.0,41.824,-71.4128,2024,7,25,20
2024-07-25 21:00:00,0.0,0.0,0.0,0.0,22.5,65,12.1,287,1014.1,100,2,0,100,0.0,0.0,41.824,-71.4128,2024,7,25,21
2024-07-25 22:00:00,0.0,0.0,0.0,0.0,21.9,62,14.5,297,1014.7,71,0,0,71,0.0,0.0,41.824,-71.4128,2024,7,25,22
2024-07-25 23:00:00,0.0,0.0,0.0,0.0,20.7,61,14.2,294,1014.9,0,0,0,0,0.0,0.0,41.824,-71.4128,2024,7,25,23
2024-07-26 00:00:00,0.0,0.0,0.0,0.0,19.7,64,14.0,293,1015.1,0,0,0,0,0.0,0.0,41.824,-71.4128,2024,7,26,0
2024-07-26 01:00:00,0.0,0.0,0.0,0.0,18.9,67,13.6,287,1015.1,0,0,0,0,0.0,0.0,41.824,-71.4128,2024,7,26,1
2024-07-26 02:00:00,0.0,0.0,0.0,0.0,18.3,71,14.3,280,1014.9,0,0,0,0,0.0,0.0,41.824,-71.4128,2024,7,26,2
2024-07-26 03:00:00,0.0,0.0,0.0,0.0,18.0,72,14.9,285,1014.7,0,0,0,0,0.0,0.0,41.824,-71.4128,2024,7,26,3
2024-07-26 04:00:00,0.0,0.0,0.0,0.0,17.5,75,13.7,293,1014.5,0,0,0,0,0.0,0.0,41.824,-71.4128,2024,7,26,4
2024-07-26 05:00:00,0.0,0.0,0.0,0.0,17.0,78,12.7,295,1014.4,0,0,0,0,0.0,0.0,41.824,-71.4128,2024,7,26,5
2024-07-26 06:00:00,4.0,1.0,3.0,19.1,16.8,79,13.1,302,1014.7,0,0,0,0,0.0,0.0,41.824,-71.4128,2024,7,26,6
2024-07-26 07:00:00,92.0,53.0,39.0,349.0,17.9,75,12.9,306,1015.3,0,0,0,0,0.0,3600.0,41.824,-71.4128,2024,7,26,7
2024-07-26 08:00:00,257.0,186.0,71.0,555.8,19.5,68,13.0,321,1015.7,8,8,0,0,0.0,3600.0,41.824,-71.4128,2024,7,26,8
2024-07-26 09:00:00,436.0,345.0,91.0,676.9,21.6,62,14.4,323,1016.0,0,0,0,0,0.0,3600.0,41.824,-71.4128,2024,7,26,9
2024-07-26 10:00:00,607.0,503.0,104.0,756.4,23.2,56,13.8,327,1016.1,1,1,0,0,0.0,3600.0,41.824,-71.4128,2024,7,26,10
2024-07-26 11:00:00,753.0,643.0,110.0,814.0,24.7,51,12.6,336,1015.9,1,1,0,0,0.0,3600.0,41.824,-71.4128,2024,7,26,11
2024-07-26 12:00:00,850.0,730.0,120.0,833.3,26.3,46,11.3,338,1015.7,0,0,0,0,0.0,3600.0,41.824,-71.4128,2024,7,26,12
2024-07-26 13:00:00,897.0,776.0,121.0,845.8,27.8,39,11.7,349,1015.2,0,0,0,0,0.0,3600.0,41.824,-71.4128,2024,7,26,13
2024-07-26 14:00:00,890.0,770.0,120.0,845.0,28.9,31,12.7,353,1014.7,9,0,0,9,0.0,3600.0,41.824,-71.4128,2024,7,26,14
2024-07-26 15:00:00,842.0,729.0,113.0,849.7,29.3,29,14.9,353,1014.3,40,0,0,40,0.0,3600.0,41.824,-71.4128,2024,7,26,15
2024-07-26 16:00:00,731.0,620.0,111.0,814.7,29.4,29,14.5,353,1014.2,14,0,0,14,0.0,3600.0,41.824,-71.4128,2024,7,26,16
2024-07-26 17:00:00,570.0,472.0,98.0,752.5,29.3,29,11.6,7,1014.1,40,0,40,0,0.0,3600.0,41.824,-71.4128,2024,7,26,17
2024-07-26 18:00:00,363.0,244.0,119.0,524.1,28.9,30,5.4,4,1014.0,72,0,72,0,0.0,3600.0,41.824,-71.4128,2024,7,26,18
2024-07-26 19:00:00,140.0,49.0,91.0,170.7,26.9,44,4.3,294,1014.7,95,0,95,0,0.0,3320.4,41.824,-71.4128,2024,7,26,19
2024-07-26 20:00:00,39.0,13.0,26.0,113.3,24.7,51,8.7,330,1015.1,98,0,98,0,0.0,1952.4,41.824,-71.4128,2024,7,26,20
2024-07-26 21:00:00,0.0,0.0,0.0,0.0,23.2,56,9.7,321,1016.5,15,0,15,0,0.0,0.0,41.824,-71.4128,2024,7,26,21
2024-07-26 22:00:00,0.0,0.0,0.0,0.0,21.7,57,11.0,319,1017.1,3,0,3,0,0.0,0.0,41.824,-71.4128,2024,7,26,22
2024-07-26 23:00:00,0.0,0.0,0.0,0.0,20.8,59,9.8,324,1017.4,14,0,14,0,0.0,0.0,41.824,-71.4128,2024,7,26,23
2024-07-27 00:00:00,0.0,0.0,0.0,0.0,20.0,61,9.3,324,1017.7,20,0,20,0,0.0,0.0,41.824,-71.4128,2024,7,27,0
2024-07-27 01:00:00,0.0,0.0,0.0,0.0,19.5,62,9.3,324,1017.8,19,0,19,0,0.0,0.0,41.824,-71.4128,2024,7,27,1
2024-07-27 02:00:00,0.0,0.0,0.0,0.0,19.0,64,9.4,328,1017.7,9,0,9,0,0.0,0.0,41.824,-71.4128,2024,7,27,2
2024-07-27 03:00:00,0.0,0.0,0.0,0.0,18.2,67,8.9,328,1017.8,0,0,0,0,0.0,0.0,41.824,-71.4128,2024,7,27,3
2024-07-27 04:00:00,0.0,0.0,0.0,0.0,17.5,71,8.7,318,1017.7,0,0,0,0,0.0,0.0,41.824,-71.4128,2024,7,27,4
2024-07-27 05:00:00,0.0,0.0,0.0,0.0,17.1,73,8.4,313,1017.8,0,0,0,0,0.0,0.0,41.824,-71.4128,2024,7,27,5
2024-07-27 06:00:00,4.0,1.0,3.0,19.1,16.8,76,9.2,312,1017.9,0,0,0,0,0.0,0.0,41.824,-71.4128,2024,7,27,6
2024-07-27 07:00:00,91.0,54.0,37.0,361.7,18.6,71,9.2,315,1018.1,0,0,0,0,0.0,3600.0,41.824,-71.4128,2024,7,27,7
2024-07-27 08:00:00,259.0,190.0,69.0,571.7,21.7,65,6.4,317,1018.6,0,0,0,0,0.0,3600.0,41.824,-71.4128,2024,7,27,8
2024-07-27 09:00:00,443.0,356.0,87.0,701.3,24.5,54,8.9,346,1019.1,0,0,0,0,0.0,3600.0,41.824,-71.4128,2024,7,27,9
2024-07-27 10:00:00,615.0,516.0,99.0,778.1,26.2,45,7.9,3,1019.3,0,0,0,0,0.0,3600.0,41.824,-71.4128,2024,7,27,10
2024-07-27 11:00:00,748.0,635.0,113.0,805.6,27.6,40,9.4,358,1019.3,55,3,55,0,0.0,3600.0,41.824,-71.4128,2024,7,27,11
2024-07-27 12:00:00,719.0,528.0,191.0,603.8,28.3,36,10.2,352,1019.0,56,0,56,0,0.0,3600.0,41.824,-71.4128,2024,7,27,12
2024-07-27 13:00:00,692.0,441.0,251.0,481.5,28.9,34,9.7,345,1018.5,57,0,57,0,0.0,3600.0,41.824,-71.4128,2024,7,27,13
2024-07-27 14:00:00,664.0,432.0,232.0,474.9,29.5,33,8.0,350,1017.9,58,0,58,0,0.0,3600.0,41.824,-71.4128,2024,7,27,14
2024-07-27 15:00:00,639.0,422.0,217.0,492.8,29.8,30,6.5,3,1017.6,92,0,92,0,0.0,3600.0,41.824,-71.4128,2024,7,27,15
2024-07-27 16:00:00,573.0,357.0,216.0,470.2,30.0,30,8.8,19,1017.0,34,0,34,0,0.0,3600.0,41.824,-71.4128,2024,7,27,16
2024-07-27 17:00:00,478.0,356.0,122.0,569.4,30.1,28,9.2,42,1016.7,23,0,23,0,0.0,3600.0,41.824,-71.4128,2024,7,27,17
2024-07-27 18:00:00,346.0,252.0,94.0,543.9,26.6,47,19.4,140,1016.8,17,0,17,0,0.0,3600.0,41.824,-71.4128,2024,7,27,18
2024-07-27 19:00:00,163.0,78.0,85.0,274.0,24.2,53,15.7,164,1017.3,12,0,12,0,0.0,3600.0,41.824,-71.4128,2024,7,27,19
2024-07-27 20:00:00,54.0,27.0,27.0,237.8,23.0,64,9.2,154,1017.9,9,0,9,0,0.0,3600.0,41.824,-71.4128,2024,7,27,20
2024-07-27 21:00:00,0.0,0.0,0.0,0.0,22.8,61,9.6,167,1018.3,1,0,1,0,0.0,0.0,41.824,-71.4128,2024,7,27,21
2024-07-27 22:00:00,0.0,0.0,0.0,0.0,21.8,68,8.7,185,1018.5,0,0,0,0,0.0,0.0,41.824,-71.4128,2024,7,27,22
2024-07-27 23:00:00,0.0,0.0,0.0,0.0,20.7,74,7.9,210,1018.6,0,0,0,0,0.0,0.0,41.824,-71.4128,2024,7,27,23
2024-07-28 00:00:00,0.0,0.0,0.0,0.0,20.2,71,7.9,223,1019.0,0,0,0,0,0.0,0.0,41.824,-71.4128,2024,7,28,0
2024-07-28 01:00:00,0.0,0.0,0.0,0.0,19.7,70,8.1,238,1019.0,0,0,0,0,0.0,0.0,41.824,-71.4128,2024,7,28,1
2024-07-28 02:00:00,0.0,0.0,0.0,0.0,19.0,75,5.9,256,1018.7,0,0,0,0,0.0,0.0,41.824,-71.4128,2024,7,28,2
2024-07-28 03:00:00,0.0,0.0,0.0,0.0,18.2,82,4.3,294,1018.7,0,0,0,0,0.0,0.0,41.824,-71.4128,2024,7,28,3
2024-07-28 04:00:00,0.0,0.0,0.0,0.0,17.7,84,2.7,337,1018.8,0,0,0,0,0.0,0.0,41.824,-71.4128,2024,7,28,4
2024-07-28 05:00:00,0.0,0.0,0.0,0.0,17.1,88,2.9,330,1019.3,0,0,0,0,0.0,0.0,41.824,-71.4128,2024,7,28,5
2024-07-28 06:00:00,3.0,1.0,2.0,19.1,16.7,91,3.3,319,1019.4,0,0,0,0,0.0,0.0,41.824,-71.4128,2024,7,28,6
2024-07-28 07:00:00,87.0,49.0,38.0,334.0,18.2,88,3.7,331,1019.6,0,0,0,0,0.0,3600.0,41.824,-71.4128,2024,7,28,7
2024-07-28 08:00:00,253.0,180.0,73.0,545.4,21.2,73,2.9,30,1019.7,0,0,0,0,0.0,3600.0,41.824,-71.4128,2024,7,28,8
2024-07-28 09:00:00,439.0,353.0,86.0,698.3,23.4,68,4.6,51,1020.0,0,0,0,0,0.0,3600.0,41.824,-71.4128,2024,7,28,9
2024-07-28 10:00:00,613.0,516.0,97.0,780.4,25.6,60,5.5,79,1019.8,0,0,0,0,0.0,3600.0,41.824,-71.4128,2024,7,28,10
2024-07-28 11:00:00,748.0,624.0,124.0,793.4,27.5,48,7.3,79,1019.3,81,7,7,79,0.0,3600.0,41.824,-71.4128,2024,7,28,11
2024-07-28 12:00:00,715.0,449.0,266.0,514.4,28.2,43,8.0,85,1018.8,100,7,3,100,0.0,3600.0,41.824,-71.4128,2024,7,28,12
2024-07-28 13:00:00,634.0,242.0,392.0,264.7,28.4,40,9.1,97,1018.2,62,12,13,54,0.0,3600.0,41.824,-71.4128,2024,7,28,13
2024-07-28 14:00:00,819.0,611.0,208.0,672.8,29.3,36,8.6,92,1017.3,100,6,11,100,0.0,3600.0,41.824,-71.4128,2024,7,28,14
2024-07-28 15:00:00,561.0,177.0,384.0,207.1,28.8,35,11.2,92,1016.8,100,6,32,100,0.0,3600.0,41.824,-71.4128,2024,7,28,15
2024-07-28 16:00:00,344.0,47.0,297.0,62.1,28.0,36,12.8,79,1016.5,100,5,17,100,0.0,61.65,41.824,-71.4128,2024,7,28,16
2024-07-28 17:00:00,241.0,13.0,228.0,20.9,26.9,38,13.0,93,1016.5,100,3,92,100,0.0,0.0,41.824,-71.4128,2024,7,28,17
2024-07-28 18:00:00,148.0,28.0,120.0,60.7,24.7,49,7.9,129,1016.7,100,0,27,100,0.0,21.9,41.824,-71.4128,2024,7,28,18
2024-07-28 19:00:00,116.0,17.0,99.0,60.3,23.9,52,7.2,93,1016.7,100,0,18,100,0.0,8.05,41.824,-71.4128,2024,7,28,19
2024-07-28 20:00:00,27.0,2.0,25.0,17.8,22.1,61,7.7,79,1017.1,100,0,82,100,0.0,0.0,41.824,-71.4128,2024,7,28,20
2024-07-28 21:00:00,0.0,0.0,0.0,0.0,21.4,65,7.1,131,1017.0,100,0,100,99,0.1,0.0,41.824,-71.4128,2024,7,28,21
2024-07-28 22:00:00,0.0,0.0,0.0,0.0,19.1,77,9.2,154,1017.6,100,0,100,86,1.4,0.0,41.824,-71.4128,2024,7,28,22
2024-07-28 23:00:00,0.0,0.0,0.0,0.0,18.0,89,5.5,169,1016.9,100,0,100,52,0.9,0.0,41.824,-71.4128,2024,7,28,23
2024-07-29 00:00:00,0.0,0.0,0.0,0.0,17.9,92,7.6,225,1016.1,96,2,89,66,0.1,0.0,41.824,-71.4128,2024,7,29,0
2024-07-29 01:00:00,0.0,0.0,0.0,0.0,18.1,97,8.8,235,1015.9,100,7,100,63,7.4,0.0,41.824,-71.4128,2024,7,29,1
2024-07-29 02:00:00,0.0,0.0,0.0,0.0,18.4,94,11.4,283,1015.2,100,1,100,67,2.4,0.0,41.824,-71.4128,2024,7,29,2
2024-07-29 03:00:00,0.0,0.0,0.0,0.0,18.1,92,14.7,281,1014.7,100,2,100,52,0.0,0.0,41.824,-71.4128,2024,7,29,3
2024-07-29 04:00:00,0.0,0.0,0.0,0.0,17.8,92,13.3,267,1014.4,100,7,100,41,0.1,0.0,41.824,-71.4128,2024,7,29,4
2024-07-29 05:00:00,0.0,0.0,0.0,0.0,17.5,95,10.0,244,1014.8,100,33,100,42,2.8,0.0,41.824,-71.4128,2024,7,29,5
2024-07-29 06:00:00,1.0,0.0,1.0,0.0,17.5,96,10.2,238,1015.0,100,20,100,31,1.1,0.0,41.824,-71.4128,2024,7,29,6
2024-07-29 07:00:00,22.0,2.0,20.0,13.9,17.8,96,10.3,241,1015.0,98,4,97,1,0.8,0.0,41.824,-71.4128,2024,7,29,7
2024-07-29 08:00:00,96.0,23.0,73.0,70.2,18.6,95,9.9,251,1015.0,100,5,100,0,0.8,305.69,41.824,-71.4128,2024,7,29,8
2024-07-29 09:00:00,184.0,15.0,169.0,29.8,19.3,90,4.0,297,1014.8,100,18,100,8,0.0,0.0,41.824,-71.4128,2024,7,29,9
2024-07-29 10:00:00,291.0,51.0,240.0,77.4,20.4,77,2.7,247,1014.6,90,4,83,38,0.1,520.55,41.824,-71.4128,2024,7,29,10
2024-07-29 11:00:00,248.0,80.0,168.0,101.9,20.7,75,1.5,194,1014.7,99,84,98,0,0.3,1258.21,41.824,-71.4128,2024,7,29,11
2024-07-29 12:00:00,206.0,19.0,187.0,21.8,20.2,80,4.1,195,1014.8,86,24,84,0,0.1,0.0,41.824,-71.4128,2024,7,29,12
2024-07-29 13:00:00,477.0,206.0,271.0,225.7,21.7,73,8.5,234,1014.3,69,40,52,1,0.2,3600.0,41.824,-71.4128,2024,7,29,13
2024-07-29 14:00:00,718.0,437.0,281.0,482.1,22.5,76,11.0,238,1014.2,97,68,86,25,0.6,3600.0,41.824,-71.4128,2024,7,29,14
2024-07-29 15:00:00,365.0,142.0,223.0,166.5,22.9,74,10.7,230,1013.7,31,10,23,3,0.0,3195.31,41.824,-71.4128,2024,7,29,15
2024-07-29 16:00:00,458.0,187.0,271.0,247.5,23.9,69,13.5,226,1013.4,63,19,46,15,0.1,3600.0,41.824,-71.4128,2024,7,29,16
2024-07-29 17:00:00,364.0,208.0,156.0,334.9,23.6,70,16.0,224,1013.3,94,16,88,43,0.2,3600.0,41.824,-71.4128,2024,7,29,17
2024-07-29 18:00:00,181.0,67.0,114.0,146.1,22.6,80,10.7,225,1013.4,77,8,44,56,0.0,2582.09,41.824,-71.4128,2024,7,29,18
2024-07-29 19:00:00,161.0,75.0,86.0,268.4,22.3,84,6.3,193,1013.0,59,2,8,55,0.1,3600.0,41.824,-71.4128,2024,7,29,19
2024-07-29 20:00:00,47.0,20.0,27.0,180.2,20.9,92,5.1,176,1013.3,66,6,28,49,0.0,3600.0,41.824,-71.4128,2024,7,29,20
2024-07-29 21:00:00,0.0,0.0,0.0,0.0,20.5,95,8.3,185,1014.1,21,4,1,17,0.0,0.0,41.824,-71.4128,2024,7,29,21
2024-07-29 22:00:00,0.0,0.0,0.0,0.0,19.9,97,9.2,169,1014.1,14,9,5,0,0.0,0.0,41.824,-71.4128,2024,7,29,22
2024-07-29 23:00:00,0.0,0.0,0.0,0.0,19.4,97,8.7,185,1014.0,3,2,2,0,0.0,0.0,41.824,-71.4128,2024,7,29,23
2024-07-30 00:00:00,0.0,0.0,0.0,0.0,19.4,96,8.7,187,1014.0,4,4,0,0,0.0,0.0,41.824,-71.4128,2024,7,30,0
2024-07-30 01:00:00,0.0,0.0,0.0,0.0,19.8,96,10.1,182,1013.9,15,4,1,11,0.0,0.0,41.824,-71.4128,2024,7,30,1
2024-07-30 02:00:00,0.0,0.0,0.0,0.0,20.1,96,9.2,191,1013.8,11,6,4,1,0.0,0.0,41.824,-71.4128,2024,7,30,2
2024-07-30 03:00:00,0.0,0.0,0.0,0.0,20.5,96,10.5,196,1013.6,9,7,2,0,0.0,0.0,41.824,-71.4128,2024,7,30,3
2024-07-30 04:00:00,0.0,0.0,0.0,0.0,20.9,95,10.9,197,1013.6,31,3,0,29,0.0,0.0,41.824,-71.4128,2024,7,30,4
2024-07-30 05:00:00,0.0,0.0,0.0,0.0,20.8,95,9.8,188,1014.1,15,13,2,2,0.0,0.0,41.824,-71.4128,2024,7,30,5
2024-07-30 06:00:00,2.0,0.0,2.0,0.0,20.8,96,10.2,188,1014.5,26,25,2,0,0.0,0.0,41.824,-71.4128,2024,7,30,6
2024-07-30 07:00:00,68.0,28.0,40.0,197.9,21.8,93,11.9,194,1014.3,53,53,0,0,0.0,3600.0,41.824,-71.4128,2024,7,30,7
2024-07-30 08:00:00,206.0,114.0,92.0,350.4,23.7,85,13.9,205,1014.4,54,54,0,0,0.0,3600.0,41.824,-71.4128,2024,7,30,8
2024-07-30 09:00:00,375.0,257.0,118.0,512.7,25.5,80,14.5,194,1014.6,80,61,12,42,0.0,3600.0,41.824,-71.4128,2024,7,30,9
2024-07-30 10:00:00,503.0,302.0,201.0,459.4,27.0,75,15.0,191,1014.3,79,58,12,42,0.2,3600.0,41.824,-71.4128,2024,7,30,10
2024-07-30 11:00:00,499.0,223.0,276.0,284.8,26.6,75,16.5,203,1014.5,59,32,34,9,0.9,3600.0,41.824,-71.4128,2024,7,30,11
2024-07-30 12:00:00,623.0,430.0,193.0,494.5,27.8,73,15.0,204,1014.5,19,10,10,1,0.1,3600.0,41.824,-71.4128,2024,7,30,12
2024-07-30 13:00:00,816.0,677.0,139.0,743.1,29.0,72,16.8,195,1014.0,37,5,15,22,0.0,3600.0,41.824,-71.4128,2024,7,30,13
2024-07-30 14:00:00,687.0,504.0,183.0,557.1,28.7,62,19.8,205,1013.8,65,17,51,18,0.8,3600.0,41.824,-71.4128,2024,7,30,14
2024-07-30 15:00:00,571.0,396.0,175.0,465.3,28.9,61,16.3,198,1013.4,21,0,9,13,0.3,3600.0,41.824,-71.4128,2024,7,30,15
2024-07-30 16:00:00,682.0,565.0,117.0,749.9,28.9,62,18.1,201,1012.9,35,2,0,33,0.0,3600.0,41.824,-71.4128,2024,7,30,16
2024-07-30 17:00:00,544.0,445.0,99.0,719.1,28.2,64,17.9,202,1013.0,14,0,0,14,0.0,3600.0,41.824,-71.4128,2024,7,30,17
2024-07-30 18:00:00,375.0,291.0,84.0,637.8,26.8,69,15.6,203,1013.2,6,0,0,6,0.0,3600.0,41.824,-71.4128,2024,7,30,18
2024-07-30 19:00:00,197.0,135.0,62.0,487.8,25.3,76,14.4,193,1013.3,1,0,0,1,0.0,3600.0,41.824,-71.4128,2024,7,30,19
2024-07-30 20:00:00,49.0,26.0,23.0,237.2,23.6,82,13.9,197,1013.7,1,0,0,0,0.0,3600.0,41.824,-71.4128,2024,7,30,20
2024-07-30 21:00:00,0.0,0.0,0.0,0.0,22.9,87,14.0,192,1015.0,100,0,1,100,0.0,0.0,41.824,-71.4128,2024,7,30,21
2024-07-30 22:00:00,0.0,0.0,0.0,0.0,22.3,90,12.8,190,1015.2,100,0,5,100,0.0,0.0,41.824,-71.4128,2024,7,30,22
2024-07-30 23:00:00,0.0,0.0,0.0,0.0,22.0,91,12.6,185,1014.9,100,0,100,100,0.0,0.0,41.824,-71.4128,2024,7,30,23
2024-07-31 00:00:00,0.0,0.0,0.0,0.0,22.3,89,13.7,180,1014.6,89,2,1,88,0.0,0.0,41.824,-71.4128,2024,7,31,0
2024-07-31 01:00:00,0.0,0.0,0.0,0.0,22.0,91,13.3,182,1014.5,73,23,1,65,0.0,0.0,41.824,-71.4128,2024,7,31,1
2024-07-31 02:00:00,0.0,0.0,0.0,0.0,22.3,91,13.6,192,1014.1,100,14,28,100,0.0,0.0,41.824,-71.4128,2024,7,31,2
2024-07-31 03:00:00,0.0,0.0,0.0,0.0,22.5,90,12.4,190,1013.9,100,29,28,100,0.0,0.0,41.824,-71.4128,2024,7,31,3
2024-07-31 04:00:00,0.0,0.0,0.0,0.0,22.1,91,11.9,182,1013.7,100,73,60,100,0.1,0.0,41.824,-71.4128,2024,7,31,4
2024-07-31 05:00:00,0.0,0.0,0.0,0.0,22.0,92,10.1,182,1013.3,99,32,23,98,0.1,0.0,41.824,-71.4128,2024,7,31,5
2024-07-31 06:00:00,2.0,0.0,2.0,0.0,21.8,93,10.1,180,1013.5,72,45,30,32,0.1,0.0,41.824,-71.4128,2024,7,31,6
2024-07-31 07:00:00,46.0,13.0,33.0,93.6,22.6,91,13.0,183,1013.5,100,100,30,56,0.3,1008.22,41.824,-71.4128,2024,7,31,7
2024-07-31 08:00:00,120.0,6.0,114.0,18.6,23.5,88,14.4,193,1013.6,87,67,24,57,0.1,0.0,41.824,-71.4128,2024,7,31,8
2024-07-31 09:00:00,376.0,239.0,137.0,478.8,24.8,83,15.5,181,1013.3,98,18,3,97,0.0,3600.0,41.824,-71.4128,2024,7,31,9
2024-07-31 10:00:00,502.0,332.0,170.0,506.5,24.7,83,20.9,184,1013.0,100,81,39,98,0.6,3600.0,41.824,-71.4128,2024,7,31,10
2024-07-31 11:00:00,459.0,199.0,260.0,254.7,26.0,80,16.5,196,1012.8,100,100,35,41,0.2,3600.0,41.824,-71.4128,2024,7,31,11
2024-07-31 12:00:00,515.0,200.0,315.0,230.5,26.0,79,19.5,185,1012.4,60,56,10,0,0.4,3600.0,41.824,-71.4128,2024,7,31,12
2024-07-31 13:00:00,641.0,371.0,270.0,408.0,26.6,76,21.0,186,1012.0,72,61,35,0,0.3,3600.0,41.824,-71.4128,2024,7,31,13
2024-07-31 14:00:00,500.0,248.0,252.0,274.7,26.7,77,21.8,189,1011.3,69,36,19,45,0.5,3600.0,41.824,-71.4128,2024,7,31,14
2024-07-31 15:00:00,560.0,254.0,306.0,299.1,26.6,79,19.1,179,1010.6,99,79,21,95,0.4,3600.0,41.824,-71.4128,2024,7,31,15
2024-07-31 16:00:00,547.0,315.0,232.0,419.2,26.2,78,19.1,184,1010.1,100,42,5,100,0.3,3600.0,41.824,-71.4128,2024,7,31,16
2024-07-31 17:00:00,313.0,94.0,219.0,152.5,26.1,79,19.7,195,1009.9,94,32,12,90,0.1,2773.81,41.824,-71.4128,2024,7,31,17
2024-07-31 18:00:00,234.0,63.0,171.0,138.9,25.5,83,18.3,196,1009.8,83,32,31,64,0.1,2365.82,41.824,-71.4128,2024,7,31,18
2024-07-31 19:00:00,132.0,52.0,80.0,189.8,24.3,88,18.0,206,1010.0,100,100,22,57,0.2,3600.0,41.824,-71.4128,2024,7,31,19
2024-07-31 20:00:00,14.0,0.0,14.0,0.0,23.4,95,12.2,204,1010.1,100,100,49,87,1.7,0.0,41.824,-71.4128,2024,7,31,20
2024-07-31 21:00:00,0.0,0.0,0.0,0.0,23.1,98,9.7,195,1010.4,40,2,7,34,0.0,0.0,41.824,-71.4128,2024,7,31,21
2024-07-31 22:00:00,0.0,0.0,0.0,0.0,23.1,98,9.8,208,1010.2,68,47,2,40,0.0,0.0,41.824,-71.4128,2024,7,31,22
2024-07-31 23:00:00,0.0,0.0,0.0,0.0,22.9,97,6.4,232,1010.7,95,38,9,91,0.0,0.0,41.824,-71.4128,2024,7,31,23
2024-08-01 00:00:00,0.0,0.0,0.0,0.0,22.9,97,9.2,206,1010.4,16,1,2,14,0.0,0.0,41.824,-71.4128,2024,8,1,0
2024-08-01 01:00:00,0.0,0.0,0.0,0.0,22.5,97,9.2,239,1010.2,5,1,1,3,0.0,0.0,41.824,-71.4128,2024,8,1,1
2024-08-01 02:00:00,0.0,0.0,0.0,0.0,22.3,96,12.1,258,1010.3,5,1,4,0,0.0,0.0,41.824,-71.4128,2024,8,1,2
2024-08-01 03:00:00,0.0,0.0,0.0,0.0,22.1,95,12.2,268,1010.3,3,1,3,0,0.0,0.0,41.824,-71.4128,2024,8,1,3
2024-08-01 04:00:00,0.0,0.0,0.0,0.0,21.9,95,11.9,272,1010.0,9,0,0,9,0.0,0.0,41.824,-71.4128,2024,8,1,4
2024-08-01 05:00:00,0.0,0.0,0.0,0.0,21.7,95,11.6,277,1010.0,59,0,0,59,0.0,0.0,41.824,-71.4128,2024,8,1,5
2024-08-01 06:00:00,2.0,0.0,2.0,0.0,21.6,95,11.6,275,1010.6,95,0,0,95,0.0,0.0,41.824,-71.4128,2024,8,1,6
2024-08-01 07:00:00,65.0,15.0,50.0,110.1,22.3,92,12.3,277,1010.9,100,0,0,100,0.0,1503.44,41.824,-71.4128,2024,8,1,7
2024-08-01 08:00:00,207.0,98.0,109.0,305.7,23.7,89,9.7,274,1011.4,86,0,0,86,0.0,3600.0,41.824,-71.4128,2024,8,1,8
2024-08-01 09:00:00,411.0,315.0,96.0,633.8,26.7,79,11.6,286,1011.8,10,0,0,10,0.0,3600.0,41.824,-71.4128,2024,8,1,9
2024-08-01 10:00:00,581.0,474.0,107.0,725.3,28.4,71,11.2,285,1012.1,18,0,0,18,0.0,3600.0,41.824,-71.4128,2024,8,1,10
2024-08-01 11:00:00,721.0,608.0,113.0,780.1,29.7,62,10.5,286,1012.3,34,3,1,32,0.0,3600.0,41.824,-71.4128,2024,8,1,11
2024-08-01 12:00:00,787.0,641.0,146.0,740.2,30.7,56,10.6,280,1011.8,19,2,3,17,0.0,3600.0,41.824,-71.4128,2024,8,1,12
2024-08-01 13:00:00,813.0,665.0,148.0,732.7,31.5,55,11.6,277,1011.2,13,2,5,8,0.0,3600.0,41.824,-71.4128,2024,8,1,13
2024-08-01 14:00:00,836.0,712.0,124.0,790.1,32.0,51,12.7,278,1010.8,17,2,12,4,0.0,3600.0,41.824,-71.4128,2024,8,1,14
2024-08-01 15:00:00,736.0,604.0,132.0,713.0,32.1,48,14.2,279,1010.3,13,2,11,1,0.0,3600.0,41.824,-71.4128,2024,8,1,15
2024-08-01 16:00:00,659.0,539.0,120.0,719.4,32.1,47,13.0,273,1010.0,7,1,7,0,0.0,3600.0,41.824,-71.4128,2024,8,1,16
2024-08-01 17:00:00,519.0,418.0,101.0,680.6,31.8,48,11.9,272,1009.8,14,4,12,0,0.0,3600.0,41.824,-71.4128,2024,8,1,17
2024-08-01 18:00:00,346.0,254.0,92.0,563.1,31.1,50,9.4,270,1009.7,11,0,11,0,0.0,3600.0,41.824,-71.4128,2024,8,1,18
2024-08-01 19:00:00,180.0,120.0,60.0,442.8,29.2,63,7.1,255,1010.0,6,0,6,0,0.0,3600.0,41.824,-71.4128,2024,8,1,19
2024-08-01 20:00:00,44.0,23.0,21.0,215.4,26.7,74,8.0,243,1010.4,5,0,5,0,0.0,3511.23,41.824,-71.4128,2024,8,1,20
2024-08-01 21:00:00,0.0,0.0,0.0,0.0,25.3,75,7.3,281,1011.4,3,0,3,0,0.0,0.0,41.824,-71.4128,2024,8,1,21
2024-08-01 22:00:00,0.0,0.0,0.0,0.0,24.1,80,6.9,261,1011.7,1,0,1,0,0.0,0.0,41.824,-71.4128,2024,8,1,22
2024-08-01 23:00:00,0.0,0.0,0.0,0.0,23.4,86,8.6,255,1011.9,0,0,0,0,0.0,0.0,41.824,-71.4128,2024,8,1,23
2024-08-02 00:00:00,0.0,0.0,0.0,0.0,23.4,88,9.9,260,1012.0,0,0,0,0,0.0,0.0,41.824,-71.4128,2024,8,2,0
2024-08-02 01:00:00,0.0,0.0,0.0,0.0,23.4,86,10.1,270,1011.9,0,0,0,0,0.0,0.0,41.824,-71.4128,2024,8,2,1
2024-08-02 02:00:00,0.0,0.0,0.0,0.0,22.9,87,9.7,274,1011.7,0,0,0,0,0.0,0.0,41.824,-71.4128,2024,8,2,2
2024-08-02 03:00:00,0.0,0.0,0.0,0.0,22.5,88,8.7,275,1011.6,0,0,0,0,0.0,0.0,41.824,-71.4128,2024,8,2,3
2024-08-02 04:00:00,0.0,0.0,0.0,0.0,22.0,90,7.9,286,1011.2,0,0,0,0,0.0,0.0,41.824,-71.4128,2024,8,2,4
2024-08-02 05:00:00,0.0,0.0,0.0,0.0,21.6,91,8.0,278,1011.3,8,0,0,8,0.0,0.0,41.824,-71.4128,2024,8,2,5
2024-08-02 06:00:00,2.0,0.0,2.0,0.0,21.7,90,7.6,278,1011.7,0,0,0,0,0.0,0.0,41.824,-71.4128,2024,8,2,6
2024-08-02 07:00:00,76.0,43.0,33.0,322.0,23.0,85,7.3,281,1011.7,99,0,1,99,0.0,3600.0,41.824,-71.4128,2024,8,2,7
2024-08-02 08:00:00,229.0,152.0,77.0,477.8,25.5,80,3.4,288,1011.8,100,0,1,100,0.0,3600.0,41.824,-71.4128,2024,8,2,8
2024-08-02 09:00:00,383.0,246.0,137.0,497.2,27.7,74,1.1,72,1012.1,100,1,1,100,0.0,3600.0,41.824,-71.4128,2024,8,2,9
2024-08-02 10:00:00,490.0,263.0,227.0,403.7,29.4,65,1.5,45,1012.0,100,0,0,100,0.0,3600.0,41.824,-71.4128,2024,8,2,10
2024-08-02 11:00:00,702.0,556.0,146.0,715.1,31.3,55,3.1,201,1011.9,35,3,20,18,0.0,3600.0,41.824,-71.4128,2024,8,2,11
2024-08-02 12:00:00,648.0,473.0,175.0,547.3,28.9,66,12.4,197,1012.1,46,4,40,8,0.7,3600.0,41.824,-71.4128,2024,8,2,12
2024-08-02 13:00:00,707.0,494.0,213.0,545.4,30.5,61,5.9,194,1011.3,100,0,6,100,0.0,3600.0,41.824,-71.4128,2024,8,2,13
2024-08-02 14:00:00,784.0,601.0,183.0,668.4,30.9,59,12.0,187,1011.1,100,3,37,100,0.0,3600.0,41.824,-71.4128,2024,8,2,14
2024-08-02 15:00:00,600.0,350.0,250.0,414.2,29.3,64,4.8,222,1010.7,90,0,0,90,0.0,3600.0,41.824,-71.4128,2024,8,2,15
2024-08-02 16:00:00,614.0,401.0,213.0,536.8,30.4,64,8.0,207,1010.3,100,16,5,100,0.0,3600.0,41.824,-71.4128,2024,8,2,16
2024-08-02 17:00:00,341.0,111.0,230.0,181.5,29.5,67,9.2,219,1010.5,68,2,3,67,0.0,3600.0,41.824,-71.4128,2024,8,2,17
2024-08-02 18:00:00,268.0,107.0,161.0,238.7,29.5,69,8.6,202,1010.1,100,3,1,100,0.0,3600.0,41.824,-71.4128,2024,8,2,18
2024-08-02 19:00:00,144.0,49.0,95.0,182.9,28.4,74,7.9,177,1009.8,98,0,0,98,0.0,3600.0,41.824,-71.4128,2024,8,2,19
2024-08-02 20:00:00,38.0,12.0,26.0,114.0,26.5,84,8.3,178,1010.0,100,0,1,100,0.0,2236.47,41.824,-71.4128,2024,8,2,20
2024-08-02 21:00:00,0.0,0.0,0.0,0.0,25.9,93,10.2,170,1010.7,100,0,15,100,0.0,0.0,41.824,-71.4128,2024,8,2,21
2024-08-02 22:00:00,0.0,0.0,0.0,0.0,25.0,93,14.5,207,1010.6,100,39,18,100,0.6,0.0,41.824,-71.4128,2024,8,2,22
2024-08-02 23:00:00,0.0,0.0,0.0,0.0,23.1,95,11.8,207,1010.5,100,1,37,100,1.7,0.0,41.824,-71.4128,2024,8,2,23
2024-08-03 00:00:00,0.0,0.0,0.0,0.0,23.0,97,6.6,189,1010.2,99,6,97,93,0.6,0.0,41.824,-71.4128,2024,8,3,0
2024-08-03 01:00:00,0.0,0.0,0.0,0.0,23.1,98,7.4,157,1009.5,99,16,36,98,0.7,0.0,41.824,-71.4128,2024,8,3,1
2024-08-03 02:00:00,0.0,0.0,0.0,0.0,22.9,99,11.4,167,1009.1,100,100,6,87,0.0,0.0,41.824,-71.4128,2024,8,3,2
2024-08-03 03:00:00,0.0,0.0,0.0,0.0,23.2,97,11.2,186,1008.1,100,69,13,99,0.2,0.0,41.824,-71.4128,2024,8,3,3
2024-08-03 04:00:00,0.0,0.0,0.0,0.0,23.3,98,12.2,182,1007.4,100,100,0,97,0.0,0.0,41.824,-71.4128,2024,8,3,4
2024-08-03 05:00:00,0.0,0.0,0.0,0.0,23.3,98,9.1,187,1007.7,100,100,2,96,0.0,0.0,41.824,-71.4128,2024,8,3,5
2024-08-03 06:00:00,1.0,0.0,1.0,0.0,23.3,99,6.7,196,1007.8,100,100,4,91,0.0,0.0,41.824,-71.4128,2024,8,3,6
2024-08-03 07:00:00,33.0,1.0,32.0,7.6,23.9,96,8.9,230,1008.3,94,86,21,49,0.0,0.0,41.824,-71.4128,2024,8,3,7
2024-08-03 08:00:00,125.0,21.0,104.0,66.5,24.7,91,11.1,241,1008.4,61,33,18,30,0.0,195.86,41.824,-71.4128,2024,8,3,8
2024-08-03 09:00:00,354.0,222.0,132.0,450.7,27.4,82,12.5,252,1008.3,61,37,16,26,0.0,3600.0,41.824,-71.4128,2024,8,3,9
2024-08-03 10:00:00,461.0,287.0,174.0,441.9,28.4,77,12.5,252,1008.0,43,9,8,33,0.0,3600.0,41.824,-71.4128,2024,8,3,10
2024-08-03 11:00:00,664.0,524.0,140.0,675.7,29.8,69,13.9,253,1007.8,16,7,5,7,0.0,3600.0,41.824,-71.4128,2024,8,3,11
2024-08-03 12:00:00,795.0,664.0,131.0,770.0,31.0,62,14.2,249,1007.9,36,6,5,31,0.0,3600.0,41.824,-71.4128,2024,8,3,12
2024-08-03 13:00:00,839.0,698.0,141.0,772.3,31.9,57,14.5,247,1007.6,13,5,4,7,0.0,3600.0,41.824,-71.4128,2024,8,3,13
2024-08-03 14:00:00,826.0,695.0,131.0,774.6,32.6,52,15.8,249,1007.4,16,4,8,6,0.0,3600.0,41.824,-71.4128,2024,8,3,14
2024-08-03 15:00:00,762.0,629.0,133.0,746.2,32.8,52,16.6,252,1006.9,29,4,6,23,0.0,3600.0,41.824,-71.4128,2024,8,3,15
2024-08-03 16:00:00,598.0,436.0,162.0,585.5,32.4,52,16.1,250,1006.4,19,6,8,10,0.0,3600.0,41.824,-71.4128,2024,8,3,16
2024-08-03 17:00:00,499.0,398.0,101.0,653.4,31.1,57,15.8,243,1006.6,37,9,16,19,0.1,3600.0,41.824,-71.4128,2024,8,3,17
2024-08-03 18:00:00,284.0,176.0,108.0,395.1,30.3,61,13.8,227,1006.7,75,17,13,68,0.0,3600.0,41.824,-71.4128,2024,8,3,18
2024-08-03 19:00:00,140.0,70.0,70.0,264.3,28.6,73,13.2,215,1007.1,53,0,1,53,0.0,3600.0,41.824,-71.4128,2024,8,3,19
2024-08-03 20:00:00,37.0,14.0,23.0,135.0,27.2,79,11.9,215,1008.1,15,0,1,13,0.0,2921.59,41.824,-71.4128,2024,8,3,20
2024-08-03 21:00:00,0.0,0.0,0.0,0.0,26.4,83,9.6,214,1008.7,100,0,3,100,0.1,0.0,41.824,-71.4128,2024,8,3,21
2024-08-03 22:00:00,0.0,0.0,0.0,0.0,25.6,89,9.5,217,1009.3,100,0,91,100,0.0,0.0,41.824,-71.4128,2024,8,3,22
2024-08-03 23:00:00,0.0,0.0,0.0,0.0,25.1,90,8.2,255,1009.3,100,1,68,100,0.1,0.0,41.824,-71.4128,2024,8,3,23
2024-08-04 00:00:00,0.0,0.0,0.0,0.0,24.2,92,9.4,227,1009.4,98,64,79,87,0.4,0.0,41.824,-71.4128,2024,8,4,0
2024-08-04 01:00:00,0.0,0.0,0.0,0.0,23.5,95,6.1,230,1009.2,100,12,5,100,1.3,0.0,41.824,-71.4128,2024,8,4,1
2024-08-04 02:00:00,0.0,0.0,0.0,0.0,22.8,98,4.7,356,1008.9,78,0,30,68,0.0,0.0,41.824,-71.4128,2024,8,4,2
2024-08-04 03:00:00,0.0,0.0,0.0,0.0,22.7,97,8.5,208,1009.7,33,0,1,32,0.0,0.0,41.824,-71.4128,2024,8,4,3
2024-08-04 04:00:00,0.0,0.0,0.0,0.0,22.2,97,10.5,211,1010.2,36,3,10,28,0.0,0.0,41.824,-71.4128,2024,8,4,4
2024-08-04 05:00:00,0.0,0.0,0.0,0.0,22.0,97,9.4,227,1010.2,100,3,100,56,0.0,0.0,41.824,-71.4128,2024,8,4,5
2024-08-04 06:00:00,0.0,0.0,0.0,0.0,22.3,96,7.9,231,1010.3,100,3,100,95,0.0,0.0,41.824,-71.4128,2024,8,4,6
2024-08-04 07:00:00,19.0,0.0,19.0,0.0,22.7,96,9.7,222,1010.3,84,51,12,62,0.0,0.0,41.824,-71.4128,2024,8,4,7
2024-08-04 08:00:00,180.0,83.0,97.0,265.0,24.2,88,13.5,236,1010.8,100,39,18,100,0.0,3600.0,41.824,-71.4128,2024,8,4,8
2024-08-04 09:00:00,248.0,54.0,194.0,110.1,25.5,83,12.4,234,1011.2,97,17,21,97,0.0,1504.26,41.824,-71.4128,2024,8,4,9
2024-08-04 10:00:00,499.0,301.0,198.0,465.0,27.0,75,12.7,225,1011.0,61,20,1,51,0.0,3600.0,41.824,-71.4128,2024,8,4,10
2024-08-04 11:00:00,680.0,521.0,159.0,673.5,28.6,66,13.2,223,1011.1,97,20,4,96,0.0,3600.0,41.824,-71.4128,2024,8,4,11
2024-08-04 12:00:00,761.0,582.0,179.0,676.4,29.6,61,16.1,228,1010.8,99,79,9,97,0.1,3600.0,41.824,-71.4128,2024,8,4,12
2024-08-04 13:00:00,492.0,174.0,318.0,192.9,27.3,71,13.0,224,1010.8,100,27,17,99,0.9,3600.0,41.824,-71.4128,2024,8,4,13
2024-08-04 14:00:00,402.0,108.0,294.0,120.6,26.0,76,20.2,211,1010.8,100,9,34,100,0.3,1819.22,41.824,-71.4128,2024,8,4,14
2024-08-04 15:00:00,280.0,29.0,251.0,34.5,25.4,80,17.7,213,1010.7,100,39,19,100,0.4,0.0,41.824,-71.4128,2024,8,4,15
2024-08-04 16:00:00,248.0,8.0,240.0,10.8,25.2,81,16.2,217,1010.4,100,14,1,100,0.3,0.0,41.824,-71.4128,2024,8,4,16
2024-08-04 17:00:00,245.0,28.0,217.0,46.2,25.1,82,15.1,220,1010.1,100,45,2,100,0.1,0.0,41.824,-71.4128,2024,8,4,17
2024-08-04 18:00:00,183.0,24.0,159.0,54.2,25.1,81,13.9,211,1009.9,100,18,1,100,0.0,0.0,41.824,-71.4128,2024,8,4,18
2024-08-04 19:00:00,145.0,54.0,91.0,206.4,24.6,84,11.5,231,1010.0,98,33,2,97,0.0,3600.0,41.824,-71.4128,2024,8,4,19
2024-08-04 20:00:00,27.0,4.0,23.0,39.2,23.9,88,9.8,216,1010.5,65,0,4,64,0.0,0.0,41.824,-71.4128,2024,8,4,20
2024-08-04 21:00:00,0.0,0.0,0.0,0.0,23.1,96,8.9,243,1012.3,100,0,91,100,1.2,0.0,41.824,-71.4128,2024,8,4,21
2024-08-04 22:00:00,0.0,0.0,0.0,0.0,22.9,94,11.3,248,1012.1,100,0,7,100,0.1,0.0,41.824,-71.4128,2024,8,4,22
2024-08-04 23:00:00,0.0,0.0,0.0,0.0,22.7,95,12.1,258,1012.9,87,0,0,87,0.0,0.0,41.824,-71.4128,2024,8,4,23
2024-08-05 00:00:00,0.0,0.0,0.0,0.0,22.4,95,11.8,258,1012.8,3,0,0,2,0.0,0.0,41.824,-71.4128,2024,8,5,0
2024-08-05 01:00:00,0.0,0.0,0.0,0.0,22.2,96,12.1,260,1012.6,5,0,0,5,0.0,0.0,41.824,-71.4128,2024,8,5,1
2024-08-05 02:00:00,0.0,0.0,0.0,0.0,22.0,96,10.9,262,1012.7,0,0,0,0,0.0,0.0,41.824,-71.4128,2024,8,5,2
2024-08-05 03:00:00,0.0,0.0,0.0,0.0,21.7,96,10.1,272,1012.7,0,0,0,0,0.0,0.0,41.824,-71.4128,2024,8,5,3
2024-08-05 04:00:00,0.0,0.0,0.0,0.0,21.5,95,11.2,274,1012.4,0,0,0,0,0.0,0.0,41.824,-71.4128,2024,8,5,4
2024-08-05 05:00:00,0.0,0.0,0.0,0.0,21.3,95,11.3,277,1012.5,0,0,0,0,0.0,0.0,41.824,-71.4128,2024,8,5,5
2024-08-05 06:00:00,1.0,0.0,1.0,0.0,21.0,94,10.9,276,1013.3,0,0,0,0,0.0,0.0,41.824,-71.4128,2024,8,5,6
2024-08-05 07:00:00,72.0,40.0,32.0,315.3,21.6,91,11.7,281,1013.7,0,0,0,0,0.0,3600.0,41.824,-71.4128,2024,8,5,7
2024-08-05 08:00:00,233.0,167.0,66.0,537.6,23.2,86,9.2,291,1014.3,0,0,0,0,0.0,3600.0,41.824,-71.4128,2024,8,5,8
2024-08-05 09:00:00,413.0,328.0,85.0,672.2,25.3,79,6.8,328,1014.9,0,0,0,0,0.0,3600.0,41.824,-71.4128,2024,8,5,9
2024-08-05 10:00:00,584.0,486.0,98.0,753.3,26.7,70,7.3,349,1014.9,0,0,0,0,0.0,3600.0,41.824,-71.4128,2024,8,5,10
2024-08-05 11:00:00,726.0,620.0,106.0,803.6,28.2,62,5.4,360,1014.9,0,0,0,0,0.0,3600.0,41.824,-71.4128,2024,8,5,11
2024-08-05 12:00:00,825.0,715.0,110.0,832.9,29.5,56,1.6,333,1014.9,0,0,0,0,0.0,3600.0,41.824,-71.4128,2024,8,5,12
2024-08-05 13:00:00,871.0,758.0,113.0,842.3,30.4,52,2.1,211,1014.1,6,0,1,6,0.0,3600.0,41.824,-71.4128,2024,8,5,13
2024-08-05 14:00:00,848.0,729.0,119.0,816.2,31.0,49,4.2,200,1013.4,25,1,3,23,0.0,3600.0,41.824,-71.4128,2024,8,5,14
2024-08-05 15:00:00,789.0,666.0,123.0,794.3,31.6,47,7.6,188,1012.8,54,2,3,52,0.0,3600.0,41.824,-71.4128,2024,8,5,15
2024-08-05 16:00:00,677.0,550.0,127.0,743.4,29.8,58,13.7,166,1012.6,28,11,20,8,0.3,3600.0,41.824,-71.4128,2024,8,5,16
2024-08-05 17:00:00,474.0,369.0,105.0,611.2,29.5,62,11.7,169,1012.0,65,0,33,48,0.0,3600.0,41.824,-71.4128,2024,8,5,17
2024-08-05 18:00:00,305.0,192.0,113.0,436.9,29.0,58,12.9,210,1011.7,54,0,9,49,0.0,3600.0,41.824,-71.4128,2024,8,5,18
2024-08-05 19:00:00,168.0,101.0,67.0,391.0,27.2,62,13.5,209,1011.9,99,0,4,99,0.0,3600.0,41.824,-71.4128,2024,8,5,19
2024-08-05 20:00:00,36.0,14.0,22.0,139.4,25.3,70,14.6,213,1011.9,62,0,8,58,0.0,2975.15,41.824,-71.4128,2024,8,5,20
2024-08-05 21:00:00,0.0,0.0,0.0,0.0,24.4,72,13.3,213,1012.9,85,0,1,85,0.0,0.0,41.824,-71.4128,2024,8,5,21
2024-08-05 22:00:00,0.0,0.0,0.0,0.0,23.9,78,14.4,217,1012.9,97,0,0,97,0.0,0.0,41.824,-71.4128,2024,8,5,22
2024-08-05 23:00:00,0.0,0.0,0.0,0.0,23.9,82,14.8,225,1012.4,100,0,27,100,0.0,0.0,41.824,-71.4128,2024,8,5,23
2024-08-06 00:00:00,0.0,0.0,0.0,0.0,23.8,86,14.0,228,1012.2,100,0,85,98,0.0,0.0,41.824,-71.4128,2024,8,6,0
2024-08-06 01:00:00,0.0,0.0,0.0,0.0,23.8,86,12.6,239,1012.4,100,0,99,100,0.0,0.0,41.824,-71.4128,2024,8,6,1
2024-08-06 02:00:00,0.0,0.0,0.0,0.0,23.8,87,11.6,248,1011.8,98,0,77,92,0.0,0.0,41.824,-71.4128,2024,8,6,2
2024-08-06 03:00:00,0.0,0.0,0.0,0.0,23.4,90,9.0,268,1011.7,70,0,18,64,0.0,0.0,41.824,-71.4128,2024,8,6,3
2024-08-06 04:00:00,0.0,0.0,0.0,0.0,22.7,94,7.6,273,1011.4,27,1,25,10,0.0,0.0,41.824,-71.4128,2024,8,6,4
2024-08-06 05:00:00,0.0,0.0,0.0,0.0,22.3,96,6.3,257,1011.7,25,10,19,3,0.0,0.0,41.824,-71.4128,2024,8,6,5
2024-08-06 06:00:00,1.0,0.0,1.0,0.0,22.0,98,6.0,303,1012.1,89,14,47,84,0.0,0.0,41.824,-71.4128,2024,8,6,6
2024-08-06 07:00:00,27.0,5.0,22.0,39.8,22.6,95,5.8,338,1012.5,100,9,100,47,0.0,0.0,41.824,-71.4128,2024,8,6,7
2024-08-06 08:00:00,50.0,4.0,46.0,13.0,22.5,93,7.1,24,1012.7,98,14,97,4,1.9,0.0,41.824,-71.4128,2024,8,6,8
2024-08-06 09:00:00,267.0,143.0,124.0,294.5,23.4,87,6.1,40,1013.2,100,99,91,43,8.3,3600.0,41.824,-71.4128,2024,8,6,9
2024-08-06 10:00:00,154.0,2.0,152.0,3.1,23.0,90,5.9,76,1013.4,100,99,98,71,2.9,0.0,41.824,-71.4128,2024,8,6,10
2024-08-06 11:00:00,286.0,22.0,264.0,28.6,23.0,89,10.2,80,1013.5,97,93,47,47,0.8,0.0,41.824,-71.4128,2024,8,6,11
2024-08-06 12:00:00,423.0,183.0,240.0,213.7,22.5,88,14.2,60,1013.3,100,100,32,49,0.4,3600.0,41.824,-71.4128,2024,8,6,12
2024-08-06 13:00:00,264.0,24.0,240.0,26.7,21.6,88,13.3,38,1013.3,100,100,44,75,0.7,0.0,41.824,-71.4128,2024,8,6,13
2024-08-06 14:00:00,268.0,57.0,211.0,64.0,21.8,82,13.3,33,1013.3,100,100,62,46,0.6,119.28,41.824,-71.4128,2024,8,6,14
2024-08-06 15:00:00,187.0,10.0,177.0,12.0,20.8,88,11.3,27,1013.8,100,100,100,15,4.1,0.0,41.824,-71.4128,2024,8,6,15
2024-08-06 16:00:00,229.0,62.0,167.0,84.1,20.5,88,11.3,37,1013.6,100,100,89,61,1.1,722.94,41.824,-71.4128,2024,8,6,16
2024-08-06 17:00:00,345.0,137.0,208.0,228.0,20.8,85,13.3,57,1013.4,96,87,36,57,0.1,3600.0,41.824,-71.4128,2024,8,6,17
2024-08-06 18:00:00,245.0,94.0,151.0,215.4,20.9,83,10.1,63,1013.5,98,83,26,81,0.0,3600.0,41.824,-71.4128,2024,8,6,18
2024-08-06 19:00:00,126.0,33.0,93.0,129.5,20.2,84,8.5,62,1013.5,72,37,12,50,0.0,2084.04,41.824,-71.4128,2024,8,6,19
2024-08-06 20:00:00,28.0,5.0,23.0,50.7,19.4,89,7.3,79,1013.9,53,43,11,8,0.0,59.97,41.824,-71.4128,2024,8,6,20
2024-08-06 21:00:00,0.0,0.0,0.0,0.0,18.5,94,8.4,47,1014.9,100,4,100,100,0.8,0.0,41.824,-71.4128,2024,8,6,21
2024-08-06 22:00:00,0.0,0.0,0.0,0.0,18.2,96,6.4,74,1015.0,100,100,100,100,2.5,0.0,41.824,-71.4128,2024,8,6,22
2024-08-06 23:00:00,0.0,0.0,0.0,0.0,18.0,97,7.4,51,1014.8,100,100,100,100,2.2,0.0,41.824,-71.4128,2024,8,6,23
2024-08-07 00:00:00,0.0,0.0,0.0,0.0,17.9,98,7.7,28,1014.9,100,100,100,100,3.1,0.0,41.824,-71.4128,2024,8,7,0
2024-08-07 01:00:00,0.0,0.0,0.0,0.0,17.7,98,9.2,45,1014.1,100,100,99,100,2.7,0.0,41.824,-71.4128,2024,8,7,1
2024-08-07 02:00:00,0.0,0.0,0.0,0.0,17.6,98,9.4,67,1013.3,100,92,85,100,1.6,0.0,41.824,-71.4128,2024,8,7,2
2024-08-07 03:00:00,0.0,0.0,0.0,0.0,17.4,97,10.6,35,1013.4,100,89,100,100,1.4,0.0,41.824,-71.4128,2024,8,7,3
2024-08-07 04:00:00,0.0,0.0,0.0,0.0,17.0,97,12.3,32,1013.7,100,88,100,100,1.2,0.0,41.824,-71.4128,2024,8,7,4
2024-08-07 05:00:00,0.0,0.0,0.0,0.0,16.6,95,13.5,42,1013.8,100,100,100,100,1.3,0.0,41.824,-71.4128,2024,8,7,5
2024-08-07 06:00:00,0.0,0.0,0.0,0.0,16.3,95,12.5,39,1014.1,100,100,100,100,1.3,0.0,41.824,-71.4128,2024,8,7,6
2024-08-07 07:00:00,10.0,0.0,10.0,0.0,15.9,97,14.3,43,1014.5,100,96,100,99,0.8,0.0,41.824,-71.4128,2024,8,7,7
2024-08-07 08:00:00,52.0,0.0,52.0,0.0,15.8,95,11.0,41,1014.9,100,100,100,3,0.2,0.0,41.824,-71.4128,2024,8,7,8
2024-08-07 09:00:00,92.0,0.0,92.0,0.0,15.9,92,11.5,39,1015.6,100,99,100,3,0.4,0.0,41.824,-71.4128,2024,8,7,9
2024-08-07 10:00:00,148.0,2.0,146.0,3.1,16.5,89,12.0,41,1015.6,100,96,100,0,0.1,0.0,41.824,-71.4128,2024,8,7,10
2024-08-07 11:00:00,303.0,57.0,246.0,74.3,17.9,83,13.8,49,1015.8,100,100,76,0,0.1,428.26,41.824,-71.4128,2024,8,7,11
2024-08-07 12:00:00,314.0,24.0,290.0,28.1,18.9,77,13.4,54,1015.8,100,100,100,0,0.1,0.0,41.824,-71.4128,2024,8,7,12
2024-08-07 13:00:00,282.0,15.0,267.0,16.7,19.5,74,11.3,53,1016.0,100,100,100,0,0.0,0.0,41.824,-71.4128,2024,8,7,13
2024-08-07 14:00:00,198.0,0.0,198.0,0.0,19.5,76,7.9,66,1016.0,100,100,100,0,0.0,0.0,41.824,-71.4128,2024,8,7,14
2024-08-07 15:00:00,125.0,0.0,125.0,0.0,19.4,77,8.1,69,1015.5,100,100,99,0,0.0,0.0,41.824,-71.4128,2024,8,7,15
2024-08-07 16:00:00,182.0,0.0,182.0,0.0,19.8,75,8.4,70,1015.7,100,100,100,0,0.0,0.0,41.824,-71.4128,2024,8,7,16
2024-08-07 17:00:00,104.0,0.0,104.0,0.0,19.6,75,8.3,90,1015.6,100,37,100,1,0.0,0.0,41.824,-71.4128,2024,8,7,17
2024-08-07 18:00:00,135.0,7.0,128.0,16.2,19.5,75,6.9,84,1015.3,58,1,58,0,0.0,0.0,41.824,-71.4128,2024,8,7,18
2024-08-07 19:00:00,139.0,62.0,77.0,246.6,19.2,77,5.1,94,1015.8,19,4,17,0,0.0,3600.0,41.824,-71.4128,2024,8,7,19
2024-08-07 20:00:00,31.0,12.0,19.0,123.8,18.1,83,4.8,103,1016.1,1,0,1,0,0.0,2379.26,41.824,-71.4128,2024,8,7,20
2024-08-07 21:00:00,0.0,0.0,0.0,0.0,17.7,86,6.2,97,1016.8,1,0,1,0,0.0,0.0,41.824,-71.4128,2024,8,7,21
2024-08-07 22:00:00,0.0,0.0,0.0,0.0,17.0,88,5.8,112,1017.6,39,10,37,1,0.0,0.0,41.824,-71.4128,2024,8,7,22
2024-08-07 23:00:00,0.0,0.0,0.0,0.0,16.7,90,5.0,69,1017.3,6,0,6,0,0.0,0.0,41.824,-71.4128,2024,8,7,23
2024-08-08 00:00:00,0.0,0.0,0.0,0.0,15.9,93,4.3,42,1017.4,11,0,11,0,0.0,0.0,41.824,-71.4128,2024,8,8,0
2024-08-08 01:00:00,0.0,0.0,0.0,0.0,15.6,93,4.1,38,1017.5,13,3,11,0,0.0,0.0,41.824,-71.4128,2024,8,8,1
2024-08-08 02:00:00,0.0,0.0,0.0,0.0,15.4,94,5.0,30,1017.5,100,3,22,100,0.0,0.0,41.824,-71.4128,2024,8,8,2
2024-08-08 03:00:00,0.0,0.0,0.0,0.0,15.2,94,5.2,25,1017.6,100,0,7,100,0.0,0.0,41.824,-71.4128,2024,8,8,3
2024-08-08 04:00:00,0.0,0.0,0.0,0.0,15.1,94,5.5,11,1017.8,66,0,11,61,0.0,0.0,41.824,-71.4128,2024,8,8,4
2024-08-08 05:00:00,0.0,0.0,0.0,0.0,15.0,95,6.3,13,1018.2,15,4,8,5,0.0,0.0,41.824,-71.4128,2024,8,8,5
2024-08-08 06:00:00,0.0,0.0,0.0,0.0,15.0,96,6.8,25,1018.4,11,3,10,0,0.0,0.0,41.824,-71.4128,2024,8,8,6
2024-08-08 07:00:00,62.0,30.0,32.0,243.9,16.0,93,6.9,9,1018.9,8,3,6,0,0.0,3600.0,41.824,-71.4128,2024,8,8,7
2024-08-08 08:00:00,212.0,133.0,79.0,439.2,18.2,86,5.9,47,1019.5,15,0,15,0,0.0,3600.0,41.824,-71.4128,2024,8,8,8
2024-08-08 09:00:00,370.0,248.0,122.0,515.7,19.3,78,12.1,80,1020.1,95,64,74,47,0.0,3600.0,41.824,-71.4128,2024,8,8,9
2024-08-08 10:00:00,367.0,142.0,225.0,222.4,20.3,73,11.2,90,1020.1,100,14,6,100,0.0,3600.0,41.824,-71.4128,2024,8,8,10
2024-08-08 11:00:00,664.0,466.0,198.0,608.9,22.2,68,10.8,92,1020.3,100,18,3,100,0.0,3600.0,41.824,-71.4128,2024,8,8,11
2024-08-08 12:00:00,762.0,553.0,209.0,648.9,23.6,61,12.4,98,1020.1,99,48,14,99,0.0,3600.0,41.824,-71.4128,2024,8,8,12
2024-08-08 13:00:00,744.0,517.0,227.0,578.6,24.3,60,11.0,101,1019.8,100,100,81,98,0.0,3600.0,41.824,-71.4128,2024,8,8,13
2024-08-08 14:00:00,581.0,220.0,361.0,248.2,24.5,61,11.3,99,1019.5,100,86,100,100,0.0,3600.0,41.824,-71.4128,2024,8,8,14
2024-08-08 15:00:00,511.0,185.0,326.0,222.5,24.4,62,10.4,90,1019.3,100,98,31,100,0.0,3600.0,41.824,-71.4128,2024,8,8,15
2024-08-08 16:00:00,424.0,158.0,266.0,215.9,23.9,65,11.2,88,1019.0,100,61,80,100,0.0,3600.0,41.824,-71.4128,2024,8,8,16
2024-08-08 17:00:00,304.0,55.0,249.0,92.4,23.0,68,10.4,110,1018.9,100,54,100,100,0.0,973.4,41.824,-71.4128,2024,8,8,17
2024-08-08 18:00:00,85.0,0.0,85.0,0.0,21.5,77,8.7,128,1019.0,100,27,99,100,0.0,0.0,41.824,-71.4128,2024,8,8,18
2024-08-08 19:00:00,52.0,0.0,52.0,0.0,20.5,83,6.7,126,1019.0,100,4,99,100,0.2,0.0,41.824,-71.4128,2024,8,8,19
2024-08-08 20:00:00,8.0,0.0,8.0,0.0,19.6,89,7.6,121,1019.0,100,0,32,100,1.5,0.0,41.824,-71.4128,2024,8,8,20
2024-08-08 21:00:00,0.0,0.0,0.0,0.0,17.6,95,6.4,47,1020.2,100,100,17,100,0.2,0.0,41.824,-71.4128,2024,8,8,21
2024-08-08 22:00:00,0.0,0.0,0.0,0.0,17.2,97,7.8,34,1020.4,100,100,8,100,0.0,0.0,41.824,-71.4128,2024,8,8,22
2024-08-08 23:00:00,0.0,0.0,0.0,0.0,17.3,97,7.1,45,1020.2,100,100,100,100,0.0,0.0,41.824,-71.4128,2024,8,8,23
2024-08-09 00:00:00,0.0,0.0,0.0,0.0,17.7,97,8.5,54,1019.7,100,100,100,100,0.0,0.0,41.824,-71.4128,2024,8,9,0
2024-08-09 01:00:00,0.0,0.0,0.0,0.0,18.0,98,7.6,71,1019.4,100,100,2,100,0.0,0.0,41.824,-71.4128,2024,8,9,1
2024-08-09 02:00:00,0.0,0.0,0.0,0.0,18.3,98,6.4,74,1019.0,100,100,37,100,0.0,0.0,41.824,-71.4128,2024,8,9,2
2024-08-09 03:00:00,0.0,0.0,0.0,0.0,18.6,98,6.9,51,1018.3,100,100,3,100,0.4,0.0,41.824,-71.4128,2024,8,9,3
2024-08-09 04:00:00,0.0,0.0,0.0,0.0,18.9,99,8.2,61,1017.7,100,100,17,91,0.2,0.0,41.824,-71.4128,2024,8,9,4
2024-08-09 05:00:00,0.0,0.0,0.0,0.0,19.6,99,8.0,80,1017.3,100,100,9,79,0.1,0.0,41.824,-71.4128,2024,8,9,5
2024-08-09 06:00:00,0.0,0.0,0.0,0.0,20.2,99,6.5,90,1017.1,100,100,25,98,0.2,0.0,41.824,-71.4128,2024,8,9,6
2024-08-09 07:00:00,15.0,0.0,15.0,0.0,21.1,99,7.0,102,1016.9,100,97,14,100,0.2,0.0,41.824,-71.4128,2024,8,9,7
2024-08-09 08:00:00,92.0,5.0,87.0,16.7,23.0,96,10.6,156,1016.6,98,96,14,43,0.4,0.0,41.824,-71.4128,2024,8,9,8
2024-08-09 09:00:00,191.0,74.0,117.0,154.7,24.9,92,15.9,183,1015.8,100,97,64,100,0.1,2840.2,41.824,-71.4128,2024,8,9,9
2024-08-09 10:00:00,285.0,29.0,256.0,45.6,24.6,90,15.5,179,1015.9,99,71,50,94,0.7,0.0,41.824,-71.4128,2024,8,9,10
2024-08-09 11:00:00,407.0,155.0,252.0,203.1,25.2,88,18.8,168,1015.3,100,100,27,100,0.1,3600.0,41.824,-71.4128,2024,8,9,11
2024-08-09 12:00:00,406.0,116.0,290.0,136.5,26.5,84,19.7,171,1014.7,100,20,6,100,0.1,2293.63,41.824,-71.4128,2024,8,9,12
2024-08-09 13:00:00,664.0,290.0,374.0,325.3,27.4,80,25.9,178,1013.9,100,15,51,100,0.1,3600.0,41.824,-71.4128,2024,8,9,13
2024-08-09 14:00:00,437.0,157.0,280.0,177.6,26.0,83,20.6,176,1013.6,100,26,3,100,0.3,3527.54,41.824,-71.4128,2024,8,9,14
2024-08-09 15:00:00,564.0,318.0,246.0,383.7,27.0,84,23.8,170,1012.3,99,20,70,97,0.4,3600.0,41.824,-71.4128,2024,8,9,15
2024-08-09 16:00:00,559.0,375.0,184.0,514.4,26.7,80,27.4,180,1011.7,43,27,9,14,0.6,3600.0,41.824,-71.4128,2024,8,9,16
2024-08-09 17:00:00,435.0,298.0,137.0,503.5,26.5,83,29.2,179,1010.8,100,36,10,100,0.4,3600.0,41.824,-71.4128,2024,8,9,17
2024-08-09 18:00:00,263.0,168.0,95.0,393.9,26.1,84,25.6,178,1010.5,100,31,13,100,0.1,3600.0,41.824,-71.4128,2024,8,9,18
2024-08-09 19:00:00,105.0,29.0,76.0,118.8,25.4,86,28.1,184,1010.2,100,15,30,100,0.1,1763.81,41.824,-71.4128,2024,8,9,19
2024-08-09 20:00:00,20.0,2.0,18.0,21.4,24.9,88,27.3,189,1010.2,100,86,25,97,0.2,0.0,41.824,-71.4128,2024,8,9,20
2024-08-09 21:00:00,0.0,0.0,0.0,0.0,23.3,91,25.2,190,1010.7,97,48,70,87,0.4,0.0,41.824,-71.4128,2024,8,9,21
2024-08-09 22:00:00,0.0,0.0,0.0,0.0,22.8,95,25.1,192,1010.1,100,87,57,100,0.9,0.0,41.824,-71.4128,2024,8,9,22
2024-08-09 23:00:00,0.0,0.0,0.0,0.0,22.9,95,20.4,201,1010.2,90,43,52,64,0.5,0.0,41.824,-71.4128,2024,8,9,23
2024-08-10 00:00:00,0.0,0.0,0.0,0.0,23.2,95,19.5,199,1009.7,99,75,37,92,0.3,0.0,41.824,-71.4128,2024,8,10,0
2024-08-10 01:00:00,0.0,0.0,0.0,0.0,23.6,95,20.8,198,1009.1,100,100,28,17,0.2,0.0,41.824,-71.4128,2024,8,10,1
2024-08-10 02:00:00,0.0,0.0,0.0,0.0,23.3,95,20.5,204,1009.1,100,100,25,11,0.1,0.0,41.824,-71.4128,2024,8,10,2
2024-08-10 03:00:00,0.0,0.0,0.0,0.0,23.1,95,18.0,200,1008.7,100,100,63,41,0.1,0.0,41.824,-71.4128,2024,8,10,3
2024-08-10 04:00:00,0.0,0.0,0.0,0.0,22.8,96,15.3,210,1008.6,100,100,53,45,1.5,0.0,41.824,-71.4128,2024,8,10,4
2024-08-10 05:00:00,0.0,0.0,0.0,0.0,22.9,96,13.9,217,1008.9,100,99,90,87,1.4,0.0,41.824,-71.4128,2024,8,10,5
2024-08-10 06:00:00,0.0,0.0,0.0,0.0,22.7,97,10.7,213,1009.1,100,100,47,90,0.3,0.0,41.824,-71.4128,2024,8,10,6
2024-08-10 07:00:00,30.0,0.0,30.0,0.0,22.9,96,9.7,225,1009.6,99,58,37,95,0.1,0.0,41.824,-71.4128,2024,8,10,7
2024-08-10 08:00:00,136.0,34.0,102.0,114.3,23.7,92,8.8,258,1010.0,100,20,4,100,0.0,1628.56,41.824,-71.4128,2024,8,10,8
2024-08-10 09:00:00,316.0,199.0,117.0,418.1,25.6,86,10.2,280,1010.0,13,11,8,0,0.0,3600.0,41.824,-71.4128,2024,8,10,9
2024-08-10 10:00:00,511.0,379.0,132.0,597.8,26.6,78,9.1,288,1010.2,20,19,8,0,0.0,3600.0,41.824,-71.4128,2024,8,10,10
2024-08-10 11:00:00,678.0,544.0,134.0,715.0,27.6,71,9.9,289,1010.4,76,75,38,0,0.0,3600.0,41.824,-71.4128,2024,8,10,11
2024-08-10 12:00:00,731.0,539.0,192.0,635.7,28.4,65,11.0,281,1010.2,13,12,4,0,0.0,3600.0,41.824,-71.4128,2024,8,10,12
2024-08-10 13:00:00,833.0,689.0,144.0,774.9,28.9,61,15.6,263,1010.0,52,31,32,0,0.0,3600.0,41.824,-71.4128,2024,8,10,13
2024-08-10 14:00:00,692.0,463.0,229.0,525.1,28.8,60,15.4,259,1010.0,35,27,15,0,0.0,3600.0,41.824,-71.4128,2024,8,10,14
2024-08-10 15:00:00,696.0,493.0,203.0,596.8,29.1,60,14.5,263,1009.7,10,10,3,0,0.0,3600.0,41.824,-71.4128,2024,8,10,15
2024-08-10 16:00:00,603.0,444.0,159.0,611.4,29.0,59,13.0,270,1009.4,15,15,0,0,0.0,3600.0,41.824,-71.4128,2024,8,10,16
2024-08-10 17:00:00,472.0,348.0,124.0,591.1,28.6,59,10.9,278,1009.2,12,12,0,0,0.0,3600.0,41.824,-71.4128,2024,8,10,17
2024-08-10 18:00:00,334.0,246.0,88.0,581.6,28.1,62,9.6,290,1009.4,29,23,17,0,0.0,3600.0,41.824,-71.4128,2024,8,10,18
2024-08-10 19:00:00,153.0,95.0,58.0,395.2,26.2,71,11.0,311,1009.7,47,24,21,23,0.0,3600.0,41.824,-71.4128,2024,8,10,19
2024-08-10 20:00:00,26.0,10.0,16.0,109.4,23.8,67,10.4,314,1010.4,10,10,0,0,0.0,1825.53,41.824,-71.4128,2024,8,10,20
2024-08-10 21:00:00,0.0,0.0,0.0,0.0,22.5,69,9.2,312,1011.5,20,1,1,19,0.0,0.0,41.824,-71.4128,2024,8,10,21
2024-08-10 22:00:00,0.0,0.0,0.0,0.0,21.4,73,8.1,302,1012.1,100,42,7,100,0.0,0.0,41.824,-71.4128,2024,8,10,22
2024-08-10 23:00:00,0.0,0.0,0.0,0.0,21.0,76,7.1,285,1012.4,100,1,4,100,0.0,0.0,41.824,-71.4128,2024,8,10,23
2024-08-11 00:00:00,0.0,0.0,0.0,0.0,20.9,78,7.9,286,1012.7,90,15,1,88,0.0,0.0,41.824,-71.4128,2024,8,11,0
2024-08-11 01:00:00,0.0,0.0,0.0,0.0,20.5,78,10.7,303,1013.1,77,7,3,74,0.0,0.0,41.824,-71.4128,2024,8,11,1
2024-08-11 02:00:00,0.0,0.0,0.0,0.0,20.6,73,11.3,323,1013.1,6,2,1,3,0.0,0.0,41.824,-71.4128,2024,8,11,2
2024-08-11 03:00:00,0.0,0.0,0.0,0.0,19.5,73,10.0,319,1013.5,20,5,20,0,0.0,0.0,41.824,-71.4128,2024,8,11,3
2024-08-11 04:00:00,0.0,0.0,0.0,0.0,18.7,75,9.2,315,1013.8,21,3,20,0,0.0,0.0,41.824,-71.4128,2024,8,11,4
2024-08-11 05:00:00,0.0,0.0,0.0,0.0,18.1,76,8.2,308,1014.1,4,2,4,0,0.0,0.0,41.824,-71.4128,2024,8,11,5
2024-08-11 06:00:00,0.0,0.0,0.0,0.0,17.4,80,7.3,303,1014.0,0,0,0,0,0.0,0.0,41.824,-71.4128,2024,8,11,6
2024-08-11 07:00:00,63.0,36.0,27.0,302.5,18.3,79,8.0,288,1014.2,1,0,0,1,0.0,3600.0,41.824,-71.4128,2024,8,11,7
2024-08-11 08:00:00,227.0,165.0,62.0,559.7,20.4,75,4.7,274,1014.5,28,0,0,28,0.0,3600.0,41.824,-71.4128,2024,8,11,8
2024-08-11 09:00:00,410.0,327.0,83.0,690.6,22.2,64,5.6,315,1014.6,57,0,0,57,0.0,3600.0,41.824,-71.4128,2024,8,11,9
2024-08-11 10:00:00,569.0,449.0,120.0,710.8,23.7,56,3.6,315,1014.6,40,0,0,40,0.0,3600.0,41.824,-71.4128,2024,8,11,10
2024-08-11 11:00:00,713.0,582.0,131.0,767.2,24.9,51,2.9,263,1014.5,19,1,0,18,0.0,3600.0,41.824,-71.4128,2024,8,11,11
2024-08-11 12:00:00,801.0,650.0,151.0,768.6,25.8,48,6.2,260,1014.1,54,2,21,51,0.0,3600.0,41.824,-71.4128,2024,8,11,12
2024-08-11 13:00:00,819.0,618.0,201.0,696.9,26.9,44,14.2,246,1013.6,95,7,42,91,0.0,3600.0,41.824,-71.4128,2024,8,11,13
2024-08-11 14:00:00,630.0,418.0,212.0,475.4,26.4,46,17.4,240,1013.2,100,5,69,100,0.0,3600.0,41.824,-71.4128,2024,8,11,14
2024-08-11 15:00:00,346.0,51.0,295.0,61.9,25.3,49,14.0,241,1012.7,85,0,6,84,0.0,58.09,41.824,-71.4128,2024,8,11,15
2024-08-11 16:00:00,552.0,304.0,248.0,420.3,25.5,53,15.8,225,1012.2,28,26,20,0,0.0,3600.0,41.824,-71.4128,2024,8,11,16
2024-08-11 17:00:00,410.0,227.0,183.0,387.7,24.8,55,13.5,222,1011.8,21,1,21,0,0.0,3600.0,41.824,-71.4128,2024,8,11,17
2024-08-11 18:00:00,339.0,255.0,84.0,607.9,24.4,58,12.6,217,1011.5,15,1,1,14,0.0,3600.0,41.824,-71.4128,2024,8,11,18
2024-08-11 19:00:00,168.0,113.0,55.0,477.7,22.8,65,12.2,208,1011.8,89,0,1,89,0.0,3600.0,41.824,-71.4128,2024,8,11,19
2024-08-11 20:00:00,26.0,9.0,17.0,100.6,20.8,68,10.0,218,1012.0,93,0,0,93,0.0,1536.21,41.824,-71.4128,2024,8,11,20
2024-08-11 21:00:00,0.0,0.0,0.0,0.0,20.6,74,9.2,219,1012.6,74,0,0,74,0.0,0.0,41.824,-71.4128,2024,8,11,21
2024-08-11 22:00:00,0.0,0.0,0.0,0.0,19.7,73,9.6,236,1012.8,90,0,0,90,0.0,0.0,41.824,-71.4128,2024,8,11,22
2024-08-11 23:00:00,0.0,0.0,0.0,0.0,19.5,72,11.1,245,1012.7,83,0,0,83,0.0,0.0,41.824,-71.4128,2024,8,11,23
2024-08-12 00:00:00,0.0,0.0,0.0,0.0,19.1,80,13.8,276,1013.0,92,9,15,89,0.0,0.0,41.824,-71.4128,2024,8,12,0
2024-08-12 01:00:00,0.0,0.0,0.0,0.0,18.9,81,9.4,288,1012.8,91,2,15,90,0.0,0.0,41.824,-71.4128,2024,8,12,1
2024-08-12 02:00:00,0.0,0.0,0.0,0.0,18.0,86,7.2,288,1012.6,0,0,0,0,0.0,0.0,41.824,-71.4128,2024,8,12,2
2024-08-12 03:00:00,0.0,0.0,0.0,0.0,17.3,90,7.8,283,1012.5,0,0,0,0,0.0,0.0,41.824,-71.4128,2024,8,12,3
2024-08-12 04:00:00,0.0,0.0,0.0,0.0,16.9,91,9.3,283,1012.5,0,0,0,0,0.0,0.0,41.824,-71.4128,2024,8,12,4
2024-08-12 05:00:00,0.0,0.0,0.0,0.0,16.5,89,9.9,280,1012.7,0,0,0,0,0.0,0.0,41.824,-71.4128,2024,8,12,5
2024-08-12 06:00:00,0.0,0.0,0.0,0.0,16.3,86,10.3,282,1012.9,0,0,0,0,0.0,0.0,41.824,-71.4128,2024,8,12,6
2024-08-12 07:00:00,61.0,35.0,26.0,297.5,17.3,81,10.9,276,1013.1,0,0,0,0,0.0,3600.0,41.824,-71.4128,2024,8,12,7
2024-08-12 08:00:00,224.0,162.0,62.0,554.6,19.1,76,8.4,280,1013.3,0,0,0,0,0.0,3600.0,41.824,-71.4128,2024,8,12,8
2024-08-12 09:00:00,411.0,330.0,81.0,700.7,20.5,64,11.9,275,1013.6,0,0,0,0,0.0,3600.0,41.824,-71.4128,2024,8,12,9
2024-08-12 10:00:00,585.0,490.0,95.0,778.6,21.7,59,10.0,257,1013.5,0,0,0,0,0.0,3600.0,41.824,-71.4128,2024,8,12,10
2024-08-12 11:00:00,728.0,624.0,104.0,825.0,22.9,54,10.3,258,1013.4,0,0,0,0,0.0,3600.0,41.824,-71.4128,2024,8,12,11
2024-08-12 12:00:00,831.0,723.0,108.0,857.3,23.9,50,13.0,273,1013.0,24,7,24,0,0.1,3600.0,41.824,-71.4128,2024,8,12,12
2024-08-12 13:00:00,774.0,615.0,159.0,695.4,24.3,49,15.6,277,1012.3,43,29,34,0,0.2,3600.0,41.824,-71.4128,2024,8,12,13
2024-08-12 14:00:00,712.0,552.0,160.0,629.7,24.4,52,14.6,261,1011.7,31,10,28,0,0.7,3600.0,41.824,-71.4128,2024,8,12,14
2024-08-12 15:00:00,696.0,524.0,172.0,638.5,25.0,49,15.0,259,1010.9,18,2,18,0,0.0,3600.0,41.824,-71.4128,2024,8,12,15
2024-08-12 16:00:00,606.0,475.0,131.0,659.5,25.0,48,14.8,256,1010.4,16,0,16,0,0.0,3600.0,41.824,-71.4128,2024,8,12,16
2024-08-12 17:00:00,483.0,364.0,119.0,625.3,24.8,48,14.7,253,1010.1,34,6,33,0,0.0,3600.0,41.824,-71.4128,2024,8,12,17
2024-08-12 18:00:00,243.0,158.0,85.0,379.9,21.8,67,15.2,324,1011.0,82,0,81,12,0.1,3600.0,41.824,-71.4128,2024,8,12,18
2024-08-12 19:00:00,69.0,14.0,55.0,60.2,20.3,79,7.7,298,1011.1,37,1,37,0,0.1,5.39,41.824,-71.4128,2024,8,12,19
2024-08-12 20:00:00,23.0,8.0,15.0,91.4,19.3,80,11.9,270,1011.4,4,2,2,0,0.0,1248.79,41.824,-71.4128,2024,8,12,20
2024-08-12 21:00:00,0.0,0.0,0.0,0.0,18.7,92,11.0,281,1012.5,14,0,10,5,0.0,0.0,41.824,-71.4128,2024,8,12,21
2024-08-12 22:00:00,0.0,0.0,0.0,0.0,18.2,90,10.9,297,1012.6,0,0,0,0,0.0,0.0,41.824,-71.4128,2024,8,12,22
2024-08-12 23:00:00,0.0,0.0,0.0,0.0,17.4,90,11.6,292,1012.7,1,0,1,0,0.0,0.0,41.824,-71.4128,2024,8,12,23
2024-08-13 00:00:00,0.0,0.0,0.0,0.0,16.8,91,12.7,299,1012.6,0,0,0,0,0.0,0.0,41.824,-71.4128,2024,8,13,0
2024-08-13 01:00:00,0.0,0.0,0.0,0.0,16.2,91,12.3,302,1012.6,0,0,0,0,0.0,0.0,41.824,-71.4128,2024,8,13,1
2024-08-13 02:00:00,0.0,0.0,0.0,0.0,15.9,90,12.7,299,1012.7,0,0,0,0,0.0,0.0,41.824,-71.4128,2024,8,13,2
2024-08-13 03:00:00,0.0,0.0,0.0,0.0,15.6,89,12.1,307,1012.7,0,0,0,0,0.0,0.0,41.824,-71.4128,2024,8,13,3
2024-08-13 04:00:00,0.0,0.0,0.0,0.0,15.4,89,12.2,304,1012.8,0,0,0,0,0.0,0.0,41.824,-71.4128,2024,8,13,4
2024-08-13 05:00:00,0.0,0.0,0.0,0.0,15.2,90,12.1,307,1013.2,0,0,0,0,0.0,0.0,41.824,-71.4128,2024,8,13,5
2024-08-13 06:00:00,0.0,0.0,0.0,0.0,15.0,90,12.2,313,1013.3,0,0,0,0,0.0,0.0,41.824,-71.4128,2024,8,13,6
2024-08-13 07:00:00,58.0,33.0,25.0,283.8,15.9,87,12.0,309,1013.6,0,0,0,0,0.0,3600.0,41.824,-71.4128,2024,8,13,7
2024-08-13 08:00:00,220.0,158.0,62.0,546.1,17.9,81,10.2,309,1013.9,0,0,0,0,0.0,3600.0,41.824,-71.4128,2024,8,13,8
2024-08-13 09:00:00,406.0,324.0,82.0,691.6,20.5,70,10.7,318,1014.2,0,0,0,0,0.0,3600.0,41.824,-71.4128,2024,8,13,9
2024-08-13 10:00:00,581.0,486.0,95.0,775.2,22.1,65,11.1,324,1014.3,0,0,0,0,0.0,3600.0,41.824,-71.4128,2024,8,13,10
2024-08-13 11:00:00,725.0,621.0,104.0,823.6,23.5,58,10.2,328,1014.0,0,0,0,0,0.0,3600.0,41.824,-71.4128,2024,8,13,11
2024-08-13 12:00:00,826.0,718.0,108.0,853.7,24.8,52,10.5,329,1013.5,12,12,2,0,0.0,3600.0,41.824,-71.4128,2024,8,13,12
2024-08-13 13:00:00,839.0,686.0,153.0,777.8,25.8,46,11.1,324,1012.9,37,1,36,0,0.0,3600.0,41.824,-71.4128,2024,8,13,13
2024-08-13 14:00:00,760.0,511.0,249.0,584.6,26.6,41,11.0,328,1012.5,36,0,36,0,0.0,3600.0,41.824,-71.4128,2024,8,13,14
2024-08-13 15:00:00,656.0,416.0,240.0,508.6,26.8,40,11.3,329,1012.1,100,0,100,0,0.0,3600.0,41.824,-71.4128,2024,8,13,15
2024-08-13 16:00:00,363.0,66.0,297.0,92.0,25.9,43,11.2,320,1012.0,92,2,92,0,0.0,960.95,41.824,-71.4128,2024,8,13,16
2024-08-13 17:00:00,229.0,26.0,203.0,44.9,25.3,52,7.1,300,1012.2,68,0,68,0,0.0,0.0,41.824,-71.4128,2024,8,13,17
2024-08-13 18:00:00,254.0,132.0,122.0,320.3,25.1,56,6.9,276,1012.3,40,3,39,0,0.0,3600.0,41.824,-71.4128,2024,8,13,18
2024-08-13 19:00:00,136.0,79.0,57.0,345.5,23.4,67,7.6,275,1012.6,18,13,11,0,0.0,3600.0,41.824,-71.4128,2024,8,13,19
2024-08-13 20:00:00,23.0,10.0,13.0,116.9,21.2,78,7.7,281,1013.1,4,4,0,0,0.0,1930.19,41.824,-71.4128,2024,8,13,20
2024-08-13 21:00:00,0.0,0.0,0.0,0.0,20.5,82,6.9,298,1014.1,10,8,8,0,0.0,0.0,41.824,-71.4128,2024,8,13,21
2024-08-13 22:00:00,0.0,0.0,0.0,0.0,19.2,87,8.1,291,1014.5,7,0,6,0,0.0,0.0,41.824,-71.4128,2024,8,13,22
2024-08-13 23:00:00,0.0,0.0,0.0,0.0,18.7,85,9.0,307,1014.7,3,0,3,0,0.0,0.0,41.824,-71.4128,2024,8,13,23
2024-08-14 00:00:00,0.0,0.0,0.0,0.0,18.3,83,9.0,323,1014.7,1,0,1,0,0.0,0.0,41.824,-71.4128,2024,8,14,0
2024-08-14 01:00:00,0.0,0.0,0.0,0.0,17.8,84,8.7,318,1014.7,1,0,1,0,0.0,0.0,41.824,-71.4128,2024,8,14,1
2024-08-14 02:00:00,0.0,0.0,0.0,0.0,17.4,84,10.0,319,1014.5,1,1,1,0,0.0,0.0,41.824,-71.4128,2024,8,14,2
2024-08-14 03:00:00,0.0,0.0,0.0,0.0,17.3,84,9.7,321,1014.5,1,0,1,0,0.0,0.0,41.824,-71.4128,2024,8,14,3
2024-08-14 04:00:00,0.0,0.0,0.0,0.0,17.0,86,9.7,321,1014.5,1,0,1,0,0.0,0.0,41.824,-71.4128,2024,8,14,4
2024-08-14 05:00:00,0.0,0.0,0.0,0.0,16.7,88,9.4,320,1014.6,0,0,0,0,0.0,0.0,41.824,-71.4128,2024,8,14,5
2024-08-14 06:00:00,0.0,0.0,0.0,0.0,16.5,90,10.0,319,1014.8,0,0,0,0,0.0,0.0,41.824,-71.4128,2024,8,14,6
2024-08-14 07:00:00,56.0,32.0,24.0,278.5,17.7,86,10.2,321,1015.2,0,0,0,0,0.0,3600.0,41.824,-71.4128,2024,8,14,7
2024-08-14 08:00:00,216.0,154.0,62.0,537.3,20.0,81,6.9,321,1015.4,0,0,0,0,0.0,3600.0,41.824,-71.4128,2024,8,14,8
2024-08-14 09:00:00,403.0,322.0,81.0,691.1,22.5,72,7.6,335,1015.5,0,0,0,0,0.0,3600.0,41.824,-71.4128,2024,8,14,9
2024-08-14 10:00:00,577.0,484.0,93.0,775.0,24.4,64,6.6,351,1015.7,0,0,0,0,0.0,3600.0,41.824,-71.4128,2024,8,14,10
2024-08-14 11:00:00,721.0,619.0,102.0,823.5,25.7,57,5.9,349,1015.7,19,5,17,0,0.0,3600.0,41.824,-71.4128,2024,8,14,11
2024-08-14 12:00:00,758.0,617.0,141.0,735.7,26.6,49,6.5,360,1015.5,16,5,12,0,0.0,3600.0,41.824,-71.4128,2024,8,14,12
2024-08-14 13:00:00,804.0,653.0,151.0,742.5,27.2,45,6.7,16,1015.2,24,0,24,0,0.0,3600.0,41.824,-71.4128,2024,8,14,13
2024-08-14 14:00:00,751.0,586.0,165.0,672.5,27.4,45,7.5,17,1014.9,19,0,19,0,0.0,3600.0,41.824,-71.4128,2024,8,14,14
2024-08-14 15:00:00,734.0,591.0,143.0,725.2,27.7,45,7.0,35,1014.6,29,6,25,0,0.0,3600.0,41.824,-71.4128,2024,8,14,15
2024-08-14 16:00:00,575.0,435.0,140.0,609.2,27.3,47,6.0,57,1014.2,11,4,7,0,0.0,3600.0,41.824,-71.4128,2024,8,14,16
2024-08-14 17:00:00,467.0,361.0,106.0,627.5,27.0,48,4.3,66,1014.1,12,0,12,0,0.0,3600.0,41.824,-71.4128,2024,8,14,17
2024-08-14 18:00:00,323.0,244.0,79.0,597.4,26.3,49,1.8,11,1014.0,14,4,8,4,0.0,3600.0,41.824,-71.4128,2024,8,14,18
2024-08-14 19:00:00,131.0,78.0,53.0,347.2,24.2,74,3.7,11,1014.7,40,6,31,9,0.0,3600.0,41.824,-71.4128,2024,8,14,19
2024-08-14 20:00:00,19.0,8.0,11.0,95.8,22.9,79,5.0,90,1015.0,20,4,7,11,0.0,1322.83,41.824,-71.4128,2024,8,14,20
2024-08-14 21:00:00,0.0,0.0,0.0,0.0,20.1,91,6.6,248,1016.4,14,0,14,0,0.0,0.0,41.824,-71.4128,2024,8,14,21
2024-08-14 22:00:00,0.0,0.0,0.0,0.0,19.8,90,6.6,261,1016.3,4,0,4,0,0.0,0.0,41.824,-71.4128,2024,8,14,22
2024-08-14 23:00:00,0.0,0.0,0.0,0.0,18.9,91,6.9,264,1016.1,10,0,1,9,0.0,0.0,41.824,-71.4128,2024,8,14,23
2024-08-15 00:00:00,0.0,0.0,0.0,0.0,19.1,87,5.1,262,1015.8,17,0,0,17,0.0,0.0,41.824,-71.4128,2024,8,15,0
2024-08-15 01:00:00,0.0,0.0,0.0,0.0,18.8,89,9.1,279,1015.7,7,0,0,7,0.0,0.0,41.824,-71.4128,2024,8,15,1
2024-08-15 02:00:00,0.0,0.0,0.0,0.0,18.3,91,8.4,277,1015.5,2,0,0,2,0.0,0.0,41.824,-71.4128,2024,8,15,2
2024-08-15 03:00:00,0.0,0.0,0.0,0.0,18.2,92,9.2,281,1015.2,0,0,0,0,0.0,0.0,41.824,-71.4128,2024,8,15,3
2024-08-15 04:00:00,0.0,0.0,0.0,0.0,18.2,90,8.5,282,1014.8,0,0,0,0,0.0,0.0,41.824,-71.4128,2024,8,15,4
2024-08-15 05:00:00,0.0,0.0,0.0,0.0,17.8,91,8.0,297,1015.0,0,0,0,0,0.0,0.0,41.824,-71.4128,2024,8,15,5
2024-08-15 06:00:00,0.0,0.0,0.0,0.0,17.3,91,7.2,297,1015.2,41,0,0,41,0.0,0.0,41.824,-71.4128,2024,8,15,6
2024-08-15 07:00:00,53.0,29.0,24.0,255.5,18.2,89,8.6,292,1015.7,99,0,0,99,0.0,3600.0,41.824,-71.4128,2024,8,15,7
2024-08-15 08:00:00,207.0,138.0,69.0,486.2,20.4,83,4.8,297,1015.8,99,0,0,99,0.0,3600.0,41.824,-71.4128,2024,8,15,8
2024-08-15 09:00:00,362.0,261.0,101.0,563.3,23.3,75,6.2,339,1015.9,100,3,10,100,0.0,3600.0,41.824,-71.4128,2024,8,15,9
2024-08-15 10:00:00,449.0,229.0,220.0,368.1,24.0,74,4.0,85,1016.3,92,0,10,91,0.0,3600.0,41.824,-71.4128,2024,8,15,10
2024-08-15 11:00:00,656.0,485.0,171.0,647.3,25.9,64,2.9,263,1015.8,15,0,14,1,0.0,3600.0,41.824,-71.4128,2024,8,15,11
2024-08-15 12:00:00,734.0,590.0,144.0,705.6,27.0,54,6.5,273,1015.2,47,2,4,44,0.2,3600.0,41.824,-71.4128,2024,8,15,12
2024-08-15 13:00:00,745.0,563.0,182.0,642.0,27.8,49,5.4,278,1014.8,50,0,2,50,0.0,3600.0,41.824,-71.4128,2024,8,15,13
2024-08-15 14:00:00,774.0,561.0,213.0,645.8,27.1,52,6.5,96,1014.7,93,21,77,68,0.0,3600.0,41.824,-71.4128,2024,8,15,14
2024-08-15 15:00:00,434.0,169.0,265.0,208.1,21.8,84,7.3,99,1015.4,100,7,27,100,5.3,3600.0,41.824,-71.4128,2024,8,15,15
2024-08-15 16:00:00,225.0,17.0,208.0,23.9,22.0,84,10.5,274,1015.1,100,1,56,100,0.1,0.0,41.824,-71.4128,2024,8,15,16
2024-08-15 17:00:00,166.0,25.0,141.0,43.7,21.8,85,4.8,228,1014.6,100,0,52,100,0.3,0.0,41.824,-71.4128,2024,8,15,17
2024-08-15 18:00:00,153.0,21.0,132.0,51.9,21.6,86,8.7,287,1014.3,88,0,0,88,0.4,0.0,41.824,-71.4128,2024,8,15,18
2024-08-15 19:00:00,131.0,63.0,68.0,285.7,20.9,91,7.5,305,1014.8,74,0,5,73,0.0,3600.0,41.824,-71.4128,2024,8,15,19
2024-08-15 20:00:00,19.0,6.0,13.0,73.7,19.7,95,5.9,349,1015.3,100,1,1,100,0.0,718.51,41.824,-71.4128,2024,8,15,20
2024-08-15 21:00:00,0.0,0.0,0.0,0.0,19.2,92,2.7,337,1015.6,25,2,6,18,0.0,0.0,41.824,-71.4128,2024,8,15,21
2024-08-15 22:00:00,0.0,0.0,0.0,0.0,18.4,96,6.7,324,1015.8,54,1,52,7,0.0,0.0,41.824,-71.4128,2024,8,15,22
2024-08-15 23:00:00,0.0,0.0,0.0,0.0,18.0,97,4.8,333,1015.8,23,0,21,2,0.2,0.0,41.824,-71.4128,2024,8,15,23
2024-08-16 00:00:00,0.0,0.0,0.0,0.0,18.0,98,5.2,348,1015.7,40,9,12,26,0.0,0.0,41.824,-71.4128,2024,8,16,0
2024-08-16 01:00:00,0.0,0.0,0.0,0.0,18.2,98,3.1,36,1015.8,49,40,0,15,0.0,0.0,41.824,-71.4128,2024,8,16,1
2024-08-16 02:00:00,0.0,0.0,0.0,0.0,17.1,100,4.0,27,1015.7,100,100,8,0,0.0,0.0,41.824,-71.4128,2024,8,16,2
2024-08-16 03:00:00,0.0,0.0,0.0,0.0,17.3,100,4.0,10,1015.5,100,100,1,0,0.0,0.0,41.824,-71.4128,2024,8,16,3
2024-08-16 04:00:00,0.0,0.0,0.0,0.0,17.2,100,5.5,32,1015.4,100,100,0,0,0.0,0.0,41.824,-71.4128,2024,8,16,4
2024-08-16 05:00:00,0.0,0.0,0.0,0.0,17.0,100,6.1,28,1015.4,100,100,0,0,0.0,0.0,41.824,-71.4128,2024,8,16,5
2024-08-16 06:00:00,0.0,0.0,0.0,0.0,17.1,99,4.8,27,1015.9,100,100,0,0,0.0,0.0,41.824,-71.4128,2024,8,16,6
2024-08-16 07:00:00,24.0,0.0,24.0,0.0,17.2,99,5.6,27,1016.5,100,100,0,0,0.0,0.0,41.824,-71.4128,2024,8,16,7
2024-08-16 08:00:00,100.0,5.0,95.0,17.8,17.9,94,7.6,25,1016.9,100,100,0,0,0.0,0.0,41.824,-71.4128,2024,8,16,8
2024-08-16 09:00:00,201.0,27.0,174.0,58.6,18.6,90,8.1,13,1017.2,100,100,0,0,0.0,0.0,41.824,-71.4128,2024,8,16,9
2024-08-16 10:00:00,341.0,88.0,253.0,142.0,20.2,84,6.4,16,1017.3,100,100,0,0,0.0,2460.8,41.824,-71.4128,2024,8,16,10
2024-08-16 11:00:00,418.0,125.0,293.0,167.4,21.7,79,5.8,7,1017.5,100,100,0,0,0.0,3221.14,41.824,-71.4128,2024,8,16,11
2024-08-16 12:00:00,486.0,136.0,350.0,163.1,22.9,75,6.2,10,1017.3,100,100,0,0,0.0,3093.54,41.824,-71.4128,2024,8,16,12
2024-08-16 13:00:00,597.0,197.0,400.0,225.3,24.4,70,5.2,25,1016.8,99,99,0,0,0.0,3600.0,41.824,-71.4128,2024,8,16,13
2024-08-16 14:00:00,481.0,129.0,352.0,149.0,25.0,66,5.2,16,1016.5,39,39,0,0,0.0,2668.93,41.824,-71.4128,2024,8,16,14
2024-08-16 15:00:00,697.0,518.0,179.0,640.2,26.2,61,4.8,48,1016.2,9,4,6,0,0.1,3600.0,41.824,-71.4128,2024,8,16,15
2024-08-16 16:00:00,593.0,435.0,158.0,614.8,26.3,58,6.6,81,1015.5,4,2,2,0,0.0,3600.0,41.824,-71.4128,2024,8,16,16
2024-08-16 17:00:00,482.0,364.0,118.0,640.6,26.1,59,7.2,96,1015.4,3,0,3,0,0.0,3600.0,41.824,-71.4128,2024,8,16,17
2024-08-16 18:00:00,297.0,202.0,95.0,504.1,25.5,62,7.3,110,1015.4,8,1,7,0,0.0,3600.0,41.824,-71.4128,2024,8,16,18
2024-08-16 19:00:00,126.0,68.0,58.0,314.3,23.3,75,11.7,133,1015.7,10,6,5,0,0.0,3600.0,41.824,-71.4128,2024,8,16,19
2024-08-16 20:00:00,18.0,7.0,11.0,88.2,21.2,89,8.7,163,1016.1,14,12,3,0,0.0,1078.41,41.824,-71.4128,2024,8,16,20
2024-08-16 21:00:00,0.0,0.0,0.0,0.0,19.6,90,7.3,99,1017.0,22,21,0,0,0.0,0.0,41.824,-71.4128,2024,8,16,21
2024-08-16 22:00:00,0.0,0.0,0.0,0.0,19.0,92,5.8,90,1017.1,19,19,0,0,0.0,0.0,41.824,-71.4128,2024,8,16,22
2024-08-16 23:00:00,0.0,0.0,0.0,0.0,18.5,93,5.1,82,1017.3,14,14,0,0,0.0,0.0,41.824,-71.4128,2024,8,16,23
2024-08-17 00:00:00,0.0,0.0,0.0,0.0,18.0,95,5.4,82,1017.2,15,15,0,0,0.0,0.0,41.824,-71.4128,2024,8,17,0
2024-08-17 01:00:00,0.0,0.0,0.0,0.0,17.7,97,7.2,84,1017.1,95,95,0,0,0.0,0.0,41.824,-71.4128,2024,8,17,1
2024-08-17 02:00:00,0.0,0.0,0.0,0.0,17.8,99,5.9,104,1016.9,55,55,0,0,0.0,0.0,41.824,-71.4128,2024,8,17,2
2024-08-17 03:00:00,0.0,0.0,0.0,0.0,18.1,100,4.7,99,1016.7,99,99,0,0,0.0,0.0,41.824,-71.4128,2024,8,17,3
2024-08-17 04:00:00,0.0,0.0,0.0,0.0,18.2,100,4.0,117,1016.5,99,99,0,0,0.0,0.0,41.824,-71.4128,2024,8,17,4
2024-08-17 05:00:00,0.0,0.0,0.0,0.0,18.1,100,4.4,81,1016.7,100,100,0,23,0.0,0.0,41.824,-71.4128,2024,8,17,5
2024-08-17 06:00:00,0.0,0.0,0.0,0.0,17.9,100,4.7,67,1016.9,100,100,0,77,0.0,0.0,41.824,-71.4128,2024,8,17,6
2024-08-17 07:00:00,29.0,7.0,22.0,63.2,18.1,99,5.6,75,1017.0,100,100,0,93,0.0,474.45,41.824,-71.4128,2024,8,17,7
2024-08-17 08:00:00,118.0,29.0,89.0,104.2,19.1,92,6.0,107,1017.0,100,95,0,100,0.0,1326.82,41.824,-71.4128,2024,8,17,8
2024-08-17 09:00:00,204.0,21.0,183.0,45.8,19.3,83,4.0,100,1017.3,100,93,0,94,0.0,0.0,41.824,-71.4128,2024,8,17,9
2024-08-17 10:00:00,407.0,162.0,245.0,262.5,21.1,74,5.5,122,1017.4,100,55,4,100,0.0,3600.0,41.824,-71.4128,2024,8,17,10
2024-08-17 11:00:00,513.0,175.0,338.0,235.1,22.1,72,7.1,114,1016.9,20,14,0,7,0.0,3600.0,41.824,-71.4128,2024,8,17,11
2024-08-17 12:00:00,774.0,593.0,181.0,713.4,23.5,68,7.2,143,1016.7,59,6,2,56,0.0,3600.0,41.824,-71.4128,2024,8,17,12
2024-08-17 13:00:00,833.0,673.0,160.0,772.0,24.5,64,8.5,152,1016.2,2,0,0,1,0.0,3600.0,41.824,-71.4128,2024,8,17,13
2024-08-17 14:00:00,820.0,687.0,133.0,795.9,25.1,63,9.7,158,1015.6,1,1,0,0,0.0,3600.0,41.824,-71.4128,2024,8,17,14
2024-08-17 15:00:00,778.0,668.0,110.0,828.8,25.1,63,12.1,163,1015.0,11,0,10,0,0.0,3600.0,41.824,-71.4128,2024,8,17,15
2024-08-17 16:00:00,650.0,537.0,113.0,762.6,24.5,64,14.1,165,1014.4,1,0,0,1,0.0,3600.0,41.824,-71.4128,2024,8,17,16
2024-08-17 17:00:00,501.0,410.0,91.0,726.2,23.4,71,15.3,165,1014.1,91,0,0,91,0.0,3600.0,41.824,-71.4128,2024,8,17,17
2024-08-17 18:00:00,323.0,247.0,76.0,622.5,22.1,79,15.0,170,1014.1,99,0,0,99,0.0,3600.0,41.824,-71.4128,2024,8,17,18
2024-08-17 19:00:00,133.0,65.0,68.0,306.4,20.8,85,13.1,164,1014.4,26,5,1,22,0.0,3600.0,41.824,-71.4128,2024,8,17,19
2024-08-17 20:00:00,17.0,7.0,10.0,90.6,19.8,90,9.0,175,1014.7,99,42,21,99,0.0,1117.63,41.824,-71.4128,2024,8,17,20
2024-08-17 21:00:00,0.0,0.0,0.0,0.0,18.6,91,6.6,202,1015.1,96,3,3,96,0.0,0.0,41.824,-71.4128,2024,8,17,21
2024-08-17 22:00:00,0.0,0.0,0.0,0.0,18.2,93,6.5,199,1015.0,47,11,13,32,0.0,0.0,41.824,-71.4128,2024,8,17,22
2024-08-17 23:00:00,0.0,0.0,0.0,0.0,17.9,95,3.3,186,1014.7,96,5,46,92,0.0,0.0,41.824,-71.4128,2024,8,17,23
2024-08-18 00:00:00,0.0,0.0,0.0,0.0,18.3,94,1.8,79,1014.7,95,9,14,94,0.0,0.0,41.824,-71.4128,2024,8,18,0
2024-08-18 01:00:00,0.0,0.0,0.0,0.0,17.8,96,4.2,149,1014.6,88,68,14,56,0.0,0.0,41.824,-71.4128,2024,8,18,1
2024-08-18 02:00:00,0.0,0.0,0.0,0.0,18.0,96,4.7,113,1014.4,98,61,17,95,0.0,0.0,41.824,-71.4128,2024,8,18,2
2024-08-18 03:00:00,0.0,0.0,0.0,0.0,18.0,96,3.7,29,1013.9,97,76,72,55,0.0,0.0,41.824,-71.4128,2024,8,18,3
2024-08-18 04:00:00,0.0,0.0,0.0,0.0,17.8,98,5.7,18,1013.9,98,85,73,65,0.0,0.0,41.824,-71.4128,2024,8,18,4
2024-08-18 05:00:00,0.0,0.0,0.0,0.0,17.7,98,6.8,58,1013.5,100,56,99,99,0.0,0.0,41.824,-71.4128,2024,8,18,5
2024-08-18 06:00:00,0.0,0.0,0.0,0.0,17.7,99,3.7,79,1013.8,100,43,76,100,0.3,0.0,41.824,-71.4128,2024,8,18,6
2024-08-18 07:00:00,11.0,0.0,11.0,0.0,18.1,98,6.5,87,1013.6,100,30,99,100,1.0,0.0,41.824,-71.4128,2024,8,18,7
2024-08-18 08:00:00,56.0,3.0,53.0,10.9,18.9,97,5.0,90,1013.8,100,27,100,100,0.3,0.0,41.824,-71.4128,2024,8,18,8
2024-08-18 09:00:00,113.0,10.0,103.0,22.0,19.0,93,7.6,85,1013.7,100,10,32,99,0.0,0.0,41.824,-71.4128,2024,8,18,9
2024-08-18 10:00:00,397.0,158.0,239.0,257.1,21.1,83,4.8,103,1013.8,70,1,21,62,0.0,3600.0,41.824,-71.4128,2024,8,18,10
2024-08-18 11:00:00,552.0,312.0,240.0,420.5,22.7,74,7.2,108,1013.4,98,15,19,97,0.0,3600.0,41.824,-71.4128,2024,8,18,11
2024-08-18 12:00:00,662.0,383.0,279.0,462.2,24.5,64,10.1,153,1012.6,100,60,22,100,0.0,3600.0,41.824,-71.4128,2024,8,18,12
2024-08-18 13:00:00,374.0,50.0,324.0,57.5,24.0,66,10.0,154,1012.5,100,89,80,100,0.0,0.0,41.824,-71.4128,2024,8,18,13
2024-08-18 14:00:00,479.0,136.0,343.0,158.1,24.9,62,10.6,156,1011.7,100,20,99,30,0.0,2942.41,41.824,-71.4128,2024,8,18,14
2024-08-18 15:00:00,550.0,285.0,265.0,355.0,25.2,62,12.6,160,1011.0,90,19,82,30,0.0,3600.0,41.824,-71.4128,2024,8,18,15
2024-08-18 16:00:00,383.0,97.0,286.0,138.4,24.4,67,12.4,158,1010.4,98,1,97,5,0.0,2352.34,41.824,-71.4128,2024,8,18,16
2024-08-18 17:00:00,275.0,105.0,170.0,187.2,23.8,72,12.2,166,1010.0,96,0,90,65,0.0,3600.0,41.824,-71.4128,2024,8,18,17
2024-08-18 18:00:00,173.0,40.0,133.0,101.8,23.1,77,11.6,154,1009.6,21,0,16,5,0.0,1254.88,41.824,-71.4128,2024,8,18,18
2024-08-18 19:00:00,130.0,77.0,53.0,370.4,22.1,84,9.9,161,1009.5,26,2,19,7,0.0,3600.0,41.824,-71.4128,2024,8,18,19
2024-08-18 20:00:00,14.0,5.0,9.0,66.6,20.7,93,9.3,164,1009.6,97,18,35,95,0.0,518.78,41.824,-71.4128,2024,8,18,20
2024-08-18 21:00:00,0.0,0.0,0.0,0.0,20.6,97,7.9,156,1009.7,25,12,4,12,0.0,0.0,41.824,-71.4128,2024,8,18,21
2024-08-18 22:00:00,0.0,0.0,0.0,0.0,20.2,98,7.7,139,1009.6,99,39,32,99,0.0,0.0,41.824,-71.4128,2024,8,18,22
2024-08-18 23:00:00,0.0,0.0,0.0,0.0,20.2,99,9.7,138,1009.3,100,100,46,83,0.0,0.0,41.824,-71.4128,2024,8,18,23
2024-08-19 00:00:00,0.0,0.0,0.0,0.0,20.1,99,7.7,143,1008.6,100,100,100,97,0.0,0.0,41.824,-71.4128,2024,8,19,0
2024-08-19 01:00:00,0.0,0.0,0.0,0.0,20.0,99,8.7,135,1008.3,100,100,7,22,0.0,0.0,41.824,-71.4128,2024,8,19,1
2024-08-19 02:00:00,0.0,0.0,0.0,0.0,19.9,99,10.2,141,1007.4,100,100,14,99,0.0,0.0,41.824,-71.4128,2024,8,19,2
2024-08-19 03:00:00,0.0,0.0,0.0,0.0,20.0,98,9.7,138,1006.8,100,95,3,100,0.0,0.0,41.824,-71.4128,2024,8,19,3
2024-08-19 04:00:00,0.0,0.0,0.0,0.0,20.0,98,9.7,138,1006.4,100,100,1,99,0.0,0.0,41.824,-71.4128,2024,8,19,4
2024-08-19 05:00:00,0.0,0.0,0.0,0.0,20.3,98,9.7,141,1005.9,100,100,12,17,0.0,0.0,41.824,-71.4128,2024,8,19,5
2024-08-19 06:00:00,0.0,0.0,0.0,0.0,20.6,98,10.0,142,1005.5,100,100,5,9,0.0,0.0,41.824,-71.4128,2024,8,19,6
2024-08-19 07:00:00,14.0,0.0,14.0,0.0,21.2,97,9.5,143,1005.6,100,100,21,57,0.0,0.0,41.824,-71.4128,2024,8,19,7
2024-08-19 08:00:00,50.0,2.0,48.0,7.3,22.2,93,12.1,157,1005.6,100,100,13,21,0.1,0.0,41.824,-71.4128,2024,8,19,8
2024-08-19 09:00:00,113.0,1.0,112.0,2.2,22.8,90,8.7,156,1005.4,100,45,9,100,0.9,0.0,41.824,-71.4128,2024,8,19,9
2024-08-19 10:00:00,375.0,124.0,251.0,202.6,23.3,90,13.0,166,1005.5,100,100,83,98,1.2,3600.0,41.824,-71.4128,2024,8,19,10
2024-08-19 11:00:00,325.0,44.0,281.0,59.5,22.9,93,11.0,203,1005.6,100,26,96,96,0.6,0.0,41.824,-71.4128,2024,8,19,11
2024-08-19 12:00:00,472.0,219.0,253.0,265.1,24.0,86,11.9,182,1004.8,100,100,11,45,0.7,3600.0,41.824,-71.4128,2024,8,19,12
2024-08-19 13:00:00,572.0,245.0,327.0,282.8,25.2,79,14.2,189,1003.9,64,54,15,9,0.1,3600.0,41.824,-71.4128,2024,8,19,13
2024-08-19 14:00:00,612.0,347.0,265.0,404.7,26.6,71,10.8,210,1003.3,81,80,0,2,0.1,3600.0,41.824,-71.4128,2024,8,19,14
2024-08-19 15:00:00,634.0,374.0,260.0,467.6,27.6,66,9.6,193,1002.7,23,19,7,2,0.1,3600.0,41.824,-71.4128,2024,8,19,15
2024-08-19 16:00:00,586.0,451.0,135.0,646.7,26.9,71,11.5,176,1001.9,21,17,8,0,0.1,3600.0,41.824,-71.4128,2024,8,19,16
2024-08-19 17:00:00,413.0,305.0,108.0,547.4,25.6,77,12.4,190,1002.1,64,18,22,52,1.8,3600.0,41.824,-71.4128,2024,8,19,17
2024-08-19 18:00:00,207.0,95.0,112.0,244.4,24.1,82,10.0,255,1002.5,46,5,5,40,0.1,3600.0,41.824,-71.4128,2024,8,19,18
2024-08-19 19:00:00,110.0,54.0,56.0,265.2,22.0,91,11.1,245,1003.1,86,78,8,32,0.0,3600.0,41.824,-71.4128,2024,8,19,19
2024-08-19 20:00:00,9.0,2.0,7.0,27.4,21.2,92,5.5,238,1003.6,40,24,9,19,1.8,0.0,41.824,-71.4128,2024,8,19,20
2024-08-19 21:00:00,0.0,0.0,0.0,0.0,20.1,97,7.8,202,1003.9,88,21,52,69,0.0,0.0,41.824,-71.4128,2024,8,19,21
2024-08-19 22:00:00,0.0,0.0,0.0,0.0,20.1,97,9.7,207,1003.8,78,1,5,77,0.1,0.0,41.824,-71.4128,2024,8,19,22
2024-08-19 23:00:00,0.0,0.0,0.0,0.0,19.8,98,7.8,236,1003.8,48,2,1,47,0.1,0.0,41.824,-71.4128,2024,8,19,23
2024-08-20 00:00:00,0.0,0.0,0.0,0.0,19.7,98,7.3,261,1003.7,21,5,1,16,0.0,0.0,41.824,-71.4128,2024,8,20,0
2024-08-20 01:00:00,0.0,0.0,0.0,0.0,19.6,97,11.6,296,1003.9,28,7,1,21,0.0,0.0,41.824,-71.4128,2024,8,20,1
2024-08-20 02:00:00,0.0,0.0,0.0,0.0,19.1,96,14.3,326,1004.1,93,9,1,92,0.0,0.0,41.824,-71.4128,2024,8,20,2
2024-08-20 03:00:00,0.0,0.0,0.0,0.0,17.7,95,14.6,327,1004.5,100,12,2,100,0.0,0.0,41.824,-71.4128,2024,8,20,3
2024-08-20 04:00:00,0.0,0.0,0.0,0.0,16.6,94,14.6,322,1005.1,100,15,9,100,0.0,0.0,41.824,-71.4128,2024,8,20,4
2024-08-20 05:00:00,0.0,0.0,0.0,0.0,15.8,92,15.2,324,1005.6,100,7,94,100,0.0,0.0,41.824,-71.4128,2024,8,20,5
2024-08-20 06:00:00,0.0,0.0,0.0,0.0,15.2,91,15.2,324,1006.1,100,2,100,100,0.0,0.0,41.824,-71.4128,2024,8,20,6
2024-08-20 07:00:00,15.0,0.0,15.0,0.0,15.1,89,14.1,320,1006.7,100,3,100,96,0.2,0.0,41.824,-71.4128,2024,8,20,7
2024-08-20 08:00:00,48.0,0.0,48.0,0.0,15.3,87,13.8,317,1007.5,88,3,87,21,0.1,0.0,41.824,-71.4128,2024,8,20,8
2024-08-20 09:00:00,182.0,48.0,134.0,106.6,16.4,87,16.6,318,1007.4,49,38,19,0,0.2,1398.85,41.824,-71.4128,2024,8,20,9
2024-08-20 10:00:00,470.0,275.0,195.0,451.2,17.9,76,18.1,319,1007.8,79,79,2,0,0.0,3600.0,41.824,-71.4128,2024,8,20,10
2024-08-20 11:00:00,539.0,281.0,258.0,381.4,19.1,71,16.8,313,1008.0,27,27,0,0,0.0,3600.0,41.824,-71.4128,2024,8,20,11
2024-08-20 12:00:00,745.0,535.0,210.0,649.6,21.0,63,15.1,308,1008.1,56,56,0,0,0.0,3600.0,41.824,-71.4128,2024,8,20,12
2024-08-20 13:00:00,741.0,476.0,265.0,551.1,21.8,60,15.4,307,1007.9,37,37,0,0,0.0,3600.0,41.824,-71.4128,2024,8,20,13
2024-08-20 14:00:00,766.0,538.0,228.0,629.6,22.3,58,15.4,307,1008.0,35,35,0,0,0.0,3600.0,41.824,-71.4128,2024,8,20,14
2024-08-20 15:00:00,639.0,412.0,227.0,517.2,22.1,57,15.3,309,1008.2,37,37,0,0,0.0,3600.0,41.824,-71.4128,2024,8,20,15
2024-08-20 16:00:00,508.0,309.0,199.0,445.3,21.5,59,16.1,310,1008.5,52,52,0,0,0.0,3600.0,41.824,-71.4128,2024,8,20,16
2024-08-20 17:00:00,345.0,120.0,225.0,216.8,20.7,59,14.0,314,1009.2,30,30,0,0,0.0,3600.0,41.824,-71.4128,2024,8,20,17
2024-08-20 18:00:00,219.0,104.0,115.0,270.4,20.1,62,12.2,326,1009.7,94,94,0,0,0.0,3600.0,41.824,-71.4128,2024,8,20,18
2024-08-20 19:00:00,98.0,33.0,65.0,165.7,19.1,68,8.8,325,1010.3,44,44,0,0,0.0,3169.73,41.824,-71.4128,2024,8,20,19
2024-08-20 20:00:00,13.0,5.0,8.0,70.7,17.3,76,7.1,319,1011.2,1,1,0,0,0.0,601.62,41.824,-71.4128,2024,8,20,20
2024-08-20 21:00:00,0.0,0.0,0.0,0.0,15.6,83,7.1,285,1012.1,0,0,0,0,0.0,0.0,41.824,-71.4128,2024,8,20,21
2024-08-20 22:00:00,0.0,0.0,0.0,0.0,14.8,87,8.6,272,1012.5,1,1,0,0,0.0,0.0,41.824,-71.4128,2024,8,20,22
2024-08-20 23:00:00,0.0,0.0,0.0,0.0,14.2,87,10.1,274,1012.4,1,1,0,0,0.0,0.0,41.824,-71.4128,2024,8,20,23
2024-08-21 00:00:00,0.0,0.0,0.0,0.0,13.8,85,10.1,276,1012.5,3,3,0,0,0.0,0.0,41.824,-71.4128,2024,8,21,0
2024-08-21 01:00:00,0.0,0.0,0.0,0.0,13.4,83,10.9,279,1012.6,1,1,0,0,0.0,0.0,41.824,-71.4128,2024,8,21,1
2024-08-21 02:00:00,0.0,0.0,0.0,0.0,13.2,83,10.9,279,1012.5,0,0,0,0,0.0,0.0,41.824,-71.4128,2024,8,21,2
2024-08-21 03:00:00,0.0,0.0,0.0,0.0,13.0,82,11.2,285,1012.5,0,0,0,0,0.0,0.0,41.824,-71.4128,2024,8,21,3
2024-08-21 04:00:00,0.0,0.0,0.0,0.0,12.6,84,9.6,283,1012.6,1,1,0,0,0.0,0.0,41.824,-71.4128,2024,8,21,4
2024-08-21 05:00:00,0.0,0.0,0.0,0.0,12.2,86,10.2,278,1012.7,0,0,0,0,0.0,0.0,41.824,-71.4128,2024,8,21,5
2024-08-21 06:00:00,0.0,0.0,0.0,0.0,11.9,88,10.6,280,1012.9,0,0,0,0,0.0,0.0,41.824,-71.4128,2024,8,21,6
2024-08-21 07:00:00,44.0,25.0,19.0,237.9,12.6,86,10.7,284,1013.5,0,0,0,0,0.0,3274.36,41.824,-71.4128,2024,8,21,7
2024-08-21 08:00:00,203.0,144.0,59.0,539.5,14.5,81,8.4,290,1013.8,0,0,0,0,0.0,3600.0,41.824,-71.4128,2024,8,21,8
2024-08-21 09:00:00,364.0,260.0,104.0,581.0,17.0,75,8.4,310,1013.6,18,18,0,0,0.0,3600.0,41.824,-71.4128,2024,8,21,9
2024-08-21 10:00:00,553.0,439.0,114.0,723.4,18.6,68,7.7,307,1013.8,28,4,25,0,0.0,3600.0,41.824,-71.4128,2024,8,21,10
2024-08-21 11:00:00,600.0,473.0,127.0,644.2,19.5,60,8.7,287,1013.9,26,13,17,0,0.1,3600.0,41.824,-71.4128,2024,8,21,11
2024-08-21 12:00:00,701.0,539.0,162.0,656.6,20.4,55,9.1,277,1013.8,20,11,15,0,0.0,3600.0,41.824,-71.4128,2024,8,21,12
2024-08-21 13:00:00,754.0,611.0,143.0,709.8,21.2,51,9.1,263,1013.5,21,10,19,0,0.0,3600.0,41.824,-71.4128,2024,8,21,13
2024-08-21 14:00:00,785.0,645.0,140.0,757.5,22.0,47,9.8,262,1013.2,37,16,34,0,0.1,3600.0,41.824,-71.4128,2024,8,21,14
2024-08-21 15:00:00,678.0,535.0,143.0,674.4,22.0,46,10.2,262,1012.8,40,18,36,0,0.1,3600.0,41.824,-71.4128,2024,8,21,15
2024-08-21 16:00:00,576.0,438.0,138.0,634.5,21.9,47,10.7,256,1012.7,33,9,28,0,0.1,3600.0,41.824,-71.4128,2024,8,21,16
2024-08-21 17:00:00,426.0,326.0,100.0,593.3,21.1,50,11.2,264,1013.0,31,13,22,0,0.2,3600.0,41.824,-71.4128,2024,8,21,17
2024-08-21 18:00:00,275.0,189.0,86.0,496.8,19.2,63,13.9,287,1014.1,44,13,40,3,0.3,3600.0,41.824,-71.4128,2024,8,21,18
2024-08-21 19:00:00,98.0,48.0,50.0,246.5,17.6,71,9.4,302,1014.2,2,0,2,0,0.0,3600.0,41.824,-71.4128,2024,8,21,19
2024-08-21 20:00:00,12.0,5.0,7.0,73.0,15.4,82,5.8,277,1014.7,0,0,0,0,0.0,644.16,41.824,-71.4128,2024,8,21,20
2024-08-21 21:00:00,0.0,0.0,0.0,0.0,15.9,83,9.8,253,1015.4,2,0,2,0,0.0,0.0,41.824,-71.4128,2024,8,21,21
2024-08-21 22:00:00,0.0,0.0,0.0,0.0,15.5,88,11.4,259,1015.7,0,0,0,0,0.0,0.0,41.824,-71.4128,2024,8,21,22
2024-08-21 23:00:00,0.0,0.0,0.0,0.0,15.0,89,11.9,284,1015.5,0,0,0,0,0.0,0.0,41.824,-71.4128,2024,8,21,23
2024-08-22 00:00:00,0.0,0.0,0.0,0.0,14.4,90,10.1,274,1015.8,0,0,0,0,0.0,0.0,41.824,-71.4128,2024,8,22,0
2024-08-22 01:00:00,0.0,0.0,0.0,0.0,13.8,91,10.9,276,1016.3,3,0,0,3,0.0,0.0,41.824,-71.4128,2024,8,22,1
2024-08-22 02:00:00,0.0,0.0,0.0,0.0,13.2,92,10.3,282,1016.4,0,0,0,0,0.0,0.0,41.824,-71.4128,2024,8,22,2
2024-08-22 03:00:00,0.0,0.0,0.0,0.0,12.9,92,11.1,283,1016.6,0,0,0,0,0.0,0.0,41.824,-71.4128,2024,8,22,3
2024-08-22 04:00:00,0.0,0.0,0.0,0.0,12.5,92,10.4,284,1016.7,0,0,0,0,0.0,0.0,41.824,-71.4128,2024,8,22,4
2024-08-22 05:00:00,0.0,0.0,0.0,0.0,12.2,93,9.5,279,1016.8,0,0,0,0,0.0,0.0,41.824,-71.4128,2024,8,22,5
2024-08-22 06:00:00,0.0,0.0,0.0,0.0,12.0,92,11.2,274,1017.3,0,0,0,0,0.0,0.0,41.824,-71.4128,2024,8,22,6
2024-08-22 07:00:00,41.0,22.0,19.0,212.3,12.8,89,11.7,281,1017.7,0,0,0,0,0.0,3213.16,41.824,-71.4128,2024,8,22,7
2024-08-22 08:00:00,197.0,137.0,60.0,518.8,14.6,83,10.6,280,1018.0,0,0,0,0,0.0,3600.0,41.824,-71.4128,2024,8,22,8
2024-08-22 09:00:00,384.0,304.0,80.0,683.5,16.6,75,10.1,287,1018.2,0,0,0,0,0.0,3600.0,41.824,-71.4128,2024,8,22,9
2024-08-22 10:00:00,561.0,467.0,94.0,772.9,18.2,66,10.1,297,1018.4,23,23,0,0,0.0,3600.0,41.824,-71.4128,2024,8,22,10
2024-08-22 11:00:00,639.0,490.0,149.0,669.8,19.5,60,11.3,297,1018.5,100,100,0,0,0.0,3600.0,41.824,-71.4128,2024,8,22,11
2024-08-22 12:00:00,493.0,134.0,359.0,163.8,20.0,58,12.7,295,1018.5,96,96,0,0,0.0,3113.65,41.824,-71.4128,2024,8,22,12
2024-08-22 13:00:00,504.0,128.0,376.0,149.2,20.6,55,12.9,297,1018.6,100,100,13,0,0.0,2675.77,41.824,-71.4128,2024,8,22,13
2024-08-22 14:00:00,582.0,243.0,339.0,286.4,21.3,53,13.9,291,1018.4,91,90,57,0,0.0,3600.0,41.824,-71.4128,2024,8,22,14
2024-08-22 15:00:00,484.0,180.0,304.0,227.9,21.8,51,14.6,286,1018.0,59,40,31,0,0.0,3600.0,41.824,-71.4128,2024,8,22,15
2024-08-22 16:00:00,487.0,268.0,219.0,390.3,22.5,48,13.8,285,1017.9,17,11,16,0,0.0,3600.0,41.824,-71.4128,2024,8,22,16
2024-08-22 17:00:00,407.0,246.0,161.0,451.0,22.3,47,14.8,293,1017.9,4,1,3,0,0.0,3600.0,41.824,-71.4128,2024,8,22,17
2024-08-22 18:00:00,288.0,200.0,88.0,531.7,21.3,56,11.1,295,1017.8,2,1,2,0,0.0,3600.0,41.824,-71.4128,2024,8,22,18
2024-08-22 19:00:00,129.0,83.0,46.0,436.5,19.6,66,8.6,272,1018.0,1,0,1,0,0.0,3600.0,41.824,-71.4128,2024,8,22,19
2024-08-22 20:00:00,11.0,4.0,7.0,60.5,17.7,73,8.0,252,1018.8,0,0,0,0,0.0,370.42,41.824,-71.4128,2024,8,22,20
2024-08-22 21:00:00,0.0,0.0,0.0,0.0,17.1,81,9.0,268,1019.7,8,0,8,0,0.0,0.0,41.824,-71.4128,2024,8,22,21
2024-08-22 22:00:00,0.0,0.0,0.0,0.0,16.6,83,8.7,275,1020.2,1,0,1,0,0.0,0.0,41.824,-71.4128,2024,8,22,22
2024-08-22 23:00:00,0.0,0.0,0.0,0.0,16.2,83,10.1,266,1020.3,0,0,0,0,0.0,0.0,41.824,-71.4128,2024,8,22,23
2024-08-23 00:00:00,0.0,0.0,0.0,0.0,16.1,82,11.2,270,1020.7,0,0,0,0,0.0,0.0,41.824,-71.4128,2024,8,23,0
2024-08-23 01:00:00,0.0,0.0,0.0,0.0,15.8,82,11.5,274,1021.0,0,0,0,0,0.0,0.0,41.824,-71.4128,2024,8,23,1
2024-08-23 02:00:00,0.0,0.0,0.0,0.0,15.5,82,12.0,277,1021.1,0,0,0,0,0.0,0.0,41.824,-71.4128,2024,8,23,2
2024-08-23 03:00:00,0.0,0.0,0.0,0.0,15.1,82,11.5,284,1021.3,0,0,0,0,0.0,0.0,41.824,-71.4128,2024,8,23,3
2024-08-23 04:00:00,0.0,0.0,0.0,0.0,14.7,83,10.7,290,1021.6,0,0,0,0,0.0,0.0,41.824,-71.4128,2024,8,23,4
2024-08-23 05:00:00,0.0,0.0,0.0,0.0,14.4,84,10.2,288,1021.7,0,0,0,0,0.0,0.0,41.824,-71.4128,2024,8,23,5
2024-08-23 06:00:00,0.0,0.0,0.0,0.0,14.1,85,9.8,287,1022.0,0,0,0,0,0.0,0.0,41.824,-71.4128,2024,8,23,6
2024-08-23 07:00:00,40.0,22.0,18.0,215.3,14.9,83,10.7,284,1022.4,0,0,0,0,0.0,3151.88,41.824,-71.4128,2024,8,23,7
2024-08-23 08:00:00,196.0,140.0,56.0,536.1,17.3,78,9.8,278,1023.0,0,0,0,0,0.0,3600.0,41.824,-71.4128,2024,8,23,8
2024-08-23 09:00:00,383.0,305.0,78.0,690.0,20.2,70,8.0,278,1023.6,0,0,0,0,0.0,3600.0,41.824,-71.4128,2024,8,23,9
2024-08-23 10:00:00,560.0,469.0,91.0,779.7,22.2,61,8.0,275,1023.8,0,0,0,0,0.0,3600.0,41.824,-71.4128,2024,8,23,10
2024-08-23 11:00:00,705.0,607.0,98.0,832.8,23.9,54,8.4,277,1023.5,37,0,37,0,0.0,3600.0,41.824,-71.4128,2024,8,23,11
2024-08-23 12:00:00,670.0,464.0,206.0,569.1,24.6,46,10.2,288,1023.2,5,0,5,0,0.0,3600.0,41.824,-71.4128,2024,8,23,12
2024-08-23 13:00:00,792.0,652.0,140.0,762.6,25.6,43,11.0,293,1022.8,16,0,16,0,0.0,3600.0,41.824,-71.4128,2024,8,23,13
2024-08-23 14:00:00,721.0,543.0,178.0,642.5,25.8,40,10.2,288,1022.5,26,1,26,0,0.0,3600.0,41.824,-71.4128,2024,8,23,14
2024-08-23 15:00:00,594.0,352.0,242.0,447.6,25.8,37,9.9,289,1021.8,100,0,100,0,0.0,3600.0,41.824,-71.4128,2024,8,23,15
2024-08-23 16:00:00,466.0,211.0,255.0,309.0,25.4,41,11.1,299,1021.7,5,0,5,0,0.0,3600.0,41.824,-71.4128,2024,8,23,16
2024-08-23 17:00:00,460.0,358.0,102.0,661.3,24.9,43,12.1,307,1021.5,2,0,2,0,0.0,3600.0,41.824,-71.4128,2024,8,23,17
2024-08-23 18:00:00,263.0,165.0,98.0,443.8,23.3,55,9.4,313,1021.4,1,0,1,0,0.0,3600.0,41.824,-71.4128,2024,8,23,18
2024-08-23 19:00:00,118.0,72.0,46.0,388.2,21.6,64,6.6,315,1021.5,0,0,0,0,0.0,3600.0,41.824,-71.4128,2024,8,23,19
2024-08-23 20:00:00,10.0,4.0,6.0,62.7,19.3,75,5.8,248,1022.0,1,0,1,0,0.0,414.97,41.824,-71.4128,2024,8,23,20
2024-08-23 21:00:00,0.0,0.0,0.0,0.0,18.6,73,8.8,235,1022.9,0,0,0,0,0.0,0.0,41.824,-71.4128,2024,8,23,21
2024-08-23 22:00:00,0.0,0.0,0.0,0.0,17.5,79,9.2,249,1022.8,0,0,0,0,0.0,0.0,41.824,-71.4128,2024,8,23,22
2024-08-23 23:00:00,0.0,0.0,0.0,0.0,16.9,81,9.7,268,1022.9,12,0,0,12,0.0,0.0,41.824,-71.4128,2024,8,23,23
2024-08-24 00:00:00,0.0,0.0,0.0,0.0,16.8,82,9.4,277,1023.0,71,0,0,71,0.0,0.0,41.824,-71.4128,2024,8,24,0
2024-08-24 01:00:00,0.0,0.0,0.0,0.0,16.9,79,9.2,281,1023.0,100,0,0,100,0.0,0.0,41.824,-71.4128,2024,8,24,1
2024-08-24 02:00:00,0.0,0.0,0.0,0.0,16.9,77,8.7,275,1022.9,93,3,7,93,0.0,0.0,41.824,-71.4128,2024,8,24,2
2024-08-24 03:00:00,0.0,0.0,0.0,0.0,16.6,77,9.0,270,1022.8,56,7,10,50,0.0,0.0,41.824,-71.4128,2024,8,24,3
2024-08-24 04:00:00,0.0,0.0,0.0,0.0,16.7,75,9.1,277,1022.4,100,2,4,100,0.0,0.0,41.824,-71.4128,2024,8,24,4
2024-08-24 05:00:00,0.0,0.0,0.0,0.0,16.4,76,9.5,281,1022.4,100,2,3,100,0.0,0.0,41.824,-71.4128,2024,8,24,5
2024-08-24 06:00:00,0.0,0.0,0.0,0.0,16.3,77,9.2,291,1022.5,58,0,1,58,0.0,0.0,41.824,-71.4128,2024,8,24,6
2024-08-24 07:00:00,33.0,10.0,23.0,99.3,16.7,79,9.2,296,1022.5,41,0,0,41,0.0,1607.59,41.824,-71.4128,2024,8,24,7
2024-08-24 08:00:00,176.0,100.0,76.0,387.2,18.9,79,7.9,300,1022.7,56,0,0,56,0.0,3600.0,41.824,-71.4128,2024,8,24,8
2024-08-24 09:00:00,307.0,149.0,158.0,339.2,21.1,75,5.4,318,1023.4,27,0,0,27,0.0,3600.0,41.824,-71.4128,2024,8,24,9
2024-08-24 10:00:00,526.0,406.0,120.0,678.0,23.6,64,5.5,328,1023.3,37,0,0,37,0.0,3600.0,41.824,-71.4128,2024,8,24,10
2024-08-24 11:00:00,694.0,583.0,111.0,802.9,25.4,49,7.2,307,1023.1,50,0,0,50,0.0,3600.0,41.824,-71.4128,2024,8,24,11
2024-08-24 12:00:00,802.0,695.0,107.0,855.4,26.2,44,8.4,290,1022.7,83,0,0,83,0.0,3600.0,41.824,-71.4128,2024,8,24,12
2024-08-24 13:00:00,844.0,726.0,118.0,852.1,26.8,42,8.9,291,1022.1,12,0,0,11,0.0,3600.0,41.824,-71.4128,2024,8,24,13
2024-08-24 14:00:00,839.0,731.0,108.0,868.3,27.1,40,9.8,298,1021.9,2,1,0,1,0.0,3600.0,41.824,-71.4128,2024,8,24,14
2024-08-24 15:00:00,765.0,659.0,106.0,841.8,27.3,38,11.1,306,1021.4,1,1,1,0,0.0,3600.0,41.824,-71.4128,2024,8,24,15
2024-08-24 16:00:00,644.0,544.0,100.0,801.2,27.0,39,8.8,305,1020.8,2,1,1,0,0.0,3600.0,41.824,-71.4128,2024,8,24,16
2024-08-24 17:00:00,491.0,408.0,83.0,759.5,26.5,41,7.1,294,1020.6,4,4,0,0,0.0,3600.0,41.824,-71.4128,2024,8,24,17
2024-08-24 18:00:00,306.0,238.0,68.0,648.0,25.4,51,6.9,276,1020.4,0,0,0,0,0.0,3600.0,41.824,-71.4128,2024,8,24,18
2024-08-24 19:00:00,122.0,79.0,43.0,437.1,23.0,66,5.1,274,1020.3,30,0,1,29,0.0,3600.0,41.824,-71.4128,2024,8,24,19
2024-08-24 20:00:00,8.0,3.0,5.0,48.8,20.6,75,6.1,267,1020.6,19,0,1,19,0.0,144.23,41.824,-71.4128,2024,8,24,20
2024-08-24 21:00:00,0.0,0.0,0.0,0.0,19.9,69,8.1,283,1021.4,0,0,0,0,0.0,0.0,41.824,-71.4128,2024,8,24,21
2024-08-24 22:00:00,0.0,0.0,0.0,0.0,18.8,75,7.6,262,1021.6,0,0,0,0,0.0,0.0,41.824,-71.4128,2024,8,24,22
2024-08-24 23:00:00,0.0,0.0,0.0,0.0,18.1,78,9.5,245,1021.6,0,0,0,0,0.0,0.0,41.824,-71.4128,2024,8,24,23
2024-08-25 00:00:00,0.0,0.0,0.0,0.0,18.0,81,8.7,253,1021.6,0,0,0,0,0.0,0.0,41.824,-71.4128,2024,8,25,0
2024-08-25 01:00:00,0.0,0.0,0.0,0.0,17.6,84,7.8,257,1021.4,4,4,2,0,0.0,0.0,41.824,-71.4128,2024,8,25,1
2024-08-25 02:00:00,0.0,0.0,0.0,0.0,17.3,87,8.3,268,1021.4,9,8,7,0,0.0,0.0,41.824,-71.4128,2024,8,25,2
2024-08-25 03:00:00,0.0,0.0,0.0,0.0,17.2,86,9.0,270,1021.5,12,11,11,0,0.0,0.0,41.824,-71.4128,2024,8,25,3
2024-08-25 04:00:00,0.0,0.0,0.0,0.0,17.2,83,9.1,277,1021.2,14,13,12,0,0.0,0.0,41.824,-71.4128,2024,8,25,4
2024-08-25 05:00:00,0.0,0.0,0.0,0.0,17.0,82,8.4,277,1021.2,12,12,0,0,0.0,0.0,41.824,-71.4128,2024,8,25,5
2024-08-25 06:00:00,0.0,0.0,0.0,0.0,16.8,83,8.5,282,1021.4,34,7,0,29,0.0,0.0,41.824,-71.4128,2024,8,25,6
2024-08-25 07:00:00,36.0,19.0,17.0,191.4,17.2,83,8.4,295,1021.7,70,0,0,70,0.0,3029.14,41.824,-71.4128,2024,8,25,7
2024-08-25 08:00:00,187.0,129.0,58.0,505.2,19.4,80,6.6,299,1022.0,13,0,0,13,0.0,3600.0,41.824,-71.4128,2024,8,25,8
2024-08-25 09:00:00,369.0,287.0,82.0,657.6,22.7,74,4.1,315,1022.5,98,0,0,98,0.0,3600.0,41.824,-71.4128,2024,8,25,9
2024-08-25 10:00:00,545.0,445.0,100.0,746.5,25.2,61,3.0,346,1022.6,100,0,0,100,0.0,3600.0,41.824,-71.4128,2024,8,25,10
2024-08-25 11:00:00,625.0,414.0,211.0,572.3,26.4,53,2.1,329,1022.4,100,0,0,100,0.0,3600.0,41.824,-71.4128,2024,8,25,11
2024-08-25 12:00:00,628.0,302.0,326.0,373.0,27.1,48,5.2,286,1022.2,100,15,20,100,0.0,3600.0,41.824,-71.4128,2024,8,25,12
2024-08-25 13:00:00,628.0,273.0,355.0,321.6,27.4,47,5.4,290,1021.8,100,1,20,100,0.0,3600.0,41.824,-71.4128,2024,8,25,13
2024-08-25 14:00:00,707.0,438.0,269.0,522.3,28.0,44,6.5,270,1021.3,100,0,61,99,0.0,3600.0,41.824,-71.4128,2024,8,25,14
2024-08-25 15:00:00,514.0,176.0,338.0,225.9,25.9,53,11.3,261,1021.3,100,0,39,100,0.2,3600.0,41.824,-71.4128,2024,8,25,15
2024-08-25 16:00:00,351.0,88.0,263.0,130.4,26.1,51,7.2,243,1020.5,92,0,9,91,0.0,2111.08,41.824,-71.4128,2024,8,25,16
2024-08-25 17:00:00,405.0,264.0,141.0,495.4,26.5,50,6.1,225,1020.0,22,0,9,14,0.0,3600.0,41.824,-71.4128,2024,8,25,17
2024-08-25 18:00:00,278.0,199.0,79.0,548.7,25.5,55,6.7,216,1019.8,11,0,7,4,0.0,3600.0,41.824,-71.4128,2024,8,25,18
2024-08-25 19:00:00,111.0,69.0,42.0,392.3,23.3,66,5.0,210,1020.1,45,0,4,42,0.0,3600.0,41.824,-71.4128,2024,8,25,19
2024-08-25 20:00:00,7.0,2.0,5.0,33.9,21.4,74,5.5,203,1020.3,35,0,8,30,0.0,0.0,41.824,-71.4128,2024,8,25,20
2024-08-25 21:00:00,0.0,0.0,0.0,0.0,21.6,77,9.7,222,1020.8,42,0,5,40,0.0,0.0,41.824,-71.4128,2024,8,25,21
2024-08-25 22:00:00,0.0,0.0,0.0,0.0,21.2,76,12.1,247,1021.0,17,0,2,15,0.0,0.0,41.824,-71.4128,2024,8,25,22
2024-08-25 23:00:00,0.0,0.0,0.0,0.0,20.5,80,10.8,274,1021.1,4,0,4,0,0.0,0.0,41.824,-71.4128,2024,8,25,23
2024-08-26 00:00:00,0.0,0.0,0.0,0.0,19.8,84,10.5,278,1021.1,17,1,10,8,0.0,0.0,41.824,-71.4128,2024,8,26,0
2024-08-26 01:00:00,0.0,0.0,0.0,0.0,19.3,87,8.4,295,1020.8,16,0,16,0,0.0,0.0,41.824,-71.4128,2024,8,26,1
2024-08-26 02:00:00,0.0,0.0,0.0,0.0,18.6,90,7.3,279,1020.7,14,10,13,0,0.0,0.0,41.824,-71.4128,2024,8,26,2
2024-08-26 03:00:00,0.0,0.0,0.0,0.0,17.9,94,5.9,322,1020.4,37,7,36,0,0.0,0.0,41.824,-71.4128,2024,8,26,3
2024-08-26 04:00:00,0.0,0.0,0.0,0.0,17.8,93,3.2,117,1020.2,28,16,19,0,0.1,0.0,41.824,-71.4128,2024,8,26,4
2024-08-26 05:00:00,0.0,0.0,0.0,0.0,17.5,94,3.2,243,1019.9,28,11,21,0,0.1,0.0,41.824,-71.4128,2024,8,26,5
2024-08-26 06:00:00,0.0,0.0,0.0,0.0,17.2,96,5.8,240,1020.1,32,15,20,0,0.1,0.0,41.824,-71.4128,2024,8,26,6
2024-08-26 07:00:00,31.0,14.0,17.0,143.1,17.9,94,6.7,306,1020.1,2,0,2,0,0.0,2916.25,41.824,-71.4128,2024,8,26,7
2024-08-26 08:00:00,173.0,114.0,59.0,451.7,19.8,88,3.0,166,1020.2,0,0,0,0,0.0,3600.0,41.824,-71.4128,2024,8,26,8
2024-08-26 09:00:00,237.0,135.0,102.0,311.3,19.9,84,3.9,292,1020.3,52,1,16,43,1.1,3600.0,41.824,-71.4128,2024,8,26,9
2024-08-26 10:00:00,402.0,244.0,158.0,411.3,22.3,80,8.1,283,1019.7,32,0,9,25,0.0,3600.0,41.824,-71.4128,2024,8,26,10
2024-08-26 11:00:00,666.0,547.0,119.0,759.1,24.8,72,2.9,173,1019.4,40,0,13,30,0.0,3600.0,41.824,-71.4128,2024,8,26,11
2024-08-26 12:00:00,701.0,522.0,179.0,647.1,23.9,69,5.2,12,1019.5,99,34,17,98,1.3,3600.0,41.824,-71.4128,2024,8,26,12
2024-08-26 13:00:00,446.0,177.0,269.0,209.3,23.8,68,5.8,356,1018.8,77,0,20,71,0.0,3600.0,41.824,-71.4128,2024,8,26,13
2024-08-26 14:00:00,501.0,252.0,249.0,301.7,22.6,76,3.9,112,1019.4,98,44,6,96,0.1,3600.0,41.824,-71.4128,2024,8,26,14
2024-08-26 15:00:00,234.0,14.0,220.0,18.1,20.8,85,6.9,43,1019.2,99,1,3,99,1.7,0.0,41.824,-71.4128,2024,8,26,15
2024-08-26 16:00:00,341.0,91.0,250.0,135.6,21.1,85,2.2,279,1018.6,93,0,3,93,0.0,2268.64,41.824,-71.4128,2024,8,26,16
2024-08-26 17:00:00,406.0,246.0,160.0,465.4,22.5,80,1.0,315,1017.7,70,0,2,70,0.0,3600.0,41.824,-71.4128,2024,8,26,17
2024-08-26 18:00:00,272.0,179.0,93.0,499.9,22.3,81,1.8,37,1017.5,10,9,2,0,0.0,3600.0,41.824,-71.4128,2024,8,26,18
2024-08-26 19:00:00,97.0,48.0,49.0,280.7,21.2,91,1.4,90,1017.7,12,10,1,2,0.0,3600.0,41.824,-71.4128,2024,8,26,19
2024-08-26 20:00:00,6.0,2.0,4.0,35.4,19.8,94,2.5,135,1018.2,14,7,1,6,0.0,0.0,41.824,-71.4128,2024,8,26,20
2024-08-26 21:00:00,0.0,0.0,0.0,0.0,18.0,96,7.2,297,1018.7,23,0,3,21,0.0,0.0,41.824,-71.4128,2024,8,26,21
2024-08-26 22:00:00,0.0,0.0,0.0,0.0,17.7,97,4.8,312,1018.8,1,0,0,1,0.0,0.0,41.824,-71.4128,2024,8,26,22
2024-08-26 23:00:00,0.0,0.0,0.0,0.0,16.7,98,6.2,324,1018.6,0,0,0,0,0.0,0.0,41.824,-71.4128,2024,8,26,23
2024-08-27 00:00:00,0.0,0.0,0.0,0.0,16.2,99,6.9,309,1018.4,0,0,0,0,0.0,0.0,41.824,-71.4128,2024,8,27,0
2024-08-27 01:00:00,0.0,0.0,0.0,0.0,16.6,97,3.8,253,1018.2,0,0,0,0,0.0,0.0,41.824,-71.4128,2024,8,27,1
2024-08-27 02:00:00,0.0,0.0,0.0,0.0,16.3,97,4.8,243,1018.0,0,0,0,0,0.0,0.0,41.824,-71.4128,2024,8,27,2
2024-08-27 03:00:00,0.0,0.0,0.0,0.0,16.3,97,7.2,288,1017.8,0,0,0,0,0.0,0.0,41.824,-71.4128,2024,8,27,3
2024-08-27 04:00:00,0.0,0.0,0.0,0.0,16.1,97,5.8,300,1017.8,0,0,0,0,0.0,0.0,41.824,-71.4128,2024,8,27,4
2024-08-27 05:00:00,0.0,0.0,0.0,0.0,15.1,98,7.5,305,1017.8,0,0,0,0,0.0,0.0,41.824,-71.4128,2024,8,27,5
2024-08-27 06:00:00,0.0,0.0,0.0,0.0,15.0,98,6.9,309,1017.9,0,0,0,0,0.0,0.0,41.824,-71.4128,2024,8,27,6
2024-08-27 07:00:00,32.0,16.0,16.0,166.1,16.7,96,4.1,315,1018.2,0,0,0,0,0.0,2906.24,41.824,-71.4128,2024,8,27,7
2024-08-27 08:00:00,178.0,119.0,59.0,477.2,18.5,94,4.1,322,1018.6,0,0,0,0,0.0,3600.0,41.824,-71.4128,2024,8,27,8
2024-08-27 09:00:00,359.0,275.0,84.0,638.4,20.7,89,4.5,331,1018.5,4,4,0,0,0.0,3600.0,41.824,-71.4128,2024,8,27,9
2024-08-27 10:00:00,535.0,440.0,95.0,745.1,22.6,79,4.1,345,1018.6,0,0,0,0,0.0,3600.0,41.824,-71.4128,2024,8,27,10
2024-08-27 11:00:00,681.0,582.0,99.0,810.9,24.5,69,4.0,333,1018.5,0,0,0,0,0.0,3600.0,41.824,-71.4128,2024,8,27,11
2024-08-27 12:00:00,769.0,664.0,105.0,826.2,26.0,59,4.1,308,1017.9,14,5,10,0,0.0,3600.0,41.824,-71.4128,2024,8,27,12
2024-08-27 13:00:00,778.0,652.0,126.0,773.8,27.0,53,5.4,307,1017.3,18,0,18,0,0.0,3600.0,41.824,-71.4128,2024,8,27,13
2024-08-27 14:00:00,754.0,632.0,122.0,759.9,27.7,50,3.6,307,1016.5,28,0,9,21,0.0,3600.0,41.824,-71.4128,2024,8,27,14
2024-08-27 15:00:00,715.0,607.0,108.0,786.5,28.4,47,2.6,286,1015.9,34,1,25,11,0.0,3600.0,41.824,-71.4128,2024,8,27,15
2024-08-27 16:00:00,588.0,464.0,124.0,695.8,28.1,46,5.2,192,1015.6,49,42,34,3,0.0,3600.0,41.824,-71.4128,2024,8,27,16
2024-08-27 17:00:00,387.0,286.0,101.0,545.6,25.6,66,12.9,150,1015.4,27,4,20,6,0.0,3600.0,41.824,-71.4128,2024,8,27,17
2024-08-27 18:00:00,234.0,153.0,81.0,433.0,23.9,74,13.0,138,1015.4,46,4,1,44,0.0,3600.0,41.824,-71.4128,2024,8,27,18
2024-08-27 19:00:00,108.0,67.0,41.0,403.5,22.9,79,11.7,169,1015.3,15,0,0,14,0.0,3600.0,41.824,-71.4128,2024,8,27,19
2024-08-27 20:00:00,6.0,2.0,4.0,37.0,21.5,81,11.6,202,1015.6,32,0,0,32,0.0,0.0,41.824,-71.4128,2024,8,27,20
2024-08-27 21:00:00,0.0,0.0,0.0,0.0,20.7,85,10.4,224,1015.8,40,0,0,40,0.0,0.0,41.824,-71.4128,2024,8,27,21
2024-08-27 22:00:00,0.0,0.0,0.0,0.0,20.1,88,11.8,232,1015.7,100,0,0,100,0.0,0.0,41.824,-71.4128,2024,8,27,22
2024-08-27 23:00:00,0.0,0.0,0.0,0.0,20.0,89,12.1,240,1015.5,90,0,0,90,0.0,0.0,41.824,-71.4128,2024,8,27,23
2024-08-28 00:00:00,0.0,0.0,0.0,0.0,19.8,88,12.3,232,1015.0,99,0,0,99,0.0,0.0,41.824,-71.4128,2024,8,28,0
2024-08-28 01:00:00,0.0,0.0,0.0,0.0,19.6,87,12.6,233,1014.4,64,0,0,64,0.0,0.0,41.824,-71.4128,2024,8,28,1
2024-08-28 02:00:00,0.0,0.0,0.0,0.0,19.6,85,13.3,229,1013.7,4,0,0,4,0.0,0.0,41.824,-71.4128,2024,8,28,2
2024-08-28 03:00:00,0.0,0.0,0.0,0.0,19.6,84,13.8,227,1012.9,31,0,0,31,0.0,0.0,41.824,-71.4128,2024,8,28,3
2024-08-28 04:00:00,0.0,0.0,0.0,0.0,19.6,86,13.5,224,1012.5,15,0,0,15,0.0,0.0,41.824,-71.4128,2024,8,28,4
2024-08-28 05:00:00,0.0,0.0,0.0,0.0,19.8,89,14.8,225,1012.3,11,0,0,11,0.0,0.0,41.824,-71.4128,2024,8,28,5
2024-08-28 06:00:00,0.0,0.0,0.0,0.0,20.2,90,14.8,231,1012.3,13,3,3,10,0.0,0.0,41.824,-71.4128,2024,8,28,6
2024-08-28 07:00:00,30.0,14.0,16.0,147.6,21.2,86,15.1,232,1012.2,94,2,7,94,0.0,2844.75,41.824,-71.4128,2024,8,28,7
2024-08-28 08:00:00,162.0,96.0,66.0,389.6,23.0,81,11.2,225,1011.9,98,1,1,98,0.0,3600.0,41.824,-71.4128,2024,8,28,8
2024-08-28 09:00:00,324.0,220.0,104.0,514.2,24.8,79,15.8,240,1011.6,92,0,4,91,0.0,3600.0,41.824,-71.4128,2024,8,28,9
2024-08-28 10:00:00,510.0,402.0,108.0,684.1,26.7,72,15.8,246,1011.7,96,0,8,96,0.0,3600.0,41.824,-71.4128,2024,8,28,10
2024-08-28 11:00:00,612.0,443.0,169.0,619.8,28.5,65,14.8,257,1011.7,97,0,1,97,0.0,3600.0,41.824,-71.4128,2024,8,28,11
2024-08-28 12:00:00,706.0,510.0,196.0,637.0,30.0,60,16.2,274,1011.1,71,36,3,54,0.0,3600.0,41.824,-71.4128,2024,8,28,12
2024-08-28 13:00:00,704.0,508.0,196.0,605.3,30.9,56,18.7,286,1010.5,50,29,8,29,0.0,3600.0,41.824,-71.4128,2024,8,28,13
2024-08-28 14:00:00,685.0,482.0,203.0,582.0,31.2,56,16.9,281,1010.1,12,7,6,3,0.0,3600.0,41.824,-71.4128,2024,8,28,14
2024-08-28 15:00:00,696.0,592.0,104.0,770.9,31.4,55,17.4,300,1010.0,28,6,12,14,0.0,3600.0,41.824,-71.4128,2024,8,28,15
2024-08-28 16:00:00,572.0,466.0,106.0,703.2,30.4,58,15.8,313,1010.0,26,4,18,7,0.0,3600.0,41.824,-71.4128,2024,8,28,16
2024-08-28 17:00:00,365.0,245.0,120.0,471.4,29.4,62,12.1,333,1010.5,25,16,9,6,0.1,3600.0,41.824,-71.4128,2024,8,28,17
2024-08-28 18:00:00,242.0,166.0,76.0,476.2,28.6,66,9.0,344,1011.1,14,11,6,0,0.0,3600.0,41.824,-71.4128,2024,8,28,18
2024-08-28 19:00:00,92.0,52.0,40.0,323.0,26.8,75,7.6,341,1011.7,14,12,8,0,0.0,3600.0,41.824,-71.4128,2024,8,28,19
2024-08-28 20:00:00,4.0,1.0,3.0,19.1,24.9,78,10.5,8,1013.2,21,18,3,2,0.0,0.0,41.824,-71.4128,2024,8,28,20
2024-08-28 21:00:00,0.0,0.0,0.0,0.0,24.3,79,10.8,4,1014.2,49,17,2,37,0.0,0.0,41.824,-71.4128,2024,8,28,21
2024-08-28 22:00:00,0.0,0.0,0.0,0.0,23.3,75,11.8,20,1015.4,22,15,9,0,0.0,0.0,41.824,-71.4128,2024,8,28,22
2024-08-28 23:00:00,0.0,0.0,0.0,0.0,22.4,78,10.9,34,1016.4,16,11,4,1,0.0,0.0,41.824,-71.4128,2024,8,28,23
2024-08-29 00:00:00,0.0,0.0,0.0,0.0,21.1,77,11.9,35,1017.1,4,2,1,1,0.0,0.0,41.824,-71.4128,2024,8,29,0
2024-08-29 01:00:00,0.0,0.0,0.0,0.0,19.7,78,11.8,38,1017.8,53,0,13,51,0.0,0.0,41.824,-71.4128,2024,8,29,1
2024-08-29 02:00:00,0.0,0.0,0.0,0.0,18.6,76,12.5,33,1018.5,19,1,19,0,0.0,0.0,41.824,-71.4128,2024,8,29,2
2024-08-29 03:00:00,0.0,0.0,0.0,0.0,17.8,72,11.8,23,1018.8,90,90,10,0,0.0,0.0,41.824,-71.4128,2024,8,29,3
2024-08-29 04:00:00,0.0,0.0,0.0,0.0,17.6,70,10.8,21,1019.4,71,55,35,24,0.0,0.0,41.824,-71.4128,2024,8,29,4
2024-08-29 05:00:00,0.0,0.0,0.0,0.0,17.0,71,11.0,19,1019.9,100,0,100,28,0.0,0.0,41.824,-71.4128,2024,8,29,5
2024-08-29 06:00:00,0.0,0.0,0.0,0.0,16.9,71,10.8,15,1020.5,25,0,2,24,0.0,0.0,41.824,-71.4128,2024,8,29,6
2024-08-29 07:00:00,28.0,12.0,16.0,128.6,16.5,76,10.9,9,1021.4,33,1,0,33,0.0,2363.38,41.824,-71.4128,2024,8,29,7
2024-08-29 08:00:00,171.0,111.0,60.0,456.1,17.4,74,10.9,9,1022.0,77,0,0,77,0.0,3600.0,41.824,-71.4128,2024,8,29,8
2024-08-29 09:00:00,258.0,87.0,171.0,204.7,18.8,73,11.3,22,1023.0,91,72,0,68,0.0,3600.0,41.824,-71.4128,2024,8,29,9
2024-08-29 10:00:00,423.0,209.0,214.0,357.4,20.4,66,11.5,51,1023.5,99,99,1,25,0.0,3600.0,41.824,-71.4128,2024,8,29,10
2024-08-29 11:00:00,409.0,119.0,290.0,167.2,21.1,63,9.4,47,1023.5,89,89,1,1,0.0,3215.32,41.824,-71.4128,2024,8,29,11
2024-08-29 12:00:00,622.0,370.0,252.0,463.9,22.4,57,9.2,31,1023.1,75,75,0,0,0.0,3600.0,41.824,-71.4128,2024,8,29,12
2024-08-29 13:00:00,626.0,332.0,294.0,397.1,23.0,54,9.8,28,1022.9,70,70,0,0,0.0,3600.0,41.824,-71.4128,2024,8,29,13
2024-08-29 14:00:00,652.0,384.0,268.0,465.7,23.4,53,10.2,32,1022.8,35,33,0,3,0.0,3600.0,41.824,-71.4128,2024,8,29,14
2024-08-29 15:00:00,677.0,510.0,167.0,667.5,23.6,52,9.1,34,1022.6,35,31,0,5,0.0,3600.0,41.824,-71.4128,2024,8,29,15
2024-08-29 16:00:00,570.0,429.0,141.0,651.5,23.3,52,9.5,25,1022.5,38,12,0,30,0.0,3600.0,41.824,-71.4128,2024,8,29,16
2024-08-29 17:00:00,432.0,323.0,109.0,627.0,22.7,52,9.7,31,1022.6,10,5,0,5,0.0,3600.0,41.824,-71.4128,2024,8,29,17
2024-08-29 18:00:00,261.0,176.0,85.0,512.1,21.6,55,11.3,53,1023.1,9,6,0,3,0.0,3600.0,41.824,-71.4128,2024,8,29,18
2024-08-29 19:00:00,97.0,56.0,41.0,359.2,19.4,65,10.7,78,1023.5,57,2,0,56,0.0,3600.0,41.824,-71.4128,2024,8,29,19
2024-08-29 20:00:00,4.0,1.0,3.0,19.1,17.5,72,9.7,88,1023.9,85,0,0,85,0.0,0.0,41.824,-71.4128,2024,8,29,20
2024-08-29 21:00:00,0.0,0.0,0.0,0.0,16.6,76,9.1,81,1024.7,2,0,0,2,0.0,0.0,41.824,-71.4128,2024,8,29,21
2024-08-29 22:00:00,0.0,0.0,0.0,0.0,15.7,80,6.5,90,1025.3,12,0,0,11,0.0,0.0,41.824,-71.4128,2024,8,29,22
2024-08-29 23:00:00,0.0,0.0,0.0,0.0,15.2,83,6.0,73,1025.4,5,0,1,5,0.0,0.0,41.824,-71.4128,2024,8,29,23
2024-08-30 00:00:00,0.0,0.0,0.0,0.0,14.6,84,6.7,54,1025.3,21,0,0,21,0.0,0.0,41.824,-71.4128,2024,8,30,0
2024-08-30 01:00:00,0.0,0.0,0.0,0.0,14.3,86,3.8,17,1025.7,8,0,0,8,0.0,0.0,41.824,-71.4128,2024,8,30,1
2024-08-30 02:00:00,0.0,0.0,0.0,0.0,14.1,86,6.9,28,1025.4,5,0,3,3,0.0,0.0,41.824,-71.4128,2024,8,30,2
2024-08-30 03:00:00,0.0,0.0,0.0,0.0,13.7,89,3.7,11,1025.5,0,0,0,0,0.0,0.0,41.824,-71.4128,2024,8,30,3
2024-08-30 04:00:00,0.0,0.0,0.0,0.0,13.5,89,4.8,13,1025.4,0,0,0,0,0.0,0.0,41.824,-71.4128,2024,8,30,4
2024-08-30 05:00:00,0.0,0.0,0.0,0.0,13.3,89,5.4,8,1025.3,0,0,0,0,0.0,0.0,41.824,-71.4128,2024,8,30,5
2024-08-30 06:00:00,0.0,0.0,0.0,0.0,13.2,90,7.0,12,1025.7,0,0,0,0,0.0,0.0,41.824,-71.4128,2024,8,30,6
2024-08-30 07:00:00,29.0,15.0,14.0,163.4,13.6,89,7.8,13,1025.8,0,0,0,0,0.0,2721.77,41.824,-71.4128,2024,8,30,7
2024-08-30 08:00:00,177.0,123.0,54.0,511.7,16.0,81,4.9,17,1025.9,0,0,0,0,0.0,3600.0,41.824,-71.4128,2024,8,30,8
2024-08-30 09:00:00,366.0,292.0,74.0,691.9,17.9,70,6.9,47,1026.4,0,0,0,0,0.0,3600.0,41.824,-71.4128,2024,8,30,9
2024-08-30 10:00:00,544.0,458.0,86.0,787.2,19.5,60,8.5,78,1026.0,0,0,0,0,0.0,3600.0,41.824,-71.4128,2024,8,30,10
2024-08-30 11:00:00,689.0,595.0,94.0,839.4,21.0,55,8.6,92,1025.6,0,0,0,0,0.0,3600.0,41.824,-71.4128,2024,8,30,11
2024-08-30 12:00:00,788.0,690.0,98.0,868.6,22.3,52,8.4,97,1025.1,0,0,0,0,0.0,3600.0,41.824,-71.4128,2024,8,30,12
2024-08-30 13:00:00,832.0,731.0,101.0,878.0,23.2,51,8.2,113,1024.7,0,0,0,0,0.0,3600.0,41.824,-71.4128,2024,8,30,13
2024-08-30 14:00:00,816.0,715.0,101.0,871.0,23.7,51,9.1,124,1024.2,4,4,0,0,0.0,3600.0,41.824,-71.4128,2024,8,30,14
2024-08-30 15:00:00,743.0,642.0,101.0,844.7,23.9,50,9.5,127,1023.4,3,3,0,0,0.0,3600.0,41.824,-71.4128,2024,8,30,15
2024-08-30 16:00:00,621.0,527.0,94.0,805.6,23.6,51,10.2,129,1022.9,4,4,0,0,0.0,3600.0,41.824,-71.4128,2024,8,30,16
2024-08-30 17:00:00,457.0,371.0,86.0,726.7,22.7,51,11.9,151,1022.9,8,8,0,0,0.0,3600.0,41.824,-71.4128,2024,8,30,17
2024-08-30 18:00:00,267.0,190.0,77.0,560.8,21.2,52,12.0,159,1023.0,0,0,0,0,0.0,3600.0,41.824,-71.4128,2024,8,30,18
2024-08-30 19:00:00,97.0,58.0,39.0,384.7,19.3,64,8.4,149,1022.9,0,0,0,0,0.0,3600.0,41.824,-71.4128,2024,8,30,19
2024-08-30 20:00:00,3.0,1.0,2.0,19.1,17.9,77,8.9,137,1023.1,0,0,0,0,0.0,0.0,41.824,-71.4128,2024,8,30,20
2024-08-30 21:00:00,0.0,0.0,0.0,0.0,17.4,83,6.1,135,1023.8,1,1,0,0,0.0,0.0,41.824,-71.4128,2024,8,30,21
2024-08-30 22:00:00,0.0,0.0,0.0,0.0,16.9,88,4.3,114,1023.7,1,0,1,0,0.0,0.0,41.824,-71.4128,2024,8,30,22
2024-08-30 23:00:00,0.0,0.0,0.0,0.0,16.4,91,5.4,90,1023.2,0,0,0,0,0.0,0.0,41.824,-71.4128,2024,8,30,23
2024-08-31 00:00:00,0.0,0.0,0.0,0.0,15.7,94,6.5,71,1022.8,0,0,0,0,0.0,0.0,41.824,-71.4128,2024,8,31,0
2024-08-31 01:00:00,0.0,0.0,0.0,0.0,15.3,95,6.5,71,1022.4,0,0,0,0,0.0,0.0,41.824,-71.4128,2024,8,31,1
2024-08-31 02:00:00,0.0,0.0,0.0,0.0,15.0,96,6.4,74,1021.6,0,0,0,0,0.0,0.0,41.824,-71.4128,2024,8,31,2
2024-08-31 03:00:00,0.0,0.0,0.0,0.0,15.0,97,6.7,74,1021.0,0,0,0,0,0.0,0.0,41.824,-71.4128,2024,8,31,3
2024-08-31 04:00:00,0.0,0.0,0.0,0.0,14.9,98,3.4,58,1020.7,3,0,2,0,0.0,0.0,41.824,-71.4128,2024,8,31,4
2024-08-31 05:00:00,0.0,0.0,0.0,0.0,14.9,98,2.6,34,1020.6,2,0,2,0,0.0,0.0,41.824,-71.4128,2024,8,31,5
2024-08-31 06:00:00,0.0,0.0,0.0,0.0,14.8,99,3.1,21,1020.3,18,0,4,14,0.0,0.0,41.824,-71.4128,2024,8,31,6
2024-08-31 07:00:00,26.0,12.0,14.0,132.9,15.4,99,4.7,32,1020.4,1,0,0,1,0.0,2414.84,41.824,-71.4128,2024,8,31,7
2024-08-31 08:00:00,168.0,112.0,56.0,472.0,18.3,90,2.3,51,1020.4,5,0,0,5,0.0,3600.0,41.824,-71.4128,2024,8,31,8
2024-08-31 09:00:00,323.0,212.0,111.0,505.9,20.5,85,8.5,152,1020.3,100,100,3,87,0.0,3600.0,41.824,-71.4128,2024,8,31,9
2024-08-31 10:00:00,391.0,157.0,234.0,271.2,22.4,74,11.6,164,1019.8,100,48,0,100,0.1,3600.0,41.824,-71.4128,2024,8,31,10
2024-08-31 11:00:00,542.0,334.0,208.0,473.2,23.7,67,13.4,166,1019.3,97,44,0,94,0.0,3600.0,41.824,-71.4128,2024,8,31,11
2024-08-31 12:00:00,575.0,320.0,255.0,404.5,24.3,64,12.6,167,1018.9,100,100,0,82,0.0,3600.0,41.824,-71.4128,2024,8,31,12
2024-08-31 13:00:00,430.0,82.0,348.0,98.9,24.4,64,12.8,164,1018.0,67,62,0,13,0.0,1166.84,41.824,-71.4128,2024,8,31,13
2024-08-31 14:00:00,547.0,265.0,282.0,324.3,24.9,64,13.3,167,1017.2,100,100,0,5,0.1,3600.0,41.824,-71.4128,2024,8,31,14
2024-08-31 15:00:00,364.0,89.0,275.0,117.7,24.4,67,15.0,156,1016.2,96,96,0,4,0.0,1731.62,41.824,-71.4128,2024,8,31,15
2024-08-31 16:00:00,424.0,192.0,232.0,295.5,24.6,66,16.5,160,1015.1,45,45,0,0,0.0,3600.0,41.824,-71.4128,2024,8,31,16
2024-08-31 17:00:00,359.0,219.0,140.0,432.9,24.0,67,16.3,162,1014.2,32,32,0,0,0.0,3600.0,41.824,-71.4128,2024,8,31,17
2024-08-31 18:00:00,246.0,166.0,80.0,497.2,23.3,70,14.1,165,1014.1,7,5,2,0,0.0,3600.0,41.824,-71.4128,2024,8,31,18
2024-08-31 19:00:00,88.0,50.0,38.0,343.5,21.7,79,10.9,163,1013.7,38,0,38,0,0.0,3600.0,41.824,-71.4128,2024,8,31,19
2024-08-31 20:00:00,2.0,0.0,2.0,0.0,20.4,88,10.1,180,1013.9,65,0,56,19,0.0,0.0,41.824,-71.4128,2024,8,31,20
2024-08-31 21:00:00,0.0,0.0,0.0,0.0,19.7,95,7.6,188,1014.8,26,0,24,8,0.0,0.0,41.824,-71.4128,2024,8,31,21
2024-08-31 22:00:00,0.0,0.0,0.0,0.0,19.3,97,8.3,185,1014.3,97,0,18,96,0.0,0.0,41.824,-71.4128,2024,8,31,22
2024-08-31 23:00:00,0.0,0.0,0.0,0.0,19.2,97,8.1,201,1014.0,65,0,11,60,0.0,0.0,41.824,-71.4128,2024,8,31,23
2024-09-01 00:00:00,0.0,0.0,0.0,0.0,18.9,97,8.8,192,1013.4,100,3,58,100,0.0,0.0,41.824,-71.4128,2024,9,1,0
2024-09-01 01:00:00,0.0,0.0,0.0,0.0,19.1,98,8.8,192,1013.1,100,4,16,100,1.7,0.0,41.824,-71.4128,2024,9,1,1
2024-09-01 02:00:00,0.0,0.0,0.0,0.0,18.9,98,7.9,210,1012.9,100,11,36,100,0.0,0.0,41.824,-71.4128,2024,9,1,2
2024-09-01 03:00:00,0.0,0.0,0.0,0.0,18.9,98,8.2,203,1012.4,100,82,8,99,0.0,0.0,41.824,-71.4128,2024,9,1,3
2024-09-01 04:00:00,0.0,0.0,0.0,0.0,19.2,98,9.2,206,1012.3,100,95,22,99,0.0,0.0,41.824,-71.4128,2024,9,1,4
2024-09-01 05:00:00,0.0,0.0,0.0,0.0,19.6,97,9.7,207,1011.8,100,4,18,100,0.0,0.0,41.824,-71.4128,2024,9,1,5
2024-09-01 06:00:00,0.0,0.0,0.0,0.0,19.4,97,9.1,214,1011.6,100,54,4,100,0.0,0.0,41.824,-71.4128,2024,9,1,6
2024-09-01 07:00:00,18.0,2.0,16.0,22.5,20.0,95,10.8,217,1011.7,99,53,7,98,0.0,0.0,41.824,-71.4128,2024,9,1,7
2024-09-01 08:00:00,107.0,29.0,78.0,123.8,21.5,89,10.0,221,1011.7,100,20,16,100,0.0,1914.02,41.824,-71.4128,2024,9,1,8
2024-09-01 09:00:00,225.0,95.0,130.0,228.3,22.5,87,12.5,229,1011.8,99,88,64,72,0.6,3600.0,41.824,-71.4128,2024,9,1,9
2024-09-01 10:00:00,281.0,94.0,187.0,163.2,22.9,87,12.1,233,1011.6,99,25,57,98,0.6,3096.97,41.824,-71.4128,2024,9,1,10
2024-09-01 11:00:00,477.0,253.0,224.0,360.0,24.4,80,13.8,229,1010.8,100,57,23,100,0.1,3600.0,41.824,-71.4128,2024,9,1,11
2024-09-01 12:00:00,492.0,200.0,292.0,253.8,25.5,77,14.2,216,1010.2,100,22,15,100,0.1,3600.0,41.824,-71.4128,2024,9,1,12
2024-09-01 13:00:00,562.0,245.0,317.0,296.7,26.2,76,16.2,201,1009.7,100,25,27,100,0.1,3600.0,41.824,-71.4128,2024,9,1,13
2024-09-01 14:00:00,489.0,113.0,376.0,138.9,26.3,73,17.9,210,1009.1,92,30,6,89,0.1,2367.6,41.824,-71.4128,2024,9,1,14
2024-09-01 15:00:00,580.0,316.0,264.0,420.2,27.1,68,18.4,219,1008.4,69,29,12,51,0.2,3600.0,41.824,-71.4128,2024,9,1,15
2024-09-01 16:00:00,385.0,219.0,166.0,339.3,26.6,70,17.6,223,1008.3,90,24,41,79,0.6,3600.0,41.824,-71.4128,2024,9,1,16
2024-09-01 17:00:00,215.0,61.0,154.0,121.7,25.7,76,13.6,220,1007.8,96,11,24,94,0.0,1851.79,41.824,-71.4128,2024,9,1,17
2024-09-01 18:00:00,177.0,50.0,127.0,152.0,25.2,78,13.1,217,1007.7,97,1,29,96,0.0,2761.29,41.824,-71.4128,2024,9,1,18
2024-09-01 19:00:00,71.0,31.0,40.0,220.9,23.8,85,12.1,210,1007.6,22,13,8,3,0.0,3600.0,41.824,-71.4128,2024,9,1,19
2024-09-01 20:00:00,2.0,0.0,2.0,0.0,22.7,91,11.0,212,1008.0,16,5,13,0,0.0,0.0,41.824,-71.4128,2024,9,1,20
2024-09-01 21:00:00,0.0,0.0,0.0,0.0,21.7,96,12.0,229,1008.9,4,1,3,0,0.0,0.0,41.824,-71.4128,2024,9,1,21
2024-09-01 22:00:00,0.0,0.0,0.0,0.0,21.4,96,11.6,234,1009.1,11,1,10,0,0.0,0.0,41.824,-71.4128,2024,9,1,22
2024-09-01 23:00:00,0.0,0.0,0.0,0.0,21.3,96,11.4,242,1009.2,4,1,4,0,0.0,0.0,41.824,-71.4128,2024,9,1,23
2024-09-02 00:00:00,0.0,0.0,0.0,0.0,21.1,96,12.1,253,1009.1,22,0,2,20,0.0,0.0,41.824,-71.4128,2024,9,2,0
2024-09-02 01:00:00,0.0,0.0,0.0,0.0,20.9,96,12.7,278,1009.0,6,2,1,3,0.0,0.0,41.824,-71.4128,2024,9,2,1
2024-09-02 02:00:00,0.0,0.0,0.0,0.0,20.6,96,10.8,291,1009.5,28,4,26,0,0.0,0.0,41.824,-71.4128,2024,9,2,2
2024-09-02 03:00:00,0.0,0.0,0.0,0.0,20.1,93,12.3,308,1009.6,10,8,6,0,0.0,0.0,41.824,-71.4128,2024,9,2,3
2024-09-02 04:00:00,0.0,0.0,0.0,0.0,19.3,91,12.4,324,1010.0,3,1,2,0,0.0,0.0,41.824,-71.4128,2024,9,2,4
2024-09-02 05:00:00,0.0,0.0,0.0,0.0,18.5,92,12.4,338,1010.3,8,2,6,2,0.0,0.0,41.824,-71.4128,2024,9,2,5
2024-09-02 06:00:00,0.0,0.0,0.0,0.0,17.9,91,13.2,349,1010.8,46,4,5,43,0.0,0.0,41.824,-71.4128,2024,9,2,6
2024-09-02 07:00:00,24.0,11.0,13.0,126.1,17.8,86,13.9,350,1011.6,26,2,7,19,0.0,2155.8,41.824,-71.4128,2024,9,2,7
2024-09-02 08:00:00,160.0,104.0,56.0,449.9,18.7,80,11.5,346,1012.3,100,0,90,98,0.0,3600.0,41.824,-71.4128,2024,9,2,8
2024-09-02 09:00:00,312.0,186.0,126.0,450.3,20.3,67,14.1,354,1012.8,100,1,12,100,0.0,3600.0,41.824,-71.4128,2024,9,2,9
2024-09-02 10:00:00,447.0,246.0,201.0,429.4,21.7,56,13.3,358,1013.4,100,0,9,100,0.0,3600.0,41.824,-71.4128,2024,9,2,10
2024-09-02 11:00:00,516.0,306.0,210.0,437.4,22.7,48,12.6,355,1013.9,90,0,5,90,0.0,3600.0,41.824,-71.4128,2024,9,2,11
2024-09-02 12:00:00,768.0,629.0,139.0,801.7,24.2,38,13.0,354,1013.8,87,0,0,87,0.0,3600.0,41.824,-71.4128,2024,9,2,12
2024-09-02 13:00:00,783.0,599.0,184.0,728.6,24.6,37,12.8,344,1013.4,21,0,6,15,0.0,3600.0,41.824,-71.4128,2024,9,2,13
2024-09-02 14:00:00,803.0,683.0,120.0,843.6,25.5,34,10.0,330,1013.0,25,0,23,2,0.0,3600.0,41.824,-71.4128,2024,9,2,14
2024-09-02 15:00:00,681.0,521.0,160.0,696.7,25.6,33,15.9,303,1012.7,14,0,14,0,0.0,3600.0,41.824,-71.4128,2024,9,2,15
2024-09-02 16:00:00,482.0,293.0,189.0,457.1,24.1,36,17.8,313,1013.0,4,0,4,0,0.0,3600.0,41.824,-71.4128,2024,9,2,16
2024-09-02 17:00:00,431.0,344.0,87.0,693.1,24.4,34,15.6,308,1013.1,30,0,30,0,0.0,3600.0,41.824,-71.4128,2024,9,2,17
2024-09-02 18:00:00,249.0,170.0,79.0,525.0,22.6,44,14.8,315,1013.9,0,0,0,0,0.0,3600.0,41.824,-71.4128,2024,9,2,18
2024-09-02 19:00:00,89.0,56.0,33.0,414.5,20.5,52,13.1,302,1014.7,0,0,0,0,0.0,3600.0,41.824,-71.4128,2024,9,2,19
2024-09-02 20:00:00,2.0,0.0,2.0,0.0,19.0,56,12.8,308,1015.6,0,0,0,0,0.0,0.0,41.824,-71.4128,2024,9,2,20
2024-09-02 21:00:00,0.0,0.0,0.0,0.0,18.7,59,13.1,307,1017.2,6,0,6,0,0.0,0.0,41.824,-71.4128,2024,9,2,21
2024-09-02 22:00:00,0.0,0.0,0.0,0.0,17.9,61,14.4,323,1018.0,0,0,0,0,0.0,0.0,41.824,-71.4128,2024,9,2,22
2024-09-02 23:00:00,0.0,0.0,0.0,0.0,16.8,64,14.4,338,1019.2,0,0,0,0,0.0,0.0,41.824,-71.4128,2024,9,2,23
2024-09-03 00:00:00,0.0,0.0,0.0,0.0,15.9,64,15.8,348,1020.1,0,0,0,0,0.0,0.0,41.824,-71.4128,2024,9,3,0
2024-09-03 01:00:00,0.0,0.0,0.0,0.0,14.9,65,14.6,350,1020.9,0,0,0,0,0.0,0.0,41.824,-71.4128,2024,9,3,1
2024-09-03 02:00:00,0.0,0.0,0.0,0.0,13.9,66,12.6,347,1021.3,0,0,0,0,0.0,0.0,41.824,-71.4128,2024,9,3,2
2024-09-03 03:00:00,0.0,0.0,0.0,0.0,12.9,70,10.7,340,1021.6,0,0,0,0,0.0,0.0,41.824,-71.4128,2024,9,3,3
2024-09-03 04:00:00,0.0,0.0,0.0,0.0,12.1,74,9.7,329,1021.9,0,0,0,0,0.0,0.0,41.824,-71.4128,2024,9,3,4
2024-09-03 05:00:00,0.0,0.0,0.0,0.0,11.5,76,9.5,323,1022.3,0,0,0,0,0.0,0.0,41.824,-71.4128,2024,9,3,5
2024-09-03 06:00:00,0.0,0.0,0.0,0.0,11.1,77,9.7,321,1022.7,0,0,0,0,0.0,0.0,41.824,-71.4128,2024,9,3,6
2024-09-03 07:00:00,26.0,14.0,12.0,163.4,11.5,75,10.7,318,1023.3,0,0,0,0,0.0,2475.93,41.824,-71.4128,2024,9,3,7
2024-09-03 08:00:00,177.0,127.0,50.0,556.9,13.7,70,9.2,315,1024.0,0,0,0,0,0.0,3600.0,41.824,-71.4128,2024,9,3,8
2024-09-03 09:00:00,371.0,300.0,71.0,731.6,16.2,59,9.8,324,1024.8,0,0,0,0,0.0,3600.0,41.824,-71.4128,2024,9,3,9
2024-09-03 10:00:00,553.0,470.0,83.0,824.9,18.3,47,9.9,341,1024.9,0,0,0,0,0.0,3600.0,41.824,-71.4128,2024,9,3,10
2024-09-03 11:00:00,701.0,611.0,90.0,877.4,19.7,38,10.7,348,1025.1,0,0,0,0,0.0,3600.0,41.824,-71.4128,2024,9,3,11
2024-09-03 12:00:00,800.0,706.0,94.0,903.7,20.6,36,9.3,347,1025.0,0,0,0,0,0.0,3600.0,41.824,-71.4128,2024,9,3,12
2024-09-03 13:00:00,843.0,746.0,97.0,911.4,21.3,35,7.5,343,1024.5,0,0,0,0,0.0,3600.0,41.824,-71.4128,2024,9,3,13
2024-09-03 14:00:00,826.0,730.0,96.0,906.0,21.8,35,6.0,327,1024.0,0,0,0,0,0.0,3600.0,41.824,-71.4128,2024,9,3,14
2024-09-03 15:00:00,751.0,658.0,93.0,884.9,22.2,34,5.6,310,1023.9,0,0,0,0,0.0,3600.0,41.824,-71.4128,2024,9,3,15
2024-09-03 16:00:00,624.0,537.0,87.0,843.7,22.3,35,6.8,302,1023.6,0,0,0,0,0.0,3600.0,41.824,-71.4128,2024,9,3,16
2024-09-03 17:00:00,456.0,379.0,77.0,771.0,21.8,37,7.9,294,1023.6,0,0,0,0,0.0,3600.0,41.824,-71.4128,2024,9,3,17
2024-09-03 18:00:00,266.0,204.0,62.0,640.0,20.7,44,7.9,286,1024.0,0,0,0,0,0.0,3600.0,41.824,-71.4128,2024,9,3,18
2024-09-03 19:00:00,85.0,54.0,31.0,407.7,18.3,55,7.2,273,1024.1,0,0,0,0,0.0,3600.0,41.824,-71.4128,2024,9,3,19
2024-09-03 20:00:00,1.0,0.0,1.0,0.0,16.9,60,9.0,272,1024.7,0,0,0,0,0.0,0.0,41.824,-71.4128,2024,9,3,20
2024-09-03 21:00:00,0.0,0.0,0.0,0.0,15.7,67,8.0,278,1025.7,0,0,0,0,0.0,0.0,41.824,-71.4128,2024,9,3,21
2024-09-03 22:00:00,0.0,0.0,0.0,0.0,15.3,70,9.4,277,1026.1,0,0,0,0,0.0,0.0,41.824,-71.4128,2024,9,3,22
2024-09-03 23:00:00,0.0,0.0,0.0,0.0,14.5,75,9.0,275,1026.4,0,0,0,0,0.0,0.0,41.824,-71.4128,2024,9,3,23
2024-09-04 00:00:00,0.0,0.0,0.0,0.0,13.9,76,9.2,281,1026.9,0,0,0,0,0.0,0.0,41.824,-71.4128,2024,9,4,0
2024-09-04 01:00:00,0.0,0.0,0.0,0.0,13.5,78,9.3,286,1026.9,0,0,0,0,0.0,0.0,41.824,-71.4128,2024,9,4,1
2024-09-04 02:00:00,0.0,0.0,0.0,0.0,13.1,80,9.3,298,1026.8,0,0,0,0,0.0,0.0,41.824,-71.4128,2024,9,4,2
2024-09-04 03:00:00,0.0,0.0,0.0,0.0,13.0,79,9.1,304,1026.8,0,0,0,0,0.0,0.0,41.824,-71.4128,2024,9,4,3
2024-09-04 04:00:00,0.0,0.0,0.0,0.0,12.8,77,9.2,312,1027.0,0,0,0,0,0.0,0.0,41.824,-71.4128,2024,9,4,4
2024-09-04 05:00:00,0.0,0.0,0.0,0.0,12.6,78,8.7,318,1027.3,0,0,0,0,0.0,0.0,41.824,-71.4128,2024,9,4,5
2024-09-04 06:00:00,0.0,0.0,0.0,0.0,12.3,80,7.5,325,1027.8,0,0,0,0,0.0,0.0,41.824,-71.4128,2024,9,4,6
2024-09-04 07:00:00,23.0,12.0,11.0,142.7,12.8,80,7.7,332,1028.2,0,0,0,0,0.0,2414.53,41.824,-71.4128,2024,9,4,7
2024-09-04 08:00:00,167.0,117.0,50.0,520.1,15.7,72,5.5,337,1028.7,0,0,0,0,0.0,3600.0,41.824,-71.4128,2024,9,4,8
2024-09-04 09:00:00,352.0,280.0,72.0,688.0,18.8,64,4.8,347,1029.7,0,0,0,0,0.0,3600.0,41.824,-71.4128,2024,9,4,9
2024-09-04 10:00:00,528.0,444.0,84.0,783.5,21.4,52,4.8,27,1029.9,0,0,0,0,0.0,3600.0,41.824,-71.4128,2024,9,4,10
2024-09-04 11:00:00,673.0,580.0,93.0,836.7,23.1,45,4.2,59,1029.9,0,0,0,0,0.0,3600.0,41.824,-71.4128,2024,9,4,11
2024-09-04 12:00:00,770.0,673.0,97.0,865.2,24.2,42,5.1,82,1029.7,0,0,0,0,0.0,3600.0,41.824,-71.4128,2024,9,4,12
2024-09-04 13:00:00,812.0,713.0,99.0,874.9,25.0,40,5.2,102,1029.4,0,0,0,0,0.0,3600.0,41.824,-71.4128,2024,9,4,13
2024-09-04 14:00:00,796.0,698.0,98.0,870.5,25.5,40,5.5,113,1029.1,0,0,0,0,0.0,3600.0,41.824,-71.4128,2024,9,4,14
2024-09-04 15:00:00,723.0,627.0,96.0,848.0,25.9,39,5.0,111,1028.8,38,2,38,0,0.0,3600.0,41.824,-71.4128,2024,9,4,15
2024-09-04 16:00:00,541.0,383.0,158.0,606.1,25.7,39,7.4,137,1028.3,19,3,19,0,0.0,3600.0,41.824,-71.4128,2024,9,4,16
2024-09-04 17:00:00,380.0,226.0,154.0,464.4,24.5,43,12.0,159,1028.1,1,1,1,0,0.0,3600.0,41.824,-71.4128,2024,9,4,17
2024-09-04 18:00:00,251.0,187.0,64.0,596.3,22.2,51,11.9,166,1028.1,0,0,0,0,0.0,3600.0,41.824,-71.4128,2024,9,4,18
2024-09-04 19:00:00,78.0,48.0,30.0,369.7,20.0,58,10.0,167,1028.4,0,0,0,0,0.0,3600.0,41.824,-71.4128,2024,9,4,19
2024-09-04 20:00:00,1.0,0.0,1.0,0.0,18.3,64,6.6,189,1028.6,0,0,0,0,0.0,0.0,41.824,-71.4128,2024,9,4,20
2024-09-04 21:00:00,0.0,0.0,0.0,0.0,17.3,70,6.1,242,1029.0,0,0,0,0,0.0,0.0,41.824,-71.4128,2024,9,4,21
2024-09-04 22:00:00,0.0,0.0,0.0,0.0,16.4,72,8.0,265,1029.2,0,0,0,0,0.0,0.0,41.824,-71.4128,2024,9,4,22
2024-09-04 23:00:00,0.0,0.0,0.0,0.0,15.5,76,6.6,279,1029.5,0,0,0,0,0.0,0.0,41.824,-71.4128,2024,9,4,23
2024-09-05 00:00:00,0.0,0.0,0.0,0.0,14.8,79,4.8,297,1029.4,0,0,0,0,0.0,0.0,41.824,-71.4128,2024,9,5,0
2024-09-05 01:00:00,0.0,0.0,0.0,0.0,14.2,84,2.6,304,1029.3,0,0,0,0,0.0,0.0,41.824,-71.4128,2024,9,5,1
2024-09-05 02:00:00,0.0,0.0,0.0,0.0,13.7,87,1.6,297,1029.2,0,0,0,0,0.0,0.0,41.824,-71.4128,2024,9,5,2
2024-09-05 03:00:00,0.0,0.0,0.0,0.0,14.2,80,2.6,286,1029.2,0,0,0,0,0.0,0.0,41.824,-71.4128,2024,9,5,3
2024-09-05 04:00:00,0.0,0.0,0.0,0.0,14.1,79,3.1,291,1029.3,0,0,0,0,0.0,0.0,41.824,-71.4128,2024,9,5,4
2024-09-05 05:00:00,0.0,0.0,0.0,0.0,13.7,80,2.9,300,1029.3,0,0,0,0,0.0,0.0,41.824,-71.4128,2024,9,5,5
2024-09-05 06:00:00,0.0,0.0,0.0,0.0,14.0,79,1.8,307,1029.4,0,0,0,0,0.0,0.0,41.824,-71.4128,2024,9,5,6
2024-09-05 07:00:00,22.0,11.0,11.0,133.3,14.3,84,1.3,326,1029.5,0,0,0,0,0.0,2236.9,41.824,-71.4128,2024,9,5,7
2024-09-05 08:00:00,162.0,113.0,49.0,509.4,16.8,79,2.2,351,1029.3,0,0,0,0,0.0,3600.0,41.824,-71.4128,2024,9,5,8
2024-09-05 09:00:00,350.0,278.0,72.0,688.3,18.6,73,3.1,45,1029.3,0,0,0,0,0.0,3600.0,41.824,-71.4128,2024,9,5,9
2024-09-05 10:00:00,529.0,446.0,83.0,791.4,20.7,54,4.7,90,1029.2,0,0,0,0,0.0,3600.0,41.824,-71.4128,2024,9,5,10
2024-09-05 11:00:00,674.0,584.0,90.0,846.4,22.2,45,6.0,107,1028.7,0,0,0,0,0.0,3600.0,41.824,-71.4128,2024,9,5,11
2024-09-05 12:00:00,773.0,678.0,95.0,875.4,23.3,43,7.7,118,1028.1,0,0,0,0,0.0,3600.0,41.824,-71.4128,2024,9,5,12
2024-09-05 13:00:00,816.0,719.0,97.0,886.3,24.2,41,8.7,128,1027.6,0,0,0,0,0.0,3600.0,41.824,-71.4128,2024,9,5,13
2024-09-05 14:00:00,801.0,705.0,96.0,883.6,24.7,39,9.4,133,1027.0,0,0,0,0,0.0,3600.0,41.824,-71.4128,2024,9,5,14
2024-09-05 15:00:00,728.0,636.0,92.0,865.2,24.9,39,9.4,137,1026.2,0,0,0,0,0.0,3600.0,41.824,-71.4128,2024,9,5,15
2024-09-05 16:00:00,604.0,518.0,86.0,825.7,24.7,41,10.4,136,1025.7,0,0,0,0,0.0,3600.0,41.824,-71.4128,2024,9,5,16
2024-09-05 17:00:00,438.0,362.0,76.0,751.3,23.8,43,10.9,134,1025.3,0,0,0,0,0.0,3600.0,41.824,-71.4128,2024,9,5,17
2024-09-05 18:00:00,251.0,191.0,60.0,619.1,22.1,50,9.9,134,1025.2,0,0,0,0,0.0,3600.0,41.824,-71.4128,2024,9,5,18
2024-09-05 19:00:00,76.0,47.0,29.0,369.4,19.3,63,7.4,129,1025.4,0,0,0,0,0.0,3600.0,41.824,-71.4128,2024,9,5,19
2024-09-05 20:00:00,1.0,0.0,1.0,0.0,17.5,71,9.2,101,1025.5,0,0,0,0,0.0,0.0,41.824,-71.4128,2024,9,5,20
2024-09-05 21:00:00,0.0,0.0,0.0,0.0,16.4,78,8.5,78,1025.5,0,0,0,0,0.0,0.0,41.824,-71.4128,2024,9,5,21
2024-09-05 22:00:00,0.0,0.0,0.0,0.0,15.3,86,7.8,68,1025.0,0,0,0,0,0.0,0.0,41.824,-71.4128,2024,9,5,22
2024-09-05 23:00:00,0.0,0.0,0.0,0.0,14.8,90,8.0,63,1024.6,0,0,0,0,0.0,0.0,41.824,-71.4128,2024,9,5,23
2024-09-06 00:00:00,0.0,0.0,0.0,0.0,14.4,93,6.6,45,1023.7,0,0,0,0,0.0,0.0,41.824,-71.4128,2024,9,6,0
2024-09-06 01:00:00,0.0,0.0,0.0,0.0,14.2,95,7.9,43,1023.2,0,0,0,0,0.0,0.0,41.824,-71.4128,2024,9,6,1
2024-09-06 02:00:00,0.0,0.0,0.0,0.0,14.0,97,7.9,16,1022.4,0,0,0,0,0.0,0.0,41.824,-71.4128,2024,9,6,2
2024-09-06 03:00:00,0.0,0.0,0.0,0.0,13.8,98,8.1,13,1021.9,2,2,0,0,0.0,0.0,41.824,-71.4128,2024,9,6,3
2024-09-06 04:00:00,0.0,0.0,0.0,0.0,13.8,98,8.4,31,1021.8,90,90,0,0,0.0,0.0,41.824,-71.4128,2024,9,6,4
2024-09-06 05:00:00,0.0,0.0,0.0,0.0,14.6,97,9.5,11,1021.7,100,100,0,0,0.0,0.0,41.824,-71.4128,2024,9,6,5
2024-09-06 06:00:00,0.0,0.0,0.0,0.0,15.2,94,10.4,360,1021.3,100,100,0,0,0.0,0.0,41.824,-71.4128,2024,9,6,6
2024-09-06 07:00:00,10.0,1.0,9.0,12.3,15.8,93,10.3,12,1021.0,74,74,0,0,0.0,0.0,41.824,-71.4128,2024,9,6,7
2024-09-06 08:00:00,112.0,48.0,64.0,219.5,17.2,89,8.8,9,1020.6,3,3,0,0,0.0,3600.0,41.824,-71.4128,2024,9,6,8
2024-09-06 09:00:00,236.0,98.0,138.0,244.5,18.7,86,13.5,34,1020.5,100,100,0,0,0.0,3600.0,41.824,-71.4128,2024,9,6,9
2024-09-06 10:00:00,337.0,111.0,226.0,198.1,20.5,80,13.0,42,1020.2,97,97,0,0,0.0,3600.0,41.824,-71.4128,2024,9,6,10
2024-09-06 11:00:00,426.0,166.0,260.0,241.7,22.6,70,12.9,60,1019.4,91,91,0,0,0.1,3600.0,41.824,-71.4128,2024,9,6,11
2024-09-06 12:00:00,438.0,140.0,298.0,181.6,23.2,66,13.8,57,1018.9,62,62,0,0,0.1,3600.0,41.824,-71.4128,2024,9,6,12
2024-09-06 13:00:00,619.0,363.0,256.0,449.5,24.4,61,13.4,63,1018.1,64,64,0,0,0.0,3600.0,41.824,-71.4128,2024,9,6,13
2024-09-06 14:00:00,665.0,434.0,231.0,546.7,25.3,55,12.6,59,1017.4,35,35,0,0,0.0,3600.0,41.824,-71.4128,2024,9,6,14
2024-09-06 15:00:00,536.0,304.0,232.0,416.0,25.0,55,12.9,54,1016.9,47,47,0,0,0.0,3600.0,41.824,-71.4128,2024,9,6,15
2024-09-06 16:00:00,545.0,416.0,129.0,668.1,24.6,54,13.5,48,1016.5,46,46,0,0,0.0,3600.0,41.824,-71.4128,2024,9,6,16
2024-09-06 17:00:00,358.0,225.0,133.0,471.8,23.5,56,14.3,43,1015.9,22,22,0,0,0.0,3600.0,41.824,-71.4128,2024,9,6,17
2024-09-06 18:00:00,232.0,162.0,70.0,534.1,22.3,60,13.4,59,1015.7,22,22,0,0,0.0,3600.0,41.824,-71.4128,2024,9,6,18
2024-09-06 19:00:00,58.0,28.0,30.0,224.7,20.3,74,11.6,60,1015.9,5,5,0,0,0.0,3600.0,41.824,-71.4128,2024,9,6,19
2024-09-06 20:00:00,0.0,0.0,0.0,0.0,18.1,87,10.4,20,1015.5,0,0,0,0,0.0,0.0,41.824,-71.4128,2024,9,6,20
2024-09-06 21:00:00,0.0,0.0,0.0,0.0,16.9,97,11.6,26,1015.5,2,2,0,0,0.0,0.0,41.824,-71.4128,2024,9,6,21
2024-09-06 22:00:00,0.0,0.0,0.0,0.0,16.3,98,11.4,28,1015.0,5,5,0,0,0.0,0.0,41.824,-71.4128,2024,9,6,22
2024-09-06 23:00:00,0.0,0.0,0.0,0.0,15.9,98,10.5,16,1014.5,3,3,0,0,0.0,0.0,41.824,-71.4128,2024,9,6,23
2024-09-07 00:00:00,0.0,0.0,0.0,0.0,15.5,99,10.5,4,1014.2,21,21,0,0,0.0,0.0,41.824,-71.4128,2024,9,7,0
2024-09-07 01:00:00,0.0,0.0,0.0,0.0,15.3,99,10.4,2,1014.1,100,100,0,0,0.0,0.0,41.824,-71.4128,2024,9,7,1
2024-09-07 02:00:00,0.0,0.0,0.0,0.0,15.3,100,11.3,7,1013.3,100,100,0,0,0.0,0.0,41.824,-71.4128,2024,9,7,2
2024-09-07 03:00:00,0.0,0.0,0.0,0.0,15.1,99,11.2,345,1012.9,100,100,0,0,0.0,0.0,41.824,-71.4128,2024,9,7,3
2024-09-07 04:00:00,0.0,0.0,0.0,0.0,15.0,100,9.4,353,1012.2,100,100,0,0,0.0,0.0,41.824,-71.4128,2024,9,7,4
2024-09-07 05:00:00,0.0,0.0,0.0,0.0,15.0,99,9.2,349,1012.3,100,100,0,97,0.0,0.0,41.824,-71.4128,2024,9,7,5
2024-09-07 06:00:00,0.0,0.0,0.0,0.0,15.2,97,9.5,335,1012.5,100,100,0,82,0.0,0.0,41.824,-71.4128,2024,9,7,6
2024-09-07 07:00:00,12.0,1.0,11.0,12.6,15.2,96,8.5,332,1012.3,100,100,0,100,0.0,0.0,41.824,-71.4128,2024,9,7,7
2024-09-07 08:00:00,80.0,5.0,75.0,23.2,15.8,92,8.9,339,1011.9,100,100,0,100,0.0,0.0,41.824,-71.4128,2024,9,7,8
2024-09-07 09:00:00,249.0,94.0,155.0,236.4,17.9,84,9.0,2,1011.2,79,44,0,63,0.0,3600.0,41.824,-71.4128,2024,9,7,9
2024-09-07 10:00:00,442.0,259.0,183.0,464.8,20.0,73,6.1,360,1011.2,48,44,0,7,0.0,3600.0,41.824,-71.4128,2024,9,7,10
2024-09-07 11:00:00,593.0,430.0,163.0,629.2,21.7,65,2.3,342,1010.5,88,5,0,87,0.0,3600.0,41.824,-71.4128,2024,9,7,11
2024-09-07 12:00:00,705.0,488.0,217.0,635.8,23.0,57,0.4,180,1009.9,95,1,0,95,0.0,3600.0,41.824,-71.4128,2024,9,7,12
2024-09-07 13:00:00,724.0,499.0,225.0,620.8,24.3,52,5.2,205,1009.3,100,56,1,100,0.0,3600.0,41.824,-71.4128,2024,9,7,13
2024-09-07 14:00:00,503.0,158.0,345.0,200.1,24.2,53,8.2,157,1008.6,100,80,8,100,0.0,3600.0,41.824,-71.4128,2024,9,7,14
2024-09-07 15:00:00,302.0,49.0,253.0,67.5,22.9,56,14.9,160,1008.1,100,100,62,100,0.0,223.55,41.824,-71.4128,2024,9,7,15
2024-09-07 16:00:00,310.0,56.0,254.0,90.6,22.2,64,14.8,167,1007.6,100,3,15,100,0.0,918.25,41.824,-71.4128,2024,9,7,16
2024-09-07 17:00:00,248.0,40.0,208.0,84.8,21.7,67,14.4,177,1007.3,100,22,2,100,0.0,742.53,41.824,-71.4128,2024,9,7,17
2024-09-07 18:00:00,101.0,5.0,96.0,16.8,20.7,67,13.3,180,1007.1,100,20,1,100,0.0,0.0,41.824,-71.4128,2024,9,7,18
2024-09-07 19:00:00,40.0,3.0,37.0,24.6,19.5,71,12.6,180,1006.8,99,12,9,99,0.0,0.0,41.824,-71.4128,2024,9,7,19
2024-09-07 20:00:00,0.0,0.0,0.0,0.0,18.8,84,12.6,182,1006.7,96,59,23,89,0.0,0.0,41.824,-71.4128,2024,9,7,20
2024-09-07 21:00:00,0.0,0.0,0.0,0.0,18.2,88,10.3,245,1007.6,100,100,94,100,3.5,0.0,41.824,-71.4128,2024,9,7,21
2024-09-07 22:00:00,0.0,0.0,0.0,0.0,17.1,88,14.5,318,1008.3,100,100,74,15,0.7,0.0,41.824,-71.4128,2024,9,7,22
2024-09-07 23:00:00,0.0,0.0,0.0,0.0,15.4,87,11.5,316,1008.3,94,23,93,0,0.1,0.0,41.824,-71.4128,2024,9,7,23
2024-09-08 00:00:00,0.0,0.0,0.0,0.0,14.5,89,12.0,309,1008.8,85,0,85,0,0.1,0.0,41.824,-71.4128,2024,9,8,0
2024-09-08 01:00:00,0.0,0.0,0.0,0.0,14.5,88,13.8,298,1009.1,79,0,79,0,0.0,0.0,41.824,-71.4128,2024,9,8,1
2024-09-08 02:00:00,0.0,0.0,0.0,0.0,14.1,88,14.3,295,1009.1,3,0,3,0,0.0,0.0,41.824,-71.4128,2024,9,8,2
2024-09-08 03:00:00,0.0,0.0,0.0,0.0,13.0,90,14.2,297,1009.3,0,0,0,0,0.0,0.0,41.824,-71.4128,2024,9,8,3
2024-09-08 04:00:00,0.0,0.0,0.0,0.0,12.4,88,13.7,300,1009.8,0,0,0,0,0.0,0.0,41.824,-71.4128,2024,9,8,4
2024-09-08 05:00:00,0.0,0.0,0.0,0.0,11.7,88,12.7,299,1010.0,0,0,0,0,0.0,0.0,41.824,-71.4128,2024,9,8,5
2024-09-08 06:00:00,0.0,0.0,0.0,0.0,11.2,90,12.4,296,1010.0,0,0,0,0,0.0,0.0,41.824,-71.4128,2024,9,8,6
2024-09-08 07:00:00,19.0,10.0,9.0,128.5,11.4,87,15.6,296,1010.9,0,0,0,0,0.0,2010.22,41.824,-71.4128,2024,9,8,7
2024-09-08 08:00:00,164.0,116.0,48.0,546.3,13.0,75,15.6,296,1011.5,0,0,0,0,0.0,3600.0,41.824,-71.4128,2024,9,8,8
2024-09-08 09:00:00,355.0,287.0,68.0,727.5,14.8,66,16.8,293,1012.0,0,0,0,0,0.0,3600.0,41.824,-71.4128,2024,9,8,9
2024-09-08 10:00:00,536.0,456.0,80.0,823.0,16.0,60,14.2,294,1012.2,2,2,0,0,0.0,3600.0,41.824,-71.4128,2024,9,8,10
2024-09-08 11:00:00,680.0,587.0,93.0,863.2,17.2,56,12.2,289,1012.1,8,8,0,0,0.0,3600.0,41.824,-71.4128,2024,9,8,11
2024-09-08 12:00:00,775.0,669.0,106.0,875.7,18.4,50,13.0,275,1011.9,4,4,0,0,0.0,3600.0,41.824,-71.4128,2024,9,8,12
2024-09-08 13:00:00,824.0,724.0,100.0,905.0,19.4,44,14.1,276,1011.7,1,1,0,0,0.0,3600.0,41.824,-71.4128,2024,9,8,13
2024-09-08 14:00:00,805.0,702.0,103.0,893.4,19.9,44,15.2,277,1011.6,12,12,0,0,0.0,3600.0,41.824,-71.4128,2024,9,8,14
2024-09-08 15:00:00,713.0,603.0,110.0,835.1,20.1,43,16.2,283,1011.6,9,8,4,0,0.0,3600.0,41.824,-71.4128,2024,9,8,15
2024-09-08 16:00:00,594.0,504.0,90.0,821.7,19.9,40,17.1,288,1011.7,10,6,6,0,0.0,3600.0,41.824,-71.4128,2024,9,8,16
2024-09-08 17:00:00,422.0,337.0,85.0,721.6,19.3,37,16.7,284,1011.7,2,1,1,0,0.0,3600.0,41.824,-71.4128,2024,9,8,17
2024-09-08 18:00:00,245.0,187.0,58.0,638.2,18.3,42,10.5,276,1011.9,0,0,0,0,0.0,3600.0,41.824,-71.4128,2024,9,8,18
2024-09-08 19:00:00,66.0,42.0,24.0,351.8,16.1,52,8.4,301,1012.5,0,0,0,0,0.0,3600.0,41.824,-71.4128,2024,9,8,19
2024-09-08 20:00:00,0.0,0.0,0.0,0.0,14.5,58,7.7,307,1013.3,0,0,0,0,0.0,0.0,41.824,-71.4128,2024,9,8,20
2024-09-08 21:00:00,0.0,0.0,0.0,0.0,14.1,62,8.1,283,1014.4,0,0,0,0,0.0,0.0,41.824,-71.4128,2024,9,8,21
2024-09-08 22:00:00,0.0,0.0,0.0,0.0,13.4,65,9.4,247,1014.5,0,0,0,0,0.0,0.0,41.824,-71.4128,2024,9,8,22
2024-09-08 23:00:00,0.0,0.0,0.0,0.0,12.6,69,9.7,248,1014.7,0,0,0,0,0.0,0.0,41.824,-71.4128,2024,9,8,23
2024-09-09 00:00:00,0.0,0.0,0.0,0.0,12.3,67,11.3,248,1015.1,0,0,0,0,0.0,0.0,41.824,-71.4128,2024,9,9,0
2024-09-09 01:00:00,0.0,0.0,0.0,0.0,12.3,66,12.8,259,1015.6,0,0,0,0,0.0,0.0,41.824,-71.4128,2024,9,9,1
2024-09-09 02:00:00,0.0,0.0,0.0,0.0,12.8,62,13.1,262,1015.9,0,0,0,0,0.0,0.0,41.824,-71.4128,2024,9,9,2
2024-09-09 03:00:00,0.0,0.0,0.0,0.0,12.9,60,12.8,260,1015.7,0,0,0,0,0.0,0.0,41.824,-71.4128,2024,9,9,3
2024-09-09 04:00:00,0.0,0.0,0.0,0.0,12.8,61,13.8,261,1015.8,0,0,0,0,0.0,0.0,41.824,-71.4128,2024,9,9,4
2024-09-09 05:00:00,0.0,0.0,0.0,0.0,12.5,63,13.7,256,1015.8,0,0,0,0,0.0,0.0,41.824,-71.4128,2024,9,9,5
2024-09-09 06:00:00,0.0,0.0,0.0,0.0,12.1,66,12.7,255,1016.0,0,0,0,0,0.0,0.0,41.824,-71.4128,2024,9,9,6
2024-09-09 07:00:00,17.0,9.0,8.0,118.1,12.2,67,12.6,257,1016.6,0,0,0,0,0.0,1729.25,41.824,-71.4128,2024,9,9,7
2024-09-09 08:00:00,157.0,110.0,47.0,525.9,13.9,67,10.8,255,1016.8,11,0,0,11,0.0,3600.0,41.824,-71.4128,2024,9,9,8
2024-09-09 09:00:00,352.0,285.0,67.0,728.3,16.5,61,9.2,259,1016.9,61,0,0,61,0.0,3600.0,41.824,-71.4128,2024,9,9,9
2024-09-09 10:00:00,530.0,439.0,91.0,797.0,18.6,51,11.2,264,1016.9,31,0,0,31,0.0,3600.0,41.824,-71.4128,2024,9,9,10
2024-09-09 11:00:00,675.0,582.0,93.0,860.1,20.1,45,14.1,274,1016.6,0,0,0,0,0.0,3600.0,41.824,-71.4128,2024,9,9,11
2024-09-09 12:00:00,767.0,674.0,93.0,886.4,21.4,43,17.0,276,1015.9,16,15,13,0,0.0,3600.0,41.824,-71.4128,2024,9,9,12
2024-09-09 13:00:00,779.0,640.0,139.0,803.8,22.5,38,17.4,277,1015.4,59,0,59,0,0.0,3600.0,41.824,-71.4128,2024,9,9,13
2024-09-09 14:00:00,672.0,473.0,199.0,605.2,22.6,39,18.2,279,1014.7,100,4,100,0,0.0,3600.0,41.824,-71.4128,2024,9,9,14
2024-09-09 15:00:00,414.0,122.0,292.0,170.0,22.1,42,16.3,278,1014.5,99,63,99,1,0.0,3299.98,41.824,-71.4128,2024,9,9,15
2024-09-09 16:00:00,377.0,174.0,203.0,285.9,22.6,41,14.8,274,1013.9,100,96,100,0,0.0,3600.0,41.824,-71.4128,2024,9,9,16
2024-09-09 17:00:00,237.0,57.0,180.0,123.4,22.1,45,12.0,277,1013.6,15,1,14,2,0.0,1900.99,41.824,-71.4128,2024,9,9,17
2024-09-09 18:00:00,193.0,119.0,74.0,413.5,21.4,53,8.7,287,1013.6,3,0,2,0,0.0,3600.0,41.824,-71.4128,2024,9,9,18
2024-09-09 19:00:00,57.0,33.0,24.0,282.7,19.0,62,8.2,255,1013.8,5,2,5,0,0.0,3600.0,41.824,-71.4128,2024,9,9,19
2024-09-09 20:00:00,0.0,0.0,0.0,0.0,17.5,67,7.3,237,1014.2,5,0,5,0,0.0,0.0,41.824,-71.4128,2024,9,9,20
2024-09-09 21:00:00,0.0,0.0,0.0,0.0,16.8,73,8.4,250,1015.2,11,2,10,0,0.0,0.0,41.824,-71.4128,2024,9,9,21
2024-09-09 22:00:00,0.0,0.0,0.0,0.0,16.4,72,10.4,226,1015.2,5,0,4,1,0.0,0.0,41.824,-71.4128,2024,9,9,22
2024-09-09 23:00:00,0.0,0.0,0.0,0.0,16.3,71,13.7,235,1015.4,5,0,5,0,0.0,0.0,41.824,-71.4128,2024,9,9,23
2024-09-10 00:00:00,0.0,0.0,0.0,0.0,16.2,76,12.4,234,1015.3,14,0,0,14,0.0,0.0,41.824,-71.4128,2024,9,10,0
2024-09-10 01:00:00,0.0,0.0,0.0,0.0,15.8,81,12.0,231,1015.5,15,0,10,6,0.0,0.0,41.824,-71.4128,2024,9,10,1
2024-09-10 02:00:00,0.0,0.0,0.0,0.0,15.4,85,11.2,237,1015.3,100,0,16,100,0.0,0.0,41.824,-71.4128,2024,9,10,2
2024-09-10 03:00:00,0.0,0.0,0.0,0.0,15.0,87,10.0,244,1015.1,28,0,22,7,0.0,0.0,41.824,-71.4128,2024,9,10,3
2024-09-10 04:00:00,0.0,0.0,0.0,0.0,14.7,88,9.8,262,1014.9,2,0,2,0,0.0,0.0,41.824,-71.4128,2024,9,10,4
2024-09-10 05:00:00,0.0,0.0,0.0,0.0,14.2,86,9.7,268,1014.7,0,0,0,0,0.0,0.0,41.824,-71.4128,2024,9,10,5
2024-09-10 06:00:00,0.0,0.0,0.0,0.0,13.8,85,9.8,276,1015.0,2,1,2,0,0.0,0.0,41.824,-71.4128,2024,9,10,6
2024-09-10 07:00:00,15.0,7.0,8.0,93.8,14.0,82,10.8,285,1015.6,4,4,3,0,0.0,1139.84,41.824,-71.4128,2024,9,10,7
2024-09-10 08:00:00,144.0,94.0,50.0,456.4,16.0,77,8.6,292,1015.9,1,1,0,0,0.0,3600.0,41.824,-71.4128,2024,9,10,8
2024-09-10 09:00:00,331.0,260.0,71.0,669.9,18.6,70,10.7,312,1016.3,0,0,0,0,0.0,3600.0,41.824,-71.4128,2024,9,10,9
2024-09-10 10:00:00,510.0,428.0,82.0,781.7,20.2,63,9.8,324,1016.6,0,0,0,0,0.0,3600.0,41.824,-71.4128,2024,9,10,10
2024-09-10 11:00:00,654.0,564.0,90.0,837.7,21.5,57,9.9,314,1016.4,10,10,0,0,0.0,3600.0,41.824,-71.4128,2024,9,10,11
2024-09-10 12:00:00,747.0,647.0,100.0,855.0,22.8,50,11.2,310,1016.0,12,12,0,0,0.0,3600.0,41.824,-71.4128,2024,9,10,12
2024-09-10 13:00:00,783.0,673.0,110.0,849.4,23.5,46,10.7,303,1015.7,1,1,0,0,0.0,3600.0,41.824,-71.4128,2024,9,10,13
2024-09-10 14:00:00,782.0,685.0,97.0,881.1,24.1,40,11.1,306,1015.4,1,1,0,0,0.0,3600.0,41.824,-71.4128,2024,9,10,14
2024-09-10 15:00:00,710.0,621.0,89.0,870.8,24.1,37,11.3,307,1015.3,0,0,0,0,0.0,3600.0,41.824,-71.4128,2024,9,10,15
2024-09-10 16:00:00,586.0,504.0,82.0,834.6,23.8,37,11.4,305,1015.1,0,0,0,0,0.0,3600.0,41.824,-71.4128,2024,9,10,16
2024-09-10 17:00:00,420.0,348.0,72.0,761.5,23.1,38,11.7,304,1015.4,0,0,0,0,0.0,3600.0,41.824,-71.4128,2024,9,10,17
2024-09-10 18:00:00,231.0,175.0,56.0,619.5,21.6,46,9.6,304,1015.9,0,0,0,0,0.0,3600.0,41.824,-71.4128,2024,9,10,18
2024-09-10 19:00:00,58.0,36.0,22.0,315.6,18.8,54,10.5,292,1016.4,0,0,0,0,0.0,3513.03,41.824,-71.4128,2024,9,10,19
2024-09-10 20:00:00,0.0,0.0,0.0,0.0,17.7,51,12.7,295,1017.2,0,0,0,0,0.0,0.0,41.824,-71.4128,2024,9,10,20
2024-09-10 21:00:00,0.0,0.0,0.0,0.0,17.2,54,11.7,304,1017.9,0,0,0,0,0.0,0.0,41.824,-71.4128,2024,9,10,21
2024-09-10 22:00:00,0.0,0.0,0.0,0.0,16.0,59,10.7,312,1018.5,0,0,0,0,0.0,0.0,41.824,-71.4128,2024,9,10,22
2024-09-10 23:00:00,0.0,0.0,0.0,0.0,15.0,64,9.7,318,1018.8,0,0,0,0,0.0,0.0,41.824,-71.4128,2024,9,10,23
2024-09-11 00:00:00,0.0,0.0,0.0,0.0,14.2,68,9.7,321,1018.9,0,0,0,0,0.0,0.0,41.824,-71.4128,2024,9,11,0
2024-09-11 01:00:00,0.0,0.0,0.0,0.0,13.7,70,9.5,323,1019.0,0,0,0,0,0.0,0.0,41.824,-71.4128,2024,9,11,1
2024-09-11 02:00:00,0.0,0.0,0.0,0.0,13.3,71,9.2,329,1019.2,0,0,0,0,0.0,0.0,41.824,-71.4128,2024,9,11,2
2024-09-11 03:00:00,0.0,0.0,0.0,0.0,12.7,73,8.3,326,1019.4,0,0,0,0,0.0,0.0,41.824,-71.4128,2024,9,11,3
2024-09-11 04:00:00,0.0,0.0,0.0,0.0,12.2,74,8.0,324,1019.9,0,0,0,0,0.0,0.0,41.824,-71.4128,2024,9,11,4
2024-09-11 05:00:00,0.0,0.0,0.0,0.0,11.9,75,8.1,328,1020.1,0,0,0,0,0.0,0.0,41.824,-71.4128,2024,9,11,5
2024-09-11 06:00:00,0.0,0.0,0.0,0.0,11.7,76,8.4,329,1020.3,2,0,0,2,0.0,0.0,41.824,-71.4128,2024,9,11,6
2024-09-11 07:00:00,15.0,8.0,7.0,109.6,12.0,75,8.6,338,1020.9,12,0,0,12,0.0,1477.92,41.824,-71.4128,2024,9,11,7
2024-09-11 08:00:00,149.0,104.0,45.0,513.0,14.6,69,6.8,342,1021.2,23,0,0,23,0.0,3600.0,41.824,-71.4128,2024,9,11,8
2024-09-11 09:00:00,335.0,269.0,66.0,698.9,17.4,59,5.8,353,1021.9,34,0,0,34,0.0,3600.0,41.824,-71.4128,2024,9,11,9
2024-09-11 10:00:00,512.0,432.0,80.0,793.8,19.8,46,7.6,8,1022.0,71,0,0,71,0.0,3600.0,41.824,-71.4128,2024,9,11,10
2024-09-11 11:00:00,654.0,563.0,91.0,840.5,21.2,42,6.5,360,1022.0,10,0,0,10,0.0,3600.0,41.824,-71.4128,2024,9,11,11
2024-09-11 12:00:00,752.0,658.0,94.0,873.8,22.5,39,4.7,356,1021.9,1,0,0,1,0.0,3600.0,41.824,-71.4128,2024,9,11,12
2024-09-11 13:00:00,794.0,702.0,92.0,890.5,23.5,37,3.3,354,1021.4,24,0,0,24,0.0,3600.0,41.824,-71.4128,2024,9,11,13
2024-09-11 14:00:00,776.0,683.0,93.0,883.4,24.3,36,1.5,346,1020.9,79,0,0,79,0.0,3600.0,41.824,-71.4128,2024,9,11,14
2024-09-11 15:00:00,696.0,600.0,96.0,846.8,24.7,36,0.8,153,1020.5,88,0,0,88,0.0,3600.0,41.824,-71.4128,2024,9,11,15
2024-09-11 16:00:00,554.0,432.0,122.0,721.2,24.6,36,2.5,172,1020.1,100,0,0,100,0.0,3600.0,41.824,-71.4128,2024,9,11,16
2024-09-11 17:00:00,376.0,253.0,123.0,559.9,24.1,37,3.4,162,1019.9,99,0,0,99,0.0,3600.0,41.824,-71.4128,2024,9,11,17
2024-09-11 18:00:00,210.0,140.0,70.0,505.1,21.9,47,10.0,159,1020.0,40,0,0,40,0.0,3600.0,41.824,-71.4128,2024,9,11,18
2024-09-11 19:00:00,52.0,30.0,22.0,269.4,18.6,57,8.0,190,1020.4,0,0,0,0,0.0,3410.09,41.824,-71.4128,2024,9,11,19
2024-09-11 20:00:00,0.0,0.0,0.0,0.0,17.3,60,9.7,195,1020.9,0,0,0,0,0.0,0.0,41.824,-71.4128,2024,9,11,20
2024-09-11 21:00:00,0.0,0.0,0.0,0.0,16.2,67,6.5,214,1021.8,8,0,0,8,0.0,0.0,41.824,-71.4128,2024,9,11,21
2024-09-11 22:00:00,0.0,0.0,0.0,0.0,15.5,68,6.6,229,1022.0,40,0,0,40,0.0,0.0,41.824,-71.4128,2024,9,11,22
2024-09-11 23:00:00,0.0,0.0,0.0,0.0,15.0,70,6.3,239,1022.2,29,0,0,29,0.0,0.0,41.824,-71.4128,2024,9,11,23
2024-09-12 00:00:00,0.0,0.0,0.0,0.0,14.3,74,5.6,255,1022.1,0,0,0,0,0.0,0.0,41.824,-71.4128,2024,9,12,0
2024-09-12 01:00:00,0.0,0.0,0.0,0.0,13.9,78,5.4,262,1022.1,0,0,0,0,0.0,0.0,41.824,-71.4128,2024,9,12,1
2024-09-12 02:00:00,0.0,0.0,0.0,0.0,13.6,83,5.4,274,1021.9,0,0,0,0,0.0,0.0,41.824,-71.4128,2024,9,12,2
2024-09-12 03:00:00,0.0,0.0,0.0,0.0,13.2,88,5.2,282,1022.1,0,0,0,0,0.0,0.0,41.824,-71.4128,2024,9,12,3
2024-09-12 04:00:00,0.0,0.0,0.0,0.0,13.0,90,6.5,273,1022.2,0,0,0,0,0.0,0.0,41.824,-71.4128,2024,9,12,4
2024-09-12 05:00:00,0.0,0.0,0.0,0.0,12.7,92,4.7,266,1022.3,0,0,0,0,0.0,0.0,41.824,-71.4128,2024,9,12,5
2024-09-12 06:00:00,0.0,0.0,0.0,0.0,12.6,92,5.8,263,1022.6,0,0,0,0,0.0,0.0,41.824,-71.4128,2024,9,12,6
2024-09-12 07:00:00,14.0,6.0,8.0,84.0,13.0,92,7.2,264,1023.0,0,0,0,0,0.0,889.88,41.824,-71.4128,2024,9,12,7
2024-09-12 08:00:00,142.0,96.0,46.0,481.2,15.7,83,5.2,245,1023.3,0,0,0,0,0.0,3600.0,41.824,-71.4128,2024,9,12,8
2024-09-12 09:00:00,326.0,256.0,70.0,670.8,18.7,77,2.7,203,1023.9,0,0,0,0,0.0,3600.0,41.824,-71.4128,2024,9,12,9
2024-09-12 10:00:00,503.0,423.0,80.0,782.1,21.4,61,4.7,212,1024.1,0,0,0,0,0.0,3600.0,41.824,-71.4128,2024,9,12,10
2024-09-12 11:00:00,646.0,559.0,87.0,839.0,23.2,51,4.9,216,1024.1,5,0,0,5,0.0,3600.0,41.824,-71.4128,2024,9,12,11
2024-09-12 12:00:00,742.0,650.0,92.0,867.5,24.5,47,4.8,193,1023.8,1,0,0,1,0.0,3600.0,41.824,-71.4128,2024,9,12,12
2024-09-12 13:00:00,782.0,689.0,93.0,878.5,25.3,44,6.3,167,1023.2,0,0,0,0,0.0,3600.0,41.824,-71.4128,2024,9,12,13
2024-09-12 14:00:00,764.0,672.0,92.0,874.1,25.7,44,7.7,152,1022.9,0,0,0,0,0.0,3600.0,41.824,-71.4128,2024,9,12,14
2024-09-12 15:00:00,688.0,599.0,89.0,850.9,25.6,43,10.4,146,1022.5,0,0,0,0,0.0,3600.0,41.824,-71.4128,2024,9,12,15
2024-09-12 16:00:00,562.0,479.0,83.0,806.3,24.5,44,15.0,145,1022.3,1,1,0,0,0.0,3600.0,41.824,-71.4128,2024,9,12,16
2024-09-12 17:00:00,398.0,325.0,73.0,727.7,22.7,50,15.0,145,1022.1,0,0,0,0,0.0,3600.0,41.824,-71.4128,2024,9,12,17
2024-09-12 18:00:00,214.0,159.0,55.0,585.1,21.3,61,11.6,150,1021.9,0,0,0,0,0.0,3600.0,41.824,-71.4128,2024,9,12,18
2024-09-12 19:00:00,49.0,30.0,19.0,276.2,19.2,70,9.5,171,1022.2,0,0,0,0,0.0,3306.35,41.824,-71.4128,2024,9,12,19
2024-09-12 20:00:00,0.0,0.0,0.0,0.0,17.8,75,9.4,187,1022.5,0,0,0,0,0.0,0.0,41.824,-71.4128,2024,9,12,20
2024-09-12 21:00:00,0.0,0.0,0.0,0.0,17.0,77,8.7,204,1023.2,0,0,0,0,0.0,0.0,41.824,-71.4128,2024,9,12,21
2024-09-12 22:00:00,0.0,0.0,0.0,0.0,16.1,82,8.3,214,1023.4,0,0,0,0,0.0,0.0,41.824,-71.4128,2024,9,12,22
2024-09-12 23:00:00,0.0,0.0,0.0,0.0,15.5,83,8.7,232,1023.4,0,0,0,0,0.0,0.0,41.824,-71.4128,2024,9,12,23
2024-09-13 00:00:00,0.0,0.0,0.0,0.0,15.2,84,8.9,238,1023.5,0,0,0,0,0.0,0.0,41.824,-71.4128,2024,9,13,0
2024-09-13 01:00:00,0.0,0.0,0.0,0.0,15.1,84,8.4,245,1023.4,6,0,0,6,0.0,0.0,41.824,-71.4128,2024,9,13,1
2024-09-13 02:00:00,0.0,0.0,0.0,0.0,14.9,85,8.9,249,1023.2,13,0,0,13,0.0,0.0,41.824,-71.4128,2024,9,13,2
2024-09-13 03:00:00,0.0,0.0,0.0,0.0,14.8,86,8.6,255,1023.0,19,0,0,19,0.0,0.0,41.824,-71.4128,2024,9,13,3
2024-09-13 04:00:00,0.0,0.0,0.0,0.0,14.5,88,6.9,264,1022.9,93,0,23,93,0.0,0.0,41.824,-71.4128,2024,9,13,4
2024-09-13 05:00:00,0.0,0.0,0.0,0.0,14.6,87,8.4,245,1023.1,57,0,53,30,0.0,0.0,41.824,-71.4128,2024,9,13,5
2024-09-13 06:00:00,0.0,0.0,0.0,0.0,14.5,87,7.9,246,1023.0,0,0,0,0,0.0,0.0,41.824,-71.4128,2024,9,13,6
2024-09-13 07:00:00,13.0,6.0,7.0,86.0,14.6,87,9.0,247,1023.0,61,0,22,51,0.0,919.62,41.824,-71.4128,2024,9,13,7
2024-09-13 08:00:00,120.0,64.0,56.0,326.2,16.7,81,7.5,253,1023.3,5,0,5,0,0.0,3600.0,41.824,-71.4128,2024,9,13,8
2024-09-13 09:00:00,323.0,255.0,68.0,673.9,19.4,73,4.4,235,1023.5,0,0,0,0,0.0,3600.0,41.824,-71.4128,2024,9,13,9
2024-09-13 10:00:00,498.0,419.0,79.0,779.5,22.2,63,5.0,240,1023.4,0,0,0,0,0.0,3600.0,41.824,-71.4128,2024,9,13,10
2024-09-13 11:00:00,639.0,552.0,87.0,832.9,24.3,55,4.5,241,1023.2,0,0,0,0,0.0,3600.0,41.824,-71.4128,2024,9,13,11
2024-09-13 12:00:00,734.0,642.0,92.0,861.1,25.7,50,3.1,225,1022.7,0,0,0,0,0.0,3600.0,41.824,-71.4128,2024,9,13,12
2024-09-13 13:00:00,774.0,681.0,93.0,872.8,26.7,46,2.7,203,1022.1,0,0,0,0,0.0,3600.0,41.824,-71.4128,2024,9,13,13
2024-09-13 14:00:00,754.0,662.0,92.0,866.0,27.2,44,3.3,167,1021.5,1,0,0,1,0.0,3600.0,41.824,-71.4128,2024,9,13,14
2024-09-13 15:00:00,674.0,584.0,90.0,835.2,27.1,46,6.8,155,1021.0,6,0,1,5,0.0,3600.0,41.824,-71.4128,2024,9,13,15
2024-09-13 16:00:00,540.0,447.0,93.0,758.8,25.7,56,12.9,153,1020.7,12,0,3,10,0.0,3600.0,41.824,-71.4128,2024,9,13,16
2024-09-13 17:00:00,370.0,290.0,80.0,657.0,23.8,60,14.0,151,1020.8,21,0,5,17,0.0,3600.0,41.824,-71.4128,2024,9,13,17
2024-09-13 18:00:00,191.0,128.0,63.0,480.7,22.5,68,10.5,164,1020.8,61,0,13,55,0.0,3600.0,41.824,-71.4128,2024,9,13,18
2024-09-13 19:00:00,36.0,15.0,21.0,141.7,21.2,72,8.9,194,1021.1,7,0,7,1,0.0,3031.31,41.824,-71.4128,2024,9,13,19
2024-09-13 20:00:00,0.0,0.0,0.0,0.0,19.8,77,7.4,209,1021.6,8,1,7,0,0.0,0.0,41.824,-71.4128,2024,9,13,20
2024-09-13 21:00:00,0.0,0.0,0.0,0.0,19.2,82,9.2,222,1022.1,7,5,3,0,0.0,0.0,41.824,-71.4128,2024,9,13,21
2024-09-13 22:00:00,0.0,0.0,0.0,0.0,18.6,84,8.6,237,1022.3,3,0,3,0,0.0,0.0,41.824,-71.4128,2024,9,13,22
2024-09-13 23:00:00,0.0,0.0,0.0,0.0,18.2,87,8.4,260,1022.3,3,0,3,0,0.0,0.0,41.824,-71.4128,2024,9,13,23
2024-09-14 00:00:00,0.0,0.0,0.0,0.0,17.8,88,8.8,289,1022.2,1,0,1,0,0.0,0.0,41.824,-71.4128,2024,9,14,0
2024-09-14 01:00:00,0.0,0.0,0.0,0.0,17.3,87,9.7,301,1022.1,0,0,0,0,0.0,0.0,41.824,-71.4128,2024,9,14,1
2024-09-14 02:00:00,0.0,0.0,0.0,0.0,16.9,85,9.2,318,1021.8,0,0,0,0,0.0,0.0,41.824,-71.4128,2024,9,14,2
2024-09-14 03:00:00,0.0,0.0,0.0,0.0,16.3,89,8.0,333,1021.6,0,0,0,0,0.0,0.0,41.824,-71.4128,2024,9,14,3
2024-09-14 04:00:00,0.0,0.0,0.0,0.0,15.9,95,7.1,345,1021.6,0,0,0,0,0.0,0.0,41.824,-71.4128,2024,9,14,4
2024-09-14 05:00:00,0.0,0.0,0.0,0.0,15.7,97,7.5,343,1021.8,0,0,0,0,0.0,0.0,41.824,-71.4128,2024,9,14,5
2024-09-14 06:00:00,0.0,0.0,0.0,0.0,15.4,98,8.0,350,1022.1,0,0,0,0,0.0,0.0,41.824,-71.4128,2024,9,14,6
2024-09-14 07:00:00,12.0,5.0,7.0,73.4,15.7,96,8.1,347,1022.7,0,0,0,0,0.0,641.21,41.824,-71.4128,2024,9,14,7
2024-09-14 08:00:00,136.0,92.0,44.0,476.8,18.0,86,6.2,350,1023.2,0,0,0,0,0.0,3600.0,41.824,-71.4128,2024,9,14,8
2024-09-14 09:00:00,317.0,249.0,68.0,663.9,20.7,79,5.1,4,1023.7,0,0,0,0,0.0,3600.0,41.824,-71.4128,2024,9,14,9
2024-09-14 10:00:00,491.0,411.0,80.0,769.6,23.3,69,5.9,14,1023.9,0,0,0,0,0.0,3600.0,41.824,-71.4128,2024,9,14,10
2024-09-14 11:00:00,634.0,546.0,88.0,828.4,25.4,60,7.4,29,1023.9,12,10,9,0,0.0,3600.0,41.824,-71.4128,2024,9,14,11
2024-09-14 12:00:00,687.0,575.0,112.0,775.3,26.6,52,9.2,45,1023.7,24,3,24,0,0.0,3600.0,41.824,-71.4128,2024,9,14,12
2024-09-14 13:00:00,693.0,551.0,142.0,710.0,27.2,47,10.2,48,1023.3,20,0,20,0,0.0,3600.0,41.824,-71.4128,2024,9,14,13
2024-09-14 14:00:00,674.0,555.0,119.0,730.3,27.4,45,11.3,53,1023.0,41,0,41,0,0.0,3600.0,41.824,-71.4128,2024,9,14,14
2024-09-14 15:00:00,535.0,403.0,132.0,580.3,26.8,47,10.8,60,1022.7,48,0,48,0,0.0,3600.0,41.824,-71.4128,2024,9,14,15
2024-09-14 16:00:00,405.0,265.0,140.0,453.8,26.1,53,10.2,51,1022.7,33,4,31,0,0.0,3600.0,41.824,-71.4128,2024,9,14,16
2024-09-14 17:00:00,337.0,252.0,85.0,577.9,25.4,57,10.5,38,1022.7,7,1,7,0,0.0,3600.0,41.824,-71.4128,2024,9,14,17
2024-09-14 18:00:00,185.0,126.0,59.0,483.2,23.7,64,10.8,30,1023.0,15,0,15,0,0.0,3600.0,41.824,-71.4128,2024,9,14,18
2024-09-14 19:00:00,39.0,22.0,17.0,213.5,21.0,75,9.8,28,1023.7,10,0,10,0,0.0,3096.93,41.824,-71.4128,2024,9,14,19
2024-09-14 20:00:00,0.0,0.0,0.0,0.0,18.9,85,10.9,34,1024.4,12,0,12,0,0.0,0.0,41.824,-71.4128,2024,9,14,20
2024-09-14 21:00:00,0.0,0.0,0.0,0.0,18.0,90,8.9,40,1025.0,1,0,1,0,0.0,0.0,41.824,-71.4128,2024,9,14,21
2024-09-14 22:00:00,0.0,0.0,0.0,0.0,16.9,97,8.1,32,1025.1,0,0,0,0,0.0,0.0,41.824,-71.4128,2024,9,14,22
2024-09-14 23:00:00,0.0,0.0,0.0,0.0,16.4,99,5.8,30,1025.4,0,0,0,0,0.0,0.0,41.824,-71.4128,2024,9,14,23
2024-09-15 00:00:00,0.0,0.0,0.0,0.0,16.1,99,5.8,4,1025.8,3,0,3,0,0.0,0.0,41.824,-71.4128,2024,9,15,0
2024-09-15 01:00:00,0.0,0.0,0.0,0.0,15.7,98,6.9,354,1025.8,1,0,1,0,0.0,0.0,41.824,-71.4128,2024,9,15,1
2024-09-15 02:00:00,0.0,0.0,0.0,0.0,15.4,98,6.9,6,1025.5,0,0,0,0,0.0,0.0,41.824,-71.4128,2024,9,15,2
2024-09-15 03:00:00,0.0,0.0,0.0,0.0,15.1,96,6.2,7,1025.2,0,0,0,0,0.0,0.0,41.824,-71.4128,2024,9,15,3
2024-09-15 04:00:00,0.0,0.0,0.0,0.0,14.9,95,6.8,18,1025.4,4,4,0,0,0.0,0.0,41.824,-71.4128,2024,9,15,4
2024-09-15 05:00:00,0.0,0.0,0.0,0.0,14.6,94,6.8,18,1025.9,10,10,0,0,0.0,0.0,41.824,-71.4128,2024,9,15,5
2024-09-15 06:00:00,0.0,0.0,0.0,0.0,14.3,94,6.7,16,1026.3,3,3,1,0,0.0,0.0,41.824,-71.4128,2024,9,15,6
2024-09-15 07:00:00,11.0,4.0,7.0,60.2,14.3,93,7.8,13,1026.9,2,2,0,0,0.0,363.17,41.824,-71.4128,2024,9,15,7
2024-09-15 08:00:00,132.0,85.0,47.0,448.2,16.5,84,5.9,11,1027.1,5,5,4,0,0.0,3600.0,41.824,-71.4128,2024,9,15,8
2024-09-15 09:00:00,264.0,158.0,106.0,425.0,19.0,75,6.4,16,1027.7,6,5,3,0,0.0,3600.0,41.824,-71.4128,2024,9,15,9
2024-09-15 10:00:00,484.0,395.0,89.0,744.4,21.2,58,5.7,35,1027.7,0,0,0,0,0.0,3600.0,41.824,-71.4128,2024,9,15,10
2024-09-15 11:00:00,636.0,548.0,88.0,836.0,22.9,52,5.6,45,1027.6,0,0,0,0,0.0,3600.0,41.824,-71.4128,2024,9,15,11
2024-09-15 12:00:00,732.0,640.0,92.0,867.5,24.3,48,5.4,53,1027.5,0,0,0,0,0.0,3600.0,41.824,-71.4128,2024,9,15,12
2024-09-15 13:00:00,774.0,682.0,92.0,883.6,25.3,46,5.6,75,1027.1,1,1,0,0,0.0,3600.0,41.824,-71.4128,2024,9,15,13
2024-09-15 14:00:00,755.0,661.0,94.0,874.9,25.9,44,6.5,93,1026.5,2,2,0,0,0.0,3600.0,41.824,-71.4128,2024,9,15,14
2024-09-15 15:00:00,678.0,587.0,91.0,851.2,26.0,41,8.0,108,1026.1,3,3,0,0,0.0,3600.0,41.824,-71.4128,2024,9,15,15
2024-09-15 16:00:00,551.0,468.0,83.0,808.5,25.6,40,9.6,110,1026.0,0,0,0,0,0.0,3600.0,41.824,-71.4128,2024,9,15,16
2024-09-15 17:00:00,387.0,316.0,71.0,733.7,24.5,41,10.2,108,1025.9,0,0,0,0,0.0,3600.0,41.824,-71.4128,2024,9,15,17
2024-09-15 18:00:00,202.0,149.0,53.0,583.8,22.6,48,9.3,103,1025.8,0,0,0,0,0.0,3600.0,41.824,-71.4128,2024,9,15,18
2024-09-15 19:00:00,40.0,24.0,16.0,239.5,19.7,59,7.9,120,1025.9,0,0,0,0,0.0,2991.46,41.824,-71.4128,2024,9,15,19
2024-09-15 20:00:00,0.0,0.0,0.0,0.0,18.0,69,8.2,157,1026.5,0,0,0,0,0.0,0.0,41.824,-71.4128,2024,9,15,20
2024-09-15 21:00:00,0.0,0.0,0.0,0.0,17.0,76,6.1,183,1026.8,0,0,0,0,0.0,0.0,41.824,-71.4128,2024,9,15,21
2024-09-15 22:00:00,0.0,0.0,0.0,0.0,16.7,77,7.2,180,1027.0,0,0,0,0,0.0,0.0,41.824,-71.4128,2024,9,15,22
2024-09-15 23:00:00,0.0,0.0,0.0,0.0,15.2,87,8.3,175,1026.9,0,0,0,0,0.0,0.0,41.824,-71.4128,2024,9,15,23
2024-09-16 00:00:00,0.0,0.0,0.0,0.0,16.1,81,4.3,185,1026.6,0,0,0,0,0.0,0.0,41.824,-71.4128,2024,9,16,0
2024-09-16 01:00:00,0.0,0.0,0.0,0.0,15.5,85,0.5,315,1026.4,0,0,0,0,0.0,0.0,41.824,-71.4128,2024,9,16,1
2024-09-16 02:00:00,0.0,0.0,0.0,0.0,13.2,94,2.6,304,1026.6,0,0,0,0,0.0,0.0,41.824,-71.4128,2024,9,16,2
2024-09-16 03:00:00,0.0,0.0,0.0,0.0,13.4,93,3.3,319,1026.1,0,0,0,0,0.0,0.0,41.824,-71.4128,2024,9,16,3
2024-09-16 04:00:00,0.0,0.0,0.0,0.0,12.3,96,4.6,315,1025.9,0,0,0,0,0.0,0.0,41.824,-71.4128,2024,9,16,4
2024-09-16 05:00:00,0.0,0.0,0.0,0.0,11.8,98,4.3,318,1026.0,0,0,0,0,0.0,0.0,41.824,-71.4128,2024,9,16,5
2024-09-16 06:00:00,0.0,0.0,0.0,0.0,11.4,100,5.1,315,1026.2,0,0,0,0,0.0,0.0,41.824,-71.4128,2024,9,16,6
2024-09-16 07:00:00,10.0,4.0,6.0,61.7,11.6,99,6.4,308,1026.5,0,0,0,0,0.0,393.62,41.824,-71.4128,2024,9,16,7
2024-09-16 08:00:00,129.0,81.0,48.0,434.7,14.4,89,4.1,308,1026.7,0,0,0,0,0.0,3600.0,41.824,-71.4128,2024,9,16,8
2024-09-16 09:00:00,321.0,256.0,65.0,695.0,17.5,75,3.2,360,1027.2,0,0,0,0,0.0,3600.0,41.824,-71.4128,2024,9,16,9
2024-09-16 10:00:00,500.0,425.0,75.0,806.3,20.0,61,2.6,16,1027.2,0,0,0,0,0.0,3600.0,41.824,-71.4128,2024,9,16,10
2024-09-16 11:00:00,644.0,561.0,83.0,860.7,22.1,48,2.3,39,1026.9,0,0,0,0,0.0,3600.0,41.824,-71.4128,2024,9,16,11
2024-09-16 12:00:00,742.0,655.0,87.0,892.6,24.0,38,1.8,37,1026.3,0,0,0,0,0.0,3600.0,41.824,-71.4128,2024,9,16,12
2024-09-16 13:00:00,783.0,695.0,88.0,905.4,25.5,33,1.4,90,1025.6,0,0,0,0,0.0,3600.0,41.824,-71.4128,2024,9,16,13
2024-09-16 14:00:00,764.0,678.0,86.0,902.9,26.4,30,3.3,139,1024.9,0,0,0,0,0.0,3600.0,41.824,-71.4128,2024,9,16,14
2024-09-16 15:00:00,688.0,604.0,84.0,882.0,26.6,29,5.7,145,1024.0,0,0,0,0,0.0,3600.0,41.824,-71.4128,2024,9,16,15
2024-09-16 16:00:00,559.0,481.0,78.0,838.4,26.0,32,8.2,157,1023.5,3,0,0,3,0.0,3600.0,41.824,-71.4128,2024,9,16,16
2024-09-16 17:00:00,389.0,322.0,67.0,757.1,23.7,45,12.1,170,1023.5,0,0,0,0,0.0,3600.0,41.824,-71.4128,2024,9,16,17
2024-09-16 18:00:00,200.0,149.0,51.0,596.9,21.2,61,10.3,168,1023.8,17,0,0,17,0.0,3600.0,41.824,-71.4128,2024,9,16,18
2024-09-16 19:00:00,38.0,22.0,16.0,225.9,18.5,78,10.9,174,1023.8,20,0,0,20,0.0,2885.64,41.824,-71.4128,2024,9,16,19
2024-09-16 20:00:00,0.0,0.0,0.0,0.0,17.1,86,9.7,184,1024.1,97,0,0,97,0.0,0.0,41.824,-71.4128,2024,9,16,20
2024-09-16 21:00:00,0.0,0.0,0.0,0.0,16.2,94,8.3,198,1024.6,100,0,0,100,0.0,0.0,41.824,-71.4128,2024,9,16,21
2024-09-16 22:00:00,0.0,0.0,0.0,0.0,15.7,95,7.4,223,1024.8,100,0,0,100,0.0,0.0,41.824,-71.4128,2024,9,16,22
2024-09-16 23:00:00,0.0,0.0,0.0,0.0,15.3,95,6.3,239,1024.5,100,1,0,100,0.0,0.0,41.824,-71.4128,2024,9,16,23
2024-09-17 00:00:00,0.0,0.0,0.0,0.0,15.1,95,5.4,250,1024.2,100,1,0,100,0.0,0.0,41.824,-71.4128,2024,9,17,0
2024-09-17 01:00:00,0.0,0.0,0.0,0.0,14.7,97,6.2,277,1024.0,100,12,0,100,0.0,0.0,41.824,-71.4128,2024,9,17,1
2024-09-17 02:00:00,0.0,0.0,0.0,0.0,13.8,99,5.7,288,1023.8,100,14,0,100,0.0,0.0,41.824,-71.4128,2024,9,17,2
2024-09-17 03:00:00,0.0,0.0,0.0,0.0,13.3,100,6.4,286,1023.5,100,99,0,100,0.0,0.0,41.824,-71.4128,2024,9,17,3
2024-09-17 04:00:00,0.0,0.0,0.0,0.0,13.1,100,5.6,285,1023.2,100,98,0,100,0.0,0.0,41.824,-71.4128,2024,9,17,4
2024-09-17 05:00:00,0.0,0.0,0.0,0.0,12.7,100,5.2,282,1023.2,100,100,0,99,0.0,0.0,41.824,-71.4128,2024,9,17,5
2024-09-17 06:00:00,0.0,0.0,0.0,0.0,12.2,100,4.3,275,1022.9,100,100,0,94,0.0,0.0,41.824,-71.4128,2024,9,17,6
2024-09-17 07:00:00,8.0,1.0,7.0,15.8,12.1,100,5.1,266,1023.0,100,100,0,9,0.0,0.0,41.824,-71.4128,2024,9,17,7
2024-09-17 08:00:00,92.0,20.0,72.0,109.3,13.5,98,3.6,264,1023.2,100,100,0,1,0.0,1478.3,41.824,-71.4128,2024,9,17,8
2024-09-17 09:00:00,290.0,202.0,88.0,553.5,17.7,85,2.3,252,1023.5,24,11,0,14,0.0,3600.0,41.824,-71.4128,2024,9,17,9
2024-09-17 10:00:00,493.0,407.0,86.0,777.3,20.9,68,1.3,236,1023.2,96,0,0,96,0.0,3600.0,41.824,-71.4128,2024,9,17,10
2024-09-17 11:00:00,622.0,498.0,124.0,768.5,23.4,52,0.4,180,1022.8,93,0,0,93,0.0,3600.0,41.824,-71.4128,2024,9,17,11
2024-09-17 12:00:00,724.0,603.0,121.0,826.2,25.4,41,0.8,153,1022.3,100,0,0,100,0.0,3600.0,41.824,-71.4128,2024,9,17,12
2024-09-17 13:00:00,762.0,634.0,128.0,830.6,26.8,36,2.1,149,1021.7,100,0,0,100,0.0,3600.0,41.824,-71.4128,2024,9,17,13
2024-09-17 14:00:00,727.0,578.0,149.0,774.5,27.6,34,3.3,139,1021.0,100,0,0,100,0.0,3600.0,41.824,-71.4128,2024,9,17,14
2024-09-17 15:00:00,637.0,477.0,160.0,701.6,27.8,34,6.0,147,1020.3,100,0,0,100,0.0,3600.0,41.824,-71.4128,2024,9,17,15
2024-09-17 16:00:00,450.0,225.0,225.0,395.8,27.0,35,8.1,159,1019.9,100,0,0,100,0.0,3600.0,41.824,-71.4128,2024,9,17,16
2024-09-17 17:00:00,287.0,114.0,173.0,271.5,25.3,41,10.2,172,1020.0,100,0,0,100,0.0,3600.0,41.824,-71.4128,2024,9,17,17
2024-09-17 18:00:00,132.0,25.0,107.0,102.5,22.5,65,10.6,162,1020.0,100,0,0,100,0.0,1273.9,41.824,-71.4128,2024,9,17,18
2024-09-17 19:00:00,25.0,4.0,21.0,42.3,20.0,85,11.0,169,1020.1,100,0,0,100,0.0,0.0,41.824,-71.4128,2024,9,17,19
2024-09-17 20:00:00,0.0,0.0,0.0,0.0,18.4,95,10.1,176,1020.1,99,0,0,99,0.0,0.0,41.824,-71.4128,2024,9,17,20
2024-09-17 21:00:00,0.0,0.0,0.0,0.0,17.3,95,7.6,199,1020.6,1,0,0,0,0.0,0.0,41.824,-71.4128,2024,9,17,21
2024-09-17 22:00:00,0.0,0.0,0.0,0.0,16.6,96,6.4,218,1020.4,99,0,0,99,0.0,0.0,41.824,-71.4128,2024,9,17,22
2024-09-17 23:00:00,0.0,0.0,0.0,0.0,15.9,96,5.8,270,1020.2,100,0,0,100,0.0,0.0,41.824,-71.4128,2024,9,17,23
2024-09-18 00:00:00,0.0,0.0,0.0,0.0,15.2,97,6.4,286,1020.2,100,0,0,100,0.0,0.0,41.824,-71.4128,2024,9,18,0
2024-09-18 01:00:00,0.0,0.0,0.0,0.0,14.8,97,5.7,288,1020.1,99,0,0,99,0.0,0.0,41.824,-71.4128,2024,9,18,1
2024-09-18 02:00:00,0.0,0.0,0.0,0.0,14.3,98,4.9,306,1019.9,99,0,0,99,0.0,0.0,41.824,-71.4128,2024,9,18,2
2024-09-18 03:00:00,0.0,0.0,0.0,0.0,12.9,100,4.1,308,1019.3,77,0,0,77,0.0,0.0,41.824,-71.4128,2024,9,18,3
2024-09-18 04:00:00,0.0,0.0,0.0,0.0,12.0,100,4.2,301,1018.9,99,0,0,99,0.0,0.0,41.824,-71.4128,2024,9,18,4
2024-09-18 05:00:00,0.0,0.0,0.0,0.0,12.0,100,1.5,284,1018.8,100,95,0,100,0.0,0.0,41.824,-71.4128,2024,9,18,5
2024-09-18 06:00:00,0.0,0.0,0.0,0.0,12.4,100,1.5,315,1018.7,100,0,0,100,0.0,0.0,41.824,-71.4128,2024,9,18,6
2024-09-18 07:00:00,7.0,0.0,7.0,0.0,13.5,97,1.1,288,1019.3,100,2,0,100,0.0,0.0,41.824,-71.4128,2024,9,18,7
2024-09-18 08:00:00,101.0,28.0,73.0,155.8,15.6,91,1.3,304,1019.3,100,3,0,100,0.0,2875.04,41.824,-71.4128,2024,9,18,8
2024-09-18 09:00:00,226.0,66.0,160.0,182.5,17.4,85,1.3,326,1019.1,100,2,0,100,0.0,3600.0,41.824,-71.4128,2024,9,18,9
2024-09-18 10:00:00,402.0,194.0,208.0,373.1,20.5,75,1.9,68,1019.0,100,1,0,100,0.0,3600.0,41.824,-71.4128,2024,9,18,10
2024-09-18 11:00:00,390.0,62.0,328.0,96.2,21.8,69,3.4,108,1019.1,100,0,0,100,0.0,1087.0,41.824,-71.4128,2024,9,18,11
2024-09-18 12:00:00,510.0,174.0,336.0,239.7,23.5,61,5.4,82,1018.4,100,0,0,100,0.0,3600.0,41.824,-71.4128,2024,9,18,12
2024-09-18 13:00:00,501.0,138.0,363.0,181.8,24.3,53,5.8,97,1017.9,100,0,0,100,0.0,3600.0,41.824,-71.4128,2024,9,18,13
2024-09-18 14:00:00,416.0,73.0,343.0,98.4,24.5,50,6.5,96,1017.3,100,0,0,100,0.0,1152.94,41.824,-71.4128,2024,9,18,14
2024-09-18 15:00:00,399.0,90.0,309.0,133.4,24.6,49,6.5,96,1016.6,100,0,0,100,0.0,2200.74,41.824,-71.4128,2024,9,18,15
2024-09-18 16:00:00,308.0,50.0,258.0,88.8,24.4,52,6.2,100,1016.1,100,0,0,100,0.0,863.1,41.824,-71.4128,2024,9,18,16
2024-09-18 17:00:00,252.0,76.0,176.0,183.4,24.0,54,7.2,90,1015.5,100,0,10,100,0.0,3600.0,41.824,-71.4128,2024,9,18,17
2024-09-18 18:00:00,117.0,22.0,95.0,92.3,22.4,65,7.3,79,1015.2,100,0,0,100,0.0,969.08,41.824,-71.4128,2024,9,18,18
2024-09-18 19:00:00,19.0,0.0,19.0,0.0,20.1,75,8.9,63,1014.9,100,0,4,100,0.0,0.0,41.824,-71.4128,2024,9,18,19
2024-09-18 20:00:00,0.0,0.0,0.0,0.0,18.5,84,8.2,61,1015.0,100,0,35,100,0.0,0.0,41.824,-71.4128,2024,9,18,20
2024-09-18 21:00:00,0.0,0.0,0.0,0.0,18.9,89,7.2,63,1015.5,100,0,100,100,0.0,0.0,41.824,-71.4128,2024,9,18,21
2024-09-18 22:00:00,0.0,0.0,0.0,0.0,18.4,92,6.9,39,1015.1,100,0,100,100,0.0,0.0,41.824,-71.4128,2024,9,18,22
2024-09-18 23:00:00,0.0,0.0,0.0,0.0,17.9,94,7.4,23,1014.7,100,0,100,100,0.0,0.0,41.824,-71.4128,2024,9,18,23
2024-09-19 00:00:00,0.0,0.0,0.0,0.0,17.7,95,8.0,18,1014.3,100,0,3,100,0.0,0.0,41.824,-71.4128,2024,9,19,0
2024-09-19 01:00:00,0.0,0.0,0.0,0.0,16.5,98,9.0,16,1013.9,100,0,99,100,0.0,0.0,41.824,-71.4128,2024,9,19,1
2024-09-19 02:00:00,0.0,0.0,0.0,0.0,16.8,97,9.6,13,1013.3,100,0,96,99,0.0,0.0,41.824,-71.4128,2024,9,19,2
2024-09-19 03:00:00,0.0,0.0,0.0,0.0,16.5,98,10.1,4,1012.7,98,0,2,98,0.0,0.0,41.824,-71.4128,2024,9,19,3
2024-09-19 04:00:00,0.0,0.0,0.0,0.0,16.0,99,11.2,4,1012.3,97,1,15,97,0.0,0.0,41.824,-71.4128,2024,9,19,4
2024-09-19 05:00:00,0.0,0.0,0.0,0.0,15.9,98,12.2,2,1012.0,99,1,0,99,0.0,0.0,41.824,-71.4128,2024,9,19,5
2024-09-19 06:00:00,0.0,0.0,0.0,0.0,15.7,97,13.3,360,1012.0,100,0,0,100,0.0,0.0,41.824,-71.4128,2024,9,19,6
2024-09-19 07:00:00,5.0,0.0,5.0,0.0,16.1,93,14.5,354,1012.1,100,2,3,100,0.0,0.0,41.824,-71.4128,2024,9,19,7
2024-09-19 08:00:00,86.0,19.0,67.0,107.8,17.2,87,13.2,343,1011.9,97,0,8,96,0.0,1432.83,41.824,-71.4128,2024,9,19,8
2024-09-19 09:00:00,216.0,86.0,130.0,240.1,19.8,78,15.0,11,1012.4,91,82,88,20,0.0,3600.0,41.824,-71.4128,2024,9,19,9
2024-09-19 10:00:00,292.0,162.0,130.0,313.7,21.4,72,15.3,24,1011.7,78,7,24,69,0.0,3600.0,41.824,-71.4128,2024,9,19,10
2024-09-19 11:00:00,529.0,350.0,179.0,546.5,23.8,67,18.9,31,1011.2,98,72,16,90,0.0,3600.0,41.824,-71.4128,2024,9,19,11
2024-09-19 12:00:00,628.0,441.0,187.0,611.1,25.1,64,20.4,36,1010.4,75,25,14,61,0.0,3600.0,41.824,-71.4128,2024,9,19,12
2024-09-19 13:00:00,650.0,418.0,232.0,553.9,25.1,64,22.4,37,1010.2,88,11,15,84,0.0,3600.0,41.824,-71.4128,2024,9,19,13
2024-09-19 14:00:00,607.0,404.0,203.0,548.2,24.7,62,22.0,32,1009.9,100,8,84,100,0.0,3600.0,41.824,-71.4128,2024,9,19,14
2024-09-19 15:00:00,438.0,179.0,259.0,267.2,24.1,63,20.8,28,1009.6,100,24,31,99,0.0,3600.0,41.824,-71.4128,2024,9,19,15
2024-09-19 16:00:00,417.0,219.0,198.0,392.5,24.1,61,21.2,32,1009.4,39,1,28,14,0.0,3600.0,41.824,-71.4128,2024,9,19,16
2024-09-19 17:00:00,328.0,232.0,96.0,567.4,23.3,63,20.3,30,1009.4,79,0,7,78,0.0,3600.0,41.824,-71.4128,2024,9,19,17
2024-09-19 18:00:00,152.0,76.0,76.0,326.6,22.1,68,17.7,29,1009.6,54,0,1,53,0.0,3600.0,41.824,-71.4128,2024,9,19,18
2024-09-19 19:00:00,25.0,11.0,14.0,123.9,20.4,76,15.6,34,1009.8,26,6,12,9,0.0,2108.97,41.824,-71.4128,2024,9,19,19
2024-09-19 20:00:00,0.0,0.0,0.0,0.0,19.5,82,15.3,30,1010.2,76,21,3,68,0.0,0.0,41.824,-71.4128,2024,9,19,20
2024-09-19 21:00:00,0.0,0.0,0.0,0.0,19.5,87,16.3,28,1010.4,100,6,84,99,0.1,0.0,41.824,-71.4128,2024,9,19,21
2024-09-19 22:00:00,0.0,0.0,0.0,0.0,19.1,90,14.1,32,1010.7,100,15,62,99,0.0,0.0,41.824,-71.4128,2024,9,19,22
2024-09-19 23:00:00,0.0,0.0,0.0,0.0,18.5,91,14.8,23,1010.6,98,13,84,83,0.0,0.0,41.824,-71.4128,2024,9,19,23
2024-09-20 00:00:00,0.0,0.0,0.0,0.0,18.4,92,15.9,18,1010.4,100,23,100,100,0.0,0.0,41.824,-71.4128,2024,9,20,0
2024-09-20 01:00:00,0.0,0.0,0.0,0.0,18.5,91,15.3,15,1010.1,100,1,100,79,0.0,0.0,41.824,-71.4128,2024,9,20,1
2024-09-20 02:00:00,0.0,0.0,0.0,0.0,18.5,91,15.3,15,1010.3,100,13,100,73,0.0,0.0,41.824,-71.4128,2024,9,20,2
2024-09-20 03:00:00,0.0,0.0,0.0,0.0,18.4,92,17.3,17,1010.1,100,44,100,29,0.1,0.0,41.824,-71.4128,2024,9,20,3
2024-09-20 04:00:00,0.0,0.0,0.0,0.0,18.2,91,17.8,14,1010.0,100,4,100,80,0.0,0.0,41.824,-71.4128,2024,9,20,4
2024-09-20 05:00:00,0.0,0.0,0.0,0.0,17.8,91,18.3,20,1010.5,100,100,98,100,0.0,0.0,41.824,-71.4128,2024,9,20,5
2024-09-20 06:00:00,0.0,0.0,0.0,0.0,17.8,91,18.6,18,1010.9,100,100,100,100,0.0,0.0,41.824,-71.4128,2024,9,20,6
2024-09-20 07:00:00,1.0,0.0,1.0,0.0,17.6,91,18.2,18,1011.4,100,32,100,99,0.1,0.0,41.824,-71.4128,2024,9,20,7
2024-09-20 08:00:00,18.0,0.0,18.0,0.0,17.2,92,17.0,13,1012.4,100,100,100,77,0.6,0.0,41.824,-71.4128,2024,9,20,8
2024-09-20 09:00:00,36.0,0.0,36.0,0.0,17.0,90,18.9,9,1013.3,100,100,45,57,0.5,0.0,41.824,-71.4128,2024,9,20,9
2024-09-20 10:00:00,144.0,4.0,140.0,7.8,17.7,89,20.4,21,1013.6,100,100,59,98,0.8,0.0,41.824,-71.4128,2024,9,20,10
2024-09-20 11:00:00,207.0,22.0,185.0,34.6,18.2,85,24.3,29,1013.8,100,100,50,58,0.1,0.0,41.824,-71.4128,2024,9,20,11
2024-09-20 12:00:00,270.0,16.0,254.0,22.3,18.8,81,24.3,25,1013.6,100,100,8,100,0.1,0.0,41.824,-71.4128,2024,9,20,12
2024-09-20 13:00:00,470.0,130.0,340.0,173.3,19.6,75,26.7,29,1013.3,100,100,2,100,0.3,3398.82,41.824,-71.4128,2024,9,20,13
2024-09-20 14:00:00,415.0,116.0,299.0,158.4,19.0,76,26.1,33,1013.5,100,100,31,95,0.4,2952.88,41.824,-71.4128,2024,9,20,14
2024-09-20 15:00:00,340.0,94.0,246.0,141.4,18.7,77,27.2,32,1013.2,100,100,2,95,0.3,2441.71,41.824,-71.4128,2024,9,20,15
2024-09-20 16:00:00,268.0,38.0,230.0,68.8,18.3,77,26.1,30,1013.3,100,100,6,91,0.1,262.73,41.824,-71.4128,2024,9,20,16
2024-09-20 17:00:00,116.0,6.0,110.0,14.9,17.4,80,23.2,28,1013.6,100,100,25,4,0.1,0.0,41.824,-71.4128,2024,9,20,17
2024-09-20 18:00:00,76.0,5.0,71.0,22.0,17.0,82,19.8,25,1013.9,100,100,30,0,0.0,0.0,41.824,-71.4128,2024,9,20,18
2024-09-20 19:00:00,9.0,0.0,9.0,0.0,16.5,85,19.1,20,1013.8,100,100,14,0,0.0,0.0,41.824,-71.4128,2024,9,20,19
2024-09-20 20:00:00,0.0,0.0,0.0,0.0,16.5,85,19.1,20,1014.1,100,100,95,0,0.0,0.0,41.824,-71.4128,2024,9,20,20
2024-09-20 21:00:00,0.0,0.0,0.0,0.0,16.2,82,20.9,15,1014.6,100,100,100,0,0.0,0.0,41.824,-71.4128,2024,9,20,21
2024-09-20 22:00:00,0.0,0.0,0.0,0.0,16.0,83,19.8,16,1014.7,100,100,100,0,0.2,0.0,41.824,-71.4128,2024,9,20,22
2024-09-20 23:00:00,0.0,0.0,0.0,0.0,15.6,87,20.6,16,1014.5,100,100,100,3,0.4,0.0,41.824,-71.4128,2024,9,20,23
2024-09-21 00:00:00,0.0,0.0,0.0,0.0,15.6,90,20.0,14,1014.1,100,100,100,3,0.2,0.0,41.824,-71.4128,2024,9,21,0
2024-09-21 01:00:00,0.0,0.0,0.0,0.0,15.6,91,21.1,9,1013.9,100,79,100,0,0.2,0.0,41.824,-71.4128,2024,9,21,1
2024-09-21 02:00:00,0.0,0.0,0.0,0.0,15.4,92,21.7,5,1013.5,100,87,100,0,0.1,0.0,41.824,-71.4128,2024,9,21,2
2024-09-21 03:00:00,0.0,0.0,0.0,0.0,15.3,93,22.1,7,1013.3,100,88,100,0,0.1,0.0,41.824,-71.4128,2024,9,21,3
2024-09-21 04:00:00,0.0,0.0,0.0,0.0,15.3,92,21.8,9,1013.1,100,100,100,0,0.0,0.0,41.824,-71.4128,2024,9,21,4
2024-09-21 05:00:00,0.0,0.0,0.0,0.0,15.0,93,21.7,12,1013.2,100,100,100,0,0.2,0.0,41.824,-71.4128,2024,9,21,5
2024-09-21 06:00:00,0.0,0.0,0.0,0.0,14.9,93,22.0,10,1013.4,100,100,100,0,0.2,0.0,41.824,-71.4128,2024,9,21,6
2024-09-21 07:00:00,1.0,0.0,1.0,0.0,14.8,93,22.9,13,1013.9,100,59,100,99,1.3,0.0,41.824,-71.4128,2024,9,21,7
2024-09-21 08:00:00,15.0,2.0,13.0,11.8,14.5,95,22.7,15,1014.2,100,46,90,100,2.2,0.0,41.824,-71.4128,2024,9,21,8
2024-09-21 09:00:00,55.0,0.0,55.0,0.0,14.9,95,23.6,12,1014.9,100,51,100,87,0.8,0.0,41.824,-71.4128,2024,9,21,9
2024-09-21 10:00:00,94.0,0.0,94.0,0.0,15.0,94,23.2,16,1015.1,100,40,100,100,1.2,0.0,41.824,-71.4128,2024,9,21,10
2024-09-21 11:00:00,148.0,1.0,147.0,1.6,15.2,93,22.7,18,1014.9,100,20,100,100,1.7,0.0,41.824,-71.4128,2024,9,21,11
2024-09-21 12:00:00,166.0,3.0,163.0,4.2,15.0,95,22.0,18,1014.6,100,21,100,100,2.0,0.0,41.824,-71.4128,2024,9,21,12
2024-09-21 13:00:00,63.0,0.0,63.0,0.0,14.5,97,19.0,15,1014.4,100,26,100,100,4.7,0.0,41.824,-71.4128,2024,9,21,13
2024-09-21 14:00:00,60.0,0.0,60.0,0.0,14.4,96,16.9,12,1014.2,100,53,100,100,5.5,0.0,41.824,-71.4128,2024,9,21,14
2024-09-21 15:00:00,80.0,0.0,80.0,0.0,14.6,96,16.8,15,1013.9,100,74,100,100,3.1,0.0,41.824,-71.4128,2024,9,21,15
2024-09-21 16:00:00,48.0,0.0,48.0,0.0,14.5,97,16.7,14,1013.7,100,91,100,100,1.7,0.0,41.824,-71.4128,2024,9,21,16
2024-09-21 17:00:00,52.0,0.0,52.0,0.0,14.5,97,16.3,14,1013.9,100,87,100,100,1.4,0.0,41.824,-71.4128,2024,9,21,17
2024-09-21 18:00:00,20.0,0.0,20.0,0.0,14.4,97,16.9,20,1014.0,100,100,99,100,1.5,0.0,41.824,-71.4128,2024,9,21,18
2024-09-21 19:00:00,7.0,0.0,7.0,0.0,14.3,97,15.9,18,1013.9,100,100,93,100,1.7,0.0,41.824,-71.4128,2024,9,21,19
2024-09-21 20:00:00,0.0,0.0,0.0,0.0,14.4,97,14.5,14,1014.0,100,100,59,100,1.6,0.0,41.824,-71.4128,2024,9,21,20
2024-09-21 21:00:00,0.0,0.0,0.0,0.0,14.4,97,15.1,18,1015.0,100,100,100,100,0.9,0.0,41.824,-71.4128,2024,9,21,21
2024-09-21 22:00:00,0.0,0.0,0.0,0.0,14.3,97,15.7,20,1014.9,100,53,100,100,1.1,0.0,41.824,-71.4128,2024,9,21,22
2024-09-21 23:00:00,0.0,0.0,0.0,0.0,14.1,96,15.6,19,1014.7,100,31,100,100,0.9,0.0,41.824,-71.4128,2024,9,21,23
2024-09-22 00:00:00,0.0,0.0,0.0,0.0,14.0,96,16.2,17,1014.5,100,12,100,52,1.1,0.0,41.824,-71.4128,2024,9,22,0
2024-09-22 01:00:00,0.0,0.0,0.0,0.0,13.8,96,16.5,16,1014.3,100,3,100,23,1.1,0.0,41.824,-71.4128,2024,9,22,1
2024-09-22 02:00:00,0.0,0.0,0.0,0.0,13.6,95,15.9,18,1014.6,100,0,100,100,0.8,0.0,41.824,-71.4128,2024,9,22,2
2024-09-22 03:00:00,0.0,0.0,0.0,0.0,13.5,95,14.5,14,1014.4,100,0,100,94,0.9,0.0,41.824,-71.4128,2024,9,22,3
2024-09-22 04:00:00,0.0,0.0,0.0,0.0,13.5,95,14.1,15,1014.2,100,0,100,100,0.7,0.0,41.824,-71.4128,2024,9,22,4
2024-09-22 05:00:00,0.0,0.0,0.0,0.0,13.4,96,14.2,7,1014.2,100,0,100,100,1.2,0.0,41.824,-71.4128,2024,9,22,5
2024-09-22 06:00:00,0.0,0.0,0.0,0.0,13.3,96,14.4,3,1014.3,100,2,100,94,0.9,0.0,41.824,-71.4128,2024,9,22,6
2024-09-22 07:00:00,4.0,0.0,4.0,0.0,13.1,95,14.1,357,1015.1,100,4,100,98,0.1,0.0,41.824,-71.4128,2024,9,22,7
2024-09-22 08:00:00,35.0,0.0,35.0,0.0,13.5,94,14.6,10,1015.4,100,12,100,98,0.0,0.0,41.824,-71.4128,2024,9,22,8
2024-09-22 09:00:00,95.0,4.0,91.0,11.5,14.2,91,16.5,10,1015.7,100,100,100,100,0.0,0.0,41.824,-71.4128,2024,9,22,9
2024-09-22 10:00:00,116.0,0.0,116.0,0.0,14.8,90,17.5,14,1016.1,100,100,16,100,0.0,0.0,41.824,-71.4128,2024,9,22,10
2024-09-22 11:00:00,282.0,39.0,243.0,62.0,16.5,81,20.1,27,1016.1,100,74,54,100,0.1,60.73,41.824,-71.4128,2024,9,22,11
2024-09-22 12:00:00,378.0,130.0,248.0,183.3,17.3,77,21.9,33,1016.3,100,78,100,20,0.0,3600.0,41.824,-71.4128,2024,9,22,12
2024-09-22 13:00:00,225.0,21.0,204.0,28.3,17.0,78,20.2,31,1015.9,100,37,100,0,0.0,0.0,41.824,-71.4128,2024,9,22,13
2024-09-22 14:00:00,332.0,82.0,250.0,113.5,17.3,76,19.6,36,1015.4,44,5,39,6,0.0,1604.36,41.824,-71.4128,2024,9,22,14
2024-09-22 15:00:00,557.0,415.0,142.0,633.9,18.1,66,19.1,36,1015.6,33,20,17,0,0.0,3600.0,41.824,-71.4128,2024,9,22,15
2024-09-22 16:00:00,456.0,329.0,127.0,607.0,17.5,64,20.2,35,1016.1,76,68,27,0,0.0,3600.0,41.824,-71.4128,2024,9,22,16
2024-09-22 17:00:00,228.0,108.0,120.0,275.3,16.5,64,18.9,31,1016.2,64,52,25,0,0.0,3600.0,41.824,-71.4128,2024,9,22,17
2024-09-22 18:00:00,112.0,56.0,56.0,259.6,15.5,70,14.3,39,1016.2,52,49,7,0,0.0,3600.0,41.824,-71.4128,2024,9,22,18
2024-09-22 19:00:00,17.0,6.0,11.0,74.8,14.5,78,12.1,37,1016.2,100,100,10,22,0.0,726.09,41.824,-71.4128,2024,9,22,19
2024-09-22 20:00:00,0.0,0.0,0.0,0.0,14.5,86,11.3,27,1016.7,100,100,1,2,0.0,0.0,41.824,-71.4128,2024,9,22,20
2024-09-22 21:00:00,0.0,0.0,0.0,0.0,14.5,86,11.8,23,1017.2,56,56,0,2,0.0,0.0,41.824,-71.4128,2024,9,22,21
2024-09-22 22:00:00,0.0,0.0,0.0,0.0,13.9,89,9.8,6,1017.5,40,30,14,0,0.0,0.0,41.824,-71.4128,2024,9,22,22
2024-09-22 23:00:00,0.0,0.0,0.0,0.0,13.3,91,10.5,354,1017.5,76,76,1,0,0.0,0.0,41.824,-71.4128,2024,9,22,23
2024-09-23 00:00:00,0.0,0.0,0.0,0.0,13.5,89,10.8,4,1017.1,86,86,0,0,0.0,0.0,41.824,-71.4128,2024,9,23,0
2024-09-23 01:00:00,0.0,0.0,0.0,0.0,12.9,91,11.2,2,1017.1,29,27,3,0,0.0,0.0,41.824,-71.4128,2024,9,23,1
2024-09-23 02:00:00,0.0,0.0,0.0,0.0,12.1,94,11.6,355,1017.2,21,21,1,0,0.0,0.0,41.824,-71.4128,2024,9,23,2
2024-09-23 03:00:00,0.0,0.0,0.0,0.0,11.9,95,11.9,5,1016.7,80,33,0,70,0.0,0.0,41.824,-71.4128,2024,9,23,3
2024-09-23 04:00:00,0.0,0.0,0.0,0.0,11.8,95,11.9,3,1016.6,24,16,2,7,0.0,0.0,41.824,-71.4128,2024,9,23,4
2024-09-23 05:00:00,0.0,0.0,0.0,0.0,11.7,96,11.5,2,1016.5,49,49,0,0,0.0,0.0,41.824,-71.4128,2024,9,23,5
2024-09-23 06:00:00,0.0,0.0,0.0,0.0,11.7,97,11.7,349,1016.7,24,24,0,0,0.0,0.0,41.824,-71.4128,2024,9,23,6
2024-09-23 07:00:00,5.0,1.0,4.0,18.8,11.5,98,11.9,355,1017.1,47,39,0,14,0.0,0.0,41.824,-71.4128,2024,9,23,7
2024-09-23 08:00:00,99.0,49.0,50.0,301.2,13.1,92,9.2,349,1017.1,44,40,0,8,0.0,3600.0,41.824,-71.4128,2024,9,23,8
2024-09-23 09:00:00,250.0,153.0,97.0,444.6,14.9,85,10.1,354,1017.7,96,27,0,95,0.0,3600.0,41.824,-71.4128,2024,9,23,9
2024-09-23 10:00:00,409.0,272.0,137.0,542.1,16.9,72,16.2,53,1017.8,100,94,0,99,0.1,3600.0,41.824,-71.4128,2024,9,23,10
2024-09-23 11:00:00,363.0,100.0,263.0,160.0,17.6,63,14.8,56,1018.0,100,68,0,100,0.0,3001.31,41.824,-71.4128,2024,9,23,11
2024-09-23 12:00:00,398.0,105.0,293.0,148.9,17.9,61,16.3,55,1017.7,100,98,0,100,0.0,2668.33,41.824,-71.4128,2024,9,23,12
2024-09-23 13:00:00,316.0,28.0,288.0,38.0,17.9,62,15.5,54,1017.4,99,39,36,98,0.0,0.0,41.824,-71.4128,2024,9,23,13
2024-09-23 14:00:00,414.0,138.0,276.0,192.3,18.0,62,16.2,53,1017.2,95,94,17,17,0.0,3600.0,41.824,-71.4128,2024,9,23,14
2024-09-23 15:00:00,459.0,239.0,220.0,367.9,18.2,62,15.1,57,1016.9,88,49,53,70,0.0,3600.0,41.824,-71.4128,2024,9,23,15
2024-09-23 16:00:00,266.0,72.0,194.0,134.2,17.4,66,14.9,58,1017.0,100,70,75,100,0.0,2225.05,41.824,-71.4128,2024,9,23,16
2024-09-23 17:00:00,166.0,17.0,149.0,44.0,16.8,68,15.1,57,1016.9,100,51,22,100,0.0,0.0,41.824,-71.4128,2024,9,23,17
2024-09-23 18:00:00,81.0,8.0,73.0,38.1,15.8,75,12.2,56,1017.3,97,11,55,92,0.0,0.0,41.824,-71.4128,2024,9,23,18
2024-09-23 19:00:00,14.0,2.0,12.0,25.9,14.6,79,10.0,49,1017.6,100,2,100,93,0.0,0.0,41.824,-71.4128,2024,9,23,19
2024-09-23 20:00:00,0.0,0.0,0.0,0.0,14.3,80,9.4,43,1018.0,100,8,100,0,0.0,0.0,41.824,-71.4128,2024,9,23,20
2024-09-23 21:00:00,0.0,0.0,0.0,0.0,12.9,89,8.2,15,1018.6,47,26,28,0,0.0,0.0,41.824,-71.4128,2024,9,23,21
2024-09-23 22:00:00,0.0,0.0,0.0,0.0,12.3,92,9.1,9,1018.7,27,25,3,0,0.0,0.0,41.824,-71.4128,2024,9,23,22
2024-09-23 23:00:00,0.0,0.0,0.0,0.0,11.7,94,9.8,6,1018.7,25,19,8,0,0.0,0.0,41.824,-71.4128,2024,9,23,23
2024-09-24 00:00:00,0.0,0.0,0.0,0.0,11.5,94,9.7,4,1018.6,25,11,11,6,0.0,0.0,41.824,-71.4128,2024,9,24,0
2024-09-24 01:00:00,0.0,0.0,0.0,0.0,11.2,95,10.4,2,1018.7,52,34,0,27,0.0,0.0,41.824,-71.4128,2024,9,24,1
2024-09-24 02:00:00,0.0,0.0,0.0,0.0,11.3,95,9.8,6,1018.8,36,32,1,5,0.0,0.0,41.824,-71.4128,2024,9,24,2
2024-09-24 03:00:00,0.0,0.0,0.0,0.0,11.0,95,9.4,2,1018.8,29,21,4,7,0.0,0.0,41.824,-71.4128,2024,9,24,3
2024-09-24 04:00:00,0.0,0.0,0.0,0.0,10.9,96,10.4,2,1019.0,24,22,0,3,0.0,0.0,41.824,-71.4128,2024,9,24,4
2024-09-24 05:00:00,0.0,0.0,0.0,0.0,10.9,97,10.5,8,1019.0,16,14,0,3,0.0,0.0,41.824,-71.4128,2024,9,24,5
2024-09-24 06:00:00,0.0,0.0,0.0,0.0,10.8,97,10.6,10,1019.2,4,4,0,0,0.0,0.0,41.824,-71.4128,2024,9,24,6
2024-09-24 07:00:00,5.0,1.0,4.0,19.1,10.7,97,10.8,4,1019.8,30,23,0,9,0.0,0.0,41.824,-71.4128,2024,9,24,7
2024-09-24 08:00:00,105.0,62.0,43.0,389.3,12.4,92,10.8,358,1020.4,70,41,0,49,0.0,3600.0,41.824,-71.4128,2024,9,24,8
2024-09-24 09:00:00,233.0,130.0,103.0,381.7,14.1,85,12.3,5,1020.8,99,40,0,99,0.0,3600.0,41.824,-71.4128,2024,9,24,9
2024-09-24 10:00:00,379.0,230.0,149.0,461.8,16.3,74,16.3,43,1020.7,100,61,0,100,0.0,3600.0,41.824,-71.4128,2024,9,24,10
2024-09-24 11:00:00,423.0,248.0,175.0,399.5,17.6,67,15.3,60,1020.6,100,100,0,99,0.2,3600.0,41.824,-71.4128,2024,9,24,11
2024-09-24 12:00:00,393.0,84.0,309.0,119.9,17.9,63,15.0,66,1020.5,100,100,0,100,0.0,1796.42,41.824,-71.4128,2024,9,24,12
2024-09-24 13:00:00,266.0,13.0,253.0,17.8,17.5,65,12.8,68,1020.4,100,100,0,100,0.0,0.0,41.824,-71.4128,2024,9,24,13
2024-09-24 14:00:00,268.0,21.0,247.0,29.5,17.8,65,12.3,69,1020.2,100,100,0,95,0.0,0.0,41.824,-71.4128,2024,9,24,14
2024-09-24 15:00:00,313.0,48.0,265.0,74.5,18.2,61,11.8,70,1020.2,99,99,0,0,0.0,434.56,41.824,-71.4128,2024,9,24,15
2024-09-24 16:00:00,226.0,30.0,196.0,56.5,17.6,62,11.7,72,1020.2,91,91,0,3,0.0,0.0,41.824,-71.4128,2024,9,24,16
2024-09-24 17:00:00,189.0,62.0,127.0,162.6,17.2,66,13.3,71,1020.0,50,50,0,0,0.0,3079.35,41.824,-71.4128,2024,9,24,17
2024-09-24 18:00:00,129.0,72.0,57.0,352.3,15.8,76,13.4,66,1019.7,43,9,0,37,0.0,3600.0,41.824,-71.4128,2024,9,24,18
2024-09-24 19:00:00,16.0,7.0,9.0,94.0,14.1,86,8.9,50,1020.4,45,30,0,21,0.0,1140.46,41.824,-71.4128,2024,9,24,19
2024-09-24 20:00:00,0.0,0.0,0.0,0.0,13.4,90,9.4,50,1020.9,50,22,0,36,0.0,0.0,41.824,-71.4128,2024,9,24,20
2024-09-24 21:00:00,0.0,0.0,0.0,0.0,13.5,92,8.7,48,1021.5,81,75,0,22,0.0,0.0,41.824,-71.4128,2024,9,24,21
2024-09-24 22:00:00,0.0,0.0,0.0,0.0,13.2,93,7.0,46,1021.7,99,45,0,99,0.0,0.0,41.824,-71.4128,2024,9,24,22
2024-09-24 23:00:00,0.0,0.0,0.0,0.0,13.0,94,7.6,38,1021.6,99,13,0,99,0.0,0.0,41.824,-71.4128,2024,9,24,23
2024-09-25 00:00:00,0.0,0.0,0.0,0.0,12.3,95,7.9,35,1021.1,100,17,0,100,0.0,0.0,41.824,-71.4128,2024,9,25,0
2024-09-25 01:00:00,0.0,0.0,0.0,0.0,12.0,95,6.8,25,1021.1,99,67,0,97,0.0,0.0,41.824,-71.4128,2024,9,25,1
2024-09-25 02:00:00,0.0,0.0,0.0,0.0,11.9,95,9.1,41,1020.6,100,94,0,100,0.0,0.0,41.824,-71.4128,2024,9,25,2
2024-09-25 03:00:00,0.0,0.0,0.0,0.0,12.8,93,9.3,53,1020.4,77,67,0,30,0.0,0.0,41.824,-71.4128,2024,9,25,3
2024-09-25 04:00:00,0.0,0.0,0.0,0.0,12.9,94,5.4,60,1020.7,56,31,19,21,0.0,0.0,41.824,-71.4128,2024,9,25,4
2024-09-25 05:00:00,0.0,0.0,0.0,0.0,12.8,94,6.3,31,1021.2,96,30,19,94,0.0,0.0,41.824,-71.4128,2024,9,25,5
2024-09-25 06:00:00,0.0,0.0,0.0,0.0,12.6,95,6.5,42,1021.3,57,24,24,26,0.0,0.0,41.824,-71.4128,2024,9,25,6
2024-09-25 07:00:00,3.0,1.0,2.0,19.1,12.3,96,6.4,27,1021.8,77,16,70,7,0.0,0.0,41.824,-71.4128,2024,9,25,7
2024-09-25 08:00:00,78.0,37.0,41.0,237.5,13.7,91,5.2,12,1022.4,100,3,6,99,0.0,3600.0,41.824,-71.4128,2024,9,25,8
2024-09-25 09:00:00,208.0,101.0,107.0,299.7,15.9,81,6.6,61,1022.5,99,20,17,98,0.0,3600.0,41.824,-71.4128,2024,9,25,9
2024-09-25 10:00:00,370.0,225.0,145.0,455.3,17.4,73,12.8,99,1022.6,100,71,4,100,0.1,3600.0,41.824,-71.4128,2024,9,25,10
2024-09-25 11:00:00,310.0,71.0,239.0,115.1,17.9,68,10.1,106,1022.6,100,79,17,100,0.0,1653.17,41.824,-71.4128,2024,9,25,11
2024-09-25 12:00:00,272.0,23.0,249.0,33.0,18.2,64,9.3,109,1022.5,100,100,6,100,0.0,0.0,41.824,-71.4128,2024,9,25,12
2024-09-25 13:00:00,294.0,18.0,276.0,24.7,18.5,64,10.0,104,1022.1,100,100,3,100,0.0,0.0,41.824,-71.4128,2024,9,25,13
2024-09-25 14:00:00,313.0,21.0,292.0,29.7,18.5,68,10.6,101,1021.7,100,99,17,100,0.0,0.0,41.824,-71.4128,2024,9,25,14
2024-09-25 15:00:00,224.0,20.0,204.0,31.3,18.2,70,10.9,98,1021.4,100,96,21,100,0.0,0.0,41.824,-71.4128,2024,9,25,15
2024-09-25 16:00:00,169.0,1.0,168.0,1.9,18.0,71,10.8,105,1021.4,100,95,95,100,0.0,0.0,41.824,-71.4128,2024,9,25,16
2024-09-25 17:00:00,107.0,4.0,103.0,10.6,17.5,75,12.0,102,1021.2,100,100,54,99,0.0,0.0,41.824,-71.4128,2024,9,25,17
2024-09-25 18:00:00,54.0,2.0,52.0,10.1,16.8,82,10.1,91,1021.3,100,95,50,100,0.0,0.0,41.824,-71.4128,2024,9,25,18
2024-09-25 19:00:00,4.0,0.0,4.0,0.0,16.4,85,8.7,98,1021.2,100,100,23,100,0.0,0.0,41.824,-71.4128,2024,9,25,19
2024-09-25 20:00:00,0.0,0.0,0.0,0.0,16.2,85,9.3,118,1021.6,100,98,98,100,0.0,0.0,41.824,-71.4128,2024,9,25,20
2024-09-25 21:00:00,0.0,0.0,0.0,0.0,15.3,90,6.5,96,1021.8,100,21,67,100,0.0,0.0,41.824,-71.4128,2024,9,25,21
2024-09-25 22:00:00,0.0,0.0,0.0,0.0,14.6,92,6.1,109,1021.8,100,16,21,100,0.0,0.0,41.824,-71.4128,2024,9,25,22
2024-09-25 23:00:00,0.0,0.0,0.0,0.0,14.0,93,7.1,106,1021.4,100,3,81,100,0.0,0.0,41.824,-71.4128,2024,9,25,23
2024-09-26 00:00:00,0.0,0.0,0.0,0.0,14.3,93,4.7,99,1021.2,100,9,58,99,0.0,0.0,41.824,-71.4128,2024,9,26,0
2024-09-26 01:00:00,0.0,0.0,0.0,0.0,13.9,95,6.9,73,1020.9,100,5,17,100,0.0,0.0,41.824,-71.4128,2024,9,26,1
2024-09-26 02:00:00,0.0,0.0,0.0,0.0,13.4,97,4.6,59,1020.8,93,12,70,75,0.0,0.0,41.824,-71.4128,2024,9,26,2
2024-09-26 03:00:00,0.0,0.0,0.0,0.0,13.5,97,5.6,97,1020.3,99,6,45,97,0.0,0.0,41.824,-71.4128,2024,9,26,3
2024-09-26 04:00:00,0.0,0.0,0.0,0.0,13.4,98,5.6,65,1020.4,100,60,95,100,0.0,0.0,41.824,-71.4128,2024,9,26,4
2024-09-26 05:00:00,0.0,0.0,0.0,0.0,13.9,97,6.5,77,1020.3,100,90,100,100,0.0,0.0,41.824,-71.4128,2024,9,26,5
2024-09-26 06:00:00,0.0,0.0,0.0,0.0,14.2,96,6.4,101,1020.0,100,99,100,100,0.0,0.0,41.824,-71.4128,2024,9,26,6
2024-09-26 07:00:00,1.0,0.0,1.0,0.0,14.6,96,7.4,124,1019.8,100,94,100,100,0.0,0.0,41.824,-71.4128,2024,9,26,7
2024-09-26 08:00:00,25.0,0.0,25.0,0.0,15.6,93,9.0,147,1019.9,100,68,100,100,0.0,0.0,41.824,-71.4128,2024,9,26,8
2024-09-26 09:00:00,69.0,1.0,68.0,3.0,16.5,92,10.0,147,1019.8,100,87,37,100,0.0,0.0,41.824,-71.4128,2024,9,26,9
2024-09-26 10:00:00,183.0,8.0,175.0,16.3,18.1,84,13.7,153,1019.4,100,55,7,100,0.0,0.0,41.824,-71.4128,2024,9,26,10
2024-09-26 11:00:00,282.0,41.0,241.0,66.9,19.2,82,15.4,166,1019.3,100,96,53,100,0.0,207.24,41.824,-71.4128,2024,9,26,11
2024-09-26 12:00:00,317.0,46.0,271.0,66.5,20.2,79,16.6,171,1018.6,100,35,94,100,0.1,193.97,41.824,-71.4128,2024,9,26,12
2024-09-26 13:00:00,284.0,31.0,253.0,42.9,19.9,83,15.1,172,1018.3,100,87,36,100,0.5,0.0,41.824,-71.4128,2024,9,26,13
2024-09-26 14:00:00,353.0,48.0,305.0,68.3,20.4,82,16.1,176,1017.3,100,51,13,100,0.1,247.89,41.824,-71.4128,2024,9,26,14
2024-09-26 15:00:00,288.0,33.0,255.0,52.0,20.7,82,17.6,181,1016.4,100,45,29,100,0.0,0.0,41.824,-71.4128,2024,9,26,15
2024-09-26 16:00:00,228.0,20.0,208.0,38.4,20.7,85,19.3,189,1015.6,100,100,86,100,0.0,0.0,41.824,-71.4128,2024,9,26,16
2024-09-26 17:00:00,62.0,0.0,62.0,0.0,20.2,89,17.0,186,1014.8,100,100,98,100,0.0,0.0,41.824,-71.4128,2024,9,26,17
2024-09-26 18:00:00,42.0,0.0,42.0,0.0,19.9,92,15.3,201,1014.9,100,100,72,100,1.6,0.0,41.824,-71.4128,2024,9,26,18
2024-09-26 19:00:00,4.0,0.0,4.0,0.0,19.8,95,16.0,207,1014.6,100,100,99,100,0.1,0.0,41.824,-71.4128,2024,9,26,19
2024-09-26 20:00:00,0.0,0.0,0.0,0.0,20.1,95,16.7,218,1014.5,100,100,100,100,0.0,0.0,41.824,-71.4128,2024,9,26,20
2024-09-26 21:00:00,0.0,0.0,0.0,0.0,19.4,98,6.5,278,1015.4,100,88,95,100,14.2,0.0,41.824,-71.4128,2024,9,26,21
2024-09-26 22:00:00,0.0,0.0,0.0,0.0,19.3,98,8.8,325,1015.7,100,100,99,100,4.7,0.0,41.824,-71.4128,2024,9,26,22
2024-09-26 23:00:00,0.0,0.0,0.0,0.0,18.8,97,12.4,359,1015.8,100,100,75,100,0.5,0.0,41.824,-71.4128,2024,9,26,23
2024-09-27 00:00:00,0.0,0.0,0.0,0.0,18.0,95,6.9,25,1015.8,100,100,42,100,0.0,0.0,41.824,-71.4128,2024,9,27,0
2024-09-27 01:00:00,0.0,0.0,0.0,0.0,17.4,95,8.6,349,1015.5,100,100,92,100,0.0,0.0,41.824,-71.4128,2024,9,27,1
2024-09-27 02:00:00,0.0,0.0,0.0,0.0,17.1,93,6.1,360,1015.3,100,100,97,100,0.0,0.0,41.824,-71.4128,2024,9,27,2
2024-09-27 03:00:00,0.0,0.0,0.0,0.0,16.9,94,3.4,32,1014.9,100,88,96,100,0.0,0.0,41.824,-71.4128,2024,9,27,3
2024-09-27 04:00:00,0.0,0.0,0.0,0.0,16.6,96,1.0,202,1014.8,100,99,94,100,0.0,0.0,41.824,-71.4128,2024,9,27,4
2024-09-27 05:00:00,0.0,0.0,0.0,0.0,16.4,98,2.7,262,1014.7,100,69,99,100,0.0,0.0,41.824,-71.4128,2024,9,27,5
2024-09-27 06:00:00,0.0,0.0,0.0,0.0,16.5,97,3.8,281,1015.2,100,59,100,100,0.0,0.0,41.824,-71.4128,2024,9,27,6
2024-09-27 07:00:00,1.0,0.0,1.0,0.0,16.7,95,6.5,318,1015.2,100,3,99,100,0.0,0.0,41.824,-71.4128,2024,9,27,7
2024-09-27 08:00:00,58.0,6.0,52.0,40.3,17.4,91,5.0,305,1015.8,100,1,13,100,0.0,0.0,41.824,-71.4128,2024,9,27,8
2024-09-27 09:00:00,113.0,7.0,106.0,21.2,18.0,89,4.8,326,1016.0,89,0,9,88,0.0,0.0,41.824,-71.4128,2024,9,27,9
2024-09-27 10:00:00,406.0,261.0,145.0,536.4,20.0,79,4.3,338,1015.9,76,0,8,74,0.0,3600.0,41.824,-71.4128,2024,9,27,10
2024-09-27 11:00:00,547.0,407.0,140.0,668.6,21.4,71,3.2,360,1015.5,96,0,1,96,0.0,3600.0,41.824,-71.4128,2024,9,27,11
2024-09-27 12:00:00,653.0,520.0,133.0,756.1,22.5,63,3.6,6,1015.3,70,0,0,70,0.0,3600.0,41.824,-71.4128,2024,9,27,12
2024-09-27 13:00:00,691.0,569.0,122.0,792.1,23.3,58,1.3,270,1014.8,100,0,0,100,0.0,3600.0,41.824,-71.4128,2024,9,27,13
2024-09-27 14:00:00,598.0,417.0,181.0,597.2,23.7,57,2.6,205,1014.1,100,0,12,100,0.0,3600.0,41.824,-71.4128,2024,9,27,14
2024-09-27 15:00:00,503.0,283.0,220.0,449.9,23.7,58,2.2,175,1013.4,100,0,17,100,0.0,3600.0,41.824,-71.4128,2024,9,27,15
2024-09-27 16:00:00,401.0,228.0,173.0,442.5,23.5,59,2.3,151,1013.0,100,8,12,100,0.0,3600.0,41.824,-71.4128,2024,9,27,16
2024-09-27 17:00:00,191.0,39.0,152.0,106.9,21.9,69,7.6,155,1013.3,100,5,1,100,0.0,1408.02,41.824,-71.4128,2024,9,27,17
2024-09-27 18:00:00,80.0,8.0,72.0,42.6,19.6,78,9.6,175,1013.7,100,0,1,100,0.0,0.0,41.824,-71.4128,2024,9,27,18
2024-09-27 19:00:00,8.0,0.0,8.0,0.0,18.2,79,7.7,198,1014.1,100,0,0,100,0.0,0.0,41.824,-71.4128,2024,9,27,19
2024-09-27 20:00:00,0.0,0.0,0.0,0.0,17.8,81,3.6,110,1013.8,100,0,0,100,0.0,0.0,41.824,-71.4128,2024,9,27,20
2024-09-27 21:00:00,0.0,0.0,0.0,0.0,17.4,91,5.0,215,1014.8,100,0,0,100,0.0,0.0,41.824,-71.4128,2024,9,27,21
2024-09-27 22:00:00,0.0,0.0,0.0,0.0,16.9,94,3.4,273,1014.9,100,0,0,100,0.0,0.0,41.824,-71.4128,2024,9,27,22
2024-09-27 23:00:00,0.0,0.0,0.0,0.0,16.2,98,1.9,326,1015.4,100,0,6,100,0.0,0.0,41.824,-71.4128,2024,9,27,23
2024-09-28 00:00:00,0.0,0.0,0.0,0.0,15.8,99,3.0,327,1015.7,100,1,10,100,0.0,0.0,41.824,-71.4128,2024,9,28,0
2024-09-28 01:00:00,0.0,0.0,0.0,0.0,15.3,100,6.9,15,1015.6,100,94,2,100,0.0,0.0,41.824,-71.4128,2024,9,28,1
2024-09-28 02:00:00,0.0,0.0,0.0,0.0,15.2,99,4.4,32,1015.7,100,5,4,100,0.0,0.0,41.824,-71.4128,2024,9,28,2
2024-09-28 03:00:00,0.0,0.0,0.0,0.0,14.9,99,4.5,14,1015.5,99,1,3,99,0.0,0.0,41.824,-71.4128,2024,9,28,3
2024-09-28 04:00:00,0.0,0.0,0.0,0.0,14.5,100,7.6,8,1015.2,99,1,3,99,0.0,0.0,41.824,-71.4128,2024,9,28,4
2024-09-28 05:00:00,0.0,0.0,0.0,0.0,14.5,100,6.4,18,1015.1,100,4,50,100,0.0,0.0,41.824,-71.4128,2024,9,28,5
2024-09-28 06:00:00,0.0,0.0,0.0,0.0,14.6,100,7.3,17,1015.2,100,1,1,100,0.0,0.0,41.824,-71.4128,2024,9,28,6
2024-09-28 07:00:00,2.0,0.0,2.0,0.0,14.5,99,8.9,19,1015.3,100,5,6,100,0.0,0.0,41.824,-71.4128,2024,9,28,7
2024-09-28 08:00:00,62.0,7.0,55.0,48.2,15.7,95,6.0,357,1015.8,100,3,19,100,0.0,0.0,41.824,-71.4128,2024,9,28,8
2024-09-28 09:00:00,155.0,23.0,132.0,70.5,17.3,88,5.5,32,1016.1,100,0,67,100,0.0,316.05,41.824,-71.4128,2024,9,28,9
2024-09-28 10:00:00,238.0,39.0,199.0,80.8,18.8,80,6.5,51,1016.2,99,0,36,99,0.0,623.63,41.824,-71.4128,2024,9,28,10
2024-09-28 11:00:00,437.0,214.0,223.0,353.9,20.4,70,9.3,65,1016.1,76,4,15,72,0.0,3600.0,41.824,-71.4128,2024,9,28,11
2024-09-28 12:00:00,471.0,230.0,241.0,336.6,21.3,65,10.2,73,1015.7,37,0,37,0,0.0,3600.0,41.824,-71.4128,2024,9,28,12
2024-09-28 13:00:00,497.0,325.0,172.0,455.4,21.8,64,11.1,78,1015.0,89,3,89,0,0.0,3600.0,41.824,-71.4128,2024,9,28,13
2024-09-28 14:00:00,350.0,122.0,228.0,175.9,21.7,64,12.3,76,1014.5,87,48,75,0,0.0,3478.49,41.824,-71.4128,2024,9,28,14
2024-09-28 15:00:00,251.0,20.0,231.0,32.1,21.2,66,11.7,70,1014.3,100,23,100,0,0.0,0.0,41.824,-71.4128,2024,9,28,15
2024-09-28 16:00:00,176.0,27.0,149.0,52.9,20.6,67,10.7,77,1014.6,100,72,100,0,0.0,0.0,41.824,-71.4128,2024,9,28,16
2024-09-28 17:00:00,138.0,39.0,99.0,108.6,19.9,70,10.7,81,1014.8,99,75,99,0,0.0,1456.57,41.824,-71.4128,2024,9,28,17
2024-09-28 18:00:00,50.0,0.0,50.0,0.0,18.8,74,10.8,79,1014.7,100,84,100,0,0.0,0.0,41.824,-71.4128,2024,9,28,18
2024-09-28 19:00:00,5.0,1.0,4.0,15.8,17.7,78,11.1,68,1014.9,91,89,69,0,0.0,0.0,41.824,-71.4128,2024,9,28,19
2024-09-28 20:00:00,0.0,0.0,0.0,0.0,16.3,88,10.5,63,1015.6,45,41,7,0,0.0,0.0,41.824,-71.4128,2024,9,28,20
2024-09-28 21:00:00,0.0,0.0,0.0,0.0,15.4,92,9.0,68,1016.4,97,37,95,0,0.0,0.0,41.824,-71.4128,2024,9,28,21
2024-09-28 22:00:00,0.0,0.0,0.0,0.0,15.3,92,9.1,73,1016.5,100,100,84,3,0.0,0.0,41.824,-71.4128,2024,9,28,22
2024-09-28 23:00:00,0.0,0.0,0.0,0.0,15.4,90,9.3,74,1016.7,100,100,99,100,0.0,0.0,41.824,-71.4128,2024,9,28,23
2024-09-29 00:00:00,0.0,0.0,0.0,0.0,15.4,89,9.0,68,1016.7,100,95,4,100,0.0,0.0,41.824,-71.4128,2024,9,29,0
2024-09-29 01:00:00,0.0,0.0,0.0,0.0,15.2,88,7.0,61,1016.6,100,76,2,100,0.0,0.0,41.824,-71.4128,2024,9,29,1
2024-09-29 02:00:00,0.0,0.0,0.0,0.0,14.5,92,4.8,25,1016.4,100,12,7,100,0.0,0.0,41.824,-71.4128,2024,9,29,2
2024-09-29 03:00:00,0.0,0.0,0.0,0.0,14.2,94,6.1,12,1016.1,100,13,5,100,0.0,0.0,41.824,-71.4128,2024,9,29,3
2024-09-29 04:00:00,0.0,0.0,0.0,0.0,13.9,95,8.7,24,1016.0,79,3,27,70,0.0,0.0,41.824,-71.4128,2024,9,29,4
2024-09-29 05:00:00,0.0,0.0,0.0,0.0,13.4,97,7.7,30,1016.1,59,6,56,1,0.0,0.0,41.824,-71.4128,2024,9,29,5
2024-09-29 06:00:00,0.0,0.0,0.0,0.0,13.1,98,8.3,24,1016.2,98,21,68,91,0.0,0.0,41.824,-71.4128,2024,9,29,6
2024-09-29 07:00:00,2.0,0.0,2.0,0.0,13.1,98,9.1,30,1016.4,99,64,76,88,0.0,0.0,41.824,-71.4128,2024,9,29,7
2024-09-29 08:00:00,51.0,2.0,49.0,14.1,14.0,94,9.2,39,1016.9,100,85,16,100,0.0,0.0,41.824,-71.4128,2024,9,29,8
2024-09-29 09:00:00,172.0,34.0,138.0,105.5,15.6,85,11.8,56,1017.0,100,80,1,99,0.0,1363.69,41.824,-71.4128,2024,9,29,9
2024-09-29 10:00:00,241.0,43.0,198.0,89.8,16.9,76,10.3,75,1017.0,100,100,0,100,0.0,893.83,41.824,-71.4128,2024,9,29,10
2024-09-29 11:00:00,216.0,15.0,201.0,25.0,17.5,73,8.1,78,1017.0,100,100,0,100,0.0,0.0,41.824,-71.4128,2024,9,29,11
2024-09-29 12:00:00,275.0,31.0,244.0,45.7,18.3,71,7.4,77,1016.8,100,100,0,100,0.0,0.0,41.824,-71.4128,2024,9,29,12
2024-09-29 13:00:00,305.0,34.0,271.0,48.0,19.0,68,6.7,74,1016.6,100,100,0,97,0.0,0.0,41.824,-71.4128,2024,9,29,13
2024-09-29 14:00:00,352.0,41.0,311.0,59.6,19.6,66,6.0,63,1015.9,100,100,19,74,0.0,0.0,41.824,-71.4128,2024,9,29,14
2024-09-29 15:00:00,309.0,50.0,259.0,80.8,19.9,64,4.8,59,1015.6,100,99,53,100,0.0,624.19,41.824,-71.4128,2024,9,29,15
2024-09-29 16:00:00,248.0,65.0,183.0,128.8,19.8,64,4.3,66,1015.1,100,54,30,100,0.0,2064.21,41.824,-71.4128,2024,9,29,16
2024-09-29 17:00:00,136.0,27.0,109.0,76.3,19.3,66,4.7,67,1014.7,100,100,3,100,0.0,489.14,41.824,-71.4128,2024,9,29,17
2024-09-29 18:00:00,61.0,1.0,60.0,5.7,18.5,73,4.9,57,1014.7,100,100,0,72,0.0,0.0,41.824,-71.4128,2024,9,29,18
2024-09-29 19:00:00,5.0,0.0,5.0,0.0,17.6,77,5.6,84,1015.0,99,97,7,64,0.0,0.0,41.824,-71.4128,2024,9,29,19
2024-09-29 20:00:00,0.0,0.0,0.0,0.0,16.6,82,6.1,92,1015.7,100,98,6,82,0.0,0.0,41.824,-71.4128,2024,9,29,20
2024-09-29 21:00:00,0.0,0.0,0.0,0.0,15.2,89,7.9,47,1016.1,29,22,0,8,0.0,0.0,41.824,-71.4128,2024,9,29,21
2024-09-29 22:00:00,0.0,0.0,0.0,0.0,14.2,93,6.5,87,1016.2,12,12,0,0,0.0,0.0,41.824,-71.4128,2024,9,29,22
2024-09-29 23:00:00,0.0,0.0,0.0,0.0,13.2,96,3.7,55,1016.0,4,4,0,0,0.0,0.0,41.824,-71.4128,2024,9,29,23
2024-09-30 00:00:00,0.0,0.0,0.0,0.0,13.2,95,3.5,35,1015.8,3,0,0,3,0.0,0.0,41.824,-71.4128,2024,9,30,0
2024-09-30 01:00:00,0.0,0.0,0.0,0.0,12.8,97,3.3,264,1015.8,26,0,0,26,0.0,0.0,41.824,-71.4128,2024,9,30,1
2024-09-30 02:00:00,0.0,0.0,0.0,0.0,12.5,97,2.1,301,1015.9,92,0,0,92,0.0,0.0,41.824,-71.4128,2024,9,30,2
2024-09-30 03:00:00,0.0,0.0,0.0,0.0,12.3,98,3.4,317,1015.6,99,0,0,99,0.0,0.0,41.824,-71.4128,2024,9,30,3
2024-09-30 04:00:00,0.0,0.0,0.0,0.0,11.8,100,3.7,321,1015.6,100,97,0,93,0.0,0.0,41.824,-71.4128,2024,9,30,4
2024-09-30 05:00:00,0.0,0.0,0.0,0.0,11.3,100,3.7,331,1015.7,100,100,0,43,0.0,0.0,41.824,-71.4128,2024,9,30,5
2024-09-30 06:00:00,0.0,0.0,0.0,0.0,11.0,100,4.0,321,1015.8,100,100,0,63,0.0,0.0,41.824,-71.4128,2024,9,30,6
2024-09-30 07:00:00,1.0,0.0,1.0,0.0,10.9,100,5.3,325,1016.3,100,100,0,92,0.0,0.0,41.824,-71.4128,2024,9,30,7
2024-09-30 08:00:00,56.0,4.0,52.0,28.9,11.9,99,4.3,315,1017.0,100,99,0,100,0.0,0.0,41.824,-71.4128,2024,9,30,8
2024-09-30 09:00:00,203.0,68.0,135.0,213.4,15.3,90,1.8,24,1017.4,100,3,0,100,0.0,3600.0,41.824,-71.4128,2024,9,30,9
2024-09-30 10:00:00,391.0,245.0,146.0,515.8,17.7,79,4.0,60,1017.6,100,0,0,100,0.0,3600.0,41.824,-71.4128,2024,9,30,10
2024-09-30 11:00:00,525.0,357.0,168.0,598.6,19.3,72,4.8,59,1017.5,100,0,0,100,0.0,3600.0,41.824,-71.4128,2024,9,30,11
2024-09-30 12:00:00,623.0,451.0,172.0,668.6,20.9,64,8.4,62,1017.3,97,29,0,96,0.0,3600.0,41.824,-71.4128,2024,9,30,12
2024-09-30 13:00:00,618.0,432.0,186.0,613.4,21.7,59,11.7,67,1016.8,100,98,0,98,0.0,3600.0,41.824,-71.4128,2024,9,30,13
2024-09-30 14:00:00,392.0,153.0,239.0,223.8,21.4,60,9.9,75,1016.4,100,65,0,99,0.0,3600.0,41.824,-71.4128,2024,9,30,14
2024-09-30 15:00:00,463.0,277.0,186.0,451.4,21.8,58,9.3,81,1016.0,90,52,0,78,0.0,3600.0,41.824,-71.4128,2024,9,30,15
2024-09-30 16:00:00,370.0,241.0,129.0,482.7,21.4,59,10.7,81,1016.0,70,42,0,47,0.0,3600.0,41.824,-71.4128,2024,9,30,16
2024-09-30 17:00:00,242.0,140.0,102.0,401.9,20.3,63,9.7,88,1016.1,12,1,0,11,0.0,3600.0,41.824,-71.4128,2024,9,30,17
2024-09-30 18:00:00,117.0,73.0,44.0,426.5,18.4,74,8.7,83,1016.5,32,4,0,29,0.0,3600.0,41.824,-71.4128,2024,9,30,18
2024-09-30 19:00:00,7.0,2.0,5.0,34.6,16.5,80,9.4,77,1017.0,90,7,0,89,0.0,0.0,41.824,-71.4128,2024,9,30,19
2024-09-30 20:00:00,0.0,0.0,0.0,0.0,15.3,86,8.5,83,1017.3,96,2,0,96,0.0,0.0,41.824,-71.4128,2024,9,30,20
2024-09-30 21:00:00,0.0,0.0,0.0,0.0,14.4,94,7.4,76,1017.8,100,0,0,100,0.0,0.0,41.824,-71.4128,2024,9,30,21
2024-09-30 22:00:00,0.0,0.0,0.0,0.0,13.8,98,7.1,71,1018.0,99,0,0,99,0.0,0.0,41.824,-71.4128,2024,9,30,22
2024-09-30 23:00:00,0.0,0.0,0.0,0.0,12.7,100,6.5,62,1018.2,100,100,0,100,0.0,0.0,41.824,-71.4128,2024,9,30,23
2024-10-01 00:00:00,0.0,0.0,0.0,0.0,12.7,100,2.9,4,1018.1,100,100,0,99,0.0,0.0,41.824,-71.4128,2024,10,1,0
2024-10-01 01:00:00,0.0,0.0,0.0,0.0,12.9,100,4.4,348,1018.1,100,100,0,96,0.0,0.0,41.824,-71.4128,2024,10,1,1
2024-10-01 02:00:00,0.0,0.0,0.0,0.0,12.8,100,6.1,355,1018.0,100,100,0,100,0.0,0.0,41.824,-71.4128,2024,10,1,2
2024-10-01 03:00:00,0.0,0.0,0.0,0.0,12.5,99,7.1,350,1017.8,100,100,0,74,0.0,0.0,41.824,-71.4128,2024,10,1,3
2024-10-01 04:00:00,0.0,0.0,0.0,0.0,12.1,99,8.0,10,1017.8,100,100,0,95,0.0,0.0,41.824,-71.4128,2024,10,1,4
2024-10-01 05:00:00,0.0,0.0,0.0,0.0,11.9,99,7.7,357,1018.0,100,100,0,100,0.0,0.0,41.824,-71.4128,2024,10,1,5
2024-10-01 06:00:00,0.0,0.0,0.0,0.0,12.0,100,8.3,359,1018.1,100,100,0,100,0.0,0.0,41.824,-71.4128,2024,10,1,6
2024-10-01 07:00:00,1.0,0.0,1.0,0.0,12.1,99,8.8,351,1018.2,100,100,0,98,0.0,0.0,41.824,-71.4128,2024,10,1,7
2024-10-01 08:00:00,63.0,12.0,51.0,89.1,13.5,96,9.7,25,1018.5,100,100,0,90,0.0,872.81,41.824,-71.4128,2024,10,1,8
2024-10-01 09:00:00,145.0,10.0,135.0,31.7,14.9,92,11.6,32,1018.8,100,100,0,100,0.0,0.0,41.824,-71.4128,2024,10,1,9
2024-10-01 10:00:00,266.0,69.0,197.0,146.5,17.6,77,14.0,53,1018.8,100,81,0,98,0.0,2594.73,41.824,-71.4128,2024,10,1,10
2024-10-01 11:00:00,396.0,175.0,221.0,295.5,19.0,67,15.3,60,1018.6,99,51,0,99,0.0,3600.0,41.824,-71.4128,2024,10,1,11
2024-10-01 12:00:00,454.0,178.0,276.0,265.6,19.8,62,14.7,63,1018.1,100,58,0,99,0.0,3600.0,41.824,-71.4128,2024,10,1,12
2024-10-01 13:00:00,506.0,268.0,238.0,383.1,20.5,57,13.9,71,1017.5,65,62,0,7,0.0,3600.0,41.824,-71.4128,2024,10,1,13
2024-10-01 14:00:00,607.0,471.0,136.0,694.2,21.2,53,14.0,78,1016.6,70,64,0,18,0.0,3600.0,41.824,-71.4128,2024,10,1,14
2024-10-01 15:00:00,454.0,277.0,177.0,455.3,20.4,57,15.2,77,1016.2,91,86,46,34,0.0,3600.0,41.824,-71.4128,2024,10,1,15
2024-10-01 16:00:00,244.0,60.0,184.0,121.5,18.6,72,17.4,71,1016.3,100,39,25,100,0.1,1844.51,41.824,-71.4128,2024,10,1,16
2024-10-01 17:00:00,175.0,48.0,127.0,140.0,18.0,72,14.3,71,1016.4,100,19,14,100,0.0,2399.61,41.824,-71.4128,2024,10,1,17
2024-10-01 18:00:00,87.0,30.0,57.0,181.1,16.4,80,13.2,60,1016.7,97,30,12,96,0.0,3600.0,41.824,-71.4128,2024,10,1,18
2024-10-01 19:00:00,4.0,0.0,4.0,0.0,14.8,86,12.0,51,1017.1,100,24,7,100,0.0,0.0,41.824,-71.4128,2024,10,1,19
2024-10-01 20:00:00,0.0,0.0,0.0,0.0,14.0,87,11.6,49,1017.2,100,6,2,100,0.0,0.0,41.824,-71.4128,2024,10,1,20
2024-10-01 21:00:00,0.0,0.0,0.0,0.0,13.1,92,10.5,39,1017.5,100,3,0,100,0.0,0.0,41.824,-71.4128,2024,10,1,21
2024-10-01 22:00:00,0.0,0.0,0.0,0.0,12.7,92,9.7,31,1017.3,92,4,0,91,0.0,0.0,41.824,-71.4128,2024,10,1,22
2024-10-01 23:00:00,0.0,0.0,0.0,0.0,12.3,92,7.8,23,1017.2,21,20,0,0,0.0,0.0,41.824,-71.4128,2024,10,1,23
2024-10-02 00:00:00,0.0,0.0,0.0,0.0,11.7,93,8.3,18,1017.0,100,24,0,100,0.0,0.0,41.824,-71.4128,2024,10,2,0
2024-10-02 01:00:00,0.0,0.0,0.0,0.0,11.9,91,8.3,30,1016.6,85,35,0,77,0.0,0.0,41.824,-71.4128,2024,10,2,1
2024-10-02 02:00:00,0.0,0.0,0.0,0.0,12.2,89,7.3,31,1015.9,91,86,0,35,0.0,0.0,41.824,-71.4128,2024,10,2,2
2024-10-02 03:00:00,0.0,0.0,0.0,0.0,12.5,86,7.3,38,1015.3,87,82,0,30,0.0,0.0,41.824,-71.4128,2024,10,2,3
2024-10-02 04:00:00,0.0,0.0,0.0,0.0,12.5,87,7.0,29,1015.3,99,90,0,95,0.0,0.0,41.824,-71.4128,2024,10,2,4
2024-10-02 05:00:00,0.0,0.0,0.0,0.0,12.0,91,7.1,10,1015.5,81,28,0,73,0.0,0.0,41.824,-71.4128,2024,10,2,5
2024-10-02 06:00:00,0.0,0.0,0.0,0.0,11.4,94,7.6,4,1015.7,25,24,0,0,0.0,0.0,41.824,-71.4128,2024,10,2,6
2024-10-02 07:00:00,1.0,0.0,1.0,0.0,11.3,94,8.2,15,1015.6,40,31,0,13,0.0,0.0,41.824,-71.4128,2024,10,2,7
2024-10-02 08:00:00,60.0,21.0,39.0,158.5,12.9,89,7.7,357,1015.8,58,31,12,37,0.0,3005.17,41.824,-71.4128,2024,10,2,8
2024-10-02 09:00:00,227.0,119.0,108.0,382.4,14.5,83,6.1,357,1015.9,77,49,35,54,0.0,3600.0,41.824,-71.4128,2024,10,2,9
2024-10-02 10:00:00,415.0,301.0,114.0,644.5,16.6,69,8.8,70,1016.0,60,54,13,6,0.0,3600.0,41.824,-71.4128,2024,10,2,10
2024-10-02 11:00:00,482.0,306.0,176.0,520.5,17.9,59,9.7,80,1015.9,36,28,2,9,0.0,3600.0,41.824,-71.4128,2024,10,2,11
2024-10-02 12:00:00,582.0,403.0,179.0,605.5,19.0,52,8.1,84,1015.8,52,51,3,0,0.0,3600.0,41.824,-71.4128,2024,10,2,12
2024-10-02 13:00:00,558.0,334.0,224.0,480.7,19.7,47,7.4,94,1015.2,58,58,0,0,0.0,3600.0,41.824,-71.4128,2024,10,2,13
2024-10-02 14:00:00,534.0,286.0,248.0,424.7,20.1,45,8.6,98,1014.5,36,36,0,0,0.0,3600.0,41.824,-71.4128,2024,10,2,14
2024-10-02 15:00:00,535.0,379.0,156.0,628.4,20.4,44,8.7,96,1014.2,100,100,1,7,0.0,3600.0,41.824,-71.4128,2024,10,2,15
2024-10-02 16:00:00,355.0,206.0,149.0,421.7,19.6,49,8.6,89,1014.2,93,92,45,0,0.0,3600.0,41.824,-71.4128,2024,10,2,16
2024-10-02 17:00:00,184.0,68.0,116.0,201.6,18.3,55,10.5,83,1014.2,33,17,27,0,0.0,3600.0,41.824,-71.4128,2024,10,2,17
2024-10-02 18:00:00,93.0,49.0,44.0,306.1,16.3,68,10.2,66,1014.6,22,22,0,0,0.0,3600.0,41.824,-71.4128,2024,10,2,18
2024-10-02 19:00:00,5.0,2.0,3.0,38.2,14.1,78,9.2,55,1015.1,23,23,0,0,0.0,9.17,41.824,-71.4128,2024,10,2,19
2024-10-02 20:00:00,0.0,0.0,0.0,0.0,13.4,81,7.0,61,1015.7,30,30,1,0,0.0,0.0,41.824,-71.4128,2024,10,2,20
2024-10-02 21:00:00,0.0,0.0,0.0,0.0,12.5,86,4.8,48,1016.3,6,6,0,0,0.0,0.0,41.824,-71.4128,2024,10,2,21
2024-10-02 22:00:00,0.0,0.0,0.0,0.0,11.7,90,6.6,61,1016.6,0,0,0,0,0.0,0.0,41.824,-71.4128,2024,10,2,22
2024-10-02 23:00:00,0.0,0.0,0.0,0.0,12.6,84,4.5,37,1016.9,0,0,0,0,0.0,0.0,41.824,-71.4128,2024,10,2,23
2024-10-03 00:00:00,0.0,0.0,0.0,0.0,12.6,84,2.1,345,1016.8,0,0,0,0,0.0,0.0,41.824,-71.4128,2024,10,3,0
2024-10-03 01:00:00,0.0,0.0,0.0,0.0,12.4,86,2.0,350,1016.9,0,0,0,0,0.0,0.0,41.824,-71.4128,2024,10,3,1
2024-10-03 02:00:00,0.0,0.0,0.0,0.0,11.0,93,1.7,328,1017.1,1,0,1,0,0.0,0.0,41.824,-71.4128,2024,10,3,2
2024-10-03 03:00:00,0.0,0.0,0.0,0.0,10.5,95,2.5,330,1017.1,1,0,1,0,0.0,0.0,41.824,-71.4128,2024,10,3,3
2024-10-03 04:00:00,0.0,0.0,0.0,0.0,10.5,95,3.5,351,1016.9,0,0,0,0,0.0,0.0,41.824,-71.4128,2024,10,3,4
2024-10-03 05:00:00,0.0,0.0,0.0,0.0,10.0,96,3.4,328,1017.2,0,0,0,0,0.0,0.0,41.824,-71.4128,2024,10,3,5
2024-10-03 06:00:00,0.0,0.0,0.0,0.0,10.6,95,4.6,312,1017.8,0,0,0,0,0.0,0.0,41.824,-71.4128,2024,10,3,6
2024-10-03 07:00:00,1.0,0.0,1.0,0.0,9.9,97,4.9,306,1018.2,0,0,0,0,0.0,0.0,41.824,-71.4128,2024,10,3,7
2024-10-03 08:00:00,82.0,51.0,31.0,390.4,12.4,91,4.2,295,1019.1,0,0,0,0,0.0,3600.0,41.824,-71.4128,2024,10,3,8
2024-10-03 09:00:00,252.0,191.0,61.0,621.2,15.6,82,1.8,281,1019.6,0,0,0,0,0.0,3600.0,41.824,-71.4128,2024,10,3,9
2024-10-03 10:00:00,423.0,351.0,72.0,758.1,17.9,68,1.8,204,1019.6,0,0,0,0,0.0,3600.0,41.824,-71.4128,2024,10,3,10
2024-10-03 11:00:00,559.0,478.0,81.0,819.0,19.4,58,2.2,215,1019.7,1,1,0,0,0.0,3600.0,41.824,-71.4128,2024,10,3,11
2024-10-03 12:00:00,642.0,551.0,91.0,833.5,20.7,53,1.8,204,1019.3,100,100,0,0,0.0,3600.0,41.824,-71.4128,2024,10,3,12
2024-10-03 13:00:00,450.0,177.0,273.0,256.5,21.0,53,2.6,214,1018.9,100,100,0,0,0.0,3600.0,41.824,-71.4128,2024,10,3,13
2024-10-03 14:00:00,396.0,147.0,249.0,219.9,21.1,54,5.4,178,1018.4,100,100,0,0,0.0,3600.0,41.824,-71.4128,2024,10,3,14
2024-10-03 15:00:00,270.0,35.0,235.0,58.5,20.2,57,9.0,160,1018.4,98,98,0,1,0.0,0.0,41.824,-71.4128,2024,10,3,15
2024-10-03 16:00:00,233.0,59.0,174.0,122.1,19.6,59,11.4,156,1018.1,96,96,0,7,0.0,1864.34,41.824,-71.4128,2024,10,3,16
2024-10-03 17:00:00,163.0,58.0,105.0,174.8,18.6,66,11.5,166,1018.3,95,95,0,2,0.0,3443.44,41.824,-71.4128,2024,10,3,17
2024-10-03 18:00:00,79.0,31.0,48.0,200.6,17.6,72,9.2,180,1018.7,99,3,0,99,0.0,3600.0,41.824,-71.4128,2024,10,3,18
2024-10-03 19:00:00,4.0,1.0,3.0,19.1,15.8,78,9.6,193,1019.1,97,0,0,97,0.0,0.0,41.824,-71.4128,2024,10,3,19
2024-10-03 20:00:00,0.0,0.0,0.0,0.0,14.7,82,9.5,209,1019.6,97,0,0,97,0.0,0.0,41.824,-71.4128,2024,10,3,20
2024-10-03 21:00:00,0.0,0.0,0.0,0.0,13.9,87,9.4,218,1020.5,99,0,0,99,0.0,0.0,41.824,-71.4128,2024,10,3,21
2024-10-03 22:00:00,0.0,0.0,0.0,0.0,13.5,89,8.9,223,1020.8,99,0,0,99,0.0,0.0,41.824,-71.4128,2024,10,3,22
2024-10-03 23:00:00,0.0,0.0,0.0,0.0,13.4,92,8.2,220,1021.1,99,0,0,99,0.0,0.0,41.824,-71.4128,2024,10,3,23
2024-10-04 00:00:00,0.0,0.0,0.0,0.0,13.2,95,7.8,220,1021.3,100,0,0,100,0.0,0.0,41.824,-71.4128,2024,10,4,0
2024-10-04 01:00:00,0.0,0.0,0.0,0.0,13.2,96,8.0,234,1021.5,100,0,0,100,0.0,0.0,41.824,-71.4128,2024,10,4,1
2024-10-04 02:00:00,0.0,0.0,0.0,0.0,13.2,95,8.1,246,1021.5,99,0,0,99,0.0,0.0,41.824,-71.4128,2024,10,4,2
2024-10-04 03:00:00,0.0,0.0,0.0,0.0,13.1,94,7.4,247,1021.3,99,0,0,99,0.0,0.0,41.824,-71.4128,2024,10,4,3
2024-10-04 04:00:00,0.0,0.0,0.0,0.0,11.8,96,7.2,245,1021.3,78,0,0,78,0.0,0.0,41.824,-71.4128,2024,10,4,4
2024-10-04 05:00:00,0.0,0.0,0.0,0.0,11.6,96,7.2,248,1021.6,76,0,0,76,0.0,0.0,41.824,-71.4128,2024,10,4,5
2024-10-04 06:00:00,0.0,0.0,0.0,0.0,11.5,97,7.2,245,1021.8,86,0,0,86,0.0,0.0,41.824,-71.4128,2024,10,4,6
2024-10-04 07:00:00,1.0,0.0,1.0,0.0,11.1,98,8.6,240,1022.0,93,0,0,93,0.0,0.0,41.824,-71.4128,2024,10,4,7
2024-10-04 08:00:00,78.0,43.0,35.0,334.0,13.8,93,4.9,219,1022.3,100,0,0,100,0.0,3600.0,41.824,-71.4128,2024,10,4,8
2024-10-04 09:00:00,242.0,170.0,72.0,559.9,15.9,88,1.5,210,1022.9,100,0,0,100,0.0,3600.0,41.824,-71.4128,2024,10,4,9
2024-10-04 10:00:00,401.0,298.0,103.0,649.3,18.3,80,2.7,176,1022.9,90,0,0,90,0.0,3600.0,41.824,-71.4128,2024,10,4,10
2024-10-04 11:00:00,537.0,420.0,117.0,725.0,20.2,74,5.1,172,1022.3,100,0,0,100,0.0,3600.0,41.824,-71.4128,2024,10,4,11
2024-10-04 12:00:00,607.0,452.0,155.0,688.5,21.6,67,8.8,180,1021.9,100,19,0,100,0.0,3600.0,41.824,-71.4128,2024,10,4,12
2024-10-04 13:00:00,582.0,363.0,219.0,529.8,22.3,62,10.4,172,1021.3,100,49,0,100,0.0,3600.0,41.824,-71.4128,2024,10,4,13
2024-10-04 14:00:00,394.0,140.0,254.0,211.1,21.2,70,14.0,145,1021.0,100,82,0,97,0.0,3600.0,41.824,-71.4128,2024,10,4,14
2024-10-04 15:00:00,350.0,124.0,226.0,209.3,20.7,72,14.4,146,1020.5,100,63,0,100,0.0,3600.0,41.824,-71.4128,2024,10,4,15
2024-10-04 16:00:00,219.0,24.0,195.0,50.3,20.0,73,13.7,152,1020.1,100,21,0,100,0.0,0.0,41.824,-71.4128,2024,10,4,16
2024-10-04 17:00:00,111.0,4.0,107.0,12.3,18.9,78,11.4,155,1020.0,98,1,0,98,0.0,0.0,41.824,-71.4128,2024,10,4,17
2024-10-04 18:00:00,68.0,14.0,54.0,94.0,17.7,82,11.2,169,1019.9,78,2,0,77,0.0,1018.77,41.824,-71.4128,2024,10,4,18
2024-10-04 19:00:00,3.0,0.0,3.0,0.0,16.4,86,10.1,181,1019.9,75,2,0,75,0.0,0.0,41.824,-71.4128,2024,10,4,19
2024-10-04 20:00:00,0.0,0.0,0.0,0.0,15.5,89,9.3,198,1020.1,83,5,2,82,0.0,0.0,41.824,-71.4128,2024,10,4,20
2024-10-04 21:00:00,0.0,0.0,0.0,0.0,15.5,88,8.0,188,1020.4,100,0,11,100,0.0,0.0,41.824,-71.4128,2024,10,4,21
2024-10-04 22:00:00,0.0,0.0,0.0,0.0,15.2,89,6.9,195,1020.3,100,0,0,100,0.0,0.0,41.824,-71.4128,2024,10,4,22
2024-10-04 23:00:00,0.0,0.0,0.0,0.0,14.9,91,7.1,207,1020.4,58,8,4,53,0.0,0.0,41.824,-71.4128,2024,10,4,23
2024-10-05 00:00:00,0.0,0.0,0.0,0.0,14.4,93,7.7,211,1019.7,98,4,13,98,0.0,0.0,41.824,-71.4128,2024,10,5,0
2024-10-05 01:00:00,0.0,0.0,0.0,0.0,14.1,94,6.6,233,1019.8,100,14,4,100,0.0,0.0,41.824,-71.4128,2024,10,5,1
2024-10-05 02:00:00,0.0,0.0,0.0,0.0,13.9,95,4.9,216,1019.2,86,10,0,84,0.0,0.0,41.824,-71.4128,2024,10,5,2
2024-10-05 03:00:00,0.0,0.0,0.0,0.0,13.5,96,5.3,215,1018.6,30,13,0,20,0.0,0.0,41.824,-71.4128,2024,10,5,3
2024-10-05 04:00:00,0.0,0.0,0.0,0.0,13.4,96,6.5,247,1018.4,11,9,2,0,0.0,0.0,41.824,-71.4128,2024,10,5,4
2024-10-05 05:00:00,0.0,0.0,0.0,0.0,13.2,97,7.2,242,1018.1,7,7,0,0,0.0,0.0,41.824,-71.4128,2024,10,5,5
2024-10-05 06:00:00,0.0,0.0,0.0,0.0,13.1,98,7.0,260,1018.2,49,47,4,0,0.0,0.0,41.824,-71.4128,2024,10,5,6
2024-10-05 07:00:00,1.0,0.0,1.0,0.0,13.1,99,6.6,279,1018.6,100,100,77,0,0.0,0.0,41.824,-71.4128,2024,10,5,7
2024-10-05 08:00:00,38.0,3.0,35.0,23.7,14.7,94,8.0,310,1018.8,100,9,100,1,0.0,0.0,41.824,-71.4128,2024,10,5,8
2024-10-05 09:00:00,193.0,105.0,88.0,350.2,16.8,82,12.4,332,1019.3,50,12,43,0,0.0,3600.0,41.824,-71.4128,2024,10,5,9
2024-10-05 10:00:00,304.0,189.0,115.0,415.5,17.4,75,14.8,347,1019.6,50,0,50,0,0.0,3600.0,41.824,-71.4128,2024,10,5,10
2024-10-05 11:00:00,424.0,294.0,130.0,511.3,18.7,65,13.6,354,1019.3,20,0,20,0,0.0,3600.0,41.824,-71.4128,2024,10,5,11
2024-10-05 12:00:00,589.0,469.0,120.0,719.5,20.5,55,13.9,356,1019.0,0,0,0,0,0.0,3600.0,41.824,-71.4128,2024,10,5,12
2024-10-05 13:00:00,681.0,597.0,84.0,877.7,21.4,50,13.9,356,1018.7,0,0,0,0,0.0,3600.0,41.824,-71.4128,2024,10,5,13
2024-10-05 14:00:00,659.0,576.0,83.0,875.2,21.8,47,13.2,357,1018.3,0,0,0,0,0.0,3600.0,41.824,-71.4128,2024,10,5,14
2024-10-05 15:00:00,574.0,494.0,80.0,841.3,21.9,46,12.8,356,1017.9,2,0,2,0,0.0,3600.0,41.824,-71.4128,2024,10,5,15
2024-10-05 16:00:00,439.0,365.0,74.0,773.1,21.7,44,11.9,355,1017.5,1,0,1,0,0.0,3600.0,41.824,-71.4128,2024,10,5,16
2024-10-05 17:00:00,273.0,212.0,61.0,660.9,20.8,51,8.3,360,1017.5,12,5,12,0,0.0,3600.0,41.824,-71.4128,2024,10,5,17
2024-10-05 18:00:00,95.0,58.0,37.0,404.3,18.5,62,8.0,355,1018.0,15,0,15,0,0.0,3600.0,41.824,-71.4128,2024,10,5,18
2024-10-05 19:00:00,3.0,1.0,2.0,19.1,16.1,69,10.2,343,1018.6,9,0,9,0,0.0,0.0,41.824,-71.4128,2024,10,5,19
2024-10-05 20:00:00,0.0,0.0,0.0,0.0,14.6,70,9.3,342,1019.4,0,0,0,0,0.0,0.0,41.824,-71.4128,2024,10,5,20
2024-10-05 21:00:00,0.0,0.0,0.0,0.0,12.8,75,8.0,351,1020.2,0,0,0,0,0.0,0.0,41.824,-71.4128,2024,10,5,21
2024-10-05 22:00:00,0.0,0.0,0.0,0.0,12.0,74,9.6,340,1020.4,0,0,0,0,0.0,0.0,41.824,-71.4128,2024,10,5,22
2024-10-05 23:00:00,0.0,0.0,0.0,0.0,11.8,71,11.5,346,1020.4,0,0,0,0,0.0,0.0,41.824,-71.4128,2024,10,5,23
2024-10-06 00:00:00,0.0,0.0,0.0,0.0,11.8,69,12.5,349,1020.2,0,0,0,0,0.0,0.0,41.824,-71.4128,2024,10,6,0
2024-10-06 01:00:00,0.0,0.0,0.0,0.0,11.4,69,13.0,354,1020.1,0,0,0,0,0.0,0.0,41.824,-71.4128,2024,10,6,1
2024-10-06 02:00:00,0.0,0.0,0.0,0.0,10.7,72,11.4,355,1020.0,0,0,0,0,0.0,0.0,41.824,-71.4128,2024,10,6,2
2024-10-06 03:00:00,0.0,0.0,0.0,0.0,10.0,77,10.2,352,1019.7,0,0,0,0,0.0,0.0,41.824,-71.4128,2024,10,6,3
2024-10-06 04:00:00,0.0,0.0,0.0,0.0,9.4,80,9.5,350,1019.5,0,0,0,0,0.0,0.0,41.824,-71.4128,2024,10,6,4
2024-10-06 05:00:00,0.0,0.0,0.0,0.0,9.0,83,9.6,348,1019.7,0,0,0,0,0.0,0.0,41.824,-71.4128,2024,10,6,5
2024-10-06 06:00:00,0.0,0.0,0.0,0.0,8.6,85,9.6,346,1020.0,0,0,0,0,0.0,0.0,41.824,-71.4128,2024,10,6,6
2024-10-06 07:00:00,0.0,0.0,0.0,0.0,8.4,87,9.9,351,1020.0,0,0,0,0,0.0,0.0,41.824,-71.4128,2024,10,6,7
2024-10-06 08:00:00,79.0,51.0,28.0,408.3,10.0,83,10.0,347,1020.0,0,0,0,0,0.0,3600.0,41.824,-71.4128,2024,10,6,8
2024-10-06 09:00:00,252.0,194.0,58.0,655.5,12.7,77,5.9,2,1020.1,0,0,0,0,0.0,3600.0,41.824,-71.4128,2024,10,6,9
2024-10-06 10:00:00,425.0,353.0,72.0,783.0,15.0,70,6.2,21,1020.2,0,0,0,0,0.0,3600.0,41.824,-71.4128,2024,10,6,10
2024-10-06 11:00:00,564.0,484.0,80.0,848.2,16.6,64,5.2,20,1019.9,0,0,0,0,0.0,3600.0,41.824,-71.4128,2024,10,6,11
2024-10-06 12:00:00,654.0,571.0,83.0,882.3,17.7,58,3.5,9,1019.0,0,0,0,0,0.0,3600.0,41.824,-71.4128,2024,10,6,12
2024-10-06 13:00:00,689.0,605.0,84.0,895.9,18.5,54,2.3,4,1018.1,0,0,0,0,0.0,3600.0,41.824,-71.4128,2024,10,6,13
2024-10-06 14:00:00,652.0,556.0,96.0,851.5,19.2,52,2.5,352,1017.2,2,2,0,0,0.0,3600.0,41.824,-71.4128,2024,10,6,14
2024-10-06 15:00:00,538.0,412.0,126.0,708.1,19.6,50,1.4,23,1016.3,41,41,0,0,0.0,3600.0,41.824,-71.4128,2024,10,6,15
2024-10-06 16:00:00,429.0,346.0,83.0,741.5,19.5,50,2.8,105,1015.4,2,2,0,0,0.0,3600.0,41.824,-71.4128,2024,10,6,16
2024-10-06 17:00:00,268.0,205.0,63.0,650.3,18.5,54,8.2,123,1015.0,67,23,0,58,0.0,3600.0,41.824,-71.4128,2024,10,6,17
2024-10-06 18:00:00,90.0,52.0,38.0,377.0,16.1,67,9.9,175,1014.9,94,18,0,92,0.0,3600.0,41.824,-71.4128,2024,10,6,18
2024-10-06 19:00:00,2.0,1.0,1.0,19.1,13.7,84,6.5,157,1014.9,95,12,0,94,0.0,0.0,41.824,-71.4128,2024,10,6,19
2024-10-06 20:00:00,0.0,0.0,0.0,0.0,12.9,85,7.6,102,1014.8,27,8,0,21,0.0,0.0,41.824,-71.4128,2024,10,6,20
2024-10-06 21:00:00,0.0,0.0,0.0,0.0,11.9,91,8.5,122,1014.5,82,3,0,81,0.0,0.0,41.824,-71.4128,2024,10,6,21
2024-10-06 22:00:00,0.0,0.0,0.0,0.0,11.6,95,7.4,131,1014.4,97,3,0,97,0.0,0.0,41.824,-71.4128,2024,10,6,22
2024-10-06 23:00:00,0.0,0.0,0.0,0.0,11.5,95,8.1,118,1014.4,68,23,0,58,0.0,0.0,41.824,-71.4128,2024,10,6,23
2024-10-07 00:00:00,0.0,0.0,0.0,0.0,11.5,95,7.1,126,1014.0,100,18,0,100,0.0,0.0,41.824,-71.4128,2024,10,7,0
2024-10-07 01:00:00,0.0,0.0,0.0,0.0,11.8,95,6.8,132,1013.7,100,21,0,100,0.0,0.0,41.824,-71.4128,2024,10,7,1
2024-10-07 02:00:00,0.0,0.0,0.0,0.0,12.0,95,8.8,136,1013.0,99,5,4,99,0.0,0.0,41.824,-71.4128,2024,10,7,2
2024-10-07 03:00:00,0.0,0.0,0.0,0.0,11.9,94,6.7,149,1012.3,55,4,42,18,0.0,0.0,41.824,-71.4128,2024,10,7,3
2024-10-07 04:00:00,0.0,0.0,0.0,0.0,12.4,93,8.1,156,1012.0,100,11,33,100,0.8,0.0,41.824,-71.4128,2024,10,7,4
2024-10-07 05:00:00,0.0,0.0,0.0,0.0,12.9,94,11.2,147,1011.1,100,0,81,100,0.6,0.0,41.824,-71.4128,2024,10,7,5
2024-10-07 06:00:00,0.0,0.0,0.0,0.0,13.1,94,11.7,144,1010.3,100,6,98,100,1.9,0.0,41.824,-71.4128,2024,10,7,6
2024-10-07 07:00:00,0.0,0.0,0.0,0.0,13.2,93,12.8,145,1009.5,100,10,99,97,0.0,0.0,41.824,-71.4128,2024,10,7,7
2024-10-07 08:00:00,31.0,3.0,28.0,24.4,13.9,92,12.4,156,1009.2,99,28,60,97,0.4,0.0,41.824,-71.4128,2024,10,7,8
2024-10-07 09:00:00,91.0,15.0,76.0,51.4,14.6,91,12.2,155,1009.7,100,11,97,100,2.1,0.0,41.824,-71.4128,2024,10,7,9
2024-10-07 10:00:00,37.0,2.0,35.0,4.5,14.6,93,13.7,163,1009.0,97,23,68,93,1.3,0.0,41.824,-71.4128,2024,10,7,10
2024-10-07 11:00:00,277.0,88.0,189.0,155.4,16.4,86,19.4,172,1008.6,81,37,68,8,0.2,2862.51,41.824,-71.4128,2024,10,7,11
2024-10-07 12:00:00,335.0,146.0,189.0,227.2,16.7,89,14.7,162,1008.5,93,35,90,18,7.0,3600.0,41.824,-71.4128,2024,10,7,12
2024-10-07 13:00:00,158.0,26.0,132.0,38.8,15.7,96,14.2,159,1007.8,100,100,100,0,3.6,0.0,41.824,-71.4128,2024,10,7,13
2024-10-07 14:00:00,141.0,13.0,128.0,20.1,16.1,93,17.5,175,1007.0,100,100,100,0,2.0,0.0,41.824,-71.4128,2024,10,7,14
2024-10-07 15:00:00,74.0,0.0,74.0,0.0,16.1,94,11.6,175,1006.6,99,95,72,0,1.6,0.0,41.824,-71.4128,2024,10,7,15
2024-10-07 16:00:00,124.0,2.0,122.0,4.3,17.0,91,9.2,181,1005.9,91,89,16,1,0.3,0.0,41.824,-71.4128,2024,10,7,16
2024-10-07 17:00:00,112.0,24.0,88.0,77.5,17.5,90,5.2,272,1005.7,38,31,10,0,0.0,524.9,41.824,-71.4128,2024,10,7,17
2024-10-07 18:00:00,73.0,43.0,30.0,324.4,16.5,88,8.8,313,1005.9,50,26,35,0,0.1,3600.0,41.824,-71.4128,2024,10,7,18
2024-10-07 19:00:00,1.0,0.0,1.0,0.0,15.0,96,6.9,317,1006.4,12,7,9,0,0.1,0.0,41.824,-71.4128,2024,10,7,19
2024-10-07 20:00:00,0.0,0.0,0.0,0.0,14.3,96,9.8,330,1007.0,12,11,10,0,0.0,0.0,41.824,-71.4128,2024,10,7,20
2024-10-07 21:00:00,0.0,0.0,0.0,0.0,13.6,97,6.7,336,1008.4,3,2,1,0,0.0,0.0,41.824,-71.4128,2024,10,7,21
2024-10-07 22:00:00,0.0,0.0,0.0,0.0,13.3,98,7.5,330,1008.6,3,2,1,0,0.0,0.0,41.824,-71.4128,2024,10,7,22
2024-10-07 23:00:00,0.0,0.0,0.0,0.0,13.0,98,8.1,302,1008.9,7,3,5,0,0.0,0.0,41.824,-71.4128,2024,10,7,23
2024-10-08 00:00:00,0.0,0.0,0.0,0.0,12.4,94,12.1,297,1009.0,7,5,6,0,0.0,0.0,41.824,-71.4128,2024,10,8,0
2024-10-08 01:00:00,0.0,0.0,0.0,0.0,11.2,88,14.8,303,1009.2,34,13,9,23,0.0,0.0,41.824,-71.4128,2024,10,8,1
2024-10-08 02:00:00,0.0,0.0,0.0,0.0,10.5,88,14.0,307,1009.0,56,3,1,54,0.0,0.0,41.824,-71.4128,2024,10,8,2
2024-10-08 03:00:00,0.0,0.0,0.0,0.0,10.2,89,13.2,309,1008.7,87,0,0,87,0.0,0.0,41.824,-71.4128,2024,10,8,3
2024-10-08 04:00:00,0.0,0.0,0.0,0.0,9.9,90,12.3,310,1008.7,29,2,7,25,0.0,0.0,41.824,-71.4128,2024,10,8,4
2024-10-08 05:00:00,0.0,0.0,0.0,0.0,9.5,91,12.9,314,1008.8,0,0,0,0,0.0,0.0,41.824,-71.4128,2024,10,8,5
2024-10-08 06:00:00,0.0,0.0,0.0,0.0,9.3,92,13.0,318,1008.9,3,3,0,0,0.0,0.0,41.824,-71.4128,2024,10,8,6
2024-10-08 07:00:00,0.0,0.0,0.0,0.0,9.0,93,12.0,323,1009.4,1,1,0,0,0.0,0.0,41.824,-71.4128,2024,10,8,7
2024-10-08 08:00:00,73.0,46.0,27.0,380.0,10.1,89,11.8,320,1010.0,0,0,0,0,0.0,3600.0,41.824,-71.4128,2024,10,8,8
2024-10-08 09:00:00,246.0,190.0,56.0,659.3,12.2,79,11.2,318,1010.7,0,0,0,0,0.0,3600.0,41.824,-71.4128,2024,10,8,9
2024-10-08 10:00:00,419.0,349.0,70.0,788.6,13.9,64,11.6,328,1011.0,0,0,0,0,0.0,3600.0,41.824,-71.4128,2024,10,8,10
2024-10-08 11:00:00,558.0,481.0,77.0,856.2,15.3,54,10.7,324,1011.0,0,0,0,0,0.0,3600.0,41.824,-71.4128,2024,10,8,11
2024-10-08 12:00:00,650.0,569.0,81.0,892.1,16.2,51,9.8,311,1010.5,0,0,0,0,0.0,3600.0,41.824,-71.4128,2024,10,8,12
2024-10-08 13:00:00,683.0,601.0,82.0,903.2,16.9,47,9.3,306,1009.8,1,0,0,1,0.0,3600.0,41.824,-71.4128,2024,10,8,13
2024-10-08 14:00:00,656.0,576.0,80.0,896.3,17.5,44,10.6,302,1009.4,5,2,4,0,0.0,3600.0,41.824,-71.4128,2024,10,8,14
2024-10-08 15:00:00,555.0,464.0,91.0,812.4,17.9,42,12.3,299,1009.2,58,0,54,8,0.0,3600.0,41.824,-71.4128,2024,10,8,15
2024-10-08 16:00:00,303.0,148.0,155.0,324.8,17.3,42,11.7,297,1009.1,44,0,41,5,0.0,3600.0,41.824,-71.4128,2024,10,8,16
2024-10-08 17:00:00,183.0,82.0,101.0,269.6,16.7,50,6.8,305,1009.1,11,0,5,7,0.0,3600.0,41.824,-71.4128,2024,10,8,17
2024-10-08 18:00:00,86.0,55.0,31.0,424.0,14.0,73,7.3,316,1009.4,18,3,1,15,0.0,3600.0,41.824,-71.4128,2024,10,8,18
2024-10-08 19:00:00,1.0,0.0,1.0,0.0,11.8,79,7.2,321,1010.0,23,0,1,22,0.0,0.0,41.824,-71.4128,2024,10,8,19
2024-10-08 20:00:00,0.0,0.0,0.0,0.0,10.9,82,6.1,289,1010.4,21,0,0,21,0.0,0.0,41.824,-71.4128,2024,10,8,20
2024-10-08 21:00:00,0.0,0.0,0.0,0.0,10.7,83,4.5,270,1011.0,44,0,9,38,0.0,0.0,41.824,-71.4128,2024,10,8,21
2024-10-08 22:00:00,0.0,0.0,0.0,0.0,10.4,84,5.0,270,1011.4,74,1,56,68,0.0,0.0,41.824,-71.4128,2024,10,8,22
2024-10-08 23:00:00,0.0,0.0,0.0,0.0,10.3,84,4.5,268,1011.3,93,0,92,84,0.0,0.0,41.824,-71.4128,2024,10,8,23
2024-10-09 00:00:00,0.0,0.0,0.0,0.0,9.9,86,4.2,277,1011.3,52,0,52,1,0.0,0.0,41.824,-71.4128,2024,10,9,0
2024-10-09 01:00:00,0.0,0.0,0.0,0.0,11.3,75,4.4,279,1011.2,15,0,15,0,0.0,0.0,41.824,-71.4128,2024,10,9,1
2024-10-09 02:00:00,0.0,0.0,0.0,0.0,11.1,76,3.7,293,1010.9,17,0,17,0,0.0,0.0,41.824,-71.4128,2024,10,9,2
2024-10-09 03:00:00,0.0,0.0,0.0,0.0,9.3,85,5.3,308,1010.5,44,0,44,0,0.0,0.0,41.824,-71.4128,2024,10,9,3
2024-10-09 04:00:00,0.0,0.0,0.0,0.0,9.0,83,10.5,299,1010.9,30,0,30,0,0.0,0.0,41.824,-71.4128,2024,10,9,4
2024-10-09 05:00:00,0.0,0.0,0.0,0.0,8.4,84,5.3,327,1010.8,5,0,5,0,0.0,0.0,41.824,-71.4128,2024,10,9,5
2024-10-09 06:00:00,0.0,0.0,0.0,0.0,8.3,84,7.8,302,1010.8,2,0,2,0,0.0,0.0,41.824,-71.4128,2024,10,9,6
2024-10-09 07:00:00,0.0,0.0,0.0,0.0,8.3,83,9.7,294,1011.1,3,0,3,0,0.0,0.0,41.824,-71.4128,2024,10,9,7
2024-10-09 08:00:00,69.0,43.0,26.0,361.1,9.7,76,11.0,298,1011.4,15,0,15,0,0.0,3600.0,41.824,-71.4128,2024,10,9,8
2024-10-09 09:00:00,201.0,135.0,66.0,474.9,11.6,77,9.2,303,1011.6,2,0,2,0,0.0,3600.0,41.824,-71.4128,2024,10,9,9
2024-10-09 10:00:00,415.0,347.0,68.0,791.6,13.9,65,10.4,304,1011.6,0,0,0,0,0.0,3600.0,41.824,-71.4128,2024,10,9,10
2024-10-09 11:00:00,551.0,473.0,78.0,848.7,15.4,53,10.3,297,1011.2,18,0,18,0,0.0,3600.0,41.824,-71.4128,2024,10,9,11
2024-10-09 12:00:00,624.0,508.0,116.0,802.4,16.3,48,10.0,288,1010.7,54,0,54,0,0.0,3600.0,41.824,-71.4128,2024,10,9,12
2024-10-09 13:00:00,562.0,370.0,192.0,560.3,16.7,45,10.6,274,1010.1,19,3,17,0,0.0,3600.0,41.824,-71.4128,2024,10,9,13
2024-10-09 14:00:00,579.0,466.0,113.0,731.0,17.2,43,13.6,263,1009.2,38,5,37,0,0.0,3600.0,41.824,-71.4128,2024,10,9,14
2024-10-09 15:00:00,458.0,334.0,124.0,590.4,16.8,43,15.0,267,1008.9,44,2,44,0,0.0,3600.0,41.824,-71.4128,2024,10,9,15
2024-10-09 16:00:00,347.0,245.0,102.0,544.2,16.8,42,11.9,268,1008.5,26,0,26,0,0.0,3600.0,41.824,-71.4128,2024,10,9,16
2024-10-09 17:00:00,195.0,112.0,83.0,375.0,15.9,49,7.6,301,1008.7,34,0,34,0,0.0,3600.0,41.824,-71.4128,2024,10,9,17
2024-10-09 18:00:00,75.0,42.0,33.0,331.0,13.3,58,9.4,337,1009.2,33,0,33,0,0.0,3600.0,41.824,-71.4128,2024,10,9,18
2024-10-09 19:00:00,1.0,0.0,1.0,0.0,11.2,63,8.7,336,1009.7,0,0,0,0,0.0,0.0,41.824,-71.4128,2024,10,9,19
2024-10-09 20:00:00,0.0,0.0,0.0,0.0,10.2,67,8.7,318,1010.1,0,0,0,0,0.0,0.0,41.824,-71.4128,2024,10,9,20
2024-10-09 21:00:00,0.0,0.0,0.0,0.0,9.7,79,13.1,288,1011.3,82,2,82,0,0.3,0.0,41.824,-71.4128,2024,10,9,21
2024-10-09 22:00:00,0.0,0.0,0.0,0.0,9.9,79,6.9,330,1011.0,4,0,4,0,0.0,0.0,41.824,-71.4128,2024,10,9,22
2024-10-09 23:00:00,0.0,0.0,0.0,0.0,9.0,83,11.1,302,1010.9,67,0,67,0,0.0,0.0,41.824,-71.4128,2024,10,9,23
2024-10-10 00:00:00,0.0,0.0,0.0,0.0,9.3,78,12.9,305,1011.0,4,0,4,0,0.0,0.0,41.824,-71.4128,2024,10,10,0
2024-10-10 01:00:00,0.0,0.0,0.0,0.0,8.5,81,11.0,302,1011.3,21,0,21,0,0.0,0.0,41.824,-71.4128,2024,10,10,1
2024-10-10 02:00:00,0.0,0.0,0.0,0.0,8.2,79,12.7,297,1011.2,0,0,0,0,0.0,0.0,41.824,-71.4128,2024,10,10,2
2024-10-10 03:00:00,0.0,0.0,0.0,0.0,7.8,80,13.4,306,1011.4,1,1,0,0,0.0,0.0,41.824,-71.4128,2024,10,10,3
2024-10-10 04:00:00,0.0,0.0,0.0,0.0,7.4,83,13.4,310,1011.5,0,0,0,0,0.0,0.0,41.824,-71.4128,2024,10,10,4
2024-10-10 05:00:00,0.0,0.0,0.0,0.0,7.2,85,14.1,318,1011.8,0,0,0,0,0.0,0.0,41.824,-71.4128,2024,10,10,5
2024-10-10 06:00:00,0.0,0.0,0.0,0.0,7.0,84,14.7,324,1012.3,0,0,0,0,0.0,0.0,41.824,-71.4128,2024,10,10,6
2024-10-10 07:00:00,0.0,0.0,0.0,0.0,6.7,83,14.4,320,1013.2,0,0,0,0,0.0,0.0,41.824,-71.4128,2024,10,10,7
2024-10-10 08:00:00,69.0,44.0,25.0,375.6,7.5,80,12.7,314,1014.2,0,0,0,0,0.0,3600.0,41.824,-71.4128,2024,10,10,8
2024-10-10 09:00:00,242.0,186.0,56.0,663.4,9.4,70,16.3,312,1014.2,0,0,0,0,0.0,3600.0,41.824,-71.4128,2024,10,10,9
2024-10-10 10:00:00,413.0,343.0,70.0,790.0,10.9,63,15.3,318,1014.4,0,0,0,0,0.0,3600.0,41.824,-71.4128,2024,10,10,10
2024-10-10 11:00:00,550.0,472.0,78.0,853.7,12.4,56,16.4,325,1014.2,3,3,0,0,0.0,3600.0,41.824,-71.4128,2024,10,10,11
2024-10-10 12:00:00,637.0,550.0,87.0,875.3,13.7,49,19.3,326,1014.0,94,94,1,0,0.0,3600.0,41.824,-71.4128,2024,10,10,12
2024-10-10 13:00:00,375.0,118.0,257.0,180.0,13.6,49,19.8,321,1013.5,100,100,76,0,0.0,3600.0,41.824,-71.4128,2024,10,10,13
2024-10-10 14:00:00,385.0,150.0,235.0,237.2,13.9,47,19.5,317,1013.1,87,86,68,0,0.0,3600.0,41.824,-71.4128,2024,10,10,14
2024-10-10 15:00:00,389.0,178.0,211.0,317.6,14.2,45,19.5,318,1012.7,64,6,64,0,0.0,3600.0,41.824,-71.4128,2024,10,10,15
2024-10-10 16:00:00,315.0,177.0,138.0,398.0,14.0,45,20.6,317,1012.4,65,32,64,0,0.0,3600.0,41.824,-71.4128,2024,10,10,16
2024-10-10 17:00:00,189.0,105.0,84.0,358.1,13.3,49,16.5,315,1012.5,22,5,22,0,0.0,3600.0,41.824,-71.4128,2024,10,10,17
2024-10-10 18:00:00,75.0,45.0,30.0,362.7,11.8,55,13.8,319,1013.1,6,6,5,0,0.0,3600.0,41.824,-71.4128,2024,10,10,18
2024-10-10 19:00:00,0.0,0.0,0.0,0.0,10.3,61,10.4,330,1014.1,4,4,1,0,0.0,0.0,41.824,-71.4128,2024,10,10,19
2024-10-10 20:00:00,0.0,0.0,0.0,0.0,8.9,66,10.1,321,1014.8,0,0,0,0,0.0,0.0,41.824,-71.4128,2024,10,10,20
2024-10-10 21:00:00,0.0,0.0,0.0,0.0,9.4,65,13.0,321,1015.9,1,1,0,0,0.0,0.0,41.824,-71.4128,2024,10,10,21
2024-10-10 22:00:00,0.0,0.0,0.0,0.0,9.0,67,12.0,320,1016.1,0,0,0,0,0.0,0.0,41.824,-71.4128,2024,10,10,22
2024-10-10 23:00:00,0.0,0.0,0.0,0.0,8.3,71,12.6,308,1016.1,1,1,0,0,0.0,0.0,41.824,-71.4128,2024,10,10,23
2024-10-11 00:00:00,0.0,0.0,0.0,0.0,7.9,73,12.9,305,1016.2,0,0,0,0,0.0,0.0,41.824,-71.4128,2024,10,11,0
2024-10-11 01:00:00,0.0,0.0,0.0,0.0,7.3,75,11.8,299,1016.3,4,4,0,0,0.0,0.0,41.824,-71.4128,2024,10,11,1
2024-10-11 02:00:00,0.0,0.0,0.0,0.0,6.8,77,12.4,298,1016.4,0,0,0,0,0.0,0.0,41.824,-71.4128,2024,10,11,2
2024-10-11 03:00:00,0.0,0.0,0.0,0.0,6.4,78,12.3,300,1015.8,0,0,0,0,0.0,0.0,41.824,-71.4128,2024,10,11,3
2024-10-11 04:00:00,0.0,0.0,0.0,0.0,6.2,79,11.9,301,1015.6,1,1,0,0,0.0,0.0,41.824,-71.4128,2024,10,11,4
2024-10-11 05:00:00,0.0,0.0,0.0,0.0,5.9,82,11.3,297,1015.6,0,0,0,0,0.0,0.0,41.824,-71.4128,2024,10,11,5
2024-10-11 06:00:00,0.0,0.0,0.0,0.0,5.7,83,10.6,285,1015.6,0,0,0,0,0.0,0.0,41.824,-71.4128,2024,10,11,6
2024-10-11 07:00:00,0.0,0.0,0.0,0.0,5.5,85,10.0,283,1015.8,0,0,0,0,0.0,0.0,41.824,-71.4128,2024,10,11,7
2024-10-11 08:00:00,65.0,42.0,23.0,364.7,6.9,83,9.6,273,1016.0,0,0,0,0,0.0,3600.0,41.824,-71.4128,2024,10,11,8
2024-10-11 09:00:00,234.0,179.0,55.0,647.6,9.6,73,8.1,271,1016.1,0,0,0,0,0.0,3600.0,41.824,-71.4128,2024,10,11,9
2024-10-11 10:00:00,404.0,335.0,69.0,779.1,11.8,64,9.4,282,1015.4,7,0,0,7,0.0,3600.0,41.824,-71.4128,2024,10,11,10
2024-10-11 11:00:00,543.0,467.0,76.0,851.6,13.9,58,9.9,286,1014.6,0,0,0,0,0.0,3600.0,41.824,-71.4128,2024,10,11,11
2024-10-11 12:00:00,632.0,552.0,80.0,885.2,15.6,53,11.7,281,1013.9,0,0,0,0,0.0,3600.0,41.824,-71.4128,2024,10,11,12
2024-10-11 13:00:00,663.0,582.0,81.0,894.8,17.0,49,13.0,284,1013.2,0,0,0,0,0.0,3600.0,41.824,-71.4128,2024,10,11,13
2024-10-11 14:00:00,635.0,556.0,79.0,886.7,17.9,47,14.0,286,1012.0,0,0,0,0,0.0,3600.0,41.824,-71.4128,2024,10,11,14
2024-10-11 15:00:00,550.0,475.0,75.0,855.7,18.4,47,14.2,282,1011.3,0,0,0,0,0.0,3600.0,41.824,-71.4128,2024,10,11,15
2024-10-11 16:00:00,414.0,346.0,68.0,787.5,18.4,47,14.1,280,1010.8,0,0,0,0,0.0,3600.0,41.824,-71.4128,2024,10,11,16
2024-10-11 17:00:00,245.0,191.0,54.0,663.6,17.5,53,10.9,276,1010.6,0,0,0,0,0.0,3600.0,41.824,-71.4128,2024,10,11,17
2024-10-11 18:00:00,75.0,49.0,26.0,404.0,15.0,60,9.8,262,1010.4,0,0,0,0,0.0,3600.0,41.824,-71.4128,2024,10,11,18
2024-10-11 19:00:00,0.0,0.0,0.0,0.0,13.5,62,11.8,257,1010.4,0,0,0,0,0.0,0.0,41.824,-71.4128,2024,10,11,19
2024-10-11 20:00:00,0.0,0.0,0.0,0.0,13.1,61,12.5,263,1010.4,0,0,0,0,0.0,0.0,41.824,-71.4128,2024,10,11,20
2024-10-11 21:00:00,0.0,0.0,0.0,0.0,12.4,60,12.0,258,1010.7,4,0,1,4,0.0,0.0,41.824,-71.4128,2024,10,11,21
2024-10-11 22:00:00,0.0,0.0,0.0,0.0,12.0,63,13.0,246,1009.8,10,0,1,10,0.0,0.0,41.824,-71.4128,2024,10,11,22
2024-10-11 23:00:00,0.0,0.0,0.0,0.0,12.5,62,14.5,247,1009.0,5,0,0,5,0.0,0.0,41.824,-71.4128,2024,10,11,23
2024-10-12 00:00:00,0.0,0.0,0.0,0.0,13.0,59,18.0,252,1008.1,10,0,0,10,0.0,0.0,41.824,-71.4128,2024,10,12,0
2024-10-12 01:00:00,0.0,0.0,0.0,0.0,13.3,58,19.1,252,1007.5,11,0,0,11,0.0,0.0,41.824,-71.4128,2024,10,12,1
2024-10-12 02:00:00,0.0,0.0,0.0,0.0,13.2,59,19.1,256,1007.1,25,0,0,25,0.0,0.0,41.824,-71.4128,2024,10,12,2
2024-10-12 03:00:00,0.0,0.0,0.0,0.0,13.0,62,18.7,254,1006.4,13,0,0,13,0.0,0.0,41.824,-71.4128,2024,10,12,3
2024-10-12 04:00:00,0.0,0.0,0.0,0.0,13.3,63,18.0,254,1005.7,24,0,0,24,0.0,0.0,41.824,-71.4128,2024,10,12,4
2024-10-12 05:00:00,0.0,0.0,0.0,0.0,13.8,61,18.2,259,1005.4,1,0,0,0,0.0,0.0,41.824,-71.4128,2024,10,12,5
2024-10-12 06:00:00,0.0,0.0,0.0,0.0,14.1,60,17.6,262,1005.3,0,0,0,0,0.0,0.0,41.824,-71.4128,2024,10,12,6
2024-10-12 07:00:00,0.0,0.0,0.0,0.0,14.8,59,17.8,268,1005.6,4,2,0,2,0.0,0.0,41.824,-71.4128,2024,10,12,7
2024-10-12 08:00:00,63.0,41.0,22.0,362.2,16.4,58,20.0,285,1006.7,13,11,0,2,0.0,3600.0,41.824,-71.4128,2024,10,12,8
2024-10-12 09:00:00,234.0,181.0,53.0,664.3,18.5,52,23.3,292,1006.9,5,1,0,5,0.0,3600.0,41.824,-71.4128,2024,10,12,9
2024-10-12 10:00:00,402.0,333.0,69.0,782.1,19.4,49,22.9,292,1007.2,1,0,0,1,0.0,3600.0,41.824,-71.4128,2024,10,12,10
2024-10-12 11:00:00,546.0,472.0,74.0,867.8,20.0,40,23.4,304,1007.8,0,0,0,0,0.0,3600.0,41.824,-71.4128,2024,10,12,11
2024-10-12 12:00:00,639.0,562.0,77.0,908.1,20.2,39,23.3,307,1008.4,2,0,0,2,0.0,3600.0,41.824,-71.4128,2024,10,12,12
2024-10-12 13:00:00,670.0,591.0,79.0,915.6,20.3,35,22.3,302,1008.6,0,0,0,0,0.0,3600.0,41.824,-71.4128,2024,10,12,13
2024-10-12 14:00:00,645.0,568.0,77.0,913.4,20.3,33,21.9,300,1008.5,2,0,0,2,0.0,3600.0,41.824,-71.4128,2024,10,12,14
2024-10-12 15:00:00,558.0,485.0,73.0,882.2,20.0,32,20.1,301,1008.8,26,0,0,26,0.0,3600.0,41.824,-71.4128,2024,10,12,15
2024-10-12 16:00:00,421.0,355.0,66.0,818.0,19.2,34,17.8,300,1009.0,11,0,0,11,0.0,3600.0,41.824,-71.4128,2024,10,12,16
2024-10-12 17:00:00,249.0,196.0,53.0,694.0,17.8,38,13.8,296,1009.7,7,0,0,7,0.0,3600.0,41.824,-71.4128,2024,10,12,17
2024-10-12 18:00:00,75.0,50.0,25.0,421.8,15.2,43,11.0,294,1010.6,1,0,0,1,0.0,3600.0,41.824,-71.4128,2024,10,12,18
2024-10-12 19:00:00,0.0,0.0,0.0,0.0,13.2,46,10.8,294,1011.8,0,0,0,0,0.0,0.0,41.824,-71.4128,2024,10,12,19
2024-10-12 20:00:00,0.0,0.0,0.0,0.0,12.0,50,10.2,293,1012.7,0,0,0,0,0.0,0.0,41.824,-71.4128,2024,10,12,20
2024-10-12 21:00:00,0.0,0.0,0.0,0.0,11.8,49,11.0,285,1013.3,0,0,0,0,0.0,0.0,41.824,-71.4128,2024,10,12,21
2024-10-12 22:00:00,0.0,0.0,0.0,0.0,11.4,50,11.9,290,1013.7,0,0,0,0,0.0,0.0,41.824,-71.4128,2024,10,12,22
2024-10-12 23:00:00,0.0,0.0,0.0,0.0,10.7,53,11.1,299,1013.9,0,0,0,0,0.0,0.0,41.824,-71.4128,2024,10,12,23
2024-10-13 00:00:00,0.0,0.0,0.0,0.0,9.8,58,10.7,311,1014.1,0,0,0,0,0.0,0.0,41.824,-71.4128,2024,10,13,0
2024-10-13 01:00:00,0.0,0.0,0.0,0.0,8.9,63,10.7,323,1014.1,0,0,0,0,0.0,0.0,41.824,-71.4128,2024,10,13,1
2024-10-13 02:00:00,0.0,0.0,0.0,0.0,8.2,67,9.7,333,1014.5,0,0,0,0,0.0,0.0,41.824,-71.4128,2024,10,13,2
2024-10-13 03:00:00,0.0,0.0,0.0,0.0,7.2,70,7.7,348,1014.6,0,0,0,0,0.0,0.0,41.824,-71.4128,2024,10,13,3
2024-10-13 04:00:00,0.0,0.0,0.0,0.0,6.5,74,5.5,351,1014.4,1,0,0,1,0.0,0.0,41.824,-71.4128,2024,10,13,4
2024-10-13 05:00:00,0.0,0.0,0.0,0.0,5.7,81,5.8,355,1014.3,34,0,0,34,0.0,0.0,41.824,-71.4128,2024,10,13,5
2024-10-13 06:00:00,0.0,0.0,0.0,0.0,6.3,73,3.9,338,1014.3,4,0,3,2,0.0,0.0,41.824,-71.4128,2024,10,13,6
2024-10-13 07:00:00,0.0,0.0,0.0,0.0,6.1,76,3.6,319,1014.8,100,0,100,33,0.0,0.0,41.824,-71.4128,2024,10,13,7
2024-10-13 08:00:00,11.0,0.0,11.0,0.0,7.9,68,6.1,357,1015.3,100,0,100,85,0.0,0.0,41.824,-71.4128,2024,10,13,8
2024-10-13 09:00:00,23.0,0.0,23.0,0.0,8.3,72,4.6,13,1015.6,100,0,100,34,0.4,0.0,41.824,-71.4128,2024,10,13,9
2024-10-13 10:00:00,56.0,0.0,56.0,0.0,8.4,82,5.1,54,1015.1,100,0,100,0,0.1,0.0,41.824,-71.4128,2024,10,13,10
2024-10-13 11:00:00,96.0,1.0,95.0,1.9,9.3,79,5.4,92,1013.6,100,0,100,4,0.0,0.0,41.824,-71.4128,2024,10,13,11
2024-10-13 12:00:00,139.0,7.0,132.0,11.4,10.0,74,6.3,35,1013.2,100,0,100,27,0.0,0.0,41.824,-71.4128,2024,10,13,12
2024-10-13 13:00:00,246.0,46.0,200.0,71.8,11.6,64,8.1,43,1012.2,100,1,100,23,0.0,354.69,41.824,-71.4128,2024,10,13,13
2024-10-13 14:00:00,243.0,26.0,217.0,42.2,12.8,59,8.9,62,1010.9,100,17,100,1,0.0,0.0,41.824,-71.4128,2024,10,13,14
2024-10-13 15:00:00,146.0,0.0,146.0,0.0,12.5,63,9.5,61,1009.8,95,14,94,9,0.0,0.0,41.824,-71.4128,2024,10,13,15
2024-10-13 16:00:00,260.0,105.0,155.0,245.0,13.3,67,10.6,42,1008.8,100,33,100,72,0.0,3600.0,41.824,-71.4128,2024,10,13,16
2024-10-13 17:00:00,85.0,0.0,85.0,0.0,12.0,77,11.3,37,1008.1,34,2,28,6,1.2,0.0,41.824,-71.4128,2024,10,13,17
2024-10-13 18:00:00,49.0,20.0,29.0,172.7,10.7,82,11.2,21,1007.6,96,22,88,53,0.0,3600.0,41.824,-71.4128,2024,10,13,18
2024-10-13 19:00:00,0.0,0.0,0.0,0.0,10.5,84,12.5,28,1007.2,100,97,100,63,0.0,0.0,41.824,-71.4128,2024,10,13,19
2024-10-13 20:00:00,0.0,0.0,0.0,0.0,11.0,85,12.4,14,1007.4,99,94,50,73,0.0,0.0,41.824,-71.4128,2024,10,13,20
2024-10-13 21:00:00,0.0,0.0,0.0,0.0,10.1,93,12.0,14,1007.4,91,88,18,4,2.4,0.0,41.824,-71.4128,2024,10,13,21
2024-10-13 22:00:00,0.0,0.0,0.0,0.0,9.8,97,10.8,1,1007.2,99,98,11,5,0.0,0.0,41.824,-71.4128,2024,10,13,22
2024-10-13 23:00:00,0.0,0.0,0.0,0.0,9.6,98,11.4,15,1006.8,100,100,13,40,0.0,0.0,41.824,-71.4128,2024,10,13,23
2024-10-14 00:00:00,0.0,0.0,0.0,0.0,9.8,97,11.9,11,1005.6,100,100,17,100,0.0,0.0,41.824,-71.4128,2024,10,14,0
2024-10-14 01:00:00,0.0,0.0,0.0,0.0,9.8,98,11.8,23,1005.2,100,100,20,17,0.0,0.0,41.824,-71.4128,2024,10,14,1
2024-10-14 02:00:00,0.0,0.0,0.0,0.0,9.9,99,11.5,23,1004.2,100,100,29,0,0.0,0.0,41.824,-71.4128,2024,10,14,2
2024-10-14 03:00:00,0.0,0.0,0.0,0.0,10.0,99,13.8,22,1003.7,100,100,3,0,0.0,0.0,41.824,-71.4128,2024,10,14,3
2024-10-14 04:00:00,0.0,0.0,0.0,0.0,10.4,99,10.3,27,1003.0,100,100,1,0,0.0,0.0,41.824,-71.4128,2024,10,14,4
2024-10-14 05:00:00,0.0,0.0,0.0,0.0,10.8,97,8.3,27,1002.6,100,100,4,1,0.0,0.0,41.824,-71.4128,2024,10,14,5
2024-10-14 06:00:00,0.0,0.0,0.0,0.0,10.8,98,9.1,14,1001.8,100,100,5,37,0.0,0.0,41.824,-71.4128,2024,10,14,6
2024-10-14 07:00:00,0.0,0.0,0.0,0.0,10.9,98,9.7,10,1001.5,100,100,67,36,0.1,0.0,41.824,-71.4128,2024,10,14,7
2024-10-14 08:00:00,20.0,0.0,20.0,0.0,11.2,96,9.2,16,1001.2,100,100,58,30,0.7,0.0,41.824,-71.4128,2024,10,14,8
2024-10-14 09:00:00,128.0,26.0,102.0,98.3,10.6,91,11.2,2,1002.3,100,100,36,32,0.0,1148.7,41.824,-71.4128,2024,10,14,9
2024-10-14 10:00:00,221.0,48.0,173.0,115.0,11.8,88,8.3,349,1001.8,100,100,68,2,0.0,1650.73,41.824,-71.4128,2024,10,14,10
2024-10-14 11:00:00,234.0,22.0,212.0,41.1,13.0,84,3.7,23,1001.4,100,53,100,13,0.0,0.0,41.824,-71.4128,2024,10,14,11
2024-10-14 12:00:00,170.0,2.0,168.0,3.3,13.6,83,2.7,266,1001.2,100,84,100,70,0.0,0.0,41.824,-71.4128,2024,10,14,12
2024-10-14 13:00:00,150.0,5.0,145.0,7.9,14.6,82,4.0,207,1000.3,100,78,100,30,0.1,0.0,41.824,-71.4128,2024,10,14,13
2024-10-14 14:00:00,182.0,7.0,175.0,11.4,15.6,80,6.8,258,999.7,100,81,100,35,0.1,0.0,41.824,-71.4128,2024,10,14,14
2024-10-14 15:00:00,166.0,14.0,152.0,26.0,15.4,81,6.5,256,999.5,94,11,93,1,0.2,0.0,41.824,-71.4128,2024,10,14,15
2024-10-14 16:00:00,142.0,22.0,120.0,52.0,15.4,81,6.2,255,999.0,26,16,15,0,0.2,0.0,41.824,-71.4128,2024,10,14,16
2024-10-14 17:00:00,203.0,143.0,60.0,526.0,14.3,76,11.4,247,999.7,37,13,28,0,0.1,3600.0,41.824,-71.4128,2024,10,14,17
2024-10-14 18:00:00,47.0,25.0,22.0,221.0,12.0,87,8.4,230,999.7,14,0,14,0,0.0,3600.0,41.824,-71.4128,2024,10,14,18
2024-10-14 19:00:00,0.0,0.0,0.0,0.0,12.1,81,13.7,256,1000.4,3,1,3,0,0.0,0.0,41.824,-71.4128,2024,10,14,19
2024-10-14 20:00:00,0.0,0.0,0.0,0.0,11.1,70,14.9,289,1001.6,4,0,4,0,0.0,0.0,41.824,-71.4128,2024,10,14,20
2024-10-14 21:00:00,0.0,0.0,0.0,0.0,9.9,73,16.1,292,1003.2,71,71,0,0,0.0,0.0,41.824,-71.4128,2024,10,14,21
2024-10-14 22:00:00,0.0,0.0,0.0,0.0,9.0,77,21.3,311,1004.7,28,28,0,0,0.0,0.0,41.824,-71.4128,2024,10,14,22
2024-10-14 23:00:00,0.0,0.0,0.0,0.0,7.1,73,19.7,317,1005.5,5,5,0,0,0.0,0.0,41.824,-71.4128,2024,10,14,23
2024-10-15 00:00:00,0.0,0.0,0.0,0.0,6.7,72,17.4,317,1005.9,5,5,0,0,0.0,0.0,41.824,-71.4128,2024,10,15,0
2024-10-15 01:00:00,0.0,0.0,0.0,0.0,6.6,72,16.7,316,1006.3,3,3,0,0,0.0,0.0,41.824,-71.4128,2024,10,15,1
2024-10-15 02:00:00,0.0,0.0,0.0,0.0,6.3,75,13.8,312,1006.8,7,2,0,4,0.0,0.0,41.824,-71.4128,2024,10,15,2
2024-10-15 03:00:00,0.0,0.0,0.0,0.0,6.1,76,12.4,301,1007.1,97,2,7,97,0.0,0.0,41.824,-71.4128,2024,10,15,3
2024-10-15 04:00:00,0.0,0.0,0.0,0.0,5.8,79,11.4,288,1007.3,23,0,0,22,0.0,0.0,41.824,-71.4128,2024,10,15,4
2024-10-15 05:00:00,0.0,0.0,0.0,0.0,5.3,82,12.5,277,1008.2,27,0,0,27,0.0,0.0,41.824,-71.4128,2024,10,15,5
2024-10-15 06:00:00,0.0,0.0,0.0,0.0,5.0,81,13.6,285,1008.2,89,0,0,89,0.0,0.0,41.824,-71.4128,2024,10,15,6
2024-10-15 07:00:00,0.0,0.0,0.0,0.0,4.8,80,13.2,287,1008.4,0,0,0,0,0.0,0.0,41.824,-71.4128,2024,10,15,7
2024-10-15 08:00:00,56.0,37.0,19.0,345.0,5.5,78,12.1,285,1008.8,31,0,0,31,0.0,3397.64,41.824,-71.4128,2024,10,15,8
2024-10-15 09:00:00,224.0,170.0,54.0,652.5,7.3,70,14.5,284,1008.6,11,0,10,1,0.0,3600.0,41.824,-71.4128,2024,10,15,9
2024-10-15 10:00:00,395.0,327.0,68.0,791.7,9.0,63,13.5,283,1008.7,2,0,2,0,0.0,3600.0,41.824,-71.4128,2024,10,15,10
2024-10-15 11:00:00,533.0,459.0,74.0,865.4,10.6,56,13.1,282,1008.3,95,0,91,46,0.0,3600.0,41.824,-71.4128,2024,10,15,11
2024-10-15 12:00:00,564.0,399.0,165.0,659.9,11.6,50,13.4,282,1008.1,60,1,60,0,0.0,3600.0,41.824,-71.4128,2024,10,15,12
2024-10-15 13:00:00,621.0,486.0,135.0,770.8,12.0,50,15.6,287,1007.5,35,5,31,0,0.0,3600.0,41.824,-71.4128,2024,10,15,13
2024-10-15 14:00:00,608.0,503.0,105.0,829.4,12.7,47,16.9,282,1006.8,11,9,9,0,0.0,3600.0,41.824,-71.4128,2024,10,15,14
2024-10-15 15:00:00,456.0,331.0,125.0,619.8,12.7,41,18.2,279,1006.4,28,7,27,0,0.0,3600.0,41.824,-71.4128,2024,10,15,15
2024-10-15 16:00:00,326.0,225.0,101.0,538.1,11.6,44,18.7,284,1006.7,2,1,1,0,0.0,3600.0,41.824,-71.4128,2024,10,15,16
2024-10-15 17:00:00,229.0,176.0,53.0,660.0,11.1,47,13.9,290,1006.9,2,0,2,0,0.0,3600.0,41.824,-71.4128,2024,10,15,17
2024-10-15 18:00:00,61.0,40.0,21.0,362.1,9.2,54,10.5,289,1007.3,0,0,0,0,0.0,3529.01,41.824,-71.4128,2024,10,15,18
2024-10-15 19:00:00,0.0,0.0,0.0,0.0,8.0,58,10.9,276,1007.8,0,0,0,0,0.0,0.0,41.824,-71.4128,2024,10,15,19
2024-10-15 20:00:00,0.0,0.0,0.0,0.0,7.3,63,11.1,261,1008.2,0,0,0,0,0.0,0.0,41.824,-71.4128,2024,10,15,20
2024-10-15 21:00:00,0.0,0.0,0.0,0.0,7.3,64,12.5,275,1008.3,0,0,0,0,0.0,0.0,41.824,-71.4128,2024,10,15,21
2024-10-15 22:00:00,0.0,0.0,0.0,0.0,7.0,64,14.1,276,1008.7,0,0,0,0,0.0,0.0,41.824,-71.4128,2024,10,15,22
2024-10-15 23:00:00,0.0,0.0,0.0,0.0,6.7,63,14.7,278,1008.6,0,0,0,0,0.0,0.0,41.824,-71.4128,2024,10,15,23
2024-10-16 00:00:00,0.0,0.0,0.0,0.0,6.3,66,14.2,269,1008.6,0,0,0,0,0.0,0.0,41.824,-71.4128,2024,10,16,0
2024-10-16 01:00:00,0.0,0.0,0.0,0.0,5.9,68,14.7,264,1008.8,0,0,0,0,0.0,0.0,41.824,-71.4128,2024,10,16,1
2024-10-16 02:00:00,0.0,0.0,0.0,0.0,5.6,70,15.3,261,1008.8,0,0,0,0,0.0,0.0,41.824,-71.4128,2024,10,16,2
2024-10-16 03:00:00,0.0,0.0,0.0,0.0,5.4,72,16.4,266,1008.8,1,1,0,0,0.0,0.0,41.824,-71.4128,2024,10,16,3
2024-10-16 04:00:00,0.0,0.0,0.0,0.0,5.2,74,15.7,268,1009.0,97,1,92,97,0.0,0.0,41.824,-71.4128,2024,10,16,4
2024-10-16 05:00:00,0.0,0.0,0.0,0.0,5.4,74,15.1,270,1009.5,99,0,99,32,0.0,0.0,41.824,-71.4128,2024,10,16,5
2024-10-16 06:00:00,0.0,0.0,0.0,0.0,5.3,75,13.7,273,1009.8,23,1,22,0,0.0,0.0,41.824,-71.4128,2024,10,16,6
2024-10-16 07:00:00,0.0,0.0,0.0,0.0,5.0,78,14.3,276,1010.3,6,0,5,0,0.0,0.0,41.824,-71.4128,2024,10,16,7
2024-10-16 08:00:00,50.0,29.0,21.0,275.6,5.9,77,15.4,287,1011.0,6,1,6,0,0.0,3328.81,41.824,-71.4128,2024,10,16,8
2024-10-16 09:00:00,211.0,155.0,56.0,604.2,7.8,67,16.1,295,1011.7,0,0,0,0,0.0,3600.0,41.824,-71.4128,2024,10,16,9
2024-10-16 10:00:00,383.0,315.0,68.0,770.5,9.2,62,16.8,294,1012.1,9,9,0,0,0.0,3600.0,41.824,-71.4128,2024,10,16,10
2024-10-16 11:00:00,505.0,415.0,90.0,789.1,10.8,52,21.8,311,1012.6,38,38,0,0,0.0,3600.0,41.824,-71.4128,2024,10,16,11
2024-10-16 12:00:00,522.0,371.0,151.0,618.5,11.3,51,22.5,309,1013.2,64,64,0,0,0.0,3600.0,41.824,-71.4128,2024,10,16,12
2024-10-16 13:00:00,440.0,235.0,205.0,375.6,11.4,50,21.5,312,1013.5,62,62,0,0,0.0,3600.0,41.824,-71.4128,2024,10,16,13
2024-10-16 14:00:00,454.0,257.0,197.0,427.3,11.8,49,20.2,313,1013.6,60,60,0,0,0.0,3600.0,41.824,-71.4128,2024,10,16,14
2024-10-16 15:00:00,391.0,230.0,161.0,434.9,12.3,47,19.2,316,1014.0,53,53,0,0,0.0,3600.0,41.824,-71.4128,2024,10,16,15
2024-10-16 16:00:00,319.0,182.0,137.0,440.8,12.7,44,15.2,316,1014.4,1,1,0,0,0.0,3600.0,41.824,-71.4128,2024,10,16,16
2024-10-16 17:00:00,224.0,171.0,53.0,653.9,12.1,49,9.4,320,1015.0,0,0,0,0,0.0,3600.0,41.824,-71.4128,2024,10,16,17
2024-10-16 18:00:00,57.0,37.0,20.0,343.1,9.7,62,6.0,316,1016.1,5,5,0,0,0.0,3435.68,41.824,-71.4128,2024,10,16,18
2024-10-16 19:00:00,0.0,0.0,0.0,0.0,8.0,67,11.0,310,1017.5,5,5,0,0,0.0,0.0,41.824,-71.4128,2024,10,16,19
2024-10-16 20:00:00,0.0,0.0,0.0,0.0,7.2,68,11.1,314,1018.6,0,0,0,0,0.0,0.0,41.824,-71.4128,2024,10,16,20
2024-10-16 21:00:00,0.0,0.0,0.0,0.0,6.7,74,11.3,316,1018.7,0,0,0,0,0.0,0.0,41.824,-71.4128,2024,10,16,21
2024-10-16 22:00:00,0.0,0.0,0.0,0.0,5.9,77,9.7,317,1019.8,0,0,0,0,0.0,0.0,41.824,-71.4128,2024,10,16,22
2024-10-16 23:00:00,0.0,0.0,0.0,0.0,5.0,82,12.6,343,1020.1,0,0,0,0,0.0,0.0,41.824,-71.4128,2024,10,16,23
2024-10-17 00:00:00,0.0,0.0,0.0,0.0,4.7,82,9.9,356,1020.4,0,0,0,0,0.0,0.0,41.824,-71.4128,2024,10,17,0
2024-10-17 01:00:00,0.0,0.0,0.0,0.0,3.6,88,7.9,344,1021.6,0,0,0,0,0.0,0.0,41.824,-71.4128,2024,10,17,1
2024-10-17 02:00:00,0.0,0.0,0.0,0.0,4.1,84,8.6,323,1022.0,0,0,0,0,0.0,0.0,41.824,-71.4128,2024,10,17,2
2024-10-17 03:00:00,0.0,0.0,0.0,0.0,3.8,83,14.5,345,1021.0,0,0,0,0,0.0,0.0,41.824,-71.4128,2024,10,17,3
2024-10-17 04:00:00,0.0,0.0,0.0,0.0,3.4,84,9.4,355,1021.3,0,0,0,0,0.0,0.0,41.824,-71.4128,2024,10,17,4
2024-10-17 05:00:00,0.0,0.0,0.0,0.0,3.0,86,6.1,348,1022.0,2,0,0,2,0.0,0.0,41.824,-71.4128,2024,10,17,5
2024-10-17 06:00:00,0.0,0.0,0.0,0.0,2.8,87,12.3,352,1021.3,3,0,0,3,0.0,0.0,41.824,-71.4128,2024,10,17,6
2024-10-17 07:00:00,0.0,0.0,0.0,0.0,2.5,88,9.8,352,1022.1,7,0,0,7,0.0,0.0,41.824,-71.4128,2024,10,17,7
2024-10-17 08:00:00,49.0,30.0,19.0,290.6,3.7,85,10.3,349,1023.2,64,0,0,64,0.0,3259.74,41.824,-71.4128,2024,10,17,8
2024-10-17 09:00:00,212.0,159.0,53.0,629.6,6.0,78,11.4,355,1022.9,1,0,0,1,0.0,3600.0,41.824,-71.4128,2024,10,17,9
2024-10-17 10:00:00,383.0,316.0,67.0,781.1,8.9,68,9.0,20,1023.3,0,0,0,0,0.0,3600.0,41.824,-71.4128,2024,10,17,10
2024-10-17 11:00:00,519.0,444.0,75.0,851.5,10.9,65,11.1,31,1022.7,32,1,0,31,0.0,3600.0,41.824,-71.4128,2024,10,17,11
2024-10-17 12:00:00,596.0,501.0,95.0,841.8,12.1,61,10.6,46,1022.9,96,19,0,95,0.0,3600.0,41.824,-71.4128,2024,10,17,12
2024-10-17 13:00:00,542.0,373.0,169.0,600.9,12.8,56,10.6,21,1022.6,100,27,0,100,0.0,3600.0,41.824,-71.4128,2024,10,17,13
2024-10-17 14:00:00,422.0,148.0,274.0,248.2,12.8,56,10.6,23,1022.2,100,30,0,100,0.0,3600.0,41.824,-71.4128,2024,10,17,14
2024-10-17 15:00:00,307.0,67.0,240.0,127.9,12.4,57,13.0,10,1021.5,100,27,0,100,0.0,2037.8,41.824,-71.4128,2024,10,17,15
2024-10-17 16:00:00,241.0,63.0,178.0,154.5,12.1,57,14.3,4,1020.8,99,0,0,99,0.0,2834.42,41.824,-71.4128,2024,10,17,16
2024-10-17 17:00:00,151.0,40.0,111.0,156.0,11.5,61,10.0,23,1020.3,98,0,0,98,0.0,2878.8,41.824,-71.4128,2024,10,17,17
2024-10-17 18:00:00,35.0,3.0,32.0,28.5,9.4,71,8.3,79,1020.9,100,0,0,100,0.0,0.0,41.824,-71.4128,2024,10,17,18
2024-10-17 19:00:00,0.0,0.0,0.0,0.0,7.8,81,7.8,85,1021.9,100,0,0,100,0.0,0.0,41.824,-71.4128,2024,10,17,19
2024-10-17 20:00:00,0.0,0.0,0.0,0.0,7.2,84,8.5,360,1021.8,97,0,0,97,0.0,0.0,41.824,-71.4128,2024,10,17,20
2024-10-17 21:00:00,0.0,0.0,0.0,0.0,6.3,88,8.9,354,1021.8,0,0,0,0,0.0,0.0,41.824,-71.4128,2024,10,17,21
2024-10-17 22:00:00,0.0,0.0,0.0,0.0,5.7,90,11.1,338,1022.0,0,0,0,0,0.0,0.0,41.824,-71.4128,2024,10,17,22
2024-10-17 23:00:00,0.0,0.0,0.0,0.0,5.7,88,12.3,342,1022.1,0,0,0,0,0.0,0.0,41.824,-71.4128,2024,10,17,23
2024-10-18 00:00:00,0.0,0.0,0.0,0.0,5.8,83,12.6,347,1022.1,0,0,0,0,0.0,0.0,41.824,-71.4128,2024,10,18,0
2024-10-18 01:00:00,0.0,0.0,0.0,0.0,6.0,77,14.8,347,1022.0,0,0,0,0,0.0,0.0,41.824,-71.4128,2024,10,18,1
2024-10-18 02:00:00,0.0,0.0,0.0,0.0,6.2,73,15.1,352,1022.7,0,0,0,0,0.0,0.0,41.824,-71.4128,2024,10,18,2
2024-10-18 03:00:00,0.0,0.0,0.0,0.0,6.2,71,14.4,357,1023.5,0,0,0,0,0.0,0.0,41.824,-71.4128,2024,10,18,3
2024-10-18 04:00:00,0.0,0.0,0.0,0.0,6.2,70,16.8,356,1023.9,0,0,0,0,0.0,0.0,41.824,-71.4128,2024,10,18,4
2024-10-18 05:00:00,0.0,0.0,0.0,0.0,6.6,66,18.7,1,1024.6,0,0,0,0,0.0,0.0,41.824,-71.4128,2024,10,18,5
2024-10-18 06:00:00,0.0,0.0,0.0,0.0,6.7,62,18.4,3,1025.2,0,0,0,0,0.0,0.0,41.824,-71.4128,2024,10,18,6
2024-10-18 07:00:00,0.0,0.0,0.0,0.0,6.3,60,17.6,1,1026.1,0,0,0,0,0.0,0.0,41.824,-71.4128,2024,10,18,7
2024-10-18 08:00:00,48.0,31.0,17.0,306.2,6.9,59,18.4,360,1026.9,0,0,0,0,0.0,3190.43,41.824,-71.4128,2024,10,18,8
2024-10-18 09:00:00,209.0,158.0,51.0,635.7,8.8,65,15.2,350,1028.0,0,0,0,0,0.0,3600.0,41.824,-71.4128,2024,10,18,9
2024-10-18 10:00:00,376.0,311.0,65.0,776.9,11.2,57,16.2,3,1028.5,0,0,0,0,0.0,3600.0,41.824,-71.4128,2024,10,18,10
2024-10-18 11:00:00,512.0,439.0,73.0,849.3,13.1,50,17.3,17,1028.8,0,0,0,0,0.0,3600.0,41.824,-71.4128,2024,10,18,11
2024-10-18 12:00:00,599.0,522.0,77.0,884.1,14.6,45,17.1,20,1029.1,0,0,0,0,0.0,3600.0,41.824,-71.4128,2024,10,18,12
2024-10-18 13:00:00,629.0,550.0,79.0,893.1,15.4,42,17.1,21,1029.1,0,0,0,0,0.0,3600.0,41.824,-71.4128,2024,10,18,13
2024-10-18 14:00:00,599.0,522.0,77.0,882.7,15.7,42,15.9,20,1028.9,0,0,0,0,0.0,3600.0,41.824,-71.4128,2024,10,18,14
2024-10-18 15:00:00,512.0,439.0,73.0,846.4,15.8,43,14.8,21,1029.0,0,0,0,0,0.0,3600.0,41.824,-71.4128,2024,10,18,15
2024-10-18 16:00:00,377.0,312.0,65.0,774.6,15.5,46,13.5,19,1029.0,0,0,0,0,0.0,3600.0,41.824,-71.4128,2024,10,18,16
2024-10-18 17:00:00,210.0,159.0,51.0,632.2,14.3,55,8.7,37,1029.3,0,0,0,0,0.0,3600.0,41.824,-71.4128,2024,10,18,17
2024-10-18 18:00:00,49.0,31.0,18.0,301.8,11.1,69,8.7,56,1029.8,0,0,0,0,0.0,3253.61,41.824,-71.4128,2024,10,18,18
2024-10-18 19:00:00,0.0,0.0,0.0,0.0,9.1,77,8.4,42,1030.5,0,0,0,0,0.0,0.0,41.824,-71.4128,2024,10,18,19
2024-10-18 20:00:00,0.0,0.0,0.0,0.0,8.2,81,7.2,28,1030.7,0,0,0,0,0.0,0.0,41.824,-71.4128,2024,10,18,20
2024-10-18 21:00:00,0.0,0.0,0.0,0.0,7.3,83,7.5,15,1031.4,0,0,0,0,0.0,0.0,41.824,-71.4128,2024,10,18,21
2024-10-18 22:00:00,0.0,0.0,0.0,0.0,6.8,84,6.5,355,1031.6,0,0,0,0,0.0,0.0,41.824,-71.4128,2024,10,18,22
2024-10-18 23:00:00,0.0,0.0,0.0,0.0,6.8,83,4.2,342,1031.6,0,0,0,0,0.0,0.0,41.824,-71.4128,2024,10,18,23
2024-10-19 00:00:00,0.0,0.0,0.0,0.0,6.9,82,6.1,330,1031.6,0,0,0,0,0.0,0.0,41.824,-71.4128,2024,10,19,0
2024-10-19 01:00:00,0.0,0.0,0.0,0.0,6.4,84,7.9,321,1031.8,0,0,0,0,0.0,0.0,41.824,-71.4128,2024,10,19,1
2024-10-19 02:00:00,0.0,0.0,0.0,0.0,6.1,84,8.2,322,1031.8,0,0,0,0,0.0,0.0,41.824,-71.4128,2024,10,19,2
2024-10-19 03:00:00,0.0,0.0,0.0,0.0,5.6,86,7.5,320,1031.5,0,0,0,0,0.0,0.0,41.824,-71.4128,2024,10,19,3
2024-10-19 04:00:00,0.0,0.0,0.0,0.0,5.5,86,7.4,313,1031.2,0,0,0,0,0.0,0.0,41.824,-71.4128,2024,10,19,4
2024-10-19 05:00:00,0.0,0.0,0.0,0.0,5.4,87,4.6,309,1031.4,0,0,0,0,0.0,0.0,41.824,-71.4128,2024,10,19,5
2024-10-19 06:00:00,0.0,0.0,0.0,0.0,5.2,88,3.1,306,1031.5,0,0,0,0,0.0,0.0,41.824,-71.4128,2024,10,19,6
2024-10-19 07:00:00,0.0,0.0,0.0,0.0,4.9,89,3.0,308,1031.5,0,0,0,0,0.0,0.0,41.824,-71.4128,2024,10,19,7
2024-10-19 08:00:00,45.0,28.0,17.0,282.2,5.7,89,4.1,299,1031.6,0,0,0,0,0.0,3120.85,41.824,-71.4128,2024,10,19,8
2024-10-19 09:00:00,204.0,154.0,50.0,629.7,9.9,80,3.5,291,1032.4,0,0,0,0,0.0,3600.0,41.824,-71.4128,2024,10,19,9
2024-10-19 10:00:00,370.0,306.0,64.0,772.6,13.8,62,1.5,216,1032.5,0,0,0,0,0.0,3600.0,41.824,-71.4128,2024,10,19,10
2024-10-19 11:00:00,505.0,432.0,73.0,843.0,15.9,54,3.5,192,1032.1,0,0,0,0,0.0,3600.0,41.824,-71.4128,2024,10,19,11
2024-10-19 12:00:00,591.0,514.0,77.0,877.5,17.5,50,4.1,195,1031.6,0,0,0,0,0.0,3600.0,41.824,-71.4128,2024,10,19,12
2024-10-19 13:00:00,621.0,543.0,78.0,888.8,18.7,47,3.6,207,1030.9,0,0,0,0,0.0,3600.0,41.824,-71.4128,2024,10,19,13
2024-10-19 14:00:00,591.0,514.0,77.0,876.6,19.5,46,3.6,198,1030.0,0,0,0,0,0.0,3600.0,41.824,-71.4128,2024,10,19,14
2024-10-19 15:00:00,505.0,432.0,73.0,841.0,19.5,47,4.7,171,1029.4,0,0,0,0,0.0,3600.0,41.824,-71.4128,2024,10,19,15
2024-10-19 16:00:00,371.0,306.0,65.0,769.2,18.3,51,8.6,158,1029.0,0,0,0,0,0.0,3600.0,41.824,-71.4128,2024,10,19,16
2024-10-19 17:00:00,205.0,154.0,51.0,624.5,15.5,60,9.8,150,1028.8,0,0,0,0,0.0,3600.0,41.824,-71.4128,2024,10,19,17
2024-10-19 18:00:00,46.0,29.0,17.0,289.4,12.5,71,8.4,164,1028.6,0,0,0,0,0.0,3164.49,41.824,-71.4128,2024,10,19,18
2024-10-19 19:00:00,0.0,0.0,0.0,0.0,11.5,79,9.6,196,1028.6,0,0,0,0,0.0,0.0,41.824,-71.4128,2024,10,19,19
2024-10-19 20:00:00,0.0,0.0,0.0,0.0,10.6,81,9.4,225,1028.5,0,0,0,0,0.0,0.0,41.824,-71.4128,2024,10,19,20
2024-10-19 21:00:00,0.0,0.0,0.0,0.0,10.2,74,10.7,245,1028.3,0,0,0,0,0.0,0.0,41.824,-71.4128,2024,10,19,21
2024-10-19 22:00:00,0.0,0.0,0.0,0.0,10.3,71,11.6,252,1028.1,0,0,0,0,0.0,0.0,41.824,-71.4128,2024,10,19,22
2024-10-19 23:00:00,0.0,0.0,0.0,0.0,10.3,69,11.2,252,1027.7,0,0,0,0,0.0,0.0,41.824,-71.4128,2024,10,19,23
2024-10-20 00:00:00,0.0,0.0,0.0,0.0,10.1,71,11.0,255,1027.3,0,0,0,0,0.0,0.0,41.824,-71.4128,2024,10,20,0
2024-10-20 01:00:00,0.0,0.0,0.0,0.0,9.8,73,10.4,259,1027.0,0,0,0,0,0.0,0.0,41.824,-71.4128,2024,10,20,1
2024-10-20 02:00:00,0.0,0.0,0.0,0.0,9.3,73,9.5,260,1026.6,0,0,0,0,0.0,0.0,41.824,-71.4128,2024,10,20,2
2024-10-20 03:00:00,0.0,0.0,0.0,0.0,8.9,74,9.6,261,1026.1,0,0,0,0,0.0,0.0,41.824,-71.4128,2024,10,20,3
2024-10-20 04:00:00,0.0,0.0,0.0,0.0,8.7,74,10.1,258,1025.7,0,0,0,0,0.0,0.0,41.824,-71.4128,2024,10,20,4
2024-10-20 05:00:00,0.0,0.0,0.0,0.0,8.7,74,10.3,257,1025.5,0,0,0,0,0.0,0.0,41.824,-71.4128,2024,10,20,5
2024-10-20 06:00:00,0.0,0.0,0.0,0.0,8.6,73,10.1,260,1025.0,0,0,0,0,0.0,0.0,41.824,-71.4128,2024,10,20,6
2024-10-20 07:00:00,0.0,0.0,0.0,0.0,8.4,73,9.8,256,1024.9,0,0,0,0,0.0,0.0,41.824,-71.4128,2024,10,20,7
2024-10-20 08:00:00,43.0,27.0,16.0,277.7,9.3,70,9.9,258,1025.0,0,0,0,0,0.0,3050.73,41.824,-71.4128,2024,10,20,8
2024-10-20 09:00:00,202.0,153.0,49.0,636.1,11.5,68,9.9,266,1025.6,0,0,0,0,0.0,3600.0,41.824,-71.4128,2024,10,20,9
2024-10-20 10:00:00,371.0,308.0,63.0,786.1,14.8,60,6.4,262,1025.2,0,0,0,0,0.0,3600.0,41.824,-71.4128,2024,10,20,10
2024-10-20 11:00:00,510.0,438.0,72.0,862.3,17.6,52,6.7,262,1024.6,0,0,0,0,0.0,3600.0,41.824,-71.4128,2024,10,20,11
2024-10-20 12:00:00,600.0,525.0,75.0,903.6,19.8,43,6.8,267,1024.0,0,0,0,0,0.0,3600.0,41.824,-71.4128,2024,10,20,12
2024-10-20 13:00:00,631.0,555.0,76.0,915.7,21.2,38,7.8,279,1023.1,0,0,0,0,0.0,3600.0,41.824,-71.4128,2024,10,20,13
2024-10-20 14:00:00,600.0,525.0,75.0,903.0,21.9,35,8.6,271,1022.4,0,0,0,0,0.0,3600.0,41.824,-71.4128,2024,10,20,14
2024-10-20 15:00:00,513.0,442.0,71.0,868.9,22.0,33,9.4,266,1021.7,29,0,0,29,0.0,3600.0,41.824,-71.4128,2024,10,20,15
2024-10-20 16:00:00,380.0,316.0,64.0,804.5,21.3,35,7.6,255,1021.2,16,0,0,16,0.0,3600.0,41.824,-71.4128,2024,10,20,16
2024-10-20 17:00:00,211.0,163.0,48.0,674.3,18.8,47,7.4,241,1020.8,89,0,0,89,0.0,3600.0,41.824,-71.4128,2024,10,20,17
2024-10-20 18:00:00,42.0,20.0,22.0,204.6,15.5,53,9.8,240,1020.7,29,0,0,29,0.0,3075.7,41.824,-71.4128,2024,10,20,18
2024-10-20 19:00:00,0.0,0.0,0.0,0.0,13.5,59,9.7,241,1021.0,0,0,0,0,0.0,0.0,41.824,-71.4128,2024,10,20,19
2024-10-20 20:00:00,0.0,0.0,0.0,0.0,12.5,63,10.6,246,1021.2,0,0,0,0,0.0,0.0,41.824,-71.4128,2024,10,20,20
2024-10-20 21:00:00,0.0,0.0,0.0,0.0,13.5,56,12.8,261,1021.0,0,0,0,0,0.0,0.0,41.824,-71.4128,2024,10,20,21
2024-10-20 22:00:00,0.0,0.0,0.0,0.0,12.9,55,11.7,257,1020.9,0,0,0,0,0.0,0.0,41.824,-71.4128,2024,10,20,22
2024-10-20 23:00:00,0.0,0.0,0.0,0.0,12.3,56,11.9,255,1020.5,0,0,0,0,0.0,0.0,41.824,-71.4128,2024,10,20,23
2024-10-21 00:00:00,0.0,0.0,0.0,0.0,12.0,59,11.7,255,1020.1,0,0,0,0,0.0,0.0,41.824,-71.4128,2024,10,21,0
2024-10-21 01:00:00,0.0,0.0,0.0,0.0,11.7,62,12.0,262,1019.9,5,0,0,5,0.0,0.0,41.824,-71.4128,2024,10,21,1
2024-10-21 02:00:00,0.0,0.0,0.0,0.0,11.3,62,11.5,268,1019.6,0,0,0,0,0.0,0.0,41.824,-71.4128,2024,10,21,2
2024-10-21 03:00:00,0.0,0.0,0.0,0.0,11.2,61,11.6,274,1019.2,0,0,0,0,0.0,0.0,41.824,-71.4128,2024,10,21,3
2024-10-21 04:00:00,0.0,0.0,0.0,0.0,11.3,60,11.4,285,1019.2,0,0,0,0,0.0,0.0,41.824,-71.4128,2024,10,21,4
2024-10-21 05:00:00,0.0,0.0,0.0,0.0,11.5,59,10.7,276,1019.0,8,0,0,8,0.0,0.0,41.824,-71.4128,2024,10,21,5
2024-10-21 06:00:00,0.0,0.0,0.0,0.0,11.6,59,10.7,286,1019.1,0,0,0,0,0.0,0.0,41.824,-71.4128,2024,10,21,6
2024-10-21 07:00:00,0.0,0.0,0.0,0.0,11.9,58,10.9,283,1019.5,0,0,0,0,0.0,0.0,41.824,-71.4128,2024,10,21,7
2024-10-21 08:00:00,39.0,23.0,16.0,241.6,13.0,57,11.6,282,1019.8,8,0,0,8,0.0,2980.04,41.824,-71.4128,2024,10,21,8
2024-10-21 09:00:00,187.0,138.0,49.0,583.5,15.8,56,11.6,285,1020.3,20,0,0,20,0.0,3600.0,41.824,-71.4128,2024,10,21,9
2024-10-21 10:00:00,347.0,282.0,65.0,727.8,18.7,53,9.8,283,1020.4,6,0,0,6,0.0,3600.0,41.824,-71.4128,2024,10,21,10
2024-10-21 11:00:00,477.0,404.0,73.0,802.6,21.1,48,9.2,274,1020.1,0,0,0,0,0.0,3600.0,41.824,-71.4128,2024,10,21,11
2024-10-21 12:00:00,561.0,484.0,77.0,839.9,23.1,44,9.0,260,1019.5,4,0,0,4,0.0,3600.0,41.824,-71.4128,2024,10,21,12
2024-10-21 13:00:00,590.0,512.0,78.0,851.6,24.5,42,10.3,251,1018.9,0,0,0,0,0.0,3600.0,41.824,-71.4128,2024,10,21,13
2024-10-21 14:00:00,563.0,486.0,77.0,843.1,25.2,41,12.3,248,1018.2,0,0,0,0,0.0,3600.0,41.824,-71.4128,2024,10,21,14
2024-10-21 15:00:00,479.0,407.0,72.0,808.1,25.2,41,13.4,250,1017.8,0,0,0,0,0.0,3600.0,41.824,-71.4128,2024,10,21,15
2024-10-21 16:00:00,348.0,284.0,64.0,732.2,24.7,44,10.3,254,1017.7,0,0,0,0,0.0,3600.0,41.824,-71.4128,2024,10,21,16
2024-10-21 17:00:00,187.0,138.0,49.0,582.6,22.7,53,7.2,251,1018.0,0,0,0,0,0.0,3600.0,41.824,-71.4128,2024,10,21,17
2024-10-21 18:00:00,39.0,23.0,16.0,241.4,19.5,61,8.3,237,1018.3,0,0,0,0,0.0,2987.33,41.824,-71.4128,2024,10,21,18
2024-10-21 19:00:00,0.0,0.0,0.0,0.0,17.8,61,11.2,244,1019.1,0,0,0,0,0.0,0.0,41.824,-71.4128,2024,10,21,19
2024-10-21 20:00:00,0.0,0.0,0.0,0.0,17.3,57,11.8,257,1019.3,0,0,0,0,0.0,0.0,41.824,-71.4128,2024,10,21,20
2024-10-21 21:00:00,0.0,0.0,0.0,0.0,17.5,55,11.6,266,1019.4,0,0,0,0,0.0,0.0,41.824,-71.4128,2024,10,21,21
2024-10-21 22:00:00,0.0,0.0,0.0,0.0,16.9,58,11.5,269,1019.8,0,0,0,0,0.0,0.0,41.824,-71.4128,2024,10,21,22
2024-10-21 23:00:00,0.0,0.0,0.0,0.0,16.5,60,11.5,272,1019.9,0,0,0,0,0.0,0.0,41.824,-71.4128,2024,10,21,23
2024-10-22 00:00:00,0.0,0.0,0.0,0.0,16.1,64,11.4,281,1020.0,0,0,0,0,0.0,0.0,41.824,-71.4128,2024,10,22,0
2024-10-22 01:00:00,0.0,0.0,0.0,0.0,15.6,69,11.0,288,1020.3,0,0,0,0,0.0,0.0,41.824,-71.4128,2024,10,22,1
2024-10-22 02:00:00,0.0,0.0,0.0,0.0,15.3,72,10.4,293,1020.5,0,0,0,0,0.0,0.0,41.824,-71.4128,2024,10,22,2
2024-10-22 03:00:00,0.0,0.0,0.0,0.0,14.9,75,10.0,298,1020.5,0,0,0,0,0.0,0.0,41.824,-71.4128,2024,10,22,3
2024-10-22 04:00:00,0.0,0.0,0.0,0.0,14.6,77,9.7,301,1020.6,0,0,0,0,0.0,0.0,41.824,-71.4128,2024,10,22,4
2024-10-22 05:00:00,0.0,0.0,0.0,0.0,14.2,79,9.6,308,1021.2,1,1,0,0,0.0,0.0,41.824,-71.4128,2024,10,22,5
2024-10-22 06:00:00,0.0,0.0,0.0,0.0,13.7,82,9.1,311,1021.5,0,0,0,0,0.0,0.0,41.824,-71.4128,2024,10,22,6
2024-10-22 07:00:00,0.0,0.0,0.0,0.0,13.2,85,9.3,316,1022.0,0,0,0,0,0.0,0.0,41.824,-71.4128,2024,10,22,7
2024-10-22 08:00:00,36.0,21.0,15.0,225.4,14.1,82,9.5,328,1022.6,0,0,0,0,0.0,2908.83,41.824,-71.4128,2024,10,22,8
2024-10-22 09:00:00,181.0,131.0,50.0,563.6,17.1,74,7.7,324,1023.6,0,0,0,0,0.0,3600.0,41.824,-71.4128,2024,10,22,9
2024-10-22 10:00:00,340.0,275.0,65.0,717.7,20.0,65,4.7,353,1023.9,0,0,0,0,0.0,3600.0,41.824,-71.4128,2024,10,22,10
2024-10-22 11:00:00,470.0,396.0,74.0,793.8,22.1,57,3.9,28,1023.8,0,0,0,0,0.0,3600.0,41.824,-71.4128,2024,10,22,11
2024-10-22 12:00:00,554.0,476.0,78.0,832.8,23.7,52,2.4,63,1023.7,0,0,0,0,0.0,3600.0,41.824,-71.4128,2024,10,22,12
2024-10-22 13:00:00,582.0,503.0,79.0,843.5,24.5,50,1.5,97,1023.1,0,0,0,0,0.0,3600.0,41.824,-71.4128,2024,10,22,13
2024-10-22 14:00:00,553.0,476.0,77.0,833.0,24.9,49,1.5,144,1022.6,0,0,0,0,0.0,3600.0,41.824,-71.4128,2024,10,22,14
2024-10-22 15:00:00,469.0,396.0,73.0,794.1,24.9,49,2.7,148,1022.1,0,0,0,0,0.0,3600.0,41.824,-71.4128,2024,10,22,15
2024-10-22 16:00:00,340.0,275.0,65.0,718.2,24.2,53,5.7,152,1021.9,0,0,0,0,0.0,3600.0,41.824,-71.4128,2024,10,22,16
2024-10-22 17:00:00,181.0,132.0,49.0,568.8,21.9,62,7.6,168,1021.9,0,0,0,0,0.0,3600.0,41.824,-71.4128,2024,10,22,17
2024-10-22 18:00:00,35.0,20.0,15.0,215.5,18.7,71,6.4,148,1022.1,0,0,0,0,0.0,2899.48,41.824,-71.4128,2024,10,22,18
2024-10-22 19:00:00,0.0,0.0,0.0,0.0,16.7,82,6.2,116,1022.5,0,0,0,0,0.0,0.0,41.824,-71.4128,2024,10,22,19
2024-10-22 20:00:00,0.0,0.0,0.0,0.0,15.5,89,6.2,126,1022.8,0,0,0,0,0.0,0.0,41.824,-71.4128,2024,10,22,20
2024-10-22 21:00:00,0.0,0.0,0.0,0.0,14.9,89,6.0,164,1022.8,0,0,0,0,0.0,0.0,41.824,-71.4128,2024,10,22,21
2024-10-22 22:00:00,0.0,0.0,0.0,0.0,14.4,90,5.6,184,1022.9,0,0,0,0,0.0,0.0,41.824,-71.4128,2024,10,22,22
2024-10-22 23:00:00,0.0,0.0,0.0,0.0,14.2,90,5.1,190,1022.6,0,0,0,0,0.0,0.0,41.824,-71.4128,2024,10,22,23
2024-10-23 00:00:00,0.0,0.0,0.0,0.0,13.2,93,6.8,207,1022.0,1,1,0,0,0.0,0.0,41.824,-71.4128,2024,10,23,0
2024-10-23 01:00:00,0.0,0.0,0.0,0.0,13.6,91,5.8,206,1021.5,0,0,0,0,0.0,0.0,41.824,-71.4128,2024,10,23,1
2024-10-23 02:00:00,0.0,0.0,0.0,0.0,13.4,91,5.9,203,1021.1,0,0,0,0,0.0,0.0,41.824,-71.4128,2024,10,23,2
2024-10-23 03:00:00,0.0,0.0,0.0,0.0,13.1,91,6.0,205,1020.7,0,0,0,0,0.0,0.0,41.824,-71.4128,2024,10,23,3
2024-10-23 04:00:00,0.0,0.0,0.0,0.0,13.0,90,9.8,203,1020.0,0,0,0,0,0.0,0.0,41.824,-71.4128,2024,10,23,4
2024-10-23 05:00:00,0.0,0.0,0.0,0.0,12.6,90,8.8,199,1019.8,0,0,0,0,0.0,0.0,41.824,-71.4128,2024,10,23,5
2024-10-23 06:00:00,0.0,0.0,0.0,0.0,11.6,92,7.1,201,1019.2,0,0,0,0,0.0,0.0,41.824,-71.4128,2024,10,23,6
2024-10-23 07:00:00,0.0,0.0,0.0,0.0,11.4,93,7.4,203,1019.0,0,0,0,0,0.0,0.0,41.824,-71.4128,2024,10,23,7
2024-10-23 08:00:00,36.0,21.0,15.0,230.5,12.6,91,9.5,201,1019.1,0,0,0,0,0.0,2837.13,41.824,-71.4128,2024,10,23,8
2024-10-23 09:00:00,186.0,138.0,48.0,604.3,15.4,82,9.9,181,1019.3,0,0,0,0,0.0,3600.0,41.824,-71.4128,2024,10,23,9
2024-10-23 10:00:00,349.0,286.0,63.0,754.9,18.2,73,9.6,183,1018.8,0,0,0,0,0.0,3600.0,41.824,-71.4128,2024,10,23,10
2024-10-23 11:00:00,481.0,409.0,72.0,827.5,20.4,67,10.9,192,1018.0,0,0,0,0,0.0,3600.0,41.824,-71.4128,2024,10,23,11
2024-10-23 12:00:00,568.0,493.0,75.0,869.8,22.3,56,13.4,200,1017.2,44,0,0,44,0.0,3600.0,41.824,-71.4128,2024,10,23,12
2024-10-23 13:00:00,595.0,514.0,81.0,869.1,23.3,55,15.6,204,1015.9,51,0,0,51,0.0,3600.0,41.824,-71.4128,2024,10,23,13
2024-10-23 14:00:00,564.0,482.0,82.0,850.8,23.2,61,17.5,204,1014.6,6,6,0,0,0.0,3600.0,41.824,-71.4128,2024,10,23,14
2024-10-23 15:00:00,452.0,365.0,87.0,739.3,23.5,57,19.5,210,1013.7,67,67,0,0,0.0,3600.0,41.824,-71.4128,2024,10,23,15
2024-10-23 16:00:00,279.0,177.0,102.0,468.3,21.8,68,19.2,212,1013.4,31,31,0,0,0.0,3600.0,41.824,-71.4128,2024,10,23,16
2024-10-23 17:00:00,150.0,85.0,65.0,374.0,20.2,72,15.1,192,1013.2,7,7,0,0,0.0,3600.0,41.824,-71.4128,2024,10,23,17
2024-10-23 18:00:00,32.0,16.0,16.0,177.0,18.2,79,14.7,191,1013.1,5,5,0,0,0.0,2812.24,41.824,-71.4128,2024,10,23,18
2024-10-23 19:00:00,0.0,0.0,0.0,0.0,17.2,83,14.2,193,1013.0,0,0,0,0,0.0,0.0,41.824,-71.4128,2024,10,23,19
2024-10-23 20:00:00,0.0,0.0,0.0,0.0,16.6,86,13.4,198,1013.0,1,1,0,0,0.0,0.0,41.824,-71.4128,2024,10,23,20
2024-10-23 21:00:00,0.0,0.0,0.0,0.0,16.7,84,13.0,206,1012.3,0,0,0,0,0.0,0.0,41.824,-71.4128,2024,10,23,21
2024-10-23 22:00:00,0.0,0.0,0.0,0.0,16.3,86,12.2,213,1012.0,0,0,0,0,0.0,0.0,41.824,-71.4128,2024,10,23,22
2024-10-23 23:00:00,0.0,0.0,0.0,0.0,15.9,90,11.4,217,1011.5,0,0,0,0,0.0,0.0,41.824,-71.4128,2024,10,23,23
2024-10-24 00:00:00,0.0,0.0,0.0,0.0,15.6,92,11.1,214,1011.0,0,0,0,0,0.0,0.0,41.824,-71.4128,2024,10,24,0
2024-10-24 01:00:00,0.0,0.0,0.0,0.0,15.1,95,10.1,211,1010.5,0,0,0,0,0.0,0.0,41.824,-71.4128,2024,10,24,1
2024-10-24 02:00:00,0.0,0.0,0.0,0.0,14.6,97,7.8,233,1010.1,9,0,7,2,0.0,0.0,41.824,-71.4128,2024,10,24,2
2024-10-24 03:00:00,0.0,0.0,0.0,0.0,14.5,97,7.6,269,1009.7,8,0,0,8,0.0,0.0,41.824,-71.4128,2024,10,24,3
2024-10-24 04:00:00,0.0,0.0,0.0,0.0,13.5,98,5.9,282,1009.3,8,0,8,0,0.0,0.0,41.824,-71.4128,2024,10,24,4
2024-10-24 05:00:00,0.0,0.0,0.0,0.0,13.1,97,6.3,323,1009.5,73,0,73,0,0.0,0.0,41.824,-71.4128,2024,10,24,5
2024-10-24 06:00:00,0.0,0.0,0.0,0.0,13.7,94,9.7,326,1009.5,70,0,70,0,0.0,0.0,41.824,-71.4128,2024,10,24,6
2024-10-24 07:00:00,0.0,0.0,0.0,0.0,14.0,89,11.3,335,1009.7,98,0,98,0,0.0,0.0,41.824,-71.4128,2024,10,24,7
2024-10-24 08:00:00,28.0,12.0,16.0,134.8,14.4,85,13.0,340,1010.3,72,0,60,30,0.0,2527.3,41.824,-71.4128,2024,10,24,8
2024-10-24 09:00:00,56.0,6.0,50.0,26.8,16.9,75,14.3,336,1010.1,52,0,51,0,0.0,0.0,41.824,-71.4128,2024,10,24,9
2024-10-24 10:00:00,246.0,110.0,136.0,293.7,18.5,69,15.2,339,1009.9,65,0,1,65,0.0,3600.0,41.824,-71.4128,2024,10,24,10
2024-10-24 11:00:00,451.0,368.0,83.0,751.5,19.9,62,17.9,351,1009.6,21,0,3,19,0.0,3600.0,41.824,-71.4128,2024,10,24,11
2024-10-24 12:00:00,534.0,448.0,86.0,797.1,20.6,59,18.6,357,1009.6,7,0,3,3,0.0,3600.0,41.824,-71.4128,2024,10,24,12
2024-10-24 13:00:00,562.0,475.0,87.0,809.8,21.1,57,17.6,11,1009.5,19,10,11,1,0.0,3600.0,41.824,-71.4128,2024,10,24,13
2024-10-24 14:00:00,463.0,340.0,123.0,605.5,20.7,56,19.1,8,1009.3,52,21,42,0,0.0,3600.0,41.824,-71.4128,2024,10,24,14
2024-10-24 15:00:00,310.0,177.0,133.0,362.1,19.6,52,19.1,358,1009.6,52,41,25,0,0.0,3600.0,41.824,-71.4128,2024,10,24,15
2024-10-24 16:00:00,278.0,184.0,94.0,493.1,18.7,52,17.5,356,1010.1,26,2,26,0,0.0,3600.0,41.824,-71.4128,2024,10,24,16
2024-10-24 17:00:00,142.0,87.0,55.0,391.0,17.6,54,14.6,359,1010.9,18,11,14,0,0.0,3600.0,41.824,-71.4128,2024,10,24,17
2024-10-24 18:00:00,25.0,13.0,12.0,147.8,16.0,55,12.5,353,1011.4,7,2,5,0,0.0,2725.71,41.824,-71.4128,2024,10,24,18
2024-10-24 19:00:00,0.0,0.0,0.0,0.0,14.8,56,12.3,354,1012.6,9,9,0,0,0.0,0.0,41.824,-71.4128,2024,10,24,19
2024-10-24 20:00:00,0.0,0.0,0.0,0.0,13.9,57,13.5,350,1013.6,38,38,0,0,0.0,0.0,41.824,-71.4128,2024,10,24,20
2024-10-24 21:00:00,0.0,0.0,0.0,0.0,13.6,57,14.9,335,1013.9,0,0,0,0,0.0,0.0,41.824,-71.4128,2024,10,24,21
2024-10-24 22:00:00,0.0,0.0,0.0,0.0,12.4,59,15.7,335,1014.7,19,19,0,0,0.0,0.0,41.824,-71.4128,2024,10,24,22
2024-10-24 23:00:00,0.0,0.0,0.0,0.0,11.5,61,16.6,337,1015.1,22,22,0,0,0.0,0.0,41.824,-71.4128,2024,10,24,23
2024-10-25 00:00:00,0.0,0.0,0.0,0.0,10.5,63,16.0,345,1015.6,7,7,0,0,0.0,0.0,41.824,-71.4128,2024,10,25,0
2024-10-25 01:00:00,0.0,0.0,0.0,0.0,9.5,65,14.5,349,1016.0,0,0,0,0,0.0,0.0,41.824,-71.4128,2024,10,25,1
2024-10-25 02:00:00,0.0,0.0,0.0,0.0,8.5,69,12.9,348,1016.3,0,0,0,0,0.0,0.0,41.824,-71.4128,2024,10,25,2
2024-10-25 03:00:00,0.0,0.0,0.0,0.0,7.8,72,12.9,341,1016.3,0,0,0,0,0.0,0.0,41.824,-71.4128,2024,10,25,3
2024-10-25 04:00:00,0.0,0.0,0.0,0.0,7.2,74,13.2,338,1016.3,0,0,0,0,0.0,0.0,41.824,-71.4128,2024,10,25,4
2024-10-25 05:00:00,0.0,0.0,0.0,0.0,6.7,75,12.9,337,1017.1,0,0,0,0,0.0,0.0,41.824,-71.4128,2024,10,25,5
2024-10-25 06:00:00,0.0,0.0,0.0,0.0,6.3,75,12.5,335,1017.5,0,0,0,0,0.0,0.0,41.824,-71.4128,2024,10,25,6
2024-10-25 07:00:00,0.0,0.0,0.0,0.0,6.0,76,11.8,335,1018.2,0,0,0,0,0.0,0.0,41.824,-71.4128,2024,10,25,7
2024-10-25 08:00:00,32.0,18.0,14.0,206.9,6.4,76,10.9,333,1018.9,0,0,0,0,0.0,2692.46,41.824,-71.4128,2024,10,25,8
2024-10-25 09:00:00,180.0,133.0,47.0,604.1,8.5,69,8.7,333,1019.4,0,0,0,0,0.0,3600.0,41.824,-71.4128,2024,10,25,9
2024-10-25 10:00:00,346.0,282.0,64.0,761.9,10.7,60,9.6,346,1019.3,0,0,0,0,0.0,3600.0,41.824,-71.4128,2024,10,25,10
2024-10-25 11:00:00,479.0,408.0,71.0,841.0,12.4,53,7.6,359,1018.9,0,0,0,0,0.0,3600.0,41.824,-71.4128,2024,10,25,11
2024-10-25 12:00:00,565.0,489.0,76.0,877.5,13.7,49,4.8,338,1018.5,0,0,0,0,0.0,3600.0,41.824,-71.4128,2024,10,25,12
2024-10-25 13:00:00,593.0,516.0,77.0,887.1,14.6,47,4.0,300,1017.4,0,0,0,0,0.0,3600.0,41.824,-71.4128,2024,10,25,13
2024-10-25 14:00:00,563.0,488.0,75.0,876.7,15.4,45,3.8,262,1016.4,0,0,0,0,0.0,3600.0,41.824,-71.4128,2024,10,25,14
2024-10-25 15:00:00,477.0,406.0,71.0,839.1,15.9,44,4.5,230,1015.6,0,0,0,0,0.0,3600.0,41.824,-71.4128,2024,10,25,15
2024-10-25 16:00:00,343.0,281.0,62.0,763.0,15.8,43,6.6,202,1015.1,0,0,0,0,0.0,3600.0,41.824,-71.4128,2024,10,25,16
2024-10-25 17:00:00,178.0,132.0,46.0,606.0,13.9,54,9.7,164,1015.0,0,0,0,0,0.0,3600.0,41.824,-71.4128,2024,10,25,17
2024-10-25 18:00:00,30.0,18.0,12.0,210.3,11.0,75,10.1,145,1015.4,20,0,0,20,0.0,2639.99,41.824,-71.4128,2024,10,25,18
2024-10-25 19:00:00,0.0,0.0,0.0,0.0,10.2,81,7.8,175,1015.5,92,0,0,92,0.0,0.0,41.824,-71.4128,2024,10,25,19
2024-10-25 20:00:00,0.0,0.0,0.0,0.0,9.3,77,10.0,219,1015.6,97,0,0,97,0.0,0.0,41.824,-71.4128,2024,10,25,20
2024-10-25 21:00:00,0.0,0.0,0.0,0.0,9.3,69,12.3,256,1016.0,65,0,3,64,0.0,0.0,41.824,-71.4128,2024,10,25,21
2024-10-25 22:00:00,0.0,0.0,0.0,0.0,9.2,70,10.1,248,1015.7,72,0,12,68,0.0,0.0,41.824,-71.4128,2024,10,25,22
2024-10-25 23:00:00,0.0,0.0,0.0,0.0,8.8,73,9.8,244,1015.3,63,0,63,0,0.0,0.0,41.824,-71.4128,2024,10,25,23
2024-10-26 00:00:00,0.0,0.0,0.0,0.0,9.6,71,9.2,253,1015.1,98,0,98,0,0.0,0.0,41.824,-71.4128,2024,10,26,0
2024-10-26 01:00:00,0.0,0.0,0.0,0.0,10.3,70,7.9,246,1014.9,64,0,64,0,0.0,0.0,41.824,-71.4128,2024,10,26,1
2024-10-26 02:00:00,0.0,0.0,0.0,0.0,9.9,71,7.9,257,1014.8,6,0,6,0,0.0,0.0,41.824,-71.4128,2024,10,26,2
2024-10-26 03:00:00,0.0,0.0,0.0,0.0,8.9,73,9.6,264,1014.6,9,0,9,0,0.0,0.0,41.824,-71.4128,2024,10,26,3
2024-10-26 04:00:00,0.0,0.0,0.0,0.0,8.5,72,9.0,269,1014.1,13,1,13,0,0.0,0.0,41.824,-71.4128,2024,10,26,4
2024-10-26 05:00:00,0.0,0.0,0.0,0.0,8.4,71,8.0,265,1013.7,29,3,29,0,0.0,0.0,41.824,-71.4128,2024,10,26,5
2024-10-26 06:00:00,0.0,0.0,0.0,0.0,8.6,69,10.3,266,1013.8,74,9,13,70,0.0,0.0,41.824,-71.4128,2024,10,26,6
2024-10-26 07:00:00,0.0,0.0,0.0,0.0,8.8,65,11.4,264,1013.9,76,45,75,0,0.0,0.0,41.824,-71.4128,2024,10,26,7
2024-10-26 08:00:00,24.0,9.0,15.0,106.0,10.1,61,12.4,269,1014.5,100,100,100,3,0.0,1636.3,41.824,-71.4128,2024,10,26,8
2024-10-26 09:00:00,160.0,101.0,59.0,467.5,12.6,60,13.6,263,1015.6,0,0,0,0,0.0,3600.0,41.824,-71.4128,2024,10,26,9
2024-10-26 10:00:00,337.0,274.0,63.0,749.1,15.0,54,13.6,278,1015.3,14,0,0,14,0.0,3600.0,41.824,-71.4128,2024,10,26,10
2024-10-26 11:00:00,473.0,402.0,71.0,836.5,16.0,47,18.6,292,1015.0,26,0,0,26,0.0,3600.0,41.824,-71.4128,2024,10,26,11
2024-10-26 12:00:00,558.0,481.0,77.0,870.5,16.6,41,19.3,294,1014.6,40,1,0,39,0.0,3600.0,41.824,-71.4128,2024,10,26,12
2024-10-26 13:00:00,587.0,505.0,82.0,875.5,17.0,39,21.4,298,1014.4,48,1,1,48,0.0,3600.0,41.824,-71.4128,2024,10,26,13
2024-10-26 14:00:00,553.0,469.0,84.0,850.1,16.9,38,21.1,297,1014.4,4,3,1,0,0.0,3600.0,41.824,-71.4128,2024,10,26,14
2024-10-26 15:00:00,471.0,397.0,74.0,828.9,16.7,38,19.4,293,1014.6,5,1,5,0,0.0,3600.0,41.824,-71.4128,2024,10,26,15
2024-10-26 16:00:00,333.0,268.0,65.0,737.3,15.9,37,19.4,297,1014.9,6,1,6,0,0.0,3600.0,41.824,-71.4128,2024,10,26,16
2024-10-26 17:00:00,171.0,123.0,48.0,577.0,14.6,39,15.5,296,1015.7,1,0,1,0,0.0,3600.0,41.824,-71.4128,2024,10,26,17
2024-10-26 18:00:00,29.0,17.0,12.0,204.3,12.5,44,12.0,292,1016.8,1,0,1,0,0.0,2555.18,41.824,-71.4128,2024,10,26,18
2024-10-26 19:00:00,0.0,0.0,0.0,0.0,11.1,48,12.1,290,1018.1,0,0,0,0,0.0,0.0,41.824,-71.4128,2024,10,26,19
2024-10-26 20:00:00,0.0,0.0,0.0,0.0,10.1,49,12.9,293,1019.2,0,0,0,0,0.0,0.0,41.824,-71.4128,2024,10,26,20
2024-10-26 21:00:00,0.0,0.0,0.0,0.0,10.2,50,12.4,300,1019.9,0,0,0,0,0.0,0.0,41.824,-71.4128,2024,10,26,21
2024-10-26 22:00:00,0.0,0.0,0.0,0.0,9.2,52,11.5,297,1021.0,0,0,0,0,0.0,0.0,41.824,-71.4128,2024,10,26,22
2024-10-26 23:00:00,0.0,0.0,0.0,0.0,8.4,51,11.4,299,1021.7,0,0,0,0,0.0,0.0,41.824,-71.4128,2024,10,26,23
2024-10-27 00:00:00,0.0,0.0,0.0,0.0,7.5,51,11.8,299,1022.1,0,0,0,0,0.0,0.0,41.824,-71.4128,2024,10,27,0
2024-10-27 01:00:00,0.0,0.0,0.0,0.0,6.9,53,12.4,296,1022.7,0,0,0,0,0.0,0.0,41.824,-71.4128,2024,10,27,1
2024-10-27 02:00:00,0.0,0.0,0.0,0.0,6.7,53,13.9,297,1023.2,3,0,0,3,0.0,0.0,41.824,-71.4128,2024,10,27,2
2024-10-27 03:00:00,0.0,0.0,0.0,0.0,6.4,56,13.0,299,1023.8,37,0,0,37,0.0,0.0,41.824,-71.4128,2024,10,27,3
2024-10-27 04:00:00,0.0,0.0,0.0,0.0,5.7,60,12.4,306,1024.2,96,0,0,96,0.0,0.0,41.824,-71.4128,2024,10,27,4
2024-10-27 05:00:00,0.0,0.0,0.0,0.0,5.2,63,12.6,318,1024.9,75,0,0,75,0.0,0.0,41.824,-71.4128,2024,10,27,5
2024-10-27 06:00:00,0.0,0.0,0.0,0.0,4.5,66,10.3,319,1025.5,76,0,0,76,0.0,0.0,41.824,-71.4128,2024,10,27,6
2024-10-27 07:00:00,0.0,0.0,0.0,0.0,3.8,70,8.7,315,1026.2,4,0,0,4,0.0,0.0,41.824,-71.4128,2024,10,27,7
2024-10-27 08:00:00,29.0,17.0,12.0,205.1,3.9,72,9.3,306,1027.2,0,0,0,0,0.0,2546.35,41.824,-71.4128,2024,10,27,8
2024-10-27 09:00:00,179.0,132.0,47.0,622.8,6.2,61,9.5,307,1027.9,13,0,0,13,0.0,3600.0,41.824,-71.4128,2024,10,27,9
2024-10-27 10:00:00,347.0,284.0,63.0,785.8,7.7,43,11.7,313,1027.7,2,0,0,2,0.0,3600.0,41.824,-71.4128,2024,10,27,10
2024-10-27 11:00:00,484.0,413.0,71.0,867.7,9.2,36,10.2,302,1027.5,5,0,0,5,0.0,3600.0,41.824,-71.4128,2024,10,27,11
2024-10-27 12:00:00,571.0,496.0,75.0,905.5,10.5,31,9.7,286,1027.0,0,0,0,0,0.0,3600.0,41.824,-71.4128,2024,10,27,12
2024-10-27 13:00:00,600.0,525.0,75.0,917.9,11.4,27,11.9,275,1026.4,0,0,0,0,0.0,3600.0,41.824,-71.4128,2024,10,27,13
2024-10-27 14:00:00,569.0,495.0,74.0,905.3,11.9,23,13.5,268,1025.3,0,0,0,0,0.0,3600.0,41.824,-71.4128,2024,10,27,14
2024-10-27 15:00:00,481.0,411.0,70.0,866.9,11.9,23,14.2,269,1024.7,0,0,0,0,0.0,3600.0,41.824,-71.4128,2024,10,27,15
2024-10-27 16:00:00,344.0,283.0,61.0,788.9,11.7,26,14.1,266,1024.4,2,0,2,0,0.0,3600.0,41.824,-71.4128,2024,10,27,16
2024-10-27 17:00:00,172.0,127.0,45.0,608.9,10.8,30,10.0,276,1024.4,50,0,2,49,0.0,3600.0,41.824,-71.4128,2024,10,27,17
2024-10-27 18:00:00,26.0,15.0,11.0,185.4,8.2,42,6.1,275,1024.4,94,0,0,94,0.0,2471.39,41.824,-71.4128,2024,10,27,18
2024-10-27 19:00:00,0.0,0.0,0.0,0.0,7.3,47,9.5,237,1024.7,100,0,19,100,0.0,0.0,41.824,-71.4128,2024,10,27,19
2024-10-27 20:00:00,0.0,0.0,0.0,0.0,6.7,48,10.4,250,1025.1,100,0,12,100,0.0,0.0,41.824,-71.4128,2024,10,27,20
2024-10-27 21:00:00,0.0,0.0,0.0,0.0,6.9,46,11.2,255,1025.3,100,0,36,100,0.0,0.0,41.824,-71.4128,2024,10,27,21
2024-10-27 22:00:00,0.0,0.0,0.0,0.0,6.5,48,10.5,262,1025.8,99,0,10,99,0.0,0.0,41.824,-71.4128,2024,10,27,22
2024-10-27 23:00:00,0.0,0.0,0.0,0.0,6.2,50,10.6,268,1025.7,40,0,9,33,0.0,0.0,41.824,-71.4128,2024,10,27,23
2024-10-28 00:00:00,0.0,0.0,0.0,0.0,5.8,53,10.6,272,1025.6,4,0,1,3,0.0,0.0,41.824,-71.4128,2024,10,28,0
2024-10-28 01:00:00,0.0,0.0,0.0,0.0,5.3,55,10.6,270,1025.6,99,0,0,99,0.0,0.0,41.824,-71.4128,2024,10,28,1
2024-10-28 02:00:00,0.0,0.0,0.0,0.0,5.2,58,9.8,287,1025.6,100,0,4,100,0.0,0.0,41.824,-71.4128,2024,10,28,2
2024-10-28 03:00:00,0.0,0.0,0.0,0.0,5.3,59,9.2,291,1026.0,97,0,9,96,0.0,0.0,41.824,-71.4128,2024,10,28,3
2024-10-28 04:00:00,0.0,0.0,0.0,0.0,5.4,61,8.5,302,1026.2,85,0,22,81,0.0,0.0,41.824,-71.4128,2024,10,28,4
2024-10-28 05:00:00,0.0,0.0,0.0,0.0,4.7,66,7.9,347,1027.3,92,0,85,49,0.0,0.0,41.824,-71.4128,2024,10,28,5
2024-10-28 06:00:00,0.0,0.0,0.0,0.0,4.6,70,7.4,360,1028.2,69,0,69,0,0.0,0.0,41.824,-71.4128,2024,10,28,6
2024-10-28 07:00:00,0.0,0.0,0.0,0.0,3.3,79,7.4,359,1028.8,88,0,88,0,0.0,0.0,41.824,-71.4128,2024,10,28,7
2024-10-28 08:00:00,19.0,4.0,15.0,49.5,3.8,80,9.3,350,1029.7,58,0,58,1,0.0,79.25,41.824,-71.4128,2024,10,28,8
2024-10-28 09:00:00,165.0,118.0,47.0,567.7,4.9,72,10.6,2,1030.9,7,0,0,7,0.0,3600.0,41.824,-71.4128,2024,10,28,9
2024-10-28 10:00:00,324.0,256.0,68.0,716.9,6.7,63,12.1,12,1031.4,12,11,2,0,0.0,3600.0,41.824,-71.4128,2024,10,28,10
2024-10-28 11:00:00,451.0,367.0,84.0,778.5,8.0,60,9.3,28,1031.3,74,1,63,28,0.0,3600.0,41.824,-71.4128,2024,10,28,11
2024-10-28 12:00:00,460.0,270.0,190.0,497.2,9.1,57,7.4,7,1031.4,94,6,93,10,0.0,3600.0,41.824,-71.4128,2024,10,28,12
2024-10-28 13:00:00,452.0,247.0,205.0,435.5,9.7,54,5.3,350,1030.8,4,0,2,2,0.0,3600.0,41.824,-71.4128,2024,10,28,13
2024-10-28 14:00:00,531.0,443.0,88.0,817.4,10.5,51,4.8,340,1030.2,11,1,6,5,0.0,3600.0,41.824,-71.4128,2024,10,28,14
2024-10-28 15:00:00,455.0,377.0,78.0,803.4,10.9,48,8.2,334,1030.2,32,9,20,7,0.0,3600.0,41.824,-71.4128,2024,10,28,15
2024-10-28 16:00:00,294.0,207.0,87.0,584.7,10.3,48,6.9,343,1030.3,19,1,15,4,0.0,3600.0,41.824,-71.4128,2024,10,28,16
2024-10-28 17:00:00,147.0,91.0,56.0,445.9,9.6,53,4.0,80,1030.1,84,80,48,12,0.0,3600.0,41.824,-71.4128,2024,10,28,17
2024-10-28 18:00:00,16.0,6.0,10.0,76.3,8.1,59,8.0,70,1030.3,86,85,17,3,0.0,780.38,41.824,-71.4128,2024,10,28,18
2024-10-28 19:00:00,0.0,0.0,0.0,0.0,6.5,63,11.0,80,1031.1,31,27,7,4,0.0,0.0,41.824,-71.4128,2024,10,28,19
2024-10-28 20:00:00,0.0,0.0,0.0,0.0,5.5,70,9.8,104,1032.0,2,2,0,0,0.0,0.0,41.824,-71.4128,2024,10,28,20
2024-10-28 21:00:00,0.0,0.0,0.0,0.0,4.1,77,8.2,82,1032.4,7,0,0,7,0.0,0.0,41.824,-71.4128,2024,10,28,21
2024-10-28 22:00:00,0.0,0.0,0.0,0.0,3.8,77,6.3,97,1032.8,28,1,0,28,0.0,0.0,41.824,-71.4128,2024,10,28,22
2024-10-28 23:00:00,0.0,0.0,0.0,0.0,3.8,75,5.6,90,1033.1,13,7,0,6,0.0,0.0,41.824,-71.4128,2024,10,28,23
2024-10-29 00:00:00,0.0,0.0,0.0,0.0,3.9,71,6.9,84,1033.0,0,0,0,0,0.0,0.0,41.824,-71.4128,2024,10,29,0
2024-10-29 01:00:00,0.0,0.0,0.0,0.0,3.3,75,5.0,88,1032.9,0,0,0,0,0.0,0.0,41.824,-71.4128,2024,10,29,1
2024-10-29 02:00:00,0.0,0.0,0.0,0.0,2.8,78,8.4,106,1032.9,8,4,3,2,0.0,0.0,41.824,-71.4128,2024,10,29,2
2024-10-29 03:00:00,0.0,0.0,0.0,0.0,2.8,76,8.9,96,1033.0,7,6,0,1,0.0,0.0,41.824,-71.4128,2024,10,29,3
2024-10-29 04:00:00,0.0,0.0,0.0,0.0,3.1,70,7.9,94,1033.0,18,17,0,0,0.0,0.0,41.824,-71.4128,2024,10,29,4
2024-10-29 05:00:00,0.0,0.0,0.0,0.0,3.8,57,6.8,90,1033.0,29,29,0,1,0.0,0.0,41.824,-71.4128,2024,10,29,5
2024-10-29 06:00:00,0.0,0.0,0.0,0.0,3.9,54,9.9,88,1033.2,8,8,0,0,0.0,0.0,41.824,-71.4128,2024,10,29,6
2024-10-29 07:00:00,0.0,0.0,0.0,0.0,3.6,62,9.6,87,1033.4,5,4,3,0,0.0,0.0,41.824,-71.4128,2024,10,29,7
2024-10-29 08:00:00,23.0,12.0,11.0,152.4,4.4,68,9.6,98,1033.5,45,44,2,2,0.0,2399.16,41.824,-71.4128,2024,10,29,8
2024-10-29 09:00:00,160.0,112.0,48.0,549.7,7.0,63,10.7,104,1033.8,84,0,1,84,0.0,3600.0,41.824,-71.4128,2024,10,29,9
2024-10-29 10:00:00,309.0,229.0,80.0,649.2,9.9,56,11.7,135,1033.7,82,28,2,75,0.0,3600.0,41.824,-71.4128,2024,10,29,10
2024-10-29 11:00:00,417.0,316.0,101.0,676.9,11.4,50,13.4,140,1033.6,97,69,28,88,0.0,3600.0,41.824,-71.4128,2024,10,29,11
2024-10-29 12:00:00,408.0,240.0,168.0,445.8,12.2,48,12.4,147,1033.7,99,84,97,41,0.0,3600.0,41.824,-71.4128,2024,10,29,12
2024-10-29 13:00:00,271.0,59.0,212.0,104.9,12.1,49,13.6,151,1032.8,100,58,57,100,0.0,1347.59,41.824,-71.4128,2024,10,29,13
2024-10-29 14:00:00,379.0,146.0,233.0,271.8,12.6,50,15.6,153,1031.8,100,12,15,100,0.0,3600.0,41.824,-71.4128,2024,10,29,14
2024-10-29 15:00:00,323.0,110.0,213.0,236.8,12.4,54,16.3,160,1031.7,100,6,49,100,0.0,3600.0,41.824,-71.4128,2024,10,29,15
2024-10-29 16:00:00,200.0,45.0,155.0,128.8,11.7,60,15.5,162,1031.3,100,97,12,100,0.0,2063.73,41.824,-71.4128,2024,10,29,16
2024-10-29 17:00:00,62.0,3.0,59.0,15.0,11.1,66,13.2,156,1031.2,100,22,89,100,0.0,0.0,41.824,-71.4128,2024,10,29,17
2024-10-29 18:00:00,9.0,0.0,9.0,0.0,10.3,71,11.8,152,1031.0,100,100,100,100,0.0,0.0,41.824,-71.4128,2024,10,29,18
2024-10-29 19:00:00,0.0,0.0,0.0,0.0,10.6,71,11.7,149,1031.0,100,64,100,100,0.0,0.0,41.824,-71.4128,2024,10,29,19
2024-10-29 20:00:00,0.0,0.0,0.0,0.0,10.7,74,11.2,147,1031.0,100,98,100,92,0.0,0.0,41.824,-71.4128,2024,10,29,20
2024-10-29 21:00:00,0.0,0.0,0.0,0.0,11.0,72,11.4,142,1030.8,100,100,100,100,0.0,0.0,41.824,-71.4128,2024,10,29,21
2024-10-29 22:00:00,0.0,0.0,0.0,0.0,11.3,72,13.2,148,1030.4,100,98,100,86,0.0,0.0,41.824,-71.4128,2024,10,29,22
2024-10-29 23:00:00,0.0,0.0,0.0,0.0,11.4,74,14.2,154,1030.1,100,100,100,100,0.1,0.0,41.824,-71.4128,2024,10,29,23
2024-10-30 00:00:00,0.0,0.0,0.0,0.0,11.6,79,15.3,155,1029.6,100,100,100,100,1.1,0.0,41.824,-71.4128,2024,10,30,0
2024-10-30 01:00:00,0.0,0.0,0.0,0.0,11.8,84,16.6,157,1028.6,100,87,100,100,0.3,0.0,41.824,-71.4128,2024,10,30,1
2024-10-30 02:00:00,0.0,0.0,0.0,0.0,11.9,87,14.8,162,1028.4,100,100,100,58,0.2,0.0,41.824,-71.4128,2024,10,30,2
2024-10-30 03:00:00,0.0,0.0,0.0,0.0,12.2,89,14.2,156,1027.9,100,100,100,70,0.1,0.0,41.824,-71.4128,2024,10,30,3
2024-10-30 04:00:00,0.0,0.0,0.0,0.0,12.3,92,13.4,158,1027.4,100,100,51,85,0.2,0.0,41.824,-71.4128,2024,10,30,4
2024-10-30 05:00:00,0.0,0.0,0.0,0.0,12.5,93,14.6,159,1026.8,100,100,55,30,0.1,0.0,41.824,-71.4128,2024,10,30,5
2024-10-30 06:00:00,0.0,0.0,0.0,0.0,13.1,94,13.0,162,1026.4,100,100,21,72,0.1,0.0,41.824,-71.4128,2024,10,30,6
2024-10-30 07:00:00,0.0,0.0,0.0,0.0,13.3,95,8.8,165,1026.4,100,100,10,26,0.0,0.0,41.824,-71.4128,2024,10,30,7
2024-10-30 08:00:00,5.0,0.0,5.0,0.0,13.9,94,10.0,171,1026.3,100,100,0,4,0.0,0.0,41.824,-71.4128,2024,10,30,8
2024-10-30 09:00:00,52.0,5.0,47.0,25.0,13.9,92,5.0,161,1026.5,100,100,0,17,0.0,0.0,41.824,-71.4128,2024,10,30,9
2024-10-30 10:00:00,110.0,12.0,98.0,34.4,15.3,91,6.3,200,1026.2,100,100,2,19,0.0,0.0,41.824,-71.4128,2024,10,30,10
2024-10-30 11:00:00,215.0,43.0,172.0,93.0,16.6,85,6.9,229,1025.7,59,47,0,22,0.0,990.2,41.824,-71.4128,2024,10,30,11
2024-10-30 12:00:00,409.0,253.0,156.0,474.1,18.3,73,7.0,222,1025.1,100,28,0,100,0.0,3600.0,41.824,-71.4128,2024,10,30,12
2024-10-30 13:00:00,480.0,306.0,174.0,548.8,19.6,68,9.2,213,1024.0,100,5,0,99,0.0,3600.0,41.824,-71.4128,2024,10,30,13
2024-10-30 14:00:00,386.0,184.0,202.0,345.6,20.2,66,9.7,207,1023.2,100,4,3,100,0.0,3600.0,41.824,-71.4128,2024,10,30,14
2024-10-30 15:00:00,216.0,24.0,192.0,52.2,19.8,67,9.5,190,1022.5,98,0,0,98,0.0,0.0,41.824,-71.4128,2024,10,30,15
2024-10-30 16:00:00,256.0,137.0,119.0,397.3,19.7,65,10.2,193,1022.0,100,0,0,100,0.0,3600.0,41.824,-71.4128,2024,10,30,16
2024-10-30 17:00:00,132.0,64.0,68.0,327.8,17.9,73,8.3,179,1021.7,100,0,0,100,0.0,3600.0,41.824,-71.4128,2024,10,30,17
2024-10-30 18:00:00,14.0,1.0,13.0,13.5,15.9,82,9.3,190,1021.5,100,0,0,100,0.0,0.0,41.824,-71.4128,2024,10,30,18
2024-10-30 19:00:00,0.0,0.0,0.0,0.0,15.1,85,10.0,201,1021.4,100,0,0,100,0.0,0.0,41.824,-71.4128,2024,10,30,19
2024-10-30 20:00:00,0.0,0.0,0.0,0.0,14.3,88,10.2,212,1021.4,100,0,0,100,0.0,0.0,41.824,-71.4128,2024,10,30,20
2024-10-30 21:00:00,0.0,0.0,0.0,0.0,14.3,88,11.2,218,1020.6,99,0,0,99,0.0,0.0,41.824,-71.4128,2024,10,30,21
2024-10-30 22:00:00,0.0,0.0,0.0,0.0,14.3,88,13.1,227,1020.4,100,0,0,100,0.0,0.0,41.824,-71.4128,2024,10,30,22
2024-10-30 23:00:00,0.0,0.0,0.0,0.0,14.8,87,14.3,235,1020.3,93,0,0,93,0.0,0.0,41.824,-71.4128,2024,10,30,23
2024-10-31 00:00:00,0.0,0.0,0.0,0.0,15.1,88,14.3,241,1020.0,51,0,0,51,0.0,0.0,41.824,-71.4128,2024,10,31,0
2024-10-31 01:00:00,0.0,0.0,0.0,0.0,15.1,88,13.6,244,1019.8,67,0,0,67,0.0,0.0,41.824,-71.4128,2024,10,31,1
2024-10-31 02:00:00,0.0,0.0,0.0,0.0,14.8,88,13.5,241,1019.3,100,0,0,100,0.0,0.0,41.824,-71.4128,2024,10,31,2
2024-10-31 03:00:00,0.0,0.0,0.0,0.0,14.7,86,13.8,246,1019.1,100,0,0,100,0.0,0.0,41.824,-71.4128,2024,10,31,3
2024-10-31 04:00:00,0.0,0.0,0.0,0.0,14.7,84,13.7,248,1018.6,100,0,0,100,0.0,0.0,41.824,-71.4128,2024,10,31,4
2024-10-31 05:00:00,0.0,0.0,0.0,0.0,14.6,83,13.8,249,1018.4,89,0,0,89,0.0,0.0,41.824,-71.4128,2024,10,31,5
2024-10-31 06:00:00,0.0,0.0,0.0,0.0,14.2,83,13.7,249,1018.2,78,0,0,78,0.0,0.0,41.824,-71.4128,2024,10,31,6
2024-10-31 07:00:00,0.0,0.0,0.0,0.0,13.7,84,13.1,252,1018.4,42,0,0,42,0.0,0.0,41.824,-71.4128,2024,10,31,7
2024-10-31 08:00:00,20.0,10.0,10.0,134.0,13.9,82,12.4,253,1018.6,37,0,0,37,0.0,2188.09,41.824,-71.4128,2024,10,31,8
2024-10-31 09:00:00,152.0,107.0,45.0,547.1,16.3,73,11.7,259,1018.6,96,0,0,96,0.0,3600.0,41.824,-71.4128,2024,10,31,9
2024-10-31 10:00:00,307.0,240.0,67.0,697.5,18.9,67,9.0,255,1018.1,100,0,0,100,0.0,3600.0,41.824,-71.4128,2024,10,31,10
2024-10-31 11:00:00,434.0,356.0,78.0,777.6,21.5,58,9.3,251,1018.0,73,0,0,73,0.0,3600.0,41.824,-71.4128,2024,10,31,11
2024-10-31 12:00:00,521.0,447.0,74.0,844.9,23.3,50,9.5,245,1017.5,81,0,0,81,0.0,3600.0,41.824,-71.4128,2024,10,31,12
2024-10-31 13:00:00,545.0,463.0,82.0,837.5,24.3,47,9.7,236,1016.7,99,0,0,99,0.0,3600.0,41.824,-71.4128,2024,10,31,13
2024-10-31 14:00:00,464.0,311.0,153.0,589.4,24.6,46,10.6,230,1016.0,100,0,0,100,0.0,3600.0,41.824,-71.4128,2024,10,31,14
2024-10-31 15:00:00,344.0,167.0,177.0,366.9,24.5,47,10.3,220,1015.5,99,0,0,99,0.0,3600.0,41.824,-71.4128,2024,10,31,15
2024-10-31 16:00:00,248.0,124.0,124.0,364.3,23.5,52,9.5,195,1015.1,100,0,1,100,0.0,3600.0,41.824,-71.4128,2024,10,31,16
2024-10-31 17:00:00,89.0,8.0,81.0,41.9,21.4,60,12.7,195,1014.6,100,0,1,100,0.0,0.0,41.824,-71.4128,2024,10,31,17
2024-10-31 18:00:00,10.0,0.0,10.0,0.0,20.2,65,14.1,208,1014.3,100,0,0,100,0.0,0.0,41.824,-71.4128,2024,10,31,18
2024-10-31 19:00:00,0.0,0.0,0.0,0.0,19.7,66,13.7,212,1014.5,100,0,0,100,0.0,0.0,41.824,-71.4128,2024,10,31,19
2024-10-31 20:00:00,0.0,0.0,0.0,0.0,19.4,66,16.2,217,1014.4,100,0,0,100,0.0,0.0,41.824,-71.4128,2024,10,31,20
2024-10-31 21:00:00,0.0,0.0,0.0,0.0,18.9,69,15.0,224,1014.1,100,0,0,100,0.0,0.0,41.824,-71.4128,2024,10,31,21
2024-10-31 22:00:00,0.0,0.0,0.0,0.0,18.6,72,15.0,225,1013.6,100,0,0,100,0.0,0.0,41.824,-71.4128,2024,10,31,22
2024-10-31 23:00:00,0.0,0.0,0.0,0.0,18.3,76,15.3,229,1013.0,100,0,0,100,0.0,0.0,41.824,-71.4128,2024,10,31,23
2024-11-01 00:00:00,0.0,0.0,0.0,0.0,18.2,77,15.5,225,1012.4,100,0,0,100,0.0,0.0,41.824,-71.4128,2024,11,1,0
2024-11-01 01:00:00,0.0,0.0,0.0,0.0,18.4,78,16.5,232,1012.0,100,0,0,100,0.0,0.0,41.824,-71.4128,2024,11,1,1
2024-11-01 02:00:00,0.0,0.0,0.0,0.0,18.7,75,17.5,234,1011.4,100,0,0,100,0.0,0.0,41.824,-71.4128,2024,11,1,2
2024-11-01 03:00:00,0.0,0.0,0.0,0.0,18.5,77,16.8,238,1011.1,71,0,0,71,0.0,0.0,41.824,-71.4128,2024,11,1,3
2024-11-01 04:00:00,0.0,0.0,0.0,0.0,18.1,79,17.4,235,1010.7,44,0,0,44,0.0,0.0,41.824,-71.4128,2024,11,1,4
2024-11-01 05:00:00,0.0,0.0,0.0,0.0,17.7,81,18.0,231,1010.3,100,0,4,100,0.0,0.0,41.824,-71.4128,2024,11,1,5
2024-11-01 06:00:00,0.0,0.0,0.0,0.0,17.6,81,17.8,227,1010.2,100,0,9,100,0.0,0.0,41.824,-71.4128,2024,11,1,6
2024-11-01 07:00:00,0.0,0.0,0.0,0.0,17.8,79,18.3,234,1010.1,94,0,11,93,0.0,0.0,41.824,-71.4128,2024,11,1,7
2024-11-01 08:00:00,15.0,5.0,10.0,68.9,18.3,75,17.2,236,1010.3,100,0,3,100,0.0,572.42,41.824,-71.4128,2024,11,1,8
2024-11-01 09:00:00,90.0,27.0,63.0,141.0,19.8,71,18.8,234,1010.3,100,0,99,100,0.0,2429.83,41.824,-71.4128,2024,11,1,9
2024-11-01 10:00:00,126.0,13.0,113.0,38.3,19.6,76,18.3,229,1009.8,100,0,100,100,0.7,0.0,41.824,-71.4128,2024,11,1,10
2024-11-01 11:00:00,184.0,29.0,155.0,64.0,20.0,81,15.4,225,1009.5,100,0,7,100,0.1,119.1,41.824,-71.4128,2024,11,1,11
2024-11-01 12:00:00,330.0,105.0,225.0,200.2,21.7,71,18.1,227,1009.2,100,0,0,100,0.0,3600.0,41.824,-71.4128,2024,11,1,12
2024-11-01 13:00:00,380.0,157.0,223.0,286.4,23.0,63,20.0,236,1008.5,16,16,0,0,0.0,3600.0,41.824,-71.4128,2024,11,1,13
2024-11-01 14:00:00,489.0,396.0,93.0,757.1,24.5,53,22.8,261,1008.1,4,4,0,0,0.0,3600.0,41.824,-71.4128,2024,11,1,14
2024-11-01 15:00:00,420.0,347.0,73.0,770.0,25.3,35,21.8,270,1008.1,0,0,0,0,0.0,3600.0,41.824,-71.4128,2024,11,1,15
2024-11-01 16:00:00,300.0,240.0,60.0,714.4,24.2,40,16.7,269,1008.6,1,1,1,0,0.0,3600.0,41.824,-71.4128,2024,11,1,16
2024-11-01 17:00:00,140.0,96.0,44.0,514.0,20.5,55,20.6,326,1010.3,1,1,0,0,0.0,3600.0,41.824,-71.4128,2024,11,1,17
2024-11-01 18:00:00,17.0,8.0,9.0,114.5,18.0,60,16.7,319,1011.9,0,0,0,0,0.0,1623.18,41.824,-71.4128,2024,11,1,18
2024-11-01 19:00:00,0.0,0.0,0.0,0.0,16.3,55,18.9,317,1013.6,0,0,0,0,0.0,0.0,41.824,-71.4128,2024,11,1,19
2024-11-01 20:00:00,0.0,0.0,0.0,0.0,14.4,56,17.1,313,1015.0,0,0,0,0,0.0,0.0,41.824,-71.4128,2024,11,1,20
2024-11-01 21:00:00,0.0,0.0,0.0,0.0,14.3,56,15.9,321,1015.7,0,0,0,0,0.0,0.0,41.824,-71.4128,2024,11,1,21
2024-11-01 22:00:00,0.0,0.0,0.0,0.0,13.2,58,15.7,317,1016.7,0,0,0,0,0.0,0.0,41.824,-71.4128,2024,11,1,22
2024-11-01 23:00:00,0.0,0.0,0.0,0.0,12.3,59,14.8,315,1017.3,0,0,0,0,0.0,0.0,41.824,-71.4128,2024,11,1,23
2024-11-02 00:00:00,0.0,0.0,0.0,0.0,11.4,60,12.6,316,1017.5,0,0,0,0,0.0,0.0,41.824,-71.4128,2024,11,2,0
2024-11-02 01:00:00,0.0,0.0,0.0,0.0,10.7,62,11.4,308,1018.3,0,0,0,0,0.0,0.0,41.824,-71.4128,2024,11,2,1
2024-11-02 02:00:00,0.0,0.0,0.0,0.0,10.2,64,12.0,309,1018.9,0,0,0,0,0.0,0.0,41.824,-71.4128,2024,11,2,2
2024-11-02 03:00:00,0.0,0.0,0.0,0.0,9.7,66,11.9,304,1019.4,0,0,0,0,0.0,0.0,41.824,-71.4128,2024,11,2,3
2024-11-02 04:00:00,0.0,0.0,0.0,0.0,9.3,69,12.9,303,1019.6,1,1,0,0,0.0,0.0,41.824,-71.4128,2024,11,2,4
2024-11-02 05:00:00,0.0,0.0,0.0,0.0,9.0,72,12.7,305,1020.2,0,0,0,0,0.0,0.0,41.824,-71.4128,2024,11,2,5
2024-11-02 06:00:00,0.0,0.0,0.0,0.0,8.6,76,12.5,305,1020.8,0,0,0,0,0.0,0.0,41.824,-71.4128,2024,11,2,6
2024-11-02 07:00:00,0.0,0.0,0.0,0.0,8.4,78,11.3,304,1021.3,0,0,0,0,0.0,0.0,41.824,-71.4128,2024,11,2,7
2024-11-02 08:00:00,17.0,9.0,8.0,127.6,8.6,78,11.1,310,1022.1,0,0,0,0,0.0,1945.84,41.824,-71.4128,2024,11,2,8
2024-11-02 09:00:00,146.0,102.0,44.0,544.2,10.5,67,14.8,310,1023.0,0,0,0,0,0.0,3600.0,41.824,-71.4128,2024,11,2,9
2024-11-02 10:00:00,301.0,238.0,63.0,709.4,12.0,61,14.4,318,1023.0,3,2,3,0,0.0,3600.0,41.824,-71.4128,2024,11,2,10
2024-11-02 11:00:00,431.0,358.0,73.0,797.5,13.5,56,14.8,342,1023.0,36,36,1,0,0.0,3600.0,41.824,-71.4128,2024,11,2,11
2024-11-02 12:00:00,444.0,333.0,111.0,640.6,14.2,53,14.6,344,1022.9,97,97,0,0,0.0,3600.0,41.824,-71.4128,2024,11,2,12
2024-11-02 13:00:00,357.0,140.0,217.0,257.5,14.5,50,12.8,338,1022.6,100,100,24,0,0.0,3600.0,41.824,-71.4128,2024,11,2,13
2024-11-02 14:00:00,240.0,39.0,201.0,75.2,14.2,50,12.9,333,1022.5,100,100,17,0,0.0,456.71,41.824,-71.4128,2024,11,2,14
2024-11-02 15:00:00,198.0,35.0,163.0,78.4,13.7,50,13.2,325,1022.6,96,96,6,0,0.0,553.44,41.824,-71.4128,2024,11,2,15
2024-11-02 16:00:00,139.0,28.0,111.0,84.4,12.9,52,13.5,318,1023.1,86,86,0,0,0.0,733.0,41.824,-71.4128,2024,11,2,16
2024-11-02 17:00:00,75.0,11.0,64.0,60.2,12.1,53,11.1,321,1023.5,51,51,1,0,0.0,6.72,41.824,-71.4128,2024,11,2,17
2024-11-02 18:00:00,10.0,2.0,8.0,29.5,11.1,57,7.8,322,1024.4,48,48,0,0,0.0,0.0,41.824,-71.4128,2024,11,2,18
2024-11-02 19:00:00,0.0,0.0,0.0,0.0,10.3,61,8.0,329,1025.2,56,56,0,0,0.0,0.0,41.824,-71.4128,2024,11,2,19
2024-11-02 20:00:00,0.0,0.0,0.0,0.0,9.6,63,8.5,336,1025.8,48,48,0,0,0.0,0.0,41.824,-71.4128,2024,11,2,20
2024-11-02 21:00:00,0.0,0.0,0.0,0.0,7.6,67,10.5,344,1026.7,1,1,0,0,0.0,0.0,41.824,-71.4128,2024,11,2,21
2024-11-02 22:00:00,0.0,0.0,0.0,0.0,6.5,67,9.7,345,1027.0,0,0,0,0,0.0,0.0,41.824,-71.4128,2024,11,2,22
2024-11-02 23:00:00,0.0,0.0,0.0,0.0,5.5,70,8.7,356,1027.1,10,0,0,10,0.0,0.0,41.824,-71.4128,2024,11,2,23
2024-11-03 00:00:00,0.0,0.0,0.0,0.0,4.7,73,9.5,359,1027.5,23,0,0,23,0.0,0.0,41.824,-71.4128,2024,11,3,0
2024-11-03 01:00:00,0.0,0.0,0.0,0.0,4.1,70,12.1,360,1028.0,37,0,0,37,0.0,0.0,41.824,-71.4128,2024,11,3,1
2024-11-03 02:00:00,0.0,0.0,0.0,0.0,3.6,67,13.0,356,1028.2,42,0,0,42,0.0,0.0,41.824,-71.4128,2024,11,3,2
2024-11-03 03:00:00,0.0,0.0,0.0,0.0,3.1,64,13.6,354,1028.5,1,0,0,1,0.0,0.0,41.824,-71.4128,2024,11,3,3
2024-11-03 04:00:00,0.0,0.0,0.0,0.0,2.7,64,12.8,349,1028.7,1,0,0,1,0.0,0.0,41.824,-71.4128,2024,11,3,4
2024-11-03 05:00:00,0.0,0.0,0.0,0.0,2.4,66,12.5,348,1028.8,0,0,0,0,0.0,0.0,41.824,-71.4128,2024,11,3,5
2024-11-03 06:00:00,0.0,0.0,0.0,0.0,2.0,68,12.5,342,1029.1,16,0,0,16,0.0,0.0,41.824,-71.4128,2024,11,3,6
2024-11-03 07:00:00,0.0,0.0,0.0,0.0,1.6,69,11.3,342,1029.4,15,0,0,15,0.0,0.0,41.824,-71.4128,2024,11,3,7
2024-11-03 08:00:00,17.0,9.0,8.0,131.4,1.7,69,12.1,340,1030.0,0,0,0,0,0.0,1990.44,41.824,-71.4128,2024,11,3,8
2024-11-03 09:00:00,149.0,106.0,43.0,577.9,3.1,64,14.1,341,1030.6,0,0,0,0,0.0,3600.0,41.824,-71.4128,2024,11,3,9
2024-11-03 10:00:00,310.0,248.0,62.0,748.7,5.0,59,12.3,352,1030.5,0,0,0,0,0.0,3600.0,41.824,-71.4128,2024,11,3,10
2024-11-03 11:00:00,442.0,370.0,72.0,832.5,6.6,57,10.3,359,1030.3,0,0,0,0,0.0,3600.0,41.824,-71.4128,2024,11,3,11
2024-11-03 12:00:00,528.0,452.0,76.0,877.1,7.9,54,7.9,3,1029.9,0,0,0,0,0.0,3600.0,41.824,-71.4128,2024,11,3,12
2024-11-03 13:00:00,557.0,480.0,77.0,890.5,8.7,51,6.5,354,1029.5,0,0,0,0,0.0,3600.0,41.824,-71.4128,2024,11,3,13
2024-11-03 14:00:00,527.0,452.0,75.0,879.5,9.3,48,6.3,347,1029.3,6,0,0,6,0.0,3600.0,41.824,-71.4128,2024,11,3,14
2024-11-03 15:00:00,440.0,370.0,70.0,837.6,9.5,45,6.8,348,1029.2,0,0,0,0,0.0,3600.0,41.824,-71.4128,2024,11,3,15
2024-11-03 16:00:00,306.0,246.0,60.0,751.4,9.3,43,6.5,357,1029.2,0,0,0,0,0.0,3600.0,41.824,-71.4128,2024,11,3,16
2024-11-03 17:00:00,144.0,102.0,42.0,571.0,8.2,49,5.3,350,1029.9,33,0,0,33,0.0,3600.0,41.824,-71.4128,2024,11,3,17
2024-11-03 18:00:00,15.0,8.0,7.0,121.5,6.2,58,5.1,6,1030.3,34,0,0,34,0.0,1711.19,41.824,-71.4128,2024,11,3,18
2024-11-03 19:00:00,0.0,0.0,0.0,0.0,5.3,61,5.2,16,1030.5,10,0,0,10,0.0,0.0,41.824,-71.4128,2024,11,3,19
2024-11-03 20:00:00,0.0,0.0,0.0,0.0,4.6,63,5.7,28,1030.9,0,0,0,0,0.0,0.0,41.824,-71.4128,2024,11,3,20
2024-11-03 21:00:00,0.0,0.0,0.0,0.0,3.0,76,6.5,56,1031.4,0,0,0,0,0.0,0.0,41.824,-71.4128,2024,11,3,21
2024-11-03 22:00:00,0.0,0.0,0.0,0.0,3.6,74,5.0,41,1031.9,0,0,0,0,0.0,0.0,41.824,-71.4128,2024,11,3,22
2024-11-03 23:00:00,0.0,0.0,0.0,0.0,3.1,79,0.4,333,1032.4,0,0,0,0,0.0,0.0,41.824,-71.4128,2024,11,3,23
2024-11-04 00:00:00,0.0,0.0,0.0,0.0,2.0,85,2.6,335,1032.3,0,0,0,0,0.0,0.0,41.824,-71.4128,2024,11,4,0
2024-11-04 01:00:00,0.0,0.0,0.0,0.0,2.1,84,4.4,333,1032.5,0,0,0,0,0.0,0.0,41.824,-71.4128,2024,11,4,1
2024-11-04 02:00:00,0.0,0.0,0.0,0.0,1.3,84,8.2,341,1032.5,0,0,0,0,0.0,0.0,41.824,-71.4128,2024,11,4,2
2024-11-04 03:00:00,0.0,0.0,0.0,0.0,0.8,82,7.3,340,1032.5,1,0,1,0,0.0,0.0,41.824,-71.4128,2024,11,4,3
2024-11-04 04:00:00,0.0,0.0,0.0,0.0,0.5,83,7.5,333,1032.8,0,0,0,0,0.0,0.0,41.824,-71.4128,2024,11,4,4
2024-11-04 05:00:00,0.0,0.0,0.0,0.0,0.3,84,7.2,338,1032.4,46,0,0,46,0.0,0.0,41.824,-71.4128,2024,11,4,5
2024-11-04 06:00:00,0.0,0.0,0.0,0.0,0.3,83,6.8,323,1033.3,78,0,0,78,0.0,0.0,41.824,-71.4128,2024,11,4,6
2024-11-04 07:00:00,0.0,0.0,0.0,0.0,0.2,83,7.2,342,1033.5,62,0,0,62,0.0,0.0,41.824,-71.4128,2024,11,4,7
2024-11-04 08:00:00,15.0,8.0,7.0,120.3,0.5,82,6.9,337,1034.0,92,0,82,56,0.0,1700.31,41.824,-71.4128,2024,11,4,8
2024-11-04 09:00:00,98.0,24.0,74.0,133.8,2.5,73,7.3,322,1035.2,99,0,98,71,0.0,2213.1,41.824,-71.4128,2024,11,4,9
2024-11-04 10:00:00,113.0,14.0,99.0,42.8,4.1,66,2.7,360,1034.5,100,0,100,100,0.0,0.0,41.824,-71.4128,2024,11,4,10
2024-11-04 11:00:00,153.0,7.0,146.0,15.9,5.8,61,1.2,51,1033.8,100,0,100,100,0.0,0.0,41.824,-71.4128,2024,11,4,11
2024-11-04 12:00:00,198.0,1.0,197.0,2.0,7.3,59,1.8,114,1033.8,100,0,100,100,0.0,0.0,41.824,-71.4128,2024,11,4,12
2024-11-04 13:00:00,188.0,6.0,182.0,11.2,8.1,59,4.8,135,1032.8,100,0,100,100,0.0,0.0,41.824,-71.4128,2024,11,4,13
2024-11-04 14:00:00,316.0,123.0,193.0,241.4,9.1,63,9.2,152,1031.6,99,3,49,99,0.0,3600.0,41.824,-71.4128,2024,11,4,14
2024-11-04 15:00:00,303.0,174.0,129.0,397.8,9.8,64,8.6,158,1031.0,99,22,5,99,0.0,3600.0,41.824,-71.4128,2024,11,4,15
2024-11-04 16:00:00,265.0,178.0,87.0,550.6,10.6,58,13.7,166,1030.1,95,23,11,93,0.0,3600.0,41.824,-71.4128,2024,11,4,16
2024-11-04 17:00:00,121.0,67.0,54.0,383.4,9.7,63,11.4,169,1029.4,100,4,100,99,0.0,3600.0,41.824,-71.4128,2024,11,4,17
2024-11-04 18:00:00,7.0,0.0,7.0,0.0,9.0,69,10.0,174,1029.1,100,17,100,94,0.0,0.0,41.824,-71.4128,2024,11,4,18
2024-11-04 19:00:00,0.0,0.0,0.0,0.0,8.2,83,7.1,201,1028.9,100,20,100,100,0.0,0.0,41.824,-71.4128,2024,11,4,19
2024-11-04 20:00:00,0.0,0.0,0.0,0.0,8.2,81,5.5,203,1028.7,100,67,97,76,0.0,0.0,41.824,-71.4128,2024,11,4,20
2024-11-04 21:00:00,0.0,0.0,0.0,0.0,8.1,87,7.0,162,1027.9,55,3,32,35,0.0,0.0,41.824,-71.4128,2024,11,4,21
2024-11-04 22:00:00,0.0,0.0,0.0,0.0,8.4,85,9.8,154,1027.5,55,14,15,38,0.0,0.0,41.824,-71.4128,2024,11,4,22
2024-11-04 23:00:00,0.0,0.0,0.0,0.0,8.3,88,6.5,177,1027.0,51,31,25,5,0.0,0.0,41.824,-71.4128,2024,11,4,23
2024-11-05 00:00:00,0.0,0.0,0.0,0.0,7.9,90,8.1,163,1026.2,52,25,36,0,0.0,0.0,41.824,-71.4128,2024,11,5,0
2024-11-05 01:00:00,0.0,0.0,0.0,0.0,8.0,92,8.0,172,1025.3,42,19,25,5,0.0,0.0,41.824,-71.4128,2024,11,5,1
2024-11-05 02:00:00,0.0,0.0,0.0,0.0,9.3,88,8.6,211,1024.5,25,13,9,4,0.0,0.0,41.824,-71.4128,2024,11,5,2
2024-11-05 03:00:00,0.0,0.0,0.0,0.0,9.5,89,9.8,210,1023.8,58,47,2,18,0.0,0.0,41.824,-71.4128,2024,11,5,3
2024-11-05 04:00:00,0.0,0.0,0.0,0.0,10.0,91,9.7,219,1023.1,42,18,14,17,0.0,0.0,41.824,-71.4128,2024,11,5,4
2024-11-05 05:00:00,0.0,0.0,0.0,0.0,10.6,93,10.8,223,1022.8,38,10,23,10,0.0,0.0,41.824,-71.4128,2024,11,5,5
2024-11-05 06:00:00,0.0,0.0,0.0,0.0,11.0,93,10.8,228,1022.8,24,9,17,1,0.0,0.0,41.824,-71.4128,2024,11,5,6
2024-11-05 07:00:00,0.0,0.0,0.0,0.0,11.3,94,11.7,221,1022.3,49,0,47,3,0.0,0.0,41.824,-71.4128,2024,11,5,7
2024-11-05 08:00:00,11.0,4.0,7.0,62.0,12.1,93,13.4,224,1022.3,27,1,27,0,0.0,401.67,41.824,-71.4128,2024,11,5,8
2024-11-05 09:00:00,115.0,69.0,46.0,393.3,14.0,87,14.4,230,1022.5,3,1,3,0,0.0,3600.0,41.824,-71.4128,2024,11,5,9
2024-11-05 10:00:00,269.0,204.0,65.0,631.9,15.9,80,10.2,217,1021.8,0,0,0,0,0.0,3600.0,41.824,-71.4128,2024,11,5,10
2024-11-05 11:00:00,394.0,321.0,73.0,736.6,17.7,69,14.1,235,1021.2,6,0,1,6,0.0,3600.0,41.824,-71.4128,2024,11,5,11
2024-11-05 12:00:00,475.0,397.0,78.0,783.9,19.2,64,16.6,234,1020.5,2,0,2,0,0.0,3600.0,41.824,-71.4128,2024,11,5,12
2024-11-05 13:00:00,500.0,421.0,79.0,794.1,20.5,60,16.6,233,1019.6,25,0,0,25,0.0,3600.0,41.824,-71.4128,2024,11,5,13
2024-11-05 14:00:00,473.0,397.0,76.0,785.9,21.2,58,16.3,232,1018.6,29,0,0,29,0.0,3600.0,41.824,-71.4128,2024,11,5,14
2024-11-05 15:00:00,394.0,324.0,70.0,747.9,21.1,59,16.0,230,1018.2,1,0,0,1,0.0,3600.0,41.824,-71.4128,2024,11,5,15
2024-11-05 16:00:00,271.0,211.0,60.0,661.0,20.5,62,14.8,230,1017.7,5,0,0,5,0.0,3600.0,41.824,-71.4128,2024,11,5,16
2024-11-05 17:00:00,124.0,84.0,40.0,491.3,18.9,68,14.2,231,1017.3,0,0,0,0,0.0,3600.0,41.824,-71.4128,2024,11,5,17
2024-11-05 18:00:00,11.0,5.0,6.0,80.7,17.1,75,15.2,227,1017.4,0,0,0,0,0.0,788.42,41.824,-71.4128,2024,11,5,18
2024-11-05 19:00:00,0.0,0.0,0.0,0.0,16.4,81,15.4,228,1017.7,67,0,0,67,0.0,0.0,41.824,-71.4128,2024,11,5,19
2024-11-05 20:00:00,0.0,0.0,0.0,0.0,15.9,85,16.2,227,1017.9,58,0,0,58,0.0,0.0,41.824,-71.4128,2024,11,5,20
2024-11-05 21:00:00,0.0,0.0,0.0,0.0,16.0,85,16.0,232,1017.4,21,0,0,21,0.0,0.0,41.824,-71.4128,2024,11,5,21
2024-11-05 22:00:00,0.0,0.0,0.0,0.0,15.8,87,17.0,231,1017.2,7,0,0,7,0.0,0.0,41.824,-71.4128,2024,11,5,22
2024-11-05 23:00:00,0.0,0.0,0.0,0.0,16.0,87,19.3,235,1017.1,0,0,0,0,0.0,0.0,41.824,-71.4128,2024,11,5,23
2024-11-06 00:00:00,0.0,0.0,0.0,0.0,16.5,85,20.8,236,1016.9,0,0,0,0,0.0,0.0,41.824,-71.4128,2024,11,6,0
2024-11-06 01:00:00,0.0,0.0,0.0,0.0,16.7,85,21.2,237,1016.6,19,0,0,19,0.0,0.0,41.824,-71.4128,2024,11,6,1
2024-11-06 02:00:00,0.0,0.0,0.0,0.0,16.7,86,20.7,235,1016.4,1,1,0,0,0.0,0.0,41.824,-71.4128,2024,11,6,2
2024-11-06 03:00:00,0.0,0.0,0.0,0.0,16.6,89,19.9,235,1016.4,9,9,0,0,0.0,0.0,41.824,-71.4128,2024,11,6,3
2024-11-06 04:00:00,0.0,0.0,0.0,0.0,16.6,88,19.5,234,1015.9,2,2,0,0,0.0,0.0,41.824,-71.4128,2024,11,6,4
2024-11-06 05:00:00,0.0,0.0,0.0,0.0,16.6,85,19.7,233,1015.9,1,0,1,0,0.0,0.0,41.824,-71.4128,2024,11,6,5
2024-11-06 06:00:00,0.0,0.0,0.0,0.0,16.8,80,19.3,231,1015.5,2,0,2,0,0.0,0.0,41.824,-71.4128,2024,11,6,6
2024-11-06 07:00:00,0.0,0.0,0.0,0.0,16.6,79,18.0,229,1015.2,0,0,0,0,0.0,0.0,41.824,-71.4128,2024,11,6,7
2024-11-06 08:00:00,12.0,5.0,7.0,80.0,16.6,79,17.5,229,1015.2,0,0,0,0,0.0,778.26,41.824,-71.4128,2024,11,6,8
2024-11-06 09:00:00,123.0,82.0,41.0,478.2,18.5,75,15.3,226,1015.0,0,0,0,0,0.0,3600.0,41.824,-71.4128,2024,11,6,9
2024-11-06 10:00:00,273.0,212.0,61.0,665.2,19.9,71,18.4,222,1014.2,0,0,0,0,0.0,3600.0,41.824,-71.4128,2024,11,6,10
2024-11-06 11:00:00,401.0,332.0,69.0,769.4,21.4,65,20.6,232,1013.6,0,0,0,0,0.0,3600.0,41.824,-71.4128,2024,11,6,11
2024-11-06 12:00:00,481.0,408.0,73.0,812.6,22.6,61,20.9,231,1012.9,0,0,0,0,0.0,3600.0,41.824,-71.4128,2024,11,6,12
2024-11-06 13:00:00,506.0,431.0,75.0,819.7,23.3,58,21.5,227,1011.9,0,0,0,0,0.0,3600.0,41.824,-71.4128,2024,11,6,13
2024-11-06 14:00:00,476.0,401.0,75.0,800.6,23.6,57,20.9,227,1011.0,3,0,1,2,0.0,3600.0,41.824,-71.4128,2024,11,6,14
2024-11-06 15:00:00,389.0,318.0,71.0,741.1,23.6,58,19.7,224,1010.7,20,0,11,11,0.0,3600.0,41.824,-71.4128,2024,11,6,15
2024-11-06 16:00:00,263.0,200.0,63.0,634.3,22.8,61,16.8,218,1010.5,57,0,8,53,0.0,3600.0,41.824,-71.4128,2024,11,6,16
2024-11-06 17:00:00,114.0,73.0,41.0,436.4,21.6,66,14.5,232,1011.3,65,6,5,61,0.0,3600.0,41.824,-71.4128,2024,11,6,17
2024-11-06 18:00:00,9.0,3.0,6.0,49.9,20.1,72,13.0,223,1011.5,90,1,6,90,0.0,153.36,41.824,-71.4128,2024,11,6,18
2024-11-06 19:00:00,0.0,0.0,0.0,0.0,19.4,75,13.2,230,1012.2,48,5,8,44,0.0,0.0,41.824,-71.4128,2024,11,6,19
2024-11-06 20:00:00,0.0,0.0,0.0,0.0,18.9,78,11.8,245,1012.6,49,4,14,46,0.0,0.0,41.824,-71.4128,2024,11,6,20
2024-11-06 21:00:00,0.0,0.0,0.0,0.0,18.9,79,11.8,253,1012.7,4,1,4,1,0.0,0.0,41.824,-71.4128,2024,11,6,21
2024-11-06 22:00:00,0.0,0.0,0.0,0.0,18.2,82,11.2,272,1013.1,97,21,14,96,0.0,0.0,41.824,-71.4128,2024,11,6,22
2024-11-06 23:00:00,0.0,0.0,0.0,0.0,18.0,82,9.5,271,1012.9,100,0,0,100,0.0,0.0,41.824,-71.4128,2024,11,6,23
2024-11-07 00:00:00,0.0,0.0,0.0,0.0,17.0,85,10.4,281,1012.9,100,0,0,100,0.0,0.0,41.824,-71.4128,2024,11,7,0
2024-11-07 01:00:00,0.0,0.0,0.0,0.0,16.3,87,10.5,265,1013.5,100,2,3,100,0.0,0.0,41.824,-71.4128,2024,11,7,1
2024-11-07 02:00:00,0.0,0.0,0.0,0.0,15.9,86,10.4,280,1013.7,100,2,1,100,0.0,0.0,41.824,-71.4128,2024,11,7,2
2024-11-07 03:00:00,0.0,0.0,0.0,0.0,15.7,82,11.2,285,1013.5,99,0,0,99,0.0,0.0,41.824,-71.4128,2024,11,7,3
2024-11-07 04:00:00,0.0,0.0,0.0,0.0,15.4,80,11.7,280,1013.8,100,99,5,94,0.0,0.0,41.824,-71.4128,2024,11,7,4
2024-11-07 05:00:00,0.0,0.0,0.0,0.0,15.9,76,10.3,286,1013.6,98,4,0,98,0.0,0.0,41.824,-71.4128,2024,11,7,5
2024-11-07 06:00:00,0.0,0.0,0.0,0.0,14.7,81,10.3,286,1014.1,98,5,0,98,0.0,0.0,41.824,-71.4128,2024,11,7,6
2024-11-07 07:00:00,0.0,0.0,0.0,0.0,14.0,84,9.8,288,1014.4,99,1,0,99,0.0,0.0,41.824,-71.4128,2024,11,7,7
2024-11-07 08:00:00,10.0,2.0,8.0,33.0,13.6,86,9.6,276,1014.6,67,0,0,67,0.0,0.0,41.824,-71.4128,2024,11,7,8
2024-11-07 09:00:00,122.0,77.0,45.0,459.5,15.9,77,10.2,253,1014.9,51,0,0,51,0.0,3600.0,41.824,-71.4128,2024,11,7,9
2024-11-07 10:00:00,273.0,206.0,67.0,654.7,18.5,68,8.9,262,1014.6,3,3,0,0,0.0,3600.0,41.824,-71.4128,2024,11,7,10
2024-11-07 11:00:00,401.0,329.0,72.0,770.0,20.0,59,16.6,286,1014.5,3,2,1,0,0.0,3600.0,41.824,-71.4128,2024,11,7,11
2024-11-07 12:00:00,471.0,388.0,83.0,779.4,20.3,50,20.5,294,1014.1,17,15,2,0,0.0,3600.0,41.824,-71.4128,2024,11,7,12
2024-11-07 13:00:00,483.0,388.0,95.0,744.0,20.1,48,21.7,297,1013.7,3,3,0,0,0.0,3600.0,41.824,-71.4128,2024,11,7,13
2024-11-07 14:00:00,476.0,389.0,87.0,783.1,19.6,46,21.8,296,1013.5,12,12,0,0,0.0,3600.0,41.824,-71.4128,2024,11,7,14
2024-11-07 15:00:00,393.0,310.0,83.0,729.3,18.6,45,19.3,302,1013.5,0,0,0,0,0.0,3600.0,41.824,-71.4128,2024,11,7,15
2024-11-07 16:00:00,276.0,217.0,59.0,696.6,17.9,47,18.5,302,1013.7,1,1,0,0,0.0,3600.0,41.824,-71.4128,2024,11,7,16
2024-11-07 17:00:00,123.0,84.0,39.0,513.0,16.2,54,14.3,303,1014.5,0,0,0,0,0.0,3600.0,41.824,-71.4128,2024,11,7,17
2024-11-07 18:00:00,10.0,5.0,5.0,85.7,14.3,59,10.5,299,1015.2,0,0,0,0,0.0,863.57,41.824,-71.4128,2024,11,7,18
2024-11-07 19:00:00,0.0,0.0,0.0,0.0,13.1,61,11.7,297,1016.0,2,0,0,2,0.0,0.0,41.824,-71.4128,2024,11,7,19
2024-11-07 20:00:00,0.0,0.0,0.0,0.0,12.2,60,12.5,303,1016.8,0,0,0,0,0.0,0.0,41.824,-71.4128,2024,11,7,20
2024-11-07 21:00:00,0.0,0.0,0.0,0.0,12.1,62,13.2,294,1016.7,0,0,0,0,0.0,0.0,41.824,-71.4128,2024,11,7,21
2024-11-07 22:00:00,0.0,0.0,0.0,0.0,11.4,62,15.4,297,1017.0,0,0,0,0,0.0,0.0,41.824,-71.4128,2024,11,7,22
2024-11-07 23:00:00,0.0,0.0,0.0,0.0,10.5,61,15.1,302,1016.7,0,0,0,0,0.0,0.0,41.824,-71.4128,2024,11,7,23
2024-11-08 00:00:00,0.0,0.0,0.0,0.0,9.6,61,14.8,302,1016.3,0,0,0,0,0.0,0.0,41.824,-71.4128,2024,11,8,0
2024-11-08 01:00:00,0.0,0.0,0.0,0.0,8.6,63,13.6,301,1016.2,0,0,0,0,0.0,0.0,41.824,-71.4128,2024,11,8,1
2024-11-08 02:00:00,0.0,0.0,0.0,0.0,7.8,66,12.4,301,1015.7,5,0,0,5,0.0,0.0,41.824,-71.4128,2024,11,8,2
2024-11-08 03:00:00,0.0,0.0,0.0,0.0,7.2,69,11.4,297,1015.6,0,0,0,0,0.0,0.0,41.824,-71.4128,2024,11,8,3
2024-11-08 04:00:00,0.0,0.0,0.0,0.0,6.6,73,10.6,294,1015.1,3,0,0,3,0.0,0.0,41.824,-71.4128,2024,11,8,4
2024-11-08 05:00:00,0.0,0.0,0.0,0.0,6.4,75,11.2,298,1014.7,38,0,3,37,0.0,0.0,41.824,-71.4128,2024,11,8,5
2024-11-08 06:00:00,0.0,0.0,0.0,0.0,6.2,77,9.9,280,1014.5,94,0,30,94,0.0,0.0,41.824,-71.4128,2024,11,8,6
2024-11-08 07:00:00,0.0,0.0,0.0,0.0,6.6,76,9.1,260,1013.8,0,0,0,0,0.0,0.0,41.824,-71.4128,2024,11,8,7
2024-11-08 08:00:00,11.0,5.0,6.0,85.3,6.7,75,11.5,259,1013.6,12,0,0,12,0.0,859.85,41.824,-71.4128,2024,11,8,8
2024-11-08 09:00:00,128.0,89.0,39.0,543.6,8.9,67,13.2,239,1013.7,7,0,0,7,0.0,3600.0,41.824,-71.4128,2024,11,8,9
2024-11-08 10:00:00,283.0,225.0,58.0,724.5,11.4,57,14.2,234,1012.6,5,0,0,5,0.0,3600.0,41.824,-71.4128,2024,11,8,10
2024-11-08 11:00:00,414.0,347.0,67.0,820.1,13.6,49,16.0,232,1011.2,0,0,0,0,0.0,3600.0,41.824,-71.4128,2024,11,8,11
2024-11-08 12:00:00,499.0,428.0,71.0,867.0,15.4,42,18.2,239,1009.5,0,0,0,0,0.0,3600.0,41.824,-71.4128,2024,11,8,12
2024-11-08 13:00:00,528.0,456.0,72.0,881.4,16.4,36,19.6,253,1007.7,0,0,0,0,0.0,3600.0,41.824,-71.4128,2024,11,8,13
2024-11-08 14:00:00,495.0,425.0,70.0,862.7,16.8,36,20.5,259,1006.1,0,0,0,0,0.0,3600.0,41.824,-71.4128,2024,11,8,14
2024-11-08 15:00:00,405.0,339.0,66.0,804.9,16.9,36,21.4,272,1005.7,0,0,0,0,0.0,3600.0,41.824,-71.4128,2024,11,8,15
2024-11-08 16:00:00,272.0,215.0,57.0,698.5,16.6,38,17.8,278,1005.6,1,1,0,0,0.0,3600.0,41.824,-71.4128,2024,11,8,16
2024-11-08 17:00:00,120.0,82.0,38.0,511.5,15.3,43,15.7,289,1006.0,5,3,4,0,0.0,3600.0,41.824,-71.4128,2024,11,8,17
2024-11-08 18:00:00,9.0,4.0,5.0,70.6,13.6,49,12.2,287,1006.6,50,27,49,0,0.0,561.33,41.824,-71.4128,2024,11,8,18
2024-11-08 19:00:00,0.0,0.0,0.0,0.0,13.7,47,17.2,302,1007.3,40,39,22,0,0.0,0.0,41.824,-71.4128,2024,11,8,19
2024-11-08 20:00:00,0.0,0.0,0.0,0.0,12.9,51,19.7,293,1008.2,4,3,1,0,0.0,0.0,41.824,-71.4128,2024,11,8,20
2024-11-08 21:00:00,0.0,0.0,0.0,0.0,12.3,50,18.0,302,1009.5,33,17,23,0,0.0,0.0,41.824,-71.4128,2024,11,8,21
2024-11-08 22:00:00,0.0,0.0,0.0,0.0,11.4,57,18.8,310,1010.3,7,1,6,0,0.0,0.0,41.824,-71.4128,2024,11,8,22
2024-11-08 23:00:00,0.0,0.0,0.0,0.0,8.4,78,22.3,328,1011.8,100,79,100,0,0.2,0.0,41.824,-71.4128,2024,11,8,23
2024-11-09 00:00:00,0.0,0.0,0.0,0.0,8.5,71,20.6,325,1012.4,50,9,49,0,0.0,0.0,41.824,-71.4128,2024,11,9,0
2024-11-09 01:00:00,0.0,0.0,0.0,0.0,7.7,59,20.5,326,1013.4,1,0,1,0,0.0,0.0,41.824,-71.4128,2024,11,9,1
2024-11-09 02:00:00,0.0,0.0,0.0,0.0,6.7,54,20.9,325,1014.3,2,2,0,0,0.0,0.0,41.824,-71.4128,2024,11,9,2
2024-11-09 03:00:00,0.0,0.0,0.0,0.0,5.8,52,20.8,327,1015.5,6,6,0,0,0.0,0.0,41.824,-71.4128,2024,11,9,3
2024-11-09 04:00:00,0.0,0.0,0.0,0.0,5.0,53,18.3,328,1016.2,0,0,0,0,0.0,0.0,41.824,-71.4128,2024,11,9,4
2024-11-09 05:00:00,0.0,0.0,0.0,0.0,4.5,53,18.3,326,1017.5,2,2,0,0,0.0,0.0,41.824,-71.4128,2024,11,9,5
2024-11-09 06:00:00,0.0,0.0,0.0,0.0,4.1,54,18.0,325,1018.5,1,1,0,0,0.0,0.0,41.824,-71.4128,2024,11,9,6
2024-11-09 07:00:00,0.0,0.0,0.0,0.0,3.8,55,18.4,323,1019.7,4,4,0,0,0.0,0.0,41.824,-71.4128,2024,11,9,7
2024-11-09 08:00:00,10.0,5.0,5.0,88.3,3.8,54,19.3,325,1021.0,0,0,0,0,0.0,900.84,41.824,-71.4128,2024,11,9,8
2024-11-09 09:00:00,127.0,88.0,39.0,550.6,5.8,47,18.0,319,1021.6,0,0,0,0,0.0,3600.0,41.824,-71.4128,2024,11,9,9
2024-11-09 10:00:00,286.0,228.0,58.0,743.8,6.7,43,22.2,323,1022.4,0,0,0,0,0.0,3600.0,41.824,-71.4128,2024,11,9,10
2024-11-09 11:00:00,417.0,349.0,68.0,833.1,7.5,40,21.7,323,1022.7,0,0,0,0,0.0,3600.0,41.824,-71.4128,2024,11,9,11
2024-11-09 12:00:00,503.0,430.0,73.0,878.6,8.5,36,20.5,331,1022.4,0,0,0,0,0.0,3600.0,41.824,-71.4128,2024,11,9,12
2024-11-09 13:00:00,533.0,460.0,73.0,896.4,9.3,33,20.1,332,1022.3,1,1,0,0,0.0,3600.0,41.824,-71.4128,2024,11,9,13
2024-11-09 14:00:00,503.0,431.0,72.0,882.1,9.9,32,17.8,330,1022.2,0,0,0,0,0.0,3600.0,41.824,-71.4128,2024,11,9,14
2024-11-09 15:00:00,417.0,350.0,67.0,838.7,10.1,32,17.7,322,1022.6,0,0,0,0,0.0,3600.0,41.824,-71.4128,2024,11,9,15
2024-11-09 16:00:00,283.0,226.0,57.0,743.0,9.6,34,17.1,320,1023.4,0,0,0,0,0.0,3600.0,41.824,-71.4128,2024,11,9,16
2024-11-09 17:00:00,123.0,86.0,37.0,548.0,8.6,37,13.5,322,1024.0,0,0,0,0,0.0,3600.0,41.824,-71.4128,2024,11,9,17
2024-11-09 18:00:00,9.0,4.0,5.0,72.8,7.1,41,11.4,329,1025.0,0,0,0,0,0.0,595.91,41.824,-71.4128,2024,11,9,18
2024-11-09 19:00:00,0.0,0.0,0.0,0.0,6.1,44,12.0,325,1025.7,0,0,0,0,0.0,0.0,41.824,-71.4128,2024,11,9,19
2024-11-09 20:00:00,0.0,0.0,0.0,0.0,5.7,44,13.7,326,1026.4,0,0,0,0,0.0,0.0,41.824,-71.4128,2024,11,9,20
2024-11-09 21:00:00,0.0,0.0,0.0,0.0,5.8,38,13.5,330,1027.1,0,0,0,0,0.0,0.0,41.824,-71.4128,2024,11,9,21
2024-11-09 22:00:00,0.0,0.0,0.0,0.0,5.1,42,11.7,337,1027.6,0,0,0,0,0.0,0.0,41.824,-71.4128,2024,11,9,22
2024-11-09 23:00:00,0.0,0.0,0.0,0.0,4.3,46,10.5,343,1027.9,0,0,0,0,0.0,0.0,41.824,-71.4128,2024,11,9,23
2024-11-10 00:00:00,0.0,0.0,0.0,0.0,3.4,51,9.2,343,1027.8,0,0,0,0,0.0,0.0,41.824,-71.4128,2024,11,10,0
2024-11-10 01:00:00,0.0,0.0,0.0,0.0,2.7,55,7.6,345,1027.6,0,0,0,0,0.0,0.0,41.824,-71.4128,2024,11,10,1
2024-11-10 02:00:00,0.0,0.0,0.0,0.0,2.4,60,5.1,321,1027.5,0,0,0,0,0.0,0.0,41.824,-71.4128,2024,11,10,2
2024-11-10 03:00:00,0.0,0.0,0.0,0.0,2.3,60,6.3,329,1027.3,0,0,0,0,0.0,0.0,41.824,-71.4128,2024,11,10,3
2024-11-10 04:00:00,0.0,0.0,0.0,0.0,1.9,67,4.2,313,1027.1,15,0,0,15,0.0,0.0,41.824,-71.4128,2024,11,10,4
2024-11-10 05:00:00,0.0,0.0,0.0,0.0,1.6,73,3.7,293,1026.9,73,0,0,73,0.0,0.0,41.824,-71.4128,2024,11,10,5
2024-11-10 06:00:00,0.0,0.0,0.0,0.0,1.3,80,4.9,280,1026.5,9,0,0,9,0.0,0.0,41.824,-71.4128,2024,11,10,6
2024-11-10 07:00:00,0.0,0.0,0.0,0.0,1.0,83,6.5,265,1025.9,46,0,0,46,0.0,0.0,41.824,-71.4128,2024,11,10,7
2024-11-10 08:00:00,8.0,4.0,4.0,73.2,1.7,81,5.6,248,1026.0,28,0,0,28,0.0,602.26,41.824,-71.4128,2024,11,10,8
2024-11-10 09:00:00,118.0,79.0,39.0,506.6,3.3,74,3.9,254,1026.5,10,0,3,7,0.0,3600.0,41.824,-71.4128,2024,11,10,9
2024-11-10 10:00:00,275.0,218.0,57.0,720.7,6.3,47,4.5,182,1026.0,33,0,11,30,0.0,3600.0,41.824,-71.4128,2024,11,10,10
2024-11-10 11:00:00,398.0,324.0,74.0,781.1,8.8,38,7.6,187,1025.3,100,0,20,100,0.0,3600.0,41.824,-71.4128,2024,11,10,11
2024-11-10 12:00:00,436.0,288.0,148.0,593.5,10.8,41,11.1,203,1024.4,80,0,16,76,0.0,3600.0,41.824,-71.4128,2024,11,10,12
2024-11-10 13:00:00,508.0,428.0,80.0,840.7,12.6,43,14.6,213,1022.7,61,0,7,58,0.0,3600.0,41.824,-71.4128,2024,11,10,13
2024-11-10 14:00:00,475.0,394.0,81.0,813.0,13.4,45,14.9,212,1021.1,95,0,4,95,0.0,3600.0,41.824,-71.4128,2024,11,10,14
2024-11-10 15:00:00,386.0,301.0,85.0,727.9,13.6,47,16.2,221,1020.0,100,0,14,100,0.0,3600.0,41.824,-71.4128,2024,11,10,15
2024-11-10 16:00:00,227.0,114.0,113.0,379.2,13.0,52,14.9,223,1019.1,100,0,23,100,0.0,3600.0,41.824,-71.4128,2024,11,10,16
2024-11-10 17:00:00,85.0,22.0,63.0,143.2,11.8,60,10.7,202,1018.2,98,0,9,98,0.0,2495.21,41.824,-71.4128,2024,11,10,17
2024-11-10 18:00:00,7.0,1.0,6.0,18.7,10.4,68,13.6,208,1017.8,100,0,96,100,0.0,0.0,41.824,-71.4128,2024,11,10,18
2024-11-10 19:00:00,0.0,0.0,0.0,0.0,11.1,69,13.4,207,1017.1,100,0,100,100,0.0,0.0,41.824,-71.4128,2024,11,10,19
2024-11-10 20:00:00,0.0,0.0,0.0,0.0,11.4,70,14.1,210,1016.3,100,0,100,100,0.0,0.0,41.824,-71.4128,2024,11,10,20
2024-11-10 21:00:00,0.0,0.0,0.0,0.0,11.9,73,15.4,225,1015.3,100,0,100,100,0.0,0.0,41.824,-71.4128,2024,11,10,21
2024-11-10 22:00:00,0.0,0.0,0.0,0.0,12.2,70,15.3,220,1014.3,100,0,100,100,0.0,0.0,41.824,-71.4128,2024,11,10,22
2024-11-10 23:00:00,0.0,0.0,0.0,0.0,12.3,73,15.2,216,1013.3,100,10,100,100,0.1,0.0,41.824,-71.4128,2024,11,10,23
2024-11-11 00:00:00,0.0,0.0,0.0,0.0,12.4,82,14.6,215,1012.5,100,100,98,100,0.4,0.0,41.824,-71.4128,2024,11,11,0
2024-11-11 01:00:00,0.0,0.0,0.0,0.0,12.5,91,14.0,206,1011.1,100,100,100,100,0.6,0.0,41.824,-71.4128,2024,11,11,1
2024-11-11 02:00:00,0.0,0.0,0.0,0.0,13.2,94,15.4,201,1009.4,100,100,100,100,0.7,0.0,41.824,-71.4128,2024,11,11,2
2024-11-11 03:00:00,0.0,0.0,0.0,0.0,13.9,95,16.7,204,1007.9,100,100,100,100,1.1,0.0,41.824,-71.4128,2024,11,11,3
2024-11-11 04:00:00,0.0,0.0,0.0,0.0,14.3,94,21.2,219,1006.5,100,100,99,100,0.6,0.0,41.824,-71.4128,2024,11,11,4
2024-11-11 05:00:00,0.0,0.0,0.0,0.0,14.2,94,21.4,229,1005.5,100,92,92,100,0.5,0.0,41.824,-71.4128,2024,11,11,5
2024-11-11 06:00:00,0.0,0.0,0.0,0.0,14.0,93,19.7,234,1004.9,100,100,74,100,0.1,0.0,41.824,-71.4128,2024,11,11,6
2024-11-11 07:00:00,0.0,0.0,0.0,0.0,14.0,93,20.4,238,1004.6,100,100,3,100,0.0,0.0,41.824,-71.4128,2024,11,11,7
2024-11-11 08:00:00,3.0,0.0,3.0,0.0,13.9,93,19.2,240,1004.4,100,100,0,100,0.0,0.0,41.824,-71.4128,2024,11,11,8
2024-11-11 09:00:00,45.0,1.0,44.0,6.6,14.6,91,18.4,244,1004.5,100,46,2,100,0.0,0.0,41.824,-71.4128,2024,11,11,9
2024-11-11 10:00:00,165.0,48.0,117.0,160.8,15.3,85,19.9,244,1004.2,99,89,2,93,0.0,3025.16,41.824,-71.4128,2024,11,11,10
2024-11-11 11:00:00,216.0,50.0,166.0,121.8,16.4,77,22.0,246,1004.1,68,66,4,1,0.0,1852.58,41.824,-71.4128,2024,11,11,11
2024-11-11 12:00:00,321.0,157.0,164.0,326.3,17.4,70,20.7,255,1003.5,37,37,0,0,0.1,3600.0,41.824,-71.4128,2024,11,11,12
2024-11-11 13:00:00,405.0,280.0,125.0,554.5,18.2,63,16.6,257,1002.5,9,9,0,0,0.0,3600.0,41.824,-71.4128,2024,11,11,13
2024-11-11 14:00:00,442.0,352.0,90.0,732.3,18.8,55,17.1,262,1001.6,5,4,0,0,0.0,3600.0,41.824,-71.4128,2024,11,11,14
2024-11-11 15:00:00,383.0,311.0,72.0,759.0,18.9,51,16.3,265,1001.0,6,6,0,0,0.0,3600.0,41.824,-71.4128,2024,11,11,15
2024-11-11 16:00:00,259.0,201.0,58.0,676.5,18.4,51,13.5,268,1000.9,2,2,0,0,0.0,3600.0,41.824,-71.4128,2024,11,11,16
2024-11-11 17:00:00,110.0,74.0,36.0,491.8,16.7,57,9.6,253,1001.1,0,0,0,0,0.0,3600.0,41.824,-71.4128,2024,11,11,17
2024-11-11 18:00:00,7.0,3.0,4.0,57.3,14.5,63,10.0,253,1001.5,0,0,0,0,0.0,322.04,41.824,-71.4128,2024,11,11,18
2024-11-11 19:00:00,0.0,0.0,0.0,0.0,13.1,67,9.2,267,1002.1,1,1,0,0,0.0,0.0,41.824,-71.4128,2024,11,11,19
2024-11-11 20:00:00,0.0,0.0,0.0,0.0,11.9,73,10.0,263,1002.6,2,2,0,0,0.0,0.0,41.824,-71.4128,2024,11,11,20
2024-11-11 21:00:00,0.0,0.0,0.0,0.0,12.3,69,9.9,258,1002.8,0,0,0,0,0.0,0.0,41.824,-71.4128,2024,11,11,21
2024-11-11 22:00:00,0.0,0.0,0.0,0.0,11.7,71,12.5,262,1003.2,13,13,0,0,0.0,0.0,41.824,-71.4128,2024,11,11,22
2024-11-11 23:00:00,0.0,0.0,0.0,0.0,11.4,71,10.4,269,1003.0,0,0,0,0,0.0,0.0,41.824,-71.4128,2024,11,11,23
2024-11-12 00:00:00,0.0,0.0,0.0,0.0,10.9,70,12.6,273,1002.8,0,0,0,0,0.0,0.0,41.824,-71.4128,2024,11,12,0
2024-11-12 01:00:00,0.0,0.0,0.0,0.0,10.5,70,11.9,271,1002.8,0,0,0,0,0.0,0.0,41.824,-71.4128,2024,11,12,1
2024-11-12 02:00:00,0.0,0.0,0.0,0.0,9.9,72,11.5,262,1002.7,0,0,0,0,0.0,0.0,41.824,-71.4128,2024,11,12,2
2024-11-12 03:00:00,0.0,0.0,0.0,0.0,9.5,75,13.0,264,1003.2,1,0,1,0,0.0,0.0,41.824,-71.4128,2024,11,12,3
2024-11-12 04:00:00,0.0,0.0,0.0,0.0,9.6,74,13.4,275,1003.5,0,0,0,0,0.0,0.0,41.824,-71.4128,2024,11,12,4
2024-11-12 05:00:00,0.0,0.0,0.0,0.0,9.6,72,14.7,284,1003.7,3,2,1,0,0.0,0.0,41.824,-71.4128,2024,11,12,5
2024-11-12 06:00:00,0.0,0.0,0.0,0.0,9.4,71,16.8,289,1004.5,1,1,0,0,0.0,0.0,41.824,-71.4128,2024,11,12,6
2024-11-12 07:00:00,0.0,0.0,0.0,0.0,8.8,71,17.3,295,1005.3,1,1,0,0,0.0,0.0,41.824,-71.4128,2024,11,12,7
2024-11-12 08:00:00,6.0,3.0,3.0,57.3,8.5,70,18.6,304,1006.5,2,1,0,0,0.0,342.04,41.824,-71.4128,2024,11,12,8
2024-11-12 09:00:00,108.0,71.0,37.0,479.1,10.9,60,18.3,308,1008.0,79,79,0,0,0.0,3600.0,41.824,-71.4128,2024,11,12,9
2024-11-12 10:00:00,205.0,108.0,97.0,366.8,10.8,49,28.9,331,1009.4,23,23,0,0,0.0,3600.0,41.824,-71.4128,2024,11,12,10
2024-11-12 11:00:00,319.0,210.0,109.0,516.5,10.5,49,27.3,333,1010.6,37,37,1,0,0.0,3600.0,41.824,-71.4128,2024,11,12,11
2024-11-12 12:00:00,412.0,259.0,153.0,543.0,11.0,43,27.0,333,1011.3,19,19,0,0,0.0,3600.0,41.824,-71.4128,2024,11,12,12
2024-11-12 13:00:00,477.0,369.0,108.0,736.6,10.8,43,28.9,331,1012.0,33,33,0,0,0.0,3600.0,41.824,-71.4128,2024,11,12,13
2024-11-12 14:00:00,444.0,330.0,114.0,692.2,9.7,43,29.4,333,1012.8,51,51,0,0,0.0,3600.0,41.824,-71.4128,2024,11,12,14
2024-11-12 15:00:00,373.0,286.0,87.0,704.3,9.1,42,28.1,337,1013.4,1,1,0,0,0.0,3600.0,41.824,-71.4128,2024,11,12,15
2024-11-12 16:00:00,263.0,202.0,61.0,687.7,8.6,42,25.9,340,1014.6,7,7,0,0,0.0,3600.0,41.824,-71.4128,2024,11,12,16
2024-11-12 17:00:00,113.0,76.0,37.0,515.8,7.4,44,23.6,339,1016.4,2,2,0,0,0.0,3600.0,41.824,-71.4128,2024,11,12,17
2024-11-12 18:00:00,6.0,3.0,3.0,57.3,6.5,46,21.7,338,1018.3,8,8,0,0,0.0,353.61,41.824,-71.4128,2024,11,12,18
2024-11-12 19:00:00,0.0,0.0,0.0,0.0,5.6,47,23.1,342,1019.9,2,2,0,0,0.0,0.0,41.824,-71.4128,2024,11,12,19
2024-11-12 20:00:00,0.0,0.0,0.0,0.0,4.8,47,23.3,343,1021.0,0,0,0,0,0.0,0.0,41.824,-71.4128,2024,11,12,20
2024-11-12 21:00:00,0.0,0.0,0.0,0.0,4.7,43,21.4,342,1022.2,3,3,0,0,0.0,0.0,41.824,-71.4128,2024,11,12,21
2024-11-12 22:00:00,0.0,0.0,0.0,0.0,4.3,42,21.2,346,1023.0,0,0,0,0,0.0,0.0,41.824,-71.4128,2024,11,12,22
2024-11-12 23:00:00,0.0,0.0,0.0,0.0,3.7,44,21.0,347,1023.9,0,0,0,0,0.0,0.0,41.824,-71.4128,2024,11,12,23
2024-11-13 00:00:00,0.0,0.0,0.0,0.0,2.9,46,22.0,350,1024.6,0,0,0,0,0.0,0.0,41.824,-71.4128,2024,11,13,0
2024-11-13 01:00:00,0.0,0.0,0.0,0.0,2.2,48,20.1,351,1025.3,0,0,0,0,0.0,0.0,41.824,-71.4128,2024,11,13,1
2024-11-13 02:00:00,0.0,0.0,0.0,0.0,1.6,49,17.9,350,1025.9,0,0,0,0,0.0,0.0,41.824,-71.4128,2024,11,13,2
2024-11-13 03:00:00,0.0,0.0,0.0,0.0,1.0,50,15.6,349,1026.8,0,0,0,0,0.0,0.0,41.824,-71.4128,2024,11,13,3
2024-11-13 04:00:00,0.0,0.0,0.0,0.0,0.4,51,15.1,348,1027.4,0,0,0,0,0.0,0.0,41.824,-71.4128,2024,11,13,4
2024-11-13 05:00:00,0.0,0.0,0.0,0.0,0.1,52,15.0,350,1028.1,0,0,0,0,0.0,0.0,41.824,-71.4128,2024,11,13,5
2024-11-13 06:00:00,0.0,0.0,0.0,0.0,-0.2,53,15.9,355,1028.6,0,0,0,0,0.0,0.0,41.824,-71.4128,2024,11,13,6
2024-11-13 07:00:00,0.0,0.0,0.0,0.0,-0.5,55,15.7,359,1028.9,0,0,0,0,0.0,0.0,41.824,-71.4128,2024,11,13,7
2024-11-13 08:00:00,6.0,2.0,4.0,38.2,-0.4,55,16.0,359,1029.8,0,0,0,0,0.0,39.61,41.824,-71.4128,2024,11,13,8
2024-11-13 09:00:00,111.0,75.0,36.0,519.6,1.3,49,14.1,354,1030.8,0,0,0,0,0.0,3600.0,41.824,-71.4128,2024,11,13,9
2024-11-13 10:00:00,268.0,210.0,58.0,723.1,2.8,44,16.4,3,1031.0,0,0,0,0,0.0,3600.0,41.824,-71.4128,2024,11,13,10
2024-11-13 11:00:00,399.0,332.0,67.0,824.9,4.1,38,18.9,12,1031.4,1,1,0,0,0.0,3600.0,41.824,-71.4128,2024,11,13,11
2024-11-13 12:00:00,484.0,411.0,73.0,869.0,5.1,32,17.4,16,1031.4,0,0,0,0,0.0,3600.0,41.824,-71.4128,2024,11,13,12
2024-11-13 13:00:00,515.0,441.0,74.0,887.4,5.8,29,16.3,16,1030.9,0,0,0,0,0.0,3600.0,41.824,-71.4128,2024,11,13,13
2024-11-13 14:00:00,485.0,412.0,73.0,871.1,6.5,25,15.4,14,1030.3,0,0,0,0,0.0,3600.0,41.824,-71.4128,2024,11,13,14
2024-11-13 15:00:00,400.0,334.0,66.0,829.8,6.8,21,15.3,12,1029.8,0,0,0,0,0.0,3600.0,41.824,-71.4128,2024,11,13,15
2024-11-13 16:00:00,270.0,214.0,56.0,736.9,6.6,21,14.9,8,1029.7,0,0,0,0,0.0,3600.0,41.824,-71.4128,2024,11,13,16
2024-11-13 17:00:00,113.0,77.0,36.0,533.6,5.9,22,13.7,13,1029.9,0,0,0,0,0.0,3600.0,41.824,-71.4128,2024,11,13,17
2024-11-13 18:00:00,6.0,3.0,3.0,57.3,4.6,25,12.1,11,1030.0,0,0,0,0,0.0,384.4,41.824,-71.4128,2024,11,13,18
2024-11-13 19:00:00,0.0,0.0,0.0,0.0,4.0,26,13.1,13,1030.4,0,0,0,0,0.0,0.0,41.824,-71.4128,2024,11,13,19
2024-11-13 20:00:00,0.0,0.0,0.0,0.0,3.4,28,13.8,18,1030.2,0,0,0,0,0.0,0.0,41.824,-71.4128,2024,11,13,20
2024-11-13 21:00:00,0.0,0.0,0.0,0.0,2.5,32,11.5,9,1030.5,0,0,0,0,0.0,0.0,41.824,-71.4128,2024,11,13,21
2024-11-13 22:00:00,0.0,0.0,0.0,0.0,2.3,32,13.1,13,1030.6,0,0,0,0,0.0,0.0,41.824,-71.4128,2024,11,13,22
2024-11-13 23:00:00,0.0,0.0,0.0,0.0,2.0,33,14.0,12,1030.4,0,0,0,0,0.0,0.0,41.824,-71.4128,2024,11,13,23
2024-11-14 00:00:00,0.0,0.0,0.0,0.0,1.6,36,13.5,2,1030.2,0,0,0,0,0.0,0.0,41.824,-71.4128,2024,11,14,0
2024-11-14 01:00:00,0.0,0.0,0.0,0.0,1.1,39,13.7,356,1029.9,0,0,0,0,0.0,0.0,41.824,-71.4128,2024,11,14,1
2024-11-14 02:00:00,0.0,0.0,0.0,0.0,0.8,41,15.4,5,1029.2,0,0,0,0,0.0,0.0,41.824,-71.4128,2024,11,14,2
2024-11-14 03:00:00,0.0,0.0,0.0,0.0,0.4,44,14.1,4,1028.8,0,0,0,0,0.0,0.0,41.824,-71.4128,2024,11,14,3
2024-11-14 04:00:00,0.0,0.0,0.0,0.0,-0.1,47,14.4,8,1028.0,0,0,0,0,0.0,0.0,41.824,-71.4128,2024,11,14,4
2024-11-14 05:00:00,0.0,0.0,0.0,0.0,-0.4,49,14.7,6,1027.1,0,0,0,0,0.0,0.0,41.824,-71.4128,2024,11,14,5
2024-11-14 06:00:00,0.0,0.0,0.0,0.0,-0.6,52,14.2,3,1026.9,0,0,0,0,0.0,0.0,41.824,-71.4128,2024,11,14,6
2024-11-14 07:00:00,0.0,0.0,0.0,0.0,-0.9,55,13.7,355,1027.1,10,2,0,9,0.0,0.0,41.824,-71.4128,2024,11,14,7
2024-11-14 08:00:00,5.0,2.0,3.0,38.2,-1.0,56,13.8,351,1027.1,14,0,0,14,0.0,78.72,41.824,-71.4128,2024,11,14,8
2024-11-14 09:00:00,107.0,70.0,37.0,498.2,-0.3,51,13.2,343,1027.7,34,0,0,34,0.0,3600.0,41.824,-71.4128,2024,11,14,9
2024-11-14 10:00:00,260.0,202.0,58.0,705.2,1.8,47,13.3,344,1027.3,15,0,0,15,0.0,3600.0,41.824,-71.4128,2024,11,14,10
2024-11-14 11:00:00,390.0,322.0,68.0,808.1,3.8,45,14.4,3,1026.5,31,0,0,31,0.0,3600.0,41.824,-71.4128,2024,11,14,11
2024-11-14 12:00:00,475.0,400.0,75.0,853.0,5.4,43,16.1,22,1025.0,61,0,0,61,0.0,3600.0,41.824,-71.4128,2024,11,14,12
2024-11-14 13:00:00,506.0,431.0,75.0,874.1,6.2,38,14.9,27,1023.2,0,0,0,0,0.0,3600.0,41.824,-71.4128,2024,11,14,13
2024-11-14 14:00:00,478.0,406.0,72.0,865.3,6.8,33,11.4,18,1022.6,17,0,0,17,0.0,3600.0,41.824,-71.4128,2024,11,14,14
2024-11-14 15:00:00,394.0,327.0,67.0,819.6,6.9,28,11.6,15,1021.6,8,0,0,8,0.0,3600.0,41.824,-71.4128,2024,11,14,15
2024-11-14 16:00:00,264.0,208.0,56.0,724.3,6.5,24,11.3,17,1021.1,7,0,0,7,0.0,3600.0,41.824,-71.4128,2024,11,14,16
2024-11-14 17:00:00,109.0,74.0,35.0,523.4,5.5,26,8.8,17,1020.8,54,0,0,54,0.0,3600.0,41.824,-71.4128,2024,11,14,17
2024-11-14 18:00:00,5.0,2.0,3.0,38.2,3.9,31,6.2,350,1020.4,26,0,0,26,0.0,70.69,41.824,-71.4128,2024,11,14,18
2024-11-14 19:00:00,0.0,0.0,0.0,0.0,3.2,31,7.8,334,1020.0,99,0,0,99,0.0,0.0,41.824,-71.4128,2024,11,14,19
2024-11-14 20:00:00,0.0,0.0,0.0,0.0,2.5,31,8.5,343,1019.5,100,0,0,100,0.0,0.0,41.824,-71.4128,2024,11,14,20
2024-11-14 21:00:00,0.0,0.0,0.0,0.0,1.9,42,8.4,344,1018.9,100,0,0,100,0.0,0.0,41.824,-71.4128,2024,11,14,21
2024-11-14 22:00:00,0.0,0.0,0.0,0.0,1.6,43,9.1,339,1018.2,100,0,0,100,0.0,0.0,41.824,-71.4128,2024,11,14,22
2024-11-14 23:00:00,0.0,0.0,0.0,0.0,1.2,44,10.3,338,1017.5,100,0,0,100,0.0,0.0,41.824,-71.4128,2024,11,14,23
2024-11-15 00:00:00,0.0,0.0,0.0,0.0,1.1,44,10.8,342,1016.6,100,0,0,100,0.0,0.0,41.824,-71.4128,2024,11,15,0
2024-11-15 01:00:00,0.0,0.0,0.0,0.0,0.9,43,10.7,340,1015.7,100,0,0,100,0.0,0.0,41.824,-71.4128,2024,11,15,1
2024-11-15 02:00:00,0.0,0.0,0.0,0.0,0.8,42,11.0,346,1015.1,100,0,0,100,0.0,0.0,41.824,-71.4128,2024,11,15,2
2024-11-15 03:00:00,0.0,0.0,0.0,0.0,0.8,41,11.2,354,1014.3,100,0,0,100,0.0,0.0,41.824,-71.4128,2024,11,15,3
2024-11-15 04:00:00,0.0,0.0,0.0,0.0,0.9,40,11.4,357,1013.5,100,0,0,100,0.0,0.0,41.824,-71.4128,2024,11,15,4
2024-11-15 05:00:00,0.0,0.0,0.0,0.0,0.7,44,8.4,320,1013.6,100,0,0,100,0.0,0.0,41.824,-71.4128,2024,11,15,5
2024-11-15 06:00:00,0.0,0.0,0.0,0.0,0.6,45,9.5,307,1013.1,100,0,0,100,0.0,0.0,41.824,-71.4128,2024,11,15,6
2024-11-15 07:00:00,0.0,0.0,0.0,0.0,0.5,45,9.0,303,1012.3,100,0,0,100,0.0,0.0,41.824,-71.4128,2024,11,15,7
2024-11-15 08:00:00,4.0,1.0,3.0,19.1,0.1,47,9.8,301,1011.7,100,0,0,100,0.0,0.0,41.824,-71.4128,2024,11,15,8
2024-11-15 09:00:00,86.0,29.0,57.0,212.2,2.1,37,15.1,315,1010.7,100,0,0,100,0.0,3600.0,41.824,-71.4128,2024,11,15,9
2024-11-15 10:00:00,197.0,66.0,131.0,233.6,4.9,29,15.7,315,1009.9,69,0,0,69,0.0,3600.0,41.824,-71.4128,2024,11,15,10
2024-11-15 11:00:00,374.0,270.0,104.0,684.5,8.1,21,12.5,320,1008.9,18,0,0,18,0.0,3600.0,41.824,-71.4128,2024,11,15,11
2024-11-15 12:00:00,485.0,410.0,75.0,881.8,10.1,20,11.2,323,1007.7,0,0,0,0,0.0,3600.0,41.824,-71.4128,2024,11,15,12
2024-11-15 13:00:00,516.0,445.0,71.0,909.7,11.2,22,10.0,324,1006.5,0,0,0,0,0.0,3600.0,41.824,-71.4128,2024,11,15,13
2024-11-15 14:00:00,484.0,414.0,70.0,889.3,12.1,23,10.1,325,1005.8,0,0,0,0,0.0,3600.0,41.824,-71.4128,2024,11,15,14
2024-11-15 15:00:00,397.0,332.0,65.0,839.4,12.2,24,11.7,322,1005.1,0,0,0,0,0.0,3600.0,41.824,-71.4128,2024,11,15,15
2024-11-15 16:00:00,265.0,210.0,55.0,739.4,11.4,28,10.7,319,1004.7,0,0,0,0,0.0,3600.0,41.824,-71.4128,2024,11,15,16
2024-11-15 17:00:00,108.0,74.0,34.0,534.2,9.1,33,11.2,314,1004.8,0,0,0,0,0.0,3600.0,41.824,-71.4128,2024,11,15,17
2024-11-15 18:00:00,5.0,2.0,3.0,38.2,6.8,38,13.0,307,1004.8,0,0,0,0,0.0,98.9,41.824,-71.4128,2024,11,15,18
2024-11-15 19:00:00,0.0,0.0,0.0,0.0,5.9,40,15.4,306,1004.8,0,0,0,0,0.0,0.0,41.824,-71.4128,2024,11,15,19
2024-11-15 20:00:00,0.0,0.0,0.0,0.0,5.5,41,16.4,312,1005.1,0,0,0,0,0.0,0.0,41.824,-71.4128,2024,11,15,20
2024-11-15 21:00:00,0.0,0.0,0.0,0.0,8.8,29,18.9,326,1003.5,0,0,0,0,0.0,0.0,41.824,-71.4128,2024,11,15,21
2024-11-15 22:00:00,0.0,0.0,0.0,0.0,8.4,31,18.6,330,1003.7,2,0,0,2,0.0,0.0,41.824,-71.4128,2024,11,15,22
2024-11-15 23:00:00,0.0,0.0,0.0,0.0,7.9,32,17.7,331,1003.6,5,0,0,5,0.0,0.0,41.824,-71.4128,2024,11,15,23
2024-11-16 00:00:00,0.0,0.0,0.0,0.0,7.3,33,15.9,332,1003.8,5,1,0,4,0.0,0.0,41.824,-71.4128,2024,11,16,0
2024-11-16 01:00:00,0.0,0.0,0.0,0.0,6.7,35,14.2,328,1004.0,2,0,0,2,0.0,0.0,41.824,-71.4128,2024,11,16,1
2024-11-16 02:00:00,0.0,0.0,0.0,0.0,6.3,36,14.2,322,1004.3,2,1,0,1,0.0,0.0,41.824,-71.4128,2024,11,16,2
2024-11-16 03:00:00,0.0,0.0,0.0,0.0,6.0,38,14.7,318,1004.7,34,1,1,33,0.0,0.0,41.824,-71.4128,2024,11,16,3
2024-11-16 04:00:00,0.0,0.0,0.0,0.0,5.9,39,15.1,320,1004.6,1,0,0,0,0.0,0.0,41.824,-71.4128,2024,11,16,4
2024-11-16 05:00:00,0.0,0.0,0.0,0.0,5.7,40,14.4,320,1004.8,0,0,0,0,0.0,0.0,41.824,-71.4128,2024,11,16,5
2024-11-16 06:00:00,0.0,0.0,0.0,0.0,5.6,40,14.3,317,1005.0,1,1,1,0,0.0,0.0,41.824,-71.4128,2024,11,16,6
2024-11-16 07:00:00,0.0,0.0,0.0,0.0,5.6,40,14.3,315,1005.1,8,7,0,0,0.0,0.0,41.824,-71.4128,2024,11,16,7
2024-11-16 08:00:00,4.0,1.0,3.0,19.1,5.7,39,14.6,315,1005.5,0,0,0,0,0.0,0.0,41.824,-71.4128,2024,11,16,8
2024-11-16 09:00:00,97.0,65.0,32.0,489.1,7.8,33,14.5,319,1005.8,0,0,0,0,0.0,3600.0,41.824,-71.4128,2024,11,16,9
2024-11-16 10:00:00,245.0,190.0,55.0,682.1,9.7,30,13.7,321,1006.1,0,0,0,0,0.0,3600.0,41.824,-71.4128,2024,11,16,10
2024-11-16 11:00:00,372.0,307.0,65.0,786.2,11.8,27,14.8,329,1006.4,2,2,0,0,0.0,3600.0,41.824,-71.4128,2024,11,16,11
2024-11-16 12:00:00,449.0,375.0,74.0,813.4,13.5,25,15.6,329,1006.4,2,1,2,0,0.0,3600.0,41.824,-71.4128,2024,11,16,12
2024-11-16 13:00:00,479.0,404.0,75.0,832.3,14.8,24,16.8,330,1006.0,0,0,0,0,0.0,3600.0,41.824,-71.4128,2024,11,16,13
2024-11-16 14:00:00,455.0,385.0,70.0,833.5,15.6,23,16.3,335,1005.9,0,0,0,0,0.0,3600.0,41.824,-71.4128,2024,11,16,14
2024-11-16 15:00:00,376.0,311.0,65.0,793.0,15.8,23,16.7,336,1006.1,3,3,1,0,0.0,3600.0,41.824,-71.4128,2024,11,16,15
2024-11-16 16:00:00,245.0,188.0,57.0,669.2,15.4,23,16.8,332,1006.6,0,0,0,0,0.0,3600.0,41.824,-71.4128,2024,11,16,16
2024-11-16 17:00:00,100.0,67.0,33.0,493.5,14.2,24,15.2,325,1007.5,0,0,0,0,0.0,3600.0,41.824,-71.4128,2024,11,16,17
2024-11-16 18:00:00,4.0,2.0,2.0,38.2,12.7,23,17.2,318,1008.3,1,1,0,0,0.0,126.22,41.824,-71.4128,2024,11,16,18
2024-11-16 19:00:00,0.0,0.0,0.0,0.0,11.7,25,18.3,325,1009.2,7,7,1,0,0.0,0.0,41.824,-71.4128,2024,11,16,19
2024-11-16 20:00:00,0.0,0.0,0.0,0.0,10.8,29,18.0,331,1009.8,1,1,0,0,0.0,0.0,41.824,-71.4128,2024,11,16,20
2024-11-16 21:00:00,0.0,0.0,0.0,0.0,11.3,35,16.9,335,1010.0,10,10,0,0,0.0,0.0,41.824,-71.4128,2024,11,16,21
2024-11-16 22:00:00,0.0,0.0,0.0,0.0,10.7,35,17.6,334,1010.6,1,1,0,0,0.0,0.0,41.824,-71.4128,2024,11,16,22
2024-11-16 23:00:00,0.0,0.0,0.0,0.0,10.1,33,16.5,336,1010.9,0,0,0,0,0.0,0.0,41.824,-71.4128,2024,11,16,23
2024-11-17 00:00:00,0.0,0.0,0.0,0.0,9.6,31,15.5,332,1011.3,0,0,0,0,0.0,0.0,41.824,-71.4128,2024,11,17,0
2024-11-17 01:00:00,0.0,0.0,0.0,0.0,9.1,32,15.4,326,1011.4,0,0,0,0,0.0,0.0,41.824,-71.4128,2024,11,17,1
2024-11-17 02:00:00,0.0,0.0,0.0,0.0,8.6,32,15.5,324,1011.5,0,0,0,0,0.0,0.0,41.824,-71.4128,2024,11,17,2
2024-11-17 03:00:00,0.0,0.0,0.0,0.0,8.1,33,15.5,325,1012.2,0,0,0,0,0.0,0.0,41.824,-71.4128,2024,11,17,3
2024-11-17 04:00:00,0.0,0.0,0.0,0.0,7.6,33,15.3,326,1012.6,0,0,0,0,0.0,0.0,41.824,-71.4128,2024,11,17,4
2024-11-17 05:00:00,0.0,0.0,0.0,0.0,7.2,33,15.6,331,1013.0,0,0,0,0,0.0,0.0,41.824,-71.4128,2024,11,17,5
2024-11-17 06:00:00,0.0,0.0,0.0,0.0,6.8,34,15.1,332,1013.4,0,0,0,0,0.0,0.0,41.824,-71.4128,2024,11,17,6
2024-11-17 07:00:00,0.0,0.0,0.0,0.0,6.3,34,14.5,329,1013.9,0,0,0,0,0.0,0.0,41.824,-71.4128,2024,11,17,7
2024-11-17 08:00:00,3.0,1.0,2.0,19.1,6.0,35,14.2,324,1014.4,0,0,0,0,0.0,0.0,41.824,-71.4128,2024,11,17,8
2024-11-17 09:00:00,97.0,65.0,32.0,503.3,8.3,30,15.9,328,1014.4,0,0,0,0,0.0,3600.0,41.824,-71.4128,2024,11,17,9
2024-11-17 10:00:00,249.0,195.0,54.0,709.9,10.4,26,14.2,333,1014.3,0,0,0,0,0.0,3600.0,41.824,-71.4128,2024,11,17,10
2024-11-17 11:00:00,378.0,315.0,63.0,814.8,12.4,22,15.1,335,1014.3,0,0,0,0,0.0,3600.0,41.824,-71.4128,2024,11,17,11
2024-11-17 12:00:00,463.0,394.0,69.0,861.8,14.3,20,15.2,333,1013.8,0,0,0,0,0.0,3600.0,41.824,-71.4128,2024,11,17,12
2024-11-17 13:00:00,492.0,421.0,71.0,874.0,15.9,19,15.0,333,1012.7,0,0,0,0,0.0,3600.0,41.824,-71.4128,2024,11,17,13
2024-11-17 14:00:00,464.0,395.0,69.0,861.7,16.9,18,14.5,332,1012.2,32,0,0,32,0.0,3600.0,41.824,-71.4128,2024,11,17,14
2024-11-17 15:00:00,380.0,316.0,64.0,812.5,17.2,18,14.0,334,1011.7,23,0,0,23,0.0,3600.0,41.824,-71.4128,2024,11,17,15
2024-11-17 16:00:00,252.0,197.0,55.0,708.7,16.7,19,13.3,328,1011.8,63,0,1,63,0.0,3600.0,41.824,-71.4128,2024,11,17,16
2024-11-17 17:00:00,99.0,66.0,33.0,495.8,15.1,21,9.6,317,1011.9,86,0,0,86,0.0,3600.0,41.824,-71.4128,2024,11,17,17
2024-11-17 18:00:00,4.0,1.0,3.0,19.1,13.1,24,8.5,305,1012.1,100,0,0,100,0.0,0.0,41.824,-71.4128,2024,11,17,18
2024-11-17 19:00:00,0.0,0.0,0.0,0.0,12.2,25,8.7,310,1012.2,100,0,0,100,0.0,0.0,41.824,-71.4128,2024,11,17,19
2024-11-17 20:00:00,0.0,0.0,0.0,0.0,11.6,26,9.3,317,1012.1,100,0,0,100,0.0,0.0,41.824,-71.4128,2024,11,17,20
2024-11-17 21:00:00,0.0,0.0,0.0,0.0,10.9,29,9.9,305,1011.5,100,0,0,100,0.0,0.0,41.824,-71.4128,2024,11,17,21
2024-11-17 22:00:00,0.0,0.0,0.0,0.0,10.2,31,10.4,300,1011.2,100,0,18,100,0.0,0.0,41.824,-71.4128,2024,11,17,22
2024-11-17 23:00:00,0.0,0.0,0.0,0.0,9.5,32,9.9,295,1010.8,99,0,10,99,0.0,0.0,41.824,-71.4128,2024,11,17,23
2024-11-18 00:00:00,0.0,0.0,0.0,0.0,8.6,34,10.1,297,1010.8,100,0,6,100,0.0,0.0,41.824,-71.4128,2024,11,18,0
2024-11-18 01:00:00,0.0,0.0,0.0,0.0,8.4,34,9.2,298,1010.5,100,0,96,100,0.0,0.0,41.824,-71.4128,2024,11,18,1
2024-11-18 02:00:00,0.0,0.0,0.0,0.0,8.6,34,7.6,301,1010.2,99,0,33,99,0.0,0.0,41.824,-71.4128,2024,11,18,2
2024-11-18 03:00:00,0.0,0.0,0.0,0.0,6.8,39,4.6,288,1009.4,100,0,1,100,0.0,0.0,41.824,-71.4128,2024,11,18,3
2024-11-18 04:00:00,0.0,0.0,0.0,0.0,6.6,41,3.2,251,1008.6,100,0,7,100,0.0,0.0,41.824,-71.4128,2024,11,18,4
2024-11-18 05:00:00,0.0,0.0,0.0,0.0,6.3,43,4.4,302,1008.6,100,0,1,100,0.0,0.0,41.824,-71.4128,2024,11,18,5
2024-11-18 06:00:00,0.0,0.0,0.0,0.0,5.4,46,3.9,332,1007.9,98,0,5,98,0.0,0.0,41.824,-71.4128,2024,11,18,6
2024-11-18 07:00:00,0.0,0.0,0.0,0.0,6.2,44,7.9,303,1008.6,100,0,15,100,0.0,0.0,41.824,-71.4128,2024,11,18,7
2024-11-18 08:00:00,2.0,0.0,2.0,0.0,6.9,45,9.1,308,1008.4,100,0,100,100,0.0,0.0,41.824,-71.4128,2024,11,18,8
2024-11-18 09:00:00,81.0,40.0,41.0,318.9,9.4,43,15.0,322,1008.4,61,0,60,2,0.0,3600.0,41.824,-71.4128,2024,11,18,9
2024-11-18 10:00:00,163.0,79.0,84.0,291.7,10.9,45,8.5,328,1007.8,100,0,100,0,0.0,3600.0,41.824,-71.4128,2024,11,18,10
2024-11-18 11:00:00,213.0,96.0,117.0,250.8,12.0,50,11.1,312,1007.7,0,0,0,0,0.0,3600.0,41.824,-71.4128,2024,11,18,11
2024-11-18 12:00:00,440.0,368.0,72.0,811.7,14.3,47,11.6,313,1007.1,0,0,0,0,0.0,3600.0,41.824,-71.4128,2024,11,18,12
2024-11-18 13:00:00,472.0,399.0,73.0,834.7,15.8,45,12.7,310,1006.2,0,0,0,0,0.0,3600.0,41.824,-71.4128,2024,11,18,13
2024-11-18 14:00:00,448.0,376.0,72.0,826.5,16.0,46,16.6,309,1005.8,6,6,0,0,0.0,3600.0,41.824,-71.4128,2024,11,18,14
2024-11-18 15:00:00,362.0,291.0,71.0,754.4,15.8,46,15.9,308,1005.9,1,1,0,0,0.0,3600.0,41.824,-71.4128,2024,11,18,15
2024-11-18 16:00:00,242.0,186.0,56.0,676.1,15.4,44,15.6,307,1005.7,0,0,0,0,0.0,3600.0,41.824,-71.4128,2024,11,18,16
2024-11-18 17:00:00,96.0,63.0,33.0,482.5,14.2,48,15.0,310,1006.6,8,8,0,0,0.0,3600.0,41.824,-71.4128,2024,11,18,17
2024-11-18 18:00:00,4.0,1.0,3.0,19.1,12.9,52,13.0,304,1007.3,0,0,0,0,0.0,0.0,41.824,-71.4128,2024,11,18,18
2024-11-18 19:00:00,0.0,0.0,0.0,0.0,11.9,54,14.0,296,1007.8,0,0,0,0,0.0,0.0,41.824,-71.4128,2024,11,18,19
2024-11-18 20:00:00,0.0,0.0,0.0,0.0,11.1,56,13.9,295,1008.4,1,0,1,0,0.0,0.0,41.824,-71.4128,2024,11,18,20
2024-11-18 21:00:00,0.0,0.0,0.0,0.0,10.6,53,13.8,288,1008.5,30,14,30,0,0.0,0.0,41.824,-71.4128,2024,11,18,21
2024-11-18 22:00:00,0.0,0.0,0.0,0.0,10.4,53,14.7,298,1008.9,75,13,74,0,0.0,0.0,41.824,-71.4128,2024,11,18,22
2024-11-18 23:00:00,0.0,0.0,0.0,0.0,10.4,51,14.8,308,1009.3,70,28,59,0,0.0,0.0,41.824,-71.4128,2024,11,18,23
2024-11-19 00:00:00,0.0,0.0,0.0,0.0,9.6,53,14.0,318,1009.6,5,5,0,0,0.0,0.0,41.824,-71.4128,2024,11,19,0
2024-11-19 01:00:00,0.0,0.0,0.0,0.0,8.4,58,13.4,320,1009.7,4,4,0,0,0.0,0.0,41.824,-71.4128,2024,11,19,1
2024-11-19 02:00:00,0.0,0.0,0.0,0.0,7.9,61,14.1,316,1009.8,6,6,1,0,0.0,0.0,41.824,-71.4128,2024,11,19,2
2024-11-19 03:00:00,0.0,0.0,0.0,0.0,7.8,62,15.6,310,1010.0,6,5,1,0,0.0,0.0,41.824,-71.4128,2024,11,19,3
2024-11-19 04:00:00,0.0,0.0,0.0,0.0,7.1,65,16.4,313,1010.3,0,0,0,0,0.0,0.0,41.824,-71.4128,2024,11,19,4
2024-11-19 05:00:00,0.0,0.0,0.0,0.0,6.6,68,16.4,315,1010.5,1,1,0,0,0.0,0.0,41.824,-71.4128,2024,11,19,5
2024-11-19 06:00:00,0.0,0.0,0.0,0.0,6.1,71,15.1,320,1010.7,0,0,0,0,0.0,0.0,41.824,-71.4128,2024,11,19,6
2024-11-19 07:00:00,0.0,0.0,0.0,0.0,5.6,73,14.4,324,1010.8,1,1,0,0,0.0,0.0,41.824,-71.4128,2024,11,19,7
2024-11-19 08:00:00,2.0,1.0,1.0,19.1,5.2,75,14.4,320,1011.5,2,2,0,0,0.0,0.0,41.824,-71.4128,2024,11,19,8
2024-11-19 09:00:00,89.0,58.0,31.0,476.4,7.5,60,18.8,320,1011.6,1,1,0,0,0.0,3600.0,41.824,-71.4128,2024,11,19,9
2024-11-19 10:00:00,238.0,183.0,55.0,685.1,8.8,55,18.3,324,1011.1,0,0,0,0,0.0,3600.0,41.824,-71.4128,2024,11,19,10
2024-11-19 11:00:00,367.0,300.0,67.0,791.7,10.2,51,17.0,328,1010.7,1,1,0,0,0.0,3600.0,41.824,-71.4128,2024,11,19,11
2024-11-19 12:00:00,450.0,377.0,73.0,838.4,11.7,46,15.3,326,1010.3,3,3,0,0,0.0,3600.0,41.824,-71.4128,2024,11,19,12
2024-11-19 13:00:00,482.0,408.0,74.0,860.0,12.9,42,13.5,337,1009.0,0,0,0,0,0.0,3600.0,41.824,-71.4128,2024,11,19,13
2024-11-19 14:00:00,455.0,385.0,70.0,852.6,13.7,40,11.9,331,1008.6,0,0,0,0,0.0,3600.0,41.824,-71.4128,2024,11,19,14
2024-11-19 15:00:00,371.0,306.0,65.0,799.7,14.0,39,11.8,327,1008.7,0,0,0,0,0.0,3600.0,41.824,-71.4128,2024,11,19,15
2024-11-19 16:00:00,244.0,189.0,55.0,694.0,13.8,39,11.3,314,1008.9,0,0,0,0,0.0,3600.0,41.824,-71.4128,2024,11,19,16
2024-11-19 17:00:00,95.0,63.0,32.0,491.7,12.4,45,8.4,304,1008.8,0,0,0,0,0.0,3600.0,41.824,-71.4128,2024,11,19,17
2024-11-19 18:00:00,3.0,1.0,2.0,19.1,10.6,51,10.7,300,1009.1,0,0,0,0,0.0,0.0,41.824,-71.4128,2024,11,19,18
2024-11-19 19:00:00,0.0,0.0,0.0,0.0,9.6,54,12.3,309,1009.1,2,0,2,0,0.0,0.0,41.824,-71.4128,2024,11,19,19
2024-11-19 20:00:00,0.0,0.0,0.0,0.0,9.0,56,12.5,317,1009.2,1,0,1,0,0.0,0.0,41.824,-71.4128,2024,11,19,20
2024-11-19 21:00:00,0.0,0.0,0.0,0.0,8.4,55,11.9,321,1008.4,30,0,28,21,0.0,0.0,41.824,-71.4128,2024,11,19,21
2024-11-19 22:00:00,0.0,0.0,0.0,0.0,7.5,59,12.1,322,1008.9,43,0,43,1,0.0,0.0,41.824,-71.4128,2024,11,19,22
2024-11-19 23:00:00,0.0,0.0,0.0,0.0,6.6,63,11.8,334,1008.5,87,0,85,75,0.0,0.0,41.824,-71.4128,2024,11,19,23
2024-11-20 00:00:00,0.0,0.0,0.0,0.0,6.1,65,11.0,341,1008.1,97,0,96,54,0.0,0.0,41.824,-71.4128,2024,11,20,0
2024-11-20 01:00:00,0.0,0.0,0.0,0.0,6.6,64,10.2,321,1008.7,10,0,10,0,0.0,0.0,41.824,-71.4128,2024,11,20,1
2024-11-20 02:00:00,0.0,0.0,0.0,0.0,5.0,71,9.2,313,1008.7,16,0,16,0,0.0,0.0,41.824,-71.4128,2024,11,20,2
2024-11-20 03:00:00,0.0,0.0,0.0,0.0,4.5,74,9.8,317,1008.6,2,0,2,0,0.0,0.0,41.824,-71.4128,2024,11,20,3
2024-11-20 04:00:00,0.0,0.0,0.0,0.0,4.0,78,9.8,325,1008.3,0,0,0,0,0.0,0.0,41.824,-71.4128,2024,11,20,4
2024-11-20 05:00:00,0.0,0.0,0.0,0.0,3.6,81,9.7,325,1008.5,11,0,11,0,0.0,0.0,41.824,-71.4128,2024,11,20,5
2024-11-20 06:00:00,0.0,0.0,0.0,0.0,3.4,83,8.8,325,1008.5,13,0,13,0,0.0,0.0,41.824,-71.4128,2024,11,20,6
2024-11-20 07:00:00,0.0,0.0,0.0,0.0,3.3,84,8.6,324,1008.4,99,0,99,0,0.0,0.0,41.824,-71.4128,2024,11,20,7
2024-11-20 08:00:00,1.0,0.0,1.0,0.0,4.4,79,7.8,331,1008.5,57,0,57,0,0.0,0.0,41.824,-71.4128,2024,11,20,8
2024-11-20 09:00:00,54.0,13.0,41.0,110.1,4.9,71,8.2,345,1009.1,25,0,25,0,0.0,1501.79,41.824,-71.4128,2024,11,20,9
2024-11-20 10:00:00,214.0,149.0,65.0,565.7,6.8,63,6.4,350,1009.2,0,0,0,0,0.0,3600.0,41.824,-71.4128,2024,11,20,10
2024-11-20 11:00:00,358.0,296.0,62.0,788.9,9.1,54,5.3,12,1009.0,0,0,0,0,0.0,3600.0,41.824,-71.4128,2024,11,20,11
2024-11-20 12:00:00,437.0,367.0,70.0,822.8,10.9,48,5.5,41,1008.4,0,0,0,0,0.0,3600.0,41.824,-71.4128,2024,11,20,12
2024-11-20 13:00:00,467.0,394.0,73.0,836.6,12.2,48,6.1,45,1007.6,0,0,0,0,0.0,3600.0,41.824,-71.4128,2024,11,20,13
2024-11-20 14:00:00,439.0,368.0,71.0,820.8,13.0,49,6.4,52,1007.1,0,0,0,0,0.0,3600.0,41.824,-71.4128,2024,11,20,14
2024-11-20 15:00:00,358.0,293.0,65.0,771.7,13.2,49,6.2,57,1007.0,0,0,0,0,0.0,3600.0,41.824,-71.4128,2024,11,20,15
2024-11-20 16:00:00,234.0,179.0,55.0,663.8,12.7,51,6.8,61,1007.1,0,0,0,0,0.0,3600.0,41.824,-71.4128,2024,11,20,16
2024-11-20 17:00:00,89.0,57.0,32.0,453.1,11.3,58,7.8,56,1007.3,0,0,0,0,0.0,3600.0,41.824,-71.4128,2024,11,20,17
2024-11-20 18:00:00,3.0,1.0,2.0,19.1,9.2,69,10.7,49,1007.5,0,0,0,0,0.0,0.0,41.824,-71.4128,2024,11,20,18
2024-11-20 19:00:00,0.0,0.0,0.0,0.0,8.0,76,9.8,44,1007.8,0,0,0,0,0.0,0.0,41.824,-71.4128,2024,11,20,19
2024-11-20 20:00:00,0.0,0.0,0.0,0.0,6.9,84,9.9,57,1007.9,2,2,0,0,0.0,0.0,41.824,-71.4128,2024,11,20,20
2024-11-20 21:00:00,0.0,0.0,0.0,0.0,6.0,91,8.6,74,1008.4,4,4,0,0,0.0,0.0,41.824,-71.4128,2024,11,20,21
2024-11-20 22:00:00,0.0,0.0,0.0,0.0,5.5,94,5.0,77,1008.3,32,32,0,0,0.0,0.0,41.824,-71.4128,2024,11,20,22
2024-11-20 23:00:00,0.0,0.0,0.0,0.0,5.3,95,4.6,69,1007.8,47,43,6,0,0.0,0.0,41.824,-71.4128,2024,11,20,23
2024-11-21 00:00:00,0.0,0.0,0.0,0.0,5.2,95,3.9,56,1007.5,100,100,11,0,0.0,0.0,41.824,-71.4128,2024,11,21,0
2024-11-21 01:00:00,0.0,0.0,0.0,0.0,6.1,91,6.8,40,1006.6,100,100,66,0,0.0,0.0,41.824,-71.4128,2024,11,21,1
2024-11-21 02:00:00,0.0,0.0,0.0,0.0,6.7,88,8.7,50,1005.7,100,100,85,3,0.0,0.0,41.824,-71.4128,2024,11,21,2
2024-11-21 03:00:00,0.0,0.0,0.0,0.0,7.0,86,7.6,59,1005.2,100,100,58,88,0.0,0.0,41.824,-71.4128,2024,11,21,3
2024-11-21 04:00:00,0.0,0.0,0.0,0.0,7.4,86,10.0,57,1004.2,100,100,0,100,0.0,0.0,41.824,-71.4128,2024,11,21,4
2024-11-21 05:00:00,0.0,0.0,0.0,0.0,7.7,89,9.3,61,1003.9,100,100,3,100,0.0,0.0,41.824,-71.4128,2024,11,21,5
2024-11-21 06:00:00,0.0,0.0,0.0,0.0,7.9,91,6.2,78,1004.0,100,100,8,99,0.0,0.0,41.824,-71.4128,2024,11,21,6
2024-11-21 07:00:00,0.0,0.0,0.0,0.0,8.0,91,10.9,66,1002.6,100,100,8,100,0.4,0.0,41.824,-71.4128,2024,11,21,7
2024-11-21 08:00:00,0.0,0.0,0.0,0.0,7.9,95,16.5,66,1001.6,100,100,95,98,2.1,0.0,41.824,-71.4128,2024,11,21,8
2024-11-21 09:00:00,19.0,0.0,19.0,0.0,8.2,87,11.8,51,1002.3,100,100,89,100,0.0,0.0,41.824,-71.4128,2024,11,21,9
2024-11-21 10:00:00,32.0,1.0,31.0,3.9,7.9,90,13.6,51,1002.4,100,100,92,85,1.4,0.0,41.824,-71.4128,2024,11,21,10
2024-11-21 11:00:00,48.0,0.0,48.0,0.0,7.6,96,14.6,51,1002.0,100,100,100,97,1.9,0.0,41.824,-71.4128,2024,11,21,11
2024-11-21 12:00:00,54.0,0.0,54.0,0.0,7.3,97,17.8,52,1000.7,100,100,61,98,1.1,0.0,41.824,-71.4128,2024,11,21,12
2024-11-21 13:00:00,111.0,1.0,110.0,2.1,8.3,92,18.6,52,999.4,100,100,91,92,2.1,0.0,41.824,-71.4128,2024,11,21,13
2024-11-21 14:00:00,46.0,0.0,46.0,0.0,8.0,97,17.3,57,998.7,100,100,100,98,1.4,0.0,41.824,-71.4128,2024,11,21,14
2024-11-21 15:00:00,33.0,0.0,33.0,0.0,8.0,98,18.6,56,997.7,100,93,100,100,1.1,0.0,41.824,-71.4128,2024,11,21,15
2024-11-21 16:00:00,16.0,0.0,16.0,0.0,7.9,98,22.1,56,996.8,100,95,100,79,2.7,0.0,41.824,-71.4128,2024,11,21,16
2024-11-21 17:00:00,9.0,0.0,9.0,0.0,7.9,97,22.7,60,996.5,100,41,100,100,3.1,0.0,41.824,-71.4128,2024,11,21,17
2024-11-21 18:00:00,1.0,0.0,1.0,0.0,7.8,97,20.5,65,996.8,100,100,100,100,2.0,0.0,41.824,-71.4128,2024,11,21,18
2024-11-21 19:00:00,0.0,0.0,0.0,0.0,7.9,98,16.5,60,997.3,100,100,100,100,2.3,0.0,41.824,-71.4128,2024,11,21,19
2024-11-21 20:00:00,0.0,0.0,0.0,0.0,7.9,98,16.1,62,996.9,100,100,100,0,1.0,0.0,41.824,-71.4128,2024,11,21,20
2024-11-21 21:00:00,0.0,0.0,0.0,0.0,8.0,98,18.2,54,996.1,100,100,100,0,0.8,0.0,41.824,-71.4128,2024,11,21,21
2024-11-21 22:00:00,0.0,0.0,0.0,0.0,8.0,96,21.0,59,994.9,100,100,100,0,0.2,0.0,41.824,-71.4128,2024,11,21,22
2024-11-21 23:00:00,0.0,0.0,0.0,0.0,7.9,96,19.8,67,994.3,100,100,100,0,0.2,0.0,41.824,-71.4128,2024,11,21,23
2024-11-22 00:00:00,0.0,0.0,0.0,0.0,7.8,97,21.4,69,993.0,100,100,100,0,0.8,0.0,41.824,-71.4128,2024,11,22,0
2024-11-22 01:00:00,0.0,0.0,0.0,0.0,7.9,97,22.0,80,992.1,100,100,100,0,0.5,0.0,41.824,-71.4128,2024,11,22,1
2024-11-22 02:00:00,0.0,0.0,0.0,0.0,7.9,97,22.3,77,991.0,100,100,100,0,2.3,0.0,41.824,-71.4128,2024,11,22,2
2024-11-22 03:00:00,0.0,0.0,0.0,0.0,8.0,97,24.4,94,990.1,100,100,100,47,4.7,0.0,41.824,-71.4128,2024,11,22,3
2024-11-22 04:00:00,0.0,0.0,0.0,0.0,7.3,94,20.3,182,990.2,100,42,100,27,2.1,0.0,41.824,-71.4128,2024,11,22,4
2024-11-22 05:00:00,0.0,0.0,0.0,0.0,5.8,92,19.8,188,991.3,24,23,1,0,0.0,0.0,41.824,-71.4128,2024,11,22,5
2024-11-22 06:00:00,0.0,0.0,0.0,0.0,5.2,89,13.8,186,991.7,48,48,0,0,0.0,0.0,41.824,-71.4128,2024,11,22,6
2024-11-22 07:00:00,0.0,0.0,0.0,0.0,5.9,84,14.8,174,992.2,16,15,5,0,0.0,0.0,41.824,-71.4128,2024,11,22,7
2024-11-22 08:00:00,1.0,0.0,1.0,0.0,6.0,83,15.8,166,992.9,39,25,19,0,0.0,0.0,41.824,-71.4128,2024,11,22,8
2024-11-22 09:00:00,64.0,34.0,30.0,300.4,6.3,76,15.8,168,994.7,57,50,23,0,0.0,3600.0,41.824,-71.4128,2024,11,22,9
2024-11-22 10:00:00,189.0,120.0,69.0,468.5,7.2,72,17.2,169,995.5,91,85,65,0,0.1,3600.0,41.824,-71.4128,2024,11,22,10
2024-11-22 11:00:00,264.0,148.0,116.0,402.2,8.2,66,14.1,164,996.0,70,52,47,0,0.0,3600.0,41.824,-71.4128,2024,11,22,11
2024-11-22 12:00:00,334.0,205.0,129.0,467.0,8.0,64,11.0,159,996.0,62,29,54,0,0.2,3600.0,41.824,-71.4128,2024,11,22,12
2024-11-22 13:00:00,326.0,192.0,134.0,413.6,9.0,62,15.3,179,995.3,33,22,24,0,0.1,3600.0,41.824,-71.4128,2024,11,22,13
2024-11-22 14:00:00,380.0,291.0,89.0,658.2,10.1,54,16.2,168,995.1,30,18,18,0,0.0,3600.0,41.824,-71.4128,2024,11,22,14
2024-11-22 15:00:00,330.0,250.0,80.0,668.4,9.6,56,16.3,157,995.2,27,6,24,0,0.0,3600.0,41.824,-71.4128,2024,11,22,15
2024-11-22 16:00:00,217.0,157.0,60.0,593.2,8.9,59,15.6,151,995.5,32,21,27,0,0.0,3600.0,41.824,-71.4128,2024,11,22,16
2024-11-22 17:00:00,73.0,40.0,33.0,329.3,7.8,67,9.9,142,996.0,100,25,100,0,0.0,3600.0,41.824,-71.4128,2024,11,22,17
2024-11-22 18:00:00,1.0,0.0,1.0,0.0,7.4,71,7.7,144,996.1,100,21,100,0,0.0,0.0,41.824,-71.4128,2024,11,22,18
2024-11-22 19:00:00,0.0,0.0,0.0,0.0,7.0,76,7.3,100,996.2,99,15,97,79,0.0,0.0,41.824,-71.4128,2024,11,22,19
2024-11-22 20:00:00,0.0,0.0,0.0,0.0,6.0,81,12.4,109,996.4,100,100,100,100,0.1,0.0,41.824,-71.4128,2024,11,22,20
2024-11-22 21:00:00,0.0,0.0,0.0,0.0,4.8,99,2.9,79,996.3,99,13,97,92,0.4,0.0,41.824,-71.4128,2024,11,22,21
2024-11-22 22:00:00,0.0,0.0,0.0,0.0,4.6,98,4.8,34,995.9,98,43,67,95,0.1,0.0,41.824,-71.4128,2024,11,22,22
2024-11-22 23:00:00,0.0,0.0,0.0,0.0,4.3,97,7.4,3,995.3,100,19,98,92,0.0,0.0,41.824,-71.4128,2024,11,22,23
2024-11-23 00:00:00,0.0,0.0,0.0,0.0,4.1,97,12.0,353,994.9,100,18,100,2,0.1,0.0,41.824,-71.4128,2024,11,23,0
2024-11-23 01:00:00,0.0,0.0,0.0,0.0,4.1,97,9.3,341,994.4,100,0,99,99,0.9,0.0,41.824,-71.4128,2024,11,23,1
2024-11-23 02:00:00,0.0,0.0,0.0,0.0,4.3,98,9.2,340,993.9,100,100,100,91,1.6,0.0,41.824,-71.4128,2024,11,23,2
2024-11-23 03:00:00,0.0,0.0,0.0,0.0,4.0,99,12.5,345,993.5,100,100,100,94,3.8,0.0,41.824,-71.4128,2024,11,23,3
2024-11-23 04:00:00,0.0,0.0,0.0,0.0,3.7,98,11.0,335,993.0,100,100,100,100,2.9,0.0,41.824,-71.4128,2024,11,23,4
2024-11-23 05:00:00,0.0,0.0,0.0,0.0,3.3,99,12.9,327,992.3,100,78,100,99,4.1,0.0,41.824,-71.4128,2024,11,23,5
2024-11-23 06:00:00,0.0,0.0,0.0,0.0,3.6,97,14.1,308,991.9,100,100,100,100,4.5,0.0,41.824,-71.4128,2024,11,23,6
2024-11-23 07:00:00,0.0,0.0,0.0,0.0,4.0,97,16.0,305,991.7,100,100,100,100,1.3,0.0,41.824,-71.4128,2024,11,23,7
2024-11-23 08:00:00,0.0,0.0,0.0,0.0,4.9,96,18.0,328,991.8,100,100,100,100,1.1,0.0,41.824,-71.4128,2024,11,23,8
2024-11-23 09:00:00,10.0,0.0,10.0,0.0,4.6,96,22.0,317,992.2,100,100,100,100,1.0,0.0,41.824,-71.4128,2024,11,23,9
2024-11-23 10:00:00,55.0,0.0,55.0,0.0,5.0,93,21.2,318,991.8,100,97,100,100,0.7,0.0,41.824,-71.4128,2024,11,23,10
2024-11-23 11:00:00,59.0,0.0,59.0,0.0,5.4,92,21.5,317,991.8,100,95,100,100,0.4,0.0,41.824,-71.4128,2024,11,23,11
2024-11-23 12:00:00,62.0,0.0,62.0,0.0,5.7,90,23.2,315,991.5,100,100,100,100,0.5,0.0,41.824,-71.4128,2024,11,23,12
2024-11-23 13:00:00,39.0,0.0,39.0,0.0,5.8,88,22.0,310,991.0,100,100,100,100,0.3,0.0,41.824,-71.4128,2024,11,23,13
2024-11-23 14:00:00,79.0,0.0,79.0,0.0,6.7,80,21.0,306,991.2,100,100,100,100,0.0,0.0,41.824,-71.4128,2024,11,23,14
2024-11-23 15:00:00,88.0,0.0,88.0,0.0,7.5,70,22.7,313,991.5,87,64,50,29,0.0,0.0,41.824,-71.4128,2024,11,23,15
2024-11-23 16:00:00,167.0,73.0,94.0,278.3,8.1,64,29.8,316,992.4,92,85,24,26,0.0,3600.0,41.824,-71.4128,2024,11,23,16
2024-11-23 17:00:00,40.0,13.0,27.0,108.8,7.3,66,30.7,315,994.1,100,100,94,86,0.0,1464.23,41.824,-71.4128,2024,11,23,17
2024-11-23 18:00:00,1.0,0.0,1.0,0.0,7.1,68,26.1,315,995.2,99,41,85,91,0.0,0.0,41.824,-71.4128,2024,11,23,18
2024-11-23 19:00:00,0.0,0.0,0.0,0.0,6.8,70,22.5,310,996.4,95,38,57,82,0.0,0.0,41.824,-71.4128,2024,11,23,19
2024-11-23 20:00:00,0.0,0.0,0.0,0.0,6.8,69,22.5,305,997.3,70,56,31,0,0.0,0.0,41.824,-71.4128,2024,11,23,20
2024-11-23 21:00:00,0.0,0.0,0.0,0.0,6.7,67,23.5,299,997.3,54,53,4,0,0.0,0.0,41.824,-71.4128,2024,11,23,21
2024-11-23 22:00:00,0.0,0.0,0.0,0.0,6.4,66,21.6,297,997.9,14,12,2,0,0.0,0.0,41.824,-71.4128,2024,11,23,22
2024-11-23 23:00:00,0.0,0.0,0.0,0.0,5.8,67,21.3,296,998.8,11,11,0,0,0.0,0.0,41.824,-71.4128,2024,11,23,23
2024-11-24 00:00:00,0.0,0.0,0.0,0.0,5.7,69,21.2,300,999.0,67,67,0,0,0.0,0.0,41.824,-71.4128,2024,11,24,0
2024-11-24 01:00:00,0.0,0.0,0.0,0.0,6.5,67,18.8,302,999.1,9,9,1,0,0.0,0.0,41.824,-71.4128,2024,11,24,1
2024-11-24 02:00:00,0.0,0.0,0.0,0.0,6.4,72,17.0,287,999.6,74,73,7,0,0.0,0.0,41.824,-71.4128,2024,11,24,2
2024-11-24 03:00:00,0.0,0.0,0.0,0.0,7.0,74,19.5,287,1000.0,78,78,0,0,0.0,0.0,41.824,-71.4128,2024,11,24,3
2024-11-24 04:00:00,0.0,0.0,0.0,0.0,7.0,69,25.1,284,1000.7,76,76,0,0,0.0,0.0,41.824,-71.4128,2024,11,24,4
2024-11-24 05:00:00,0.0,0.0,0.0,0.0,6.6,67,23.4,283,1001.5,79,79,0,0,0.0,0.0,41.824,-71.4128,2024,11,24,5
2024-11-24 06:00:00,0.0,0.0,0.0,0.0,5.9,68,24.1,279,1002.5,9,9,0,0,0.0,0.0,41.824,-71.4128,2024,11,24,6
2024-11-24 07:00:00,0.0,0.0,0.0,0.0,5.4,67,24.4,278,1003.4,11,11,0,0,0.0,0.0,41.824,-71.4128,2024,11,24,7
2024-11-24 08:00:00,1.0,0.0,1.0,0.0,5.0,68,23.6,278,1004.4,19,19,0,0,0.0,0.0,41.824,-71.4128,2024,11,24,8
2024-11-24 09:00:00,66.0,36.0,30.0,328.8,6.5,57,22.3,277,1004.8,66,66,0,0,0.0,3600.0,41.824,-71.4128,2024,11,24,9
2024-11-24 10:00:00,187.0,100.0,87.0,401.3,7.1,51,26.7,287,1005.4,17,17,0,0,0.0,3600.0,41.824,-71.4128,2024,11,24,10
2024-11-24 11:00:00,331.0,252.0,79.0,697.9,7.9,47,28.2,285,1005.9,20,20,0,0,0.0,3600.0,41.824,-71.4128,2024,11,24,11
2024-11-24 12:00:00,418.0,326.0,92.0,754.1,8.1,45,26.8,277,1005.8,4,4,0,0,0.0,3600.0,41.824,-71.4128,2024,11,24,12
2024-11-24 13:00:00,451.0,375.0,76.0,818.8,8.7,43,30.5,278,1005.5,1,1,0,0,0.0,3600.0,41.824,-71.4128,2024,11,24,13
2024-11-24 14:00:00,436.0,366.0,70.0,838.8,8.9,42,33.5,283,1005.7,47,46,17,0,0.0,3600.0,41.824,-71.4128,2024,11,24,14
2024-11-24 15:00:00,323.0,235.0,88.0,637.1,8.4,46,30.8,284,1006.1,100,52,1,100,0.0,3600.0,41.824,-71.4128,2024,11,24,15
2024-11-24 16:00:00,159.0,66.0,93.0,253.7,7.9,49,24.8,279,1006.3,45,30,14,20,0.0,3600.0,41.824,-71.4128,2024,11,24,16
2024-11-24 17:00:00,66.0,23.0,43.0,195.6,7.0,55,22.8,275,1006.9,38,38,3,0,0.0,3600.0,41.824,-71.4128,2024,11,24,17
2024-11-24 18:00:00,2.0,0.0,2.0,0.0,6.3,60,20.1,276,1007.3,16,16,7,0,0.0,0.0,41.824,-71.4128,2024,11,24,18
2024-11-24 19:00:00,0.0,0.0,0.0,0.0,5.8,62,20.4,278,1007.9,26,21,16,0,0.0,0.0,41.824,-71.4128,2024,11,24,19
2024-11-24 20:00:00,0.0,0.0,0.0,0.0,5.5,63,20.7,290,1008.9,9,5,3,0,0.0,0.0,41.824,-71.4128,2024,11,24,20
2024-11-24 21:00:00,0.0,0.0,0.0,0.0,5.7,59,18.4,292,1009.4,12,11,4,0,0.0,0.0,41.824,-71.4128,2024,11,24,21
2024-11-24 22:00:00,0.0,0.0,0.0,0.0,5.1,60,18.7,289,1010.2,14,14,0,0,0.0,0.0,41.824,-71.4128,2024,11,24,22
2024-11-24 23:00:00,0.0,0.0,0.0,0.0,4.4,64,17.8,288,1010.4,1,1,0,0,0.0,0.0,41.824,-71.4128,2024,11,24,23
2024-11-25 00:00:00,0.0,0.0,0.0,0.0,3.8,65,17.2,288,1010.9,0,0,0,0,0.0,0.0,41.824,-71.4128,2024,11,25,0
2024-11-25 01:00:00,0.0,0.0,0.0,0.0,3.4,66,16.5,286,1011.3,0,0,0,0,0.0,0.0,41.824,-71.4128,2024,11,25,1
2024-11-25 02:00:00,0.0,0.0,0.0,0.0,2.9,66,16.0,285,1011.9,0,0,0,0,0.0,0.0,41.824,-71.4128,2024,11,25,2
2024-11-25 03:00:00,0.0,0.0,0.0,0.0,2.6,66,15.9,288,1012.2,0,0,0,0,0.0,0.0,41.824,-71.4128,2024,11,25,3
2024-11-25 04:00:00,0.0,0.0,0.0,0.0,2.2,66,14.5,293,1012.4,0,0,0,0,0.0,0.0,41.824,-71.4128,2024,11,25,4
2024-11-25 05:00:00,0.0,0.0,0.0,0.0,1.8,65,14.2,290,1012.8,0,0,0,0,0.0,0.0,41.824,-71.4128,2024,11,25,5
2024-11-25 06:00:00,0.0,0.0,0.0,0.0,1.5,64,13.8,287,1013.2,0,0,0,0,0.0,0.0,41.824,-71.4128,2024,11,25,6
2024-11-25 07:00:00,0.0,0.0,0.0,0.0,1.2,63,14.4,290,1013.4,0,0,0,0,0.0,0.0,41.824,-71.4128,2024,11,25,7
2024-11-25 08:00:00,1.0,0.0,1.0,0.0,1.0,63,15.3,294,1013.8,0,0,0,0,0.0,0.0,41.824,-71.4128,2024,11,25,8
2024-11-25 09:00:00,71.0,45.0,26.0,417.9,2.8,57,17.8,300,1014.0,0,0,0,0,0.0,3600.0,41.824,-71.4128,2024,11,25,9
2024-11-25 10:00:00,214.0,161.0,53.0,654.9,4.0,55,16.8,296,1013.9,2,0,2,0,0.0,3600.0,41.824,-71.4128,2024,11,25,10
2024-11-25 11:00:00,340.0,277.0,63.0,774.2,5.5,52,15.6,296,1014.2,17,0,0,17,0.0,3600.0,41.824,-71.4128,2024,11,25,11
2024-11-25 12:00:00,424.0,351.0,73.0,817.9,6.8,50,13.9,294,1013.8,0,0,0,0,0.0,3600.0,41.824,-71.4128,2024,11,25,12
2024-11-25 13:00:00,457.0,387.0,70.0,850.6,8.1,49,13.6,296,1013.1,2,0,0,2,0.0,3600.0,41.824,-71.4128,2024,11,25,13
2024-11-25 14:00:00,432.0,363.0,69.0,837.1,9.0,48,12.0,292,1012.8,11,0,1,10,0.0,3600.0,41.824,-71.4128,2024,11,25,14
2024-11-25 15:00:00,350.0,286.0,64.0,780.5,9.4,48,11.9,288,1012.9,25,0,0,25,0.0,3600.0,41.824,-71.4128,2024,11,25,15
2024-11-25 16:00:00,226.0,173.0,53.0,670.4,9.2,50,10.3,286,1013.2,8,0,0,8,0.0,3600.0,41.824,-71.4128,2024,11,25,16
2024-11-25 17:00:00,82.0,53.0,29.0,457.5,7.5,59,6.9,279,1013.9,48,0,0,48,0.0,3600.0,41.824,-71.4128,2024,11,25,17
2024-11-25 18:00:00,2.0,0.0,2.0,0.0,6.0,65,8.6,278,1014.4,97,0,0,97,0.0,0.0,41.824,-71.4128,2024,11,25,18
2024-11-25 19:00:00,0.0,0.0,0.0,0.0,5.2,67,9.7,282,1014.8,100,0,0,100,0.0,0.0,41.824,-71.4128,2024,11,25,19
2024-11-25 20:00:00,0.0,0.0,0.0,0.0,4.8,68,10.3,292,1015.2,100,0,0,100,0.0,0.0,41.824,-71.4128,2024,11,25,20
2024-11-25 21:00:00,0.0,0.0,0.0,0.0,4.4,65,9.5,307,1014.8,100,0,0,100,0.0,0.0,41.824,-71.4128,2024,11,25,21
2024-11-25 22:00:00,0.0,0.0,0.0,0.0,3.8,69,7.8,307,1015.4,98,0,0,98,0.0,0.0,41.824,-71.4128,2024,11,25,22
2024-11-25 23:00:00,0.0,0.0,0.0,0.0,3.0,73,7.0,314,1015.7,21,0,0,21,0.0,0.0,41.824,-71.4128,2024,11,25,23
2024-11-26 00:00:00,0.0,0.0,0.0,0.0,2.0,80,4.3,298,1015.7,90,0,0,90,0.0,0.0,41.824,-71.4128,2024,11,26,0
2024-11-26 01:00:00,0.0,0.0,0.0,0.0,1.7,82,3.6,288,1015.6,9,0,0,9,0.0,0.0,41.824,-71.4128,2024,11,26,1
2024-11-26 02:00:00,0.0,0.0,0.0,0.0,1.1,86,3.3,283,1015.4,27,0,0,27,0.0,0.0,41.824,-71.4128,2024,11,26,2
2024-11-26 03:00:00,0.0,0.0,0.0,0.0,0.6,88,1.3,315,1015.1,7,0,0,7,0.0,0.0,41.824,-71.4128,2024,11,26,3
2024-11-26 04:00:00,0.0,0.0,0.0,0.0,0.3,89,2.8,18,1014.4,64,0,0,64,0.0,0.0,41.824,-71.4128,2024,11,26,4
2024-11-26 05:00:00,0.0,0.0,0.0,0.0,0.1,88,4.0,54,1013.8,30,0,0,30,0.0,0.0,41.824,-71.4128,2024,11,26,5
2024-11-26 06:00:00,0.0,0.0,0.0,0.0,0.2,86,4.9,73,1013.2,100,100,3,26,0.0,0.0,41.824,-71.4128,2024,11,26,6
2024-11-26 07:00:00,0.0,0.0,0.0,0.0,1.1,84,5.9,78,1012.7,89,61,45,68,0.0,0.0,41.824,-71.4128,2024,11,26,7
2024-11-26 08:00:00,0.0,0.0,0.0,0.0,1.0,84,6.6,81,1012.2,100,12,41,99,0.0,0.0,41.824,-71.4128,2024,11,26,8
2024-11-26 09:00:00,48.0,19.0,29.0,179.3,1.4,79,5.8,68,1012.2,77,1,25,69,0.0,3600.0,41.824,-71.4128,2024,11,26,9
2024-11-26 10:00:00,179.0,111.0,68.0,457.6,4.0,72,6.0,85,1011.4,100,6,100,100,0.0,3600.0,41.824,-71.4128,2024,11,26,10
2024-11-26 11:00:00,95.0,1.0,94.0,2.8,5.3,73,4.6,339,1010.8,100,27,100,100,0.0,0.0,41.824,-71.4128,2024,11,26,11
2024-11-26 12:00:00,31.0,0.0,31.0,0.0,5.9,78,7.3,70,1009.5,100,100,100,88,0.4,0.0,41.824,-71.4128,2024,11,26,12
2024-11-26 13:00:00,52.0,0.0,52.0,0.0,6.7,89,8.6,70,1007.9,100,100,100,88,0.7,0.0,41.824,-71.4128,2024,11,26,13
2024-11-26 14:00:00,69.0,1.0,68.0,2.3,7.8,97,9.4,87,1006.5,100,100,98,27,1.4,0.0,41.824,-71.4128,2024,11,26,14
2024-11-26 15:00:00,48.0,1.0,47.0,2.7,8.5,97,2.7,48,1005.5,100,100,100,0,0.8,0.0,41.824,-71.4128,2024,11,26,15
2024-11-26 16:00:00,44.0,0.0,44.0,0.0,9.3,96,2.7,337,1005.2,100,100,56,0,0.1,0.0,41.824,-71.4128,2024,11,26,16
2024-11-26 17:00:00,32.0,5.0,27.0,43.8,8.3,96,20.2,320,1006.6,45,45,0,0,0.0,0.0,41.824,-71.4128,2024,11,26,17
2024-11-26 18:00:00,1.0,0.0,1.0,0.0,6.5,94,16.4,313,1008.0,0,0,0,0,0.0,0.0,41.824,-71.4128,2024,11,26,18
2024-11-26 19:00:00,0.0,0.0,0.0,0.0,6.2,91,17.7,308,1009.0,2,1,1,0,0.0,0.0,41.824,-71.4128,2024,11,26,19
2024-11-26 20:00:00,0.0,0.0,0.0,0.0,6.2,87,17.4,307,1010.0,0,0,0,0,0.0,0.0,41.824,-71.4128,2024,11,26,20
2024-11-26 21:00:00,0.0,0.0,0.0,0.0,5.7,75,17.4,302,1011.1,0,0,0,0,0.0,0.0,41.824,-71.4128,2024,11,26,21
2024-11-26 22:00:00,0.0,0.0,0.0,0.0,5.3,71,16.3,297,1011.5,0,0,0,0,0.0,0.0,41.824,-71.4128,2024,11,26,22
2024-11-26 23:00:00,0.0,0.0,0.0,0.0,4.8,71,14.9,295,1011.7,0,0,0,0,0.0,0.0,41.824,-71.4128,2024,11,26,23
2024-11-27 00:00:00,0.0,0.0,0.0,0.0,4.2,74,13.9,295,1011.8,0,0,0,0,0.0,0.0,41.824,-71.4128,2024,11,27,0
2024-11-27 01:00:00,0.0,0.0,0.0,0.0,3.9,73,13.9,293,1012.0,0,0,0,0,0.0,0.0,41.824,-71.4128,2024,11,27,1
2024-11-27 02:00:00,0.0,0.0,0.0,0.0,3.5,74,11.6,288,1012.3,0,0,0,0,0.0,0.0,41.824,-71.4128,2024,11,27,2
2024-11-27 03:00:00,0.0,0.0,0.0,0.0,2.7,78,10.7,276,1013.1,0,0,0,0,0.0,0.0,41.824,-71.4128,2024,11,27,3
2024-11-27 04:00:00,0.0,0.0,0.0,0.0,2.4,79,11.0,276,1013.5,4,0,0,4,0.0,0.0,41.824,-71.4128,2024,11,27,4
2024-11-27 05:00:00,0.0,0.0,0.0,0.0,2.2,80,10.8,268,1013.4,6,0,1,6,0.0,0.0,41.824,-71.4128,2024,11,27,5
2024-11-27 06:00:00,0.0,0.0,0.0,0.0,1.8,81,10.2,256,1013.5,100,0,5,100,0.0,0.0,41.824,-71.4128,2024,11,27,6
2024-11-27 07:00:00,0.0,0.0,0.0,0.0,2.0,81,10.6,251,1013.6,94,0,27,93,0.0,0.0,41.824,-71.4128,2024,11,27,7
2024-11-27 08:00:00,0.0,0.0,0.0,0.0,1.9,82,11.4,254,1014.2,30,0,18,19,0.0,0.0,41.824,-71.4128,2024,11,27,8
2024-11-27 09:00:00,65.0,40.0,25.0,383.7,2.6,77,11.7,257,1014.3,2,0,1,1,0.0,3600.0,41.824,-71.4128,2024,11,27,9
2024-11-27 10:00:00,208.0,157.0,51.0,655.8,4.9,71,10.3,255,1014.7,8,0,2,6,0.0,3600.0,41.824,-71.4128,2024,11,27,10
2024-11-27 11:00:00,331.0,266.0,65.0,756.8,7.4,64,7.9,249,1014.5,20,0,7,14,0.0,3600.0,41.824,-71.4128,2024,11,27,11
2024-11-27 12:00:00,415.0,346.0,69.0,817.8,8.7,51,13.3,261,1014.2,32,0,4,29,0.0,3600.0,41.824,-71.4128,2024,11,27,12
2024-11-27 13:00:00,445.0,372.0,73.0,827.8,9.2,50,13.0,265,1013.4,5,0,2,4,0.0,3600.0,41.824,-71.4128,2024,11,27,13
2024-11-27 14:00:00,423.0,354.0,69.0,826.0,9.4,49,13.0,272,1012.9,19,0,2,18,0.0,3600.0,41.824,-71.4128,2024,11,27,14
2024-11-27 15:00:00,344.0,280.0,64.0,773.4,9.2,49,13.2,273,1012.9,4,0,2,3,0.0,3600.0,41.824,-71.4128,2024,11,27,15
2024-11-27 16:00:00,222.0,168.0,54.0,660.6,8.6,54,10.4,270,1012.8,6,0,3,4,0.0,3600.0,41.824,-71.4128,2024,11,27,16
2024-11-27 17:00:00,80.0,51.0,29.0,451.1,6.9,64,6.3,275,1013.4,31,0,0,30,0.0,3600.0,41.824,-71.4128,2024,11,27,17
2024-11-27 18:00:00,1.0,0.0,1.0,0.0,5.3,71,6.1,273,1014.1,100,0,7,100,0.0,0.0,41.824,-71.4128,2024,11,27,18
2024-11-27 19:00:00,0.0,0.0,0.0,0.0,4.3,76,5.4,285,1014.4,11,0,1,10,0.0,0.0,41.824,-71.4128,2024,11,27,19
2024-11-27 20:00:00,0.0,0.0,0.0,0.0,3.3,79,5.1,288,1014.5,82,0,1,82,0.0,0.0,41.824,-71.4128,2024,11,27,20
2024-11-27 21:00:00,0.0,0.0,0.0,0.0,2.0,83,4.8,285,1014.6,81,0,0,81,0.0,0.0,41.824,-71.4128,2024,11,27,21
2024-11-27 22:00:00,0.0,0.0,0.0,0.0,1.3,85,4.6,281,1014.8,90,0,50,89,0.0,0.0,41.824,-71.4128,2024,11,27,22
2024-11-27 23:00:00,0.0,0.0,0.0,0.0,1.4,84,2.6,258,1014.4,100,0,100,54,0.0,0.0,41.824,-71.4128,2024,11,27,23
2024-11-28 00:00:00,0.0,0.0,0.0,0.0,1.7,84,1.9,214,1014.3,100,0,100,100,0.0,0.0,41.824,-71.4128,2024,11,28,0
2024-11-28 01:00:00,0.0,0.0,0.0,0.0,2.5,84,4.0,212,1014.3,100,0,100,100,0.0,0.0,41.824,-71.4128,2024,11,28,1
2024-11-28 02:00:00,0.0,0.0,0.0,0.0,3.1,80,2.3,203,1014.0,100,0,100,100,0.0,0.0,41.824,-71.4128,2024,11,28,2
2024-11-28 03:00:00,0.0,0.0,0.0,0.0,3.4,79,0.4,360,1014.2,100,0,100,100,0.1,0.0,41.824,-71.4128,2024,11,28,3
2024-11-28 04:00:00,0.0,0.0,0.0,0.0,3.0,84,2.5,86,1013.6,100,0,100,100,0.0,0.0,41.824,-71.4128,2024,11,28,4
2024-11-28 05:00:00,0.0,0.0,0.0,0.0,3.0,86,3.4,65,1012.9,100,0,100,100,0.0,0.0,41.824,-71.4128,2024,11,28,5
2024-11-28 06:00:00,0.0,0.0,0.0,0.0,3.2,85,7.0,69,1012.1,100,0,100,100,0.1,0.0,41.824,-71.4128,2024,11,28,6
2024-11-28 07:00:00,0.0,0.0,0.0,0.0,3.4,85,9.4,77,1011.4,100,0,100,100,0.0,0.0,41.824,-71.4128,2024,11,28,7
2024-11-28 08:00:00,0.0,0.0,0.0,0.0,3.9,85,7.3,83,1011.2,100,0,100,100,0.2,0.0,41.824,-71.4128,2024,11,28,8
2024-11-28 09:00:00,18.0,0.0,18.0,0.0,4.2,87,12.6,86,1009.9,100,1,100,100,0.2,0.0,41.824,-71.4128,2024,11,28,9
2024-11-28 10:00:00,30.0,0.0,30.0,0.0,4.9,90,13.4,79,1007.9,100,43,100,100,0.3,0.0,41.824,-71.4128,2024,11,28,10
2024-11-28 11:00:00,49.0,0.0,49.0,0.0,6.0,97,13.7,77,1006.2,100,90,100,100,0.8,0.0,41.824,-71.4128,2024,11,28,11
2024-11-28 12:00:00,49.0,0.0,49.0,0.0,6.9,97,14.8,84,1004.1,100,100,100,100,0.8,0.0,41.824,-71.4128,2024,11,28,12
2024-11-28 13:00:00,48.0,0.0,48.0,0.0,7.1,97,15.7,81,1001.3,100,100,100,100,2.7,0.0,41.824,-71.4128,2024,11,28,13
2024-11-28 14:00:00,42.0,0.0,42.0,0.0,7.2,98,16.7,65,997.9,100,100,100,100,3.9,0.0,41.824,-71.4128,2024,11,28,14
2024-11-28 15:00:00,37.0,0.0,37.0,0.0,7.2,100,16.8,31,995.0,100,100,100,100,3.7,0.0,41.824,-71.4128,2024,11,28,15
2024-11-28 16:00:00,14.0,0.0,14.0,0.0,8.4,96,1.6,153,992.8,100,52,100,100,2.1,0.0,41.824,-71.4128,2024,11,28,16
2024-11-28 17:00:00,16.0,0.0,16.0,0.0,9.7,97,14.8,257,992.6,100,96,48,100,0.5,0.0,41.824,-71.4128,2024,11,28,17
2024-11-28 18:00:00,1.0,0.0,1.0,0.0,8.4,95,10.5,297,992.4,100,100,26,0,0.0,0.0,41.824,-71.4128,2024,11,28,18
2024-11-28 19:00:00,0.0,0.0,0.0,0.0,7.0,95,12.6,311,993.1,100,100,1,0,0.0,0.0,41.824,-71.4128,2024,11,28,19
2024-11-28 20:00:00,0.0,0.0,0.0,0.0,5.5,94,21.7,307,994.8,100,100,0,0,0.0,0.0,41.824,-71.4128,2024,11,28,20
2024-11-28 21:00:00,0.0,0.0,0.0,0.0,4.5,90,22.0,317,997.4,100,100,0,0,0.0,0.0,41.824,-71.4128,2024,11,28,21
2024-11-28 22:00:00,0.0,0.0,0.0,0.0,4.1,86,19.7,314,998.8,100,100,0,0,0.0,0.0,41.824,-71.4128,2024,11,28,22
2024-11-28 23:00:00,0.0,0.0,0.0,0.0,4.1,84,19.3,306,1000.2,85,83,43,0,0.0,0.0,41.824,-71.4128,2024,11,28,23
2024-11-29 00:00:00,0.0,0.0,0.0,0.0,3.9,83,18.6,303,1001.4,88,88,2,0,0.0,0.0,41.824,-71.4128,2024,11,29,0
2024-11-29 01:00:00,0.0,0.0,0.0,0.0,3.9,80,18.5,295,1002.5,100,100,98,0,0.0,0.0,41.824,-71.4128,2024,11,29,1
2024-11-29 02:00:00,0.0,0.0,0.0,0.0,4.3,77,19.6,297,1003.2,100,100,100,0,0.0,0.0,41.824,-71.4128,2024,11,29,2
2024-11-29 03:00:00,0.0,0.0,0.0,0.0,4.5,75,18.4,301,1004.3,91,35,90,0,0.0,0.0,41.824,-71.4128,2024,11,29,3
2024-11-29 04:00:00,0.0,0.0,0.0,0.0,4.1,75,16.2,302,1005.4,0,0,0,0,0.0,0.0,41.824,-71.4128,2024,11,29,4
2024-11-29 05:00:00,0.0,0.0,0.0,0.0,2.9,78,14.2,296,1006.4,0,0,0,0,0.0,0.0,41.824,-71.4128,2024,11,29,5
2024-11-29 06:00:00,0.0,0.0,0.0,0.0,2.2,78,14.4,290,1007.4,0,0,0,0,0.0,0.0,41.824,-71.4128,2024,11,29,6
2024-11-29 07:00:00,0.0,0.0,0.0,0.0,1.6,79,14.4,283,1008.2,0,0,0,0,0.0,0.0,41.824,-71.4128,2024,11,29,7
2024-11-29 08:00:00,0.0,0.0,0.0,0.0,1.1,80,13.6,281,1009.2,0,0,0,0,0.0,0.0,41.824,-71.4128,2024,11,29,8
2024-11-29 09:00:00,61.0,38.0,23.0,376.3,2.3,77,13.7,275,1009.8,1,1,0,0,0.0,3600.0,41.824,-71.4128,2024,11,29,9
2024-11-29 10:00:00,202.0,152.0,50.0,651.6,4.2,72,11.6,265,1010.3,0,0,0,0,0.0,3600.0,41.824,-71.4128,2024,11,29,10
2024-11-29 11:00:00,325.0,259.0,66.0,749.6,5.6,64,15.5,265,1010.7,56,56,0,0,0.0,3600.0,41.824,-71.4128,2024,11,29,11
2024-11-29 12:00:00,305.0,178.0,127.0,426.4,6.1,58,15.7,253,1010.2,34,34,0,0,0.0,3600.0,41.824,-71.4128,2024,11,29,12
2024-11-29 13:00:00,369.0,240.0,129.0,540.3,6.8,49,14.5,253,1009.4,2,1,0,0,0.0,3600.0,41.824,-71.4128,2024,11,29,13
2024-11-29 14:00:00,424.0,357.0,67.0,842.0,7.2,43,13.5,265,1008.9,12,12,1,0,0.0,3600.0,41.824,-71.4128,2024,11,29,14
2024-11-29 15:00:00,346.0,283.0,63.0,790.3,7.3,42,15.5,265,1008.7,53,22,52,0,0.0,3600.0,41.824,-71.4128,2024,11,29,15
2024-11-29 16:00:00,164.0,74.0,90.0,294.8,6.7,46,11.5,253,1008.6,92,68,91,0,0.0,3600.0,41.824,-71.4128,2024,11,29,16
2024-11-29 17:00:00,40.0,9.0,31.0,80.7,5.7,54,6.4,245,1008.7,100,57,100,0,0.0,651.37,41.824,-71.4128,2024,11,29,17
2024-11-29 18:00:00,1.0,0.0,1.0,0.0,5.0,59,6.6,227,1008.8,1,0,1,0,0.0,0.0,41.824,-71.4128,2024,11,29,18
2024-11-29 19:00:00,0.0,0.0,0.0,0.0,3.9,65,9.0,223,1009.1,0,0,0,0,0.0,0.0,41.824,-71.4128,2024,11,29,19
2024-11-29 20:00:00,0.0,0.0,0.0,0.0,2.6,73,6.8,243,1009.2,1,1,0,0,0.0,0.0,41.824,-71.4128,2024,11,29,20
2024-11-29 21:00:00,0.0,0.0,0.0,0.0,2.3,73,11.1,238,1009.5,27,7,23,0,0.0,0.0,41.824,-71.4128,2024,11,29,21
2024-11-29 22:00:00,0.0,0.0,0.0,0.0,2.1,75,9.2,239,1009.6,58,0,58,0,0.0,0.0,41.824,-71.4128,2024,11,29,22
2024-11-29 23:00:00,0.0,0.0,0.0,0.0,1.6,79,10.5,254,1009.5,14,0,14,0,0.0,0.0,41.824,-71.4128,2024,11,29,23
2024-11-30 00:00:00,0.0,0.0,0.0,0.0,0.9,83,12.1,272,1009.9,0,0,0,0,0.0,0.0,41.824,-71.4128,2024,11,30,0
2024-11-30 01:00:00,0.0,0.0,0.0,0.0,0.1,86,11.2,286,1010.0,0,0,0,0,0.0,0.0,41.824,-71.4128,2024,11,30,1
2024-11-30 02:00:00,0.0,0.0,0.0,0.0,-0.5,86,10.6,288,1009.8,0,0,0,0,0.0,0.0,41.824,-71.4128,2024,11,30,2
2024-11-30 03:00:00,0.0,0.0,0.0,0.0,-0.5,83,12.9,286,1010.0,0,0,0,0,0.0,0.0,41.824,-71.4128,2024,11,30,3
2024-11-30 04:00:00,0.0,0.0,0.0,0.0,-0.6,77,13.5,289,1010.0,0,0,0,0,0.0,0.0,41.824,-71.4128,2024,11,30,4
2024-11-30 05:00:00,0.0,0.0,0.0,0.0,-0.9,74,13.7,289,1010.1,0,0,0,0,0.0,0.0,41.824,-71.4128,2024,11,30,5
2024-11-30 06:00:00,0.0,0.0,0.0,0.0,-1.4,76,12.7,282,1010.3,0,0,0,0,0.0,0.0,41.824,-71.4128,2024,11,30,6
2024-11-30 07:00:00,0.0,0.0,0.0,0.0,-1.8,78,12.9,282,1010.7,0,0,0,0,0.0,0.0,41.824,-71.4128,2024,11,30,7
2024-11-30 08:00:00,0.0,0.0,0.0,0.0,-2.1,78,12.9,278,1011.0,0,0,0,0,0.0,0.0,41.824,-71.4128,2024,11,30,8
2024-11-30 09:00:00,61.0,39.0,22.0,392.5,-0.7,72,11.5,273,1011.8,0,0,0,0,0.0,3600.0,41.824,-71.4128,2024,11,30,9
2024-11-30 10:00:00,204.0,154.0,50.0,668.7,0.8,65,11.7,274,1012.2,0,0,0,0,0.0,3600.0,41.824,-71.4128,2024,11,30,10
2024-11-30 11:00:00,332.0,271.0,61.0,790.9,2.1,54,13.9,280,1012.4,0,0,0,0,0.0,3600.0,41.824,-71.4128,2024,11,30,11
2024-11-30 12:00:00,418.0,350.0,68.0,843.9,3.1,49,13.1,279,1011.9,0,0,0,0,0.0,3600.0,41.824,-71.4128,2024,11,30,12
2024-11-30 13:00:00,450.0,381.0,69.0,862.4,3.8,44,12.3,273,1011.2,0,0,0,0,0.0,3600.0,41.824,-71.4128,2024,11,30,13
2024-11-30 14:00:00,426.0,357.0,69.0,846.3,4.1,41,11.5,266,1010.8,0,0,0,0,0.0,3600.0,41.824,-71.4128,2024,11,30,14
2024-11-30 15:00:00,347.0,284.0,63.0,797.1,4.0,40,13.0,266,1010.5,0,0,0,0,0.0,3600.0,41.824,-71.4128,2024,11,30,15
2024-11-30 16:00:00,223.0,171.0,52.0,685.1,3.5,42,13.7,270,1010.6,18,14,17,0,0.0,3600.0,41.824,-71.4128,2024,11,30,16
2024-11-30 17:00:00,77.0,48.0,29.0,433.3,2.1,51,8.8,270,1011.2,80,51,78,16,0.0,3600.0,41.824,-71.4128,2024,11,30,17
2024-11-30 18:00:00,1.0,0.0,1.0,0.0,0.9,58,8.2,262,1012.0,93,91,91,0,0.0,0.0,41.824,-71.4128,2024,11,30,18
2024-11-30 19:00:00,0.0,0.0,0.0,0.0,0.6,59,10.2,262,1012.6,60,47,26,0,0.0,0.0,41.824,-71.4128,2024,11,30,19
2024-11-30 20:00:00,0.0,0.0,0.0,0.0,0.2,59,11.1,263,1012.9,27,0,27,0,0.0,0.0,41.824,-71.4128,2024,11,30,20
2024-11-30 21:00:00,0.0,0.0,0.0,0.0,0.1,61,9.0,276,1013.4,65,1,65,0,0.0,0.0,41.824,-71.4128,2024,11,30,21
2024-11-30 22:00:00,0.0,0.0,0.0,0.0,-0.9,63,10.5,278,1013.6,72,13,72,0,0.0,0.0,41.824,-71.4128,2024,11,30,22
2024-11-30 23:00:00,0.0,0.0,0.0,0.0,-1.4,65,11.3,271,1013.7,90,7,90,0,0.0,0.0,41.824,-71.4128,2024,11,30,23
2024-12-01 00:00:00,0.0,0.0,0.0,0.0,-1.6,67,12.1,269,1014.0,15,0,15,0,0.0,0.0,41.824,-71.4128,2024,12,1,0
2024-12-01 01:00:00,0.0,0.0,0.0,0.0,-2.2,69,11.9,266,1014.2,12,0,12,0,0.0,0.0,41.824,-71.4128,2024,12,1,1
2024-12-01 02:00:00,0.0,0.0,0.0,0.0,-2.4,71,12.5,263,1014.4,18,0,18,0,0.0,0.0,41.824,-71.4128,2024,12,1,2
2024-12-01 03:00:00,0.0,0.0,0.0,0.0,-2.4,70,12.8,259,1015.1,0,0,0,0,0.0,0.0,41.824,-71.4128,2024,12,1,3
2024-12-01 04:00:00,0.0,0.0,0.0,0.0,-2.5,69,13.0,259,1015.4,0,0,0,0,0.0,0.0,41.824,-71.4128,2024,12,1,4
2024-12-01 05:00:00,0.0,0.0,0.0,0.0,-2.8,70,11.9,259,1015.5,0,0,0,0,0.0,0.0,41.824,-71.4128,2024,12,1,5
2024-12-01 06:00:00,0.0,0.0,0.0,0.0,-3.1,71,10.3,264,1015.3,0,0,0,0,0.0,0.0,41.824,-71.4128,2024,12,1,6
2024-12-01 07:00:00,0.0,0.0,0.0,0.0,-3.4,72,10.0,263,1015.6,0,0,0,0,0.0,0.0,41.824,-71.4128,2024,12,1,7
2024-12-01 08:00:00,0.0,0.0,0.0,0.0,-3.7,73,9.9,255,1015.9,29,0,0,29,0.0,0.0,41.824,-71.4128,2024,12,1,8
2024-12-01 09:00:00,57.0,36.0,21.0,368.1,-2.8,68,9.1,245,1016.3,82,0,16,78,0.0,3600.0,41.824,-71.4128,2024,12,1,9
2024-12-01 10:00:00,190.0,127.0,63.0,558.6,-1.3,62,9.6,240,1016.7,99,0,60,98,0.0,3600.0,41.824,-71.4128,2024,12,1,10
2024-12-01 11:00:00,239.0,94.0,145.0,276.6,-0.3,57,9.0,240,1016.4,87,0,73,81,0.0,3600.0,41.824,-71.4128,2024,12,1,11
2024-12-01 12:00:00,335.0,179.0,156.0,434.3,0.7,52,10.2,229,1015.7,28,0,24,8,0.0,3600.0,41.824,-71.4128,2024,12,1,12
2024-12-01 13:00:00,436.0,350.0,86.0,796.5,1.6,46,12.8,231,1014.8,23,0,14,21,0.0,3600.0,41.824,-71.4128,2024,12,1,13
2024-12-01 14:00:00,423.0,353.0,70.0,840.9,1.8,44,14.2,238,1014.4,9,0,9,1,0.0,3600.0,41.824,-71.4128,2024,12,1,14
2024-12-01 15:00:00,346.0,284.0,62.0,801.0,1.9,43,13.9,245,1014.1,10,10,1,0,0.0,3600.0,41.824,-71.4128,2024,12,1,15
2024-12-01 16:00:00,214.0,157.0,57.0,632.5,1.5,46,14.4,257,1014.0,10,10,2,0,0.0,3600.0,41.824,-71.4128,2024,12,1,16
2024-12-01 17:00:00,76.0,48.0,28.0,435.8,0.3,52,10.5,254,1014.9,96,96,1,0,0.0,3600.0,41.824,-71.4128,2024,12,1,17
2024-12-01 18:00:00,1.0,0.0,1.0,0.0,-0.6,59,8.6,241,1015.3,100,100,3,0,0.0,0.0,41.824,-71.4128,2024,12,1,18
2024-12-01 19:00:00,0.0,0.0,0.0,0.0,-1.2,63,7.5,235,1015.9,14,14,0,0,0.0,0.0,41.824,-71.4128,2024,12,1,19
2024-12-01 20:00:00,0.0,0.0,0.0,0.0,-1.9,67,6.3,255,1016.2,0,0,0,0,0.0,0.0,41.824,-71.4128,2024,12,1,20
2024-12-01 21:00:00,0.0,0.0,0.0,0.0,-1.5,62,8.6,244,1016.4,1,1,0,0,0.0,0.0,41.824,-71.4128,2024,12,1,21
2024-12-01 22:00:00,0.0,0.0,0.0,0.0,-1.7,62,10.1,254,1016.4,0,0,0,0,0.0,0.0,41.824,-71.4128,2024,12,1,22
2024-12-01 23:00:00,0.0,0.0,0.0,0.0,-2.0,63,10.4,272,1016.7,0,0,0,0,0.0,0.0,41.824,-71.4128,2024,12,1,23
2024-12-02 00:00:00,0.0,0.0,0.0,0.0,-2.4,64,9.6,274,1016.7,0,0,0,0,0.0,0.0,41.824,-71.4128,2024,12,2,0
2024-12-02 01:00:00,0.0,0.0,0.0,0.0,-2.5,64,10.1,271,1016.6,0,0,0,0,0.0,0.0,41.824,-71.4128,2024,12,2,1
2024-12-02 02:00:00,0.0,0.0,0.0,0.0,-2.5,63,10.8,267,1016.5,0,0,0,0,0.0,0.0,41.824,-71.4128,2024,12,2,2
2024-12-02 03:00:00,0.0,0.0,0.0,0.0,-2.5,62,11.0,271,1016.5,0,0,0,0,0.0,0.0,41.824,-71.4128,2024,12,2,3
2024-12-02 04:00:00,0.0,0.0,0.0,0.0,-2.7,64,10.1,276,1016.6,0,0,0,0,0.0,0.0,41.824,-71.4128,2024,12,2,4
2024-12-02 05:00:00,0.0,0.0,0.0,0.0,-2.9,65,8.9,277,1016.4,0,0,0,0,0.0,0.0,41.824,-71.4128,2024,12,2,5
2024-12-02 06:00:00,0.0,0.0,0.0,0.0,-3.0,67,7.6,270,1016.7,0,0,0,0,0.0,0.0,41.824,-71.4128,2024,12,2,6
2024-12-02 07:00:00,0.0,0.0,0.0,0.0,-3.2,68,7.9,267,1017.0,0,0,0,0,0.0,0.0,41.824,-71.4128,2024,12,2,7
2024-12-02 08:00:00,0.0,0.0,0.0,0.0,-3.2,69,8.8,270,1017.3,0,0,0,0,0.0,0.0,41.824,-71.4128,2024,12,2,8
2024-12-02 09:00:00,55.0,35.0,20.0,363.7,-2.9,59,9.4,294,1018.2,0,0,0,0,0.0,3569.22,41.824,-71.4128,2024,12,2,9
2024-12-02 10:00:00,195.0,146.0,49.0,650.5,-1.0,52,8.9,302,1018.5,0,0,0,0,0.0,3600.0,41.824,-71.4128,2024,12,2,10
2024-12-02 11:00:00,323.0,261.0,62.0,774.4,0.8,45,7.5,307,1018.4,0,0,0,0,0.0,3600.0,41.824,-71.4128,2024,12,2,11
2024-12-02 12:00:00,411.0,342.0,69.0,835.0,2.1,38,7.6,313,1018.0,0,0,0,0,0.0,3600.0,41.824,-71.4128,2024,12,2,12
2024-12-02 13:00:00,446.0,376.0,70.0,860.2,2.7,38,8.0,320,1017.3,0,0,0,0,0.0,3600.0,41.824,-71.4128,2024,12,2,13
2024-12-02 14:00:00,423.0,355.0,68.0,849.6,3.1,38,7.4,311,1017.0,0,0,0,0,0.0,3600.0,41.824,-71.4128,2024,12,2,14
2024-12-02 15:00:00,345.0,282.0,63.0,798.9,3.0,39,7.9,303,1016.4,0,0,0,0,0.0,3600.0,41.824,-71.4128,2024,12,2,15
2024-12-02 16:00:00,221.0,170.0,51.0,688.2,2.5,43,6.6,303,1016.3,0,0,0,0,0.0,3600.0,41.824,-71.4128,2024,12,2,16
2024-12-02 17:00:00,78.0,51.0,27.0,465.4,0.3,55,5.9,290,1016.9,0,0,0,0,0.0,3600.0,41.824,-71.4128,2024,12,2,17
2024-12-02 18:00:00,1.0,0.0,1.0,0.0,-0.6,56,8.5,288,1017.4,0,0,0,0,0.0,0.0,41.824,-71.4128,2024,12,2,18
2024-12-02 19:00:00,0.0,0.0,0.0,0.0,-0.9,57,12.0,296,1017.7,0,0,0,0,0.0,0.0,41.824,-71.4128,2024,12,2,19
2024-12-02 20:00:00,0.0,0.0,0.0,0.0,-1.3,61,12.8,302,1018.3,0,0,0,0,0.0,0.0,41.824,-71.4128,2024,12,2,20
2024-12-02 21:00:00,0.0,0.0,0.0,0.0,-1.7,61,12.8,308,1018.9,0,0,0,0,0.0,0.0,41.824,-71.4128,2024,12,2,21
2024-12-02 22:00:00,0.0,0.0,0.0,0.0,-2.4,67,11.8,313,1019.0,0,0,0,0,0.0,0.0,41.824,-71.4128,2024,12,2,22
2024-12-02 23:00:00,0.0,0.0,0.0,0.0,-2.5,71,11.3,316,1019.2,0,0,0,0,0.0,0.0,41.824,-71.4128,2024,12,2,23
2024-12-03 00:00:00,0.0,0.0,0.0,0.0,-2.7,75,9.4,308,1019.3,0,0,0,0,0.0,0.0,41.824,-71.4128,2024,12,3,0
2024-12-03 01:00:00,0.0,0.0,0.0,0.0,-2.9,78,8.7,308,1019.4,0,0,0,0,0.0,0.0,41.824,-71.4128,2024,12,3,1
2024-12-03 02:00:00,0.0,0.0,0.0,0.0,-2.9,79,8.5,308,1019.4,0,0,0,0,0.0,0.0,41.824,-71.4128,2024,12,3,2
2024-12-03 03:00:00,0.0,0.0,0.0,0.0,-2.9,79,8.3,304,1019.4,0,0,0,0,0.0,0.0,41.824,-71.4128,2024,12,3,3
2024-12-03 04:00:00,0.0,0.0,0.0,0.0,-3.0,81,9.0,300,1019.6,0,0,0,0,0.0,0.0,41.824,-71.4128,2024,12,3,4
2024-12-03 05:00:00,0.0,0.0,0.0,0.0,-3.1,82,8.8,301,1019.5,0,0,0,0,0.0,0.0,41.824,-71.4128,2024,12,3,5
2024-12-03 06:00:00,0.0,0.0,0.0,0.0,-3.3,83,9.0,303,1019.6,0,0,0,0,0.0,0.0,41.824,-71.4128,2024,12,3,6
2024-12-03 07:00:00,0.0,0.0,0.0,0.0,-3.4,84,9.3,306,1019.9,0,0,0,0,0.0,0.0,41.824,-71.4128,2024,12,3,7
2024-12-03 08:00:00,0.0,0.0,0.0,0.0,-3.6,84,8.7,307,1020.5,0,0,0,0,0.0,0.0,41.824,-71.4128,2024,12,3,8
2024-12-03 09:00:00,52.0,32.0,20.0,337.9,-3.1,69,8.1,295,1021.6,0,0,0,0,0.0,3507.73,41.824,-71.4128,2024,12,3,9
2024-12-03 10:00:00,190.0,140.0,50.0,631.7,-1.0,58,8.2,303,1022.0,27,0,0,27,0.0,3600.0,41.824,-71.4128,2024,12,3,10
2024-12-03 11:00:00,317.0,253.0,64.0,756.7,0.7,48,10.1,319,1022.0,32,0,1,32,0.0,3600.0,41.824,-71.4128,2024,12,3,11
2024-12-03 12:00:00,403.0,332.0,71.0,815.5,1.7,43,9.8,319,1021.5,27,0,14,25,0.0,3600.0,41.824,-71.4128,2024,12,3,12
2024-12-03 13:00:00,437.0,365.0,72.0,839.2,2.3,44,9.2,315,1020.8,38,0,36,23,0.0,3600.0,41.824,-71.4128,2024,12,3,13
2024-12-03 14:00:00,411.0,333.0,78.0,800.5,2.6,44,7.9,309,1020.4,13,0,13,3,0.0,3600.0,41.824,-71.4128,2024,12,3,14
2024-12-03 15:00:00,337.0,271.0,66.0,771.0,2.7,45,7.6,298,1020.0,1,0,1,0,0.0,3600.0,41.824,-71.4128,2024,12,3,15
2024-12-03 16:00:00,218.0,165.0,53.0,671.0,2.2,49,6.7,289,1020.0,0,0,0,0,0.0,3600.0,41.824,-71.4128,2024,12,3,16
2024-12-03 17:00:00,76.0,49.0,27.0,449.3,0.3,58,6.2,282,1020.5,0,0,0,0,0.0,3600.0,41.824,-71.4128,2024,12,3,17
2024-12-03 18:00:00,1.0,0.0,1.0,0.0,-1.2,67,5.5,279,1020.9,0,0,0,0,0.0,0.0,41.824,-71.4128,2024,12,3,18
2024-12-03 19:00:00,0.0,0.0,0.0,0.0,-1.7,70,4.8,248,1021.0,0,0,0,0,0.0,0.0,41.824,-71.4128,2024,12,3,19
2024-12-03 20:00:00,0.0,0.0,0.0,0.0,-1.8,72,5.7,261,1021.2,2,0,2,0,0.0,0.0,41.824,-71.4128,2024,12,3,20
2024-12-03 21:00:00,0.0,0.0,0.0,0.0,-1.9,74,5.3,280,1021.4,85,56,84,0,0.0,0.0,41.824,-71.4128,2024,12,3,21
2024-12-03 22:00:00,0.0,0.0,0.0,0.0,-1.5,74,11.7,307,1021.6,87,29,85,0,0.0,0.0,41.824,-71.4128,2024,12,3,22
2024-12-03 23:00:00,0.0,0.0,0.0,0.0,-0.9,76,9.6,300,1021.5,0,0,0,0,0.0,0.0,41.824,-71.4128,2024,12,3,23
2024-12-04 00:00:00,0.0,0.0,0.0,0.0,-1.3,73,11.2,288,1021.6,16,3,16,0,0.0,0.0,41.824,-71.4128,2024,12,4,0
2024-12-04 01:00:00,0.0,0.0,0.0,0.0,-2.3,74,12.3,288,1021.7,1,0,1,0,0.0,0.0,41.824,-71.4128,2024,12,4,1
2024-12-04 02:00:00,0.0,0.0,0.0,0.0,-2.9,74,13.6,288,1021.7,0,0,0,0,0.0,0.0,41.824,-71.4128,2024,12,4,2
2024-12-04 03:00:00,0.0,0.0,0.0,0.0,-3.4,75,13.4,292,1022.0,0,0,0,0,0.0,0.0,41.824,-71.4128,2024,12,4,3
2024-12-04 04:00:00,0.0,0.0,0.0,0.0,-3.4,75,13.5,301,1022.3,0,0,0,0,0.0,0.0,41.824,-71.4128,2024,12,4,4
2024-12-04 05:00:00,0.0,0.0,0.0,0.0,-3.4,75,12.3,304,1022.3,0,0,0,0,0.0,0.0,41.824,-71.4128,2024,12,4,5
2024-12-04 06:00:00,0.0,0.0,0.0,0.0,-3.6,74,11.3,299,1022.3,0,0,0,0,0.0,0.0,41.824,-71.4128,2024,12,4,6
2024-12-04 07:00:00,0.0,0.0,0.0,0.0,-3.8,73,10.5,295,1022.5,0,0,0,0,0.0,0.0,41.824,-71.4128,2024,12,4,7
2024-12-04 08:00:00,0.0,0.0,0.0,0.0,-4.1,73,9.3,292,1022.9,0,0,0,0,0.0,0.0,41.824,-71.4128,2024,12,4,8
2024-12-04 09:00:00,51.0,32.0,19.0,343.3,-3.2,63,8.6,285,1023.1,0,0,0,0,0.0,3447.13,41.824,-71.4128,2024,12,4,9
2024-12-04 10:00:00,191.0,142.0,49.0,648.9,-1.4,52,6.2,280,1023.0,0,0,0,0,0.0,3600.0,41.824,-71.4128,2024,12,4,10
2024-12-04 11:00:00,320.0,260.0,60.0,783.8,0.8,39,4.5,263,1022.7,0,0,0,0,0.0,3600.0,41.824,-71.4128,2024,12,4,11
2024-12-04 12:00:00,407.0,341.0,66.0,842.6,2.0,34,5.2,224,1021.9,2,0,0,2,0.0,3600.0,41.824,-71.4128,2024,12,4,12
2024-12-04 13:00:00,440.0,372.0,68.0,859.4,2.8,34,7.2,192,1020.8,42,0,0,42,0.0,3600.0,41.824,-71.4128,2024,12,4,13
2024-12-04 14:00:00,414.0,345.0,69.0,832.8,3.1,36,9.7,181,1019.7,100,0,34,100,0.0,3600.0,41.824,-71.4128,2024,12,4,14
2024-12-04 15:00:00,293.0,169.0,124.0,482.7,2.9,38,12.6,175,1018.7,100,0,89,100,0.0,3600.0,41.824,-71.4128,2024,12,4,15
2024-12-04 16:00:00,143.0,25.0,118.0,102.1,2.2,48,12.6,184,1018.2,100,2,100,100,0.0,1262.43,41.824,-71.4128,2024,12,4,16
2024-12-04 17:00:00,38.0,1.0,37.0,9.2,1.2,65,9.2,168,1017.2,100,67,100,100,0.0,0.0,41.824,-71.4128,2024,12,4,17
2024-12-04 18:00:00,1.0,0.0,1.0,0.0,1.0,70,7.2,153,1016.2,100,100,100,100,0.0,0.0,41.824,-71.4128,2024,12,4,18
2024-12-04 19:00:00,0.0,0.0,0.0,0.0,1.5,70,6.5,161,1015.2,100,100,100,100,0.0,0.0,41.824,-71.4128,2024,12,4,19
2024-12-04 20:00:00,0.0,0.0,0.0,0.0,2.4,69,9.3,170,1013.6,100,100,100,100,0.0,0.0,41.824,-71.4128,2024,12,4,20
2024-12-04 21:00:00,0.0,0.0,0.0,0.0,4.5,62,13.4,191,1011.7,100,15,100,98,0.0,0.0,41.824,-71.4128,2024,12,4,21
2024-12-04 22:00:00,0.0,0.0,0.0,0.0,5.0,60,18.2,194,1010.5,100,9,100,100,0.0,0.0,41.824,-71.4128,2024,12,4,22
2024-12-04 23:00:00,0.0,0.0,0.0,0.0,5.1,71,19.0,190,1008.8,100,50,100,97,0.2,0.0,41.824,-71.4128,2024,12,4,23
2024-12-05 00:00:00,0.0,0.0,0.0,0.0,4.3,92,19.4,198,1007.4,100,100,100,100,1.3,0.0,41.824,-71.4128,2024,12,5,0
2024-12-05 01:00:00,0.0,0.0,0.0,0.0,4.5,94,17.3,222,1005.7,100,100,100,100,1.5,0.0,41.824,-71.4128,2024,12,5,1
2024-12-05 02:00:00,0.0,0.0,0.0,0.0,4.3,93,21.3,235,1004.8,100,2,100,100,1.1,0.0,41.824,-71.4128,2024,12,5,2
2024-12-05 03:00:00,0.0,0.0,0.0,0.0,3.4,95,21.0,231,1003.6,100,38,100,100,1.1,0.0,41.824,-71.4128,2024,12,5,3
2024-12-05 04:00:00,0.0,0.0,0.0,0.0,2.7,97,17.6,223,1002.5,100,66,100,100,1.3,0.0,41.824,-71.4128,2024,12,5,4
2024-12-05 05:00:00,0.0,0.0,0.0,0.0,2.0,100,14.2,218,1001.1,100,100,100,100,1.6,0.0,41.824,-71.4128,2024,12,5,5
2024-12-05 06:00:00,0.0,0.0,0.0,0.0,2.1,98,14.2,221,999.9,100,100,100,100,1.1,0.0,41.824,-71.4128,2024,12,5,6
2024-12-05 07:00:00,0.0,0.0,0.0,0.0,2.1,98,13.7,219,999.0,100,100,100,0,0.7,0.0,41.824,-71.4128,2024,12,5,7
2024-12-05 08:00:00,0.0,0.0,0.0,0.0,2.1,98,13.3,220,998.1,100,68,100,28,0.7,0.0,41.824,-71.4128,2024,12,5,8
2024-12-05 09:00:00,12.0,0.0,12.0,0.0,1.0,99,11.4,241,998.6,100,97,100,69,0.8,0.0,41.824,-71.4128,2024,12,5,9
2024-12-05 10:00:00,31.0,0.0,31.0,0.0,1.3,98,10.8,232,997.6,96,0,95,79,1.6,0.0,41.824,-71.4128,2024,12,5,10
2024-12-05 11:00:00,228.0,82.0,146.0,249.1,2.4,92,11.2,237,996.5,30,23,10,0,0.6,3600.0,41.824,-71.4128,2024,12,5,11
2024-12-05 12:00:00,395.0,302.0,93.0,750.5,3.2,86,18.6,243,995.9,100,34,100,0,0.0,3600.0,41.824,-71.4128,2024,12,5,12
2024-12-05 13:00:00,223.0,23.0,200.0,53.4,3.3,81,17.1,249,995.1,45,32,20,0,0.1,0.0,41.824,-71.4128,2024,12,5,13
2024-12-05 14:00:00,361.0,241.0,120.0,584.1,4.6,70,18.0,267,994.3,6,5,2,0,0.0,3600.0,41.824,-71.4128,2024,12,5,14
2024-12-05 15:00:00,327.0,249.0,78.0,713.7,4.8,60,17.7,266,994.4,68,11,65,0,0.0,3600.0,41.824,-71.4128,2024,12,5,15
2024-12-05 16:00:00,163.0,74.0,89.0,303.3,4.2,59,14.9,269,994.7,37,22,34,0,0.0,3600.0,41.824,-71.4128,2024,12,5,16
2024-12-05 17:00:00,63.0,33.0,30.0,304.9,2.2,70,17.3,272,996.0,26,3,24,0,0.0,3600.0,41.824,-71.4128,2024,12,5,17
2024-12-05 18:00:00,1.0,0.0,1.0,0.0,1.4,68,20.9,272,997.1,60,1,60,0,0.0,0.0,41.824,-71.4128,2024,12,5,18
2024-12-05 19:00:00,0.0,0.0,0.0,0.0,0.8,69,23.8,278,997.9,1,0,1,0,0.0,0.0,41.824,-71.4128,2024,12,5,19
2024-12-05 20:00:00,0.0,0.0,0.0,0.0,0.7,66,25.6,283,999.2,23,23,1,0,0.0,0.0,41.824,-71.4128,2024,12,5,20
2024-12-05 21:00:00,0.0,0.0,0.0,0.0,1.1,61,29.0,279,1001.1,7,7,0,0,0.0,0.0,41.824,-71.4128,2024,12,5,21
2024-12-05 22:00:00,0.0,0.0,0.0,0.0,0.7,61,25.9,280,1002.2,41,41,0,0,0.0,0.0,41.824,-71.4128,2024,12,5,22
2024-12-05 23:00:00,0.0,0.0,0.0,0.0,0.7,62,22.6,276,1002.9,4,4,0,0,0.0,0.0,41.824,-71.4128,2024,12,5,23
2024-12-06 00:00:00,0.0,0.0,0.0,0.0,0.2,65,21.5,275,1003.6,55,52,7,0,0.0,0.0,41.824,-71.4128,2024,12,6,0
2024-12-06 01:00:00,0.0,0.0,0.0,0.0,0.1,69,21.0,280,1004.1,40,39,2,0,0.0,0.0,41.824,-71.4128,2024,12,6,1
2024-12-06 02:00:00,0.0,0.0,0.0,0.0,-0.3,71,20.4,288,1004.4,7,7,1,0,0.0,0.0,41.824,-71.4128,2024,12,6,2
2024-12-06 03:00:00,0.0,0.0,0.0,0.0,-1.0,72,20.7,289,1005.5,11,11,0,0,0.0,0.0,41.824,-71.4128,2024,12,6,3
2024-12-06 04:00:00,0.0,0.0,0.0,0.0,-1.7,71,20.3,291,1006.6,5,5,0,0,0.0,0.0,41.824,-71.4128,2024,12,6,4
2024-12-06 05:00:00,0.0,0.0,0.0,0.0,-2.3,71,20.2,293,1007.6,10,10,0,0,0.0,0.0,41.824,-71.4128,2024,12,6,5
2024-12-06 06:00:00,0.0,0.0,0.0,0.0,-2.8,69,19.8,297,1008.8,15,15,0,0,0.0,0.0,41.824,-71.4128,2024,12,6,6
2024-12-06 07:00:00,0.0,0.0,0.0,0.0,-3.3,68,18.1,298,1010.0,9,9,0,0,0.0,0.0,41.824,-71.4128,2024,12,6,7
2024-12-06 08:00:00,0.0,0.0,0.0,0.0,-3.8,68,17.5,296,1011.2,19,19,0,0,0.0,0.0,41.824,-71.4128,2024,12,6,8
2024-12-06 09:00:00,48.0,30.0,18.0,332.1,-2.2,60,20.5,294,1011.9,0,0,0,0,0.0,3329.11,41.824,-71.4128,2024,12,6,9
2024-12-06 10:00:00,190.0,142.0,48.0,665.1,-2.3,53,24.3,305,1012.8,0,0,0,0,0.0,3600.0,41.824,-71.4128,2024,12,6,10
2024-12-06 11:00:00,322.0,261.0,61.0,798.9,-2.4,52,22.8,309,1013.6,2,2,0,0,0.0,3600.0,41.824,-71.4128,2024,12,6,11
2024-12-06 12:00:00,411.0,343.0,68.0,857.0,-2.1,51,20.8,305,1013.8,0,0,0,0,0.0,3600.0,41.824,-71.4128,2024,12,6,12
2024-12-06 13:00:00,447.0,376.0,71.0,876.5,-1.7,48,20.6,308,1014.1,10,10,0,0,0.0,3600.0,41.824,-71.4128,2024,12,6,13
2024-12-06 14:00:00,415.0,331.0,84.0,805.2,-1.4,45,21.3,307,1014.3,31,31,0,0,0.0,3600.0,41.824,-71.4128,2024,12,6,14
2024-12-06 15:00:00,340.0,269.0,71.0,773.6,-1.7,43,20.8,305,1014.6,30,29,0,2,0.0,3600.0,41.824,-71.4128,2024,12,6,15
2024-12-06 16:00:00,216.0,155.0,61.0,637.2,-2.2,45,20.7,301,1015.1,94,66,1,81,0.0,3600.0,41.824,-71.4128,2024,12,6,16
2024-12-06 17:00:00,71.0,35.0,36.0,324.4,-3.1,50,16.0,291,1015.6,56,0,6,56,0.0,3600.0,41.824,-71.4128,2024,12,6,17
2024-12-06 18:00:00,1.0,0.0,1.0,0.0,-3.9,56,15.3,287,1016.3,36,0,5,35,0.0,0.0,41.824,-71.4128,2024,12,6,18
2024-12-06 19:00:00,0.0,0.0,0.0,0.0,-4.5,61,15.1,287,1016.7,81,0,41,79,0.0,0.0,41.824,-71.4128,2024,12,6,19
2024-12-06 20:00:00,0.0,0.0,0.0,0.0,-4.5,63,13.9,283,1017.1,98,0,97,95,0.0,0.0,41.824,-71.4128,2024,12,6,20
2024-12-06 21:00:00,0.0,0.0,0.0,0.0,-3.1,55,15.9,280,1016.9,80,0,79,34,0.0,0.0,41.824,-71.4128,2024,12,6,21
2024-12-06 22:00:00,0.0,0.0,0.0,0.0,-3.2,53,15.5,283,1016.8,69,1,69,0,0.0,0.0,41.824,-71.4128,2024,12,6,22
2024-12-06 23:00:00,0.0,0.0,0.0,0.0,-3.0,52,17.5,289,1016.8,88,2,88,0,0.0,0.0,41.824,-71.4128,2024,12,6,23
2024-12-07 00:00:00,0.0,0.0,0.0,0.0,-3.1,56,16.0,284,1016.9,62,0,62,0,0.0,0.0,41.824,-71.4128,2024,12,7,0
2024-12-07 01:00:00,0.0,0.0,0.0,0.0,-3.5,58,15.0,276,1016.7,8,0,8,0,0.0,0.0,41.824,-71.4128,2024,12,7,1
2024-12-07 02:00:00,0.0,0.0,0.0,0.0,-3.5,60,16.0,271,1016.7,0,0,0,0,0.0,0.0,41.824,-71.4128,2024,12,7,2
2024-12-07 03:00:00,0.0,0.0,0.0,0.0,-3.4,59,16.6,265,1016.6,0,0,0,0,0.0,0.0,41.824,-71.4128,2024,12,7,3
2024-12-07 04:00:00,0.0,0.0,0.0,0.0,-3.7,61,16.5,264,1016.5,0,0,0,0,0.0,0.0,41.824,-71.4128,2024,12,7,4
2024-12-07 05:00:00,0.0,0.0,0.0,0.0,-3.8,64,17.0,263,1016.3,1,1,0,0,0.0,0.0,41.824,-71.4128,2024,12,7,5
2024-12-07 06:00:00,0.0,0.0,0.0,0.0,-4.0,67,17.1,266,1016.5,0,0,0,0,0.0,0.0,41.824,-71.4128,2024,12,7,6
2024-12-07 07:00:00,0.0,0.0,0.0,0.0,-4.2,70,16.6,271,1016.9,0,0,0,0,0.0,0.0,41.824,-71.4128,2024,12,7,7
2024-12-07 08:00:00,0.0,0.0,0.0,0.0,-4.2,71,15.1,273,1017.1,0,0,0,0,0.0,0.0,41.824,-71.4128,2024,12,7,8
2024-12-07 09:00:00,45.0,28.0,17.0,314.8,-3.1,63,12.6,269,1017.6,1,0,1,0,0.0,3271.96,41.824,-71.4128,2024,12,7,9
2024-12-07 10:00:00,184.0,136.0,48.0,644.7,-1.4,58,11.1,263,1017.8,1,1,0,0,0.0,3600.0,41.824,-71.4128,2024,12,7,10
2024-12-07 11:00:00,311.0,248.0,63.0,764.6,0.7,51,13.1,262,1018.0,0,0,0,0,0.0,3600.0,41.824,-71.4128,2024,12,7,11
2024-12-07 12:00:00,400.0,331.0,69.0,831.4,2.1,43,13.9,265,1017.5,0,0,0,0,0.0,3600.0,41.824,-71.4128,2024,12,7,12
2024-12-07 13:00:00,435.0,364.0,71.0,852.0,2.7,45,13.7,265,1016.6,0,0,0,0,0.0,3600.0,41.824,-71.4128,2024,12,7,13
2024-12-07 14:00:00,413.0,343.0,70.0,837.2,2.9,47,13.2,267,1016.0,0,0,0,0,0.0,3600.0,41.824,-71.4128,2024,12,7,14
2024-12-07 15:00:00,337.0,273.0,64.0,787.4,2.8,50,11.7,268,1015.7,3,0,0,3,0.0,3600.0,41.824,-71.4128,2024,12,7,15
2024-12-07 16:00:00,217.0,164.0,53.0,676.0,2.2,56,9.4,270,1015.7,79,0,0,79,0.0,3600.0,41.824,-71.4128,2024,12,7,16
2024-12-07 17:00:00,72.0,40.0,32.0,371.6,0.3,65,6.6,257,1016.2,60,0,30,57,0.0,3600.0,41.824,-71.4128,2024,12,7,17
2024-12-07 18:00:00,1.0,0.0,1.0,0.0,-0.9,71,6.6,254,1016.4,80,0,53,69,0.0,0.0,41.824,-71.4128,2024,12,7,18
2024-12-07 19:00:00,0.0,0.0,0.0,0.0,-1.2,72,6.9,240,1016.2,91,1,89,27,0.0,0.0,41.824,-71.4128,2024,12,7,19
2024-12-07 20:00:00,0.0,0.0,0.0,0.0,-0.8,71,6.7,216,1016.2,100,0,99,45,0.0,0.0,41.824,-71.4128,2024,12,7,20
2024-12-07 21:00:00,0.0,0.0,0.0,0.0,-0.6,65,8.1,208,1015.9,100,0,100,100,0.0,0.0,41.824,-71.4128,2024,12,7,21
2024-12-07 22:00:00,0.0,0.0,0.0,0.0,-0.4,66,5.2,200,1015.1,100,18,100,99,0.0,0.0,41.824,-71.4128,2024,12,7,22
2024-12-07 23:00:00,0.0,0.0,0.0,0.0,-0.1,64,6.6,209,1014.4,100,33,100,100,0.0,0.0,41.824,-71.4128,2024,12,7,23
2024-12-08 00:00:00,0.0,0.0,0.0,0.0,0.2,63,8.2,212,1014.2,100,0,100,100,0.0,0.0,41.824,-71.4128,2024,12,8,0
2024-12-08 01:00:00,0.0,0.0,0.0,0.0,0.1,65,9.5,212,1013.2,100,0,100,100,0.2,0.0,41.824,-71.4128,2024,12,8,1
2024-12-08 02:00:00,0.0,0.0,0.0,0.0,0.1,71,13.2,217,1012.6,100,1,100,100,0.1,0.0,41.824,-71.4128,2024,12,8,2
2024-12-08 03:00:00,0.0,0.0,0.0,0.0,0.2,78,13.7,205,1011.7,100,1,100,100,0.2,0.0,41.824,-71.4128,2024,12,8,3
2024-12-08 04:00:00,0.0,0.0,0.0,0.0,0.7,81,15.9,207,1010.3,100,2,100,98,0.6,0.0,41.824,-71.4128,2024,12,8,4
2024-12-08 05:00:00,0.0,0.0,0.0,0.0,1.6,76,16.3,205,1008.8,100,5,100,100,0.2,0.0,41.824,-71.4128,2024,12,8,5
2024-12-08 06:00:00,0.0,0.0,0.0,0.0,2.5,71,15.6,203,1007.0,100,7,100,98,0.1,0.0,41.824,-71.4128,2024,12,8,6
2024-12-08 07:00:00,0.0,0.0,0.0,0.0,3.4,64,18.4,215,1005.9,100,0,100,69,0.0,0.0,41.824,-71.4128,2024,12,8,7
2024-12-08 08:00:00,0.0,0.0,0.0,0.0,4.1,64,19.8,222,1005.2,100,0,100,90,0.0,0.0,41.824,-71.4128,2024,12,8,8
2024-12-08 09:00:00,9.0,0.0,9.0,0.0,4.8,58,21.0,232,1004.9,100,0,100,94,0.0,0.0,41.824,-71.4128,2024,12,8,9
2024-12-08 10:00:00,34.0,0.0,34.0,0.0,4.7,55,21.6,237,1004.3,100,0,100,43,0.0,0.0,41.824,-71.4128,2024,12,8,10
2024-12-08 11:00:00,82.0,0.0,82.0,0.0,4.9,54,18.9,249,1005.0,9,0,4,6,0.0,0.0,41.824,-71.4128,2024,12,8,11
2024-12-08 12:00:00,370.0,292.0,78.0,737.2,6.6,49,17.7,242,1004.4,1,1,0,0,0.0,3600.0,41.824,-71.4128,2024,12,8,12
2024-12-08 13:00:00,421.0,351.0,70.0,824.8,7.4,49,17.1,245,1004.1,97,15,25,95,0.0,3600.0,41.824,-71.4128,2024,12,8,13
2024-12-08 14:00:00,332.0,197.0,135.0,482.4,7.7,51,14.3,241,1004.1,99,16,4,99,0.0,3600.0,41.824,-71.4128,2024,12,8,14
2024-12-08 15:00:00,261.0,124.0,137.0,358.6,7.9,52,17.4,256,1004.3,95,7,1,94,0.0,3600.0,41.824,-71.4128,2024,12,8,15
2024-12-08 16:00:00,181.0,103.0,78.0,425.5,7.4,55,17.7,264,1004.8,8,6,0,3,0.0,3600.0,41.824,-71.4128,2024,12,8,16
2024-12-08 17:00:00,70.0,43.0,27.0,400.3,6.3,60,18.4,271,1005.9,5,5,0,0,0.0,3600.0,41.824,-71.4128,2024,12,8,17
2024-12-08 18:00:00,1.0,0.0,1.0,0.0,5.7,63,19.5,273,1007.4,24,17,0,9,0.0,0.0,41.824,-71.4128,2024,12,8,18
2024-12-08 19:00:00,0.0,0.0,0.0,0.0,5.7,64,20.0,271,1008.5,59,59,0,0,0.0,0.0,41.824,-71.4128,2024,12,8,19
2024-12-08 20:00:00,0.0,0.0,0.0,0.0,5.6,67,17.7,267,1009.6,33,26,0,10,0.0,0.0,41.824,-71.4128,2024,12,8,20
2024-12-08 21:00:00,0.0,0.0,0.0,0.0,5.2,66,14.3,276,1011.1,33,25,1,11,0.0,0.0,41.824,-71.4128,2024,12,8,21
2024-12-08 22:00:00,0.0,0.0,0.0,0.0,4.3,71,12.9,283,1012.0,23,10,0,15,0.0,0.0,41.824,-71.4128,2024,12,8,22
2024-12-08 23:00:00,0.0,0.0,0.0,0.0,4.1,73,15.2,292,1012.1,63,3,0,62,0.0,0.0,41.824,-71.4128,2024,12,8,23
2024-12-09 00:00:00,0.0,0.0,0.0,0.0,4.2,74,12.0,288,1012.5,68,0,0,68,0.0,0.0,41.824,-71.4128,2024,12,9,0
2024-12-09 01:00:00,0.0,0.0,0.0,0.0,2.8,82,9.6,256,1013.7,100,0,0,100,0.0,0.0,41.824,-71.4128,2024,12,9,1
2024-12-09 02:00:00,0.0,0.0,0.0,0.0,2.2,84,10.9,263,1014.5,22,0,19,15,0.0,0.0,41.824,-71.4128,2024,12,9,2
2024-12-09 03:00:00,0.0,0.0,0.0,0.0,1.8,86,9.4,266,1015.0,11,0,9,2,0.0,0.0,41.824,-71.4128,2024,12,9,3
2024-12-09 04:00:00,0.0,0.0,0.0,0.0,1.5,87,10.5,277,1015.6,3,0,1,1,0.0,0.0,41.824,-71.4128,2024,12,9,4
2024-12-09 05:00:00,0.0,0.0,0.0,0.0,1.3,87,8.4,304,1015.8,8,0,8,0,0.0,0.0,41.824,-71.4128,2024,12,9,5
2024-12-09 06:00:00,0.0,0.0,0.0,0.0,0.7,89,7.6,278,1016.8,70,0,1,69,0.0,0.0,41.824,-71.4128,2024,12,9,6
2024-12-09 07:00:00,0.0,0.0,0.0,0.0,-0.2,91,3.7,23,1015.9,94,0,38,90,0.0,0.0,41.824,-71.4128,2024,12,9,7
2024-12-09 08:00:00,0.0,0.0,0.0,0.0,0.2,91,6.7,336,1018.4,68,0,50,35,0.0,0.0,41.824,-71.4128,2024,12,9,8
2024-12-09 09:00:00,35.0,16.0,19.0,185.3,0.9,86,5.0,15,1017.8,100,0,97,90,0.0,3162.04,41.824,-71.4128,2024,12,9,9
2024-12-09 10:00:00,94.0,31.0,63.0,150.4,2.2,84,2.0,100,1018.9,100,0,86,100,0.0,2711.96,41.824,-71.4128,2024,12,9,10
2024-12-09 11:00:00,168.0,64.0,104.0,200.1,3.5,81,1.5,69,1018.7,100,0,2,100,0.0,3600.0,41.824,-71.4128,2024,12,9,11
2024-12-09 12:00:00,299.0,123.0,176.0,312.0,5.6,74,3.9,118,1018.1,99,0,0,99,0.0,3600.0,41.824,-71.4128,2024,12,9,12
2024-12-09 13:00:00,406.0,324.0,82.0,764.2,7.4,67,6.0,129,1017.3,100,0,0,100,0.0,3600.0,41.824,-71.4128,2024,12,9,13
2024-12-09 14:00:00,282.0,86.0,196.0,211.2,7.7,66,7.5,123,1016.6,100,0,77,100,0.0,3600.0,41.824,-71.4128,2024,12,9,14
2024-12-09 15:00:00,129.0,7.0,122.0,20.3,7.7,67,8.0,106,1015.7,100,0,100,100,0.0,0.0,41.824,-71.4128,2024,12,9,15
2024-12-09 16:00:00,39.0,0.0,39.0,0.0,7.2,70,10.4,98,1015.0,100,0,100,100,0.0,0.0,41.824,-71.4128,2024,12,9,16
2024-12-09 17:00:00,16.0,0.0,16.0,0.0,6.5,75,11.0,80,1015.2,100,11,100,100,0.2,0.0,41.824,-71.4128,2024,12,9,17
2024-12-09 18:00:00,0.0,0.0,0.0,0.0,4.9,92,11.8,62,1015.5,100,100,100,89,1.2,0.0,41.824,-71.4128,2024,12,9,18
2024-12-09 19:00:00,0.0,0.0,0.0,0.0,4.5,96,14.7,65,1014.9,100,100,100,100,2.1,0.0,41.824,-71.4128,2024,12,9,19
2024-12-09 20:00:00,0.0,0.0,0.0,0.0,4.8,97,15.1,72,1014.3,100,100,100,5,1.5,0.0,41.824,-71.4128,2024,12,9,20
2024-12-09 21:00:00,0.0,0.0,0.0,0.0,5.6,98,12.7,63,1014.7,100,100,100,75,0.9,0.0,41.824,-71.4128,2024,12,9,21
2024-12-09 22:00:00,0.0,0.0,0.0,0.0,5.8,98,11.7,47,1014.6,100,100,96,0,0.8,0.0,41.824,-71.4128,2024,12,9,22
2024-12-09 23:00:00,0.0,0.0,0.0,0.0,5.9,98,13.0,26,1014.3,100,100,3,7,0.2,0.0,41.824,-71.4128,2024,12,9,23
2024-12-10 00:00:00,0.0,0.0,0.0,0.0,6.0,98,12.0,12,1014.8,100,100,15,0,0.1,0.0,41.824,-71.4128,2024,12,10,0
2024-12-10 01:00:00,0.0,0.0,0.0,0.0,6.2,98,13.0,14,1014.6,100,100,21,97,0.1,0.0,41.824,-71.4128,2024,12,10,1
2024-12-10 02:00:00,0.0,0.0,0.0,0.0,6.4,98,14.1,11,1014.6,100,100,0,100,0.0,0.0,41.824,-71.4128,2024,12,10,2
2024-12-10 03:00:00,0.0,0.0,0.0,0.0,6.4,98,13.9,4,1015.3,100,100,0,100,0.0,0.0,41.824,-71.4128,2024,12,10,3
2024-12-10 04:00:00,0.0,0.0,0.0,0.0,6.3,98,13.0,1,1016.0,100,100,3,100,0.0,0.0,41.824,-71.4128,2024,12,10,4
2024-12-10 05:00:00,0.0,0.0,0.0,0.0,6.1,97,14.2,359,1016.5,100,100,6,100,0.0,0.0,41.824,-71.4128,2024,12,10,5
2024-12-10 06:00:00,0.0,0.0,0.0,0.0,5.8,97,14.8,6,1017.0,100,100,4,100,0.0,0.0,41.824,-71.4128,2024,12,10,6
2024-12-10 07:00:00,0.0,0.0,0.0,0.0,5.7,97,15.6,16,1017.3,100,100,8,100,0.0,0.0,41.824,-71.4128,2024,12,10,7
2024-12-10 08:00:00,0.0,0.0,0.0,0.0,5.5,97,12.4,19,1017.8,100,100,8,99,0.0,0.0,41.824,-71.4128,2024,12,10,8
2024-12-10 09:00:00,13.0,0.0,13.0,0.0,2.9,94,11.5,360,1019.4,100,100,28,100,0.0,0.0,41.824,-71.4128,2024,12,10,9
2024-12-10 10:00:00,54.0,1.0,53.0,4.9,2.5,91,12.4,8,1020.2,100,100,72,92,0.0,0.0,41.824,-71.4128,2024,12,10,10
2024-12-10 11:00:00,108.0,8.0,100.0,25.2,3.1,87,11.4,13,1020.9,100,100,84,68,0.0,0.0,41.824,-71.4128,2024,12,10,11
2024-12-10 12:00:00,133.0,3.0,130.0,7.6,3.9,84,10.6,19,1020.6,100,100,89,100,0.0,0.0,41.824,-71.4128,2024,12,10,12
2024-12-10 13:00:00,129.0,11.0,118.0,26.0,4.2,83,8.8,12,1019.5,100,95,83,100,0.0,0.0,41.824,-71.4128,2024,12,10,13
2024-12-10 14:00:00,180.0,11.0,169.0,27.1,5.3,80,7.7,21,1019.1,100,89,86,100,0.0,0.0,41.824,-71.4128,2024,12,10,14
2024-12-10 15:00:00,177.0,27.0,150.0,78.4,5.7,79,7.3,31,1018.9,100,91,66,90,0.0,552.58,41.824,-71.4128,2024,12,10,15
2024-12-10 16:00:00,130.0,33.0,97.0,136.8,5.7,82,6.9,53,1018.9,100,100,100,3,0.0,2302.94,41.824,-71.4128,2024,12,10,16
2024-12-10 17:00:00,23.0,2.0,21.0,18.7,5.3,86,6.2,52,1019.1,100,100,32,81,0.0,0.0,41.824,-71.4128,2024,12,10,17
2024-12-10 18:00:00,1.0,0.0,1.0,0.0,4.7,90,6.4,38,1019.1,100,100,0,59,0.0,0.0,41.824,-71.4128,2024,12,10,18
2024-12-10 19:00:00,0.0,0.0,0.0,0.0,4.6,91,8.2,54,1019.0,100,100,1,40,0.0,0.0,41.824,-71.4128,2024,12,10,19
2024-12-10 20:00:00,0.0,0.0,0.0,0.0,4.5,93,8.0,56,1019.0,100,100,38,94,0.0,0.0,41.824,-71.4128,2024,12,10,20
2024-12-10 21:00:00,0.0,0.0,0.0,0.0,2.7,92,8.1,62,1019.4,100,100,1,100,0.0,0.0,41.824,-71.4128,2024,12,10,21
2024-12-10 22:00:00,0.0,0.0,0.0,0.0,3.0,95,8.0,59,1018.7,100,100,8,100,0.0,0.0,41.824,-71.4128,2024,12,10,22
2024-12-10 23:00:00,0.0,0.0,0.0,0.0,3.5,96,8.0,72,1017.8,100,100,100,100,0.0,0.0,41.824,-71.4128,2024,12,10,23
2024-12-11 00:00:00,0.0,0.0,0.0,0.0,4.1,97,8.2,98,1016.9,100,100,75,100,0.0,0.0,41.824,-71.4128,2024,12,11,0
2024-12-11 01:00:00,0.0,0.0,0.0,0.0,4.9,97,9.3,109,1016.1,100,100,100,100,0.0,0.0,41.824,-71.4128,2024,12,11,1
2024-12-11 02:00:00,0.0,0.0,0.0,0.0,5.6,98,8.5,126,1015.1,100,100,100,100,0.2,0.0,41.824,-71.4128,2024,12,11,2
2024-12-11 03:00:00,0.0,0.0,0.0,0.0,6.4,99,10.2,121,1014.4,100,100,58,100,0.2,0.0,41.824,-71.4128,2024,12,11,3
2024-12-11 04:00:00,0.0,0.0,0.0,0.0,7.6,99,11.3,129,1013.4,100,100,100,100,0.2,0.0,41.824,-71.4128,2024,12,11,4
2024-12-11 05:00:00,0.0,0.0,0.0,0.0,9.0,99,8.8,133,1012.2,100,100,100,100,0.5,0.0,41.824,-71.4128,2024,12,11,5
2024-12-11 06:00:00,0.0,0.0,0.0,0.0,10.6,99,13.1,167,1011.6,100,100,100,100,2.0,0.0,41.824,-71.4128,2024,12,11,6
2024-12-11 07:00:00,0.0,0.0,0.0,0.0,12.1,97,13.5,185,1010.8,100,0,99,100,0.4,0.0,41.824,-71.4128,2024,12,11,7
2024-12-11 08:00:00,0.0,0.0,0.0,0.0,11.7,97,11.2,177,1010.5,100,1,100,100,0.4,0.0,41.824,-71.4128,2024,12,11,8
2024-12-11 09:00:00,3.0,0.0,3.0,0.0,8.9,99,7.5,156,1010.8,100,99,100,100,3.8,0.0,41.824,-71.4128,2024,12,11,9
2024-12-11 10:00:00,11.0,0.0,11.0,0.0,10.3,99,14.8,148,1010.0,100,100,100,100,4.9,0.0,41.824,-71.4128,2024,12,11,10
2024-12-11 11:00:00,22.0,0.0,22.0,0.0,13.2,98,20.7,179,1008.9,100,85,100,100,2.2,0.0,41.824,-71.4128,2024,12,11,11
2024-12-11 12:00:00,74.0,0.0,74.0,0.0,14.2,98,22.1,180,1007.0,100,100,99,100,3.1,0.0,41.824,-71.4128,2024,12,11,12
2024-12-11 13:00:00,44.0,0.0,44.0,0.0,14.4,98,26.8,178,1004.9,100,91,100,100,2.6,0.0,41.824,-71.4128,2024,12,11,13
2024-12-11 14:00:00,48.0,1.0,47.0,2.5,14.8,98,26.1,189,1003.7,100,100,100,100,3.5,0.0,41.824,-71.4128,2024,12,11,14
2024-12-11 15:00:00,35.0,0.0,35.0,0.0,15.1,97,31.5,186,1002.7,100,100,100,100,3.2,0.0,41.824,-71.4128,2024,12,11,15
2024-12-11 16:00:00,22.0,0.0,22.0,0.0,15.3,97,34.1,183,1001.5,100,99,100,100,2.7,0.0,41.824,-71.4128,2024,12,11,16
2024-12-11 17:00:00,8.0,0.0,8.0,0.0,15.2,97,35.2,184,1000.5,100,100,100,100,3.1,0.0,41.824,-71.4128,2024,12,11,17
2024-12-11 18:00:00,0.0,0.0,0.0,0.0,15.3,96,41.4,178,998.9,100,100,100,100,2.8,0.0,41.824,-71.4128,2024,12,11,18
2024-12-11 19:00:00,0.0,0.0,0.0,0.0,15.2,97,38.3,180,997.4,100,100,100,100,3.5,0.0,41.824,-71.4128,2024,12,11,19
2024-12-11 20:00:00,0.0,0.0,0.0,0.0,15.0,98,25.8,204,997.7,100,83,100,100,16.0,0.0,41.824,-71.4128,2024,12,11,20
2024-12-11 21:00:00,0.0,0.0,0.0,0.0,14.6,97,26.2,195,996.8,100,100,100,100,7.3,0.0,41.824,-71.4128,2024,12,11,21
2024-12-11 22:00:00,0.0,0.0,0.0,0.0,14.1,97,20.2,197,995.5,100,100,100,100,10.3,0.0,41.824,-71.4128,2024,12,11,22
2024-12-11 23:00:00,0.0,0.0,0.0,0.0,13.7,96,20.1,216,995.7,100,13,98,100,7.3,0.0,41.824,-71.4128,2024,12,11,23
2024-12-12 00:00:00,0.0,0.0,0.0,0.0,12.9,96,11.8,216,994.8,100,0,100,100,4.6,0.0,41.824,-71.4128,2024,12,12,0
2024-12-12 01:00:00,0.0,0.0,0.0,0.0,12.5,97,16.3,229,995.7,100,100,100,100,0.5,0.0,41.824,-71.4128,2024,12,12,1
2024-12-12 02:00:00,0.0,0.0,0.0,0.0,5.7,87,29.3,285,999.4,100,100,2,0,0.3,0.0,41.824,-71.4128,2024,12,12,2
2024-12-12 03:00:00,0.0,0.0,0.0,0.0,4.6,69,24.9,290,1000.9,47,46,2,0,0.0,0.0,41.824,-71.4128,2024,12,12,3
2024-12-12 04:00:00,0.0,0.0,0.0,0.0,3.9,68,21.5,280,1003.8,46,46,1,0,0.0,0.0,41.824,-71.4128,2024,12,12,4
2024-12-12 05:00:00,0.0,0.0,0.0,0.0,3.5,66,21.4,272,1006.5,19,19,0,0,0.0,0.0,41.824,-71.4128,2024,12,12,5
2024-12-12 06:00:00,0.0,0.0,0.0,0.0,2.9,60,20.9,271,1008.3,0,0,0,0,0.0,0.0,41.824,-71.4128,2024,12,12,6
2024-12-12 07:00:00,0.0,0.0,0.0,0.0,2.3,66,14.1,260,1010.2,3,3,0,0,0.0,0.0,41.824,-71.4128,2024,12,12,7
2024-12-12 08:00:00,0.0,0.0,0.0,0.0,1.6,68,16.2,249,1011.9,0,0,0,0,0.0,0.0,41.824,-71.4128,2024,12,12,8
2024-12-12 09:00:00,26.0,11.0,15.0,132.9,2.9,62,18.4,248,1012.5,9,9,0,0,0.0,2620.1,41.824,-71.4128,2024,12,12,9
2024-12-12 10:00:00,172.0,126.0,46.0,631.4,3.3,53,20.1,245,1014.2,0,0,0,0,0.0,3600.0,41.824,-71.4128,2024,12,12,10
2024-12-12 11:00:00,301.0,243.0,58.0,773.9,4.1,48,21.2,245,1015.2,0,0,0,0,0.0,3600.0,41.824,-71.4128,2024,12,12,11
2024-12-12 12:00:00,390.0,325.0,65.0,835.1,4.5,44,23.7,248,1015.1,24,23,7,0,0.0,3600.0,41.824,-71.4128,2024,12,12,12
2024-12-12 13:00:00,402.0,313.0,89.0,745.3,4.8,42,26.9,253,1015.1,94,93,74,0,0.0,3600.0,41.824,-71.4128,2024,12,12,13
2024-12-12 14:00:00,244.0,80.0,164.0,197.9,4.3,45,23.5,251,1015.4,64,64,6,0,0.0,3600.0,41.824,-71.4128,2024,12,12,14
2024-12-12 15:00:00,250.0,131.0,119.0,381.6,4.4,38,21.8,252,1015.7,4,3,0,0,0.0,3600.0,41.824,-71.4128,2024,12,12,15
2024-12-12 16:00:00,222.0,174.0,48.0,722.0,3.9,32,18.9,258,1016.5,0,0,0,0,0.0,3600.0,41.824,-71.4128,2024,12,12,16
2024-12-12 17:00:00,79.0,53.0,26.0,494.4,2.6,38,16.0,261,1018.0,0,0,0,0,0.0,3600.0,41.824,-71.4128,2024,12,12,17
2024-12-12 18:00:00,1.0,0.0,1.0,0.0,1.4,48,14.7,281,1019.9,15,15,0,0,0.0,0.0,41.824,-71.4128,2024,12,12,18
2024-12-12 19:00:00,0.0,0.0,0.0,0.0,0.3,43,17.0,277,1022.2,0,0,0,0,0.0,0.0,41.824,-71.4128,2024,12,12,19
2024-12-12 20:00:00,0.0,0.0,0.0,0.0,-0.8,44,13.9,274,1024.3,32,2,0,31,0.0,0.0,41.824,-71.4128,2024,12,12,20
2024-12-12 21:00:00,0.0,0.0,0.0,0.0,-0.4,45,15.4,296,1024.8,6,0,0,6,0.0,0.0,41.824,-71.4128,2024,12,12,21
2024-12-12 22:00:00,0.0,0.0,0.0,0.0,-1.3,47,12.6,292,1026.2,55,0,0,55,0.0,0.0,41.824,-71.4128,2024,12,12,22
2024-12-12 23:00:00,0.0,0.0,0.0,0.0,-1.9,51,9.7,280,1026.9,0,0,0,0,0.0,0.0,41.824,-71.4128,2024,12,12,23
2024-12-13 00:00:00,0.0,0.0,0.0,0.0,-2.5,55,9.5,272,1027.9,0,0,0,0,0.0,0.0,41.824,-71.4128,2024,12,13,0
2024-12-13 01:00:00,0.0,0.0,0.0,0.0,-3.1,60,8.0,279,1028.4,0,0,0,0,0.0,0.0,41.824,-71.4128,2024,12,13,1
2024-12-13 02:00:00,0.0,0.0,0.0,0.0,-3.4,64,7.2,269,1028.8,0,0,0,0,0.0,0.0,41.824,-71.4128,2024,12,13,2
2024-12-13 03:00:00,0.0,0.0,0.0,0.0,-3.7,67,8.1,271,1029.3,0,0,0,0,0.0,0.0,41.824,-71.4128,2024,12,13,3
2024-12-13 04:00:00,0.0,0.0,0.0,0.0,-3.8,66,8.4,260,1030.0,3,0,3,0,0.0,0.0,41.824,-71.4128,2024,12,13,4
2024-12-13 05:00:00,0.0,0.0,0.0,0.0,-4.0,66,7.8,263,1030.2,6,0,6,0,0.0,0.0,41.824,-71.4128,2024,12,13,5
2024-12-13 06:00:00,0.0,0.0,0.0,0.0,-4.1,65,8.5,263,1030.6,28,0,28,0,0.0,0.0,41.824,-71.4128,2024,12,13,6
2024-12-13 07:00:00,0.0,0.0,0.0,0.0,-4.1,64,8.3,264,1031.2,10,0,10,0,0.0,0.0,41.824,-71.4128,2024,12,13,7
2024-12-13 08:00:00,0.0,0.0,0.0,0.0,-4.3,64,9.0,267,1032.1,7,0,7,0,0.0,0.0,41.824,-71.4128,2024,12,13,8
2024-12-13 09:00:00,36.0,21.0,15.0,257.1,-3.3,60,9.2,276,1032.8,0,0,0,0,0.0,2963.48,41.824,-71.4128,2024,12,13,9
2024-12-13 10:00:00,170.0,125.0,45.0,632.6,-2.0,51,12.1,293,1033.7,0,0,0,0,0.0,3600.0,41.824,-71.4128,2024,12,13,10
2024-12-13 11:00:00,302.0,243.0,59.0,778.3,-1.3,45,14.5,302,1034.6,0,0,0,0,0.0,3600.0,41.824,-71.4128,2024,12,13,11
2024-12-13 12:00:00,393.0,327.0,66.0,843.4,-0.8,42,15.3,304,1034.7,0,0,0,0,0.0,3600.0,41.824,-71.4128,2024,12,13,12
2024-12-13 13:00:00,431.0,363.0,68.0,866.6,-0.4,41,16.0,306,1034.5,0,0,0,0,0.0,3600.0,41.824,-71.4128,2024,12,13,13
2024-12-13 14:00:00,413.0,346.0,67.0,857.3,-0.2,37,16.2,305,1034.5,0,0,0,0,0.0,3600.0,41.824,-71.4128,2024,12,13,14
2024-12-13 15:00:00,340.0,279.0,61.0,813.6,-0.4,36,16.1,310,1034.8,0,0,0,0,0.0,3600.0,41.824,-71.4128,2024,12,13,15
2024-12-13 16:00:00,221.0,170.0,51.0,705.4,-0.8,38,14.9,313,1035.4,0,0,0,0,0.0,3600.0,41.824,-71.4128,2024,12,13,16
2024-12-13 17:00:00,79.0,52.0,27.0,484.7,-1.7,43,11.5,314,1036.4,0,0,0,0,0.0,3600.0,41.824,-71.4128,2024,12,13,17
2024-12-13 18:00:00,1.0,0.0,1.0,0.0,-2.7,49,10.1,316,1037.2,0,0,0,0,0.0,0.0,41.824,-71.4128,2024,12,13,18
2024-12-13 19:00:00,0.0,0.0,0.0,0.0,-3.3,53,9.4,308,1038.1,0,0,0,0,0.0,0.0,41.824,-71.4128,2024,12,13,19
2024-12-13 20:00:00,0.0,0.0,0.0,0.0,-3.6,55,9.0,301,1039.2,0,0,0,0,0.0,0.0,41.824,-71.4128,2024,12,13,20
2024-12-13 21:00:00,0.0,0.0,0.0,0.0,-3.8,54,9.1,292,1040.4,0,0,0,0,0.0,0.0,41.824,-71.4128,2024,12,13,21
2024-12-13 22:00:00,0.0,0.0,0.0,0.0,-4.1,57,8.8,290,1040.9,0,0,0,0,0.0,0.0,41.824,-71.4128,2024,12,13,22
2024-12-13 23:00:00,0.0,0.0,0.0,0.0,-4.3,61,7.9,283,1041.7,0,0,0,0,0.0,0.0,41.824,-71.4128,2024,12,13,23
2024-12-14 00:00:00,0.0,0.0,0.0,0.0,-4.5,63,8.0,279,1042.2,0,0,0,0,0.0,0.0,41.824,-71.4128,2024,12,14,0
2024-12-14 01:00:00,0.0,0.0,0.0,0.0,-4.6,64,8.7,284,1042.2,0,0,0,0,0.0,0.0,41.824,-71.4128,2024,12,14,1
2024-12-14 02:00:00,0.0,0.0,0.0,0.0,-4.7,64,9.3,294,1042.4,0,0,0,0,0.0,0.0,41.824,-71.4128,2024,12,14,2
2024-12-14 03:00:00,0.0,0.0,0.0,0.0,-4.7,63,9.9,308,1043.0,0,0,0,0,0.0,0.0,41.824,-71.4128,2024,12,14,3
2024-12-14 04:00:00,0.0,0.0,0.0,0.0,-4.8,62,11.1,320,1043.3,0,0,0,0,0.0,0.0,41.824,-71.4128,2024,12,14,4
2024-12-14 05:00:00,0.0,0.0,0.0,0.0,-4.9,62,10.6,330,1043.5,0,0,0,0,0.0,0.0,41.824,-71.4128,2024,12,14,5
2024-12-14 06:00:00,0.0,0.0,0.0,0.0,-4.9,63,9.5,335,1043.8,0,0,0,0,0.0,0.0,41.824,-71.4128,2024,12,14,6
2024-12-14 07:00:00,0.0,0.0,0.0,0.0,-5.0,63,8.6,337,1044.5,0,0,0,0,0.0,0.0,41.824,-71.4128,2024,12,14,7
2024-12-14 08:00:00,0.0,0.0,0.0,0.0,-5.1,63,8.0,332,1045.3,0,0,0,0,0.0,0.0,41.824,-71.4128,2024,12,14,8
2024-12-14 09:00:00,35.0,21.0,14.0,260.4,-5.9,62,9.3,313,1046.3,0,0,0,0,0.0,2919.05,41.824,-71.4128,2024,12,14,9
2024-12-14 10:00:00,170.0,124.0,46.0,633.5,-3.8,50,7.9,325,1046.5,0,0,0,0,0.0,3600.0,41.824,-71.4128,2024,12,14,10
2024-12-14 11:00:00,301.0,241.0,60.0,775.9,-1.9,42,10.7,347,1046.5,0,0,0,0,0.0,3600.0,41.824,-71.4128,2024,12,14,11
2024-12-14 12:00:00,392.0,325.0,67.0,841.1,-0.7,38,10.5,352,1045.9,0,0,0,0,0.0,3600.0,41.824,-71.4128,2024,12,14,12
2024-12-14 13:00:00,431.0,362.0,69.0,866.2,0.2,34,9.3,350,1045.1,0,0,0,0,0.0,3600.0,41.824,-71.4128,2024,12,14,13
2024-12-14 14:00:00,413.0,346.0,67.0,858.5,0.7,34,8.9,353,1044.6,0,0,0,0,0.0,3600.0,41.824,-71.4128,2024,12,14,14
2024-12-14 15:00:00,339.0,278.0,61.0,811.2,0.7,35,8.8,356,1044.2,0,0,0,0,0.0,3600.0,41.824,-71.4128,2024,12,14,15
2024-12-14 16:00:00,220.0,170.0,50.0,705.0,0.3,37,7.9,1,1044.2,0,0,0,0,0.0,3600.0,41.824,-71.4128,2024,12,14,16
2024-12-14 17:00:00,79.0,52.0,27.0,484.0,-1.7,52,4.9,360,1044.8,0,0,0,0,0.0,3600.0,41.824,-71.4128,2024,12,14,17
2024-12-14 18:00:00,1.0,0.0,1.0,0.0,-2.6,52,5.2,4,1045.3,0,0,0,0,0.0,0.0,41.824,-71.4128,2024,12,14,18
2024-12-14 19:00:00,0.0,0.0,0.0,0.0,-3.1,49,4.8,13,1045.5,0,0,0,0,0.0,0.0,41.824,-71.4128,2024,12,14,19
2024-12-14 20:00:00,0.0,0.0,0.0,0.0,-3.5,47,4.1,13,1045.8,0,0,0,0,0.0,0.0,41.824,-71.4128,2024,12,14,20
2024-12-14 21:00:00,0.0,0.0,0.0,0.0,-4.2,53,4.2,10,1045.5,0,0,0,0,0.0,0.0,41.824,-71.4128,2024,12,14,21
2024-12-14 22:00:00,0.0,0.0,0.0,0.0,-4.6,56,4.2,348,1045.5,2,0,0,2,0.0,0.0,41.824,-71.4128,2024,12,14,22
2024-12-14 23:00:00,0.0,0.0,0.0,0.0,-4.6,54,8.0,340,1045.8,0,0,0,0,0.0,0.0,41.824,-71.4128,2024,12,14,23
2024-12-15 00:00:00,0.0,0.0,0.0,0.0,-4.8,56,8.7,6,1045.8,1,0,0,1,0.0,0.0,41.824,-71.4128,2024,12,15,0
2024-12-15 01:00:00,0.0,0.0,0.0,0.0,-5.0,59,8.7,4,1045.2,0,0,0,0,0.0,0.0,41.824,-71.4128,2024,12,15,1
2024-12-15 02:00:00,0.0,0.0,0.0,0.0,-5.4,62,7.7,359,1044.8,0,0,0,0,0.0,0.0,41.824,-71.4128,2024,12,15,2
2024-12-15 03:00:00,0.0,0.0,0.0,0.0,-5.7,65,6.7,358,1044.6,0,0,0,0,0.0,0.0,41.824,-71.4128,2024,12,15,3
2024-12-15 04:00:00,0.0,0.0,0.0,0.0,-5.9,66,6.7,357,1044.7,1,0,0,1,0.0,0.0,41.824,-71.4128,2024,12,15,4
2024-12-15 05:00:00,0.0,0.0,0.0,0.0,-6.1,67,6.9,353,1044.4,4,0,0,4,0.0,0.0,41.824,-71.4128,2024,12,15,5
2024-12-15 06:00:00,0.0,0.0,0.0,0.0,-6.2,67,7.7,339,1044.3,1,0,0,1,0.0,0.0,41.824,-71.4128,2024,12,15,6
2024-12-15 07:00:00,0.0,0.0,0.0,0.0,-6.4,67,7.6,345,1043.9,88,0,0,88,0.0,0.0,41.824,-71.4128,2024,12,15,7
2024-12-15 08:00:00,0.0,0.0,0.0,0.0,-6.7,68,6.7,354,1044.0,21,0,0,21,0.0,0.0,41.824,-71.4128,2024,12,15,8
2024-12-15 09:00:00,34.0,20.0,14.0,251.0,-7.5,67,7.9,348,1044.7,75,0,0,75,0.0,2876.96,41.824,-71.4128,2024,12,15,9
2024-12-15 10:00:00,166.0,121.0,45.0,623.8,-5.2,55,4.8,333,1044.7,99,0,0,99,0.0,3600.0,41.824,-71.4128,2024,12,15,10
2024-12-15 11:00:00,295.0,235.0,60.0,760.2,-2.1,39,3.9,347,1044.4,97,0,0,97,0.0,3600.0,41.824,-71.4128,2024,12,15,11
2024-12-15 12:00:00,375.0,292.0,83.0,758.1,0.3,32,2.1,20,1043.3,100,0,0,100,0.0,3600.0,41.824,-71.4128,2024,12,15,12
2024-12-15 13:00:00,369.0,226.0,143.0,541.9,1.4,34,2.1,128,1042.1,100,0,0,100,0.0,3600.0,41.824,-71.4128,2024,12,15,13
2024-12-15 14:00:00,285.0,94.0,191.0,233.5,1.4,39,4.1,165,1041.5,100,0,0,100,0.0,3600.0,41.824,-71.4128,2024,12,15,14
2024-12-15 15:00:00,203.0,30.0,173.0,87.6,1.1,43,5.4,150,1040.7,100,0,6,100,0.0,826.87,41.824,-71.4128,2024,12,15,15
2024-12-15 16:00:00,139.0,24.0,115.0,99.4,0.6,50,6.0,164,1040.2,100,0,12,100,0.0,1183.0,41.824,-71.4128,2024,12,15,16
2024-12-15 17:00:00,47.0,4.0,43.0,37.2,-0.6,62,4.9,170,1040.2,100,0,1,100,0.0,0.0,41.824,-71.4128,2024,12,15,17
2024-12-15 18:00:00,1.0,0.0,1.0,0.0,-1.5,71,3.8,180,1039.9,100,0,12,100,0.0,0.0,41.824,-71.4128,2024,12,15,18
2024-12-15 19:00:00,0.0,0.0,0.0,0.0,-1.4,71,3.2,223,1039.8,100,0,76,100,0.0,0.0,41.824,-71.4128,2024,12,15,19
2024-12-15 20:00:00,0.0,0.0,0.0,0.0,-1.5,71,1.8,233,1039.6,100,0,95,100,0.0,0.0,41.824,-71.4128,2024,12,15,20
2024-12-15 21:00:00,0.0,0.0,0.0,0.0,-2.1,63,1.5,30,1039.5,100,1,100,100,0.0,0.0,41.824,-71.4128,2024,12,15,21
2024-12-15 22:00:00,0.0,0.0,0.0,0.0,-2.2,62,1.4,67,1039.1,100,12,100,100,0.0,0.0,41.824,-71.4128,2024,12,15,22
2024-12-15 23:00:00,0.0,0.0,0.0,0.0,-2.0,59,3.9,77,1038.3,100,22,100,100,0.0,0.0,41.824,-71.4128,2024,12,15,23
2024-12-16 00:00:00,0.0,0.0,0.0,0.0,-1.6,59,4.5,83,1037.5,100,12,100,100,0.0,0.0,41.824,-71.4128,2024,12,16,0
2024-12-16 01:00:00,0.0,0.0,0.0,0.0,-1.7,66,3.6,70,1036.8,100,6,100,100,0.0,0.0,41.824,-71.4128,2024,12,16,1
2024-12-16 02:00:00,0.0,0.0,0.0,0.0,-1.2,66,4.2,70,1036.0,100,1,100,100,0.0,0.0,41.824,-71.4128,2024,12,16,2
2024-12-16 03:00:00,0.0,0.0,0.0,0.0,-0.7,67,5.1,63,1035.4,100,5,100,100,0.0,0.0,41.824,-71.4128,2024,12,16,3
2024-12-16 04:00:00,0.0,0.0,0.0,0.0,-0.4,68,6.0,61,1034.5,100,2,100,80,0.0,0.0,41.824,-71.4128,2024,12,16,4
2024-12-16 05:00:00,0.0,0.0,0.0,0.0,-0.2,70,3.2,56,1033.9,100,2,100,99,0.0,0.0,41.824,-71.4128,2024,12,16,5
2024-12-16 06:00:00,0.0,0.0,0.0,0.0,-0.2,71,0.7,346,1034.0,100,40,100,100,0.0,0.0,41.824,-71.4128,2024,12,16,6
2024-12-16 07:00:00,0.0,0.0,0.0,0.0,0.1,72,3.1,28,1033.6,100,41,100,76,0.0,0.0,41.824,-71.4128,2024,12,16,7
2024-12-16 08:00:00,0.0,0.0,0.0,0.0,-0.2,76,1.3,315,1034.0,100,100,100,100,0.1,0.0,41.824,-71.4128,2024,12,16,8
2024-12-16 09:00:00,7.0,0.0,7.0,0.0,0.2,83,4.1,29,1033.6,100,100,96,100,0.3,0.0,41.824,-71.4128,2024,12,16,9
2024-12-16 10:00:00,61.0,1.0,60.0,5.2,1.7,81,4.7,67,1033.7,100,100,99,18,0.1,0.0,41.824,-71.4128,2024,12,16,10
2024-12-16 11:00:00,76.0,0.0,76.0,0.0,2.4,83,5.4,70,1033.1,100,100,100,97,0.0,0.0,41.824,-71.4128,2024,12,16,11
2024-12-16 12:00:00,68.0,0.0,68.0,0.0,2.7,85,5.5,63,1032.6,100,100,99,76,0.0,0.0,41.824,-71.4128,2024,12,16,12
2024-12-16 13:00:00,98.0,9.0,89.0,21.6,3.3,88,6.4,79,1031.1,100,73,100,86,0.0,0.0,41.824,-71.4128,2024,12,16,13
2024-12-16 14:00:00,257.0,77.0,180.0,191.5,5.2,87,7.5,110,1030.4,100,97,87,2,0.0,3600.0,41.824,-71.4128,2024,12,16,14
2024-12-16 15:00:00,200.0,59.0,141.0,172.2,5.8,86,10.4,127,1029.2,100,76,100,0,0.0,3365.91,41.824,-71.4128,2024,12,16,15
2024-12-16 16:00:00,41.0,0.0,41.0,0.0,4.5,94,11.4,129,1028.6,100,100,100,21,0.1,0.0,41.824,-71.4128,2024,12,16,16
2024-12-16 17:00:00,16.0,0.0,16.0,0.0,3.7,95,10.6,124,1028.3,95,82,66,21,0.0,0.0,41.824,-71.4128,2024,12,16,17
2024-12-16 18:00:00,1.0,0.0,1.0,0.0,3.0,97,10.6,118,1028.1,100,89,99,77,0.0,0.0,41.824,-71.4128,2024,12,16,18
2024-12-16 19:00:00,0.0,0.0,0.0,0.0,3.4,98,11.8,123,1027.7,100,100,100,100,0.1,0.0,41.824,-71.4128,2024,12,16,19
2024-12-16 20:00:00,0.0,0.0,0.0,0.0,4.0,98,13.0,133,1027.0,100,100,100,100,0.1,0.0,41.824,-71.4128,2024,12,16,20
2024-12-16 21:00:00,0.0,0.0,0.0,0.0,5.1,98,13.8,143,1026.6,100,100,100,94,0.1,0.0,41.824,-71.4128,2024,12,16,21
2024-12-16 22:00:00,0.0,0.0,0.0,0.0,5.5,98,14.1,150,1025.4,100,100,8,100,0.1,0.0,41.824,-71.4128,2024,12,16,22
2024-12-16 23:00:00,0.0,0.0,0.0,0.0,6.6,97,16.0,156,1024.2,100,100,48,100,0.0,0.0,41.824,-71.4128,2024,12,16,23
2024-12-17 00:00:00,0.0,0.0,0.0,0.0,7.6,97,18.4,168,1023.0,100,100,100,100,0.1,0.0,41.824,-71.4128,2024,12,17,0
2024-12-17 01:00:00,0.0,0.0,0.0,0.0,8.4,97,20.0,172,1021.4,100,100,100,96,0.1,0.0,41.824,-71.4128,2024,12,17,1
2024-12-17 02:00:00,0.0,0.0,0.0,0.0,9.3,98,22.9,175,1019.8,100,100,98,100,0.9,0.0,41.824,-71.4128,2024,12,17,2
2024-12-17 03:00:00,0.0,0.0,0.0,0.0,10.3,97,23.6,177,1018.5,100,100,100,100,1.6,0.0,41.824,-71.4128,2024,12,17,3
2024-12-17 04:00:00,0.0,0.0,0.0,0.0,10.9,97,23.2,190,1017.6,100,100,100,100,1.2,0.0,41.824,-71.4128,2024,12,17,4
2024-12-17 05:00:00,0.0,0.0,0.0,0.0,11.2,97,21.7,194,1016.4,100,100,100,100,0.8,0.0,41.824,-71.4128,2024,12,17,5
2024-12-17 06:00:00,0.0,0.0,0.0,0.0,11.4,97,20.1,213,1015.9,100,100,98,98,0.6,0.0,41.824,-71.4128,2024,12,17,6
2024-12-17 07:00:00,0.0,0.0,0.0,0.0,11.5,95,22.8,222,1015.8,100,100,2,26,0.4,0.0,41.824,-71.4128,2024,12,17,7
2024-12-17 08:00:00,0.0,0.0,0.0,0.0,10.9,96,21.7,222,1015.6,100,100,13,0,0.0,0.0,41.824,-71.4128,2024,12,17,8
2024-12-17 09:00:00,12.0,0.0,12.0,0.0,12.2,96,21.4,226,1015.7,100,100,8,0,0.0,0.0,41.824,-71.4128,2024,12,17,9
2024-12-17 10:00:00,44.0,1.0,43.0,5.2,12.0,95,19.6,224,1016.2,100,100,10,0,0.0,0.0,41.824,-71.4128,2024,12,17,10
2024-12-17 11:00:00,147.0,22.0,125.0,71.8,12.3,92,17.9,234,1016.6,100,100,74,47,0.0,353.39,41.824,-71.4128,2024,12,17,11
2024-12-17 12:00:00,175.0,28.0,147.0,73.1,12.7,88,16.9,241,1016.2,79,68,21,21,0.0,392.08,41.824,-71.4128,2024,12,17,12
2024-12-17 13:00:00,288.0,129.0,159.0,310.3,13.7,79,15.9,242,1015.4,11,10,3,0,0.0,3600.0,41.824,-71.4128,2024,12,17,13
2024-12-17 14:00:00,373.0,293.0,80.0,728.9,14.6,69,15.1,243,1015.3,0,0,0,0,0.0,3600.0,41.824,-71.4128,2024,12,17,14
2024-12-17 15:00:00,321.0,260.0,61.0,758.5,14.6,65,15.3,258,1015.2,2,2,0,0,0.0,3600.0,41.824,-71.4128,2024,12,17,15
2024-12-17 16:00:00,203.0,151.0,52.0,623.5,13.7,64,13.9,259,1015.6,21,0,0,21,0.0,3600.0,41.824,-71.4128,2024,12,17,16
2024-12-17 17:00:00,74.0,47.0,27.0,434.3,11.9,67,11.8,262,1016.4,81,1,0,81,0.0,3600.0,41.824,-71.4128,2024,12,17,17
2024-12-17 18:00:00,1.0,0.0,1.0,0.0,10.2,71,11.8,261,1017.2,0,0,0,0,0.0,0.0,41.824,-71.4128,2024,12,17,18
2024-12-17 19:00:00,0.0,0.0,0.0,0.0,9.0,75,12.3,273,1018.2,0,0,0,0,0.0,0.0,41.824,-71.4128,2024,12,17,19
2024-12-17 20:00:00,0.0,0.0,0.0,0.0,8.1,77,11.8,282,1019.0,63,0,0,63,0.0,0.0,41.824,-71.4128,2024,12,17,20
2024-12-17 21:00:00,0.0,0.0,0.0,0.0,8.0,75,11.7,281,1019.3,100,0,0,100,0.0,0.0,41.824,-71.4128,2024,12,17,21
2024-12-17 22:00:00,0.0,0.0,0.0,0.0,7.2,80,11.1,295,1020.0,98,0,0,98,0.0,0.0,41.824,-71.4128,2024,12,17,22
2024-12-17 23:00:00,0.0,0.0,0.0,0.0,6.7,79,12.0,306,1020.7,100,0,0,100,0.0,0.0,41.824,-71.4128,2024,12,17,23
2024-12-18 00:00:00,0.0,0.0,0.0,0.0,6.0,76,10.5,303,1021.2,98,0,0,98,0.0,0.0,41.824,-71.4128,2024,12,18,0
2024-12-18 01:00:00,0.0,0.0,0.0,0.0,5.4,74,11.4,301,1021.4,48,0,0,48,0.0,0.0,41.824,-71.4128,2024,12,18,1
2024-12-18 02:00:00,0.0,0.0,0.0,0.0,4.7,74,11.2,302,1021.8,43,0,0,43,0.0,0.0,41.824,-71.4128,2024,12,18,2
2024-12-18 03:00:00,0.0,0.0,0.0,0.0,3.9,77,10.3,305,1022.2,29,0,0,29,0.0,0.0,41.824,-71.4128,2024,12,18,3
2024-12-18 04:00:00,0.0,0.0,0.0,0.0,3.1,80,8.6,300,1022.3,45,0,0,45,0.0,0.0,41.824,-71.4128,2024,12,18,4
2024-12-18 05:00:00,0.0,0.0,0.0,0.0,2.6,82,9.2,293,1022.5,23,0,0,23,0.0,0.0,41.824,-71.4128,2024,12,18,5
2024-12-18 06:00:00,0.0,0.0,0.0,0.0,2.2,84,8.2,284,1023.2,25,0,0,25,0.0,0.0,41.824,-71.4128,2024,12,18,6
2024-12-18 07:00:00,0.0,0.0,0.0,0.0,1.7,86,6.7,278,1023.4,41,0,0,41,0.0,0.0,41.824,-71.4128,2024,12,18,7
2024-12-18 08:00:00,0.0,0.0,0.0,0.0,1.5,87,8.1,273,1023.8,24,0,0,24,0.0,0.0,41.824,-71.4128,2024,12,18,8
2024-12-18 09:00:00,29.0,17.0,12.0,220.2,1.7,83,8.5,257,1024.0,0,0,0,0,0.0,2765.86,41.824,-71.4128,2024,12,18,9
2024-12-18 10:00:00,155.0,111.0,44.0,585.7,3.8,80,6.9,213,1023.8,11,0,0,11,0.0,3600.0,41.824,-71.4128,2024,12,18,10
2024-12-18 11:00:00,281.0,223.0,58.0,730.2,6.2,72,5.0,210,1023.4,2,0,0,2,0.0,3600.0,41.824,-71.4128,2024,12,18,11
2024-12-18 12:00:00,370.0,306.0,64.0,800.2,7.7,63,5.8,214,1022.6,44,0,0,44,0.0,3600.0,41.824,-71.4128,2024,12,18,12
2024-12-18 13:00:00,407.0,337.0,70.0,811.4,8.6,59,7.1,201,1021.3,67,0,0,67,0.0,3600.0,41.824,-71.4128,2024,12,18,13
2024-12-18 14:00:00,388.0,313.0,75.0,778.8,9.2,58,8.1,204,1020.6,44,0,0,44,0.0,3600.0,41.824,-71.4128,2024,12,18,14
2024-12-18 15:00:00,323.0,261.0,62.0,760.9,9.3,57,8.5,193,1019.4,0,0,0,0,0.0,3600.0,41.824,-71.4128,2024,12,18,15
2024-12-18 16:00:00,210.0,159.0,51.0,655.0,8.7,62,7.6,172,1018.2,53,0,0,53,0.0,3600.0,41.824,-71.4128,2024,12,18,16
2024-12-18 17:00:00,73.0,41.0,32.0,377.5,6.6,74,6.5,157,1018.2,18,0,0,18,0.0,3600.0,41.824,-71.4128,2024,12,18,17
2024-12-18 18:00:00,1.0,0.0,1.0,0.0,5.0,82,9.1,163,1017.6,1,0,0,1,0.0,0.0,41.824,-71.4128,2024,12,18,18
2024-12-18 19:00:00,0.0,0.0,0.0,0.0,4.0,87,6.0,163,1017.0,66,0,42,42,0.0,0.0,41.824,-71.4128,2024,12,18,19
2024-12-18 20:00:00,0.0,0.0,0.0,0.0,3.7,89,7.0,122,1015.7,100,100,100,98,0.0,0.0,41.824,-71.4128,2024,12,18,20
2024-12-18 21:00:00,0.0,0.0,0.0,0.0,6.0,86,5.6,112,1014.6,100,100,100,100,0.5,0.0,41.824,-71.4128,2024,12,18,21
2024-12-18 22:00:00,0.0,0.0,0.0,0.0,5.4,97,13.2,354,1013.9,100,100,100,100,1.6,0.0,41.824,-71.4128,2024,12,18,22
2024-12-18 23:00:00,0.0,0.0,0.0,0.0,5.2,97,12.4,360,1013.5,100,100,100,100,3.4,0.0,41.824,-71.4128,2024,12,18,23
2024-12-19 00:00:00,0.0,0.0,0.0,0.0,5.2,97,11.0,10,1012.4,100,100,100,100,3.0,0.0,41.824,-71.4128,2024,12,19,0
2024-12-19 01:00:00,0.0,0.0,0.0,0.0,4.9,97,13.0,350,1012.0,100,100,100,100,1.2,0.0,41.824,-71.4128,2024,12,19,1
2024-12-19 02:00:00,0.0,0.0,0.0,0.0,4.8,97,11.7,340,1012.8,100,100,100,100,0.8,0.0,41.824,-71.4128,2024,12,19,2
2024-12-19 03:00:00,0.0,0.0,0.0,0.0,4.6,97,10.0,332,1013.0,100,24,100,100,1.0,0.0,41.824,-71.4128,2024,12,19,3
2024-12-19 04:00:00,0.0,0.0,0.0,0.0,4.5,96,13.6,316,1013.5,100,0,100,100,0.3,0.0,41.824,-71.4128,2024,12,19,4
2024-12-19 05:00:00,0.0,0.0,0.0,0.0,4.5,93,14.7,307,1014.0,100,0,100,100,0.2,0.0,41.824,-71.4128,2024,12,19,5
2024-12-19 06:00:00,0.0,0.0,0.0,0.0,4.1,92,16.6,302,1015.0,100,1,92,100,0.0,0.0,41.824,-71.4128,2024,12,19,6
2024-12-19 07:00:00,0.0,0.0,0.0,0.0,3.5,89,17.2,304,1016.0,96,0,0,96,0.0,0.0,41.824,-71.4128,2024,12,19,7
2024-12-19 08:00:00,0.0,0.0,0.0,0.0,2.6,87,17.8,304,1017.6,0,0,0,0,0.0,0.0,41.824,-71.4128,2024,12,19,8
2024-12-19 09:00:00,29.0,16.0,13.0,209.2,3.6,82,16.8,303,1019.0,1,0,1,0,0.0,2733.05,41.824,-71.4128,2024,12,19,9
2024-12-19 10:00:00,155.0,111.0,44.0,589.7,4.6,75,14.6,300,1019.8,0,0,0,0,0.0,3600.0,41.824,-71.4128,2024,12,19,10
2024-12-19 11:00:00,287.0,229.0,58.0,752.4,5.4,64,18.4,309,1020.5,0,0,0,0,0.0,3600.0,41.824,-71.4128,2024,12,19,11
2024-12-19 12:00:00,379.0,314.0,65.0,822.6,5.7,58,16.8,315,1020.2,1,1,0,0,0.0,3600.0,41.824,-71.4128,2024,12,19,12
2024-12-19 13:00:00,421.0,354.0,67.0,853.0,6.2,53,15.3,320,1019.9,39,2,0,38,0.0,3600.0,41.824,-71.4128,2024,12,19,13
2024-12-19 14:00:00,400.0,327.0,73.0,813.6,6.3,50,14.3,318,1020.2,26,5,0,23,0.0,3600.0,41.824,-71.4128,2024,12,19,14
2024-12-19 15:00:00,324.0,251.0,73.0,730.8,6.0,50,12.0,313,1020.9,78,6,0,77,0.0,3600.0,41.824,-71.4128,2024,12,19,15
2024-12-19 16:00:00,203.0,134.0,69.0,550.3,5.3,51,11.5,311,1021.9,100,9,0,100,0.0,3600.0,41.824,-71.4128,2024,12,19,16
2024-12-19 17:00:00,57.0,11.0,46.0,100.9,4.0,59,8.5,305,1023.0,100,9,0,100,0.0,1230.81,41.824,-71.4128,2024,12,19,17
2024-12-19 18:00:00,1.0,0.0,1.0,0.0,2.8,64,9.6,323,1023.7,100,12,0,100,0.0,0.0,41.824,-71.4128,2024,12,19,18
2024-12-19 19:00:00,0.0,0.0,0.0,0.0,2.4,66,10.4,360,1023.9,100,0,0,100,0.0,0.0,41.824,-71.4128,2024,12,19,19
2024-12-19 20:00:00,0.0,0.0,0.0,0.0,1.4,68,9.3,9,1024.4,100,0,20,100,0.0,0.0,41.824,-71.4128,2024,12,19,20
2024-12-19 21:00:00,0.0,0.0,0.0,0.0,0.8,76,4.5,331,1024.9,100,1,100,100,0.0,0.0,41.824,-71.4128,2024,12,19,21
2024-12-19 22:00:00,0.0,0.0,0.0,0.0,1.0,76,4.8,340,1024.9,100,0,83,100,0.0,0.0,41.824,-71.4128,2024,12,19,22
2024-12-19 23:00:00,0.0,0.0,0.0,0.0,0.8,76,5.5,349,1025.1,96,0,88,79,0.0,0.0,41.824,-71.4128,2024,12,19,23
2024-12-20 00:00:00,0.0,0.0,0.0,0.0,0.3,76,9.5,19,1024.8,100,0,100,100,0.0,0.0,41.824,-71.4128,2024,12,20,0
2024-12-20 01:00:00,0.0,0.0,0.0,0.0,0.0,72,11.8,17,1024.7,100,0,100,95,0.0,0.0,41.824,-71.4128,2024,12,20,1
2024-12-20 02:00:00,0.0,0.0,0.0,0.0,-0.8,70,11.8,17,1024.4,100,0,100,100,0.0,0.0,41.824,-71.4128,2024,12,20,2
2024-12-20 03:00:00,0.0,0.0,0.0,0.0,-1.2,68,12.2,14,1024.7,100,10,100,100,0.0,0.0,41.824,-71.4128,2024,12,20,3
2024-12-20 04:00:00,0.0,0.0,0.0,0.0,-1.8,68,11.2,12,1024.4,100,32,80,100,0.0,0.0,41.824,-71.4128,2024,12,20,4
2024-12-20 05:00:00,0.0,0.0,0.0,0.0,-2.6,71,10.1,10,1023.8,100,44,35,100,0.0,0.0,41.824,-71.4128,2024,12,20,5
2024-12-20 06:00:00,0.0,0.0,0.0,0.0,-2.8,76,10.1,11,1022.8,100,27,0,100,0.0,0.0,41.824,-71.4128,2024,12,20,6
2024-12-20 07:00:00,0.0,0.0,0.0,0.0,-2.5,79,9.9,2,1022.5,100,36,0,100,0.0,0.0,41.824,-71.4128,2024,12,20,7
2024-12-20 08:00:00,0.0,0.0,0.0,0.0,-2.3,81,10.3,5,1022.4,100,39,0,100,0.0,0.0,41.824,-71.4128,2024,12,20,8
2024-12-20 09:00:00,13.0,1.0,12.0,13.2,0.3,81,15.5,33,1022.2,100,99,20,98,0.0,0.0,41.824,-71.4128,2024,12,20,9
2024-12-20 10:00:00,60.0,4.0,56.0,21.4,1.8,83,12.0,40,1021.7,100,100,30,95,0.0,0.0,41.824,-71.4128,2024,12,20,10
2024-12-20 11:00:00,75.0,1.0,74.0,3.3,1.9,84,14.3,31,1020.4,100,91,90,100,0.0,0.0,41.824,-71.4128,2024,12,20,11
2024-12-20 12:00:00,131.0,2.0,129.0,5.2,2.8,77,20.8,48,1018.3,100,98,98,100,0.0,0.0,41.824,-71.4128,2024,12,20,12
2024-12-20 13:00:00,141.0,5.0,136.0,12.1,3.2,77,17.0,31,1017.6,100,98,100,100,0.0,0.0,41.824,-71.4128,2024,12,20,13
2024-12-20 14:00:00,33.0,0.0,33.0,0.0,1.9,88,14.7,22,1016.1,100,100,100,100,0.3,0.0,41.824,-71.4128,2024,12,20,14
2024-12-20 15:00:00,27.0,0.0,27.0,0.0,1.4,94,16.7,45,1014.1,100,98,100,100,0.8,0.0,41.824,-71.4128,2024,12,20,15
2024-12-20 16:00:00,24.0,0.0,24.0,0.0,1.2,98,14.3,35,1014.1,100,100,100,100,1.2,0.0,41.824,-71.4128,2024,12,20,16
2024-12-20 17:00:00,8.0,0.0,8.0,0.0,0.9,98,16.6,37,1013.9,100,100,100,100,2.6,0.0,41.824,-71.4128,2024,12,20,17
2024-12-20 18:00:00,0.0,0.0,0.0,0.0,0.7,98,14.9,37,1013.5,100,100,100,100,1.7,0.0,41.824,-71.4128,2024,12,20,18
2024-12-20 19:00:00,0.0,0.0,0.0,0.0,0.4,98,14.5,11,1012.9,100,100,100,97,0.8,0.0,41.824,-71.4128,2024,12,20,19
2024-12-20 20:00:00,0.0,0.0,0.0,0.0,-0.6,95,15.7,356,1012.1,100,100,100,93,0.6,0.0,41.824,-71.4128,2024,12,20,20
2024-12-20 21:00:00,0.0,0.0,0.0,0.0,-1.9,90,20.7,3,1012.2,100,74,100,0,0.3,0.0,41.824,-71.4128,2024,12,20,21
2024-12-20 22:00:00,0.0,0.0,0.0,0.0,-1.9,90,22.2,4,1010.5,100,100,0,0,0.1,0.0,41.824,-71.4128,2024,12,20,22
2024-12-20 23:00:00,0.0,0.0,0.0,0.0,-1.9,89,20.9,358,1010.1,100,100,0,0,0.0,0.0,41.824,-71.4128,2024,12,20,23
2024-12-21 00:00:00,0.0,0.0,0.0,0.0,-3.1,89,17.4,344,1010.0,100,100,17,0,0.0,0.0,41.824,-71.4128,2024,12,21,0
2024-12-21 01:00:00,0.0,0.0,0.0,0.0,-3.2,86,17.0,340,1009.9,100,100,31,0,0.0,0.0,41.824,-71.4128,2024,12,21,1
2024-12-21 02:00:00,0.0,0.0,0.0,0.0,-3.7,83,16.7,352,1009.9,49,36,20,0,0.0,0.0,41.824,-71.4128,2024,12,21,2
2024-12-21 03:00:00,0.0,0.0,0.0,0.0,-4.9,83,15.0,350,1010.2,74,6,74,0,0.0,0.0,41.824,-71.4128,2024,12,21,3
2024-12-21 04:00:00,0.0,0.0,0.0,0.0,-5.1,83,14.5,349,1010.3,81,23,81,0,0.0,0.0,41.824,-71.4128,2024,12,21,4
2024-12-21 05:00:00,0.0,0.0,0.0,0.0,-5.0,81,14.6,351,1009.8,94,48,94,0,0.0,0.0,41.824,-71.4128,2024,12,21,5
2024-12-21 06:00:00,0.0,0.0,0.0,0.0,-4.6,80,14.7,349,1009.7,99,53,98,0,0.0,0.0,41.824,-71.4128,2024,12,21,6
2024-12-21 07:00:00,0.0,0.0,0.0,0.0,-4.4,78,13.8,351,1010.0,100,100,94,0,0.0,0.0,41.824,-71.4128,2024,12,21,7
2024-12-21 08:00:00,0.0,0.0,0.0,0.0,-4.0,80,9.1,350,1010.4,100,0,100,7,0.0,0.0,41.824,-71.4128,2024,12,21,8
2024-12-21 09:00:00,19.0,1.0,18.0,13.3,-3.0,83,10.7,319,1011.1,100,5,100,23,0.1,0.0,41.824,-71.4128,2024,12,21,9
2024-12-21 10:00:00,103.0,7.0,96.0,37.6,-2.4,80,11.6,314,1011.7,100,4,100,0,0.1,0.0,41.824,-71.4128,2024,12,21,10
2024-12-21 11:00:00,167.0,4.0,163.0,13.2,-2.3,76,14.9,315,1012.1,100,8,100,0,0.1,0.0,41.824,-71.4128,2024,12,21,11
2024-12-21 12:00:00,261.0,27.0,234.0,70.9,-2.4,72,16.7,313,1011.7,100,7,100,0,0.0,327.78,41.824,-71.4128,2024,12,21,12
2024-12-21 13:00:00,293.0,59.0,234.0,142.3,-2.7,67,19.4,318,1011.4,100,5,100,0,0.0,2468.14,41.824,-71.4128,2024,12,21,13
2024-12-21 14:00:00,322.0,88.0,234.0,218.7,-3.0,63,19.9,320,1011.5,57,0,57,0,0.0,3600.0,41.824,-71.4128,2024,12,21,14
2024-12-21 15:00:00,334.0,227.0,107.0,658.7,-3.4,60,20.6,320,1012.1,23,4,19,0,0.0,3600.0,41.824,-71.4128,2024,12,21,15
2024-12-21 16:00:00,228.0,160.0,68.0,652.2,-4.2,61,20.1,320,1013.2,10,5,5,0,0.0,3600.0,41.824,-71.4128,2024,12,21,16
2024-12-21 17:00:00,82.0,46.0,36.0,413.6,-5.2,64,17.9,319,1014.2,11,6,5,0,0.0,3600.0,41.824,-71.4128,2024,12,21,17
2024-12-21 18:00:00,2.0,1.0,1.0,19.1,-6.0,64,17.4,317,1015.4,2,2,0,0,0.0,0.0,41.824,-71.4128,2024,12,21,18
2024-12-21 19:00:00,0.0,0.0,0.0,0.0,-6.5,66,17.4,317,1016.2,10,10,0,0,0.0,0.0,41.824,-71.4128,2024,12,21,19
2024-12-21 20:00:00,0.0,0.0,0.0,0.0,-6.7,66,16.2,315,1017.0,1,1,0,0,0.0,0.0,41.824,-71.4128,2024,12,21,20
2024-12-21 21:00:00,0.0,0.0,0.0,0.0,-6.5,65,15.3,309,1017.8,2,2,0,0,0.0,0.0,41.824,-71.4128,2024,12,21,21
2024-12-21 22:00:00,0.0,0.0,0.0,0.0,-7.2,66,15.8,311,1018.4,0,0,0,0,0.0,0.0,41.824,-71.4128,2024,12,21,22
2024-12-21 23:00:00,0.0,0.0,0.0,0.0,-8.2,67,15.3,313,1019.0,0,0,0,0,0.0,0.0,41.824,-71.4128,2024,12,21,23
2024-12-22 00:00:00,0.0,0.0,0.0,0.0,-9.1,68,15.0,314,1019.7,0,0,0,0,0.0,0.0,41.824,-71.4128,2024,12,22,0
2024-12-22 01:00:00,0.0,0.0,0.0,0.0,-10.0,68,16.4,318,1020.1,0,0,0,0,0.0,0.0,41.824,-71.4128,2024,12,22,1
2024-12-22 02:00:00,0.0,0.0,0.0,0.0,-10.7,67,17.7,321,1020.7,0,0,0,0,0.0,0.0,41.824,-71.4128,2024,12,22,2
2024-12-22 03:00:00,0.0,0.0,0.0,0.0,-11.3,67,16.6,319,1021.4,0,0,0,0,0.0,0.0,41.824,-71.4128,2024,12,22,3
2024-12-22 04:00:00,0.0,0.0,0.0,0.0,-11.7,68,15.5,318,1022.0,0,0,0,0,0.0,0.0,41.824,-71.4128,2024,12,22,4
2024-12-22 05:00:00,0.0,0.0,0.0,0.0,-12.1,67,14.7,317,1022.5,0,0,0,0,0.0,0.0,41.824,-71.4128,2024,12,22,5
2024-12-22 06:00:00,0.0,0.0,0.0,0.0,-12.4,67,14.3,319,1023.2,0,0,0,0,0.0,0.0,41.824,-71.4128,2024,12,22,6
2024-12-22 07:00:00,0.0,0.0,0.0,0.0,-12.8,66,15.1,320,1024.3,0,0,0,0,0.0,0.0,41.824,-71.4128,2024,12,22,7
2024-12-22 08:00:00,0.0,0.0,0.0,0.0,-13.1,66,15.6,320,1025.5,0,0,0,0,0.0,0.0,41.824,-71.4128,2024,12,22,8
2024-12-22 09:00:00,30.0,17.0,13.0,227.9,-12.1,62,15.8,320,1026.0,0,0,0,0,0.0,2644.58,41.824,-71.4128,2024,12,22,9
2024-12-22 10:00:00,168.0,117.0,51.0,632.6,-11.8,59,17.2,322,1027.2,0,0,0,0,0.0,3600.0,41.824,-71.4128,2024,12,22,10
2024-12-22 11:00:00,308.0,238.0,70.0,788.2,-11.1,57,16.6,323,1027.7,0,0,0,0,0.0,3600.0,41.824,-71.4128,2024,12,22,11
2024-12-22 12:00:00,407.0,326.0,81.0,857.1,-10.1,54,16.4,330,1027.6,0,0,0,0,0.0,3600.0,41.824,-71.4128,2024,12,22,12
2024-12-22 13:00:00,452.0,367.0,85.0,884.9,-9.2,52,15.2,336,1027.3,0,0,0,0,0.0,3600.0,41.824,-71.4128,2024,12,22,13
2024-12-22 14:00:00,436.0,353.0,83.0,876.3,-8.3,50,14.2,339,1027.1,0,0,0,0,0.0,3600.0,41.824,-71.4128,2024,12,22,14
2024-12-22 15:00:00,362.0,287.0,75.0,830.9,-7.8,48,13.0,336,1027.5,0,0,0,0,0.0,3600.0,41.824,-71.4128,2024,12,22,15
2024-12-22 16:00:00,239.0,178.0,61.0,722.3,-7.8,49,11.8,333,1028.5,0,0,0,0,0.0,3600.0,41.824,-71.4128,2024,12,22,16
2024-12-22 17:00:00,90.0,57.0,33.0,506.3,-8.5,55,10.2,334,1029.6,0,0,0,0,0.0,3600.0,41.824,-71.4128,2024,12,22,17
2024-12-22 18:00:00,2.0,1.0,1.0,19.1,-9.6,60,11.0,336,1030.7,0,0,0,0,0.0,0.0,41.824,-71.4128,2024,12,22,18
2024-12-22 19:00:00,0.0,0.0,0.0,0.0,-10.3,61,11.9,338,1031.5,0,0,0,0,0.0,0.0,41.824,-71.4128,2024,12,22,19
2024-12-22 20:00:00,0.0,0.0,0.0,0.0,-11.0,63,11.8,340,1032.3,1,0,1,0,0.0,0.0,41.824,-71.4128,2024,12,22,20
2024-12-22 21:00:00,0.0,0.0,0.0,0.0,-11.2,61,12.2,336,1033.0,0,0,0,0,0.0,0.0,41.824,-71.4128,2024,12,22,21
2024-12-22 22:00:00,0.0,0.0,0.0,0.0,-11.8,63,12.3,338,1033.5,0,0,0,0,0.0,0.0,41.824,-71.4128,2024,12,22,22
2024-12-22 23:00:00,0.0,0.0,0.0,0.0,-12.3,65,11.2,338,1033.9,0,0,0,0,0.0,0.0,41.824,-71.4128,2024,12,22,23
2024-12-23 00:00:00,0.0,0.0,0.0,0.0,-12.7,67,10.5,340,1034.3,0,0,0,0,0.0,0.0,41.824,-71.4128,2024,12,23,0
2024-12-23 01:00:00,0.0,0.0,0.0,0.0,-13.0,68,10.5,344,1034.3,0,0,0,0,0.0,0.0,41.824,-71.4128,2024,12,23,1
2024-12-23 02:00:00,0.0,0.0,0.0,0.0,-13.2,69,10.8,345,1034.4,0,0,0,0,0.0,0.0,41.824,-71.4128,2024,12,23,2
2024-12-23 03:00:00,0.0,0.0,0.0,0.0,-13.3,70,9.9,345,1035.0,0,0,0,0,0.0,0.0,41.824,-71.4128,2024,12,23,3
2024-12-23 04:00:00,0.0,0.0,0.0,0.0,-13.5,71,8.9,342,1035.0,0,0,0,0,0.0,0.0,41.824,-71.4128,2024,12,23,4
2024-12-23 05:00:00,0.0,0.0,0.0,0.0,-13.6,72,9.6,343,1035.0,0,0,0,0,0.0,0.0,41.824,-71.4128,2024,12,23,5
2024-12-23 06:00:00,0.0,0.0,0.0,0.0,-13.5,71,9.3,342,1035.1,0,0,0,0,0.0,0.0,41.824,-71.4128,2024,12,23,6
2024-12-23 07:00:00,0.0,0.0,0.0,0.0,-13.7,72,8.3,340,1035.4,0,0,0,0,0.0,0.0,41.824,-71.4128,2024,12,23,7
2024-12-23 08:00:00,0.0,0.0,0.0,0.0,-13.8,72,7.3,332,1035.9,0,0,0,0,0.0,0.0,41.824,-71.4128,2024,12,23,8
2024-12-23 09:00:00,29.0,16.0,13.0,216.0,-14.0,68,6.8,331,1036.7,0,0,0,0,0.0,2618.66,41.824,-71.4128,2024,12,23,9
2024-12-23 10:00:00,165.0,115.0,50.0,624.8,-12.1,63,4.3,336,1037.3,0,0,0,0,0.0,3600.0,41.824,-71.4128,2024,12,23,10
2024-12-23 11:00:00,303.0,234.0,69.0,776.5,-9.6,56,2.9,349,1037.4,26,1,0,25,0.0,3600.0,41.824,-71.4128,2024,12,23,11
2024-12-23 12:00:00,391.0,295.0,96.0,776.1,-7.4,50,2.4,347,1036.9,89,46,0,79,0.0,3600.0,41.824,-71.4128,2024,12,23,12
2024-12-23 13:00:00,392.0,222.0,170.0,535.1,-5.8,46,0.6,214,1035.9,96,72,0,84,0.0,3600.0,41.824,-71.4128,2024,12,23,13
2024-12-23 14:00:00,392.0,250.0,142.0,619.8,-4.8,53,3.4,174,1035.0,100,12,0,100,0.0,3600.0,41.824,-71.4128,2024,12,23,14
2024-12-23 15:00:00,320.0,187.0,133.0,539.9,-4.6,58,5.8,160,1034.2,87,1,0,87,0.0,3600.0,41.824,-71.4128,2024,12,23,15
2024-12-23 16:00:00,224.0,150.0,74.0,605.7,-4.8,60,6.4,162,1033.7,10,0,0,10,0.0,3600.0,41.824,-71.4128,2024,12,23,16
2024-12-23 17:00:00,88.0,56.0,32.0,491.0,-6.6,69,5.6,149,1033.7,53,0,0,53,0.0,3600.0,41.824,-71.4128,2024,12,23,17
2024-12-23 18:00:00,2.0,1.0,1.0,19.1,-7.1,69,7.1,187,1033.6,13,2,0,12,0.0,0.0,41.824,-71.4128,2024,12,23,18
2024-12-23 19:00:00,0.0,0.0,0.0,0.0,-6.7,70,8.8,213,1033.6,14,8,0,6,0.0,0.0,41.824,-71.4128,2024,12,23,19
2024-12-23 20:00:00,0.0,0.0,0.0,0.0,-7.1,77,7.6,227,1033.5,11,0,0,10,0.0,0.0,41.824,-71.4128,2024,12,23,20
2024-12-23 21:00:00,0.0,0.0,0.0,0.0,-7.3,75,8.1,239,1033.2,40,2,3,37,0.0,0.0,41.824,-71.4128,2024,12,23,21
2024-12-23 22:00:00,0.0,0.0,0.0,0.0,-7.3,73,8.2,241,1032.4,89,0,43,88,0.0,0.0,41.824,-71.4128,2024,12,23,22
2024-12-23 23:00:00,0.0,0.0,0.0,0.0,-6.6,72,9.5,224,1031.6,100,0,86,100,0.0,0.0,41.824,-71.4128,2024,12,23,23
2024-12-24 00:00:00,0.0,0.0,0.0,0.0,-5.2,72,10.9,216,1030.6,100,1,100,100,0.0,0.0,41.824,-71.4128,2024,12,24,0
2024-12-24 01:00:00,0.0,0.0,0.0,0.0,-4.0,75,10.9,220,1028.9,100,2,100,100,0.0,0.0,41.824,-71.4128,2024,12,24,1
2024-12-24 02:00:00,0.0,0.0,0.0,0.0,-3.4,79,9.3,229,1028.4,100,10,100,100,0.0,0.0,41.824,-71.4128,2024,12,24,2
2024-12-24 03:00:00,0.0,0.0,0.0,0.0,-2.7,81,6.9,229,1027.7,100,6,100,100,0.0,0.0,41.824,-71.4128,2024,12,24,3
2024-12-24 04:00:00,0.0,0.0,0.0,0.0,-2.3,82,5.7,252,1026.9,100,9,98,100,0.0,0.0,41.824,-71.4128,2024,12,24,4
2024-12-24 05:00:00,0.0,0.0,0.0,0.0,-1.7,82,7.8,255,1026.3,100,100,99,100,0.0,0.0,41.824,-71.4128,2024,12,24,5
2024-12-24 06:00:00,0.0,0.0,0.0,0.0,-0.6,80,6.5,219,1025.2,100,89,99,100,0.0,0.0,41.824,-71.4128,2024,12,24,6
2024-12-24 07:00:00,0.0,0.0,0.0,0.0,-0.4,81,6.9,223,1024.2,100,24,99,100,0.0,0.0,41.824,-71.4128,2024,12,24,7
2024-12-24 08:00:00,0.0,0.0,0.0,0.0,-0.3,81,9.8,229,1023.7,100,1,100,100,0.0,0.0,41.824,-71.4128,2024,12,24,8
2024-12-24 09:00:00,14.0,0.0,14.0,0.0,-0.7,74,13.5,225,1023.2,100,1,100,100,0.0,0.0,41.824,-71.4128,2024,12,24,9
2024-12-24 10:00:00,43.0,0.0,43.0,0.0,-0.3,69,14.2,244,1023.3,100,78,100,100,0.1,0.0,41.824,-71.4128,2024,12,24,10
2024-12-24 11:00:00,79.0,0.0,79.0,0.0,-0.7,73,12.8,248,1023.1,100,16,100,0,0.3,0.0,41.824,-71.4128,2024,12,24,11
2024-12-24 12:00:00,202.0,22.0,180.0,57.9,-0.4,71,11.3,252,1022.4,33,28,13,0,0.0,0.0,41.824,-71.4128,2024,12,24,12
2024-12-24 13:00:00,364.0,212.0,152.0,510.6,0.5,68,10.8,273,1021.4,100,18,100,0,0.0,3600.0,41.824,-71.4128,2024,12,24,13
2024-12-24 14:00:00,254.0,112.0,142.0,277.2,0.9,67,9.9,292,1020.8,100,63,100,0,0.0,3600.0,41.824,-71.4128,2024,12,24,14
2024-12-24 15:00:00,177.0,25.0,152.0,72.0,1.0,68,7.0,312,1020.5,30,2,29,0,0.0,359.04,41.824,-71.4128,2024,12,24,15
2024-12-24 16:00:00,177.0,68.0,109.0,273.1,0.8,69,5.7,323,1020.6,2,0,2,0,0.0,3600.0,41.824,-71.4128,2024,12,24,16
2024-12-24 17:00:00,85.0,52.0,33.0,449.6,-1.9,75,6.0,323,1021.4,0,0,0,0,0.0,3600.0,41.824,-71.4128,2024,12,24,17
2024-12-24 18:00:00,2.0,1.0,1.0,19.1,-3.3,79,6.2,324,1021.9,0,0,0,0,0.0,0.0,41.824,-71.4128,2024,12,24,18
2024-12-24 19:00:00,0.0,0.0,0.0,0.0,-3.3,80,7.2,321,1022.6,0,0,0,0,0.0,0.0,41.824,-71.4128,2024,12,24,19
2024-12-24 20:00:00,0.0,0.0,0.0,0.0,-3.1,80,8.0,333,1023.0,3,3,0,0,0.0,0.0,41.824,-71.4128,2024,12,24,20
2024-12-24 21:00:00,0.0,0.0,0.0,0.0,-3.2,78,9.3,341,1023.4,0,0,0,0,0.0,0.0,41.824,-71.4128,2024,12,24,21
2024-12-24 22:00:00,0.0,0.0,0.0,0.0,-3.7,79,9.9,338,1023.9,0,0,0,0,0.0,0.0,41.824,-71.4128,2024,12,24,22
2024-12-24 23:00:00,0.0,0.0,0.0,0.0,-4.0,81,11.0,342,1024.3,0,0,0,0,0.0,0.0,41.824,-71.4128,2024,12,24,23
2024-12-25 00:00:00,0.0,0.0,0.0,0.0,-4.3,81,12.2,341,1024.6,0,0,0,0,0.0,0.0,41.824,-71.4128,2024,12,25,0
2024-12-25 01:00:00,0.0,0.0,0.0,0.0,-4.9,83,12.5,348,1024.7,1,1,0,0,0.0,0.0,41.824,-71.4128,2024,12,25,1
2024-12-25 02:00:00,0.0,0.0,0.0,0.0,-5.4,84,12.4,344,1025.0,2,2,0,0,0.0,0.0,41.824,-71.4128,2024,12,25,2
2024-12-25 03:00:00,0.0,0.0,0.0,0.0,-5.9,85,12.5,342,1025.6,0,0,0,0,0.0,0.0,41.824,-71.4128,2024,12,25,3
2024-12-25 04:00:00,0.0,0.0,0.0,0.0,-6.3,86,12.6,341,1025.9,0,0,0,0,0.0,0.0,41.824,-71.4128,2024,12,25,4
2024-12-25 05:00:00,0.0,0.0,0.0,0.0,-6.7,87,12.5,344,1026.1,0,0,0,0,0.0,0.0,41.824,-71.4128,2024,12,25,5
2024-12-25 06:00:00,0.0,0.0,0.0,0.0,-7.1,87,11.7,347,1026.3,0,0,0,0,0.0,0.0,41.824,-71.4128,2024,12,25,6
2024-12-25 07:00:00,0.0,0.0,0.0,0.0,-7.5,87,11.2,345,1026.9,0,0,0,0,0.0,0.0,41.824,-71.4128,2024,12,25,7
2024-12-25 08:00:00,0.0,0.0,0.0,0.0,-7.9,88,10.9,343,1027.6,0,0,0,0,0.0,0.0,41.824,-71.4128,2024,12,25,8
2024-12-25 09:00:00,27.0,14.0,13.0,191.4,-6.4,83,9.3,338,1027.5,0,0,0,0,0.0,2572.56,41.824,-71.4128,2024,12,25,9
2024-12-25 10:00:00,156.0,108.0,48.0,591.7,-5.0,77,8.8,341,1027.7,0,0,0,0,0.0,3600.0,41.824,-71.4128,2024,12,25,10
2024-12-25 11:00:00,292.0,225.0,67.0,748.8,-3.8,71,10.1,348,1027.8,0,0,0,0,0.0,3600.0,41.824,-71.4128,2024,12,25,11
2024-12-25 12:00:00,390.0,313.0,77.0,823.7,-2.9,65,9.7,348,1027.4,0,0,0,0,0.0,3600.0,41.824,-71.4128,2024,12,25,12
2024-12-25 13:00:00,435.0,355.0,80.0,854.3,-2.0,62,8.8,348,1026.7,0,0,0,0,0.0,3600.0,41.824,-71.4128,2024,12,25,13
2024-12-25 14:00:00,423.0,344.0,79.0,849.7,-1.3,59,8.5,356,1026.5,0,0,0,0,0.0,3600.0,41.824,-71.4128,2024,12,25,14
2024-12-25 15:00:00,354.0,282.0,72.0,809.1,-1.0,55,8.7,4,1026.2,0,0,0,0,0.0,3600.0,41.824,-71.4128,2024,12,25,15
2024-12-25 16:00:00,236.0,178.0,58.0,710.7,-1.4,56,6.6,9,1026.4,0,0,0,0,0.0,3600.0,41.824,-71.4128,2024,12,25,16
2024-12-25 17:00:00,92.0,59.0,33.0,502.8,-4.0,60,4.6,13,1026.8,0,0,0,0,0.0,3600.0,41.824,-71.4128,2024,12,25,17
2024-12-25 18:00:00,3.0,1.0,2.0,19.1,-5.4,64,5.2,22,1027.3,0,0,0,0,0.0,0.0,41.824,-71.4128,2024,12,25,18
2024-12-25 19:00:00,0.0,0.0,0.0,0.0,-5.9,65,6.1,358,1027.8,0,0,0,0,0.0,0.0,41.824,-71.4128,2024,12,25,19
2024-12-25 20:00:00,0.0,0.0,0.0,0.0,-5.2,63,7.5,352,1028.3,3,3,0,0,0.0,0.0,41.824,-71.4128,2024,12,25,20
2024-12-25 21:00:00,0.0,0.0,0.0,0.0,-5.0,63,8.0,354,1028.5,10,10,0,0,0.0,0.0,41.824,-71.4128,2024,12,25,21
2024-12-25 22:00:00,0.0,0.0,0.0,0.0,-5.4,66,7.1,353,1028.5,8,8,0,0,0.0,0.0,41.824,-71.4128,2024,12,25,22
2024-12-25 23:00:00,0.0,0.0,0.0,0.0,-5.6,68,9.3,347,1028.5,41,41,0,0,0.0,0.0,41.824,-71.4128,2024,12,25,23
2024-12-26 00:00:00,0.0,0.0,0.0,0.0,-5.7,73,9.9,345,1028.6,80,80,0,0,0.0,0.0,41.824,-71.4128,2024,12,26,0
2024-12-26 01:00:00,0.0,0.0,0.0,0.0,-5.8,75,9.3,338,1028.6,64,64,0,0,0.0,0.0,41.824,-71.4128,2024,12,26,1
2024-12-26 02:00:00,0.0,0.0,0.0,0.0,-6.0,76,9.8,329,1028.6,56,56,0,0,0.0,0.0,41.824,-71.4128,2024,12,26,2
2024-12-26 03:00:00,0.0,0.0,0.0,0.0,-6.3,78,10.1,327,1028.9,33,33,0,0,0.0,0.0,41.824,-71.4128,2024,12,26,3
2024-12-26 04:00:00,0.0,0.0,0.0,0.0,-6.2,79,10.8,332,1029.1,17,17,0,0,0.0,0.0,41.824,-71.4128,2024,12,26,4
2024-12-26 05:00:00,0.0,0.0,0.0,0.0,-6.3,80,10.2,334,1029.0,9,9,0,0,0.0,0.0,41.824,-71.4128,2024,12,26,5
2024-12-26 06:00:00,0.0,0.0,0.0,0.0,-6.3,81,9.6,332,1029.5,10,10,0,0,0.0,0.0,41.824,-71.4128,2024,12,26,6
2024-12-26 07:00:00,0.0,0.0,0.0,0.0,-6.4,82,9.0,330,1030.0,13,13,0,0,0.0,0.0,41.824,-71.4128,2024,12,26,7
2024-12-26 08:00:00,0.0,0.0,0.0,0.0,-6.4,82,8.7,333,1030.6,43,43,0,0,0.0,0.0,41.824,-71.4128,2024,12,26,8
2024-12-26 09:00:00,17.0,2.0,15.0,27.5,-3.9,76,8.2,334,1031.1,85,85,0,0,0.0,0.0,41.824,-71.4128,2024,12,26,9
2024-12-26 10:00:00,124.0,55.0,69.0,302.3,-2.8,73,5.8,330,1031.3,38,38,0,0,0.0,3600.0,41.824,-71.4128,2024,12,26,10
2024-12-26 11:00:00,273.0,185.0,88.0,616.2,-1.0,68,4.9,343,1031.3,2,2,0,0,0.0,3600.0,41.824,-71.4128,2024,12,26,11
2024-12-26 12:00:00,386.0,311.0,75.0,818.2,0.7,66,4.9,2,1030.5,4,4,0,0,0.0,3600.0,41.824,-71.4128,2024,12,26,12
2024-12-26 13:00:00,431.0,351.0,80.0,843.6,1.4,68,2.5,4,1029.3,0,0,0,0,0.0,3600.0,41.824,-71.4128,2024,12,26,13
2024-12-26 14:00:00,419.0,342.0,77.0,842.9,1.7,70,2.0,5,1028.6,0,0,0,0,0.0,3600.0,41.824,-71.4128,2024,12,26,14
2024-12-26 15:00:00,351.0,279.0,72.0,797.6,1.7,66,1.1,360,1028.5,0,0,0,0,0.0,3600.0,41.824,-71.4128,2024,12,26,15
2024-12-26 16:00:00,235.0,177.0,58.0,702.3,0.9,63,0.2,360,1028.6,0,0,0,0,0.0,3600.0,41.824,-71.4128,2024,12,26,16
2024-12-26 17:00:00,92.0,59.0,33.0,495.2,-1.0,67,1.1,90,1028.8,0,0,0,0,0.0,3600.0,41.824,-71.4128,2024,12,26,17
2024-12-26 18:00:00,3.0,1.0,2.0,19.1,-2.1,70,1.0,59,1029.1,0,0,0,0,0.0,0.0,41.824,-71.4128,2024,12,26,18
2024-12-26 19:00:00,0.0,0.0,0.0,0.0,-2.7,73,0.4,297,1029.6,0,0,0,0,0.0,0.0,41.824,-71.4128,2024,12,26,19
2024-12-26 20:00:00,0.0,0.0,0.0,0.0,-4.0,78,1.6,297,1030.0,0,0,0,0,0.0,0.0,41.824,-71.4128,2024,12,26,20
2024-12-26 21:00:00,0.0,0.0,0.0,0.0,-5.2,85,3.2,304,1030.2,0,0,0,0,0.0,0.0,41.824,-71.4128,2024,12,26,21
2024-12-26 22:00:00,0.0,0.0,0.0,0.0,-6.0,86,4.3,312,1030.2,0,0,0,0,0.0,0.0,41.824,-71.4128,2024,12,26,22
2024-12-26 23:00:00,0.0,0.0,0.0,0.0,-6.4,84,5.2,326,1030.1,0,0,0,0,0.0,0.0,41.824,-71.4128,2024,12,26,23
2024-12-27 00:00:00,0.0,0.0,0.0,0.0,-6.6,81,5.5,322,1030.2,0,0,0,0,0.0,0.0,41.824,-71.4128,2024,12,27,0
2024-12-27 01:00:00,0.0,0.0,0.0,0.0,-7.0,80,5.2,316,1029.7,0,0,0,0,0.0,0.0,41.824,-71.4128,2024,12,27,1
2024-12-27 02:00:00,0.0,0.0,0.0,0.0,-7.3,82,5.5,322,1029.6,0,0,0,0,0.0,0.0,41.824,-71.4128,2024,12,27,2
2024-12-27 03:00:00,0.0,0.0,0.0,0.0,-7.5,84,5.4,318,1029.8,0,0,0,0,0.0,0.0,41.824,-71.4128,2024,12,27,3
2024-12-27 04:00:00,0.0,0.0,0.0,0.0,-8.0,86,5.2,314,1029.8,0,0,0,0,0.0,0.0,41.824,-71.4128,2024,12,27,4
2024-12-27 05:00:00,0.0,0.0,0.0,0.0,-8.2,86,5.5,306,1029.8,0,0,0,0,0.0,0.0,41.824,-71.4128,2024,12,27,5
2024-12-27 06:00:00,0.0,0.0,0.0,0.0,-8.6,85,5.5,311,1030.1,0,0,0,0,0.0,0.0,41.824,-71.4128,2024,12,27,6
2024-12-27 07:00:00,0.0,0.0,0.0,0.0,-9.2,86,4.8,307,1030.3,0,0,0,0,0.0,0.0,41.824,-71.4128,2024,12,27,7
2024-12-27 08:00:00,0.0,0.0,0.0,0.0,-10.0,88,4.1,299,1030.4,0,0,0,0,0.0,0.0,41.824,-71.4128,2024,12,27,8
2024-12-27 09:00:00,27.0,15.0,12.0,207.1,-10.1,88,4.2,290,1030.6,0,0,0,0,0.0,2534.61,41.824,-71.4128,2024,12,27,9
2024-12-27 10:00:00,158.0,112.0,46.0,617.3,-5.8,76,1.7,283,1030.7,0,0,0,0,0.0,3600.0,41.824,-71.4128,2024,12,27,10
2024-12-27 11:00:00,296.0,232.0,64.0,773.2,-1.7,68,1.2,243,1030.7,0,0,0,0,0.0,3600.0,41.824,-71.4128,2024,12,27,11
2024-12-27 12:00:00,395.0,322.0,73.0,846.7,0.8,65,2.1,218,1029.9,0,0,0,0,0.0,3600.0,41.824,-71.4128,2024,12,27,12
2024-12-27 13:00:00,441.0,364.0,77.0,873.5,1.9,58,2.8,207,1029.0,54,0,0,54,0.0,3600.0,41.824,-71.4128,2024,12,27,13
2024-12-27 14:00:00,426.0,349.0,77.0,858.0,2.7,52,3.6,189,1028.0,83,0,0,83,0.0,3600.0,41.824,-71.4128,2024,12,27,14
2024-12-27 15:00:00,356.0,284.0,72.0,808.7,2.7,52,4.3,178,1027.4,100,0,0,100,0.0,3600.0,41.824,-71.4128,2024,12,27,15
2024-12-27 16:00:00,220.0,131.0,89.0,516.3,1.1,64,5.1,153,1027.1,100,0,0,100,0.0,3600.0,41.824,-71.4128,2024,12,27,16
2024-12-27 17:00:00,82.0,32.0,50.0,264.4,-1.3,73,5.7,156,1027.1,97,0,0,97,0.0,3600.0,41.824,-71.4128,2024,12,27,17
2024-12-27 18:00:00,3.0,1.0,2.0,19.1,-2.0,73,4.3,197,1027.1,100,0,0,100,0.0,0.0,41.824,-71.4128,2024,12,27,18
2024-12-27 19:00:00,0.0,0.0,0.0,0.0,-2.1,68,6.8,230,1027.4,100,0,0,100,0.0,0.0,41.824,-71.4128,2024,12,27,19
2024-12-27 20:00:00,0.0,0.0,0.0,0.0,-1.6,68,8.2,247,1028.0,99,0,0,99,0.0,0.0,41.824,-71.4128,2024,12,27,20
2024-12-27 21:00:00,0.0,0.0,0.0,0.0,-1.6,73,7.0,249,1027.5,99,0,0,99,0.0,0.0,41.824,-71.4128,2024,12,27,21
2024-12-27 22:00:00,0.0,0.0,0.0,0.0,-1.8,72,7.3,247,1027.3,97,0,0,97,0.0,0.0,41.824,-71.4128,2024,12,27,22
2024-12-27 23:00:00,0.0,0.0,0.0,0.0,-1.7,74,7.4,241,1027.1,100,0,0,100,0.0,0.0,41.824,-71.4128,2024,12,27,23
2024-12-28 00:00:00,0.0,0.0,0.0,0.0,-1.1,80,9.3,241,1026.8,97,0,0,97,0.0,0.0,41.824,-71.4128,2024,12,28,0
2024-12-28 01:00:00,0.0,0.0,0.0,0.0,-0.6,84,7.8,233,1026.2,100,0,0,100,0.0,0.0,41.824,-71.4128,2024,12,28,1
2024-12-28 02:00:00,0.0,0.0,0.0,0.0,0.2,86,8.2,230,1026.1,100,0,2,100,0.0,0.0,41.824,-71.4128,2024,12,28,2
2024-12-28 03:00:00,0.0,0.0,0.0,0.0,-0.4,89,6.8,220,1026.0,87,0,11,85,0.0,0.0,41.824,-71.4128,2024,12,28,3
2024-12-28 04:00:00,0.0,0.0,0.0,0.0,-0.2,90,7.8,233,1026.0,100,0,89,100,0.0,0.0,41.824,-71.4128,2024,12,28,4
2024-12-28 05:00:00,0.0,0.0,0.0,0.0,1.3,90,8.3,224,1025.6,100,4,60,100,0.0,0.0,41.824,-71.4128,2024,12,28,5
2024-12-28 06:00:00,0.0,0.0,0.0,0.0,1.6,90,7.4,225,1025.3,100,18,100,100,0.0,0.0,41.824,-71.4128,2024,12,28,6
2024-12-28 07:00:00,0.0,0.0,0.0,0.0,2.1,90,8.6,219,1025.2,100,26,100,97,0.0,0.0,41.824,-71.4128,2024,12,28,7
2024-12-28 08:00:00,0.0,0.0,0.0,0.0,2.3,91,7.6,211,1025.1,100,100,100,100,0.2,0.0,41.824,-71.4128,2024,12,28,8
2024-12-28 09:00:00,3.0,0.0,3.0,0.0,2.3,93,9.6,203,1025.0,100,100,100,100,0.3,0.0,41.824,-71.4128,2024,12,28,9
2024-12-28 10:00:00,33.0,0.0,33.0,0.0,3.1,93,10.3,203,1025.3,100,58,100,95,0.1,0.0,41.824,-71.4128,2024,12,28,10
2024-12-28 11:00:00,52.0,0.0,52.0,0.0,3.3,96,7.8,203,1025.4,100,100,100,50,0.4,0.0,41.824,-71.4128,2024,12,28,11
2024-12-28 12:00:00,47.0,0.0,47.0,0.0,3.6,97,7.7,204,1025.0,100,100,100,52,0.2,0.0,41.824,-71.4128,2024,12,28,12
2024-12-28 13:00:00,55.0,0.0,55.0,0.0,4.0,98,7.0,206,1024.1,100,100,100,3,0.1,0.0,41.824,-71.4128,2024,12,28,13
2024-12-28 14:00:00,40.0,0.0,40.0,0.0,4.2,98,7.7,196,1023.6,100,100,100,32,0.2,0.0,41.824,-71.4128,2024,12,28,14
2024-12-28 15:00:00,79.0,0.0,79.0,0.0,4.8,98,7.8,189,1022.8,100,90,53,98,0.0,0.0,41.824,-71.4128,2024,12,28,15
2024-12-28 16:00:00,104.0,12.0,92.0,47.0,5.4,99,7.1,199,1022.7,100,100,35,99,0.0,0.0,41.824,-71.4128,2024,12,28,16
2024-12-28 17:00:00,32.0,0.0,32.0,0.0,4.7,100,7.1,216,1022.4,100,100,15,100,0.0,0.0,41.824,-71.4128,2024,12,28,17
2024-12-28 18:00:00,2.0,0.0,2.0,0.0,4.6,100,7.8,230,1022.4,100,100,91,100,0.0,0.0,41.824,-71.4128,2024,12,28,18
2024-12-28 19:00:00,0.0,0.0,0.0,0.0,5.2,99,9.1,232,1022.5,100,100,2,100,0.0,0.0,41.824,-71.4128,2024,12,28,19
2024-12-28 20:00:00,0.0,0.0,0.0,0.0,5.1,99,9.6,236,1022.7,100,100,1,100,0.0,0.0,41.824,-71.4128,2024,12,28,20
2024-12-28 21:00:00,0.0,0.0,0.0,0.0,5.2,100,8.3,231,1022.1,100,100,100,100,0.0,0.0,41.824,-71.4128,2024,12,28,21
2024-12-28 22:00:00,0.0,0.0,0.0,0.0,6.0,99,10.1,235,1021.7,100,55,100,100,0.3,0.0,41.824,-71.4128,2024,12,28,22
2024-12-28 23:00:00,0.0,0.0,0.0,0.0,6.5,98,10.5,243,1022.1,100,100,100,100,0.5,0.0,41.824,-71.4128,2024,12,28,23
2024-12-29 00:00:00,0.0,0.0,0.0,0.0,6.8,98,10.7,226,1021.9,100,89,100,100,0.1,0.0,41.824,-71.4128,2024,12,29,0
2024-12-29 01:00:00,0.0,0.0,0.0,0.0,7.0,98,12.2,241,1021.3,100,100,100,100,0.0,0.0,41.824,-71.4128,2024,12,29,1
2024-12-29 02:00:00,0.0,0.0,0.0,0.0,7.5,98,13.8,243,1021.2,100,100,81,100,0.1,0.0,41.824,-71.4128,2024,12,29,2
2024-12-29 03:00:00,0.0,0.0,0.0,0.0,7.6,98,12.9,249,1021.5,100,100,3,100,0.0,0.0,41.824,-71.4128,2024,12,29,3
2024-12-29 04:00:00,0.0,0.0,0.0,0.0,7.3,98,10.7,257,1021.7,100,100,0,100,0.0,0.0,41.824,-71.4128,2024,12,29,4
2024-12-29 05:00:00,0.0,0.0,0.0,0.0,7.0,98,8.5,265,1021.5,100,78,0,98,0.0,0.0,41.824,-71.4128,2024,12,29,5
2024-12-29 06:00:00,0.0,0.0,0.0,0.0,5.4,99,5.8,263,1021.3,98,34,0,97,0.0,0.0,41.824,-71.4128,2024,12,29,6
2024-12-29 07:00:00,0.0,0.0,0.0,0.0,4.8,100,4.0,252,1021.6,100,100,3,98,0.0,0.0,41.824,-71.4128,2024,12,29,7
2024-12-29 08:00:00,0.0,0.0,0.0,0.0,4.9,100,3.7,215,1021.6,100,100,32,96,0.0,0.0,41.824,-71.4128,2024,12,29,8
2024-12-29 09:00:00,6.0,0.0,6.0,0.0,4.8,100,4.7,203,1021.2,100,100,73,100,0.0,0.0,41.824,-71.4128,2024,12,29,9
2024-12-29 10:00:00,35.0,0.0,35.0,0.0,5.5,100,4.8,207,1021.2,100,100,17,100,0.0,0.0,41.824,-71.4128,2024,12,29,10
2024-12-29 11:00:00,53.0,0.0,53.0,0.0,6.2,100,5.6,207,1021.1,100,100,100,80,0.0,0.0,41.824,-71.4128,2024,12,29,11
2024-12-29 12:00:00,44.0,0.0,44.0,0.0,6.6,100,6.8,177,1020.1,100,100,100,90,0.1,0.0,41.824,-71.4128,2024,12,29,12
2024-12-29 13:00:00,69.0,0.0,69.0,0.0,8.0,99,9.5,179,1018.9,100,100,100,94,0.1,0.0,41.824,-71.4128,2024,12,29,13
2024-12-29 14:00:00,64.0,0.0,64.0,0.0,9.6,98,9.7,190,1017.9,100,69,36,99,0.0,0.0,41.824,-71.4128,2024,12,29,14
2024-12-29 15:00:00,244.0,99.0,145.0,279.5,12.7,93,12.8,189,1017.2,99,65,12,95,0.0,3600.0,41.824,-71.4128,2024,12,29,15
2024-12-29 16:00:00,181.0,101.0,80.0,392.4,12.7,93,12.7,191,1016.7,99,11,10,99,0.0,3600.0,41.824,-71.4128,2024,12,29,16
2024-12-29 17:00:00,72.0,33.0,39.0,263.8,11.7,94,13.8,195,1016.2,96,22,3,95,0.0,3600.0,41.824,-71.4128,2024,12,29,17
2024-12-29 18:00:00,3.0,1.0,2.0,19.1,10.0,96,13.9,193,1015.8,100,3,0,100,0.0,0.0,41.824,-71.4128,2024,12,29,18
2024-12-29 19:00:00,0.0,0.0,0.0,0.0,9.0,97,12.5,186,1015.6,89,7,9,87,0.0,0.0,41.824,-71.4128,2024,12,29,19
2024-12-29 20:00:00,0.0,0.0,0.0,0.0,8.5,97,12.4,181,1014.9,79,5,0,78,0.0,0.0,41.824,-71.4128,2024,12,29,20
2024-12-29 21:00:00,0.0,0.0,0.0,0.0,8.4,97,13.3,177,1014.4,70,20,0,62,0.0,0.0,41.824,-71.4128,2024,12,29,21
2024-12-29 22:00:00,0.0,0.0,0.0,0.0,8.2,98,13.8,174,1013.6,55,37,0,29,0.0,0.0,41.824,-71.4128,2024,12,29,22
2024-12-29 23:00:00,0.0,0.0,0.0,0.0,8.4,97,14.7,174,1012.8,98,84,5,85,0.0,0.0,41.824,-71.4128,2024,12,29,23
2024-12-30 00:00:00,0.0,0.0,0.0,0.0,9.4,96,19.7,168,1011.9,87,73,0,53,0.0,0.0,41.824,-71.4128,2024,12,30,0
2024-12-30 01:00:00,0.0,0.0,0.0,0.0,9.6,96,20.9,172,1010.8,100,100,100,73,0.0,0.0,41.824,-71.4128,2024,12,30,1
2024-12-30 02:00:00,0.0,0.0,0.0,0.0,9.7,96,17.4,159,1009.6,100,34,100,99,0.0,0.0,41.824,-71.4128,2024,12,30,2
2024-12-30 03:00:00,0.0,0.0,0.0,0.0,9.9,96,17.2,170,1009.0,100,87,100,75,0.0,0.0,41.824,-71.4128,2024,12,30,3
2024-12-30 04:00:00,0.0,0.0,0.0,0.0,10.2,97,20.7,166,1008.1,100,30,100,100,0.1,0.0,41.824,-71.4128,2024,12,30,4
2024-12-30 05:00:00,0.0,0.0,0.0,0.0,10.3,97,21.5,164,1006.8,100,27,100,100,0.4,0.0,41.824,-71.4128,2024,12,30,5
2024-12-30 06:00:00,0.0,0.0,0.0,0.0,10.3,97,21.1,163,1005.8,100,81,100,100,0.7,0.0,41.824,-71.4128,2024,12,30,6
2024-12-30 07:00:00,0.0,0.0,0.0,0.0,10.8,97,24.8,164,1004.6,100,99,100,100,3.9,0.0,41.824,-71.4128,2024,12,30,7
2024-12-30 08:00:00,0.0,0.0,0.0,0.0,11.0,97,21.0,185,1004.2,100,100,100,100,6.5,0.0,41.824,-71.4128,2024,12,30,8
2024-12-30 09:00:00,1.0,0.0,1.0,0.0,11.6,96,26.5,176,1002.9,100,100,100,100,5.4,0.0,41.824,-71.4128,2024,12,30,9
2024-12-30 10:00:00,9.0,0.0,9.0,0.0,11.4,98,19.4,173,1002.5,100,100,100,100,3.4,0.0,41.824,-71.4128,2024,12,30,10
2024-12-30 11:00:00,18.0,0.0,18.0,0.0,10.8,99,16.0,171,1001.6,100,100,34,97,1.8,0.0,41.824,-71.4128,2024,12,30,11
2024-12-30 12:00:00,59.0,0.0,59.0,0.0,11.1,99,14.3,186,1000.6,100,100,34,76,0.4,0.0,41.824,-71.4128,2024,12,30,12
2024-12-30 13:00:00,109.0,5.0,104.0,11.9,12.0,97,17.2,217,1000.0,100,100,38,35,0.1,0.0,41.824,-71.4128,2024,12,30,13
2024-12-30 14:00:00,131.0,3.0,128.0,7.3,12.4,91,14.0,224,999.5,13,13,1,0,0.0,0.0,41.824,-71.4128,2024,12,30,14
2024-12-30 15:00:00,309.0,231.0,78.0,649.0,13.5,80,13.1,223,999.7,2,2,0,0,0.0,3600.0,41.824,-71.4128,2024,12,30,15
2024-12-30 16:00:00,220.0,166.0,54.0,640.1,13.4,75,12.2,225,1000.0,1,1,0,0,0.0,3600.0,41.824,-71.4128,2024,12,30,16
2024-12-30 17:00:00,90.0,59.0,31.0,463.6,11.6,79,10.2,233,1001.1,30,30,0,0,0.0,3600.0,41.824,-71.4128,2024,12,30,17
2024-12-30 18:00:00,4.0,1.0,3.0,19.1,9.7,79,12.5,258,1002.5,1,1,0,0,0.0,0.0,41.824,-71.4128,2024,12,30,18
2024-12-30 19:00:00,0.0,0.0,0.0,0.0,8.5,66,14.5,250,1003.6,0,0,0,0,0.0,0.0,41.824,-71.4128,2024,12,30,19
2024-12-30 20:00:00,0.0,0.0,0.0,0.0,7.1,73,13.0,242,1004.8,0,0,0,0,0.0,0.0,41.824,-71.4128,2024,12,30,20
2024-12-30 21:00:00,0.0,0.0,0.0,0.0,6.6,76,12.2,236,1005.7,3,3,0,0,0.0,0.0,41.824,-71.4128,2024,12,30,21
2024-12-30 22:00:00,0.0,0.0,0.0,0.0,6.3,72,13.8,235,1006.2,27,27,1,0,0.0,0.0,41.824,-71.4128,2024,12,30,22
2024-12-30 23:00:00,0.0,0.0,0.0,0.0,6.7,67,14.8,230,1006.6,11,10,3,0,0.0,0.0,41.824,-71.4128,2024,12,30,23
2024-12-31 00:00:00,0.0,0.0,0.0,0.0,6.8,67,14.4,236,1007.0,1,0,1,0,0.0,0.0,41.824,-71.4128,2024,12,31,0
2024-12-31 01:00:00,0.0,0.0,0.0,0.0,6.2,70,14.2,240,1007.2,18,0,4,14,0.0,0.0,41.824,-71.4128,2024,12,31,1
2024-12-31 02:00:00,0.0,0.0,0.0,0.0,5.6,72,14.4,247,1007.7,10,0,0,9,0.0,0.0,41.824,-71.4128,2024,12,31,2
2024-12-31 03:00:00,0.0,0.0,0.0,0.0,5.0,75,14.6,254,1008.4,3,0,0,3,0.0,0.0,41.824,-71.4128,2024,12,31,3
2024-12-31 04:00:00,0.0,0.0,0.0,0.0,4.4,78,14.2,258,1008.8,0,0,0,0,0.0,0.0,41.824,-71.4128,2024,12,31,4
2024-12-31 05:00:00,0.0,0.0,0.0,0.0,3.6,82,12.8,254,1009.0,0,0,0,0,0.0,0.0,41.824,-71.4128,2024,12,31,5
2024-12-31 06:00:00,0.0,0.0,0.0,0.0,2.9,86,12.2,248,1009.5,0,0,0,0,0.0,0.0,41.824,-71.4128,2024,12,31,6
2024-12-31 07:00:00,0.0,0.0,0.0,0.0,2.4,88,11.9,250,1010.3,0,0,0,0,0.0,0.0,41.824,-71.4128,2024,12,31,7
2024-12-31 08:00:00,0.0,0.0,0.0,0.0,2.0,89,11.7,256,1011.5,0,0,0,0,0.0,0.0,41.824,-71.4128,2024,12,31,8
2024-12-31 09:00:00,24.0,13.0,11.0,181.3,2.6,83,11.6,266,1011.9,94,0,0,94,0.0,2485.26,41.824,-71.4128,2024,12,31,9
2024-12-31 10:00:00,143.0,95.0,48.0,526.3,4.3,79,9.8,262,1012.3,87,0,0,87,0.0,3600.0,41.824,-71.4128,2024,12,31,10
2024-12-31 11:00:00,249.0,150.0,99.0,499.1,6.2,73,4.6,225,1012.7,81,0,0,81,0.0,3600.0,41.824,-71.4128,2024,12,31,11
2024-12-31 12:00:00,336.0,218.0,118.0,570.2,8.1,68,4.2,211,1012.2,3,0,0,3,0.0,3600.0,41.824,-71.4128,2024,12,31,12
2024-12-31 13:00:00,419.0,353.0,66.0,839.8,9.4,59,4.7,212,1011.4,0,0,0,0,0.0,3600.0,41.824,-71.4128,2024,12,31,13
2024-12-31 14:00:00,407.0,341.0,66.0,827.8,9.9,60,5.8,166,1010.6,0,0,0,0,0.0,3600.0,41.824,-71.4128,2024,12,31,14
2024-12-31 15:00:00,342.0,281.0,61.0,785.5,9.4,64,8.8,147,1010.3,9,0,8,6,0.0,3600.0,41.824,-71.4128,2024,12,31,15
2024-12-31 16:00:00,225.0,168.0,57.0,642.7,8.1,69,10.1,140,1010.3,22,0,19,7,0.0,3600.0,41.824,-71.4128,2024,12,31,16
2024-12-31 17:00:00,89.0,50.0,39.0,386.0,6.1,78,9.4,142,1010.5,86,0,84,14,0.0,3600.0,41.824,-71.4128,2024,12,31,17
2024-12-31 18:00:00,4.0,0.0,4.0,0.0,4.9,84,9.5,155,1010.8,88,0,87,50,0.0,0.0,41.824,-71.4128,2024,12,31,18
2024-12-31 19:00:00,0.0,0.0,0.0,0.0,4.2,88,7.9,163,1010.9,72,0,72,0,0.0,0.0,41.824,-71.4128,2024,12,31,19
2024-12-31 20:00:00,0.0,0.0,0.0,0.0,3.3,92,5.1,135,1010.4,100,0,92,95,0.0,0.0,41.824,-71.4128,2024,12,31,20
2024-12-31 21:00:00,0.0,0.0,0.0,0.0,3.8,89,6.1,87,1009.6,18,0,13,6,0.0,0.0,41.824,-71.4128,2024,12,31,21
2024-12-31 22:00:00,0.0,0.0,0.0,0.0,3.1,91,7.7,81,1008.6,99,0,0,99,0.0,0.0,41.824,-71.4128,2024,12,31,22
2024-12-31 23:00:00,0.0,0.0,0.0,0.0,3.1,91,10.7,76,1007.3,73,0,2,73,0.0,0.0,41.824,-71.4128,2024,12,31,23
